<?xml version="1.0" encoding="UTF-8"?>
<kml xmlns="http://www.opengis.net/kml/2.2">
<Document>
  <Style id="PV-2">
  <IconStyle>
      <Icon><href>http://maps.gstatic.com/mapfiles/ridefinder-images/mm_20_yellow.png</href><scale>1.0</scale></Icon>
    </IconStyle>
  </Style>
  <Style id="Steam">
  <IconStyle>
      <Icon><href>http://maps.gstatic.com/mapfiles/ridefinder-images/mm_20_black.png</href><scale>1.0</scale></Icon>
    </IconStyle>
  </Style>
  <Style id="Gas">
  <IconStyle>
      <Icon><href>http://maps.gstatic.com/mapfiles/ridefinder-images/mm_20_red.png</href><scale>1.0</scale></Icon>
    </IconStyle>
  </Style>
  <Style id="Hydro-3">
  <IconStyle>
      <Icon><href>http://maps.gstatic.com/mapfiles/ridefinder-images/mm_20_blue.png</href><scale>1.0</scale></Icon>
    </IconStyle>
  </Style>
  <Style id="Wind-2">
  <IconStyle>
      <Icon><href>http://maps.gstatic.com/mapfiles/ridefinder-images/mm_20_green.png</href><scale>1.0</scale></Icon>
    </IconStyle>
  </Style>
  <Style id="Biomass">
  <IconStyle>
      <Icon><href>http://maps.gstatic.com/mapfiles/ridefinder-images/mm_20_brown.png</href><scale>1.0</scale></Icon>
    </IconStyle>
  </Style>
  <Style id="Nuclear">
  <IconStyle>
      <Icon><href>http://maps.gstatic.com/mapfiles/ridefinder-images/mm_20_purple.png</href><scale>1.0</scale></Icon>
    </IconStyle>
  </Style>
  <Style id="Geothermal">
  <IconStyle>
      <Icon><href>http://maps.gstatic.com/mapfiles/ridefinder-images/mm_20_white.png</href><scale>1.0</scale></Icon>
    </IconStyle>
  </Style>
  <Folder>
    <name>Biomass</name>
    <Placemark>
      <name>6101-CT</name>
      <description>Northwest Regional (3.2 MW)</description>
      <styleUrl>#Biomass</styleUrl>
      <Point><coordinates>-112.476666,33.681944,0</coordinates></Point>
    </Placemark>
    <Placemark>
      <name>6101-CT</name>
      <description>Novo BioPower Plant (27.2 MW)</description>
      <styleUrl>#Biomass</styleUrl>
      <Point><coordinates>-110.334953,34.503158,0</coordinates></Point>
    </Placemark>
    <Placemark>
      <name>6101-CT</name>
      <description>Western Renewable Energy (3.0 MW)</description>
      <styleUrl>#Biomass</styleUrl>
      <Point><coordinates>-109.289979,34.093006,0</coordinates></Point>
    </Placemark>
    <Placemark>
      <name>3903-CT</name>
      <description>ABEC #2 dba West-Star Dairy (1.0 MW)</description>
      <styleUrl>#Biomass</styleUrl>
      <Point><coordinates>-119.432866,35.472113,0</coordinates></Point>
    </Placemark>
    <Placemark>
      <name>3903-CT</name>
      <description>ABEC #3 dba Lakeview Dairy (1.0 MW)</description>
      <styleUrl>#Biomass</styleUrl>
      <Point><coordinates>-119.202974,35.21426,0</coordinates></Point>
    </Placemark>
    <Placemark>
      <name>3903-CT</name>
      <description>ABEC #4 dba CE&amp;S Dairy (1.0 MW)</description>
      <styleUrl>#Biomass</styleUrl>
      <Point><coordinates>-119.116384,35.17306,0</coordinates></Point>
    </Placemark>
    <Placemark>
      <name>3903-CT</name>
      <description>ABEC Bidart-Old River LLC (2.0 MW)</description>
      <styleUrl>#Biomass</styleUrl>
      <Point><coordinates>-119.105556,35.169722,0</coordinates></Point>
    </Placemark>
    <Placemark>
      <name>3903-CT</name>
      <description>Abel Road Bioenergy (4.0 MW)</description>
      <styleUrl>#Biomass</styleUrl>
      <Point><coordinates>-122.118591,39.145608,0</coordinates></Point>
    </Placemark>
    <Placemark>
      <name>3903-CT</name>
      <description>Altamont Gas Recovery (6.0 MW)</description>
      <styleUrl>#Biomass</styleUrl>
      <Point><coordinates>-121.649866,37.749308,0</coordinates></Point>
    </Placemark>
    <Placemark>
      <name>3906-CT</name>
      <description>Ameresco Butte County (2.3 MW)</description>
      <styleUrl>#Biomass</styleUrl>
      <Point><coordinates>-121.73,39.674,0</coordinates></Point>
    </Placemark>
    <Placemark>
      <name>3903-CT</name>
      <description>Ameresco Chiquita Canyon (9.2 MW)</description>
      <styleUrl>#Biomass</styleUrl>
      <Point><coordinates>-118.642855,34.431664,0</coordinates></Point>
    </Placemark>
    <Placemark>
      <name>3903-CT</name>
      <description>Ameresco Forward (4.4 MW)</description>
      <styleUrl>#Biomass</styleUrl>
      <Point><coordinates>-121.185104,37.883406,0</coordinates></Point>
    </Placemark>
    <Placemark>
      <name>3903-CT</name>
      <description>Ameresco Johnson Canyon (1.4 MW)</description>
      <styleUrl>#Biomass</styleUrl>
      <Point><coordinates>-121.408611,36.534167,0</coordinates></Point>
    </Placemark>
    <Placemark>
      <name>3903-CT</name>
      <description>Ameresco Keller Canyon (3.8 MW)</description>
      <styleUrl>#Biomass</styleUrl>
      <Point><coordinates>-121.934491,38.003928,0</coordinates></Point>
    </Placemark>
    <Placemark>
      <name>3903-CT</name>
      <description>Ameresco Ox Mountain (11.4 MW)</description>
      <styleUrl>#Biomass</styleUrl>
      <Point><coordinates>-122.4,37.5,0</coordinates></Point>
    </Placemark>
    <Placemark>
      <name>3903-CT</name>
      <description>Ameresco San Joaquin (4.4 MW)</description>
      <styleUrl>#Biomass</styleUrl>
      <Point><coordinates>-120.929722,38.029722,0</coordinates></Point>
    </Placemark>
    <Placemark>
      <name>3903-CT</name>
      <description>Ameresco Santa Cruz Energy (3.0 MW)</description>
      <styleUrl>#Biomass</styleUrl>
      <Point><coordinates>-121.8156,36.9178,0</coordinates></Point>
    </Placemark>
    <Placemark>
      <name>3903-CT</name>
      <description>Ameresco Vasco Road (4.4 MW)</description>
      <styleUrl>#Biomass</styleUrl>
      <Point><coordinates>-121.728889,37.754444,0</coordinates></Point>
    </Placemark>
    <Placemark>
      <name>3903-CT</name>
      <description>Ampersand Chowchilla Biomass LLC (12.5 MW)</description>
      <styleUrl>#Biomass</styleUrl>
      <Point><coordinates>-120.248504,37.106668,0</coordinates></Point>
    </Placemark>
    <Placemark>
      <name>3903-CT</name>
      <description>Apple Campus 2 Fuel Cell (4.0 MW)</description>
      <styleUrl>#Biomass</styleUrl>
      <Point><coordinates>-122.01,37.33,0</coordinates></Point>
    </Placemark>
    <Placemark>
      <name>3906-CT</name>
      <description>Big Valley Power LLC (9.3 MW)</description>
      <styleUrl>#Biomass</styleUrl>
      <Point><coordinates>-121.137222,41.1325,0</coordinates></Point>
    </Placemark>
    <Placemark>
      <name>3601-CT</name>
      <description>Blue Lake Power LLC (13.8 MW)</description>
      <styleUrl>#Biomass</styleUrl>
      <Point><coordinates>-123.9942,40.8786,0</coordinates></Point>
    </Placemark>
    <Placemark>
      <name>3903-CT</name>
      <description>Bowerman Power LFG, LLC (23.8 MW)</description>
      <styleUrl>#Biomass</styleUrl>
      <Point><coordinates>-117.702222,33.718889,0</coordinates></Point>
    </Placemark>
    <Placemark>
      <name>3903-CT</name>
      <description>Brea Expansion Plant (35.7 MW)</description>
      <styleUrl>#Biomass</styleUrl>
      <Point><coordinates>-117.840233,33.932022,0</coordinates></Point>
    </Placemark>
    <Placemark>
      <name>3906-CT</name>
      <description>Burney Forest Products (31.0 MW)</description>
      <styleUrl>#Biomass</styleUrl>
      <Point><coordinates>-121.720342,40.879719,0</coordinates></Point>
    </Placemark>
    <Placemark>
      <name>3903-CT</name>
      <description>Calabasas Gas to Energy Facility (9.2 MW)</description>
      <styleUrl>#Biomass</styleUrl>
      <Point><coordinates>-118.7236,34.1511,0</coordinates></Point>
    </Placemark>
    <Placemark>
      <name>3903-CT</name>
      <description>Central Valley Ag Power (1.5 MW)</description>
      <styleUrl>#Biomass</styleUrl>
      <Point><coordinates>-120.898611,37.719722,0</coordinates></Point>
    </Placemark>
    <Placemark>
      <name>3903-CT</name>
      <description>City of Hayward WWTP (2.7 MW)</description>
      <styleUrl>#Biomass</styleUrl>
      <Point><coordinates>-122.139717,37.633526,0</coordinates></Point>
    </Placemark>
    <Placemark>
      <name>3903-CT</name>
      <description>City of Tulare Water Facility (9.2 MW)</description>
      <styleUrl>#Biomass</styleUrl>
      <Point><coordinates>-119.375,36.185,0</coordinates></Point>
    </Placemark>
    <Placemark>
      <name>3903-CT</name>
      <description>Cold Canyon 1 (1.5 MW)</description>
      <styleUrl>#Biomass</styleUrl>
      <Point><coordinates>-120.599444,35.186667,0</coordinates></Point>
    </Placemark>
    <Placemark>
      <name>3906-CT</name>
      <description>Collins Pine Project (5.0 MW)</description>
      <styleUrl>#Biomass</styleUrl>
      <Point><coordinates>-121.244431,40.303422,0</coordinates></Point>
    </Placemark>
    <Placemark>
      <name>3903-CT</name>
      <description>Covanta Delano Energy (57.0 MW)</description>
      <styleUrl>#Biomass</styleUrl>
      <Point><coordinates>-119.2337,35.7144,0</coordinates></Point>
    </Placemark>
    <Placemark>
      <name>3903-CT</name>
      <description>Covanta Mendota (28.0 MW)</description>
      <styleUrl>#Biomass</styleUrl>
      <Point><coordinates>-120.365422,36.755896,0</coordinates></Point>
    </Placemark>
    <Placemark>
      <name>3903-CT</name>
      <description>Covanta Stanislaus Energy (24.0 MW)</description>
      <styleUrl>#Biomass</styleUrl>
      <Point><coordinates>-121.141,37.3853,0</coordinates></Point>
    </Placemark>
    <Placemark>
      <name>3903-CT</name>
      <description>Desert View Power (55.5 MW)</description>
      <styleUrl>#Biomass</styleUrl>
      <Point><coordinates>-116.0873,33.586,0</coordinates></Point>
    </Placemark>
    <Placemark>
      <name>3903-CT</name>
      <description>Diamond H Dairy Power (2.0 MW)</description>
      <styleUrl>#Biomass</styleUrl>
      <Point><coordinates>-120.37279,37.01618,0</coordinates></Point>
    </Placemark>
    <Placemark>
      <name>3903-CT</name>
      <description>Dinuba Energy (11.5 MW)</description>
      <styleUrl>#Biomass</styleUrl>
      <Point><coordinates>-119.419176,36.571485,0</coordinates></Point>
    </Placemark>
    <Placemark>
      <name>3903-CT</name>
      <description>DTE Stockton (54.0 MW)</description>
      <styleUrl>#Biomass</styleUrl>
      <Point><coordinates>-121.330433,37.943633,0</coordinates></Point>
    </Placemark>
    <Placemark>
      <name>3903-CT</name>
      <description>El Nido Facility (12.5 MW)</description>
      <styleUrl>#Biomass</styleUrl>
      <Point><coordinates>-120.4903,37.1867,0</coordinates></Point>
    </Placemark>
    <Placemark>
      <name>3903-CT</name>
      <description>Encina Water Pollution Control (3.2 MW)</description>
      <styleUrl>#Biomass</styleUrl>
      <Point><coordinates>-117.3215,33.1165,0</coordinates></Point>
    </Placemark>
    <Placemark>
      <name>3903-CT</name>
      <description>G2 Energy Hay Rd (1.6 MW)</description>
      <styleUrl>#Biomass</styleUrl>
      <Point><coordinates>-121.833611,38.314722,0</coordinates></Point>
    </Placemark>
    <Placemark>
      <name>3903-CT</name>
      <description>G2 Energy Ostrom Road LLC (3.5 MW)</description>
      <styleUrl>#Biomass</styleUrl>
      <Point><coordinates>-121.3992,39.0728,0</coordinates></Point>
    </Placemark>
    <Placemark>
      <name>3903-CT</name>
      <description>Gas Utilization Facility (6.1 MW)</description>
      <styleUrl>#Biomass</styleUrl>
      <Point><coordinates>-117.246698,32.679172,0</coordinates></Point>
    </Placemark>
    <Placemark>
      <name>3906-CT</name>
      <description>HL Power (36.2 MW)</description>
      <styleUrl>#Biomass</styleUrl>
      <Point><coordinates>-120.264848,40.368338,0</coordinates></Point>
    </Placemark>
    <Placemark>
      <name>3601-CT</name>
      <description>Humboldt Sawmill Company (32.5 MW)</description>
      <styleUrl>#Biomass</styleUrl>
      <Point><coordinates>-124.1014,40.4728,0</coordinates></Point>
    </Placemark>
    <Placemark>
      <name>3903-CT</name>
      <description>Hyperion Treatment Plant CHP Plant (33.0 MW)</description>
      <styleUrl>#Biomass</styleUrl>
      <Point><coordinates>-118.4298,33.9254,0</coordinates></Point>
    </Placemark>
    <Placemark>
      <name>3903-CT</name>
      <description>J&amp;A-Santa Maria II LLC (1.4 MW)</description>
      <styleUrl>#Biomass</styleUrl>
      <Point><coordinates>-120.3803,34.9494,0</coordinates></Point>
    </Placemark>
    <Placemark>
      <name>3903-CT</name>
      <description>Kiefer Landfill (9.0 MW)</description>
      <styleUrl>#Biomass</styleUrl>
      <Point><coordinates>-121.1944,38.5136,0</coordinates></Point>
    </Placemark>
    <Placemark>
      <name>3903-CT</name>
      <description>Laguna Water Reclamation Facility (4.4 MW)</description>
      <styleUrl>#Biomass</styleUrl>
      <Point><coordinates>-122.765833,38.368889,0</coordinates></Point>
    </Placemark>
    <Placemark>
      <name>3903-CT</name>
      <description>Lincoln Landfill (4.8 MW)</description>
      <styleUrl>#Biomass</styleUrl>
      <Point><coordinates>-121.341944,38.838056,0</coordinates></Point>
    </Placemark>
    <Placemark>
      <name>3903-CT</name>
      <description>Marina Landfill Gas (5.1 MW)</description>
      <styleUrl>#Biomass</styleUrl>
      <Point><coordinates>-121.7686,36.7131,0</coordinates></Point>
    </Placemark>
    <Placemark>
      <name>3903-CT</name>
      <description>Mesquite Lake Energy Park Plant 2 (21.0 MW)</description>
      <styleUrl>#Biomass</styleUrl>
      <Point><coordinates>-115.511949,32.903826,0</coordinates></Point>
    </Placemark>
    <Placemark>
      <name>3903-CT</name>
      <description>Mesquite Lake Water &amp; Power Plant 1 (18.1 MW)</description>
      <styleUrl>#Biomass</styleUrl>
      <Point><coordinates>-115.513747,32.906569,0</coordinates></Point>
    </Placemark>
    <Placemark>
      <name>3903-CT</name>
      <description>MM Lopez Energy (3.0 MW)</description>
      <styleUrl>#Biomass</styleUrl>
      <Point><coordinates>-118.389444,34.2925,0</coordinates></Point>
    </Placemark>
    <Placemark>
      <name>3903-CT</name>
      <description>MM San Diego-Miramar (6.4 MW)</description>
      <styleUrl>#Biomass</styleUrl>
      <Point><coordinates>-117.162747,32.844845,0</coordinates></Point>
    </Placemark>
    <Placemark>
      <name>3903-CT</name>
      <description>MM Tulare Energy (1.8 MW)</description>
      <styleUrl>#Biomass</styleUrl>
      <Point><coordinates>-119.394,36.388,0</coordinates></Point>
    </Placemark>
    <Placemark>
      <name>3903-CT</name>
      <description>MM West Covina (6.8 MW)</description>
      <styleUrl>#Biomass</styleUrl>
      <Point><coordinates>-117.906129,34.033206,0</coordinates></Point>
    </Placemark>
    <Placemark>
      <name>3903-CT</name>
      <description>MM Yolo Power (3.6 MW)</description>
      <styleUrl>#Biomass</styleUrl>
      <Point><coordinates>-121.687518,38.596283,0</coordinates></Point>
    </Placemark>
    <Placemark>
      <name>3903-CT</name>
      <description>Monterey One Water (1.8 MW)</description>
      <styleUrl>#Biomass</styleUrl>
      <Point><coordinates>-121.7714,36.7056,0</coordinates></Point>
    </Placemark>
    <Placemark>
      <name>3903-CT</name>
      <description>Mt Poso Cogeneration (62.0 MW)</description>
      <styleUrl>#Biomass</styleUrl>
      <Point><coordinates>-119.006245,35.576323,0</coordinates></Point>
    </Placemark>
    <Placemark>
      <name>3903-CT</name>
      <description>North City - Landfill Gas Engine North (1.6 MW)</description>
      <styleUrl>#Biomass</styleUrl>
      <Point><coordinates>-117.197788,32.877822,0</coordinates></Point>
    </Placemark>
    <Placemark>
      <name>3903-CT</name>
      <description>North City - Landfill Gas Engines South (3.6 MW)</description>
      <styleUrl>#Biomass</styleUrl>
      <Point><coordinates>-117.1958,32.8817,0</coordinates></Point>
    </Placemark>
    <Placemark>
      <name>3903-CT</name>
      <description>Nove Power Plant (3.0 MW)</description>
      <styleUrl>#Biomass</styleUrl>
      <Point><coordinates>-122.382,37.9676,0</coordinates></Point>
    </Placemark>
    <Placemark>
      <name>3903-CT</name>
      <description>Oxnard Wastewater Treatment Plant (1.5 MW)</description>
      <styleUrl>#Biomass</styleUrl>
      <Point><coordinates>-119.184529,34.140501,0</coordinates></Point>
    </Placemark>
    <Placemark>
      <name>3903-CT</name>
      <description>Pacific-Ultrapower Chinese Station (25.0 MW)</description>
      <styleUrl>#Biomass</styleUrl>
      <Point><coordinates>-120.477556,37.874056,0</coordinates></Point>
    </Placemark>
    <Placemark>
      <name>3903-CT</name>
      <description>Plant No 1 Orange County (7.5 MW)</description>
      <styleUrl>#Biomass</styleUrl>
      <Point><coordinates>-117.9381,33.6942,0</coordinates></Point>
    </Placemark>
    <Placemark>
      <name>3903-CT</name>
      <description>Plant No 2 Orange County (16.0 MW)</description>
      <styleUrl>#Biomass</styleUrl>
      <Point><coordinates>-117.9556,33.6433,0</coordinates></Point>
    </Placemark>
    <Placemark>
      <name>3903-CT</name>
      <description>Potrero Hills Energy Producers (8.0 MW)</description>
      <styleUrl>#Biomass</styleUrl>
      <Point><coordinates>-121.979452,38.216973,0</coordinates></Point>
    </Placemark>
    <Placemark>
      <name>3903-CT</name>
      <description>Power Generation Station (PGS) 2 (4.6 MW)</description>
      <styleUrl>#Biomass</styleUrl>
      <Point><coordinates>-122.296111,37.825833,0</coordinates></Point>
    </Placemark>
    <Placemark>
      <name>3903-CT</name>
      <description>Prima Plant (6.0 MW)</description>
      <styleUrl>#Biomass</styleUrl>
      <Point><coordinates>-117.614587,33.494925,0</coordinates></Point>
    </Placemark>
    <Placemark>
      <name>3903-CT</name>
      <description>Puente Hills Energy Recovery (50.0 MW)</description>
      <styleUrl>#Biomass</styleUrl>
      <Point><coordinates>-118.0241,34.0233,0</coordinates></Point>
    </Placemark>
    <Placemark>
      <name>3903-CT</name>
      <description>Rio Bravo Fresno (28.0 MW)</description>
      <styleUrl>#Biomass</styleUrl>
      <Point><coordinates>-119.723218,36.688915,0</coordinates></Point>
    </Placemark>
    <Placemark>
      <name>3903-CT</name>
      <description>Rio Bravo Rocklin (27.9 MW)</description>
      <styleUrl>#Biomass</styleUrl>
      <Point><coordinates>-121.313652,38.8319,0</coordinates></Point>
    </Placemark>
    <Placemark>
      <name>3903-CT</name>
      <description>Riverside RWQCP Fuel Cell (1.4 MW)</description>
      <styleUrl>#Biomass</styleUrl>
      <Point><coordinates>-117.455897,33.9617,0</coordinates></Point>
    </Placemark>
    <Placemark>
      <name>3906-CT</name>
      <description>Roseburg Forest Products Biomass (13.4 MW)</description>
      <styleUrl>#Biomass</styleUrl>
      <Point><coordinates>-122.376944,41.435556,0</coordinates></Point>
    </Placemark>
    <Placemark>
      <name>3903-CT</name>
      <description>Santa Cruz Energy (1.6 MW)</description>
      <styleUrl>#Biomass</styleUrl>
      <Point><coordinates>-122.105556,36.973333,0</coordinates></Point>
    </Placemark>
    <Placemark>
      <name>3903-CT</name>
      <description>Santa Maria LFG Power Plant (1.1 MW)</description>
      <styleUrl>#Biomass</styleUrl>
      <Point><coordinates>-120.4142,34.9537,0</coordinates></Point>
    </Placemark>
    <Placemark>
      <name>3903-CT</name>
      <description>SB Water Reclamation Fuel Cell (1.4 MW)</description>
      <styleUrl>#Biomass</styleUrl>
      <Point><coordinates>-117.287339,34.075594,0</coordinates></Point>
    </Placemark>
    <Placemark>
      <name>3903-CT</name>
      <description>SF Southeast Cogen Plant (2.1 MW)</description>
      <styleUrl>#Biomass</styleUrl>
      <Point><coordinates>-122.3925,37.739722,0</coordinates></Point>
    </Placemark>
    <Placemark>
      <name>3906-CT</name>
      <description>Sierra Pacific Burney Facility (20.0 MW)</description>
      <styleUrl>#Biomass</styleUrl>
      <Point><coordinates>-121.7016,40.8767,0</coordinates></Point>
    </Placemark>
    <Placemark>
      <name>3903-CT</name>
      <description>Sierra Pacific Lincoln Facility (19.2 MW)</description>
      <styleUrl>#Biomass</styleUrl>
      <Point><coordinates>-121.3097,38.9032,0</coordinates></Point>
    </Placemark>
    <Placemark>
      <name>3906-CT</name>
      <description>Sierra Pacific Quincy Facility (35.2 MW)</description>
      <styleUrl>#Biomass</styleUrl>
      <Point><coordinates>-120.909211,39.941165,0</coordinates></Point>
    </Placemark>
    <Placemark>
      <name>3903-CT</name>
      <description>Sierra Pacific Sonora (7.5 MW)</description>
      <styleUrl>#Biomass</styleUrl>
      <Point><coordinates>-120.317777,37.966389,0</coordinates></Point>
    </Placemark>
    <Placemark>
      <name>3903-CT</name>
      <description>Silicon Valley Clean Water (2.2 MW)</description>
      <styleUrl>#Biomass</styleUrl>
      <Point><coordinates>-122.231119,37.542619,0</coordinates></Point>
    </Placemark>
    <Placemark>
      <name>3903-CT</name>
      <description>Sonoma Central Landfill Phase I (3.2 MW)</description>
      <styleUrl>#Biomass</styleUrl>
      <Point><coordinates>-122.7489,38.3017,0</coordinates></Point>
    </Placemark>
    <Placemark>
      <name>3903-CT</name>
      <description>Sonoma Central Landfill Phase II (3.2 MW)</description>
      <styleUrl>#Biomass</styleUrl>
      <Point><coordinates>-122.7489,38.3017,0</coordinates></Point>
    </Placemark>
    <Placemark>
      <name>3903-CT</name>
      <description>Sonoma Central Landfill Phase III (1.6 MW)</description>
      <styleUrl>#Biomass</styleUrl>
      <Point><coordinates>-122.7489,38.3017,0</coordinates></Point>
    </Placemark>
    <Placemark>
      <name>3903-CT</name>
      <description>Southeast Resource Recovery (35.6 MW)</description>
      <styleUrl>#Biomass</styleUrl>
      <Point><coordinates>-118.239922,33.759236,0</coordinates></Point>
    </Placemark>
    <Placemark>
      <name>3906-CT</name>
      <description>SPI Anderson 2 (30.2 MW)</description>
      <styleUrl>#Biomass</styleUrl>
      <Point><coordinates>-122.324205,40.472283,0</coordinates></Point>
    </Placemark>
    <Placemark>
      <name>3903-CT</name>
      <description>Still Water Power (1.0 MW)</description>
      <styleUrl>#Biomass</styleUrl>
      <Point><coordinates>-119.524252,36.398796,0</coordinates></Point>
    </Placemark>
    <Placemark>
      <name>3903-CT</name>
      <description>Sunshine Gas Producers (23.0 MW)</description>
      <styleUrl>#Biomass</styleUrl>
      <Point><coordinates>-118.519188,34.335678,0</coordinates></Point>
    </Placemark>
    <Placemark>
      <name>3903-CT</name>
      <description>Sycamore Energy LLC (5.4 MW)</description>
      <styleUrl>#Biomass</styleUrl>
      <Point><coordinates>-117.028847,32.857709,0</coordinates></Point>
    </Placemark>
    <Placemark>
      <name>3903-CT</name>
      <description>Tajiguas Resource Recovery Project (2.2 MW)</description>
      <styleUrl>#Biomass</styleUrl>
      <Point><coordinates>-120.123485,34.482175,0</coordinates></Point>
    </Placemark>
    <Placemark>
      <name>3903-CT</name>
      <description>Total Energy Facilities (38.4 MW)</description>
      <styleUrl>#Biomass</styleUrl>
      <Point><coordinates>-118.2836,33.7683,0</coordinates></Point>
    </Placemark>
    <Placemark>
      <name>3903-CT</name>
      <description>Toyon Power Station (1.1 MW)</description>
      <styleUrl>#Biomass</styleUrl>
      <Point><coordinates>-118.30485,34.146253,0</coordinates></Point>
    </Placemark>
    <Placemark>
      <name>3903-CT</name>
      <description>Tulare BioMAT Fuel Cell (2.8 MW)</description>
      <styleUrl>#Biomass</styleUrl>
      <Point><coordinates>-119.375097,36.187138,0</coordinates></Point>
    </Placemark>
    <Placemark>
      <name>3903-CT</name>
      <description>Verwey-Hanford Dairy Digester #1 (1.0 MW)</description>
      <styleUrl>#Biomass</styleUrl>
      <Point><coordinates>-119.681495,36.18519,0</coordinates></Point>
    </Placemark>
    <Placemark>
      <name>3903-CT</name>
      <description>Verwey-Hanford Dairy Digester #2 (1.0 MW)</description>
      <styleUrl>#Biomass</styleUrl>
      <Point><coordinates>-119.681495,36.18519,0</coordinates></Point>
    </Placemark>
    <Placemark>
      <name>3903-CT</name>
      <description>Verwey-Hanford Dairy Digester #3 (1.0 MW)</description>
      <styleUrl>#Biomass</styleUrl>
      <Point><coordinates>-119.681495,36.18519,0</coordinates></Point>
    </Placemark>
    <Placemark>
      <name>3903-CT</name>
      <description>Wadham Energy LP (29.1 MW)</description>
      <styleUrl>#Biomass</styleUrl>
      <Point><coordinates>-122.1096,39.1062,0</coordinates></Point>
    </Placemark>
    <Placemark>
      <name>3903-CT</name>
      <description>Waste Mangement Redwood LFGTE (4.0 MW)</description>
      <styleUrl>#Biomass</styleUrl>
      <Point><coordinates>-122.565,38.160833,0</coordinates></Point>
    </Placemark>
    <Placemark>
      <name>3906-CT</name>
      <description>Wheelabrator Shasta (54.9 MW)</description>
      <styleUrl>#Biomass</styleUrl>
      <Point><coordinates>-122.279248,40.428329,0</coordinates></Point>
    </Placemark>
    <Placemark>
      <name>3903-CT</name>
      <description>Whittier LFG Power Plant #1 (2.2 MW)</description>
      <styleUrl>#Biomass</styleUrl>
      <Point><coordinates>-118.0481,33.9716,0</coordinates></Point>
    </Placemark>
    <Placemark>
      <name>3903-CT</name>
      <description>Woodland Biomass Power Ltd (28.0 MW)</description>
      <styleUrl>#Biomass</styleUrl>
      <Point><coordinates>-121.7371,38.6905,0</coordinates></Point>
    </Placemark>
    <Placemark>
      <name>3903-CT</name>
      <description>WWTP Power Generation Station (6.6 MW)</description>
      <styleUrl>#Biomass</styleUrl>
      <Point><coordinates>-122.2961,37.8258,0</coordinates></Point>
    </Placemark>
    <Placemark>
      <name>3903-CT</name>
      <description>Zero Waste Energy Development Co LLC (1.6 MW)</description>
      <styleUrl>#Biomass</styleUrl>
      <Point><coordinates>-121.95285,37.4325,0</coordinates></Point>
    </Placemark>
    <Placemark>
      <name>6101-CT</name>
      <description>DADS Gas Recovery (3.2 MW)</description>
      <styleUrl>#Biomass</styleUrl>
      <Point><coordinates>-104.7161,39.6522,0</coordinates></Point>
    </Placemark>
    <Placemark>
      <name>6101-CT</name>
      <description>Eagle Valley Clean Energy LLC Biomass (12.6 MW)</description>
      <styleUrl>#Biomass</styleUrl>
      <Point><coordinates>-106.943056,39.648056,0</coordinates></Point>
    </Placemark>
    <Placemark>
      <name>6101-CT</name>
      <description>Front Range Project (3.2 MW)</description>
      <styleUrl>#Biomass</styleUrl>
      <Point><coordinates>-105.004722,40.029444,0</coordinates></Point>
    </Placemark>
    <Placemark>
      <name>6101-CT</name>
      <description>Metro Wastewater Reclamation District (15.0 MW)</description>
      <styleUrl>#Biomass</styleUrl>
      <Point><coordinates>-104.9542,39.8078,0</coordinates></Point>
    </Placemark>
    <Placemark>
      <name>6101-CT</name>
      <description>Bannock County LFG to Energy (3.2 MW)</description>
      <styleUrl>#Biomass</styleUrl>
      <Point><coordinates>-112.365556,42.787778,0</coordinates></Point>
    </Placemark>
    <Placemark>
      <name>6101-CT</name>
      <description>Big Sky Dairy Digester (1.6 MW)</description>
      <styleUrl>#Biomass</styleUrl>
      <Point><coordinates>-114.7914,42.8656,0</coordinates></Point>
    </Placemark>
    <Placemark>
      <name>6101-CT</name>
      <description>Cargill B6 Biofactory (2.2 MW)</description>
      <styleUrl>#Biomass</styleUrl>
      <Point><coordinates>-114.6167,42.7167,0</coordinates></Point>
    </Placemark>
    <Placemark>
      <name>4101-CT</name>
      <description>Clearwater Paper IPP Lewiston (113.8 MW)</description>
      <styleUrl>#Biomass</styleUrl>
      <Point><coordinates>-116.976389,46.423056,0</coordinates></Point>
    </Placemark>
    <Placemark>
      <name>4101-CT</name>
      <description>Fighting Creek LFGTE Plant (3.2 MW)</description>
      <styleUrl>#Biomass</styleUrl>
      <Point><coordinates>-116.93,47.531667,0</coordinates></Point>
    </Placemark>
    <Placemark>
      <name>6101-CT</name>
      <description>Hidden Hollow Energy (3.2 MW)</description>
      <styleUrl>#Biomass</styleUrl>
      <Point><coordinates>-116.271389,43.697222,0</coordinates></Point>
    </Placemark>
    <Placemark>
      <name>6101-CT</name>
      <description>Kettle Butte Digester, LLC (1.8 MW)</description>
      <styleUrl>#Biomass</styleUrl>
      <Point><coordinates>-112.279722,43.631944,0</coordinates></Point>
    </Placemark>
    <Placemark>
      <name>6101-CT</name>
      <description>Milner Butte LFGE (2.6 MW)</description>
      <styleUrl>#Biomass</styleUrl>
      <Point><coordinates>-114.004567,42.466911,0</coordinates></Point>
    </Placemark>
    <Placemark>
      <name>4101-CT</name>
      <description>Plummer Cogen (6.2 MW)</description>
      <styleUrl>#Biomass</styleUrl>
      <Point><coordinates>-116.890352,47.331006,0</coordinates></Point>
    </Placemark>
    <Placemark>
      <name>6101-CT</name>
      <description>Rock Creek Dairy (3.2 MW)</description>
      <styleUrl>#Biomass</styleUrl>
      <Point><coordinates>-114.615,42.500278,0</coordinates></Point>
    </Placemark>
    <Placemark>
      <name>6101-CT</name>
      <description>Tamarack Energy Partnership (6.2 MW)</description>
      <styleUrl>#Biomass</styleUrl>
      <Point><coordinates>-116.387134,44.954853,0</coordinates></Point>
    </Placemark>
    <Placemark>
      <name>4101-CT</name>
      <description>Flathead Landfill to Gas Energy Facility (1.6 MW)</description>
      <styleUrl>#Biomass</styleUrl>
      <Point><coordinates>-114.342137,48.313067,0</coordinates></Point>
    </Placemark>
    <Placemark>
      <name>4101-CT</name>
      <description>Stoltze CoGen1 (2.8 MW)</description>
      <styleUrl>#Biomass</styleUrl>
      <Point><coordinates>-114.2409,48.3877,0</coordinates></Point>
    </Placemark>
    <Placemark>
      <name>6101-CT</name>
      <description>Four Peaks Camino Real (3.2 MW)</description>
      <styleUrl>#Biomass</styleUrl>
      <Point><coordinates>-106.59326,31.811078,0</coordinates></Point>
    </Placemark>
    <Placemark>
      <name>6101-CT</name>
      <description>Republic Services Renewable Energy, LLC (12.0 MW)</description>
      <styleUrl>#Biomass</styleUrl>
      <Point><coordinates>-114.87483,36.35867,0</coordinates></Point>
    </Placemark>
    <Placemark>
      <name>3906-CT</name>
      <description>Waste Management Lockwood LFGTE (3.2 MW)</description>
      <styleUrl>#Biomass</styleUrl>
      <Point><coordinates>-119.620304,39.493315,0</coordinates></Point>
    </Placemark>
    <Placemark>
      <name>3906-CT</name>
      <description>Biomass One LP (40.0 MW)</description>
      <styleUrl>#Biomass</styleUrl>
      <Point><coordinates>-122.849958,42.436111,0</coordinates></Point>
    </Placemark>
    <Placemark>
      <name>3601-CT</name>
      <description>Coffin Butte (5.6 MW)</description>
      <styleUrl>#Biomass</styleUrl>
      <Point><coordinates>-123.2234,44.6969,0</coordinates></Point>
    </Placemark>
    <Placemark>
      <name>3601-CT</name>
      <description>Co-Gen II LLC (7.5 MW)</description>
      <styleUrl>#Biomass</styleUrl>
      <Point><coordinates>-123.359138,42.961126,0</coordinates></Point>
    </Placemark>
    <Placemark>
      <name>4101-CT</name>
      <description>Co-Gen LLC (7.5 MW)</description>
      <styleUrl>#Biomass</styleUrl>
      <Point><coordinates>-118.720601,44.458696,0</coordinates></Point>
    </Placemark>
    <Placemark>
      <name>3906-CT</name>
      <description>Covanta Marion Inc (13.1 MW)</description>
      <styleUrl>#Biomass</styleUrl>
      <Point><coordinates>-122.962761,45.048467,0</coordinates></Point>
    </Placemark>
    <Placemark>
      <name>3601-CT</name>
      <description>Dillard Complex (51.5 MW)</description>
      <styleUrl>#Biomass</styleUrl>
      <Point><coordinates>-123.4156,43.0895,0</coordinates></Point>
    </Placemark>
    <Placemark>
      <name>3601-CT</name>
      <description>Douglas County Forest Products (6.3 MW)</description>
      <styleUrl>#Biomass</styleUrl>
      <Point><coordinates>-123.361638,43.2898,0</coordinates></Point>
    </Placemark>
    <Placemark>
      <name>3906-CT</name>
      <description>Dry Creek LFG to Energy Project (3.2 MW)</description>
      <styleUrl>#Biomass</styleUrl>
      <Point><coordinates>-122.7718,42.3844,0</coordinates></Point>
    </Placemark>
    <Placemark>
      <name>4101-CT</name>
      <description>Durham AWTF (1.6 MW)</description>
      <styleUrl>#Biomass</styleUrl>
      <Point><coordinates>-122.765822,45.400524,0</coordinates></Point>
    </Placemark>
    <Placemark>
      <name>3906-CT</name>
      <description>Evergreen BioPower LLC (21.0 MW)</description>
      <styleUrl>#Biomass</styleUrl>
      <Point><coordinates>-122.611974,44.770792,0</coordinates></Point>
    </Placemark>
    <Placemark>
      <name>4101-CT</name>
      <description>Finley Buttes Landfill Gas (4.8 MW)</description>
      <styleUrl>#Biomass</styleUrl>
      <Point><coordinates>-119.61,45.69,0</coordinates></Point>
    </Placemark>
    <Placemark>
      <name>3601-CT</name>
      <description>Georgia-Pacific Toledo Mill (18.8 MW)</description>
      <styleUrl>#Biomass</styleUrl>
      <Point><coordinates>-123.931944,44.611944,0</coordinates></Point>
    </Placemark>
    <Placemark>
      <name>4101-CT</name>
      <description>Georgia-Pacific Wauna Mill (39.8 MW)</description>
      <styleUrl>#Biomass</styleUrl>
      <Point><coordinates>-123.40658,46.153955,0</coordinates></Point>
    </Placemark>
    <Placemark>
      <name>3906-CT</name>
      <description>IP Springfield Oregon (65.0 MW)</description>
      <styleUrl>#Biomass</styleUrl>
      <Point><coordinates>-122.9555,44.0569,0</coordinates></Point>
    </Placemark>
    <Placemark>
      <name>3906-CT</name>
      <description>Medford Operation (8.5 MW)</description>
      <styleUrl>#Biomass</styleUrl>
      <Point><coordinates>-122.904642,42.355517,0</coordinates></Point>
    </Placemark>
    <Placemark>
      <name>3601-CT</name>
      <description>POTB Digester (1.0 MW)</description>
      <styleUrl>#Biomass</styleUrl>
      <Point><coordinates>-123.804167,45.414444,0</coordinates></Point>
    </Placemark>
    <Placemark>
      <name>3601-CT</name>
      <description>Riverbend Landfill (4.8 MW)</description>
      <styleUrl>#Biomass</styleUrl>
      <Point><coordinates>-123.2511,45.1672,0</coordinates></Point>
    </Placemark>
    <Placemark>
      <name>3601-CT</name>
      <description>Roseburg LFG (1.6 MW)</description>
      <styleUrl>#Biomass</styleUrl>
      <Point><coordinates>-123.380278,43.186111,0</coordinates></Point>
    </Placemark>
    <Placemark>
      <name>3601-CT</name>
      <description>Seneca Sustainable Energy LLC (19.8 MW)</description>
      <styleUrl>#Biomass</styleUrl>
      <Point><coordinates>-123.179007,44.116306,0</coordinates></Point>
    </Placemark>
    <Placemark>
      <name>3601-CT</name>
      <description>Shell New Energies, Junction City (1.6 MW)</description>
      <styleUrl>#Biomass</styleUrl>
      <Point><coordinates>-123.200454,44.183526,0</coordinates></Point>
    </Placemark>
    <Placemark>
      <name>3906-CT</name>
      <description>Short Mountain (3.2 MW)</description>
      <styleUrl>#Biomass</styleUrl>
      <Point><coordinates>-122.997361,43.96211,0</coordinates></Point>
    </Placemark>
    <Placemark>
      <name>4101-CT</name>
      <description>Waste Management Columbia Ridge LFGTE (12.8 MW)</description>
      <styleUrl>#Biomass</styleUrl>
      <Point><coordinates>-120.2969,45.5739,0</coordinates></Point>
    </Placemark>
    <Placemark>
      <name>3601-CT</name>
      <description>WLWPCF Cogeneration Facility (1.2 MW)</description>
      <styleUrl>#Biomass</styleUrl>
      <Point><coordinates>-123.05286,45.00812,0</coordinates></Point>
    </Placemark>
    <Placemark>
      <name>6101-CT</name>
      <description>Blue Mountain Biogas (3.2 MW)</description>
      <styleUrl>#Biomass</styleUrl>
      <Point><coordinates>-113.297222,38.173889,0</coordinates></Point>
    </Placemark>
    <Placemark>
      <name>6101-CT</name>
      <description>Hill AFB LFG Facility, Bldg #737 (2.3 MW)</description>
      <styleUrl>#Biomass</styleUrl>
      <Point><coordinates>-111.964147,41.12902,0</coordinates></Point>
    </Placemark>
    <Placemark>
      <name>6101-CT</name>
      <description>Salt Lake Energy Systems (3.2 MW)</description>
      <styleUrl>#Biomass</styleUrl>
      <Point><coordinates>-112.0339,40.7461,0</coordinates></Point>
    </Placemark>
    <Placemark>
      <name>6101-CT</name>
      <description>Trans-Jordan Generating Station (4.8 MW)</description>
      <styleUrl>#Biomass</styleUrl>
      <Point><coordinates>-112.0631,40.55,0</coordinates></Point>
    </Placemark>
    <Placemark>
      <name>4101-CT</name>
      <description>Cedar Hills (5.4 MW)</description>
      <styleUrl>#Biomass</styleUrl>
      <Point><coordinates>-122.042778,47.455833,0</coordinates></Point>
    </Placemark>
    <Placemark>
      <name>4101-CT</name>
      <description>Cosmo Specialty Fibers Plant (15.0 MW)</description>
      <styleUrl>#Biomass</styleUrl>
      <Point><coordinates>-123.761086,46.954071,0</coordinates></Point>
    </Placemark>
    <Placemark>
      <name>4101-CT</name>
      <description>Darrington (4.5 MW)</description>
      <styleUrl>#Biomass</styleUrl>
      <Point><coordinates>-121.599979,48.269737,0</coordinates></Point>
    </Placemark>
    <Placemark>
      <name>4101-CT</name>
      <description>Kettle Falls Generating Station (57.9 MW)</description>
      <styleUrl>#Biomass</styleUrl>
      <Point><coordinates>-118.111059,48.620336,0</coordinates></Point>
    </Placemark>
    <Placemark>
      <name>4101-CT</name>
      <description>Longview Fibre (45.0 MW)</description>
      <styleUrl>#Biomass</styleUrl>
      <Point><coordinates>-122.918429,46.103887,0</coordinates></Point>
    </Placemark>
    <Placemark>
      <name>4101-CT</name>
      <description>LRI LFGTE Facility (4.5 MW)</description>
      <styleUrl>#Biomass</styleUrl>
      <Point><coordinates>-122.290556,46.975556,0</coordinates></Point>
    </Placemark>
    <Placemark>
      <name>4101-CT</name>
      <description>McKinley Paper Co. - Washington Mill (12.6 MW)</description>
      <styleUrl>#Biomass</styleUrl>
      <Point><coordinates>-123.465556,48.134722,0</coordinates></Point>
    </Placemark>
    <Placemark>
      <name>4101-CT</name>
      <description>Nippon Dynawave Packaging Longview WA (62.4 MW)</description>
      <styleUrl>#Biomass</styleUrl>
      <Point><coordinates>-122.9728,46.1236,0</coordinates></Point>
    </Placemark>
    <Placemark>
      <name>4101-CT</name>
      <description>Sierra Pacific Aberdeen (18.0 MW)</description>
      <styleUrl>#Biomass</styleUrl>
      <Point><coordinates>-123.7739,46.9728,0</coordinates></Point>
    </Placemark>
    <Placemark>
      <name>4101-CT</name>
      <description>Sierra Pacific Burlington Facility (28.0 MW)</description>
      <styleUrl>#Biomass</styleUrl>
      <Point><coordinates>-122.4331,48.4481,0</coordinates></Point>
    </Placemark>
    <Placemark>
      <name>4101-CT</name>
      <description>Spokane Waste to Energy (26.0 MW)</description>
      <styleUrl>#Biomass</styleUrl>
      <Point><coordinates>-117.50424,47.626327,0</coordinates></Point>
    </Placemark>
    <Placemark>
      <name>4101-CT</name>
      <description>West Point Treatment Plant (4.6 MW)</description>
      <styleUrl>#Biomass</styleUrl>
      <Point><coordinates>-122.446389,47.661111,0</coordinates></Point>
    </Placemark>
    <Placemark>
      <name>4101-CT</name>
      <description>WestRock (WA) (64.0 MW)</description>
      <styleUrl>#Biomass</styleUrl>
      <Point><coordinates>-122.428288,47.266069,0</coordinates></Point>
    </Placemark>
  </Folder>
  <Folder>
    <name>Coal</name>
    <Placemark>
      <name>1101-ST</name>
      <description>Apache Station (660.7 MW)</description>
      <styleUrl>#Steam</styleUrl>
      <Point><coordinates>-109.8931,32.0603,0</coordinates></Point>
    </Placemark>
    <Placemark>
      <name>1101-ST</name>
      <description>Cholla (425.9 MW)</description>
      <styleUrl>#Steam</styleUrl>
      <Point><coordinates>-110.3033,34.9394,0</coordinates></Point>
    </Placemark>
    <Placemark>
      <name>1101-ST</name>
      <description>Coronado Generating Station (821.8 MW)</description>
      <styleUrl>#Steam</styleUrl>
      <Point><coordinates>-109.2708,34.5789,0</coordinates></Point>
    </Placemark>
    <Placemark>
      <name>1101-ST</name>
      <description>Springerville Generating Station (1779.2 MW)</description>
      <styleUrl>#Steam</styleUrl>
      <Point><coordinates>-109.1639,34.3186,0</coordinates></Point>
    </Placemark>
    <Placemark>
      <name>1302-ST</name>
      <description>Argus Cogen Plant (62.5 MW)</description>
      <styleUrl>#Steam</styleUrl>
      <Point><coordinates>-117.3833,35.765,0</coordinates></Point>
    </Placemark>
    <Placemark>
      <name>7001-ST</name>
      <description>Comanche (470) (1635.3 MW)</description>
      <styleUrl>#Steam</styleUrl>
      <Point><coordinates>-104.5747,38.2081,0</coordinates></Point>
    </Placemark>
    <Placemark>
      <name>7002-ST</name>
      <description>Craig (1427.6 MW)</description>
      <styleUrl>#Steam</styleUrl>
      <Point><coordinates>-107.5912,40.4627,0</coordinates></Point>
    </Placemark>
    <Placemark>
      <name>7002-ST</name>
      <description>Hayden (465.4 MW)</description>
      <styleUrl>#Steam</styleUrl>
      <Point><coordinates>-107.185,40.4856,0</coordinates></Point>
    </Placemark>
    <Placemark>
      <name>7001-ST</name>
      <description>Pawnee (552.3 MW)</description>
      <styleUrl>#Steam</styleUrl>
      <Point><coordinates>-103.6803,40.2217,0</coordinates></Point>
    </Placemark>
    <Placemark>
      <name>7001-ST</name>
      <description>Rawhide Energy Station (800.4 MW)</description>
      <styleUrl>#Steam</styleUrl>
      <Point><coordinates>-105.021207,40.860905,0</coordinates></Point>
    </Placemark>
    <Placemark>
      <name>7001-ST</name>
      <description>Ray D Nixon (282.6 MW)</description>
      <styleUrl>#Steam</styleUrl>
      <Point><coordinates>-104.70577,38.633451,0</coordinates></Point>
    </Placemark>
    <Placemark>
      <name>6201-ST</name>
      <description>Colstrip (1647.4 MW)</description>
      <styleUrl>#Steam</styleUrl>
      <Point><coordinates>-106.614,45.8831,0</coordinates></Point>
    </Placemark>
    <Placemark>
      <name>6201-ST</name>
      <description>Colstrip Energy Limited Partnership (46.1 MW)</description>
      <styleUrl>#Steam</styleUrl>
      <Point><coordinates>-106.6547,45.9752,0</coordinates></Point>
    </Placemark>
    <Placemark>
      <name>6201-ST</name>
      <description>Hardin Generating Station (115.7 MW)</description>
      <styleUrl>#Steam</styleUrl>
      <Point><coordinates>-107.6,45.7578,0</coordinates></Point>
    </Placemark>
    <Placemark>
      <name>6201-ST</name>
      <description>Western Sugar Cooperative - Billings (1.5 MW)</description>
      <styleUrl>#Steam</styleUrl>
      <Point><coordinates>-108.499232,45.765346,0</coordinates></Point>
    </Placemark>
    <Placemark>
      <name>1001-ST</name>
      <description>Four Corners Steam Elec Station (1636.2 MW)</description>
      <styleUrl>#Steam</styleUrl>
      <Point><coordinates>-108.4814,36.69,0</coordinates></Point>
    </Placemark>
    <Placemark>
      <name>1004-ST</name>
      <description>San Juan (924.0 MW)</description>
      <styleUrl>#Steam</styleUrl>
      <Point><coordinates>-108.4386,36.8006,0</coordinates></Point>
    </Placemark>
    <Placemark>
      <name>6403-ST</name>
      <description>North Valmy (567.0 MW)</description>
      <styleUrl>#Steam</styleUrl>
      <Point><coordinates>-117.151605,40.881317,0</coordinates></Point>
    </Placemark>
    <Placemark>
      <name>6403-ST</name>
      <description>TS Power Plant (242.0 MW)</description>
      <styleUrl>#Steam</styleUrl>
      <Point><coordinates>-116.5297,40.7461,0</coordinates></Point>
    </Placemark>
    <Placemark>
      <name>6503-ST</name>
      <description>Bonanza (499.5 MW)</description>
      <styleUrl>#Steam</styleUrl>
      <Point><coordinates>-109.2844,40.0864,0</coordinates></Point>
    </Placemark>
    <Placemark>
      <name>2604-ST</name>
      <description>Hunter (1577.2 MW)</description>
      <styleUrl>#Steam</styleUrl>
      <Point><coordinates>-111.0289,39.1747,0</coordinates></Point>
    </Placemark>
    <Placemark>
      <name>2604-ST</name>
      <description>Huntington (1037.3 MW)</description>
      <styleUrl>#Steam</styleUrl>
      <Point><coordinates>-111.0781,39.3792,0</coordinates></Point>
    </Placemark>
    <Placemark>
      <name>2604-ST</name>
      <description>Intermountain (1640.0 MW)</description>
      <styleUrl>#Steam</styleUrl>
      <Point><coordinates>-112.58018,39.509731,0</coordinates></Point>
    </Placemark>
    <Placemark>
      <name>6503-ST</name>
      <description>Sunnyside Cogeneration Associates (58.1 MW)</description>
      <styleUrl>#Steam</styleUrl>
      <Point><coordinates>-110.3917,39.5472,0</coordinates></Point>
    </Placemark>
    <Placemark>
      <name>4201-ST</name>
      <description>Centralia (729.9 MW)</description>
      <styleUrl>#Steam</styleUrl>
      <Point><coordinates>-122.859764,46.755938,0</coordinates></Point>
    </Placemark>
    <Placemark>
      <name>6301-ST</name>
      <description>Dave Johnston (922.2 MW)</description>
      <styleUrl>#Steam</styleUrl>
      <Point><coordinates>-105.7769,42.8378,0</coordinates></Point>
    </Placemark>
    <Placemark>
      <name>6201-ST</name>
      <description>Dry Fork Station (483.7 MW)</description>
      <styleUrl>#Steam</styleUrl>
      <Point><coordinates>-105.460833,44.388889,0</coordinates></Point>
    </Placemark>
    <Placemark>
      <name>6305-ST</name>
      <description>General Chemical (30.0 MW)</description>
      <styleUrl>#Steam</styleUrl>
      <Point><coordinates>-109.7542,41.5933,0</coordinates></Point>
    </Placemark>
    <Placemark>
      <name>6305-ST</name>
      <description>Genesis Alkali (41.0 MW)</description>
      <styleUrl>#Steam</styleUrl>
      <Point><coordinates>-109.811944,41.621667,0</coordinates></Point>
    </Placemark>
    <Placemark>
      <name>6301-ST</name>
      <description>Jim Bridger (2441.9 MW)</description>
      <styleUrl>#Steam</styleUrl>
      <Point><coordinates>-108.7875,41.7378,0</coordinates></Point>
    </Placemark>
    <Placemark>
      <name>7002-ST</name>
      <description>Laramie River (1863.0 MW)</description>
      <styleUrl>#Steam</styleUrl>
      <Point><coordinates>-104.8825,42.108889,0</coordinates></Point>
    </Placemark>
    <Placemark>
      <name>6305-ST</name>
      <description>Naughton (832.0 MW)</description>
      <styleUrl>#Steam</styleUrl>
      <Point><coordinates>-110.5983,41.7581,0</coordinates></Point>
    </Placemark>
    <Placemark>
      <name>6201-ST</name>
      <description>Neil Simpson II (130.0 MW)</description>
      <styleUrl>#Steam</styleUrl>
      <Point><coordinates>-105.3833,44.2856,0</coordinates></Point>
    </Placemark>
    <Placemark>
      <name>6201-ST</name>
      <description>Wygen I (90.0 MW)</description>
      <styleUrl>#Steam</styleUrl>
      <Point><coordinates>-105.3833,44.2858,0</coordinates></Point>
    </Placemark>
    <Placemark>
      <name>6201-ST</name>
      <description>Wygen II (95.0 MW)</description>
      <styleUrl>#Steam</styleUrl>
      <Point><coordinates>-105.3811,44.2919,0</coordinates></Point>
    </Placemark>
    <Placemark>
      <name>6201-ST</name>
      <description>Wygen III (116.0 MW)</description>
      <styleUrl>#Steam</styleUrl>
      <Point><coordinates>-105.3806,44.2919,0</coordinates></Point>
    </Placemark>
    <Placemark>
      <name>6201-ST</name>
      <description>Wyodak (402.3 MW)</description>
      <styleUrl>#Steam</styleUrl>
      <Point><coordinates>-105.381482,44.290128,0</coordinates></Point>
    </Placemark>
  </Folder>
  <Folder>
    <name>Gas</name>
    <Placemark>
      <name>1401-CC</name>
      <description>Agua Fria Generating Station (737.5 MW)</description>
      <styleUrl>#Gas</styleUrl>
      <Point><coordinates>-112.2153,33.5561,0</coordinates></Point>
    </Placemark>
    <Placemark>
      <name>1401-CC</name>
      <description>APS Saguaro Power Plant (184.5 MW)</description>
      <styleUrl>#Gas</styleUrl>
      <Point><coordinates>-111.3,32.5517,0</coordinates></Point>
    </Placemark>
    <Placemark>
      <name>1401-CC</name>
      <description>APS West Phoenix Power Plant (1207.4 MW)</description>
      <styleUrl>#Gas</styleUrl>
      <Point><coordinates>-112.1583,33.4417,0</coordinates></Point>
    </Placemark>
    <Placemark>
      <name>1401-CC</name>
      <description>Arizona State University CHP (17.1 MW)</description>
      <styleUrl>#Gas</styleUrl>
      <Point><coordinates>-111.928333,33.417222,0</coordinates></Point>
    </Placemark>
    <Placemark>
      <name>1401-CC</name>
      <description>Arlington Valley Energy Facility (713.0 MW)</description>
      <styleUrl>#Gas</styleUrl>
      <Point><coordinates>-112.8897,33.3417,0</coordinates></Point>
    </Placemark>
    <Placemark>
      <name>1301-CC</name>
      <description>Black Mountain Generating Station (121.0 MW)</description>
      <styleUrl>#Gas</styleUrl>
      <Point><coordinates>-114.1594,35.0361,0</coordinates></Point>
    </Placemark>
    <Placemark>
      <name>1401-CC</name>
      <description>Cogeneration 1 (9.0 MW)</description>
      <styleUrl>#Gas</styleUrl>
      <Point><coordinates>-110.952797,32.229922,0</coordinates></Point>
    </Placemark>
    <Placemark>
      <name>1401-CC</name>
      <description>Cogeneration 2 (6.0 MW)</description>
      <styleUrl>#Gas</styleUrl>
      <Point><coordinates>-110.948333,32.240833,0</coordinates></Point>
    </Placemark>
    <Placemark>
      <name>1401-CC</name>
      <description>Coolidge Generating Station (726.0 MW)</description>
      <styleUrl>#Gas</styleUrl>
      <Point><coordinates>-111.503327,32.917399,0</coordinates></Point>
    </Placemark>
    <Placemark>
      <name>1401-CC</name>
      <description>De Moss Petrie Generating Station (85.0 MW)</description>
      <styleUrl>#Gas</styleUrl>
      <Point><coordinates>-110.992148,32.252273,0</coordinates></Point>
    </Placemark>
    <Placemark>
      <name>1401-CC</name>
      <description>Desert Basin Generating Station (745.1 MW)</description>
      <styleUrl>#Gas</styleUrl>
      <Point><coordinates>-111.7889,32.9042,0</coordinates></Point>
    </Placemark>
    <Placemark>
      <name>1401-CC</name>
      <description>Gila River Power Block 2 (619.0 MW)</description>
      <styleUrl>#Gas</styleUrl>
      <Point><coordinates>-112.694444,32.975,0</coordinates></Point>
    </Placemark>
    <Placemark>
      <name>1401-CC</name>
      <description>Gila River Power Station (1857.0 MW)</description>
      <styleUrl>#Gas</styleUrl>
      <Point><coordinates>-112.6944,32.975,0</coordinates></Point>
    </Placemark>
    <Placemark>
      <name>1301-CC</name>
      <description>Griffith Energy Project (655.0 MW)</description>
      <styleUrl>#Gas</styleUrl>
      <Point><coordinates>-114.133272,35.054029,0</coordinates></Point>
    </Placemark>
    <Placemark>
      <name>1401-CC</name>
      <description>Irvington Generating Station (528.9 MW)</description>
      <styleUrl>#Gas</styleUrl>
      <Point><coordinates>-110.9047,32.16,0</coordinates></Point>
    </Placemark>
    <Placemark>
      <name>1401-CC</name>
      <description>Kyrene Generating Station (573.7 MW)</description>
      <styleUrl>#Gas</styleUrl>
      <Point><coordinates>-111.9353,33.3556,0</coordinates></Point>
    </Placemark>
    <Placemark>
      <name>1401-CC</name>
      <description>Mesquite Generating Station (1383.2 MW)</description>
      <styleUrl>#Gas</styleUrl>
      <Point><coordinates>-112.864167,33.345,0</coordinates></Point>
    </Placemark>
    <Placemark>
      <name>1401-CC</name>
      <description>New Harquahala Generating Company (1277.1 MW)</description>
      <styleUrl>#Gas</styleUrl>
      <Point><coordinates>-113.113434,33.47596,0</coordinates></Point>
    </Placemark>
    <Placemark>
      <name>1401-CC</name>
      <description>North Loop (107.8 MW)</description>
      <styleUrl>#Gas</styleUrl>
      <Point><coordinates>-111.1262,32.401,0</coordinates></Point>
    </Placemark>
    <Placemark>
      <name>1401-CC</name>
      <description>Ocotillo Power Plant (806.2 MW)</description>
      <styleUrl>#Gas</styleUrl>
      <Point><coordinates>-111.9122,33.4225,0</coordinates></Point>
    </Placemark>
    <Placemark>
      <name>1401-CC</name>
      <description>Redhawk Generating Facility (1140.3 MW)</description>
      <styleUrl>#Gas</styleUrl>
      <Point><coordinates>-112.840641,33.334562,0</coordinates></Point>
    </Placemark>
    <Placemark>
      <name>1401-CC</name>
      <description>Santan (1326.0 MW)</description>
      <styleUrl>#Gas</styleUrl>
      <Point><coordinates>-111.7503,33.3325,0</coordinates></Point>
    </Placemark>
    <Placemark>
      <name>1301-CC</name>
      <description>South Point Energy Center, LLC (708.0 MW)</description>
      <styleUrl>#Gas</styleUrl>
      <Point><coordinates>-114.5317,34.8678,0</coordinates></Point>
    </Placemark>
    <Placemark>
      <name>1401-CC</name>
      <description>Sundance Power Plant (605.0 MW)</description>
      <styleUrl>#Gas</styleUrl>
      <Point><coordinates>-111.5899,32.9285,0</coordinates></Point>
    </Placemark>
    <Placemark>
      <name>1401-CC</name>
      <description>University of Arizona - Biosphere 2 (3.1 MW)</description>
      <styleUrl>#Gas</styleUrl>
      <Point><coordinates>-110.852608,32.578011,0</coordinates></Point>
    </Placemark>
    <Placemark>
      <name>1401-CC</name>
      <description>Valencia (108.0 MW)</description>
      <styleUrl>#Gas</styleUrl>
      <Point><coordinates>-110.931343,31.363472,0</coordinates></Point>
    </Placemark>
    <Placemark>
      <name>2100-CC</name>
      <description>Yucca Power Plant (425.0 MW)</description>
      <styleUrl>#Gas</styleUrl>
      <Point><coordinates>-114.7106,32.7214,0</coordinates></Point>
    </Placemark>
    <Placemark>
      <name>2100-CC</name>
      <description>Yuma Cogeneration Associates (62.6 MW)</description>
      <styleUrl>#Gas</styleUrl>
      <Point><coordinates>-114.654053,32.728822,0</coordinates></Point>
    </Placemark>
    <Placemark>
      <name>3301-CC</name>
      <description>Adobe San Jose (1.2 MW)</description>
      <styleUrl>#Gas</styleUrl>
      <Point><coordinates>-121.893056,37.330556,0</coordinates></Point>
    </Placemark>
    <Placemark>
      <name>3806-CC</name>
      <description>Aera San Ardo Cogen Facility (6.2 MW)</description>
      <styleUrl>#Gas</styleUrl>
      <Point><coordinates>-120.859952,35.953293,0</coordinates></Point>
    </Placemark>
    <Placemark>
      <name>2610-CC</name>
      <description>AES Alamitos (1115.0 MW)</description>
      <styleUrl>#Gas</styleUrl>
      <Point><coordinates>-118.1009,33.7688,0</coordinates></Point>
    </Placemark>
    <Placemark>
      <name>2610-CC</name>
      <description>AES Alamitos Energy Center (678.0 MW)</description>
      <styleUrl>#Gas</styleUrl>
      <Point><coordinates>-118.100194,33.767229,0</coordinates></Point>
    </Placemark>
    <Placemark>
      <name>2610-CC</name>
      <description>AES Huntington Beach (218.0 MW)</description>
      <styleUrl>#Gas</styleUrl>
      <Point><coordinates>-117.9792,33.6439,0</coordinates></Point>
    </Placemark>
    <Placemark>
      <name>2610-CC</name>
      <description>AES Huntington Beach Energy Project (699.2 MW)</description>
      <styleUrl>#Gas</styleUrl>
      <Point><coordinates>-117.979372,33.645618,0</coordinates></Point>
    </Placemark>
    <Placemark>
      <name>2408-CC</name>
      <description>AES Redondo Beach (821.4 MW)</description>
      <styleUrl>#Gas</styleUrl>
      <Point><coordinates>-118.395,33.8504,0</coordinates></Point>
    </Placemark>
    <Placemark>
      <name>3301-CC</name>
      <description>Agnews Power Plant (32.0 MW)</description>
      <styleUrl>#Gas</styleUrl>
      <Point><coordinates>-121.9272,37.4058,0</coordinates></Point>
    </Placemark>
    <Placemark>
      <name>3301-CC</name>
      <description>AGT000 Stevens Creek Fuel Cell (2.2 MW)</description>
      <styleUrl>#Gas</styleUrl>
      <Point><coordinates>-121.99894,37.32489,0</coordinates></Point>
    </Placemark>
    <Placemark>
      <name>2610-CC</name>
      <description>Agua Mansa Power (60.5 MW)</description>
      <styleUrl>#Gas</styleUrl>
      <Point><coordinates>-117.3603,34.0414,0</coordinates></Point>
    </Placemark>
    <Placemark>
      <name>3105-CC</name>
      <description>Alameda (54.8 MW)</description>
      <styleUrl>#Gas</styleUrl>
      <Point><coordinates>-122.2889,37.7886,0</coordinates></Point>
    </Placemark>
    <Placemark>
      <name>3403-CC</name>
      <description>Algonquin Power Sanger (61.5 MW)</description>
      <styleUrl>#Gas</styleUrl>
      <Point><coordinates>-119.5522,36.6842,0</coordinates></Point>
    </Placemark>
    <Placemark>
      <name>3903-CC</name>
      <description>Almond Power Plant (223.5 MW)</description>
      <styleUrl>#Gas</styleUrl>
      <Point><coordinates>-120.985,37.5744,0</coordinates></Point>
    </Placemark>
    <Placemark>
      <name>3903-CC</name>
      <description>AltaGas Ripon Energy Inc. (49.5 MW)</description>
      <styleUrl>#Gas</styleUrl>
      <Point><coordinates>-121.116006,37.732533,0</coordinates></Point>
    </Placemark>
    <Placemark>
      <name>2610-CC</name>
      <description>Amazon San Bernardino (1.1 MW)</description>
      <styleUrl>#Gas</styleUrl>
      <Point><coordinates>-117.245839,34.088408,0</coordinates></Point>
    </Placemark>
    <Placemark>
      <name>3204-CC</name>
      <description>Anheuser Busch - Fairfield (2.6 MW)</description>
      <styleUrl>#Gas</styleUrl>
      <Point><coordinates>-122.092666,38.235224,0</coordinates></Point>
    </Placemark>
    <Placemark>
      <name>3301-CC</name>
      <description>APP Prune A-D (4.0 MW)</description>
      <styleUrl>#Gas</styleUrl>
      <Point><coordinates>-122.006686,37.331666,0</coordinates></Point>
    </Placemark>
    <Placemark>
      <name>2408-CC</name>
      <description>AT&amp;T - Gardena (1.0 MW)</description>
      <styleUrl>#Gas</styleUrl>
      <Point><coordinates>-118.289798,33.874969,0</coordinates></Point>
    </Placemark>
    <Placemark>
      <name>2408-CC</name>
      <description>AT&amp;T - Hawthorne (1.0 MW)</description>
      <styleUrl>#Gas</styleUrl>
      <Point><coordinates>-118.320597,33.92429,0</coordinates></Point>
    </Placemark>
    <Placemark>
      <name>3103-CC</name>
      <description>AT&amp;T - Hayward (1.0 MW)</description>
      <styleUrl>#Gas</styleUrl>
      <Point><coordinates>-122.09685,37.659879,0</coordinates></Point>
    </Placemark>
    <Placemark>
      <name>3103-CC</name>
      <description>AT&amp;T - Redwood City (1.0 MW)</description>
      <styleUrl>#Gas</styleUrl>
      <Point><coordinates>-122.200408,37.480769,0</coordinates></Point>
    </Placemark>
    <Placemark>
      <name>2203-CC</name>
      <description>AT&amp;T - San Diego Trade Street (1.0 MW)</description>
      <styleUrl>#Gas</styleUrl>
      <Point><coordinates>-117.16682,32.88758,0</coordinates></Point>
    </Placemark>
    <Placemark>
      <name>2610-CC</name>
      <description>AT&amp;T Anaheim (1.3 MW)</description>
      <styleUrl>#Gas</styleUrl>
      <Point><coordinates>-117.916893,33.836439,0</coordinates></Point>
    </Placemark>
    <Placemark>
      <name>3301-CC</name>
      <description>AT&amp;T Holger (1.3 MW)</description>
      <styleUrl>#Gas</styleUrl>
      <Point><coordinates>-121.94453,37.417638,0</coordinates></Point>
    </Placemark>
    <Placemark>
      <name>2203-CC</name>
      <description>AT&amp;T San Diego (1.0 MW)</description>
      <styleUrl>#Gas</styleUrl>
      <Point><coordinates>-117.1986,32.904775,0</coordinates></Point>
    </Placemark>
    <Placemark>
      <name>2610-CC</name>
      <description>ATT Kelvin (1.0 MW)</description>
      <styleUrl>#Gas</styleUrl>
      <Point><coordinates>-117.836821,33.684675,0</coordinates></Point>
    </Placemark>
    <Placemark>
      <name>3204-CC</name>
      <description>ATT North Watney (2.0 MW)</description>
      <styleUrl>#Gas</styleUrl>
      <Point><coordinates>-122.077759,38.236257,0</coordinates></Point>
    </Placemark>
    <Placemark>
      <name>2408-CC</name>
      <description>ATT Van Nyus (1.0 MW)</description>
      <styleUrl>#Gas</styleUrl>
      <Point><coordinates>-118.448225,34.196324,0</coordinates></Point>
    </Placemark>
    <Placemark>
      <name>2408-CC</name>
      <description>ATT Ventura Blvd (1.0 MW)</description>
      <styleUrl>#Gas</styleUrl>
      <Point><coordinates>-118.456078,34.152191,0</coordinates></Point>
    </Placemark>
    <Placemark>
      <name>2610-CC</name>
      <description>B Braun Medical (6.1 MW)</description>
      <styleUrl>#Gas</styleUrl>
      <Point><coordinates>-117.834793,33.688721,0</coordinates></Point>
    </Placemark>
    <Placemark>
      <name>3803-CC</name>
      <description>Badger Creek Limited (46.0 MW)</description>
      <styleUrl>#Gas</styleUrl>
      <Point><coordinates>-119.029856,35.483736,0</coordinates></Point>
    </Placemark>
    <Placemark>
      <name>2610-CC</name>
      <description>Barre Generating Station (49.8 MW)</description>
      <styleUrl>#Gas</styleUrl>
      <Point><coordinates>-117.9832,33.8073,0</coordinates></Point>
    </Placemark>
    <Placemark>
      <name>3803-CC</name>
      <description>Bear Mountain Limited (46.0 MW)</description>
      <styleUrl>#Gas</styleUrl>
      <Point><coordinates>-118.926643,35.419181,0</coordinates></Point>
    </Placemark>
    <Placemark>
      <name>2610-CC</name>
      <description>Bear Valley Power Plant (8.4 MW)</description>
      <styleUrl>#Gas</styleUrl>
      <Point><coordinates>-116.9025,34.2506,0</coordinates></Point>
    </Placemark>
    <Placemark>
      <name>3301-CC</name>
      <description>Beckton Dickenson - San Jose (1.0 MW)</description>
      <styleUrl>#Gas</styleUrl>
      <Point><coordinates>-121.88594,37.39789,0</coordinates></Point>
    </Placemark>
    <Placemark>
      <name>3803-CC</name>
      <description>Berry Cogen (38.7 MW)</description>
      <styleUrl>#Gas</styleUrl>
      <Point><coordinates>-119.443617,35.093046,0</coordinates></Point>
    </Placemark>
    <Placemark>
      <name>3803-CC</name>
      <description>Berry Cogen Tanne Hills 18 (17.6 MW)</description>
      <styleUrl>#Gas</styleUrl>
      <Point><coordinates>-119.440881,35.089829,0</coordinates></Point>
    </Placemark>
    <Placemark>
      <name>3803-CC</name>
      <description>Berry NMW Cogens (9.6 MW)</description>
      <styleUrl>#Gas</styleUrl>
      <Point><coordinates>-119.611551,35.307555,0</coordinates></Point>
    </Placemark>
    <Placemark>
      <name>2408-CC</name>
      <description>Berry Placerita Cogen (42.8 MW)</description>
      <styleUrl>#Gas</styleUrl>
      <Point><coordinates>-118.494882,34.38407,0</coordinates></Point>
    </Placemark>
    <Placemark>
      <name>2408-CC</name>
      <description>Biola University Hybrid (2.8 MW)</description>
      <styleUrl>#Gas</styleUrl>
      <Point><coordinates>-118.013105,33.906953,0</coordinates></Point>
    </Placemark>
    <Placemark>
      <name>2408-CC</name>
      <description>Blacksand Generating Facility (8.0 MW)</description>
      <styleUrl>#Gas</styleUrl>
      <Point><coordinates>-117.855,33.9328,0</coordinates></Point>
    </Placemark>
    <Placemark>
      <name>2100-CC</name>
      <description>Blythe Energy (591.0 MW)</description>
      <styleUrl>#Gas</styleUrl>
      <Point><coordinates>-114.6865,33.6157,0</coordinates></Point>
    </Placemark>
    <Placemark>
      <name>8004-CC</name>
      <description>Broadridge Cogen (5.2 MW)</description>
      <styleUrl>#Gas</styleUrl>
      <Point><coordinates>-121.0564,38.6183,0</coordinates></Point>
    </Placemark>
    <Placemark>
      <name>2203-CC</name>
      <description>C P Kelco San Diego Plant (29.2 MW)</description>
      <styleUrl>#Gas</styleUrl>
      <Point><coordinates>-117.1436,32.6947,0</coordinates></Point>
    </Placemark>
    <Placemark>
      <name>2203-CC</name>
      <description>Cabrillo Power I Encina Power Station (659.0 MW)</description>
      <styleUrl>#Gas</styleUrl>
      <Point><coordinates>-117.333916,33.140507,0</coordinates></Point>
    </Placemark>
    <Placemark>
      <name>2610-CC</name>
      <description>Cal State Univ San Bernardino FC01 (1.4 MW)</description>
      <styleUrl>#Gas</styleUrl>
      <Point><coordinates>-117.324167,34.185833,0</coordinates></Point>
    </Placemark>
    <Placemark>
      <name>2408-CC</name>
      <description>California Institute of Technology (13.0 MW)</description>
      <styleUrl>#Gas</styleUrl>
      <Point><coordinates>-118.1256,34.138467,0</coordinates></Point>
    </Placemark>
    <Placemark>
      <name>2203-CC</name>
      <description>CalPeak Power - Border (60.5 MW)</description>
      <styleUrl>#Gas</styleUrl>
      <Point><coordinates>-116.943869,32.562448,0</coordinates></Point>
    </Placemark>
    <Placemark>
      <name>2203-CC</name>
      <description>CalPeak Power - Enterprise (58.9 MW)</description>
      <styleUrl>#Gas</styleUrl>
      <Point><coordinates>-117.117441,33.121943,0</coordinates></Point>
    </Placemark>
    <Placemark>
      <name>3403-CC</name>
      <description>CalPeak Power - Panoche (117.2 MW)</description>
      <styleUrl>#Gas</styleUrl>
      <Point><coordinates>-120.5783,36.6535,0</coordinates></Point>
    </Placemark>
    <Placemark>
      <name>3204-CC</name>
      <description>CalPeak Power - Vaca Dixon (60.5 MW)</description>
      <styleUrl>#Gas</styleUrl>
      <Point><coordinates>-121.923973,38.398867,0</coordinates></Point>
    </Placemark>
    <Placemark>
      <name>3301-CC</name>
      <description>Calpine Gilroy Cogen, LP (130.0 MW)</description>
      <styleUrl>#Gas</styleUrl>
      <Point><coordinates>-121.5367,37.0001,0</coordinates></Point>
    </Placemark>
    <Placemark>
      <name>8004-CC</name>
      <description>Calpine Sutter Energy Center (636.0 MW)</description>
      <styleUrl>#Gas</styleUrl>
      <Point><coordinates>-121.695873,39.053139,0</coordinates></Point>
    </Placemark>
    <Placemark>
      <name>2408-CC</name>
      <description>CalTech - Pasadena (1.0 MW)</description>
      <styleUrl>#Gas</styleUrl>
      <Point><coordinates>-118.12833,34.138719,0</coordinates></Point>
    </Placemark>
    <Placemark>
      <name>2408-CC</name>
      <description>CalTech - Pasadena (PPA) (1.0 MW)</description>
      <styleUrl>#Gas</styleUrl>
      <Point><coordinates>-118.121488,34.139368,0</coordinates></Point>
    </Placemark>
    <Placemark>
      <name>2408-CC</name>
      <description>CalTech - Pasadena Wilson Ave (1.0 MW)</description>
      <styleUrl>#Gas</styleUrl>
      <Point><coordinates>-118.12841,34.13818,0</coordinates></Point>
    </Placemark>
    <Placemark>
      <name>2408-CC</name>
      <description>Caltech Central (1.1 MW)</description>
      <styleUrl>#Gas</styleUrl>
      <Point><coordinates>-118.1267,34.1358,0</coordinates></Point>
    </Placemark>
    <Placemark>
      <name>8004-CC</name>
      <description>Campbell Power Plant (173.9 MW)</description>
      <styleUrl>#Gas</styleUrl>
      <Point><coordinates>-121.4735,38.511,0</coordinates></Point>
    </Placemark>
    <Placemark>
      <name>2610-CC</name>
      <description>Canyon Power Plant (200.0 MW)</description>
      <styleUrl>#Gas</styleUrl>
      <Point><coordinates>-117.861667,33.858056,0</coordinates></Point>
    </Placemark>
    <Placemark>
      <name>2408-CC</name>
      <description>Carson Cogeneration Company (55.8 MW)</description>
      <styleUrl>#Gas</styleUrl>
      <Point><coordinates>-118.2491,33.8759,0</coordinates></Point>
    </Placemark>
    <Placemark>
      <name>8004-CC</name>
      <description>Carson Power Plant (125.5 MW)</description>
      <styleUrl>#Gas</styleUrl>
      <Point><coordinates>-121.462387,38.445681,0</coordinates></Point>
    </Placemark>
    <Placemark>
      <name>2408-CC</name>
      <description>CBS Studio Center (2.4 MW)</description>
      <styleUrl>#Gas</styleUrl>
      <Point><coordinates>-118.390833,34.145,0</coordinates></Point>
    </Placemark>
    <Placemark>
      <name>2408-CC</name>
      <description>CBS Television City (2.8 MW)</description>
      <styleUrl>#Gas</styleUrl>
      <Point><coordinates>-118.36,34.075,0</coordinates></Point>
    </Placemark>
    <Placemark>
      <name>3204-CC</name>
      <description>CCCSD Wastewater Treatment Plnt (3.5 MW)</description>
      <styleUrl>#Gas</styleUrl>
      <Point><coordinates>-122.0697,37.9978,0</coordinates></Point>
    </Placemark>
    <Placemark>
      <name>2408-CC</name>
      <description>Center Generating Station (59.8 MW)</description>
      <styleUrl>#Gas</styleUrl>
      <Point><coordinates>-118.1046,33.9296,0</coordinates></Point>
    </Placemark>
    <Placemark>
      <name>3403-CC</name>
      <description>Central CA Fuel Cell 1 (2.8 MW)</description>
      <styleUrl>#Gas</styleUrl>
      <Point><coordinates>-119.374348,36.18347,0</coordinates></Point>
    </Placemark>
    <Placemark>
      <name>2408-CC</name>
      <description>Central Utilities Plant LAX 2 (9.2 MW)</description>
      <styleUrl>#Gas</styleUrl>
      <Point><coordinates>-118.404167,33.943889,0</coordinates></Point>
    </Placemark>
    <Placemark>
      <name>2610-CC</name>
      <description>Century Generating Facility (44.8 MW)</description>
      <styleUrl>#Gas</styleUrl>
      <Point><coordinates>-117.3533,34.0606,0</coordinates></Point>
    </Placemark>
    <Placemark>
      <name>2408-CC</name>
      <description>CES Placerita Power Plant (90.0 MW)</description>
      <styleUrl>#Gas</styleUrl>
      <Point><coordinates>-118.4999,34.3801,0</coordinates></Point>
    </Placemark>
    <Placemark>
      <name>3803-CC</name>
      <description>Chalk Cliff Limited (46.0 MW)</description>
      <styleUrl>#Gas</styleUrl>
      <Point><coordinates>-119.4299,35.0968,0</coordinates></Point>
    </Placemark>
    <Placemark>
      <name>2203-CC</name>
      <description>Childrens Hospital (11.3 MW)</description>
      <styleUrl>#Gas</styleUrl>
      <Point><coordinates>-117.1517,32.7992,0</coordinates></Point>
    </Placemark>
    <Placemark>
      <name>3403-CC</name>
      <description>Chowchilla II (49.6 MW)</description>
      <styleUrl>#Gas</styleUrl>
      <Point><coordinates>-120.2485,37.1073,0</coordinates></Point>
    </Placemark>
    <Placemark>
      <name>2203-CC</name>
      <description>Chula Vista Energy Center (37.2 MW)</description>
      <styleUrl>#Gas</styleUrl>
      <Point><coordinates>-117.058611,32.591667,0</coordinates></Point>
    </Placemark>
    <Placemark>
      <name>3103-CC</name>
      <description>City of Palo Alto (4.4 MW)</description>
      <styleUrl>#Gas</styleUrl>
      <Point><coordinates>-122.1094,37.4383,0</coordinates></Point>
    </Placemark>
    <Placemark>
      <name>2408-CC</name>
      <description>Civic Center (34.5 MW)</description>
      <styleUrl>#Gas</styleUrl>
      <Point><coordinates>-118.2436,34.0564,0</coordinates></Point>
    </Placemark>
    <Placemark>
      <name>2610-CC</name>
      <description>Clearwater Power Plant (49.0 MW)</description>
      <styleUrl>#Gas</styleUrl>
      <Point><coordinates>-117.6085,33.8912,0</coordinates></Point>
    </Placemark>
    <Placemark>
      <name>2100-CC</name>
      <description>Coachella (92.4 MW)</description>
      <styleUrl>#Gas</styleUrl>
      <Point><coordinates>-116.1714,33.6758,0</coordinates></Point>
    </Placemark>
    <Placemark>
      <name>3806-CC</name>
      <description>Coalinga 25D Cogen (13.6 MW)</description>
      <styleUrl>#Gas</styleUrl>
      <Point><coordinates>-120.3972,36.1556,0</coordinates></Point>
    </Placemark>
    <Placemark>
      <name>3403-CC</name>
      <description>Coalinga 6C Cogen (6.8 MW)</description>
      <styleUrl>#Gas</styleUrl>
      <Point><coordinates>-120.3828,36.2097,0</coordinates></Point>
    </Placemark>
    <Placemark>
      <name>3403-CC</name>
      <description>Coalinga Cogeneration (38.4 MW)</description>
      <styleUrl>#Gas</styleUrl>
      <Point><coordinates>-120.3885,36.1807,0</coordinates></Point>
    </Placemark>
    <Placemark>
      <name>3403-CC</name>
      <description>Coalinga Cogeneration Facility (6.8 MW)</description>
      <styleUrl>#Gas</styleUrl>
      <Point><coordinates>-120.364084,36.170317,0</coordinates></Point>
    </Placemark>
    <Placemark>
      <name>3204-CC</name>
      <description>Colusa Generating Station (712.4 MW)</description>
      <styleUrl>#Gas</styleUrl>
      <Point><coordinates>-122.27,39.3661,0</coordinates></Point>
    </Placemark>
    <Placemark>
      <name>2408-CC</name>
      <description>Comcast - Universal City (1.0 MW)</description>
      <styleUrl>#Gas</styleUrl>
      <Point><coordinates>-118.36082,34.137717,0</coordinates></Point>
    </Placemark>
    <Placemark>
      <name>8004-CC</name>
      <description>Cosumnes Power Plant (556.8 MW)</description>
      <styleUrl>#Gas</styleUrl>
      <Point><coordinates>-121.123978,38.338475,0</coordinates></Point>
    </Placemark>
    <Placemark>
      <name>3204-CC</name>
      <description>Creed Energy Center (47.0 MW)</description>
      <styleUrl>#Gas</styleUrl>
      <Point><coordinates>-121.854722,38.242158,0</coordinates></Point>
    </Placemark>
    <Placemark>
      <name>3204-CC</name>
      <description>Crockett Cogen Project (247.4 MW)</description>
      <styleUrl>#Gas</styleUrl>
      <Point><coordinates>-122.2161,38.0569,0</coordinates></Point>
    </Placemark>
    <Placemark>
      <name>3301-CC</name>
      <description>CST001 McCarthy Fuel Cell (1.2 MW)</description>
      <styleUrl>#Gas</styleUrl>
      <Point><coordinates>-121.91676,37.40553,0</coordinates></Point>
    </Placemark>
    <Placemark>
      <name>2408-CC</name>
      <description>CSUCI Site Authority (31.1 MW)</description>
      <styleUrl>#Gas</styleUrl>
      <Point><coordinates>-119.047916,34.161951,0</coordinates></Point>
    </Placemark>
    <Placemark>
      <name>2610-CC</name>
      <description>CSUF Trigeneration (8.9 MW)</description>
      <styleUrl>#Gas</styleUrl>
      <Point><coordinates>-117.88656,33.880638,0</coordinates></Point>
    </Placemark>
    <Placemark>
      <name>2203-CC</name>
      <description>Cuyamaca Peak Energy (48.7 MW)</description>
      <styleUrl>#Gas</styleUrl>
      <Point><coordinates>-116.972071,32.796491,0</coordinates></Point>
    </Placemark>
    <Placemark>
      <name>3803-CC</name>
      <description>Cymric 31X Cogen (6.8 MW)</description>
      <styleUrl>#Gas</styleUrl>
      <Point><coordinates>-119.6592,35.3639,0</coordinates></Point>
    </Placemark>
    <Placemark>
      <name>3803-CC</name>
      <description>Cymric 36W Cogen (12.4 MW)</description>
      <styleUrl>#Gas</styleUrl>
      <Point><coordinates>-119.6756,35.3633,0</coordinates></Point>
    </Placemark>
    <Placemark>
      <name>3803-CC</name>
      <description>Cymric 6Z Cogen (6.8 MW)</description>
      <styleUrl>#Gas</styleUrl>
      <Point><coordinates>-119.643431,35.346102,0</coordinates></Point>
    </Placemark>
    <Placemark>
      <name>3803-CC</name>
      <description>Delano Energy Center, LLC (60.5 MW)</description>
      <styleUrl>#Gas</styleUrl>
      <Point><coordinates>-119.294469,35.790864,0</coordinates></Point>
    </Placemark>
    <Placemark>
      <name>3204-CC</name>
      <description>Delta Energy Center, LLC (943.5 MW)</description>
      <styleUrl>#Gas</styleUrl>
      <Point><coordinates>-121.8439,38.0169,0</coordinates></Point>
    </Placemark>
    <Placemark>
      <name>2408-CC</name>
      <description>DirecTV - Los Angeles (1.0 MW)</description>
      <styleUrl>#Gas</styleUrl>
      <Point><coordinates>-118.42517,33.983377,0</coordinates></Point>
    </Placemark>
    <Placemark>
      <name>2408-CC</name>
      <description>Disney Prospect (1.0 MW)</description>
      <styleUrl>#Gas</styleUrl>
      <Point><coordinates>-118.43378,34.083387,0</coordinates></Point>
    </Placemark>
    <Placemark>
      <name>3803-CC</name>
      <description>Dome Project (6.0 MW)</description>
      <styleUrl>#Gas</styleUrl>
      <Point><coordinates>-119.583056,35.220833,0</coordinates></Point>
    </Placemark>
    <Placemark>
      <name>3301-CC</name>
      <description>Donald Von Raesfeld (154.0 MW)</description>
      <styleUrl>#Gas</styleUrl>
      <Point><coordinates>-121.9508,37.3767,0</coordinates></Point>
    </Placemark>
    <Placemark>
      <name>3803-CC</name>
      <description>Double C Generation Limited Partnership (49.8 MW)</description>
      <styleUrl>#Gas</styleUrl>
      <Point><coordinates>-119.046,35.5005,0</coordinates></Point>
    </Placemark>
    <Placemark>
      <name>2610-CC</name>
      <description>Drews Generating Facility (44.8 MW)</description>
      <styleUrl>#Gas</styleUrl>
      <Point><coordinates>-117.3532,34.0609,0</coordinates></Point>
    </Placemark>
    <Placemark>
      <name>2408-CC</name>
      <description>E. F. Oxnard Energy Facility (48.5 MW)</description>
      <styleUrl>#Gas</styleUrl>
      <Point><coordinates>-119.1664,34.1958,0</coordinates></Point>
    </Placemark>
    <Placemark>
      <name>2203-CC</name>
      <description>El Cajon Energy Center (60.5 MW)</description>
      <styleUrl>#Gas</styleUrl>
      <Point><coordinates>-116.972073,32.796106,0</coordinates></Point>
    </Placemark>
    <Placemark>
      <name>2100-CC</name>
      <description>El Centro (388.3 MW)</description>
      <styleUrl>#Gas</styleUrl>
      <Point><coordinates>-115.54,32.802222,0</coordinates></Point>
    </Placemark>
    <Placemark>
      <name>2408-CC</name>
      <description>El Segundo (537.4 MW)</description>
      <styleUrl>#Gas</styleUrl>
      <Point><coordinates>-118.425,33.910556,0</coordinates></Point>
    </Placemark>
    <Placemark>
      <name>2408-CC</name>
      <description>El Segundo Cogen (180.1 MW)</description>
      <styleUrl>#Gas</styleUrl>
      <Point><coordinates>-118.4031,33.9058,0</coordinates></Point>
    </Placemark>
    <Placemark>
      <name>3803-CC</name>
      <description>Elk Hills Cogen (46.6 MW)</description>
      <styleUrl>#Gas</styleUrl>
      <Point><coordinates>-119.737464,35.479146,0</coordinates></Point>
    </Placemark>
    <Placemark>
      <name>3803-CC</name>
      <description>Elk Hills Power (623.0 MW)</description>
      <styleUrl>#Gas</styleUrl>
      <Point><coordinates>-119.470707,35.280318,0</coordinates></Point>
    </Placemark>
    <Placemark>
      <name>3803-CC</name>
      <description>Ellwood (58.0 MW)</description>
      <styleUrl>#Gas</styleUrl>
      <Point><coordinates>-119.900055,34.431419,0</coordinates></Point>
    </Placemark>
    <Placemark>
      <name>2610-CC</name>
      <description>Energy Center (0.9 MW)</description>
      <styleUrl>#Gas</styleUrl>
      <Point><coordinates>-117.163889,34.063056,0</coordinates></Point>
    </Placemark>
    <Placemark>
      <name>8004-CC</name>
      <description>Enloe Medical - Chico (1.7 MW)</description>
      <styleUrl>#Gas</styleUrl>
      <Point><coordinates>-121.849688,39.742597,0</coordinates></Point>
    </Placemark>
    <Placemark>
      <name>3103-CC</name>
      <description>Equinix Caspian Dr. Fuel Cell (4.8 MW)</description>
      <styleUrl>#Gas</styleUrl>
      <Point><coordinates>-122.05211,37.415092,0</coordinates></Point>
    </Placemark>
    <Placemark>
      <name>2408-CC</name>
      <description>Equinix Douglas St. Fuel Cell (2.0 MW)</description>
      <styleUrl>#Gas</styleUrl>
      <Point><coordinates>-118.38453,33.9212,0</coordinates></Point>
    </Placemark>
    <Placemark>
      <name>3301-CC</name>
      <description>Equinix Great Oaks Blvd. Fuel Cell (4.5 MW)</description>
      <styleUrl>#Gas</styleUrl>
      <Point><coordinates>-121.78259,37.24097,0</coordinates></Point>
    </Placemark>
    <Placemark>
      <name>3301-CC</name>
      <description>Equinix Lundy Ave. Fuel Cell (3.8 MW)</description>
      <styleUrl>#Gas</styleUrl>
      <Point><coordinates>-121.88896,37.38846,0</coordinates></Point>
    </Placemark>
    <Placemark>
      <name>2408-CC</name>
      <description>Equinix Maple Ave. Fuel Cell (2.0 MW)</description>
      <styleUrl>#Gas</styleUrl>
      <Point><coordinates>-118.39463,33.92542,0</coordinates></Point>
    </Placemark>
    <Placemark>
      <name>3301-CC</name>
      <description>Equinix San Jose (1.1 MW)</description>
      <styleUrl>#Gas</styleUrl>
      <Point><coordinates>-121.781363,37.241713,0</coordinates></Point>
    </Placemark>
    <Placemark>
      <name>3301-CC</name>
      <description>EQX005.0 Toyama Fuel Cell (1.1 MW)</description>
      <styleUrl>#Gas</styleUrl>
      <Point><coordinates>-122.01457,37.39961,0</coordinates></Point>
    </Placemark>
    <Placemark>
      <name>3301-CC</name>
      <description>EQX010 Great Oaks Fuel Cell (2.4 MW)</description>
      <styleUrl>#Gas</styleUrl>
      <Point><coordinates>-121.78308,37.24212,0</coordinates></Point>
    </Placemark>
    <Placemark>
      <name>3301-CC</name>
      <description>EQX011 Duane Fuel Cell (5.2 MW)</description>
      <styleUrl>#Gas</styleUrl>
      <Point><coordinates>-121.95495,37.37816,0</coordinates></Point>
    </Placemark>
    <Placemark>
      <name>3301-CC</name>
      <description>EQX015 Great Oaks Fuel Cell (4.0 MW)</description>
      <styleUrl>#Gas</styleUrl>
      <Point><coordinates>-121.7816,37.24187,0</coordinates></Point>
    </Placemark>
    <Placemark>
      <name>2203-CC</name>
      <description>Escondido Energy Center, LLC (54.0 MW)</description>
      <styleUrl>#Gas</styleUrl>
      <Point><coordinates>-117.1172,33.1261,0</coordinates></Point>
    </Placemark>
    <Placemark>
      <name>3301-CC</name>
      <description>Extreme San Ignacio (1.0 MW)</description>
      <styleUrl>#Gas</styleUrl>
      <Point><coordinates>-121.78532,37.237,0</coordinates></Point>
    </Placemark>
    <Placemark>
      <name>3301-CC</name>
      <description>Extreme Via Del Oro (1.2 MW)</description>
      <styleUrl>#Gas</styleUrl>
      <Point><coordinates>-121.78532,37.23811,0</coordinates></Point>
    </Placemark>
    <Placemark>
      <name>3803-CC</name>
      <description>ExxonMobil Santa Ynez Facility (49.3 MW)</description>
      <styleUrl>#Gas</styleUrl>
      <Point><coordinates>-120.044365,34.464819,0</coordinates></Point>
    </Placemark>
    <Placemark>
      <name>3601-CC</name>
      <description>Fairhaven Power (18.8 MW)</description>
      <styleUrl>#Gas</styleUrl>
      <Point><coordinates>-124.2028,40.7995,0</coordinates></Point>
    </Placemark>
    <Placemark>
      <name>8004-CC</name>
      <description>Feather River Energy Center (47.0 MW)</description>
      <styleUrl>#Gas</styleUrl>
      <Point><coordinates>-121.60931,39.109344,0</coordinates></Point>
    </Placemark>
    <Placemark>
      <name>3301-CC</name>
      <description>FLEX Gibraltar (1.0 MW)</description>
      <styleUrl>#Gas</styleUrl>
      <Point><coordinates>-121.894109,37.417288,0</coordinates></Point>
    </Placemark>
    <Placemark>
      <name>3103-CC</name>
      <description>Franklin Templeton San Mateo (1.1 MW)</description>
      <styleUrl>#Gas</styleUrl>
      <Point><coordinates>-122.292778,37.5425,0</coordinates></Point>
    </Placemark>
    <Placemark>
      <name>3403-CC</name>
      <description>Fresno Cogeneration Partners, LP (80.8 MW)</description>
      <styleUrl>#Gas</styleUrl>
      <Point><coordinates>-120.099846,36.617022,0</coordinates></Point>
    </Placemark>
    <Placemark>
      <name>3204-CC</name>
      <description>Gateway Generating Station (619.7 MW)</description>
      <styleUrl>#Gas</styleUrl>
      <Point><coordinates>-121.7587,38.0175,0</coordinates></Point>
    </Placemark>
    <Placemark>
      <name>2203-CC</name>
      <description>GEN005 Antibody Fuel Cell (2.5 MW)</description>
      <styleUrl>#Gas</styleUrl>
      <Point><coordinates>-117.299,33.21086,0</coordinates></Point>
    </Placemark>
    <Placemark>
      <name>3301-CC</name>
      <description>Gianera (64.6 MW)</description>
      <styleUrl>#Gas</styleUrl>
      <Point><coordinates>-121.96867,37.401,0</coordinates></Point>
    </Placemark>
    <Placemark>
      <name>3301-CC</name>
      <description>Gilroy Energy Center, LLC (135.0 MW)</description>
      <styleUrl>#Gas</styleUrl>
      <Point><coordinates>-121.5363,36.999,0</coordinates></Point>
    </Placemark>
    <Placemark>
      <name>2408-CC</name>
      <description>Glass House Camarillo Cultivation (13.2 MW)</description>
      <styleUrl>#Gas</styleUrl>
      <Point><coordinates>-119.083056,34.179722,0</coordinates></Point>
    </Placemark>
    <Placemark>
      <name>2408-CC</name>
      <description>Glenarm (265.6 MW)</description>
      <styleUrl>#Gas</styleUrl>
      <Point><coordinates>-118.1494,34.126,0</coordinates></Point>
    </Placemark>
    <Placemark>
      <name>2203-CC</name>
      <description>Goal Line (51.4 MW)</description>
      <styleUrl>#Gas</styleUrl>
      <Point><coordinates>-117.0995,33.1185,0</coordinates></Point>
    </Placemark>
    <Placemark>
      <name>3204-CC</name>
      <description>Goose Haven Energy Center (47.0 MW)</description>
      <styleUrl>#Gas</styleUrl>
      <Point><coordinates>-121.843271,38.226752,0</coordinates></Point>
    </Placemark>
    <Placemark>
      <name>2610-CC</name>
      <description>Grapeland Generating Station (59.8 MW)</description>
      <styleUrl>#Gas</styleUrl>
      <Point><coordinates>-117.5343,34.0903,0</coordinates></Point>
    </Placemark>
    <Placemark>
      <name>2408-CC</name>
      <description>Grayson Power Plant (300.9 MW)</description>
      <styleUrl>#Gas</styleUrl>
      <Point><coordinates>-118.2782,34.1556,0</coordinates></Point>
    </Placemark>
    <Placemark>
      <name>2203-CC</name>
      <description>Grossmont Hospital (4.5 MW)</description>
      <styleUrl>#Gas</styleUrl>
      <Point><coordinates>-117.006397,32.77973,0</coordinates></Point>
    </Placemark>
    <Placemark>
      <name>2408-CC</name>
      <description>H. Gonzales (11.8 MW)</description>
      <styleUrl>#Gas</styleUrl>
      <Point><coordinates>-118.2219,33.9986,0</coordinates></Point>
    </Placemark>
    <Placemark>
      <name>3403-CC</name>
      <description>Hanford Energy Park Peaker (92.2 MW)</description>
      <styleUrl>#Gas</styleUrl>
      <Point><coordinates>-119.648055,36.270072,0</coordinates></Point>
    </Placemark>
    <Placemark>
      <name>2408-CC</name>
      <description>Harbor Cogen (107.4 MW)</description>
      <styleUrl>#Gas</styleUrl>
      <Point><coordinates>-118.2303,33.7771,0</coordinates></Point>
    </Placemark>
    <Placemark>
      <name>2408-CC</name>
      <description>Harbor Generating Station (548.1 MW)</description>
      <styleUrl>#Gas</styleUrl>
      <Point><coordinates>-118.2656,33.7706,0</coordinates></Point>
    </Placemark>
    <Placemark>
      <name>2610-CC</name>
      <description>Haynes Generating Station (1739.1 MW)</description>
      <styleUrl>#Gas</styleUrl>
      <Point><coordinates>-118.09913,33.764741,0</coordinates></Point>
    </Placemark>
    <Placemark>
      <name>3403-CC</name>
      <description>Henrietta Peaker Plant (98.0 MW)</description>
      <styleUrl>#Gas</styleUrl>
      <Point><coordinates>-119.9044,36.2397,0</coordinates></Point>
    </Placemark>
    <Placemark>
      <name>2408-CC</name>
      <description>High Desert Power Project (852.0 MW)</description>
      <styleUrl>#Gas</styleUrl>
      <Point><coordinates>-117.3647,34.5953,0</coordinates></Point>
    </Placemark>
    <Placemark>
      <name>4001-CC</name>
      <description>High Sierra Cogeneration Plant (6.0 MW)</description>
      <styleUrl>#Gas</styleUrl>
      <Point><coordinates>-120.4774,40.4128,0</coordinates></Point>
    </Placemark>
    <Placemark>
      <name>3803-CC</name>
      <description>High Sierra Limited (49.8 MW)</description>
      <styleUrl>#Gas</styleUrl>
      <Point><coordinates>-119.030546,35.509041,0</coordinates></Point>
    </Placemark>
    <Placemark>
      <name>2610-CC</name>
      <description>Hoag Hospital Cogen Plant (4.5 MW)</description>
      <styleUrl>#Gas</styleUrl>
      <Point><coordinates>-117.936389,33.622778,0</coordinates></Point>
    </Placemark>
    <Placemark>
      <name>2408-CC</name>
      <description>Honda Torrance (1.1 MW)</description>
      <styleUrl>#Gas</styleUrl>
      <Point><coordinates>-118.315,33.838056,0</coordinates></Point>
    </Placemark>
    <Placemark>
      <name>3601-CC</name>
      <description>Humboldt Bay (167.0 MW)</description>
      <styleUrl>#Gas</styleUrl>
      <Point><coordinates>-124.2103,40.7415,0</coordinates></Point>
    </Placemark>
    <Placemark>
      <name>2203-CC</name>
      <description>Illumina Way SD (3.5 MW)</description>
      <styleUrl>#Gas</styleUrl>
      <Point><coordinates>-117.19968,32.87302,0</coordinates></Point>
    </Placemark>
    <Placemark>
      <name>2203-CC</name>
      <description>Indigo Generation Facility (149.7 MW)</description>
      <styleUrl>#Gas</styleUrl>
      <Point><coordinates>-116.552994,33.910873,0</coordinates></Point>
    </Placemark>
    <Placemark>
      <name>3301-CC</name>
      <description>Intel Santa Clara (1.1 MW)</description>
      <styleUrl>#Gas</styleUrl>
      <Point><coordinates>-121.963808,37.384745,0</coordinates></Point>
    </Placemark>
    <Placemark>
      <name>3103-CC</name>
      <description>JSR000 N Mathilda Fuel Cell (1.1 MW)</description>
      <styleUrl>#Gas</styleUrl>
      <Point><coordinates>-122.024,37.4124,0</coordinates></Point>
    </Placemark>
    <Placemark>
      <name>3103-CC</name>
      <description>Juniper Networks Sunnyvale (1.1 MW)</description>
      <styleUrl>#Gas</styleUrl>
      <Point><coordinates>-122.026944,37.406944,0</coordinates></Point>
    </Placemark>
    <Placemark>
      <name>2408-CC</name>
      <description>Kaiser - Harbor City (2.1 MW)</description>
      <styleUrl>#Gas</styleUrl>
      <Point><coordinates>-118.295496,33.788034,0</coordinates></Point>
    </Placemark>
    <Placemark>
      <name>2408-CC</name>
      <description>Kaiser - LA (4.5 MW)</description>
      <styleUrl>#Gas</styleUrl>
      <Point><coordinates>-118.29571,34.099359,0</coordinates></Point>
    </Placemark>
    <Placemark>
      <name>2408-CC</name>
      <description>Kaiser - Woodland Hills (3.1 MW)</description>
      <styleUrl>#Gas</styleUrl>
      <Point><coordinates>-118.590273,34.173105,0</coordinates></Point>
    </Placemark>
    <Placemark>
      <name>3204-CC</name>
      <description>Kaiser Deer Valley Rd. Fuel Cell (1.4 MW)</description>
      <styleUrl>#Gas</styleUrl>
      <Point><coordinates>-121.77182,37.95169,0</coordinates></Point>
    </Placemark>
    <Placemark>
      <name>2408-CC</name>
      <description>Kaiser Downey (1.0 MW)</description>
      <styleUrl>#Gas</styleUrl>
      <Point><coordinates>-118.128611,33.919167,0</coordinates></Point>
    </Placemark>
    <Placemark>
      <name>2610-CC</name>
      <description>Kaiser East La Palma Ave. Fuel Cell (2.2 MW)</description>
      <styleUrl>#Gas</styleUrl>
      <Point><coordinates>-117.84531,33.85098,0</coordinates></Point>
    </Placemark>
    <Placemark>
      <name>3204-CC</name>
      <description>Kaiser Napa Valley Corporate Dr Fuel Cell (4.8 MW)</description>
      <styleUrl>#Gas</styleUrl>
      <Point><coordinates>-122.27305,38.25477,0</coordinates></Point>
    </Placemark>
    <Placemark>
      <name>2610-CC</name>
      <description>Kaiser Ontario (1.0 MW)</description>
      <styleUrl>#Gas</styleUrl>
      <Point><coordinates>-117.608889,34.0325,0</coordinates></Point>
    </Placemark>
    <Placemark>
      <name>3903-CC</name>
      <description>Kaiser Owens Dr. Fuel Cell (1.0 MW)</description>
      <styleUrl>#Gas</styleUrl>
      <Point><coordinates>-121.89419,37.69923,0</coordinates></Point>
    </Placemark>
    <Placemark>
      <name>3403-CC</name>
      <description>Kaweah Delta District Hospital (3.5 MW)</description>
      <styleUrl>#Gas</styleUrl>
      <Point><coordinates>-119.2947,36.3275,0</coordinates></Point>
    </Placemark>
    <Placemark>
      <name>3301-CC</name>
      <description>Kellogg's - San Jose (1.1 MW)</description>
      <styleUrl>#Gas</styleUrl>
      <Point><coordinates>-121.871944,37.356389,0</coordinates></Point>
    </Placemark>
    <Placemark>
      <name>3803-CC</name>
      <description>Kern Front Limited (49.8 MW)</description>
      <styleUrl>#Gas</styleUrl>
      <Point><coordinates>-119.040128,35.51647,0</coordinates></Point>
    </Placemark>
    <Placemark>
      <name>3803-CC</name>
      <description>Kern Oil &amp; Refining Co (4.5 MW)</description>
      <styleUrl>#Gas</styleUrl>
      <Point><coordinates>-118.918333,35.295556,0</coordinates></Point>
    </Placemark>
    <Placemark>
      <name>3803-CC</name>
      <description>Kern River Cogeneration (300.0 MW)</description>
      <styleUrl>#Gas</styleUrl>
      <Point><coordinates>-118.9849,35.4515,0</coordinates></Point>
    </Placemark>
    <Placemark>
      <name>3803-CC</name>
      <description>Kern River Eastridge Cogen (48.8 MW)</description>
      <styleUrl>#Gas</styleUrl>
      <Point><coordinates>-118.9617,35.4406,0</coordinates></Point>
    </Placemark>
    <Placemark>
      <name>3105-CC</name>
      <description>Keysight - Santa Rosa (4.5 MW)</description>
      <styleUrl>#Gas</styleUrl>
      <Point><coordinates>-122.711104,38.481931,0</coordinates></Point>
    </Placemark>
    <Placemark>
      <name>3806-CC</name>
      <description>King City Peaking (47.3 MW)</description>
      <styleUrl>#Gas</styleUrl>
      <Point><coordinates>-121.124633,36.224758,0</coordinates></Point>
    </Placemark>
    <Placemark>
      <name>3806-CC</name>
      <description>King City Power Plant (133.2 MW)</description>
      <styleUrl>#Gas</styleUrl>
      <Point><coordinates>-121.1278,36.225,0</coordinates></Point>
    </Placemark>
    <Placemark>
      <name>3403-CC</name>
      <description>Kingsburg Cogen Facility (36.2 MW)</description>
      <styleUrl>#Gas</styleUrl>
      <Point><coordinates>-119.5794,36.5397,0</coordinates></Point>
    </Placemark>
    <Placemark>
      <name>3103-CC</name>
      <description>KSR028 Merced Fuel Cell (2.0 MW)</description>
      <styleUrl>#Gas</styleUrl>
      <Point><coordinates>-122.16471,37.70649,0</coordinates></Point>
    </Placemark>
    <Placemark>
      <name>2408-CC</name>
      <description>KSR053 Cantara Fuel Cell (1.6 MW)</description>
      <styleUrl>#Gas</styleUrl>
      <Point><coordinates>-118.29431,33.7902,0</coordinates></Point>
    </Placemark>
    <Placemark>
      <name>2203-CC</name>
      <description>Kyocera International Inc.(San Diego) (3.8 MW)</description>
      <styleUrl>#Gas</styleUrl>
      <Point><coordinates>-117.140548,32.819675,0</coordinates></Point>
    </Placemark>
    <Placemark>
      <name>3803-CC</name>
      <description>La Paloma Generating Plant (1156.0 MW)</description>
      <styleUrl>#Gas</styleUrl>
      <Point><coordinates>-119.5919,35.2956,0</coordinates></Point>
    </Placemark>
    <Placemark>
      <name>2408-CC</name>
      <description>Lake (60.5 MW)</description>
      <styleUrl>#Gas</styleUrl>
      <Point><coordinates>-118.3147,34.1772,0</coordinates></Point>
    </Placemark>
    <Placemark>
      <name>3204-CC</name>
      <description>Lambie Energy Center (47.0 MW)</description>
      <styleUrl>#Gas</styleUrl>
      <Point><coordinates>-121.868333,38.221577,0</coordinates></Point>
    </Placemark>
    <Placemark>
      <name>2203-CC</name>
      <description>Larkspur Energy Faciity (99.8 MW)</description>
      <styleUrl>#Gas</styleUrl>
      <Point><coordinates>-116.944197,32.567041,0</coordinates></Point>
    </Placemark>
    <Placemark>
      <name>3301-CC</name>
      <description>Life Technologies - Fremont (1.3 MW)</description>
      <styleUrl>#Gas</styleUrl>
      <Point><coordinates>-121.93942,37.487027,0</coordinates></Point>
    </Placemark>
    <Placemark>
      <name>3903-CC</name>
      <description>Life Technologies - Pleasanton (1.1 MW)</description>
      <styleUrl>#Gas</styleUrl>
      <Point><coordinates>-121.884167,37.643889,0</coordinates></Point>
    </Placemark>
    <Placemark>
      <name>2203-CC</name>
      <description>Life Technologies Carlsbad (1.1 MW)</description>
      <styleUrl>#Gas</styleUrl>
      <Point><coordinates>-117.286944,33.137222,0</coordinates></Point>
    </Placemark>
    <Placemark>
      <name>2408-CC</name>
      <description>Linde Wilmington (31.0 MW)</description>
      <styleUrl>#Gas</styleUrl>
      <Point><coordinates>-118.229392,33.78856,0</coordinates></Point>
    </Placemark>
    <Placemark>
      <name>3803-CC</name>
      <description>Live Oak Limited (46.0 MW)</description>
      <styleUrl>#Gas</styleUrl>
      <Point><coordinates>-119.0298,35.4837,0</coordinates></Point>
    </Placemark>
    <Placemark>
      <name>3103-CC</name>
      <description>Lockheed Martin Sunnyvale (1.1 MW)</description>
      <styleUrl>#Gas</styleUrl>
      <Point><coordinates>-122.028056,37.413056,0</coordinates></Point>
    </Placemark>
    <Placemark>
      <name>8004-CC</name>
      <description>Lodi (27.4 MW)</description>
      <styleUrl>#Gas</styleUrl>
      <Point><coordinates>-121.300541,38.146571,0</coordinates></Point>
    </Placemark>
    <Placemark>
      <name>8004-CC</name>
      <description>Lodi Energy Center (288.9 MW)</description>
      <styleUrl>#Gas</styleUrl>
      <Point><coordinates>-121.3875,38.088056,0</coordinates></Point>
    </Placemark>
    <Placemark>
      <name>2610-CC</name>
      <description>Loma Linda University Cogen (13.1 MW)</description>
      <styleUrl>#Gas</styleUrl>
      <Point><coordinates>-117.248417,34.050391,0</coordinates></Point>
    </Placemark>
    <Placemark>
      <name>2408-CC</name>
      <description>Long Beach Generating Station (252.0 MW)</description>
      <styleUrl>#Gas</styleUrl>
      <Point><coordinates>-118.2248,33.7641,0</coordinates></Point>
    </Placemark>
    <Placemark>
      <name>2408-CC</name>
      <description>Los Angeles Refinery Wilmington (58.5 MW)</description>
      <styleUrl>#Gas</styleUrl>
      <Point><coordinates>-118.2867,33.7686,0</coordinates></Point>
    </Placemark>
    <Placemark>
      <name>3301-CC</name>
      <description>Los Esteros Critical Energy Facility (306.1 MW)</description>
      <styleUrl>#Gas</styleUrl>
      <Point><coordinates>-121.9319,37.425,0</coordinates></Point>
    </Placemark>
    <Placemark>
      <name>3204-CC</name>
      <description>Los Medanos Energy Center, LLC (678.3 MW)</description>
      <styleUrl>#Gas</styleUrl>
      <Point><coordinates>-121.873004,38.030071,0</coordinates></Point>
    </Placemark>
    <Placemark>
      <name>3803-CC</name>
      <description>Lost Hills Cogeneration Plant (7.0 MW)</description>
      <styleUrl>#Gas</styleUrl>
      <Point><coordinates>-119.766944,35.666111,0</coordinates></Point>
    </Placemark>
    <Placemark>
      <name>2408-CC</name>
      <description>Magnolia Power Project (387.6 MW)</description>
      <styleUrl>#Gas</styleUrl>
      <Point><coordinates>-118.3153,34.1786,0</coordinates></Point>
    </Placemark>
    <Placemark>
      <name>3403-CC</name>
      <description>Malaga Power (121.0 MW)</description>
      <styleUrl>#Gas</styleUrl>
      <Point><coordinates>-119.73989,36.6894,0</coordinates></Point>
    </Placemark>
    <Placemark>
      <name>2408-CC</name>
      <description>Malburg Generating Station (130.0 MW)</description>
      <styleUrl>#Gas</styleUrl>
      <Point><coordinates>-118.2219,33.9986,0</coordinates></Point>
    </Placemark>
    <Placemark>
      <name>3204-CC</name>
      <description>Marathon Bay Area Cogen (113.5 MW)</description>
      <styleUrl>#Gas</styleUrl>
      <Point><coordinates>-122.0589,38.0244,0</coordinates></Point>
    </Placemark>
    <Placemark>
      <name>3903-CC</name>
      <description>Mariposa Energy Project (199.6 MW)</description>
      <styleUrl>#Gas</styleUrl>
      <Point><coordinates>-121.601944,37.789167,0</coordinates></Point>
    </Placemark>
    <Placemark>
      <name>3204-CC</name>
      <description>Marsh Landing Generating Station (828.0 MW)</description>
      <styleUrl>#Gas</styleUrl>
      <Point><coordinates>-121.765,38.016944,0</coordinates></Point>
    </Placemark>
    <Placemark>
      <name>3204-CC</name>
      <description>Martinez Refining (100.0 MW)</description>
      <styleUrl>#Gas</styleUrl>
      <Point><coordinates>-122.1117,38.0169,0</coordinates></Point>
    </Placemark>
    <Placemark>
      <name>3103-CC</name>
      <description>Maxim (1.1 MW)</description>
      <styleUrl>#Gas</styleUrl>
      <Point><coordinates>-121.949416,37.405689,0</coordinates></Point>
    </Placemark>
    <Placemark>
      <name>2100-CC</name>
      <description>MCAGCC Cogen Plant (16.4 MW)</description>
      <styleUrl>#Gas</styleUrl>
      <Point><coordinates>-116.054167,34.237222,0</coordinates></Point>
    </Placemark>
    <Placemark>
      <name>8004-CC</name>
      <description>McClellan (CA) (77.0 MW)</description>
      <styleUrl>#Gas</styleUrl>
      <Point><coordinates>-121.393336,38.652731,0</coordinates></Point>
    </Placemark>
    <Placemark>
      <name>3903-CC</name>
      <description>McClure (142.4 MW)</description>
      <styleUrl>#Gas</styleUrl>
      <Point><coordinates>-120.93139,37.62936,0</coordinates></Point>
    </Placemark>
    <Placemark>
      <name>2408-CC</name>
      <description>McGrath Generating Station (49.8 MW)</description>
      <styleUrl>#Gas</styleUrl>
      <Point><coordinates>-119.246944,34.205556,0</coordinates></Point>
    </Placemark>
    <Placemark>
      <name>3803-CC</name>
      <description>McKittrick Cogen (12.0 MW)</description>
      <styleUrl>#Gas</styleUrl>
      <Point><coordinates>-119.6597,35.3161,0</coordinates></Point>
    </Placemark>
    <Placemark>
      <name>3803-CC</name>
      <description>McKittrick Limited (46.0 MW)</description>
      <styleUrl>#Gas</styleUrl>
      <Point><coordinates>-119.661992,35.319503,0</coordinates></Point>
    </Placemark>
    <Placemark>
      <name>3301-CC</name>
      <description>Metcalf Energy Center (635.0 MW)</description>
      <styleUrl>#Gas</styleUrl>
      <Point><coordinates>-121.7457,37.2207,0</coordinates></Point>
    </Placemark>
    <Placemark>
      <name>3301-CC</name>
      <description>Micro Santa Clara (2.0 MW)</description>
      <styleUrl>#Gas</styleUrl>
      <Point><coordinates>-121.899969,37.378422,0</coordinates></Point>
    </Placemark>
    <Placemark>
      <name>3803-CC</name>
      <description>Mid-Set Cogeneration (39.1 MW)</description>
      <styleUrl>#Gas</styleUrl>
      <Point><coordinates>-119.57097,35.19456,0</coordinates></Point>
    </Placemark>
    <Placemark>
      <name>3403-CC</name>
      <description>Midway Peaking (139.8 MW)</description>
      <styleUrl>#Gas</styleUrl>
      <Point><coordinates>-120.579727,36.654114,0</coordinates></Point>
    </Placemark>
    <Placemark>
      <name>3803-CC</name>
      <description>Midway Sunset Cogen (234.0 MW)</description>
      <styleUrl>#Gas</styleUrl>
      <Point><coordinates>-119.6294,35.2269,0</coordinates></Point>
    </Placemark>
    <Placemark>
      <name>2610-CC</name>
      <description>Mira Loma Generating Station (49.8 MW)</description>
      <styleUrl>#Gas</styleUrl>
      <Point><coordinates>-117.5604,34.0053,0</coordinates></Point>
    </Placemark>
    <Placemark>
      <name>2203-CC</name>
      <description>Miramar Energy Facility (106.0 MW)</description>
      <styleUrl>#Gas</styleUrl>
      <Point><coordinates>-117.166389,32.8769,0</coordinates></Point>
    </Placemark>
    <Placemark>
      <name>3301-CC</name>
      <description>Mission College Blvd. Fuel Cell (5.0 MW)</description>
      <styleUrl>#Gas</styleUrl>
      <Point><coordinates>-121.96238,37.38633,0</coordinates></Point>
    </Placemark>
    <Placemark>
      <name>3301-CC</name>
      <description>Moss Landing Power Plant (1798.0 MW)</description>
      <styleUrl>#Gas</styleUrl>
      <Point><coordinates>-121.782241,36.804837,0</coordinates></Point>
    </Placemark>
    <Placemark>
      <name>2610-CC</name>
      <description>Mountainview Generating Station (1036.8 MW)</description>
      <styleUrl>#Gas</styleUrl>
      <Point><coordinates>-117.2418,34.0818,0</coordinates></Point>
    </Placemark>
    <Placemark>
      <name>2203-CC</name>
      <description>Municipal Cogen Plant (1.2 MW)</description>
      <styleUrl>#Gas</styleUrl>
      <Point><coordinates>-116.5106,33.8247,0</coordinates></Point>
    </Placemark>
    <Placemark>
      <name>2203-CC</name>
      <description>Naval Hospital Medical Center (5.3 MW)</description>
      <styleUrl>#Gas</styleUrl>
      <Point><coordinates>-117.1464,32.7261,0</coordinates></Point>
    </Placemark>
    <Placemark>
      <name>8004-CC</name>
      <description>NCPA Combustion Turbine Project #2 (50.0 MW)</description>
      <styleUrl>#Gas</styleUrl>
      <Point><coordinates>-121.386944,38.088138,0</coordinates></Point>
    </Placemark>
    <Placemark>
      <name>2610-CC</name>
      <description>New-Indy Ontario Mill (33.0 MW)</description>
      <styleUrl>#Gas</styleUrl>
      <Point><coordinates>-117.540193,34.045361,0</coordinates></Point>
    </Placemark>
    <Placemark>
      <name>2100-CC</name>
      <description>Niland Gas Turbine Plant (121.0 MW)</description>
      <styleUrl>#Gas</styleUrl>
      <Point><coordinates>-115.504456,33.238842,0</coordinates></Point>
    </Placemark>
    <Placemark>
      <name>3803-CC</name>
      <description>North Midway Cogen (10.5 MW)</description>
      <styleUrl>#Gas</styleUrl>
      <Point><coordinates>-119.5986,35.2761,0</coordinates></Point>
    </Placemark>
    <Placemark>
      <name>2408-CC</name>
      <description>Olive (109.7 MW)</description>
      <styleUrl>#Gas</styleUrl>
      <Point><coordinates>-118.3147,34.1764,0</coordinates></Point>
    </Placemark>
    <Placemark>
      <name>2408-CC</name>
      <description>Olive View Medical Center (5.6 MW)</description>
      <styleUrl>#Gas</styleUrl>
      <Point><coordinates>-118.44477,34.326242,0</coordinates></Point>
    </Placemark>
    <Placemark>
      <name>2610-CC</name>
      <description>OLS Energy Chino (30.8 MW)</description>
      <styleUrl>#Gas</styleUrl>
      <Point><coordinates>-117.680911,33.989626,0</coordinates></Point>
    </Placemark>
    <Placemark>
      <name>3105-CC</name>
      <description>One Market Plaza (1.5 MW)</description>
      <styleUrl>#Gas</styleUrl>
      <Point><coordinates>-122.394167,37.793333,0</coordinates></Point>
    </Placemark>
    <Placemark>
      <name>2203-CC</name>
      <description>Orange Grove Project (118.0 MW)</description>
      <styleUrl>#Gas</styleUrl>
      <Point><coordinates>-117.1114,33.3594,0</coordinates></Point>
    </Placemark>
    <Placemark>
      <name>2408-CC</name>
      <description>Ormond Beach Power, LLC. (1612.0 MW)</description>
      <styleUrl>#Gas</styleUrl>
      <Point><coordinates>-119.1689,34.1292,0</coordinates></Point>
    </Placemark>
    <Placemark>
      <name>8004-CC</name>
      <description>Oroville Cogeneration LP (7.7 MW)</description>
      <styleUrl>#Gas</styleUrl>
      <Point><coordinates>-121.5628,39.492,0</coordinates></Point>
    </Placemark>
    <Placemark>
      <name>2203-CC</name>
      <description>Otay Mesa Energy Center, LLC (688.5 MW)</description>
      <styleUrl>#Gas</styleUrl>
      <Point><coordinates>-116.914969,32.581481,0</coordinates></Point>
    </Placemark>
    <Placemark>
      <name>2408-CC</name>
      <description>Oxnard (68.7 MW)</description>
      <styleUrl>#Gas</styleUrl>
      <Point><coordinates>-119.1667,34.196,0</coordinates></Point>
    </Placemark>
    <Placemark>
      <name>2408-CC</name>
      <description>Oxnard Paper Mill (29.0 MW)</description>
      <styleUrl>#Gas</styleUrl>
      <Point><coordinates>-119.1831,34.1414,0</coordinates></Point>
    </Placemark>
    <Placemark>
      <name>2203-CC</name>
      <description>P Plant (9.2 MW)</description>
      <styleUrl>#Gas</styleUrl>
      <Point><coordinates>-117.198056,32.894722,0</coordinates></Point>
    </Placemark>
    <Placemark>
      <name>2203-CC</name>
      <description>Palomar Energy Center (559.0 MW)</description>
      <styleUrl>#Gas</styleUrl>
      <Point><coordinates>-117.117778,33.1197,0</coordinates></Point>
    </Placemark>
    <Placemark>
      <name>3403-CC</name>
      <description>Panoche Energy Center (432.0 MW)</description>
      <styleUrl>#Gas</styleUrl>
      <Point><coordinates>-120.5833,36.6514,0</coordinates></Point>
    </Placemark>
    <Placemark>
      <name>2408-CC</name>
      <description>Paramount Refinery (6.7 MW)</description>
      <styleUrl>#Gas</styleUrl>
      <Point><coordinates>-118.151389,33.9,0</coordinates></Point>
    </Placemark>
    <Placemark>
      <name>3105-CC</name>
      <description>Parnassus Central Utility Plant (13.4 MW)</description>
      <styleUrl>#Gas</styleUrl>
      <Point><coordinates>-122.456747,37.762524,0</coordinates></Point>
    </Placemark>
    <Placemark>
      <name>3803-CC</name>
      <description>Pastoria Energy Facility (779.0 MW)</description>
      <styleUrl>#Gas</styleUrl>
      <Point><coordinates>-118.844,34.9556,0</coordinates></Point>
    </Placemark>
    <Placemark>
      <name>3105-CC</name>
      <description>PE Berkeley (28.5 MW)</description>
      <styleUrl>#Gas</styleUrl>
      <Point><coordinates>-122.26337,37.870331,0</coordinates></Point>
    </Placemark>
    <Placemark>
      <name>2203-CC</name>
      <description>Pio Pico Energy Center LLC (395.4 MW)</description>
      <styleUrl>#Gas</styleUrl>
      <Point><coordinates>-116.917777,32.573889,0</coordinates></Point>
    </Placemark>
    <Placemark>
      <name>3105-CC</name>
      <description>Pixar - Emeryville (1.1 MW)</description>
      <styleUrl>#Gas</styleUrl>
      <Point><coordinates>-122.284003,37.83286,0</coordinates></Point>
    </Placemark>
    <Placemark>
      <name>8004-CC</name>
      <description>Procter and Gamble Power Plant (193.4 MW)</description>
      <styleUrl>#Gas</styleUrl>
      <Point><coordinates>-121.400128,38.530943,0</coordinates></Point>
    </Placemark>
    <Placemark>
      <name>2203-CC</name>
      <description>Q Plant (4.6 MW)</description>
      <styleUrl>#Gas</styleUrl>
      <Point><coordinates>-117.201111,32.904167,0</coordinates></Point>
    </Placemark>
    <Placemark>
      <name>2408-CC</name>
      <description>Ratkovich Alhambra (1.0 MW)</description>
      <styleUrl>#Gas</styleUrl>
      <Point><coordinates>-118.15191,34.08145,0</coordinates></Point>
    </Placemark>
    <Placemark>
      <name>4001-CC</name>
      <description>Red Bluff (46.4 MW)</description>
      <styleUrl>#Gas</styleUrl>
      <Point><coordinates>-122.2124,40.1501,0</coordinates></Point>
    </Placemark>
    <Placemark>
      <name>3601-CC</name>
      <description>Redding Power Plant (183.1 MW)</description>
      <styleUrl>#Gas</styleUrl>
      <Point><coordinates>-122.423281,40.507292,0</coordinates></Point>
    </Placemark>
    <Placemark>
      <name>2610-CC</name>
      <description>Redlands Community Hospital (1.1 MW)</description>
      <styleUrl>#Gas</styleUrl>
      <Point><coordinates>-117.206211,34.03625,0</coordinates></Point>
    </Placemark>
    <Placemark>
      <name>2203-CC</name>
      <description>Richard J Donovan Correctional Facility (2.6 MW)</description>
      <styleUrl>#Gas</styleUrl>
      <Point><coordinates>-116.930907,32.583571,0</coordinates></Point>
    </Placemark>
    <Placemark>
      <name>3105-CC</name>
      <description>Richmond Cogen (173.5 MW)</description>
      <styleUrl>#Gas</styleUrl>
      <Point><coordinates>-122.3909,37.9418,0</coordinates></Point>
    </Placemark>
    <Placemark>
      <name>3903-CC</name>
      <description>Ripon Generation Station (121.0 MW)</description>
      <styleUrl>#Gas</styleUrl>
      <Point><coordinates>-121.116,37.7315,0</coordinates></Point>
    </Placemark>
    <Placemark>
      <name>2610-CC</name>
      <description>Riverside Energy Resource Center (196.0 MW)</description>
      <styleUrl>#Gas</styleUrl>
      <Point><coordinates>-117.4528,33.9636,0</coordinates></Point>
    </Placemark>
    <Placemark>
      <name>3204-CC</name>
      <description>Riverview Energy Center (47.0 MW)</description>
      <styleUrl>#Gas</styleUrl>
      <Point><coordinates>-121.790679,38.014423,0</coordinates></Point>
    </Placemark>
    <Placemark>
      <name>2100-CC</name>
      <description>Rockwood (49.8 MW)</description>
      <styleUrl>#Gas</styleUrl>
      <Point><coordinates>-115.5364,32.9553,0</coordinates></Point>
    </Placemark>
    <Placemark>
      <name>3803-CC</name>
      <description>Roll Delano (1.2 MW)</description>
      <styleUrl>#Gas</styleUrl>
      <Point><coordinates>-119.236667,35.734167,0</coordinates></Point>
    </Placemark>
    <Placemark>
      <name>3803-CC</name>
      <description>Roll Delano 2 (1.6 MW)</description>
      <styleUrl>#Gas</styleUrl>
      <Point><coordinates>-119.238056,35.739722,0</coordinates></Point>
    </Placemark>
    <Placemark>
      <name>3803-CC</name>
      <description>Roll Lost Hills (1.1 MW)</description>
      <styleUrl>#Gas</styleUrl>
      <Point><coordinates>-119.889722,35.653056,0</coordinates></Point>
    </Placemark>
    <Placemark>
      <name>8004-CC</name>
      <description>Roseville Energy Park (225.0 MW)</description>
      <styleUrl>#Gas</styleUrl>
      <Point><coordinates>-121.3811,38.7928,0</coordinates></Point>
    </Placemark>
    <Placemark>
      <name>8004-CC</name>
      <description>Roseville Power Plant #2 (66.0 MW)</description>
      <styleUrl>#Gas</styleUrl>
      <Point><coordinates>-121.323807,38.810677,0</coordinates></Point>
    </Placemark>
    <Placemark>
      <name>3103-CC</name>
      <description>Russell City Energy Company LLC (655.0 MW)</description>
      <styleUrl>#Gas</styleUrl>
      <Point><coordinates>-122.13381,37.63466,0</coordinates></Point>
    </Placemark>
    <Placemark>
      <name>3403-CC</name>
      <description>Saint Agnes Medical Center (7.0 MW)</description>
      <styleUrl>#Gas</styleUrl>
      <Point><coordinates>-119.7667,36.8347,0</coordinates></Point>
    </Placemark>
    <Placemark>
      <name>2408-CC</name>
      <description>Saint Johns Health Center (1.2 MW)</description>
      <styleUrl>#Gas</styleUrl>
      <Point><coordinates>-118.47844,34.030318,0</coordinates></Point>
    </Placemark>
    <Placemark>
      <name>3806-CC</name>
      <description>Salinas River Cogeneration Facility (38.9 MW)</description>
      <styleUrl>#Gas</styleUrl>
      <Point><coordinates>-120.8679,35.9515,0</coordinates></Point>
    </Placemark>
    <Placemark>
      <name>2610-CC</name>
      <description>San Antonio Regional Hospital (2.7 MW)</description>
      <styleUrl>#Gas</styleUrl>
      <Point><coordinates>-117.6381,34.1019,0</coordinates></Point>
    </Placemark>
    <Placemark>
      <name>2203-CC</name>
      <description>San Diego Community College (1.0 MW)</description>
      <styleUrl>#Gas</styleUrl>
      <Point><coordinates>-117.167738,32.805901,0</coordinates></Point>
    </Placemark>
    <Placemark>
      <name>2203-CC</name>
      <description>San Diego State University (15.1 MW)</description>
      <styleUrl>#Gas</styleUrl>
      <Point><coordinates>-117.070114,32.778225,0</coordinates></Point>
    </Placemark>
    <Placemark>
      <name>3301-CC</name>
      <description>San Jose Cogeneration (6.0 MW)</description>
      <styleUrl>#Gas</styleUrl>
      <Point><coordinates>-121.878332,37.336113,0</coordinates></Point>
    </Placemark>
    <Placemark>
      <name>2610-CC</name>
      <description>San Manuel Central Plant Cogens (5.4 MW)</description>
      <styleUrl>#Gas</styleUrl>
      <Point><coordinates>-117.23025,34.151193,0</coordinates></Point>
    </Placemark>
    <Placemark>
      <name>3301-CC</name>
      <description>Santa Clara Cogen (7.8 MW)</description>
      <styleUrl>#Gas</styleUrl>
      <Point><coordinates>-121.944238,37.364297,0</coordinates></Point>
    </Placemark>
    <Placemark>
      <name>3903-CC</name>
      <description>Santa Rita Jail Fuel Cell (1.4 MW)</description>
      <styleUrl>#Gas</styleUrl>
      <Point><coordinates>-121.886944,37.719166,0</coordinates></Point>
    </Placemark>
    <Placemark>
      <name>3903-CC</name>
      <description>Santa Rita Jail Hybrid (4.9 MW)</description>
      <styleUrl>#Gas</styleUrl>
      <Point><coordinates>-121.886944,37.719167,0</coordinates></Point>
    </Placemark>
    <Placemark>
      <name>3806-CC</name>
      <description>Sargent Canyon Cogeneration (38.2 MW)</description>
      <styleUrl>#Gas</styleUrl>
      <Point><coordinates>-120.8408,35.9359,0</coordinates></Point>
    </Placemark>
    <Placemark>
      <name>2408-CC</name>
      <description>Scattergood Generating Station (876.0 MW)</description>
      <styleUrl>#Gas</styleUrl>
      <Point><coordinates>-118.427648,33.918151,0</coordinates></Point>
    </Placemark>
    <Placemark>
      <name>3301-CC</name>
      <description>SCC - San Jose (1.0 MW)</description>
      <styleUrl>#Gas</styleUrl>
      <Point><coordinates>-121.90551,37.35106,0</coordinates></Point>
    </Placemark>
    <Placemark>
      <name>3301-CC</name>
      <description>SCU000 El Camino Real Fuel Cell (1.5 MW)</description>
      <styleUrl>#Gas</styleUrl>
      <Point><coordinates>-121.94064,37.34994,0</coordinates></Point>
    </Placemark>
    <Placemark>
      <name>2408-CC</name>
      <description>SEGS IX (92.0 MW)</description>
      <styleUrl>#Gas</styleUrl>
      <Point><coordinates>-117.338,35.033,0</coordinates></Point>
    </Placemark>
    <Placemark>
      <name>2203-CC</name>
      <description>Sentinel Energy Center, LLC (800.0 MW)</description>
      <styleUrl>#Gas</styleUrl>
      <Point><coordinates>-116.571388,33.934167,0</coordinates></Point>
    </Placemark>
    <Placemark>
      <name>8004-CC</name>
      <description>Sierra Nevada Brewing Co Hybrid (4.2 MW)</description>
      <styleUrl>#Gas</styleUrl>
      <Point><coordinates>-121.815278,39.724167,0</coordinates></Point>
    </Placemark>
    <Placemark>
      <name>3301-CC</name>
      <description>SJ/SC WPCP (14.0 MW)</description>
      <styleUrl>#Gas</styleUrl>
      <Point><coordinates>-121.9464,37.4344,0</coordinates></Point>
    </Placemark>
    <Placemark>
      <name>3204-CC</name>
      <description>Solano County Cogen Plant (2.8 MW)</description>
      <styleUrl>#Gas</styleUrl>
      <Point><coordinates>-122.0394,38.2494,0</coordinates></Point>
    </Placemark>
    <Placemark>
      <name>3803-CC</name>
      <description>South Belridge Cogeneration Facility (94.2 MW)</description>
      <styleUrl>#Gas</styleUrl>
      <Point><coordinates>-119.7075,35.438611,0</coordinates></Point>
    </Placemark>
    <Placemark>
      <name>3803-CC</name>
      <description>Southeast Kern River Cogen (30.8 MW)</description>
      <styleUrl>#Gas</styleUrl>
      <Point><coordinates>-118.9644,35.4206,0</coordinates></Point>
    </Placemark>
    <Placemark>
      <name>2100-CC</name>
      <description>Spreckels Sugar Company (8.9 MW)</description>
      <styleUrl>#Gas</styleUrl>
      <Point><coordinates>-115.568056,32.911111,0</coordinates></Point>
    </Placemark>
    <Placemark>
      <name>2610-CC</name>
      <description>Springs Generating Station (40.0 MW)</description>
      <styleUrl>#Gas</styleUrl>
      <Point><coordinates>-117.2933,33.9308,0</coordinates></Point>
    </Placemark>
    <Placemark>
      <name>3103-CC</name>
      <description>SRI International Cogen Project (6.0 MW)</description>
      <styleUrl>#Gas</styleUrl>
      <Point><coordinates>-122.172797,37.455314,0</coordinates></Point>
    </Placemark>
    <Placemark>
      <name>2610-CC</name>
      <description>Stanton Energy Reliability Center (161.0 MW)</description>
      <styleUrl>#Gas</styleUrl>
      <Point><coordinates>-117.985758,33.806801,0</coordinates></Point>
    </Placemark>
    <Placemark>
      <name>2610-CC</name>
      <description>Starbucks - Evolution Fresh (1.1 MW)</description>
      <styleUrl>#Gas</styleUrl>
      <Point><coordinates>-117.551044,34.093684,0</coordinates></Point>
    </Placemark>
    <Placemark>
      <name>3103-CC</name>
      <description>Sunnyvale City of WPCP (1.6 MW)</description>
      <styleUrl>#Gas</styleUrl>
      <Point><coordinates>-122.0153,37.4194,0</coordinates></Point>
    </Placemark>
    <Placemark>
      <name>3803-CC</name>
      <description>Sunrise Power Company (685.2 MW)</description>
      <styleUrl>#Gas</styleUrl>
      <Point><coordinates>-119.585,35.2097,0</coordinates></Point>
    </Placemark>
    <Placemark>
      <name>3803-CC</name>
      <description>SunSelect1 (6.6 MW)</description>
      <styleUrl>#Gas</styleUrl>
      <Point><coordinates>-118.602184,35.096709,0</coordinates></Point>
    </Placemark>
    <Placemark>
      <name>3803-CC</name>
      <description>Sycamore Cogeneration (300.0 MW)</description>
      <styleUrl>#Gas</styleUrl>
      <Point><coordinates>-118.985313,35.452577,0</coordinates></Point>
    </Placemark>
    <Placemark>
      <name>3803-CC</name>
      <description>Taft 26C Cogen (12.4 MW)</description>
      <styleUrl>#Gas</styleUrl>
      <Point><coordinates>-119.4706,35.1133,0</coordinates></Point>
    </Placemark>
    <Placemark>
      <name>3301-CC</name>
      <description>Taylor Farms - Schilling Place (1.0 MW)</description>
      <styleUrl>#Gas</styleUrl>
      <Point><coordinates>-121.62369,36.65388,0</coordinates></Point>
    </Placemark>
    <Placemark>
      <name>3301-CC</name>
      <description>Taylor Farms Salinas (1.1 MW)</description>
      <styleUrl>#Gas</styleUrl>
      <Point><coordinates>-121.623333,36.6575,0</coordinates></Point>
    </Placemark>
    <Placemark>
      <name>3806-CC</name>
      <description>Thomas M Knott Cogen Facility (1.4 MW)</description>
      <styleUrl>#Gas</styleUrl>
      <Point><coordinates>-120.618333,35.184444,0</coordinates></Point>
    </Placemark>
    <Placemark>
      <name>2408-CC</name>
      <description>THUMS (57.4 MW)</description>
      <styleUrl>#Gas</styleUrl>
      <Point><coordinates>-118.2141,33.7684,0</coordinates></Point>
    </Placemark>
    <Placemark>
      <name>3301-CC</name>
      <description>TLR000 Hansen Fuel Cell (3.0 MW)</description>
      <styleUrl>#Gas</styleUrl>
      <Point><coordinates>-121.62428,36.65676,0</coordinates></Point>
    </Placemark>
    <Placemark>
      <name>3903-CC</name>
      <description>Tracy 210 (2.6 MW)</description>
      <styleUrl>#Gas</styleUrl>
      <Point><coordinates>-121.53097,37.72201,0</coordinates></Point>
    </Placemark>
    <Placemark>
      <name>3903-CC</name>
      <description>Tracy Combined Cycle Power Plant (336.1 MW)</description>
      <styleUrl>#Gas</styleUrl>
      <Point><coordinates>-121.4906,37.7107,0</coordinates></Point>
    </Placemark>
    <Placemark>
      <name>3105-CC</name>
      <description>Transamerica Pyramid (1.0 MW)</description>
      <styleUrl>#Gas</styleUrl>
      <Point><coordinates>-122.402778,37.795556,0</coordinates></Point>
    </Placemark>
    <Placemark>
      <name>2610-CC</name>
      <description>UCI Facilities Management Central Plant (19.0 MW)</description>
      <styleUrl>#Gas</styleUrl>
      <Point><coordinates>-117.8467,33.6481,0</coordinates></Point>
    </Placemark>
    <Placemark>
      <name>2610-CC</name>
      <description>UCI Fuel Cell (1.4 MW)</description>
      <styleUrl>#Gas</styleUrl>
      <Point><coordinates>-117.8901,33.788,0</coordinates></Point>
    </Placemark>
    <Placemark>
      <name>2408-CC</name>
      <description>UCLA So Campus Cogen Project (43.0 MW)</description>
      <styleUrl>#Gas</styleUrl>
      <Point><coordinates>-118.4439,34.0692,0</coordinates></Point>
    </Placemark>
    <Placemark>
      <name>3301-CC</name>
      <description>Univ of Calif Santa Cruz Cogeneration (4.4 MW)</description>
      <styleUrl>#Gas</styleUrl>
      <Point><coordinates>-122.0622,36.9997,0</coordinates></Point>
    </Placemark>
    <Placemark>
      <name>3105-CC</name>
      <description>Univ of San Francisco Cogen (1.5 MW)</description>
      <styleUrl>#Gas</styleUrl>
      <Point><coordinates>-122.451878,37.77656,0</coordinates></Point>
    </Placemark>
    <Placemark>
      <name>2203-CC</name>
      <description>University of California San Diego Hybrid (35.5 MW)</description>
      <styleUrl>#Gas</styleUrl>
      <Point><coordinates>-117.2392,32.8747,0</coordinates></Point>
    </Placemark>
    <Placemark>
      <name>2203-CC</name>
      <description>University of San Diego (1.0 MW)</description>
      <styleUrl>#Gas</styleUrl>
      <Point><coordinates>-117.191589,32.771701,0</coordinates></Point>
    </Placemark>
    <Placemark>
      <name>2408-CC</name>
      <description>US Borax (48.2 MW)</description>
      <styleUrl>#Gas</styleUrl>
      <Point><coordinates>-117.701,35.0329,0</coordinates></Point>
    </Placemark>
    <Placemark>
      <name>3204-CC</name>
      <description>Valero Refinery Cogeneration Unit 1 (49.9 MW)</description>
      <styleUrl>#Gas</styleUrl>
      <Point><coordinates>-122.1411,38.0736,0</coordinates></Point>
    </Placemark>
    <Placemark>
      <name>2408-CC</name>
      <description>Valero Wilmington Cogeneration Plant (33.5 MW)</description>
      <styleUrl>#Gas</styleUrl>
      <Point><coordinates>-118.23853,33.778655,0</coordinates></Point>
    </Placemark>
    <Placemark>
      <name>2408-CC</name>
      <description>Valley Generating Station (690.5 MW)</description>
      <styleUrl>#Gas</styleUrl>
      <Point><coordinates>-118.391327,34.244991,0</coordinates></Point>
    </Placemark>
    <Placemark>
      <name>2408-CC</name>
      <description>Verizon-Torrance (1.0 MW)</description>
      <styleUrl>#Gas</styleUrl>
      <Point><coordinates>-118.304167,33.850556,0</coordinates></Point>
    </Placemark>
    <Placemark>
      <name>2203-CC</name>
      <description>W Plant (4.6 MW)</description>
      <styleUrl>#Gas</styleUrl>
      <Point><coordinates>-117.195556,32.903333,0</coordinates></Point>
    </Placemark>
    <Placemark>
      <name>3903-CC</name>
      <description>Walnut (49.8 MW)</description>
      <styleUrl>#Gas</styleUrl>
      <Point><coordinates>-120.9044,37.4903,0</coordinates></Point>
    </Placemark>
    <Placemark>
      <name>2408-CC</name>
      <description>Walnut Creek Energy Park (500.0 MW)</description>
      <styleUrl>#Gas</styleUrl>
      <Point><coordinates>-117.944864,34.008709,0</coordinates></Point>
    </Placemark>
    <Placemark>
      <name>3903-CC</name>
      <description>Walnut Energy Center (300.6 MW)</description>
      <styleUrl>#Gas</styleUrl>
      <Point><coordinates>-120.8956,37.4878,0</coordinates></Point>
    </Placemark>
    <Placemark>
      <name>2203-CC</name>
      <description>Watkins Manufacturing Co. (2.0 MW)</description>
      <styleUrl>#Gas</styleUrl>
      <Point><coordinates>-117.236908,33.143847,0</coordinates></Point>
    </Placemark>
    <Placemark>
      <name>2408-CC</name>
      <description>Watson Cogeneration (405.0 MW)</description>
      <styleUrl>#Gas</styleUrl>
      <Point><coordinates>-118.244841,33.816647,0</coordinates></Point>
    </Placemark>
    <Placemark>
      <name>3803-CC</name>
      <description>Welport Lease Project (5.0 MW)</description>
      <styleUrl>#Gas</styleUrl>
      <Point><coordinates>-119.6617,35.354444,0</coordinates></Point>
    </Placemark>
    <Placemark>
      <name>2408-CC</name>
      <description>Westend Facility (20.0 MW)</description>
      <styleUrl>#Gas</styleUrl>
      <Point><coordinates>-117.3956,35.7075,0</coordinates></Point>
    </Placemark>
    <Placemark>
      <name>3803-CC</name>
      <description>Western Power &amp; Steam Inc (27.7 MW)</description>
      <styleUrl>#Gas</styleUrl>
      <Point><coordinates>-119.012861,35.440539,0</coordinates></Point>
    </Placemark>
    <Placemark>
      <name>3204-CC</name>
      <description>Wolfskill Energy Center (47.0 MW)</description>
      <styleUrl>#Gas</styleUrl>
      <Point><coordinates>-122.07525,38.228522,0</coordinates></Point>
    </Placemark>
    <Placemark>
      <name>3903-CC</name>
      <description>Woodland Generation Station (199.0 MW)</description>
      <styleUrl>#Gas</styleUrl>
      <Point><coordinates>-121.020397,37.652602,0</coordinates></Point>
    </Placemark>
    <Placemark>
      <name>3301-CC</name>
      <description>Xilinx San Jose (1.0 MW)</description>
      <styleUrl>#Gas</styleUrl>
      <Point><coordinates>-121.934167,37.252778,0</coordinates></Point>
    </Placemark>
    <Placemark>
      <name>3103-CC</name>
      <description>Yahoo! - HQ (1.1 MW)</description>
      <styleUrl>#Gas</styleUrl>
      <Point><coordinates>-122.025747,37.415419,0</coordinates></Point>
    </Placemark>
    <Placemark>
      <name>8004-CC</name>
      <description>Yuba City Cogen Partners (49.9 MW)</description>
      <styleUrl>#Gas</styleUrl>
      <Point><coordinates>-121.639846,39.13667,0</coordinates></Point>
    </Placemark>
    <Placemark>
      <name>8004-CC</name>
      <description>Yuba City Energy Center (49.5 MW)</description>
      <styleUrl>#Gas</styleUrl>
      <Point><coordinates>-121.6397,39.1365,0</coordinates></Point>
    </Placemark>
    <Placemark>
      <name>8004-CC</name>
      <description>Yuba City Energy Center (47.3 MW)</description>
      <styleUrl>#Gas</styleUrl>
      <Point><coordinates>-121.6387,39.1392,0</coordinates></Point>
    </Placemark>
    <Placemark>
      <name>7001-CC</name>
      <description>Alamosa (53.2 MW)</description>
      <styleUrl>#Gas</styleUrl>
      <Point><coordinates>-105.8947,37.4594,0</coordinates></Point>
    </Placemark>
    <Placemark>
      <name>7002-CC</name>
      <description>American Gypsum Cogeneration (9.6 MW)</description>
      <styleUrl>#Gas</styleUrl>
      <Point><coordinates>-106.949394,39.648565,0</coordinates></Point>
    </Placemark>
    <Placemark>
      <name>7001-CC</name>
      <description>Arapahoe Combustion Turbine Facility (194.0 MW)</description>
      <styleUrl>#Gas</styleUrl>
      <Point><coordinates>-105.0018,39.6692,0</coordinates></Point>
    </Placemark>
    <Placemark>
      <name>7001-CC</name>
      <description>Blue Spruce Energy Center (397.8 MW)</description>
      <styleUrl>#Gas</styleUrl>
      <Point><coordinates>-104.681404,39.747875,0</coordinates></Point>
    </Placemark>
    <Placemark>
      <name>7001-CC</name>
      <description>Brush Power Projects (297.2 MW)</description>
      <styleUrl>#Gas</styleUrl>
      <Point><coordinates>-103.631,40.2415,0</coordinates></Point>
    </Placemark>
    <Placemark>
      <name>7001-CC</name>
      <description>Cherokee (1006.4 MW)</description>
      <styleUrl>#Gas</styleUrl>
      <Point><coordinates>-104.964548,39.807275,0</coordinates></Point>
    </Placemark>
    <Placemark>
      <name>7001-CC</name>
      <description>Colorado Energy Nations Company (35.0 MW)</description>
      <styleUrl>#Gas</styleUrl>
      <Point><coordinates>-105.215,39.7606,0</coordinates></Point>
    </Placemark>
    <Placemark>
      <name>7001-CC</name>
      <description>Fort Lupton (100.8 MW)</description>
      <styleUrl>#Gas</styleUrl>
      <Point><coordinates>-104.796,40.0922,0</coordinates></Point>
    </Placemark>
    <Placemark>
      <name>7001-CC</name>
      <description>Fort St. Vrain (1148.5 MW)</description>
      <styleUrl>#Gas</styleUrl>
      <Point><coordinates>-104.8742,40.2461,0</coordinates></Point>
    </Placemark>
    <Placemark>
      <name>7001-CC</name>
      <description>Fountain Valley Power Plant (228.0 MW)</description>
      <styleUrl>#Gas</styleUrl>
      <Point><coordinates>-104.6875,38.5569,0</coordinates></Point>
    </Placemark>
    <Placemark>
      <name>7001-CC</name>
      <description>Frank Knutson Station (154.2 MW)</description>
      <styleUrl>#Gas</styleUrl>
      <Point><coordinates>-104.682015,39.941129,0</coordinates></Point>
    </Placemark>
    <Placemark>
      <name>7001-CC</name>
      <description>Front Range Power Plant (554.3 MW)</description>
      <styleUrl>#Gas</styleUrl>
      <Point><coordinates>-104.7069,38.6281,0</coordinates></Point>
    </Placemark>
    <Placemark>
      <name>6503-CC</name>
      <description>Fruita (26.6 MW)</description>
      <styleUrl>#Gas</styleUrl>
      <Point><coordinates>-108.7347,39.1364,0</coordinates></Point>
    </Placemark>
    <Placemark>
      <name>7001-CC</name>
      <description>Gaylord Rockies CHP (4.0 MW)</description>
      <styleUrl>#Gas</styleUrl>
      <Point><coordinates>-104.75,39.82,0</coordinates></Point>
    </Placemark>
    <Placemark>
      <name>7001-CC</name>
      <description>George Birdsall (61.1 MW)</description>
      <styleUrl>#Gas</styleUrl>
      <Point><coordinates>-104.816944,38.881389,0</coordinates></Point>
    </Placemark>
    <Placemark>
      <name>7001-CC</name>
      <description>J M Shafer (396.9 MW)</description>
      <styleUrl>#Gas</styleUrl>
      <Point><coordinates>-104.7736,40.0986,0</coordinates></Point>
    </Placemark>
    <Placemark>
      <name>7001-CC</name>
      <description>Limon Generating Station (154.2 MW)</description>
      <styleUrl>#Gas</styleUrl>
      <Point><coordinates>-103.7005,39.2038,0</coordinates></Point>
    </Placemark>
    <Placemark>
      <name>7001-CC</name>
      <description>Manchief Generating Station (300.0 MW)</description>
      <styleUrl>#Gas</styleUrl>
      <Point><coordinates>-103.68504,40.217143,0</coordinates></Point>
    </Placemark>
    <Placemark>
      <name>7001-CC</name>
      <description>Martin Drake (207.3 MW)</description>
      <styleUrl>#Gas</styleUrl>
      <Point><coordinates>-104.833333,38.824444,0</coordinates></Point>
    </Placemark>
    <Placemark>
      <name>7001-CC</name>
      <description>Plains End (114.0 MW)</description>
      <styleUrl>#Gas</styleUrl>
      <Point><coordinates>-105.225967,39.857499,0</coordinates></Point>
    </Placemark>
    <Placemark>
      <name>7001-CC</name>
      <description>Plains End II LLC (117.6 MW)</description>
      <styleUrl>#Gas</styleUrl>
      <Point><coordinates>-105.2256,39.8586,0</coordinates></Point>
    </Placemark>
    <Placemark>
      <name>7001-CC</name>
      <description>Pueblo Airport Generating Station (440.0 MW)</description>
      <styleUrl>#Gas</styleUrl>
      <Point><coordinates>-104.52639,38.320833,0</coordinates></Point>
    </Placemark>
    <Placemark>
      <name>7002-CC</name>
      <description>Rifle Generating Station (84.0 MW)</description>
      <styleUrl>#Gas</styleUrl>
      <Point><coordinates>-107.7299,39.5173,0</coordinates></Point>
    </Placemark>
    <Placemark>
      <name>7001-CC</name>
      <description>Rocky Mountain Energy Center (685.1 MW)</description>
      <styleUrl>#Gas</styleUrl>
      <Point><coordinates>-104.5953,40.0908,0</coordinates></Point>
    </Placemark>
    <Placemark>
      <name>7001-CC</name>
      <description>Spindle Hill Energy Center (420.0 MW)</description>
      <styleUrl>#Gas</styleUrl>
      <Point><coordinates>-104.887844,40.092192,0</coordinates></Point>
    </Placemark>
    <Placemark>
      <name>7001-CC</name>
      <description>Trinidad (CO) (9.2 MW)</description>
      <styleUrl>#Gas</styleUrl>
      <Point><coordinates>-104.487492,37.178979,0</coordinates></Point>
    </Placemark>
    <Placemark>
      <name>7001-CC</name>
      <description>University of Colorado (33.0 MW)</description>
      <styleUrl>#Gas</styleUrl>
      <Point><coordinates>-105.269204,40.00759,0</coordinates></Point>
    </Placemark>
    <Placemark>
      <name>7001-CC</name>
      <description>Valmont (59.3 MW)</description>
      <styleUrl>#Gas</styleUrl>
      <Point><coordinates>-105.202,40.0195,0</coordinates></Point>
    </Placemark>
    <Placemark>
      <name>7001-CC</name>
      <description>Valmont Combustion Turbine Facility (142.2 MW)</description>
      <styleUrl>#Gas</styleUrl>
      <Point><coordinates>-105.2009,40.0205,0</coordinates></Point>
    </Placemark>
    <Placemark>
      <name>7001-CC</name>
      <description>Western Sugar Coop- Ft Morgan (3.0 MW)</description>
      <styleUrl>#Gas</styleUrl>
      <Point><coordinates>-103.8069,40.263,0</coordinates></Point>
    </Placemark>
    <Placemark>
      <name>6403-CC</name>
      <description>Amalgamated Sugar LLC Nampa (8.2 MW)</description>
      <styleUrl>#Gas</styleUrl>
      <Point><coordinates>-116.5753,43.6058,0</coordinates></Point>
    </Placemark>
    <Placemark>
      <name>6101-CC</name>
      <description>Amalgamated Sugar Twin Falls (10.2 MW)</description>
      <styleUrl>#Gas</styleUrl>
      <Point><coordinates>-114.4328,42.5328,0</coordinates></Point>
    </Placemark>
    <Placemark>
      <name>6101-CC</name>
      <description>Bennett Mountain Power Project (172.8 MW)</description>
      <styleUrl>#Gas</styleUrl>
      <Point><coordinates>-115.666637,43.147153,0</coordinates></Point>
    </Placemark>
    <Placemark>
      <name>6305-CC</name>
      <description>BYUI Central Energy Facility (5.6 MW)</description>
      <styleUrl>#Gas</styleUrl>
      <Point><coordinates>-111.785833,43.816944,0</coordinates></Point>
    </Placemark>
    <Placemark>
      <name>6101-CC</name>
      <description>Evander Andrews Power Complex (270.9 MW)</description>
      <styleUrl>#Gas</styleUrl>
      <Point><coordinates>-115.734315,43.179176,0</coordinates></Point>
    </Placemark>
    <Placemark>
      <name>6403-CC</name>
      <description>Langley Gulch Power Plant (318.5 MW)</description>
      <styleUrl>#Gas</styleUrl>
      <Point><coordinates>-116.819722,43.904444,0</coordinates></Point>
    </Placemark>
    <Placemark>
      <name>4102-CC</name>
      <description>Rathdrum Combustion Turbine Project (166.4 MW)</description>
      <styleUrl>#Gas</styleUrl>
      <Point><coordinates>-116.867312,47.80427,0</coordinates></Point>
    </Placemark>
    <Placemark>
      <name>4102-CC</name>
      <description>Rathdrum Power, LLC (301.5 MW)</description>
      <styleUrl>#Gas</styleUrl>
      <Point><coordinates>-116.9203,47.7858,0</coordinates></Point>
    </Placemark>
    <Placemark>
      <name>6205-CC</name>
      <description>Basin Creek Plant (54.9 MW)</description>
      <styleUrl>#Gas</styleUrl>
      <Point><coordinates>-112.5194,45.9293,0</coordinates></Point>
    </Placemark>
    <Placemark>
      <name>6201-CC</name>
      <description>Culbertson Station (108.2 MW)</description>
      <styleUrl>#Gas</styleUrl>
      <Point><coordinates>-104.391667,48.21,0</coordinates></Point>
    </Placemark>
    <Placemark>
      <name>6205-CC</name>
      <description>Dave Gates Generating Station (203.1 MW)</description>
      <styleUrl>#Gas</styleUrl>
      <Point><coordinates>-112.876605,46.104713,0</coordinates></Point>
    </Placemark>
    <Placemark>
      <name>6201-CC</name>
      <description>Glendive Generating Station (83.7 MW)</description>
      <styleUrl>#Gas</styleUrl>
      <Point><coordinates>-104.74,47.0539,0</coordinates></Point>
    </Placemark>
    <Placemark>
      <name>6201-CC</name>
      <description>Lewis &amp; Clark (18.6 MW)</description>
      <styleUrl>#Gas</styleUrl>
      <Point><coordinates>-104.15665,47.6785,0</coordinates></Point>
    </Placemark>
    <Placemark>
      <name>6201-CC</name>
      <description>Miles City GT (23.3 MW)</description>
      <styleUrl>#Gas</styleUrl>
      <Point><coordinates>-105.7953,46.4112,0</coordinates></Point>
    </Placemark>
    <Placemark>
      <name>6201-CC</name>
      <description>Sidney MT Plant (4.0 MW)</description>
      <styleUrl>#Gas</styleUrl>
      <Point><coordinates>-104.135556,47.717222,0</coordinates></Point>
    </Placemark>
    <Placemark>
      <name>1101-CC</name>
      <description>Afton Generating Station (287.0 MW)</description>
      <styleUrl>#Gas</styleUrl>
      <Point><coordinates>-106.846483,32.114185,0</coordinates></Point>
    </Placemark>
    <Placemark>
      <name>1004-CC</name>
      <description>Algodones (45.0 MW)</description>
      <styleUrl>#Gas</styleUrl>
      <Point><coordinates>-106.464167,35.384444,0</coordinates></Point>
    </Placemark>
    <Placemark>
      <name>1004-CC</name>
      <description>Bluffview Power Plant (67.0 MW)</description>
      <styleUrl>#Gas</styleUrl>
      <Point><coordinates>-108.215282,36.716628,0</coordinates></Point>
    </Placemark>
    <Placemark>
      <name>1101-CC</name>
      <description>Chino Mines (54.0 MW)</description>
      <styleUrl>#Gas</styleUrl>
      <Point><coordinates>-108.1225,32.6956,0</coordinates></Point>
    </Placemark>
    <Placemark>
      <name>7001-CC</name>
      <description>Cunningham (519.2 MW)</description>
      <styleUrl>#Gas</styleUrl>
      <Point><coordinates>-103.3533,32.7131,0</coordinates></Point>
    </Placemark>
    <Placemark>
      <name>1004-CC</name>
      <description>Ford Utilities Center (14.8 MW)</description>
      <styleUrl>#Gas</styleUrl>
      <Point><coordinates>-106.625191,35.084078,0</coordinates></Point>
    </Placemark>
    <Placemark>
      <name>7001-CC</name>
      <description>Hobbs Generating Station (681.5 MW)</description>
      <styleUrl>#Gas</styleUrl>
      <Point><coordinates>-103.309444,32.728333,0</coordinates></Point>
    </Placemark>
    <Placemark>
      <name>1001-CC</name>
      <description>La Luz Energy Center (42.3 MW)</description>
      <styleUrl>#Gas</styleUrl>
      <Point><coordinates>-106.815,34.616111,0</coordinates></Point>
    </Placemark>
    <Placemark>
      <name>7001-CC</name>
      <description>LCEC Generation LLVC (46.5 MW)</description>
      <styleUrl>#Gas</styleUrl>
      <Point><coordinates>-103.323889,32.978056,0</coordinates></Point>
    </Placemark>
    <Placemark>
      <name>1101-CC</name>
      <description>Lordsburg Generating Station (88.0 MW)</description>
      <styleUrl>#Gas</styleUrl>
      <Point><coordinates>-108.69799,32.35051,0</coordinates></Point>
    </Placemark>
    <Placemark>
      <name>1101-CC</name>
      <description>Luna Energy Facility (650.0 MW)</description>
      <styleUrl>#Gas</styleUrl>
      <Point><coordinates>-107.7834,32.299349,0</coordinates></Point>
    </Placemark>
    <Placemark>
      <name>7001-CC</name>
      <description>Maddox (212.0 MW)</description>
      <styleUrl>#Gas</styleUrl>
      <Point><coordinates>-103.301469,32.714224,0</coordinates></Point>
    </Placemark>
    <Placemark>
      <name>1101-CC</name>
      <description>New Mexico State University (4.7 MW)</description>
      <styleUrl>#Gas</styleUrl>
      <Point><coordinates>-106.753716,32.280032,0</coordinates></Point>
    </Placemark>
    <Placemark>
      <name>1101-CC</name>
      <description>Pyramid Generating Station (186.0 MW)</description>
      <styleUrl>#Gas</styleUrl>
      <Point><coordinates>-108.5494,32.2363,0</coordinates></Point>
    </Placemark>
    <Placemark>
      <name>1004-CC</name>
      <description>Reeves Generating Station (154.0 MW)</description>
      <styleUrl>#Gas</styleUrl>
      <Point><coordinates>-106.6019,35.171,0</coordinates></Point>
    </Placemark>
    <Placemark>
      <name>1004-CC</name>
      <description>Rio Bravo Generating Station (150.0 MW)</description>
      <styleUrl>#Gas</styleUrl>
      <Point><coordinates>-106.644,35.026,0</coordinates></Point>
    </Placemark>
    <Placemark>
      <name>1101-CC</name>
      <description>Rio Grande (398.3 MW)</description>
      <styleUrl>#Gas</styleUrl>
      <Point><coordinates>-106.5472,31.8047,0</coordinates></Point>
    </Placemark>
    <Placemark>
      <name>1004-CC</name>
      <description>Southside Water Reclamation Plant (6.6 MW)</description>
      <styleUrl>#Gas</styleUrl>
      <Point><coordinates>-106.669722,35.016111,0</coordinates></Point>
    </Placemark>
    <Placemark>
      <name>1004-CC</name>
      <description>Valencia Power Plant (159.5 MW)</description>
      <styleUrl>#Gas</styleUrl>
      <Point><coordinates>-106.732234,34.611549,0</coordinates></Point>
    </Placemark>
    <Placemark>
      <name>1302-CC</name>
      <description>Apex Generating Station (600.6 MW)</description>
      <styleUrl>#Gas</styleUrl>
      <Point><coordinates>-114.960916,36.415999,0</coordinates></Point>
    </Placemark>
    <Placemark>
      <name>1302-CC</name>
      <description>Chuck Lenzie Generating Station (1465.6 MW)</description>
      <styleUrl>#Gas</styleUrl>
      <Point><coordinates>-114.921779,36.383719,0</coordinates></Point>
    </Placemark>
    <Placemark>
      <name>1301-CC</name>
      <description>CityCenter Central Plant Cogen Units (8.6 MW)</description>
      <styleUrl>#Gas</styleUrl>
      <Point><coordinates>-115.1794,36.1039,0</coordinates></Point>
    </Placemark>
    <Placemark>
      <name>1301-CC</name>
      <description>Clark (1375.6 MW)</description>
      <styleUrl>#Gas</styleUrl>
      <Point><coordinates>-115.0507,36.0875,0</coordinates></Point>
    </Placemark>
    <Placemark>
      <name>1301-CC</name>
      <description>Desert Star Energy Center (537.3 MW)</description>
      <styleUrl>#Gas</styleUrl>
      <Point><coordinates>-114.994167,35.788889,0</coordinates></Point>
    </Placemark>
    <Placemark>
      <name>8004-CC</name>
      <description>Fort Churchill (230.0 MW)</description>
      <styleUrl>#Gas</styleUrl>
      <Point><coordinates>-119.1322,39.1281,0</coordinates></Point>
    </Placemark>
    <Placemark>
      <name>1302-CC</name>
      <description>Harry Allen (745.0 MW)</description>
      <styleUrl>#Gas</styleUrl>
      <Point><coordinates>-114.902405,36.430554,0</coordinates></Point>
    </Placemark>
    <Placemark>
      <name>1302-CC</name>
      <description>Las Vegas Generating Station (358.9 MW)</description>
      <styleUrl>#Gas</styleUrl>
      <Point><coordinates>-115.1222,36.2319,0</coordinates></Point>
    </Placemark>
    <Placemark>
      <name>1302-CC</name>
      <description>Nevada Cogen Assoc#1 GarnetVly (94.8 MW)</description>
      <styleUrl>#Gas</styleUrl>
      <Point><coordinates>-114.920686,36.343229,0</coordinates></Point>
    </Placemark>
    <Placemark>
      <name>1301-CC</name>
      <description>Nevada Cogen Associates 2 Black Mountain (96.3 MW)</description>
      <styleUrl>#Gas</styleUrl>
      <Point><coordinates>-114.8783,36.2253,0</coordinates></Point>
    </Placemark>
    <Placemark>
      <name>1301-CC</name>
      <description>Nevada Solar One (75.7 MW)</description>
      <styleUrl>#Gas</styleUrl>
      <Point><coordinates>-114.98173,35.799798,0</coordinates></Point>
    </Placemark>
    <Placemark>
      <name>1301-CC</name>
      <description>Saguaro Power (127.2 MW)</description>
      <styleUrl>#Gas</styleUrl>
      <Point><coordinates>-115.0117,36.0417,0</coordinates></Point>
    </Placemark>
    <Placemark>
      <name>1302-CC</name>
      <description>Silverhawk (664.7 MW)</description>
      <styleUrl>#Gas</styleUrl>
      <Point><coordinates>-114.9606,36.4078,0</coordinates></Point>
    </Placemark>
    <Placemark>
      <name>1301-CC</name>
      <description>Sun Peak Generating Station (222.0 MW)</description>
      <styleUrl>#Gas</styleUrl>
      <Point><coordinates>-115.0339,36.1375,0</coordinates></Point>
    </Placemark>
    <Placemark>
      <name>8004-CC</name>
      <description>Tracy (1032.9 MW)</description>
      <styleUrl>#Gas</styleUrl>
      <Point><coordinates>-119.525,39.5625,0</coordinates></Point>
    </Placemark>
    <Placemark>
      <name>1301-CC</name>
      <description>Walter M. Higgins III Generating Station (688.4 MW)</description>
      <styleUrl>#Gas</styleUrl>
      <Point><coordinates>-115.3561,35.6139,0</coordinates></Point>
    </Placemark>
    <Placemark>
      <name>8004-CC</name>
      <description>Western 102 Power Plant (118.6 MW)</description>
      <styleUrl>#Gas</styleUrl>
      <Point><coordinates>-119.5108,39.5603,0</coordinates></Point>
    </Placemark>
    <Placemark>
      <name>4202-CC</name>
      <description>Beaver (610.7 MW)</description>
      <styleUrl>#Gas</styleUrl>
      <Point><coordinates>-123.17392,46.172401,0</coordinates></Point>
    </Placemark>
    <Placemark>
      <name>4005-CC</name>
      <description>Carty Generating Station (500.0 MW)</description>
      <styleUrl>#Gas</styleUrl>
      <Point><coordinates>-119.813056,45.698611,0</coordinates></Point>
    </Placemark>
    <Placemark>
      <name>4102-CC</name>
      <description>Coyote Springs (296.0 MW)</description>
      <styleUrl>#Gas</styleUrl>
      <Point><coordinates>-119.67392,45.847998,0</coordinates></Point>
    </Placemark>
    <Placemark>
      <name>4102-CC</name>
      <description>Coyote Springs II (287.0 MW)</description>
      <styleUrl>#Gas</styleUrl>
      <Point><coordinates>-119.673965,45.848039,0</coordinates></Point>
    </Placemark>
    <Placemark>
      <name>4102-CC</name>
      <description>Hermiston (621.2 MW)</description>
      <styleUrl>#Gas</styleUrl>
      <Point><coordinates>-119.37,45.8042,0</coordinates></Point>
    </Placemark>
    <Placemark>
      <name>4102-CC</name>
      <description>Hermiston Power Plant (689.4 MW)</description>
      <styleUrl>#Gas</styleUrl>
      <Point><coordinates>-119.313323,45.794046,0</coordinates></Point>
    </Placemark>
    <Placemark>
      <name>4001-CC</name>
      <description>Klamath Cogeneration Project (501.5 MW)</description>
      <styleUrl>#Gas</styleUrl>
      <Point><coordinates>-121.810556,42.173889,0</coordinates></Point>
    </Placemark>
    <Placemark>
      <name>4001-CC</name>
      <description>Klamath Generation Peakers (117.6 MW)</description>
      <styleUrl>#Gas</styleUrl>
      <Point><coordinates>-121.814393,42.172718,0</coordinates></Point>
    </Placemark>
    <Placemark>
      <name>4006-CC</name>
      <description>Oregon State University Energy Center (6.5 MW)</description>
      <styleUrl>#Gas</styleUrl>
      <Point><coordinates>-123.289089,44.564333,0</coordinates></Point>
    </Placemark>
    <Placemark>
      <name>4202-CC</name>
      <description>Port Westward (483.0 MW)</description>
      <styleUrl>#Gas</styleUrl>
      <Point><coordinates>-123.172039,46.17894,0</coordinates></Point>
    </Placemark>
    <Placemark>
      <name>4202-CC</name>
      <description>Port Westward Unit 2 (225.6 MW)</description>
      <styleUrl>#Gas</styleUrl>
      <Point><coordinates>-123.171944,46.178889,0</coordinates></Point>
    </Placemark>
    <Placemark>
      <name>4005-CC</name>
      <description>Threemile Digester (4.8 MW)</description>
      <styleUrl>#Gas</styleUrl>
      <Point><coordinates>-119.901111,45.71,0</coordinates></Point>
    </Placemark>
    <Placemark>
      <name>4006-CC</name>
      <description>Univ of Oregon Central Power Station (17.6 MW)</description>
      <styleUrl>#Gas</styleUrl>
      <Point><coordinates>-123.073889,44.048333,0</coordinates></Point>
    </Placemark>
    <Placemark>
      <name>6305-CC</name>
      <description>Bountiful City (30.4 MW)</description>
      <styleUrl>#Gas</styleUrl>
      <Point><coordinates>-111.885332,40.886867,0</coordinates></Point>
    </Placemark>
    <Placemark>
      <name>6305-CC</name>
      <description>BYU Central Heating Plant (16.5 MW)</description>
      <styleUrl>#Gas</styleUrl>
      <Point><coordinates>-111.6462,40.24724,0</coordinates></Point>
    </Placemark>
    <Placemark>
      <name>6305-CC</name>
      <description>Central Energy Plant USU (5.0 MW)</description>
      <styleUrl>#Gas</styleUrl>
      <Point><coordinates>-111.811667,41.748611,0</coordinates></Point>
    </Placemark>
    <Placemark>
      <name>6305-CC</name>
      <description>Currant Creek Power Project (649.0 MW)</description>
      <styleUrl>#Gas</styleUrl>
      <Point><coordinates>-111.89345,39.82144,0</coordinates></Point>
    </Placemark>
    <Placemark>
      <name>6305-CC</name>
      <description>Gadsby (484.6 MW)</description>
      <styleUrl>#Gas</styleUrl>
      <Point><coordinates>-111.9289,40.7686,0</coordinates></Point>
    </Placemark>
    <Placemark>
      <name>6305-CC</name>
      <description>Heber City (15.9 MW)</description>
      <styleUrl>#Gas</styleUrl>
      <Point><coordinates>-111.425246,40.50368,0</coordinates></Point>
    </Placemark>
    <Placemark>
      <name>6305-CC</name>
      <description>HTW Plant 303 COGEN (7.4 MW)</description>
      <styleUrl>#Gas</styleUrl>
      <Point><coordinates>-111.841667,40.763056,0</coordinates></Point>
    </Placemark>
    <Placemark>
      <name>1302-CC</name>
      <description>Hurricane City Power (15.1 MW)</description>
      <styleUrl>#Gas</styleUrl>
      <Point><coordinates>-113.2975,37.185556,0</coordinates></Point>
    </Placemark>
    <Placemark>
      <name>6305-CC</name>
      <description>Lagoon Cogeneration Facility (3.0 MW)</description>
      <styleUrl>#Gas</styleUrl>
      <Point><coordinates>-111.8983,40.9872,0</coordinates></Point>
    </Placemark>
    <Placemark>
      <name>6305-CC</name>
      <description>Lake Side Power Plant (1385.0 MW)</description>
      <styleUrl>#Gas</styleUrl>
      <Point><coordinates>-111.754167,40.331667,0</coordinates></Point>
    </Placemark>
    <Placemark>
      <name>6305-CC</name>
      <description>Logan City (15.9 MW)</description>
      <styleUrl>#Gas</styleUrl>
      <Point><coordinates>-111.8433,41.725833,0</coordinates></Point>
    </Placemark>
    <Placemark>
      <name>1302-CC</name>
      <description>Millcreek Power (80.0 MW)</description>
      <styleUrl>#Gas</styleUrl>
      <Point><coordinates>-113.516581,37.112092,0</coordinates></Point>
    </Placemark>
    <Placemark>
      <name>6305-CC</name>
      <description>Murray Turbine (42.0 MW)</description>
      <styleUrl>#Gas</styleUrl>
      <Point><coordinates>-111.89,40.67,0</coordinates></Point>
    </Placemark>
    <Placemark>
      <name>6305-CC</name>
      <description>Nebo Power Station (140.0 MW)</description>
      <styleUrl>#Gas</styleUrl>
      <Point><coordinates>-111.7294,40.0614,0</coordinates></Point>
    </Placemark>
    <Placemark>
      <name>6305-CC</name>
      <description>Payson (9.7 MW)</description>
      <styleUrl>#Gas</styleUrl>
      <Point><coordinates>-111.73023,40.06084,0</coordinates></Point>
    </Placemark>
    <Placemark>
      <name>6305-CC</name>
      <description>Provo Power Plant (12.0 MW)</description>
      <styleUrl>#Gas</styleUrl>
      <Point><coordinates>-111.66298,40.2427,0</coordinates></Point>
    </Placemark>
    <Placemark>
      <name>6305-CC</name>
      <description>Snowbird Power Plant (6.5 MW)</description>
      <styleUrl>#Gas</styleUrl>
      <Point><coordinates>-111.653903,40.58337,0</coordinates></Point>
    </Placemark>
    <Placemark>
      <name>1302-CC</name>
      <description>Solomon Generating Facility (14.9 MW)</description>
      <styleUrl>#Gas</styleUrl>
      <Point><coordinates>-113.563394,37.030051,0</coordinates></Point>
    </Placemark>
    <Placemark>
      <name>6305-CC</name>
      <description>Tesoro SLC Cogeneration Plant (30.4 MW)</description>
      <styleUrl>#Gas</styleUrl>
      <Point><coordinates>-111.9038,40.7931,0</coordinates></Point>
    </Placemark>
    <Placemark>
      <name>6305-CC</name>
      <description>US Magnesium (48.0 MW)</description>
      <styleUrl>#Gas</styleUrl>
      <Point><coordinates>-112.733889,40.913333,0</coordinates></Point>
    </Placemark>
    <Placemark>
      <name>1302-CC</name>
      <description>Washington City Electric Generation (6.0 MW)</description>
      <styleUrl>#Gas</styleUrl>
      <Point><coordinates>-113.439167,37.155,0</coordinates></Point>
    </Placemark>
    <Placemark>
      <name>6305-CC</name>
      <description>West Valley Power Plant (217.0 MW)</description>
      <styleUrl>#Gas</styleUrl>
      <Point><coordinates>-112.0317,40.6667,0</coordinates></Point>
    </Placemark>
    <Placemark>
      <name>6305-CC</name>
      <description>Whitehead (31.0 MW)</description>
      <styleUrl>#Gas</styleUrl>
      <Point><coordinates>-111.6203,40.1817,0</coordinates></Point>
    </Placemark>
    <Placemark>
      <name>4102-CC</name>
      <description>Boulder Park (24.6 MW)</description>
      <styleUrl>#Gas</styleUrl>
      <Point><coordinates>-117.147222,47.697222,0</coordinates></Point>
    </Placemark>
    <Placemark>
      <name>4202-CC</name>
      <description>Chehalis Generation Facility (698.0 MW)</description>
      <styleUrl>#Gas</styleUrl>
      <Point><coordinates>-122.9131,46.6225,0</coordinates></Point>
    </Placemark>
    <Placemark>
      <name>5001-CC</name>
      <description>Encogen Generating Station (176.4 MW)</description>
      <styleUrl>#Gas</styleUrl>
      <Point><coordinates>-122.486,48.746,0</coordinates></Point>
    </Placemark>
    <Placemark>
      <name>5001-CC</name>
      <description>Ferndale Generating Station (285.5 MW)</description>
      <styleUrl>#Gas</styleUrl>
      <Point><coordinates>-122.685114,48.828996,0</coordinates></Point>
    </Placemark>
    <Placemark>
      <name>4202-CC</name>
      <description>Frederickson (177.8 MW)</description>
      <styleUrl>#Gas</styleUrl>
      <Point><coordinates>-122.365,47.079722,0</coordinates></Point>
    </Placemark>
    <Placemark>
      <name>4202-CC</name>
      <description>Frederickson Power LP (318.3 MW)</description>
      <styleUrl>#Gas</styleUrl>
      <Point><coordinates>-122.365674,47.086111,0</coordinates></Point>
    </Placemark>
    <Placemark>
      <name>4201-CC</name>
      <description>Fredonia Generating Station (376.0 MW)</description>
      <styleUrl>#Gas</styleUrl>
      <Point><coordinates>-122.4358,48.4558,0</coordinates></Point>
    </Placemark>
    <Placemark>
      <name>4005-CC</name>
      <description>Goldendale Generating Station (302.8 MW)</description>
      <styleUrl>#Gas</styleUrl>
      <Point><coordinates>-120.833,45.8114,0</coordinates></Point>
    </Placemark>
    <Placemark>
      <name>4202-CC</name>
      <description>Grays Harbor Energy Center (714.9 MW)</description>
      <styleUrl>#Gas</styleUrl>
      <Point><coordinates>-123.48,46.9692,0</coordinates></Point>
    </Placemark>
    <Placemark>
      <name>4201-CC</name>
      <description>HF Sinclair Puget Sound Refining (139.8 MW)</description>
      <styleUrl>#Gas</styleUrl>
      <Point><coordinates>-122.56,48.4708,0</coordinates></Point>
    </Placemark>
    <Placemark>
      <name>4202-CC</name>
      <description>Mint Farm Generating Station (319.0 MW)</description>
      <styleUrl>#Gas</styleUrl>
      <Point><coordinates>-122.985506,46.138824,0</coordinates></Point>
    </Placemark>
    <Placemark>
      <name>4102-CC</name>
      <description>Northeast (WA) (61.8 MW)</description>
      <styleUrl>#Gas</styleUrl>
      <Point><coordinates>-117.370538,47.73511,0</coordinates></Point>
    </Placemark>
    <Placemark>
      <name>4006-CC</name>
      <description>River Road (248.0 MW)</description>
      <styleUrl>#Gas</styleUrl>
      <Point><coordinates>-122.7256,45.6497,0</coordinates></Point>
    </Placemark>
    <Placemark>
      <name>5001-CC</name>
      <description>Sumas Generating Station (125.5 MW)</description>
      <styleUrl>#Gas</styleUrl>
      <Point><coordinates>-122.2733,48.9905,0</coordinates></Point>
    </Placemark>
    <Placemark>
      <name>4201-CC</name>
      <description>University of Washington Power Plant (17.0 MW)</description>
      <styleUrl>#Gas</styleUrl>
      <Point><coordinates>-122.3036,47.6539,0</coordinates></Point>
    </Placemark>
    <Placemark>
      <name>5001-CC</name>
      <description>Whitehorn (169.2 MW)</description>
      <styleUrl>#Gas</styleUrl>
      <Point><coordinates>-122.75164,48.885636,0</coordinates></Point>
    </Placemark>
    <Placemark>
      <name>6201-CC</name>
      <description>Arvada (15.0 MW)</description>
      <styleUrl>#Gas</styleUrl>
      <Point><coordinates>-106.1092,44.69,0</coordinates></Point>
    </Placemark>
    <Placemark>
      <name>6201-CC</name>
      <description>Barber Creek (22.5 MW)</description>
      <styleUrl>#Gas</styleUrl>
      <Point><coordinates>-105.7689,43.7219,0</coordinates></Point>
    </Placemark>
    <Placemark>
      <name>7002-CC</name>
      <description>Beaver Creek Gas Plant (5.9 MW)</description>
      <styleUrl>#Gas</styleUrl>
      <Point><coordinates>-108.3136,42.8475,0</coordinates></Point>
    </Placemark>
    <Placemark>
      <name>7002-CC</name>
      <description>Big Sand Draw Plant (8.0 MW)</description>
      <styleUrl>#Gas</styleUrl>
      <Point><coordinates>-108.1697,42.7527,0</coordinates></Point>
    </Placemark>
    <Placemark>
      <name>7001-CC</name>
      <description>Cheyenne Prairie Generating Station (140.0 MW)</description>
      <styleUrl>#Gas</styleUrl>
      <Point><coordinates>-104.72,41.123611,0</coordinates></Point>
    </Placemark>
    <Placemark>
      <name>6201-CC</name>
      <description>Hartzog (22.5 MW)</description>
      <styleUrl>#Gas</styleUrl>
      <Point><coordinates>-105.5322,43.8294,0</coordinates></Point>
    </Placemark>
    <Placemark>
      <name>6201-CC</name>
      <description>Neil Simpson II (CT2) (40.0 MW)</description>
      <styleUrl>#Gas</styleUrl>
      <Point><coordinates>-105.3786,44.285,0</coordinates></Point>
    </Placemark>
    <Placemark>
      <name>6305-CC</name>
      <description>Shute Creek Facility (144.0 MW)</description>
      <styleUrl>#Gas</styleUrl>
      <Point><coordinates>-110.0904,41.8805,0</coordinates></Point>
    </Placemark>
  </Folder>
  <Folder>
    <name>Geothermal</name>
    <Placemark>
      <name>3501-ST</name>
      <description>Aidlin Geothermal Power Plant (25.0 MW)</description>
      <styleUrl>#Geothermal</styleUrl>
      <Point><coordinates>-122.881,38.8339,0</coordinates></Point>
    </Placemark>
    <Placemark>
      <name>3501-ST</name>
      <description>Amedee Geothermal Venture I (3.0 MW)</description>
      <styleUrl>#Geothermal</styleUrl>
      <Point><coordinates>-120.105,40.300833,0</coordinates></Point>
    </Placemark>
    <Placemark>
      <name>3501-ST</name>
      <description>Bottle Rock Power (55.0 MW)</description>
      <styleUrl>#Geothermal</styleUrl>
      <Point><coordinates>-122.7677,38.8348,0</coordinates></Point>
    </Placemark>
    <Placemark>
      <name>3501-ST</name>
      <description>Calistoga Power Plant (176.4 MW)</description>
      <styleUrl>#Geothermal</styleUrl>
      <Point><coordinates>-122.7434,38.7879,0</coordinates></Point>
    </Placemark>
    <Placemark>
      <name>2405-ST</name>
      <description>CD4 (44.4 MW)</description>
      <styleUrl>#Geothermal</styleUrl>
      <Point><coordinates>-118.915794,37.646053,0</coordinates></Point>
    </Placemark>
    <Placemark>
      <name>2600-ST</name>
      <description>CE Leathers (45.5 MW)</description>
      <styleUrl>#Geothermal</styleUrl>
      <Point><coordinates>-115.565,33.1779,0</coordinates></Point>
    </Placemark>
    <Placemark>
      <name>2600-ST</name>
      <description>CE Turbo LLC (11.5 MW)</description>
      <styleUrl>#Geothermal</styleUrl>
      <Point><coordinates>-115.5114,33.1669,0</coordinates></Point>
    </Placemark>
    <Placemark>
      <name>2600-ST</name>
      <description>Coso Energy Developers (90.0 MW)</description>
      <styleUrl>#Geothermal</styleUrl>
      <Point><coordinates>-117.7886,36.0019,0</coordinates></Point>
    </Placemark>
    <Placemark>
      <name>2600-ST</name>
      <description>Coso Finance Partners (92.2 MW)</description>
      <styleUrl>#Geothermal</styleUrl>
      <Point><coordinates>-117.7981,36.0372,0</coordinates></Point>
    </Placemark>
    <Placemark>
      <name>2600-ST</name>
      <description>Coso Power Developers (90.0 MW)</description>
      <styleUrl>#Geothermal</styleUrl>
      <Point><coordinates>-117.7917,36.0192,0</coordinates></Point>
    </Placemark>
    <Placemark>
      <name>2600-ST</name>
      <description>Del Ranch Company (45.5 MW)</description>
      <styleUrl>#Geothermal</styleUrl>
      <Point><coordinates>-115.616,33.1646,0</coordinates></Point>
    </Placemark>
    <Placemark>
      <name>2600-ST</name>
      <description>Elmore Company (45.5 MW)</description>
      <styleUrl>#Geothermal</styleUrl>
      <Point><coordinates>-115.6033,33.1777,0</coordinates></Point>
    </Placemark>
    <Placemark>
      <name>2600-ST</name>
      <description>Geo East Mesa II (21.6 MW)</description>
      <styleUrl>#Geothermal</styleUrl>
      <Point><coordinates>-115.2637,32.7757,0</coordinates></Point>
    </Placemark>
    <Placemark>
      <name>3501-ST</name>
      <description>Geothermal 1 (110.0 MW)</description>
      <styleUrl>#Geothermal</styleUrl>
      <Point><coordinates>-122.7195,38.752,0</coordinates></Point>
    </Placemark>
    <Placemark>
      <name>3501-ST</name>
      <description>Geothermal 2 (110.0 MW)</description>
      <styleUrl>#Geothermal</styleUrl>
      <Point><coordinates>-122.7117,38.7492,0</coordinates></Point>
    </Placemark>
    <Placemark>
      <name>3501-ST</name>
      <description>Geysers Unit 5-20 (1163.0 MW)</description>
      <styleUrl>#Geothermal</styleUrl>
      <Point><coordinates>-122.745,38.777,0</coordinates></Point>
    </Placemark>
    <Placemark>
      <name>2600-ST</name>
      <description>Heber Geothermal (81.5 MW)</description>
      <styleUrl>#Geothermal</styleUrl>
      <Point><coordinates>-115.518,32.7146,0</coordinates></Point>
    </Placemark>
    <Placemark>
      <name>2600-ST</name>
      <description>John L. Featherstone Plant (55.0 MW)</description>
      <styleUrl>#Geothermal</styleUrl>
      <Point><coordinates>-115.573303,33.204635,0</coordinates></Point>
    </Placemark>
    <Placemark>
      <name>2405-ST</name>
      <description>Mammoth G1 (10.0 MW)</description>
      <styleUrl>#Geothermal</styleUrl>
      <Point><coordinates>-118.9143,37.6451,0</coordinates></Point>
    </Placemark>
    <Placemark>
      <name>2405-ST</name>
      <description>Mammoth G2 (15.0 MW)</description>
      <styleUrl>#Geothermal</styleUrl>
      <Point><coordinates>-118.9092,37.6464,0</coordinates></Point>
    </Placemark>
    <Placemark>
      <name>2405-ST</name>
      <description>Mammoth G3 (15.0 MW)</description>
      <styleUrl>#Geothermal</styleUrl>
      <Point><coordinates>-118.9096,37.6455,0</coordinates></Point>
    </Placemark>
    <Placemark>
      <name>2600-ST</name>
      <description>North Brawley Geothermal Plant (80.0 MW)</description>
      <styleUrl>#Geothermal</styleUrl>
      <Point><coordinates>-115.5439,33.0139,0</coordinates></Point>
    </Placemark>
    <Placemark>
      <name>2600-ST</name>
      <description>Ormesa I (26.4 MW)</description>
      <styleUrl>#Geothermal</styleUrl>
      <Point><coordinates>-115.2568,32.8156,0</coordinates></Point>
    </Placemark>
    <Placemark>
      <name>2600-ST</name>
      <description>Ormesa II (24.0 MW)</description>
      <styleUrl>#Geothermal</styleUrl>
      <Point><coordinates>-115.2481,32.7881,0</coordinates></Point>
    </Placemark>
    <Placemark>
      <name>2600-ST</name>
      <description>Ormesa III (45.6 MW)</description>
      <styleUrl>#Geothermal</styleUrl>
      <Point><coordinates>-115.2637,32.7757,0</coordinates></Point>
    </Placemark>
    <Placemark>
      <name>2600-ST</name>
      <description>Salton Sea Power Gen Co - Unit 2 (20.0 MW)</description>
      <styleUrl>#Geothermal</styleUrl>
      <Point><coordinates>-115.6455,33.1589,0</coordinates></Point>
    </Placemark>
    <Placemark>
      <name>2600-ST</name>
      <description>Salton Sea Power Gen Co - Unit 3 (53.9 MW)</description>
      <styleUrl>#Geothermal</styleUrl>
      <Point><coordinates>-115.638656,33.158153,0</coordinates></Point>
    </Placemark>
    <Placemark>
      <name>2600-ST</name>
      <description>Salton Sea Power Gen Co - Unit 4 (47.5 MW)</description>
      <styleUrl>#Geothermal</styleUrl>
      <Point><coordinates>-115.6386,33.157,0</coordinates></Point>
    </Placemark>
    <Placemark>
      <name>2600-ST</name>
      <description>Salton Sea Power Gen Co Unit 1 (10.0 MW)</description>
      <styleUrl>#Geothermal</styleUrl>
      <Point><coordinates>-115.6475,33.158,0</coordinates></Point>
    </Placemark>
    <Placemark>
      <name>2600-ST</name>
      <description>Salton Sea Power LLC - Unit 5 (58.3 MW)</description>
      <styleUrl>#Geothermal</styleUrl>
      <Point><coordinates>-115.6384,33.1533,0</coordinates></Point>
    </Placemark>
    <Placemark>
      <name>2600-ST</name>
      <description>Second Imperial Geothermal (122.5 MW)</description>
      <styleUrl>#Geothermal</styleUrl>
      <Point><coordinates>-115.5356,32.7144,0</coordinates></Point>
    </Placemark>
    <Placemark>
      <name>3501-ST</name>
      <description>Sonoma California Geothermal (78.0 MW)</description>
      <styleUrl>#Geothermal</styleUrl>
      <Point><coordinates>-122.7559,38.7903,0</coordinates></Point>
    </Placemark>
    <Placemark>
      <name>2600-ST</name>
      <description>Vulcan-BN Geothermal Power Company (39.6 MW)</description>
      <styleUrl>#Geothermal</styleUrl>
      <Point><coordinates>-115.6167,33.1633,0</coordinates></Point>
    </Placemark>
    <Placemark>
      <name>2600-ST</name>
      <description>Raft River Geothermal Power Plant (18.0 MW)</description>
      <styleUrl>#Geothermal</styleUrl>
      <Point><coordinates>-113.38245,42.099417,0</coordinates></Point>
    </Placemark>
    <Placemark>
      <name>2600-ST</name>
      <description>Lightning Dock Geothermal HI-01, LLC (19.2 MW)</description>
      <styleUrl>#Geothermal</styleUrl>
      <Point><coordinates>-108.838333,32.144722,0</coordinates></Point>
    </Placemark>
    <Placemark>
      <name>2600-ST</name>
      <description>Beowawe (20.6 MW)</description>
      <styleUrl>#Geothermal</styleUrl>
      <Point><coordinates>-116.6175,40.5547,0</coordinates></Point>
    </Placemark>
    <Placemark>
      <name>3501-ST</name>
      <description>Brady (21.5 MW)</description>
      <styleUrl>#Geothermal</styleUrl>
      <Point><coordinates>-119.010013,39.796032,0</coordinates></Point>
    </Placemark>
    <Placemark>
      <name>3501-ST</name>
      <description>Desert Peak Power Plant (26.0 MW)</description>
      <styleUrl>#Geothermal</styleUrl>
      <Point><coordinates>-118.953497,39.753999,0</coordinates></Point>
    </Placemark>
    <Placemark>
      <name>3501-ST</name>
      <description>Dixie Valley (70.9 MW)</description>
      <styleUrl>#Geothermal</styleUrl>
      <Point><coordinates>-117.8557,39.9663,0</coordinates></Point>
    </Placemark>
    <Placemark>
      <name>2600-ST</name>
      <description>Don A Campbell 1 Geothermal (22.5 MW)</description>
      <styleUrl>#Geothermal</styleUrl>
      <Point><coordinates>-118.323889,38.836667,0</coordinates></Point>
    </Placemark>
    <Placemark>
      <name>2600-ST</name>
      <description>Don A Campbell 2 Geothermal (25.0 MW)</description>
      <styleUrl>#Geothermal</styleUrl>
      <Point><coordinates>-118.325339,38.835836,0</coordinates></Point>
    </Placemark>
    <Placemark>
      <name>3501-ST</name>
      <description>ENEL Salt Wells LLC (23.6 MW)</description>
      <styleUrl>#Geothermal</styleUrl>
      <Point><coordinates>-118.5725,39.2944,0</coordinates></Point>
    </Placemark>
    <Placemark>
      <name>3501-ST</name>
      <description>Galena 2 Geothermal Power Plant (16.5 MW)</description>
      <styleUrl>#Geothermal</styleUrl>
      <Point><coordinates>-119.764507,39.373189,0</coordinates></Point>
    </Placemark>
    <Placemark>
      <name>3501-ST</name>
      <description>Galena 3 Geothermal Power Plant (30.0 MW)</description>
      <styleUrl>#Geothermal</styleUrl>
      <Point><coordinates>-119.748908,39.388722,0</coordinates></Point>
    </Placemark>
    <Placemark>
      <name>3501-ST</name>
      <description>Jersey Valley Geothermal Power Plant (23.5 MW)</description>
      <styleUrl>#Geothermal</styleUrl>
      <Point><coordinates>-117.4739,40.1808,0</coordinates></Point>
    </Placemark>
    <Placemark>
      <name>2600-ST</name>
      <description>McGinness Hills (100.0 MW)</description>
      <styleUrl>#Geothermal</styleUrl>
      <Point><coordinates>-116.9119,39.5911,0</coordinates></Point>
    </Placemark>
    <Placemark>
      <name>2600-ST</name>
      <description>McGinness Hills 3 (98.8 MW)</description>
      <styleUrl>#Geothermal</styleUrl>
      <Point><coordinates>-116.8942,39.5963,0</coordinates></Point>
    </Placemark>
    <Placemark>
      <name>3501-ST</name>
      <description>NGP Blue Mountain I LLC (63.9 MW)</description>
      <styleUrl>#Geothermal</styleUrl>
      <Point><coordinates>-118.1414,40.9961,0</coordinates></Point>
    </Placemark>
    <Placemark>
      <name>3501-ST</name>
      <description>Patua Acquisition Project, LLC (58.6 MW)</description>
      <styleUrl>#Geothermal</styleUrl>
      <Point><coordinates>-119.073056,39.585833,0</coordinates></Point>
    </Placemark>
    <Placemark>
      <name>3501-ST</name>
      <description>Richard Burdette Geothermal (30.0 MW)</description>
      <styleUrl>#Geothermal</styleUrl>
      <Point><coordinates>-119.754593,39.390843,0</coordinates></Point>
    </Placemark>
    <Placemark>
      <name>3501-ST</name>
      <description>San Emidio (11.8 MW)</description>
      <styleUrl>#Geothermal</styleUrl>
      <Point><coordinates>-119.399722,40.380556,0</coordinates></Point>
    </Placemark>
    <Placemark>
      <name>3501-ST</name>
      <description>Soda Lake 3 (26.0 MW)</description>
      <styleUrl>#Geothermal</styleUrl>
      <Point><coordinates>-118.85,39.5545,0</coordinates></Point>
    </Placemark>
    <Placemark>
      <name>3501-ST</name>
      <description>Soda Lake Geothermal No I II (10.5 MW)</description>
      <styleUrl>#Geothermal</styleUrl>
      <Point><coordinates>-118.8383,39.557,0</coordinates></Point>
    </Placemark>
    <Placemark>
      <name>3501-ST</name>
      <description>Star Peak Geothermal Plant (21.9 MW)</description>
      <styleUrl>#Geothermal</styleUrl>
      <Point><coordinates>-118.272015,40.532133,0</coordinates></Point>
    </Placemark>
    <Placemark>
      <name>3501-ST</name>
      <description>Steamboat Hills LP (33.6 MW)</description>
      <styleUrl>#Geothermal</styleUrl>
      <Point><coordinates>-119.766944,39.37,0</coordinates></Point>
    </Placemark>
    <Placemark>
      <name>3501-ST</name>
      <description>Steamboat II (18.2 MW)</description>
      <styleUrl>#Geothermal</styleUrl>
      <Point><coordinates>-119.746762,39.395603,0</coordinates></Point>
    </Placemark>
    <Placemark>
      <name>3501-ST</name>
      <description>Steamboat III (18.2 MW)</description>
      <styleUrl>#Geothermal</styleUrl>
      <Point><coordinates>-119.7475,39.394444,0</coordinates></Point>
    </Placemark>
    <Placemark>
      <name>2600-ST</name>
      <description>Tungsten Mountain (69.8 MW)</description>
      <styleUrl>#Geothermal</styleUrl>
      <Point><coordinates>-117.693658,39.667002,0</coordinates></Point>
    </Placemark>
    <Placemark>
      <name>2600-ST</name>
      <description>Tuscarora Geothermal Power Plant (32.0 MW)</description>
      <styleUrl>#Geothermal</styleUrl>
      <Point><coordinates>-116.1511,41.4828,0</coordinates></Point>
    </Placemark>
    <Placemark>
      <name>3501-ST</name>
      <description>Whitegrass No. 1 (6.4 MW)</description>
      <styleUrl>#Geothermal</styleUrl>
      <Point><coordinates>-119.180472,39.163279,0</coordinates></Point>
    </Placemark>
    <Placemark>
      <name>3501-ST</name>
      <description>Neal Hot Springs Geothermal Project (33.0 MW)</description>
      <styleUrl>#Geothermal</styleUrl>
      <Point><coordinates>-117.46806,44.023056,0</coordinates></Point>
    </Placemark>
    <Placemark>
      <name>3501-ST</name>
      <description>Paisley Geothermal Generating Plant (3.7 MW)</description>
      <styleUrl>#Geothermal</styleUrl>
      <Point><coordinates>-120.557778,42.695833,0</coordinates></Point>
    </Placemark>
    <Placemark>
      <name>2600-ST</name>
      <description>Blundell (44.8 MW)</description>
      <styleUrl>#Geothermal</styleUrl>
      <Point><coordinates>-112.8533,38.4889,0</coordinates></Point>
    </Placemark>
    <Placemark>
      <name>2600-ST</name>
      <description>Enel Cove Fort (25.0 MW)</description>
      <styleUrl>#Geothermal</styleUrl>
      <Point><coordinates>-112.581111,38.560278,0</coordinates></Point>
    </Placemark>
    <Placemark>
      <name>2600-ST</name>
      <description>Thermo No 1 (14.0 MW)</description>
      <styleUrl>#Geothermal</styleUrl>
      <Point><coordinates>-113.194462,38.160653,0</coordinates></Point>
    </Placemark>
  </Folder>
  <Folder>
    <name>Hydro</name>
    <Placemark>
      <name>2100-HT</name>
      <description>Crosscut (3.0 MW)</description>
      <styleUrl>#Hydro-3</styleUrl>
      <Point><coordinates>-111.946052,33.439375,0</coordinates></Point>
    </Placemark>
    <Placemark>
      <name>1301-HT</name>
      <description>Davis Dam (254.8 MW)</description>
      <styleUrl>#Hydro-3</styleUrl>
      <Point><coordinates>-114.570669,35.197044,0</coordinates></Point>
    </Placemark>
    <Placemark>
      <name>1202-HT</name>
      <description>Glen Canyon Dam (1312.0 MW)</description>
      <styleUrl>#Hydro-3</styleUrl>
      <Point><coordinates>-111.483872,36.936614,0</coordinates></Point>
    </Placemark>
    <Placemark>
      <name>2100-HT</name>
      <description>Headgate Rock (19.5 MW)</description>
      <styleUrl>#Hydro-3</styleUrl>
      <Point><coordinates>-114.277356,34.168264,0</coordinates></Point>
    </Placemark>
    <Placemark>
      <name>1301-HT</name>
      <description>Hoover Dam (AZ) (1039.4 MW)</description>
      <styleUrl>#Hydro-3</styleUrl>
      <Point><coordinates>-114.738006,36.01551,0</coordinates></Point>
    </Placemark>
    <Placemark>
      <name>1202-HT</name>
      <description>Horse Mesa (129.5 MW)</description>
      <styleUrl>#Hydro-3</styleUrl>
      <Point><coordinates>-111.344,33.5907,0</coordinates></Point>
    </Placemark>
    <Placemark>
      <name>1202-HT</name>
      <description>Mormon Flat (63.5 MW)</description>
      <styleUrl>#Hydro-3</styleUrl>
      <Point><coordinates>-111.4431,33.5536,0</coordinates></Point>
    </Placemark>
    <Placemark>
      <name>1202-HT</name>
      <description>Roosevelt (36.0 MW)</description>
      <styleUrl>#Hydro-3</styleUrl>
      <Point><coordinates>-111.161786,33.671104,0</coordinates></Point>
    </Placemark>
    <Placemark>
      <name>1202-HT</name>
      <description>South Consolidated (1.4 MW)</description>
      <styleUrl>#Hydro-3</styleUrl>
      <Point><coordinates>-111.781064,33.466477,0</coordinates></Point>
    </Placemark>
    <Placemark>
      <name>1202-HT</name>
      <description>Stewart Mountain (13.0 MW)</description>
      <styleUrl>#Hydro-3</styleUrl>
      <Point><coordinates>-111.536,33.5661,0</coordinates></Point>
    </Placemark>
    <Placemark>
      <name>2100-HT</name>
      <description>Waddell (40.0 MW)</description>
      <styleUrl>#Hydro-3</styleUrl>
      <Point><coordinates>-112.2714,33.8447,0</coordinates></Point>
    </Placemark>
    <Placemark>
      <name>8004-HT</name>
      <description>A G Wishon (12.8 MW)</description>
      <styleUrl>#Hydro-3</styleUrl>
      <Point><coordinates>-119.504724,37.15105,0</coordinates></Point>
    </Placemark>
    <Placemark>
      <name>2608-HT</name>
      <description>Alamo (19.6 MW)</description>
      <styleUrl>#Hydro-3</styleUrl>
      <Point><coordinates>-118.6867,34.8158,0</coordinates></Point>
    </Placemark>
    <Placemark>
      <name>8004-HT</name>
      <description>Alta Powerhouse (1.0 MW)</description>
      <styleUrl>#Hydro-3</styleUrl>
      <Point><coordinates>-120.80355,39.215979,0</coordinates></Point>
    </Placemark>
    <Placemark>
      <name>8004-HT</name>
      <description>Angels (1.4 MW)</description>
      <styleUrl>#Hydro-3</styleUrl>
      <Point><coordinates>-120.539444,38.071944,0</coordinates></Point>
    </Placemark>
    <Placemark>
      <name>2408-HT</name>
      <description>Azusa (3.0 MW)</description>
      <styleUrl>#Hydro-3</styleUrl>
      <Point><coordinates>-117.9093,34.1548,0</coordinates></Point>
    </Placemark>
    <Placemark>
      <name>3911-HT</name>
      <description>Baker Creek Hydroelectric (1.5 MW)</description>
      <styleUrl>#Hydro-3</styleUrl>
      <Point><coordinates>-123.725556,40.526389,0</coordinates></Point>
    </Placemark>
    <Placemark>
      <name>2608-HT</name>
      <description>Balch 1 (31.0 MW)</description>
      <styleUrl>#Hydro-3</styleUrl>
      <Point><coordinates>-119.087712,36.909137,0</coordinates></Point>
    </Placemark>
    <Placemark>
      <name>2608-HT</name>
      <description>Balch 2 (97.2 MW)</description>
      <styleUrl>#Hydro-3</styleUrl>
      <Point><coordinates>-119.087556,36.908907,0</coordinates></Point>
    </Placemark>
    <Placemark>
      <name>3906-HT</name>
      <description>Bear Creek (3.2 MW)</description>
      <styleUrl>#Hydro-3</styleUrl>
      <Point><coordinates>-121.959109,40.534454,0</coordinates></Point>
    </Placemark>
    <Placemark>
      <name>2408-HT</name>
      <description>Bear Valley (1.4 MW)</description>
      <styleUrl>#Hydro-3</styleUrl>
      <Point><coordinates>-117.016566,33.166246,0</coordinates></Point>
    </Placemark>
    <Placemark>
      <name>8004-HT</name>
      <description>Beardsley (10.0 MW)</description>
      <styleUrl>#Hydro-3</styleUrl>
      <Point><coordinates>-120.076983,38.202569,0</coordinates></Point>
    </Placemark>
    <Placemark>
      <name>3906-HT</name>
      <description>Belden (117.9 MW)</description>
      <styleUrl>#Hydro-3</styleUrl>
      <Point><coordinates>-121.249438,40.007445,0</coordinates></Point>
    </Placemark>
    <Placemark>
      <name>3906-HT</name>
      <description>Bidwell Ditch Project (1.8 MW)</description>
      <styleUrl>#Hydro-3</styleUrl>
      <Point><coordinates>-121.4481,40.8014,0</coordinates></Point>
    </Placemark>
    <Placemark>
      <name>8004-HT</name>
      <description>Big Creek 1 (88.4 MW)</description>
      <styleUrl>#Hydro-3</styleUrl>
      <Point><coordinates>-119.2396,37.2042,0</coordinates></Point>
    </Placemark>
    <Placemark>
      <name>8004-HT</name>
      <description>Big Creek 2 (66.6 MW)</description>
      <styleUrl>#Hydro-3</styleUrl>
      <Point><coordinates>-119.3069,37.2,0</coordinates></Point>
    </Placemark>
    <Placemark>
      <name>8004-HT</name>
      <description>Big Creek 2A (110.0 MW)</description>
      <styleUrl>#Hydro-3</styleUrl>
      <Point><coordinates>-119.30681,37.200062,0</coordinates></Point>
    </Placemark>
    <Placemark>
      <name>8004-HT</name>
      <description>Big Creek 3 (174.5 MW)</description>
      <styleUrl>#Hydro-3</styleUrl>
      <Point><coordinates>-119.386623,37.148517,0</coordinates></Point>
    </Placemark>
    <Placemark>
      <name>8004-HT</name>
      <description>Big Creek 4 (100.0 MW)</description>
      <styleUrl>#Hydro-3</styleUrl>
      <Point><coordinates>-119.4898,37.139,0</coordinates></Point>
    </Placemark>
    <Placemark>
      <name>8004-HT</name>
      <description>Big Creek 8 (75.0 MW)</description>
      <styleUrl>#Hydro-3</styleUrl>
      <Point><coordinates>-119.3289,37.2096,0</coordinates></Point>
    </Placemark>
    <Placemark>
      <name>3911-HT</name>
      <description>Big Creek Water Works (5.0 MW)</description>
      <styleUrl>#Hydro-3</styleUrl>
      <Point><coordinates>-123.498008,40.646733,0</coordinates></Point>
    </Placemark>
    <Placemark>
      <name>2608-HT</name>
      <description>Big Pine Creek (3.2 MW)</description>
      <styleUrl>#Hydro-3</styleUrl>
      <Point><coordinates>-118.324075,37.142795,0</coordinates></Point>
    </Placemark>
    <Placemark>
      <name>3701-HT</name>
      <description>Bishop Creek 2 (7.3 MW)</description>
      <styleUrl>#Hydro-3</styleUrl>
      <Point><coordinates>-118.573339,37.273581,0</coordinates></Point>
    </Placemark>
    <Placemark>
      <name>3701-HT</name>
      <description>Bishop Creek 3 (8.4 MW)</description>
      <styleUrl>#Hydro-3</styleUrl>
      <Point><coordinates>-118.531957,37.301962,0</coordinates></Point>
    </Placemark>
    <Placemark>
      <name>3701-HT</name>
      <description>Bishop Creek 4 (8.2 MW)</description>
      <styleUrl>#Hydro-3</styleUrl>
      <Point><coordinates>-118.501714,37.323035,0</coordinates></Point>
    </Placemark>
    <Placemark>
      <name>3701-HT</name>
      <description>Bishop Creek 5 (4.5 MW)</description>
      <styleUrl>#Hydro-3</styleUrl>
      <Point><coordinates>-118.4797,37.3344,0</coordinates></Point>
    </Placemark>
    <Placemark>
      <name>3701-HT</name>
      <description>Bishop Creek 6 (1.6 MW)</description>
      <styleUrl>#Hydro-3</styleUrl>
      <Point><coordinates>-118.4628,37.3499,0</coordinates></Point>
    </Placemark>
    <Placemark>
      <name>3911-HT</name>
      <description>Black Butte (6.1 MW)</description>
      <styleUrl>#Hydro-3</styleUrl>
      <Point><coordinates>-122.332335,39.814905,0</coordinates></Point>
    </Placemark>
    <Placemark>
      <name>3701-HT</name>
      <description>Bowman (3.6 MW)</description>
      <styleUrl>#Hydro-3</styleUrl>
      <Point><coordinates>-120.653417,39.448352,0</coordinates></Point>
    </Placemark>
    <Placemark>
      <name>3906-HT</name>
      <description>Box Canyon Dam (5.0 MW)</description>
      <styleUrl>#Hydro-3</styleUrl>
      <Point><coordinates>-122.3292,41.2792,0</coordinates></Point>
    </Placemark>
    <Placemark>
      <name>3906-HT</name>
      <description>Bucks Creek (66.0 MW)</description>
      <styleUrl>#Hydro-3</styleUrl>
      <Point><coordinates>-121.327692,39.91062,0</coordinates></Point>
    </Placemark>
    <Placemark>
      <name>3906-HT</name>
      <description>Burney Creek (3.0 MW)</description>
      <styleUrl>#Hydro-3</styleUrl>
      <Point><coordinates>-121.7225,40.8579,0</coordinates></Point>
    </Placemark>
    <Placemark>
      <name>3906-HT</name>
      <description>Butt Valley (40.0 MW)</description>
      <styleUrl>#Hydro-3</styleUrl>
      <Point><coordinates>-121.190663,40.175656,0</coordinates></Point>
    </Placemark>
    <Placemark>
      <name>8004-HT</name>
      <description>Camanche (10.8 MW)</description>
      <styleUrl>#Hydro-3</styleUrl>
      <Point><coordinates>-121.0245,38.2268,0</coordinates></Point>
    </Placemark>
    <Placemark>
      <name>8004-HT</name>
      <description>Camino (157.8 MW)</description>
      <styleUrl>#Hydro-3</styleUrl>
      <Point><coordinates>-120.537089,38.82881,0</coordinates></Point>
    </Placemark>
    <Placemark>
      <name>8004-HT</name>
      <description>Camp Far West (7.2 MW)</description>
      <styleUrl>#Hydro-3</styleUrl>
      <Point><coordinates>-121.316966,39.048802,0</coordinates></Point>
    </Placemark>
    <Placemark>
      <name>3906-HT</name>
      <description>Caribou 1 (73.8 MW)</description>
      <styleUrl>#Hydro-3</styleUrl>
      <Point><coordinates>-121.148241,40.085476,0</coordinates></Point>
    </Placemark>
    <Placemark>
      <name>3906-HT</name>
      <description>Caribou 2 (117.9 MW)</description>
      <styleUrl>#Hydro-3</styleUrl>
      <Point><coordinates>-121.149373,40.085997,0</coordinates></Point>
    </Placemark>
    <Placemark>
      <name>2608-HT</name>
      <description>Castaic (1682.0 MW)</description>
      <styleUrl>#Hydro-3</styleUrl>
      <Point><coordinates>-118.656638,34.587237,0</coordinates></Point>
    </Placemark>
    <Placemark>
      <name>3911-HT</name>
      <description>Centerville PH (6.4 MW)</description>
      <styleUrl>#Hydro-3</styleUrl>
      <Point><coordinates>-121.657383,39.788877,0</coordinates></Point>
    </Placemark>
    <Placemark>
      <name>8004-HT</name>
      <description>Chicago Park (44.0 MW)</description>
      <styleUrl>#Hydro-3</styleUrl>
      <Point><coordinates>-120.890856,39.177903,0</coordinates></Point>
    </Placemark>
    <Placemark>
      <name>8004-HT</name>
      <description>Chili Bar (8.3 MW)</description>
      <styleUrl>#Hydro-3</styleUrl>
      <Point><coordinates>-120.813239,38.771764,0</coordinates></Point>
    </Placemark>
    <Placemark>
      <name>3501-HT</name>
      <description>Clear Lake Hydro Project (2.5 MW)</description>
      <styleUrl>#Hydro-3</styleUrl>
      <Point><coordinates>-122.56668,38.923556,0</coordinates></Point>
    </Placemark>
    <Placemark>
      <name>3911-HT</name>
      <description>Coleman PH (12.1 MW)</description>
      <styleUrl>#Hydro-3</styleUrl>
      <Point><coordinates>-122.121904,40.404645,0</coordinates></Point>
    </Placemark>
    <Placemark>
      <name>8004-HT</name>
      <description>Colgate (315.0 MW)</description>
      <styleUrl>#Hydro-3</styleUrl>
      <Point><coordinates>-121.191666,39.330833,0</coordinates></Point>
    </Placemark>
    <Placemark>
      <name>8004-HT</name>
      <description>Collierville Powerhouse (253.0 MW)</description>
      <styleUrl>#Hydro-3</styleUrl>
      <Point><coordinates>-120.380497,38.144636,0</coordinates></Point>
    </Placemark>
    <Placemark>
      <name>8004-HT</name>
      <description>Combie South (1.5 MW)</description>
      <styleUrl>#Hydro-3</styleUrl>
      <Point><coordinates>-121.0591,39.0096,0</coordinates></Point>
    </Placemark>
    <Placemark>
      <name>3701-HT</name>
      <description>Control Gorge (37.5 MW)</description>
      <styleUrl>#Hydro-3</styleUrl>
      <Point><coordinates>-118.556988,37.437921,0</coordinates></Point>
    </Placemark>
    <Placemark>
      <name>4001-HT</name>
      <description>Copco 1 (20.0 MW)</description>
      <styleUrl>#Hydro-3</styleUrl>
      <Point><coordinates>-122.335317,41.978914,0</coordinates></Point>
    </Placemark>
    <Placemark>
      <name>4001-HT</name>
      <description>Copco 2 (27.0 MW)</description>
      <styleUrl>#Hydro-3</styleUrl>
      <Point><coordinates>-122.358127,41.975716,0</coordinates></Point>
    </Placemark>
    <Placemark>
      <name>2408-HT</name>
      <description>Corona (2.9 MW)</description>
      <styleUrl>#Hydro-3</styleUrl>
      <Point><coordinates>-117.6106,33.85895,0</coordinates></Point>
    </Placemark>
    <Placemark>
      <name>2608-HT</name>
      <description>Cottonwood (1.6 MW)</description>
      <styleUrl>#Hydro-3</styleUrl>
      <Point><coordinates>-118.04389,36.443421,0</coordinates></Point>
    </Placemark>
    <Placemark>
      <name>3906-HT</name>
      <description>Cove Hydroelectric (5.0 MW)</description>
      <styleUrl>#Hydro-3</styleUrl>
      <Point><coordinates>-121.9487,40.8713,0</coordinates></Point>
    </Placemark>
    <Placemark>
      <name>3906-HT</name>
      <description>Cow Creek (1.4 MW)</description>
      <styleUrl>#Hydro-3</styleUrl>
      <Point><coordinates>-122.02093,40.570817,0</coordinates></Point>
    </Placemark>
    <Placemark>
      <name>2408-HT</name>
      <description>Coyote Creek (3.1 MW)</description>
      <styleUrl>#Hydro-3</styleUrl>
      <Point><coordinates>-117.95517,33.92493,0</coordinates></Point>
    </Placemark>
    <Placemark>
      <name>3911-HT</name>
      <description>Cresta (73.8 MW)</description>
      <styleUrl>#Hydro-3</styleUrl>
      <Point><coordinates>-121.409687,39.825907,0</coordinates></Point>
    </Placemark>
    <Placemark>
      <name>3911-HT</name>
      <description>De Sabla (18.4 MW)</description>
      <styleUrl>#Hydro-3</styleUrl>
      <Point><coordinates>-121.631819,39.869265,0</coordinates></Point>
    </Placemark>
    <Placemark>
      <name>8004-HT</name>
      <description>Deadwood Creek (2.0 MW)</description>
      <styleUrl>#Hydro-3</styleUrl>
      <Point><coordinates>-121.095833,39.53,0</coordinates></Point>
    </Placemark>
    <Placemark>
      <name>8004-HT</name>
      <description>Deer Creek PH (5.5 MW)</description>
      <styleUrl>#Hydro-3</styleUrl>
      <Point><coordinates>-120.8443,39.29807,0</coordinates></Point>
    </Placemark>
    <Placemark>
      <name>2408-HT</name>
      <description>Devil Canyon (276.2 MW)</description>
      <styleUrl>#Hydro-3</styleUrl>
      <Point><coordinates>-117.3344,34.2056,0</coordinates></Point>
    </Placemark>
    <Placemark>
      <name>2408-HT</name>
      <description>Diamond Valley Lake (29.7 MW)</description>
      <styleUrl>#Hydro-3</styleUrl>
      <Point><coordinates>-117.0698,33.6808,0</coordinates></Point>
    </Placemark>
    <Placemark>
      <name>8004-HT</name>
      <description>Dion R Holm (156.8 MW)</description>
      <styleUrl>#Hydro-3</styleUrl>
      <Point><coordinates>-119.9675,37.896649,0</coordinates></Point>
    </Placemark>
    <Placemark>
      <name>8004-HT</name>
      <description>Don Pedro (170.8 MW)</description>
      <styleUrl>#Hydro-3</styleUrl>
      <Point><coordinates>-120.420152,37.695994,0</coordinates></Point>
    </Placemark>
    <Placemark>
      <name>8004-HT</name>
      <description>Donnells (72.0 MW)</description>
      <styleUrl>#Hydro-3</styleUrl>
      <Point><coordinates>-120.034072,38.246656,0</coordinates></Point>
    </Placemark>
    <Placemark>
      <name>2100-HT</name>
      <description>Drop 1 (5.7 MW)</description>
      <styleUrl>#Hydro-3</styleUrl>
      <Point><coordinates>-114.942666,32.711611,0</coordinates></Point>
    </Placemark>
    <Placemark>
      <name>2100-HT</name>
      <description>Drop 2 (CA) (10.0 MW)</description>
      <styleUrl>#Hydro-3</styleUrl>
      <Point><coordinates>-115.030975,32.705435,0</coordinates></Point>
    </Placemark>
    <Placemark>
      <name>2100-HT</name>
      <description>Drop 3 (CA) (9.2 MW)</description>
      <styleUrl>#Hydro-3</styleUrl>
      <Point><coordinates>-115.126103,32.705428,0</coordinates></Point>
    </Placemark>
    <Placemark>
      <name>2100-HT</name>
      <description>Drop 4 (19.6 MW)</description>
      <styleUrl>#Hydro-3</styleUrl>
      <Point><coordinates>-115.219067,32.705341,0</coordinates></Point>
    </Placemark>
    <Placemark>
      <name>2100-HT</name>
      <description>Drop 5 (4.0 MW)</description>
      <styleUrl>#Hydro-3</styleUrl>
      <Point><coordinates>-115.392026,32.673097,0</coordinates></Point>
    </Placemark>
    <Placemark>
      <name>8004-HT</name>
      <description>Drum 1 (49.2 MW)</description>
      <styleUrl>#Hydro-3</styleUrl>
      <Point><coordinates>-120.767437,39.256873,0</coordinates></Point>
    </Placemark>
    <Placemark>
      <name>8004-HT</name>
      <description>Drum 2 (53.1 MW)</description>
      <styleUrl>#Hydro-3</styleUrl>
      <Point><coordinates>-120.767046,39.257388,0</coordinates></Point>
    </Placemark>
    <Placemark>
      <name>8004-HT</name>
      <description>Dutch Flat (22.0 MW)</description>
      <styleUrl>#Hydro-3</styleUrl>
      <Point><coordinates>-120.835587,39.216985,0</coordinates></Point>
    </Placemark>
    <Placemark>
      <name>8004-HT</name>
      <description>Dutch Flat 2 (27.3 MW)</description>
      <styleUrl>#Hydro-3</styleUrl>
      <Point><coordinates>-120.8352,39.2184,0</coordinates></Point>
    </Placemark>
    <Placemark>
      <name>2100-HT</name>
      <description>East Highline (2.4 MW)</description>
      <styleUrl>#Hydro-3</styleUrl>
      <Point><coordinates>-115.28245,32.699451,0</coordinates></Point>
    </Placemark>
    <Placemark>
      <name>2601-HT</name>
      <description>East Portal Generator (1.2 MW)</description>
      <styleUrl>#Hydro-3</styleUrl>
      <Point><coordinates>-118.6242,34.2619,0</coordinates></Point>
    </Placemark>
    <Placemark>
      <name>3911-HT</name>
      <description>Edward C Hyatt (644.1 MW)</description>
      <styleUrl>#Hydro-3</styleUrl>
      <Point><coordinates>-121.492188,39.542985,0</coordinates></Point>
    </Placemark>
    <Placemark>
      <name>8004-HT</name>
      <description>El Dorado (20.0 MW)</description>
      <styleUrl>#Hydro-3</styleUrl>
      <Point><coordinates>-120.619152,38.793574,0</coordinates></Point>
    </Placemark>
    <Placemark>
      <name>8004-HT</name>
      <description>Electra (102.5 MW)</description>
      <styleUrl>#Hydro-3</styleUrl>
      <Point><coordinates>-120.669901,38.330985,0</coordinates></Point>
    </Placemark>
    <Placemark>
      <name>2408-HT</name>
      <description>Etiwanda (23.9 MW)</description>
      <styleUrl>#Hydro-3</styleUrl>
      <Point><coordinates>-117.5257,34.10345,0</coordinates></Point>
    </Placemark>
    <Placemark>
      <name>8004-HT</name>
      <description>Exchequer (94.5 MW)</description>
      <styleUrl>#Hydro-3</styleUrl>
      <Point><coordinates>-120.26859,37.584345,0</coordinates></Point>
    </Placemark>
    <Placemark>
      <name>4001-HT</name>
      <description>Fall Creek (2.1 MW)</description>
      <styleUrl>#Hydro-3</styleUrl>
      <Point><coordinates>-122.360455,41.985605,0</coordinates></Point>
    </Placemark>
    <Placemark>
      <name>8004-HT</name>
      <description>Folsom (198.6 MW)</description>
      <styleUrl>#Hydro-3</styleUrl>
      <Point><coordinates>-121.158443,38.70675,0</coordinates></Point>
    </Placemark>
    <Placemark>
      <name>2408-HT</name>
      <description>Fontana (3.0 MW)</description>
      <styleUrl>#Hydro-3</styleUrl>
      <Point><coordinates>-117.397119,34.155162,0</coordinates></Point>
    </Placemark>
    <Placemark>
      <name>2601-HT</name>
      <description>Foothill (8.8 MW)</description>
      <styleUrl>#Hydro-3</styleUrl>
      <Point><coordinates>-118.494449,34.318248,0</coordinates></Point>
    </Placemark>
    <Placemark>
      <name>2608-HT</name>
      <description>Foothill Feeder (9.0 MW)</description>
      <styleUrl>#Hydro-3</styleUrl>
      <Point><coordinates>-118.6092,34.5148,0</coordinates></Point>
    </Placemark>
    <Placemark>
      <name>8004-HT</name>
      <description>Forbestown (41.9 MW)</description>
      <styleUrl>#Hydro-3</styleUrl>
      <Point><coordinates>-121.278784,39.551012,0</coordinates></Point>
    </Placemark>
    <Placemark>
      <name>3911-HT</name>
      <description>Forks of Butte Hydro Project (14.5 MW)</description>
      <styleUrl>#Hydro-3</styleUrl>
      <Point><coordinates>-121.631865,39.869284,0</coordinates></Point>
    </Placemark>
    <Placemark>
      <name>8004-HT</name>
      <description>Frankenheimer Power Plant (5.3 MW)</description>
      <styleUrl>#Hydro-3</styleUrl>
      <Point><coordinates>-120.806972,37.830378,0</coordinates></Point>
    </Placemark>
    <Placemark>
      <name>2601-HT</name>
      <description>Franklin (CA) (2.0 MW)</description>
      <styleUrl>#Hydro-3</styleUrl>
      <Point><coordinates>-118.413377,34.103931,0</coordinates></Point>
    </Placemark>
    <Placemark>
      <name>3701-HT</name>
      <description>French Meadows (15.3 MW)</description>
      <styleUrl>#Hydro-3</styleUrl>
      <Point><coordinates>-120.406069,39.077971,0</coordinates></Point>
    </Placemark>
    <Placemark>
      <name>8004-HT</name>
      <description>Friant Hydro Facility (37.5 MW)</description>
      <styleUrl>#Hydro-3</styleUrl>
      <Point><coordinates>-119.703451,36.997694,0</coordinates></Point>
    </Placemark>
    <Placemark>
      <name>3911-HT</name>
      <description>Gosselin Hydro Plant (2.0 MW)</description>
      <styleUrl>#Hydro-3</styleUrl>
      <Point><coordinates>-123.4347,40.37,0</coordinates></Point>
    </Placemark>
    <Placemark>
      <name>3906-HT</name>
      <description>Grizzly (22.0 MW)</description>
      <styleUrl>#Hydro-3</styleUrl>
      <Point><coordinates>-121.279173,39.889287,0</coordinates></Point>
    </Placemark>
    <Placemark>
      <name>2608-HT</name>
      <description>Haas (135.0 MW)</description>
      <styleUrl>#Hydro-3</styleUrl>
      <Point><coordinates>-119.02025,36.927424,0</coordinates></Point>
    </Placemark>
    <Placemark>
      <name>2608-HT</name>
      <description>Haiwee (5.6 MW)</description>
      <styleUrl>#Hydro-3</styleUrl>
      <Point><coordinates>-117.956667,36.109722,0</coordinates></Point>
    </Placemark>
    <Placemark>
      <name>8004-HT</name>
      <description>Halsey (13.6 MW)</description>
      <styleUrl>#Hydro-3</styleUrl>
      <Point><coordinates>-121.041932,38.956985,0</coordinates></Point>
    </Placemark>
    <Placemark>
      <name>3906-HT</name>
      <description>Hamilton Branch (5.3 MW)</description>
      <styleUrl>#Hydro-3</styleUrl>
      <Point><coordinates>-121.089479,40.268712,0</coordinates></Point>
    </Placemark>
    <Placemark>
      <name>3906-HT</name>
      <description>Hat Creek 1 (10.0 MW)</description>
      <styleUrl>#Hydro-3</styleUrl>
      <Point><coordinates>-121.544462,40.929297,0</coordinates></Point>
    </Placemark>
    <Placemark>
      <name>3906-HT</name>
      <description>Hat Creek 2 (10.0 MW)</description>
      <styleUrl>#Hydro-3</styleUrl>
      <Point><coordinates>-121.548657,40.960675,0</coordinates></Point>
    </Placemark>
    <Placemark>
      <name>3906-HT</name>
      <description>Hatchet Creek Project (6.8 MW)</description>
      <styleUrl>#Hydro-3</styleUrl>
      <Point><coordinates>-121.920428,40.874144,0</coordinates></Point>
    </Placemark>
    <Placemark>
      <name>3701-HT</name>
      <description>Haypress (10.0 MW)</description>
      <styleUrl>#Hydro-3</styleUrl>
      <Point><coordinates>-120.581684,39.565677,0</coordinates></Point>
    </Placemark>
    <Placemark>
      <name>2608-HT</name>
      <description>Helms Pumped Storage (1053.0 MW)</description>
      <styleUrl>#Hydro-3</styleUrl>
      <Point><coordinates>-118.968252,37.029304,0</coordinates></Point>
    </Placemark>
    <Placemark>
      <name>8004-HT</name>
      <description>Hickman (1.0 MW)</description>
      <styleUrl>#Hydro-3</styleUrl>
      <Point><coordinates>-120.746247,37.621536,0</coordinates></Point>
    </Placemark>
    <Placemark>
      <name>3501-HT</name>
      <description>Indian Valley Dam Hydro Project (2.9 MW)</description>
      <styleUrl>#Hydro-3</styleUrl>
      <Point><coordinates>-122.535556,39.0788,0</coordinates></Point>
    </Placemark>
    <Placemark>
      <name>3911-HT</name>
      <description>Inskip (7.6 MW)</description>
      <styleUrl>#Hydro-3</styleUrl>
      <Point><coordinates>-121.965502,40.400988,0</coordinates></Point>
    </Placemark>
    <Placemark>
      <name>4001-HT</name>
      <description>Iron Gate (18.0 MW)</description>
      <styleUrl>#Hydro-3</styleUrl>
      <Point><coordinates>-122.43678,41.932981,0</coordinates></Point>
    </Placemark>
    <Placemark>
      <name>2608-HT</name>
      <description>Isabella Hydro Project (11.8 MW)</description>
      <styleUrl>#Hydro-3</styleUrl>
      <Point><coordinates>-118.48199,35.64414,0</coordinates></Point>
    </Placemark>
    <Placemark>
      <name>8004-HT</name>
      <description>J S Eastwood (199.8 MW)</description>
      <styleUrl>#Hydro-3</styleUrl>
      <Point><coordinates>-119.2567,37.147926,0</coordinates></Point>
    </Placemark>
    <Placemark>
      <name>3906-HT</name>
      <description>James B Black (168.6 MW)</description>
      <styleUrl>#Hydro-3</styleUrl>
      <Point><coordinates>-121.975182,40.992295,0</coordinates></Point>
    </Placemark>
    <Placemark>
      <name>8004-HT</name>
      <description>Jaybird (161.6 MW)</description>
      <styleUrl>#Hydro-3</styleUrl>
      <Point><coordinates>-120.53176,38.83405,0</coordinates></Point>
    </Placemark>
    <Placemark>
      <name>8004-HT</name>
      <description>Jones Fork (10.0 MW)</description>
      <styleUrl>#Hydro-3</styleUrl>
      <Point><coordinates>-120.381883,38.850283,0</coordinates></Point>
    </Placemark>
    <Placemark>
      <name>3911-HT</name>
      <description>Judge F Carr (154.4 MW)</description>
      <styleUrl>#Hydro-3</styleUrl>
      <Point><coordinates>-122.626973,40.646934,0</coordinates></Point>
    </Placemark>
    <Placemark>
      <name>2608-HT</name>
      <description>Kaweah 1 (2.3 MW)</description>
      <styleUrl>#Hydro-3</styleUrl>
      <Point><coordinates>-118.862023,36.465066,0</coordinates></Point>
    </Placemark>
    <Placemark>
      <name>2608-HT</name>
      <description>Kaweah 2 (1.8 MW)</description>
      <styleUrl>#Hydro-3</styleUrl>
      <Point><coordinates>-118.87988,36.461326,0</coordinates></Point>
    </Placemark>
    <Placemark>
      <name>2608-HT</name>
      <description>Kaweah 3 (4.8 MW)</description>
      <styleUrl>#Hydro-3</styleUrl>
      <Point><coordinates>-118.835645,36.486059,0</coordinates></Point>
    </Placemark>
    <Placemark>
      <name>3911-HT</name>
      <description>Kekawaka Power House (4.9 MW)</description>
      <styleUrl>#Hydro-3</styleUrl>
      <Point><coordinates>-123.508983,40.0941,0</coordinates></Point>
    </Placemark>
    <Placemark>
      <name>3911-HT</name>
      <description>Kelly Ridge (10.0 MW)</description>
      <styleUrl>#Hydro-3</styleUrl>
      <Point><coordinates>-121.491247,39.531784,0</coordinates></Point>
    </Placemark>
    <Placemark>
      <name>8004-HT</name>
      <description>Kerckhoff (22.6 MW)</description>
      <styleUrl>#Hydro-3</styleUrl>
      <Point><coordinates>-119.552826,37.092486,0</coordinates></Point>
    </Placemark>
    <Placemark>
      <name>8004-HT</name>
      <description>Kerckhoff 2 (139.5 MW)</description>
      <styleUrl>#Hydro-3</styleUrl>
      <Point><coordinates>-119.558008,37.071846,0</coordinates></Point>
    </Placemark>
    <Placemark>
      <name>2608-HT</name>
      <description>Kern Canyon (11.5 MW)</description>
      <styleUrl>#Hydro-3</styleUrl>
      <Point><coordinates>-118.796498,35.44072,0</coordinates></Point>
    </Placemark>
    <Placemark>
      <name>2608-HT</name>
      <description>Kern River 1 (26.4 MW)</description>
      <styleUrl>#Hydro-3</styleUrl>
      <Point><coordinates>-118.77959,35.460303,0</coordinates></Point>
    </Placemark>
    <Placemark>
      <name>2608-HT</name>
      <description>Kern River 3 (40.3 MW)</description>
      <styleUrl>#Hydro-3</styleUrl>
      <Point><coordinates>-118.436233,35.776185,0</coordinates></Point>
    </Placemark>
    <Placemark>
      <name>3911-HT</name>
      <description>Keswick (117.0 MW)</description>
      <styleUrl>#Hydro-3</styleUrl>
      <Point><coordinates>-122.446441,40.611858,0</coordinates></Point>
    </Placemark>
    <Placemark>
      <name>3906-HT</name>
      <description>Kilarc (1.5 MW)</description>
      <styleUrl>#Hydro-3</styleUrl>
      <Point><coordinates>-121.873253,40.677827,0</coordinates></Point>
    </Placemark>
    <Placemark>
      <name>2608-HT</name>
      <description>Kings River PH (48.6 MW)</description>
      <styleUrl>#Hydro-3</styleUrl>
      <Point><coordinates>-119.158777,36.888166,0</coordinates></Point>
    </Placemark>
    <Placemark>
      <name>2608-HT</name>
      <description>Kings River Syphon (1.3 MW)</description>
      <styleUrl>#Hydro-3</styleUrl>
      <Point><coordinates>-119.441856,36.764491,0</coordinates></Point>
    </Placemark>
    <Placemark>
      <name>8004-HT</name>
      <description>La Grange (4.5 MW)</description>
      <styleUrl>#Hydro-3</styleUrl>
      <Point><coordinates>-120.4436,37.6697,0</coordinates></Point>
    </Placemark>
    <Placemark>
      <name>2408-HT</name>
      <description>Lake Hodges Hydroelectric Facility (42.0 MW)</description>
      <styleUrl>#Hydro-3</styleUrl>
      <Point><coordinates>-117.119444,33.058611,0</coordinates></Point>
    </Placemark>
    <Placemark>
      <name>2408-HT</name>
      <description>Lake Mathews (4.9 MW)</description>
      <styleUrl>#Hydro-3</styleUrl>
      <Point><coordinates>-117.4537,33.8553,0</coordinates></Point>
    </Placemark>
    <Placemark>
      <name>3501-HT</name>
      <description>Lake Mendocino (3.5 MW)</description>
      <styleUrl>#Hydro-3</styleUrl>
      <Point><coordinates>-123.185556,39.197222,0</coordinates></Point>
    </Placemark>
    <Placemark>
      <name>3911-HT</name>
      <description>Lime Saddle (2.0 MW)</description>
      <styleUrl>#Hydro-3</styleUrl>
      <Point><coordinates>-121.57096,39.698755,0</coordinates></Point>
    </Placemark>
    <Placemark>
      <name>3701-HT</name>
      <description>Loon Lake (74.1 MW)</description>
      <styleUrl>#Hydro-3</styleUrl>
      <Point><coordinates>-120.324503,38.982697,0</coordinates></Point>
    </Placemark>
    <Placemark>
      <name>3906-HT</name>
      <description>Lost Creek I (1.1 MW)</description>
      <styleUrl>#Hydro-3</styleUrl>
      <Point><coordinates>-121.4145,40.7576,0</coordinates></Point>
    </Placemark>
    <Placemark>
      <name>2608-HT</name>
      <description>Lower Tule River (2.6 MW)</description>
      <styleUrl>#Hydro-3</styleUrl>
      <Point><coordinates>-118.788868,36.13568,0</coordinates></Point>
    </Placemark>
    <Placemark>
      <name>3701-HT</name>
      <description>Lundy (3.0 MW)</description>
      <styleUrl>#Hydro-3</styleUrl>
      <Point><coordinates>-119.172015,38.042729,0</coordinates></Point>
    </Placemark>
    <Placemark>
      <name>8004-HT</name>
      <description>Mammoth Pool (190.0 MW)</description>
      <styleUrl>#Hydro-3</styleUrl>
      <Point><coordinates>-119.337983,37.220302,0</coordinates></Point>
    </Placemark>
    <Placemark>
      <name>8004-HT</name>
      <description>McSwain (9.0 MW)</description>
      <styleUrl>#Hydro-3</styleUrl>
      <Point><coordinates>-120.31009,37.522065,0</coordinates></Point>
    </Placemark>
    <Placemark>
      <name>8004-HT</name>
      <description>Merced Falls (3.4 MW)</description>
      <styleUrl>#Hydro-3</styleUrl>
      <Point><coordinates>-120.329905,37.52301,0</coordinates></Point>
    </Placemark>
    <Placemark>
      <name>8004-HT</name>
      <description>Middle Fork (122.4 MW)</description>
      <styleUrl>#Hydro-3</styleUrl>
      <Point><coordinates>-120.596383,39.024801,0</coordinates></Point>
    </Placemark>
    <Placemark>
      <name>3701-HT</name>
      <description>Middle Gorge (37.5 MW)</description>
      <styleUrl>#Hydro-3</styleUrl>
      <Point><coordinates>-118.569167,37.51,0</coordinates></Point>
    </Placemark>
    <Placemark>
      <name>2408-HT</name>
      <description>Mill Creek 3 (3.0 MW)</description>
      <styleUrl>#Hydro-3</styleUrl>
      <Point><coordinates>-117.039539,34.088019,0</coordinates></Point>
    </Placemark>
    <Placemark>
      <name>8004-HT</name>
      <description>Moccasin (100.0 MW)</description>
      <styleUrl>#Hydro-3</styleUrl>
      <Point><coordinates>-120.299254,37.809388,0</coordinates></Point>
    </Placemark>
    <Placemark>
      <name>8004-HT</name>
      <description>Moccasin Low Head Hydro Project (2.9 MW)</description>
      <styleUrl>#Hydro-3</styleUrl>
      <Point><coordinates>-120.312033,37.816447,0</coordinates></Point>
    </Placemark>
    <Placemark>
      <name>2408-HT</name>
      <description>Mojave Siphon (32.7 MW)</description>
      <styleUrl>#Hydro-3</styleUrl>
      <Point><coordinates>-117.323548,34.307444,0</coordinates></Point>
    </Placemark>
    <Placemark>
      <name>3906-HT</name>
      <description>Montgomery Creek Hydro (2.6 MW)</description>
      <styleUrl>#Hydro-3</styleUrl>
      <Point><coordinates>-121.956446,40.846806,0</coordinates></Point>
    </Placemark>
    <Placemark>
      <name>3501-HT</name>
      <description>Monticello Dam (11.5 MW)</description>
      <styleUrl>#Hydro-3</styleUrl>
      <Point><coordinates>-122.104444,38.513056,0</coordinates></Point>
    </Placemark>
    <Placemark>
      <name>3906-HT</name>
      <description>Muck Valley Hydroelectric (29.9 MW)</description>
      <styleUrl>#Hydro-3</styleUrl>
      <Point><coordinates>-121.255833,40.976389,0</coordinates></Point>
    </Placemark>
    <Placemark>
      <name>8004-HT</name>
      <description>Murphys (3.6 MW)</description>
      <styleUrl>#Hydro-3</styleUrl>
      <Point><coordinates>-120.446396,38.147093,0</coordinates></Point>
    </Placemark>
    <Placemark>
      <name>3903-HT</name>
      <description>Nacimiento Hydro Project (4.4 MW)</description>
      <styleUrl>#Hydro-3</styleUrl>
      <Point><coordinates>-120.883331,35.798576,0</coordinates></Point>
    </Placemark>
    <Placemark>
      <name>8004-HT</name>
      <description>Narrows 2 (46.7 MW)</description>
      <styleUrl>#Hydro-3</styleUrl>
      <Point><coordinates>-121.270409,39.238996,0</coordinates></Point>
    </Placemark>
    <Placemark>
      <name>8004-HT</name>
      <description>Narrows PH (10.2 MW)</description>
      <styleUrl>#Hydro-3</styleUrl>
      <Point><coordinates>-121.271741,39.2364,0</coordinates></Point>
    </Placemark>
    <Placemark>
      <name>3906-HT</name>
      <description>Nelson Creek (1.2 MW)</description>
      <styleUrl>#Hydro-3</styleUrl>
      <Point><coordinates>-121.892351,41.028893,0</coordinates></Point>
    </Placemark>
    <Placemark>
      <name>8004-HT</name>
      <description>New Hogan Power Plant (3.0 MW)</description>
      <styleUrl>#Hydro-3</styleUrl>
      <Point><coordinates>-120.814942,38.149582,0</coordinates></Point>
    </Placemark>
    <Placemark>
      <name>8004-HT</name>
      <description>New Melones (300.0 MW)</description>
      <styleUrl>#Hydro-3</styleUrl>
      <Point><coordinates>-120.528211,37.946927,0</coordinates></Point>
    </Placemark>
    <Placemark>
      <name>8004-HT</name>
      <description>Newcastle (12.7 MW)</description>
      <styleUrl>#Hydro-3</styleUrl>
      <Point><coordinates>-121.092982,38.835182,0</coordinates></Point>
    </Placemark>
    <Placemark>
      <name>8004-HT</name>
      <description>Nimbus (13.4 MW)</description>
      <styleUrl>#Hydro-3</styleUrl>
      <Point><coordinates>-121.220198,38.63735,0</coordinates></Point>
    </Placemark>
    <Placemark>
      <name>2601-HT</name>
      <description>North Hollywood (6.1 MW)</description>
      <styleUrl>#Hydro-3</styleUrl>
      <Point><coordinates>-118.39028,34.194444,0</coordinates></Point>
    </Placemark>
    <Placemark>
      <name>3906-HT</name>
      <description>Oak Flat (1.4 MW)</description>
      <styleUrl>#Hydro-3</styleUrl>
      <Point><coordinates>-121.16143,40.07531,0</coordinates></Point>
    </Placemark>
    <Placemark>
      <name>3906-HT</name>
      <description>Olsen (5.0 MW)</description>
      <styleUrl>#Hydro-3</styleUrl>
      <Point><coordinates>-121.92805,40.63722,0</coordinates></Point>
    </Placemark>
    <Placemark>
      <name>3903-HT</name>
      <description>ONeill (25.2 MW)</description>
      <styleUrl>#Hydro-3</styleUrl>
      <Point><coordinates>-121.047718,37.098671,0</coordinates></Point>
    </Placemark>
    <Placemark>
      <name>8004-HT</name>
      <description>Oxbow (CA) (6.1 MW)</description>
      <styleUrl>#Hydro-3</styleUrl>
      <Point><coordinates>-120.746651,39.003372,0</coordinates></Point>
    </Placemark>
    <Placemark>
      <name>8004-HT</name>
      <description>Pardee (23.6 MW)</description>
      <styleUrl>#Hydro-3</styleUrl>
      <Point><coordinates>-120.8507,38.2569,0</coordinates></Point>
    </Placemark>
    <Placemark>
      <name>8004-HT</name>
      <description>Parker (2.7 MW)</description>
      <styleUrl>#Hydro-3</styleUrl>
      <Point><coordinates>-120.444492,37.477838,0</coordinates></Point>
    </Placemark>
    <Placemark>
      <name>1301-HT</name>
      <description>Parker Dam (120.0 MW)</description>
      <styleUrl>#Hydro-3</styleUrl>
      <Point><coordinates>-114.140222,34.295334,0</coordinates></Point>
    </Placemark>
    <Placemark>
      <name>2408-HT</name>
      <description>Perris (7.9 MW)</description>
      <styleUrl>#Hydro-3</styleUrl>
      <Point><coordinates>-117.1831,33.8361,0</coordinates></Point>
    </Placemark>
    <Placemark>
      <name>8004-HT</name>
      <description>Phoenix (1.6 MW)</description>
      <styleUrl>#Hydro-3</styleUrl>
      <Point><coordinates>-120.326537,38.032103,0</coordinates></Point>
    </Placemark>
    <Placemark>
      <name>2100-HT</name>
      <description>Pilot Knob (33.0 MW)</description>
      <styleUrl>#Hydro-3</styleUrl>
      <Point><coordinates>-114.713858,32.736642,0</coordinates></Point>
    </Placemark>
    <Placemark>
      <name>2608-HT</name>
      <description>Pine Flat (165.0 MW)</description>
      <styleUrl>#Hydro-3</styleUrl>
      <Point><coordinates>-119.327,36.8326,0</coordinates></Point>
    </Placemark>
    <Placemark>
      <name>3906-HT</name>
      <description>Pit 1 (69.2 MW)</description>
      <styleUrl>#Hydro-3</styleUrl>
      <Point><coordinates>-121.498243,40.99084,0</coordinates></Point>
    </Placemark>
    <Placemark>
      <name>3906-HT</name>
      <description>Pit 3 (80.1 MW)</description>
      <styleUrl>#Hydro-3</styleUrl>
      <Point><coordinates>-121.748139,40.997448,0</coordinates></Point>
    </Placemark>
    <Placemark>
      <name>3906-HT</name>
      <description>Pit 4 (103.4 MW)</description>
      <styleUrl>#Hydro-3</styleUrl>
      <Point><coordinates>-121.84944,40.986361,0</coordinates></Point>
    </Placemark>
    <Placemark>
      <name>3906-HT</name>
      <description>Pit 5 (141.6 MW)</description>
      <styleUrl>#Hydro-3</styleUrl>
      <Point><coordinates>-121.977594,40.986197,0</coordinates></Point>
    </Placemark>
    <Placemark>
      <name>3906-HT</name>
      <description>Pit 6 (79.2 MW)</description>
      <styleUrl>#Hydro-3</styleUrl>
      <Point><coordinates>-121.992906,40.922568,0</coordinates></Point>
    </Placemark>
    <Placemark>
      <name>3906-HT</name>
      <description>Pit 7 (109.8 MW)</description>
      <styleUrl>#Hydro-3</styleUrl>
      <Point><coordinates>-121.990798,40.847462,0</coordinates></Point>
    </Placemark>
    <Placemark>
      <name>3701-HT</name>
      <description>Pleasant Valley Hydro (3.2 MW)</description>
      <styleUrl>#Hydro-3</styleUrl>
      <Point><coordinates>-118.523889,37.41416,0</coordinates></Point>
    </Placemark>
    <Placemark>
      <name>3911-HT</name>
      <description>Poe (142.8 MW)</description>
      <styleUrl>#Hydro-3</styleUrl>
      <Point><coordinates>-121.469814,39.722892,0</coordinates></Point>
    </Placemark>
    <Placemark>
      <name>3906-HT</name>
      <description>Ponderosa Bailey Creek (1.1 MW)</description>
      <styleUrl>#Hydro-3</styleUrl>
      <Point><coordinates>-121.8427,40.4579,0</coordinates></Point>
    </Placemark>
    <Placemark>
      <name>3701-HT</name>
      <description>Poole (11.3 MW)</description>
      <styleUrl>#Hydro-3</styleUrl>
      <Point><coordinates>-119.2161,37.944237,0</coordinates></Point>
    </Placemark>
    <Placemark>
      <name>8004-HT</name>
      <description>Portal (10.8 MW)</description>
      <styleUrl>#Hydro-3</styleUrl>
      <Point><coordinates>-119.158936,37.257045,0</coordinates></Point>
    </Placemark>
    <Placemark>
      <name>3501-HT</name>
      <description>Potter Valley (9.4 MW)</description>
      <styleUrl>#Hydro-3</styleUrl>
      <Point><coordinates>-123.127934,39.361786,0</coordinates></Point>
    </Placemark>
    <Placemark>
      <name>8004-HT</name>
      <description>R C Kirkwood (115.5 MW)</description>
      <styleUrl>#Hydro-3</styleUrl>
      <Point><coordinates>-119.953233,37.877667,0</coordinates></Point>
    </Placemark>
    <Placemark>
      <name>2408-HT</name>
      <description>R E Badger Filtration Plant (1.4 MW)</description>
      <styleUrl>#Hydro-3</styleUrl>
      <Point><coordinates>-117.175,33.051,0</coordinates></Point>
    </Placemark>
    <Placemark>
      <name>8004-HT</name>
      <description>Ralston (79.2 MW)</description>
      <styleUrl>#Hydro-3</styleUrl>
      <Point><coordinates>-120.725053,39.000999,0</coordinates></Point>
    </Placemark>
    <Placemark>
      <name>2408-HT</name>
      <description>Rancho Penasquitos (4.6 MW)</description>
      <styleUrl>#Hydro-3</styleUrl>
      <Point><coordinates>-117.113669,32.93695,0</coordinates></Point>
    </Placemark>
    <Placemark>
      <name>2408-HT</name>
      <description>Red Mountain (5.9 MW)</description>
      <styleUrl>#Hydro-3</styleUrl>
      <Point><coordinates>-117.1889,33.3944,0</coordinates></Point>
    </Placemark>
    <Placemark>
      <name>2608-HT</name>
      <description>Rio Bravo Hydro Project (14.0 MW)</description>
      <styleUrl>#Hydro-3</styleUrl>
      <Point><coordinates>-118.8222,35.43,0</coordinates></Point>
    </Placemark>
    <Placemark>
      <name>2408-HT</name>
      <description>Rio Hondo (1.9 MW)</description>
      <styleUrl>#Hydro-3</styleUrl>
      <Point><coordinates>-118.09917,34.004722,0</coordinates></Point>
    </Placemark>
    <Placemark>
      <name>3906-HT</name>
      <description>Roaring Creek Water Power (2.0 MW)</description>
      <styleUrl>#Hydro-3</styleUrl>
      <Point><coordinates>-121.948353,40.882061,0</coordinates></Point>
    </Placemark>
    <Placemark>
      <name>3701-HT</name>
      <description>Robbs Peak (25.5 MW)</description>
      <styleUrl>#Hydro-3</styleUrl>
      <Point><coordinates>-120.378292,38.896511,0</coordinates></Point>
    </Placemark>
    <Placemark>
      <name>3906-HT</name>
      <description>Rock Creek (126.0 MW)</description>
      <styleUrl>#Hydro-3</styleUrl>
      <Point><coordinates>-121.345226,39.90521,0</coordinates></Point>
    </Placemark>
    <Placemark>
      <name>8004-HT</name>
      <description>Rock Creek LP (3.0 MW)</description>
      <styleUrl>#Hydro-3</styleUrl>
      <Point><coordinates>-120.778506,38.78342,0</coordinates></Point>
    </Placemark>
    <Placemark>
      <name>8004-HT</name>
      <description>Rollins (12.1 MW)</description>
      <styleUrl>#Hydro-3</styleUrl>
      <Point><coordinates>-120.953341,39.134259,0</coordinates></Point>
    </Placemark>
    <Placemark>
      <name>3701-HT</name>
      <description>Rush Creek (13.1 MW)</description>
      <styleUrl>#Hydro-3</styleUrl>
      <Point><coordinates>-119.123284,37.766954,0</coordinates></Point>
    </Placemark>
    <Placemark>
      <name>8004-HT</name>
      <description>Salt Springs (42.0 MW)</description>
      <styleUrl>#Hydro-3</styleUrl>
      <Point><coordinates>-120.21811,38.497914,0</coordinates></Point>
    </Placemark>
    <Placemark>
      <name>2408-HT</name>
      <description>San Dimas (9.9 MW)</description>
      <styleUrl>#Hydro-3</styleUrl>
      <Point><coordinates>-117.7958,34.1275,0</coordinates></Point>
    </Placemark>
    <Placemark>
      <name>2408-HT</name>
      <description>San Dimas Wash Generating Station (1.0 MW)</description>
      <styleUrl>#Hydro-3</styleUrl>
      <Point><coordinates>-117.805091,34.124171,0</coordinates></Point>
    </Placemark>
    <Placemark>
      <name>2601-HT</name>
      <description>San Fernando (5.6 MW)</description>
      <styleUrl>#Hydro-3</styleUrl>
      <Point><coordinates>-118.492778,34.312778,0</coordinates></Point>
    </Placemark>
    <Placemark>
      <name>2608-HT</name>
      <description>San Francisquito 1 (65.5 MW)</description>
      <styleUrl>#Hydro-3</styleUrl>
      <Point><coordinates>-118.454676,34.590183,0</coordinates></Point>
    </Placemark>
    <Placemark>
      <name>2608-HT</name>
      <description>San Francisquito 2 (46.0 MW)</description>
      <styleUrl>#Hydro-3</styleUrl>
      <Point><coordinates>-118.525113,34.534337,0</coordinates></Point>
    </Placemark>
    <Placemark>
      <name>2408-HT</name>
      <description>San Gabriel Hydro Project (5.0 MW)</description>
      <styleUrl>#Hydro-3</styleUrl>
      <Point><coordinates>-117.855714,34.204311,0</coordinates></Point>
    </Placemark>
    <Placemark>
      <name>8004-HT</name>
      <description>San Joaquin 2 (2.8 MW)</description>
      <styleUrl>#Hydro-3</styleUrl>
      <Point><coordinates>-119.497508,37.203233,0</coordinates></Point>
    </Placemark>
    <Placemark>
      <name>8004-HT</name>
      <description>San Joaquin 3 (4.0 MW)</description>
      <styleUrl>#Hydro-3</styleUrl>
      <Point><coordinates>-119.519352,37.253718,0</coordinates></Point>
    </Placemark>
    <Placemark>
      <name>8004-HT</name>
      <description>Sand Bar Power Plant (16.2 MW)</description>
      <styleUrl>#Hydro-3</styleUrl>
      <Point><coordinates>-120.15,38.1861,0</coordinates></Point>
    </Placemark>
    <Placemark>
      <name>2408-HT</name>
      <description>Santa Ana 1 (3.2 MW)</description>
      <styleUrl>#Hydro-3</styleUrl>
      <Point><coordinates>-117.058481,34.14522,0</coordinates></Point>
    </Placemark>
    <Placemark>
      <name>2408-HT</name>
      <description>Santa Ana 3 (3.1 MW)</description>
      <styleUrl>#Hydro-3</styleUrl>
      <Point><coordinates>-117.099091,34.107245,0</coordinates></Point>
    </Placemark>
    <Placemark>
      <name>2608-HT</name>
      <description>Santa Felicia Dam (1.3 MW)</description>
      <styleUrl>#Hydro-3</styleUrl>
      <Point><coordinates>-118.7511,34.461667,0</coordinates></Point>
    </Placemark>
    <Placemark>
      <name>8004-HT</name>
      <description>Scott Flat (1.0 MW)</description>
      <styleUrl>#Hydro-3</styleUrl>
      <Point><coordinates>-120.932508,39.272108,0</coordinates></Point>
    </Placemark>
    <Placemark>
      <name>2601-HT</name>
      <description>Sepulveda Canyon (8.5 MW)</description>
      <styleUrl>#Hydro-3</styleUrl>
      <Point><coordinates>-118.4795,34.0969,0</coordinates></Point>
    </Placemark>
    <Placemark>
      <name>3911-HT</name>
      <description>Shasta (714.0 MW)</description>
      <styleUrl>#Hydro-3</styleUrl>
      <Point><coordinates>-122.422274,40.717455,0</coordinates></Point>
    </Placemark>
    <Placemark>
      <name>2100-HT</name>
      <description>Siphon Drop Power Plant (4.4 MW)</description>
      <styleUrl>#Hydro-3</styleUrl>
      <Point><coordinates>-114.6344,32.7792,0</coordinates></Point>
    </Placemark>
    <Placemark>
      <name>8004-HT</name>
      <description>Site 980 65 (2.1 MW)</description>
      <styleUrl>#Hydro-3</styleUrl>
      <Point><coordinates>-119.899706,37.056803,0</coordinates></Point>
    </Placemark>
    <Placemark>
      <name>3911-HT</name>
      <description>Slate Creek (4.2 MW)</description>
      <styleUrl>#Hydro-3</styleUrl>
      <Point><coordinates>-122.456251,40.976859,0</coordinates></Point>
    </Placemark>
    <Placemark>
      <name>8004-HT</name>
      <description>Sly Creek (12.1 MW)</description>
      <styleUrl>#Hydro-3</styleUrl>
      <Point><coordinates>-121.119479,39.580413,0</coordinates></Point>
    </Placemark>
    <Placemark>
      <name>3911-HT</name>
      <description>South (6.7 MW)</description>
      <styleUrl>#Hydro-3</styleUrl>
      <Point><coordinates>-121.879186,40.395396,0</coordinates></Point>
    </Placemark>
    <Placemark>
      <name>3701-HT</name>
      <description>Spaulding 1 (7.0 MW)</description>
      <styleUrl>#Hydro-3</styleUrl>
      <Point><coordinates>-120.644807,39.324613,0</coordinates></Point>
    </Placemark>
    <Placemark>
      <name>3701-HT</name>
      <description>Spaulding 2 (3.7 MW)</description>
      <styleUrl>#Hydro-3</styleUrl>
      <Point><coordinates>-120.645375,39.324592,0</coordinates></Point>
    </Placemark>
    <Placemark>
      <name>3701-HT</name>
      <description>Spaulding 3 (6.6 MW)</description>
      <styleUrl>#Hydro-3</styleUrl>
      <Point><coordinates>-120.635467,39.337679,0</coordinates></Point>
    </Placemark>
    <Placemark>
      <name>8004-HT</name>
      <description>Spicer Meadow Project (5.9 MW)</description>
      <styleUrl>#Hydro-3</styleUrl>
      <Point><coordinates>-120.0008,38.3914,0</coordinates></Point>
    </Placemark>
    <Placemark>
      <name>3911-HT</name>
      <description>Spring Creek (180.0 MW)</description>
      <styleUrl>#Hydro-3</styleUrl>
      <Point><coordinates>-122.467509,40.628115,0</coordinates></Point>
    </Placemark>
    <Placemark>
      <name>8004-HT</name>
      <description>Spring Gap (6.0 MW)</description>
      <styleUrl>#Hydro-3</styleUrl>
      <Point><coordinates>-120.11168,38.18653,0</coordinates></Point>
    </Placemark>
    <Placemark>
      <name>2608-HT</name>
      <description>Springville Hydroelectric (1.0 MW)</description>
      <styleUrl>#Hydro-3</styleUrl>
      <Point><coordinates>-119.0858,34.2253,0</coordinates></Point>
    </Placemark>
    <Placemark>
      <name>3701-HT</name>
      <description>Stampede (3.6 MW)</description>
      <styleUrl>#Hydro-3</styleUrl>
      <Point><coordinates>-120.10455,39.470447,0</coordinates></Point>
    </Placemark>
    <Placemark>
      <name>8004-HT</name>
      <description>Stanislaus (81.9 MW)</description>
      <styleUrl>#Hydro-3</styleUrl>
      <Point><coordinates>-120.370325,38.139048,0</coordinates></Point>
    </Placemark>
    <Placemark>
      <name>3911-HT</name>
      <description>Stony Gorge (5.0 MW)</description>
      <styleUrl>#Hydro-3</styleUrl>
      <Point><coordinates>-122.533248,39.586864,0</coordinates></Point>
    </Placemark>
    <Placemark>
      <name>2408-HT</name>
      <description>Temescal (2.9 MW)</description>
      <styleUrl>#Hydro-3</styleUrl>
      <Point><coordinates>-117.4971,33.8343,0</coordinates></Point>
    </Placemark>
    <Placemark>
      <name>2608-HT</name>
      <description>Terminus Hydroelectric Project (20.1 MW)</description>
      <styleUrl>#Hydro-3</styleUrl>
      <Point><coordinates>-119.0069,36.4156,0</coordinates></Point>
    </Placemark>
    <Placemark>
      <name>3911-HT</name>
      <description>Thermalito (115.1 MW)</description>
      <styleUrl>#Hydro-3</styleUrl>
      <Point><coordinates>-121.630077,39.514893,0</coordinates></Point>
    </Placemark>
    <Placemark>
      <name>3911-HT</name>
      <description>Thermalito Diverson Dam (3.4 MW)</description>
      <styleUrl>#Hydro-3</styleUrl>
      <Point><coordinates>-121.546359,39.528749,0</coordinates></Point>
    </Placemark>
    <Placemark>
      <name>3911-HT</name>
      <description>Three Forks Water Power Project (1.3 MW)</description>
      <styleUrl>#Hydro-3</styleUrl>
      <Point><coordinates>-123.523145,40.199822,0</coordinates></Point>
    </Placemark>
    <Placemark>
      <name>8004-HT</name>
      <description>Tiger Creek (52.2 MW)</description>
      <styleUrl>#Hydro-3</styleUrl>
      <Point><coordinates>-120.492645,38.449291,0</coordinates></Point>
    </Placemark>
    <Placemark>
      <name>3911-HT</name>
      <description>Toadtown (1.8 MW)</description>
      <styleUrl>#Hydro-3</styleUrl>
      <Point><coordinates>-121.59338,39.893491,0</coordinates></Point>
    </Placemark>
    <Placemark>
      <name>3911-HT</name>
      <description>Trinity (140.0 MW)</description>
      <styleUrl>#Hydro-3</styleUrl>
      <Point><coordinates>-122.762553,40.797296,0</coordinates></Point>
    </Placemark>
    <Placemark>
      <name>2608-HT</name>
      <description>Tulare Success Power Project (1.4 MW)</description>
      <styleUrl>#Hydro-3</styleUrl>
      <Point><coordinates>-118.924097,36.058635,0</coordinates></Point>
    </Placemark>
    <Placemark>
      <name>2608-HT</name>
      <description>Tule River (8.4 MW)</description>
      <styleUrl>#Hydro-3</styleUrl>
      <Point><coordinates>-118.707104,36.163076,0</coordinates></Point>
    </Placemark>
    <Placemark>
      <name>8004-HT</name>
      <description>Tulloch (29.9 MW)</description>
      <styleUrl>#Hydro-3</styleUrl>
      <Point><coordinates>-120.605,37.876111,0</coordinates></Point>
    </Placemark>
    <Placemark>
      <name>8004-HT</name>
      <description>Turlock Lake (3.3 MW)</description>
      <styleUrl>#Hydro-3</styleUrl>
      <Point><coordinates>-120.594678,37.611461,0</coordinates></Point>
    </Placemark>
    <Placemark>
      <name>8004-HT</name>
      <description>Union Valley (38.6 MW)</description>
      <styleUrl>#Hydro-3</styleUrl>
      <Point><coordinates>-120.444335,38.86429,0</coordinates></Point>
    </Placemark>
    <Placemark>
      <name>8004-HT</name>
      <description>Upper Dawson (4.4 MW)</description>
      <styleUrl>#Hydro-3</styleUrl>
      <Point><coordinates>-120.4706,37.6508,0</coordinates></Point>
    </Placemark>
    <Placemark>
      <name>3701-HT</name>
      <description>Upper Gorge (37.5 MW)</description>
      <styleUrl>#Hydro-3</styleUrl>
      <Point><coordinates>-118.590001,37.546036,0</coordinates></Point>
    </Placemark>
    <Placemark>
      <name>2408-HT</name>
      <description>Valley View (4.1 MW)</description>
      <styleUrl>#Hydro-3</styleUrl>
      <Point><coordinates>-117.82905,33.9001,0</coordinates></Point>
    </Placemark>
    <Placemark>
      <name>2601-HT</name>
      <description>Venice Hydro (10.1 MW)</description>
      <styleUrl>#Hydro-3</styleUrl>
      <Point><coordinates>-118.4168,34.01135,0</coordinates></Point>
    </Placemark>
    <Placemark>
      <name>3906-HT</name>
      <description>Volta 1 (8.5 MW)</description>
      <styleUrl>#Hydro-3</styleUrl>
      <Point><coordinates>-121.86708,40.459111,0</coordinates></Point>
    </Placemark>
    <Placemark>
      <name>3906-HT</name>
      <description>Volta 2 (1.0 MW)</description>
      <styleUrl>#Hydro-3</styleUrl>
      <Point><coordinates>-121.86215,40.45193,0</coordinates></Point>
    </Placemark>
    <Placemark>
      <name>2608-HT</name>
      <description>W E Warne (74.2 MW)</description>
      <styleUrl>#Hydro-3</styleUrl>
      <Point><coordinates>-118.7881,34.6853,0</coordinates></Point>
    </Placemark>
    <Placemark>
      <name>3903-HT</name>
      <description>W R Gianelli (424.0 MW)</description>
      <styleUrl>#Hydro-3</styleUrl>
      <Point><coordinates>-121.0772,37.0692,0</coordinates></Point>
    </Placemark>
    <Placemark>
      <name>3501-HT</name>
      <description>Warm Springs Hydro Project (2.7 MW)</description>
      <styleUrl>#Hydro-3</styleUrl>
      <Point><coordinates>-123.011188,38.722141,0</coordinates></Point>
    </Placemark>
    <Placemark>
      <name>8004-HT</name>
      <description>West Point PH (13.6 MW)</description>
      <styleUrl>#Hydro-3</styleUrl>
      <Point><coordinates>-120.549572,38.420898,0</coordinates></Point>
    </Placemark>
    <Placemark>
      <name>3911-HT</name>
      <description>Whiskeytown (3.5 MW)</description>
      <styleUrl>#Hydro-3</styleUrl>
      <Point><coordinates>-122.538683,40.597617,0</coordinates></Point>
    </Placemark>
    <Placemark>
      <name>8004-HT</name>
      <description>White Rock/Slab Creek (269.2 MW)</description>
      <styleUrl>#Hydro-3</styleUrl>
      <Point><coordinates>-120.787366,38.765336,0</coordinates></Point>
    </Placemark>
    <Placemark>
      <name>2408-HT</name>
      <description>Whitewater Hydro Plant (1.3 MW)</description>
      <styleUrl>#Hydro-3</styleUrl>
      <Point><coordinates>-116.640548,33.934725,0</coordinates></Point>
    </Placemark>
    <Placemark>
      <name>8004-HT</name>
      <description>Wise (16.4 MW)</description>
      <styleUrl>#Hydro-3</styleUrl>
      <Point><coordinates>-121.098525,38.889862,0</coordinates></Point>
    </Placemark>
    <Placemark>
      <name>8004-HT</name>
      <description>Woodleaf (67.2 MW)</description>
      <styleUrl>#Hydro-3</styleUrl>
      <Point><coordinates>-121.204077,39.553811,0</coordinates></Point>
    </Placemark>
    <Placemark>
      <name>8004-HT</name>
      <description>Woodward Power Plant (2.8 MW)</description>
      <styleUrl>#Hydro-3</styleUrl>
      <Point><coordinates>-120.879153,37.860653,0</coordinates></Point>
    </Placemark>
    <Placemark>
      <name>2408-HT</name>
      <description>Yorba Linda (5.1 MW)</description>
      <styleUrl>#Hydro-3</styleUrl>
      <Point><coordinates>-117.8192,33.9117,0</coordinates></Point>
    </Placemark>
    <Placemark>
      <name>6503-HT</name>
      <description>Ames Hydro (3.6 MW)</description>
      <styleUrl>#Hydro-3</styleUrl>
      <Point><coordinates>-107.8831,37.866,0</coordinates></Point>
    </Placemark>
    <Placemark>
      <name>7002-HT</name>
      <description>Basalt (5.0 MW)</description>
      <styleUrl>#Hydro-3</styleUrl>
      <Point><coordinates>-106.821944,39.363056,0</coordinates></Point>
    </Placemark>
    <Placemark>
      <name>7002-HT</name>
      <description>Big Thompson (4.5 MW)</description>
      <styleUrl>#Hydro-3</styleUrl>
      <Point><coordinates>-105.223804,40.421031,0</coordinates></Point>
    </Placemark>
    <Placemark>
      <name>7002-HT</name>
      <description>Blue Mesa (86.4 MW)</description>
      <styleUrl>#Hydro-3</styleUrl>
      <Point><coordinates>-107.337483,38.453191,0</coordinates></Point>
    </Placemark>
    <Placemark>
      <name>7002-HT</name>
      <description>Boulder Canyon Hydro (5.0 MW)</description>
      <styleUrl>#Hydro-3</styleUrl>
      <Point><coordinates>-105.332495,40.004725,0</coordinates></Point>
    </Placemark>
    <Placemark>
      <name>7002-HT</name>
      <description>Boulder City Betasso Hydro Plant (3.0 MW)</description>
      <styleUrl>#Hydro-3</styleUrl>
      <Point><coordinates>-105.3347,40.0111,0</coordinates></Point>
    </Placemark>
    <Placemark>
      <name>7002-HT</name>
      <description>Boulder City Lakewood Hydro (3.5 MW)</description>
      <styleUrl>#Hydro-3</styleUrl>
      <Point><coordinates>-105.3347,40.0111,0</coordinates></Point>
    </Placemark>
    <Placemark>
      <name>7002-HT</name>
      <description>Boulder City Silver Lake Hydro (3.3 MW)</description>
      <styleUrl>#Hydro-3</styleUrl>
      <Point><coordinates>-105.50003,39.991311,0</coordinates></Point>
    </Placemark>
    <Placemark>
      <name>7002-HT</name>
      <description>Cabin Creek (300.0 MW)</description>
      <styleUrl>#Hydro-3</styleUrl>
      <Point><coordinates>-105.7088,39.6551,0</coordinates></Point>
    </Placemark>
    <Placemark>
      <name>7002-HT</name>
      <description>Carter Hydro (2.6 MW)</description>
      <styleUrl>#Hydro-3</styleUrl>
      <Point><coordinates>-105.208889,40.324167,0</coordinates></Point>
    </Placemark>
    <Placemark>
      <name>7002-HT</name>
      <description>Crystal (28.0 MW)</description>
      <styleUrl>#Hydro-3</styleUrl>
      <Point><coordinates>-107.625335,38.510573,0</coordinates></Point>
    </Placemark>
    <Placemark>
      <name>7002-HT</name>
      <description>Dillon Hydro Plant (1.8 MW)</description>
      <styleUrl>#Hydro-3</styleUrl>
      <Point><coordinates>-106.0662,39.6208,0</coordinates></Point>
    </Placemark>
    <Placemark>
      <name>7002-HT</name>
      <description>Drop 5 (2.4 MW)</description>
      <styleUrl>#Hydro-3</styleUrl>
      <Point><coordinates>-107.810213,38.404377,0</coordinates></Point>
    </Placemark>
    <Placemark>
      <name>7002-HT</name>
      <description>Estes (45.0 MW)</description>
      <styleUrl>#Hydro-3</styleUrl>
      <Point><coordinates>-105.509665,40.376771,0</coordinates></Point>
    </Placemark>
    <Placemark>
      <name>7002-HT</name>
      <description>Flatiron (94.5 MW)</description>
      <styleUrl>#Hydro-3</styleUrl>
      <Point><coordinates>-105.236032,40.364996,0</coordinates></Point>
    </Placemark>
    <Placemark>
      <name>7002-HT</name>
      <description>Foothills Hydro Plant (3.1 MW)</description>
      <styleUrl>#Hydro-3</styleUrl>
      <Point><coordinates>-105.0657,39.4588,0</coordinates></Point>
    </Placemark>
    <Placemark>
      <name>7002-HT</name>
      <description>Georgetown Hydro (1.2 MW)</description>
      <styleUrl>#Hydro-3</styleUrl>
      <Point><coordinates>-105.6978,39.6919,0</coordinates></Point>
    </Placemark>
    <Placemark>
      <name>7002-HT</name>
      <description>Granby Hydro (1.2 MW)</description>
      <styleUrl>#Hydro-3</styleUrl>
      <Point><coordinates>-105.8683,40.1464,0</coordinates></Point>
    </Placemark>
    <Placemark>
      <name>7002-HT</name>
      <description>Green Mountain (26.0 MW)</description>
      <styleUrl>#Hydro-3</styleUrl>
      <Point><coordinates>-106.332725,39.878805,0</coordinates></Point>
    </Placemark>
    <Placemark>
      <name>7002-HT</name>
      <description>Gross Hydro Plant (8.0 MW)</description>
      <styleUrl>#Hydro-3</styleUrl>
      <Point><coordinates>-105.3565,39.9456,0</coordinates></Point>
    </Placemark>
    <Placemark>
      <name>7002-HT</name>
      <description>Hillcrest Pump Station (2.0 MW)</description>
      <styleUrl>#Hydro-3</styleUrl>
      <Point><coordinates>-104.9138,39.6419,0</coordinates></Point>
    </Placemark>
    <Placemark>
      <name>7002-HT</name>
      <description>James W. Broderick Hydropower Plant (7.5 MW)</description>
      <styleUrl>#Hydro-3</styleUrl>
      <Point><coordinates>-104.72,38.27,0</coordinates></Point>
    </Placemark>
    <Placemark>
      <name>7002-HT</name>
      <description>Lower Molina (5.6 MW)</description>
      <styleUrl>#Hydro-3</styleUrl>
      <Point><coordinates>-108.044088,39.19366,0</coordinates></Point>
    </Placemark>
    <Placemark>
      <name>7002-HT</name>
      <description>Manitou Springs (5.6 MW)</description>
      <styleUrl>#Hydro-3</styleUrl>
      <Point><coordinates>-104.933056,38.855556,0</coordinates></Point>
    </Placemark>
    <Placemark>
      <name>7002-HT</name>
      <description>Marys Lake (8.1 MW)</description>
      <styleUrl>#Hydro-3</styleUrl>
      <Point><coordinates>-105.534308,40.34408,0</coordinates></Point>
    </Placemark>
    <Placemark>
      <name>1202-HT</name>
      <description>McPhee (1.2 MW)</description>
      <styleUrl>#Hydro-3</styleUrl>
      <Point><coordinates>-108.574002,37.57522,0</coordinates></Point>
    </Placemark>
    <Placemark>
      <name>7002-HT</name>
      <description>Morrow Point (173.2 MW)</description>
      <styleUrl>#Hydro-3</styleUrl>
      <Point><coordinates>-107.539299,38.451753,0</coordinates></Point>
    </Placemark>
    <Placemark>
      <name>7002-HT</name>
      <description>Mount Elbert (200.0 MW)</description>
      <styleUrl>#Hydro-3</styleUrl>
      <Point><coordinates>-106.352331,39.094197,0</coordinates></Point>
    </Placemark>
    <Placemark>
      <name>7002-HT</name>
      <description>North Fork Hydro Plant (5.5 MW)</description>
      <styleUrl>#Hydro-3</styleUrl>
      <Point><coordinates>-105.677,39.4616,0</coordinates></Point>
    </Placemark>
    <Placemark>
      <name>7002-HT</name>
      <description>Pole Hill (38.2 MW)</description>
      <styleUrl>#Hydro-3</styleUrl>
      <Point><coordinates>-105.325074,40.365056,0</coordinates></Point>
    </Placemark>
    <Placemark>
      <name>6503-HT</name>
      <description>Redlands Water &amp; Power (1.4 MW)</description>
      <styleUrl>#Hydro-3</styleUrl>
      <Point><coordinates>-108.592791,39.067347,0</coordinates></Point>
    </Placemark>
    <Placemark>
      <name>7002-HT</name>
      <description>Ruxton Park (1.0 MW)</description>
      <styleUrl>#Hydro-3</styleUrl>
      <Point><coordinates>-104.973802,38.841354,0</coordinates></Point>
    </Placemark>
    <Placemark>
      <name>7002-HT</name>
      <description>Salida (0.6 MW)</description>
      <styleUrl>#Hydro-3</styleUrl>
      <Point><coordinates>-106.182003,38.53419,0</coordinates></Point>
    </Placemark>
    <Placemark>
      <name>6503-HT</name>
      <description>Shavano Falls Hydro (2.8 MW)</description>
      <styleUrl>#Hydro-3</styleUrl>
      <Point><coordinates>-108.002283,38.491966,0</coordinates></Point>
    </Placemark>
    <Placemark>
      <name>7002-HT</name>
      <description>Shavano Falls Hydro Drop 4 (4.8 MW)</description>
      <styleUrl>#Hydro-3</styleUrl>
      <Point><coordinates>-107.776727,38.450483,0</coordinates></Point>
    </Placemark>
    <Placemark>
      <name>7002-HT</name>
      <description>Shoshone (CO) (14.4 MW)</description>
      <styleUrl>#Hydro-3</styleUrl>
      <Point><coordinates>-107.226876,39.57013,0</coordinates></Point>
    </Placemark>
    <Placemark>
      <name>7002-HT</name>
      <description>South Canal Hydro-1 (4.0 MW)</description>
      <styleUrl>#Hydro-3</styleUrl>
      <Point><coordinates>-107.755,38.483333,0</coordinates></Point>
    </Placemark>
    <Placemark>
      <name>7002-HT</name>
      <description>South Canal Hydro-3 (3.5 MW)</description>
      <styleUrl>#Hydro-3</styleUrl>
      <Point><coordinates>-107.771389,38.470278,0</coordinates></Point>
    </Placemark>
    <Placemark>
      <name>7002-HT</name>
      <description>Strontia Springs Hydro Plant (1.0 MW)</description>
      <styleUrl>#Hydro-3</styleUrl>
      <Point><coordinates>-105.1263,39.4326,0</coordinates></Point>
    </Placemark>
    <Placemark>
      <name>7002-HT</name>
      <description>Sugarloaf Hydro Plant (2.5 MW)</description>
      <styleUrl>#Hydro-3</styleUrl>
      <Point><coordinates>-106.374808,39.252672,0</coordinates></Point>
    </Placemark>
    <Placemark>
      <name>6503-HT</name>
      <description>Tacoma (4.6 MW)</description>
      <styleUrl>#Hydro-3</styleUrl>
      <Point><coordinates>-107.782786,37.52372,0</coordinates></Point>
    </Placemark>
    <Placemark>
      <name>6503-HT</name>
      <description>Taylor Draw Hydroelectric Facility (2.3 MW)</description>
      <styleUrl>#Hydro-3</styleUrl>
      <Point><coordinates>-108.711161,40.106269,0</coordinates></Point>
    </Placemark>
    <Placemark>
      <name>7002-HT</name>
      <description>Tesla (26.6 MW)</description>
      <styleUrl>#Hydro-3</styleUrl>
      <Point><coordinates>-104.901141,38.973655,0</coordinates></Point>
    </Placemark>
    <Placemark>
      <name>1202-HT</name>
      <description>Towaoc (11.4 MW)</description>
      <styleUrl>#Hydro-3</styleUrl>
      <Point><coordinates>-108.574871,37.429538,0</coordinates></Point>
    </Placemark>
    <Placemark>
      <name>6503-HT</name>
      <description>Tri-County Water Hydropower Project (8.0 MW)</description>
      <styleUrl>#Hydro-3</styleUrl>
      <Point><coordinates>-107.758056,38.239167,0</coordinates></Point>
    </Placemark>
    <Placemark>
      <name>7002-HT</name>
      <description>Upper Molina (9.9 MW)</description>
      <styleUrl>#Hydro-3</styleUrl>
      <Point><coordinates>-108.004777,39.143808,0</coordinates></Point>
    </Placemark>
    <Placemark>
      <name>6503-HT</name>
      <description>Vallecito Hydroelectric (5.8 MW)</description>
      <styleUrl>#Hydro-3</styleUrl>
      <Point><coordinates>-107.578745,37.377715,0</coordinates></Point>
    </Placemark>
    <Placemark>
      <name>7002-HT</name>
      <description>Williams Fork Hydro Plant (3.5 MW)</description>
      <styleUrl>#Hydro-3</styleUrl>
      <Point><coordinates>-106.2053,40.035,0</coordinates></Point>
    </Placemark>
    <Placemark>
      <name>6101-HT</name>
      <description>AJMS, LLC (1.2 MW)</description>
      <styleUrl>#Hydro-3</styleUrl>
      <Point><coordinates>-114.517194,42.962333,0</coordinates></Point>
    </Placemark>
    <Placemark>
      <name>4101-HT</name>
      <description>Albeni Falls (42.0 MW)</description>
      <styleUrl>#Hydro-3</styleUrl>
      <Point><coordinates>-116.99859,48.180245,0</coordinates></Point>
    </Placemark>
    <Placemark>
      <name>6101-HT</name>
      <description>American Falls (92.4 MW)</description>
      <styleUrl>#Hydro-3</styleUrl>
      <Point><coordinates>-112.8764,42.7778,0</coordinates></Point>
    </Placemark>
    <Placemark>
      <name>6101-HT</name>
      <description>Anderson Ranch (40.0 MW)</description>
      <styleUrl>#Hydro-3</styleUrl>
      <Point><coordinates>-115.451517,43.357066,0</coordinates></Point>
    </Placemark>
    <Placemark>
      <name>6101-HT</name>
      <description>Arrowrock Hydroelectric Project (15.0 MW)</description>
      <styleUrl>#Hydro-3</styleUrl>
      <Point><coordinates>-115.9233,43.595,0</coordinates></Point>
    </Placemark>
    <Placemark>
      <name>6305-HT</name>
      <description>Ashton (6.7 MW)</description>
      <styleUrl>#Hydro-3</styleUrl>
      <Point><coordinates>-111.497326,44.07863,0</coordinates></Point>
    </Placemark>
    <Placemark>
      <name>6101-HT</name>
      <description>Barber Dam (4.1 MW)</description>
      <styleUrl>#Hydro-3</styleUrl>
      <Point><coordinates>-116.121269,43.561001,0</coordinates></Point>
    </Placemark>
    <Placemark>
      <name>6101-HT</name>
      <description>Birch Creek Power (2.6 MW)</description>
      <styleUrl>#Hydro-3</styleUrl>
      <Point><coordinates>-112.719439,44.027444,0</coordinates></Point>
    </Placemark>
    <Placemark>
      <name>6101-HT</name>
      <description>Black Canyon (10.2 MW)</description>
      <styleUrl>#Hydro-3</styleUrl>
      <Point><coordinates>-116.437172,43.930462,0</coordinates></Point>
    </Placemark>
    <Placemark>
      <name>6101-HT</name>
      <description>Blind Canyon Hydro (1.3 MW)</description>
      <styleUrl>#Hydro-3</styleUrl>
      <Point><coordinates>-114.822603,42.69984,0</coordinates></Point>
    </Placemark>
    <Placemark>
      <name>6101-HT</name>
      <description>Bliss (75.0 MW)</description>
      <styleUrl>#Hydro-3</styleUrl>
      <Point><coordinates>-115.070986,42.913786,0</coordinates></Point>
    </Placemark>
    <Placemark>
      <name>6101-HT</name>
      <description>Boise R Diversion (3.3 MW)</description>
      <styleUrl>#Hydro-3</styleUrl>
      <Point><coordinates>-116.093756,43.537685,0</coordinates></Point>
    </Placemark>
    <Placemark>
      <name>4102-HT</name>
      <description>Brownlee (675.0 MW)</description>
      <styleUrl>#Hydro-3</styleUrl>
      <Point><coordinates>-116.8975,44.8367,0</coordinates></Point>
    </Placemark>
    <Placemark>
      <name>6101-HT</name>
      <description>Bypass (9.9 MW)</description>
      <styleUrl>#Hydro-3</styleUrl>
      <Point><coordinates>-114.057461,42.560876,0</coordinates></Point>
    </Placemark>
    <Placemark>
      <name>6101-HT</name>
      <description>C J Strike (82.8 MW)</description>
      <styleUrl>#Hydro-3</styleUrl>
      <Point><coordinates>-115.977858,42.944869,0</coordinates></Point>
    </Placemark>
    <Placemark>
      <name>4101-HT</name>
      <description>Cabinet Gorge (265.2 MW)</description>
      <styleUrl>#Hydro-3</styleUrl>
      <Point><coordinates>-116.053056,48.084444,0</coordinates></Point>
    </Placemark>
    <Placemark>
      <name>6101-HT</name>
      <description>Cascade Dam (12.4 MW)</description>
      <styleUrl>#Hydro-3</styleUrl>
      <Point><coordinates>-116.0483,44.5256,0</coordinates></Point>
    </Placemark>
    <Placemark>
      <name>6305-HT</name>
      <description>Chester Diversion Hydroelectric Project (3.6 MW)</description>
      <styleUrl>#Hydro-3</styleUrl>
      <Point><coordinates>-111.583611,44.018333,0</coordinates></Point>
    </Placemark>
    <Placemark>
      <name>6305-HT</name>
      <description>City Power Plant (8.0 MW)</description>
      <styleUrl>#Hydro-3</styleUrl>
      <Point><coordinates>-112.04541,43.491398,0</coordinates></Point>
    </Placemark>
    <Placemark>
      <name>6101-HT</name>
      <description>Clear Lake (2.5 MW)</description>
      <styleUrl>#Hydro-3</styleUrl>
      <Point><coordinates>-114.78012,42.66701,0</coordinates></Point>
    </Placemark>
    <Placemark>
      <name>6101-HT</name>
      <description>Crystal Springs (2.3 MW)</description>
      <styleUrl>#Hydro-3</styleUrl>
      <Point><coordinates>-114.50093,42.622513,0</coordinates></Point>
    </Placemark>
    <Placemark>
      <name>6101-HT</name>
      <description>Dietrich Drop (4.8 MW)</description>
      <styleUrl>#Hydro-3</styleUrl>
      <Point><coordinates>-114.267952,42.836046,0</coordinates></Point>
    </Placemark>
    <Placemark>
      <name>6101-HT</name>
      <description>Dry Creek Project (3.6 MW)</description>
      <styleUrl>#Hydro-3</styleUrl>
      <Point><coordinates>-112.719439,44.027444,0</coordinates></Point>
    </Placemark>
    <Placemark>
      <name>4101-HT</name>
      <description>Dworshak (465.0 MW)</description>
      <styleUrl>#Hydro-3</styleUrl>
      <Point><coordinates>-116.2977,46.5143,0</coordinates></Point>
    </Placemark>
    <Placemark>
      <name>6101-HT</name>
      <description>El Dorado Hydro Elk Creek (2.6 MW)</description>
      <styleUrl>#Hydro-3</styleUrl>
      <Point><coordinates>-116.31577,45.217784,0</coordinates></Point>
    </Placemark>
    <Placemark>
      <name>6305-HT</name>
      <description>Falls River Hydro (9.0 MW)</description>
      <styleUrl>#Hydro-3</styleUrl>
      <Point><coordinates>-111.3535,44.0597,0</coordinates></Point>
    </Placemark>
    <Placemark>
      <name>6101-HT</name>
      <description>Fargo Drop (1.1 MW)</description>
      <styleUrl>#Hydro-3</styleUrl>
      <Point><coordinates>-116.899722,43.625,0</coordinates></Point>
    </Placemark>
    <Placemark>
      <name>6305-HT</name>
      <description>Felt (7.4 MW)</description>
      <styleUrl>#Hydro-3</styleUrl>
      <Point><coordinates>-111.283319,43.913476,0</coordinates></Point>
    </Placemark>
    <Placemark>
      <name>4101-HT</name>
      <description>Ford Hydro LP (1.2 MW)</description>
      <styleUrl>#Hydro-3</styleUrl>
      <Point><coordinates>-115.949338,46.383828,0</coordinates></Point>
    </Placemark>
    <Placemark>
      <name>6101-HT</name>
      <description>Gem State (23.4 MW)</description>
      <styleUrl>#Hydro-3</styleUrl>
      <Point><coordinates>-112.101852,43.420221,0</coordinates></Point>
    </Placemark>
    <Placemark>
      <name>6101-HT</name>
      <description>GeoBon II (1.0 MW)</description>
      <styleUrl>#Hydro-3</styleUrl>
      <Point><coordinates>-114.462563,42.954384,0</coordinates></Point>
    </Placemark>
    <Placemark>
      <name>6305-HT</name>
      <description>Grace (33.0 MW)</description>
      <styleUrl>#Hydro-3</styleUrl>
      <Point><coordinates>-111.793967,42.53675,0</coordinates></Point>
    </Placemark>
    <Placemark>
      <name>6101-HT</name>
      <description>Hazelton B Hydro (7.6 MW)</description>
      <styleUrl>#Hydro-3</styleUrl>
      <Point><coordinates>-114.093,42.6051,0</coordinates></Point>
    </Placemark>
    <Placemark>
      <name>6101-HT</name>
      <description>Head of U Canal Hydro Project (1.2 MW)</description>
      <styleUrl>#Hydro-3</styleUrl>
      <Point><coordinates>-114.3958,42.7628,0</coordinates></Point>
    </Placemark>
    <Placemark>
      <name>6101-HT</name>
      <description>Horseshoe Bend Hydroelectric Co (9.4 MW)</description>
      <styleUrl>#Hydro-3</styleUrl>
      <Point><coordinates>-116.244193,43.904085,0</coordinates></Point>
    </Placemark>
    <Placemark>
      <name>6305-HT</name>
      <description>Island Park (4.8 MW)</description>
      <styleUrl>#Hydro-3</styleUrl>
      <Point><coordinates>-111.395971,44.418293,0</coordinates></Point>
    </Placemark>
    <Placemark>
      <name>6101-HT</name>
      <description>Koyle Ranch Hydroelectric Project (1.3 MW)</description>
      <styleUrl>#Hydro-3</styleUrl>
      <Point><coordinates>-114.795698,42.945664,0</coordinates></Point>
    </Placemark>
    <Placemark>
      <name>6305-HT</name>
      <description>Last Chance (1.7 MW)</description>
      <styleUrl>#Hydro-3</styleUrl>
      <Point><coordinates>-111.705304,42.603349,0</coordinates></Point>
    </Placemark>
    <Placemark>
      <name>6101-HT</name>
      <description>Lateral 10 Ventures (2.4 MW)</description>
      <styleUrl>#Hydro-3</styleUrl>
      <Point><coordinates>-114.89031,42.647376,0</coordinates></Point>
    </Placemark>
    <Placemark>
      <name>6101-HT</name>
      <description>Little Mac Project (1.5 MW)</description>
      <styleUrl>#Hydro-3</styleUrl>
      <Point><coordinates>-114.66162,42.629637,0</coordinates></Point>
    </Placemark>
    <Placemark>
      <name>6101-HT</name>
      <description>Little Wood Hydro Project (2.8 MW)</description>
      <styleUrl>#Hydro-3</styleUrl>
      <Point><coordinates>-114.025597,43.425228,0</coordinates></Point>
    </Placemark>
    <Placemark>
      <name>6101-HT</name>
      <description>Low Line Rapids (2.8 MW)</description>
      <styleUrl>#Hydro-3</styleUrl>
      <Point><coordinates>-114.380118,42.47711,0</coordinates></Point>
    </Placemark>
    <Placemark>
      <name>6101-HT</name>
      <description>Lower Malad (13.5 MW)</description>
      <styleUrl>#Hydro-3</styleUrl>
      <Point><coordinates>-114.906172,42.865783,0</coordinates></Point>
    </Placemark>
    <Placemark>
      <name>6101-HT</name>
      <description>Lower No 1 (8.0 MW)</description>
      <styleUrl>#Hydro-3</styleUrl>
      <Point><coordinates>-112.062499,43.468679,0</coordinates></Point>
    </Placemark>
    <Placemark>
      <name>6101-HT</name>
      <description>Lower No 2 (3.0 MW)</description>
      <styleUrl>#Hydro-3</styleUrl>
      <Point><coordinates>-112.062602,43.468398,0</coordinates></Point>
    </Placemark>
    <Placemark>
      <name>6101-HT</name>
      <description>Lower Salmon (60.0 MW)</description>
      <styleUrl>#Hydro-3</styleUrl>
      <Point><coordinates>-114.903611,42.841608,0</coordinates></Point>
    </Placemark>
    <Placemark>
      <name>6101-HT</name>
      <description>Lucky Peak Power Plant Project (101.2 MW)</description>
      <styleUrl>#Hydro-3</styleUrl>
      <Point><coordinates>-116.0583,43.528,0</coordinates></Point>
    </Placemark>
    <Placemark>
      <name>6101-HT</name>
      <description>Magic Dam Hydroelectric Project (9.0 MW)</description>
      <styleUrl>#Hydro-3</styleUrl>
      <Point><coordinates>-114.3569,43.2547,0</coordinates></Point>
    </Placemark>
    <Placemark>
      <name>6101-HT</name>
      <description>Marco Ranch (1.2 MW)</description>
      <styleUrl>#Hydro-3</styleUrl>
      <Point><coordinates>-114.557764,42.636558,0</coordinates></Point>
    </Placemark>
    <Placemark>
      <name>6305-HT</name>
      <description>Marsh Valley Development (1.6 MW)</description>
      <styleUrl>#Hydro-3</styleUrl>
      <Point><coordinates>-112.149344,42.625972,0</coordinates></Point>
    </Placemark>
    <Placemark>
      <name>6101-HT</name>
      <description>MC6 Hydro Facility (2.3 MW)</description>
      <styleUrl>#Hydro-3</styleUrl>
      <Point><coordinates>-116.355047,43.485529,0</coordinates></Point>
    </Placemark>
    <Placemark>
      <name>6101-HT</name>
      <description>Mile 28 Water Power Project (1.4 MW)</description>
      <styleUrl>#Hydro-3</styleUrl>
      <Point><coordinates>-114.161173,42.740139,0</coordinates></Point>
    </Placemark>
    <Placemark>
      <name>6101-HT</name>
      <description>Milner Hydro (59.5 MW)</description>
      <styleUrl>#Hydro-3</styleUrl>
      <Point><coordinates>-114.036889,42.526786,0</coordinates></Point>
    </Placemark>
    <Placemark>
      <name>6101-HT</name>
      <description>Minidoka (27.7 MW)</description>
      <styleUrl>#Hydro-3</styleUrl>
      <Point><coordinates>-113.483175,42.669899,0</coordinates></Point>
    </Placemark>
    <Placemark>
      <name>6305-HT</name>
      <description>Mink Creek Hydro (3.1 MW)</description>
      <styleUrl>#Hydro-3</styleUrl>
      <Point><coordinates>-111.665589,42.260844,0</coordinates></Point>
    </Placemark>
    <Placemark>
      <name>6101-HT</name>
      <description>Mora Drop Hydroelectric Project (1.7 MW)</description>
      <styleUrl>#Hydro-3</styleUrl>
      <Point><coordinates>-116.47254,43.460012,0</coordinates></Point>
    </Placemark>
    <Placemark>
      <name>4101-HT</name>
      <description>Moyie Springs (3.9 MW)</description>
      <styleUrl>#Hydro-3</styleUrl>
      <Point><coordinates>-116.1752,48.7339,0</coordinates></Point>
    </Placemark>
    <Placemark>
      <name>6101-HT</name>
      <description>North Gooding Main Hydro (1.3 MW)</description>
      <styleUrl>#Hydro-3</styleUrl>
      <Point><coordinates>-114.5588,43.0451,0</coordinates></Point>
    </Placemark>
    <Placemark>
      <name>6305-HT</name>
      <description>Oneida (30.0 MW)</description>
      <styleUrl>#Hydro-3</styleUrl>
      <Point><coordinates>-111.748531,42.267774,0</coordinates></Point>
    </Placemark>
    <Placemark>
      <name>6305-HT</name>
      <description>Palisades Dam (176.4 MW)</description>
      <styleUrl>#Hydro-3</styleUrl>
      <Point><coordinates>-111.205752,43.334849,0</coordinates></Point>
    </Placemark>
    <Placemark>
      <name>4101-HT</name>
      <description>Post Falls (14.5 MW)</description>
      <styleUrl>#Hydro-3</styleUrl>
      <Point><coordinates>-116.953889,47.703333,0</coordinates></Point>
    </Placemark>
    <Placemark>
      <name>6101-HT</name>
      <description>Rock Creek I (2.1 MW)</description>
      <styleUrl>#Hydro-3</styleUrl>
      <Point><coordinates>-114.538769,42.632483,0</coordinates></Point>
    </Placemark>
    <Placemark>
      <name>6101-HT</name>
      <description>Rock Creek II (1.9 MW)</description>
      <styleUrl>#Hydro-3</styleUrl>
      <Point><coordinates>-114.531489,42.620724,0</coordinates></Point>
    </Placemark>
    <Placemark>
      <name>6101-HT</name>
      <description>S E Hazelton A (8.4 MW)</description>
      <styleUrl>#Hydro-3</styleUrl>
      <Point><coordinates>-114.067537,42.586701,0</coordinates></Point>
    </Placemark>
    <Placemark>
      <name>6101-HT</name>
      <description>Shoshone Falls (14.7 MW)</description>
      <styleUrl>#Hydro-3</styleUrl>
      <Point><coordinates>-114.4033,42.5975,0</coordinates></Point>
    </Placemark>
    <Placemark>
      <name>4101-HT</name>
      <description>Smith Falls Hydro Project (38.1 MW)</description>
      <styleUrl>#Hydro-3</styleUrl>
      <Point><coordinates>-116.557375,48.959547,0</coordinates></Point>
    </Placemark>
    <Placemark>
      <name>6305-HT</name>
      <description>Soda (14.6 MW)</description>
      <styleUrl>#Hydro-3</styleUrl>
      <Point><coordinates>-111.696689,42.64455,0</coordinates></Point>
    </Placemark>
    <Placemark>
      <name>6101-HT</name>
      <description>South Forks Hydro (8.0 MW)</description>
      <styleUrl>#Hydro-3</styleUrl>
      <Point><coordinates>-114.3102,42.4937,0</coordinates></Point>
    </Placemark>
    <Placemark>
      <name>6101-HT</name>
      <description>Swan Falls (25.0 MW)</description>
      <styleUrl>#Hydro-3</styleUrl>
      <Point><coordinates>-116.3791,43.2435,0</coordinates></Point>
    </Placemark>
    <Placemark>
      <name>6101-HT</name>
      <description>Thousand Springs (6.8 MW)</description>
      <styleUrl>#Hydro-3</styleUrl>
      <Point><coordinates>-114.836722,42.740542,0</coordinates></Point>
    </Placemark>
    <Placemark>
      <name>6101-HT</name>
      <description>Twin Falls (ID) (52.7 MW)</description>
      <styleUrl>#Hydro-3</styleUrl>
      <Point><coordinates>-114.3553,42.5892,0</coordinates></Point>
    </Placemark>
    <Placemark>
      <name>6101-HT</name>
      <description>Upper Malad (8.3 MW)</description>
      <styleUrl>#Hydro-3</styleUrl>
      <Point><coordinates>-114.885542,42.864267,0</coordinates></Point>
    </Placemark>
    <Placemark>
      <name>6101-HT</name>
      <description>Upper Power Plant (8.0 MW)</description>
      <styleUrl>#Hydro-3</styleUrl>
      <Point><coordinates>-112.050953,43.552695,0</coordinates></Point>
    </Placemark>
    <Placemark>
      <name>6101-HT</name>
      <description>Upper Salmon A (18.0 MW)</description>
      <styleUrl>#Hydro-3</styleUrl>
      <Point><coordinates>-114.924692,42.767422,0</coordinates></Point>
    </Placemark>
    <Placemark>
      <name>6101-HT</name>
      <description>Upper Salmon B (16.5 MW)</description>
      <styleUrl>#Hydro-3</styleUrl>
      <Point><coordinates>-114.908236,42.766397,0</coordinates></Point>
    </Placemark>
    <Placemark>
      <name>6101-HT</name>
      <description>Wilson Lake Hydroelectric Project (8.4 MW)</description>
      <styleUrl>#Hydro-3</styleUrl>
      <Point><coordinates>-114.174722,42.628889,0</coordinates></Point>
    </Placemark>
    <Placemark>
      <name>6205-HT</name>
      <description>Big Fork (4.1 MW)</description>
      <styleUrl>#Hydro-3</styleUrl>
      <Point><coordinates>-114.0708,48.0592,0</coordinates></Point>
    </Placemark>
    <Placemark>
      <name>6205-HT</name>
      <description>Black Eagle (24.0 MW)</description>
      <styleUrl>#Hydro-3</styleUrl>
      <Point><coordinates>-111.261442,47.521331,0</coordinates></Point>
    </Placemark>
    <Placemark>
      <name>6205-HT</name>
      <description>Broadwater Power Project (9.7 MW)</description>
      <styleUrl>#Hydro-3</styleUrl>
      <Point><coordinates>-111.407656,46.12061,0</coordinates></Point>
    </Placemark>
    <Placemark>
      <name>6205-HT</name>
      <description>Canyon Ferry (49.8 MW)</description>
      <styleUrl>#Hydro-3</styleUrl>
      <Point><coordinates>-111.727874,46.649026,0</coordinates></Point>
    </Placemark>
    <Placemark>
      <name>6205-HT</name>
      <description>Cochrane (60.4 MW)</description>
      <styleUrl>#Hydro-3</styleUrl>
      <Point><coordinates>-111.194969,47.5375,0</coordinates></Point>
    </Placemark>
    <Placemark>
      <name>6205-HT</name>
      <description>Flint Creek Hydroelectric LLC (2.0 MW)</description>
      <styleUrl>#Hydro-3</styleUrl>
      <Point><coordinates>-113.294722,46.2275,0</coordinates></Point>
    </Placemark>
    <Placemark>
      <name>6205-HT</name>
      <description>Fort Peck (179.7 MW)</description>
      <styleUrl>#Hydro-3</styleUrl>
      <Point><coordinates>-106.4123,48.0122,0</coordinates></Point>
    </Placemark>
    <Placemark>
      <name>6205-HT</name>
      <description>Hauser (19.1 MW)</description>
      <styleUrl>#Hydro-3</styleUrl>
      <Point><coordinates>-111.887341,46.765941,0</coordinates></Point>
    </Placemark>
    <Placemark>
      <name>6205-HT</name>
      <description>Holter (40.8 MW)</description>
      <styleUrl>#Hydro-3</styleUrl>
      <Point><coordinates>-112.0047,46.9915,0</coordinates></Point>
    </Placemark>
    <Placemark>
      <name>6205-HT</name>
      <description>Hungry Horse (428.0 MW)</description>
      <styleUrl>#Hydro-3</styleUrl>
      <Point><coordinates>-114.01443,48.341521,0</coordinates></Point>
    </Placemark>
    <Placemark>
      <name>4101-HT</name>
      <description>Libby (525.0 MW)</description>
      <styleUrl>#Hydro-3</styleUrl>
      <Point><coordinates>-115.3143,48.4098,0</coordinates></Point>
    </Placemark>
    <Placemark>
      <name>6205-HT</name>
      <description>Madison Dam (16.4 MW)</description>
      <styleUrl>#Hydro-3</styleUrl>
      <Point><coordinates>-111.633807,45.487869,0</coordinates></Point>
    </Placemark>
    <Placemark>
      <name>6205-HT</name>
      <description>Morony (63.0 MW)</description>
      <styleUrl>#Hydro-3</styleUrl>
      <Point><coordinates>-111.060898,47.581737,0</coordinates></Point>
    </Placemark>
    <Placemark>
      <name>6205-HT</name>
      <description>Mystic (12.0 MW)</description>
      <styleUrl>#Hydro-3</styleUrl>
      <Point><coordinates>-109.762489,45.225741,0</coordinates></Point>
    </Placemark>
    <Placemark>
      <name>4101-HT</name>
      <description>Noxon Rapids (487.8 MW)</description>
      <styleUrl>#Hydro-3</styleUrl>
      <Point><coordinates>-115.73361,47.96048,0</coordinates></Point>
    </Placemark>
    <Placemark>
      <name>6205-HT</name>
      <description>Rainbow (MT) (59.0 MW)</description>
      <styleUrl>#Hydro-3</styleUrl>
      <Point><coordinates>-111.2045,47.5344,0</coordinates></Point>
    </Placemark>
    <Placemark>
      <name>6205-HT</name>
      <description>Ryan (55.2 MW)</description>
      <styleUrl>#Hydro-3</styleUrl>
      <Point><coordinates>-111.122546,47.569939,0</coordinates></Point>
    </Placemark>
    <Placemark>
      <name>6205-HT</name>
      <description>Selis Ksanka Qlispe (227.8 MW)</description>
      <styleUrl>#Hydro-3</styleUrl>
      <Point><coordinates>-114.2339,47.6777,0</coordinates></Point>
    </Placemark>
    <Placemark>
      <name>6205-HT</name>
      <description>South Dry Creek Hydro (2.0 MW)</description>
      <styleUrl>#Hydro-3</styleUrl>
      <Point><coordinates>-109.1652,45.206341,0</coordinates></Point>
    </Placemark>
    <Placemark>
      <name>4101-HT</name>
      <description>Thompson Falls (98.1 MW)</description>
      <styleUrl>#Hydro-3</styleUrl>
      <Point><coordinates>-115.358237,47.593155,0</coordinates></Point>
    </Placemark>
    <Placemark>
      <name>6205-HT</name>
      <description>Tiber Dam Hydroelectric Plant (7.5 MW)</description>
      <styleUrl>#Hydro-3</styleUrl>
      <Point><coordinates>-111.1018,48.318,0</coordinates></Point>
    </Placemark>
    <Placemark>
      <name>6205-HT</name>
      <description>Turnbull Hydro (13.0 MW)</description>
      <styleUrl>#Hydro-3</styleUrl>
      <Point><coordinates>-112.096944,47.605278,0</coordinates></Point>
    </Placemark>
    <Placemark>
      <name>6205-HT</name>
      <description>Yellowtail (278.2 MW)</description>
      <styleUrl>#Hydro-3</styleUrl>
      <Point><coordinates>-107.957515,45.307406,0</coordinates></Point>
    </Placemark>
    <Placemark>
      <name>7002-HT</name>
      <description>Abiquiu Dam (15.6 MW)</description>
      <styleUrl>#Hydro-3</styleUrl>
      <Point><coordinates>-106.423043,36.239886,0</coordinates></Point>
    </Placemark>
    <Placemark>
      <name>7002-HT</name>
      <description>El Vado Dam (8.0 MW)</description>
      <styleUrl>#Hydro-3</styleUrl>
      <Point><coordinates>-106.73213,36.592775,0</coordinates></Point>
    </Placemark>
    <Placemark>
      <name>1202-HT</name>
      <description>Elephant Butte (27.9 MW)</description>
      <styleUrl>#Hydro-3</styleUrl>
      <Point><coordinates>-107.191973,33.153358,0</coordinates></Point>
    </Placemark>
    <Placemark>
      <name>1202-HT</name>
      <description>Navajo Dam (30.0 MW)</description>
      <styleUrl>#Hydro-3</styleUrl>
      <Point><coordinates>-107.6131,36.8061,0</coordinates></Point>
    </Placemark>
    <Placemark>
      <name>3701-HT</name>
      <description>Fleish (2.0 MW)</description>
      <styleUrl>#Hydro-3</styleUrl>
      <Point><coordinates>-119.5933,39.2851,0</coordinates></Point>
    </Placemark>
    <Placemark>
      <name>1301-HT</name>
      <description>Hoover Dam (NV) (1039.4 MW)</description>
      <styleUrl>#Hydro-3</styleUrl>
      <Point><coordinates>-114.738006,36.01551,0</coordinates></Point>
    </Placemark>
    <Placemark>
      <name>3701-HT</name>
      <description>Lahontan (1.8 MW)</description>
      <styleUrl>#Hydro-3</styleUrl>
      <Point><coordinates>-119.0667,39.4625,0</coordinates></Point>
    </Placemark>
    <Placemark>
      <name>3701-HT</name>
      <description>New Lahontan (4.0 MW)</description>
      <styleUrl>#Hydro-3</styleUrl>
      <Point><coordinates>-119.065227,39.463569,0</coordinates></Point>
    </Placemark>
    <Placemark>
      <name>3701-HT</name>
      <description>Verdi (2.4 MW)</description>
      <styleUrl>#Hydro-3</styleUrl>
      <Point><coordinates>-119.585,39.3125,0</coordinates></Point>
    </Placemark>
    <Placemark>
      <name>3701-HT</name>
      <description>Washoe (2.6 MW)</description>
      <styleUrl>#Hydro-3</styleUrl>
      <Point><coordinates>-119.5604,39.3022,0</coordinates></Point>
    </Placemark>
    <Placemark>
      <name>4006-HT</name>
      <description>45 Mile Hydroelectric Project (3.0 MW)</description>
      <styleUrl>#Hydro-3</styleUrl>
      <Point><coordinates>-121.152778,44.528056,0</coordinates></Point>
    </Placemark>
    <Placemark>
      <name>4006-HT</name>
      <description>Bend (1.1 MW)</description>
      <styleUrl>#Hydro-3</styleUrl>
      <Point><coordinates>-121.313331,44.062326,0</coordinates></Point>
    </Placemark>
    <Placemark>
      <name>4006-HT</name>
      <description>Big Cliff (18.0 MW)</description>
      <styleUrl>#Hydro-3</styleUrl>
      <Point><coordinates>-122.2832,44.7514,0</coordinates></Point>
    </Placemark>
    <Placemark>
      <name>4006-HT</name>
      <description>Bonneville (1162.0 MW)</description>
      <styleUrl>#Hydro-3</styleUrl>
      <Point><coordinates>-121.941009,45.6441,0</coordinates></Point>
    </Placemark>
    <Placemark>
      <name>4006-HT</name>
      <description>Carmen Smith (114.3 MW)</description>
      <styleUrl>#Hydro-3</styleUrl>
      <Point><coordinates>-122.041352,44.285977,0</coordinates></Point>
    </Placemark>
    <Placemark>
      <name>4001-HT</name>
      <description>C-Drop Hydro (1.1 MW)</description>
      <styleUrl>#Hydro-3</styleUrl>
      <Point><coordinates>-121.685,42.165833,0</coordinates></Point>
    </Placemark>
    <Placemark>
      <name>4001-HT</name>
      <description>Clearwater 1 (15.0 MW)</description>
      <styleUrl>#Hydro-3</styleUrl>
      <Point><coordinates>-122.337924,43.251244,0</coordinates></Point>
    </Placemark>
    <Placemark>
      <name>4001-HT</name>
      <description>Clearwater 2 (26.0 MW)</description>
      <styleUrl>#Hydro-3</styleUrl>
      <Point><coordinates>-122.409807,43.266894,0</coordinates></Point>
    </Placemark>
    <Placemark>
      <name>4006-HT</name>
      <description>Copper Dam Plant (2.6 MW)</description>
      <styleUrl>#Hydro-3</styleUrl>
      <Point><coordinates>-121.523761,45.66523,0</coordinates></Point>
    </Placemark>
    <Placemark>
      <name>4006-HT</name>
      <description>Cougar (26.0 MW)</description>
      <styleUrl>#Hydro-3</styleUrl>
      <Point><coordinates>-122.2439,44.1307,0</coordinates></Point>
    </Placemark>
    <Placemark>
      <name>4006-HT</name>
      <description>Dalles Dam North Fishway Project (6.5 MW)</description>
      <styleUrl>#Hydro-3</styleUrl>
      <Point><coordinates>-121.136885,45.614375,0</coordinates></Point>
    </Placemark>
    <Placemark>
      <name>4006-HT</name>
      <description>Detroit (100.0 MW)</description>
      <styleUrl>#Hydro-3</styleUrl>
      <Point><coordinates>-122.2511,44.7224,0</coordinates></Point>
    </Placemark>
    <Placemark>
      <name>4006-HT</name>
      <description>Dexter (15.0 MW)</description>
      <styleUrl>#Hydro-3</styleUrl>
      <Point><coordinates>-122.8055,43.9242,0</coordinates></Point>
    </Placemark>
    <Placemark>
      <name>4001-HT</name>
      <description>Dorena Hydro-Electric Facility (7.5 MW)</description>
      <styleUrl>#Hydro-3</styleUrl>
      <Point><coordinates>-122.958056,43.786667,0</coordinates></Point>
    </Placemark>
    <Placemark>
      <name>4001-HT</name>
      <description>Eagle Point (2.8 MW)</description>
      <styleUrl>#Hydro-3</styleUrl>
      <Point><coordinates>-122.757062,42.514575,0</coordinates></Point>
    </Placemark>
    <Placemark>
      <name>4001-HT</name>
      <description>East Side (3.2 MW)</description>
      <styleUrl>#Hydro-3</styleUrl>
      <Point><coordinates>-121.795496,42.224847,0</coordinates></Point>
    </Placemark>
    <Placemark>
      <name>4006-HT</name>
      <description>Falls Creek (4.1 MW)</description>
      <styleUrl>#Hydro-3</styleUrl>
      <Point><coordinates>-122.350246,44.396815,0</coordinates></Point>
    </Placemark>
    <Placemark>
      <name>4006-HT</name>
      <description>Faraday (19.2 MW)</description>
      <styleUrl>#Hydro-3</styleUrl>
      <Point><coordinates>-122.32009,45.268045,0</coordinates></Point>
    </Placemark>
    <Placemark>
      <name>4001-HT</name>
      <description>Fish Creek (11.0 MW)</description>
      <styleUrl>#Hydro-3</styleUrl>
      <Point><coordinates>-122.448978,43.274221,0</coordinates></Point>
    </Placemark>
    <Placemark>
      <name>4006-HT</name>
      <description>Foster (20.0 MW)</description>
      <styleUrl>#Hydro-3</styleUrl>
      <Point><coordinates>-122.6712,44.4146,0</coordinates></Point>
    </Placemark>
    <Placemark>
      <name>4001-HT</name>
      <description>Galesville Project (1.6 MW)</description>
      <styleUrl>#Hydro-3</styleUrl>
      <Point><coordinates>-123.1778,42.8489,0</coordinates></Point>
    </Placemark>
    <Placemark>
      <name>4006-HT</name>
      <description>Green Peter (80.0 MW)</description>
      <styleUrl>#Hydro-3</styleUrl>
      <Point><coordinates>-122.5494,44.4494,0</coordinates></Point>
    </Placemark>
    <Placemark>
      <name>4001-HT</name>
      <description>Green Springs (17.2 MW)</description>
      <styleUrl>#Hydro-3</styleUrl>
      <Point><coordinates>-122.547896,42.121168,0</coordinates></Point>
    </Placemark>
    <Placemark>
      <name>4102-HT</name>
      <description>Hells Canyon (391.5 MW)</description>
      <styleUrl>#Hydro-3</styleUrl>
      <Point><coordinates>-116.7008,45.2439,0</coordinates></Point>
    </Placemark>
    <Placemark>
      <name>4001-HT</name>
      <description>Hills Creek (30.0 MW)</description>
      <styleUrl>#Hydro-3</styleUrl>
      <Point><coordinates>-122.4238,43.7107,0</coordinates></Point>
    </Placemark>
    <Placemark>
      <name>4001-HT</name>
      <description>John C Boyle (98.7 MW)</description>
      <styleUrl>#Hydro-3</styleUrl>
      <Point><coordinates>-122.0703,42.093611,0</coordinates></Point>
    </Placemark>
    <Placemark>
      <name>4005-HT</name>
      <description>John Day (2160.0 MW)</description>
      <styleUrl>#Hydro-3</styleUrl>
      <Point><coordinates>-120.69408,45.71644,0</coordinates></Point>
    </Placemark>
    <Placemark>
      <name>4006-HT</name>
      <description>Juniper Ridge Hydroelectric Project (5.0 MW)</description>
      <styleUrl>#Hydro-3</styleUrl>
      <Point><coordinates>-121.269747,44.142698,0</coordinates></Point>
    </Placemark>
    <Placemark>
      <name>4006-HT</name>
      <description>Lacomb Irrigation District (1.0 MW)</description>
      <styleUrl>#Hydro-3</styleUrl>
      <Point><coordinates>-122.685441,44.597518,0</coordinates></Point>
    </Placemark>
    <Placemark>
      <name>4006-HT</name>
      <description>Leaburg (15.9 MW)</description>
      <styleUrl>#Hydro-3</styleUrl>
      <Point><coordinates>-122.6892,44.1011,0</coordinates></Point>
    </Placemark>
    <Placemark>
      <name>4001-HT</name>
      <description>Lemolo 1 (32.0 MW)</description>
      <styleUrl>#Hydro-3</styleUrl>
      <Point><coordinates>-122.2494,43.3558,0</coordinates></Point>
    </Placemark>
    <Placemark>
      <name>4001-HT</name>
      <description>Lemolo 2 (43.7 MW)</description>
      <styleUrl>#Hydro-3</styleUrl>
      <Point><coordinates>-122.40248,43.280611,0</coordinates></Point>
    </Placemark>
    <Placemark>
      <name>4006-HT</name>
      <description>Lookout Point (120.0 MW)</description>
      <styleUrl>#Hydro-3</styleUrl>
      <Point><coordinates>-122.7531,43.9153,0</coordinates></Point>
    </Placemark>
    <Placemark>
      <name>4001-HT</name>
      <description>Lost Creek (49.0 MW)</description>
      <styleUrl>#Hydro-3</styleUrl>
      <Point><coordinates>-122.6772,42.6717,0</coordinates></Point>
    </Placemark>
    <Placemark>
      <name>4102-HT</name>
      <description>McNary (990.5 MW)</description>
      <styleUrl>#Hydro-3</styleUrl>
      <Point><coordinates>-119.2988,45.9402,0</coordinates></Point>
    </Placemark>
    <Placemark>
      <name>6101-HT</name>
      <description>Michell Butte Power Project (1.8 MW)</description>
      <styleUrl>#Hydro-3</styleUrl>
      <Point><coordinates>-117.155023,43.771896,0</coordinates></Point>
    </Placemark>
    <Placemark>
      <name>4006-HT</name>
      <description>Middle Fork Irrigation District (3.3 MW)</description>
      <styleUrl>#Hydro-3</styleUrl>
      <Point><coordinates>-121.59984,45.480701,0</coordinates></Point>
    </Placemark>
    <Placemark>
      <name>4006-HT</name>
      <description>North Fork (40.8 MW)</description>
      <styleUrl>#Hydro-3</styleUrl>
      <Point><coordinates>-122.27995,45.243287,0</coordinates></Point>
    </Placemark>
    <Placemark>
      <name>4006-HT</name>
      <description>Oak Grove (51.0 MW)</description>
      <styleUrl>#Hydro-3</styleUrl>
      <Point><coordinates>-122.06987,45.122009,0</coordinates></Point>
    </Placemark>
    <Placemark>
      <name>4006-HT</name>
      <description>Opal Springs Hydro (4.3 MW)</description>
      <styleUrl>#Hydro-3</styleUrl>
      <Point><coordinates>-121.298812,44.49004,0</coordinates></Point>
    </Placemark>
    <Placemark>
      <name>6101-HT</name>
      <description>Owyhee Dam Power Project (4.3 MW)</description>
      <styleUrl>#Hydro-3</styleUrl>
      <Point><coordinates>-117.24374,43.641603,0</coordinates></Point>
    </Placemark>
    <Placemark>
      <name>4102-HT</name>
      <description>Oxbow (OR) (190.0 MW)</description>
      <styleUrl>#Hydro-3</styleUrl>
      <Point><coordinates>-116.835042,44.971643,0</coordinates></Point>
    </Placemark>
    <Placemark>
      <name>4006-HT</name>
      <description>Pelton (109.8 MW)</description>
      <styleUrl>#Hydro-3</styleUrl>
      <Point><coordinates>-121.231379,44.694374,0</coordinates></Point>
    </Placemark>
    <Placemark>
      <name>4006-HT</name>
      <description>Peters Drive Plant (1.8 MW)</description>
      <styleUrl>#Hydro-3</styleUrl>
      <Point><coordinates>-121.548455,45.66764,0</coordinates></Point>
    </Placemark>
    <Placemark>
      <name>4006-HT</name>
      <description>PHP 1 (23.7 MW)</description>
      <styleUrl>#Hydro-3</styleUrl>
      <Point><coordinates>-122.083188,45.481708,0</coordinates></Point>
    </Placemark>
    <Placemark>
      <name>4006-HT</name>
      <description>PHP 2 (11.8 MW)</description>
      <styleUrl>#Hydro-3</styleUrl>
      <Point><coordinates>-122.151257,45.448977,0</coordinates></Point>
    </Placemark>
    <Placemark>
      <name>4001-HT</name>
      <description>Prospect 1 (3.8 MW)</description>
      <styleUrl>#Hydro-3</styleUrl>
      <Point><coordinates>-122.515122,42.730717,0</coordinates></Point>
    </Placemark>
    <Placemark>
      <name>4001-HT</name>
      <description>Prospect 2 (32.0 MW)</description>
      <styleUrl>#Hydro-3</styleUrl>
      <Point><coordinates>-122.513974,42.731237,0</coordinates></Point>
    </Placemark>
    <Placemark>
      <name>4001-HT</name>
      <description>Prospect 3 (7.2 MW)</description>
      <styleUrl>#Hydro-3</styleUrl>
      <Point><coordinates>-122.41846,42.730606,0</coordinates></Point>
    </Placemark>
    <Placemark>
      <name>4001-HT</name>
      <description>Prospect 4 (1.0 MW)</description>
      <styleUrl>#Hydro-3</styleUrl>
      <Point><coordinates>-122.515079,42.733073,0</coordinates></Point>
    </Placemark>
    <Placemark>
      <name>4006-HT</name>
      <description>River Mill (18.8 MW)</description>
      <styleUrl>#Hydro-3</styleUrl>
      <Point><coordinates>-122.350023,45.299991,0</coordinates></Point>
    </Placemark>
    <Placemark>
      <name>4006-HT</name>
      <description>Round Butte (372.5 MW)</description>
      <styleUrl>#Hydro-3</styleUrl>
      <Point><coordinates>-121.277334,44.605837,0</coordinates></Point>
    </Placemark>
    <Placemark>
      <name>4006-HT</name>
      <description>Siphon Power Project (5.4 MW)</description>
      <styleUrl>#Hydro-3</styleUrl>
      <Point><coordinates>-121.3297,44.033022,0</coordinates></Point>
    </Placemark>
    <Placemark>
      <name>4001-HT</name>
      <description>Slide Creek (18.0 MW)</description>
      <styleUrl>#Hydro-3</styleUrl>
      <Point><coordinates>-122.4728,43.2939,0</coordinates></Point>
    </Placemark>
    <Placemark>
      <name>4001-HT</name>
      <description>Soda Springs (11.0 MW)</description>
      <styleUrl>#Hydro-3</styleUrl>
      <Point><coordinates>-122.5014,43.3061,0</coordinates></Point>
    </Placemark>
    <Placemark>
      <name>4001-HT</name>
      <description>Sprague Hydro (1.2 MW)</description>
      <styleUrl>#Hydro-3</styleUrl>
      <Point><coordinates>-120.98944,42.50136,0</coordinates></Point>
    </Placemark>
    <Placemark>
      <name>4006-HT</name>
      <description>Stone Creek (12.0 MW)</description>
      <styleUrl>#Hydro-3</styleUrl>
      <Point><coordinates>-121.886611,45.081111,0</coordinates></Point>
    </Placemark>
    <Placemark>
      <name>4006-HT</name>
      <description>Sullivan (15.4 MW)</description>
      <styleUrl>#Hydro-3</styleUrl>
      <Point><coordinates>-122.618954,45.354004,0</coordinates></Point>
    </Placemark>
    <Placemark>
      <name>4006-HT</name>
      <description>The Dalles (1819.7 MW)</description>
      <styleUrl>#Hydro-3</styleUrl>
      <Point><coordinates>-121.1346,45.614,0</coordinates></Point>
    </Placemark>
    <Placemark>
      <name>4006-HT</name>
      <description>Timothy Lake Powerhouse (1.2 MW)</description>
      <styleUrl>#Hydro-3</styleUrl>
      <Point><coordinates>-121.756527,45.370546,0</coordinates></Point>
    </Placemark>
    <Placemark>
      <name>4001-HT</name>
      <description>Toketee Falls (42.6 MW)</description>
      <styleUrl>#Hydro-3</styleUrl>
      <Point><coordinates>-122.447498,43.272729,0</coordinates></Point>
    </Placemark>
    <Placemark>
      <name>6101-HT</name>
      <description>Tunnel 1 Power Project (7.0 MW)</description>
      <styleUrl>#Hydro-3</styleUrl>
      <Point><coordinates>-117.232674,43.642023,0</coordinates></Point>
    </Placemark>
    <Placemark>
      <name>4102-HT</name>
      <description>Wallowa Falls (1.1 MW)</description>
      <styleUrl>#Hydro-3</styleUrl>
      <Point><coordinates>-117.212732,45.266702,0</coordinates></Point>
    </Placemark>
    <Placemark>
      <name>4006-HT</name>
      <description>Walterville (8.0 MW)</description>
      <styleUrl>#Hydro-3</styleUrl>
      <Point><coordinates>-122.835046,44.069636,0</coordinates></Point>
    </Placemark>
    <Placemark>
      <name>4006-HT</name>
      <description>Warm Springs Power Enterprises (19.6 MW)</description>
      <styleUrl>#Hydro-3</styleUrl>
      <Point><coordinates>-121.247729,44.724242,0</coordinates></Point>
    </Placemark>
    <Placemark>
      <name>6305-HT</name>
      <description>Bartholomew (1.0 MW)</description>
      <styleUrl>#Hydro-3</styleUrl>
      <Point><coordinates>-111.499461,40.167136,0</coordinates></Point>
    </Placemark>
    <Placemark>
      <name>1202-HT</name>
      <description>Boulder (4.2 MW)</description>
      <styleUrl>#Hydro-3</styleUrl>
      <Point><coordinates>-111.4383,37.9858,0</coordinates></Point>
    </Placemark>
    <Placemark>
      <name>6305-HT</name>
      <description>Brigham City (1.8 MW)</description>
      <styleUrl>#Hydro-3</styleUrl>
      <Point><coordinates>-111.99345,41.501619,0</coordinates></Point>
    </Placemark>
    <Placemark>
      <name>6305-HT</name>
      <description>Causey (2.2 MW)</description>
      <styleUrl>#Hydro-3</styleUrl>
      <Point><coordinates>-111.588849,41.297229,0</coordinates></Point>
    </Placemark>
    <Placemark>
      <name>6305-HT</name>
      <description>Cutler Hydro (30.0 MW)</description>
      <styleUrl>#Hydro-3</styleUrl>
      <Point><coordinates>-112.052114,41.834702,0</coordinates></Point>
    </Placemark>
    <Placemark>
      <name>6305-HT</name>
      <description>Deer Creek (UT) (4.8 MW)</description>
      <styleUrl>#Hydro-3</styleUrl>
      <Point><coordinates>-111.528446,40.404354,0</coordinates></Point>
    </Placemark>
    <Placemark>
      <name>6305-HT</name>
      <description>Echo Dam (4.4 MW)</description>
      <styleUrl>#Hydro-3</styleUrl>
      <Point><coordinates>-111.433937,40.964828,0</coordinates></Point>
    </Placemark>
    <Placemark>
      <name>6503-HT</name>
      <description>Flaming Gorge (151.8 MW)</description>
      <styleUrl>#Hydro-3</styleUrl>
      <Point><coordinates>-109.421662,40.914646,0</coordinates></Point>
    </Placemark>
    <Placemark>
      <name>6305-HT</name>
      <description>Gateway (4.0 MW)</description>
      <styleUrl>#Hydro-3</styleUrl>
      <Point><coordinates>-111.831441,41.136547,0</coordinates></Point>
    </Placemark>
    <Placemark>
      <name>6305-HT</name>
      <description>Granite (2.0 MW)</description>
      <styleUrl>#Hydro-3</styleUrl>
      <Point><coordinates>-111.78208,40.619173,0</coordinates></Point>
    </Placemark>
    <Placemark>
      <name>6305-HT</name>
      <description>Hydro II (6.6 MW)</description>
      <styleUrl>#Hydro-3</styleUrl>
      <Point><coordinates>-111.783169,41.743728,0</coordinates></Point>
    </Placemark>
    <Placemark>
      <name>6305-HT</name>
      <description>Hydro III (1.4 MW)</description>
      <styleUrl>#Hydro-3</styleUrl>
      <Point><coordinates>-111.746023,41.746364,0</coordinates></Point>
    </Placemark>
    <Placemark>
      <name>6503-HT</name>
      <description>Hydro Plant No 3 (2.8 MW)</description>
      <styleUrl>#Hydro-3</styleUrl>
      <Point><coordinates>-111.334381,39.205623,0</coordinates></Point>
    </Placemark>
    <Placemark>
      <name>6305-HT</name>
      <description>Jordanelle Dam Hydroelectric Project (13.0 MW)</description>
      <styleUrl>#Hydro-3</styleUrl>
      <Point><coordinates>-111.423589,40.596605,0</coordinates></Point>
    </Placemark>
    <Placemark>
      <name>6305-HT</name>
      <description>Lake Creek Dam (1.5 MW)</description>
      <styleUrl>#Hydro-3</styleUrl>
      <Point><coordinates>-111.312506,40.493631,0</coordinates></Point>
    </Placemark>
    <Placemark>
      <name>6305-HT</name>
      <description>Little Cottonwood (4.8 MW)</description>
      <styleUrl>#Hydro-3</styleUrl>
      <Point><coordinates>-111.800605,40.584985,0</coordinates></Point>
    </Placemark>
    <Placemark>
      <name>1202-HT</name>
      <description>Manti Lower (1.2 MW)</description>
      <styleUrl>#Hydro-3</styleUrl>
      <Point><coordinates>-111.621491,39.255911,0</coordinates></Point>
    </Placemark>
    <Placemark>
      <name>1202-HT</name>
      <description>Manti Upper (1.6 MW)</description>
      <styleUrl>#Hydro-3</styleUrl>
      <Point><coordinates>-111.621491,39.255911,0</coordinates></Point>
    </Placemark>
    <Placemark>
      <name>6305-HT</name>
      <description>Pine View Dam (1.8 MW)</description>
      <styleUrl>#Hydro-3</styleUrl>
      <Point><coordinates>-111.848525,41.254331,0</coordinates></Point>
    </Placemark>
    <Placemark>
      <name>6305-HT</name>
      <description>Pioneer (5.0 MW)</description>
      <styleUrl>#Hydro-3</styleUrl>
      <Point><coordinates>-111.946478,41.243643,0</coordinates></Point>
    </Placemark>
    <Placemark>
      <name>1301-HT</name>
      <description>Quail Creek Hydro Plant #1 (2.3 MW)</description>
      <styleUrl>#Hydro-3</styleUrl>
      <Point><coordinates>-113.3583,37.1854,0</coordinates></Point>
    </Placemark>
    <Placemark>
      <name>6305-HT</name>
      <description>Snake Creek (1.2 MW)</description>
      <styleUrl>#Hydro-3</styleUrl>
      <Point><coordinates>-111.502911,40.544942,0</coordinates></Point>
    </Placemark>
    <Placemark>
      <name>6305-HT</name>
      <description>Spanish Fork (3.6 MW)</description>
      <styleUrl>#Hydro-3</styleUrl>
      <Point><coordinates>-111.604846,40.080042,0</coordinates></Point>
    </Placemark>
    <Placemark>
      <name>6305-HT</name>
      <description>Stairs (1.0 MW)</description>
      <styleUrl>#Hydro-3</styleUrl>
      <Point><coordinates>-111.7533,40.6236,0</coordinates></Point>
    </Placemark>
    <Placemark>
      <name>6503-HT</name>
      <description>Uintah (1.2 MW)</description>
      <styleUrl>#Hydro-3</styleUrl>
      <Point><coordinates>-110.066111,40.538056,0</coordinates></Point>
    </Placemark>
    <Placemark>
      <name>6503-HT</name>
      <description>Unit 4 (1.3 MW)</description>
      <styleUrl>#Hydro-3</styleUrl>
      <Point><coordinates>-111.418727,39.544108,0</coordinates></Point>
    </Placemark>
    <Placemark>
      <name>1202-HT</name>
      <description>Upper Beaver (2.5 MW)</description>
      <styleUrl>#Hydro-3</styleUrl>
      <Point><coordinates>-112.4806,38.2683,0</coordinates></Point>
    </Placemark>
    <Placemark>
      <name>6305-HT</name>
      <description>Wanship (1.9 MW)</description>
      <styleUrl>#Hydro-3</styleUrl>
      <Point><coordinates>-111.4043,40.7904,0</coordinates></Point>
    </Placemark>
    <Placemark>
      <name>6305-HT</name>
      <description>Weber (3.8 MW)</description>
      <styleUrl>#Hydro-3</styleUrl>
      <Point><coordinates>-111.884948,41.137621,0</coordinates></Point>
    </Placemark>
    <Placemark>
      <name>4202-HT</name>
      <description>Alder (50.0 MW)</description>
      <styleUrl>#Hydro-3</styleUrl>
      <Point><coordinates>-122.3102,46.8016,0</coordinates></Point>
    </Placemark>
    <Placemark>
      <name>4202-HT</name>
      <description>Black Creek (3.7 MW)</description>
      <styleUrl>#Hydro-3</styleUrl>
      <Point><coordinates>-121.710517,47.549652,0</coordinates></Point>
    </Placemark>
    <Placemark>
      <name>4101-HT</name>
      <description>Boundary (1118.6 MW)</description>
      <styleUrl>#Hydro-3</styleUrl>
      <Point><coordinates>-117.347847,48.987111,0</coordinates></Point>
    </Placemark>
    <Placemark>
      <name>4101-HT</name>
      <description>Box Canyon (90.0 MW)</description>
      <styleUrl>#Hydro-3</styleUrl>
      <Point><coordinates>-117.418337,48.780856,0</coordinates></Point>
    </Placemark>
    <Placemark>
      <name>4202-HT</name>
      <description>Calligan Creek Hydroelectric Project (6.0 MW)</description>
      <styleUrl>#Hydro-3</styleUrl>
      <Point><coordinates>-121.68861,47.6008,0</coordinates></Point>
    </Placemark>
    <Placemark>
      <name>4202-HT</name>
      <description>Cedar Falls (WA) (30.0 MW)</description>
      <styleUrl>#Hydro-3</styleUrl>
      <Point><coordinates>-121.781858,47.4193,0</coordinates></Point>
    </Placemark>
    <Placemark>
      <name>4102-HT</name>
      <description>Chandler (12.0 MW)</description>
      <styleUrl>#Hydro-3</styleUrl>
      <Point><coordinates>-119.589821,46.26678,0</coordinates></Point>
    </Placemark>
    <Placemark>
      <name>4101-HT</name>
      <description>Chelan (59.2 MW)</description>
      <styleUrl>#Hydro-3</styleUrl>
      <Point><coordinates>-120.0133,47.8347,0</coordinates></Point>
    </Placemark>
    <Placemark>
      <name>4101-HT</name>
      <description>Chief Joseph (2456.2 MW)</description>
      <styleUrl>#Hydro-3</styleUrl>
      <Point><coordinates>-119.6404,47.9951,0</coordinates></Point>
    </Placemark>
    <Placemark>
      <name>4005-HT</name>
      <description>Cowiche (1.7 MW)</description>
      <styleUrl>#Hydro-3</styleUrl>
      <Point><coordinates>-120.737194,46.692628,0</coordinates></Point>
    </Placemark>
    <Placemark>
      <name>4202-HT</name>
      <description>Cowlitz Falls (70.0 MW)</description>
      <styleUrl>#Hydro-3</styleUrl>
      <Point><coordinates>-122.1097,46.4661,0</coordinates></Point>
    </Placemark>
    <Placemark>
      <name>4202-HT</name>
      <description>Cushman 1 (43.2 MW)</description>
      <styleUrl>#Hydro-3</styleUrl>
      <Point><coordinates>-123.2252,47.4181,0</coordinates></Point>
    </Placemark>
    <Placemark>
      <name>4202-HT</name>
      <description>Cushman 2 (84.6 MW)</description>
      <styleUrl>#Hydro-3</styleUrl>
      <Point><coordinates>-123.1603,47.3698,0</coordinates></Point>
    </Placemark>
    <Placemark>
      <name>4201-HT</name>
      <description>Diablo (182.4 MW)</description>
      <styleUrl>#Hydro-3</styleUrl>
      <Point><coordinates>-121.131736,48.713853,0</coordinates></Point>
    </Placemark>
    <Placemark>
      <name>4005-HT</name>
      <description>Drop 2 (WA) (2.5 MW)</description>
      <styleUrl>#Hydro-3</styleUrl>
      <Point><coordinates>-120.5342,46.4492,0</coordinates></Point>
    </Placemark>
    <Placemark>
      <name>4005-HT</name>
      <description>Drop 3 (WA) (1.6 MW)</description>
      <styleUrl>#Hydro-3</styleUrl>
      <Point><coordinates>-120.559997,46.423133,0</coordinates></Point>
    </Placemark>
    <Placemark>
      <name>4202-HT</name>
      <description>Electron (22.8 MW)</description>
      <styleUrl>#Hydro-3</styleUrl>
      <Point><coordinates>-122.174921,46.990967,0</coordinates></Point>
    </Placemark>
    <Placemark>
      <name>4102-HT</name>
      <description>Eltopia Branch Canal 4.6 (2.2 MW)</description>
      <styleUrl>#Hydro-3</styleUrl>
      <Point><coordinates>-119.254522,46.378381,0</coordinates></Point>
    </Placemark>
    <Placemark>
      <name>4201-HT</name>
      <description>Gorge (207.3 MW)</description>
      <styleUrl>#Hydro-3</styleUrl>
      <Point><coordinates>-121.208611,48.698056,0</coordinates></Point>
    </Placemark>
    <Placemark>
      <name>4101-HT</name>
      <description>Grand Coulee (6809.0 MW)</description>
      <styleUrl>#Hydro-3</styleUrl>
      <Point><coordinates>-118.977323,47.957511,0</coordinates></Point>
    </Placemark>
    <Placemark>
      <name>4201-HT</name>
      <description>H M Jackson (111.8 MW)</description>
      <styleUrl>#Hydro-3</styleUrl>
      <Point><coordinates>-121.8144,47.9084,0</coordinates></Point>
    </Placemark>
    <Placemark>
      <name>4202-HT</name>
      <description>Hancock Creek Hydroelectric Project (6.0 MW)</description>
      <styleUrl>#Hydro-3</styleUrl>
      <Point><coordinates>-121.6897,47.5722,0</coordinates></Point>
    </Placemark>
    <Placemark>
      <name>4102-HT</name>
      <description>Ice Harbor (603.0 MW)</description>
      <styleUrl>#Hydro-3</styleUrl>
      <Point><coordinates>-118.879838,46.249801,0</coordinates></Point>
    </Placemark>
    <Placemark>
      <name>4201-HT</name>
      <description>Koma Kulshan (12.0 MW)</description>
      <styleUrl>#Hydro-3</styleUrl>
      <Point><coordinates>-121.723294,48.680178,0</coordinates></Point>
    </Placemark>
    <Placemark>
      <name>4202-HT</name>
      <description>LaGrande (64.0 MW)</description>
      <styleUrl>#Hydro-3</styleUrl>
      <Point><coordinates>-122.3196,46.8328,0</coordinates></Point>
    </Placemark>
    <Placemark>
      <name>4202-HT</name>
      <description>Lilliwaup Falls Generating (1.4 MW)</description>
      <styleUrl>#Hydro-3</styleUrl>
      <Point><coordinates>-123.1153,47.4706,0</coordinates></Point>
    </Placemark>
    <Placemark>
      <name>4101-HT</name>
      <description>Little Falls (WA) (43.2 MW)</description>
      <styleUrl>#Hydro-3</styleUrl>
      <Point><coordinates>-117.916667,47.821667,0</coordinates></Point>
    </Placemark>
    <Placemark>
      <name>4102-HT</name>
      <description>Little Goose (810.0 MW)</description>
      <styleUrl>#Hydro-3</styleUrl>
      <Point><coordinates>-118.0273,46.5838,0</coordinates></Point>
    </Placemark>
    <Placemark>
      <name>4101-HT</name>
      <description>Long Lake (70.0 MW)</description>
      <styleUrl>#Hydro-3</styleUrl>
      <Point><coordinates>-117.836111,47.834444,0</coordinates></Point>
    </Placemark>
    <Placemark>
      <name>4201-HT</name>
      <description>Lower Baker (103.9 MW)</description>
      <styleUrl>#Hydro-3</styleUrl>
      <Point><coordinates>-121.7407,48.5478,0</coordinates></Point>
    </Placemark>
    <Placemark>
      <name>4101-HT</name>
      <description>Lower Granite (810.0 MW)</description>
      <styleUrl>#Hydro-3</styleUrl>
      <Point><coordinates>-117.429385,46.659503,0</coordinates></Point>
    </Placemark>
    <Placemark>
      <name>4102-HT</name>
      <description>Lower Monumental (810.0 MW)</description>
      <styleUrl>#Hydro-3</styleUrl>
      <Point><coordinates>-118.5397,46.5635,0</coordinates></Point>
    </Placemark>
    <Placemark>
      <name>4101-HT</name>
      <description>Main Canal Headworks (26.8 MW)</description>
      <styleUrl>#Hydro-3</styleUrl>
      <Point><coordinates>-119.2992,47.6164,0</coordinates></Point>
    </Placemark>
    <Placemark>
      <name>4202-HT</name>
      <description>Mayfield (162.0 MW)</description>
      <styleUrl>#Hydro-3</styleUrl>
      <Point><coordinates>-122.5885,46.5035,0</coordinates></Point>
    </Placemark>
    <Placemark>
      <name>4102-HT</name>
      <description>McNary Dam Fish Attraction Project (10.0 MW)</description>
      <styleUrl>#Hydro-3</styleUrl>
      <Point><coordinates>-119.299078,45.940034,0</coordinates></Point>
    </Placemark>
    <Placemark>
      <name>4202-HT</name>
      <description>Merwin (136.0 MW)</description>
      <styleUrl>#Hydro-3</styleUrl>
      <Point><coordinates>-122.554444,45.9567,0</coordinates></Point>
    </Placemark>
    <Placemark>
      <name>4101-HT</name>
      <description>Meyers Falls (1.6 MW)</description>
      <styleUrl>#Hydro-3</styleUrl>
      <Point><coordinates>-118.0603,48.5953,0</coordinates></Point>
    </Placemark>
    <Placemark>
      <name>4101-HT</name>
      <description>Monroe Street (14.8 MW)</description>
      <styleUrl>#Hydro-3</styleUrl>
      <Point><coordinates>-117.420556,47.653611,0</coordinates></Point>
    </Placemark>
    <Placemark>
      <name>4202-HT</name>
      <description>Mossyrock (300.0 MW)</description>
      <styleUrl>#Hydro-3</styleUrl>
      <Point><coordinates>-122.4247,46.5347,0</coordinates></Point>
    </Placemark>
    <Placemark>
      <name>4201-HT</name>
      <description>Newhalem (2.3 MW)</description>
      <styleUrl>#Hydro-3</styleUrl>
      <Point><coordinates>-121.240826,48.675944,0</coordinates></Point>
    </Placemark>
    <Placemark>
      <name>4101-HT</name>
      <description>Nine Mile (37.6 MW)</description>
      <styleUrl>#Hydro-3</styleUrl>
      <Point><coordinates>-117.537222,47.769722,0</coordinates></Point>
    </Placemark>
    <Placemark>
      <name>4201-HT</name>
      <description>Nooksack Hydro (1.5 MW)</description>
      <styleUrl>#Hydro-3</styleUrl>
      <Point><coordinates>-121.814167,48.907778,0</coordinates></Point>
    </Placemark>
    <Placemark>
      <name>4005-HT</name>
      <description>Orchard Avenue 1 (1.6 MW)</description>
      <styleUrl>#Hydro-3</styleUrl>
      <Point><coordinates>-120.677489,46.596413,0</coordinates></Point>
    </Placemark>
    <Placemark>
      <name>4202-HT</name>
      <description>Packwood (27.5 MW)</description>
      <styleUrl>#Hydro-3</styleUrl>
      <Point><coordinates>-121.569444,46.595833,0</coordinates></Point>
    </Placemark>
    <Placemark>
      <name>4102-HT</name>
      <description>PEC Headworks (6.6 MW)</description>
      <styleUrl>#Hydro-3</styleUrl>
      <Point><coordinates>-119.896306,47.159553,0</coordinates></Point>
    </Placemark>
    <Placemark>
      <name>4102-HT</name>
      <description>Potholes East Canal 66.0 (2.3 MW)</description>
      <styleUrl>#Hydro-3</styleUrl>
      <Point><coordinates>-119.254443,46.378469,0</coordinates></Point>
    </Placemark>
    <Placemark>
      <name>4102-HT</name>
      <description>Priest Rapids (955.6 MW)</description>
      <styleUrl>#Hydro-3</styleUrl>
      <Point><coordinates>-119.908,46.6451,0</coordinates></Point>
    </Placemark>
    <Placemark>
      <name>4102-HT</name>
      <description>Quincy Chute (9.4 MW)</description>
      <styleUrl>#Hydro-3</styleUrl>
      <Point><coordinates>-119.257764,46.982514,0</coordinates></Point>
    </Placemark>
    <Placemark>
      <name>4102-HT</name>
      <description>Rock Island (629.4 MW)</description>
      <styleUrl>#Hydro-3</styleUrl>
      <Point><coordinates>-120.0917,47.346111,0</coordinates></Point>
    </Placemark>
    <Placemark>
      <name>4201-HT</name>
      <description>Rocky Brook Hydroelectric (1.6 MW)</description>
      <styleUrl>#Hydro-3</styleUrl>
      <Point><coordinates>-122.9431,47.7197,0</coordinates></Point>
    </Placemark>
    <Placemark>
      <name>4102-HT</name>
      <description>Rocky Reach (1299.6 MW)</description>
      <styleUrl>#Hydro-3</styleUrl>
      <Point><coordinates>-120.295278,47.533611,0</coordinates></Point>
    </Placemark>
    <Placemark>
      <name>4201-HT</name>
      <description>Ross (450.0 MW)</description>
      <styleUrl>#Hydro-3</styleUrl>
      <Point><coordinates>-121.06788,48.732577,0</coordinates></Point>
    </Placemark>
    <Placemark>
      <name>4102-HT</name>
      <description>Roza (12.9 MW)</description>
      <styleUrl>#Hydro-3</styleUrl>
      <Point><coordinates>-120.477759,46.618413,0</coordinates></Point>
    </Placemark>
    <Placemark>
      <name>4102-HT</name>
      <description>Russell D Smith (6.1 MW)</description>
      <styleUrl>#Hydro-3</styleUrl>
      <Point><coordinates>-119.1122,46.7392,0</coordinates></Point>
    </Placemark>
    <Placemark>
      <name>4101-HT</name>
      <description>Sheep Creek Hydro (1.6 MW)</description>
      <styleUrl>#Hydro-3</styleUrl>
      <Point><coordinates>-117.795376,48.947741,0</coordinates></Point>
    </Placemark>
    <Placemark>
      <name>4202-HT</name>
      <description>Skookumchuck (1.0 MW)</description>
      <styleUrl>#Hydro-3</styleUrl>
      <Point><coordinates>-122.7197,46.7844,0</coordinates></Point>
    </Placemark>
    <Placemark>
      <name>4202-HT</name>
      <description>Snoqualmie (12.8 MW)</description>
      <styleUrl>#Hydro-3</styleUrl>
      <Point><coordinates>-121.83702,47.54011,0</coordinates></Point>
    </Placemark>
    <Placemark>
      <name>4202-HT</name>
      <description>Snoqualmie 2 (38.7 MW)</description>
      <styleUrl>#Hydro-3</styleUrl>
      <Point><coordinates>-121.8414,47.5445,0</coordinates></Point>
    </Placemark>
    <Placemark>
      <name>4201-HT</name>
      <description>South Fork Tolt (16.8 MW)</description>
      <styleUrl>#Hydro-3</styleUrl>
      <Point><coordinates>-121.783333,47.699167,0</coordinates></Point>
    </Placemark>
    <Placemark>
      <name>4101-HT</name>
      <description>Summer Falls Power Plant (92.0 MW)</description>
      <styleUrl>#Hydro-3</styleUrl>
      <Point><coordinates>-119.2917,47.5025,0</coordinates></Point>
    </Placemark>
    <Placemark>
      <name>4202-HT</name>
      <description>Swift 1 (240.0 MW)</description>
      <styleUrl>#Hydro-3</styleUrl>
      <Point><coordinates>-122.201667,46.060833,0</coordinates></Point>
    </Placemark>
    <Placemark>
      <name>4202-HT</name>
      <description>Swift 2 (72.0 MW)</description>
      <styleUrl>#Hydro-3</styleUrl>
      <Point><coordinates>-122.2594,46.0594,0</coordinates></Point>
    </Placemark>
    <Placemark>
      <name>4202-HT</name>
      <description>Tieton Dam Hydro Electric Project (13.8 MW)</description>
      <styleUrl>#Hydro-3</styleUrl>
      <Point><coordinates>-121.1287,46.658,0</coordinates></Point>
    </Placemark>
    <Placemark>
      <name>4202-HT</name>
      <description>Twin Falls Hydro (24.0 MW)</description>
      <styleUrl>#Hydro-3</styleUrl>
      <Point><coordinates>-121.687812,47.444554,0</coordinates></Point>
    </Placemark>
    <Placemark>
      <name>4102-HT</name>
      <description>Twin Reservoirs (2.2 MW)</description>
      <styleUrl>#Hydro-3</styleUrl>
      <Point><coordinates>-118.254722,46.088333,0</coordinates></Point>
    </Placemark>
    <Placemark>
      <name>4201-HT</name>
      <description>Upper Baker (104.8 MW)</description>
      <styleUrl>#Hydro-3</styleUrl>
      <Point><coordinates>-121.6907,48.649,0</coordinates></Point>
    </Placemark>
    <Placemark>
      <name>4101-HT</name>
      <description>Upper Falls (10.0 MW)</description>
      <styleUrl>#Hydro-3</styleUrl>
      <Point><coordinates>-117.418889,47.654444,0</coordinates></Point>
    </Placemark>
    <Placemark>
      <name>4101-HT</name>
      <description>Upriver Dam Hydro Plant (17.6 MW)</description>
      <styleUrl>#Hydro-3</styleUrl>
      <Point><coordinates>-117.3319,47.6822,0</coordinates></Point>
    </Placemark>
    <Placemark>
      <name>4102-HT</name>
      <description>Wanapum (1220.0 MW)</description>
      <styleUrl>#Hydro-3</styleUrl>
      <Point><coordinates>-119.9703,46.8731,0</coordinates></Point>
    </Placemark>
    <Placemark>
      <name>4202-HT</name>
      <description>Weeks Falls (4.3 MW)</description>
      <styleUrl>#Hydro-3</styleUrl>
      <Point><coordinates>-121.6483,47.43348,0</coordinates></Point>
    </Placemark>
    <Placemark>
      <name>4101-HT</name>
      <description>Wells (774.0 MW)</description>
      <styleUrl>#Hydro-3</styleUrl>
      <Point><coordinates>-119.8653,47.9469,0</coordinates></Point>
    </Placemark>
    <Placemark>
      <name>4202-HT</name>
      <description>Wynoochee (12.8 MW)</description>
      <styleUrl>#Hydro-3</styleUrl>
      <Point><coordinates>-123.605225,47.385072,0</coordinates></Point>
    </Placemark>
    <Placemark>
      <name>4202-HT</name>
      <description>Yale (134.0 MW)</description>
      <styleUrl>#Hydro-3</styleUrl>
      <Point><coordinates>-122.335467,45.96277,0</coordinates></Point>
    </Placemark>
    <Placemark>
      <name>4202-HT</name>
      <description>Yelm (12.0 MW)</description>
      <styleUrl>#Hydro-3</styleUrl>
      <Point><coordinates>-122.635795,46.974912,0</coordinates></Point>
    </Placemark>
    <Placemark>
      <name>4201-HT</name>
      <description>Youngs Creek Hydroelectric Project (7.5 MW)</description>
      <styleUrl>#Hydro-3</styleUrl>
      <Point><coordinates>-121.8,47.7916,0</coordinates></Point>
    </Placemark>
    <Placemark>
      <name>7002-HT</name>
      <description>Alcova (41.4 MW)</description>
      <styleUrl>#Hydro-3</styleUrl>
      <Point><coordinates>-106.717536,42.548412,0</coordinates></Point>
    </Placemark>
    <Placemark>
      <name>6305-HT</name>
      <description>Boysen (15.0 MW)</description>
      <styleUrl>#Hydro-3</styleUrl>
      <Point><coordinates>-108.177545,43.417872,0</coordinates></Point>
    </Placemark>
    <Placemark>
      <name>6305-HT</name>
      <description>Buffalo Bill (18.0 MW)</description>
      <styleUrl>#Hydro-3</styleUrl>
      <Point><coordinates>-109.170661,44.508169,0</coordinates></Point>
    </Placemark>
    <Placemark>
      <name>6305-HT</name>
      <description>Fontenelle (10.0 MW)</description>
      <styleUrl>#Hydro-3</styleUrl>
      <Point><coordinates>-110.063973,42.027013,0</coordinates></Point>
    </Placemark>
    <Placemark>
      <name>7002-HT</name>
      <description>Fremont Canyon (66.8 MW)</description>
      <styleUrl>#Hydro-3</styleUrl>
      <Point><coordinates>-106.795901,42.4766,0</coordinates></Point>
    </Placemark>
    <Placemark>
      <name>6305-HT</name>
      <description>Garland Canal Power Plant (2.9 MW)</description>
      <styleUrl>#Hydro-3</styleUrl>
      <Point><coordinates>-108.8644,44.7264,0</coordinates></Point>
    </Placemark>
    <Placemark>
      <name>7002-HT</name>
      <description>Glendo (38.0 MW)</description>
      <styleUrl>#Hydro-3</styleUrl>
      <Point><coordinates>-104.955526,42.467254,0</coordinates></Point>
    </Placemark>
    <Placemark>
      <name>7002-HT</name>
      <description>Guernsey (6.4 MW)</description>
      <styleUrl>#Hydro-3</styleUrl>
      <Point><coordinates>-104.760634,42.289868,0</coordinates></Point>
    </Placemark>
    <Placemark>
      <name>6305-HT</name>
      <description>Heart Mountain (5.0 MW)</description>
      <styleUrl>#Hydro-3</styleUrl>
      <Point><coordinates>-109.129588,44.513767,0</coordinates></Point>
    </Placemark>
    <Placemark>
      <name>7002-HT</name>
      <description>Kortes (36.0 MW)</description>
      <styleUrl>#Hydro-3</styleUrl>
      <Point><coordinates>-106.880543,42.174301,0</coordinates></Point>
    </Placemark>
    <Placemark>
      <name>6305-HT</name>
      <description>Pilot Butte (1.6 MW)</description>
      <styleUrl>#Hydro-3</styleUrl>
      <Point><coordinates>-108.787681,43.219017,0</coordinates></Point>
    </Placemark>
    <Placemark>
      <name>7002-HT</name>
      <description>Seminoe (51.6 MW)</description>
      <styleUrl>#Hydro-3</styleUrl>
      <Point><coordinates>-106.908483,42.156127,0</coordinates></Point>
    </Placemark>
    <Placemark>
      <name>6305-HT</name>
      <description>Shoshone (WY) (3.0 MW)</description>
      <styleUrl>#Hydro-3</styleUrl>
      <Point><coordinates>-109.181228,44.502897,0</coordinates></Point>
    </Placemark>
    <Placemark>
      <name>6305-HT</name>
      <description>Spirit Mountain (4.5 MW)</description>
      <styleUrl>#Hydro-3</styleUrl>
      <Point><coordinates>-109.129878,44.512699,0</coordinates></Point>
    </Placemark>
    <Placemark>
      <name>6305-HT</name>
      <description>Strawberry Creek (1.5 MW)</description>
      <styleUrl>#Hydro-3</styleUrl>
      <Point><coordinates>-110.893422,42.905142,0</coordinates></Point>
    </Placemark>
    <Placemark>
      <name>6305-HT</name>
      <description>Swift Creek (1.7 MW)</description>
      <styleUrl>#Hydro-3</styleUrl>
      <Point><coordinates>-110.916592,42.728439,0</coordinates></Point>
    </Placemark>
  </Folder>
  <Folder>
    <name>Nuclear</name>
    <Placemark>
      <name>1401-ST</name>
      <description>Palo Verde (4209.6 MW)</description>
      <styleUrl>#Nuclear</styleUrl>
      <Point><coordinates>-112.8617,33.3881,0</coordinates></Point>
    </Placemark>
    <Placemark>
      <name>3801-ST</name>
      <description>Diablo Canyon (2323.0 MW)</description>
      <styleUrl>#Nuclear</styleUrl>
      <Point><coordinates>-120.855542,35.211536,0</coordinates></Point>
    </Placemark>
    <Placemark>
      <name>4102-ST</name>
      <description>Columbia Generating Station (1200.0 MW)</description>
      <styleUrl>#Nuclear</styleUrl>
      <Point><coordinates>-119.3339,46.4711,0</coordinates></Point>
    </Placemark>
  </Folder>
  <Folder>
    <name>Ofsl</name>
    <Placemark>
      <name>2100-IC</name>
      <description>BP Carson Refinery (13.5 MW)</description>
      <styleUrl>#Steam</styleUrl>
      <Point><coordinates>-118.2358,33.8153,0</coordinates></Point>
    </Placemark>
    <Placemark>
      <name>2100-IC</name>
      <description>Equilon Los Angeles Refining (83.0 MW)</description>
      <styleUrl>#Steam</styleUrl>
      <Point><coordinates>-118.234722,33.791667,0</coordinates></Point>
    </Placemark>
    <Placemark>
      <name>6403-IC</name>
      <description>Phillips 66 Rodeo Refinery (54.9 MW)</description>
      <styleUrl>#Steam</styleUrl>
      <Point><coordinates>-122.2583,38.0417,0</coordinates></Point>
    </Placemark>
    <Placemark>
      <name>2100-IC</name>
      <description>Santa Maria EPG (5.5 MW)</description>
      <styleUrl>#Steam</styleUrl>
      <Point><coordinates>-120.636667,35.040833,0</coordinates></Point>
    </Placemark>
    <Placemark>
      <name>2100-IC</name>
      <description>Signal Hill West Unit (5.7 MW)</description>
      <styleUrl>#Steam</styleUrl>
      <Point><coordinates>-118.175645,33.811182,0</coordinates></Point>
    </Placemark>
    <Placemark>
      <name>2100-IC</name>
      <description>Torrance Refining Company, LLC (49.3 MW)</description>
      <styleUrl>#Steam</styleUrl>
      <Point><coordinates>-118.33,33.85336,0</coordinates></Point>
    </Placemark>
    <Placemark>
      <name>7002-IC</name>
      <description>3 MW LLC (3.0 MW)</description>
      <styleUrl>#Steam</styleUrl>
      <Point><coordinates>-107.5,38.9,0</coordinates></Point>
    </Placemark>
    <Placemark>
      <name>6201-IC</name>
      <description>Phillips 66 Billings Refinery (1.6 MW)</description>
      <styleUrl>#Steam</styleUrl>
      <Point><coordinates>-108.4911,45.7769,0</coordinates></Point>
    </Placemark>
    <Placemark>
      <name>6201-IC</name>
      <description>Elk Basin Gasoline Plant (2.0 MW)</description>
      <styleUrl>#Steam</styleUrl>
      <Point><coordinates>-108.8428,44.9806,0</coordinates></Point>
    </Placemark>
    <Placemark>
      <name>7002-IC</name>
      <description>Sinclair Oil Refinery (6.7 MW)</description>
      <styleUrl>#Steam</styleUrl>
      <Point><coordinates>-107.10972,41.77952,0</coordinates></Point>
    </Placemark>
  </Folder>
  <Folder>
    <name>Oil</name>
    <Placemark>
      <name>1101-CT</name>
      <description>Douglas (26.1 MW)</description>
      <styleUrl>#Steam</styleUrl>
      <Point><coordinates>-109.5538,31.364122,0</coordinates></Point>
    </Placemark>
    <Placemark>
      <name>6403-CT</name>
      <description>CoreSite Real Estate 1656 McCarthy, L.P. (5.0 MW)</description>
      <styleUrl>#Steam</styleUrl>
      <Point><coordinates>-121.916248,37.405727,0</coordinates></Point>
    </Placemark>
    <Placemark>
      <name>6403-CT</name>
      <description>CoreSite Real Estate 2901 Coronado, L.P. (10.0 MW)</description>
      <styleUrl>#Steam</styleUrl>
      <Point><coordinates>-121.971728,37.375089,0</coordinates></Point>
    </Placemark>
    <Placemark>
      <name>6403-CT</name>
      <description>CoreSite Real Estate 2972 Stender, L.P. (12.0 MW)</description>
      <styleUrl>#Steam</styleUrl>
      <Point><coordinates>-121.970706,37.376248,0</coordinates></Point>
    </Placemark>
    <Placemark>
      <name>6403-CT</name>
      <description>CoreSite Real Estate 3032 Coronado, L.P. (39.0 MW)</description>
      <styleUrl>#Steam</styleUrl>
      <Point><coordinates>-121.973097,37.376181,0</coordinates></Point>
    </Placemark>
    <Placemark>
      <name>6403-CT</name>
      <description>CoreSite Real Estate 55 S. Market Street (8.0 MW)</description>
      <styleUrl>#Steam</styleUrl>
      <Point><coordinates>-121.891622,37.334151,0</coordinates></Point>
    </Placemark>
    <Placemark>
      <name>6403-CT</name>
      <description>DGS Central Utility Plant (3.9 MW)</description>
      <styleUrl>#Steam</styleUrl>
      <Point><coordinates>-121.501389,38.573889,0</coordinates></Point>
    </Placemark>
    <Placemark>
      <name>6403-CT</name>
      <description>Dynegy Oakland Power Plant (149.0 MW)</description>
      <styleUrl>#Steam</styleUrl>
      <Point><coordinates>-122.28185,37.79675,0</coordinates></Point>
    </Placemark>
    <Placemark>
      <name>6403-CT</name>
      <description>Kings Beach (15.0 MW)</description>
      <styleUrl>#Steam</styleUrl>
      <Point><coordinates>-120.027222,39.245833,0</coordinates></Point>
    </Placemark>
    <Placemark>
      <name>2100-CT</name>
      <description>Pebbly Beach Generating Station Hybrid (12.7 MW)</description>
      <styleUrl>#Steam</styleUrl>
      <Point><coordinates>-118.310278,33.333056,0</coordinates></Point>
    </Placemark>
    <Placemark>
      <name>2100-CT</name>
      <description>PRC-Desoto Intl/PPG Aerospace (1.5 MW)</description>
      <styleUrl>#Steam</styleUrl>
      <Point><coordinates>-118.150556,34.989722,0</coordinates></Point>
    </Placemark>
    <Placemark>
      <name>6403-CT</name>
      <description>Regional Wastewater Control Facility (4.8 MW)</description>
      <styleUrl>#Steam</styleUrl>
      <Point><coordinates>-121.3294,37.9369,0</coordinates></Point>
    </Placemark>
    <Placemark>
      <name>6403-CT</name>
      <description>SC 1 Data Center, Phase 2 (99.6 MW)</description>
      <styleUrl>#Steam</styleUrl>
      <Point><coordinates>-121.943611,37.361667,0</coordinates></Point>
    </Placemark>
    <Placemark>
      <name>2100-CT</name>
      <description>Vernon (30.0 MW)</description>
      <styleUrl>#Steam</styleUrl>
      <Point><coordinates>-118.2219,33.9986,0</coordinates></Point>
    </Placemark>
    <Placemark>
      <name>1302-CT</name>
      <description>Vitro Flat Glass LLC (3.3 MW)</description>
      <styleUrl>#Steam</styleUrl>
      <Point><coordinates>-119.72,36.69,0</coordinates></Point>
    </Placemark>
    <Placemark>
      <name>7001-CT</name>
      <description>Airport Industrial (10.0 MW)</description>
      <styleUrl>#Steam</styleUrl>
      <Point><coordinates>-104.5308,38.2844,0</coordinates></Point>
    </Placemark>
    <Placemark>
      <name>7001-CT</name>
      <description>Burlington (CO) (129.4 MW)</description>
      <styleUrl>#Steam</styleUrl>
      <Point><coordinates>-102.2431,39.3561,0</coordinates></Point>
    </Placemark>
    <Placemark>
      <name>7001-CT</name>
      <description>Holly (2.9 MW)</description>
      <styleUrl>#Steam</styleUrl>
      <Point><coordinates>-102.073659,38.032717,0</coordinates></Point>
    </Placemark>
    <Placemark>
      <name>7001-CT</name>
      <description>Julesburg (2.8 MW)</description>
      <styleUrl>#Steam</styleUrl>
      <Point><coordinates>-102.2795,40.9505,0</coordinates></Point>
    </Placemark>
    <Placemark>
      <name>7001-CT</name>
      <description>Las Animas (5.6 MW)</description>
      <styleUrl>#Steam</styleUrl>
      <Point><coordinates>-103.2159,38.0647,0</coordinates></Point>
    </Placemark>
    <Placemark>
      <name>7001-CT</name>
      <description>Pueblo (8.0 MW)</description>
      <styleUrl>#Steam</styleUrl>
      <Point><coordinates>-104.6144,38.2667,0</coordinates></Point>
    </Placemark>
    <Placemark>
      <name>7001-CT</name>
      <description>Rocky Ford (10.0 MW)</description>
      <styleUrl>#Steam</styleUrl>
      <Point><coordinates>-103.7136,38.0492,0</coordinates></Point>
    </Placemark>
    <Placemark>
      <name>7001-CT</name>
      <description>Springfield (CO) (2.7 MW)</description>
      <styleUrl>#Steam</styleUrl>
      <Point><coordinates>-102.6217,37.4028,0</coordinates></Point>
    </Placemark>
    <Placemark>
      <name>6305-CT</name>
      <description>Salmon Diesel (5.0 MW)</description>
      <styleUrl>#Steam</styleUrl>
      <Point><coordinates>-113.885307,45.183368,0</coordinates></Point>
    </Placemark>
    <Placemark>
      <name>6201-CT</name>
      <description>Yellowstone Energy Limited Partnership (68.0 MW)</description>
      <styleUrl>#Steam</styleUrl>
      <Point><coordinates>-108.4278,45.8117,0</coordinates></Point>
    </Placemark>
    <Placemark>
      <name>1101-CT</name>
      <description>Freeport McMoRan (30.4 MW)</description>
      <styleUrl>#Steam</styleUrl>
      <Point><coordinates>-108.3628,32.66176,0</coordinates></Point>
    </Placemark>
    <Placemark>
      <name>7001-CT</name>
      <description>Quay County (27.0 MW)</description>
      <styleUrl>#Steam</styleUrl>
      <Point><coordinates>-103.731111,35.182778,0</coordinates></Point>
    </Placemark>
    <Placemark>
      <name>6403-CT</name>
      <description>Brunswick (6.0 MW)</description>
      <styleUrl>#Steam</styleUrl>
      <Point><coordinates>-119.7478,39.1522,0</coordinates></Point>
    </Placemark>
    <Placemark>
      <name>1302-CT</name>
      <description>Bloomington Power Plant (10.2 MW)</description>
      <styleUrl>#Steam</styleUrl>
      <Point><coordinates>-113.626736,37.041997,0</coordinates></Point>
    </Placemark>
    <Placemark>
      <name>1302-CT</name>
      <description>St George Red Rock (14.0 MW)</description>
      <styleUrl>#Steam</styleUrl>
      <Point><coordinates>-113.568944,37.113736,0</coordinates></Point>
    </Placemark>
    <Placemark>
      <name>4005-CT</name>
      <description>Biotech LS 0836 (1.0 MW)</description>
      <styleUrl>#Steam</styleUrl>
      <Point><coordinates>-117.1583,46.7331,0</coordinates></Point>
    </Placemark>
    <Placemark>
      <name>4201-CT</name>
      <description>Crystal Mountain (2.7 MW)</description>
      <styleUrl>#Steam</styleUrl>
      <Point><coordinates>-121.475198,46.953468,0</coordinates></Point>
    </Placemark>
    <Placemark>
      <name>4005-CT</name>
      <description>Grimes Way (4.0 MW)</description>
      <styleUrl>#Steam</styleUrl>
      <Point><coordinates>-117.1514,46.7289,0</coordinates></Point>
    </Placemark>
    <Placemark>
      <name>6305-CT</name>
      <description>Lake (WY) (2.7 MW)</description>
      <styleUrl>#Steam</styleUrl>
      <Point><coordinates>-110.5739,44.415,0</coordinates></Point>
    </Placemark>
    <Placemark>
      <name>6305-CT</name>
      <description>Old Faithful (2.0 MW)</description>
      <styleUrl>#Steam</styleUrl>
      <Point><coordinates>-110.8347,44.4533,0</coordinates></Point>
    </Placemark>
  </Folder>
  <Folder>
    <name>Othf</name>
    <Placemark>
      <name>1101-UNKNOWN</name>
      <description>AES ES GILBERT (10.0 MW)</description>
      <styleUrl>#Steam</styleUrl>
      <Point><coordinates>-111.956261,33.446804,0</coordinates></Point>
    </Placemark>
    <Placemark>
      <name>1101-UNKNOWN</name>
      <description>Pima Energy Storage System (10.0 MW)</description>
      <styleUrl>#Steam</styleUrl>
      <Point><coordinates>-110.991333,32.251647,0</coordinates></Point>
    </Placemark>
    <Placemark>
      <name>1101-UNKNOWN</name>
      <description>Punkin Center Battery Storage (2.0 MW)</description>
      <styleUrl>#Steam</styleUrl>
      <Point><coordinates>-111.31356,33.87581,0</coordinates></Point>
    </Placemark>
    <Placemark>
      <name>2100-UNKNOWN</name>
      <description>Acorn I Energy Storage LLC (2.0 MW)</description>
      <styleUrl>#Steam</styleUrl>
      <Point><coordinates>-118.931898,34.196505,0</coordinates></Point>
    </Placemark>
    <Placemark>
      <name>2100-UNKNOWN</name>
      <description>AES ES Alamitos, LLC (100.0 MW)</description>
      <styleUrl>#Steam</styleUrl>
      <Point><coordinates>-118.099665,33.770202,0</coordinates></Point>
    </Placemark>
    <Placemark>
      <name>2100-UNKNOWN</name>
      <description>Allergan (1.5 MW)</description>
      <styleUrl>#Steam</styleUrl>
      <Point><coordinates>-117.85381,33.67239,0</coordinates></Point>
    </Placemark>
    <Placemark>
      <name>2100-UNKNOWN</name>
      <description>Baker (1.2 MW)</description>
      <styleUrl>#Steam</styleUrl>
      <Point><coordinates>-117.68412,33.656528,0</coordinates></Point>
    </Placemark>
    <Placemark>
      <name>1302-UNKNOWN</name>
      <description>Beacon BESS 1 (20.0 MW)</description>
      <styleUrl>#Steam</styleUrl>
      <Point><coordinates>-118.027519,35.256526,0</coordinates></Point>
    </Placemark>
    <Placemark>
      <name>6403-UNKNOWN</name>
      <description>Bishop Ranch - BR 1-Y (1.8 MW)</description>
      <styleUrl>#Steam</styleUrl>
      <Point><coordinates>-121.9579,37.76217,0</coordinates></Point>
    </Placemark>
    <Placemark>
      <name>2100-UNKNOWN</name>
      <description>Borrego Springs Energy Storage (1.5 MW)</description>
      <styleUrl>#Steam</styleUrl>
      <Point><coordinates>-116.3496,33.27011,0</coordinates></Point>
    </Placemark>
    <Placemark>
      <name>6403-UNKNOWN</name>
      <description>C&amp;H Sugar Plant (8.0 MW)</description>
      <styleUrl>#Steam</styleUrl>
      <Point><coordinates>-122.218889,38.057222,0</coordinates></Point>
    </Placemark>
    <Placemark>
      <name>1302-UNKNOWN</name>
      <description>Cal Flats BESS (60.0 MW)</description>
      <styleUrl>#Steam</styleUrl>
      <Point><coordinates>-120.329439,35.866665,0</coordinates></Point>
    </Placemark>
    <Placemark>
      <name>2100-UNKNOWN</name>
      <description>Canyon Crest Academy (1.0 MW)</description>
      <styleUrl>#Steam</styleUrl>
      <Point><coordinates>-117.191622,32.95907,0</coordinates></Point>
    </Placemark>
    <Placemark>
      <name>1302-UNKNOWN</name>
      <description>Coso Battery Storage (60.0 MW)</description>
      <styleUrl>#Steam</styleUrl>
      <Point><coordinates>-117.810636,36.006945,0</coordinates></Point>
    </Placemark>
    <Placemark>
      <name>2100-UNKNOWN</name>
      <description>Crimson (350.0 MW)</description>
      <styleUrl>#Steam</styleUrl>
      <Point><coordinates>-114.814541,33.57345,0</coordinates></Point>
    </Placemark>
    <Placemark>
      <name>2100-UNKNOWN</name>
      <description>CSU Long Beach (2.5 MW)</description>
      <styleUrl>#Steam</styleUrl>
      <Point><coordinates>-118.10796,33.78383,0</coordinates></Point>
    </Placemark>
    <Placemark>
      <name>2100-UNKNOWN</name>
      <description>DATS (1.0 MW)</description>
      <styleUrl>#Steam</styleUrl>
      <Point><coordinates>-117.89108,33.70731,0</coordinates></Point>
    </Placemark>
    <Placemark>
      <name>2100-UNKNOWN</name>
      <description>DESI-1 Battery Energy Storage Facility (2.4 MW)</description>
      <styleUrl>#Steam</styleUrl>
      <Point><coordinates>-117.873371,33.799248,0</coordinates></Point>
    </Placemark>
    <Placemark>
      <name>2100-UNKNOWN</name>
      <description>DESI-2 Battery Storage Facility (1.4 MW)</description>
      <styleUrl>#Steam</styleUrl>
      <Point><coordinates>-117.915286,33.7357,0</coordinates></Point>
    </Placemark>
    <Placemark>
      <name>6403-UNKNOWN</name>
      <description>Diablo Energy Storage (200.0 MW)</description>
      <styleUrl>#Steam</styleUrl>
      <Point><coordinates>-121.900596,38.028792,0</coordinates></Point>
    </Placemark>
    <Placemark>
      <name>2100-UNKNOWN</name>
      <description>Dominguez Plant (5.0 MW)</description>
      <styleUrl>#Steam</styleUrl>
      <Point><coordinates>-118.2347,33.8431,0</coordinates></Point>
    </Placemark>
    <Placemark>
      <name>2100-UNKNOWN</name>
      <description>Downey (2.0 MW)</description>
      <styleUrl>#Steam</styleUrl>
      <Point><coordinates>-118.128919,33.919368,0</coordinates></Point>
    </Placemark>
    <Placemark>
      <name>2100-UNKNOWN</name>
      <description>El Cajon Energy Storage (7.5 MW)</description>
      <styleUrl>#Steam</styleUrl>
      <Point><coordinates>-117.050546,32.8115,0</coordinates></Point>
    </Placemark>
    <Placemark>
      <name>6403-UNKNOWN</name>
      <description>Elkhorn Battery Energy Storage System (182.5 MW)</description>
      <styleUrl>#Steam</styleUrl>
      <Point><coordinates>-121.781788,36.808039,0</coordinates></Point>
    </Placemark>
    <Placemark>
      <name>2100-UNKNOWN</name>
      <description>Escondido Energy Storage (30.0 MW)</description>
      <styleUrl>#Steam</styleUrl>
      <Point><coordinates>-117.114274,33.124446,0</coordinates></Point>
    </Placemark>
    <Placemark>
      <name>2000-UNKNOWN</name>
      <description>Gateway Energy Storage System (250.0 MW)</description>
      <styleUrl>#Steam</styleUrl>
      <Point><coordinates>-116.910556,32.570556,0</coordinates></Point>
    </Placemark>
    <Placemark>
      <name>2100-UNKNOWN</name>
      <description>Glendale Battery Energy Storage System (2.0 MW)</description>
      <styleUrl>#Steam</styleUrl>
      <Point><coordinates>-118.283684,34.162327,0</coordinates></Point>
    </Placemark>
    <Placemark>
      <name>2100-UNKNOWN</name>
      <description>HEBT Irvine 1 (5.5 MW)</description>
      <styleUrl>#Steam</styleUrl>
      <Point><coordinates>-117.852086,33.713489,0</coordinates></Point>
    </Placemark>
    <Placemark>
      <name>2100-UNKNOWN</name>
      <description>HEBT Irvine 2 (5.8 MW)</description>
      <styleUrl>#Steam</styleUrl>
      <Point><coordinates>-117.768222,33.665246,0</coordinates></Point>
    </Placemark>
    <Placemark>
      <name>2100-UNKNOWN</name>
      <description>HEBT WLA 1 (1.0 MW)</description>
      <styleUrl>#Steam</styleUrl>
      <Point><coordinates>-117.646846,33.669266,0</coordinates></Point>
    </Placemark>
    <Placemark>
      <name>2100-UNKNOWN</name>
      <description>Hecate Energy Johanna Facility (20.0 MW)</description>
      <styleUrl>#Steam</styleUrl>
      <Point><coordinates>-117.853061,33.714672,0</coordinates></Point>
    </Placemark>
    <Placemark>
      <name>1302-UNKNOWN</name>
      <description>Henrietta D Energy Storage LLC (10.0 MW)</description>
      <styleUrl>#Steam</styleUrl>
      <Point><coordinates>-119.904686,36.228872,0</coordinates></Point>
    </Placemark>
    <Placemark>
      <name>6403-UNKNOWN</name>
      <description>J.R. Simplot Company (4.0 MW)</description>
      <styleUrl>#Steam</styleUrl>
      <Point><coordinates>-121.2775,37.806944,0</coordinates></Point>
    </Placemark>
    <Placemark>
      <name>2100-UNKNOWN</name>
      <description>Johanna Energy Center, LLC (20.0 MW)</description>
      <styleUrl>#Steam</styleUrl>
      <Point><coordinates>-117.853984,33.715016,0</coordinates></Point>
    </Placemark>
    <Placemark>
      <name>2100-UNKNOWN</name>
      <description>Kearny Mesa Storage LLC (1.0 MW)</description>
      <styleUrl>#Steam</styleUrl>
      <Point><coordinates>-117.126079,32.815256,0</coordinates></Point>
    </Placemark>
    <Placemark>
      <name>2100-UNKNOWN</name>
      <description>Kearny North Energy Storage (10.0 MW)</description>
      <styleUrl>#Steam</styleUrl>
      <Point><coordinates>-117.13443,32.83347,0</coordinates></Point>
    </Placemark>
    <Placemark>
      <name>2100-UNKNOWN</name>
      <description>Kearny South Energy Storage (10.0 MW)</description>
      <styleUrl>#Steam</styleUrl>
      <Point><coordinates>-117.132292,32.832886,0</coordinates></Point>
    </Placemark>
    <Placemark>
      <name>2100-UNKNOWN</name>
      <description>Lancaster Area Battery (127.0 MW)</description>
      <styleUrl>#Steam</styleUrl>
      <Point><coordinates>-118.3045,34.6864,0</coordinates></Point>
    </Placemark>
    <Placemark>
      <name>2100-UNKNOWN</name>
      <description>LAWRP (1.0 MW)</description>
      <styleUrl>#Steam</styleUrl>
      <Point><coordinates>-117.71377,33.63778,0</coordinates></Point>
    </Placemark>
    <Placemark>
      <name>2100-UNKNOWN</name>
      <description>LeConte Energy Storage (125.0 MW)</description>
      <styleUrl>#Steam</styleUrl>
      <Point><coordinates>-115.670203,32.677208,0</coordinates></Point>
    </Placemark>
    <Placemark>
      <name>2100-UNKNOWN</name>
      <description>Long Beach Convention Center (1.5 MW)</description>
      <styleUrl>#Steam</styleUrl>
      <Point><coordinates>-118.189377,33.765236,0</coordinates></Point>
    </Placemark>
    <Placemark>
      <name>2100-UNKNOWN</name>
      <description>Luna Storage (100.0 MW)</description>
      <styleUrl>#Steam</styleUrl>
      <Point><coordinates>-118.3053,34.68325,0</coordinates></Point>
    </Placemark>
    <Placemark>
      <name>6403-UNKNOWN</name>
      <description>Martinez Sulfuric Acid Regeneration Plt (4.0 MW)</description>
      <styleUrl>#Steam</styleUrl>
      <Point><coordinates>-122.1139,38.0314,0</coordinates></Point>
    </Placemark>
    <Placemark>
      <name>2100-UNKNOWN</name>
      <description>Mira Loma Energy Storage Facility (20.0 MW)</description>
      <styleUrl>#Steam</styleUrl>
      <Point><coordinates>-117.560934,34.006125,0</coordinates></Point>
    </Placemark>
    <Placemark>
      <name>2100-UNKNOWN</name>
      <description>OCSD (4.9 MW)</description>
      <styleUrl>#Steam</styleUrl>
      <Point><coordinates>-117.9409,33.693129,0</coordinates></Point>
    </Placemark>
    <Placemark>
      <name>2100-UNKNOWN</name>
      <description>Orange County Energy Storage 2 (9.0 MW)</description>
      <styleUrl>#Steam</styleUrl>
      <Point><coordinates>-117.854314,33.715536,0</coordinates></Point>
    </Placemark>
    <Placemark>
      <name>2100-UNKNOWN</name>
      <description>Orange County Energy Storage 3 (6.0 MW)</description>
      <styleUrl>#Steam</styleUrl>
      <Point><coordinates>-117.85431,33.714896,0</coordinates></Point>
    </Placemark>
    <Placemark>
      <name>2100-UNKNOWN</name>
      <description>Ortega Highway Energy Storage (2.0 MW)</description>
      <styleUrl>#Steam</styleUrl>
      <Point><coordinates>-117.543777,33.562061,0</coordinates></Point>
    </Placemark>
    <Placemark>
      <name>6403-UNKNOWN</name>
      <description>Pacific Union College BESS (1.0 MW)</description>
      <styleUrl>#Steam</styleUrl>
      <Point><coordinates>-122.444028,38.570028,0</coordinates></Point>
    </Placemark>
    <Placemark>
      <name>2100-UNKNOWN</name>
      <description>Pala Energy Storage Yard (1.0 MW)</description>
      <styleUrl>#Steam</styleUrl>
      <Point><coordinates>-117.113599,33.35651,0</coordinates></Point>
    </Placemark>
    <Placemark>
      <name>6403-UNKNOWN</name>
      <description>Phillips 66 Carbon Plant (27.3 MW)</description>
      <styleUrl>#Steam</styleUrl>
      <Point><coordinates>-122.2344,38.018056,0</coordinates></Point>
    </Placemark>
    <Placemark>
      <name>2100-UNKNOWN</name>
      <description>PPA Grand (2.0 MW)</description>
      <styleUrl>#Steam</styleUrl>
      <Point><coordinates>-117.833,33.691,0</coordinates></Point>
    </Placemark>
    <Placemark>
      <name>2100-UNKNOWN</name>
      <description>San Diego International Airport BESS (2.0 MW)</description>
      <styleUrl>#Steam</styleUrl>
      <Point><coordinates>-117.1933,32.7338,0</coordinates></Point>
    </Placemark>
    <Placemark>
      <name>2100-UNKNOWN</name>
      <description>Sanborn BESS 1 (100.0 MW)</description>
      <styleUrl>#Steam</styleUrl>
      <Point><coordinates>-118.139236,35.027264,0</coordinates></Point>
    </Placemark>
    <Placemark>
      <name>2100-UNKNOWN</name>
      <description>Sanborn BESS 2 (100.0 MW)</description>
      <styleUrl>#Steam</styleUrl>
      <Point><coordinates>-118.140078,35.027264,0</coordinates></Point>
    </Placemark>
    <Placemark>
      <name>2100-UNKNOWN</name>
      <description>Santa Ana Storage 2 (20.0 MW)</description>
      <styleUrl>#Steam</styleUrl>
      <Point><coordinates>-117.853984,33.715016,0</coordinates></Point>
    </Placemark>
    <Placemark>
      <name>2100-UNKNOWN</name>
      <description>Saticoy (100.0 MW)</description>
      <styleUrl>#Steam</styleUrl>
      <Point><coordinates>-119.15726,34.256691000000004,0</coordinates></Point>
    </Placemark>
    <Placemark>
      <name>2100-UNKNOWN</name>
      <description>Silverstrand Grid Energy Storage System (11.0 MW)</description>
      <styleUrl>#Steam</styleUrl>
      <Point><coordinates>-119.079813,34.20774,0</coordinates></Point>
    </Placemark>
    <Placemark>
      <name>2100-UNKNOWN</name>
      <description>SOCCD (1.3 MW)</description>
      <styleUrl>#Steam</styleUrl>
      <Point><coordinates>-117.777312,33.676445,0</coordinates></Point>
    </Placemark>
    <Placemark>
      <name>2100-UNKNOWN</name>
      <description>Sunlight Storage (230.0 MW)</description>
      <styleUrl>#Steam</styleUrl>
      <Point><coordinates>-115.402,33.803,0</coordinates></Point>
    </Placemark>
    <Placemark>
      <name>1302-UNKNOWN</name>
      <description>Tehachapi Energy Storage Project (8.0 MW)</description>
      <styleUrl>#Steam</styleUrl>
      <Point><coordinates>-118.38,35.123333,0</coordinates></Point>
    </Placemark>
    <Placemark>
      <name>2100-UNKNOWN</name>
      <description>Tesoro Wilmington Calciner (34.0 MW)</description>
      <styleUrl>#Steam</styleUrl>
      <Point><coordinates>-118.22821,33.77697,0</coordinates></Point>
    </Placemark>
    <Placemark>
      <name>6403-UNKNOWN</name>
      <description>Tierra Buena Energy Storage (5.0 MW)</description>
      <styleUrl>#Steam</styleUrl>
      <Point><coordinates>-121.66209,39.17133,0</coordinates></Point>
    </Placemark>
    <Placemark>
      <name>2100-UNKNOWN</name>
      <description>Top Gun Energy Storage (30.0 MW)</description>
      <styleUrl>#Steam</styleUrl>
      <Point><coordinates>-117.167791,32.876198,0</coordinates></Point>
    </Placemark>
    <Placemark>
      <name>2100-UNKNOWN</name>
      <description>Vallecito (10.0 MW)</description>
      <styleUrl>#Steam</styleUrl>
      <Point><coordinates>-119.511547,34.407086,0</coordinates></Point>
    </Placemark>
    <Placemark>
      <name>2100-UNKNOWN</name>
      <description>Valley Center 54 (54.0 MW)</description>
      <styleUrl>#Steam</styleUrl>
      <Point><coordinates>-117.017744,33.227236,0</coordinates></Point>
    </Placemark>
    <Placemark>
      <name>2100-UNKNOWN</name>
      <description>Valley Center 85 (85.0 MW)</description>
      <styleUrl>#Steam</styleUrl>
      <Point><coordinates>-117.017744,33.227236,0</coordinates></Point>
    </Placemark>
    <Placemark>
      <name>2100-UNKNOWN</name>
      <description>Vanadium Redox Flow Battery Plant (2.0 MW)</description>
      <styleUrl>#Steam</styleUrl>
      <Point><coordinates>-116.988781,32.682506,0</coordinates></Point>
    </Placemark>
    <Placemark>
      <name>2100-UNKNOWN</name>
      <description>VESI Pomona (20.0 MW)</description>
      <styleUrl>#Steam</styleUrl>
      <Point><coordinates>-117.774167,34.059444,0</coordinates></Point>
    </Placemark>
    <Placemark>
      <name>2100-UNKNOWN</name>
      <description>Vista Energy Storage System (40.0 MW)</description>
      <styleUrl>#Steam</styleUrl>
      <Point><coordinates>-117.253852,33.203977,0</coordinates></Point>
    </Placemark>
    <Placemark>
      <name>2100-UNKNOWN</name>
      <description>Wildcat I Energy Storage LLC (3.0 MW)</description>
      <styleUrl>#Steam</styleUrl>
      <Point><coordinates>-116.489835,33.807988,0</coordinates></Point>
    </Placemark>
    <Placemark>
      <name>2100-UNKNOWN</name>
      <description>Wilmington Hydrogen Plant (31.9 MW)</description>
      <styleUrl>#Steam</styleUrl>
      <Point><coordinates>-118.24,33.7803,0</coordinates></Point>
    </Placemark>
    <Placemark>
      <name>7001-UNKNOWN</name>
      <description>Fort Carson Battery Energy Storage System (4.2 MW)</description>
      <styleUrl>#Steam</styleUrl>
      <Point><coordinates>-104.777675,38.745474,0</coordinates></Point>
    </Placemark>
    <Placemark>
      <name>7001-UNKNOWN</name>
      <description>I25 Battery Storage (4.0 MW)</description>
      <styleUrl>#Steam</styleUrl>
      <Point><coordinates>-104.978012,40.140285,0</coordinates></Point>
    </Placemark>
    <Placemark>
      <name>7001-UNKNOWN</name>
      <description>OREG 4 Peetz (4.5 MW)</description>
      <styleUrl>#Steam</styleUrl>
      <Point><coordinates>-102.853056,40.9925,0</coordinates></Point>
    </Placemark>
    <Placemark>
      <name>1004-UNKNOWN</name>
      <description>Williams Ignacio Natural Gas Plant (6.1 MW)</description>
      <styleUrl>#Steam</styleUrl>
      <Point><coordinates>-107.784722,37.145556,0</coordinates></Point>
    </Placemark>
    <Placemark>
      <name>6305-UNKNOWN</name>
      <description>Simplot Leasing Don Plant (15.9 MW)</description>
      <styleUrl>#Steam</styleUrl>
      <Point><coordinates>-112.52944,42.908412,0</coordinates></Point>
    </Placemark>
    <Placemark>
      <name>6201-UNKNOWN</name>
      <description>OREG 1 Inc (30.0 MW)</description>
      <styleUrl>#Steam</styleUrl>
      <Point><coordinates>-104.3975,48.2139,0</coordinates></Point>
    </Placemark>
    <Placemark>
      <name>6201-UNKNOWN</name>
      <description>OREG 2 Inc (30.0 MW)</description>
      <styleUrl>#Steam</styleUrl>
      <Point><coordinates>-104.3975,48.2142,0</coordinates></Point>
    </Placemark>
    <Placemark>
      <name>6403-UNKNOWN</name>
      <description>Chukar Battery Energy Storage System (10.0 MW)</description>
      <styleUrl>#Steam</styleUrl>
      <Point><coordinates>-119.43665,39.55636,0</coordinates></Point>
    </Placemark>
    <Placemark>
      <name>1302-UNKNOWN</name>
      <description>Goodsprings Waste Heat Recovery (7.5 MW)</description>
      <styleUrl>#Steam</styleUrl>
      <Point><coordinates>-115.411389,35.809444,0</coordinates></Point>
    </Placemark>
    <Placemark>
      <name>4005-UNKNOWN</name>
      <description>Salem Smart Power Center (5.0 MW)</description>
      <styleUrl>#Steam</styleUrl>
      <Point><coordinates>-123.0183,44.922,0</coordinates></Point>
    </Placemark>
    <Placemark>
      <name>2604-UNKNOWN</name>
      <description>Kennecott Power Plant (38.2 MW)</description>
      <styleUrl>#Steam</styleUrl>
      <Point><coordinates>-112.1225,40.7119,0</coordinates></Point>
    </Placemark>
    <Placemark>
      <name>1302-UNKNOWN</name>
      <description>Veyo Heat Recovery Project (9.5 MW)</description>
      <styleUrl>#Steam</styleUrl>
      <Point><coordinates>-113.765,37.348,0</coordinates></Point>
    </Placemark>
    <Placemark>
      <name>5001-UNKNOWN</name>
      <description>Glacier Battery Storage (2.0 MW)</description>
      <styleUrl>#Steam</styleUrl>
      <Point><coordinates>-121.9462,48.88804,0</coordinates></Point>
    </Placemark>
    <Placemark>
      <name>4201-UNKNOWN</name>
      <description>MESA 1 (2.0 MW)</description>
      <styleUrl>#Steam</styleUrl>
      <Point><coordinates>-122.246917,47.936194,0</coordinates></Point>
    </Placemark>
    <Placemark>
      <name>6301-UNKNOWN</name>
      <description>Simplot Phosphates (11.5 MW)</description>
      <styleUrl>#Steam</styleUrl>
      <Point><coordinates>-109.1328,41.5417,0</coordinates></Point>
    </Placemark>
  </Folder>
  <Folder>
    <name>Solar</name>
    <Placemark>
      <name>1401-PV</name>
      <description>Actus Lend Lease DMAFB (3.0 MW)</description>
      <styleUrl>#PV-2</styleUrl>
      <Point><coordinates>-110.863333,32.1825,0</coordinates></Point>
    </Placemark>
    <Placemark>
      <name>1401-PV</name>
      <description>Agua Caliente Solar Project (347.7 MW)</description>
      <styleUrl>#PV-2</styleUrl>
      <Point><coordinates>-113.4945,32.9774,0</coordinates></Point>
    </Placemark>
    <Placemark>
      <name>1401-PV</name>
      <description>Amazon TUS2 (2.6 MW)</description>
      <styleUrl>#PV-2</styleUrl>
      <Point><coordinates>-110.838888,32.129416,0</coordinates></Point>
    </Placemark>
    <Placemark>
      <name>1401-PV</name>
      <description>Amphitheater High School Solar (1.0 MW)</description>
      <styleUrl>#PV-2</styleUrl>
      <Point><coordinates>-110.975,32.269,0</coordinates></Point>
    </Placemark>
    <Placemark>
      <name>1401-PV</name>
      <description>Apache Solar 1 (20.0 MW)</description>
      <styleUrl>#PV-2</styleUrl>
      <Point><coordinates>-109.890379,32.068141,0</coordinates></Point>
    </Placemark>
    <Placemark>
      <name>2100-PV</name>
      <description>Arizona Western College PV (4.7 MW)</description>
      <styleUrl>#PV-2</styleUrl>
      <Point><coordinates>-114.49611,32.687778,0</coordinates></Point>
    </Placemark>
    <Placemark>
      <name>1401-PV</name>
      <description>Arlington Valley Solar Energy II (129.0 MW)</description>
      <styleUrl>#PV-2</styleUrl>
      <Point><coordinates>-112.833888,33.305,0</coordinates></Point>
    </Placemark>
    <Placemark>
      <name>1401-PV</name>
      <description>Avalon Solar (29.0 MW)</description>
      <styleUrl>#PV-2</styleUrl>
      <Point><coordinates>-110.960556,32.001389,0</coordinates></Point>
    </Placemark>
    <Placemark>
      <name>1401-PV</name>
      <description>Avalon Solar II (16.0 MW)</description>
      <styleUrl>#PV-2</styleUrl>
      <Point><coordinates>-110.958427,32.000854,0</coordinates></Point>
    </Placemark>
    <Placemark>
      <name>1401-PV</name>
      <description>Avra Valley Solar (25.0 MW)</description>
      <styleUrl>#PV-2</styleUrl>
      <Point><coordinates>-111.282777,32.371667,0</coordinates></Point>
    </Placemark>
    <Placemark>
      <name>1401-PV</name>
      <description>AZ State University - Tempe Campus Solar (2.4 MW)</description>
      <styleUrl>#PV-2</styleUrl>
      <Point><coordinates>-111.92822,33.424279,0</coordinates></Point>
    </Placemark>
    <Placemark>
      <name>1401-PV</name>
      <description>Badger 1 (14.8 MW)</description>
      <styleUrl>#PV-2</styleUrl>
      <Point><coordinates>-112.813458,33.498003,0</coordinates></Point>
    </Placemark>
    <Placemark>
      <name>1401-PV</name>
      <description>Black Mountain Solar LLC (9.0 MW)</description>
      <styleUrl>#PV-2</styleUrl>
      <Point><coordinates>-114.1627,35.0227,0</coordinates></Point>
    </Placemark>
    <Placemark>
      <name>1401-PV</name>
      <description>Bonnybrooke PV (50.0 MW)</description>
      <styleUrl>#PV-2</styleUrl>
      <Point><coordinates>-111.34,33.053,0</coordinates></Point>
    </Placemark>
    <Placemark>
      <name>1401-PV</name>
      <description>Broadway 2 - Tucson Phase II (3.0 MW)</description>
      <styleUrl>#PV-2</styleUrl>
      <Point><coordinates>-111.2611,32.24817,0</coordinates></Point>
    </Placemark>
    <Placemark>
      <name>1401-PV</name>
      <description>Broadway 3 - Tucson Phase I (1.0 MW)</description>
      <styleUrl>#PV-2</styleUrl>
      <Point><coordinates>-111.26111,32.24817,0</coordinates></Point>
    </Placemark>
    <Placemark>
      <name>1401-PV</name>
      <description>Buckeye Union HS District 201 (3.3 MW)</description>
      <styleUrl>#PV-2</styleUrl>
      <Point><coordinates>-112.576111,33.419167,0</coordinates></Point>
    </Placemark>
    <Placemark>
      <name>1401-PV</name>
      <description>Canyon Del Oro High School Solar (4.4 MW)</description>
      <styleUrl>#PV-2</styleUrl>
      <Point><coordinates>-110.974,32.374,0</coordinates></Point>
    </Placemark>
    <Placemark>
      <name>1401-PV</name>
      <description>Central Line Solar, LLC (100.0 MW)</description>
      <styleUrl>#PV-2</styleUrl>
      <Point><coordinates>-111.56803,32.834322,0</coordinates></Point>
    </Placemark>
    <Placemark>
      <name>1401-PV</name>
      <description>Chino Solar Valley (19.0 MW)</description>
      <styleUrl>#PV-2</styleUrl>
      <Point><coordinates>-112.42899,34.71843,0</coordinates></Point>
    </Placemark>
    <Placemark>
      <name>1401-PV</name>
      <description>Cogenra - TEP (1.0 MW)</description>
      <styleUrl>#PV-2</styleUrl>
      <Point><coordinates>-110.813333,32.101944,0</coordinates></Point>
    </Placemark>
    <Placemark>
      <name>1401-PV</name>
      <description>Cotton Center Solar Hybrid (17.0 MW)</description>
      <styleUrl>#PV-2</styleUrl>
      <Point><coordinates>-112.661667,33.034722,0</coordinates></Point>
    </Placemark>
    <Placemark>
      <name>1401-PV</name>
      <description>Davis Monthan AFB (AZ) West Airfield (12.6 MW)</description>
      <styleUrl>#PV-2</styleUrl>
      <Point><coordinates>-110.899734,32.17356,0</coordinates></Point>
    </Placemark>
    <Placemark>
      <name>1401-PV</name>
      <description>Desert Star Hybrid (10.0 MW)</description>
      <styleUrl>#PV-2</styleUrl>
      <Point><coordinates>-112.66,33.145,0</coordinates></Point>
    </Placemark>
    <Placemark>
      <name>1401-PV</name>
      <description>East Line Solar (100.0 MW)</description>
      <styleUrl>#PV-2</styleUrl>
      <Point><coordinates>-111.565072,32.84703,0</coordinates></Point>
    </Placemark>
    <Placemark>
      <name>1401-PV</name>
      <description>Estrella Mountain PV (1.8 MW)</description>
      <styleUrl>#PV-2</styleUrl>
      <Point><coordinates>-112.340297,33.409803,0</coordinates></Point>
    </Placemark>
    <Placemark>
      <name>2100-PV</name>
      <description>Foothills Solar Plant Hybrid (35.0 MW)</description>
      <styleUrl>#PV-2</styleUrl>
      <Point><coordinates>-114.428741,32.64856,0</coordinates></Point>
    </Placemark>
    <Placemark>
      <name>1401-PV</name>
      <description>Fort Huachuca Solar PV Project (17.7 MW)</description>
      <styleUrl>#PV-2</styleUrl>
      <Point><coordinates>-110.35,31.555278,0</coordinates></Point>
    </Placemark>
    <Placemark>
      <name>1401-PV</name>
      <description>FRB Solar Farm (1.9 MW)</description>
      <styleUrl>#PV-2</styleUrl>
      <Point><coordinates>-110.824662,32.108147,0</coordinates></Point>
    </Placemark>
    <Placemark>
      <name>1401-PV</name>
      <description>Gato Montes Solar, LLC (5.0 MW)</description>
      <styleUrl>#PV-2</styleUrl>
      <Point><coordinates>-110.819722,32.102778,0</coordinates></Point>
    </Placemark>
    <Placemark>
      <name>1401-PV</name>
      <description>Gila Bend Hybrid (37.4 MW)</description>
      <styleUrl>#PV-2</styleUrl>
      <Point><coordinates>-112.881389,32.940833,0</coordinates></Point>
    </Placemark>
    <Placemark>
      <name>1401-PV</name>
      <description>Gilbert Solar Facility I, LLC (2.0 MW)</description>
      <styleUrl>#PV-2</styleUrl>
      <Point><coordinates>-111.802355,33.355862,0</coordinates></Point>
    </Placemark>
    <Placemark>
      <name>1302-PV</name>
      <description>Gray Hawk Solar (55.0 MW)</description>
      <styleUrl>#PV-2</styleUrl>
      <Point><coordinates>-113.8978,35.3635,0</coordinates></Point>
    </Placemark>
    <Placemark>
      <name>1401-PV</name>
      <description>Hyder II Hybrid (14.0 MW)</description>
      <styleUrl>#PV-2</styleUrl>
      <Point><coordinates>-113.3489,33.027,0</coordinates></Point>
    </Placemark>
    <Placemark>
      <name>1401-PV</name>
      <description>Hyder Solar Hybrid (32.0 MW)</description>
      <styleUrl>#PV-2</styleUrl>
      <Point><coordinates>-113.34397,33.02566,0</coordinates></Point>
    </Placemark>
    <Placemark>
      <name>1401-PV</name>
      <description>Intel - Ocotillo Campus Solar (4.2 MW)</description>
      <styleUrl>#PV-2</styleUrl>
      <Point><coordinates>-111.892354,33.243261,0</coordinates></Point>
    </Placemark>
    <Placemark>
      <name>1401-PV</name>
      <description>Iron Horse Battery Storage Hybrid (12.0 MW)</description>
      <styleUrl>#PV-2</styleUrl>
      <Point><coordinates>-110.819119,32.098492,0</coordinates></Point>
    </Placemark>
    <Placemark>
      <name>1302-PV</name>
      <description>Jacobson 5 MW Solar (4.4 MW)</description>
      <styleUrl>#PV-2</styleUrl>
      <Point><coordinates>-114.01183,35.304528,0</coordinates></Point>
    </Placemark>
    <Placemark>
      <name>1401-PV</name>
      <description>Jewish Community Center PV (1.1 MW)</description>
      <styleUrl>#PV-2</styleUrl>
      <Point><coordinates>-111.924722,33.603056,0</coordinates></Point>
    </Placemark>
    <Placemark>
      <name>1001-PV</name>
      <description>Kayenta Solar Project (55.3 MW)</description>
      <styleUrl>#PV-2</styleUrl>
      <Point><coordinates>-110.263889,36.771944,0</coordinates></Point>
    </Placemark>
    <Placemark>
      <name>1302-PV</name>
      <description>La Senita (1.0 MW)</description>
      <styleUrl>#PV-2</styleUrl>
      <Point><coordinates>-114.004591,35.241675,0</coordinates></Point>
    </Placemark>
    <Placemark>
      <name>1401-PV</name>
      <description>Lake Pleasant WTP (6.5 MW)</description>
      <styleUrl>#PV-2</styleUrl>
      <Point><coordinates>-112.24,33.820556,0</coordinates></Point>
    </Placemark>
    <Placemark>
      <name>1401-PV</name>
      <description>Luke Solar (15.0 MW)</description>
      <styleUrl>#PV-2</styleUrl>
      <Point><coordinates>-112.37944,33.526111,0</coordinates></Point>
    </Placemark>
    <Placemark>
      <name>1401-PV</name>
      <description>Macys Goodyear (3.5 MW)</description>
      <styleUrl>#PV-2</styleUrl>
      <Point><coordinates>-112.414596,33.409063,0</coordinates></Point>
    </Placemark>
    <Placemark>
      <name>1401-PV</name>
      <description>Mesa Carport PV (4.6 MW)</description>
      <styleUrl>#PV-2</styleUrl>
      <Point><coordinates>-111.602,33.347,0</coordinates></Point>
    </Placemark>
    <Placemark>
      <name>1401-PV</name>
      <description>Mesquite Solar 1 (170.0 MW)</description>
      <styleUrl>#PV-2</styleUrl>
      <Point><coordinates>-112.904028,33.341833,0</coordinates></Point>
    </Placemark>
    <Placemark>
      <name>1401-PV</name>
      <description>Mesquite Solar 2, LLC (100.0 MW)</description>
      <styleUrl>#PV-2</styleUrl>
      <Point><coordinates>-112.911388,33.332777,0</coordinates></Point>
    </Placemark>
    <Placemark>
      <name>1401-PV</name>
      <description>Mesquite Solar 3, LLC (150.0 MW)</description>
      <styleUrl>#PV-2</styleUrl>
      <Point><coordinates>-112.936805,33.347583,0</coordinates></Point>
    </Placemark>
    <Placemark>
      <name>1302-PV</name>
      <description>Mohave Electric at Fort Mohave (4.4 MW)</description>
      <styleUrl>#PV-2</styleUrl>
      <Point><coordinates>-114.5565,34.9843,0</coordinates></Point>
    </Placemark>
    <Placemark>
      <name>1302-PV</name>
      <description>Mohave Electric Cooperative at Joy Lane (10.9 MW)</description>
      <styleUrl>#PV-2</styleUrl>
      <Point><coordinates>-114.5565,34.9843,0</coordinates></Point>
    </Placemark>
    <Placemark>
      <name>1401-PV</name>
      <description>OE_AZ1 (32.5 MW)</description>
      <styleUrl>#PV-2</styleUrl>
      <Point><coordinates>-113.656111,33.776667,0</coordinates></Point>
    </Placemark>
    <Placemark>
      <name>1401-PV</name>
      <description>Paloma Solar Hybrid (17.6 MW)</description>
      <styleUrl>#PV-2</styleUrl>
      <Point><coordinates>-112.661389,33.021111,0</coordinates></Point>
    </Placemark>
    <Placemark>
      <name>1401-PV</name>
      <description>Paradise Valley H.S. PV (1.3 MW)</description>
      <styleUrl>#PV-2</styleUrl>
      <Point><coordinates>-111.9997,33.6416,0</coordinates></Point>
    </Placemark>
    <Placemark>
      <name>1401-PV</name>
      <description>Phoenix Airport East Economy Lot (1.1 MW)</description>
      <styleUrl>#PV-2</styleUrl>
      <Point><coordinates>-111.9842,33.4345,0</coordinates></Point>
    </Placemark>
    <Placemark>
      <name>1401-PV</name>
      <description>Phoenix Airport Rental Car Center (1.6 MW)</description>
      <styleUrl>#PV-2</styleUrl>
      <Point><coordinates>-112.04484,33.43042,0</coordinates></Point>
    </Placemark>
    <Placemark>
      <name>1401-PV</name>
      <description>Picture Rocks Solar, LLC (20.0 MW)</description>
      <styleUrl>#PV-2</styleUrl>
      <Point><coordinates>-111.242778,32.369722,0</coordinates></Point>
    </Placemark>
    <Placemark>
      <name>1401-PV</name>
      <description>Pima Community College (1.1 MW)</description>
      <styleUrl>#PV-2</styleUrl>
      <Point><coordinates>-110.816669,32.166494,0</coordinates></Point>
    </Placemark>
    <Placemark>
      <name>1401-PV</name>
      <description>Pima Community College - East Campus (1.3 MW)</description>
      <styleUrl>#PV-2</styleUrl>
      <Point><coordinates>-110.990639,32.146142,0</coordinates></Point>
    </Placemark>
    <Placemark>
      <name>1401-PV</name>
      <description>Pima Community College NW (1.3 MW)</description>
      <styleUrl>#PV-2</styleUrl>
      <Point><coordinates>-111.02786,32.343491,0</coordinates></Point>
    </Placemark>
    <Placemark>
      <name>1401-PV</name>
      <description>Pinal Central Energy Center Hybrid (30.0 MW)</description>
      <styleUrl>#PV-2</styleUrl>
      <Point><coordinates>-111.551111,32.875697,0</coordinates></Point>
    </Placemark>
    <Placemark>
      <name>1401-PV</name>
      <description>Poseidon Solar, LLC (20.0 MW)</description>
      <styleUrl>#PV-2</styleUrl>
      <Point><coordinates>-111.484011,33.160601,0</coordinates></Point>
    </Placemark>
    <Placemark>
      <name>1401-PV</name>
      <description>Prairie Fire (4.5 MW)</description>
      <styleUrl>#PV-2</styleUrl>
      <Point><coordinates>-110.82,32.116389,0</coordinates></Point>
    </Placemark>
    <Placemark>
      <name>1401-PV</name>
      <description>Prescott Airport (3.0 MW)</description>
      <styleUrl>#PV-2</styleUrl>
      <Point><coordinates>-112.4008,34.6584,0</coordinates></Point>
    </Placemark>
    <Placemark>
      <name>1401-PV</name>
      <description>Prescott Solar Plant (10.8 MW)</description>
      <styleUrl>#PV-2</styleUrl>
      <Point><coordinates>-112.4275,34.649444,0</coordinates></Point>
    </Placemark>
    <Placemark>
      <name>1401-PV</name>
      <description>Queen Creek Solar Farm (19.0 MW)</description>
      <styleUrl>#PV-2</styleUrl>
      <Point><coordinates>-111.612222,33.2675,0</coordinates></Point>
    </Placemark>
    <Placemark>
      <name>1401-PV</name>
      <description>Raptor Ridge (12.5 MW)</description>
      <styleUrl>#PV-2</styleUrl>
      <Point><coordinates>-110.878056,32.146944,0</coordinates></Point>
    </Placemark>
    <Placemark>
      <name>1401-PV</name>
      <description>RE Ajo 1 LLC (4.5 MW)</description>
      <styleUrl>#PV-2</styleUrl>
      <Point><coordinates>-112.831401,32.367013,0</coordinates></Point>
    </Placemark>
    <Placemark>
      <name>1401-PV</name>
      <description>RE Bagdad Solar I LLC (14.9 MW)</description>
      <styleUrl>#PV-2</styleUrl>
      <Point><coordinates>-113.177222,34.585833,0</coordinates></Point>
    </Placemark>
    <Placemark>
      <name>1401-PV</name>
      <description>RE Gillespie 1 LLC (15.0 MW)</description>
      <styleUrl>#PV-2</styleUrl>
      <Point><coordinates>-112.665833,33.026389,0</coordinates></Point>
    </Placemark>
    <Placemark>
      <name>1401-PV</name>
      <description>Red Horse 2 (81.0 MW)</description>
      <styleUrl>#PV-2</styleUrl>
      <Point><coordinates>-110.088056,32.286111,0</coordinates></Point>
    </Placemark>
    <Placemark>
      <name>1401-PV</name>
      <description>Red Horse III (30.0 MW)</description>
      <styleUrl>#PV-2</styleUrl>
      <Point><coordinates>-110.05129,32.13597,0</coordinates></Point>
    </Placemark>
    <Placemark>
      <name>1401-PV</name>
      <description>Red Rock (40.0 MW)</description>
      <styleUrl>#PV-2</styleUrl>
      <Point><coordinates>-111.289232,32.551026,0</coordinates></Point>
    </Placemark>
    <Placemark>
      <name>1401-PV</name>
      <description>Rio Rico Solar (6.0 MW)</description>
      <styleUrl>#PV-2</styleUrl>
      <Point><coordinates>-111.008056,31.5,0</coordinates></Point>
    </Placemark>
    <Placemark>
      <name>1401-PV</name>
      <description>Roger Road WWTP (1.1 MW)</description>
      <styleUrl>#PV-2</styleUrl>
      <Point><coordinates>-111.0331,32.2894,0</coordinates></Point>
    </Placemark>
    <Placemark>
      <name>1401-PV</name>
      <description>Saddle Mountain Solar I (15.0 MW)</description>
      <styleUrl>#PV-2</styleUrl>
      <Point><coordinates>-113.180833,33.378333,0</coordinates></Point>
    </Placemark>
    <Placemark>
      <name>1401-PV</name>
      <description>Saint Solar (100.0 MW)</description>
      <styleUrl>#PV-2</styleUrl>
      <Point><coordinates>-111.502402,32.866276,0</coordinates></Point>
    </Placemark>
    <Placemark>
      <name>1401-PV</name>
      <description>Sandstone Solar (45.0 MW)</description>
      <styleUrl>#PV-2</styleUrl>
      <Point><coordinates>-111.430278,33.035556,0</coordinates></Point>
    </Placemark>
    <Placemark>
      <name>1401-PV</name>
      <description>Solana Generating Station (280.0 MW)</description>
      <styleUrl>#PV-2</styleUrl>
      <Point><coordinates>-112.95594,32.922294,0</coordinates></Point>
    </Placemark>
    <Placemark>
      <name>1401-PV</name>
      <description>Sulphur Springs (20.0 MW)</description>
      <styleUrl>#PV-2</styleUrl>
      <Point><coordinates>-109.919283,32.0628,0</coordinates></Point>
    </Placemark>
    <Placemark>
      <name>1401-PV</name>
      <description>Sun Streams 2 (150.0 MW)</description>
      <styleUrl>#PV-2</styleUrl>
      <Point><coordinates>-112.816771,33.320406,0</coordinates></Point>
    </Placemark>
    <Placemark>
      <name>1401-PV</name>
      <description>Sun Streams, LLC (160.0 MW)</description>
      <styleUrl>#PV-2</styleUrl>
      <Point><coordinates>-112.8348,33.34884,0</coordinates></Point>
    </Placemark>
    <Placemark>
      <name>1401-PV</name>
      <description>T0588 Phoenix - AZ (1.2 MW)</description>
      <styleUrl>#PV-2</styleUrl>
      <Point><coordinates>-112.217664,33.447225,0</coordinates></Point>
    </Placemark>
    <Placemark>
      <name>1401-PV</name>
      <description>Tech Park Solar (5.0 MW)</description>
      <styleUrl>#PV-2</styleUrl>
      <Point><coordinates>-110.815696,32.097884,0</coordinates></Point>
    </Placemark>
    <Placemark>
      <name>1401-PV</name>
      <description>UASTP I (1.2 MW)</description>
      <styleUrl>#PV-2</styleUrl>
      <Point><coordinates>-110.8106,32.096973,0</coordinates></Point>
    </Placemark>
    <Placemark>
      <name>1401-PV</name>
      <description>Union HS at Casa Grande (1.6 MW)</description>
      <styleUrl>#PV-2</styleUrl>
      <Point><coordinates>-111.738611,32.936944,0</coordinates></Point>
    </Placemark>
    <Placemark>
      <name>1401-PV</name>
      <description>Valencia Solar (10.0 MW)</description>
      <styleUrl>#PV-2</styleUrl>
      <Point><coordinates>-110.866944,32.145833,0</coordinates></Point>
    </Placemark>
    <Placemark>
      <name>1401-PV</name>
      <description>Vista Grande HS at Casa Grande (1.4 MW)</description>
      <styleUrl>#PV-2</styleUrl>
      <Point><coordinates>-111.713056,32.891389,0</coordinates></Point>
    </Placemark>
    <Placemark>
      <name>1401-PV</name>
      <description>Walmart Casa Grande (2.0 MW)</description>
      <styleUrl>#PV-2</styleUrl>
      <Point><coordinates>-111.771751,32.866837,0</coordinates></Point>
    </Placemark>
    <Placemark>
      <name>1401-PV</name>
      <description>West Line Solar, LLC (100.0 MW)</description>
      <styleUrl>#PV-2</styleUrl>
      <Point><coordinates>-111.5548,32.7559,0</coordinates></Point>
    </Placemark>
    <Placemark>
      <name>1401-PV</name>
      <description>Wilmot Energy Center LLC (160.0 MW)</description>
      <styleUrl>#PV-2</styleUrl>
      <Point><coordinates>-110.892676,32.043502,0</coordinates></Point>
    </Placemark>
    <Placemark>
      <name>2408-PV</name>
      <description>1420 Coil Av #C (1.3 MW)</description>
      <styleUrl>#PV-2</styleUrl>
      <Point><coordinates>-118.241405,33.794283,0</coordinates></Point>
    </Placemark>
    <Placemark>
      <name>2408-PV</name>
      <description>20333 Normandie PV, LLC (2.6 MW)</description>
      <styleUrl>#PV-2</styleUrl>
      <Point><coordinates>-118.30019,33.84614,0</coordinates></Point>
    </Placemark>
    <Placemark>
      <name>2611-PV</name>
      <description>20701 Plummer PV, LLC (1.5 MW)</description>
      <styleUrl>#PV-2</styleUrl>
      <Point><coordinates>-118.58517,34.243444,0</coordinates></Point>
    </Placemark>
    <Placemark>
      <name>3403-PV</name>
      <description>2081 Terzian Solar Project (1.2 MW)</description>
      <styleUrl>#PV-2</styleUrl>
      <Point><coordinates>-119.415833,36.67,0</coordinates></Point>
    </Placemark>
    <Placemark>
      <name>3903-PV</name>
      <description>2097 Helton Solar Project (1.5 MW)</description>
      <styleUrl>#PV-2</styleUrl>
      <Point><coordinates>-120.506944,37.352222,0</coordinates></Point>
    </Placemark>
    <Placemark>
      <name>3903-PV</name>
      <description>2127 Harris Solar Project (1.3 MW)</description>
      <styleUrl>#PV-2</styleUrl>
      <Point><coordinates>-121.669722,39.291667,0</coordinates></Point>
    </Placemark>
    <Placemark>
      <name>2408-PV</name>
      <description>2555 E Olympic Bl (1.0 MW)</description>
      <styleUrl>#PV-2</styleUrl>
      <Point><coordinates>-118.224167,34.026944,0</coordinates></Point>
    </Placemark>
    <Placemark>
      <name>2611-PV</name>
      <description>8500 Balboa PV, LLC (3.2 MW)</description>
      <styleUrl>#PV-2</styleUrl>
      <Point><coordinates>-118.49974,34.22379,0</coordinates></Point>
    </Placemark>
    <Placemark>
      <name>2402-PV</name>
      <description>9150 Hermosa Solar GM (1.3 MW)</description>
      <styleUrl>#PV-2</styleUrl>
      <Point><coordinates>-117.5872,34.0878,0</coordinates></Point>
    </Placemark>
    <Placemark>
      <name>3903-PV</name>
      <description>Adapture CA2, LLC (1.5 MW)</description>
      <styleUrl>#PV-2</styleUrl>
      <Point><coordinates>-122.175583,39.69898,0</coordinates></Point>
    </Placemark>
    <Placemark>
      <name>2401-PV</name>
      <description>Adelanto Solar II, LLC (7.0 MW)</description>
      <styleUrl>#PV-2</styleUrl>
      <Point><coordinates>-117.3775,34.557222,0</coordinates></Point>
    </Placemark>
    <Placemark>
      <name>2401-PV</name>
      <description>Adelanto Solar Project (6.8 MW)</description>
      <styleUrl>#PV-2</styleUrl>
      <Point><coordinates>-117.435277,34.550833,0</coordinates></Point>
    </Placemark>
    <Placemark>
      <name>2401-PV</name>
      <description>Adelanto Solar, LLC (20.0 MW)</description>
      <styleUrl>#PV-2</styleUrl>
      <Point><coordinates>-117.3775,34.557222,0</coordinates></Point>
    </Placemark>
    <Placemark>
      <name>3403-PV</name>
      <description>Adera Solar (20.0 MW)</description>
      <styleUrl>#PV-2</styleUrl>
      <Point><coordinates>-120.32488,37.120586,0</coordinates></Point>
    </Placemark>
    <Placemark>
      <name>3803-PV</name>
      <description>Adobe Solar (20.0 MW)</description>
      <styleUrl>#PV-2</styleUrl>
      <Point><coordinates>-118.954444,35.102778,0</coordinates></Point>
    </Placemark>
    <Placemark>
      <name>3903-PV</name>
      <description>Aerojet I (3.0 MW)</description>
      <styleUrl>#PV-2</styleUrl>
      <Point><coordinates>-121.162879,38.613508,0</coordinates></Point>
    </Placemark>
    <Placemark>
      <name>3903-PV</name>
      <description>Aerojet II (2.2 MW)</description>
      <styleUrl>#PV-2</styleUrl>
      <Point><coordinates>-121.1703,38.6086,0</coordinates></Point>
    </Placemark>
    <Placemark>
      <name>2611-PV</name>
      <description>Aerolease (1.3 MW)</description>
      <styleUrl>#PV-2</styleUrl>
      <Point><coordinates>-118.451355,34.189857,0</coordinates></Point>
    </Placemark>
    <Placemark>
      <name>3403-PV</name>
      <description>Agriculture Capital - Legacy Packing (1.6 MW)</description>
      <styleUrl>#PV-2</styleUrl>
      <Point><coordinates>-119.46698,36.49466,0</coordinates></Point>
    </Placemark>
    <Placemark>
      <name>2401-PV</name>
      <description>Alamo Solar (20.0 MW)</description>
      <styleUrl>#PV-2</styleUrl>
      <Point><coordinates>-117.3475,34.682222,0</coordinates></Point>
    </Placemark>
    <Placemark>
      <name>3803-PV</name>
      <description>Algonquin SKIC 10 Solar, LLC (10.0 MW)</description>
      <styleUrl>#PV-2</styleUrl>
      <Point><coordinates>-119.243361,35.126111,0</coordinates></Point>
    </Placemark>
    <Placemark>
      <name>3803-PV</name>
      <description>Algonquin SKIC20 Solar LLC (20.0 MW)</description>
      <styleUrl>#PV-2</styleUrl>
      <Point><coordinates>-119.243333,35.126111,0</coordinates></Point>
    </Placemark>
    <Placemark>
      <name>3803-PV</name>
      <description>Alpaugh 50 (50.0 MW)</description>
      <styleUrl>#PV-2</styleUrl>
      <Point><coordinates>-119.435278,35.898333,0</coordinates></Point>
    </Placemark>
    <Placemark>
      <name>3803-PV</name>
      <description>Alpaugh North (20.0 MW)</description>
      <styleUrl>#PV-2</styleUrl>
      <Point><coordinates>-119.442778,35.9025,0</coordinates></Point>
    </Placemark>
    <Placemark>
      <name>2611-PV</name>
      <description>Alpine Solar (66.0 MW)</description>
      <styleUrl>#PV-2</styleUrl>
      <Point><coordinates>-118.5047,34.7892,0</coordinates></Point>
    </Placemark>
    <Placemark>
      <name>2408-PV</name>
      <description>Alticor Inc - Solar Project (1.2 MW)</description>
      <styleUrl>#PV-2</styleUrl>
      <Point><coordinates>-117.99608,33.878585,0</coordinates></Point>
    </Placemark>
    <Placemark>
      <name>3903-PV</name>
      <description>Amazon - Patterson PV (2.5 MW)</description>
      <styleUrl>#PV-2</styleUrl>
      <Point><coordinates>-121.166326,37.468888,0</coordinates></Point>
    </Placemark>
    <Placemark>
      <name>2401-PV</name>
      <description>Amazon PSP1 (3.8 MW)</description>
      <styleUrl>#PV-2</styleUrl>
      <Point><coordinates>-116.99442,33.92624,0</coordinates></Point>
    </Placemark>
    <Placemark>
      <name>3903-PV</name>
      <description>American Canyon Solar (3.0 MW)</description>
      <styleUrl>#PV-2</styleUrl>
      <Point><coordinates>-122.214014,38.160858,0</coordinates></Point>
    </Placemark>
    <Placemark>
      <name>3403-PV</name>
      <description>American Kings Solar, LLC (128.0 MW)</description>
      <styleUrl>#PV-2</styleUrl>
      <Point><coordinates>-119.898,36.24,0</coordinates></Point>
    </Placemark>
    <Placemark>
      <name>2408-PV</name>
      <description>Anaheim Solar Energy Plant (2.1 MW)</description>
      <styleUrl>#PV-2</styleUrl>
      <Point><coordinates>-117.919722,33.8025,0</coordinates></Point>
    </Placemark>
    <Placemark>
      <name>2404-PV</name>
      <description>Antelope Big Sky Ranch (20.0 MW)</description>
      <styleUrl>#PV-2</styleUrl>
      <Point><coordinates>-118.28769,34.694839,0</coordinates></Point>
    </Placemark>
    <Placemark>
      <name>2404-PV</name>
      <description>Antelope DSR 1 (50.0 MW)</description>
      <styleUrl>#PV-2</styleUrl>
      <Point><coordinates>-118.280722,34.655556,0</coordinates></Point>
    </Placemark>
    <Placemark>
      <name>2404-PV</name>
      <description>Antelope DSR 2 (5.0 MW)</description>
      <styleUrl>#PV-2</styleUrl>
      <Point><coordinates>-118.311722,34.686944,0</coordinates></Point>
    </Placemark>
    <Placemark>
      <name>2404-PV</name>
      <description>Antelope DSR 3 (20.0 MW)</description>
      <styleUrl>#PV-2</styleUrl>
      <Point><coordinates>-118.304071,34.736859,0</coordinates></Point>
    </Placemark>
    <Placemark>
      <name>2404-PV</name>
      <description>Antelope Expansion 1B (17.0 MW)</description>
      <styleUrl>#PV-2</styleUrl>
      <Point><coordinates>-118.259161,34.71611,0</coordinates></Point>
    </Placemark>
    <Placemark>
      <name>2404-PV</name>
      <description>Antelope Expansion 2 (105.0 MW)</description>
      <styleUrl>#PV-2</styleUrl>
      <Point><coordinates>-118.309153,34.744977,0</coordinates></Point>
    </Placemark>
    <Placemark>
      <name>2404-PV</name>
      <description>Antelope Expansion 3A (15.0 MW)</description>
      <styleUrl>#PV-2</styleUrl>
      <Point><coordinates>-118.322051,34.728902,0</coordinates></Point>
    </Placemark>
    <Placemark>
      <name>2404-PV</name>
      <description>Antelope Expansion 3B (5.0 MW)</description>
      <styleUrl>#PV-2</styleUrl>
      <Point><coordinates>-118.322532,34.720162,0</coordinates></Point>
    </Placemark>
    <Placemark>
      <name>2402-PV</name>
      <description>AP North Lake I, LP (20.0 MW)</description>
      <styleUrl>#PV-2</styleUrl>
      <Point><coordinates>-117.010556,33.74,0</coordinates></Point>
    </Placemark>
    <Placemark>
      <name>3903-PV</name>
      <description>Apple Campus 2 PV (14.4 MW)</description>
      <styleUrl>#PV-2</styleUrl>
      <Point><coordinates>-122.01,37.33,0</coordinates></Point>
    </Placemark>
    <Placemark>
      <name>3403-PV</name>
      <description>Aquamarine (250.0 MW)</description>
      <styleUrl>#PV-2</styleUrl>
      <Point><coordinates>-119.904166,36.189722,0</coordinates></Point>
    </Placemark>
    <Placemark>
      <name>2100-PV</name>
      <description>Arlington Energy Center II (232.0 MW)</description>
      <styleUrl>#PV-2</styleUrl>
      <Point><coordinates>-114.774944,33.69088,0</coordinates></Point>
    </Placemark>
    <Placemark>
      <name>2100-PV</name>
      <description>Arlington Energy Center III (241.0 MW)</description>
      <styleUrl>#PV-2</styleUrl>
      <Point><coordinates>-114.774944,33.69088,0</coordinates></Point>
    </Placemark>
    <Placemark>
      <name>2404-PV</name>
      <description>Arrache 4006 (2.0 MW)</description>
      <styleUrl>#PV-2</styleUrl>
      <Point><coordinates>-118.051111,34.655,0</coordinates></Point>
    </Placemark>
    <Placemark>
      <name>2404-PV</name>
      <description>Arrache 4013 (1.5 MW)</description>
      <styleUrl>#PV-2</styleUrl>
      <Point><coordinates>-118.051944,34.650556,0</coordinates></Point>
    </Placemark>
    <Placemark>
      <name>2404-PV</name>
      <description>Arrache 8083 (4.0 MW)</description>
      <styleUrl>#PV-2</styleUrl>
      <Point><coordinates>-118.061111,34.647778,0</coordinates></Point>
    </Placemark>
    <Placemark>
      <name>3403-PV</name>
      <description>Aspiration G (9.0 MW)</description>
      <styleUrl>#PV-2</styleUrl>
      <Point><coordinates>-120.352481,36.552186,0</coordinates></Point>
    </Placemark>
    <Placemark>
      <name>3903-PV</name>
      <description>ASTI (1.2 MW)</description>
      <styleUrl>#PV-2</styleUrl>
      <Point><coordinates>-122.975278,38.761389,0</coordinates></Point>
    </Placemark>
    <Placemark>
      <name>3803-PV</name>
      <description>Atascadero State Hospital (1.1 MW)</description>
      <styleUrl>#PV-2</styleUrl>
      <Point><coordinates>-120.634011,35.463333,0</coordinates></Point>
    </Placemark>
    <Placemark>
      <name>2100-PV</name>
      <description>Athos Solar Project (250.0 MW)</description>
      <styleUrl>#PV-2</styleUrl>
      <Point><coordinates>-115.35499,33.751283,0</coordinates></Point>
    </Placemark>
    <Placemark>
      <name>3803-PV</name>
      <description>Atwell Island (20.2 MW)</description>
      <styleUrl>#PV-2</styleUrl>
      <Point><coordinates>-119.510833,35.895,0</coordinates></Point>
    </Placemark>
    <Placemark>
      <name>3803-PV</name>
      <description>Atwell Island West Solar (20.0 MW)</description>
      <styleUrl>#PV-2</styleUrl>
      <Point><coordinates>-119.459722,35.815,0</coordinates></Point>
    </Placemark>
    <Placemark>
      <name>2404-PV</name>
      <description>AV Solar Ranch One (253.0 MW)</description>
      <styleUrl>#PV-2</styleUrl>
      <Point><coordinates>-118.42444,34.780278,0</coordinates></Point>
    </Placemark>
    <Placemark>
      <name>3403-PV</name>
      <description>Avenal Park (6.0 MW)</description>
      <styleUrl>#PV-2</styleUrl>
      <Point><coordinates>-120.11,35.989722,0</coordinates></Point>
    </Placemark>
    <Placemark>
      <name>2404-PV</name>
      <description>AVS Lancaster 1 (3.7 MW)</description>
      <styleUrl>#PV-2</styleUrl>
      <Point><coordinates>-117.973571,34.748894,0</coordinates></Point>
    </Placemark>
    <Placemark>
      <name>3903-PV</name>
      <description>Axium Modesto Solar (25.0 MW)</description>
      <styleUrl>#PV-2</styleUrl>
      <Point><coordinates>-120.995556,37.734167,0</coordinates></Point>
    </Placemark>
    <Placemark>
      <name>3803-PV</name>
      <description>Bakersfield 111 (1.4 MW)</description>
      <styleUrl>#PV-2</styleUrl>
      <Point><coordinates>-118.989894,35.317551,0</coordinates></Point>
    </Placemark>
    <Placemark>
      <name>3803-PV</name>
      <description>Bakersfield College Solar 01 (1.1 MW)</description>
      <styleUrl>#PV-2</styleUrl>
      <Point><coordinates>-118.96864,35.411817,0</coordinates></Point>
    </Placemark>
    <Placemark>
      <name>3803-PV</name>
      <description>Bakersfield Industrial PV 1 (1.0 MW)</description>
      <styleUrl>#PV-2</styleUrl>
      <Point><coordinates>-118.993119,35.330032,0</coordinates></Point>
    </Placemark>
    <Placemark>
      <name>3803-PV</name>
      <description>Bakersfield PV 1 (5.3 MW)</description>
      <styleUrl>#PV-2</styleUrl>
      <Point><coordinates>-118.981522,35.324982,0</coordinates></Point>
    </Placemark>
    <Placemark>
      <name>2404-PV</name>
      <description>Bayshore Solar A, LLC (20.0 MW)</description>
      <styleUrl>#PV-2</styleUrl>
      <Point><coordinates>-118.298089,34.667817,0</coordinates></Point>
    </Placemark>
    <Placemark>
      <name>2404-PV</name>
      <description>Bayshore Solar B, LLC (20.0 MW)</description>
      <styleUrl>#PV-2</styleUrl>
      <Point><coordinates>-118.302649,34.678305,0</coordinates></Point>
    </Placemark>
    <Placemark>
      <name>2404-PV</name>
      <description>Bayshore Solar C, LLC (20.0 MW)</description>
      <styleUrl>#PV-2</styleUrl>
      <Point><coordinates>-118.314087,34.681338,0</coordinates></Point>
    </Placemark>
    <Placemark>
      <name>2401-PV</name>
      <description>BBARWA (1.3 MW)</description>
      <styleUrl>#PV-2</styleUrl>
      <Point><coordinates>-116.815428,34.267795,0</coordinates></Point>
    </Placemark>
    <Placemark>
      <name>2404-PV</name>
      <description>Beacon Solar Plant Site 2 (47.3 MW)</description>
      <styleUrl>#PV-2</styleUrl>
      <Point><coordinates>-117.999167,35.265833,0</coordinates></Point>
    </Placemark>
    <Placemark>
      <name>2404-PV</name>
      <description>Beacon Solar Plant Site 5 (37.8 MW)</description>
      <styleUrl>#PV-2</styleUrl>
      <Point><coordinates>-118.034444,35.248889,0</coordinates></Point>
    </Placemark>
    <Placemark>
      <name>3903-PV</name>
      <description>Bear Creek Solar (1.5 MW)</description>
      <styleUrl>#PV-2</styleUrl>
      <Point><coordinates>-121.148889,38.136389,0</coordinates></Point>
    </Placemark>
    <Placemark>
      <name>3903-PV</name>
      <description>Beringer (1.4 MW)</description>
      <styleUrl>#PV-2</styleUrl>
      <Point><coordinates>-122.479722,38.510833,0</coordinates></Point>
    </Placemark>
    <Placemark>
      <name>2408-PV</name>
      <description>Big Bear (5.5 MW)</description>
      <styleUrl>#PV-2</styleUrl>
      <Point><coordinates>-118.192851,34.015287,0</coordinates></Point>
    </Placemark>
    <Placemark>
      <name>2404-PV</name>
      <description>BigBeau Solar, LLC (168.0 MW)</description>
      <styleUrl>#PV-2</styleUrl>
      <Point><coordinates>-118.344077,34.907041,0</coordinates></Point>
    </Placemark>
    <Placemark>
      <name>3903-PV</name>
      <description>Bio-Rad (2.5 MW)</description>
      <styleUrl>#PV-2</styleUrl>
      <Point><coordinates>-122.273663,38.022486,0</coordinates></Point>
    </Placemark>
    <Placemark>
      <name>3902-PV</name>
      <description>Blackjack Solar (4.0 MW)</description>
      <styleUrl>#PV-2</styleUrl>
      <Point><coordinates>-121.026685,36.181538,0</coordinates></Point>
    </Placemark>
    <Placemark>
      <name>3803-PV</name>
      <description>Blackwell Solar Park (20.0 MW)</description>
      <styleUrl>#PV-2</styleUrl>
      <Point><coordinates>-119.845,35.612,0</coordinates></Point>
    </Placemark>
    <Placemark>
      <name>3903-PV</name>
      <description>Blue Shld Of Cal- El Dorado Hlls Mtr B (1.5 MW)</description>
      <styleUrl>#PV-2</styleUrl>
      <Point><coordinates>-121.074115,38.650627,0</coordinates></Point>
    </Placemark>
    <Placemark>
      <name>3803-PV</name>
      <description>Blue Skies Solar, LLC (1.0 MW)</description>
      <styleUrl>#PV-2</styleUrl>
      <Point><coordinates>-118.908812,34.98809,0</coordinates></Point>
    </Placemark>
    <Placemark>
      <name>2100-PV</name>
      <description>Blythe Mesa Solar II (335.6 MW)</description>
      <styleUrl>#PV-2</styleUrl>
      <Point><coordinates>-114.680261,33.640813,0</coordinates></Point>
    </Placemark>
    <Placemark>
      <name>2100-PV</name>
      <description>Blythe Solar 110, LLC (172.8 MW)</description>
      <styleUrl>#PV-2</styleUrl>
      <Point><coordinates>-114.742,33.68,0</coordinates></Point>
    </Placemark>
    <Placemark>
      <name>2100-PV</name>
      <description>Blythe Solar II, LLC (246.2 MW)</description>
      <styleUrl>#PV-2</styleUrl>
      <Point><coordinates>-114.73,33.68,0</coordinates></Point>
    </Placemark>
    <Placemark>
      <name>2100-PV</name>
      <description>Blythe Solar III, LLC Hybrid (251.8 MW)</description>
      <styleUrl>#PV-2</styleUrl>
      <Point><coordinates>-114.742,33.656,0</coordinates></Point>
    </Placemark>
    <Placemark>
      <name>2100-PV</name>
      <description>Blythe Solar IV, LLC (137.4 MW)</description>
      <styleUrl>#PV-2</styleUrl>
      <Point><coordinates>-114.768,33.682,0</coordinates></Point>
    </Placemark>
    <Placemark>
      <name>3903-PV</name>
      <description>Bodega Avenue Solar LLC (2.0 MW)</description>
      <styleUrl>#PV-2</styleUrl>
      <Point><coordinates>-122.7373,38.26147,0</coordinates></Point>
    </Placemark>
    <Placemark>
      <name>2401-PV</name>
      <description>Bolthouse S&amp;P and Rowen Farms Solar (1.2 MW)</description>
      <styleUrl>#PV-2</styleUrl>
      <Point><coordinates>-117.6933,34.5644,0</coordinates></Point>
    </Placemark>
    <Placemark>
      <name>3403-PV</name>
      <description>Borden Solar Farm (50.0 MW)</description>
      <styleUrl>#PV-2</styleUrl>
      <Point><coordinates>-119.96,36.941111,0</coordinates></Point>
    </Placemark>
    <Placemark>
      <name>2402-PV</name>
      <description>Broadway 2 - UC Riverside (3.0 MW)</description>
      <styleUrl>#PV-2</styleUrl>
      <Point><coordinates>-117.33101,33.97034,0</coordinates></Point>
    </Placemark>
    <Placemark>
      <name>3403-PV</name>
      <description>Broadway 3 - UC Merced 1 (1.0 MW)</description>
      <styleUrl>#PV-2</styleUrl>
      <Point><coordinates>-120.43108,37.36448,0</coordinates></Point>
    </Placemark>
    <Placemark>
      <name>3803-PV</name>
      <description>Broadway 3 - UCSB Lot 38 (1.8 MW)</description>
      <styleUrl>#PV-2</styleUrl>
      <Point><coordinates>-119.85637,34.41974,0</coordinates></Point>
    </Placemark>
    <Placemark>
      <name>3803-PV</name>
      <description>Broadway 4 - Target Shafter (1.6 MW)</description>
      <styleUrl>#PV-2</styleUrl>
      <Point><coordinates>-119.18912,35.46331,0</coordinates></Point>
    </Placemark>
    <Placemark>
      <name>2408-PV</name>
      <description>Buidling L (1.0 MW)</description>
      <styleUrl>#PV-2</styleUrl>
      <Point><coordinates>-118.041944,33.912917,0</coordinates></Point>
    </Placemark>
    <Placemark>
      <name>2408-PV</name>
      <description>Building F (1.3 MW)</description>
      <styleUrl>#PV-2</styleUrl>
      <Point><coordinates>-118.050189,33.914356,0</coordinates></Point>
    </Placemark>
    <Placemark>
      <name>2408-PV</name>
      <description>Building G (1.2 MW)</description>
      <styleUrl>#PV-2</styleUrl>
      <Point><coordinates>-118.050561,33.912917,0</coordinates></Point>
    </Placemark>
    <Placemark>
      <name>3903-PV</name>
      <description>Butte College Main Campus Solar (3.5 MW)</description>
      <styleUrl>#PV-2</styleUrl>
      <Point><coordinates>-121.644167,39.648056,0</coordinates></Point>
    </Placemark>
    <Placemark>
      <name>3903-PV</name>
      <description>Byron Highway Solar (5.0 MW)</description>
      <styleUrl>#PV-2</styleUrl>
      <Point><coordinates>-121.617308,37.847114,0</coordinates></Point>
    </Placemark>
    <Placemark>
      <name>3403-PV</name>
      <description>CA - Fresno County - Juvenile Hall (2.8 MW)</description>
      <styleUrl>#PV-2</styleUrl>
      <Point><coordinates>-119.725975,36.661113,0</coordinates></Point>
    </Placemark>
    <Placemark>
      <name>3903-PV</name>
      <description>CA Dept of Public Health at Richmond (2.2 MW)</description>
      <styleUrl>#PV-2</styleUrl>
      <Point><coordinates>-122.344,37.92,0</coordinates></Point>
    </Placemark>
    <Placemark>
      <name>3803-PV</name>
      <description>CA Flats Solar 130, LLC (130.0 MW)</description>
      <styleUrl>#PV-2</styleUrl>
      <Point><coordinates>-120.404352,35.615573,0</coordinates></Point>
    </Placemark>
    <Placemark>
      <name>3803-PV</name>
      <description>CA Flats Solar 150, LLC (150.0 MW)</description>
      <styleUrl>#PV-2</styleUrl>
      <Point><coordinates>-120.404352,35.615573,0</coordinates></Point>
    </Placemark>
    <Placemark>
      <name>2402-PV</name>
      <description>CA Institute for Women (1.0 MW)</description>
      <styleUrl>#PV-2</styleUrl>
      <Point><coordinates>-117.636427,33.949722,0</coordinates></Point>
    </Placemark>
    <Placemark>
      <name>2404-PV</name>
      <description>CalCity Solar 1 (3.0 MW)</description>
      <styleUrl>#PV-2</styleUrl>
      <Point><coordinates>-117.965748,35.141374,0</coordinates></Point>
    </Placemark>
    <Placemark>
      <name>3803-PV</name>
      <description>Calibrant Bakersfield LLC (1.3 MW)</description>
      <styleUrl>#PV-2</styleUrl>
      <Point><coordinates>-119.093214,35.442085,0</coordinates></Point>
    </Placemark>
    <Placemark>
      <name>2404-PV</name>
      <description>California City (1.9 MW)</description>
      <styleUrl>#PV-2</styleUrl>
      <Point><coordinates>-117.981,35.157,0</coordinates></Point>
    </Placemark>
    <Placemark>
      <name>3903-PV</name>
      <description>California PV Energy at ISD WWTP (1.0 MW)</description>
      <styleUrl>#PV-2</styleUrl>
      <Point><coordinates>-121.703889,38.001111,0</coordinates></Point>
    </Placemark>
    <Placemark>
      <name>2611-PV</name>
      <description>California State Univ at Channel Islands (3.7 MW)</description>
      <styleUrl>#PV-2</styleUrl>
      <Point><coordinates>-119.043375,34.162058,0</coordinates></Point>
    </Placemark>
    <Placemark>
      <name>3803-PV</name>
      <description>California Valley Solar Ranch (249.8 MW)</description>
      <styleUrl>#PV-2</styleUrl>
      <Point><coordinates>-119.91663,35.323739,0</coordinates></Point>
    </Placemark>
    <Placemark>
      <name>2100-PV</name>
      <description>Calipatria Solar Farm (20.0 MW)</description>
      <styleUrl>#PV-2</styleUrl>
      <Point><coordinates>-115.532222,33.165833,0</coordinates></Point>
    </Placemark>
    <Placemark>
      <name>2100-PV</name>
      <description>Calipatria State Prison (6.0 MW)</description>
      <styleUrl>#PV-2</styleUrl>
      <Point><coordinates>-115.484805,33.163055,0</coordinates></Point>
    </Placemark>
    <Placemark>
      <name>3403-PV</name>
      <description>CalRenew-1 (5.0 MW)</description>
      <styleUrl>#PV-2</styleUrl>
      <Point><coordinates>-120.3658,36.7575,0</coordinates></Point>
    </Placemark>
    <Placemark>
      <name>2301-PV</name>
      <description>Campo Verde Solar (147.4 MW)</description>
      <styleUrl>#PV-2</styleUrl>
      <Point><coordinates>-115.726389,32.753333,0</coordinates></Point>
    </Placemark>
    <Placemark>
      <name>3403-PV</name>
      <description>Canal Energy S23, LLC (4.1 MW)</description>
      <styleUrl>#PV-2</styleUrl>
      <Point><coordinates>-119.5604,36.1761,0</coordinates></Point>
    </Placemark>
    <Placemark>
      <name>3403-PV</name>
      <description>Cantua Solar Station (20.0 MW)</description>
      <styleUrl>#PV-2</styleUrl>
      <Point><coordinates>-120.343543,36.425085,0</coordinates></Point>
    </Placemark>
    <Placemark>
      <name>2401-PV</name>
      <description>Cascade Solar (18.5 MW)</description>
      <styleUrl>#PV-2</styleUrl>
      <Point><coordinates>-116.234444,34.157222,0</coordinates></Point>
    </Placemark>
    <Placemark>
      <name>2611-PV</name>
      <description>Castaic Lake Phase II (3.5 MW)</description>
      <styleUrl>#PV-2</styleUrl>
      <Point><coordinates>-118.510837,34.433332,0</coordinates></Point>
    </Placemark>
    <Placemark>
      <name>3803-PV</name>
      <description>Castle Rock Vineyards (1.0 MW)</description>
      <styleUrl>#PV-2</styleUrl>
      <Point><coordinates>-119.110556,35.801111,0</coordinates></Point>
    </Placemark>
    <Placemark>
      <name>3803-PV</name>
      <description>Castor Solar (1.5 MW)</description>
      <styleUrl>#PV-2</styleUrl>
      <Point><coordinates>-119.387258,35.211044,0</coordinates></Point>
    </Placemark>
    <Placemark>
      <name>2408-PV</name>
      <description>Catalina Express (1.0 MW)</description>
      <styleUrl>#PV-2</styleUrl>
      <Point><coordinates>-118.278469,33.749947,0</coordinates></Point>
    </Placemark>
    <Placemark>
      <name>2404-PV</name>
      <description>Catalina Solar 2, LLC (18.0 MW)</description>
      <styleUrl>#PV-2</styleUrl>
      <Point><coordinates>-118.352778,34.812222,0</coordinates></Point>
    </Placemark>
    <Placemark>
      <name>2404-PV</name>
      <description>Catalina Solar LLC (110.0 MW)</description>
      <styleUrl>#PV-2</styleUrl>
      <Point><coordinates>-118.334492,34.938261,0</coordinates></Point>
    </Placemark>
    <Placemark>
      <name>2611-PV</name>
      <description>CA-Ventura Co CCD-Oxnard College Canopy (1.5 MW)</description>
      <styleUrl>#PV-2</styleUrl>
      <Point><coordinates>-119.156765,34.165905,0</coordinates></Point>
    </Placemark>
    <Placemark>
      <name>3403-PV</name>
      <description>CDCR (CA) - Corcoran State Prison (5.0 MW)</description>
      <styleUrl>#PV-2</styleUrl>
      <Point><coordinates>-119.55756,36.06502,0</coordinates></Point>
    </Placemark>
    <Placemark>
      <name>3403-PV</name>
      <description>CDCR (CA) - Pleasant Valley State Prison (1.2 MW)</description>
      <styleUrl>#PV-2</styleUrl>
      <Point><coordinates>-120.224445,36.137219,0</coordinates></Point>
    </Placemark>
    <Placemark>
      <name>3903-PV</name>
      <description>CDCR (CA) - Solano State Prison (1.1 MW)</description>
      <styleUrl>#PV-2</styleUrl>
      <Point><coordinates>-121.97062,38.32272,0</coordinates></Point>
    </Placemark>
    <Placemark>
      <name>3803-PV</name>
      <description>CDCR (CA) - Wasco State Prison (1.5 MW)</description>
      <styleUrl>#PV-2</styleUrl>
      <Point><coordinates>-119.40366,35.60053,0</coordinates></Point>
    </Placemark>
    <Placemark>
      <name>3403-PV</name>
      <description>CED Avenal (15.8 MW)</description>
      <styleUrl>#PV-2</styleUrl>
      <Point><coordinates>-120.15146,35.996324,0</coordinates></Point>
    </Placemark>
    <Placemark>
      <name>3803-PV</name>
      <description>CED Ducor 1 (20.0 MW)</description>
      <styleUrl>#PV-2</styleUrl>
      <Point><coordinates>-119.068414,35.856278,0</coordinates></Point>
    </Placemark>
    <Placemark>
      <name>3803-PV</name>
      <description>CED Ducor 2 (20.0 MW)</description>
      <styleUrl>#PV-2</styleUrl>
      <Point><coordinates>-119.068069,35.844167,0</coordinates></Point>
    </Placemark>
    <Placemark>
      <name>3803-PV</name>
      <description>CED Ducor 3 (15.0 MW)</description>
      <styleUrl>#PV-2</styleUrl>
      <Point><coordinates>-119.056992,35.845378,0</coordinates></Point>
    </Placemark>
    <Placemark>
      <name>3803-PV</name>
      <description>CED Ducor 4 (20.0 MW)</description>
      <styleUrl>#PV-2</styleUrl>
      <Point><coordinates>-119.026992,35.850403,0</coordinates></Point>
    </Placemark>
    <Placemark>
      <name>2301-PV</name>
      <description>Centinela Solar Energy (174.8 MW)</description>
      <styleUrl>#PV-2</styleUrl>
      <Point><coordinates>-115.647778,32.686944,0</coordinates></Point>
    </Placemark>
    <Placemark>
      <name>2301-PV</name>
      <description>Centinela State Prison (6.0 MW)</description>
      <styleUrl>#PV-2</styleUrl>
      <Point><coordinates>-115.782916,32.825833,0</coordinates></Point>
    </Placemark>
    <Placemark>
      <name>3903-PV</name>
      <description>Central 40 (40.0 MW)</description>
      <styleUrl>#PV-2</styleUrl>
      <Point><coordinates>-121.104,37.246,0</coordinates></Point>
    </Placemark>
    <Placemark>
      <name>2404-PV</name>
      <description>Central Antelope Dry Ranch B LLC (3.0 MW)</description>
      <styleUrl>#PV-2</styleUrl>
      <Point><coordinates>-118.301417,34.705549,0</coordinates></Point>
    </Placemark>
    <Placemark>
      <name>2404-PV</name>
      <description>Central Antelope Dry Ranch C (20.0 MW)</description>
      <styleUrl>#PV-2</styleUrl>
      <Point><coordinates>-118.30046,34.720499,0</coordinates></Point>
    </Placemark>
    <Placemark>
      <name>2611-PV</name>
      <description>CFW Solar X LLC - Vaughn (1.6 MW)</description>
      <styleUrl>#PV-2</styleUrl>
      <Point><coordinates>-118.429836,34.277355,0</coordinates></Point>
    </Placemark>
    <Placemark>
      <name>2402-PV</name>
      <description>Chaffey College Rancho Cucamonga Campus (4.0 MW)</description>
      <styleUrl>#PV-2</styleUrl>
      <Point><coordinates>-117.570404,34.148139,0</coordinates></Point>
    </Placemark>
    <Placemark>
      <name>2402-PV</name>
      <description>Chambers 4 - Eastvale DCA2 (1.5 MW)</description>
      <styleUrl>#PV-2</styleUrl>
      <Point><coordinates>-117.55391,33.99347,0</coordinates></Point>
    </Placemark>
    <Placemark>
      <name>2402-PV</name>
      <description>Chambers 4 - Eastvale LGB3 (2.4 MW)</description>
      <styleUrl>#PV-2</styleUrl>
      <Point><coordinates>-117.55289,33.99848,0</coordinates></Point>
    </Placemark>
    <Placemark>
      <name>2401-PV</name>
      <description>Chambers 4 - Redland LGB4 (1.9 MW)</description>
      <styleUrl>#PV-2</styleUrl>
      <Point><coordinates>-117.20138,34.08041,0</coordinates></Point>
    </Placemark>
    <Placemark>
      <name>2402-PV</name>
      <description>Chambers 4 - Rialto LGB8 (2.2 MW)</description>
      <styleUrl>#PV-2</styleUrl>
      <Point><coordinates>-117.40554,34.12937,0</coordinates></Point>
    </Placemark>
    <Placemark>
      <name>2402-PV</name>
      <description>Chambers 4 - Riverside LGB6 (2.4 MW)</description>
      <styleUrl>#PV-2</styleUrl>
      <Point><coordinates>-117.30036,33.88102,0</coordinates></Point>
    </Placemark>
    <Placemark>
      <name>3903-PV</name>
      <description>Chambers 4 - Sacramento SMF1 (2.7 MW)</description>
      <styleUrl>#PV-2</styleUrl>
      <Point><coordinates>-121.57434,38.68251,0</coordinates></Point>
    </Placemark>
    <Placemark>
      <name>2401-PV</name>
      <description>Chambers 4 - San Bernardino SNA7 (2.0 MW)</description>
      <styleUrl>#PV-2</styleUrl>
      <Point><coordinates>-117.27257,34.07752,0</coordinates></Point>
    </Placemark>
    <Placemark>
      <name>3803-PV</name>
      <description>Chevron - Lost Hills Hybrid (30.0 MW)</description>
      <styleUrl>#PV-2</styleUrl>
      <Point><coordinates>-119.69,35.62,0</coordinates></Point>
    </Placemark>
    <Placemark>
      <name>2100-PV</name>
      <description>Chuckawalla Solar (4.0 MW)</description>
      <styleUrl>#PV-2</styleUrl>
      <Point><coordinates>-114.918056,33.568333,0</coordinates></Point>
    </Placemark>
    <Placemark>
      <name>2100-PV</name>
      <description>Chuckawalla Valley State Prison (1.0 MW)</description>
      <styleUrl>#PV-2</styleUrl>
      <Point><coordinates>-114.903629,33.565329,0</coordinates></Point>
    </Placemark>
    <Placemark>
      <name>3403-PV</name>
      <description>CID Solar (CA) (2.0 MW)</description>
      <styleUrl>#PV-2</styleUrl>
      <Point><coordinates>-119.566896,36.140764,0</coordinates></Point>
    </Placemark>
    <Placemark>
      <name>3403-PV</name>
      <description>CID Solar, LLC (20.0 MW)</description>
      <styleUrl>#PV-2</styleUrl>
      <Point><coordinates>-119.564722,36.138056,0</coordinates></Point>
    </Placemark>
    <Placemark>
      <name>3403-PV</name>
      <description>Citizen B (5.0 MW)</description>
      <styleUrl>#PV-2</styleUrl>
      <Point><coordinates>-120.432139,36.723806,0</coordinates></Point>
    </Placemark>
    <Placemark>
      <name>2100-PV</name>
      <description>Citizens Imperial Solar (30.0 MW)</description>
      <styleUrl>#PV-2</styleUrl>
      <Point><coordinates>-115.433783,33.191661,0</coordinates></Point>
    </Placemark>
    <Placemark>
      <name>3403-PV</name>
      <description>City of Madera WWTP (1.2 MW)</description>
      <styleUrl>#PV-2</styleUrl>
      <Point><coordinates>-120.1572,36.9408,0</coordinates></Point>
    </Placemark>
    <Placemark>
      <name>3903-PV</name>
      <description>Cloverdale Solar Center (1.0 MW)</description>
      <styleUrl>#PV-2</styleUrl>
      <Point><coordinates>-123.020724,38.769581,0</coordinates></Point>
    </Placemark>
    <Placemark>
      <name>3903-PV</name>
      <description>Cloverdale Solar I (1.5 MW)</description>
      <styleUrl>#PV-2</styleUrl>
      <Point><coordinates>-123.017778,38.773056,0</coordinates></Point>
    </Placemark>
    <Placemark>
      <name>3403-PV</name>
      <description>Clovis East High School (1.0 MW)</description>
      <styleUrl>#PV-2</styleUrl>
      <Point><coordinates>-119.640598,36.799669,0</coordinates></Point>
    </Placemark>
    <Placemark>
      <name>3403-PV</name>
      <description>Clovis High School (1.0 MW)</description>
      <styleUrl>#PV-2</styleUrl>
      <Point><coordinates>-119.681918,36.817101,0</coordinates></Point>
    </Placemark>
    <Placemark>
      <name>3403-PV</name>
      <description>Clovis North High School (1.0 MW)</description>
      <styleUrl>#PV-2</styleUrl>
      <Point><coordinates>-119.736674,36.890115,0</coordinates></Point>
    </Placemark>
    <Placemark>
      <name>2301-PV</name>
      <description>Colgreen North Shore Solar Farm (74.8 MW)</description>
      <styleUrl>#PV-2</styleUrl>
      <Point><coordinates>-115.974771,33.540124,0</coordinates></Point>
    </Placemark>
    <Placemark>
      <name>2408-PV</name>
      <description>Colon PV (1.3 MW)</description>
      <styleUrl>#PV-2</styleUrl>
      <Point><coordinates>-118.252407,33.792694,0</coordinates></Point>
    </Placemark>
    <Placemark>
      <name>2401-PV</name>
      <description>Colton Solar One, LLC (2.5 MW)</description>
      <styleUrl>#PV-2</styleUrl>
      <Point><coordinates>-117.319444,34.093333,0</coordinates></Point>
    </Placemark>
    <Placemark>
      <name>2402-PV</name>
      <description>Colton Solar Two, LLC (1.0 MW)</description>
      <styleUrl>#PV-2</styleUrl>
      <Point><coordinates>-117.361667,34.042222,0</coordinates></Point>
    </Placemark>
    <Placemark>
      <name>3903-PV</name>
      <description>Columbia Solar Energy, LLC (19.2 MW)</description>
      <styleUrl>#PV-2</styleUrl>
      <Point><coordinates>-121.86506,38.019671,0</coordinates></Point>
    </Placemark>
    <Placemark>
      <name>2100-PV</name>
      <description>Community Solar 1 (5.7 MW)</description>
      <styleUrl>#PV-2</styleUrl>
      <Point><coordinates>-115.481944,32.982778,0</coordinates></Point>
    </Placemark>
    <Placemark>
      <name>3403-PV</name>
      <description>Corcoran (1.1 MW)</description>
      <styleUrl>#PV-2</styleUrl>
      <Point><coordinates>-119.566516,36.102307,0</coordinates></Point>
    </Placemark>
    <Placemark>
      <name>3403-PV</name>
      <description>Corcoran Solar (20.0 MW)</description>
      <styleUrl>#PV-2</styleUrl>
      <Point><coordinates>-119.573333,36.138333,0</coordinates></Point>
    </Placemark>
    <Placemark>
      <name>3403-PV</name>
      <description>Corcoran Solar 2 (19.8 MW)</description>
      <styleUrl>#PV-2</styleUrl>
      <Point><coordinates>-119.581667,36.141944,0</coordinates></Point>
    </Placemark>
    <Placemark>
      <name>3403-PV</name>
      <description>Corcoran Solar 3 (20.0 MW)</description>
      <styleUrl>#PV-2</styleUrl>
      <Point><coordinates>-119.58542,36.15042,0</coordinates></Point>
    </Placemark>
    <Placemark>
      <name>3803-PV</name>
      <description>Coronal Lost Hills (20.0 MW)</description>
      <styleUrl>#PV-2</styleUrl>
      <Point><coordinates>-119.905833,35.726667,0</coordinates></Point>
    </Placemark>
    <Placemark>
      <name>2401-PV</name>
      <description>Coronus Adelanto West 1 (1.5 MW)</description>
      <styleUrl>#PV-2</styleUrl>
      <Point><coordinates>-117.464444,34.548056,0</coordinates></Point>
    </Placemark>
    <Placemark>
      <name>2401-PV</name>
      <description>Coronus Adelanto West 2 (1.5 MW)</description>
      <styleUrl>#PV-2</styleUrl>
      <Point><coordinates>-117.464444,34.548056,0</coordinates></Point>
    </Placemark>
    <Placemark>
      <name>3403-PV</name>
      <description>Cottonwood Solar, LLC (City of Corcoran) (12.0 MW)</description>
      <styleUrl>#PV-2</styleUrl>
      <Point><coordinates>-119.554444,36.134444,0</coordinates></Point>
    </Placemark>
    <Placemark>
      <name>3803-PV</name>
      <description>Cottonwood Solar, LLC (Goose Lake) (12.0 MW)</description>
      <styleUrl>#PV-2</styleUrl>
      <Point><coordinates>-119.58,35.593611,0</coordinates></Point>
    </Placemark>
    <Placemark>
      <name>3903-PV</name>
      <description>Cottonwood Solar, LLC Cottonwood Carport (1.0 MW)</description>
      <styleUrl>#PV-2</styleUrl>
      <Point><coordinates>-122.568158,38.129759,0</coordinates></Point>
    </Placemark>
    <Placemark>
      <name>2503-PV</name>
      <description>County of San Diego COC Hybrid (2.1 MW)</description>
      <styleUrl>#PV-2</styleUrl>
      <Point><coordinates>-117.131123,32.833645,0</coordinates></Point>
    </Placemark>
    <Placemark>
      <name>2503-PV</name>
      <description>County of San Diego SBRC (1.3 MW)</description>
      <styleUrl>#PV-2</styleUrl>
      <Point><coordinates>-117.07775,32.63266,0</coordinates></Point>
    </Placemark>
    <Placemark>
      <name>2401-PV</name>
      <description>Crafton Hills College Solar Farm (1.3 MW)</description>
      <styleUrl>#PV-2</styleUrl>
      <Point><coordinates>-117.098889,34.043056,0</coordinates></Point>
    </Placemark>
    <Placemark>
      <name>2100-PV</name>
      <description>Crown Cooling Facility (1.0 MW)</description>
      <styleUrl>#PV-2</styleUrl>
      <Point><coordinates>-115.5325,32.967222,0</coordinates></Point>
    </Placemark>
    <Placemark>
      <name>3903-PV</name>
      <description>CSD 2 - Heritage High (1.3 MW)</description>
      <styleUrl>#PV-2</styleUrl>
      <Point><coordinates>-121.755556,37.921944,0</coordinates></Point>
    </Placemark>
    <Placemark>
      <name>3903-PV</name>
      <description>CSD 2- Freedom High (0.9 MW)</description>
      <styleUrl>#PV-2</styleUrl>
      <Point><coordinates>-121.719444,37.969722,0</coordinates></Point>
    </Placemark>
    <Placemark>
      <name>2404-PV</name>
      <description>CSP Los Angeles (2.3 MW)</description>
      <styleUrl>#PV-2</styleUrl>
      <Point><coordinates>-118.227759,34.694314,0</coordinates></Point>
    </Placemark>
    <Placemark>
      <name>3403-PV</name>
      <description>CSU Fresno Solar Project (1.0 MW)</description>
      <styleUrl>#PV-2</styleUrl>
      <Point><coordinates>-119.741665,36.809841,0</coordinates></Point>
    </Placemark>
    <Placemark>
      <name>2408-PV</name>
      <description>CSU Long Beach Lots 7 &amp; 14 (4.5 MW)</description>
      <styleUrl>#PV-2</styleUrl>
      <Point><coordinates>-118.11357,33.78104,0</coordinates></Point>
    </Placemark>
    <Placemark>
      <name>2611-PV</name>
      <description>CSU Northridge Plant (0.6 MW)</description>
      <styleUrl>#PV-2</styleUrl>
      <Point><coordinates>-118.530556,34.243333,0</coordinates></Point>
    </Placemark>
    <Placemark>
      <name>3903-PV</name>
      <description>CSU San Jose State University (1.7 MW)</description>
      <styleUrl>#PV-2</styleUrl>
      <Point><coordinates>-121.884,37.334,0</coordinates></Point>
    </Placemark>
    <Placemark>
      <name>2408-PV</name>
      <description>CSUF Nutwood Solar (1.9 MW)</description>
      <styleUrl>#PV-2</styleUrl>
      <Point><coordinates>-117.8887,33.87912,0</coordinates></Point>
    </Placemark>
    <Placemark>
      <name>2408-PV</name>
      <description>CSUF State College (1.0 MW)</description>
      <styleUrl>#PV-2</styleUrl>
      <Point><coordinates>-117.8887,33.87912,0</coordinates></Point>
    </Placemark>
    <Placemark>
      <name>3803-PV</name>
      <description>Cuyama Solar, LLC (40.0 MW)</description>
      <styleUrl>#PV-2</styleUrl>
      <Point><coordinates>-119.596,34.901,0</coordinates></Point>
    </Placemark>
    <Placemark>
      <name>3403-PV</name>
      <description>Danell Bros Inc (2.6 MW)</description>
      <styleUrl>#PV-2</styleUrl>
      <Point><coordinates>-119.631577,36.267574,0</coordinates></Point>
    </Placemark>
    <Placemark>
      <name>3902-PV</name>
      <description>D'Arrigo Brothers - Phase 4 (2.2 MW)</description>
      <styleUrl>#PV-2</styleUrl>
      <Point><coordinates>-121.636,36.616,0</coordinates></Point>
    </Placemark>
    <Placemark>
      <name>2408-PV</name>
      <description>Dedeaux (0.9 MW)</description>
      <styleUrl>#PV-2</styleUrl>
      <Point><coordinates>-118.241894,34.013113,0</coordinates></Point>
    </Placemark>
    <Placemark>
      <name>3903-PV</name>
      <description>Deer Creek 2 (1.3 MW)</description>
      <styleUrl>#PV-2</styleUrl>
      <Point><coordinates>-120.984,38.628,0</coordinates></Point>
    </Placemark>
    <Placemark>
      <name>3803-PV</name>
      <description>Delano Land 1 (1.0 MW)</description>
      <styleUrl>#PV-2</styleUrl>
      <Point><coordinates>-119.344408,35.761217,0</coordinates></Point>
    </Placemark>
    <Placemark>
      <name>3903-PV</name>
      <description>Department of Justice (2.4 MW)</description>
      <styleUrl>#PV-2</styleUrl>
      <Point><coordinates>-121.44855,38.548056,0</coordinates></Point>
    </Placemark>
    <Placemark>
      <name>3903-PV</name>
      <description>Depot Park Solar System (3.0 MW)</description>
      <styleUrl>#PV-2</styleUrl>
      <Point><coordinates>-121.398333,38.515,0</coordinates></Point>
    </Placemark>
    <Placemark>
      <name>3903-PV</name>
      <description>Dept of General Services -FTB (2.7 MW)</description>
      <styleUrl>#PV-2</styleUrl>
      <Point><coordinates>-121.343,38.565,0</coordinates></Point>
    </Placemark>
    <Placemark>
      <name>2301-PV</name>
      <description>Desert Green Solar Farm LLC (6.3 MW)</description>
      <styleUrl>#PV-2</styleUrl>
      <Point><coordinates>-116.34805,33.27055,0</coordinates></Point>
    </Placemark>
    <Placemark>
      <name>2100-PV</name>
      <description>Desert Harvest II LLC (105.0 MW)</description>
      <styleUrl>#PV-2</styleUrl>
      <Point><coordinates>-115.38,33.8,0</coordinates></Point>
    </Placemark>
    <Placemark>
      <name>2100-PV</name>
      <description>Desert Harvest, LLC (80.0 MW)</description>
      <styleUrl>#PV-2</styleUrl>
      <Point><coordinates>-115.38,33.8,0</coordinates></Point>
    </Placemark>
    <Placemark>
      <name>2401-PV</name>
      <description>Desert Hot Springs Solar (2.3 MW)</description>
      <styleUrl>#PV-2</styleUrl>
      <Point><coordinates>-116.53,33.923056,0</coordinates></Point>
    </Placemark>
    <Placemark>
      <name>2100-PV</name>
      <description>Desert Sunlight 250, LLC (249.7 MW)</description>
      <styleUrl>#PV-2</styleUrl>
      <Point><coordinates>-115.3947,33.8055,0</coordinates></Point>
    </Placemark>
    <Placemark>
      <name>2100-PV</name>
      <description>Desert Sunlight 300, LLC (313.7 MW)</description>
      <styleUrl>#PV-2</styleUrl>
      <Point><coordinates>-115.393889,33.823056,0</coordinates></Point>
    </Placemark>
    <Placemark>
      <name>3403-PV</name>
      <description>DGS Central California Womens Facility (2.0 MW)</description>
      <styleUrl>#PV-2</styleUrl>
      <Point><coordinates>-120.149966,37.089701,0</coordinates></Point>
    </Placemark>
    <Placemark>
      <name>3403-PV</name>
      <description>DGS Valley State Prison (2.3 MW)</description>
      <styleUrl>#PV-2</styleUrl>
      <Point><coordinates>-120.153072,37.10117,0</coordinates></Point>
    </Placemark>
    <Placemark>
      <name>3803-PV</name>
      <description>DGS Wasco State Prison (2.3 MW)</description>
      <styleUrl>#PV-2</styleUrl>
      <Point><coordinates>-119.407215,35.593903,0</coordinates></Point>
    </Placemark>
    <Placemark>
      <name>2402-PV</name>
      <description>Diamond Valley Solar Project (1.3 MW)</description>
      <styleUrl>#PV-2</styleUrl>
      <Point><coordinates>-117.0725,33.713056,0</coordinates></Point>
    </Placemark>
    <Placemark>
      <name>3403-PV</name>
      <description>Dinuba Wastewater Treatment Plant (1.0 MW)</description>
      <styleUrl>#PV-2</styleUrl>
      <Point><coordinates>-119.426388,36.538056,0</coordinates></Point>
    </Placemark>
    <Placemark>
      <name>3903-PV</name>
      <description>Dissigno Healdsburg FPV, LLC (3.0 MW)</description>
      <styleUrl>#PV-2</styleUrl>
      <Point><coordinates>-122.866189,38.584405,0</coordinates></Point>
    </Placemark>
    <Placemark>
      <name>2404-PV</name>
      <description>Division 1 (1.5 MW)</description>
      <styleUrl>#PV-2</styleUrl>
      <Point><coordinates>-118.130556,34.708333,0</coordinates></Point>
    </Placemark>
    <Placemark>
      <name>2404-PV</name>
      <description>Division 2 (1.0 MW)</description>
      <styleUrl>#PV-2</styleUrl>
      <Point><coordinates>-118.130556,34.708333,0</coordinates></Point>
    </Placemark>
    <Placemark>
      <name>2404-PV</name>
      <description>Division 3 (1.0 MW)</description>
      <styleUrl>#PV-2</styleUrl>
      <Point><coordinates>-118.130556,34.708333,0</coordinates></Point>
    </Placemark>
    <Placemark>
      <name>3903-PV</name>
      <description>Donaghy-Stockton (1.1 MW)</description>
      <styleUrl>#PV-2</styleUrl>
      <Point><coordinates>-121.194893,37.909523,0</coordinates></Point>
    </Placemark>
    <Placemark>
      <name>3403-PV</name>
      <description>Dos Palos (1.0 MW)</description>
      <styleUrl>#PV-2</styleUrl>
      <Point><coordinates>-120.625358,36.981755,0</coordinates></Point>
    </Placemark>
    <Placemark>
      <name>3403-PV</name>
      <description>Dover Dairy (1.1 MW)</description>
      <styleUrl>#PV-2</styleUrl>
      <Point><coordinates>-119.553653,36.415526,0</coordinates></Point>
    </Placemark>
    <Placemark>
      <name>2301-PV</name>
      <description>Drew Solar LLC (100.0 MW)</description>
      <styleUrl>#PV-2</styleUrl>
      <Point><coordinates>-115.665593,32.687195,0</coordinates></Point>
    </Placemark>
    <Placemark>
      <name>3403-PV</name>
      <description>DSH (CA) - Coalinga State Hospital (2.0 MW)</description>
      <styleUrl>#PV-2</styleUrl>
      <Point><coordinates>-120.218453,36.13726,0</coordinates></Point>
    </Placemark>
    <Placemark>
      <name>2402-PV</name>
      <description>Dulles (2.0 MW)</description>
      <styleUrl>#PV-2</styleUrl>
      <Point><coordinates>-117.517753,34.030119,0</coordinates></Point>
    </Placemark>
    <Placemark>
      <name>3803-PV</name>
      <description>E&amp;B Resources (1.0 MW)</description>
      <styleUrl>#PV-2</styleUrl>
      <Point><coordinates>-119.060029,35.534584,0</coordinates></Point>
    </Placemark>
    <Placemark>
      <name>2404-PV</name>
      <description>EAFB - North Base (1.0 MW)</description>
      <styleUrl>#PV-2</styleUrl>
      <Point><coordinates>-117.907222,34.9325,0</coordinates></Point>
    </Placemark>
    <Placemark>
      <name>2404-PV</name>
      <description>EAFB - South Base (1.0 MW)</description>
      <styleUrl>#PV-2</styleUrl>
      <Point><coordinates>-117.900278,34.917222,0</coordinates></Point>
    </Placemark>
    <Placemark>
      <name>3803-PV</name>
      <description>Eagle Creek (3.0 MW)</description>
      <styleUrl>#PV-2</styleUrl>
      <Point><coordinates>-119.39522,35.214023,0</coordinates></Point>
    </Placemark>
    <Placemark>
      <name>2404-PV</name>
      <description>Edwards Air Force Base (3.0 MW)</description>
      <styleUrl>#PV-2</styleUrl>
      <Point><coordinates>-117.9206,34.9077,0</coordinates></Point>
    </Placemark>
    <Placemark>
      <name>2404-PV</name>
      <description>Edwards Sanborn E1A (293.3 MW)</description>
      <styleUrl>#PV-2</styleUrl>
      <Point><coordinates>-118.124208,34.961922,0</coordinates></Point>
    </Placemark>
    <Placemark>
      <name>2404-PV</name>
      <description>Edwards Sanborn E1B (154.4 MW)</description>
      <styleUrl>#PV-2</styleUrl>
      <Point><coordinates>-118.094144,34.964033,0</coordinates></Point>
    </Placemark>
    <Placemark>
      <name>2404-PV</name>
      <description>Edwards Sanborn E2 (257.8 MW)</description>
      <styleUrl>#PV-2</styleUrl>
      <Point><coordinates>-118.129025,34.941507,0</coordinates></Point>
    </Placemark>
    <Placemark>
      <name>2404-PV</name>
      <description>Edwards Sanborn E3 (38.1 MW)</description>
      <styleUrl>#PV-2</styleUrl>
      <Point><coordinates>-118.126489,34.946324,0</coordinates></Point>
    </Placemark>
    <Placemark>
      <name>2404-PV</name>
      <description>Edwards Sanborn E4 (148.9 MW)</description>
      <styleUrl>#PV-2</styleUrl>
      <Point><coordinates>-118.087989,34.943575,0</coordinates></Point>
    </Placemark>
    <Placemark>
      <name>2404-PV</name>
      <description>Edwards Sanborn E5 (68.0 MW)</description>
      <styleUrl>#PV-2</styleUrl>
      <Point><coordinates>-118.0773,34.965275,0</coordinates></Point>
    </Placemark>
    <Placemark>
      <name>2404-PV</name>
      <description>Edwards Sanborn S1 (84.6 MW)</description>
      <styleUrl>#PV-2</styleUrl>
      <Point><coordinates>-118.13284,35.02769,0</coordinates></Point>
    </Placemark>
    <Placemark>
      <name>2404-PV</name>
      <description>Edwards Sanborn S3 (70.7 MW)</description>
      <styleUrl>#PV-2</styleUrl>
      <Point><coordinates>-118.1225,35.01644,0</coordinates></Point>
    </Placemark>
    <Placemark>
      <name>2404-PV</name>
      <description>Edwards Sanborn S4 (41.2 MW)</description>
      <styleUrl>#PV-2</styleUrl>
      <Point><coordinates>-118.119264,35.012467,0</coordinates></Point>
    </Placemark>
    <Placemark>
      <name>3903-PV</name>
      <description>El Dorado County (1.5 MW)</description>
      <styleUrl>#PV-2</styleUrl>
      <Point><coordinates>-120.828256,38.698145,0</coordinates></Point>
    </Placemark>
    <Placemark>
      <name>3903-PV</name>
      <description>El Dorado Solar, LLC (1.5 MW)</description>
      <styleUrl>#PV-2</styleUrl>
      <Point><coordinates>-121.059,38.637,0</coordinates></Point>
    </Placemark>
    <Placemark>
      <name>2408-PV</name>
      <description>ELACC Photovoltaic Power Facility (1.0 MW)</description>
      <styleUrl>#PV-2</styleUrl>
      <Point><coordinates>-118.148056,34.040278,0</coordinates></Point>
    </Placemark>
    <Placemark>
      <name>2404-PV</name>
      <description>Elevation Solar C (40.0 MW)</description>
      <styleUrl>#PV-2</styleUrl>
      <Point><coordinates>-118.30425,34.730263,0</coordinates></Point>
    </Placemark>
    <Placemark>
      <name>2402-PV</name>
      <description>EMWD - Moreno Valley RWRF (2.4 MW)</description>
      <styleUrl>#PV-2</styleUrl>
      <Point><coordinates>-117.214055,33.868252,0</coordinates></Point>
    </Placemark>
    <Placemark>
      <name>2402-PV</name>
      <description>EMWD - Perris Valley RWRF (3.4 MW)</description>
      <styleUrl>#PV-2</styleUrl>
      <Point><coordinates>-117.18766,33.75998,0</coordinates></Point>
    </Placemark>
    <Placemark>
      <name>2402-PV</name>
      <description>EMWD - San Jacinto RES BCT (4.2 MW)</description>
      <styleUrl>#PV-2</styleUrl>
      <Point><coordinates>-117.023567,33.802869,0</coordinates></Point>
    </Placemark>
    <Placemark>
      <name>2402-PV</name>
      <description>EMWD - San Jacinto RWRF NEM (1.3 MW)</description>
      <styleUrl>#PV-2</styleUrl>
      <Point><coordinates>-117.016588,33.798547,0</coordinates></Point>
    </Placemark>
    <Placemark>
      <name>2402-PV</name>
      <description>EMWD - Sun City RWRF (1.6 MW)</description>
      <styleUrl>#PV-2</styleUrl>
      <Point><coordinates>-117.218621,33.696146,0</coordinates></Point>
    </Placemark>
    <Placemark>
      <name>3902-PV</name>
      <description>Enerparc CA1 LLC (1.5 MW)</description>
      <styleUrl>#PV-2</styleUrl>
      <Point><coordinates>-121.404167,36.831667,0</coordinates></Point>
    </Placemark>
    <Placemark>
      <name>2402-PV</name>
      <description>ESCA-LL-COLTON, LLC (2.6 MW)</description>
      <styleUrl>#PV-2</styleUrl>
      <Point><coordinates>-117.36056,34.03925,0</coordinates></Point>
    </Placemark>
    <Placemark>
      <name>3403-PV</name>
      <description>Exeter Solar (3.5 MW)</description>
      <styleUrl>#PV-2</styleUrl>
      <Point><coordinates>-119.128581,36.2675,0</coordinates></Point>
    </Placemark>
    <Placemark>
      <name>2401-PV</name>
      <description>Expressway Solar A (2.0 MW)</description>
      <styleUrl>#PV-2</styleUrl>
      <Point><coordinates>-117.341667,34.582222,0</coordinates></Point>
    </Placemark>
    <Placemark>
      <name>2401-PV</name>
      <description>Expressway Solar B (2.0 MW)</description>
      <styleUrl>#PV-2</styleUrl>
      <Point><coordinates>-117.340278,34.583333,0</coordinates></Point>
    </Placemark>
    <Placemark>
      <name>2401-PV</name>
      <description>Expressway Solar C2 (1.5 MW)</description>
      <styleUrl>#PV-2</styleUrl>
      <Point><coordinates>-117.341389,34.584444,0</coordinates></Point>
    </Placemark>
    <Placemark>
      <name>3903-PV</name>
      <description>FAA NorCal TRACON (1.0 MW)</description>
      <styleUrl>#PV-2</styleUrl>
      <Point><coordinates>-121.257556,38.559533,0</coordinates></Point>
    </Placemark>
    <Placemark>
      <name>3403-PV</name>
      <description>Farmersville (4.5 MW)</description>
      <styleUrl>#PV-2</styleUrl>
      <Point><coordinates>-119.12,36.19,0</coordinates></Point>
    </Placemark>
    <Placemark>
      <name>3403-PV</name>
      <description>Firebaugh-CCS-PV-1 (1.0 MW)</description>
      <styleUrl>#PV-2</styleUrl>
      <Point><coordinates>-120.612773,36.734667,0</coordinates></Point>
    </Placemark>
    <Placemark>
      <name>3803-PV</name>
      <description>Firestone Walker Brewery - Phase 1 (1.6 MW)</description>
      <styleUrl>#PV-2</styleUrl>
      <Point><coordinates>-120.694306,35.595877,0</coordinates></Point>
    </Placemark>
    <Placemark>
      <name>3403-PV</name>
      <description>Five H Farms Solar Array (1.0 MW)</description>
      <styleUrl>#PV-2</styleUrl>
      <Point><coordinates>-120.292797,37.120446,0</coordinates></Point>
    </Placemark>
    <Placemark>
      <name>3403-PV</name>
      <description>Five Points Solar Park (60.0 MW)</description>
      <styleUrl>#PV-2</styleUrl>
      <Point><coordinates>-120.236667,36.386944,0</coordinates></Point>
    </Placemark>
    <Placemark>
      <name>3403-PV</name>
      <description>Five Points Solar Station (15.0 MW)</description>
      <styleUrl>#PV-2</styleUrl>
      <Point><coordinates>-120.103333,36.400278,0</coordinates></Point>
    </Placemark>
    <Placemark>
      <name>3903-PV</name>
      <description>Folsom SP and CSP Sacramento (1.3 MW)</description>
      <styleUrl>#PV-2</styleUrl>
      <Point><coordinates>-121.16,38.687,0</coordinates></Point>
    </Placemark>
    <Placemark>
      <name>3903-PV</name>
      <description>Foothill Sanitary Landfill - Solar Array (3.6 MW)</description>
      <styleUrl>#PV-2</styleUrl>
      <Point><coordinates>-120.933761,38.042352,0</coordinates></Point>
    </Placemark>
    <Placemark>
      <name>2408-PV</name>
      <description>Forever 21 Retail, Inc. (1.3 MW)</description>
      <styleUrl>#PV-2</styleUrl>
      <Point><coordinates>-118.196111,34.071389,0</coordinates></Point>
    </Placemark>
    <Placemark>
      <name>2408-PV</name>
      <description>Francisco St. Solar (1.2 MW)</description>
      <styleUrl>#PV-2</styleUrl>
      <Point><coordinates>-118.3055,33.8482,0</coordinates></Point>
    </Placemark>
    <Placemark>
      <name>2408-PV</name>
      <description>Freeway Springs (2.0 MW)</description>
      <styleUrl>#PV-2</styleUrl>
      <Point><coordinates>-118.037564,33.892614,0</coordinates></Point>
    </Placemark>
    <Placemark>
      <name>3903-PV</name>
      <description>Fremont - Kato Rd (1.4 MW)</description>
      <styleUrl>#PV-2</styleUrl>
      <Point><coordinates>-121.932263,37.479188,0</coordinates></Point>
    </Placemark>
    <Placemark>
      <name>3903-PV</name>
      <description>Fremont CA AutoFactory (0.3 MW)</description>
      <styleUrl>#PV-2</styleUrl>
      <Point><coordinates>-121.94458,37.49254,0</coordinates></Point>
    </Placemark>
    <Placemark>
      <name>3403-PV</name>
      <description>Fresno Bullard High School Hybrid (1.6 MW)</description>
      <styleUrl>#PV-2</styleUrl>
      <Point><coordinates>-119.810408,36.818646,0</coordinates></Point>
    </Placemark>
    <Placemark>
      <name>3403-PV</name>
      <description>Fresno Hoover High School Hybrid (1.4 MW)</description>
      <styleUrl>#PV-2</styleUrl>
      <Point><coordinates>-119.770709,36.817816,0</coordinates></Point>
    </Placemark>
    <Placemark>
      <name>3403-PV</name>
      <description>Fresno Solar (3.0 MW)</description>
      <styleUrl>#PV-2</styleUrl>
      <Point><coordinates>-120.105144,36.616846,0</coordinates></Point>
    </Placemark>
    <Placemark>
      <name>3403-PV</name>
      <description>Fresno Sunnyside High School Hybrid (1.9 MW)</description>
      <styleUrl>#PV-2</styleUrl>
      <Point><coordinates>-119.717809,36.734014,0</coordinates></Point>
    </Placemark>
    <Placemark>
      <name>3803-PV</name>
      <description>Frontier HS Solar Project (1.4 MW)</description>
      <styleUrl>#PV-2</styleUrl>
      <Point><coordinates>-119.14888,35.41824,0</coordinates></Point>
    </Placemark>
    <Placemark>
      <name>3903-PV</name>
      <description>Frontier Solar LLC (20.0 MW)</description>
      <styleUrl>#PV-2</styleUrl>
      <Point><coordinates>-121.130661,37.379919,0</coordinates></Point>
    </Placemark>
    <Placemark>
      <name>3903-PV</name>
      <description>FRV SI Transport Solar LP (1.0 MW)</description>
      <styleUrl>#PV-2</styleUrl>
      <Point><coordinates>-121.3911,38.4869,0</coordinates></Point>
    </Placemark>
    <Placemark>
      <name>3403-PV</name>
      <description>FTF-PackingShed (1.0 MW)</description>
      <styleUrl>#PV-2</styleUrl>
      <Point><coordinates>-119.430179,36.546901,0</coordinates></Point>
    </Placemark>
    <Placemark>
      <name>3902-PV</name>
      <description>Gap Pacific Distribution Center (2.4 MW)</description>
      <styleUrl>#PV-2</styleUrl>
      <Point><coordinates>-121.7745,36.806476,0</coordinates></Point>
    </Placemark>
    <Placemark>
      <name>2401-PV</name>
      <description>Garnet Solar Generation Station I LLC (4.0 MW)</description>
      <styleUrl>#PV-2</styleUrl>
      <Point><coordinates>-116.5431,33.8906,0</coordinates></Point>
    </Placemark>
    <Placemark>
      <name>2611-PV</name>
      <description>Gaskell West 1 Solar Facility (20.0 MW)</description>
      <styleUrl>#PV-2</styleUrl>
      <Point><coordinates>-118.563578,34.832786,0</coordinates></Point>
    </Placemark>
    <Placemark>
      <name>3403-PV</name>
      <description>Gates Solar Station (20.0 MW)</description>
      <styleUrl>#PV-2</styleUrl>
      <Point><coordinates>-120.114167,36.176389,0</coordinates></Point>
    </Placemark>
    <Placemark>
      <name>3903-PV</name>
      <description>Genentech Vacaville Meter #1 (6.1 MW)</description>
      <styleUrl>#PV-2</styleUrl>
      <Point><coordinates>-121.94777,38.390756,0</coordinates></Point>
    </Placemark>
    <Placemark>
      <name>2503-PV</name>
      <description>Genentech-Oceanside Hybrid (6.5 MW)</description>
      <styleUrl>#PV-2</styleUrl>
      <Point><coordinates>-117.299593,33.211095,0</coordinates></Point>
    </Placemark>
    <Placemark>
      <name>2100-PV</name>
      <description>Genesis Solar Energy Project (250.0 MW)</description>
      <styleUrl>#PV-2</styleUrl>
      <Point><coordinates>-114.998055,33.665,0</coordinates></Point>
    </Placemark>
    <Placemark>
      <name>3403-PV</name>
      <description>Giffen (10.0 MW)</description>
      <styleUrl>#PV-2</styleUrl>
      <Point><coordinates>-120.316111,36.530278,0</coordinates></Point>
    </Placemark>
    <Placemark>
      <name>3403-PV</name>
      <description>Giffen Solar Park (20.0 MW)</description>
      <styleUrl>#PV-2</styleUrl>
      <Point><coordinates>-120.316111,36.544722,0</coordinates></Point>
    </Placemark>
    <Placemark>
      <name>3903-PV</name>
      <description>Gilead Foster City Solar Project (1.6 MW)</description>
      <styleUrl>#PV-2</styleUrl>
      <Point><coordinates>-122.27797,37.568597,0</coordinates></Point>
    </Placemark>
    <Placemark>
      <name>2503-PV</name>
      <description>Gilead Oceanside Solar Project (2.2 MW)</description>
      <styleUrl>#PV-2</styleUrl>
      <Point><coordinates>-117.304166,33.213138,0</coordinates></Point>
    </Placemark>
    <Placemark>
      <name>2402-PV</name>
      <description>Gilead Sciences La Verne Rooftop Solar (2.8 MW)</description>
      <styleUrl>#PV-2</styleUrl>
      <Point><coordinates>-117.781867,34.09623,0</coordinates></Point>
    </Placemark>
    <Placemark>
      <name>2404-PV</name>
      <description>Golden Field Solar III, LLC (192.0 MW)</description>
      <styleUrl>#PV-2</styleUrl>
      <Point><coordinates>-118.395,34.847,0</coordinates></Point>
    </Placemark>
    <Placemark>
      <name>2404-PV</name>
      <description>Golden Fields Solar I, LLC (54.0 MW)</description>
      <styleUrl>#PV-2</styleUrl>
      <Point><coordinates>-118.386843,34.839012,0</coordinates></Point>
    </Placemark>
    <Placemark>
      <name>2408-PV</name>
      <description>Golden Springs Building C-1 (1.2 MW)</description>
      <styleUrl>#PV-2</styleUrl>
      <Point><coordinates>-118.053611,33.914167,0</coordinates></Point>
    </Placemark>
    <Placemark>
      <name>2408-PV</name>
      <description>Golden Springs Building D (1.3 MW)</description>
      <styleUrl>#PV-2</styleUrl>
      <Point><coordinates>-118.052222,33.911944,0</coordinates></Point>
    </Placemark>
    <Placemark>
      <name>3903-PV</name>
      <description>Google Moffett Park Solar Project (2.2 MW)</description>
      <styleUrl>#PV-2</styleUrl>
      <Point><coordinates>-122.017498,37.405313,0</coordinates></Point>
    </Placemark>
    <Placemark>
      <name>3902-PV</name>
      <description>Graniterock Quarry (4.4 MW)</description>
      <styleUrl>#PV-2</styleUrl>
      <Point><coordinates>-121.6028,36.878164,0</coordinates></Point>
    </Placemark>
    <Placemark>
      <name>3903-PV</name>
      <description>Grassland 1&amp;2 Solar Project (2.5 MW)</description>
      <styleUrl>#PV-2</styleUrl>
      <Point><coordinates>-121.694167,38.500278,0</coordinates></Point>
    </Placemark>
    <Placemark>
      <name>3903-PV</name>
      <description>Grassland 3&amp;4 Solar Project (2.5 MW)</description>
      <styleUrl>#PV-2</styleUrl>
      <Point><coordinates>-121.694167,38.500278,0</coordinates></Point>
    </Placemark>
    <Placemark>
      <name>3403-PV</name>
      <description>Great Valley Solar Portfolio Holdings, LLC (202.5 MW)</description>
      <styleUrl>#PV-2</styleUrl>
      <Point><coordinates>-120.37957,36.581182,0</coordinates></Point>
    </Placemark>
    <Placemark>
      <name>3903-PV</name>
      <description>Green Acres Solar Facility 1 (3.0 MW)</description>
      <styleUrl>#PV-2</styleUrl>
      <Point><coordinates>-121.464676,38.282021,0</coordinates></Point>
    </Placemark>
    <Placemark>
      <name>3903-PV</name>
      <description>Green Acres Solar Facility 2 (1.0 MW)</description>
      <styleUrl>#PV-2</styleUrl>
      <Point><coordinates>-121.461264,38.28357,0</coordinates></Point>
    </Placemark>
    <Placemark>
      <name>2404-PV</name>
      <description>Green Beanworks B PV (3.0 MW)</description>
      <styleUrl>#PV-2</styleUrl>
      <Point><coordinates>-117.989541,34.688042,0</coordinates></Point>
    </Placemark>
    <Placemark>
      <name>2404-PV</name>
      <description>Green Beanworks C PV (3.0 MW)</description>
      <styleUrl>#PV-2</styleUrl>
      <Point><coordinates>-117.931,34.597,0</coordinates></Point>
    </Placemark>
    <Placemark>
      <name>2404-PV</name>
      <description>Green Beanworks D PV (3.0 MW)</description>
      <styleUrl>#PV-2</styleUrl>
      <Point><coordinates>-118.08215,34.654976,0</coordinates></Point>
    </Placemark>
    <Placemark>
      <name>3903-PV</name>
      <description>Gridley Main (1.0 MW)</description>
      <styleUrl>#PV-2</styleUrl>
      <Point><coordinates>-121.684167,39.373333,0</coordinates></Point>
    </Placemark>
    <Placemark>
      <name>3903-PV</name>
      <description>Gridley Main Two (2.5 MW)</description>
      <styleUrl>#PV-2</styleUrl>
      <Point><coordinates>-121.681667,39.373333,0</coordinates></Point>
    </Placemark>
    <Placemark>
      <name>2503-PV</name>
      <description>Grossmont HS Solar Project (1.4 MW)</description>
      <styleUrl>#PV-2</styleUrl>
      <Point><coordinates>-116.999589,32.816542,0</coordinates></Point>
    </Placemark>
    <Placemark>
      <name>3903-PV</name>
      <description>Guadalupe Solar Farm (1.7 MW)</description>
      <styleUrl>#PV-2</styleUrl>
      <Point><coordinates>-121.861079,37.269039,0</coordinates></Point>
    </Placemark>
    <Placemark>
      <name>3403-PV</name>
      <description>Guernsey Solar Station (20.0 MW)</description>
      <styleUrl>#PV-2</styleUrl>
      <Point><coordinates>-119.650556,36.163889,0</coordinates></Point>
    </Placemark>
    <Placemark>
      <name>3403-PV</name>
      <description>Hanford 1 and 2 (3.0 MW)</description>
      <styleUrl>#PV-2</styleUrl>
      <Point><coordinates>-119.629167,36.306667,0</coordinates></Point>
    </Placemark>
    <Placemark>
      <name>3803-PV</name>
      <description>Hayworth Solar (27.0 MW)</description>
      <styleUrl>#PV-2</styleUrl>
      <Point><coordinates>-118.878611,35.325278,0</coordinates></Point>
    </Placemark>
    <Placemark>
      <name>2301-PV</name>
      <description>Heber Solar (10.9 MW)</description>
      <styleUrl>#PV-2</styleUrl>
      <Point><coordinates>-115.540556,32.7125,0</coordinates></Point>
    </Placemark>
    <Placemark>
      <name>2404-PV</name>
      <description>Hecate Energy Beacon Solar 1 (56.0 MW)</description>
      <styleUrl>#PV-2</styleUrl>
      <Point><coordinates>-118.014444,35.269444,0</coordinates></Point>
    </Placemark>
    <Placemark>
      <name>2404-PV</name>
      <description>Hecate Energy Beacon Solar 3 (56.0 MW)</description>
      <styleUrl>#PV-2</styleUrl>
      <Point><coordinates>-118.014722,35.253056,0</coordinates></Point>
    </Placemark>
    <Placemark>
      <name>2404-PV</name>
      <description>Hecate Energy Beacon Solar 4 (50.0 MW)</description>
      <styleUrl>#PV-2</styleUrl>
      <Point><coordinates>-118.026944,35.253611,0</coordinates></Point>
    </Placemark>
    <Placemark>
      <name>2404-PV</name>
      <description>Heliocentric (1.5 MW)</description>
      <styleUrl>#PV-2</styleUrl>
      <Point><coordinates>-117.971004,34.65434,0</coordinates></Point>
    </Placemark>
    <Placemark>
      <name>3903-PV</name>
      <description>Hellyer Solar Farm (2.2 MW)</description>
      <styleUrl>#PV-2</styleUrl>
      <Point><coordinates>-121.81508,37.286958,0</coordinates></Point>
    </Placemark>
    <Placemark>
      <name>3403-PV</name>
      <description>Henrietta Solar Project (102.0 MW)</description>
      <styleUrl>#PV-2</styleUrl>
      <Point><coordinates>-119.805833,36.218806,0</coordinates></Point>
    </Placemark>
    <Placemark>
      <name>3403-PV</name>
      <description>Henry Miller RD (1.5 MW)</description>
      <styleUrl>#PV-2</styleUrl>
      <Point><coordinates>-120.63523,37.0543,0</coordinates></Point>
    </Placemark>
    <Placemark>
      <name>2401-PV</name>
      <description>Hesperia (1.5 MW)</description>
      <styleUrl>#PV-2</styleUrl>
      <Point><coordinates>-117.378056,34.435,0</coordinates></Point>
    </Placemark>
    <Placemark>
      <name>4001-PV</name>
      <description>HL Solar (7.6 MW)</description>
      <styleUrl>#PV-2</styleUrl>
      <Point><coordinates>-120.262,40.373,0</coordinates></Point>
    </Placemark>
    <Placemark>
      <name>3902-PV</name>
      <description>Hollister Solar LLC (1.5 MW)</description>
      <styleUrl>#PV-2</styleUrl>
      <Point><coordinates>-121.428889,36.8625,0</coordinates></Point>
    </Placemark>
    <Placemark>
      <name>2404-PV</name>
      <description>Horn (1.5 MW)</description>
      <styleUrl>#PV-2</styleUrl>
      <Point><coordinates>-118.274167,34.708889,0</coordinates></Point>
    </Placemark>
    <Placemark>
      <name>2401-PV</name>
      <description>Hudson - High Desert Hybrid (150.0 MW)</description>
      <styleUrl>#PV-2</styleUrl>
      <Point><coordinates>-117.3724,34.6365,0</coordinates></Point>
    </Placemark>
    <Placemark>
      <name>3403-PV</name>
      <description>Huron Solar Station (20.0 MW)</description>
      <styleUrl>#PV-2</styleUrl>
      <Point><coordinates>-120.030555,36.181389,0</coordinates></Point>
    </Placemark>
    <Placemark>
      <name>2401-PV</name>
      <description>IGS KSBD (4.3 MW)</description>
      <styleUrl>#PV-2</styleUrl>
      <Point><coordinates>-117.23477,34.10535,0</coordinates></Point>
    </Placemark>
    <Placemark>
      <name>3803-PV</name>
      <description>IKEA Tejon 345 (1.5 MW)</description>
      <styleUrl>#PV-2</styleUrl>
      <Point><coordinates>-118.946944,34.975278,0</coordinates></Point>
    </Placemark>
    <Placemark>
      <name>2301-PV</name>
      <description>Imperial Solar Energy Center South (128.9 MW)</description>
      <styleUrl>#PV-2</styleUrl>
      <Point><coordinates>-115.658284,32.663289,0</coordinates></Point>
    </Placemark>
    <Placemark>
      <name>2301-PV</name>
      <description>Imperial Solar Energy Center West (148.7 MW)</description>
      <styleUrl>#PV-2</styleUrl>
      <Point><coordinates>-115.779311,32.772225,0</coordinates></Point>
    </Placemark>
    <Placemark>
      <name>2100-PV</name>
      <description>Imperial Valley Solar Co (IVSC) 2, LLC (20.0 MW)</description>
      <styleUrl>#PV-2</styleUrl>
      <Point><coordinates>-115.4975,33.252222,0</coordinates></Point>
    </Placemark>
    <Placemark>
      <name>2100-PV</name>
      <description>Imperial Valley Solar Company 1 LLC (23.0 MW)</description>
      <styleUrl>#PV-2</styleUrl>
      <Point><coordinates>-115.496667,33.245833,0</coordinates></Point>
    </Placemark>
    <Placemark>
      <name>2301-PV</name>
      <description>Imperial Valley Solar, LLC (199.9 MW)</description>
      <styleUrl>#PV-2</styleUrl>
      <Point><coordinates>-115.587265,32.671099,0</coordinates></Point>
    </Placemark>
    <Placemark>
      <name>3803-PV</name>
      <description>Improvement Dst No. 4 (1.1 MW)</description>
      <styleUrl>#PV-2</styleUrl>
      <Point><coordinates>-119.038611,35.402778,0</coordinates></Point>
    </Placemark>
    <Placemark>
      <name>2402-PV</name>
      <description>Industry MetroLink PV 1 (1.5 MW)</description>
      <styleUrl>#PV-2</styleUrl>
      <Point><coordinates>-117.845603,34.008661,0</coordinates></Point>
    </Placemark>
    <Placemark>
      <name>2401-PV</name>
      <description>Industry Solar Power Generation Station 1 LLC (1.5 MW)</description>
      <styleUrl>#PV-2</styleUrl>
      <Point><coordinates>-117.456944,34.553056,0</coordinates></Point>
    </Placemark>
    <Placemark>
      <name>3903-PV</name>
      <description>Intel Folsom (1.0 MW)</description>
      <styleUrl>#PV-2</styleUrl>
      <Point><coordinates>-121.172999,38.645119,0</coordinates></Point>
    </Placemark>
    <Placemark>
      <name>3903-PV</name>
      <description>Intel Folsom Phase 2 (1.0 MW)</description>
      <styleUrl>#PV-2</styleUrl>
      <Point><coordinates>-121.163889,38.643611,0</coordinates></Point>
    </Placemark>
    <Placemark>
      <name>3903-PV</name>
      <description>Intel Folsom Phase 3 (5.2 MW)</description>
      <styleUrl>#PV-2</styleUrl>
      <Point><coordinates>-121.162623,38.645961,0</coordinates></Point>
    </Placemark>
    <Placemark>
      <name>2402-PV</name>
      <description>IOS II-LAX9 (4.0 MW)</description>
      <styleUrl>#PV-2</styleUrl>
      <Point><coordinates>-117.45,34.09,0</coordinates></Point>
    </Placemark>
    <Placemark>
      <name>2100-PV</name>
      <description>Ironwood Solar LLC (4.0 MW)</description>
      <styleUrl>#PV-2</styleUrl>
      <Point><coordinates>-114.918056,33.565,0</coordinates></Point>
    </Placemark>
    <Placemark>
      <name>2408-PV</name>
      <description>Irwindale Brew Yard, LLC (13.4 MW)</description>
      <styleUrl>#PV-2</styleUrl>
      <Point><coordinates>-117.938333,34.121667,0</coordinates></Point>
    </Placemark>
    <Placemark>
      <name>2408-PV</name>
      <description>ISH Solar Hospital Downey (1.1 MW)</description>
      <styleUrl>#PV-2</styleUrl>
      <Point><coordinates>-118.124444,33.921667,0</coordinates></Point>
    </Placemark>
    <Placemark>
      <name>2503-PV</name>
      <description>ISH Solar Hospital SDMC (1.1 MW)</description>
      <styleUrl>#PV-2</styleUrl>
      <Point><coordinates>-117.095277,32.791667,0</coordinates></Point>
    </Placemark>
    <Placemark>
      <name>3403-PV</name>
      <description>Ivanhoe Solar (3.5 MW)</description>
      <styleUrl>#PV-2</styleUrl>
      <Point><coordinates>-119.255,36.3875,0</coordinates></Point>
    </Placemark>
    <Placemark>
      <name>1302-PV</name>
      <description>Ivanpah 1 (126.0 MW)</description>
      <styleUrl>#PV-2</styleUrl>
      <Point><coordinates>-115.4525,35.533056,0</coordinates></Point>
    </Placemark>
    <Placemark>
      <name>1302-PV</name>
      <description>Ivanpah 2 (133.4 MW)</description>
      <styleUrl>#PV-2</styleUrl>
      <Point><coordinates>-115.468611,35.556111,0</coordinates></Point>
    </Placemark>
    <Placemark>
      <name>1302-PV</name>
      <description>Ivanpah 3 (133.4 MW)</description>
      <styleUrl>#PV-2</styleUrl>
      <Point><coordinates>-115.4825,35.580833,0</coordinates></Point>
    </Placemark>
    <Placemark>
      <name>2301-PV</name>
      <description>IVC Solar (3.0 MW)</description>
      <styleUrl>#PV-2</styleUrl>
      <Point><coordinates>-115.506629,32.83186,0</coordinates></Point>
    </Placemark>
    <Placemark>
      <name>2301-PV</name>
      <description>Jacumba Solar Farm (20.0 MW)</description>
      <styleUrl>#PV-2</styleUrl>
      <Point><coordinates>-116.12896,32.6212,0</coordinates></Point>
    </Placemark>
    <Placemark>
      <name>3403-PV</name>
      <description>Java Solar, LLC (13.5 MW)</description>
      <styleUrl>#PV-2</styleUrl>
      <Point><coordinates>-119.81634,36.233522,0</coordinates></Point>
    </Placemark>
    <Placemark>
      <name>2404-PV</name>
      <description>Kettering Solar 1 (1.0 MW)</description>
      <styleUrl>#PV-2</styleUrl>
      <Point><coordinates>-118.123611,34.700278,0</coordinates></Point>
    </Placemark>
    <Placemark>
      <name>2404-PV</name>
      <description>Kettering Solar 2 (1.0 MW)</description>
      <styleUrl>#PV-2</styleUrl>
      <Point><coordinates>-118.123611,34.700278,0</coordinates></Point>
    </Placemark>
    <Placemark>
      <name>3403-PV</name>
      <description>Kettleman Solar -Centaurus (20.0 MW)</description>
      <styleUrl>#PV-2</styleUrl>
      <Point><coordinates>-119.9475,36.050833,0</coordinates></Point>
    </Placemark>
    <Placemark>
      <name>3903-PV</name>
      <description>Kettleman Solar Project (1.0 MW)</description>
      <styleUrl>#PV-2</styleUrl>
      <Point><coordinates>-121.14122,38.12139,0</coordinates></Point>
    </Placemark>
    <Placemark>
      <name>2503-PV</name>
      <description>Kilroy Solar (1.1 MW)</description>
      <styleUrl>#PV-2</styleUrl>
      <Point><coordinates>-117.234157,32.936137,0</coordinates></Point>
    </Placemark>
    <Placemark>
      <name>2404-PV</name>
      <description>Kingbird A Solar LLC (20.0 MW)</description>
      <styleUrl>#PV-2</styleUrl>
      <Point><coordinates>-118.432,34.819,0</coordinates></Point>
    </Placemark>
    <Placemark>
      <name>2404-PV</name>
      <description>Kingbird B Solar, LLC (20.0 MW)</description>
      <styleUrl>#PV-2</styleUrl>
      <Point><coordinates>-118.438547,34.824206,0</coordinates></Point>
    </Placemark>
    <Placemark>
      <name>3403-PV</name>
      <description>Kingsburg Solar (3.7 MW)</description>
      <styleUrl>#PV-2</styleUrl>
      <Point><coordinates>-119.540278,36.505278,0</coordinates></Point>
    </Placemark>
    <Placemark>
      <name>2401-PV</name>
      <description>Kohls San Bernardino Solar Facility (1.0 MW)</description>
      <styleUrl>#PV-2</styleUrl>
      <Point><coordinates>-117.266831,34.094695,0</coordinates></Point>
    </Placemark>
    <Placemark>
      <name>2408-PV</name>
      <description>Kroger La Habra (1.2 MW)</description>
      <styleUrl>#PV-2</styleUrl>
      <Point><coordinates>-117.939096,33.922141,0</coordinates></Point>
    </Placemark>
    <Placemark>
      <name>2404-PV</name>
      <description>L-8 Solar Project (1.5 MW)</description>
      <styleUrl>#PV-2</styleUrl>
      <Point><coordinates>-117.973103,34.654347,0</coordinates></Point>
    </Placemark>
    <Placemark>
      <name>3403-PV</name>
      <description>La Joya Del Sol (1.5 MW)</description>
      <styleUrl>#PV-2</styleUrl>
      <Point><coordinates>-119.7975,36.678611,0</coordinates></Point>
    </Placemark>
    <Placemark>
      <name>2408-PV</name>
      <description>Lafayette 2 - Internal Services Dept (1.9 MW)</description>
      <styleUrl>#PV-2</styleUrl>
      <Point><coordinates>-118.18,34.05,0</coordinates></Point>
    </Placemark>
    <Placemark>
      <name>2408-PV</name>
      <description>Lafayette 2 - MLK Jr. Hospital (MLK) (1.7 MW)</description>
      <styleUrl>#PV-2</styleUrl>
      <Point><coordinates>-118.24,33.92,0</coordinates></Point>
    </Placemark>
    <Placemark>
      <name>2503-PV</name>
      <description>Lake Elsinore Canopies - Lakeside HS (1.0 MW)</description>
      <styleUrl>#PV-2</styleUrl>
      <Point><coordinates>-117.383,33.668,0</coordinates></Point>
    </Placemark>
    <Placemark>
      <name>3903-PV</name>
      <description>Lake Herman (5.0 MW)</description>
      <styleUrl>#PV-2</styleUrl>
      <Point><coordinates>-122.1417,38.0971,0</coordinates></Point>
    </Placemark>
    <Placemark>
      <name>2404-PV</name>
      <description>Lancaster (3.0 MW)</description>
      <styleUrl>#PV-2</styleUrl>
      <Point><coordinates>-117.972222,34.743383,0</coordinates></Point>
    </Placemark>
    <Placemark>
      <name>2404-PV</name>
      <description>Lancaster Baptist Church (1.0 MW)</description>
      <styleUrl>#PV-2</styleUrl>
      <Point><coordinates>-118.058889,34.695833,0</coordinates></Point>
    </Placemark>
    <Placemark>
      <name>2404-PV</name>
      <description>Lancaster Dry Farm Ranch B (5.0 MW)</description>
      <styleUrl>#PV-2</styleUrl>
      <Point><coordinates>-118.289444,34.716944,0</coordinates></Point>
    </Placemark>
    <Placemark>
      <name>2404-PV</name>
      <description>Lancaster Little Rock (5.0 MW)</description>
      <styleUrl>#PV-2</styleUrl>
      <Point><coordinates>-117.932778,34.599444,0</coordinates></Point>
    </Placemark>
    <Placemark>
      <name>2404-PV</name>
      <description>Lancaster Solar 1 (1.5 MW)</description>
      <styleUrl>#PV-2</styleUrl>
      <Point><coordinates>-118.095,34.715,0</coordinates></Point>
    </Placemark>
    <Placemark>
      <name>2404-PV</name>
      <description>Lancaster Solar 2 (1.5 MW)</description>
      <styleUrl>#PV-2</styleUrl>
      <Point><coordinates>-118.166111,34.710556,0</coordinates></Point>
    </Placemark>
    <Placemark>
      <name>2404-PV</name>
      <description>Lancaster WAD B (3.0 MW)</description>
      <styleUrl>#PV-2</styleUrl>
      <Point><coordinates>-118.19333,34.780192,0</coordinates></Point>
    </Placemark>
    <Placemark>
      <name>3803-PV</name>
      <description>Laredo Detention Facility - Solar 2, 3 (5.2 MW)</description>
      <styleUrl>#PV-2</styleUrl>
      <Point><coordinates>-119.109941,35.510942,0</coordinates></Point>
    </Placemark>
    <Placemark>
      <name>2611-PV</name>
      <description>Las Virgenes (3.0 MW)</description>
      <styleUrl>#PV-2</styleUrl>
      <Point><coordinates>-118.70404,34.1265,0</coordinates></Point>
    </Placemark>
    <Placemark>
      <name>2611-PV</name>
      <description>Las Virgenes Municipal Water District (1.0 MW)</description>
      <styleUrl>#PV-2</styleUrl>
      <Point><coordinates>-118.701944,34.136111,0</coordinates></Point>
    </Placemark>
    <Placemark>
      <name>3903-PV</name>
      <description>Lavio Solar (1.0 MW)</description>
      <styleUrl>#PV-2</styleUrl>
      <Point><coordinates>-122.663388,38.194599,0</coordinates></Point>
    </Placemark>
    <Placemark>
      <name>3403-PV</name>
      <description>Lemoore 1 (1.5 MW)</description>
      <styleUrl>#PV-2</styleUrl>
      <Point><coordinates>-119.798139,36.257938,0</coordinates></Point>
    </Placemark>
    <Placemark>
      <name>3803-PV</name>
      <description>Liberty HS Solar Project (1.5 MW)</description>
      <styleUrl>#PV-2</styleUrl>
      <Point><coordinates>-119.127496,35.364408,0</coordinates></Point>
    </Placemark>
    <Placemark>
      <name>3903-PV</name>
      <description>Lincoln WWTF Hybrid (4.0 MW)</description>
      <styleUrl>#PV-2</styleUrl>
      <Point><coordinates>-121.346,38.859,0</coordinates></Point>
    </Placemark>
    <Placemark>
      <name>2503-PV</name>
      <description>Lindberg FIeld Solar (2.9 MW)</description>
      <styleUrl>#PV-2</styleUrl>
      <Point><coordinates>-117.207718,32.729238,0</coordinates></Point>
    </Placemark>
    <Placemark>
      <name>2503-PV</name>
      <description>Lindberg Field Solar 2 (1.9 MW)</description>
      <styleUrl>#PV-2</styleUrl>
      <Point><coordinates>-117.205083,32.729444,0</coordinates></Point>
    </Placemark>
    <Placemark>
      <name>3403-PV</name>
      <description>Lindsay Solar (4.0 MW)</description>
      <styleUrl>#PV-2</styleUrl>
      <Point><coordinates>-119.133889,36.211944,0</coordinates></Point>
    </Placemark>
    <Placemark>
      <name>3403-PV</name>
      <description>Little Bear 3 (20.0 MW)</description>
      <styleUrl>#PV-2</styleUrl>
      <Point><coordinates>-120.415,36.716,0</coordinates></Point>
    </Placemark>
    <Placemark>
      <name>3403-PV</name>
      <description>Little Bear 4 (50.0 MW)</description>
      <styleUrl>#PV-2</styleUrl>
      <Point><coordinates>-120.415,36.716,0</coordinates></Point>
    </Placemark>
    <Placemark>
      <name>3403-PV</name>
      <description>Little Bear 5 (50.0 MW)</description>
      <styleUrl>#PV-2</styleUrl>
      <Point><coordinates>-120.415,36.716,0</coordinates></Point>
    </Placemark>
    <Placemark>
      <name>3403-PV</name>
      <description>Little Bear Solar 1, LLC (40.0 MW)</description>
      <styleUrl>#PV-2</styleUrl>
      <Point><coordinates>-120.415,36.716,0</coordinates></Point>
    </Placemark>
    <Placemark>
      <name>2404-PV</name>
      <description>Little Rock Pham Solar (3.0 MW)</description>
      <styleUrl>#PV-2</styleUrl>
      <Point><coordinates>-117.94751,34.600231,0</coordinates></Point>
    </Placemark>
    <Placemark>
      <name>2401-PV</name>
      <description>Lone Valley Solar Park I LLC (10.0 MW)</description>
      <styleUrl>#PV-2</styleUrl>
      <Point><coordinates>-116.865517,34.398059,0</coordinates></Point>
    </Placemark>
    <Placemark>
      <name>2401-PV</name>
      <description>Lone Valley Solar Park II LLC (20.0 MW)</description>
      <styleUrl>#PV-2</styleUrl>
      <Point><coordinates>-116.8625,34.408333,0</coordinates></Point>
    </Placemark>
    <Placemark>
      <name>2401-PV</name>
      <description>Longboat Solar, LLC (20.0 MW)</description>
      <styleUrl>#PV-2</styleUrl>
      <Point><coordinates>-117.061,34.541,0</coordinates></Point>
    </Placemark>
    <Placemark>
      <name>2408-PV</name>
      <description>Los Angeles Harbor College (1.2 MW)</description>
      <styleUrl>#PV-2</styleUrl>
      <Point><coordinates>-118.28493,33.783102,0</coordinates></Point>
    </Placemark>
    <Placemark>
      <name>3803-PV</name>
      <description>Lost Hills Oilfield (1.9 MW)</description>
      <styleUrl>#PV-2</styleUrl>
      <Point><coordinates>-119.85,35.65,0</coordinates></Point>
    </Placemark>
    <Placemark>
      <name>3803-PV</name>
      <description>Lost Hills/Blackwell (32.0 MW)</description>
      <styleUrl>#PV-2</styleUrl>
      <Point><coordinates>-119.85,35.62,0</coordinates></Point>
    </Placemark>
    <Placemark>
      <name>3803-PV</name>
      <description>Luciana (55.8 MW)</description>
      <styleUrl>#PV-2</styleUrl>
      <Point><coordinates>-119.062255,35.823716,0</coordinates></Point>
    </Placemark>
    <Placemark>
      <name>2404-PV</name>
      <description>Ma (1.5 MW)</description>
      <styleUrl>#PV-2</styleUrl>
      <Point><coordinates>-118.0625,34.695278,0</coordinates></Point>
    </Placemark>
    <Placemark>
      <name>2611-PV</name>
      <description>Maclay Solar Project (2.0 MW)</description>
      <styleUrl>#PV-2</styleUrl>
      <Point><coordinates>-118.430833,34.319722,0</coordinates></Point>
    </Placemark>
    <Placemark>
      <name>2401-PV</name>
      <description>Madelyn Solar, LLC (1.0 MW)</description>
      <styleUrl>#PV-2</styleUrl>
      <Point><coordinates>-117.323611,34.768333,0</coordinates></Point>
    </Placemark>
    <Placemark>
      <name>3403-PV</name>
      <description>Madera 1 PV (1.5 MW)</description>
      <styleUrl>#PV-2</styleUrl>
      <Point><coordinates>-120.167021,37.056468,0</coordinates></Point>
    </Placemark>
    <Placemark>
      <name>3403-PV</name>
      <description>Madera Community Hospital (1.0 MW)</description>
      <styleUrl>#PV-2</styleUrl>
      <Point><coordinates>-120.046667,36.941111,0</coordinates></Point>
    </Placemark>
    <Placemark>
      <name>3902-PV</name>
      <description>Malech Solar Farm (3.1 MW)</description>
      <styleUrl>#PV-2</styleUrl>
      <Point><coordinates>-121.738616,37.228736,0</coordinates></Point>
    </Placemark>
    <Placemark>
      <name>3903-PV</name>
      <description>Manteca Land PV (1.0 MW)</description>
      <styleUrl>#PV-2</styleUrl>
      <Point><coordinates>-121.216191,37.84013,0</coordinates></Point>
    </Placemark>
    <Placemark>
      <name>3903-PV</name>
      <description>Mariani Packing Vacaville Solar (1.0 MW)</description>
      <styleUrl>#PV-2</styleUrl>
      <Point><coordinates>-121.96366,38.40008,0</coordinates></Point>
    </Placemark>
    <Placemark>
      <name>3803-PV</name>
      <description>Maricopa West Solar PV, LLC (20.0 MW)</description>
      <styleUrl>#PV-2</styleUrl>
      <Point><coordinates>-119.317778,35.115278,0</coordinates></Point>
    </Placemark>
    <Placemark>
      <name>3903-PV</name>
      <description>Marin Clean Energy Solar One (10.5 MW)</description>
      <styleUrl>#PV-2</styleUrl>
      <Point><coordinates>-122.377202,37.945296,0</coordinates></Point>
    </Placemark>
    <Placemark>
      <name>2408-PV</name>
      <description>Marina South (1.0 MW)</description>
      <styleUrl>#PV-2</styleUrl>
      <Point><coordinates>-118.275617,33.717993,0</coordinates></Point>
    </Placemark>
    <Placemark>
      <name>2100-PV</name>
      <description>Maverick Solar 4, LLC (100.0 MW)</description>
      <styleUrl>#PV-2</styleUrl>
      <Point><coordinates>-115.38,33.7,0</coordinates></Point>
    </Placemark>
    <Placemark>
      <name>2100-PV</name>
      <description>Maverick Solar 6, LLC (150.0 MW)</description>
      <styleUrl>#PV-2</styleUrl>
      <Point><coordinates>-115.38,33.7,0</coordinates></Point>
    </Placemark>
    <Placemark>
      <name>2100-PV</name>
      <description>Maverick Solar 7, LLC (132.0 MW)</description>
      <styleUrl>#PV-2</styleUrl>
      <Point><coordinates>-115.38,33.7,0</coordinates></Point>
    </Placemark>
    <Placemark>
      <name>2100-PV</name>
      <description>Maverick Solar, LLC (125.0 MW)</description>
      <styleUrl>#PV-2</styleUrl>
      <Point><coordinates>-115.38,33.7,0</coordinates></Point>
    </Placemark>
    <Placemark>
      <name>2100-PV</name>
      <description>McCoy Solar Energy Project Hybrid (500.6 MW)</description>
      <styleUrl>#PV-2</styleUrl>
      <Point><coordinates>-114.739722,33.694722,0</coordinates></Point>
    </Placemark>
    <Placemark>
      <name>3903-PV</name>
      <description>Medline Ind. Phase 2 Tracy (1.0 MW)</description>
      <styleUrl>#PV-2</styleUrl>
      <Point><coordinates>-121.508945,37.734761,0</coordinates></Point>
    </Placemark>
    <Placemark>
      <name>3902-PV</name>
      <description>Merced 1 PV (3.0 MW)</description>
      <styleUrl>#PV-2</styleUrl>
      <Point><coordinates>-120.878081,36.989475,0</coordinates></Point>
    </Placemark>
    <Placemark>
      <name>3403-PV</name>
      <description>Merced Solar LLC (1.5 MW)</description>
      <styleUrl>#PV-2</styleUrl>
      <Point><coordinates>-120.484444,37.267778,0</coordinates></Point>
    </Placemark>
    <Placemark>
      <name>3803-PV</name>
      <description>Meridian Vineyards (1.1 MW)</description>
      <styleUrl>#PV-2</styleUrl>
      <Point><coordinates>-120.566944,35.670278,0</coordinates></Point>
    </Placemark>
    <Placemark>
      <name>2408-PV</name>
      <description>Metro Support Services Center Solar (1.2 MW)</description>
      <styleUrl>#PV-2</styleUrl>
      <Point><coordinates>-118.229722,34.0578,0</coordinates></Point>
    </Placemark>
    <Placemark>
      <name>2100-PV</name>
      <description>Midway Solar Farm 1 (50.0 MW)</description>
      <styleUrl>#PV-2</styleUrl>
      <Point><coordinates>-115.572788,33.176627,0</coordinates></Point>
    </Placemark>
    <Placemark>
      <name>2100-PV</name>
      <description>Midway Solar Farm II (30.0 MW)</description>
      <styleUrl>#PV-2</styleUrl>
      <Point><coordinates>-115.531694,33.162056,0</coordinates></Point>
    </Placemark>
    <Placemark>
      <name>2100-PV</name>
      <description>Midway Solar Farm III (20.0 MW)</description>
      <styleUrl>#PV-2</styleUrl>
      <Point><coordinates>-115.544918,33.154761,0</coordinates></Point>
    </Placemark>
    <Placemark>
      <name>2402-PV</name>
      <description>Mira Loma (3.0 MW)</description>
      <styleUrl>#PV-2</styleUrl>
      <Point><coordinates>-117.5375,34.013056,0</coordinates></Point>
    </Placemark>
    <Placemark>
      <name>3403-PV</name>
      <description>Mission Solar LLC (1.5 MW)</description>
      <styleUrl>#PV-2</styleUrl>
      <Point><coordinates>-120.4825,37.267778,0</coordinates></Point>
    </Placemark>
    <Placemark>
      <name>2401-PV</name>
      <description>Mitchell Solar, LLC (1.5 MW)</description>
      <styleUrl>#PV-2</styleUrl>
      <Point><coordinates>-117.323611,34.765,0</coordinates></Point>
    </Placemark>
    <Placemark>
      <name>2401-PV</name>
      <description>Mojave Solar Project (280.0 MW)</description>
      <styleUrl>#PV-2</styleUrl>
      <Point><coordinates>-117.339144,35.017717,0</coordinates></Point>
    </Placemark>
    <Placemark>
      <name>3902-PV</name>
      <description>Monterey Regional Water Pollution Control Agency (1.0 MW)</description>
      <styleUrl>#PV-2</styleUrl>
      <Point><coordinates>-121.787778,36.721111,0</coordinates></Point>
    </Placemark>
    <Placemark>
      <name>3403-PV</name>
      <description>Moonlight Packing - Phase 2 (1.4 MW)</description>
      <styleUrl>#PV-2</styleUrl>
      <Point><coordinates>-119.469986,36.585794,0</coordinates></Point>
    </Placemark>
    <Placemark>
      <name>3803-PV</name>
      <description>Morelos del Sol (15.0 MW)</description>
      <styleUrl>#PV-2</styleUrl>
      <Point><coordinates>-119.818712,35.731362,0</coordinates></Point>
    </Placemark>
    <Placemark>
      <name>2404-PV</name>
      <description>Morgan Lancaster 1 (1.5 MW)</description>
      <styleUrl>#PV-2</styleUrl>
      <Point><coordinates>-118.0836,34.6608,0</coordinates></Point>
    </Placemark>
    <Placemark>
      <name>2301-PV</name>
      <description>Mount Signal Solar Farm II (153.5 MW)</description>
      <styleUrl>#PV-2</styleUrl>
      <Point><coordinates>-115.6292,32.6685,0</coordinates></Point>
    </Placemark>
    <Placemark>
      <name>2301-PV</name>
      <description>Mount Signal Solar Farm V (252.3 MW)</description>
      <styleUrl>#PV-2</styleUrl>
      <Point><coordinates>-115.56721,32.678805,0</coordinates></Point>
    </Placemark>
    <Placemark>
      <name>3402-PV</name>
      <description>Munro Valley Solar (4.0 MW)</description>
      <styleUrl>#PV-2</styleUrl>
      <Point><coordinates>-117.9955,36.2647,0</coordinates></Point>
    </Placemark>
    <Placemark>
      <name>3403-PV</name>
      <description>Mustang Two (150.0 MW)</description>
      <styleUrl>#PV-2</styleUrl>
      <Point><coordinates>-119.896389,36.216806,0</coordinates></Point>
    </Placemark>
    <Placemark>
      <name>3403-PV</name>
      <description>National Raisin (2.9 MW)</description>
      <styleUrl>#PV-2</styleUrl>
      <Point><coordinates>-119.673088,36.624512,0</coordinates></Point>
    </Placemark>
    <Placemark>
      <name>2401-PV</name>
      <description>Navajo Solar Power Generation Station 1 LLC (1.5 MW)</description>
      <styleUrl>#PV-2</styleUrl>
      <Point><coordinates>-117.191111,34.551111,0</coordinates></Point>
    </Placemark>
    <Placemark>
      <name>2404-PV</name>
      <description>Naval Air Weapons Station China Lake (11.1 MW)</description>
      <styleUrl>#PV-2</styleUrl>
      <Point><coordinates>-117.68137,35.68771,0</coordinates></Point>
    </Placemark>
    <Placemark>
      <name>2401-PV</name>
      <description>Newberry Solar 1 LLC (1.5 MW)</description>
      <styleUrl>#PV-2</styleUrl>
      <Point><coordinates>-116.683108,34.853581,0</coordinates></Point>
    </Placemark>
    <Placemark>
      <name>3403-PV</name>
      <description>NextEra Westside PV (20.0 MW)</description>
      <styleUrl>#PV-2</styleUrl>
      <Point><coordinates>-120.134486,36.381775,0</coordinates></Point>
    </Placemark>
    <Placemark>
      <name>2402-PV</name>
      <description>Niagara Bottling - Rialto (4.2 MW)</description>
      <styleUrl>#PV-2</styleUrl>
      <Point><coordinates>-117.418451,34.126094,0</coordinates></Point>
    </Placemark>
    <Placemark>
      <name>3903-PV</name>
      <description>Niagara Bottling Stockton (1.0 MW)</description>
      <styleUrl>#PV-2</styleUrl>
      <Point><coordinates>-121.24891,37.894817,0</coordinates></Point>
    </Placemark>
    <Placemark>
      <name>3803-PV</name>
      <description>Nickel 1 Solar Facility (1.5 MW)</description>
      <styleUrl>#PV-2</styleUrl>
      <Point><coordinates>-119.716512,35.647295,0</coordinates></Point>
    </Placemark>
    <Placemark>
      <name>3803-PV</name>
      <description>Nicolis Solar PV Plant (20.0 MW)</description>
      <styleUrl>#PV-2</styleUrl>
      <Point><coordinates>-119.056111,35.835833,0</coordinates></Point>
    </Placemark>
    <Placemark>
      <name>2503-PV</name>
      <description>NLP Granger (3.0 MW)</description>
      <styleUrl>#PV-2</styleUrl>
      <Point><coordinates>-117.0588,33.2704,0</coordinates></Point>
    </Placemark>
    <Placemark>
      <name>2611-PV</name>
      <description>Nordhoff Place (0.9 MW)</description>
      <styleUrl>#PV-2</styleUrl>
      <Point><coordinates>-118.565833,34.236667,0</coordinates></Point>
    </Placemark>
    <Placemark>
      <name>3903-PV</name>
      <description>North Bay Solar 1 (1.0 MW)</description>
      <styleUrl>#PV-2</styleUrl>
      <Point><coordinates>-121.966389,38.300556,0</coordinates></Point>
    </Placemark>
    <Placemark>
      <name>3803-PV</name>
      <description>North Kern State Prison Phase II (4.0 MW)</description>
      <styleUrl>#PV-2</styleUrl>
      <Point><coordinates>-119.30875,35.780407,0</coordinates></Point>
    </Placemark>
    <Placemark>
      <name>2404-PV</name>
      <description>North Lancaster Ranch (20.0 MW)</description>
      <styleUrl>#PV-2</styleUrl>
      <Point><coordinates>-118.31301,34.719538,0</coordinates></Point>
    </Placemark>
    <Placemark>
      <name>2401-PV</name>
      <description>North Palm Springs 1A (2.5 MW)</description>
      <styleUrl>#PV-2</styleUrl>
      <Point><coordinates>-116.593333,33.924167,0</coordinates></Point>
    </Placemark>
    <Placemark>
      <name>2401-PV</name>
      <description>North Palm Springs 4A (4.0 MW)</description>
      <styleUrl>#PV-2</styleUrl>
      <Point><coordinates>-116.5625,33.909722,0</coordinates></Point>
    </Placemark>
    <Placemark>
      <name>2404-PV</name>
      <description>North Rosamond Solar LLC (151.1 MW)</description>
      <styleUrl>#PV-2</styleUrl>
      <Point><coordinates>-118.38,34.862,0</coordinates></Point>
    </Placemark>
    <Placemark>
      <name>3403-PV</name>
      <description>North Star Solar (61.6 MW)</description>
      <styleUrl>#PV-2</styleUrl>
      <Point><coordinates>-120.41,36.73,0</coordinates></Point>
    </Placemark>
    <Placemark>
      <name>2401-PV</name>
      <description>Nunn (1.0 MW)</description>
      <styleUrl>#PV-2</styleUrl>
      <Point><coordinates>-117.154444,34.509167,0</coordinates></Point>
    </Placemark>
    <Placemark>
      <name>3903-PV</name>
      <description>Oakley Solar Project (1.5 MW)</description>
      <styleUrl>#PV-2</styleUrl>
      <Point><coordinates>-121.747778,38.001667,0</coordinates></Point>
    </Placemark>
    <Placemark>
      <name>2408-PV</name>
      <description>Occidental College Solar Project (1.0 MW)</description>
      <styleUrl>#PV-2</styleUrl>
      <Point><coordinates>-118.206903,34.1283,0</coordinates></Point>
    </Placemark>
    <Placemark>
      <name>3403-PV</name>
      <description>OK Produce Fresno Carport (2.0 MW)</description>
      <styleUrl>#PV-2</styleUrl>
      <Point><coordinates>-119.774411,36.723488,0</coordinates></Point>
    </Placemark>
    <Placemark>
      <name>2402-PV</name>
      <description>Oltmans SCE at Champagne (1.0 MW)</description>
      <styleUrl>#PV-2</styleUrl>
      <Point><coordinates>-117.531111,34.043889,0</coordinates></Point>
    </Placemark>
    <Placemark>
      <name>2402-PV</name>
      <description>Oltmans SCE at Jurupa (1.5 MW)</description>
      <styleUrl>#PV-2</styleUrl>
      <Point><coordinates>-117.596111,34.05,0</coordinates></Point>
    </Placemark>
    <Placemark>
      <name>2404-PV</name>
      <description>One Ten Partners PV (2.0 MW)</description>
      <styleUrl>#PV-2</styleUrl>
      <Point><coordinates>-117.936594,34.615622,0</coordinates></Point>
    </Placemark>
    <Placemark>
      <name>2408-PV</name>
      <description>Orange Coast College PH2 Solar Project (5.2 MW)</description>
      <styleUrl>#PV-2</styleUrl>
      <Point><coordinates>-117.91246,33.672565,0</coordinates></Point>
    </Placemark>
    <Placemark>
      <name>3803-PV</name>
      <description>Orion Solar I (12.0 MW)</description>
      <styleUrl>#PV-2</styleUrl>
      <Point><coordinates>-118.875,35.150694,0</coordinates></Point>
    </Placemark>
    <Placemark>
      <name>3803-PV</name>
      <description>Orion Solar II (8.0 MW)</description>
      <styleUrl>#PV-2</styleUrl>
      <Point><coordinates>-118.875278,35.150694,0</coordinates></Point>
    </Placemark>
    <Placemark>
      <name>3902-PV</name>
      <description>Oro Loma (20.0 MW)</description>
      <styleUrl>#PV-2</styleUrl>
      <Point><coordinates>-120.667608,36.876847,0</coordinates></Point>
    </Placemark>
    <Placemark>
      <name>2401-PV</name>
      <description>Otoe Solar Power Generation Station 1 LLC (1.5 MW)</description>
      <styleUrl>#PV-2</styleUrl>
      <Point><coordinates>-117.191944,34.545,0</coordinates></Point>
    </Placemark>
    <Placemark>
      <name>3402-PV</name>
      <description>Owens Valley Solar Project 11 (1.0 MW)</description>
      <styleUrl>#PV-2</styleUrl>
      <Point><coordinates>-118.012151,36.275144,0</coordinates></Point>
    </Placemark>
    <Placemark>
      <name>2408-PV</name>
      <description>Pacific Cruise Ship Terminals Berth 93 (1.0 MW)</description>
      <styleUrl>#PV-2</styleUrl>
      <Point><coordinates>-118.27722,33.7331,0</coordinates></Point>
    </Placemark>
    <Placemark>
      <name>3403-PV</name>
      <description>Pacific Ethanol Madera Solar Array (4.3 MW)</description>
      <styleUrl>#PV-2</styleUrl>
      <Point><coordinates>-119.97138,36.916111,0</coordinates></Point>
    </Placemark>
    <Placemark>
      <name>2100-PV</name>
      <description>Palo Verde College (1.2 MW)</description>
      <styleUrl>#PV-2</styleUrl>
      <Point><coordinates>-114.651667,33.661667,0</coordinates></Point>
    </Placemark>
    <Placemark>
      <name>3902-PV</name>
      <description>Panoche Valley Solar Farm (140.0 MW)</description>
      <styleUrl>#PV-2</styleUrl>
      <Point><coordinates>-120.879,36.627,0</coordinates></Point>
    </Placemark>
    <Placemark>
      <name>2402-PV</name>
      <description>Park Meridian #1 (1.5 MW)</description>
      <styleUrl>#PV-2</styleUrl>
      <Point><coordinates>-117.283611,33.896111,0</coordinates></Point>
    </Placemark>
    <Placemark>
      <name>2503-PV</name>
      <description>PFMG Solar Grossmont Helix LLC (1.2 MW)</description>
      <styleUrl>#PV-2</styleUrl>
      <Point><coordinates>-117.035241,32.753281,0</coordinates></Point>
    </Placemark>
    <Placemark>
      <name>2401-PV</name>
      <description>Phelan Pinon Hills CSD Solar (1.2 MW)</description>
      <styleUrl>#PV-2</styleUrl>
      <Point><coordinates>-117.58281,34.57654,0</coordinates></Point>
    </Placemark>
    <Placemark>
      <name>2611-PV</name>
      <description>Pierce College (1.9 MW)</description>
      <styleUrl>#PV-2</styleUrl>
      <Point><coordinates>-118.574722,34.183611,0</coordinates></Point>
    </Placemark>
    <Placemark>
      <name>2404-PV</name>
      <description>Pine Tree Solar Project (8.5 MW)</description>
      <styleUrl>#PV-2</styleUrl>
      <Point><coordinates>-118.1957,35.229635,0</coordinates></Point>
    </Placemark>
    <Placemark>
      <name>3903-PV</name>
      <description>Pleasanton - Amador Valley High School (1.1 MW)</description>
      <styleUrl>#PV-2</styleUrl>
      <Point><coordinates>-121.874678,37.662431,0</coordinates></Point>
    </Placemark>
    <Placemark>
      <name>3403-PV</name>
      <description>POM Beverage Solar (1.8 MW)</description>
      <styleUrl>#PV-2</styleUrl>
      <Point><coordinates>-119.35792,36.39026,0</coordinates></Point>
    </Placemark>
    <Placemark>
      <name>3403-PV</name>
      <description>POM Juice Solar (1.5 MW)</description>
      <styleUrl>#PV-2</styleUrl>
      <Point><coordinates>-119.351133,36.392479,0</coordinates></Point>
    </Placemark>
    <Placemark>
      <name>3403-PV</name>
      <description>POM Plant 1 (2.4 MW)</description>
      <styleUrl>#PV-2</styleUrl>
      <Point><coordinates>-119.585697,36.657094,0</coordinates></Point>
    </Placemark>
    <Placemark>
      <name>3403-PV</name>
      <description>POM Plant 2 (1.6 MW)</description>
      <styleUrl>#PV-2</styleUrl>
      <Point><coordinates>-119.592219,36.656664,0</coordinates></Point>
    </Placemark>
    <Placemark>
      <name>2408-PV</name>
      <description>Port of LA Solar FiT Project (1.1 MW)</description>
      <styleUrl>#PV-2</styleUrl>
      <Point><coordinates>-118.280032,33.727977,0</coordinates></Point>
    </Placemark>
    <Placemark>
      <name>2404-PV</name>
      <description>Portal Ridge Solar B, LLC (20.0 MW)</description>
      <styleUrl>#PV-2</styleUrl>
      <Point><coordinates>-118.2821,34.71647,0</coordinates></Point>
    </Placemark>
    <Placemark>
      <name>2404-PV</name>
      <description>Portal Ridge Solar C, LLC (11.4 MW)</description>
      <styleUrl>#PV-2</styleUrl>
      <Point><coordinates>-118.2739,34.71412,0</coordinates></Point>
    </Placemark>
    <Placemark>
      <name>3803-PV</name>
      <description>Porterville 6 and 7 (3.0 MW)</description>
      <styleUrl>#PV-2</styleUrl>
      <Point><coordinates>-119.02,36.05,0</coordinates></Point>
    </Placemark>
    <Placemark>
      <name>3403-PV</name>
      <description>Porterville Solar (3.5 MW)</description>
      <styleUrl>#PV-2</styleUrl>
      <Point><coordinates>-119.039722,36.102778,0</coordinates></Point>
    </Placemark>
    <Placemark>
      <name>2401-PV</name>
      <description>Powhatan Solar Power Generation Station 1 LLC (1.5 MW)</description>
      <styleUrl>#PV-2</styleUrl>
      <Point><coordinates>-117.145,34.496944,0</coordinates></Point>
    </Placemark>
    <Placemark>
      <name>2611-PV</name>
      <description>Prairie (1.8 MW)</description>
      <styleUrl>#PV-2</styleUrl>
      <Point><coordinates>-118.583575,34.239244,0</coordinates></Point>
    </Placemark>
    <Placemark>
      <name>3903-PV</name>
      <description>Preferred Freezer San Leandro (2.0 MW)</description>
      <styleUrl>#PV-2</styleUrl>
      <Point><coordinates>-122.150665,37.711995,0</coordinates></Point>
    </Placemark>
    <Placemark>
      <name>3903-PV</name>
      <description>Prologis L.P (3.0 MW)</description>
      <styleUrl>#PV-2</styleUrl>
      <Point><coordinates>-121.529783,37.725044,0</coordinates></Point>
    </Placemark>
    <Placemark>
      <name>4001-PV</name>
      <description>PSREC/SIAD Solar (2.5 MW)</description>
      <styleUrl>#PV-2</styleUrl>
      <Point><coordinates>-120.123352,40.15006,0</coordinates></Point>
    </Placemark>
    <Placemark>
      <name>3803-PV</name>
      <description>Pumpjack Solar I (20.0 MW)</description>
      <styleUrl>#PV-2</styleUrl>
      <Point><coordinates>-119.6225,35.305556,0</coordinates></Point>
    </Placemark>
    <Placemark>
      <name>3903-PV</name>
      <description>Putah Creek Solar Farm (2.0 MW)</description>
      <styleUrl>#PV-2</styleUrl>
      <Point><coordinates>-121.993889,38.521111,0</coordinates></Point>
    </Placemark>
    <Placemark>
      <name>3903-PV</name>
      <description>Putah Creek Solar Farm North (3.0 MW)</description>
      <styleUrl>#PV-2</styleUrl>
      <Point><coordinates>-121.99531,38.524531,0</coordinates></Point>
    </Placemark>
    <Placemark>
      <name>2402-PV</name>
      <description>PVN Milliken, LLC (3.0 MW)</description>
      <styleUrl>#PV-2</styleUrl>
      <Point><coordinates>-117.565802,34.038433,0</coordinates></Point>
    </Placemark>
    <Placemark>
      <name>3902-PV</name>
      <description>Quinto Solar PV Project (108.0 MW)</description>
      <styleUrl>#PV-2</styleUrl>
      <Point><coordinates>-121.052222,37.130278,0</coordinates></Point>
    </Placemark>
    <Placemark>
      <name>2404-PV</name>
      <description>Rabbitbrush Solar, LLC (120.0 MW)</description>
      <styleUrl>#PV-2</styleUrl>
      <Point><coordinates>-118.32,34.83,0</coordinates></Point>
    </Placemark>
    <Placemark>
      <name>2404-PV</name>
      <description>Radiance Solar 4 (1.5 MW)</description>
      <styleUrl>#PV-2</styleUrl>
      <Point><coordinates>-118.288056,34.665556,0</coordinates></Point>
    </Placemark>
    <Placemark>
      <name>2404-PV</name>
      <description>Radiance Solar 5 (1.5 MW)</description>
      <styleUrl>#PV-2</styleUrl>
      <Point><coordinates>-118.286944,34.665556,0</coordinates></Point>
    </Placemark>
    <Placemark>
      <name>2503-PV</name>
      <description>Ramona 1 (2.0 MW)</description>
      <styleUrl>#PV-2</styleUrl>
      <Point><coordinates>-116.875,33.012222,0</coordinates></Point>
    </Placemark>
    <Placemark>
      <name>2503-PV</name>
      <description>Ramona 2 (5.0 MW)</description>
      <styleUrl>#PV-2</styleUrl>
      <Point><coordinates>-116.875,33.012222,0</coordinates></Point>
    </Placemark>
    <Placemark>
      <name>2503-PV</name>
      <description>Ramona Solar Energy (4.3 MW)</description>
      <styleUrl>#PV-2</styleUrl>
      <Point><coordinates>-116.860713,33.018486,0</coordinates></Point>
    </Placemark>
    <Placemark>
      <name>3903-PV</name>
      <description>Rancho Cordova Medical Offices (1.1 MW)</description>
      <styleUrl>#PV-2</styleUrl>
      <Point><coordinates>-121.291035,38.576571,0</coordinates></Point>
    </Placemark>
    <Placemark>
      <name>2402-PV</name>
      <description>Rancho Cucamonga Dist #1 (1.8 MW)</description>
      <styleUrl>#PV-2</styleUrl>
      <Point><coordinates>-117.552778,34.100278,0</coordinates></Point>
    </Placemark>
    <Placemark>
      <name>3903-PV</name>
      <description>Rancho Seco Solar II, LLC (160.0 MW)</description>
      <styleUrl>#PV-2</styleUrl>
      <Point><coordinates>-121.119839,38.346814,0</coordinates></Point>
    </Placemark>
    <Placemark>
      <name>3903-PV</name>
      <description>Rancho Seco Solar, LLC (10.8 MW)</description>
      <styleUrl>#PV-2</styleUrl>
      <Point><coordinates>-121.114494,38.339857,0</coordinates></Point>
    </Placemark>
    <Placemark>
      <name>2503-PV</name>
      <description>RCWD PV Project (4.1 MW)</description>
      <styleUrl>#PV-2</styleUrl>
      <Point><coordinates>-117.1815,33.5226,0</coordinates></Point>
    </Placemark>
    <Placemark>
      <name>3403-PV</name>
      <description>RE Adams East, LLC (19.0 MW)</description>
      <styleUrl>#PV-2</styleUrl>
      <Point><coordinates>-120.290833,36.6175,0</coordinates></Point>
    </Placemark>
    <Placemark>
      <name>2404-PV</name>
      <description>RE Astoria (100.0 MW)</description>
      <styleUrl>#PV-2</styleUrl>
      <Point><coordinates>-118.458466,34.844226,0</coordinates></Point>
    </Placemark>
    <Placemark>
      <name>2611-PV</name>
      <description>RE Astoria 2 (75.0 MW)</description>
      <styleUrl>#PV-2</styleUrl>
      <Point><coordinates>-118.480204,34.836649,0</coordinates></Point>
    </Placemark>
    <Placemark>
      <name>2404-PV</name>
      <description>RE Barren Ridge 1 (60.0 MW)</description>
      <styleUrl>#PV-2</styleUrl>
      <Point><coordinates>-118.06875,35.20473,0</coordinates></Point>
    </Placemark>
    <Placemark>
      <name>3903-PV</name>
      <description>RE Bruceville 1 LLC (5.0 MW)</description>
      <styleUrl>#PV-2</styleUrl>
      <Point><coordinates>-121.412777,38.3475,0</coordinates></Point>
    </Placemark>
    <Placemark>
      <name>3903-PV</name>
      <description>RE Bruceville 2 LLC (5.0 MW)</description>
      <styleUrl>#PV-2</styleUrl>
      <Point><coordinates>-121.412777,38.3475,0</coordinates></Point>
    </Placemark>
    <Placemark>
      <name>3903-PV</name>
      <description>RE Bruceville 3 LLC (5.0 MW)</description>
      <styleUrl>#PV-2</styleUrl>
      <Point><coordinates>-121.412777,38.3475,0</coordinates></Point>
    </Placemark>
    <Placemark>
      <name>2404-PV</name>
      <description>RE Camelot LLC (45.0 MW)</description>
      <styleUrl>#PV-2</styleUrl>
      <Point><coordinates>-118.185556,35.026667,0</coordinates></Point>
    </Placemark>
    <Placemark>
      <name>2404-PV</name>
      <description>RE Columbia 3 LLC (10.0 MW)</description>
      <styleUrl>#PV-2</styleUrl>
      <Point><coordinates>-118.164167,35.024722,0</coordinates></Point>
    </Placemark>
    <Placemark>
      <name>2404-PV</name>
      <description>RE Columbia Two, LLC (15.0 MW)</description>
      <styleUrl>#PV-2</styleUrl>
      <Point><coordinates>-118.185556,35.026667,0</coordinates></Point>
    </Placemark>
    <Placemark>
      <name>3903-PV</name>
      <description>RE Dillard 1 LLC (3.0 MW)</description>
      <styleUrl>#PV-2</styleUrl>
      <Point><coordinates>-121.181944,38.468611,0</coordinates></Point>
    </Placemark>
    <Placemark>
      <name>3903-PV</name>
      <description>RE Dillard 2 LLC (3.0 MW)</description>
      <styleUrl>#PV-2</styleUrl>
      <Point><coordinates>-121.177778,38.466111,0</coordinates></Point>
    </Placemark>
    <Placemark>
      <name>3903-PV</name>
      <description>RE Dillard 3 LLC (3.0 MW)</description>
      <styleUrl>#PV-2</styleUrl>
      <Point><coordinates>-121.180278,38.461944,0</coordinates></Point>
    </Placemark>
    <Placemark>
      <name>3903-PV</name>
      <description>RE Dillard 4 LLC (0.4 MW)</description>
      <styleUrl>#PV-2</styleUrl>
      <Point><coordinates>-121.180278,38.461944,0</coordinates></Point>
    </Placemark>
    <Placemark>
      <name>2611-PV</name>
      <description>RE Garland (273.1 MW)</description>
      <styleUrl>#PV-2</styleUrl>
      <Point><coordinates>-118.524989,34.825267,0</coordinates></Point>
    </Placemark>
    <Placemark>
      <name>2611-PV</name>
      <description>RE Garland A (20.2 MW)</description>
      <styleUrl>#PV-2</styleUrl>
      <Point><coordinates>-118.497406,34.821453,0</coordinates></Point>
    </Placemark>
    <Placemark>
      <name>3903-PV</name>
      <description>RE Kammerer 1 LLC (5.0 MW)</description>
      <styleUrl>#PV-2</styleUrl>
      <Point><coordinates>-121.381101,38.365053,0</coordinates></Point>
    </Placemark>
    <Placemark>
      <name>3903-PV</name>
      <description>RE Kammerer 2 LLC (5.0 MW)</description>
      <styleUrl>#PV-2</styleUrl>
      <Point><coordinates>-121.381101,38.365053,0</coordinates></Point>
    </Placemark>
    <Placemark>
      <name>3903-PV</name>
      <description>RE Kammerer 3 LLC (5.0 MW)</description>
      <styleUrl>#PV-2</styleUrl>
      <Point><coordinates>-121.381101,38.365053,0</coordinates></Point>
    </Placemark>
    <Placemark>
      <name>3403-PV</name>
      <description>RE Kansas Solar, LLC (20.0 MW)</description>
      <styleUrl>#PV-2</styleUrl>
      <Point><coordinates>-119.833889,36.247778,0</coordinates></Point>
    </Placemark>
    <Placemark>
      <name>3403-PV</name>
      <description>RE Kansas South LLC (20.0 MW)</description>
      <styleUrl>#PV-2</styleUrl>
      <Point><coordinates>-119.834167,36.226111,0</coordinates></Point>
    </Placemark>
    <Placemark>
      <name>3403-PV</name>
      <description>RE Kent South, LLC (20.0 MW)</description>
      <styleUrl>#PV-2</styleUrl>
      <Point><coordinates>-119.905278,36.226111,0</coordinates></Point>
    </Placemark>
    <Placemark>
      <name>3903-PV</name>
      <description>RE McKenzie 1 LLC (5.0 MW)</description>
      <styleUrl>#PV-2</styleUrl>
      <Point><coordinates>-121.295819,38.302594,0</coordinates></Point>
    </Placemark>
    <Placemark>
      <name>3903-PV</name>
      <description>RE McKenzie 2 LLC (5.0 MW)</description>
      <styleUrl>#PV-2</styleUrl>
      <Point><coordinates>-121.295819,38.302594,0</coordinates></Point>
    </Placemark>
    <Placemark>
      <name>3903-PV</name>
      <description>RE McKenzie 3 LLC (5.0 MW)</description>
      <styleUrl>#PV-2</styleUrl>
      <Point><coordinates>-121.295819,38.302594,0</coordinates></Point>
    </Placemark>
    <Placemark>
      <name>3903-PV</name>
      <description>RE McKenzie 4 LLC (5.0 MW)</description>
      <styleUrl>#PV-2</styleUrl>
      <Point><coordinates>-121.295819,38.302594,0</coordinates></Point>
    </Placemark>
    <Placemark>
      <name>3903-PV</name>
      <description>RE McKenzie 5 LLC (5.0 MW)</description>
      <styleUrl>#PV-2</styleUrl>
      <Point><coordinates>-121.295819,38.302594,0</coordinates></Point>
    </Placemark>
    <Placemark>
      <name>3903-PV</name>
      <description>RE McKenzie 6 LLC (5.0 MW)</description>
      <styleUrl>#PV-2</styleUrl>
      <Point><coordinates>-121.295819,38.302594,0</coordinates></Point>
    </Placemark>
    <Placemark>
      <name>3403-PV</name>
      <description>RE Mustang LLC (175.0 MW)</description>
      <styleUrl>#PV-2</styleUrl>
      <Point><coordinates>-119.903056,36.221667,0</coordinates></Point>
    </Placemark>
    <Placemark>
      <name>3803-PV</name>
      <description>RE Old River One, LLC (20.0 MW)</description>
      <styleUrl>#PV-2</styleUrl>
      <Point><coordinates>-119.088889,35.223333,0</coordinates></Point>
    </Placemark>
    <Placemark>
      <name>2404-PV</name>
      <description>RE Rio Grande Solar LLC (5.0 MW)</description>
      <styleUrl>#PV-2</styleUrl>
      <Point><coordinates>-118.16451,35.00745,0</coordinates></Point>
    </Placemark>
    <Placemark>
      <name>2404-PV</name>
      <description>RE Rosamond One LLC (20.0 MW)</description>
      <styleUrl>#PV-2</styleUrl>
      <Point><coordinates>-118.246944,34.9,0</coordinates></Point>
    </Placemark>
    <Placemark>
      <name>2404-PV</name>
      <description>RE Rosamond Two LLC (20.0 MW)</description>
      <styleUrl>#PV-2</styleUrl>
      <Point><coordinates>-118.238333,34.900278,0</coordinates></Point>
    </Placemark>
    <Placemark>
      <name>3403-PV</name>
      <description>RE Tranquillity (277.3 MW)</description>
      <styleUrl>#PV-2</styleUrl>
      <Point><coordinates>-120.40447,36.581365,0</coordinates></Point>
    </Placemark>
    <Placemark>
      <name>2401-PV</name>
      <description>RE Victor Phelan Solar One LLC (20.0 MW)</description>
      <styleUrl>#PV-2</styleUrl>
      <Point><coordinates>-117.47753,34.51231,0</coordinates></Point>
    </Placemark>
    <Placemark>
      <name>3803-PV</name>
      <description>Redcrest Solar Farm (16.6 MW)</description>
      <styleUrl>#PV-2</styleUrl>
      <Point><coordinates>-118.812778,35.321944,0</coordinates></Point>
    </Placemark>
    <Placemark>
      <name>3803-PV</name>
      <description>Redwood 4 Solar Farm (20.0 MW)</description>
      <styleUrl>#PV-2</styleUrl>
      <Point><coordinates>-118.81192,35.314198,0</coordinates></Point>
    </Placemark>
    <Placemark>
      <name>4001-PV</name>
      <description>Redwood Coast Airport Microgrid (4.4 MW)</description>
      <styleUrl>#PV-2</styleUrl>
      <Point><coordinates>-124.104444,40.967222,0</coordinates></Point>
    </Placemark>
    <Placemark>
      <name>3403-PV</name>
      <description>Reedley Community College Solar (2.6 MW)</description>
      <styleUrl>#PV-2</styleUrl>
      <Point><coordinates>-119.4577,36.60563,0</coordinates></Point>
    </Placemark>
    <Placemark>
      <name>3803-PV</name>
      <description>Regulus Solar Project (60.0 MW)</description>
      <styleUrl>#PV-2</styleUrl>
      <Point><coordinates>-118.851944,35.3,0</coordinates></Point>
    </Placemark>
    <Placemark>
      <name>3903-PV</name>
      <description>Renew Solar ABC Sacramento LLC (1.7 MW)</description>
      <styleUrl>#PV-2</styleUrl>
      <Point><coordinates>-121.29319,38.39945,0</coordinates></Point>
    </Placemark>
    <Placemark>
      <name>3403-PV</name>
      <description>RE-VFO LLC (1.0 MW)</description>
      <styleUrl>#PV-2</styleUrl>
      <Point><coordinates>-119.400823,36.353675,0</coordinates></Point>
    </Placemark>
    <Placemark>
      <name>2402-PV</name>
      <description>Rialto - High School (0.9 MW)</description>
      <styleUrl>#PV-2</styleUrl>
      <Point><coordinates>-117.355604,34.090318,0</coordinates></Point>
    </Placemark>
    <Placemark>
      <name>3803-PV</name>
      <description>Rio Bravo Solar 1 LLC (20.0 MW)</description>
      <styleUrl>#PV-2</styleUrl>
      <Point><coordinates>-119.6825,35.416111,0</coordinates></Point>
    </Placemark>
    <Placemark>
      <name>3803-PV</name>
      <description>Rio Bravo Solar II LLC (20.0 MW)</description>
      <styleUrl>#PV-2</styleUrl>
      <Point><coordinates>-119.629167,35.4225,0</coordinates></Point>
    </Placemark>
    <Placemark>
      <name>3903-PV</name>
      <description>Robert O Schulz Solar Farm (1.3 MW)</description>
      <styleUrl>#PV-2</styleUrl>
      <Point><coordinates>-120.8917,37.8583,0</coordinates></Point>
    </Placemark>
    <Placemark>
      <name>2404-PV</name>
      <description>Rodeo Solar C2 (1.5 MW)</description>
      <styleUrl>#PV-2</styleUrl>
      <Point><coordinates>-118.289444,34.713333,0</coordinates></Point>
    </Placemark>
    <Placemark>
      <name>2404-PV</name>
      <description>Rodeo Solar D2 (1.5 MW)</description>
      <styleUrl>#PV-2</styleUrl>
      <Point><coordinates>-118.289444,34.713333,0</coordinates></Point>
    </Placemark>
    <Placemark>
      <name>2401-PV</name>
      <description>RPUWD Scheuer Well Solar Project (3.0 MW)</description>
      <styleUrl>#PV-2</styleUrl>
      <Point><coordinates>-117.27326,34.11193,0</coordinates></Point>
    </Placemark>
    <Placemark>
      <name>2401-PV</name>
      <description>Rudy Solar, LLC (1.5 MW)</description>
      <styleUrl>#PV-2</styleUrl>
      <Point><coordinates>-117.323611,34.766389,0</coordinates></Point>
    </Placemark>
    <Placemark>
      <name>2404-PV</name>
      <description>Rutan (4.0 MW)</description>
      <styleUrl>#PV-2</styleUrl>
      <Point><coordinates>-118.163056,34.643889,0</coordinates></Point>
    </Placemark>
    <Placemark>
      <name>3903-PV</name>
      <description>Sacramento (SMUD) (1.5 MW)</description>
      <styleUrl>#PV-2</styleUrl>
      <Point><coordinates>-121.457778,38.587222,0</coordinates></Point>
    </Placemark>
    <Placemark>
      <name>3903-PV</name>
      <description>Sacramento Fairbain Water Treatment Plant (1.0 MW)</description>
      <styleUrl>#PV-2</styleUrl>
      <Point><coordinates>-121.416791,38.554802,0</coordinates></Point>
    </Placemark>
    <Placemark>
      <name>3903-PV</name>
      <description>Sacramento Point West Medical Offices (1.3 MW)</description>
      <styleUrl>#PV-2</styleUrl>
      <Point><coordinates>-121.428022,38.596314,0</coordinates></Point>
    </Placemark>
    <Placemark>
      <name>3903-PV</name>
      <description>Sacramento Regional County Sanitation PV (3.5 MW)</description>
      <styleUrl>#PV-2</styleUrl>
      <Point><coordinates>-121.46369,38.448604,0</coordinates></Point>
    </Placemark>
    <Placemark>
      <name>3903-PV</name>
      <description>Sacramento Soleil LLC (1.0 MW)</description>
      <styleUrl>#PV-2</styleUrl>
      <Point><coordinates>-121.16469,38.44979,0</coordinates></Point>
    </Placemark>
    <Placemark>
      <name>2402-PV</name>
      <description>San Antonio West Solar Rooftop (1.5 MW)</description>
      <styleUrl>#PV-2</styleUrl>
      <Point><coordinates>-117.659059,33.965617,0</coordinates></Point>
    </Placemark>
    <Placemark>
      <name>2503-PV</name>
      <description>San Diego - EMDF at San Diego (2.9 MW)</description>
      <styleUrl>#PV-2</styleUrl>
      <Point><coordinates>-116.91949,32.590258,0</coordinates></Point>
    </Placemark>
    <Placemark>
      <name>2503-PV</name>
      <description>San Diego - NCRC at Vista (1.8 MW)</description>
      <styleUrl>#PV-2</styleUrl>
      <Point><coordinates>-117.255584,33.190283,0</coordinates></Point>
    </Placemark>
    <Placemark>
      <name>3403-PV</name>
      <description>San Joaquin Solar (21.3 MW)</description>
      <styleUrl>#PV-2</styleUrl>
      <Point><coordinates>-120.149,36.527,0</coordinates></Point>
    </Placemark>
    <Placemark>
      <name>2404-PV</name>
      <description>San Pablo Raceway (100.0 MW)</description>
      <styleUrl>#PV-2</styleUrl>
      <Point><coordinates>-118.280345,34.723748,0</coordinates></Point>
    </Placemark>
    <Placemark>
      <name>3403-PV</name>
      <description>Sand Drag LLC (19.0 MW)</description>
      <styleUrl>#PV-2</styleUrl>
      <Point><coordinates>-120.110277,35.982778,0</coordinates></Point>
    </Placemark>
    <Placemark>
      <name>2408-PV</name>
      <description>Santa Fe Springs Rooftop Solar BLDG H (1.5 MW)</description>
      <styleUrl>#PV-2</styleUrl>
      <Point><coordinates>-118.044444,33.910833,0</coordinates></Point>
    </Placemark>
    <Placemark>
      <name>2408-PV</name>
      <description>Santa Fe Springs Rooftop Solar BLDG M (1.8 MW)</description>
      <styleUrl>#PV-2</styleUrl>
      <Point><coordinates>-118.044444,33.910833,0</coordinates></Point>
    </Placemark>
    <Placemark>
      <name>3903-PV</name>
      <description>Santa Rosa Junior College Petaluma Solar (1.2 MW)</description>
      <styleUrl>#PV-2</styleUrl>
      <Point><coordinates>-122.72188,38.46905,0</coordinates></Point>
    </Placemark>
    <Placemark>
      <name>3403-PV</name>
      <description>SCCCD - Clovis Community College (1.2 MW)</description>
      <styleUrl>#PV-2</styleUrl>
      <Point><coordinates>-119.731899,36.885463,0</coordinates></Point>
    </Placemark>
    <Placemark>
      <name>3403-PV</name>
      <description>SCCCD - Fresno Community College (2.2 MW)</description>
      <styleUrl>#PV-2</styleUrl>
      <Point><coordinates>-119.79858,36.76655,0</coordinates></Point>
    </Placemark>
    <Placemark>
      <name>3903-PV</name>
      <description>SCDA Solar 1 (7.0 MW)</description>
      <styleUrl>#PV-2</styleUrl>
      <Point><coordinates>-121.586514,38.690186,0</coordinates></Point>
    </Placemark>
    <Placemark>
      <name>2401-PV</name>
      <description>SCE-Snowline-Duncan Road (North) (1.5 MW)</description>
      <styleUrl>#PV-2</styleUrl>
      <Point><coordinates>-117.562778,34.473889,0</coordinates></Point>
    </Placemark>
    <Placemark>
      <name>2401-PV</name>
      <description>SCE-Snowline-Duncan Road (South) (1.0 MW)</description>
      <styleUrl>#PV-2</styleUrl>
      <Point><coordinates>-117.562222,34.471389,0</coordinates></Point>
    </Placemark>
    <Placemark>
      <name>2401-PV</name>
      <description>SCE-Snowline-White Rd (Central) (1.5 MW)</description>
      <styleUrl>#PV-2</styleUrl>
      <Point><coordinates>-117.47,34.415278,0</coordinates></Point>
    </Placemark>
    <Placemark>
      <name>2401-PV</name>
      <description>SCE-Snowline-White Road (North) (1.5 MW)</description>
      <styleUrl>#PV-2</styleUrl>
      <Point><coordinates>-117.469722,34.4175,0</coordinates></Point>
    </Placemark>
    <Placemark>
      <name>2401-PV</name>
      <description>SCE-Snowline-White Road (South) (1.5 MW)</description>
      <styleUrl>#PV-2</styleUrl>
      <Point><coordinates>-117.470833,34.413056,0</coordinates></Point>
    </Placemark>
    <Placemark>
      <name>2503-PV</name>
      <description>SDCCD - Miramar (1.0 MW)</description>
      <styleUrl>#PV-2</styleUrl>
      <Point><coordinates>-117.121389,32.906111,0</coordinates></Point>
    </Placemark>
    <Placemark>
      <name>2503-PV</name>
      <description>SDCWA - Twin Oaks (1.0 MW)</description>
      <styleUrl>#PV-2</styleUrl>
      <Point><coordinates>-117.170556,33.21,0</coordinates></Point>
    </Placemark>
    <Placemark>
      <name>2100-PV</name>
      <description>SE Athos II, LLC (200.0 MW)</description>
      <styleUrl>#PV-2</styleUrl>
      <Point><coordinates>-115.35499,33.751283,0</coordinates></Point>
    </Placemark>
    <Placemark>
      <name>3403-PV</name>
      <description>Sealed Air Madera Solar Project (3.8 MW)</description>
      <styleUrl>#PV-2</styleUrl>
      <Point><coordinates>-120.056016,36.945582,0</coordinates></Point>
    </Placemark>
    <Placemark>
      <name>2503-PV</name>
      <description>SeaWorld Aquatica (1.1 MW)</description>
      <styleUrl>#PV-2</styleUrl>
      <Point><coordinates>-117.004884,32.586536,0</coordinates></Point>
    </Placemark>
    <Placemark>
      <name>2404-PV</name>
      <description>SEPV 1 (2.0 MW)</description>
      <styleUrl>#PV-2</styleUrl>
      <Point><coordinates>-117.939444,34.618861,0</coordinates></Point>
    </Placemark>
    <Placemark>
      <name>2404-PV</name>
      <description>SEPV 18 (2.0 MW)</description>
      <styleUrl>#PV-2</styleUrl>
      <Point><coordinates>-117.93439,34.613602,0</coordinates></Point>
    </Placemark>
    <Placemark>
      <name>2401-PV</name>
      <description>SEPV 2 (2.0 MW)</description>
      <styleUrl>#PV-2</styleUrl>
      <Point><coordinates>-116.152778,34.174167,0</coordinates></Point>
    </Placemark>
    <Placemark>
      <name>2401-PV</name>
      <description>SEPV 8 (12.0 MW)</description>
      <styleUrl>#PV-2</styleUrl>
      <Point><coordinates>-116.1525,34.171944,0</coordinates></Point>
    </Placemark>
    <Placemark>
      <name>2301-PV</name>
      <description>SEPV Imperial Dixieland East (2.0 MW)</description>
      <styleUrl>#PV-2</styleUrl>
      <Point><coordinates>-115.773448,32.792038,0</coordinates></Point>
    </Placemark>
    <Placemark>
      <name>2301-PV</name>
      <description>SEPV Imperial Dixieland West (3.0 MW)</description>
      <styleUrl>#PV-2</styleUrl>
      <Point><coordinates>-115.779317,32.79411,0</coordinates></Point>
    </Placemark>
    <Placemark>
      <name>2404-PV</name>
      <description>SEPV Mojave West (20.0 MW)</description>
      <styleUrl>#PV-2</styleUrl>
      <Point><coordinates>-118.282694,35.022903,0</coordinates></Point>
    </Placemark>
    <Placemark>
      <name>2404-PV</name>
      <description>SEPV Palmdale East (10.0 MW)</description>
      <styleUrl>#PV-2</styleUrl>
      <Point><coordinates>-117.938889,34.613056,0</coordinates></Point>
    </Placemark>
    <Placemark>
      <name>2404-PV</name>
      <description>SEPV Sierra (11.3 MW)</description>
      <styleUrl>#PV-2</styleUrl>
      <Point><coordinates>-118.138525,34.733011,0</coordinates></Point>
    </Placemark>
    <Placemark>
      <name>2401-PV</name>
      <description>SEPV9 Power Plant (9.0 MW)</description>
      <styleUrl>#PV-2</styleUrl>
      <Point><coordinates>-116.090278,34.192222,0</coordinates></Point>
    </Placemark>
    <Placemark>
      <name>2301-PV</name>
      <description>Seville 1 (20.0 MW)</description>
      <styleUrl>#PV-2</styleUrl>
      <Point><coordinates>-116.0139,33.1125,0</coordinates></Point>
    </Placemark>
    <Placemark>
      <name>2301-PV</name>
      <description>Seville 2 (30.0 MW)</description>
      <styleUrl>#PV-2</styleUrl>
      <Point><coordinates>-116.0059,33.1101,0</coordinates></Point>
    </Placemark>
    <Placemark>
      <name>3903-PV</name>
      <description>SFDK Solar (6.3 MW)</description>
      <styleUrl>#PV-2</styleUrl>
      <Point><coordinates>-122.231965,38.132245,0</coordinates></Point>
    </Placemark>
    <Placemark>
      <name>3803-PV</name>
      <description>Shafter Solar LLC (20.0 MW)</description>
      <styleUrl>#PV-2</styleUrl>
      <Point><coordinates>-119.127778,35.393333,0</coordinates></Point>
    </Placemark>
    <Placemark>
      <name>4001-PV</name>
      <description>Shasta Solar Farm (3.0 MW)</description>
      <styleUrl>#PV-2</styleUrl>
      <Point><coordinates>-121.4225,41.031389,0</coordinates></Point>
    </Placemark>
    <Placemark>
      <name>3903-PV</name>
      <description>Shelter Creek Condominiums Solar (2.5 MW)</description>
      <styleUrl>#PV-2</styleUrl>
      <Point><coordinates>-122.4289,37.61909,0</coordinates></Point>
    </Placemark>
    <Placemark>
      <name>3903-PV</name>
      <description>Sierra Pacific Chinese Camp (3.6 MW)</description>
      <styleUrl>#PV-2</styleUrl>
      <Point><coordinates>-120.454433,37.883393,0</coordinates></Point>
    </Placemark>
    <Placemark>
      <name>4001-PV</name>
      <description>Sierra Pacific Industries (2042-RD) (8.4 MW)</description>
      <styleUrl>#PV-2</styleUrl>
      <Point><coordinates>-122.191944,40.121389,0</coordinates></Point>
    </Placemark>
    <Placemark>
      <name>2404-PV</name>
      <description>Sierra Solar Greenworks (20.0 MW)</description>
      <styleUrl>#PV-2</styleUrl>
      <Point><coordinates>-118.334167,34.703611,0</coordinates></Point>
    </Placemark>
    <Placemark>
      <name>3903-PV</name>
      <description>Silveira Ranch Road Solar (3.0 MW)</description>
      <styleUrl>#PV-2</styleUrl>
      <Point><coordinates>-122.56565,38.153474,0</coordinates></Point>
    </Placemark>
    <Placemark>
      <name>3403-PV</name>
      <description>Slate Hybrid (440.3 MW)</description>
      <styleUrl>#PV-2</styleUrl>
      <Point><coordinates>-119.8948,36.226955,0</coordinates></Point>
    </Placemark>
    <Placemark>
      <name>3903-PV</name>
      <description>SMUD at Fleshman (2.9 MW)</description>
      <styleUrl>#PV-2</styleUrl>
      <Point><coordinates>-121.3375,38.237778,0</coordinates></Point>
    </Placemark>
    <Placemark>
      <name>3903-PV</name>
      <description>SMUD at Grundman (17.0 MW)</description>
      <styleUrl>#PV-2</styleUrl>
      <Point><coordinates>-121.41278,38.364722,0</coordinates></Point>
    </Placemark>
    <Placemark>
      <name>3903-PV</name>
      <description>SMUD at Lawrence (1.0 MW)</description>
      <styleUrl>#PV-2</styleUrl>
      <Point><coordinates>-121.431342,38.338868,0</coordinates></Point>
    </Placemark>
    <Placemark>
      <name>3903-PV</name>
      <description>SMUD at Van Conett (2.9 MW)</description>
      <styleUrl>#PV-2</styleUrl>
      <Point><coordinates>-121.278888,38.253056,0</coordinates></Point>
    </Placemark>
    <Placemark>
      <name>2402-PV</name>
      <description>Soboba Community Solar Project (2.0 MW)</description>
      <styleUrl>#PV-2</styleUrl>
      <Point><coordinates>-116.905874,33.767061,0</coordinates></Point>
    </Placemark>
    <Placemark>
      <name>2301-PV</name>
      <description>Sol Orchard El Centro PV (20.0 MW)</description>
      <styleUrl>#PV-2</styleUrl>
      <Point><coordinates>-115.546389,32.803333,0</coordinates></Point>
    </Placemark>
    <Placemark>
      <name>2100-PV</name>
      <description>Solar Blythe 2 (20.0 MW)</description>
      <styleUrl>#PV-2</styleUrl>
      <Point><coordinates>-114.696182,33.618678,0</coordinates></Point>
    </Placemark>
    <Placemark>
      <name>2100-PV</name>
      <description>Solar Blythe LLC (21.0 MW)</description>
      <styleUrl>#PV-2</styleUrl>
      <Point><coordinates>-114.7444,33.5917,0</coordinates></Point>
    </Placemark>
    <Placemark>
      <name>2301-PV</name>
      <description>Solar Borrego I (26.0 MW)</description>
      <styleUrl>#PV-2</styleUrl>
      <Point><coordinates>-116.35083,33.298889,0</coordinates></Point>
    </Placemark>
    <Placemark>
      <name>2100-PV</name>
      <description>Solar Gen 2 Solar Facility (163.2 MW)</description>
      <styleUrl>#PV-2</styleUrl>
      <Point><coordinates>-115.47,33.08,0</coordinates></Point>
    </Placemark>
    <Placemark>
      <name>2404-PV</name>
      <description>Solar Oasis LLC (20.0 MW)</description>
      <styleUrl>#PV-2</styleUrl>
      <Point><coordinates>-118.076667,34.648889,0</coordinates></Point>
    </Placemark>
    <Placemark>
      <name>2402-PV</name>
      <description>Solar Photovoltaic Project #02 (1.0 MW)</description>
      <styleUrl>#PV-2</styleUrl>
      <Point><coordinates>-117.700826,33.985244,0</coordinates></Point>
    </Placemark>
    <Placemark>
      <name>2402-PV</name>
      <description>Solar Photovoltaic Project #03 (1.0 MW)</description>
      <styleUrl>#PV-2</styleUrl>
      <Point><coordinates>-117.400113,34.094279,0</coordinates></Point>
    </Placemark>
    <Placemark>
      <name>2401-PV</name>
      <description>Solar Photovoltaic Project #05 (2.5 MW)</description>
      <styleUrl>#PV-2</styleUrl>
      <Point><coordinates>-117.230571,34.086276,0</coordinates></Point>
    </Placemark>
    <Placemark>
      <name>2402-PV</name>
      <description>Solar Photovoltaic Project #06 (2.0 MW)</description>
      <styleUrl>#PV-2</styleUrl>
      <Point><coordinates>-117.573055,34.041389,0</coordinates></Point>
    </Placemark>
    <Placemark>
      <name>2401-PV</name>
      <description>Solar Photovoltaic Project #07 (2.5 MW)</description>
      <styleUrl>#PV-2</styleUrl>
      <Point><coordinates>-117.2275,34.086111,0</coordinates></Point>
    </Placemark>
    <Placemark>
      <name>2402-PV</name>
      <description>Solar Photovoltaic Project #08 (2.0 MW)</description>
      <styleUrl>#PV-2</styleUrl>
      <Point><coordinates>-117.565,34.041944,0</coordinates></Point>
    </Placemark>
    <Placemark>
      <name>2402-PV</name>
      <description>Solar Photovoltaic Project #09 (1.0 MW)</description>
      <styleUrl>#PV-2</styleUrl>
      <Point><coordinates>-117.571666,34.042778,0</coordinates></Point>
    </Placemark>
    <Placemark>
      <name>2402-PV</name>
      <description>Solar Photovoltaic Project #10 (1.5 MW)</description>
      <styleUrl>#PV-2</styleUrl>
      <Point><coordinates>-117.516944,34.075,0</coordinates></Point>
    </Placemark>
    <Placemark>
      <name>2401-PV</name>
      <description>Solar Photovoltaic Project #11 (3.5 MW)</description>
      <styleUrl>#PV-2</styleUrl>
      <Point><coordinates>-117.241388,34.075833,0</coordinates></Point>
    </Placemark>
    <Placemark>
      <name>2402-PV</name>
      <description>Solar Photovoltaic Project #12 (0.5 MW)</description>
      <styleUrl>#PV-2</styleUrl>
      <Point><coordinates>-117.561666,34.042222,0</coordinates></Point>
    </Placemark>
    <Placemark>
      <name>2401-PV</name>
      <description>Solar Photovoltaic Project #13 (3.5 MW)</description>
      <styleUrl>#PV-2</styleUrl>
      <Point><coordinates>-117.23557,34.083499,0</coordinates></Point>
    </Placemark>
    <Placemark>
      <name>2402-PV</name>
      <description>Solar Photovoltaic Project #15 (3.5 MW)</description>
      <styleUrl>#PV-2</styleUrl>
      <Point><coordinates>-117.516666,34.079167,0</coordinates></Point>
    </Placemark>
    <Placemark>
      <name>2401-PV</name>
      <description>Solar Photovoltaic Project #16 (1.5 MW)</description>
      <styleUrl>#PV-2</styleUrl>
      <Point><coordinates>-117.233611,34.085556,0</coordinates></Point>
    </Placemark>
    <Placemark>
      <name>2402-PV</name>
      <description>Solar Photovoltaic Project #17 (3.5 MW)</description>
      <styleUrl>#PV-2</styleUrl>
      <Point><coordinates>-117.503333,34.072778,0</coordinates></Point>
    </Placemark>
    <Placemark>
      <name>2402-PV</name>
      <description>Solar Photovoltaic Project #18 (1.5 MW)</description>
      <styleUrl>#PV-2</styleUrl>
      <Point><coordinates>-117.516388,34.083333,0</coordinates></Point>
    </Placemark>
    <Placemark>
      <name>2401-PV</name>
      <description>Solar Photovoltaic Project #22 (2.0 MW)</description>
      <styleUrl>#PV-2</styleUrl>
      <Point><coordinates>-117.2114,34.08,0</coordinates></Point>
    </Placemark>
    <Placemark>
      <name>2402-PV</name>
      <description>Solar Photovoltaic Project #23 (2.5 MW)</description>
      <styleUrl>#PV-2</styleUrl>
      <Point><coordinates>-117.520277,34.080833,0</coordinates></Point>
    </Placemark>
    <Placemark>
      <name>2402-PV</name>
      <description>Solar Photovoltaic Project #26 (6.0 MW)</description>
      <styleUrl>#PV-2</styleUrl>
      <Point><coordinates>-117.425324,34.131214,0</coordinates></Point>
    </Placemark>
    <Placemark>
      <name>2402-PV</name>
      <description>Solar Photovoltaic Project #27 (2.0 MW)</description>
      <styleUrl>#PV-2</styleUrl>
      <Point><coordinates>-117.421666,34.131111,0</coordinates></Point>
    </Placemark>
    <Placemark>
      <name>2401-PV</name>
      <description>Solar Photovoltaic Project #28 (3.5 MW)</description>
      <styleUrl>#PV-2</styleUrl>
      <Point><coordinates>-117.274166,34.094167,0</coordinates></Point>
    </Placemark>
    <Placemark>
      <name>2402-PV</name>
      <description>Solar Photovoltaic Project #32 (1.5 MW)</description>
      <styleUrl>#PV-2</styleUrl>
      <Point><coordinates>-117.571944,34.031667,0</coordinates></Point>
    </Placemark>
    <Placemark>
      <name>2402-PV</name>
      <description>Solar Photovoltaic Project #33 (1.0 MW)</description>
      <styleUrl>#PV-2</styleUrl>
      <Point><coordinates>-117.569166,34.0325,0</coordinates></Point>
    </Placemark>
    <Placemark>
      <name>3803-PV</name>
      <description>Solar Photovoltaic Project #42 (5.0 MW)</description>
      <styleUrl>#PV-2</styleUrl>
      <Point><coordinates>-119.074722,36.028056,0</coordinates></Point>
    </Placemark>
    <Placemark>
      <name>2401-PV</name>
      <description>Solar Photovoltaic Project #48 (5.0 MW)</description>
      <styleUrl>#PV-2</styleUrl>
      <Point><coordinates>-117.228056,34.081111,0</coordinates></Point>
    </Placemark>
    <Placemark>
      <name>2404-PV</name>
      <description>Solar Star 1 (318.0 MW)</description>
      <styleUrl>#PV-2</styleUrl>
      <Point><coordinates>-118.4036,34.8181,0</coordinates></Point>
    </Placemark>
    <Placemark>
      <name>2404-PV</name>
      <description>Solar Star 2 (279.0 MW)</description>
      <styleUrl>#PV-2</styleUrl>
      <Point><coordinates>-118.352778,34.848611,0</coordinates></Point>
    </Placemark>
    <Placemark>
      <name>3903-PV</name>
      <description>Solar Star California II LLC (2.0 MW)</description>
      <styleUrl>#PV-2</styleUrl>
      <Point><coordinates>-121.47528,38.516389,0</coordinates></Point>
    </Placemark>
    <Placemark>
      <name>2404-PV</name>
      <description>Solar Star California, XLI, LLC (54.0 MW)</description>
      <styleUrl>#PV-2</styleUrl>
      <Point><coordinates>-118.386843,34.839012,0</coordinates></Point>
    </Placemark>
    <Placemark>
      <name>2404-PV</name>
      <description>Solar Star California, XLIV, LLC (9.5 MW)</description>
      <styleUrl>#PV-2</styleUrl>
      <Point><coordinates>-117.922819,34.511889,0</coordinates></Point>
    </Placemark>
    <Placemark>
      <name>3903-PV</name>
      <description>Solar Star Palo Alto I, LLC (1.3 MW)</description>
      <styleUrl>#PV-2</styleUrl>
      <Point><coordinates>-122.148864,37.411011,0</coordinates></Point>
    </Placemark>
    <Placemark>
      <name>2404-PV</name>
      <description>Solverde 1 (85.0 MW)</description>
      <styleUrl>#PV-2</styleUrl>
      <Point><coordinates>-118.298166,34.655694,0</coordinates></Point>
    </Placemark>
    <Placemark>
      <name>3903-PV</name>
      <description>Sonora 1 (1.5 MW)</description>
      <styleUrl>#PV-2</styleUrl>
      <Point><coordinates>-120.528723,37.889753,0</coordinates></Point>
    </Placemark>
    <Placemark>
      <name>3903-PV</name>
      <description>Soscol Ferry Solar (2.0 MW)</description>
      <styleUrl>#PV-2</styleUrl>
      <Point><coordinates>-122.275184,38.237422,0</coordinates></Point>
    </Placemark>
    <Placemark>
      <name>2404-PV</name>
      <description>Springbok 3 Solar Farm Hybrid (91.5 MW)</description>
      <styleUrl>#PV-2</styleUrl>
      <Point><coordinates>-118.001652,35.171153,0</coordinates></Point>
    </Placemark>
    <Placemark>
      <name>2404-PV</name>
      <description>Springbok Solar Farm 1 (105.0 MW)</description>
      <styleUrl>#PV-2</styleUrl>
      <Point><coordinates>-117.955278,35.249167,0</coordinates></Point>
    </Placemark>
    <Placemark>
      <name>2404-PV</name>
      <description>Springbok Solar Farm 2 (155.0 MW)</description>
      <styleUrl>#PV-2</styleUrl>
      <Point><coordinates>-117.976847,35.250031,0</coordinates></Point>
    </Placemark>
    <Placemark>
      <name>2402-PV</name>
      <description>SSI West Riverside Landfill LLC (2.5 MW)</description>
      <styleUrl>#PV-2</styleUrl>
      <Point><coordinates>-117.375494,33.980601,0</coordinates></Point>
    </Placemark>
    <Placemark>
      <name>3903-PV</name>
      <description>Stage Gulch Solar (1.0 MW)</description>
      <styleUrl>#PV-2</styleUrl>
      <Point><coordinates>-122.542866,38.216841,0</coordinates></Point>
    </Placemark>
    <Placemark>
      <name>3903-PV</name>
      <description>Stanford Campus Solar (3.4 MW)</description>
      <styleUrl>#PV-2</styleUrl>
      <Point><coordinates>-122.16077,37.43434,0</coordinates></Point>
    </Placemark>
    <Placemark>
      <name>2408-PV</name>
      <description>Staples La Mirada, CA (1.1 MW)</description>
      <styleUrl>#PV-2</styleUrl>
      <Point><coordinates>-118.0175,33.881667,0</coordinates></Point>
    </Placemark>
    <Placemark>
      <name>1302-PV</name>
      <description>Stateline Solar (299.5 MW)</description>
      <styleUrl>#PV-2</styleUrl>
      <Point><coordinates>-115.4,35.6,0</coordinates></Point>
    </Placemark>
    <Placemark>
      <name>3803-PV</name>
      <description>Stenner Creek Solar (4.5 MW)</description>
      <styleUrl>#PV-2</styleUrl>
      <Point><coordinates>-120.691,35.32,0</coordinates></Point>
    </Placemark>
    <Placemark>
      <name>3903-PV</name>
      <description>Strata Roof 1 (1.0 MW)</description>
      <styleUrl>#PV-2</styleUrl>
      <Point><coordinates>-121.505506,38.643527,0</coordinates></Point>
    </Placemark>
    <Placemark>
      <name>3403-PV</name>
      <description>Stroud Solar Station (20.0 MW)</description>
      <styleUrl>#PV-2</styleUrl>
      <Point><coordinates>-120.106944,36.531389,0</coordinates></Point>
    </Placemark>
    <Placemark>
      <name>2404-PV</name>
      <description>Summer North Solar (6.5 MW)</description>
      <styleUrl>#PV-2</styleUrl>
      <Point><coordinates>-118.289722,34.723056,0</coordinates></Point>
    </Placemark>
    <Placemark>
      <name>2404-PV</name>
      <description>Summer Solar A2 (1.5 MW)</description>
      <styleUrl>#PV-2</styleUrl>
      <Point><coordinates>-118.289722,34.723056,0</coordinates></Point>
    </Placemark>
    <Placemark>
      <name>2404-PV</name>
      <description>Summer Solar B2 (1.5 MW)</description>
      <styleUrl>#PV-2</styleUrl>
      <Point><coordinates>-118.289722,34.723056,0</coordinates></Point>
    </Placemark>
    <Placemark>
      <name>2404-PV</name>
      <description>Summer Solar C2 (1.5 MW)</description>
      <styleUrl>#PV-2</styleUrl>
      <Point><coordinates>-118.289722,34.723056,0</coordinates></Point>
    </Placemark>
    <Placemark>
      <name>2404-PV</name>
      <description>Summer Solar D2 (1.0 MW)</description>
      <styleUrl>#PV-2</styleUrl>
      <Point><coordinates>-118.289722,34.723056,0</coordinates></Point>
    </Placemark>
    <Placemark>
      <name>2404-PV</name>
      <description>Summer Solar LLC (20.0 MW)</description>
      <styleUrl>#PV-2</styleUrl>
      <Point><coordinates>-118.311006,34.714703,0</coordinates></Point>
    </Placemark>
    <Placemark>
      <name>3403-PV</name>
      <description>Sun City Project LLC (20.0 MW)</description>
      <styleUrl>#PV-2</styleUrl>
      <Point><coordinates>-120.110277,35.983056,0</coordinates></Point>
    </Placemark>
    <Placemark>
      <name>3902-PV</name>
      <description>Sun Harvest Solar NDP1 (1.5 MW)</description>
      <styleUrl>#PV-2</styleUrl>
      <Point><coordinates>-120.653625,37.05758,0</coordinates></Point>
    </Placemark>
    <Placemark>
      <name>2503-PV</name>
      <description>SunAnza (3.4 MW)</description>
      <styleUrl>#PV-2</styleUrl>
      <Point><coordinates>-116.639647,33.555267,0</coordinates></Point>
    </Placemark>
    <Placemark>
      <name>2402-PV</name>
      <description>SunE- E Philadelphia Ontario (1.0 MW)</description>
      <styleUrl>#PV-2</styleUrl>
      <Point><coordinates>-117.5341,34.03527,0</coordinates></Point>
    </Placemark>
    <Placemark>
      <name>2402-PV</name>
      <description>SunE Rochester (1.0 MW)</description>
      <styleUrl>#PV-2</styleUrl>
      <Point><coordinates>-117.544529,34.097728,0</coordinates></Point>
    </Placemark>
    <Placemark>
      <name>3903-PV</name>
      <description>SunEdison Anheuser Busch Fairfield (1.0 MW)</description>
      <styleUrl>#PV-2</styleUrl>
      <Point><coordinates>-122.092706,38.232108,0</coordinates></Point>
    </Placemark>
    <Placemark>
      <name>2100-PV</name>
      <description>SunEdison Ironwood State Prison (1.0 MW)</description>
      <styleUrl>#PV-2</styleUrl>
      <Point><coordinates>-114.917979,33.567268,0</coordinates></Point>
    </Placemark>
    <Placemark>
      <name>2611-PV</name>
      <description>SunEdison Procter &amp; Gamble Oxnard (1.0 MW)</description>
      <styleUrl>#PV-2</styleUrl>
      <Point><coordinates>-119.13,34.2089,0</coordinates></Point>
    </Placemark>
    <Placemark>
      <name>2402-PV</name>
      <description>SunEdison Walgreens Moreno Valley (1.0 MW)</description>
      <styleUrl>#PV-2</styleUrl>
      <Point><coordinates>-117.23,33.8672,0</coordinates></Point>
    </Placemark>
    <Placemark>
      <name>2401-PV</name>
      <description>SunEdison Walmart Apple Valley DC (1.0 MW)</description>
      <styleUrl>#PV-2</styleUrl>
      <Point><coordinates>-117.2,34.5975,0</coordinates></Point>
    </Placemark>
    <Placemark>
      <name>2401-PV</name>
      <description>Sunray 2 (20.0 MW)</description>
      <styleUrl>#PV-2</styleUrl>
      <Point><coordinates>-116.827627,34.863356,0</coordinates></Point>
    </Placemark>
    <Placemark>
      <name>2401-PV</name>
      <description>Sunray 3 (13.8 MW)</description>
      <styleUrl>#PV-2</styleUrl>
      <Point><coordinates>-116.827627,34.863356,0</coordinates></Point>
    </Placemark>
    <Placemark>
      <name>3903-PV</name>
      <description>Sunset Reservoir North Basin (4.5 MW)</description>
      <styleUrl>#PV-2</styleUrl>
      <Point><coordinates>-122.481758,37.750894,0</coordinates></Point>
    </Placemark>
    <Placemark>
      <name>2404-PV</name>
      <description>TA-Acacia, LLC (20.0 MW)</description>
      <styleUrl>#PV-2</styleUrl>
      <Point><coordinates>-118.324722,34.689167,0</coordinates></Point>
    </Placemark>
    <Placemark>
      <name>2404-PV</name>
      <description>TA-High Desert LLC (20.0 MW)</description>
      <styleUrl>#PV-2</styleUrl>
      <Point><coordinates>-118.304722,34.708889,0</coordinates></Point>
    </Placemark>
    <Placemark>
      <name>2402-PV</name>
      <description>Tahquitz High School (1.0 MW)</description>
      <styleUrl>#PV-2</styleUrl>
      <Point><coordinates>-117.0175,33.767222,0</coordinates></Point>
    </Placemark>
    <Placemark>
      <name>3903-PV</name>
      <description>Target Woodland Solar Project (2.3 MW)</description>
      <styleUrl>#PV-2</styleUrl>
      <Point><coordinates>-121.723451,38.682746,0</coordinates></Point>
    </Placemark>
    <Placemark>
      <name>2402-PV</name>
      <description>Temescal Canyon RV, LLC (1.5 MW)</description>
      <styleUrl>#PV-2</styleUrl>
      <Point><coordinates>-117.511667,33.826389,0</coordinates></Point>
    </Placemark>
    <Placemark>
      <name>2402-PV</name>
      <description>Tequesquite Landfill Solar PV Project (7.3 MW)</description>
      <styleUrl>#PV-2</styleUrl>
      <Point><coordinates>-117.38514,33.97819,0</coordinates></Point>
    </Placemark>
    <Placemark>
      <name>2402-PV</name>
      <description>Terra Francesco (1.5 MW)</description>
      <styleUrl>#PV-2</styleUrl>
      <Point><coordinates>-117.606667,34.039722,0</coordinates></Point>
    </Placemark>
    <Placemark>
      <name>2301-PV</name>
      <description>Titan Solar 1 (CA) (70.0 MW)</description>
      <styleUrl>#PV-2</styleUrl>
      <Point><coordinates>-115.911059,33.125786,0</coordinates></Point>
    </Placemark>
    <Placemark>
      <name>3803-PV</name>
      <description>Topaz Solar Farm (585.9 MW)</description>
      <styleUrl>#PV-2</styleUrl>
      <Point><coordinates>-120.068611,35.405556,0</coordinates></Point>
    </Placemark>
    <Placemark>
      <name>3403-PV</name>
      <description>Tranquillity ID (1.3 MW)</description>
      <styleUrl>#PV-2</styleUrl>
      <Point><coordinates>-120.24594,36.648026,0</coordinates></Point>
    </Placemark>
    <Placemark>
      <name>3803-PV</name>
      <description>Tropico Solar PV Plant (14.0 MW)</description>
      <styleUrl>#PV-2</styleUrl>
      <Point><coordinates>-119.056111,35.831944,0</coordinates></Point>
    </Placemark>
    <Placemark>
      <name>3403-PV</name>
      <description>Tulare 1 and 2 (3.0 MW)</description>
      <styleUrl>#PV-2</styleUrl>
      <Point><coordinates>-119.42,36.2,0</coordinates></Point>
    </Placemark>
    <Placemark>
      <name>3903-PV</name>
      <description>UC Davis South Campus (13.0 MW)</description>
      <styleUrl>#PV-2</styleUrl>
      <Point><coordinates>-121.75,38.55,0</coordinates></Point>
    </Placemark>
    <Placemark>
      <name>3403-PV</name>
      <description>UC Merced Solar Hybrid (5.0 MW)</description>
      <styleUrl>#PV-2</styleUrl>
      <Point><coordinates>-120.432228,37.365688,0</coordinates></Point>
    </Placemark>
    <Placemark>
      <name>2402-PV</name>
      <description>UC Riverside Lots 30 &amp; 32 (4.0 MW)</description>
      <styleUrl>#PV-2</styleUrl>
      <Point><coordinates>-117.33099,33.97036,0</coordinates></Point>
    </Placemark>
    <Placemark>
      <name>3902-PV</name>
      <description>UC Santa Cruz Solar (2.8 MW)</description>
      <styleUrl>#PV-2</styleUrl>
      <Point><coordinates>-122.0532,36.9911,0</coordinates></Point>
    </Placemark>
    <Placemark>
      <name>2503-PV</name>
      <description>Univ of California San Diego Solar (1.0 MW)</description>
      <styleUrl>#PV-2</styleUrl>
      <Point><coordinates>-117.238927,32.874379,0</coordinates></Point>
    </Placemark>
    <Placemark>
      <name>3903-PV</name>
      <description>University of the Pacific (5.5 MW)</description>
      <styleUrl>#PV-2</styleUrl>
      <Point><coordinates>-121.312418,37.980054,0</coordinates></Point>
    </Placemark>
    <Placemark>
      <name>3903-PV</name>
      <description>US GSA - Sacramento (1.1 MW)</description>
      <styleUrl>#PV-2</styleUrl>
      <Point><coordinates>-121.397929,38.601354,0</coordinates></Point>
    </Placemark>
    <Placemark>
      <name>2301-PV</name>
      <description>USG 1 (1.0 MW)</description>
      <styleUrl>#PV-2</styleUrl>
      <Point><coordinates>-115.857336,32.79278,0</coordinates></Point>
    </Placemark>
    <Placemark>
      <name>2301-PV</name>
      <description>USG 2 (1.0 MW)</description>
      <styleUrl>#PV-2</styleUrl>
      <Point><coordinates>-115.863214,32.790403,0</coordinates></Point>
    </Placemark>
    <Placemark>
      <name>2408-PV</name>
      <description>USPS PV (7.4 MW)</description>
      <styleUrl>#PV-2</styleUrl>
      <Point><coordinates>-118.2587,33.977922,0</coordinates></Point>
    </Placemark>
    <Placemark>
      <name>2404-PV</name>
      <description>US-TOPCO (Soccer Center) (3.0 MW)</description>
      <styleUrl>#PV-2</styleUrl>
      <Point><coordinates>-118.081152,34.66072,0</coordinates></Point>
    </Placemark>
    <Placemark>
      <name>2611-PV</name>
      <description>VA Sepulveda Ambulatory Care Center (4.4 MW)</description>
      <styleUrl>#PV-2</styleUrl>
      <Point><coordinates>-118.483333,34.248889,0</coordinates></Point>
    </Placemark>
    <Placemark>
      <name>3903-PV</name>
      <description>Vaca Dixon Solar Station (2.0 MW)</description>
      <styleUrl>#PV-2</styleUrl>
      <Point><coordinates>-121.9264,38.4106,0</coordinates></Point>
    </Placemark>
    <Placemark>
      <name>3903-PV</name>
      <description>Vacaville (1.0 MW)</description>
      <styleUrl>#PV-2</styleUrl>
      <Point><coordinates>-121.960278,38.399444,0</coordinates></Point>
    </Placemark>
    <Placemark>
      <name>3903-PV</name>
      <description>Vacaville Hospital (1.5 MW)</description>
      <styleUrl>#PV-2</styleUrl>
      <Point><coordinates>-121.93864,38.38867,0</coordinates></Point>
    </Placemark>
    <Placemark>
      <name>2301-PV</name>
      <description>Valencia 1 Solar CA (3.0 MW)</description>
      <styleUrl>#PV-2</styleUrl>
      <Point><coordinates>-115.62779,33.04358,0</coordinates></Point>
    </Placemark>
    <Placemark>
      <name>2100-PV</name>
      <description>Valencia 2 (3.0 MW)</description>
      <styleUrl>#PV-2</styleUrl>
      <Point><coordinates>-115.52641,33.0218,0</coordinates></Point>
    </Placemark>
    <Placemark>
      <name>2301-PV</name>
      <description>Valencia 3 (3.0 MW)</description>
      <styleUrl>#PV-2</styleUrl>
      <Point><coordinates>-115.53765,32.88567,0</coordinates></Point>
    </Placemark>
    <Placemark>
      <name>2404-PV</name>
      <description>Valentine Solar, LLC (111.2 MW)</description>
      <styleUrl>#PV-2</styleUrl>
      <Point><coordinates>-118.384341,34.90422,0</coordinates></Point>
    </Placemark>
    <Placemark>
      <name>2503-PV</name>
      <description>Vallecitos Water District (1.4 MW)</description>
      <styleUrl>#PV-2</styleUrl>
      <Point><coordinates>-117.177029,33.212535,0</coordinates></Point>
    </Placemark>
    <Placemark>
      <name>2503-PV</name>
      <description>Valley Center (2.3 MW)</description>
      <styleUrl>#PV-2</styleUrl>
      <Point><coordinates>-117.0226,33.2503,0</coordinates></Point>
    </Placemark>
    <Placemark>
      <name>2503-PV</name>
      <description>Valley Center 1 (2.5 MW)</description>
      <styleUrl>#PV-2</styleUrl>
      <Point><coordinates>-117.001667,33.234167,0</coordinates></Point>
    </Placemark>
    <Placemark>
      <name>2503-PV</name>
      <description>Valley Center 2 (5.0 MW)</description>
      <styleUrl>#PV-2</styleUrl>
      <Point><coordinates>-117.001667,33.234167,0</coordinates></Point>
    </Placemark>
    <Placemark>
      <name>2301-PV</name>
      <description>Valley Sanitary District WTP Solar (1.0 MW)</description>
      <styleUrl>#PV-2</styleUrl>
      <Point><coordinates>-116.198885,33.708661,0</coordinates></Point>
    </Placemark>
    <Placemark>
      <name>3403-PV</name>
      <description>Van der Hoek Solar Array/ Dairy (2.4 MW)</description>
      <styleUrl>#PV-2</styleUrl>
      <Point><coordinates>-120.098148,36.504015,0</coordinates></Point>
    </Placemark>
    <Placemark>
      <name>3403-PV</name>
      <description>Van der Kooi Dairy Solary Array (1.0 MW)</description>
      <styleUrl>#PV-2</styleUrl>
      <Point><coordinates>-120.022439,36.29169,0</coordinates></Point>
    </Placemark>
    <Placemark>
      <name>3803-PV</name>
      <description>Vandenberg Solar Project (25.3 MW)</description>
      <styleUrl>#PV-2</styleUrl>
      <Point><coordinates>-120.509982,34.749708,0</coordinates></Point>
    </Placemark>
    <Placemark>
      <name>3902-PV</name>
      <description>Vega Solar (20.0 MW)</description>
      <styleUrl>#PV-2</styleUrl>
      <Point><coordinates>-120.82,36.925833,0</coordinates></Point>
    </Placemark>
    <Placemark>
      <name>2100-PV</name>
      <description>Venable Solar 1 (1.5 MW)</description>
      <styleUrl>#PV-2</styleUrl>
      <Point><coordinates>-114.571667,33.598889,0</coordinates></Point>
    </Placemark>
    <Placemark>
      <name>2100-PV</name>
      <description>Venable Solar 2 (1.5 MW)</description>
      <styleUrl>#PV-2</styleUrl>
      <Point><coordinates>-114.571667,33.597222,0</coordinates></Point>
    </Placemark>
    <Placemark>
      <name>2611-PV</name>
      <description>Ventura Solar (2.9 MW)</description>
      <styleUrl>#PV-2</styleUrl>
      <Point><coordinates>-118.901987,34.39919,0</coordinates></Point>
    </Placemark>
    <Placemark>
      <name>2401-PV</name>
      <description>Victor Dry Farm Ranch A (5.0 MW)</description>
      <styleUrl>#PV-2</styleUrl>
      <Point><coordinates>-117.466667,34.501111,0</coordinates></Point>
    </Placemark>
    <Placemark>
      <name>2401-PV</name>
      <description>Victor Dry Farm Ranch B (5.0 MW)</description>
      <styleUrl>#PV-2</styleUrl>
      <Point><coordinates>-117.471111,34.497778,0</coordinates></Point>
    </Placemark>
    <Placemark>
      <name>2401-PV</name>
      <description>Victor Mesa Linda B2 (1.5 MW)</description>
      <styleUrl>#PV-2</styleUrl>
      <Point><coordinates>-117.387222,34.512778,0</coordinates></Point>
    </Placemark>
    <Placemark>
      <name>2401-PV</name>
      <description>Victor Mesa Linda C2 (1.5 MW)</description>
      <styleUrl>#PV-2</styleUrl>
      <Point><coordinates>-117.387222,34.511389,0</coordinates></Point>
    </Placemark>
    <Placemark>
      <name>2401-PV</name>
      <description>Victor Mesa Linda D2 (1.5 MW)</description>
      <styleUrl>#PV-2</styleUrl>
      <Point><coordinates>-117.387222,34.509444,0</coordinates></Point>
    </Placemark>
    <Placemark>
      <name>2401-PV</name>
      <description>Victor Mesa Linda E2 (1.5 MW)</description>
      <styleUrl>#PV-2</styleUrl>
      <Point><coordinates>-117.387222,34.508056,0</coordinates></Point>
    </Placemark>
    <Placemark>
      <name>2401-PV</name>
      <description>Victor Valley CC CPV Solar (1.0 MW)</description>
      <styleUrl>#PV-2</styleUrl>
      <Point><coordinates>-117.257938,34.48017,0</coordinates></Point>
    </Placemark>
    <Placemark>
      <name>2404-PV</name>
      <description>Vinam (1.5 MW)</description>
      <styleUrl>#PV-2</styleUrl>
      <Point><coordinates>-118.061389,34.668889,0</coordinates></Point>
    </Placemark>
    <Placemark>
      <name>3803-PV</name>
      <description>Vintner Solar (1.5 MW)</description>
      <styleUrl>#PV-2</styleUrl>
      <Point><coordinates>-120.68287,35.55795,0</coordinates></Point>
    </Placemark>
    <Placemark>
      <name>3903-PV</name>
      <description>Walgreens Woodland Distribution Center (1.0 MW)</description>
      <styleUrl>#PV-2</styleUrl>
      <Point><coordinates>-121.713362,38.674894,0</coordinates></Point>
    </Placemark>
    <Placemark>
      <name>2408-PV</name>
      <description>Walnut Unified School District Walnut HS Hybrid (2.3 MW)</description>
      <styleUrl>#PV-2</styleUrl>
      <Point><coordinates>-117.85051,34.02188,0</coordinates></Point>
    </Placemark>
    <Placemark>
      <name>2401-PV</name>
      <description>Watts 3115 (2.0 MW)</description>
      <styleUrl>#PV-2</styleUrl>
      <Point><coordinates>-117.642222,34.600833,0</coordinates></Point>
    </Placemark>
    <Placemark>
      <name>3403-PV</name>
      <description>West Gates Solar Station (10.0 MW)</description>
      <styleUrl>#PV-2</styleUrl>
      <Point><coordinates>-120.1325,36.142222,0</coordinates></Point>
    </Placemark>
    <Placemark>
      <name>2402-PV</name>
      <description>West Valley High School Solar (1.0 MW)</description>
      <styleUrl>#PV-2</styleUrl>
      <Point><coordinates>-117.009722,33.719722,0</coordinates></Point>
    </Placemark>
    <Placemark>
      <name>3903-PV</name>
      <description>West Village Solar - Array 1Community Solar (1.2 MW)</description>
      <styleUrl>#PV-2</styleUrl>
      <Point><coordinates>-121.77752,38.542791,0</coordinates></Point>
    </Placemark>
    <Placemark>
      <name>3903-PV</name>
      <description>West Village Solar - Array 2 Community Solar (1.3 MW)</description>
      <styleUrl>#PV-2</styleUrl>
      <Point><coordinates>-121.77659,38.542747,0</coordinates></Point>
    </Placemark>
    <Placemark>
      <name>2404-PV</name>
      <description>Western Antelope Blue Sky B (20.0 MW)</description>
      <styleUrl>#PV-2</styleUrl>
      <Point><coordinates>-118.313573,34.73206,0</coordinates></Point>
    </Placemark>
    <Placemark>
      <name>2404-PV</name>
      <description>Western Antelope Blue Sky Ranch A (20.0 MW)</description>
      <styleUrl>#PV-2</styleUrl>
      <Point><coordinates>-118.324722,34.681667,0</coordinates></Point>
    </Placemark>
    <Placemark>
      <name>2404-PV</name>
      <description>Western Antelope Dry Ranch (10.0 MW)</description>
      <styleUrl>#PV-2</styleUrl>
      <Point><coordinates>-118.320278,34.688889,0</coordinates></Point>
    </Placemark>
    <Placemark>
      <name>3403-PV</name>
      <description>Westlands Solar PV Farm (18.0 MW)</description>
      <styleUrl>#PV-2</styleUrl>
      <Point><coordinates>-120.075833,36.138056,0</coordinates></Point>
    </Placemark>
    <Placemark>
      <name>2408-PV</name>
      <description>Westmont 300A (2.9 MW)</description>
      <styleUrl>#PV-2</styleUrl>
      <Point><coordinates>-118.288925,33.766067,0</coordinates></Point>
    </Placemark>
    <Placemark>
      <name>2408-PV</name>
      <description>Westmont 300B (3.0 MW)</description>
      <styleUrl>#PV-2</styleUrl>
      <Point><coordinates>-118.284733,33.766067,0</coordinates></Point>
    </Placemark>
    <Placemark>
      <name>2408-PV</name>
      <description>Westmont 301 (1.8 MW)</description>
      <styleUrl>#PV-2</styleUrl>
      <Point><coordinates>-118.286558,33.763012,0</coordinates></Point>
    </Placemark>
    <Placemark>
      <name>2408-PV</name>
      <description>Westmont 400A (2.3 MW)</description>
      <styleUrl>#PV-2</styleUrl>
      <Point><coordinates>-118.288925,33.764227,0</coordinates></Point>
    </Placemark>
    <Placemark>
      <name>2408-PV</name>
      <description>Westmont 400B (2.2 MW)</description>
      <styleUrl>#PV-2</styleUrl>
      <Point><coordinates>-118.284733,33.764227,0</coordinates></Point>
    </Placemark>
    <Placemark>
      <name>2408-PV</name>
      <description>Westmont 401 (2.9 MW)</description>
      <styleUrl>#PV-2</styleUrl>
      <Point><coordinates>-118.288214,33.762421,0</coordinates></Point>
    </Placemark>
    <Placemark>
      <name>3403-PV</name>
      <description>Westside Solar Power PV1 (2.0 MW)</description>
      <styleUrl>#PV-2</styleUrl>
      <Point><coordinates>-119.907,36.219,0</coordinates></Point>
    </Placemark>
    <Placemark>
      <name>3403-PV</name>
      <description>Westside Solar Station (15.0 MW)</description>
      <styleUrl>#PV-2</styleUrl>
      <Point><coordinates>-120.124898,36.378726,0</coordinates></Point>
    </Placemark>
    <Placemark>
      <name>2402-PV</name>
      <description>Weymouth Solar Plant (3.0 MW)</description>
      <styleUrl>#PV-2</styleUrl>
      <Point><coordinates>-117.782246,34.108618,0</coordinates></Point>
    </Placemark>
    <Placemark>
      <name>3803-PV</name>
      <description>White River Solar (20.0 MW)</description>
      <styleUrl>#PV-2</styleUrl>
      <Point><coordinates>-119.4625,35.871389,0</coordinates></Point>
    </Placemark>
    <Placemark>
      <name>3803-PV</name>
      <description>White River Solar 2 (19.8 MW)</description>
      <styleUrl>#PV-2</styleUrl>
      <Point><coordinates>-119.046111,35.874722,0</coordinates></Point>
    </Placemark>
    <Placemark>
      <name>3903-PV</name>
      <description>Whitethorn Solar LLC (3.3 MW)</description>
      <styleUrl>#PV-2</styleUrl>
      <Point><coordinates>-121.717,37.691,0</coordinates></Point>
    </Placemark>
    <Placemark>
      <name>3403-PV</name>
      <description>Whitney Point Solar (20.0 MW)</description>
      <styleUrl>#PV-2</styleUrl>
      <Point><coordinates>-120.138472,36.376889,0</coordinates></Point>
    </Placemark>
    <Placemark>
      <name>3903-PV</name>
      <description>Wildflower Solar 1 (13.0 MW)</description>
      <styleUrl>#PV-2</styleUrl>
      <Point><coordinates>-121.477,38.705,0</coordinates></Point>
    </Placemark>
    <Placemark>
      <name>3803-PV</name>
      <description>Wildwood Solar I, LLC (19.5 MW)</description>
      <styleUrl>#PV-2</styleUrl>
      <Point><coordinates>-119.578333,35.615833,0</coordinates></Point>
    </Placemark>
    <Placemark>
      <name>3803-PV</name>
      <description>Wildwood Solar II (15.0 MW)</description>
      <styleUrl>#PV-2</styleUrl>
      <Point><coordinates>-119.573889,35.63,0</coordinates></Point>
    </Placemark>
    <Placemark>
      <name>2404-PV</name>
      <description>Willow Spring Solar, LLC (107.9 MW)</description>
      <styleUrl>#PV-2</styleUrl>
      <Point><coordinates>-118.335211,34.826697,0</coordinates></Point>
    </Placemark>
    <Placemark>
      <name>2404-PV</name>
      <description>Windhub Solar A LLC (20.0 MW)</description>
      <styleUrl>#PV-2</styleUrl>
      <Point><coordinates>-118.2879,35.0199,0</coordinates></Point>
    </Placemark>
    <Placemark>
      <name>3903-PV</name>
      <description>Windsor Floating Solar (1.5 MW)</description>
      <styleUrl>#PV-2</styleUrl>
      <Point><coordinates>-122.81508,38.53917,0</coordinates></Point>
    </Placemark>
    <Placemark>
      <name>2301-PV</name>
      <description>Wistaria Ranch Solar (106.7 MW)</description>
      <styleUrl>#PV-2</styleUrl>
      <Point><coordinates>-115.619,32.676,0</coordinates></Point>
    </Placemark>
    <Placemark>
      <name>2100-PV</name>
      <description>Wister Solar (20.0 MW)</description>
      <styleUrl>#PV-2</styleUrl>
      <Point><coordinates>-115.502954,33.269426,0</coordinates></Point>
    </Placemark>
    <Placemark>
      <name>3403-PV</name>
      <description>Wonderful Firebaugh (5.4 MW)</description>
      <styleUrl>#PV-2</styleUrl>
      <Point><coordinates>-120.3205,36.835981,0</coordinates></Point>
    </Placemark>
    <Placemark>
      <name>3803-PV</name>
      <description>Wonderful Huller &amp; Shellling (1.5 MW)</description>
      <styleUrl>#PV-2</styleUrl>
      <Point><coordinates>-119.78885,35.57609,0</coordinates></Point>
    </Placemark>
    <Placemark>
      <name>3803-PV</name>
      <description>Wonderful Kings (3.5 MW)</description>
      <styleUrl>#PV-2</styleUrl>
      <Point><coordinates>-119.868469,35.769028,0</coordinates></Point>
    </Placemark>
    <Placemark>
      <name>3803-PV</name>
      <description>Wonderful Lost Hills (17.1 MW)</description>
      <styleUrl>#PV-2</styleUrl>
      <Point><coordinates>-119.87658,35.66934,0</coordinates></Point>
    </Placemark>
    <Placemark>
      <name>3803-PV</name>
      <description>Wonderful Nursery (2.3 MW)</description>
      <styleUrl>#PV-2</styleUrl>
      <Point><coordinates>-119.392378,35.617738,0</coordinates></Point>
    </Placemark>
    <Placemark>
      <name>3803-PV</name>
      <description>Wonderful Orchards - Belridge (5.0 MW)</description>
      <styleUrl>#PV-2</styleUrl>
      <Point><coordinates>-119.74935,35.50012,0</coordinates></Point>
    </Placemark>
    <Placemark>
      <name>3403-PV</name>
      <description>Wonderful Orchards - New Columbia (5.0 MW)</description>
      <styleUrl>#PV-2</styleUrl>
      <Point><coordinates>-120.317876,36.8249,0</coordinates></Point>
    </Placemark>
    <Placemark>
      <name>3803-PV</name>
      <description>Wonderful Orchards - Westside (5.0 MW)</description>
      <styleUrl>#PV-2</styleUrl>
      <Point><coordinates>-119.74523,35.73277,0</coordinates></Point>
    </Placemark>
    <Placemark>
      <name>3803-PV</name>
      <description>Woodmere Solar Farm (15.0 MW)</description>
      <styleUrl>#PV-2</styleUrl>
      <Point><coordinates>-118.821389,35.323056,0</coordinates></Point>
    </Placemark>
    <Placemark>
      <name>3902-PV</name>
      <description>Wright Solar Park (200.0 MW)</description>
      <styleUrl>#PV-2</styleUrl>
      <Point><coordinates>-120.957222,37.009444,0</coordinates></Point>
    </Placemark>
    <Placemark>
      <name>2611-PV</name>
      <description>Xebec 1 (1.9 MW)</description>
      <styleUrl>#PV-2</styleUrl>
      <Point><coordinates>-118.392921,34.224041,0</coordinates></Point>
    </Placemark>
    <Placemark>
      <name>3903-PV</name>
      <description>Yolo County Solar Project (1.0 MW)</description>
      <styleUrl>#PV-2</styleUrl>
      <Point><coordinates>-121.7294,38.659722,0</coordinates></Point>
    </Placemark>
    <Placemark>
      <name>7001-PV</name>
      <description>Adams Community Solar Garden III LLC (1.2 MW)</description>
      <styleUrl>#PV-2</styleUrl>
      <Point><coordinates>-104.5877,39.7867,0</coordinates></Point>
    </Placemark>
    <Placemark>
      <name>7001-PV</name>
      <description>Adams Community Solar Garden LLC (1.2 MW)</description>
      <styleUrl>#PV-2</styleUrl>
      <Point><coordinates>-104.5859,39.7876,0</coordinates></Point>
    </Placemark>
    <Placemark>
      <name>7001-PV</name>
      <description>AFA Solar Farm (5.5 MW)</description>
      <styleUrl>#PV-2</styleUrl>
      <Point><coordinates>-104.806627,38.957901,0</coordinates></Point>
    </Placemark>
    <Placemark>
      <name>7001-PV</name>
      <description>Airport 1 Solar (DIA) (1.5 MW)</description>
      <styleUrl>#PV-2</styleUrl>
      <Point><coordinates>-104.674809,39.899455,0</coordinates></Point>
    </Placemark>
    <Placemark>
      <name>7001-PV</name>
      <description>Alamosa Solar South CSG (1.6 MW)</description>
      <styleUrl>#PV-2</styleUrl>
      <Point><coordinates>-105.85916,37.4512,0</coordinates></Point>
    </Placemark>
    <Placemark>
      <name>7001-PV</name>
      <description>Alden Solar CSG LLC (1.6 MW)</description>
      <styleUrl>#PV-2</styleUrl>
      <Point><coordinates>-104.58107,40.45633,0</coordinates></Point>
    </Placemark>
    <Placemark>
      <name>7001-PV</name>
      <description>Amazon DEN2 Solar Project (1.2 MW)</description>
      <styleUrl>#PV-2</styleUrl>
      <Point><coordinates>-104.75,39.75,0</coordinates></Point>
    </Placemark>
    <Placemark>
      <name>7001-PV</name>
      <description>Amazon Denver DEN3 (4.6 MW)</description>
      <styleUrl>#PV-2</styleUrl>
      <Point><coordinates>-104.982339,39.885061,0</coordinates></Point>
    </Placemark>
    <Placemark>
      <name>7001-PV</name>
      <description>Arapahoe 3 Community Solar Array (1.8 MW)</description>
      <styleUrl>#PV-2</styleUrl>
      <Point><coordinates>-104.674249,39.638358,0</coordinates></Point>
    </Placemark>
    <Placemark>
      <name>6503-PV</name>
      <description>Ash Mesa Solar, LLC (7.8 MW)</description>
      <styleUrl>#PV-2</styleUrl>
      <Point><coordinates>-107.996652,38.663372,0</coordinates></Point>
    </Placemark>
    <Placemark>
      <name>6503-PV</name>
      <description>Bar D (4.0 MW)</description>
      <styleUrl>#PV-2</styleUrl>
      <Point><coordinates>-108.462709,39.923679,0</coordinates></Point>
    </Placemark>
    <Placemark>
      <name>7001-PV</name>
      <description>Bighorn Solar 1 (240.0 MW)</description>
      <styleUrl>#PV-2</styleUrl>
      <Point><coordinates>-104.596708,38.207518,0</coordinates></Point>
    </Placemark>
    <Placemark>
      <name>7001-PV</name>
      <description>Bison Solar LLC (30.0 MW)</description>
      <styleUrl>#PV-2</styleUrl>
      <Point><coordinates>-105.0111,40.863809,0</coordinates></Point>
    </Placemark>
    <Placemark>
      <name>7001-PV</name>
      <description>Brighton PV Solar Plant (1.8 MW)</description>
      <styleUrl>#PV-2</styleUrl>
      <Point><coordinates>-104.940833,39.9825,0</coordinates></Point>
    </Placemark>
    <Placemark>
      <name>7001-PV</name>
      <description>Carson Solar I (2.0 MW)</description>
      <styleUrl>#PV-2</styleUrl>
      <Point><coordinates>-104.7817,38.7228,0</coordinates></Point>
    </Placemark>
    <Placemark>
      <name>7001-PV</name>
      <description>CEC Solar #1117, LLC (1.5 MW)</description>
      <styleUrl>#PV-2</styleUrl>
      <Point><coordinates>-104.523951,38.284425,0</coordinates></Point>
    </Placemark>
    <Placemark>
      <name>7001-PV</name>
      <description>City &amp; County of Denver at Denver Int'l (3.4 MW)</description>
      <styleUrl>#PV-2</styleUrl>
      <Point><coordinates>-104.654183,39.904133,0</coordinates></Point>
    </Placemark>
    <Placemark>
      <name>7001-PV</name>
      <description>City of Boulder WWTP (1.0 MW)</description>
      <styleUrl>#PV-2</styleUrl>
      <Point><coordinates>-105.180327,40.048025,0</coordinates></Point>
    </Placemark>
    <Placemark>
      <name>7001-PV</name>
      <description>Clear Spring Ranch PV Project (10.0 MW)</description>
      <styleUrl>#PV-2</styleUrl>
      <Point><coordinates>-104.694688,38.602102,0</coordinates></Point>
    </Placemark>
    <Placemark>
      <name>7001-PV</name>
      <description>CO LI CSG 1 - Kamerra (1.5 MW)</description>
      <styleUrl>#PV-2</styleUrl>
      <Point><coordinates>-104.583391,39.784879,0</coordinates></Point>
    </Placemark>
    <Placemark>
      <name>7001-PV</name>
      <description>Cogentrix of Alamosa (30.0 MW)</description>
      <styleUrl>#PV-2</styleUrl>
      <Point><coordinates>-105.955832,37.598579,0</coordinates></Point>
    </Placemark>
    <Placemark>
      <name>7001-PV</name>
      <description>Comanche Solar (120.0 MW)</description>
      <styleUrl>#PV-2</styleUrl>
      <Point><coordinates>-104.566667,38.205278,0</coordinates></Point>
    </Placemark>
    <Placemark>
      <name>7001-PV</name>
      <description>Conejos 1 Community Solar Array (1.5 MW)</description>
      <styleUrl>#PV-2</styleUrl>
      <Point><coordinates>-105.982424,37.195886,0</coordinates></Point>
    </Placemark>
    <Placemark>
      <name>1001-PV</name>
      <description>Cortez Solar 1, LLC (2.2 MW)</description>
      <styleUrl>#PV-2</styleUrl>
      <Point><coordinates>-108.524683,37.361706,0</coordinates></Point>
    </Placemark>
    <Placemark>
      <name>7001-PV</name>
      <description>Coyote Ridge Community Solar (1.5 MW)</description>
      <styleUrl>#PV-2</styleUrl>
      <Point><coordinates>-105.13143,40.500969,0</coordinates></Point>
    </Placemark>
    <Placemark>
      <name>7001-PV</name>
      <description>CSU Pueblo (1.0 MW)</description>
      <styleUrl>#PV-2</styleUrl>
      <Point><coordinates>-104.58,38.306111,0</coordinates></Point>
    </Placemark>
    <Placemark>
      <name>7001-PV</name>
      <description>Denver Int Airport (1.9 MW)</description>
      <styleUrl>#PV-2</styleUrl>
      <Point><coordinates>-104.697149,39.836789,0</coordinates></Point>
    </Placemark>
    <Placemark>
      <name>7001-PV</name>
      <description>Denver Intl Airport IV Solar (1.5 MW)</description>
      <styleUrl>#PV-2</styleUrl>
      <Point><coordinates>-104.673935,39.902697,0</coordinates></Point>
    </Placemark>
    <Placemark>
      <name>7001-PV</name>
      <description>Denver Metro Solar (1.6 MW)</description>
      <styleUrl>#PV-2</styleUrl>
      <Point><coordinates>-104.621139,39.759298,0</coordinates></Point>
    </Placemark>
    <Placemark>
      <name>7002-PV</name>
      <description>Eagle Springs Solar LLC (1.0 MW)</description>
      <styleUrl>#PV-2</styleUrl>
      <Point><coordinates>-107.696111,39.526111,0</coordinates></Point>
    </Placemark>
    <Placemark>
      <name>7001-PV</name>
      <description>Fremont CO 1, LLC (1.8 MW)</description>
      <styleUrl>#PV-2</styleUrl>
      <Point><coordinates>-105.21246,38.46446,0</coordinates></Point>
    </Placemark>
    <Placemark>
      <name>7001-PV</name>
      <description>Gilcrest Solar (1.5 MW)</description>
      <styleUrl>#PV-2</styleUrl>
      <Point><coordinates>-104.783613,40.289366,0</coordinates></Point>
    </Placemark>
    <Placemark>
      <name>7001-PV</name>
      <description>Gilcrest Sun CSG (1.8 MW)</description>
      <styleUrl>#PV-2</styleUrl>
      <Point><coordinates>-104.806202,40.293752,0</coordinates></Point>
    </Placemark>
    <Placemark>
      <name>7001-PV</name>
      <description>Gilcrest V CSG (4.8 MW)</description>
      <styleUrl>#PV-2</styleUrl>
      <Point><coordinates>-104.770747,40.317966,0</coordinates></Point>
    </Placemark>
    <Placemark>
      <name>7001-PV</name>
      <description>Grazing Yak Solar (35.0 MW)</description>
      <styleUrl>#PV-2</styleUrl>
      <Point><coordinates>-104.252715,38.977759,0</coordinates></Point>
    </Placemark>
    <Placemark>
      <name>7001-PV</name>
      <description>Greater Sandhill I (19.0 MW)</description>
      <styleUrl>#PV-2</styleUrl>
      <Point><coordinates>-105.8909,37.685467,0</coordinates></Point>
    </Placemark>
    <Placemark>
      <name>7001-PV</name>
      <description>Hooper Solar (52.0 MW)</description>
      <styleUrl>#PV-2</styleUrl>
      <Point><coordinates>-105.990812,37.691863,0</coordinates></Point>
    </Placemark>
    <Placemark>
      <name>7001-PV</name>
      <description>IBM Solar (8.1 MW)</description>
      <styleUrl>#PV-2</styleUrl>
      <Point><coordinates>-105.244892,40.038266,0</coordinates></Point>
    </Placemark>
    <Placemark>
      <name>7001-PV</name>
      <description>Imboden Solar Garden (3.0 MW)</description>
      <styleUrl>#PV-2</styleUrl>
      <Point><coordinates>-104.583574,39.786769,0</coordinates></Point>
    </Placemark>
    <Placemark>
      <name>7001-PV</name>
      <description>Jack's Solar Garden (1.0 MW)</description>
      <styleUrl>#PV-2</styleUrl>
      <Point><coordinates>-105.130321,40.122552,0</coordinates></Point>
    </Placemark>
    <Placemark>
      <name>7001-PV</name>
      <description>Jeffco Community Solar Gardens LLC (1.2 MW)</description>
      <styleUrl>#PV-2</styleUrl>
      <Point><coordinates>-105.149694,39.859564,0</coordinates></Point>
    </Placemark>
    <Placemark>
      <name>7001-PV</name>
      <description>Lafayette Horizon Solar CSG LLC (1.6 MW)</description>
      <styleUrl>#PV-2</styleUrl>
      <Point><coordinates>-105.063747,39.981606,0</coordinates></Point>
    </Placemark>
    <Placemark>
      <name>7001-PV</name>
      <description>Logan 1 Community Solar Array (1.5 MW)</description>
      <styleUrl>#PV-2</styleUrl>
      <Point><coordinates>-103.145084,40.609968,0</coordinates></Point>
    </Placemark>
    <Placemark>
      <name>6503-PV</name>
      <description>Mesa CSG 1 Murdock (1.5 MW)</description>
      <styleUrl>#PV-2</styleUrl>
      <Point><coordinates>-108.64387,39.108785,0</coordinates></Point>
    </Placemark>
    <Placemark>
      <name>6503-PV</name>
      <description>Mesa CSG 2 Massicotte (1.5 MW)</description>
      <styleUrl>#PV-2</styleUrl>
      <Point><coordinates>-108.419672,39.044814,0</coordinates></Point>
    </Placemark>
    <Placemark>
      <name>6503-PV</name>
      <description>Mesa PV1 (1.6 MW)</description>
      <styleUrl>#PV-2</styleUrl>
      <Point><coordinates>-108.509139,39.0672,0</coordinates></Point>
    </Placemark>
    <Placemark>
      <name>7001-PV</name>
      <description>Monte Vista Solar 2 CSG, LLC (1.6 MW)</description>
      <styleUrl>#PV-2</styleUrl>
      <Point><coordinates>-106.09988,37.57176,0</coordinates></Point>
    </Placemark>
    <Placemark>
      <name>7001-PV</name>
      <description>Mtn Solar 6 LLC (CSG) (2.0 MW)</description>
      <styleUrl>#PV-2</styleUrl>
      <Point><coordinates>-103.233735,40.613557,0</coordinates></Point>
    </Placemark>
    <Placemark>
      <name>7001-PV</name>
      <description>Mtn. Solar 1 (1.5 MW)</description>
      <styleUrl>#PV-2</styleUrl>
      <Point><coordinates>-104.58591,39.777621,0</coordinates></Point>
    </Placemark>
    <Placemark>
      <name>7001-PV</name>
      <description>Mtn. Solar 2 (1.5 MW)</description>
      <styleUrl>#PV-2</styleUrl>
      <Point><coordinates>-104.59054,39.766772,0</coordinates></Point>
    </Placemark>
    <Placemark>
      <name>7001-PV</name>
      <description>Mtn. Solar 3 CSG (1.5 MW)</description>
      <styleUrl>#PV-2</styleUrl>
      <Point><coordinates>-103.61911,40.280904,0</coordinates></Point>
    </Placemark>
    <Placemark>
      <name>7001-PV</name>
      <description>Mtn. Solar 4 (CSG) (1.5 MW)</description>
      <styleUrl>#PV-2</styleUrl>
      <Point><coordinates>-105.113057,39.727586,0</coordinates></Point>
    </Placemark>
    <Placemark>
      <name>7001-PV</name>
      <description>NSE Camber BH CSG 2, LLC (2.0 MW)</description>
      <styleUrl>#PV-2</styleUrl>
      <Point><coordinates>-103.747306,38.209158,0</coordinates></Point>
    </Placemark>
    <Placemark>
      <name>7001-PV</name>
      <description>NSE Camber Solar PS11 LLC (CSG) (2.0 MW)</description>
      <styleUrl>#PV-2</styleUrl>
      <Point><coordinates>-103.233735,40.613557,0</coordinates></Point>
    </Placemark>
    <Placemark>
      <name>7001-PV</name>
      <description>NSE Camber Solar PS13 LLC (CSG) (2.0 MW)</description>
      <styleUrl>#PV-2</styleUrl>
      <Point><coordinates>-103.158886,40.619084,0</coordinates></Point>
    </Placemark>
    <Placemark>
      <name>7001-PV</name>
      <description>NSE Camber Solar PS5 LLC (CSG) (2.0 MW)</description>
      <styleUrl>#PV-2</styleUrl>
      <Point><coordinates>-104.839513,40.250222,0</coordinates></Point>
    </Placemark>
    <Placemark>
      <name>7001-PV</name>
      <description>NSE Camber Solar PS6 LLC CSG (2.0 MW)</description>
      <styleUrl>#PV-2</styleUrl>
      <Point><coordinates>-104.824172,40.260736,0</coordinates></Point>
    </Placemark>
    <Placemark>
      <name>7001-PV</name>
      <description>Oak Leaf - CSG Portfolio (OL 36) (1.5 MW)</description>
      <styleUrl>#PV-2</styleUrl>
      <Point><coordinates>-104.5315,39.6517,0</coordinates></Point>
    </Placemark>
    <Placemark>
      <name>7001-PV</name>
      <description>Oak Leaf - CSG Portfolio (OL 37) (1.5 MW)</description>
      <styleUrl>#PV-2</styleUrl>
      <Point><coordinates>-104.5913,39.7854,0</coordinates></Point>
    </Placemark>
    <Placemark>
      <name>7001-PV</name>
      <description>Oak Leaf - CSG Portfolio (OL 38) (1.5 MW)</description>
      <styleUrl>#PV-2</styleUrl>
      <Point><coordinates>-104.5913,39.7854,0</coordinates></Point>
    </Placemark>
    <Placemark>
      <name>7001-PV</name>
      <description>Oak Leaf - CSG Portfolio (OL 39) (1.5 MW)</description>
      <styleUrl>#PV-2</styleUrl>
      <Point><coordinates>-104.52848,39.65528,0</coordinates></Point>
    </Placemark>
    <Placemark>
      <name>7001-PV</name>
      <description>Oak Leaf - CSG Portfolio (OL 44) (1.5 MW)</description>
      <styleUrl>#PV-2</styleUrl>
      <Point><coordinates>-104.58385,39.78308,0</coordinates></Point>
    </Placemark>
    <Placemark>
      <name>7001-PV</name>
      <description>Oak Leaf Solar XVIII LLC (9.0 MW)</description>
      <styleUrl>#PV-2</styleUrl>
      <Point><coordinates>-104.668494,39.892563,0</coordinates></Point>
    </Placemark>
    <Placemark>
      <name>7001-PV</name>
      <description>Oak Leaf Solar XXI (CSG) (1.5 MW)</description>
      <styleUrl>#PV-2</styleUrl>
      <Point><coordinates>-104.604,39.638,0</coordinates></Point>
    </Placemark>
    <Placemark>
      <name>7001-PV</name>
      <description>Oak Leaf Solar XXII LLC (CSG) (1.5 MW)</description>
      <styleUrl>#PV-2</styleUrl>
      <Point><coordinates>-104.667473,39.903806,0</coordinates></Point>
    </Placemark>
    <Placemark>
      <name>7001-PV</name>
      <description>Oak Leaf Solar XXIII LLC (CSG) (1.5 MW)</description>
      <styleUrl>#PV-2</styleUrl>
      <Point><coordinates>-104.62146,39.80165,0</coordinates></Point>
    </Placemark>
    <Placemark>
      <name>7001-PV</name>
      <description>Oak Leaf Solar XXIV LLC (CSG) (1.5 MW)</description>
      <styleUrl>#PV-2</styleUrl>
      <Point><coordinates>-104.561,39.637,0</coordinates></Point>
    </Placemark>
    <Placemark>
      <name>7001-PV</name>
      <description>Oak Leaf Solar XXV LLC (CSG) (1.5 MW)</description>
      <styleUrl>#PV-2</styleUrl>
      <Point><coordinates>-104.529,39.637,0</coordinates></Point>
    </Placemark>
    <Placemark>
      <name>7001-PV</name>
      <description>Oak Leaf Solar XXVI LLC (1.5 MW)</description>
      <styleUrl>#PV-2</styleUrl>
      <Point><coordinates>-104.73453,39.899959,0</coordinates></Point>
    </Placemark>
    <Placemark>
      <name>7001-PV</name>
      <description>Oak Leaf Solar XXVII LLC (1.5 MW)</description>
      <styleUrl>#PV-2</styleUrl>
      <Point><coordinates>-104.64,40.44,0</coordinates></Point>
    </Placemark>
    <Placemark>
      <name>7001-PV</name>
      <description>Oak Leaf Solar XXVIII LLC (CSG) (1.5 MW)</description>
      <styleUrl>#PV-2</styleUrl>
      <Point><coordinates>-104.779,40.237,0</coordinates></Point>
    </Placemark>
    <Placemark>
      <name>7001-PV</name>
      <description>Oak Leaf Solar XXX LLC (CSG) (1.5 MW)</description>
      <styleUrl>#PV-2</styleUrl>
      <Point><coordinates>-105.878021,37.453381,0</coordinates></Point>
    </Placemark>
    <Placemark>
      <name>6503-PV</name>
      <description>Oak Leaf Solar XXXI LLC (CSG) (1.5 MW)</description>
      <styleUrl>#PV-2</styleUrl>
      <Point><coordinates>-108.32,39.145,0</coordinates></Point>
    </Placemark>
    <Placemark>
      <name>7002-PV</name>
      <description>Oak Leaf Solar XXXII (CSG) (1.5 MW)</description>
      <styleUrl>#PV-2</styleUrl>
      <Point><coordinates>-107.815,39.523,0</coordinates></Point>
    </Placemark>
    <Placemark>
      <name>7001-PV</name>
      <description>Oak Leaf Solar XXXIII LLC (Lantz) (3.0 MW)</description>
      <styleUrl>#PV-2</styleUrl>
      <Point><coordinates>-106.0753,38.5357,0</coordinates></Point>
    </Placemark>
    <Placemark>
      <name>7001-PV</name>
      <description>Palmer Solar (60.0 MW)</description>
      <styleUrl>#PV-2</styleUrl>
      <Point><coordinates>-104.6526,38.6299,0</coordinates></Point>
    </Placemark>
    <Placemark>
      <name>7001-PV</name>
      <description>Panasonic Carport Solar Hybrid (2.3 MW)</description>
      <styleUrl>#PV-2</styleUrl>
      <Point><coordinates>-104.781494,39.808719,0</coordinates></Point>
    </Placemark>
    <Placemark>
      <name>7001-PV</name>
      <description>Pikes Peak Solar Garden 1 LLC CSG (2.0 MW)</description>
      <styleUrl>#PV-2</styleUrl>
      <Point><coordinates>-104.7458,38.7745,0</coordinates></Point>
    </Placemark>
    <Placemark>
      <name>7001-PV</name>
      <description>Pioneer Solar (CO), LLC (80.0 MW)</description>
      <styleUrl>#PV-2</styleUrl>
      <Point><coordinates>-104.45903,39.761569,0</coordinates></Point>
    </Placemark>
    <Placemark>
      <name>7002-PV</name>
      <description>Pitkin County Solar (5.0 MW)</description>
      <styleUrl>#PV-2</styleUrl>
      <Point><coordinates>-106.876811,39.247705,0</coordinates></Point>
    </Placemark>
    <Placemark>
      <name>7002-PV</name>
      <description>Pivot Solar 1 LLC (CSG) (1.0 MW)</description>
      <styleUrl>#PV-2</styleUrl>
      <Point><coordinates>-108.090731,39.414671,0</coordinates></Point>
    </Placemark>
    <Placemark>
      <name>7001-PV</name>
      <description>Pivot Solar 12 LLC(CSG) (1.0 MW)</description>
      <styleUrl>#PV-2</styleUrl>
      <Point><coordinates>-103.233735,40.613557,0</coordinates></Point>
    </Placemark>
    <Placemark>
      <name>7001-PV</name>
      <description>Pivot Solar 14 LLC (CSG) (2.0 MW)</description>
      <styleUrl>#PV-2</styleUrl>
      <Point><coordinates>-103.657514,40.266898,0</coordinates></Point>
    </Placemark>
    <Placemark>
      <name>7001-PV</name>
      <description>Pivot Solar 15 LLC (CSG) (1.0 MW)</description>
      <styleUrl>#PV-2</styleUrl>
      <Point><coordinates>-103.65937,40.266856,0</coordinates></Point>
    </Placemark>
    <Placemark>
      <name>7001-PV</name>
      <description>Pivot Solar 2 LLC (CSG) (2.0 MW)</description>
      <styleUrl>#PV-2</styleUrl>
      <Point><coordinates>-103.657514,40.266898,0</coordinates></Point>
    </Placemark>
    <Placemark>
      <name>7002-PV</name>
      <description>Pivot Solar 3 LLC (CSG) (2.0 MW)</description>
      <styleUrl>#PV-2</styleUrl>
      <Point><coordinates>-108.090731,39.414671,0</coordinates></Point>
    </Placemark>
    <Placemark>
      <name>7001-PV</name>
      <description>Pivot Solar 4 LLC (CSG) (2.0 MW)</description>
      <styleUrl>#PV-2</styleUrl>
      <Point><coordinates>-104.777024,40.228419,0</coordinates></Point>
    </Placemark>
    <Placemark>
      <name>7002-PV</name>
      <description>Pivot Solar 7 LLC (CSG) (2.0 MW)</description>
      <styleUrl>#PV-2</styleUrl>
      <Point><coordinates>-107.815344,39.523107,0</coordinates></Point>
    </Placemark>
    <Placemark>
      <name>7001-PV</name>
      <description>Pivot Solar 8 LLC (CSG) (2.0 MW)</description>
      <styleUrl>#PV-2</styleUrl>
      <Point><coordinates>-104.771384,40.241166,0</coordinates></Point>
    </Placemark>
    <Placemark>
      <name>7001-PV</name>
      <description>Platteville Solar CSG, LLC (1.3 MW)</description>
      <styleUrl>#PV-2</styleUrl>
      <Point><coordinates>-104.77471,40.22833,0</coordinates></Point>
    </Placemark>
    <Placemark>
      <name>7001-PV</name>
      <description>Quincy II Solar Garden (1.5 MW)</description>
      <styleUrl>#PV-2</styleUrl>
      <Point><coordinates>-104.662508,39.638409,0</coordinates></Point>
    </Placemark>
    <Placemark>
      <name>7001-PV</name>
      <description>Quincy Solar (1.5 MW)</description>
      <styleUrl>#PV-2</styleUrl>
      <Point><coordinates>-104.562645,39.63838,0</coordinates></Point>
    </Placemark>
    <Placemark>
      <name>7001-PV</name>
      <description>Rawhide Prairie Solar Hybrid (23.0 MW)</description>
      <styleUrl>#PV-2</styleUrl>
      <Point><coordinates>-105.015561,40.857978,0</coordinates></Point>
    </Placemark>
    <Placemark>
      <name>7001-PV</name>
      <description>Riverview Solar (1.5 MW)</description>
      <styleUrl>#PV-2</styleUrl>
      <Point><coordinates>-103.132442,40.66583,0</coordinates></Point>
    </Placemark>
    <Placemark>
      <name>7001-PV</name>
      <description>Rock Creek 2 CSG (1.6 MW)</description>
      <styleUrl>#PV-2</styleUrl>
      <Point><coordinates>-105.90341,37.39955,0</coordinates></Point>
    </Placemark>
    <Placemark>
      <name>7001-PV</name>
      <description>RV CSU Power II LLC (3.0 MW)</description>
      <styleUrl>#PV-2</styleUrl>
      <Point><coordinates>-105.147097,40.592841,0</coordinates></Point>
    </Placemark>
    <Placemark>
      <name>7001-PV</name>
      <description>RV CSU Power LLC (1.9 MW)</description>
      <styleUrl>#PV-2</styleUrl>
      <Point><coordinates>-105.145904,40.591099,0</coordinates></Point>
    </Placemark>
    <Placemark>
      <name>7001-PV</name>
      <description>San Isabel Solar, LLC (30.0 MW)</description>
      <styleUrl>#PV-2</styleUrl>
      <Point><coordinates>-104.843,37.372,0</coordinates></Point>
    </Placemark>
    <Placemark>
      <name>7001-PV</name>
      <description>San Luis Solar Garden (1.2 MW)</description>
      <styleUrl>#PV-2</styleUrl>
      <Point><coordinates>-106.018925,37.068132,0</coordinates></Point>
    </Placemark>
    <Placemark>
      <name>7001-PV</name>
      <description>San Luis Valley Solar Array (2.7 MW)</description>
      <styleUrl>#PV-2</styleUrl>
      <Point><coordinates>-106.22,37.777,0</coordinates></Point>
    </Placemark>
    <Placemark>
      <name>7001-PV</name>
      <description>San Luis Valley Solar Ranch (35.0 MW)</description>
      <styleUrl>#PV-2</styleUrl>
      <Point><coordinates>-105.927622,37.694535,0</coordinates></Point>
    </Placemark>
    <Placemark>
      <name>7001-PV</name>
      <description>Skylark (4.0 MW)</description>
      <styleUrl>#PV-2</styleUrl>
      <Point><coordinates>-104.894792,40.577889,0</coordinates></Point>
    </Placemark>
    <Placemark>
      <name>1001-PV</name>
      <description>SMPA Solar 1 Community Solar (1.0 MW)</description>
      <styleUrl>#PV-2</styleUrl>
      <Point><coordinates>-108.785556,38.2725,0</coordinates></Point>
    </Placemark>
    <Placemark>
      <name>7001-PV</name>
      <description>SR Jenkins Ft Lupton (13.0 MW)</description>
      <styleUrl>#PV-2</styleUrl>
      <Point><coordinates>-104.746661,40.081444,0</coordinates></Point>
    </Placemark>
    <Placemark>
      <name>7001-PV</name>
      <description>SR Kersey (3.5 MW)</description>
      <styleUrl>#PV-2</styleUrl>
      <Point><coordinates>-104.55095,40.386197,0</coordinates></Point>
    </Placemark>
    <Placemark>
      <name>7001-PV</name>
      <description>SR Kersey II (1.0 MW)</description>
      <styleUrl>#PV-2</styleUrl>
      <Point><coordinates>-104.554038,40.386223,0</coordinates></Point>
    </Placemark>
    <Placemark>
      <name>7001-PV</name>
      <description>SR Mavericks (7.8 MW)</description>
      <styleUrl>#PV-2</styleUrl>
      <Point><coordinates>-105.03,40.23,0</coordinates></Point>
    </Placemark>
    <Placemark>
      <name>7001-PV</name>
      <description>SR Platte Solar Farm (16.0 MW)</description>
      <styleUrl>#PV-2</styleUrl>
      <Point><coordinates>-104.692067,40.181742,0</coordinates></Point>
    </Placemark>
    <Placemark>
      <name>7001-PV</name>
      <description>SR Rattlesnake (6.0 MW)</description>
      <styleUrl>#PV-2</styleUrl>
      <Point><coordinates>-104.413144,40.105427,0</coordinates></Point>
    </Placemark>
    <Placemark>
      <name>7001-PV</name>
      <description>SR Skylark B (2.0 MW)</description>
      <styleUrl>#PV-2</styleUrl>
      <Point><coordinates>-104.895675,40.579472,0</coordinates></Point>
    </Placemark>
    <Placemark>
      <name>7001-PV</name>
      <description>SR Skylark C (1.1 MW)</description>
      <styleUrl>#PV-2</styleUrl>
      <Point><coordinates>-104.89577,40.575118,0</coordinates></Point>
    </Placemark>
    <Placemark>
      <name>7001-PV</name>
      <description>Sterling PV 3 (1.6 MW)</description>
      <styleUrl>#PV-2</styleUrl>
      <Point><coordinates>-103.194694,40.6316,0</coordinates></Point>
    </Placemark>
    <Placemark>
      <name>7001-PV</name>
      <description>Sun Mountain Solar 1 (200.0 MW)</description>
      <styleUrl>#PV-2</styleUrl>
      <Point><coordinates>-104.518529,38.180331,0</coordinates></Point>
    </Placemark>
    <Placemark>
      <name>7001-PV</name>
      <description>SunE Alamosa (8.2 MW)</description>
      <styleUrl>#PV-2</styleUrl>
      <Point><coordinates>-105.880501,37.690304,0</coordinates></Point>
    </Placemark>
    <Placemark>
      <name>7002-PV</name>
      <description>Sunnyside Ranch Community Solar Array (1.5 MW)</description>
      <styleUrl>#PV-2</styleUrl>
      <Point><coordinates>-107.157188,39.415027,0</coordinates></Point>
    </Placemark>
    <Placemark>
      <name>7001-PV</name>
      <description>Titan Solar (50.0 MW)</description>
      <styleUrl>#PV-2</styleUrl>
      <Point><coordinates>-104.01398,39.68646,0</coordinates></Point>
    </Placemark>
    <Placemark>
      <name>7002-PV</name>
      <description>Tom Sifers Solar (1.0 MW)</description>
      <styleUrl>#PV-2</styleUrl>
      <Point><coordinates>-105.846,39.959166,0</coordinates></Point>
    </Placemark>
    <Placemark>
      <name>7001-PV</name>
      <description>Trout Creek Solar (2.0 MW)</description>
      <styleUrl>#PV-2</styleUrl>
      <Point><coordinates>-106.1104,38.8151,0</coordinates></Point>
    </Placemark>
    <Placemark>
      <name>7001-PV</name>
      <description>TruStile Doors - Denver (1.2 MW)</description>
      <styleUrl>#PV-2</styleUrl>
      <Point><coordinates>-104.97312,39.825708,0</coordinates></Point>
    </Placemark>
    <Placemark>
      <name>7001-PV</name>
      <description>Valley View Solar (4.0 MW)</description>
      <styleUrl>#PV-2</styleUrl>
      <Point><coordinates>-104.891944,40.418786,0</coordinates></Point>
    </Placemark>
    <Placemark>
      <name>7001-PV</name>
      <description>Vasquez V CSG (4.0 MW)</description>
      <styleUrl>#PV-2</styleUrl>
      <Point><coordinates>-104.79894,40.231806,0</coordinates></Point>
    </Placemark>
    <Placemark>
      <name>7001-PV</name>
      <description>Venture 1 - 1A CSG (1.5 MW)</description>
      <styleUrl>#PV-2</styleUrl>
      <Point><coordinates>-104.667388,39.752297,0</coordinates></Point>
    </Placemark>
    <Placemark>
      <name>7001-PV</name>
      <description>Venture 2 - 1B (1.5 MW)</description>
      <styleUrl>#PV-2</styleUrl>
      <Point><coordinates>-104.66509,39.752244,0</coordinates></Point>
    </Placemark>
    <Placemark>
      <name>7001-PV</name>
      <description>Venture 3 - 1C (1.5 MW)</description>
      <styleUrl>#PV-2</styleUrl>
      <Point><coordinates>-104.66733,39.750499,0</coordinates></Point>
    </Placemark>
    <Placemark>
      <name>7001-PV</name>
      <description>Venture 4 - 1D (1.5 MW)</description>
      <styleUrl>#PV-2</styleUrl>
      <Point><coordinates>-104.66733,39.752334,0</coordinates></Point>
    </Placemark>
    <Placemark>
      <name>7001-PV</name>
      <description>Victory Solar LLC (12.8 MW)</description>
      <styleUrl>#PV-2</styleUrl>
      <Point><coordinates>-104.433,39.795,0</coordinates></Point>
    </Placemark>
    <Placemark>
      <name>7001-PV</name>
      <description>Vilas Solar Array (4.0 MW)</description>
      <styleUrl>#PV-2</styleUrl>
      <Point><coordinates>-102.466,37.384,0</coordinates></Point>
    </Placemark>
    <Placemark>
      <name>7001-PV</name>
      <description>Weld 1 Community Solar Array (1.5 MW)</description>
      <styleUrl>#PV-2</styleUrl>
      <Point><coordinates>-104.791865,40.232146,0</coordinates></Point>
    </Placemark>
    <Placemark>
      <name>7002-PV</name>
      <description>Whiskey Hill Solar (1.0 MW)</description>
      <styleUrl>#PV-2</styleUrl>
      <Point><coordinates>-106.289722,40.8125,0</coordinates></Point>
    </Placemark>
    <Placemark>
      <name>7002-PV</name>
      <description>WWRF Solar Plant (1.5 MW)</description>
      <styleUrl>#PV-2</styleUrl>
      <Point><coordinates>-107.81341,39.522904,0</coordinates></Point>
    </Placemark>
    <Placemark>
      <name>7001-PV</name>
      <description>Xcel Adams 1 Community Solar Array (1.8 MW)</description>
      <styleUrl>#PV-2</styleUrl>
      <Point><coordinates>-104.588631,39.765479,0</coordinates></Point>
    </Placemark>
    <Placemark>
      <name>7001-PV</name>
      <description>Xcel Adams 2 Community Solar Array (1.5 MW)</description>
      <styleUrl>#PV-2</styleUrl>
      <Point><coordinates>-104.583391,39.784937,0</coordinates></Point>
    </Placemark>
    <Placemark>
      <name>6101-PV</name>
      <description>American Falls Solar (20.0 MW)</description>
      <styleUrl>#PV-2</styleUrl>
      <Point><coordinates>-112.752,42.824,0</coordinates></Point>
    </Placemark>
    <Placemark>
      <name>6101-PV</name>
      <description>American Falls Solar II (20.0 MW)</description>
      <styleUrl>#PV-2</styleUrl>
      <Point><coordinates>-112.752,42.824,0</coordinates></Point>
    </Placemark>
    <Placemark>
      <name>6101-PV</name>
      <description>Clif Bar Bakery of Twin Falls (2.0 MW)</description>
      <styleUrl>#PV-2</styleUrl>
      <Point><coordinates>-114.412523,42.540968,0</coordinates></Point>
    </Placemark>
    <Placemark>
      <name>6101-PV</name>
      <description>Grand View Solar Two (80.0 MW)</description>
      <styleUrl>#PV-2</styleUrl>
      <Point><coordinates>-116.093431,42.989614,0</coordinates></Point>
    </Placemark>
    <Placemark>
      <name>6101-PV</name>
      <description>ID Solar (40.0 MW)</description>
      <styleUrl>#PV-2</styleUrl>
      <Point><coordinates>-116.333,43.444,0</coordinates></Point>
    </Placemark>
    <Placemark>
      <name>6101-PV</name>
      <description>Jackpot Solar, LLC (120.0 MW)</description>
      <styleUrl>#PV-2</styleUrl>
      <Point><coordinates>-114.6218,42.189,0</coordinates></Point>
    </Placemark>
    <Placemark>
      <name>6101-PV</name>
      <description>Mt. Home Solar 1, LLC (20.0 MW)</description>
      <styleUrl>#PV-2</styleUrl>
      <Point><coordinates>-115.752,43.129,0</coordinates></Point>
    </Placemark>
    <Placemark>
      <name>6101-PV</name>
      <description>Murphy Flat Solar (20.0 MW)</description>
      <styleUrl>#PV-2</styleUrl>
      <Point><coordinates>-116.439,43.213,0</coordinates></Point>
    </Placemark>
    <Placemark>
      <name>6101-PV</name>
      <description>Orchard Ranch Solar (20.0 MW)</description>
      <styleUrl>#PV-2</styleUrl>
      <Point><coordinates>-116.285,43.467,0</coordinates></Point>
    </Placemark>
    <Placemark>
      <name>6101-PV</name>
      <description>Simcoe Solar (20.0 MW)</description>
      <styleUrl>#PV-2</styleUrl>
      <Point><coordinates>-115.955371,43.288439,0</coordinates></Point>
    </Placemark>
    <Placemark>
      <name>6101-PV</name>
      <description>Black Eagle Solar, LLC (3.0 MW)</description>
      <styleUrl>#PV-2</styleUrl>
      <Point><coordinates>-111.253974,47.547466,0</coordinates></Point>
    </Placemark>
    <Placemark>
      <name>6101-PV</name>
      <description>Great Divide Solar, LLC (3.0 MW)</description>
      <styleUrl>#PV-2</styleUrl>
      <Point><coordinates>-112.249048,46.805739,0</coordinates></Point>
    </Placemark>
    <Placemark>
      <name>6101-PV</name>
      <description>Green Meadow Solar, LLC (3.0 MW)</description>
      <styleUrl>#PV-2</styleUrl>
      <Point><coordinates>-112.063623,46.694488,0</coordinates></Point>
    </Placemark>
    <Placemark>
      <name>7002-PV</name>
      <description>Magpie Solar, LLC (3.0 MW)</description>
      <styleUrl>#PV-2</styleUrl>
      <Point><coordinates>-108.937935,46.291439,0</coordinates></Point>
    </Placemark>
    <Placemark>
      <name>6101-PV</name>
      <description>River Bend Solar, LLC (2.0 MW)</description>
      <styleUrl>#PV-2</styleUrl>
      <Point><coordinates>-109.565219,45.703779,0</coordinates></Point>
    </Placemark>
    <Placemark>
      <name>7002-PV</name>
      <description>South Mills Solar, LLC (3.0 MW)</description>
      <styleUrl>#PV-2</styleUrl>
      <Point><coordinates>-107.632624,45.730113,0</coordinates></Point>
    </Placemark>
    <Placemark>
      <name>1001-PV</name>
      <description>Alamogordo Solar Energy Center (5.0 MW)</description>
      <styleUrl>#PV-2</styleUrl>
      <Point><coordinates>-105.999775,32.86571,0</coordinates></Point>
    </Placemark>
    <Placemark>
      <name>1001-PV</name>
      <description>Albuquerque Solar Energy Center (2.0 MW)</description>
      <styleUrl>#PV-2</styleUrl>
      <Point><coordinates>-106.60005,35.168957,0</coordinates></Point>
    </Placemark>
    <Placemark>
      <name>1001-PV</name>
      <description>Alcalde Solar Array (2.4 MW)</description>
      <styleUrl>#PV-2</styleUrl>
      <Point><coordinates>-106.040879,36.091143,0</coordinates></Point>
    </Placemark>
    <Placemark>
      <name>1001-PV</name>
      <description>Alta Luna (28.1 MW)</description>
      <styleUrl>#PV-2</styleUrl>
      <Point><coordinates>-107.486458,32.572022,0</coordinates></Point>
    </Placemark>
    <Placemark>
      <name>7001-PV</name>
      <description>Blue Sky One (1.3 MW)</description>
      <styleUrl>#PV-2</styleUrl>
      <Point><coordinates>-105.985278,36.907778,0</coordinates></Point>
    </Placemark>
    <Placemark>
      <name>1001-PV</name>
      <description>Bluewater CDEC 1 (2.4 MW)</description>
      <styleUrl>#PV-2</styleUrl>
      <Point><coordinates>-107.952296,35.24102,0</coordinates></Point>
    </Placemark>
    <Placemark>
      <name>1001-PV</name>
      <description>Britton Solar Energy Center (50.0 MW)</description>
      <styleUrl>#PV-2</styleUrl>
      <Point><coordinates>-106.098,35.016,0</coordinates></Point>
    </Placemark>
    <Placemark>
      <name>7001-PV</name>
      <description>Caprock Solar 1 LLC (25.0 MW)</description>
      <styleUrl>#PV-2</styleUrl>
      <Point><coordinates>-103.378333,34.982778,0</coordinates></Point>
    </Placemark>
    <Placemark>
      <name>1001-PV</name>
      <description>Carrizozo Solar (3.0 MW)</description>
      <styleUrl>#PV-2</styleUrl>
      <Point><coordinates>-105.747825,33.610306,0</coordinates></Point>
    </Placemark>
    <Placemark>
      <name>7001-PV</name>
      <description>Chaves Solar, LLC (70.0 MW)</description>
      <styleUrl>#PV-2</styleUrl>
      <Point><coordinates>-104.456,33.45,0</coordinates></Point>
    </Placemark>
    <Placemark>
      <name>1001-PV</name>
      <description>Cibola (7.6 MW)</description>
      <styleUrl>#PV-2</styleUrl>
      <Point><coordinates>-107.245156,35.20115,0</coordinates></Point>
    </Placemark>
    <Placemark>
      <name>7001-PV</name>
      <description>Cimarron Solar Facility (30.6 MW)</description>
      <styleUrl>#PV-2</styleUrl>
      <Point><coordinates>-104.635659,36.468078,0</coordinates></Point>
    </Placemark>
    <Placemark>
      <name>1001-PV</name>
      <description>City of Gallup Solar (8.0 MW)</description>
      <styleUrl>#PV-2</styleUrl>
      <Point><coordinates>-108.778791,35.52236,0</coordinates></Point>
    </Placemark>
    <Placemark>
      <name>1001-PV</name>
      <description>City of Rio Rancho WWTP (1.2 MW)</description>
      <styleUrl>#PV-2</styleUrl>
      <Point><coordinates>-106.806583,35.179889,0</coordinates></Point>
    </Placemark>
    <Placemark>
      <name>1001-PV</name>
      <description>City of Truth or Consequences PV (1.9 MW)</description>
      <styleUrl>#PV-2</styleUrl>
      <Point><coordinates>-107.287778,33.121111,0</coordinates></Point>
    </Placemark>
    <Placemark>
      <name>1001-PV</name>
      <description>CNMEC Solar Energy Center (2.0 MW)</description>
      <styleUrl>#PV-2</styleUrl>
      <Point><coordinates>-106.051092,34.783205,0</coordinates></Point>
    </Placemark>
    <Placemark>
      <name>1001-PV</name>
      <description>Columbus Solar Project (1.9 MW)</description>
      <styleUrl>#PV-2</styleUrl>
      <Point><coordinates>-107.587513,31.86673,0</coordinates></Point>
    </Placemark>
    <Placemark>
      <name>1001-PV</name>
      <description>Cuba 2.5ac, LLC (2.5 MW)</description>
      <styleUrl>#PV-2</styleUrl>
      <Point><coordinates>-106.945963,36.017438,0</coordinates></Point>
    </Placemark>
    <Placemark>
      <name>1001-PV</name>
      <description>Deming Solar Energy Center (9.0 MW)</description>
      <styleUrl>#PV-2</styleUrl>
      <Point><coordinates>-107.75056,32.165833,0</coordinates></Point>
    </Placemark>
    <Placemark>
      <name>1001-PV</name>
      <description>Encino Solar Energy Center (55.0 MW)</description>
      <styleUrl>#PV-2</styleUrl>
      <Point><coordinates>-106.858,35.354,0</coordinates></Point>
    </Placemark>
    <Placemark>
      <name>1001-PV</name>
      <description>Eubank Landfill Solar Array (2.0 MW)</description>
      <styleUrl>#PV-2</styleUrl>
      <Point><coordinates>-106.53,35.049167,0</coordinates></Point>
    </Placemark>
    <Placemark>
      <name>1001-PV</name>
      <description>Facebook 1 Solar Energy Center (10.0 MW)</description>
      <styleUrl>#PV-2</styleUrl>
      <Point><coordinates>-106.762,34.831,0</coordinates></Point>
    </Placemark>
    <Placemark>
      <name>1001-PV</name>
      <description>Facebook 2 Solar Energy Center (10.0 MW)</description>
      <styleUrl>#PV-2</styleUrl>
      <Point><coordinates>-106.865,35.08,0</coordinates></Point>
    </Placemark>
    <Placemark>
      <name>1001-PV</name>
      <description>Facebook 3 Solar Energy Center (10.0 MW)</description>
      <styleUrl>#PV-2</styleUrl>
      <Point><coordinates>-106.865,35.075,0</coordinates></Point>
    </Placemark>
    <Placemark>
      <name>1001-PV</name>
      <description>Grants CDEC 2 (4.5 MW)</description>
      <styleUrl>#PV-2</styleUrl>
      <Point><coordinates>-107.821,35.14,0</coordinates></Point>
    </Placemark>
    <Placemark>
      <name>7001-PV</name>
      <description>GSE NM1 (2.3 MW)</description>
      <styleUrl>#PV-2</styleUrl>
      <Point><coordinates>-104.4,33.3,0</coordinates></Point>
    </Placemark>
    <Placemark>
      <name>1001-PV</name>
      <description>Hatch Solar Energy Center I, LLC (5.0 MW)</description>
      <styleUrl>#PV-2</styleUrl>
      <Point><coordinates>-107.259722,32.63,0</coordinates></Point>
    </Placemark>
    <Placemark>
      <name>1001-PV</name>
      <description>Holloman Solar Facility (5.0 MW)</description>
      <styleUrl>#PV-2</styleUrl>
      <Point><coordinates>-106.072411,32.921261,0</coordinates></Point>
    </Placemark>
    <Placemark>
      <name>1001-PV</name>
      <description>Jicarilla Solar 2 (50.0 MW)</description>
      <styleUrl>#PV-2</styleUrl>
      <Point><coordinates>-107.171233,36.141053,0</coordinates></Point>
    </Placemark>
    <Placemark>
      <name>7001-PV</name>
      <description>Kit Carson (1.3 MW)</description>
      <styleUrl>#PV-2</styleUrl>
      <Point><coordinates>-105.438056,36.966667,0</coordinates></Point>
    </Placemark>
    <Placemark>
      <name>7001-PV</name>
      <description>Las Vegas Solar Energy Center (5.0 MW)</description>
      <styleUrl>#PV-2</styleUrl>
      <Point><coordinates>-105.206667,35.643333,0</coordinates></Point>
    </Placemark>
    <Placemark>
      <name>1001-PV</name>
      <description>Los Alamos PV Site (2.8 MW)</description>
      <styleUrl>#PV-2</styleUrl>
      <Point><coordinates>-106.31,35.875556,0</coordinates></Point>
    </Placemark>
    <Placemark>
      <name>1001-PV</name>
      <description>Los Lunas Solar Energy Center (7.0 MW)</description>
      <styleUrl>#PV-2</styleUrl>
      <Point><coordinates>-106.772413,34.833136,0</coordinates></Point>
    </Placemark>
    <Placemark>
      <name>1001-PV</name>
      <description>Macho Springs (55.0 MW)</description>
      <styleUrl>#PV-2</styleUrl>
      <Point><coordinates>-107.48,32.57,0</coordinates></Point>
    </Placemark>
    <Placemark>
      <name>1001-PV</name>
      <description>Manzano Solar (8.4 MW)</description>
      <styleUrl>#PV-2</styleUrl>
      <Point><coordinates>-106.654444,34.746667,0</coordinates></Point>
    </Placemark>
    <Placemark>
      <name>1001-PV</name>
      <description>Meadow Lake Solar Energy Center (9.1 MW)</description>
      <styleUrl>#PV-2</styleUrl>
      <Point><coordinates>-106.52,34.81,0</coordinates></Point>
    </Placemark>
    <Placemark>
      <name>7001-PV</name>
      <description>Middle Daisy (5.0 MW)</description>
      <styleUrl>#PV-2</styleUrl>
      <Point><coordinates>-103.371284,32.978636,0</coordinates></Point>
    </Placemark>
    <Placemark>
      <name>1001-PV</name>
      <description>NMSU Solar and Storage (4.0 MW)</description>
      <styleUrl>#PV-2</styleUrl>
      <Point><coordinates>-106.744529,32.286048,0</coordinates></Point>
    </Placemark>
    <Placemark>
      <name>1001-PV</name>
      <description>Otero Solar (8.0 MW)</description>
      <styleUrl>#PV-2</styleUrl>
      <Point><coordinates>-105.971111,32.976389,0</coordinates></Point>
    </Placemark>
    <Placemark>
      <name>1001-PV</name>
      <description>Prosperity Energy Storage Facility Hybrid (1.3 MW)</description>
      <styleUrl>#PV-2</styleUrl>
      <Point><coordinates>-106.637222,35.001944,0</coordinates></Point>
    </Placemark>
    <Placemark>
      <name>7001-PV</name>
      <description>Questa Solar Facility (1.0 MW)</description>
      <styleUrl>#PV-2</styleUrl>
      <Point><coordinates>-105.60944,36.716944,0</coordinates></Point>
    </Placemark>
    <Placemark>
      <name>1001-PV</name>
      <description>RC Energy AA LLC Solar Facility (1.0 MW)</description>
      <styleUrl>#PV-2</styleUrl>
      <Point><coordinates>-106.547222,35.152721,0</coordinates></Point>
    </Placemark>
    <Placemark>
      <name>1001-PV</name>
      <description>Rio Communities Solar Energy Center (10.0 MW)</description>
      <styleUrl>#PV-2</styleUrl>
      <Point><coordinates>-106.682975,34.582598,0</coordinates></Point>
    </Placemark>
    <Placemark>
      <name>1001-PV</name>
      <description>Rio De Oro Solar Energy Center (10.0 MW)</description>
      <styleUrl>#PV-2</styleUrl>
      <Point><coordinates>-106.688,34.692,0</coordinates></Point>
    </Placemark>
    <Placemark>
      <name>1001-PV</name>
      <description>Rio Rancho High School (1.0 MW)</description>
      <styleUrl>#PV-2</styleUrl>
      <Point><coordinates>-106.667778,35.264444,0</coordinates></Point>
    </Placemark>
    <Placemark>
      <name>1001-PV</name>
      <description>Rio Rancho Solar Energy Center (10.0 MW)</description>
      <styleUrl>#PV-2</styleUrl>
      <Point><coordinates>-106.48237,35.10476,0</coordinates></Point>
    </Placemark>
    <Placemark>
      <name>1001-PV</name>
      <description>Roadrunner Solar (20.2 MW)</description>
      <styleUrl>#PV-2</styleUrl>
      <Point><coordinates>-106.673333,31.792778,0</coordinates></Point>
    </Placemark>
    <Placemark>
      <name>7001-PV</name>
      <description>Roswell Solar, LLC (70.0 MW)</description>
      <styleUrl>#PV-2</styleUrl>
      <Point><coordinates>-104.461074,33.45293,0</coordinates></Point>
    </Placemark>
    <Placemark>
      <name>1001-PV</name>
      <description>Route 66 Energy Center, LLC (49.5 MW)</description>
      <styleUrl>#PV-2</styleUrl>
      <Point><coordinates>-107.614552,35.098417,0</coordinates></Point>
    </Placemark>
    <Placemark>
      <name>7001-PV</name>
      <description>San Miguel I Solar Energy Center (10.0 MW)</description>
      <styleUrl>#PV-2</styleUrl>
      <Point><coordinates>-105.1784,35.63457,0</coordinates></Point>
    </Placemark>
    <Placemark>
      <name>7001-PV</name>
      <description>San Miguel II Solar Energy Center (10.0 MW)</description>
      <styleUrl>#PV-2</styleUrl>
      <Point><coordinates>-105.1732,35.63471,0</coordinates></Point>
    </Placemark>
    <Placemark>
      <name>1001-PV</name>
      <description>Sandoval Solar Energy Center (6.1 MW)</description>
      <styleUrl>#PV-2</styleUrl>
      <Point><coordinates>-106.812778,35.283611,0</coordinates></Point>
    </Placemark>
    <Placemark>
      <name>1001-PV</name>
      <description>Santa Fe Solar Energy Center (9.5 MW)</description>
      <styleUrl>#PV-2</styleUrl>
      <Point><coordinates>-106.060859,35.587795,0</coordinates></Point>
    </Placemark>
    <Placemark>
      <name>1001-PV</name>
      <description>Santolina Solar Energy Center (10.5 MW)</description>
      <styleUrl>#PV-2</styleUrl>
      <Point><coordinates>-106.855498,35.029719,0</coordinates></Point>
    </Placemark>
    <Placemark>
      <name>7001-PV</name>
      <description>SEV NM Phase 2 (2.0 MW)</description>
      <styleUrl>#PV-2</styleUrl>
      <Point><coordinates>-104.506944,33.351111,0</coordinates></Point>
    </Placemark>
    <Placemark>
      <name>1001-PV</name>
      <description>Silver City WWTP PV Project (1.0 MW)</description>
      <styleUrl>#PV-2</styleUrl>
      <Point><coordinates>-108.248056,32.713889,0</coordinates></Point>
    </Placemark>
    <Placemark>
      <name>7001-PV</name>
      <description>SoCore Clovis 1 (2.0 MW)</description>
      <styleUrl>#PV-2</styleUrl>
      <Point><coordinates>-103.254078,34.423035,0</coordinates></Point>
    </Placemark>
    <Placemark>
      <name>1001-PV</name>
      <description>South Valley Solar Energy Center (10.0 MW)</description>
      <styleUrl>#PV-2</styleUrl>
      <Point><coordinates>-106.736129,34.986073,0</coordinates></Point>
    </Placemark>
    <Placemark>
      <name>7001-PV</name>
      <description>Springer Solar 1 (1.0 MW)</description>
      <styleUrl>#PV-2</styleUrl>
      <Point><coordinates>-104.594167,36.398056,0</coordinates></Point>
    </Placemark>
    <Placemark>
      <name>7001-PV</name>
      <description>SPS1 Dollarhide (10.0 MW)</description>
      <styleUrl>#PV-2</styleUrl>
      <Point><coordinates>-103.137825,32.12743,0</coordinates></Point>
    </Placemark>
    <Placemark>
      <name>7001-PV</name>
      <description>SPS2 Jal (10.0 MW)</description>
      <styleUrl>#PV-2</styleUrl>
      <Point><coordinates>-103.183056,32.183611,0</coordinates></Point>
    </Placemark>
    <Placemark>
      <name>7001-PV</name>
      <description>SPS3 Lea (10.0 MW)</description>
      <styleUrl>#PV-2</styleUrl>
      <Point><coordinates>-103.323333,32.469722,0</coordinates></Point>
    </Placemark>
    <Placemark>
      <name>7001-PV</name>
      <description>SPS4 Monument (10.1 MW)</description>
      <styleUrl>#PV-2</styleUrl>
      <Point><coordinates>-103.303611,32.681944,0</coordinates></Point>
    </Placemark>
    <Placemark>
      <name>1001-PV</name>
      <description>SPS5 Hopi (10.1 MW)</description>
      <styleUrl>#PV-2</styleUrl>
      <Point><coordinates>-104.234722,32.345556,0</coordinates></Point>
    </Placemark>
    <Placemark>
      <name>7001-PV</name>
      <description>Storrie Lake Solar Project (1.5 MW)</description>
      <styleUrl>#PV-2</styleUrl>
      <Point><coordinates>-105.183889,35.656944,0</coordinates></Point>
    </Placemark>
    <Placemark>
      <name>1001-PV</name>
      <description>Sue Cleveland High School (1.0 MW)</description>
      <styleUrl>#PV-2</styleUrl>
      <Point><coordinates>-106.657778,35.313333,0</coordinates></Point>
    </Placemark>
    <Placemark>
      <name>1001-PV</name>
      <description>SunE EPE1 LLC (10.0 MW)</description>
      <styleUrl>#PV-2</styleUrl>
      <Point><coordinates>-106.340986,32.034383,0</coordinates></Point>
    </Placemark>
    <Placemark>
      <name>1001-PV</name>
      <description>SunE EPE2 LLC (12.0 MW)</description>
      <styleUrl>#PV-2</styleUrl>
      <Point><coordinates>-106.913333,32.251667,0</coordinates></Point>
    </Placemark>
    <Placemark>
      <name>7001-PV</name>
      <description>Syncarpha Eagle Nest (1.0 MW)</description>
      <styleUrl>#PV-2</styleUrl>
      <Point><coordinates>-105.2772,36.544166,0</coordinates></Point>
    </Placemark>
    <Placemark>
      <name>1001-PV</name>
      <description>Syncarpha El Rito (1.6 MW)</description>
      <styleUrl>#PV-2</styleUrl>
      <Point><coordinates>-106.190105,36.331724,0</coordinates></Point>
    </Placemark>
    <Placemark>
      <name>7001-PV</name>
      <description>Syncarpha Questa (1.6 MW)</description>
      <styleUrl>#PV-2</styleUrl>
      <Point><coordinates>-105.588421,36.810668,0</coordinates></Point>
    </Placemark>
    <Placemark>
      <name>7001-PV</name>
      <description>Syncarpha Taos (3.1 MW)</description>
      <styleUrl>#PV-2</styleUrl>
      <Point><coordinates>-105.660152,36.371326,0</coordinates></Point>
    </Placemark>
    <Placemark>
      <name>7001-PV</name>
      <description>Taos Mesa Energy Facility Hybrid (27.0 MW)</description>
      <styleUrl>#PV-2</styleUrl>
      <Point><coordinates>-105.62,36.44,0</coordinates></Point>
    </Placemark>
    <Placemark>
      <name>1001-PV</name>
      <description>Vista Solar Energy Center (10.0 MW)</description>
      <styleUrl>#PV-2</styleUrl>
      <Point><coordinates>-106.655,34.741,0</coordinates></Point>
    </Placemark>
    <Placemark>
      <name>1001-PV</name>
      <description>Wal-Mart Truth or Consequences PV (1.0 MW)</description>
      <styleUrl>#PV-2</styleUrl>
      <Point><coordinates>-107.249831,33.1526,0</coordinates></Point>
    </Placemark>
    <Placemark>
      <name>1001-PV</name>
      <description>WSMR I (4.1 MW)</description>
      <styleUrl>#PV-2</styleUrl>
      <Point><coordinates>-106.47722,32.395833,0</coordinates></Point>
    </Placemark>
    <Placemark>
      <name>1302-PV</name>
      <description>Apex Solar PV Power Project (20.0 MW)</description>
      <styleUrl>#PV-2</styleUrl>
      <Point><coordinates>-114.97,36.39,0</coordinates></Point>
    </Placemark>
    <Placemark>
      <name>6101-PV</name>
      <description>Battle Mountain Solar Project (126.0 MW)</description>
      <styleUrl>#PV-2</styleUrl>
      <Point><coordinates>-117.06143,40.718433,0</coordinates></Point>
    </Placemark>
    <Placemark>
      <name>1302-PV</name>
      <description>Boulder Solar II, LLC (50.0 MW)</description>
      <styleUrl>#PV-2</styleUrl>
      <Point><coordinates>-114.944,35.85,0</coordinates></Point>
    </Placemark>
    <Placemark>
      <name>1302-PV</name>
      <description>Boulder Solar Power, LLC (100.0 MW)</description>
      <styleUrl>#PV-2</styleUrl>
      <Point><coordinates>-114.97,35.348,0</coordinates></Point>
    </Placemark>
    <Placemark>
      <name>1302-PV</name>
      <description>CM10 (10.0 MW)</description>
      <styleUrl>#PV-2</styleUrl>
      <Point><coordinates>-114.9933,35.7881,0</coordinates></Point>
    </Placemark>
    <Placemark>
      <name>1302-PV</name>
      <description>CM48 (48.0 MW)</description>
      <styleUrl>#PV-2</styleUrl>
      <Point><coordinates>-114.9933,35.7814,0</coordinates></Point>
    </Placemark>
    <Placemark>
      <name>1302-PV</name>
      <description>Copper Mountain Solar 2 (154.0 MW)</description>
      <styleUrl>#PV-2</styleUrl>
      <Point><coordinates>-114.962778,35.786389,0</coordinates></Point>
    </Placemark>
    <Placemark>
      <name>1302-PV</name>
      <description>Copper Mountain Solar 3 (255.0 MW)</description>
      <styleUrl>#PV-2</styleUrl>
      <Point><coordinates>-114.957912,35.889419,0</coordinates></Point>
    </Placemark>
    <Placemark>
      <name>1302-PV</name>
      <description>Copper Mountain Solar 4, LLC (93.6 MW)</description>
      <styleUrl>#PV-2</styleUrl>
      <Point><coordinates>-114.975375,35.78222,0</coordinates></Point>
    </Placemark>
    <Placemark>
      <name>1302-PV</name>
      <description>Copper Mountain Solar 5, LLC (252.0 MW)</description>
      <styleUrl>#PV-2</styleUrl>
      <Point><coordinates>-114.973676,35.776286,0</coordinates></Point>
    </Placemark>
    <Placemark>
      <name>3402-PV</name>
      <description>Crescent Dunes Solar Energy (125.0 MW)</description>
      <styleUrl>#PV-2</styleUrl>
      <Point><coordinates>-117.36361,38.238889,0</coordinates></Point>
    </Placemark>
    <Placemark>
      <name>1302-PV</name>
      <description>Dignity - San Martin (1.7 MW)</description>
      <styleUrl>#PV-2</styleUrl>
      <Point><coordinates>-115.272131,36.057181,0</coordinates></Point>
    </Placemark>
    <Placemark>
      <name>1302-PV</name>
      <description>Dignity - Siena Campus (1.4 MW)</description>
      <styleUrl>#PV-2</styleUrl>
      <Point><coordinates>-115.115305,36.004293,0</coordinates></Point>
    </Placemark>
    <Placemark>
      <name>4001-PV</name>
      <description>Dodge Flat (250.0 MW)</description>
      <styleUrl>#PV-2</styleUrl>
      <Point><coordinates>-119.467217,40.713024,0</coordinates></Point>
    </Placemark>
    <Placemark>
      <name>3402-PV</name>
      <description>EGP Stillwater Solar PV II, LLC (20.0 MW)</description>
      <styleUrl>#PV-2</styleUrl>
      <Point><coordinates>-118.560147,39.542041,0</coordinates></Point>
    </Placemark>
    <Placemark>
      <name>4001-PV</name>
      <description>Fish Springs (125.0 MW)</description>
      <styleUrl>#PV-2</styleUrl>
      <Point><coordinates>-119.974166,40.074741,0</coordinates></Point>
    </Placemark>
    <Placemark>
      <name>3402-PV</name>
      <description>Ft. Churchill PV (19.9 MW)</description>
      <styleUrl>#PV-2</styleUrl>
      <Point><coordinates>-119.14,39.128056,0</coordinates></Point>
    </Placemark>
    <Placemark>
      <name>1302-PV</name>
      <description>Harry Allen Solar Energy LLC (100.0 MW)</description>
      <styleUrl>#PV-2</styleUrl>
      <Point><coordinates>-114.9471,36.43395,0</coordinates></Point>
    </Placemark>
    <Placemark>
      <name>1302-PV</name>
      <description>IKEA Las Vegas 462 (1.0 MW)</description>
      <styleUrl>#PV-2</styleUrl>
      <Point><coordinates>-115.280825,36.068926,0</coordinates></Point>
    </Placemark>
    <Placemark>
      <name>1302-PV</name>
      <description>Las Vegas WPCF Solar Plant (3.3 MW)</description>
      <styleUrl>#PV-2</styleUrl>
      <Point><coordinates>-115.035278,36.134444,0</coordinates></Point>
    </Placemark>
    <Placemark>
      <name>3402-PV</name>
      <description>Luning Energy (50.0 MW)</description>
      <styleUrl>#PV-2</styleUrl>
      <Point><coordinates>-118.19156,38.546947,0</coordinates></Point>
    </Placemark>
    <Placemark>
      <name>1302-PV</name>
      <description>Moapa Southern Paiute (250.0 MW)</description>
      <styleUrl>#PV-2</styleUrl>
      <Point><coordinates>-114.770308,36.52995,0</coordinates></Point>
    </Placemark>
    <Placemark>
      <name>1302-PV</name>
      <description>Mountain View Solar (20.0 MW)</description>
      <styleUrl>#PV-2</styleUrl>
      <Point><coordinates>-114.964444,36.390556,0</coordinates></Point>
    </Placemark>
    <Placemark>
      <name>1302-PV</name>
      <description>Nellis Air Force Base Solar Array (13.2 MW)</description>
      <styleUrl>#PV-2</styleUrl>
      <Point><coordinates>-115.0544,36.260278,0</coordinates></Point>
    </Placemark>
    <Placemark>
      <name>1302-PV</name>
      <description>Nellis Solar PV II (15.0 MW)</description>
      <styleUrl>#PV-2</styleUrl>
      <Point><coordinates>-115.047703,36.206672,0</coordinates></Point>
    </Placemark>
    <Placemark>
      <name>1302-PV</name>
      <description>NVSS-II (15.0 MW)</description>
      <styleUrl>#PV-2</styleUrl>
      <Point><coordinates>-115.972329,36.275051,0</coordinates></Point>
    </Placemark>
    <Placemark>
      <name>1302-PV</name>
      <description>Playa Solar 1, LLC (79.0 MW)</description>
      <styleUrl>#PV-2</styleUrl>
      <Point><coordinates>-114.908,36.408,0</coordinates></Point>
    </Placemark>
    <Placemark>
      <name>1302-PV</name>
      <description>Playa Solar 2 (100.0 MW)</description>
      <styleUrl>#PV-2</styleUrl>
      <Point><coordinates>-114.908,36.408,0</coordinates></Point>
    </Placemark>
    <Placemark>
      <name>1302-PV</name>
      <description>River Mountains Solar (14.4 MW)</description>
      <styleUrl>#PV-2</styleUrl>
      <Point><coordinates>-114.929399,36.031616,0</coordinates></Point>
    </Placemark>
    <Placemark>
      <name>1302-PV</name>
      <description>Searchlight Solar (17.5 MW)</description>
      <styleUrl>#PV-2</styleUrl>
      <Point><coordinates>-114.936111,35.479722,0</coordinates></Point>
    </Placemark>
    <Placemark>
      <name>1302-PV</name>
      <description>Silver State Solar Power North (52.0 MW)</description>
      <styleUrl>#PV-2</styleUrl>
      <Point><coordinates>-115.35028,35.793056,0</coordinates></Point>
    </Placemark>
    <Placemark>
      <name>1302-PV</name>
      <description>Silver State Solar Power South (260.1 MW)</description>
      <styleUrl>#PV-2</styleUrl>
      <Point><coordinates>-115.32,35.63,0</coordinates></Point>
    </Placemark>
    <Placemark>
      <name>1302-PV</name>
      <description>Solar Las Vegas MB 2, LLC (1.5 MW)</description>
      <styleUrl>#PV-2</styleUrl>
      <Point><coordinates>-115.175381,36.087426,0</coordinates></Point>
    </Placemark>
    <Placemark>
      <name>1302-PV</name>
      <description>Solar Las Vegas MB-1 (4.9 MW)</description>
      <styleUrl>#PV-2</styleUrl>
      <Point><coordinates>-115.177778,36.088611,0</coordinates></Point>
    </Placemark>
    <Placemark>
      <name>1302-PV</name>
      <description>Spectrum Solar PV Power Project (30.2 MW)</description>
      <styleUrl>#PV-2</styleUrl>
      <Point><coordinates>-114.87,36.23,0</coordinates></Point>
    </Placemark>
    <Placemark>
      <name>3402-PV</name>
      <description>Stillwater Facility (69.2 MW)</description>
      <styleUrl>#PV-2</styleUrl>
      <Point><coordinates>-118.555613,39.547537,0</coordinates></Point>
    </Placemark>
    <Placemark>
      <name>1302-PV</name>
      <description>Sunshine Valley Solar (103.5 MW)</description>
      <styleUrl>#PV-2</styleUrl>
      <Point><coordinates>-116.497,36.518,0</coordinates></Point>
    </Placemark>
    <Placemark>
      <name>1302-PV</name>
      <description>Techren Solar I LLC (100.0 MW)</description>
      <styleUrl>#PV-2</styleUrl>
      <Point><coordinates>-114.974386,35.851336,0</coordinates></Point>
    </Placemark>
    <Placemark>
      <name>1302-PV</name>
      <description>Techren Solar II LLC (200.0 MW)</description>
      <styleUrl>#PV-2</styleUrl>
      <Point><coordinates>-114.956428,35.867258,0</coordinates></Point>
    </Placemark>
    <Placemark>
      <name>1302-PV</name>
      <description>Techren Solar III LLC (25.0 MW)</description>
      <styleUrl>#PV-2</styleUrl>
      <Point><coordinates>-114.9713,35.844106,0</coordinates></Point>
    </Placemark>
    <Placemark>
      <name>1302-PV</name>
      <description>Techren Solar IV LLC (25.0 MW)</description>
      <styleUrl>#PV-2</styleUrl>
      <Point><coordinates>-114.936525,35.892658,0</coordinates></Point>
    </Placemark>
    <Placemark>
      <name>1302-PV</name>
      <description>Techren Solar V (50.0 MW)</description>
      <styleUrl>#PV-2</styleUrl>
      <Point><coordinates>-114.92625,35.899694,0</coordinates></Point>
    </Placemark>
    <Placemark>
      <name>3402-PV</name>
      <description>Tesla Reno GigaFactory (6.7 MW)</description>
      <styleUrl>#PV-2</styleUrl>
      <Point><coordinates>-119.439158,39.539511,0</coordinates></Point>
    </Placemark>
    <Placemark>
      <name>1302-PV</name>
      <description>Townsite Solar Project Hybrid (270.0 MW)</description>
      <styleUrl>#PV-2</styleUrl>
      <Point><coordinates>-114.883999,35.937336,0</coordinates></Point>
    </Placemark>
    <Placemark>
      <name>3402-PV</name>
      <description>Turquoise Liberty Solar (10.0 MW)</description>
      <styleUrl>#PV-2</styleUrl>
      <Point><coordinates>-119.52,39.59,0</coordinates></Point>
    </Placemark>
    <Placemark>
      <name>3402-PV</name>
      <description>Turquoise Nevada, LLC (60.0 MW)</description>
      <styleUrl>#PV-2</styleUrl>
      <Point><coordinates>-119.5242,39.57395,0</coordinates></Point>
    </Placemark>
    <Placemark>
      <name>4001-PV</name>
      <description>Adams Solar Center (10.0 MW)</description>
      <styleUrl>#PV-2</styleUrl>
      <Point><coordinates>-121.122,44.675,0</coordinates></Point>
    </Placemark>
    <Placemark>
      <name>4001-PV</name>
      <description>Airport Solar (47.3 MW)</description>
      <styleUrl>#PV-2</styleUrl>
      <Point><coordinates>-120.402317,42.170176,0</coordinates></Point>
    </Placemark>
    <Placemark>
      <name>4001-PV</name>
      <description>Alkali Solar, LLC (10.0 MW)</description>
      <styleUrl>#PV-2</styleUrl>
      <Point><coordinates>-121.0035,43.31942,0</coordinates></Point>
    </Placemark>
    <Placemark>
      <name>6101-PV</name>
      <description>Baker City Solar (15.0 MW)</description>
      <styleUrl>#PV-2</styleUrl>
      <Point><coordinates>-117.763482,44.702418,0</coordinates></Point>
    </Placemark>
    <Placemark>
      <name>4001-PV</name>
      <description>Baldock Solar Highway (1.4 MW)</description>
      <styleUrl>#PV-2</styleUrl>
      <Point><coordinates>-122.771667,45.269444,0</coordinates></Point>
    </Placemark>
    <Placemark>
      <name>4001-PV</name>
      <description>Ballston Solar LLC (2.2 MW)</description>
      <styleUrl>#PV-2</styleUrl>
      <Point><coordinates>-123.395,45.077,0</coordinates></Point>
    </Placemark>
    <Placemark>
      <name>4001-PV</name>
      <description>BC Solar (8.0 MW)</description>
      <styleUrl>#PV-2</styleUrl>
      <Point><coordinates>-120.3598,42.175,0</coordinates></Point>
    </Placemark>
    <Placemark>
      <name>4001-PV</name>
      <description>Bear Creek Solar Center (10.0 MW)</description>
      <styleUrl>#PV-2</styleUrl>
      <Point><coordinates>-121.237203,44.060814,0</coordinates></Point>
    </Placemark>
    <Placemark>
      <name>4001-PV</name>
      <description>Bellevue Solar Project (1.6 MW)</description>
      <styleUrl>#PV-2</styleUrl>
      <Point><coordinates>-123.234722,45.112222,0</coordinates></Point>
    </Placemark>
    <Placemark>
      <name>4001-PV</name>
      <description>Bighorn Solar (2.2 MW)</description>
      <styleUrl>#PV-2</styleUrl>
      <Point><coordinates>-122.954234,44.965702,0</coordinates></Point>
    </Placemark>
    <Placemark>
      <name>4001-PV</name>
      <description>Black Cap Solar Plant (2.0 MW)</description>
      <styleUrl>#PV-2</styleUrl>
      <Point><coordinates>-120.362631,42.17505,0</coordinates></Point>
    </Placemark>
    <Placemark>
      <name>4001-PV</name>
      <description>Bly Solar Center (8.0 MW)</description>
      <styleUrl>#PV-2</styleUrl>
      <Point><coordinates>-121.024494,42.392193,0</coordinates></Point>
    </Placemark>
    <Placemark>
      <name>4001-PV</name>
      <description>Boring Solar LLC (2.2 MW)</description>
      <styleUrl>#PV-2</styleUrl>
      <Point><coordinates>-122.285,45.431,0</coordinates></Point>
    </Placemark>
    <Placemark>
      <name>4001-PV</name>
      <description>Brightwood Solar, LLC (10.0 MW)</description>
      <styleUrl>#PV-2</styleUrl>
      <Point><coordinates>-122.084421,45.384949,0</coordinates></Point>
    </Placemark>
    <Placemark>
      <name>4001-PV</name>
      <description>BristolSolar (3.0 MW)</description>
      <styleUrl>#PV-2</styleUrl>
      <Point><coordinates>-122.79,45.15,0</coordinates></Point>
    </Placemark>
    <Placemark>
      <name>4001-PV</name>
      <description>Brush Creek Solar (2.2 MW)</description>
      <styleUrl>#PV-2</styleUrl>
      <Point><coordinates>-122.813127,44.984217,0</coordinates></Point>
    </Placemark>
    <Placemark>
      <name>4001-PV</name>
      <description>Brush Solar Center (2.8 MW)</description>
      <styleUrl>#PV-2</styleUrl>
      <Point><coordinates>-118.204075,44.465334,0</coordinates></Point>
    </Placemark>
    <Placemark>
      <name>4001-PV</name>
      <description>Butler Solar, LLC (4.0 MW)</description>
      <styleUrl>#PV-2</styleUrl>
      <Point><coordinates>-123.410102,45.101804,0</coordinates></Point>
    </Placemark>
    <Placemark>
      <name>4001-PV</name>
      <description>Carnes Creek Solar (CSG) (2.5 MW)</description>
      <styleUrl>#PV-2</styleUrl>
      <Point><coordinates>-122.92771,45.075205,0</coordinates></Point>
    </Placemark>
    <Placemark>
      <name>4001-PV</name>
      <description>Case Creek Solar (2.2 MW)</description>
      <styleUrl>#PV-2</styleUrl>
      <Point><coordinates>-122.912,45.172,0</coordinates></Point>
    </Placemark>
    <Placemark>
      <name>4001-PV</name>
      <description>Chiloquin Solar, LLC (9.9 MW)</description>
      <styleUrl>#PV-2</styleUrl>
      <Point><coordinates>-121.861248,42.610732,0</coordinates></Point>
    </Placemark>
    <Placemark>
      <name>4001-PV</name>
      <description>Colton Solar (2.2 MW)</description>
      <styleUrl>#PV-2</styleUrl>
      <Point><coordinates>-122.473,45.17,0</coordinates></Point>
    </Placemark>
    <Placemark>
      <name>4001-PV</name>
      <description>Cosper Creek Solar (CSG) (2.5 MW)</description>
      <styleUrl>#PV-2</styleUrl>
      <Point><coordinates>-123.499,45.058,0</coordinates></Point>
    </Placemark>
    <Placemark>
      <name>4001-PV</name>
      <description>Day Hill Solar, LLC (2.3 MW)</description>
      <styleUrl>#PV-2</styleUrl>
      <Point><coordinates>-122.32942,45.26866,0</coordinates></Point>
    </Placemark>
    <Placemark>
      <name>4001-PV</name>
      <description>Dayton Cutoff Solar (2.2 MW)</description>
      <styleUrl>#PV-2</styleUrl>
      <Point><coordinates>-123.135,45.17,0</coordinates></Point>
    </Placemark>
    <Placemark>
      <name>4001-PV</name>
      <description>Drift Creek Solar (2.2 MW)</description>
      <styleUrl>#PV-2</styleUrl>
      <Point><coordinates>-122.803509,44.970572,0</coordinates></Point>
    </Placemark>
    <Placemark>
      <name>4001-PV</name>
      <description>Dunn Road Solar (1.8 MW)</description>
      <styleUrl>#PV-2</styleUrl>
      <Point><coordinates>-122.286,45.431,0</coordinates></Point>
    </Placemark>
    <Placemark>
      <name>4001-PV</name>
      <description>Duus Solar, LLC (10.0 MW)</description>
      <styleUrl>#PV-2</styleUrl>
      <Point><coordinates>-122.35,45.35,0</coordinates></Point>
    </Placemark>
    <Placemark>
      <name>4001-PV</name>
      <description>Eagle Point Solar (9.9 MW)</description>
      <styleUrl>#PV-2</styleUrl>
      <Point><coordinates>-122.82917,42.400814,0</coordinates></Point>
    </Placemark>
    <Placemark>
      <name>4001-PV</name>
      <description>Elbe Solar Center (10.0 MW)</description>
      <styleUrl>#PV-2</styleUrl>
      <Point><coordinates>-121.205,44.618,0</coordinates></Point>
    </Placemark>
    <Placemark>
      <name>4001-PV</name>
      <description>Firwood Solar, LLC (10.0 MW)</description>
      <styleUrl>#PV-2</styleUrl>
      <Point><coordinates>-122.25,45.35,0</coordinates></Point>
    </Placemark>
    <Placemark>
      <name>4001-PV</name>
      <description>Fort Rock I (9.9 MW)</description>
      <styleUrl>#PV-2</styleUrl>
      <Point><coordinates>-121.003496,43.320081,0</coordinates></Point>
    </Placemark>
    <Placemark>
      <name>4001-PV</name>
      <description>Fort Rock IV (10.0 MW)</description>
      <styleUrl>#PV-2</styleUrl>
      <Point><coordinates>-120.956087,43.38988,0</coordinates></Point>
    </Placemark>
    <Placemark>
      <name>4001-PV</name>
      <description>Fruitland Creek Solar (CSG) (1.8 MW)</description>
      <styleUrl>#PV-2</styleUrl>
      <Point><coordinates>-122.9375,44.93013,0</coordinates></Point>
    </Placemark>
    <Placemark>
      <name>4001-PV</name>
      <description>Garrett Solar (10.0 MW)</description>
      <styleUrl>#PV-2</styleUrl>
      <Point><coordinates>-120.4,42.16,0</coordinates></Point>
    </Placemark>
    <Placemark>
      <name>4001-PV</name>
      <description>Grand Ronde Solar (2.2 MW)</description>
      <styleUrl>#PV-2</styleUrl>
      <Point><coordinates>-123.61,45.054,0</coordinates></Point>
    </Placemark>
    <Placemark>
      <name>4001-PV</name>
      <description>GreenparkSolar (1.3 MW)</description>
      <styleUrl>#PV-2</styleUrl>
      <Point><coordinates>-122.937451,44.879414,0</coordinates></Point>
    </Placemark>
    <Placemark>
      <name>6101-PV</name>
      <description>Grove Solar Center, LLC (6.0 MW)</description>
      <styleUrl>#PV-2</styleUrl>
      <Point><coordinates>-117.381214,43.936687,0</coordinates></Point>
    </Placemark>
    <Placemark>
      <name>6101-PV</name>
      <description>Hyline Solar Center, LLC (9.0 MW)</description>
      <styleUrl>#PV-2</styleUrl>
      <Point><coordinates>-117.000071,44.151256,0</coordinates></Point>
    </Placemark>
    <Placemark>
      <name>4001-PV</name>
      <description>Interstate Solar (2.2 MW)</description>
      <styleUrl>#PV-2</styleUrl>
      <Point><coordinates>-122.899,45.129,0</coordinates></Point>
    </Placemark>
    <Placemark>
      <name>4001-PV</name>
      <description>Kaiser Creek Solar (CSG) (2.0 MW)</description>
      <styleUrl>#PV-2</styleUrl>
      <Point><coordinates>-122.609,45.143,0</coordinates></Point>
    </Placemark>
    <Placemark>
      <name>4001-PV</name>
      <description>Kale Patch Solar (2.2 MW)</description>
      <styleUrl>#PV-2</styleUrl>
      <Point><coordinates>-122.904,45.083,0</coordinates></Point>
    </Placemark>
    <Placemark>
      <name>4001-PV</name>
      <description>Klamath Falls Solar 2 CSG (2.9 MW)</description>
      <styleUrl>#PV-2</styleUrl>
      <Point><coordinates>-121.764,42.183,0</coordinates></Point>
    </Placemark>
    <Placemark>
      <name>4001-PV</name>
      <description>Labish Solar LLC (2.2 MW)</description>
      <styleUrl>#PV-2</styleUrl>
      <Point><coordinates>-122.922,45.023,0</coordinates></Point>
    </Placemark>
    <Placemark>
      <name>5001-PV</name>
      <description>MilfordSolar OR (3.0 MW)</description>
      <styleUrl>#PV-2</styleUrl>
      <Point><coordinates>-123.05,45.57,0</coordinates></Point>
    </Placemark>
    <Placemark>
      <name>4001-PV</name>
      <description>Mill Creek Solar (OR) (2.2 MW)</description>
      <styleUrl>#PV-2</styleUrl>
      <Point><coordinates>-123.13633,45.16964,0</coordinates></Point>
    </Placemark>
    <Placemark>
      <name>4001-PV</name>
      <description>Millican Solar Energy LLC (70.0 MW)</description>
      <styleUrl>#PV-2</styleUrl>
      <Point><coordinates>-120.53409,44.154107,0</coordinates></Point>
    </Placemark>
    <Placemark>
      <name>4001-PV</name>
      <description>Minke Solar (2.2 MW)</description>
      <styleUrl>#PV-2</styleUrl>
      <Point><coordinates>-122.622665,45.172332,0</coordinates></Point>
    </Placemark>
    <Placemark>
      <name>6101-PV</name>
      <description>Morgan Solar Center (3.0 MW)</description>
      <styleUrl>#PV-2</styleUrl>
      <Point><coordinates>-117.07478,43.951376,0</coordinates></Point>
    </Placemark>
    <Placemark>
      <name>4001-PV</name>
      <description>Mt Hope Solar (2.5 MW)</description>
      <styleUrl>#PV-2</styleUrl>
      <Point><coordinates>-122.61382,45.12795,0</coordinates></Point>
    </Placemark>
    <Placemark>
      <name>4001-PV</name>
      <description>NorWest Energy 2, LLC (9.9 MW)</description>
      <styleUrl>#PV-2</styleUrl>
      <Point><coordinates>-121.22838,44.06803,0</coordinates></Point>
    </Placemark>
    <Placemark>
      <name>4001-PV</name>
      <description>NorWest Energy 4, LLC (5.6 MW)</description>
      <styleUrl>#PV-2</styleUrl>
      <Point><coordinates>-121.614,42.695,0</coordinates></Point>
    </Placemark>
    <Placemark>
      <name>4001-PV</name>
      <description>NorWest Energy 9 LLC (6.0 MW)</description>
      <styleUrl>#PV-2</styleUrl>
      <Point><coordinates>-119.343,45.917,0</coordinates></Point>
    </Placemark>
    <Placemark>
      <name>4001-PV</name>
      <description>NSE Astoria - Skyward (2.5 MW)</description>
      <styleUrl>#PV-2</styleUrl>
      <Point><coordinates>-122.277905,45.418564,0</coordinates></Point>
    </Placemark>
    <Placemark>
      <name>4001-PV</name>
      <description>Old Mill Solar (5.0 MW)</description>
      <styleUrl>#PV-2</styleUrl>
      <Point><coordinates>-121.046389,42.203333,0</coordinates></Point>
    </Placemark>
    <Placemark>
      <name>4001-PV</name>
      <description>O'Neill Creek Solar (2.2 MW)</description>
      <styleUrl>#PV-2</styleUrl>
      <Point><coordinates>-123.129,45.472,0</coordinates></Point>
    </Placemark>
    <Placemark>
      <name>6101-PV</name>
      <description>Ontario Solar Center (3.0 MW)</description>
      <styleUrl>#PV-2</styleUrl>
      <Point><coordinates>-117.028093,44.112841,0</coordinates></Point>
    </Placemark>
    <Placemark>
      <name>6101-PV</name>
      <description>Open Range Solar Center, LLC (10.0 MW)</description>
      <styleUrl>#PV-2</styleUrl>
      <Point><coordinates>-117.065311,43.796766,0</coordinates></Point>
    </Placemark>
    <Placemark>
      <name>4001-PV</name>
      <description>OR Solar 2, LLC (10.0 MW)</description>
      <styleUrl>#PV-2</styleUrl>
      <Point><coordinates>-122.781338,42.542084,0</coordinates></Point>
    </Placemark>
    <Placemark>
      <name>4001-PV</name>
      <description>OR Solar 3, LLC (10.0 MW)</description>
      <styleUrl>#PV-2</styleUrl>
      <Point><coordinates>-121.418873,42.022336,0</coordinates></Point>
    </Placemark>
    <Placemark>
      <name>4001-PV</name>
      <description>OR Solar 5, LLC (8.0 MW)</description>
      <styleUrl>#PV-2</styleUrl>
      <Point><coordinates>-121.611565,42.030332,0</coordinates></Point>
    </Placemark>
    <Placemark>
      <name>4001-PV</name>
      <description>OR Solar 6, LLC (10.0 MW)</description>
      <styleUrl>#PV-2</styleUrl>
      <Point><coordinates>-120.367807,42.208988,0</coordinates></Point>
    </Placemark>
    <Placemark>
      <name>4001-PV</name>
      <description>OR Solar 8, LLC (10.0 MW)</description>
      <styleUrl>#PV-2</styleUrl>
      <Point><coordinates>-121.585833,42.238888,0</coordinates></Point>
    </Placemark>
    <Placemark>
      <name>4001-PV</name>
      <description>Oregon Convention Center (1.4 MW)</description>
      <styleUrl>#PV-2</styleUrl>
      <Point><coordinates>-122.66317,45.528457,0</coordinates></Point>
    </Placemark>
    <Placemark>
      <name>4001-PV</name>
      <description>Oregon University System OIT Klamath Falls (1.7 MW)</description>
      <styleUrl>#PV-2</styleUrl>
      <Point><coordinates>-121.785,42.254167,0</coordinates></Point>
    </Placemark>
    <Placemark>
      <name>4001-PV</name>
      <description>Oregon University System Rabbit Field (1.2 MW)</description>
      <styleUrl>#PV-2</styleUrl>
      <Point><coordinates>-123.31695,44.573484,0</coordinates></Point>
    </Placemark>
    <Placemark>
      <name>4001-PV</name>
      <description>OSLH, LLC (9.9 MW)</description>
      <styleUrl>#PV-2</styleUrl>
      <Point><coordinates>-121.228,44.061,0</coordinates></Point>
    </Placemark>
    <Placemark>
      <name>4001-PV</name>
      <description>Outback Solar At Christmas Valley (4.4 MW)</description>
      <styleUrl>#PV-2</styleUrl>
      <Point><coordinates>-120.49,43.236944,0</coordinates></Point>
    </Placemark>
    <Placemark>
      <name>4001-PV</name>
      <description>Palmer Creek Solar, LLC (2.3 MW)</description>
      <styleUrl>#PV-2</styleUrl>
      <Point><coordinates>-123.10175,45.18484,0</coordinates></Point>
    </Placemark>
    <Placemark>
      <name>4001-PV</name>
      <description>Pika Solar (2.2 MW)</description>
      <styleUrl>#PV-2</styleUrl>
      <Point><coordinates>-122.7705,45.089244,0</coordinates></Point>
    </Placemark>
    <Placemark>
      <name>4001-PV</name>
      <description>Prineville Solar Energy LLC (40.0 MW)</description>
      <styleUrl>#PV-2</styleUrl>
      <Point><coordinates>-120.524077,44.163296,0</coordinates></Point>
    </Placemark>
    <Placemark>
      <name>4001-PV</name>
      <description>Rafael Solar (2.2 MW)</description>
      <styleUrl>#PV-2</styleUrl>
      <Point><coordinates>-123.007913,44.859838,0</coordinates></Point>
    </Placemark>
    <Placemark>
      <name>6101-PV</name>
      <description>Railroad Solar Center, LLC (4.5 MW)</description>
      <styleUrl>#PV-2</styleUrl>
      <Point><coordinates>-117.10118,43.998019,0</coordinates></Point>
    </Placemark>
    <Placemark>
      <name>4001-PV</name>
      <description>Red Prairie Solar (2.2 MW)</description>
      <styleUrl>#PV-2</styleUrl>
      <Point><coordinates>-123.417361,45.087389,0</coordinates></Point>
    </Placemark>
    <Placemark>
      <name>4001-PV</name>
      <description>Riley (10.0 MW)</description>
      <styleUrl>#PV-2</styleUrl>
      <Point><coordinates>-119.6852,43.5559,0</coordinates></Point>
    </Placemark>
    <Placemark>
      <name>4001-PV</name>
      <description>River Valley Solar (1.9 MW)</description>
      <styleUrl>#PV-2</styleUrl>
      <Point><coordinates>-122.828,45.128,0</coordinates></Point>
    </Placemark>
    <Placemark>
      <name>4001-PV</name>
      <description>Rock Garden Solar, LLC (10.0 MW)</description>
      <styleUrl>#PV-2</styleUrl>
      <Point><coordinates>-120.93038,43.39691,0</coordinates></Point>
    </Placemark>
    <Placemark>
      <name>4001-PV</name>
      <description>Sandy River Solar (CSG) (1.9 MW)</description>
      <styleUrl>#PV-2</styleUrl>
      <Point><coordinates>-122.29516,45.431055,0</coordinates></Point>
    </Placemark>
    <Placemark>
      <name>4001-PV</name>
      <description>Sesqui-C Solar (CSG) (2.5 MW)</description>
      <styleUrl>#PV-2</styleUrl>
      <Point><coordinates>-123.1769,45.32543,0</coordinates></Point>
    </Placemark>
    <Placemark>
      <name>4001-PV</name>
      <description>Sheep Solar (2.2 MW)</description>
      <styleUrl>#PV-2</styleUrl>
      <Point><coordinates>-122.949,44.826,0</coordinates></Point>
    </Placemark>
    <Placemark>
      <name>4001-PV</name>
      <description>Silverton Solar (2.2 MW)</description>
      <styleUrl>#PV-2</styleUrl>
      <Point><coordinates>-122.807,45.014,0</coordinates></Point>
    </Placemark>
    <Placemark>
      <name>4001-PV</name>
      <description>Solar Star Oregon II (56.3 MW)</description>
      <styleUrl>#PV-2</styleUrl>
      <Point><coordinates>-120.918,44.1843,0</coordinates></Point>
    </Placemark>
    <Placemark>
      <name>4001-PV</name>
      <description>SSD Clackamas 1, LLC (4.0 MW)</description>
      <styleUrl>#PV-2</styleUrl>
      <Point><coordinates>-122.333,45.42,0</coordinates></Point>
    </Placemark>
    <Placemark>
      <name>4001-PV</name>
      <description>SSD Clackamas 4, LLC (2.0 MW)</description>
      <styleUrl>#PV-2</styleUrl>
      <Point><coordinates>-122.662,45.102,0</coordinates></Point>
    </Placemark>
    <Placemark>
      <name>4001-PV</name>
      <description>SSD Clackamas 7, LLC (2.0 MW)</description>
      <styleUrl>#PV-2</styleUrl>
      <Point><coordinates>-122.591,45.182,0</coordinates></Point>
    </Placemark>
    <Placemark>
      <name>4001-PV</name>
      <description>SSD Marion 1, LLC (2.0 MW)</description>
      <styleUrl>#PV-2</styleUrl>
      <Point><coordinates>-122.904499,45.139507,0</coordinates></Point>
    </Placemark>
    <Placemark>
      <name>4001-PV</name>
      <description>SSD Marion 3, LLC (2.0 MW)</description>
      <styleUrl>#PV-2</styleUrl>
      <Point><coordinates>-122.938,44.985,0</coordinates></Point>
    </Placemark>
    <Placemark>
      <name>4001-PV</name>
      <description>SSD Marion 5, LLC (2.0 MW)</description>
      <styleUrl>#PV-2</styleUrl>
      <Point><coordinates>-122.793791,45.11601,0</coordinates></Point>
    </Placemark>
    <Placemark>
      <name>4001-PV</name>
      <description>SSD Marion 6, LLC (2.0 MW)</description>
      <styleUrl>#PV-2</styleUrl>
      <Point><coordinates>-122.806,45.254,0</coordinates></Point>
    </Placemark>
    <Placemark>
      <name>4001-PV</name>
      <description>St Louis Solar (2.2 MW)</description>
      <styleUrl>#PV-2</styleUrl>
      <Point><coordinates>-122.9361,45.11994,0</coordinates></Point>
    </Placemark>
    <Placemark>
      <name>4001-PV</name>
      <description>Starvation (9.9 MW)</description>
      <styleUrl>#PV-2</styleUrl>
      <Point><coordinates>-119.14852,43.50222,0</coordinates></Point>
    </Placemark>
    <Placemark>
      <name>4001-PV</name>
      <description>Steel Bridge Solar, LLC (2.3 MW)</description>
      <styleUrl>#PV-2</styleUrl>
      <Point><coordinates>-123.47,45.068,0</coordinates></Point>
    </Placemark>
    <Placemark>
      <name>4001-PV</name>
      <description>SulusSolar17 (3.1 MW)</description>
      <styleUrl>#PV-2</styleUrl>
      <Point><coordinates>-122.433515,45.34891,0</coordinates></Point>
    </Placemark>
    <Placemark>
      <name>4001-PV</name>
      <description>SulusSolar22 (3.0 MW)</description>
      <styleUrl>#PV-2</styleUrl>
      <Point><coordinates>-122.78,44.97,0</coordinates></Point>
    </Placemark>
    <Placemark>
      <name>4001-PV</name>
      <description>SulusSolar25 (2.2 MW)</description>
      <styleUrl>#PV-2</styleUrl>
      <Point><coordinates>-122.82,45.27,0</coordinates></Point>
    </Placemark>
    <Placemark>
      <name>4001-PV</name>
      <description>SulusSolar28 (3.0 MW)</description>
      <styleUrl>#PV-2</styleUrl>
      <Point><coordinates>-123.52,45.1,0</coordinates></Point>
    </Placemark>
    <Placemark>
      <name>4001-PV</name>
      <description>SulusSolar29 (2.6 MW)</description>
      <styleUrl>#PV-2</styleUrl>
      <Point><coordinates>-122.29,45.46,0</coordinates></Point>
    </Placemark>
    <Placemark>
      <name>4001-PV</name>
      <description>SulusSolar33 (3.0 MW)</description>
      <styleUrl>#PV-2</styleUrl>
      <Point><coordinates>-123.4,45.08,0</coordinates></Point>
    </Placemark>
    <Placemark>
      <name>4001-PV</name>
      <description>SulusSolar35 (3.0 MW)</description>
      <styleUrl>#PV-2</styleUrl>
      <Point><coordinates>-122.649655,45.140551,0</coordinates></Point>
    </Placemark>
    <Placemark>
      <name>4001-PV</name>
      <description>Suntex Solar, LLC (10.0 MW)</description>
      <styleUrl>#PV-2</styleUrl>
      <Point><coordinates>-119.68621,43.56149,0</coordinates></Point>
    </Placemark>
    <Placemark>
      <name>4001-PV</name>
      <description>Thomas Creek Solar (2.2 MW)</description>
      <styleUrl>#PV-2</styleUrl>
      <Point><coordinates>-122.619475,45.131407,0</coordinates></Point>
    </Placemark>
    <Placemark>
      <name>6101-PV</name>
      <description>Thunderegg Solar Center, LLC (10.0 MW)</description>
      <styleUrl>#PV-2</styleUrl>
      <Point><coordinates>-116.987626,43.93097,0</coordinates></Point>
    </Placemark>
    <Placemark>
      <name>4001-PV</name>
      <description>Tickle Creek Solar (1.9 MW)</description>
      <styleUrl>#PV-2</styleUrl>
      <Point><coordinates>-122.265,45.375,0</coordinates></Point>
    </Placemark>
    <Placemark>
      <name>4001-PV</name>
      <description>Tumbleweed Solar, LLC (9.9 MW)</description>
      <styleUrl>#PV-2</styleUrl>
      <Point><coordinates>-121.233106,44.192575,0</coordinates></Point>
    </Placemark>
    <Placemark>
      <name>6101-PV</name>
      <description>Vale Air Solar Center, LLC (10.0 MW)</description>
      <styleUrl>#PV-2</styleUrl>
      <Point><coordinates>-117.25806,43.965031,0</coordinates></Point>
    </Placemark>
    <Placemark>
      <name>6101-PV</name>
      <description>Vale Solar Center (3.0 MW)</description>
      <styleUrl>#PV-2</styleUrl>
      <Point><coordinates>-117.44434,44.157874,0</coordinates></Point>
    </Placemark>
    <Placemark>
      <name>4001-PV</name>
      <description>Valley Creek Solar (2.2 MW)</description>
      <styleUrl>#PV-2</styleUrl>
      <Point><coordinates>-123.094,45.033,0</coordinates></Point>
    </Placemark>
    <Placemark>
      <name>4001-PV</name>
      <description>West Hines Solar I, LLC (10.0 MW)</description>
      <styleUrl>#PV-2</styleUrl>
      <Point><coordinates>-119.14713,43.50259,0</coordinates></Point>
    </Placemark>
    <Placemark>
      <name>4001-PV</name>
      <description>Williams Acres Solar (2.5 MW)</description>
      <styleUrl>#PV-2</styleUrl>
      <Point><coordinates>-122.799,45.137,0</coordinates></Point>
    </Placemark>
    <Placemark>
      <name>4001-PV</name>
      <description>Woodline Solar (8.0 MW)</description>
      <styleUrl>#PV-2</styleUrl>
      <Point><coordinates>-121.57766,42.236443,0</coordinates></Point>
    </Placemark>
    <Placemark>
      <name>4001-PV</name>
      <description>WyEast Solar (10.0 MW)</description>
      <styleUrl>#PV-2</styleUrl>
      <Point><coordinates>-120.59994,45.5846,0</coordinates></Point>
    </Placemark>
    <Placemark>
      <name>4001-PV</name>
      <description>Yamhill Solar LLC (1.0 MW)</description>
      <styleUrl>#PV-2</styleUrl>
      <Point><coordinates>-123.278611,45.108889,0</coordinates></Point>
    </Placemark>
    <Placemark>
      <name>1302-PV</name>
      <description>Beryl Solar Plant (3.0 MW)</description>
      <styleUrl>#PV-2</styleUrl>
      <Point><coordinates>-113.645833,37.639167,0</coordinates></Point>
    </Placemark>
    <Placemark>
      <name>1302-PV</name>
      <description>Bloomington Solar I (2.0 MW)</description>
      <styleUrl>#PV-2</styleUrl>
      <Point><coordinates>-113.627523,37.043828,0</coordinates></Point>
    </Placemark>
    <Placemark>
      <name>1302-PV</name>
      <description>Buckhorn Solar Plant (3.0 MW)</description>
      <styleUrl>#PV-2</styleUrl>
      <Point><coordinates>-112.731667,38.023333,0</coordinates></Point>
    </Placemark>
    <Placemark>
      <name>1302-PV</name>
      <description>Cedar Valley Solar Plant (3.0 MW)</description>
      <styleUrl>#PV-2</styleUrl>
      <Point><coordinates>-113.09,37.807778,0</coordinates></Point>
    </Placemark>
    <Placemark>
      <name>6503-PV</name>
      <description>Clover Creek Solar Community Solar (80.0 MW)</description>
      <styleUrl>#PV-2</styleUrl>
      <Point><coordinates>-111.887656,39.840652,0</coordinates></Point>
    </Placemark>
    <Placemark>
      <name>1302-PV</name>
      <description>Cove Mountain Solar (58.0 MW)</description>
      <styleUrl>#PV-2</styleUrl>
      <Point><coordinates>-113.619219,37.623123,0</coordinates></Point>
    </Placemark>
    <Placemark>
      <name>1302-PV</name>
      <description>Cove Mountain Solar 2 (122.0 MW)</description>
      <styleUrl>#PV-2</styleUrl>
      <Point><coordinates>-113.637097,37.638602,0</coordinates></Point>
    </Placemark>
    <Placemark>
      <name>1302-PV</name>
      <description>Enterprise Solar, LLC (80.0 MW)</description>
      <styleUrl>#PV-2</styleUrl>
      <Point><coordinates>-113.6125,37.641111,0</coordinates></Point>
    </Placemark>
    <Placemark>
      <name>1302-PV</name>
      <description>Escalante Solar I, LLC (80.0 MW)</description>
      <styleUrl>#PV-2</styleUrl>
      <Point><coordinates>-113.033889,38.524167,0</coordinates></Point>
    </Placemark>
    <Placemark>
      <name>1302-PV</name>
      <description>Escalante Solar II, LLC (80.0 MW)</description>
      <styleUrl>#PV-2</styleUrl>
      <Point><coordinates>-113.03,38.500833,0</coordinates></Point>
    </Placemark>
    <Placemark>
      <name>1302-PV</name>
      <description>Escalante Solar III, LLC (80.0 MW)</description>
      <styleUrl>#PV-2</styleUrl>
      <Point><coordinates>-112.986944,38.497778,0</coordinates></Point>
    </Placemark>
    <Placemark>
      <name>1302-PV</name>
      <description>Fiddler's Canyon #1 (3.0 MW)</description>
      <styleUrl>#PV-2</styleUrl>
      <Point><coordinates>-113.253724,37.750268,0</coordinates></Point>
    </Placemark>
    <Placemark>
      <name>1302-PV</name>
      <description>Fiddler's Canyon #2 (3.0 MW)</description>
      <styleUrl>#PV-2</styleUrl>
      <Point><coordinates>-113.283666,37.794678,0</coordinates></Point>
    </Placemark>
    <Placemark>
      <name>1302-PV</name>
      <description>Fiddler's Canyon 3 (3.0 MW)</description>
      <styleUrl>#PV-2</styleUrl>
      <Point><coordinates>-113.216634,37.731338,0</coordinates></Point>
    </Placemark>
    <Placemark>
      <name>1302-PV</name>
      <description>Granite Mountain Solar East, LLC (80.0 MW)</description>
      <styleUrl>#PV-2</styleUrl>
      <Point><coordinates>-113.226403,37.77509,0</coordinates></Point>
    </Placemark>
    <Placemark>
      <name>1302-PV</name>
      <description>Granite Mountain Solar West, LLC (50.4 MW)</description>
      <styleUrl>#PV-2</styleUrl>
      <Point><coordinates>-113.322,37.7989,0</coordinates></Point>
    </Placemark>
    <Placemark>
      <name>1302-PV</name>
      <description>Granite Peak Solar Plant (3.0 MW)</description>
      <styleUrl>#PV-2</styleUrl>
      <Point><coordinates>-112.988889,38.402778,0</coordinates></Point>
    </Placemark>
    <Placemark>
      <name>6503-PV</name>
      <description>Graphite Solar I (80.0 MW)</description>
      <styleUrl>#PV-2</styleUrl>
      <Point><coordinates>-110.71209,39.54844,0</coordinates></Point>
    </Placemark>
    <Placemark>
      <name>1302-PV</name>
      <description>Greenville Solar Plant (2.2 MW)</description>
      <styleUrl>#PV-2</styleUrl>
      <Point><coordinates>-112.735833,38.256111,0</coordinates></Point>
    </Placemark>
    <Placemark>
      <name>6503-PV</name>
      <description>Gunnison Solar (1.5 MW)</description>
      <styleUrl>#PV-2</styleUrl>
      <Point><coordinates>-111.80102,39.16743,0</coordinates></Point>
    </Placemark>
    <Placemark>
      <name>6503-PV</name>
      <description>Hunter Solar LLC (UT) (100.0 MW)</description>
      <styleUrl>#PV-2</styleUrl>
      <Point><coordinates>-111.051111,39.142217,0</coordinates></Point>
    </Placemark>
    <Placemark>
      <name>1302-PV</name>
      <description>Iron Springs Solar, LLC (80.0 MW)</description>
      <styleUrl>#PV-2</styleUrl>
      <Point><coordinates>-113.1516,37.7212,0</coordinates></Point>
    </Placemark>
    <Placemark>
      <name>1302-PV</name>
      <description>Laho Solar Plant (3.0 MW)</description>
      <styleUrl>#PV-2</styleUrl>
      <Point><coordinates>-113.035556,38.291389,0</coordinates></Point>
    </Placemark>
    <Placemark>
      <name>1302-PV</name>
      <description>Milford 2 (3.0 MW)</description>
      <styleUrl>#PV-2</styleUrl>
      <Point><coordinates>-112.990812,38.388243,0</coordinates></Point>
    </Placemark>
    <Placemark>
      <name>1302-PV</name>
      <description>Milford Flat Solar Plant (3.0 MW)</description>
      <styleUrl>#PV-2</styleUrl>
      <Point><coordinates>-113.008333,38.291389,0</coordinates></Point>
    </Placemark>
    <Placemark>
      <name>1302-PV</name>
      <description>Milford Solar 1 (99.0 MW)</description>
      <styleUrl>#PV-2</styleUrl>
      <Point><coordinates>-113.018283,38.490667,0</coordinates></Point>
    </Placemark>
    <Placemark>
      <name>6503-PV</name>
      <description>Pavant Solar II LLC (50.0 MW)</description>
      <styleUrl>#PV-2</styleUrl>
      <Point><coordinates>-112.343,39.1625,0</coordinates></Point>
    </Placemark>
    <Placemark>
      <name>6503-PV</name>
      <description>Pavant Solar III (20.0 MW)</description>
      <styleUrl>#PV-2</styleUrl>
      <Point><coordinates>-112.359849,39.154474,0</coordinates></Point>
    </Placemark>
    <Placemark>
      <name>6503-PV</name>
      <description>Pavant Solar, LLC (50.0 MW)</description>
      <styleUrl>#PV-2</styleUrl>
      <Point><coordinates>-112.36327,38.960519,0</coordinates></Point>
    </Placemark>
    <Placemark>
      <name>1302-PV</name>
      <description>Quichapa 1 (3.0 MW)</description>
      <styleUrl>#PV-2</styleUrl>
      <Point><coordinates>-113.216679,37.658223,0</coordinates></Point>
    </Placemark>
    <Placemark>
      <name>1302-PV</name>
      <description>Quichapa 2 (3.0 MW)</description>
      <styleUrl>#PV-2</styleUrl>
      <Point><coordinates>-113.188953,37.666772,0</coordinates></Point>
    </Placemark>
    <Placemark>
      <name>1302-PV</name>
      <description>Quichapa 3 (3.0 MW)</description>
      <styleUrl>#PV-2</styleUrl>
      <Point><coordinates>-113.236928,37.649816,0</coordinates></Point>
    </Placemark>
    <Placemark>
      <name>6503-PV</name>
      <description>Sage Solar I-III (57.6 MW)</description>
      <styleUrl>#PV-2</styleUrl>
      <Point><coordinates>-111.06,41.77,0</coordinates></Point>
    </Placemark>
    <Placemark>
      <name>6503-PV</name>
      <description>Salt Palace Solar Gen Plant (1.3 MW)</description>
      <styleUrl>#PV-2</styleUrl>
      <Point><coordinates>-111.895,40.767222,0</coordinates></Point>
    </Placemark>
    <Placemark>
      <name>6503-PV</name>
      <description>Sigurd Solar LLC (80.0 MW)</description>
      <styleUrl>#PV-2</styleUrl>
      <Point><coordinates>-112.005212,38.850544,0</coordinates></Point>
    </Placemark>
    <Placemark>
      <name>1302-PV</name>
      <description>South Milford Solar Plant (2.9 MW)</description>
      <styleUrl>#PV-2</styleUrl>
      <Point><coordinates>-113.053611,38.311111,0</coordinates></Point>
    </Placemark>
    <Placemark>
      <name>6503-PV</name>
      <description>Spanish Fork Community Solar (4.0 MW)</description>
      <styleUrl>#PV-2</styleUrl>
      <Point><coordinates>-111.63336,40.127951,0</coordinates></Point>
    </Placemark>
    <Placemark>
      <name>1302-PV</name>
      <description>Three Peaks Power (80.0 MW)</description>
      <styleUrl>#PV-2</styleUrl>
      <Point><coordinates>-113.137082,37.827082,0</coordinates></Point>
    </Placemark>
    <Placemark>
      <name>1302-PV</name>
      <description>Utah Red Hills Renewable Energy Park (80.0 MW)</description>
      <styleUrl>#PV-2</styleUrl>
      <Point><coordinates>-112.904167,37.882778,0</coordinates></Point>
    </Placemark>
    <Placemark>
      <name>6101-PV</name>
      <description>Weber State University - Davis Campus PV (1.3 MW)</description>
      <styleUrl>#PV-2</styleUrl>
      <Point><coordinates>-111.982167,41.098957,0</coordinates></Point>
    </Placemark>
    <Placemark>
      <name>5001-PV</name>
      <description>Adams Nielson Solar (19.2 MW)</description>
      <styleUrl>#PV-2</styleUrl>
      <Point><coordinates>-118.621244,46.95528,0</coordinates></Point>
    </Placemark>
    <Placemark>
      <name>5001-PV</name>
      <description>Arlington Microgrid (1.5 MW)</description>
      <styleUrl>#PV-2</styleUrl>
      <Point><coordinates>-122.1502,48.15614,0</coordinates></Point>
    </Placemark>
    <Placemark>
      <name>5001-PV</name>
      <description>Camas Solar Project (5.0 MW)</description>
      <styleUrl>#PV-2</styleUrl>
      <Point><coordinates>-120.50905,46.95931,0</coordinates></Point>
    </Placemark>
    <Placemark>
      <name>5001-PV</name>
      <description>Horn Rapids Solar, Storage and Training (4.2 MW)</description>
      <styleUrl>#PV-2</styleUrl>
      <Point><coordinates>-119.3222,46.3529,0</coordinates></Point>
    </Placemark>
    <Placemark>
      <name>4001-PV</name>
      <description>Lund Hill Solar (150.0 MW)</description>
      <styleUrl>#PV-2</styleUrl>
      <Point><coordinates>-120.355,45.888,0</coordinates></Point>
    </Placemark>
    <Placemark>
      <name>5001-PV</name>
      <description>Penstemon Solar Project (5.0 MW)</description>
      <styleUrl>#PV-2</styleUrl>
      <Point><coordinates>-120.50905,46.95931,0</coordinates></Point>
    </Placemark>
    <Placemark>
      <name>5001-PV</name>
      <description>Urtica Solar Project (5.0 MW)</description>
      <styleUrl>#PV-2</styleUrl>
      <Point><coordinates>-120.68974,47.10754,0</coordinates></Point>
    </Placemark>
    <Placemark>
      <name>6503-PV</name>
      <description>Sweetwater Solar (92.0 MW)</description>
      <styleUrl>#PV-2</styleUrl>
      <Point><coordinates>-109.683472,41.629056,0</coordinates></Point>
    </Placemark>
  </Folder>
  <Folder>
    <name>Wind</name>
    <Placemark>
      <name>1004-WT</name>
      <description>Dry Lake Wind LLC (63.0 MW)</description>
      <styleUrl>#Wind-2</styleUrl>
      <Point><coordinates>-110.2842,34.6596,0</coordinates></Point>
    </Placemark>
    <Placemark>
      <name>2408-WT</name>
      <description>Kingman 1 (10.5 MW)</description>
      <styleUrl>#Wind-2</styleUrl>
      <Point><coordinates>-114.0675,35.145833,0</coordinates></Point>
    </Placemark>
    <Placemark>
      <name>2408-WT</name>
      <description>Mohave County Wind Farm (350.0 MW)</description>
      <styleUrl>#Wind-2</styleUrl>
      <Point><coordinates>-114.504504,35.791142,0</coordinates></Point>
    </Placemark>
    <Placemark>
      <name>1004-WT</name>
      <description>Perrin Ranch Wind LLC (99.2 MW)</description>
      <styleUrl>#Wind-2</styleUrl>
      <Point><coordinates>-112.271111,35.415556,0</coordinates></Point>
    </Placemark>
    <Placemark>
      <name>1004-WT</name>
      <description>Poseidon Wind, LLC (65.1 MW)</description>
      <styleUrl>#Wind-2</styleUrl>
      <Point><coordinates>-110.1734,34.6062,0</coordinates></Point>
    </Placemark>
    <Placemark>
      <name>2408-WT</name>
      <description>85 A (21.3 MW)</description>
      <styleUrl>#Wind-2</styleUrl>
      <Point><coordinates>-118.324772,35.095797,0</coordinates></Point>
    </Placemark>
    <Placemark>
      <name>2408-WT</name>
      <description>85 B (25.2 MW)</description>
      <styleUrl>#Wind-2</styleUrl>
      <Point><coordinates>-118.332533,35.102577,0</coordinates></Point>
    </Placemark>
    <Placemark>
      <name>2408-WT</name>
      <description>Alta Wind Energy Center I (150.0 MW)</description>
      <styleUrl>#Wind-2</styleUrl>
      <Point><coordinates>-118.353422,35.033725,0</coordinates></Point>
    </Placemark>
    <Placemark>
      <name>2408-WT</name>
      <description>Alta Wind Energy Center II (150.0 MW)</description>
      <styleUrl>#Wind-2</styleUrl>
      <Point><coordinates>-118.295278,35.023889,0</coordinates></Point>
    </Placemark>
    <Placemark>
      <name>2408-WT</name>
      <description>Alta Wind Energy Center III (150.0 MW)</description>
      <styleUrl>#Wind-2</styleUrl>
      <Point><coordinates>-118.295278,35.023889,0</coordinates></Point>
    </Placemark>
    <Placemark>
      <name>2408-WT</name>
      <description>Alta Wind Energy Center IV (102.0 MW)</description>
      <styleUrl>#Wind-2</styleUrl>
      <Point><coordinates>-118.242222,35.008611,0</coordinates></Point>
    </Placemark>
    <Placemark>
      <name>2408-WT</name>
      <description>Alta Wind Energy Center V (168.0 MW)</description>
      <styleUrl>#Wind-2</styleUrl>
      <Point><coordinates>-118.242222,35.008611,0</coordinates></Point>
    </Placemark>
    <Placemark>
      <name>2408-WT</name>
      <description>Alta Wind VIII (150.0 MW)</description>
      <styleUrl>#Wind-2</styleUrl>
      <Point><coordinates>-118.234811,35.026683,0</coordinates></Point>
    </Placemark>
    <Placemark>
      <name>2408-WT</name>
      <description>Alta Wind X (138.0 MW)</description>
      <styleUrl>#Wind-2</styleUrl>
      <Point><coordinates>-118.2,35.06,0</coordinates></Point>
    </Placemark>
    <Placemark>
      <name>2408-WT</name>
      <description>Alta Wind XI (90.0 MW)</description>
      <styleUrl>#Wind-2</styleUrl>
      <Point><coordinates>-118.39,35.065,0</coordinates></Point>
    </Placemark>
    <Placemark>
      <name>3204-WT</name>
      <description>Anheuser-Busch #2 (1.6 MW)</description>
      <styleUrl>#Wind-2</styleUrl>
      <Point><coordinates>-122.0925,38.233611,0</coordinates></Point>
    </Placemark>
    <Placemark>
      <name>2408-WT</name>
      <description>Brookfield Tehachapi 1 (102.0 MW)</description>
      <styleUrl>#Wind-2</styleUrl>
      <Point><coordinates>-118.241389,35.008333,0</coordinates></Point>
    </Placemark>
    <Placemark>
      <name>3903-WT</name>
      <description>Buena Vista Energy LLC (38.0 MW)</description>
      <styleUrl>#Wind-2</styleUrl>
      <Point><coordinates>-121.6672,37.805,0</coordinates></Point>
    </Placemark>
    <Placemark>
      <name>2408-WT</name>
      <description>Cabazon Wind Partners (41.0 MW)</description>
      <styleUrl>#Wind-2</styleUrl>
      <Point><coordinates>-116.735,33.9172,0</coordinates></Point>
    </Placemark>
    <Placemark>
      <name>2408-WT</name>
      <description>Cameron Ridge LLC (59.6 MW)</description>
      <styleUrl>#Wind-2</styleUrl>
      <Point><coordinates>-118.3158,35.075,0</coordinates></Point>
    </Placemark>
    <Placemark>
      <name>3903-WT</name>
      <description>City of Soledad Water Reclamation (1.0 MW)</description>
      <styleUrl>#Wind-2</styleUrl>
      <Point><coordinates>-121.340278,36.421111,0</coordinates></Point>
    </Placemark>
    <Placemark>
      <name>2408-WT</name>
      <description>Coachella Hills Wind (61.2 MW)</description>
      <styleUrl>#Wind-2</styleUrl>
      <Point><coordinates>-116.5797,33.9077,0</coordinates></Point>
    </Placemark>
    <Placemark>
      <name>2408-WT</name>
      <description>Coram Energy LLC (3.0 MW)</description>
      <styleUrl>#Wind-2</styleUrl>
      <Point><coordinates>-118.3417,35.075,0</coordinates></Point>
    </Placemark>
    <Placemark>
      <name>2408-WT</name>
      <description>Coram Energy LLC (ECT) (7.5 MW)</description>
      <styleUrl>#Wind-2</styleUrl>
      <Point><coordinates>-118.3417,35.0583,0</coordinates></Point>
    </Placemark>
    <Placemark>
      <name>2408-WT</name>
      <description>Coram Tehachapi (6.5 MW)</description>
      <styleUrl>#Wind-2</styleUrl>
      <Point><coordinates>-118.339444,35.0663,0</coordinates></Point>
    </Placemark>
    <Placemark>
      <name>2408-WT</name>
      <description>CTV Power Purchase Contract Trust (4.6 MW)</description>
      <styleUrl>#Wind-2</styleUrl>
      <Point><coordinates>-118.3083,35.0583,0</coordinates></Point>
    </Placemark>
    <Placemark>
      <name>3903-WT</name>
      <description>Diablo Winds LLC (18.0 MW)</description>
      <styleUrl>#Wind-2</styleUrl>
      <Point><coordinates>-121.614392,37.763653,0</coordinates></Point>
    </Placemark>
    <Placemark>
      <name>2408-WT</name>
      <description>Difwind Farms Ltd VI (27.1 MW)</description>
      <styleUrl>#Wind-2</styleUrl>
      <Point><coordinates>-118.1714,35.0506,0</coordinates></Point>
    </Placemark>
    <Placemark>
      <name>2408-WT</name>
      <description>Dillon Wind LLC (45.0 MW)</description>
      <styleUrl>#Wind-2</styleUrl>
      <Point><coordinates>-116.5527,33.9393,0</coordinates></Point>
    </Placemark>
    <Placemark>
      <name>3903-WT</name>
      <description>Dinosaur Point (17.4 MW)</description>
      <styleUrl>#Wind-2</styleUrl>
      <Point><coordinates>-121.1708,37.0478,0</coordinates></Point>
    </Placemark>
    <Placemark>
      <name>2408-WT</name>
      <description>East Winds Project (3.0 MW)</description>
      <styleUrl>#Wind-2</styleUrl>
      <Point><coordinates>-116.541515,33.890913,0</coordinates></Point>
    </Placemark>
    <Placemark>
      <name>3204-WT</name>
      <description>EDF Renewable Windfarm V Inc (15.5 MW)</description>
      <styleUrl>#Wind-2</styleUrl>
      <Point><coordinates>-121.8333,38.1167,0</coordinates></Point>
    </Placemark>
    <Placemark>
      <name>2408-WT</name>
      <description>Edom Hills Project 1 LLC (20.0 MW)</description>
      <styleUrl>#Wind-2</styleUrl>
      <Point><coordinates>-116.460278,33.881667,0</coordinates></Point>
    </Placemark>
    <Placemark>
      <name>3204-WT</name>
      <description>Foundation AB (1.5 MW)</description>
      <styleUrl>#Wind-2</styleUrl>
      <Point><coordinates>-122.092778,38.232222,0</coordinates></Point>
    </Placemark>
    <Placemark>
      <name>3903-WT</name>
      <description>Foundation California Training Facility (1.8 MW)</description>
      <styleUrl>#Wind-2</styleUrl>
      <Point><coordinates>-121.382,36.464,0</coordinates></Point>
    </Placemark>
    <Placemark>
      <name>2408-WT</name>
      <description>Foundation CDCR LAC (1.9 MW)</description>
      <styleUrl>#Wind-2</styleUrl>
      <Point><coordinates>-118.221,34.691,0</coordinates></Point>
    </Placemark>
    <Placemark>
      <name>2408-WT</name>
      <description>Foundation Cemex BMQ (3.0 MW)</description>
      <styleUrl>#Wind-2</styleUrl>
      <Point><coordinates>-117.1125,34.623056,0</coordinates></Point>
    </Placemark>
    <Placemark>
      <name>3204-WT</name>
      <description>Foundation Cemex Madison (1.0 MW)</description>
      <styleUrl>#Wind-2</styleUrl>
      <Point><coordinates>-121.9325,38.692778,0</coordinates></Point>
    </Placemark>
    <Placemark>
      <name>2408-WT</name>
      <description>Foundation Cemex River Plant (3.2 MW)</description>
      <styleUrl>#Wind-2</styleUrl>
      <Point><coordinates>-117.307222,34.561944,0</coordinates></Point>
    </Placemark>
    <Placemark>
      <name>3903-WT</name>
      <description>Foundation Dole Fresh Vegetables (5.6 MW)</description>
      <styleUrl>#Wind-2</styleUrl>
      <Point><coordinates>-121.350083,36.459294,0</coordinates></Point>
    </Placemark>
    <Placemark>
      <name>2408-WT</name>
      <description>Foundation IE (1.0 MW)</description>
      <styleUrl>#Wind-2</styleUrl>
      <Point><coordinates>-117.529444,34.084722,0</coordinates></Point>
    </Placemark>
    <Placemark>
      <name>3903-WT</name>
      <description>Foundation Mann Packing (1.8 MW)</description>
      <styleUrl>#Wind-2</styleUrl>
      <Point><coordinates>-121.454,36.504,0</coordinates></Point>
    </Placemark>
    <Placemark>
      <name>2408-WT</name>
      <description>Foundation NWNA (5.1 MW)</description>
      <styleUrl>#Wind-2</styleUrl>
      <Point><coordinates>-116.749167,33.914167,0</coordinates></Point>
    </Placemark>
    <Placemark>
      <name>2408-WT</name>
      <description>Foundation RRM (2.0 MW)</description>
      <styleUrl>#Wind-2</styleUrl>
      <Point><coordinates>-116.815,33.917222,0</coordinates></Point>
    </Placemark>
    <Placemark>
      <name>3903-WT</name>
      <description>Foundation SaIinas Valley State Prison (1.8 MW)</description>
      <styleUrl>#Wind-2</styleUrl>
      <Point><coordinates>-121.371,36.474,0</coordinates></Point>
    </Placemark>
    <Placemark>
      <name>3903-WT</name>
      <description>Foundation Scheid Vineyards (1.9 MW)</description>
      <styleUrl>#Wind-2</styleUrl>
      <Point><coordinates>-121.191589,36.274508,0</coordinates></Point>
    </Placemark>
    <Placemark>
      <name>3903-WT</name>
      <description>Foundation ST (2.0 MW)</description>
      <styleUrl>#Wind-2</styleUrl>
      <Point><coordinates>-121.521666,37.714167,0</coordinates></Point>
    </Placemark>
    <Placemark>
      <name>3204-WT</name>
      <description>Foundation Superior Farms (1.0 MW)</description>
      <styleUrl>#Wind-2</styleUrl>
      <Point><coordinates>-121.818056,38.42,0</coordinates></Point>
    </Placemark>
    <Placemark>
      <name>3204-WT</name>
      <description>Foundation Wal-Mart Red Bluff (1.0 MW)</description>
      <styleUrl>#Wind-2</styleUrl>
      <Point><coordinates>-122.193889,40.111111,0</coordinates></Point>
    </Placemark>
    <Placemark>
      <name>3204-WT</name>
      <description>FPL Energy Montezuma Winds LLC (36.8 MW)</description>
      <styleUrl>#Wind-2</styleUrl>
      <Point><coordinates>-121.79661,38.163581,0</coordinates></Point>
    </Placemark>
    <Placemark>
      <name>2408-WT</name>
      <description>Garnet Wind Energy Center (6.5 MW)</description>
      <styleUrl>#Wind-2</styleUrl>
      <Point><coordinates>-116.5825,33.9053,0</coordinates></Point>
    </Placemark>
    <Placemark>
      <name>2408-WT</name>
      <description>Golden Acorn Casino (1.0 MW)</description>
      <styleUrl>#Wind-2</styleUrl>
      <Point><coordinates>-116.354587,32.702107,0</coordinates></Point>
    </Placemark>
    <Placemark>
      <name>3903-WT</name>
      <description>Golden Hills North Wind Energy Center (46.0 MW)</description>
      <styleUrl>#Wind-2</styleUrl>
      <Point><coordinates>-121.630163,37.769189,0</coordinates></Point>
    </Placemark>
    <Placemark>
      <name>3903-WT</name>
      <description>Golden Hills Wind (85.9 MW)</description>
      <styleUrl>#Wind-2</styleUrl>
      <Point><coordinates>-121.640353,37.713311,0</coordinates></Point>
    </Placemark>
    <Placemark>
      <name>2408-WT</name>
      <description>GPS Cabazon Wind LLC (38.9 MW)</description>
      <styleUrl>#Wind-2</styleUrl>
      <Point><coordinates>-116.71026,33.914986,0</coordinates></Point>
    </Placemark>
    <Placemark>
      <name>2408-WT</name>
      <description>Green Power I (16.5 MW)</description>
      <styleUrl>#Wind-2</styleUrl>
      <Point><coordinates>-116.7167,33.9014,0</coordinates></Point>
    </Placemark>
    <Placemark>
      <name>4001-WT</name>
      <description>Hatchet Ridge Wind Project (101.2 MW)</description>
      <styleUrl>#Wind-2</styleUrl>
      <Point><coordinates>-121.8036,40.8981,0</coordinates></Point>
    </Placemark>
    <Placemark>
      <name>2408-WT</name>
      <description>Helzel &amp; Schwarzhoff 86 (2.4 MW)</description>
      <styleUrl>#Wind-2</styleUrl>
      <Point><coordinates>-118.3952,35.0925,0</coordinates></Point>
    </Placemark>
    <Placemark>
      <name>3204-WT</name>
      <description>High Winds LLC (162.0 MW)</description>
      <styleUrl>#Wind-2</styleUrl>
      <Point><coordinates>-121.8053,38.1381,0</coordinates></Point>
    </Placemark>
    <Placemark>
      <name>2408-WT</name>
      <description>Karen Avenue Wind Farm (11.7 MW)</description>
      <styleUrl>#Wind-2</styleUrl>
      <Point><coordinates>-116.56222,33.92194,0</coordinates></Point>
    </Placemark>
    <Placemark>
      <name>2408-WT</name>
      <description>Kumeyaay Wind (50.0 MW)</description>
      <styleUrl>#Wind-2</styleUrl>
      <Point><coordinates>-116.3425,32.705556,0</coordinates></Point>
    </Placemark>
    <Placemark>
      <name>2408-WT</name>
      <description>Manzana Wind LLC (189.0 MW)</description>
      <styleUrl>#Wind-2</styleUrl>
      <Point><coordinates>-118.4612,34.9349,0</coordinates></Point>
    </Placemark>
    <Placemark>
      <name>2408-WT</name>
      <description>Mojave 16/17/18 (88.5 MW)</description>
      <styleUrl>#Wind-2</styleUrl>
      <Point><coordinates>-118.2642,35.045,0</coordinates></Point>
    </Placemark>
    <Placemark>
      <name>2408-WT</name>
      <description>Mojave 3/4/5 (75.0 MW)</description>
      <styleUrl>#Wind-2</styleUrl>
      <Point><coordinates>-118.2572,35.0506,0</coordinates></Point>
    </Placemark>
    <Placemark>
      <name>3204-WT</name>
      <description>Montezuma Wind II (78.2 MW)</description>
      <styleUrl>#Wind-2</styleUrl>
      <Point><coordinates>-121.821944,38.116667,0</coordinates></Point>
    </Placemark>
    <Placemark>
      <name>2408-WT</name>
      <description>Mountain View III (22.4 MW)</description>
      <styleUrl>#Wind-2</styleUrl>
      <Point><coordinates>-116.5914,33.9141,0</coordinates></Point>
    </Placemark>
    <Placemark>
      <name>2408-WT</name>
      <description>Mountain View IV (49.0 MW)</description>
      <styleUrl>#Wind-2</styleUrl>
      <Point><coordinates>-116.5527,33.8816,0</coordinates></Point>
    </Placemark>
    <Placemark>
      <name>2408-WT</name>
      <description>Mustang Hills LLC (150.0 MW)</description>
      <styleUrl>#Wind-2</styleUrl>
      <Point><coordinates>-118.293188,35.030855,0</coordinates></Point>
    </Placemark>
    <Placemark>
      <name>2408-WT</name>
      <description>North Sky River Energy LLC (162.0 MW)</description>
      <styleUrl>#Wind-2</styleUrl>
      <Point><coordinates>-118.186389,35.347778,0</coordinates></Point>
    </Placemark>
    <Placemark>
      <name>2408-WT</name>
      <description>Oak Creek Energy Systems I (34.5 MW)</description>
      <styleUrl>#Wind-2</styleUrl>
      <Point><coordinates>-118.276388,35.043889,0</coordinates></Point>
    </Placemark>
    <Placemark>
      <name>2408-WT</name>
      <description>Oasis Alta (14.4 MW)</description>
      <styleUrl>#Wind-2</styleUrl>
      <Point><coordinates>-118.291944,35.059166,0</coordinates></Point>
    </Placemark>
    <Placemark>
      <name>2408-WT</name>
      <description>Oasis Wind (60.3 MW)</description>
      <styleUrl>#Wind-2</styleUrl>
      <Point><coordinates>-118.292406,35.06094,0</coordinates></Point>
    </Placemark>
    <Placemark>
      <name>2408-WT</name>
      <description>Ocotillo Express LLC (265.4 MW)</description>
      <styleUrl>#Wind-2</styleUrl>
      <Point><coordinates>-116.044722,32.752778,0</coordinates></Point>
    </Placemark>
    <Placemark>
      <name>2408-WT</name>
      <description>Pacific Wind LLC (151.7 MW)</description>
      <styleUrl>#Wind-2</styleUrl>
      <Point><coordinates>-118.4325,34.891389,0</coordinates></Point>
    </Placemark>
    <Placemark>
      <name>2408-WT</name>
      <description>Painted Hills Wind Park (46.8 MW)</description>
      <styleUrl>#Wind-2</styleUrl>
      <Point><coordinates>-116.6183,33.9369,0</coordinates></Point>
    </Placemark>
    <Placemark>
      <name>2408-WT</name>
      <description>Pine Tree Wind Power Project (135.0 MW)</description>
      <styleUrl>#Wind-2</styleUrl>
      <Point><coordinates>-118.175356,35.248006,0</coordinates></Point>
    </Placemark>
    <Placemark>
      <name>2408-WT</name>
      <description>Pinyon Pine I (168.0 MW)</description>
      <styleUrl>#Wind-2</styleUrl>
      <Point><coordinates>-118.211835,35.043411,0</coordinates></Point>
    </Placemark>
    <Placemark>
      <name>2408-WT</name>
      <description>Pinyon Pine II (132.0 MW)</description>
      <styleUrl>#Wind-2</styleUrl>
      <Point><coordinates>-118.223333,35.026759,0</coordinates></Point>
    </Placemark>
    <Placemark>
      <name>2408-WT</name>
      <description>Point Wind (64.5 MW)</description>
      <styleUrl>#Wind-2</styleUrl>
      <Point><coordinates>-118.361389,35.080833,0</coordinates></Point>
    </Placemark>
    <Placemark>
      <name>2408-WT</name>
      <description>Ridgetop (46.8 MW)</description>
      <styleUrl>#Wind-2</styleUrl>
      <Point><coordinates>-118.3153,35.074,0</coordinates></Point>
    </Placemark>
    <Placemark>
      <name>2408-WT</name>
      <description>Ridgetop Energy LLC (29.0 MW)</description>
      <styleUrl>#Wind-2</styleUrl>
      <Point><coordinates>-118.3167,35.0697,0</coordinates></Point>
    </Placemark>
    <Placemark>
      <name>2408-WT</name>
      <description>Rising Tree Wind Farm (79.2 MW)</description>
      <styleUrl>#Wind-2</styleUrl>
      <Point><coordinates>-118.218333,35.0775,0</coordinates></Point>
    </Placemark>
    <Placemark>
      <name>2408-WT</name>
      <description>Rising Tree Wind Farm II (19.8 MW)</description>
      <styleUrl>#Wind-2</styleUrl>
      <Point><coordinates>-118.206389,35.088889,0</coordinates></Point>
    </Placemark>
    <Placemark>
      <name>2408-WT</name>
      <description>Rising Tree Wind Farm III (99.0 MW)</description>
      <styleUrl>#Wind-2</styleUrl>
      <Point><coordinates>-118.243333,35.060556,0</coordinates></Point>
    </Placemark>
    <Placemark>
      <name>2408-WT</name>
      <description>San Gorgonio Farms Wind Farm (31.0 MW)</description>
      <styleUrl>#Wind-2</styleUrl>
      <Point><coordinates>-116.615,33.926111,0</coordinates></Point>
    </Placemark>
    <Placemark>
      <name>2408-WT</name>
      <description>San Gorgonio Westwinds II LLC (43.4 MW)</description>
      <styleUrl>#Wind-2</styleUrl>
      <Point><coordinates>-116.5781,33.934,0</coordinates></Point>
    </Placemark>
    <Placemark>
      <name>2408-WT</name>
      <description>San Gorgonio Windplant WPP1993 (49.5 MW)</description>
      <styleUrl>#Wind-2</styleUrl>
      <Point><coordinates>-116.573906,33.918395,0</coordinates></Point>
    </Placemark>
    <Placemark>
      <name>3204-WT</name>
      <description>Shiloh I Wind Project (150.0 MW)</description>
      <styleUrl>#Wind-2</styleUrl>
      <Point><coordinates>-121.85,38.12,0</coordinates></Point>
    </Placemark>
    <Placemark>
      <name>3204-WT</name>
      <description>Shiloh III Wind Project LLC (102.5 MW)</description>
      <styleUrl>#Wind-2</styleUrl>
      <Point><coordinates>-121.846944,38.169444,0</coordinates></Point>
    </Placemark>
    <Placemark>
      <name>3204-WT</name>
      <description>Shiloh IV Wind Project LLC (102.5 MW)</description>
      <styleUrl>#Wind-2</styleUrl>
      <Point><coordinates>-121.855342,38.137488,0</coordinates></Point>
    </Placemark>
    <Placemark>
      <name>3204-WT</name>
      <description>Shiloh Wind Project 2 LLC (150.0 MW)</description>
      <styleUrl>#Wind-2</styleUrl>
      <Point><coordinates>-121.8461,38.1711,0</coordinates></Point>
    </Placemark>
    <Placemark>
      <name>2408-WT</name>
      <description>Sky River Wind Energy Center (60.2 MW)</description>
      <styleUrl>#Wind-2</styleUrl>
      <Point><coordinates>-118.2469,35.2608,0</coordinates></Point>
    </Placemark>
    <Placemark>
      <name>3204-WT</name>
      <description>Solano Wind (228.2 MW)</description>
      <styleUrl>#Wind-2</styleUrl>
      <Point><coordinates>-121.769031,38.116415,0</coordinates></Point>
    </Placemark>
    <Placemark>
      <name>3903-WT</name>
      <description>Summit Winds (57.5 MW)</description>
      <styleUrl>#Wind-2</styleUrl>
      <Point><coordinates>-121.69067,37.761151,0</coordinates></Point>
    </Placemark>
    <Placemark>
      <name>3903-WT</name>
      <description>Taylor Farms (1.0 MW)</description>
      <styleUrl>#Wind-2</styleUrl>
      <Point><coordinates>-121.451667,36.505,0</coordinates></Point>
    </Placemark>
    <Placemark>
      <name>2408-WT</name>
      <description>Tehachapi Wind Resource I (8.7 MW)</description>
      <styleUrl>#Wind-2</styleUrl>
      <Point><coordinates>-118.389722,35.060556,0</coordinates></Point>
    </Placemark>
    <Placemark>
      <name>2408-WT</name>
      <description>Tehachapi Wind Resource II (21.9 MW)</description>
      <styleUrl>#Wind-2</styleUrl>
      <Point><coordinates>-118.3114,35.1061,0</coordinates></Point>
    </Placemark>
    <Placemark>
      <name>3903-WT</name>
      <description>Teichert Materials-Teichert Vernalis (1.0 MW)</description>
      <styleUrl>#Wind-2</styleUrl>
      <Point><coordinates>-121.3564,37.6167,0</coordinates></Point>
    </Placemark>
    <Placemark>
      <name>2408-WT</name>
      <description>Terra-Gen VG Wind LLC (7.4 MW)</description>
      <styleUrl>#Wind-2</styleUrl>
      <Point><coordinates>-118.3789,35.1161,0</coordinates></Point>
    </Placemark>
    <Placemark>
      <name>2408-WT</name>
      <description>TPC Windfarms LLC (28.7 MW)</description>
      <styleUrl>#Wind-2</styleUrl>
      <Point><coordinates>-118.2572,35.05,0</coordinates></Point>
    </Placemark>
    <Placemark>
      <name>2408-WT</name>
      <description>Tule Wind LLC (143.0 MW)</description>
      <styleUrl>#Wind-2</styleUrl>
      <Point><coordinates>-116.289722,32.663889,0</coordinates></Point>
    </Placemark>
    <Placemark>
      <name>3903-WT</name>
      <description>Vasco Winds (78.2 MW)</description>
      <styleUrl>#Wind-2</styleUrl>
      <Point><coordinates>-121.718055,37.790833,0</coordinates></Point>
    </Placemark>
    <Placemark>
      <name>2408-WT</name>
      <description>Victory Garden (Tehachapi) (26.1 MW)</description>
      <styleUrl>#Wind-2</styleUrl>
      <Point><coordinates>-118.3833,35.0686,0</coordinates></Point>
    </Placemark>
    <Placemark>
      <name>2408-WT</name>
      <description>Voyager Wind I (131.1 MW)</description>
      <styleUrl>#Wind-2</styleUrl>
      <Point><coordinates>-118.28273,35.046061,0</coordinates></Point>
    </Placemark>
    <Placemark>
      <name>2408-WT</name>
      <description>Voyager Wind II (128.7 MW)</description>
      <styleUrl>#Wind-2</styleUrl>
      <Point><coordinates>-118.268616,35.073377,0</coordinates></Point>
    </Placemark>
    <Placemark>
      <name>2408-WT</name>
      <description>Voyager Wind III (43.2 MW)</description>
      <styleUrl>#Wind-2</styleUrl>
      <Point><coordinates>-118.264734,35.060768,0</coordinates></Point>
    </Placemark>
    <Placemark>
      <name>2408-WT</name>
      <description>Voyager Wind IV (21.6 MW)</description>
      <styleUrl>#Wind-2</styleUrl>
      <Point><coordinates>-118.2497,35.077872,0</coordinates></Point>
    </Placemark>
    <Placemark>
      <name>2408-WT</name>
      <description>Wagner Wind LLC (6.0 MW)</description>
      <styleUrl>#Wind-2</styleUrl>
      <Point><coordinates>-116.555556,33.908889,0</coordinates></Point>
    </Placemark>
    <Placemark>
      <name>2408-WT</name>
      <description>Whitewater Hill Wind Partners (61.5 MW)</description>
      <styleUrl>#Wind-2</styleUrl>
      <Point><coordinates>-116.617778,33.925,0</coordinates></Point>
    </Placemark>
    <Placemark>
      <name>2408-WT</name>
      <description>Windstar 1 (120.0 MW)</description>
      <styleUrl>#Wind-2</styleUrl>
      <Point><coordinates>-118.354722,35.054167,0</coordinates></Point>
    </Placemark>
    <Placemark>
      <name>2408-WT</name>
      <description>ZCO (1.6 MW)</description>
      <styleUrl>#Wind-2</styleUrl>
      <Point><coordinates>-118.3811,35.0772,0</coordinates></Point>
    </Placemark>
    <Placemark>
      <name>7001-WT</name>
      <description>Bronco Plains Wind, LLC (300.0 MW)</description>
      <styleUrl>#Wind-2</styleUrl>
      <Point><coordinates>-103.025074,39.088845,0</coordinates></Point>
    </Placemark>
    <Placemark>
      <name>7001-WT</name>
      <description>Busch Ranch II Wind Farm (59.4 MW)</description>
      <styleUrl>#Wind-2</styleUrl>
      <Point><coordinates>-104.42945,37.766416,0</coordinates></Point>
    </Placemark>
    <Placemark>
      <name>7001-WT</name>
      <description>Busch Ranch Wind Energy Farm (29.0 MW)</description>
      <styleUrl>#Wind-2</styleUrl>
      <Point><coordinates>-104.491944,37.801111,0</coordinates></Point>
    </Placemark>
    <Placemark>
      <name>7001-WT</name>
      <description>Carousel Wind Farm LLC (150.0 MW)</description>
      <styleUrl>#Wind-2</styleUrl>
      <Point><coordinates>-102.173,39.334,0</coordinates></Point>
    </Placemark>
    <Placemark>
      <name>7001-WT</name>
      <description>Cedar Creek II (248.3 MW)</description>
      <styleUrl>#Wind-2</styleUrl>
      <Point><coordinates>-103.783889,40.9475,0</coordinates></Point>
    </Placemark>
    <Placemark>
      <name>7001-WT</name>
      <description>Cedar Creek Wind (300.5 MW)</description>
      <styleUrl>#Wind-2</styleUrl>
      <Point><coordinates>-104.0206,40.8944,0</coordinates></Point>
    </Placemark>
    <Placemark>
      <name>7001-WT</name>
      <description>Cedar Point Wind (252.0 MW)</description>
      <styleUrl>#Wind-2</styleUrl>
      <Point><coordinates>-103.67814,39.421787,0</coordinates></Point>
    </Placemark>
    <Placemark>
      <name>7001-WT</name>
      <description>Cheyenne Ridge Wind Farm (498.4 MW)</description>
      <styleUrl>#Wind-2</styleUrl>
      <Point><coordinates>-102.2113,39.016944,0</coordinates></Point>
    </Placemark>
    <Placemark>
      <name>7001-WT</name>
      <description>Colorado Green Holdings LLC (162.0 MW)</description>
      <styleUrl>#Wind-2</styleUrl>
      <Point><coordinates>-102.6231,37.7033,0</coordinates></Point>
    </Placemark>
    <Placemark>
      <name>7001-WT</name>
      <description>Colorado Highlands Wind (96.1 MW)</description>
      <styleUrl>#Wind-2</styleUrl>
      <Point><coordinates>-102.743055,40.756944,0</coordinates></Point>
    </Placemark>
    <Placemark>
      <name>7001-WT</name>
      <description>Crossing Trails Wind Power Project LLC. (104.0 MW)</description>
      <styleUrl>#Wind-2</styleUrl>
      <Point><coordinates>-102.822377,39.046623,0</coordinates></Point>
    </Placemark>
    <Placemark>
      <name>7001-WT</name>
      <description>Golden West Power Partners LLC (250.0 MW)</description>
      <styleUrl>#Wind-2</styleUrl>
      <Point><coordinates>-104.212,38.935,0</coordinates></Point>
    </Placemark>
    <Placemark>
      <name>7001-WT</name>
      <description>Huerfano River Wind (8.0 MW)</description>
      <styleUrl>#Wind-2</styleUrl>
      <Point><coordinates>-104.832222,37.772222,0</coordinates></Point>
    </Placemark>
    <Placemark>
      <name>7001-WT</name>
      <description>Kit Carson Windpower (51.0 MW)</description>
      <styleUrl>#Wind-2</styleUrl>
      <Point><coordinates>-102.3533,39.3383,0</coordinates></Point>
    </Placemark>
    <Placemark>
      <name>7001-WT</name>
      <description>Lamar Plant (8.0 MW)</description>
      <styleUrl>#Wind-2</styleUrl>
      <Point><coordinates>-102.537915,38.033327,0</coordinates></Point>
    </Placemark>
    <Placemark>
      <name>7001-WT</name>
      <description>Limon III Wind LLC (200.6 MW)</description>
      <styleUrl>#Wind-2</styleUrl>
      <Point><coordinates>-103.474167,39.353333,0</coordinates></Point>
    </Placemark>
    <Placemark>
      <name>7001-WT</name>
      <description>Limon Wind I (200.0 MW)</description>
      <styleUrl>#Wind-2</styleUrl>
      <Point><coordinates>-103.573236,39.380975,0</coordinates></Point>
    </Placemark>
    <Placemark>
      <name>7001-WT</name>
      <description>Limon Wind II (200.0 MW)</description>
      <styleUrl>#Wind-2</styleUrl>
      <Point><coordinates>-103.581111,39.341389,0</coordinates></Point>
    </Placemark>
    <Placemark>
      <name>7001-WT</name>
      <description>Logan Wind Energy (201.0 MW)</description>
      <styleUrl>#Wind-2</styleUrl>
      <Point><coordinates>-103.259,40.941,0</coordinates></Point>
    </Placemark>
    <Placemark>
      <name>7001-WT</name>
      <description>Mountain Breeze Wind, LLC (171.7 MW)</description>
      <styleUrl>#Wind-2</styleUrl>
      <Point><coordinates>-104.003174,40.960618,0</coordinates></Point>
    </Placemark>
    <Placemark>
      <name>7001-WT</name>
      <description>Niyol Wind, LLC (205.6 MW)</description>
      <styleUrl>#Wind-2</styleUrl>
      <Point><coordinates>-102.9526,40.613364,0</coordinates></Point>
    </Placemark>
    <Placemark>
      <name>7001-WT</name>
      <description>Northern Colorado Wind LLC (174.3 MW)</description>
      <styleUrl>#Wind-2</styleUrl>
      <Point><coordinates>-102.8969,40.9881,0</coordinates></Point>
    </Placemark>
    <Placemark>
      <name>7001-WT</name>
      <description>Panorama Wind, LLC (145.0 MW)</description>
      <styleUrl>#Wind-2</styleUrl>
      <Point><coordinates>-103.907562,40.952057,0</coordinates></Point>
    </Placemark>
    <Placemark>
      <name>7001-WT</name>
      <description>Peak View Wind Farm (60.8 MW)</description>
      <styleUrl>#Wind-2</styleUrl>
      <Point><coordinates>-104.505464,37.710444,0</coordinates></Point>
    </Placemark>
    <Placemark>
      <name>7001-WT</name>
      <description>Peetz Table Wind Energy (199.5 MW)</description>
      <styleUrl>#Wind-2</styleUrl>
      <Point><coordinates>-103.436,40.986,0</coordinates></Point>
    </Placemark>
    <Placemark>
      <name>7001-WT</name>
      <description>Ridge Crest Wind Partners (29.7 MW)</description>
      <styleUrl>#Wind-2</styleUrl>
      <Point><coordinates>-103.162028,40.945911,0</coordinates></Point>
    </Placemark>
    <Placemark>
      <name>7001-WT</name>
      <description>Rush Creek Wind (600.0 MW)</description>
      <styleUrl>#Wind-2</styleUrl>
      <Point><coordinates>-103.845358,39.172111,0</coordinates></Point>
    </Placemark>
    <Placemark>
      <name>7001-WT</name>
      <description>Spring Canyon (60.0 MW)</description>
      <styleUrl>#Wind-2</styleUrl>
      <Point><coordinates>-102.9647,40.983,0</coordinates></Point>
    </Placemark>
    <Placemark>
      <name>7001-WT</name>
      <description>Spring Canyon Expansion Wind Energy Ctr (62.6 MW)</description>
      <styleUrl>#Wind-2</styleUrl>
      <Point><coordinates>-103.077222,40.964167,0</coordinates></Point>
    </Placemark>
    <Placemark>
      <name>7001-WT</name>
      <description>Twin Buttes II Wind (75.0 MW)</description>
      <styleUrl>#Wind-2</styleUrl>
      <Point><coordinates>-102.546,37.773,0</coordinates></Point>
    </Placemark>
    <Placemark>
      <name>7001-WT</name>
      <description>Twin Buttes Wind Project (75.0 MW)</description>
      <styleUrl>#Wind-2</styleUrl>
      <Point><coordinates>-102.8622,37.6735,0</coordinates></Point>
    </Placemark>
    <Placemark>
      <name>7001-WT</name>
      <description>Vestas Towers America, Inc. (1.8 MW)</description>
      <styleUrl>#Wind-2</styleUrl>
      <Point><coordinates>-104.62,38.1728,0</coordinates></Point>
    </Placemark>
    <Placemark>
      <name>6101-WT</name>
      <description>Bennett Creek Windfarm LLC - Mountain Home (21.0 MW)</description>
      <styleUrl>#Wind-2</styleUrl>
      <Point><coordinates>-115.4803,43.0536,0</coordinates></Point>
    </Placemark>
    <Placemark>
      <name>6101-WT</name>
      <description>Burley Butte Windpark (21.3 MW)</description>
      <styleUrl>#Wind-2</styleUrl>
      <Point><coordinates>-113.926605,42.490341,0</coordinates></Point>
    </Placemark>
    <Placemark>
      <name>6101-WT</name>
      <description>Camp Reed (22.5 MW)</description>
      <styleUrl>#Wind-2</styleUrl>
      <Point><coordinates>-115.048889,42.811944,0</coordinates></Point>
    </Placemark>
    <Placemark>
      <name>6101-WT</name>
      <description>Cassia Gulch (18.9 MW)</description>
      <styleUrl>#Wind-2</styleUrl>
      <Point><coordinates>-115.0172,42.8744,0</coordinates></Point>
    </Placemark>
    <Placemark>
      <name>6101-WT</name>
      <description>Cassia Wind (8.4 MW)</description>
      <styleUrl>#Wind-2</styleUrl>
      <Point><coordinates>-115.0369,42.8444,0</coordinates></Point>
    </Placemark>
    <Placemark>
      <name>6101-WT</name>
      <description>Cold Springs Windfarm (23.0 MW)</description>
      <styleUrl>#Wind-2</styleUrl>
      <Point><coordinates>-115.400469,43.028056,0</coordinates></Point>
    </Placemark>
    <Placemark>
      <name>6101-WT</name>
      <description>Desert Meadow Windfarm (23.0 MW)</description>
      <styleUrl>#Wind-2</styleUrl>
      <Point><coordinates>-115.452025,43.056622,0</coordinates></Point>
    </Placemark>
    <Placemark>
      <name>6101-WT</name>
      <description>Fossil Gulch (10.5 MW)</description>
      <styleUrl>#Wind-2</styleUrl>
      <Point><coordinates>-114.949444,42.858056,0</coordinates></Point>
    </Placemark>
    <Placemark>
      <name>6101-WT</name>
      <description>Golden Valley Wind Park LLC (12.0 MW)</description>
      <styleUrl>#Wind-2</styleUrl>
      <Point><coordinates>-113.925536,42.436804,0</coordinates></Point>
    </Placemark>
    <Placemark>
      <name>6101-WT</name>
      <description>Goshen Phase II (124.5 MW)</description>
      <styleUrl>#Wind-2</styleUrl>
      <Point><coordinates>-111.836381,43.467057,0</coordinates></Point>
    </Placemark>
    <Placemark>
      <name>6101-WT</name>
      <description>Hammett Hill Windfarm (23.0 MW)</description>
      <styleUrl>#Wind-2</styleUrl>
      <Point><coordinates>-115.463289,43.006133,0</coordinates></Point>
    </Placemark>
    <Placemark>
      <name>6101-WT</name>
      <description>High Mesa (40.0 MW)</description>
      <styleUrl>#Wind-2</styleUrl>
      <Point><coordinates>-115.036667,42.88,0</coordinates></Point>
    </Placemark>
    <Placemark>
      <name>6101-WT</name>
      <description>Horse Butte Wind I, LLC (57.6 MW)</description>
      <styleUrl>#Wind-2</styleUrl>
      <Point><coordinates>-111.726389,43.386389,0</coordinates></Point>
    </Placemark>
    <Placemark>
      <name>6101-WT</name>
      <description>Mainline Windfarm (23.0 MW)</description>
      <styleUrl>#Wind-2</styleUrl>
      <Point><coordinates>-115.412886,43.04835,0</coordinates></Point>
    </Placemark>
    <Placemark>
      <name>6101-WT</name>
      <description>Meadow Creek Project Company (119.7 MW)</description>
      <styleUrl>#Wind-2</styleUrl>
      <Point><coordinates>-111.803921,43.524429,0</coordinates></Point>
    </Placemark>
    <Placemark>
      <name>6101-WT</name>
      <description>Milner Dam Wind Park LLC (19.5 MW)</description>
      <styleUrl>#Wind-2</styleUrl>
      <Point><coordinates>-114.017297,42.460629,0</coordinates></Point>
    </Placemark>
    <Placemark>
      <name>6101-WT</name>
      <description>Mountain Home (21.0 MW)</description>
      <styleUrl>#Wind-2</styleUrl>
      <Point><coordinates>-115.4656,43.0272,0</coordinates></Point>
    </Placemark>
    <Placemark>
      <name>6101-WT</name>
      <description>Oregon Trail Wind Park (13.5 MW)</description>
      <styleUrl>#Wind-2</styleUrl>
      <Point><coordinates>-114.989722,42.840556,0</coordinates></Point>
    </Placemark>
    <Placemark>
      <name>6101-WT</name>
      <description>Payne's Ferry (21.0 MW)</description>
      <styleUrl>#Wind-2</styleUrl>
      <Point><coordinates>-115.010833,42.825278,0</coordinates></Point>
    </Placemark>
    <Placemark>
      <name>6101-WT</name>
      <description>Pilgrim Stage Wind Park (10.5 MW)</description>
      <styleUrl>#Wind-2</styleUrl>
      <Point><coordinates>-114.998611,42.7975,0</coordinates></Point>
    </Placemark>
    <Placemark>
      <name>6101-WT</name>
      <description>Power County Wind Park North (22.5 MW)</description>
      <styleUrl>#Wind-2</styleUrl>
      <Point><coordinates>-112.748611,42.738889,0</coordinates></Point>
    </Placemark>
    <Placemark>
      <name>6101-WT</name>
      <description>Power County Wind Park South (22.5 MW)</description>
      <styleUrl>#Wind-2</styleUrl>
      <Point><coordinates>-112.757778,42.703333,0</coordinates></Point>
    </Placemark>
    <Placemark>
      <name>6101-WT</name>
      <description>Rockland Wind Farm (79.2 MW)</description>
      <styleUrl>#Wind-2</styleUrl>
      <Point><coordinates>-112.901944,42.674722,0</coordinates></Point>
    </Placemark>
    <Placemark>
      <name>6101-WT</name>
      <description>Ryegrass Windfarm (23.0 MW)</description>
      <styleUrl>#Wind-2</styleUrl>
      <Point><coordinates>-115.439731,43.037147,0</coordinates></Point>
    </Placemark>
    <Placemark>
      <name>6101-WT</name>
      <description>Salmon Falls Wind Park (21.0 MW)</description>
      <styleUrl>#Wind-2</styleUrl>
      <Point><coordinates>-114.989167,42.681944,0</coordinates></Point>
    </Placemark>
    <Placemark>
      <name>6101-WT</name>
      <description>Sawtooth Wind Project (22.4 MW)</description>
      <styleUrl>#Wind-2</styleUrl>
      <Point><coordinates>-115.393333,42.982222,0</coordinates></Point>
    </Placemark>
    <Placemark>
      <name>6101-WT</name>
      <description>Thousand Springs Wind Park (12.0 MW)</description>
      <styleUrl>#Wind-2</styleUrl>
      <Point><coordinates>-114.967778,42.870278,0</coordinates></Point>
    </Placemark>
    <Placemark>
      <name>6101-WT</name>
      <description>Tuana Gulch Wind Park (10.5 MW)</description>
      <styleUrl>#Wind-2</styleUrl>
      <Point><coordinates>-114.969342,42.836854,0</coordinates></Point>
    </Placemark>
    <Placemark>
      <name>6101-WT</name>
      <description>Tuana Springs (16.8 MW)</description>
      <styleUrl>#Wind-2</styleUrl>
      <Point><coordinates>-115.0164,42.8925,0</coordinates></Point>
    </Placemark>
    <Placemark>
      <name>6101-WT</name>
      <description>Two Ponds Windfarm (23.0 MW)</description>
      <styleUrl>#Wind-2</styleUrl>
      <Point><coordinates>-115.482592,43.033781,0</coordinates></Point>
    </Placemark>
    <Placemark>
      <name>6101-WT</name>
      <description>Wolverine Creek (64.5 MW)</description>
      <styleUrl>#Wind-2</styleUrl>
      <Point><coordinates>-111.8294,43.4195,0</coordinates></Point>
    </Placemark>
    <Placemark>
      <name>6101-WT</name>
      <description>Yahoo Creek (21.0 MW)</description>
      <styleUrl>#Wind-2</styleUrl>
      <Point><coordinates>-114.988611,42.770833,0</coordinates></Point>
    </Placemark>
    <Placemark>
      <name>6205-WT</name>
      <description>Big Timber Wind Farm (25.0 MW)</description>
      <styleUrl>#Wind-2</styleUrl>
      <Point><coordinates>-109.649167,45.855428,0</coordinates></Point>
    </Placemark>
    <Placemark>
      <name>6205-WT</name>
      <description>Clearwater Wind I (365.5 MW)</description>
      <styleUrl>#Wind-2</styleUrl>
      <Point><coordinates>-106.378853,46.81771,0</coordinates></Point>
    </Placemark>
    <Placemark>
      <name>6301-WT</name>
      <description>Diamond Willow Wind Facility (30.0 MW)</description>
      <styleUrl>#Wind-2</styleUrl>
      <Point><coordinates>-104.1836,46.2753,0</coordinates></Point>
    </Placemark>
    <Placemark>
      <name>6205-WT</name>
      <description>Fairfield Wind (10.0 MW)</description>
      <styleUrl>#Wind-2</styleUrl>
      <Point><coordinates>-111.965278,47.723333,0</coordinates></Point>
    </Placemark>
    <Placemark>
      <name>6205-WT</name>
      <description>Gordon Butte Wind LLC (17.7 MW)</description>
      <styleUrl>#Wind-2</styleUrl>
      <Point><coordinates>-110.337777,46.411944,0</coordinates></Point>
    </Placemark>
    <Placemark>
      <name>6205-WT</name>
      <description>Greenfield Wind - MT (25.0 MW)</description>
      <styleUrl>#Wind-2</styleUrl>
      <Point><coordinates>-111.963,47.723,0</coordinates></Point>
    </Placemark>
    <Placemark>
      <name>6205-WT</name>
      <description>Horseshoe Bend Wind Park (9.0 MW)</description>
      <styleUrl>#Wind-2</styleUrl>
      <Point><coordinates>-111.4392,47.4983,0</coordinates></Point>
    </Placemark>
    <Placemark>
      <name>6205-WT</name>
      <description>Judith Gap Wind Energy Center (135.0 MW)</description>
      <styleUrl>#Wind-2</styleUrl>
      <Point><coordinates>-109.7531,46.5725,0</coordinates></Point>
    </Placemark>
    <Placemark>
      <name>6205-WT</name>
      <description>Musselshell Wind Project (10.0 MW)</description>
      <styleUrl>#Wind-2</styleUrl>
      <Point><coordinates>-109.482778,46.275278,0</coordinates></Point>
    </Placemark>
    <Placemark>
      <name>6205-WT</name>
      <description>Musselshell Wind Project Two LLC (10.0 MW)</description>
      <styleUrl>#Wind-2</styleUrl>
      <Point><coordinates>-109.482778,46.275278,0</coordinates></Point>
    </Placemark>
    <Placemark>
      <name>6205-WT</name>
      <description>NaturEner Glacier Wind Energy 1 (106.5 MW)</description>
      <styleUrl>#Wind-2</styleUrl>
      <Point><coordinates>-112.1097,48.51,0</coordinates></Point>
    </Placemark>
    <Placemark>
      <name>6205-WT</name>
      <description>NaturEner Glacier Wind Energy 2 (103.5 MW)</description>
      <styleUrl>#Wind-2</styleUrl>
      <Point><coordinates>-112.1847,48.5333,0</coordinates></Point>
    </Placemark>
    <Placemark>
      <name>6205-WT</name>
      <description>NaturEner Rim Rock Energy (189.0 MW)</description>
      <styleUrl>#Wind-2</styleUrl>
      <Point><coordinates>-112.103333,48.820278,0</coordinates></Point>
    </Placemark>
    <Placemark>
      <name>6301-WT</name>
      <description>Pryor Mountain Wind (239.8 MW)</description>
      <styleUrl>#Wind-2</styleUrl>
      <Point><coordinates>-108.693138,45.165525,0</coordinates></Point>
    </Placemark>
    <Placemark>
      <name>6205-WT</name>
      <description>South Peak Wind (80.0 MW)</description>
      <styleUrl>#Wind-2</styleUrl>
      <Point><coordinates>-110.614592,47.329911,0</coordinates></Point>
    </Placemark>
    <Placemark>
      <name>6205-WT</name>
      <description>Spion Kop Wind Farm (40.0 MW)</description>
      <styleUrl>#Wind-2</styleUrl>
      <Point><coordinates>-110.639167,47.333333,0</coordinates></Point>
    </Placemark>
    <Placemark>
      <name>6205-WT</name>
      <description>Stillwater Wind, LLC (79.7 MW)</description>
      <styleUrl>#Wind-2</styleUrl>
      <Point><coordinates>-109.476647,45.86584,0</coordinates></Point>
    </Placemark>
    <Placemark>
      <name>6205-WT</name>
      <description>Two Dot Wind Broadview East LLC (1.8 MW)</description>
      <styleUrl>#Wind-2</styleUrl>
      <Point><coordinates>-108.806609,46.10265,0</coordinates></Point>
    </Placemark>
    <Placemark>
      <name>6205-WT</name>
      <description>Two Dot Wind Farm (9.7 MW)</description>
      <styleUrl>#Wind-2</styleUrl>
      <Point><coordinates>-110.087222,46.449444,0</coordinates></Point>
    </Placemark>
    <Placemark>
      <name>7001-WT</name>
      <description>Anderson Wind I (5.0 MW)</description>
      <styleUrl>#Wind-2</styleUrl>
      <Point><coordinates>-103.855833,33.029444,0</coordinates></Point>
    </Placemark>
    <Placemark>
      <name>7001-WT</name>
      <description>Anderson Wind II (10.0 MW)</description>
      <styleUrl>#Wind-2</styleUrl>
      <Point><coordinates>-103.865,33.013889,0</coordinates></Point>
    </Placemark>
    <Placemark>
      <name>7001-WT</name>
      <description>Aragonne Wind LLC (235.0 MW)</description>
      <styleUrl>#Wind-2</styleUrl>
      <Point><coordinates>-105.0108,34.8147,0</coordinates></Point>
    </Placemark>
    <Placemark>
      <name>1004-WT</name>
      <description>Borderlands Wind, LLC (100.0 MW)</description>
      <styleUrl>#Wind-2</styleUrl>
      <Point><coordinates>-108.894458,34.159842,0</coordinates></Point>
    </Placemark>
    <Placemark>
      <name>7001-WT</name>
      <description>Broadview Energy JN, LLC (181.7 MW)</description>
      <styleUrl>#Wind-2</styleUrl>
      <Point><coordinates>-103.108047,34.734179,0</coordinates></Point>
    </Placemark>
    <Placemark>
      <name>7001-WT</name>
      <description>Broadview Energy KW, LLC (142.6 MW)</description>
      <styleUrl>#Wind-2</styleUrl>
      <Point><coordinates>-103.166771,34.727007,0</coordinates></Point>
    </Placemark>
    <Placemark>
      <name>7001-WT</name>
      <description>Broadview Energy Prime 2 LLC (9.9 MW)</description>
      <styleUrl>#Wind-2</styleUrl>
      <Point><coordinates>-103.305,34.728056,0</coordinates></Point>
    </Placemark>
    <Placemark>
      <name>7001-WT</name>
      <description>Broadview Energy Prime LLC (9.9 MW)</description>
      <styleUrl>#Wind-2</styleUrl>
      <Point><coordinates>-103.325,34.746944,0</coordinates></Point>
    </Placemark>
    <Placemark>
      <name>7001-WT</name>
      <description>Caprock Wind Farm (80.0 MW)</description>
      <styleUrl>#Wind-2</styleUrl>
      <Point><coordinates>-103.353889,34.980556,0</coordinates></Point>
    </Placemark>
    <Placemark>
      <name>7001-WT</name>
      <description>Casa Mesa Wind Energy Center Hybrid (51.9 MW)</description>
      <styleUrl>#Wind-2</styleUrl>
      <Point><coordinates>-103.966089,34.604989,0</coordinates></Point>
    </Placemark>
    <Placemark>
      <name>1004-WT</name>
      <description>Clines Corners Wind Farm LLC (325.0 MW)</description>
      <styleUrl>#Wind-2</styleUrl>
      <Point><coordinates>-105.43676,34.35655,0</coordinates></Point>
    </Placemark>
    <Placemark>
      <name>1004-WT</name>
      <description>Duran Mesa LLC (105.0 MW)</description>
      <styleUrl>#Wind-2</styleUrl>
      <Point><coordinates>-105.492126,34.390679,0</coordinates></Point>
    </Placemark>
    <Placemark>
      <name>1004-WT</name>
      <description>El Cabo Wind (298.0 MW)</description>
      <styleUrl>#Wind-2</styleUrl>
      <Point><coordinates>-105.461667,34.651111,0</coordinates></Point>
    </Placemark>
    <Placemark>
      <name>7001-WT</name>
      <description>Grady Wind Energy Center, LLC (220.5 MW)</description>
      <styleUrl>#Wind-2</styleUrl>
      <Point><coordinates>-103.092227,34.734142,0</coordinates></Point>
    </Placemark>
    <Placemark>
      <name>1004-WT</name>
      <description>High Lonesome Mesa LLC (100.0 MW)</description>
      <styleUrl>#Wind-2</styleUrl>
      <Point><coordinates>-105.9625,34.466667,0</coordinates></Point>
    </Placemark>
    <Placemark>
      <name>1004-WT</name>
      <description>La Joya NM (306.2 MW)</description>
      <styleUrl>#Wind-2</styleUrl>
      <Point><coordinates>-105.74,34.81,0</coordinates></Point>
    </Placemark>
    <Placemark>
      <name>1004-WT</name>
      <description>Macho Springs Power I (50.4 MW)</description>
      <styleUrl>#Wind-2</styleUrl>
      <Point><coordinates>-107.50929,32.55434,0</coordinates></Point>
    </Placemark>
    <Placemark>
      <name>7001-WT</name>
      <description>Mesalands Comm College Wind Turbine (1.5 MW)</description>
      <styleUrl>#Wind-2</styleUrl>
      <Point><coordinates>-103.74,35.17,0</coordinates></Point>
    </Placemark>
    <Placemark>
      <name>7001-WT</name>
      <description>Milo Wind Project LLC (50.0 MW)</description>
      <styleUrl>#Wind-2</styleUrl>
      <Point><coordinates>-103.34675,33.901781,0</coordinates></Point>
    </Placemark>
    <Placemark>
      <name>7001-WT</name>
      <description>New Mexico Wind Energy Center (204.0 MW)</description>
      <styleUrl>#Wind-2</styleUrl>
      <Point><coordinates>-104.04733,34.63566,0</coordinates></Point>
    </Placemark>
    <Placemark>
      <name>7001-WT</name>
      <description>Oso Grande Wind Farm (249.8 MW)</description>
      <styleUrl>#Wind-2</styleUrl>
      <Point><coordinates>-103.6664,32.9323,0</coordinates></Point>
    </Placemark>
    <Placemark>
      <name>1004-WT</name>
      <description>Red Cloud Wind LLC (350.0 MW)</description>
      <styleUrl>#Wind-2</styleUrl>
      <Point><coordinates>-105.42291,34.274062,0</coordinates></Point>
    </Placemark>
    <Placemark>
      <name>1004-WT</name>
      <description>Red Mesa Wind LLC (102.4 MW)</description>
      <styleUrl>#Wind-2</styleUrl>
      <Point><coordinates>-107.3828,35.2689,0</coordinates></Point>
    </Placemark>
    <Placemark>
      <name>7001-WT</name>
      <description>Roosevelt County (250.0 MW)</description>
      <styleUrl>#Wind-2</styleUrl>
      <Point><coordinates>-103.511111,33.926111,0</coordinates></Point>
    </Placemark>
    <Placemark>
      <name>7001-WT</name>
      <description>Sagamore Wind (522.0 MW)</description>
      <styleUrl>#Wind-2</styleUrl>
      <Point><coordinates>-103.184611,33.938421,0</coordinates></Point>
    </Placemark>
    <Placemark>
      <name>7001-WT</name>
      <description>San Juan Mesa Wind Project LLC (120.0 MW)</description>
      <styleUrl>#Wind-2</styleUrl>
      <Point><coordinates>-103.8604,33.9716,0</coordinates></Point>
    </Placemark>
    <Placemark>
      <name>7001-WT</name>
      <description>Sterling I Wind Farm (29.9 MW)</description>
      <styleUrl>#Wind-2</styleUrl>
      <Point><coordinates>-103.25058,33.3596,0</coordinates></Point>
    </Placemark>
    <Placemark>
      <name>1004-WT</name>
      <description>Tecolote Wind LLC (272.0 MW)</description>
      <styleUrl>#Wind-2</styleUrl>
      <Point><coordinates>-105.44,34.36,0</coordinates></Point>
    </Placemark>
    <Placemark>
      <name>7001-WT</name>
      <description>Texico Wind Ranch LP (1.9 MW)</description>
      <styleUrl>#Wind-2</styleUrl>
      <Point><coordinates>-103.0667,34.36,0</coordinates></Point>
    </Placemark>
    <Placemark>
      <name>7001-WT</name>
      <description>Wildcat Wind (27.3 MW)</description>
      <styleUrl>#Wind-2</styleUrl>
      <Point><coordinates>-103.285278,32.952778,0</coordinates></Point>
    </Placemark>
    <Placemark>
      <name>6403-WT</name>
      <description>Spring Valley Wind Project (150.0 MW)</description>
      <styleUrl>#Wind-2</styleUrl>
      <Point><coordinates>-114.492222,39.104167,0</coordinates></Point>
    </Placemark>
    <Placemark>
      <name>4005-WT</name>
      <description>Arlington Wind Power Project (102.9 MW)</description>
      <styleUrl>#Wind-2</styleUrl>
      <Point><coordinates>-120.2008,45.7167,0</coordinates></Point>
    </Placemark>
    <Placemark>
      <name>6403-WT</name>
      <description>Benson Creek Windfarm (Burnt River) (10.0 MW)</description>
      <styleUrl>#Wind-2</styleUrl>
      <Point><coordinates>-117.343889,44.366944,0</coordinates></Point>
    </Placemark>
    <Placemark>
      <name>4102-WT</name>
      <description>Big Top LLC (1.7 MW)</description>
      <styleUrl>#Wind-2</styleUrl>
      <Point><coordinates>-119.4647,45.655,0</coordinates></Point>
    </Placemark>
    <Placemark>
      <name>4005-WT</name>
      <description>Biglow Canyon Wind Farm (449.7 MW)</description>
      <styleUrl>#Wind-2</styleUrl>
      <Point><coordinates>-120.603414,45.653745,0</coordinates></Point>
    </Placemark>
    <Placemark>
      <name>4102-WT</name>
      <description>Butter Creek Power LLC (5.0 MW)</description>
      <styleUrl>#Wind-2</styleUrl>
      <Point><coordinates>-119.4222,45.7017,0</coordinates></Point>
    </Placemark>
    <Placemark>
      <name>4102-WT</name>
      <description>Chopin Wind LLC (10.0 MW)</description>
      <styleUrl>#Wind-2</styleUrl>
      <Point><coordinates>-118.463333,45.88,0</coordinates></Point>
    </Placemark>
    <Placemark>
      <name>4102-WT</name>
      <description>Combine Hills I (43.0 MW)</description>
      <styleUrl>#Wind-2</styleUrl>
      <Point><coordinates>-118.591,45.943,0</coordinates></Point>
    </Placemark>
    <Placemark>
      <name>4005-WT</name>
      <description>Condon Windpower LLC (49.8 MW)</description>
      <styleUrl>#Wind-2</styleUrl>
      <Point><coordinates>-120.2794,45.2766,0</coordinates></Point>
    </Placemark>
    <Placemark>
      <name>6403-WT</name>
      <description>Durbin Creek Windfarm (Burnt River) (10.0 MW)</description>
      <styleUrl>#Wind-2</styleUrl>
      <Point><coordinates>-117.323056,44.353056,0</coordinates></Point>
    </Placemark>
    <Placemark>
      <name>4102-WT</name>
      <description>Elkhorn Valley Wind Farm (100.7 MW)</description>
      <styleUrl>#Wind-2</styleUrl>
      <Point><coordinates>-117.816273,45.085221,0</coordinates></Point>
    </Placemark>
    <Placemark>
      <name>4102-WT</name>
      <description>Eurus Combine Hills Turbine Ranch 2 (66.1 MW)</description>
      <styleUrl>#Wind-2</styleUrl>
      <Point><coordinates>-118.591,45.943,0</coordinates></Point>
    </Placemark>
    <Placemark>
      <name>4102-WT</name>
      <description>Four Corners Windfarm LLC (8.0 MW)</description>
      <styleUrl>#Wind-2</styleUrl>
      <Point><coordinates>-119.4181,45.7286,0</coordinates></Point>
    </Placemark>
    <Placemark>
      <name>4102-WT</name>
      <description>Four Mile Canyon Windfarm LLC (10.0 MW)</description>
      <styleUrl>#Wind-2</styleUrl>
      <Point><coordinates>-119.4533,45.6447,0</coordinates></Point>
    </Placemark>
    <Placemark>
      <name>4102-WT</name>
      <description>FPL Energy Vansycle LLC (OR) (122.8 MW)</description>
      <styleUrl>#Wind-2</styleUrl>
      <Point><coordinates>-118.816246,46.01279,0</coordinates></Point>
    </Placemark>
    <Placemark>
      <name>4005-WT</name>
      <description>Golden Hill Wind (201.3 MW)</description>
      <styleUrl>#Wind-2</styleUrl>
      <Point><coordinates>-120.708464,45.562715,0</coordinates></Point>
    </Placemark>
    <Placemark>
      <name>4005-WT</name>
      <description>Hay Canyon Wind Power LLC (100.8 MW)</description>
      <styleUrl>#Wind-2</styleUrl>
      <Point><coordinates>-120.5744,45.52,0</coordinates></Point>
    </Placemark>
    <Placemark>
      <name>4005-WT</name>
      <description>Horseshoe Bend Wind LLC (290.0 MW)</description>
      <styleUrl>#Wind-2</styleUrl>
      <Point><coordinates>-120.008249,45.58555,0</coordinates></Point>
    </Placemark>
    <Placemark>
      <name>4102-WT</name>
      <description>Jett Creek Windfarm (Burnt River) (10.0 MW)</description>
      <styleUrl>#Wind-2</styleUrl>
      <Point><coordinates>-117.273889,44.425,0</coordinates></Point>
    </Placemark>
    <Placemark>
      <name>4005-WT</name>
      <description>Klondike Wind Power (24.5 MW)</description>
      <styleUrl>#Wind-2</styleUrl>
      <Point><coordinates>-120.5507,45.5563,0</coordinates></Point>
    </Placemark>
    <Placemark>
      <name>4005-WT</name>
      <description>Klondike Windpower II (75.0 MW)</description>
      <styleUrl>#Wind-2</styleUrl>
      <Point><coordinates>-120.593,45.571,0</coordinates></Point>
    </Placemark>
    <Placemark>
      <name>4005-WT</name>
      <description>Klondike Windpower III (297.5 MW)</description>
      <styleUrl>#Wind-2</styleUrl>
      <Point><coordinates>-120.5042,45.5836,0</coordinates></Point>
    </Placemark>
    <Placemark>
      <name>4005-WT</name>
      <description>Leaning Juniper (110.4 MW)</description>
      <styleUrl>#Wind-2</styleUrl>
      <Point><coordinates>-120.209783,45.652457,0</coordinates></Point>
    </Placemark>
    <Placemark>
      <name>4005-WT</name>
      <description>Leaning Juniper Wind Power II (199.2 MW)</description>
      <styleUrl>#Wind-2</styleUrl>
      <Point><coordinates>-120.2598,45.651,0</coordinates></Point>
    </Placemark>
    <Placemark>
      <name>4102-WT</name>
      <description>Lime Wind (3.0 MW)</description>
      <styleUrl>#Wind-2</styleUrl>
      <Point><coordinates>-117.271944,44.396944,0</coordinates></Point>
    </Placemark>
    <Placemark>
      <name>4005-WT</name>
      <description>Montague Wind Power Facility LLC (200.0 MW)</description>
      <styleUrl>#Wind-2</styleUrl>
      <Point><coordinates>-120.0904,45.5857,0</coordinates></Point>
    </Placemark>
    <Placemark>
      <name>4005-WT</name>
      <description>North Hurlburt Wind LLC (265.0 MW)</description>
      <styleUrl>#Wind-2</styleUrl>
      <Point><coordinates>-120.083466,45.731611,0</coordinates></Point>
    </Placemark>
    <Placemark>
      <name>4102-WT</name>
      <description>Orchard Windfarm 1, LLC (10.0 MW)</description>
      <styleUrl>#Wind-2</styleUrl>
      <Point><coordinates>-119.3332,45.38,0</coordinates></Point>
    </Placemark>
    <Placemark>
      <name>4102-WT</name>
      <description>Orchard Windfarm 2, LLC (10.0 MW)</description>
      <styleUrl>#Wind-2</styleUrl>
      <Point><coordinates>-119.3332,45.38,0</coordinates></Point>
    </Placemark>
    <Placemark>
      <name>4102-WT</name>
      <description>Orchard Windfarm 3, LLC (10.0 MW)</description>
      <styleUrl>#Wind-2</styleUrl>
      <Point><coordinates>-119.3332,45.38,0</coordinates></Point>
    </Placemark>
    <Placemark>
      <name>4102-WT</name>
      <description>Orchard Windfarm 4, LLC (10.0 MW)</description>
      <styleUrl>#Wind-2</styleUrl>
      <Point><coordinates>-119.33322,45.38,0</coordinates></Point>
    </Placemark>
    <Placemark>
      <name>4102-WT</name>
      <description>Oregon Trail Windfarm LLC (9.9 MW)</description>
      <styleUrl>#Wind-2</styleUrl>
      <Point><coordinates>-119.4044,45.7122,0</coordinates></Point>
    </Placemark>
    <Placemark>
      <name>4102-WT</name>
      <description>Pacific Canyon Windfarm LLC (8.3 MW)</description>
      <styleUrl>#Wind-2</styleUrl>
      <Point><coordinates>-119.4869,45.6542,0</coordinates></Point>
    </Placemark>
    <Placemark>
      <name>4005-WT</name>
      <description>PaTu Wind Farm LLC (9.0 MW)</description>
      <styleUrl>#Wind-2</styleUrl>
      <Point><coordinates>-120.616906,45.613061,0</coordinates></Point>
    </Placemark>
    <Placemark>
      <name>4005-WT</name>
      <description>Pebble Springs Wind LLC (98.7 MW)</description>
      <styleUrl>#Wind-2</styleUrl>
      <Point><coordinates>-120.125,45.7119,0</coordinates></Point>
    </Placemark>
    <Placemark>
      <name>4102-WT</name>
      <description>Prospector Windfarm (Burnt River) (10.0 MW)</description>
      <styleUrl>#Wind-2</styleUrl>
      <Point><coordinates>-117.255,44.418056,0</coordinates></Point>
    </Placemark>
    <Placemark>
      <name>4102-WT</name>
      <description>Sand Ranch Windfarm LLC (9.9 MW)</description>
      <styleUrl>#Wind-2</styleUrl>
      <Point><coordinates>-119.4767,45.6447,0</coordinates></Point>
    </Placemark>
    <Placemark>
      <name>4102-WT</name>
      <description>Schumann Wind Farm (8.0 MW)</description>
      <styleUrl>#Wind-2</styleUrl>
      <Point><coordinates>-118.4973,45.90676,0</coordinates></Point>
    </Placemark>
    <Placemark>
      <name>4005-WT</name>
      <description>South Hurlburt Wind LLC (290.0 MW)</description>
      <styleUrl>#Wind-2</styleUrl>
      <Point><coordinates>-120.079987,45.706262,0</coordinates></Point>
    </Placemark>
    <Placemark>
      <name>4005-WT</name>
      <description>Star Point Wind Project LLC (98.7 MW)</description>
      <styleUrl>#Wind-2</styleUrl>
      <Point><coordinates>-120.48,45.51,0</coordinates></Point>
    </Placemark>
    <Placemark>
      <name>4005-WT</name>
      <description>Threemile Canyon (9.9 MW)</description>
      <styleUrl>#Wind-2</styleUrl>
      <Point><coordinates>-119.9375,45.6758,0</coordinates></Point>
    </Placemark>
    <Placemark>
      <name>4102-WT</name>
      <description>Vansycle (25.0 MW)</description>
      <styleUrl>#Wind-2</styleUrl>
      <Point><coordinates>-118.65999,45.936157,0</coordinates></Point>
    </Placemark>
    <Placemark>
      <name>4102-WT</name>
      <description>Vansycle II Wind Energy Center (102.3 MW)</description>
      <styleUrl>#Wind-2</styleUrl>
      <Point><coordinates>-118.591389,45.899167,0</coordinates></Point>
    </Placemark>
    <Placemark>
      <name>4102-WT</name>
      <description>Wagon Trail LLC (3.3 MW)</description>
      <styleUrl>#Wind-2</styleUrl>
      <Point><coordinates>-119.4625,45.6531,0</coordinates></Point>
    </Placemark>
    <Placemark>
      <name>4102-WT</name>
      <description>Ward Butte Windfarm LLC (6.6 MW)</description>
      <styleUrl>#Wind-2</styleUrl>
      <Point><coordinates>-119.4097,45.6967,0</coordinates></Point>
    </Placemark>
    <Placemark>
      <name>4005-WT</name>
      <description>Wheat Field Wind Power Project (102.9 MW)</description>
      <styleUrl>#Wind-2</styleUrl>
      <Point><coordinates>-120.31832,45.675804,0</coordinates></Point>
    </Placemark>
    <Placemark>
      <name>4005-WT</name>
      <description>Wheatridge 1 (100.0 MW)</description>
      <styleUrl>#Wind-2</styleUrl>
      <Point><coordinates>-119.6338,45.55975,0</coordinates></Point>
    </Placemark>
    <Placemark>
      <name>4005-WT</name>
      <description>Wheatridge Hybrid (280.0 MW)</description>
      <styleUrl>#Wind-2</styleUrl>
      <Point><coordinates>-119.6338,45.55975,0</coordinates></Point>
    </Placemark>
    <Placemark>
      <name>4005-WT</name>
      <description>Willow Creek Energy Center (72.0 MW)</description>
      <styleUrl>#Wind-2</styleUrl>
      <Point><coordinates>-119.9914,45.6533,0</coordinates></Point>
    </Placemark>
    <Placemark>
      <name>6403-WT</name>
      <description>Willow Spring Windfarm (Burnt River) (10.0 MW)</description>
      <styleUrl>#Wind-2</styleUrl>
      <Point><coordinates>-117.273056,44.381944,0</coordinates></Point>
    </Placemark>
    <Placemark>
      <name>1004-WT</name>
      <description>Latigo Wind Park (62.1 MW)</description>
      <styleUrl>#Wind-2</styleUrl>
      <Point><coordinates>-109.36839,37.886706,0</coordinates></Point>
    </Placemark>
    <Placemark>
      <name>6503-WT</name>
      <description>Milford Wind Corridor I LLC (203.5 MW)</description>
      <styleUrl>#Wind-2</styleUrl>
      <Point><coordinates>-112.935,38.53569,0</coordinates></Point>
    </Placemark>
    <Placemark>
      <name>6503-WT</name>
      <description>Milford Wind Corridor Stage II LLC (102.0 MW)</description>
      <styleUrl>#Wind-2</styleUrl>
      <Point><coordinates>-112.931,38.58523,0</coordinates></Point>
    </Placemark>
    <Placemark>
      <name>6503-WT</name>
      <description>Spanish Fork Wind Park 2 LLC (18.9 MW)</description>
      <styleUrl>#Wind-2</styleUrl>
      <Point><coordinates>-111.582222,40.071389,0</coordinates></Point>
    </Placemark>
    <Placemark>
      <name>6101-WT</name>
      <description>Tooele Army Depot(CSG) (7.2 MW)</description>
      <styleUrl>#Wind-2</styleUrl>
      <Point><coordinates>-112.37059,40.50303,0</coordinates></Point>
    </Placemark>
    <Placemark>
      <name>4005-WT</name>
      <description>Big Horn Wind II (50.0 MW)</description>
      <styleUrl>#Wind-2</styleUrl>
      <Point><coordinates>-120.3039,45.9192,0</coordinates></Point>
    </Placemark>
    <Placemark>
      <name>4005-WT</name>
      <description>Big Horn Wind Project (199.0 MW)</description>
      <styleUrl>#Wind-2</styleUrl>
      <Point><coordinates>-120.2896,45.8877,0</coordinates></Point>
    </Placemark>
    <Placemark>
      <name>4202-WT</name>
      <description>Coastal Energy Project (6.0 MW)</description>
      <styleUrl>#Wind-2</styleUrl>
      <Point><coordinates>-124.065412,46.793581,0</coordinates></Point>
    </Placemark>
    <Placemark>
      <name>4102-WT</name>
      <description>FPL Energy Vansycle LLC (WA) (176.9 MW)</description>
      <styleUrl>#Wind-2</styleUrl>
      <Point><coordinates>-118.917,46.06,0</coordinates></Point>
    </Placemark>
    <Placemark>
      <name>4005-WT</name>
      <description>Goodnoe Hills (103.4 MW)</description>
      <styleUrl>#Wind-2</styleUrl>
      <Point><coordinates>-120.521151,45.781825,0</coordinates></Point>
    </Placemark>
    <Placemark>
      <name>4005-WT</name>
      <description>Harvest Wind Project (98.9 MW)</description>
      <styleUrl>#Wind-2</styleUrl>
      <Point><coordinates>-120.3475,45.8131,0</coordinates></Point>
    </Placemark>
    <Placemark>
      <name>4102-WT</name>
      <description>Hopkins Ridge Wind (156.6 MW)</description>
      <styleUrl>#Wind-2</styleUrl>
      <Point><coordinates>-117.8331,46.4211,0</coordinates></Point>
    </Placemark>
    <Placemark>
      <name>4005-WT</name>
      <description>Juniper Canyon I Wind Project (151.2 MW)</description>
      <styleUrl>#Wind-2</styleUrl>
      <Point><coordinates>-120.2355,45.9215,0</coordinates></Point>
    </Placemark>
    <Placemark>
      <name>4005-WT</name>
      <description>Linden Wind Energy Project (50.0 MW)</description>
      <styleUrl>#Wind-2</styleUrl>
      <Point><coordinates>-120.783568,45.744171,0</coordinates></Point>
    </Placemark>
    <Placemark>
      <name>4102-WT</name>
      <description>Lower Snake River Wind Energy Project (342.7 MW)</description>
      <styleUrl>#Wind-2</styleUrl>
      <Point><coordinates>-117.821666,46.524167,0</coordinates></Point>
    </Placemark>
    <Placemark>
      <name>4102-WT</name>
      <description>Marengo Wind Plant (234.0 MW)</description>
      <styleUrl>#Wind-2</styleUrl>
      <Point><coordinates>-117.7772,46.3747,0</coordinates></Point>
    </Placemark>
    <Placemark>
      <name>4102-WT</name>
      <description>Nine Canyon (95.9 MW)</description>
      <styleUrl>#Wind-2</styleUrl>
      <Point><coordinates>-119.0964,46.0958,0</coordinates></Point>
    </Placemark>
    <Placemark>
      <name>4101-WT</name>
      <description>Palouse (105.3 MW)</description>
      <styleUrl>#Wind-2</styleUrl>
      <Point><coordinates>-117.364444,47.155833,0</coordinates></Point>
    </Placemark>
    <Placemark>
      <name>4102-WT</name>
      <description>Rattlesnake Flat (144.0 MW)</description>
      <styleUrl>#Wind-2</styleUrl>
      <Point><coordinates>-118.567136,46.941015,0</coordinates></Point>
    </Placemark>
    <Placemark>
      <name>4202-WT</name>
      <description>Sagebrush Power Partners (100.7 MW)</description>
      <styleUrl>#Wind-2</styleUrl>
      <Point><coordinates>-120.6872,47.1356,0</coordinates></Point>
    </Placemark>
    <Placemark>
      <name>4202-WT</name>
      <description>Skookumchuck Wind Facility (136.0 MW)</description>
      <styleUrl>#Wind-2</styleUrl>
      <Point><coordinates>-122.664447,46.85074,0</coordinates></Point>
    </Placemark>
    <Placemark>
      <name>4202-WT</name>
      <description>Swauk Wind LLC (4.3 MW)</description>
      <styleUrl>#Wind-2</styleUrl>
      <Point><coordinates>-120.753056,47.139167,0</coordinates></Point>
    </Placemark>
    <Placemark>
      <name>4102-WT</name>
      <description>Tucannon River Wind Farm (266.8 MW)</description>
      <styleUrl>#Wind-2</styleUrl>
      <Point><coordinates>-118.026944,46.421111,0</coordinates></Point>
    </Placemark>
    <Placemark>
      <name>4005-WT</name>
      <description>Tuolumne Wind Project (136.3 MW)</description>
      <styleUrl>#Wind-2</styleUrl>
      <Point><coordinates>-120.8072,45.8797,0</coordinates></Point>
    </Placemark>
    <Placemark>
      <name>4102-WT</name>
      <description>Vantage Wind Energy LLC (90.0 MW)</description>
      <styleUrl>#Wind-2</styleUrl>
      <Point><coordinates>-120.1819,46.9547,0</coordinates></Point>
    </Placemark>
    <Placemark>
      <name>4005-WT</name>
      <description>White Creek Wind Farm (204.0 MW)</description>
      <styleUrl>#Wind-2</styleUrl>
      <Point><coordinates>-120.341883,45.815467,0</coordinates></Point>
    </Placemark>
    <Placemark>
      <name>4102-WT</name>
      <description>Wild Horse (273.1 MW)</description>
      <styleUrl>#Wind-2</styleUrl>
      <Point><coordinates>-120.206494,47.036269,0</coordinates></Point>
    </Placemark>
    <Placemark>
      <name>4005-WT</name>
      <description>Windy Flats Wind Project (262.2 MW)</description>
      <styleUrl>#Wind-2</styleUrl>
      <Point><coordinates>-120.8339,45.7269,0</coordinates></Point>
    </Placemark>
    <Placemark>
      <name>6301-WT</name>
      <description>Campbell Hill Windpower (99.0 MW)</description>
      <styleUrl>#Wind-2</styleUrl>
      <Point><coordinates>-105.999,43.01455,0</coordinates></Point>
    </Placemark>
    <Placemark>
      <name>6301-WT</name>
      <description>Casper Wind Farm (17.0 MW)</description>
      <styleUrl>#Wind-2</styleUrl>
      <Point><coordinates>-106.221442,42.884703,0</coordinates></Point>
    </Placemark>
    <Placemark>
      <name>6301-WT</name>
      <description>Cedar Springs I (200.0 MW)</description>
      <styleUrl>#Wind-2</styleUrl>
      <Point><coordinates>-105.472139,43.019714,0</coordinates></Point>
    </Placemark>
    <Placemark>
      <name>6301-WT</name>
      <description>Cedar Springs II (200.0 MW)</description>
      <styleUrl>#Wind-2</styleUrl>
      <Point><coordinates>-105.365616,42.969007,0</coordinates></Point>
    </Placemark>
    <Placemark>
      <name>6301-WT</name>
      <description>Cedar Springs III (133.0 MW)</description>
      <styleUrl>#Wind-2</styleUrl>
      <Point><coordinates>-105.584352,43.076692,0</coordinates></Point>
    </Placemark>
    <Placemark>
      <name>7001-WT</name>
      <description>Corriedale Wind Energy (52.5 MW)</description>
      <styleUrl>#Wind-2</styleUrl>
      <Point><coordinates>-104.984011,41.1133,0</coordinates></Point>
    </Placemark>
    <Placemark>
      <name>6301-WT</name>
      <description>Dunlap (129.5 MW)</description>
      <styleUrl>#Wind-2</styleUrl>
      <Point><coordinates>-106.160278,42.043611,0</coordinates></Point>
    </Placemark>
    <Placemark>
      <name>6301-WT</name>
      <description>Ekola Flats (250.9 MW)</description>
      <styleUrl>#Wind-2</styleUrl>
      <Point><coordinates>-106.35843,41.932405,0</coordinates></Point>
    </Placemark>
    <Placemark>
      <name>6301-WT</name>
      <description>Foote Creek I (41.4 MW)</description>
      <styleUrl>#Wind-2</styleUrl>
      <Point><coordinates>-106.2013,41.6283,0</coordinates></Point>
    </Placemark>
    <Placemark>
      <name>6301-WT</name>
      <description>Glenrock (165.6 MW)</description>
      <styleUrl>#Wind-2</styleUrl>
      <Point><coordinates>-105.835278,43.0181,0</coordinates></Point>
    </Placemark>
    <Placemark>
      <name>7001-WT</name>
      <description>Happy Jack Windpower Project (29.4 MW)</description>
      <styleUrl>#Wind-2</styleUrl>
      <Point><coordinates>-104.997778,41.139722,0</coordinates></Point>
    </Placemark>
    <Placemark>
      <name>6301-WT</name>
      <description>High Plains (122.1 MW)</description>
      <styleUrl>#Wind-2</styleUrl>
      <Point><coordinates>-106.011124,41.675052,0</coordinates></Point>
    </Placemark>
    <Placemark>
      <name>6301-WT</name>
      <description>McFadden Ridge (35.2 MW)</description>
      <styleUrl>#Wind-2</styleUrl>
      <Point><coordinates>-105.9906,41.7244,0</coordinates></Point>
    </Placemark>
    <Placemark>
      <name>6301-WT</name>
      <description>Medicine Bow (6.2 MW)</description>
      <styleUrl>#Wind-2</styleUrl>
      <Point><coordinates>-106.242778,41.835278,0</coordinates></Point>
    </Placemark>
    <Placemark>
      <name>6503-WT</name>
      <description>Mountain Wind Power II LLC (80.0 MW)</description>
      <styleUrl>#Wind-2</styleUrl>
      <Point><coordinates>-110.544444,41.263889,0</coordinates></Point>
    </Placemark>
    <Placemark>
      <name>6503-WT</name>
      <description>Mountain Wind Power LLC (61.0 MW)</description>
      <styleUrl>#Wind-2</styleUrl>
      <Point><coordinates>-110.480741,41.288056,0</coordinates></Point>
    </Placemark>
    <Placemark>
      <name>6301-WT</name>
      <description>Pioneer Wind Park, LLC (80.0 MW)</description>
      <styleUrl>#Wind-2</styleUrl>
      <Point><coordinates>-105.866765,42.728198,0</coordinates></Point>
    </Placemark>
    <Placemark>
      <name>6301-WT</name>
      <description>Rock River I LLC (50.0 MW)</description>
      <styleUrl>#Wind-2</styleUrl>
      <Point><coordinates>-106.1077,41.7172,0</coordinates></Point>
    </Placemark>
    <Placemark>
      <name>6301-WT</name>
      <description>Rolling Hills (115.8 MW)</description>
      <styleUrl>#Wind-2</styleUrl>
      <Point><coordinates>-105.8543,43.0572,0</coordinates></Point>
    </Placemark>
    <Placemark>
      <name>7001-WT</name>
      <description>Roundhouse Wind Energy Project (226.0 MW)</description>
      <styleUrl>#Wind-2</styleUrl>
      <Point><coordinates>-105.107423,41.095126,0</coordinates></Point>
    </Placemark>
    <Placemark>
      <name>6301-WT</name>
      <description>Seven Mile Hill (146.2 MW)</description>
      <styleUrl>#Wind-2</styleUrl>
      <Point><coordinates>-106.3758,41.9203,0</coordinates></Point>
    </Placemark>
    <Placemark>
      <name>7001-WT</name>
      <description>Silver Sage Windpower (42.0 MW)</description>
      <styleUrl>#Wind-2</styleUrl>
      <Point><coordinates>-105.024,41.12968,0</coordinates></Point>
    </Placemark>
    <Placemark>
      <name>6301-WT</name>
      <description>TB Flats (503.2 MW)</description>
      <styleUrl>#Wind-2</styleUrl>
      <Point><coordinates>-106.234141,42.177245,0</coordinates></Point>
    </Placemark>
    <Placemark>
      <name>6301-WT</name>
      <description>Top of the World Windpower Project (200.0 MW)</description>
      <styleUrl>#Wind-2</styleUrl>
      <Point><coordinates>-105.7872,42.9258,0</coordinates></Point>
    </Placemark>
    <Placemark>
      <name>6503-WT</name>
      <description>TransAlta Wyoming Wind (144.0 MW)</description>
      <styleUrl>#Wind-2</styleUrl>
      <Point><coordinates>-110.5556,41.2874,0</coordinates></Point>
    </Placemark>
  </Folder>
</Document>
</kml>
