name,type,latitude,longitude,node
"Tule",WT,32.760899,-116.29908,9mudw2
"Kumeyaay Phase I",WT,32.725296,-116.346985,9mudw2
"Kumeyaay Phase I",WT,32.707096,-116.330589,9mudw2
"Kumeyaay Phase I",WT,32.717796,-116.34079,9mudw2
"Kumeyaay Phase I",WT,32.730595,-116.345688,9mudw2
"Kumeyaay Phase I",WT,32.72879,-116.346115,9mudw2
"Tule",WT,32.749065,-116.284233,9mudw2
"Tule",WT,32.777653,-116.333107,9mudw2
"Tule",WT,32.78981,-116.329414,9mudw2
"Tule",WT,32.722862,-116.276443,9mudw2
"Kumeyaay Phase I",WT,32.708195,-116.331787,9mudw2
"Tule",WT,32.774254,-116.306526,9mudw2
"Tule",WT,32.772335,-116.300179,9mudw2
"Tule",WT,32.738239,-116.263664,9mudw2
"Tule",WT,32.787628,-116.328232,9mudw2
"Tule",WT,32.785423,-116.327248,9mudw2
"Tule",WT,32.783554,-116.313568,9mudw2
"Tule",WT,32.780209,-116.333061,9mudw2
"Tule",WT,32.772171,-116.296799,9mudw2
"Kumeyaay Phase I",WT,32.733913,-116.344841,9mudw2
"Kumeyaay Phase I",WT,32.732296,-116.34539,9mudw2
"Kumeyaay Phase I",WT,32.713997,-116.337685,9mudw2
"Golden Acorn Casino",WT,32.701496,-116.351318,9mudw2
"Kumeyaay Phase I",WT,32.705894,-116.329491,9mudw2
"Kumeyaay Phase I",WT,32.715294,-116.338692,9mudw2
"Tule",WT,32.785416,-116.317375,9mudw2
"Kumeyaay Phase I",WT,32.727097,-116.346786,9mudw2
"Kumeyaay Phase I",WT,32.712795,-116.336586,9mudw2
"Tule",WT,32.72707,-116.251144,9mudw2
"Tule",WT,32.784554,-116.339249,9mudw2
"Tule",WT,32.782314,-116.334854,9mudw2
"Tule",WT,32.720901,-116.275017,9mudw2
"Tule",WT,32.776768,-116.294472,9mudw2
"Tule",WT,32.725357,-116.277275,9mudw2
"Tule",WT,32.789234,-116.320778,9mudw2
"Tule",WT,32.736179,-116.282692,9mudw2
"Tule",WT,32.778351,-116.30619,9mudw2
"Tule",WT,32.742283,-116.280434,9mudw2
"Tule",WT,32.810207,-116.338966,9mudw2
"Tule",WT,32.777542,-116.297516,9mudw2
"Kumeyaay Phase I",WT,32.710495,-116.33419,9mudw2
"Tule",WT,32.770554,-116.288452,9mudw2
"Tule",WT,32.747116,-116.282875,9mudw2
"Tule",WT,32.769958,-116.285515,9mudw2
"Tule",WT,32.775333,-116.332047,9mudw2
"Kumeyaay Phase I",WT,32.716595,-116.339691,9mudw2
"Tule",WT,32.731361,-116.281334,9mudw2
"Kumeyaay Phase I",WT,32.711697,-116.335289,9mudw2
"Tule",WT,32.808048,-116.337692,9mudw2
"Tule",WT,32.735565,-116.264275,9mudw2
"Tule",WT,32.745228,-116.28109,9mudw2
"Tule",WT,32.772964,-116.303329,9mudw2
"Tule",WT,32.758354,-116.298508,9mudw2
"Tule",WT,32.750587,-116.286171,9mudw2
"Kumeyaay Phase I",WT,32.702396,-116.326187,9mudw2
"Tule",WT,32.726929,-116.254211,9mudw2
"Kumeyaay Phase I",WT,32.709293,-116.333092,9mudw2
"Kumeyaay Phase I",WT,32.703495,-116.327385,9mudw2
"Tule",WT,32.787563,-116.319183,9mudw2
"Tule",WT,32.80608,-116.336044,9mudw2
"Tule",WT,32.729149,-116.255173,9mudw2
"Tule",WT,32.727028,-116.278801,9mudw2
"Tule",WT,32.793793,-116.324547,9mudw2
"Tule",WT,32.765369,-116.279617,9mudw2
"Tule",WT,32.767384,-116.280518,9mudw2
"Tule",WT,32.73394,-116.281975,9mudw2
"Tule",WT,32.778614,-116.300552,9mudw2
"Tule",WT,32.763577,-116.275726,9mudw2
"Tule",WT,32.773628,-116.317253,9mudw2
"Tule",WT,32.771603,-116.294441,9mudw2
"Tule",WT,32.763645,-116.298752,9mudw2
"Kumeyaay Phase I",WT,32.723995,-116.345985,9mudw2
"Tule",WT,32.739479,-116.281921,9mudw2
"Kumeyaay Phase I",WT,32.722897,-116.344788,9mudw2
"Tule",WT,32.767395,-116.28511,9mudw2
"Tule",WT,32.791683,-116.322693,9mudw2
"Tule",WT,32.718918,-116.273338,9mudw2
"Kumeyaay Phase I",WT,32.721695,-116.343689,9mudw2
"Tule",WT,32.729,-116.280281,9mudw2
"Kumeyaay Phase I",WT,32.704697,-116.328384,9mudw2
"Kumeyaay Phase I",WT,32.720367,-116.342712,9mudw2
"Tule",WT,32.771351,-116.290787,9mudw2
"Kumeyaay Phase I",WT,32.719093,-116.341789,9mudw2
"Cemex Black Mountain Quarry",WT,34.623199,-117.112556,9mupsy
"Inland Empire Utility Agency",WT,34.084896,-117.52639,9mupsy
"Barstow Marine Logistics Base",WT,34.862396,-116.959785,9mupsy
"Cemex River Plant",WT,34.561996,-117.30719,9mupsy
"Cemex River Plant",WT,34.560097,-117.305885,9mupsy
"Cemex Black Mountain Quarry",WT,34.621078,-117.11113,9mupsy
"Victorville Wind Project",WT,34.557693,-117.358292,9mupsy
"Ocotillo Wind I",WT,32.760593,-116.050491,9mvgw4
"Ocotillo Wind I",WT,32.758396,-116.05629,9mvgw4
"Ocotillo Wind I",WT,32.734596,-116.053688,9mvgw4
"Ocotillo Wind I",WT,32.731297,-116.083389,9mvgw4
"Ocotillo Wind I",WT,32.744293,-116.051285,9mvgw4
"Ocotillo Wind I",WT,32.736496,-116.031792,9mvgw4
"Ocotillo Wind I",WT,32.760094,-116.071991,9mvgw4
"Ocotillo Wind I",WT,32.736095,-116.079887,9mvgw4
"Ocotillo Wind I",WT,32.766796,-116.028885,9mvgw4
"Ocotillo Wind I",WT,32.767395,-116.041985,9mvgw4
"Ocotillo Wind I",WT,32.760296,-115.981789,9mvgw4
"Ocotillo Wind I",WT,32.747795,-116.071686,9mvgw4
"Ocotillo Wind I",WT,32.755295,-116.078491,9mvgw4
"Ocotillo Wind I",WT,32.765396,-116.006989,9mvgw4
"Ocotillo Wind I",WT,32.740993,-116.048187,9mvgw4
"Ocotillo Wind I",WT,32.732895,-116.076889,9mvgw4
"Ocotillo Wind I",WT,32.767094,-115.992287,9mvgw4
"Ocotillo Wind I",WT,32.748295,-116.060684,9mvgw4
"Ocotillo Wind I",WT,32.759193,-116.033287,9mvgw4
"Ocotillo Wind I",WT,32.762596,-115.976791,9mvgw4
"Ocotillo Wind I",WT,32.735596,-116.099991,9mvgw4
"Ocotillo Wind I",WT,32.760296,-116.011688,9mvgw4
"Ocotillo Wind I",WT,32.761993,-115.996086,9mvgw4
"Ocotillo Wind I",WT,32.763294,-115.999191,9mvgw4
"Ocotillo Wind I",WT,32.749096,-116.053391,9mvgw4
"Ocotillo Wind I",WT,32.767094,-116.008492,9mvgw4
"Ocotillo Wind I",WT,32.745193,-116.060585,9mvgw4
"Ocotillo Wind I",WT,32.734196,-116.06739,9mvgw4
"Ocotillo Wind I",WT,32.763893,-116.038986,9mvgw4
"Ocotillo Wind I",WT,32.764095,-115.98819,9mvgw4
"Ocotillo Wind I",WT,32.765594,-115.98999,9mvgw4
"Ocotillo Wind I",WT,32.709595,-115.986389,9mvgw4
"Ocotillo Wind I",WT,32.749596,-116.061989,9mvgw4
"Ocotillo Wind I",WT,32.735096,-116.077896,9mvgw4
"Ocotillo Wind I",WT,32.738495,-116.056389,9mvgw4
"Ocotillo Wind I",WT,32.756496,-116.069489,9mvgw4
"Ocotillo Wind I",WT,32.754894,-116.046387,9mvgw4
"Ocotillo Wind I",WT,32.731396,-116.067085,9mvgw4
"Ocotillo Wind I",WT,32.711555,-115.993088,9mvgw4
"Ocotillo Wind I",WT,32.746815,-116.051895,9mvgw4
"Ocotillo Wind I",WT,32.727997,-116.071487,9mvgw4
"Ocotillo Wind I",WT,32.736496,-116.055084,9mvgw4
"Ocotillo Wind I",WT,32.737797,-116.090691,9mvgw4
"Ocotillo Wind I",WT,32.765194,-116.041389,9mvgw4
"Ocotillo Wind I",WT,32.739994,-116.058891,9mvgw4
"Ocotillo Wind I",WT,32.741493,-116.084785,9mvgw4
"Ocotillo Wind I",WT,32.737694,-116.068291,9mvgw4
"Ocotillo Wind I",WT,32.761295,-115.971886,9mvgw4
"Ocotillo Wind I",WT,32.760395,-116.03569,9mvgw4
"Ocotillo Wind I",WT,32.765293,-115.970688,9mvgw4
"Ocotillo Wind I",WT,32.763996,-116.014885,9mvgw4
"Ocotillo Wind I",WT,32.733196,-116.040886,9mvgw4
"Ocotillo Wind I",WT,32.740894,-116.069489,9mvgw4
"Ocotillo Wind I",WT,32.758194,-116.070686,9mvgw4
"Ocotillo Wind I",WT,32.745995,-116.045486,9mvgw4
"Ocotillo Wind I",WT,32.751793,-116.088989,9mvgw4
"Ocotillo Wind I",WT,32.71833,-116.002792,9mvgw4
"Ocotillo Wind I",WT,32.729595,-116.073189,9mvgw4
"Ocotillo Wind I",WT,32.751095,-116.05529,9mvgw4
"Ocotillo Wind I",WT,32.758995,-116.022186,9mvgw4
"Ocotillo Wind I",WT,32.731895,-116.039185,9mvgw4
"Ocotillo Wind I",WT,32.720196,-115.990387,9mvgw4
"Ocotillo Wind I",WT,32.763794,-116.065186,9mvgw4
"Ocotillo Wind I",WT,32.763195,-116.020187,9mvgw4
"Ocotillo Wind I",WT,32.763996,-115.978889,9mvgw4
"Ocotillo Wind I",WT,32.757896,-115.979691,9mvgw4
"Ocotillo Wind I",WT,32.754196,-116.076485,9mvgw4
"Ocotillo Wind I",WT,32.765095,-116.000587,9mvgw4
"Ocotillo Wind I",WT,32.753593,-116.056786,9mvgw4
"Ocotillo Wind I",WT,32.746696,-116.069389,9mvgw4
"Ocotillo Wind I",WT,32.757053,-116.079414,9mvgw4
"Ocotillo Wind I",WT,32.727493,-116.044487,9mvgw4
"Ocotillo Wind I",WT,32.758797,-116.009087,9mvgw4
"Ocotillo Wind I",WT,32.760494,-116.024185,9mvgw4
"Ocotillo Wind I",WT,32.752495,-116.065186,9mvgw4
"Ocotillo Wind I",WT,32.735596,-116.023689,9mvgw4
"Ocotillo Wind I",WT,32.751339,-116.08197,9mvgw4
"Ocotillo Wind I",WT,32.707035,-115.985657,9mvgw4
"Ocotillo Wind I",WT,32.765194,-116.066689,9mvgw4
"Ocotillo Wind I",WT,32.758797,-115.97229,9mvgw4
"Ocotillo Wind I",WT,32.734295,-116.089691,9mvgw4
"Ocotillo Wind I",WT,32.758896,-116.04879,9mvgw4
"Ocotillo Wind I",WT,32.754795,-116.085587,9mvgw4
"Ocotillo Wind I",WT,32.764896,-116.053589,9mvgw4
"Ocotillo Wind I",WT,32.762196,-116.063889,9mvgw4
"Ocotillo Wind I",WT,32.711796,-115.986786,9mvgw4
"Ocotillo Wind I",WT,32.731094,-116.07489,9mvgw4
"Ocotillo Wind I",WT,32.719654,-116.004692,9mvgw4
"Ocotillo Wind I",WT,32.720795,-116.006592,9mvgw4
"Ocotillo Wind I",WT,32.725994,-116.06929,9mvgw4
"Ocotillo Wind I",WT,32.739494,-116.046486,9mvgw4
"Ocotillo Wind I",WT,32.756996,-116.047089,9mvgw4
"Ocotillo Wind I",WT,32.751396,-116.046288,9mvgw4
"Ocotillo Wind I",WT,32.738369,-116.033081,9mvgw4
"Ocotillo Wind I",WT,32.761696,-116.038086,9mvgw4
"Ocotillo Wind I",WT,32.713795,-115.987991,9mvgw4
"Ocotillo Wind I",WT,32.762794,-116.051788,9mvgw4
"Ocotillo Wind I",WT,32.751095,-116.06369,9mvgw4
"Ocotillo Wind I",WT,32.707851,-115.996704,9mvgw4
"Ocotillo Wind I",WT,32.742794,-116.049286,9mvgw4
"Ocotillo Wind I",WT,32.729794,-116.065689,9mvgw4
"Ocotillo Wind I",WT,32.761696,-116.073586,9mvgw4
"Ocotillo Wind I",WT,32.766495,-116.056389,9mvgw4
"Ocotillo Wind I",WT,32.738297,-116.024185,9mvgw4
"Ocotillo Wind I",WT,32.766693,-115.978889,9mvgw4
"Ocotillo Wind I",WT,32.739197,-116.083488,9mvgw4
"Ocotillo Wind I",WT,32.756695,-115.97039,9mvgw4
"Ocotillo Wind I",WT,32.734997,-116.029488,9mvgw4
"Ocotillo Wind I",WT,32.742596,-116.061188,9mvgw4
"Ocotillo Wind I",WT,32.742695,-116.07019,9mvgw4
"Ocotillo Wind I",WT,32.737797,-116.100784,9mvgw4
"Ocotillo Wind I",WT,32.765095,-116.021385,9mvgw4
"California State Prison Los Angeles County",WT,34.691982,-118.221596,9q5fm0
"San Clemente Island",WT,32.987331,-118.55278,9q5fm0
"San Clemente Island",WT,32.985569,-118.551636,9q5fm0
"San Clemente Island",WT,32.986084,-118.552109,9q5fm0
"Lake Palmdale",WT,34.555897,-118.118286,9q5fm0
"Alta V",WT,35.013996,-118.25209,9q713t
"Alta V",WT,35.002995,-118.259491,9q713t
"Alta V",WT,35.000294,-118.262985,9q713t
"Alta III",WT,35.013996,-118.26149,9q713t
"Alta VI (partial)",WT,35.013695,-118.317291,9q713t
"Alta III",WT,35.017197,-118.259888,9q713t
"Mustang Hills",WT,35.030296,-118.241188,9q713t
"Alta V",WT,34.999393,-118.263985,9q713t
"Alta V",WT,35.023193,-118.241287,9q713t
"Alta V",WT,35.025295,-118.248688,9q713t
"Alta V",WT,35.012695,-118.242989,9q713t
"Alta V",WT,35.021996,-118.241287,9q713t
"Alta V",WT,35.014896,-118.241989,9q713t
"Alta V",WT,35.009495,-118.254288,9q713t
"Alta V",WT,35.027996,-118.247986,9q713t
"Alta V",WT,35.020195,-118.249786,9q713t
"Alta V",WT,35.013794,-118.242386,9q713t
"Alta V",WT,35.010593,-118.253685,9q713t
"Alta V",WT,35.009449,-118.24482,9q713t
"Alta V",WT,35.002193,-118.26059,9q713t
"Alta IV",WT,35.041393,-118.388084,9q713t
"Mustang Hills",WT,35.027897,-118.241287,9q713t
"Alta V",WT,34.995895,-118.253891,9q713t
"Alta V",WT,35.005394,-118.24839,9q713t
"Alta V",WT,35.001194,-118.261887,9q713t
"Alta I",WT,35.049496,-118.396889,9q713t
"Alta I",WT,35.054794,-118.39399,9q713t
"Alta I",WT,35.057297,-118.348488,9q713t
"Mustang Hills",WT,35.029095,-118.241188,9q713t
"Alta I",WT,35.025295,-118.348686,9q713t
"Alta I",WT,35.027596,-118.370987,9q713t
"Alta I",WT,35.020996,-118.360291,9q713t
"Alta I",WT,35.038174,-118.375305,9q713t
"Alta I",WT,35.023296,-118.39109,9q713t
"Alta I",WT,35.022694,-118.356987,9q713t
"Alta I",WT,35.043694,-118.381485,9q713t
"Alta I",WT,35.045395,-118.360588,9q713t
"Alta I",WT,35.044594,-118.380585,9q713t
"Alta I",WT,35.026096,-118.347389,9q713t
"Alta I",WT,35.030018,-118.381882,9q713t
"Alta I",WT,35.050095,-118.394485,9q713t
"Alta I",WT,35.024895,-118.353485,9q713t
"Alta I",WT,35.038197,-118.365189,9q713t
"Alta I",WT,35.028095,-118.364189,9q713t
"Alta V",WT,35.007294,-118.255486,9q713t
"Alta I",WT,35.030296,-118.36039,9q713t
"Alta I",WT,35.051094,-118.379791,9q713t
"Alta I",WT,35.034195,-118.354187,9q713t
"Alta I",WT,35.032295,-118.357689,9q713t
"Alta I",WT,35.024197,-118.388985,9q713t
"Alta I",WT,35.045994,-118.359589,9q713t
"Alta I",WT,35.037193,-118.358185,9q713t
"Alta I",WT,35.03186,-118.38121,9q713t
"Alta I",WT,35.050396,-118.393288,9q713t
"Alta V",WT,35.002193,-118.250687,9q713t
"Alta III",WT,34.998997,-118.313591,9q713t
"Alta V",WT,35.011597,-118.243591,9q713t
"Alta V",WT,35.016693,-118.251091,9q713t
"Alta V",WT,35.015194,-118.251587,9q713t
"Alta V",WT,35.026794,-118.248489,9q713t
"Alta V",WT,35.030796,-118.247086,9q713t
"Alta V",WT,35.006294,-118.247391,9q713t
"Alta V",WT,35.018394,-118.241386,9q713t
"Alta V",WT,35.024296,-118.241386,9q713t
"Alta V",WT,35.017197,-118.241386,9q713t
"Alta IV",WT,35.040695,-118.359985,9q713t
"Alta V",WT,35.007294,-118.246391,9q713t
"Alta V",WT,35.029594,-118.247391,9q713t
"Alta V",WT,35.017895,-118.250587,9q713t
"Alta V",WT,34.996994,-118.252991,9q713t
"Alta VI (partial)",WT,35.022194,-118.299484,9q713t
"Alta VI (partial)",WT,35.018494,-118.304085,9q713t
"Alta VI (partial)",WT,35.025993,-118.30619,9q713t
"Alta VI (partial)",WT,35.014194,-118.324287,9q713t
"Alta V",WT,35.025494,-118.241287,9q713t
"Alta V",WT,35.011696,-118.25309,9q713t
"Alta V",WT,35.012894,-118.252487,9q713t
"Alta V",WT,35.022797,-118.24939,9q713t
"Alta IV",WT,35.051395,-118.321587,9q713t
"Alta IV",WT,35.022297,-118.263687,9q713t
"Mustang Hills",WT,35.026695,-118.241188,9q713t
"Alta V",WT,35.003895,-118.258492,9q713t
"Alta V",WT,35.020794,-118.241287,9q713t
"Alta V",WT,35.004696,-118.257385,9q713t
"Alta V",WT,35.021397,-118.249489,9q713t
"Alta V",WT,35.001194,-118.251488,9q713t
"Alta V",WT,35.036594,-118.220688,9q713t
"Alta V",WT,35.004295,-118.249084,9q713t
"Alta V",WT,35.019596,-118.241386,9q713t
"Alta III",WT,35.009499,-118.233887,9q713t
"Alta III",WT,35.019794,-118.268791,9q713t
"Alta III",WT,35.016094,-118.260284,9q713t
"Alta III",WT,35.008293,-118.264091,9q713t
"Alta III",WT,35.012295,-118.279686,9q713t
"Alta III",WT,35.003796,-118.270592,9q713t
"Alta III",WT,35.007397,-118.264992,9q713t
"Alta III",WT,35.011696,-118.299385,9q713t
"Alta III",WT,35.001396,-118.30719,9q713t
"Alta III",WT,35.013695,-118.297585,9q713t
"Alta IV",WT,35.051395,-118.314186,9q713t
"Alta IV",WT,35.021996,-118.25869,9q713t
"Alta V",WT,35.003296,-118.249886,9q713t
"Alta V",WT,34.998096,-118.252289,9q713t
"Alta V",WT,35.018993,-118.250191,9q713t
"Alta V",WT,35.008293,-118.24559,9q713t
"Alta V",WT,35.015995,-118.241486,9q713t
"Alta V",WT,35.000294,-118.252388,9q713t
"Alta V",WT,35.010395,-118.244087,9q713t
"Alta V",WT,35.008293,-118.25489,9q713t
"Alta V",WT,35.024197,-118.248787,9q713t
"Alta V",WT,35.006195,-118.256187,9q713t
"Mustang Hills",WT,35.032795,-118.241089,9q713t
"Oak Creek Wind Power Phase 2",WT,35.037895,-118.353889,9q713t
"Alta I",WT,35.027653,-118.384361,9q713t
"Alta II",WT,35.017895,-118.231987,9q713t
"Alta II",WT,35.036297,-118.245087,9q713t
"Alta II",WT,35.014793,-118.223587,9q713t
"Alta II",WT,35.035496,-118.246185,9q713t
"Alta II",WT,35.018707,-118.223457,9q713t
"Alta I",WT,35.048294,-118.375786,9q713t
"Alta I",WT,35.019196,-118.391891,9q713t
"Alta I",WT,35.027794,-118.386787,9q713t
"Alta I",WT,35.030697,-118.358185,9q713t
"Alta I",WT,35.035496,-118.360291,9q713t
"Alta I",WT,35.053795,-118.387291,9q713t
"Alta I",WT,35.028595,-118.382889,9q713t
"Alta I",WT,35.043095,-118.382385,9q713t
"Alta I",WT,35.050995,-118.390884,9q713t
"Alta II",WT,35.030396,-118.226891,9q713t
"Alta II",WT,35.031895,-118.256889,9q713t
"Alta II",WT,35.029495,-118.257484,9q713t
"Alta II",WT,35.030594,-118.256989,9q713t
"Alta III",WT,35.005196,-118.268387,9q713t
"Alta III",WT,35.010696,-118.26329,9q713t
"Alta III",WT,35.013096,-118.278587,9q713t
"Alta III",WT,35.010197,-118.302284,9q713t
"Alta III",WT,35.006695,-118.26619,9q713t
"Alta III",WT,35.014633,-118.276291,9q713t
"Alta I",WT,35.052197,-118.388885,9q713t
"Alta II",WT,35.00824,-118.234406,9q713t
"Alta II",WT,35.026596,-118.230988,9q713t
"Alta II",WT,35.017097,-118.235176,9q713t
"Alta XI",WT,35.074551,-118.381493,9q713t
"Alta XI",WT,35.097702,-118.363586,9q713t
"Alta XI",WT,35.095341,-118.383064,9q713t
"Alta XI",WT,35.089397,-118.384987,9q713t
"Alta XI",WT,35.065582,-118.386009,9q713t
"Alta XI",WT,35.068596,-118.377388,9q713t
"Alta XI",WT,35.085995,-118.384689,9q713t
"Alta XI",WT,35.068596,-118.37429,9q713t
"Alta XI",WT,35.081394,-118.381691,9q713t
"Alta VI (partial)",WT,35.019295,-118.318886,9q713t
"Alta VI (partial)",WT,35.015896,-118.307388,9q713t
"Alta VI (partial)",WT,35.030396,-118.302391,9q713t
"Alta II",WT,35.036896,-118.225288,9q713t
"Alta II",WT,35.013393,-118.223686,9q713t
"Alta II",WT,35.034695,-118.247185,9q713t
"Alta II",WT,35.017796,-118.224388,9q713t
"Alta II",WT,35.031601,-118.225861,9q713t
"Alta II",WT,35.027393,-118.22979,9q713t
"Alta II",WT,35.03709,-118.243675,9q713t
"Alta II",WT,35.034195,-118.231384,9q713t
"Alta II",WT,35.036095,-118.226791,9q713t
"Alta II",WT,35.012096,-118.223785,9q713t
"Alta II",WT,35.033096,-118.25679,9q713t
"Alta II",WT,35.008194,-118.223885,9q713t
"Alta II",WT,35.009495,-118.223885,9q713t
"Alta III",WT,35.005196,-118.303688,9q713t
"Mustang Hills",WT,35.031494,-118.241089,9q713t
"Alta III",WT,35.019096,-118.269989,9q713t
"Alta III",WT,35.010593,-118.281685,9q713t
"Alta I",WT,35.026695,-118.373291,9q713t
"Alta I",WT,35.045631,-118.37973,9q713t
"Alta I",WT,35.028294,-118.367584,9q713t
"Alta I",WT,35.025394,-118.387886,9q713t
"Alta I",WT,35.056793,-118.349586,9q713t
"Alta I",WT,35.036995,-118.367287,9q713t
"Alta I",WT,35.034595,-118.371887,9q713t
"Alta I",WT,35.052494,-118.370186,9q713t
"Alta I",WT,35.049759,-118.39566,9q713t
"Alta I",WT,35.029594,-118.361191,9q713t
"Alta I",WT,35.055496,-118.351585,9q713t
"Alta I",WT,35.027393,-118.347191,9q713t
"Alta I",WT,35.032993,-118.356888,9q713t
"Alta I",WT,35.025696,-118.375389,9q713t
"Alta I",WT,35.027096,-118.372185,9q713t
"Alta I",WT,35.051296,-118.389687,9q713t
"Alta I",WT,35.028996,-118.362091,9q713t
"Alta I",WT,35.038094,-118.357185,9q713t
"Alta I",WT,35.026894,-118.38739,9q713t
"Alta I",WT,35.043396,-118.364891,9q713t
"Alta I",WT,35.050255,-118.382599,9q713t
"Alta I",WT,35.050694,-118.391991,9q713t
"Alta I",WT,35.038593,-118.373985,9q713t
"Alta I",WT,35.049294,-118.375191,9q713t
"Alta I",WT,35.051094,-118.373688,9q713t
"Alta I",WT,35.017696,-118.39209,9q713t
"Alta I",WT,35.047195,-118.357391,9q713t
"Alta I",WT,35.032696,-118.380486,9q713t
"Alta III",WT,35.013893,-118.277489,9q713t
"Alta III",WT,35.020496,-118.267586,9q713t
"Alta III",WT,35.010895,-118.300491,9q713t
"Alta III",WT,35.011795,-118.262787,9q713t
"Alta II",WT,35.028294,-118.257988,9q713t
"Alta II",WT,35.032394,-118.224289,9q713t
"Alta II",WT,35.032894,-118.222588,9q713t
"Alta II",WT,35.029594,-118.228088,9q713t
"Alta II",WT,35.032696,-118.236786,9q713t
"Alta II",WT,35.034695,-118.22979,9q713t
"Alta II",WT,35.033695,-118.232986,9q713t
"Alta II",WT,35.028595,-118.22879,9q713t
"Alta II",WT,35.035397,-118.228287,9q713t
"Alta II",WT,35.025494,-118.223289,9q713t
"Alta II",WT,35.033894,-118.248291,9q713t
"Alta II",WT,35.018757,-118.230873,9q713t
"Alta II",WT,35.016994,-118.225487,9q713t
"Alta II",WT,35.010796,-118.223885,9q713t
"Alta II",WT,35.033295,-118.234787,9q713t
"Alta II",WT,35.010849,-118.233498,9q713t
"Alta I",WT,35.044796,-118.361588,9q713t
"Alta I",WT,35.035095,-118.370285,9q713t
"Alta III",WT,34.996593,-118.316788,9q713t
"Alta I",WT,35.036194,-118.368286,9q713t
"Alta I",WT,35.029114,-118.367027,9q713t
"Alta III",WT,35.003296,-118.305389,9q713t
"Alta III",WT,34.997395,-118.315689,9q713t
"Alta IV",WT,35.044094,-118.355789,9q713t
"Alta III",WT,35.006298,-118.303162,9q713t
"Pine Tree extension",WT,35.234493,-118.175285,9q713t
"Pine Tree extension",WT,35.281197,-118.201385,9q713t
"Pine Tree extension",WT,35.236897,-118.171288,9q713t
"Pine Tree extension",WT,35.283497,-118.198189,9q713t
"Pine Tree extension",WT,35.228497,-118.200691,9q713t
"Pinyon Pines I",WT,35.071594,-118.21209,9q713t
"Pinyon Pines I",WT,35.062996,-118.222588,9q713t
"Pine Tree Wind Farm",WT,35.288197,-118.193687,9q713t
"Tehachapi Windplant I",WT,35.052998,-118.381844,9q713t
"Pine Tree Wind Farm",WT,35.284595,-118.185089,9q713t
"Pine Tree Wind Farm",WT,35.283394,-118.184586,9q713t
"Pine Tree Wind Farm",WT,35.264694,-118.205391,9q713t
"Pine Tree Wind Farm",WT,35.234196,-118.182884,9q713t
"Pine Tree Wind Farm",WT,35.254597,-118.182289,9q713t
"Pine Tree Wind Farm",WT,35.264896,-118.213585,9q713t
"Pine Tree Wind Farm",WT,35.274296,-118.183388,9q713t
"Pine Tree Wind Farm",WT,35.245193,-118.193886,9q713t
"Pine Tree extension",WT,35.274593,-118.196587,9q713t
"Pine Tree Wind Farm",WT,35.274094,-118.214989,9q713t
"Pine Tree extension",WT,35.278896,-118.199486,9q713t
"Pine Tree extension",WT,35.276794,-118.198189,9q713t
"Tehachapi Windplant I",WT,35.062706,-118.388733,9q713t
"Tehachapi Windplant I",WT,35.056816,-118.385544,9q713t
"Tehachapi Windplant I",WT,35.059296,-118.388191,9q713t
"Tehachapi Windplant I",WT,35.060909,-118.382202,9q713t
"Tehachapi Windplant I",WT,35.059177,-118.390144,9q713t
"Tehachapi Windplant I",WT,35.058655,-118.382652,9q713t
"Pine Tree Wind Farm",WT,35.262394,-118.179985,9q713t
"Pine Tree Wind Farm",WT,35.285496,-118.185287,9q713t
"Pine Tree Wind Farm",WT,35.244694,-118.18129,9q713t
"Pine Tree Wind Farm",WT,35.253395,-118.180588,9q713t
"Pine Tree Wind Farm",WT,35.270794,-118.176788,9q713t
"Pine Tree Wind Farm",WT,35.269695,-118.197289,9q713t
"Pine Tree Wind Farm",WT,35.236294,-118.18119,9q713t
"Pine Tree Wind Farm",WT,35.259895,-118.17189,9q713t
"Pine Tree Wind Farm",WT,35.235096,-118.18219,9q713t
"Pine Tree Wind Farm",WT,35.266193,-118.208092,9q713t
"Pine Tree extension",WT,35.231396,-118.199692,9q713t
"Pine Tree extension",WT,35.233395,-118.198792,9q713t
"Pine Tree Wind Farm",WT,35.278397,-118.207291,9q713t
"Pine Tree Wind Farm",WT,35.272896,-118.176491,9q713t
"Pine Tree Wind Farm",WT,35.279594,-118.207787,9q713t
"Rising Tree North",WT,35.084881,-118.23172,9q713t
"Sky River Repower",WT,35.198349,-118.236893,9q713t
"Sky River Repower",WT,35.272289,-118.243225,9q713t
"Sky River Repower",WT,35.210903,-118.240074,9q713t
"Sky River Repower",WT,35.201004,-118.235512,9q713t
"Cameron Ridge",WT,35.076496,-118.313286,9q713t
"Cameron Ridge",WT,35.079826,-118.305748,9q713t
"Cameron Ridge",WT,35.075974,-118.314545,9q713t
"Cameron Ridge",WT,35.079296,-118.30619,9q713t
"Cameron Ridge",WT,35.081696,-118.307587,9q713t
"Cameron Ridge",WT,35.081287,-118.304482,9q713t
"Cameron Ridge",WT,35.08083,-118.304871,9q713t
"Cameron Ridge",WT,35.077255,-118.311508,9q713t
"Cameron Ridge",WT,35.080662,-118.308289,9q713t
"Cameron Ridge",WT,35.079559,-118.308914,9q713t
"Cameron Ridge",WT,35.080326,-118.305504,9q713t
"Cameron Ridge",WT,35.080093,-118.308586,9q713t
"Rising Tree North",WT,35.09185,-118.220642,9q713t
"Sky River Repower",WT,35.266151,-118.240356,9q713t
"Sky River Repower",WT,35.271797,-118.235832,9q713t
"Sky River Repower",WT,35.236694,-118.239426,9q713t
"Pine Tree Wind Farm",WT,35.286594,-118.186485,9q713t
"Pine Tree Wind Farm",WT,35.276196,-118.20639,9q713t
"Pine Tree Wind Farm",WT,35.260197,-118.182388,9q713t
"Pine Tree Wind Farm",WT,35.280796,-118.207291,9q713t
"Pine Tree Wind Farm",WT,35.275494,-118.184685,9q713t
"Pine Tree Wind Farm",WT,35.264793,-118.180588,9q713t
"Tehachapi Windplant I",WT,35.057217,-118.390656,9q713t
"Tehachapi Windplant I",WT,35.05978,-118.381508,9q713t
"Tehachapi Windplant I",WT,35.061508,-118.381523,9q713t
"Tehachapi Windplant I",WT,35.06131,-118.381752,9q713t
"Sky River Repower",WT,35.255081,-118.244469,9q713t
"Sky River Repower",WT,35.275047,-118.245049,9q713t
"Sky River Repower",WT,35.257915,-118.24572,9q713t
"Sky River Repower",WT,35.2663,-118.247658,9q713t
"Sky River Repower",WT,35.240356,-118.238869,9q713t
"Sky River Repower",WT,35.268944,-118.242279,9q713t
"Sky River Repower",WT,35.243969,-118.241165,9q713t
"Sky River Repower",WT,35.252193,-118.245827,9q713t
"Sky River Repower",WT,35.260799,-118.246559,9q713t
"Cameron Ridge",WT,35.076897,-118.31279,9q713t
"Tehachapi Windplant I",WT,35.053394,-118.381386,9q713t
"Tehachapi Windplant I",WT,35.054024,-118.384033,9q713t
"Pinyon Pines I",WT,35.058296,-118.217491,9q713t
"Pinyon Pines I",WT,35.044697,-118.236588,9q713t
"Pinyon Pines I",WT,35.046696,-118.234886,9q713t
"Pinyon Pines II",WT,34.988594,-118.244492,9q713t
"Pinyon Pines II",WT,35.020596,-118.205887,9q713t
"Pinyon Pines II",WT,35.012295,-118.210785,9q713t
"Pinyon Pines II",WT,35.013893,-118.209991,9q713t
"Pinyon Pines II",WT,34.989494,-118.243187,9q713t
"Pinyon Pines II",WT,35.015396,-118.20929,9q713t
"Pinyon Pines II",WT,35.013794,-118.216385,9q713t
"Tehachapi Windplant I",WT,35.058311,-118.387375,9q713t
"Tehachapi Windplant I",WT,35.058891,-118.388634,9q713t
"Tehachapi Windplant I",WT,35.058697,-118.386887,9q713t
"Tehachapi Windplant I",WT,35.054596,-118.38179,9q713t
"Tehachapi Windplant I",WT,35.057194,-118.388786,9q713t
"Tehachapi Windplant I",WT,35.057991,-118.387833,9q713t
"Tehachapi Windplant I",WT,35.057632,-118.388283,9q713t
"Pinyon Pines I",WT,35.039703,-118.232735,9q713t
"Tehachapi Windplant I",WT,35.054089,-118.382454,9q713t
"Pinyon Pines I",WT,35.047695,-118.233986,9q713t
"Pinyon Pines I",WT,35.043797,-118.23719,9q713t
"Pinyon Pines I",WT,35.054394,-118.22139,9q713t
"Pinyon Pines I",WT,35.065796,-118.219086,9q713t
"Pinyon Pines I",WT,35.049595,-118.232086,9q713t
"Voyager II",WT,35.057961,-118.272316,9q713t
"Pinyon Pines I",WT,35.045795,-118.235886,9q713t
"Pinyon Pines I",WT,35.057995,-118.227287,9q713t
"Pinyon Pines I",WT,35.041496,-118.227188,9q713t
"Pinyon Pines I",WT,35.058994,-118.226387,9q713t
"Pinyon Pines I",WT,35.061394,-118.21489,9q713t
"Pinyon Pines I",WT,35.045788,-118.226547,9q713t
"Pinyon Pines I",WT,35.051163,-118.223442,9q713t
"Pinyon Pines I",WT,35.049995,-118.223885,9q713t
"Pinyon Pines I",WT,35.052094,-118.21479,9q713t
"Pinyon Pines I",WT,35.048695,-118.232986,9q713t
"Pinyon Pines I",WT,35.061893,-118.223686,9q713t
"Pinyon Pines I",WT,35.055595,-118.228584,9q713t
"Pinyon Pines I",WT,35.047794,-118.224991,9q713t
"Pinyon Pines I",WT,35.064896,-118.220291,9q713t
"Pinyon Pines II",WT,34.991337,-118.240768,9q713t
"Pinyon Pines II",WT,35.012394,-118.201385,9q713t
"Pinyon Pines I",WT,35.067596,-118.216187,9q713t
"Pine Tree Wind Farm",WT,35.258495,-118.182884,9q713t
"Pine Tree Wind Farm",WT,35.246994,-118.179985,9q713t
"Pine Tree Wind Farm",WT,35.269196,-118.213989,9q713t
"Pine Tree Wind Farm",WT,35.242496,-118.180084,9q713t
"Pine Tree Wind Farm",WT,35.265896,-118.216385,9q713t
"Pine Tree Wind Farm",WT,35.272694,-118.200485,9q713t
"Pine Tree Wind Farm",WT,35.277195,-118.206787,9q713t
"Pine Tree Wind Farm",WT,35.255997,-118.182991,9q713t
"Pine Tree Wind Farm",WT,35.267494,-118.210587,9q713t
"Pine Tree Wind Farm",WT,35.275894,-118.175789,9q713t
"Pine Tree Wind Farm",WT,35.273296,-118.213791,9q713t
"Pine Tree Wind Farm",WT,35.242996,-118.194489,9q713t
"Pine Tree Wind Farm",WT,35.271896,-118.17659,9q713t
"Pine Tree Wind Farm",WT,35.239296,-118.181091,9q713t
"Pine Tree Wind Farm",WT,35.263393,-118.199989,9q713t
"Tehachapi Windplant I",WT,35.061596,-118.390488,9q713t
"Tehachapi Windplant I",WT,35.062096,-118.396385,9q713t
"Pine Tree Wind Farm",WT,35.287495,-118.187286,9q713t
"Pine Tree Wind Farm",WT,35.271694,-118.21109,9q713t
"Pine Tree Wind Farm",WT,35.271194,-118.199287,9q713t
"Pinyon Pines I",WT,35.039597,-118.218185,9q713t
"Pinyon Pines I",WT,35.049225,-118.217155,9q713t
"Pinyon Pines I",WT,35.062393,-118.21389,9q713t
"Pinyon Pines I",WT,35.056847,-118.227669,9q713t
"Pinyon Pines I",WT,35.051094,-118.215385,9q713t
"Pinyon Pines I",WT,35.066769,-118.217674,9q713t
"Pinyon Pines I",WT,35.040596,-118.230286,9q713t
"Pinyon Pines I",WT,35.059895,-118.225487,9q713t
"Pinyon Pines I",WT,35.050095,-118.215988,9q713t
"Tehachapi Windplant I",WT,35.059219,-118.385208,9q713t
"Pinyon Pines I",WT,35.046795,-118.225784,9q713t
"Pinyon Pines I",WT,35.063995,-118.221489,9q713t
"Pinyon Pines I",WT,35.060493,-118.215889,9q713t
"Pinyon Pines I",WT,35.041897,-118.213692,9q713t
"Pinyon Pines I",WT,35.040794,-118.214386,9q713t
"Pinyon Pines I",WT,35.068794,-118.21479,9q713t
"Pinyon Pines I",WT,35.069695,-118.21389,9q713t
"Pinyon Pines I",WT,35.057461,-118.218742,9q713t
"Pinyon Pines I",WT,35.042358,-118.22422,9q713t
"Pinyon Pines I",WT,35.052895,-118.22979,9q713t
"Alta III",WT,34.999969,-118.312569,9q713t
"Cameron Ridge",WT,35.077023,-118.312119,9q713t
"Rising Tree North",WT,35.08717,-118.230743,9q713t
"Pinyon Pines II",WT,35.017994,-118.197586,9q713t
"Pinyon Pines II",WT,35.010616,-118.205246,9q713t
"Pinyon Pines II",WT,35.017494,-118.188988,9q713t
"Pinyon Pines II",WT,35.019096,-118.20649,9q713t
"Pinyon Pines II",WT,35.012196,-118.195091,9q713t
"Pinyon Pines II",WT,35.018993,-118.215088,9q713t
"Pinyon Pines II",WT,35.018295,-118.187485,9q713t
"Rising Tree North",WT,35.06926,-118.229233,9q713t
"Rising Tree South",WT,35.076031,-118.239525,9q713t
"Alta IV",WT,35.044395,-118.319885,9q713t
"Alta IV",WT,35.045094,-118.39019,9q713t
"Alta IV",WT,35.043797,-118.321289,9q713t
"Alta IV",WT,35.041794,-118.386185,9q713t
"Alta IV",WT,35.047195,-118.312286,9q713t
"Alta XI",WT,35.108196,-118.359886,9q713t
"Alta IV",WT,35.042194,-118.384789,9q713t
"Alta IV",WT,35.050995,-118.317184,9q713t
"Pinyon Pines II",WT,35.015594,-118.216187,9q713t
"Alta IV",WT,35.042995,-118.357185,9q713t
"Pinyon Pines II",WT,35.010796,-118.20179,9q713t
"Pinyon Pines II",WT,35.020893,-118.196487,9q713t
"Point Wind Plant",WT,35.091953,-118.342857,9q713t
"Point Wind Plant",WT,35.080818,-118.361221,9q713t
"Point Wind Plant",WT,35.076389,-118.368622,9q713t
"Point Wind Plant",WT,35.082817,-118.359375,9q713t
"Point Wind Plant",WT,35.086128,-118.349266,9q713t
"Point Wind Plant",WT,35.087406,-118.348099,9q713t
"Point Wind Plant",WT,35.083481,-118.354004,9q713t
"Point Wind Plant",WT,35.094334,-118.340782,9q713t
"Pinyon Pines II",WT,35.012196,-118.217087,9q713t
"Cameron Ridge",WT,35.076138,-118.313797,9q713t
"Pinyon Pines II",WT,35.016682,-118.208344,9q713t
"Pinyon Pines II",WT,35.017281,-118.215698,9q713t
"Pinyon Pines II",WT,35.010593,-118.21759,9q713t
"Pinyon Pines II",WT,35.015594,-118.199791,9q713t
"Pinyon Pines II",WT,35.013393,-118.193985,9q713t
"Pinyon Pines II",WT,35.015594,-118.191986,9q713t
"Pinyon Pines II",WT,35.022095,-118.213486,9q713t
"Pinyon Pines II",WT,35.016796,-118.190887,9q713t
"Alta IV",WT,35.036995,-118.254486,9q713t
"Alta IV",WT,35.018394,-118.259491,9q713t
"Alta IV",WT,34.996696,-118.269386,9q713t
"Alta III",WT,35.014694,-118.296791,9q713t
"Alta III",WT,35.012894,-118.262192,9q713t
"Alta III",WT,35.015896,-118.29599,9q713t
"Alta III",WT,35.002296,-118.30629,9q713t
"Alta III",WT,35.004494,-118.269485,9q713t
"Alta III",WT,35.021595,-118.264992,9q713t
"Alta III",WT,35.004196,-118.304588,9q713t
"Alta III",WT,35.000496,-118.30809,9q713t
"Alta III",WT,35.005997,-118.267387,9q713t
"Alta III",WT,35.011395,-118.280685,9q713t
"Alta III",WT,35.009594,-118.263786,9q713t
"Alta III",WT,34.998196,-118.314491,9q713t
"Alta III",WT,35.014996,-118.260788,9q713t
"Alta III",WT,35.008595,-118.302788,9q713t
"Alta IV",WT,35.046696,-118.388191,9q713t
"Alta III",WT,35.007496,-118.303085,9q713t
"Alta III",WT,35.016796,-118.29509,9q713t
"Alta III",WT,35.018494,-118.271286,9q713t
"Alta III",WT,35.017895,-118.272591,9q713t
"Alta III",WT,35.012695,-118.298592,9q713t
"Alta IV",WT,34.996395,-118.27079,9q713t
"Alta IV",WT,35.035793,-118.254791,9q713t
"Alta X",WT,35.103195,-118.217766,9q713t
"Alta IV",WT,35.048595,-118.384987,9q713t
"Alta IV",WT,35.042294,-118.358185,9q713t
"Alta IV",WT,34.995895,-118.272186,9q713t
"Alta IV",WT,35.020794,-118.258888,9q713t
"Alta IV",WT,35.039993,-118.361191,9q713t
"Alta IV",WT,35.044796,-118.31839,9q713t
"Point Wind Plant",WT,35.092632,-118.331314,9q713t
"Alta IV",WT,35.019596,-118.259186,9q713t
"Alta IV",WT,35.041496,-118.359085,9q713t
"Alta IV",WT,35.023193,-118.258286,9q713t
"Alta IV",WT,35.038197,-118.333687,9q713t
"Alta IV",WT,35.035896,-118.341988,9q713t
"Alta IV",WT,35.025097,-118.25779,9q713t
"Alta IV",WT,34.998493,-118.264992,9q713t
"Alta IV",WT,35.047497,-118.385788,9q713t
"Alta IV",WT,34.997894,-118.266685,9q713t
"Alta IV",WT,34.997295,-118.26799,9q713t
"Sky River Repower",WT,35.231537,-118.240067,9q713t
"Point Wind Plant",WT,35.093086,-118.341743,9q713t
"Point Wind Plant",WT,35.089619,-118.343323,9q713t
"Rising Tree North",WT,35.094273,-118.216103,9q713t
"Rising Tree North",WT,35.090771,-118.206505,9q713t
"Rising Tree North",WT,35.08168,-118.22036,9q713t
"Manzana Winds",WT,34.951294,-118.45649,9q713t
"Rising Tree North",WT,35.081913,-118.211693,9q713t
"Rising Tree North",WT,35.07988,-118.211655,9q713t
"Rising Tree North",WT,35.083652,-118.220436,9q713t
"Sky River Repower",WT,35.228378,-118.239067,9q713t
"Rising Tree North",WT,35.085941,-118.220253,9q713t
"Rising Tree North",WT,35.072552,-118.230385,9q713t
"Rising Tree North",WT,35.094582,-118.207481,9q713t
"Rising Tree North",WT,35.074963,-118.220352,9q713t
"Rising Tree North",WT,35.091949,-118.23185,9q713t
"Rising Tree North",WT,35.092762,-118.206512,9q713t
"Rising Tree North",WT,35.077431,-118.220444,9q713t
"Rising Tree North",WT,35.06736,-118.229225,9q713t
"Rising Tree North",WT,35.089653,-118.220619,9q713t
"Rising Tree North",WT,35.08395,-118.211845,9q713t
"Tehachapi Windplant I",WT,35.058395,-118.39109,9q713t
"Cameron Ridge",WT,35.075497,-118.328987,9q713t
"Rising Tree South",WT,35.04776,-118.259163,9q713t
"Rising Tree North",WT,35.087681,-118.220543,9q713t
"Rising Tree North",WT,35.084129,-118.206604,9q713t
"Rising Tree North",WT,35.094021,-118.220383,9q713t
"Rising Tree North",WT,35.079613,-118.220329,9q713t
"Rising Tree North",WT,35.091572,-118.21508,9q713t
"Rising Tree North",WT,35.093422,-118.231384,9q713t
"Rising Tree North",WT,35.088753,-118.206589,9q713t
"Rising Tree North",WT,35.0868,-118.206413,9q713t
"Rising Tree North",WT,35.089241,-118.231056,9q713t
"Rising Tree South",WT,35.054401,-118.249489,9q713t
"Rising Tree South",WT,35.049252,-118.249504,9q713t
"Rising Tree South",WT,35.063129,-118.2593,9q713t
"Rising Tree South",WT,35.051331,-118.249466,9q713t
"Rising Tree South",WT,35.051941,-118.259239,9q713t
"Rising Tree South",WT,35.054642,-118.238091,9q713t
"Rising Tree South",WT,35.05418,-118.25927,9q713t
"Sky River Repower",WT,35.249355,-118.245689,9q713t
"Rising Tree North",WT,35.072189,-118.218903,9q713t
"Cameron Ridge",WT,35.081192,-118.307953,9q713t
"Point Wind Plant",WT,35.087147,-118.357246,9q713t
"Tehachapi Hills (85A)",WT,35.101704,-118.337509,9q713t
"Tehachapi Hills (85B)",WT,35.105869,-118.332817,9q713t
"Tehachapi Hills (85B)",WT,35.102955,-118.334595,9q713t
"Tehachapi Hills (85B)",WT,35.103401,-118.334305,9q713t
"Tehachapi Hills (85B)",WT,35.10363,-118.334099,9q713t
"Tehachapi Hills (85B)",WT,35.106094,-118.332802,9q713t
"Tehachapi Hills (85B)",WT,35.103779,-118.333839,9q713t
"Tehachapi Hills (85B)",WT,35.102394,-118.334686,9q713t
"Tehachapi Hills (85B)",WT,35.102749,-118.334709,9q713t
"Tehachapi Hills (85B)",WT,35.102303,-118.334976,9q713t
"Tehachapi Hills (85B)",WT,35.105667,-118.332825,9q713t
"Pinyon Pines II",WT,35.017929,-118.207474,9q713t
"Pinyon Pines II",WT,35.017048,-118.198853,9q713t
"Pinyon Pines II",WT,35.021996,-118.205292,9q713t
"Pinyon Pines II",WT,34.990295,-118.24189,9q713t
"Point Wind Plant",WT,35.090649,-118.334503,9q713t
"Point Wind Plant",WT,35.077084,-118.366196,9q713t
"Point Wind Plant",WT,35.084267,-118.358452,9q713t
"Tehachapi Hills (85B)",WT,35.105122,-118.331161,9q713t
"Tehachapi Hills (85B)",WT,35.102566,-118.334641,9q713t
"Tehachapi Hills (85B)",WT,35.106522,-118.332855,9q713t
"Tehachapi Windplant I",WT,35.05843,-118.382896,9q713t
"Tehachapi Hills",WT,35.098259,-118.342789,9q713t
"Tehachapi Hills",WT,35.095432,-118.341949,9q713t
"Tehachapi Hills",WT,35.097599,-118.340797,9q713t
"Tehachapi Hills",WT,35.098186,-118.340569,9q713t
"Tehachapi Hills",WT,35.099842,-118.34005,9q713t
"Tehachapi Hills (85A)",WT,35.101643,-118.337402,9q713t
"Tehachapi Hills",WT,35.098003,-118.340736,9q713t
"Tehachapi Hills",WT,35.099499,-118.340057,9q713t
"Point Wind Plant",WT,35.078568,-118.364929,9q713t
"Pinyon Pines II",WT,35.019394,-118.196785,9q713t
"Pinyon Pines II",WT,35.010994,-118.195786,9q713t
"Pinyon Pines II",WT,35.020596,-118.214386,9q713t
"Pinyon Pines II",WT,35.013996,-118.20079,9q713t
"Tehachapi Hills",WT,35.098034,-118.342865,9q713t
"Tehachapi Hills (85B)",WT,35.095654,-118.340157,9q713t
"Tehachapi Hills (85B)",WT,35.10202,-118.335022,9q713t
"Tehachapi Hills (85B)",WT,35.103176,-118.334442,9q713t
"Tehachapi Windplant I",WT,35.057854,-118.38163,9q713t
"Pinyon Pines II",WT,35.010696,-118.211388,9q713t
"Alta XI",WT,35.076195,-118.377686,9q713t
"Alta XI",WT,35.06789,-118.390984,9q713t
"Alta VIII (partial)",WT,34.988796,-118.224991,9q713t
"Manzana Winds",WT,34.924793,-118.455589,9q713t
"Manzana Winds",WT,34.907993,-118.44989,9q713t
"Manzana Winds",WT,34.947895,-118.473991,9q713t
"Manzana Winds",WT,34.918797,-118.469185,9q713t
"Manzana Winds",WT,34.953495,-118.463585,9q713t
"Manzana Winds",WT,34.931995,-118.47599,9q713t
"Manzana Winds",WT,34.957096,-118.47049,9q713t
"Manzana Winds",WT,34.960194,-118.473991,9q713t
"Manzana Winds",WT,34.946297,-118.451591,9q713t
"Manzana Winds",WT,34.912296,-118.435387,9q713t
"Manzana Winds",WT,34.955395,-118.47039,9q713t
"Manzana Winds",WT,34.929893,-118.462486,9q713t
"Manzana Winds",WT,34.908997,-118.458786,9q713t
"Manzana Winds",WT,34.909096,-118.443085,9q713t
"Manzana Winds",WT,34.949993,-118.47039,9q713t
"Manzana Winds",WT,34.927795,-118.441292,9q713t
"Manzana Winds",WT,34.952095,-118.468185,9q713t
"Manzana Winds",WT,34.919697,-118.478287,9q713t
"Manzana Winds",WT,34.949596,-118.457085,9q713t
"Manzana Winds",WT,34.925797,-118.444885,9q713t
"Manzana Winds",WT,34.953594,-118.470688,9q713t
"Manzana Winds",WT,34.941296,-118.451088,9q713t
"Manzana Winds",WT,34.926594,-118.454491,9q713t
"Manzana Winds",WT,34.947796,-118.480385,9q713t
"Manzana Winds",WT,34.954094,-118.47879,9q713t
"Manzana Winds",WT,34.922497,-118.447189,9q713t
"Manzana Winds",WT,34.956894,-118.475685,9q713t
"Manzana Winds",WT,34.951595,-118.482391,9q713t
"Manzana Winds",WT,34.925694,-118.466492,9q713t
"Manzana Winds",WT,34.908497,-118.44709,9q713t
"Manzana Winds",WT,34.931896,-118.467491,9q713t
"Manzana Winds",WT,34.932194,-118.456085,9q713t
"Manzana Winds",WT,34.919495,-118.466286,9q713t
"Manzana Winds",WT,34.945396,-118.453384,9q713t
"Manzana Winds",WT,34.918797,-118.480591,9q713t
"Manzana Winds",WT,34.943794,-118.447891,9q713t
"Manzana Winds",WT,34.946194,-118.458984,9q713t
"Manzana Winds",WT,34.917595,-118.441689,9q713t
"Manzana Winds",WT,34.907394,-118.46859,9q713t
"Manzana Winds",WT,34.950596,-118.487289,9q713t
"Manzana Winds",WT,34.910294,-118.456688,9q713t
"Manzana Winds",WT,34.920696,-118.461891,9q713t
"Manzana Winds",WT,34.955196,-118.477188,9q713t
"Manzana Winds",WT,34.921295,-118.472092,9q713t
"Manzana Winds",WT,34.949795,-118.477188,9q713t
"Manzana Winds",WT,34.936695,-118.457291,9q713t
"Manzana Winds",WT,34.933994,-118.46769,9q713t
"Manzana Winds",WT,34.950996,-118.475685,9q713t
"Manzana Winds",WT,34.917995,-118.437386,9q713t
"Manzana Winds",WT,34.911095,-118.437088,9q713t
"Manzana Winds",WT,34.918034,-118.439751,9q713t
"Manzana Winds",WT,34.9296,-118.44838,9q713t
"Manzana Winds",WT,34.945194,-118.46489,9q713t
"Manzana Winds",WT,34.913395,-118.451691,9q713t
"Manzana Winds",WT,34.943096,-118.477188,9q713t
"Manzana Winds",WT,34.909496,-118.440987,9q713t
"Manzana Winds",WT,34.940895,-118.466286,9q713t
"Manzana Winds",WT,34.927094,-118.46479,9q713t
"Oak Creek Energy Systems",WT,35.037804,-118.377876,9q713t
"Manzana Winds",WT,34.908195,-118.463287,9q713t
"Manzana Winds",WT,34.936695,-118.45459,9q713t
"Manzana Winds",WT,34.927197,-118.443588,9q713t
"Manzana Winds",WT,34.921196,-118.44899,9q713t
"Manzana Winds",WT,34.947296,-118.470985,9q713t
"Manzana Winds",WT,34.934696,-118.461685,9q713t
"Manzana Winds",WT,34.952496,-118.474586,9q713t
"Manzana Winds",WT,34.929096,-118.439888,9q713t
"Manzana Winds",WT,34.920696,-118.47419,9q713t
"Oak Creek Energy Systems",WT,35.035809,-118.354416,9q713t
"Manzana Winds",WT,34.943996,-118.459091,9q713t
"Manzana Winds",WT,34.915394,-118.447685,9q713t
"Manzana Winds",WT,34.929695,-118.437889,9q713t
"Manzana Winds",WT,34.915894,-118.445686,9q713t
"Manzana Winds",WT,34.911896,-118.469086,9q713t
"Manzana Winds",WT,34.915997,-118.471886,9q713t
"Manzana Winds",WT,34.913494,-118.43409,9q713t
"Manzana Winds",WT,34.911396,-118.455185,9q713t
"Manzana Winds",WT,34.946495,-118.444984,9q713t
"Manzana Winds",WT,34.920094,-118.476189,9q713t
"Manzana Winds",WT,34.936096,-118.459785,9q713t
"Manzana Winds",WT,34.943195,-118.465988,9q713t
"Manzana Winds",WT,34.946693,-118.482086,9q713t
"Manzana Winds",WT,34.940296,-118.474686,9q713t
"Manzana Winds",WT,34.938995,-118.44529,9q713t
"Pacific Wind",WT,34.875496,-118.419487,9q713t
"Oasis Repowering",WT,35.065277,-118.288094,9q713t
"Oasis Repowering",WT,35.069565,-118.293945,9q713t
"Oasis Repowering",WT,35.061859,-118.29306,9q713t
"Oasis Repowering",WT,35.063602,-118.291527,9q713t
"Oasis Repowering",WT,35.063168,-118.304794,9q713t
"Oasis Repowering",WT,35.057117,-118.297623,9q713t
"Oasis Repowering",WT,35.058979,-118.297028,9q713t
"Oasis Repowering",WT,35.06794,-118.299515,9q713t
"Oasis Repowering",WT,35.057053,-118.282135,9q713t
"Oasis Repowering",WT,35.06543,-118.28405,9q713t
"Oak Creek Wind Power Phase 2",WT,35.038113,-118.376457,9q713t
"Oak Creek Wind Power Phase 2",WT,35.041218,-118.369675,9q713t
"Oak Creek Wind Power Phase 2",WT,35.026936,-118.355209,9q713t
"Oak Creek Wind Power Phase 2",WT,35.034794,-118.34639,9q713t
"Oasis Repowering",WT,35.062019,-118.297401,9q713t
"Manzana Winds",WT,34.937294,-118.467491,9q713t
"Oasis Repowering",WT,35.066334,-118.303734,9q713t
"Manzana Winds",WT,34.940796,-118.471085,9q713t
"Oasis Repowering",WT,35.066471,-118.279144,9q713t
"Oasis Repowering",WT,35.064796,-118.280792,9q713t
"Oak Creek Wind Power Phase 2",WT,35.038696,-118.372086,9q713t
"Oak Creek Wind Power Phase 2",WT,35.029205,-118.349098,9q713t
"Oak Creek Energy Systems",WT,35.034424,-118.353386,9q713t
"Oak Creek Energy Systems",WT,35.042625,-118.366486,9q713t
"Oak Creek Wind Power Phase 2",WT,35.03442,-118.379738,9q713t
"Oak Creek Wind Power Phase 2",WT,35.034496,-118.346886,9q713t
"Oak Creek Wind Power Phase 2",WT,35.029896,-118.347092,9q713t
"Oak Creek Wind Power Phase 2",WT,35.039597,-118.371391,9q713t
"Pacific Wind",WT,34.882397,-118.419586,9q713t
"Pacific Wind",WT,34.896595,-118.44239,9q713t
"Pacific Wind",WT,34.901295,-118.422485,9q713t
"Pacific Wind",WT,34.902794,-118.419189,9q713t
"Pacific Wind",WT,34.887894,-118.417885,9q713t
"Pacific Wind",WT,34.890594,-118.405891,9q713t
"Pacific Wind",WT,34.878296,-118.418587,9q713t
"Pacific Wind",WT,34.881195,-118.43399,9q713t
"Oasis Repowering",WT,35.062256,-118.282295,9q713t
"Oasis Repowering",WT,35.067024,-118.301926,9q713t
"Manzana Winds",WT,34.907696,-118.451889,9q713t
"Manzana Winds",WT,34.941196,-118.441986,9q713t
"Manzana Winds",WT,34.936195,-118.476486,9q713t
"251 Wind",WT,35.077644,-118.364197,9q713t
"251 Wind",WT,35.077435,-118.36441,9q713t
"Manzana Winds",WT,34.908497,-118.46109,9q713t
"Manzana Winds",WT,34.958496,-118.466385,9q713t
"Manzana Winds",WT,34.947994,-118.458191,9q713t
"Manzana Winds",WT,34.910095,-118.438789,9q713t
"Manzana Winds",WT,34.915836,-118.433563,9q713t
"Manzana Winds",WT,34.944996,-118.446289,9q713t
"Manzana Winds",WT,34.932838,-118.453568,9q713t
"Manzana Winds",WT,34.915394,-118.450691,9q713t
"Manzana Winds",WT,34.941895,-118.480888,9q713t
"Manzana Winds",WT,34.920094,-118.464188,9q713t
"Manzana Winds",WT,34.908894,-118.444885,9q713t
"Manzana Winds",WT,34.916393,-118.443687,9q713t
"Manzana Winds",WT,34.932095,-118.46299,9q713t
"Manzana Winds",WT,34.912697,-118.475784,9q713t
"Manzana Winds",WT,34.917397,-118.470688,9q713t
"251 Wind",WT,35.077908,-118.363762,9q713t
"Manzana Winds",WT,34.914394,-118.473587,9q713t
"Manzana Winds",WT,34.921196,-118.458984,9q713t
"Manzana Winds",WT,34.946095,-118.474785,9q713t
"Manzana Winds",WT,34.951595,-118.485291,9q713t
"Manzana Winds",WT,34.928196,-118.462685,9q713t
"Manzana Winds",WT,34.958195,-118.474586,9q713t
"Manzana Winds",WT,34.949295,-118.464088,9q713t
"Manzana Winds",WT,34.937996,-118.47599,9q713t
"Manzana Winds",WT,34.951496,-118.46389,9q713t
"Manzana Winds",WT,34.940193,-118.443787,9q713t
"Manzana Winds",WT,34.938896,-118.466087,9q713t
"Oak Creek Wind Power Phase 2",WT,35.038296,-118.353485,9q713t
"Manzana Winds",WT,34.945694,-118.483688,9q713t
"Manzana Winds",WT,34.953594,-118.456085,9q713t
"Manzana Winds",WT,34.947895,-118.450485,9q713t
"Manzana Winds",WT,34.947094,-118.464386,9q713t
"Manzana Winds",WT,34.942596,-118.449486,9q713t
"Manzana Winds",WT,34.948895,-118.478989,9q713t
"Manzana Winds",WT,34.907795,-118.465988,9q713t
"Manzana Winds",WT,34.935993,-118.472191,9q713t
"Manzana Winds",WT,34.944595,-118.47599,9q713t
"Manzana Winds",WT,34.912395,-118.453384,9q713t
"Alite Wind Farm",WT,35.036594,-118.338486,9q713t
"North Sky River",WT,35.335094,-118.177887,9q713t
"North Sky River",WT,35.369194,-118.175987,9q713t
"North Sky River",WT,35.291595,-118.206085,9q713t
"North Sky River",WT,35.348797,-118.164986,9q713t
"North Sky River",WT,35.291294,-118.211891,9q713t
"North Sky River",WT,35.324394,-118.211685,9q713t
"North Sky River",WT,35.326393,-118.20079,9q713t
"North Sky River",WT,35.359596,-118.159187,9q713t
"North Sky River",WT,35.301296,-118.221985,9q713t
"North Sky River",WT,35.328693,-118.167885,9q713t
"North Sky River",WT,35.303795,-118.224991,9q713t
"North Sky River",WT,35.300797,-118.164688,9q713t
"North Sky River",WT,35.320995,-118.172386,9q713t
"Alite Wind Farm",WT,35.035194,-118.345291,9q713t
"Oak Creek Energy Systems",WT,35.028629,-118.349876,9q713t
"Oak Creek Energy Systems",WT,35.036034,-118.352989,9q713t
"North Sky River",WT,35.369495,-118.15699,9q713t
"North Sky River",WT,35.292896,-118.21479,9q713t
"North Sky River",WT,35.344196,-118.193085,9q713t
"North Sky River",WT,35.326694,-118.166687,9q713t
"North Sky River",WT,35.326996,-118.173286,9q713t
"North Sky River",WT,35.343697,-118.167786,9q713t
"Alta I",WT,35.037796,-118.366287,9q713t
"North Sky River",WT,35.361496,-118.211784,9q713t
"Alta I",WT,35.047295,-118.37619,9q713t
"Alta I",WT,35.022095,-118.358086,9q713t
"Alta I",WT,35.050797,-118.380989,9q713t
"Alta I",WT,35.026096,-118.376884,9q713t
"Alta I",WT,35.027496,-118.36869,9q713t
"Alta I",WT,35.022095,-118.391586,9q713t
"Alta I",WT,35.033531,-118.355339,9q713t
"Alta I",WT,35.047894,-118.356491,9q713t
"Alta I",WT,35.046894,-118.377388,9q713t
"Alta I",WT,35.020676,-118.361389,9q713t
"Alta I",WT,35.050495,-118.374687,9q713t
"Alta I",WT,35.025795,-118.378189,9q713t
"Alta I",WT,35.020596,-118.391586,9q713t
"Alta I",WT,35.033554,-118.3797,9q713t
"Alta I",WT,35.034294,-118.364388,9q713t
"Alta I",WT,35.035694,-118.369286,9q713t
"North Sky River",WT,35.364494,-118.171684,9q713t
"North Sky River",WT,35.299095,-118.170189,9q713t
"North Sky River",WT,35.340096,-118.209686,9q713t
"North Sky River",WT,35.353294,-118.177284,9q713t
"Strauss Wind",WT,34.577084,-120.542099,9q713t
"Strauss Wind",WT,34.578251,-120.516365,9q713t
"Strauss Wind",WT,34.571957,-120.533264,9q713t
"Strauss Wind",WT,34.573875,-120.512901,9q713t
"Strauss Wind",WT,34.575886,-120.518402,9q713t
"Strauss Wind",WT,34.582989,-120.53215,9q713t
"Strauss Wind",WT,34.573936,-120.509804,9q713t
"Strauss Wind",WT,34.572227,-120.505226,9q713t
"Strauss Wind",WT,34.574482,-120.536629,9q713t
"Strauss Wind",WT,34.580975,-120.514114,9q713t
"Strauss Wind",WT,34.576618,-120.508705,9q713t
"Strauss Wind",WT,34.580349,-120.548485,9q713t
"Strauss Wind",WT,34.57869,-120.545403,9q713t
"Strauss Wind",WT,34.570057,-120.502663,9q713t
"Strauss Wind",WT,34.598866,-120.522621,9q713t
"Strauss Wind",WT,34.572727,-120.523102,9q713t
"Strauss Wind",WT,34.592682,-120.518089,9q713t
"Strauss Wind",WT,34.576336,-120.527626,9q713t
"Strauss Wind",WT,34.582737,-120.512482,9q713t
"Strauss Wind",WT,34.573021,-120.529068,9q713t
"Strauss Wind",WT,34.575844,-120.533302,9q713t
"North Sky River",WT,35.366295,-118.155289,9q713t
"North Sky River",WT,35.361897,-118.179588,9q713t
"North Sky River",WT,35.347458,-118.15934,9q713t
"North Sky River",WT,35.350655,-118.181145,9q713t
"Alite Wind Farm",WT,35.031494,-118.343689,9q713t
"North Sky River",WT,35.330196,-118.184586,9q713t
"North Sky River",WT,35.336494,-118.196388,9q713t
"North Sky River",WT,35.371296,-118.179787,9q713t
"Alta I",WT,35.046494,-118.378685,9q713t
"North Sky River",WT,35.342457,-118.157639,9q713t
"North Sky River",WT,35.345657,-118.188942,9q713t
"North Sky River",WT,35.351093,-118.20649,9q713t
"Strauss Wind",WT,34.574375,-120.539421,9q713t
"Strauss Wind",WT,34.569862,-120.498253,9q713t
"Strauss Wind",WT,34.593121,-120.510635,9q713t
"Strauss Wind",WT,34.597713,-120.518402,9q713t
"Strauss Wind",WT,34.586132,-120.515488,9q713t
"Strauss Wind",WT,34.578751,-120.539131,9q713t
"North Sky River",WT,35.359295,-118.173386,9q713t
"Oak Creek Wind Power Phase 2",WT,35.039993,-118.370987,9q713t
"Oak Creek Energy Systems",WT,35.042095,-118.36689,9q713t
"Alite Wind Farm",WT,35.030895,-118.344887,9q713t
"North Sky River",WT,35.314194,-118.186691,9q713t
"North Sky River",WT,35.369896,-118.184586,9q713t
"North Sky River",WT,35.325195,-118.222488,9q713t
"North Sky River",WT,35.350697,-118.165688,9q713t
"North Sky River",WT,35.328495,-118.186691,9q713t
"North Sky River",WT,35.296993,-118.206589,9q713t
"North Sky River",WT,35.359596,-118.203285,9q713t
"North Sky River",WT,35.371796,-118.174088,9q713t
"North Sky River",WT,35.299595,-118.205986,9q713t
"North Sky River",WT,35.343594,-118.179688,9q713t
"Oak Creek Energy Systems",WT,35.03339,-118.353775,9q713t
"North Sky River",WT,35.360695,-118.184189,9q713t
"North Sky River",WT,35.366295,-118.178085,9q713t
"North Sky River",WT,35.306496,-118.193192,9q713t
"North Sky River",WT,35.298794,-118.223785,9q713t
"North Sky River",WT,35.363693,-118.17849,9q713t
"North Sky River",WT,35.362095,-118.160889,9q713t
"North Sky River",WT,35.365093,-118.161888,9q713t
"North Sky River",WT,35.322895,-118.167091,9q713t
"North Sky River",WT,35.300995,-118.199287,9q713t
"North Sky River",WT,35.374393,-118.172188,9q713t
"North Sky River",WT,35.352695,-118.165085,9q713t
"North Sky River",WT,35.358696,-118.181686,9q713t
"North Sky River",WT,35.354794,-118.204285,9q713t
"North Sky River",WT,35.356895,-118.186989,9q713t
"North Sky River",WT,35.317894,-118.183891,9q713t
"North Sky River",WT,35.345997,-118.181992,9q713t
"North Sky River",WT,35.306396,-118.226288,9q713t
"North Sky River",WT,35.338097,-118.210388,9q713t
"North Sky River",WT,35.316093,-118.231186,9q713t
"North Sky River",WT,35.301895,-118.179192,9q713t
"North Sky River",WT,35.294296,-118.170586,9q713t
"North Sky River",WT,35.357594,-118.169685,9q713t
"North Sky River",WT,35.300995,-118.22979,9q713t
"North Sky River",WT,35.342194,-118.20919,9q713t
"North Sky River",WT,35.355194,-118.176086,9q713t
"North Sky River",WT,35.297497,-118.176491,9q713t
"Alite Wind Farm",WT,35.037697,-118.335289,9q713t
"North Sky River",WT,35.347855,-118.186539,9q713t
"North Sky River",WT,35.292496,-118.169891,9q713t
"North Sky River",WT,35.302696,-118.202789,9q713t
"North Sky River",WT,35.333897,-118.190788,9q713t
"North Sky River",WT,35.376095,-118.170387,9q713t
"North Sky River",WT,35.321095,-118.212288,9q713t
"North Sky River",WT,35.367294,-118.186989,9q713t
"Oak Creek Energy Systems",WT,35.03426,-118.347679,9q713t
"Oak Creek Energy Systems",WT,35.037628,-118.378136,9q713t
"Oak Creek Energy Systems",WT,35.037933,-118.377586,9q713t
"Alta I",WT,35.026196,-118.374191,9q713t
"Alta I",WT,35.051395,-118.371284,9q713t
"Alta I",WT,35.021496,-118.359085,9q713t
"Alta I",WT,35.053097,-118.388191,9q713t
"Alta I",WT,35.035137,-118.362022,9q713t
"Alta I",WT,35.043694,-118.363686,9q713t
"Alta I",WT,35.036297,-118.358986,9q713t
"Alta I",WT,35.057693,-118.34729,9q713t
"Alta I",WT,35.023594,-118.355385,9q713t
"Alite Wind Farm",WT,35.035896,-118.344086,9q713t
"Alite Wind Farm",WT,35.037193,-118.336891,9q713t
"North Sky River",WT,35.324795,-118.167686,9q713t
"North Sky River",WT,35.347095,-118.19239,9q713t
"North Sky River",WT,35.347195,-118.169289,9q713t
"North Sky River",WT,35.309593,-118.19239,9q713t
"North Sky River",WT,35.343697,-118.161591,9q713t
"North Sky River",WT,35.366295,-118.166985,9q713t
"North Sky River",WT,35.353695,-118.188286,9q713t
"North Sky River",WT,35.334694,-118.195786,9q713t
"North Sky River",WT,35.368095,-118.180984,9q713t
"North Sky River",WT,35.299294,-118.175987,9q713t
"North Sky River",WT,35.355194,-118.16729,9q713t
"North Sky River",WT,35.295494,-118.210091,9q713t
"Alite Wind Farm",WT,35.035995,-118.339989,9q713t
"North Sky River",WT,35.337597,-118.174889,9q713t
"North Sky River",WT,35.323994,-118.178085,9q713t
"North Sky River",WT,35.294296,-118.179489,9q713t
"North Sky River",WT,35.338997,-118.179787,9q713t
"North Sky River",WT,35.349693,-118.199692,9q713t
"North Sky River",WT,35.318497,-118.227486,9q713t
"North Sky River",WT,35.372993,-118.181885,9q713t
"North Sky River",WT,35.329094,-118.19899,9q713t
"North Sky River",WT,35.346096,-118.164787,9q713t
"North Sky River",WT,35.294094,-118.207191,9q713t
"Oak Creek Wind Power Phase 2",WT,35.037373,-118.378029,9q713t
"Oak Creek Wind Power Phase 2",WT,35.036404,-118.378563,9q713t
"Oak Creek Wind Power Phase 2",WT,35.037495,-118.354385,9q713t
"Alta X",WT,35.096741,-118.246796,9q713t
"Alta X",WT,35.108219,-118.215881,9q713t
"Alta X",WT,35.097137,-118.221596,9q713t
"Alta X",WT,35.098076,-118.239914,9q713t
"Alta XI",WT,35.083561,-118.386261,9q713t
"Alta XI",WT,35.106731,-118.361923,9q713t
"Alta XI",WT,35.092896,-118.365288,9q713t
"Alta XI",WT,35.099495,-118.375885,9q713t
"Alta XI",WT,35.083195,-118.380386,9q713t
"Alta XI",WT,35.092594,-118.384087,9q713t
"Alta X",WT,35.106499,-118.216164,9q713t
"Alta VIII (partial)",WT,34.989594,-118.251289,9q713t
"Alta VIII (partial)",WT,35.026497,-118.221786,9q713t
"Alta VIII (partial)",WT,34.998997,-118.232185,9q713t
"Alta VI (partial)",WT,35.018604,-118.312523,9q713t
"Alta VI (partial)",WT,35.018894,-118.32019,9q713t
"Alta VI (partial)",WT,35.017895,-118.31369,9q713t
"Alta X",WT,35.091797,-118.243286,9q713t
"Wind Wall",WT,35.104248,-118.331543,9q713t
"Alta X",WT,35.099094,-118.213585,9q713t
"Alta X",WT,35.097309,-118.214264,9q713t
"Alta XI",WT,35.095543,-118.36631,9q713t
"Alta XI",WT,35.098587,-118.377159,9q713t
"Alta VIII (partial)",WT,35.001194,-118.23069,9q713t
"Alta VIII (partial)",WT,35.000095,-118.240685,9q713t
"Alta VIII (partial)",WT,34.992496,-118.224289,9q713t
"Alta VIII (partial)",WT,35.004093,-118.237587,9q713t
"Alta VIII (partial)",WT,34.981495,-118.228188,9q713t
"Alta VIII (partial)",WT,34.988796,-118.252388,9q713t
"Alta VIII (partial)",WT,34.994194,-118.246185,9q713t
"Alta VIII (partial)",WT,34.998096,-118.242287,9q713t
"Alta X",WT,35.100468,-118.212418,9q713t
"Alta X",WT,35.098736,-118.220337,9q713t
"Alta X",WT,35.092957,-118.242546,9q713t
"Alta X",WT,35.109802,-118.215683,9q713t
"Alta X",WT,35.100346,-118.219345,9q713t
"Alta VIII (partial)",WT,35.022194,-118.234985,9q713t
"Alta X",WT,35.094322,-118.242081,9q713t
"Alta X",WT,35.084019,-118.254822,9q713t
"Wind Wall",WT,35.097588,-118.321281,9q713t
"Wind Wall",WT,35.102711,-118.332573,9q713t
"Wind Wall",WT,35.097858,-118.338936,9q713t
"Alta VI (partial)",WT,35.020596,-118.301689,9q713t
"Alta VI (partial)",WT,35.012695,-118.317986,9q713t
"Alta VI (partial)",WT,35.019295,-118.302986,9q713t
"Alta VI (partial)",WT,35.023251,-118.298668,9q713t
"Alta VI (partial)",WT,35.035294,-118.308388,9q713t
"Alta VI (partial)",WT,35.026432,-118.296829,9q713t
"Alta VI (partial)",WT,35.033794,-118.289688,9q713t
"Alta VI (partial)",WT,35.017231,-118.322189,9q713t
"Alta VI (partial)",WT,35.037796,-118.307289,9q713t
"Alta VI (partial)",WT,35.015095,-118.308586,9q713t
"Alta VI (partial)",WT,35.020695,-118.31839,9q713t
"Alta VI (partial)",WT,35.029396,-118.294289,9q713t
"Alta VI (partial)",WT,35.012295,-118.326088,9q713t
"Alta VI (partial)",WT,35.014793,-118.316589,9q713t
"Alta VI (partial)",WT,35.021397,-118.300591,9q713t
"Wind Wall",WT,35.096352,-118.339653,9q713t
"Wind Wall",WT,35.094162,-118.325768,9q713t
"Windstar",WT,34.996094,-118.304085,9q713t
"Windstar",WT,35.058495,-118.36129,9q713t
"Windstar",WT,35.06229,-118.379272,9q713t
"Windstar",WT,35.069496,-118.358086,9q713t
"Wind Wall",WT,35.095551,-118.324753,9q713t
"Wind Wall",WT,35.101563,-118.334045,9q713t
"Windland",WT,35.091591,-118.334381,9q713t
"Windstar",WT,35.065342,-118.366074,9q713t
"Windstar",WT,35.002193,-118.281586,9q713t
"Windstar",WT,34.996296,-118.301491,9q713t
"Windstar",WT,35.065697,-118.377388,9q713t
"Windstar",WT,35.062897,-118.360687,9q713t
"Alta X",WT,35.096863,-118.240677,9q713t
"Windstar",WT,35.054207,-118.358849,9q713t
"Windstar",WT,35.060993,-118.379288,9q713t
"Windstar",WT,35.059494,-118.378891,9q713t
"Windstar",WT,35.000195,-118.283989,9q713t
"Windstar",WT,35.065796,-118.374687,9q713t
"Windstar",WT,35.027496,-118.270691,9q713t
"Windstar",WT,35.025394,-118.284088,9q713t
"Windstar",WT,35.030964,-118.270645,9q713t
"Windstar",WT,35.061596,-118.361389,9q713t
"Windstar",WT,35.065697,-118.379288,9q713t
"Wind Wall",WT,35.107231,-118.329941,9q713t
"Alta X",WT,35.101784,-118.21888,9q713t
"Alta X",WT,35.085361,-118.246002,9q713t
"Alta VIII (partial)",WT,34.993294,-118.247292,9q713t
"Alta VIII (partial)",WT,35.004894,-118.226585,9q713t
"Alta VIII (partial)",WT,34.984795,-118.226486,9q713t
"Alta VIII (partial)",WT,34.997093,-118.243088,9q713t
"Alta XI",WT,35.100464,-118.374634,9q713t
"Alta XI",WT,35.108242,-118.367302,9q713t
"Alta XI",WT,35.068497,-118.380287,9q713t
"Alta XI",WT,35.10244,-118.372093,9q713t
"Alta XI",WT,35.087498,-118.384689,9q713t
"Alta XI",WT,35.094009,-118.375229,9q713t
"Alta XI",WT,35.084797,-118.38549,9q713t
"Alta XI",WT,35.100895,-118.362785,9q713t
"Alta XI",WT,35.064896,-118.38739,9q713t
"Alta VIII (partial)",WT,35.003197,-118.238487,9q713t
"Alta XI",WT,35.092403,-118.37532,9q713t
"Alta XI",WT,35.107098,-118.368286,9q713t
"Alta XI",WT,35.071014,-118.390099,9q713t
"Alta VIII (partial)",WT,35.005196,-118.236885,9q713t
"Alta XI",WT,35.103416,-118.370583,9q713t
"Alta XI",WT,35.072441,-118.369766,9q713t
"Alta XI",WT,35.071819,-118.385796,9q713t
"Alta VIII (partial)",WT,35.032295,-118.216087,9q713t
"Alta VIII (partial)",WT,35.006294,-118.236191,9q713t
"Alta VIII (partial)",WT,34.996895,-118.233688,9q713t
"Alta VIII (partial)",WT,34.995995,-118.243889,9q713t
"Alta VIII (partial)",WT,35.002995,-118.228691,9q713t
"Alta VIII (partial)",WT,34.987595,-118.225388,9q713t
"Alta VIII (partial)",WT,35.002296,-118.239586,9q713t
"Alta VIII (partial)",WT,34.997993,-118.232986,9q713t
"Alta VIII (partial)",WT,35.023094,-118.223389,9q713t
"Alta VIII (partial)",WT,35.006893,-118.224586,9q713t
"Alta VIII (partial)",WT,34.993694,-118.224091,9q713t
"Alta VIII (partial)",WT,35.000095,-118.231384,9q713t
"Alta VIII (partial)",WT,35.029194,-118.217087,9q713t
"Alta VIII (partial)",WT,34.993496,-118.25499,9q713t
"Alta VIII (partial)",WT,34.999096,-118.241386,9q713t
"Alta VIII (partial)",WT,34.992393,-118.248291,9q713t
"Alta XI",WT,35.105858,-118.369087,9q713t
"Alta XI",WT,35.072395,-118.384392,9q713t
"Alta XI",WT,35.08033,-118.383011,9q713t
"Alta XI",WT,35.075897,-118.379585,9q713t
"Alta XI",WT,35.073517,-118.382996,9q713t
"Alta X",WT,35.089096,-118.25209,9q713t
"Alta X",WT,35.111568,-118.215599,9q713t
"Alta X",WT,35.092796,-118.250092,9q713t
"Alta X",WT,35.087883,-118.244965,9q713t
"Alta X",WT,35.10125,-118.233673,9q713t
"Alta X",WT,35.08662,-118.245483,9q713t
"Alta X",WT,35.111763,-118.224792,9q713t
"Alta X",WT,35.104855,-118.22905,9q713t
"Alta X",WT,35.08786,-118.252708,9q713t
"Alta X",WT,35.086514,-118.253052,9q713t
"Alta X",WT,35.091663,-118.251045,9q713t
"Alta X",WT,35.08532,-118.254036,9q713t
"Alta X",WT,35.113159,-118.224152,9q713t
"Alta X",WT,35.095795,-118.241791,9q713t
"Alta X",WT,35.090496,-118.243858,9q713t
"Alta X",WT,35.103497,-118.210579,9q713t
"Alta X",WT,35.095257,-118.248405,9q713t
"Alta X",WT,35.099194,-118.238991,9q713t
"Alta X",WT,35.104683,-118.217064,9q713t
"Alta X",WT,35.094086,-118.249435,9q713t
"Alta X",WT,35.108685,-118.226273,9q713t
"Alta XI",WT,35.096394,-118.364792,9q713t
"Alta XI",WT,35.091957,-118.36657,9q713t
"Alta XI",WT,35.087795,-118.370384,9q713t
"Pinyon Pines I",WT,35.038872,-118.21936,9q713t
"Alta XI",WT,35.09729,-118.3834,9q713t
"Alta XI",WT,35.070839,-118.373993,9q713t
"Alta XI",WT,35.090897,-118.38459,9q713t
"Alta XI",WT,35.104313,-118.36956,9q713t
"Alta X",WT,35.110195,-118.225487,9q713t
"Alta XI",WT,35.093948,-118.383652,9q713t
"Alta VIII (partial)",WT,35.027294,-118.220291,9q713t
"Alta VIII (partial)",WT,34.995895,-118.234489,9q713t
"Alta X",WT,35.101894,-118.211388,9q713t
"Alta X",WT,35.089161,-118.244415,9q713t
"Alta X",WT,35.101719,-118.230858,9q713t
"Alta X",WT,35.112995,-118.214989,9q713t
"Alta X",WT,35.100494,-118.236885,9q713t
"Alta X",WT,35.090355,-118.251457,9q713t
"Alta VIII (partial)",WT,35.021931,-118.224548,9q713t
"Alta XI",WT,35.072414,-118.367615,9q713t
"Windstar",WT,35.058296,-118.358688,9q713t
"Wind Wall",WT,35.100849,-118.337448,9q713t
"Pacific Wind",WT,34.911594,-118.424789,9q713t
"Pacific Wind",WT,34.871696,-118.415192,9q713t
"Pacific Wind",WT,34.899593,-118.456886,9q713t
"Pacific Wind",WT,34.915394,-118.417587,9q713t
"Pacific Wind",WT,34.892796,-118.457489,9q713t
"Pacific Wind",WT,34.904495,-118.45089,9q713t
"Pacific Wind",WT,34.892696,-118.424187,9q713t
"Pacific Wind",WT,34.872597,-118.420586,9q713t
"Pacific Wind",WT,34.924496,-118.417389,9q713t
"Pacific Wind",WT,34.914894,-118.407288,9q713t
"Manzana Winds",WT,34.941895,-118.478691,9q713t
"Pacific Wind",WT,34.889793,-118.450287,9q713t
"Pacific Wind",WT,34.877594,-118.430084,9q713t
"Pacific Wind",WT,34.878696,-118.423988,9q713t
"Pacific Wind",WT,34.882996,-118.424088,9q713t
"Pacific Wind",WT,34.886093,-118.442787,9q713t
"Pacific Wind",WT,34.895794,-118.417992,9q713t
"Pacific Wind",WT,34.881596,-118.408485,9q713t
"Pacific Wind",WT,34.890995,-118.410286,9q713t
"Pacific Wind",WT,34.886696,-118.423988,9q713t
"Pacific Wind",WT,34.888195,-118.44149,9q713t
"Pacific Wind",WT,34.911797,-118.429985,9q713t
"Pacific Wind",WT,34.882294,-118.411888,9q713t
"Pacific Wind",WT,34.901497,-118.414787,9q713t
"Pacific Wind",WT,34.902897,-118.454987,9q713t
"Pacific Wind",WT,34.878696,-118.427788,9q713t
"Pacific Wind",WT,34.916096,-118.426987,9q713t
"Pacific Wind",WT,34.887493,-118.409988,9q713t
"Pacific Wind",WT,34.915596,-118.429489,9q713t
"Pacific Wind",WT,34.904297,-118.445786,9q713t
"Pacific Wind",WT,34.890594,-118.438484,9q713t
"Pacific Wind",WT,34.902695,-118.463188,9q713t
"Pacific Wind",WT,34.898396,-118.406685,9q713t
"Pacific Wind",WT,34.901096,-118.445488,9q713t
"Pacific Wind",WT,34.912796,-118.412285,9q713t
"Pacific Wind",WT,34.892593,-118.446091,9q713t
"Pacific Wind",WT,34.883194,-118.406189,9q713t
"Pacific Wind",WT,34.915497,-118.412788,9q713t
"Pacific Wind",WT,34.894894,-118.453888,9q713t
"Pacific Wind",WT,34.892994,-118.417488,9q713t
"Pacific Wind",WT,34.920696,-118.426689,9q713t
"Pacific Wind",WT,34.924694,-118.430489,9q713t
"Oak Creek Wind Power Phase 2",WT,35.034237,-118.347404,9q713t
"Oak Creek Wind Power Phase 2",WT,35.029396,-118.34819,9q713t
"Oak Creek Wind Power Phase 2",WT,35.029594,-118.347588,9q713t
"Oak Creek Wind Power Phase 2",WT,35.035793,-118.354187,9q713t
"Oak Creek Wind Power Phase 2",WT,35.035812,-118.378777,9q713t
"Oak Creek Wind Power Phase 2",WT,35.039196,-118.371773,9q713t
"Oak Creek Wind Power Phase 2",WT,35.035324,-118.379082,9q713t
"Oak Creek Wind Power Phase 2",WT,35.028496,-118.350784,9q713t
"Oak Creek Wind Power Phase 2",WT,35.028694,-118.350189,9q713t
"Oak Creek Wind Power Phase 2",WT,35.033997,-118.347984,9q713t
"Oak Creek Wind Power Phase 2",WT,35.040379,-118.370552,9q713t
"Oak Creek Wind Power Phase 2",WT,35.034897,-118.379448,9q713t
"Oak Creek Wind Power Phase 2",WT,35.040817,-118.370087,9q713t
"Oak Creek Wind Power Phase 2",WT,35.036873,-118.378296,9q713t
"Alta I",WT,35.046696,-118.35849,9q713t
"Oak Creek Wind Power Phase 2",WT,35.027447,-118.35704,9q713t
"Oak Creek Wind Power Phase 2",WT,35.026497,-118.353584,9q713t
"Oak Creek Wind Power Phase 2",WT,35.028996,-118.349686,9q713t
"Pacific Wind",WT,34.901997,-118.466187,9q713t
"Pacific Wind",WT,34.907993,-118.412285,9q713t
"Manzana Winds",WT,34.923195,-118.457291,9q713t
"Pacific Wind",WT,34.897297,-118.446289,9q713t
"Pacific Wind",WT,34.895893,-118.421791,9q713t
"Pacific Wind",WT,34.875896,-118.406487,9q713t
"Pacific Wind",WT,34.904594,-118.414787,9q713t
"Pacific Wind",WT,34.923096,-118.424484,9q713t
"Pacific Wind",WT,34.889194,-118.453285,9q713t
"Pacific Wind",WT,34.895596,-118.457489,9q713t
"Pacific Wind",WT,34.901295,-118.427788,9q713t
"Alta I",WT,35.053295,-118.369286,9q713t
"Pacific Wind",WT,34.920296,-118.418991,9q713t
"Pacific Wind",WT,34.926193,-118.424988,9q713t
"Pacific Wind",WT,34.887997,-118.414688,9q713t
"Pacific Wind",WT,34.904495,-118.441986,9q713t
"Pacific Wind",WT,34.878296,-118.415085,9q713t
"Pacific Wind",WT,34.879093,-118.41169,9q713t
"Pacific Wind",WT,34.915596,-118.42189,9q713t
"Pacific Wind",WT,34.895695,-118.411186,9q713t
"Pacific Wind",WT,34.884895,-118.417686,9q713t
"Pacific Wind",WT,34.903793,-118.460487,9q713t
"Wind Wall",WT,35.099575,-118.338585,9q713t
"Alta X",WT,35.084118,-118.246635,9q713t
"Windstar",WT,35.065659,-118.372688,9q713t
"Alta VI (partial)",WT,35.017796,-118.305489,9q713t
"Alta VI (partial)",WT,35.013195,-118.325188,9q713t
"Alta VI (partial)",WT,35.031696,-118.301888,9q713t
"Alta VI (partial)",WT,35.032524,-118.28981,9q713t
"Alta VI (partial)",WT,35.035294,-118.299187,9q713t
"Alta VIII (partial)",WT,35.003895,-118.227585,9q713t
"Alta VIII (partial)",WT,34.998493,-118.223686,9q713t
"Alta VIII (partial)",WT,34.988693,-118.254791,9q713t
"Alta VIII (partial)",WT,34.991394,-118.24929,9q713t
"Alta VIII (partial)",WT,34.994884,-118.223991,9q713t
"Windstar",WT,35.004093,-118.281387,9q713t
"Alta VIII (partial)",WT,35.007294,-118.235489,9q713t
"Alta VIII (partial)",WT,35.002094,-118.229691,9q713t
"Alta VIII (partial)",WT,35.001194,-118.240288,9q713t
"Alta VIII (partial)",WT,34.991196,-118.224388,9q713t
"Windstar",WT,35.025795,-118.28109,9q713t
"Windstar",WT,34.997696,-118.290588,9q713t
"Alta VI (partial)",WT,35.027096,-118.305389,9q713t
"Alta VIII (partial)",WT,34.990494,-118.25029,9q713t
"Alta VI (partial)",WT,35.015095,-118.323387,9q713t
"Windstar",WT,35.068596,-118.35939,9q713t
"Wind Wall",WT,35.105808,-118.330894,9q713t
"Alta VI (partial)",WT,35.024727,-118.306404,9q713t
"Alta VI (partial)",WT,35.036396,-118.307785,9q713t
"Alta VI (partial)",WT,35.034294,-118.299988,9q713t
"Alta VI (partial)",WT,35.028397,-118.29509,9q713t
"Alta VI (partial)",WT,35.035896,-118.288391,9q713t
"Alta VI (partial)",WT,35.011597,-118.318787,9q713t
"Alta VI (partial)",WT,35.018093,-118.32119,9q713t
"Alta VI (partial)",WT,35.027393,-118.29599,9q713t
"Alta VI (partial)",WT,35.016895,-118.306389,9q713t
"Alta VI (partial)",WT,35.016094,-118.322487,9q713t
"Alta VI (partial)",WT,35.010593,-118.319588,9q713t
"Alta VI (partial)",WT,35.029396,-118.303185,9q713t
"Wind Wall",WT,35.096355,-118.32296,9q713t
"Windstar",WT,34.999596,-118.290489,9q713t
"Windstar",WT,34.996796,-118.293686,9q713t
"Windstar",WT,35.004063,-118.276123,9q713t
"Windstar",WT,35.055096,-118.357391,9q713t
"Alta VIII (partial)",WT,35.005894,-118.225685,9q713t
"Alta VIII (partial)",WT,35.023396,-118.233986,9q713t
"Alta VIII (partial)",WT,34.982594,-118.227585,9q713t
"Windstar",WT,35.06366,-118.37928,9q713t
"Windstar",WT,35.032696,-118.270592,9q713t
"Windstar",WT,35.056595,-118.356087,9q713t
"Windstar",WT,35.02512,-118.285927,9q713t
"Windstar",WT,35.003296,-118.277687,9q713t
"Windstar",WT,35.054497,-118.360786,9q713t
"Windstar",WT,34.996494,-118.298889,9q713t
"Windstar",WT,35.057995,-118.356224,9q713t
"Windstar",WT,35.026024,-118.27932,9q713t
"Windstar",WT,34.999893,-118.286186,9q713t
"Windstar",WT,35.029194,-118.270691,9q713t
"Alta VI (partial)",WT,35.034897,-118.289085,9q713t
"Windstar",WT,35.064396,-118.360687,9q713t
"Windstar",WT,34.999794,-118.288284,9q713t
"Windstar",WT,35.063396,-118.374191,9q713t
"Windstar",WT,35.036194,-118.270592,9q713t
"Windstar",WT,35.058296,-118.376091,9q713t
"Windstar",WT,35.034496,-118.270592,9q713t
"Windstar",WT,35.025295,-118.272987,9q713t
"Windstar",WT,35.025703,-118.270714,9q713t
"Windstar",WT,35.005894,-118.281189,9q713t
"Alta VIII (partial)",WT,34.997295,-118.223785,9q713t
"Alta VIII (partial)",WT,34.996094,-118.223885,9q713t
"Alta VIII (partial)",WT,34.989994,-118.224686,9q713t
"Alta VIII (partial)",WT,34.985893,-118.22599,9q713t
"Alta VIII (partial)",WT,35.028397,-118.218689,9q713t
"Alta VIII (partial)",WT,34.983597,-118.226891,9q713t
"Alta I",WT,35.032795,-118.372086,9q713t
"Windstar",WT,35.056995,-118.36129,9q713t
"Alta I",WT,35.044006,-118.362442,9q713t
"Windstar",WT,35.058193,-118.379189,9q713t
"Windstar",WT,35.060295,-118.376488,9q713t
"Windstar",WT,34.996593,-118.296089,9q713t
"Windstar",WT,35.059395,-118.374084,9q713t
"Windstar",WT,34.995895,-118.306686,9q713t
"Windstar",WT,35.059937,-118.36055,9q713t
"Windstar",WT,35.063396,-118.376587,9q713t
"Windstar",WT,35.007767,-118.281029,9q713t
"Windstar",WT,35.057995,-118.373886,9q713t
"Windstar",WT,35.000294,-118.281792,9q713t
"Pinyon Pines I",WT,35.048897,-118.224289,9q713t
"Alta VIII (partial)",WT,35.033497,-118.21579,9q713t
"Pinyon Pines I",WT,35.052197,-118.222786,9q713t
"Tehachapi Windplant I",WT,35.059341,-118.383698,9q713t
"Tehachapi Windplant I",WT,35.062859,-118.381744,9q713t
"Tehachapi Windplant I",WT,35.054199,-118.38385,9q713t
"Tehachapi Windplant I",WT,35.054733,-118.384819,9q713t
"Tehachapi Windplant I",WT,35.0574,-118.390404,9q713t
"Tehachapi Windplant I",WT,35.056793,-118.38929,9q713t
"Tehachapi Windplant I",WT,35.062794,-118.394989,9q713t
"Tehachapi Windplant I",WT,35.053707,-118.384514,9q713t
"Tehachapi Windplant I",WT,35.058083,-118.381454,9q713t
"Tehachapi Windplant I",WT,35.056633,-118.387573,9q713t
"Tehachapi Windplant I",WT,35.054379,-118.383636,9q713t
"Tehachapi Windplant I",WT,35.059837,-118.391281,9q713t
"Tehachapi Windplant I",WT,35.062294,-118.396187,9q713t
"Tehachapi Windplant I",WT,35.057617,-118.390175,9q713t
"Tehachapi Windplant I",WT,35.062695,-118.381989,9q713t
"Tehachapi Windplant I",WT,35.056732,-118.387314,9q713t
"Tehachapi Windplant I",WT,35.05545,-118.383873,9q713t
"Tehachapi Windplant I",WT,35.058964,-118.384178,9q713t
"Tehachapi Windplant I",WT,35.060528,-118.38266,9q713t
"Tehachapi Windplant I",WT,35.062496,-118.382187,9q713t
"Tehachapi Windplant I",WT,35.057995,-118.385986,9q713t
"Tehachapi Windplant I",WT,35.059494,-118.38179,9q713t
"Tehachapi Windplant I",WT,35.060295,-118.381386,9q713t
"Tehachapi Windplant I",WT,35.055424,-118.382851,9q713t
"Tehachapi Windplant I",WT,35.053371,-118.383263,9q713t
"Tehachapi Windplant I",WT,35.053764,-118.382889,9q713t
"Tehachapi Windplant I",WT,35.061195,-118.390991,9q713t
"Tehachapi Windplant I",WT,35.058762,-118.384384,9q713t
"Tehachapi Windplant I",WT,35.054394,-118.381989,9q713t
"Tehachapi Windplant I",WT,35.056965,-118.389046,9q713t
"Tehachapi Windplant I",WT,35.060192,-118.382637,9q713t
"Tehachapi Windplant I",WT,35.056995,-118.386688,9q713t
"Brookfield Tehachapi 1 (CCDLP)",WT,35.060295,-118.336784,9q713t
"Brookfield Tehachapi 1 (CCDLP)",WT,35.054794,-118.313789,9q713t
"Brookfield Tehachapi 1 (CCDLP)",WT,35.059494,-118.321487,9q713t
"Brookfield Tehachapi 1 (CCDLP)",WT,35.065594,-118.321587,9q713t
"Brookfield Tehachapi 1 (CCDLP)",WT,35.054497,-118.327988,9q713t
"Brookfield Tehachapi 1 (CCDLP)",WT,35.054893,-118.32589,9q713t
"Brookfield Tehachapi 1 (CCDLP)",WT,35.064396,-118.334785,9q713t
"Brookfield Tehachapi 1 (CCDLP)",WT,35.065594,-118.310188,9q713t
"Brookfield Tehachapi 1 (CCDLP)",WT,35.055397,-118.333176,9q713t
"Brookfield Tehachapi 1 (CCDLP)",WT,35.065994,-118.327087,9q713t
"Brookfield Tehachapi 1 (CCDLP)",WT,35.055462,-118.323288,9q713t
"Brookfield Tehachapi 1 (CCDLP)",WT,35.062496,-118.323586,9q713t
"Brookfield Tehachapi 1 (CCDLP)",WT,35.064995,-118.333092,9q713t
"Brookfield Tehachapi 1 (CCDLP)",WT,35.057838,-118.341942,9q713t
"Brookfield Tehachapi 1 (CCDLP)",WT,35.063614,-118.336609,9q713t
"Brookfield Tehachapi 1 (CCDLP)",WT,35.059429,-118.326996,9q713t
"Brookfield Tehachapi 1 (CCDLP)",WT,35.065495,-118.331085,9q713t
"Brookfield Tehachapi 1 (CCDLP)",WT,35.059795,-118.339691,9q713t
"Brookfield Tehachapi 1 (CCDLP)",WT,35.059334,-118.329712,9q713t
"Brookfield Tehachapi 1 (CCDLP)",WT,35.055237,-118.310997,9q713t
"Brookfield Tehachapi 1 (CCDLP)",WT,35.056396,-118.30909,9q713t
"Brookfield Tehachapi 1 (CCDLP)",WT,35.058495,-118.332085,9q713t
"Brookfield Tehachapi 1 (CCDLP)",WT,35.065796,-118.329185,9q713t
"Brookfield Tehachapi 1 (CCDLP)",WT,35.055382,-118.318329,9q713t
"Tehachapi Windplant I",WT,35.060253,-118.395035,9q713t
"Tehachapi Windplant I",WT,35.053619,-118.384773,9q713t
"Tehachapi Windplant I",WT,35.062996,-118.394791,9q713t
"Tehachapi Windplant I",WT,35.059486,-118.387909,9q713t
"Tehachapi Windplant I",WT,35.060493,-118.394791,9q713t
"Tehachapi Windplant I",WT,35.060795,-118.396187,9q713t
"Brookfield Tehachapi 1 (CCDLP)",WT,35.059868,-118.316322,9q713t
"Tehachapi Windplant I",WT,35.057796,-118.386185,9q713t
"Tehachapi Windplant I",WT,35.062107,-118.382675,9q713t
"Difwind 6",WT,35.062557,-118.267685,9q713t
"Difwind 6",WT,35.059696,-118.270287,9q713t
"Difwind 6",WT,35.060764,-118.261986,9q713t
"Difwind 6",WT,35.065655,-118.268501,9q713t
"Difwind 6",WT,35.066105,-118.26442,9q713t
"Difwind 6",WT,35.055054,-118.26902,9q713t
"Difwind 6",WT,35.059994,-118.266388,9q713t
"Difwind 6",WT,35.06472,-118.265678,9q713t
"Difwind 6",WT,35.063118,-118.265335,9q713t
"Difwind 6",WT,35.057156,-118.268959,9q713t
"Difwind 6",WT,35.062244,-118.269829,9q713t
"Difwind 6",WT,35.058594,-118.271286,9q713t
"Difwind 6",WT,35.055557,-118.266762,9q713t
"Difwind 6",WT,35.066196,-118.267982,9q713t
"Difwind 6",WT,35.053894,-118.268288,9q713t
"Difwind 6",WT,35.064194,-118.26619,9q713t
"Difwind 6",WT,35.055885,-118.268272,9q713t
"Difwind 6",WT,35.057724,-118.264793,9q713t
"Difwind 6",WT,35.060894,-118.269188,9q713t
"Difwind 6",WT,35.058468,-118.272743,9q713t
"Difwind 6",WT,35.066093,-118.266289,9q713t
"Difwind 6",WT,35.05743,-118.2687,9q713t
"Difwind 6",WT,35.064297,-118.267982,9q713t
"Difwind 6",WT,35.065086,-118.26722,9q713t
"Difwind 6",WT,35.062096,-118.27179,9q713t
"Difwind 6",WT,35.065296,-118.26519,9q713t
"Difwind 6",WT,35.055794,-118.266487,9q713t
"Difwind 6",WT,35.059593,-118.272285,9q713t
"Difwind 6",WT,35.064373,-118.262352,9q713t
"Difwind 6",WT,35.054634,-118.265732,9q713t
"Difwind 6",WT,35.056896,-118.269188,9q713t
"Difwind 6",WT,35.0574,-118.263222,9q713t
"Tehachapi Windplant I",WT,35.054577,-118.383423,9q713t
"Tehachapi Windplant I",WT,35.053589,-118.383095,9q713t
"Tehachapi Windplant I",WT,35.059093,-118.38839,9q713t
"Tehachapi Windplant I",WT,35.05822,-118.391327,9q713t
"Tehachapi Windplant I",WT,35.063095,-118.38829,9q713t
"Tehachapi Windplant I",WT,35.060223,-118.388901,9q713t
"Tehachapi Windplant I",WT,35.063057,-118.381485,9q713t
"Tehachapi Windplant I",WT,35.057011,-118.390892,9q713t
"Tehachapi Windplant I",WT,35.05851,-118.387146,9q713t
"Tehachapi Windplant I",WT,35.055294,-118.384087,9q713t
"Tehachapi Windplant I",WT,35.055195,-118.382988,9q713t
"Tehachapi Windplant I",WT,35.058037,-118.391548,9q713t
"Tehachapi Windplant I",WT,35.056595,-118.389587,9q713t
"Pinyon Pines I",WT,35.052994,-118.21389,9q713t
"Tehachapi Windplant I",WT,35.061409,-118.390732,9q713t
"Difwind 6",WT,35.066345,-118.266068,9q713t
"Difwind 6",WT,35.063694,-118.266685,9q713t
"Difwind 6",WT,35.065834,-118.264687,9q713t
"Difwind 6",WT,35.060932,-118.267342,9q713t
"Difwind 6",WT,35.063747,-118.270294,9q713t
"Difwind 6",WT,35.063377,-118.266937,9q713t
"Difwind 6",WT,35.058624,-118.265739,9q713t
"Difwind 6",WT,35.05983,-118.268349,9q713t
"Difwind 6",WT,35.06284,-118.267456,9q713t
"Difwind 6",WT,35.064297,-118.269791,9q713t
"Difwind 6",WT,35.056984,-118.267273,9q713t
"Difwind 6",WT,35.061195,-118.26709,9q713t
"Difwind 6",WT,35.059696,-118.262985,9q713t
"Difwind 6",WT,35.055393,-118.263191,9q713t
"Tehachapi Windplant I",WT,35.059059,-118.382195,9q713t
"Difwind 6",WT,35.063023,-118.269135,9q713t
"Tehachapi Windplant I",WT,35.059364,-118.3899,9q713t
"Tehachapi Windplant I",WT,35.060734,-118.382423,9q713t
"Tehachapi Windplant I",WT,35.062618,-118.395218,9q713t
"Tehachapi Windplant I",WT,35.053043,-118.383705,9q713t
"Tehachapi Windplant I",WT,35.054794,-118.383263,9q713t
"Tehachapi Windplant I",WT,35.062302,-118.382431,9q713t
"H & S - Tehachapi",WT,35.07748,-118.364204,9q713t
"Tehachapi Windplant I",WT,35.056595,-118.385788,9q713t
"Tehachapi Windplant I",WT,35.053932,-118.382668,9q713t
"Tehachapi Windplant I",WT,35.062294,-118.391518,9q713t
"Tehachapi Windplant I",WT,35.059139,-118.383934,9q713t
"Tehachapi Windplant I",WT,35.061394,-118.395485,9q713t
"H & S - Tehachapi",WT,35.07708,-118.364639,9q713t
"H & S - Tehachapi",WT,35.074394,-118.365288,9q713t
"H & S - Tehachapi",WT,35.075348,-118.38282,9q713t
"Tehachapi Windplant I",WT,35.053833,-118.384247,9q713t
"H & S - Tehachapi",WT,35.076248,-118.365524,9q713t
"H & S - Tehachapi",WT,35.075275,-118.383278,9q713t
"Tehachapi Windplant I",WT,35.055088,-118.384338,9q713t
"Tehachapi Windplant I",WT,35.059093,-118.392189,9q713t
"Pine Tree Wind Farm",WT,35.257397,-118.182884,9q713t
"Tehachapi Windplant I",WT,35.059254,-118.391983,9q713t
"Pine Tree Wind Farm",WT,35.236496,-118.196892,9q713t
"Pine Tree Wind Farm",WT,35.238194,-118.180786,9q713t
"Pine Tree Wind Farm",WT,35.274796,-118.176086,9q713t
"Pine Tree Wind Farm",WT,35.237694,-118.197586,9q713t
"Pine Tree Wind Farm",WT,35.258995,-118.172989,9q713t
"Pine Tree Wind Farm",WT,35.265896,-118.180084,9q713t
"Pine Tree Wind Farm",WT,35.234997,-118.19799,9q713t
"Pine Tree Wind Farm",WT,35.237293,-118.180885,9q713t
"H & S - Tehachapi",WT,35.077156,-118.364464,9q713t
"Tehachapi Windplant I",WT,35.05476,-118.381538,9q713t
"Tehachapi Windplant I",WT,35.058868,-118.382423,9q713t
"Tehachapi Windplant I",WT,35.062302,-118.389221,9q713t
"Pinyon Pines I",WT,35.059395,-118.216591,9q713t
"H & S - Tehachapi",WT,35.075333,-118.382607,9q713t
"Tehachapi Windplant I",WT,35.055,-118.383133,9q713t
"H & S - Tehachapi",WT,35.072994,-118.36779,9q713t
"H & S - Tehachapi",WT,35.077278,-118.364418,9q713t
"H & S - Tehachapi",WT,35.077564,-118.364029,9q713t
"Tehachapi Windplant I",WT,35.053188,-118.381638,9q713t
"Tehachapi Windplant I",WT,35.061497,-118.38839,9q713t
"Tehachapi Windplant I",WT,35.062496,-118.388985,9q713t
"Tehachapi Windplant I",WT,35.058781,-118.390633,9q713t
"H & S - Tehachapi",WT,35.077347,-118.364273,9q713t
"Tehachapi Windplant I",WT,35.052994,-118.383987,9q713t
"Tehachapi Windplant I",WT,35.058167,-118.387581,9q713t
"Tehachapi Windplant I",WT,35.058994,-118.390388,9q713t
"Tehachapi Windplant I",WT,35.058853,-118.392426,9q713t
"Tehachapi Windplant I",WT,35.059639,-118.39151,9q713t
"Tehachapi Windplant I",WT,35.056995,-118.385284,9q713t
"H & S - Tehachapi",WT,35.076862,-118.364845,9q713t
"H & S - Tehachapi",WT,35.076321,-118.365364,9q713t
"Tehachapi Windplant I",WT,35.059441,-118.391747,9q713t
"H & S - Tehachapi",WT,35.076935,-118.364693,9q713t
"Tehachapi Windplant I",WT,35.060997,-118.395935,9q713t
"Tehachapi Windplant I",WT,35.057796,-118.389938,9q713t
"Tehachapi Windplant I",WT,35.058228,-118.383125,9q713t
"H & S - Tehachapi",WT,35.07531,-118.383057,9q713t
"Tehachapi Windplant I",WT,35.057796,-118.388084,9q713t
"H & S - Tehachapi",WT,35.077705,-118.363998,9q713t
"Tehachapi Windplant I",WT,35.057442,-118.388512,9q713t
"Tehachapi Windplant I",WT,35.053173,-118.383438,9q713t
"Pine Tree Wind Farm",WT,35.256294,-118.171585,9q713t
"Tehachapi Windplant II",WT,35.117893,-118.294189,9q713t
"Pine Tree Wind Farm",WT,35.240597,-118.196686,9q713t
"Pine Tree Wind Farm",WT,35.245895,-118.180687,9q713t
"Pine Tree Wind Farm",WT,35.241493,-118.18119,9q713t
"Tehachapi Windplant I",WT,35.059395,-118.384987,9q713t
"Pine Tree Wind Farm",WT,35.262997,-118.212685,9q713t
"Pine Tree Wind Farm",WT,35.281994,-118.183388,9q713t
"Tehachapi Windplant I",WT,35.061195,-118.395691,9q713t
"Voyager II",WT,35.070164,-118.285309,9q713t
"Tehachapi Windplant I",WT,35.05661,-118.391357,9q713t
"Brookfield Tehachapi 2",WT,35.046394,-118.243591,9q713t
"Brookfield Tehachapi 2",WT,35.048897,-118.242188,9q713t
"Brookfield Tehachapi 2",WT,35.045197,-118.244492,9q713t
"Brookfield Tehachapi 2",WT,35.050194,-118.241486,9q713t
"Brookfield Tehachapi 2",WT,35.044296,-118.247391,9q713t
"Brookfield Tehachapi 2",WT,35.047695,-118.242889,9q713t
"Pine Tree Wind Farm",WT,35.243496,-118.180687,9q713t
"Brookfield Tehachapi 2",WT,35.051796,-118.240585,9q713t
"Tehachapi Windplant I",WT,35.058594,-118.390884,9q713t
"Tehachapi Windplant II",WT,35.112595,-118.297386,9q713t
"Brookfield Tehachapi 1 (CCDLP)",WT,35.057693,-118.307686,9q713t
"Tehachapi Windplant II",WT,35.110195,-118.299286,9q713t
"Tehachapi Windplant II",WT,35.118694,-118.293884,9q713t
"Tehachapi Windplant II",WT,35.114895,-118.295586,9q713t
"Tehachapi Windplant II",WT,35.110794,-118.298889,9q713t
"Tehachapi Windplant II",WT,35.112095,-118.297989,9q713t
"Tehachapi Windplant II",WT,35.116394,-118.294891,9q713t
"Tehachapi Windplant II",WT,35.117393,-118.294388,9q713t
"Tehachapi Windplant II",WT,35.115643,-118.295319,9q713t
"Tehachapi Windplant II",WT,35.113396,-118.296585,9q713t
"Tehachapi Windplant II",WT,35.113995,-118.296089,9q713t
"Brookfield Tehachapi 2",WT,35.043446,-118.250519,9q713t
"Pine Tree Wind Farm",WT,35.239395,-118.196892,9q713t
"Tehachapi Windplant I",WT,35.056835,-118.387024,9q713t
"Tehachapi Windplant I",WT,35.057495,-118.384789,9q713t
"Pine Tree Wind Farm",WT,35.269894,-118.180588,9q713t
"Pine Tree Wind Farm",WT,35.274994,-118.205986,9q713t
"Pine Tree Wind Farm",WT,35.268894,-118.180489,9q713t
"Pine Tree Wind Farm",WT,35.240196,-118.181686,9q713t
"Pine Tree Wind Farm",WT,35.244095,-118.193886,9q713t
"Pine Tree Wind Farm",WT,35.273895,-118.17659,9q713t
"Pine Tree Wind Farm",WT,35.248096,-118.179985,9q713t
"Pine Tree Wind Farm",WT,35.263794,-118.179985,9q713t
"Pine Tree Wind Farm",WT,35.267895,-118.179985,9q713t
"Tehachapi Windplant I",WT,35.059254,-118.381981,9q713t
"Pine Tree Wind Farm",WT,35.241894,-118.19519,9q713t
"Tehachapi Windplant I",WT,35.06004,-118.389153,9q713t
"Pine Tree Wind Farm",WT,35.262394,-118.200584,9q713t
"Pine Tree Wind Farm",WT,35.252495,-118.178391,9q713t
"Tehachapi Windplant I",WT,35.056812,-118.391121,9q713t
"Tehachapi Windplant I",WT,35.057693,-118.391991,9q713t
"Tehachapi Windplant I",WT,35.054245,-118.382217,9q713t
"Tehachapi Windplant I",WT,35.061123,-118.381989,9q713t
"Tehachapi Windplant I",WT,35.061893,-118.39669,9q713t
"Tehachapi Windplant I",WT,35.062496,-118.391289,9q713t
"H & S - Tehachapi",WT,35.076122,-118.365578,9q713t
"H & S - Tehachapi",WT,35.076645,-118.365074,9q713t
"H & S - Tehachapi",WT,35.076736,-118.364906,9q713t
"H & S - Tehachapi",WT,35.076469,-118.365295,9q713t
"Pine Tree Wind Farm",WT,35.250793,-118.177086,9q713t
"Pine Tree Wind Farm",WT,35.276695,-118.185287,9q713t
"Pine Tree Wind Farm",WT,35.257694,-118.173592,9q713t
"Tehachapi Windplant I",WT,35.062897,-118.388489,9q713t
"Tehachapi Windplant I",WT,35.054913,-118.384583,9q713t
"Pine Tree Wind Farm",WT,35.266895,-118.180084,9q713t
"Difwind 6",WT,35.057995,-118.264488,9q713t
"Difwind 6",WT,35.065838,-118.26651,9q713t
"Difwind 6",WT,35.054497,-118.267792,9q713t
"Voyager II",WT,35.073826,-118.282471,9q713t
"Voyager II",WT,35.073627,-118.262352,9q713t
"Voyager II",WT,35.069412,-118.245293,9q713t
"Voyager II",WT,35.062206,-118.263481,9q713t
"Voyager II",WT,35.068867,-118.26693,9q713t
"Voyager II",WT,35.09816,-118.270172,9q713t
"Voyager Wind",WT,35.050022,-118.27121,9q713t
"Voyager Wind",WT,35.04081,-118.272247,9q713t
"Voyager Wind",WT,35.051468,-118.28112,9q713t
"Difwind 6",WT,35.064465,-118.265907,9q713t
"Difwind 6",WT,35.062096,-118.270256,9q713t
"Difwind 6",WT,35.057701,-118.268448,9q713t
"Difwind 6",WT,35.060963,-118.271004,9q713t
"Voyager II",WT,35.064137,-118.263161,9q713t
"Difwind 6",WT,35.063095,-118.267189,9q713t
"Difwind 6",WT,35.059452,-118.265007,9q713t
"Difwind 6",WT,35.058598,-118.263985,9q713t
"Difwind 6",WT,35.056366,-118.269676,9q713t
"Difwind 6",WT,35.056667,-118.265755,9q713t
"Difwind 6",WT,35.064213,-118.26432,9q713t
"Difwind 6",WT,35.064487,-118.264069,9q713t
"Difwind 6",WT,35.062035,-118.266327,9q713t
"Difwind 6",WT,35.060089,-118.269943,9q713t
"Difwind 6",WT,35.059093,-118.263489,9q713t
"Difwind 6",WT,35.064018,-118.268196,9q713t
"Difwind 6",WT,35.062904,-118.271042,9q713t
"Difwind 6",WT,35.061081,-118.26535,9q713t
"Difwind 6",WT,35.058216,-118.262512,9q713t
"Difwind 6",WT,35.065575,-118.264938,9q713t
"Voyager II",WT,35.07645,-118.280754,9q713t
"Voyager II",WT,35.074547,-118.289963,9q713t
"Voyager II",WT,35.065887,-118.269325,9q713t
"Difwind 6",WT,35.059093,-118.26709,9q713t
"Voyager II",WT,35.080231,-118.255844,9q713t
"Voyager Wind",WT,35.051418,-118.286575,9q713t
"Voyager II",WT,35.078403,-118.276794,9q713t
"Voyager II",WT,35.070408,-118.276939,9q713t
"Voyager II",WT,35.068207,-118.26857,9q713t
"Voyager II",WT,35.079235,-118.248566,9q713t
"Voyager II",WT,35.071232,-118.275093,9q713t
"Voyager II",WT,35.073677,-118.24305,9q713t
"Voyager II",WT,35.054928,-118.272652,9q713t
"Voyager II",WT,35.069355,-118.25811,9q713t
"Voyager II",WT,35.055023,-118.264244,9q713t
"Voyager II",WT,35.07325,-118.28521,9q713t
"Voyager II",WT,35.098774,-118.268288,9q713t
"Voyager II",WT,35.073917,-118.259949,9q713t
"Voyager II",WT,35.077255,-118.268219,9q713t
"Voyager II",WT,35.078175,-118.258995,9q713t
"Voyager II",WT,35.069286,-118.290276,9q713t
"Voyager II",WT,35.076977,-118.277809,9q713t
"Voyager II",WT,35.069393,-118.252922,9q713t
"Voyager II",WT,35.06942,-118.247826,9q713t
"Voyager II",WT,35.080517,-118.243111,9q713t
"Voyager II",WT,35.077869,-118.249687,9q713t
"Voyager II",WT,35.068596,-118.263268,9q713t
"Voyager II",WT,35.072598,-118.273949,9q713t
"Voyager II",WT,35.070625,-118.262527,9q713t
"Voyager II",WT,35.073376,-118.2686,9q713t
"Voyager II",WT,35.073524,-118.272041,9q713t
"Voyager II",WT,35.060745,-118.272408,9q713t
"Difwind 6",WT,35.056293,-118.264244,9q713t
"Voyager Wind",WT,35.041424,-118.260284,9q713t
"Difwind 6",WT,35.061459,-118.268707,9q713t
"Difwind 6",WT,35.064774,-118.263817,9q713t
"Difwind 6",WT,35.061096,-118.263489,9q713t
"Difwind 6",WT,35.061996,-118.268188,9q713t
"Difwind 6",WT,35.061462,-118.270531,9q713t
"Difwind 6",WT,35.060528,-118.262268,9q713t
"Difwind 6",WT,35.065033,-118.263557,9q713t
"Difwind 6",WT,35.053993,-118.271286,9q713t
"Difwind 6",WT,35.061352,-118.265106,9q713t
"Sky River Repower",WT,35.204334,-118.23597,9q713t
"Sky River Repower",WT,35.262985,-118.24292,9q713t
"Sky River",WT,35.076496,-118.25499,9q713t
"Voyager II",WT,35.063046,-118.272018,9q713t
"Voyager II",WT,35.074844,-118.258255,9q713t
"Voyager II",WT,35.05703,-118.263924,9q713t
"Coram Energy LLC",WT,35.061497,-118.344086,9q713t
"Voyager II",WT,35.060764,-118.264717,9q713t
"Coram Energy LLC",WT,35.061596,-118.348091,9q713t
"Rising Tree South",WT,35.05933,-118.237755,9q713t
"Rising Tree South",WT,35.06517,-118.259361,9q713t
"Rising Tree South",WT,35.06377,-118.248512,9q713t
"Pinyon Pines I",WT,35.060894,-118.224785,9q713t
"Pinyon Pines I",WT,35.070694,-118.213089,9q713t
"Pinyon Pines I",WT,35.051895,-118.230591,9q713t
"Pinyon Pines I",WT,35.054596,-118.229485,9q713t
"Pinyon Pines I",WT,35.040096,-118.215691,9q713t
"Pinyon Pines I",WT,35.044697,-118.214386,9q713t
"Pinyon Pines I",WT,35.050694,-118.231186,9q713t
"Pinyon Pines I",WT,35.045696,-118.212585,9q713t
"Pinyon Pines I",WT,35.056496,-118.219887,9q713t
"Voyager II",WT,35.069397,-118.255562,9q713t
"Coram Energy LLC",WT,35.063293,-118.342789,9q713t
"Difwind 6",WT,35.058594,-118.267586,9q713t
"Coram Energy LLC",WT,35.061588,-118.349915,9q713t
"Difwind 6",WT,35.062744,-118.269348,9q713t
"Difwind 6",WT,35.06398,-118.269943,9q713t
"Difwind 6",WT,35.054363,-118.265999,9q713t
"Difwind 6",WT,35.065937,-118.268257,9q713t
"Difwind 6",WT,35.063675,-118.264824,9q713t
"Difwind 6",WT,35.064571,-118.269531,9q713t
"Difwind 6",WT,35.054295,-118.271088,9q713t
"Difwind 6",WT,35.063194,-118.27079,9q713t
"Difwind 6",WT,35.054096,-118.266289,9q713t
"Difwind 6",WT,35.059727,-118.264755,9q713t
"Difwind 6",WT,35.058994,-118.261688,9q713t
"Difwind 6",WT,35.060452,-118.267883,9q713t
"Difwind 6",WT,35.058762,-118.269325,9q713t
"Difwind 6",WT,35.058357,-118.265999,9q713t
"Coram Energy LLC",WT,35.065594,-118.324791,9q713t
"Coram Energy LLC",WT,35.064247,-118.340416,9q713t
"Coram Energy LLC",WT,35.060993,-118.351791,9q713t
"Coram (Tehachapi 3)",WT,35.057533,-118.322021,9q713t
"Voyager II",WT,35.097233,-118.27169,9q713t
"Voyager II",WT,35.064903,-118.270721,9q713t
"Voyager II",WT,35.069401,-118.250343,9q713t
"Voyager II",WT,35.073509,-118.253738,9q713t
"Voyager II",WT,35.069077,-118.279495,9q713t
"Voyager II",WT,35.072742,-118.244591,9q713t
"Voyager Wind",WT,35.084209,-118.293793,9q713t
"Voyager Wind",WT,35.046806,-118.263489,9q713t
"Voyager Wind",WT,35.051239,-118.270241,9q713t
"Voyager Wind",WT,35.047657,-118.304832,9q713t
"Voyager Wind",WT,35.074562,-118.305779,9q713t
"Difwind 6",WT,35.059196,-118.27079,9q713t
"Voyager Wind",WT,35.083889,-118.29792,9q713t
"Voyager Wind",WT,35.04092,-118.298874,9q713t
"Voyager Wind",WT,35.040604,-118.286026,9q713t
"Difwind 6",WT,35.063393,-118.265076,9q713t
"Difwind 6",WT,35.05875,-118.261978,9q713t
"Difwind 6",WT,35.062595,-118.265854,9q713t
"Difwind 6",WT,35.05706,-118.261719,9q713t
"Difwind 6",WT,35.066395,-118.264191,9q713t
"Difwind 6",WT,35.055328,-118.268768,9q713t
"Rising Tree South",WT,35.061192,-118.259415,9q713t
"Rising Tree South",WT,35.066422,-118.24324,9q713t
"Rising Tree South",WT,35.058773,-118.248611,9q713t
"Rising Tree South",WT,35.04221,-118.254631,9q713t
"Rising Tree South",WT,35.047222,-118.249466,9q713t
"Rising Tree South",WT,35.063442,-118.237831,9q713t
"Rising Tree South",WT,35.057392,-118.23777,9q713t
"Difwind 6",WT,35.058094,-118.266289,9q713t
"Rising Tree South",WT,35.078121,-118.239571,9q713t
"Rising Tree South",WT,35.061333,-118.237823,9q713t
"Rising Tree South",WT,35.067402,-118.235229,9q713t
"Rising Tree South",WT,35.066353,-118.248421,9q713t
"Rising Tree South",WT,35.049721,-118.259315,9q713t
"Rising Tree South",WT,35.065521,-118.229202,9q713t
"Rising Tree South",WT,35.056171,-118.259369,9q713t
"Rising Tree South",WT,35.06535,-118.236305,9q713t
"Rising Tree South",WT,35.061501,-118.24865,9q713t
"Difwind 6",WT,35.063484,-118.270523,9q713t
"Difwind 6",WT,35.057224,-118.265282,9q713t
"Difwind 6",WT,35.06284,-118.265503,9q713t
"Voyager Wind",WT,35.042107,-118.266991,9q713t
"Difwind 6",WT,35.057281,-118.267029,9q713t
"Rising Tree South",WT,35.059143,-118.259109,9q713t
"Difwind 6",WT,35.060394,-118.271484,9q713t
"Difwind 6",WT,35.065296,-118.266983,9q713t
"Difwind 6",WT,35.05547,-118.264992,9q713t
"Difwind 6",WT,35.058495,-118.269585,9q713t
"Difwind 6",WT,35.059032,-118.272758,9q713t
"Difwind 6",WT,35.054695,-118.267487,9q713t
"Difwind 6",WT,35.060661,-118.26944,9q713t
"Difwind 6",WT,35.054562,-118.263969,9q713t
"Difwind 6",WT,35.059433,-118.270546,9q713t
"Difwind 6",WT,35.065594,-118.266785,9q713t
"Difwind 6",WT,35.059593,-118.268585,9q713t
"Difwind 6",WT,35.055725,-118.26474,9q713t
"Difwind 6",WT,35.061916,-118.26461,9q713t
"Difwind 6",WT,35.054295,-118.26239,9q713t
"Difwind 6",WT,35.056427,-118.267769,9q713t
"Difwind 6",WT,35.058903,-118.271019,9q713t
"Difwind 6",WT,35.054295,-118.264191,9q713t
"Difwind 6",WT,35.065014,-118.265411,9q713t
"Difwind 6",WT,35.063953,-118.266434,9q713t
"Difwind 6",WT,35.056595,-118.269485,9q713t
"Difwind 6",WT,35.055614,-118.268539,9q713t
"Difwind 6",WT,35.062466,-118.264114,9q713t
"Difwind 6",WT,35.060295,-118.269585,9q713t
"Difwind 6",WT,35.066166,-118.262558,9q713t
"Difwind 6",WT,35.060768,-118.265518,9q713t
"Difwind 6",WT,35.058487,-118.262222,9q713t
"Difwind 6",WT,35.054756,-118.26194,9q713t
"Difwind 6",WT,35.060696,-118.267586,9q713t
"Difwind 6",WT,35.054794,-118.269287,9q713t
"Difwind 6",WT,35.057896,-118.262688,9q713t
"Difwind 6",WT,35.062496,-118.269585,9q713t
"Difwind 6",WT,35.061668,-118.263008,9q713t
"Difwind 6",WT,35.062279,-118.267944,9q713t
"Difwind 6",WT,35.062763,-118.262009,9q713t
"Difwind 6",WT,35.056099,-118.266251,9q713t
"Difwind 6",WT,35.061195,-118.27079,9q713t
"Difwind 6",WT,35.059296,-118.268791,9q713t
"Voyager Wind",WT,35.049576,-118.264389,9q713t
"Voyager Wind",WT,35.04707,-118.273804,9q713t
"Voyager Wind",WT,35.049046,-118.28965,9q713t
"Voyager Wind",WT,35.051029,-118.263176,9q713t
"Voyager Wind",WT,35.043556,-118.258492,9q713t
"Voyager Wind",WT,35.051125,-118.299004,9q713t
"Voyager Wind",WT,35.07164,-118.32222,9q713t
"Voyager Wind",WT,35.05051,-118.288483,9q713t
"Voyager Wind",WT,35.045738,-118.282372,9q713t
"Voyager II",WT,35.080997,-118.247849,9q713t
"Voyager II",WT,35.072018,-118.290222,9q713t
"Voyager II",WT,35.075928,-118.269096,9q713t
"Difwind 6",WT,35.063263,-118.268875,9q713t
"Voyager II",WT,35.079205,-118.26355,9q713t
"Voyager Wind",WT,35.043995,-118.266251,9q713t
"Voyager Wind",WT,35.041035,-118.275459,9q713t
"Voyager Wind",WT,35.051025,-118.305489,9q713t
"Voyager Wind",WT,35.040672,-118.268745,9q713t
"Voyager Wind",WT,35.042828,-118.298386,9q713t
"Voyager Wind",WT,35.044979,-118.264397,9q713t
"Voyager Wind",WT,35.04673,-118.290215,9q713t
"Voyager Wind",WT,35.043869,-118.283821,9q713t
"Voyager Wind",WT,35.047016,-118.27845,9q713t
"Voyager Wind",WT,35.047867,-118.298912,9q713t
"Voyager Wind",WT,35.042007,-118.284508,9q713t
"Voyager Wind",WT,35.074276,-118.312744,9q713t
"Voyager Wind",WT,35.043484,-118.305725,9q713t
"Voyager Wind",WT,35.048683,-118.272392,9q713t
"Difwind 6",WT,35.06012,-118.271751,9q713t
"Voyager Wind",WT,35.076073,-118.303238,9q713t
"Difwind 6",WT,35.059845,-118.271996,9q713t
"Difwind 6",WT,35.061623,-118.264854,9q713t
"Difwind 6",WT,35.065395,-118.268791,9q713t
"Difwind 6",WT,35.056702,-118.267525,9q713t
"Difwind 6",WT,35.054596,-118.27079,9q713t
"Difwind 6",WT,35.06184,-118.272003,9q713t
"Difwind 6",WT,35.054195,-118.267982,9q713t
"Difwind 6",WT,35.060268,-118.266113,9q713t
"Difwind 6",WT,35.053993,-118.262589,9q713t
"Difwind 6",WT,35.058994,-118.269089,9q713t
"Difwind 6",WT,35.059994,-118.264488,9q713t
"Difwind 6",WT,35.059296,-118.272491,9q713t
"Rising Tree South",WT,35.044292,-118.254593,9q713t
"Difwind 6",WT,35.061756,-118.268433,9q713t
"Difwind 6",WT,35.064812,-118.267464,9q713t
"Difwind 6",WT,35.056217,-118.262474,9q713t
"Difwind 6",WT,35.054951,-118.26548,9q713t
"Difwind 6",WT,35.058895,-118.265488,9q713t
"Difwind 6",WT,35.066399,-118.262268,9q713t
"Difwind 6",WT,35.056896,-118.265488,9q713t
"Difwind 6",WT,35.064548,-118.267693,9q713t
"Difwind 6",WT,35.063927,-118.264595,9q713t
"Difwind 6",WT,35.062634,-118.271294,9q713t
"Difwind 6",WT,35.062729,-118.263863,9q713t
"Difwind 6",WT,35.063534,-118.268661,9q713t
"Difwind 6",WT,35.055996,-118.264488,9q713t
"Difwind 6",WT,35.065853,-118.262802,9q713t
"Difwind 6",WT,35.058071,-118.268135,9q713t
"Difwind 6",WT,35.056152,-118.268028,9q713t
"Difwind 6",WT,35.063778,-118.268425,9q713t
"Difwind 6",WT,35.065136,-118.269043,9q713t
"Dole Fresh Vegetables",WT,36.455986,-121.351341,9q92vz
"City of Soledad Water Reclamation Facility",WT,36.42094,-121.340164,9q92vz
"Salinas Valley State Prison",WT,36.474236,-121.37075,9q92vz
"Taylor Farms",WT,36.50515,-121.451797,9q92vz
"Correctional Training Facility",WT,36.466167,-121.381569,9q92vz
"Mann Packing",WT,36.503963,-121.453575,9q92vz
"Dole Fresh Vegetables",WT,36.459293,-121.350082,9q92vz
"Scheid Vineyards",WT,36.274509,-121.191589,9q92vz
"Dinosaur Point",WT,37.045395,-121.163383,9q9fy1
"Dinosaur Point",WT,37.050152,-121.176506,9q9fy1
"Dinosaur Point",WT,37.047997,-121.172478,9q9fy1
"Dinosaur Point",WT,37.046196,-121.19429,9q9fy1
"Dinosaur Point",WT,37.042194,-121.187546,9q9fy1
"Dinosaur Point",WT,37.050995,-121.178284,9q9fy1
"Dinosaur Point",WT,37.047394,-121.164085,9q9fy1
"Dinosaur Point",WT,37.045204,-121.176613,9q9fy1
"Dinosaur Point",WT,37.041348,-121.169052,9q9fy1
"Dinosaur Point",WT,37.045979,-121.175331,9q9fy1
"Dinosaur Point",WT,37.038212,-121.187515,9q9fy1
"Dinosaur Point",WT,37.039993,-121.197289,9q9fy1
"Dinosaur Point",WT,37.036346,-121.187546,9q9fy1
"Dinosaur Point",WT,37.035496,-121.170486,9q9fy1
"Dinosaur Point",WT,37.051796,-121.180687,9q9fy1
"Dinosaur Point",WT,37.035095,-121.196388,9q9fy1
"Dinosaur Point",WT,37.040989,-121.197411,9q9fy1
"Dinosaur Point",WT,37.03989,-121.186966,9q9fy1
"Dinosaur Point",WT,37.03463,-121.187378,9q9fy1
"Dinosaur Point",WT,37.033096,-121.190186,9q9fy1
"Dinosaur Point",WT,37.051395,-121.179688,9q9fy1
"Dinosaur Point",WT,37.045994,-121.193985,9q9fy1
"Dinosaur Point",WT,37.036366,-121.171875,9q9fy1
"Dinosaur Point",WT,37.03511,-121.166672,9q9fy1
"Dinosaur Point",WT,37.033512,-121.190201,9q9fy1
"Dinosaur Point",WT,37.036194,-121.171486,9q9fy1
"Dinosaur Point",WT,37.042896,-121.166985,9q9fy1
"Dinosaur Point",WT,37.052944,-121.182274,9q9fy1
"Dinosaur Point",WT,37.03862,-121.187515,9q9fy1
"Dinosaur Point",WT,37.036762,-121.191536,9q9fy1
"Dinosaur Point",WT,37.035995,-121.197487,9q9fy1
"Dinosaur Point",WT,37.044846,-121.173721,9q9fy1
"Dinosaur Point",WT,37.044682,-121.173409,9q9fy1
"Dinosaur Point",WT,37.039059,-121.168907,9q9fy1
"Dinosaur Point",WT,37.034451,-121.192261,9q9fy1
"Dinosaur Point",WT,37.035656,-121.197159,9q9fy1
"Dinosaur Point",WT,37.044083,-121.176277,9q9fy1
"Dinosaur Point",WT,37.040672,-121.19722,9q9fy1
"Dinosaur Point",WT,37.035637,-121.190971,9q9fy1
"Dinosaur Point",WT,37.034771,-121.165955,9q9fy1
"Dinosaur Point",WT,37.046204,-121.175537,9q9fy1
"Dinosaur Point",WT,37.052895,-121.181885,9q9fy1
"Dinosaur Point",WT,37.044495,-121.173187,9q9fy1
"Dinosaur Point",WT,37.051495,-121.180389,9q9fy1
"Dinosaur Point",WT,37.045395,-121.19339,9q9fy1
"Dinosaur Point",WT,37.036755,-121.197456,9q9fy1
"Dinosaur Point",WT,37.044327,-121.176422,9q9fy1
"Dinosaur Point",WT,37.033627,-121.177208,9q9fy1
"Dinosaur Point",WT,37.0397,-121.168755,9q9fy1
"Dinosaur Point",WT,37.051296,-121.178925,9q9fy1
"Dinosaur Point",WT,37.034592,-121.19323,9q9fy1
"Dinosaur Point",WT,37.037094,-121.197586,9q9fy1
"Dinosaur Point",WT,37.046013,-121.176445,9q9fy1
"Dinosaur Point",WT,37.035725,-121.170876,9q9fy1
"Dinosaur Point",WT,37.038147,-121.197876,9q9fy1
"Dinosaur Point",WT,37.045776,-121.163315,9q9fy1
"Dinosaur Point",WT,37.033295,-121.192688,9q9fy1
"Dinosaur Point",WT,37.036003,-121.192062,9q9fy1
"Dinosaur Point",WT,37.03727,-121.187927,9q9fy1
"Dinosaur Point",WT,37.035896,-121.18689,9q9fy1
"Dinosaur Point",WT,37.037594,-121.188087,9q9fy1
"Dinosaur Point",WT,37.041496,-121.166489,9q9fy1
"Dinosaur Point",WT,37.033646,-121.187057,9q9fy1
"Dinosaur Point",WT,37.038994,-121.187386,9q9fy1
"Dinosaur Point",WT,37.049274,-121.175087,9q9fy1
"Dinosaur Point",WT,37.041039,-121.168877,9q9fy1
"Dinosaur Point",WT,37.031593,-121.176224,9q9fy1
"Dinosaur Point",WT,37.042755,-121.188065,9q9fy1
"Dinosaur Point",WT,37.045738,-121.176407,9q9fy1
"Dinosaur Point",WT,37.052296,-121.180984,9q9fy1
"Dinosaur Point",WT,37.035576,-121.167252,9q9fy1
"Dinosaur Point",WT,37.038895,-121.197685,9q9fy1
"Dinosaur Point",WT,37.046871,-121.163383,9q9fy1
"Dinosaur Point",WT,37.036255,-121.187012,9q9fy1
"Dinosaur Point",WT,37.039635,-121.197365,9q9fy1
"Dinosaur Point",WT,37.04644,-121.194542,9q9fy1
"Dinosaur Point",WT,37.041161,-121.187279,9q9fy1
"Dinosaur Point",WT,37.050526,-121.177513,9q9fy1
"Dinosaur Point",WT,37.035255,-121.170082,9q9fy1
"Dinosaur Point",WT,37.050343,-121.176781,9q9fy1
"Dinosaur Point",WT,37.042545,-121.187599,9q9fy1
"Dinosaur Point",WT,37.035873,-121.167503,9q9fy1
"Dinosaur Point",WT,37.037491,-121.197617,9q9fy1
"Dinosaur Point",WT,37.045387,-121.174538,9q9fy1
"Dinosaur Point",WT,37.033272,-121.193253,9q9fy1
"Dinosaur Point",WT,37.040306,-121.186951,9q9fy1
"Dinosaur Point",WT,37.033295,-121.177086,9q9fy1
"Dinosaur Point",WT,37.040382,-121.168633,9q9fy1
"Dinosaur Point",WT,37.031921,-121.176453,9q9fy1
"Dinosaur Point",WT,37.037819,-121.197716,9q9fy1
"Dinosaur Point",WT,37.045135,-121.193077,9q9fy1
"Dinosaur Point",WT,37.046097,-121.163284,9q9fy1
"Dinosaur Point",WT,37.046494,-121.163284,9q9fy1
"Dinosaur Point",WT,37.045006,-121.174042,9q9fy1
"Dinosaur Point",WT,37.033859,-121.187523,9q9fy1
"Dinosaur Point",WT,37.052696,-121.181587,9q9fy1
"Dinosaur Point",WT,37.032932,-121.176941,9q9fy1
"Dinosaur Point",WT,37.051353,-121.179314,9q9fy1
"Dinosaur Point",WT,37.040337,-121.197266,9q9fy1
"Dinosaur Point",WT,37.039295,-121.197487,9q9fy1
"Dinosaur Point",WT,37.035999,-121.171143,9q9fy1
"Dinosaur Point",WT,37.049015,-121.174156,9q9fy1
"Dinosaur Point",WT,37.047802,-121.165421,9q9fy1
"Dinosaur Point",WT,37.036495,-121.191185,9q9fy1
"Dinosaur Point",WT,37.042542,-121.189301,9q9fy1
"Dinosaur Point",WT,37.051193,-121.178589,9q9fy1
"Dinosaur Point",WT,37.042793,-121.190285,9q9fy1
"Dinosaur Point",WT,37.035595,-121.18679,9q9fy1
"Dinosaur Point",WT,37.039383,-121.168816,9q9fy1
"Dinosaur Point",WT,37.049969,-121.176239,9q9fy1
"Dinosaur Point",WT,37.033562,-121.192947,9q9fy1
"Dinosaur Point",WT,37.033894,-121.190086,9q9fy1
"Dinosaur Point",WT,37.04752,-121.164558,9q9fy1
"Dinosaur Point",WT,37.045761,-121.175125,9q9fy1
"Dinosaur Point",WT,37.042927,-121.189133,9q9fy1
"Dinosaur Point",WT,37.034653,-121.177727,9q9fy1
"Dinosaur Point",WT,37.045696,-121.193687,9q9fy1
"Dinosaur Point",WT,37.04491,-121.176643,9q9fy1
"Dinosaur Point",WT,37.049473,-121.175354,9q9fy1
"Dinosaur Point",WT,37.032597,-121.176689,9q9fy1
"Dinosaur Point",WT,37.038521,-121.197899,9q9fy1
"Dinosaur Point",WT,37.047195,-121.163689,9q9fy1
"Dinosaur Point",WT,37.043831,-121.176086,9q9fy1
"Dinosaur Point",WT,37.034229,-121.187401,9q9fy1
"Dinosaur Point",WT,37.052494,-121.18129,9q9fy1
"Dinosaur Point",WT,37.040825,-121.187149,9q9fy1
"Dinosaur Point",WT,37.034618,-121.189995,9q9fy1
"Dinosaur Point",WT,37.042213,-121.198463,9q9fy1
"Dinosaur Point",WT,37.03397,-121.177429,9q9fy1
"Dinosaur Point",WT,37.035889,-121.191338,9q9fy1
"Dinosaur Point",WT,37.034294,-121.177589,9q9fy1
"Dinosaur Point",WT,37.049812,-121.175941,9q9fy1
"Dinosaur Point",WT,37.041813,-121.187531,9q9fy1
"Dinosaur Point",WT,37.041496,-121.187584,9q9fy1
"Dinosaur Point",WT,37.042736,-121.189842,9q9fy1
"Dinosaur Point",WT,37.040058,-121.168671,9q9fy1
"Dinosaur Point",WT,37.050495,-121.177887,9q9fy1
"Dinosaur Point",WT,37.040405,-121.187515,9q9fy1
"Dinosaur Point",WT,37.042793,-121.188484,9q9fy1
"Dinosaur Point",WT,37.050671,-121.178139,9q9fy1
"Dinosaur Point",WT,37.052094,-121.180786,9q9fy1
"Dinosaur Point",WT,37.033455,-121.19381,9q9fy1
"Dinosaur Point",WT,37.035236,-121.196838,9q9fy1
"Dinosaur Point",WT,37.036194,-121.190941,9q9fy1
"Dinosaur Point",WT,37.050392,-121.177124,9q9fy1
"Dinosaur Point",WT,37.045464,-121.176537,9q9fy1
"Dinosaur Point",WT,37.04129,-121.197609,9q9fy1
"Dinosaur Point",WT,37.051395,-121.180084,9q9fy1
"Dinosaur Point",WT,37.034927,-121.166306,9q9fy1
"Dinosaur Point",WT,37.039558,-121.187172,9q9fy1
"Dinosaur Point",WT,37.042397,-121.166885,9q9fy1
"Dinosaur Point",WT,37.045197,-121.174332,9q9fy1
"Dinosaur Point",WT,37.036377,-121.19751,9q9fy1
"Dinosaur Point",WT,37.049644,-121.175621,9q9fy1
"Dinosaur Point",WT,37.047646,-121.164978,9q9fy1
"Dinosaur Point",WT,37.041939,-121.198166,9q9fy1
"Dinosaur Point",WT,37.043434,-121.175529,9q9fy1
"Dinosaur Point",WT,37.044617,-121.176521,9q9fy1
"Dinosaur Point",WT,37.034294,-121.189888,9q9fy1
"Dinosaur Point",WT,37.035526,-121.190613,9q9fy1
"Dinosaur Point",WT,37.04166,-121.197876,9q9fy1
"Dinosaur Point",WT,37.035328,-121.166977,9q9fy1
"Patterson Pass",WT,37.700668,-121.619804,9q9m24
"Patterson Pass",WT,37.706516,-121.609146,9q9m24
"Patterson Pass",WT,37.693649,-121.612427,9q9m24
"Patterson Pass",WT,37.699398,-121.619225,9q9m24
"Patterson Pass",WT,37.688637,-121.609016,9q9m24
"Patterson Pass",WT,37.689693,-121.612389,9q9m24
"Patterson Pass",WT,37.691143,-121.612381,9q9m24
"Patterson Pass",WT,37.688557,-121.610977,9q9m24
"Patterson Pass",WT,37.705891,-121.620956,9q9m24
"Patterson Pass",WT,37.698093,-121.620255,9q9m24
"Patterson Pass",WT,37.691994,-121.607788,9q9m24
"Patterson Wind",WT,37.694393,-121.616585,9q9m24
"Patterson Wind",WT,37.707588,-121.61235,9q9m24
"Patterson Pass",WT,37.705231,-121.611649,9q9m24
"Patterson Wind",WT,37.693039,-121.60968,9q9m24
"Patterson Pass",WT,37.69886,-121.618927,9q9m24
"Patterson Wind",WT,37.694942,-121.615364,9q9m24
"Patterson Wind",WT,37.696869,-121.611107,9q9m24
"Patterson Wind",WT,37.697174,-121.611153,9q9m24
"Patterson Wind",WT,37.703609,-121.612366,9q9m24
"Patterson Wind",WT,37.705296,-121.61319,9q9m24
"Patterson Wind",WT,37.694515,-121.611053,9q9m24
"Patterson Wind",WT,37.699528,-121.617805,9q9m24
"Patterson Wind",WT,37.697021,-121.614441,9q9m24
"Golden Hills North",WT,37.784878,-121.655983,9q9m24
"Golden Hills North",WT,37.757481,-121.615814,9q9m24
"Golden Hills North",WT,37.78611,-121.662148,9q9m24
"Golden Hills North",WT,37.770199,-121.629532,9q9m24
"Golden Hills North",WT,37.769787,-121.657181,9q9m24
"Patterson Wind",WT,37.702244,-121.613815,9q9m24
"Patterson Wind",WT,37.704166,-121.612633,9q9m24
"Patterson Wind",WT,37.692795,-121.609688,9q9m24
"Golden Hills",WT,37.714005,-121.648376,9q9m24
"Patterson Wind",WT,37.696465,-121.614151,9q9m24
"Golden Hills",WT,37.707325,-121.639435,9q9m24
"Golden Hills North",WT,37.751003,-121.616692,9q9m24
"Golden Hills",WT,37.710064,-121.620255,9q9m24
"Golden Hills",WT,37.703976,-121.625618,9q9m24
"Golden Hills",WT,37.713715,-121.636925,9q9m24
"Golden Hills",WT,37.726204,-121.60482,9q9m24
"Golden Hills",WT,37.718655,-121.648514,9q9m24
"Golden Hills North",WT,37.756844,-121.62114,9q9m24
"Golden Hills North",WT,37.787468,-121.665642,9q9m24
"Golden Hills North",WT,37.767723,-121.655754,9q9m24
"Patterson Wind",WT,37.693287,-121.608658,9q9m24
"Patterson Wind",WT,37.695477,-121.617119,9q9m24
"Patterson Wind",WT,37.695194,-121.615486,9q9m24
"Patterson Wind",WT,37.696747,-121.614296,9q9m24
"Patterson Wind",WT,37.693348,-121.609695,9q9m24
"Patterson Wind",WT,37.699936,-121.616707,9q9m24
"Patterson Wind",WT,37.704327,-121.616409,9q9m24
"Patterson Wind",WT,37.697853,-121.617889,9q9m24
"Patterson Wind",WT,37.702499,-121.613937,9q9m24
"Patterson Wind",WT,37.694328,-121.608734,9q9m24
"Patterson Wind",WT,37.699802,-121.617958,9q9m24
"Patterson Wind",WT,37.701118,-121.615746,9q9m24
"Patterson Wind",WT,37.698395,-121.618187,9q9m24
"Patterson Wind",WT,37.703995,-121.616287,9q9m24
"Patterson Wind",WT,37.696079,-121.614449,9q9m24
"Patterson Wind",WT,37.70005,-121.615417,9q9m24
"Patterson Wind",WT,37.700207,-121.616859,9q9m24
"Patterson Wind",WT,37.703747,-121.616135,9q9m24
"Patterson Wind",WT,37.697594,-121.61776,9q9m24
"Patterson Wind",WT,37.707287,-121.61232,9q9m24
"Patterson Wind",WT,37.700764,-121.617126,9q9m24
"Golden Hills North",WT,37.768562,-121.625237,9q9m24
"Patterson Pass",WT,37.691296,-121.611084,9q9m24
"Golden Hills North",WT,37.771812,-121.633011,9q9m24
"Patterson Pass",WT,37.690411,-121.613556,9q9m24
"Patterson Pass",WT,37.691196,-121.609688,9q9m24
"Patterson Pass",WT,37.689777,-121.608444,9q9m24
"Patterson Pass",WT,37.698395,-121.620384,9q9m24
"Patterson Pass",WT,37.705429,-121.62101,9q9m24
"Patterson Pass",WT,37.705929,-121.608971,9q9m24
"Patterson Pass",WT,37.706211,-121.609062,9q9m24
"Patterson Pass",WT,37.702129,-121.617828,9q9m24
"Patterson Pass",WT,37.689449,-121.611008,9q9m24
"Patterson Pass",WT,37.692596,-121.607788,9q9m24
"Patterson Pass",WT,37.704697,-121.611389,9q9m24
"Patterson Pass",WT,37.701416,-121.61879,9q9m24
"Patterson Pass",WT,37.689095,-121.612389,9q9m24
"Patterson Pass",WT,37.697529,-121.619972,9q9m24
"Patterson Pass",WT,37.688793,-121.612389,9q9m24
"Patterson Pass",WT,37.704296,-121.621689,9q9m24
"Patterson Pass",WT,37.691639,-121.611107,9q9m24
"Patterson Pass",WT,37.689896,-121.606689,9q9m24
"Patterson Pass",WT,37.692295,-121.607788,9q9m24
"Patterson Pass",WT,37.688911,-121.613556,9q9m24
"Patterson Pass",WT,37.705719,-121.622261,9q9m24
"Patterson Pass",WT,37.690048,-121.609642,9q9m24
"Patterson Pass",WT,37.706871,-121.610329,9q9m24
"Patterson Pass",WT,37.688629,-121.613609,9q9m24
"Patterson Pass",WT,37.699131,-121.619072,9q9m24
"Patterson Pass",WT,37.692234,-121.613571,9q9m24
"Patterson Pass",WT,37.690697,-121.607918,9q9m24
"Patterson Pass",WT,37.707798,-121.610611,9q9m24
"Patterson Pass",WT,37.690929,-121.608467,9q9m24
"Patterson Pass",WT,37.689201,-121.613556,9q9m24
"Patterson Pass",WT,37.698357,-121.621933,9q9m24
"Patterson Pass",WT,37.692314,-121.612411,9q9m24
"Patterson Pass",WT,37.704044,-121.621574,9q9m24
"Golden Hills North",WT,37.782238,-121.666306,9q9m24
"Golden Hills North",WT,37.779156,-121.65612,9q9m24
"Patterson Wind",WT,37.696331,-121.610847,9q9m24
"Patterson Wind",WT,37.694374,-121.615135,9q9m24
"Patterson Wind",WT,37.694229,-121.611061,9q9m24
"Patterson Wind",WT,37.693356,-121.611046,9q9m24
"Patterson Wind",WT,37.694653,-121.615242,9q9m24
"Patterson Wind",WT,37.693649,-121.611069,9q9m24
"Patterson Pass",WT,37.700855,-121.618507,9q9m24
"Patterson Wind",WT,37.706421,-121.613739,9q9m24
"Patterson Wind",WT,37.700497,-121.616989,9q9m24
"Patterson Wind",WT,37.706696,-121.613884,9q9m24
"Patterson Wind",WT,37.700851,-121.615623,9q9m24
"Patterson Wind",WT,37.701046,-121.617271,9q9m24
"Golden Hills North",WT,37.760563,-121.615791,9q9m24
"Patterson Wind",WT,37.70055,-121.615479,9q9m24
"Patterson Wind",WT,37.696594,-121.610985,9q9m24
"Patterson Wind",WT,37.699383,-121.616432,9q9m24
"Patterson Wind",WT,37.704433,-121.612755,9q9m24
"Patterson Wind",WT,37.693005,-121.60865,9q9m24
"Patterson Wind",WT,37.700085,-121.618103,9q9m24
"Patterson Wind",WT,37.704994,-121.613052,9q9m24
"Patterson Wind",WT,37.697208,-121.615852,9q9m24
"Patterson Wind",WT,37.694534,-121.609711,9q9m24
"Patterson Wind",WT,37.701939,-121.613663,9q9m24
"Patterson Wind",WT,37.695194,-121.616989,9q9m24
"Patterson Wind",WT,37.696938,-121.615707,9q9m24
"Golden Hills",WT,37.709427,-121.610107,9q9m24
"Golden Hills",WT,37.723194,-121.621696,9q9m24
"Patterson Pass",WT,37.69466,-121.621719,9q9m24
"Patterson Wind",WT,37.694935,-121.616859,9q9m24
"Patterson Pass",WT,37.691952,-121.611038,9q9m24
"Golden Hills",WT,37.716984,-121.612526,9q9m24
"Golden Hills",WT,37.716526,-121.628525,9q9m24
"Summit Wind Repowering",WT,37.747688,-121.691803,9q9m24
"Summit Wind Repowering",WT,37.729233,-121.682251,9q9m24
"Summit Wind Repowering",WT,37.770367,-121.662926,9q9m24
"Summit Wind Repowering",WT,37.732399,-121.682602,9q9m24
"Summit Wind Repowering",WT,37.769199,-121.668121,9q9m24
"Vasco (repower)",WT,37.791996,-121.657784,9q9m24
"Patterson Pass",WT,37.690994,-121.613586,9q9m24
"Patterson Pass",WT,37.706814,-121.609222,9q9m24
"Patterson Pass",WT,37.707695,-121.609489,9q9m24
"Summit Wind Repowering",WT,37.774376,-121.667435,9q9m24
"Patterson Pass",WT,37.694633,-121.618179,9q9m24
"Diablo Winds",WT,37.753994,-121.617989,9q9m24
"Diablo Winds",WT,37.744495,-121.619591,9q9m24
"Diablo Winds",WT,37.765293,-121.620087,9q9m24
"Patterson Pass",WT,37.706097,-121.612083,9q9m24
"Patterson Pass",WT,37.688255,-121.610977,9q9m24
"Patterson Pass",WT,37.705524,-121.611778,9q9m24
"Patterson Pass",WT,37.692894,-121.607788,9q9m24
"Patterson Pass",WT,37.697296,-121.61969,9q9m24
"Patterson Pass",WT,37.694347,-121.61805,9q9m24
"Diablo Winds",WT,37.749496,-121.619789,9q9m24
"Patterson Pass",WT,37.697029,-121.619537,9q9m24
"Summit Wind Repowering",WT,37.774414,-121.663727,9q9m24
"Summit Wind Repowering",WT,37.740356,-121.692932,9q9m24
"Patterson Pass",WT,37.689133,-121.610985,9q9m24
"Patterson Pass",WT,37.692947,-121.612411,9q9m24
"Patterson Pass",WT,37.705128,-121.621979,9q9m24
"Patterson Pass",WT,37.689831,-121.613548,9q9m24
"Patterson Pass",WT,37.698627,-121.622147,9q9m24
"Patterson Pass",WT,37.688828,-121.606697,9q9m24
"Diablo Winds",WT,37.776394,-121.633484,9q9m24
"Diablo Winds",WT,37.769196,-121.634087,9q9m24
"Diablo Winds",WT,37.754494,-121.619186,9q9m24
"Summit Wind Repowering",WT,37.77581,-121.683456,9q9m24
"Diablo Winds",WT,37.771397,-121.64769,9q9m24
"Diablo Winds",WT,37.772095,-121.649788,9q9m24
"Diablo Winds",WT,37.746796,-121.625488,9q9m24
"Patterson Pass",WT,37.688847,-121.610977,9q9m24
"Patterson Pass",WT,37.706394,-121.619987,9q9m24
"Patterson Pass",WT,37.691696,-121.612389,9q9m24
"Patterson Pass",WT,37.697819,-121.62011,9q9m24
"Patterson Pass",WT,37.700161,-121.621185,9q9m24
"Patterson Pass",WT,37.701595,-121.617569,9q9m24
"Summit Wind Repowering",WT,37.781666,-121.685989,9q9m24
"Diablo Winds",WT,37.748795,-121.61869,9q9m24
"Patterson Pass",WT,37.700459,-121.621346,9q9m24
"Patterson Pass",WT,37.693913,-121.612442,9q9m24
"Patterson Pass",WT,37.698853,-121.62233,9q9m24
"Patterson Pass",WT,37.700535,-121.618378,9q9m24
"Patterson Pass",WT,37.698654,-121.620537,9q9m24
"Patterson Pass",WT,37.689518,-121.613556,9q9m24
"Patterson Pass",WT,37.705421,-121.622101,9q9m24
"Patterson Pass",WT,37.706299,-121.610161,9q9m24
"Patterson Pass",WT,37.688126,-121.613556,9q9m24
"Patterson Pass",WT,37.690556,-121.612427,9q9m24
"Patterson Pass",WT,37.701313,-121.617409,9q9m24
"Patterson Pass",WT,37.700737,-121.62149,9q9m24
"Patterson Pass",WT,37.697533,-121.621376,9q9m24
"Patterson Pass",WT,37.690495,-121.606689,9q9m24
"Patterson Pass",WT,37.700996,-121.619987,9q9m24
"Patterson Pass",WT,37.707191,-121.610428,9q9m24
"Patterson Pass",WT,37.690105,-121.613556,9q9m24
"Patterson Pass",WT,37.691494,-121.609688,9q9m24
"Patterson Pass",WT,37.690704,-121.613571,9q9m24
"Patterson Pass",WT,37.694897,-121.621849,9q9m24
"Patterson Pass",WT,37.705795,-121.611908,9q9m24
"Patterson Pass",WT,37.706108,-121.619835,9q9m24
"Patterson Pass",WT,37.700359,-121.611,9q9m24
"Patterson Pass",WT,37.689396,-121.612389,9q9m24
"Patterson Pass",WT,37.689484,-121.609657,9q9m24
"Patterson Pass",WT,37.68832,-121.609024,9q9m24
"Patterson Pass",WT,37.699696,-121.619385,9q9m24
"Patterson Pass",WT,37.688431,-121.612366,9q9m24
"Patterson Pass",WT,37.689423,-121.606674,9q9m24
"Patterson Pass",WT,37.70113,-121.618629,9q9m24
"Patterson Pass",WT,37.692047,-121.612396,9q9m24
"Patterson Pass",WT,37.690868,-121.612473,9q9m24
"Diablo Winds",WT,37.778896,-121.635284,9q9m24
"Patterson Pass",WT,37.706585,-121.610237,9q9m24
"Patterson Pass",WT,37.705589,-121.60881,9q9m24
"Patterson Pass",WT,37.690075,-121.608444,9q9m24
"Patterson Pass",WT,37.691795,-121.609688,9q9m24
"Patterson Pass",WT,37.700378,-121.619667,9q9m24
"Patterson Pass",WT,37.690296,-121.612389,9q9m24
"Patterson Pass",WT,37.690193,-121.606689,9q9m24
"Patterson Pass",WT,37.704147,-121.611099,9q9m24
"Patterson Pass",WT,37.707127,-121.609322,9q9m24
"Patterson Pass",WT,37.706196,-121.621086,9q9m24
"Patterson Pass",WT,37.69265,-121.612411,9q9m24
"Patterson Pass",WT,37.689785,-121.609657,9q9m24
"Patterson Pass",WT,37.690376,-121.608444,9q9m24
"Patterson Pass",WT,37.693207,-121.612938,9q9m24
"Patterson Pass",WT,37.689133,-121.609634,9q9m24
"Patterson Pass",WT,37.707409,-121.609398,9q9m24
"Patterson Pass",WT,37.69809,-121.621758,9q9m24
"Patterson Pass",WT,37.706993,-121.607788,9q9m24
"Patterson Pass",WT,37.705994,-121.622391,9q9m24
"Golden Hills",WT,37.728054,-121.614594,9q9m24
"Golden Hills",WT,37.710915,-121.63147,9q9m24
"Golden Hills",WT,37.719967,-121.638535,9q9m24
"Summit Wind Repowering",WT,37.780087,-121.693321,9q9m24
"Summit Wind Repowering",WT,37.780895,-121.678345,9q9m24
"Summit Wind Repowering",WT,37.73695,-121.685707,9q9m24
"Summit Wind Repowering",WT,37.771149,-121.677017,9q9m24
"Summit Wind Repowering",WT,37.778385,-121.684586,9q9m24
"Summit Wind Repowering",WT,37.784153,-121.678009,9q9m24
"Golden Hills North",WT,37.78204,-121.661514,9q9m24
"Patterson Wind",WT,37.692448,-121.609825,9q9m24
"Patterson Wind",WT,37.694229,-121.609688,9q9m24
"Patterson Wind",WT,37.693935,-121.611038,9q9m24
"Patterson Wind",WT,37.696663,-121.615585,9q9m24
"Patterson Wind",WT,37.699654,-121.616562,9q9m24
"Patterson Wind",WT,37.693058,-121.611038,9q9m24
"Patterson Wind",WT,37.694656,-121.616722,9q9m24
"Patterson Wind",WT,37.704735,-121.612907,9q9m24
"Patterson Wind",WT,37.698151,-121.618034,9q9m24
"Patterson Wind",WT,37.707783,-121.612617,9q9m24
"Patterson Wind",WT,37.703335,-121.612213,9q9m24
"Golden Hills North",WT,37.784454,-121.652328,9q9m24
"Golden Hills",WT,37.713547,-121.672279,9q9m24
"Golden Hills",WT,37.715416,-121.674286,9q9m24
"Golden Hills",WT,37.708416,-121.629936,9q9m24
"Golden Hills",WT,37.727306,-121.626106,9q9m24
"Golden Hills",WT,37.723846,-121.627785,9q9m24
"Golden Hills North",WT,37.749657,-121.628899,9q9m24
"Golden Hills",WT,37.714684,-121.622475,9q9m24
"Golden Hills North",WT,37.77676,-121.65332,9q9m24
"Golden Hills North",WT,37.760513,-121.620789,9q9m24
"Golden Hills",WT,37.718826,-121.614479,9q9m24
"Golden Hills",WT,37.713627,-121.631149,9q9m24
"Golden Hills",WT,37.724876,-121.61113,9q9m24
"Golden Hills",WT,37.722145,-121.610245,9q9m24
"Golden Hills",WT,37.710087,-121.658958,9q9m24
"Golden Hills",WT,37.721146,-121.606773,9q9m24
"Golden Hills",WT,37.719265,-121.624817,9q9m24
"Golden Hills",WT,37.723057,-121.601944,9q9m24
"Golden Hills",WT,37.714924,-121.626045,9q9m24
"Golden Hills",WT,37.705585,-121.657906,9q9m24
"Golden Hills",WT,37.721287,-121.62706,9q9m24
"Golden Hills",WT,37.703377,-121.6436,9q9m24
"Golden Hills",WT,37.718567,-121.64328,9q9m24
"Golden Hills",WT,37.710636,-121.654533,9q9m24
"Golden Hills North",WT,37.746361,-121.615974,9q9m24
"Golden Hills",WT,37.712326,-121.66983,9q9m24
"Golden Hills",WT,37.727455,-121.619415,9q9m24
"Patterson Wind",WT,37.695496,-121.615715,9q9m24
"Diablo Winds",WT,37.770096,-121.633789,9q9m24
"Diablo Winds",WT,37.763393,-121.614883,9q9m24
"Diablo Winds",WT,37.745895,-121.625084,9q9m24
"Diablo Winds",WT,37.764996,-121.618988,9q9m24
"Diablo Winds",WT,37.777496,-121.633484,9q9m24
"Diablo Winds",WT,37.745193,-121.620483,9q9m24
"Patterson Pass",WT,37.691528,-121.608467,9q9m24
"Diablo Winds",WT,37.768394,-121.63369,9q9m24
"Diablo Winds",WT,37.747597,-121.625587,9q9m24
"Diablo Winds",WT,37.758694,-121.622589,9q9m24
"Diablo Winds",WT,37.774593,-121.658188,9q9m24
"Diablo Winds",WT,37.774796,-121.653488,9q9m24
"Diablo Winds",WT,37.773636,-121.651001,9q9m24
"Diablo Winds",WT,37.776596,-121.658287,9q9m24
"Diablo Winds",WT,37.750195,-121.620384,9q9m24
"Diablo Winds",WT,37.765396,-121.621185,9q9m24
"Patterson Pass",WT,37.689693,-121.610985,9q9m24
"Patterson Pass",WT,37.704975,-121.611488,9q9m24
"Patterson Pass",WT,37.691433,-121.612389,9q9m24
"Patterson Pass",WT,37.704418,-121.611237,9q9m24
"Diablo Winds",WT,37.778114,-121.634232,9q9m24
"Diablo Winds",WT,37.771694,-121.648788,9q9m24
"Diablo Winds",WT,37.754894,-121.620285,9q9m24
"Diablo Winds",WT,37.772797,-121.650391,9q9m24
"Golden Hills",WT,37.714153,-121.661697,9q9m24
"Golden Hills",WT,37.710613,-121.624336,9q9m24
"Golden Hills",WT,37.712166,-121.660225,9q9m24
"Golden Hills",WT,37.722115,-121.615356,9q9m24
"Golden Hills",WT,37.708775,-121.650024,9q9m24
"Golden Hills",WT,37.713177,-121.643509,9q9m24
"Golden Hills",WT,37.711155,-121.640694,9q9m24
"Patterson Pass",WT,37.691231,-121.608467,9q9m24
"Golden Hills",WT,37.712124,-121.610367,9q9m24
"Golden Hills",WT,37.704575,-121.629517,9q9m24
"Golden Hills",WT,37.716583,-121.64077,9q9m24
"Golden Hills",WT,37.710297,-121.636185,9q9m24
"Golden Hills",WT,37.725285,-121.616074,9q9m24
"Summit Wind Repowering",WT,37.774548,-121.676514,9q9m24
"Summit Wind Repowering",WT,37.759098,-121.691681,9q9m24
"Summit Wind Repowering",WT,37.754547,-121.694191,9q9m24
"Summit Wind Repowering",WT,37.77932,-121.675331,9q9m24
"Summit Wind Repowering",WT,37.768242,-121.676437,9q9m24
"Patterson Wind",WT,37.703896,-121.612488,9q9m24
"Patterson Pass",WT,37.69783,-121.621559,9q9m24
"Patterson Pass",WT,37.694912,-121.618324,9q9m24
"Summit Wind Repowering",WT,37.750896,-121.69339,9q9m24
"Summit Wind Repowering",WT,37.744164,-121.691711,9q9m24
"Safeway Tracy",WT,37.71344,-121.520927,9q9wtp
"Safeway Tracy",WT,37.714294,-121.521889,9q9wtp
"Teichert Aggregates",WT,37.616653,-121.35656,9q9wtp
"McEvoy Ranch",WT,38.15757,-122.679672,9q8yyz
"Buena Vista",WT,37.796494,-121.645187,9qc0p1
"Vasco (repower)",WT,37.795895,-121.720184,9qc0p1
"Vasco (repower)",WT,37.788895,-121.71949,9qc0p1
"Vasco (repower)",WT,37.794697,-121.725288,9qc0p1
"Vasco (repower)",WT,37.781796,-121.711784,9qc0p1
"Vasco (repower)",WT,37.802593,-121.724686,9qc0p1
"Vasco (repower)",WT,37.793495,-121.667191,9qc0p1
"Vasco (repower)",WT,37.784996,-121.725685,9qc0p1
"Vasco (repower)",WT,37.787796,-121.679787,9qc0p1
"Vasco (repower)",WT,37.780396,-121.72229,9qc0p1
"Vasco (repower)",WT,37.790394,-121.714989,9qc0p1
"Vasco (repower)",WT,37.798496,-121.700989,9qc0p1
"Vasco (repower)",WT,37.794094,-121.705086,9qc0p1
"Vasco (repower)",WT,37.794193,-121.709885,9qc0p1
"Vasco (repower)",WT,37.787994,-121.705688,9qc0p1
"Vasco (repower)",WT,37.784695,-121.690186,9qc0p1
"Vasco (repower)",WT,37.784794,-121.704285,9qc0p1
"Vasco (repower)",WT,37.787697,-121.692085,9qc0p1
"Buena Vista",WT,37.801395,-121.666084,9qc0p1
"Buena Vista",WT,37.796795,-121.646584,9qc0p1
"Buena Vista",WT,37.809929,-121.658249,9qc0p1
"Buena Vista",WT,37.797295,-121.647385,9qc0p1
"Buena Vista",WT,37.804893,-121.655991,9qc0p1
"Buena Vista",WT,37.805195,-121.66729,9qc0p1
"Vasco (repower)",WT,37.789993,-121.701584,9qc0p1
"Buena Vista",WT,37.802094,-121.666489,9qc0p1
"Buena Vista",WT,37.810696,-121.658791,9qc0p1
"Vasco (repower)",WT,37.780697,-121.716484,9qc0p1
"Vasco (repower)",WT,37.797997,-121.705986,9qc0p1
"Vasco (repower)",WT,37.788895,-121.710487,9qc0p1
"Vasco (repower)",WT,37.788593,-121.724388,9qc0p1
"Vasco (repower)",WT,37.798695,-121.724091,9qc0p1
"Buena Vista",WT,37.797695,-121.662483,9qc0p1
"Vasco (repower)",WT,37.802696,-121.703285,9qc0p1
"Vasco (repower)",WT,37.788593,-121.686386,9qc0p1
"Vasco (repower)",WT,37.792896,-121.66259,9qc0p1
"Buena Vista",WT,37.798695,-121.647987,9qc0p1
"Buena Vista",WT,37.799339,-121.66468,9qc0p1
"Buena Vista",WT,37.803596,-121.654587,9qc0p1
"Buena Vista",WT,37.805695,-121.656387,9qc0p1
"Buena Vista",WT,37.799793,-121.665489,9qc0p1
"Buena Vista",WT,37.804394,-121.666985,9qc0p1
"Buena Vista",WT,37.795593,-121.65979,9qc0p1
"Vasco (repower)",WT,37.804695,-121.705688,9qc0p1
"Buena Vista",WT,37.796394,-121.659889,9qc0p1
"Buena Vista",WT,37.804195,-121.655289,9qc0p1
"Buena Vista",WT,37.797394,-121.661186,9qc0p1
"Buena Vista",WT,37.798096,-121.663689,9qc0p1
"Buena Vista",WT,37.800632,-121.665649,9qc0p1
"Buena Vista",WT,37.801495,-121.652985,9qc0p1
"Buena Vista",WT,37.802994,-121.653885,9qc0p1
"Buena Vista",WT,37.796894,-121.660484,9qc0p1
"Buena Vista",WT,37.799194,-121.651489,9qc0p1
"Buena Vista",WT,37.808697,-121.658485,9qc0p1
"Buena Vista",WT,37.802395,-121.653084,9qc0p1
"Vasco (repower)",WT,37.808697,-121.705688,9qc0p1
"Vasco (repower)",WT,37.796097,-121.698891,9qc0p1
"Vasco (repower)",WT,37.784393,-121.720787,9qc0p1
"Vasco (repower)",WT,37.804794,-121.726784,9qc0p1
"Vasco (repower)",WT,37.784595,-121.715485,9qc0p1
"Vasco (repower)",WT,37.790894,-121.676086,9qc0p1
"Buena Vista",WT,37.799995,-121.672287,9qc0p1
"Buena Vista",WT,37.799496,-121.648285,9qc0p1
"Buena Vista",WT,37.799595,-121.654083,9qc0p1
"Buena Vista",WT,37.803696,-121.666786,9qc0p1
"Buena Vista",WT,37.799793,-121.67099,9qc0p1
"Buena Vista",WT,37.799496,-121.652885,9qc0p1
"Buena Vista",WT,37.798695,-121.664284,9qc0p1
"Buena Vista",WT,37.798096,-121.64769,9qc0p1
"Buena Vista",WT,37.796196,-121.644188,9qc0p1
"Buena Vista",WT,37.802994,-121.666489,9qc0p1
"Shiloh Wind Project",WT,38.165195,-121.874687,9qc63x
"Shiloh IV",WT,38.108696,-121.845085,9qc63x
"Shiloh Wind Project",WT,38.112396,-121.850784,9qc63x
"Shiloh Wind Project",WT,38.163826,-121.847839,9qc63x
"Shiloh IV",WT,38.128395,-121.855583,9qc63x
"Shiloh IV",WT,38.120895,-121.856689,9qc63x
"Shiloh IV",WT,38.112396,-121.841187,9qc63x
"Shiloh Wind Project",WT,38.164696,-121.816284,9qc63x
"Shiloh IV",WT,38.117794,-121.833084,9qc63x
"Shiloh IV",WT,38.128197,-121.866684,9qc63x
"Shiloh Wind Project",WT,38.165794,-121.863091,9qc63x
"Shiloh Wind Project",WT,38.144096,-121.882988,9qc63x
"Shiloh IV",WT,38.123695,-121.854889,9qc63x
"Shiloh IV",WT,38.135895,-121.845985,9qc63x
"Shiloh Wind Project",WT,38.106693,-121.85379,9qc63x
"Shiloh Wind Project",WT,38.107994,-121.85379,9qc63x
"Shiloh Wind Project",WT,38.157894,-121.872688,9qc63x
"Montezuma Winds II",WT,38.119095,-121.810387,9qc63x
"Shiloh Wind Project",WT,38.172695,-121.876785,9qc63x
"Shiloh Wind Project",WT,38.089497,-121.837585,9qc63x
"Shiloh Wind Project",WT,38.166393,-121.83709,9qc63x
"Shiloh Wind Project",WT,38.177494,-121.867584,9qc63x
"Shiloh Wind Project",WT,38.139793,-121.876289,9qc63x
"Shiloh Wind Project",WT,38.176094,-121.866287,9qc63x
"Shiloh Wind Project",WT,38.174397,-121.878189,9qc63x
"Shiloh Wind Project",WT,38.155396,-121.86599,9qc63x
"Shiloh Wind Project",WT,38.154995,-121.826088,9qc63x
"Shiloh Wind Project",WT,38.164795,-121.837685,9qc63x
"Shiloh Wind Project",WT,38.123295,-121.848785,9qc63x
"Shiloh Wind Project",WT,38.166897,-121.818489,9qc63x
"Shiloh Wind Project",WT,38.162193,-121.814285,9qc63x
"Shiloh IV",WT,38.118793,-121.841888,9qc63x
"Shiloh Wind Project",WT,38.141312,-121.840996,9qc63x
"Shiloh Wind Project",WT,38.137894,-121.876083,9qc63x
"Shiloh Wind Project",WT,38.158096,-121.85849,9qc63x
"Shiloh Wind Project",WT,38.160995,-121.812988,9qc63x
"Shiloh Wind Project",WT,38.153595,-121.864288,9qc63x
"Shiloh Wind Project",WT,38.180393,-121.878586,9qc63x
"Shiloh Wind Project",WT,38.117596,-121.847984,9qc63x
"Shiloh Wind Project",WT,38.147095,-121.860085,9qc63x
"Shiloh IV",WT,38.154095,-121.84539,9qc63x
"Shiloh Wind Project",WT,38.115696,-121.847588,9qc63x
"Montezuma Winds II",WT,38.125397,-121.81279,9qc63x
"Shiloh IV",WT,38.159054,-121.848396,9qc63x
"Shiloh IV",WT,38.109596,-121.835983,9qc63x
"Shiloh IV",WT,38.146294,-121.845589,9qc63x
"Shiloh IV",WT,38.179794,-121.854988,9qc63x
"Shiloh IV",WT,38.138996,-121.848083,9qc63x
"Shiloh IV",WT,38.143295,-121.858086,9qc63x
"Shiloh IV",WT,38.138496,-121.855888,9qc63x
"Shiloh IV",WT,38.129795,-121.860184,9qc63x
"Shiloh IV",WT,38.143295,-121.871185,9qc63x
"Shiloh Wind Project",WT,38.178795,-121.87709,9qc63x
"Shiloh Wind Project",WT,38.163296,-121.837585,9qc63x
"Shiloh Wind Project",WT,38.161797,-121.83699,9qc63x
"Shiloh Wind Project",WT,38.153397,-121.853485,9qc63x
"Shiloh Wind Project",WT,38.160194,-121.83519,9qc63x
"Shiloh Wind Project",WT,38.157295,-121.879189,9qc63x
"Shiloh Wind Project",WT,38.093094,-121.83889,9qc63x
"Shiloh Wind Project",WT,38.168896,-121.866684,9qc63x
"Shiloh Wind Project",WT,38.178894,-121.869591,9qc63x
"Shiloh Wind Project",WT,38.116196,-121.856384,9qc63x
"Shiloh Wind Project",WT,38.136944,-121.837669,9qc63x
"Shiloh Wind Project",WT,38.169994,-121.855286,9qc63x
"Shiloh Wind Project",WT,38.162395,-121.827583,9qc63x
"Shiloh Wind Project",WT,38.113594,-121.851486,9qc63x
"Shiloh Wind Project",WT,38.091694,-121.846985,9qc63x
"Shiloh Wind Project",WT,38.167397,-121.865891,9qc63x
"Shiloh Wind Project",WT,38.151997,-121.852989,9qc63x
"Shiloh Wind Project",WT,38.164097,-121.862083,9qc63x
"Shiloh Wind Project",WT,38.159294,-121.875984,9qc63x
"Shiloh Wind Project",WT,38.153294,-121.860985,9qc63x
"Shiloh Wind Project",WT,38.152096,-121.870789,9qc63x
"Shiloh Wind Project",WT,38.094696,-121.839088,9qc63x
"Shiloh Wind Project",WT,38.168194,-121.849289,9qc63x
"Shiloh Wind Project",WT,38.154896,-121.829788,9qc63x
"Shiloh Wind Project",WT,38.088295,-121.836784,9qc63x
"Shiloh Wind Project",WT,38.168694,-121.828186,9qc63x
"Montezuma Winds II",WT,38.104294,-121.83609,9qc63x
"Montezuma Winds II",WT,38.131794,-121.817886,9qc63x
"Montezuma Winds II",WT,38.133595,-121.825386,9qc63x
"Montezuma Winds II",WT,38.100395,-121.83989,9qc63x
"Montezuma Winds II",WT,38.112797,-121.798889,9qc63x
"Montezuma Winds II",WT,38.135197,-121.816689,9qc63x
"Montezuma Winds II",WT,38.129494,-121.815491,9qc63x
"Montezuma Winds II",WT,38.100494,-121.84919,9qc63x
"Montezuma Winds II",WT,38.119495,-121.805183,9qc63x
"Montezuma Winds II",WT,38.127895,-121.820686,9qc63x
"Montezuma Winds II",WT,38.113895,-121.805687,9qc63x
"Montezuma Winds II",WT,38.116894,-121.809586,9qc63x
"Montezuma Winds II",WT,38.138096,-121.820389,9qc63x
"Montezuma Winds II",WT,38.102596,-121.841286,9qc63x
"Montezuma Winds II",WT,38.106495,-121.836784,9qc63x
"Montezuma Winds II",WT,38.136597,-121.818489,9qc63x
"Shiloh IV",WT,38.121593,-121.861687,9qc63x
"Montezuma Winds II",WT,38.119095,-121.818184,9qc63x
"Montezuma",WT,38.150894,-121.801689,9qc63x
"Shiloh Wind Project",WT,38.116894,-121.860687,9qc63x
"Shiloh Wind Project",WT,38.168198,-121.873993,9qc63x
"Montezuma Winds II",WT,38.115295,-121.799583,9qc63x
"Shiloh Wind Project",WT,38.111996,-121.848686,9qc63x
"Shiloh Wind Project",WT,38.167595,-121.83799,9qc63x
"Montezuma Winds II",WT,38.126797,-121.818687,9qc63x
"Shiloh Wind Project",WT,38.115395,-121.854286,9qc63x
"Shiloh Wind Project",WT,38.155296,-121.878586,9qc63x
"Shiloh Wind Project",WT,38.137993,-121.838264,9qc63x
"Shiloh Wind Project",WT,38.096294,-121.839188,9qc63x
"Shiloh Wind Project",WT,38.154396,-121.87149,9qc63x
"Shiloh Wind Project",WT,38.156296,-121.872284,9qc63x
"Shiloh Wind Project",WT,38.158497,-121.834885,9qc63x
"Shiloh Wind Project",WT,38.142971,-121.840935,9qc63x
"Montezuma",WT,38.169697,-121.798691,9qc63x
"Montezuma Winds II",WT,38.103794,-121.85009,9qc63x
"Montezuma Winds II",WT,38.135094,-121.827286,9qc63x
"Shiloh IV",WT,38.123795,-121.864883,9qc63x
"Shiloh Wind Project",WT,38.163197,-121.815285,9qc63x
"Shiloh IV",WT,38.142197,-121.846886,9qc63x
"Shiloh IV",WT,38.136196,-121.857384,9qc63x
"Shiloh IV",WT,38.124496,-121.838287,9qc63x
"Shiloh IV",WT,38.124695,-121.858284,9qc63x
"Shiloh IV",WT,38.138393,-121.844185,9qc63x
"Shiloh IV",WT,38.130394,-121.837585,9qc63x
"Shiloh IV",WT,38.145893,-121.851784,9qc63x
"Shiloh IV",WT,38.127193,-121.850784,9qc63x
"Shiloh IV",WT,38.148396,-121.847488,9qc63x
"Shiloh IV",WT,38.143494,-121.850487,9qc63x
"Shiloh Wind Project",WT,38.122494,-121.845085,9qc63x
"Shiloh Wind Project",WT,38.161095,-121.826584,9qc63x
"Shiloh IV",WT,38.141193,-121.865089,9qc63x
"Montezuma Winds II",WT,38.106194,-121.841888,9qc63x
"Shiloh Wind Project",WT,38.159195,-121.859589,9qc63x
"Shiloh Wind Project",WT,38.142895,-121.878586,9qc63x
"Shiloh IV",WT,38.119293,-121.83519,9qc63x
"Montezuma Winds II",WT,38.130295,-121.825287,9qc63x
"Montezuma Winds II",WT,38.117695,-121.803986,9qc63x
"Montezuma Winds II",WT,38.119797,-121.813187,9qc63x
"Shiloh Wind Project",WT,38.174694,-121.863091,9qc63x
"Shiloh Wind Project",WT,38.159195,-121.82579,9qc63x
"Shiloh Wind Project",WT,38.169796,-121.850189,9qc63x
"Shiloh Wind Project",WT,38.168739,-121.838966,9qc63x
"Shiloh Wind Project",WT,38.167194,-121.827385,9qc63x
"Shiloh Wind Project",WT,38.153194,-121.877991,9qc63x
"Shiloh Wind Project",WT,38.136696,-121.87439,9qc63x
"Shiloh Wind Project",WT,38.173294,-121.861885,9qc63x
"Shiloh Wind Project",WT,38.170395,-121.875488,9qc63x
"Shiloh Wind Project",WT,38.155396,-121.832687,9qc63x
"Shiloh IV",WT,38.114994,-121.839485,9qc63x
"Shiloh Wind Project",WT,38.108196,-121.857185,9qc63x
"Montezuma Winds II",WT,38.111397,-121.805084,9qc63x
"Montezuma Winds II",WT,38.11639,-121.817963,9qc63x
"High Winds",WT,38.139595,-121.80909,9qc63x
"High Winds",WT,38.143597,-121.803383,9qc63x
"High Winds",WT,38.133293,-121.804291,9qc63x
"High Winds",WT,38.114746,-121.782974,9qc63x
"High Winds",WT,38.137535,-121.783913,9qc63x
"High Winds",WT,38.134995,-121.80529,9qc63x
"Shiloh Wind Project",WT,38.139912,-121.837669,9qc63x
"High Winds",WT,38.102337,-121.820541,9qc63x
"High Winds",WT,38.136993,-121.789589,9qc63x
"High Winds",WT,38.14492,-121.78463,9qc63x
"High Winds",WT,38.142395,-121.812988,9qc63x
"High Winds",WT,38.103695,-121.800385,9qc63x
"Superior Farms",WT,38.420094,-121.81749,9qc63x
"Anheuser-Busch Fairfield",WT,38.232296,-122.089287,9qc63x
"High Winds",WT,38.139996,-121.7826,9qc63x
"Anheuser-Busch Fairfield",WT,38.233505,-122.092079,9qc63x
"Shiloh Wind Project",WT,38.093197,-121.847389,9qc63x
"Shiloh Wind Project",WT,38.171993,-121.859787,9qc63x
"Shiloh Wind Project",WT,38.163395,-121.873688,9qc63x
"Shiloh Wind Project",WT,38.165894,-121.817284,9qc63x
"Shiloh Wind Project",WT,38.156895,-121.857285,9qc63x
"Shiloh Wind Project",WT,38.145382,-121.840706,9qc63x
"Shiloh Wind Project",WT,38.096497,-121.848289,9qc63x
"Shiloh Wind Project",WT,38.158295,-121.868088,9qc63x
"Shiloh Wind Project",WT,38.114697,-121.852684,9qc63x
"Shiloh Wind Project",WT,38.141594,-121.877785,9qc63x
"Shiloh Wind Project",WT,38.095097,-121.84729,9qc63x
"Shiloh IV",WT,38.148697,-121.841286,9qc63x
"Shiloh Wind Project",WT,38.164295,-121.827583,9qc63x
"Shiloh Wind Project",WT,38.151196,-121.877884,9qc63x
"Shiloh Wind Project",WT,38.166996,-121.822685,9qc63x
"Shiloh Wind Project",WT,38.171295,-121.857788,9qc63x
"Shiloh Wind Project",WT,38.157494,-121.825287,9qc63x
"Montezuma Winds II",WT,38.116894,-121.801186,9qc63x
"Solano Wind Project",WT,38.107494,-121.785088,9qc63x
"Solano Wind Project",WT,38.093697,-121.754486,9qc63x
"High Winds",WT,38.109604,-121.823227,9qc63x
"High Winds",WT,38.149357,-121.784592,9qc63x
"High Winds",WT,38.104729,-121.800713,9qc63x
"High Winds",WT,38.1422,-121.80249,9qc63x
"High Winds",WT,38.148594,-121.807388,9qc63x
"High Winds",WT,38.155361,-121.815323,9qc63x
"High Winds",WT,38.151497,-121.83329,9qc63x
"Solano IV Repower",WT,38.081337,-121.828224,9qc63x
"Shiloh Wind Project",WT,38.091797,-121.838585,9qc63x
"Shiloh Wind Project",WT,38.166794,-121.849586,9qc63x
"Montezuma Winds II",WT,38.100094,-121.845688,9qc63x
"Montezuma Winds II",WT,38.106396,-121.84639,9qc63x
"Montezuma Winds II",WT,38.129093,-121.823586,9qc63x
"Montezuma Winds II",WT,38.124096,-121.822189,9qc63x
"Solano Wind Project",WT,38.097095,-121.762489,9qc63x
"Solano Wind Project",WT,38.109097,-121.784988,9qc63x
"High Winds",WT,38.147095,-121.784363,9qc63x
"High Winds",WT,38.127995,-121.782928,9qc63x
"High Winds",WT,38.15395,-121.821007,9qc63x
"High Winds",WT,38.099075,-121.802917,9qc63x
"High Winds",WT,38.100502,-121.801735,9qc63x
"High Winds",WT,38.103893,-121.791428,9qc63x
"High Winds",WT,38.116257,-121.783997,9qc63x
"High Winds",WT,38.105984,-121.800598,9qc63x
"High Winds",WT,38.113895,-121.812988,9qc63x
"High Winds",WT,38.143784,-121.785324,9qc63x
"High Winds",WT,38.128796,-121.802589,9qc63x
"High Winds",WT,38.140968,-121.783768,9qc63x
"High Winds",WT,38.144878,-121.803513,9qc63x
"High Winds",WT,38.1357,-121.789909,9qc63x
"High Winds",WT,38.134319,-121.783188,9qc63x
"High Winds",WT,38.150177,-121.819847,9qc63x
"High Winds",WT,38.100777,-121.81794,9qc63x
"Shiloh Wind Project",WT,38.147396,-121.856285,9qc63x
"High Winds",WT,38.133896,-121.790688,9qc63x
"High Winds",WT,38.103939,-121.820267,9qc63x
"Shiloh II",WT,38.173996,-121.840691,9qc63x
"Shiloh II",WT,38.188793,-121.862984,9qc63x
"Shiloh II",WT,38.136696,-121.760284,9qc63x
"Shiloh IV",WT,38.126293,-121.863686,9qc63x
"Shiloh II",WT,38.150696,-121.757584,9qc63x
"Shiloh II",WT,38.148094,-121.758591,9qc63x
"Shiloh II",WT,38.185696,-121.858086,9qc63x
"Shiloh II",WT,38.179615,-121.826385,9qc63x
"Shiloh II",WT,38.163795,-121.760284,9qc63x
"Shiloh II",WT,38.147694,-121.764587,9qc63x
"Shiloh II",WT,38.179893,-121.822388,9qc63x
"Shiloh II",WT,38.148895,-121.772285,9qc63x
"Shiloh II",WT,38.196896,-121.872086,9qc63x
"Shiloh II",WT,38.155495,-121.755791,9qc63x
"Shiloh II",WT,38.175896,-121.829887,9qc63x
"Shiloh II",WT,38.176395,-121.834686,9qc63x
"Shiloh II",WT,38.144096,-121.771286,9qc63x
"Shiloh II",WT,38.179497,-121.786789,9qc63x
"Shiloh II",WT,38.179195,-121.831688,9qc63x
"Shiloh III",WT,38.171696,-121.75489,9qc63x
"Shiloh II",WT,38.146496,-121.772484,9qc63x
"Shiloh II",WT,38.170593,-121.770485,9qc63x
"Shiloh II",WT,38.132793,-121.763985,9qc63x
"Shiloh II",WT,38.156197,-121.75959,9qc63x
"Shiloh II",WT,38.137695,-121.751587,9qc63x
"Shiloh II",WT,38.179893,-121.812584,9qc63x
"Shiloh II",WT,38.179733,-121.797691,9qc63x
"Shiloh II",WT,38.133995,-121.759888,9qc63x
"Shiloh II",WT,38.179893,-121.817787,9qc63x
"Shiloh III",WT,38.137997,-121.728683,9qc63x
"Shiloh II",WT,38.137493,-121.773689,9qc63x
"Shiloh II",WT,38.173195,-121.771088,9qc63x
"Shiloh II",WT,38.167095,-121.766289,9qc63x
"Shiloh II",WT,38.160194,-121.783287,9qc63x
"Shiloh II",WT,38.140095,-121.767487,9qc63x
"Shiloh II",WT,38.167995,-121.769989,9qc63x
"Shiloh II",WT,38.153397,-121.768089,9qc63x
"Shiloh II",WT,38.174095,-121.836388,9qc63x
"Shiloh II",WT,38.143795,-121.767288,9qc63x
"Shiloh II",WT,38.170094,-121.774689,9qc63x
"Shiloh II",WT,38.176815,-121.840057,9qc63x
"Shiloh II",WT,38.151196,-121.773285,9qc63x
"Shiloh II",WT,38.174694,-121.783089,9qc63x
"Shiloh II",WT,38.141796,-121.774284,9qc63x
"Shiloh II",WT,38.161694,-121.768288,9qc63x
"Shiloh II",WT,38.191093,-121.866684,9qc63x
"Shiloh II",WT,38.179497,-121.83979,9qc63x
"Shiloh II",WT,38.163994,-121.769989,9qc63x
"Shiloh II",WT,38.194695,-121.87159,9qc63x
"Shiloh II",WT,38.175194,-121.773483,9qc63x
"Shiloh II",WT,38.167213,-121.783363,9qc63x
"Shiloh II",WT,38.179794,-121.80249,9qc63x
"Shiloh II",WT,38.178795,-121.783485,9qc63x
"Shiloh II",WT,38.129795,-121.764984,9qc63x
"Shiloh II",WT,38.158295,-121.762787,9qc63x
"Shiloh III",WT,38.174397,-121.76339,9qc63x
"Shiloh III",WT,38.173294,-121.810783,9qc63x
"Shiloh II",WT,38.165997,-121.774086,9qc63x
"Shiloh II",WT,38.134296,-121.770386,9qc63x
"Shiloh II",WT,38.170795,-121.838188,9qc63x
"Shiloh II",WT,38.156796,-121.769791,9qc63x
"Shiloh II",WT,38.172195,-121.78289,9qc63x
"Shiloh II",WT,38.192894,-121.869484,9qc63x
"Shiloh II",WT,38.141895,-121.750786,9qc63x
"Shiloh II",WT,38.141396,-121.758385,9qc63x
"Shiloh II",WT,38.187195,-121.860588,9qc63x
"Shiloh II",WT,38.156296,-121.76619,9qc63x
"Shiloh II",WT,38.187416,-121.874413,9qc63x
"Shiloh II",WT,38.163994,-121.782684,9qc63x
"Shiloh II",WT,38.145195,-121.758286,9qc63x
"Shiloh II",WT,38.145393,-121.762085,9qc63x
"Shiloh II",WT,38.189896,-121.874985,9qc63x
"Shiloh II",WT,38.161797,-121.773689,9qc63x
"Shiloh II",WT,38.165195,-121.764389,9qc63x
"Shiloh II",WT,38.137997,-121.764191,9qc63x
"Shiloh III",WT,38.150196,-121.730988,9qc63x
"Shiloh III",WT,38.134796,-121.723686,9qc63x
"Montezuma",WT,38.172295,-121.792786,9qc63x
"Montezuma",WT,38.166294,-121.800591,9qc63x
"Shiloh III",WT,38.154297,-121.738991,9qc63x
"Shiloh III",WT,38.155296,-121.731689,9qc63x
"Shiloh III",WT,38.154797,-121.735588,9qc63x
"Shiloh III",WT,38.164993,-121.738785,9qc63x
"Shiloh II",WT,38.141296,-121.746384,9qc63x
"Shiloh II",WT,38.169727,-121.783058,9qc63x
"High Winds",WT,38.107227,-121.823776,9qc63x
"Montezuma",WT,38.165497,-121.797287,9qc63x
"Shiloh III",WT,38.175694,-121.809387,9qc63x
"Montezuma",WT,38.161896,-121.797287,9qc63x
"Montezuma",WT,38.167095,-121.792686,9qc63x
"Montezuma",WT,38.156094,-121.797287,9qc63x
"Montezuma",WT,38.157894,-121.799583,9qc63x
"Montezuma",WT,38.162697,-121.801285,9qc63x
"Montezuma",WT,38.152195,-121.792885,9qc63x
"Montezuma",WT,38.156395,-121.793083,9qc63x
"Shiloh III",WT,38.174595,-121.850487,9qc63x
"Cemex Madison",WT,38.687595,-121.935188,9qc63x
"Shiloh III",WT,38.175297,-121.756889,9qc63x
"Montezuma",WT,38.162594,-121.792786,9qc63x
"Montezuma",WT,38.172394,-121.799187,9qc63x
"Shiloh III",WT,38.167194,-121.745689,9qc63x
"Shiloh III",WT,38.178196,-121.851685,9qc63x
"Shiloh III",WT,38.170895,-121.812386,9qc63x
"Montezuma",WT,38.159595,-121.792786,9qc63x
"Shiloh III",WT,38.152794,-121.729088,9qc63x
"Shiloh III",WT,38.135696,-121.727287,9qc63x
"Shiloh III",WT,38.162895,-121.753784,9qc63x
"Shiloh III",WT,38.152195,-121.737389,9qc63x
"Shiloh III",WT,38.157295,-121.737984,9qc63x
"Shiloh III",WT,38.179295,-121.768585,9qc63x
"Shiloh III",WT,38.179394,-121.764786,9qc63x
"Shiloh III",WT,38.168095,-121.752884,9qc63x
"Shiloh III",WT,38.147694,-121.730286,9qc63x
"Shiloh II",WT,38.179695,-121.792885,9qc63x
"Montezuma",WT,38.153694,-121.801888,9qc63x
"Shiloh III",WT,38.179596,-121.750389,9qc63x
"Shiloh III",WT,38.170593,-121.751984,9qc63x
"Shiloh III",WT,38.159595,-121.739883,9qc63x
"Shiloh III",WT,38.181995,-121.856888,9qc63x
"Shiloh III",WT,38.153397,-121.725189,9qc63x
"Shiloh III",WT,38.162697,-121.725784,9qc63x
"Shiloh III",WT,38.175594,-121.751686,9qc63x
"Shiloh III",WT,38.165394,-121.735085,9qc63x
"Shiloh III",WT,38.171597,-121.761887,9qc63x
"Shiloh II",WT,38.150097,-121.76619,9qc63x
"Shiloh III",WT,38.157295,-121.741287,9qc63x
"Shiloh III",WT,38.173195,-121.815384,9qc63x
"Shiloh III",WT,38.164894,-121.744286,9qc63x
"Shiloh III",WT,38.175396,-121.81459,9qc63x
"Shiloh III",WT,38.155495,-121.727089,9qc63x
"Shiloh III",WT,38.181995,-121.860786,9qc63x
"Shiloh III",WT,38.177395,-121.76149,9qc63x
"Shiloh III",WT,38.171597,-121.758385,9qc63x
"Shiloh IV",WT,38.140995,-121.854988,9qc63x
"Shiloh IV",WT,38.175995,-121.853386,9qc63x
"Shiloh III",WT,38.179695,-121.76059,9qc63x
"Shiloh IV",WT,38.139793,-121.862785,9qc63x
"Shiloh III",WT,38.175896,-121.821785,9qc63x
"Shiloh III",WT,38.158596,-121.757988,9qc63x
"Shiloh III",WT,38.140495,-121.726784,9qc63x
"Shiloh III",WT,38.179695,-121.774284,9qc63x
"Shiloh III",WT,38.146793,-121.727386,9qc63x
"Shiloh III",WT,38.179394,-121.753586,9qc63x
"Shiloh IV",WT,38.143795,-121.86409,9qc63x
"Shiloh IV",WT,38.111794,-121.837189,9qc63x
"Shiloh III",WT,38.167496,-121.757889,9qc63x
"Shiloh IV",WT,38.156494,-121.843987,9qc63x
"Shiloh IV",WT,38.128094,-121.841583,9qc63x
"Shiloh IV",WT,38.115597,-121.832291,9qc63x
"Shiloh IV",WT,38.137394,-121.86409,9qc63x
"Shiloh IV",WT,38.126694,-121.839088,9qc63x
"High Winds",WT,38.11758,-121.783051,9qc63x
"Shiloh II",WT,38.153194,-121.757988,9qc63x
"Shiloh IV",WT,38.145294,-121.872688,9qc63x
"High Winds",WT,38.152542,-121.820702,9qc63x
"Solano Phase 3",WT,38.090897,-121.820885,9qc63x
"Solano Wind Project",WT,38.093796,-121.771889,9qc63x
"Solano Wind Project",WT,38.091896,-121.755585,9qc63x
"Solano Wind Project",WT,38.089996,-121.754189,9qc63x
"High Winds",WT,38.140095,-121.81089,9qc63x
"High Winds",WT,38.143696,-121.792587,9qc63x
"High Winds",WT,38.102596,-121.800484,9qc63x
"High Winds",WT,38.14896,-121.795319,9qc63x
"High Winds",WT,38.108696,-121.803787,9qc63x
"High Winds",WT,38.146095,-121.805489,9qc63x
"High Winds",WT,38.157494,-121.81839,9qc63x
"High Winds",WT,38.138096,-121.80529,9qc63x
"High Winds",WT,38.146294,-121.83149,9qc63x
"High Winds",WT,38.100338,-121.792946,9qc63x
"High Winds",WT,38.098576,-121.784279,9qc63x
"Solano Phase 3",WT,38.096893,-121.744987,9qc63x
"High Winds",WT,38.116596,-121.793884,9qc63x
"Solano Phase 3",WT,38.082996,-121.789787,9qc63x
"Solano Phase 3",WT,38.084293,-121.816383,9qc63x
"Solano Phase 3",WT,38.087196,-121.785789,9qc63x
"Solano Phase 3",WT,38.086094,-121.766685,9qc63x
"Solano Phase 3",WT,38.082195,-121.814888,9qc63x
"Solano Phase 3",WT,38.080196,-121.777489,9qc63x
"Solano Phase 3",WT,38.101696,-121.749084,9qc63x
"Solano Phase 3",WT,38.081894,-121.777084,9qc63x
"Solano Phase 3",WT,38.078495,-121.796486,9qc63x
"Solano Phase 3",WT,38.085396,-121.777184,9qc63x
"Solano Phase 3",WT,38.093895,-121.742989,9qc63x
"Solano Phase 3",WT,38.105495,-121.747787,9qc63x
"Solano Phase 3",WT,38.078896,-121.786484,9qc63x
"Solano Phase 3",WT,38.092495,-121.821091,9qc63x
"Solano Phase 3",WT,38.092194,-121.790688,9qc63x
"Solano Phase 3",WT,38.081696,-121.768387,9qc63x
"Solano Phase 3",WT,38.099396,-121.738686,9qc63x
"Solano Phase 3",WT,38.074696,-121.784187,9qc63x
"High Winds",WT,38.100395,-121.786285,9qc63x
"High Winds",WT,38.143894,-121.830589,9qc63x
"High Winds",WT,38.142494,-121.792587,9qc63x
"High Winds",WT,38.146057,-121.792809,9qc63x
"High Winds",WT,38.105862,-121.823029,9qc63x
"High Winds",WT,38.107594,-121.810783,9qc63x
"High Winds",WT,38.136696,-121.804985,9qc63x
"High Winds",WT,38.147495,-121.832291,9qc63x
"High Winds",WT,38.142296,-121.784126,9qc63x
"High Winds",WT,38.112495,-121.791786,9qc63x
"High Winds",WT,38.138893,-121.78949,9qc63x
"High Winds",WT,38.131195,-121.783295,9qc63x
"High Winds",WT,38.138596,-121.807587,9qc63x
"High Winds",WT,38.131096,-121.79039,9qc63x
"Solano Wind Project",WT,38.100895,-121.761986,9qc63x
"High Winds",WT,38.118793,-121.793785,9qc63x
"Shiloh IV",WT,38.134796,-121.841789,9qc63x
"High Winds",WT,38.142094,-121.789688,9qc63x
"High Winds",WT,38.148994,-121.832687,9qc63x
"High Winds",WT,38.131794,-121.803688,9qc63x
"High Winds",WT,38.145294,-121.83139,9qc63x
"High Winds",WT,38.156094,-121.818291,9qc63x
"High Winds",WT,38.148281,-121.783783,9qc63x
"High Winds",WT,38.140675,-121.789398,9qc63x
"High Winds",WT,38.143494,-121.815384,9qc63x
"High Winds",WT,38.132595,-121.790787,9qc63x
"High Winds",WT,38.145977,-121.785164,9qc63x
"High Winds",WT,38.150295,-121.832985,9qc63x
"High Winds",WT,38.151394,-121.820488,9qc63x
"Solano Phase 3",WT,38.093197,-121.80909,9qc63x
"High Winds",WT,38.130394,-121.803688,9qc63x
"High Winds",WT,38.147507,-121.794418,9qc63x
"High Winds",WT,38.153801,-121.814392,9qc63x
"High Winds",WT,38.107079,-121.803261,9qc63x
"High Winds",WT,38.141094,-121.81179,9qc63x
"High Winds",WT,38.147598,-121.806381,9qc63x
"High Winds",WT,38.101433,-121.819588,9qc63x
"High Winds",WT,38.110355,-121.802994,9qc63x
"High Winds",WT,38.112095,-121.812584,9qc63x
"Solano Phase 3",WT,38.099693,-121.75399,9qc63x
"High Winds",WT,38.101658,-121.793419,9qc63x
"Solano Phase 3",WT,38.091797,-121.806984,9qc63x
"Solano Phase 3",WT,38.083393,-121.76609,9qc63x
"Solano Phase 3",WT,38.081493,-121.788986,9qc63x
"Solano Phase 3",WT,38.086594,-121.793983,9qc63x
"Solano Phase 3",WT,38.089695,-121.790688,9qc63x
"Solano Phase 3",WT,38.084496,-121.800888,9qc63x
"Shiloh Wind Project",WT,38.148193,-121.86039,9qc63x
"Solano Phase IIA",WT,38.098896,-121.774887,9qc63x
"Shiloh IV",WT,38.150993,-121.848885,9qc63x
"Solano Wind Project",WT,38.095295,-121.755188,9qc63x
"Solano Wind Project",WT,38.105896,-121.784889,9qc63x
"Solano Wind Project",WT,38.106594,-121.760689,9qc63x
"Solano Wind Project",WT,38.110294,-121.760788,9qc63x
"Solano Wind Project",WT,38.095295,-121.763588,9qc63x
"Solano Wind Project",WT,38.108395,-121.76049,9qc63x
"Solano Wind Project",WT,38.103596,-121.762085,9qc63x
"Solano Phase 3",WT,38.095394,-121.743988,9qc63x
"Solano Phase 3",WT,38.105095,-121.755386,9qc63x
"Solano Phase 3",WT,38.087597,-121.820084,9qc63x
"Solano Phase 3",WT,38.086594,-121.803986,9qc63x
"Shiloh IV",WT,38.152096,-121.842384,9qc63x
"Solano Phase 3",WT,38.109196,-121.754784,9qc63x
"Solano Phase 3",WT,38.074696,-121.797287,9qc63x
"Solano Phase 3",WT,38.076096,-121.788383,9qc63x
"Solano Phase 3",WT,38.091293,-121.797188,9qc63x
"Solano Phase 3",WT,38.078594,-121.777786,9qc63x
"Solano Phase 3",WT,38.073395,-121.794685,9qc63x
"Solano Wind Project",WT,38.090694,-121.77079,9qc63x
"Solano Phase 3",WT,38.084595,-121.789986,9qc63x
"Solano Phase 3",WT,38.083496,-121.777184,9qc63x
"Solano Phase 3",WT,38.107494,-121.754486,9qc63x
"Solano Phase 3",WT,38.089195,-121.820389,9qc63x
"Solano Phase 3",WT,38.088097,-121.797089,9qc63x
"Solano Phase 3",WT,38.087093,-121.776985,9qc63x
"Solano Phase 3",WT,38.102997,-121.752785,9qc63x
"Solano Phase 3",WT,38.081196,-121.801491,9qc63x
"Solano Phase 3",WT,38.093594,-121.79599,9qc63x
"Solano Wind Project",WT,38.112095,-121.771988,9qc63x
"Solano Phase 3",WT,38.076897,-121.795387,9qc63x
"Solano Wind Project",WT,38.098896,-121.761688,9qc63x
"Solano IV Repower",WT,38.090183,-121.82901,9qc63x
"Solano IV Repower",WT,38.078789,-121.828819,9qc63x
"Solano IV Repower",WT,38.121799,-121.762894,9qc63x
"Solano IV Repower",WT,38.12936,-121.772751,9qc63x
"Solano IV Repower",WT,38.085648,-121.834305,9qc63x
"Solano IV Repower",WT,38.120838,-121.774521,9qc63x
"Solano IV Repower",WT,38.084045,-121.8256,9qc63x
"Solano IV Repower",WT,38.112141,-121.751251,9qc63x
"Solano IV Repower",WT,38.114773,-121.753899,9qc63x
"Solano IV Repower",WT,38.119026,-121.762054,9qc63x
"Solano IV Repower",WT,38.074799,-121.817726,9qc63x
"Solano IV Repower",WT,38.126522,-121.774513,9qc63x
"Solano Wind Project",WT,38.110195,-121.771988,9qc63x
"Solano IV Repower",WT,38.080029,-121.814209,9qc63x
"Solano IV Repower",WT,38.077274,-121.812828,9qc63x
"Solano IV Repower",WT,38.072895,-121.808594,9qc63x
"Solano IV Repower",WT,38.12384,-121.775505,9qc63x
"Solano IV Repower",WT,38.131641,-121.775146,9qc63x
"Solano IV Repower",WT,38.092644,-121.831253,9qc63x
"Solano Phase 3",WT,38.080093,-121.787888,9qc63x
"Solano Phase IIA",WT,38.103893,-121.774284,9qc63x
"Solano Phase 3",WT,38.082794,-121.800987,9qc63x
"Solano Wind Project",WT,38.092396,-121.770988,9qc63x
"Solano Wind Project",WT,38.114197,-121.772987,9qc63x
"Solano Phase IIA",WT,38.102196,-121.774788,9qc63x
"Solano Phase IIA",WT,38.097294,-121.775085,9qc63x
"Solano Phase IIA",WT,38.095695,-121.775284,9qc63x
"Solano Phase IIA",WT,38.100594,-121.775085,9qc63x
"Solano Phase IIA",WT,38.107197,-121.774284,9qc63x
"Solano Phase IIA",WT,38.105595,-121.774284,9qc63x
"Solano Phase 3",WT,38.089695,-121.796989,9qc63x
"Solano Phase 3",WT,38.088493,-121.753288,9qc63x
"Solano Phase 3",WT,38.071693,-121.791985,9qc63x
"Solano Phase 3",WT,38.089195,-121.78389,9qc63x
"Solano Phase 3",WT,38.085896,-121.816284,9qc63x
"Mountain View Power Partners Repower",WT,33.913837,-116.617104,9qj152
"Mountain View Power Partners Repower",WT,33.907681,-116.617027,9qj152
"Mountain View Power Partners Repower",WT,33.908997,-116.62748,9qj152
"Mountain View Power Partners Repower",WT,33.916359,-116.628448,9qj152
"Mountain View Power Partners Repower",WT,33.902576,-116.6045,9qj152
"Mountain View Power Partners Repower",WT,33.90453,-116.603806,9qj152
"Mountain View Power Partners Repower",WT,33.90662,-116.603798,9qj152
"Mountain View Power Partners Repower",WT,33.91518,-116.623497,9qj152
"Mountain View Power Partners Repower",WT,33.909027,-116.621796,9qj152
"Mountain View IV",WT,33.884396,-116.556091,9qj152
"Mountain View Power Partners III",WT,33.921295,-116.591591,9qj152
"Mountain View IV",WT,33.885395,-116.555885,9qj152
"Mountain View Power Partners III",WT,33.916996,-116.58709,9qj152
"Mountain View IV",WT,33.887493,-116.555687,9qj152
"Mountain View IV",WT,33.882195,-116.550087,9qj152
"Mountain View IV",WT,33.887695,-116.573685,9qj152
"Mountain View IV",WT,33.882397,-116.562592,9qj152
"Mountain View IV",WT,33.877895,-116.550087,9qj152
"Mountain View Power Partners Repower",WT,33.91058,-116.623558,9qj152
"Mountain View IV",WT,33.886597,-116.574188,9qj152
"Mountain View IV",WT,33.887394,-116.550087,9qj152
"Mountain View Power Partners III",WT,33.913795,-116.58709,9qj152
"Mountain View Power Partners Repower",WT,33.9109,-116.603806,9qj152
"Mountain View Power Partners Repower",WT,33.914097,-116.628189,9qj152
"Mountain View Power Partners Repower",WT,33.911537,-116.61702,9qj152
"Mountain View Power Partners III",WT,33.917896,-116.591591,9qj152
"Mountain View Power Partners III",WT,33.919193,-116.591591,9qj152
"Mountain View IV",WT,33.884396,-116.575188,9qj152
"Mountain View Power Partners III",WT,33.908546,-116.595818,9qj152
"Mountain View Power Partners III",WT,33.920795,-116.58709,9qj152
"Mountain View Power Partners III",WT,33.916393,-116.58709,9qj152
"Mountain View Power Partners III",WT,33.909195,-116.595787,9qj152
"Mountain View Power Partners III",WT,33.916042,-116.591568,9qj152
"Mountain View Power Partners III",WT,33.914097,-116.591591,9qj152
"Mountain View Power Partners III",WT,33.916664,-116.591591,9qj152
"Mountain View Power Partners Repower",WT,33.90876,-116.603775,9qj152
"Mountain View Power Partners Repower",WT,33.913021,-116.622803,9qj152
"Mountain View Power Partners Repower",WT,33.911476,-116.628777,9qj152
"Mountain View IV",WT,33.883095,-116.550087,9qj152
"Mountain View IV",WT,33.884495,-116.561989,9qj152
"Mountain View IV",WT,33.879295,-116.56369,9qj152
"Mountain View IV",WT,33.886494,-116.555786,9qj152
"Mountain View IV",WT,33.885696,-116.550087,9qj152
"Mountain View IV",WT,33.878796,-116.550087,9qj152
"Mountain View IV",WT,33.884796,-116.550087,9qj152
"Mountain View IV",WT,33.880394,-116.563286,9qj152
"Mountain View IV",WT,33.885593,-116.567589,9qj152
"Nestle Waters II",WT,33.911694,-116.753098,9qj152
"Nestle Waters",WT,33.916393,-116.748489,9qj152
"Nestle Waters",WT,33.917595,-116.751289,9qj152
"Mountain View IV",WT,33.880596,-116.569885,9qj152
"Mountain View Power Partners I & II",WT,33.906647,-116.60894,9qj152
"Mountain View IV",WT,33.877296,-116.564491,9qj152
"Mountain View Power Partners I & II",WT,33.902328,-116.600571,9qj152
"Mountain View Power Partners I & II",WT,33.889397,-116.58139,9qj152
"Mountain View Power Partners I & II",WT,33.903614,-116.608932,9qj152
"Mountain View Power Partners I & II",WT,33.905437,-116.608917,9qj152
"Mountain View Power Partners I & II",WT,33.904831,-116.608932,9qj152
"Mountain View Power Partners I & II",WT,33.890095,-116.581184,9qj152
"Mountain View Power Partners I & II",WT,33.891994,-116.585289,9qj152
"Mountain View Power Partners I & II",WT,33.890797,-116.580986,9qj152
"Mountain View Power Partners I & II",WT,33.913517,-116.628914,9qj152
"Mountain View Power Partners I & II",WT,33.901691,-116.600571,9qj152
"Mountain View Power Partners I & II",WT,33.892536,-116.585075,9qj152
"Mountain View Power Partners I & II",WT,33.906044,-116.608925,9qj152
"Mountain View Power Partners I & II",WT,33.892208,-116.580643,9qj152
"Mountain View IV",WT,33.883995,-116.550087,9qj152
"Mountain View IV",WT,33.879639,-116.550102,9qj152
"Garnet Wind Project",WT,33.904694,-116.582489,9qj152
"Whitewater Hill",WT,33.923721,-116.630768,9qj152
"Palm Springs (repower)",WT,33.923496,-116.575989,9qj152
"Palm Springs (repower)",WT,33.923496,-116.568291,9qj152
"Palm Springs (repower)",WT,33.911995,-116.56929,9qj152
"Palm Springs (repower)",WT,33.927048,-116.573135,9qj152
"Mountain View Power Partners III",WT,33.904495,-116.595787,9qj152
"Palm Springs (repower)",WT,33.915558,-116.636139,9qj152
"Mountain View Power Partners I & II",WT,33.891487,-116.580833,9qj152
"Mountain View IV",WT,33.882595,-116.568985,9qj152
"Mountain View Power Partners I & II",WT,33.893116,-116.584938,9qj152
"Mountain View Power Partners I & II",WT,33.902992,-116.608932,9qj152
"Mountain View IV",WT,33.883595,-116.568489,9qj152
"Mountain View IV",WT,33.875294,-116.565285,9qj152
"Mountain View IV",WT,33.884594,-116.568085,9qj152
"Mountain View IV",WT,33.879093,-116.556786,9qj152
"Mountain View IV",WT,33.887596,-116.566689,9qj152
"Mountain View IV",WT,33.881195,-116.556488,9qj152
"Mountain View IV",WT,33.878296,-116.564087,9qj152
"Mountain View IV",WT,33.881393,-116.562988,9qj152
"Mountain View IV",WT,33.885494,-116.56179,9qj152
"Mountain View IV",WT,33.879597,-116.570389,9qj152
"Mountain View IV",WT,33.876293,-116.564888,9qj152
"Mountain View IV",WT,33.880096,-116.556686,9qj152
"Mountain View IV",WT,33.885494,-116.574692,9qj152
"Mountain View IV",WT,33.887596,-116.561188,9qj152
"Mountain View IV",WT,33.883396,-116.562286,9qj152
"Mountain View IV",WT,33.886597,-116.550087,9qj152
"Mountain View Power Partners I & II",WT,33.891396,-116.585388,9qj152
"Mountain View Power Partners III",WT,33.919594,-116.58709,9qj152
"Mountain View Power Partners III",WT,33.918594,-116.591591,9qj152
"Mountain View Power Partners III",WT,33.907696,-116.595787,9qj152
"Mountain View Power Partners III",WT,33.914696,-116.591591,9qj152
"Mountain View Power Partners III",WT,33.906456,-116.595802,9qj152
"Mountain View Power Partners III",WT,33.920395,-116.591591,9qj152
"Mountain View Power Partners I & II",WT,33.904209,-116.608932,9qj152
"Mountain View Power Partners III",WT,33.915394,-116.591591,9qj152
"Dillon",WT,33.944695,-116.559387,9qj152
"Dillon",WT,33.943283,-116.590996,9qj152
"Dillon",WT,33.945183,-116.578194,9qj152
"Dillon",WT,33.943893,-116.548386,9qj152
"Dillon",WT,33.94455,-116.584908,9qj152
"Dillon",WT,33.934994,-116.547089,9qj152
"Dillon",WT,33.914894,-116.567787,9qj152
"Dillon",WT,33.941795,-116.548088,9qj152
"Dillon",WT,33.942795,-116.554192,9qj152
"Dillon",WT,33.942795,-116.548386,9qj152
"Dillon",WT,33.935295,-116.556587,9qj152
"Dillon",WT,33.917397,-116.569191,9qj152
"Dillon",WT,33.936195,-116.556389,9qj152
"Dillon",WT,33.936893,-116.547089,9qj152
"Dillon",WT,33.944351,-116.590729,9qj152
"Dillon",WT,33.938694,-116.559891,9qj152
"Dillon",WT,33.945595,-116.559288,9qj152
"Dillon",WT,33.938278,-116.592194,9qj152
"Dillon",WT,33.940407,-116.583252,9qj152
"Dillon",WT,33.940895,-116.554192,9qj152
"Dillon",WT,33.943981,-116.578384,9qj152
"Wintec Palm",WT,33.913197,-116.559288,9qj152
"Enron Earth Smart/Green Power",WT,33.915295,-116.595985,9qj152
"Enron Earth Smart/Green Power",WT,33.912697,-116.550789,9qj152
"Enron Earth Smart/Green Power",WT,33.919994,-116.595985,9qj152
"Dillon",WT,33.939545,-116.583504,9qj152
"Enron Earth Smart/Green Power",WT,33.917995,-116.595985,9qj152
"Dillon",WT,33.914017,-116.567314,9qj152
"Dillon",WT,33.916595,-116.568687,9qj152
"Palm Springs (repower)",WT,33.912296,-116.574387,9qj152
"Mountain View IV",WT,33.883293,-116.55619,9qj152
"Garnet Wind Project",WT,33.906593,-116.582489,9qj152
"unknown Riverside County",WT,33.890198,-116.552597,9qj152
"Dillon",WT,33.915695,-116.568291,9qj152
"Dillon",WT,33.937897,-116.547089,9qj152
"Dillon",WT,33.939285,-116.591888,9qj152
"Dillon",WT,33.937794,-116.558586,9qj152
"Dillon",WT,33.942307,-116.591209,9qj152
"Dillon",WT,33.941795,-116.554192,9qj152
"Dillon",WT,33.936138,-116.583427,9qj152
"Dillon",WT,33.940258,-116.591698,9qj152
"Dillon",WT,33.944794,-116.548386,9qj152
"Dillon",WT,33.936958,-116.583641,9qj152
"Dillon",WT,33.940895,-116.547386,9qj152
"Dillon",WT,33.937847,-116.583672,9qj152
"Dillon",WT,33.945278,-116.590492,9qj152
"Dillon",WT,33.939995,-116.547188,9qj152
"Dillon",WT,33.940296,-116.561287,9qj152
"Dillon",WT,33.938641,-116.583435,9qj152
"Dillon",WT,33.935993,-116.547089,9qj152
"Dillon",WT,33.941319,-116.591454,9qj152
"Dillon",WT,33.938896,-116.547089,9qj152
"Dillon",WT,33.937283,-116.592384,9qj152
"Mountain View Power Partners III",WT,33.913212,-116.587044,9qj152
"Enron Earth Smart/Green Power",WT,33.915295,-116.550789,9qj152
"Enron Earth Smart/Green Power",WT,33.915997,-116.559486,9qj152
"Edom Hills (repower)",WT,33.886295,-116.467987,9qj152
"Edom Hills (repower)",WT,33.878494,-116.461586,9qj152
"Edom Hills (repower)",WT,33.882694,-116.471085,9qj152
"Edom Hills (repower)",WT,33.880096,-116.461189,9qj152
"Edom Hills (repower)",WT,33.884495,-116.46769,9qj152
"Edom Hills (repower)",WT,33.881794,-116.460991,9qj152
"Edom Hills (repower)",WT,33.883293,-116.459686,9qj152
"Garnet Wind Project",WT,33.903194,-116.582489,9qj152
"Whitewater Hill",WT,33.927437,-116.620255,9qj152
"Garnet Wind Project",WT,33.907097,-116.582489,9qj152
"Mountain View Power Partners III",WT,33.905193,-116.595787,9qj152
"Mountain View Power Partners III",WT,33.909794,-116.595787,9qj152
"Mountain View Power Partners III",WT,33.905796,-116.595787,9qj152
"Mountain View Power Partners III",WT,33.9198,-116.591583,9qj152
"Mountain View Power Partners III",WT,33.920197,-116.58709,9qj152
"Mountain View Power Partners III",WT,33.918297,-116.58709,9qj152
"Mountain View Power Partners III",WT,33.903896,-116.595787,9qj152
"Mountain View Power Partners III",WT,33.915722,-116.587029,9qj152
"Mountain View Power Partners III",WT,33.907097,-116.595787,9qj152
"Mountain View Power Partners III",WT,33.915096,-116.58709,9qj152
"Mountain View Power Partners III",WT,33.917294,-116.591591,9qj152
"Mountain View Power Partners III",WT,33.9189,-116.587059,9qj152
"Mountain View Power Partners III",WT,33.914494,-116.58709,9qj152
"East Winds",WT,33.889194,-116.54789,9qj152
"Enron Earth Smart/Green Power",WT,33.915997,-116.550789,9qj152
"Edom Hills (repower)",WT,33.885094,-116.459885,9qj152
"East Winds",WT,33.891666,-116.547897,9qj152
"Enron Earth Smart/Green Power",WT,33.914394,-116.559486,9qj152
"Enron Earth Smart/Green Power",WT,33.915195,-116.559486,9qj152
"Enron Earth Smart/Green Power",WT,33.919395,-116.595985,9qj152
"Robertsons Ready Mix",WT,33.914597,-116.811386,9qj152
"Enron Earth Smart/Green Power",WT,33.914696,-116.595985,9qj152
"Enron Earth Smart/Green Power",WT,33.911961,-116.550827,9qj152
"Enron Earth Smart/Green Power",WT,33.917294,-116.595985,9qj152
"Enron Earth Smart/Green Power",WT,33.915997,-116.595985,9qj152
"Enron Earth Smart/Green Power",WT,33.916695,-116.595985,9qj152
"Enron Earth Smart/Green Power",WT,33.918694,-116.595985,9qj152
"Enron Earth Smart/Green Power",WT,33.916695,-116.550789,9qj152
"Enron Earth Smart/Green Power",WT,33.913994,-116.550789,9qj152
"Enron Earth Smart/Green Power",WT,33.916695,-116.559486,9qj152
"Robertsons Ready Mix",WT,33.917194,-116.815086,9qj152
"Wintec Palm",WT,33.910995,-116.56189,9qj152
"East Winds",WT,33.890427,-116.547913,9qj152
"Wintec Palm",WT,33.912373,-116.559273,9qj152
"Wintec Palm",WT,33.913322,-116.560585,9qj152
"Wintec Palm",WT,33.913742,-116.559265,9qj152
"Wintec Palm",WT,33.912647,-116.559311,9qj152
"East Winds",WT,33.892895,-116.54789,9qj152
"East Winds",WT,33.889793,-116.54789,9qj152
"East Winds",WT,33.892311,-116.547943,9qj152
"East Winds",WT,33.891033,-116.547943,9qj152
"Palm Springs (repower)",WT,33.927395,-116.577492,9qj152
"San Gorgonio Westwinds II LLC",WT,33.895794,-116.588791,9qj152
"Palm Springs (repower)",WT,33.922157,-116.582344,9qj152
"San Gorgonio Farms Wind Farm",WT,33.919842,-116.622345,9qj152
"San Gorgonio Farms Wind Farm",WT,33.929096,-116.624985,9qj152
"San Gorgonio Farms Wind Farm",WT,33.928661,-116.611732,9qj152
"San Gorgonio Farms Wind Farm",WT,33.924095,-116.630287,9qj152
"Wintec Palm",WT,33.911232,-116.56192,9qj152
"Wintec Palm",WT,33.911896,-116.560585,9qj152
"Wintec Palm",WT,33.913494,-116.559288,9qj152
"Wintec Palm",WT,33.913609,-116.560585,9qj152
"San Gorgonio Westwinds II LLC",WT,33.904797,-116.565392,9qj152
"San Gorgonio Westwinds II LLC",WT,33.900993,-116.560089,9qj152
"San Gorgonio Westwinds II LLC",WT,33.895596,-116.55619,9qj152
"San Gorgonio Farms Wind Farm",WT,33.927227,-116.630363,9qj152
"San Gorgonio Westwinds II LLC",WT,33.896095,-116.584091,9qj152
"San Gorgonio Westwinds II LLC",WT,33.903809,-116.573433,9qj152
"San Gorgonio Westwinds II LLC",WT,33.899933,-116.560081,9qj152
"San Gorgonio Westwinds II LLC",WT,33.903694,-116.569389,9qj152
"San Gorgonio Westwinds II LLC",WT,33.893044,-116.589516,9qj152
"San Gorgonio Westwinds II LLC",WT,33.896694,-116.583984,9qj152
"San Gorgonio Westwinds II LLC",WT,33.898796,-116.55619,9qj152
"San Gorgonio Westwinds II LLC",WT,33.897095,-116.579285,9qj152
"San Gorgonio Westwinds II LLC",WT,33.896194,-116.575188,9qj152
"San Gorgonio Farms Wind Farm",WT,33.931149,-116.613251,9qj152
"San Gorgonio Westwinds II LLC",WT,33.895237,-116.579826,9qj152
"San Gorgonio Farms Wind Farm",WT,33.923393,-116.615685,9qj152
"San Gorgonio Farms Wind Farm",WT,33.924042,-116.626022,9qj152
"San Gorgonio Farms Wind Farm",WT,33.919746,-116.620247,9qj152
"San Gorgonio Farms Wind Farm",WT,33.928497,-116.630341,9qj152
"San Gorgonio Farms Wind Farm",WT,33.919994,-116.616585,9qj152
"San Gorgonio Westwinds II LLC",WT,33.894894,-116.584488,9qj152
"San Gorgonio Westwinds II LLC",WT,33.892494,-116.589691,9qj152
"San Gorgonio Westwinds II LLC",WT,33.895683,-116.57534,9qj152
"San Gorgonio Westwinds II LLC",WT,33.893635,-116.575897,9qj152
"San Gorgonio Westwinds II LLC",WT,33.897297,-116.583786,9qj152
"San Gorgonio Westwinds II LLC",WT,33.903095,-116.569389,9qj152
"San Gorgonio Westwinds II LLC",WT,33.904495,-116.573486,9qj152
"San Gorgonio Westwinds II LLC",WT,33.904095,-116.565392,9qj152
"Palm Springs (repower)",WT,33.929794,-116.57309,9qj152
"Wintec Palm",WT,33.910736,-116.55928,9qj152
"Wintec Palm",WT,33.910725,-116.56189,9qj152
"San Gorgonio Farms Wind Farm",WT,33.927994,-116.624985,9qj152
"San Gorgonio Farms Wind Farm",WT,33.926296,-116.615891,9qj152
"San Gorgonio Farms Wind Farm",WT,33.927895,-116.611786,9qj152
"San Gorgonio Farms Wind Farm",WT,33.919994,-116.619286,9qj152
"San Gorgonio Farms Wind Farm",WT,33.926697,-116.61319,9qj152
"San Gorgonio Farms Wind Farm",WT,33.928032,-116.613182,9qj152
"San Gorgonio Farms Wind Farm",WT,33.92334,-116.630142,9qj152
"San Gorgonio Farms Wind Farm",WT,33.924194,-116.61969,9qj152
"San Gorgonio Farms Wind Farm",WT,33.931309,-116.613243,9qj152
"San Gorgonio Farms Wind Farm",WT,33.923676,-116.616081,9qj152
"San Gorgonio Farms Wind Farm",WT,33.920486,-116.620285,9qj152
"San Gorgonio Farms Wind Farm",WT,33.921196,-116.620285,9qj152
"San Gorgonio Farms Wind Farm",WT,33.927509,-116.611748,9qj152
"San Gorgonio Farms Wind Farm",WT,33.925694,-116.61319,9qj152
"San Gorgonio Westwinds II LLC",WT,33.894157,-116.575752,9qj152
"San Gorgonio Farms Wind Farm",WT,33.93129,-116.614746,9qj152
"Cabazon",WT,33.915058,-116.732681,9qj152
"Cabazon",WT,33.910099,-116.736061,9qj152
"Wagner",WT,33.907295,-116.555588,9qj152
"Wagner",WT,33.908894,-116.555588,9qj152
"Cabazon",WT,33.91489,-116.72583,9qj152
"Cabazon",WT,33.917095,-116.725891,9qj152
"Cabazon",WT,33.911694,-116.736092,9qj152
"Cabazon",WT,33.91275,-116.73613,9qj152
"Cabazon",WT,33.914394,-116.710388,9qj152
"Cabazon",WT,33.912216,-116.736122,9qj152
"Cabazon",WT,33.905323,-116.735954,9qj152
"Cabazon",WT,33.916538,-116.725891,9qj152
"Cabazon",WT,33.910995,-116.702385,9qj152
"Cabazon",WT,33.912121,-116.702415,9qj152
"Cabazon",WT,33.916172,-116.710396,9qj152
"Cabazon",WT,33.915558,-116.714401,9qj152
"Mesa Wind Repowering",WT,33.959003,-116.659119,9qj152
"Mesa Wind Repowering",WT,33.957169,-116.656639,9qj152
"San Gorgonio Westwinds II LLC",WT,33.893993,-116.55619,9qj152
"Mesa Wind Repowering",WT,33.94482,-116.674782,9qj152
"Mesa Wind Repowering",WT,33.952183,-116.654839,9qj152
"Cabazon-Shell",WT,33.908009,-116.735985,9qj152
"Cabazon-Shell",WT,33.907528,-116.732529,9qj152
"Cabazon-Shell",WT,33.905884,-116.735916,9qj152
"Cabazon",WT,33.911583,-116.702446,9qj152
"Cabazon",WT,33.917397,-116.702385,9qj152
"Cabazon",WT,33.917397,-116.70639,9qj152
"Coachella Hills",WT,33.89325,-116.569221,9qj152
"Coachella Hills",WT,33.892403,-116.563667,9qj152
"Cabazon",WT,33.910629,-116.736069,9qj152
"Cabazon",WT,33.912594,-116.714386,9qj152
"Cabazon",WT,33.913696,-116.718391,9qj152
"Cabazon",WT,33.908508,-116.736023,9qj152
"Cabazon",WT,33.904316,-116.732475,9qj152
"Cabazon",WT,33.915031,-116.729286,9qj152
"Cabazon",WT,33.916134,-116.714371,9qj152
"Cabazon",WT,33.904797,-116.732491,9qj152
"Cabazon",WT,33.913795,-116.710388,9qj152
"Cabazon",WT,33.912636,-116.710381,9qj152
"Cabazon",WT,33.915058,-116.706383,9qj152
"Coachella Hills",WT,33.895363,-116.563179,9qj152
"Cabazon",WT,33.91325,-116.710396,9qj152
"Cabazon",WT,33.912895,-116.732689,9qj152
"Cabazon",WT,33.911995,-116.718391,9qj152
"Cabazon",WT,33.91621,-116.702385,9qj152
"Cabazon",WT,33.916195,-116.70639,9qj152
"Cabazon",WT,33.906448,-116.732513,9qj152
"Cabazon",WT,33.908596,-116.73259,9qj152
"Cabazon",WT,33.915596,-116.70639,9qj152
"Cabazon",WT,33.916103,-116.732735,9qj152
"Cabazon",WT,33.912674,-116.706398,9qj152
"Coachella Hills",WT,33.893173,-116.576729,9qj152
"Coachella Hills",WT,33.891804,-116.577049,9qj152
"Cabazon",WT,33.916695,-116.714386,9qj152
"San Gorgonio Westwinds II LLC",WT,33.895695,-116.579689,9qj152
"San Gorgonio Westwinds II LLC",WT,33.895496,-116.58429,9qj152
"San Gorgonio Westwinds II LLC",WT,33.904995,-116.569489,9qj152
"San Gorgonio Farms Wind Farm",WT,33.927094,-116.61319,9qj152
"San Gorgonio Farms Wind Farm",WT,33.928452,-116.611725,9qj152
"San Gorgonio Farms Wind Farm",WT,33.927296,-116.61319,9qj152
"San Gorgonio Farms Wind Farm",WT,33.927673,-116.613342,9qj152
"San Gorgonio Farms Wind Farm",WT,33.931324,-116.611763,9qj152
"San Gorgonio Farms Wind Farm",WT,33.928288,-116.611732,9qj152
"San Gorgonio Farms Wind Farm",WT,33.926277,-116.613205,9qj152
"San Gorgonio Farms Wind Farm",WT,33.922253,-116.616508,9qj152
"San Gorgonio Farms Wind Farm",WT,33.928932,-116.630341,9qj152
"San Gorgonio Farms Wind Farm",WT,33.920238,-116.622108,9qj152
"San Gorgonio Farms Wind Farm",WT,33.920639,-116.620277,9qj152
"San Gorgonio Farms Wind Farm",WT,33.931252,-116.621803,9qj152
"San Gorgonio Farms Wind Farm",WT,33.921001,-116.62027,9qj152
"San Gorgonio Farms Wind Farm",WT,33.928696,-116.624985,9qj152
"San Gorgonio Farms Wind Farm",WT,33.922096,-116.61599,9qj152
"San Gorgonio Farms Wind Farm",WT,33.930534,-116.613243,9qj152
"San Gorgonio Farms Wind Farm",WT,33.927303,-116.611748,9qj152
"San Gorgonio Farms Wind Farm",WT,33.930027,-116.624931,9qj152
"San Gorgonio Farms Wind Farm",WT,33.931599,-116.621849,9qj152
"San Gorgonio Farms Wind Farm",WT,33.924843,-116.630547,9qj152
"San Gorgonio Farms Wind Farm",WT,33.926529,-116.611717,9qj152
"San Gorgonio Farms Wind Farm",WT,33.924896,-116.617691,9qj152
"San Gorgonio Farms Wind Farm",WT,33.927593,-116.624985,9qj152
"San Gorgonio Farms Wind Farm",WT,33.931492,-116.614746,9qj152
"San Gorgonio Farms Wind Farm",WT,33.926357,-116.611725,9qj152
"San Gorgonio Farms Wind Farm",WT,33.927212,-116.614723,9qj152
"San Gorgonio Farms Wind Farm",WT,33.920296,-116.620285,9qj152
"San Gorgonio Farms Wind Farm",WT,33.925396,-116.610489,9qj152
"San Gorgonio Farms Wind Farm",WT,33.926895,-116.611687,9qj152
"San Gorgonio Farms Wind Farm",WT,33.926476,-116.613205,9qj152
"San Gorgonio Farms Wind Farm",WT,33.928257,-116.613197,9qj152
"San Gorgonio Farms Wind Farm",WT,33.920795,-116.619186,9qj152
"San Gorgonio Farms Wind Farm",WT,33.922337,-116.629616,9qj152
"San Gorgonio Farms Wind Farm",WT,33.926094,-116.61319,9qj152
"San Gorgonio Farms Wind Farm",WT,33.926823,-116.614731,9qj152
"San Gorgonio Farms Wind Farm",WT,33.922626,-116.630524,9qj152
"San Gorgonio Farms Wind Farm",WT,33.931522,-116.611763,9qj152
"San Gorgonio Farms Wind Farm",WT,33.926147,-116.611732,9qj152
"San Gorgonio Farms Wind Farm",WT,33.92701,-116.614723,9qj152
"San Gorgonio Farms Wind Farm",WT,33.927872,-116.613281,9qj152
"San Gorgonio Farms Wind Farm",WT,33.930397,-116.624939,9qj152
"San Gorgonio Farms Wind Farm",WT,33.925053,-116.617676,9qj152
"San Gorgonio Farms Wind Farm",WT,33.921181,-116.616493,9qj152
"San Gorgonio Farms Wind Farm",WT,33.929443,-116.625008,9qj152
"San Gorgonio Farms Wind Farm",WT,33.925228,-116.617683,9qj152
"Mesa Wind Repowering",WT,33.961292,-116.66069,9qj152
"San Gorgonio Farms Wind Farm",WT,33.922543,-116.629608,9qj152
"San Gorgonio Farms Wind Farm",WT,33.927116,-116.611732,9qj152
"San Gorgonio Farms Wind Farm",WT,33.930901,-116.613228,9qj152
"San Gorgonio Farms Wind Farm",WT,33.920994,-116.616486,9qj152
"San Gorgonio Farms Wind Farm",WT,33.919598,-116.61924,9qj152
"San Gorgonio Farms Wind Farm",WT,33.930721,-116.613243,9qj152
"San Gorgonio Farms Wind Farm",WT,33.920414,-116.619209,9qj152
"San Gorgonio Farms Wind Farm",WT,33.925835,-116.617645,9qj152
"San Gorgonio Farms Wind Farm",WT,33.925781,-116.611725,9qj152
"San Gorgonio Farms Wind Farm",WT,33.930717,-116.614731,9qj152
"San Gorgonio Westwinds II LLC",WT,33.903095,-116.573486,9qj152
"San Gorgonio Westwinds II LLC",WT,33.903294,-116.565285,9qj152
"San Gorgonio Westwinds II LLC",WT,33.896626,-116.556206,9qj152
"San Gorgonio Westwinds II LLC",WT,33.896305,-116.588638,9qj152
"San Gorgonio Westwinds II LLC",WT,33.897156,-116.556175,9qj152
"Wintec Palm",WT,33.912193,-116.560585,9qj152
"Wintec Palm",WT,33.912121,-116.559288,9qj152
"Wintec Palm",WT,33.912796,-116.560585,9qj152
"Wintec Palm",WT,33.912495,-116.560585,9qj152
"Wintec Palm",WT,33.911526,-116.559273,9qj152
"Wintec Palm",WT,33.911808,-116.55928,9qj152
"San Gorgonio Westwinds II LLC",WT,33.896194,-116.57959,9qj152
"Wintec Palm",WT,33.913021,-116.560577,9qj152
"Wintec Palm",WT,33.910995,-116.559288,9qj152
"San Gorgonio Westwinds II LLC",WT,33.90646,-116.573486,9qj152
"San Gorgonio Westwinds II LLC",WT,33.893597,-116.589386,9qj152
"San Gorgonio Westwinds II LLC",WT,33.895096,-116.55619,9qj152
"San Gorgonio Westwinds II LLC",WT,33.894707,-116.579948,9qj152
"unknown Riverside County",WT,33.891678,-116.552635,9qj152
"unknown Riverside County",WT,33.891106,-116.557755,9qj152
"San Gorgonio Westwinds II LLC",WT,33.896896,-116.588486,9qj152
"San Gorgonio Westwinds II LLC",WT,33.89661,-116.579407,9qj152
"San Gorgonio Westwinds II LLC",WT,33.894695,-116.575584,9qj152
"San Gorgonio Westwinds II LLC",WT,33.897694,-116.55619,9qj152
"Wintec Palm",WT,33.912903,-116.559258,9qj152
"San Gorgonio Westwinds II LLC",WT,33.895195,-116.58889,9qj152
"San Gorgonio Westwinds II LLC",WT,33.905632,-116.569496,9qj152
"San Gorgonio Farms Wind Farm",WT,33.923435,-116.626038,9qj152
"San Gorgonio Farms Wind Farm",WT,33.919926,-116.620247,9qj152
"San Gorgonio Farms Wind Farm",WT,33.930504,-116.614738,9qj152
"San Gorgonio Farms Wind Farm",WT,33.924221,-116.617699,9qj152
"San Gorgonio Farms Wind Farm",WT,33.931675,-116.614754,9qj152
"San Gorgonio Farms Wind Farm",WT,33.929733,-116.614716,9qj152
"San Gorgonio Farms Wind Farm",WT,33.926895,-116.61319,9qj152
"San Gorgonio Farms Wind Farm",WT,33.923843,-116.615646,9qj152
"San Gorgonio Farms Wind Farm",WT,33.930874,-116.614738,9qj152
"San Gorgonio Farms Wind Farm",WT,33.928837,-116.611748,9qj152
"San Gorgonio Farms Wind Farm",WT,33.930759,-116.624947,9qj152
"San Gorgonio Farms Wind Farm",WT,33.930325,-116.614761,9qj152
"San Gorgonio Farms Wind Farm",WT,33.928085,-116.611717,9qj152
"San Gorgonio Farms Wind Farm",WT,33.92083,-116.62027,9qj152
"San Gorgonio Farms Wind Farm",WT,33.929047,-116.611748,9qj152
"San Gorgonio Farms Wind Farm",WT,33.925411,-116.617668,9qj152
"San Gorgonio Farms Wind Farm",WT,33.928349,-116.625015,9qj152
"San Gorgonio Farms Wind Farm",WT,33.928074,-116.630341,9qj152
"San Gorgonio Farms Wind Farm",WT,33.931488,-116.613243,9qj152
"San Gorgonio Farms Wind Farm",WT,33.931122,-116.624931,9qj152
"San Gorgonio Farms Wind Farm",WT,33.930126,-116.614738,9qj152
"San Gorgonio Farms Wind Farm",WT,33.92012,-116.620255,9qj152
"San Gorgonio Farms Wind Farm",WT,33.926743,-116.611725,9qj152
"San Gorgonio Farms Wind Farm",WT,33.925968,-116.611725,9qj152
"San Gorgonio Farms Wind Farm",WT,33.929913,-116.614731,9qj152
"Cabazon",WT,33.917351,-116.710335,9qj152
"Cabazon",WT,33.915562,-116.732719,9qj152
"Cabazon",WT,33.906399,-116.735992,9qj152
"Wintec Palm",WT,33.911274,-116.559311,9qj152
"Painted Hills Repower",WT,33.938297,-116.630524,9qj152
"San Gorgonio Westwinds II LLC",WT,33.900394,-116.55619,9qj152
"San Gorgonio Westwinds II LLC",WT,33.899418,-116.560081,9qj152
"San Gorgonio Westwinds II LLC",WT,33.894695,-116.589088,9qj152
"San Gorgonio Westwinds II LLC",WT,33.899895,-116.55629,9qj152
"San Gorgonio Westwinds II LLC",WT,33.894295,-116.584587,9qj152
"Cabazon",WT,33.910194,-116.73259,9qj152
"Cabazon",WT,33.913403,-116.732658,9qj152
"Cabazon",WT,33.917213,-116.73275,9qj152
"Cabazon",WT,33.913261,-116.706413,9qj152
"Coachella Hills",WT,33.898407,-116.569199,9qj152
"Coachella Hills",WT,33.894695,-116.569016,9qj152
"Coachella Hills",WT,33.896309,-116.569084,9qj152
"Coachella Hills",WT,33.898544,-116.563042,9qj152
"Coachella Hills",WT,33.89389,-116.563377,9qj152
"Coachella Hills",WT,33.890987,-116.564034,9qj152
"Coachella Hills",WT,33.8988,-116.574745,9qj152
"Cabazon",WT,33.916096,-116.729286,9qj152
"Cabazon",WT,33.909649,-116.732605,9qj152
"Cabazon",WT,33.916641,-116.732735,9qj152
"San Gorgonio Westwinds II LLC",WT,33.904209,-116.569427,9qj152
"Cabazon",WT,33.913994,-116.732689,9qj152
"San Gorgonio Westwinds II LLC",WT,33.905857,-116.573502,9qj152
"San Gorgonio Westwinds II LLC",WT,33.894096,-116.589203,9qj152
"Whitewater Hill",WT,33.9244,-116.615631,9qj152
"Whitewater Hill",WT,33.927608,-116.607468,9qj152
"Whitewater Hill",WT,33.928158,-116.62027,9qj152
"Whitewater Hill",WT,33.926064,-116.607498,9qj152
"Whitewater Hill",WT,33.923134,-116.61837,9qj152
"Whitewater Hill",WT,33.920677,-116.616539,9qj152
"Whitewater Hill",WT,33.929913,-116.621864,9qj152
"Dillon",WT,33.935284,-116.583298,9qj152
"San Gorgonio Westwinds II LLC",WT,33.896713,-116.57505,9qj152
"San Gorgonio Westwinds II LLC",WT,33.898193,-116.55619,9qj152
"Cabazon",WT,33.915585,-116.71035,9qj152
"Cabazon",WT,33.914494,-116.729286,9qj152
"Cabazon",WT,33.913853,-116.706383,9qj152
"Cabazon",WT,33.907455,-116.736,9qj152
"Cabazon",WT,33.913296,-116.702385,9qj152
"Cabazon",WT,33.917294,-116.718285,9qj152
"Cabazon",WT,33.915695,-116.717186,9qj152
"San Gorgonio Wind Associates 7",WT,33.922096,-116.58709,9qj152
"San Gorgonio Wind Associates 7",WT,33.921494,-116.58709,9qj152
"San Gorgonio Westwinds II LLC",WT,33.905193,-116.573486,9qj152
"Cabazon",WT,33.915005,-116.710365,9qj152
"Cabazon",WT,33.9118,-116.732643,9qj152
"Cabazon",WT,33.913147,-116.718369,9qj152
"Cabazon",WT,33.914894,-116.736191,9qj152
"Cabazon",WT,33.910366,-116.702431,9qj152
"Cabazon",WT,33.905334,-116.732513,9qj152
"Cabazon",WT,33.914494,-116.7024,9qj152
"Cabazon",WT,33.916851,-116.70237,9qj152
"Cabazon",WT,33.917141,-116.72934,9qj152
"Cabazon",WT,33.913807,-116.73616,9qj152
"Cabazon",WT,33.916595,-116.729286,9qj152
"Cabazon",WT,33.909111,-116.73259,9qj152
"Cabazon",WT,33.914494,-116.70639,9qj152
"San Gorgonio Westwinds II LLC",WT,33.894596,-116.55619,9qj152
"San Gorgonio Westwinds II LLC",WT,33.900394,-116.560089,9qj152
"San Gorgonio Westwinds II LLC",WT,33.895195,-116.575485,9qj152
"San Gorgonio Westwinds II LLC",WT,33.899395,-116.55629,9qj152
"San Gorgonio Westwinds II LLC",WT,33.893494,-116.55619,9qj152
"San Gorgonio Westwinds II LLC",WT,33.891918,-116.589813,9qj152
"San Gorgonio Westwinds II LLC",WT,33.896114,-116.556221,9qj152
"San Gorgonio Westwinds II LLC",WT,33.897209,-116.574913,9qj152
"Cabazon",WT,33.913269,-116.736145,9qj152
"Mesa Wind Repowering",WT,33.948864,-116.659065,9qj152
"San Gorgonio Farms Wind Farm",WT,33.925896,-116.61319,9qj152
"San Gorgonio Farms Wind Farm",WT,33.924397,-116.610489,9qj152
"San Gorgonio Farms Wind Farm",WT,33.92767,-116.630318,9qj152
"Cabazon",WT,33.912327,-116.732651,9qj152
"Cabazon",WT,33.916775,-116.710335,9qj152
"Cabazon",WT,33.910721,-116.73262,9qj152
"Cabazon",WT,33.915916,-116.736191,9qj152
"Cabazon",WT,33.915695,-116.702385,9qj152
"San Gorgonio Farms Wind Farm",WT,33.927494,-116.61319,9qj152
"Cabazon",WT,33.916794,-116.70639,9qj152
"Cabazon",WT,33.906998,-116.732529,9qj152
"Cabazon",WT,33.908039,-116.732567,9qj152
"Whitewater Hill",WT,33.922226,-116.61837,9qj152
"Cabazon",WT,33.909058,-116.736015,9qj152
"Cabazon",WT,33.912071,-116.706398,9qj152
"Cabazon",WT,33.91547,-116.725815,9qj152
"Cabazon",WT,33.911457,-116.714401,9qj152
"Cabazon",WT,33.9048,-116.735947,9qj152
"Cabazon",WT,33.912697,-116.702385,9qj152
"San Gorgonio Farms Wind Farm",WT,33.927399,-116.614731,9qj152
"San Gorgonio Farms Wind Farm",WT,33.931084,-116.614738,9qj152
"San Gorgonio Farms Wind Farm",WT,33.927242,-116.625,9qj152
"San Gorgonio Farms Wind Farm",WT,33.923859,-116.616081,9qj152
"Cabazon",WT,33.914967,-116.714371,9qj152
"Coachella Hills",WT,33.896824,-116.563034,9qj152
"Whitewater Hill",WT,33.928097,-116.62748,9qj152
"Whitewater Hill",WT,33.925354,-116.625999,9qj152
"Garnet Wind Project",WT,33.907494,-116.582489,9qj152
"Garnet Wind Project",WT,33.902695,-116.582489,9qj152
"Garnet Wind Project",WT,33.904194,-116.582489,9qj152
"Garnet Wind Project",WT,33.903694,-116.582489,9qj152
"Garnet Wind Project",WT,33.906094,-116.582489,9qj152
"Palm Springs (repower)",WT,33.923496,-116.582291,9qj152
"Palm Springs (repower)",WT,33.909794,-116.564888,9qj152
"Palm Springs (repower)",WT,33.928394,-116.57309,9qj152
"Palm Springs (repower)",WT,33.915794,-116.574287,9qj152
"Palm Springs (repower)",WT,33.922096,-116.57769,9qj152
"Palm Springs (repower)",WT,33.912758,-116.636238,9qj152
"Palm Springs (repower)",WT,33.922096,-116.568291,9qj152
"Palm Springs (repower)",WT,33.914158,-116.636139,9qj152
"Palm Springs (repower)",WT,33.910595,-116.56929,9qj152
"Palm Springs (repower)",WT,33.909096,-116.56929,9qj152
"Palm Springs (repower)",WT,33.919495,-116.573288,9qj152
"Palm Springs (repower)",WT,33.908394,-116.564888,9qj152
"Palm Springs (repower)",WT,33.926094,-116.576691,9qj152
"Palm Springs (repower)",WT,33.913795,-116.574287,9qj152
"Garnet Wind Project",WT,33.907993,-116.582489,9qj152
"Palm Springs (repower)",WT,33.913055,-116.64164,9qj152
"Garnet Wind Project",WT,33.902294,-116.582489,9qj152
"Garnet Wind Project",WT,33.905094,-116.582489,9qj152
"Palm Springs (repower)",WT,33.917294,-116.574287,9qj152
"Palm Springs (repower)",WT,33.922295,-116.573288,9qj152
"Palm Springs (repower)",WT,33.910896,-116.574387,9qj152
"Palm Springs (repower)",WT,33.920895,-116.573288,9qj152
"Palm Springs (repower)",WT,33.916958,-116.636139,9qj152
"Painted Hills Repower",WT,33.941528,-116.630516,9qj152
"Painted Hills Repower",WT,33.936314,-116.62278,9qj152
"Painted Hills Repower",WT,33.934879,-116.622704,9qj152
"Painted Hills Repower",WT,33.942074,-116.623459,9qj152
"Painted Hills Repower",WT,33.939869,-116.630493,9qj152
"Painted Hills Repower",WT,33.937717,-116.621834,9qj152
"Painted Hills Repower",WT,33.940548,-116.623299,9qj152
"Painted Hills Repower",WT,33.935062,-116.630524,9qj152
"Whitewater Hill",WT,33.927021,-116.612648,9qj152
"Whitewater Hill",WT,33.92625,-116.626938,9qj152
"Palm Springs (repower)",WT,33.915756,-116.641243,9qj152
"Palm Springs (repower)",WT,33.914455,-116.64164,9qj152
"Palm Springs (repower)",WT,33.919193,-116.578087,9qj152
"Palm Springs (repower)",WT,33.920696,-116.578087,9qj152
"Garnet Wind Project",WT,33.905594,-116.582489,9qj152
"Whitewater Hill",WT,33.925159,-116.615639,9qj152
"Whitewater Hill",WT,33.928745,-116.627945,9qj152
"Mountain View IV",WT,33.883293,-116.575691,9qj152
"Mountain View IV",WT,33.881393,-116.550087,9qj152
"Mountain View IV",WT,33.881596,-116.569489,9qj152
"Whitewater Hill",WT,33.921482,-116.623085,9qj152
"Whitewater Hill",WT,33.929398,-116.628418,9qj152
"Whitewater Hill",WT,33.92522,-116.63121,9qj152
"Whitewater Hill",WT,33.931347,-116.61615,9qj152
"Whitewater Hill",WT,33.928879,-116.62027,9qj152
"Whitewater Hill",WT,33.929153,-116.60743,9qj152
"Whitewater Hill",WT,33.927792,-116.612648,9qj152
"Whitewater Hill",WT,33.922203,-116.62307,9qj152
"Whitewater Hill",WT,33.919518,-116.616608,9qj152
"Whitewater Hill",WT,33.930683,-116.62188,9qj152
"Whitewater Hill",WT,33.921539,-116.616249,9qj152
"Whitewater Hill",WT,33.924496,-116.630989,9qj152
"Whitewater Hill",WT,33.928013,-116.632195,9qj152
"Whitewater Hill",WT,33.926567,-116.63179,9qj152
"Whitewater Hill",WT,33.925846,-116.631592,9qj152
"Whitewater Hill",WT,33.920803,-116.623299,9qj152
"Whitewater Hill",WT,33.927326,-116.62748,9qj152
"Mountain View IV",WT,33.880493,-116.550087,9qj152
"Mountain View IV",WT,33.878021,-116.556931,9qj152
"Mountain View IV",WT,33.886494,-116.561485,9qj152
"Mountain View IV",WT,33.886597,-116.567184,9qj152
"Whitewater Hill",WT,33.926834,-116.607475,9qj152
"Whitewater Hill",WT,33.930622,-116.616135,9qj152
"Whitewater Hill",WT,33.928379,-116.607445,9qj152
"Mountain View IV",WT,33.882195,-116.556389,9qj152
"Whitewater Hill",WT,33.924667,-116.625999,9qj152
"Whitewater Hill",WT,33.929989,-116.616135,9qj152
"Whitewater Hill",WT,33.927292,-116.632149,9qj152
"Whitewater Hill",WT,33.923,-116.630661,9qj152
"Karen Avenue Windfarm",WT,33.919376,-116.560616,9qj152
"Whitewater Hill",WT,33.925858,-116.615761,9qj152
"Karen Avenue Windfarm",WT,33.920147,-116.560616,9qj152
"Karen Avenue Windfarm",WT,33.918602,-116.560593,9qj152
"Karen Avenue Windfarm",WT,33.922295,-116.557785,9qj152
"Karen Avenue Windfarm",WT,33.920433,-116.555275,9qj152
"Karen Avenue Windfarm",WT,33.921921,-116.560638,9qj152
"Karen Avenue Windfarm",WT,33.921207,-116.555237,9qj152
"Karen Avenue Windfarm",WT,33.921135,-116.560623,9qj152
"Karen Avenue Windfarm",WT,33.922314,-116.560661,9qj152
"Karen Avenue Windfarm",WT,33.92152,-116.560623,9qj152
"Karen Avenue Windfarm",WT,33.920742,-116.560616,9qj152
"Karen Avenue Windfarm",WT,33.921993,-116.55529,9qj152
"Coachella Hills",WT,33.890396,-116.577431,9qj152
"Cabazon",WT,33.915554,-116.729286,9qj152
"Cabazon",WT,33.914394,-116.714386,9qj152
"Coachella Hills",WT,33.899841,-116.568672,9qj152
"Cabazon",WT,33.914337,-116.736168,9qj152
"Mesa Wind Repowering",WT,33.951321,-116.659981,9qj152
"Coachella Hills",WT,33.891884,-116.569565,9qj152
"Cabazon",WT,33.913795,-116.714386,9qj152
"Cabazon",WT,33.905903,-116.732521,9qj152
"Cabazon",WT,33.916458,-116.736206,9qj152
"Cabazon",WT,33.913994,-116.729591,9qj152
"Cabazon",WT,33.911156,-116.736076,9qj152
"Cabazon",WT,33.91127,-116.73262,9qj152
"Cabazon",WT,33.914333,-116.725815,9qj152
"Cabazon",WT,33.912094,-116.710388,9qj152
"Cabazon",WT,33.912094,-116.714386,9qj152
"Cabazon",WT,33.906914,-116.735992,9qj152
"Cabazon",WT,33.913895,-116.702385,9qj152
"Cabazon",WT,33.914494,-116.732689,9qj152
"Cabazon",WT,33.909576,-116.736046,9qj152
"Cabazon",WT,33.915096,-116.702385,9qj152
"Cabazon",WT,33.915989,-116.725861,9qj152
"Cabazon",WT,33.914894,-116.718391,9qj152
"Cabazon",WT,33.917294,-116.714386,9qj152
"Cabazon",WT,33.915394,-116.736191,9qj152
"Cabazon",WT,33.913197,-116.714386,9qj152
"Cabazon",WT,33.904274,-116.735924,9qj152
"White Hills",WT,35.766785,-114.429146,9qndpr
"White Hills",WT,35.766853,-114.464882,9qndpr
"White Hills",WT,35.766819,-114.410904,9qndpr
"White Hills",WT,35.777081,-114.439934,9qndpr
"White Hills",WT,35.812016,-114.428459,9qndpr
"White Hills",WT,35.837051,-114.463264,9qndpr
"White Hills",WT,35.808689,-114.469368,9qndpr
"White Hills",WT,35.766693,-114.424759,9qndpr
"White Hills",WT,35.831768,-114.380135,9qndpr
"White Hills",WT,35.83382,-114.449486,9qndpr
"White Hills",WT,35.839905,-114.472992,9qndpr
"White Hills",WT,35.845043,-114.444679,9qndpr
"White Hills",WT,35.831085,-114.384811,9qndpr
"White Hills",WT,35.827808,-114.425934,9qndpr
"White Hills",WT,35.814945,-114.436668,9qndpr
"White Hills",WT,35.832115,-114.374779,9qndpr
"White Hills",WT,35.846863,-114.453629,9qndpr
"White Hills",WT,35.777195,-114.435463,9qndpr
"White Hills",WT,35.842743,-114.385635,9qndpr
"White Hills",WT,35.842152,-114.380165,9qndpr
"White Hills",WT,35.857426,-114.39315,9qndpr
"White Hills",WT,35.83353,-114.403419,9qndpr
"White Hills",WT,35.800495,-114.440773,9qndpr
"White Hills",WT,35.863655,-114.359032,9qndpr
"White Hills",WT,35.856998,-114.346054,9qndpr
"White Hills",WT,35.89172,-114.381989,9qndpr
"White Hills",WT,35.830872,-114.43515,9qndpr
"White Hills",WT,35.766659,-114.460464,9qndpr
"White Hills",WT,35.883434,-114.35997,9qndpr
"White Hills",WT,35.823872,-114.411789,9qndpr
"White Hills",WT,35.823174,-114.464836,9qndpr
"White Hills",WT,35.818398,-114.450089,9qndpr
"White Hills",WT,35.895393,-114.401581,9qndpr
"White Hills",WT,35.883373,-114.36908,9qndpr
"White Hills",WT,35.778053,-114.404152,9qndpr
"White Hills",WT,35.867744,-114.373001,9qndpr
"White Hills",WT,35.83503,-114.454208,9qndpr
"White Hills",WT,35.839638,-114.430145,9qndpr
"White Hills",WT,35.844574,-114.389763,9qndpr
"White Hills",WT,35.821663,-114.460648,9qndpr
"White Hills",WT,35.777302,-114.452271,9qndpr
"White Hills",WT,35.856796,-114.388123,9qndpr
"White Hills",WT,35.853184,-114.377922,9qndpr
"White Hills",WT,35.838299,-114.367332,9qndpr
"White Hills",WT,35.845615,-114.448914,9qndpr
"White Hills",WT,35.766811,-114.451454,9qndpr
"White Hills",WT,35.766701,-114.433632,9qndpr
"White Hills",WT,35.8946,-114.392975,9qndpr
"White Hills",WT,35.86792,-114.379158,9qndpr
"White Hills",WT,35.829746,-114.430588,9qndpr
"White Hills",WT,35.866287,-114.367577,9qndpr
"White Hills",WT,35.88271,-114.364296,9qndpr
"White Hills",WT,35.777393,-114.456657,9qndpr
"White Hills",WT,35.809837,-114.419807,9qndpr
"White Hills",WT,35.841629,-114.476875,9qndpr
"White Hills",WT,35.77766,-114.425987,9qndpr
"White Hills",WT,35.810562,-114.479126,9qndpr
"White Hills",WT,35.76709,-114.420288,9qndpr
"White Hills",WT,35.817486,-114.445831,9qndpr
"White Hills",WT,35.860363,-114.355591,9qndpr
"White Hills",WT,35.777576,-114.42115,9qndpr
"White Hills",WT,35.778046,-114.408981,9qndpr
"White Hills",WT,35.859867,-114.396828,9qndpr
"White Hills",WT,35.790833,-114.456284,9qndpr
"White Hills",WT,35.842812,-114.481987,9qndpr
"White Hills",WT,35.827374,-114.479599,9qndpr
"White Hills",WT,35.844624,-114.44017,9qndpr
"White Hills",WT,35.816063,-114.441391,9qndpr
"White Hills",WT,35.792713,-114.464981,9qndpr
"White Hills",WT,35.843792,-114.435852,9qndpr
"White Hills",WT,35.822224,-114.402779,9qndpr
"White Hills",WT,35.825432,-114.416313,9qndpr
"White Hills",WT,35.834415,-114.408012,9qndpr
"White Hills",WT,35.825798,-114.475548,9qndpr
"White Hills",WT,35.838375,-114.467361,9qndpr
"White Hills",WT,35.828182,-114.483803,9qndpr
"White Hills",WT,35.802044,-114.445358,9qndpr
"White Hills",WT,35.766731,-114.438095,9qndpr
"White Hills",WT,35.804115,-114.454437,9qndpr
"White Hills",WT,35.836384,-114.458488,9qndpr
"White Hills",WT,35.820587,-114.39798,9qndpr
"White Hills",WT,35.863579,-114.400688,9qndpr
"White Hills",WT,35.83519,-114.41259,9qndpr
"White Hills",WT,35.809738,-114.474075,9qndpr
"White Hills",WT,35.835506,-114.363403,9qndpr
"White Hills",WT,35.777706,-114.464912,9qndpr
"White Hills",WT,35.826618,-114.421196,9qndpr
"White Hills",WT,35.837185,-114.425026,9qndpr
"White Hills",WT,35.832165,-114.441002,9qndpr
"White Hills",WT,35.766693,-114.44252,9qndpr
"White Hills",WT,35.895077,-114.397408,9qndpr
"White Hills",WT,35.887737,-114.377159,9qndpr
"White Hills",WT,35.841335,-114.375786,9qndpr
"White Hills",WT,35.766716,-114.447029,9qndpr
"White Hills",WT,35.766808,-114.415497,9qndpr
"White Hills",WT,35.832455,-114.445412,9qndpr
"White Hills",WT,35.811638,-114.48484,9qndpr
"White Hills",WT,35.802948,-114.449936,9qndpr
"White Hills",WT,35.823906,-114.469528,9qndpr
"White Hills",WT,35.836815,-114.420151,9qndpr
"White Hills",WT,35.865566,-114.363358,9qndpr
"White Hills",WT,35.822529,-114.407242,9qndpr
"White Hills",WT,35.766708,-114.456001,9qndpr
"White Hills",WT,35.777122,-114.448181,9qndpr
"White Hills",WT,35.777592,-114.430443,9qndpr
"White Hills",WT,35.870327,-114.38549,9qndpr
"White Hills",WT,35.819439,-114.393036,9qndpr
"White Hills",WT,35.810932,-114.424103,9qndpr
"White Hills",WT,35.817799,-114.38678,9qndpr
"White Hills",WT,35.778034,-114.413322,9qndpr
"White Hills",WT,35.767029,-114.406036,9qndpr
"White Hills",WT,35.807358,-114.464714,9qndpr
"White Hills",WT,35.806412,-114.460495,9qndpr
"White Hills",WT,35.884628,-114.373451,9qndpr
"White Hills",WT,35.791721,-114.460678,9qndpr
"White Hills",WT,35.85371,-114.372696,9qndpr
"White Hills",WT,35.845963,-114.393959,9qndpr
"White Hills",WT,35.83102,-114.389099,9qndpr
"White Hills",WT,35.893501,-114.388718,9qndpr
"Kingman",WT,35.146496,-114.069389,9qndpr
"Kingman",WT,35.146095,-114.06749,9qndpr
"White Hills",WT,35.885265,-114.354141,9qndpr
"Kingman",WT,35.147797,-114.071091,9qndpr
"Kingman",WT,35.143597,-114.064888,9qndpr
"White Hills",WT,35.85873,-114.350601,9qndpr
"White Hills",WT,35.839272,-114.371666,9qndpr
"White Hills",WT,35.84808,-114.458748,9qndpr
"White Hills",WT,35.777699,-114.46077,9qndpr
"White Hills",WT,35.812992,-114.432747,9qndpr
"Kingman",WT,35.144695,-114.06649,9qndpr
"White Hills",WT,35.777119,-114.444099,9qndpr
"Hatchett Ridge",WT,40.878197,-121.778183,9r1jcf
"Hatchett Ridge",WT,40.874096,-121.768089,9r1jcf
"Hatchett Ridge",WT,40.884296,-121.785789,9r1jcf
"Hatchett Ridge",WT,40.912697,-121.823586,9r1jcf
"Hatchett Ridge",WT,40.864296,-121.754585,9r1jcf
"Hatchett Ridge",WT,40.873394,-121.765388,9r1jcf
"Hatchett Ridge",WT,40.905296,-121.833687,9r1jcf
"Hatchett Ridge",WT,40.899994,-121.803284,9r1jcf
"Walmart Red Bluff",WT,40.111195,-122.193886,9r1jcf
"Hatchett Ridge",WT,40.900097,-121.821388,9r1jcf
"Hatchett Ridge",WT,40.909496,-121.816589,9r1jcf
"Hatchett Ridge",WT,40.882896,-121.783783,9r1jcf
"Hatchett Ridge",WT,40.888195,-121.79229,9r1jcf
"Hatchett Ridge",WT,40.875496,-121.774086,9r1jcf
"Hatchett Ridge",WT,40.898697,-121.801186,9r1jcf
"Hatchett Ridge",WT,40.872696,-121.762787,9r1jcf
"Hatchett Ridge",WT,40.860794,-121.751686,9r1jcf
"Hatchett Ridge",WT,40.891895,-121.794884,9r1jcf
"Hatchett Ridge",WT,40.906696,-121.809685,9r1jcf
"Hatchett Ridge",WT,40.881294,-121.781883,9r1jcf
"Hatchett Ridge",WT,40.908596,-121.810989,9r1jcf
"Hatchett Ridge",WT,40.885696,-121.787888,9r1jcf
"Hatchett Ridge",WT,40.862495,-121.753189,9r1jcf
"Hatchett Ridge",WT,40.905396,-121.838882,9r1jcf
"Hatchett Ridge",WT,40.910793,-121.821983,9r1jcf
"Hatchett Ridge",WT,40.879894,-121.779884,9r1jcf
"Hatchett Ridge",WT,40.903095,-121.806984,9r1jcf
"Hatchett Ridge",WT,40.905094,-121.807983,9r1jcf
"Hatchett Ridge",WT,40.909996,-121.819183,9r1jcf
"Hatchett Ridge",WT,40.902294,-121.826187,9r1jcf
"Hatchett Ridge",WT,40.886795,-121.790184,9r1jcf
"Hatchett Ridge",WT,40.895294,-121.79789,9r1jcf
"Hatchett Ridge",WT,40.871094,-121.760986,9r1jcf
"Hatchett Ridge",WT,40.893394,-121.796783,9r1jcf
"Hatchett Ridge",WT,40.897095,-121.799187,9r1jcf
"Hatchett Ridge",WT,40.876396,-121.776588,9r1jcf
"Hatchett Ridge",WT,40.908997,-121.813789,9r1jcf
"Hatchett Ridge",WT,40.901096,-121.823685,9r1jcf
"Hatchett Ridge",WT,40.867695,-121.757988,9r1jcf
"Hatchett Ridge",WT,40.914696,-121.824585,9r1jcf
"Hatchett Ridge",WT,40.904396,-121.826584,9r1jcf
"Hatchett Ridge",WT,40.889896,-121.793884,9r1jcf
"Hatchett Ridge",WT,40.869595,-121.759087,9r1jcf
"Hatchett Ridge",WT,40.901596,-121.804985,9r1jcf
"Hatchett Ridge",WT,40.865993,-121.756287,9r1jcf
"Doerfler Farms",WT,44.867569,-122.80687,9rb6wg
"Benson Creek",WT,44.416237,-117.273834,9rg8bx
"Durbin Creek",WT,44.352703,-117.320282,9rg8bx
"Prospector",WT,44.419304,-117.252716,9rg8bx
"Benson Creek",WT,44.423641,-117.279434,9rg8bx
"Benson Creek",WT,44.424286,-117.276726,9rg8bx
"Benson Creek",WT,44.413574,-117.264336,9rg8bx
"Durbin Creek",WT,44.353138,-117.317482,9rg8bx
"Durbin Creek",WT,44.353836,-117.314774,9rg8bx
"Willow Spring",WT,44.381596,-117.274872,9rg8bx
"Elkhorn Valley (La Grande)",WT,45.049294,-117.818985,9rg8bx
"Benson Creek",WT,44.414421,-117.276199,9rg8bx
"Elkhorn Valley (La Grande)",WT,45.114094,-117.815788,9rg8bx
"Elkhorn Valley (La Grande)",WT,45.045296,-117.827583,9rg8bx
"Elkhorn Valley (La Grande)",WT,45.089695,-117.829887,9rg8bx
"Elkhorn Valley (La Grande)",WT,45.117992,-117.800385,9rg8bx
"Elkhorn Valley (La Grande)",WT,45.054195,-117.809685,9rg8bx
"Elkhorn Valley (La Grande)",WT,45.054195,-117.812286,9rg8bx
"Lime Wind",WT,44.397373,-117.272232,9rg8bx
"Elkhorn Valley (La Grande)",WT,45.052795,-117.783783,9rg8bx
"Elkhorn Valley (La Grande)",WT,45.050495,-117.804588,9rg8bx
"Elkhorn Valley (La Grande)",WT,45.102695,-117.798889,9rg8bx
"Elkhorn Valley (La Grande)",WT,45.101994,-117.802689,9rg8bx
"Elkhorn Valley (La Grande)",WT,45.103596,-117.797287,9rg8bx
"Elkhorn Valley (La Grande)",WT,45.050896,-117.815788,9rg8bx
"Elkhorn Valley (La Grande)",WT,45.117092,-117.792885,9rg8bx
"Elkhorn Valley (La Grande)",WT,45.111694,-117.820488,9rg8bx
"Jett Creek",WT,44.425358,-117.274284,9rg8bx
"Willow Spring",WT,44.38171,-117.267517,9rg8bx
"Prospector",WT,44.414986,-117.262291,9rg8bx
"Elkhorn Valley (La Grande)",WT,45.112194,-117.818687,9rg8bx
"Elkhorn Valley (La Grande)",WT,45.101994,-117.785789,9rg8bx
"Elkhorn Valley (La Grande)",WT,45.090096,-117.827888,9rg8bx
"Elkhorn Valley (La Grande)",WT,45.049496,-117.808289,9rg8bx
"Elkhorn Valley (La Grande)",WT,45.101494,-117.789688,9rg8bx
"Elkhorn Valley (La Grande)",WT,45.101795,-117.787788,9rg8bx
"Willow Spring",WT,44.380787,-117.277245,9rg8bx
"Willow Spring",WT,44.381859,-117.272476,9rg8bx
"Jett Creek",WT,44.425102,-117.268356,9rg8bx
"Lime Wind",WT,44.398544,-117.270699,9rg8bx
"Jett Creek",WT,44.425854,-117.271515,9rg8bx
"Jett Creek",WT,44.426102,-117.262253,9rg8bx
"Jett Creek",WT,44.425354,-117.264969,9rg8bx
"Prospector",WT,44.416992,-117.25737,9rg8bx
"Prospector",WT,44.415142,-117.259293,9rg8bx
"Elkhorn Valley (La Grande)",WT,45.102394,-117.800789,9rg8bx
"Elkhorn Valley (La Grande)",WT,45.050095,-117.817383,9rg8bx
"Elkhorn Valley (La Grande)",WT,45.051693,-117.787384,9rg8bx
"Elkhorn Valley (La Grande)",WT,45.092094,-117.822487,9rg8bx
"Elkhorn Valley (La Grande)",WT,45.051193,-117.791283,9rg8bx
"Elkhorn Valley (La Grande)",WT,45.047295,-117.822388,9rg8bx
"Elkhorn Valley (La Grande)",WT,45.051693,-117.800888,9rg8bx
"Elkhorn Valley (La Grande)",WT,45.115993,-117.810486,9rg8bx
"Elkhorn Valley (La Grande)",WT,45.052593,-117.795189,9rg8bx
"Elkhorn Valley (La Grande)",WT,45.051895,-117.798988,9rg8bx
"Elkhorn Valley (La Grande)",WT,45.049995,-117.806389,9rg8bx
"Elkhorn Valley (La Grande)",WT,45.052395,-117.797089,9rg8bx
"Elkhorn Valley (La Grande)",WT,45.108692,-117.827087,9rg8bx
"Elkhorn Valley (La Grande)",WT,45.052094,-117.785484,9rg8bx
"Elkhorn Valley (La Grande)",WT,45.117092,-117.804886,9rg8bx
"Elkhorn Valley (La Grande)",WT,45.117695,-117.802589,9rg8bx
"Elkhorn Valley (La Grande)",WT,45.046593,-117.824089,9rg8bx
"Elkhorn Valley (La Grande)",WT,45.119095,-117.796089,9rg8bx
"Durbin Creek",WT,44.351841,-117.330193,9rg8bx
"Elkhorn Valley (La Grande)",WT,45.108593,-117.792885,9rg8bx
"Elkhorn Valley (La Grande)",WT,45.051094,-117.802788,9rg8bx
"Elkhorn Valley (La Grande)",WT,45.115192,-117.812088,9rg8bx
"Elkhorn Valley (08)",WT,45.109394,-117.789085,9rg8bx
"Elkhorn Valley (La Grande)",WT,45.116695,-117.808784,9rg8bx
"Elkhorn Valley (La Grande)",WT,45.107395,-117.796486,9rg8bx
"Elkhorn Valley (La Grande)",WT,45.091393,-117.824287,9rg8bx
"Elkhorn Valley (La Grande)",WT,45.107994,-117.794685,9rg8bx
"Elkhorn Valley (La Grande)",WT,45.054493,-117.806488,9rg8bx
"Elkhorn Valley (La Grande)",WT,45.048294,-117.820984,9rg8bx
"Elkhorn Valley (La Grande)",WT,45.090694,-117.826088,9rg8bx
"Elkhorn Valley (La Grande)",WT,45.109894,-117.82589,9rg8bx
"Elkhorn Valley (La Grande)",WT,45.051395,-117.789383,9rg8bx
"Elkhorn Valley (La Grande)",WT,45.116894,-117.806786,9rg8bx
"Elkhorn Valley (La Grande)",WT,45.111393,-117.822487,9rg8bx
"Elkhorn Valley (La Grande)",WT,45.110893,-117.824387,9rg8bx
"Elkhorn Valley (La Grande)",WT,45.045895,-117.825783,9rg8bx
"Elkhorn Valley (La Grande)",WT,45.114693,-117.813988,9rg8bx
"Elkhorn Valley (La Grande)",WT,45.089493,-117.831886,9rg8bx
"Elkhorn Valley (08)",WT,45.108994,-117.790985,9rg8bx
"Elkhorn Valley (La Grande)",WT,45.112995,-117.817085,9rg8bx
"Elkhorn Valley (La Grande)",WT,45.051594,-117.813988,9rg8bx
"Prospector",WT,44.4184,-117.255295,9rg8bx
"Lime Wind",WT,44.395401,-117.274719,9rg8bx
"Lime Wind",WT,44.397999,-117.271706,9rg8bx
"Lime Wind",WT,44.395657,-117.273933,9rg8bx
"Lime Wind",WT,44.396481,-117.273102,9rg8bx
"Durbin Creek",WT,44.352245,-117.323082,9rg8bx
"Willow Spring",WT,44.382561,-117.270172,9rg8bx
"Spring Valley",WT,39.094994,-114.481789,9rpbwn
"Spring Valley",WT,39.085194,-114.515587,9rpbwn
"Spring Valley",WT,39.107094,-114.502686,9rpbwn
"Spring Valley",WT,39.085194,-114.487587,9rpbwn
"Spring Valley",WT,39.117992,-114.48159,9rpbwn
"Spring Valley",WT,39.107094,-114.510284,9rpbwn
"Spring Valley",WT,39.085194,-114.468391,9rpbwn
"Spring Valley",WT,39.074993,-114.503586,9rpbwn
"Spring Valley",WT,39.117992,-114.496986,9rpbwn
"Spring Valley",WT,39.107094,-114.471886,9rpbwn
"Spring Valley",WT,39.094994,-114.47419,9rpbwn
"Spring Valley",WT,39.117992,-114.500786,9rpbwn
"Spring Valley",WT,39.117992,-114.477791,9rpbwn
"Spring Valley",WT,39.094994,-114.50489,9rpbwn
"Spring Valley",WT,39.085194,-114.499084,9rpbwn
"Spring Valley",WT,39.107094,-114.464691,9rpbwn
"Spring Valley",WT,39.107094,-114.506485,9rpbwn
"Spring Valley",WT,39.117992,-114.470085,9rpbwn
"Spring Valley",WT,39.107094,-114.491089,9rpbwn
"Spring Valley",WT,39.094994,-114.485687,9rpbwn
"Spring Valley",WT,39.074696,-114.478584,9rpbwn
"Spring Valley",WT,39.107094,-114.499084,9rpbwn
"Spring Valley",WT,39.085194,-114.47229,9rpbwn
"Spring Valley",WT,39.085194,-114.495087,9rpbwn
"Spring Valley",WT,39.094994,-114.497185,9rpbwn
"Spring Valley",WT,39.107094,-114.494987,9rpbwn
"Spring Valley",WT,39.094994,-114.466492,9rpbwn
"Spring Valley",WT,39.075092,-114.497086,9rpbwn
"Spring Valley",WT,39.075092,-114.469185,9rpbwn
"Spring Valley",WT,39.117992,-114.488487,9rpbwn
"Spring Valley",WT,39.117992,-114.485489,9rpbwn
"Spring Valley",WT,39.075092,-114.493187,9rpbwn
"Spring Valley",WT,39.085194,-114.506485,9rpbwn
"Spring Valley",WT,39.075092,-114.489288,9rpbwn
"Spring Valley",WT,39.107094,-114.475685,9rpbwn
"Spring Valley",WT,39.085194,-114.476089,9rpbwn
"Spring Valley",WT,39.107094,-114.514191,9rpbwn
"Spring Valley",WT,39.117992,-114.508492,9rpbwn
"Spring Valley",WT,39.085194,-114.491486,9rpbwn
"Spring Valley",WT,39.094994,-114.500984,9rpbwn
"Spring Valley",WT,39.074993,-114.481789,9rpbwn
"Spring Valley",WT,39.117992,-114.473885,9rpbwn
"Spring Valley",WT,39.094994,-114.514091,9rpbwn
"Spring Valley",WT,39.094994,-114.470985,9rpbwn
"Spring Valley",WT,39.094994,-114.463188,9rpbwn
"Spring Valley",WT,39.085194,-114.483788,9rpbwn
"Spring Valley",WT,39.107094,-114.487587,9rpbwn
"Spring Valley",WT,39.107094,-114.468285,9rpbwn
"Spring Valley",WT,39.085194,-114.479889,9rpbwn
"Spring Valley",WT,39.075092,-114.485191,9rpbwn
"Spring Valley",WT,39.117992,-114.493088,9rpbwn
"Spring Valley",WT,39.085194,-114.464584,9rpbwn
"Spring Valley",WT,39.117992,-114.504684,9rpbwn
"Spring Valley",WT,39.094994,-114.50869,9rpbwn
"Spring Valley",WT,39.107094,-114.483292,9rpbwn
"Spring Valley",WT,39.075092,-114.472488,9rpbwn
"Spring Valley",WT,39.107094,-114.51799,9rpbwn
"Spring Valley",WT,39.094994,-114.489487,9rpbwn
"Spring Valley",WT,39.075092,-114.475388,9rpbwn
"Spring Valley",WT,39.094994,-114.493385,9rpbwn
"Spring Valley",WT,39.094994,-114.477989,9rpbwn
"Spring Valley",WT,39.07505,-114.500343,9rpbwn
"Spring Valley",WT,39.106995,-114.479988,9rpbwn
"Spring Valley",WT,39.117992,-114.51239,9rpbwn
"Spring Valley",WT,39.085194,-114.511787,9rpbwn
"Spring Valley",WT,39.085194,-114.502991,9rpbwn
"Milford Phase II",WT,38.597492,-112.895485,9rpbwn
"Milford Phase II",WT,38.600895,-112.909592,9rpbwn
"Milford Phase II",WT,38.588993,-112.960487,9rpbwn
"Milford Phase II",WT,38.593094,-112.927689,9rpbwn
"Milford Phase II",WT,38.587193,-112.902687,9rpbwn
"Milford Phase II",WT,38.580593,-112.925491,9rpbwn
"Milford Phase II",WT,38.590794,-112.968185,9rpbwn
"Milford Phase II",WT,38.585396,-112.945488,9rpbwn
"Milford Phase II",WT,38.579395,-112.920486,9rpbwn
"Milford Phase II",WT,38.590195,-112.915192,9rpbwn
"Milford Phase II",WT,38.589596,-112.912689,9rpbwn
"Milford Phase II",WT,38.598194,-112.899284,9rpbwn
"Milford Phase II",WT,38.576996,-112.910484,9rpbwn
"Milford Phase II",WT,38.576595,-112.959885,9rpbwn
"Milford Phase II",WT,38.587692,-112.95549,9rpbwn
"Milford Phase II",WT,38.591393,-112.920189,9rpbwn
"Milford Phase II",WT,38.578793,-112.917992,9rpbwn
"Milford Phase II",WT,38.577892,-112.96489,9rpbwn
"Milford Phase II",WT,38.580395,-112.974686,9rpbwn
"Milford Phase II",WT,38.577595,-112.912987,9rpbwn
"Milford Phase II",WT,38.583595,-112.937988,9rpbwn
"Milford Phase II",WT,38.596794,-112.892792,9rpbwn
"Milford Phase II",WT,38.585094,-112.893791,9rpbwn
"Milford Phase II",WT,38.574993,-112.90239,9rpbwn
"Milford Phase II",WT,38.585594,-112.947685,9rpbwn
"Milford Phase II",WT,38.577194,-112.962387,9rpbwn
"Milford Phase II",WT,38.601494,-112.912086,9rpbwn
"Milford Phase II",WT,38.579094,-112.969887,9rpbwn
"Milford Phase II",WT,38.592594,-112.925186,9rpbwn
"Milford Phase II",WT,38.590096,-112.965485,9rpbwn
"Milford Phase II",WT,38.587795,-112.90519,9rpbwn
"Milford Phase II",WT,38.584793,-112.942986,9rpbwn
"Milford Phase II",WT,38.575493,-112.904991,9rpbwn
"Milford Phase II",WT,38.578495,-112.967384,9rpbwn
"Milford Phase II",WT,38.586494,-112.900185,9rpbwn
"Milford Phase II",WT,38.590794,-112.917686,9rpbwn
"Milford Phase II",WT,38.592094,-112.973389,9rpbwn
"Milford Phase II",WT,38.578194,-112.915489,9rpbwn
"Milford Phase II",WT,38.588394,-112.958092,9rpbwn
"Milford Phase II",WT,38.585693,-112.896385,9rpbwn
"Milford Phase II",WT,38.581196,-112.927986,9rpbwn
"Milford Phase II",WT,38.592293,-112.922585,9rpbwn
"Milford Phase II",WT,38.581795,-112.930489,9rpbwn
"Milford Phase II",WT,38.584194,-112.940491,9rpbwn
"Milford Phase II",WT,38.579693,-112.972389,9rpbwn
"Milford Phase II",WT,38.582993,-112.935486,9rpbwn
"Milford Phase II",WT,38.576393,-112.90799,9rpbwn
"Milford Phase II",WT,38.588394,-112.907684,9rpbwn
"Milford Phase II",WT,38.594296,-112.932686,9rpbwn
"Milford Phase II",WT,38.599693,-112.904686,9rpbwn
"Milford Phase II",WT,38.579994,-112.922989,9rpbwn
"Milford Phase II",WT,38.589493,-112.96299,9rpbwn
"Milford Phase II",WT,38.593693,-112.930191,9rpbwn
"Milford Phase II",WT,38.600292,-112.907089,9rpbwn
"Milford Phase II",WT,38.592594,-112.975388,9rpbwn
"Milford Phase II",WT,38.591496,-112.970886,9rpbwn
"Milford Phase II",WT,38.588993,-112.910187,9rpbwn
"Milford Phase II",WT,38.602093,-112.914589,9rpbwn
"Milford Phase II",WT,38.582695,-112.932884,9rpbwn
"Mountain Home",WT,43.030895,-115.464485,9rwgcr
"Mountain Home",WT,43.047695,-115.482986,9rwgcr
"Mountain Home",WT,43.023094,-115.468788,9rwgcr
"Mountain Home",WT,43.036793,-115.463684,9rwgcr
"High Mesa",WT,42.895893,-115.04689,9rwgcr
"Mountain Home",WT,43.025894,-115.466789,9rwgcr
"Sawtooth",WT,42.969494,-115.387985,9rwgcr
"High Mesa",WT,42.882996,-115.04599,9rwgcr
"Mountain Home",WT,43.035294,-115.463783,9rwgcr
"High Mesa",WT,42.888493,-115.046783,9rwgcr
"Mountain Home",WT,43.050594,-115.481789,9rwgcr
"Sawtooth",WT,42.972195,-115.384384,9rwgcr
"Sawtooth",WT,42.987194,-115.398788,9rwgcr
"Cold Springs",WT,43.054493,-115.403885,9rwgcr
"Mountain Home",WT,43.055096,-115.480385,9rwgcr
"Mountain Home",WT,43.053593,-115.480484,9rwgcr
"Mountain Home",WT,43.049095,-115.482285,9rwgcr
"Mountain Home",WT,43.044895,-115.484283,9rwgcr
"Mountain Home",WT,43.032394,-115.464287,9rwgcr
"Mountain Home",WT,43.027294,-115.465691,9rwgcr
"Mountain Home",WT,43.029495,-115.46479,9rwgcr
"Sawtooth",WT,42.985596,-115.399788,9rwgcr
"Sawtooth",WT,42.966595,-115.391586,9rwgcr
"Cold Springs",WT,43.041492,-115.414787,9rwgcr
"Cold Springs",WT,43.002594,-115.444183,9rwgcr
"High Mesa",WT,42.899395,-115.038185,9rwgcr
"Cold Springs",WT,43.046093,-115.412987,9rwgcr
"High Mesa",WT,42.890194,-115.046783,9rwgcr
"Cold Springs",WT,43.031494,-115.483185,9rwgcr
"High Mesa",WT,42.903393,-115.04689,9rwgcr
"Cold Springs",WT,43.015095,-115.458786,9rwgcr
"Cold Springs",WT,43.044094,-115.436485,9rwgcr
"Cold Springs",WT,43.026394,-115.402786,9rwgcr
"Cold Springs",WT,43.050293,-115.459084,9rwgcr
"Cold Springs",WT,43.025894,-115.39119,9rwgcr
"Cold Springs",WT,43.043594,-115.414085,9rwgcr
"Cold Springs",WT,43.046993,-115.405586,9rwgcr
"Cold Springs",WT,43.033794,-115.48259,9rwgcr
"Sawtooth",WT,42.995495,-115.393784,9rwgcr
"Cold Springs",WT,43.006096,-115.463287,9rwgcr
"Sawtooth",WT,42.982292,-115.401787,9rwgcr
"Sawtooth",WT,42.993793,-115.394791,9rwgcr
"Sawtooth",WT,42.990093,-115.397087,9rwgcr
"Sawtooth",WT,42.983994,-115.400887,9rwgcr
"Sawtooth",WT,42.970795,-115.386086,9rwgcr
"Sawtooth",WT,42.967995,-115.389786,9rwgcr
"Sawtooth",WT,42.988693,-115.397888,9rwgcr
"Mountain Home",WT,43.058193,-115.480385,9rwgcr
"Sawtooth",WT,42.992195,-115.39579,9rwgcr
"Mountain Home",WT,43.052193,-115.480789,9rwgcr
"Mountain Home",WT,43.046295,-115.483589,9rwgcr
"Mountain Home",WT,43.033894,-115.464088,9rwgcr
"Cold Springs",WT,43.048096,-115.459488,9rwgcr
"High Mesa",WT,42.901592,-115.046783,9rwgcr
"High Mesa",WT,42.892094,-115.04689,9rwgcr
"High Mesa",WT,42.886593,-115.045784,9rwgcr
"High Mesa",WT,42.884792,-115.045685,9rwgcr
"High Mesa",WT,42.901196,-115.038185,9rwgcr
"Cold Springs",WT,43.021393,-115.41629,9rwgcr
"Cold Springs",WT,43.023792,-115.498688,9rwgcr
"Cold Springs",WT,43.037193,-115.43969,9rwgcr
"Camp Reed",WT,42.819794,-115.065788,9rwgcr
"Cold Springs",WT,43.017296,-115.419785,9rwgcr
"Camp Reed",WT,42.816193,-115.049088,9rwgcr
"Camp Reed",WT,42.813293,-115.049088,9rwgcr
"Camp Reed",WT,42.822495,-115.049187,9rwgcr
"Cold Springs",WT,43.059395,-115.447289,9rwgcr
"Camp Reed",WT,42.805794,-115.05999,9rwgcr
"Camp Reed",WT,42.825195,-115.065788,9rwgcr
"Camp Reed",WT,42.808594,-115.049187,9rwgcr
"Camp Reed",WT,42.813194,-115.064789,9rwgcr
"Camp Reed",WT,42.819794,-115.049187,9rwgcr
"Cold Springs",WT,43.030792,-115.442886,9rwgcr
"Camp Reed",WT,42.810493,-115.05999,9rwgcr
"Cold Springs",WT,43.041393,-115.437485,9rwgcr
"Camp Reed",WT,42.817295,-115.064789,9rwgcr
"Cold Springs",WT,43.036293,-115.481888,9rwgcr
"Mountain Home",WT,43.056595,-115.480286,9rwgcr
"Cold Springs",WT,43.032795,-115.442085,9rwgcr
"Camp Reed",WT,42.822495,-115.065788,9rwgcr
"Cold Springs",WT,43.027695,-115.389488,9rwgcr
"Mountain Home",WT,43.024494,-115.467789,9rwgcr
"Cold Springs",WT,43.026196,-115.483986,9rwgcr
"Cold Springs",WT,43.009193,-115.442688,9rwgcr
"Cold Springs",WT,43.045895,-115.461189,9rwgcr
"Cold Springs",WT,43.066692,-115.437286,9rwgcr
"Cold Springs",WT,43.034492,-115.440788,9rwgcr
"Cold Springs",WT,43.046093,-115.436485,9rwgcr
"Camp Reed",WT,42.808094,-115.05999,9rwgcr
"Cold Springs",WT,43.004192,-115.464386,9rwgcr
"Camp Reed",WT,42.815094,-115.064789,9rwgcr
"Cold Springs",WT,43.029293,-115.484184,9rwgcr
"Cold Springs",WT,43.025894,-115.443588,9rwgcr
"Cold Springs",WT,43.028793,-115.49749,9rwgcr
"Cold Springs",WT,43.039593,-115.415886,9rwgcr
"Cold Springs",WT,43.006992,-115.44339,9rwgcr
"Cold Springs",WT,43.004696,-115.443291,9rwgcr
"Cold Springs",WT,43.031193,-115.496986,9rwgcr
"Cold Springs",WT,43.030792,-115.38829,9rwgcr
"Cold Springs",WT,43.052494,-115.458183,9rwgcr
"Cold Springs",WT,43.012894,-115.459389,9rwgcr
"Cold Springs",WT,43.050194,-115.405289,9rwgcr
"Cold Springs",WT,43.028294,-115.444489,9rwgcr
"Cold Springs",WT,43.019295,-115.41909,9rwgcr
"Cold Springs",WT,43.039192,-115.438484,9rwgcr
"Cold Springs",WT,43.061893,-115.438286,9rwgcr
"Cold Springs",WT,43.056595,-115.451988,9rwgcr
"Cold Springs",WT,43.054993,-115.456787,9rwgcr
"Cold Springs",WT,43.023293,-115.408188,9rwgcr
"Cold Springs",WT,43.008095,-115.46209,9rwgcr
"Cold Springs",WT,43.037792,-115.416985,9rwgcr
"Cold Springs",WT,43.021694,-115.410088,9rwgcr
"Cold Springs",WT,43.064095,-115.437988,9rwgcr
"Cold Springs",WT,43.038593,-115.481285,9rwgcr
"Cold Springs",WT,43.010895,-115.46019,9rwgcr
"Cold Springs",WT,43.028095,-115.40049,9rwgcr
"Cold Springs",WT,43.052296,-115.404587,9rwgcr
"Camp Reed",WT,42.825195,-115.049187,9rwgcr
"Cold Springs",WT,43.026295,-115.498184,9rwgcr
"Cold Springs",WT,43.048294,-115.412888,9rwgcr
"Oregon Trail",WT,42.836395,-114.990387,9rwgcr
"Yahoo Creek",WT,42.759995,-115.006584,9rwgcr
"Salmon Falls",WT,42.688095,-115.005684,9rwgcr
"Oregon Trail",WT,42.839294,-114.990288,9rwgcr
"High Mesa",WT,42.883694,-115.03569,9rwgcr
"Yahoo Creek",WT,42.754795,-115.006584,9rwgcr
"Pilgrim Stage Station",WT,42.798794,-114.998886,9rwgcr
"Tuana Gulch",WT,42.833794,-114.969284,9rwgcr
"Tuana Springs",WT,42.895393,-115.01709,9rwgcr
"Tuana Springs",WT,42.893795,-115.017189,9rwgcr
"Tuana Springs",WT,42.888195,-115.017189,9rwgcr
"Tuana Springs",WT,42.889595,-115.017189,9rwgcr
"Tuana Springs",WT,42.896996,-115.01709,9rwgcr
"Tuana Springs",WT,42.890995,-115.017189,9rwgcr
"Tuana Springs",WT,42.892395,-115.017189,9rwgcr
"Tuana Springs",WT,42.898594,-115.01709,9rwgcr
"Tuana Gulch",WT,42.827793,-114.969284,9rwgcr
"Tuana Gulch",WT,42.846092,-114.969284,9rwgcr
"Payne's Ferry",WT,42.818493,-115.006584,9rwgcr
"Salmon Falls",WT,42.684795,-114.989883,9rwgcr
"Tuana Gulch",WT,42.843094,-114.969284,9rwgcr
"Salmon Falls",WT,42.688095,-114.989883,9rwgcr
"Salmon Falls",WT,42.699593,-115.005684,9rwgcr
"Cassia",WT,42.871796,-115.017487,9rwgcr
"Cassia",WT,42.844593,-115.03669,9rwgcr
"Cassia",WT,42.881596,-115.017288,9rwgcr
"Cassia",WT,42.877495,-115.017387,9rwgcr
"Pilgrim Stage Station",WT,42.788193,-115.000885,9rwgcr
"Cassia",WT,42.845795,-115.036591,9rwgcr
"Cassia",WT,42.846992,-115.036591,9rwgcr
"Oregon Trail",WT,42.849396,-114.990288,9rwgcr
"Oregon Trail",WT,42.846992,-114.990288,9rwgcr
"High Mesa",WT,42.895794,-115.03009,9rwgcr
"Salmon Falls",WT,42.694794,-115.005684,9rwgcr
"Salmon Falls",WT,42.694893,-114.989883,9rwgcr
"Salmon Falls",WT,42.693195,-114.989883,9rwgcr
"Salmon Falls",WT,42.683094,-114.989883,9rwgcr
"Salmon Falls",WT,42.689793,-115.005684,9rwgcr
"Salmon Falls",WT,42.684692,-115.005684,9rwgcr
"Salmon Falls",WT,42.686394,-115.005684,9rwgcr
"Salmon Falls",WT,42.691494,-114.989883,9rwgcr
"Tuana Gulch",WT,42.830795,-114.969284,9rwgcr
"Payne's Ferry",WT,42.831394,-115.010986,9rwgcr
"Tuana Gulch",WT,42.836895,-114.969284,9rwgcr
"Payne's Ferry",WT,42.827995,-115.010986,9rwgcr
"Payne's Ferry",WT,42.823296,-115.010986,9rwgcr
"Thousand Springs",WT,42.893803,-114.966805,9rwgcr
"Thousand Springs",WT,42.87347,-114.966805,9rwgcr
"Payne's Ferry",WT,42.836594,-115.010986,9rwgcr
"Thousand Springs",WT,42.879288,-114.966805,9rwgcr
"Thousand Springs",WT,42.876469,-114.966805,9rwgcr
"Payne's Ferry",WT,42.829796,-115.010986,9rwgcr
"Payne's Ferry",WT,42.819893,-115.010986,9rwgcr
"Thousand Springs",WT,42.88728,-114.966805,9rwgcr
"Thousand Springs",WT,42.871613,-114.966805,9rwgcr
"Payne's Ferry",WT,42.821594,-115.011086,9rwgcr
"Payne's Ferry",WT,42.813095,-115.006287,9rwgcr
"Cassia",WT,42.870396,-115.017487,9rwgcr
"Cassia",WT,42.876095,-115.017387,9rwgcr
"Cassia",WT,42.842094,-115.03669,9rwgcr
"Thousand Springs",WT,42.889912,-114.966805,9rwgcr
"Yahoo Creek",WT,42.765194,-115.006584,9rwgcr
"Yahoo Creek",WT,42.761696,-115.006584,9rwgcr
"Yahoo Creek",WT,42.763493,-115.006584,9rwgcr
"Yahoo Creek",WT,42.771496,-114.990189,9rwgcr
"Yahoo Creek",WT,42.758293,-115.006485,9rwgcr
"Yahoo Creek",WT,42.769695,-114.991486,9rwgcr
"Payne's Ferry",WT,42.824993,-115.010986,9rwgcr
"Payne's Ferry",WT,42.834892,-115.010986,9rwgcr
"Payne's Ferry",WT,42.833195,-115.010986,9rwgcr
"Payne's Ferry",WT,42.816795,-115.006386,9rwgcr
"Cassia",WT,42.843292,-115.03669,9rwgcr
"Cassia",WT,42.873196,-115.017387,9rwgcr
"Cassia",WT,42.880394,-115.017288,9rwgcr
"Cassia",WT,42.882893,-115.017288,9rwgcr
"Yahoo Creek",WT,42.756596,-115.006485,9rwgcr
"Yahoo Creek",WT,42.763393,-114.986389,9rwgcr
"Tuana Gulch",WT,42.839893,-114.969284,9rwgcr
"Yahoo Creek",WT,42.761795,-114.986389,9rwgcr
"Payne's Ferry",WT,42.814995,-115.006287,9rwgcr
"Thousand Springs",WT,42.882088,-114.966805,9rwgcr
"Yahoo Creek",WT,42.764996,-114.986389,9rwgcr
"Yahoo Creek",WT,42.766895,-115.006584,9rwgcr
"Cassia",WT,42.874695,-115.017387,9rwgcr
"Pilgrim Stage Station",WT,42.784595,-115.000885,9rwgcr
"Salmon Falls",WT,42.682995,-115.005684,9rwgcr
"Pilgrim Stage Station",WT,42.786392,-115.000885,9rwgcr
"Oregon Trail",WT,42.830692,-114.990288,9rwgcr
"High Mesa",WT,42.889095,-115.03569,9rwgcr
"Oregon Trail",WT,42.827793,-114.990288,9rwgcr
"Oregon Trail",WT,42.842194,-114.990288,9rwgcr
"High Mesa",WT,42.881893,-115.03569,9rwgcr
"High Mesa",WT,42.887295,-115.03569,9rwgcr
"Fossil Gulch",WT,42.854393,-114.949585,9rwgcr
"Pilgrim Stage Station",WT,42.795895,-114.998886,9rwgcr
"Fossil Gulch",WT,42.858295,-114.949585,9rwgcr
"Fossil Gulch",WT,42.852196,-114.949585,9rwgcr
"Fossil Gulch",WT,42.856895,-114.949585,9rwgcr
"Salmon Falls",WT,42.697693,-115.005684,9rwgcr
"Oregon Trail",WT,42.844593,-114.990288,9rwgcr
"High Mesa",WT,42.897594,-115.03009,9rwgcr
"Pilgrim Stage Station",WT,42.792892,-114.998886,9rwgcr
"Oregon Trail",WT,42.833595,-114.990288,9rwgcr
"High Mesa",WT,42.899296,-115.03009,9rwgcr
"Yahoo Creek",WT,42.766594,-114.986389,9rwgcr
"Pilgrim Stage Station",WT,42.790092,-115.000885,9rwgcr
"Fossil Gulch",WT,42.863693,-114.949585,9rwgcr
"Fossil Gulch",WT,42.862293,-114.949585,9rwgcr
"Fossil Gulch",WT,42.865093,-114.949585,9rwgcr
"High Mesa",WT,42.885494,-115.03569,9rwgcr
"Goshen North",WT,43.496796,-111.832787,9rx7st
"Goshen North",WT,43.480995,-111.851685,9rx7st
"Goshen North",WT,43.472393,-111.819687,9rx7st
"Goshen North",WT,43.488094,-111.833191,9rx7st
"Goshen North",WT,43.468994,-111.865189,9rx7st
"Goshen North",WT,43.461693,-111.830788,9rx7st
"Goshen North",WT,43.458996,-111.830589,9rx7st
"Goshen North",WT,43.429893,-111.845688,9rx7st
"Goshen North",WT,43.481792,-111.806587,9rx7st
"Goshen North",WT,43.498993,-111.825089,9rx7st
"Goshen North",WT,43.451492,-111.858086,9rx7st
"Goshen North",WT,43.504593,-111.842285,9rx7st
"Goshen North",WT,43.486492,-111.856888,9rx7st
"Goshen North",WT,43.507595,-111.841187,9rx7st
"Goshen North",WT,43.449093,-111.841888,9rx7st
"Goshen North",WT,43.481693,-111.835892,9rx7st
"Goshen North",WT,43.482094,-111.855492,9rx7st
"Goshen North",WT,43.486294,-111.846886,9rx7st
"Goshen North",WT,43.446194,-111.862389,9rx7st
"Goshen North",WT,43.429794,-111.85099,9rx7st
"Wolverine Creek",WT,43.422493,-111.83889,9rx7st
"Goshen North",WT,43.458393,-111.854286,9rx7st
"Horse Butte",WT,43.386192,-111.733185,9rx7st
"Horse Butte",WT,43.397293,-111.728287,9rx7st
"Goshen North",WT,43.458893,-111.84819,9rx7st
"Goshen North",WT,43.420994,-111.863091,9rx7st
"Meadow Creek",WT,43.562992,-111.790291,9rx7st
"Meadow Creek",WT,43.576694,-111.838188,9rx7st
"Goshen North",WT,43.463696,-111.854187,9rx7st
"Wolverine Creek",WT,43.374294,-111.84639,9rx7st
"Wolverine Creek",WT,43.444393,-111.824387,9rx7st
"Wolverine Creek",WT,43.389095,-111.867989,9rx7st
"Goshen North",WT,43.493492,-111.840691,9rx7st
"Goshen North",WT,43.476593,-111.85849,9rx7st
"Meadow Creek",WT,43.553295,-111.825287,9rx7st
"Goshen North",WT,43.498093,-111.82029,9rx7st
"Goshen North",WT,43.457195,-111.862587,9rx7st
"Goshen North",WT,43.495396,-111.809387,9rx7st
"Goshen North",WT,43.435993,-111.861588,9rx7st
"Horse Butte",WT,43.407295,-111.75399,9rx7st
"Goshen North",WT,43.493694,-111.856491,9rx7st
"Goshen North",WT,43.492695,-111.83709,9rx7st
"Meadow Creek",WT,43.553795,-111.830688,9rx7st
"Goshen North",WT,43.490395,-111.854286,9rx7st
"Meadow Creek",WT,43.524994,-111.820389,9rx7st
"Horse Butte",WT,43.430992,-111.77449,9rx7st
"Goshen North",WT,43.456196,-111.807785,9rx7st
"Goshen North",WT,43.413094,-111.871086,9rx7st
"Goshen North",WT,43.451096,-111.829788,9rx7st
"Horse Butte",WT,43.399796,-111.731689,9rx7st
"Horse Butte",WT,43.407295,-111.74649,9rx7st
"Horse Butte",WT,43.401695,-111.734184,9rx7st
"Wolverine Creek",WT,43.379993,-111.853691,9rx7st
"Goshen North",WT,43.455296,-111.854889,9rx7st
"Wolverine Creek",WT,43.396595,-111.83709,9rx7st
"Wolverine Creek",WT,43.414993,-111.838585,9rx7st
"Goshen North",WT,43.452496,-111.862289,9rx7st
"Wolverine Creek",WT,43.441093,-111.819389,9rx7st
"Goshen North",WT,43.473892,-111.858292,9rx7st
"Goshen North",WT,43.478493,-111.837685,9rx7st
"Wolverine Creek",WT,43.379593,-111.833885,9rx7st
"Horse Butte",WT,43.385994,-111.739784,9rx7st
"Goshen North",WT,43.470993,-111.834991,9rx7st
"Goshen North",WT,43.493996,-111.825691,9rx7st
"Wolverine Creek",WT,43.439896,-111.81089,9rx7st
"Wolverine Creek",WT,43.403595,-111.825089,9rx7st
"Wolverine Creek",WT,43.422195,-111.834091,9rx7st
"Goshen North",WT,43.478195,-111.812485,9rx7st
"Goshen North",WT,43.499992,-111.832489,9rx7st
"Goshen North",WT,43.455093,-111.828186,9rx7st
"Goshen North",WT,43.454193,-111.837791,9rx7st
"Horse Butte",WT,43.420296,-111.747292,9rx7st
"Horse Butte",WT,43.402596,-111.737488,9rx7st
"Goshen North",WT,43.456295,-111.815887,9rx7st
"Goshen North",WT,43.500893,-111.842491,9rx7st
"Goshen North",WT,43.472595,-111.837486,9rx7st
"Goshen North",WT,43.479996,-111.846786,9rx7st
"Goshen North",WT,43.483994,-111.857185,9rx7st
"Wolverine Creek",WT,43.387394,-111.861984,9rx7st
"Wolverine Creek",WT,43.369793,-111.840187,9rx7st
"Wolverine Creek",WT,43.403893,-111.841087,9rx7st
"Horse Butte",WT,43.386192,-111.736786,9rx7st
"Meadow Creek",WT,43.523396,-111.81749,9rx7st
"Meadow Creek",WT,43.565895,-111.802185,9rx7st
"Wolverine Creek",WT,43.390095,-111.838486,9rx7st
"Wolverine Creek",WT,43.384995,-111.835892,9rx7st
"Wolverine Creek",WT,43.439693,-111.807991,9rx7st
"Horse Butte",WT,43.406593,-111.759285,9rx7st
"Rockland",WT,42.686195,-112.937088,9rx7st
"Horse Butte",WT,43.391994,-111.69529,9rx7st
"Wolverine Creek",WT,43.350895,-111.860786,9rx7st
"Cedar Creek Wind",WT,43.337334,-112.023537,9rx7st
"Wolverine Creek",WT,43.348793,-111.85479,9rx7st
"Cedar Creek Wind",WT,43.344536,-112.000145,9rx7st
"Cedar Creek Wind",WT,43.337948,-111.990829,9rx7st
"Cedar Creek Wind",WT,43.307079,-112.010605,9rx7st
"Cedar Creek Wind",WT,43.314083,-112.050339,9rx7st
"Cedar Creek Wind",WT,43.344963,-111.991631,9rx7st
"Wolverine Creek",WT,43.364494,-111.847786,9rx7st
"Cedar Creek Wind",WT,43.329639,-111.99826,9rx7st
"Cedar Creek Wind",WT,43.331181,-111.990768,9rx7st
"Cedar Creek Wind",WT,43.322998,-112.003044,9rx7st
"Cedar Creek Wind",WT,43.311043,-111.980949,9rx7st
"Cedar Creek Wind",WT,43.33783,-112.013039,9rx7st
"Cedar Creek Wind",WT,43.319103,-112.033905,9rx7st
"Cedar Creek Wind",WT,43.313572,-111.973068,9rx7st
"Cedar Creek Wind",WT,43.316738,-112.015907,9rx7st
"Cedar Creek Wind",WT,43.313999,-111.994957,9rx7st
"Cedar Creek Wind",WT,43.320446,-111.988007,9rx7st
"Wolverine Creek",WT,43.361492,-111.859787,9rx7st
"Wolverine Creek",WT,43.360394,-111.857491,9rx7st
"Wolverine Creek",WT,43.350292,-111.842987,9rx7st
"Cedar Creek Wind",WT,43.327347,-111.980515,9rx7st
"Cedar Creek Wind",WT,43.326836,-111.99572,9rx7st
"Cedar Creek Wind",WT,43.314243,-111.988647,9rx7st
"Cedar Creek Wind",WT,43.31662,-112.020416,9rx7st
"Cedar Creek Wind",WT,43.308338,-112.01593,9rx7st
"Cedar Creek Wind",WT,43.32523,-112.020218,9rx7st
"Wolverine Creek",WT,43.357994,-111.851791,9rx7st
"Wolverine Creek",WT,43.334694,-111.862686,9rx7st
"Wolverine Creek",WT,43.347595,-111.839188,9rx7st
"Cedar Creek Wind",WT,43.324257,-111.992218,9rx7st
"Cedar Creek Wind",WT,43.337921,-112.040039,9rx7st
"Cedar Creek Wind",WT,43.335064,-112.008865,9rx7st
"Wolverine Creek",WT,43.363495,-111.843987,9rx7st
"Cedar Creek Wind",WT,43.322617,-111.973457,9rx7st
"Cedar Creek Wind",WT,43.310757,-112.004768,9rx7st
"Cedar Creek Wind",WT,43.33054,-112.002769,9rx7st
"Wolverine Creek",WT,43.336693,-111.865089,9rx7st
"Wolverine Creek",WT,43.349792,-111.856888,9rx7st
"Wolverine Creek",WT,43.353695,-111.86129,9rx7st
"Cedar Creek Wind",WT,43.323891,-111.978218,9rx7st
"Horse Butte",WT,43.422493,-111.754486,9rx7st
"Wolverine Creek",WT,43.364796,-111.852989,9rx7st
"Cedar Creek Wind",WT,43.329922,-111.987267,9rx7st
"Goshen North",WT,43.471893,-111.826889,9rx7st
"Goshen North",WT,43.501896,-111.836189,9rx7st
"Goshen North",WT,43.455795,-111.847786,9rx7st
"Goshen North",WT,43.482594,-111.817291,9rx7st
"Goshen North",WT,43.472893,-111.813591,9rx7st
"Wolverine Creek",WT,43.419792,-111.827591,9rx7st
"Goshen North",WT,43.420494,-111.857391,9rx7st
"Goshen North",WT,43.477196,-111.834686,9rx7st
"Goshen North",WT,43.472393,-111.84449,9rx7st
"Goshen North",WT,43.478195,-111.806885,9rx7st
"Wolverine Creek",WT,43.401794,-111.837891,9rx7st
"Horse Butte",WT,43.419292,-111.743591,9rx7st
"Horse Butte",WT,43.428593,-111.760391,9rx7st
"Horse Butte",WT,43.407192,-111.75029,9rx7st
"Horse Butte",WT,43.431793,-111.778786,9rx7st
"Horse Butte",WT,43.404995,-111.743889,9rx7st
"Horse Butte",WT,43.383392,-111.722488,9rx7st
"Horse Butte",WT,43.391495,-111.68969,9rx7st
"Wolverine Creek",WT,43.385994,-111.857491,9rx7st
"Wolverine Creek",WT,43.377792,-111.829689,9rx7st
"Goshen North",WT,43.427094,-111.846085,9rx7st
"Goshen North",WT,43.475994,-111.849991,9rx7st
"Cedar Creek Wind",WT,43.323105,-112.025887,9rx7st
"Cedar Creek Wind",WT,43.324852,-112.045921,9rx7st
"Cedar Creek Wind",WT,43.318714,-112.01194,9rx7st
"Cedar Creek Wind",WT,43.32893,-111.983788,9rx7st
"Cedar Creek Wind",WT,43.314846,-111.981438,9rx7st
"Cedar Creek Wind",WT,43.342102,-111.982437,9rx7st
"Cedar Creek Wind",WT,43.337711,-111.983109,9rx7st
"Cedar Creek Wind",WT,43.311897,-111.976631,9rx7st
"Cedar Creek Wind",WT,43.326843,-112.015678,9rx7st
"Cedar Creek Wind",WT,43.338165,-112.00248,9rx7st
"Cedar Creek Wind",WT,43.333958,-112.029037,9rx7st
"Cedar Creek Wind",WT,43.318787,-112.00811,9rx7st
"Cedar Creek Wind",WT,43.318249,-112.049728,9rx7st
"Cedar Creek Wind",WT,43.332836,-112.015129,9rx7st
"Cedar Creek Wind",WT,43.312504,-112.026505,9rx7st
"Goshen North",WT,43.416595,-111.862885,9rx7st
"Wolverine Creek",WT,43.440193,-111.815285,9rx7st
"Goshen North",WT,43.441895,-111.841888,9rx7st
"Goshen North",WT,43.504795,-111.836388,9rx7st
"Cedar Creek Wind",WT,43.310833,-112.032227,9rx7st
"Meadow Creek",WT,43.552296,-111.80249,9rx7st
"Meadow Creek",WT,43.564693,-111.837189,9rx7st
"Goshen North",WT,43.467094,-111.836388,9rx7st
"Burley Butte",WT,42.485695,-113.924789,9rx7st
"Burley Butte",WT,42.481194,-113.922989,9rx7st
"Cedar Creek Wind",WT,43.337887,-112.019455,9rx7st
"Rockland",WT,42.678993,-112.958786,9rx7st
"Rockland",WT,42.668793,-112.957489,9rx7st
"Rockland",WT,42.679295,-112.926788,9rx7st
"Rockland",WT,42.667496,-112.979187,9rx7st
"Rockland",WT,42.702393,-112.873886,9rx7st
"Burley Butte",WT,42.495094,-113.922386,9rx7st
"Rockland",WT,42.697895,-112.945488,9rx7st
"Rockland",WT,42.673492,-112.950188,9rx7st
"Rockland",WT,42.696995,-112.891685,9rx7st
"Rockland",WT,42.665394,-112.962486,9rx7st
"Power County",WT,42.746895,-112.755089,9rx7st
"Power County",WT,42.699894,-112.753288,9rx7st
"Power County",WT,42.730595,-112.753685,9rx7st
"Power County",WT,42.725994,-112.761185,9rx7st
"Power County",WT,42.709496,-112.766685,9rx7st
"Rockland",WT,42.688694,-112.931786,9rx7st
"Burley Butte",WT,42.500595,-113.917786,9rx7st
"Milner Dam",WT,42.460396,-114.017288,9rx7st
"Burley Butte",WT,42.478596,-113.92189,9rx7st
"Burley Butte",WT,42.476692,-113.921188,9rx7st
"Milner Dam",WT,42.468895,-114.017288,9rx7st
"Milner Dam",WT,42.458294,-114.018089,9rx7st
"Burley Butte",WT,42.487892,-113.92569,9rx7st
"Milner Dam",WT,42.449894,-114.022385,9rx7st
"Burley Butte",WT,42.491493,-113.925385,9rx7st
"Burley Butte",WT,42.490093,-113.92659,9rx7st
"Burley Butte",WT,42.496593,-113.921089,9rx7st
"Golden Valley",WT,42.444096,-113.906891,9rx7st
"Golden Valley",WT,42.432896,-113.927185,9rx7st
"Golden Valley",WT,42.440395,-113.906891,9rx7st
"Golden Valley",WT,42.432995,-113.906891,9rx7st
"Golden Valley",WT,42.436592,-113.925591,9rx7st
"Golden Valley",WT,42.436695,-113.906891,9rx7st
"Golden Valley",WT,42.443893,-113.922386,9rx7st
"Golden Valley",WT,42.440292,-113.923988,9rx7st
"Burley Butte",WT,42.483395,-113.923889,9rx7st
"Burley Butte",WT,42.499195,-113.918991,9rx7st
"Burley Butte",WT,42.492893,-113.924187,9rx7st
"Power County",WT,42.701996,-112.764687,9rx7st
"Milner Dam",WT,42.454094,-114.020187,9rx7st
"Power County",WT,42.752693,-112.756187,9rx7st
"Power County",WT,42.703396,-112.75779,9rx7st
"Rockland",WT,42.687595,-112.942787,9rx7st
"Rockland",WT,42.691395,-112.952492,9rx7st
"Rockland",WT,42.671394,-112.93409,9rx7st
"Rockland",WT,42.680893,-112.91069,9rx7st
"Rockland",WT,42.692593,-112.911087,9rx7st
"Rockland",WT,42.678696,-112.933891,9rx7st
"Rockland",WT,42.706493,-112.900787,9rx7st
"Rockland",WT,42.691193,-112.881287,9rx7st
"Rockland",WT,42.710896,-112.892189,9rx7st
"Rockland",WT,42.671295,-112.921486,9rx7st
"Rockland",WT,42.679493,-112.886086,9rx7st
"Rockland",WT,42.695694,-112.880989,9rx7st
"Rockland",WT,42.691593,-112.886589,9rx7st
"Rockland",WT,42.699196,-112.934387,9rx7st
"Rockland",WT,42.703293,-112.91819,9rx7st
"Rockland",WT,42.684593,-112.856384,9rx7st
"Rockland",WT,42.668896,-112.952492,9rx7st
"Rockland",WT,42.682896,-112.86689,9rx7st
"Rockland",WT,42.670593,-112.941086,9rx7st
"Rockland",WT,42.693394,-112.871284,9rx7st
"Rockland",WT,42.700394,-112.900391,9rx7st
"Rockland",WT,42.686493,-112.926491,9rx7st
"Power County",WT,42.736294,-112.747787,9rx7st
"Power County",WT,42.711494,-112.769188,9rx7st
"Power County",WT,42.708294,-112.760986,9rx7st
"Power County",WT,42.703693,-112.749786,9rx7st
"Rockland",WT,42.703995,-112.929787,9rx7st
"Rockland",WT,42.667892,-112.907288,9rx7st
"Rockland",WT,42.702393,-112.887589,9rx7st
"Rockland",WT,42.679493,-112.905891,9rx7st
"Power County",WT,42.743893,-112.752991,9rx7st
"Rockland",WT,42.693195,-112.89769,9rx7st
"Rockland",WT,42.681095,-112.949989,9rx7st
"Rockland",WT,42.709496,-112.906387,9rx7st
"Rockland",WT,42.678593,-112.938789,9rx7st
"Rockland",WT,42.701195,-112.90609,9rx7st
"Rockland",WT,42.697094,-112.886086,9rx7st
"Power County",WT,42.741394,-112.75119,9rx7st
"Power County",WT,42.701195,-112.772285,9rx7st
"Power County",WT,42.704895,-112.743591,9rx7st
"Power County",WT,42.738995,-112.748886,9rx7st
"Power County",WT,42.749695,-112.755989,9rx7st
"Wolverine Creek",WT,43.388096,-111.836487,9rx7st
"Milner Dam",WT,42.447796,-114.023491,9rx7st
"Milner Dam",WT,42.456196,-114.019089,9rx7st
"Wolverine Creek",WT,43.391792,-111.854889,9rx7st
"Wolverine Creek",WT,43.404095,-111.817184,9rx7st
"Wolverine Creek",WT,43.369793,-111.85759,9rx7st
"Meadow Creek",WT,43.521095,-111.80159,9rx7st
"Meadow Creek",WT,43.528694,-111.827385,9rx7st
"Wolverine Creek",WT,43.371094,-111.844391,9rx7st
"Meadow Creek",WT,43.558594,-111.778191,9rx7st
"Goshen North",WT,43.465195,-111.864487,9rx7st
"Horse Butte",WT,43.430294,-111.770988,9rx7st
"Goshen North",WT,43.495396,-111.81459,9rx7st
"Meadow Creek",WT,43.574093,-111.817688,9rx7st
"Goshen North",WT,43.469296,-111.858887,9rx7st
"Goshen North",WT,43.468994,-111.820786,9rx7st
"Meadow Creek",WT,43.514095,-111.816986,9rx7st
"Meadow Creek",WT,43.564495,-111.83149,9rx7st
"Meadow Creek",WT,43.559593,-111.816887,9rx7st
"Goshen North",WT,43.462593,-111.847389,9rx7st
"Meadow Creek",WT,43.556694,-111.809387,9rx7st
"Goshen North",WT,43.444996,-111.85849,9rx7st
"Horse Butte",WT,43.391396,-111.699692,9rx7st
"Horse Butte",WT,43.390793,-111.709885,9rx7st
"Meadow Creek",WT,43.531895,-111.816788,9rx7st
"Goshen North",WT,43.465294,-111.857391,9rx7st
"Meadow Creek",WT,43.552795,-111.779991,9rx7st
"Goshen North",WT,43.422092,-111.870987,9rx7st
"Goshen North",WT,43.471493,-111.810089,9rx7st
"Meadow Creek",WT,43.526993,-111.824287,9rx7st
"Meadow Creek",WT,43.578793,-111.825485,9rx7st
"Meadow Creek",WT,43.557095,-111.835991,9rx7st
"Meadow Creek",WT,43.565796,-111.809486,9rx7st
"Meadow Creek",WT,43.528996,-111.781288,9rx7st
"Meadow Creek",WT,43.560192,-111.78299,9rx7st
"Meadow Creek",WT,43.547894,-111.788391,9rx7st
"Meadow Creek",WT,43.570892,-111.829788,9rx7st
"Meadow Creek",WT,43.560093,-111.82489,9rx7st
"Meadow Creek",WT,43.527695,-111.797691,9rx7st
"Meadow Creek",WT,43.570496,-111.824089,9rx7st
"Meadow Creek",WT,43.572693,-111.832985,9rx7st
"Meadow Creek",WT,43.550194,-111.792389,9rx7st
"Meadow Creek",WT,43.518494,-111.825989,9rx7st
"Meadow Creek",WT,43.561493,-111.78669,9rx7st
"Meadow Creek",WT,43.575092,-111.83519,9rx7st
"Milner Dam",WT,42.464695,-114.017288,9rx7st
"Meadow Creek",WT,43.561394,-111.819786,9rx7st
"Goshen North",WT,43.437992,-111.866188,9rx7st
"Meadow Creek",WT,43.534294,-111.821785,9rx7st
"Meadow Creek",WT,43.558495,-111.812889,9rx7st
"Meadow Creek",WT,43.564896,-111.841888,9rx7st
"Horse Butte",WT,43.422295,-111.750885,9rx7st
"Horse Butte",WT,43.428795,-111.764091,9rx7st
"Horse Butte",WT,43.390896,-111.704285,9rx7st
"Horse Butte",WT,43.402596,-111.741089,9rx7st
"Goshen North",WT,43.509293,-111.843285,9rx7st
"Meadow Creek",WT,43.579994,-111.82869,9rx7st
"Meadow Creek",WT,43.536392,-111.806686,9rx7st
"Meadow Creek",WT,43.524494,-111.784187,9rx7st
"Meadow Creek",WT,43.520695,-111.807785,9rx7st
"Goshen North",WT,43.494793,-111.84359,9rx7st
"Milner Dam",WT,42.473194,-114.017288,9rx7st
"Milner Dam",WT,42.466793,-114.017288,9rx7st
"Milner Dam",WT,42.451996,-114.021286,9rx7st
"Milner Dam",WT,42.462494,-114.017288,9rx7st
"Milner Dam",WT,42.470993,-114.017288,9rx7st
"Meadow Creek",WT,43.550793,-111.796089,9rx7st
"Meadow Creek",WT,43.537395,-111.810486,9rx7st
"Meadow Creek",WT,43.553894,-111.834991,9rx7st
"Meadow Creek",WT,43.567696,-111.813889,9rx7st
"Goshen North",WT,43.469692,-111.806786,9rx7st
"Goshen North",WT,43.466694,-111.846191,9rx7st
"Goshen North",WT,43.454796,-111.84259,9rx7st
"Goshen North",WT,43.431293,-111.862289,9rx7st
"Meadow Creek",WT,43.521095,-111.81459,9rx7st
"Meadow Creek",WT,43.518593,-111.794388,9rx7st
"Meadow Creek",WT,43.572796,-111.81369,9rx7st
"Rockland",WT,42.701595,-112.912086,9rx7st
"Horse Butte",WT,43.386295,-111.743385,9rx7st
"Horse Butte",WT,43.429493,-111.767487,9rx7st
"Goshen North",WT,43.476795,-111.826591,9rx7st
"Horse Butte",WT,43.386192,-111.729591,9rx7st
"Meadow Creek",WT,43.577496,-111.822289,9rx7st
"Meadow Creek",WT,43.577095,-111.842186,9rx7st
"Meadow Creek",WT,43.526695,-111.789391,9rx7st
"Meadow Creek",WT,43.564095,-111.825485,9rx7st
"Horse Butte",WT,43.382195,-111.719292,9rx7st
"Meadow Creek",WT,43.570595,-111.842384,9rx7st
"Meadow Creek",WT,43.548294,-111.832886,9rx7st
"Meadow Creek",WT,43.531895,-111.806686,9rx7st
"Wolverine Creek",WT,43.338196,-111.868286,9rx7st
"Red Horse 2",WT,32.294384,-110.08799,9w1wf0
"Dry Lake",WT,34.654896,-110.287186,9w1wf0
"Dry Lake",WT,34.638096,-110.310593,9w1wf0
"Dry Lake",WT,34.650097,-110.272186,9w1wf0
"Dry Lake",WT,34.671993,-110.24939,9w1wf0
"Dry Lake",WT,34.634396,-110.279793,9w1wf0
"Red Horse 2",WT,32.288746,-110.088387,9w1wf0
"Dry Lake",WT,34.652496,-110.283989,9w1wf0
"Dry Lake",WT,34.656197,-110.290489,9w1wf0
"Dry Lake",WT,34.673294,-110.277786,9w1wf0
"Dry Lake",WT,34.638294,-110.302788,9w1wf0
"Dry Lake",WT,34.650894,-110.275986,9w1wf0
"Dry Lake",WT,34.637596,-110.294685,9w1wf0
"Dry Lake",WT,34.662594,-110.305092,9w1wf0
"Dry Lake",WT,34.638496,-110.315392,9w1wf0
"Dry Lake",WT,34.635197,-110.287491,9w1wf0
"Dry Lake",WT,34.638195,-110.298492,9w1wf0
"Dry Lake",WT,34.673195,-110.281586,9w1wf0
"Dry Lake",WT,34.670895,-110.262291,9w1wf0
"Dry Lake",WT,34.670994,-110.266388,9w1wf0
"Dry Lake",WT,34.638294,-110.306686,9w1wf0
"Dry Lake",WT,34.671795,-110.270287,9w1wf0
"Dry Lake II",WT,34.652096,-110.178787,9w1wf0
"Dry Lake II",WT,34.598194,-110.164085,9w1wf0
"Dry Lake II",WT,34.595795,-110.196793,9w1wf0
"Dry Lake II",WT,34.651596,-110.183289,9w1wf0
"Dry Lake II",WT,34.595295,-110.21479,9w1wf0
"Dry Lake II",WT,34.613895,-110.121689,9w1wf0
"Dry Lake II",WT,34.596996,-110.200386,9w1wf0
"Dry Lake",WT,34.660595,-110.301392,9w1wf0
"Dry Lake II",WT,34.613995,-110.130791,9w1wf0
"Dry Lake",WT,34.670593,-110.258392,9w1wf0
"Dry Lake",WT,34.634396,-110.283691,9w1wf0
"Dry Lake",WT,34.672394,-110.273987,9w1wf0
"Dry Lake",WT,34.672695,-110.253387,9w1wf0
"Dry Lake",WT,34.673897,-110.285393,9w1wf0
"Dry Lake",WT,34.636894,-110.290489,9w1wf0
"Dry Lake",WT,34.658497,-110.297989,9w1wf0
"Dry Lake",WT,34.651794,-110.279686,9w1wf0
"Dry Lake II",WT,34.605495,-110.144287,9w1wf0
"Dry Lake II",WT,34.642593,-110.20079,9w1wf0
"Dry Lake II",WT,34.612694,-110.126686,9w1wf0
"Dry Lake II",WT,34.602493,-110.166389,9w1wf0
"Red Horse 2",WT,32.276573,-110.086411,9w1wf0
"Red Horse 2",WT,32.270775,-110.090347,9w1wf0
"Red Horse 2",WT,32.309593,-110.086487,9w1wf0
"Red Horse 2",WT,32.300514,-110.087898,9w1wf0
"Red Horse 2",WT,32.306835,-110.086136,9w1wf0
"Red Horse 2",WT,32.273167,-110.092377,9w1wf0
"Dry Lake II",WT,34.653896,-110.169189,9w1wf0
"Dry Lake II",WT,34.608597,-110.187889,9w1wf0
"Dry Lake II",WT,34.606693,-110.148087,9w1wf0
"Dry Lake II",WT,34.612293,-110.118088,9w1wf0
"Dry Lake II",WT,34.588196,-110.180389,9w1wf0
"Dry Lake II",WT,34.596096,-110.152489,9w1wf0
"Dry Lake",WT,34.657394,-110.294289,9w1wf0
"Red Horse 2",WT,32.285213,-110.088989,9w1wf0
"Red Horse 2",WT,32.304184,-110.087349,9w1wf0
"Dry Lake II",WT,34.613796,-110.13549,9w1wf0
"Dry Lake II",WT,34.598194,-110.204086,9w1wf0
"Dry Lake II",WT,34.604996,-110.169487,9w1wf0
"Dry Lake II",WT,34.596596,-110.218491,9w1wf0
"Red Horse 2",WT,32.279556,-110.0886,9w1wf0
"Red Horse 2",WT,32.267506,-110.08963,9w1wf0
"Red Horse 2",WT,32.282455,-110.088287,9w1wf0
"Red Horse 2",WT,32.297825,-110.088547,9w1wf0
"Red Horse 2",WT,32.291435,-110.088547,9w1wf0
"Dry Lake II",WT,34.655396,-110.172089,9w1wf0
"Chevelon Butte Wind Phase I",WT,34.65799,-110.739548,9w1wf0
"Dry Lake II",WT,34.605797,-110.173592,9w1wf0
"Chevelon Butte Wind Phase I",WT,34.652489,-110.7379,9w1wf0
"Chevelon Butte Wind Phase I",WT,34.66151,-110.745392,9w1wf0
"Dry Lake II",WT,34.588493,-110.176086,9w1wf0
"Dry Lake II",WT,34.609894,-110.192589,9w1wf0
"Dry Lake II",WT,34.642296,-110.196686,9w1wf0
"Dry Lake II",WT,34.602295,-110.141991,9w1wf0
"Dry Lake II",WT,34.617996,-110.152092,9w1wf0
"Dry Lake II",WT,34.597294,-110.15609,9w1wf0
"Chevelon Butte Wind Phase I",WT,34.648964,-110.733055,9w1wf0
"Dry Lake II",WT,34.598396,-110.15979,9w1wf0
"Macho Springs Wind Farm I",WT,32.550594,-107.499092,9w1zzg
"Macho Springs Wind Farm I",WT,32.546196,-107.512894,9w1zzg
"Macho Springs Wind Farm I",WT,32.536694,-107.50779,9w1zzg
"Macho Springs Wind Farm I",WT,32.562096,-107.508591,9w1zzg
"Macho Springs Wind Farm I",WT,32.555595,-107.505493,9w1zzg
"Macho Springs Wind Farm I",WT,32.547596,-107.497093,9w1zzg
"Macho Springs Wind Farm I",WT,32.560196,-107.521187,9w1zzg
"Macho Springs Wind Farm I",WT,32.568394,-107.503189,9w1zzg
"Macho Springs Wind Farm I",WT,32.551697,-107.512787,9w1zzg
"Macho Springs Wind Farm I",WT,32.575497,-107.521393,9w1zzg
"Macho Springs Wind Farm I",WT,32.565796,-107.510292,9w1zzg
"Macho Springs Wind Farm I",WT,32.542995,-107.511192,9w1zzg
"Macho Springs Wind Farm I",WT,32.529194,-107.503487,9w1zzg
"Macho Springs Wind Farm I",WT,32.570896,-107.521492,9w1zzg
"Macho Springs Wind Farm I",WT,32.564594,-107.501488,9w1zzg
"Macho Springs Wind Farm I",WT,32.557495,-107.519493,9w1zzg
"Macho Springs Wind Farm I",WT,32.554695,-107.517593,9w1zzg
"Macho Springs Wind Farm I",WT,32.575596,-107.514191,9w1zzg
"Macho Springs Wind Farm I",WT,32.540096,-107.509491,9w1zzg
"Macho Springs Wind Farm I",WT,32.532696,-107.505592,9w1zzg
"Macho Springs Wind Farm I",WT,32.565697,-107.521393,9w1zzg
"Macho Springs Wind Farm I",WT,32.558895,-107.507088,9w1zzg
"Macho Springs Wind Farm I",WT,32.568794,-107.511292,9w1zzg
"Macho Springs Wind Farm I",WT,32.539097,-107.495689,9w1zzg
"Macho Springs Wind Farm I",WT,32.536495,-107.49379,9w1zzg
"Macho Springs Wind Farm I",WT,32.572193,-107.512688,9w1zzg
"Macho Springs Wind Farm I",WT,32.575596,-107.505692,9w1zzg
"Macho Springs Wind Farm I",WT,32.553795,-107.500893,9w1zzg
"Borderlands",WT,34.161335,-108.868225,9w1zzg
"Borderlands",WT,34.103069,-108.907768,9w1zzg
"Borderlands",WT,34.161907,-108.887856,9w1zzg
"Borderlands",WT,34.123867,-108.931778,9w1zzg
"Borderlands",WT,34.161079,-108.898743,9w1zzg
"Borderlands",WT,34.121677,-108.900673,9w1zzg
"Borderlands",WT,34.164703,-108.901268,9w1zzg
"Borderlands",WT,34.131233,-108.920158,9w1zzg
"Borderlands",WT,34.127636,-108.923035,9w1zzg
"Borderlands",WT,34.110523,-108.897789,9w1zzg
"Borderlands",WT,34.131401,-108.878853,9w1zzg
"Borderlands",WT,34.10392,-108.897263,9w1zzg
"Borderlands",WT,34.134117,-108.894157,9w1zzg
"Borderlands",WT,34.145935,-108.915314,9w1zzg
"Borderlands",WT,34.134766,-108.91684,9w1zzg
"Borderlands",WT,34.157585,-108.86924,9w1zzg
"Borderlands",WT,34.090473,-108.897537,9w1zzg
"Borderlands",WT,34.100445,-108.865318,9w1zzg
"Borderlands",WT,34.158138,-108.889771,9w1zzg
"Borderlands",WT,34.165756,-108.885017,9w1zzg
"Borderlands",WT,34.142113,-108.890343,9w1zzg
"Borderlands",WT,34.095806,-108.861389,9w1zzg
"Borderlands",WT,34.096378,-108.877792,9w1zzg
"Borderlands",WT,34.148926,-108.888268,9w1zzg
"Borderlands",WT,34.094318,-108.896248,9w1zzg
"Borderlands",WT,34.110298,-108.915398,9w1zzg
"Borderlands",WT,34.162872,-108.918587,9w1zzg
"Borderlands",WT,34.142284,-108.918571,9w1zzg
"Borderlands",WT,34.167206,-108.916405,9w1zzg
"Borderlands",WT,34.109253,-108.857368,9w1zzg
"Borderlands",WT,34.153339,-108.887596,9w1zzg
"Borderlands",WT,34.1068,-108.910446,9w1zzg
"Borderlands",WT,34.114071,-108.920303,9w1zzg
"Borderlands",WT,34.157433,-108.920586,9w1zzg
"Babbitt Ranch Wind",WT,35.659424,-111.914406,9w3h8n
"Perrin Ranch",WT,35.372978,-112.334068,9w3h8n
"Perrin Ranch",WT,35.476025,-112.292381,9w3h8n
"Perrin Ranch",WT,35.400837,-112.2696,9w3h8n
"Perrin Ranch",WT,35.450741,-112.331047,9w3h8n
"Perrin Ranch",WT,35.469322,-112.319672,9w3h8n
"Perrin Ranch",WT,35.415367,-112.283722,9w3h8n
"Perrin Ranch",WT,35.385117,-112.263763,9w3h8n
"Perrin Ranch",WT,35.477657,-112.319435,9w3h8n
"Perrin Ranch",WT,35.475513,-112.289352,9w3h8n
"Perrin Ranch",WT,35.411625,-112.282661,9w3h8n
"Perrin Ranch",WT,35.463554,-112.325928,9w3h8n
"Perrin Ranch",WT,35.407253,-112.274109,9w3h8n
"Perrin Ranch",WT,35.48278,-112.277191,9w3h8n
"Perrin Ranch",WT,35.415535,-112.271233,9w3h8n
"Perrin Ranch",WT,35.415508,-112.294395,9w3h8n
"Perrin Ranch",WT,35.388779,-112.264908,9w3h8n
"Perrin Ranch",WT,35.367451,-112.305405,9w3h8n
"Perrin Ranch",WT,35.453205,-112.332291,9w3h8n
"Perrin Ranch",WT,35.475548,-112.313187,9w3h8n
"Babbitt Ranch Wind",WT,35.68568,-111.884735,9w3h8n
"Perrin Ranch",WT,35.370533,-112.329018,9w3h8n
"Perrin Ranch",WT,35.461933,-112.223259,9w3h8n
"Perrin Ranch",WT,35.422642,-112.276321,9w3h8n
"Perrin Ranch",WT,35.43903,-112.222221,9w3h8n
"Perrin Ranch",WT,35.455635,-112.221893,9w3h8n
"Perrin Ranch",WT,35.396984,-112.269478,9w3h8n
"Perrin Ranch",WT,35.453465,-112.220299,9w3h8n
"Perrin Ranch",WT,35.413643,-112.292519,9w3h8n
"Perrin Ranch",WT,35.475113,-112.316742,9w3h8n
"Perrin Ranch",WT,35.36179,-112.311867,9w3h8n
"Perrin Ranch",WT,35.41761,-112.296204,9w3h8n
"Chevelon Butte Wind Phase II",WT,34.672035,-110.766701,9w3h8n
"Chevelon Butte Wind Phase I",WT,34.718918,-110.888435,9w3h8n
"Chevelon Butte Wind Phase I",WT,34.644661,-110.831306,9w3h8n
"Chevelon Butte Wind Phase I",WT,34.711281,-110.868439,9w3h8n
"Chevelon Butte Wind Phase I",WT,34.742805,-110.887703,9w3h8n
"Chevelon Butte Wind Phase I",WT,34.730377,-110.912575,9w3h8n
"Chevelon Butte Wind Phase I",WT,34.660583,-110.813957,9w3h8n
"Chevelon Butte Wind Phase I",WT,34.727524,-110.927162,9w3h8n
"Chevelon Butte Wind Phase I",WT,34.725224,-110.852463,9w3h8n
"Chevelon Butte Wind Phase II",WT,34.701523,-110.807831,9w3h8n
"Chevelon Butte Wind Phase I",WT,34.715885,-110.906967,9w3h8n
"Chevelon Butte Wind Phase I",WT,34.720928,-110.893143,9w3h8n
"Chevelon Butte Wind Phase I",WT,34.669056,-110.762207,9w3h8n
"Chevelon Butte Wind Phase I",WT,34.716751,-110.883255,9w3h8n
"Babbitt Ranch Wind",WT,35.664009,-111.911171,9w3h8n
"Chevelon Butte Wind Phase I",WT,34.700535,-110.894798,9w3h8n
"Chevelon Butte Wind Phase I",WT,34.723274,-110.897362,9w3h8n
"Chevelon Butte Wind Phase II",WT,34.691353,-110.790726,9w3h8n
"Chevelon Butte Wind Phase I",WT,34.729362,-110.86377,9w3h8n
"Chevelon Butte Wind Phase II",WT,34.646576,-110.791733,9w3h8n
"Chevelon Butte Wind Phase II",WT,34.680141,-110.806358,9w3h8n
"Chevelon Butte Wind Phase II",WT,34.745064,-110.848618,9w3h8n
"Chevelon Butte Wind Phase II",WT,34.681458,-110.811096,9w3h8n
"Chevelon Butte Wind Phase II",WT,34.723503,-110.827202,9w3h8n
"Chevelon Butte Wind Phase II",WT,34.678207,-110.783089,9w3h8n
"Chevelon Butte Wind Phase II",WT,34.74984,-110.83297,9w3h8n
"Chevelon Butte Wind Phase II",WT,34.676826,-110.776649,9w3h8n
"Chevelon Butte Wind Phase II",WT,34.639793,-110.768402,9w3h8n
"Babbitt Ranch Wind",WT,35.666786,-111.850746,9w3h8n
"Chevelon Butte Wind Phase II",WT,34.650883,-110.800117,9w3h8n
"Babbitt Ranch Wind",WT,35.654934,-111.893509,9w3h8n
"Chevelon Butte Wind Phase I",WT,34.707367,-110.90728,9w3h8n
"Chevelon Butte Wind Phase I",WT,34.63982,-110.795753,9w3h8n
"Chevelon Butte Wind Phase II",WT,34.667953,-110.784218,9w3h8n
"Chevelon Butte Wind Phase I",WT,34.649372,-110.819397,9w3h8n
"Chevelon Butte Wind Phase I",WT,34.671646,-110.820747,9w3h8n
"Chevelon Butte Wind Phase I",WT,34.739868,-110.880539,9w3h8n
"Chevelon Butte Wind Phase I",WT,34.683876,-110.884911,9w3h8n
"Chevelon Butte Wind Phase I",WT,34.725342,-110.902321,9w3h8n
"Chevelon Butte Wind Phase I",WT,34.744804,-110.894241,9w3h8n
"Chevelon Butte Wind Phase I",WT,34.662224,-110.818268,9w3h8n
"Chevelon Butte Wind Phase I",WT,34.717655,-110.837173,9w3h8n
"Chevelon Butte Wind Phase I",WT,34.687359,-110.88958,9w3h8n
"Chevelon Butte Wind Phase I",WT,34.715122,-110.833206,9w3h8n
"Chevelon Butte Wind Phase I",WT,34.708183,-110.86338,9w3h8n
"Chevelon Butte Wind Phase II",WT,34.644608,-110.763062,9w3h8n
"Chevelon Butte Wind Phase I",WT,34.640541,-110.802849,9w3h8n
"Chevelon Butte Wind Phase II",WT,34.746876,-110.8722,9w3h8n
"Chevelon Butte Wind Phase I",WT,34.732708,-110.916397,9w3h8n
"Chevelon Butte Wind Phase I",WT,34.749474,-110.899529,9w3h8n
"Chevelon Butte Wind Phase I",WT,34.673603,-110.825562,9w3h8n
"Chevelon Butte Wind Phase I",WT,34.727032,-110.856796,9w3h8n
"Chevelon Butte Wind Phase I",WT,34.723251,-110.848122,9w3h8n
"Chevelon Butte Wind Phase I",WT,34.664394,-110.750969,9w3h8n
"Chevelon Butte Wind Phase I",WT,34.731255,-110.934494,9w3h8n
"Chevelon Butte Wind Phase I",WT,34.703392,-110.900032,9w3h8n
"Chevelon Butte Wind Phase I",WT,34.666939,-110.756439,9w3h8n
"Chevelon Butte Wind Phase I",WT,34.644176,-110.78759,9w3h8n
"Chevelon Butte Wind Phase I",WT,34.728622,-110.908287,9w3h8n
"Chevelon Butte Wind Phase I",WT,34.71336,-110.873451,9w3h8n
"Chevelon Butte Wind Phase I",WT,34.720581,-110.840988,9w3h8n
"Chevelon Butte Wind Phase I",WT,34.713463,-110.828461,9w3h8n
"Chevelon Butte Wind Phase I",WT,34.73225,-110.867256,9w3h8n
"Chevelon Butte Wind Phase I",WT,34.641365,-110.824127,9w3h8n
"Chevelon Butte Wind Phase I",WT,34.733948,-110.872108,9w3h8n
"Chevelon Butte Wind Phase I",WT,34.641911,-110.782478,9w3h8n
"Chevelon Butte Wind Phase I",WT,34.647594,-110.813309,9w3h8n
"Chevelon Butte Wind Phase II",WT,34.744972,-110.867821,9w3h8n
"Chevelon Butte Wind Phase I",WT,34.648502,-110.836266,9w3h8n
"Chevelon Butte Wind Phase II",WT,34.670158,-110.790359,9w3h8n
"Chevelon Butte Wind Phase II",WT,34.648983,-110.795769,9w3h8n
"Chevelon Butte Wind Phase II",WT,34.647083,-110.767349,9w3h8n
"Chevelon Butte Wind Phase II",WT,34.692535,-110.795708,9w3h8n
"Chevelon Butte Wind Phase II",WT,34.676765,-110.801147,9w3h8n
"Chevelon Butte Wind Phase II",WT,34.683743,-110.815186,9w3h8n
"Chevelon Butte Wind Phase II",WT,34.721992,-110.819221,9w3h8n
"Chevelon Butte Wind Phase II",WT,34.753845,-110.841827,9w3h8n
"Babbitt Ranch Wind",WT,35.722534,-111.82122,9w3h8n
"Chevelon Butte Wind Phase II",WT,34.7267,-110.832008,9w3h8n
"Chevelon Butte Wind Phase II",WT,34.669617,-110.815529,9w3h8n
"Chevelon Butte Wind Phase II",WT,34.674686,-110.770805,9w3h8n
"Chevelon Butte Wind Phase I",WT,34.73595,-110.942673,9w3h8n
"Chevelon Butte Wind Phase I",WT,34.733665,-110.938393,9w3h8n
"Chevelon Butte Wind Phase II",WT,34.750778,-110.878937,9w3h8n
"Chevelon Butte Wind Phase II",WT,34.697861,-110.804207,9w3h8n
"Chevelon Butte Wind Phase II",WT,34.75568,-110.846779,9w3h8n
"Chevelon Butte Wind Phase II",WT,34.694626,-110.800407,9w3h8n
"Chevelon Butte Wind Phase II",WT,34.654514,-110.803711,9w3h8n
"Babbitt Ranch Wind",WT,35.636478,-111.909676,9w3h8n
"Chevelon Butte Wind Phase II",WT,34.667831,-110.80986,9w3h8n
"Chevelon Butte Wind Phase II",WT,34.657978,-110.808823,9w3h8n
"Chevelon Butte Wind Phase II",WT,34.748264,-110.853149,9w3h8n
"Chevelon Butte Wind Phase II",WT,34.715767,-110.81221,9w3h8n
"Chevelon Butte Wind Phase II",WT,34.718838,-110.815811,9w3h8n
"Chevelon Butte Wind Phase II",WT,34.642109,-110.758598,9w3h8n
"Chevelon Butte Wind Phase II",WT,34.751911,-110.837372,9w3h8n
"Chevelon Butte Wind Phase II",WT,34.651226,-110.7752,9w3h8n
"Chevelon Butte Wind Phase II",WT,34.752136,-110.882858,9w3h8n
"Perrin Ranch",WT,35.382286,-112.262466,9w3h8n
"Babbitt Ranch Wind",WT,35.676079,-111.88266,9w3h8n
"Babbitt Ranch Wind",WT,35.675781,-111.855148,9w3h8n
"Babbitt Ranch Wind",WT,35.697292,-111.83242,9w3h8n
"Babbitt Ranch Wind",WT,35.728611,-111.82058,9w3h8n
"Babbitt Ranch Wind",WT,35.680012,-111.856216,9w3h8n
"Chevelon Butte Wind Phase II",WT,34.728729,-110.839188,9w3h8n
"Chevelon Butte Wind Phase II",WT,34.747917,-110.827888,9w3h8n
"Perrin Ranch",WT,35.409809,-112.274879,9w3h8n
"Babbitt Ranch Wind",WT,35.714638,-111.880463,9w3h8n
"Perrin Ranch",WT,35.458282,-112.223038,9w3h8n
"Perrin Ranch",WT,35.477917,-112.309174,9w3h8n
"Perrin Ranch",WT,35.455635,-112.333954,9w3h8n
"Perrin Ranch",WT,35.36594,-112.303192,9w3h8n
"Chevelon Butte Wind Phase I",WT,34.644211,-110.808334,9w3h8n
"Perrin Ranch",WT,35.393963,-112.268333,9w3h8n
"Babbitt Ranch Wind",WT,35.694065,-111.878006,9w3h8n
"Babbitt Ranch Wind",WT,35.6628,-111.845306,9w3h8n
"Babbitt Ranch Wind",WT,35.632236,-111.909637,9w3h8n
"Babbitt Ranch Wind",WT,35.721638,-111.855042,9w3h8n
"Babbitt Ranch Wind",WT,35.659424,-111.842278,9w3h8n
"Babbitt Ranch Wind",WT,35.670078,-111.882545,9w3h8n
"Babbitt Ranch Wind",WT,35.708179,-111.850967,9w3h8n
"Babbitt Ranch Wind",WT,35.710625,-111.88044,9w3h8n
"Babbitt Ranch Wind",WT,35.690048,-111.881126,9w3h8n
"Perrin Ranch",WT,35.482903,-112.280174,9w3h8n
"Perrin Ranch",WT,35.365677,-112.317734,9w3h8n
"Perrin Ranch",WT,35.437813,-112.219688,9w3h8n
"Perrin Ranch",WT,35.473526,-112.225662,9w3h8n
"Babbitt Ranch Wind",WT,35.699032,-111.842407,9w3h8n
"Babbitt Ranch Wind",WT,35.722679,-111.882492,9w3h8n
"Perrin Ranch",WT,35.4389,-112.333588,9w3h8n
"Perrin Ranch",WT,35.435879,-112.332191,9w3h8n
"Perrin Ranch",WT,35.477257,-112.294853,9w3h8n
"Perrin Ranch",WT,35.372223,-112.331169,9w3h8n
"Perrin Ranch",WT,35.466209,-112.330933,9w3h8n
"Perrin Ranch",WT,35.420704,-112.274162,9w3h8n
"Perrin Ranch",WT,35.469337,-112.224609,9w3h8n
"Perrin Ranch",WT,35.432354,-112.331398,9w3h8n
"Perrin Ranch",WT,35.480732,-112.303757,9w3h8n
"Perrin Ranch",WT,35.475342,-112.326752,9w3h8n
"Perrin Ranch",WT,35.427204,-112.332825,9w3h8n
"Perrin Ranch",WT,35.364166,-112.300659,9w3h8n
"Perrin Ranch",WT,35.468353,-112.333794,9w3h8n
"Perrin Ranch",WT,35.367371,-112.308517,9w3h8n
"Perrin Ranch",WT,35.39209,-112.266396,9w3h8n
"Perrin Ranch",WT,35.471352,-112.321465,9w3h8n
"Babbitt Ranch Wind",WT,35.689503,-111.858589,9w3h8n
"Babbitt Ranch Wind",WT,35.726677,-111.85759,9w3h8n
"Babbitt Ranch Wind",WT,35.718735,-111.882126,9w3h8n
"Babbitt Ranch Wind",WT,35.693123,-111.832962,9w3h8n
"Chevelon Butte Wind Phase II",WT,34.672989,-110.795349,9w3h8n
"Chevelon Butte Wind Phase I",WT,34.697353,-110.890671,9w3h8n
"Babbitt Ranch Wind",WT,35.711716,-111.85553,9w3h8n
"Babbitt Ranch Wind",WT,35.650211,-111.904587,9w3h8n
"Babbitt Ranch Wind",WT,35.672516,-111.851799,9w3h8n
"Babbitt Ranch Wind",WT,35.70245,-111.87896,9w3h8n
"Babbitt Ranch Wind",WT,35.706226,-111.880302,9w3h8n
"Babbitt Ranch Wind",WT,35.659897,-111.888069,9w3h8n
"Perrin Ranch",WT,35.417671,-112.2854,9w3h8n
"Chevelon Butte Wind Phase II",WT,34.664295,-110.779449,9w3h8n
"Babbitt Ranch Wind",WT,35.703243,-111.846748,9w3h8n
"Chevelon Butte Wind Phase II",WT,34.745037,-110.822029,9w3h8n
"Babbitt Ranch Wind",WT,35.655006,-111.904892,9w3h8n
"Babbitt Ranch Wind",WT,35.681606,-111.882347,9w3h8n
"Babbitt Ranch Wind",WT,35.63203,-111.929039,9w3h8n
"Babbitt Ranch Wind",WT,35.697643,-111.879807,9w3h8n
"Babbitt Ranch Wind",WT,35.661297,-111.90464,9w3h8n
"Babbitt Ranch Wind",WT,35.683788,-111.857437,9w3h8n
"Babbitt Ranch Wind",WT,35.640377,-111.910217,9w3h8n
"Babbitt Ranch Wind",WT,35.688053,-111.833199,9w3h8n
"Babbitt Ranch Wind",WT,35.63937,-111.930038,9w3h8n
"Perrin Ranch",WT,35.432098,-112.21981,9w3h8n
"Chevelon Butte Wind Phase II",WT,34.653172,-110.781998,9w3h8n
"Babbitt Ranch Wind",WT,35.694809,-111.841888,9w3h8n
"Babbitt Ranch Wind",WT,35.645523,-111.904655,9w3h8n
"Babbitt Ranch Wind",WT,35.667145,-111.915237,9w3h8n
"Babbitt Ranch Wind",WT,35.630672,-111.921021,9w3h8n
"Babbitt Ranch Wind",WT,35.664272,-111.886742,9w3h8n
"Perrin Ranch",WT,35.418468,-112.27227,9w3h8n
"Babbitt Ranch Wind",WT,35.684597,-111.830238,9w3h8n
"Perrin Ranch",WT,35.475914,-112.286034,9w3h8n
"Perrin Ranch",WT,35.366337,-112.312096,9w3h8n
"Milford Phase I",WT,38.561695,-112.947289,9wbmjr
"Milford Phase I",WT,38.539593,-112.904091,9wbmjr
"Milford Phase I",WT,38.553993,-112.914986,9wbmjr
"Milford Phase I",WT,38.508095,-112.97509,9wbmjr
"Milford Phase II",WT,38.574093,-112.947189,9wbmjr
"Milford Phase II",WT,38.572994,-112.944687,9wbmjr
"Milford Phase I",WT,38.522194,-112.934288,9wbmjr
"Milford Phase II",WT,38.574394,-112.899887,9wbmjr
"Milford Phase I",WT,38.511395,-112.937889,9wbmjr
"Milford Phase I",WT,38.522896,-112.937088,9wbmjr
"Milford Phase I",WT,38.542294,-112.915787,9wbmjr
"Milford Phase I",WT,38.496094,-112.924988,9wbmjr
"Milford Phase I",WT,38.561195,-112.943985,9wbmjr
"Milford Phase I",WT,38.494495,-112.918091,9wbmjr
"Milford Phase I",WT,38.529896,-112.96479,9wbmjr
"Milford Phase I",WT,38.495693,-112.921791,9wbmjr
"Milford Phase I",WT,38.553577,-112.962181,9wbmjr
"Milford Phase I",WT,38.552795,-112.909485,9wbmjr
"Milford Phase I",WT,38.552094,-112.907188,9wbmjr
"Milford Phase I",WT,38.521496,-112.928589,9wbmjr
"Milford Phase II",WT,38.575394,-112.954887,9wbmjr
"Milford Phase I",WT,38.570194,-112.931992,9wbmjr
"Milford Phase II",WT,38.574394,-112.949791,9wbmjr
"Milford Phase I",WT,38.537895,-112.897789,9wbmjr
"Milford Phase II",WT,38.574894,-112.952385,9wbmjr
"Milford Phase I",WT,38.561001,-112.893822,9wbmjr
"Milford Phase I",WT,38.554779,-112.967606,9wbmjr
"Milford Phase I",WT,38.505993,-112.96579,9wbmjr
"Milford Phase I",WT,38.521793,-112.931488,9wbmjr
"Milford Phase I",WT,38.563194,-112.902885,9wbmjr
"Milford Phase I",WT,38.535694,-112.937592,9wbmjr
"Milford Phase I",WT,38.567993,-112.923187,9wbmjr
"Milford Phase I",WT,38.506695,-112.968887,9wbmjr
"Milford Phase I",WT,38.505196,-112.962685,9wbmjr
"Milford Phase I",WT,38.507393,-112.971886,9wbmjr
"Milford Phase I",WT,38.562492,-112.900085,9wbmjr
"Milford Phase I",WT,38.514893,-112.953285,9wbmjr
"Milford Phase I",WT,38.550392,-112.951591,9wbmjr
"Milford Phase I",WT,38.562096,-112.950287,9wbmjr
"Milford Phase I",WT,38.504494,-112.959587,9wbmjr
"Milford Phase I",WT,38.497494,-112.93129,9wbmjr
"Milford Phase I",WT,38.568695,-112.926086,9wbmjr
"Milford Phase I",WT,38.531494,-112.971191,9wbmjr
"Milford Phase I",WT,38.537292,-112.894989,9wbmjr
"Milford Phase I",WT,38.569492,-112.928986,9wbmjr
"Milford Phase II",WT,38.573692,-112.896385,9wbmjr
"Milford Phase II",WT,38.575993,-112.957489,9wbmjr
"Milford Phase II",WT,38.572895,-112.893585,9wbmjr
"Milford Phase I",WT,38.541096,-112.910088,9wbmjr
"Milford Phase I",WT,38.537792,-112.946991,9wbmjr
"Milford Phase I",WT,38.515495,-112.906189,9wbmjr
"Milford Phase I",WT,38.513695,-112.946388,9wbmjr
"Milford Phase I",WT,38.503796,-112.956589,9wbmjr
"Milford Phase I",WT,38.559795,-112.939186,9wbmjr
"Milford Phase I",WT,38.499195,-112.937988,9wbmjr
"Milford Phase I",WT,38.566296,-112.966988,9wbmjr
"Milford Phase I",WT,38.565193,-112.962685,9wbmjr
"Milford Phase I",WT,38.555893,-112.973091,9wbmjr
"Milford Phase I",WT,38.532993,-112.928787,9wbmjr
"Milford Phase I",WT,38.528496,-112.95929,9wbmjr
"Milford Phase I",WT,38.534992,-112.934685,9wbmjr
"Milford Phase I",WT,38.536392,-112.891891,9wbmjr
"Milford Phase I",WT,38.516895,-112.911491,9wbmjr
"Milford Phase I",WT,38.538494,-112.900688,9wbmjr
"Milford Phase I",WT,38.514793,-112.903091,9wbmjr
"Milford Phase I",WT,38.512093,-112.940689,9wbmjr
"Milford Phase I",WT,38.556595,-112.975685,9wbmjr
"Milford Phase I",WT,38.551292,-112.954391,9wbmjr
"Milford Phase I",WT,38.518494,-112.917786,9wbmjr
"Milford Phase I",WT,38.563793,-112.956184,9wbmjr
"Milford Phase I",WT,38.567394,-112.920189,9wbmjr
"Milford Phase I",WT,38.516193,-112.90889,9wbmjr
"Milford Phase I",WT,38.503094,-112.953491,9wbmjr
"Milford Phase I",WT,38.500793,-112.943985,9wbmjr
"Milford Phase I",WT,38.532295,-112.92569,9wbmjr
"Milford Phase I",WT,38.565292,-112.911491,9wbmjr
"Milford Phase I",WT,38.529495,-112.96209,9wbmjr
"Milford Phase I",WT,38.555294,-112.97039,9wbmjr
"Milford Phase I",WT,38.496796,-112.927788,9wbmjr
"Milford Phase I",WT,38.564396,-112.908386,9wbmjr
"Milford Phase I",WT,38.527893,-112.956184,9wbmjr
"Milford Phase I",WT,38.565937,-112.914421,9wbmjr
"Milford Phase I",WT,38.562992,-112.953186,9wbmjr
"Milford Phase I",WT,38.560493,-112.941589,9wbmjr
"Milford Phase I",WT,38.559296,-112.937286,9wbmjr
"Milford Phase I",WT,38.552692,-112.959785,9wbmjr
"Milford Phase I",WT,38.566895,-112.917488,9wbmjr
"Milford Phase I",WT,38.541294,-112.913086,9wbmjr
"Milford Phase I",WT,38.563793,-112.905685,9wbmjr
"Milford Phase I",WT,38.514294,-112.950584,9wbmjr
"Milford Phase I",WT,38.512993,-112.943489,9wbmjr
"Milford Phase I",WT,38.501495,-112.946991,9wbmjr
"Milford Phase I",WT,38.535995,-112.940392,9wbmjr
"Milford Phase I",WT,38.517593,-112.915085,9wbmjr
"Milford Phase I",WT,38.554092,-112.964989,9wbmjr
"Milford Phase I",WT,38.520794,-112.925491,9wbmjr
"Milford Phase I",WT,38.553593,-112.912186,9wbmjr
"Milford Phase I",WT,38.564594,-112.959991,9wbmjr
"Milford Phase I",WT,38.551495,-112.904785,9wbmjr
"Milford Phase I",WT,38.540394,-112.907089,9wbmjr
"Milford Phase I",WT,38.531494,-112.922585,9wbmjr
"Milford Phase I",WT,38.500095,-112.940987,9wbmjr
"Milford Phase I",WT,38.530792,-112.968086,9wbmjr
"Milford Phase I",WT,38.498295,-112.934288,9wbmjr
"Milford Phase I",WT,38.519394,-112.920792,9wbmjr
"Milford Phase I",WT,38.561592,-112.896591,9wbmjr
"Red Mesa",WT,35.270393,-107.403687,9wdb95
"Red Mesa",WT,35.267296,-107.412888,9wdb95
"Red Mesa",WT,35.246895,-107.370087,9wdb95
"Red Mesa",WT,35.237595,-107.380592,9wdb95
"Red Mesa",WT,35.251595,-107.40049,9wdb95
"Red Mesa",WT,35.237694,-107.368294,9wdb95
"Red Mesa",WT,35.244392,-107.370392,9wdb95
"Red Mesa",WT,35.242493,-107.377991,9wdb95
"Red Mesa",WT,35.269993,-107.389191,9wdb95
"Red Mesa",WT,35.245693,-107.387489,9wdb95
"Red Mesa",WT,35.258194,-107.36969,9wdb95
"Red Mesa",WT,35.269993,-107.354988,9wdb95
"Red Mesa",WT,35.266094,-107.357391,9wdb95
"Red Mesa",WT,35.237694,-107.372787,9wdb95
"Red Mesa",WT,35.241196,-107.366386,9wdb95
"Red Mesa",WT,35.272293,-107.398491,9wdb95
"Red Mesa",WT,35.237694,-107.388588,9wdb95
"Red Mesa",WT,35.260193,-107.381691,9wdb95
"Red Mesa",WT,35.260296,-107.376289,9wdb95
"Red Mesa",WT,35.262093,-107.389687,9wdb95
"Red Mesa",WT,35.262592,-107.355186,9wdb95
"Red Mesa",WT,35.245193,-107.376991,9wdb95
"Red Mesa",WT,35.242195,-107.392189,9wdb95
"Red Mesa",WT,35.267395,-107.389191,9wdb95
"Red Mesa",WT,35.262695,-107.381287,9wdb95
"Red Mesa",WT,35.252792,-107.37149,9wdb95
"Red Mesa",WT,35.247692,-107.393494,9wdb95
"Red Mesa",WT,35.259396,-107.389992,9wdb95
"Red Mesa",WT,35.257393,-107.391891,9wdb95
"Red Mesa",WT,35.264496,-107.410889,9wdb95
"Red Mesa",WT,35.257195,-107.364792,9wdb95
"Red Mesa",WT,35.255592,-107.37249,9wdb95
"Red Mesa",WT,35.272194,-107.372993,9wdb95
"Red Mesa",WT,35.269993,-107.374191,9wdb95
"Red Mesa",WT,35.239895,-107.390991,9wdb95
"Red Mesa",WT,35.250694,-107.375893,9wdb95
"Red Mesa",WT,35.244892,-107.392593,9wdb95
"Red Mesa",WT,35.267593,-107.372292,9wdb95
"Red Mesa",WT,35.272392,-107.366089,9wdb95
"Red Mesa",WT,35.248295,-107.387192,9wdb95
"Red Mesa",WT,35.261795,-107.40889,9wdb95
"Red Mesa",WT,35.264694,-107.359993,9wdb95
"Red Mesa",WT,35.272095,-107.411293,9wdb95
"Red Mesa",WT,35.255592,-107.38369,9wdb95
"Red Mesa",WT,35.265194,-107.380791,9wdb95
"Red Mesa",WT,35.239994,-107.380089,9wdb95
"Red Mesa",WT,35.237595,-107.383987,9wdb95
"Red Mesa",WT,35.249893,-107.371094,9wdb95
"Red Mesa",WT,35.267494,-107.36129,9wdb95
"Red Mesa",WT,35.253895,-107.403191,9wdb95
"Red Mesa",WT,35.268696,-107.380592,9wdb95
"Red Mesa",WT,35.255993,-107.395592,9wdb95
"Red Mesa",WT,35.264595,-107.372192,9wdb95
"Red Mesa",WT,35.272194,-107.361389,9wdb95
"Red Mesa",WT,35.269695,-107.412086,9wdb95
"Red Mesa",WT,35.247993,-107.37619,9wdb95
"Red Mesa",WT,35.267693,-107.405388,9wdb95
"Red Mesa",WT,35.257893,-107.38269,9wdb95
"Red Mesa",WT,35.268696,-107.358688,9wdb95
"Red Mesa",WT,35.272293,-107.38839,9wdb95
"Red Mesa",WT,35.239994,-107.369392,9wdb95
"Red Mesa",WT,35.271595,-107.380287,9wdb95
"Red Mesa",WT,35.240894,-107.384087,9wdb95
"Red Mesa",WT,35.250694,-107.385986,9wdb95
"Latigo",WT,37.901257,-109.403526,9we1bp
"Latigo",WT,37.891609,-109.397987,9we1bp
"Latigo",WT,37.888691,-109.364281,9we1bp
"Latigo",WT,37.899319,-109.374374,9we1bp
"Latigo",WT,37.891262,-109.358208,9we1bp
"Latigo",WT,37.896225,-109.409317,9we1bp
"Latigo",WT,37.887291,-109.367485,9we1bp
"Latigo",WT,37.888069,-109.405212,9we1bp
"Latigo",WT,37.907108,-109.391586,9we1bp
"Latigo",WT,37.893898,-109.384842,9we1bp
"Latigo",WT,37.907848,-109.378189,9we1bp
"Latigo",WT,37.889084,-109.360992,9we1bp
"Latigo",WT,37.883816,-109.374786,9we1bp
"Latigo",WT,37.887753,-109.409409,9we1bp
"Latigo",WT,37.894745,-109.381065,9we1bp
"Latigo",WT,37.909222,-109.38501,9we1bp
"Latigo",WT,37.884102,-109.370422,9we1bp
"Latigo",WT,37.893246,-109.394981,9we1bp
"Latigo",WT,37.900463,-109.371323,9we1bp
"Latigo",WT,37.883072,-109.381294,9we1bp
"Latigo",WT,37.892509,-109.391518,9we1bp
"Latigo",WT,37.898376,-109.406242,9we1bp
"Latigo",WT,37.896477,-109.376991,9we1bp
"Latigo",WT,37.890083,-109.401604,9we1bp
"Latigo",WT,37.883408,-109.378021,9we1bp
"Latigo",WT,37.893257,-109.388153,9we1bp
"Latigo",WT,37.907688,-109.38829,9we1bp
"El Cabo",WT,34.729103,-105.588493,9we1bp
"High Lonesome",WT,34.468395,-105.963287,9we1bp
"High Lonesome",WT,34.490894,-105.969093,9we1bp
"Western Spirit",WT,34.336285,-105.423943,9we1bp
"Western Spirit",WT,34.417782,-105.368034,9we1bp
"Western Spirit",WT,34.686401,-105.348549,9we1bp
"El Cabo",WT,34.650066,-105.646858,9we1bp
"Western Spirit",WT,34.305607,-105.362381,9we1bp
"Western Spirit",WT,34.460518,-105.335449,9we1bp
"Western Spirit",WT,34.382843,-105.497932,9we1bp
"High Lonesome",WT,34.474693,-105.963692,9we1bp
"El Cabo",WT,34.659363,-105.694878,9we1bp
"Western Spirit",WT,34.432137,-105.485245,9we1bp
"Western Spirit",WT,34.409336,-105.374374,9we1bp
"Western Spirit",WT,34.739552,-105.311523,9we1bp
"Western Spirit",WT,34.359261,-105.517654,9we1bp
"Western Spirit",WT,34.692307,-105.326012,9we1bp
"High Lonesome",WT,34.439293,-105.95079,9we1bp
"Western Spirit",WT,34.764725,-105.293274,9we1bp
"Western Spirit",WT,34.713474,-105.338379,9we1bp
"High Lonesome",WT,34.472492,-105.963387,9we1bp
"Western Spirit",WT,34.273178,-105.393242,9we1bp
"High Lonesome",WT,34.438793,-105.94529,9we1bp
"High Lonesome",WT,34.462593,-105.958893,9we1bp
"Western Spirit",WT,34.374783,-105.367416,9we1bp
"Western Spirit",WT,34.722649,-105.342636,9we1bp
"High Lonesome",WT,34.494995,-105.978188,9we1bp
"Western Spirit",WT,34.30162,-105.362312,9we1bp
"Western Spirit",WT,34.801525,-105.31263,9we1bp
"Western Spirit",WT,34.756237,-105.307259,9we1bp
"Western Spirit",WT,34.356422,-105.394997,9we1bp
"Western Spirit",WT,34.705723,-105.30191,9we1bp
"Western Spirit",WT,34.773182,-105.306206,9we1bp
"High Lonesome",WT,34.493694,-105.97049,9we1bp
"High Lonesome",WT,34.478893,-105.965286,9we1bp
"Western Spirit",WT,34.418156,-105.389465,9we1bp
"Western Spirit",WT,34.69553,-105.31282,9we1bp
"Western Spirit",WT,34.682831,-105.377411,9we1bp
"High Lonesome",WT,34.451996,-105.953194,9we1bp
"Western Spirit",WT,34.372166,-105.399689,9we1bp
"Western Spirit",WT,34.303764,-105.316528,9we1bp
"Western Spirit",WT,34.443424,-105.403915,9we1bp
"Western Spirit",WT,34.301426,-105.329002,9we1bp
"Western Spirit",WT,34.454712,-105.349487,9we1bp
"Western Spirit",WT,34.696228,-105.301025,9we1bp
"Western Spirit",WT,34.413887,-105.363914,9we1bp
"Western Spirit",WT,34.712379,-105.327606,9we1bp
"Western Spirit",WT,34.683018,-105.325142,9we1bp
"Western Spirit",WT,34.268883,-105.419479,9we1bp
"Western Spirit",WT,34.410267,-105.512047,9we1bp
"Western Spirit",WT,34.321667,-105.366188,9we1bp
"Western Spirit",WT,34.274761,-105.340141,9we1bp
"Western Spirit",WT,34.316429,-105.428238,9we1bp
"Western Spirit",WT,34.719879,-105.342537,9we1bp
"Western Spirit",WT,34.263306,-105.315094,9we1bp
"El Cabo",WT,34.682457,-105.588402,9we1bp
"Western Spirit",WT,34.332684,-105.391541,9we1bp
"Western Spirit",WT,34.459225,-105.324142,9we1bp
"Western Spirit",WT,34.389984,-105.470467,9we1bp
"Western Spirit",WT,34.715572,-105.315956,9we1bp
"Western Spirit",WT,34.735016,-105.324966,9we1bp
"High Lonesome",WT,34.436993,-105.94519,9we1bp
"Western Spirit",WT,34.707619,-105.363907,9we1bp
"Western Spirit",WT,34.685585,-105.294502,9we1bp
"Western Spirit",WT,34.767536,-105.306534,9we1bp
"Western Spirit",WT,34.454796,-105.324867,9we1bp
"Western Spirit",WT,34.313278,-105.421608,9we1bp
"Western Spirit",WT,34.425438,-105.41069,9we1bp
"Western Spirit",WT,34.367222,-105.419022,9we1bp
"Western Spirit",WT,34.712612,-105.316864,9we1bp
"El Cabo",WT,34.800838,-105.611267,9we1bp
"Western Spirit",WT,34.264221,-105.338959,9we1bp
"Western Spirit",WT,34.775909,-105.306465,9we1bp
"Western Spirit",WT,34.297897,-105.362457,9we1bp
"Western Spirit",WT,34.297134,-105.329506,9we1bp
"El Cabo",WT,34.728863,-105.606361,9we1bp
"Western Spirit",WT,34.354729,-105.358078,9we1bp
"Western Spirit",WT,34.331512,-105.42643,9we1bp
"El Cabo",WT,34.716148,-105.687553,9we1bp
"High Lonesome",WT,34.485493,-105.966789,9we1bp
"High Lonesome",WT,34.498695,-105.974586,9we1bp
"La Joya II",WT,34.61076,-105.641464,9we1bp
"La Joya II",WT,34.577869,-105.676834,9we1bp
"La Joya II",WT,34.603207,-105.646469,9we1bp
"La Joya II",WT,34.627396,-105.718483,9we1bp
"La Joya II",WT,34.596241,-105.750984,9we1bp
"La Joya II",WT,34.582058,-105.653358,9we1bp
"La Joya II",WT,34.576458,-105.661102,9we1bp
"La Joya II",WT,34.572876,-105.662415,9we1bp
"La Joya II",WT,34.614677,-105.757309,9we1bp
"La Joya II",WT,34.595871,-105.736252,9we1bp
"La Joya II",WT,34.596233,-105.766037,9we1bp
"La Joya II",WT,34.598984,-105.646446,9we1bp
"La Joya II",WT,34.63858,-105.753525,9we1bp
"La Joya II",WT,34.607132,-105.70845,9we1bp
"Western Spirit",WT,34.26088,-105.372444,9we1bp
"Western Spirit",WT,34.287498,-105.420357,9we1bp
"Western Spirit",WT,34.716095,-105.339577,9we1bp
"Western Spirit",WT,34.415955,-105.486282,9we1bp
"La Joya II",WT,34.587421,-105.720825,9we1bp
"La Joya II",WT,34.585861,-105.706978,9we1bp
"La Joya II",WT,34.583035,-105.699272,9we1bp
"La Joya II",WT,34.621685,-105.638283,9we1bp
"La Joya",WT,34.64867,-105.753822,9we1bp
"La Joya II",WT,34.618568,-105.644989,9we1bp
"La Joya II",WT,34.613644,-105.590187,9we1bp
"La Joya II",WT,34.61171,-105.745041,9we1bp
"La Joya II",WT,34.590839,-105.721306,9we1bp
"La Joya II",WT,34.586182,-105.683464,9we1bp
"La Joya II",WT,34.597797,-105.723358,9we1bp
"La Joya II",WT,34.617973,-105.760895,9we1bp
"La Joya II",WT,34.587818,-105.663803,9we1bp
"Western Spirit",WT,34.28149,-105.389984,9we1bp
"La Joya II",WT,34.585514,-105.653267,9we1bp
"La Joya II",WT,34.584454,-105.667473,9we1bp
"La Joya II",WT,34.621304,-105.653542,9we1bp
"La Joya II",WT,34.606483,-105.64579,9we1bp
"La Joya II",WT,34.613602,-105.708557,9we1bp
"High Lonesome",WT,34.487293,-105.96769,9we1bp
"Western Spirit",WT,34.770317,-105.306732,9we1bp
"El Cabo",WT,34.645603,-105.650261,9we1bp
"Western Spirit",WT,34.790577,-105.310661,9we1bp
"Western Spirit",WT,34.477871,-105.356781,9we1bp
"High Lonesome",WT,34.488396,-105.974892,9we1bp
"High Lonesome",WT,34.464893,-105.96199,9we1bp
"Western Spirit",WT,34.70937,-105.329041,9we1bp
"Western Spirit",WT,34.388111,-105.530678,9we1bp
"Western Spirit",WT,34.680897,-105.34845,9we1bp
"Western Spirit",WT,34.261154,-105.396721,9we1bp
"Western Spirit",WT,34.716442,-105.301651,9we1bp
"Western Spirit",WT,34.421192,-105.379829,9we1bp
"Western Spirit",WT,34.34227,-105.358559,9we1bp
"High Lonesome",WT,34.495396,-105.971786,9we1bp
"High Lonesome",WT,34.440292,-105.946793,9we1bp
"High Lonesome",WT,34.441593,-105.948288,9we1bp
"High Lonesome",WT,34.488995,-105.96859,9we1bp
"High Lonesome",WT,34.460896,-105.958191,9we1bp
"Western Spirit",WT,34.266491,-105.373917,9we1bp
"Western Spirit",WT,34.725704,-105.297661,9we1bp
"Western Spirit",WT,34.727383,-105.313652,9we1bp
"Western Spirit",WT,34.447872,-105.338448,9we1bp
"El Cabo",WT,34.787403,-105.669403,9we1bp
"Western Spirit",WT,34.267082,-105.357246,9we1bp
"El Cabo",WT,34.707336,-105.599335,9we1bp
"El Cabo",WT,34.813038,-105.638107,9we1bp
"El Cabo",WT,34.708668,-105.613617,9we1bp
"El Cabo",WT,34.655556,-105.707771,9we1bp
"El Cabo",WT,34.69532,-105.614754,9we1bp
"Western Spirit",WT,34.373894,-105.522827,9we1bp
"El Cabo",WT,34.825153,-105.644043,9we1bp
"Western Spirit",WT,34.376911,-105.487686,9we1bp
"Western Spirit",WT,34.458633,-105.350006,9we1bp
"Western Spirit",WT,34.728046,-105.330643,9we1bp
"Western Spirit",WT,34.317787,-105.364548,9we1bp
"Western Spirit",WT,34.385586,-105.35112,9we1bp
"Western Spirit",WT,34.293072,-105.338188,9we1bp
"Western Spirit",WT,34.721619,-105.313156,9we1bp
"Western Spirit",WT,34.263691,-105.372437,9we1bp
"El Cabo",WT,34.690754,-105.680534,9we1bp
"El Cabo",WT,34.797646,-105.62851,9we1bp
"Western Spirit",WT,34.366646,-105.493546,9we1bp
"Western Spirit",WT,34.719505,-105.300751,9we1bp
"Western Spirit",WT,34.681046,-105.373154,9we1bp
"Western Spirit",WT,34.322365,-105.380661,9we1bp
"Western Spirit",WT,34.453789,-105.363869,9we1bp
"El Cabo",WT,34.668777,-105.703667,9we1bp
"Western Spirit",WT,34.294506,-105.420685,9we1bp
"Western Spirit",WT,34.260757,-105.337029,9we1bp
"Western Spirit",WT,34.476021,-105.338043,9we1bp
"Western Spirit",WT,34.270546,-105.359619,9we1bp
"Western Spirit",WT,34.323387,-105.427505,9we1bp
"Western Spirit",WT,34.722652,-105.299164,9we1bp
"Western Spirit",WT,34.293858,-105.363441,9we1bp
"Western Spirit",WT,34.379353,-105.49791,9we1bp
"Western Spirit",WT,34.314529,-105.379097,9we1bp
"Western Spirit",WT,34.282871,-105.327293,9we1bp
"Western Spirit",WT,34.298141,-105.42041,9we1bp
"Western Spirit",WT,34.377796,-105.401497,9we1bp
"Western Spirit",WT,34.709351,-105.31842,9we1bp
"El Cabo",WT,34.715843,-105.628738,9we1bp
"El Cabo",WT,34.790409,-105.604362,9we1bp
"El Cabo",WT,34.790684,-105.654594,9we1bp
"Western Spirit",WT,34.363201,-105.517586,9we1bp
"Western Spirit",WT,34.691055,-105.354355,9we1bp
"Western Spirit",WT,34.704758,-105.364052,9we1bp
"Western Spirit",WT,34.761871,-105.294205,9we1bp
"Western Spirit",WT,34.267673,-105.339066,9we1bp
"Western Spirit",WT,34.38987,-105.499886,9we1bp
"El Cabo",WT,34.716507,-105.612984,9we1bp
"Western Spirit",WT,34.444145,-105.337852,9we1bp
"Western Spirit",WT,34.440804,-105.350716,9we1bp
"Western Spirit",WT,34.371044,-105.490707,9we1bp
"Western Spirit",WT,34.410561,-105.361038,9we1bp
"Western Spirit",WT,34.429783,-105.403137,9we1bp
"Western Spirit",WT,34.314339,-105.317253,9we1bp
"Western Spirit",WT,34.286682,-105.377441,9we1bp
"Western Spirit",WT,34.430164,-105.423058,9we1bp
"Western Spirit",WT,34.764721,-105.306831,9we1bp
"Western Spirit",WT,34.706402,-105.341255,9we1bp
"El Cabo",WT,34.772987,-105.629158,9we1bp
"El Cabo",WT,34.713131,-105.687599,9we1bp
"Western Spirit",WT,34.33503,-105.278206,9we1bp
"Western Spirit",WT,34.290638,-105.299149,9we1bp
"Western Spirit",WT,34.329033,-105.293144,9we1bp
"Western Spirit",WT,34.332905,-105.294701,9we1bp
"Western Spirit",WT,34.313618,-105.289093,9we1bp
"Western Spirit",WT,34.285385,-105.284409,9we1bp
"Western Spirit",WT,34.257172,-105.393089,9we1bp
"Western Spirit",WT,34.256958,-105.331612,9we1bp
"Western Spirit",WT,34.253448,-105.429909,9we1bp
"Western Spirit",WT,34.325085,-105.292397,9we1bp
"Western Spirit",WT,34.249344,-105.406548,9we1bp
"Western Spirit",WT,34.250652,-105.500687,9we1bp
"Western Spirit",WT,34.330936,-105.269821,9we1bp
"Western Spirit",WT,34.343185,-105.279526,9we1bp
"Western Spirit",WT,34.294292,-105.300003,9we1bp
"Western Spirit",WT,34.25753,-105.429092,9we1bp
"Western Spirit",WT,34.247192,-105.500641,9we1bp
"Western Spirit",WT,34.386353,-105.498108,9we1bp
"Western Spirit",WT,34.289349,-105.28463,9we1bp
"Western Spirit",WT,34.252991,-105.330292,9we1bp
"El Cabo",WT,34.800159,-105.653099,9we1bp
"Western Spirit",WT,34.382065,-105.371201,9we1bp
"Western Spirit",WT,34.32618,-105.361023,9we1bp
"Western Spirit",WT,34.274059,-105.359634,9we1bp
"Western Spirit",WT,34.297684,-105.38131,9we1bp
"Western Spirit",WT,34.339043,-105.278412,9we1bp
"Western Spirit",WT,34.257721,-105.500656,9we1bp
"Western Spirit",WT,34.305592,-105.289063,9we1bp
"Western Spirit",WT,34.336979,-105.294807,9we1bp
"Western Spirit",WT,34.326965,-105.269279,9we1bp
"Western Spirit",WT,34.318893,-105.268517,9we1bp
"Western Spirit",WT,34.293308,-105.284813,9we1bp
"Western Spirit",WT,34.254166,-105.500702,9we1bp
"Western Spirit",WT,34.254551,-105.411346,9we1bp
"Western Spirit",WT,34.321121,-105.292366,9we1bp
"Western Spirit",WT,34.317471,-105.289108,9we1bp
"Western Spirit",WT,34.257755,-105.413719,9we1bp
"Western Spirit",WT,34.393963,-105.375587,9we1bp
"Western Spirit",WT,34.688721,-105.292923,9we1bp
"Western Spirit",WT,34.439186,-105.337395,9we1bp
"Western Spirit",WT,34.374023,-105.430717,9we1bp
"Western Spirit",WT,34.446125,-105.351936,9we1bp
"Western Spirit",WT,34.361938,-105.362488,9we1bp
"Western Spirit",WT,34.406284,-105.511955,9we1bp
"Western Spirit",WT,34.342358,-105.439941,9we1bp
"Western Spirit",WT,34.698696,-105.320114,9we1bp
"El Cabo",WT,34.797207,-105.606064,9we1bp
"Western Spirit",WT,34.691574,-105.293335,9we1bp
"Western Spirit",WT,34.309807,-105.405724,9we1bp
"Western Spirit",WT,34.423981,-105.392998,9we1bp
"Western Spirit",WT,34.727711,-105.342728,9we1bp
"Western Spirit",WT,34.328568,-105.397949,9we1bp
"Western Spirit",WT,34.350819,-105.443161,9we1bp
"Western Spirit",WT,34.690182,-105.337769,9we1bp
"Western Spirit",WT,34.701817,-105.377686,9we1bp
"Western Spirit",WT,34.422489,-105.352455,9we1bp
"El Cabo",WT,34.794456,-105.628746,9we1bp
"Western Spirit",WT,34.359657,-105.420731,9we1bp
"Western Spirit",WT,34.301224,-105.382317,9we1bp
"Western Spirit",WT,34.381821,-105.469322,9we1bp
"Western Spirit",WT,34.376884,-105.352715,9we1bp
"Western Spirit",WT,34.32999,-105.362572,9we1bp
"Western Spirit",WT,34.472061,-105.336838,9we1bp
"Western Spirit",WT,34.74242,-105.31089,9we1bp
"Western Spirit",WT,34.348476,-105.421913,9we1bp
"Western Spirit",WT,34.307384,-105.377258,9we1bp
"Western Spirit",WT,34.804249,-105.312981,9we1bp
"Western Spirit",WT,34.269131,-105.395691,9we1bp
"Western Spirit",WT,34.439724,-105.4086,9we1bp
"El Cabo",WT,34.648167,-105.700485,9we1bp
"Western Spirit",WT,34.412109,-105.486267,9we1bp
"Western Spirit",WT,34.436035,-105.367218,9we1bp
"El Cabo",WT,34.710564,-105.599007,9we1bp
"Western Spirit",WT,34.320744,-105.394791,9we1bp
"Western Spirit",WT,34.329811,-105.383614,9we1bp
"Western Spirit",WT,34.385632,-105.469246,9we1bp
"Western Spirit",WT,34.718552,-105.314804,9we1bp
"Western Spirit",WT,34.406895,-105.359222,9we1bp
"Western Spirit",WT,34.444004,-105.36692,9we1bp
"Western Spirit",WT,34.371292,-105.365761,9we1bp
"El Cabo",WT,34.708889,-105.686485,9we1bp
"El Cabo",WT,34.655807,-105.64946,9we1bp
"Western Spirit",WT,34.289692,-105.376678,9we1bp
"El Cabo",WT,34.708462,-105.642822,9we1bp
"Western Spirit",WT,34.435863,-105.407135,9we1bp
"El Cabo",WT,34.688816,-105.637878,9we1bp
"El Cabo",WT,34.719646,-105.612633,9we1bp
"El Cabo",WT,34.760292,-105.631073,9we1bp
"Western Spirit",WT,34.340286,-105.423058,9we1bp
"Western Spirit",WT,34.345299,-105.359756,9we1bp
"Western Spirit",WT,34.315521,-105.407425,9we1bp
"Western Spirit",WT,34.703915,-105.328255,9we1bp
"Western Spirit",WT,34.795975,-105.312103,9we1bp
"Western Spirit",WT,34.355732,-105.420837,9we1bp
"Western Spirit",WT,34.313591,-105.363998,9we1bp
"Western Spirit",WT,34.405544,-105.372231,9we1bp
"Western Spirit",WT,34.263607,-105.355927,9we1bp
"El Cabo",WT,34.722816,-105.612328,9we1bp
"El Cabo",WT,34.780609,-105.641479,9we1bp
"El Cabo",WT,34.691982,-105.636688,9we1bp
"Western Spirit",WT,34.731876,-105.324028,9we1bp
"Western Spirit",WT,34.68034,-105.324142,9we1bp
"Western Spirit",WT,34.305813,-105.404823,9we1bp
"Western Spirit",WT,34.76194,-105.30674,9we1bp
"Western Spirit",WT,34.31094,-105.377472,9we1bp
"Western Spirit",WT,34.725285,-105.331116,9we1bp
"Western Spirit",WT,34.271374,-105.340034,9we1bp
"El Cabo",WT,34.787014,-105.640709,9we1bp
"El Cabo",WT,34.664898,-105.629417,9we1bp
"El Cabo",WT,34.712715,-105.628586,9we1bp
"El Cabo",WT,34.692032,-105.615044,9we1bp
"El Cabo",WT,34.809925,-105.653595,9we1bp
"El Cabo",WT,34.732281,-105.58815,9we1bp
"El Cabo",WT,34.655827,-105.658585,9we1bp
"El Cabo",WT,34.77739,-105.641495,9we1bp
"El Cabo",WT,34.693447,-105.657692,9we1bp
"El Cabo",WT,34.661926,-105.632751,9we1bp
"La Joya",WT,34.595573,-105.63298,9we1bp
"La Joya",WT,34.623493,-105.586983,9we1bp
"La Joya",WT,34.645077,-105.753777,9we1bp
"La Joya",WT,34.62447,-105.751106,9we1bp
"La Joya",WT,34.603325,-105.762642,9we1bp
"La Joya",WT,34.627316,-105.620026,9we1bp
"Western Spirit",WT,34.294495,-105.379837,9we1bp
"Western Spirit",WT,34.324657,-105.396507,9we1bp
"Western Spirit",WT,34.295998,-105.316727,9we1bp
"Western Spirit",WT,34.418686,-105.352028,9we1bp
"Western Spirit",WT,34.450756,-105.349007,9we1bp
"La Joya",WT,34.564999,-105.616508,9we1bp
"La Joya",WT,34.602646,-105.628212,9we1bp
"La Joya",WT,34.633537,-105.580925,9we1bp
"Western Spirit",WT,34.688854,-105.350624,9we1bp
"Western Spirit",WT,34.697392,-105.338928,9we1bp
"Western Spirit",WT,34.352631,-105.393715,9we1bp
"Western Spirit",WT,34.281513,-105.365471,9we1bp
"Western Spirit",WT,34.363918,-105.398483,9we1bp
"Western Spirit",WT,34.446934,-105.40387,9we1bp
"Western Spirit",WT,34.424149,-105.486397,9we1bp
"Western Spirit",WT,34.436386,-105.390572,9we1bp
"La Joya",WT,34.621735,-105.623215,9we1bp
"La Joya",WT,34.561642,-105.63076,9we1bp
"La Joya",WT,34.641949,-105.753136,9we1bp
"La Joya",WT,34.56781,-105.637604,9we1bp
"La Joya",WT,34.635292,-105.720047,9we1bp
"La Joya",WT,34.610554,-105.590714,9we1bp
"La Joya",WT,34.636837,-105.610504,9we1bp
"Western Spirit",WT,34.370823,-105.419037,9we1bp
"La Joya",WT,34.562065,-105.616966,9we1bp
"La Joya",WT,34.592857,-105.710129,9we1bp
"La Joya",WT,34.558937,-105.619942,9we1bp
"La Joya",WT,34.599682,-105.763901,9we1bp
"La Joya",WT,34.618546,-105.623734,9we1bp
"La Joya",WT,34.617596,-105.708206,9we1bp
"La Joya",WT,34.57103,-105.637085,9we1bp
"Western Spirit",WT,34.427525,-105.39077,9we1bp
"Western Spirit",WT,34.396088,-105.531998,9we1bp
"La Joya",WT,34.630074,-105.583588,9we1bp
"La Joya",WT,34.564686,-105.638023,9we1bp
"La Joya",WT,34.615608,-105.57869,9we1bp
"Western Spirit",WT,34.75914,-105.306625,9we1bp
"Western Spirit",WT,34.332973,-105.372452,9we1bp
"El Cabo",WT,34.684559,-105.680618,9we1bp
"El Cabo",WT,34.725361,-105.687752,9we1bp
"El Cabo",WT,34.725662,-105.606537,9we1bp
"El Cabo",WT,34.790558,-105.66893,9we1bp
"El Cabo",WT,34.735481,-105.587845,9we1bp
"El Cabo",WT,34.797009,-105.653603,9we1bp
"El Cabo",WT,34.671947,-105.703903,9we1bp
"El Cabo",WT,34.80006,-105.667587,9we1bp
"El Cabo",WT,34.676186,-105.587692,9we1bp
"El Cabo",WT,34.803959,-105.610794,9we1bp
"El Cabo",WT,34.806973,-105.624603,9we1bp
"El Cabo",WT,34.732082,-105.606026,9we1bp
"El Cabo",WT,34.728428,-105.68763,9we1bp
"El Cabo",WT,34.813023,-105.65361,9we1bp
"Western Spirit",WT,34.46804,-105.335411,9we1bp
"El Cabo",WT,34.667793,-105.624817,9we1bp
"El Cabo",WT,34.695858,-105.646004,9we1bp
"Western Spirit",WT,34.73674,-105.31089,9we1bp
"El Cabo",WT,34.712261,-105.642143,9we1bp
"El Cabo",WT,34.673008,-105.58783,9we1bp
"Western Spirit",WT,34.346218,-105.441612,9we1bp
"Western Spirit",WT,34.432446,-105.381294,9we1bp
"Western Spirit",WT,34.68354,-105.309288,9we1bp
"Western Spirit",WT,34.399372,-105.478104,9we1bp
"Western Spirit",WT,34.686096,-105.374763,9we1bp
"El Cabo",WT,34.658867,-105.658142,9we1bp
"El Cabo",WT,34.656204,-105.69519,9we1bp
"El Cabo",WT,34.705807,-105.61554,9we1bp
"El Cabo",WT,34.806759,-105.639091,9we1bp
"El Cabo",WT,34.730797,-105.629303,9we1bp
"Western Spirit",WT,34.290382,-105.363327,9we1bp
"Western Spirit",WT,34.395065,-105.478523,9we1bp
"Western Spirit",WT,34.305416,-105.421165,9we1bp
"Western Spirit",WT,34.277977,-105.340157,9we1bp
"High Lonesome",WT,34.446396,-105.953293,9we1bp
"El Cabo",WT,34.738483,-105.605385,9we1bp
"El Cabo",WT,34.796886,-105.668022,9we1bp
"La Joya",WT,34.630741,-105.751419,9we1bp
"La Joya",WT,34.612835,-105.629974,9we1bp
"Western Spirit",WT,34.273815,-105.323212,9we1bp
"Western Spirit",WT,34.414223,-105.511391,9we1bp
"El Cabo",WT,34.702198,-105.682793,9we1bp
"Western Spirit",WT,34.435349,-105.334137,9we1bp
"Western Spirit",WT,34.466217,-105.352127,9we1bp
"Western Spirit",WT,34.301712,-105.420425,9we1bp
"Western Spirit",WT,34.798603,-105.313316,9we1bp
"Western Spirit",WT,34.449806,-105.36338,9we1bp
"Western Spirit",WT,34.706654,-105.316498,9we1bp
"La Joya",WT,34.646523,-105.601418,9we1bp
"La Joya",WT,34.623856,-105.718544,9we1bp
"La Joya",WT,34.626713,-105.581612,9we1bp
"La Joya",WT,34.630482,-105.618835,9we1bp
"La Joya",WT,34.606979,-105.590927,9we1bp
"La Joya",WT,34.600594,-105.708908,9we1bp
"La Joya",WT,34.591022,-105.661812,9we1bp
"La Joya",WT,34.592453,-105.633476,9we1bp
"La Joya",WT,34.649509,-105.597092,9we1bp
"La Joya",WT,34.643002,-105.602577,9we1bp
"High Lonesome",WT,34.476795,-105.96489,9we1bp
"High Lonesome",WT,34.433895,-105.946991,9we1bp
"Western Spirit",WT,34.737686,-105.324501,9we1bp
"High Lonesome",WT,34.466599,-105.962608,9we1bp
"Western Spirit",WT,34.423462,-105.366516,9we1bp
"Western Spirit",WT,34.402882,-105.478073,9we1bp
"Western Spirit",WT,34.440002,-105.367126,9we1bp
"Western Spirit",WT,34.37611,-105.415634,9we1bp
"Western Spirit",WT,34.440464,-105.390007,9we1bp
"High Lonesome",WT,34.448395,-105.953293,9we1bp
"Western Spirit",WT,34.745224,-105.311737,9we1bp
"Western Spirit",WT,34.436192,-105.485657,9we1bp
"High Lonesome",WT,34.480595,-105.966492,9we1bp
"High Lonesome",WT,34.441093,-105.950989,9we1bp
"High Lonesome",WT,34.453995,-105.953194,9we1bp
"High Lonesome",WT,34.482494,-105.967293,9we1bp
"High Lonesome",WT,34.450294,-105.953087,9we1bp
"High Lonesome",WT,34.492695,-105.977188,9we1bp
"Western Spirit",WT,34.397366,-105.503716,9we1bp
"La Joya",WT,34.640171,-105.608795,9we1bp
"La Joya",WT,34.620941,-105.708092,9we1bp
"La Joya",WT,34.61121,-105.760384,9we1bp
"Western Spirit",WT,34.307037,-105.316521,9we1bp
"Western Spirit",WT,34.272358,-105.419449,9we1bp
"Western Spirit",WT,34.747993,-105.311501,9we1bp
"La Joya",WT,34.606258,-105.628242,9we1bp
"Western Spirit",WT,34.428215,-105.485222,9we1bp
"La Joya",WT,34.61974,-105.577255,9we1bp
"La Joya",WT,34.601391,-105.751038,9we1bp
"El Cabo",WT,34.713783,-105.598679,9we1bp
"La Joya",WT,34.579018,-105.690659,9we1bp
"Western Spirit",WT,34.336941,-105.372498,9we1bp
"Western Spirit",WT,34.26553,-105.473091,9we1bp
"La Joya",WT,34.594162,-105.658958,9we1bp
"La Joya",WT,34.623985,-105.603889,9we1bp
"La Joya",WT,34.627289,-105.75135,9we1bp
"La Joya",WT,34.617172,-105.745644,9we1bp
"La Joya",WT,34.585518,-105.637222,9we1bp
"Western Spirit",WT,34.327557,-105.426544,9we1bp
"Western Spirit",WT,34.344715,-105.373932,9we1bp
"El Cabo",WT,34.713291,-105.613289,9we1bp
"El Cabo",WT,34.699188,-105.681564,9we1bp
"La Joya",WT,34.639133,-105.623512,9we1bp
"La Joya",WT,34.589134,-105.708466,9we1bp
"La Joya",WT,34.635624,-105.623901,9we1bp
"Western Spirit",WT,34.687775,-105.33519,9we1bp
"Western Spirit",WT,34.277485,-105.389961,9we1bp
"Western Spirit",WT,34.430576,-105.357796,9we1bp
"El Cabo",WT,34.724468,-105.628593,9we1bp
"El Cabo",WT,34.662048,-105.707939,9we1bp
"El Cabo",WT,34.800819,-105.625534,9we1bp
"El Cabo",WT,34.64183,-105.696083,9we1bp
"Western Spirit",WT,34.450775,-105.324387,9we1bp
"El Cabo",WT,34.649017,-105.683685,9we1bp
"El Cabo",WT,34.663059,-105.692139,9we1bp
"El Cabo",WT,34.699146,-105.618401,9we1bp
"El Cabo",WT,34.738529,-105.587395,9we1bp
"El Cabo",WT,34.687374,-105.663689,9we1bp
"El Cabo",WT,34.722214,-105.687172,9we1bp
"El Cabo",WT,34.6744,-105.607887,9we1bp
"Western Spirit",WT,34.292038,-105.316833,9we1bp
"Western Spirit",WT,34.393364,-105.503532,9we1bp
"Western Spirit",WT,34.436886,-105.35096,9we1bp
"Western Spirit",WT,34.344433,-105.421898,9we1bp
"Western Spirit",WT,34.689453,-105.305817,9we1bp
"Western Spirit",WT,34.283928,-105.420341,9we1bp
"Western Spirit",WT,34.713528,-105.301483,9we1bp
"Western Spirit",WT,34.692051,-105.31636,9we1bp
"Western Spirit",WT,34.363365,-105.418945,9we1bp
"Western Spirit",WT,34.724606,-105.311478,9we1bp
"Western Spirit",WT,34.354809,-105.44265,9we1bp
"Western Spirit",WT,34.793385,-105.310806,9we1bp
"Western Spirit",WT,34.340908,-105.372559,9we1bp
"Western Spirit",WT,34.274242,-105.376534,9we1bp
"Western Spirit",WT,34.381195,-105.35183,9we1bp
"Western Spirit",WT,34.474197,-105.352486,9we1bp
"Western Spirit",WT,34.446781,-105.324348,9we1bp
"Western Spirit",WT,34.710304,-105.342056,9we1bp
"Western Spirit",WT,34.706573,-105.328758,9we1bp
"Western Spirit",WT,34.47015,-105.35379,9we1bp
"Western Spirit",WT,34.699867,-105.351822,9we1bp
"Western Spirit",WT,34.425152,-105.378578,9we1bp
"Western Spirit",WT,34.277332,-105.434288,9we1bp
"El Cabo",WT,34.787506,-105.655052,9we1bp
"High Lonesome",WT,34.458996,-105.957489,9we1bp
"Western Spirit",WT,34.383881,-105.529358,9we1bp
"El Cabo",WT,34.67791,-105.637497,9we1bp
"Western Spirit",WT,34.392166,-105.530701,9we1bp
"Western Spirit",WT,34.402256,-105.37117,9we1bp
"Western Spirit",WT,34.270405,-105.320374,9we1bp
"Western Spirit",WT,34.481628,-105.358757,9we1bp
"Western Spirit",WT,34.390003,-105.372147,9we1bp
"Western Spirit",WT,34.286774,-105.327309,9we1bp
"Western Spirit",WT,34.464882,-105.335396,9we1bp
"Western Spirit",WT,34.268963,-105.473076,9we1bp
"Western Spirit",WT,34.33358,-105.317162,9we1bp
"Western Spirit",WT,34.265087,-105.396187,9we1bp
"Western Spirit",WT,34.381638,-105.403572,9we1bp
"Western Spirit",WT,34.750713,-105.312286,9we1bp
"Western Spirit",WT,34.318268,-105.379883,9we1bp
"El Cabo",WT,34.71912,-105.628609,9we1bp
"Western Spirit",WT,34.420025,-105.486435,9we1bp
"Western Spirit",WT,34.309441,-105.421204,9we1bp
"La Joya",WT,34.574772,-105.638092,9we1bp
"La Joya",WT,34.597256,-105.659187,9we1bp
"El Cabo",WT,34.763443,-105.63076,9we1bp
"La Joya",WT,34.5811,-105.668983,9we1bp
"La Joya",WT,34.57468,-105.677025,9we1bp
"La Joya",WT,34.620522,-105.749931,9we1bp
"La Joya",WT,34.629398,-105.606415,9we1bp
"La Joya",WT,34.567993,-105.615433,9we1bp
"La Joya",WT,34.582008,-105.638313,9we1bp
"La Joya",WT,34.634804,-105.75222,9we1bp
"La Joya",WT,34.605293,-105.75029,9we1bp
"La Joya",WT,34.578655,-105.638687,9we1bp
"La Joya",WT,34.589443,-105.637199,9we1bp
"La Joya",WT,34.637836,-105.578384,9we1bp
"La Joya",WT,34.594173,-105.7239,9we1bp
"La Joya",WT,34.632652,-105.717934,9we1bp
"La Joya",WT,34.627354,-105.596054,9we1bp
"Western Spirit",WT,34.322018,-105.319092,9we1bp
"La Joya",WT,34.608768,-105.744835,9we1bp
"La Joya",WT,34.608082,-105.760994,9we1bp
"Western Spirit",WT,34.426327,-105.423561,9we1bp
"El Cabo",WT,34.64217,-105.681725,9we1bp
"El Cabo",WT,34.659298,-105.640373,9we1bp
"Western Spirit",WT,34.401936,-105.511436,9we1bp
"Western Spirit",WT,34.710686,-105.299973,9we1bp
"Western Spirit",WT,34.689072,-105.377045,9we1bp
"Western Spirit",WT,34.266903,-105.31514,9we1bp
"La Joya",WT,34.599384,-105.628571,9we1bp
"Western Spirit",WT,34.371189,-105.511253,9we1bp
"El Cabo",WT,34.727486,-105.628586,9we1bp
"La Joya II",WT,34.59193,-105.735397,9we1bp
"La Joya II",WT,34.614643,-105.644936,9we1bp
"La Joya II",WT,34.596439,-105.709679,9we1bp
"La Joya II",WT,34.567936,-105.653313,9we1bp
"La Joya",WT,34.609966,-105.626465,9we1bp
"La Joya",WT,34.603729,-105.709137,9we1bp
"El Cabo",WT,34.793861,-105.654114,9we1bp
"El Cabo",WT,34.685452,-105.613861,9we1bp
"El Cabo",WT,34.680649,-105.607651,9we1bp
"Western Spirit",WT,34.695534,-105.325165,9we1bp
"El Cabo",WT,34.659664,-105.683853,9we1bp
"Western Spirit",WT,34.70179,-105.363472,9we1bp
"Western Spirit",WT,34.399982,-105.533173,9we1bp
"Western Spirit",WT,34.378258,-105.370659,9we1bp
"Western Spirit",WT,34.718788,-105.329262,9we1bp
"Western Spirit",WT,34.68066,-105.310883,9we1bp
"Western Spirit",WT,34.697872,-105.37793,9we1bp
"El Cabo",WT,34.705307,-105.64476,9we1bp
"Western Spirit",WT,34.443989,-105.381355,9we1bp
"Western Spirit",WT,34.27079,-105.376244,9we1bp
"Western Spirit",WT,34.414833,-105.350471,9we1bp
"Western Spirit",WT,34.683659,-105.348061,9we1bp
"Western Spirit",WT,34.289398,-105.334923,9we1bp
"Western Spirit",WT,34.276573,-105.417168,9we1bp
"El Cabo",WT,34.766525,-105.628883,9we1bp
"El Cabo",WT,34.645756,-105.684006,9we1bp
"Western Spirit",WT,34.695019,-105.377563,9we1bp
"El Cabo",WT,34.658802,-105.708237,9we1bp
"Western Spirit",WT,34.806755,-105.31472,9we1bp
"Western Spirit",WT,34.309551,-105.363457,9we1bp
"Western Spirit",WT,34.325951,-105.319702,9we1bp
"Western Spirit",WT,34.367241,-105.512405,9we1bp
"El Cabo",WT,34.693886,-105.682251,9we1bp
"El Cabo",WT,34.688972,-105.588722,9we1bp
"El Cabo",WT,34.669403,-105.690849,9we1bp
"Western Spirit",WT,34.280464,-105.417252,9we1bp
"El Cabo",WT,34.735291,-105.605713,9we1bp
"Western Spirit",WT,34.377487,-105.471672,9we1bp
"Western Spirit",WT,34.703121,-105.300621,9we1bp
"High Lonesome",WT,34.456093,-105.955292,9we1bp
"High Lonesome",WT,34.486195,-105.973686,9we1bp
"High Lonesome",WT,34.455795,-105.953194,9we1bp
"High Lonesome",WT,34.470093,-105.963387,9we1bp
"High Lonesome",WT,34.497295,-105.972992,9we1bp
"Western Spirit",WT,34.290989,-105.420372,9we1bp
"El Cabo",WT,34.677376,-105.60717,9we1bp
"High Lonesome",WT,34.463196,-105.960892,9we1bp
"Western Spirit",WT,34.692062,-105.377869,9we1bp
"El Cabo",WT,34.793503,-105.60392,9we1bp
"Western Spirit",WT,34.378067,-105.430969,9we1bp
"El Cabo",WT,34.72588,-105.588829,9we1bp
"El Cabo",WT,34.656097,-105.637794,9we1bp
"El Cabo",WT,34.702099,-105.643494,9we1bp
"Western Spirit",WT,34.778728,-105.306046,9we1bp
"El Cabo",WT,34.720196,-105.59803,9we1bp
"El Cabo",WT,34.821945,-105.64476,9we1bp
"El Cabo",WT,34.793789,-105.668449,9we1bp
"El Cabo",WT,34.757061,-105.631393,9we1bp
"El Cabo",WT,34.685703,-105.588577,9we1bp
"El Cabo",WT,34.791019,-105.628494,9we1bp
"El Cabo",WT,34.680969,-105.635017,9we1bp
"El Cabo",WT,34.705578,-105.683769,9we1bp
"El Cabo",WT,34.666267,-105.692474,9we1bp
"El Cabo",WT,34.719204,-105.687622,9we1bp
"El Cabo",WT,34.688751,-105.614647,9we1bp
"El Cabo",WT,34.803822,-105.625076,9we1bp
"El Cabo",WT,34.807079,-105.610329,9we1bp
"Western Spirit",WT,34.688046,-105.317398,9we1bp
"Western Spirit",WT,34.386204,-105.371674,9we1bp
"Western Spirit",WT,34.272404,-105.473145,9we1bp
"La Joya",WT,34.593037,-105.749916,9we1bp
"Western Spirit",WT,34.280804,-105.434296,9we1bp
"El Cabo",WT,34.645214,-105.698334,9we1bp
"El Cabo",WT,34.76976,-105.628876,9we1bp
"El Cabo",WT,34.702866,-105.617508,9we1bp
"El Cabo",WT,34.803444,-105.653824,9we1bp
"El Cabo",WT,34.690647,-105.663666,9we1bp
"El Cabo",WT,34.672626,-105.69043,9we1bp
"El Cabo",WT,34.676193,-105.695007,9we1bp
"El Cabo",WT,34.69894,-105.644478,9we1bp
"El Cabo",WT,34.787212,-105.604843,9we1bp
"El Cabo",WT,34.717236,-105.599609,9we1bp
"El Cabo",WT,34.809902,-105.638618,9we1bp
"El Cabo",WT,34.65221,-105.683403,9we1bp
"El Cabo",WT,34.687656,-105.680214,9we1bp
"El Cabo",WT,34.704044,-105.598145,9we1bp
"El Cabo",WT,34.709526,-105.62867,9we1bp
"El Cabo",WT,34.783806,-105.64119,9we1bp
"Western Spirit",WT,34.37796,-105.522934,9we1bp
"El Cabo",WT,34.679295,-105.588257,9we1bp
"Bronco Plains Wind II",WT,39.144566,-103.059204,9wve62
"Cedar Point",WT,39.362495,-103.734894,9wve62
"Limon I",WT,39.361195,-103.754791,9wve62
"Rush Creek I",WT,39.121872,-103.938576,9wve62
"Rush Creek I",WT,39.122639,-104.006805,9wve62
"Cedar Point",WT,39.389996,-103.770088,9wve62
"Rush Creek I",WT,39.060417,-103.981071,9wve62
"Cedar Point",WT,39.406494,-103.71669,9wve62
"Rush Creek I",WT,39.137585,-103.824654,9wve62
"Rush Creek I",WT,39.131641,-103.923981,9wve62
"Limon I",WT,39.368195,-103.759293,9wve62
"Rush Creek I",WT,39.075745,-104.031799,9wve62
"Rush Creek I",WT,39.160202,-103.85379,9wve62
"Rush Creek I",WT,39.176041,-103.860153,9wve62
"Limon I",WT,39.368595,-103.755287,9wve62
"Limon I",WT,39.384594,-103.77169,9wve62
"Limon I",WT,39.368195,-103.74659,9wve62
"Rush Creek I",WT,39.20858,-103.819435,9wve62
"Limon I",WT,39.372494,-103.784088,9wve62
"Rush Creek I",WT,39.082592,-104.017654,9wve62
"Rush Creek I",WT,39.128017,-103.934631,9wve62
"Rush Creek I",WT,39.192341,-103.83181,9wve62
"Limon I",WT,39.378994,-103.737488,9wve62
"Rush Creek I",WT,39.16547,-103.775154,9wve62
"Limon I",WT,39.383595,-103.736794,9wve62
"Cedar Point",WT,39.402294,-103.743187,9wve62
"Limon I",WT,39.376293,-103.789291,9wve62
"Limon I",WT,39.375996,-103.740089,9wve62
"Limon I",WT,39.380196,-103.787987,9wve62
"Cedar Point",WT,39.400993,-103.749191,9wve62
"Rush Creek I",WT,39.140335,-103.834755,9wve62
"Limon I",WT,39.371796,-103.779587,9wve62
"Cedar Point",WT,39.389893,-103.784187,9wve62
"Limon I",WT,39.369595,-103.770088,9wve62
"Cedar Point",WT,39.404694,-103.725891,9wve62
"Cheyenne Ridge",WT,38.981995,-102.395393,9wve62
"Cheyenne Ridge",WT,38.976894,-102.331161,9wve62
"Cheyenne Ridge",WT,38.996674,-102.428993,9wve62
"Cheyenne Ridge",WT,39.004772,-102.217392,9wve62
"Cheyenne Ridge",WT,38.948189,-102.271759,9wve62
"Cheyenne Ridge",WT,39.033333,-102.451088,9wve62
"Cheyenne Ridge",WT,39.038433,-102.207588,9wve62
"Cheyenne Ridge",WT,39.033165,-102.234787,9wve62
"Cheyenne Ridge",WT,39.010052,-102.363693,9wve62
"Cheyenne Ridge",WT,38.968021,-102.37973,9wve62
"Cheyenne Ridge",WT,38.937973,-102.237595,9wve62
"Cheyenne Ridge",WT,39.022175,-102.22039,9wve62
"Cheyenne Ridge",WT,38.962189,-102.293098,9wve62
"Cheyenne Ridge",WT,38.954815,-102.436188,9wve62
"Limon I",WT,39.372192,-103.775391,9wve62
"Cheyenne Ridge",WT,39.00531,-102.198975,9wve62
"Cheyenne Ridge",WT,38.952965,-102.238495,9wve62
"Cheyenne Ridge",WT,38.983555,-102.380791,9wve62
"Cheyenne Ridge",WT,38.951138,-102.303047,9wve62
"Cheyenne Ridge",WT,38.981903,-102.449692,9wve62
"Cheyenne Ridge",WT,38.946095,-102.24955,9wve62
"Cheyenne Ridge",WT,38.981583,-102.309525,9wve62
"Cedar Point",WT,39.385693,-103.721893,9wve62
"Rush Creek I",WT,39.122974,-103.984428,9wve62
"Cedar Point",WT,39.391594,-103.761391,9wve62
"Cedar Point",WT,39.386395,-103.718887,9wve62
"Cedar Point",WT,39.389793,-103.78759,9wve62
"Cedar Point",WT,39.389996,-103.773293,9wve62
"Cedar Point",WT,39.361694,-103.747993,9wve62
"Cedar Point",WT,39.389893,-103.779587,9wve62
"Cheyenne Ridge",WT,39.030243,-102.300087,9wve62
"Rush Creek I",WT,39.076912,-104.028015,9wve62
"Rush Creek I",WT,39.124683,-103.993568,9wve62
"Rush Creek I",WT,39.158375,-103.85817,9wve62
"Cedar Point",WT,39.393494,-103.759392,9wve62
"Rush Creek I",WT,39.141399,-103.906334,9wve62
"Rush Creek I",WT,39.126266,-103.998283,9wve62
"Rush Creek I",WT,39.057858,-104.026299,9wve62
"Rush Creek I",WT,39.088825,-104.029442,9wve62
"Rush Creek I",WT,39.091236,-104.044731,9wve62
"Rush Creek I",WT,39.168079,-103.804359,9wve62
"Rush Creek I",WT,39.168747,-103.879768,9wve62
"Cedar Point",WT,39.402294,-103.73999,9wve62
"Cedar Point",WT,39.361294,-103.737488,9wve62
"Rush Creek I",WT,39.138878,-103.838715,9wve62
"Cedar Point",WT,39.401993,-103.746292,9wve62
"Cedar Point",WT,39.397995,-103.75119,9wve62
"Cedar Point",WT,39.389893,-103.776489,9wve62
"Rush Creek I",WT,39.16235,-103.740723,9wve62
"Cedar Point",WT,39.384495,-103.72789,9wve62
"Rush Creek I",WT,39.166172,-103.821014,9wve62
"Rush Creek I",WT,39.083378,-104.010658,9wve62
"Rush Creek I",WT,39.198467,-103.857399,9wve62
"Rush Creek I",WT,39.153965,-103.890724,9wve62
"Rush Creek I",WT,39.118637,-103.74778,9wve62
"Rush Creek I",WT,39.058132,-104.021042,9wve62
"Rush Creek I",WT,39.155544,-103.720528,9wve62
"Rush Creek I",WT,39.155144,-103.731621,9wve62
"Cedar Point",WT,39.405396,-103.722794,9wve62
"Rush Creek I",WT,39.080044,-104.022377,9wve62
"Rush Creek I",WT,39.102833,-104.027725,9wve62
"Rush Creek I",WT,39.155331,-103.7267,9wve62
"Rush Creek I",WT,39.126244,-104.005013,9wve62
"Rush Creek I",WT,39.120396,-103.781281,9wve62
"Cedar Point",WT,39.396793,-103.754593,9wve62
"Rush Creek I",WT,39.068565,-104.031975,9wve62
"Rush Creek I",WT,39.122932,-103.948509,9wve62
"Rush Creek I",WT,39.075607,-103.991409,9wve62
"Cedar Point",WT,39.385193,-103.724892,9wve62
"Rush Creek I",WT,39.217545,-103.78614,9wve62
"Cedar Point",WT,39.361195,-103.740692,9wve62
"Cedar Point",WT,39.361595,-103.744888,9wve62
"Cedar Point",WT,39.389996,-103.763893,9wve62
"Rush Creek I",WT,39.21843,-103.848373,9wve62
"Rush Creek I",WT,39.123058,-103.792847,9wve62
"Rush Creek I",WT,39.13224,-103.8088,9wve62
"Rush Creek I",WT,39.064308,-103.999832,9wve62
"Rush Creek I",WT,39.184063,-103.798279,9wve62
"Rush Creek I",WT,39.116211,-103.924469,9wve62
"Rush Creek I",WT,39.138062,-103.766434,9wve62
"Rush Creek I",WT,39.141781,-103.873093,9wve62
"Rush Creek I",WT,39.185165,-103.782112,9wve62
"Rush Creek I",WT,39.182377,-103.881424,9wve62
"Rush Creek I",WT,39.209507,-103.802605,9wve62
"Cedar Point",WT,39.389996,-103.766991,9wve62
"Rush Creek I",WT,39.164295,-103.824738,9wve62
"Rush Creek I",WT,39.121376,-103.956558,9wve62
"Cedar Point",WT,39.395096,-103.756989,9wve62
"Rush Creek I",WT,39.12286,-103.944534,9wve62
"Rush Creek I",WT,39.126396,-103.937614,9wve62
"Rush Creek I",WT,39.113873,-103.990807,9wve62
"Cheyenne Ridge",WT,39.006493,-102.45649,9wve62
"Rush Creek I",WT,39.084641,-104.003128,9wve62
"Rush Creek I",WT,39.058769,-103.990402,9wve62
"Rush Creek I",WT,39.220661,-103.768105,9wve62
"Rush Creek I",WT,39.181362,-103.847565,9wve62
"Rush Creek I",WT,39.201702,-103.8545,9wve62
"Cedar Point",WT,39.362793,-103.731689,9wve62
"Cedar Point",WT,39.405693,-103.719688,9wve62
"Rush Creek I",WT,39.138058,-103.922943,9wve62
"Rush Creek I",WT,39.124634,-103.924332,9wve62
"Cheyenne Ridge",WT,38.990498,-102.34848,9wve62
"Cheyenne Ridge",WT,38.919846,-102.1689,9wve62
"Cheyenne Ridge",WT,39.035053,-102.108383,9wve62
"Cheyenne Ridge",WT,39.025414,-102.369789,9wve62
"Cheyenne Ridge",WT,38.979443,-102.443291,9wve62
"Rush Creek II",WT,39.015034,-103.146431,9wve62
"Rush Creek II",WT,39.007847,-103.147911,9wve62
"Rush Creek II",WT,39.011658,-103.147919,9wve62
"Rush Creek II",WT,39.027588,-103.150108,9wve62
"Rush Creek II",WT,39.004601,-103.148827,9wve62
"Rush Creek II",WT,38.991459,-103.151985,9wve62
"Rush Creek II",WT,39.000957,-103.148796,9wve62
"Rush Creek II",WT,38.99799,-103.1502,9wve62
"Rush Creek II",WT,38.995052,-103.151764,9wve62
"Rush Creek II",WT,39.019234,-103.148285,9wve62
"Rush Creek II",WT,39.023155,-103.148773,9wve62
"Cheyenne Ridge",WT,39.022614,-102.344994,9wve62
"Cheyenne Ridge",WT,39.026142,-102.254387,9wve62
"Cheyenne Ridge",WT,38.940956,-102.287857,9wve62
"Cheyenne Ridge",WT,39.004799,-102.207466,9wve62
"Cheyenne Ridge",WT,39.037605,-102.213989,9wve62
"Cheyenne Ridge",WT,39.022327,-102.211609,9wve62
"Cheyenne Ridge",WT,38.935272,-102.216049,9wve62
"Cheyenne Ridge",WT,39.043755,-102.287994,9wve62
"Cheyenne Ridge",WT,39.034542,-102.275993,9wve62
"Cheyenne Ridge",WT,38.94915,-102.28199,9wve62
"Cheyenne Ridge",WT,39.021648,-102.132637,9wve62
"Cheyenne Ridge",WT,38.931561,-102.278847,9wve62
"Cheyenne Ridge",WT,38.917034,-102.218811,9wve62
"Cheyenne Ridge",WT,39.032852,-102.288391,9wve62
"Cheyenne Ridge",WT,39.009163,-102.357994,9wve62
"Cheyenne Ridge",WT,38.979733,-102.423088,9wve62
"Cheyenne Ridge",WT,38.97142,-102.232315,9wve62
"Cheyenne Ridge",WT,38.983345,-102.386391,9wve62
"Cheyenne Ridge",WT,39.037285,-102.096649,9wve62
"Cheyenne Ridge",WT,38.994873,-102.370094,9wve62
"Cheyenne Ridge",WT,38.917469,-102.187355,9wve62
"Cheyenne Ridge",WT,38.932743,-102.254601,9wve62
"Cheyenne Ridge",WT,38.965832,-102.400749,9wve62
"Cheyenne Ridge",WT,38.91753,-102.178894,9wve62
"Cheyenne Ridge",WT,38.982372,-102.439491,9wve62
"Cheyenne Ridge",WT,38.998024,-102.38559,9wve62
"Cheyenne Ridge",WT,38.931515,-102.266975,9wve62
"Cheyenne Ridge",WT,39.018734,-102.327888,9wve62
"Crossing Trails",WT,39.035564,-102.811867,9wve62
"Cheyenne Ridge",WT,38.964478,-102.407799,9wve62
"Crossing Trails",WT,39.035515,-102.79554,9wve62
"Crossing Trails",WT,39.035866,-102.801369,9wve62
"Crossing Trails",WT,39.033966,-102.791695,9wve62
"Cheyenne Ridge",WT,38.932648,-102.220352,9wve62
"Cheyenne Ridge",WT,38.974731,-102.22654,9wve62
"Cheyenne Ridge",WT,38.934959,-102.262451,9wve62
"Cheyenne Ridge",WT,39.004612,-102.254021,9wve62
"Cheyenne Ridge",WT,39.043793,-102.282188,9wve62
"Cheyenne Ridge",WT,39.037804,-102.265526,9wve62
"Cheyenne Ridge",WT,39.008053,-102.369293,9wve62
"Cheyenne Ridge",WT,39.020462,-102.294487,9wve62
"Cheyenne Ridge",WT,39.022102,-102.257393,9wve62
"Cheyenne Ridge",WT,38.997227,-102.422943,9wve62
"Cheyenne Ridge",WT,38.953239,-102.232704,9wve62
"Cheyenne Ridge",WT,38.920868,-102.214409,9wve62
"Cheyenne Ridge",WT,39.027699,-102.249535,9wve62
"Cheyenne Ridge",WT,38.981823,-102.428291,9wve62
"Cheyenne Ridge",WT,38.913952,-102.235619,9wve62
"Cheyenne Ridge",WT,39.027752,-102.243591,9wve62
"Cheyenne Ridge",WT,39.037964,-102.22049,9wve62
"Cheyenne Ridge",WT,39.033825,-102.228989,9wve62
"Cheyenne Ridge",WT,39.031773,-102.311394,9wve62
"Cheyenne Ridge",WT,39.031662,-102.334587,9wve62
"Cheyenne Ridge",WT,38.976746,-102.318207,9wve62
"Cheyenne Ridge",WT,39.037125,-102.271591,9wve62
"Cheyenne Ridge",WT,38.997303,-102.415993,9wve62
"Cheyenne Ridge",WT,38.990936,-102.337852,9wve62
"Cheyenne Ridge",WT,38.975861,-102.214821,9wve62
"Cheyenne Ridge",WT,38.91407,-102.229332,9wve62
"Cheyenne Ridge",WT,39.030949,-102.114914,9wve62
"Cheyenne Ridge",WT,38.964649,-102.281425,9wve62
"Cheyenne Ridge",WT,38.995003,-102.356789,9wve62
"Cheyenne Ridge",WT,38.998383,-102.379791,9wve62
"Cheyenne Ridge",WT,39.022465,-102.350494,9wve62
"Cheyenne Ridge",WT,38.983822,-102.374992,9wve62
"Cheyenne Ridge",WT,39.022343,-102.206047,9wve62
"Cheyenne Ridge",WT,39.026005,-102.361794,9wve62
"Cheyenne Ridge",WT,38.974796,-102.220421,9wve62
"Cheyenne Ridge",WT,38.946201,-102.244041,9wve62
"Cheyenne Ridge",WT,39.005493,-102.462212,9wve62
"Cheyenne Ridge",WT,38.967262,-102.413132,9wve62
"Cheyenne Ridge",WT,38.940914,-102.293411,9wve62
"Cheyenne Ridge",WT,38.996704,-102.43779,9wve62
"Cheyenne Ridge",WT,38.954323,-102.442589,9wve62
"Cheyenne Ridge",WT,39.039547,-102.260002,9wve62
"Cheyenne Ridge",WT,38.98048,-102.327766,9wve62
"Cheyenne Ridge",WT,38.982735,-102.433891,9wve62
"Cheyenne Ridge",WT,39.031773,-102.317291,9wve62
"Cheyenne Ridge",WT,39.029663,-102.238487,9wve62
"Cheyenne Ridge",WT,38.981213,-102.417488,9wve62
"Cheyenne Ridge",WT,39.030045,-102.28199,9wve62
"Cheyenne Ridge",WT,39.031715,-102.305389,9wve62
"Cheyenne Ridge",WT,39.020493,-102.274689,9wve62
"Cheyenne Ridge",WT,38.920399,-102.208916,9wve62
"Cheyenne Ridge",WT,39.028885,-102.121155,9wve62
"Cheyenne Ridge",WT,38.91758,-102.173431,9wve62
"Cheyenne Ridge",WT,39.004402,-102.242012,9wve62
"Cheyenne Ridge",WT,38.934113,-102.231262,9wve62
"Cheyenne Ridge",WT,38.993305,-102.34288,9wve62
"Cheyenne Ridge",WT,39.035866,-102.102951,9wve62
"Cheyenne Ridge",WT,39.018822,-102.322289,9wve62
"Cheyenne Ridge",WT,39.026997,-102.126694,9wve62
"Cheyenne Ridge",WT,38.96772,-102.244736,9wve62
"Cheyenne Ridge",WT,39.028362,-102.33979,9wve62
"Crossing Trails",WT,39.035664,-102.806618,9wve62
"Cheyenne Ridge",WT,39.005665,-102.449989,9wve62
"Cheyenne Ridge",WT,39.030472,-102.322891,9wve62
"Cheyenne Ridge",WT,39.029064,-102.328392,9wve62
"Cheyenne Ridge",WT,38.993774,-102.363991,9wve62
"Cheyenne Ridge",WT,38.982044,-102.400993,9wve62
"Cheyenne Ridge",WT,38.982613,-102.412277,9wve62
"Cheyenne Ridge",WT,38.979118,-102.314117,9wve62
"Cheyenne Ridge",WT,39.029793,-102.45549,9wve62
"Cheyenne Ridge",WT,38.912777,-102.191925,9wve62
"Cheyenne Ridge",WT,38.963966,-102.287262,9wve62
"Cheyenne Ridge",WT,39.004955,-102.350388,9wve62
"Cheyenne Ridge",WT,39.040775,-102.254478,9wve62
"Cheyenne Ridge",WT,39.023842,-102.356888,9wve62
"Cheyenne Ridge",WT,38.967461,-102.418999,9wve62
"Cheyenne Ridge",WT,38.914349,-102.223206,9wve62
"Cheyenne Ridge",WT,38.998394,-102.373894,9wve62
"Cheyenne Ridge",WT,38.94836,-102.265877,9wve62
"Cheyenne Ridge",WT,39.018852,-102.289192,9wve62
"Cheyenne Ridge",WT,38.982574,-102.406593,9wve62
"Cheyenne Ridge",WT,38.932461,-102.225815,9wve62
"Cheyenne Ridge",WT,39.027824,-102.462593,9wve62
"Cheyenne Ridge",WT,38.93153,-102.272896,9wve62
"Cheyenne Ridge",WT,38.979313,-102.322639,9wve62
"Cheyenne Ridge",WT,38.912731,-102.197945,9wve62
"Cheyenne Ridge",WT,38.954105,-102.298653,9wve62
"Cheyenne Ridge",WT,39.030582,-102.293793,9wve62
"Rush Creek I",WT,39.13969,-103.843956,9wve62
"Rush Creek I",WT,39.132813,-103.853226,9wve62
"Golden West Wind Farm",WT,38.922573,-104.236542,9wve62
"Golden West Wind Farm",WT,38.979603,-104.304199,9wve62
"Golden West Wind Farm",WT,39.045395,-104.236549,9wve62
"Golden West Wind Farm",WT,39.045532,-104.174133,9wve62
"Golden West Wind Farm",WT,38.943783,-104.240051,9wve62
"Golden West Wind Farm",WT,39.035843,-104.246132,9wve62
"Golden West Wind Farm",WT,38.914852,-104.225464,9wve62
"Wray School District",WT,40.050995,-102.223289,9wve62
"Bronco Plains",WT,39.071144,-103.11779,9wve62
"Bronco Plains",WT,39.161884,-102.979988,9wve62
"Bronco Plains",WT,39.047535,-102.95079,9wve62
"Bronco Plains",WT,39.060204,-103.005592,9wve62
"Bronco Plains",WT,39.064583,-103.10379,9wve62
"Bronco Plains",WT,39.052925,-103.084587,9wve62
"Golden West Wind Farm",WT,39.054554,-104.149353,9wve62
"Bronco Plains",WT,39.090153,-103.104591,9wve62
"Bronco Plains Wind II",WT,39.167095,-103.048134,9wve62
"Bronco Plains",WT,39.055435,-103.107887,9wve62
"Bronco Plains",WT,39.094875,-103.005089,9wve62
"Bronco Plains",WT,39.059612,-103.033791,9wve62
"Bronco Plains",WT,39.129753,-102.947891,9wve62
"Bronco Plains",WT,39.067375,-103.08429,9wve62
"Bronco Plains",WT,39.112705,-102.968292,9wve62
"Bronco Plains",WT,39.141445,-103.003487,9wve62
"Bronco Plains",WT,39.062164,-103.023888,9wve62
"Bronco Plains",WT,39.095753,-102.985588,9wve62
"Bronco Plains",WT,39.079182,-102.972794,9wve62
"Bronco Plains",WT,39.089054,-103.115692,9wve62
"Rush Creek II",WT,39.154709,-103.143356,9wve62
"Bronco Plains",WT,39.152042,-102.956787,9wve62
"Bronco Plains",WT,39.110073,-102.973289,9wve62
"Bronco Plains",WT,39.050392,-102.924088,9wve62
"Golden West Wind Farm",WT,38.986183,-104.291328,9wve62
"Golden West Wind Farm",WT,39.047222,-104.149628,9wve62
"Golden West Wind Farm",WT,38.993324,-104.269073,9wve62
"Golden West Wind Farm",WT,39.000404,-104.245758,9wve62
"Golden West Wind Farm",WT,39.035412,-104.17585,9wve62
"Golden West Wind Farm",WT,38.927814,-104.239029,9wve62
"Golden West Wind Farm",WT,39.065475,-104.152718,9wve62
"Golden West Wind Farm",WT,38.924362,-104.224251,9wve62
"Golden West Wind Farm",WT,39.052803,-104.18042,9wve62
"Golden West Wind Farm",WT,38.951164,-104.24633,9wve62
"Golden West Wind Farm",WT,38.948002,-104.268219,9wve62
"Golden West Wind Farm",WT,38.957775,-104.247971,9wve62
"Golden West Wind Farm",WT,39.037842,-104.23658,9wve62
"Golden West Wind Farm",WT,39.032955,-104.152168,9wve62
"Golden West Wind Farm",WT,39.047375,-104.209999,9wve62
"Golden West Wind Farm",WT,38.928715,-104.24366,9wve62
"Golden West Wind Farm",WT,39.032333,-104.156403,9wve62
"Golden West Wind Farm",WT,39.039085,-104.224579,9wve62
"Golden West Wind Farm",WT,38.967113,-104.24588,9wve62
"Golden West Wind Farm",WT,39.053684,-104.171822,9wve62
"Golden West Wind Farm",WT,39.034302,-104.166733,9wve62
"Golden West Wind Farm",WT,39.003284,-104.199402,9wve62
"Golden West Wind Farm",WT,39.020424,-104.236237,9wve62
"Golden West Wind Farm",WT,39.066002,-104.148079,9wve62
"Golden West Wind Farm",WT,38.993572,-104.227631,9wve62
"Golden West Wind Farm",WT,38.972115,-104.297081,9wve62
"Golden West Wind Farm",WT,38.973064,-104.302551,9wve62
"Golden West Wind Farm",WT,38.973682,-104.272087,9wve62
"Golden West Wind Farm",WT,39.002872,-104.236389,9wve62
"Golden West Wind Farm",WT,38.945534,-104.233131,9wve62
"Golden West Wind Farm",WT,39.016674,-104.223259,9wve62
"Golden West Wind Farm",WT,38.948353,-104.285309,9wve62
"Golden West Wind Farm",WT,38.966805,-104.279121,9wve62
"Bronco Plains",WT,39.078495,-103.053391,9wve62
"Bronco Plains",WT,39.131142,-102.999794,9wve62
"Bronco Plains",WT,39.114914,-102.945892,9wve62
"Bronco Plains Wind II",WT,39.207077,-102.984352,9wve62
"Bronco Plains",WT,39.114502,-103.058693,9wve62
"Bronco Plains Wind II",WT,39.189926,-102.97271,9wve62
"Bronco Plains Wind II",WT,39.211632,-102.924019,9wve62
"Bronco Plains",WT,39.044594,-102.931793,9wve62
"Bronco Plains Wind II",WT,39.24073,-102.917679,9wve62
"Bronco Plains",WT,39.094032,-103.011589,9wve62
"Bronco Plains Wind II",WT,39.204445,-102.914124,9wve62
"Bronco Plains Wind II",WT,39.169392,-103.031219,9wve62
"Bronco Plains Wind II",WT,39.202213,-103.051483,9wve62
"Bronco Plains",WT,39.054962,-103.048393,9wve62
"Bronco Plains Wind II",WT,39.240658,-102.907387,9wve62
"Bronco Plains Wind II",WT,39.230122,-102.990417,9wve62
"Bronco Plains Wind II",WT,39.255669,-103.013908,9wve62
"Bronco Plains Wind II",WT,39.184956,-102.953171,9wve62
"Bronco Plains Wind II",WT,39.236656,-103.022728,9wve62
"Bronco Plains Wind II",WT,39.190315,-103.064362,9wve62
"Bronco Plains Wind II",WT,39.16798,-103.041588,9wve62
"Bronco Plains",WT,39.066162,-103.110893,9wve62
"Bronco Plains",WT,39.055092,-103.059792,9wve62
"Bronco Plains Wind II",WT,39.220291,-102.933868,9wve62
"Bronco Plains Wind II",WT,39.203327,-102.896584,9wve62
"Bronco Plains Wind II",WT,39.25436,-103.0084,9wve62
"Bronco Plains Wind II",WT,39.251457,-102.977089,9wve62
"Bronco Plains Wind II",WT,39.269634,-102.888329,9wve62
"Bronco Plains Wind II",WT,39.245983,-102.981499,9wve62
"Bronco Plains Wind II",WT,39.270142,-102.880249,9wve62
"Bronco Plains Wind II",WT,39.190849,-102.962929,9wve62
"Bronco Plains Wind II",WT,39.232994,-103.003387,9wve62
"Bronco Plains Wind II",WT,39.162155,-103.053642,9wve62
"Bronco Plains Wind II",WT,39.187946,-103.016838,9wve62
"Rush Creek I",WT,39.059757,-103.155754,9wve62
"Bronco Plains Wind II",WT,39.208111,-102.937798,9wve62
"Bronco Plains Wind II",WT,39.230267,-102.99733,9wve62
"Bronco Plains",WT,39.039814,-103.08139,9wve62
"Bronco Plains",WT,39.067493,-103.077789,9wve62
"Bronco Plains",WT,39.049503,-102.967491,9wve62
"Bronco Plains",WT,39.059483,-103.076591,9wve62
"Bronco Plains",WT,39.084972,-103.044388,9wve62
"Bronco Plains",WT,39.096672,-102.999794,9wve62
"Bronco Plains",WT,39.049225,-103.076591,9wve62
"Bronco Plains Wind II",WT,39.20113,-102.951813,9wve62
"Bronco Plains",WT,39.114033,-102.939789,9wve62
"Bronco Plains Wind II",WT,39.191002,-102.939331,9wve62
"Bronco Plains",WT,39.058144,-103.038689,9wve62
"Bronco Plains",WT,39.116333,-102.958588,9wve62
"Bronco Plains Wind II",WT,39.190563,-103.004662,9wve62
"Bronco Plains",WT,39.056152,-102.99839,9wve62
"Bronco Plains Wind II",WT,39.208744,-103.007927,9wve62
"Bronco Plains",WT,39.130772,-102.936691,9wve62
"Bronco Plains Wind II",WT,39.226402,-103.030418,9wve62
"Bronco Plains Wind II",WT,39.252941,-102.97168,9wve62
"Bronco Plains Wind II",WT,39.219238,-103.04039,9wve62
"Bronco Plains Wind II",WT,39.230209,-102.915428,9wve62
"Bronco Plains",WT,39.043243,-103.089287,9wve62
"Bronco Plains Wind II",WT,39.251244,-102.878929,9wve62
"Bronco Plains Wind II",WT,39.260525,-102.887718,9wve62
"Golden West Wind Farm",WT,39.045002,-104.222931,9wve62
"Bronco Plains Wind II",WT,39.191124,-102.948868,9wve62
"Bronco Plains Wind II",WT,39.206596,-102.978752,9wve62
"Bronco Plains Wind II",WT,39.253395,-103.020378,9wve62
"Bronco Plains",WT,39.129543,-103.00489,9wve62
"Bronco Plains Wind II",WT,39.211342,-102.900818,9wve62
"Bronco Plains Wind II",WT,39.206608,-103.00087,9wve62
"Bronco Plains",WT,39.131172,-102.942291,9wve62
"Bronco Plains Wind II",WT,39.189152,-103.070938,9wve62
"Rush Creek I",WT,39.14687,-103.861664,9wve62
"Golden West Wind Farm",WT,39.024975,-104.19043,9wve62
"Golden West Wind Farm",WT,39.058353,-104.156013,9wve62
"Rush Creek I",WT,39.123337,-103.980537,9wve62
"Rush Creek I",WT,39.104019,-104.02272,9wve62
"Rush Creek I",WT,39.185219,-103.793167,9wve62
"Rush Creek I",WT,39.130329,-103.931419,9wve62
"Rush Creek I",WT,39.118553,-103.754379,9wve62
"Rush Creek I",WT,39.079292,-103.985008,9wve62
"Rush Creek I",WT,39.139992,-103.914314,9wve62
"Rush Creek I",WT,39.137325,-103.803726,9wve62
"Rush Creek I",WT,39.209488,-103.814163,9wve62
"Rush Creek I",WT,39.115372,-104.017113,9wve62
"Rush Creek I",WT,39.165184,-103.812157,9wve62
"Rush Creek I",WT,39.046539,-104.029808,9wve62
"Rush Creek I",WT,39.180733,-103.784698,9wve62
"Rush Creek I",WT,39.139812,-103.778404,9wve62
"Rush Creek I",WT,39.058823,-104.010498,9wve62
"Limon I",WT,39.381294,-103.779694,9wve62
"Rush Creek I",WT,39.221169,-103.842651,9wve62
"Rush Creek I",WT,39.10622,-104.019875,9wve62
"Rush Creek I",WT,39.138947,-103.909378,9wve62
"Rush Creek I",WT,39.055119,-104.043709,9wve62
"Rush Creek I",WT,39.154861,-103.89698,9wve62
"Rush Creek I",WT,39.167202,-103.780495,9wve62
"Rush Creek I",WT,39.061543,-104.002724,9wve62
"Rush Creek I",WT,39.056416,-104.030731,9wve62
"Rush Creek I",WT,39.188816,-103.836502,9wve62
"Rush Creek I",WT,39.168491,-103.798622,9wve62
"Rush Creek I",WT,39.145744,-103.865273,9wve62
"Rush Creek I",WT,39.193256,-103.860413,9wve62
"Rush Creek I",WT,39.123112,-103.988983,9wve62
"Rush Creek I",WT,39.140003,-103.793343,9wve62
"Rush Creek I",WT,39.119995,-104.016411,9wve62
"Rush Creek I",WT,39.162819,-103.764839,9wve62
"Rush Creek I",WT,39.151474,-103.902802,9wve62
"Rush Creek I",WT,39.220943,-103.773483,9wve62
"Rush Creek I",WT,39.189072,-103.775002,9wve62
"Rush Creek I",WT,39.135761,-103.93026,9wve62
"Rush Creek I",WT,39.060604,-104.006462,9wve62
"Rush Creek I",WT,39.139069,-103.761673,9wve62
"Rush Creek I",WT,39.183914,-103.877228,9wve62
"Rush Creek I",WT,39.212055,-103.851646,9wve62
"Rush Creek I",WT,39.122021,-103.952133,9wve62
"Rush Creek I",WT,39.185478,-103.874199,9wve62
"Rush Creek I",WT,39.225677,-103.852928,9wve62
"Rush Creek I",WT,39.183784,-103.84333,9wve62
"Rush Creek I",WT,39.158974,-103.885002,9wve62
"Rush Creek I",WT,39.138824,-103.782578,9wve62
"Rush Creek I",WT,39.13435,-103.849396,9wve62
"Rush Creek I",WT,39.156712,-103.887718,9wve62
"Rush Creek I",WT,39.164162,-103.835991,9wve62
"Rush Creek I",WT,39.138973,-103.819641,9wve62
"Rush Creek I",WT,39.221287,-103.838486,9wve62
"Rush Creek I",WT,39.192566,-103.865013,9wve62
"Rush Creek I",WT,39.123016,-104.010643,9wve62
"Rush Creek I",WT,39.181393,-103.853432,9wve62
"Rush Creek I",WT,39.154572,-103.862419,9wve62
"Rush Creek I",WT,39.206573,-103.823982,9wve62
"Rush Creek I",WT,39.211788,-103.793938,9wve62
"Rush Creek I",WT,39.137802,-103.786812,9wve62
"Rush Creek I",WT,39.044125,-104.0326,9wve62
"Rush Creek I",WT,39.103436,-104.002785,9wve62
"Rush Creek I",WT,39.077393,-103.987869,9wve62
"Rush Creek I",WT,39.104324,-103.973793,9wve62
"Rush Creek I",WT,39.187428,-103.77877,9wve62
"Rush Creek I",WT,39.060108,-104.037071,9wve62
"Rush Creek I",WT,39.147064,-103.903366,9wve62
"Rush Creek I",WT,39.175201,-103.87999,9wve62
"Rush Creek I",WT,39.16201,-103.839874,9wve62
"Rush Creek I",WT,39.060089,-103.986748,9wve62
"Rush Creek I",WT,39.226624,-103.847771,9wve62
"Rush Creek I",WT,39.109821,-103.998322,9wve62
"Rush Creek I",WT,39.120899,-103.965836,9wve62
"Rush Creek I",WT,39.074474,-103.995529,9wve62
"Rush Creek I",WT,39.150269,-103.831558,9wve62
"Rush Creek I",WT,39.103355,-103.998016,9wve62
"Rush Creek I",WT,39.124279,-103.788872,9wve62
"Rush Creek I",WT,39.060127,-104.041534,9wve62
"Rush Creek I",WT,39.066574,-104.035347,9wve62
"Rush Creek I",WT,39.117752,-103.972763,9wve62
"Rush Creek I",WT,39.136719,-103.807846,9wve62
"Rush Creek I",WT,39.123657,-103.779457,9wve62
"Rush Creek I",WT,39.182838,-103.802437,9wve62
"Rush Creek I",WT,39.139629,-103.756058,9wve62
"Rush Creek I",WT,39.102173,-104.031647,9wve62
"Rush Creek I",WT,39.163204,-103.755356,9wve62
"Rush Creek I",WT,39.105888,-103.970192,9wve62
"Rush Creek I",WT,39.219822,-103.777313,9wve62
"Rush Creek I",WT,39.186985,-103.840195,9wve62
"Limon I",WT,39.370995,-103.743591,9wve62
"Rush Creek I",WT,39.122429,-103.962425,9wve62
"Rush Creek I",WT,39.151817,-103.824242,9wve62
"Rush Creek I",WT,39.086075,-103.999367,9wve62
"Rush Creek I",WT,39.097767,-104.040367,9wve62
"Rush Creek I",WT,39.212574,-103.798393,9wve62
"Rush Creek I",WT,39.179783,-103.805336,9wve62
"Golden West Wind Farm",WT,39.029224,-104.229233,9wve62
"Golden West Wind Farm",WT,39.047375,-104.201118,9wve62
"Golden West Wind Farm",WT,39.021034,-104.171883,9wve62
"Golden West Wind Farm",WT,39.055824,-104.168732,9wve62
"Rush Creek I",WT,39.179836,-103.887093,9wve62
"Rush Creek I",WT,39.136692,-103.770584,9wve62
"Rush Creek I",WT,39.151955,-103.837883,9wve62
"Cedar Point",WT,39.384094,-103.730988,9wve62
"Rush Creek I",WT,39.168854,-103.786339,9wve62
"Rush Creek I",WT,39.112541,-104.019287,9wve62
"Cedar Point",WT,39.364494,-103.729393,9wve62
"Rush Creek I",WT,39.180172,-103.858337,9wve62
"Limon I",WT,39.368694,-103.763786,9wve62
"Limon I",WT,39.369293,-103.751289,9wve62
"Limon I",WT,39.384193,-103.777092,9wve62
"Limon I",WT,39.364895,-103.765091,9wve62
"Limon I",WT,39.381096,-103.784088,9wve62
"Rush Creek I",WT,39.204441,-103.848747,9wve62
"Rush Creek I",WT,39.137852,-103.797073,9wve62
"Rush Creek I",WT,39.121582,-103.761131,9wve62
"Rush Creek I",WT,39.164371,-103.830757,9wve62
"Rush Creek I",WT,39.137058,-103.846222,9wve62
"Rush Creek I",WT,39.168488,-103.79425,9wve62
"Rush Creek I",WT,39.049622,-104.043777,9wve62
"Rush Creek I",WT,39.162876,-103.760063,9wve62
"Rush Creek I",WT,39.169258,-103.87001,9wve62
"Rush Creek I",WT,39.141399,-103.929672,9wve62
"Rush Creek I",WT,39.120041,-103.969894,9wve62
"Rush Creek I",WT,39.16254,-103.849747,9wve62
"Rush Creek I",WT,39.123936,-103.773972,9wve62
"Rush Creek I",WT,39.16061,-103.877045,9wve62
"Golden West Wind Farm",WT,38.980206,-104.300644,9wve62
"Rush Creek I",WT,39.093655,-104.041992,9wve62
"Rush Creek I",WT,39.141449,-103.880417,9wve62
"Rush Creek I",WT,39.082355,-104.040367,9wve62
"Rush Creek I",WT,39.161102,-103.749634,9wve62
"Rush Creek I",WT,39.121704,-103.732315,9wve62
"Rush Creek I",WT,39.102425,-104.006813,9wve62
"Rush Creek I",WT,39.083977,-104.006966,9wve62
"Rush Creek I",WT,39.149658,-103.896652,9wve62
"Bronco Plains Wind II",WT,39.24482,-102.988548,9wve62
"Cheyenne Ridge",WT,38.980907,-102.304184,9wve62
"Cheyenne Ridge",WT,38.966015,-102.39328,9wve62
"Oso Grande",WT,32.968224,-103.821434,9wve62
"Oso Grande",WT,33.087906,-103.816193,9wve62
"Oso Grande",WT,32.988892,-103.827209,9wve62
"Oso Grande",WT,33.0116,-103.780403,9wve62
"Peak View Wind",WT,37.705257,-104.500084,9wve62
"Peak View Wind",WT,37.656197,-104.520889,9wve62
"Peak View Wind",WT,37.665855,-104.522888,9wve62
"Peak View Wind",WT,37.700081,-104.503578,9wve62
"Peak View Wind",WT,37.690849,-104.507179,9wve62
"Peak View Wind",WT,37.683319,-104.513489,9wve62
"Peak View Wind",WT,37.685863,-104.511131,9wve62
"Peak View Wind",WT,37.663757,-104.526489,9wve62
"Peak View Wind",WT,37.693138,-104.50547,9wve62
"Peak View Wind",WT,37.658802,-104.521652,9wve62
"Oso Grande",WT,33.083706,-103.795486,9wve62
"Peak View Wind",WT,37.670959,-104.516815,9wve62
"Busch Ranch II",WT,37.791733,-104.403389,9wve62
"Busch Ranch II",WT,37.757706,-104.442291,9wve62
"Busch Ranch",WT,37.787792,-104.480591,9wve62
"Busch Ranch",WT,37.772896,-104.455887,9wve62
"Busch Ranch",WT,37.779594,-104.473488,9wve62
"Busch Ranch",WT,37.782394,-104.47599,9wve62
"Busch Ranch",WT,37.776493,-104.470787,9wve62
"Busch Ranch",WT,37.801193,-104.491989,9wve62
"Busch Ranch",WT,37.795795,-104.487488,9wve62
"Busch Ranch",WT,37.774395,-104.458687,9wve62
"Busch Ranch",WT,37.767193,-104.455391,9wve62
"Busch Ranch II",WT,37.782166,-104.407288,9wve62
"Busch Ranch II",WT,37.789803,-104.441193,9wve62
"Busch Ranch II",WT,37.800785,-104.405388,9wve62
"Peak View Wind",WT,37.707794,-104.501373,9wve62
"Busch Ranch II",WT,37.796265,-104.404388,9wve62
"Oso Grande",WT,32.972149,-103.833115,9wve62
"Oso Grande",WT,33.012108,-103.788696,9wve62
"San Juan Mesa",WT,33.971394,-103.852592,9wve62
"Oso Grande",WT,33.026413,-103.768837,9wve62
"San Juan Mesa",WT,33.943394,-103.86869,9wve62
"San Juan Mesa",WT,33.959694,-103.847893,9wve62
"Oso Grande",WT,32.990608,-103.833038,9wve62
"Oso Grande",WT,33.078358,-103.790367,9wve62
"Oso Grande",WT,33.09985,-103.781624,9wve62
"San Juan Mesa",WT,33.971493,-103.84539,9wve62
"San Juan Mesa",WT,33.953793,-103.863472,9wve62
"San Juan Mesa",WT,33.965893,-103.861092,9wve62
"Oso Grande",WT,33.076599,-103.829948,9wve62
"San Juan Mesa",WT,33.962296,-103.875893,9wve62
"San Juan Mesa",WT,33.972694,-103.873291,9wve62
"San Juan Mesa",WT,33.964294,-103.844589,9wve62
"Oso Grande",WT,32.986938,-103.821198,9wve62
"San Juan Mesa",WT,33.958794,-103.845795,9wve62
"Oso Grande",WT,33.10062,-103.788338,9wve62
"Oso Grande",WT,33.074505,-103.82473,9wve62
"San Juan Mesa",WT,33.958504,-103.858589,9wve62
"San Juan Mesa",WT,33.957191,-103.856491,9wve62
"San Juan Mesa",WT,33.973892,-103.866089,9wve62
"Oso Grande",WT,33.050171,-103.780838,9wve62
"San Juan Mesa",WT,33.941895,-103.863991,9wve62
"Oso Grande",WT,33.029354,-103.774162,9wve62
"Oso Grande",WT,33.010967,-103.773804,9wve62
"Oso Grande",WT,33.098755,-103.776009,9wve62
"Oso Grande",WT,33.115746,-103.793266,9wve62
"Oso Grande",WT,33.114841,-103.77771,9wve62
"Oso Grande",WT,33.036659,-103.776558,9wve62
"Oso Grande",WT,33.012836,-103.796173,9wve62
"Oso Grande",WT,33.072613,-103.78656,9wve62
"Busch Ranch II",WT,37.794453,-104.441193,9wve62
"Busch Ranch II",WT,37.804283,-104.40699,9wve62
"Busch Ranch II",WT,37.754284,-104.460587,9wve62
"New Mexico Wind Energy Center",WT,34.543995,-104.081192,9wve62
"New Mexico Wind Energy Center",WT,34.551277,-104.086449,9wve62
"New Mexico Wind Energy Center",WT,34.557774,-104.086433,9wve62
"New Mexico Wind Energy Center",WT,34.558193,-104.080894,9wve62
"New Mexico Wind Energy Center",WT,34.537415,-104.088455,9wve62
"New Mexico Wind Energy Center",WT,34.596985,-104.036873,9wve62
"New Mexico Wind Energy Center",WT,34.589073,-104.043236,9wve62
"New Mexico Wind Energy Center",WT,34.592995,-104.036293,9wve62
"New Mexico Wind Energy Center",WT,34.566242,-104.082916,9wve62
"New Mexico Wind Energy Center",WT,34.586025,-104.067299,9wve62
"New Mexico Wind Energy Center",WT,34.5522,-104.087906,9wve62
"New Mexico Wind Energy Center",WT,34.555763,-104.086548,9wve62
"Casa Mesa",WT,34.574085,-103.976654,9wve62
"New Mexico Wind Energy Center",WT,34.602604,-104.036964,9wve62
"New Mexico Wind Energy Center",WT,34.584618,-104.065964,9wve62
"New Mexico Wind Energy Center",WT,34.546932,-104.081238,9wve62
"New Mexico Wind Energy Center",WT,34.570103,-104.077621,9wve62
"Casa Mesa",WT,34.570549,-103.95536,9wve62
"Casa Mesa",WT,34.603004,-103.995232,9wve62
"Casa Mesa",WT,34.600285,-103.990379,9wve62
"Casa Mesa",WT,34.576241,-103.982018,9wve62
"Casa Mesa",WT,34.572456,-103.964279,9wve62
"Casa Mesa",WT,34.582073,-103.987648,9wve62
"Casa Mesa",WT,34.577682,-103.995979,9wve62
"New Mexico Wind Energy Center",WT,34.550526,-104.084732,9wve62
"Casa Mesa",WT,34.583881,-103.999771,9wve62
"New Mexico Wind Energy Center",WT,34.57597,-104.068085,9wve62
"New Mexico Wind Energy Center",WT,34.570305,-104.074425,9wve62
"New Mexico Wind Energy Center",WT,34.554367,-104.085625,9wve62
"New Mexico Wind Energy Center",WT,34.571095,-104.079292,9wve62
"New Mexico Wind Energy Center",WT,34.591404,-104.0401,9wve62
"Rush Creek II",WT,39.099133,-103.147934,9wve62
"Rush Creek II",WT,39.07616,-103.131363,9wve62
"Rush Creek II",WT,39.153202,-103.14772,9wve62
"Busch Ranch II",WT,37.769352,-104.433189,9wve62
"Busch Ranch II",WT,37.780922,-104.440887,9wve62
"Busch Ranch II",WT,37.785313,-104.441193,9wve62
"Busch Ranch II",WT,37.759064,-104.448288,9wve62
"Busch Ranch II",WT,37.785423,-104.410591,9wve62
"Busch Ranch",WT,37.765293,-104.452988,9wve62
"Busch Ranch",WT,37.776196,-104.461288,9wve62
"Busch Ranch",WT,37.785095,-104.478287,9wve62
"Busch Ranch II",WT,37.751034,-104.456993,9wve62
"Busch Ranch II",WT,37.804085,-104.441193,9wve62
"Busch Ranch",WT,37.793095,-104.485191,9wve62
"Peak View Wind",WT,37.710453,-104.505463,9wve62
"Peak View Wind",WT,37.69791,-104.50457,9wve62
"Peak View Wind",WT,37.674583,-104.506294,9wve62
"Peak View Wind",WT,37.673462,-104.513771,9wve62
"Peak View Wind",WT,37.661465,-104.527222,9wve62
"Huerfano River",WT,37.772194,-104.832191,9wve62
"Rush Creek II",WT,39.062477,-103.153488,9wve62
"NREL - NWTC",WT,39.905067,-105.227036,9wve62
"NREL - NWTC",WT,39.911594,-105.231789,9wve62
"NREL - NWTC",WT,39.906052,-105.222839,9wve62
"NREL - NWTC",WT,39.907795,-105.223289,9wve62
"NREL - NWTC",WT,39.908993,-105.222687,9wve62
"Anderson Wind Project",WT,33.014084,-103.860741,9wve62
"NREL - NWTC",WT,39.912083,-105.220001,9wve62
"Huerfano River",WT,37.774323,-104.831833,9wve62
"Huerfano River",WT,37.777992,-104.82679,9wve62
"Busch Ranch II",WT,37.799282,-104.441193,9wve62
"Huerfano River",WT,37.776093,-104.83149,9wve62
"Busch Ranch",WT,37.762894,-104.451187,9wve62
"Busch Ranch",WT,37.798492,-104.489792,9wve62
"Busch Ranch",WT,37.791393,-104.480591,9wve62
"New Mexico Wind Energy Center",WT,34.527992,-104.087189,9wve62
"Anderson Wind Project",WT,33.014404,-103.854271,9wve62
"San Juan Mesa",WT,33.953094,-103.861092,9wve62
"Golden West Wind Farm",WT,39.019943,-104.166748,9wve62
"Golden West Wind Farm",WT,39.014885,-104.212669,9wve62
"Golden West Wind Farm",WT,38.960865,-104.278374,9wve62
"Golden West Wind Farm",WT,39.019135,-104.161903,9wve62
"Golden West Wind Farm",WT,39.015423,-104.148972,9wve62
"Golden West Wind Farm",WT,38.957085,-104.283493,9wve62
"Golden West Wind Farm",WT,39.046585,-104.191612,9wve62
"Golden West Wind Farm",WT,39.022655,-104.178032,9wve62
"Golden West Wind Farm",WT,39.047363,-104.170479,9wve62
"Golden West Wind Farm",WT,39.046394,-104.22802,9wve62
"Golden West Wind Farm",WT,38.949722,-104.240227,9wve62
"Golden West Wind Farm",WT,38.995304,-104.241508,9wve62
"Golden West Wind Farm",WT,38.966824,-104.285332,9wve62
"Golden West Wind Farm",WT,38.996044,-104.267052,9wve62
"Golden West Wind Farm",WT,38.963192,-104.30188,9wve62
"Golden West Wind Farm",WT,38.988255,-104.213379,9wve62
"Golden West Wind Farm",WT,38.963753,-104.29734,9wve62
"Golden West Wind Farm",WT,38.956825,-104.242828,9wve62
"Golden West Wind Farm",WT,39.032242,-104.161041,9wve62
"Golden West Wind Farm",WT,39.023373,-104.186218,9wve62
"Golden West Wind Farm",WT,39.002316,-104.186882,9wve62
"Golden West Wind Farm",WT,39.001915,-104.192467,9wve62
"Golden West Wind Farm",WT,38.967304,-104.25515,9wve62
"Golden West Wind Farm",WT,38.994263,-104.231956,9wve62
"Golden West Wind Farm",WT,38.988434,-104.218117,9wve62
"Golden West Wind Farm",WT,39.035095,-104.192101,9wve62
"Golden West Wind Farm",WT,38.948402,-104.273232,9wve62
"Golden West Wind Farm",WT,38.942482,-104.264473,9wve62
"Golden West Wind Farm",WT,39.046482,-104.218513,9wve62
"Golden West Wind Farm",WT,38.966923,-104.264671,9wve62
"Golden West Wind Farm",WT,38.957684,-104.28862,9wve62
"Golden West Wind Farm",WT,38.995644,-104.245804,9wve62
"Golden West Wind Farm",WT,38.951595,-104.291428,9wve62
"Golden West Wind Farm",WT,38.967983,-104.260498,9wve62
"Golden West Wind Farm",WT,39.05706,-104.165314,9wve62
"Golden West Wind Farm",WT,38.942944,-104.227249,9wve62
"Golden West Wind Farm",WT,39.047485,-104.205521,9wve62
"Golden West Wind Farm",WT,38.967304,-104.241447,9wve62
"Golden West Wind Farm",WT,39.038635,-104.228889,9wve62
"Golden West Wind Farm",WT,38.961422,-104.272263,9wve62
"Golden West Wind Farm",WT,38.940922,-104.269943,9wve62
"Golden West Wind Farm",WT,38.959763,-104.25853,9wve62
"Golden West Wind Farm",WT,38.950432,-104.223198,9wve62
"Golden West Wind Farm",WT,39.035732,-104.217751,9wve62
"Golden West Wind Farm",WT,38.961014,-104.254066,9wve62
"Golden West Wind Farm",WT,38.947556,-104.280098,9wve62
"Golden West Wind Farm",WT,38.974983,-104.262901,9wve62
"Golden West Wind Farm",WT,39.031952,-104.205887,9wve62
"Golden West Wind Farm",WT,39.046482,-104.232597,9wve62
"Golden West Wind Farm",WT,38.972595,-104.307114,9wve62
"Golden West Wind Farm",WT,39.018883,-104.230553,9wve62
"Golden West Wind Farm",WT,39.006962,-104.234657,9wve62
"Golden West Wind Farm",WT,38.951714,-104.228882,9wve62
"Golden West Wind Farm",WT,39.033463,-104.170822,9wve62
"Golden West Wind Farm",WT,38.966503,-104.250092,9wve62
"Golden West Wind Farm",WT,39.035362,-104.180107,9wve62
"Golden West Wind Farm",WT,39.014954,-104.207779,9wve62
"Golden West Wind Farm",WT,39.053944,-104.176537,9wve62
"Golden West Wind Farm",WT,38.929382,-104.253983,9wve62
"Golden West Wind Farm",WT,38.936234,-104.263252,9wve62
"Golden West Wind Farm",WT,39.031193,-104.234802,9wve62
"Golden West Wind Farm",WT,38.952553,-104.234467,9wve62
"Golden West Wind Farm",WT,39.024303,-104.248932,9wve62
"Golden West Wind Farm",WT,39.046803,-104.196213,9wve62
"Golden West Wind Farm",WT,39.029522,-104.24781,9wve62
"Golden West Wind Farm",WT,39.016655,-104.153122,9wve62
"Golden West Wind Farm",WT,39.017452,-104.157768,9wve62
"Golden West Wind Farm",WT,39.000854,-104.241669,9wve62
"San Juan Mesa",WT,33.956795,-103.841988,9wve62
"San Juan Mesa",WT,33.965195,-103.852493,9wve62
"San Juan Mesa",WT,33.965794,-103.85849,9wve62
"San Juan Mesa",WT,33.963314,-103.857033,9wve62
"San Juan Mesa",WT,33.968895,-103.86779,9wve62
"San Juan Mesa",WT,33.972195,-103.861694,9wve62
"San Juan Mesa",WT,33.942093,-103.866592,9wve62
"San Juan Mesa",WT,33.957893,-103.843788,9wve62
"Oso Grande",WT,33.048252,-103.775208,9wve62
"Oso Grande",WT,33.046406,-103.769318,9wve62
"Oso Grande",WT,32.969509,-103.82756,9wve62
"Anderson Wind Project",WT,33.014576,-103.87326,9wve62
"San Juan Mesa",WT,33.969994,-103.869888,9wve62
"San Juan Mesa",WT,33.966694,-103.863693,9wve62
"San Juan Mesa",WT,33.971596,-103.859894,9wve62
"San Juan Mesa",WT,33.967793,-103.865791,9wve62
"San Juan Mesa",WT,33.971294,-103.871788,9wve62
"San Juan Mesa",WT,33.964794,-103.847092,9wve62
"San Juan Mesa",WT,33.973331,-103.863731,9wve62
"San Juan Mesa",WT,33.964195,-103.876892,9wve62
"Oso Grande",WT,33.083225,-103.805939,9wve62
"San Juan Mesa",WT,33.954994,-103.868195,9wve62
"San Juan Mesa",WT,33.972195,-103.849792,9wve62
"Oso Grande",WT,33.085686,-103.810944,9wve62
"San Juan Mesa",WT,33.974194,-103.874588,9wve62
"San Juan Mesa",WT,33.963493,-103.842094,9wve62
"Oso Grande",WT,33.115265,-103.785553,9wve62
"Oso Grande",WT,33.098675,-103.769211,9wve62
"Anderson Wind Project",WT,33.032913,-103.855537,9wve62
"San Juan Mesa",WT,33.954395,-103.865692,9wve62
"San Juan Mesa",WT,33.965096,-103.849693,9wve62
"Anderson Wind Project",WT,33.013836,-103.864983,9wve62
"Anderson Wind Project",WT,33.013515,-103.869209,9wve62
"Anderson Wind Project",WT,33.035954,-103.855408,9wve62
"Golden West Wind Farm",WT,38.994972,-104.236412,9wve62
"Golden West Wind Farm",WT,38.961365,-104.26577,9wve62
"Golden West Wind Farm",WT,38.974045,-104.267517,9wve62
"Golden West Wind Farm",WT,39.044983,-104.179573,9wve62
"Golden West Wind Farm",WT,39.007343,-104.243156,9wve62
"Golden West Wind Farm",WT,38.937714,-104.25486,9wve62
"Golden West Wind Farm",WT,38.962475,-104.306061,9wve62
"Golden West Wind Farm",WT,39.037945,-104.241241,9wve62
"Golden West Wind Farm",WT,38.939354,-104.233231,9wve62
"Golden West Wind Farm",WT,38.969975,-104.31015,9wve62
"Golden West Wind Farm",WT,38.980854,-104.308662,9wve62
"Golden West Wind Farm",WT,39.044563,-104.186028,9wve62
"Golden West Wind Farm",WT,38.988304,-104.208023,9wve62
"Golden West Wind Farm",WT,38.988823,-104.288673,9wve62
"Golden West Wind Farm",WT,39.059013,-104.161308,9wve62
"Golden West Wind Farm",WT,38.929012,-104.248947,9wve62
"Golden West Wind Farm",WT,39.049603,-104.21579,9wve62
"San Juan Mesa",WT,33.971695,-103.847694,9wve62
"Peak View Wind",WT,37.68832,-104.508408,9wve62
"Peak View Wind",WT,37.695553,-104.505104,9wve62
"Peak View Wind",WT,37.668266,-104.517136,9wve62
"Peak View Wind",WT,37.702988,-104.499947,9wve62
"Golden West Wind Farm",WT,38.951744,-104.251328,9wve62
"Anderson Wind Project",WT,33.029808,-103.855804,9wve62
"Golden West Wind Farm",WT,39.027275,-104.237831,9wve62
"Golden West Wind Farm",WT,39.038513,-104.19812,9wve62
"Golden West Wind Farm",WT,39.007084,-104.225182,9wve62
"Golden West Wind Farm",WT,38.981415,-104.297501,9wve62
"Golden West Wind Farm",WT,39.035534,-104.212044,9wve62
"Golden West Wind Farm",WT,39.022285,-104.241974,9wve62
"Golden West Wind Farm",WT,39.015812,-104.21785,9wve62
"Golden West Wind Farm",WT,38.966843,-104.272118,9wve62
"Cheyenne Ridge",WT,38.971603,-102.241821,9wve62
"New Mexico Wind Energy Center",WT,34.534569,-104.088409,9wve62
"New Mexico Wind Energy Center",WT,34.595768,-104.035637,9wve62
"Bronco Plains",WT,39.108864,-103.020493,9wve62
"Bronco Plains",WT,39.109962,-103.080093,9wve62
"Bronco Plains",WT,39.046272,-102.944191,9wve62
"Bronco Plains",WT,39.089333,-103.040993,9wve62
"Bronco Plains",WT,39.111305,-103.01609,9wve62
"Bronco Plains",WT,39.169353,-102.970894,9wve62
"Bronco Plains",WT,39.110344,-103.068192,9wve62
"Bronco Plains Wind II",WT,39.235813,-103.01342,9wve62
"Bronco Plains",WT,39.154835,-102.951988,9wve62
"Bronco Plains",WT,39.091022,-103.035591,9wve62
"Bronco Plains",WT,39.117065,-102.953194,9wve62
"Bronco Plains",WT,39.141182,-102.975487,9wve62
"Bronco Plains",WT,39.110413,-103.009689,9wve62
"Bronco Plains",WT,39.055183,-103.042694,9wve62
"Bronco Plains",WT,39.061512,-103.011993,9wve62
"Bronco Plains",WT,39.081955,-103.048592,9wve62
"Bronco Plains",WT,39.078625,-103.081192,9wve62
"Bronco Plains",WT,39.073635,-102.993294,9wve62
"Bronco Plains",WT,39.092793,-103.060791,9wve62
"Bronco Plains",WT,39.075062,-103.058388,9wve62
"Bronco Plains",WT,39.095722,-102.992889,9wve62
"Bronco Plains",WT,39.061882,-103.029488,9wve62
"Bronco Plains",WT,39.167152,-102.975189,9wve62
"Bronco Plains",WT,39.131775,-102.994087,9wve62
"Bronco Plains",WT,39.134815,-102.984291,9wve62
"Bronco Plains",WT,39.064892,-103.09539,9wve62
"Bronco Plains",WT,39.069263,-103.06649,9wve62
"Bronco Plains",WT,39.050732,-102.973289,9wve62
"Bronco Plains",WT,39.076443,-103.099289,9wve62
"Bronco Plains",WT,39.131035,-103.018288,9wve62
"Bronco Plains",WT,39.094963,-103.024689,9wve62
"Bronco Plains",WT,39.045734,-102.955688,9wve62
"Bronco Plains",WT,39.071274,-103.061493,9wve62
"Bronco Plains",WT,39.064823,-103.089188,9wve62
"Cheyenne Ridge",WT,39.051025,-102.122688,9wve62
"Cheyenne Ridge",WT,39.099186,-102.257019,9wve62
"Cheyenne Ridge",WT,39.086185,-102.055481,9wve62
"Cheyenne Ridge",WT,39.066925,-102.244278,9wve62
"Cheyenne Ridge",WT,39.048126,-102.203445,9wve62
"Cheyenne Ridge",WT,39.093719,-102.079926,9wve62
"Cheyenne Ridge",WT,39.049755,-102.313393,9wve62
"Cheyenne Ridge",WT,39.054462,-102.10128,9wve62
"Cheyenne Ridge",WT,39.066689,-102.233444,9wve62
"Cheyenne Ridge",WT,39.078552,-102.076401,9wve62
"Cheyenne Ridge",WT,39.071316,-102.126373,9wve62
"Cheyenne Ridge",WT,39.053383,-102.264259,9wve62
"Cheyenne Ridge",WT,39.05233,-102.145729,9wve62
"Cheyenne Ridge",WT,39.053444,-102.275665,9wve62
"Bronco Plains",WT,39.052082,-102.985092,9wve62
"Cheyenne Ridge",WT,39.051529,-102.184052,9wve62
"Cheyenne Ridge",WT,39.072765,-102.275742,9wve62
"Bronco Plains",WT,39.080452,-102.96759,9wve62
"Bronco Plains Wind II",WT,39.205605,-102.943428,9wve62
"Bronco Plains",WT,39.148262,-102.966591,9wve62
"Bronco Plains",WT,39.073982,-102.987488,9wve62
"Bronco Plains",WT,39.151165,-102.961288,9wve62
"Bronco Plains",WT,39.084652,-103.066788,9wve62
"Bronco Plains",WT,39.051983,-103.112289,9wve62
"Bronco Plains",WT,39.081772,-102.94809,9wve62
"Bronco Plains",WT,39.049953,-102.978394,9wve62
"Bronco Plains",WT,39.076633,-102.983192,9wve62
"Bronco Plains",WT,39.047375,-102.927887,9wve62
"Bronco Plains",WT,39.042503,-102.959587,9wve62
"Bronco Plains",WT,39.077824,-102.96109,9wve62
"Cheyenne Ridge",WT,39.049938,-102.189278,9wve62
"Bronco Plains",WT,39.093552,-103.030693,9wve62
"Bronco Plains",WT,39.060455,-103.017288,9wve62
"Bronco Plains",WT,39.093864,-103.017494,9wve62
"Twin Buttes",WT,37.696499,-102.823921,9wve62
"Twin Buttes",WT,37.671696,-102.883392,9wve62
"Twin Buttes",WT,37.695095,-102.83519,9wve62
"Twin Buttes",WT,37.668095,-102.841194,9wve62
"Twin Buttes",WT,37.674393,-102.813393,9wve62
"Twin Buttes",WT,37.674526,-102.827385,9wve62
"Twin Buttes",WT,37.687595,-102.851593,9wve62
"Twin Buttes",WT,37.671696,-102.889992,9wve62
"Twin Buttes",WT,37.695347,-102.827103,9wve62
"Twin Buttes",WT,37.652393,-102.876389,9wve62
"Twin Buttes",WT,37.671696,-102.886589,9wve62
"Twin Buttes",WT,37.656254,-102.914597,9wve62
"Twin Buttes",WT,37.671696,-102.879593,9wve62
"Twin Buttes",WT,37.651993,-102.896393,9wve62
"Twin Buttes",WT,37.698093,-102.821289,9wve62
"Twin Buttes",WT,37.673992,-102.802994,9wve62
"Twin Buttes",WT,37.691296,-102.84269,9wve62
"Twin Buttes",WT,37.674095,-102.817993,9wve62
"Twin Buttes",WT,37.654392,-102.907791,9wve62
"Twin Buttes",WT,37.674393,-102.832893,9wve62
"Twin Buttes",WT,37.652992,-102.901192,9wve62
"Twin Buttes",WT,37.674095,-102.821289,9wve62
"Twin Buttes",WT,37.652294,-102.883591,9wve62
"Twin Buttes",WT,37.681293,-102.868492,9wve62
"Twin Buttes",WT,37.666992,-102.864494,9wve62
"Cheyenne Ridge",WT,38.955444,-102.429893,9wve62
"Cheyenne Ridge",WT,39.042362,-102.248589,9wve62
"Cheyenne Ridge",WT,38.967999,-102.374313,9wve62
"Cheyenne Ridge",WT,39.004837,-102.228416,9wve62
"Cheyenne Ridge",WT,38.975887,-102.209282,9wve62
"Twin Buttes",WT,37.666992,-102.857292,9wve62
"Twin Buttes",WT,37.671696,-102.876389,9wve62
"Twin Buttes",WT,37.674194,-102.836494,9wve62
"Twin Buttes",WT,37.655293,-102.911293,9wve62
"Bronco Plains",WT,39.044292,-102.937492,9wve62
"Bronco Plains",WT,39.113335,-102.962891,9wve62
"Bronco Plains",WT,39.089024,-103.109787,9wve62
"Bronco Plains",WT,39.139015,-103.014389,9wve62
"Bronco Plains",WT,39.052555,-102.991188,9wve62
"Bronco Plains",WT,39.160454,-102.984489,9wve62
"Bronco Plains",WT,39.144215,-102.997391,9wve62
"Aurora Wal-Mart",WT,39.760796,-104.773087,9wve62
"Lamar III",WT,37.362293,-102.650894,9wve62
"Twin Buttes",WT,37.652294,-102.887192,9wve62
"Twin Buttes",WT,37.673794,-102.80629,9wve62
"Twin Buttes",WT,37.689793,-102.845589,9wve62
"Twin Buttes",WT,37.681808,-102.860077,9wve62
"Twin Buttes",WT,37.668194,-102.844688,9wve62
"Twin Buttes",WT,37.683895,-102.857887,9wve62
"Twin Buttes",WT,37.652294,-102.890778,9wve62
"Twin Buttes",WT,37.681793,-102.872391,9wve62
"Twin Buttes",WT,37.682594,-102.863594,9wve62
"Twin Buttes",WT,37.671593,-102.89669,9wve62
"Twin Buttes",WT,37.653294,-102.904594,9wve62
"Twin Buttes",WT,37.671593,-102.893593,9wve62
"Twin Buttes",WT,37.673992,-102.810287,9wve62
"Twin Buttes",WT,37.693394,-102.839394,9wve62
"Cheyenne Ridge",WT,39.048244,-102.333893,9wve62
"Twin Buttes",WT,37.668293,-102.847794,9wve62
"Twin Buttes",WT,37.652393,-102.87999,9wve62
"Twin Buttes",WT,37.695694,-102.830917,9wve62
"Twin Buttes",WT,37.666992,-102.86129,9wve62
"Twin Buttes",WT,37.689396,-102.848892,9wve62
"Twin Buttes",WT,37.668194,-102.851494,9wve62
"Twin Buttes",WT,37.671696,-102.89949,9wve62
"Bronco Plains",WT,39.148365,-102.992989,9wve62
"New Mexico Wind Energy Center",WT,34.531948,-104.088364,9wve62
"Cheyenne Ridge",WT,39.048733,-102.244888,9wve62
"Aragonne Mesa 2 Expansion",WT,34.814186,-105.029442,9wve62
"Aragonne Mesa 2 Expansion",WT,34.81591,-105.083191,9wve62
"Aragonne Mesa 2 Expansion",WT,34.813156,-105.107079,9wve62
"Aragonne Mesa 2 Expansion",WT,34.806686,-105.133652,9wve62
"Aragonne Mesa 2",WT,34.836098,-105.004227,9wve62
"Western Spirit",WT,34.740929,-105.270439,9wve62
"Aragonne Mesa 2 Expansion",WT,34.808979,-105.116364,9wve62
"Aragonne Mesa 2 Expansion",WT,34.808048,-105.034027,9wve62
"Western Spirit",WT,34.734997,-105.273041,9wve62
"Aragonne Mesa 2 Expansion",WT,34.81852,-105.042473,9wve62
"Aragonne Mesa 2",WT,34.828903,-105.046761,9wve62
"Aragonne Mesa 2",WT,34.840504,-104.978767,9wve62
"Aragonne Mesa 2",WT,34.805347,-105.042328,9wve62
"Western Spirit",WT,34.742085,-105.289444,9wve62
"Aragonne Mesa 2 Expansion",WT,34.803993,-105.12442,9wve62
"Aragonne Mesa 2 Expansion",WT,34.812035,-105.019089,9wve62
"Aragonne Mesa 2 Expansion",WT,34.800163,-105.108498,9wve62
"Aragonne Mesa 2 Expansion",WT,34.799412,-105.090675,9wve62
"Western Spirit",WT,34.748177,-105.285454,9wve62
"Western Spirit",WT,34.729671,-105.271103,9wve62
"Western Spirit",WT,34.750996,-105.285805,9wve62
"Aragonne Mesa 2",WT,34.842785,-104.963005,9wve62
"Aragonne Mesa 2",WT,34.800247,-105.116501,9wve62
"Western Spirit",WT,34.44595,-105.306679,9wve62
"Aragonne Mesa 2 Expansion",WT,34.808777,-105.08786,9wve62
"Aragonne Mesa 2",WT,34.848404,-104.965492,9wve62
"Aragonne Mesa 2",WT,34.833855,-104.97905,9wve62
"Aragonne Mesa 2",WT,34.811226,-105.03289,9wve62
"Aragonne Mesa 2",WT,34.838665,-104.961006,9wve62
"Aragonne Mesa 2",WT,34.840046,-104.99279,9wve62
"Aragonne Mesa 2",WT,34.823063,-105.006889,9wve62
"Aragonne Mesa 2 Expansion",WT,34.804703,-105.103058,9wve62
"Aragonne Mesa 2",WT,34.821106,-105.011391,9wve62
"Aragonne Mesa 2 Expansion",WT,34.8116,-105.138535,9wve62
"Aragonne Mesa 2",WT,34.803879,-105.035187,9wve62
"New Mexico Wind Energy Center",WT,34.5812,-104.064529,9wve62
"New Mexico Wind Energy Center",WT,34.585804,-104.049934,9wve62
"New Mexico Wind Energy Center",WT,34.586193,-104.053391,9wve62
"New Mexico Wind Energy Center",WT,34.547493,-104.083191,9wve62
"New Mexico Wind Energy Center",WT,34.573845,-104.071106,9wve62
"New Mexico Wind Energy Center",WT,34.549004,-104.083916,9wve62
"New Mexico Wind Energy Center",WT,34.537376,-104.080917,9wve62
"New Mexico Wind Energy Center",WT,34.598927,-104.036438,9wve62
"New Mexico Wind Energy Center",WT,34.568932,-104.081596,9wve62
"New Mexico Wind Energy Center",WT,34.578472,-104.065514,9wve62
"New Mexico Wind Energy Center",WT,34.587708,-104.046738,9wve62
"New Mexico Wind Energy Center",WT,34.559521,-104.082039,9wve62
"New Mexico Wind Energy Center",WT,34.529194,-104.088287,9wve62
"New Mexico Wind Energy Center",WT,34.539982,-104.08654,9wve62
"Aragonne Mesa 2 Expansion",WT,34.817822,-105.062202,9wve62
"New Mexico Wind Energy Center",WT,34.571232,-104.071609,9wve62
"New Mexico Wind Energy Center",WT,34.587727,-104.060532,9wve62
"New Mexico Wind Energy Center",WT,34.604496,-104.037094,9wve62
"New Mexico Wind Energy Center",WT,34.53878,-104.082123,9wve62
"New Mexico Wind Energy Center",WT,34.601189,-104.036102,9wve62
"New Mexico Wind Energy Center",WT,34.541634,-104.083626,9wve62
"New Mexico Wind Energy Center",WT,34.586655,-104.057304,9wve62
"New Mexico Wind Energy Center",WT,34.583218,-104.06488,9wve62
"New Mexico Wind Energy Center",WT,34.560425,-104.083649,9wve62
"Aragonne Mesa 2 Expansion",WT,34.805126,-105.02169,9wve62
"Aragonne Mesa 2",WT,34.808983,-105.106392,9wve62
"Aragonne Mesa 2",WT,34.825409,-105.057808,9wve62
"Aragonne Mesa 2",WT,34.834217,-105.044556,9wve62
"Aragonne Mesa 2",WT,34.802601,-105.089012,9wve62
"Aragonne Mesa 2",WT,34.809177,-105.142021,9wve62
"New Mexico Wind Energy Center",WT,34.562595,-104.08419,9wve62
"Aragonne Mesa 2",WT,34.842907,-104.970421,9wve62
"Aragonne Mesa 2 Expansion",WT,34.816151,-105.115654,9wve62
"Western Spirit",WT,34.716114,-105.249031,9wve62
"Aragonne Mesa 2",WT,34.797096,-105.119888,9wve62
"Aragonne Mesa 2",WT,34.842876,-104.990051,9wve62
"Aragonne Mesa 2",WT,34.81599,-105.06823,9wve62
"Aragonne Mesa 2",WT,34.828461,-105.006165,9wve62
"Aragonne Mesa 2",WT,34.844154,-104.978615,9wve62
"Aragonne Mesa 2",WT,34.82515,-104.975212,9wve62
"Aragonne Mesa 2",WT,34.838547,-104.983879,9wve62
"Aragonne Mesa 2 Expansion",WT,34.819267,-105.081528,9wve62
"Western Spirit",WT,34.72678,-105.25811,9wve62
"Aragonne Mesa 2",WT,34.846863,-104.971611,9wve62
"Aragonne Mesa 2 Expansion",WT,34.807648,-105.147125,9wve62
"Western Spirit",WT,34.732285,-105.272125,9wve62
"Aragonne Mesa 2 Expansion",WT,34.814785,-105.042465,9wve62
"Aragonne Mesa 2 Expansion",WT,34.804321,-105.148155,9wve62
"Aragonne Mesa 2",WT,34.826515,-104.997208,9wve62
"Aragonne Mesa 2 Expansion",WT,34.812744,-105.128288,9wve62
"Aragonne Mesa 2 Expansion",WT,34.830364,-104.986145,9wve62
"Aragonne Mesa 2 Expansion",WT,34.812016,-105.114571,9wve62
"Aragonne Mesa 2 Expansion",WT,34.817272,-105.013069,9wve62
"Aragonne Mesa 2 Expansion",WT,34.820415,-105.075127,9wve62
"Aragonne Mesa 2 Expansion",WT,34.809635,-105.02269,9wve62
"Aragonne Mesa 2 Expansion",WT,34.806099,-105.120354,9wve62
"Western Spirit",WT,34.715061,-105.262115,9wve62
"Aragonne Mesa 2 Expansion",WT,34.82222,-105.065559,9wve62
"Aragonne Mesa 2 Expansion",WT,34.822849,-105.035606,9wve62
"Western Spirit",WT,34.720409,-105.264656,9wve62
"Western Spirit",WT,34.733982,-105.286713,9wve62
"Western Spirit",WT,34.71386,-105.245758,9wve62
"Western Spirit",WT,34.711227,-105.242592,9wve62
"Western Spirit",WT,34.731472,-105.284721,9wve62
"Aragonne Mesa 2 Expansion",WT,34.813957,-105.014153,9wve62
"Aragonne Mesa 2",WT,34.828243,-104.990288,9wve62
"Aragonne Mesa 2",WT,34.824173,-105.08783,9wve62
"Aragonne Mesa 2",WT,34.809086,-105.099236,9wve62
"Aragonne Mesa 2 Expansion",WT,34.814854,-105.136826,9wve62
"Aragonne Mesa 2",WT,34.815201,-105.09108,9wve62
"Aragonne Mesa 2",WT,34.825035,-104.982239,9wve62
"Aragonne Mesa 2",WT,34.810055,-105.006989,9wve62
"Aragonne Mesa 2",WT,34.833344,-105.050941,9wve62
"Aragonne Mesa 2",WT,34.831944,-105.00528,9wve62
"Aragonne Mesa 2",WT,34.822582,-105.042267,9wve62
"Aragonne Mesa 2",WT,34.841373,-104.954468,9wve62
"Western Spirit",WT,34.717766,-105.263031,9wve62
"Aragonne Mesa 2",WT,34.818306,-105.135849,9wve62
"Western Spirit",WT,34.718903,-105.249565,9wve62
"Western Spirit",WT,34.450005,-105.306091,9wve62
"Western Spirit",WT,34.736435,-105.289375,9wve62
"Western Spirit",WT,34.746712,-105.27182,9wve62
"Western Spirit",WT,34.725079,-105.270348,9wve62
"Western Spirit",WT,34.722351,-105.268288,9wve62
"Western Spirit",WT,34.733727,-105.258575,9wve62
"Aragonne Mesa 2",WT,34.821671,-104.967827,9wve62
"Aragonne Mesa 2",WT,34.820522,-105.093132,9wve62
"Aragonne Mesa 2",WT,34.824139,-104.988525,9wve62
"Aragonne Mesa 2",WT,34.826187,-105.07386,9wve62
"Aragonne Mesa 2",WT,34.834633,-104.988228,9wve62
"Aragonne Mesa 2",WT,34.811771,-105.095894,9wve62
"Cheyenne Ridge",WT,39.063976,-102.239807,9wve62
"Aragonne Mesa 2",WT,34.818691,-105.035408,9wve62
"Aragonne Mesa 2",WT,34.806236,-105.013069,9wve62
"Aragonne Mesa 2",WT,34.825901,-105.050957,9wve62
"Aragonne Mesa 2",WT,34.82106,-104.974815,9wve62
"Western Spirit",WT,34.454044,-105.305847,9wve62
"Western Spirit",WT,34.74493,-105.289459,9wve62
"Western Spirit",WT,34.729153,-105.26059,9wve62
"Aragonne Mesa 2 Expansion",WT,34.810493,-105.042343,9wve62
"Bronco Plains Wind II",WT,39.191101,-103.078499,9wve62
"Golden West Wind Farm",WT,38.922203,-104.231483,9wve62
"Bronco Plains Wind II",WT,39.206127,-102.928009,9wve62
"Limon II",WT,39.319996,-103.588692,9wve62
"Limon II",WT,39.375095,-103.504288,9wve62
"Limon II",WT,39.303295,-103.599289,9wve62
"Limon II",WT,39.346294,-103.571289,9wve62
"Limon II",WT,39.292194,-103.562988,9wve62
"Limon II",WT,39.296696,-103.562492,9wve62
"Limon II",WT,39.385895,-103.503593,9wve62
"Limon II",WT,39.352993,-103.533188,9wve62
"Limon II",WT,39.371693,-103.600792,9wve62
"Limon II",WT,39.352993,-103.554291,9wve62
"Limon II",WT,39.304493,-103.555092,9wve62
"Limon II",WT,39.363594,-103.53569,9wve62
"Limon II",WT,39.352093,-103.604187,9wve62
"Limon II",WT,39.349594,-103.560493,9wve62
"Limon II",WT,39.334496,-103.567192,9wve62
"Limon II",WT,39.350895,-103.61779,9wve62
"Limon II",WT,39.278095,-103.550987,9wve62
"Limon II",WT,39.366894,-103.50769,9wve62
"Limon II",WT,39.310493,-103.537292,9wve62
"Limon II",WT,39.331795,-103.555992,9wve62
"Limon II",WT,39.364796,-103.531792,9wve62
"Limon II",WT,39.366093,-103.49379,9wve62
"Limon II",WT,39.329594,-103.592087,9wve62
"Limon II",WT,39.327595,-103.544487,9wve62
"Limon II",WT,39.299496,-103.560287,9wve62
"Cedar Point",WT,39.372593,-103.68779,9wve62
"Limon II",WT,39.333893,-103.571487,9wve62
"Limon I",WT,39.372993,-103.655289,9wve62
"Limon II",WT,39.346893,-103.542389,9wve62
"Limon II",WT,39.367195,-103.50309,9wve62
"Limon II",WT,39.340393,-103.587593,9wve62
"Limon II",WT,39.332993,-103.561493,9wve62
"Limon II",WT,39.334793,-103.619392,9wve62
"Limon II",WT,39.319794,-103.593193,9wve62
"Limon II",WT,39.352394,-103.506088,9wve62
"Limon II",WT,39.289192,-103.545288,9wve62
"Limon II",WT,39.349495,-103.50029,9wve62
"Limon II",WT,39.377792,-103.517891,9wve62
"Limon II",WT,39.320393,-103.597992,9wve62
"Limon I",WT,39.373695,-103.553993,9wve62
"Limon II",WT,39.344193,-103.54509,9wve62
"Limon II",WT,39.311092,-103.572792,9wve62
"Limon II",WT,39.338696,-103.581589,9wve62
"Limon II",WT,39.371796,-103.605293,9wve62
"Limon II",WT,39.375694,-103.499489,9wve62
"Limon II",WT,39.307995,-103.539688,9wve62
"Limon II",WT,39.350395,-103.612892,9wve62
"Limon II",WT,39.348495,-103.568489,9wve62
"Limon II",WT,39.370193,-103.608994,9wve62
"Limon II",WT,39.341892,-103.580093,9wve62
"Limon II",WT,39.276493,-103.558388,9wve62
"Limon II",WT,39.342793,-103.575989,9wve62
"Limon II",WT,39.298893,-103.554688,9wve62
"Limon II",WT,39.332993,-103.538193,9wve62
"Cedar Point",WT,39.484795,-103.638191,9wve62
"Limon II",WT,39.294193,-103.579391,9wve62
"Limon II",WT,39.303593,-103.570389,9wve62
"Limon II",WT,39.304394,-103.588493,9wve62
"Limon III",WT,39.377563,-103.437004,9wve62
"Limon III",WT,39.358002,-103.440659,9wve62
"Limon III",WT,39.339775,-103.359558,9wve62
"Limon III",WT,39.35051,-103.410416,9wve62
"Limon III",WT,39.313435,-103.374222,9wve62
"Limon III",WT,39.372772,-103.387932,9wve62
"Limon III",WT,39.353714,-103.398193,9wve62
"Limon III",WT,39.320465,-103.359161,9wve62
"Limon III",WT,39.286003,-103.394417,9wve62
"Limon III",WT,39.358562,-103.369019,9wve62
"Limon III",WT,39.299484,-103.322289,9wve62
"Limon III",WT,39.422882,-103.480904,9wve62
"Limon III",WT,39.424812,-103.396233,9wve62
"Limon III",WT,39.386295,-103.369308,9wve62
"Limon III",WT,39.385414,-103.362991,9wve62
"Limon III",WT,39.316402,-103.290802,9wve62
"Limon III",WT,39.289093,-103.38665,9wve62
"Limon II",WT,39.310894,-103.57679,9wve62
"Limon II",WT,39.333294,-103.551987,9wve62
"Limon II",WT,39.318092,-103.600693,9wve62
"Rush Creek II",WT,39.047096,-103.176445,9wve62
"Rush Creek II",WT,39.095085,-103.199585,9wve62
"Rush Creek II",WT,39.076633,-103.19973,9wve62
"Rush Creek II",WT,39.150421,-103.157547,9wve62
"Rush Creek I",WT,39.097816,-103.23455,9wve62
"Limon III",WT,39.398285,-103.456863,9wve62
"Limon III",WT,39.443642,-103.37632,9wve62
"Limon II",WT,39.353092,-103.638191,9wve62
"Limon III",WT,39.330994,-103.371834,9wve62
"Limon II",WT,39.373795,-103.597893,9wve62
"Limon II",WT,39.367493,-103.498688,9wve62
"Limon II",WT,39.351994,-103.648788,9wve62
"Limon II",WT,39.328194,-103.612289,9wve62
"Limon II",WT,39.378296,-103.496193,9wve62
"Limon II",WT,39.354694,-103.53009,9wve62
"Limon II",WT,39.352295,-103.632889,9wve62
"Limon III",WT,39.421093,-103.487137,9wve62
"Limon III",WT,39.439873,-103.389038,9wve62
"Limon III",WT,39.311424,-103.388382,9wve62
"Limon III",WT,39.320972,-103.400421,9wve62
"Limon III",WT,39.300793,-103.415657,9wve62
"Limon II",WT,39.383995,-103.519386,9wve62
"Limon III",WT,39.327522,-103.387268,9wve62
"Limon III",WT,39.362183,-103.436378,9wve62
"Limon III",WT,39.318314,-103.444763,9wve62
"Limon III",WT,39.442394,-103.382248,9wve62
"Limon III",WT,39.428715,-103.445259,9wve62
"Limon III",WT,39.371593,-103.410149,9wve62
"Limon III",WT,39.407585,-103.432861,9wve62
"Limon III",WT,39.383965,-103.376282,9wve62
"Limon III",WT,39.293663,-103.45153,9wve62
"Limon III",WT,39.363365,-103.42437,9wve62
"Limon III",WT,39.411324,-103.425613,9wve62
"Limon III",WT,39.320484,-103.352287,9wve62
"Limon III",WT,39.358753,-103.376099,9wve62
"Limon III",WT,39.348705,-103.326759,9wve62
"Limon II",WT,39.375095,-103.592293,9wve62
"Limon II",WT,39.335793,-103.62809,9wve62
"Limon II",WT,39.280895,-103.566391,9wve62
"Colorado Green Wind Project (Lamar)",WT,37.723755,-102.552742,9wve62
"Colorado Green Wind Project (Lamar)",WT,37.719585,-102.6306,9wve62
"Colorado Green Wind Project (Lamar)",WT,37.671753,-102.627159,9wve62
"Colorado Green Wind Project (Lamar)",WT,37.737587,-102.597687,9wve62
"Colorado Green Wind Project (Lamar)",WT,37.737591,-102.59243,9wve62
"Colorado Green Wind Project (Lamar)",WT,37.671795,-102.624489,9wve62
"Colorado Green Wind Project (Lamar)",WT,37.714474,-102.601273,9wve62
"Twin Buttes II",WT,37.784718,-102.568634,9wve62
"Colorado Green Wind Project (Lamar)",WT,37.686352,-102.707634,9wve62
"Colorado Green Wind Project (Lamar)",WT,37.723755,-102.558212,9wve62
"Colorado Green Wind Project (Lamar)",WT,37.715614,-102.620239,9wve62
"Colorado Green Wind Project (Lamar)",WT,37.674171,-102.633713,9wve62
"Colorado Green Wind Project (Lamar)",WT,37.686356,-102.713402,9wve62
"Colorado Green Wind Project (Lamar)",WT,37.674458,-102.710388,9wve62
"Twin Buttes II",WT,37.78474,-102.56424,9wve62
"Twin Buttes II",WT,37.772953,-102.563324,9wve62
"Twin Buttes II",WT,37.772591,-102.500999,9wve62
"Twin Buttes II",WT,37.774937,-102.55513,9wve62
"Colorado Green Wind Project (Lamar)",WT,37.685474,-102.692276,9wve62
"Colorado Green Wind Project (Lamar)",WT,37.709919,-102.628685,9wve62
"Colorado Green Wind Project (Lamar)",WT,37.671093,-102.675888,9wve62
"Twin Buttes II",WT,37.783203,-102.544899,9wve62
"Colorado Green Wind Project (Lamar)",WT,37.674171,-102.630989,9wve62
"Colorado Green Wind Project (Lamar)",WT,37.715614,-102.611938,9wve62
"Colorado Green Wind Project (Lamar)",WT,37.715614,-102.623024,9wve62
"Colorado Green Wind Project (Lamar)",WT,37.714474,-102.598183,9wve62
"Colorado Green Wind Project (Lamar)",WT,37.715614,-102.614716,9wve62
"Colorado Green Wind Project (Lamar)",WT,37.674458,-102.707611,9wve62
"Colorado Green Wind Project (Lamar)",WT,37.685921,-102.659767,9wve62
"Twin Buttes II",WT,37.759995,-102.565086,9wve62
"Twin Buttes II",WT,37.772633,-102.522644,9wve62
"Twin Buttes II",WT,37.772457,-102.486,9wve62
"Twin Buttes II",WT,37.772671,-102.543915,9wve62
"Colorado Green Wind Project (Lamar)",WT,37.723225,-102.569046,9wve62
"Colorado Green Wind Project (Lamar)",WT,37.671032,-102.653801,9wve62
"Colorado Green Wind Project (Lamar)",WT,37.671032,-102.640602,9wve62
"Colorado Green Wind Project (Lamar)",WT,37.674393,-102.702087,9wve62
"Colorado Green Wind Project (Lamar)",WT,37.687595,-102.725891,9wve62
"Colorado Green Wind Project (Lamar)",WT,37.685539,-102.689445,9wve62
"Colorado Green Wind Project (Lamar)",WT,37.687595,-102.729195,9wve62
"Colorado Green Wind Project (Lamar)",WT,37.686382,-102.704994,9wve62
"Colorado Green Wind Project (Lamar)",WT,37.725422,-102.585938,9wve62
"Colorado Green Wind Project (Lamar)",WT,37.737587,-102.584496,9wve62
"Twin Buttes II",WT,37.782959,-102.512001,9wve62
"Colorado Green Wind Project (Lamar)",WT,37.700916,-102.6073,9wve62
"Colorado Green Wind Project (Lamar)",WT,37.700596,-102.639488,9wve62
"Colorado Green Wind Project (Lamar)",WT,37.715614,-102.609184,9wve62
"Colorado Green Wind Project (Lamar)",WT,37.671032,-102.656433,9wve62
"Colorado Green Wind Project (Lamar)",WT,37.714504,-102.634628,9wve62
"Colorado Green Wind Project (Lamar)",WT,37.70686,-102.575859,9wve62
"Colorado Green Wind Project (Lamar)",WT,37.714588,-102.588966,9wve62
"Twin Buttes II",WT,37.759964,-102.569305,9wve62
"Twin Buttes II",WT,37.770271,-102.570381,9wve62
"Twin Buttes II",WT,37.772633,-102.467873,9wve62
"Colorado Green Wind Project (Lamar)",WT,37.725422,-102.597435,9wve62
"Twin Buttes II",WT,37.769722,-102.477142,9wve62
"Rush Creek II",WT,39.058319,-103.196945,9wve62
"Twin Buttes II",WT,37.781517,-102.515518,9wve62
"Twin Buttes II",WT,37.772602,-102.518654,9wve62
"Colorado Green Wind Project (Lamar)",WT,37.723225,-102.582245,9wve62
"Colorado Green Wind Project (Lamar)",WT,37.693115,-102.652328,9wve62
"Colorado Green Wind Project (Lamar)",WT,37.674419,-102.685326,9wve62
"Colorado Green Wind Project (Lamar)",WT,37.723225,-102.579605,9wve62
"Colorado Green Wind Project (Lamar)",WT,37.671032,-102.648521,9wve62
"Colorado Green Wind Project (Lamar)",WT,37.687588,-102.72258,9wve62
"Colorado Green Wind Project (Lamar)",WT,37.674419,-102.688103,9wve62
"Colorado Green Wind Project (Lamar)",WT,37.725395,-102.600693,9wve62
"Colorado Green Wind Project (Lamar)",WT,37.725422,-102.588829,9wve62
"Colorado Green Wind Project (Lamar)",WT,37.671032,-102.651161,9wve62
"Colorado Green Wind Project (Lamar)",WT,37.684891,-102.695053,9wve62
"Limon I",WT,39.373695,-103.54969,9wve62
"Limon I",WT,39.376194,-103.674393,9wve62
"Limon I",WT,39.399494,-103.605087,9wve62
"Limon I",WT,39.387394,-103.679688,9wve62
"Limon I",WT,39.386696,-103.629189,9wve62
"Limon I",WT,39.369194,-103.554588,9wve62
"Limon I",WT,39.437393,-103.562187,9wve62
"Limon I",WT,39.440796,-103.61689,9wve62
"Limon I",WT,39.401394,-103.600487,9wve62
"Limon I",WT,39.396694,-103.572388,9wve62
"Limon I",WT,39.434795,-103.59259,9wve62
"Limon II",WT,39.303993,-103.593193,9wve62
"Limon II",WT,39.384895,-103.497589,9wve62
"Limon II",WT,39.291695,-103.537086,9wve62
"Colorado Green Wind Project (Lamar)",WT,37.725422,-102.59169,9wve62
"Colorado Green Wind Project (Lamar)",WT,37.675201,-102.714806,9wve62
"Colorado Green Wind Project (Lamar)",WT,37.723225,-102.566406,9wve62
"Colorado Green Wind Project (Lamar)",WT,37.700565,-102.645325,9wve62
"Twin Buttes II",WT,37.77253,-102.489998,9wve62
"Twin Buttes II",WT,37.782654,-102.540001,9wve62
"Twin Buttes II",WT,37.787094,-102.573303,9wve62
"Twin Buttes II",WT,37.78722,-102.579735,9wve62
"Colorado Green Wind Project (Lamar)",WT,37.713192,-102.631493,9wve62
"Twin Buttes II",WT,37.776768,-102.456093,9wve62
"Twin Buttes II",WT,37.772194,-102.567368,9wve62
"Twin Buttes II",WT,37.772575,-102.530235,9wve62
"Twin Buttes II",WT,37.77663,-102.464867,9wve62
"Twin Buttes II",WT,37.772511,-102.49527,9wve62
"Twin Buttes II",WT,37.772614,-102.526505,9wve62
"Twin Buttes II",WT,37.774075,-102.559204,9wve62
"Twin Buttes II",WT,37.776707,-102.46048,9wve62
"Twin Buttes II",WT,37.77084,-102.537994,9wve62
"Twin Buttes II",WT,37.77261,-102.472267,9wve62
"Colorado Green Wind Project (Lamar)",WT,37.702808,-102.627968,9wve62
"Colorado Green Wind Project (Lamar)",WT,37.674171,-102.636436,9wve62
"Colorado Green Wind Project (Lamar)",WT,37.723225,-102.571686,9wve62
"Colorado Green Wind Project (Lamar)",WT,37.674393,-102.699287,9wve62
"Colorado Green Wind Project (Lamar)",WT,37.674458,-102.704803,9wve62
"Colorado Green Wind Project (Lamar)",WT,37.708336,-102.579163,9wve62
"Colorado Green Wind Project (Lamar)",WT,37.686356,-102.716476,9wve62
"Colorado Green Wind Project (Lamar)",WT,37.708336,-102.583206,9wve62
"Colorado Green Wind Project (Lamar)",WT,37.685921,-102.672829,9wve62
"Colorado Green Wind Project (Lamar)",WT,37.70092,-102.604576,9wve62
"Colorado Green Wind Project (Lamar)",WT,37.686367,-102.710335,9wve62
"Twin Buttes II",WT,37.771725,-102.534142,9wve62
"Twin Buttes II",WT,37.777882,-102.452034,9wve62
"Rush Creek II",WT,39.134716,-103.177177,9wve62
"Rush Creek II",WT,39.07338,-103.226685,9wve62
"Cedar Point",WT,39.468193,-103.67659,9wve62
"Cedar Point",WT,39.416294,-103.696793,9wve62
"Cedar Point",WT,39.463196,-103.64489,9wve62
"Cedar Point",WT,39.473495,-103.662788,9wve62
"Cedar Point",WT,39.457092,-103.671387,9wve62
"Limon III",WT,39.320492,-103.345627,9wve62
"Limon III",WT,39.320152,-103.277214,9wve62
"Limon III",WT,39.304504,-103.408401,9wve62
"Limon III",WT,39.401783,-103.448273,9wve62
"Limon III",WT,39.368504,-103.418831,9wve62
"Limon III",WT,39.290844,-103.365051,9wve62
"Limon III",WT,39.342175,-103.437408,9wve62
"Limon III",WT,39.393883,-103.39994,9wve62
"Limon III",WT,39.319153,-103.451248,9wve62
"Limon III",WT,39.363075,-103.354584,9wve62
"Limon III",WT,39.414635,-103.418587,9wve62
"Limon III",WT,39.304035,-103.309601,9wve62
"Limon III",WT,39.379673,-103.45047,9wve62
"Limon III",WT,39.292294,-103.436401,9wve62
"Limon III",WT,39.353035,-103.392693,9wve62
"Limon III",WT,39.362202,-103.362427,9wve62
"Limon III",WT,39.393753,-103.41346,9wve62
"Limon III",WT,39.393734,-103.46405,9wve62
"Limon III",WT,39.338634,-103.444603,9wve62
"Limon III",WT,39.319065,-103.269722,9wve62
"Cedar Point",WT,39.429794,-103.642288,9wve62
"Limon III",WT,39.378235,-103.38105,9wve62
"Cedar Point",WT,39.435593,-103.68129,9wve62
"Cedar Point",WT,39.463196,-103.651192,9wve62
"Cedar Point",WT,39.494293,-103.599487,9wve62
"Cedar Point",WT,39.508595,-103.629387,9wve62
"Cedar Point",WT,39.491993,-103.604988,9wve62
"Cedar Point",WT,39.487095,-103.629189,9wve62
"Cedar Point",WT,39.423595,-103.681992,9wve62
"Cedar Point",WT,39.502895,-103.589088,9wve62
"Cedar Point",WT,39.491993,-103.608192,9wve62
"Cedar Point",WT,39.505993,-103.580788,9wve62
"Cedar Point",WT,39.423595,-103.673187,9wve62
"Cedar Point",WT,39.424183,-103.670143,9wve62
"Cedar Point",WT,39.507893,-103.632393,9wve62
"Cedar Point",WT,39.463295,-103.657494,9wve62
"Cedar Point",WT,39.480793,-103.649986,9wve62
"Cedar Point",WT,39.531796,-103.618591,9wve62
"Cedar Point",WT,39.484196,-103.641693,9wve62
"Cedar Point",WT,39.422695,-103.69429,9wve62
"Cedar Point",WT,39.536694,-103.60569,9wve62
"Cedar Point",WT,39.503094,-103.641991,9wve62
"Cedar Point",WT,39.487892,-103.626289,9wve62
"Cedar Point",WT,39.409294,-103.704689,9wve62
"Rush Creek I",WT,39.100819,-103.231216,9wve62
"Cedar Point",WT,39.486393,-103.632187,9wve62
"Cedar Point",WT,39.491993,-103.61129,9wve62
"Cedar Point",WT,39.422695,-103.691093,9wve62
"Cedar Point",WT,39.509895,-103.572891,9wve62
"Cedar Point",WT,39.423695,-103.685089,9wve62
"Limon III",WT,39.300632,-103.316391,9wve62
"Limon III",WT,39.284824,-103.414322,9wve62
"Limon III",WT,39.342262,-103.420158,9wve62
"Limon III",WT,39.424015,-103.374573,9wve62
"Cedar Point",WT,39.495396,-103.596687,9wve62
"Limon III",WT,39.430073,-103.452187,9wve62
"Limon III",WT,39.305885,-103.301918,9wve62
"Limon III",WT,39.342724,-103.345909,9wve62
"Limon III",WT,39.319725,-103.406319,9wve62
"Limon III",WT,39.424324,-103.388504,9wve62
"Limon III",WT,39.422115,-103.403221,9wve62
"Limon III",WT,39.315533,-103.430679,9wve62
"Limon III",WT,39.431644,-103.459198,9wve62
"Limon III",WT,39.439415,-103.395668,9wve62
"Limon III",WT,39.308113,-103.401627,9wve62
"Limon III",WT,39.427643,-103.465172,9wve62
"Limon III",WT,39.392204,-103.393051,9wve62
"Limon III",WT,39.285595,-103.407791,9wve62
"Limon III",WT,39.431145,-103.438522,9wve62
"Limon III",WT,39.313694,-103.381729,9wve62
"Limon III",WT,39.377224,-103.457283,9wve62
"Limon III",WT,39.294262,-103.356323,9wve62
"Limon III",WT,39.420872,-103.410881,9wve62
"Limon III",WT,39.362675,-103.431152,9wve62
"Limon III",WT,39.293804,-103.442902,9wve62
"Limon III",WT,39.285004,-103.400581,9wve62
"Rush Creek II",WT,39.121086,-103.211197,9wve62
"Limon I",WT,39.390896,-103.614594,9wve62
"Limon III",WT,39.446373,-103.370529,9wve62
"Limon III",WT,39.297134,-103.331429,9wve62
"Limon III",WT,39.296772,-103.337807,9wve62
"Limon III",WT,39.373302,-103.402832,9wve62
"Limon III",WT,39.379135,-103.463661,9wve62
"Limon III",WT,39.376225,-103.443848,9wve62
"Limon III",WT,39.425362,-103.368347,9wve62
"Limon III",WT,39.380424,-103.470573,9wve62
"Limon III",WT,39.318962,-103.412224,9wve62
"Limon III",WT,39.395123,-103.406624,9wve62
"Limon III",WT,39.309032,-103.295494,9wve62
"Limon III",WT,39.289303,-103.381104,9wve62
"Limon III",WT,39.309433,-103.394882,9wve62
"Limon III",WT,39.402683,-103.442207,9wve62
"Limon III",WT,39.372784,-103.395714,9wve62
"Limon III",WT,39.393623,-103.471024,9wve62
"Cedar Point",WT,39.407394,-103.713791,9wve62
"Limon III",WT,39.365223,-103.349281,9wve62
"Limon III",WT,39.318855,-103.283089,9wve62
"Limon III",WT,39.313435,-103.368271,9wve62
"Limon III",WT,39.349415,-103.340088,9wve62
"Limon III",WT,39.427132,-103.475037,9wve62
"Limon III",WT,39.294483,-103.429741,9wve62
"Limon III",WT,39.318523,-103.43779,9wve62
"Limon III",WT,39.295502,-103.348442,9wve62
"Limon III",WT,39.341545,-103.35215,9wve62
"Limon III",WT,39.337242,-103.365852,9wve62
"Limon III",WT,39.290142,-103.375023,9wve62
"Limon III",WT,39.334824,-103.45208,9wve62
"Limon III",WT,39.330185,-103.381241,9wve62
"Cedar Point",WT,39.371094,-103.711487,9wve62
"Cedar Point",WT,39.517994,-103.601486,9wve62
"Cedar Point",WT,39.371494,-103.696991,9wve62
"Cedar Point",WT,39.446693,-103.681793,9wve62
"Limon II",WT,39.361794,-103.544594,9wve62
"Rush Creek II",WT,39.114864,-103.21505,9wve62
"Rush Creek II",WT,39.13467,-103.205063,9wve62
"Rush Creek II",WT,39.097881,-103.166382,9wve62
"Limon II",WT,39.357594,-103.526993,9wve62
"Limon II",WT,39.310394,-103.600891,9wve62
"Limon II",WT,39.367596,-103.529488,9wve62
"Limon II",WT,39.352093,-103.623894,9wve62
"Golden West Wind Farm",WT,39.005993,-104.229362,9wve62
"Rush Creek II",WT,39.106407,-103.222885,9wve62
"Limon II",WT,39.293995,-103.533592,9wve62
"Limon II",WT,39.385693,-103.51619,9wve62
"Limon II",WT,39.304893,-103.550392,9wve62
"Rush Creek I",WT,39.103577,-103.226875,9wve62
"Limon II",WT,39.303894,-103.545288,9wve62
"Limon II",WT,39.371693,-103.522392,9wve62
"Limon II",WT,39.305195,-103.582092,9wve62
"Limon II",WT,39.318993,-103.605392,9wve62
"Limon II",WT,39.311295,-103.60569,9wve62
"Limon II",WT,39.291492,-103.57029,9wve62
"Rush Creek II",WT,39.087105,-103.186989,9wve62
"Rush Creek II",WT,39.092163,-103.179352,9wve62
"Limon II",WT,39.310894,-103.568192,9wve62
"Limon II",WT,39.386993,-103.512291,9wve62
"Limon II",WT,39.304394,-103.576187,9wve62
"Limon II",WT,39.337193,-103.616592,9wve62
"Limon III",WT,39.343674,-103.429031,9wve62
"Rush Creek II",WT,39.137142,-103.194824,9wve62
"Rush Creek II",WT,39.059845,-103.179344,9wve62
"Rush Creek II",WT,39.0509,-103.169586,9wve62
"Rush Creek II",WT,39.095207,-103.169426,9wve62
"Rush Creek II",WT,39.145992,-103.166656,9wve62
"Rush Creek II",WT,39.079376,-103.190674,9wve62
"Rush Creek II",WT,39.039078,-103.164413,9wve62
"Rush Creek II",WT,39.113567,-103.176598,9wve62
"Rush Creek II",WT,39.098923,-103.196167,9wve62
"Rush Creek II",WT,39.117134,-103.211914,9wve62
"Limon II",WT,39.339195,-103.635094,9wve62
"Rush Creek II",WT,39.083111,-103.214371,9wve62
"Rush Creek II",WT,39.079952,-103.216843,9wve62
"Limon II",WT,39.374893,-103.520187,9wve62
"Limon II",WT,39.383293,-103.488693,9wve62
"Limon II",WT,39.340294,-103.600487,9wve62
"Limon II",WT,39.334995,-103.535294,9wve62
"Limon II",WT,39.348095,-103.494987,9wve62
"Limon II",WT,39.363693,-103.613792,9wve62
"Rush Creek II",WT,39.077999,-103.220657,9wve62
"Rush Creek II",WT,39.0737,-103.209938,9wve62
"Rush Creek II",WT,39.048969,-103.173035,9wve62
"Rush Creek II",WT,39.148506,-103.161964,9wve62
"Rush Creek II",WT,39.108536,-103.182816,9wve62
"Rush Creek II",WT,39.117081,-103.174759,9wve62
"Rush Creek II",WT,39.088947,-103.207817,9wve62
"Limon II",WT,39.352894,-103.537888,9wve62
"Limon II",WT,39.336494,-103.624687,9wve62
"Limon II",WT,39.350594,-103.540787,9wve62
"Rush Creek II",WT,39.145199,-103.172989,9wve62
"Limon II",WT,39.358295,-103.521492,9wve62
"Limon II",WT,39.370396,-103.525887,9wve62
"Cedar Point",WT,39.463295,-103.654289,9wve62
"Limon I",WT,39.439194,-103.558693,9wve62
"Limon I",WT,39.375996,-103.660988,9wve62
"Cedar Point",WT,39.426792,-103.657494,9wve62
"Cedar Point",WT,39.483093,-103.644493,9wve62
"Cedar Point",WT,39.435493,-103.684486,9wve62
"Cedar Point",WT,39.496494,-103.593987,9wve62
"Cedar Point",WT,39.463295,-103.663788,9wve62
"Cedar Point",WT,39.372593,-103.684692,9wve62
"Cedar Point",WT,39.488693,-103.623291,9wve62
"Limon I",WT,39.416294,-103.605591,9wve62
"Cedar Point",WT,39.407894,-103.710793,9wve62
"Cedar Point",WT,39.503693,-103.58609,9wve62
"Cedar Point",WT,39.427986,-103.651436,9wve62
"Cedar Point",WT,39.424793,-103.667091,9wve62
"Cedar Point",WT,39.508392,-103.575394,9wve62
"Cedar Point",WT,39.372494,-103.681587,9wve62
"Rush Creek II",WT,39.085827,-103.210907,9wve62
"Limon I",WT,39.421993,-103.612694,9wve62
"Cedar Point",WT,39.425392,-103.664093,9wve62
"Cedar Point",WT,39.425995,-103.661087,9wve62
"Cedar Point",WT,39.477795,-103.657089,9wve62
"Cedar Point",WT,39.372692,-103.690987,9wve62
"Cedar Point",WT,39.481895,-103.647293,9wve62
"Cedar Point",WT,39.517994,-103.598289,9wve62
"Limon I",WT,39.440292,-103.634888,9wve62
"Cedar Point",WT,39.535496,-103.614594,9wve62
"Rush Creek I",WT,39.078403,-103.195389,9wve62
"Cedar Point",WT,39.489693,-103.61689,9wve62
"Rush Creek II",WT,39.102341,-103.192139,9wve62
"Limon II",WT,39.284195,-103.559486,9wve62
"Limon II",WT,39.352196,-103.643089,9wve62
"Limon II",WT,39.276894,-103.55439,9wve62
"Limon II",WT,39.350994,-103.627792,9wve62
"Limon II",WT,39.355694,-103.551392,9wve62
"Limon II",WT,39.342396,-103.593086,9wve62
"Limon II",WT,39.292095,-103.574593,9wve62
"Limon II",WT,39.328995,-103.597092,9wve62
"Limon II",WT,39.297493,-103.530792,9wve62
"Limon III",WT,39.352222,-103.385429,9wve62
"Limon III",WT,39.351303,-103.333298,9wve62
"Limon II",WT,39.336594,-103.611992,9wve62
"Limon III",WT,39.298473,-103.423363,9wve62
"Cedar Point",WT,39.504295,-103.583092,9wve62
"Limon I",WT,39.416794,-103.613991,9wve62
"Cedar Point",WT,39.446095,-103.685188,9wve62
"Cedar Point",WT,39.428596,-103.648399,9wve62
"Limon I",WT,39.416393,-103.560692,9wve62
"Limon I",WT,39.379395,-103.565491,9wve62
"Limon I",WT,39.404293,-103.64399,9wve62
"Limon I",WT,39.397293,-103.608994,9wve62
"Limon I",WT,39.375294,-103.571693,9wve62
"Cedar Point",WT,39.485596,-103.635193,9wve62
"Cedar Point",WT,39.414993,-103.702789,9wve62
"Cedar Point",WT,39.468693,-103.673492,9wve62
"Limon I",WT,39.382095,-103.587189,9wve62
"Colorado Green Wind Project (Lamar)",WT,37.671093,-102.678589,9wve62
"Colorado Green Wind Project (Lamar)",WT,37.674419,-102.69091,9wve62
"Twin Buttes II",WT,37.772663,-102.50869,9wve62
"Kit Carson Project",WT,39.365593,-102.321289,9wve62
"Kit Carson Project",WT,39.371994,-102.323288,9wve62
"Kit Carson Project",WT,39.379993,-102.307388,9wve62
"Kit Carson Project",WT,39.362595,-102.312691,9wve62
"Kit Carson Project",WT,39.363594,-102.36129,9wve62
"Kit Carson Project",WT,39.362694,-102.331795,9wve62
"Kit Carson Project",WT,39.364792,-102.289688,9wve62
"Kit Carson Project",WT,39.386494,-102.38839,9wve62
"Colorado Green Wind Project (Lamar)",WT,37.715614,-102.617493,9wve62
"Rush Creek II",WT,39.042534,-103.161339,9wve62
"Rush Creek II",WT,39.089794,-103.136024,9wve62
"Rush Creek II",WT,39.071659,-103.13665,9wve62
"Rush Creek II",WT,39.041428,-103.153458,9wve62
"Rush Creek II",WT,39.07946,-103.15107,9wve62
"Rush Creek II",WT,39.078316,-103.128181,9wve62
"Kit Carson Project",WT,39.386093,-102.308891,9wve62
"Rush Creek II",WT,39.097549,-103.152229,9wve62
"Carousel",WT,39.386864,-102.137733,9wve62
"Carousel",WT,39.408302,-102.122292,9wve62
"Cheyenne Ridge",WT,39.074127,-102.122299,9wve62
"Cheyenne Ridge",WT,39.057781,-102.173912,9wve62
"Cheyenne Ridge",WT,39.069649,-102.214638,9wve62
"Cheyenne Ridge",WT,39.049873,-102.307487,9wve62
"Cheyenne Ridge",WT,39.048107,-102.198715,9wve62
"Cheyenne Ridge",WT,39.059196,-102.137444,9wve62
"Rush Creek II",WT,39.063736,-103.147873,9wve62
"Crossing Trails",WT,39.041256,-102.86512,9wve62
"Kit Carson Project",WT,39.362392,-102.326591,9wve62
"Kit Carson Project",WT,39.363094,-102.374687,9wve62
"Carousel",WT,39.408634,-102.158897,9wve62
"Carousel",WT,39.351662,-102.116982,9wve62
"Carousel",WT,39.339333,-102.132172,9wve62
"Carousel",WT,39.364624,-102.183769,9wve62
"Carousel",WT,39.391674,-102.153961,9wve62
"Carousel",WT,39.366646,-102.051086,9wve62
"Cheyenne Ridge",WT,39.051224,-102.105484,9wve62
"Carousel",WT,39.327194,-102.177933,9wve62
"Carousel",WT,39.383713,-102.078354,9wve62
"Carousel",WT,39.415695,-102.075768,9wve62
"Carousel",WT,39.340813,-102.182114,9wve62
"Kit Carson Project",WT,39.370392,-102.33049,9wve62
"Rush Creek II",WT,39.081135,-103.146667,9wve62
"Rush Creek II",WT,39.08654,-103.136955,9wve62
"Kit Carson Project",WT,39.381393,-102.298988,9wve62
"Kit Carson Project",WT,39.362095,-102.345894,9wve62
"Kit Carson Project",WT,39.373692,-102.379189,9wve62
"Kit Carson Project",WT,39.385792,-102.376793,9wve62
"Kit Carson Project",WT,39.364792,-102.304489,9wve62
"Kit Carson Project",WT,39.362392,-102.382393,9wve62
"Kit Carson Project",WT,39.366795,-102.365395,9wve62
"Kit Carson Project",WT,39.363094,-102.293289,9wve62
"Kit Carson Project",WT,39.371693,-102.340294,9wve62
"Kit Carson Project",WT,39.353992,-102.305191,9wve62
"Kit Carson Project",WT,39.369694,-102.362389,9wve62
"Kit Carson Project",WT,39.370892,-102.293594,9wve62
"Crossing Trails",WT,39.089474,-102.863792,9wve62
"Crossing Trails",WT,39.044792,-102.821159,9wve62
"Crossing Trails",WT,39.07766,-102.83049,9wve62
"Crossing Trails",WT,39.092396,-102.853363,9wve62
"Cheyenne Ridge",WT,39.049053,-102.239594,9wve62
"Rush Creek II",WT,39.104103,-103.131531,9wve62
"Cheyenne Ridge",WT,39.067974,-102.095604,9wve62
"Cheyenne Ridge",WT,39.054665,-102.140846,9wve62
"Cheyenne Ridge",WT,39.048672,-102.220016,9wve62
"Cheyenne Ridge",WT,39.099941,-102.244728,9wve62
"Cheyenne Ridge",WT,39.059402,-102.20916,9wve62
"Cheyenne Ridge",WT,39.094166,-102.099121,9wve62
"Cheyenne Ridge",WT,39.048145,-102.339188,9wve62
"Crossing Trails",WT,39.077724,-102.825233,9wve62
"Cheyenne Ridge",WT,39.079666,-102.069427,9wve62
"Cheyenne Ridge",WT,39.070217,-102.085335,9wve62
"Crossing Trails",WT,39.041317,-102.844139,9wve62
"Carousel",WT,39.364185,-102.13578,9wve62
"Rush Creek II",WT,39.05447,-103.162338,9wve62
"Carousel",WT,39.351025,-102.121529,9wve62
"Carousel",WT,39.354115,-102.098549,9wve62
"Carousel",WT,39.355923,-102.087364,9wve62
"Carousel",WT,39.409012,-102.083961,9wve62
"Carousel",WT,39.354282,-102.205734,9wve62
"Carousel",WT,39.349655,-102.10688,9wve62
"Carousel",WT,39.343033,-102.249428,9wve62
"Carousel",WT,39.390472,-102.158432,9wve62
"Carousel",WT,39.371655,-102.121353,9wve62
"Crossing Trails",WT,39.043598,-102.831696,9wve62
"Crossing Trails",WT,39.075974,-102.83857,9wve62
"Crossing Trails",WT,39.077721,-102.820007,9wve62
"Crossing Trails",WT,39.094246,-102.824112,9wve62
"Rush Creek II",WT,39.046543,-103.156349,9wve62
"Cheyenne Ridge",WT,39.049522,-102.234291,9wve62
"Crossing Trails",WT,39.041271,-102.860008,9wve62
"Crossing Trails",WT,39.041267,-102.854729,9wve62
"Crossing Trails",WT,39.041279,-102.849678,9wve62
"Crossing Trails",WT,39.090935,-102.858681,9wve62
"Cheyenne Ridge",WT,39.069611,-102.257347,9wve62
"Kit Carson Project",WT,39.376694,-102.31279,9wve62
"Kit Carson Project",WT,39.358894,-102.302689,9wve62
"Rush Creek II",WT,39.073524,-103.154068,9wve62
"Kit Carson Project",WT,39.353294,-102.300888,9wve62
"Kit Carson Project",WT,39.362892,-102.341087,9wve62
"Cheyenne Ridge",WT,39.092541,-102.226341,9wve62
"Crossing Trails",WT,39.095863,-102.805077,9wve62
"Crossing Trails",WT,39.042343,-102.83773,9wve62
"Cheyenne Ridge",WT,39.085857,-102.23584,9wve62
"Cheyenne Ridge",WT,39.065586,-102.206512,9wve62
"Cheyenne Ridge",WT,39.047783,-102.193497,9wve62
"Cheyenne Ridge",WT,39.096222,-102.050034,9wve62
"Rush Creek II",WT,39.093452,-103.132965,9wve62
"Crossing Trails",WT,39.09584,-102.810387,9wve62
"Crossing Trails",WT,39.095413,-102.819107,9wve62
"Rush Creek II",WT,39.066902,-103.142807,9wve62
"Cheyenne Ridge",WT,39.050613,-102.301392,9wve62
"Crossing Trails",WT,39.044434,-102.826408,9wve62
"Rush Creek II",WT,39.10685,-103.13031,9wve62
"Carousel",WT,39.338425,-102.155121,9wve62
"Carousel",WT,39.325745,-102.182159,9wve62
"Carousel",WT,39.393955,-102.178627,9wve62
"Carousel",WT,39.366402,-102.131523,9wve62
"Rush Creek II",WT,39.152317,-103.152306,9wve62
"Cheyenne Ridge",WT,39.049873,-102.213188,9wve62
"Cheyenne Ridge",WT,39.056068,-102.117508,9wve62
"Rush Creek II",WT,39.097076,-103.130234,9wve62
"Cheyenne Ridge",WT,39.054646,-102.178642,9wve62
"Cheyenne Ridge",WT,39.071331,-102.270546,9wve62
"Cheyenne Ridge",WT,39.054962,-102.254936,9wve62
"Cheyenne Ridge",WT,39.066273,-102.201126,9wve62
"Cheyenne Ridge",WT,39.048122,-102.344688,9wve62
"Cheyenne Ridge",WT,39.048885,-102.151939,9wve62
"Cheyenne Ridge",WT,39.073967,-102.114937,9wve62
"Cheyenne Ridge",WT,39.099361,-102.250595,9wve62
"Cheyenne Ridge",WT,39.093945,-102.093239,9wve62
"Cheyenne Ridge",WT,39.071793,-102.21994,9wve62
"Cheyenne Ridge",WT,39.069309,-102.101067,9wve62
"Cheyenne Ridge",WT,39.047863,-102.126938,9wve62
"Cheyenne Ridge",WT,39.089108,-102.051537,9wve62
"Cheyenne Ridge",WT,39.090775,-102.231392,9wve62
"Cheyenne Ridge",WT,39.099983,-102.263878,9wve62
"Cheyenne Ridge",WT,39.084972,-102.244476,9wve62
"Cheyenne Ridge",WT,39.048065,-102.349991,9wve62
"Cheyenne Ridge",WT,39.06226,-102.132645,9wve62
"Cheyenne Ridge",WT,39.08633,-102.104439,9wve62
"Cheyenne Ridge",WT,39.052883,-102.112015,9wve62
"Cheyenne Ridge",WT,39.082447,-102.059204,9wve62
"Cheyenne Ridge",WT,39.071758,-102.25013,9wve62
"Carousel",WT,39.347572,-102.172829,9wve62
"Bronco Plains",WT,39.141243,-103.009689,9wve62
"Bronco Plains Wind II",WT,39.208458,-102.957458,9wve62
"Bronco Plains Wind II",WT,39.245205,-102.995003,9wve62
"Bronco Plains Wind II",WT,39.238018,-103.0317,9wve62
"Bronco Plains Wind II",WT,39.210819,-102.90686,9wve62
"Bronco Plains Wind II",WT,39.241184,-102.878059,9wve62
"Bronco Plains Wind II",WT,39.241188,-102.895317,9wve62
"Bronco Plains Wind II",WT,39.187393,-103.046318,9wve62
"Bronco Plains Wind II",WT,39.216785,-102.940193,9wve62
"Bronco Plains",WT,39.043812,-103.120987,9wve62
"Bronco Plains",WT,39.077763,-102.977989,9wve62
"Bronco Plains Wind II",WT,39.182896,-103.066261,9wve62
"Bronco Plains Wind II",WT,39.248802,-102.89035,9wve62
"Bronco Plains",WT,39.069012,-103.072594,9wve62
"Cheyenne Ridge",WT,39.048885,-102.226089,9wve62
"Bronco Plains Wind II",WT,39.217152,-102.946953,9wve62
"Bronco Plains Wind II",WT,39.181473,-102.96624,9wve62
"Bronco Plains",WT,39.049023,-103.117592,9wve62
"Bronco Plains Wind II",WT,39.20842,-102.989571,9wve62
"Bronco Plains Wind II",WT,39.224735,-102.943268,9wve62
"Bronco Plains Wind II",WT,39.261002,-102.882294,9wve62
"Bronco Plains Wind II",WT,39.201744,-103.057617,9wve62
"Bronco Plains",WT,39.055965,-103.066391,9wve62
"Bronco Plains Wind II",WT,39.190643,-103.011589,9wve62
"Bronco Plains Wind II",WT,39.154865,-103.057503,9wve62
"Bronco Plains Wind II",WT,39.18848,-102.980171,9wve62
"Bronco Plains Wind II",WT,39.211807,-102.917458,9wve62
"Bronco Plains Wind II",WT,39.241318,-102.900848,9wve62
"Bronco Plains Wind II",WT,39.189407,-103.055199,9wve62
"Carousel",WT,39.405434,-102.087852,9wve62
"Cheyenne Ridge",WT,39.078598,-102.10743,9wve62
"Rush Creek II",WT,39.095505,-103.15625,9wve62
"Carousel",WT,39.413933,-102.113274,9wve62
"Carousel",WT,39.385143,-102.141609,9wve62
"Carousel",WT,39.352673,-102.163109,9wve62
"Carousel",WT,39.351463,-102.20977,9wve62
"Carousel",WT,39.406734,-102.136162,9wve62
"Carousel",WT,39.346825,-102.212654,9wve62
"Carousel",WT,39.396645,-102.098099,9wve62
"Kit Carson Project",WT,39.364292,-102.299889,9wve62
"Kit Carson Project",WT,39.372093,-102.289787,9wve62
"Rush Creek II",WT,39.073669,-103.133934,9wve62
"Rush Creek II",WT,39.069088,-103.138695,9wve62
"Carousel",WT,39.382015,-102.230339,9wve62
"Carousel",WT,39.397633,-102.174339,9wve62
"Carousel",WT,39.358192,-102.196434,9wve62
"Carousel",WT,39.329033,-102.206062,9wve62
"Carousel",WT,39.327435,-102.210243,9wve62
"Carousel",WT,39.336884,-102.188553,9wve62
"Carousel",WT,39.400574,-102.170403,9wve62
"Carousel",WT,39.405415,-102.125748,9wve62
"Carousel",WT,39.357292,-102.09465,9wve62
"Carousel",WT,39.367523,-102.057373,9wve62
"Carousel",WT,39.381855,-102.082771,9wve62
"Carousel",WT,39.339794,-102.145088,9wve62
"Rush Creek II",WT,39.076645,-103.153214,9wve62
"Carousel",WT,39.337055,-102.137749,9wve62
"Carousel",WT,39.335094,-102.192719,9wve62
"Carousel",WT,39.397762,-102.079552,9wve62
"Carousel",WT,39.398754,-102.093712,9wve62
"Carousel",WT,39.378235,-102.11293,9wve62
"Cheyenne Ridge",WT,39.068439,-102.226723,9wve62
"Cheyenne Ridge",WT,39.079582,-102.063751,9wve62
"Kit Carson Project",WT,39.375591,-102.304993,9wve62
"Carousel",WT,39.338402,-102.150284,9wve62
"Carousel",WT,39.368355,-102.180191,9wve62
"Carousel",WT,39.411942,-102.117882,9wve62
"Carousel",WT,39.375252,-102.171417,9wve62
"Carousel",WT,39.350704,-102.1688,9wve62
"Carousel",WT,39.385334,-102.07402,9wve62
"Carousel",WT,39.399654,-102.075394,9wve62
"Carousel",WT,39.406982,-102.163177,9wve62
"Carousel",WT,39.387264,-102.057961,9wve62
"Cheyenne Ridge",WT,39.05286,-102.269974,9wve62
"Carousel",WT,39.412632,-102.079834,9wve62
"Carousel",WT,39.351532,-102.102661,9wve62
"Carousel",WT,39.328735,-102.131889,9wve62
"Carousel",WT,39.326004,-102.135971,9wve62
"Carousel",WT,39.380825,-102.234413,9wve62
"Carousel",WT,39.405952,-102.131721,9wve62
"Carousel",WT,39.343304,-102.177528,9wve62
"Carousel",WT,39.381287,-102.065781,9wve62
"Carousel",WT,39.384792,-102.227341,9wve62
"Carousel",WT,39.375893,-102.117401,9wve62
"Rush Creek II",WT,39.059174,-103.160889,9wve62
"Carousel",WT,39.351902,-102.112457,9wve62
"Carousel",WT,39.347282,-102.246101,9wve62
"Carousel",WT,39.335835,-102.159523,9wve62
"Carousel",WT,39.356262,-102.200851,9wve62
"Rush Creek II",WT,39.103188,-103.147652,9wve62
"Carousel",WT,39.323864,-102.18692,9wve62
"Limon II",WT,39.306194,-103.542686,9wve62
"Limon II",WT,39.305195,-103.604393,9wve62
"Limon II",WT,39.283592,-103.56369,9wve62
"Limon II",WT,39.335293,-103.606888,9wve62
"Limon I",WT,39.386696,-103.64299,9wve62
"Limon I",WT,39.383896,-103.686691,9wve62
"Limon I",WT,39.411095,-103.586189,9wve62
"Limon I",WT,39.373093,-103.58049,9wve62
"Limon I",WT,39.386696,-103.647186,9wve62
"Limon I",WT,39.428093,-103.607094,9wve62
"Limon I",WT,39.362392,-103.65229,9wve62
"Limon I",WT,39.399994,-103.568489,9wve62
"Limon I",WT,39.364693,-103.619392,9wve62
"Limon I",WT,39.409393,-103.58149,9wve62
"Limon I",WT,39.372692,-103.57489,9wve62
"Limon I",WT,39.416595,-103.618591,9wve62
"Limon I",WT,39.391895,-103.674789,9wve62
"Limon I",WT,39.391594,-103.619392,9wve62
"Limon I",WT,39.403194,-103.597389,9wve62
"Limon I",WT,39.386696,-103.656593,9wve62
"Limon I",WT,39.379395,-103.68779,9wve62
"Limon I",WT,39.393494,-103.580788,9wve62
"Limon I",WT,39.376095,-103.669388,9wve62
"Limon I",WT,39.423893,-103.630692,9wve62
"Limon I",WT,39.416595,-103.600792,9wve62
"Limon I",WT,39.386696,-103.637894,9wve62
"Limon I",WT,39.416294,-103.637993,9wve62
"Limon I",WT,39.444695,-103.591591,9wve62
"Limon I",WT,39.404293,-103.632393,9wve62
"Limon I",WT,39.362392,-103.656693,9wve62
"Limon I",WT,39.394295,-103.612091,9wve62
"Limon I",WT,39.370594,-103.582893,9wve62
"Limon I",WT,39.362495,-103.647987,9wve62
"Limon I",WT,39.386593,-103.651993,9wve62
"Limon I",WT,39.372993,-103.64959,9wve62
"Limon I",WT,39.423893,-103.625793,9wve62
"Limon I",WT,39.439896,-103.554489,9wve62
"Limon I",WT,39.440796,-103.613091,9wve62
"Limon I",WT,39.378296,-103.59079,9wve62
"Limon I",WT,39.409794,-103.577393,9wve62
"Limon I",WT,39.361893,-103.625488,9wve62
"Limon I",WT,39.403194,-103.637589,9wve62
"Limon I",WT,39.443993,-103.629593,9wve62
"Limon I",WT,39.362392,-103.64299,9wve62
"Limon I",WT,39.405693,-103.649788,9wve62
"Limon I",WT,39.393295,-103.671791,9wve62
"Limon I",WT,39.434593,-103.582588,9wve62
"Rush Creek I",WT,39.112473,-103.240868,9wve62
"Rush Creek I",WT,39.10508,-103.188118,9wve62
"Rush Creek I",WT,39.113831,-103.235748,9wve62
"Cedar Point",WT,39.370792,-103.705193,9wve62
"Rush Creek I",WT,39.115528,-103.232559,9wve62
"Rush Creek I",WT,39.072327,-103.233231,9wve62
"Limon II",WT,39.323093,-103.613792,9wve62
"Limon II",WT,39.328594,-103.58709,9wve62
"Limon I",WT,39.414494,-103.59079,9wve62
"Limon I",WT,39.432095,-103.632187,9wve62
"Limon II",WT,39.274693,-103.561188,9wve62
"Colorado Green Wind Project (Lamar)",WT,37.718224,-102.626572,9wve62
"Colorado Green Wind Project (Lamar)",WT,37.702808,-102.625244,9wve62
"Colorado Green Wind Project (Lamar)",WT,37.723755,-102.555489,9wve62
"Colorado Green Wind Project (Lamar)",WT,37.702808,-102.62249,9wve62
"Colorado Green Wind Project (Lamar)",WT,37.725422,-102.594574,9wve62
"Colorado Green Wind Project (Lamar)",WT,37.737587,-102.587128,9wve62
"Lamar Municipal",WT,38.032093,-102.528992,9wve62
"Colorado Green Wind Project (Lamar)",WT,37.693115,-102.655411,9wve62
"Colorado Green Wind Project (Lamar)",WT,37.714474,-102.585884,9wve62
"Lamar Municipal",WT,38.032902,-102.535042,9wve62
"Colorado Green Wind Project (Lamar)",WT,37.685921,-102.670128,9wve62
"Lamar Municipal",WT,38.032494,-102.532188,9wve62
"Colorado Green Wind Project (Lamar)",WT,37.737595,-102.600792,9wve62
"Colorado Green Wind Project (Lamar)",WT,37.723755,-102.560959,9wve62
"Colorado Green Wind Project (Lamar)",WT,37.723755,-102.563683,9wve62
"Lamar Municipal",WT,38.033295,-102.537888,9wve62
"Colorado Green Wind Project (Lamar)",WT,37.702808,-102.630684,9wve62
"Colorado Green Wind Project (Lamar)",WT,37.674393,-102.693687,9wve62
"Colorado Green Wind Project (Lamar)",WT,37.69931,-102.648659,9wve62
"Twin Buttes II",WT,37.775703,-102.55098,9wve62
"Twin Buttes II",WT,37.772644,-102.504997,9wve62
"Colorado Green Wind Project (Lamar)",WT,37.671093,-102.68129,9wve62
"Colorado Green Wind Project (Lamar)",WT,37.685921,-102.657051,9wve62
"Colorado Green Wind Project (Lamar)",WT,37.671032,-102.643242,9wve62
"Colorado Green Wind Project (Lamar)",WT,37.723225,-102.574326,9wve62
"Colorado Green Wind Project (Lamar)",WT,37.686359,-102.719604,9wve62
"Colorado Green Wind Project (Lamar)",WT,37.715614,-102.606407,9wve62
"Colorado Green Wind Project (Lamar)",WT,37.737587,-102.589767,9wve62
"Colorado Green Wind Project (Lamar)",WT,37.700596,-102.642387,9wve62
"Limon II",WT,39.319096,-103.609589,9wve62
"Limon II",WT,39.289894,-103.540489,9wve62
"Limon II",WT,39.386295,-103.507988,9wve62
"Limon II",WT,39.282394,-103.550194,9wve62
"Limon II",WT,39.330395,-103.540993,9wve62
"Limon II",WT,39.366592,-103.610893,9wve62
"Limon I",WT,39.423893,-103.635193,9wve62
"Limon I",WT,39.390392,-103.58799,9wve62
"Limon I",WT,39.408394,-103.564491,9wve62
"Limon I",WT,39.411392,-103.562286,9wve62
"Limon I",WT,39.443993,-103.633591,9wve62
"Limon I",WT,39.385593,-103.683289,9wve62
"Limon I",WT,39.438194,-103.579987,9wve62
"Limon I",WT,39.362392,-103.660789,9wve62
"Limon I",WT,39.416294,-103.633392,9wve62
"Limon I",WT,39.372894,-103.633591,9wve62
"Limon I",WT,39.386696,-103.62439,9wve62
"Carousel",WT,39.357594,-102.083183,9wve62
"Pueblo Towers",WT,38.163395,-104.621391,9wve62
"Colorado Green Wind Project (Lamar)",WT,37.714474,-102.5951,9wve62
"Colorado Green Wind Project (Lamar)",WT,37.737587,-102.595047,9wve62
"Colorado Green Wind Project (Lamar)",WT,37.723225,-102.576965,9wve62
"Colorado Green Wind Project (Lamar)",WT,37.671032,-102.645882,9wve62
"Colorado Green Wind Project (Lamar)",WT,37.69931,-102.651604,9wve62
"Colorado Green Wind Project (Lamar)",WT,37.674393,-102.696487,9wve62
"Colorado Green Wind Project (Lamar)",WT,37.702808,-102.633438,9wve62
"Limon I",WT,39.383595,-103.559692,9wve62
"Limon I",WT,39.432095,-103.636093,9wve62
"Limon I",WT,39.435192,-103.58799,9wve62
"Rush Creek II",WT,39.119678,-103.171852,9wve62
"Peak View Wind",WT,37.66687,-104.493935,9wve62
"Peak View Wind",WT,37.662247,-104.493919,9wve62
"Peak View Wind",WT,37.669655,-104.496071,9wve62
"Busch Ranch II",WT,37.772335,-104.402893,9wve62
"Peak View Wind",WT,37.646538,-104.49424,9wve62
"Busch Ranch II",WT,37.765793,-104.385193,9wve62
"Peak View Wind",WT,37.660412,-104.496628,9wve62
"Peak View Wind",WT,37.645218,-104.503357,9wve62
"Limon I",WT,39.445194,-103.586792,9wve62
"Cedar Point",WT,39.415894,-103.69989,9wve62
"Rush Creek II",WT,39.13121,-103.205086,9wve62
"Cedar Point",WT,39.429195,-103.645393,9wve62
"Limon I",WT,39.442093,-103.605591,9wve62
"Limon I",WT,39.372993,-103.643791,9wve62
"Cedar Point",WT,39.516792,-103.60849,9wve62
"Cedar Point",WT,39.506992,-103.577888,9wve62
"Cedar Point",WT,39.472393,-103.668694,9wve62
"Limon I",WT,39.440796,-103.607788,9wve62
"Limon I",WT,39.361694,-103.635292,9wve62
"Cedar Point",WT,39.537193,-103.608788,9wve62
"Cedar Point",WT,39.516094,-103.611488,9wve62
"Limon I",WT,39.416794,-103.643089,9wve62
"Cedar Point",WT,39.536694,-103.611893,9wve62
"Limon I",WT,39.435295,-103.628891,9wve62
"Cedar Point",WT,39.463295,-103.660591,9wve62
"Peak View Wind",WT,37.648018,-104.511414,9wve62
"Busch Ranch II",WT,37.780212,-104.402588,9wve62
"Peak View Wind",WT,37.672245,-104.498657,9wve62
"Peak View Wind",WT,37.659512,-104.507813,9wve62
"Limon I",WT,39.393894,-103.575691,9wve62
"Carousel",WT,39.371094,-102.176048,9wve62
"Carousel",WT,39.383873,-102.061111,9wve62
"Carousel",WT,39.324738,-102.21418,9wve62
"Carousel",WT,39.386883,-102.162399,9wve62
"Carousel",WT,39.361584,-102.139847,9wve62
"Cheyenne Ridge",WT,39.067104,-102.090233,9wve62
"Carousel",WT,39.361275,-102.192329,9wve62
"Cheyenne Ridge",WT,39.09499,-102.087891,9wve62
"Carousel",WT,39.391472,-102.05127,9wve62
"Carousel",WT,39.368942,-102.125381,9wve62
"Kit Carson Project",WT,39.348694,-102.307991,9wve62
"Limon I",WT,39.441692,-103.578789,9wve62
"Kit Carson Project",WT,39.383293,-102.383293,9wve62
"Carousel",WT,39.342106,-102.253273,9wve62
"Kit Carson Project",WT,39.347393,-102.312988,9wve62
"Busch Ranch II",WT,37.764412,-104.428291,9wve62
"Busch Ranch II",WT,37.768772,-104.388893,9wve62
"Busch Ranch II",WT,37.753773,-104.439789,9wve62
"Peak View Wind",WT,37.643368,-104.507729,9wve62
"Peak View Wind",WT,37.648884,-104.494644,9wve62
"Busch Ranch II",WT,37.771175,-104.393288,9wve62
"Busch Ranch II",WT,37.756023,-104.381187,9wve62
"Peak View Wind",WT,37.664375,-104.492203,9wve62
"Busch Ranch II",WT,37.749935,-104.436188,9wve62
"Peak View Wind",WT,37.650852,-104.506775,9wve62
"Carousel",WT,39.396576,-102.08374,9wve62
"Limon I",WT,39.414394,-103.627586,9wve62
"Busch Ranch II",WT,37.761143,-104.382889,9wve62
"Limon I",WT,39.372894,-103.637993,9wve62
"Rush Creek II",WT,39.039761,-103.171669,9wve62
"Rush Creek II",WT,39.080452,-103.185699,9wve62
"Cedar Point",WT,39.455093,-103.673889,9wve62
"Limon I",WT,39.393696,-103.662491,9wve62
"Limon I",WT,39.376095,-103.665092,9wve62
"Limon I",WT,39.416794,-103.648888,9wve62
"Rush Creek II",WT,39.075291,-103.223122,9wve62
"Rush Creek II",WT,39.14312,-103.176514,9wve62
"Rush Creek II",WT,39.089561,-103.184052,9wve62
"Cedar Point",WT,39.511295,-103.57029,9wve62
"Rush Creek II",WT,39.069721,-103.207741,9wve62
"Cedar Point",WT,39.463196,-103.648087,9wve62
"Rush Creek II",WT,39.064724,-103.204536,9wve62
"Rush Creek II",WT,39.052849,-103.184792,9wve62
"Rush Creek II",WT,39.132057,-103.180191,9wve62
"Cedar Point",WT,39.489693,-103.613693,9wve62
"Cedar Point",WT,39.408695,-103.707787,9wve62
"Rush Creek II",WT,39.110985,-103.179611,9wve62
"Cedar Point",WT,39.479393,-103.653389,9wve62
"Cedar Point",WT,39.422993,-103.676193,9wve62
"Cedar Point",WT,39.473595,-103.665993,9wve62
"Cedar Point",WT,39.507195,-103.635391,9wve62
"Cedar Point",WT,39.423695,-103.688293,9wve62
"Rush Creek II",WT,39.065861,-103.172806,9wve62
"Cedar Point",WT,39.497692,-103.591187,9wve62
"Limon I",WT,39.362392,-103.665291,9wve62
"Cedar Point",WT,39.427395,-103.654488,9wve62
"Cedar Point",WT,39.493095,-103.602287,9wve62
"Cedar Point",WT,39.537594,-103.601486,9wve62
"Cedar Point",WT,39.459095,-103.668991,9wve62
"Limon I",WT,39.426094,-103.610191,9wve62
"Limon I",WT,39.362495,-103.631088,9wve62
"Rush Creek II",WT,39.124302,-103.209518,9wve62
"Cedar Point",WT,39.453094,-103.676292,9wve62
"Cedar Point",WT,39.500996,-103.64769,9wve62
"Cedar Point",WT,39.517494,-103.605492,9wve62
"Rush Creek II",WT,39.136692,-103.201233,9wve62
"Rush Creek II",WT,39.093403,-103.173256,9wve62
"Rush Creek II",WT,39.141083,-103.181595,9wve62
"Cedar Point",WT,39.533493,-103.616386,9wve62
"Rush Creek II",WT,39.075413,-103.204628,9wve62
"Rush Creek II",WT,39.113155,-103.220428,9wve62
"Rush Creek II",WT,39.056664,-103.189186,9wve62
"Rush Creek II",WT,39.058201,-103.183601,9wve62
"Rush Creek II",WT,39.05315,-103.166664,9wve62
"Limon I",WT,39.362392,-103.669487,9wve62
"Cedar Point",WT,39.371494,-103.700188,9wve62
"Cedar Point",WT,39.488792,-103.619789,9wve62
"Rush Creek II",WT,39.091492,-103.203247,9wve62
"Cedar Point",WT,39.515392,-103.614487,9wve62
"Cedar Point",WT,39.372692,-103.694092,9wve62
"Cedar Point",WT,39.506493,-103.638489,9wve62
"Cedar Point",WT,39.460995,-103.666588,9wve62
"Limon I",WT,39.442196,-103.59539,9wve62
"Cedar Point",WT,39.537594,-103.598389,9wve62
"Cedar Point",WT,39.501995,-103.644791,9wve62
"Spanish Fork",WT,40.070892,-111.583488,9x0gc5
"Camp Williams",WT,40.439678,-111.920059,9x0gc5
"Spanish Fork",WT,40.071495,-111.58239,9x0gc5
"Spanish Fork",WT,40.076595,-111.58429,9x0gc5
"Spanish Fork",WT,40.073895,-111.587288,9x0gc5
"Spanish Fork",WT,40.075695,-111.585289,9x0gc5
"Spanish Fork",WT,40.072193,-111.581184,9x0gc5
"Spanish Fork",WT,40.072895,-111.580086,9x0gc5
"Spanish Fork",WT,40.074795,-111.586288,9x0gc5
"Camp Williams",WT,40.439602,-111.919281,9x0gc5
"Spanish Fork",WT,40.070095,-111.584389,9x0gc5
"Tooele Army Depot II",WT,40.501865,-112.369781,9x0ryy
"Shakopee Mdewakanton Sioux",WT,40.500694,-112.377289,9x0ryy
"Evanston (Wyoming Wind Energy Center)",WT,41.345863,-110.82534,9x3mfn
"Evanston (Wyoming Wind Energy Center)",WT,41.368855,-110.838188,9x3mfn
"Evanston (Wyoming Wind Energy Center)",WT,41.339302,-110.801247,9x3mfn
"Evanston (Wyoming Wind Energy Center)",WT,41.380432,-110.725677,9x3mfn
"Evanston (Wyoming Wind Energy Center)",WT,41.329575,-110.780876,9x3mfn
"Evanston (Wyoming Wind Energy Center)",WT,41.348053,-110.765106,9x3mfn
"Evanston (Wyoming Wind Energy Center)",WT,41.327583,-110.802338,9x3mfn
"Evanston (Wyoming Wind Energy Center)",WT,41.366703,-110.824425,9x3mfn
"Evanston (Wyoming Wind Energy Center)",WT,41.323833,-110.798195,9x3mfn
"Evanston (Wyoming Wind Energy Center)",WT,41.343044,-110.807869,9x3mfn
"Evanston (Wyoming Wind Energy Center)",WT,41.382584,-110.758537,9x3mfn
"Evanston (Wyoming Wind Energy Center)",WT,41.321335,-110.795578,9x3mfn
"Evanston (Wyoming Wind Energy Center)",WT,41.300644,-110.792297,9x3mfn
"Evanston (Wyoming Wind Energy Center)",WT,41.325134,-110.779877,9x3mfn
"Evanston (Wyoming Wind Energy Center)",WT,41.340683,-110.80275,9x3mfn
"Evanston (Wyoming Wind Energy Center)",WT,41.387585,-110.776329,9x3mfn
"Evanston (Wyoming Wind Energy Center)",WT,41.376675,-110.736031,9x3mfn
"Mountain Wind II",WT,41.263992,-110.544289,9x3mfn
"Evanston (Wyoming Wind Energy Center)",WT,41.385143,-110.727448,9x3mfn
"Mountain Wind II",WT,41.270493,-110.532684,9x3mfn
"Evanston (Wyoming Wind Energy Center)",WT,41.340282,-110.816261,9x3mfn
"Mountain Wind II",WT,41.250294,-110.529289,9x3mfn
"Mountain Wind II",WT,41.247894,-110.54039,9x3mfn
"Mountain Wind II",WT,41.262794,-110.542885,9x3mfn
"Mountain Wind II",WT,41.256294,-110.535889,9x3mfn
"Evanston (Wyoming Wind Energy Center)",WT,41.326614,-110.780205,9x3mfn
"Evanston (Wyoming Wind Energy Center)",WT,41.362793,-110.813217,9x3mfn
"Evanston (Wyoming Wind Energy Center)",WT,41.349243,-110.766937,9x3mfn
"Mountain Wind I",WT,41.289394,-110.509285,9x3mfn
"Evanston (Wyoming Wind Energy Center)",WT,41.390553,-110.790955,9x3mfn
"Mountain Wind I",WT,41.285995,-110.504189,9x3mfn
"Mountain Wind I",WT,41.306694,-110.520691,9x3mfn
"Mountain Wind I",WT,41.295094,-110.518486,9x3mfn
"Mountain Wind I",WT,41.285995,-110.520287,9x3mfn
"Mountain Wind I",WT,41.280293,-110.512688,9x3mfn
"Mountain Wind I",WT,41.290695,-110.523788,9x3mfn
"Mountain Wind I",WT,41.287292,-110.505989,9x3mfn
"Mountain Wind I",WT,41.288994,-110.522789,9x3mfn
"Mountain Wind II",WT,41.273693,-110.558586,9x3mfn
"Evanston (Wyoming Wind Energy Center)",WT,41.364822,-110.730751,9x3mfn
"Mountain Wind II",WT,41.257496,-110.537186,9x3mfn
"Mountain Wind II",WT,41.2827,-110.54644,9x3mfn
"Mountain Wind II",WT,41.274895,-110.560387,9x3mfn
"Mountain Wind II",WT,41.252792,-110.531891,9x3mfn
"Mountain Wind II",WT,41.281052,-110.54464,9x3mfn
"Mountain Wind II",WT,41.244194,-110.536385,9x3mfn
"Mountain Wind II",WT,41.274895,-110.537888,9x3mfn
"Mountain Wind I",WT,41.283394,-110.516785,9x3mfn
"Mountain Wind I",WT,41.284695,-110.485886,9x3mfn
"Mountain Wind I",WT,41.293694,-110.469391,9x3mfn
"Mountain Wind I",WT,41.288296,-110.481987,9x3mfn
"Evanston (Wyoming Wind Energy Center)",WT,41.363754,-110.819046,9x3mfn
"Evanston (Wyoming Wind Energy Center)",WT,41.323666,-110.779541,9x3mfn
"Evanston (Wyoming Wind Energy Center)",WT,41.341293,-110.818825,9x3mfn
"Mountain Wind II",WT,41.279793,-110.543289,9x3mfn
"Evanston (Wyoming Wind Energy Center)",WT,41.347973,-110.827095,9x3mfn
"Mountain Wind II",WT,41.273693,-110.536491,9x3mfn
"Mountain Wind I",WT,41.289696,-110.482986,9x3mfn
"Mountain Wind I",WT,41.277493,-110.508888,9x3mfn
"Evanston (Wyoming Wind Energy Center)",WT,41.383713,-110.727127,9x3mfn
"Mountain Wind I",WT,41.284695,-110.518585,9x3mfn
"Mountain Wind I",WT,41.305161,-110.519501,9x3mfn
"Mountain Wind I",WT,41.278694,-110.51059,9x3mfn
"Mountain Wind I",WT,41.287395,-110.474388,9x3mfn
"Mountain Wind I",WT,41.276093,-110.507286,9x3mfn
"Mountain Wind I",WT,41.303696,-110.518188,9x3mfn
"Mountain Wind I",WT,41.292393,-110.484985,9x3mfn
"Mountain Wind I",WT,41.296494,-110.520386,9x3mfn
"Mountain Wind I",WT,41.282894,-110.485085,9x3mfn
"Mountain Wind I",WT,41.291195,-110.512085,9x3mfn
"Mountain Wind II",WT,41.289795,-110.55899,9x3mfn
"Evanston (Wyoming Wind Energy Center)",WT,41.345116,-110.807961,9x3mfn
"Mountain Wind II",WT,41.251495,-110.530586,9x3mfn
"Evanston (Wyoming Wind Energy Center)",WT,41.396275,-110.793022,9x3mfn
"Evanston (Wyoming Wind Energy Center)",WT,41.344273,-110.823975,9x3mfn
"Evanston (Wyoming Wind Energy Center)",WT,41.365273,-110.82235,9x3mfn
"Evanston (Wyoming Wind Energy Center)",WT,41.387684,-110.789925,9x3mfn
"Evanston (Wyoming Wind Energy Center)",WT,41.322582,-110.796829,9x3mfn
"Mountain Wind I",WT,41.292194,-110.46759,9x3mfn
"Evanston (Wyoming Wind Energy Center)",WT,41.347134,-110.808075,9x3mfn
"Evanston (Wyoming Wind Energy Center)",WT,41.399143,-110.794052,9x3mfn
"Evanston (Wyoming Wind Energy Center)",WT,41.338943,-110.814667,9x3mfn
"Evanston (Wyoming Wind Energy Center)",WT,41.379135,-110.734299,9x3mfn
"Evanston (Wyoming Wind Energy Center)",WT,41.370323,-110.8386,9x3mfn
"Evanston (Wyoming Wind Energy Center)",WT,41.381325,-110.757591,9x3mfn
"Evanston (Wyoming Wind Energy Center)",WT,41.329544,-110.802101,9x3mfn
"Evanston (Wyoming Wind Energy Center)",WT,41.338493,-110.79834,9x3mfn
"Evanston (Wyoming Wind Energy Center)",WT,41.397713,-110.793518,9x3mfn
"Evanston (Wyoming Wind Energy Center)",WT,41.326332,-110.800972,9x3mfn
"Evanston (Wyoming Wind Energy Center)",WT,41.303852,-110.793091,9x3mfn
"Evanston (Wyoming Wind Energy Center)",WT,41.328094,-110.780548,9x3mfn
"Mountain Wind II",WT,41.258694,-110.53849,9x3mfn
"Evanston (Wyoming Wind Energy Center)",WT,41.385124,-110.774338,9x3mfn
"Evanston (Wyoming Wind Energy Center)",WT,41.391983,-110.791466,9x3mfn
"Evanston (Wyoming Wind Energy Center)",WT,41.368145,-110.826859,9x3mfn
"Evanston (Wyoming Wind Energy Center)",WT,41.383522,-110.773575,9x3mfn
"Evanston (Wyoming Wind Energy Center)",WT,41.350422,-110.768761,9x3mfn
"Evanston (Wyoming Wind Energy Center)",WT,41.400574,-110.794556,9x3mfn
"Evanston (Wyoming Wind Energy Center)",WT,41.394855,-110.792496,9x3mfn
"Evanston (Wyoming Wind Energy Center)",WT,41.390423,-110.777,9x3mfn
"Evanston (Wyoming Wind Energy Center)",WT,41.342934,-110.822289,9x3mfn
"Evanston (Wyoming Wind Energy Center)",WT,41.306595,-110.794342,9x3mfn
"Evanston (Wyoming Wind Energy Center)",WT,41.366135,-110.731567,9x3mfn
"Evanston (Wyoming Wind Energy Center)",WT,41.393425,-110.791977,9x3mfn
"Evanston (Wyoming Wind Energy Center)",WT,41.367393,-110.837791,9x3mfn
"Evanston (Wyoming Wind Energy Center)",WT,41.382195,-110.77269,9x3mfn
"Evanston (Wyoming Wind Energy Center)",WT,41.320084,-110.794067,9x3mfn
"Evanston (Wyoming Wind Energy Center)",WT,41.352802,-110.772408,9x3mfn
"Evanston (Wyoming Wind Energy Center)",WT,41.385124,-110.760422,9x3mfn
"Evanston (Wyoming Wind Energy Center)",WT,41.302265,-110.792686,9x3mfn
"Mountain Wind II",WT,41.278618,-110.541939,9x3mfn
"Mountain Wind II",WT,41.246593,-110.539085,9x3mfn
"Mountain Wind II",WT,41.276196,-110.539185,9x3mfn
"Mountain Wind II",WT,41.286293,-110.554192,9x3mfn
"Mountain Wind II",WT,41.267593,-110.529587,9x3mfn
"Mountain Wind II",WT,41.288296,-110.557289,9x3mfn
"Mountain Wind II",WT,41.255093,-110.534485,9x3mfn
"Evanston (Wyoming Wind Energy Center)",WT,41.382095,-110.726585,9x3mfn
"Mountain Wind II",WT,41.265495,-110.556686,9x3mfn
"Mountain Wind II",WT,41.278595,-110.56089,9x3mfn
"Mountain Wind II",WT,41.266293,-110.528389,9x3mfn
"Mountain Wind II",WT,41.280594,-110.56089,9x3mfn
"Mountain Wind II",WT,41.276093,-110.56179,9x3mfn
"Mountain Wind II",WT,41.259995,-110.539886,9x3mfn
"Mountain Wind II",WT,41.282593,-110.560791,9x3mfn
"Mountain Wind II",WT,41.269295,-110.531387,9x3mfn
"Mountain Wind II",WT,41.283894,-110.547791,9x3mfn
"Mountain Wind II",WT,41.245396,-110.537689,9x3mfn
"Evanston (Wyoming Wind Energy Center)",WT,41.386433,-110.775116,9x3mfn
"Evanston (Wyoming Wind Energy Center)",WT,41.351753,-110.826538,9x3mfn
"Evanston (Wyoming Wind Energy Center)",WT,41.331055,-110.781219,9x3mfn
"Evanston (Wyoming Wind Energy Center)",WT,41.305191,-110.793884,9x3mfn
"Evanston (Wyoming Wind Energy Center)",WT,41.386654,-110.728722,9x3mfn
"Evanston (Wyoming Wind Energy Center)",WT,41.389122,-110.790451,9x3mfn
"Evanston (Wyoming Wind Energy Center)",WT,41.325085,-110.799576,9x3mfn
"Evanston (Wyoming Wind Energy Center)",WT,41.349865,-110.82682,9x3mfn
"Evanston (Wyoming Wind Energy Center)",WT,41.363235,-110.731018,9x3mfn
"Evanston (Wyoming Wind Energy Center)",WT,41.374195,-110.813515,9x3mfn
"Mountain Wind I",WT,41.292694,-110.514488,9x3mfn
"Evanston (Wyoming Wind Energy Center)",WT,41.351624,-110.770592,9x3mfn
"Mountain Wind II",WT,41.267395,-110.557388,9x3mfn
"Mountain Wind I",WT,41.293694,-110.485985,9x3mfn
"Mountain Wind I",WT,41.290993,-110.483986,9x3mfn
"Evanston (Wyoming Wind Energy Center)",WT,41.389004,-110.77668,9x3mfn
"Mountain Wind II",WT,41.285095,-110.552887,9x3mfn
"Evanston (Wyoming Wind Energy Center)",WT,41.361443,-110.731361,9x3mfn
"Evanston (Wyoming Wind Energy Center)",WT,41.383854,-110.759476,9x3mfn
"Seven Mile Hill I & II",WT,41.950794,-106.365585,9x5w98
"Seven Mile Hill I & II",WT,41.943092,-106.41259,9x5w98
"Seven Mile Hill I & II",WT,41.920593,-106.366592,9x5w98
"Seven Mile Hill I & II",WT,41.968437,-106.419853,9x5w98
"Seven Mile Hill I & II",WT,41.958893,-106.436592,9x5w98
"Seven Mile Hill I & II",WT,41.952991,-106.411888,9x5w98
"Seven Mile Hill I & II",WT,41.919693,-106.37899,9x5w98
"Seven Mile Hill I & II",WT,41.956993,-106.366287,9x5w98
"Seven Mile Hill I & II",WT,41.949146,-106.383369,9x5w98
"Seven Mile Hill I & II",WT,41.956192,-106.383186,9x5w98
"Seven Mile Hill I & II",WT,41.966293,-106.435486,9x5w98
"Seven Mile Hill I & II",WT,41.930492,-106.372688,9x5w98
"Seven Mile Hill I & II",WT,41.960594,-106.43589,9x5w98
"Seven Mile Hill I & II",WT,41.957691,-106.38279,9x5w98
"Seven Mile Hill I & II",WT,41.928093,-106.36599,9x5w98
"Seven Mile Hill I & II",WT,41.949795,-106.411285,9x5w98
"Seven Mile Hill I & II",WT,41.924992,-106.381493,9x5w98
"Seven Mile Hill I & II",WT,41.951393,-106.411987,9x5w98
"Dunlap",WT,42.031693,-106.212288,9x5w98
"Dunlap",WT,42.009693,-106.191788,9x5w98
"Dunlap",WT,42.007393,-106.152992,9x5w98
"Dunlap",WT,42.016792,-106.207787,9x5w98
"Dunlap",WT,42.048092,-106.153687,9x5w98
"Dunlap",WT,42.007294,-106.166885,9x5w98
"Seven Mile Hill I & II",WT,41.962013,-106.425591,9x5w98
"Dunlap",WT,42.053795,-106.169388,9x5w98
"TB Flats I & II",WT,42.17231,-106.155258,9x5w98
"TB Flats I & II",WT,42.167908,-106.120842,9x5w98
"TB Flats I & II",WT,42.182541,-106.143921,9x5w98
"TB Flats I & II",WT,42.186127,-106.112854,9x5w98
"TB Flats I & II",WT,42.179527,-106.106339,9x5w98
"Seven Mile Hill I & II",WT,41.924892,-106.366188,9x5w98
"Dunlap",WT,42.002892,-106.168091,9x5w98
"Seven Mile Hill I & II",WT,41.975594,-106.422791,9x5w98
"Seven Mile Hill I & II",WT,41.920994,-106.380089,9x5w98
"Seven Mile Hill I & II",WT,41.959793,-106.366287,9x5w98
"Seven Mile Hill I & II",WT,41.937492,-106.372787,9x5w98
"Seven Mile Hill I & II",WT,41.964794,-106.435486,9x5w98
"Seven Mile Hill I & II",WT,41.959293,-106.412491,9x5w98
"Seven Mile Hill I & II",WT,41.943047,-106.37291,9x5w98
"Seven Mile Hill I & II",WT,41.941692,-106.372787,9x5w98
"Seven Mile Hill I & II",WT,41.959091,-106.425591,9x5w98
"Seven Mile Hill I & II",WT,41.923393,-106.366089,9x5w98
"Seven Mile Hill I & II",WT,41.931892,-106.372688,9x5w98
"Seven Mile Hill I & II",WT,41.945091,-106.411789,9x5w98
"Seven Mile Hill I & II",WT,41.958294,-106.366287,9x5w98
"Seven Mile Hill I & II",WT,41.940292,-106.372787,9x5w98
"Seven Mile Hill I & II",WT,41.951992,-106.383286,9x5w98
"Seven Mile Hill I & II",WT,41.972794,-106.421288,9x5w98
"Seven Mile Hill I & II",WT,41.957592,-106.426491,9x5w98
"Seven Mile Hill I & II",WT,41.971294,-106.420792,9x5w98
"Seven Mile Hill I & II",WT,41.929092,-106.372688,9x5w98
"Seven Mile Hill I & II",WT,41.938892,-106.372787,9x5w98
"Seven Mile Hill I & II",WT,41.956093,-106.412888,9x5w98
"Seven Mile Hill I & II",WT,41.953392,-106.383186,9x5w98
"Seven Mile Hill I & II",WT,41.971191,-106.434891,9x5w98
"Seven Mile Hill I & II",WT,41.969692,-106.43399,9x5w98
"Seven Mile Hill I & II",WT,41.918491,-106.377792,9x5w98
"Seven Mile Hill I & II",WT,41.933292,-106.372688,9x5w98
"Seven Mile Hill I & II",WT,41.943493,-106.383392,9x5w98
"Seven Mile Hill I & II",WT,41.962364,-106.416,9x5w98
"Seven Mile Hill I & II",WT,41.968094,-106.43399,9x5w98
"Seven Mile Hill I & II",WT,41.917091,-106.377586,9x5w98
"Seven Mile Hill I & II",WT,41.954594,-106.366287,9x5w98
"Seven Mile Hill I & II",WT,41.952194,-106.365585,9x5w98
"Seven Mile Hill I & II",WT,41.954494,-106.412392,9x5w98
"Seven Mile Hill I & II",WT,41.921993,-106.366592,9x5w98
"Seven Mile Hill I & II",WT,41.947693,-106.383392,9x5w98
"Seven Mile Hill I & II",WT,41.969791,-106.420387,9x5w98
"Dunlap",WT,42.040092,-106.212387,9x5w98
"Dunlap",WT,42.005192,-106.152992,9x5w98
"Dunlap",WT,42.014194,-106.152992,9x5w98
"Dunlap",WT,42.052792,-106.137688,9x5w98
"Dunlap",WT,42.029991,-106.152885,9x5w98
"TB Flats I & II",WT,42.027752,-106.14286,9x5w98
"Dunlap",WT,42.055992,-106.169388,9x5w98
"Dunlap",WT,42.054592,-106.154991,9x5w98
"Dunlap",WT,42.029095,-106.210587,9x5w98
"Dunlap",WT,42.018692,-106.192688,9x5w98
"TB Flats I & II",WT,42.046951,-106.112236,9x5w98
"Dunlap",WT,42.036594,-106.154388,9x5w98
"Dunlap",WT,42.011894,-106.152992,9x5w98
"Dunlap",WT,42.024994,-106.167786,9x5w98
"Dunlap",WT,42.005692,-106.207787,9x5w98
"Dunlap",WT,42.002892,-106.179489,9x5w98
"Dunlap",WT,42.004894,-106.180687,9x5w98
"Dunlap",WT,42.045494,-106.154892,9x5w98
"Dunlap",WT,42.054794,-106.136589,9x5w98
"TB Flats I & II",WT,42.058605,-106.099281,9x5w98
"Medicine Bow",WT,41.840591,-106.247787,9x5w98
"Dunlap",WT,42.032192,-106.153389,9x5w98
"Dunlap",WT,42.020794,-106.192986,9x5w98
"Dunlap",WT,42.027092,-106.167786,9x5w98
"Ekola Flats",WT,41.9235,-106.317017,9x5w98
"Ekola Flats",WT,41.94363,-106.348694,9x5w98
"Ekola Flats",WT,41.916557,-106.352119,9x5w98
"Ekola Flats",WT,41.940166,-106.351303,9x5w98
"Ekola Flats",WT,42.010292,-106.366043,9x5w98
"Dunlap",WT,42.034393,-106.153786,9x5w98
"Dunlap",WT,42.016495,-106.152992,9x5w98
"Dunlap",WT,42.027294,-106.209488,9x5w98
"Dunlap",WT,42.011894,-106.192291,9x5w98
"Dunlap",WT,42.007393,-106.191589,9x5w98
"Ekola Flats",WT,41.970741,-106.347466,9x5w98
"Ekola Flats",WT,41.938148,-106.278526,9x5w98
"Ekola Flats",WT,41.968086,-106.352356,9x5w98
"Dunlap",WT,42.009693,-106.152992,9x5w98
"Seven Mile Hill I & II",WT,41.916294,-106.366692,9x5w98
"Dunlap",WT,42.005192,-106.191292,9x5w98
"Dunlap",WT,42.049294,-106.169388,9x5w98
"TB Flats I & II",WT,42.065193,-106.100616,9x5w98
"TB Flats I & II",WT,42.095505,-106.099174,9x5w98
"TB Flats I & II",WT,42.245922,-106.143303,9x5w98
"TB Flats I & II",WT,42.076702,-106.114342,9x5w98
"TB Flats I & II",WT,42.152233,-106.146042,9x5w98
"TB Flats I & II",WT,42.176102,-106.103516,9x5w98
"TB Flats I & II",WT,42.20422,-106.125198,9x5w98
"TB Flats I & II",WT,42.178066,-106.178154,9x5w98
"TB Flats I & II",WT,42.212055,-106.127197,9x5w98
"TB Flats I & II",WT,42.055363,-106.098198,9x5w98
"TB Flats I & II",WT,42.17569,-106.139809,9x5w98
"TB Flats I & II",WT,42.091991,-106.098938,9x5w98
"TB Flats I & II",WT,42.150494,-106.090988,9x5w98
"TB Flats I & II",WT,42.193203,-106.117912,9x5w98
"TB Flats I & II",WT,42.2379,-106.144371,9x5w98
"TB Flats I & II",WT,42.147015,-106.10434,9x5w98
"Dunlap",WT,42.016495,-106.192787,9x5w98
"Dunlap",WT,42.046993,-106.169487,9x5w98
"Dunlap",WT,42.040794,-106.155289,9x5w98
"Dunlap",WT,42.022095,-106.208092,9x5w98
"Dunlap",WT,42.019394,-106.207993,9x5w98
"Dunlap",WT,42.027695,-106.152885,9x5w98
"Dunlap",WT,42.014591,-106.207489,9x5w98
"Dunlap",WT,42.056492,-106.141289,9x5w98
"Dunlap",WT,42.058193,-106.142387,9x5w98
"Dunlap",WT,42.051594,-106.169388,9x5w98
"Dunlap",WT,42.007793,-106.207787,9x5w98
"Dunlap",WT,42.005093,-106.16819,9x5w98
"Dunlap",WT,42.003593,-106.207787,9x5w98
"Dunlap",WT,42.012295,-106.207787,9x5w98
"Dunlap",WT,42.023193,-106.193291,9x5w98
"Dunlap",WT,42.052395,-106.153587,9x5w98
"Dunlap",WT,42.009995,-106.207787,9x5w98
"Dunlap",WT,42.023193,-106.152885,9x5w98
"Seven Mile Hill I & II",WT,41.926693,-106.366089,9x5w98
"Ekola Flats",WT,41.991116,-106.310852,9x5w98
"Seven Mile Hill I & II",WT,41.945694,-106.365585,9x5w98
"Foote Creek II, III, IV Repowering",WT,41.679878,-106.180473,9x5w98
"Foote Creek II, III, IV Repowering",WT,41.667408,-106.184937,9x5w98
"Foote Creek II, III, IV Repowering",WT,41.662601,-106.186913,9x5w98
"Foote Creek II, III, IV Repowering",WT,41.664974,-106.18576,9x5w98
"Foote Creek II, III, IV Repowering",WT,41.676956,-106.180222,9x5w98
"Ekola Flats",WT,41.931744,-106.31292,9x5w98
"Foote Creek II, III, IV Repowering",WT,41.65781,-106.188576,9x5w98
"Foote Creek II, III, IV Repowering",WT,41.683224,-106.180847,9x5w98
"Ekola Flats",WT,41.939583,-106.322304,9x5w98
"Ekola Flats",WT,42.002865,-106.336342,9x5w98
"BLM-JCI",WT,41.797478,-107.241638,9x5w98
"Dunlap",WT,42.002995,-106.191086,9x5w98
"Ekola Flats",WT,41.93454,-106.278732,9x5w98
"Ekola Flats",WT,41.923717,-106.355499,9x5w98
"Ekola Flats",WT,41.936199,-106.321312,9x5w98
"Foote Creek II, III, IV Repowering",WT,41.672054,-106.182449,9x5w98
"Foote Creek II, III, IV Repowering",WT,41.660233,-106.187958,9x5w98
"Foote Creek II, III, IV Repowering",WT,41.674393,-106.181442,9x5w98
"Dunlap",WT,42.035591,-106.21209,9x5w98
"Ekola Flats",WT,42.014057,-106.365356,9x5w98
"Ekola Flats",WT,41.996044,-106.355812,9x5w98
"Ekola Flats",WT,41.927002,-106.328697,9x5w98
"Ekola Flats",WT,41.921474,-106.257286,9x5w98
"Ekola Flats",WT,41.954197,-106.355087,9x5w98
"Ekola Flats",WT,42.01416,-106.353409,9x5w98
"Ekola Flats",WT,41.95821,-106.358307,9x5w98
"Ekola Flats",WT,41.92733,-106.355385,9x5w98
"Ekola Flats",WT,41.930752,-106.353897,9x5w98
"Ekola Flats",WT,41.92749,-106.289551,9x5w98
"Ekola Flats",WT,41.922916,-106.303696,9x5w98
"Ekola Flats",WT,41.920689,-106.289757,9x5w98
"Ekola Flats",WT,42.011326,-106.353577,9x5w98
"Foote Creek II, III, IV Repowering",WT,41.669777,-106.183777,9x5w98
"Ekola Flats",WT,41.989082,-106.323624,9x5w98
"Dunlap",WT,42.050594,-106.137093,9x5w98
"Ekola Flats",WT,41.93681,-106.354271,9x5w98
"Ekola Flats",WT,41.926418,-106.265083,9x5w98
"Dunlap",WT,42.042992,-106.156387,9x5w98
"Dunlap",WT,42.038792,-106.154793,9x5w98
"Dunlap",WT,42.024292,-106.208687,9x5w98
"Dunlap",WT,42.046291,-106.136986,9x5w98
"Dunlap",WT,42.042591,-106.211891,9x5w98
"Dunlap",WT,42.002892,-106.152992,9x5w98
"Ekola Flats",WT,41.919529,-106.303978,9x5w98
"Dunlap",WT,42.025494,-106.152885,9x5w98
"Dunlap",WT,42.058292,-106.169289,9x5w98
"Dunlap",WT,42.033394,-106.21199,9x5w98
"Dunlap",WT,42.025494,-106.193489,9x5w98
"Dunlap",WT,42.018692,-106.152885,9x5w98
"Dunlap",WT,42.037994,-106.211189,9x5w98
"Dunlap",WT,42.020992,-106.152885,9x5w98
"Dunlap",WT,42.014194,-106.192688,9x5w98
"Ekola Flats",WT,42.012623,-106.337013,9x5w98
"Ekola Flats",WT,41.924126,-106.289429,9x5w98
"Ekola Flats",WT,42.006119,-106.336372,9x5w98
"Ekola Flats",WT,41.910633,-106.289978,9x5w98
"Ekola Flats",WT,41.926308,-106.302711,9x5w98
"Ekola Flats",WT,41.932121,-106.323486,9x5w98
"Ekola Flats",WT,41.92382,-106.261742,9x5w98
"Ekola Flats",WT,42.009327,-106.336685,9x5w98
"Ekola Flats",WT,41.992916,-106.356049,9x5w98
"Ekola Flats",WT,42.014252,-106.343117,9x5w98
"Ekola Flats",WT,41.916653,-106.339256,9x5w98
"Ekola Flats",WT,41.992916,-106.324196,9x5w98
"Ekola Flats",WT,42.006989,-106.358009,9x5w98
"Ekola Flats",WT,41.931644,-106.275063,9x5w98
"Ekola Flats",WT,41.917351,-106.29007,9x5w98
"Ekola Flats",WT,41.916077,-106.304253,9x5w98
"Ekola Flats",WT,41.920128,-106.353714,9x5w98
"Ekola Flats",WT,41.929401,-106.26593,9x5w98
"Ekola Flats",WT,41.936211,-106.312195,9x5w98
"Dunlap",WT,42.006695,-106.18219,9x5w98
"Dunlap",WT,42.050392,-106.153687,9x5w98
"TB Flats I & II",WT,42.146427,-106.146614,9x5w98
"TB Flats I & II",WT,42.181931,-106.126862,9x5w98
"TB Flats I & II",WT,42.082047,-106.097481,9x5w98
"Dunlap",WT,42.048492,-106.136986,9x5w98
"TB Flats I & II",WT,42.191433,-106.139915,9x5w98
"TB Flats I & II",WT,42.088863,-106.125748,9x5w98
"TB Flats I & II",WT,42.078827,-106.098236,9x5w98
"TB Flats I & II",WT,42.13895,-106.120232,9x5w98
"TB Flats I & II",WT,42.02177,-106.101662,9x5w98
"TB Flats I & II",WT,42.18539,-106.129242,9x5w98
"TB Flats I & II",WT,42.072376,-106.099083,9x5w98
"TB Flats I & II",WT,42.174465,-106.162201,9x5w98
"TB Flats I & II",WT,42.165058,-106.135345,9x5w98
"TB Flats I & II",WT,42.200294,-106.123604,9x5w98
"TB Flats I & II",WT,42.065636,-106.148094,9x5w98
"TB Flats I & II",WT,42.231487,-106.138824,9x5w98
"TB Flats I & II",WT,42.177315,-106.163475,9x5w98
"TB Flats I & II",WT,42.088589,-106.098618,9x5w98
"TB Flats I & II",WT,42.158489,-106.132721,9x5w98
"Seven Mile Hill I & II",WT,41.948292,-106.411591,9x5w98
"Seven Mile Hill I & II",WT,41.926392,-106.381889,9x5w98
"Seven Mile Hill I & II",WT,41.917694,-106.366692,9x5w98
"Seven Mile Hill I & II",WT,41.947193,-106.365692,9x5w98
"Seven Mile Hill I & II",WT,41.962193,-106.435486,9x5w98
"Seven Mile Hill I & II",WT,41.946693,-106.411491,9x5w98
"Seven Mile Hill I & II",WT,41.974293,-106.421692,9x5w98
"TB Flats I & II",WT,42.17506,-106.12252,9x5w98
"TB Flats I & II",WT,42.011406,-106.140732,9x5w98
"TB Flats I & II",WT,42.203972,-106.140022,9x5w98
"TB Flats I & II",WT,42.172115,-106.138397,9x5w98
"TB Flats I & II",WT,42.196781,-106.120758,9x5w98
"TB Flats I & II",WT,42.154461,-106.132347,9x5w98
"TB Flats I & II",WT,42.069016,-106.145905,9x5w98
"TB Flats I & II",WT,42.241306,-106.158882,9x5w98
"TB Flats I & II",WT,42.024521,-106.142693,9x5w98
"TB Flats I & II",WT,42.026943,-106.110954,9x5w98
"TB Flats I & II",WT,42.16853,-106.100723,9x5w98
"TB Flats I & II",WT,42.075626,-106.098686,9x5w98
"TB Flats I & II",WT,42.039207,-106.09816,9x5w98
"TB Flats I & II",WT,42.001465,-106.136925,9x5w98
"TB Flats I & II",WT,42.169411,-106.154594,9x5w98
"TB Flats I & II",WT,42.008144,-106.139481,9x5w98
"TB Flats I & II",WT,42.022743,-106.112717,9x5w98
"TB Flats I & II",WT,42.017982,-106.141769,9x5w98
"TB Flats I & II",WT,42.168583,-106.136932,9x5w98
"TB Flats I & II",WT,42.179241,-106.141281,9x5w98
"TB Flats I & II",WT,42.157055,-106.094566,9x5w98
"TB Flats I & II",WT,42.135452,-106.120407,9x5w98
"TB Flats I & II",WT,42.142403,-106.120171,9x5w98
"TB Flats I & II",WT,42.215866,-106.140137,9x5w98
"TB Flats I & II",WT,42.041779,-106.095871,9x5w98
"TB Flats I & II",WT,42.242058,-106.142532,9x5w98
"TB Flats I & II",WT,42.153706,-106.106934,9x5w98
"TB Flats I & II",WT,42.237331,-106.159599,9x5w98
"TB Flats I & II",WT,42.068504,-106.100067,9x5w98
"Seven Mile Hill I & II",WT,41.927792,-106.382187,9x5w98
"TB Flats I & II",WT,42.16433,-106.12027,9x5w98
"TB Flats I & II",WT,42.049274,-106.0923,9x5w98
"TB Flats I & II",WT,42.23428,-106.143066,9x5w98
"TB Flats I & II",WT,42.031368,-106.110092,9x5w98
"Seven Mile Hill I & II",WT,41.957493,-106.438393,9x5w98
"Seven Mile Hill I & II",WT,41.954792,-106.383186,9x5w98
"Seven Mile Hill I & II",WT,41.923695,-106.380989,9x5w98
"Seven Mile Hill I & II",WT,41.950592,-106.383286,9x5w98
"Seven Mile Hill I & II",WT,41.949394,-106.365585,9x5w98
"Seven Mile Hill I & II",WT,41.922295,-106.380486,9x5w98
"Seven Mile Hill I & II",WT,41.960594,-106.425285,9x5w98
"Seven Mile Hill I & II",WT,41.957592,-106.411987,9x5w98
"Seven Mile Hill I & II",WT,41.936092,-106.372787,9x5w98
"Seven Mile Hill I & II",WT,41.934692,-106.372688,9x5w98
"Seven Mile Hill I & II",WT,41.944893,-106.38369,9x5w98
"TB Flats I & II",WT,42.24498,-106.159569,9x5w98
"Seven Mile Hill I & II",WT,41.967094,-106.419289,9x5w98
"TB Flats I & II",WT,42.195351,-106.140076,9x5w98
"TB Flats I & II",WT,42.21978,-106.140205,9x5w98
"TB Flats I & II",WT,42.189621,-106.115334,9x5w98
"TB Flats I & II",WT,42.018684,-106.101151,9x5w98
"TB Flats I & II",WT,42.249863,-106.144119,9x5w98
"TB Flats I & II",WT,42.131954,-106.120529,9x5w98
"TB Flats I & II",WT,42.080677,-106.113388,9x5w98
"TB Flats I & II",WT,42.034836,-106.11055,9x5w98
"TB Flats I & II",WT,42.061901,-106.099815,9x5w98
"TB Flats I & II",WT,42.02898,-106.098343,9x5w98
"TB Flats I & II",WT,42.175194,-106.180527,9x5w98
"Medicine Bow",WT,41.831905,-106.241226,9x5w98
"TB Flats I & II",WT,42.15033,-106.10479,9x5w98
"Medicine Bow",WT,41.829453,-106.239914,9x5w98
"Medicine Bow",WT,41.833138,-106.241867,9x5w98
"TB Flats I & II",WT,42.171551,-106.121429,9x5w98
"TB Flats I & II",WT,42.036057,-106.099197,9x5w98
"TB Flats I & II",WT,42.014713,-106.141495,9x5w98
"TB Flats I & II",WT,42.021294,-106.142097,9x5w98
"TB Flats I & II",WT,42.146957,-106.089005,9x5w98
"TB Flats I & II",WT,42.161533,-106.133446,9x5w98
"Medicine Bow",WT,41.839893,-106.246689,9x5w98
"Medicine Bow",WT,41.834377,-106.242531,9x5w98
"TB Flats I & II",WT,42.149368,-106.146294,9x5w98
"TB Flats I & II",WT,42.172256,-106.102097,9x5w98
"TB Flats I & II",WT,42.150913,-106.132523,9x5w98
"TB Flats I & II",WT,42.182838,-106.109161,9x5w98
"TB Flats I & II",WT,42.208084,-106.140038,9x5w98
"TB Flats I & II",WT,42.155006,-106.145851,9x5w98
"TB Flats I & II",WT,42.233791,-106.158127,9x5w98
"TB Flats I & II",WT,42.032375,-106.099571,9x5w98
"TB Flats I & II",WT,42.199924,-106.139862,9x5w98
"TB Flats I & II",WT,42.160683,-106.120117,9x5w98
"TB Flats I & II",WT,42.223701,-106.14019,9x5w98
"TB Flats I & II",WT,42.085255,-106.098351,9x5w98
"Medicine Bow",WT,41.835594,-106.243172,9x5w98
"TB Flats I & II",WT,42.188702,-106.132523,9x5w98
"TB Flats I & II",WT,42.019455,-106.11351,9x5w98
"TB Flats I & II",WT,42.153969,-106.092903,9x5w98
"TB Flats I & II",WT,42.161602,-106.096062,9x5w98
"TB Flats I & II",WT,42.083553,-106.124687,9x5w98
"TB Flats I & II",WT,42.227688,-106.13974,9x5w98
"TB Flats I & II",WT,42.04916,-106.119003,9x5w98
"TB Flats I & II",WT,42.052235,-106.09597,9x5w98
"TB Flats I & II",WT,42.004791,-106.138191,9x5w98
"TB Flats I & II",WT,42.166504,-106.154358,9x5w98
"TB Flats I & II",WT,42.025394,-106.100754,9x5w98
"TB Flats I & II",WT,42.172375,-106.182953,9x5w98
"TB Flats I & II",WT,42.079205,-106.124641,9x5w98
"TB Flats I & II",WT,42.208084,-106.126076,9x5w98
"TB Flats I & II",WT,42.084473,-106.113075,9x5w98
"Medicine Bow",WT,41.830673,-106.24057,9x5w98
"TB Flats I & II",WT,42.099319,-106.099731,9x5w98
"TB Flats I & II",WT,42.072319,-106.142113,9x5w98
"Medicine Bow",WT,41.836849,-106.243797,9x5w98
"TB Flats I & II",WT,42.178497,-106.12439,9x5w98
"TB Flats I & II",WT,42.185905,-106.146561,9x5w98
"TB Flats I & II",WT,42.211948,-106.139984,9x5w98
"TB Flats I & II",WT,42.163555,-106.153694,9x5w98
"TB Flats I & II",WT,42.180233,-106.165482,9x5w98
"TB Flats I & II",WT,42.038094,-106.110458,9x5w98
"TB Flats I & II",WT,42.043758,-106.0933,9x5w98
"TB Flats I & II",WT,42.046494,-106.092613,9x5w98
"TB Flats I & II",WT,41.998196,-106.13562,9x5w98
"Cedar Creek",WT,40.915894,-103.92569,9xkgmv
"Cedar Creek",WT,40.908527,-103.926811,9xkgmv
"Cedar Creek II",WT,40.887394,-103.853989,9xkgmv
"Cedar Creek",WT,40.881695,-103.985191,9xkgmv
"Cedar Creek",WT,40.854092,-104.102287,9xkgmv
"Cedar Creek",WT,40.912292,-103.90229,9xkgmv
"Cedar Creek",WT,40.898193,-103.927689,9xkgmv
"Cedar Creek",WT,40.856594,-104.06839,9xkgmv
"Cedar Creek",WT,40.910892,-103.946388,9xkgmv
"Cedar Creek",WT,40.893875,-104.059402,9xkgmv
"Cedar Creek II",WT,40.944492,-103.83139,9xkgmv
"Cedar Creek II",WT,40.872791,-103.864693,9xkgmv
"Cedar Creek II",WT,40.923393,-103.819794,9xkgmv
"Cedar Creek II",WT,40.960194,-103.738991,9xkgmv
"Cedar Creek II",WT,40.944992,-103.75589,9xkgmv
"Cedar Creek",WT,40.831795,-104.051292,9xkgmv
"Cedar Creek",WT,40.91592,-103.976555,9xkgmv
"Cedar Creek",WT,40.844494,-104.043694,9xkgmv
"Cedar Creek",WT,40.907291,-103.957191,9xkgmv
"Cedar Creek",WT,40.878792,-104.012192,9xkgmv
"Cedar Creek",WT,40.891171,-104.063065,9xkgmv
"Cedar Creek",WT,40.839092,-104.063591,9xkgmv
"Cedar Creek II",WT,40.927494,-103.857292,9xkgmv
"Cedar Creek",WT,40.914093,-103.898491,9xkgmv
"Cedar Creek",WT,40.843594,-104.072891,9xkgmv
"Cedar Creek",WT,40.841293,-104.047592,9xkgmv
"Cedar Creek",WT,40.878693,-104.023689,9xkgmv
"Cedar Creek",WT,40.913094,-103.900589,9xkgmv
"Cedar Creek",WT,40.838493,-104.047592,9xkgmv
"Cedar Creek",WT,40.859795,-104.064987,9xkgmv
"Panorama Wind",WT,40.933407,-103.93174,9xkgmv
"Panorama Wind",WT,40.94096,-103.870163,9xkgmv
"Cedar Creek",WT,40.860592,-104.098587,9xkgmv
"Cedar Creek II",WT,40.921192,-103.858391,9xkgmv
"Cedar Creek",WT,40.865993,-104.092987,9xkgmv
"Cedar Creek",WT,40.954494,-104.073189,9xkgmv
"Cedar Creek",WT,40.937092,-104.053688,9xkgmv
"Mountain Breeze",WT,40.950844,-103.993217,9xkgmv
"Cedar Creek II",WT,40.973991,-103.695389,9xkgmv
"Cedar Creek II",WT,40.931694,-103.843193,9xkgmv
"Cedar Creek II",WT,40.929295,-103.767288,9xkgmv
"Cedar Creek II",WT,40.913593,-103.814491,9xkgmv
"Cedar Creek II",WT,40.944794,-103.786987,9xkgmv
"Cedar Creek II",WT,40.919712,-103.864487,9xkgmv
"Cedar Creek II",WT,40.949692,-103.701492,9xkgmv
"Cedar Creek II",WT,40.940994,-103.711891,9xkgmv
"Cedar Creek",WT,40.903793,-103.94989,9xkgmv
"Cedar Creek",WT,40.827595,-104.069489,9xkgmv
"Mountain Breeze",WT,40.918037,-104.004082,9xkgmv
"Cedar Creek II",WT,40.935493,-103.716087,9xkgmv
"Cedar Creek II",WT,40.902893,-103.805389,9xkgmv
"Cedar Creek",WT,40.915691,-104.081192,9xkgmv
"Northeast Colorado Wind",WT,40.989895,-102.820091,9xkgmv
"Spring Canyon",WT,40.984993,-103.059387,9xkgmv
"Spring Canyon",WT,40.982292,-102.968887,9xkgmv
"Spring Canyon Expansion",WT,40.988674,-103.082947,9xkgmv
"Spring Canyon Expansion",WT,40.998634,-103.07476,9xkgmv
"Spring Canyon Expansion",WT,40.991913,-103.036209,9xkgmv
"Spring Canyon Expansion",WT,40.998104,-103.003021,9xkgmv
"Spring Canyon Expansion",WT,40.954693,-103.02639,9xkgmv
"Spring Canyon Expansion",WT,40.997204,-102.991753,9xkgmv
"Spring Canyon Expansion",WT,41.001385,-103.025337,9xkgmv
"Spring Canyon Expansion",WT,40.988972,-103.078682,9xkgmv
"Spring Canyon",WT,40.982994,-102.964493,9xkgmv
"Spring Canyon Expansion",WT,40.980427,-103.007683,9xkgmv
"Spring Canyon Expansion",WT,40.997253,-102.959068,9xkgmv
"Spring Canyon Expansion",WT,40.998859,-103.069038,9xkgmv
"Spring Canyon Expansion",WT,40.994923,-102.972954,9xkgmv
"Spring Canyon Expansion",WT,40.996792,-102.948494,9xkgmv
"Spring Canyon",WT,40.981194,-102.972893,9xkgmv
"Spring Canyon",WT,40.973492,-103.025291,9xkgmv
"Spring Canyon",WT,40.990791,-103.048492,9xkgmv
"Spring Canyon",WT,40.992092,-103.046989,9xkgmv
"Spring Canyon",WT,40.986794,-102.945992,9xkgmv
"Northeast Colorado Wind",WT,40.992092,-102.804787,9xkgmv
"Spring Canyon",WT,40.928894,-103.055389,9xkgmv
"Spring Canyon Expansion",WT,40.999252,-103.045311,9xkgmv
"Northeast Colorado Wind",WT,41.000793,-102.778191,9xkgmv
"Northeast Colorado Wind",WT,40.987194,-102.926292,9xkgmv
"Northeast Colorado Wind",WT,40.981194,-102.91729,9xkgmv
"Spring Canyon",WT,40.970493,-103.032494,9xkgmv
"Spring Canyon",WT,40.929394,-103.052094,9xkgmv
"Spring Canyon",WT,40.926094,-103.026588,9xkgmv
"Spring Canyon",WT,40.983692,-103.065788,9xkgmv
"Spring Canyon",WT,40.989094,-103.050789,9xkgmv
"Spring Canyon",WT,40.932392,-103.044388,9xkgmv
"Spring Canyon",WT,40.979393,-102.987793,9xkgmv
"Spring Canyon",WT,40.933792,-103.04039,9xkgmv
"Spring Canyon",WT,40.938793,-103.032791,9xkgmv
"Spring Canyon",WT,40.972294,-103.030289,9xkgmv
"Spring Canyon",WT,40.984894,-102.949493,9xkgmv
"Spring Canyon",WT,40.939491,-103.029694,9xkgmv
"Spring Canyon",WT,40.930695,-103.048592,9xkgmv
"Spring Canyon",WT,40.987492,-103.055893,9xkgmv
"Spring Canyon",WT,40.942993,-103.028091,9xkgmv
"Spring Canyon",WT,40.926094,-103.021988,9xkgmv
"Spring Canyon",WT,40.980595,-102.979187,9xkgmv
"Spring Canyon",WT,40.937492,-103.035393,9xkgmv
"Spring Canyon",WT,40.983894,-102.96019,9xkgmv
"Northeast Colorado Wind",WT,40.962994,-102.920792,9xkgmv
"Northeast Colorado Wind",WT,40.971592,-102.912392,9xkgmv
"Northeast Colorado Wind",WT,40.973694,-102.885292,9xkgmv
"Northeast Colorado Wind",WT,40.957592,-102.902191,9xkgmv
"Northeast Colorado Wind",WT,40.997795,-102.925087,9xkgmv
"Northeast Colorado Wind",WT,40.961494,-102.89119,9xkgmv
"Spring Canyon",WT,40.947994,-103.051392,9xkgmv
"Spring Canyon",WT,40.975594,-103.021492,9xkgmv
"Spring Canyon",WT,40.981293,-102.976089,9xkgmv
"Spring Canyon",WT,40.983593,-102.955093,9xkgmv
"Peetz Table",WT,40.975693,-103.442787,9xkgmv
"Peetz Table",WT,40.957294,-103.212387,9xkgmv
"Peetz Table",WT,40.942291,-103.245293,9xkgmv
"Peetz Table",WT,40.986794,-103.25769,9xkgmv
"Peetz Table",WT,40.907593,-103.245293,9xkgmv
"Peetz Table",WT,40.986694,-103.487488,9xkgmv
"Peetz Table",WT,40.983192,-103.418091,9xkgmv
"Peetz Table",WT,40.967194,-103.36879,9xkgmv
"Peetz Table",WT,40.967693,-103.36409,9xkgmv
"Peetz Table",WT,40.907593,-103.254692,9xkgmv
"Peetz Table",WT,40.997292,-103.297394,9xkgmv
"Peetz Table",WT,40.929993,-103.221291,9xkgmv
"Peetz Table",WT,40.966793,-103.349586,9xkgmv
"Peetz Table",WT,40.961693,-103.390892,9xkgmv
"Peetz Table",WT,40.970894,-103.283989,9xkgmv
"Peetz Table",WT,40.981693,-103.437088,9xkgmv
"Peetz Table",WT,40.898594,-103.243492,9xkgmv
"Peetz Table",WT,40.958092,-103.282089,9xkgmv
"Peetz Table",WT,40.917694,-103.235588,9xkgmv
"Peetz Table",WT,40.975693,-103.437393,9xkgmv
"Peetz Table",WT,40.975792,-103.430588,9xkgmv
"Peetz Table",WT,40.940891,-103.29319,9xkgmv
"Peetz Table",WT,40.966393,-103.332687,9xkgmv
"Peetz Table",WT,40.941792,-103.27359,9xkgmv
"Peetz Table",WT,40.911892,-103.279388,9xkgmv
"Peetz Table",WT,40.984795,-103.18779,9xkgmv
"Cedar Creek",WT,40.839294,-104.074791,9xkgmv
"Peetz Table",WT,40.987991,-103.469391,9xkgmv
"Peetz Table",WT,40.988194,-103.34359,9xkgmv
"Spring Canyon",WT,40.951492,-103.04969,9xkgmv
"Spring Canyon",WT,40.988094,-103.052788,9xkgmv
"Spring Canyon",WT,40.978893,-102.98349,9xkgmv
"Spring Canyon",WT,40.926792,-103.030693,9xkgmv
"Spring Canyon",WT,40.955593,-103.042389,9xkgmv
"Peetz Table",WT,40.949993,-103.32209,9xkgmv
"Peetz Table",WT,40.931992,-103.218391,9xkgmv
"Peetz Table",WT,40.971893,-103.375389,9xkgmv
"Peetz Table",WT,40.954494,-103.227188,9xkgmv
"Peetz Table",WT,40.954994,-103.314194,9xkgmv
"Peetz Table",WT,40.950493,-103.31929,9xkgmv
"Peetz Table",WT,40.950191,-103.332092,9xkgmv
"Peetz Table",WT,40.918095,-103.231194,9xkgmv
"Peetz Table",WT,40.972893,-103.392693,9xkgmv
"Peetz Table",WT,40.907093,-103.268387,9xkgmv
"Peetz Table",WT,40.901192,-103.234291,9xkgmv
"Peetz Table",WT,40.928291,-103.262894,9xkgmv
"Peetz Table",WT,40.954994,-103.371391,9xkgmv
"Peetz Table",WT,40.996193,-103.39769,9xkgmv
"Peetz Table",WT,40.966793,-103.358887,9xkgmv
"Peetz Table",WT,40.971992,-103.33139,9xkgmv
"Peetz Table",WT,40.984993,-103.194794,9xkgmv
"Peetz Table",WT,40.951195,-103.361488,9xkgmv
"Peetz Table",WT,40.971992,-103.243889,9xkgmv
"Peetz Table",WT,40.986591,-103.473587,9xkgmv
"Peetz Table",WT,40.972992,-103.231888,9xkgmv
"Cedar Creek",WT,40.904602,-103.980095,9xkgmv
"Panorama Wind",WT,41.000111,-103.870705,9xkgmv
"Panorama Wind",WT,40.955914,-103.866852,9xkgmv
"Cedar Creek II",WT,40.959091,-103.741592,9xkgmv
"Spring Canyon",WT,40.979294,-102.992188,9xkgmv
"Cedar Creek II",WT,40.936394,-103.787491,9xkgmv
"Cedar Creek II",WT,40.938091,-103.830292,9xkgmv
"Cedar Creek",WT,40.900791,-103.956291,9xkgmv
"Cedar Creek",WT,40.841194,-104.073593,9xkgmv
"Cedar Creek",WT,40.940094,-104.04789,9xkgmv
"Cedar Creek",WT,40.863594,-104.062889,9xkgmv
"Cedar Creek",WT,40.877499,-104.025467,9xkgmv
"Cedar Creek",WT,40.915611,-103.942429,9xkgmv
"Cedar Creek",WT,40.897095,-103.944588,9xkgmv
"Cedar Creek II",WT,40.944393,-103.740791,9xkgmv
"Cedar Creek",WT,40.898247,-103.942368,9xkgmv
"Cedar Creek",WT,40.933792,-104.058388,9xkgmv
"Cedar Creek II",WT,40.968994,-103.689087,9xkgmv
"Cedar Creek",WT,40.920395,-103.974487,9xkgmv
"Cedar Creek",WT,40.967293,-104.033493,9xkgmv
"Cedar Creek",WT,40.882706,-104.064133,9xkgmv
"Cedar Creek",WT,40.897694,-103.903488,9xkgmv
"Cedar Creek",WT,40.837395,-104.076088,9xkgmv
"Cedar Creek",WT,40.848492,-104.103989,9xkgmv
"Cedar Creek II",WT,40.944592,-103.815689,9xkgmv
"Cedar Creek II",WT,40.930695,-103.85009,9xkgmv
"Cedar Creek II",WT,40.969395,-103.740791,9xkgmv
"Cedar Creek",WT,40.869595,-104.060089,9xkgmv
"Cedar Creek II",WT,40.942192,-103.789688,9xkgmv
"Cedar Creek II",WT,40.971191,-103.738289,9xkgmv
"Cedar Creek",WT,40.830692,-104.08239,9xkgmv
"Panorama Wind",WT,40.933586,-103.925728,9xkgmv
"Cedar Creek",WT,40.899094,-104.051796,9xkgmv
"Cedar Creek",WT,40.875992,-103.915291,9xkgmv
"Panorama Wind",WT,40.976257,-103.95546,9xkgmv
"Panorama Wind",WT,40.979679,-103.937576,9xkgmv
"Panorama Wind",WT,40.962406,-103.950783,9xkgmv
"Panorama Wind",WT,40.995632,-103.925255,9xkgmv
"Panorama Wind",WT,40.95055,-103.882881,9xkgmv
"Panorama Wind",WT,40.959587,-103.920883,9xkgmv
"Panorama Wind",WT,40.959866,-103.856224,9xkgmv
"Panorama Wind",WT,40.963062,-103.917267,9xkgmv
"Panorama Wind",WT,40.949608,-103.888672,9xkgmv
"Panorama Wind",WT,40.988594,-103.808372,9xkgmv
"Panorama Wind",WT,40.957523,-103.925369,9xkgmv
"Cedar Creek II",WT,40.887691,-103.858292,9xkgmv
"Cedar Creek II",WT,40.920021,-103.848267,9xkgmv
"Cedar Creek II",WT,40.946693,-103.753693,9xkgmv
"Cedar Creek II",WT,40.966492,-103.692787,9xkgmv
"Cedar Creek",WT,40.909092,-104.088791,9xkgmv
"Cedar Creek",WT,40.892292,-103.997688,9xkgmv
"Cedar Creek II",WT,40.906792,-103.753487,9xkgmv
"Cedar Creek II",WT,40.876293,-103.814789,9xkgmv
"Cedar Creek II",WT,40.941193,-103.836487,9xkgmv
"Cedar Creek II",WT,40.953693,-103.743393,9xkgmv
"Cedar Creek II",WT,40.920692,-103.845291,9xkgmv
"Cedar Creek",WT,40.903294,-103.988899,9xkgmv
"Panorama Wind",WT,40.985668,-103.813042,9xkgmv
"Cedar Creek",WT,40.899693,-103.940392,9xkgmv
"Cedar Creek",WT,40.833992,-104.051193,9xkgmv
"Cedar Creek II",WT,40.911095,-103.745087,9xkgmv
"Cedar Creek",WT,40.918491,-103.975693,9xkgmv
"Cedar Creek",WT,40.866589,-104.081589,9xkgmv
"Cedar Creek",WT,40.917892,-104.07859,9xkgmv
"Cedar Creek",WT,40.876793,-103.912392,9xkgmv
"Cedar Creek",WT,40.909893,-103.962288,9xkgmv
"Cedar Creek",WT,40.845894,-104.103493,9xkgmv
"Cedar Creek",WT,40.882092,-103.994186,9xkgmv
"Cedar Creek",WT,40.893593,-104.025887,9xkgmv
"Cedar Creek",WT,40.846592,-104.03949,9xkgmv
"Cedar Creek",WT,40.896591,-104.055794,9xkgmv
"Cedar Creek II",WT,40.928795,-103.793892,9xkgmv
"Cedar Creek",WT,40.843391,-104.045792,9xkgmv
"Cedar Creek",WT,40.865093,-104.042091,9xkgmv
"Cedar Creek",WT,40.877594,-104.034088,9xkgmv
"Cedar Creek",WT,40.905613,-103.979485,9xkgmv
"Cedar Creek",WT,40.906094,-103.986092,9xkgmv
"Cedar Creek",WT,40.911694,-103.960693,9xkgmv
"Cedar Creek",WT,40.824593,-104.073486,9xkgmv
"Cedar Creek",WT,40.855194,-104.070091,9xkgmv
"Cedar Creek",WT,40.913792,-103.976791,9xkgmv
"Cedar Creek",WT,40.931595,-104.060089,9xkgmv
"Cedar Creek",WT,40.904793,-103.960487,9xkgmv
"Cedar Creek",WT,40.904594,-103.987289,9xkgmv
"Cedar Creek",WT,40.913792,-103.930489,9xkgmv
"Cedar Creek II",WT,40.919994,-103.851791,9xkgmv
"Cedar Creek II",WT,40.950294,-103.74379,9xkgmv
"Cedar Creek II",WT,40.881893,-103.84549,9xkgmv
"Cedar Creek",WT,40.903721,-103.944901,9xkgmv
"Cedar Creek",WT,40.876392,-104.035889,9xkgmv
"Cedar Creek",WT,40.851494,-104.046791,9xkgmv
"Cedar Creek II",WT,40.939095,-103.837486,9xkgmv
"Cedar Creek II",WT,40.961494,-103.736893,9xkgmv
"Cedar Creek II",WT,40.873592,-103.847588,9xkgmv
"Cedar Creek II",WT,40.955494,-103.765991,9xkgmv
"Cedar Creek II",WT,40.885792,-103.820992,9xkgmv
"Cedar Creek II",WT,40.871494,-103.834793,9xkgmv
"Cedar Creek II",WT,40.921494,-103.77359,9xkgmv
"Cedar Creek",WT,40.851612,-104.036163,9xkgmv
"Cedar Creek",WT,40.866295,-104.021591,9xkgmv
"Cedar Creek II",WT,40.909092,-103.779388,9xkgmv
"Cedar Creek",WT,40.881275,-104.005394,9xkgmv
"Cedar Creek II",WT,40.949192,-103.770088,9xkgmv
"Cedar Creek II",WT,40.890694,-103.84819,9xkgmv
"Cedar Creek II",WT,40.933994,-103.823189,9xkgmv
"Cedar Creek II",WT,40.973492,-103.699188,9xkgmv
"Cedar Creek II",WT,40.931568,-103.792122,9xkgmv
"Cedar Creek II",WT,40.896893,-103.81189,9xkgmv
"Cedar Creek II",WT,40.901592,-103.849289,9xkgmv
"Cedar Creek II",WT,40.943691,-103.834587,9xkgmv
"Cedar Creek II",WT,40.936295,-103.782593,9xkgmv
"Cedar Creek II",WT,40.881294,-103.820091,9xkgmv
"Cedar Creek II",WT,40.946995,-103.74659,9xkgmv
"Cedar Creek",WT,40.823593,-104.058594,9xkgmv
"Panorama Wind",WT,40.974827,-103.805428,9xkgmv
"Cedar Creek",WT,40.965591,-104.035889,9xkgmv
"Panorama Wind",WT,40.943611,-103.898834,9xkgmv
"Cedar Creek II",WT,40.897293,-103.743187,9xkgmv
"Cedar Creek II",WT,40.926094,-103.842987,9xkgmv
"Cedar Creek II",WT,40.942093,-103.761093,9xkgmv
"Cedar Creek II",WT,40.959793,-103.776688,9xkgmv
"Cedar Creek",WT,40.847794,-104.054092,9xkgmv
"Cedar Creek II",WT,40.876694,-103.81089,9xkgmv
"Cedar Creek II",WT,40.938793,-103.713692,9xkgmv
"Cedar Creek",WT,40.856194,-104.101288,9xkgmv
"Cedar Creek II",WT,40.946194,-103.813187,9xkgmv
"Cedar Creek II",WT,40.933193,-103.723289,9xkgmv
"Cedar Creek II",WT,40.931694,-103.824287,9xkgmv
"Cedar Creek II",WT,40.900192,-103.742088,9xkgmv
"Cedar Creek II",WT,40.960491,-103.770691,9xkgmv
"Panorama Wind",WT,40.992367,-103.880409,9xkgmv
"Cedar Creek",WT,40.880802,-104.065109,9xkgmv
"Panorama Wind",WT,40.934029,-103.914009,9xkgmv
"Panorama Wind",WT,40.981472,-103.892258,9xkgmv
"Panorama Wind",WT,40.998207,-103.912384,9xkgmv
"Panorama Wind",WT,40.973099,-103.926216,9xkgmv
"Panorama Wind",WT,40.969891,-103.940353,9xkgmv
"Panorama Wind",WT,40.983051,-103.818031,9xkgmv
"Cedar Creek",WT,40.841293,-104.089188,9xkgmv
"Cedar Creek",WT,40.862194,-104.045288,9xkgmv
"Cedar Creek",WT,40.909393,-103.947693,9xkgmv
"Cedar Creek",WT,40.873852,-104.07193,9xkgmv
"Cedar Creek II",WT,40.905693,-103.736389,9xkgmv
"Cedar Creek II",WT,40.912193,-103.78849,9xkgmv
"Cedar Creek II",WT,40.923992,-103.857391,9xkgmv
"Panorama Wind",WT,40.976513,-103.941643,9xkgmv
"Panorama Wind",WT,40.99971,-103.895348,9xkgmv
"Panorama Wind",WT,40.994087,-103.930717,9xkgmv
"Panorama Wind",WT,40.985237,-103.888718,9xkgmv
"Panorama Wind",WT,40.958805,-103.956955,9xkgmv
"Panorama Wind",WT,40.985432,-103.963623,9xkgmv
"Panorama Wind",WT,40.994976,-103.873886,9xkgmv
"Panorama Wind",WT,40.976513,-103.948547,9xkgmv
"Panorama Wind",WT,40.987366,-103.958794,9xkgmv
"Panorama Wind",WT,40.94894,-103.945808,9xkgmv
"Panorama Wind",WT,40.999123,-103.905357,9xkgmv
"Panorama Wind",WT,40.957932,-103.861572,9xkgmv
"Panorama Wind",WT,40.959492,-103.899872,9xkgmv
"Panorama Wind",WT,40.98896,-103.8853,9xkgmv
"Panorama Wind",WT,40.951496,-103.876968,9xkgmv
"Panorama Wind",WT,40.978184,-103.82756,9xkgmv
"Cedar Creek",WT,40.900093,-104.050087,9xkgmv
"Panorama Wind",WT,40.952438,-103.871513,9xkgmv
"Panorama Wind",WT,40.974445,-103.894371,9xkgmv
"Panorama Wind",WT,40.95826,-103.90448,9xkgmv
"Cedar Creek",WT,40.872654,-104.073608,9xkgmv
"Panorama Wind",WT,40.972301,-103.930946,9xkgmv
"Panorama Wind",WT,40.93515,-103.909164,9xkgmv
"Panorama Wind",WT,40.95874,-103.962326,9xkgmv
"Cedar Creek II",WT,40.871792,-103.859291,9xkgmv
"Cedar Creek",WT,40.861195,-104.024788,9xkgmv
"Cedar Creek",WT,40.871094,-104.01889,9xkgmv
"Cedar Creek",WT,40.884792,-104.08889,9xkgmv
"Cedar Creek",WT,40.830593,-104.056488,9xkgmv
"Cedar Creek",WT,40.914063,-103.943794,9xkgmv
"Cedar Creek",WT,40.941494,-104.045692,9xkgmv
"Cedar Creek",WT,40.891392,-104.093689,9xkgmv
"Cedar Creek",WT,40.916092,-103.921791,9xkgmv
"Cedar Creek",WT,40.905693,-103.913193,9xkgmv
"Cedar Creek",WT,40.868366,-104.080101,9xkgmv
"Cedar Creek",WT,40.945393,-104.039993,9xkgmv
"Cedar Creek",WT,40.901493,-103.898293,9xkgmv
"Panorama Wind",WT,40.94862,-103.894417,9xkgmv
"Panorama Wind",WT,40.951954,-103.936333,9xkgmv
"Panorama Wind",WT,40.944061,-103.865631,9xkgmv
"Panorama Wind",WT,40.984207,-103.968803,9xkgmv
"Panorama Wind",WT,40.94775,-103.951111,9xkgmv
"Panorama Wind",WT,40.950386,-103.941193,9xkgmv
"Panorama Wind",WT,40.964157,-103.853615,9xkgmv
"Panorama Wind",WT,40.981586,-103.823662,9xkgmv
"Cedar Creek",WT,40.946892,-104.037392,9xkgmv
"Cedar Creek",WT,40.868294,-104.093086,9xkgmv
"Panorama Wind",WT,40.933823,-103.91983,9xkgmv
"Panorama Wind",WT,40.941132,-103.902565,9xkgmv
"Panorama Wind",WT,40.996922,-103.9198,9xkgmv
"Panorama Wind",WT,40.968422,-103.947693,9xkgmv
"Panorama Wind",WT,40.954372,-103.931625,9xkgmv
"Panorama Wind",WT,40.954464,-103.970474,9xkgmv
"Panorama Wind",WT,40.944286,-103.955856,9xkgmv
"Cedar Creek",WT,40.963795,-104.038391,9xkgmv
"Cedar Creek",WT,40.900433,-103.900261,9xkgmv
"Cedar Creek",WT,40.875195,-103.917892,9xkgmv
"Cedar Creek",WT,40.90876,-103.963333,9xkgmv
"Cedar Creek",WT,40.922092,-103.973389,9xkgmv
"Panorama Wind",WT,40.971466,-103.817101,9xkgmv
"Panorama Wind",WT,40.965614,-103.930984,9xkgmv
"Cedar Creek",WT,40.899632,-103.92614,9xkgmv
"Cedar Creek",WT,40.902092,-103.916786,9xkgmv
"Cedar Creek",WT,40.867592,-104.060989,9xkgmv
"Cedar Creek",WT,40.856094,-104.027786,9xkgmv
"Cedar Creek",WT,40.844997,-104.032646,9xkgmv
"Cedar Creek",WT,40.840294,-104.091187,9xkgmv
"Cedar Creek",WT,40.879318,-103.904808,9xkgmv
"Cedar Creek",WT,40.894691,-104.023788,9xkgmv
"Cedar Creek",WT,40.921593,-104.075989,9xkgmv
"Cedar Creek",WT,40.882992,-104.031792,9xkgmv
"Cedar Creek",WT,40.852291,-104.103989,9xkgmv
"Cedar Creek",WT,40.869194,-104.019287,9xkgmv
"Cedar Creek",WT,40.837292,-104.064491,9xkgmv
"Cedar Creek",WT,40.923393,-104.074287,9xkgmv
"Cedar Creek",WT,40.865547,-104.061951,9xkgmv
"Cedar Creek",WT,40.859993,-104.045593,9xkgmv
"Cedar Creek",WT,40.876392,-104.016388,9xkgmv
"Cedar Creek",WT,40.896793,-103.92939,9xkgmv
"Panorama Wind",WT,40.97303,-103.810974,9xkgmv
"Cedar Creek",WT,40.897705,-103.988144,9xkgmv
"Cedar Creek",WT,40.901093,-104.101593,9xkgmv
"Cedar Creek",WT,40.969193,-104.031693,9xkgmv
"Cedar Creek",WT,40.890892,-103.999191,9xkgmv
"Spring Canyon Expansion",WT,40.996132,-102.967934,9xkgmv
"Spring Canyon",WT,40.954094,-103.047691,9xkgmv
"Spring Canyon Expansion",WT,41.000233,-102.988434,9xkgmv
"Peetz Table Wind Farm",WT,40.936893,-103.175491,9xkgmv
"Peetz Table Wind Farm",WT,40.944271,-103.173836,9xkgmv
"Peetz Table Wind Farm",WT,40.945892,-103.161987,9xkgmv
"Peetz Table Wind Farm",WT,40.942719,-103.144554,9xkgmv
"Peetz Table Wind Farm",WT,40.939625,-103.138344,9xkgmv
"Peetz Table Wind Farm",WT,40.952309,-103.149048,9xkgmv
"Peetz Table Wind Farm",WT,40.950169,-103.157028,9xkgmv
"Peetz Table Wind Farm",WT,40.953636,-103.166969,9xkgmv
"Peetz Table Wind Farm",WT,40.944794,-103.164993,9xkgmv
"Peetz Table Wind Farm",WT,40.935272,-103.185669,9xkgmv
"Peetz Table Wind Farm",WT,40.93539,-103.178169,9xkgmv
"Peetz Table Wind Farm",WT,40.935295,-103.189789,9xkgmv
"Peetz Table Wind Farm",WT,40.938663,-103.14006,9xkgmv
"Peetz Table Wind Farm",WT,40.935089,-103.161934,9xkgmv
"Peetz Table Wind Farm",WT,40.935635,-103.182198,9xkgmv
"Peetz Table Wind Farm",WT,40.938873,-103.155075,9xkgmv
"Peetz Table Wind Farm",WT,40.95319,-103.14579,9xkgmv
"Peetz Table Wind Farm",WT,40.954948,-103.139061,9xkgmv
"Peetz Table Wind Farm",WT,40.955437,-103.164566,9xkgmv
"Peetz Table Wind Farm",WT,40.948017,-103.159561,9xkgmv
"Peetz Table Wind Farm",WT,40.945618,-103.186249,9xkgmv
"Peetz Table Wind Farm",WT,40.936729,-103.160126,9xkgmv
"Peetz Table Wind Farm",WT,40.939793,-103.14949,9xkgmv
"Northeast Colorado Wind",WT,40.987293,-102.921989,9xkgmv
"Peetz Table Wind Farm",WT,40.951492,-103.171089,9xkgmv
"Peetz Table",WT,40.975094,-103.433792,9xkgmv
"Peetz Table",WT,40.942692,-103.250992,9xkgmv
"Peetz Table",WT,40.974094,-103.457687,9xkgmv
"Peetz Table",WT,40.984795,-103.470192,9xkgmv
"Peetz Table",WT,40.898994,-103.207687,9xkgmv
"Peetz Table",WT,40.917694,-103.244888,9xkgmv
"Peetz Table Wind Farm",WT,40.943634,-103.16803,9xkgmv
"Peetz Table",WT,40.971992,-103.225792,9xkgmv
"Peetz Table",WT,40.992294,-103.517693,9xkgmv
"Peetz Table",WT,40.955692,-103.293091,9xkgmv
"Peetz Table Wind Farm",WT,40.955807,-103.135704,9xkgmv
"Peetz Table",WT,40.966492,-103.373688,9xkgmv
"Peetz Table",WT,40.966991,-103.34549,9xkgmv
"Peetz Table",WT,40.985294,-103.232887,9xkgmv
"Peetz Table",WT,40.983692,-103.180191,9xkgmv
"Peetz Table",WT,40.980091,-103.420288,9xkgmv
"Peetz Table",WT,40.979195,-103.314888,9xkgmv
"Peetz Table",WT,40.986294,-103.273491,9xkgmv
"Peetz Table",WT,40.979393,-103.40419,9xkgmv
"Peetz Table",WT,40.966091,-103.388489,9xkgmv
"Peetz Table",WT,40.952793,-103.363693,9xkgmv
"Peetz Table",WT,40.945194,-103.219994,9xkgmv
"Peetz Table",WT,40.958591,-103.258293,9xkgmv
"Peetz Table Wind Farm",WT,40.938892,-103.151093,9xkgmv
"Peetz Table Wind Farm",WT,40.954094,-103.142387,9xkgmv
"Peetz Table Wind Farm",WT,40.941452,-103.135719,9xkgmv
"Northeast Colorado Wind",WT,40.980793,-102.80439,9xkgmv
"Northeast Colorado Wind",WT,40.990494,-102.917587,9xkgmv
"Northeast Colorado Wind",WT,40.963993,-102.935791,9xkgmv
"Northeast Colorado Wind",WT,40.986195,-102.839088,9xkgmv
"Northeast Colorado Wind",WT,40.976494,-102.839592,9xkgmv
"Northeast Colorado Wind",WT,40.995293,-102.927589,9xkgmv
"Northeast Colorado Wind",WT,40.973492,-102.841988,9xkgmv
"Northeast Colorado Wind",WT,40.991592,-102.801292,9xkgmv
"Northeast Colorado Wind",WT,40.970394,-102.899292,9xkgmv
"Northeast Colorado Wind",WT,40.999794,-102.781593,9xkgmv
"Northeast Colorado Wind",WT,40.998493,-102.79319,9xkgmv
"Northeast Colorado Wind",WT,40.958092,-102.907387,9xkgmv
"Northeast Colorado Wind",WT,40.973194,-102.845589,9xkgmv
"Northeast Colorado Wind",WT,40.985794,-102.84359,9xkgmv
"Northeast Colorado Wind",WT,40.973793,-102.830292,9xkgmv
"Northeast Colorado Wind",WT,40.960194,-102.911293,9xkgmv
"Peetz Table",WT,40.958492,-103.271294,9xkgmv
"Peetz Table",WT,40.967491,-103.207291,9xkgmv
"Peetz Table",WT,40.988194,-103.393494,9xkgmv
"Peetz Table",WT,40.990494,-103.494888,9xkgmv
"Peetz Table",WT,40.982792,-103.432991,9xkgmv
"Peetz Table",WT,40.997936,-103.477119,9xkgmv
"Northeast Colorado Wind",WT,40.946095,-102.925491,9xkgmv
"Peetz Table",WT,40.931194,-103.231293,9xkgmv
"Northeast Colorado Wind",WT,40.998592,-102.917587,9xkgmv
"Northeast Colorado Wind",WT,40.961094,-102.915993,9xkgmv
"Peetz Table Wind Farm",WT,40.947891,-103.181091,9xkgmv
"Peetz Table Wind Farm",WT,40.942493,-103.147293,9xkgmv
"Peetz Table Wind Farm",WT,40.944073,-103.189857,9xkgmv
"Peetz Table Wind Farm",WT,40.937992,-103.15889,9xkgmv
"Peetz Table",WT,40.985794,-103.218689,9xkgmv
"Peetz Table",WT,40.986393,-103.480392,9xkgmv
"Peetz Table",WT,40.958694,-103.207191,9xkgmv
"Northeast Colorado Wind",WT,40.976791,-102.930489,9xkgmv
"Northeast Colorado Wind",WT,40.987194,-102.883492,9xkgmv
"Northeast Colorado Wind",WT,40.971092,-102.895889,9xkgmv
"Peetz Table",WT,40.967793,-103.312691,9xkgmv
"Northeast Colorado Wind",WT,40.987892,-102.862289,9xkgmv
"Northeast Colorado Wind",WT,40.999794,-102.78569,9xkgmv
"Northeast Colorado Wind",WT,40.974594,-102.891792,9xkgmv
"Northeast Colorado Wind",WT,40.976093,-102.868393,9xkgmv
"Northeast Colorado Wind",WT,40.988995,-102.82959,9xkgmv
"Northeast Colorado Wind",WT,40.974491,-102.933289,9xkgmv
"Northeast Colorado Wind",WT,40.961292,-102.895988,9xkgmv
"Northeast Colorado Wind",WT,40.988293,-102.878189,9xkgmv
"Northeast Colorado Wind",WT,40.980293,-102.800888,9xkgmv
"Northeast Colorado Wind",WT,40.976791,-102.873993,9xkgmv
"Northeast Colorado Wind",WT,40.959991,-102.899292,9xkgmv
"Northeast Colorado Wind",WT,40.982094,-102.794693,9xkgmv
"Peetz Table",WT,40.966694,-103.354591,9xkgmv
"Peetz Table",WT,40.979992,-103.156288,9xkgmv
"Peetz Table",WT,40.971592,-103.262192,9xkgmv
"High Plains",WT,41.689392,-105.992592,9xkgmv
"High Plains",WT,41.682892,-105.997086,9xkgmv
"High Plains",WT,41.662594,-106.05719,9xkgmv
"High Plains",WT,41.662994,-106.018288,9xkgmv
"High Plains",WT,41.683693,-105.981888,9xkgmv
"High Plains",WT,41.673695,-105.982986,9xkgmv
"High Plains",WT,41.674892,-105.966286,9xkgmv
"High Plains",WT,41.673092,-106.039986,9xkgmv
"High Plains",WT,41.685692,-105.970093,9xkgmv
"High Plains",WT,41.667992,-106.057487,9xkgmv
"High Plains",WT,41.663692,-106.007286,9xkgmv
"High Plains",WT,41.672592,-105.997589,9xkgmv
"High Plains",WT,41.671993,-105.983086,9xkgmv
"High Plains",WT,41.675892,-105.997688,9xkgmv
"High Plains",WT,41.680794,-105.997688,9xkgmv
"High Plains",WT,41.678093,-105.968086,9xkgmv
"High Plains",WT,41.679794,-106.039986,9xkgmv
"High Plains",WT,41.687992,-105.991692,9xkgmv
"High Plains",WT,41.680794,-105.980888,9xkgmv
"High Plains",WT,41.668392,-106.007889,9xkgmv
"High Plains",WT,41.682194,-105.981392,9xkgmv
"High Plains",WT,41.665394,-106.007088,9xkgmv
"High Plains",WT,41.678093,-106.039688,9xkgmv
"High Plains",WT,41.675793,-106.029991,9xkgmv
"High Plains",WT,41.676495,-106.039787,9xkgmv
"High Plains",WT,41.677292,-105.981689,9xkgmv
"High Plains",WT,41.659092,-106.057091,9xkgmv
"High Plains",WT,41.666893,-106.007492,9xkgmv
"High Plains",WT,41.676495,-105.967888,9xkgmv
"High Plains",WT,41.667393,-106.019989,9xkgmv
"High Plains",WT,41.684994,-105.983086,9xkgmv
"High Plains",WT,41.686092,-105.992386,9xkgmv
"High Plains",WT,41.690792,-105.993187,9xkgmv
"High Plains",WT,41.666191,-106.057388,9xkgmv
"High Plains",WT,41.669994,-106.04409,9xkgmv
"High Plains",WT,41.683392,-106.015587,9xkgmv
"High Plains",WT,41.665794,-106.019592,9xkgmv
"High Plains",WT,41.669792,-106.008492,9xkgmv
"High Plains",WT,41.679092,-105.997688,9xkgmv
"High Plains",WT,41.684792,-106.016487,9xkgmv
"High Plains",WT,41.664291,-106.019188,9xkgmv
"High Plains",WT,41.664394,-106.057289,9xkgmv
"High Plains",WT,41.685593,-106.026291,9xkgmv
"High Plains",WT,41.668392,-106.04409,9xkgmv
"High Plains",WT,41.674294,-105.997688,9xkgmv
"High Plains",WT,41.674091,-106.029289,9xkgmv
"High Plains",WT,41.674793,-106.039886,9xkgmv
"High Plains",WT,41.657192,-106.056992,9xkgmv
"High Plains",WT,41.666794,-106.043991,9xkgmv
"Peetz Table",WT,40.953194,-103.348686,9xkgmv
"High Plains",WT,41.660793,-106.05719,9xkgmv
"High Plains",WT,41.668892,-106.020187,9xkgmv
"McFadden Ridge",WT,41.649994,-106.059792,9xkgmv
"McFadden Ridge",WT,41.657494,-106.028389,9xkgmv
"McFadden Ridge",WT,41.654892,-106.037788,9xkgmv
"McFadden Ridge",WT,41.674194,-106.009888,9xkgmv
"McFadden Ridge",WT,41.648792,-106.030289,9xkgmv
"McFadden Ridge",WT,41.653492,-106.056992,9xkgmv
"McFadden Ridge",WT,41.645493,-106.032188,9xkgmv
"Northeast Colorado Wind",WT,40.958492,-102.882889,9xkgmv
"Northeast Colorado Wind",WT,40.963795,-102.931488,9xkgmv
"Northeast Colorado Wind",WT,40.987095,-102.833687,9xkgmv
"McFadden Ridge",WT,41.653992,-106.027588,9xkgmv
"Northeast Colorado Wind",WT,40.990494,-102.809486,9xkgmv
"Niyol Wind",WT,40.639732,-102.986839,9xkgmv
"Northeast Colorado Wind",WT,40.989292,-102.816193,9xkgmv
"Northeast Colorado Wind",WT,40.970993,-102.915993,9xkgmv
"Peetz Table",WT,40.979195,-103.428886,9xkgmv
"Peetz Table",WT,40.991493,-103.50309,9xkgmv
"Peetz Table",WT,40.973694,-103.445091,9xkgmv
"Peetz Table",WT,40.996494,-103.393692,9xkgmv
"Peetz Table",WT,40.925293,-103.28009,9xkgmv
"Peetz Table",WT,40.972893,-103.326988,9xkgmv
"Peetz Table",WT,40.951992,-103.341492,9xkgmv
"Niyol Wind",WT,40.529427,-103.024895,9xkgmv
"High Plains",WT,41.682594,-105.969589,9xkgmv
"McFadden Ridge",WT,41.643192,-106.033989,9xkgmv
"High Plains",WT,41.679691,-105.968086,9xkgmv
"High Plains",WT,41.683994,-106.026291,9xkgmv
"High Plains",WT,41.681393,-105.967987,9xkgmv
"High Plains",WT,41.670994,-106.010185,9xkgmv
"High Plains",WT,41.682293,-106.026489,9xkgmv
"High Plains",WT,41.675392,-105.982491,9xkgmv
"High Plains",WT,41.669994,-106.030891,9xkgmv
"High Plains",WT,41.677494,-105.997688,9xkgmv
"High Plains",WT,41.681393,-106.04039,9xkgmv
"High Plains",WT,41.679192,-105.980789,9xkgmv
"High Plains",WT,41.672092,-106.029091,9xkgmv
"McFadden Ridge",WT,41.672592,-106.010086,9xkgmv
"High Plains",WT,41.680695,-106.026489,9xkgmv
"High Plains",WT,41.671093,-106.020691,9xkgmv
"McFadden Ridge",WT,41.650993,-106.02919,9xkgmv
"McFadden Ridge",WT,41.662891,-106.043991,9xkgmv
"McFadden Ridge",WT,41.648392,-106.058891,9xkgmv
"McFadden Ridge",WT,41.652794,-106.037788,9xkgmv
"McFadden Ridge",WT,41.657593,-106.043892,9xkgmv
"McFadden Ridge",WT,41.664791,-106.043991,9xkgmv
"McFadden Ridge",WT,41.655392,-106.056992,9xkgmv
"McFadden Ridge",WT,41.655994,-106.027489,9xkgmv
"McFadden Ridge",WT,41.659794,-106.043892,9xkgmv
"High Plains",WT,41.683792,-105.971191,9xkgmv
"Spring Canyon Expansion",WT,40.980492,-103.003311,9xkgmv
"Northeast Colorado Wind",WT,40.976894,-102.825188,9xkgmv
"Northeast Colorado Wind",WT,40.975494,-102.862587,9xkgmv
"Peetz Table",WT,40.917892,-103.284988,9xkgmv
"Peetz Table",WT,40.957092,-103.339394,9xkgmv
"Peetz Table",WT,40.952991,-103.324692,9xkgmv
"Peetz Table",WT,40.939693,-103.301987,9xkgmv
"Peetz Table",WT,40.963692,-103.389389,9xkgmv
"Peetz Table",WT,40.958092,-103.242889,9xkgmv
"Peetz Table",WT,40.927395,-103.270691,9xkgmv
"Peetz Table",WT,40.982895,-103.315193,9xkgmv
"Peetz Table",WT,40.915894,-103.254692,9xkgmv
"Peetz Table",WT,40.907993,-103.250893,9xkgmv
"Peetz Table",WT,40.928894,-103.244591,9xkgmv
"Peetz Table",WT,40.958393,-103.264793,9xkgmv
"Peetz Table",WT,40.985794,-103.200592,9xkgmv
"Peetz Table",WT,40.993393,-103.52919,9xkgmv
"Peetz Table",WT,40.955894,-103.31089,9xkgmv
"Peetz Table",WT,40.953293,-103.345291,9xkgmv
"Northeast Colorado Wind",WT,40.978893,-102.836487,9xkgmv
"Northeast Colorado Wind",WT,40.989391,-102.823593,9xkgmv
"Northeast Colorado Wind",WT,40.974491,-102.853592,9xkgmv
"Northeast Colorado Wind",WT,40.997395,-102.796494,9xkgmv
"Northeast Colorado Wind",WT,40.988194,-102.868088,9xkgmv
"Peetz Table",WT,40.944492,-103.231293,9xkgmv
"Peetz Table",WT,40.970192,-103.203293,9xkgmv
"Peetz Table",WT,40.979794,-103.466187,9xkgmv
"Peetz Table",WT,40.987694,-103.495193,9xkgmv
"Peetz Table",WT,40.981194,-103.164688,9xkgmv
"Peetz Table",WT,40.914093,-103.222389,9xkgmv
"Peetz Table",WT,40.984093,-103.485191,9xkgmv
"Peetz Table",WT,40.986195,-103.26339,9xkgmv
"Peetz Table",WT,40.973194,-103.451591,9xkgmv
"Peetz Table",WT,40.971493,-103.199089,9xkgmv
"Peetz Table",WT,40.908295,-103.240189,9xkgmv
"Peetz Table",WT,40.985794,-103.22509,9xkgmv
"Peetz Table",WT,40.972294,-103.237991,9xkgmv
"Peetz Table",WT,40.957092,-103.335693,9xkgmv
"Northeast Colorado Wind",WT,40.971191,-102.907494,9xkgmv
"Peetz Table",WT,40.897293,-103.224586,9xkgmv
"Peetz Table",WT,40.903492,-103.220192,9xkgmv
"Peetz Table",WT,40.942894,-103.240891,9xkgmv
"Peetz Table",WT,40.929295,-103.23999,9xkgmv
"Peetz Table",WT,40.943993,-103.225792,9xkgmv
"Peetz Table",WT,40.940094,-103.297394,9xkgmv
"Peetz Table",WT,40.986492,-103.244591,9xkgmv
"Peetz Table",WT,40.998493,-103.378891,9xkgmv
"Peetz Table",WT,40.929394,-103.235893,9xkgmv
"Peetz Table",WT,40.979694,-103.41169,9xkgmv
"Peetz Table",WT,40.952892,-103.301888,9xkgmv
"Peetz Table",WT,40.998394,-103.458092,9xkgmv
"Spring Canyon Expansion",WT,40.998573,-103.00853,9xkgmv
"Spring Canyon Expansion",WT,40.997364,-102.998299,9xkgmv
"Spring Canyon Expansion",WT,40.984703,-103.084312,9xkgmv
"Peetz Table",WT,40.975594,-103.307693,9xkgmv
"Peetz Table",WT,40.977795,-103.45079,9xkgmv
"Peetz Table",WT,40.953793,-103.361488,9xkgmv
"Peetz Table",WT,40.915691,-103.272392,9xkgmv
"Peetz Table",WT,40.976791,-103.465088,9xkgmv
"Spring Canyon Expansion",WT,41.000053,-103.034134,9xkgmv
"Peetz Table",WT,40.957592,-103.238388,9xkgmv
"Peetz Table",WT,40.956394,-103.343788,9xkgmv
"Peetz Table",WT,40.986294,-103.268593,9xkgmv
"Peetz Table",WT,40.967293,-103.392593,9xkgmv
"Peetz Table",WT,40.972694,-103.454887,9xkgmv
"Peetz Table",WT,40.998093,-103.463593,9xkgmv
"Peetz Table",WT,40.989292,-103.337692,9xkgmv
"Peetz Table",WT,40.928394,-103.249687,9xkgmv
"Peetz Table",WT,40.984692,-103.213791,9xkgmv
"Peetz Table",WT,40.954193,-103.366493,9xkgmv
"Peetz Table",WT,40.941792,-103.289192,9xkgmv
"Peetz Table",WT,40.974293,-103.194092,9xkgmv
"Peetz Table",WT,40.986591,-103.25219,9xkgmv
"Peetz Table",WT,40.967094,-103.341187,9xkgmv
"Peetz Table",WT,40.968994,-103.387489,9xkgmv
"Peetz Table",WT,40.972794,-103.447693,9xkgmv
"Peetz Table",WT,40.983395,-103.46669,9xkgmv
"Peetz Table",WT,40.989693,-103.465088,9xkgmv
"Peetz Table",WT,40.979591,-103.424492,9xkgmv
"Peetz Table",WT,40.982693,-103.320892,9xkgmv
"Spring Canyon Expansion",WT,40.954262,-103.015549,9xkgmv
"Spring Canyon Expansion",WT,41.000172,-102.944969,9xkgmv
"Spring Canyon Expansion",WT,40.992012,-103.007431,9xkgmv
"Spring Canyon Expansion",WT,40.991814,-103.031799,9xkgmv
"Spring Canyon Expansion",WT,40.991955,-102.977287,9xkgmv
"Spring Canyon Expansion",WT,40.976513,-103.048851,9xkgmv
"Spring Canyon Expansion",WT,40.987843,-103.017197,9xkgmv
"Spring Canyon Expansion",WT,40.957382,-103.02256,9xkgmv
"Spring Canyon Expansion",WT,40.984722,-103.024139,9xkgmv
"Spring Canyon Expansion",WT,40.995125,-102.963127,9xkgmv
"Peetz Table",WT,40.951794,-103.351692,9xkgmv
"Spring Canyon Expansion",WT,40.999863,-102.954552,9xkgmv
"Spring Canyon Expansion",WT,40.997433,-103.015137,9xkgmv
"Niyol Wind",WT,40.593479,-102.931267,9xkgmv
"Peetz Table",WT,40.989094,-103.519089,9xkgmv
"Peetz Table",WT,40.943192,-103.236687,9xkgmv
"Peetz Table",WT,40.983593,-103.481087,9xkgmv
"Peetz Table",WT,40.997692,-103.390091,9xkgmv
"Peetz Table",WT,40.957394,-103.378487,9xkgmv
"Peetz Table",WT,40.998295,-103.38279,9xkgmv
"Peetz Table",WT,40.969994,-103.30909,9xkgmv
"Peetz Table",WT,40.907291,-103.262489,9xkgmv
"Spring Canyon Expansion",WT,40.975479,-103.053627,9xkgmv
"Peetz Table",WT,40.928795,-103.258591,9xkgmv
"Peetz Table",WT,40.941193,-103.282387,9xkgmv
"Peetz Table",WT,40.982193,-103.174789,9xkgmv
"Peetz Table",WT,40.995792,-103.495087,9xkgmv
"Peetz Table",WT,40.906792,-103.273193,9xkgmv
"Peetz Table",WT,40.955292,-103.37439,9xkgmv
"Peetz Table",WT,40.942192,-103.263786,9xkgmv
"Peetz Table",WT,40.909492,-103.235291,9xkgmv
"Peetz Table",WT,40.998795,-103.374992,9xkgmv
"Peetz Table",WT,40.978493,-103.399788,9xkgmv
"Peetz Table",WT,40.955894,-103.233391,9xkgmv
"Peetz Table",WT,40.998993,-103.367188,9xkgmv
"Peetz Table",WT,40.942192,-103.269592,9xkgmv
"Peetz Table",WT,40.972794,-103.307892,9xkgmv
"Peetz Table",WT,40.995995,-103.490288,9xkgmv
"Peetz Table",WT,40.951092,-103.358192,9xkgmv
"Peetz Table",WT,40.905094,-103.203392,9xkgmv
"Peetz Table",WT,40.953995,-103.297592,9xkgmv
"Peetz Table",WT,40.979794,-103.308189,9xkgmv
"Peetz Table",WT,40.980293,-103.160789,9xkgmv
"Peetz Table",WT,40.968292,-103.213593,9xkgmv
"Peetz Table",WT,40.996693,-103.481293,9xkgmv
"Peetz Table",WT,40.930092,-103.226089,9xkgmv
"Peetz Table",WT,40.958092,-103.288689,9xkgmv
"Peetz Table",WT,40.979294,-103.44519,9xkgmv
"Peetz Table",WT,40.970093,-103.392593,9xkgmv
"Peetz Table",WT,40.990494,-103.520988,9xkgmv
"Peetz Table",WT,40.984192,-103.413193,9xkgmv
"Peetz Table",WT,40.996994,-103.31469,9xkgmv
"Northeast Colorado Wind",WT,40.999393,-102.789589,9xkgmv
"Northeast Colorado Wind",WT,40.976093,-102.819893,9xkgmv
"Northeast Colorado Wind",WT,40.981194,-102.913788,9xkgmv
"Northeast Colorado Wind",WT,40.979492,-102.797188,9xkgmv
"Northeast Colorado Wind",WT,40.946194,-102.921288,9xkgmv
"Northeast Colorado Wind",WT,40.988094,-102.897087,9xkgmv
"Northeast Colorado Wind",WT,40.983292,-102.929588,9xkgmv
"Northeast Colorado Wind",WT,40.966293,-102.928192,9xkgmv
"Northeast Colorado Wind",WT,40.999893,-102.922592,9xkgmv
"Northeast Colorado Wind",WT,40.991692,-102.910492,9xkgmv
"Peetz Table",WT,40.977592,-103.319191,9xkgmv
"Northeast Colorado Wind",WT,40.972492,-102.857391,9xkgmv
"Northeast Colorado Wind",WT,40.991592,-102.906487,9xkgmv
"Northeast Colorado Wind",WT,40.975792,-102.880089,9xkgmv
"Northeast Colorado Wind",WT,40.987793,-102.872887,9xkgmv
"Northeast Colorado Wind",WT,40.968391,-102.922188,9xkgmv
"Northeast Colorado Wind",WT,40.973694,-102.849487,9xkgmv
"Northeast Colorado Wind",WT,40.970291,-102.919594,9xkgmv
"Northeast Colorado Wind",WT,40.989292,-102.812592,9xkgmv
"Peetz Table",WT,40.907494,-103.25869,9xkgmv
"Peetz Table",WT,40.941494,-103.277893,9xkgmv
"Peetz Table",WT,40.981495,-103.147392,9xkgmv
"Northeast Colorado Wind",WT,40.989792,-102.930389,9xkgmv
"Northeast Colorado Wind",WT,40.959293,-102.886391,9xkgmv
"Peetz Table",WT,40.955395,-103.216988,9xkgmv
"Peetz Table",WT,40.975693,-103.323288,9xkgmv
"Peetz Table",WT,40.987194,-103.398392,9xkgmv
"Peetz Table",WT,40.967995,-103.337791,9xkgmv
"Peetz Table",WT,40.911991,-103.226692,9xkgmv
"Peetz Table",WT,40.972092,-103.387489,9xkgmv
"Peetz Table",WT,40.998894,-103.371193,9xkgmv
"Peetz Table",WT,40.983494,-103.42849,9xkgmv
"Peetz Table",WT,40.946194,-103.316887,9xkgmv
"Peetz Table",WT,40.991493,-103.333687,9xkgmv
"Peetz Table",WT,40.972794,-103.251488,9xkgmv
"Peetz Table",WT,40.910393,-103.230888,9xkgmv
"Peetz Table",WT,40.917492,-103.240189,9xkgmv
"Peetz Table",WT,40.946995,-103.353188,9xkgmv
"Peetz Table",WT,40.974293,-103.462593,9xkgmv
"Peetz Table",WT,40.981693,-103.168892,9xkgmv
"Peetz Table",WT,40.971493,-103.269691,9xkgmv
"Peetz Table",WT,40.913692,-103.205788,9xkgmv
"Peetz Table",WT,40.983791,-103.309593,9xkgmv
"Peetz Table",WT,40.969193,-103.378387,9xkgmv
"Peetz Table",WT,40.970493,-103.220589,9xkgmv
"Peetz Table",WT,40.985191,-103.408287,9xkgmv
"Peetz Table",WT,40.997993,-103.308189,9xkgmv
"Peetz Table",WT,40.917694,-103.250092,9xkgmv
"Peetz Table",WT,40.979294,-103.407593,9xkgmv
"Peetz Table",WT,40.987694,-103.499191,9xkgmv
"Peetz Table",WT,40.958195,-103.27729,9xkgmv
"Peetz Table",WT,40.909492,-103.206093,9xkgmv
"Peetz Table",WT,40.983292,-103.283386,9xkgmv
"Mountain Breeze",WT,40.994637,-104.002281,9xkgmv
"Northeast Colorado Wind",WT,40.987694,-102.891586,9xkgmv
"Peetz Table",WT,40.986694,-103.491493,9xkgmv
"Peetz Table",WT,40.995193,-103.401489,9xkgmv
"Peetz Table",WT,40.954094,-103.221992,9xkgmv
"Peetz Table",WT,40.984692,-103.205994,9xkgmv
"Colorado Highlands",WT,40.748295,-102.765892,9xkgmv
"Colorado Highlands",WT,40.751194,-102.775192,9xkgmv
"Colorado Highlands",WT,40.725891,-102.773293,9xkgmv
"Peetz Table",WT,40.955994,-103.36879,9xkgmv
"Colorado Highlands",WT,40.757294,-102.743294,9xkgmv
"Colorado Highlands",WT,40.751793,-102.786087,9xkgmv
"Colorado Highlands",WT,40.746994,-102.777786,9xkgmv
"Colorado Highlands",WT,40.723892,-102.730087,9xkgmv
"Colorado Highlands",WT,40.724693,-102.785187,9xkgmv
"Colorado Highlands",WT,40.760693,-102.732193,9xkgmv
"Colorado Highlands",WT,40.720291,-102.750687,9xkgmv
"Colorado Highlands",WT,40.720394,-102.73719,9xkgmv
"Peetz Table",WT,40.970795,-103.289589,9xkgmv
"Peetz Table",WT,40.942692,-103.255692,9xkgmv
"Peetz Table",WT,40.900692,-103.203789,9xkgmv
"Colorado Highlands",WT,40.720394,-102.778793,9xkgmv
"Mountain Breeze",WT,40.978447,-104.055565,9xkgmv
"Spring Canyon Expansion",WT,40.952034,-103.029572,9xkgmv
"Mountain Breeze",WT,40.926521,-104.040787,9xkgmv
"Roundhouse Wind II",WT,41.033573,-105.036423,9xkgmv
"Roundhouse Wind II",WT,41.058239,-105.022629,9xkgmv
"Roundhouse Wind II",WT,41.072887,-104.987816,9xkgmv
"Roundhouse Wind II",WT,41.028183,-104.992744,9xkgmv
"Roundhouse Wind II",WT,41.027409,-105.043289,9xkgmv
"Roundhouse Wind II",WT,41.054039,-104.988029,9xkgmv
"Roundhouse Wind II",WT,41.053608,-105.003098,9xkgmv
"Roundhouse Wind II",WT,41.049046,-105.018311,9xkgmv
"Roundhouse Wind II",WT,41.022171,-105.028252,9xkgmv
"Roundhouse Wind II",WT,41.07859,-105.010368,9xkgmv
"Roundhouse Wind II",WT,41.056595,-104.999672,9xkgmv
"Roundhouse Wind II",WT,41.03727,-105.026283,9xkgmv
"Roundhouse Wind II",WT,41.040264,-104.963333,9xkgmv
"Roundhouse Wind II",WT,41.041435,-105.015968,9xkgmv
"Roundhouse Wind II",WT,41.062698,-105.00808,9xkgmv
"Roundhouse Wind II",WT,41.062538,-104.968338,9xkgmv
"Roundhouse Wind II",WT,41.030144,-105.001968,9xkgmv
"Happy Jack",WT,41.145794,-104.982491,9xkgmv
"Happy Jack",WT,41.139793,-104.997887,9xkgmv
"Happy Jack",WT,41.145695,-104.995293,9xkgmv
"Happy Jack",WT,41.144993,-105.008087,9xkgmv
"Happy Jack",WT,41.141293,-105.008888,9xkgmv
"Happy Jack",WT,41.140892,-104.983788,9xkgmv
"Roundhouse Wind II",WT,41.047802,-105.006859,9xkgmv
"Happy Jack",WT,41.137894,-104.996094,9xkgmv
"Happy Jack",WT,41.142994,-104.995987,9xkgmv
"Happy Jack",WT,41.132492,-104.994293,9xkgmv
"Happy Jack",WT,41.133392,-104.982887,9xkgmv
"Happy Jack",WT,41.139091,-105.00869,9xkgmv
"Roundhouse",WT,41.054668,-105.065994,9xkgmv
"Roundhouse",WT,41.062222,-105.056984,9xkgmv
"Happy Jack",WT,41.135391,-104.994492,9xkgmv
"Roundhouse Wind II",WT,41.06329,-105.0327,9xkgmv
"Roundhouse Wind II",WT,41.026299,-105.017548,9xkgmv
"Roundhouse",WT,41.066769,-105.150543,9xkgmv
"Roundhouse Wind II",WT,41.069065,-104.976921,9xkgmv
"Roundhouse Wind II",WT,41.054691,-105.023117,9xkgmv
"Roundhouse",WT,41.075127,-105.095299,9xkgmv
"Roundhouse",WT,41.079464,-105.085312,9xkgmv
"Roundhouse",WT,41.023911,-105.163017,9xkgmv
"Roundhouse",WT,41.03373,-105.174538,9xkgmv
"Roundhouse",WT,41.048096,-105.176224,9xkgmv
"Roundhouse",WT,41.040588,-105.176826,9xkgmv
"Roundhouse",WT,41.058056,-105.075638,9xkgmv
"Roundhouse",WT,41.089378,-105.045235,9xkgmv
"Roundhouse",WT,41.075611,-105.032578,9xkgmv
"Roundhouse",WT,41.080574,-105.135612,9xkgmv
"Roundhouse",WT,41.036858,-105.165352,9xkgmv
"Roundhouse",WT,41.079895,-105.110115,9xkgmv
"Roundhouse",WT,41.06805,-105.137192,9xkgmv
"Happy Jack",WT,41.135494,-104.984787,9xkgmv
"Roundhouse Wind II",WT,41.067616,-104.988205,9xkgmv
"Roundhouse Wind II",WT,41.067856,-105.004875,9xkgmv
"Roundhouse",WT,41.068752,-105.091026,9xkgmv
"Roundhouse",WT,41.06628,-105.122833,9xkgmv
"Roundhouse",WT,41.07972,-105.121918,9xkgmv
"Roundhouse",WT,41.078129,-105.069473,9xkgmv
"Roundhouse",WT,41.04958,-105.122604,9xkgmv
"Roundhouse",WT,41.067833,-105.068604,9xkgmv
"Roundhouse Wind II",WT,41.040394,-105.00367,9xkgmv
"Roundhouse",WT,41.088127,-105.093315,9xkgmv
"Roundhouse",WT,41.063381,-105.069435,9xkgmv
"Roundhouse",WT,41.080296,-105.098114,9xkgmv
"Roundhouse",WT,41.081558,-105.021484,9xkgmv
"Roundhouse",WT,41.089947,-105.034149,9xkgmv
"Roundhouse",WT,41.08691,-105.115135,9xkgmv
"Roundhouse",WT,41.02853,-105.185997,9xkgmv
"Roundhouse",WT,41.083881,-105.106239,9xkgmv
"Happy Jack",WT,41.143291,-104.98439,9xkgmv
"Glenrock",WT,43.125195,-105.812592,9xkgmv
"Top of the World",WT,42.932392,-105.772186,9xkgmv
"Rolling Hills",WT,43.057095,-105.854187,9xkgmv
"Top of the World",WT,42.951092,-105.737488,9xkgmv
"Top of the World",WT,42.963291,-105.810791,9xkgmv
"Top of the World",WT,42.939693,-105.732292,9xkgmv
"Top of the World",WT,42.990093,-105.783989,9xkgmv
"Top of the World",WT,42.922993,-105.79319,9xkgmv
"Glenrock",WT,43.098991,-105.806992,9xkgmv
"Glenrock",WT,43.043194,-105.821388,9xkgmv
"Glenrock",WT,43.098892,-105.827888,9xkgmv
"Glenrock",WT,43.111992,-105.82299,9xkgmv
"Glenrock",WT,43.011192,-105.795387,9xkgmv
"Glenrock",WT,43.022594,-105.79689,9xkgmv
"Glenrock",WT,43.072594,-105.83519,9xkgmv
"Glenrock",WT,43.101395,-105.810089,9xkgmv
"Glenrock",WT,43.050491,-105.824593,9xkgmv
"Glenrock",WT,43.104294,-105.826889,9xkgmv
"Glenrock",WT,43.048592,-105.819786,9xkgmv
"Glenrock",WT,43.108093,-105.825287,9xkgmv
"Top of the World",WT,42.954891,-105.764687,9xkgmv
"Glenrock",WT,43.046692,-105.819687,9xkgmv
"Glenrock",WT,43.059593,-105.831291,9xkgmv
"Glenrock",WT,43.097591,-105.826691,9xkgmv
"Glenrock",WT,43.019093,-105.795891,9xkgmv
"Top of the World",WT,42.983692,-105.761887,9xkgmv
"Glenrock",WT,43.063194,-105.830688,9xkgmv
"Rolling Hills",WT,43.052692,-105.852386,9xkgmv
"Rolling Hills",WT,42.998295,-105.814186,9xkgmv
"Rolling Hills",WT,43.080994,-105.854088,9xkgmv
"Rolling Hills",WT,42.999893,-105.814186,9xkgmv
"Glenrock",WT,43.105991,-105.826286,9xkgmv
"Glenrock",WT,43.102493,-105.828491,9xkgmv
"Glenrock",WT,43.012691,-105.795792,9xkgmv
"Rolling Hills",WT,42.990494,-105.809692,9xkgmv
"Roundhouse",WT,41.055107,-105.035271,9xkgmv
"Glenrock",WT,43.049492,-105.822289,9xkgmv
"Glenrock",WT,43.100391,-105.828789,9xkgmv
"Top of the World",WT,42.921494,-105.769592,9xkgmv
"Glenrock",WT,43.045094,-105.82029,9xkgmv
"Glenrock",WT,43.066395,-105.83239,9xkgmv
"Glenrock",WT,43.110191,-105.824188,9xkgmv
"Glenrock",WT,43.075893,-105.83519,9xkgmv
"Glenrock",WT,43.008293,-105.791588,9xkgmv
"Top of the World",WT,42.960995,-105.741089,9xkgmv
"Glenrock",WT,43.088894,-105.826286,9xkgmv
"Glenrock",WT,43.009293,-105.793991,9xkgmv
"Top of the World",WT,42.916294,-105.787086,9xkgmv
"Top of the World",WT,42.986393,-105.784988,9xkgmv
"Top of the World",WT,42.903091,-105.752586,9xkgmv
"Top of the World",WT,42.969193,-105.778587,9xkgmv
"Top of the World",WT,42.911194,-105.788589,9xkgmv
"Campbell Hill",WT,43.005795,-106.021187,9xkgmv
"Glenrock",WT,43.053993,-105.830292,9xkgmv
"Top of the World",WT,42.925995,-105.794189,9xkgmv
"Top of the World",WT,42.965393,-105.781487,9xkgmv
"Top of the World",WT,42.984592,-105.784889,9xkgmv
"Top of the World",WT,42.986794,-105.758591,9xkgmv
"Top of the World",WT,42.962791,-105.759789,9xkgmv
"Top of the World",WT,42.957993,-105.785088,9xkgmv
"Top of the World",WT,42.961094,-105.750687,9xkgmv
"Glenrock",WT,43.020893,-105.796692,9xkgmv
"Top of the World",WT,42.967693,-105.759987,9xkgmv
"Top of the World",WT,42.962894,-105.785591,9xkgmv
"Top of the World",WT,42.981293,-105.782486,9xkgmv
"Top of the World",WT,42.947193,-105.732887,9xkgmv
"Top of the World",WT,42.908592,-105.754692,9xkgmv
"Top of the World",WT,42.902294,-105.770287,9xkgmv
"Top of the World",WT,42.993893,-105.784691,9xkgmv
"Top of the World",WT,42.966194,-105.772285,9xkgmv
"Top of the World",WT,42.943592,-105.793289,9xkgmv
"Roundhouse",WT,41.065975,-105.046196,9xkgmv
"Roundhouse",WT,41.075527,-105.10659,9xkgmv
"Roundhouse",WT,41.020844,-105.16967,9xkgmv
"Corriedale Wind Energy Project",WT,41.1133,-104.984009,9xkgmv
"Corriedale Wind Energy Project",WT,41.11235,-105.031662,9xkgmv
"Corriedale Wind Energy Project",WT,41.110493,-105.012619,9xkgmv
"Corriedale Wind Energy Project",WT,41.128662,-105.006645,9xkgmv
"Corriedale Wind Energy Project",WT,41.11097,-104.992378,9xkgmv
"Roundhouse",WT,41.039165,-105.186897,9xkgmv
"Corriedale Wind Energy Project",WT,41.106915,-104.958595,9xkgmv
"Roundhouse",WT,41.084206,-105.12912,9xkgmv
"Corriedale Wind Energy Project",WT,41.105778,-105.016045,9xkgmv
"Corriedale Wind Energy Project",WT,41.123455,-104.993881,9xkgmv
"Corriedale Wind Energy Project",WT,41.12352,-105.01017,9xkgmv
"Roundhouse",WT,41.077019,-105.018684,9xkgmv
"Roundhouse",WT,41.04369,-105.169624,9xkgmv
"Roundhouse",WT,41.094578,-105.126137,9xkgmv
"Corriedale Wind Energy Project",WT,41.097359,-104.956314,9xkgmv
"Roundhouse",WT,41.034744,-105.186554,9xkgmv
"Corriedale Wind Energy Project",WT,41.094601,-104.951401,9xkgmv
"Roundhouse",WT,41.056091,-105.056046,9xkgmv
"Roundhouse",WT,41.062263,-105.108665,9xkgmv
"Roundhouse",WT,41.04438,-105.128708,9xkgmv
"Roundhouse",WT,41.063828,-105.081345,9xkgmv
"Roundhouse",WT,41.049057,-105.133736,9xkgmv
"Roundhouse",WT,41.051418,-105.113632,9xkgmv
"Roundhouse",WT,41.056721,-105.109978,9xkgmv
"Corriedale Wind Energy Project",WT,41.107056,-105.037292,9xkgmv
"Roundhouse",WT,41.07093,-105.041847,9xkgmv
"Roundhouse",WT,41.061691,-105.119949,9xkgmv
"Roundhouse",WT,41.083775,-105.06601,9xkgmv
"Roundhouse",WT,41.073299,-105.132278,9xkgmv
"Roundhouse",WT,41.05888,-105.137062,9xkgmv
"Roundhouse",WT,41.093735,-105.113571,9xkgmv
"Roundhouse",WT,41.044498,-105.184662,9xkgmv
"Roundhouse",WT,41.051472,-105.146988,9xkgmv
"Roundhouse",WT,41.06694,-105.017189,9xkgmv
"Corriedale Wind Energy Project",WT,41.099236,-104.975693,9xkgmv
"Casper Wind Farm",WT,42.891392,-106.216087,9xkgmv
"Peetz Table",WT,40.986195,-103.239388,9xkgmv
"Colorado Highlands",WT,40.735992,-102.782593,9xkgmv
"Colorado Highlands",WT,40.728294,-102.754593,9xkgmv
"Colorado Highlands",WT,40.743793,-102.804893,9xkgmv
"Niyol Wind",WT,40.68124,-102.93676,9xkgmv
"Niyol Wind",WT,40.607197,-103.006088,9xkgmv
"Peetz Table",WT,40.900093,-103.230988,9xkgmv
"Niyol Wind",WT,40.523312,-103.043465,9xkgmv
"Niyol Wind",WT,40.623592,-102.970291,9xkgmv
"Niyol Wind",WT,40.563034,-103.040955,9xkgmv
"Niyol Wind",WT,40.519554,-103.074104,9xkgmv
"Niyol Wind",WT,40.61552,-102.966263,9xkgmv
"Niyol Wind",WT,40.519279,-103.080612,9xkgmv
"Niyol Wind",WT,40.689724,-102.911125,9xkgmv
"Niyol Wind",WT,40.527599,-103.06356,9xkgmv
"Casper Wind Farm",WT,42.885994,-106.222191,9xkgmv
"Peetz Table",WT,40.926891,-103.275589,9xkgmv
"Peetz Table",WT,40.953094,-103.330994,9xkgmv
"Casper Wind Farm",WT,42.883293,-106.219688,9xkgmv
"Casper Wind Farm",WT,42.890293,-106.21479,9xkgmv
"Casper Wind Farm",WT,42.888992,-106.204391,9xkgmv
"Casper Wind Farm",WT,42.884392,-106.233086,9xkgmv
"Casper Wind Farm",WT,42.888695,-106.21299,9xkgmv
"Casper Wind Farm",WT,42.883595,-106.230888,9xkgmv
"Peetz Table",WT,40.970291,-103.276489,9xkgmv
"Casper Wind Farm",WT,42.886993,-106.22419,9xkgmv
"Casper Wind Farm",WT,42.884693,-106.22139,9xkgmv
"Peetz Table",WT,40.900093,-103.238892,9xkgmv
"Peetz Table",WT,40.989994,-103.460091,9xkgmv
"Peetz Table",WT,40.969395,-103.33239,9xkgmv
"Peetz Table",WT,40.956493,-103.331688,9xkgmv
"Peetz Table",WT,40.984192,-103.424393,9xkgmv
"Casper Wind Farm",WT,42.891594,-106.205986,9xkgmv
"Glenrock",WT,43.092094,-105.826691,9xkgmv
"Roundhouse",WT,41.072781,-105.056404,9xkgmv
"Roundhouse",WT,41.044369,-105.139786,9xkgmv
"Roundhouse",WT,41.056038,-105.084923,9xkgmv
"Roundhouse",WT,41.076588,-105.128601,9xkgmv
"Roundhouse",WT,41.060966,-105.090729,9xkgmv
"Roundhouse Wind II",WT,41.053398,-104.965981,9xkgmv
"Roundhouse",WT,41.071507,-105.118767,9xkgmv
"Roundhouse",WT,41.086132,-105.05294,9xkgmv
"Roundhouse",WT,41.027802,-105.174355,9xkgmv
"Roundhouse",WT,41.06953,-105.028511,9xkgmv
"Silver Sage",WT,41.119991,-105.03569,9xkgmv
"Silver Sage",WT,41.121391,-105.030891,9xkgmv
"Silver Sage",WT,41.138992,-105.024986,9xkgmv
"Silver Sage",WT,41.119991,-105.026093,9xkgmv
"Silver Sage",WT,41.129692,-105.023888,9xkgmv
"Silver Sage",WT,41.121895,-105.022392,9xkgmv
"Silver Sage",WT,41.123093,-105.034889,9xkgmv
"Silver Sage",WT,41.135895,-105.01519,9xkgmv
"Roundhouse",WT,41.068935,-105.055649,9xkgmv
"Roundhouse Wind II",WT,41.057308,-105.012131,9xkgmv
"Roundhouse",WT,41.075153,-105.117012,9xkgmv
"Roundhouse",WT,41.028748,-105.15963,9xkgmv
"Roundhouse",WT,41.048328,-105.031464,9xkgmv
"Roundhouse",WT,41.047646,-105.148369,9xkgmv
"Roundhouse Wind II",WT,41.064804,-105.02327,9xkgmv
"Roundhouse Wind II",WT,41.060852,-104.994919,9xkgmv
"Roundhouse Wind II",WT,41.032921,-105.01548,9xkgmv
"Roundhouse Wind II",WT,41.030605,-105.053131,9xkgmv
"Roundhouse Wind II",WT,41.075027,-105.004913,9xkgmv
"Roundhouse Wind II",WT,41.043915,-105.001869,9xkgmv
"Roundhouse Wind II",WT,41.056732,-104.961349,9xkgmv
"Roundhouse Wind II",WT,41.058189,-104.975479,9xkgmv
"Roundhouse Wind II",WT,41.072453,-105.017502,9xkgmv
"Roundhouse Wind II",WT,41.054195,-104.976402,9xkgmv
"Roundhouse Wind II",WT,41.063515,-104.980522,9xkgmv
"Roundhouse",WT,41.07143,-105.085228,9xkgmv
"Silver Sage",WT,41.125294,-105.025688,9xkgmv
"Cedar Springs I",WT,43.143852,-105.379135,9xkgmv
"Roundhouse",WT,41.062634,-105.145576,9xkgmv
"Roundhouse",WT,41.05463,-105.183281,9xkgmv
"Roundhouse",WT,41.089222,-105.14019,9xkgmv
"Air Force (Laramie)",WT,41.178291,-104.884689,9xkgmv
"Roundhouse",WT,41.052292,-105.046478,9xkgmv
"Silver Sage",WT,41.123493,-105.028687,9xkgmv
"Roundhouse",WT,41.091423,-105.134575,9xkgmv
"Silver Sage",WT,41.133194,-105.035889,9xkgmv
"Silver Sage",WT,41.139492,-105.036186,9xkgmv
"Corriedale Wind Energy Project",WT,41.11644,-105.002258,9xkgmv
"Corriedale Wind Energy Project",WT,41.127125,-104.989845,9xkgmv
"Corriedale Wind Energy Project",WT,41.119568,-104.985046,9xkgmv
"Corriedale Wind Energy Project",WT,41.113152,-105.006096,9xkgmv
"Roundhouse",WT,41.045891,-105.042709,9xkgmv
"Silver Sage",WT,41.141293,-105.020187,9xkgmv
"Silver Sage",WT,41.137192,-105.036186,9xkgmv
"Roundhouse",WT,41.057854,-105.156616,9xkgmv
"Roundhouse",WT,41.076984,-105.04705,9xkgmv
"Silver Sage",WT,41.133991,-105.015587,9xkgmv
"Silver Sage",WT,41.135094,-105.031792,9xkgmv
"Corriedale Wind Energy Project",WT,41.103588,-104.977776,9xkgmv
"Corriedale Wind Energy Project",WT,41.103035,-104.961159,9xkgmv
"Corriedale Wind Energy Project",WT,41.119415,-104.998047,9xkgmv
"Corriedale Wind Energy Project",WT,41.119167,-105.01339,9xkgmv
"Roundhouse",WT,41.065895,-105.103653,9xkgmv
"Silver Sage",WT,41.131992,-105.022987,9xkgmv
"Silver Sage",WT,41.136993,-105.029091,9xkgmv
"Silver Sage",WT,41.127594,-105.026489,9xkgmv
"F.E. Warren Air Force Base",WT,41.174492,-104.879089,9xkgmv
"F.E. Warren Air Force Base",WT,41.175995,-104.882988,9xkgmv
"Roundhouse",WT,41.054653,-105.140289,9xkgmv
"Roundhouse",WT,41.058281,-105.097076,9xkgmv
"Silver Sage",WT,41.129791,-105.035988,9xkgmv
"Niyol Wind",WT,40.660133,-102.958778,9xkgmv
"Top of the World",WT,42.983994,-105.770386,9xkgmv
"Campbell Hill",WT,43.017094,-106.001686,9xkgmv
"Top of the World",WT,42.977692,-105.779091,9xkgmv
"Top of the World",WT,42.911392,-105.756287,9xkgmv
"Rolling Hills",WT,43.037594,-105.840691,9xkgmv
"Top of the World",WT,42.996994,-105.784889,9xkgmv
"Top of the World",WT,42.941292,-105.793388,9xkgmv
"Top of the World",WT,42.975594,-105.804688,9xkgmv
"Top of the World",WT,42.913895,-105.757988,9xkgmv
"Top of the World",WT,42.938091,-105.77169,9xkgmv
"Top of the World",WT,42.936192,-105.772491,9xkgmv
"Rolling Hills",WT,43.120594,-105.827492,9xkgmv
"Rolling Hills",WT,43.085491,-105.839691,9xkgmv
"Rolling Hills",WT,43.134495,-105.819191,9xkgmv
"Rolling Hills",WT,43.068192,-105.857185,9xkgmv
"Rolling Hills",WT,43.103794,-105.843086,9xkgmv
"Rolling Hills",WT,43.040894,-105.841492,9xkgmv
"Rolling Hills",WT,43.111591,-105.843086,9xkgmv
"Rolling Hills",WT,43.066593,-105.856186,9xkgmv
"Cedar Springs I",WT,43.148506,-105.37529,9xkgmv
"Cedar Springs I",WT,43.111221,-105.448685,9xkgmv
"Cedar Springs III",WT,43.12746,-105.518898,9xkgmv
"Cedar Springs III",WT,43.071808,-105.651611,9xkgmv
"Cedar Springs III",WT,43.068653,-105.650589,9xkgmv
"Rolling Hills",WT,43.062695,-105.855286,9xkgmv
"Top of the World",WT,42.947594,-105.761986,9xkgmv
"Rolling Hills",WT,43.027393,-105.843185,9xkgmv
"Rolling Hills",WT,43.127392,-105.833191,9xkgmv
"Rolling Hills",WT,43.121895,-105.830391,9xkgmv
"Rolling Hills",WT,43.071392,-105.85759,9xkgmv
"Rolling Hills",WT,43.023994,-105.843689,9xkgmv
"Rolling Hills",WT,43.055695,-105.853592,9xkgmv
"Rolling Hills",WT,43.042194,-105.842789,9xkgmv
"Rolling Hills",WT,43.047592,-105.84729,9xkgmv
"Rolling Hills",WT,42.994991,-105.814285,9xkgmv
"Rolling Hills",WT,43.108994,-105.843788,9xkgmv
"Rolling Hills",WT,43.044693,-105.845886,9xkgmv
"Rolling Hills",WT,43.107391,-105.843689,9xkgmv
"Rolling Hills",WT,43.009995,-105.815887,9xkgmv
"Rolling Hills",WT,43.048695,-105.849091,9xkgmv
"Rolling Hills",WT,43.081894,-105.841087,9xkgmv
"Rolling Hills",WT,43.129093,-105.833191,9xkgmv
"Rolling Hills",WT,43.060894,-105.854385,9xkgmv
"Rolling Hills",WT,43.100891,-105.839088,9xkgmv
"Rolling Hills",WT,43.038994,-105.841286,9xkgmv
"Rolling Hills",WT,43.079292,-105.854591,9xkgmv
"Rolling Hills",WT,43.125092,-105.833191,9xkgmv
"Rolling Hills",WT,43.105392,-105.842888,9xkgmv
"Rolling Hills",WT,43.130692,-105.832886,9xkgmv
"Rolling Hills",WT,42.989693,-105.806892,9xkgmv
"Rolling Hills",WT,43.002495,-105.814392,9xkgmv
"Rolling Hills",WT,43.074593,-105.856689,9xkgmv
"Cedar Springs I",WT,43.121292,-105.411972,9xkgmv
"Rolling Hills",WT,43.006893,-105.814087,9xkgmv
"Rolling Hills",WT,43.064194,-105.855392,9xkgmv
"Rolling Hills",WT,43.049992,-105.850487,9xkgmv
"Top of the World",WT,42.939095,-105.788391,9xkgmv
"Top of the World",WT,42.953293,-105.737289,9xkgmv
"Rolling Hills",WT,43.046192,-105.84639,9xkgmv
"Rolling Hills",WT,43.076294,-105.856491,9xkgmv
"Rolling Hills",WT,43.131092,-105.818993,9xkgmv
"Rolling Hills",WT,43.083195,-105.841988,9xkgmv
"Rolling Hills",WT,43.117592,-105.840988,9xkgmv
"Rolling Hills",WT,43.014591,-105.822685,9xkgmv
"Cedar Springs III",WT,43.051472,-105.619926,9xkgmv
"Rolling Hills",WT,43.012592,-105.818787,9xkgmv
"Rolling Hills",WT,43.123093,-105.832489,9xkgmv
"Rolling Hills",WT,43.058891,-105.854286,9xkgmv
"Rolling Hills",WT,42.996593,-105.814285,9xkgmv
"Rolling Hills",WT,43.114193,-105.842293,9xkgmv
"Cedar Springs I",WT,43.109913,-105.461868,9xkgmv
"Cedar Springs II",WT,42.971558,-105.446083,9xkgmv
"Cedar Springs I",WT,43.117302,-105.406013,9xkgmv
"Glenrock",WT,43.041695,-105.821091,9xkgmv
"Glenrock",WT,43.067993,-105.83329,9xkgmv
"Glenrock",WT,43.081795,-105.831291,9xkgmv
"Glenrock III",WT,43.035694,-105.836693,9xkgmv
"Glenrock III",WT,43.034393,-105.835091,9xkgmv
"Glenrock III",WT,43.095795,-105.815887,9xkgmv
"Glenrock",WT,43.071594,-105.833488,9xkgmv
"Glenrock III",WT,43.075993,-105.845589,9xkgmv
"Cedar Springs I",WT,43.017792,-105.41227,9xkgmv
"Cedar Springs I",WT,43.015625,-105.473701,9xkgmv
"Cedar Springs I",WT,43.09906,-105.466454,9xkgmv
"Cedar Springs I",WT,42.993698,-105.438492,9xkgmv
"Cedar Springs I",WT,43.007786,-105.472206,9xkgmv
"Cedar Springs I",WT,43.143139,-105.464111,9xkgmv
"Glenrock",WT,43.100193,-105.808792,9xkgmv
"Cedar Springs II",WT,42.93195,-105.326012,9xkgmv
"Glenrock",WT,43.052792,-105.828392,9xkgmv
"Glenrock",WT,43.079494,-105.832588,9xkgmv
"Cedar Springs I",WT,43.123283,-105.370026,9xkgmv
"Cedar Springs I",WT,43.152077,-105.374695,9xkgmv
"Cedar Springs I",WT,43.021095,-105.402039,9xkgmv
"Cedar Springs I",WT,43.120605,-105.426765,9xkgmv
"Cedar Springs I",WT,43.119637,-105.367119,9xkgmv
"Cedar Springs I",WT,43.025375,-105.382942,9xkgmv
"Campbell Hill",WT,43.020592,-105.978188,9xkgmv
"Cedar Springs I",WT,43.128498,-105.422043,9xkgmv
"Cedar Springs I",WT,43.040195,-105.530205,9xkgmv
"Cedar Springs I",WT,43.110443,-105.48719,9xkgmv
"Glenrock",WT,43.017391,-105.796288,9xkgmv
"Glenrock",WT,43.104591,-105.811989,9xkgmv
"Glenrock",WT,43.127392,-105.811691,9xkgmv
"Glenrock",WT,43.086292,-105.828392,9xkgmv
"Cedar Springs I",WT,43.120834,-105.462921,9xkgmv
"Rolling Hills",WT,43.073093,-105.857391,9xkgmv
"Cedar Springs II",WT,42.907059,-105.327362,9xkgmv
"Cedar Springs I",WT,43.014545,-105.489075,9xkgmv
"Cedar Springs I",WT,43.113422,-105.460167,9xkgmv
"Cedar Springs I",WT,42.990749,-105.430801,9xkgmv
"Cedar Springs I",WT,43.106461,-105.48439,9xkgmv
"Cedar Springs I",WT,43.02985,-105.494125,9xkgmv
"Cedar Springs I",WT,43.096359,-105.485352,9xkgmv
"Cedar Springs I",WT,42.984837,-105.459297,9xkgmv
"Cedar Springs I",WT,43.107189,-105.46875,9xkgmv
"Cedar Springs I",WT,43.109409,-105.496735,9xkgmv
"Cedar Springs I",WT,43.139816,-105.465385,9xkgmv
"Cedar Springs I",WT,43.12582,-105.440933,9xkgmv
"Glenrock III",WT,43.013294,-105.806992,9xkgmv
"Cedar Springs I",WT,42.996338,-105.444519,9xkgmv
"Cedar Springs I",WT,43.107304,-105.504959,9xkgmv
"Cedar Springs I",WT,43.130375,-105.376503,9xkgmv
"Cedar Springs I",WT,43.124168,-105.42498,9xkgmv
"Cedar Springs I",WT,43.122856,-105.434998,9xkgmv
"Cedar Springs I",WT,43.001392,-105.455994,9xkgmv
"Cedar Springs I",WT,43.112812,-105.471458,9xkgmv
"Cedar Springs I",WT,43.13303,-105.368462,9xkgmv
"Cedar Springs I",WT,43.131805,-105.465591,9xkgmv
"Cedar Springs I",WT,43.136074,-105.466339,9xkgmv
"Cedar Springs I",WT,43.034363,-105.505135,9xkgmv
"Cedar Springs I",WT,43.103607,-105.468834,9xkgmv
"Cedar Springs I",WT,43.04295,-105.520409,9xkgmv
"Cedar Springs I",WT,43.035336,-105.531609,9xkgmv
"Cedar Springs I",WT,42.988415,-105.451378,9xkgmv
"Cedar Springs I",WT,43.128311,-105.462036,9xkgmv
"Cedar Springs I",WT,43.100025,-105.484306,9xkgmv
"Cedar Springs I",WT,43.124626,-105.462067,9xkgmv
"Cedar Springs I",WT,43.009163,-105.409836,9xkgmv
"Cedar Springs I",WT,42.998417,-105.432747,9xkgmv
"Cedar Springs II",WT,42.926495,-105.354187,9xkgmv
"Cedar Springs I",WT,43.089386,-105.492287,9xkgmv
"Rolling Hills",WT,42.993591,-105.813492,9xkgmv
"Rolling Hills",WT,43.051193,-105.851692,9xkgmv
"Rolling Hills",WT,43.054092,-105.853188,9xkgmv
"Pioneer Wind Park",WT,42.681858,-105.879189,9xkgmv
"Pioneer Wind Park",WT,42.680164,-105.878624,9xkgmv
"Top of the World",WT,42.949093,-105.761086,9xkgmv
"Top of the World",WT,42.944992,-105.794991,9xkgmv
"Top of the World",WT,42.973492,-105.77739,9xkgmv
"Top of the World",WT,42.978271,-105.804321,9xkgmv
"Pioneer Wind Park",WT,42.672005,-105.890244,9xkgmv
"Rolling Hills",WT,43.082493,-105.854492,9xkgmv
"Pioneer Wind Park",WT,42.685745,-105.888199,9xkgmv
"Glenrock",WT,43.051891,-105.825386,9xkgmv
"Pioneer Wind Park",WT,42.675934,-105.915184,9xkgmv
"Pioneer Wind Park",WT,42.723793,-105.86187,9xkgmv
"Pioneer Wind Park",WT,42.66943,-105.91127,9xkgmv
"Pioneer Wind Park",WT,42.718277,-105.881073,9xkgmv
"Campbell Hill",WT,43.018993,-105.986488,9xkgmv
"Pioneer Wind Park",WT,42.700104,-105.88665,9xkgmv
"Pioneer Wind Park",WT,42.683571,-105.887657,9xkgmv
"Pioneer Wind Park",WT,42.677792,-105.880798,9xkgmv
"Rolling Hills",WT,43.025692,-105.843391,9xkgmv
"Rolling Hills",WT,43.098892,-105.840088,9xkgmv
"Rolling Hills",WT,43.086693,-105.840385,9xkgmv
"Pioneer Wind Park",WT,42.714344,-105.856232,9xkgmv
"Pioneer Wind Park",WT,42.709896,-105.857689,9xkgmv
"Glenrock",WT,43.015892,-105.796188,9xkgmv
"Pioneer Wind Park",WT,42.673756,-105.880234,9xkgmv
"Pioneer Wind Park",WT,42.658394,-105.90609,9xkgmv
"Pioneer Wind Park",WT,42.71666,-105.856339,9xkgmv
"Pioneer Wind Park",WT,42.66013,-105.906479,9xkgmv
"Pioneer Wind Park",WT,42.667503,-105.911049,9xkgmv
"Pioneer Wind Park",WT,42.728191,-105.866753,9xkgmv
"Pioneer Wind Park",WT,42.720974,-105.884109,9xkgmv
"Pioneer Wind Park",WT,42.707699,-105.857483,9xkgmv
"Pioneer Wind Park",WT,42.712048,-105.879791,9xkgmv
"Mountain Breeze",WT,40.993046,-104.006935,9xkgmv
"Pioneer Wind Park",WT,42.720219,-105.856728,9xkgmv
"Top of the World",WT,42.953094,-105.787086,9xkgmv
"Cedar Springs III",WT,43.079765,-105.572212,9xkgmv
"Pioneer Wind Park",WT,42.662045,-105.906731,9xkgmv
"Pioneer Wind Park",WT,42.673573,-105.914268,9xkgmv
"Pioneer Wind Park",WT,42.68375,-105.878281,9xkgmv
"Pioneer Wind Park",WT,42.698029,-105.886139,9xkgmv
"Pioneer Wind Park",WT,42.706886,-105.877571,9xkgmv
"Campbell Hill",WT,43.020992,-105.988091,9xkgmv
"Pioneer Wind Park",WT,42.725773,-105.863853,9xkgmv
"Pioneer Wind Park",WT,42.666023,-105.890274,9xkgmv
"Pioneer Wind Park",WT,42.709202,-105.881607,9xkgmv
"Pioneer Wind Park",WT,42.702255,-105.885475,9xkgmv
"Campbell Hill",WT,43.007793,-106.022285,9xkgmv
"Campbell Hill",WT,42.995094,-106.013489,9xkgmv
"Campbell Hill",WT,43.018993,-106.003288,9xkgmv
"Pioneer Wind Park",WT,42.705471,-105.857353,9xkgmv
"Glenrock",WT,43.038391,-105.82119,9xkgmv
"Cedar Springs III",WT,43.122974,-105.513123,9xkgmv
"Cedar Springs III",WT,43.083805,-105.552025,9xkgmv
"Pioneer Wind Park",WT,42.713978,-105.880241,9xkgmv
"Pioneer Wind Park",WT,42.688267,-105.884109,9xkgmv
"Cedar Springs III",WT,43.054325,-105.605667,9xkgmv
"Cedar Springs III",WT,43.093723,-105.57,9xkgmv
"Cedar Springs III",WT,43.083755,-105.665459,9xkgmv
"Cedar Springs III",WT,43.053043,-105.588402,9xkgmv
"Cedar Springs III",WT,43.059044,-105.649155,9xkgmv
"Cedar Springs III",WT,43.060368,-105.587067,9xkgmv
"Cedar Springs III",WT,43.074219,-105.657227,9xkgmv
"Cedar Springs III",WT,43.062084,-105.555061,9xkgmv
"Cedar Springs III",WT,43.108311,-105.541847,9xkgmv
"Cedar Springs III",WT,43.085011,-105.560745,9xkgmv
"Cedar Springs III",WT,43.102379,-105.535637,9xkgmv
"Cedar Springs III",WT,43.075439,-105.581482,9xkgmv
"Cedar Springs III",WT,43.095863,-105.542259,9xkgmv
"Pioneer Wind Park",WT,42.669636,-105.890388,9xkgmv
"Top of the World",WT,42.975792,-105.777687,9xkgmv
"Top of the World",WT,42.944092,-105.773689,9xkgmv
"Top of the World",WT,42.967892,-105.811188,9xkgmv
"Top of the World",WT,42.958393,-105.734489,9xkgmv
"Top of the World",WT,42.945293,-105.733589,9xkgmv
"Pioneer Wind Park",WT,42.71851,-105.856407,9xkgmv
"Pioneer Wind Park",WT,42.725246,-105.886848,9xkgmv
"Pioneer Wind Park",WT,42.663734,-105.907356,9xkgmv
"Top of the World",WT,42.992992,-105.758888,9xkgmv
"Pioneer Wind Park",WT,42.712574,-105.856171,9xkgmv
"Pioneer Wind Park",WT,42.723213,-105.885811,9xkgmv
"Top of the World",WT,42.918995,-105.786186,9xkgmv
"Pioneer Wind Park",WT,42.722252,-105.855865,9xkgmv
"Top of the World",WT,42.944992,-105.753792,9xkgmv
"Top of the World",WT,42.905392,-105.767586,9xkgmv
"Top of the World",WT,42.955292,-105.734688,9xkgmv
"Pioneer Wind Park",WT,42.715816,-105.880035,9xkgmv
"Top of the World",WT,42.961094,-105.758492,9xkgmv
"Top of the World",WT,42.973492,-105.805885,9xkgmv
"Top of the World",WT,42.928795,-105.771187,9xkgmv
"Rolling Hills",WT,43.043694,-105.843185,9xkgmv
"Rolling Hills",WT,43.132793,-105.818993,9xkgmv
"Top of the World",WT,42.965992,-105.738487,9xkgmv
"Top of the World",WT,42.977093,-105.787888,9xkgmv
"Top of the World",WT,42.913895,-105.787392,9xkgmv
"Top of the World",WT,42.960892,-105.784988,9xkgmv
"Top of the World",WT,42.929493,-105.793091,9xkgmv
"Top of the World",WT,42.946793,-105.753693,9xkgmv
"Top of the World",WT,42.971294,-105.777489,9xkgmv
"Top of the World",WT,42.965294,-105.81179,9xkgmv
"Top of the World",WT,42.931694,-105.793488,9xkgmv
"Top of the World",WT,42.985191,-105.760086,9xkgmv
"Top of the World",WT,42.956795,-105.762688,9xkgmv
"Top of the World",WT,42.982693,-105.784088,9xkgmv
"Top of the World",WT,42.948692,-105.785591,9xkgmv
"Top of the World",WT,42.950993,-105.760185,9xkgmv
"Top of the World",WT,42.953995,-105.801689,9xkgmv
"Top of the World",WT,42.934151,-105.771782,9xkgmv
"Top of the World",WT,42.988594,-105.757088,9xkgmv
"Top of the World",WT,42.965294,-105.76059,9xkgmv
"Top of the World",WT,42.917294,-105.76329,9xkgmv
"Top of the World",WT,42.940392,-105.75679,9xkgmv
"Top of the World",WT,42.948895,-105.794891,9xkgmv
"Top of the World",WT,42.950794,-105.786491,9xkgmv
"Top of the World",WT,42.951893,-105.800987,9xkgmv
"Top of the World",WT,42.953094,-105.75959,9xkgmv
"Top of the World",WT,42.970592,-105.806587,9xkgmv
"Top of the World",WT,42.958794,-105.760887,9xkgmv
"Top of the World",WT,42.915295,-105.760986,9xkgmv
"Top of the World",WT,42.988392,-105.784988,9xkgmv
"Top of the World",WT,42.979092,-105.786789,9xkgmv
"Top of the World",WT,42.908192,-105.767586,9xkgmv
"Top of the World",WT,42.930294,-105.772285,9xkgmv
"Top of the World",WT,42.956795,-105.804291,9xkgmv
"Top of the World",WT,42.942093,-105.773087,9xkgmv
"Top of the World",WT,42.934593,-105.793686,9xkgmv
"Top of the World",WT,42.949093,-105.732086,9xkgmv
"Top of the World",WT,42.944393,-105.782692,9xkgmv
"Top of the World",WT,42.919994,-105.766388,9xkgmv
"Top of the World",WT,42.942192,-105.73259,9xkgmv
"Top of the World",WT,42.940193,-105.771492,9xkgmv
"Top of the World",WT,42.946491,-105.78289,9xkgmv
"Top of the World",WT,42.942593,-105.757988,9xkgmv
"Top of the World",WT,42.905594,-105.753387,9xkgmv
"Top of the World",WT,42.955593,-105.786591,9xkgmv
"Top of the World",WT,42.995293,-105.785591,9xkgmv
"Top of the World",WT,42.991993,-105.783386,9xkgmv
"Top of the World",WT,42.963192,-105.739891,9xkgmv
"Top of the World",WT,42.991093,-105.758789,9xkgmv
"Top of the World",WT,42.910892,-105.769287,9xkgmv
"Top of the World",WT,42.899494,-105.769989,9xkgmv
"Cedar Springs I",WT,43.09296,-105.490425,9xkgmv
"Niyol Wind",WT,40.637035,-102.909073,9xkgmv
"Niyol Wind",WT,40.592999,-103.034737,9xkgmv
"Cedar Creek",WT,40.835491,-104.077293,9xkgmv
"Cedar Creek",WT,40.908092,-103.949089,9xkgmv
"Cedar Creek",WT,40.897858,-104.053749,9xkgmv
"Cedar Creek",WT,40.845013,-104.05751,9xkgmv
"Cedar Creek",WT,40.877392,-104.014793,9xkgmv
"Cedar Creek",WT,40.903091,-104.099792,9xkgmv
"Cedar Creek",WT,40.889893,-104.027992,9xkgmv
"Cedar Creek",WT,40.90411,-103.915161,9xkgmv
"Cedar Creek",WT,40.820492,-104.062187,9xkgmv
"Cedar Creek",WT,40.89629,-103.988976,9xkgmv
"Mountain Breeze",WT,40.997066,-103.993057,9xkgmv
"Cedar Creek",WT,40.876095,-104.090088,9xkgmv
"Mountain Breeze",WT,40.991493,-104.021362,9xkgmv
"Cedar Creek II",WT,40.910892,-103.776993,9xkgmv
"Cedar Creek II",WT,40.963993,-103.697189,9xkgmv
"Cedar Creek II",WT,40.957592,-103.743889,9xkgmv
"Cedar Creek II",WT,40.946392,-103.762894,9xkgmv
"Mountain Breeze",WT,40.938877,-103.992973,9xkgmv
"Mountain Breeze",WT,40.998196,-103.988144,9xkgmv
"Mountain Breeze",WT,40.989868,-104.026909,9xkgmv
"Mountain Breeze",WT,40.999866,-104.074234,9xkgmv
"Mountain Breeze",WT,40.986027,-104.031219,9xkgmv
"Mountain Breeze",WT,40.942776,-104.015419,9xkgmv
"Cedar Creek",WT,40.952991,-104.076393,9xkgmv
"Mountain Breeze",WT,40.952602,-103.983147,9xkgmv
"Mountain Breeze",WT,40.966637,-104.012566,9xkgmv
"Mountain Breeze",WT,40.996933,-104.036514,9xkgmv
"Mountain Breeze",WT,40.980621,-103.993156,9xkgmv
"Cedar Creek II",WT,40.888294,-103.850388,9xkgmv
"Mountain Breeze",WT,40.933224,-103.997978,9xkgmv
"Cedar Creek II",WT,40.935291,-103.720688,9xkgmv
"Mountain Breeze",WT,40.928131,-104.035347,9xkgmv
"Cedar Creek",WT,40.911633,-103.976913,9xkgmv
"Cedar Creek",WT,40.853691,-104.071991,9xkgmv
"Cedar Creek",WT,40.875122,-104.069954,9xkgmv
"Cedar Creek",WT,40.910091,-103.90699,9xkgmv
"Mountain Breeze",WT,40.946663,-104.00766,9xkgmv
"Mountain Breeze",WT,40.985535,-103.983704,9xkgmv
"Cedar Creek",WT,40.864094,-104.044189,9xkgmv
"Cedar Creek",WT,40.889793,-104.095688,9xkgmv
"Cedar Creek",WT,40.877995,-103.910591,9xkgmv
"Cedar Creek",WT,40.879192,-103.901489,9xkgmv
"Cedar Creek",WT,40.880493,-104.007393,9xkgmv
"Cedar Creek",WT,40.874191,-103.920792,9xkgmv
"Cedar Creek",WT,40.900394,-103.988693,9xkgmv
"Cedar Creek",WT,40.851894,-104.044594,9xkgmv
"Cedar Creek II",WT,40.914394,-103.809387,9xkgmv
"Cedar Creek",WT,40.892593,-104.090088,9xkgmv
"Cedar Creek",WT,40.866093,-104.039787,9xkgmv
"Cedar Creek",WT,40.919792,-104.077789,9xkgmv
"Mountain Breeze",WT,40.998409,-104.078339,9xkgmv
"Cedar Creek",WT,40.893192,-103.995689,9xkgmv
"Cedar Creek",WT,40.907417,-103.978157,9xkgmv
"Cedar Creek",WT,40.855492,-104.040192,9xkgmv
"Mountain Breeze",WT,40.981182,-104.045456,9xkgmv
"Cedar Creek",WT,40.884392,-104.030388,9xkgmv
"Cedar Creek",WT,40.835491,-104.065392,9xkgmv
"Cedar Creek",WT,40.843792,-104.089188,9xkgmv
"Cedar Creek",WT,40.833591,-104.07859,9xkgmv
"Cedar Creek",WT,40.870068,-104.078506,9xkgmv
"Cedar Creek",WT,40.909294,-103.97699,9xkgmv
"Mountain Breeze",WT,40.986179,-104.065018,9xkgmv
"Cedar Creek",WT,40.895092,-104.077888,9xkgmv
"Cedar Creek",WT,40.869793,-104.037392,9xkgmv
"Cedar Creek",WT,40.905693,-103.938393,9xkgmv
"Mountain Breeze",WT,40.931484,-104.027214,9xkgmv
"Cedar Creek",WT,40.827393,-104.059387,9xkgmv
"Cedar Creek",WT,40.836594,-104.050987,9xkgmv
"Mountain Breeze",WT,40.997459,-104.031059,9xkgmv
"Mountain Breeze",WT,40.939266,-104.021683,9xkgmv
"Mountain Breeze",WT,40.982635,-103.988441,9xkgmv
"Glenrock III",WT,43.022594,-105.821388,9xkgmv
"Glenrock III",WT,43.032974,-105.834236,9xkgmv
"Campbell Hill",WT,42.991493,-106.03019,9xkgmv
"Glenrock III",WT,43.023792,-105.830086,9xkgmv
"Campbell Hill",WT,42.989391,-106.028992,9xkgmv
"Campbell Hill",WT,42.992695,-106.014786,9xkgmv
"Cedar Springs II",WT,42.950058,-105.289085,9xkgmv
"Campbell Hill",WT,43.026192,-106.005089,9xkgmv
"Campbell Hill",WT,42.987095,-106.030289,9xkgmv
"Campbell Hill",WT,43.027794,-105.987991,9xkgmv
"Glenrock III",WT,43.023094,-105.828186,9xkgmv
"Cedar Springs II",WT,42.942726,-105.363251,9xkgmv
"Campbell Hill",WT,43.049294,-105.99369,9xkgmv
"Glenrock III",WT,43.021492,-105.819588,9xkgmv
"Glenrock III",WT,43.018692,-105.817291,9xkgmv
"Glenrock III",WT,42.981552,-105.806488,9xkgmv
"Cedar Springs II",WT,42.947823,-105.349426,9xkgmv
"Glenrock III",WT,43.097492,-105.816086,9xkgmv
"Campbell Hill",WT,43.046291,-105.982185,9xkgmv
"Campbell Hill",WT,43.013092,-105.996086,9xkgmv
"Campbell Hill",WT,43.001293,-106.021889,9xkgmv
"Campbell Hill",WT,43.023994,-105.973389,9xkgmv
"Campbell Hill",WT,43.034191,-105.985191,9xkgmv
"Pioneer Wind Park",WT,42.667889,-105.890434,9xkgmv
"Campbell Hill",WT,42.990292,-106.015289,9xkgmv
"Glenrock III",WT,42.986694,-105.803787,9xkgmv
"Glenrock III",WT,43.020191,-105.81839,9xkgmv
"Glenrock III",WT,43.077694,-105.845291,9xkgmv
"Glenrock III",WT,43.028393,-105.834091,9xkgmv
"Glenrock III",WT,43.029991,-105.834892,9xkgmv
"Glenrock III",WT,42.983994,-105.804588,9xkgmv
"Glenrock III",WT,42.986614,-105.813393,9xkgmv
"Glenrock III",WT,43.015793,-105.809486,9xkgmv
"Cedar Creek",WT,40.914394,-103.95459,9xkgmv
"Cedar Springs II",WT,42.914795,-105.338142,9xkgmv
"Cedar Springs II",WT,42.963165,-105.468788,9xkgmv
"Cedar Creek II",WT,40.926094,-103.813293,9xkgmv
"Cedar Creek II",WT,40.927094,-103.769089,9xkgmv
"Mountain Breeze",WT,40.999386,-103.983154,9xkgmv
"Cedar Creek II",WT,40.920193,-103.80809,9xkgmv
"Cedar Creek II",WT,40.908092,-103.750587,9xkgmv
"Mountain Breeze",WT,40.993542,-104.061539,9xkgmv
"Mountain Breeze",WT,40.975452,-104.026085,9xkgmv
"Cedar Creek II",WT,40.949795,-103.695686,9xkgmv
"Cedar Creek II",WT,40.937794,-103.779694,9xkgmv
"Cedar Creek II",WT,40.946293,-103.749786,9xkgmv
"Mountain Breeze",WT,40.969543,-104.008209,9xkgmv
"Mountain Breeze",WT,40.941196,-103.981079,9xkgmv
"Mountain Breeze",WT,40.978214,-103.998268,9xkgmv
"Mountain Breeze",WT,40.925106,-104.046394,9xkgmv
"Cedar Creek II",WT,40.906094,-103.797989,9xkgmv
"Campbell Hill",WT,43.026493,-105.998192,9xkgmv
"Cedar Creek II",WT,40.941895,-103.798393,9xkgmv
"Mountain Breeze",WT,40.972607,-104.003372,9xkgmv
"Cedar Springs II",WT,42.957607,-105.27388,9xkgmv
"Cedar Springs II",WT,42.950489,-105.371696,9xkgmv
"Cedar Springs II",WT,42.971405,-105.460892,9xkgmv
"Glenrock III",WT,43.024593,-105.831985,9xkgmv
"Glenrock III",WT,43.014591,-105.808189,9xkgmv
"Campbell Hill",WT,43.016792,-105.98719,9xkgmv
"Cedar Creek II",WT,40.920292,-103.777092,9xkgmv
"Campbell Hill",WT,43.016392,-105.99369,9xkgmv
"Cedar Creek II",WT,40.952194,-103.769188,9xkgmv
"Mountain Breeze",WT,40.996674,-104.083694,9xkgmv
"Mountain Breeze",WT,40.924793,-103.995674,9xkgmv
"Cedar Creek II",WT,40.956993,-103.779587,9xkgmv
"Cedar Creek II",WT,40.950191,-103.691391,9xkgmv
"Cedar Creek",WT,40.858994,-104.025589,9xkgmv
"Cedar Springs II",WT,42.903961,-105.320343,9xkgmv
"Cedar Creek",WT,40.912674,-103.958717,9xkgmv
"Cedar Creek",WT,40.888126,-104.065483,9xkgmv
"Cedar Creek",WT,40.904514,-103.942001,9xkgmv
"Cedar Creek",WT,40.878773,-104.066048,9xkgmv
"Cedar Creek",WT,40.895092,-103.903793,9xkgmv
"Cedar Creek",WT,40.846794,-104.031334,9xkgmv
"Cedar Creek II",WT,40.926693,-103.796188,9xkgmv
"Cedar Creek II",WT,40.934193,-103.83149,9xkgmv
"Cedar Creek II",WT,40.939693,-103.777191,9xkgmv
"Cedar Creek",WT,40.904491,-104.09729,9xkgmv
"Cedar Creek II",WT,40.934292,-103.788689,9xkgmv
"Cedar Creek II",WT,40.941093,-103.800591,9xkgmv
"Cedar Creek II",WT,40.872894,-103.851288,9xkgmv
"Cedar Creek II",WT,40.891495,-103.818588,9xkgmv
"Cedar Creek II",WT,40.920094,-103.813988,9xkgmv
"Cedar Creek",WT,40.911392,-103.90419,9xkgmv
"Cedar Creek",WT,40.900192,-103.917793,9xkgmv
"Cedar Creek",WT,40.924194,-104.061691,9xkgmv
"Cedar Creek II",WT,40.928692,-103.812088,9xkgmv
"Cedar Creek",WT,40.882492,-104.08889,9xkgmv
"Cedar Creek",WT,40.905994,-103.93219,9xkgmv
"Mountain Breeze",WT,40.975647,-104.062767,9xkgmv
"Mountain Breeze",WT,40.979607,-104.050102,9xkgmv
"Mountain Breeze",WT,40.998398,-104.025284,9xkgmv
"Cedar Creek",WT,40.881992,-103.989792,9xkgmv
"Cedar Creek",WT,40.878994,-104.089592,9xkgmv
"Cedar Creek",WT,40.864895,-104.096893,9xkgmv
"Cedar Creek",WT,40.855274,-104.030258,9xkgmv
"Cedar Creek",WT,40.956894,-104.071388,9xkgmv
"Cedar Creek II",WT,40.969894,-103.704788,9xkgmv
"Cedar Creek II",WT,40.870193,-103.853394,9xkgmv
"Cedar Creek",WT,40.913883,-103.956558,9xkgmv
"Cedar Creek",WT,40.857311,-104.026031,9xkgmv
"Cedar Creek",WT,40.864887,-104.083199,9xkgmv
"Cedar Creek",WT,40.853893,-104.031693,9xkgmv
"Cedar Creek",WT,40.867493,-104.020393,9xkgmv
"Mountain Breeze",WT,40.984142,-104.01223,9xkgmv
"Cedar Creek",WT,40.962193,-104.040894,9xkgmv
"Cedar Creek II",WT,40.905994,-103.816994,9xkgmv
"Cedar Creek",WT,40.833492,-104.066193,9xkgmv
"Cedar Creek",WT,40.899494,-103.902489,9xkgmv
"Cedar Creek",WT,40.878693,-104.032387,9xkgmv
"Cedar Creek",WT,40.898392,-104.102287,9xkgmv
"Cedar Creek",WT,40.908909,-103.908836,9xkgmv
"Cedar Creek",WT,40.897594,-103.958893,9xkgmv
"Cedar Creek",WT,40.881168,-103.8993,9xkgmv
"Cedar Creek",WT,40.935795,-104.056488,9xkgmv
"Cedar Creek",WT,40.880295,-104.022293,9xkgmv
"Cedar Creek",WT,40.838291,-104.094994,9xkgmv
"Cedar Creek",WT,40.874191,-104.091789,9xkgmv
"Cedar Creek",WT,40.853794,-104.042191,9xkgmv
"Mountain Breeze",WT,40.949108,-103.998192,9xkgmv
"Mountain Breeze",WT,40.921532,-103.999466,9xkgmv
"Cedar Creek",WT,40.942894,-104.043694,9xkgmv
"Cedar Creek II",WT,40.895592,-103.849991,9xkgmv
"Cedar Creek",WT,40.831497,-104.067039,9xkgmv
"Cedar Creek",WT,40.892792,-104.085091,9xkgmv
"Cedar Creek II",WT,40.943192,-103.757591,9xkgmv
"Cedar Creek II",WT,40.890392,-103.811989,9xkgmv
"Cedar Creek II",WT,40.903992,-103.74099,9xkgmv
"Mountain Breeze",WT,40.942646,-103.974007,9xkgmv
"Cedar Creek",WT,40.857693,-104.066788,9xkgmv
"Cedar Creek",WT,40.872993,-104.034889,9xkgmv
"Cedar Creek",WT,40.85796,-104.046921,9xkgmv
"Cedar Creek",WT,40.828995,-104.057991,9xkgmv
"Cedar Creek",WT,40.907223,-103.911079,9xkgmv
"Cedar Creek",WT,40.829494,-104.067886,9xkgmv
"Cedar Creek",WT,40.852291,-104.073593,9xkgmv
"Cedar Creek",WT,40.892494,-104.027893,9xkgmv
"Cedar Creek",WT,40.846092,-104.089188,9xkgmv
"Cedar Creek",WT,40.924992,-104.058487,9xkgmv
"Cedar Creek",WT,40.822495,-104.060387,9xkgmv
"Campbell Hill",WT,42.988693,-106.013092,9xkgmv
"Mountain Breeze",WT,40.991543,-103.973534,9xkgmv
"Mountain Breeze",WT,40.940102,-103.987129,9xkgmv
"Cedar Creek",WT,40.960392,-104.043388,9xkgmv
"Mountain Breeze",WT,40.985706,-104.070068,9xkgmv
"Mountain Breeze",WT,40.978897,-104.022331,9xkgmv
"Mountain Breeze",WT,40.980507,-104.015854,9xkgmv
"Cedar Creek",WT,40.879616,-104.009415,9xkgmv
"Cedar Creek",WT,40.889645,-104.064255,9xkgmv
"Cedar Creek",WT,40.898094,-103.919388,9xkgmv
"Cedar Creek",WT,40.843594,-104.05909,9xkgmv
"Cedar Creek",WT,40.844692,-104.070686,9xkgmv
"Cedar Creek",WT,40.903091,-103.952293,9xkgmv
"Cedar Creek",WT,40.832092,-104.080391,9xkgmv
"Cedar Creek",WT,40.861591,-104.063889,9xkgmv
"Cedar Creek",WT,40.858494,-104.099792,9xkgmv
"Cedar Creek",WT,40.881893,-104.02079,9xkgmv
"Cedar Creek",WT,40.837193,-104.096893,9xkgmv
"Cedar Creek II",WT,40.922493,-103.863586,9xkgmv
"Cedar Creek",WT,40.938194,-104.050888,9xkgmv
"Cedar Creek",WT,40.925194,-104.072388,9xkgmv
"Cedar Creek",WT,40.914791,-103.92849,9xkgmv
"Cedar Creek",WT,40.948292,-104.03479,9xkgmv
"Cedar Creek",WT,40.906094,-104.094093,9xkgmv
"Cedar Creek",WT,40.893291,-104.080391,9xkgmv
"Cedar Creek",WT,40.826393,-104.071991,9xkgmv
"Cedar Creek",WT,40.869991,-104.091591,9xkgmv
"Cedar Creek",WT,40.894749,-104.057121,9xkgmv
"Cedar Creek",WT,40.907593,-104.091492,9xkgmv
"Cedar Creek",WT,40.905869,-103.958885,9xkgmv
"Cedar Creek",WT,40.868061,-104.038681,9xkgmv
"Cedar Creek II",WT,40.912792,-103.819389,9xkgmv
"Cedar Creek II",WT,40.922092,-103.843086,9xkgmv
"Cedar Creek II",WT,40.965092,-103.704689,9xkgmv
"Cedar Creek",WT,40.907394,-103.929489,9xkgmv
"Cedar Creek",WT,40.883732,-103.899216,9xkgmv
"Mountain Breeze",WT,40.990154,-103.979004,9xkgmv
"Cedar Creek II",WT,40.873993,-103.843788,9xkgmv
"Cedar Creek",WT,40.912449,-103.945061,9xkgmv
"Cedar Creek II",WT,40.931194,-103.846786,9xkgmv
"Cedar Creek II",WT,40.904793,-103.801689,9xkgmv
"Cedar Creek II",WT,40.967793,-103.743088,9xkgmv
"Cedar Creek II",WT,40.943493,-103.708588,9xkgmv
"Mountain Breeze",WT,40.965717,-104.01915,9xkgmv
"Mountain Breeze",WT,40.989799,-104.063133,9xkgmv
"Cedar Creek",WT,40.864494,-104.023788,9xkgmv
"Mountain Breeze",WT,40.935444,-104.024452,9xkgmv
"Mountain Breeze",WT,40.947941,-104.0028,9xkgmv
"Cedar Creek",WT,40.949795,-104.032089,9xkgmv
"Mountain Breeze",WT,40.995766,-103.997719,9xkgmv
"Mountain Breeze",WT,40.961628,-104.025116,9xkgmv
"Mountain Breeze",WT,40.951466,-103.988243,9xkgmv
"Mountain Breeze",WT,40.997238,-104.059624,9xkgmv
"Mountain Breeze",WT,40.982731,-104.040604,9xkgmv
"Cedar Creek II",WT,40.872494,-103.831192,9xkgmv
"Cedar Creek",WT,40.899193,-103.956993,9xkgmv
"Cedar Creek",WT,40.879192,-103.90889,9xkgmv
"Cedar Creek",WT,40.951794,-104.079193,9xkgmv
"Cedar Creek",WT,40.896748,-103.921227,9xkgmv
"Cedar Creek",WT,40.846691,-104.066292,9xkgmv
"Cedar Creek",WT,40.845592,-104.068489,9xkgmv
"Cedar Creek",WT,40.839294,-104.093086,9xkgmv
"Cedar Creek",WT,40.846394,-104.055893,9xkgmv
"Cedar Creek",WT,40.862892,-104.024094,9xkgmv
"Cedar Creek",WT,40.895336,-104.02063,9xkgmv
"Cedar Creek",WT,40.845543,-104.041573,9xkgmv
"Cedar Creek",WT,40.852291,-104.03389,9xkgmv
"Cedar Creek",WT,40.916466,-103.918663,9xkgmv
"Mountain Breeze",WT,40.984268,-104.035919,9xkgmv
"Cedar Creek",WT,40.89257,-104.061333,9xkgmv
"Cedar Creek",WT,40.887691,-104.098289,9xkgmv
"Cedar Creek",WT,40.871391,-104.036087,9xkgmv
"Niyol Wind",WT,40.633221,-102.956215,9xkgmv
"Campbell Hill",WT,43.031094,-106.000687,9xkgmv
"Campbell Hill",WT,43.006794,-105.999092,9xkgmv
"Niyol Wind",WT,40.685322,-102.929604,9xkgmv
"Niyol Wind",WT,40.633026,-102.926498,9xkgmv
"Niyol Wind",WT,40.596092,-102.926247,9xkgmv
"Niyol Wind",WT,40.649471,-102.974579,9xkgmv
"Niyol Wind",WT,40.570686,-103.037636,9xkgmv
"Niyol Wind",WT,40.586353,-103.012436,9xkgmv
"Niyol Wind",WT,40.638935,-102.903473,9xkgmv
"Niyol Wind",WT,40.699253,-102.914803,9xkgmv
"Niyol Wind",WT,40.625301,-102.978897,9xkgmv
"Niyol Wind",WT,40.595165,-102.950119,9xkgmv
"Niyol Wind",WT,40.601711,-103.032166,9xkgmv
"Niyol Wind",WT,40.686829,-102.922874,9xkgmv
"Niyol Wind",WT,40.689899,-102.89753,9xkgmv
"Niyol Wind",WT,40.701691,-102.863998,9xkgmv
"Niyol Wind",WT,40.663448,-102.950386,9xkgmv
"Colorado Highlands",WT,40.740093,-102.74649,9xkgmv
"Colorado Highlands",WT,40.742794,-102.78009,9xkgmv
"Colorado Highlands",WT,40.736492,-102.796494,9xkgmv
"Colorado Highlands",WT,40.726292,-102.738289,9xkgmv
"Colorado Highlands",WT,40.753994,-102.771187,9xkgmv
"Colorado Highlands",WT,40.745693,-102.752289,9xkgmv
"Colorado Highlands",WT,40.771793,-102.737389,9xkgmv
"Colorado Highlands",WT,40.746792,-102.746094,9xkgmv
"Niyol Wind",WT,40.531921,-103.058792,9xkgmv
"Colorado Highlands",WT,40.742294,-102.730492,9xkgmv
"Colorado Highlands",WT,40.737595,-102.758392,9xkgmv
"Colorado Highlands",WT,40.736893,-102.731194,9xkgmv
"Colorado Highlands",WT,40.720291,-102.758392,9xkgmv
"Colorado Highlands",WT,40.725193,-102.796188,9xkgmv
"Colorado Highlands",WT,40.754993,-102.732689,9xkgmv
"Colorado Highlands",WT,40.767895,-102.740387,9xkgmv
"Colorado Highlands",WT,40.721394,-102.74559,9xkgmv
"Niyol Wind",WT,40.606453,-102.936554,9xkgmv
"Niyol Wind",WT,40.605221,-103.027283,9xkgmv
"Niyol Wind",WT,40.615192,-102.958847,9xkgmv
"Cedar Springs I",WT,43.128235,-105.450081,9xkgmv
"Cedar Springs I",WT,43.155693,-105.37397,9xkgmv
"Glenrock",WT,43.057392,-105.832993,9xkgmv
"Cedar Springs II",WT,42.957191,-105.375511,9xkgmv
"Cedar Springs II",WT,42.980354,-105.443169,9xkgmv
"Cedar Springs II",WT,43.006275,-105.400284,9xkgmv
"Cedar Springs I",WT,42.987049,-105.431839,9xkgmv
"Cedar Springs II",WT,42.901287,-105.313263,9xkgmv
"Glenrock",WT,43.024391,-105.796288,9xkgmv
"Cedar Springs II",WT,42.991634,-105.398872,9xkgmv
"Glenrock",WT,43.123093,-105.813393,9xkgmv
"Cedar Springs III",WT,43.053207,-105.662514,9xkgmv
"Glenrock",WT,43.077991,-105.833885,9xkgmv
"Glenrock",WT,43.096092,-105.826286,9xkgmv
"Glenrock",WT,43.083591,-105.83139,9xkgmv
"Colorado Highlands",WT,40.726894,-102.764793,9xkgmv
"Cedar Springs II",WT,42.97607,-105.443375,9xkgmv
"Cedar Springs II",WT,42.973671,-105.424232,9xkgmv
"Niyol Wind",WT,40.523529,-103.030319,9xkgmv
"Niyol Wind",WT,40.552757,-103.034294,9xkgmv
"Niyol Wind",WT,40.707973,-102.875496,9xkgmv
"Niyol Wind",WT,40.617496,-102.974632,9xkgmv
"Colorado Highlands",WT,40.751194,-102.804291,9xkgmv
"Colorado Highlands",WT,40.756592,-102.762192,9xkgmv
"Cedar Springs II",WT,42.961124,-105.27227,9xkgmv
"Colorado Highlands",WT,40.720192,-102.764793,9xkgmv
"Colorado Highlands",WT,40.741295,-102.740387,9xkgmv
"Glenrock",WT,43.070091,-105.832787,9xkgmv
"Cedar Springs II",WT,42.933445,-105.313255,9xkgmv
"Cedar Springs II",WT,42.956215,-105.288086,9xkgmv
"Cedar Springs II",WT,42.933685,-105.297386,9xkgmv
"Cedar Springs II",WT,42.967724,-105.464569,9xkgmv
"Colorado Highlands",WT,40.730892,-102.762192,9xkgmv
"Colorado Highlands",WT,40.743492,-102.759789,9xkgmv
"Niyol Wind",WT,40.713463,-102.90062,9xkgmv
"Colorado Highlands",WT,40.742393,-102.786087,9xkgmv
"Niyol Wind",WT,40.603931,-103.012802,9xkgmv
"Niyol Wind",WT,40.589096,-102.974586,9xkgmv
"Niyol Wind",WT,40.659985,-102.96524,9xkgmv
"Peetz Table",WT,40.914394,-103.276291,9xkgmv
"Peetz Table",WT,40.971992,-103.256691,9xkgmv
"Peetz Table",WT,40.986195,-103.278893,9xkgmv
"Niyol Wind",WT,40.640682,-102.978188,9xkgmv
"Peetz Table",WT,40.896992,-103.238586,9xkgmv
"Peetz Table",WT,40.942692,-103.259491,9xkgmv
"Peetz Table",WT,40.987892,-103.477188,9xkgmv
"Peetz Table",WT,40.986195,-103.40329,9xkgmv
"Peetz Table",WT,40.996094,-103.48629,9xkgmv
"Peetz Table",WT,40.916794,-103.268791,9xkgmv
"Peetz Table",WT,40.994293,-103.323891,9xkgmv
"Peetz Table",WT,40.950993,-103.354889,9xkgmv
"Peetz Table",WT,40.961594,-103.335892,9xkgmv
"Niyol Wind",WT,40.523418,-103.036995,9xkgmv
"Niyol Wind",WT,40.575054,-103.022308,9xkgmv
"Niyol Wind",WT,40.588406,-102.984192,9xkgmv
"Niyol Wind",WT,40.60231,-103.018692,9xkgmv
"Niyol Wind",WT,40.593838,-102.996422,9xkgmv
"Niyol Wind",WT,40.654884,-102.969597,9xkgmv
"Niyol Wind",WT,40.582073,-103.025558,9xkgmv
"Niyol Wind",WT,40.700485,-102.871727,9xkgmv
"Niyol Wind",WT,40.625408,-102.986549,9xkgmv
"Niyol Wind",WT,40.622879,-103.004486,9xkgmv
"Niyol Wind",WT,40.639404,-102.897659,9xkgmv
"Niyol Wind",WT,40.549576,-103.039963,9xkgmv
"Niyol Wind",WT,40.706089,-102.85807,9xkgmv
"Niyol Wind",WT,40.53632,-103.02121,9xkgmv
"Niyol Wind",WT,40.523464,-103.068771,9xkgmv
"Niyol Wind",WT,40.600849,-102.940773,9xkgmv
"Niyol Wind",WT,40.688999,-102.917648,9xkgmv
"Glenrock",WT,43.074394,-105.835793,9xkgmv
"Peetz Table",WT,40.981892,-103.14209,9xkgmv
"Peetz Table",WT,40.981094,-103.442291,9xkgmv
"Colorado Highlands",WT,40.751492,-102.736588,9xkgmv
"Colorado Highlands",WT,40.726791,-102.779793,9xkgmv
"Colorado Highlands",WT,40.750694,-102.760689,9xkgmv
"Colorado Highlands",WT,40.721294,-102.805092,9xkgmv
"Colorado Highlands",WT,40.738792,-102.76609,9xkgmv
"Colorado Highlands",WT,40.745293,-102.800087,9xkgmv
"Colorado Highlands",WT,40.721893,-102.789291,9xkgmv
"Colorado Highlands",WT,40.730595,-102.734291,9xkgmv
"Colorado Highlands",WT,40.745293,-102.770592,9xkgmv
"Colorado Highlands",WT,40.737892,-102.750793,9xkgmv
"Colorado Highlands",WT,40.738495,-102.790291,9xkgmv
"Colorado Highlands",WT,40.761494,-102.741386,9xkgmv
"Colorado Highlands",WT,40.768993,-102.726593,9xkgmv
"Colorado Highlands",WT,40.724995,-102.801987,9xkgmv
"Colorado Highlands",WT,40.746693,-102.73999,9xkgmv
"Peetz Table",WT,40.928993,-103.254189,9xkgmv
"Colorado Highlands",WT,40.765594,-102.729988,9xkgmv
"Niyol Wind",WT,40.705162,-102.895088,9xkgmv
"Peetz Table",WT,40.998093,-103.386688,9xkgmv
"Peetz Table",WT,40.976791,-103.454887,9xkgmv
"Peetz Table",WT,40.982693,-103.137192,9xkgmv
"Peetz Table",WT,40.993393,-103.523689,9xkgmv
"Niyol Wind",WT,40.614361,-102.993675,9xkgmv
"Niyol Wind",WT,40.667892,-102.945053,9xkgmv
"Niyol Wind",WT,40.623947,-102.996956,9xkgmv
"Niyol Wind",WT,40.593971,-102.959023,9xkgmv
"Niyol Wind",WT,40.596428,-102.919952,9xkgmv
"Niyol Wind",WT,40.58617,-103.003151,9xkgmv
"Niyol Wind",WT,40.689507,-102.90432,9xkgmv
"Niyol Wind",WT,40.608227,-102.999237,9xkgmv
"Niyol Wind",WT,40.67379,-102.939423,9xkgmv
"Niyol Wind",WT,40.71405,-102.906517,9xkgmv
"Niyol Wind",WT,40.608196,-102.923134,9xkgmv
"Glenrock",WT,43.039993,-105.821289,9xkgmv
"Glenrock",WT,43.121193,-105.81459,9xkgmv
"Glenrock",WT,43.055492,-105.833488,9xkgmv
"Cedar Springs III",WT,43.123135,-105.52803,9xkgmv
"Cedar Springs II",WT,42.928371,-105.32093,9xkgmv
"Cedar Springs II",WT,42.964718,-105.269592,9xkgmv
"Cedar Springs II",WT,42.946602,-105.372002,9xkgmv
"Cedar Springs II",WT,42.923267,-105.300934,9xkgmv
"Cedar Springs II",WT,42.946877,-105.361267,9xkgmv
"Campbell Hill",WT,43.006493,-105.993385,9xkgmv
"Cedar Springs II",WT,42.994843,-105.394501,9xkgmv
"Cedar Springs II",WT,42.937832,-105.318993,9xkgmv
"Cedar Springs II",WT,42.996536,-105.415932,9xkgmv
"Cedar Springs II",WT,42.926041,-105.294418,9xkgmv
"Cedar Springs II",WT,42.911331,-105.336746,9xkgmv
"Cedar Springs II",WT,42.929794,-105.291313,9xkgmv
"Cedar Springs II",WT,42.974472,-105.455238,9xkgmv
"Cedar Springs II",WT,42.929062,-105.365463,9xkgmv
"Cedar Springs III",WT,43.087585,-105.565559,9xkgmv
"Campbell Hill",WT,43.025394,-105.990189,9xkgmv
"Cedar Springs III",WT,43.094757,-105.586403,9xkgmv
"Cedar Springs III",WT,43.112236,-105.51622,9xkgmv
"Cedar Springs III",WT,43.054977,-105.59436,9xkgmv
"Campbell Hill",WT,43.010994,-105.994286,9xkgmv
"Cedar Springs III",WT,43.127716,-105.383598,9xkgmv
"Campbell Hill",WT,43.038094,-105.971191,9xkgmv
"Campbell Hill",WT,43.022194,-105.981293,9xkgmv
"Cedar Springs III",WT,43.075703,-105.666161,9xkgmv
"Cedar Springs III",WT,43.080456,-105.659447,9xkgmv
"Campbell Hill",WT,42.984795,-106.030586,9xkgmv
"Spring Canyon",WT,40.926891,-103.03569,9xkgmv
"Cedar Springs III",WT,43.132854,-105.384422,9xkgmv
"Campbell Hill",WT,43.032093,-105.985191,9xkgmv
"Campbell Hill",WT,43.008892,-105.999489,9xkgmv
"Campbell Hill",WT,43.014591,-105.99939,9xkgmv
"Cedar Springs III",WT,43.06303,-105.6502,9xkgmv
"Campbell Hill",WT,43.029194,-106.000786,9xkgmv
"Cedar Springs III",WT,43.105354,-105.538734,9xkgmv
"Cedar Springs III",WT,43.105579,-105.557999,9xkgmv
"Cedar Springs III",WT,43.091793,-105.561424,9xkgmv
"Cedar Springs II",WT,42.993866,-105.407967,9xkgmv
"Cedar Springs III",WT,43.102547,-105.553429,9xkgmv
"Campbell Hill",WT,42.999294,-106.020988,9xkgmv
"Campbell Hill",WT,43.029793,-106.007088,9xkgmv
"Cedar Springs II",WT,43.003433,-105.405609,9xkgmv
"Cedar Springs III",WT,43.046104,-105.611557,9xkgmv
"Cedar Springs II",WT,42.920048,-105.30349,9xkgmv
"Campbell Hill",WT,43.033092,-106.001488,9xkgmv
"Cedar Springs II",WT,42.964169,-105.376633,9xkgmv
"Pioneer Wind Park",WT,42.676018,-105.880669,9xkgmv
"Pioneer Wind Park",WT,42.671543,-105.9133,9xkgmv
"Campbell Hill",WT,43.018791,-105.993385,9xkgmv
"Campbell Hill",WT,43.013695,-105.984787,9xkgmv
"Cedar Springs II",WT,42.982319,-105.43277,9xkgmv
"Cedar Springs III",WT,43.086983,-105.603134,9xkgmv
"Cedar Springs III",WT,43.079945,-105.587486,9xkgmv
"Cedar Springs III",WT,43.086353,-105.580467,9xkgmv
"Cedar Springs II",WT,42.943123,-105.372925,9xkgmv
"Cedar Springs II",WT,42.956444,-105.298058,9xkgmv
"Campbell Hill",WT,43.040993,-105.986389,9xkgmv
"Cedar Springs III",WT,43.055954,-105.666405,9xkgmv
"Campbell Hill",WT,42.997593,-106.01889,9xkgmv
"Campbell Hill",WT,43.033592,-105.971786,9xkgmv
"Cedar Springs III",WT,43.043961,-105.605721,9xkgmv
"Campbell Hill",WT,43.003391,-106.022186,9xkgmv
"Campbell Hill",WT,43.036392,-105.986588,9xkgmv
"Cedar Springs III",WT,43.067471,-105.563255,9xkgmv
"Cedar Springs III",WT,43.050198,-105.65873,9xkgmv
"Cedar Springs III",WT,43.059238,-105.668617,9xkgmv
"Cedar Springs II",WT,42.946087,-105.283539,9xkgmv
"Cedar Springs III",WT,43.069256,-105.57016,9xkgmv
"Campbell Hill",WT,43.030392,-105.973488,9xkgmv
"Campbell Hill",WT,43.035492,-106.001091,9xkgmv
"Cedar Springs III",WT,43.111408,-105.544487,9xkgmv
"Cedar Springs III",WT,43.064861,-105.558456,9xkgmv
"Cedar Springs I",WT,43.010334,-105.446487,9xkgmv
"Cedar Springs I",WT,43.022133,-105.491928,9xkgmv
"Cedar Springs I",WT,43.138412,-105.381149,9xkgmv
"Cedar Springs I",WT,43.117229,-105.462662,9xkgmv
"Cedar Springs I",WT,43.007557,-105.438759,9xkgmv
"Cedar Springs I",WT,42.9814,-105.457672,9xkgmv
"Cedar Springs I",WT,43.036808,-105.522636,9xkgmv
"Cedar Springs I",WT,43.128113,-105.369591,9xkgmv
"Cedar Springs I",WT,43.020016,-105.479538,9xkgmv
"Cedar Springs II",WT,42.924454,-105.28112,9xkgmv
"Cedar Springs II",WT,43.000946,-105.417091,9xkgmv
"Cedar Springs II",WT,42.957794,-105.386848,9xkgmv
"Cedar Springs II",WT,42.984779,-105.419792,9xkgmv
"Cedar Springs II",WT,42.936104,-105.364304,9xkgmv
"Cedar Springs I",WT,43.113155,-105.495102,9xkgmv
"Cedar Springs II",WT,42.941444,-105.272575,9xkgmv
"Cedar Springs I",WT,43.04586,-105.514183,9xkgmv
"Cedar Springs II",WT,42.916958,-105.283371,9xkgmv
"Glenrock",WT,43.006695,-105.791588,9xkgmv
"Glenrock",WT,43.064793,-105.83149,9xkgmv
"Glenrock",WT,43.094395,-105.826385,9xkgmv
"Glenrock",WT,43.025894,-105.79689,9xkgmv
"Glenrock",WT,43.061394,-105.831291,9xkgmv
"Glenrock",WT,43.014194,-105.796288,9xkgmv
"Cedar Springs II",WT,42.943756,-105.349655,9xkgmv
"Glenrock",WT,43.090393,-105.82679,9xkgmv
"Cedar Springs II",WT,42.977123,-105.422173,9xkgmv
"Cedar Springs II",WT,42.921188,-105.351013,9xkgmv
"Cedar Springs I",WT,43.018269,-105.488708,9xkgmv
"Cedar Springs II",WT,42.944721,-105.328957,9xkgmv
"Cedar Springs II",WT,42.997952,-105.405655,9xkgmv
"Cedar Springs II",WT,42.932217,-105.369698,9xkgmv
"Glenrock",WT,43.103092,-105.80999,9xkgmv
"Campbell Hill",WT,42.997894,-106.028488,9xkgmv
"Cedar Springs II",WT,42.923763,-105.343269,9xkgmv
"Cedar Springs II",WT,42.939121,-105.282402,9xkgmv
"Glenrock III",WT,43.016891,-105.81179,9xkgmv
"Campbell Hill",WT,43.024292,-105.98159,9xkgmv
"Campbell Hill",WT,43.046494,-105.997688,9xkgmv
"Campbell Hill",WT,42.996292,-106.025391,9xkgmv
"Campbell Hill",WT,43.028091,-105.978493,9xkgmv
"Campbell Hill",WT,43.024094,-106.005089,9xkgmv
"Campbell Hill",WT,43.030094,-105.983887,9xkgmv
"Campbell Hill",WT,42.981892,-106.030792,9xkgmv
"Campbell Hill",WT,42.981392,-106.02459,9xkgmv
"Campbell Hill",WT,43.005093,-105.98999,9xkgmv
"Campbell Hill",WT,43.010895,-106.000687,9xkgmv
"Campbell Hill",WT,43.008694,-105.993385,9xkgmv
"Campbell Hill",WT,42.995094,-106.021286,9xkgmv
"Cedar Springs III",WT,43.065132,-105.669724,9xkgmv
"Campbell Hill",WT,42.983692,-106.024986,9xkgmv
"Cedar Springs II",WT,42.932438,-105.271843,9xkgmv
"Campbell Hill",WT,43.040592,-105.980492,9xkgmv
"Campbell Hill",WT,43.026295,-105.975792,9xkgmv
"Cedar Springs II",WT,42.960575,-105.379753,9xkgmv
"Cedar Springs II",WT,42.938679,-105.371147,9xkgmv
"Cedar Springs II",WT,42.944832,-105.382294,9xkgmv
"Cedar Springs II",WT,42.948494,-105.329468,9xkgmv
"Cedar Springs II",WT,42.91293,-105.283173,9xkgmv
"Cedar Springs II",WT,42.951786,-105.273468,9xkgmv
"Campbell Hill",WT,42.993793,-106.029686,9xkgmv
"Cedar Springs II",WT,42.945469,-105.273369,9xkgmv
"Colorado Highlands",WT,40.754494,-102.781891,9xkgmv
"Cedar Springs II",WT,42.898396,-105.319511,9xkgmv
"Cedar Springs II",WT,42.988178,-105.419533,9xkgmv
"Glenrock III",WT,43.027092,-105.832687,9xkgmv
"Cedar Springs I",WT,43.119396,-105.449974,9xkgmv
"Glenrock III",WT,42.988392,-105.803787,9xkgmv
"Cedar Springs II",WT,42.991661,-105.418556,9xkgmv
"Cedar Springs I",WT,43.122753,-105.453789,9xkgmv
"Windy Point II",WT,45.707394,-120.865089,c21g7y
"White Creek",WT,45.822693,-120.326889,c21g7y
"Harvest Wind Farm",WT,45.779095,-120.257988,c21g7y
"Harvest Wind Farm",WT,45.815796,-120.424583,c21g7y
"Harvest Wind Farm",WT,45.804695,-120.435287,c21g7y
"Harvest Wind Farm",WT,45.780495,-120.241386,c21g7y
"Harvest Wind Farm",WT,45.790295,-120.259888,c21g7y
"Harvest Wind Farm",WT,45.788193,-120.259888,c21g7y
"Harvest Wind Farm",WT,45.767796,-120.238586,c21g7y
"Harvest Wind Farm",WT,45.806892,-120.435089,c21g7y
"Harvest Wind Farm",WT,45.813995,-120.429184,c21g7y
"Harvest Wind Farm",WT,45.806793,-120.245483,c21g7y
"Harvest Wind Farm",WT,45.802494,-120.435287,c21g7y
"Harvest Wind Farm",WT,45.795593,-120.436089,c21g7y
"Harvest Wind Farm",WT,45.790493,-120.241188,c21g7y
"White Creek",WT,45.834995,-120.364365,c21g7y
"Harvest Wind Farm",WT,45.792595,-120.241188,c21g7y
"Harvest Wind Farm",WT,45.786095,-120.259888,c21g7y
"Harvest Wind Farm",WT,45.783394,-120.259285,c21g7y
"Harvest Wind Farm",WT,45.800194,-120.435089,c21g7y
"White Creek",WT,45.819195,-120.311684,c21g7y
"White Creek",WT,45.819492,-120.386185,c21g7y
"Big Horn",WT,45.904594,-120.264282,c21g7y
"Big Horn",WT,45.899296,-120.262184,c21g7y
"Big Horn",WT,45.852695,-120.307884,c21g7y
"Big Horn",WT,45.870693,-120.296883,c21g7y
"Harvest Wind Farm",WT,45.797894,-120.435585,c21g7y
"Harvest Wind Farm",WT,45.804695,-120.245483,c21g7y
"Harvest Wind Farm",WT,45.782593,-120.241882,c21g7y
"Harvest Wind Farm",WT,45.788795,-120.226288,c21g7y
"Harvest Wind Farm",WT,45.811893,-120.431587,c21g7y
"Harvest Wind Farm",WT,45.782192,-120.230583,c21g7y
"Harvest Wind Farm",WT,45.785393,-120.411987,c21g7y
"Harvest Wind Farm",WT,45.800594,-120.24379,c21g7y
"Harvest Wind Farm",WT,45.784393,-120.227386,c21g7y
"Harvest Wind Farm",WT,45.789494,-120.411186,c21g7y
"Harvest Wind Farm",WT,45.790794,-120.228889,c21g7y
"Harvest Wind Farm",WT,45.778393,-120.240784,c21g7y
"Big Horn",WT,45.878895,-120.297485,c21g7y
"Harvest Wind Farm",WT,45.797295,-120.24379,c21g7y
"Harvest Wind Farm",WT,45.809795,-120.43409,c21g7y
"Harvest Wind Farm",WT,45.802692,-120.24379,c21g7y
"Harvest Wind Farm",WT,45.776196,-120.240189,c21g7y
"Harvest Wind Farm",WT,45.786194,-120.223785,c21g7y
"Harvest Wind Farm",WT,45.771996,-120.238983,c21g7y
"Harvest Wind Farm",WT,45.769894,-120.238289,c21g7y
"Big Horn",WT,45.921494,-120.286789,c21g7y
"Big Horn",WT,45.942493,-120.282784,c21g7y
"Big Horn",WT,45.900593,-120.262688,c21g7y
"Windy Point I (Tuolomne Wind Project)",WT,45.74514,-120.716331,c21g7y
"Windy Point I (Tuolomne Wind Project)",WT,45.760895,-120.679985,c21g7y
"Windy Point I (Tuolomne Wind Project)",WT,45.773396,-120.611588,c21g7y
"Windy Point I (Tuolomne Wind Project)",WT,45.770596,-120.615883,c21g7y
"Windy Point I (Tuolomne Wind Project)",WT,45.739395,-120.752487,c21g7y
"Harvest Wind Farm",WT,45.795193,-120.242088,c21g7y
"White Creek",WT,45.823994,-120.387085,c21g7y
"Harvest Wind Farm",WT,45.781296,-120.25779,c21g7y
"Harvest Wind Farm",WT,45.787395,-120.411583,c21g7y
"Big Horn",WT,45.934895,-120.288086,c21g7y
"Big Horn",WT,45.903194,-120.288788,c21g7y
"Big Horn",WT,45.886395,-120.257988,c21g7y
"Big Horn",WT,45.880295,-120.297684,c21g7y
"Big Horn",WT,45.935295,-120.268684,c21g7y
"Big Horn",WT,45.857994,-120.306084,c21g7y
"Big Horn",WT,45.839596,-120.268288,c21g7y
"Big Horn",WT,45.888493,-120.312187,c21g7y
"White Creek",WT,45.799793,-120.323883,c21g7y
"White Creek",WT,45.817394,-120.326782,c21g7y
"White Creek",WT,45.821495,-120.387085,c21g7y
"White Creek",WT,45.800392,-120.304787,c21g7y
"Harvest Wind Farm",WT,45.793293,-120.436089,c21g7y
"Harvest Wind Farm",WT,45.793995,-120.253082,c21g7y
"Harvest Wind Farm",WT,45.774094,-120.239586,c21g7y
"Harvest Wind Farm",WT,45.783195,-120.417984,c21g7y
"Windy Point I (Tuolomne Wind Project)",WT,45.742195,-120.760086,c21g7y
"White Creek",WT,45.834293,-120.326889,c21g7y
"White Creek",WT,45.843594,-120.359787,c21g7y
"White Creek",WT,45.818295,-120.341583,c21g7y
"White Creek",WT,45.812492,-120.293587,c21g7y
"White Creek",WT,45.798294,-120.304184,c21g7y
"White Creek",WT,45.807194,-120.340485,c21g7y
"White Creek",WT,45.811893,-120.408684,c21g7y
"White Creek",WT,45.823093,-120.297188,c21g7y
"White Creek",WT,45.817093,-120.310287,c21g7y
"White Creek",WT,45.811295,-120.355988,c21g7y
"White Creek",WT,45.803696,-120.361984,c21g7y
"White Creek",WT,45.795895,-120.372284,c21g7y
"White Creek",WT,45.811993,-120.37159,c21g7y
"White Creek",WT,45.799294,-120.365883,c21g7y
"White Creek",WT,45.797295,-120.356186,c21g7y
"White Creek",WT,45.805096,-120.339584,c21g7y
"White Creek",WT,45.816692,-120.296585,c21g7y
"White Creek",WT,45.821495,-120.371887,c21g7y
"White Creek",WT,45.807293,-120.420883,c21g7y
"White Creek",WT,45.793793,-120.373589,c21g7y
"Goodnoe Hills",WT,45.777794,-120.500389,c21g7y
"Goodnoe Hills",WT,45.790195,-120.536583,c21g7y
"Goodnoe Hills",WT,45.783592,-120.545784,c21g7y
"Goodnoe Hills",WT,45.786095,-120.564186,c21g7y
"Goodnoe Hills",WT,45.791492,-120.555389,c21g7y
"Goodnoe Hills",WT,45.783195,-120.489082,c21g7y
"Goodnoe Hills",WT,45.787792,-120.546684,c21g7y
"Goodnoe Hills",WT,45.774296,-120.478783,c21g7y
"Goodnoe Hills",WT,45.772694,-120.489189,c21g7y
"Goodnoe Hills",WT,45.776695,-120.489288,c21g7y
"Big Horn",WT,45.893494,-120.260086,c21g7y
"Big Horn",WT,45.894894,-120.260483,c21g7y
"Big Horn",WT,45.874794,-120.297089,c21g7y
"Big Horn",WT,45.850895,-120.328583,c21g7y
"Big Horn",WT,45.918694,-120.286789,c21g7y
"White Creek",WT,45.832092,-120.326782,c21g7y
"White Creek",WT,45.813793,-120.355988,c21g7y
"White Creek",WT,45.827293,-120.298988,c21g7y
"White Creek",WT,45.805794,-120.362289,c21g7y
"White Creek",WT,45.823994,-120.360489,c21g7y
"White Creek",WT,45.801495,-120.358688,c21g7y
"White Creek",WT,45.794094,-120.298187,c21g7y
"White Creek",WT,45.836292,-120.343689,c21g7y
"White Creek",WT,45.809593,-120.371384,c21g7y
"White Creek",WT,45.819996,-120.326782,c21g7y
"White Creek",WT,45.820694,-120.341988,c21g7y
"White Creek",WT,45.818993,-120.355888,c21g7y
"White Creek",WT,45.819096,-120.371887,c21g7y
"White Creek",WT,45.830395,-120.360489,c21g7y
"White Creek",WT,45.831093,-120.342484,c21g7y
"White Creek",WT,45.812893,-120.307487,c21g7y
"White Creek",WT,45.810795,-120.305984,c21g7y
"White Creek",WT,45.800694,-120.333488,c21g7y
"White Creek",WT,45.830093,-120.374886,c21g7y
"White Creek",WT,45.813293,-120.340683,c21g7y
"White Creek",WT,45.801792,-120.324287,c21g7y
"Windy Point IIa (Windy Flats Extension)",WT,45.708294,-120.862885,c21g7y
"White Creek",WT,45.829895,-120.326782,c21g7y
"White Creek",WT,45.833694,-120.342484,c21g7y
"White Creek",WT,45.814293,-120.371887,c21g7y
"White Creek",WT,45.820892,-120.296585,c21g7y
"Big Horn",WT,45.905895,-120.264786,c21g7y
"Big Horn",WT,45.853695,-120.289383,c21g7y
"Big Horn",WT,45.932594,-120.268585,c21g7y
"Big Horn",WT,45.879295,-120.277588,c21g7y
"Big Horn",WT,45.943794,-120.282684,c21g7y
"Big Horn",WT,45.845295,-120.266388,c21g7y
"White Creek",WT,45.808895,-120.360985,c21g7y
"White Creek",WT,45.811092,-120.34079,c21g7y
"White Creek",WT,45.824894,-120.374985,c21g7y
"White Creek",WT,45.825893,-120.341286,c21g7y
"White Creek",WT,45.802994,-120.338486,c21g7y
"White Creek",WT,45.796192,-120.298683,c21g7y
"White Creek",WT,45.814194,-120.408684,c21g7y
"Goodnoe Hills",WT,45.786995,-120.570686,c21g7y
"Windy Point I (Tuolomne Wind Project)",WT,45.762993,-120.686485,c21g7y
"Windy Point I (Tuolomne Wind Project)",WT,45.761295,-120.669388,c21g7y
"Big Horn",WT,45.908493,-120.265785,c21g7y
"Windy Point II",WT,45.728294,-120.839584,c21g7y
"Big Horn",WT,45.874195,-120.274788,c21g7y
"Big Horn",WT,45.872795,-120.274185,c21g7y
"Big Horn",WT,45.920094,-120.286789,c21g7y
"Big Horn",WT,45.849495,-120.290588,c21g7y
"Big Horn",WT,45.867893,-120.296989,c21g7y
"Big Horn",WT,45.855392,-120.306984,c21g7y
"Big Horn",WT,45.885895,-120.232788,c21g7y
"Big Horn",WT,45.929592,-120.285889,c21g7y
"Big Horn",WT,45.933895,-120.268585,c21g7y
"Big Horn",WT,45.852196,-120.27179,c21g7y
"Big Horn",WT,45.926895,-120.286087,c21g7y
"Big Horn 2",WT,45.958595,-120.294785,c21g7y
"Big Horn",WT,45.846695,-120.291588,c21g7y
"Big Horn",WT,45.875492,-120.275383,c21g7y
"Big Horn",WT,45.896393,-120.289383,c21g7y
"Big Horn",WT,45.865192,-120.296989,c21g7y
"Windy Point I (Tuolomne Wind Project)",WT,45.755493,-120.689087,c21g7y
"Windy Point I (Tuolomne Wind Project)",WT,45.743195,-120.708588,c21g7y
"Big Horn 2",WT,45.946716,-120.301529,c21g7y
"Windy Point I (Tuolomne Wind Project)",WT,45.771694,-120.613487,c21g7y
"Windy Point I (Tuolomne Wind Project)",WT,45.762592,-120.665085,c21g7y
"Windy Point I (Tuolomne Wind Project)",WT,45.741295,-120.730385,c21g7y
"Windy Point I (Tuolomne Wind Project)",WT,45.747295,-120.726585,c21g7y
"Windy Point I (Tuolomne Wind Project)",WT,45.769592,-120.672783,c21g7y
"Big Horn 2",WT,45.923061,-120.264618,c21g7y
"Big Horn 2",WT,45.927769,-120.267708,c21g7y
"Big Horn 2",WT,45.92646,-120.316711,c21g7y
"Big Horn 2",WT,45.972694,-120.301086,c21g7y
"Windy Point II",WT,45.703995,-120.853287,c21g7y
"Windy Point I (Tuolomne Wind Project)",WT,45.745995,-120.70089,c21g7y
"Windy Point II",WT,45.724495,-120.781487,c21g7y
"Big Horn 2",WT,45.925465,-120.266014,c21g7y
"Big Horn 2",WT,45.952293,-120.289185,c21g7y
"Big Horn 2",WT,45.932514,-120.327431,c21g7y
"Big Horn 2",WT,45.92894,-120.317932,c21g7y
"Big Horn",WT,45.857895,-120.288689,c21g7y
"Big Horn",WT,45.846794,-120.26619,c21g7y
"Big Horn",WT,45.889694,-120.234985,c21g7y
"Big Horn",WT,45.864292,-120.316185,c21g7y
"Big Horn",WT,45.843895,-120.266685,c21g7y
"Big Horn",WT,45.869293,-120.296989,c21g7y
"Big Horn",WT,45.842495,-120.267189,c21g7y
"Big Horn",WT,45.887794,-120.258385,c21g7y
"Big Horn 2",WT,45.913593,-120.253189,c21g7y
"Windy Point IIa (Windy Flats Extension)",WT,45.713696,-120.841385,c21g7y
"Big Horn 2",WT,45.962994,-120.297783,c21g7y
"Windy Point IIa (Windy Flats Extension)",WT,45.710293,-120.848785,c21g7y
"Windy Point IIa (Windy Flats Extension)",WT,45.697693,-120.876488,c21g7y
"Windy Point IIa (Windy Flats Extension)",WT,45.700092,-120.869789,c21g7y
"Windy Point IIa (Windy Flats Extension)",WT,45.703094,-120.856186,c21g7y
"Big Horn",WT,45.839294,-120.329086,c21g7y
"Windy Point I (Tuolomne Wind Project)",WT,45.745495,-120.728287,c21g7y
"Big Horn",WT,45.907192,-120.265289,c21g7y
"Big Horn",WT,45.897793,-120.289284,c21g7y
"Big Horn",WT,45.892094,-120.236984,c21g7y
"Big Horn",WT,45.838196,-120.268784,c21g7y
"Big Horn 2",WT,45.937435,-120.330444,c21g7y
"Windy Point IIa (Windy Flats Extension)",WT,45.696194,-120.877686,c21g7y
"Windy Point IIa (Windy Flats Extension)",WT,45.720993,-120.850388,c21g7y
"Big Horn",WT,45.849293,-120.32869,c21g7y
"Big Horn",WT,45.936695,-120.268585,c21g7y
"Big Horn",WT,45.901894,-120.263184,c21g7y
"Big Horn",WT,45.843395,-120.329185,c21g7y
"Big Horn",WT,45.887794,-120.289688,c21g7y
"Big Horn",WT,45.925495,-120.286385,c21g7y
"Big Horn",WT,45.885193,-120.312286,c21g7y
"Big Horn",WT,45.842094,-120.329086,c21g7y
"Big Horn",WT,45.883694,-120.312187,c21g7y
"Big Horn",WT,45.884594,-120.232285,c21g7y
"Big Horn",WT,45.899094,-120.289085,c21g7y
"Windy Point I (Tuolomne Wind Project)",WT,45.744095,-120.705788,c21g7y
"Windy Point I (Tuolomne Wind Project)",WT,45.740795,-120.750282,c21g7y
"Windy Point I (Tuolomne Wind Project)",WT,45.752193,-120.69249,c21g7y
"Windy Point II",WT,45.729595,-120.770889,c21g7y
"Windy Point II",WT,45.694794,-120.878983,c21g7y
"Windy Point I (Tuolomne Wind Project)",WT,45.749393,-120.726089,c21g7y
"Windy Point I (Tuolomne Wind Project)",WT,45.765293,-120.685989,c21g7y
"Windy Point I (Tuolomne Wind Project)",WT,45.757793,-120.688683,c21g7y
"Windy Point I (Tuolomne Wind Project)",WT,45.772594,-120.662888,c21g7y
"Windy Point II",WT,45.721695,-120.770683,c21g7y
"Windy Point I (Tuolomne Wind Project)",WT,45.779095,-120.597786,c21g7y
"Windy Point I (Tuolomne Wind Project)",WT,45.767395,-120.673088,c21g7y
"Windy Point I (Tuolomne Wind Project)",WT,45.777992,-120.582283,c21g7y
"Windy Point I (Tuolomne Wind Project)",WT,45.749195,-120.696388,c21g7y
"Windy Point I (Tuolomne Wind Project)",WT,45.761993,-120.676788,c21g7y
"Windy Point I (Tuolomne Wind Project)",WT,45.771694,-120.637383,c21g7y
"Windy Point I (Tuolomne Wind Project)",WT,45.747494,-120.697983,c21g7y
"Windy Point I (Tuolomne Wind Project)",WT,45.740395,-120.760185,c21g7y
"Windy Point II",WT,45.781895,-120.590286,c21g7y
"Big Horn",WT,45.856495,-120.288887,c21g7y
"Windy Point II",WT,45.720695,-120.758682,c21g7y
"Windy Point I (Tuolomne Wind Project)",WT,45.768295,-120.651382,c21g7y
"Windy Point I (Tuolomne Wind Project)",WT,45.765545,-120.674469,c21g7y
"Windy Point I (Tuolomne Wind Project)",WT,45.766293,-120.663589,c21g7y
"Windy Point I (Tuolomne Wind Project)",WT,45.749294,-120.715683,c21g7y
"Windy Point I (Tuolomne Wind Project)",WT,45.742794,-120.716583,c21g7y
"Windy Point I (Tuolomne Wind Project)",WT,45.772095,-120.603188,c21g7y
"Windy Point I (Tuolomne Wind Project)",WT,45.769695,-120.637489,c21g7y
"Windy Point I (Tuolomne Wind Project)",WT,45.764095,-120.676689,c21g7y
"Windy Point I (Tuolomne Wind Project)",WT,45.743595,-120.72979,c21g7y
"Windy Point I (Tuolomne Wind Project)",WT,45.763195,-120.655884,c21g7y
"Windy Point I (Tuolomne Wind Project)",WT,45.775394,-120.610786,c21g7y
"Windy Point I (Tuolomne Wind Project)",WT,45.747192,-120.71579,c21g7y
"Windy Point I (Tuolomne Wind Project)",WT,45.766293,-120.651787,c21g7y
"Windy Point I (Tuolomne Wind Project)",WT,45.743294,-120.740585,c21g7y
"Windy Point I (Tuolomne Wind Project)",WT,45.753193,-120.690384,c21g7y
"Windy Point I (Tuolomne Wind Project)",WT,45.768894,-120.623886,c21g7y
"Windy Point I (Tuolomne Wind Project)",WT,45.774693,-120.598083,c21g7y
"Windy Point I (Tuolomne Wind Project)",WT,45.741993,-120.743187,c21g7y
"Windy Point I (Tuolomne Wind Project)",WT,45.751194,-120.724586,c21g7y
"Windy Point II",WT,45.729694,-120.826286,c21g7y
"Windy Point II",WT,45.731396,-120.826187,c21g7y
"Windy Point II",WT,45.725494,-120.745789,c21g7y
"Windy Point II",WT,45.780495,-120.555885,c21g7y
"Windy Point II",WT,45.713696,-120.807686,c21g7y
"Windy Point II",WT,45.715893,-120.815186,c21g7y
"Windy Point II",WT,45.729095,-120.743187,c21g7y
"Big Horn 2",WT,45.921013,-120.262756,c21g7y
"Big Horn 2",WT,45.934891,-120.328766,c21g7y
"Big Horn 2",WT,45.917145,-120.258392,c21g7y
"Windy Point I (Tuolomne Wind Project)",WT,45.76823,-120.628906,c21g7y
"Windy Point I (Tuolomne Wind Project)",WT,45.750893,-120.694687,c21g7y
"Windy Point I (Tuolomne Wind Project)",WT,45.764694,-120.653687,c21g7y
"Windy Point I (Tuolomne Wind Project)",WT,45.764694,-120.665283,c21g7y
"Windy Point I (Tuolomne Wind Project)",WT,45.770294,-120.662186,c21g7y
"Windy Point II",WT,45.782295,-120.555984,c21g7y
"Windy Point I (Tuolomne Wind Project)",WT,45.773094,-120.600082,c21g7y
"Windy Point II",WT,45.793995,-120.604385,c21g7y
"Windy Point II",WT,45.718395,-120.756989,c21g7y
"Windy Point I (Tuolomne Wind Project)",WT,45.768192,-120.662186,c21g7y
"Windy Point I (Tuolomne Wind Project)",WT,45.741394,-120.722984,c21g7y
"Windy Point I (Tuolomne Wind Project)",WT,45.769493,-120.618484,c21g7y
"Windy Point I (Tuolomne Wind Project)",WT,45.766792,-120.638283,c21g7y
"Windy Point I (Tuolomne Wind Project)",WT,45.759396,-120.683983,c21g7y
"Big Horn 2",WT,45.930157,-120.267303,c21g7y
"Big Horn 2",WT,45.915112,-120.25602,c21g7y
"Big Horn 2",WT,45.96756,-120.300385,c21g7y
"White Creek",WT,45.826096,-120.387085,c21g7y
"Windy Point II",WT,45.693195,-120.880089,c21g7y
"Windy Point II",WT,45.726795,-120.828789,c21g7y
"Windy Point II",WT,45.724995,-120.761383,c21g7y
"Windy Point II",WT,45.719093,-120.770683,c21g7y
"Windy Point II",WT,45.727093,-120.817986,c21g7y
"Windy Point II",WT,45.707493,-120.840286,c21g7y
"Windy Point II",WT,45.722794,-120.833389,c21g7y
"Goodnoe Hills",WT,45.782593,-120.475983,c21g7y
"Goodnoe Hills",WT,45.782093,-120.524086,c21g7y
"Goodnoe Hills",WT,45.777794,-120.571884,c21g7y
"Windy Point IIa (Windy Flats Extension)",WT,45.698593,-120.871788,c21g7y
"Windy Point IIa (Windy Flats Extension)",WT,45.720695,-120.865585,c21g7y
"Windy Point II",WT,45.703194,-120.866089,c21g7y
"Windy Point II",WT,45.734493,-120.835487,c21g7y
"Windy Point II",WT,45.724495,-120.853584,c21g7y
"Windy Point II",WT,45.719395,-120.842186,c21g7y
"Windy Point IIa (Windy Flats Extension)",WT,45.717293,-120.867188,c21g7y
"Linden",WT,45.736393,-120.798988,c21g7y
"Linden",WT,45.739094,-120.770683,c21g7y
"Linden",WT,45.747093,-120.783989,c21g7y
"Linden",WT,45.738693,-120.799988,c21g7y
"Linden",WT,45.747494,-120.793983,c21g7y
"Juniper Canyon",WT,45.905495,-120.207382,c21g7y
"Juniper Canyon",WT,45.966095,-120.278885,c21g7y
"Linden",WT,45.752094,-120.799988,c21g7y
"Windy Point IIa (Windy Flats Extension)",WT,45.702496,-120.879189,c21g7y
"Linden",WT,45.746494,-120.761986,c21g7y
"Linden",WT,45.746693,-120.772583,c21g7y
"Juniper Canyon",WT,45.903507,-120.182838,c21g7y
"Linden",WT,45.742493,-120.777283,c21g7y
"Linden",WT,45.745094,-120.801987,c21g7y
"Juniper Canyon",WT,45.962593,-120.280388,c21g7y
"Windy Point IIa (Windy Flats Extension)",WT,45.701195,-120.882088,c21g7y
"Windy Point II",WT,45.788296,-120.597885,c21g7y
"Windy Point II",WT,45.723694,-120.771187,c21g7y
"Windy Point II (Windy Flats)",WT,45.727936,-120.779839,c21g7y
"Windy Point II (Windy Flats)",WT,45.714008,-120.819672,c21g7y
"Windy Point II (Windy Flats)",WT,45.717255,-120.811729,c21g7y
"Windy Point IIa (Windy Flats Extension)",WT,45.714794,-120.838585,c21g7y
"Windy Point IIa (Windy Flats Extension)",WT,45.708195,-120.836983,c21g7y
"Windy Point IIa (Windy Flats Extension)",WT,45.704994,-120.850082,c21g7y
"Linden",WT,45.733795,-120.798988,c21g7y
"Windy Point IIa (Windy Flats Extension)",WT,45.709293,-120.860489,c21g7y
"Juniper Canyon",WT,45.956696,-120.273987,c21g7y
"Juniper Canyon",WT,45.907795,-120.231384,c21g7y
"Juniper Canyon",WT,45.906994,-120.171783,c21g7y
"Juniper Canyon",WT,45.886093,-120.163483,c21g7y
"Windy Point II",WT,45.722294,-120.781387,c21g7y
"Windy Point II",WT,45.695793,-120.901886,c21g7y
"Windy Point II",WT,45.714993,-120.817589,c21g7y
"Windy Point II",WT,45.783195,-120.553787,c21g7y
"Windy Point II",WT,45.733093,-120.825684,c21g7y
"Windy Point II",WT,45.721294,-120.838287,c21g7y
"Windy Point II",WT,45.692295,-120.882187,c21g7y
"Windy Point II",WT,45.789494,-120.599884,c21g7y
"Linden",WT,45.743893,-120.785988,c21g7y
"Linden",WT,45.740795,-120.788185,c21g7y
"Linden",WT,45.749493,-120.798988,c21g7y
"Linden",WT,45.744995,-120.793884,c21g7y
"Linden",WT,45.743492,-120.770584,c21g7y
"Windy Point II",WT,45.790993,-120.601585,c21g7y
"Windy Point II",WT,45.712093,-120.831985,c21g7y
"Windy Point II",WT,45.714195,-120.827187,c21g7y
"Juniper Canyon",WT,45.895992,-120.198486,c21g7y
"Windy Point II",WT,45.726395,-120.853088,c21g7y
"Windy Point II",WT,45.689594,-120.884583,c21g7y
"Juniper Canyon",WT,45.896996,-120.201889,c21g7y
"Windy Point II",WT,45.727592,-120.770988,c21g7y
"Windy Point II",WT,45.690594,-120.901688,c21g7y
"Juniper Canyon",WT,45.922958,-120.240479,c21g7y
"Juniper Canyon",WT,45.899494,-120.221687,c21g7y
"Linden",WT,45.750996,-120.773087,c21g7y
"Windy Point II",WT,45.785393,-120.594284,c21g7y
"Windy Point II",WT,45.727093,-120.761185,c21g7y
"Windy Point II",WT,45.713196,-120.829689,c21g7y
"Windy Point II",WT,45.736294,-120.823784,c21g7y
"Windy Point II",WT,45.723194,-120.820984,c21g7y
"Windy Point II",WT,45.719494,-120.78669,c21g7y
"Windy Point II",WT,45.727993,-120.827187,c21g7y
"Windy Point II",WT,45.729893,-120.838585,c21g7y
"Windy Point II",WT,45.725994,-120.831787,c21g7y
"Windy Point II",WT,45.692196,-120.901688,c21g7y
"Windy Point II",WT,45.720894,-120.783989,c21g7y
"Juniper Canyon",WT,45.90823,-120.187363,c21g7y
"Juniper Canyon",WT,45.912289,-120.193787,c21g7y
"Big Horn",WT,45.930992,-120.285789,c21g7y
"Big Horn",WT,45.890594,-120.289688,c21g7y
"Big Horn 2",WT,45.960793,-120.296387,c21g7y
"Windy Point IIa (Windy Flats Extension)",WT,45.708893,-120.834785,c21g7y
"Windy Point IIa (Windy Flats Extension)",WT,45.698986,-120.885971,c21g7y
"Windy Point IIa (Windy Flats Extension)",WT,45.702393,-120.858788,c21g7y
"Big Horn",WT,45.894592,-120.238289,c21g7y
"Big Horn",WT,45.928295,-120.286087,c21g7y
"Big Horn",WT,45.840996,-120.267685,c21g7y
"Big Horn",WT,45.872093,-120.296989,c21g7y
"Big Horn",WT,45.864094,-120.277786,c21g7y
"Big Horn",WT,45.873394,-120.297089,c21g7y
"Big Horn",WT,45.856693,-120.306587,c21g7y
"Big Horn 2",WT,45.970196,-120.301086,c21g7y
"Big Horn",WT,45.878094,-120.276588,c21g7y
"Big Horn",WT,45.884995,-120.257584,c21g7y
"Big Horn",WT,45.900494,-120.289085,c21g7y
"Big Horn",WT,45.893394,-120.237587,c21g7y
"Big Horn",WT,45.865993,-120.273987,c21g7y
"Windy Point IIa (Windy Flats Extension)",WT,45.712193,-120.861984,c21g7y
"Big Horn 2",WT,45.965294,-120.299187,c21g7y
"Windy Point IIa (Windy Flats Extension)",WT,45.718895,-120.866287,c21g7y
"Windy Point II",WT,45.723095,-120.746185,c21g7y
"Windy Point II",WT,45.780293,-120.588585,c21g7y
"Windy Point II",WT,45.722393,-120.836388,c21g7y
"Big Horn",WT,45.924194,-120.286583,c21g7y
"Big Horn",WT,45.866592,-120.296989,c21g7y
"Big Horn",WT,45.867393,-120.273788,c21g7y
"Big Horn",WT,45.890594,-120.259186,c21g7y
"Big Horn 2",WT,45.918995,-120.260887,c21g7y
"Big Horn 2",WT,45.954292,-120.291588,c21g7y
"Big Horn 2",WT,45.956295,-120.293388,c21g7y
"Big Horn",WT,45.855095,-120.289185,c21g7y
"Big Horn",WT,45.889194,-120.289787,c21g7y
"Big Horn",WT,45.850796,-120.271988,c21g7y
"Big Horn",WT,45.877495,-120.297386,c21g7y
"Big Horn",WT,45.852295,-120.289688,c21g7y
"Linden",WT,45.738594,-120.790085,c21g7y
"Juniper Canyon",WT,45.958794,-120.276184,c21g7y
"Juniper Canyon",WT,45.950794,-120.243584,c21g7y
"Juniper Canyon",WT,45.933094,-120.249588,c21g7y
"Juniper Canyon",WT,45.900593,-120.181587,c21g7y
"Juniper Canyon",WT,45.954292,-120.271683,c21g7y
"Juniper Canyon",WT,45.921993,-120.197289,c21g7y
"Juniper Canyon",WT,45.907738,-120.210777,c21g7y
"Juniper Canyon",WT,45.892693,-120.196587,c21g7y
"Juniper Canyon",WT,45.944492,-120.229088,c21g7y
"Juniper Canyon",WT,45.905193,-120.230385,c21g7y
"Juniper Canyon",WT,45.887592,-120.214485,c21g7y
"Juniper Canyon",WT,45.951195,-120.265785,c21g7y
"Juniper Canyon",WT,45.930393,-120.247688,c21g7y
"Juniper Canyon",WT,45.913895,-120.197685,c21g7y
"Linden",WT,45.742794,-120.794189,c21g7y
"Juniper Canyon",WT,45.920193,-120.185188,c21g7y
"Linden",WT,45.748795,-120.772987,c21g7y
"Linden",WT,45.744392,-120.762184,c21g7y
"Big Horn",WT,45.922794,-120.286888,c21g7y
"White Creek",WT,45.839394,-120.361389,c21g7y
"Windy Point IIa (Windy Flats Extension)",WT,45.715893,-120.868584,c21g7y
"Juniper Canyon",WT,45.883896,-120.161583,c21g7y
"Juniper Canyon",WT,45.882996,-120.210686,c21g7y
"Juniper Canyon",WT,45.919792,-120.194687,c21g7y
"Juniper Canyon",WT,45.890594,-120.213989,c21g7y
"Juniper Canyon",WT,45.890923,-120.191841,c21g7y
"Juniper Canyon",WT,45.917995,-120.182884,c21g7y
"Juniper Canyon",WT,45.928295,-120.245384,c21g7y
"Juniper Canyon",WT,45.909695,-120.190689,c21g7y
"Juniper Canyon",WT,45.902992,-120.228088,c21g7y
"Linden",WT,45.741295,-120.770584,c21g7y
"Linden",WT,45.750893,-120.761787,c21g7y
"Linden",WT,45.748795,-120.761887,c21g7y
"Linden",WT,45.742695,-120.801888,c21g7y
"Windy Point II",WT,45.693893,-120.901787,c21g7y
"Windy Point II",WT,45.710594,-120.832886,c21g7y
"Windy Point II",WT,45.704994,-120.865288,c21g7y
"White Creek",WT,45.806595,-120.304489,c21g7y
"White Creek",WT,45.821396,-120.313087,c21g7y
"White Creek",WT,45.821194,-120.355888,c21g7y
"White Creek",WT,45.808693,-120.304688,c21g7y
"White Creek",WT,45.809296,-120.420784,c21g7y
"White Creek",WT,45.814995,-120.308884,c21g7y
"White Creek",WT,45.825195,-120.298286,c21g7y
"White Creek",WT,45.816692,-120.371986,c21g7y
"Big Horn",WT,45.894695,-120.28949,c21g7y
"Goodnoe Hills",WT,45.779594,-120.572289,c21g7y
"Goodnoe Hills",WT,45.783195,-120.537582,c21g7y
"Windy Point II",WT,45.722694,-120.761086,c21g7y
"Big Horn",WT,45.881596,-120.231888,c21g7y
"Big Horn",WT,45.840694,-120.329185,c21g7y
"White Creek",WT,45.802593,-120.305389,c21g7y
"White Creek",WT,45.827496,-120.374886,c21g7y
"White Creek",WT,45.841496,-120.360588,c21g7y
"White Creek",WT,45.828693,-120.341682,c21g7y
"Big Horn",WT,45.847794,-120.328888,c21g7y
"White Creek",WT,45.797592,-120.323486,c21g7y
"White Creek",WT,45.832596,-120.369087,c21g7y
"White Creek",WT,45.826996,-120.326889,c21g7y
"White Creek",WT,45.823593,-120.341286,c21g7y
"White Creek",WT,45.814693,-120.295189,c21g7y
"White Creek",WT,45.818794,-120.296684,c21g7y
"White Creek",WT,45.816494,-120.408684,c21g7y
"White Creek",WT,45.827995,-120.360588,c21g7y
"White Creek",WT,45.824795,-120.326889,c21g7y
"White Creek",WT,45.810394,-120.293587,c21g7y
"White Creek",WT,45.799393,-120.356186,c21g7y
"White Creek",WT,45.815495,-120.341988,c21g7y
"White Creek",WT,45.836395,-120.326782,c21g7y
"White Creek",WT,45.816296,-120.355888,c21g7y
"Big Horn",WT,45.892094,-120.259689,c21g7y
"Big Horn",WT,45.904594,-120.288788,c21g7y
"Big Horn",WT,45.883194,-120.232086,c21g7y
"Big Horn",WT,45.932392,-120.285683,c21g7y
"Big Horn",WT,45.850895,-120.290085,c21g7y
"Big Horn",WT,45.876194,-120.297287,c21g7y
"Big Horn",WT,45.933594,-120.288086,c21g7y
"Big Horn",WT,45.886894,-120.312187,c21g7y
"Big Horn",WT,45.888493,-120.233986,c21g7y
"Goodnoe Hills",WT,45.775696,-120.571182,c21g7y
"Big Horn",WT,45.871494,-120.273888,c21g7y
"Goodnoe Hills",WT,45.777195,-120.469788,c21g7y
"Goodnoe Hills",WT,45.785496,-120.511482,c21g7y
"Goodnoe Hills",WT,45.788593,-120.563484,c21g7y
"Goodnoe Hills",WT,45.773293,-120.496689,c21g7y
"Goodnoe Hills",WT,45.773396,-120.47049,c21g7y
"Goodnoe Hills",WT,45.790394,-120.547783,c21g7y
"Goodnoe Hills",WT,45.788094,-120.53669,c21g7y
"Goodnoe Hills",WT,45.789993,-120.554985,c21g7y
"Big Horn",WT,45.889194,-120.258789,c21g7y
"Goodnoe Hills",WT,45.783493,-120.511787,c21g7y
"Big Horn",WT,45.868694,-120.273788,c21g7y
"Big Horn",WT,45.849396,-120.272285,c21g7y
"Big Horn",WT,45.870094,-120.273888,c21g7y
"Windy Point II",WT,45.701694,-120.867683,c21g7y
"Big Horn",WT,45.883595,-120.257187,c21g7y
"Big Horn",WT,45.893295,-120.289589,c21g7y
"Big Horn",WT,45.876793,-120.275887,c21g7y
"Big Horn",WT,45.863895,-120.296989,c21g7y
"Big Horn",WT,45.846294,-120.328888,c21g7y
"Big Horn",WT,45.909893,-120.266388,c21g7y
"Big Horn",WT,45.847996,-120.291084,c21g7y
"Big Horn",WT,45.862995,-120.276688,c21g7y
"Big Horn",WT,45.941093,-120.282784,c21g7y
"Big Horn",WT,45.865692,-120.316284,c21g7y
"Big Horn",WT,45.853992,-120.307388,c21g7y
"Big Horn",WT,45.887196,-120.233284,c21g7y
"Big Horn",WT,45.901894,-120.288887,c21g7y
"Big Horn",WT,45.896595,-120.261086,c21g7y
"Big Horn",WT,45.862892,-120.316086,c21g7y
"Big Horn",WT,45.880196,-120.278984,c21g7y
"Goodnoe Hills",WT,45.779793,-120.500389,c21g7y
"Juniper Canyon",WT,45.919094,-120.234787,c21g7y
"Juniper Canyon",WT,45.910294,-120.233688,c21g7y
"Juniper Canyon",WT,45.885094,-120.213188,c21g7y
"Juniper Canyon",WT,45.913296,-120.233688,c21g7y
"Juniper Canyon",WT,45.901894,-120.201485,c21g7y
"Juniper Canyon",WT,45.889793,-120.168983,c21g7y
"Juniper Canyon",WT,45.968594,-120.281784,c21g7y
"Juniper Canyon",WT,45.893795,-120.214485,c21g7y
"Windy Point II",WT,45.731396,-120.837585,c21g7y
"Windy Point II",WT,45.734795,-120.825386,c21g7y
"Windy Point II",WT,45.690693,-120.882584,c21g7y
"Windy Point II",WT,45.716496,-120.791687,c21g7y
"Windy Point II",WT,45.688595,-120.901688,c21g7y
"Windy Point II",WT,45.720394,-120.824089,c21g7y
"Windy Point II",WT,45.727394,-120.744286,c21g7y
"Juniper Canyon",WT,45.904095,-120.171486,c21g7y
"Windy Point II",WT,45.718994,-120.825989,c21g7y
"Juniper Canyon",WT,45.958294,-120.249588,c21g7y
"Juniper Canyon",WT,45.948395,-120.265182,c21g7y
"Windy Point II",WT,45.732994,-120.836487,c21g7y
"Windy Point II",WT,45.706493,-120.843185,c21g7y
"Windy Point II",WT,45.718094,-120.789185,c21g7y
"Windy Point II",WT,45.716595,-120.757286,c21g7y
"Windy Point II",WT,45.724895,-120.818985,c21g7y
"Windy Point II",WT,45.728294,-120.852486,c21g7y
"Juniper Canyon",WT,45.905766,-120.18483,c21g7y
"Juniper Canyon",WT,45.925995,-120.243286,c21g7y
"Juniper Canyon",WT,45.921593,-120.236588,c21g7y
"Juniper Canyon",WT,45.946693,-120.233688,c21g7y
"Juniper Canyon",WT,45.895992,-120.177589,c21g7y
"Juniper Canyon",WT,45.903393,-120.204887,c21g7y
"Juniper Canyon",WT,45.901196,-120.224785,c21g7y
"Juniper Canyon",WT,45.887993,-120.166687,c21g7y
"Juniper Canyon",WT,45.898293,-120.179489,c21g7y
"Juniper Canyon",WT,45.888794,-120.187988,c21g7y
"Windy Point IIa (Windy Flats Extension)",WT,45.703995,-120.875488,c21g7y
"Windy Point II",WT,45.786793,-120.596085,c21g7y
"Windy Point II",WT,45.792595,-120.602989,c21g7y
"Goodnoe Hills",WT,45.785694,-120.547188,c21g7y
"Goodnoe Hills",WT,45.776592,-120.51339,c21g7y
"Goodnoe Hills",WT,45.781395,-120.488487,c21g7y
"Goodnoe Hills",WT,45.781193,-120.564087,c21g7y
"Goodnoe Hills",WT,45.781796,-120.517487,c21g7y
"Goodnoe Hills",WT,45.778393,-120.521187,c21g7y
"Goodnoe Hills",WT,45.789192,-120.569786,c21g7y
"Goodnoe Hills",WT,45.779896,-120.476883,c21g7y
"Goodnoe Hills",WT,45.785694,-120.536987,c21g7y
"Goodnoe Hills",WT,45.784492,-120.475082,c21g7y
"Goodnoe Hills",WT,45.779293,-120.489983,c21g7y
"Goodnoe Hills",WT,45.786896,-120.511482,c21g7y
"Goodnoe Hills",WT,45.774994,-120.507889,c21g7y
"Goodnoe Hills",WT,45.775394,-120.472885,c21g7y
"Goodnoe Hills",WT,45.781193,-120.511589,c21g7y
"Goodnoe Hills",WT,45.788094,-120.555389,c21g7y
"Windy Point II",WT,45.715794,-120.770386,c21g7y
"Goodnoe Hills",WT,45.777195,-120.478485,c21g7y
"Goodnoe Hills",WT,45.778595,-120.513687,c21g7y
"Windy Point II",WT,45.720093,-120.83989,c21g7y
"Juniper Canyon",WT,45.91634,-120.234505,c21g7y
"Juniper Canyon",WT,45.956295,-120.246689,c21g7y
"Juniper Canyon",WT,45.948692,-120.238884,c21g7y
"Juniper Canyon",WT,45.953995,-120.244682,c21g7y
"Windy Point II",WT,45.783894,-120.592583,c21g7y
"Windy Point II",WT,45.725594,-120.771286,c21g7y
"Big Horn",WT,45.903194,-120.263786,c21g7y
"Big Horn",WT,45.905994,-120.288788,c21g7y
"Big Horn",WT,45.845394,-120.292183,c21g7y
"Big Horn",WT,45.859394,-120.305588,c21g7y
"Big Horn",WT,45.891994,-120.289589,c21g7y
"Big Horn",WT,45.890896,-120.236084,c21g7y
"Big Horn",WT,45.897995,-120.261688,c21g7y
"Goodnoe Hills",WT,45.774994,-120.488083,c21g7y
"Goodnoe Hills",WT,45.783394,-120.571686,c21g7y
"Windy Point IIa (Windy Flats Extension)",WT,45.705692,-120.846588,c21g7y
"Coastal Energy",WT,46.791294,-124.062088,c237sz
"Coastal Energy",WT,46.794094,-124.068687,c237sz
"Skookumchuck",WT,46.695404,-122.535683,c237sz
"Skookumchuck",WT,46.712406,-122.589287,c237sz
"Skookumchuck",WT,46.751606,-122.661018,c237sz
"Skookumchuck",WT,46.754021,-122.669838,c237sz
"Skookumchuck",WT,46.698166,-122.547882,c237sz
"Skookumchuck",WT,46.737484,-122.635384,c237sz
"Skookumchuck",WT,46.687485,-122.507385,c237sz
"Skookumchuck",WT,46.725075,-122.620186,c237sz
"Skookumchuck",WT,46.685093,-122.499489,c237sz
"Skookumchuck",WT,46.713074,-122.593384,c237sz
"Skookumchuck",WT,46.722004,-122.606384,c237sz
"Skookumchuck",WT,46.696064,-122.521782,c237sz
"Skookumchuck",WT,46.704243,-122.559288,c237sz
"Skookumchuck",WT,46.713573,-122.599983,c237sz
"Skookumchuck",WT,46.691433,-122.517487,c237sz
"Skookumchuck",WT,46.710785,-122.584785,c237sz
"Coastal Energy",WT,46.793896,-124.066582,c237sz
"Skookumchuck",WT,46.730225,-122.626282,c237sz
"Skookumchuck",WT,46.685745,-122.503983,c237sz
"Skookumchuck",WT,46.747486,-122.652885,c237sz
"Skookumchuck",WT,46.748943,-122.657883,c237sz
"Skookumchuck",WT,46.697723,-122.543884,c237sz
"Skookumchuck",WT,46.701305,-122.551788,c237sz
"Coastal Energy",WT,46.792496,-124.064682,c237sz
"Skookumchuck",WT,46.718765,-122.602585,c237sz
"Skookumchuck",WT,46.732895,-122.628983,c237sz
"Skookumchuck",WT,46.725334,-122.614883,c237sz
"Skookumchuck",WT,46.689865,-122.513489,c237sz
"Skookumchuck",WT,46.696766,-122.540085,c237sz
"Skookumchuck",WT,46.695393,-122.530388,c237sz
"Skookumchuck",WT,46.723286,-122.611687,c237sz
"Skookumchuck",WT,46.734974,-122.631584,c237sz
"Skookumchuck",WT,46.702156,-122.579384,c237sz
"Skookumchuck",WT,46.751923,-122.667145,c237sz
"Skookumchuck",WT,46.740673,-122.637383,c237sz
"Skookumchuck",WT,46.728153,-122.622887,c237sz
"Skookumchuck",WT,46.702576,-122.573883,c237sz
"Skookumchuck",WT,46.704403,-122.570389,c237sz
"Skookumchuck",WT,46.706623,-122.562485,c237sz
"Skookumchuck",WT,46.704296,-122.582382,c237sz
"Biglow Canyon III",WT,45.621994,-120.532089,c245ue
"Biglow Canyon III",WT,45.637592,-120.522888,c245ue
"Biglow Canyon III",WT,45.643696,-120.53389,c245ue
"Biglow Canyon III",WT,45.623993,-120.53299,c245ue
"Biglow Canyon III",WT,45.642193,-120.578888,c245ue
"Biglow Canyon III",WT,45.640495,-120.511482,c245ue
"Biglow Canyon III",WT,45.652096,-120.544884,c245ue
"Biglow Canyon III",WT,45.657394,-120.561989,c245ue
"Biglow Canyon III",WT,45.640495,-120.564087,c245ue
"Biglow Canyon II",WT,45.633694,-120.651588,c245ue
"Biglow Canyon II",WT,45.615395,-120.617287,c245ue
"Biglow Canyon II",WT,45.663296,-120.677284,c245ue
"Biglow Canyon II",WT,45.617092,-120.617287,c245ue
"Klondike III",WT,45.596493,-120.486282,c245ue
"Biglow Canyon III",WT,45.635094,-120.539886,c245ue
"Biglow Canyon III",WT,45.625793,-120.53299,c245ue
"Biglow Canyon III",WT,45.615894,-120.530785,c245ue
"Biglow Canyon III",WT,45.620792,-120.588882,c245ue
"Klondike III",WT,45.607994,-120.553185,c245ue
"Biglow Canyon III",WT,45.645695,-120.563187,c245ue
"Biglow Canyon III",WT,45.652794,-120.577988,c245ue
"Biglow Canyon III",WT,45.652493,-120.564888,c245ue
"Biglow Canyon III",WT,45.638393,-120.579987,c245ue
"Biglow Canyon III",WT,45.643993,-120.578384,c245ue
"Biglow Canyon III",WT,45.630795,-120.544388,c245ue
"Biglow Canyon III",WT,45.654793,-120.576088,c245ue
"Biglow Canyon III",WT,45.636593,-120.580086,c245ue
"Biglow Canyon III",WT,45.645893,-120.602089,c245ue
"Biglow Canyon III",WT,45.643894,-120.563286,c245ue
"Biglow Canyon III",WT,45.644196,-120.548782,c245ue
"Biglow Canyon III",WT,45.645992,-120.549187,c245ue
"Biglow Canyon III",WT,45.628395,-120.531288,c245ue
"Biglow Canyon III",WT,45.641594,-120.536087,c245ue
"Klondike III",WT,45.550896,-120.613686,c245ue
"Biglow Canyon III",WT,45.669495,-120.571983,c245ue
"Klondike III",WT,45.561092,-120.621284,c245ue
"Biglow Canyon III",WT,45.630592,-120.514389,c245ue
"Biglow Canyon III",WT,45.649796,-120.529587,c245ue
"Klondike III",WT,45.604195,-120.531982,c245ue
"Biglow Canyon II",WT,45.670994,-120.681183,c245ue
"Klondike III",WT,45.578995,-120.505882,c245ue
"Klondike III",WT,45.580093,-120.480286,c245ue
"Biglow Canyon III",WT,45.630695,-120.529083,c245ue
"Biglow Canyon III",WT,45.625996,-120.548386,c245ue
"Klondike III",WT,45.541157,-120.604965,c245ue
"Biglow Canyon III",WT,45.628494,-120.546585,c245ue
"Biglow Canyon III",WT,45.640095,-120.599487,c245ue
"Biglow Canyon III",WT,45.658993,-120.571884,c245ue
"Biglow Canyon III",WT,45.644592,-120.51899,c245ue
"Biglow Canyon III",WT,45.647694,-120.602684,c245ue
"Klondike III",WT,45.600796,-120.531982,c245ue
"Biglow Canyon III",WT,45.632893,-120.542183,c245ue
"Biglow Canyon III",WT,45.632393,-120.584183,c245ue
"Biglow Canyon III",WT,45.640194,-120.579582,c245ue
"Klondike III",WT,45.577694,-120.551788,c245ue
"Klondike III",WT,45.549595,-120.662987,c245ue
"Klondike III",WT,45.545193,-120.613884,c245ue
"Klondike III",WT,45.543896,-120.566689,c245ue
"Klondike III",WT,45.603992,-120.558884,c245ue
"Klondike III",WT,45.595394,-120.531982,c245ue
"Klondike III",WT,45.559593,-120.621284,c245ue
"Klondike III",WT,45.556793,-120.662186,c245ue
"Klondike III",WT,45.545494,-120.566887,c245ue
"Klondike III",WT,45.615093,-120.588585,c245ue
"Biglow Canyon II",WT,45.622692,-120.627884,c245ue
"Biglow Canyon II",WT,45.635395,-120.596588,c245ue
"Biglow Canyon II",WT,45.642994,-120.65519,c245ue
"Biglow Canyon III",WT,45.649296,-120.577789,c245ue
"Biglow Canyon III",WT,45.642193,-120.520988,c245ue
"Klondike III",WT,45.542694,-120.604988,c245ue
"Biglow Canyon III",WT,45.651592,-120.529083,c245ue
"Leaning Juniper II",WT,45.579395,-120.195587,c245ue
"Biglow Canyon III",WT,45.664696,-120.569588,c245ue
"Star Point",WT,45.523193,-120.428085,c245ue
"Star Point",WT,45.538296,-120.431183,c245ue
"Star Point",WT,45.509693,-120.483589,c245ue
"Star Point",WT,45.527893,-120.521683,c245ue
"Star Point",WT,45.483093,-120.530388,c245ue
"Star Point",WT,45.507195,-120.481888,c245ue
"Star Point",WT,45.477894,-120.525986,c245ue
"Star Point",WT,45.516495,-120.488785,c245ue
"Star Point",WT,45.520393,-120.522285,c245ue
"Star Point",WT,45.492794,-120.528885,c245ue
"Star Point",WT,45.541492,-120.423386,c245ue
"Star Point",WT,45.522995,-120.450485,c245ue
"Star Point",WT,45.469593,-120.540283,c245ue
"Star Point",WT,45.513596,-120.486687,c245ue
"Star Point",WT,45.509594,-120.471786,c245ue
"Star Point",WT,45.506695,-120.470085,c245ue
"Star Point",WT,45.512695,-120.443588,c245ue
"Star Point",WT,45.472393,-120.524086,c245ue
"Biglow Canyon III",WT,45.618095,-120.531586,c245ue
"Star Point",WT,45.515392,-120.443489,c245ue
"Star Point",WT,45.471992,-120.540184,c245ue
"Star Point",WT,45.462692,-120.529984,c245ue
"Star Point",WT,45.515896,-120.457687,c245ue
"Star Point",WT,45.522793,-120.522186,c245ue
"Star Point",WT,45.512794,-120.473686,c245ue
"Star Point",WT,45.519894,-120.452286,c245ue
"Star Point",WT,45.490692,-120.530785,c245ue
"Star Point",WT,45.464596,-120.526382,c245ue
"Star Point",WT,45.549496,-120.423088,c245ue
"Star Point",WT,45.467094,-120.526489,c245ue
"Star Point",WT,45.475494,-120.524689,c245ue
"Star Point",WT,45.544193,-120.423386,c245ue
"Star Point",WT,45.525696,-120.429085,c245ue
"Star Point",WT,45.525192,-120.52179,c245ue
"Star Point",WT,45.469994,-120.526588,c245ue
"Star Point",WT,45.520596,-120.428085,c245ue
"Biglow Canyon III",WT,45.639893,-120.522087,c245ue
"Biglow Canyon III",WT,45.622494,-120.588486,c245ue
"Biglow Canyon III",WT,45.620094,-120.532188,c245ue
"Biglow Canyon III",WT,45.667095,-120.570786,c245ue
"Biglow Canyon III",WT,45.645695,-120.531487,c245ue
"Biglow Canyon III",WT,45.638794,-120.511383,c245ue
"Biglow Canyon III",WT,45.636993,-120.564789,c245ue
"Biglow Canyon III",WT,45.639793,-120.536087,c245ue
"Biglow Canyon III",WT,45.645794,-120.577789,c245ue
"Biglow Canyon III",WT,45.637295,-120.537689,c245ue
"Biglow Canyon III",WT,45.632793,-120.512589,c245ue
"Biglow Canyon III",WT,45.644093,-120.602783,c245ue
"Biglow Canyon III",WT,45.628296,-120.516083,c245ue
"Biglow Canyon III",WT,45.635094,-120.510887,c245ue
"Biglow Canyon III",WT,45.630363,-120.584503,c245ue
"Biglow Canyon III",WT,45.661194,-120.569786,c245ue
"Klondike IIIA",WT,45.548992,-120.587685,c245ue
"Klondike III",WT,45.569393,-120.529488,c245ue
"Star Point",WT,45.516895,-120.475288,c245ue
"Star Point",WT,45.535694,-120.431686,c245ue
"Star Point",WT,45.479794,-120.539787,c245ue
"Star Point",WT,45.530895,-120.521683,c245ue
"Star Point",WT,45.546795,-120.423286,c245ue
"Star Point",WT,45.552494,-120.422783,c245ue
"Star Point",WT,45.488194,-120.530785,c245ue
"Star Point",WT,45.480293,-120.528183,c245ue
"Klondike IIIA",WT,45.563892,-120.507088,c245ue
"Klondike IIIA",WT,45.555893,-120.590088,c245ue
"Star Point",WT,45.474396,-120.539284,c245ue
"Klondike IIIA",WT,45.541195,-120.539383,c245ue
"Star Point",WT,45.477394,-120.539284,c245ue
"Star Point",WT,45.512894,-120.457886,c245ue
"Star Point",WT,45.485695,-120.530586,c245ue
"Biglow Canyon III",WT,45.634792,-120.580284,c245ue
"Klondike IIIA",WT,45.558994,-120.639282,c245ue
"Horseshoe Bend",WT,45.571495,-120.023888,c245ue
"Klondike II",WT,45.577793,-120.600388,c245ue
"Leaning Juniper II",WT,45.603092,-120.157684,c245ue
"Leaning Juniper II",WT,45.656593,-120.234085,c245ue
"Leaning Juniper II",WT,45.596493,-120.183487,c245ue
"Leaning Juniper II",WT,45.682194,-120.171783,c245ue
"Leaning Juniper II",WT,45.629192,-120.141884,c245ue
"Leaning Juniper II",WT,45.688694,-120.176483,c245ue
"Leaning Juniper II",WT,45.619194,-120.139984,c245ue
"Leaning Juniper II",WT,45.682392,-120.203583,c245ue
"Leaning Juniper II",WT,45.654392,-120.232986,c245ue
"Leaning Juniper II",WT,45.627075,-120.141998,c245ue
"Leaning Juniper II",WT,45.688694,-120.203087,c245ue
"Rattlesnake Road",WT,45.707195,-120.22139,c245ue
"Rattlesnake Road",WT,45.694294,-120.245789,c245ue
"Rattlesnake Road",WT,45.674995,-120.221886,c245ue
"Rattlesnake Road",WT,45.676594,-120.222588,c245ue
"Rattlesnake Road",WT,45.680794,-120.268089,c245ue
"Rattlesnake Road",WT,45.712395,-120.231087,c245ue
"Leaning Juniper II",WT,45.572395,-120.136482,c245ue
"Leaning Juniper II",WT,45.606792,-120.176582,c245ue
"Leaning Juniper II",WT,45.644295,-120.228889,c245ue
"Leaning Juniper II",WT,45.639694,-120.245285,c245ue
"Leaning Juniper II",WT,45.575993,-120.177887,c245ue
"Leaning Juniper II",WT,45.578495,-120.139587,c245ue
"Leaning Juniper II",WT,45.642593,-120.293983,c245ue
"Leaning Juniper II",WT,45.609493,-120.127083,c245ue
"Leaning Juniper II",WT,45.582195,-120.179283,c245ue
"Leaning Juniper II",WT,45.598595,-120.182983,c245ue
"Leaning Juniper II",WT,45.641994,-120.273186,c245ue
"Leaning Juniper II",WT,45.600193,-120.170586,c245ue
"Leaning Juniper II",WT,45.572994,-120.194084,c245ue
"Leaning Juniper II",WT,45.636192,-120.294685,c245ue
"Leaning Juniper II",WT,45.599396,-120.140182,c245ue
"Leaning Juniper II",WT,45.648293,-120.298889,c245ue
"Leaning Juniper II",WT,45.614594,-120.171684,c245ue
"Leaning Juniper II",WT,45.647293,-120.274086,c245ue
"Leaning Juniper II",WT,45.595894,-120.123283,c245ue
"Leaning Juniper II",WT,45.623001,-120.140228,c245ue
"Leaning Juniper II",WT,45.676395,-120.182289,c245ue
"Leaning Juniper II",WT,45.605392,-120.156487,c245ue
"Leaning Juniper II",WT,45.662094,-120.284088,c245ue
"Leaning Juniper II",WT,45.645893,-120.298988,c245ue
"Leaning Juniper II",WT,45.635193,-120.232483,c245ue
"Leaning Juniper II",WT,45.658592,-120.283989,c245ue
"Leaning Juniper II",WT,45.684692,-120.171684,c245ue
"Leaning Juniper II",WT,45.584595,-120.142189,c245ue
"Condon Wind Project, phase II",WT,45.285095,-120.272484,c245ue
"Condon Wind Project, phase II",WT,45.278893,-120.271088,c245ue
"Condon Wind Project, phase II",WT,45.295895,-120.273582,c245ue
"Condon Wind Project, phase II",WT,45.289295,-120.267784,c245ue
"Condon Wind Project, phase II",WT,45.287334,-120.28701,c245ue
"Condon Wind Project, phase II",WT,45.283894,-120.272186,c245ue
"Condon Wind Project, phase II",WT,45.298294,-120.256485,c245ue
"Condon Wind Project, phase II",WT,45.297195,-120.273987,c245ue
"Condon Wind Project, phase II",WT,45.287994,-120.267387,c245ue
"Condon Wind Project, phase II",WT,45.307995,-120.265488,c245ue
"Condon Wind Project, phase II",WT,45.29187,-120.288818,c245ue
"Condon Wind Project, phase II",WT,45.286106,-120.28653,c245ue
"Condon Wind Project, phase II",WT,45.305893,-120.255684,c245ue
"Condon Wind Project, phase II",WT,45.277611,-120.270767,c245ue
"Condon Wind Project, phase II",WT,45.293125,-120.289063,c245ue
"Condon Wind Project, phase II",WT,45.306694,-120.265182,c245ue
"Condon Wind Project, phase II",WT,45.304195,-120.264587,c245ue
"Condon Wind Project, phase II",WT,45.289776,-120.287979,c245ue
"Condon Wind Project, phase II",WT,45.308395,-120.255486,c245ue
"Condon Wind Project, phase II",WT,45.294399,-120.28904,c245ue
"Montague",WT,45.560104,-120.129684,c245ue
"Willow Creek",WT,45.652893,-120.017883,c245ue
"Leaning Juniper II",WT,45.593094,-120.127686,c245ue
"Leaning Juniper II",WT,45.644695,-120.273689,c245ue
"Leaning Juniper II",WT,45.633194,-120.139885,c245ue
"Leaning Juniper II",WT,45.591595,-120.168884,c245ue
"Leaning Juniper II",WT,45.601494,-120.140488,c245ue
"Leaning Juniper II",WT,45.635895,-120.245689,c245ue
"Leaning Juniper II",WT,45.577293,-120.196182,c245ue
"Leaning Juniper II",WT,45.691795,-120.201683,c245ue
"Leaning Juniper II",WT,45.589493,-120.168983,c245ue
"Leaning Juniper II",WT,45.611492,-120.125587,c245ue
"Leaning Juniper II",WT,45.595795,-120.170189,c245ue
"Leaning Juniper II",WT,45.643795,-120.244186,c245ue
"Leaning Juniper II",WT,45.57811,-120.177643,c245ue
"Leaning Juniper II",WT,45.576492,-120.138489,c245ue
"Leaning Juniper II",WT,45.603695,-120.139786,c245ue
"Leaning Juniper II",WT,45.605392,-120.127777,c245ue
"Leaning Juniper II",WT,45.640896,-120.229286,c245ue
"Leaning Juniper II",WT,45.610641,-120.136002,c245ue
"Rattlesnake Road",WT,45.680595,-120.237984,c245ue
"Leaning Juniper II",WT,45.664696,-120.283989,c245ue
"Leaning Juniper II",WT,45.600994,-120.125183,c245ue
"Leaning Juniper II",WT,45.570293,-120.136284,c245ue
"Leaning Juniper II",WT,45.624992,-120.141586,c245ue
"Wheatfield",WT,45.657394,-120.300484,c245ue
"Wheatfield",WT,45.658195,-120.318787,c245ue
"Wheatfield",WT,45.668594,-120.301788,c245ue
"Wheatfield",WT,45.656593,-120.318184,c245ue
"Wheatfield",WT,45.643593,-120.313683,c245ue
"Wheatfield",WT,45.674595,-120.303986,c245ue
"Wheatfield",WT,45.685093,-120.336586,c245ue
"Wheatfield",WT,45.692196,-120.306686,c245ue
"Wheatfield",WT,45.685295,-120.317085,c245ue
"Wheatfield",WT,45.686893,-120.317085,c245ue
"Wheatfield",WT,45.645195,-120.314583,c245ue
"Wheatfield",WT,45.680695,-120.318687,c245ue
"Wheatfield",WT,45.675144,-120.330383,c245ue
"Wheatfield",WT,45.666096,-120.29509,c245ue
"Wheatfield",WT,45.664494,-120.313484,c245ue
"Wheatfield",WT,45.660694,-120.302589,c245ue
"Wheatfield",WT,45.678993,-120.318382,c245ue
"Wheatfield",WT,45.693695,-120.306389,c245ue
"Wheatfield",WT,45.667793,-120.323883,c245ue
"Wheatfield",WT,45.678276,-120.331345,c245ue
"Rattlesnake Road",WT,45.672493,-120.288284,c245ue
"Rattlesnake Road",WT,45.677494,-120.245888,c245ue
"Rattlesnake Road",WT,45.710094,-120.227684,c245ue
"Rattlesnake Road",WT,45.698593,-120.24939,c245ue
"Rattlesnake Road",WT,45.670895,-120.288788,c245ue
"Rattlesnake Road",WT,45.66806,-120.247177,c245ue
"Rattlesnake Road",WT,45.680393,-120.223686,c245ue
"Rattlesnake Road",WT,45.700493,-120.252487,c245ue
"Rattlesnake Road",WT,45.701195,-120.214783,c245ue
"Rattlesnake Road",WT,45.671993,-120.220787,c245ue
"Rattlesnake Road",WT,45.713593,-120.23259,c245ue
"Rattlesnake Road",WT,45.678093,-120.223083,c245ue
"Rattlesnake Road",WT,45.708794,-120.226089,c245ue
"Rattlesnake Road",WT,45.683193,-120.225685,c245ue
"Rattlesnake Road",WT,45.672665,-120.24559,c245ue
"Rattlesnake Road",WT,45.697193,-120.211784,c245ue
"Rattlesnake Road",WT,45.701893,-120.253586,c245ue
"Rattlesnake Road",WT,45.692894,-120.245384,c245ue
"Rattlesnake Road",WT,45.685295,-120.240784,c245ue
"Rattlesnake Road",WT,45.711292,-120.229286,c245ue
"Rattlesnake Road",WT,45.695694,-120.211189,c245ue
"Wheatfield",WT,45.670296,-120.302788,c245ue
"Wheatfield",WT,45.653393,-120.317184,c245ue
"Wheatfield",WT,45.666096,-120.313683,c245ue
"Wheatfield",WT,45.695393,-120.305885,c245ue
"Rattlesnake Road",WT,45.684395,-120.268883,c245ue
"Leaning Juniper II",WT,45.589993,-120.142082,c245ue
"Leaning Juniper II",WT,45.586292,-120.180588,c245ue
"Leaning Juniper II",WT,45.639595,-120.295883,c245ue
"Leaning Juniper II",WT,45.685593,-120.203484,c245ue
"Leaning Juniper II",WT,45.597996,-120.170685,c245ue
"Leaning Juniper II",WT,45.650795,-120.298988,c245ue
"Leaning Juniper II",WT,45.608795,-120.175385,c245ue
"Leaning Juniper II",WT,45.617596,-120.15519,c245ue
"Leaning Juniper II",WT,45.580593,-120.140289,c245ue
"Leaning Juniper II",WT,45.598392,-120.125488,c245ue
"Leaning Juniper II",WT,45.603294,-120.128189,c245ue
"Leaning Juniper II",WT,45.650394,-120.273888,c245ue
"Leaning Juniper II",WT,45.651196,-120.259285,c245ue
"Leaning Juniper II",WT,45.587093,-120.142784,c245ue
"Leaning Juniper II",WT,45.593693,-120.169609,c245ue
"Leaning Juniper II",WT,45.686794,-120.173782,c245ue
"Leaning Juniper II",WT,45.590225,-120.182846,c245ue
"Leaning Juniper II",WT,45.581295,-120.197487,c245ue
"Rattlesnake Road",WT,45.684593,-120.226883,c245ue
"Condon Wind Project, phase II",WT,45.300793,-120.256187,c245ue
"Willow Creek",WT,45.657795,-120.017784,c245ue
"Wheatfield",WT,45.658993,-120.301582,c245ue
"Wheatfield",WT,45.655693,-120.299683,c245ue
"Wheatfield",WT,45.649895,-120.316284,c245ue
"Wheatfield",WT,45.689693,-120.338287,c245ue
"Wheatfield",WT,45.676712,-120.330849,c245ue
"Wheatfield",WT,45.654995,-120.317589,c245ue
"Wheatfield",WT,45.675793,-120.318283,c245ue
"Wheatfield",WT,45.672493,-120.324989,c245ue
"Wheatfield",WT,45.686592,-120.33709,c245ue
"Wheatfield",WT,45.682293,-120.318283,c245ue
"Wheatfield",WT,45.651794,-120.317085,c245ue
"Wheatfield",WT,45.672092,-120.303085,c245ue
"Wheatfield",WT,45.683792,-120.317688,c245ue
"Wheatfield",WT,45.688095,-120.337685,c245ue
"Wheatfield",WT,45.683594,-120.335686,c245ue
"Wheatfield",WT,45.667393,-120.296684,c245ue
"Wheatfield",WT,45.679794,-120.332085,c245ue
"Wheatfield",WT,45.677395,-120.318283,c245ue
"Wheatfield",WT,45.648396,-120.315689,c245ue
"Wheatfield",WT,45.669395,-120.324387,c245ue
"Rattlesnake Road",WT,45.673492,-120.221283,c245ue
"Condon Wind Project, phase II",WT,45.307095,-120.255585,c245ue
"Condon Wind Project, phase II",WT,45.282593,-120.271889,c245ue
"Condon Wind Project, phase II",WT,45.29821,-120.289032,c245ue
"Horseshoe Bend",WT,45.575596,-120.066788,c245ue
"Horseshoe Bend",WT,45.600292,-120.028084,c245ue
"Horseshoe Bend",WT,45.600193,-120.069389,c245ue
"Horseshoe Bend",WT,45.580994,-120.058083,c245ue
"Horseshoe Bend",WT,45.611393,-120.037384,c245ue
"Pebble Springs",WT,45.745434,-120.125465,c245ue
"Horseshoe Bend",WT,45.586796,-120.068588,c245ue
"Horseshoe Bend",WT,45.604492,-120.072685,c245ue
"Horseshoe Bend",WT,45.569492,-120.023384,c245ue
"Horseshoe Bend",WT,45.586395,-120.043083,c245ue
"Horseshoe Bend",WT,45.566494,-120.058189,c245ue
"Horseshoe Bend",WT,45.598095,-120.027184,c245ue
"Horseshoe Bend",WT,45.575394,-120.025284,c245ue
"Shepherds Flat",WT,45.761192,-120.053886,c245ue
"Shepherds Flat",WT,45.756393,-120.068489,c245ue
"Shepherds Flat",WT,45.760593,-120.092087,c245ue
"Shepherds Flat",WT,45.726192,-120.085983,c245ue
"Shepherds Flat",WT,45.759594,-120.034485,c245ue
"Klondike II",WT,45.607094,-120.588188,c245ue
"Horseshoe Bend",WT,45.584995,-120.068489,c245ue
"Horseshoe Bend",WT,45.595493,-120.025688,c245ue
"Horseshoe Bend",WT,45.582493,-120.040985,c245ue
"Condon Wind Project, phase I",WT,45.233276,-120.244453,c245ue
"Condon Wind Project, phase I",WT,45.23077,-120.243866,c245ue
"Condon Wind Project, phase I",WT,45.251194,-120.273384,c245ue
"Condon Wind Project, phase I",WT,45.283894,-120.282883,c245ue
"Condon Wind Project, phase I",WT,45.228382,-120.256157,c245ue
"Condon Wind Project, phase I",WT,45.275295,-120.279785,c245ue
"Condon Wind Project, phase I",WT,45.234756,-120.256226,c245ue
"Condon Wind Project, phase I",WT,45.224899,-120.254082,c245ue
"Pebble Springs",WT,45.679493,-120.094589,c245ue
"Pebble Springs",WT,45.706196,-120.124985,c245ue
"Pebble Springs",WT,45.671394,-120.093483,c245ue
"Horseshoe Bend",WT,45.590595,-120.048782,c245ue
"Shepherds Flat",WT,45.737495,-120.053085,c245ue
"Horseshoe Bend",WT,45.600094,-120.048782,c245ue
"Horseshoe Bend",WT,45.577095,-120.056984,c245ue
"Horseshoe Bend",WT,45.591793,-120.026382,c245ue
"Horseshoe Bend",WT,45.573795,-120.065987,c245ue
"Horseshoe Bend",WT,45.602093,-120.049889,c245ue
"Horseshoe Bend",WT,45.590096,-120.011986,c245ue
"Shepherds Flat",WT,45.764393,-120.043083,c245ue
"Shepherds Flat",WT,45.754593,-120.034782,c245ue
"Shepherds Flat",WT,45.699993,-120.093384,c245ue
"Shepherds Flat",WT,45.716293,-120.047684,c245ue
"Pebble Springs",WT,45.663593,-120.116287,c245ue
"Pebble Springs",WT,45.729794,-120.125389,c245ue
"Pebble Springs",WT,45.723293,-120.125786,c245ue
"Pebble Springs",WT,45.737495,-120.125389,c245ue
"Pebble Springs",WT,45.720695,-120.126984,c245ue
"Pebble Springs",WT,45.643894,-120.128784,c245ue
"Pebble Springs",WT,45.688694,-120.097084,c245ue
"Pebble Springs",WT,45.641594,-120.126785,c245ue
"Pebble Springs",WT,45.727795,-120.126083,c245ue
"Pebble Springs",WT,45.686893,-120.095985,c245ue
"Pebble Springs",WT,45.668896,-120.093384,c245ue
"Pebble Springs",WT,45.646194,-120.132088,c245ue
"Pebble Springs",WT,45.665295,-120.117386,c245ue
"Pebble Springs",WT,45.700695,-120.125084,c245ue
"Pebble Springs",WT,45.673595,-120.093887,c245ue
"Pebble Springs",WT,45.702892,-120.125984,c245ue
"Pebble Springs",WT,45.725796,-120.125084,c245ue
"Pebble Springs",WT,45.654194,-120.142387,c245ue
"Pebble Springs",WT,45.659695,-120.115089,c245ue
"Pebble Springs",WT,45.652393,-120.139587,c245ue
"Condon Wind Project, phase I",WT,45.245792,-120.280884,c245ue
"Horseshoe Bend",WT,45.579094,-120.058083,c245ue
"Pebble Springs",WT,45.685093,-120.094482,c245ue
"Horseshoe Bend",WT,45.571995,-120.002388,c245ue
"Horseshoe Bend",WT,45.597595,-120.069588,c245ue
"Shepherds Flat",WT,45.744793,-120.113884,c245ue
"Horseshoe Bend",WT,45.606194,-120.073883,c245ue
"Horseshoe Bend",WT,45.588894,-120.068382,c245ue
"Horseshoe Bend",WT,45.579395,-120.028885,c245ue
"Shepherds Flat",WT,45.739494,-120.054184,c245ue
"Shepherds Flat",WT,45.753693,-120.119789,c245ue
"Horseshoe Bend",WT,45.607193,-120.037689,c245ue
"Shepherds Flat",WT,45.737694,-120.09919,c245ue
"Horseshoe Bend",WT,45.605293,-120.036285,c245ue
"Shepherds Flat",WT,45.754593,-120.049889,c245ue
"Shepherds Flat",WT,45.734074,-120.111153,c245ue
"Shepherds Flat",WT,45.732193,-120.096588,c245ue
"Shepherds Flat",WT,45.752033,-120.105156,c245ue
"Horseshoe Bend",WT,45.582794,-120.067383,c245ue
"Horseshoe Bend",WT,45.594692,-120.071388,c245ue
"Pebble Springs",WT,45.675694,-120.094185,c245ue
"Horseshoe Bend",WT,45.577892,-120.005783,c245ue
"Horseshoe Bend",WT,45.598095,-120.047783,c245ue
"Wheatfield",WT,45.646793,-120.315186,c245ue
"Condon Wind Project, phase I",WT,45.247395,-120.294785,c245ue
"Condon Wind Project, phase I",WT,45.229683,-120.242958,c245ue
"Pebble Springs",WT,45.664894,-120.155983,c245ue
"Pebble Springs",WT,45.681293,-120.094887,c245ue
"Pebble Springs",WT,45.650494,-120.136688,c245ue
"Horseshoe Bend",WT,45.588196,-120.010986,c245ue
"Horseshoe Bend",WT,45.609695,-120.077286,c245ue
"Horseshoe Bend",WT,45.562393,-120.054085,c245ue
"Condon Wind Project, phase II",WT,45.281395,-120.271683,c245ue
"Condon Wind Project, phase II",WT,45.296936,-120.289055,c245ue
"Pebble Springs",WT,45.704594,-120.125488,c245ue
"Condon Wind Project, phase II",WT,45.293392,-120.272888,c245ue
"Condon Wind Project, phase II",WT,45.305492,-120.264885,c245ue
"Condon Wind Project, phase II",WT,45.275112,-120.27021,c245ue
"Condon Wind Project, phase II",WT,45.290493,-120.268188,c245ue
"Condon Wind Project, phase II",WT,45.304592,-120.255882,c245ue
"Condon Wind Project, phase II",WT,45.280094,-120.271385,c245ue
"Condon Wind Project, phase II",WT,45.29567,-120.289024,c245ue
"Condon Wind Project, phase I",WT,45.268593,-120.272888,c245ue
"Condon Wind Project, phase I",WT,45.278996,-120.28109,c245ue
"Condon Wind Project, phase II",WT,45.299496,-120.256386,c245ue
"Pebble Springs",WT,45.667194,-120.157387,c245ue
"Pebble Springs",WT,45.667294,-120.118584,c245ue
"Pebble Springs",WT,45.735535,-120.125427,c245ue
"Condon Wind Project, phase II",WT,45.288532,-120.287483,c245ue
"Condon Wind Project, phase II",WT,45.302094,-120.256088,c245ue
"Horseshoe Bend",WT,45.573994,-120.003387,c245ue
"Condon Wind Project, phase II",WT,45.276356,-120.2705,c245ue
"Condon Wind Project, phase II",WT,45.302895,-120.264282,c245ue
"Condon Wind Project, phase II",WT,45.294693,-120.273285,c245ue
"Condon Wind Project, phase II",WT,45.299694,-120.274689,c245ue
"Condon Wind Project, phase II",WT,45.303295,-120.255989,c245ue
"Pebble Springs",WT,45.733494,-120.125488,c245ue
"Horseshoe Bend",WT,45.575993,-120.004486,c245ue
"Pebble Springs",WT,45.677593,-120.094086,c245ue
"Pebble Springs",WT,45.648693,-120.133789,c245ue
"Pebble Springs",WT,45.712093,-120.125084,c245ue
"Pebble Springs",WT,45.740993,-120.126183,c245ue
"Pebble Springs",WT,45.707993,-120.125084,c245ue
"Pebble Springs",WT,45.731693,-120.125389,c245ue
"Pebble Springs",WT,45.73925,-120.12545,c245ue
"Pebble Springs",WT,45.747284,-120.125511,c245ue
"Pebble Springs",WT,45.663193,-120.155083,c245ue
"Condon Wind Project, phase I",WT,45.271095,-120.272987,c245ue
"Condon Wind Project, phase I",WT,45.276493,-120.280289,c245ue
"Condon Wind Project, phase I",WT,45.227207,-120.255531,c245ue
"Condon Wind Project, phase I",WT,45.245094,-120.293182,c245ue
"Condon Wind Project, phase I",WT,45.230923,-120.256187,c245ue
"Condon Wind Project, phase I",WT,45.243893,-120.292488,c245ue
"Condon Wind Project, phase II",WT,45.298393,-120.274384,c245ue
"Condon Wind Project, phase I",WT,45.247494,-120.281487,c245ue
"Condon Wind Project, phase I",WT,45.233505,-120.256218,c245ue
"Condon Wind Project, phase I",WT,45.249992,-120.273384,c245ue
"Condon Wind Project, phase I",WT,45.226089,-120.254684,c245ue
"Condon Wind Project, phase I",WT,45.269794,-120.272888,c245ue
"Condon Wind Project, phase I",WT,45.252495,-120.273384,c245ue
"Condon Wind Project, phase I",WT,45.267296,-120.272888,c245ue
"Condon Wind Project, phase I",WT,45.249992,-120.282486,c245ue
"Condon Wind Project, phase I",WT,45.234512,-120.244438,c245ue
"Condon Wind Project, phase I",WT,45.272694,-120.278885,c245ue
"Condon Wind Project, phase I",WT,45.248695,-120.273384,c245ue
"Condon Wind Project, phase I",WT,45.231968,-120.244476,c245ue
"Pebble Springs",WT,45.743378,-120.125443,c245ue
"Condon Wind Project, phase I",WT,45.272392,-120.272987,c245ue
"Condon Wind Project, phase I",WT,45.274094,-120.279388,c245ue
"Condon Wind Project, phase I",WT,45.246193,-120.293983,c245ue
"Condon Wind Project, phase I",WT,45.281395,-120.281982,c245ue
"Condon Wind Project, phase I",WT,45.248695,-120.281982,c245ue
"Condon Wind Project, phase I",WT,45.22966,-120.256187,c245ue
"Horseshoe Bend",WT,45.577194,-120.026985,c245ue
"Condon Wind Project, phase I",WT,45.277695,-120.280685,c245ue
"Condon Wind Project, phase I",WT,45.265995,-120.272888,c245ue
"Condon Wind Project, phase I",WT,45.282696,-120.282486,c245ue
"Condon Wind Project, phase I",WT,45.280193,-120.281586,c245ue
"Shepherds Flat",WT,45.759193,-120.069588,c245ue
"Shepherds Flat",WT,45.757793,-120.108589,c245ue
"Shepherds Flat",WT,45.767193,-120.057388,c245ue
"Shepherds Flat",WT,45.743996,-120.101784,c245ue
"Shepherds Flat",WT,45.768093,-120.042885,c245ue
"Shepherds Flat",WT,45.766396,-120.042984,c245ue
"Horseshoe Bend",WT,45.568493,-120.062889,c245ue
"Horseshoe Bend",WT,45.586193,-120.009987,c245ue
"Horseshoe Bend",WT,45.564396,-120.056183,c245ue
"Horseshoe Bend",WT,45.591194,-120.070686,c245ue
"Horseshoe Bend",WT,45.579895,-120.006485,c245ue
"Horseshoe Bend",WT,45.589794,-120.026688,c245ue
"Horseshoe Bend",WT,45.588696,-120.046387,c245ue
"Horseshoe Bend",WT,45.570793,-120.063087,c245ue
"Horseshoe Bend",WT,45.587795,-120.027184,c245ue
"Horseshoe Bend",WT,45.573296,-120.02459,c245ue
"Pebble Springs",WT,45.669994,-120.156288,c245ue
"Rattlesnake Road",WT,45.675896,-120.245789,c245ue
"Rattlesnake Road",WT,45.682392,-120.268883,c245ue
"South Hurlburt",WT,45.645893,-120.053185,c245ue
"Shepherds Flat",WT,45.761593,-120.070587,c245ue
"South Hurlburt",WT,45.717094,-120.093086,c245ue
"South Hurlburt",WT,45.713196,-120.068489,c245ue
"Shepherds Flat",WT,45.753994,-120.106186,c245ue
"Shepherds Flat",WT,45.741993,-120.042686,c245ue
"Shepherds Flat",WT,45.761993,-120.110985,c245ue
"Shepherds Flat",WT,45.759895,-120.109184,c245ue
"South Hurlburt",WT,45.715694,-120.090889,c245ue
"Shepherds Flat",WT,45.739693,-120.100288,c245ue
"Shepherds Flat",WT,45.730194,-120.109085,c245ue
"Shepherds Flat",WT,45.728195,-120.108086,c245ue
"Shepherds Flat",WT,45.752995,-120.034088,c245ue
"Shepherds Flat",WT,45.762592,-120.093285,c245ue
"Shepherds Flat",WT,45.75251,-120.117416,c245ue
"Shepherds Flat",WT,45.750492,-120.065384,c245ue
"Shepherds Flat",WT,45.752495,-120.066383,c245ue
"Shepherds Flat",WT,45.755993,-120.107185,c245ue
"Shepherds Flat",WT,45.724995,-120.077187,c245ue
"South Hurlburt",WT,45.690693,-120.078087,c245ue
"South Hurlburt",WT,45.706093,-120.073486,c245ue
"South Hurlburt",WT,45.703693,-120.111885,c245ue
"South Hurlburt",WT,45.708027,-120.112869,c245ue
"South Hurlburt",WT,45.698795,-120.114082,c245ue
"South Hurlburt",WT,45.668793,-120.064285,c245ue
"South Hurlburt",WT,45.642494,-120.050087,c245ue
"South Hurlburt",WT,45.707794,-120.075386,c245ue
"South Hurlburt",WT,45.656017,-120.056351,c245ue
"South Hurlburt",WT,45.719894,-120.072586,c245ue
"South Hurlburt",WT,45.667095,-120.063789,c245ue
"South Hurlburt",WT,45.708393,-120.098587,c245ue
"South Hurlburt",WT,45.663193,-120.063889,c245ue
"South Hurlburt",WT,45.613396,-120.004387,c245ue
"South Hurlburt",WT,45.71273,-120.0569,c245ue
"South Hurlburt",WT,45.706093,-120.111885,c245ue
"South Hurlburt",WT,45.637295,-120.040588,c245ue
"South Hurlburt",WT,45.715694,-120.070183,c245ue
"South Hurlburt",WT,45.653961,-120.054268,c245ue
"South Hurlburt",WT,45.683895,-120.075584,c245ue
"South Hurlburt",WT,45.713493,-120.078583,c245ue
"South Hurlburt",WT,45.722694,-120.098083,c245ue
"Shepherds Flat",WT,45.757095,-120.051987,c245ue
"South Hurlburt",WT,45.697395,-120.084885,c245ue
"Shepherds Flat",WT,45.75906,-120.053009,c245ue
"Shepherds Flat",WT,45.736794,-120.110184,c245ue
"South Hurlburt",WT,45.713593,-120.088387,c245ue
"South Hurlburt",WT,45.697994,-120.092384,c245ue
"South Hurlburt",WT,45.704693,-120.093384,c245ue
"South Hurlburt",WT,45.713196,-120.102486,c245ue
"South Hurlburt",WT,45.715195,-120.080284,c245ue
"Shepherds Flat",WT,45.764858,-120.093422,c245ue
"Pebble Springs",WT,45.661793,-120.115089,c245ue
"Shepherds Flat",WT,45.742596,-120.112984,c245ue
"South Hurlburt",WT,45.714794,-120.058189,c245ue
"Leaning Juniper II",WT,45.632496,-120.294685,c245ue
"Montague",WT,45.533096,-120.144539,c245ue
"Montague",WT,45.549038,-120.126633,c245ue
"Montague",WT,45.550968,-120.105614,c245ue
"Montague",WT,45.572552,-120.11364,c245ue
"Montague",WT,45.535778,-120.075752,c245ue
"Montague",WT,45.555092,-120.138519,c245ue
"Leaning Juniper II",WT,45.600594,-120.181587,c245ue
"Montague",WT,45.501114,-120.097481,c245ue
"Montague",WT,45.565891,-120.116417,c245ue
"South Hurlburt",WT,45.702293,-120.094482,c245ue
"South Hurlburt",WT,45.716793,-120.114784,c245ue
"South Hurlburt",WT,45.651905,-120.052223,c245ue
"Shepherds Flat",WT,45.744392,-120.058884,c245ue
"Shepherds Flat",WT,45.718193,-120.048782,c245ue
"Shepherds Flat",WT,45.746693,-120.062386,c245ue
"Shepherds Flat",WT,45.751095,-120.115883,c245ue
"South Hurlburt",WT,45.693295,-120.072083,c245ue
"South Hurlburt",WT,45.705795,-120.097488,c245ue
"South Hurlburt",WT,45.67001,-120.078461,c245ue
"South Hurlburt",WT,45.718594,-120.116486,c245ue
"South Hurlburt",WT,45.692593,-120.099686,c245ue
"South Hurlburt",WT,45.698093,-120.102585,c245ue
"South Hurlburt",WT,45.717293,-120.104683,c245ue
"South Hurlburt",WT,45.701195,-120.113983,c245ue
"South Hurlburt",WT,45.689693,-120.069885,c245ue
"South Hurlburt",WT,45.716793,-120.05909,c245ue
"South Hurlburt",WT,45.607994,-120.000282,c245ue
"South Hurlburt",WT,45.674595,-120.078583,c245ue
"South Hurlburt",WT,45.708794,-120.084488,c245ue
"South Hurlburt",WT,45.696293,-120.101189,c245ue
"South Hurlburt",WT,45.640392,-120.044785,c245ue
"Shepherds Flat",WT,45.740093,-120.042183,c245ue
"South Hurlburt",WT,45.700493,-120.103088,c245ue
"South Hurlburt",WT,45.685894,-120.077087,c245ue
"South Hurlburt",WT,45.709095,-120.06469,c245ue
"South Hurlburt",WT,45.656693,-120.043686,c245ue
"South Hurlburt",WT,45.713196,-120.114288,c245ue
"South Hurlburt",WT,45.698895,-120.063789,c245ue
"South Hurlburt",WT,45.721092,-120.106689,c245ue
"North Hurlburt",WT,45.752792,-120.088188,c245ue
"North Hurlburt",WT,45.772125,-120.057693,c245ue
"North Hurlburt",WT,45.774395,-120.058784,c245ue
"Shepherds Flat",WT,45.729996,-120.090088,c245ue
"South Hurlburt",WT,45.719795,-120.094986,c245ue
"Shepherds Flat",WT,45.762093,-120.042389,c245ue
"Shepherds Flat",WT,45.750893,-120.025383,c245ue
"Shepherds Flat",WT,45.754494,-120.06749,c245ue
"Shepherds Flat",WT,45.746193,-120.102089,c245ue
"Shepherds Flat",WT,45.735695,-120.098183,c245ue
"Shepherds Flat",WT,45.757595,-120.033386,c245ue
"Shepherds Flat",WT,45.748894,-120.045288,c245ue
"Shepherds Flat",WT,45.750393,-120.046684,c245ue
"Shepherds Flat",WT,45.772095,-120.044884,c245ue
"Shepherds Flat",WT,45.743996,-120.043686,c245ue
"South Hurlburt",WT,45.700993,-120.063889,c245ue
"South Hurlburt",WT,45.705193,-120.064484,c245ue
"South Hurlburt",WT,45.702293,-120.102882,c245ue
"North Hurlburt",WT,45.733994,-120.063286,c245ue
"North Hurlburt",WT,45.730194,-120.064789,c245ue
"North Hurlburt",WT,45.756596,-120.09079,c245ue
"North Hurlburt",WT,45.742794,-120.077789,c245ue
"North Hurlburt",WT,45.750893,-120.086487,c245ue
"North Hurlburt",WT,45.739292,-120.074486,c245ue
"South Hurlburt",WT,45.665092,-120.064186,c245ue
"South Hurlburt",WT,45.719193,-120.105186,c245ue
"Shepherds Flat",WT,45.748295,-120.115189,c245ue
"Shepherds Flat",WT,45.741493,-120.055183,c245ue
"Shepherds Flat",WT,45.746593,-120.114983,c245ue
"Shepherds Flat",WT,45.735596,-120.052589,c245ue
"Shepherds Flat",WT,45.773994,-120.045883,c245ue
"Shepherds Flat",WT,45.750095,-120.104088,c245ue
"Shepherds Flat",WT,45.770096,-120.043884,c245ue
"Shepherds Flat",WT,45.722794,-120.112289,c245ue
"North Hurlburt",WT,45.727993,-120.065285,c245ue
"South Hurlburt",WT,45.604595,-120.000687,c245ue
"South Hurlburt",WT,45.692093,-120.085884,c245ue
"Shepherds Flat",WT,45.752594,-120.048485,c245ue
"Shepherds Flat",WT,45.738693,-120.110886,c245ue
"Shepherds Flat",WT,45.725494,-120.116287,c245ue
"Shepherds Flat",WT,45.758595,-120.091583,c245ue
"Shepherds Flat",WT,45.723095,-120.075783,c245ue
"South Hurlburt",WT,45.695496,-120.091484,c245ue
"South Hurlburt",WT,45.611492,-120.078384,c245ue
"South Hurlburt",WT,45.703094,-120.080185,c245ue
"South Hurlburt",WT,45.705296,-120.084785,c245ue
"South Hurlburt",WT,45.614693,-120.006287,c245ue
"South Hurlburt",WT,45.612194,-120.002487,c245ue
"South Hurlburt",WT,45.715294,-120.103683,c245ue
"South Hurlburt",WT,45.602795,-119.999687,c245ue
"South Hurlburt",WT,45.692894,-120.062683,c245ue
"South Hurlburt",WT,45.703094,-120.064484,c245ue
"South Hurlburt",WT,45.687893,-120.077682,c245ue
"South Hurlburt",WT,45.609894,-120.001686,c245ue
"South Hurlburt",WT,45.687393,-120.067085,c245ue
"South Hurlburt",WT,45.717594,-120.071884,c245ue
"South Hurlburt",WT,45.701195,-120.079185,c245ue
"South Hurlburt",WT,45.735634,-120.067245,c245ue
"South Hurlburt",WT,45.643494,-120.051689,c245ue
"South Hurlburt",WT,45.638893,-120.042786,c245ue
"Shepherds Flat",WT,45.748394,-120.064186,c245ue
"Montague",WT,45.538918,-120.079636,c245ue
"South Hurlburt",WT,45.70731,-120.065376,c245ue
"Shepherds Flat",WT,45.713993,-120.042488,c245ue
"Shepherds Flat",WT,45.741592,-120.101288,c245ue
"Shepherds Flat",WT,45.748093,-120.103088,c245ue
"Shepherds Flat",WT,45.732094,-120.110085,c245ue
"Shepherds Flat",WT,45.740692,-120.111984,c245ue
"North Hurlburt",WT,45.775993,-120.046989,c245ue
"North Hurlburt",WT,45.722195,-120.062782,c245ue
"North Hurlburt",WT,45.737293,-120.068184,c245ue
"North Hurlburt",WT,45.737392,-120.043587,c245ue
"North Hurlburt",WT,45.723995,-120.063484,c245ue
"North Hurlburt",WT,45.740795,-120.075684,c245ue
"North Hurlburt",WT,45.732094,-120.062988,c245ue
"North Hurlburt",WT,45.748894,-120.083984,c245ue
"Shepherds Flat",WT,45.764996,-120.056084,c245ue
"North Hurlburt",WT,45.735394,-120.042587,c245ue
"North Hurlburt",WT,45.754795,-120.089188,c245ue
"North Hurlburt",WT,45.746895,-120.082184,c245ue
"North Hurlburt",WT,45.725994,-120.064285,c245ue
"North Hurlburt",WT,45.744793,-120.079887,c245ue
"Shepherds Flat",WT,45.728893,-120.08799,c245ue
"North Hurlburt",WT,45.769695,-120.057487,c245ue
"Montague",WT,45.495518,-120.09996,c245ue
"Montague",WT,45.562508,-120.123428,c245ue
"Montague",WT,45.575535,-120.113007,c245ue
"Leaning Juniper",WT,45.634094,-120.180984,c245ue
"Leaning Juniper",WT,45.663494,-120.216988,c245ue
"Leaning Juniper",WT,45.662067,-120.191307,c245ue
"Leaning Juniper",WT,45.65255,-120.180656,c245ue
"Leaning Juniper",WT,45.660789,-120.190575,c245ue
"Leaning Juniper",WT,45.664593,-120.217987,c245ue
"Leaning Juniper",WT,45.648792,-120.22979,c245ue
"Leaning Juniper",WT,45.657394,-120.256386,c245ue
"Willow Creek",WT,45.654495,-120.017685,c245ue
"Leaning Juniper",WT,45.627396,-120.195686,c245ue
"Leaning Juniper",WT,45.655994,-120.255486,c245ue
"Leaning Juniper",WT,45.642883,-120.178627,c245ue
"Leaning Juniper",WT,45.649033,-120.19902,c245ue
"Leaning Juniper",WT,45.665787,-120.219246,c245ue
"Leaning Juniper",WT,45.647694,-120.198586,c245ue
"Leaning Juniper",WT,45.660194,-120.258682,c245ue
"Leaning Juniper",WT,45.667496,-120.19529,c245ue
"Leaning Juniper",WT,45.646294,-120.197983,c245ue
"Leaning Juniper",WT,45.651993,-120.230682,c245ue
"Leaning Juniper",WT,45.637413,-120.19558,c245ue
"Leaning Juniper",WT,45.666393,-120.194084,c245ue
"Leaning Juniper",WT,45.666893,-120.220589,c245ue
"Leaning Juniper",WT,45.621693,-120.192383,c245ue
"Leaning Juniper",WT,45.650578,-120.179825,c245ue
"Leaning Juniper",WT,45.654594,-120.254684,c245ue
"Leaning Juniper",WT,45.663296,-120.259285,c245ue
"Willow Creek",WT,45.659294,-120.017784,c245ue
"Willow Creek",WT,45.640896,-120.001389,c245ue
"Willow Creek",WT,45.651295,-120.010284,c245ue
"Willow Creek",WT,45.642693,-120.001183,c245ue
"Willow Creek",WT,45.652596,-119.998985,c245ue
"Willow Creek",WT,45.646793,-119.999489,c245ue
"Willow Creek",WT,45.649094,-119.99939,c245ue
"Willow Creek",WT,45.661095,-120.017784,c245ue
"Leaning Juniper",WT,45.63575,-120.181015,c245ue
"Willow Creek",WT,45.657795,-120.003487,c245ue
"Willow Creek",WT,45.659393,-120.003288,c245ue
"Willow Creek",WT,45.651394,-120.017883,c245ue
"Leaning Juniper",WT,45.620396,-120.191589,c245ue
"Leaning Juniper",WT,45.661537,-120.202133,c245ue
"Leaning Juniper",WT,45.665993,-120.260887,c245ue
"Leaning Juniper",WT,45.658867,-120.257286,c245ue
"Leaning Juniper II",WT,45.575092,-120.195183,c245ue
"Leaning Juniper II",WT,45.680492,-120.186386,c245ue
"Leaning Juniper",WT,45.622993,-120.193085,c245ue
"Leaning Juniper II",WT,45.573895,-120.178284,c245ue
"Leaning Juniper II",WT,45.602795,-120.180885,c245ue
"Leaning Juniper II",WT,45.612495,-120.172386,c245ue
"Rattlesnake Road",WT,45.689793,-120.244484,c245ue
"Rattlesnake Road",WT,45.695595,-120.246689,c245ue
"Rattlesnake Road",WT,45.671192,-120.246284,c245ue
"Rattlesnake Road",WT,45.698593,-120.212585,c245ue
"Rattlesnake Road",WT,45.704895,-120.218086,c245ue
"Rattlesnake Road",WT,45.683895,-120.239883,c245ue
"Rattlesnake Road",WT,45.696793,-120.247482,c245ue
"Rattlesnake Road",WT,45.702061,-120.219543,c245ue
"Rattlesnake Road",WT,45.699795,-120.213882,c245ue
"Rattlesnake Road",WT,45.666393,-120.247383,c245ue
"Rattlesnake Road",WT,45.676693,-120.285789,c245ue
"Rattlesnake Road",WT,45.669594,-120.246887,c245ue
"Rattlesnake Road",WT,45.681793,-120.224586,c245ue
"Rattlesnake Road",WT,45.686993,-120.243286,c245ue
"Rattlesnake Road",WT,45.682293,-120.239288,c245ue
"Rattlesnake Road",WT,45.674793,-120.285583,c245ue
"Leaning Juniper II",WT,45.59536,-120.139572,c245ue
"Leaning Juniper",WT,45.663357,-120.192017,c245ue
"Leaning Juniper",WT,45.644493,-120.182388,c245ue
"Willow Creek",WT,45.650696,-119.99939,c245ue
"Leaning Juniper",WT,45.664093,-120.241783,c245ue
"Leaning Juniper",WT,45.670094,-120.197586,c245ue
"Leaning Juniper",WT,45.643394,-120.199684,c245ue
"Leaning Juniper",WT,45.645794,-120.182686,c245ue
"Leaning Juniper",WT,45.626095,-120.195084,c245ue
"Leaning Juniper",WT,45.633575,-120.195084,c245ue
"Leaning Juniper",WT,45.650368,-120.199654,c245ue
"Leaning Juniper",WT,45.664696,-120.260086,c245ue
"Leaning Juniper",WT,45.673595,-120.200584,c245ue
"Leaning Juniper",WT,45.640289,-120.197098,c245ue
"Leaning Juniper",WT,45.668655,-120.262535,c245ue
"Leaning Juniper",WT,45.651585,-120.180321,c245ue
"Leaning Juniper",WT,45.665295,-120.192886,c245ue
"Leaning Juniper",WT,45.661827,-120.258621,c245ue
"Leaning Juniper",WT,45.667358,-120.261711,c245ue
"Leaning Juniper",WT,45.647095,-120.183189,c245ue
"Leaning Juniper",WT,45.641872,-120.178375,c245ue
"Willow Creek",WT,45.655994,-120.017784,c245ue
"Willow Creek",WT,45.648895,-120.010384,c245ue
"Willow Creek",WT,45.655994,-120.003586,c245ue
"Wheatfield",WT,45.670895,-120.324684,c245ue
"Leaning Juniper",WT,45.661793,-120.240585,c245ue
"Leaning Juniper",WT,45.662788,-120.202934,c245ue
"Leaning Juniper II",WT,45.604694,-120.179283,c245ue
"Leaning Juniper II",WT,45.614895,-120.154785,c245ue
"Leaning Juniper II",WT,45.584293,-120.179283,c245ue
"Leaning Juniper II",WT,45.694393,-120.194687,c245ue
"Leaning Juniper II",WT,45.585293,-120.169083,c245ue
"Montague",WT,45.543468,-120.127907,c245ue
"Montague",WT,45.540474,-120.129288,c245ue
"Montague",WT,45.583603,-120.105789,c245ue
"Leaning Juniper II",WT,45.616375,-120.140274,c245ue
"Montague",WT,45.506462,-120.126671,c245ue
"Montague",WT,45.538158,-120.128067,c245ue
"Montague",WT,45.573399,-120.097549,c245ue
"Montague",WT,45.565983,-120.143845,c245ue
"Montague",WT,45.586414,-120.119583,c245ue
"Montague",WT,45.509949,-120.126244,c245ue
"Montague",WT,45.538685,-120.145752,c245ue
"Montague",WT,45.566044,-120.10051,c245ue
"Montague",WT,45.571323,-120.099724,c245ue
"Montague",WT,45.506783,-120.092896,c245ue
"Leaning Juniper II",WT,45.612194,-120.156586,c245ue
"Leaning Juniper II",WT,45.582695,-120.140686,c245ue
"Leaning Juniper II",WT,45.63131,-120.141205,c245ue
"Montague",WT,45.556046,-120.103676,c245ue
"Montague",WT,45.548222,-120.104973,c245ue
"Shepherds Flat",WT,45.762993,-120.055084,c245ue
"Montague",WT,45.551937,-120.145195,c245ue
"Montague",WT,45.56023,-120.10434,c245ue
"Montague",WT,45.492104,-120.102226,c245ue
"Leaning Juniper II",WT,45.678894,-120.168488,c245ue
"Leaning Juniper II",WT,45.652695,-120.275085,c245ue
"Leaning Juniper II",WT,45.683792,-120.186188,c245ue
"Leaning Juniper II",WT,45.607494,-120.127586,c245ue
"Leaning Juniper II",WT,45.59256,-120.140846,c245ue
"Leaning Juniper II",WT,45.613293,-120.123085,c245ue
"Leaning Juniper II",WT,45.670593,-120.181786,c245ue
"Leaning Juniper II",WT,45.580193,-120.178589,c245ue
"Leaning Juniper II",WT,45.592293,-120.182587,c245ue
"Leaning Juniper II",WT,45.691795,-120.190483,c245ue
"Leaning Juniper II",WT,45.610775,-120.174171,c245ue
"Leaning Juniper II",WT,45.672993,-120.182182,c245ue
"Leaning Juniper II",WT,45.588093,-120.182686,c245ue
"Montague",WT,45.56879,-120.101166,c245ue
"Montague",WT,45.551998,-120.126915,c245ue
"Leaning Juniper II",WT,45.677593,-120.202988,c245ue
"Leaning Juniper II",WT,45.610092,-120.15519,c245ue
"Montague",WT,45.541523,-120.148125,c245ue
"Montague",WT,45.577217,-120.120689,c245ue
"Leaning Juniper II",WT,45.574394,-120.137886,c245ue
"Leaning Juniper II",WT,45.689896,-120.187485,c245ue
"Leaning Juniper II",WT,45.635593,-120.138489,c245ue
"Leaning Juniper",WT,45.632294,-120.195587,c245ue
"Leaning Juniper",WT,45.658978,-120.190186,c245ue
"Leaning Juniper",WT,45.672394,-120.199585,c245ue
"Leaning Juniper",WT,45.662193,-120.215889,c245ue
"Leaning Juniper",WT,45.657703,-120.189011,c245ue
"Leaning Juniper",WT,45.668896,-120.196686,c245ue
"Leaning Juniper",WT,45.630894,-120.195488,c245ue
"Leaning Juniper",WT,45.638874,-120.196342,c245ue
"Leaning Juniper",WT,45.671295,-120.198586,c245ue
"Leaning Juniper",WT,45.647598,-120.229134,c245ue
"Leaning Juniper",WT,45.624695,-120.194885,c245ue
"Leaning Juniper",WT,45.641895,-120.199287,c245ue
"Leaning Juniper",WT,45.662895,-120.241287,c245ue
"Leaning Juniper",WT,45.660244,-120.201332,c245ue
"Montague",WT,45.512856,-120.126259,c245ue
"Leaning Juniper",WT,45.650894,-120.22979,c245ue
"Montague",WT,45.503296,-120.126572,c245ue
"Montague",WT,45.544338,-120.147095,c245ue
"Leaning Juniper II",WT,45.587395,-120.168983,c245ue
"Leaning Juniper II",WT,45.655792,-120.284088,c245ue
"Montague",WT,45.497177,-120.126427,c245ue
"Montague",WT,45.51535,-120.082253,c245ue
"Montague",WT,45.503963,-120.095047,c245ue
"Montague",WT,45.498192,-120.098564,c245ue
"Montague",WT,45.563366,-120.102226,c245ue
"Montague",WT,45.500118,-120.126656,c245ue
"Montague",WT,45.58342,-120.120148,c245ue
"Montague",WT,45.580952,-120.120415,c245ue
"Montague",WT,45.530296,-120.07563,c245ue
"Montague",WT,45.53294,-120.074936,c245ue
"Montague",WT,45.559593,-120.143883,c245ue
"Montague",WT,45.512871,-120.087799,c245ue
"Montague",WT,45.563007,-120.143936,c245ue
"Montague",WT,45.509907,-120.090752,c245ue
"Montague",WT,45.535976,-120.144241,c245ue
"Montague",WT,45.588955,-120.103584,c245ue
"Montague",WT,45.546036,-120.126724,c245ue
"Montague",WT,45.547565,-120.146118,c245ue
"Pebble Springs",WT,45.683193,-120.094688,c245ue
"Horseshoe Bend",WT,45.569492,-120.001785,c245ue
"Horseshoe Bend",WT,45.584095,-120.008789,c245ue
"Klondike III",WT,45.548096,-120.662987,c245ue
"Klondike III",WT,45.558193,-120.621284,c245ue
"Klondike IIIA",WT,45.560993,-120.507484,c245ue
"Klondike IIIA",WT,45.537792,-120.546883,c245ue
"Klondike IIIA",WT,45.564293,-120.638184,c245ue
"Klondike IIIA",WT,45.544395,-120.589684,c245ue
"Biglow Canyon II",WT,45.625893,-120.665283,c245ue
"Biglow Canyon II",WT,45.659393,-120.648384,c245ue
"Biglow Canyon II",WT,45.667095,-120.665886,c245ue
"Biglow Canyon II",WT,45.626595,-120.614983,c245ue
"Klondike III",WT,45.541393,-120.636986,c245ue
"Klondike III",WT,45.542393,-120.566689,c245ue
"Biglow Canyon II",WT,45.670895,-120.651688,c245ue
"Klondike III",WT,45.566494,-120.530388,c245ue
"Biglow Canyon II",WT,45.633694,-120.610687,c245ue
"Biglow Canyon II",WT,45.640095,-120.614586,c245ue
"Biglow Canyon II",WT,45.634094,-120.638084,c245ue
"Klondike II",WT,45.569794,-120.592789,c245ue
"Klondike II",WT,45.608894,-120.588387,c245ue
"Klondike II",WT,45.581295,-120.600388,c245ue
"Klondike II",WT,45.612194,-120.588486,c245ue
"Klondike II",WT,45.583096,-120.600388,c245ue
"Klondike II",WT,45.588894,-120.558685,c245ue
"Klondike III",WT,45.556793,-120.621284,c245ue
"Klondike III",WT,45.578995,-120.529289,c245ue
"Klondike III",WT,45.545795,-120.637184,c245ue
"Biglow Canyon II",WT,45.663795,-120.647087,c245ue
"Biglow Canyon II",WT,45.657593,-120.648483,c245ue
"Biglow Canyon II",WT,45.665195,-120.665085,c245ue
"Biglow Canyon II",WT,45.628593,-120.584984,c245ue
"Biglow Canyon II",WT,45.618694,-120.616882,c245ue
"Klondike III",WT,45.599792,-120.558884,c245ue
"Biglow Canyon II",WT,45.625893,-120.639786,c245ue
"Klondike III",WT,45.620693,-120.553185,c245ue
"Klondike III",WT,45.550095,-120.637886,c245ue
"Klondike IIIA",WT,45.556496,-120.526085,c245ue
"Klondike IIIA",WT,45.571396,-120.63839,c245ue
"Klondike IIIA",WT,45.575092,-120.463387,c245ue
"Biglow Canyon II",WT,45.629093,-120.626389,c245ue
"Klondike IIIA",WT,45.572895,-120.638283,c245ue
"Klondike IIIA",WT,45.542892,-120.590088,c245ue
"Klondike IIIA",WT,45.574394,-120.638184,c245ue
"Klondike IIIA",WT,45.565594,-120.637589,c245ue
"Klondike IIIA",WT,45.566994,-120.637589,c245ue
"Klondike IIIA",WT,45.559296,-120.526184,c245ue
"Horseshoe Bend",WT,45.608295,-120.076088,c245ue
"Klondike IIIA",WT,45.554195,-120.590385,c245ue
"Klondike IIIA",WT,45.545795,-120.542786,c245ue
"Klondike IIIA",WT,45.557896,-120.526184,c245ue
"Klondike IIIA",WT,45.555096,-120.525986,c245ue
"Klondike II",WT,45.579594,-120.600388,c245ue
"Klondike III",WT,45.619293,-120.553185,c245ue
"Klondike III",WT,45.543793,-120.614685,c245ue
"Klondike III",WT,45.544994,-120.65799,c245ue
"Klondike III",WT,45.607494,-120.518486,c245ue
"Klondike III",WT,45.602493,-120.531982,c245ue
"Klondike III",WT,45.618694,-120.518486,c245ue
"Klondike III",WT,45.615894,-120.518486,c245ue
"Klondike III",WT,45.613094,-120.518486,c245ue
"Klondike III",WT,45.553394,-120.570084,c245ue
"Klondike III",WT,45.599094,-120.531982,c245ue
"Klondike III",WT,45.562992,-120.530487,c245ue
"Klondike III",WT,45.536392,-120.658089,c245ue
"Klondike III",WT,45.551895,-120.570084,c245ue
"Klondike III",WT,45.612194,-120.553185,c245ue
"Klondike III",WT,45.593693,-120.531982,c245ue
"Klondike III",WT,45.546894,-120.566689,c245ue
"Klondike III",WT,45.602592,-120.558884,c245ue
"Klondike IIIA",WT,45.539093,-120.546188,c245ue
"Klondike II",WT,45.565514,-120.592857,c245ue
"Klondike II",WT,45.561592,-120.57309,c245ue
"Klondike II",WT,45.569996,-120.574188,c245ue
"Klondike II",WT,45.610493,-120.588486,c245ue
"Klondike II",WT,45.592693,-120.562584,c245ue
"Klondike I",WT,45.564251,-120.551682,c245ue
"Klondike I",WT,45.574734,-120.551758,c245ue
"Klondike I",WT,45.57048,-120.551735,c245ue
"Klondike I",WT,45.560585,-120.550652,c245ue
"Klondike I",WT,45.56765,-120.551727,c245ue
"Klondike I",WT,45.569065,-120.551712,c245ue
"Klondike I",WT,45.552494,-120.545242,c245ue
"Klondike I",WT,45.562809,-120.551697,c245ue
"Klondike I",WT,45.553879,-120.545448,c245ue
"Klondike I",WT,45.559158,-120.550682,c245ue
"Klondike I",WT,45.571938,-120.551689,c245ue
"Klondike I",WT,45.555557,-120.547447,c245ue
"Klondike I",WT,45.573322,-120.551743,c245ue
"Klondike I",WT,45.565659,-120.55172,c245ue
"Klondike II",WT,45.577694,-120.576385,c245ue
"Klondike II",WT,45.598995,-120.589088,c245ue
"Klondike II",WT,45.582794,-120.576485,c245ue
"Klondike II",WT,45.571693,-120.593887,c245ue
"Klondike II",WT,45.556293,-120.573288,c245ue
"Klondike II",WT,45.597794,-120.562889,c245ue
"Klondike II",WT,45.596294,-120.562889,c245ue
"Klondike II",WT,45.568394,-120.573982,c245ue
"Klondike II",WT,45.602196,-120.589088,c245ue
"Klondike II",WT,45.581196,-120.576485,c245ue
"Klondike II",WT,45.600494,-120.589088,c245ue
"Biglow Canyon III",WT,45.662895,-120.569687,c245ue
"Klondike II",WT,45.603992,-120.588989,c245ue
"Klondike I",WT,45.57618,-120.55175,c245ue
"Klondike II",WT,45.596893,-120.588989,c245ue
"Klondike II",WT,45.576195,-120.576286,c245ue
"Klondike II",WT,45.594692,-120.562683,c245ue
"Klondike II",WT,45.559494,-120.57309,c245ue
"Biglow Canyon III",WT,45.613792,-120.529984,c245ue
"Biglow Canyon III",WT,45.647995,-120.529984,c245ue
"Klondike III",WT,45.617794,-120.553185,c245ue
"Klondike III",WT,45.575092,-120.505585,c245ue
"Klondike III",WT,45.606094,-120.518486,c245ue
"Klondike II",WT,45.579292,-120.576385,c245ue
"Biglow Canyon III",WT,45.646996,-120.517082,c245ue
"Klondike II",WT,45.573296,-120.576286,c245ue
"Klondike II",WT,45.571609,-120.574234,c245ue
"Klondike II",WT,45.591595,-120.588783,c245ue
"Klondike II",WT,45.589794,-120.588783,c245ue
"Klondike II",WT,45.563496,-120.593987,c245ue
"Klondike II",WT,45.563393,-120.572487,c245ue
"Klondike II",WT,45.566494,-120.572487,c245ue
"Klondike II",WT,45.595196,-120.588989,c245ue
"Klondike II",WT,45.593395,-120.588783,c245ue
"Biglow Canyon III",WT,45.637093,-120.510887,c245ue
"Biglow Canyon III",WT,45.656895,-120.573883,c245ue
"Klondike II",WT,45.586994,-120.558586,c245ue
"Klondike III",WT,45.553993,-120.662987,c245ue
"Klondike III",WT,45.610294,-120.518486,c245ue
"Klondike III",WT,45.548695,-120.637886,c245ue
"Klondike III",WT,45.591194,-120.511589,c245ue
"Klondike III",WT,45.609394,-120.553185,c245ue
"Biglow Canyon III",WT,45.651093,-120.578186,c245ue
"Klondike III",WT,45.550095,-120.566689,c245ue
"Biglow Canyon III",WT,45.653694,-120.527084,c245ue
"Biglow Canyon III",WT,45.648396,-120.548088,c245ue
"Biglow Canyon III",WT,45.642193,-120.563484,c245ue
"Biglow Canyon III",WT,45.650394,-120.545189,c245ue
"Biglow Canyon III",WT,45.647594,-120.577789,c245ue
"Biglow Canyon III",WT,45.638794,-120.56469,c245ue
"Biglow Canyon III",WT,45.655396,-120.562386,c245ue
"Klondike II",WT,45.590393,-120.558685,c245ue
"Klondike IIIA",WT,45.547295,-120.58799,c245ue
"Klondike IIIA",WT,45.562294,-120.639084,c245ue
"Klondike III",WT,45.547195,-120.637886,c245ue
"Klondike III",WT,45.540794,-120.658089,c245ue
"Klondike III",WT,45.549496,-120.613686,c245ue
"Klondike III",WT,45.603092,-120.485283,c245ue
"Klondike III",WT,45.542194,-120.658089,c245ue
"Klondike III",WT,45.602695,-120.511589,c245ue
"Klondike III",WT,45.588493,-120.508087,c245ue
"Biglow Canyon II",WT,45.675896,-120.647888,c245ue
"Biglow Canyon II",WT,45.661194,-120.648285,c245ue
"Klondike III",WT,45.596695,-120.511688,c245ue
"Biglow Canyon II",WT,45.652294,-120.648987,c245ue
"Klondike III",WT,45.616695,-120.588585,c245ue
"Klondike III",WT,45.551594,-120.637886,c245ue
"Klondike III",WT,45.597393,-120.531982,c245ue
"Klondike III",WT,45.547993,-120.612885,c245ue
"Klondike III",WT,45.591194,-120.531982,c245ue
"Klondike III",WT,45.586895,-120.486588,c245ue
"Klondike III",WT,45.584793,-120.486786,c245ue
"Klondike III",WT,45.546593,-120.612885,c245ue
"Klondike III",WT,45.581696,-120.529289,c245ue
"Klondike III",WT,45.610794,-120.553185,c245ue
"Klondike III",WT,45.614395,-120.518486,c245ue
"Klondike III",WT,45.606594,-120.553185,c245ue
"Klondike III",WT,45.592896,-120.511688,c245ue
"Klondike III",WT,45.575596,-120.529289,c245ue
"Klondike III",WT,45.577293,-120.529182,c245ue
"Klondike III",WT,45.580692,-120.507088,c245ue
"Klondike III",WT,45.537895,-120.658089,c245ue
"Klondike III",WT,45.601192,-120.48539,c245ue
"Klondike III",WT,45.594692,-120.486389,c245ue
"Klondike III",WT,45.552494,-120.615189,c245ue
"Klondike III",WT,45.582394,-120.506889,c245ue
"Klondike III",WT,45.555294,-120.621284,c245ue
"Klondike III",WT,45.582695,-120.551788,c245ue
"Klondike III",WT,45.540993,-120.566689,c245ue
"Klondike III",WT,45.588993,-120.486488,c245ue
"Klondike III",WT,45.608894,-120.518486,c245ue
"Klondike III",WT,45.614994,-120.553185,c245ue
"Klondike III",WT,45.604893,-120.485184,c245ue
"Klondike III",WT,45.546494,-120.662987,c245ue
"Klondike III",WT,45.599495,-120.485985,c245ue
"Klondike III",WT,45.594994,-120.511688,c245ue
"Klondike III",WT,45.600895,-120.511589,c245ue
"Klondike III",WT,45.586594,-120.508087,c245ue
"Klondike III",WT,45.618893,-120.588585,c245ue
"Klondike III",WT,45.544395,-120.635887,c245ue
"Klondike III",WT,45.539295,-120.658089,c245ue
"Biglow Canyon II",WT,45.654095,-120.648582,c245ue
"Klondike III",WT,45.613594,-120.553185,c245ue
"Klondike III",WT,45.542793,-120.636482,c245ue
"Klondike III",WT,45.601192,-120.558884,c245ue
"Klondike III",WT,45.551094,-120.662987,c245ue
"Klondike III",WT,45.579292,-120.551788,c245ue
"Klondike III",WT,45.613693,-120.588585,c245ue
"Klondike III",WT,45.591095,-120.486588,c245ue
"Klondike III",WT,45.552494,-120.662987,c245ue
"Klondike III",WT,45.577293,-120.505882,c245ue
"Klondike III",WT,45.611694,-120.518486,c245ue
"Klondike III",WT,45.622093,-120.553185,c245ue
"Klondike III",WT,45.580994,-120.551788,c245ue
"Klondike III",WT,45.617294,-120.518585,c245ue
"Klondike III",WT,45.543594,-120.658089,c245ue
"Klondike III",WT,45.599194,-120.511589,c245ue
"Klondike III",WT,45.548294,-120.566689,c245ue
"Biglow Canyon II",WT,45.614693,-120.640182,c245ue
"Biglow Canyon II",WT,45.619293,-120.632584,c245ue
"Biglow Canyon II",WT,45.622894,-120.664185,c245ue
"Klondike III",WT,45.582195,-120.481285,c245ue
"Klondike IIIA",WT,45.548695,-120.542786,c245ue
"Klondike III",WT,45.592896,-120.486389,c245ue
"Biglow Canyon II",WT,45.624596,-120.62719,c245ue
"Biglow Canyon I",WT,45.666195,-120.610085,c245ue
"Biglow Canyon I",WT,45.687992,-120.633484,c245ue
"Biglow Canyon I",WT,45.658894,-120.597183,c245ue
"Biglow Canyon I",WT,45.670994,-120.583488,c245ue
"Klondike IIIA",WT,45.580593,-120.463783,c245ue
"Klondike IIIA",WT,45.577892,-120.463585,c245ue
"Klondike IIIA",WT,45.541393,-120.590485,c245ue
"Klondike IIIA",WT,45.565395,-120.506889,c245ue
"Klondike IIIA",WT,45.579193,-120.463684,c245ue
"Klondike IIIA",WT,45.560593,-120.639687,c245ue
"Klondike IIIA",WT,45.550095,-120.542686,c245ue
"Klondike IIIA",WT,45.552296,-120.525887,c245ue
"Klondike IIIA",WT,45.566895,-120.507484,c245ue
"Klondike IIIA",WT,45.573795,-120.463188,c245ue
"Klondike IIIA",WT,45.539894,-120.590988,c245ue
"Klondike IIIA",WT,45.536392,-120.586884,c245ue
"Klondike IIIA",WT,45.547195,-120.542786,c245ue
"Klondike IIIA",WT,45.581993,-120.463783,c245ue
"Klondike IIIA",WT,45.559593,-120.506783,c245ue
"Klondike IIIA",WT,45.560795,-120.595085,c245ue
"Klondike IIIA",WT,45.569893,-120.637489,c245ue
"Klondike IIIA",WT,45.557495,-120.589989,c245ue
"Biglow Canyon II",WT,45.669495,-120.668182,c245ue
"Biglow Canyon I",WT,45.692593,-120.620483,c245ue
"Klondike IIIA",WT,45.576393,-120.463486,c245ue
"Klondike IIIA",WT,45.542595,-120.539284,c245ue
"Klondike IIIA",WT,45.553696,-120.525887,c245ue
"Klondike IIIA",WT,45.557095,-120.639282,c245ue
"Klondike IIIA",WT,45.550694,-120.587288,c245ue
"Klondike IIIA",WT,45.575794,-120.638084,c245ue
"Klondike IIIA",WT,45.568394,-120.637489,c245ue
"Klondike IIIA",WT,45.562492,-120.507286,c245ue
"Biglow Canyon I",WT,45.663094,-120.610283,c245ue
"Biglow Canyon I",WT,45.679592,-120.621986,c245ue
"Biglow Canyon I",WT,45.682392,-120.617088,c245ue
"Biglow Canyon II",WT,45.655792,-120.648483,c245ue
"Biglow Canyon II",WT,45.647896,-120.658089,c245ue
"Biglow Canyon II",WT,45.627693,-120.664986,c245ue
"Biglow Canyon II",WT,45.678394,-120.646484,c245ue
"Biglow Canyon II",WT,45.617596,-120.662483,c245ue
"Klondike III",WT,45.584892,-120.508087,c245ue
"Biglow Canyon II",WT,45.626095,-120.587486,c245ue
"Biglow Canyon II",WT,45.619293,-120.662086,c245ue
"Biglow Canyon II",WT,45.621395,-120.615387,c245ue
"Biglow Canyon II",WT,45.637493,-120.605484,c245ue
"Biglow Canyon II",WT,45.645294,-120.656982,c245ue
"Biglow Canyon II",WT,45.616993,-120.637688,c245ue
"Biglow Canyon II",WT,45.633495,-120.625984,c245ue
"Biglow Canyon II",WT,45.629395,-120.639885,c245ue
"Biglow Canyon II",WT,45.630993,-120.626389,c245ue
"Biglow Canyon II",WT,45.663296,-120.660889,c245ue
"Biglow Canyon II",WT,45.635494,-120.610687,c245ue
"Klondike I",WT,45.557716,-120.55069,c245ue
"Biglow Canyon I",WT,45.650795,-120.619583,c245ue
"Biglow Canyon I",WT,45.685093,-120.594887,c245ue
"Biglow Canyon I",WT,45.653893,-120.621887,c245ue
"Biglow Canyon I",WT,45.661495,-120.611183,c245ue
"Biglow Canyon I",WT,45.663692,-120.629684,c245ue
"Biglow Canyon I",WT,45.677994,-120.621788,c245ue
"Klondike III",WT,45.564793,-120.530388,c245ue
"Biglow Canyon I",WT,45.694595,-120.620689,c245ue
"Biglow Canyon I",WT,45.669193,-120.585182,c245ue
"Biglow Canyon I",WT,45.649593,-120.617989,c245ue
"Biglow Canyon I",WT,45.661392,-120.631088,c245ue
"Biglow Canyon I",WT,45.652493,-120.621384,c245ue
"Biglow Canyon II",WT,45.668896,-120.645584,c245ue
"Golden Hills (Oregon)",WT,45.512939,-120.725426,c245ue
"Biglow Canyon I",WT,45.655293,-120.600487,c245ue
"Klondike III",WT,45.616394,-120.553185,c245ue
"Klondike II",WT,45.573795,-120.594986,c245ue
"Klondike II",WT,45.575893,-120.600388,c245ue
"Biglow Canyon I",WT,45.686794,-120.594383,c245ue
"Biglow Canyon I",WT,45.690693,-120.620285,c245ue
"Biglow Canyon I",WT,45.673294,-120.615585,c245ue
"Biglow Canyon I",WT,45.670692,-120.631287,c245ue
"Biglow Canyon I",WT,45.675896,-120.583084,c245ue
"Biglow Canyon I",WT,45.676792,-120.601089,c245ue
"Biglow Canyon I",WT,45.672592,-120.583389,c245ue
"Biglow Canyon I",WT,45.674194,-120.583183,c245ue
"Hay Canyon",WT,45.503296,-120.58429,c245ue
"Biglow Canyon I",WT,45.683994,-120.633888,c245ue
"Hay Canyon",WT,45.520096,-120.574486,c245ue
"Golden Hills (Oregon)",WT,45.50264,-120.716377,c245ue
"Golden Hills (Oregon)",WT,45.53199,-120.711823,c245ue
"Biglow Canyon I",WT,45.659595,-120.632385,c245ue
"Golden Hills (Oregon)",WT,45.542568,-120.679085,c245ue
"Golden Hills (Oregon)",WT,45.535316,-120.74482,c245ue
"Golden Hills (Oregon)",WT,45.521549,-120.725693,c245ue
"Golden Hills (Oregon)",WT,45.558693,-120.680931,c245ue
"Golden Hills (Oregon)",WT,45.521744,-120.644135,c245ue
"Golden Hills (Oregon)",WT,45.539936,-120.732285,c245ue
"Golden Hills (Oregon)",WT,45.529854,-120.64341,c245ue
"Golden Hills (Oregon)",WT,45.495678,-120.663689,c245ue
"Golden Hills (Oregon)",WT,45.514023,-120.692604,c245ue
"Golden Hills (Oregon)",WT,45.551933,-120.732269,c245ue
"Golden Hills (Oregon)",WT,45.529026,-120.712212,c245ue
"Golden Hills (Oregon)",WT,45.537952,-120.678963,c245ue
"Golden Hills (Oregon)",WT,45.499771,-120.645088,c245ue
"Golden Hills (Oregon)",WT,45.492386,-120.64093,c245ue
"Golden Hills (Oregon)",WT,45.549484,-120.682777,c245ue
"Biglow Canyon I",WT,45.648193,-120.616684,c245ue
"Biglow Canyon I",WT,45.654293,-120.635185,c245ue
"Biglow Canyon I",WT,45.683395,-120.594887,c245ue
"Hay Canyon",WT,45.493393,-120.560188,c245ue
"Hay Canyon",WT,45.523396,-120.584885,c245ue
"Hay Canyon",WT,45.519093,-120.600983,c245ue
"Hay Canyon",WT,45.517094,-120.582489,c245ue
"Biglow Canyon II",WT,45.665794,-120.679489,c245ue
"PaTu Wind Farm",WT,45.602592,-120.617287,c245ue
"PaTu Wind Farm",WT,45.608295,-120.617287,c245ue
"PaTu Wind Farm",WT,45.610195,-120.617287,c245ue
"Klondike II",WT,45.574795,-120.576286,c245ue
"PaTu Wind Farm",WT,45.606396,-120.617287,c245ue
"PaTu Wind Farm",WT,45.604492,-120.617287,c245ue
"Golden Hills (Oregon)",WT,45.559868,-120.705605,c245ue
"Hay Canyon",WT,45.508392,-120.600586,c245ue
"Biglow Canyon I",WT,45.636894,-120.639885,c245ue
"Biglow Canyon I",WT,45.651493,-120.637985,c245ue
"Biglow Canyon I",WT,45.639996,-120.639687,c245ue
"Biglow Canyon I",WT,45.656994,-120.598984,c245ue
"Biglow Canyon I",WT,45.676495,-120.635384,c245ue
"Biglow Canyon I",WT,45.681694,-120.595184,c245ue
"Biglow Canyon I",WT,45.685394,-120.618385,c245ue
"Biglow Canyon I",WT,45.643192,-120.639488,c245ue
"Biglow Canyon I",WT,45.665592,-120.629189,c245ue
"Biglow Canyon I",WT,45.643894,-120.615685,c245ue
"Biglow Canyon I",WT,45.670395,-120.612984,c245ue
"Biglow Canyon I",WT,45.682495,-120.632988,c245ue
"Biglow Canyon I",WT,45.688793,-120.619682,c245ue
"Biglow Canyon I",WT,45.691593,-120.633484,c245ue
"Biglow Canyon I",WT,45.660793,-120.595085,c245ue
"Biglow Canyon I",WT,45.664394,-120.592789,c245ue
"Golden Hills (Oregon)",WT,45.516247,-120.725594,c245ue
"Golden Hills (Oregon)",WT,45.56427,-120.733803,c245ue
"Golden Hills (Oregon)",WT,45.527573,-120.679153,c245ue
"Golden Hills (Oregon)",WT,45.508636,-120.646622,c245ue
"Hay Canyon",WT,45.524494,-120.600784,c245ue
"Hay Canyon",WT,45.491196,-120.580887,c245ue
"Hay Canyon",WT,45.511894,-120.588684,c245ue
"Hay Canyon",WT,45.514393,-120.601784,c245ue
"Golden Hills (Oregon)",WT,45.537632,-120.710213,c245ue
"Hay Canyon",WT,45.529293,-120.573784,c245ue
"Golden Hills (Oregon)",WT,45.545364,-120.682831,c245ue
"Hay Canyon",WT,45.510296,-120.601089,c245ue
"Golden Hills (Oregon)",WT,45.561668,-120.683029,c245ue
"Golden Hills (Oregon)",WT,45.514118,-120.642204,c245ue
"Golden Hills (Oregon)",WT,45.505894,-120.707207,c245ue
"Golden Hills (Oregon)",WT,45.501698,-120.665916,c245ue
"Hay Canyon",WT,45.52462,-120.575294,c245ue
"Golden Hills (Oregon)",WT,45.523918,-120.74334,c245ue
"Golden Hills (Oregon)",WT,45.55106,-120.705772,c245ue
"Golden Hills (Oregon)",WT,45.561523,-120.733673,c245ue
"Golden Hills (Oregon)",WT,45.510296,-120.70079,c245ue
"Golden Hills (Oregon)",WT,45.532494,-120.745461,c245ue
"Golden Hills (Oregon)",WT,45.557369,-120.705521,c245ue
"Golden Hills (Oregon)",WT,45.558674,-120.731987,c245ue
"Hay Canyon",WT,45.488194,-120.582886,c245ue
"Golden Hills (Oregon)",WT,45.541622,-120.706329,c245ue
"Horseshoe Bend",WT,45.593693,-120.026085,c245ue
"Horseshoe Bend",WT,45.582195,-120.007683,c245ue
"Horseshoe Bend",WT,45.584393,-120.041985,c245ue
"Horseshoe Bend",WT,45.603893,-120.03109,c245ue
"Horseshoe Bend",WT,45.602394,-120.074684,c245ue
"Horseshoe Bend",WT,45.602196,-120.028885,c245ue
"Horseshoe Bend",WT,45.594795,-120.049088,c245ue
"Hay Canyon",WT,45.485992,-120.582985,c245ue
"Biglow Canyon I",WT,45.674694,-120.601189,c245ue
"Golden Hills (Oregon)",WT,45.4963,-120.643448,c245ue
"Golden Hills (Oregon)",WT,45.524757,-120.645134,c245ue
"Golden Hills (Oregon)",WT,45.523903,-120.679909,c245ue
"Golden Hills (Oregon)",WT,45.535122,-120.710899,c245ue
"Golden Hills (Oregon)",WT,45.570969,-120.736664,c245ue
"Golden Hills (Oregon)",WT,45.554344,-120.706047,c245ue
"Golden Hills (Oregon)",WT,45.525177,-120.71595,c245ue
"Biglow Canyon II",WT,45.622795,-120.640587,c245ue
"Biglow Canyon II",WT,45.633495,-120.596687,c245ue
"Biglow Canyon II",WT,45.632095,-120.638084,c245ue
"Biglow Canyon II",WT,45.626896,-120.626389,c245ue
"Biglow Canyon II",WT,45.631794,-120.611389,c245ue
"Biglow Canyon II",WT,45.631794,-120.651787,c245ue
"Biglow Canyon II",WT,45.624794,-120.614983,c245ue
"Biglow Canyon II",WT,45.629795,-120.652084,c245ue
"Biglow Canyon II",WT,45.673195,-120.649384,c245ue
"Biglow Canyon II",WT,45.668594,-120.679985,c245ue
"Biglow Canyon II",WT,45.629993,-120.615288,c245ue
"Biglow Canyon II",WT,45.661095,-120.674484,c245ue
"Golden Hills (Oregon)",WT,45.544575,-120.706657,c245ue
"Biglow Canyon II",WT,45.623196,-120.614983,c245ue
"Biglow Canyon II",WT,45.665592,-120.646187,c245ue
"Biglow Canyon II",WT,45.624294,-120.588089,c245ue
"Biglow Canyon I",WT,45.672794,-120.633087,c245ue
"Biglow Canyon I",WT,45.652393,-120.602882,c245ue
"Biglow Canyon I",WT,45.650795,-120.603188,c245ue
"Hay Canyon",WT,45.507793,-120.586784,c245ue
"Golden Hills (Oregon)",WT,45.492558,-120.661301,c245ue
"Golden Hills (Oregon)",WT,45.498657,-120.663811,c245ue
"Golden Hills (Oregon)",WT,45.543926,-120.732239,c245ue
"Golden Hills (Oregon)",WT,45.530682,-120.684006,c245ue
"Golden Hills (Oregon)",WT,45.525501,-120.733818,c245ue
"Hay Canyon",WT,45.495495,-120.559685,c245ue
"PaTu Wind Farm",WT,45.612095,-120.617287,c245ue
"Hay Canyon",WT,45.521496,-120.584183,c245ue
"Hay Canyon",WT,45.483692,-120.582184,c245ue
"Hay Canyon",WT,45.491196,-120.560188,c245ue
"Hay Canyon",WT,45.499893,-120.58429,c245ue
"Hay Canyon",WT,45.476894,-120.581085,c245ue
"Hay Canyon",WT,45.495396,-120.580887,c245ue
"Hay Canyon",WT,45.506893,-120.599586,c245ue
"Hay Canyon",WT,45.516396,-120.601585,c245ue
"Hay Canyon",WT,45.501896,-120.593483,c245ue
"Hay Canyon",WT,45.479095,-120.581383,c245ue
"Hay Canyon",WT,45.501595,-120.584389,c245ue
"Hay Canyon",WT,45.497494,-120.582283,c245ue
"Biglow Canyon I",WT,45.687195,-120.618988,c245ue
"Hay Canyon",WT,45.519196,-120.582886,c245ue
"Biglow Canyon I",WT,45.668995,-120.611885,c245ue
"Biglow Canyon I",WT,45.676094,-120.618889,c245ue
"Biglow Canyon I",WT,45.667294,-120.629585,c245ue
"Biglow Canyon I",WT,45.674694,-120.616989,c245ue
"Biglow Canyon I",WT,45.656593,-120.634285,c245ue
"Biglow Canyon I",WT,45.667694,-120.610687,c245ue
"Biglow Canyon I",WT,45.644894,-120.639687,c245ue
"Hay Canyon",WT,45.488094,-120.561783,c245ue
"Klondike II",WT,45.567696,-120.592087,c245ue
"Klondike II",WT,45.557995,-120.573189,c245ue
"Klondike II",WT,45.565094,-120.572487,c245ue
"Klondike II",WT,45.586292,-120.588783,c245ue
"Klondike II",WT,45.585693,-120.557487,c245ue
"Biglow Canyon I",WT,45.664593,-120.610085,c245ue
"Hay Canyon",WT,45.505894,-120.585884,c245ue
"Klondike III",WT,45.558395,-120.662186,c245ue
"Hay Canyon",WT,45.528996,-120.587189,c245ue
"Hay Canyon",WT,45.522793,-120.601189,c245ue
"Hay Canyon",WT,45.485992,-120.561783,c245ue
"Hay Canyon",WT,45.505394,-120.598686,c245ue
"Hay Canyon",WT,45.521996,-120.574783,c245ue
"Hay Canyon",WT,45.481396,-120.581787,c245ue
"Hay Canyon",WT,45.527096,-120.586388,c245ue
"Hay Canyon",WT,45.509792,-120.587585,c245ue
"Hay Canyon",WT,45.525192,-120.585686,c245ue
"Hay Canyon",WT,45.512196,-120.601685,c245ue
"Hay Canyon",WT,45.493294,-120.580788,c245ue
"Hay Canyon",WT,45.531796,-120.574486,c245ue
"Biglow Canyon I",WT,45.680019,-120.595261,c245ue
"Biglow Canyon I",WT,45.642094,-120.615089,c245ue
"Hay Canyon",WT,45.520893,-120.601089,c245ue
"Biglow Canyon I",WT,45.638393,-120.639786,c245ue
"Biglow Canyon I",WT,45.689793,-120.633484,c245ue
"Hay Canyon",WT,45.483685,-120.561882,c245ue
"Hay Canyon",WT,45.527096,-120.573189,c245ue
"Biglow Canyon I",WT,45.641594,-120.639587,c245ue
"Biglow Canyon I",WT,45.666195,-120.591682,c245ue
"Biglow Canyon I",WT,45.645794,-120.616287,c245ue
"Biglow Canyon I",WT,45.671894,-120.613983,c245ue
"Biglow Canyon I",WT,45.662594,-120.593788,c245ue
"Biglow Canyon I",WT,45.648293,-120.639282,c245ue
"Biglow Canyon I",WT,45.680992,-120.630585,c245ue
"Biglow Canyon I",WT,45.646496,-120.639488,c245ue
"Biglow Canyon I",WT,45.674694,-120.634689,c245ue
"Biglow Canyon I",WT,45.669094,-120.630386,c245ue
"Sagebrush (Kittitas Valley)",WT,47.154793,-120.672783,c26crp
"Sagebrush (Kittitas Valley)",WT,47.156494,-120.671684,c26crp
"Sagebrush (Kittitas Valley)",WT,47.125996,-120.712585,c26crp
"Sagebrush (Kittitas Valley)",WT,47.115993,-120.706985,c26crp
"Sagebrush (Kittitas Valley)",WT,47.151394,-120.674782,c26crp
"Sagebrush (Kittitas Valley)",WT,47.166096,-120.699783,c26crp
"Sagebrush (Kittitas Valley)",WT,47.133373,-120.681953,c26crp
"Sagebrush (Kittitas Valley)",WT,47.159195,-120.682686,c26crp
"Sagebrush (Kittitas Valley)",WT,47.160194,-120.701286,c26crp
"Sagebrush (Kittitas Valley)",WT,47.123295,-120.690086,c26crp
"Sagebrush (Kittitas Valley)",WT,47.109493,-120.699188,c26crp
"Sagebrush (Kittitas Valley)",WT,47.162792,-120.701683,c26crp
"Sagebrush (Kittitas Valley)",WT,47.153194,-120.673683,c26crp
"Sagebrush (Kittitas Valley)",WT,47.115593,-120.697182,c26crp
"Sagebrush (Kittitas Valley)",WT,47.157394,-120.684486,c26crp
"Sagebrush (Kittitas Valley)",WT,47.135593,-120.712982,c26crp
"Sagebrush (Kittitas Valley)",WT,47.117695,-120.706284,c26crp
"Sagebrush (Kittitas Valley)",WT,47.117195,-120.696487,c26crp
"Sagebrush (Kittitas Valley)",WT,47.144093,-120.713486,c26crp
"Sagebrush (Kittitas Valley)",WT,47.132195,-120.712685,c26crp
"Sagebrush (Kittitas Valley)",WT,47.155895,-120.685684,c26crp
"Sagebrush (Kittitas Valley)",WT,47.147495,-120.676086,c26crp
"Sagebrush (Kittitas Valley)",WT,47.136093,-120.727684,c26crp
"Sagebrush (Kittitas Valley)",WT,47.159595,-120.669289,c26crp
"Sagebrush (Kittitas Valley)",WT,47.153095,-120.685188,c26crp
"Sagebrush (Kittitas Valley)",WT,47.142494,-120.715088,c26crp
"Sagebrush (Kittitas Valley)",WT,47.132793,-120.701782,c26crp
"Sagebrush (Kittitas Valley)",WT,47.145195,-120.676186,c26crp
"Sagebrush (Kittitas Valley)",WT,47.160694,-120.681587,c26crp
"Vantage Point",WT,46.954796,-120.181984,c26crp
"Sagebrush (Kittitas Valley)",WT,47.158195,-120.670586,c26crp
"Sagebrush (Kittitas Valley)",WT,47.125893,-120.704086,c26crp
"Sagebrush (Kittitas Valley)",WT,47.160995,-120.667984,c26crp
"Sagebrush (Kittitas Valley)",WT,47.134792,-120.680786,c26crp
"Sagebrush (Kittitas Valley)",WT,47.118793,-120.695587,c26crp
"Sagebrush (Kittitas Valley)",WT,47.141193,-120.685486,c26crp
"Sagebrush (Kittitas Valley)",WT,47.145596,-120.684883,c26crp
"Sagebrush (Kittitas Valley)",WT,47.149395,-120.675385,c26crp
"Sagebrush (Kittitas Valley)",WT,47.127594,-120.703186,c26crp
"Sagebrush (Kittitas Valley)",WT,47.148193,-120.685188,c26crp
"Sagebrush (Kittitas Valley)",WT,47.143394,-120.685188,c26crp
"Sagebrush (Kittitas Valley)",WT,47.162193,-120.680283,c26crp
"Sagebrush (Kittitas Valley)",WT,47.114193,-120.698784,c26crp
"Vantage Point",WT,46.952595,-120.116684,c26crp
"Sagebrush (Kittitas Valley)",WT,47.138195,-120.725784,c26crp
"Wild Horse I",WT,47.001095,-120.161186,c26crp
"Vantage Point",WT,46.955093,-120.202087,c26crp
"Vantage Point",WT,46.951694,-120.143089,c26crp
"Vantage Point",WT,46.961594,-120.180786,c26crp
"Vantage Point",WT,46.957394,-120.183983,c26crp
"Vantage Point",WT,46.965096,-120.203285,c26crp
"Vantage Point",WT,46.951195,-120.212685,c26crp
"Vantage Point",WT,46.953495,-120.213783,c26crp
"Vantage Point",WT,46.951096,-120.096085,c26crp
"Vantage Point",WT,46.953293,-120.203384,c26crp
"Vantage Point",WT,46.954494,-120.127983,c26crp
"Vantage Point",WT,46.945694,-120.133888,c26crp
"Vantage Point",WT,46.954395,-120.116783,c26crp
"Vantage Point",WT,46.949795,-120.110184,c26crp
"Vantage Point",WT,46.958294,-120.199089,c26crp
"Vantage Point",WT,46.943695,-120.132584,c26crp
"Wild Horse I",WT,47.041195,-120.220184,c26crp
"Vantage Point",WT,46.946793,-120.151588,c26crp
"Vantage Point",WT,46.951694,-120.170982,c26crp
"Wild Horse I",WT,47.010193,-120.175186,c26crp
"Wild Horse I",WT,47.006393,-120.171387,c26crp
"Vantage Point",WT,46.954796,-120.138985,c26crp
"Sagebrush (Kittitas Valley)",WT,47.125095,-120.689781,c26crp
"Vantage Point",WT,46.955692,-120.152588,c26crp
"Vantage Point",WT,46.959496,-120.151985,c26crp
"Sagebrush (Kittitas Valley)",WT,47.165295,-120.701782,c26crp
"Sagebrush (Kittitas Valley)",WT,47.121193,-120.707184,c26crp
"Sagebrush (Kittitas Valley)",WT,47.150894,-120.685486,c26crp
"Sagebrush (Kittitas Valley)",WT,47.108692,-120.701584,c26crp
"Vantage Point",WT,46.960396,-120.188187,c26crp
"Wild Horse I",WT,47.048695,-120.221886,c26crp
"Vantage Point",WT,46.969494,-120.206383,c26crp
"Vantage Point",WT,46.950993,-120.159584,c26crp
"Vantage Point",WT,46.960995,-120.169388,c26crp
"Vantage Point",WT,46.953194,-120.140884,c26crp
"Vantage Point",WT,46.950794,-120.120087,c26crp
"Vantage Point",WT,46.959496,-120.114784,c26crp
"Vantage Point",WT,46.951492,-120.204185,c26crp
"Vantage Point",WT,46.952496,-120.179489,c26crp
"Vantage Point",WT,46.949593,-120.132187,c26crp
"Vantage Point",WT,46.957394,-120.118484,c26crp
"Vantage Point",WT,46.950195,-120.144485,c26crp
"Vantage Point",WT,46.967194,-120.204285,c26crp
"Vantage Point",WT,46.952892,-120.129585,c26crp
"Vantage Point",WT,46.947594,-120.175186,c26crp
"Vantage Point",WT,46.952194,-120.155983,c26crp
"Vantage Point",WT,46.952595,-120.105087,c26crp
"Vantage Point",WT,46.954895,-120.191589,c26crp
"Stateline Wind Project",WT,46.037094,-118.826988,c26crp
"Stateline Wind Project",WT,46.020294,-118.800285,c26crp
"Stateline Wind Project",WT,46.002495,-118.838486,c26crp
"Stateline Wind Project",WT,46.005592,-118.742683,c26crp
"Stateline Wind Project",WT,46.034695,-118.815086,c26crp
"Stateline Wind Project",WT,46.023693,-118.841789,c26crp
"Stateline Wind Project",WT,46.021595,-118.854187,c26crp
"Stateline Wind Project",WT,46.035294,-118.857086,c26crp
"Stateline Wind Project",WT,46.024193,-118.857986,c26crp
"Stateline Wind Project",WT,46.023693,-118.849388,c26crp
"Stateline Wind Project",WT,46.002895,-118.738785,c26crp
"Stateline Wind Project",WT,46.002293,-118.779488,c26crp
"Stateline Wind Project",WT,46.003994,-118.766487,c26crp
"Stateline Wind Project",WT,46.004696,-118.741386,c26crp
"Stateline Wind Project",WT,46.013096,-118.79229,c26crp
"Stateline Wind Project",WT,46.013596,-118.754883,c26crp
"Stateline Wind Project",WT,46.010796,-118.850784,c26crp
"Stateline Wind Project",WT,46.027294,-118.808289,c26crp
"Stateline Wind Project",WT,46.023193,-118.841087,c26crp
"Stateline Wind Project",WT,46.008495,-118.860687,c26crp
"Stateline Wind Project",WT,46.008995,-118.861282,c26crp
"Stateline Wind Project",WT,46.024193,-118.850082,c26crp
"Stateline Wind Project",WT,46.034992,-118.815887,c26crp
"Stateline Wind Project",WT,46.019196,-118.765388,c26crp
"Stateline Wind Project",WT,46.025093,-118.851387,c26crp
"Stateline Wind Project",WT,46.017193,-118.796989,c26crp
"Stateline Wind Project",WT,46.007694,-118.771683,c26crp
"Stateline Wind Project",WT,46.025394,-118.859787,c26crp
"Stateline Wind Project",WT,46.003296,-118.855286,c26crp
"Stateline Wind Project",WT,46.030895,-118.811287,c26crp
"Stateline Wind Project",WT,46.001694,-118.84919,c26crp
"Stateline Wind Project",WT,46.021194,-118.853584,c26crp
"Stateline Wind Project",WT,46.017693,-118.797585,c26crp
"Stateline Wind Project",WT,46.024796,-118.858887,c26crp
"Stateline Wind Project",WT,46.011395,-118.854187,c26crp
"Stateline Wind Project",WT,46.031494,-118.811783,c26crp
"Stateline Wind Project",WT,46.004894,-118.847282,c26crp
"Stateline Wind Project",WT,46.004993,-118.856888,c26crp
"Stateline Wind Project",WT,46.030693,-118.851784,c26crp
"Stateline Wind Project",WT,46.013893,-118.755783,c26crp
"Stateline Wind Project",WT,46.006992,-118.744682,c26crp
"Stateline Wind Project",WT,46.010796,-118.830482,c26crp
"Stateline Wind Project",WT,46.036694,-118.823586,c26crp
"Stateline Wind Project",WT,46.001095,-118.836487,c26crp
"Stateline Wind Project",WT,46.012295,-118.855484,c26crp
"Stateline Wind Project",WT,46.014694,-118.793983,c26crp
"Stateline Wind Project",WT,46.011295,-118.851486,c26crp
"Stateline Wind Project",WT,46.026894,-118.807487,c26crp
"Stateline Wind Project",WT,46.039593,-118.879387,c26crp
"Stateline Wind Project",WT,46.028496,-118.80909,c26crp
"Stateline Wind Project",WT,46.002895,-118.839088,c26crp
"Stateline Wind Project",WT,46.019493,-118.76619,c26crp
"Stateline Wind Project",WT,46.011093,-118.789886,c26crp
"Stateline Wind Project",WT,46.038395,-118.828087,c26crp
"Stateline Wind Project",WT,46.003094,-118.765289,c26crp
"Stateline Wind Project",WT,46.007496,-118.745285,c26crp
"Stateline Wind Project",WT,46.037594,-118.827682,c26crp
"Stateline Wind Project",WT,46.027493,-118.862885,c26crp
"Stateline Wind Project",WT,46.023396,-118.803787,c26crp
"Stateline Wind Project",WT,46.001293,-118.736984,c26crp
"Stateline Wind Project",WT,46.025993,-118.844986,c26crp
"Stateline Wind Project",WT,46.004395,-118.813988,c26crp
"Stateline Wind Project",WT,46.001194,-118.848587,c26crp
"Stateline Wind Project",WT,46.011894,-118.750786,c26crp
"Stateline Wind Project",WT,46.027893,-118.808685,c26crp
"Stateline Wind Project",WT,46.032192,-118.869888,c26crp
"Stateline Wind Project",WT,46.014595,-118.757484,c26crp
"Stateline Wind Project",WT,46.028595,-118.864586,c26crp
"Stateline Wind Project",WT,46.001194,-118.762688,c26crp
"Stateline Wind Project",WT,46.040195,-118.830185,c26crp
"Stateline Wind Project",WT,46.029095,-118.809685,c26crp
"Stateline Wind Project",WT,46.010593,-118.815987,c26crp
"Stateline Wind Project",WT,46.001896,-118.737587,c26crp
"Stateline Wind Project",WT,46.018696,-118.798782,c26crp
"Stateline Wind Project",WT,46.036594,-118.876686,c26crp
"Stateline Wind Project",WT,46.009792,-118.829185,c26crp
"Stateline Wind Project",WT,46.036793,-118.858887,c26crp
"Stateline Wind Project",WT,46.002094,-118.854385,c26crp
"Stateline Wind Project",WT,46.036194,-118.875984,c26crp
"Stateline Wind Project",WT,46.005894,-118.834488,c26crp
"Stateline Wind Project",WT,46.026592,-118.806587,c26crp
"Stateline Wind Project",WT,46.010296,-118.850189,c26crp
"Stateline Wind Project",WT,46.016167,-118.79583,c26crp
"Stateline Wind Project",WT,46.006893,-118.835785,c26crp
"Stateline Wind Project",WT,46.038395,-118.877586,c26crp
"Stateline Wind Project",WT,46.031296,-118.868584,c26crp
"Stateline Wind Project",WT,46.034195,-118.814484,c26crp
"Stateline Wind Project",WT,46.014893,-118.758286,c26crp
"Stateline Wind Project",WT,46.002693,-118.812782,c26crp
"Stateline Wind Project",WT,46.007095,-118.785988,c26crp
"Stateline Wind Project",WT,46.001896,-118.812286,c26crp
"Stateline Wind Project",WT,46.024494,-118.804886,c26crp
"Stateline Wind Project",WT,46.005795,-118.847588,c26crp
"Stateline Wind Project",WT,46.006393,-118.858788,c26crp
"Stateline Wind Project",WT,46.003796,-118.740089,c26crp
"Stateline Wind Project",WT,46.003296,-118.739388,c26crp
"Stateline Wind Project",WT,46.035694,-118.875389,c26crp
"Stateline Wind Project",WT,46.009895,-118.849487,c26crp
"Stateline Wind Project",WT,46.030293,-118.810783,c26crp
"Vantage Point",WT,46.950993,-120.188789,c26crp
"Stateline Wind Project",WT,46.033092,-118.871284,c26crp
"Stateline Wind Project",WT,46.036194,-118.858284,c26crp
"Stateline Wind Project",WT,46.033195,-118.813286,c26crp
"Stateline Wind Project",WT,46.016994,-118.761887,c26crp
"Stateline Wind Project",WT,46.022995,-118.856087,c26crp
"Stateline Wind Project",WT,46.009495,-118.834984,c26crp
"Stateline Wind Project",WT,46.001995,-118.837784,c26crp
"Stateline Wind Project",WT,46.017395,-118.762589,c26crp
"Stateline Wind Project",WT,46.040195,-118.880188,c26crp
"Stateline Wind Project",WT,46.005493,-118.833786,c26crp
"Stateline Wind Project",WT,46.021893,-118.839088,c26crp
"Stateline Wind Project",WT,46.004993,-118.833183,c26crp
"Stateline Wind Project",WT,46.001293,-118.77829,c26crp
"Stateline Wind Project",WT,46.006004,-118.815018,c26crp
"Stateline Wind Project",WT,46.018295,-118.763985,c26crp
"Stateline Wind Project",WT,46.031994,-118.812286,c26crp
"Stateline Wind Project",WT,46.011295,-118.750183,c26crp
"Stateline Wind Project",WT,46.015694,-118.759789,c26crp
"Stateline Wind Project",WT,46.006794,-118.770485,c26crp
"Stateline Wind Project",WT,46.019196,-118.799385,c26crp
"Stateline Wind Project",WT,46.005493,-118.857483,c26crp
"Stateline Wind Project",WT,46.020992,-118.834183,c26crp
"Stateline Wind Project",WT,46.033493,-118.854988,c26crp
"Stateline Wind Project",WT,46.032993,-118.854385,c26crp
"Stateline Wind Project",WT,46.002094,-118.849884,c26crp
"Stateline Wind Project",WT,46.026093,-118.806084,c26crp
"Stateline Wind Project",WT,46.002594,-118.850586,c26crp
"Stateline Wind Project",WT,46.009895,-118.788483,c26crp
"Stateline Wind Project",WT,46.027992,-118.863586,c26crp
"Stateline Wind Project",WT,46.004494,-118.781685,c26crp
"Stateline Wind Project",WT,46.035294,-118.874687,c26crp
"Stateline Wind Project",WT,46.036293,-118.821487,c26crp
"Stateline Wind Project",WT,46.027096,-118.862289,c26crp
"Stateline Wind Project",WT,46.021496,-118.801285,c26crp
"Stateline Wind Project",WT,46.009396,-118.828484,c26crp
"Stateline Wind Project",WT,46.015694,-118.795189,c26crp
"Stateline Wind Project",WT,46.026592,-118.861588,c26crp
"Stateline Wind Project",WT,46.013294,-118.753983,c26crp
"Stateline Wind Project",WT,46.009895,-118.748283,c26crp
"Stateline Wind Project",WT,46.032593,-118.812782,c26crp
"Stateline Wind Project",WT,46.035793,-118.85759,c26crp
"Stateline Wind Project",WT,46.031693,-118.852989,c26crp
"Stateline Wind Project",WT,46.039394,-118.82869,c26crp
"Stateline Wind Project",WT,46.033695,-118.813889,c26crp
"Stateline Wind Project",WT,46.020893,-118.800789,c26crp
"Stateline Wind Project",WT,46.001793,-118.778885,c26crp
"Stateline Wind Project",WT,46.009396,-118.861984,c26crp
"Stateline Wind Project",WT,46.030792,-118.867889,c26crp
"Stateline Wind Project",WT,46.002792,-118.85479,c26crp
"Stateline Wind Project",WT,46.004894,-118.767883,c26crp
"Stateline Wind Project",WT,46.020493,-118.833084,c26crp
"Stateline Wind Project",WT,46.014194,-118.793388,c26crp
"Stateline Wind Project",WT,46.015194,-118.794586,c26crp
"Stateline Wind Project",WT,46.033993,-118.855682,c26crp
"Stateline Wind Project",WT,46.006393,-118.835083,c26crp
"Stateline Wind Project",WT,46.008095,-118.787186,c26crp
"Stateline Wind Project",WT,46.033493,-118.871986,c26crp
"Stateline Wind Project",WT,46.029896,-118.866585,c26crp
"Stateline Wind Project",WT,46.004494,-118.832489,c26crp
"Stateline Wind Project",WT,46.031693,-118.869286,c26crp
"Stateline Wind Project",WT,46.003395,-118.839783,c26crp
"Stateline Wind Project",WT,46.010494,-118.748787,c26crp
"Stateline Wind Project",WT,46.034893,-118.873985,c26crp
"Stateline Wind Project",WT,46.022594,-118.802383,c26crp
"Stateline Wind Project",WT,46.011593,-118.790588,c26crp
"Stateline Wind Project",WT,46.008392,-118.827286,c26crp
"Stateline Wind Project",WT,46.017895,-118.855682,c26crp
"Stateline Wind Project",WT,46.009293,-118.788086,c26crp
"Stateline Wind Project",WT,46.022095,-118.801788,c26crp
"Stateline Wind Project",WT,46.025494,-118.805588,c26crp
"Stateline Wind Project",WT,46.024094,-118.842384,c26crp
"Stateline Wind Project",WT,46.007996,-118.745888,c26crp
"Stateline Wind Project",WT,46.006493,-118.743988,c26crp
"Stateline Wind Project",WT,46.022095,-118.85479,c26crp
"Stateline Wind Project",WT,46.038994,-118.878487,c26crp
"Stateline Wind Project",WT,46.004192,-118.740685,c26crp
"Stateline Wind Project",WT,46.014194,-118.756683,c26crp
"Stateline Wind Project",WT,46.023895,-118.804489,c26crp
"Stateline Wind Project",WT,46.018894,-118.764488,c26crp
"Stateline Wind Project",WT,46.030396,-118.867188,c26crp
"Stateline Wind Project",WT,46.008896,-118.827888,c26crp
"Stateline Wind Project",WT,46.022293,-118.83989,c26crp
"Stateline Wind Project",WT,46.021496,-118.838287,c26crp
"Stateline Wind Project",WT,46.017895,-118.763283,c26crp
"Stateline Wind Project",WT,46.000885,-118.777771,c26crp
"Stateline Wind Project",WT,46.003994,-118.78109,c26crp
"Stateline Wind Project",WT,46.005894,-118.858086,c26crp
"Stateline Wind Project",WT,46.032593,-118.870583,c26crp
"Stateline Wind Project",WT,46.012894,-118.753189,c26crp
"Stateline Wind Project",WT,46.008896,-118.747086,c26crp
"Stateline Wind Project",WT,46.025093,-118.843689,c26crp
"Stateline Wind Project",WT,46.034393,-118.873283,c26crp
"Stateline Wind Project",WT,46.006794,-118.785187,c26crp
"Stateline Wind Project",WT,46.011684,-118.816078,c26crp
"Stateline Wind Project",WT,46.034794,-118.856483,c26crp
"Stateline Wind Project",WT,46.039795,-118.829384,c26crp
"Stateline Wind Project",WT,46.012592,-118.791786,c26crp
"Stateline Wind Project",WT,46.009396,-118.747787,c26crp
"Stateline Wind Project",WT,46.019493,-118.832886,c26crp
"Stateline Wind Project",WT,46.018192,-118.798187,c26crp
"Stateline Wind Project",WT,46.036896,-118.824684,c26crp
"Stateline Wind Project",WT,46.035595,-118.818489,c26crp
"Stateline Wind Project",WT,46.028996,-118.865288,c26crp
"Stateline Wind Project",WT,46.012093,-118.791183,c26crp
"Stateline Wind Project",WT,46.010395,-118.836288,c26crp
"Stateline Wind Project",WT,46.016594,-118.761284,c26crp
"Stateline Wind Project",WT,46.008293,-118.815788,c26crp
"Stateline Wind Project",WT,46.032192,-118.853584,c26crp
"Stateline Wind Project",WT,46.002792,-118.780083,c26crp
"Stateline Wind Project",WT,46.031193,-118.852386,c26crp
"Stateline Wind Project",WT,46.008694,-118.787582,c26crp
"Stateline Wind Project",WT,46.017395,-118.855087,c26crp
"Stateline Wind Project",WT,46.024593,-118.843086,c26crp
"Stateline Wind Project",WT,46.036095,-118.820488,c26crp
"Stateline Wind Project",WT,46.005196,-118.814484,c26crp
"Stateline Wind Project",WT,46.035892,-118.819389,c26crp
"Stateline Wind Project",WT,46.015594,-118.852386,c26crp
"Stateline Wind Project",WT,46.003494,-118.813385,c26crp
"Stateline Wind Project",WT,46.037792,-118.876785,c26crp
"Stateline Wind Project",WT,46.007496,-118.78669,c26crp
"Stateline Wind Project",WT,46.009895,-118.835686,c26crp
"Stateline Wind Project",WT,46.016094,-118.760483,c26crp
"Stateline Wind Project",WT,46.007595,-118.848083,c26crp
"Stateline Wind Project",WT,46.00087,-118.736343,c26crp
"Stateline Wind Project",WT,46.012592,-118.752289,c26crp
"Stateline Wind Project",WT,46.005394,-118.78299,c26crp
"Stateline Wind Project",WT,46.021793,-118.846886,c26crp
"Stateline Wind Project",WT,46.012794,-118.816185,c26crp
"Stateline Wind Project",WT,46.005795,-118.783783,c26crp
"Stateline Wind Project",WT,46.016495,-118.853783,c26crp
"Stateline Wind Project",WT,46.033993,-118.872589,c26crp
"Stateline Wind Project",WT,46.001495,-118.837189,c26crp
"Stateline Wind Project",WT,46.011894,-118.854889,c26crp
"Stateline Wind Project",WT,46.005993,-118.743385,c26crp
"Stateline Wind Project",WT,46.022793,-118.848083,c26crp
"Stateline Wind Project",WT,46.006695,-118.847786,c26crp
"Stateline Wind Project",WT,46.021095,-118.835785,c26crp
"Stateline Wind Project",WT,46.022995,-118.803085,c26crp
"Stateline Wind Project",WT,46.004894,-118.782387,c26crp
"Stateline Wind Project",WT,46.002396,-118.73819,c26crp
"Stateline Wind Project",WT,46.016094,-118.853088,c26crp
"Stateline Wind Project",WT,46.026493,-118.845688,c26crp
"Stateline Wind Project",WT,46.003895,-118.855789,c26crp
"Stateline Wind Project",WT,46.016994,-118.854385,c26crp
"Stateline Wind Project",WT,46.022694,-118.840485,c26crp
"Stateline Wind Project",WT,46.009495,-118.815887,c26crp
"Stateline Wind Project",WT,46.036995,-118.82589,c26crp
"Stateline Wind Project",WT,46.002094,-118.763985,c26crp
"Stateline Wind Project",WT,46.024593,-118.850685,c26crp
"Stateline Wind Project",WT,46.021294,-118.837288,c26crp
"Stateline Wind Project",WT,46.025494,-118.844383,c26crp
"Stateline Wind Project",WT,46.020695,-118.852882,c26crp
"Stateline Wind Project",WT,46.023193,-118.848785,c26crp
"Stateline Wind Project",WT,46.019794,-118.799889,c26crp
"Stateline Wind Project",WT,46.018192,-118.832886,c26crp
"Stateline Wind Project",WT,46.022293,-118.847488,c26crp
"Stateline Wind Project",WT,46.016693,-118.796387,c26crp
"Stateline Wind Project",WT,46.010296,-118.829887,c26crp
"Stateline Wind Project",WT,46.015293,-118.759087,c26crp
"Stateline Wind Project",WT,46.029495,-118.865883,c26crp
"Stateline Wind Project",WT,46.003395,-118.780586,c26crp
"Stateline Wind Project",WT,46.036495,-118.822487,c26crp
"Stateline Wind Project",WT,46.006794,-118.815582,c26crp
"Stateline Wind Project",WT,46.012295,-118.751389,c26crp
"Stateline Wind Project",WT,46.010895,-118.853584,c26crp
"Stateline Wind Project",WT,46.022594,-118.855484,c26crp
"Stateline Wind Project",WT,46.029995,-118.850189,c26crp
"Stateline Wind Project",WT,46.013695,-118.792786,c26crp
"Stateline Wind Project",WT,46.030293,-118.850983,c26crp
"Stateline Wind Project",WT,46.005795,-118.769188,c26crp
"Stateline Wind Project",WT,46.008392,-118.746483,c26crp
"Vantage Point",WT,46.946495,-120.178589,c26crp
"Stateline Wind Project",WT,45.990997,-118.7686,c26crp
"Vantage Point",WT,46.953793,-120.153984,c26crp
"Combine Hills I",WT,45.930542,-118.586906,c26crp
"Combine Hills I",WT,45.945148,-118.567108,c26crp
"Combine Hills I",WT,45.963493,-118.631783,c26crp
"Combine Hills I",WT,45.931828,-118.589119,c26crp
"Combine Hills I",WT,45.941036,-118.587936,c26crp
"Combine Hills I",WT,45.940266,-118.586746,c26crp
"Combine Hills I",WT,45.965694,-118.634186,c26crp
"Combine Hills I",WT,45.923714,-118.515984,c26crp
"Combine Hills I",WT,45.947514,-118.569145,c26crp
"Combine Hills I",WT,45.946861,-118.619034,c26crp
"Vansycle I",WT,45.943893,-118.670486,c26crp
"Chopin (Phase II)",WT,45.904591,-118.497368,c26crp
"Combine Hills II",WT,45.935696,-118.547783,c26crp
"Combine Hills II",WT,45.950394,-118.646988,c26crp
"Stateline Wind Project",WT,45.978661,-118.805305,c26crp
"Combine Hills II",WT,45.954895,-118.651787,c26crp
"Stateline Wind Project",WT,45.973282,-118.797493,c26crp
"Combine Hills II",WT,45.950195,-118.597183,c26crp
"Combine Hills I",WT,45.959496,-118.628983,c26crp
"Combine Hills II",WT,45.955193,-118.563286,c26crp
"Combine Hills I",WT,45.928516,-118.583801,c26crp
"Chopin (Phase II)",WT,45.90638,-118.501122,c26crp
"Stateline Wind Project",WT,45.99575,-118.770882,c26crp
"Stateline Wind Project",WT,45.993195,-118.835083,c26crp
"Stateline Wind Project",WT,45.996796,-118.809883,c26crp
"Stateline Wind Project",WT,45.97879,-118.693588,c26crp
"Stateline Wind Project",WT,45.982914,-118.792419,c26crp
"Chopin (Phase II)",WT,45.906174,-118.491165,c26crp
"Chopin (Phase II)",WT,45.902271,-118.493767,c26crp
"Combine Hills I",WT,45.94434,-118.566078,c26crp
"Combine Hills I",WT,45.916256,-118.509964,c26crp
"Combine Hills I",WT,45.927189,-118.578865,c26crp
"Combine Hills I",WT,45.929184,-118.584793,c26crp
"Combine Hills I",WT,45.964951,-118.632919,c26crp
"Combine Hills I",WT,45.928215,-118.58139,c26crp
"Combine Hills I",WT,45.929951,-118.585754,c26crp
"Combine Hills I",WT,45.938915,-118.580238,c26crp
"Combine Hills I",WT,45.927643,-118.58017,c26crp
"Combine Hills I",WT,45.948128,-118.62014,c26crp
"Combine Hills I",WT,45.921494,-118.515556,c26crp
"Combine Hills I",WT,45.919605,-118.514999,c26crp
"Combine Hills II",WT,45.956196,-118.653084,c26crp
"Combine Hills II",WT,45.953194,-118.560883,c26crp
"Combine Hills II",WT,45.944195,-118.554184,c26crp
"Stateline Wind Project",WT,45.983494,-118.821388,c26crp
"Combine Hills II",WT,45.943195,-118.553284,c26crp
"Stateline Wind Project",WT,45.983353,-118.804817,c26crp
"Stateline Wind Project",WT,45.966194,-118.777588,c26crp
"Stateline Wind Project",WT,45.992992,-118.804886,c26crp
"Stateline Wind Project",WT,45.991226,-118.766235,c26crp
"Stateline Wind Project",WT,45.974522,-118.780304,c26crp
"Stateline Wind Project",WT,45.964371,-118.775085,c26crp
"Stateline Wind Project",WT,45.996292,-118.809387,c26crp
"Stateline Wind Project",WT,45.973869,-118.79837,c26crp
"Stateline Wind Project",WT,45.973927,-118.788948,c26crp
"Combine Hills II",WT,45.940094,-118.550285,c26crp
"Stateline Wind Project",WT,45.986492,-118.824989,c26crp
"Combine Hills II",WT,45.951393,-118.648087,c26crp
"Combine Hills II",WT,45.949493,-118.583084,c26crp
"Stateline Wind Project",WT,45.982445,-118.696182,c26crp
"Stateline Wind Project",WT,45.978165,-118.693192,c26crp
"Stateline Wind Project",WT,45.995293,-118.808083,c26crp
"Stateline Wind Project",WT,45.994461,-118.7285,c26crp
"Stateline Wind Project",WT,45.996693,-118.840485,c26crp
"Stateline Wind Project",WT,45.995792,-118.808685,c26crp
"Stateline Wind Project",WT,45.988094,-118.814888,c26crp
"Combine Hills II",WT,45.944996,-118.594086,c26crp
"Stateline Wind Project",WT,45.999393,-118.845886,c26crp
"Combine Hills II",WT,45.947796,-118.592987,c26crp
"Combine Hills II",WT,45.938194,-118.549683,c26crp
"Stateline Wind Project",WT,45.970879,-118.795418,c26crp
"Combine Hills II",WT,45.933292,-118.544083,c26crp
"Combine Hills II",WT,45.953793,-118.65049,c26crp
"Stateline Wind Project",WT,45.968594,-118.771584,c26crp
"Stateline Wind Project",WT,45.996017,-118.730247,c26crp
"Combine Hills II",WT,45.963093,-118.657486,c26crp
"Combine Hills II",WT,45.967995,-118.636482,c26crp
"Stateline Wind Project",WT,45.997192,-118.841187,c26crp
"Stateline Wind Project",WT,45.992493,-118.804184,c26crp
"Combine Hills II",WT,45.921795,-118.526489,c26crp
"Combine Hills II",WT,45.952293,-118.597282,c26crp
"Stateline Wind Project",WT,45.961666,-118.781387,c26crp
"Stateline Wind Project",WT,45.990295,-118.830086,c26crp
"Stateline Wind Project",WT,45.979988,-118.694481,c26crp
"Stateline Wind Project",WT,45.994122,-118.769287,c26crp
"Stateline Wind Project",WT,45.994392,-118.798683,c26crp
"Stateline Wind Project",WT,45.992092,-118.803589,c26crp
"Echo 1-7",WT,45.703293,-119.400284,c26crp
"Stateline Wind Project",WT,45.997692,-118.841789,c26crp
"Combine Hills II",WT,45.950508,-118.559608,c26crp
"Combine Hills I",WT,45.939674,-118.581795,c26crp
"Combine Hills I",WT,45.951412,-118.623779,c26crp
"Combine Hills I",WT,45.931183,-118.588058,c26crp
"Combine Hills I",WT,45.949409,-118.621078,c26crp
"Combine Hills I",WT,45.939568,-118.585548,c26crp
"Combine Hills I",WT,45.957993,-118.627884,c26crp
"Combine Hills I",WT,45.917889,-118.512489,c26crp
"Combine Hills II",WT,45.963894,-118.660286,c26crp
"Combine Hills I",WT,45.918713,-118.513763,c26crp
"Combine Hills I",WT,45.960793,-118.629784,c26crp
"Combine Hills I",WT,45.956444,-118.626686,c26crp
"Combine Hills I",WT,45.917126,-118.511185,c26crp
"Combine Hills I",WT,45.942394,-118.590385,c26crp
"Combine Hills II",WT,45.937893,-118.576782,c26crp
"Combine Hills II",WT,45.946594,-118.647682,c26crp
"Combine Hills II",WT,45.948193,-118.557686,c26crp
"Combine Hills II",WT,45.924294,-118.528488,c26crp
"Combine Hills I",WT,45.941692,-118.589188,c26crp
"Combine Hills II",WT,45.963593,-118.658989,c26crp
"Combine Hills II",WT,45.962593,-118.656288,c26crp
"Combine Hills II",WT,45.947594,-118.582184,c26crp
"Stateline Wind Project",WT,45.983395,-118.685188,c26crp
"Vansycle I",WT,45.941864,-118.667206,c26crp
"Vansycle I",WT,45.932793,-118.655388,c26crp
"Vansycle I",WT,45.92099,-118.605019,c26crp
"Echo 1-7",WT,45.699493,-119.414589,c26crp
"Echo 1-7",WT,45.712093,-119.404587,c26crp
"Echo 1-7",WT,45.709892,-119.403183,c26crp
"Echo 1-7",WT,45.695293,-119.407089,c26crp
"Echo 1-7",WT,45.706295,-119.405083,c26crp
"Stateline Wind Project",WT,45.959579,-118.768158,c26crp
"Stateline Wind Project",WT,45.988895,-118.807686,c26crp
"Stateline Wind Project",WT,45.988495,-118.827385,c26crp
"Stateline Wind Project",WT,45.996254,-118.771523,c26crp
"Stateline Wind Project",WT,45.989895,-118.808983,c26crp
"Combine Hills II",WT,45.969093,-118.637283,c26crp
"Combine Hills II",WT,45.937096,-118.575485,c26crp
"Combine Hills II",WT,45.931892,-118.541283,c26crp
"Combine Hills II",WT,45.936493,-118.548889,c26crp
"Combine Hills II",WT,45.970493,-118.638283,c26crp
"Combine Hills II",WT,45.954395,-118.56189,c26crp
"Stateline Wind Project",WT,45.984493,-118.822586,c26crp
"Combine Hills II",WT,45.934093,-118.545387,c26crp
"Combine Hills II",WT,45.920395,-118.525383,c26crp
"Combine Hills I",WT,45.950665,-118.622108,c26crp
"Chopin",WT,45.888245,-118.468964,c26crp
"Chopin",WT,45.889595,-118.47168,c26crp
"Chopin",WT,45.894127,-118.474266,c26crp
"Chopin",WT,45.897919,-118.473137,c26crp
"Chopin",WT,45.891644,-118.473419,c26crp
"Chopin",WT,45.887829,-118.465309,c26crp
"Stateline Wind Project",WT,45.984993,-118.82309,c26crp
"Combine Hills I",WT,45.952496,-118.625084,c26crp
"Stateline Wind Project",WT,45.989395,-118.82869,c26crp
"Stateline Wind Project",WT,45.981815,-118.695786,c26crp
"Stateline Wind Project",WT,46.000694,-118.848083,c26crp
"Chopin (Phase II)",WT,45.910664,-118.498604,c26crp
"Stateline Wind Project",WT,45.959595,-118.780083,c26crp
"Stateline Wind Project",WT,45.986095,-118.811287,c26crp
"Stateline Wind Project",WT,45.989689,-118.764481,c26crp
"Stateline Wind Project",WT,45.984093,-118.794136,c26crp
"Stateline Wind Project",WT,45.991093,-118.83149,c26crp
"Stateline Wind Project",WT,45.994892,-118.799286,c26crp
"Combine Hills I",WT,45.946274,-118.568123,c26crp
"Combine Hills II",WT,45.946495,-118.580788,c26crp
"Combine Hills II",WT,45.951897,-118.560219,c26crp
"Combine Hills II",WT,45.964294,-118.66169,c26crp
"Combine Hills II",WT,45.945095,-118.555389,c26crp
"Combine Hills II",WT,45.941296,-118.551384,c26crp
"Combine Hills II",WT,45.958195,-118.653687,c26crp
"Combine Hills II",WT,45.961693,-118.655083,c26crp
"Combine Hills II",WT,45.959694,-118.654488,c26crp
"Combine Hills II",WT,45.919094,-118.524185,c26crp
"Combine Hills I",WT,45.94276,-118.591827,c26crp
"Combine Hills II",WT,45.932594,-118.542587,c26crp
"Combine Hills II",WT,45.922977,-118.52755,c26crp
"Combine Hills II",WT,45.954395,-118.597687,c26crp
"Combine Hills II",WT,45.944595,-118.592484,c26crp
"Combine Hills II",WT,45.935593,-118.570984,c26crp
"Combine Hills II",WT,45.942196,-118.552483,c26crp
"Combine Hills II",WT,45.948994,-118.593987,c26crp
"Combine Hills II",WT,45.945995,-118.556183,c26crp
"Combine Hills II",WT,45.935894,-118.572586,c26crp
"Combine Hills II",WT,45.949394,-118.558685,c26crp
"Combine Hills II",WT,45.949493,-118.59549,c26crp
"Combine Hills II",WT,45.949795,-118.644386,c26crp
"Vansycle I",WT,45.944294,-118.671486,c26crp
"Stateline Wind Project",WT,45.993595,-118.835785,c26crp
"Stateline Wind Project",WT,45.991493,-118.832184,c26crp
"Stateline Wind Project",WT,45.999794,-118.846687,c26crp
"Stateline Wind Project",WT,45.970303,-118.794548,c26crp
"Stateline Wind Project",WT,45.960785,-118.76989,c26crp
"Stateline Wind Project",WT,45.980595,-118.694931,c26crp
"Vansycle II",WT,45.895454,-118.536682,c26crp
"Stateline Wind Project",WT,45.987995,-118.806389,c26crp
"Vansycle II",WT,45.891449,-118.588417,c26crp
"Vansycle II",WT,45.920753,-118.566948,c26crp
"Stateline Wind Project",WT,45.991455,-118.769241,c26crp
"Stateline Wind Project",WT,45.994392,-118.806786,c26crp
"Stateline Wind Project",WT,45.967396,-118.769882,c26crp
"Vansycle II",WT,45.919453,-118.626373,c26crp
"Stateline Wind Project",WT,45.972137,-118.786339,c26crp
"Vansycle II",WT,45.909531,-118.588501,c26crp
"Vansycle II",WT,45.916451,-118.625328,c26crp
"Stateline Wind Project",WT,45.989796,-118.829384,c26crp
"Vansycle II",WT,45.894127,-118.550217,c26crp
"Vansycle II",WT,45.913528,-118.63839,c26crp
"Stateline Wind Project",WT,45.965572,-118.776817,c26crp
"Vansycle II",WT,45.917179,-118.597023,c26crp
"Stateline Wind Project",WT,45.992397,-118.770515,c26crp
"Stateline Wind Project",WT,45.975719,-118.782036,c26crp
"Stateline Wind Project",WT,45.967995,-118.770683,c26crp
"Vansycle II",WT,45.903118,-118.575958,c26crp
"Stateline Wind Project",WT,45.971535,-118.785492,c26crp
"Vansycle II",WT,45.891567,-118.530922,c26crp
"Vansycle II",WT,45.952198,-118.68927,c26crp
"Vansycle II",WT,45.89439,-118.531975,c26crp
"Vansycle II",WT,45.907265,-118.549744,c26crp
"Stateline Wind Project",WT,45.981937,-118.801666,c26crp
"Stateline Wind Project",WT,45.976894,-118.802689,c26crp
"Stateline Wind Project",WT,45.977512,-118.784645,c26crp
"Vansycle II",WT,45.916786,-118.578278,c26crp
"Vansycle II",WT,45.892406,-118.560135,c26crp
"Vansycle II",WT,45.893974,-118.563965,c26crp
"Vansycle II",WT,45.910538,-118.552193,c26crp
"Stateline Wind Project",WT,45.982132,-118.803108,c26crp
"Stateline Wind Project",WT,45.995518,-118.729645,c26crp
"Stateline Wind Project",WT,46.000294,-118.811989,c26crp
"Stateline Wind Project",WT,45.986195,-118.686386,c26crp
"Vansycle II",WT,45.918335,-118.581497,c26crp
"Stateline Wind Project",WT,45.961979,-118.771622,c26crp
"Vansycle II",WT,45.907467,-118.586235,c26crp
"Vansycle II",WT,45.913544,-118.559608,c26crp
"Rattlesnake Flat",WT,46.890896,-118.453949,c26crp
"Rattlesnake Flat",WT,46.920849,-118.510979,c26crp
"Rattlesnake Flat",WT,46.884258,-118.376633,c26crp
"Rattlesnake Flat",WT,46.909943,-118.385345,c26crp
"Rattlesnake Flat",WT,46.925369,-118.455284,c26crp
"Rattlesnake Flat",WT,46.901642,-118.42569,c26crp
"Rattlesnake Flat",WT,46.910305,-118.497345,c26crp
"Rattlesnake Flat",WT,46.90313,-118.379417,c26crp
"Rattlesnake Flat",WT,46.870224,-118.371902,c26crp
"Rattlesnake Flat",WT,46.92934,-118.455795,c26crp
"Rattlesnake Flat",WT,46.887222,-118.443451,c26crp
"Rattlesnake Flat",WT,46.858582,-118.404739,c26crp
"Rattlesnake Flat",WT,46.883476,-118.432175,c26crp
"Rattlesnake Flat",WT,46.876751,-118.421013,c26crp
"Rattlesnake Flat",WT,46.899216,-118.37043,c26crp
"Rattlesnake Flat",WT,46.905384,-118.48909,c26crp
"Rattlesnake Flat",WT,46.914703,-118.442207,c26crp
"Rattlesnake Flat",WT,46.916016,-118.44635,c26crp
"Rattlesnake Flat",WT,46.874493,-118.37397,c26crp
"Rattlesnake Flat",WT,46.888199,-118.392548,c26crp
"Rattlesnake Flat",WT,46.902336,-118.485664,c26crp
"Rattlesnake Flat",WT,46.872852,-118.416023,c26crp
"Vansycle II",WT,45.898338,-118.568481,c26crp
"Vansycle II",WT,45.895496,-118.596878,c26crp
"Stateline Wind Project",WT,45.985481,-118.686089,c26crp
"Rattlesnake Flat",WT,46.891991,-118.414871,c26crp
"Rattlesnake Flat",WT,46.932865,-118.4571,c26crp
"Rattlesnake Flat",WT,46.907852,-118.492805,c26crp
"Rattlesnake Flat",WT,46.915558,-118.499947,c26crp
"Rattlesnake Flat",WT,46.886467,-118.387833,c26crp
"Rattlesnake Flat",WT,46.880329,-118.429131,c26crp
"Rattlesnake Flat",WT,46.878357,-118.424538,c26crp
"Rattlesnake Flat",WT,46.884449,-118.341026,c26crp
"Rattlesnake Flat",WT,46.896465,-118.468086,c26crp
"Rattlesnake Flat",WT,46.906403,-118.382057,c26crp
"Rattlesnake Flat",WT,46.888824,-118.448975,c26crp
"Rattlesnake Flat",WT,46.935871,-118.459839,c26crp
"Rattlesnake Flat",WT,46.891148,-118.353134,c26crp
"Rattlesnake Flat",WT,46.917557,-118.506538,c26crp
"Rattlesnake Flat",WT,46.903774,-118.429756,c26crp
"Rattlesnake Flat",WT,46.911289,-118.440056,c26crp
"Echo 1-7",WT,45.701694,-119.422287,c26crp
"Vansycle II",WT,45.951965,-118.685043,c26crp
"Vansycle II",WT,45.94894,-118.684517,c26crp
"Vansycle I",WT,45.940807,-118.666023,c26crp
"Vansycle II",WT,45.945545,-118.684723,c26crp
"Vansycle II",WT,45.919273,-118.563507,c26crp
"Stateline Wind Project",WT,45.987694,-118.814186,c26crp
"Combine Hills II",WT,45.936493,-118.574089,c26crp
"Combine Hills II",WT,45.934895,-118.546585,c26crp
"Combine Hills II",WT,45.966595,-118.635384,c26crp
"Stateline Wind Project",WT,45.982014,-118.684578,c26crp
"Stateline Wind Project",WT,45.96497,-118.775963,c26crp
"Vansycle II",WT,45.912323,-118.592354,c26crp
"Stateline Wind Project",WT,45.981121,-118.799355,c26crp
"Stateline Wind Project",WT,45.963772,-118.774231,c26crp
"Stateline Wind Project",WT,45.995396,-118.838486,c26crp
"Stateline Wind Project",WT,45.997646,-118.773422,c26crp
"Stateline Wind Project",WT,45.984795,-118.685783,c26crp
"Stateline Wind Project",WT,45.978092,-118.804382,c26crp
"Stateline Wind Project",WT,45.975117,-118.781166,c26crp
"Stateline Wind Project",WT,45.9907,-118.765717,c26crp
"Stateline Wind Project",WT,45.993996,-118.797989,c26crp
"Stateline Wind Project",WT,45.999489,-118.734436,c26crp
"Vansycle II",WT,45.914021,-118.62339,c26crp
"Stateline Wind Project",WT,45.985893,-118.796761,c26crp
"Vansycle II",WT,45.914734,-118.574951,c26crp
"Stateline Wind Project",WT,45.994656,-118.769836,c26crp
"Stateline Wind Project",WT,45.967304,-118.790215,c26crp
"Stateline Wind Project",WT,45.986485,-118.79763,c26crp
"Stateline Wind Project",WT,45.986893,-118.812683,c26crp
"Stateline Wind Project",WT,45.995792,-118.800583,c26crp
"Stateline Wind Project",WT,45.999596,-118.811584,c26crp
"Stateline Wind Project",WT,45.998695,-118.844284,c26crp
"Stateline Wind Project",WT,45.998592,-118.733086,c26crp
"Stateline Wind Project",WT,45.976906,-118.783775,c26crp
"Stateline Wind Project",WT,45.998993,-118.811188,c26crp
"Stateline Wind Project",WT,45.976295,-118.801788,c26crp
"Stateline Wind Project",WT,45.981178,-118.695381,c26crp
"Stateline Wind Project",WT,45.998165,-118.773987,c26crp
"Stateline Wind Project",WT,45.96909,-118.792816,c26crp
"Stateline Wind Project",WT,45.997562,-118.731956,c26crp
"Stateline Wind Project",WT,45.968483,-118.791946,c26crp
"Stateline Wind Project",WT,45.988895,-118.827988,c26crp
"Stateline Wind Project",WT,45.995193,-118.770386,c26crp
"Combine Hills II",WT,45.952595,-118.649384,c26crp
"Stateline Wind Project",WT,45.986996,-118.825584,c26crp
"Stateline Wind Project",WT,45.990295,-118.809685,c26crp
"Stateline Wind Project",WT,45.992695,-118.834488,c26crp
"Vansycle II",WT,45.915211,-118.564018,c26crp
"Stateline Wind Project",WT,45.979393,-118.694038,c26crp
"Vansycle I",WT,45.932392,-118.653984,c26crp
"Echo 8-9",WT,45.731396,-119.419487,c26crp
"Stateline Wind Project",WT,45.999969,-118.735115,c26crp
"Vansycle I",WT,45.945156,-118.673813,c26crp
"Echo 8-9",WT,45.726192,-119.416389,c26crp
"Stateline Wind Project",WT,45.985695,-118.810585,c26crp
"Echo 8-9",WT,45.720196,-119.411583,c26crp
"Echo 8-9",WT,45.718094,-119.407684,c26crp
"Echo 8-9",WT,45.728645,-119.41819,c26crp
"Vansycle I",WT,45.947948,-118.676796,c26crp
"Stateline Wind Project",WT,45.985294,-118.809883,c26crp
"Vansycle I",WT,45.948895,-118.678787,c26crp
"Vansycle I",WT,45.918133,-118.600182,c26crp
"Vansycle I",WT,45.948395,-118.677788,c26crp
"Vansycle I",WT,45.925579,-118.608246,c26crp
"Vansycle I",WT,45.931255,-118.653046,c26crp
"Stateline Wind Project",WT,45.997494,-118.810287,c26crp
"Vansycle I",WT,45.938499,-118.663956,c26crp
"Echo 1-7",WT,45.698093,-119.412086,c26crp
"Vansycle I",WT,45.930115,-118.652046,c26crp
"Vansycle I",WT,45.922653,-118.606865,c26crp
"Stateline Wind Project",WT,45.997177,-118.772827,c26crp
"Vansycle II",WT,45.893234,-118.59153,c26crp
"Vansycle II",WT,45.915054,-118.595154,c26crp
"Vansycle II",WT,45.920383,-118.583878,c26crp
"Stateline Wind Project",WT,45.998093,-118.842583,c26crp
"Vansycle II",WT,45.891785,-118.548294,c26crp
"Stateline Wind Project",WT,45.995792,-118.839188,c26crp
"Vansycle II",WT,45.899406,-118.591621,c26crp
"Stateline Wind Project",WT,45.988495,-118.807083,c26crp
"Stateline Wind Project",WT,45.958996,-118.779182,c26crp
"Vansycle II",WT,45.905003,-118.584831,c26crp
"Vansycle II",WT,45.910053,-118.572968,c26crp
"Vansycle II",WT,45.911755,-118.556831,c26crp
"Vansycle II",WT,45.912018,-118.635078,c26crp
"Vansycle II",WT,45.909935,-118.632683,c26crp
"Stateline Wind Project",WT,45.994995,-118.729088,c26crp
"Vansycle II",WT,45.896229,-118.566147,c26crp
"Vansycle II",WT,45.922131,-118.570755,c26crp
"Vansycle I",WT,45.918514,-118.601318,c26crp
"Stateline Wind Project",WT,45.994495,-118.837189,c26crp
"Rattlesnake Flat",WT,46.90139,-118.374908,c26crp
"Stateline Wind Project",WT,45.987495,-118.826187,c26crp
"Stateline Wind Project",WT,45.991093,-118.802284,c26crp
"Wheatridge Wind",WT,45.55835,-119.662392,c26crp
"Wheatridge Wind",WT,45.629379,-119.680122,c26crp
"Wheatridge Wind",WT,45.501888,-119.547134,c26crp
"Wheatridge Wind",WT,45.602093,-119.650627,c26crp
"Orchard Wind",WT,45.644753,-119.556831,c26crp
"Wheatridge Wind",WT,45.565182,-119.582146,c26crp
"Wheatridge Wind",WT,45.47768,-119.543846,c26crp
"Wheatridge Wind",WT,45.516632,-119.582542,c26crp
"Wheatridge Wind",WT,45.434875,-119.551132,c26crp
"Wheatridge Wind",WT,45.614395,-119.677231,c26crp
"Wheatridge Wind",WT,45.469215,-119.595337,c26crp
"Wheatridge Wind",WT,45.431038,-119.537201,c26crp
"Wheatridge Wind",WT,45.543358,-119.575935,c26crp
"Wheatridge Wind",WT,45.569092,-119.590263,c26crp
"Wheatridge Wind",WT,45.463207,-119.560539,c26crp
"South Hurlburt",WT,45.583294,-119.963783,c26crp
"Wheatridge Wind",WT,45.47279,-119.56366,c26crp
"Wheatridge Wind",WT,45.462227,-119.582932,c26crp
"Wheatridge Wind",WT,45.44413,-119.539894,c26crp
"Wheatridge Wind",WT,45.561588,-119.572998,c26crp
"Wheatridge Wind",WT,45.480679,-119.550781,c26crp
"Wheatridge Wind",WT,45.59996,-119.642815,c26crp
"Wheatridge Wind",WT,45.57193,-119.595207,c26crp
"Wheatridge Wind",WT,45.566685,-119.630196,c26crp
"Wheatridge Wind",WT,45.505783,-119.593834,c26crp
"Wheatridge Wind",WT,45.43259,-119.54908,c26crp
"Wheatridge Wind",WT,45.605286,-119.677231,c26crp
"Wheatridge Wind",WT,45.550144,-119.57827,c26crp
"Wheatridge Wind",WT,45.475136,-119.541016,c26crp
"South Hurlburt",WT,45.627594,-119.980682,c26crp
"Wheatridge Wind",WT,45.6161,-119.635719,c26crp
"Wheatridge Wind",WT,45.437534,-119.52356,c26crp
"Wheatridge Wind",WT,45.619404,-119.680229,c26crp
"Wheatridge Wind",WT,45.520168,-119.582497,c26crp
"Wheatridge Wind",WT,45.620075,-119.637001,c26crp
"Wheatridge Wind",WT,45.438847,-119.5578,c26crp
"Wheatridge Wind",WT,45.570068,-119.631447,c26crp
"Wheatridge Wind",WT,45.540791,-119.603729,c26crp
"Wheatridge Wind",WT,45.437572,-119.553093,c26crp
"Wheatridge Wind",WT,45.532665,-119.598152,c26crp
"South Hurlburt",WT,45.622494,-119.984085,c26crp
"Wheatridge Wind",WT,45.431004,-119.519676,c26crp
"Wheatridge Wind",WT,45.493221,-119.545944,c26crp
"Wheatridge Wind",WT,45.617191,-119.677315,c26crp
"Horseshoe Bend",WT,45.587894,-119.968689,c26crp
"Orchard Wind",WT,45.68972,-119.465584,c26crp
"Willow Creek",WT,45.646496,-119.986389,c26crp
"Echo 1-7",WT,45.646595,-119.478783,c26crp
"Willow Creek",WT,45.656395,-119.989983,c26crp
"Willow Creek",WT,45.642094,-119.982689,c26crp
"Willow Creek",WT,45.647594,-119.97139,c26crp
"Willow Creek",WT,45.648193,-119.987289,c26crp
"Orchard Wind",WT,45.694157,-119.470375,c26crp
"Willow Creek",WT,45.648193,-119.979286,c26crp
"Willow Creek",WT,45.646595,-119.977486,c26crp
"Willow Creek",WT,45.645294,-119.975685,c26crp
"Willow Creek",WT,45.653294,-119.979485,c26crp
"Willow Creek",WT,45.653095,-119.969688,c26crp
"Willow Creek",WT,45.665695,-119.991287,c26crp
"Willow Creek",WT,45.646095,-119.969284,c26crp
"Willow Creek",WT,45.651592,-119.988388,c26crp
"Willow Creek",WT,45.669193,-119.988785,c26crp
"Willow Creek",WT,45.667194,-119.990387,c26crp
"Wheatridge Wind",WT,45.466888,-119.546539,c26crp
"Wheatridge Wind",WT,45.486332,-119.549728,c26crp
"Wheatridge Wind",WT,45.609779,-119.654694,c26crp
"South Hurlburt",WT,45.607094,-119.980186,c26crp
"South Hurlburt",WT,45.612495,-119.971085,c26crp
"Wheatridge Wind",WT,45.509491,-119.627205,c26crp
"Wheatridge Wind",WT,45.451447,-119.547089,c26crp
"Wheatridge Wind",WT,45.503204,-119.622192,c26crp
"Wheatridge Wind",WT,45.565521,-119.667419,c26crp
"Wheatridge Wind",WT,45.506039,-119.624832,c26crp
"Wheatridge Wind",WT,45.546768,-119.577003,c26crp
"Wheatridge Wind",WT,45.502075,-119.592377,c26crp
"Wheatridge Wind",WT,45.419884,-119.520874,c26crp
"Wheatridge Wind",WT,45.554394,-119.577484,c26crp
"Wheatridge Wind",WT,45.434395,-119.521423,c26crp
"Wheatridge Wind",WT,45.480324,-119.577881,c26crp
"Wheatridge Wind",WT,45.417355,-119.518135,c26crp
"Wheatridge Wind",WT,45.606812,-119.654694,c26crp
"Wheatridge Wind",WT,45.525494,-119.58329,c26crp
"Wheatridge Wind",WT,45.493374,-119.531235,c26crp
"Wheatridge Wind",WT,45.459915,-119.540237,c26crp
"Wheatridge Wind",WT,45.555508,-119.553879,c26crp
"South Hurlburt",WT,45.634193,-119.981583,c26crp
"South Hurlburt",WT,45.613194,-119.980186,c26crp
"South Hurlburt",WT,45.542793,-119.976288,c26crp
"South Hurlburt",WT,45.535793,-119.963188,c26crp
"Wheatridge Wind",WT,45.50882,-119.596657,c26crp
"Wheatridge Wind",WT,45.478374,-119.575241,c26crp
"Wheatridge Wind",WT,45.60825,-119.677544,c26crp
"Wheatridge Wind",WT,45.554405,-119.664009,c26crp
"Wheatridge Wind",WT,45.424541,-119.527756,c26crp
"Wheatridge Wind",WT,45.555794,-119.616402,c26crp
"Wheatridge Wind",WT,45.611336,-119.677689,c26crp
"Wheatridge Wind",WT,45.545433,-119.604248,c26crp
"Wheatridge Wind",WT,45.482964,-119.531296,c26crp
"Wheatridge Wind",WT,45.562222,-119.665077,c26crp
"Wheatridge Wind",WT,45.529015,-119.585625,c26crp
"Wheatridge Wind",WT,45.471691,-119.598969,c26crp
"Wheatridge Wind",WT,45.625656,-119.679993,c26crp
"Wheatridge Wind",WT,45.50602,-119.577995,c26crp
"Wheatridge Wind",WT,45.564648,-119.625961,c26crp
"Wheatridge Wind",WT,45.614338,-119.631348,c26crp
"Wheatridge Wind",WT,45.490467,-119.530533,c26crp
"Wheatridge Wind",WT,45.486675,-119.530243,c26crp
"Wheatridge Wind",WT,45.470348,-119.544205,c26crp
"Wheatridge Wind",WT,45.457233,-119.536835,c26crp
"Wheatridge Wind",WT,45.481518,-119.580048,c26crp
"Wheatridge Wind",WT,45.422279,-119.524734,c26crp
"Wheatridge Wind",WT,45.427994,-119.516975,c26crp
"Wheatridge Wind",WT,45.529461,-119.59584,c26crp
"Wheatridge Wind",WT,45.511295,-119.578545,c26crp
"Wheatridge Wind",WT,45.446297,-119.542274,c26crp
"Wheatridge Wind",WT,45.466164,-119.55957,c26crp
"Wheatridge Wind",WT,45.479084,-119.547333,c26crp
"Wheatridge Wind",WT,45.558281,-119.619637,c26crp
"Wheatridge Wind",WT,45.539925,-119.574493,c26crp
"Wheatridge Wind",WT,45.575893,-119.636406,c26crp
"Wheatridge Wind",WT,45.465225,-119.595131,c26crp
"Wheatridge Wind",WT,45.56213,-119.621567,c26crp
"Wheatridge Wind",WT,45.430775,-119.546143,c26crp
"Wheatridge Wind",WT,45.573147,-119.633064,c26crp
"Wheatridge Wind",WT,45.563229,-119.576508,c26crp
"Horseshoe Bend",WT,45.584496,-119.985786,c26crp
"Wheatridge Wind",WT,45.558292,-119.555832,c26crp
"Orchard Wind",WT,45.687458,-119.46315,c26crp
"Orchard Wind",WT,45.683025,-119.458366,c26crp
"Wheatridge Wind",WT,45.484306,-119.548965,c26crp
"Echo 1-7",WT,45.650295,-119.482887,c26crp
"Willow Creek",WT,45.640919,-119.981483,c26crp
"Wheatridge Wind",WT,45.493458,-119.568962,c26crp
"Wheatridge Wind",WT,45.471222,-119.562485,c26crp
"Wheatridge Wind",WT,45.491127,-119.567627,c26crp
"South Hurlburt",WT,45.541195,-119.974388,c26crp
"Wheatridge Wind",WT,45.628063,-119.636559,c26crp
"South Hurlburt",WT,45.555992,-119.958786,c26crp
"South Hurlburt",WT,45.615093,-119.981285,c26crp
"South Hurlburt",WT,45.611694,-119.991585,c26crp
"South Hurlburt",WT,45.607693,-119.989487,c26crp
"South Hurlburt",WT,45.636395,-119.981789,c26crp
"Wheatridge Wind",WT,45.511284,-119.600716,c26crp
"South Hurlburt",WT,45.629295,-119.972389,c26crp
"South Hurlburt",WT,45.536995,-119.965584,c26crp
"South Hurlburt",WT,45.631992,-119.981689,c26crp
"South Hurlburt",WT,45.613693,-119.992584,c26crp
"South Hurlburt",WT,45.600395,-119.996689,c26crp
"South Hurlburt",WT,45.614594,-119.970886,c26crp
"South Hurlburt",WT,45.605793,-119.988487,c26crp
"South Hurlburt",WT,45.629593,-119.981689,c26crp
"South Hurlburt",WT,45.619694,-119.982086,c26crp
"South Hurlburt",WT,45.609695,-119.990486,c26crp
"South Hurlburt",WT,45.624393,-119.985184,c26crp
"Wheatridge Wind",WT,45.62392,-119.636841,c26crp
"South Hurlburt",WT,45.616894,-119.982185,c26crp
"Wheatridge Wind",WT,45.465469,-119.571503,c26crp
"Wheatridge Wind",WT,45.614532,-119.659088,c26crp
"Wheatridge Wind",WT,45.488258,-119.566795,c26crp
"Wheatridge Wind",WT,45.490227,-119.546913,c26crp
"South Hurlburt",WT,45.610596,-119.979286,c26crp
"South Hurlburt",WT,45.597294,-119.981888,c26crp
"Wheatridge Wind",WT,45.448277,-119.545563,c26crp
"Wheatridge Wind",WT,45.561363,-119.557091,c26crp
"South Hurlburt",WT,45.638493,-119.981789,c26crp
"Wheatridge Wind",WT,45.469246,-119.559097,c26crp
"Wheatridge Wind",WT,45.548183,-119.609116,c26crp
"Wheatridge Wind",WT,45.498219,-119.549881,c26crp
"Wheatridge Wind",WT,45.610256,-119.628746,c26crp
"Wheatridge Wind",WT,45.604351,-119.652977,c26crp
"Wheatridge Wind",WT,45.622627,-119.679993,c26crp
"Wheatridge Wind",WT,45.426483,-119.531258,c26crp
"Wheatridge Wind",WT,45.611576,-119.657242,c26crp
"Wheatridge Wind",WT,45.49831,-119.572449,c26crp
"Wheatridge Wind",WT,45.495995,-119.570511,c26crp
"South Hurlburt",WT,45.544594,-119.977486,c26crp
"Vansycle I",WT,45.933994,-118.659584,c26crp
"Horseshoe Bend",WT,45.569595,-119.953186,c26crp
"Horseshoe Bend",WT,45.558292,-119.942986,c26crp
"Stateline Wind Project",WT,45.988319,-118.763313,c26crp
"Vansycle I",WT,45.943542,-118.669479,c26crp
"Vansycle I",WT,45.944584,-118.6726,c26crp
"Stateline Wind Project",WT,45.993893,-118.806183,c26crp
"Vansycle I",WT,45.921852,-118.605881,c26crp
"Stateline Wind Project",WT,45.996712,-118.772163,c26crp
"Stateline Wind Project",WT,45.97094,-118.784622,c26crp
"Vansycle I",WT,45.946293,-118.674789,c26crp
"Stateline Wind Project",WT,45.991592,-118.802986,c26crp
"Stateline Wind Project",WT,45.996292,-118.83989,c26crp
"Echo 1-7",WT,45.696594,-119.409683,c26crp
"Stateline Wind Project",WT,45.994095,-118.836388,c26crp
"Stateline Wind Project",WT,45.988995,-118.816383,c26crp
"Stateline Wind Project",WT,45.980515,-118.798492,c26crp
"Vansycle I",WT,45.936947,-118.66095,c26crp
"Vansycle I",WT,45.928135,-118.650993,c26crp
"Stateline Wind Project",WT,45.969193,-118.772484,c26crp
"Echo 1-7",WT,45.704796,-119.402588,c26crp
"Stateline Wind Project",WT,45.987324,-118.762123,c26crp
"Echo 1-7",WT,45.703995,-119.423088,c26crp
"Vansycle I",WT,45.919327,-118.602753,c26crp
"Stateline Wind Project",WT,45.961395,-118.77076,c26crp
"Horseshoe Bend",WT,45.538395,-119.96769,c26crp
"Horseshoe Bend",WT,45.558395,-119.958885,c26crp
"Threemile Canyon",WT,45.680393,-119.940582,c26crp
"Horseshoe Bend",WT,45.591995,-119.972885,c26crp
"Threemile Canyon",WT,45.675896,-119.937683,c26crp
"Threemile Canyon",WT,45.677494,-119.938889,c26crp
"Threemile Canyon",WT,45.682194,-119.942184,c26crp
"Horseshoe Bend",WT,45.598293,-119.973587,c26crp
"Stateline Wind Project",WT,45.967884,-118.791092,c26crp
"Stateline Wind Project",WT,45.987995,-118.826782,c26crp
"Vansycle I",WT,45.949394,-118.679787,c26crp
"Stateline Wind Project",WT,45.973339,-118.788086,c26crp
"Vantage Point",WT,46.948795,-120.215088,c26crp
"Vansycle I",WT,45.920166,-118.604095,c26crp
"Stateline Wind Project",WT,45.992695,-118.813286,c26crp
"Stateline Wind Project",WT,45.993492,-118.805489,c26crp
"Stateline Wind Project",WT,46.000195,-118.847488,c26crp
"Stateline Wind Project",WT,45.970341,-118.783752,c26crp
"Vansycle I",WT,45.924561,-118.607964,c26crp
"Stateline Wind Project",WT,45.998394,-118.843384,c26crp
"Echo 1-7",WT,45.714195,-119.405388,c26crp
"Stateline Wind Project",WT,45.99194,-118.769867,c26crp
"Stateline Wind Project",WT,45.988594,-118.815582,c26crp
"Stateline Wind Project",WT,45.982738,-118.80397,c26crp
"Stateline Wind Project",WT,45.983517,-118.793297,c26crp
"Stateline Wind Project",WT,45.998394,-118.810883,c26crp
"Vansycle I",WT,45.936172,-118.660065,c26crp
"Stateline Wind Project",WT,45.982693,-118.684883,c26crp
"Stateline Wind Project",WT,45.987495,-118.805786,c26crp
"Vansycle I",WT,45.938793,-118.665085,c26crp
"Stateline Wind Project",WT,45.976303,-118.782906,c26crp
"Stateline Wind Project",WT,45.994892,-118.837883,c26crp
"Stateline Wind Project",WT,46.000389,-118.735756,c26crp
"Stateline Wind Project",WT,45.989395,-118.817085,c26crp
"Vansycle I",WT,45.942932,-118.668388,c26crp
"Vansycle I",WT,45.937714,-118.661835,c26crp
"Vansycle I",WT,45.938229,-118.662819,c26crp
"Stateline Wind Project",WT,45.979912,-118.797615,c26crp
"Stateline Wind Project",WT,45.996529,-118.73082,c26crp
"Stateline Wind Project",WT,45.990177,-118.765182,c26crp
"Stateline Wind Project",WT,45.999043,-118.733772,c26crp
"Stateline Wind Project",WT,45.963177,-118.773361,c26crp
"Stateline Wind Project",WT,45.993195,-118.813889,c26crp
"Stateline Wind Project",WT,45.961067,-118.780518,c26crp
"Stateline Wind Project",WT,45.987804,-118.762764,c26crp
"Stateline Wind Project",WT,45.997063,-118.731377,c26crp
"Echo 1-7",WT,45.705994,-119.424988,c26crp
"Stateline Wind Project",WT,45.977493,-118.80349,c26crp
"Stateline Wind Project",WT,45.990692,-118.830688,c26crp
"Vansycle I",WT,45.923531,-118.607674,c26crp
"Stateline Wind Project",WT,45.992195,-118.833588,c26crp
"Vansycle I",WT,45.933567,-118.658257,c26crp
"Stateline Wind Project",WT,45.985992,-118.824387,c26crp
"Stateline Wind Project",WT,45.96019,-118.769035,c26crp
"Stateline Wind Project",WT,45.985493,-118.823784,c26crp
"Vansycle I",WT,45.947495,-118.675789,c26crp
"Stateline Wind Project",WT,45.995396,-118.799889,c26crp
"Vansycle I",WT,45.933182,-118.65686,c26crp
"Stateline Wind Project",WT,45.987293,-118.813484,c26crp
"Stateline Wind Project",WT,45.984093,-118.685486,c26crp
"Stateline Wind Project",WT,45.962582,-118.772499,c26crp
"Stateline Wind Project",WT,45.972744,-118.787216,c26crp
"Stateline Wind Project",WT,45.981712,-118.800186,c26crp
"Horseshoe Bend",WT,45.575893,-119.965286,c26crp
"Threemile Canyon",WT,45.678993,-119.939789,c26crp
"Horseshoe Bend",WT,45.570793,-119.972488,c26crp
"Threemile Canyon",WT,45.674793,-119.933983,c26crp
"Echo 1-7",WT,45.652195,-119.484985,c26crp
"Echo 8-9",WT,45.642593,-119.45089,c26crp
"Echo 1-7",WT,45.653095,-119.462685,c26crp
"Echo 1-7",WT,45.658295,-119.468689,c26crp
"Echo 8-9",WT,45.640392,-119.448486,c26crp
"Echo 8-9",WT,45.64933,-119.458473,c26crp
"Echo 1-7",WT,45.656593,-119.466682,c26crp
"Echo 8-9",WT,45.647392,-119.456284,c26crp
"Willow Creek",WT,45.651295,-119.969986,c26crp
"Willow Creek",WT,45.651592,-119.979385,c26crp
"Echo 8-9",WT,45.644695,-119.453285,c26crp
"Willow Creek",WT,45.644993,-119.985283,c26crp
"Echo 1-7",WT,45.640995,-119.472588,c26crp
"Echo 1-7",WT,45.651196,-119.460686,c26crp
"Horseshoe Bend",WT,45.579594,-119.975082,c26crp
"Horseshoe Bend",WT,45.567696,-119.952187,c26crp
"Horseshoe Bend",WT,45.597294,-119.990883,c26crp
"Horseshoe Bend",WT,45.547794,-119.943985,c26crp
"Willow Creek",WT,45.643593,-119.983887,c26crp
"Willow Creek",WT,45.649895,-119.988487,c26crp
"Willow Creek",WT,45.658092,-119.990585,c26crp
"Echo 1-7",WT,45.654793,-119.464684,c26crp
"Horseshoe Bend",WT,45.571594,-119.954185,c26crp
"Horseshoe Bend",WT,45.603794,-119.987488,c26crp
"Horseshoe Bend",WT,45.564293,-119.961685,c26crp
"Horseshoe Bend",WT,45.573093,-119.973289,c26crp
"Horseshoe Bend",WT,45.596394,-119.972786,c26crp
"Horseshoe Bend",WT,45.597393,-119.962784,c26crp
"Willow Creek",WT,45.660294,-119.991989,c26crp
"Willow Creek",WT,45.662094,-119.991684,c26crp
"Willow Creek",WT,45.656693,-119.978584,c26crp
"Echo 1-7",WT,45.654095,-119.486984,c26crp
"Echo 1-7",WT,45.639095,-119.47049,c26crp
"Willow Creek",WT,45.653095,-119.989288,c26crp
"Willow Creek",WT,45.663692,-119.991386,c26crp
"Willow Creek",WT,45.654694,-119.989685,c26crp
"Echo 1-7",WT,45.642796,-119.474586,c26crp
"Orchard Wind",WT,45.676296,-119.451103,c26crp
"Willow Creek",WT,45.654896,-119.979485,c26crp
"Echo 1-7",WT,45.644794,-119.476685,c26crp
"Willow Creek",WT,45.649994,-119.979286,c26crp
"Horseshoe Bend",WT,45.585495,-119.964584,c26crp
"Horseshoe Bend",WT,45.573395,-119.955185,c26crp
"Horseshoe Bend",WT,45.598595,-119.995888,c26crp
"Horseshoe Bend",WT,45.562294,-119.978584,c26crp
"Horseshoe Bend",WT,45.545795,-119.959885,c26crp
"Horseshoe Bend",WT,45.557293,-119.976883,c26crp
"Horseshoe Bend",WT,45.559593,-119.978683,c26crp
"Horseshoe Bend",WT,45.589993,-119.970787,c26crp
"Orchard Wind",WT,45.63398,-119.541389,c26crp
"Horseshoe Bend",WT,45.543293,-119.958984,c26crp
"Horseshoe Bend",WT,45.601894,-119.986488,c26crp
"Horseshoe Bend",WT,45.595196,-119.980988,c26crp
"Orchard Wind",WT,45.646511,-119.559341,c26crp
"Horseshoe Bend",WT,45.566795,-119.964584,c26crp
"Horseshoe Bend",WT,45.545692,-119.980186,c26crp
"Horseshoe Bend",WT,45.587296,-119.984688,c26crp
"Horseshoe Bend",WT,45.551594,-119.948288,c26crp
"Horseshoe Bend",WT,45.555294,-119.941086,c26crp
"Horseshoe Bend",WT,45.580593,-119.983986,c26crp
"Horseshoe Bend",WT,45.577595,-119.974686,c26crp
"Horseshoe Bend",WT,45.588894,-119.991386,c26crp
"Horseshoe Bend",WT,45.560295,-119.943985,c26crp
"Horseshoe Bend",WT,45.561993,-119.958984,c26crp
"Orchard Wind",WT,45.637371,-119.546295,c26crp
"Orchard Wind",WT,45.639046,-119.548569,c26crp
"Horseshoe Bend",WT,45.550495,-119.941887,c26crp
"Horseshoe Bend",WT,45.599895,-119.98539,c26crp
"Horseshoe Bend",WT,45.554493,-119.975983,c26crp
"Horseshoe Bend",WT,45.603695,-119.977585,c26crp
"Horseshoe Bend",WT,45.594593,-119.963684,c26crp
"Horseshoe Bend",WT,45.594494,-119.971786,c26crp
"Horseshoe Bend",WT,45.586594,-119.966789,c26crp
"Echo 1-7",WT,45.648495,-119.480888,c26crp
"Horseshoe Bend",WT,45.565693,-119.951088,c26crp
"Horseshoe Bend",WT,45.601692,-119.976585,c26crp
"Horseshoe Bend",WT,45.582596,-119.984787,c26crp
"Horseshoe Bend",WT,45.562294,-119.945084,c26crp
"Horseshoe Bend",WT,45.553795,-119.935989,c26crp
"Horseshoe Bend",WT,45.548096,-119.961189,c26crp
"Orchard Wind",WT,45.64843,-119.562103,c26crp
"Orchard Wind",WT,45.678535,-119.453529,c26crp
"Orchard Wind",WT,45.67408,-119.448723,c26crp
"Orchard Wind",WT,45.691944,-119.467987,c26crp
"Orchard Wind",WT,45.650394,-119.564926,c26crp
"Orchard Wind",WT,45.635738,-119.543846,c26crp
"Horseshoe Bend",WT,45.568295,-119.968788,c26crp
"Rattlesnake Flat",WT,46.891178,-118.410591,c26crp
"Stateline Wind Project",WT,45.984711,-118.795021,c26crp
"Rattlesnake Flat",WT,46.889744,-118.405769,c26crp
"Wild Horse I",WT,47.004795,-120.167084,c26crp
"Wild Horse I",WT,47.007496,-120.206886,c26crp
"Wild Horse I",WT,47.002594,-120.165886,c26crp
"Wild Horse I",WT,47.026196,-120.213783,c26crp
"Wild Horse I",WT,47.030792,-120.216583,c26crp
"Wild Horse I",WT,47.005493,-120.207184,c26crp
"Wild Horse I",WT,47.042393,-120.220688,c26crp
"Wild Horse I",WT,47.007595,-120.172089,c26crp
"Wild Horse I",WT,47.002396,-120.206085,c26crp
"Wild Horse I",WT,47.053192,-120.213585,c26crp
"Wild Horse I",WT,47.009594,-120.194588,c26crp
"Wild Horse I",WT,47.011192,-120.198685,c26crp
"Wild Horse I",WT,47.036495,-120.218285,c26crp
"Wild Horse I",WT,47.047504,-120.198196,c26crp
"Wild Horse I",WT,46.996796,-120.184586,c26crp
"Wild Horse I",WT,47.003895,-120.206589,c26crp
"Wild Horse I",WT,47.008995,-120.174484,c26crp
"Wild Horse I",WT,47.052094,-120.212784,c26crp
"Wild Horse I",WT,47.041695,-120.199387,c26crp
"Wild Horse I",WT,46.993793,-120.177788,c26crp
"Wild Horse I",WT,46.996395,-120.156883,c26crp
"Wild Horse I",WT,47.033092,-120.18969,c26crp
"Wild Horse I",WT,47.026993,-120.187187,c26crp
"Wild Horse I",WT,47.008293,-120.193886,c26crp
"Wild Horse I",WT,47.038895,-120.195488,c26crp
"Wild Horse I",WT,47.051094,-120.187782,c26crp
"Wild Horse I",WT,47.036495,-120.192383,c26crp
"Wild Horse I",WT,46.999893,-120.160286,c26crp
"Wild Horse I",WT,47.028694,-120.202888,c26crp
"Wild Horse I",WT,47.034096,-120.190483,c26crp
"Wild Horse I",WT,47.012794,-120.211685,c26crp
"Wild Horse I",WT,47.035194,-120.190987,c26crp
"Wild Horse I",WT,46.995083,-120.178139,c26crp
"Wild Horse I",WT,47.013096,-120.222885,c26crp
"Wild Horse I",WT,47.013695,-120.199783,c26crp
"Wild Horse I",WT,47.035393,-120.180489,c26crp
"Wild Horse I",WT,47.036594,-120.204887,c26crp
"Wild Horse I",WT,47.005795,-120.192688,c26crp
"Wild Horse I",WT,47.048195,-120.176888,c26crp
"Wild Horse I",WT,46.999794,-120.188286,c26crp
"Wild Horse I",WT,47.018795,-120.180183,c26crp
"Wild Horse I",WT,47.029896,-120.187386,c26crp
"Wild Horse I",WT,47.011993,-120.222488,c26crp
"Wild Horse I",WT,47.040493,-120.210388,c26crp
"Wild Horse I",WT,47.037693,-120.218887,c26crp
"Wild Horse I",WT,47.022694,-120.183289,c26crp
"Wild Horse I",WT,47.049793,-120.177383,c26crp
"Wild Horse I",WT,47.032192,-120.178185,c26crp
"Wild Horse I",WT,47.014194,-120.177483,c26crp
"Wild Horse I",WT,47.015293,-120.223984,c26crp
"Wild Horse I",WT,47.003693,-120.166389,c26crp
"Wild Horse I",WT,47.046696,-120.176987,c26crp
"Wild Horse I",WT,47.000893,-120.188683,c26crp
"Wild Horse I",WT,47.022293,-120.195587,c26crp
"Wild Horse I",WT,47.045193,-120.213188,c26crp
"Wild Horse I",WT,47.014294,-120.223289,c26crp
"Wild Horse I",WT,47.041595,-120.211189,c26crp
"Wild Horse I",WT,47.051094,-120.222786,c26crp
"Wild Horse I",WT,47.042793,-120.200188,c26crp
"Wild Horse I",WT,47.050995,-120.212486,c26crp
"Wild Horse I",WT,47.024796,-120.198387,c26crp
"Wild Horse I",WT,47.042496,-120.186089,c26crp
"Wild Horse I",WT,47.043594,-120.186783,c26crp
"Wild Horse I",WT,47.049892,-120.222282,c26crp
"Wild Horse I",WT,47.016396,-120.224388,c26crp
"Wild Horse I",WT,47.037594,-120.193489,c26crp
"Wild Horse I",WT,47.027393,-120.214783,c26crp
"Wild Horse I",WT,47.017693,-120.179688,c26crp
"Wild Horse I",WT,47.010796,-120.222389,c26crp
"Wild Horse I",WT,47.007095,-120.193283,c26crp
"Vantage Point",WT,46.955494,-120.106689,c26crp
"Vantage Point",WT,46.948692,-120.199089,c26crp
"Vantage Point",WT,46.957394,-120.150688,c26crp
"Vantage Point",WT,46.954193,-120.163887,c26crp
"Vantage Point",WT,46.952892,-120.189987,c26crp
"Vantage Point",WT,46.956703,-120.200623,c26crp
"Vantage Point",WT,46.945892,-120.142387,c26crp
"Wild Horse I",WT,47.016594,-120.179085,c26crp
"Wild Horse I",WT,47.047394,-120.221588,c26crp
"Wild Horse I",WT,47.043995,-120.212387,c26crp
"Wild Horse I",WT,46.992294,-120.175087,c26crp
"Wild Horse I",WT,47.054394,-120.214088,c26crp
"Wild Horse I",WT,47.046295,-120.213585,c26crp
"Wild Horse II",WT,47.071293,-120.226585,c26crp
"Wild Horse II",WT,47.058994,-120.235588,c26crp
"Wild Horse II",WT,47.063694,-120.236282,c26crp
"Wild Horse II",WT,47.054493,-120.233086,c26crp
"Wild Horse II",WT,47.065094,-120.236687,c26crp
"Wild Horse II",WT,47.056194,-120.221786,c26crp
"Wild Horse II",WT,47.059193,-120.222488,c26crp
"Wild Horse II",WT,47.057495,-120.234489,c26crp
"Wild Horse II",WT,47.069893,-120.228485,c26crp
"Wild Horse II",WT,47.051094,-120.234787,c26crp
"Wild Horse I",WT,46.997692,-120.158684,c26crp
"Wild Horse I",WT,47.028496,-120.187386,c26crp
"Wild Horse I",WT,47.025093,-120.21299,c26crp
"Swauk Valley",WT,47.144093,-120.755486,c26crp
"Wild Horse I",WT,47.051292,-120.198982,c26crp
"Swauk Valley",WT,47.139194,-120.754082,c26crp
"Swauk Valley",WT,47.141693,-120.754288,c26crp
"Wild Horse II",WT,47.066593,-120.236687,c26crp
"Swauk Valley",WT,47.142895,-120.754684,c26crp
"Wild Horse II",WT,47.049294,-120.233589,c26crp
"Wild Horse II",WT,47.062195,-120.236084,c26crp
"Rattlesnake Flat",WT,46.908615,-118.435783,c26crp
"Vantage Point",WT,46.950794,-120.107384,c26crp
"Vantage Point",WT,46.953594,-120.170982,c26crp
"Vantage Point",WT,46.949593,-120.098183,c26crp
"Vantage Point",WT,46.959595,-120.178787,c26crp
"Wild Horse I",WT,47.044693,-120.187286,c26crp
"Swauk Valley",WT,47.140293,-120.753784,c26crp
"Vantage Point",WT,46.947895,-120.187782,c26crp
"Wild Horse I",WT,47.048096,-120.187088,c26crp
"Wild Horse II",WT,47.062893,-120.218689,c26crp
"Wild Horse II",WT,47.060394,-120.236488,c26crp
"Wild Horse II",WT,47.057693,-120.221687,c26crp
"Wild Horse II",WT,47.056194,-120.233284,c26crp
"Wild Horse II",WT,47.072796,-120.225388,c26crp
"Wild Horse II",WT,47.053093,-120.232483,c26crp
"Wild Horse II",WT,47.064594,-120.218689,c26crp
"Wild Horse II",WT,47.068394,-120.228783,c26crp
"Wild Horse II",WT,47.047894,-120.233589,c26crp
"Wild Horse I",WT,47.044094,-120.177483,c26crp
"Wild Horse I",WT,47.002193,-120.189285,c26crp
"Wild Horse I",WT,47.039394,-120.209488,c26crp
"Wild Horse I",WT,47.020294,-120.181885,c26crp
"Wild Horse I",WT,47.008694,-120.223984,c26crp
"Wild Horse I",WT,47.049995,-120.198883,c26crp
"Wild Horse I",WT,47.045895,-120.187988,c26crp
"Wild Horse I",WT,47.042595,-120.176888,c26crp
"Wild Horse I",WT,47.031395,-120.187485,c26crp
"Wild Horse I",WT,47.012493,-120.199188,c26crp
"Wild Horse I",WT,47.038094,-120.207687,c26crp
"Wild Horse I",WT,47.021194,-120.194786,c26crp
"Wild Horse I",WT,47.001095,-120.205086,c26crp
"Wild Horse I",WT,47.014793,-120.211983,c26crp
"Wild Horse I",WT,47.034393,-120.179787,c26crp
"Wild Horse I",WT,46.998894,-120.159386,c26crp
"Vantage Point",WT,46.960396,-120.19529,c26crp
"Wild Horse I",WT,47.035294,-120.203186,c26crp
"Wild Horse I",WT,47.040195,-120.198189,c26crp
"Wild Horse I",WT,46.989292,-120.167786,c26crp
"Wild Horse I",WT,47.039993,-120.219788,c26crp
"Wild Horse I",WT,47.007496,-120.223785,c26crp
"Vantage Point",WT,46.951195,-120.130783,c26crp
"Vantage Point",WT,46.959095,-120.169884,c26crp
"Wild Horse I",WT,47.042793,-120.211784,c26crp
"Wild Horse I",WT,47.046394,-120.197685,c26crp
"Wild Horse I",WT,47.038895,-120.219284,c26crp
"Wild Horse I",WT,47.049496,-120.187286,c26crp
"Wild Horse I",WT,47.023994,-120.183586,c26crp
"Wild Horse I",WT,47.033195,-120.179085,c26crp
"Wild Horse I",WT,47.025593,-120.185989,c26crp
"Wild Horse I",WT,47.027393,-120.202484,c26crp
"Wild Horse I",WT,47.028496,-120.215385,c26crp
"Wild Horse I",WT,47.015495,-120.178284,c26crp
"Wild Horse I",WT,47.023495,-120.196983,c26crp
"Wild Horse I",WT,47.029594,-120.215988,c26crp
"Wild Horse I",WT,46.991093,-120.174683,c26crp
"Wild Horse I",WT,46.997993,-120.184982,c26crp
"Wild Horse I",WT,47.012592,-120.176384,c26crp
"Wild Horse I",WT,47.021496,-120.182289,c26crp
"Wild Horse I",WT,47.011494,-120.175583,c26crp
"Vantage Point",WT,46.955395,-120.215584,c26crp
"Wild Horse I",WT,47.048653,-120.198708,c26crp
"Wild Horse I",WT,47.004593,-120.191986,c26crp
"Nine Canyon",WT,46.078758,-119.106445,c26crp
"Nine Canyon",WT,46.092995,-119.082588,c26crp
"Nine Canyon III",WT,46.114494,-119.162987,c26crp
"Nine Canyon",WT,46.106735,-119.078384,c26crp
"Nine Canyon III",WT,46.120499,-119.140205,c26crp
"Nine Canyon",WT,46.108013,-119.084129,c26crp
"Nine Canyon II",WT,46.109592,-119.154388,c26crp
"Nine Canyon II",WT,46.104996,-119.143684,c26crp
"Nine Canyon",WT,46.10046,-119.105118,c26crp
"Nine Canyon II",WT,46.110195,-119.155884,c26crp
"Nine Canyon II",WT,46.110394,-119.158089,c26crp
"Nine Canyon II",WT,46.107193,-119.15049,c26crp
"Nine Canyon III",WT,46.118526,-119.129135,c26crp
"Nine Canyon III",WT,46.119194,-119.132683,c26crp
"Nine Canyon III",WT,46.120995,-119.144287,c26crp
"Nine Canyon III",WT,46.095394,-119.136185,c26crp
"Nine Canyon III",WT,46.091293,-119.075989,c26crp
"Nine Canyon II",WT,46.105595,-119.145386,c26crp
"Nine Canyon III",WT,46.094093,-119.123184,c26crp
"Nine Canyon",WT,46.104637,-119.068962,c26crp
"Nine Canyon",WT,46.095394,-119.090385,c26crp
"Nine Canyon",WT,46.096073,-119.09211,c26crp
"Nine Canyon",WT,46.098694,-119.098885,c26crp
"Nine Canyon",WT,46.101917,-119.114799,c26crp
"Nine Canyon",WT,46.091892,-119.078987,c26crp
"Nine Canyon",WT,46.108582,-119.088425,c26crp
"Nine Canyon III",WT,46.119995,-119.136086,c26crp
"Nine Canyon",WT,46.082874,-119.112106,c26crp
"Nine Canyon",WT,46.097996,-119.095085,c26crp
"Nine Canyon",WT,46.100796,-119.107086,c26crp
"Nine Canyon",WT,46.099094,-119.100784,c26crp
"Nine Canyon",WT,46.07793,-119.104881,c26crp
"Nine Canyon",WT,46.093594,-119.084488,c26crp
"Nine Canyon",WT,46.107597,-119.082245,c26crp
"Nine Canyon",WT,46.105042,-119.070824,c26crp
"Nine Canyon",WT,46.105625,-119.073349,c26crp
"Nine Canyon",WT,46.092495,-119.080788,c26crp
"Nine Canyon",WT,46.106041,-119.075218,c26crp
"Nine Canyon III",WT,46.087894,-119.068687,c26crp
"Nine Canyon II",WT,46.105793,-119.147285,c26crp
"Nine Canyon III",WT,46.112793,-119.159988,c26crp
"Nine Canyon II",WT,46.109093,-119.152985,c26crp
"Rattlesnake Flat",WT,46.886162,-118.345711,c26crp
"Rattlesnake Flat",WT,46.884724,-118.436752,c26crp
"Rattlesnake Flat",WT,46.899746,-118.480049,c26crp
"Rattlesnake Flat",WT,46.894421,-118.462334,c26crp
"Rattlesnake Flat",WT,46.879204,-118.375648,c26crp
"Rattlesnake Flat",WT,46.869183,-118.412796,c26crp
"Nine Canyon II",WT,46.103992,-119.140884,c26crp
"Rattlesnake Flat",WT,46.897858,-118.366516,c26crp
"Rattlesnake Flat",WT,46.884914,-118.381905,c26crp
"Rattlesnake Flat",WT,46.888771,-118.349861,c26crp
"Rattlesnake Flat",WT,46.89465,-118.361435,c26crp
"Rattlesnake Flat",WT,46.921986,-118.452095,c26crp
"Rattlesnake Flat",WT,46.86586,-118.410614,c26crp
"Rattlesnake Flat",WT,46.898785,-118.422989,c26crp
"Rattlesnake Flat",WT,46.918919,-118.44902,c26crp
"Nine Canyon III",WT,46.093193,-119.13089,c26crp
"Nine Canyon II",WT,46.104492,-119.142288,c26crp
"Rattlesnake Flat",WT,46.862103,-118.407547,c26crp
"Nine Canyon",WT,46.098392,-119.096985,c26crp
"Nine Canyon",WT,46.076977,-119.103432,c26crp
"Nine Canyon III",WT,46.100693,-119.138687,c26crp
"Nine Canyon",WT,46.107182,-119.080353,c26crp
"Nine Canyon II",WT,46.108093,-119.151588,c26crp
"Nine Canyon III",WT,46.089294,-119.071785,c26crp
"Nine Canyon",WT,46.094193,-119.086288,c26crp
"Nine Canyon",WT,46.099293,-119.102882,c26crp
"Nine Canyon",WT,46.101593,-119.112885,c26crp
"Nine Canyon",WT,46.081257,-119.108948,c26crp
"Nine Canyon II",WT,46.106094,-119.149185,c26crp
"Nine Canyon",WT,46.080433,-119.107323,c26crp
"Nine Canyon",WT,46.097294,-119.093483,c26crp
"Nine Canyon",WT,46.094795,-119.088585,c26crp
"Nine Canyon",WT,46.101093,-119.108986,c26crp
"Nine Canyon",WT,46.108459,-119.086037,c26crp
"Nine Canyon",WT,46.082073,-119.110527,c26crp
"Nine Canyon",WT,46.101295,-119.110985,c26crp
"Lower Snake River Phase I",WT,46.553993,-117.790985,c2kx95
"Lower Snake River Phase I",WT,46.499393,-117.823784,c2kx95
"Lower Snake River Phase I",WT,46.566692,-117.821884,c2kx95
"Lower Snake River Phase I",WT,46.537292,-117.811287,c2kx95
"Lower Snake River Phase I",WT,46.580093,-117.78109,c2kx95
"Lower Snake River Phase I",WT,46.507496,-117.842285,c2kx95
"Lower Snake River Phase I",WT,46.520393,-117.859085,c2kx95
"Lower Snake River Phase I",WT,46.578396,-117.828484,c2kx95
"Lower Snake River Phase I",WT,46.500095,-117.799889,c2kx95
"Lower Snake River Phase I",WT,46.503693,-117.802185,c2kx95
"Lower Snake River Phase I",WT,46.495396,-117.809288,c2kx95
"Lower Snake River Phase I",WT,46.480194,-117.80349,c2kx95
"Lower Snake River Phase I",WT,46.510796,-117.856888,c2kx95
"Lower Snake River Phase I",WT,46.582394,-117.834488,c2kx95
"Lower Snake River Phase I",WT,46.585293,-117.803986,c2kx95
"Lower Snake River Phase I",WT,46.471794,-117.817688,c2kx95
"Lower Snake River Phase I",WT,46.582195,-117.794189,c2kx95
"Lower Snake River Phase I",WT,46.498196,-117.798889,c2kx95
"Lower Snake River Phase I",WT,46.555893,-117.791885,c2kx95
"Lower Snake River Phase I",WT,46.500195,-117.832886,c2kx95
"Lower Snake River Phase I",WT,46.475395,-117.859787,c2kx95
"Lower Snake River Phase I",WT,46.551792,-117.790283,c2kx95
"Lower Snake River Phase I",WT,46.570095,-117.843483,c2kx95
"Lower Snake River Phase I",WT,46.525696,-117.847885,c2kx95
"Lower Snake River Phase I",WT,46.504192,-117.839188,c2kx95
"Lower Snake River Phase I",WT,46.499092,-117.819389,c2kx95
"Marengo I",WT,46.384693,-117.762085,c2kx95
"Lower Snake River Phase I",WT,46.496994,-117.814484,c2kx95
"Lower Snake River Phase I",WT,46.500793,-117.825783,c2kx95
"Lower Snake River Phase I",WT,46.578995,-117.778587,c2kx95
"Lower Snake River Phase I",WT,46.494194,-117.806984,c2kx95
"Lower Snake River Phase I",WT,46.481293,-117.835983,c2kx95
"Lower Snake River Phase I",WT,46.519695,-117.840485,c2kx95
"Lower Snake River Phase I",WT,46.509895,-117.804283,c2kx95
"Lower Snake River Phase I",WT,46.552593,-117.849983,c2kx95
"Lower Snake River Phase I",WT,46.484295,-117.843384,c2kx95
"Lower Snake River Phase I",WT,46.535393,-117.779884,c2kx95
"Lower Snake River Phase I",WT,46.478893,-117.77179,c2kx95
"Lower Snake River Phase I",WT,46.475193,-117.837486,c2kx95
"Lower Snake River Phase I",WT,46.473995,-117.835289,c2kx95
"Lower Snake River Phase I",WT,46.554195,-117.855186,c2kx95
"Lower Snake River Phase I",WT,46.501896,-117.800888,c2kx95
"Lower Snake River Phase I",WT,46.481293,-117.772285,c2kx95
"Lower Snake River Phase I",WT,46.519196,-117.856384,c2kx95
"Lower Snake River Phase I",WT,46.495895,-117.812088,c2kx95
"Lower Snake River Phase I",WT,46.546494,-117.786385,c2kx95
"Lower Snake River Phase I",WT,46.472492,-117.765388,c2kx95
"Lower Snake River Phase I",WT,46.501293,-117.835388,c2kx95
"Lower Snake River Phase I",WT,46.472492,-117.826385,c2kx95
"Lower Snake River Phase I",WT,46.553593,-117.852486,c2kx95
"Lower Snake River Phase I",WT,46.478294,-117.821182,c2kx95
"Lower Snake River Phase I",WT,46.505493,-117.803185,c2kx95
"Lower Snake River Phase I",WT,46.538795,-117.812988,c2kx95
"Lower Snake River Phase I",WT,46.476894,-117.770683,c2kx95
"Lower Snake River Phase I",WT,46.537395,-117.78109,c2kx95
"Lower Snake River Phase I",WT,46.554195,-117.859085,c2kx95
"Lower Snake River Phase I",WT,46.527493,-117.849388,c2kx95
"Lower Snake River Phase I",WT,46.480995,-117.791786,c2kx95
"Lower Snake River Phase I",WT,46.508595,-117.852188,c2kx95
"Lower Snake River Phase I",WT,46.580692,-117.833084,c2kx95
"Lower Snake River Phase I",WT,46.507996,-117.849487,c2kx95
"Lower Snake River Phase I",WT,46.488995,-117.793983,c2kx95
"Lower Snake River Phase I",WT,46.561695,-117.803787,c2kx95
"Lower Snake River Phase I",WT,46.549294,-117.838783,c2kx95
"Lower Snake River Phase I",WT,46.583694,-117.796783,c2kx95
"Lower Snake River Phase I",WT,46.485294,-117.845589,c2kx95
"Lower Snake River Phase I",WT,46.580994,-117.791885,c2kx95
"Lower Snake River Phase I",WT,46.507893,-117.803589,c2kx95
"Lower Snake River Phase I",WT,46.562695,-117.806183,c2kx95
"Lower Snake River Phase I",WT,46.538692,-117.783188,c2kx95
"Lower Snake River Phase I",WT,46.586803,-117.805984,c2kx95
"Lower Snake River Phase I",WT,46.551495,-117.847687,c2kx95
"Lower Snake River Phase I",WT,46.531193,-117.812988,c2kx95
"Lower Snake River Phase I",WT,46.477894,-117.788284,c2kx95
"Lower Snake River Phase I",WT,46.540394,-117.81469,c2kx95
"Lower Snake River Phase I",WT,46.474594,-117.857185,c2kx95
"Lower Snake River Phase I",WT,46.573895,-117.820183,c2kx95
"Lower Snake River Phase I",WT,46.482494,-117.838287,c2kx95
"Lower Snake River Phase I",WT,46.588531,-117.806808,c2kx95
"Lower Snake River Phase I",WT,46.540592,-117.784088,c2kx95
"Lower Snake River Phase I",WT,46.494495,-117.797089,c2kx95
"Lower Snake River Phase I",WT,46.473392,-117.832588,c2kx95
"Lower Snake River Phase I",WT,46.577095,-117.826385,c2kx95
"Lower Snake River Phase I",WT,46.545593,-117.826187,c2kx95
"Lower Snake River Phase I",WT,46.552795,-117.841583,c2kx95
"Lower Snake River Phase I",WT,46.546993,-117.831589,c2kx95
"Lower Snake River Phase I",WT,46.572193,-117.818588,c2kx95
"Lower Snake River Phase I",WT,46.482094,-117.794083,c2kx95
"Lower Snake River Phase I",WT,46.472996,-117.847687,c2kx95
"Lower Snake River Phase I",WT,46.569393,-117.84079,c2kx95
"Lower Snake River Phase I",WT,46.528793,-117.808487,c2kx95
"Lower Snake River Phase I",WT,46.473793,-117.818687,c2kx95
"Lower Snake River Phase I",WT,46.584194,-117.835587,c2kx95
"Lower Snake River Phase I",WT,46.532894,-117.814484,c2kx95
"Lower Snake River Phase I",WT,46.570393,-117.817184,c2kx95
"Lower Snake River Phase I",WT,46.509792,-117.854485,c2kx95
"Lower Snake River Phase I",WT,46.543594,-117.818085,c2kx95
"Lower Snake River Phase I",WT,46.473095,-117.829185,c2kx95
"Lower Snake River Phase I",WT,46.512794,-117.859589,c2kx95
"Lower Snake River Phase I",WT,46.492596,-117.796089,c2kx95
"Lower Snake River Phase I",WT,46.483295,-117.840889,c2kx95
"Lower Snake River Phase I",WT,46.482494,-117.808189,c2kx95
"Lower Snake River Phase I",WT,46.524296,-117.845886,c2kx95
"Lower Snake River Phase I",WT,46.493595,-117.804283,c2kx95
"Lower Snake River Phase I",WT,46.509396,-117.843086,c2kx95
"Lower Snake River Phase I",WT,46.496292,-117.797989,c2kx95
"Lower Snake River Phase I",WT,46.511093,-117.806587,c2kx95
"Lower Snake River Phase I",WT,46.575596,-117.824387,c2kx95
"Lower Snake River Phase I",WT,46.512295,-117.810684,c2kx95
"Lower Snake River Phase I",WT,46.517994,-117.838882,c2kx95
"Lower Snake River Phase I",WT,46.473293,-117.767982,c2kx95
"Marengo I",WT,46.383896,-117.760185,c2kx95
"Lower Snake River Phase I",WT,46.521194,-117.861786,c2kx95
"Marengo II",WT,46.365395,-117.838188,c2kx95
"Marengo II",WT,46.367393,-117.864883,c2kx95
"Marengo II",WT,46.366894,-117.846085,c2kx95
"Marengo II",WT,46.375793,-117.885185,c2kx95
"Marengo II",WT,46.366295,-117.861084,c2kx95
"Marengo II",WT,46.355995,-117.842888,c2kx95
"Marengo I",WT,46.362595,-117.756187,c2kx95
"Marengo II",WT,46.360794,-117.828186,c2kx95
"Marengo I",WT,46.385494,-117.719688,c2kx95
"Marengo I",WT,46.386696,-117.721085,c2kx95
"Marengo I",WT,46.389595,-117.820389,c2kx95
"Marengo II",WT,46.349895,-117.841789,c2kx95
"Marengo I",WT,46.428493,-117.740486,c2kx95
"Marengo I",WT,46.378895,-117.804886,c2kx95
"Marengo I",WT,46.390194,-117.831085,c2kx95
"Marengo I",WT,46.374393,-117.726387,c2kx95
"Marengo I",WT,46.384895,-117.717583,c2kx95
"Tucannon River",WT,46.434834,-118.02446,c2kx95
"Tucannon River",WT,46.415295,-118.057198,c2kx95
"Tucannon River",WT,46.435894,-118.093193,c2kx95
"Tucannon River",WT,46.433884,-118.091087,c2kx95
"Tucannon River",WT,46.426414,-118.083206,c2kx95
"Tucannon River",WT,46.420795,-118.065826,c2kx95
"Tucannon River",WT,46.440365,-118.09623,c2kx95
"Marengo I",WT,46.373695,-117.780487,c2kx95
"Marengo I",WT,46.374092,-117.720085,c2kx95
"Marengo II",WT,46.355095,-117.848488,c2kx95
"Marengo II",WT,46.369793,-117.868187,c2kx95
"Marengo I",WT,46.397392,-117.772186,c2kx95
"Marengo II",WT,46.356396,-117.824883,c2kx95
"Marengo II",WT,46.363895,-117.830688,c2kx95
"Marengo II",WT,46.352894,-117.820183,c2kx95
"Marengo II",WT,46.352894,-117.824387,c2kx95
"Marengo II",WT,46.375492,-117.881889,c2kx95
"Marengo II",WT,46.353294,-117.863586,c2kx95
"Marengo II",WT,46.366795,-117.862984,c2kx95
"Marengo II",WT,46.368595,-117.866486,c2kx95
"Marengo II",WT,46.363693,-117.857689,c2kx95
"Marengo II",WT,46.347996,-117.838387,c2kx95
"Marengo II",WT,46.348194,-117.861084,c2kx95
"Marengo II",WT,46.351692,-117.859787,c2kx95
"Marengo II",WT,46.354294,-117.865189,c2kx95
"Marengo II",WT,46.355392,-117.840889,c2kx95
"Marengo II",WT,46.347294,-117.859489,c2kx95
"Marengo II",WT,46.348995,-117.840088,c2kx95
"Marengo II",WT,46.362095,-117.829285,c2kx95
"Marengo II",WT,46.366394,-117.844185,c2kx95
"Tucannon River",WT,46.398483,-118.061783,c2kx95
"Tucannon River",WT,46.410355,-117.955399,c2kx95
"Marengo II",WT,46.364895,-117.858887,c2kx95
"Marengo II",WT,46.355495,-117.866486,c2kx95
"Marengo II",WT,46.364594,-117.832489,c2kx95
"Marengo II",WT,46.369293,-117.880585,c2kx95
"Marengo I",WT,46.377495,-117.801285,c2kx95
"Marengo I",WT,46.378395,-117.754486,c2kx95
"Marengo I",WT,46.429695,-117.742088,c2kx95
"Marengo I",WT,46.387962,-117.784119,c2kx95
"Lower Snake River Phase I",WT,46.585495,-117.799683,c2kx95
"Lower Snake River Phase I",WT,46.505894,-117.840485,c2kx95
"Lower Snake River Phase I",WT,46.473694,-117.854584,c2kx95
"Lower Snake River Phase I",WT,46.547592,-117.83429,c2kx95
"Lower Snake River Phase I",WT,46.476192,-117.820587,c2kx95
"Lower Snake River Phase I",WT,46.542095,-117.816284,c2kx95
"Lower Snake River Phase I",WT,46.544594,-117.785583,c2kx95
"Lower Snake River Phase I",WT,46.502594,-117.852882,c2kx95
"Lower Snake River Phase I",WT,46.502693,-117.837288,c2kx95
"Lower Snake River Phase I",WT,46.559795,-117.798782,c2kx95
"Marengo I",WT,46.390793,-117.826286,c2kx95
"Lower Snake River Phase I",WT,46.551094,-117.839989,c2kx95
"Lower Snake River Phase I",WT,46.502193,-117.850082,c2kx95
"Lower Snake River Phase I",WT,46.542496,-117.784988,c2kx95
"Lower Snake River Phase I",WT,46.497993,-117.816986,c2kx95
"Lower Snake River Phase I",WT,46.521393,-117.842087,c2kx95
"Lower Snake River Phase I",WT,46.490795,-117.794785,c2kx95
"Lower Snake River Phase I",WT,46.530396,-117.810486,c2kx95
"Lower Snake River Phase I",WT,46.522793,-117.843987,c2kx95
"Lower Snake River Phase I",WT,46.569595,-117.834984,c2kx95
"Lower Snake River Phase I",WT,46.475395,-117.768684,c2kx95
"Lower Snake River Phase I",WT,46.479694,-117.789589,c2kx95
"Lower Snake River Phase I",WT,46.565292,-117.819786,c2kx95
"Lower Snake River Phase I",WT,46.546192,-117.828987,c2kx95
"Marengo I",WT,46.398994,-117.753685,c2kx95
"Marengo II",WT,46.357594,-117.826385,c2kx95
"Marengo I",WT,46.386627,-117.751732,c2kx95
"Marengo I",WT,46.376896,-117.786987,c2kx95
"Marengo I",WT,46.369293,-117.750183,c2kx95
"Marengo I",WT,46.385395,-117.764084,c2kx95
"Marengo I",WT,46.389194,-117.818184,c2kx95
"Marengo I",WT,46.370895,-117.767784,c2kx95
"Tucannon River",WT,46.390472,-118.019302,c2kx95
"Tucannon River",WT,46.481583,-118.091949,c2kx95
"Tucannon River",WT,46.439026,-118.033302,c2kx95
"Tucannon River",WT,46.455063,-118.039635,c2kx95
"Tucannon River",WT,46.414055,-118.028915,c2kx95
"Tucannon River",WT,46.448574,-118.069008,c2kx95
"Tucannon River",WT,46.452194,-118.07412,c2kx95
"Marengo I",WT,46.385593,-117.808388,c2kx95
"Marengo I",WT,46.387196,-117.723785,c2kx95
"Marengo I",WT,46.387493,-117.811989,c2kx95
"Lower Snake River Phase I",WT,46.486996,-117.847282,c2kx95
"Marengo I",WT,46.388794,-117.768585,c2kx95
"Marengo I",WT,46.432095,-117.744987,c2kx95
"Marengo I",WT,46.375893,-117.730286,c2kx95
"Marengo I",WT,46.377693,-117.788689,c2kx95
"Marengo I",WT,46.430893,-117.743484,c2kx95
"Marengo I",WT,46.386593,-117.810188,c2kx95
"Marengo I",WT,46.371593,-117.769684,c2kx95
"Marengo I",WT,46.37344,-117.7724,c2kx95
"Marengo I",WT,46.367138,-117.745628,c2kx95
"Lower Snake River Phase I",WT,46.579895,-117.830383,c2kx95
"Lower Snake River Phase I",WT,46.545094,-117.819984,c2kx95
"Tucannon River",WT,46.479504,-118.089455,c2kx95
"Lower Snake River Phase I",WT,46.558193,-117.797089,c2kx95
"Hopkins Ridge Wind Project",WT,46.436794,-117.840088,c2kx95
"Hopkins Ridge Wind Project",WT,46.432995,-117.852684,c2kx95
"Hopkins Ridge Wind Project",WT,46.433243,-117.833961,c2kx95
"Hopkins Ridge Wind Project",WT,46.457493,-117.872482,c2kx95
"Hopkins Ridge Wind Project",WT,46.408695,-117.815384,c2kx95
"Hopkins Ridge Wind Project",WT,46.410194,-117.781586,c2kx95
"Hopkins Ridge Wind Project",WT,46.431694,-117.830589,c2kx95
"Hopkins Ridge Wind Project",WT,46.408092,-117.774284,c2kx95
"Hopkins Ridge Wind Project",WT,46.456017,-117.863167,c2kx95
"Hopkins Ridge Wind Project",WT,46.429848,-117.789192,c2kx95
"Hopkins Ridge Wind Project",WT,46.447796,-117.882683,c2kx95
"Hopkins Ridge Wind Project",WT,46.438793,-117.820984,c2kx95
"Hopkins Ridge Wind Project",WT,46.447495,-117.805885,c2kx95
"Hopkins Ridge Wind Project",WT,46.402893,-117.791969,c2kx95
"Hopkins Ridge Wind Project",WT,46.427231,-117.837082,c2kx95
"Hopkins Ridge Wind Project",WT,46.447094,-117.841988,c2kx95
"Hopkins Ridge Wind Project",WT,46.447094,-117.835587,c2kx95
"Hopkins Ridge Wind Project",WT,46.455395,-117.860985,c2kx95
"Tucannon River",WT,46.453255,-118.037193,c2kx95
"Tucannon River",WT,46.424984,-118.031296,c2kx95
"Tucannon River",WT,46.428284,-117.973763,c2kx95
"Tucannon River",WT,46.408524,-118.005493,c2kx95
"Tucannon River",WT,46.463383,-118.077698,c2kx95
"Hopkins Ridge II",WT,46.432194,-117.804283,c2kx95
"Tucannon River",WT,46.474236,-118.056824,c2kx95
"Tucannon River",WT,46.451763,-118.033844,c2kx95
"Tucannon River",WT,46.426083,-118.034492,c2kx95
"Tucannon River",WT,46.459164,-118.026474,c2kx95
"Tucannon River",WT,46.424183,-118.104942,c2kx95
"Tucannon River",WT,46.434093,-118.057724,c2kx95
"Tucannon River",WT,46.424213,-117.968193,c2kx95
"Tucannon River",WT,46.416492,-118.060806,c2kx95
"Tucannon River",WT,46.424625,-118.080734,c2kx95
"Tucannon River",WT,46.447224,-118.066017,c2kx95
"Hopkins Ridge Wind Project",WT,46.456894,-117.870285,c2kx95
"Tucannon River",WT,46.418316,-118.063705,c2kx95
"Hopkins Ridge Wind Project",WT,46.403393,-117.794487,c2kx95
"Hopkins Ridge Wind Project",WT,46.445694,-117.875984,c2kx95
"Palouse",WT,47.164192,-117.354889,c2kx95
"Palouse",WT,47.162495,-117.369789,c2kx95
"Palouse",WT,47.103394,-117.320984,c2kx95
"Palouse",WT,47.114594,-117.351486,c2kx95
"Palouse",WT,47.143795,-117.317787,c2kx95
"Palouse",WT,47.133995,-117.309387,c2kx95
"Palouse",WT,47.162193,-117.328789,c2kx95
"Palouse",WT,47.105694,-117.284584,c2kx95
"Palouse",WT,47.151695,-117.33149,c2kx95
"Palouse",WT,47.119694,-117.351486,c2kx95
"Palouse",WT,47.104393,-117.329582,c2kx95
"Palouse",WT,47.105293,-117.302589,c2kx95
"Palouse",WT,47.159195,-117.342285,c2kx95
"Palouse",WT,47.146496,-117.330482,c2kx95
"Palouse",WT,47.158295,-117.339386,c2kx95
"Palouse",WT,47.099995,-117.297386,c2kx95
"Hopkins Ridge Wind Project",WT,46.453995,-117.859383,c2kx95
"Palouse",WT,47.099293,-117.294189,c2kx95
"Palouse",WT,47.137993,-117.300186,c2kx95
"Hopkins Ridge Wind Project",WT,46.435192,-117.836784,c2kx95
"Hopkins Ridge Wind Project",WT,46.453293,-117.857483,c2kx95
"Hopkins Ridge Wind Project",WT,46.430794,-117.799988,c2kx95
"Hopkins Ridge Wind Project",WT,46.446896,-117.876984,c2kx95
"Hopkins Ridge Wind Project",WT,46.430195,-117.827187,c2kx95
"Hopkins Ridge Wind Project",WT,46.440395,-117.799088,c2kx95
"Hopkins Ridge Wind Project",WT,46.430294,-117.797989,c2kx95
"Palouse",WT,47.117596,-117.351288,c2kx95
"Palouse",WT,47.097595,-117.288788,c2kx95
"Palouse",WT,47.160294,-117.344887,c2kx95
"Palouse",WT,47.136093,-117.28949,c2kx95
"Palouse",WT,47.136894,-117.303284,c2kx95
"Palouse",WT,47.165695,-117.357086,c2kx95
"Palouse",WT,47.105293,-117.295586,c2kx95
"Palouse",WT,47.161392,-117.351089,c2kx95
"Palouse",WT,47.110893,-117.345886,c2kx95
"Palouse",WT,47.101894,-117.285385,c2kx95
"Tucannon River",WT,46.420155,-117.963959,c2kx95
"Tucannon River",WT,46.438183,-118.094528,c2kx95
"Marengo I",WT,46.421795,-117.742188,c2kx95
"Marengo I",WT,46.377396,-117.799088,c2kx95
"Marengo I",WT,46.386082,-117.749771,c2kx95
"Marengo I",WT,46.379395,-117.809784,c2kx95
"Marengo I",WT,46.390495,-117.82869,c2kx95
"Marengo I",WT,46.378193,-117.736282,c2kx95
"Marengo I",WT,46.398293,-117.751686,c2kx95
"Marengo I",WT,46.415195,-117.758484,c2kx95
"Marengo I",WT,46.388393,-117.813789,c2kx95
"Marengo I",WT,46.422695,-117.743988,c2kx95
"Marengo I",WT,46.376095,-117.797585,c2kx95
"Marengo II",WT,46.352894,-117.822289,c2kx95
"Marengo I",WT,46.393295,-117.746788,c2kx95
"Marengo I",WT,46.387894,-117.725685,c2kx95
"Marengo I",WT,46.390995,-117.832787,c2kx95
"Marengo II",WT,46.370594,-117.881683,c2kx95
"Marengo I",WT,46.368095,-117.763283,c2kx95
"Marengo II",WT,46.361694,-117.854683,c2kx95
"Marengo I",WT,46.413994,-117.757187,c2kx95
"Marengo I",WT,46.377594,-117.803589,c2kx95
"Marengo I",WT,46.386192,-117.765984,c2kx95
"Lower Snake River Phase I",WT,46.550194,-117.788383,c2kx95
"Marengo I",WT,46.387276,-117.782089,c2kx95
"Marengo I",WT,46.377632,-117.752625,c2kx95
"Marengo I",WT,46.374596,-117.722282,c2kx95
"Marengo I",WT,46.388794,-117.815987,c2kx95
"Marengo I",WT,46.376793,-117.792183,c2kx95
"Marengo I",WT,46.366592,-117.743385,c2kx95
"Marengo I",WT,46.377495,-117.734283,c2kx95
"Marengo I",WT,46.367695,-117.747787,c2kx95
"Marengo I",WT,46.387394,-117.767387,c2kx95
"Marengo I",WT,46.373993,-117.71769,c2kx95
"Marengo I",WT,46.369892,-117.766083,c2kx95
"Marengo I",WT,46.376694,-117.732285,c2kx95
"Marengo II",WT,46.352295,-117.861885,c2kx95
"Tucannon River",WT,46.463882,-118.044289,c2kx95
"Marengo I",WT,46.374596,-117.784782,c2kx95
"Marengo I",WT,46.367393,-117.760887,c2kx95
"Hopkins Ridge II",WT,46.431793,-117.802185,c2kx95
"Hopkins Ridge Wind Project",WT,46.439793,-117.793884,c2kx95
"Hopkins Ridge Wind Project",WT,46.406425,-117.810318,c2kx95
"Hopkins Ridge Wind Project",WT,46.40947,-117.816978,c2kx95
"Tucannon River",WT,46.471436,-118.050957,c2kx95
"Hopkins Ridge Wind Project",WT,46.429394,-117.825584,c2kx95
"Hopkins Ridge Wind Project",WT,46.446396,-117.864883,c2kx95
"Hopkins Ridge Wind Project",WT,46.436092,-117.838287,c2kx95
"Hopkins Ridge Wind Project",WT,46.42329,-117.785072,c2kx95
"Hopkins Ridge Wind Project",WT,46.450195,-117.854385,c2kx95
"Hopkins Ridge Wind Project",WT,46.446396,-117.833885,c2kx95
"Hopkins Ridge Wind Project",WT,46.458096,-117.879784,c2kx95
"Hopkins Ridge Wind Project",WT,46.443195,-117.873985,c2kx95
"Hopkins Ridge II",WT,46.432693,-117.806885,c2kx95
"Tucannon River",WT,46.401142,-118.000877,c2kx95
"Hopkins Ridge Wind Project",WT,46.446594,-117.803284,c2kx95
"Marengo I",WT,46.397194,-117.749985,c2kx95
"Hopkins Ridge Wind Project",WT,46.440994,-117.800789,c2kx95
"Hopkins Ridge Wind Project",WT,46.408493,-117.776184,c2kx95
"Marengo I",WT,46.399895,-117.755783,c2kx95
"Marengo I",WT,46.375195,-117.728287,c2kx95
"Marengo I",WT,46.398396,-117.773888,c2kx95
"Marengo I",WT,46.383095,-117.758087,c2kx95
"Marengo I",WT,46.379696,-117.806786,c2kx95
"Marengo I",WT,46.389793,-117.824585,c2kx95
"Marengo I",WT,46.374195,-117.782684,c2kx95
"Marengo II",WT,46.364895,-117.836288,c2kx95
"Marengo II",WT,46.368294,-117.879288,c2kx95
"Hopkins Ridge Wind Project",WT,46.456341,-117.865234,c2kx95
"Hopkins Ridge II",WT,46.433693,-117.808487,c2kx95
"Hopkins Ridge Wind Project",WT,46.448795,-117.847488,c2kx95
"Hopkins Ridge Wind Project",WT,46.451794,-117.886284,c2kx95
"Hopkins Ridge Wind Project",WT,46.444492,-117.874985,c2kx95
"Hopkins Ridge Wind Project",WT,46.438194,-117.818886,c2kx95
"Hopkins Ridge Wind Project",WT,46.408741,-117.778107,c2kx95
"Palouse",WT,47.105793,-117.313583,c2kx95
"Tucannon River",WT,46.471703,-118.083809,c2kx95
"Palouse",WT,47.139996,-117.313789,c2kx95
"Tucannon River",WT,46.426464,-118.107536,c2kx95
"Tucannon River",WT,46.461235,-118.032974,c2kx95
"Tucannon River",WT,46.394356,-118.022697,c2kx95
"Tucannon River",WT,46.417984,-117.961136,c2kx95
"Tucannon River",WT,46.415825,-118.031403,c2kx95
"Tucannon River",WT,46.414253,-118.009079,c2kx95
"Tucannon River",WT,46.449295,-118.102318,c2kx95
"Tucannon River",WT,46.398766,-118.081375,c2kx95
"Tucannon River",WT,46.428883,-118.109268,c2kx95
"Tucannon River",WT,46.436832,-118.05925,c2kx95
"Tucannon River",WT,46.464615,-118.047714,c2kx95
"Tucannon River",WT,46.404335,-118.036964,c2kx95
"Tucannon River",WT,46.474373,-118.085876,c2kx95
"Tucannon River",WT,46.463753,-118.101555,c2kx95
"Tucannon River",WT,46.454926,-118.075829,c2kx95
"Tucannon River",WT,46.427666,-118.037254,c2kx95
"Tucannon River",WT,46.455303,-118.102249,c2kx95
"Tucannon River",WT,46.436195,-118.027443,c2kx95
"Tucannon River",WT,46.446953,-118.101143,c2kx95
"Tucannon River",WT,46.405804,-118.003708,c2kx95
"Tucannon River",WT,46.399723,-118.085999,c2kx95
"Tucannon River",WT,46.443726,-118.061096,c2kx95
"Tucannon River",WT,46.407974,-117.953377,c2kx95
"Tucannon River",WT,46.403053,-117.987144,c2kx95
"Tucannon River",WT,46.396626,-118.079277,c2kx95
"Tucannon River",WT,46.477215,-118.087524,c2kx95
"Tucannon River",WT,46.405823,-117.952156,c2kx95
"Tucannon River",WT,46.463333,-118.040138,c2kx95
"Tucannon River",WT,46.460083,-118.029793,c2kx95
"Tucannon River",WT,46.402733,-118.070168,c2kx95
"Tucannon River",WT,46.475803,-118.099304,c2kx95
"Tucannon River",WT,46.432224,-117.978119,c2kx95
"Tucannon River",WT,46.445946,-118.026169,c2kx95
"Tucannon River",WT,46.466442,-118.079178,c2kx95
"Tucannon River",WT,46.393795,-118.078537,c2kx95
"Tucannon River",WT,46.411854,-118.025108,c2kx95
"Tucannon River",WT,46.423676,-118.028259,c2kx95
"Tucannon River",WT,46.430935,-118.052345,c2kx95
"Hopkins Ridge Wind Project",WT,46.432495,-117.832283,c2kx95
"Hopkins Ridge Wind Project",WT,46.428696,-117.840584,c2kx95
"Hopkins Ridge Wind Project",WT,46.449295,-117.852882,c2kx95
"Hopkins Ridge Wind Project",WT,46.430893,-117.847389,c2kx95
"Hopkins Ridge Wind Project",WT,46.427692,-117.839088,c2kx95
"Lower Snake River Phase I",WT,46.562195,-117.816284,c2kx95
"Lower Snake River Phase I",WT,46.548393,-117.787186,c2kx95
"Lower Snake River Phase I",WT,46.484493,-117.798683,c2kx95
"Lower Snake River Phase I",WT,46.480892,-117.806389,c2kx95
"Lower Snake River Phase I",WT,46.563892,-117.817787,c2kx95
"Lower Snake River Phase I",WT,46.563892,-117.808487,c2kx95
"Lower Snake River Phase I",WT,46.473095,-117.851883,c2kx95
"Palouse",WT,47.105694,-117.298988,c2kx95
"Lower Snake River Phase I",WT,46.483295,-117.796387,c2kx95
"Lower Snake River Phase I",WT,46.560993,-117.801086,c2kx95
"Hopkins Ridge Wind Project",WT,46.432293,-117.850883,c2kx95
"Tucannon River",WT,46.468903,-118.081795,c2kx95
"Hopkins Ridge Wind Project",WT,46.440796,-117.795387,c2kx95
"Tucannon River",WT,46.444725,-118.099609,c2kx95
"Tucannon River",WT,46.401455,-118.088539,c2kx95
"Tucannon River",WT,46.428444,-118.085587,c2kx95
"Tucannon River",WT,46.412575,-117.957016,c2kx95
"Tucannon River",WT,46.453045,-118.100769,c2kx95
"Tucannon River",WT,46.439133,-118.045059,c2kx95
"Tucannon River",WT,46.411194,-118.007545,c2kx95
"Tucannon River",WT,46.453835,-118.049675,c2kx95
"Hopkins Ridge Wind Project",WT,46.423893,-117.786987,c2kx95
"Tucannon River",WT,46.461926,-118.054688,c2kx95
"Hopkins Ridge Wind Project",WT,46.445595,-117.863289,c2kx95
"Hopkins Ridge Wind Project",WT,46.430195,-117.845589,c2kx95
"Hopkins Ridge Wind Project",WT,46.448193,-117.845688,c2kx95
"Hopkins Ridge Wind Project",WT,46.451794,-117.855988,c2kx95
"Hopkins Ridge Wind Project",WT,46.407192,-117.811989,c2kx95
"Hopkins Ridge Wind Project",WT,46.407593,-117.772385,c2kx95
"Hopkins Ridge Wind Project",WT,46.430893,-117.828888,c2kx95
"Tucannon River",WT,46.423275,-118.077744,c2kx95
"Tucannon River",WT,46.432453,-118.055145,c2kx95
"Lower Snake River Phase I",WT,46.475094,-117.840889,c2kx95
"Palouse",WT,47.138695,-117.327385,c2kx95
"Palouse",WT,47.137695,-117.296684,c2kx95
"Palouse",WT,47.141994,-117.328186,c2kx95
"Palouse",WT,47.102196,-117.324684,c2kx95
"Palouse",WT,47.168194,-117.357986,c2kx95
"Palouse",WT,47.136894,-117.285484,c2kx95
"Palouse",WT,47.156895,-117.336784,c2kx95
"Hopkins Ridge Wind Project",WT,46.434296,-117.835289,c2kx95
"Hopkins Ridge Wind Project",WT,46.456593,-117.868187,c2kx95
"Hopkins Ridge Wind Project",WT,46.403793,-117.797188,c2kx95
"Hopkins Ridge Wind Project",WT,46.457893,-117.874588,c2kx95
"Hopkins Ridge Wind Project",WT,46.431194,-117.789986,c2kx95
"Hopkins Ridge Wind Project",WT,46.40794,-117.813667,c2kx95
"Hopkins Ridge Wind Project",WT,46.409294,-117.779984,c2kx95
"Hopkins Ridge Wind Project",WT,46.448296,-117.850983,c2kx95
"Palouse",WT,47.164795,-117.374985,c2kx95
"Palouse",WT,47.162292,-117.373489,c2kx95
"Palouse",WT,47.161194,-117.347687,c2kx95
"Palouse",WT,47.131893,-117.318085,c2kx95
"Palouse",WT,47.134293,-117.321587,c2kx95
"Palouse",WT,47.171295,-117.362785,c2kx95
"Palouse",WT,47.104595,-117.317184,c2kx95
"Tucannon River",WT,46.409935,-118.038757,c2kx95
"Palouse",WT,47.107693,-117.340286,c2kx95
"Palouse",WT,47.162895,-117.352989,c2kx95
"Palouse",WT,47.170494,-117.358788,c2kx95
"Hopkins Ridge Wind Project",WT,46.429295,-117.816185,c2kx95
"Palouse",WT,47.136894,-117.282288,c2kx95
"Palouse",WT,47.149193,-117.330986,c2kx95
"Palouse",WT,47.153893,-117.332184,c2kx95
"Palouse",WT,47.155792,-117.333984,c2kx95
"Palouse",WT,47.110695,-117.341583,c2kx95
"Palouse",WT,47.144592,-117.330482,c2kx95
"Palouse",WT,47.102493,-117.327988,c2kx95
"Palouse",WT,47.107292,-117.330589,c2kx95
"Palouse",WT,47.133896,-117.312088,c2kx95
"Hopkins Ridge Wind Project",WT,46.457794,-117.877388,c2kx95
"Palouse",WT,47.159492,-117.327385,c2kx95
"Hopkins Ridge Wind Project",WT,46.432896,-117.819183,c2kx95
"Tucannon River",WT,46.397984,-118.057358,c2kx95
"Tucannon River",WT,46.406162,-117.986824,c2kx95
"Tucannon River",WT,46.406982,-118.037903,c2kx95
"Tucannon River",WT,46.464504,-118.056938,c2kx95
"Tucannon River",WT,46.437195,-118.041046,c2kx95
"Tucannon River",WT,46.462315,-118.036186,c2kx95
"Tucannon River",WT,46.429264,-118.039993,c2kx95
"Tucannon River",WT,46.430122,-117.976303,c2kx95
"Tucannon River",WT,46.437523,-118.030457,c2kx95
"Tucannon River",WT,46.460545,-118.076073,c2kx95
"Tucannon River",WT,46.457226,-118.104507,c2kx95
"Tucannon River",WT,46.449932,-118.072006,c2kx95
"Tucannon River",WT,46.472645,-118.054085,c2kx95
"Tucannon River",WT,46.450035,-118.031296,c2kx95
"Tucannon River",WT,46.426094,-117.971436,c2kx95
"Tucannon River",WT,46.391273,-118.057594,c2kx95
"Tucannon River",WT,46.441425,-118.059776,c2kx95
"Tucannon River",WT,46.401043,-117.984596,c2kx95
"Hopkins Ridge Wind Project",WT,46.431595,-117.84919,c2kx95
"Hopkins Ridge Wind Project",WT,46.447495,-117.843887,c2kx95
"Tucannon River",WT,46.397774,-118.025719,c2kx95
"Hopkins Ridge Wind Project",WT,46.444794,-117.861687,c2kx95
"Hopkins Ridge Wind Project",WT,46.431694,-117.818184,c2kx95
"Hopkins Ridge Wind Project",WT,46.450695,-117.885284,c2kx95
"Hopkins Ridge Wind Project",WT,46.439293,-117.791985,c2kx95
"Hopkins Ridge Wind Project",WT,46.430492,-117.817085,c2kx95
"Hopkins Ridge Wind Project",WT,46.445549,-117.80098,c2kx95
"Tucannon River",WT,46.422504,-117.965576,c2kx95
"Tucannon River",WT,46.408276,-117.988693,c2kx95
"Tucannon River",WT,46.403473,-118.002098,c2kx95
"Tucannon River",WT,46.442543,-118.097916,c2kx95
"Tucannon River",WT,46.446976,-118.029427,c2kx95
"Tucannon River",WT,46.399094,-118.065254,c2kx95
"Tucannon River",WT,46.445763,-118.063118,c2kx95
"Two Dot",WT,46.449394,-110.087189,c82vu4
"Two Dot",WT,46.447392,-110.086288,c82vu4
"Musselshell I",WT,46.276993,-109.46579,c82vu4
"Two Dot",WT,46.451393,-110.088486,c82vu4
"Two Dot",WT,46.445492,-110.084885,c82vu4
"Two Dot",WT,46.453293,-110.089584,c82vu4
"Musselshell II",WT,46.265892,-109.501289,c82vu4
"Two Dot Wind Farm",WT,46.444172,-110.092804,c82vu4
"Two Dot Wind Farm",WT,46.444416,-110.093216,c82vu4
"Two Dot Wind Farm",WT,46.444695,-110.093231,c82vu4
"Two Dot Wind Farm",WT,46.443378,-110.092834,c82vu4
"Two Dot Wind Farm",WT,46.44389,-110.092819,c82vu4
"Two Dot Wind Farm",WT,46.443661,-110.092857,c82vu4
"Two Dot Wind Farm",WT,46.444992,-110.093201,c82vu4
"Rim Rock",WT,48.825993,-112.036385,c82vu4
"Two Dot",WT,46.455093,-110.090691,c82vu4
"Rim Rock",WT,48.816994,-112.13279,c82vu4
"Rim Rock",WT,48.811394,-112.150787,c82vu4
"Rim Rock",WT,48.822891,-112.035385,c82vu4
"Musselshell I",WT,46.286991,-109.471786,c82vu4
"Rim Rock",WT,48.867893,-112.044189,c82vu4
"Rim Rock",WT,48.789993,-112.186684,c82vu4
"Rim Rock",WT,48.850193,-112.051788,c82vu4
"Rim Rock",WT,48.817993,-112.138885,c82vu4
"Rim Rock",WT,48.876793,-112.041389,c82vu4
"Rim Rock",WT,48.812992,-112.156387,c82vu4
"Rim Rock",WT,48.848091,-112.044189,c82vu4
"Rim Rock",WT,48.858593,-112.038284,c82vu4
"Rim Rock",WT,48.816593,-112.074684,c82vu4
"Rim Rock",WT,48.824795,-112.077583,c82vu4
"Rim Rock",WT,48.879395,-112.074287,c82vu4
"Rim Rock",WT,48.828194,-112.05159,c82vu4
"Rim Rock",WT,48.819294,-112.180984,c82vu4
"Rim Rock",WT,48.864895,-112.041588,c82vu4
"Rim Rock",WT,48.885494,-112.078789,c82vu4
"Rim Rock",WT,48.887691,-112.071091,c82vu4
"Judith Gap",WT,46.586391,-109.772789,c82vu4
"Judith Gap",WT,46.584991,-109.770592,c82vu4
"Judith Gap",WT,46.573692,-109.732689,c82vu4
"Judith Gap",WT,46.581692,-109.72509,c82vu4
"Judith Gap",WT,46.568493,-109.781891,c82vu4
"Judith Gap",WT,46.563595,-109.778885,c82vu4
"Judith Gap",WT,46.604794,-109.759285,c82vu4
"Judith Gap",WT,46.542892,-109.751884,c82vu4
"Judith Gap",WT,46.556393,-109.77459,c82vu4
"Judith Gap",WT,46.545994,-109.750984,c82vu4
"Martinsdale Colony South",WT,46.496918,-110.271782,c82vu4
"Judith Gap",WT,46.595291,-109.759491,c82vu4
"Judith Gap",WT,46.540092,-109.745987,c82vu4
"Judith Gap",WT,46.549294,-109.757484,c82vu4
"Judith Gap",WT,46.555195,-109.758987,c82vu4
"Martinsdale Colony South",WT,46.495277,-110.271797,c82vu4
"Judith Gap",WT,46.600891,-109.76329,c82vu4
"Rim Rock",WT,48.821293,-112.047188,c82vu4
"Judith Gap",WT,46.558292,-109.776291,c82vu4
"Judith Gap",WT,46.589993,-109.752686,c82vu4
"Judith Gap",WT,46.553593,-109.754791,c82vu4
"Judith Gap",WT,46.605892,-109.744789,c82vu4
"Judith Gap",WT,46.544193,-109.744087,c82vu4
"Judith Gap",WT,46.542992,-109.729187,c82vu4
"Judith Gap",WT,46.574291,-109.70829,c82vu4
"Judith Gap",WT,46.598091,-109.755486,c82vu4
"Judith Gap",WT,46.600693,-109.749985,c82vu4
"Judith Gap",WT,46.559093,-109.757988,c82vu4
"Judith Gap",WT,46.580994,-109.78569,c82vu4
"Judith Gap",WT,46.589191,-109.776985,c82vu4
"Judith Gap",WT,46.546192,-109.739891,c82vu4
"Judith Gap",WT,46.569195,-109.711487,c82vu4
"Judith Gap",WT,46.587692,-109.775391,c82vu4
"Judith Gap",WT,46.598293,-109.744888,c82vu4
"Judith Gap",WT,46.580593,-109.741585,c82vu4
"Judith Gap",WT,46.562195,-109.783287,c82vu4
"Judith Gap",WT,46.582893,-109.771286,c82vu4
"Judith Gap",WT,46.579193,-109.772385,c82vu4
"Judith Gap",WT,46.603092,-109.753891,c82vu4
"Judith Gap",WT,46.557293,-109.713089,c82vu4
"Judith Gap",WT,46.561192,-109.77739,c82vu4
"Spion Kop",WT,47.350693,-110.622185,c82vu4
"Rim Rock",WT,48.882591,-112.069084,c82vu4
"Spion Kop",WT,47.324593,-110.65419,c82vu4
"Spion Kop",WT,47.340694,-110.640686,c82vu4
"Spion Kop",WT,47.344593,-110.643089,c82vu4
"Spion Kop",WT,47.342293,-110.642387,c82vu4
"Spion Kop",WT,47.339893,-110.615486,c82vu4
"Spion Kop",WT,47.356594,-110.625786,c82vu4
"Spion Kop",WT,47.336994,-110.651688,c82vu4
"Spion Kop",WT,47.337593,-110.636284,c82vu4
"Spion Kop",WT,47.327293,-110.651886,c82vu4
"Spion Kop",WT,47.328892,-110.63649,c82vu4
"Spion Kop",WT,47.348694,-110.621086,c82vu4
"South Peak",WT,47.297791,-110.624481,c82vu4
"South Peak",WT,47.3013,-110.633102,c82vu4
"South Peak",WT,47.312992,-110.587082,c82vu4
"South Peak",WT,47.306992,-110.590782,c82vu4
"Spion Kop",WT,47.326492,-110.634087,c82vu4
"Spion Kop",WT,47.354794,-110.624588,c82vu4
"Spion Kop",WT,47.334393,-110.651085,c82vu4
"Spion Kop",WT,47.324394,-110.633484,c82vu4
"South Peak",WT,47.319843,-110.683685,c82vu4
"South Peak",WT,47.3074,-110.689903,c82vu4
"Musselshell II",WT,46.267094,-109.490288,c82vu4
"Spion Kop",WT,47.342594,-110.619385,c82vu4
"South Peak",WT,47.297894,-110.563087,c82vu4
"South Peak",WT,47.313667,-110.688675,c82vu4
"South Peak",WT,47.301392,-110.585182,c82vu4
"South Peak",WT,47.305893,-110.578888,c82vu4
"South Peak",WT,47.31039,-110.623184,c82vu4
"Spion Kop",WT,47.339092,-110.638184,c82vu4
"Spion Kop",WT,47.331692,-110.636887,c82vu4
"South Peak",WT,47.299294,-110.581886,c82vu4
"Spion Kop",WT,47.349194,-110.644089,c82vu4
"Spion Kop",WT,47.344593,-110.621384,c82vu4
"Spion Kop",WT,47.352592,-110.623283,c82vu4
"Spion Kop",WT,47.346992,-110.644585,c82vu4
"South Peak",WT,47.305401,-110.6353,c82vu4
"South Peak",WT,47.298698,-110.696198,c82vu4
"South Peak",WT,47.309391,-110.589485,c82vu4
"South Peak",WT,47.297691,-110.579483,c82vu4
"Glacier Wind II",WT,48.534191,-112.162689,c82vu4
"Glacier Wind II",WT,48.509594,-112.094788,c82vu4
"Glacier Wind II",WT,48.556194,-112.171288,c82vu4
"Glacier Wind II",WT,48.553593,-112.169884,c82vu4
"Glacier Wind II",WT,48.529392,-112.152786,c82vu4
"Glacier Wind II",WT,48.518394,-112.17009,c82vu4
"Glacier I",WT,48.515392,-112.136391,c82vu4
"Glacier Wind II",WT,48.531883,-112.152763,c82vu4
"Glacier I",WT,48.547192,-112.177887,c82vu4
"Glacier I",WT,48.502937,-112.112175,c82vu4
"Glacier Wind II",WT,48.528793,-112.172684,c82vu4
"Glacier I",WT,48.516891,-112.095589,c82vu4
"Rim Rock",WT,48.805893,-112.183388,c82vu4
"Rim Rock",WT,48.813595,-112.056686,c82vu4
"Rim Rock",WT,48.838692,-112.038788,c82vu4
"Rim Rock",WT,48.816395,-112.059685,c82vu4
"Glacier I",WT,48.500092,-112.088684,c82vu4
"Rim Rock",WT,48.854694,-112.034584,c82vu4
"Glacier Wind II",WT,48.531292,-112.163185,c82vu4
"Glacier Wind II",WT,48.531292,-112.173584,c82vu4
"South Peak",WT,47.309551,-110.688927,c82vu4
"South Peak",WT,47.311581,-110.689148,c82vu4
"South Peak",WT,47.305,-110.690903,c82vu4
"South Peak",WT,47.295292,-110.577286,c82vu4
"South Peak",WT,47.299801,-110.630203,c82vu4
"South Peak",WT,47.3032,-110.635597,c82vu4
"Spion Kop",WT,47.330494,-110.650986,c82vu4
"Glacier Wind II",WT,48.540161,-112.173904,c82vu4
"South Peak",WT,47.313,-110.624496,c82vu4
"Gordon Butte",WT,46.417492,-110.331688,c82vu4
"Gordon Butte",WT,46.408592,-110.335388,c82vu4
"Gordon Butte",WT,46.413792,-110.332687,c82vu4
"Gordon Butte",WT,46.415691,-110.331589,c82vu4
"Gordon Butte",WT,46.406292,-110.338692,c82vu4
"Gordon Butte",WT,46.410694,-110.33419,c82vu4
"Glacier Wind II",WT,48.537495,-112.163383,c82vu4
"South Peak",WT,47.311901,-110.638199,c82vu4
"Martinsdale Wind Farm",WT,46.500637,-110.271805,c82vu4
"Rim Rock",WT,48.802895,-112.150185,c82vu4
"Martinsdale Wind Farm",WT,46.499531,-110.271812,c82vu4
"Rim Rock",WT,48.847992,-112.033585,c82vu4
"Rim Rock",WT,48.853592,-112.043686,c82vu4
"Rim Rock",WT,48.861992,-112.048286,c82vu4
"Rim Rock",WT,48.807693,-112.15229,c82vu4
"Rim Rock",WT,48.815193,-112.114288,c82vu4
"Rim Rock",WT,48.828491,-112.029785,c82vu4
"Rim Rock",WT,48.829891,-112.185486,c82vu4
"Rim Rock",WT,48.840393,-112.028488,c82vu4
"Rim Rock",WT,48.801094,-112.114487,c82vu4
"Rim Rock",WT,48.817593,-112.117584,c82vu4
"Rim Rock",WT,48.796093,-112.114388,c82vu4
"Rim Rock",WT,48.880493,-112.046684,c82vu4
"Rim Rock",WT,48.844894,-112.046288,c82vu4
"Rim Rock",WT,48.879093,-112.04229,c82vu4
"Rim Rock",WT,48.809792,-112.110489,c82vu4
"Rim Rock",WT,48.834492,-112.035988,c82vu4
"Rim Rock",WT,48.831192,-112.031586,c82vu4
"Rim Rock",WT,48.825394,-112.029083,c82vu4
"Rim Rock",WT,48.820393,-112.141991,c82vu4
"Rim Rock",WT,48.822693,-112.11129,c82vu4
"Rim Rock",WT,48.820091,-112.038086,c82vu4
"Rim Rock",WT,48.831894,-112.051086,c82vu4
"Rim Rock",WT,48.852993,-112.053787,c82vu4
"Rim Rock",WT,48.890392,-112.069885,c82vu4
"Rim Rock",WT,48.843792,-112.026985,c82vu4
"Rim Rock",WT,48.889492,-112.057884,c82vu4
"Rim Rock",WT,48.855392,-112.053886,c82vu4
"Rim Rock",WT,48.818794,-112.170189,c82vu4
"Rim Rock",WT,48.834492,-112.06089,c82vu4
"Rim Rock",WT,48.802193,-112.14209,c82vu4
"Rim Rock",WT,48.879894,-112.063583,c82vu4
"Rim Rock",WT,48.837791,-112.05719,c82vu4
"Rim Rock",WT,48.832993,-112.18219,c82vu4
"Rim Rock",WT,48.872292,-112.048988,c82vu4
"Rim Rock",WT,48.806595,-112.113091,c82vu4
"Rim Rock",WT,48.816792,-112.166588,c82vu4
"Rim Rock",WT,48.850792,-112.043388,c82vu4
"Rim Rock",WT,48.822193,-112.054688,c82vu4
"Rim Rock",WT,48.784294,-112.185387,c82vu4
"Rim Rock",WT,48.878391,-112.05899,c82vu4
"Rim Rock",WT,48.883392,-112.07679,c82vu4
"Rim Rock",WT,48.885494,-112.057983,c82vu4
"Rim Rock",WT,48.803795,-112.113991,c82vu4
"Rim Rock",WT,48.819294,-112.058784,c82vu4
"Rim Rock",WT,48.821892,-112.07769,c82vu4
"Rim Rock",WT,48.814995,-112.160789,c82vu4
"Rim Rock",WT,48.874893,-112.051987,c82vu4
"Rim Rock",WT,48.795895,-112.187691,c82vu4
"Rim Rock",WT,48.872292,-112.041084,c82vu4
"Rim Rock",WT,48.845394,-112.032387,c82vu4
"Rim Rock",WT,48.836693,-112.066185,c82vu4
"Rim Rock",WT,48.786991,-112.185585,c82vu4
"Rim Rock",WT,48.825294,-112.048386,c82vu4
"Rim Rock",WT,48.798592,-112.114784,c82vu4
"South Peak",WT,47.313702,-110.639099,c82vu4
"Rim Rock",WT,48.846794,-112.05249,c82vu4
"Rim Rock",WT,48.825493,-112.117088,c82vu4
"Rim Rock",WT,48.799793,-112.180885,c82vu4
"Rim Rock",WT,48.887394,-112.082588,c82vu4
"Rim Rock",WT,48.802994,-112.179787,c82vu4
"Rim Rock",WT,48.840694,-112.041489,c82vu4
"Rim Rock",WT,48.838894,-112.04879,c82vu4
"Rim Rock",WT,48.838493,-112.024284,c82vu4
"Rim Rock",WT,48.829494,-112.062889,c82vu4
"Rim Rock",WT,48.825092,-112.14679,c82vu4
"Rim Rock",WT,48.804592,-112.153587,c82vu4
"Rim Rock",WT,48.859592,-112.048187,c82vu4
"Rim Rock",WT,48.822693,-112.14399,c82vu4
"Rim Rock",WT,48.792992,-112.187485,c82vu4
"Rim Rock",WT,48.835594,-112.052589,c82vu4
"Rim Rock",WT,48.874695,-112.040787,c82vu4
"Rim Rock",WT,48.835491,-112.024185,c82vu4
"Rim Rock",WT,48.811295,-112.142387,c82vu4
"Rim Rock",WT,48.820892,-112.187286,c82vu4
"Rim Rock",WT,48.819893,-112.073685,c82vu4
"Rim Rock",WT,48.814491,-112.14109,c82vu4
"Rim Rock",WT,48.882591,-112.056686,c82vu4
"Rim Rock",WT,48.850594,-112.03299,c82vu4
"Rim Rock",WT,48.811794,-112.112587,c82vu4
"Judith Gap",WT,46.555092,-109.709091,c82vu4
"Judith Gap",WT,46.578594,-109.784386,c82vu4
"Judith Gap",WT,46.564892,-109.717285,c82vu4
"Judith Gap",WT,46.566593,-109.762085,c82vu4
"Judith Gap",WT,46.538895,-109.742287,c82vu4
"Judith Gap",WT,46.557793,-109.761887,c82vu4
"Judith Gap",WT,46.548195,-109.746986,c82vu4
"Judith Gap",WT,46.587193,-109.743484,c82vu4
"Martinsdale Colony South",WT,46.497334,-110.271782,c82vu4
"Martinsdale Colony South",WT,46.494877,-110.271797,c82vu4
"Martinsdale Wind Farm",WT,46.500114,-110.271812,c82vu4
"Martinsdale Wind Farm",WT,46.498966,-110.271797,c82vu4
"Martinsdale Colony South",WT,46.496506,-110.271805,c82vu4
"Martinsdale Colony South",WT,46.497734,-110.271797,c82vu4
"Judith Gap",WT,46.575191,-109.735085,c82vu4
"Judith Gap",WT,46.594593,-109.741585,c82vu4
"Martinsdale Colony South",WT,46.496113,-110.27179,c82vu4
"Judith Gap",WT,46.560593,-109.715591,c82vu4
"Judith Gap",WT,46.572094,-109.730591,c82vu4
"Martinsdale Wind Farm",WT,46.498161,-110.271797,c82vu4
"Martinsdale Wind Farm",WT,46.49844,-110.271797,c82vu4
"Martinsdale Wind Farm",WT,46.499252,-110.271812,c82vu4
"Musselshell II",WT,46.269394,-109.48999,c82vu4
"Musselshell II",WT,46.261395,-109.520691,c82vu4
"Musselshell II",WT,46.265293,-109.506088,c82vu4
"Judith Gap",WT,46.603992,-109.741188,c82vu4
"Musselshell II",WT,46.266193,-109.494888,c82vu4
"Judith Gap",WT,46.593391,-109.762886,c82vu4
"Musselshell II",WT,46.262295,-109.514786,c82vu4
"Musselshell I",WT,46.285492,-109.474388,c82vu4
"Musselshell I",WT,46.283295,-109.474586,c82vu4
"Musselshell I",WT,46.288895,-109.470184,c82vu4
"Musselshell I",WT,46.280994,-109.475388,c82vu4
"Martinsdale Wind Farm",WT,46.498703,-110.271782,c82vu4
"Martinsdale Wind Farm",WT,46.500401,-110.27182,c82vu4
"Martinsdale Wind Farm",WT,46.50106,-110.271805,c82vu4
"Musselshell I",WT,46.280594,-109.467087,c82vu4
"Martinsdale Wind Farm",WT,46.499836,-110.271835,c82vu4
"Judith Gap",WT,46.578693,-109.738388,c82vu4
"Judith Gap",WT,46.576794,-109.706688,c82vu4
"Judith Gap",WT,46.571693,-109.709885,c82vu4
"Judith Gap",WT,46.563595,-109.761086,c82vu4
"Judith Gap",WT,46.584793,-109.749191,c82vu4
"Judith Gap",WT,46.568592,-109.724487,c82vu4
"Judith Gap",WT,46.583294,-109.744591,c82vu4
"Judith Gap",WT,46.554592,-109.773392,c82vu4
"Judith Gap",WT,46.576591,-109.728287,c82vu4
"Judith Gap",WT,46.583591,-109.785988,c82vu4
"Judith Gap",WT,46.599892,-109.733788,c82vu4
"Judith Gap",WT,46.551594,-109.75679,c82vu4
"Judith Gap",WT,46.560493,-109.759888,c82vu4
"Judith Gap",WT,46.562092,-109.76329,c82vu4
"Judith Gap",WT,46.545193,-109.733292,c82vu4
"Judith Gap",WT,46.579193,-109.726685,c82vu4
"Judith Gap",WT,46.569092,-109.763885,c82vu4
"Judith Gap",WT,46.590591,-109.778786,c82vu4
"Judith Gap",WT,46.581192,-109.767792,c82vu4
"Martinsdale Colony South",WT,46.495686,-110.271797,c82vu4
"Judith Gap",WT,46.544891,-109.755386,c82vu4
"Judith Gap",WT,46.550194,-109.744591,c82vu4
"Judith Gap",WT,46.547894,-109.736687,c82vu4
"Judith Gap",WT,46.601791,-109.737389,c82vu4
"Judith Gap",WT,46.542694,-109.735291,c82vu4
"Judith Gap",WT,46.564491,-109.783691,c82vu4
"Judith Gap",WT,46.597393,-109.730492,c82vu4
"Judith Gap",WT,46.581291,-109.77449,c82vu4
"Judith Gap",WT,46.547092,-109.731987,c82vu4
"Judith Gap",WT,46.546291,-109.758385,c82vu4
"Judith Gap",WT,46.556595,-109.756386,c82vu4
"Judith Gap",WT,46.560093,-109.78199,c82vu4
"Judith Gap",WT,46.541492,-109.74839,c82vu4
"Judith Gap",WT,46.566895,-109.721085,c82vu4
"Judith Gap",WT,46.541592,-109.740891,c82vu4
"Judith Gap",WT,46.578491,-109.768791,c82vu4
"Judith Gap",WT,46.558891,-109.779884,c82vu4
"Judith Gap",WT,46.570595,-109.728287,c82vu4
"Judith Gap",WT,46.566395,-109.78289,c82vu4
"Spion Kop",WT,47.335793,-110.635284,c82vu4
"Rim Rock",WT,48.786491,-112.174789,c82vu4
"South Peak",WT,47.302692,-110.691185,c82vu4
"Glacier I",WT,48.505192,-112.148788,c82vu4
"Glacier I",WT,48.509495,-112.151283,c82vu4
"Glacier Wind II",WT,48.549694,-112.172791,c82vu4
"Glacier Wind II",WT,48.526394,-112.150986,c82vu4
"Glacier I",WT,48.512192,-112.136688,c82vu4
"Glacier Wind II",WT,48.528793,-112.163185,c82vu4
"Glacier Wind II",WT,48.526295,-112.171486,c82vu4
"Glacier Wind II",WT,48.521091,-112.170288,c82vu4
"Glacier I",WT,48.498493,-112.123184,c82vu4
"Glacier I",WT,48.494694,-112.085388,c82vu4
"Glacier I",WT,48.521694,-112.135384,c82vu4
"Glacier I",WT,48.509094,-112.110588,c82vu4
"Glacier I",WT,48.514893,-112.106087,c82vu4
"Glacier Wind II",WT,48.535591,-112.152985,c82vu4
"Glacier I",WT,48.519794,-112.145386,c82vu4
"Glacier I",WT,48.519993,-112.110588,c82vu4
"Glacier I",WT,48.506493,-112.080688,c82vu4
"Glacier I",WT,48.514591,-112.096588,c82vu4
"Glacier I",WT,48.522892,-112.145287,c82vu4
"Glacier Wind II",WT,48.552395,-112.179787,c82vu4
"Glacier I",WT,48.505795,-112.136086,c82vu4
"Glacier I",WT,48.517494,-112.154083,c82vu4
"Glacier I",WT,48.514194,-112.084686,c82vu4
"Glacier I",WT,48.503593,-112.140686,c82vu4
"Glacier I",WT,48.497292,-112.088684,c82vu4
"Glacier I",WT,48.518593,-112.136688,c82vu4
"Glacier I",WT,48.515392,-112.122688,c82vu4
"Glacier I",WT,48.518394,-112.103889,c82vu4
"Glacier Wind II",WT,48.512661,-112.168373,c82vu4
"Glacier I",WT,48.507893,-112.14389,c82vu4
"Glacier Wind II",WT,48.523693,-112.171288,c82vu4
"Glacier Wind II",WT,48.536991,-112.176384,c82vu4
"Glacier Wind II",WT,48.541992,-112.180786,c82vu4
"Glacier Wind II",WT,48.537891,-112.153488,c82vu4
"Glacier Wind II",WT,48.515392,-112.170685,c82vu4
"Glacier I",WT,48.530792,-112.143387,c82vu4
"Glacier I",WT,48.503593,-112.097084,c82vu4
"Glacier I",WT,48.501194,-112.080688,c82vu4
"Glacier I",WT,48.528091,-112.143288,c82vu4
"Glacier I",WT,48.495495,-112.122185,c82vu4
"Glacier I",WT,48.506092,-112.096184,c82vu4
"Glacier I",WT,48.507992,-112.088783,c82vu4
"Glacier I",WT,48.537792,-112.143387,c82vu4
"Glacier I",WT,48.545292,-112.141472,c82vu4
"Glacier I",WT,48.522594,-112.111885,c82vu4
"Glacier I",WT,48.492794,-112.080887,c82vu4
"Big Timber",WT,45.828133,-109.659401,c82vu4
"Big Timber",WT,45.839813,-109.654671,c82vu4
"Big Timber",WT,45.841423,-109.636612,c82vu4
"Big Timber",WT,45.830559,-109.662849,c82vu4
"Big Timber",WT,45.823952,-109.648552,c82vu4
"Big Timber",WT,45.83342,-109.660301,c82vu4
"Big Timber",WT,45.841518,-109.648743,c82vu4
"Big Timber",WT,45.85334,-109.649712,c82vu4
"Big Timber",WT,45.843849,-109.650642,c82vu4
"Big Timber",WT,45.821915,-109.641891,c82vu4
"Big Timber",WT,45.818932,-109.645058,c82vu4
"Big Timber",WT,45.849655,-109.640305,c82vu4
"Horseshoe Bend/ranch pit",WT,47.506092,-111.439186,c82vu4
"Horseshoe Bend/ranch pit",WT,47.501194,-111.437988,c82vu4
"Horseshoe Bend/ranch pit",WT,47.503994,-111.43869,c82vu4
"Horseshoe Bend/ranch pit",WT,47.499191,-111.437584,c82vu4
"Horseshoe Bend/ranch pit",WT,47.497292,-111.437088,c82vu4
"Horseshoe Bend/ranch pit",WT,47.495293,-111.436684,c82vu4
"Rim Rock",WT,48.887093,-112.063385,c82vu4
"Big Timber",WT,45.838146,-109.668816,c82vu4
"Big Timber",WT,45.835415,-109.666306,c82vu4
"Greenfield Wind Farm",WT,47.723122,-111.933739,c82vu4
"Fairfield Wind Farm",WT,47.712212,-111.952438,c82vu4
"Glacier I",WT,48.502594,-112.088684,c82vu4
"Glacier I",WT,48.513794,-112.114189,c82vu4
"Glacier I",WT,48.520794,-112.12719,c82vu4
"Greenfield Wind Farm",WT,47.717407,-111.928802,c82vu4
"Greenfield Wind Farm",WT,47.710136,-111.91571,c82vu4
"Fairfield Wind Farm",WT,47.723274,-111.965317,c82vu4
"Fairfield Wind Farm",WT,47.704651,-111.94973,c82vu4
"Fairfield Wind Farm",WT,47.709682,-111.950951,c82vu4
"Fairfield Wind Farm",WT,47.707344,-111.949043,c82vu4
"Glacier I",WT,48.500793,-112.097084,c82vu4
"Greenfield Wind Farm",WT,47.723942,-111.908485,c82vu4
"Greenfield Wind Farm",WT,47.711758,-111.919922,c82vu4
"Greenfield Wind Farm",WT,47.714424,-111.927704,c82vu4
"Greenfield Wind Farm",WT,47.721283,-111.905121,c82vu4
"Greenfield Wind Farm",WT,47.718231,-111.903236,c82vu4
"Greenfield Wind Farm",WT,47.725807,-111.93618,c82vu4
"South Peak",WT,47.3078,-110.635696,c82vu4
"Greenfield Wind Farm",WT,47.707287,-111.907204,c82vu4
"Greenfield Wind Farm",WT,47.720322,-111.931503,c82vu4
"Fairfield Wind Farm",WT,47.720558,-111.965691,c82vu4
"Greenfield Wind Farm",WT,47.708488,-111.911743,c82vu4
"Glacier I",WT,48.516792,-112.083588,c82vu4
"Greenfield Wind Farm",WT,47.72628,-111.911148,c82vu4
"Glacier I",WT,48.511791,-112.08609,c82vu4
"Glacier Wind II",WT,48.546494,-112.21759,c82vu4
"Glacier Wind II",WT,48.556793,-112.223389,c82vu4
"Glacier Wind II",WT,48.551094,-112.22699,c82vu4
"Glacier Wind II",WT,48.571095,-112.22139,c82vu4
"Glacier Wind II",WT,48.518894,-112.19709,c82vu4
"Glacier Wind II",WT,48.569794,-112.211685,c82vu4
"Glacier Wind II",WT,48.562992,-112.189789,c82vu4
"Rim Rock",WT,48.795895,-112.208885,c82vu4
"Glacier Wind II",WT,48.559395,-112.226685,c82vu4
"Glacier Wind II",WT,48.562492,-112.225487,c82vu4
"Glacier Wind II",WT,48.531895,-112.19339,c82vu4
"Glacier Wind II",WT,48.563194,-112.217087,c82vu4
"Rim Rock",WT,48.781994,-112.191986,c82vu4
"Rim Rock",WT,48.781094,-112.248085,c82vu4
"Rim Rock",WT,48.777393,-112.21209,c82vu4
"Rim Rock",WT,48.798893,-112.205383,c82vu4
"Glacier Wind II",WT,48.540092,-112.218788,c82vu4
"Glacier Wind II",WT,48.541893,-112.227287,c82vu4
"Glacier Wind II",WT,48.532093,-112.231186,c82vu4
"Glacier Wind II",WT,48.527294,-112.202087,c82vu4
"Glacier Wind II",WT,48.565792,-112.189186,c82vu4
"Glacier Wind II",WT,48.554691,-112.186584,c82vu4
"Glacier Wind II",WT,48.573292,-112.211784,c82vu4
"Glacier I",WT,48.502193,-112.122284,c82vu4
"South Peak",WT,47.309898,-110.635696,c82vu4
"Rim Rock",WT,48.805794,-112.191589,c82vu4
"Glacier Wind II",WT,48.524693,-112.216385,c82vu4
"Glacier Wind II",WT,48.544495,-112.227188,c82vu4
"Glacier Wind II",WT,48.557392,-112.188385,c82vu4
"Glacier Wind II",WT,48.560184,-112.190178,c82vu4
"South Peak",WT,47.300793,-110.688385,c82vu4
"Glacier Wind II",WT,48.537193,-112.223686,c82vu4
"Rim Rock",WT,48.777493,-112.233589,c82vu4
"Rim Rock",WT,48.810593,-112.191788,c82vu4
"Glacier Wind II",WT,48.538193,-112.234085,c82vu4
"Rim Rock",WT,48.778393,-112.253387,c82vu4
"Glacier Wind II",WT,48.527191,-112.218086,c82vu4
"Glacier Wind II",WT,48.553692,-112.225288,c82vu4
"Glacier Wind II",WT,48.530094,-112.214485,c82vu4
"Glacier Wind II",WT,48.535294,-112.232285,c82vu4
"Rim Rock",WT,48.779694,-112.189888,c82vu4
"Glacier Wind II",WT,48.524391,-112.200386,c82vu4
"Glacier Wind II",WT,48.566093,-112.218384,c82vu4
"Glacier Wind II",WT,48.532593,-112.214188,c82vu4
"Glacier Wind II",WT,48.522793,-112.209984,c82vu4
"Glacier Wind II",WT,48.564594,-112.226486,c82vu4
"Glacier Wind II",WT,48.534721,-112.194664,c82vu4
"Glacier I",WT,48.516693,-112.144791,c82vu4
"Glacier I",WT,48.513794,-112.145889,c82vu4
"Glacier I",WT,48.509094,-112.081886,c82vu4
"Glacier I",WT,48.514893,-112.154083,c82vu4
"Glacier I",WT,48.539993,-112.130989,c82vu4
"Glacier I",WT,48.506092,-112.112083,c82vu4
"Glacier I",WT,48.511894,-112.107285,c82vu4
"Glacier I",WT,48.523792,-112.154083,c82vu4
"Glacier Wind II",WT,48.509392,-112.167084,c82vu4
"Glacier Wind II",WT,48.534393,-112.173386,c82vu4
"Glacier Wind II",WT,48.558994,-112.170387,c82vu4
"Glacier I",WT,48.494694,-112.094383,c82vu4
"Glacier Wind II",WT,48.568493,-112.22139,c82vu4
"Glacier I",WT,48.503693,-112.082184,c82vu4
"Glacier I",WT,48.542492,-112.132484,c82vu4
"Glacier I",WT,48.511894,-112.096291,c82vu4
"Glacier I",WT,48.509193,-112.136391,c82vu4
"Glacier I",WT,48.519295,-112.09359,c82vu4
"Glacier I",WT,48.544693,-112.179489,c82vu4
"Glacier I",WT,48.517193,-112.113091,c82vu4
"Glacier I",WT,48.521992,-112.103485,c82vu4
"Glacier I",WT,48.505295,-112.088684,c82vu4
"Glacier I",WT,48.498093,-112.080688,c82vu4
"Rim Rock",WT,48.777092,-112.22229,c82vu4
"Rim Rock",WT,48.781391,-112.25679,c82vu4
"Rim Rock",WT,48.782192,-112.235291,c82vu4
"Rim Rock",WT,48.783295,-112.260185,c82vu4
"Rim Rock",WT,48.821194,-112.194489,c82vu4
"Glacier I",WT,48.523994,-112.129089,c82vu4
"Glacier Wind II",WT,48.561092,-112.218185,c82vu4
"Rim Rock",WT,48.784393,-112.193291,c82vu4
"Glacier Wind II",WT,48.547394,-112.227188,c82vu4
"Glacier Wind II",WT,48.543694,-112.217987,c82vu4
"Rim Rock",WT,48.780094,-112.233788,c82vu4
"Rim Rock",WT,48.782093,-112.212387,c82vu4
"Glacier I",WT,48.504593,-112.119591,c82vu4
"Glacier I",WT,48.501892,-112.152489,c82vu4
"Glacier I",WT,48.520794,-112.154083,c82vu4
"Glacier I",WT,48.499794,-112.114685,c82vu4
"Glacier I",WT,48.533493,-112.143585,c82vu4
"Glacier Wind II",WT,48.535294,-112.215485,c82vu4
"Glacier I",WT,48.517391,-112.128387,c82vu4
"Glacier Wind II",WT,48.561295,-112.170685,c82vu4
"Glacier Wind II",WT,48.521694,-112.198387,c82vu4
"Clearwater Wind III",WT,46.843849,-106.31089,c8h5zm
"Clearwater Energy Project 1A",WT,46.823189,-106.428665,c8h5zm
"Clearwater Wind III",WT,46.780098,-106.278519,c8h5zm
"Clearwater Wind III",WT,46.837261,-106.283989,c8h5zm
"Clearwater Wind III",WT,46.83667,-106.257957,c8h5zm
"Clearwater Wind III",WT,46.837124,-106.295357,c8h5zm
"Clearwater Wind III",WT,46.8442,-106.301338,c8h5zm
"Clearwater Wind III",WT,46.821194,-106.265007,c8h5zm
"Clearwater Wind III",WT,46.82576,-106.264702,c8h5zm
"Clearwater Wind III",WT,46.828819,-106.240112,c8h5zm
"Clearwater Wind III",WT,46.826981,-106.287598,c8h5zm
"Clearwater Wind III",WT,46.812939,-106.307892,c8h5zm
"Clearwater Wind III",WT,46.841282,-106.317429,c8h5zm
"Clearwater Wind III",WT,46.837578,-106.237129,c8h5zm
"Clearwater Energy Project 1A",WT,46.832966,-106.371002,c8h5zm
"Clearwater Energy Project 1A",WT,46.782066,-106.443184,c8h5zm
"Clearwater Energy Project 1A",WT,46.779346,-106.470291,c8h5zm
"Clearwater Wind II",WT,46.786003,-106.170677,c8h5zm
"Clearwater Energy Project 1A",WT,46.74976,-106.440491,c8h5zm
"Clearwater Energy Project 1A",WT,46.839893,-106.358986,c8h5zm
"Clearwater Energy Project 1A",WT,46.738277,-106.45076,c8h5zm
"Clearwater Energy Project 1A",WT,46.801311,-106.448906,c8h5zm
"Clearwater Energy Project 1A",WT,46.745987,-106.381096,c8h5zm
"Clearwater Wind II",WT,46.81488,-106.195068,c8h5zm
"Clearwater Energy Project 1A",WT,46.76339,-106.445068,c8h5zm
"Clearwater Wind II",WT,46.778954,-106.213852,c8h5zm
"Clearwater Wind III",WT,46.776985,-106.283028,c8h5zm
"Clearwater Wind III",WT,46.835304,-106.264191,c8h5zm
"Clearwater Wind III",WT,46.837273,-106.31781,c8h5zm
"Clearwater Wind III",WT,46.822941,-106.290451,c8h5zm
"Clearwater Wind III",WT,46.809223,-106.243912,c8h5zm
"Clearwater Energy Project 1A",WT,46.792023,-106.376488,c8h5zm
"Clearwater Wind III",WT,46.834354,-106.299255,c8h5zm
"Clearwater Energy Project 1A",WT,46.755138,-106.469536,c8h5zm
"Clearwater Energy Project 1A",WT,46.788624,-106.470871,c8h5zm
"Clearwater Energy Project 1A",WT,46.805019,-106.445114,c8h5zm
"Clearwater Energy Project 1A",WT,46.830273,-106.349289,c8h5zm
"Clearwater Energy Project 1A",WT,46.753613,-106.36969,c8h5zm
"Clearwater Energy Project 1A",WT,46.795555,-106.402603,c8h5zm
"Clearwater Wind III",WT,46.806015,-106.31739,c8h5zm
"Clearwater Energy Project 1A",WT,46.836277,-106.365471,c8h5zm
"Clearwater Wind III",WT,46.830467,-106.261429,c8h5zm
"Clearwater Wind III",WT,46.819302,-106.292366,c8h5zm
"Clearwater Wind III",WT,46.79821,-106.256798,c8h5zm
"Clearwater Wind III",WT,46.833233,-106.237091,c8h5zm
"Clearwater Wind III",WT,46.800613,-106.252571,c8h5zm
"Clearwater Wind II",WT,46.801655,-106.165932,c8h5zm
"Clearwater Wind II",WT,46.819241,-106.225098,c8h5zm
"Clearwater Wind II",WT,46.792347,-106.215118,c8h5zm
"Clearwater Wind II",WT,46.814175,-106.181519,c8h5zm
"Clearwater Wind III",WT,46.793663,-106.258438,c8h5zm
"Clearwater Wind II",WT,46.804268,-106.227478,c8h5zm
"Clearwater Energy Project 1A",WT,46.739788,-106.420166,c8h5zm
"Clearwater Energy Project 1A",WT,46.825546,-106.353584,c8h5zm
"Clearwater Energy Project 1A",WT,46.770851,-106.42749,c8h5zm
"Clearwater Energy Project 1A",WT,46.836899,-106.425865,c8h5zm
"Clearwater Energy Project 1A",WT,46.751682,-106.398117,c8h5zm
"Clearwater Energy Project 1A",WT,46.832256,-106.398949,c8h5zm
"Clearwater Energy Project 1A",WT,46.83041,-106.326797,c8h5zm
"Clearwater Energy Project 1A",WT,46.832809,-106.429741,c8h5zm
"Clearwater Wind III",WT,46.804688,-106.243835,c8h5zm
"Clearwater Wind III",WT,46.806526,-106.308075,c8h5zm
"Clearwater Wind III",WT,46.840816,-106.252579,c8h5zm
"Clearwater Energy Project 1A",WT,46.838863,-106.389015,c8h5zm
"Stillwater Big Sky",WT,45.829777,-109.527351,c8h5zm
"Clearwater Energy Project 1A",WT,46.760029,-106.458908,c8h5zm
"Stillwater Big Sky",WT,45.869049,-109.498856,c8h5zm
"Stillwater Big Sky",WT,45.877182,-109.484039,c8h5zm
"Stillwater Big Sky",WT,45.886307,-109.487038,c8h5zm
"Stillwater Big Sky",WT,45.88393,-109.480011,c8h5zm
"Stillwater Big Sky",WT,45.900391,-109.473579,c8h5zm
"Stillwater Big Sky",WT,45.847988,-109.508339,c8h5zm
"Stillwater Big Sky",WT,45.832836,-109.520638,c8h5zm
"Stillwater Big Sky",WT,45.903515,-109.477394,c8h5zm
"Stillwater Big Sky",WT,45.85075,-109.501076,c8h5zm
"Stillwater Big Sky",WT,45.845127,-109.51223,c8h5zm
"Stillwater Big Sky",WT,45.895695,-109.503242,c8h5zm
"Stillwater Big Sky",WT,45.835892,-109.519943,c8h5zm
"Stillwater Big Sky",WT,45.838993,-109.517754,c8h5zm
"Stillwater Big Sky",WT,45.882088,-109.503311,c8h5zm
"Stillwater Big Sky",WT,45.879353,-109.50351,c8h5zm
"Stillwater Big Sky",WT,45.874409,-109.492294,c8h5zm
"Stillwater Big Sky",WT,45.871742,-109.497742,c8h5zm
"Stillwater Big Sky",WT,45.906742,-109.477989,c8h5zm
"Stillwater Big Sky",WT,45.892269,-109.488121,c8h5zm
"Stillwater Big Sky",WT,45.909813,-109.482681,c8h5zm
"Stillwater Big Sky",WT,45.898849,-109.503288,c8h5zm
"Stillwater Big Sky",WT,45.842014,-109.513878,c8h5zm
"Stillwater Big Sky",WT,45.880421,-109.480812,c8h5zm
"Stillwater Big Sky",WT,45.866127,-109.50338,c8h5zm
"Stillwater Big Sky",WT,45.863102,-109.507286,c8h5zm
"Stillwater Big Sky",WT,45.889301,-109.486938,c8h5zm
"Stillwater Big Sky",WT,45.885277,-109.503342,c8h5zm
"Stillwater Big Sky",WT,45.889313,-109.503204,c8h5zm
"Stillwater Big Sky",WT,45.892525,-109.503326,c8h5zm
"Stillwater Big Sky",WT,45.859585,-109.506943,c8h5zm
"Clearwater Wind II",WT,46.836277,-106.200409,c8h5zm
"Clearwater Energy Project 1A",WT,46.775452,-106.452133,c8h5zm
"Clearwater Energy Project 1A",WT,46.818092,-106.427475,c8h5zm
"Clearwater Energy Project 1A",WT,46.841579,-106.384384,c8h5zm
"Clearwater Energy Project 1A",WT,46.791664,-106.452675,c8h5zm
"Clearwater Energy Project 1A",WT,46.747963,-106.400337,c8h5zm
"Clearwater Energy Project 1A",WT,46.743469,-106.449112,c8h5zm
"Clearwater Energy Project 1A",WT,46.820454,-106.35334,c8h5zm
"Clearwater Energy Project 1A",WT,46.81329,-106.427551,c8h5zm
"Clearwater Energy Project 1A",WT,46.814175,-106.349289,c8h5zm
"Clearwater Energy Project 1A",WT,46.746162,-106.407387,c8h5zm
"Clearwater Energy Project 1A",WT,46.828545,-106.402588,c8h5zm
"Clearwater Wind II",WT,46.77533,-106.170647,c8h5zm
"Clearwater Wind II",WT,46.798931,-106.224236,c8h5zm
"Clearwater Energy Project 1A",WT,46.81966,-106.412262,c8h5zm
"Clearwater Energy Project 1A",WT,46.81036,-106.404167,c8h5zm
"Clearwater Energy Project 1A",WT,46.78056,-106.42852,c8h5zm
"Clearwater Energy Project 1A",WT,46.751469,-106.433632,c8h5zm
"Clearwater Wind II",WT,46.842491,-106.204956,c8h5zm
"Clearwater Wind II",WT,46.779472,-106.16861,c8h5zm
"Clearwater Wind II",WT,46.764038,-106.2164,c8h5zm
"Clearwater Wind II",WT,46.821964,-106.220207,c8h5zm
"Clearwater Wind II",WT,46.815037,-106.230026,c8h5zm
"Clearwater Wind II",WT,46.810013,-106.195549,c8h5zm
"Clearwater Wind II",WT,46.833611,-106.204498,c8h5zm
"Clearwater Wind II",WT,46.753532,-106.166969,c8h5zm
"Clearwater Wind II",WT,46.770679,-106.22361,c8h5zm
"Clearwater Wind II",WT,46.82946,-106.216499,c8h5zm
"Clearwater Wind II",WT,46.826366,-106.219307,c8h5zm
"Clearwater Wind II",WT,46.811554,-106.234695,c8h5zm
"Clearwater Wind II",WT,46.770508,-106.172958,c8h5zm
"Clearwater Wind II",WT,46.809135,-106.161118,c8h5zm
"Clearwater Wind II",WT,46.820995,-106.196136,c8h5zm
"Clearwater Energy Project 1A",WT,46.844448,-106.352768,c8h5zm
"Clearwater Wind II",WT,46.750782,-106.170578,c8h5zm
"Pryor Mountain",WT,45.167351,-108.687737,c8h5zm
"Clearwater Energy Project 1A",WT,46.795273,-106.418892,c8h5zm
"Pryor Mountain",WT,45.166496,-108.69619,c8h5zm
"Pryor Mountain",WT,45.127117,-108.673508,c8h5zm
"Pryor Mountain",WT,45.151928,-108.722191,c8h5zm
"Pryor Mountain",WT,45.187393,-108.698746,c8h5zm
"Pryor Mountain",WT,45.20533,-108.708214,c8h5zm
"Pryor Mountain",WT,45.191586,-108.707504,c8h5zm
"Pryor Mountain",WT,45.188866,-108.69593,c8h5zm
"Pryor Mountain",WT,45.174492,-108.720253,c8h5zm
"Pryor Mountain",WT,45.217804,-108.737137,c8h5zm
"Pryor Mountain",WT,45.165218,-108.73172,c8h5zm
"Pryor Mountain",WT,45.147373,-108.697067,c8h5zm
"Pryor Mountain",WT,45.217957,-108.721359,c8h5zm
"Pryor Mountain",WT,45.128353,-108.661041,c8h5zm
"Pryor Mountain",WT,45.179359,-108.694572,c8h5zm
"Pryor Mountain",WT,45.178402,-108.697884,c8h5zm
"Pryor Mountain",WT,45.160709,-108.717903,c8h5zm
"Pryor Mountain",WT,45.211956,-108.711334,c8h5zm
"Pryor Mountain",WT,45.101028,-108.663727,c8h5zm
"Pryor Mountain",WT,45.200062,-108.708214,c8h5zm
"Pryor Mountain",WT,45.123253,-108.650993,c8h5zm
"Pryor Mountain",WT,45.167591,-108.69323,c8h5zm
"Pryor Mountain",WT,45.121063,-108.686829,c8h5zm
"Pryor Mountain",WT,45.153454,-108.682236,c8h5zm
"Pryor Mountain",WT,45.145943,-108.700264,c8h5zm
"Pryor Mountain",WT,45.130379,-108.688866,c8h5zm
"Pryor Mountain",WT,45.185493,-108.701149,c8h5zm
"Pryor Mountain",WT,45.116596,-108.667114,c8h5zm
"Pryor Mountain",WT,45.174404,-108.715797,c8h5zm
"Pryor Mountain",WT,45.139179,-108.689499,c8h5zm
"Pryor Mountain",WT,45.105675,-108.655525,c8h5zm
"Pryor Mountain",WT,45.116364,-108.649902,c8h5zm
"Pryor Mountain",WT,45.100163,-108.671013,c8h5zm
"Pryor Mountain",WT,45.160313,-108.683884,c8h5zm
"Pryor Mountain",WT,45.123829,-108.679718,c8h5zm
"Pryor Mountain",WT,45.217995,-108.729462,c8h5zm
"Pryor Mountain",WT,45.115459,-108.673286,c8h5zm
"Clearwater Wind East",WT,46.78511,-106.015335,c8h5zm
"Clearwater Wind East",WT,46.834705,-106.055389,c8h5zm
"Clearwater Wind East",WT,46.786804,-106.031082,c8h5zm
"Clearwater Wind East",WT,46.782829,-106.061729,c8h5zm
"Clearwater Wind East",WT,46.834011,-105.914391,c8h5zm
"Clearwater Wind East",WT,46.801159,-106.041008,c8h5zm
"Clearwater Wind East",WT,46.786652,-106.058121,c8h5zm
"Clearwater Wind East",WT,46.796223,-106.006088,c8h5zm
"Clearwater Wind East",WT,46.842243,-105.972198,c8h5zm
"Clearwater Wind East",WT,46.765118,-106.036118,c8h5zm
"Clearwater Wind East",WT,46.776608,-106.03994,c8h5zm
"Clearwater Wind East",WT,46.811234,-105.964699,c8h5zm
"Clearwater Wind East",WT,46.851044,-105.984215,c8h5zm
"Clearwater Wind East",WT,46.84903,-105.908501,c8h5zm
"Clearwater Wind East",WT,46.85347,-106.006935,c8h5zm
"Clearwater Wind East",WT,46.816002,-105.936859,c8h5zm
"Clearwater Wind East",WT,46.804974,-106.050941,c8h5zm
"Clearwater Wind East",WT,46.808105,-106.001518,c8h5zm
"Pryor Mountain",WT,45.211918,-108.716766,c8h5zm
"Pryor Mountain",WT,45.140961,-108.681633,c8h5zm
"Pryor Mountain",WT,45.12854,-108.666153,c8h5zm
"Pryor Mountain",WT,45.138382,-108.69268,c8h5zm
"Pryor Mountain",WT,45.154427,-108.678818,c8h5zm
"Clearwater Wind East",WT,46.764278,-106.105492,c8h5zm
"Clearwater Wind East",WT,46.838856,-105.993378,c8h5zm
"Clearwater Wind East",WT,46.780193,-105.989899,c8h5zm
"Clearwater Wind East",WT,46.852264,-106.0578,c8h5zm
"Clearwater Wind East",WT,46.82391,-105.962288,c8h5zm
"Clearwater Wind East",WT,46.832882,-105.991318,c8h5zm
"Clearwater Wind East",WT,46.826248,-106.063675,c8h5zm
"Clearwater Wind East",WT,46.829258,-105.898239,c8h5zm
"Clearwater Wind East",WT,46.840557,-105.914642,c8h5zm
"Clearwater Wind East",WT,46.830063,-105.917992,c8h5zm
"Pryor Mountain",WT,45.164848,-108.699432,c8h5zm
"Clearwater Wind East",WT,46.835152,-105.964798,c8h5zm
"Pryor Mountain",WT,45.167343,-108.684067,c8h5zm
"Pryor Mountain",WT,45.176693,-108.709503,c8h5zm
"Pryor Mountain",WT,45.159504,-108.691437,c8h5zm
"Pryor Mountain",WT,45.108612,-108.649803,c8h5zm
"Pryor Mountain",WT,45.145115,-108.703865,c8h5zm
"Pryor Mountain",WT,45.218918,-108.707191,c8h5zm
"Pryor Mountain",WT,45.212215,-108.705879,c8h5zm
"Pryor Mountain",WT,45.146343,-108.713028,c8h5zm
"Pryor Mountain",WT,45.15966,-108.725296,c8h5zm
"Pryor Mountain",WT,45.192673,-108.704575,c8h5zm
"Pryor Mountain",WT,45.198395,-108.716606,c8h5zm
"Pryor Mountain",WT,45.166382,-108.728737,c8h5zm
"Pryor Mountain",WT,45.140099,-108.684906,c8h5zm
"Pryor Mountain",WT,45.217842,-108.733887,c8h5zm
"Pryor Mountain",WT,45.109226,-108.696815,c8h5zm
"Pryor Mountain",WT,45.167751,-108.717682,c8h5zm
"Pryor Mountain",WT,45.154221,-108.700569,c8h5zm
"Pryor Mountain",WT,45.107574,-108.652763,c8h5zm
"Pryor Mountain",WT,45.107601,-108.665108,c8h5zm
"Pryor Mountain",WT,45.159996,-108.721298,c8h5zm
"Clearwater Energy Project 1A",WT,46.753868,-106.428131,c8h5zm
"Pryor Mountain",WT,45.106758,-108.668541,c8h5zm
"Pryor Mountain",WT,45.18008,-108.688362,c8h5zm
"Pryor Mountain",WT,45.131519,-108.683083,c8h5zm
"Pryor Mountain",WT,45.198364,-108.710922,c8h5zm
"Pryor Mountain",WT,45.167191,-108.721931,c8h5zm
"Pryor Mountain",WT,45.128281,-108.670082,c8h5zm
"Pryor Mountain",WT,45.122124,-108.682686,c8h5zm
"Pryor Mountain",WT,45.177788,-108.700783,c8h5zm
"Pryor Mountain",WT,45.119473,-108.690308,c8h5zm
"Pryor Mountain",WT,45.13242,-108.680527,c8h5zm
"Pryor Mountain",WT,45.204746,-108.716728,c8h5zm
"Pryor Mountain",WT,45.122948,-108.654831,c8h5zm
"Pryor Mountain",WT,45.110592,-108.690491,c8h5zm
"Pryor Mountain",WT,45.152496,-108.6856,c8h5zm
"Pryor Mountain",WT,45.194271,-108.701347,c8h5zm
"Pryor Mountain",WT,45.218929,-108.71096,c8h5zm
"Pryor Mountain",WT,45.204861,-108.711884,c8h5zm
"Pryor Mountain",WT,45.218002,-108.725365,c8h5zm
"Pryor Mountain",WT,45.152924,-108.719589,c8h5zm
"Pryor Mountain",WT,45.109928,-108.693718,c8h5zm
"Pryor Mountain",WT,45.112202,-108.687378,c8h5zm
"Pryor Mountain",WT,45.10733,-108.661484,c8h5zm
"Pryor Mountain",WT,45.177994,-108.705864,c8h5zm
"Pryor Mountain",WT,45.153389,-108.716751,c8h5zm
"Pryor Mountain",WT,45.175884,-108.712257,c8h5zm
"Pryor Mountain",WT,45.184917,-108.704903,c8h5zm
"Pryor Mountain",WT,45.146229,-108.71682,c8h5zm
"Pryor Mountain",WT,45.114582,-108.676498,c8h5zm
"Pryor Mountain",WT,45.11607,-108.670189,c8h5zm
"Pryor Mountain",WT,45.160812,-108.680573,c8h5zm
"Pryor Mountain",WT,45.212227,-108.701233,c8h5zm
"Pryor Mountain",WT,45.21896,-108.71685,c8h5zm
"Pryor Mountain",WT,45.151413,-108.725067,c8h5zm
"Pryor Mountain",WT,45.189957,-108.710274,c8h5zm
"Pryor Mountain",WT,45.148418,-108.694054,c8h5zm
"Pryor Mountain",WT,45.113758,-108.679688,c8h5zm
"Pryor Mountain",WT,45.137688,-108.69973,c8h5zm
"Pryor Mountain",WT,45.115894,-108.653572,c8h5zm
"Pryor Mountain",WT,45.125679,-108.676743,c8h5zm
"Pryor Mountain",WT,45.167042,-108.725906,c8h5zm
"Pryor Mountain",WT,45.116768,-108.692329,c8h5zm
"Pryor Mountain",WT,45.160149,-108.687233,c8h5zm
"Pryor Mountain",WT,45.118477,-108.66494,c8h5zm
"Pryor Mountain",WT,45.100449,-108.666756,c8h5zm
"Pryor Mountain",WT,45.116364,-108.696152,c8h5zm
"Pryor Mountain",WT,45.164463,-108.734795,c8h5zm
"Pryor Mountain",WT,45.119148,-108.66169,c8h5zm
"Pryor Mountain",WT,45.158176,-108.694519,c8h5zm
"Pryor Mountain",WT,45.15657,-108.697617,c8h5zm
"Pryor Mountain",WT,45.150234,-108.690773,c8h5zm
"Pryor Mountain",WT,45.137962,-108.696098,c8h5zm
"Clearwater Wind East",WT,46.785828,-105.99984,c8h5zm
"Clearwater Wind East",WT,46.747353,-106.108887,c8h5zm
"Clearwater Wind East",WT,46.800571,-106.033859,c8h5zm
"Clearwater Energy Project 1A",WT,46.847672,-106.411438,c8h5zm
"Clearwater Energy Project 1A",WT,46.913933,-106.332787,c8h5zm
"Clearwater Wind II",WT,46.853813,-106.206696,c8h5zm
"Clearwater Wind III",WT,46.850964,-106.315269,c8h5zm
"Clearwater Energy Project 1A",WT,46.889851,-106.388702,c8h5zm
"Clearwater Energy Project 1A",WT,46.895012,-106.34549,c8h5zm
"Clearwater Energy Project 1A",WT,46.901104,-106.463692,c8h5zm
"Clearwater Energy Project 1A",WT,46.878082,-106.407364,c8h5zm
"Clearwater Energy Project 1A",WT,46.876595,-106.42569,c8h5zm
"Clearwater Wind II",WT,46.757385,-106.218971,c8h5zm
"Clearwater Wind II",WT,46.818539,-106.179169,c8h5zm
"Clearwater Wind II",WT,46.76405,-106.171822,c8h5zm
"Clearwater Wind II",WT,46.78524,-106.202576,c8h5zm
"Clearwater Wind II",WT,46.826118,-106.1959,c8h5zm
"Clearwater Wind III",WT,46.876789,-106.353081,c8h5zm
"Clearwater Wind II",WT,46.812916,-106.15976,c8h5zm
"Clearwater Energy Project 1A",WT,46.919262,-106.323288,c8h5zm
"Clearwater Energy Project 1A",WT,46.900127,-106.429367,c8h5zm
"Clearwater Energy Project 1A",WT,46.902107,-106.423126,c8h5zm
"Clearwater Energy Project 1A",WT,46.910942,-106.435211,c8h5zm
"Clearwater Energy Project 1A",WT,46.866798,-106.407646,c8h5zm
"Clearwater Energy Project 1A",WT,46.908394,-106.357986,c8h5zm
"Clearwater Energy Project 1A",WT,46.864407,-106.371704,c8h5zm
"Clearwater Energy Project 1A",WT,46.885799,-106.393883,c8h5zm
"Clearwater Energy Project 1A",WT,46.893482,-106.450859,c8h5zm
"Clearwater Wind II",WT,46.847691,-106.202271,c8h5zm
"Clearwater Wind III",WT,46.850979,-106.330368,c8h5zm
"Clearwater Wind III",WT,46.878235,-106.348167,c8h5zm
"Clearwater Energy Project 1A",WT,46.915344,-106.415558,c8h5zm
"Clearwater Energy Project 1A",WT,46.912045,-106.463989,c8h5zm
"Clearwater Energy Project 1A",WT,46.862144,-106.410713,c8h5zm
"Clearwater Energy Project 1A",WT,46.914982,-106.460785,c8h5zm
"Clearwater Energy Project 1A",WT,46.905571,-106.447891,c8h5zm
"Clearwater Wind II",WT,46.796494,-106.167236,c8h5zm
"Clearwater Wind III",WT,46.81501,-106.329391,c8h5zm
"Clearwater Energy Project 1A",WT,46.755062,-106.396591,c8h5zm
"Clearwater Energy Project 1A",WT,46.760921,-106.387985,c8h5zm
"Clearwater Energy Project 1A",WT,46.843868,-106.416512,c8h5zm
"Clearwater Energy Project 1A",WT,46.840775,-106.42247,c8h5zm
"Clearwater Energy Project 1A",WT,46.732727,-106.429283,c8h5zm
"Clearwater Energy Project 1A",WT,46.829418,-106.377228,c8h5zm
"Clearwater Energy Project 1A",WT,46.805336,-106.422783,c8h5zm
"Clearwater Energy Project 1A",WT,46.737049,-106.427719,c8h5zm
"Clearwater Energy Project 1A",WT,46.757118,-106.424835,c8h5zm
"Clearwater Energy Project 1A",WT,46.82737,-106.329788,c8h5zm
"Clearwater Energy Project 1A",WT,46.812656,-106.39624,c8h5zm
"Clearwater Energy Project 1A",WT,46.823883,-106.411514,c8h5zm
"Clearwater Energy Project 1A",WT,46.775253,-106.471016,c8h5zm
"Clearwater Energy Project 1A",WT,46.801228,-106.423332,c8h5zm
"Clearwater Energy Project 1A",WT,46.796989,-106.455086,c8h5zm
"Clearwater Energy Project 1A",WT,46.821617,-106.329712,c8h5zm
"Clearwater Wind III",WT,46.809734,-106.329521,c8h5zm
"Clearwater Wind III",WT,46.841751,-106.281006,c8h5zm
"Clearwater Energy Project 1A",WT,46.785942,-106.386391,c8h5zm
"Clearwater Energy Project 1A",WT,46.784039,-106.470932,c8h5zm
"Clearwater Energy Project 1A",WT,46.746956,-106.445297,c8h5zm
"Clearwater Energy Project 1A",WT,46.836697,-106.394409,c8h5zm
"Clearwater Energy Project 1A",WT,46.789074,-106.460228,c8h5zm
"Clearwater Energy Project 1A",WT,46.761951,-106.452446,c8h5zm
"Clearwater Energy Project 1A",WT,46.828171,-106.430893,c8h5zm
"Clearwater Energy Project 1A",WT,46.797009,-106.430046,c8h5zm
"Clearwater Energy Project 1A",WT,46.742138,-106.412544,c8h5zm
"Clearwater Energy Project 1A",WT,46.775291,-106.411598,c8h5zm
"Clearwater Energy Project 1A",WT,46.748001,-106.375488,c8h5zm
"Clearwater Energy Project 1A",WT,46.833469,-106.320282,c8h5zm
"Clearwater Energy Project 1A",WT,46.779274,-106.448082,c8h5zm
"Clearwater Energy Project 1A",WT,46.791061,-106.433571,c8h5zm
"Clearwater Energy Project 1A",WT,46.791672,-106.385155,c8h5zm
"Clearwater Energy Project 1A",WT,46.757721,-106.464226,c8h5zm
"Clearwater Energy Project 1A",WT,46.8727,-106.43013,c8h5zm
"Clearwater Energy Project 1A",WT,46.884426,-106.441139,c8h5zm
"Clearwater Energy Project 1A",WT,46.926163,-106.43309,c8h5zm
"Clearwater Energy Project 1A",WT,46.923344,-106.321991,c8h5zm
"Clearwater Wind East",WT,46.796333,-106.052376,c8h5zm
"Clearwater Wind East",WT,46.827,-106.03968,c8h5zm
"Clearwater Wind East",WT,46.780376,-106.037598,c8h5zm
"Clearwater Wind East",WT,46.820248,-106.04483,c8h5zm
"Clearwater Wind East",WT,46.812569,-105.95578,c8h5zm
"Clearwater Wind East",WT,46.80093,-106.007217,c8h5zm
"Clearwater Wind East",WT,46.820763,-105.974365,c8h5zm
"Clearwater Wind East",WT,46.804321,-106.004829,c8h5zm
"Clearwater Wind East",WT,46.783539,-106.033859,c8h5zm
"Clearwater Wind East",WT,46.809814,-105.991562,c8h5zm
"Clearwater Wind East",WT,46.794964,-106.028458,c8h5zm
"Clearwater Wind East",WT,46.791313,-106.052055,c8h5zm
"Clearwater Wind East",WT,46.833771,-105.894417,c8h5zm
"Clearwater Wind East",WT,46.853825,-106.05275,c8h5zm
"Clearwater Wind East",WT,46.838146,-105.893867,c8h5zm
"Clearwater Wind East",WT,46.769997,-106.036118,c8h5zm
"Clearwater Wind East",WT,46.755241,-106.104805,c8h5zm
"Clearwater Wind East",WT,46.81588,-106.053658,c8h5zm
"Clearwater Wind East",WT,46.808983,-106.050179,c8h5zm
"Clearwater Wind East",WT,46.858261,-105.99321,c8h5zm
"Clearwater Wind East",WT,46.81358,-105.947311,c8h5zm
"Clearwater Wind East",WT,46.827305,-106.054321,c8h5zm
"Clearwater Wind East",WT,46.843952,-105.910728,c8h5zm
"Clearwater Wind East",WT,46.776138,-106.074318,c8h5zm
"Clearwater Wind East",WT,46.827492,-105.983887,c8h5zm
"Clearwater Wind East",WT,46.847969,-105.901588,c8h5zm
"Clearwater Wind East",WT,46.822926,-106.054459,c8h5zm
"Clearwater Wind East",WT,46.790741,-106.029449,c8h5zm
"Clearwater Wind East",WT,46.833149,-106.044121,c8h5zm
"Clearwater Wind East",WT,46.795677,-106.01635,c8h5zm
"Clearwater Wind East",WT,46.838017,-106.045181,c8h5zm
"Clearwater Wind East",WT,46.786957,-106.010239,c8h5zm
"Clearwater Wind East",WT,46.837608,-106.052399,c8h5zm
"Clearwater Wind East",WT,46.800476,-106.050652,c8h5zm
"East Broadview Wind Project",WT,46.102932,-108.806915,c8h5zm
"Clearwater Wind East",WT,46.830898,-105.951408,c8h5zm
"Clearwater Wind East",WT,46.858402,-106.067245,c8h5zm
"Clearwater Energy Project 1A",WT,46.871403,-106.406044,c8h5zm
"Clearwater Energy Project 1A",WT,46.892082,-106.380501,c8h5zm
"Clearwater Energy Project 1A",WT,46.881802,-106.400787,c8h5zm
"Clearwater Energy Project 1A",WT,46.908772,-106.442337,c8h5zm
"Clearwater Energy Project 1A",WT,46.898006,-106.338478,c8h5zm
"Clearwater Energy Project 1A",WT,46.917084,-106.329391,c8h5zm
"Clearwater Energy Project 1A",WT,46.85363,-106.366989,c8h5zm
"Clearwater Energy Project 1A",WT,46.919952,-106.436188,c8h5zm
"Clearwater Energy Project 1A",WT,46.899323,-106.450989,c8h5zm
"Clearwater Energy Project 1A",WT,46.909492,-106.332886,c8h5zm
"Clearwater Energy Project 1A",WT,46.914143,-106.350685,c8h5zm
"Clearwater Energy Project 1A",WT,46.901772,-106.364487,c8h5zm
"Clearwater Energy Project 1A",WT,46.85881,-106.350685,c8h5zm
"Clearwater Energy Project 1A",WT,46.870438,-106.364372,c8h5zm
"Clearwater Energy Project 1A",WT,46.856239,-106.357048,c8h5zm
"Clearwater Energy Project 1A",WT,46.886238,-106.434143,c8h5zm
"Clearwater Energy Project 1A",WT,46.893604,-106.425743,c8h5zm
"Clearwater Energy Project 1A",WT,46.905273,-106.419998,c8h5zm
"Clearwater Wind East",WT,46.851181,-105.99894,c8h5zm
"Clearwater Wind East",WT,46.843231,-105.894119,c8h5zm
"Clearwater Wind East",WT,46.828392,-105.992569,c8h5zm
"Clearwater Wind East",WT,46.778221,-106.068329,c8h5zm
"Clearwater Wind East",WT,46.780727,-105.999847,c8h5zm
"Clearwater Wind East",WT,46.824989,-105.913277,c8h5zm
"Clearwater Energy Project 1A",WT,46.894951,-106.357887,c8h5zm
"Clearwater Energy Project 1A",WT,46.890373,-106.35759,c8h5zm
"Clearwater Energy Project 1A",WT,46.866302,-106.42688,c8h5zm
"Clearwater Energy Project 1A",WT,46.857174,-106.410187,c8h5zm
"Clearwater Energy Project 1A",WT,46.846992,-106.373146,c8h5zm
"Clearwater Energy Project 1A",WT,46.852642,-106.41169,c8h5zm
"Clearwater Energy Project 1A",WT,46.890453,-106.431114,c8h5zm
"Clearwater Energy Project 1A",WT,46.850586,-106.37088,c8h5zm
"Clearwater Energy Project 1A",WT,46.867775,-106.368942,c8h5zm
"Clearwater Wind East",WT,46.823299,-106.042747,c8h5zm
"Clearwater Energy Project 1A",WT,46.80566,-106.409416,c8h5zm
