<?xml version="1.0" encoding="UTF-8"?>
<kml xmlns="http://www.opengis.net/kml/2.2">
<Document>

  <name>wecc240.json (2025-08-26 10:43:58)</name>

  <description>
    Total load: 290,417.0 MVA
    Total generation: 143,219.1 MVA
  </description>

  <Style id="powerline0">
    <LineStyle>
      <color>7f00ffff</color>
      <width>1</width>
    </LineStyle>
    <PolyStyle>
      <color>7f00ffff</color>
    </PolyStyle>
  </Style>

  <Style id="powerline1">
    <LineStyle>
      <color>7f00ffff</color>
      <width>2</width>
    </LineStyle>
    <PolyStyle>
      <color>7f00ffff</color>
    </PolyStyle>
  </Style>

  <Style id="powerline2">
    <LineStyle>
      <color>7f00ffff</color>
      <width>3</width>
    </LineStyle>
    <PolyStyle>
      <color>7f00ffff</color>
    </PolyStyle>
  </Style>
  <Style id="powerline3">
    <LineStyle>
      <color>7f00ffff</color>
      <width>4</width>
    </LineStyle>
    <PolyStyle>
      <color>7f00ffff</color>
    </PolyStyle>
  </Style>
  <Style id="powerline4">
    <LineStyle>
      <color>7f00ffff</color>
      <width>5</width>
    </LineStyle>
    <PolyStyle>
      <color>7f00ffff</color>
    </PolyStyle>
  </Style>
  <Style id="powerline5">
    <LineStyle>
      <color>7f00ffff</color>
      <width>6</width>
    </LineStyle>
    <PolyStyle>
      <color>7f00ffff</color>
    </PolyStyle>
  </Style>

  <Style id="powerline_down">
    <LineStyle>
      <color>7f000000</color>
      <width>4</width>
    </LineStyle>
    <PolyStyle>
      <color>7f000000</color>
    </PolyStyle>
  </Style>

  <Style id="bus">
    <IconStyle>
      <scale>1.0</scale>
      <Icon>
        <href>https://icons.veryicon.com/png/o/business/project-3/transformer-substation-2.png</href>
      </Icon>
    </IconStyle>
  </Style>

  <Style id="load">
    <IconStyle>
      <scale>1.0</scale>
      <Icon>
        <href>https://cdn-icons-png.flaticon.com/128/3061/3061341.png</href>
      </Icon>
    </IconStyle>
  </Style>

  <Style id="gen">
    <IconStyle>
      <scale>1.0</scale>
      <Icon>
        <href>https://icons.veryicon.com/png/o/commerce-shopping/flat-icons-for-business-and-finance/power-plant.png</href>
      </Icon>
    </IconStyle>
  </Style>

  <Style id="transformer">
    <IconStyle>
      <scale>1.0</scale>
      <Icon>
        <href>https://icons.veryicon.com/png/o/miscellaneous/vertical-menu/transformer-7.png</href>
      </Icon>
    </IconStyle>
  </Style>

  <Style id="shunt">
    <IconStyle>
      <scale>1.0</scale>
      <Icon>
        <href>https://icons.veryicon.com/png/o/education-technology/power-icon-2/shunt-reactor.png</href>
      </Icon>
    </IconStyle>
  </Style>

  <Folder><name>Substations</name>
  <Placemark>
    <name>FOURCORN (1001)</name>
    <styleUrl>#bus</styleUrl>
    <description><table><caption>Bus</caption>
        <tr><th>Voltage</th><td>500 kV</td></tr>
        <tr><th>Bustype</th><td>PQREF</td></tr></table>
    </description>
    <Point>
      <coordinates>-108.581419,36.670897,0</coordinates>
    </Point>
  </Placemark>
  <Placemark>
    <name>PARKER (1403)</name>
    <styleUrl>#bus</styleUrl>
    <description><table><caption>Bus</caption>
        <tr><th>Voltage</th><td>230 kV</td></tr>
        <tr><th>Bustype</th><td>PQREF</td></tr></table>
    </description>
    <Point>
      <coordinates>-114.289722,34.144722,0</coordinates>
    </Point>
  </Placemark>
  <Placemark>
    <name>MIGUEL (2201)</name>
    <styleUrl>#bus</styleUrl>
    <description><table><caption>Bus</caption>
        <tr><th>Voltage</th><td>500 kV</td></tr>
        <tr><th>Bustype</th><td>PQREF</td></tr></table>
    </description>
    <Point>
      <coordinates>-116.982615,32.680823,0</coordinates>
    </Point>
  </Placemark>
  <Placemark>
    <name>IMPRLVLY (2301)</name>
    <styleUrl>#bus</styleUrl>
    <description><table><caption>Bus</caption>
        <tr><th>Voltage</th><td>500 kV</td></tr>
        <tr><th>Bustype</th><td>PQREF</td></tr></table>
    </description>
    <Point>
      <coordinates>-115.564590,32.856407,0</coordinates>
    </Point>
  </Placemark>
  <Placemark>
    <name>IMPRLVLY (2302)</name>
    <styleUrl>#bus</styleUrl>
    <description><table><caption>Bus</caption>
        <tr><th>Voltage</th><td>230 kV</td></tr>
        <tr><th>Bustype</th><td>PQREF</td></tr></table>
    </description>
    <Point>
      <coordinates>-115.564590,32.856407,0</coordinates>
    </Point>
  </Placemark>
  <Placemark>
    <name>VINCENT (2404)</name>
    <styleUrl>#bus</styleUrl>
    <description><table><caption>Bus</caption>
        <tr><th>Voltage</th><td>500 kV</td></tr>
        <tr><th>Bustype</th><td>PQREF</td></tr></table>
    </description>
    <Point>
      <coordinates>-118.121470,34.488498,0</coordinates>
    </Point>
  </Placemark>
  <Placemark>
    <name>SERRANO (2501)</name>
    <styleUrl>#bus</styleUrl>
    <description><table><caption>Bus</caption>
        <tr><th>Voltage</th><td>500 kV</td></tr>
        <tr><th>Bustype</th><td>PQREF</td></tr></table>
    </description>
    <Point>
      <coordinates>-117.790130,33.828436,0</coordinates>
    </Point>
  </Placemark>
  <Placemark>
    <name>RINALDI (2601)</name>
    <styleUrl>#bus</styleUrl>
    <description><table><caption>Bus</caption>
        <tr><th>Voltage</th><td>500 kV</td></tr>
        <tr><th>Bustype</th><td>PQREF</td></tr></table>
    </description>
    <Point>
      <coordinates>-118.484219,34.285768,0</coordinates>
    </Point>
  </Placemark>
  <Placemark>
    <name>VICTORVL (2603)</name>
    <styleUrl>#bus</styleUrl>
    <description><table><caption>Bus</caption>
        <tr><th>Voltage</th><td>500 kV</td></tr>
        <tr><th>Bustype</th><td>PQREF</td></tr></table>
    </description>
    <Point>
      <coordinates>-117.321570,34.565195,0</coordinates>
    </Point>
  </Placemark>
  <Placemark>
    <name>STA B1 (2605)</name>
    <styleUrl>#bus</styleUrl>
    <description><table><caption>Bus</caption>
        <tr><th>Voltage</th><td>287 kV</td></tr>
        <tr><th>Bustype</th><td>PQREF</td></tr></table>
    </description>
    <Point>
      <coordinates>-118.204015,34.015353,0</coordinates>
    </Point>
  </Placemark>
  <Placemark>
    <name>STA B2 (2606)</name>
    <styleUrl>#bus</styleUrl>
    <description><table><caption>Bus</caption>
        <tr><th>Voltage</th><td>287 kV</td></tr>
        <tr><th>Bustype</th><td>PQREF</td></tr></table>
    </description>
    <Point>
      <coordinates>-118.204015,34.015353,0</coordinates>
    </Point>
  </Placemark>
  <Placemark>
    <name>VICTORVL (2607)</name>
    <styleUrl>#bus</styleUrl>
    <description><table><caption>Bus</caption>
        <tr><th>Voltage</th><td>287 kV</td></tr>
        <tr><th>Bustype</th><td>PQREF</td></tr></table>
    </description>
    <Point>
      <coordinates>-117.321570,34.565195,0</coordinates>
    </Point>
  </Placemark>
  <Placemark>
    <name>ELDORADO (2901)</name>
    <styleUrl>#bus</styleUrl>
    <description><table><caption>Bus</caption>
        <tr><th>Voltage</th><td>500 kV</td></tr>
        <tr><th>Bustype</th><td>PQREF</td></tr></table>
    </description>
    <Point>
      <coordinates>-115.012448,35.799967,0</coordinates>
    </Point>
  </Placemark>
  <Placemark>
    <name>MOHAVE (2902)</name>
    <styleUrl>#bus</styleUrl>
    <description><table><caption>Bus</caption>
        <tr><th>Voltage</th><td>500 kV</td></tr>
        <tr><th>Bustype</th><td>PQREF</td></tr></table>
    </description>
    <Point>
      <coordinates>-118.173889,35.052500,0</coordinates>
    </Point>
  </Placemark>
  <Placemark>
    <name>METCALF (3301)</name>
    <styleUrl>#bus</styleUrl>
    <description><table><caption>Bus</caption>
        <tr><th>Voltage</th><td>500 kV</td></tr>
        <tr><th>Bustype</th><td>PQREF</td></tr></table>
    </description>
    <Point>
      <coordinates>-121.746496,37.222363,0</coordinates>
    </Point>
  </Placemark>
  <Placemark>
    <name>HELMS PP (3402)</name>
    <styleUrl>#bus</styleUrl>
    <description><table><caption>Bus</caption>
        <tr><th>Voltage</th><td>230 kV</td></tr>
        <tr><th>Bustype</th><td>PQREF</td></tr></table>
    </description>
    <Point>
      <coordinates>-118.946978,37.039937,0</coordinates>
    </Point>
  </Placemark>
  <Placemark>
    <name>HELMS PP (3432)</name>
    <styleUrl>#bus</styleUrl>
    <description><table><caption>Bus</caption>
        <tr><th>Voltage</th><td>20 kV</td></tr>
        <tr><th>Bustype</th><td>PQREF</td></tr></table>
    </description>
    <Point>
      <coordinates>-118.946978,37.039937,0</coordinates>
    </Point>
  </Placemark>
  <Placemark>
    <name>GATES (3802)</name>
    <styleUrl>#bus</styleUrl>
    <description><table><caption>Bus</caption>
        <tr><th>Voltage</th><td>500 kV</td></tr>
        <tr><th>Bustype</th><td>PQREF</td></tr></table>
    </description>
    <Point>
      <coordinates>-120.124187,36.144321,0</coordinates>
    </Point>
  </Placemark>
  <Placemark>
    <name>MIDWAY (3803)</name>
    <styleUrl>#bus</styleUrl>
    <description><table><caption>Bus</caption>
        <tr><th>Voltage</th><td>500 kV</td></tr>
        <tr><th>Bustype</th><td>PQREF</td></tr></table>
    </description>
    <Point>
      <coordinates>-119.456003,35.408481,0</coordinates>
    </Point>
  </Placemark>
  <Placemark>
    <name>GATES1 (3891)</name>
    <styleUrl>#bus</styleUrl>
    <description><table><caption>Bus</caption>
        <tr><th>Voltage</th><td>500 kV</td></tr>
        <tr><th>Bustype</th><td>PQREF</td></tr></table>
    </description>
    <Point>
      <coordinates>-120.124187,36.144321,0</coordinates>
    </Point>
  </Placemark>
  <Placemark>
    <name>MIDWAY1 (3892)</name>
    <styleUrl>#bus</styleUrl>
    <description><table><caption>Bus</caption>
        <tr><th>Voltage</th><td>500 kV</td></tr>
        <tr><th>Bustype</th><td>PQREF</td></tr></table>
    </description>
    <Point>
      <coordinates>-119.456003,35.408481,0</coordinates>
    </Point>
  </Placemark>
  <Placemark>
    <name>MIDWAY2 (3893)</name>
    <styleUrl>#bus</styleUrl>
    <description><table><caption>Bus</caption>
        <tr><th>Voltage</th><td>500 kV</td></tr>
        <tr><th>Bustype</th><td>PQREF</td></tr></table>
    </description>
    <Point>
      <coordinates>-119.456003,35.408481,0</coordinates>
    </Point>
  </Placemark>
  <Placemark>
    <name>MIDWAY3 (3894)</name>
    <styleUrl>#bus</styleUrl>
    <description><table><caption>Bus</caption>
        <tr><th>Voltage</th><td>500 kV</td></tr>
        <tr><th>Bustype</th><td>PQREF</td></tr></table>
    </description>
    <Point>
      <coordinates>-119.456003,35.408481,0</coordinates>
    </Point>
  </Placemark>
  <Placemark>
    <name>MIDWAY4 (3895)</name>
    <styleUrl>#bus</styleUrl>
    <description><table><caption>Bus</caption>
        <tr><th>Voltage</th><td>500 kV</td></tr>
        <tr><th>Bustype</th><td>PQREF</td></tr></table>
    </description>
    <Point>
      <coordinates>-119.456003,35.408481,0</coordinates>
    </Point>
  </Placemark>
  <Placemark>
    <name>MIDWAY5 (3896)</name>
    <styleUrl>#bus</styleUrl>
    <description><table><caption>Bus</caption>
        <tr><th>Voltage</th><td>500 kV</td></tr>
        <tr><th>Bustype</th><td>PQREF</td></tr></table>
    </description>
    <Point>
      <coordinates>-119.456003,35.408481,0</coordinates>
    </Point>
  </Placemark>
  <Placemark>
    <name>MIDWAY6 (3897)</name>
    <styleUrl>#bus</styleUrl>
    <description><table><caption>Bus</caption>
        <tr><th>Voltage</th><td>500 kV</td></tr>
        <tr><th>Bustype</th><td>PQREF</td></tr></table>
    </description>
    <Point>
      <coordinates>-119.456003,35.408481,0</coordinates>
    </Point>
  </Placemark>
  <Placemark>
    <name>LOSBANOS (3901)</name>
    <styleUrl>#bus</styleUrl>
    <description><table><caption>Bus</caption>
        <tr><th>Voltage</th><td>500 kV</td></tr>
        <tr><th>Bustype</th><td>PQREF</td></tr></table>
    </description>
    <Point>
      <coordinates>-121.022616,37.054001,0</coordinates>
    </Point>
  </Placemark>
  <Placemark>
    <name>VACA-DIX (3904)</name>
    <styleUrl>#bus</styleUrl>
    <description><table><caption>Bus</caption>
        <tr><th>Voltage</th><td>500 kV</td></tr>
        <tr><th>Bustype</th><td>PQREF</td></tr></table>
    </description>
    <Point>
      <coordinates>-121.918134,38.404370,0</coordinates>
    </Point>
  </Placemark>
  <Placemark>
    <name>TABLE MT (3905)</name>
    <styleUrl>#bus</styleUrl>
    <description><table><caption>Bus</caption>
        <tr><th>Voltage</th><td>500 kV</td></tr>
        <tr><th>Bustype</th><td>PQREF</td></tr></table>
    </description>
    <Point>
      <coordinates>-121.645379,39.555480,0</coordinates>
    </Point>
  </Placemark>
  <Placemark>
    <name>ROUND MT (3906)</name>
    <styleUrl>#bus</styleUrl>
    <description><table><caption>Bus</caption>
        <tr><th>Voltage</th><td>500 kV</td></tr>
        <tr><th>Bustype</th><td>PQREF</td></tr></table>
    </description>
    <Point>
      <coordinates>-121.936762,40.808138,0</coordinates>
    </Point>
  </Placemark>
  <Placemark>
    <name>COTWDPGE (3925)</name>
    <styleUrl>#bus</styleUrl>
    <description><table><caption>Bus</caption>
        <tr><th>Voltage</th><td>115 kV</td></tr>
        <tr><th>Bustype</th><td>PQREF</td></tr></table>
    </description>
    <Point>
      <coordinates>-122.265115,40.397712,0</coordinates>
    </Point>
  </Placemark>
  <Placemark>
    <name>BURNS (4003)</name>
    <styleUrl>#bus</styleUrl>
    <description><table><caption>Bus</caption>
        <tr><th>Voltage</th><td>500 kV</td></tr>
        <tr><th>Bustype</th><td>PQREF</td></tr></table>
    </description>
    <Point>
      <coordinates>-118.797842,43.767338,0</coordinates>
    </Point>
  </Placemark>
  <Placemark>
    <name>BIG EDDY (4006)</name>
    <styleUrl>#bus</styleUrl>
    <description><table><caption>Bus</caption>
        <tr><th>Voltage</th><td>500 kV</td></tr>
        <tr><th>Bustype</th><td>PQREF</td></tr></table>
    </description>
    <Point>
      <coordinates>-121.115583,45.606640,0</coordinates>
    </Point>
  </Placemark>
  <Placemark>
    <name>CELILOCA (4007)</name>
    <styleUrl>#bus</styleUrl>
    <description><table><caption>Bus</caption>
        <tr><th>Voltage</th><td>500 kV</td></tr>
        <tr><th>Bustype</th><td>PQREF</td></tr></table>
    </description>
    <Point>
      <coordinates>-121.113585,45.594757,0</coordinates>
    </Point>
  </Placemark>
  <Placemark>
    <name>MALIN1 (4090)</name>
    <styleUrl>#bus</styleUrl>
    <description><table><caption>Bus</caption>
        <tr><th>Voltage</th><td>500 kV</td></tr>
        <tr><th>Bustype</th><td>PQREF</td></tr></table>
    </description>
    <Point>
      <coordinates>-121.318052,42.004704,0</coordinates>
    </Point>
  </Placemark>
  <Placemark>
    <name>GRIZZLY1 (4091)</name>
    <styleUrl>#bus</styleUrl>
    <description><table><caption>Bus</caption>
        <tr><th>Voltage</th><td>500 kV</td></tr>
        <tr><th>Bustype</th><td>PQREF</td></tr></table>
    </description>
    <Point>
      <coordinates>-121.015420,44.481129,0</coordinates>
    </Point>
  </Placemark>
  <Placemark>
    <name>GRIZZLY2 (4092)</name>
    <styleUrl>#bus</styleUrl>
    <description><table><caption>Bus</caption>
        <tr><th>Voltage</th><td>500 kV</td></tr>
        <tr><th>Bustype</th><td>PQREF</td></tr></table>
    </description>
    <Point>
      <coordinates>-121.015420,44.481129,0</coordinates>
    </Point>
  </Placemark>
  <Placemark>
    <name>GRIZZLY3 (4093)</name>
    <styleUrl>#bus</styleUrl>
    <description><table><caption>Bus</caption>
        <tr><th>Voltage</th><td>500 kV</td></tr>
        <tr><th>Bustype</th><td>PQREF</td></tr></table>
    </description>
    <Point>
      <coordinates>-121.015420,44.481129,0</coordinates>
    </Point>
  </Placemark>
  <Placemark>
    <name>GRIZZLY4 (4094)</name>
    <styleUrl>#bus</styleUrl>
    <description><table><caption>Bus</caption>
        <tr><th>Voltage</th><td>500 kV</td></tr>
        <tr><th>Bustype</th><td>PQREF</td></tr></table>
    </description>
    <Point>
      <coordinates>-121.015420,44.481129,0</coordinates>
    </Point>
  </Placemark>
  <Placemark>
    <name>GRIZZLY5 (4095)</name>
    <styleUrl>#bus</styleUrl>
    <description><table><caption>Bus</caption>
        <tr><th>Voltage</th><td>500 kV</td></tr>
        <tr><th>Bustype</th><td>PQREF</td></tr></table>
    </description>
    <Point>
      <coordinates>-121.015420,44.481129,0</coordinates>
    </Point>
  </Placemark>
  <Placemark>
    <name>GRIZZLY6 (4096)</name>
    <styleUrl>#bus</styleUrl>
    <description><table><caption>Bus</caption>
        <tr><th>Voltage</th><td>500 kV</td></tr>
        <tr><th>Bustype</th><td>PQREF</td></tr></table>
    </description>
    <Point>
      <coordinates>-121.015420,44.481129,0</coordinates>
    </Point>
  </Placemark>
  <Placemark>
    <name>GRIZZLY7 (4097)</name>
    <styleUrl>#bus</styleUrl>
    <description><table><caption>Bus</caption>
        <tr><th>Voltage</th><td>500 kV</td></tr>
        <tr><th>Bustype</th><td>PQREF</td></tr></table>
    </description>
    <Point>
      <coordinates>-121.015420,44.481129,0</coordinates>
    </Point>
  </Placemark>
  <Placemark>
    <name>CA230 (5004)</name>
    <styleUrl>#bus</styleUrl>
    <description><table><caption>Bus</caption>
        <tr><th>Voltage</th><td>230 kV</td></tr>
        <tr><th>Bustype</th><td>PQREF</td></tr></table>
    </description>
    <Point>
      <coordinates>-117.438199,49.686968,0</coordinates>
    </Point>
  </Placemark>
  <Placemark>
    <name>MIDPOINT (6101)</name>
    <styleUrl>#bus</styleUrl>
    <description><table><caption>Bus</caption>
        <tr><th>Voltage</th><td>500 kV</td></tr>
        <tr><th>Bustype</th><td>PQREF</td></tr></table>
    </description>
    <Point>
      <coordinates>-114.199277,42.888986,0</coordinates>
    </Point>
  </Placemark>
  <Placemark>
    <name>PINTO PS (6506)</name>
    <styleUrl>#bus</styleUrl>
    <description><table><caption>Bus</caption>
        <tr><th>Voltage</th><td>345 kV</td></tr>
        <tr><th>Bustype</th><td>PQREF</td></tr></table>
    </description>
    <Point>
      <coordinates>-109.314458,37.870747,0</coordinates>
    </Point>
  </Placemark>
  <Placemark>
    <name>OLINDA (8001)</name>
    <styleUrl>#bus</styleUrl>
    <description><table><caption>Bus</caption>
        <tr><th>Voltage</th><td>500 kV</td></tr>
        <tr><th>Bustype</th><td>PQREF</td></tr></table>
    </description>
    <Point>
      <coordinates>-122.384572,40.382027,0</coordinates>
    </Point>
  </Placemark>
  <Placemark>
    <name>TRACY (8002)</name>
    <styleUrl>#bus</styleUrl>
    <description><table><caption>Bus</caption>
        <tr><th>Voltage</th><td>500 kV</td></tr>
        <tr><th>Bustype</th><td>PQREF</td></tr></table>
    </description>
    <Point>
      <coordinates>-121.416448,37.747520,0</coordinates>
    </Point>
  </Placemark>
</Folder>
  <Folder><name>Generators</name>
  <Placemark>
    <name>FCNGN4CC (1032)</name>
    <styleUrl>#gen</styleUrl>
    <description><table><caption>Generator</caption>
        <tr><th>Voltage</th><td>20 kV</td></tr>
        <tr><th>Power</th><td>2,088.0 MVA</td></tr></table>
    </description>
    <Point>
      <coordinates>-108.581419,36.670897,0</coordinates>
    </Point>
  </Placemark>
  <Placemark>
    <name>SJUAN G4 (1034)</name>
    <styleUrl>#gen</styleUrl>
    <description><table><caption>Generator</caption>
        <tr><th>Voltage</th><td>20 kV</td></tr>
        <tr><th>Power</th><td>6,061.4 MVA</td></tr></table>
    </description>
    <Point>
      <coordinates>-108.278462,36.910483,0</coordinates>
    </Point>
  </Placemark>
  <Placemark>
    <name>CORONADO (1131)</name>
    <styleUrl>#gen</styleUrl>
    <description><table><caption>Generator</caption>
        <tr><th>Voltage</th><td>20 kV</td></tr>
        <tr><th>Power</th><td>2,595.7 MVA</td></tr></table>
    </description>
    <Point>
      <coordinates>-109.690674,35.131373,0</coordinates>
    </Point>
  </Placemark>
  <Placemark>
    <name>NAVAJO 2 (1232)</name>
    <styleUrl>#gen</styleUrl>
    <description><table><caption>Generator</caption>
        <tr><th>Voltage</th><td>20 kV</td></tr>
        <tr><th>Power</th><td>3,385.0 MVA</td></tr></table>
    </description>
    <Point>
      <coordinates>-110.864429,36.961002,0</coordinates>
    </Point>
  </Placemark>
  <Placemark>
    <name>HOOVER (1331)</name>
    <styleUrl>#gen</styleUrl>
    <description><table><caption>Generator</caption>
        <tr><th>Voltage</th><td>20 kV</td></tr>
        <tr><th>Power</th><td>4,119.3 MVA</td></tr></table>
    </description>
    <Point>
      <coordinates>-114.835922,35.929472,0</coordinates>
    </Point>
  </Placemark>
  <Placemark>
    <name>H ALLEN (1333)</name>
    <styleUrl>#gen</styleUrl>
    <description><table><caption>Generator</caption>
        <tr><th>Voltage</th><td>20 kV</td></tr>
        <tr><th>Power</th><td>5,187.1 MVA</td></tr></table>
    </description>
    <Point>
      <coordinates>-115.134207,36.649771,0</coordinates>
    </Point>
  </Placemark>
  <Placemark>
    <name>PALOVRD2 (1431)</name>
    <styleUrl>#gen</styleUrl>
    <description><table><caption>Generator</caption>
        <tr><th>Voltage</th><td>20 kV</td></tr>
        <tr><th>Power</th><td>8,921.8 MVA</td></tr></table>
    </description>
    <Point>
      <coordinates>-113.239936,33.513802,0</coordinates>
    </Point>
  </Placemark>
  <Placemark>
    <name>MEXICO (2030)</name>
    <styleUrl>#gen</styleUrl>
    <description><table><caption>Generator</caption>
        <tr><th>Voltage</th><td>20 kV</td></tr>
        <tr><th>Power</th><td>2,474.5 MVA</td></tr></table>
    </description>
    <Point>
      <coordinates>-115.436076,32.227887,0</coordinates>
    </Point>
  </Placemark>
  <Placemark>
    <name>IMPERIAL (2130)</name>
    <styleUrl>#gen</styleUrl>
    <description><table><caption>Generator</caption>
        <tr><th>Voltage</th><td>20 kV</td></tr>
        <tr><th>Power</th><td>1,334.0 MVA</td></tr></table>
    </description>
    <Point>
      <coordinates>-115.394435,32.971469,0</coordinates>
    </Point>
  </Placemark>
  <Placemark>
    <name>MISSION (2233)</name>
    <styleUrl>#gen</styleUrl>
    <description><table><caption>Generator</caption>
        <tr><th>Voltage</th><td>20 kV</td></tr>
        <tr><th>Power</th><td>1,061.9 MVA</td></tr></table>
    </description>
    <Point>
      <coordinates>-117.137829,32.784153,0</coordinates>
    </Point>
  </Placemark>
  <Placemark>
    <name>IMPRLVLY (2332)</name>
    <styleUrl>#gen</styleUrl>
    <description><table><caption>Generator</caption>
        <tr><th>Voltage</th><td>20 kV</td></tr>
        <tr><th>Power</th><td>879.0 MVA</td></tr></table>
    </description>
    <Point>
      <coordinates>-115.564590,32.856407,0</coordinates>
    </Point>
  </Placemark>
  <Placemark>
    <name>LUGO (2431)</name>
    <styleUrl>#gen</styleUrl>
    <description><table><caption>Generator</caption>
        <tr><th>Voltage</th><td>20 kV</td></tr>
        <tr><th>Power</th><td>502.2 MVA</td></tr></table>
    </description>
    <Point>
      <coordinates>-117.368876,34.369347,0</coordinates>
    </Point>
  </Placemark>
  <Placemark>
    <name>VINCENT (2434)</name>
    <styleUrl>#gen</styleUrl>
    <description><table><caption>Generator</caption>
        <tr><th>Voltage</th><td>20 kV</td></tr>
        <tr><th>Power</th><td>603.1 MVA</td></tr></table>
    </description>
    <Point>
      <coordinates>-118.121470,34.488498,0</coordinates>
    </Point>
  </Placemark>
  <Placemark>
    <name>MESA CAL (2438)</name>
    <styleUrl>#gen</styleUrl>
    <description><table><caption>Generator</caption>
        <tr><th>Voltage</th><td>20 kV</td></tr>
        <tr><th>Power</th><td>5,069.0 MVA</td></tr></table>
    </description>
    <Point>
      <coordinates>-118.110120,34.037233,0</coordinates>
    </Point>
  </Placemark>
  <Placemark>
    <name>MIRALOMA (2439)</name>
    <styleUrl>#gen</styleUrl>
    <description><table><caption>Generator</caption>
        <tr><th>Voltage</th><td>20 kV</td></tr>
        <tr><th>Power</th><td>1,028.9 MVA</td></tr></table>
    </description>
    <Point>
      <coordinates>-117.564527,34.008174,0</coordinates>
    </Point>
  </Placemark>
  <Placemark>
    <name>S.ONOFRE (2533)</name>
    <styleUrl>#gen</styleUrl>
    <description><table><caption>Generator</caption>
        <tr><th>Voltage</th><td>20 kV</td></tr>
        <tr><th>Power</th><td>1,903.3 MVA</td></tr></table>
    </description>
    <Point>
      <coordinates>-117.557619,33.370212,0</coordinates>
    </Point>
  </Placemark>
  <Placemark>
    <name>HAYNES3G (2630)</name>
    <styleUrl>#gen</styleUrl>
    <description><table><caption>Generator</caption>
        <tr><th>Voltage</th><td>20 kV</td></tr>
        <tr><th>Power</th><td>2,289.5 MVA</td></tr></table>
    </description>
    <Point>
      <coordinates>-117.911364,33.697565,0</coordinates>
    </Point>
  </Placemark>
  <Placemark>
    <name>OLIVE (2631)</name>
    <styleUrl>#gen</styleUrl>
    <description><table><caption>Generator</caption>
        <tr><th>Voltage</th><td>20 kV</td></tr>
        <tr><th>Power</th><td>234.2 MVA</td></tr></table>
    </description>
    <Point>
      <coordinates>-118.455696,34.311310,0</coordinates>
    </Point>
  </Placemark>
  <Placemark>
    <name>INTERM1G (2634)</name>
    <styleUrl>#gen</styleUrl>
    <description><table><caption>Generator</caption>
        <tr><th>Voltage</th><td>20 kV</td></tr>
        <tr><th>Power</th><td>1,537.1 MVA</td></tr></table>
    </description>
    <Point>
      <coordinates>-112.580826,39.500381,0</coordinates>
    </Point>
  </Placemark>
  <Placemark>
    <name>OWENS G (2637)</name>
    <styleUrl>#gen</styleUrl>
    <description><table><caption>Generator</caption>
        <tr><th>Voltage</th><td>20 kV</td></tr>
        <tr><th>Power</th><td>92.4 MVA</td></tr></table>
    </description>
    <Point>
      <coordinates>-118.484219,34.285768,0</coordinates>
    </Point>
  </Placemark>
  <Placemark>
    <name>CASTAI4G (2638)</name>
    <styleUrl>#gen</styleUrl>
    <description><table><caption>Generator</caption>
        <tr><th>Voltage</th><td>20 kV</td></tr>
        <tr><th>Power</th><td>200.1 MVA</td></tr></table>
    </description>
    <Point>
      <coordinates>-118.663274,34.589863,0</coordinates>
    </Point>
  </Placemark>
  <Placemark>
    <name>SANMATEO (3133)</name>
    <styleUrl>#gen</styleUrl>
    <description><table><caption>Generator</caption>
        <tr><th>Voltage</th><td>20 kV</td></tr>
        <tr><th>Power</th><td>33.4 MVA</td></tr></table>
    </description>
    <Point>
      <coordinates>-122.318546,37.582985,0</coordinates>
    </Point>
  </Placemark>
  <Placemark>
    <name>POTRERO (3135)</name>
    <styleUrl>#gen</styleUrl>
    <description><table><caption>Generator</caption>
        <tr><th>Voltage</th><td>20 kV</td></tr>
        <tr><th>Power</th><td>236.0 MVA</td></tr></table>
    </description>
    <Point>
      <coordinates>-122.398000,37.758430,0</coordinates>
    </Point>
  </Placemark>
  <Placemark>
    <name>PITSBURG (3234)</name>
    <styleUrl>#gen</styleUrl>
    <description><table><caption>Generator</caption>
        <tr><th>Voltage</th><td>20 kV</td></tr>
        <tr><th>Power</th><td>4,020.1 MVA</td></tr></table>
    </description>
    <Point>
      <coordinates>-121.897096,38.037129,0</coordinates>
    </Point>
  </Placemark>
  <Placemark>
    <name>METCALF (3333)</name>
    <styleUrl>#gen</styleUrl>
    <description><table><caption>Generator</caption>
        <tr><th>Voltage</th><td>20 kV</td></tr>
        <tr><th>Power</th><td>827.3 MVA</td></tr></table>
    </description>
    <Point>
      <coordinates>-121.746496,37.222363,0</coordinates>
    </Point>
  </Placemark>
  <Placemark>
    <name>MC CALL (3433)</name>
    <styleUrl>#gen</styleUrl>
    <description><table><caption>Generator</caption>
        <tr><th>Voltage</th><td>20 kV</td></tr>
        <tr><th>Power</th><td>1,227.1 MVA</td></tr></table>
    </description>
    <Point>
      <coordinates>-119.639632,36.609214,0</coordinates>
    </Point>
  </Placemark>
  <Placemark>
    <name>FULTON (3531)</name>
    <styleUrl>#gen</styleUrl>
    <description><table><caption>Generator</caption>
        <tr><th>Voltage</th><td>20 kV</td></tr>
        <tr><th>Power</th><td>1,091.6 MVA</td></tr></table>
    </description>
    <Point>
      <coordinates>-122.761324,38.497952,0</coordinates>
    </Point>
  </Placemark>
  <Placemark>
    <name>HUMBOLDT (3631)</name>
    <styleUrl>#gen</styleUrl>
    <description><table><caption>Generator</caption>
        <tr><th>Voltage</th><td>20 kV</td></tr>
        <tr><th>Power</th><td>107.8 MVA</td></tr></table>
    </description>
    <Point>
      <coordinates>-124.163611,40.801944,0</coordinates>
    </Point>
  </Placemark>
  <Placemark>
    <name>SUMMIT (3731)</name>
    <styleUrl>#gen</styleUrl>
    <description><table><caption>Generator</caption>
        <tr><th>Voltage</th><td>20 kV</td></tr>
        <tr><th>Power</th><td>252.8 MVA</td></tr></table>
    </description>
    <Point>
      <coordinates>-119.821944,39.527222,0</coordinates>
    </Point>
  </Placemark>
  <Placemark>
    <name>DIABLO1 (3831)</name>
    <styleUrl>#gen</styleUrl>
    <description><table><caption>Generator</caption>
        <tr><th>Voltage</th><td>20 kV</td></tr>
        <tr><th>Power</th><td>2,108.4 MVA</td></tr></table>
    </description>
    <Point>
      <coordinates>-120.855104,35.230747,0</coordinates>
    </Point>
  </Placemark>
  <Placemark>
    <name>MIDWAY (3835)</name>
    <styleUrl>#gen</styleUrl>
    <description><table><caption>Generator</caption>
        <tr><th>Voltage</th><td>20 kV</td></tr>
        <tr><th>Power</th><td>383.4 MVA</td></tr></table>
    </description>
    <Point>
      <coordinates>-119.456003,35.408481,0</coordinates>
    </Point>
  </Placemark>
  <Placemark>
    <name>MORROBAY (3836)</name>
    <styleUrl>#gen</styleUrl>
    <description><table><caption>Generator</caption>
        <tr><th>Voltage</th><td>20 kV</td></tr>
        <tr><th>Power</th><td>679.0 MVA</td></tr></table>
    </description>
    <Point>
      <coordinates>-120.858669,35.385430,0</coordinates>
    </Point>
  </Placemark>
  <Placemark>
    <name>ROUND MT (3931)</name>
    <styleUrl>#gen</styleUrl>
    <description><table><caption>Generator</caption>
        <tr><th>Voltage</th><td>20 kV</td></tr>
        <tr><th>Power</th><td>1,454.2 MVA</td></tr></table>
    </description>
    <Point>
      <coordinates>-121.936762,40.808138,0</coordinates>
    </Point>
  </Placemark>
  <Placemark>
    <name>MOSSLAND (3932)</name>
    <styleUrl>#gen</styleUrl>
    <description><table><caption>Generator</caption>
        <tr><th>Voltage</th><td>20 kV</td></tr>
        <tr><th>Power</th><td>1,376.6 MVA</td></tr></table>
    </description>
    <Point>
      <coordinates>-121.732796,36.737604,0</coordinates>
    </Point>
  </Placemark>
  <Placemark>
    <name>TESLA (3933)</name>
    <styleUrl>#gen</styleUrl>
    <description><table><caption>Generator</caption>
        <tr><th>Voltage</th><td>20 kV</td></tr>
        <tr><th>Power</th><td>3,749.9 MVA</td></tr></table>
    </description>
    <Point>
      <coordinates>-121.565283,37.712470,0</coordinates>
    </Point>
  </Placemark>
  <Placemark>
    <name>MALIN (4031)</name>
    <styleUrl>#gen</styleUrl>
    <description><table><caption>Generator</caption>
        <tr><th>Voltage</th><td>20 kV</td></tr>
        <tr><th>Power</th><td>1,695.0 MVA</td></tr></table>
    </description>
    <Point>
      <coordinates>-121.318052,42.004704,0</coordinates>
    </Point>
  </Placemark>
  <Placemark>
    <name>JOHN DAY (4035)</name>
    <styleUrl>#gen</styleUrl>
    <description><table><caption>Generator</caption>
        <tr><th>Voltage</th><td>20 kV</td></tr>
        <tr><th>Power</th><td>2,338.0 MVA</td></tr></table>
    </description>
    <Point>
      <coordinates>-120.733553,45.677819,0</coordinates>
    </Point>
  </Placemark>
  <Placemark>
    <name>DALLES21 (4039)</name>
    <styleUrl>#gen</styleUrl>
    <description><table><caption>Generator</caption>
        <tr><th>Voltage</th><td>20 kV</td></tr>
        <tr><th>Power</th><td>2,405.4 MVA</td></tr></table>
    </description>
    <Point>
      <coordinates>-121.115583,45.606640,0</coordinates>
    </Point>
  </Placemark>
  <Placemark>
    <name>COULEE (4131)</name>
    <styleUrl>#gen</styleUrl>
    <description><table><caption>Generator</caption>
        <tr><th>Voltage</th><td>20 kV</td></tr>
        <tr><th>Power</th><td>8,463.2 MVA</td></tr></table>
    </description>
    <Point>
      <coordinates>-118.996055,47.947893,0</coordinates>
    </Point>
  </Placemark>
  <Placemark>
    <name>HANFORD (4132)</name>
    <styleUrl>#gen</styleUrl>
    <description><table><caption>Generator</caption>
        <tr><th>Voltage</th><td>20 kV</td></tr>
        <tr><th>Power</th><td>6,863.9 MVA</td></tr></table>
    </description>
    <Point>
      <coordinates>-119.573343,46.669392,0</coordinates>
    </Point>
  </Placemark>
  <Placemark>
    <name>NORTH G3 (4231)</name>
    <styleUrl>#gen</styleUrl>
    <description><table><caption>Generator</caption>
        <tr><th>Voltage</th><td>20 kV</td></tr>
        <tr><th>Power</th><td>4,322.3 MVA</td></tr></table>
    </description>
    <Point>
      <coordinates>-121.837459,48.222760,0</coordinates>
    </Point>
  </Placemark>
  <Placemark>
    <name>WCASCADE (4232)</name>
    <styleUrl>#gen</styleUrl>
    <description><table><caption>Generator</caption>
        <tr><th>Voltage</th><td>20 kV</td></tr>
        <tr><th>Power</th><td>887.5 MVA</td></tr></table>
    </description>
    <Point>
      <coordinates>-121.779859,47.065363,0</coordinates>
    </Point>
  </Placemark>
  <Placemark>
    <name>CANAD G1 (5031)</name>
    <styleUrl>#gen</styleUrl>
    <description><table><caption>Generator</caption>
        <tr><th>Voltage</th><td>20 kV</td></tr>
        <tr><th>Power</th><td>6,881.2 MVA</td></tr></table>
    </description>
    <Point>
      <coordinates>-122.303722,49.429986,0</coordinates>
    </Point>
  </Placemark>
  <Placemark>
    <name>CMAIN GM (5032)</name>
    <styleUrl>#gen</styleUrl>
    <description><table><caption>Generator</caption>
        <tr><th>Voltage</th><td>20 kV</td></tr>
        <tr><th>Power</th><td>9,569.2 MVA</td></tr></table>
    </description>
    <Point>
      <coordinates>-122.303722,49.429986,0</coordinates>
    </Point>
  </Placemark>
  <Placemark>
    <name>MIDPOINT (6132)</name>
    <styleUrl>#gen</styleUrl>
    <description><table><caption>Generator</caption>
        <tr><th>Voltage</th><td>20 kV</td></tr>
        <tr><th>Power</th><td>3,856.3 MVA</td></tr></table>
    </description>
    <Point>
      <coordinates>-114.199277,42.888986,0</coordinates>
    </Point>
  </Placemark>
  <Placemark>
    <name>COLSTRP (6231)</name>
    <styleUrl>#gen</styleUrl>
    <description><table><caption>Generator</caption>
        <tr><th>Voltage</th><td>20 kV</td></tr>
        <tr><th>Power</th><td>946.3 MVA</td></tr></table>
    </description>
    <Point>
      <coordinates>-106.552322,45.689474,0</coordinates>
    </Point>
  </Placemark>
  <Placemark>
    <name>MONTA G1 (6235)</name>
    <styleUrl>#gen</styleUrl>
    <description><table><caption>Generator</caption>
        <tr><th>Voltage</th><td>20 kV</td></tr>
        <tr><th>Power</th><td>1,419.1 MVA</td></tr></table>
    </description>
    <Point>
      <coordinates>-111.260716,47.432975,0</coordinates>
    </Point>
  </Placemark>
  <Placemark>
    <name>BRIDGER (6333)</name>
    <styleUrl>#gen</styleUrl>
    <description><table><caption>Generator</caption>
        <tr><th>Voltage</th><td>20 kV</td></tr>
        <tr><th>Power</th><td>3,815.2 MVA</td></tr></table>
    </description>
    <Point>
      <coordinates>-108.529745,42.083869,0</coordinates>
    </Point>
  </Placemark>
  <Placemark>
    <name>NAUGHT (6335)</name>
    <styleUrl>#gen</styleUrl>
    <description><table><caption>Generator</caption>
        <tr><th>Voltage</th><td>20 kV</td></tr>
        <tr><th>Power</th><td>2,934.7 MVA</td></tr></table>
    </description>
    <Point>
      <coordinates>-110.644610,41.826887,0</coordinates>
    </Point>
  </Placemark>
  <Placemark>
    <name>VALMY (6433)</name>
    <styleUrl>#gen</styleUrl>
    <description><table><caption>Generator</caption>
        <tr><th>Voltage</th><td>20 kV</td></tr>
        <tr><th>Power</th><td>1,345.0 MVA</td></tr></table>
    </description>
    <Point>
      <coordinates>-116.954457,41.182805,0</coordinates>
    </Point>
  </Placemark>
  <Placemark>
    <name>EMERY (6533)</name>
    <styleUrl>#gen</styleUrl>
    <description><table><caption>Generator</caption>
        <tr><th>Voltage</th><td>20 kV</td></tr>
        <tr><th>Power</th><td>3,361.7 MVA</td></tr></table>
    </description>
    <Point>
      <coordinates>-109.188333,40.030278,0</coordinates>
    </Point>
  </Placemark>
  <Placemark>
    <name>COLOEAST (7031)</name>
    <styleUrl>#gen</styleUrl>
    <description><table><caption>Generator</caption>
        <tr><th>Voltage</th><td>20 kV</td></tr>
        <tr><th>Power</th><td>4,755.3 MVA</td></tr></table>
    </description>
    <Point>
      <coordinates>-104.660626,38.542595,0</coordinates>
    </Point>
  </Placemark>
  <Placemark>
    <name>CRAIG (7032)</name>
    <styleUrl>#gen</styleUrl>
    <description><table><caption>Generator</caption>
        <tr><th>Voltage</th><td>20 kV</td></tr>
        <tr><th>Power</th><td>2,739.2 MVA</td></tr></table>
    </description>
    <Point>
      <coordinates>-107.506652,40.521809,0</coordinates>
    </Point>
  </Placemark>
  <Placemark>
    <name>COTWDWAP (8033)</name>
    <styleUrl>#gen</styleUrl>
    <description><table><caption>Generator</caption>
        <tr><th>Voltage</th><td>20 kV</td></tr>
        <tr><th>Power</th><td>1,210.2 MVA</td></tr></table>
    </description>
    <Point>
      <coordinates>-122.265115,40.397712,0</coordinates>
    </Point>
  </Placemark>
  <Placemark>
    <name>RNCHSECO (8034)</name>
    <styleUrl>#gen</styleUrl>
    <description><table><caption>Generator</caption>
        <tr><th>Voltage</th><td>20 kV</td></tr>
        <tr><th>Power</th><td>3,406.8 MVA</td></tr></table>
    </description>
    <Point>
      <coordinates>-121.123005,38.344823,0</coordinates>
    </Point>
  </Placemark>
</Folder>
  <Folder><name>Loads</name>
  <Placemark>
    <name>FOURCORN (1002)</name>
    <styleUrl>#load</styleUrl>
    <description><table><caption>Load</caption>
        <tr><th>Voltage</th><td>345 kV</td></tr>
        <tr><th>Power</th><td>449.3 MVA</td></tr></table>
    </description>
    <Point>
      <coordinates>-108.581419,36.670897,0</coordinates>
    </Point>
  </Placemark>
  <Placemark>
    <name>FOURCORN (1003)</name>
    <styleUrl>#load</styleUrl>
    <description><table><caption>Load</caption>
        <tr><th>Voltage</th><td>230 kV</td></tr>
        <tr><th>Power</th><td>4,366.3 MVA</td></tr></table>
    </description>
    <Point>
      <coordinates>-108.581419,36.670897,0</coordinates>
    </Point>
  </Placemark>
  <Placemark>
    <name>SAN JUAN (1004)</name>
    <styleUrl>#load</styleUrl>
    <description><table><caption>Load</caption>
        <tr><th>Voltage</th><td>345 kV</td></tr>
        <tr><th>Power</th><td>2,018.5 MVA</td></tr></table>
    </description>
    <Point>
      <coordinates>-108.278462,36.910483,0</coordinates>
    </Point>
  </Placemark>
  <Placemark>
    <name>CORONADO (1101)</name>
    <styleUrl>#load</styleUrl>
    <description><table><caption>Load</caption>
        <tr><th>Voltage</th><td>500 kV</td></tr>
        <tr><th>Power</th><td>8,947.1 MVA</td></tr></table>
    </description>
    <Point>
      <coordinates>-109.690674,35.131373,0</coordinates>
    </Point>
  </Placemark>
  <Placemark>
    <name>CHOLLA (1102)</name>
    <styleUrl>#load</styleUrl>
    <description><table><caption>Load</caption>
        <tr><th>Voltage</th><td>345 kV</td></tr>
        <tr><th>Power</th><td>358.5 MVA</td></tr></table>
    </description>
    <Point>
      <coordinates>-110.300278,34.940278,0</coordinates>
    </Point>
  </Placemark>
  <Placemark>
    <name>MOENKOPI (1201)</name>
    <styleUrl>#load</styleUrl>
    <description><table><caption>Load</caption>
        <tr><th>Voltage</th><td>500 kV</td></tr>
        <tr><th>Power</th><td>321.6 MVA</td></tr></table>
    </description>
    <Point>
      <coordinates>-111.090655,35.985019,0</coordinates>
    </Point>
  </Placemark>
  <Placemark>
    <name>NAVAJO (1202)</name>
    <styleUrl>#load</styleUrl>
    <description><table><caption>Load</caption>
        <tr><th>Voltage</th><td>500 kV</td></tr>
        <tr><th>Power</th><td>1,685.5 MVA</td></tr></table>
    </description>
    <Point>
      <coordinates>-110.864429,36.961002,0</coordinates>
    </Point>
  </Placemark>
  <Placemark>
    <name>MEAD (1301)</name>
    <styleUrl>#load</styleUrl>
    <description><table><caption>Load</caption>
        <tr><th>Voltage</th><td>500 kV</td></tr>
        <tr><th>Power</th><td>5,273.2 MVA</td></tr></table>
    </description>
    <Point>
      <coordinates>-114.835922,35.929472,0</coordinates>
    </Point>
  </Placemark>
  <Placemark>
    <name>H ALLEN (1302)</name>
    <styleUrl>#load</styleUrl>
    <description><table><caption>Load</caption>
        <tr><th>Voltage</th><td>500 kV</td></tr>
        <tr><th>Power</th><td>34.4 MVA</td></tr></table>
    </description>
    <Point>
      <coordinates>-115.134207,36.649771,0</coordinates>
    </Point>
  </Placemark>
  <Placemark>
    <name>H ALLEN (1303)</name>
    <styleUrl>#load</styleUrl>
    <description><table><caption>Load</caption>
        <tr><th>Voltage</th><td>345 kV</td></tr>
        <tr><th>Power</th><td>12,329.5 MVA</td></tr></table>
    </description>
    <Point>
      <coordinates>-115.134207,36.649771,0</coordinates>
    </Point>
  </Placemark>
  <Placemark>
    <name>PALOVRDE (1401)</name>
    <styleUrl>#load</styleUrl>
    <description><table><caption>Load</caption>
        <tr><th>Voltage</th><td>500 kV</td></tr>
        <tr><th>Power</th><td>12,743.8 MVA</td></tr></table>
    </description>
    <Point>
      <coordinates>-113.239936,33.513802,0</coordinates>
    </Point>
  </Placemark>
  <Placemark>
    <name>WESTWING (1402)</name>
    <styleUrl>#load</styleUrl>
    <description><table><caption>Load</caption>
        <tr><th>Voltage</th><td>500 kV</td></tr>
        <tr><th>Power</th><td>10,283.0 MVA</td></tr></table>
    </description>
    <Point>
      <coordinates>-112.396715,34.067027,0</coordinates>
    </Point>
  </Placemark>
  <Placemark>
    <name>MEXICO (2000)</name>
    <styleUrl>#load</styleUrl>
    <description><table><caption>Load</caption>
        <tr><th>Voltage</th><td>230 kV</td></tr>
        <tr><th>Power</th><td>4,367.0 MVA</td></tr></table>
    </description>
    <Point>
      <coordinates>-115.436076,32.227887,0</coordinates>
    </Point>
  </Placemark>
  <Placemark>
    <name>IMPERIAL (2100)</name>
    <styleUrl>#load</styleUrl>
    <description><table><caption>Load</caption>
        <tr><th>Voltage</th><td>230 kV</td></tr>
        <tr><th>Power</th><td>494.6 MVA</td></tr></table>
    </description>
    <Point>
      <coordinates>-115.394435,32.971469,0</coordinates>
    </Point>
  </Placemark>
  <Placemark>
    <name>MIGUEL (2202)</name>
    <styleUrl>#load</styleUrl>
    <description><table><caption>Load</caption>
        <tr><th>Voltage</th><td>230 kV</td></tr>
        <tr><th>Power</th><td>2,732.9 MVA</td></tr></table>
    </description>
    <Point>
      <coordinates>-116.982615,32.680823,0</coordinates>
    </Point>
  </Placemark>
  <Placemark>
    <name>MISSION (2203)</name>
    <styleUrl>#load</styleUrl>
    <description><table><caption>Load</caption>
        <tr><th>Voltage</th><td>230 kV</td></tr>
        <tr><th>Power</th><td>2,977.0 MVA</td></tr></table>
    </description>
    <Point>
      <coordinates>-117.137829,32.784153,0</coordinates>
    </Point>
  </Placemark>
  <Placemark>
    <name>DEVERS (2400)</name>
    <styleUrl>#load</styleUrl>
    <description><table><caption>Load</caption>
        <tr><th>Voltage</th><td>500 kV</td></tr>
        <tr><th>Power</th><td>1,482.7 MVA</td></tr></table>
    </description>
    <Point>
      <coordinates>-116.575220,33.927377,0</coordinates>
    </Point>
  </Placemark>
  <Placemark>
    <name>LUGO (2401)</name>
    <styleUrl>#load</styleUrl>
    <description><table><caption>Load</caption>
        <tr><th>Voltage</th><td>500 kV</td></tr>
        <tr><th>Power</th><td>1,539.9 MVA</td></tr></table>
    </description>
    <Point>
      <coordinates>-117.368876,34.369347,0</coordinates>
    </Point>
  </Placemark>
  <Placemark>
    <name>MIRALOMA (2402)</name>
    <styleUrl>#load</styleUrl>
    <description><table><caption>Load</caption>
        <tr><th>Voltage</th><td>500 kV</td></tr>
        <tr><th>Power</th><td>1,894.7 MVA</td></tr></table>
    </description>
    <Point>
      <coordinates>-117.564527,34.008174,0</coordinates>
    </Point>
  </Placemark>
  <Placemark>
    <name>VALLEY (2403)</name>
    <styleUrl>#load</styleUrl>
    <description><table><caption>Load</caption>
        <tr><th>Voltage</th><td>500 kV</td></tr>
        <tr><th>Power</th><td>1,839.2 MVA</td></tr></table>
    </description>
    <Point>
      <coordinates>-117.224444,33.796667,0</coordinates>
    </Point>
  </Placemark>
  <Placemark>
    <name>SYLMAR S (2405)</name>
    <styleUrl>#load</styleUrl>
    <description><table><caption>Load</caption>
        <tr><th>Voltage</th><td>230 kV</td></tr>
        <tr><th>Power</th><td>1,470.2 MVA</td></tr></table>
    </description>
    <Point>
      <coordinates>-118.495046,34.317296,0</coordinates>
    </Point>
  </Placemark>
  <Placemark>
    <name>EAGLROCK (2406)</name>
    <styleUrl>#load</styleUrl>
    <description><table><caption>Load</caption>
        <tr><th>Voltage</th><td>230 kV</td></tr>
        <tr><th>Power</th><td>1,312.3 MVA</td></tr></table>
    </description>
    <Point>
      <coordinates>-118.184526,34.150436,0</coordinates>
    </Point>
  </Placemark>
  <Placemark>
    <name>LITEHIPE (2407)</name>
    <styleUrl>#load</styleUrl>
    <description><table><caption>Load</caption>
        <tr><th>Voltage</th><td>230 kV</td></tr>
        <tr><th>Power</th><td>3,127.3 MVA</td></tr></table>
    </description>
    <Point>
      <coordinates>-118.175222,33.879856,0</coordinates>
    </Point>
  </Placemark>
  <Placemark>
    <name>MESA CAL (2408)</name>
    <styleUrl>#load</styleUrl>
    <description><table><caption>Load</caption>
        <tr><th>Voltage</th><td>230 kV</td></tr>
        <tr><th>Power</th><td>3,113.9 MVA</td></tr></table>
    </description>
    <Point>
      <coordinates>-118.110120,34.037233,0</coordinates>
    </Point>
  </Placemark>
  <Placemark>
    <name>MIRALOMA (2409)</name>
    <styleUrl>#load</styleUrl>
    <description><table><caption>Load</caption>
        <tr><th>Voltage</th><td>230 kV</td></tr>
        <tr><th>Power</th><td>2,816.4 MVA</td></tr></table>
    </description>
    <Point>
      <coordinates>-117.564527,34.008174,0</coordinates>
    </Point>
  </Placemark>
  <Placemark>
    <name>PARDEE (2410)</name>
    <styleUrl>#load</styleUrl>
    <description><table><caption>Load</caption>
        <tr><th>Voltage</th><td>230 kV</td></tr>
        <tr><th>Power</th><td>2,809.2 MVA</td></tr></table>
    </description>
    <Point>
      <coordinates>-118.588440,34.442694,0</coordinates>
    </Point>
  </Placemark>
  <Placemark>
    <name>VINCENT (2411)</name>
    <styleUrl>#load</styleUrl>
    <description><table><caption>Load</caption>
        <tr><th>Voltage</th><td>230 kV</td></tr>
        <tr><th>Power</th><td>1,928.9 MVA</td></tr></table>
    </description>
    <Point>
      <coordinates>-118.121470,34.488498,0</coordinates>
    </Point>
  </Placemark>
  <Placemark>
    <name>SERRANO (2502)</name>
    <styleUrl>#load</styleUrl>
    <description><table><caption>Load</caption>
        <tr><th>Voltage</th><td>230 kV</td></tr>
        <tr><th>Power</th><td>4,149.4 MVA</td></tr></table>
    </description>
    <Point>
      <coordinates>-117.790130,33.828436,0</coordinates>
    </Point>
  </Placemark>
  <Placemark>
    <name>S.ONOFRE (2503)</name>
    <styleUrl>#load</styleUrl>
    <description><table><caption>Load</caption>
        <tr><th>Voltage</th><td>230 kV</td></tr>
        <tr><th>Power</th><td>3,238.6 MVA</td></tr></table>
    </description>
    <Point>
      <coordinates>-117.557619,33.370212,0</coordinates>
    </Point>
  </Placemark>
  <Placemark>
    <name>ADELANTO (2600)</name>
    <styleUrl>#load</styleUrl>
    <description><table><caption>Load</caption>
        <tr><th>Voltage</th><td>500 kV</td></tr>
        <tr><th>Power</th><td>3,261.9 MVA</td></tr></table>
    </description>
    <Point>
      <coordinates>-117.437004,34.552197,0</coordinates>
    </Point>
  </Placemark>
  <Placemark>
    <name>STA E (2602)</name>
    <styleUrl>#load</styleUrl>
    <description><table><caption>Load</caption>
        <tr><th>Voltage</th><td>500 kV</td></tr>
        <tr><th>Power</th><td>176.4 MVA</td></tr></table>
    </description>
    <Point>
      <coordinates>-118.360306,34.176429,0</coordinates>
    </Point>
  </Placemark>
  <Placemark>
    <name>INTERMT (2604)</name>
    <styleUrl>#load</styleUrl>
    <description><table><caption>Load</caption>
        <tr><th>Voltage</th><td>345 kV</td></tr>
        <tr><th>Power</th><td>3,636.2 MVA</td></tr></table>
    </description>
    <Point>
      <coordinates>-112.580826,39.500381,0</coordinates>
    </Point>
  </Placemark>
  <Placemark>
    <name>CASTAIC (2608)</name>
    <styleUrl>#load</styleUrl>
    <description><table><caption>Load</caption>
        <tr><th>Voltage</th><td>230 kV</td></tr>
        <tr><th>Power</th><td>176.8 MVA</td></tr></table>
    </description>
    <Point>
      <coordinates>-118.663274,34.589863,0</coordinates>
    </Point>
  </Placemark>
  <Placemark>
    <name>GLENDAL (2609)</name>
    <styleUrl>#load</styleUrl>
    <description><table><caption>Load</caption>
        <tr><th>Voltage</th><td>230 kV</td></tr>
        <tr><th>Power</th><td>241.0 MVA</td></tr></table>
    </description>
    <Point>
      <coordinates>-118.255000,34.146111,0</coordinates>
    </Point>
  </Placemark>
  <Placemark>
    <name>HAYNES (2610)</name>
    <styleUrl>#load</styleUrl>
    <description><table><caption>Load</caption>
        <tr><th>Voltage</th><td>230 kV</td></tr>
        <tr><th>Power</th><td>178.1 MVA</td></tr></table>
    </description>
    <Point>
      <coordinates>-117.911364,33.697565,0</coordinates>
    </Point>
  </Placemark>
  <Placemark>
    <name>OLIVE (2611)</name>
    <styleUrl>#load</styleUrl>
    <description><table><caption>Load</caption>
        <tr><th>Voltage</th><td>230 kV</td></tr>
        <tr><th>Power</th><td>176.7 MVA</td></tr></table>
    </description>
    <Point>
      <coordinates>-118.455696,34.311310,0</coordinates>
    </Point>
  </Placemark>
  <Placemark>
    <name>RINALDI (2612)</name>
    <styleUrl>#load</styleUrl>
    <description><table><caption>Load</caption>
        <tr><th>Voltage</th><td>230 kV</td></tr>
        <tr><th>Power</th><td>214.0 MVA</td></tr></table>
    </description>
    <Point>
      <coordinates>-118.484219,34.285768,0</coordinates>
    </Point>
  </Placemark>
  <Placemark>
    <name>RIVER (2613)</name>
    <styleUrl>#load</styleUrl>
    <description><table><caption>Load</caption>
        <tr><th>Voltage</th><td>230 kV</td></tr>
        <tr><th>Power</th><td>573.5 MVA</td></tr></table>
    </description>
    <Point>
      <coordinates>-118.230212,34.037697,0</coordinates>
    </Point>
  </Placemark>
  <Placemark>
    <name>STA BLD (2614)</name>
    <styleUrl>#load</styleUrl>
    <description><table><caption>Load</caption>
        <tr><th>Voltage</th><td>230 kV</td></tr>
        <tr><th>Power</th><td>246.3 MVA</td></tr></table>
    </description>
    <Point>
      <coordinates>-118.204015,34.015353,0</coordinates>
    </Point>
  </Placemark>
  <Placemark>
    <name>STA E (2615)</name>
    <styleUrl>#load</styleUrl>
    <description><table><caption>Load</caption>
        <tr><th>Voltage</th><td>230 kV</td></tr>
        <tr><th>Power</th><td>1,436.6 MVA</td></tr></table>
    </description>
    <Point>
      <coordinates>-118.360306,34.176429,0</coordinates>
    </Point>
  </Placemark>
  <Placemark>
    <name>STA F (2616)</name>
    <styleUrl>#load</styleUrl>
    <description><table><caption>Load</caption>
        <tr><th>Voltage</th><td>230 kV</td></tr>
        <tr><th>Power</th><td>209.5 MVA</td></tr></table>
    </description>
    <Point>
      <coordinates>-118.204015,34.015353,0</coordinates>
    </Point>
  </Placemark>
  <Placemark>
    <name>STA G (2617)</name>
    <styleUrl>#load</styleUrl>
    <description><table><caption>Load</caption>
        <tr><th>Voltage</th><td>230 kV</td></tr>
        <tr><th>Power</th><td>216.4 MVA</td></tr></table>
    </description>
    <Point>
      <coordinates>-118.254629,34.109480,0</coordinates>
    </Point>
  </Placemark>
  <Placemark>
    <name>STA J (2618)</name>
    <styleUrl>#load</styleUrl>
    <description><table><caption>Load</caption>
        <tr><th>Voltage</th><td>230 kV</td></tr>
        <tr><th>Power</th><td>1,570.9 MVA</td></tr></table>
    </description>
    <Point>
      <coordinates>-118.550256,34.234263,0</coordinates>
    </Point>
  </Placemark>
  <Placemark>
    <name>SYLMARLA (2619)</name>
    <styleUrl>#load</styleUrl>
    <description><table><caption>Load</caption>
        <tr><th>Voltage</th><td>230 kV</td></tr>
        <tr><th>Power</th><td>4,946.7 MVA</td></tr></table>
    </description>
    <Point>
      <coordinates>-118.495046,34.317296,0</coordinates>
    </Point>
  </Placemark>
  <Placemark>
    <name>VALLEY (2620)</name>
    <styleUrl>#load</styleUrl>
    <description><table><caption>Load</caption>
        <tr><th>Voltage</th><td>230 kV</td></tr>
        <tr><th>Power</th><td>363.8 MVA</td></tr></table>
    </description>
    <Point>
      <coordinates>-117.224444,33.796667,0</coordinates>
    </Point>
  </Placemark>
  <Placemark>
    <name>STA B (2621)</name>
    <styleUrl>#load</styleUrl>
    <description><table><caption>Load</caption>
        <tr><th>Voltage</th><td>138 kV</td></tr>
        <tr><th>Power</th><td>420.7 MVA</td></tr></table>
    </description>
    <Point>
      <coordinates>-118.204015,34.015353,0</coordinates>
    </Point>
  </Placemark>
  <Placemark>
    <name>EMBRCDRD (3101)</name>
    <styleUrl>#load</styleUrl>
    <description><table><caption>Load</caption>
        <tr><th>Voltage</th><td>230 kV</td></tr>
        <tr><th>Power</th><td>619.9 MVA</td></tr></table>
    </description>
    <Point>
      <coordinates>-122.395045,37.788555,0</coordinates>
    </Point>
  </Placemark>
  <Placemark>
    <name>MARTIN (3102)</name>
    <styleUrl>#load</styleUrl>
    <description><table><caption>Load</caption>
        <tr><th>Voltage</th><td>230 kV</td></tr>
        <tr><th>Power</th><td>288.9 MVA</td></tr></table>
    </description>
    <Point>
      <coordinates>-122.410274,37.704337,0</coordinates>
    </Point>
  </Placemark>
  <Placemark>
    <name>SANMATEO (3103)</name>
    <styleUrl>#load</styleUrl>
    <description><table><caption>Load</caption>
        <tr><th>Voltage</th><td>230 kV</td></tr>
        <tr><th>Power</th><td>757.5 MVA</td></tr></table>
    </description>
    <Point>
      <coordinates>-122.318546,37.582985,0</coordinates>
    </Point>
  </Placemark>
  <Placemark>
    <name>MARTIN (3104)</name>
    <styleUrl>#load</styleUrl>
    <description><table><caption>Load</caption>
        <tr><th>Voltage</th><td>115 kV</td></tr>
        <tr><th>Power</th><td>560.2 MVA</td></tr></table>
    </description>
    <Point>
      <coordinates>-122.410274,37.704337,0</coordinates>
    </Point>
  </Placemark>
  <Placemark>
    <name>POTRERO (3105)</name>
    <styleUrl>#load</styleUrl>
    <description><table><caption>Load</caption>
        <tr><th>Voltage</th><td>115 kV</td></tr>
        <tr><th>Power</th><td>428.6 MVA</td></tr></table>
    </description>
    <Point>
      <coordinates>-122.398000,37.758430,0</coordinates>
    </Point>
  </Placemark>
  <Placemark>
    <name>C.COSTA (3201)</name>
    <styleUrl>#load</styleUrl>
    <description><table><caption>Load</caption>
        <tr><th>Voltage</th><td>230 kV</td></tr>
        <tr><th>Power</th><td>835.2 MVA</td></tr></table>
    </description>
    <Point>
      <coordinates>-122.031111,37.978056,0</coordinates>
    </Point>
  </Placemark>
  <Placemark>
    <name>MORAGA (3202)</name>
    <styleUrl>#load</styleUrl>
    <description><table><caption>Load</caption>
        <tr><th>Voltage</th><td>230 kV</td></tr>
        <tr><th>Power</th><td>1,058.4 MVA</td></tr></table>
    </description>
    <Point>
      <coordinates>-122.160880,37.848161,0</coordinates>
    </Point>
  </Placemark>
  <Placemark>
    <name>NEWARK (3203)</name>
    <styleUrl>#load</styleUrl>
    <description><table><caption>Load</caption>
        <tr><th>Voltage</th><td>230 kV</td></tr>
        <tr><th>Power</th><td>1,184.6 MVA</td></tr></table>
    </description>
    <Point>
      <coordinates>-121.987444,37.501131,0</coordinates>
    </Point>
  </Placemark>
  <Placemark>
    <name>PITSBURG (3204)</name>
    <styleUrl>#load</styleUrl>
    <description><table><caption>Load</caption>
        <tr><th>Voltage</th><td>230 kV</td></tr>
        <tr><th>Power</th><td>1,197.8 MVA</td></tr></table>
    </description>
    <Point>
      <coordinates>-121.897096,38.037129,0</coordinates>
    </Point>
  </Placemark>
  <Placemark>
    <name>SOBRANTE (3205)</name>
    <styleUrl>#load</styleUrl>
    <description><table><caption>Load</caption>
        <tr><th>Voltage</th><td>230 kV</td></tr>
        <tr><th>Power</th><td>984.6 MVA</td></tr></table>
    </description>
    <Point>
      <coordinates>-122.208867,37.905327,0</coordinates>
    </Point>
  </Placemark>
  <Placemark>
    <name>JEFFERSN (3302)</name>
    <styleUrl>#load</styleUrl>
    <description><table><caption>Load</caption>
        <tr><th>Voltage</th><td>230 kV</td></tr>
        <tr><th>Power</th><td>626.4 MVA</td></tr></table>
    </description>
    <Point>
      <coordinates>-122.204217,37.419806,0</coordinates>
    </Point>
  </Placemark>
  <Placemark>
    <name>METCALF (3303)</name>
    <styleUrl>#load</styleUrl>
    <description><table><caption>Load</caption>
        <tr><th>Voltage</th><td>230 kV</td></tr>
        <tr><th>Power</th><td>1,124.5 MVA</td></tr></table>
    </description>
    <Point>
      <coordinates>-121.746496,37.222363,0</coordinates>
    </Point>
  </Placemark>
  <Placemark>
    <name>MONTAVIS (3304)</name>
    <styleUrl>#load</styleUrl>
    <description><table><caption>Load</caption>
        <tr><th>Voltage</th><td>230 kV</td></tr>
        <tr><th>Power</th><td>964.8 MVA</td></tr></table>
    </description>
    <Point>
      <coordinates>-122.073790,37.322286,0</coordinates>
    </Point>
  </Placemark>
  <Placemark>
    <name>RAVENSWD (3305)</name>
    <styleUrl>#load</styleUrl>
    <description><table><caption>Load</caption>
        <tr><th>Voltage</th><td>230 kV</td></tr>
        <tr><th>Power</th><td>776.7 MVA</td></tr></table>
    </description>
    <Point>
      <coordinates>-122.138182,37.494231,0</coordinates>
    </Point>
  </Placemark>
  <Placemark>
    <name>GREGG (3401)</name>
    <styleUrl>#load</styleUrl>
    <description><table><caption>Load</caption>
        <tr><th>Voltage</th><td>230 kV</td></tr>
        <tr><th>Power</th><td>1,021.6 MVA</td></tr></table>
    </description>
    <Point>
      <coordinates>-119.924420,36.850535,0</coordinates>
    </Point>
  </Placemark>
  <Placemark>
    <name>MC CALL (3403)</name>
    <styleUrl>#load</styleUrl>
    <description><table><caption>Load</caption>
        <tr><th>Voltage</th><td>230 kV</td></tr>
        <tr><th>Power</th><td>928.7 MVA</td></tr></table>
    </description>
    <Point>
      <coordinates>-119.639632,36.609214,0</coordinates>
    </Point>
  </Placemark>
  <Placemark>
    <name>PANOCHE (3404)</name>
    <styleUrl>#load</styleUrl>
    <description><table><caption>Load</caption>
        <tr><th>Voltage</th><td>230 kV</td></tr>
        <tr><th>Power</th><td>793.8 MVA</td></tr></table>
    </description>
    <Point>
      <coordinates>-120.466280,36.675814,0</coordinates>
    </Point>
  </Placemark>
  <Placemark>
    <name>WILSON (3405)</name>
    <styleUrl>#load</styleUrl>
    <description><table><caption>Load</caption>
        <tr><th>Voltage</th><td>230 kV</td></tr>
        <tr><th>Power</th><td>822.3 MVA</td></tr></table>
    </description>
    <Point>
      <coordinates>-121.625833,38.978333,0</coordinates>
    </Point>
  </Placemark>
  <Placemark>
    <name>FULTON (3501)</name>
    <styleUrl>#load</styleUrl>
    <description><table><caption>Load</caption>
        <tr><th>Voltage</th><td>230 kV</td></tr>
        <tr><th>Power</th><td>1,124.9 MVA</td></tr></table>
    </description>
    <Point>
      <coordinates>-122.761324,38.497952,0</coordinates>
    </Point>
  </Placemark>
  <Placemark>
    <name>HUMBOLDT (3601)</name>
    <styleUrl>#load</styleUrl>
    <description><table><caption>Load</caption>
        <tr><th>Voltage</th><td>115 kV</td></tr>
        <tr><th>Power</th><td>187.2 MVA</td></tr></table>
    </description>
    <Point>
      <coordinates>-124.163611,40.801944,0</coordinates>
    </Point>
  </Placemark>
  <Placemark>
    <name>SUMMIT (3701)</name>
    <styleUrl>#load</styleUrl>
    <description><table><caption>Load</caption>
        <tr><th>Voltage</th><td>115 kV</td></tr>
        <tr><th>Power</th><td>625.9 MVA</td></tr></table>
    </description>
    <Point>
      <coordinates>-119.821944,39.527222,0</coordinates>
    </Point>
  </Placemark>
  <Placemark>
    <name>DIABLO (3801)</name>
    <styleUrl>#load</styleUrl>
    <description><table><caption>Load</caption>
        <tr><th>Voltage</th><td>500 kV</td></tr>
        <tr><th>Power</th><td>336.2 MVA</td></tr></table>
    </description>
    <Point>
      <coordinates>-120.855104,35.230747,0</coordinates>
    </Point>
  </Placemark>
  <Placemark>
    <name>GATES (3804)</name>
    <styleUrl>#load</styleUrl>
    <description><table><caption>Load</caption>
        <tr><th>Voltage</th><td>230 kV</td></tr>
        <tr><th>Power</th><td>403.3 MVA</td></tr></table>
    </description>
    <Point>
      <coordinates>-120.124187,36.144321,0</coordinates>
    </Point>
  </Placemark>
  <Placemark>
    <name>MIDWAY (3805)</name>
    <styleUrl>#load</styleUrl>
    <description><table><caption>Load</caption>
        <tr><th>Voltage</th><td>230 kV</td></tr>
        <tr><th>Power</th><td>882.3 MVA</td></tr></table>
    </description>
    <Point>
      <coordinates>-119.456003,35.408481,0</coordinates>
    </Point>
  </Placemark>
  <Placemark>
    <name>MORROBAY (3806)</name>
    <styleUrl>#load</styleUrl>
    <description><table><caption>Load</caption>
        <tr><th>Voltage</th><td>230 kV</td></tr>
        <tr><th>Power</th><td>516.2 MVA</td></tr></table>
    </description>
    <Point>
      <coordinates>-120.858669,35.385430,0</coordinates>
    </Point>
  </Placemark>
  <Placemark>
    <name>MOSSLAND (3902)</name>
    <styleUrl>#load</styleUrl>
    <description><table><caption>Load</caption>
        <tr><th>Voltage</th><td>500 kV</td></tr>
        <tr><th>Power</th><td>275.3 MVA</td></tr></table>
    </description>
    <Point>
      <coordinates>-121.732796,36.737604,0</coordinates>
    </Point>
  </Placemark>
  <Placemark>
    <name>TESLA (3903)</name>
    <styleUrl>#load</styleUrl>
    <description><table><caption>Load</caption>
        <tr><th>Voltage</th><td>500 kV</td></tr>
        <tr><th>Power</th><td>387.6 MVA</td></tr></table>
    </description>
    <Point>
      <coordinates>-121.565283,37.712470,0</coordinates>
    </Point>
  </Placemark>
  <Placemark>
    <name>BELLOTA (3907)</name>
    <styleUrl>#load</styleUrl>
    <description><table><caption>Load</caption>
        <tr><th>Voltage</th><td>230 kV</td></tr>
        <tr><th>Power</th><td>841.6 MVA</td></tr></table>
    </description>
    <Point>
      <coordinates>-121.015147,38.016220,0</coordinates>
    </Point>
  </Placemark>
  <Placemark>
    <name>BRIGHTON (3908)</name>
    <styleUrl>#load</styleUrl>
    <description><table><caption>Load</caption>
        <tr><th>Voltage</th><td>230 kV</td></tr>
        <tr><th>Power</th><td>365.3 MVA</td></tr></table>
    </description>
    <Point>
      <coordinates>-121.407942,38.547942,0</coordinates>
    </Point>
  </Placemark>
  <Placemark>
    <name>COLGATE (3909)</name>
    <styleUrl>#load</styleUrl>
    <description><table><caption>Load</caption>
        <tr><th>Voltage</th><td>230 kV</td></tr>
        <tr><th>Power</th><td>313.0 MVA</td></tr></table>
    </description>
    <Point>
      <coordinates>-121.337000,39.261700,0</coordinates>
    </Point>
  </Placemark>
  <Placemark>
    <name>CORTINA (3910)</name>
    <styleUrl>#load</styleUrl>
    <description><table><caption>Load</caption>
        <tr><th>Voltage</th><td>230 kV</td></tr>
        <tr><th>Power</th><td>449.3 MVA</td></tr></table>
    </description>
    <Point>
      <coordinates>-122.290278,39.018333,0</coordinates>
    </Point>
  </Placemark>
  <Placemark>
    <name>COTWDPGE (3911)</name>
    <styleUrl>#load</styleUrl>
    <description><table><caption>Load</caption>
        <tr><th>Voltage</th><td>230 kV</td></tr>
        <tr><th>Power</th><td>417.3 MVA</td></tr></table>
    </description>
    <Point>
      <coordinates>-122.265115,40.397712,0</coordinates>
    </Point>
  </Placemark>
  <Placemark>
    <name>GLENN (3912)</name>
    <styleUrl>#load</styleUrl>
    <description><table><caption>Load</caption>
        <tr><th>Voltage</th><td>230 kV</td></tr>
        <tr><th>Power</th><td>316.6 MVA</td></tr></table>
    </description>
    <Point>
      <coordinates>-122.013889,39.521944,0</coordinates>
    </Point>
  </Placemark>
  <Placemark>
    <name>GOLDHILL (3913)</name>
    <styleUrl>#load</styleUrl>
    <description><table><caption>Load</caption>
        <tr><th>Voltage</th><td>230 kV</td></tr>
        <tr><th>Power</th><td>594.7 MVA</td></tr></table>
    </description>
    <Point>
      <coordinates>-121.137023,38.657961,0</coordinates>
    </Point>
  </Placemark>
  <Placemark>
    <name>IGNACIO (3914)</name>
    <styleUrl>#load</styleUrl>
    <description><table><caption>Load</caption>
        <tr><th>Voltage</th><td>230 kV</td></tr>
        <tr><th>Power</th><td>412.6 MVA</td></tr></table>
    </description>
    <Point>
      <coordinates>-122.538611,38.070278,0</coordinates>
    </Point>
  </Placemark>
  <Placemark>
    <name>LAKEVILE (3915)</name>
    <styleUrl>#load</styleUrl>
    <description><table><caption>Load</caption>
        <tr><th>Voltage</th><td>230 kV</td></tr>
        <tr><th>Power</th><td>460.8 MVA</td></tr></table>
    </description>
    <Point>
      <coordinates>-122.583996,38.249937,0</coordinates>
    </Point>
  </Placemark>
  <Placemark>
    <name>LOGAN CR (3916)</name>
    <styleUrl>#load</styleUrl>
    <description><table><caption>Load</caption>
        <tr><th>Voltage</th><td>230 kV</td></tr>
        <tr><th>Power</th><td>281.6 MVA</td></tr></table>
    </description>
    <Point>
      <coordinates>-122.233270,39.435504,0</coordinates>
    </Point>
  </Placemark>
  <Placemark>
    <name>LOSBANOS (3917)</name>
    <styleUrl>#load</styleUrl>
    <description><table><caption>Load</caption>
        <tr><th>Voltage</th><td>230 kV</td></tr>
        <tr><th>Power</th><td>429.4 MVA</td></tr></table>
    </description>
    <Point>
      <coordinates>-121.022616,37.054001,0</coordinates>
    </Point>
  </Placemark>
  <Placemark>
    <name>MOSSLAND (3918)</name>
    <styleUrl>#load</styleUrl>
    <description><table><caption>Load</caption>
        <tr><th>Voltage</th><td>230 kV</td></tr>
        <tr><th>Power</th><td>576.5 MVA</td></tr></table>
    </description>
    <Point>
      <coordinates>-121.732796,36.737604,0</coordinates>
    </Point>
  </Placemark>
  <Placemark>
    <name>PALERMO (3919)</name>
    <styleUrl>#load</styleUrl>
    <description><table><caption>Load</caption>
        <tr><th>Voltage</th><td>230 kV</td></tr>
        <tr><th>Power</th><td>339.2 MVA</td></tr></table>
    </description>
    <Point>
      <coordinates>-121.538056,39.435556,0</coordinates>
    </Point>
  </Placemark>
  <Placemark>
    <name>RIO OSO (3920)</name>
    <styleUrl>#load</styleUrl>
    <description><table><caption>Load</caption>
        <tr><th>Voltage</th><td>230 kV</td></tr>
        <tr><th>Power</th><td>312.9 MVA</td></tr></table>
    </description>
    <Point>
      <coordinates>-121.463992,38.936080,0</coordinates>
    </Point>
  </Placemark>
  <Placemark>
    <name>ROUND MT (3921)</name>
    <styleUrl>#load</styleUrl>
    <description><table><caption>Load</caption>
        <tr><th>Voltage</th><td>230 kV</td></tr>
        <tr><th>Power</th><td>262.7 MVA</td></tr></table>
    </description>
    <Point>
      <coordinates>-121.936762,40.808138,0</coordinates>
    </Point>
  </Placemark>
  <Placemark>
    <name>TABLE MT (3922)</name>
    <styleUrl>#load</styleUrl>
    <description><table><caption>Load</caption>
        <tr><th>Voltage</th><td>230 kV</td></tr>
        <tr><th>Power</th><td>464.5 MVA</td></tr></table>
    </description>
    <Point>
      <coordinates>-121.645379,39.555480,0</coordinates>
    </Point>
  </Placemark>
  <Placemark>
    <name>TESLA (3923)</name>
    <styleUrl>#load</styleUrl>
    <description><table><caption>Load</caption>
        <tr><th>Voltage</th><td>230 kV</td></tr>
        <tr><th>Power</th><td>713.1 MVA</td></tr></table>
    </description>
    <Point>
      <coordinates>-121.565283,37.712470,0</coordinates>
    </Point>
  </Placemark>
  <Placemark>
    <name>VACA-DIX (3924)</name>
    <styleUrl>#load</styleUrl>
    <description><table><caption>Load</caption>
        <tr><th>Voltage</th><td>230 kV</td></tr>
        <tr><th>Power</th><td>602.4 MVA</td></tr></table>
    </description>
    <Point>
      <coordinates>-121.918134,38.404370,0</coordinates>
    </Point>
  </Placemark>
  <Placemark>
    <name>RIO OSO (3926)</name>
    <styleUrl>#load</styleUrl>
    <description><table><caption>Load</caption>
        <tr><th>Voltage</th><td>115 kV</td></tr>
        <tr><th>Power</th><td>480.8 MVA</td></tr></table>
    </description>
    <Point>
      <coordinates>-121.463992,38.936080,0</coordinates>
    </Point>
  </Placemark>
  <Placemark>
    <name>MALIN (4001)</name>
    <styleUrl>#load</styleUrl>
    <description><table><caption>Load</caption>
        <tr><th>Voltage</th><td>500 kV</td></tr>
        <tr><th>Power</th><td>848.5 MVA</td></tr></table>
    </description>
    <Point>
      <coordinates>-121.318052,42.004704,0</coordinates>
    </Point>
  </Placemark>
  <Placemark>
    <name>SUMMER L (4002)</name>
    <styleUrl>#load</styleUrl>
    <description><table><caption>Load</caption>
        <tr><th>Voltage</th><td>500 kV</td></tr>
        <tr><th>Power</th><td>326.5 MVA</td></tr></table>
    </description>
    <Point>
      <coordinates>-120.953695,43.016085,0</coordinates>
    </Point>
  </Placemark>
  <Placemark>
    <name>GRIZZLY (4004)</name>
    <styleUrl>#load</styleUrl>
    <description><table><caption>Load</caption>
        <tr><th>Voltage</th><td>500 kV</td></tr>
        <tr><th>Power</th><td>520.9 MVA</td></tr></table>
    </description>
    <Point>
      <coordinates>-121.015420,44.481129,0</coordinates>
    </Point>
  </Placemark>
  <Placemark>
    <name>JOHN DAY (4005)</name>
    <styleUrl>#load</styleUrl>
    <description><table><caption>Load</caption>
        <tr><th>Voltage</th><td>500 kV</td></tr>
        <tr><th>Power</th><td>923.7 MVA</td></tr></table>
    </description>
    <Point>
      <coordinates>-120.733553,45.677819,0</coordinates>
    </Point>
  </Placemark>
  <Placemark>
    <name>MALIN (4008)</name>
    <styleUrl>#load</styleUrl>
    <description><table><caption>Load</caption>
        <tr><th>Voltage</th><td>345 kV</td></tr>
        <tr><th>Power</th><td>550.1 MVA</td></tr></table>
    </description>
    <Point>
      <coordinates>-121.318052,42.004704,0</coordinates>
    </Point>
  </Placemark>
  <Placemark>
    <name>BIG EDDY (4009)</name>
    <styleUrl>#load</styleUrl>
    <description><table><caption>Load</caption>
        <tr><th>Voltage</th><td>230 kV</td></tr>
        <tr><th>Power</th><td>4,232.6 MVA</td></tr></table>
    </description>
    <Point>
      <coordinates>-121.115583,45.606640,0</coordinates>
    </Point>
  </Placemark>
  <Placemark>
    <name>CELILO (4010)</name>
    <styleUrl>#load</styleUrl>
    <description><table><caption>Load</caption>
        <tr><th>Voltage</th><td>230 kV</td></tr>
        <tr><th>Power</th><td>6,005.8 MVA</td></tr></table>
    </description>
    <Point>
      <coordinates>-121.113585,45.594757,0</coordinates>
    </Point>
  </Placemark>
  <Placemark>
    <name>COULEE (4101)</name>
    <styleUrl>#load</styleUrl>
    <description><table><caption>Load</caption>
        <tr><th>Voltage</th><td>500 kV</td></tr>
        <tr><th>Power</th><td>1,868.1 MVA</td></tr></table>
    </description>
    <Point>
      <coordinates>-118.996055,47.947893,0</coordinates>
    </Point>
  </Placemark>
  <Placemark>
    <name>HANFORD (4102)</name>
    <styleUrl>#load</styleUrl>
    <description><table><caption>Load</caption>
        <tr><th>Voltage</th><td>500 kV</td></tr>
        <tr><th>Power</th><td>918.6 MVA</td></tr></table>
    </description>
    <Point>
      <coordinates>-119.573343,46.669392,0</coordinates>
    </Point>
  </Placemark>
  <Placemark>
    <name>BELL (4103)</name>
    <styleUrl>#load</styleUrl>
    <description><table><caption>Load</caption>
        <tr><th>Voltage</th><td>500 kV</td></tr>
        <tr><th>Power</th><td>22.5 MVA</td></tr></table>
    </description>
    <Point>
      <coordinates>-117.373738,47.746353,0</coordinates>
    </Point>
  </Placemark>
  <Placemark>
    <name>BELL (4104)</name>
    <styleUrl>#load</styleUrl>
    <description><table><caption>Load</caption>
        <tr><th>Voltage</th><td>230 kV</td></tr>
        <tr><th>Power</th><td>4,934.7 MVA</td></tr></table>
    </description>
    <Point>
      <coordinates>-117.373738,47.746353,0</coordinates>
    </Point>
  </Placemark>
  <Placemark>
    <name>NORTH (4201)</name>
    <styleUrl>#load</styleUrl>
    <description><table><caption>Load</caption>
        <tr><th>Voltage</th><td>500 kV</td></tr>
        <tr><th>Power</th><td>10,900.7 MVA</td></tr></table>
    </description>
    <Point>
      <coordinates>-121.837459,48.222760,0</coordinates>
    </Point>
  </Placemark>
  <Placemark>
    <name>WCASCADE (4202)</name>
    <styleUrl>#load</styleUrl>
    <description><table><caption>Load</caption>
        <tr><th>Voltage</th><td>500 kV</td></tr>
        <tr><th>Power</th><td>8,835.3 MVA</td></tr></table>
    </description>
    <Point>
      <coordinates>-121.779859,47.065363,0</coordinates>
    </Point>
  </Placemark>
  <Placemark>
    <name>WILLAMET (4203)</name>
    <styleUrl>#load</styleUrl>
    <description><table><caption>Load</caption>
        <tr><th>Voltage</th><td>500 kV</td></tr>
        <tr><th>Power</th><td>8,698.8 MVA</td></tr></table>
    </description>
    <Point>
      <coordinates>-123.091142,44.051652,0</coordinates>
    </Point>
  </Placemark>
  <Placemark>
    <name>MERIDIAN (4204)</name>
    <styleUrl>#load</styleUrl>
    <description><table><caption>Load</caption>
        <tr><th>Voltage</th><td>500 kV</td></tr>
        <tr><th>Power</th><td>1,953.5 MVA</td></tr></table>
    </description>
    <Point>
      <coordinates>-122.760172,42.358895,0</coordinates>
    </Point>
  </Placemark>
  <Placemark>
    <name>CANADA (5001)</name>
    <styleUrl>#load</styleUrl>
    <description><table><caption>Load</caption>
        <tr><th>Voltage</th><td>500 kV</td></tr>
        <tr><th>Power</th><td>14,768.4 MVA</td></tr></table>
    </description>
    <Point>
      <coordinates>-122.303722,49.429986,0</coordinates>
    </Point>
  </Placemark>
  <Placemark>
    <name>CANALB (5002)</name>
    <styleUrl>#load</styleUrl>
    <description><table><caption>Load</caption>
        <tr><th>Voltage</th><td>500 kV</td></tr>
        <tr><th>Power</th><td>17,506.6 MVA</td></tr></table>
    </description>
    <Point>
      <coordinates>-122.303722,49.429986,0</coordinates>
    </Point>
  </Placemark>
  <Placemark>
    <name>CA230TO (5003)</name>
    <styleUrl>#load</styleUrl>
    <description><table><caption>Load</caption>
        <tr><th>Voltage</th><td>230 kV</td></tr>
        <tr><th>Power</th><td>1,205.2 MVA</td></tr></table>
    </description>
    <Point>
      <coordinates>-117.438199,49.686968,0</coordinates>
    </Point>
  </Placemark>
  <Placemark>
    <name>MIDPOINT (6102)</name>
    <styleUrl>#load</styleUrl>
    <description><table><caption>Load</caption>
        <tr><th>Voltage</th><td>345 kV</td></tr>
        <tr><th>Power</th><td>2,053.1 MVA</td></tr></table>
    </description>
    <Point>
      <coordinates>-114.199277,42.888986,0</coordinates>
    </Point>
  </Placemark>
  <Placemark>
    <name>BORAH (6103)</name>
    <styleUrl>#load</styleUrl>
    <description><table><caption>Load</caption>
        <tr><th>Voltage</th><td>345 kV</td></tr>
        <tr><th>Power</th><td>772.4 MVA</td></tr></table>
    </description>
    <Point>
      <coordinates>-113.348619,42.835449,0</coordinates>
    </Point>
  </Placemark>
  <Placemark>
    <name>BORAH (6104)</name>
    <styleUrl>#load</styleUrl>
    <description><table><caption>Load</caption>
        <tr><th>Voltage</th><td>230 kV</td></tr>
        <tr><th>Power</th><td>3,795.8 MVA</td></tr></table>
    </description>
    <Point>
      <coordinates>-113.348619,42.835449,0</coordinates>
    </Point>
  </Placemark>
  <Placemark>
    <name>COLSTRP (6201)</name>
    <styleUrl>#load</styleUrl>
    <description><table><caption>Load</caption>
        <tr><th>Voltage</th><td>500 kV</td></tr>
        <tr><th>Power</th><td>399.2 MVA</td></tr></table>
    </description>
    <Point>
      <coordinates>-106.552322,45.689474,0</coordinates>
    </Point>
  </Placemark>
  <Placemark>
    <name>GARRISON (6202)</name>
    <styleUrl>#load</styleUrl>
    <description><table><caption>Load</caption>
        <tr><th>Voltage</th><td>500 kV</td></tr>
        <tr><th>Power</th><td>170.3 MVA</td></tr></table>
    </description>
    <Point>
      <coordinates>-112.878383,46.515909,0</coordinates>
    </Point>
  </Placemark>
  <Placemark>
    <name>COLSTRP (6203)</name>
    <styleUrl>#load</styleUrl>
    <description><table><caption>Load</caption>
        <tr><th>Voltage</th><td>230 kV</td></tr>
        <tr><th>Power</th><td>1,220.0 MVA</td></tr></table>
    </description>
    <Point>
      <coordinates>-106.552322,45.689474,0</coordinates>
    </Point>
  </Placemark>
  <Placemark>
    <name>GARRISON (6204)</name>
    <styleUrl>#load</styleUrl>
    <description><table><caption>Load</caption>
        <tr><th>Voltage</th><td>230 kV</td></tr>
        <tr><th>Power</th><td>1,369.1 MVA</td></tr></table>
    </description>
    <Point>
      <coordinates>-112.878383,46.515909,0</coordinates>
    </Point>
  </Placemark>
  <Placemark>
    <name>MONTANA (6205)</name>
    <styleUrl>#load</styleUrl>
    <description><table><caption>Load</caption>
        <tr><th>Voltage</th><td>230 kV</td></tr>
        <tr><th>Power</th><td>949.1 MVA</td></tr></table>
    </description>
    <Point>
      <coordinates>-111.260716,47.432975,0</coordinates>
    </Point>
  </Placemark>
  <Placemark>
    <name>BRIDGER (6301)</name>
    <styleUrl>#load</styleUrl>
    <description><table><caption>Load</caption>
        <tr><th>Voltage</th><td>345 kV</td></tr>
        <tr><th>Power</th><td>1,016.0 MVA</td></tr></table>
    </description>
    <Point>
      <coordinates>-108.529745,42.083869,0</coordinates>
    </Point>
  </Placemark>
  <Placemark>
    <name>LARAMIE (6302)</name>
    <styleUrl>#load</styleUrl>
    <description><table><caption>Load</caption>
        <tr><th>Voltage</th><td>345 kV</td></tr>
        <tr><th>Power</th><td>1,134.4 MVA</td></tr></table>
    </description>
    <Point>
      <coordinates>-105.567246,41.383369,0</coordinates>
    </Point>
  </Placemark>
  <Placemark>
    <name>BRIDGER2 (6303)</name>
    <styleUrl>#load</styleUrl>
    <description><table><caption>Load</caption>
        <tr><th>Voltage</th><td>230 kV</td></tr>
        <tr><th>Power</th><td>1,422.9 MVA</td></tr></table>
    </description>
    <Point>
      <coordinates>-108.529745,42.083869,0</coordinates>
    </Point>
  </Placemark>
  <Placemark>
    <name>LARAMIE (6304)</name>
    <styleUrl>#load</styleUrl>
    <description><table><caption>Load</caption>
        <tr><th>Voltage</th><td>230 kV</td></tr>
        <tr><th>Power</th><td>848.5 MVA</td></tr></table>
    </description>
    <Point>
      <coordinates>-105.567246,41.383369,0</coordinates>
    </Point>
  </Placemark>
  <Placemark>
    <name>NAUGHTON (6305)</name>
    <styleUrl>#load</styleUrl>
    <description><table><caption>Load</caption>
        <tr><th>Voltage</th><td>230 kV</td></tr>
        <tr><th>Power</th><td>113.1 MVA</td></tr></table>
    </description>
    <Point>
      <coordinates>-110.644610,41.826887,0</coordinates>
    </Point>
  </Placemark>
  <Placemark>
    <name>TRACYSPP (6401)</name>
    <styleUrl>#load</styleUrl>
    <description><table><caption>Load</caption>
        <tr><th>Voltage</th><td>345 kV</td></tr>
        <tr><th>Power</th><td>4,051.1 MVA</td></tr></table>
    </description>
    <Point>
      <coordinates>-119.188176,39.499336,0</coordinates>
    </Point>
  </Placemark>
  <Placemark>
    <name>SUMITSPP (6402)</name>
    <styleUrl>#load</styleUrl>
    <description><table><caption>Load</caption>
        <tr><th>Voltage</th><td>115 kV</td></tr>
        <tr><th>Power</th><td>542.2 MVA</td></tr></table>
    </description>
    <Point>
      <coordinates>-119.821944,39.527222,0</coordinates>
    </Point>
  </Placemark>
  <Placemark>
    <name>VALMY (6403)</name>
    <styleUrl>#load</styleUrl>
    <description><table><caption>Load</caption>
        <tr><th>Voltage</th><td>345 kV</td></tr>
        <tr><th>Power</th><td>6.3 MVA</td></tr></table>
    </description>
    <Point>
      <coordinates>-116.954457,41.182805,0</coordinates>
    </Point>
  </Placemark>
  <Placemark>
    <name>GONDER (6404)</name>
    <styleUrl>#load</styleUrl>
    <description><table><caption>Load</caption>
        <tr><th>Voltage</th><td>345 kV</td></tr>
        <tr><th>Power</th><td>57.2 MVA</td></tr></table>
    </description>
    <Point>
      <coordinates>-114.707350,39.476861,0</coordinates>
    </Point>
  </Placemark>
  <Placemark>
    <name>BENLOMND (6501)</name>
    <styleUrl>#load</styleUrl>
    <description><table><caption>Load</caption>
        <tr><th>Voltage</th><td>345 kV</td></tr>
        <tr><th>Power</th><td>390.3 MVA</td></tr></table>
    </description>
    <Point>
      <coordinates>-112.006907,41.439081,0</coordinates>
    </Point>
  </Placemark>
  <Placemark>
    <name>CAMP WIL (6502)</name>
    <styleUrl>#load</styleUrl>
    <description><table><caption>Load</caption>
        <tr><th>Voltage</th><td>345 kV</td></tr>
        <tr><th>Power</th><td>3,109.3 MVA</td></tr></table>
    </description>
    <Point>
      <coordinates>-112.008000,40.423165,0</coordinates>
    </Point>
  </Placemark>
  <Placemark>
    <name>EMERY (6503)</name>
    <styleUrl>#load</styleUrl>
    <description><table><caption>Load</caption>
        <tr><th>Voltage</th><td>345 kV</td></tr>
        <tr><th>Power</th><td>852.0 MVA</td></tr></table>
    </description>
    <Point>
      <coordinates>-109.188333,40.030278,0</coordinates>
    </Point>
  </Placemark>
  <Placemark>
    <name>MONA (6504)</name>
    <styleUrl>#load</styleUrl>
    <description><table><caption>Load</caption>
        <tr><th>Voltage</th><td>345 kV</td></tr>
        <tr><th>Power</th><td>594.1 MVA</td></tr></table>
    </description>
    <Point>
      <coordinates>-111.977164,39.868637,0</coordinates>
    </Point>
  </Placemark>
  <Placemark>
    <name>PINTO (6505)</name>
    <styleUrl>#load</styleUrl>
    <description><table><caption>Load</caption>
        <tr><th>Voltage</th><td>345 kV</td></tr>
        <tr><th>Power</th><td>13.6 MVA</td></tr></table>
    </description>
    <Point>
      <coordinates>-109.314458,37.870747,0</coordinates>
    </Point>
  </Placemark>
  <Placemark>
    <name>SIGURD (6507)</name>
    <styleUrl>#load</styleUrl>
    <description><table><caption>Load</caption>
        <tr><th>Voltage</th><td>345 kV</td></tr>
        <tr><th>Power</th><td>1,082.7 MVA</td></tr></table>
    </description>
    <Point>
      <coordinates>-111.917677,38.887109,0</coordinates>
    </Point>
  </Placemark>
  <Placemark>
    <name>SPAN FRK (6508)</name>
    <styleUrl>#load</styleUrl>
    <description><table><caption>Load</caption>
        <tr><th>Voltage</th><td>345 kV</td></tr>
        <tr><th>Power</th><td>261.6 MVA</td></tr></table>
    </description>
    <Point>
      <coordinates>-111.394196,40.053045,0</coordinates>
    </Point>
  </Placemark>
  <Placemark>
    <name>TERMINAL (6509)</name>
    <styleUrl>#load</styleUrl>
    <description><table><caption>Load</caption>
        <tr><th>Voltage</th><td>345 kV</td></tr>
        <tr><th>Power</th><td>17.2 MVA</td></tr></table>
    </description>
    <Point>
      <coordinates>-111.846293,40.772832,0</coordinates>
    </Point>
  </Placemark>
  <Placemark>
    <name>BENLOMND (6510)</name>
    <styleUrl>#load</styleUrl>
    <description><table><caption>Load</caption>
        <tr><th>Voltage</th><td>230 kV</td></tr>
        <tr><th>Power</th><td>3,921.2 MVA</td></tr></table>
    </description>
    <Point>
      <coordinates>-112.006907,41.439081,0</coordinates>
    </Point>
  </Placemark>
  <Placemark>
    <name>COLOEAST (7001)</name>
    <styleUrl>#load</styleUrl>
    <description><table><caption>Load</caption>
        <tr><th>Voltage</th><td>345 kV</td></tr>
        <tr><th>Power</th><td>13,515.9 MVA</td></tr></table>
    </description>
    <Point>
      <coordinates>-104.660626,38.542595,0</coordinates>
    </Point>
  </Placemark>
  <Placemark>
    <name>CRAIG (7002)</name>
    <styleUrl>#load</styleUrl>
    <description><table><caption>Load</caption>
        <tr><th>Voltage</th><td>345 kV</td></tr>
        <tr><th>Power</th><td>4,891.3 MVA</td></tr></table>
    </description>
    <Point>
      <coordinates>-107.506652,40.521809,0</coordinates>
    </Point>
  </Placemark>
  <Placemark>
    <name>COTWDWAP (8003)</name>
    <styleUrl>#load</styleUrl>
    <description><table><caption>Load</caption>
        <tr><th>Voltage</th><td>230 kV</td></tr>
        <tr><th>Power</th><td>1,133.3 MVA</td></tr></table>
    </description>
    <Point>
      <coordinates>-122.265115,40.397712,0</coordinates>
    </Point>
  </Placemark>
  <Placemark>
    <name>RNCHSECO (8004)</name>
    <styleUrl>#load</styleUrl>
    <description><table><caption>Load</caption>
        <tr><th>Voltage</th><td>230 kV</td></tr>
        <tr><th>Power</th><td>6,782.4 MVA</td></tr></table>
    </description>
    <Point>
      <coordinates>-121.123005,38.344823,0</coordinates>
    </Point>
  </Placemark>
  <Placemark>
    <name>TRACYPMP (8005)</name>
    <styleUrl>#load</styleUrl>
    <description><table><caption>Load</caption>
        <tr><th>Voltage</th><td>230 kV</td></tr>
        <tr><th>Power</th><td>2,413.2 MVA</td></tr></table>
    </description>
    <Point>
      <coordinates>-121.416448,37.747520,0</coordinates>
    </Point>
  </Placemark>
</Folder>
  <Folder><name>Powerlines</name>
  <Placemark>
    <styleUrl>#powerline5</styleUrl>
    <name>FOURCORN (1001) --> MOENKOPI (1201)</name>
    <LineString>
      <coordinates>
        -108.581419,36.670897,50
        -111.090655,35.985019,50
      </coordinates>
    </LineString>
  </Placemark>
  <Placemark>
    <styleUrl>#powerline5</styleUrl>
    <name>FOURCORN (1001) --> NAVAJO (1202)</name>
    <LineString>
      <coordinates>
        -108.581419,36.670897,50
        -110.864429,36.961002,50
      </coordinates>
    </LineString>
  </Placemark>
  <Placemark>
    <styleUrl>#powerline3</styleUrl>
    <name>FOURCORN (1002) --> SAN JUAN (1004)</name>
    <LineString>
      <coordinates>
        -108.581419,36.670897,50
        -108.278462,36.910483,50
      </coordinates>
    </LineString>
  </Placemark>
  <Placemark>
    <styleUrl>#powerline3</styleUrl>
    <name>FOURCORN (1002) --> CHOLLA (1102)</name>
    <LineString>
      <coordinates>
        -108.581419,36.670897,50
        -110.300278,34.940278,50
      </coordinates>
    </LineString>
  </Placemark>
  <Placemark>
    <styleUrl>#powerline3</styleUrl>
    <name>FOURCORN (1002) --> CHOLLA (1102)</name>
    <LineString>
      <coordinates>
        -108.581419,36.670897,50
        -110.300278,34.940278,50
      </coordinates>
    </LineString>
  </Placemark>
  <Placemark>
    <styleUrl>#powerline3</styleUrl>
    <name>FOURCORN (1002) --> PINTO PS (6506)</name>
    <LineString>
      <coordinates>
        -108.581419,36.670897,50
        -109.314458,37.870747,50
      </coordinates>
    </LineString>
  </Placemark>
  <Placemark>
    <styleUrl>#powerline3</styleUrl>
    <name>SAN JUAN (1004) --> COLOEAST (7001)</name>
    <LineString>
      <coordinates>
        -108.278462,36.910483,50
        -104.660626,38.542595,50
      </coordinates>
    </LineString>
  </Placemark>
  <Placemark>
    <styleUrl>#powerline3</styleUrl>
    <name>SAN JUAN (1004) --> CRAIG (7002)</name>
    <LineString>
      <coordinates>
        -108.278462,36.910483,50
        -107.506652,40.521809,50
      </coordinates>
    </LineString>
  </Placemark>
  <Placemark>
    <styleUrl>#powerline5</styleUrl>
    <name>CORONADO (1101) --> PALOVRDE (1401)</name>
    <LineString>
      <coordinates>
        -109.690674,35.131373,50
        -113.239936,33.513802,50
      </coordinates>
    </LineString>
  </Placemark>
  <Placemark>
    <styleUrl>#powerline5</styleUrl>
    <name>CORONADO (1101) --> PALOVRDE (1401)</name>
    <LineString>
      <coordinates>
        -109.690674,35.131373,50
        -113.239936,33.513802,50
      </coordinates>
    </LineString>
  </Placemark>
  <Placemark>
    <styleUrl>#powerline5</styleUrl>
    <name>MOENKOPI (1201) --> NAVAJO (1202)</name>
    <LineString>
      <coordinates>
        -111.090655,35.985019,50
        -110.864429,36.961002,50
      </coordinates>
    </LineString>
  </Placemark>
  <Placemark>
    <styleUrl>#powerline5</styleUrl>
    <name>MOENKOPI (1201) --> WESTWING (1402)</name>
    <LineString>
      <coordinates>
        -111.090655,35.985019,50
        -112.396715,34.067027,50
      </coordinates>
    </LineString>
  </Placemark>
  <Placemark>
    <styleUrl>#powerline5</styleUrl>
    <name>MOENKOPI (1201) --> ELDORADO (2901)</name>
    <LineString>
      <coordinates>
        -111.090655,35.985019,50
        -115.012448,35.799967,50
      </coordinates>
    </LineString>
  </Placemark>
  <Placemark>
    <styleUrl>#powerline5</styleUrl>
    <name>NAVAJO (1202) --> H ALLEN (1302)</name>
    <LineString>
      <coordinates>
        -110.864429,36.961002,50
        -115.134207,36.649771,50
      </coordinates>
    </LineString>
  </Placemark>
  <Placemark>
    <styleUrl>#powerline5</styleUrl>
    <name>NAVAJO (1202) --> WESTWING (1402)</name>
    <LineString>
      <coordinates>
        -110.864429,36.961002,50
        -112.396715,34.067027,50
      </coordinates>
    </LineString>
  </Placemark>
  <Placemark>
    <styleUrl>#powerline5</styleUrl>
    <name>MEAD (1301) --> H ALLEN (1302)</name>
    <LineString>
      <coordinates>
        -114.835922,35.929472,50
        -115.134207,36.649771,50
      </coordinates>
    </LineString>
  </Placemark>
  <Placemark>
    <styleUrl>#powerline5</styleUrl>
    <name>MEAD (1301) --> WESTWING (1402)</name>
    <LineString>
      <coordinates>
        -114.835922,35.929472,50
        -112.396715,34.067027,50
      </coordinates>
    </LineString>
  </Placemark>
  <Placemark>
    <styleUrl>#powerline5</styleUrl>
    <name>MEAD (1301) --> WESTWING (1402)</name>
    <LineString>
      <coordinates>
        -114.835922,35.929472,50
        -112.396715,34.067027,50
      </coordinates>
    </LineString>
  </Placemark>
  <Placemark>
    <styleUrl>#powerline5</styleUrl>
    <name>MEAD (1301) --> VICTORVL (2603)</name>
    <LineString>
      <coordinates>
        -114.835922,35.929472,50
        -117.321570,34.565195,50
      </coordinates>
    </LineString>
  </Placemark>
  <Placemark>
    <styleUrl>#powerline5</styleUrl>
    <name>MEAD (1301) --> ELDORADO (2901)</name>
    <LineString>
      <coordinates>
        -114.835922,35.929472,50
        -115.012448,35.799967,50
      </coordinates>
    </LineString>
  </Placemark>
  <Placemark>
    <styleUrl>#powerline3</styleUrl>
    <name>H ALLEN (1303) --> SIGURD (6507)</name>
    <LineString>
      <coordinates>
        -115.134207,36.649771,50
        -111.917677,38.887109,50
      </coordinates>
    </LineString>
  </Placemark>
  <Placemark>
    <styleUrl>#powerline5</styleUrl>
    <name>PALOVRDE (1401) --> WESTWING (1402)</name>
    <LineString>
      <coordinates>
        -113.239936,33.513802,50
        -112.396715,34.067027,50
      </coordinates>
    </LineString>
  </Placemark>
  <Placemark>
    <styleUrl>#powerline5</styleUrl>
    <name>PALOVRDE (1401) --> WESTWING (1402)</name>
    <LineString>
      <coordinates>
        -113.239936,33.513802,50
        -112.396715,34.067027,50
      </coordinates>
    </LineString>
  </Placemark>
  <Placemark>
    <styleUrl>#powerline5</styleUrl>
    <name>PALOVRDE (1401) --> IMPRLVLY (2301)</name>
    <LineString>
      <coordinates>
        -113.239936,33.513802,50
        -115.564590,32.856407,50
      </coordinates>
    </LineString>
  </Placemark>
  <Placemark>
    <styleUrl>#powerline5</styleUrl>
    <name>PALOVRDE (1401) --> DEVERS (2400)</name>
    <LineString>
      <coordinates>
        -113.239936,33.513802,50
        -116.575220,33.927377,50
      </coordinates>
    </LineString>
  </Placemark>
  <Placemark>
    <styleUrl>#powerline2</styleUrl>
    <name>PARKER (1403) --> IMPERIAL (2100)</name>
    <LineString>
      <coordinates>
        -114.289722,34.144722,50
        -115.394435,32.971469,50
      </coordinates>
    </LineString>
  </Placemark>
  <Placemark>
    <styleUrl>#powerline2</styleUrl>
    <name>MEXICO (2000) --> MIGUEL (2202)</name>
    <LineString>
      <coordinates>
        -115.436076,32.227887,50
        -116.982615,32.680823,50
      </coordinates>
    </LineString>
  </Placemark>
  <Placemark>
    <styleUrl>#powerline2</styleUrl>
    <name>MEXICO (2000) --> IMPRLVLY (2302)</name>
    <LineString>
      <coordinates>
        -115.436076,32.227887,50
        -115.564590,32.856407,50
      </coordinates>
    </LineString>
  </Placemark>
  <Placemark>
    <styleUrl>#powerline2</styleUrl>
    <name>IMPERIAL (2100) --> IMPRLVLY (2302)</name>
    <LineString>
      <coordinates>
        -115.394435,32.971469,50
        -115.564590,32.856407,50
      </coordinates>
    </LineString>
  </Placemark>
  <Placemark>
    <styleUrl>#powerline5</styleUrl>
    <name>MIGUEL (2201) --> IMPRLVLY (2301)</name>
    <LineString>
      <coordinates>
        -116.982615,32.680823,50
        -115.564590,32.856407,50
      </coordinates>
    </LineString>
  </Placemark>
  <Placemark>
    <styleUrl>#powerline2</styleUrl>
    <name>MIGUEL (2202) --> MISSION (2203)</name>
    <LineString>
      <coordinates>
        -116.982615,32.680823,50
        -117.137829,32.784153,50
      </coordinates>
    </LineString>
  </Placemark>
  <Placemark>
    <styleUrl>#powerline2</styleUrl>
    <name>MIGUEL (2202) --> MISSION (2203)</name>
    <LineString>
      <coordinates>
        -116.982615,32.680823,50
        -117.137829,32.784153,50
      </coordinates>
    </LineString>
  </Placemark>
  <Placemark>
    <styleUrl>#powerline2</styleUrl>
    <name>MIGUEL (2202) --> S.ONOFRE (2503)</name>
    <LineString>
      <coordinates>
        -116.982615,32.680823,50
        -117.557619,33.370212,50
      </coordinates>
    </LineString>
  </Placemark>
  <Placemark>
    <styleUrl>#powerline2</styleUrl>
    <name>MISSION (2203) --> S.ONOFRE (2503)</name>
    <LineString>
      <coordinates>
        -117.137829,32.784153,50
        -117.557619,33.370212,50
      </coordinates>
    </LineString>
  </Placemark>
  <Placemark>
    <styleUrl>#powerline2</styleUrl>
    <name>MISSION (2203) --> S.ONOFRE (2503)</name>
    <LineString>
      <coordinates>
        -117.137829,32.784153,50
        -117.557619,33.370212,50
      </coordinates>
    </LineString>
  </Placemark>
  <Placemark>
    <styleUrl>#powerline5</styleUrl>
    <name>DEVERS (2400) --> VALLEY (2403)</name>
    <LineString>
      <coordinates>
        -116.575220,33.927377,50
        -117.224444,33.796667,50
      </coordinates>
    </LineString>
  </Placemark>
  <Placemark>
    <styleUrl>#powerline5</styleUrl>
    <name>LUGO (2401) --> MIRALOMA (2402)</name>
    <LineString>
      <coordinates>
        -117.368876,34.369347,50
        -117.564527,34.008174,50
      </coordinates>
    </LineString>
  </Placemark>
  <Placemark>
    <styleUrl>#powerline5</styleUrl>
    <name>LUGO (2401) --> MIRALOMA (2402)</name>
    <LineString>
      <coordinates>
        -117.368876,34.369347,50
        -117.564527,34.008174,50
      </coordinates>
    </LineString>
  </Placemark>
  <Placemark>
    <styleUrl>#powerline5</styleUrl>
    <name>LUGO (2401) --> VINCENT (2404)</name>
    <LineString>
      <coordinates>
        -117.368876,34.369347,50
        -118.121470,34.488498,50
      </coordinates>
    </LineString>
  </Placemark>
  <Placemark>
    <styleUrl>#powerline5</styleUrl>
    <name>LUGO (2401) --> VINCENT (2404)</name>
    <LineString>
      <coordinates>
        -117.368876,34.369347,50
        -118.121470,34.488498,50
      </coordinates>
    </LineString>
  </Placemark>
  <Placemark>
    <styleUrl>#powerline5</styleUrl>
    <name>LUGO (2401) --> SERRANO (2501)</name>
    <LineString>
      <coordinates>
        -117.368876,34.369347,50
        -117.790130,33.828436,50
      </coordinates>
    </LineString>
  </Placemark>
  <Placemark>
    <styleUrl>#powerline5</styleUrl>
    <name>LUGO (2401) --> VICTORVL (2603)</name>
    <LineString>
      <coordinates>
        -117.368876,34.369347,50
        -117.321570,34.565195,50
      </coordinates>
    </LineString>
  </Placemark>
  <Placemark>
    <styleUrl>#powerline5</styleUrl>
    <name>LUGO (2401) --> ELDORADO (2901)</name>
    <LineString>
      <coordinates>
        -117.368876,34.369347,50
        -115.012448,35.799967,50
      </coordinates>
    </LineString>
  </Placemark>
  <Placemark>
    <styleUrl>#powerline5</styleUrl>
    <name>LUGO (2401) --> MOHAVE (2902)</name>
    <LineString>
      <coordinates>
        -117.368876,34.369347,50
        -118.173889,35.052500,50
      </coordinates>
    </LineString>
  </Placemark>
  <Placemark>
    <styleUrl>#powerline5</styleUrl>
    <name>MIRALOMA (2402) --> SERRANO (2501)</name>
    <LineString>
      <coordinates>
        -117.564527,34.008174,50
        -117.790130,33.828436,50
      </coordinates>
    </LineString>
  </Placemark>
  <Placemark>
    <styleUrl>#powerline5</styleUrl>
    <name>VALLEY (2403) --> SERRANO (2501)</name>
    <LineString>
      <coordinates>
        -117.224444,33.796667,50
        -117.790130,33.828436,50
      </coordinates>
    </LineString>
  </Placemark>
  <Placemark>
    <styleUrl>#powerline5</styleUrl>
    <name>VINCENT (2404) --> MIDWAY2 (3893)</name>
    <LineString>
      <coordinates>
        -118.121470,34.488498,50
        -119.456003,35.408481,50
      </coordinates>
    </LineString>
  </Placemark>
  <Placemark>
    <styleUrl>#powerline5</styleUrl>
    <name>VINCENT (2404) --> MIDWAY4 (3895)</name>
    <LineString>
      <coordinates>
        -118.121470,34.488498,50
        -119.456003,35.408481,50
      </coordinates>
    </LineString>
  </Placemark>
  <Placemark>
    <styleUrl>#powerline5</styleUrl>
    <name>VINCENT (2404) --> MIDWAY6 (3897)</name>
    <LineString>
      <coordinates>
        -118.121470,34.488498,50
        -119.456003,35.408481,50
      </coordinates>
    </LineString>
  </Placemark>
  <Placemark>
    <styleUrl>#powerline2</styleUrl>
    <name>SYLMAR S (2405) --> EAGLROCK (2406)</name>
    <LineString>
      <coordinates>
        -118.495046,34.317296,50
        -118.184526,34.150436,50
      </coordinates>
    </LineString>
  </Placemark>
  <Placemark>
    <styleUrl>#powerline2</styleUrl>
    <name>SYLMAR S (2405) --> PARDEE (2410)</name>
    <LineString>
      <coordinates>
        -118.495046,34.317296,50
        -118.588440,34.442694,50
      </coordinates>
    </LineString>
  </Placemark>
  <Placemark>
    <styleUrl>#powerline2</styleUrl>
    <name>SYLMAR S (2405) --> PARDEE (2410)</name>
    <LineString>
      <coordinates>
        -118.495046,34.317296,50
        -118.588440,34.442694,50
      </coordinates>
    </LineString>
  </Placemark>
  <Placemark>
    <styleUrl>#powerline2</styleUrl>
    <name>EAGLROCK (2406) --> MESA CAL (2408)</name>
    <LineString>
      <coordinates>
        -118.184526,34.150436,50
        -118.110120,34.037233,50
      </coordinates>
    </LineString>
  </Placemark>
  <Placemark>
    <styleUrl>#powerline2</styleUrl>
    <name>EAGLROCK (2406) --> PARDEE (2410)</name>
    <LineString>
      <coordinates>
        -118.184526,34.150436,50
        -118.588440,34.442694,50
      </coordinates>
    </LineString>
  </Placemark>
  <Placemark>
    <styleUrl>#powerline2</styleUrl>
    <name>LITEHIPE (2407) --> MESA CAL (2408)</name>
    <LineString>
      <coordinates>
        -118.175222,33.879856,50
        -118.110120,34.037233,50
      </coordinates>
    </LineString>
  </Placemark>
  <Placemark>
    <styleUrl>#powerline2</styleUrl>
    <name>MESA CAL (2408) --> MIRALOMA (2409)</name>
    <LineString>
      <coordinates>
        -118.110120,34.037233,50
        -117.564527,34.008174,50
      </coordinates>
    </LineString>
  </Placemark>
  <Placemark>
    <styleUrl>#powerline2</styleUrl>
    <name>MESA CAL (2408) --> MIRALOMA (2409)</name>
    <LineString>
      <coordinates>
        -118.110120,34.037233,50
        -117.564527,34.008174,50
      </coordinates>
    </LineString>
  </Placemark>
  <Placemark>
    <styleUrl>#powerline2</styleUrl>
    <name>MESA CAL (2408) --> VINCENT (2411)</name>
    <LineString>
      <coordinates>
        -118.110120,34.037233,50
        -118.121470,34.488498,50
      </coordinates>
    </LineString>
  </Placemark>
  <Placemark>
    <styleUrl>#powerline2</styleUrl>
    <name>MESA CAL (2408) --> SERRANO (2502)</name>
    <LineString>
      <coordinates>
        -118.110120,34.037233,50
        -117.790130,33.828436,50
      </coordinates>
    </LineString>
  </Placemark>
  <Placemark>
    <styleUrl>#powerline2</styleUrl>
    <name>MIRALOMA (2409) --> SERRANO (2502)</name>
    <LineString>
      <coordinates>
        -117.564527,34.008174,50
        -117.790130,33.828436,50
      </coordinates>
    </LineString>
  </Placemark>
  <Placemark>
    <styleUrl>#powerline2</styleUrl>
    <name>MIRALOMA (2409) --> S.ONOFRE (2503)</name>
    <LineString>
      <coordinates>
        -117.564527,34.008174,50
        -117.557619,33.370212,50
      </coordinates>
    </LineString>
  </Placemark>
  <Placemark>
    <styleUrl>#powerline2</styleUrl>
    <name>PARDEE (2410) --> VINCENT (2411)</name>
    <LineString>
      <coordinates>
        -118.588440,34.442694,50
        -118.121470,34.488498,50
      </coordinates>
    </LineString>
  </Placemark>
  <Placemark>
    <styleUrl>#powerline2</styleUrl>
    <name>PARDEE (2410) --> VINCENT (2411)</name>
    <LineString>
      <coordinates>
        -118.588440,34.442694,50
        -118.121470,34.488498,50
      </coordinates>
    </LineString>
  </Placemark>
  <Placemark>
    <styleUrl>#powerline2</styleUrl>
    <name>SERRANO (2502) --> S.ONOFRE (2503)</name>
    <LineString>
      <coordinates>
        -117.790130,33.828436,50
        -117.557619,33.370212,50
      </coordinates>
    </LineString>
  </Placemark>
  <Placemark>
    <styleUrl>#powerline2</styleUrl>
    <name>SERRANO (2502) --> S.ONOFRE (2503)</name>
    <LineString>
      <coordinates>
        -117.790130,33.828436,50
        -117.557619,33.370212,50
      </coordinates>
    </LineString>
  </Placemark>
  <Placemark>
    <styleUrl>#powerline5</styleUrl>
    <name>ADELANTO (2600) --> RINALDI (2601)</name>
    <LineString>
      <coordinates>
        -117.437004,34.552197,50
        -118.484219,34.285768,50
      </coordinates>
    </LineString>
  </Placemark>
  <Placemark>
    <styleUrl>#powerline5</styleUrl>
    <name>ADELANTO (2600) --> STA E (2602)</name>
    <LineString>
      <coordinates>
        -117.437004,34.552197,50
        -118.360306,34.176429,50
      </coordinates>
    </LineString>
  </Placemark>
  <Placemark>
    <styleUrl>#powerline5</styleUrl>
    <name>ADELANTO (2600) --> VICTORVL (2603)</name>
    <LineString>
      <coordinates>
        -117.437004,34.552197,50
        -117.321570,34.565195,50
      </coordinates>
    </LineString>
  </Placemark>
  <Placemark>
    <styleUrl>#powerline5</styleUrl>
    <name>ADELANTO (2600) --> VICTORVL (2603)</name>
    <LineString>
      <coordinates>
        -117.437004,34.552197,50
        -117.321570,34.565195,50
      </coordinates>
    </LineString>
  </Placemark>
  <Placemark>
    <styleUrl>#powerline5</styleUrl>
    <name>RINALDI (2601) --> VICTORVL (2603)</name>
    <LineString>
      <coordinates>
        -118.484219,34.285768,50
        -117.321570,34.565195,50
      </coordinates>
    </LineString>
  </Placemark>
  <Placemark>
    <styleUrl>#powerline5</styleUrl>
    <name>VICTORVL (2603) --> ELDORADO (2901)</name>
    <LineString>
      <coordinates>
        -117.321570,34.565195,50
        -115.012448,35.799967,50
      </coordinates>
    </LineString>
  </Placemark>
  <Placemark>
    <styleUrl>#powerline3</styleUrl>
    <name>INTERMT (2604) --> GONDER (6404)</name>
    <LineString>
      <coordinates>
        -112.580826,39.500381,50
        -114.707350,39.476861,50
      </coordinates>
    </LineString>
  </Placemark>
  <Placemark>
    <styleUrl>#powerline3</styleUrl>
    <name>INTERMT (2604) --> MONA (6504)</name>
    <LineString>
      <coordinates>
        -112.580826,39.500381,50
        -111.977164,39.868637,50
      </coordinates>
    </LineString>
  </Placemark>
  <Placemark>
    <styleUrl>#powerline3</styleUrl>
    <name>INTERMT (2604) --> MONA (6504)</name>
    <LineString>
      <coordinates>
        -112.580826,39.500381,50
        -111.977164,39.868637,50
      </coordinates>
    </LineString>
  </Placemark>
  <Placemark>
    <styleUrl>#powerline2</styleUrl>
    <name>STA B1 (2605) --> VICTORVL (2607)</name>
    <LineString>
      <coordinates>
        -118.204015,34.015353,50
        -117.321570,34.565195,50
      </coordinates>
    </LineString>
  </Placemark>
  <Placemark>
    <styleUrl>#powerline2</styleUrl>
    <name>STA B2 (2606) --> VICTORVL (2607)</name>
    <LineString>
      <coordinates>
        -118.204015,34.015353,50
        -117.321570,34.565195,50
      </coordinates>
    </LineString>
  </Placemark>
  <Placemark>
    <styleUrl>#powerline2</styleUrl>
    <name>CASTAIC (2608) --> OLIVE (2611)</name>
    <LineString>
      <coordinates>
        -118.663274,34.589863,50
        -118.455696,34.311310,50
      </coordinates>
    </LineString>
  </Placemark>
  <Placemark>
    <styleUrl>#powerline2</styleUrl>
    <name>CASTAIC (2608) --> RINALDI (2612)</name>
    <LineString>
      <coordinates>
        -118.663274,34.589863,50
        -118.484219,34.285768,50
      </coordinates>
    </LineString>
  </Placemark>
  <Placemark>
    <styleUrl>#powerline2</styleUrl>
    <name>CASTAIC (2608) --> STA J (2618)</name>
    <LineString>
      <coordinates>
        -118.663274,34.589863,50
        -118.550256,34.234263,50
      </coordinates>
    </LineString>
  </Placemark>
  <Placemark>
    <styleUrl>#powerline2</styleUrl>
    <name>CASTAIC (2608) --> SYLMARLA (2619)</name>
    <LineString>
      <coordinates>
        -118.663274,34.589863,50
        -118.495046,34.317296,50
      </coordinates>
    </LineString>
  </Placemark>
  <Placemark>
    <styleUrl>#powerline2</styleUrl>
    <name>GLENDAL (2609) --> STA E (2615)</name>
    <LineString>
      <coordinates>
        -118.255000,34.146111,50
        -118.360306,34.176429,50
      </coordinates>
    </LineString>
  </Placemark>
  <Placemark>
    <styleUrl>#powerline2</styleUrl>
    <name>GLENDAL (2609) --> STA G (2617)</name>
    <LineString>
      <coordinates>
        -118.255000,34.146111,50
        -118.254629,34.109480,50
      </coordinates>
    </LineString>
  </Placemark>
  <Placemark>
    <styleUrl>#powerline2</styleUrl>
    <name>HAYNES (2610) --> RIVER (2613)</name>
    <LineString>
      <coordinates>
        -117.911364,33.697565,50
        -118.230212,34.037697,50
      </coordinates>
    </LineString>
  </Placemark>
  <Placemark>
    <styleUrl>#powerline2</styleUrl>
    <name>HAYNES (2610) --> RIVER (2613)</name>
    <LineString>
      <coordinates>
        -117.911364,33.697565,50
        -118.230212,34.037697,50
      </coordinates>
    </LineString>
  </Placemark>
  <Placemark>
    <styleUrl>#powerline2</styleUrl>
    <name>HAYNES (2610) --> STA F (2616)</name>
    <LineString>
      <coordinates>
        -117.911364,33.697565,50
        -118.204015,34.015353,50
      </coordinates>
    </LineString>
  </Placemark>
  <Placemark>
    <styleUrl>#powerline2</styleUrl>
    <name>HAYNES (2610) --> STA G (2617)</name>
    <LineString>
      <coordinates>
        -117.911364,33.697565,50
        -118.254629,34.109480,50
      </coordinates>
    </LineString>
  </Placemark>
  <Placemark>
    <styleUrl>#powerline2</styleUrl>
    <name>OLIVE (2611) --> RINALDI (2612)</name>
    <LineString>
      <coordinates>
        -118.455696,34.311310,50
        -118.484219,34.285768,50
      </coordinates>
    </LineString>
  </Placemark>
  <Placemark>
    <styleUrl>#powerline2</styleUrl>
    <name>RINALDI (2612) --> STA E (2615)</name>
    <LineString>
      <coordinates>
        -118.484219,34.285768,50
        -118.360306,34.176429,50
      </coordinates>
    </LineString>
  </Placemark>
  <Placemark>
    <styleUrl>#powerline2</styleUrl>
    <name>RINALDI (2612) --> STA E (2615)</name>
    <LineString>
      <coordinates>
        -118.484219,34.285768,50
        -118.360306,34.176429,50
      </coordinates>
    </LineString>
  </Placemark>
  <Placemark>
    <styleUrl>#powerline2</styleUrl>
    <name>RINALDI (2612) --> STA J (2618)</name>
    <LineString>
      <coordinates>
        -118.484219,34.285768,50
        -118.550256,34.234263,50
      </coordinates>
    </LineString>
  </Placemark>
  <Placemark>
    <styleUrl>#powerline2</styleUrl>
    <name>RINALDI (2612) --> STA J (2618)</name>
    <LineString>
      <coordinates>
        -118.484219,34.285768,50
        -118.550256,34.234263,50
      </coordinates>
    </LineString>
  </Placemark>
  <Placemark>
    <styleUrl>#powerline2</styleUrl>
    <name>RINALDI (2612) --> STA J (2618)</name>
    <LineString>
      <coordinates>
        -118.484219,34.285768,50
        -118.550256,34.234263,50
      </coordinates>
    </LineString>
  </Placemark>
  <Placemark>
    <styleUrl>#powerline2</styleUrl>
    <name>RINALDI (2612) --> STA J (2618)</name>
    <LineString>
      <coordinates>
        -118.484219,34.285768,50
        -118.550256,34.234263,50
      </coordinates>
    </LineString>
  </Placemark>
  <Placemark>
    <styleUrl>#powerline2</styleUrl>
    <name>RINALDI (2612) --> SYLMARLA (2619)</name>
    <LineString>
      <coordinates>
        -118.484219,34.285768,50
        -118.495046,34.317296,50
      </coordinates>
    </LineString>
  </Placemark>
  <Placemark>
    <styleUrl>#powerline2</styleUrl>
    <name>RINALDI (2612) --> SYLMARLA (2619)</name>
    <LineString>
      <coordinates>
        -118.484219,34.285768,50
        -118.495046,34.317296,50
      </coordinates>
    </LineString>
  </Placemark>
  <Placemark>
    <styleUrl>#powerline2</styleUrl>
    <name>RINALDI (2612) --> SYLMARLA (2619)</name>
    <LineString>
      <coordinates>
        -118.484219,34.285768,50
        -118.495046,34.317296,50
      </coordinates>
    </LineString>
  </Placemark>
  <Placemark>
    <styleUrl>#powerline2</styleUrl>
    <name>RINALDI (2612) --> VALLEY (2620)</name>
    <LineString>
      <coordinates>
        -118.484219,34.285768,50
        -117.224444,33.796667,50
      </coordinates>
    </LineString>
  </Placemark>
  <Placemark>
    <styleUrl>#powerline2</styleUrl>
    <name>RINALDI (2612) --> VALLEY (2620)</name>
    <LineString>
      <coordinates>
        -118.484219,34.285768,50
        -117.224444,33.796667,50
      </coordinates>
    </LineString>
  </Placemark>
  <Placemark>
    <styleUrl>#powerline2</styleUrl>
    <name>RIVER (2613) --> STA F (2616)</name>
    <LineString>
      <coordinates>
        -118.230212,34.037697,50
        -118.204015,34.015353,50
      </coordinates>
    </LineString>
  </Placemark>
  <Placemark>
    <styleUrl>#powerline2</styleUrl>
    <name>RIVER (2613) --> STA G (2617)</name>
    <LineString>
      <coordinates>
        -118.230212,34.037697,50
        -118.254629,34.109480,50
      </coordinates>
    </LineString>
  </Placemark>
  <Placemark>
    <styleUrl>#powerline2</styleUrl>
    <name>STA BLD (2614) --> STA F (2616)</name>
    <LineString>
      <coordinates>
        -118.204015,34.015353,50
        -118.204015,34.015353,50
      </coordinates>
    </LineString>
  </Placemark>
  <Placemark>
    <styleUrl>#powerline2</styleUrl>
    <name>STA BLD (2614) --> STA F (2616)</name>
    <LineString>
      <coordinates>
        -118.204015,34.015353,50
        -118.204015,34.015353,50
      </coordinates>
    </LineString>
  </Placemark>
  <Placemark>
    <styleUrl>#powerline2</styleUrl>
    <name>STA E (2615) --> STA G (2617)</name>
    <LineString>
      <coordinates>
        -118.360306,34.176429,50
        -118.254629,34.109480,50
      </coordinates>
    </LineString>
  </Placemark>
  <Placemark>
    <styleUrl>#powerline2</styleUrl>
    <name>STA E (2615) --> STA G (2617)</name>
    <LineString>
      <coordinates>
        -118.360306,34.176429,50
        -118.254629,34.109480,50
      </coordinates>
    </LineString>
  </Placemark>
  <Placemark>
    <styleUrl>#powerline2</styleUrl>
    <name>STA E (2615) --> VALLEY (2620)</name>
    <LineString>
      <coordinates>
        -118.360306,34.176429,50
        -117.224444,33.796667,50
      </coordinates>
    </LineString>
  </Placemark>
  <Placemark>
    <styleUrl>#powerline2</styleUrl>
    <name>STA F (2616) --> STA G (2617)</name>
    <LineString>
      <coordinates>
        -118.204015,34.015353,50
        -118.254629,34.109480,50
      </coordinates>
    </LineString>
  </Placemark>
  <Placemark>
    <styleUrl>#powerline5</styleUrl>
    <name>ELDORADO (2901) --> MOHAVE (2902)</name>
    <LineString>
      <coordinates>
        -115.012448,35.799967,50
        -118.173889,35.052500,50
      </coordinates>
    </LineString>
  </Placemark>
  <Placemark>
    <styleUrl>#powerline2</styleUrl>
    <name>EMBRCDRD (3101) --> MARTIN (3102)</name>
    <LineString>
      <coordinates>
        -122.395045,37.788555,50
        -122.410274,37.704337,50
      </coordinates>
    </LineString>
  </Placemark>
  <Placemark>
    <styleUrl>#powerline2</styleUrl>
    <name>EMBRCDRD (3101) --> MARTIN (3102)</name>
    <LineString>
      <coordinates>
        -122.395045,37.788555,50
        -122.410274,37.704337,50
      </coordinates>
    </LineString>
  </Placemark>
  <Placemark>
    <styleUrl>#powerline2</styleUrl>
    <name>MARTIN (3102) --> SANMATEO (3103)</name>
    <LineString>
      <coordinates>
        -122.410274,37.704337,50
        -122.318546,37.582985,50
      </coordinates>
    </LineString>
  </Placemark>
  <Placemark>
    <styleUrl>#powerline2</styleUrl>
    <name>MARTIN (3102) --> SANMATEO (3103)</name>
    <LineString>
      <coordinates>
        -122.410274,37.704337,50
        -122.318546,37.582985,50
      </coordinates>
    </LineString>
  </Placemark>
  <Placemark>
    <styleUrl>#powerline2</styleUrl>
    <name>MARTIN (3102) --> SANMATEO (3103)</name>
    <LineString>
      <coordinates>
        -122.410274,37.704337,50
        -122.318546,37.582985,50
      </coordinates>
    </LineString>
  </Placemark>
  <Placemark>
    <styleUrl>#powerline2</styleUrl>
    <name>MARTIN (3102) --> JEFFERSN (3302)</name>
    <LineString>
      <coordinates>
        -122.410274,37.704337,50
        -122.204217,37.419806,50
      </coordinates>
    </LineString>
  </Placemark>
  <Placemark>
    <styleUrl>#powerline2</styleUrl>
    <name>SANMATEO (3103) --> PITSBURG (3204)</name>
    <LineString>
      <coordinates>
        -122.318546,37.582985,50
        -121.897096,38.037129,50
      </coordinates>
    </LineString>
  </Placemark>
  <Placemark>
    <styleUrl>#powerline2</styleUrl>
    <name>SANMATEO (3103) --> PITSBURG (3204)</name>
    <LineString>
      <coordinates>
        -122.318546,37.582985,50
        -121.897096,38.037129,50
      </coordinates>
    </LineString>
  </Placemark>
  <Placemark>
    <styleUrl>#powerline2</styleUrl>
    <name>SANMATEO (3103) --> RAVENSWD (3305)</name>
    <LineString>
      <coordinates>
        -122.318546,37.582985,50
        -122.138182,37.494231,50
      </coordinates>
    </LineString>
  </Placemark>
  <Placemark>
    <styleUrl>#powerline2</styleUrl>
    <name>SANMATEO (3103) --> RAVENSWD (3305)</name>
    <LineString>
      <coordinates>
        -122.318546,37.582985,50
        -122.138182,37.494231,50
      </coordinates>
    </LineString>
  </Placemark>
  <Placemark>
    <styleUrl>#powerline1</styleUrl>
    <name>MARTIN (3104) --> POTRERO (3105)</name>
    <LineString>
      <coordinates>
        -122.410274,37.704337,50
        -122.398000,37.758430,50
      </coordinates>
    </LineString>
  </Placemark>
  <Placemark>
    <styleUrl>#powerline2</styleUrl>
    <name>C.COSTA (3201) --> MORAGA (3202)</name>
    <LineString>
      <coordinates>
        -122.031111,37.978056,50
        -122.160880,37.848161,50
      </coordinates>
    </LineString>
  </Placemark>
  <Placemark>
    <styleUrl>#powerline2</styleUrl>
    <name>C.COSTA (3201) --> MORAGA (3202)</name>
    <LineString>
      <coordinates>
        -122.031111,37.978056,50
        -122.160880,37.848161,50
      </coordinates>
    </LineString>
  </Placemark>
  <Placemark>
    <styleUrl>#powerline2</styleUrl>
    <name>C.COSTA (3201) --> NEWARK (3203)</name>
    <LineString>
      <coordinates>
        -122.031111,37.978056,50
        -121.987444,37.501131,50
      </coordinates>
    </LineString>
  </Placemark>
  <Placemark>
    <styleUrl>#powerline2</styleUrl>
    <name>C.COSTA (3201) --> NEWARK (3203)</name>
    <LineString>
      <coordinates>
        -122.031111,37.978056,50
        -121.987444,37.501131,50
      </coordinates>
    </LineString>
  </Placemark>
  <Placemark>
    <styleUrl>#powerline2</styleUrl>
    <name>C.COSTA (3201) --> TESLA (3923)</name>
    <LineString>
      <coordinates>
        -122.031111,37.978056,50
        -121.565283,37.712470,50
      </coordinates>
    </LineString>
  </Placemark>
  <Placemark>
    <styleUrl>#powerline2</styleUrl>
    <name>C.COSTA (3201) --> TESLA (3923)</name>
    <LineString>
      <coordinates>
        -122.031111,37.978056,50
        -121.565283,37.712470,50
      </coordinates>
    </LineString>
  </Placemark>
  <Placemark>
    <styleUrl>#powerline2</styleUrl>
    <name>C.COSTA (3201) --> VACA-DIX (3924)</name>
    <LineString>
      <coordinates>
        -122.031111,37.978056,50
        -121.918134,38.404370,50
      </coordinates>
    </LineString>
  </Placemark>
  <Placemark>
    <styleUrl>#powerline2</styleUrl>
    <name>C.COSTA (3201) --> VACA-DIX (3924)</name>
    <LineString>
      <coordinates>
        -122.031111,37.978056,50
        -121.918134,38.404370,50
      </coordinates>
    </LineString>
  </Placemark>
  <Placemark>
    <styleUrl>#powerline2</styleUrl>
    <name>MORAGA (3202) --> NEWARK (3203)</name>
    <LineString>
      <coordinates>
        -122.160880,37.848161,50
        -121.987444,37.501131,50
      </coordinates>
    </LineString>
  </Placemark>
  <Placemark>
    <styleUrl>#powerline2</styleUrl>
    <name>MORAGA (3202) --> NEWARK (3203)</name>
    <LineString>
      <coordinates>
        -122.160880,37.848161,50
        -121.987444,37.501131,50
      </coordinates>
    </LineString>
  </Placemark>
  <Placemark>
    <styleUrl>#powerline2</styleUrl>
    <name>MORAGA (3202) --> PITSBURG (3204)</name>
    <LineString>
      <coordinates>
        -122.160880,37.848161,50
        -121.897096,38.037129,50
      </coordinates>
    </LineString>
  </Placemark>
  <Placemark>
    <styleUrl>#powerline2</styleUrl>
    <name>MORAGA (3202) --> SOBRANTE (3205)</name>
    <LineString>
      <coordinates>
        -122.160880,37.848161,50
        -122.208867,37.905327,50
      </coordinates>
    </LineString>
  </Placemark>
  <Placemark>
    <styleUrl>#powerline2</styleUrl>
    <name>MORAGA (3202) --> VACA-DIX (3924)</name>
    <LineString>
      <coordinates>
        -122.160880,37.848161,50
        -121.918134,38.404370,50
      </coordinates>
    </LineString>
  </Placemark>
  <Placemark>
    <styleUrl>#powerline2</styleUrl>
    <name>MORAGA (3202) --> VACA-DIX (3924)</name>
    <LineString>
      <coordinates>
        -122.160880,37.848161,50
        -121.918134,38.404370,50
      </coordinates>
    </LineString>
  </Placemark>
  <Placemark>
    <styleUrl>#powerline2</styleUrl>
    <name>NEWARK (3203) --> PITSBURG (3204)</name>
    <LineString>
      <coordinates>
        -121.987444,37.501131,50
        -121.897096,38.037129,50
      </coordinates>
    </LineString>
  </Placemark>
  <Placemark>
    <styleUrl>#powerline2</styleUrl>
    <name>NEWARK (3203) --> METCALF (3303)</name>
    <LineString>
      <coordinates>
        -121.987444,37.501131,50
        -121.746496,37.222363,50
      </coordinates>
    </LineString>
  </Placemark>
  <Placemark>
    <styleUrl>#powerline2</styleUrl>
    <name>NEWARK (3203) --> METCALF (3303)</name>
    <LineString>
      <coordinates>
        -121.987444,37.501131,50
        -121.746496,37.222363,50
      </coordinates>
    </LineString>
  </Placemark>
  <Placemark>
    <styleUrl>#powerline2</styleUrl>
    <name>NEWARK (3203) --> RAVENSWD (3305)</name>
    <LineString>
      <coordinates>
        -121.987444,37.501131,50
        -122.138182,37.494231,50
      </coordinates>
    </LineString>
  </Placemark>
  <Placemark>
    <styleUrl>#powerline2</styleUrl>
    <name>NEWARK (3203) --> TESLA (3923)</name>
    <LineString>
      <coordinates>
        -121.987444,37.501131,50
        -121.565283,37.712470,50
      </coordinates>
    </LineString>
  </Placemark>
  <Placemark>
    <styleUrl>#powerline2</styleUrl>
    <name>NEWARK (3203) --> TESLA (3923)</name>
    <LineString>
      <coordinates>
        -121.987444,37.501131,50
        -121.565283,37.712470,50
      </coordinates>
    </LineString>
  </Placemark>
  <Placemark>
    <styleUrl>#powerline2</styleUrl>
    <name>PITSBURG (3204) --> SOBRANTE (3205)</name>
    <LineString>
      <coordinates>
        -121.897096,38.037129,50
        -122.208867,37.905327,50
      </coordinates>
    </LineString>
  </Placemark>
  <Placemark>
    <styleUrl>#powerline2</styleUrl>
    <name>PITSBURG (3204) --> SOBRANTE (3205)</name>
    <LineString>
      <coordinates>
        -121.897096,38.037129,50
        -122.208867,37.905327,50
      </coordinates>
    </LineString>
  </Placemark>
  <Placemark>
    <styleUrl>#powerline2</styleUrl>
    <name>PITSBURG (3204) --> TESLA (3923)</name>
    <LineString>
      <coordinates>
        -121.897096,38.037129,50
        -121.565283,37.712470,50
      </coordinates>
    </LineString>
  </Placemark>
  <Placemark>
    <styleUrl>#powerline2</styleUrl>
    <name>PITSBURG (3204) --> TESLA (3923)</name>
    <LineString>
      <coordinates>
        -121.897096,38.037129,50
        -121.565283,37.712470,50
      </coordinates>
    </LineString>
  </Placemark>
  <Placemark>
    <styleUrl>#powerline2</styleUrl>
    <name>SOBRANTE (3205) --> IGNACIO (3914)</name>
    <LineString>
      <coordinates>
        -122.208867,37.905327,50
        -122.538611,38.070278,50
      </coordinates>
    </LineString>
  </Placemark>
  <Placemark>
    <styleUrl>#powerline2</styleUrl>
    <name>SOBRANTE (3205) --> LAKEVILE (3915)</name>
    <LineString>
      <coordinates>
        -122.208867,37.905327,50
        -122.583996,38.249937,50
      </coordinates>
    </LineString>
  </Placemark>
  <Placemark>
    <styleUrl>#powerline5</styleUrl>
    <name>METCALF (3301) --> MOSSLAND (3902)</name>
    <LineString>
      <coordinates>
        -121.746496,37.222363,50
        -121.732796,36.737604,50
      </coordinates>
    </LineString>
  </Placemark>
  <Placemark>
    <styleUrl>#powerline5</styleUrl>
    <name>METCALF (3301) --> TESLA (3903)</name>
    <LineString>
      <coordinates>
        -121.746496,37.222363,50
        -121.565283,37.712470,50
      </coordinates>
    </LineString>
  </Placemark>
  <Placemark>
    <styleUrl>#powerline2</styleUrl>
    <name>JEFFERSN (3302) --> MONTAVIS (3304)</name>
    <LineString>
      <coordinates>
        -122.204217,37.419806,50
        -122.073790,37.322286,50
      </coordinates>
    </LineString>
  </Placemark>
  <Placemark>
    <styleUrl>#powerline2</styleUrl>
    <name>JEFFERSN (3302) --> MONTAVIS (3304)</name>
    <LineString>
      <coordinates>
        -122.204217,37.419806,50
        -122.073790,37.322286,50
      </coordinates>
    </LineString>
  </Placemark>
  <Placemark>
    <styleUrl>#powerline2</styleUrl>
    <name>METCALF (3303) --> MONTAVIS (3304)</name>
    <LineString>
      <coordinates>
        -121.746496,37.222363,50
        -122.073790,37.322286,50
      </coordinates>
    </LineString>
  </Placemark>
  <Placemark>
    <styleUrl>#powerline2</styleUrl>
    <name>METCALF (3303) --> MONTAVIS (3304)</name>
    <LineString>
      <coordinates>
        -121.746496,37.222363,50
        -122.073790,37.322286,50
      </coordinates>
    </LineString>
  </Placemark>
  <Placemark>
    <styleUrl>#powerline2</styleUrl>
    <name>METCALF (3303) --> MONTAVIS (3304)</name>
    <LineString>
      <coordinates>
        -121.746496,37.222363,50
        -122.073790,37.322286,50
      </coordinates>
    </LineString>
  </Placemark>
  <Placemark>
    <styleUrl>#powerline2</styleUrl>
    <name>METCALF (3303) --> MOSSLAND (3918)</name>
    <LineString>
      <coordinates>
        -121.746496,37.222363,50
        -121.732796,36.737604,50
      </coordinates>
    </LineString>
  </Placemark>
  <Placemark>
    <styleUrl>#powerline2</styleUrl>
    <name>METCALF (3303) --> MOSSLAND (3918)</name>
    <LineString>
      <coordinates>
        -121.746496,37.222363,50
        -121.732796,36.737604,50
      </coordinates>
    </LineString>
  </Placemark>
  <Placemark>
    <styleUrl>#powerline2</styleUrl>
    <name>RAVENSWD (3305) --> TESLA (3923)</name>
    <LineString>
      <coordinates>
        -122.138182,37.494231,50
        -121.565283,37.712470,50
      </coordinates>
    </LineString>
  </Placemark>
  <Placemark>
    <styleUrl>#powerline2</styleUrl>
    <name>GREGG (3401) --> HELMS PP (3402)</name>
    <LineString>
      <coordinates>
        -119.924420,36.850535,50
        -118.946978,37.039937,50
      </coordinates>
    </LineString>
  </Placemark>
  <Placemark>
    <styleUrl>#powerline2</styleUrl>
    <name>GREGG (3401) --> HELMS PP (3402)</name>
    <LineString>
      <coordinates>
        -119.924420,36.850535,50
        -118.946978,37.039937,50
      </coordinates>
    </LineString>
  </Placemark>
  <Placemark>
    <styleUrl>#powerline2</styleUrl>
    <name>GREGG (3401) --> PANOCHE (3404)</name>
    <LineString>
      <coordinates>
        -119.924420,36.850535,50
        -120.466280,36.675814,50
      </coordinates>
    </LineString>
  </Placemark>
  <Placemark>
    <styleUrl>#powerline2</styleUrl>
    <name>GREGG (3401) --> WILSON (3405)</name>
    <LineString>
      <coordinates>
        -119.924420,36.850535,50
        -121.625833,38.978333,50
      </coordinates>
    </LineString>
  </Placemark>
  <Placemark>
    <styleUrl>#powerline2</styleUrl>
    <name>GREGG (3401) --> WILSON (3405)</name>
    <LineString>
      <coordinates>
        -119.924420,36.850535,50
        -121.625833,38.978333,50
      </coordinates>
    </LineString>
  </Placemark>
  <Placemark>
    <styleUrl>#powerline2</styleUrl>
    <name>GREGG (3401) --> GATES (3804)</name>
    <LineString>
      <coordinates>
        -119.924420,36.850535,50
        -120.124187,36.144321,50
      </coordinates>
    </LineString>
  </Placemark>
  <Placemark>
    <styleUrl>#powerline2</styleUrl>
    <name>MC CALL (3403) --> PANOCHE (3404)</name>
    <LineString>
      <coordinates>
        -119.639632,36.609214,50
        -120.466280,36.675814,50
      </coordinates>
    </LineString>
  </Placemark>
  <Placemark>
    <styleUrl>#powerline2</styleUrl>
    <name>MC CALL (3403) --> GATES (3804)</name>
    <LineString>
      <coordinates>
        -119.639632,36.609214,50
        -120.124187,36.144321,50
      </coordinates>
    </LineString>
  </Placemark>
  <Placemark>
    <styleUrl>#powerline2</styleUrl>
    <name>PANOCHE (3404) --> GATES (3804)</name>
    <LineString>
      <coordinates>
        -120.466280,36.675814,50
        -120.124187,36.144321,50
      </coordinates>
    </LineString>
  </Placemark>
  <Placemark>
    <styleUrl>#powerline2</styleUrl>
    <name>PANOCHE (3404) --> GATES (3804)</name>
    <LineString>
      <coordinates>
        -120.466280,36.675814,50
        -120.124187,36.144321,50
      </coordinates>
    </LineString>
  </Placemark>
  <Placemark>
    <styleUrl>#powerline2</styleUrl>
    <name>PANOCHE (3404) --> LOSBANOS (3917)</name>
    <LineString>
      <coordinates>
        -120.466280,36.675814,50
        -121.022616,37.054001,50
      </coordinates>
    </LineString>
  </Placemark>
  <Placemark>
    <styleUrl>#powerline2</styleUrl>
    <name>PANOCHE (3404) --> MOSSLAND (3918)</name>
    <LineString>
      <coordinates>
        -120.466280,36.675814,50
        -121.732796,36.737604,50
      </coordinates>
    </LineString>
  </Placemark>
  <Placemark>
    <styleUrl>#powerline2</styleUrl>
    <name>WILSON (3405) --> BELLOTA (3907)</name>
    <LineString>
      <coordinates>
        -121.625833,38.978333,50
        -121.015147,38.016220,50
      </coordinates>
    </LineString>
  </Placemark>
  <Placemark>
    <styleUrl>#powerline2</styleUrl>
    <name>WILSON (3405) --> BELLOTA (3907)</name>
    <LineString>
      <coordinates>
        -121.625833,38.978333,50
        -121.015147,38.016220,50
      </coordinates>
    </LineString>
  </Placemark>
  <Placemark>
    <styleUrl>#powerline2</styleUrl>
    <name>FULTON (3501) --> IGNACIO (3914)</name>
    <LineString>
      <coordinates>
        -122.761324,38.497952,50
        -122.538611,38.070278,50
      </coordinates>
    </LineString>
  </Placemark>
  <Placemark>
    <styleUrl>#powerline2</styleUrl>
    <name>FULTON (3501) --> LAKEVILE (3915)</name>
    <LineString>
      <coordinates>
        -122.761324,38.497952,50
        -122.583996,38.249937,50
      </coordinates>
    </LineString>
  </Placemark>
  <Placemark>
    <styleUrl>#powerline1</styleUrl>
    <name>HUMBOLDT (3601) --> COTWDPGE (3925)</name>
    <LineString>
      <coordinates>
        -124.163611,40.801944,50
        -122.265115,40.397712,50
      </coordinates>
    </LineString>
  </Placemark>
  <Placemark>
    <styleUrl>#powerline1</styleUrl>
    <name>SUMMIT (3701) --> RIO OSO (3926)</name>
    <LineString>
      <coordinates>
        -119.821944,39.527222,50
        -121.463992,38.936080,50
      </coordinates>
    </LineString>
  </Placemark>
  <Placemark>
    <styleUrl>#powerline1</styleUrl>
    <name>SUMMIT (3701) --> RIO OSO (3926)</name>
    <LineString>
      <coordinates>
        -119.821944,39.527222,50
        -121.463992,38.936080,50
      </coordinates>
    </LineString>
  </Placemark>
  <Placemark>
    <styleUrl>#powerline5</styleUrl>
    <name>DIABLO (3801) --> GATES (3802)</name>
    <LineString>
      <coordinates>
        -120.855104,35.230747,50
        -120.124187,36.144321,50
      </coordinates>
    </LineString>
  </Placemark>
  <Placemark>
    <styleUrl>#powerline5</styleUrl>
    <name>DIABLO (3801) --> MIDWAY (3803)</name>
    <LineString>
      <coordinates>
        -120.855104,35.230747,50
        -119.456003,35.408481,50
      </coordinates>
    </LineString>
  </Placemark>
  <Placemark>
    <styleUrl>#powerline5</styleUrl>
    <name>DIABLO (3801) --> MIDWAY (3803)</name>
    <LineString>
      <coordinates>
        -120.855104,35.230747,50
        -119.456003,35.408481,50
      </coordinates>
    </LineString>
  </Placemark>
  <Placemark>
    <styleUrl>#powerline5</styleUrl>
    <name>GATES (3802) --> GATES1 (3891)</name>
    <LineString>
      <coordinates>
        -120.124187,36.144321,50
        -120.124187,36.144321,50
      </coordinates>
    </LineString>
  </Placemark>
  <Placemark>
    <styleUrl>#powerline5</styleUrl>
    <name>GATES (3802) --> LOSBANOS (3901)</name>
    <LineString>
      <coordinates>
        -120.124187,36.144321,50
        -121.022616,37.054001,50
      </coordinates>
    </LineString>
  </Placemark>
  <Placemark>
    <styleUrl>#powerline5</styleUrl>
    <name>MIDWAY (3803) --> GATES1 (3891)</name>
    <LineString>
      <coordinates>
        -119.456003,35.408481,50
        -120.124187,36.144321,50
      </coordinates>
    </LineString>
  </Placemark>
  <Placemark>
    <styleUrl>#powerline5</styleUrl>
    <name>MIDWAY (3803) --> MIDWAY1 (3892)</name>
    <LineString>
      <coordinates>
        -119.456003,35.408481,50
        -119.456003,35.408481,50
      </coordinates>
    </LineString>
  </Placemark>
  <Placemark>
    <styleUrl>#powerline5</styleUrl>
    <name>MIDWAY (3803) --> MIDWAY3 (3894)</name>
    <LineString>
      <coordinates>
        -119.456003,35.408481,50
        -119.456003,35.408481,50
      </coordinates>
    </LineString>
  </Placemark>
  <Placemark>
    <styleUrl>#powerline5</styleUrl>
    <name>MIDWAY (3803) --> MIDWAY5 (3896)</name>
    <LineString>
      <coordinates>
        -119.456003,35.408481,50
        -119.456003,35.408481,50
      </coordinates>
    </LineString>
  </Placemark>
  <Placemark>
    <styleUrl>#powerline5</styleUrl>
    <name>MIDWAY (3803) --> LOSBANOS (3901)</name>
    <LineString>
      <coordinates>
        -119.456003,35.408481,50
        -121.022616,37.054001,50
      </coordinates>
    </LineString>
  </Placemark>
  <Placemark>
    <styleUrl>#powerline2</styleUrl>
    <name>GATES (3804) --> MORROBAY (3806)</name>
    <LineString>
      <coordinates>
        -120.124187,36.144321,50
        -120.858669,35.385430,50
      </coordinates>
    </LineString>
  </Placemark>
  <Placemark>
    <styleUrl>#powerline2</styleUrl>
    <name>MIDWAY (3805) --> MORROBAY (3806)</name>
    <LineString>
      <coordinates>
        -119.456003,35.408481,50
        -120.858669,35.385430,50
      </coordinates>
    </LineString>
  </Placemark>
  <Placemark>
    <styleUrl>#powerline5</styleUrl>
    <name>MIDWAY1 (3892) --> MIDWAY2 (3893)</name>
    <LineString>
      <coordinates>
        -119.456003,35.408481,50
        -119.456003,35.408481,50
      </coordinates>
    </LineString>
  </Placemark>
  <Placemark>
    <styleUrl>#powerline5</styleUrl>
    <name>MIDWAY3 (3894) --> MIDWAY4 (3895)</name>
    <LineString>
      <coordinates>
        -119.456003,35.408481,50
        -119.456003,35.408481,50
      </coordinates>
    </LineString>
  </Placemark>
  <Placemark>
    <styleUrl>#powerline5</styleUrl>
    <name>MIDWAY5 (3896) --> MIDWAY6 (3897)</name>
    <LineString>
      <coordinates>
        -119.456003,35.408481,50
        -119.456003,35.408481,50
      </coordinates>
    </LineString>
  </Placemark>
  <Placemark>
    <styleUrl>#powerline5</styleUrl>
    <name>LOSBANOS (3901) --> MOSSLAND (3902)</name>
    <LineString>
      <coordinates>
        -121.022616,37.054001,50
        -121.732796,36.737604,50
      </coordinates>
    </LineString>
  </Placemark>
  <Placemark>
    <styleUrl>#powerline5</styleUrl>
    <name>LOSBANOS (3901) --> TESLA (3903)</name>
    <LineString>
      <coordinates>
        -121.022616,37.054001,50
        -121.565283,37.712470,50
      </coordinates>
    </LineString>
  </Placemark>
  <Placemark>
    <styleUrl>#powerline5</styleUrl>
    <name>LOSBANOS (3901) --> TRACY (8002)</name>
    <LineString>
      <coordinates>
        -121.022616,37.054001,50
        -121.416448,37.747520,50
      </coordinates>
    </LineString>
  </Placemark>
  <Placemark>
    <styleUrl>#powerline5</styleUrl>
    <name>TESLA (3903) --> VACA-DIX (3904)</name>
    <LineString>
      <coordinates>
        -121.565283,37.712470,50
        -121.918134,38.404370,50
      </coordinates>
    </LineString>
  </Placemark>
  <Placemark>
    <styleUrl>#powerline5</styleUrl>
    <name>TESLA (3903) --> TABLE MT (3905)</name>
    <LineString>
      <coordinates>
        -121.565283,37.712470,50
        -121.645379,39.555480,50
      </coordinates>
    </LineString>
  </Placemark>
  <Placemark>
    <styleUrl>#powerline5</styleUrl>
    <name>TESLA (3903) --> TRACY (8002)</name>
    <LineString>
      <coordinates>
        -121.565283,37.712470,50
        -121.416448,37.747520,50
      </coordinates>
    </LineString>
  </Placemark>
  <Placemark>
    <styleUrl>#powerline5</styleUrl>
    <name>VACA-DIX (3904) --> TABLE MT (3905)</name>
    <LineString>
      <coordinates>
        -121.918134,38.404370,50
        -121.645379,39.555480,50
      </coordinates>
    </LineString>
  </Placemark>
  <Placemark>
    <styleUrl>#powerline5</styleUrl>
    <name>TABLE MT (3905) --> ROUND MT (3906)</name>
    <LineString>
      <coordinates>
        -121.645379,39.555480,50
        -121.936762,40.808138,50
      </coordinates>
    </LineString>
  </Placemark>
  <Placemark>
    <styleUrl>#powerline5</styleUrl>
    <name>ROUND MT (3906) --> MALIN (4001)</name>
    <LineString>
      <coordinates>
        -121.936762,40.808138,50
        -121.318052,42.004704,50
      </coordinates>
    </LineString>
  </Placemark>
  <Placemark>
    <styleUrl>#powerline5</styleUrl>
    <name>ROUND MT (3906) --> MALIN (4001)</name>
    <LineString>
      <coordinates>
        -121.936762,40.808138,50
        -121.318052,42.004704,50
      </coordinates>
    </LineString>
  </Placemark>
  <Placemark>
    <styleUrl>#powerline2</styleUrl>
    <name>BELLOTA (3907) --> BRIGHTON (3908)</name>
    <LineString>
      <coordinates>
        -121.015147,38.016220,50
        -121.407942,38.547942,50
      </coordinates>
    </LineString>
  </Placemark>
  <Placemark>
    <styleUrl>#powerline2</styleUrl>
    <name>BELLOTA (3907) --> TESLA (3923)</name>
    <LineString>
      <coordinates>
        -121.015147,38.016220,50
        -121.565283,37.712470,50
      </coordinates>
    </LineString>
  </Placemark>
  <Placemark>
    <styleUrl>#powerline2</styleUrl>
    <name>BELLOTA (3907) --> RNCHSECO (8004)</name>
    <LineString>
      <coordinates>
        -121.015147,38.016220,50
        -121.123005,38.344823,50
      </coordinates>
    </LineString>
  </Placemark>
  <Placemark>
    <styleUrl>#powerline2</styleUrl>
    <name>BRIGHTON (3908) --> RIO OSO (3920)</name>
    <LineString>
      <coordinates>
        -121.407942,38.547942,50
        -121.463992,38.936080,50
      </coordinates>
    </LineString>
  </Placemark>
  <Placemark>
    <styleUrl>#powerline2</styleUrl>
    <name>COLGATE (3909) --> PALERMO (3919)</name>
    <LineString>
      <coordinates>
        -121.337000,39.261700,50
        -121.538056,39.435556,50
      </coordinates>
    </LineString>
  </Placemark>
  <Placemark>
    <styleUrl>#powerline2</styleUrl>
    <name>COLGATE (3909) --> RIO OSO (3920)</name>
    <LineString>
      <coordinates>
        -121.337000,39.261700,50
        -121.463992,38.936080,50
      </coordinates>
    </LineString>
  </Placemark>
  <Placemark>
    <styleUrl>#powerline2</styleUrl>
    <name>CORTINA (3910) --> COTWDPGE (3911)</name>
    <LineString>
      <coordinates>
        -122.290278,39.018333,50
        -122.265115,40.397712,50
      </coordinates>
    </LineString>
  </Placemark>
  <Placemark>
    <styleUrl>#powerline2</styleUrl>
    <name>CORTINA (3910) --> VACA-DIX (3924)</name>
    <LineString>
      <coordinates>
        -122.290278,39.018333,50
        -121.918134,38.404370,50
      </coordinates>
    </LineString>
  </Placemark>
  <Placemark>
    <styleUrl>#powerline2</styleUrl>
    <name>COTWDPGE (3911) --> GLENN (3912)</name>
    <LineString>
      <coordinates>
        -122.265115,40.397712,50
        -122.013889,39.521944,50
      </coordinates>
    </LineString>
  </Placemark>
  <Placemark>
    <styleUrl>#powerline2</styleUrl>
    <name>COTWDPGE (3911) --> LOGAN CR (3916)</name>
    <LineString>
      <coordinates>
        -122.265115,40.397712,50
        -122.233270,39.435504,50
      </coordinates>
    </LineString>
  </Placemark>
  <Placemark>
    <styleUrl>#powerline2</styleUrl>
    <name>COTWDPGE (3911) --> ROUND MT (3921)</name>
    <LineString>
      <coordinates>
        -122.265115,40.397712,50
        -121.936762,40.808138,50
      </coordinates>
    </LineString>
  </Placemark>
  <Placemark>
    <styleUrl>#powerline2</styleUrl>
    <name>COTWDPGE (3911) --> ROUND MT (3921)</name>
    <LineString>
      <coordinates>
        -122.265115,40.397712,50
        -121.936762,40.808138,50
      </coordinates>
    </LineString>
  </Placemark>
  <Placemark>
    <styleUrl>#powerline2</styleUrl>
    <name>COTWDPGE (3911) --> ROUND MT (3921)</name>
    <LineString>
      <coordinates>
        -122.265115,40.397712,50
        -121.936762,40.808138,50
      </coordinates>
    </LineString>
  </Placemark>
  <Placemark>
    <styleUrl>#powerline2</styleUrl>
    <name>COTWDPGE (3911) --> VACA-DIX (3924)</name>
    <LineString>
      <coordinates>
        -122.265115,40.397712,50
        -121.918134,38.404370,50
      </coordinates>
    </LineString>
  </Placemark>
  <Placemark>
    <styleUrl>#powerline2</styleUrl>
    <name>COTWDPGE (3911) --> COTWDWAP (8003)</name>
    <LineString>
      <coordinates>
        -122.265115,40.397712,50
        -122.265115,40.397712,50
      </coordinates>
    </LineString>
  </Placemark>
  <Placemark>
    <styleUrl>#powerline2</styleUrl>
    <name>COTWDPGE (3911) --> COTWDWAP (8003)</name>
    <LineString>
      <coordinates>
        -122.265115,40.397712,50
        -122.265115,40.397712,50
      </coordinates>
    </LineString>
  </Placemark>
  <Placemark>
    <styleUrl>#powerline2</styleUrl>
    <name>GLENN (3912) --> VACA-DIX (3924)</name>
    <LineString>
      <coordinates>
        -122.013889,39.521944,50
        -121.918134,38.404370,50
      </coordinates>
    </LineString>
  </Placemark>
  <Placemark>
    <styleUrl>#powerline2</styleUrl>
    <name>GOLDHILL (3913) --> RIO OSO (3920)</name>
    <LineString>
      <coordinates>
        -121.137023,38.657961,50
        -121.463992,38.936080,50
      </coordinates>
    </LineString>
  </Placemark>
  <Placemark>
    <styleUrl>#powerline2</styleUrl>
    <name>GOLDHILL (3913) --> RIO OSO (3920)</name>
    <LineString>
      <coordinates>
        -121.137023,38.657961,50
        -121.463992,38.936080,50
      </coordinates>
    </LineString>
  </Placemark>
  <Placemark>
    <styleUrl>#powerline2</styleUrl>
    <name>GOLDHILL (3913) --> TESLA (3923)</name>
    <LineString>
      <coordinates>
        -121.137023,38.657961,50
        -121.565283,37.712470,50
      </coordinates>
    </LineString>
  </Placemark>
  <Placemark>
    <styleUrl>#powerline2</styleUrl>
    <name>GOLDHILL (3913) --> RNCHSECO (8004)</name>
    <LineString>
      <coordinates>
        -121.137023,38.657961,50
        -121.123005,38.344823,50
      </coordinates>
    </LineString>
  </Placemark>
  <Placemark>
    <styleUrl>#powerline2</styleUrl>
    <name>LAKEVILE (3915) --> VACA-DIX (3924)</name>
    <LineString>
      <coordinates>
        -122.583996,38.249937,50
        -121.918134,38.404370,50
      </coordinates>
    </LineString>
  </Placemark>
  <Placemark>
    <styleUrl>#powerline2</styleUrl>
    <name>LOGAN CR (3916) --> VACA-DIX (3924)</name>
    <LineString>
      <coordinates>
        -122.233270,39.435504,50
        -121.918134,38.404370,50
      </coordinates>
    </LineString>
  </Placemark>
  <Placemark>
    <styleUrl>#powerline2</styleUrl>
    <name>PALERMO (3919) --> TABLE MT (3922)</name>
    <LineString>
      <coordinates>
        -121.538056,39.435556,50
        -121.645379,39.555480,50
      </coordinates>
    </LineString>
  </Placemark>
  <Placemark>
    <styleUrl>#powerline2</styleUrl>
    <name>RIO OSO (3920) --> TABLE MT (3922)</name>
    <LineString>
      <coordinates>
        -121.463992,38.936080,50
        -121.645379,39.555480,50
      </coordinates>
    </LineString>
  </Placemark>
  <Placemark>
    <styleUrl>#powerline2</styleUrl>
    <name>TESLA (3923) --> TRACYPMP (8005)</name>
    <LineString>
      <coordinates>
        -121.565283,37.712470,50
        -121.416448,37.747520,50
      </coordinates>
    </LineString>
  </Placemark>
  <Placemark>
    <styleUrl>#powerline2</styleUrl>
    <name>TESLA (3923) --> TRACYPMP (8005)</name>
    <LineString>
      <coordinates>
        -121.565283,37.712470,50
        -121.416448,37.747520,50
      </coordinates>
    </LineString>
  </Placemark>
  <Placemark>
    <styleUrl>#powerline5</styleUrl>
    <name>MALIN (4001) --> MALIN1 (4090)</name>
    <LineString>
      <coordinates>
        -121.318052,42.004704,50
        -121.318052,42.004704,50
      </coordinates>
    </LineString>
  </Placemark>
  <Placemark>
    <styleUrl>#powerline5</styleUrl>
    <name>MALIN (4001) --> GRIZZLY4 (4094)</name>
    <LineString>
      <coordinates>
        -121.318052,42.004704,50
        -121.015420,44.481129,50
      </coordinates>
    </LineString>
  </Placemark>
  <Placemark>
    <styleUrl>#powerline5</styleUrl>
    <name>MALIN (4001) --> GRIZZLY7 (4097)</name>
    <LineString>
      <coordinates>
        -121.318052,42.004704,50
        -121.015420,44.481129,50
      </coordinates>
    </LineString>
  </Placemark>
  <Placemark>
    <styleUrl>#powerline5</styleUrl>
    <name>MALIN (4001) --> MERIDIAN (4204)</name>
    <LineString>
      <coordinates>
        -121.318052,42.004704,50
        -122.760172,42.358895,50
      </coordinates>
    </LineString>
  </Placemark>
  <Placemark>
    <styleUrl>#powerline5</styleUrl>
    <name>MALIN (4001) --> OLINDA (8001)</name>
    <LineString>
      <coordinates>
        -121.318052,42.004704,50
        -122.384572,40.382027,50
      </coordinates>
    </LineString>
  </Placemark>
  <Placemark>
    <styleUrl>#powerline5</styleUrl>
    <name>SUMMER L (4002) --> BURNS (4003)</name>
    <LineString>
      <coordinates>
        -120.953695,43.016085,50
        -118.797842,43.767338,50
      </coordinates>
    </LineString>
  </Placemark>
  <Placemark>
    <styleUrl>#powerline5</styleUrl>
    <name>SUMMER L (4002) --> MALIN1 (4090)</name>
    <LineString>
      <coordinates>
        -120.953695,43.016085,50
        -121.318052,42.004704,50
      </coordinates>
    </LineString>
  </Placemark>
  <Placemark>
    <styleUrl>#powerline5</styleUrl>
    <name>SUMMER L (4002) --> GRIZZLY1 (4091)</name>
    <LineString>
      <coordinates>
        -120.953695,43.016085,50
        -121.015420,44.481129,50
      </coordinates>
    </LineString>
  </Placemark>
  <Placemark>
    <styleUrl>#powerline5</styleUrl>
    <name>BURNS (4003) --> MIDPOINT (6101)</name>
    <LineString>
      <coordinates>
        -118.797842,43.767338,50
        -114.199277,42.888986,50
      </coordinates>
    </LineString>
  </Placemark>
  <Placemark>
    <styleUrl>#powerline5</styleUrl>
    <name>GRIZZLY (4004) --> JOHN DAY (4005)</name>
    <LineString>
      <coordinates>
        -121.015420,44.481129,50
        -120.733553,45.677819,50
      </coordinates>
    </LineString>
  </Placemark>
  <Placemark>
    <styleUrl>#powerline5</styleUrl>
    <name>GRIZZLY (4004) --> JOHN DAY (4005)</name>
    <LineString>
      <coordinates>
        -121.015420,44.481129,50
        -120.733553,45.677819,50
      </coordinates>
    </LineString>
  </Placemark>
  <Placemark>
    <styleUrl>#powerline5</styleUrl>
    <name>GRIZZLY (4004) --> JOHN DAY (4005)</name>
    <LineString>
      <coordinates>
        -121.015420,44.481129,50
        -120.733553,45.677819,50
      </coordinates>
    </LineString>
  </Placemark>
  <Placemark>
    <styleUrl>#powerline5</styleUrl>
    <name>GRIZZLY (4004) --> GRIZZLY1 (4091)</name>
    <LineString>
      <coordinates>
        -121.015420,44.481129,50
        -121.015420,44.481129,50
      </coordinates>
    </LineString>
  </Placemark>
  <Placemark>
    <styleUrl>#powerline5</styleUrl>
    <name>GRIZZLY (4004) --> GRIZZLY2 (4092)</name>
    <LineString>
      <coordinates>
        -121.015420,44.481129,50
        -121.015420,44.481129,50
      </coordinates>
    </LineString>
  </Placemark>
  <Placemark>
    <styleUrl>#powerline5</styleUrl>
    <name>GRIZZLY (4004) --> GRIZZLY5 (4095)</name>
    <LineString>
      <coordinates>
        -121.015420,44.481129,50
        -121.015420,44.481129,50
      </coordinates>
    </LineString>
  </Placemark>
  <Placemark>
    <styleUrl>#powerline5</styleUrl>
    <name>JOHN DAY (4005) --> BIG EDDY (4006)</name>
    <LineString>
      <coordinates>
        -120.733553,45.677819,50
        -121.115583,45.606640,50
      </coordinates>
    </LineString>
  </Placemark>
  <Placemark>
    <styleUrl>#powerline5</styleUrl>
    <name>JOHN DAY (4005) --> BIG EDDY (4006)</name>
    <LineString>
      <coordinates>
        -120.733553,45.677819,50
        -121.115583,45.606640,50
      </coordinates>
    </LineString>
  </Placemark>
  <Placemark>
    <styleUrl>#powerline5</styleUrl>
    <name>JOHN DAY (4005) --> HANFORD (4102)</name>
    <LineString>
      <coordinates>
        -120.733553,45.677819,50
        -119.573343,46.669392,50
      </coordinates>
    </LineString>
  </Placemark>
  <Placemark>
    <styleUrl>#powerline5</styleUrl>
    <name>JOHN DAY (4005) --> HANFORD (4102)</name>
    <LineString>
      <coordinates>
        -120.733553,45.677819,50
        -119.573343,46.669392,50
      </coordinates>
    </LineString>
  </Placemark>
  <Placemark>
    <styleUrl>#powerline5</styleUrl>
    <name>JOHN DAY (4005) --> WCASCADE (4202)</name>
    <LineString>
      <coordinates>
        -120.733553,45.677819,50
        -121.779859,47.065363,50
      </coordinates>
    </LineString>
  </Placemark>
  <Placemark>
    <styleUrl>#powerline5</styleUrl>
    <name>JOHN DAY (4005) --> GARRISON (6202)</name>
    <LineString>
      <coordinates>
        -120.733553,45.677819,50
        -112.878383,46.515909,50
      </coordinates>
    </LineString>
  </Placemark>
  <Placemark>
    <styleUrl>#powerline5</styleUrl>
    <name>BIG EDDY (4006) --> CELILOCA (4007)</name>
    <LineString>
      <coordinates>
        -121.115583,45.606640,50
        -121.113585,45.594757,50
      </coordinates>
    </LineString>
  </Placemark>
  <Placemark>
    <styleUrl>#powerline5</styleUrl>
    <name>BIG EDDY (4006) --> CELILOCA (4007)</name>
    <LineString>
      <coordinates>
        -121.115583,45.606640,50
        -121.113585,45.594757,50
      </coordinates>
    </LineString>
  </Placemark>
  <Placemark>
    <styleUrl>#powerline5</styleUrl>
    <name>BIG EDDY (4006) --> WCASCADE (4202)</name>
    <LineString>
      <coordinates>
        -121.115583,45.606640,50
        -121.779859,47.065363,50
      </coordinates>
    </LineString>
  </Placemark>
  <Placemark>
    <styleUrl>#powerline3</styleUrl>
    <name>MALIN (4008) --> TRACYSPP (6401)</name>
    <LineString>
      <coordinates>
        -121.318052,42.004704,50
        -119.188176,39.499336,50
      </coordinates>
    </LineString>
  </Placemark>
  <Placemark>
    <styleUrl>#powerline2</styleUrl>
    <name>BIG EDDY (4009) --> CELILO (4010)</name>
    <LineString>
      <coordinates>
        -121.115583,45.606640,50
        -121.113585,45.594757,50
      </coordinates>
    </LineString>
  </Placemark>
  <Placemark>
    <styleUrl>#powerline2</styleUrl>
    <name>BIG EDDY (4009) --> CELILO (4010)</name>
    <LineString>
      <coordinates>
        -121.115583,45.606640,50
        -121.113585,45.594757,50
      </coordinates>
    </LineString>
  </Placemark>
  <Placemark>
    <styleUrl>#powerline2</styleUrl>
    <name>BIG EDDY (4009) --> BELL (4104)</name>
    <LineString>
      <coordinates>
        -121.115583,45.606640,50
        -117.373738,47.746353,50
      </coordinates>
    </LineString>
  </Placemark>
  <Placemark>
    <styleUrl>#powerline5</styleUrl>
    <name>GRIZZLY2 (4092) --> GRIZZLY3 (4093)</name>
    <LineString>
      <coordinates>
        -121.015420,44.481129,50
        -121.015420,44.481129,50
      </coordinates>
    </LineString>
  </Placemark>
  <Placemark>
    <styleUrl>#powerline5</styleUrl>
    <name>GRIZZLY3 (4093) --> GRIZZLY4 (4094)</name>
    <LineString>
      <coordinates>
        -121.015420,44.481129,50
        -121.015420,44.481129,50
      </coordinates>
    </LineString>
  </Placemark>
  <Placemark>
    <styleUrl>#powerline5</styleUrl>
    <name>GRIZZLY5 (4095) --> GRIZZLY6 (4096)</name>
    <LineString>
      <coordinates>
        -121.015420,44.481129,50
        -121.015420,44.481129,50
      </coordinates>
    </LineString>
  </Placemark>
  <Placemark>
    <styleUrl>#powerline5</styleUrl>
    <name>GRIZZLY6 (4096) --> GRIZZLY7 (4097)</name>
    <LineString>
      <coordinates>
        -121.015420,44.481129,50
        -121.015420,44.481129,50
      </coordinates>
    </LineString>
  </Placemark>
  <Placemark>
    <styleUrl>#powerline5</styleUrl>
    <name>COULEE (4101) --> HANFORD (4102)</name>
    <LineString>
      <coordinates>
        -118.996055,47.947893,50
        -119.573343,46.669392,50
      </coordinates>
    </LineString>
  </Placemark>
  <Placemark>
    <styleUrl>#powerline5</styleUrl>
    <name>COULEE (4101) --> HANFORD (4102)</name>
    <LineString>
      <coordinates>
        -118.996055,47.947893,50
        -119.573343,46.669392,50
      </coordinates>
    </LineString>
  </Placemark>
  <Placemark>
    <styleUrl>#powerline5</styleUrl>
    <name>COULEE (4101) --> BELL (4103)</name>
    <LineString>
      <coordinates>
        -118.996055,47.947893,50
        -117.373738,47.746353,50
      </coordinates>
    </LineString>
  </Placemark>
  <Placemark>
    <styleUrl>#powerline5</styleUrl>
    <name>COULEE (4101) --> BELL (4103)</name>
    <LineString>
      <coordinates>
        -118.996055,47.947893,50
        -117.373738,47.746353,50
      </coordinates>
    </LineString>
  </Placemark>
  <Placemark>
    <styleUrl>#powerline5</styleUrl>
    <name>COULEE (4101) --> NORTH (4201)</name>
    <LineString>
      <coordinates>
        -118.996055,47.947893,50
        -121.837459,48.222760,50
      </coordinates>
    </LineString>
  </Placemark>
  <Placemark>
    <styleUrl>#powerline5</styleUrl>
    <name>COULEE (4101) --> NORTH (4201)</name>
    <LineString>
      <coordinates>
        -118.996055,47.947893,50
        -121.837459,48.222760,50
      </coordinates>
    </LineString>
  </Placemark>
  <Placemark>
    <styleUrl>#powerline5</styleUrl>
    <name>HANFORD (4102) --> NORTH (4201)</name>
    <LineString>
      <coordinates>
        -119.573343,46.669392,50
        -121.837459,48.222760,50
      </coordinates>
    </LineString>
  </Placemark>
  <Placemark>
    <styleUrl>#powerline5</styleUrl>
    <name>HANFORD (4102) --> NORTH (4201)</name>
    <LineString>
      <coordinates>
        -119.573343,46.669392,50
        -121.837459,48.222760,50
      </coordinates>
    </LineString>
  </Placemark>
  <Placemark>
    <styleUrl>#powerline5</styleUrl>
    <name>HANFORD (4102) --> WCASCADE (4202)</name>
    <LineString>
      <coordinates>
        -119.573343,46.669392,50
        -121.779859,47.065363,50
      </coordinates>
    </LineString>
  </Placemark>
  <Placemark>
    <styleUrl>#powerline5</styleUrl>
    <name>HANFORD (4102) --> WCASCADE (4202)</name>
    <LineString>
      <coordinates>
        -119.573343,46.669392,50
        -121.779859,47.065363,50
      </coordinates>
    </LineString>
  </Placemark>
  <Placemark>
    <styleUrl>#powerline5</styleUrl>
    <name>HANFORD (4102) --> GARRISON (6202)</name>
    <LineString>
      <coordinates>
        -119.573343,46.669392,50
        -112.878383,46.515909,50
      </coordinates>
    </LineString>
  </Placemark>
  <Placemark>
    <styleUrl>#powerline5</styleUrl>
    <name>BELL (4103) --> GARRISON (6202)</name>
    <LineString>
      <coordinates>
        -117.373738,47.746353,50
        -112.878383,46.515909,50
      </coordinates>
    </LineString>
  </Placemark>
  <Placemark>
    <styleUrl>#powerline2</styleUrl>
    <name>BELL (4104) --> CA230 (5004)</name>
    <LineString>
      <coordinates>
        -117.373738,47.746353,50
        -117.438199,49.686968,50
      </coordinates>
    </LineString>
  </Placemark>
  <Placemark>
    <styleUrl>#powerline5</styleUrl>
    <name>NORTH (4201) --> WCASCADE (4202)</name>
    <LineString>
      <coordinates>
        -121.837459,48.222760,50
        -121.779859,47.065363,50
      </coordinates>
    </LineString>
  </Placemark>
  <Placemark>
    <styleUrl>#powerline5</styleUrl>
    <name>NORTH (4201) --> CANADA (5001)</name>
    <LineString>
      <coordinates>
        -121.837459,48.222760,50
        -122.303722,49.429986,50
      </coordinates>
    </LineString>
  </Placemark>
  <Placemark>
    <styleUrl>#powerline5</styleUrl>
    <name>WCASCADE (4202) --> WILLAMET (4203)</name>
    <LineString>
      <coordinates>
        -121.779859,47.065363,50
        -123.091142,44.051652,50
      </coordinates>
    </LineString>
  </Placemark>
  <Placemark>
    <styleUrl>#powerline5</styleUrl>
    <name>WILLAMET (4203) --> MERIDIAN (4204)</name>
    <LineString>
      <coordinates>
        -123.091142,44.051652,50
        -122.760172,42.358895,50
      </coordinates>
    </LineString>
  </Placemark>
  <Placemark>
    <styleUrl>#powerline5</styleUrl>
    <name>CANADA (5001) --> CANALB (5002)</name>
    <LineString>
      <coordinates>
        -122.303722,49.429986,50
        -122.303722,49.429986,50
      </coordinates>
    </LineString>
  </Placemark>
  <Placemark>
    <styleUrl>#powerline2</styleUrl>
    <name>CA230TO (5003) --> CA230 (5004)</name>
    <LineString>
      <coordinates>
        -117.438199,49.686968,50
        -117.438199,49.686968,50
      </coordinates>
    </LineString>
  </Placemark>
  <Placemark>
    <styleUrl>#powerline3</styleUrl>
    <name>MIDPOINT (6102) --> BORAH (6103)</name>
    <LineString>
      <coordinates>
        -114.199277,42.888986,50
        -113.348619,42.835449,50
      </coordinates>
    </LineString>
  </Placemark>
  <Placemark>
    <styleUrl>#powerline3</styleUrl>
    <name>MIDPOINT (6102) --> BRIDGER (6301)</name>
    <LineString>
      <coordinates>
        -114.199277,42.888986,50
        -108.529745,42.083869,50
      </coordinates>
    </LineString>
  </Placemark>
  <Placemark>
    <styleUrl>#powerline3</styleUrl>
    <name>MIDPOINT (6102) --> VALMY (6403)</name>
    <LineString>
      <coordinates>
        -114.199277,42.888986,50
        -116.954457,41.182805,50
      </coordinates>
    </LineString>
  </Placemark>
  <Placemark>
    <styleUrl>#powerline3</styleUrl>
    <name>BORAH (6103) --> BRIDGER (6301)</name>
    <LineString>
      <coordinates>
        -113.348619,42.835449,50
        -108.529745,42.083869,50
      </coordinates>
    </LineString>
  </Placemark>
  <Placemark>
    <styleUrl>#powerline3</styleUrl>
    <name>BORAH (6103) --> BRIDGER (6301)</name>
    <LineString>
      <coordinates>
        -113.348619,42.835449,50
        -108.529745,42.083869,50
      </coordinates>
    </LineString>
  </Placemark>
  <Placemark>
    <styleUrl>#powerline3</styleUrl>
    <name>BORAH (6103) --> BENLOMND (6501)</name>
    <LineString>
      <coordinates>
        -113.348619,42.835449,50
        -112.006907,41.439081,50
      </coordinates>
    </LineString>
  </Placemark>
  <Placemark>
    <styleUrl>#powerline3</styleUrl>
    <name>BORAH (6103) --> BENLOMND (6501)</name>
    <LineString>
      <coordinates>
        -113.348619,42.835449,50
        -112.006907,41.439081,50
      </coordinates>
    </LineString>
  </Placemark>
  <Placemark>
    <styleUrl>#powerline2</styleUrl>
    <name>BORAH (6104) --> GARRISON (6204)</name>
    <LineString>
      <coordinates>
        -113.348619,42.835449,50
        -112.878383,46.515909,50
      </coordinates>
    </LineString>
  </Placemark>
  <Placemark>
    <styleUrl>#powerline2</styleUrl>
    <name>BORAH (6104) --> NAUGHTON (6305)</name>
    <LineString>
      <coordinates>
        -113.348619,42.835449,50
        -110.644610,41.826887,50
      </coordinates>
    </LineString>
  </Placemark>
  <Placemark>
    <styleUrl>#powerline5</styleUrl>
    <name>COLSTRP (6201) --> GARRISON (6202)</name>
    <LineString>
      <coordinates>
        -106.552322,45.689474,50
        -112.878383,46.515909,50
      </coordinates>
    </LineString>
  </Placemark>
  <Placemark>
    <styleUrl>#powerline2</styleUrl>
    <name>COLSTRP (6203) --> MONTANA (6205)</name>
    <LineString>
      <coordinates>
        -106.552322,45.689474,50
        -111.260716,47.432975,50
      </coordinates>
    </LineString>
  </Placemark>
  <Placemark>
    <styleUrl>#powerline2</styleUrl>
    <name>COLSTRP (6203) --> BRIDGER2 (6303)</name>
    <LineString>
      <coordinates>
        -106.552322,45.689474,50
        -108.529745,42.083869,50
      </coordinates>
    </LineString>
  </Placemark>
  <Placemark>
    <styleUrl>#powerline2</styleUrl>
    <name>COLSTRP (6203) --> BRIDGER2 (6303)</name>
    <LineString>
      <coordinates>
        -106.552322,45.689474,50
        -108.529745,42.083869,50
      </coordinates>
    </LineString>
  </Placemark>
  <Placemark>
    <styleUrl>#powerline2</styleUrl>
    <name>COLSTRP (6203) --> LARAMIE (6304)</name>
    <LineString>
      <coordinates>
        -106.552322,45.689474,50
        -105.567246,41.383369,50
      </coordinates>
    </LineString>
  </Placemark>
  <Placemark>
    <styleUrl>#powerline2</styleUrl>
    <name>GARRISON (6204) --> MONTANA (6205)</name>
    <LineString>
      <coordinates>
        -112.878383,46.515909,50
        -111.260716,47.432975,50
      </coordinates>
    </LineString>
  </Placemark>
  <Placemark>
    <styleUrl>#powerline3</styleUrl>
    <name>LARAMIE (6302) --> COLOEAST (7001)</name>
    <LineString>
      <coordinates>
        -105.567246,41.383369,50
        -104.660626,38.542595,50
      </coordinates>
    </LineString>
  </Placemark>
  <Placemark>
    <styleUrl>#powerline2</styleUrl>
    <name>BRIDGER2 (6303) --> LARAMIE (6304)</name>
    <LineString>
      <coordinates>
        -108.529745,42.083869,50
        -105.567246,41.383369,50
      </coordinates>
    </LineString>
  </Placemark>
  <Placemark>
    <styleUrl>#powerline2</styleUrl>
    <name>BRIDGER2 (6303) --> NAUGHTON (6305)</name>
    <LineString>
      <coordinates>
        -108.529745,42.083869,50
        -110.644610,41.826887,50
      </coordinates>
    </LineString>
  </Placemark>
  <Placemark>
    <styleUrl>#powerline2</styleUrl>
    <name>BRIDGER2 (6303) --> NAUGHTON (6305)</name>
    <LineString>
      <coordinates>
        -108.529745,42.083869,50
        -110.644610,41.826887,50
      </coordinates>
    </LineString>
  </Placemark>
  <Placemark>
    <styleUrl>#powerline2</styleUrl>
    <name>NAUGHTON (6305) --> BENLOMND (6510)</name>
    <LineString>
      <coordinates>
        -110.644610,41.826887,50
        -112.006907,41.439081,50
      </coordinates>
    </LineString>
  </Placemark>
  <Placemark>
    <styleUrl>#powerline2</styleUrl>
    <name>NAUGHTON (6305) --> BENLOMND (6510)</name>
    <LineString>
      <coordinates>
        -110.644610,41.826887,50
        -112.006907,41.439081,50
      </coordinates>
    </LineString>
  </Placemark>
  <Placemark>
    <styleUrl>#powerline3</styleUrl>
    <name>TRACYSPP (6401) --> VALMY (6403)</name>
    <LineString>
      <coordinates>
        -119.188176,39.499336,50
        -116.954457,41.182805,50
      </coordinates>
    </LineString>
  </Placemark>
  <Placemark>
    <styleUrl>#powerline3</styleUrl>
    <name>TRACYSPP (6401) --> VALMY (6403)</name>
    <LineString>
      <coordinates>
        -119.188176,39.499336,50
        -116.954457,41.182805,50
      </coordinates>
    </LineString>
  </Placemark>
  <Placemark>
    <styleUrl>#powerline3</styleUrl>
    <name>TRACYSPP (6401) --> GONDER (6404)</name>
    <LineString>
      <coordinates>
        -119.188176,39.499336,50
        -114.707350,39.476861,50
      </coordinates>
    </LineString>
  </Placemark>
  <Placemark>
    <styleUrl>#powerline3</styleUrl>
    <name>VALMY (6403) --> GONDER (6404)</name>
    <LineString>
      <coordinates>
        -116.954457,41.182805,50
        -114.707350,39.476861,50
      </coordinates>
    </LineString>
  </Placemark>
  <Placemark>
    <styleUrl>#powerline3</styleUrl>
    <name>GONDER (6404) --> SIGURD (6507)</name>
    <LineString>
      <coordinates>
        -114.707350,39.476861,50
        -111.917677,38.887109,50
      </coordinates>
    </LineString>
  </Placemark>
  <Placemark>
    <styleUrl>#powerline3</styleUrl>
    <name>BENLOMND (6501) --> CAMP WIL (6502)</name>
    <LineString>
      <coordinates>
        -112.006907,41.439081,50
        -112.008000,40.423165,50
      </coordinates>
    </LineString>
  </Placemark>
  <Placemark>
    <styleUrl>#powerline3</styleUrl>
    <name>BENLOMND (6501) --> MONA (6504)</name>
    <LineString>
      <coordinates>
        -112.006907,41.439081,50
        -111.977164,39.868637,50
      </coordinates>
    </LineString>
  </Placemark>
  <Placemark>
    <styleUrl>#powerline3</styleUrl>
    <name>BENLOMND (6501) --> TERMINAL (6509)</name>
    <LineString>
      <coordinates>
        -112.006907,41.439081,50
        -111.846293,40.772832,50
      </coordinates>
    </LineString>
  </Placemark>
  <Placemark>
    <styleUrl>#powerline3</styleUrl>
    <name>BENLOMND (6501) --> TERMINAL (6509)</name>
    <LineString>
      <coordinates>
        -112.006907,41.439081,50
        -111.846293,40.772832,50
      </coordinates>
    </LineString>
  </Placemark>
  <Placemark>
    <styleUrl>#powerline3</styleUrl>
    <name>CAMP WIL (6502) --> EMERY (6503)</name>
    <LineString>
      <coordinates>
        -112.008000,40.423165,50
        -109.188333,40.030278,50
      </coordinates>
    </LineString>
  </Placemark>
  <Placemark>
    <styleUrl>#powerline3</styleUrl>
    <name>CAMP WIL (6502) --> EMERY (6503)</name>
    <LineString>
      <coordinates>
        -112.008000,40.423165,50
        -109.188333,40.030278,50
      </coordinates>
    </LineString>
  </Placemark>
  <Placemark>
    <styleUrl>#powerline3</styleUrl>
    <name>CAMP WIL (6502) --> MONA (6504)</name>
    <LineString>
      <coordinates>
        -112.008000,40.423165,50
        -111.977164,39.868637,50
      </coordinates>
    </LineString>
  </Placemark>
  <Placemark>
    <styleUrl>#powerline3</styleUrl>
    <name>CAMP WIL (6502) --> MONA (6504)</name>
    <LineString>
      <coordinates>
        -112.008000,40.423165,50
        -111.977164,39.868637,50
      </coordinates>
    </LineString>
  </Placemark>
  <Placemark>
    <styleUrl>#powerline3</styleUrl>
    <name>CAMP WIL (6502) --> MONA (6504)</name>
    <LineString>
      <coordinates>
        -112.008000,40.423165,50
        -111.977164,39.868637,50
      </coordinates>
    </LineString>
  </Placemark>
  <Placemark>
    <styleUrl>#powerline3</styleUrl>
    <name>CAMP WIL (6502) --> MONA (6504)</name>
    <LineString>
      <coordinates>
        -112.008000,40.423165,50
        -111.977164,39.868637,50
      </coordinates>
    </LineString>
  </Placemark>
  <Placemark>
    <styleUrl>#powerline3</styleUrl>
    <name>CAMP WIL (6502) --> SPAN FRK (6508)</name>
    <LineString>
      <coordinates>
        -112.008000,40.423165,50
        -111.394196,40.053045,50
      </coordinates>
    </LineString>
  </Placemark>
  <Placemark>
    <styleUrl>#powerline3</styleUrl>
    <name>CAMP WIL (6502) --> TERMINAL (6509)</name>
    <LineString>
      <coordinates>
        -112.008000,40.423165,50
        -111.846293,40.772832,50
      </coordinates>
    </LineString>
  </Placemark>
  <Placemark>
    <styleUrl>#powerline3</styleUrl>
    <name>CAMP WIL (6502) --> TERMINAL (6509)</name>
    <LineString>
      <coordinates>
        -112.008000,40.423165,50
        -111.846293,40.772832,50
      </coordinates>
    </LineString>
  </Placemark>
  <Placemark>
    <styleUrl>#powerline3</styleUrl>
    <name>EMERY (6503) --> MONA (6504)</name>
    <LineString>
      <coordinates>
        -109.188333,40.030278,50
        -111.977164,39.868637,50
      </coordinates>
    </LineString>
  </Placemark>
  <Placemark>
    <styleUrl>#powerline3</styleUrl>
    <name>EMERY (6503) --> PINTO (6505)</name>
    <LineString>
      <coordinates>
        -109.188333,40.030278,50
        -109.314458,37.870747,50
      </coordinates>
    </LineString>
  </Placemark>
  <Placemark>
    <styleUrl>#powerline3</styleUrl>
    <name>EMERY (6503) --> SIGURD (6507)</name>
    <LineString>
      <coordinates>
        -109.188333,40.030278,50
        -111.917677,38.887109,50
      </coordinates>
    </LineString>
  </Placemark>
  <Placemark>
    <styleUrl>#powerline3</styleUrl>
    <name>EMERY (6503) --> SIGURD (6507)</name>
    <LineString>
      <coordinates>
        -109.188333,40.030278,50
        -111.917677,38.887109,50
      </coordinates>
    </LineString>
  </Placemark>
  <Placemark>
    <styleUrl>#powerline3</styleUrl>
    <name>EMERY (6503) --> SPAN FRK (6508)</name>
    <LineString>
      <coordinates>
        -109.188333,40.030278,50
        -111.394196,40.053045,50
      </coordinates>
    </LineString>
  </Placemark>
  <Placemark>
    <styleUrl>#powerline3</styleUrl>
    <name>MONA (6504) --> SIGURD (6507)</name>
    <LineString>
      <coordinates>
        -111.977164,39.868637,50
        -111.917677,38.887109,50
      </coordinates>
    </LineString>
  </Placemark>
  <Placemark>
    <styleUrl>#powerline3</styleUrl>
    <name>MONA (6504) --> SIGURD (6507)</name>
    <LineString>
      <coordinates>
        -111.977164,39.868637,50
        -111.917677,38.887109,50
      </coordinates>
    </LineString>
  </Placemark>
  <Placemark>
    <styleUrl>#powerline3</styleUrl>
    <name>MONA (6504) --> CRAIG (7002)</name>
    <LineString>
      <coordinates>
        -111.977164,39.868637,50
        -107.506652,40.521809,50
      </coordinates>
    </LineString>
  </Placemark>
  <Placemark>
    <styleUrl>#powerline3</styleUrl>
    <name>COLOEAST (7001) --> CRAIG (7002)</name>
    <LineString>
      <coordinates>
        -104.660626,38.542595,50
        -107.506652,40.521809,50
      </coordinates>
    </LineString>
  </Placemark>
  <Placemark>
    <styleUrl>#powerline5</styleUrl>
    <name>OLINDA (8001) --> TRACY (8002)</name>
    <LineString>
      <coordinates>
        -122.384572,40.382027,50
        -121.416448,37.747520,50
      </coordinates>
    </LineString>
  </Placemark>
  <Placemark>
    <styleUrl>#powerline2</styleUrl>
    <name>COTWDWAP (8003) --> RNCHSECO (8004)</name>
    <LineString>
      <coordinates>
        -122.265115,40.397712,50
        -121.123005,38.344823,50
      </coordinates>
    </LineString>
  </Placemark>
  <Placemark>
    <styleUrl>#powerline2</styleUrl>
    <name>COTWDWAP (8003) --> TRACYPMP (8005)</name>
    <LineString>
      <coordinates>
        -122.265115,40.397712,50
        -121.416448,37.747520,50
      </coordinates>
    </LineString>
  </Placemark>
  <Placemark>
    <styleUrl>#powerline2</styleUrl>
    <name>COTWDWAP (8003) --> TRACYPMP (8005)</name>
    <LineString>
      <coordinates>
        -122.265115,40.397712,50
        -121.416448,37.747520,50
      </coordinates>
    </LineString>
  </Placemark>
  <Placemark>
    <styleUrl>#powerline2</styleUrl>
    <name>RNCHSECO (8004) --> TRACYPMP (8005)</name>
    <LineString>
      <coordinates>
        -121.123005,38.344823,50
        -121.416448,37.747520,50
      </coordinates>
    </LineString>
  </Placemark>
  <Placemark>
    <styleUrl>#powerline2</styleUrl>
    <name>SYLMAR S (2405) --> SYLMARLA (2619)</name>
    <LineString>
      <coordinates>
        -118.495046,34.317296,50
        -118.495046,34.317296,50
      </coordinates>
    </LineString>
  </Placemark>
  <Placemark>
    <styleUrl>#powerline1</styleUrl>
    <name>SUMMIT (3701) --> SUMITSPP (6402)</name>
    <LineString>
      <coordinates>
        -119.821944,39.527222,50
        -119.821944,39.527222,50
      </coordinates>
    </LineString>
  </Placemark>
  <Placemark>
    <styleUrl>#powerline1</styleUrl>
    <name>SUMMIT (3701) --> SUMITSPP (6402)</name>
    <LineString>
      <coordinates>
        -119.821944,39.527222,50
        -119.821944,39.527222,50
      </coordinates>
    </LineString>
  </Placemark>
  <Placemark>
    <styleUrl>#powerline3</styleUrl>
    <name>PINTO (6505) --> PINTO PS (6506)</name>
    <LineString>
      <coordinates>
        -109.314458,37.870747,50
        -109.314458,37.870747,50
      </coordinates>
    </LineString>
  </Placemark>
</Folder>
  <Folder><name>Transformers</name>
  <Placemark>
    <styleUrl>#transformer</styleUrl>
    <name>FOURCORN (1001) --> FOURCORN (1002)</name>
    <description><table><caption>Transformer</caption>
        <tr><th>From</th><td>500 kV (bus 1001)</td></tr>
        <tr><th>To</th><td>345 kV (bus 1002)</td></tr></table>
    </description>
    <Point>
      <coordinates>-108.581419,36.670897,0</coordinates>
    </Point>
  </Placemark>
  <Placemark>
    <styleUrl>#transformer</styleUrl>
    <name>FOURCORN (1001) --> FOURCORN (1002)</name>
    <description><table><caption>Transformer</caption>
        <tr><th>From</th><td>500 kV (bus 1001)</td></tr>
        <tr><th>To</th><td>345 kV (bus 1002)</td></tr></table>
    </description>
    <Point>
      <coordinates>-108.581419,36.670897,0</coordinates>
    </Point>
  </Placemark>
  <Placemark>
    <styleUrl>#transformer</styleUrl>
    <name>FOURCORN (1002) --> FOURCORN (1003)</name>
    <description><table><caption>Transformer</caption>
        <tr><th>From</th><td>345 kV (bus 1002)</td></tr>
        <tr><th>To</th><td>230 kV (bus 1003)</td></tr></table>
    </description>
    <Point>
      <coordinates>-108.581419,36.670897,0</coordinates>
    </Point>
  </Placemark>
  <Placemark>
    <styleUrl>#transformer</styleUrl>
    <name>FOURCORN (1002) --> FOURCORN (1003)</name>
    <description><table><caption>Transformer</caption>
        <tr><th>From</th><td>345 kV (bus 1002)</td></tr>
        <tr><th>To</th><td>230 kV (bus 1003)</td></tr></table>
    </description>
    <Point>
      <coordinates>-108.581419,36.670897,0</coordinates>
    </Point>
  </Placemark>
  <Placemark>
    <styleUrl>#transformer</styleUrl>
    <name>FOURCORN (1002) --> FCNGN4CC (1032)</name>
    <description><table><caption>Transformer</caption>
        <tr><th>From</th><td>345 kV (bus 1002)</td></tr>
        <tr><th>To</th><td>20 kV (bus 1032)</td></tr></table>
    </description>
    <Point>
      <coordinates>-108.581419,36.670897,0</coordinates>
    </Point>
  </Placemark>
  <Placemark>
    <styleUrl>#transformer</styleUrl>
    <name>SAN JUAN (1004) --> SJUAN G4 (1034)</name>
    <description><table><caption>Transformer</caption>
        <tr><th>From</th><td>345 kV (bus 1004)</td></tr>
        <tr><th>To</th><td>20 kV (bus 1034)</td></tr></table>
    </description>
    <Point>
      <coordinates>-108.278462,36.910483,0</coordinates>
    </Point>
  </Placemark>
  <Placemark>
    <styleUrl>#transformer</styleUrl>
    <name>CORONADO (1101) --> CHOLLA (1102)</name>
    <description><table><caption>Transformer</caption>
        <tr><th>From</th><td>500 kV (bus 1101)</td></tr>
        <tr><th>To</th><td>345 kV (bus 1102)</td></tr></table>
    </description>
    <Point>
      <coordinates>-109.690674,35.131373,0</coordinates>
    </Point>
  </Placemark>
  <Placemark>
    <styleUrl>#transformer</styleUrl>
    <name>CORONADO (1101) --> CHOLLA (1102)</name>
    <description><table><caption>Transformer</caption>
        <tr><th>From</th><td>500 kV (bus 1101)</td></tr>
        <tr><th>To</th><td>345 kV (bus 1102)</td></tr></table>
    </description>
    <Point>
      <coordinates>-109.690674,35.131373,0</coordinates>
    </Point>
  </Placemark>
  <Placemark>
    <styleUrl>#transformer</styleUrl>
    <name>CORONADO (1101) --> CORONADO (1131)</name>
    <description><table><caption>Transformer</caption>
        <tr><th>From</th><td>500 kV (bus 1101)</td></tr>
        <tr><th>To</th><td>20 kV (bus 1131)</td></tr></table>
    </description>
    <Point>
      <coordinates>-109.690674,35.131373,0</coordinates>
    </Point>
  </Placemark>
  <Placemark>
    <styleUrl>#transformer</styleUrl>
    <name>NAVAJO (1202) --> NAVAJO 2 (1232)</name>
    <description><table><caption>Transformer</caption>
        <tr><th>From</th><td>500 kV (bus 1202)</td></tr>
        <tr><th>To</th><td>20 kV (bus 1232)</td></tr></table>
    </description>
    <Point>
      <coordinates>-110.864429,36.961002,0</coordinates>
    </Point>
  </Placemark>
  <Placemark>
    <styleUrl>#transformer</styleUrl>
    <name>MEAD (1301) --> HOOVER (1331)</name>
    <description><table><caption>Transformer</caption>
        <tr><th>From</th><td>500 kV (bus 1301)</td></tr>
        <tr><th>To</th><td>20 kV (bus 1331)</td></tr></table>
    </description>
    <Point>
      <coordinates>-114.835922,35.929472,0</coordinates>
    </Point>
  </Placemark>
  <Placemark>
    <styleUrl>#transformer</styleUrl>
    <name>H ALLEN (1302) --> H ALLEN (1303)</name>
    <description><table><caption>Transformer</caption>
        <tr><th>From</th><td>500 kV (bus 1302)</td></tr>
        <tr><th>To</th><td>345 kV (bus 1303)</td></tr></table>
    </description>
    <Point>
      <coordinates>-115.134207,36.649771,0</coordinates>
    </Point>
  </Placemark>
  <Placemark>
    <styleUrl>#transformer</styleUrl>
    <name>H ALLEN (1303) --> H ALLEN (1333)</name>
    <description><table><caption>Transformer</caption>
        <tr><th>From</th><td>345 kV (bus 1303)</td></tr>
        <tr><th>To</th><td>20 kV (bus 1333)</td></tr></table>
    </description>
    <Point>
      <coordinates>-115.134207,36.649771,0</coordinates>
    </Point>
  </Placemark>
  <Placemark>
    <styleUrl>#transformer</styleUrl>
    <name>PALOVRDE (1401) --> PARKER (1403)</name>
    <description><table><caption>Transformer</caption>
        <tr><th>From</th><td>500 kV (bus 1401)</td></tr>
        <tr><th>To</th><td>230 kV (bus 1403)</td></tr></table>
    </description>
    <Point>
      <coordinates>-113.239936,33.513802,0</coordinates>
    </Point>
  </Placemark>
  <Placemark>
    <styleUrl>#transformer</styleUrl>
    <name>PALOVRDE (1401) --> PALOVRD2 (1431)</name>
    <description><table><caption>Transformer</caption>
        <tr><th>From</th><td>500 kV (bus 1401)</td></tr>
        <tr><th>To</th><td>20 kV (bus 1431)</td></tr></table>
    </description>
    <Point>
      <coordinates>-113.239936,33.513802,0</coordinates>
    </Point>
  </Placemark>
  <Placemark>
    <styleUrl>#transformer</styleUrl>
    <name>MEXICO (2000) --> MEXICO (2030)</name>
    <description><table><caption>Transformer</caption>
        <tr><th>From</th><td>230 kV (bus 2000)</td></tr>
        <tr><th>To</th><td>20 kV (bus 2030)</td></tr></table>
    </description>
    <Point>
      <coordinates>-115.436076,32.227887,0</coordinates>
    </Point>
  </Placemark>
  <Placemark>
    <styleUrl>#transformer</styleUrl>
    <name>IMPERIAL (2100) --> IMPERIAL (2130)</name>
    <description><table><caption>Transformer</caption>
        <tr><th>From</th><td>230 kV (bus 2100)</td></tr>
        <tr><th>To</th><td>20 kV (bus 2130)</td></tr></table>
    </description>
    <Point>
      <coordinates>-115.394435,32.971469,0</coordinates>
    </Point>
  </Placemark>
  <Placemark>
    <styleUrl>#transformer</styleUrl>
    <name>IMPERIAL (2100) --> DEVERS (2400)</name>
    <description><table><caption>Transformer</caption>
        <tr><th>From</th><td>230 kV (bus 2100)</td></tr>
        <tr><th>To</th><td>500 kV (bus 2400)</td></tr></table>
    </description>
    <Point>
      <coordinates>-115.394435,32.971469,0</coordinates>
    </Point>
  </Placemark>
  <Placemark>
    <styleUrl>#transformer</styleUrl>
    <name>MIGUEL (2201) --> MIGUEL (2202)</name>
    <description><table><caption>Transformer</caption>
        <tr><th>From</th><td>500 kV (bus 2201)</td></tr>
        <tr><th>To</th><td>230 kV (bus 2202)</td></tr></table>
    </description>
    <Point>
      <coordinates>-116.982615,32.680823,0</coordinates>
    </Point>
  </Placemark>
  <Placemark>
    <styleUrl>#transformer</styleUrl>
    <name>MIGUEL (2201) --> MIGUEL (2202)</name>
    <description><table><caption>Transformer</caption>
        <tr><th>From</th><td>500 kV (bus 2201)</td></tr>
        <tr><th>To</th><td>230 kV (bus 2202)</td></tr></table>
    </description>
    <Point>
      <coordinates>-116.982615,32.680823,0</coordinates>
    </Point>
  </Placemark>
  <Placemark>
    <styleUrl>#transformer</styleUrl>
    <name>MISSION (2203) --> MISSION (2233)</name>
    <description><table><caption>Transformer</caption>
        <tr><th>From</th><td>230 kV (bus 2203)</td></tr>
        <tr><th>To</th><td>20 kV (bus 2233)</td></tr></table>
    </description>
    <Point>
      <coordinates>-117.137829,32.784153,0</coordinates>
    </Point>
  </Placemark>
  <Placemark>
    <styleUrl>#transformer</styleUrl>
    <name>IMPRLVLY (2301) --> IMPRLVLY (2302)</name>
    <description><table><caption>Transformer</caption>
        <tr><th>From</th><td>500 kV (bus 2301)</td></tr>
        <tr><th>To</th><td>230 kV (bus 2302)</td></tr></table>
    </description>
    <Point>
      <coordinates>-115.564590,32.856407,0</coordinates>
    </Point>
  </Placemark>
  <Placemark>
    <styleUrl>#transformer</styleUrl>
    <name>IMPRLVLY (2301) --> IMPRLVLY (2302)</name>
    <description><table><caption>Transformer</caption>
        <tr><th>From</th><td>500 kV (bus 2301)</td></tr>
        <tr><th>To</th><td>230 kV (bus 2302)</td></tr></table>
    </description>
    <Point>
      <coordinates>-115.564590,32.856407,0</coordinates>
    </Point>
  </Placemark>
  <Placemark>
    <styleUrl>#transformer</styleUrl>
    <name>IMPRLVLY (2302) --> IMPRLVLY (2332)</name>
    <description><table><caption>Transformer</caption>
        <tr><th>From</th><td>230 kV (bus 2302)</td></tr>
        <tr><th>To</th><td>20 kV (bus 2332)</td></tr></table>
    </description>
    <Point>
      <coordinates>-115.564590,32.856407,0</coordinates>
    </Point>
  </Placemark>
  <Placemark>
    <styleUrl>#transformer</styleUrl>
    <name>LUGO (2401) --> LUGO (2431)</name>
    <description><table><caption>Transformer</caption>
        <tr><th>From</th><td>500 kV (bus 2401)</td></tr>
        <tr><th>To</th><td>20 kV (bus 2431)</td></tr></table>
    </description>
    <Point>
      <coordinates>-117.368876,34.369347,0</coordinates>
    </Point>
  </Placemark>
  <Placemark>
    <styleUrl>#transformer</styleUrl>
    <name>MIRALOMA (2402) --> MIRALOMA (2409)</name>
    <description><table><caption>Transformer</caption>
        <tr><th>From</th><td>500 kV (bus 2402)</td></tr>
        <tr><th>To</th><td>230 kV (bus 2409)</td></tr></table>
    </description>
    <Point>
      <coordinates>-117.564527,34.008174,0</coordinates>
    </Point>
  </Placemark>
  <Placemark>
    <styleUrl>#transformer</styleUrl>
    <name>VINCENT (2404) --> VINCENT (2411)</name>
    <description><table><caption>Transformer</caption>
        <tr><th>From</th><td>500 kV (bus 2404)</td></tr>
        <tr><th>To</th><td>230 kV (bus 2411)</td></tr></table>
    </description>
    <Point>
      <coordinates>-118.121470,34.488498,0</coordinates>
    </Point>
  </Placemark>
  <Placemark>
    <styleUrl>#transformer</styleUrl>
    <name>VINCENT (2404) --> VINCENT (2411)</name>
    <description><table><caption>Transformer</caption>
        <tr><th>From</th><td>500 kV (bus 2404)</td></tr>
        <tr><th>To</th><td>230 kV (bus 2411)</td></tr></table>
    </description>
    <Point>
      <coordinates>-118.121470,34.488498,0</coordinates>
    </Point>
  </Placemark>
  <Placemark>
    <styleUrl>#transformer</styleUrl>
    <name>VINCENT (2404) --> VINCENT (2411)</name>
    <description><table><caption>Transformer</caption>
        <tr><th>From</th><td>500 kV (bus 2404)</td></tr>
        <tr><th>To</th><td>230 kV (bus 2411)</td></tr></table>
    </description>
    <Point>
      <coordinates>-118.121470,34.488498,0</coordinates>
    </Point>
  </Placemark>
  <Placemark>
    <styleUrl>#transformer</styleUrl>
    <name>MESA CAL (2408) --> MESA CAL (2438)</name>
    <description><table><caption>Transformer</caption>
        <tr><th>From</th><td>230 kV (bus 2408)</td></tr>
        <tr><th>To</th><td>20 kV (bus 2438)</td></tr></table>
    </description>
    <Point>
      <coordinates>-118.110120,34.037233,0</coordinates>
    </Point>
  </Placemark>
  <Placemark>
    <styleUrl>#transformer</styleUrl>
    <name>MIRALOMA (2409) --> MIRALOMA (2439)</name>
    <description><table><caption>Transformer</caption>
        <tr><th>From</th><td>230 kV (bus 2409)</td></tr>
        <tr><th>To</th><td>20 kV (bus 2439)</td></tr></table>
    </description>
    <Point>
      <coordinates>-117.564527,34.008174,0</coordinates>
    </Point>
  </Placemark>
  <Placemark>
    <styleUrl>#transformer</styleUrl>
    <name>VINCENT (2411) --> VINCENT (2434)</name>
    <description><table><caption>Transformer</caption>
        <tr><th>From</th><td>230 kV (bus 2411)</td></tr>
        <tr><th>To</th><td>20 kV (bus 2434)</td></tr></table>
    </description>
    <Point>
      <coordinates>-118.121470,34.488498,0</coordinates>
    </Point>
  </Placemark>
  <Placemark>
    <styleUrl>#transformer</styleUrl>
    <name>SERRANO (2501) --> SERRANO (2502)</name>
    <description><table><caption>Transformer</caption>
        <tr><th>From</th><td>500 kV (bus 2501)</td></tr>
        <tr><th>To</th><td>230 kV (bus 2502)</td></tr></table>
    </description>
    <Point>
      <coordinates>-117.790130,33.828436,0</coordinates>
    </Point>
  </Placemark>
  <Placemark>
    <styleUrl>#transformer</styleUrl>
    <name>SERRANO (2501) --> SERRANO (2502)</name>
    <description><table><caption>Transformer</caption>
        <tr><th>From</th><td>500 kV (bus 2501)</td></tr>
        <tr><th>To</th><td>230 kV (bus 2502)</td></tr></table>
    </description>
    <Point>
      <coordinates>-117.790130,33.828436,0</coordinates>
    </Point>
  </Placemark>
  <Placemark>
    <styleUrl>#transformer</styleUrl>
    <name>SERRANO (2501) --> SERRANO (2502)</name>
    <description><table><caption>Transformer</caption>
        <tr><th>From</th><td>500 kV (bus 2501)</td></tr>
        <tr><th>To</th><td>230 kV (bus 2502)</td></tr></table>
    </description>
    <Point>
      <coordinates>-117.790130,33.828436,0</coordinates>
    </Point>
  </Placemark>
  <Placemark>
    <styleUrl>#transformer</styleUrl>
    <name>S.ONOFRE (2503) --> S.ONOFRE (2533)</name>
    <description><table><caption>Transformer</caption>
        <tr><th>From</th><td>230 kV (bus 2503)</td></tr>
        <tr><th>To</th><td>20 kV (bus 2533)</td></tr></table>
    </description>
    <Point>
      <coordinates>-117.557619,33.370212,0</coordinates>
    </Point>
  </Placemark>
  <Placemark>
    <styleUrl>#transformer</styleUrl>
    <name>RINALDI (2601) --> RINALDI (2612)</name>
    <description><table><caption>Transformer</caption>
        <tr><th>From</th><td>500 kV (bus 2601)</td></tr>
        <tr><th>To</th><td>230 kV (bus 2612)</td></tr></table>
    </description>
    <Point>
      <coordinates>-118.484219,34.285768,0</coordinates>
    </Point>
  </Placemark>
  <Placemark>
    <styleUrl>#transformer</styleUrl>
    <name>STA E (2602) --> STA E (2615)</name>
    <description><table><caption>Transformer</caption>
        <tr><th>From</th><td>500 kV (bus 2602)</td></tr>
        <tr><th>To</th><td>230 kV (bus 2615)</td></tr></table>
    </description>
    <Point>
      <coordinates>-118.360306,34.176429,0</coordinates>
    </Point>
  </Placemark>
  <Placemark>
    <styleUrl>#transformer</styleUrl>
    <name>STA E (2602) --> STA E (2615)</name>
    <description><table><caption>Transformer</caption>
        <tr><th>From</th><td>500 kV (bus 2602)</td></tr>
        <tr><th>To</th><td>230 kV (bus 2615)</td></tr></table>
    </description>
    <Point>
      <coordinates>-118.360306,34.176429,0</coordinates>
    </Point>
  </Placemark>
  <Placemark>
    <styleUrl>#transformer</styleUrl>
    <name>VICTORVL (2603) --> VICTORVL (2607)</name>
    <description><table><caption>Transformer</caption>
        <tr><th>From</th><td>500 kV (bus 2603)</td></tr>
        <tr><th>To</th><td>287 kV (bus 2607)</td></tr></table>
    </description>
    <Point>
      <coordinates>-117.321570,34.565195,0</coordinates>
    </Point>
  </Placemark>
  <Placemark>
    <styleUrl>#transformer</styleUrl>
    <name>INTERMT (2604) --> INTERM1G (2634)</name>
    <description><table><caption>Transformer</caption>
        <tr><th>From</th><td>345 kV (bus 2604)</td></tr>
        <tr><th>To</th><td>20 kV (bus 2634)</td></tr></table>
    </description>
    <Point>
      <coordinates>-112.580826,39.500381,0</coordinates>
    </Point>
  </Placemark>
  <Placemark>
    <styleUrl>#transformer</styleUrl>
    <name>STA B1 (2605) --> STA B (2621)</name>
    <description><table><caption>Transformer</caption>
        <tr><th>From</th><td>287 kV (bus 2605)</td></tr>
        <tr><th>To</th><td>138 kV (bus 2621)</td></tr></table>
    </description>
    <Point>
      <coordinates>-118.204015,34.015353,0</coordinates>
    </Point>
  </Placemark>
  <Placemark>
    <styleUrl>#transformer</styleUrl>
    <name>STA B2 (2606) --> STA B (2621)</name>
    <description><table><caption>Transformer</caption>
        <tr><th>From</th><td>287 kV (bus 2606)</td></tr>
        <tr><th>To</th><td>138 kV (bus 2621)</td></tr></table>
    </description>
    <Point>
      <coordinates>-118.204015,34.015353,0</coordinates>
    </Point>
  </Placemark>
  <Placemark>
    <styleUrl>#transformer</styleUrl>
    <name>CASTAIC (2608) --> CASTAI4G (2638)</name>
    <description><table><caption>Transformer</caption>
        <tr><th>From</th><td>230 kV (bus 2608)</td></tr>
        <tr><th>To</th><td>20 kV (bus 2638)</td></tr></table>
    </description>
    <Point>
      <coordinates>-118.663274,34.589863,0</coordinates>
    </Point>
  </Placemark>
  <Placemark>
    <styleUrl>#transformer</styleUrl>
    <name>HAYNES (2610) --> HAYNES3G (2630)</name>
    <description><table><caption>Transformer</caption>
        <tr><th>From</th><td>230 kV (bus 2610)</td></tr>
        <tr><th>To</th><td>20 kV (bus 2630)</td></tr></table>
    </description>
    <Point>
      <coordinates>-117.911364,33.697565,0</coordinates>
    </Point>
  </Placemark>
  <Placemark>
    <styleUrl>#transformer</styleUrl>
    <name>OLIVE (2611) --> OLIVE (2631)</name>
    <description><table><caption>Transformer</caption>
        <tr><th>From</th><td>230 kV (bus 2611)</td></tr>
        <tr><th>To</th><td>20 kV (bus 2631)</td></tr></table>
    </description>
    <Point>
      <coordinates>-118.455696,34.311310,0</coordinates>
    </Point>
  </Placemark>
  <Placemark>
    <styleUrl>#transformer</styleUrl>
    <name>RINALDI (2612) --> OWENS G (2637)</name>
    <description><table><caption>Transformer</caption>
        <tr><th>From</th><td>230 kV (bus 2612)</td></tr>
        <tr><th>To</th><td>20 kV (bus 2637)</td></tr></table>
    </description>
    <Point>
      <coordinates>-118.484219,34.285768,0</coordinates>
    </Point>
  </Placemark>
  <Placemark>
    <styleUrl>#transformer</styleUrl>
    <name>STA BLD (2614) --> STA B (2621)</name>
    <description><table><caption>Transformer</caption>
        <tr><th>From</th><td>230 kV (bus 2614)</td></tr>
        <tr><th>To</th><td>138 kV (bus 2621)</td></tr></table>
    </description>
    <Point>
      <coordinates>-118.204015,34.015353,0</coordinates>
    </Point>
  </Placemark>
  <Placemark>
    <styleUrl>#transformer</styleUrl>
    <name>STA BLD (2614) --> STA B (2621)</name>
    <description><table><caption>Transformer</caption>
        <tr><th>From</th><td>230 kV (bus 2614)</td></tr>
        <tr><th>To</th><td>138 kV (bus 2621)</td></tr></table>
    </description>
    <Point>
      <coordinates>-118.204015,34.015353,0</coordinates>
    </Point>
  </Placemark>
  <Placemark>
    <styleUrl>#transformer</styleUrl>
    <name>MARTIN (3102) --> MARTIN (3104)</name>
    <description><table><caption>Transformer</caption>
        <tr><th>From</th><td>230 kV (bus 3102)</td></tr>
        <tr><th>To</th><td>115 kV (bus 3104)</td></tr></table>
    </description>
    <Point>
      <coordinates>-122.410274,37.704337,0</coordinates>
    </Point>
  </Placemark>
  <Placemark>
    <styleUrl>#transformer</styleUrl>
    <name>SANMATEO (3103) --> SANMATEO (3133)</name>
    <description><table><caption>Transformer</caption>
        <tr><th>From</th><td>230 kV (bus 3103)</td></tr>
        <tr><th>To</th><td>20 kV (bus 3133)</td></tr></table>
    </description>
    <Point>
      <coordinates>-122.318546,37.582985,0</coordinates>
    </Point>
  </Placemark>
  <Placemark>
    <styleUrl>#transformer</styleUrl>
    <name>POTRERO (3105) --> POTRERO (3135)</name>
    <description><table><caption>Transformer</caption>
        <tr><th>From</th><td>115 kV (bus 3105)</td></tr>
        <tr><th>To</th><td>20 kV (bus 3135)</td></tr></table>
    </description>
    <Point>
      <coordinates>-122.398000,37.758430,0</coordinates>
    </Point>
  </Placemark>
  <Placemark>
    <styleUrl>#transformer</styleUrl>
    <name>PITSBURG (3204) --> PITSBURG (3234)</name>
    <description><table><caption>Transformer</caption>
        <tr><th>From</th><td>230 kV (bus 3204)</td></tr>
        <tr><th>To</th><td>20 kV (bus 3234)</td></tr></table>
    </description>
    <Point>
      <coordinates>-121.897096,38.037129,0</coordinates>
    </Point>
  </Placemark>
  <Placemark>
    <styleUrl>#transformer</styleUrl>
    <name>METCALF (3301) --> METCALF (3303)</name>
    <description><table><caption>Transformer</caption>
        <tr><th>From</th><td>500 kV (bus 3301)</td></tr>
        <tr><th>To</th><td>230 kV (bus 3303)</td></tr></table>
    </description>
    <Point>
      <coordinates>-121.746496,37.222363,0</coordinates>
    </Point>
  </Placemark>
  <Placemark>
    <styleUrl>#transformer</styleUrl>
    <name>METCALF (3301) --> METCALF (3303)</name>
    <description><table><caption>Transformer</caption>
        <tr><th>From</th><td>500 kV (bus 3301)</td></tr>
        <tr><th>To</th><td>230 kV (bus 3303)</td></tr></table>
    </description>
    <Point>
      <coordinates>-121.746496,37.222363,0</coordinates>
    </Point>
  </Placemark>
  <Placemark>
    <styleUrl>#transformer</styleUrl>
    <name>METCALF (3301) --> METCALF (3303)</name>
    <description><table><caption>Transformer</caption>
        <tr><th>From</th><td>500 kV (bus 3301)</td></tr>
        <tr><th>To</th><td>230 kV (bus 3303)</td></tr></table>
    </description>
    <Point>
      <coordinates>-121.746496,37.222363,0</coordinates>
    </Point>
  </Placemark>
  <Placemark>
    <styleUrl>#transformer</styleUrl>
    <name>METCALF (3303) --> METCALF (3333)</name>
    <description><table><caption>Transformer</caption>
        <tr><th>From</th><td>230 kV (bus 3303)</td></tr>
        <tr><th>To</th><td>20 kV (bus 3333)</td></tr></table>
    </description>
    <Point>
      <coordinates>-121.746496,37.222363,0</coordinates>
    </Point>
  </Placemark>
  <Placemark>
    <styleUrl>#transformer</styleUrl>
    <name>HELMS PP (3402) --> HELMS PP (3432)</name>
    <description><table><caption>Transformer</caption>
        <tr><th>From</th><td>230 kV (bus 3402)</td></tr>
        <tr><th>To</th><td>20 kV (bus 3432)</td></tr></table>
    </description>
    <Point>
      <coordinates>-118.946978,37.039937,0</coordinates>
    </Point>
  </Placemark>
  <Placemark>
    <styleUrl>#transformer</styleUrl>
    <name>MC CALL (3403) --> MC CALL (3433)</name>
    <description><table><caption>Transformer</caption>
        <tr><th>From</th><td>230 kV (bus 3403)</td></tr>
        <tr><th>To</th><td>20 kV (bus 3433)</td></tr></table>
    </description>
    <Point>
      <coordinates>-119.639632,36.609214,0</coordinates>
    </Point>
  </Placemark>
  <Placemark>
    <styleUrl>#transformer</styleUrl>
    <name>FULTON (3501) --> FULTON (3531)</name>
    <description><table><caption>Transformer</caption>
        <tr><th>From</th><td>230 kV (bus 3501)</td></tr>
        <tr><th>To</th><td>20 kV (bus 3531)</td></tr></table>
    </description>
    <Point>
      <coordinates>-122.761324,38.497952,0</coordinates>
    </Point>
  </Placemark>
  <Placemark>
    <styleUrl>#transformer</styleUrl>
    <name>HUMBOLDT (3601) --> HUMBOLDT (3631)</name>
    <description><table><caption>Transformer</caption>
        <tr><th>From</th><td>115 kV (bus 3601)</td></tr>
        <tr><th>To</th><td>20 kV (bus 3631)</td></tr></table>
    </description>
    <Point>
      <coordinates>-124.163611,40.801944,0</coordinates>
    </Point>
  </Placemark>
  <Placemark>
    <styleUrl>#transformer</styleUrl>
    <name>SUMMIT (3701) --> SUMMIT (3731)</name>
    <description><table><caption>Transformer</caption>
        <tr><th>From</th><td>115 kV (bus 3701)</td></tr>
        <tr><th>To</th><td>20 kV (bus 3731)</td></tr></table>
    </description>
    <Point>
      <coordinates>-119.821944,39.527222,0</coordinates>
    </Point>
  </Placemark>
  <Placemark>
    <styleUrl>#transformer</styleUrl>
    <name>DIABLO (3801) --> DIABLO1 (3831)</name>
    <description><table><caption>Transformer</caption>
        <tr><th>From</th><td>500 kV (bus 3801)</td></tr>
        <tr><th>To</th><td>20 kV (bus 3831)</td></tr></table>
    </description>
    <Point>
      <coordinates>-120.855104,35.230747,0</coordinates>
    </Point>
  </Placemark>
  <Placemark>
    <styleUrl>#transformer</styleUrl>
    <name>GATES (3802) --> GATES (3804)</name>
    <description><table><caption>Transformer</caption>
        <tr><th>From</th><td>500 kV (bus 3802)</td></tr>
        <tr><th>To</th><td>230 kV (bus 3804)</td></tr></table>
    </description>
    <Point>
      <coordinates>-120.124187,36.144321,0</coordinates>
    </Point>
  </Placemark>
  <Placemark>
    <styleUrl>#transformer</styleUrl>
    <name>MIDWAY (3803) --> MIDWAY (3805)</name>
    <description><table><caption>Transformer</caption>
        <tr><th>From</th><td>500 kV (bus 3803)</td></tr>
        <tr><th>To</th><td>230 kV (bus 3805)</td></tr></table>
    </description>
    <Point>
      <coordinates>-119.456003,35.408481,0</coordinates>
    </Point>
  </Placemark>
  <Placemark>
    <styleUrl>#transformer</styleUrl>
    <name>MIDWAY (3803) --> MIDWAY (3805)</name>
    <description><table><caption>Transformer</caption>
        <tr><th>From</th><td>500 kV (bus 3803)</td></tr>
        <tr><th>To</th><td>230 kV (bus 3805)</td></tr></table>
    </description>
    <Point>
      <coordinates>-119.456003,35.408481,0</coordinates>
    </Point>
  </Placemark>
  <Placemark>
    <styleUrl>#transformer</styleUrl>
    <name>MIDWAY (3805) --> MIDWAY (3835)</name>
    <description><table><caption>Transformer</caption>
        <tr><th>From</th><td>230 kV (bus 3805)</td></tr>
        <tr><th>To</th><td>20 kV (bus 3835)</td></tr></table>
    </description>
    <Point>
      <coordinates>-119.456003,35.408481,0</coordinates>
    </Point>
  </Placemark>
  <Placemark>
    <styleUrl>#transformer</styleUrl>
    <name>MORROBAY (3806) --> MORROBAY (3836)</name>
    <description><table><caption>Transformer</caption>
        <tr><th>From</th><td>230 kV (bus 3806)</td></tr>
        <tr><th>To</th><td>20 kV (bus 3836)</td></tr></table>
    </description>
    <Point>
      <coordinates>-120.858669,35.385430,0</coordinates>
    </Point>
  </Placemark>
  <Placemark>
    <styleUrl>#transformer</styleUrl>
    <name>LOSBANOS (3901) --> LOSBANOS (3917)</name>
    <description><table><caption>Transformer</caption>
        <tr><th>From</th><td>500 kV (bus 3901)</td></tr>
        <tr><th>To</th><td>230 kV (bus 3917)</td></tr></table>
    </description>
    <Point>
      <coordinates>-121.022616,37.054001,0</coordinates>
    </Point>
  </Placemark>
  <Placemark>
    <styleUrl>#transformer</styleUrl>
    <name>MOSSLAND (3902) --> MOSSLAND (3918)</name>
    <description><table><caption>Transformer</caption>
        <tr><th>From</th><td>500 kV (bus 3902)</td></tr>
        <tr><th>To</th><td>230 kV (bus 3918)</td></tr></table>
    </description>
    <Point>
      <coordinates>-121.732796,36.737604,0</coordinates>
    </Point>
  </Placemark>
  <Placemark>
    <styleUrl>#transformer</styleUrl>
    <name>MOSSLAND (3902) --> MOSSLAND (3932)</name>
    <description><table><caption>Transformer</caption>
        <tr><th>From</th><td>500 kV (bus 3902)</td></tr>
        <tr><th>To</th><td>20 kV (bus 3932)</td></tr></table>
    </description>
    <Point>
      <coordinates>-121.732796,36.737604,0</coordinates>
    </Point>
  </Placemark>
  <Placemark>
    <styleUrl>#transformer</styleUrl>
    <name>TESLA (3903) --> TESLA (3923)</name>
    <description><table><caption>Transformer</caption>
        <tr><th>From</th><td>500 kV (bus 3903)</td></tr>
        <tr><th>To</th><td>230 kV (bus 3923)</td></tr></table>
    </description>
    <Point>
      <coordinates>-121.565283,37.712470,0</coordinates>
    </Point>
  </Placemark>
  <Placemark>
    <styleUrl>#transformer</styleUrl>
    <name>VACA-DIX (3904) --> VACA-DIX (3924)</name>
    <description><table><caption>Transformer</caption>
        <tr><th>From</th><td>500 kV (bus 3904)</td></tr>
        <tr><th>To</th><td>230 kV (bus 3924)</td></tr></table>
    </description>
    <Point>
      <coordinates>-121.918134,38.404370,0</coordinates>
    </Point>
  </Placemark>
  <Placemark>
    <styleUrl>#transformer</styleUrl>
    <name>TABLE MT (3905) --> TABLE MT (3922)</name>
    <description><table><caption>Transformer</caption>
        <tr><th>From</th><td>500 kV (bus 3905)</td></tr>
        <tr><th>To</th><td>230 kV (bus 3922)</td></tr></table>
    </description>
    <Point>
      <coordinates>-121.645379,39.555480,0</coordinates>
    </Point>
  </Placemark>
  <Placemark>
    <styleUrl>#transformer</styleUrl>
    <name>ROUND MT (3906) --> ROUND MT (3921)</name>
    <description><table><caption>Transformer</caption>
        <tr><th>From</th><td>500 kV (bus 3906)</td></tr>
        <tr><th>To</th><td>230 kV (bus 3921)</td></tr></table>
    </description>
    <Point>
      <coordinates>-121.936762,40.808138,0</coordinates>
    </Point>
  </Placemark>
  <Placemark>
    <styleUrl>#transformer</styleUrl>
    <name>COTWDPGE (3911) --> COTWDPGE (3925)</name>
    <description><table><caption>Transformer</caption>
        <tr><th>From</th><td>230 kV (bus 3911)</td></tr>
        <tr><th>To</th><td>115 kV (bus 3925)</td></tr></table>
    </description>
    <Point>
      <coordinates>-122.265115,40.397712,0</coordinates>
    </Point>
  </Placemark>
  <Placemark>
    <styleUrl>#transformer</styleUrl>
    <name>RIO OSO (3920) --> RIO OSO (3926)</name>
    <description><table><caption>Transformer</caption>
        <tr><th>From</th><td>230 kV (bus 3920)</td></tr>
        <tr><th>To</th><td>115 kV (bus 3926)</td></tr></table>
    </description>
    <Point>
      <coordinates>-121.463992,38.936080,0</coordinates>
    </Point>
  </Placemark>
  <Placemark>
    <styleUrl>#transformer</styleUrl>
    <name>RIO OSO (3920) --> RIO OSO (3926)</name>
    <description><table><caption>Transformer</caption>
        <tr><th>From</th><td>230 kV (bus 3920)</td></tr>
        <tr><th>To</th><td>115 kV (bus 3926)</td></tr></table>
    </description>
    <Point>
      <coordinates>-121.463992,38.936080,0</coordinates>
    </Point>
  </Placemark>
  <Placemark>
    <styleUrl>#transformer</styleUrl>
    <name>ROUND MT (3921) --> ROUND MT (3931)</name>
    <description><table><caption>Transformer</caption>
        <tr><th>From</th><td>230 kV (bus 3921)</td></tr>
        <tr><th>To</th><td>20 kV (bus 3931)</td></tr></table>
    </description>
    <Point>
      <coordinates>-121.936762,40.808138,0</coordinates>
    </Point>
  </Placemark>
  <Placemark>
    <styleUrl>#transformer</styleUrl>
    <name>TESLA (3923) --> TESLA (3933)</name>
    <description><table><caption>Transformer</caption>
        <tr><th>From</th><td>230 kV (bus 3923)</td></tr>
        <tr><th>To</th><td>20 kV (bus 3933)</td></tr></table>
    </description>
    <Point>
      <coordinates>-121.565283,37.712470,0</coordinates>
    </Point>
  </Placemark>
  <Placemark>
    <styleUrl>#transformer</styleUrl>
    <name>MALIN (4001) --> MALIN (4008)</name>
    <description><table><caption>Transformer</caption>
        <tr><th>From</th><td>500 kV (bus 4001)</td></tr>
        <tr><th>To</th><td>345 kV (bus 4008)</td></tr></table>
    </description>
    <Point>
      <coordinates>-121.318052,42.004704,0</coordinates>
    </Point>
  </Placemark>
  <Placemark>
    <styleUrl>#transformer</styleUrl>
    <name>MALIN (4001) --> MALIN (4031)</name>
    <description><table><caption>Transformer</caption>
        <tr><th>From</th><td>500 kV (bus 4001)</td></tr>
        <tr><th>To</th><td>20 kV (bus 4031)</td></tr></table>
    </description>
    <Point>
      <coordinates>-121.318052,42.004704,0</coordinates>
    </Point>
  </Placemark>
  <Placemark>
    <styleUrl>#transformer</styleUrl>
    <name>JOHN DAY (4005) --> JOHN DAY (4035)</name>
    <description><table><caption>Transformer</caption>
        <tr><th>From</th><td>500 kV (bus 4005)</td></tr>
        <tr><th>To</th><td>20 kV (bus 4035)</td></tr></table>
    </description>
    <Point>
      <coordinates>-120.733553,45.677819,0</coordinates>
    </Point>
  </Placemark>
  <Placemark>
    <styleUrl>#transformer</styleUrl>
    <name>BIG EDDY (4006) --> BIG EDDY (4009)</name>
    <description><table><caption>Transformer</caption>
        <tr><th>From</th><td>500 kV (bus 4006)</td></tr>
        <tr><th>To</th><td>230 kV (bus 4009)</td></tr></table>
    </description>
    <Point>
      <coordinates>-121.115583,45.606640,0</coordinates>
    </Point>
  </Placemark>
  <Placemark>
    <styleUrl>#transformer</styleUrl>
    <name>BIG EDDY (4006) --> BIG EDDY (4009)</name>
    <description><table><caption>Transformer</caption>
        <tr><th>From</th><td>500 kV (bus 4006)</td></tr>
        <tr><th>To</th><td>230 kV (bus 4009)</td></tr></table>
    </description>
    <Point>
      <coordinates>-121.115583,45.606640,0</coordinates>
    </Point>
  </Placemark>
  <Placemark>
    <styleUrl>#transformer</styleUrl>
    <name>CELILOCA (4007) --> CELILO (4010)</name>
    <description><table><caption>Transformer</caption>
        <tr><th>From</th><td>500 kV (bus 4007)</td></tr>
        <tr><th>To</th><td>230 kV (bus 4010)</td></tr></table>
    </description>
    <Point>
      <coordinates>-121.113585,45.594757,0</coordinates>
    </Point>
  </Placemark>
  <Placemark>
    <styleUrl>#transformer</styleUrl>
    <name>BIG EDDY (4009) --> DALLES21 (4039)</name>
    <description><table><caption>Transformer</caption>
        <tr><th>From</th><td>230 kV (bus 4009)</td></tr>
        <tr><th>To</th><td>20 kV (bus 4039)</td></tr></table>
    </description>
    <Point>
      <coordinates>-121.115583,45.606640,0</coordinates>
    </Point>
  </Placemark>
  <Placemark>
    <styleUrl>#transformer</styleUrl>
    <name>COULEE (4101) --> COULEE (4131)</name>
    <description><table><caption>Transformer</caption>
        <tr><th>From</th><td>500 kV (bus 4101)</td></tr>
        <tr><th>To</th><td>20 kV (bus 4131)</td></tr></table>
    </description>
    <Point>
      <coordinates>-118.996055,47.947893,0</coordinates>
    </Point>
  </Placemark>
  <Placemark>
    <styleUrl>#transformer</styleUrl>
    <name>HANFORD (4102) --> HANFORD (4132)</name>
    <description><table><caption>Transformer</caption>
        <tr><th>From</th><td>500 kV (bus 4102)</td></tr>
        <tr><th>To</th><td>20 kV (bus 4132)</td></tr></table>
    </description>
    <Point>
      <coordinates>-119.573343,46.669392,0</coordinates>
    </Point>
  </Placemark>
  <Placemark>
    <styleUrl>#transformer</styleUrl>
    <name>BELL (4103) --> BELL (4104)</name>
    <description><table><caption>Transformer</caption>
        <tr><th>From</th><td>500 kV (bus 4103)</td></tr>
        <tr><th>To</th><td>230 kV (bus 4104)</td></tr></table>
    </description>
    <Point>
      <coordinates>-117.373738,47.746353,0</coordinates>
    </Point>
  </Placemark>
  <Placemark>
    <styleUrl>#transformer</styleUrl>
    <name>NORTH (4201) --> NORTH G3 (4231)</name>
    <description><table><caption>Transformer</caption>
        <tr><th>From</th><td>500 kV (bus 4201)</td></tr>
        <tr><th>To</th><td>20 kV (bus 4231)</td></tr></table>
    </description>
    <Point>
      <coordinates>-121.837459,48.222760,0</coordinates>
    </Point>
  </Placemark>
  <Placemark>
    <styleUrl>#transformer</styleUrl>
    <name>WCASCADE (4202) --> WCASCADE (4232)</name>
    <description><table><caption>Transformer</caption>
        <tr><th>From</th><td>500 kV (bus 4202)</td></tr>
        <tr><th>To</th><td>20 kV (bus 4232)</td></tr></table>
    </description>
    <Point>
      <coordinates>-121.779859,47.065363,0</coordinates>
    </Point>
  </Placemark>
  <Placemark>
    <styleUrl>#transformer</styleUrl>
    <name>CANADA (5001) --> CANAD G1 (5031)</name>
    <description><table><caption>Transformer</caption>
        <tr><th>From</th><td>500 kV (bus 5001)</td></tr>
        <tr><th>To</th><td>20 kV (bus 5031)</td></tr></table>
    </description>
    <Point>
      <coordinates>-122.303722,49.429986,0</coordinates>
    </Point>
  </Placemark>
  <Placemark>
    <styleUrl>#transformer</styleUrl>
    <name>CANALB (5002) --> CA230TO (5003)</name>
    <description><table><caption>Transformer</caption>
        <tr><th>From</th><td>500 kV (bus 5002)</td></tr>
        <tr><th>To</th><td>230 kV (bus 5003)</td></tr></table>
    </description>
    <Point>
      <coordinates>-122.303722,49.429986,0</coordinates>
    </Point>
  </Placemark>
  <Placemark>
    <styleUrl>#transformer</styleUrl>
    <name>CANALB (5002) --> CMAIN GM (5032)</name>
    <description><table><caption>Transformer</caption>
        <tr><th>From</th><td>500 kV (bus 5002)</td></tr>
        <tr><th>To</th><td>20 kV (bus 5032)</td></tr></table>
    </description>
    <Point>
      <coordinates>-122.303722,49.429986,0</coordinates>
    </Point>
  </Placemark>
  <Placemark>
    <styleUrl>#transformer</styleUrl>
    <name>MIDPOINT (6101) --> MIDPOINT (6102)</name>
    <description><table><caption>Transformer</caption>
        <tr><th>From</th><td>500 kV (bus 6101)</td></tr>
        <tr><th>To</th><td>345 kV (bus 6102)</td></tr></table>
    </description>
    <Point>
      <coordinates>-114.199277,42.888986,0</coordinates>
    </Point>
  </Placemark>
  <Placemark>
    <styleUrl>#transformer</styleUrl>
    <name>MIDPOINT (6102) --> MIDPOINT (6132)</name>
    <description><table><caption>Transformer</caption>
        <tr><th>From</th><td>345 kV (bus 6102)</td></tr>
        <tr><th>To</th><td>20 kV (bus 6132)</td></tr></table>
    </description>
    <Point>
      <coordinates>-114.199277,42.888986,0</coordinates>
    </Point>
  </Placemark>
  <Placemark>
    <styleUrl>#transformer</styleUrl>
    <name>BORAH (6103) --> BORAH (6104)</name>
    <description><table><caption>Transformer</caption>
        <tr><th>From</th><td>345 kV (bus 6103)</td></tr>
        <tr><th>To</th><td>230 kV (bus 6104)</td></tr></table>
    </description>
    <Point>
      <coordinates>-113.348619,42.835449,0</coordinates>
    </Point>
  </Placemark>
  <Placemark>
    <styleUrl>#transformer</styleUrl>
    <name>COLSTRP (6201) --> COLSTRP (6203)</name>
    <description><table><caption>Transformer</caption>
        <tr><th>From</th><td>500 kV (bus 6201)</td></tr>
        <tr><th>To</th><td>230 kV (bus 6203)</td></tr></table>
    </description>
    <Point>
      <coordinates>-106.552322,45.689474,0</coordinates>
    </Point>
  </Placemark>
  <Placemark>
    <styleUrl>#transformer</styleUrl>
    <name>COLSTRP (6201) --> COLSTRP (6231)</name>
    <description><table><caption>Transformer</caption>
        <tr><th>From</th><td>500 kV (bus 6201)</td></tr>
        <tr><th>To</th><td>20 kV (bus 6231)</td></tr></table>
    </description>
    <Point>
      <coordinates>-106.552322,45.689474,0</coordinates>
    </Point>
  </Placemark>
  <Placemark>
    <styleUrl>#transformer</styleUrl>
    <name>GARRISON (6202) --> GARRISON (6204)</name>
    <description><table><caption>Transformer</caption>
        <tr><th>From</th><td>500 kV (bus 6202)</td></tr>
        <tr><th>To</th><td>230 kV (bus 6204)</td></tr></table>
    </description>
    <Point>
      <coordinates>-112.878383,46.515909,0</coordinates>
    </Point>
  </Placemark>
  <Placemark>
    <styleUrl>#transformer</styleUrl>
    <name>MONTANA (6205) --> MONTA G1 (6235)</name>
    <description><table><caption>Transformer</caption>
        <tr><th>From</th><td>230 kV (bus 6205)</td></tr>
        <tr><th>To</th><td>20 kV (bus 6235)</td></tr></table>
    </description>
    <Point>
      <coordinates>-111.260716,47.432975,0</coordinates>
    </Point>
  </Placemark>
  <Placemark>
    <styleUrl>#transformer</styleUrl>
    <name>BRIDGER (6301) --> BRIDGER2 (6303)</name>
    <description><table><caption>Transformer</caption>
        <tr><th>From</th><td>345 kV (bus 6301)</td></tr>
        <tr><th>To</th><td>230 kV (bus 6303)</td></tr></table>
    </description>
    <Point>
      <coordinates>-108.529745,42.083869,0</coordinates>
    </Point>
  </Placemark>
  <Placemark>
    <styleUrl>#transformer</styleUrl>
    <name>LARAMIE (6302) --> LARAMIE (6304)</name>
    <description><table><caption>Transformer</caption>
        <tr><th>From</th><td>345 kV (bus 6302)</td></tr>
        <tr><th>To</th><td>230 kV (bus 6304)</td></tr></table>
    </description>
    <Point>
      <coordinates>-105.567246,41.383369,0</coordinates>
    </Point>
  </Placemark>
  <Placemark>
    <styleUrl>#transformer</styleUrl>
    <name>BRIDGER2 (6303) --> BRIDGER (6333)</name>
    <description><table><caption>Transformer</caption>
        <tr><th>From</th><td>230 kV (bus 6303)</td></tr>
        <tr><th>To</th><td>20 kV (bus 6333)</td></tr></table>
    </description>
    <Point>
      <coordinates>-108.529745,42.083869,0</coordinates>
    </Point>
  </Placemark>
  <Placemark>
    <styleUrl>#transformer</styleUrl>
    <name>NAUGHTON (6305) --> NAUGHT (6335)</name>
    <description><table><caption>Transformer</caption>
        <tr><th>From</th><td>230 kV (bus 6305)</td></tr>
        <tr><th>To</th><td>20 kV (bus 6335)</td></tr></table>
    </description>
    <Point>
      <coordinates>-110.644610,41.826887,0</coordinates>
    </Point>
  </Placemark>
  <Placemark>
    <styleUrl>#transformer</styleUrl>
    <name>TRACYSPP (6401) --> SUMITSPP (6402)</name>
    <description><table><caption>Transformer</caption>
        <tr><th>From</th><td>345 kV (bus 6401)</td></tr>
        <tr><th>To</th><td>115 kV (bus 6402)</td></tr></table>
    </description>
    <Point>
      <coordinates>-119.188176,39.499336,0</coordinates>
    </Point>
  </Placemark>
  <Placemark>
    <styleUrl>#transformer</styleUrl>
    <name>TRACYSPP (6401) --> SUMITSPP (6402)</name>
    <description><table><caption>Transformer</caption>
        <tr><th>From</th><td>345 kV (bus 6401)</td></tr>
        <tr><th>To</th><td>115 kV (bus 6402)</td></tr></table>
    </description>
    <Point>
      <coordinates>-119.188176,39.499336,0</coordinates>
    </Point>
  </Placemark>
  <Placemark>
    <styleUrl>#transformer</styleUrl>
    <name>VALMY (6403) --> VALMY (6433)</name>
    <description><table><caption>Transformer</caption>
        <tr><th>From</th><td>345 kV (bus 6403)</td></tr>
        <tr><th>To</th><td>20 kV (bus 6433)</td></tr></table>
    </description>
    <Point>
      <coordinates>-116.954457,41.182805,0</coordinates>
    </Point>
  </Placemark>
  <Placemark>
    <styleUrl>#transformer</styleUrl>
    <name>BENLOMND (6501) --> BENLOMND (6510)</name>
    <description><table><caption>Transformer</caption>
        <tr><th>From</th><td>345 kV (bus 6501)</td></tr>
        <tr><th>To</th><td>230 kV (bus 6510)</td></tr></table>
    </description>
    <Point>
      <coordinates>-112.006907,41.439081,0</coordinates>
    </Point>
  </Placemark>
  <Placemark>
    <styleUrl>#transformer</styleUrl>
    <name>BENLOMND (6501) --> BENLOMND (6510)</name>
    <description><table><caption>Transformer</caption>
        <tr><th>From</th><td>345 kV (bus 6501)</td></tr>
        <tr><th>To</th><td>230 kV (bus 6510)</td></tr></table>
    </description>
    <Point>
      <coordinates>-112.006907,41.439081,0</coordinates>
    </Point>
  </Placemark>
  <Placemark>
    <styleUrl>#transformer</styleUrl>
    <name>EMERY (6503) --> EMERY (6533)</name>
    <description><table><caption>Transformer</caption>
        <tr><th>From</th><td>345 kV (bus 6503)</td></tr>
        <tr><th>To</th><td>20 kV (bus 6533)</td></tr></table>
    </description>
    <Point>
      <coordinates>-109.188333,40.030278,0</coordinates>
    </Point>
  </Placemark>
  <Placemark>
    <styleUrl>#transformer</styleUrl>
    <name>COLOEAST (7001) --> COLOEAST (7031)</name>
    <description><table><caption>Transformer</caption>
        <tr><th>From</th><td>345 kV (bus 7001)</td></tr>
        <tr><th>To</th><td>20 kV (bus 7031)</td></tr></table>
    </description>
    <Point>
      <coordinates>-104.660626,38.542595,0</coordinates>
    </Point>
  </Placemark>
  <Placemark>
    <styleUrl>#transformer</styleUrl>
    <name>CRAIG (7002) --> CRAIG (7032)</name>
    <description><table><caption>Transformer</caption>
        <tr><th>From</th><td>345 kV (bus 7002)</td></tr>
        <tr><th>To</th><td>20 kV (bus 7032)</td></tr></table>
    </description>
    <Point>
      <coordinates>-107.506652,40.521809,0</coordinates>
    </Point>
  </Placemark>
  <Placemark>
    <styleUrl>#transformer</styleUrl>
    <name>OLINDA (8001) --> COTWDWAP (8003)</name>
    <description><table><caption>Transformer</caption>
        <tr><th>From</th><td>500 kV (bus 8001)</td></tr>
        <tr><th>To</th><td>230 kV (bus 8003)</td></tr></table>
    </description>
    <Point>
      <coordinates>-122.384572,40.382027,0</coordinates>
    </Point>
  </Placemark>
  <Placemark>
    <styleUrl>#transformer</styleUrl>
    <name>TRACY (8002) --> TRACYPMP (8005)</name>
    <description><table><caption>Transformer</caption>
        <tr><th>From</th><td>500 kV (bus 8002)</td></tr>
        <tr><th>To</th><td>230 kV (bus 8005)</td></tr></table>
    </description>
    <Point>
      <coordinates>-121.416448,37.747520,0</coordinates>
    </Point>
  </Placemark>
  <Placemark>
    <styleUrl>#transformer</styleUrl>
    <name>COTWDWAP (8003) --> COTWDWAP (8033)</name>
    <description><table><caption>Transformer</caption>
        <tr><th>From</th><td>230 kV (bus 8003)</td></tr>
        <tr><th>To</th><td>20 kV (bus 8033)</td></tr></table>
    </description>
    <Point>
      <coordinates>-122.265115,40.397712,0</coordinates>
    </Point>
  </Placemark>
  <Placemark>
    <styleUrl>#transformer</styleUrl>
    <name>RNCHSECO (8004) --> RNCHSECO (8034)</name>
    <description><table><caption>Transformer</caption>
        <tr><th>From</th><td>230 kV (bus 8004)</td></tr>
        <tr><th>To</th><td>20 kV (bus 8034)</td></tr></table>
    </description>
    <Point>
      <coordinates>-121.123005,38.344823,0</coordinates>
    </Point>
  </Placemark>
</Folder>
</Document></kml>
