Plant Code,Plant Name,State,County,Latitude,Longitude,NERC Region,Balancing Authority Code,Nameplate Capacity (MW),Nameplate Energy Capacity (MWh),Maximum Charge Rate (MW),Maximum Discharge Rate (MW),Generator Count,Year,Month,Charge (MWh),Discharge (MWh),Net Gen (MWh),geohash,match_dist_km
141,Agua Fria,AZ,Maricopa,33.5561,-112.2153,WECC,SRP,25.0,100.0,25.0,25.0,1,2021,1.0,,,,9w01f3,59.3
141,Agua Fria,AZ,Maricopa,33.5561,-112.2153,WECC,SRP,25.0,100.0,25.0,25.0,1,2021,2.0,,,,9w01f3,59.3
141,Agua Fria,AZ,Maricopa,33.5561,-112.2153,WECC,SRP,25.0,100.0,25.0,25.0,1,2021,3.0,,,,9w01f3,59.3
141,Agua Fria,AZ,Maricopa,33.5561,-112.2153,WECC,SRP,25.0,100.0,25.0,25.0,1,2021,4.0,,,,9w01f3,59.3
141,Agua Fria,AZ,Maricopa,33.5561,-112.2153,WECC,SRP,25.0,100.0,25.0,25.0,1,2021,5.0,,,,9w01f3,59.3
141,Agua Fria,AZ,Maricopa,33.5561,-112.2153,WECC,SRP,25.0,100.0,25.0,25.0,1,2021,6.0,,,,9w01f3,59.3
141,Agua Fria,AZ,Maricopa,33.5561,-112.2153,WECC,SRP,25.0,100.0,25.0,25.0,1,2021,7.0,,,,9w01f3,59.3
141,Agua Fria,AZ,Maricopa,33.5561,-112.2153,WECC,SRP,25.0,100.0,25.0,25.0,1,2021,8.0,,,,9w01f3,59.3
141,Agua Fria,AZ,Maricopa,33.5561,-112.2153,WECC,SRP,25.0,100.0,25.0,25.0,1,2021,9.0,2219.0,1916.0,-303.0,9w01f3,59.3
141,Agua Fria,AZ,Maricopa,33.5561,-112.2153,WECC,SRP,25.0,100.0,25.0,25.0,1,2021,10.0,1758.0,1494.0,-264.0,9w01f3,59.3
141,Agua Fria,AZ,Maricopa,33.5561,-112.2153,WECC,SRP,25.0,100.0,25.0,25.0,1,2021,11.0,1929.0,1541.0,-388.0,9w01f3,59.3
141,Agua Fria,AZ,Maricopa,33.5561,-112.2153,WECC,SRP,25.0,100.0,25.0,25.0,1,2021,12.0,1800.0,1541.0,-259.0,9w01f3,59.3
141,Agua Fria,AZ,Maricopa,33.5561,-112.2153,WECC,SRP,25.0,100.0,25.0,25.0,1,2022,1.0,1261.0,1088.0,-173.0,9w01f3,59.3
141,Agua Fria,AZ,Maricopa,33.5561,-112.2153,WECC,SRP,25.0,100.0,25.0,25.0,1,2022,2.0,1981.0,1611.0,-370.0,9w01f3,59.3
141,Agua Fria,AZ,Maricopa,33.5561,-112.2153,WECC,SRP,25.0,100.0,25.0,25.0,1,2022,3.0,1953.0,1655.0,-298.0,9w01f3,59.3
141,Agua Fria,AZ,Maricopa,33.5561,-112.2153,WECC,SRP,25.0,100.0,25.0,25.0,1,2022,4.0,1308.0,1107.0,-201.0,9w01f3,59.3
141,Agua Fria,AZ,Maricopa,33.5561,-112.2153,WECC,SRP,25.0,100.0,25.0,25.0,1,2022,5.0,2385.0,2034.0,-351.0,9w01f3,59.3
141,Agua Fria,AZ,Maricopa,33.5561,-112.2153,WECC,SRP,25.0,100.0,25.0,25.0,1,2022,6.0,2505.0,2095.0,-410.0,9w01f3,59.3
141,Agua Fria,AZ,Maricopa,33.5561,-112.2153,WECC,SRP,25.0,100.0,25.0,25.0,1,2022,7.0,2464.0,2072.0,-392.0,9w01f3,59.3
141,Agua Fria,AZ,Maricopa,33.5561,-112.2153,WECC,SRP,25.0,100.0,25.0,25.0,1,2022,8.0,2471.0,2204.0,-267.0,9w01f3,59.3
141,Agua Fria,AZ,Maricopa,33.5561,-112.2153,WECC,SRP,25.0,100.0,25.0,25.0,1,2022,9.0,2276.0,2034.0,-242.0,9w01f3,59.3
141,Agua Fria,AZ,Maricopa,33.5561,-112.2153,WECC,SRP,25.0,100.0,25.0,25.0,1,2022,10.0,2691.0,2336.0,-355.0,9w01f3,59.3
141,Agua Fria,AZ,Maricopa,33.5561,-112.2153,WECC,SRP,25.0,100.0,25.0,25.0,1,2022,11.0,2290.0,1854.0,-436.0,9w01f3,59.3
141,Agua Fria,AZ,Maricopa,33.5561,-112.2153,WECC,SRP,25.0,100.0,25.0,25.0,1,2022,12.0,199.0,39.0,-159.0,9w01f3,59.3
260,Dynegy Moss Landing Power Plant Hybrid,CA,Monterey,36.804837,-121.782241,WECC,CISO,400.0,400.0,400.0,400.0,2,2021,1.0,,,,9q92vz,8.69
260,Dynegy Moss Landing Power Plant Hybrid,CA,Monterey,36.804837,-121.782241,WECC,CISO,400.0,400.0,400.0,400.0,2,2021,2.0,,,,9q92vz,8.69
260,Dynegy Moss Landing Power Plant Hybrid,CA,Monterey,36.804837,-121.782241,WECC,CISO,400.0,400.0,400.0,400.0,2,2021,3.0,,,,9q92vz,8.69
260,Dynegy Moss Landing Power Plant Hybrid,CA,Monterey,36.804837,-121.782241,WECC,CISO,400.0,400.0,400.0,400.0,2,2021,4.0,,,,9q92vz,8.69
260,Dynegy Moss Landing Power Plant Hybrid,CA,Monterey,36.804837,-121.782241,WECC,CISO,400.0,400.0,400.0,400.0,2,2021,5.0,0.0,0.0,0.0,9q92vz,8.69
260,Dynegy Moss Landing Power Plant Hybrid,CA,Monterey,36.804837,-121.782241,WECC,CISO,400.0,400.0,400.0,400.0,2,2021,6.0,27987.0,23623.0,-4364.0,9q92vz,8.69
260,Dynegy Moss Landing Power Plant Hybrid,CA,Monterey,36.804837,-121.782241,WECC,CISO,400.0,400.0,400.0,400.0,2,2021,7.0,35190.0,28808.0,-6382.0,9q92vz,8.69
260,Dynegy Moss Landing Power Plant Hybrid,CA,Monterey,36.804837,-121.782241,WECC,CISO,400.0,400.0,400.0,400.0,2,2021,8.0,54876.0,46752.0,-8124.0,9q92vz,8.69
260,Dynegy Moss Landing Power Plant Hybrid,CA,Monterey,36.804837,-121.782241,WECC,CISO,400.0,400.0,400.0,400.0,2,2021,9.0,16424.0,14600.0,-1824.0,9q92vz,8.69
260,Dynegy Moss Landing Power Plant Hybrid,CA,Monterey,36.804837,-121.782241,WECC,CISO,400.0,400.0,400.0,400.0,2,2021,10.0,9184.0,7226.0,-1958.0,9q92vz,8.69
260,Dynegy Moss Landing Power Plant Hybrid,CA,Monterey,36.804837,-121.782241,WECC,CISO,400.0,400.0,400.0,400.0,2,2021,11.0,7439.0,5981.0,-1458.0,9q92vz,8.69
260,Dynegy Moss Landing Power Plant Hybrid,CA,Monterey,36.804837,-121.782241,WECC,CISO,400.0,400.0,400.0,400.0,2,2021,12.0,7020.0,5448.0,-1572.0,9q92vz,8.69
260,Dynegy Moss Landing Power Plant Hybrid,CA,Monterey,36.804837,-121.782241,WECC,CISO,400.0,1600.0,400.0,400.0,2,2022,1.0,5625.0,4191.0,-1434.0,9q92vz,8.69
260,Dynegy Moss Landing Power Plant Hybrid,CA,Monterey,36.804837,-121.782241,WECC,CISO,400.0,1600.0,400.0,400.0,2,2022,2.0,4864.0,3575.0,-1289.0,9q92vz,8.69
260,Dynegy Moss Landing Power Plant Hybrid,CA,Monterey,36.804837,-121.782241,WECC,CISO,400.0,1600.0,400.0,400.0,2,2022,3.0,605.0,0.0,-605.0,9q92vz,8.69
260,Dynegy Moss Landing Power Plant Hybrid,CA,Monterey,36.804837,-121.782241,WECC,CISO,400.0,1600.0,400.0,400.0,2,2022,4.0,256.0,1332.0,1076.0,9q92vz,8.69
260,Dynegy Moss Landing Power Plant Hybrid,CA,Monterey,36.804837,-121.782241,WECC,CISO,400.0,1600.0,400.0,400.0,2,2022,5.0,4905.0,3443.0,-1462.0,9q92vz,8.69
260,Dynegy Moss Landing Power Plant Hybrid,CA,Monterey,36.804837,-121.782241,WECC,CISO,400.0,1600.0,400.0,400.0,2,2022,6.0,35878.0,29900.0,-5978.0,9q92vz,8.69
260,Dynegy Moss Landing Power Plant Hybrid,CA,Monterey,36.804837,-121.782241,WECC,CISO,400.0,1600.0,400.0,400.0,2,2022,7.0,43931.0,36821.0,-7110.0,9q92vz,8.69
260,Dynegy Moss Landing Power Plant Hybrid,CA,Monterey,36.804837,-121.782241,WECC,CISO,400.0,1600.0,400.0,400.0,2,2022,8.0,44670.0,36745.0,-7925.0,9q92vz,8.69
260,Dynegy Moss Landing Power Plant Hybrid,CA,Monterey,36.804837,-121.782241,WECC,CISO,400.0,1600.0,400.0,400.0,2,2022,9.0,33980.0,28739.0,-5241.0,9q92vz,8.69
260,Dynegy Moss Landing Power Plant Hybrid,CA,Monterey,36.804837,-121.782241,WECC,CISO,400.0,1600.0,400.0,400.0,2,2022,10.0,37056.0,30894.0,-6162.0,9q92vz,8.69
260,Dynegy Moss Landing Power Plant Hybrid,CA,Monterey,36.804837,-121.782241,WECC,CISO,400.0,1600.0,400.0,400.0,2,2022,11.0,40575.0,34935.0,-5640.0,9q92vz,8.69
260,Dynegy Moss Landing Power Plant Hybrid,CA,Monterey,36.804837,-121.782241,WECC,CISO,400.0,1600.0,400.0,400.0,2,2022,12.0,61908.0,52948.0,-8960.0,9q92vz,8.69
389,El Centro,CA,Imperial,32.802222,-115.54,WECC,IID,30.0,20.0,30.0,30.0,1,2018,1.0,607.0,311.0,-296.0,9mvffm,6.46
389,El Centro,CA,Imperial,32.802222,-115.54,WECC,IID,30.0,20.0,30.0,30.0,1,2018,2.0,715.0,438.0,-277.0,9mvffm,6.46
389,El Centro,CA,Imperial,32.802222,-115.54,WECC,IID,30.0,20.0,30.0,30.0,1,2018,3.0,592.0,305.0,-287.0,9mvffm,6.46
389,El Centro,CA,Imperial,32.802222,-115.54,WECC,IID,30.0,20.0,30.0,30.0,1,2018,4.0,510.0,346.0,-164.0,9mvffm,6.46
389,El Centro,CA,Imperial,32.802222,-115.54,WECC,IID,30.0,20.0,30.0,30.0,1,2018,5.0,370.0,202.0,-168.0,9mvffm,6.46
389,El Centro,CA,Imperial,32.802222,-115.54,WECC,IID,30.0,20.0,30.0,30.0,1,2018,6.0,319.0,151.0,-168.0,9mvffm,6.46
389,El Centro,CA,Imperial,32.802222,-115.54,WECC,IID,30.0,20.0,30.0,30.0,1,2018,7.0,515.0,198.0,-317.0,9mvffm,6.46
389,El Centro,CA,Imperial,32.802222,-115.54,WECC,IID,30.0,20.0,30.0,30.0,1,2018,8.0,384.0,83.0,-301.0,9mvffm,6.46
389,El Centro,CA,Imperial,32.802222,-115.54,WECC,IID,30.0,20.0,30.0,30.0,1,2018,9.0,367.0,91.0,-276.0,9mvffm,6.46
389,El Centro,CA,Imperial,32.802222,-115.54,WECC,IID,30.0,20.0,30.0,30.0,1,2018,10.0,447.0,154.0,-293.0,9mvffm,6.46
389,El Centro,CA,Imperial,32.802222,-115.54,WECC,IID,30.0,20.0,30.0,30.0,1,2018,11.0,651.0,344.0,-307.0,9mvffm,6.46
389,El Centro,CA,Imperial,32.802222,-115.54,WECC,IID,30.0,20.0,30.0,30.0,1,2018,12.0,444.0,139.0,-305.0,9mvffm,6.46
389,El Centro Hybrid,CA,Imperial,32.802222,-115.54,WECC,IID,30.0,20.0,30.0,30.0,1,2019,1.0,444.0,158.0,-286.0,9mvffm,6.46
389,El Centro Hybrid,CA,Imperial,32.802222,-115.54,WECC,IID,30.0,20.0,30.0,30.0,1,2019,2.0,513.0,244.0,-269.0,9mvffm,6.46
389,El Centro Hybrid,CA,Imperial,32.802222,-115.54,WECC,IID,30.0,20.0,30.0,30.0,1,2019,3.0,619.0,310.0,-309.0,9mvffm,6.46
389,El Centro Hybrid,CA,Imperial,32.802222,-115.54,WECC,IID,30.0,20.0,30.0,30.0,1,2019,4.0,501.0,325.0,-176.0,9mvffm,6.46
389,El Centro Hybrid,CA,Imperial,32.802222,-115.54,WECC,IID,30.0,20.0,30.0,30.0,1,2019,5.0,454.0,275.0,-179.0,9mvffm,6.46
389,El Centro Hybrid,CA,Imperial,32.802222,-115.54,WECC,IID,30.0,20.0,30.0,30.0,1,2019,6.0,444.0,278.0,-166.0,9mvffm,6.46
389,El Centro Hybrid,CA,Imperial,32.802222,-115.54,WECC,IID,30.0,20.0,30.0,30.0,1,2019,7.0,482.0,187.0,-295.0,9mvffm,6.46
389,El Centro Hybrid,CA,Imperial,32.802222,-115.54,WECC,IID,30.0,20.0,30.0,30.0,1,2019,8.0,528.0,218.0,-310.0,9mvffm,6.46
389,El Centro Hybrid,CA,Imperial,32.802222,-115.54,WECC,IID,30.0,20.0,30.0,30.0,1,2019,9.0,497.0,200.0,-297.0,9mvffm,6.46
389,El Centro Hybrid,CA,Imperial,32.802222,-115.54,WECC,IID,30.0,20.0,30.0,30.0,1,2019,10.0,593.0,295.0,-298.0,9mvffm,6.46
389,El Centro Hybrid,CA,Imperial,32.802222,-115.54,WECC,IID,30.0,20.0,30.0,30.0,1,2019,11.0,612.0,318.0,-294.0,9mvffm,6.46
389,El Centro Hybrid,CA,Imperial,32.802222,-115.54,WECC,IID,30.0,20.0,30.0,30.0,1,2019,12.0,639.0,345.0,-294.0,9mvffm,6.46
389,El Centro Hybrid,CA,Imperial,32.802222,-115.54,WECC,IID,30.0,20.0,30.0,30.0,1,2020,1.0,778.0,460.0,-318.0,9mvffm,6.46
389,El Centro Hybrid,CA,Imperial,32.802222,-115.54,WECC,IID,30.0,20.0,30.0,30.0,1,2020,2.0,967.0,653.0,-314.0,9mvffm,6.46
389,El Centro Hybrid,CA,Imperial,32.802222,-115.54,WECC,IID,30.0,20.0,30.0,30.0,1,2020,3.0,918.0,586.0,-332.0,9mvffm,6.46
389,El Centro Hybrid,CA,Imperial,32.802222,-115.54,WECC,IID,30.0,20.0,30.0,30.0,1,2020,4.0,761.0,452.0,-309.0,9mvffm,6.46
389,El Centro Hybrid,CA,Imperial,32.802222,-115.54,WECC,IID,30.0,20.0,30.0,30.0,1,2020,5.0,583.0,399.0,-184.0,9mvffm,6.46
389,El Centro Hybrid,CA,Imperial,32.802222,-115.54,WECC,IID,30.0,20.0,30.0,30.0,1,2020,6.0,444.0,278.0,-166.0,9mvffm,6.46
389,El Centro Hybrid,CA,Imperial,32.802222,-115.54,WECC,IID,30.0,20.0,30.0,30.0,1,2020,7.0,617.0,299.0,-318.0,9mvffm,6.46
389,El Centro Hybrid,CA,Imperial,32.802222,-115.54,WECC,IID,30.0,20.0,30.0,30.0,1,2020,8.0,598.0,277.0,-321.0,9mvffm,6.46
389,El Centro Hybrid,CA,Imperial,32.802222,-115.54,WECC,IID,30.0,20.0,30.0,30.0,1,2020,9.0,619.0,317.0,-302.0,9mvffm,6.46
389,El Centro Hybrid,CA,Imperial,32.802222,-115.54,WECC,IID,30.0,20.0,30.0,30.0,1,2020,10.0,669.0,365.0,-298.0,9mvffm,6.46
389,El Centro Hybrid,CA,Imperial,32.802222,-115.54,WECC,IID,30.0,20.0,30.0,30.0,1,2020,11.0,610.0,335.0,-275.0,9mvffm,6.46
389,El Centro Hybrid,CA,Imperial,32.802222,-115.54,WECC,IID,30.0,20.0,30.0,30.0,1,2020,12.0,680.0,412.0,-268.0,9mvffm,6.46
389,El Centro Hybrid,CA,Imperial,32.802222,-115.54,WECC,IID,30.0,20.0,30.0,30.0,1,2021,1.0,510.0,269.0,-241.0,9mvffm,6.46
389,El Centro Hybrid,CA,Imperial,32.802222,-115.54,WECC,IID,30.0,20.0,30.0,30.0,1,2021,2.0,447.0,204.0,-243.0,9mvffm,6.46
389,El Centro Hybrid,CA,Imperial,32.802222,-115.54,WECC,IID,30.0,20.0,30.0,30.0,1,2021,3.0,535.0,248.0,-287.0,9mvffm,6.46
389,El Centro Hybrid,CA,Imperial,32.802222,-115.54,WECC,IID,30.0,20.0,30.0,30.0,1,2021,4.0,458.0,300.0,-158.0,9mvffm,6.46
389,El Centro Hybrid,CA,Imperial,32.802222,-115.54,WECC,IID,30.0,20.0,30.0,30.0,1,2021,5.0,395.0,265.0,-130.0,9mvffm,6.46
389,El Centro Hybrid,CA,Imperial,32.802222,-115.54,WECC,IID,30.0,20.0,30.0,30.0,1,2021,6.0,233.0,217.0,-16.0,9mvffm,6.46
389,El Centro Hybrid,CA,Imperial,32.802222,-115.54,WECC,IID,30.0,20.0,30.0,30.0,1,2021,7.0,259.0,107.0,-152.0,9mvffm,6.46
389,El Centro Hybrid,CA,Imperial,32.802222,-115.54,WECC,IID,30.0,20.0,30.0,30.0,1,2021,8.0,243.0,60.0,-183.0,9mvffm,6.46
389,El Centro Hybrid,CA,Imperial,32.802222,-115.54,WECC,IID,30.0,20.0,30.0,30.0,1,2021,9.0,320.0,64.0,-256.0,9mvffm,6.46
389,El Centro Hybrid,CA,Imperial,32.802222,-115.54,WECC,IID,30.0,20.0,30.0,30.0,1,2021,10.0,401.0,121.0,-280.0,9mvffm,6.46
389,El Centro Hybrid,CA,Imperial,32.802222,-115.54,WECC,IID,30.0,20.0,30.0,30.0,1,2021,11.0,327.0,68.0,-259.0,9mvffm,6.46
389,El Centro Hybrid,CA,Imperial,32.802222,-115.54,WECC,IID,30.0,20.0,30.0,30.0,1,2021,12.0,326.0,57.0,-269.0,9mvffm,6.46
389,El Centro Hybrid,CA,Imperial,32.802222,-115.54,WECC,IID,30.0,20.0,30.0,30.0,1,2022,1.0,400.0,126.0,-247.0,9mvffm,6.46
389,El Centro Hybrid,CA,Imperial,32.802222,-115.54,WECC,IID,30.0,20.0,30.0,30.0,1,2022,2.0,328.0,87.0,-241.0,9mvffm,6.46
389,El Centro Hybrid,CA,Imperial,32.802222,-115.54,WECC,IID,30.0,20.0,30.0,30.0,1,2022,3.0,293.0,31.0,-262.0,9mvffm,6.46
389,El Centro Hybrid,CA,Imperial,32.802222,-115.54,WECC,IID,30.0,20.0,30.0,30.0,1,2022,4.0,339.0,198.0,-141.0,9mvffm,6.46
389,El Centro Hybrid,CA,Imperial,32.802222,-115.54,WECC,IID,30.0,20.0,30.0,30.0,1,2022,5.0,358.0,211.0,-147.0,9mvffm,6.46
389,El Centro Hybrid,CA,Imperial,32.802222,-115.54,WECC,IID,30.0,20.0,30.0,30.0,1,2022,6.0,284.0,144.0,-140.0,9mvffm,6.46
389,El Centro Hybrid,CA,Imperial,32.802222,-115.54,WECC,IID,30.0,20.0,30.0,30.0,1,2022,7.0,293.0,22.0,-271.0,9mvffm,6.46
389,El Centro Hybrid,CA,Imperial,32.802222,-115.54,WECC,IID,30.0,20.0,30.0,30.0,1,2022,8.0,607.0,326.0,-281.0,9mvffm,6.46
389,El Centro Hybrid,CA,Imperial,32.802222,-115.54,WECC,IID,30.0,20.0,30.0,30.0,1,2022,9.0,687.0,429.0,-258.0,9mvffm,6.46
389,El Centro Hybrid,CA,Imperial,32.802222,-115.54,WECC,IID,30.0,20.0,30.0,30.0,1,2022,10.0,555.0,272.0,-283.0,9mvffm,6.46
389,El Centro Hybrid,CA,Imperial,32.802222,-115.54,WECC,IID,30.0,20.0,30.0,30.0,1,2022,11.0,486.0,216.0,-270.0,9mvffm,6.46
389,El Centro Hybrid,CA,Imperial,32.802222,-115.54,WECC,IID,30.0,20.0,30.0,30.0,1,2022,12.0,499.0,224.0,-275.0,9mvffm,6.46
6704,Pebbly Beach,CA,Los Angeles,33.333056,-118.310278,WECC,CISO,1.0,6.8,1.0,1.0,1,2018,1.0,0.0,0.0,0.0,9mupsy,54.93
6704,Pebbly Beach,CA,Los Angeles,33.333056,-118.310278,WECC,CISO,1.0,6.8,1.0,1.0,1,2018,2.0,0.0,0.0,0.0,9mupsy,54.93
6704,Pebbly Beach,CA,Los Angeles,33.333056,-118.310278,WECC,CISO,1.0,6.8,1.0,1.0,1,2018,3.0,0.0,0.0,0.0,9mupsy,54.93
6704,Pebbly Beach,CA,Los Angeles,33.333056,-118.310278,WECC,CISO,1.0,6.8,1.0,1.0,1,2018,4.0,0.0,0.0,0.0,9mupsy,54.93
6704,Pebbly Beach,CA,Los Angeles,33.333056,-118.310278,WECC,CISO,1.0,6.8,1.0,1.0,1,2018,5.0,0.0,0.0,0.0,9mupsy,54.93
6704,Pebbly Beach,CA,Los Angeles,33.333056,-118.310278,WECC,CISO,1.0,6.8,1.0,1.0,1,2018,6.0,0.0,0.0,0.0,9mupsy,54.93
6704,Pebbly Beach,CA,Los Angeles,33.333056,-118.310278,WECC,CISO,1.0,6.8,1.0,1.0,1,2018,7.0,0.0,0.0,0.0,9mupsy,54.93
6704,Pebbly Beach,CA,Los Angeles,33.333056,-118.310278,WECC,CISO,1.0,6.8,1.0,1.0,1,2018,8.0,0.0,0.0,0.0,9mupsy,54.93
6704,Pebbly Beach,CA,Los Angeles,33.333056,-118.310278,WECC,CISO,1.0,6.8,1.0,1.0,1,2018,9.0,0.0,0.0,0.0,9mupsy,54.93
6704,Pebbly Beach,CA,Los Angeles,33.333056,-118.310278,WECC,CISO,1.0,6.8,1.0,1.0,1,2018,10.0,0.0,0.0,0.0,9mupsy,54.93
6704,Pebbly Beach,CA,Los Angeles,33.333056,-118.310278,WECC,CISO,1.0,6.8,1.0,1.0,1,2018,11.0,0.0,0.0,0.0,9mupsy,54.93
6704,Pebbly Beach,CA,Los Angeles,33.333056,-118.310278,WECC,CISO,1.0,6.8,1.0,1.0,1,2018,12.0,0.0,0.0,0.0,9mupsy,54.93
6704,Pebbly Beach Generating Station Hybrid,CA,Los Angeles,33.333056,-118.310278,WECC,CISO,1.0,6.8,1.0,1.0,1,2019,1.0,0.0,0.0,0.0,9mupsy,54.93
6704,Pebbly Beach Generating Station Hybrid,CA,Los Angeles,33.333056,-118.310278,WECC,CISO,1.0,6.8,1.0,1.0,1,2019,2.0,0.0,0.0,0.0,9mupsy,54.93
6704,Pebbly Beach Generating Station Hybrid,CA,Los Angeles,33.333056,-118.310278,WECC,CISO,1.0,6.8,1.0,1.0,1,2019,3.0,0.0,0.0,0.0,9mupsy,54.93
6704,Pebbly Beach Generating Station Hybrid,CA,Los Angeles,33.333056,-118.310278,WECC,CISO,1.0,6.8,1.0,1.0,1,2019,4.0,0.0,0.0,0.0,9mupsy,54.93
6704,Pebbly Beach Generating Station Hybrid,CA,Los Angeles,33.333056,-118.310278,WECC,CISO,1.0,6.8,1.0,1.0,1,2019,5.0,0.0,0.0,0.0,9mupsy,54.93
6704,Pebbly Beach Generating Station Hybrid,CA,Los Angeles,33.333056,-118.310278,WECC,CISO,1.0,6.8,1.0,1.0,1,2019,6.0,0.0,0.0,0.0,9mupsy,54.93
6704,Pebbly Beach Generating Station Hybrid,CA,Los Angeles,33.333056,-118.310278,WECC,CISO,1.0,6.8,1.0,1.0,1,2019,7.0,0.0,0.0,0.0,9mupsy,54.93
6704,Pebbly Beach Generating Station Hybrid,CA,Los Angeles,33.333056,-118.310278,WECC,CISO,1.0,6.8,1.0,1.0,1,2019,8.0,0.0,0.0,0.0,9mupsy,54.93
6704,Pebbly Beach Generating Station Hybrid,CA,Los Angeles,33.333056,-118.310278,WECC,CISO,1.0,6.8,1.0,1.0,1,2019,9.0,0.0,0.0,0.0,9mupsy,54.93
6704,Pebbly Beach Generating Station Hybrid,CA,Los Angeles,33.333056,-118.310278,WECC,CISO,1.0,6.8,1.0,1.0,1,2019,10.0,0.0,0.0,0.0,9mupsy,54.93
6704,Pebbly Beach Generating Station Hybrid,CA,Los Angeles,33.333056,-118.310278,WECC,CISO,1.0,6.8,1.0,1.0,1,2019,11.0,0.0,0.0,0.0,9mupsy,54.93
6704,Pebbly Beach Generating Station Hybrid,CA,Los Angeles,33.333056,-118.310278,WECC,CISO,1.0,6.8,1.0,1.0,1,2019,12.0,0.0,0.0,0.0,9mupsy,54.93
6704,Pebbly Beach Generating Station Hybrid,CA,Los Angeles,33.333056,-118.310278,WECC,CISO,1.0,6.8,1.0,1.0,1,2020,1.0,0.0,0.0,0.0,9mupsy,54.93
6704,Pebbly Beach Generating Station Hybrid,CA,Los Angeles,33.333056,-118.310278,WECC,CISO,1.0,6.8,1.0,1.0,1,2020,2.0,0.0,0.0,0.0,9mupsy,54.93
6704,Pebbly Beach Generating Station Hybrid,CA,Los Angeles,33.333056,-118.310278,WECC,CISO,1.0,6.8,1.0,1.0,1,2020,3.0,0.0,0.0,0.0,9mupsy,54.93
6704,Pebbly Beach Generating Station Hybrid,CA,Los Angeles,33.333056,-118.310278,WECC,CISO,1.0,6.8,1.0,1.0,1,2020,4.0,0.0,0.0,0.0,9mupsy,54.93
6704,Pebbly Beach Generating Station Hybrid,CA,Los Angeles,33.333056,-118.310278,WECC,CISO,1.0,6.8,1.0,1.0,1,2020,5.0,0.0,0.0,0.0,9mupsy,54.93
6704,Pebbly Beach Generating Station Hybrid,CA,Los Angeles,33.333056,-118.310278,WECC,CISO,1.0,6.8,1.0,1.0,1,2020,6.0,0.0,0.0,0.0,9mupsy,54.93
6704,Pebbly Beach Generating Station Hybrid,CA,Los Angeles,33.333056,-118.310278,WECC,CISO,1.0,6.8,1.0,1.0,1,2020,7.0,0.0,0.0,0.0,9mupsy,54.93
6704,Pebbly Beach Generating Station Hybrid,CA,Los Angeles,33.333056,-118.310278,WECC,CISO,1.0,6.8,1.0,1.0,1,2020,8.0,0.0,0.0,0.0,9mupsy,54.93
6704,Pebbly Beach Generating Station Hybrid,CA,Los Angeles,33.333056,-118.310278,WECC,CISO,1.0,6.8,1.0,1.0,1,2020,9.0,0.0,0.0,0.0,9mupsy,54.93
6704,Pebbly Beach Generating Station Hybrid,CA,Los Angeles,33.333056,-118.310278,WECC,CISO,1.0,6.8,1.0,1.0,1,2020,10.0,0.0,0.0,0.0,9mupsy,54.93
6704,Pebbly Beach Generating Station Hybrid,CA,Los Angeles,33.333056,-118.310278,WECC,CISO,1.0,6.8,1.0,1.0,1,2020,11.0,0.0,0.0,0.0,9mupsy,54.93
6704,Pebbly Beach Generating Station Hybrid,CA,Los Angeles,33.333056,-118.310278,WECC,CISO,1.0,6.8,1.0,1.0,1,2020,12.0,0.0,0.0,0.0,9mupsy,54.93
6704,Pebbly Beach Generating Station Hybrid,CA,Los Angeles,33.333056,-118.310278,WECC,CISO,1.0,6.8,1.0,1.0,1,2021,1.0,0.0,0.0,0.0,9mupsy,54.93
6704,Pebbly Beach Generating Station Hybrid,CA,Los Angeles,33.333056,-118.310278,WECC,CISO,1.0,6.8,1.0,1.0,1,2021,2.0,0.0,0.0,0.0,9mupsy,54.93
6704,Pebbly Beach Generating Station Hybrid,CA,Los Angeles,33.333056,-118.310278,WECC,CISO,1.0,6.8,1.0,1.0,1,2021,3.0,0.0,0.0,0.0,9mupsy,54.93
6704,Pebbly Beach Generating Station Hybrid,CA,Los Angeles,33.333056,-118.310278,WECC,CISO,1.0,6.8,1.0,1.0,1,2021,4.0,0.0,0.0,0.0,9mupsy,54.93
6704,Pebbly Beach Generating Station Hybrid,CA,Los Angeles,33.333056,-118.310278,WECC,CISO,1.0,6.8,1.0,1.0,1,2021,5.0,0.0,0.0,0.0,9mupsy,54.93
6704,Pebbly Beach Generating Station Hybrid,CA,Los Angeles,33.333056,-118.310278,WECC,CISO,1.0,6.8,1.0,1.0,1,2021,6.0,0.0,0.0,0.0,9mupsy,54.93
6704,Pebbly Beach Generating Station Hybrid,CA,Los Angeles,33.333056,-118.310278,WECC,CISO,1.0,6.8,1.0,1.0,1,2021,7.0,0.0,0.0,0.0,9mupsy,54.93
6704,Pebbly Beach Generating Station Hybrid,CA,Los Angeles,33.333056,-118.310278,WECC,CISO,1.0,6.8,1.0,1.0,1,2021,8.0,0.0,0.0,0.0,9mupsy,54.93
6704,Pebbly Beach Generating Station Hybrid,CA,Los Angeles,33.333056,-118.310278,WECC,CISO,1.0,6.8,1.0,1.0,1,2021,9.0,0.0,0.0,0.0,9mupsy,54.93
6704,Pebbly Beach Generating Station Hybrid,CA,Los Angeles,33.333056,-118.310278,WECC,CISO,1.0,6.8,1.0,1.0,1,2021,10.0,0.0,0.0,0.0,9mupsy,54.93
6704,Pebbly Beach Generating Station Hybrid,CA,Los Angeles,33.333056,-118.310278,WECC,CISO,1.0,6.8,1.0,1.0,1,2021,11.0,0.0,0.0,0.0,9mupsy,54.93
6704,Pebbly Beach Generating Station Hybrid,CA,Los Angeles,33.333056,-118.310278,WECC,CISO,1.0,6.8,1.0,1.0,1,2021,12.0,0.0,0.0,0.0,9mupsy,54.93
6704,Pebbly Beach Generating Station Hybrid,CA,Los Angeles,33.333056,-118.310278,WECC,CISO,1.0,6.8,1.0,1.0,1,2022,1.0,0.0,0.0,0.0,9mupsy,54.93
6704,Pebbly Beach Generating Station Hybrid,CA,Los Angeles,33.333056,-118.310278,WECC,CISO,1.0,6.8,1.0,1.0,1,2022,2.0,0.0,0.0,0.0,9mupsy,54.93
6704,Pebbly Beach Generating Station Hybrid,CA,Los Angeles,33.333056,-118.310278,WECC,CISO,1.0,6.8,1.0,1.0,1,2022,3.0,0.0,0.0,0.0,9mupsy,54.93
6704,Pebbly Beach Generating Station Hybrid,CA,Los Angeles,33.333056,-118.310278,WECC,CISO,1.0,6.8,1.0,1.0,1,2022,4.0,0.0,0.0,0.0,9mupsy,54.93
6704,Pebbly Beach Generating Station Hybrid,CA,Los Angeles,33.333056,-118.310278,WECC,CISO,1.0,6.8,1.0,1.0,1,2022,5.0,0.0,0.0,0.0,9mupsy,54.93
6704,Pebbly Beach Generating Station Hybrid,CA,Los Angeles,33.333056,-118.310278,WECC,CISO,1.0,6.8,1.0,1.0,1,2022,6.0,0.0,0.0,0.0,9mupsy,54.93
6704,Pebbly Beach Generating Station Hybrid,CA,Los Angeles,33.333056,-118.310278,WECC,CISO,1.0,6.8,1.0,1.0,1,2022,7.0,0.0,0.0,0.0,9mupsy,54.93
6704,Pebbly Beach Generating Station Hybrid,CA,Los Angeles,33.333056,-118.310278,WECC,CISO,1.0,6.8,1.0,1.0,1,2022,8.0,0.0,0.0,0.0,9mupsy,54.93
6704,Pebbly Beach Generating Station Hybrid,CA,Los Angeles,33.333056,-118.310278,WECC,CISO,1.0,6.8,1.0,1.0,1,2022,9.0,0.0,0.0,0.0,9mupsy,54.93
6704,Pebbly Beach Generating Station Hybrid,CA,Los Angeles,33.333056,-118.310278,WECC,CISO,1.0,6.8,1.0,1.0,1,2022,10.0,0.0,0.0,0.0,9mupsy,54.93
6704,Pebbly Beach Generating Station Hybrid,CA,Los Angeles,33.333056,-118.310278,WECC,CISO,1.0,6.8,1.0,1.0,1,2022,11.0,0.0,0.0,0.0,9mupsy,54.93
6704,Pebbly Beach Generating Station Hybrid,CA,Los Angeles,33.333056,-118.310278,WECC,CISO,1.0,6.8,1.0,1.0,1,2022,12.0,0.0,0.0,0.0,9mupsy,54.93
50300,AltaGas Pomona Energy Inc.,CA,Los Angeles,34.059444,-117.774167,WECC,CISO,20.0,20.0,20.0,20.0,1,2018,1.0,1293.0,1126.0,-167.0,9qh3ky,20.16
50300,AltaGas Pomona Energy Inc.,CA,Los Angeles,34.059444,-117.774167,WECC,CISO,20.0,20.0,20.0,20.0,1,2018,2.0,1421.0,1236.0,-185.0,9qh3ky,20.16
50300,AltaGas Pomona Energy Inc.,CA,Los Angeles,34.059444,-117.774167,WECC,CISO,20.0,20.0,20.0,20.0,1,2018,3.0,1376.0,1219.0,-157.0,9qh3ky,20.16
50300,AltaGas Pomona Energy Inc.,CA,Los Angeles,34.059444,-117.774167,WECC,CISO,20.0,20.0,20.0,20.0,1,2018,4.0,1099.0,908.0,-191.0,9qh3ky,20.16
50300,AltaGas Pomona Energy Inc.,CA,Los Angeles,34.059444,-117.774167,WECC,CISO,20.0,20.0,20.0,20.0,1,2018,5.0,1144.0,967.0,-177.0,9qh3ky,20.16
50300,AltaGas Pomona Energy Inc.,CA,Los Angeles,34.059444,-117.774167,WECC,CISO,20.0,20.0,20.0,20.0,1,2018,6.0,1206.0,1055.0,-151.0,9qh3ky,20.16
50300,AltaGas Pomona Energy Inc.,CA,Los Angeles,34.059444,-117.774167,WECC,CISO,20.0,20.0,20.0,20.0,1,2018,7.0,1885.0,1717.0,-168.0,9qh3ky,20.16
50300,AltaGas Pomona Energy Inc.,CA,Los Angeles,34.059444,-117.774167,WECC,CISO,20.0,20.0,20.0,20.0,1,2018,8.0,1970.0,1673.0,-297.0,9qh3ky,20.16
50300,AltaGas Pomona Energy Inc.,CA,Los Angeles,34.059444,-117.774167,WECC,CISO,20.0,20.0,20.0,20.0,1,2018,9.0,2116.0,1965.0,-151.0,9qh3ky,20.16
50300,AltaGas Pomona Energy Inc.,CA,Los Angeles,34.059444,-117.774167,WECC,CISO,20.0,20.0,20.0,20.0,1,2018,10.0,2460.0,2203.0,-257.0,9qh3ky,20.16
50300,AltaGas Pomona Energy Inc.,CA,Los Angeles,34.059444,-117.774167,WECC,CISO,20.0,20.0,20.0,20.0,1,2018,11.0,2625.0,2391.0,-234.0,9qh3ky,20.16
50300,AltaGas Pomona Energy Inc.,CA,Los Angeles,34.059444,-117.774167,WECC,CISO,20.0,20.0,20.0,20.0,1,2018,12.0,2885.0,2552.0,-333.0,9qh3ky,20.16
50300,VESI Pomona,CA,Los Angeles,34.059444,-117.774167,WECC,CISO,20.0,20.0,20.0,20.0,1,2019,1.0,3065.0,2858.0,-207.0,9qh3ky,20.16
50300,VESI Pomona,CA,Los Angeles,34.059444,-117.774167,WECC,CISO,20.0,20.0,20.0,20.0,1,2019,2.0,3016.0,2677.0,-339.0,9qh3ky,20.16
50300,VESI Pomona,CA,Los Angeles,34.059444,-117.774167,WECC,CISO,20.0,20.0,20.0,20.0,1,2019,3.0,2479.0,2316.0,-163.0,9qh3ky,20.16
50300,VESI Pomona,CA,Los Angeles,34.059444,-117.774167,WECC,CISO,20.0,20.0,20.0,20.0,1,2019,4.0,2063.0,1830.0,-233.0,9qh3ky,20.16
50300,VESI Pomona,CA,Los Angeles,34.059444,-117.774167,WECC,CISO,20.0,20.0,20.0,20.0,1,2019,5.0,2094.0,1880.0,-214.0,9qh3ky,20.16
50300,VESI Pomona,CA,Los Angeles,34.059444,-117.774167,WECC,CISO,20.0,20.0,20.0,20.0,1,2019,6.0,2012.0,1780.0,-232.0,9qh3ky,20.16
50300,VESI Pomona,CA,Los Angeles,34.059444,-117.774167,WECC,CISO,20.0,20.0,20.0,20.0,1,2019,7.0,1870.0,1588.0,-282.0,9qh3ky,20.16
50300,VESI Pomona,CA,Los Angeles,34.059444,-117.774167,WECC,CISO,20.0,20.0,20.0,20.0,1,2019,8.0,1628.0,1447.0,-181.0,9qh3ky,20.16
50300,VESI Pomona,CA,Los Angeles,34.059444,-117.774167,WECC,CISO,20.0,20.0,20.0,20.0,1,2019,9.0,1975.0,1793.0,-182.0,9qh3ky,20.16
50300,VESI Pomona,CA,Los Angeles,34.059444,-117.774167,WECC,CISO,20.0,20.0,20.0,20.0,1,2019,10.0,1556.0,1348.0,-208.0,9qh3ky,20.16
50300,VESI Pomona,CA,Los Angeles,34.059444,-117.774167,WECC,CISO,20.0,20.0,20.0,20.0,1,2019,11.0,1725.0,1531.0,-194.0,9qh3ky,20.16
50300,VESI Pomona,CA,Los Angeles,34.059444,-117.774167,WECC,CISO,20.0,20.0,20.0,20.0,1,2019,12.0,1661.0,1432.0,-229.0,9qh3ky,20.16
50300,VESI Pomona,CA,Los Angeles,34.059444,-117.774167,WECC,CISO,20.0,20.0,20.0,20.0,1,2020,1.0,1537.0,1359.0,-178.0,9qh3ky,20.16
50300,VESI Pomona,CA,Los Angeles,34.059444,-117.774167,WECC,CISO,20.0,20.0,20.0,20.0,1,2020,2.0,1821.0,1609.0,-212.0,9qh3ky,20.16
50300,VESI Pomona,CA,Los Angeles,34.059444,-117.774167,WECC,CISO,20.0,20.0,20.0,20.0,1,2020,3.0,2232.0,2014.0,-218.0,9qh3ky,20.16
50300,VESI Pomona,CA,Los Angeles,34.059444,-117.774167,WECC,CISO,20.0,20.0,20.0,20.0,1,2020,4.0,1676.0,1502.0,-174.0,9qh3ky,20.16
50300,VESI Pomona,CA,Los Angeles,34.059444,-117.774167,WECC,CISO,20.0,20.0,20.0,20.0,1,2020,5.0,1617.0,1390.0,-227.0,9qh3ky,20.16
50300,VESI Pomona,CA,Los Angeles,34.059444,-117.774167,WECC,CISO,20.0,20.0,20.0,20.0,1,2020,6.0,1041.0,953.0,-88.0,9qh3ky,20.16
50300,VESI Pomona,CA,Los Angeles,34.059444,-117.774167,WECC,CISO,20.0,20.0,20.0,20.0,1,2020,7.0,1243.0,1035.0,-208.0,9qh3ky,20.16
50300,VESI Pomona,CA,Los Angeles,34.059444,-117.774167,WECC,CISO,20.0,20.0,20.0,20.0,1,2020,8.0,1216.0,1016.0,-200.0,9qh3ky,20.16
50300,VESI Pomona,CA,Los Angeles,34.059444,-117.774167,WECC,CISO,20.0,20.0,20.0,20.0,1,2020,9.0,1383.0,1211.0,-172.0,9qh3ky,20.16
50300,VESI Pomona,CA,Los Angeles,34.059444,-117.774167,WECC,CISO,20.0,20.0,20.0,20.0,1,2020,10.0,1522.0,1327.0,-195.0,9qh3ky,20.16
50300,VESI Pomona,CA,Los Angeles,34.059444,-117.774167,WECC,CISO,20.0,20.0,20.0,20.0,1,2020,11.0,2289.0,2077.0,-212.0,9qh3ky,20.16
50300,VESI Pomona,CA,Los Angeles,34.059444,-117.774167,WECC,CISO,20.0,20.0,20.0,20.0,1,2020,12.0,2273.0,1987.0,-286.0,9qh3ky,20.16
50300,VESI Pomona,CA,Los Angeles,34.059444,-117.774167,WECC,CISO,20.0,20.0,20.0,20.0,1,2021,1.0,2668.0,2425.0,-243.0,9qh3ky,20.16
50300,VESI Pomona,CA,Los Angeles,34.059444,-117.774167,WECC,CISO,20.0,20.0,20.0,20.0,1,2021,2.0,2217.0,1991.0,-226.0,9qh3ky,20.16
50300,VESI Pomona,CA,Los Angeles,34.059444,-117.774167,WECC,CISO,20.0,20.0,20.0,20.0,1,2021,3.0,2862.0,2537.0,-325.0,9qh3ky,20.16
50300,VESI Pomona,CA,Los Angeles,34.059444,-117.774167,WECC,CISO,20.0,20.0,20.0,20.0,1,2021,4.0,2728.0,2429.0,-299.0,9qh3ky,20.16
50300,VESI Pomona,CA,Los Angeles,34.059444,-117.774167,WECC,CISO,20.0,20.0,20.0,20.0,1,2021,5.0,2596.0,2351.0,-245.0,9qh3ky,20.16
50300,VESI Pomona,CA,Los Angeles,34.059444,-117.774167,WECC,CISO,20.0,20.0,20.0,20.0,1,2021,6.0,2400.0,2076.0,-324.0,9qh3ky,20.16
50300,VESI Pomona,CA,Los Angeles,34.059444,-117.774167,WECC,CISO,20.0,20.0,20.0,20.0,1,2021,7.0,2555.0,2247.0,-308.0,9qh3ky,20.16
50300,VESI Pomona,CA,Los Angeles,34.059444,-117.774167,WECC,CISO,20.0,20.0,20.0,20.0,1,2021,8.0,2787.0,2524.0,-263.0,9qh3ky,20.16
50300,VESI Pomona,CA,Los Angeles,34.059444,-117.774167,WECC,CISO,20.0,20.0,20.0,20.0,1,2021,9.0,3069.0,2743.0,-326.0,9qh3ky,20.16
50300,VESI Pomona,CA,Los Angeles,34.059444,-117.774167,WECC,CISO,20.0,20.0,20.0,20.0,1,2021,10.0,3418.0,3051.0,-367.0,9qh3ky,20.16
50300,VESI Pomona,CA,Los Angeles,34.059444,-117.774167,WECC,CISO,20.0,20.0,20.0,20.0,1,2021,11.0,3297.0,2931.0,-366.0,9qh3ky,20.16
50300,VESI Pomona,CA,Los Angeles,34.059444,-117.774167,WECC,CISO,20.0,20.0,20.0,20.0,1,2021,12.0,2702.0,2402.0,-300.0,9qh3ky,20.16
50300,VESI Pomona,CA,Los Angeles,34.059444,-117.774167,WECC,CISO,20.0,20.0,20.0,20.0,1,2022,1.0,3180.0,2842.0,-338.0,9qh3ky,20.16
50300,VESI Pomona,CA,Los Angeles,34.059444,-117.774167,WECC,CISO,20.0,20.0,20.0,20.0,1,2022,2.0,3204.0,2862.0,-342.0,9qh3ky,20.16
50300,VESI Pomona,CA,Los Angeles,34.059444,-117.774167,WECC,CISO,20.0,20.0,20.0,20.0,1,2022,3.0,2872.0,2547.0,-325.0,9qh3ky,20.16
50300,VESI Pomona,CA,Los Angeles,34.059444,-117.774167,WECC,CISO,20.0,20.0,20.0,20.0,1,2022,4.0,2373.0,2098.0,-275.0,9qh3ky,20.16
50300,VESI Pomona,CA,Los Angeles,34.059444,-117.774167,WECC,CISO,20.0,20.0,20.0,20.0,1,2022,5.0,2981.0,2648.0,-333.0,9qh3ky,20.16
50300,VESI Pomona,CA,Los Angeles,34.059444,-117.774167,WECC,CISO,20.0,20.0,20.0,20.0,1,2022,6.0,3098.0,2758.0,-340.0,9qh3ky,20.16
50300,VESI Pomona,CA,Los Angeles,34.059444,-117.774167,WECC,CISO,20.0,20.0,20.0,20.0,1,2022,7.0,2988.0,2636.0,-352.0,9qh3ky,20.16
50300,VESI Pomona,CA,Los Angeles,34.059444,-117.774167,WECC,CISO,20.0,20.0,20.0,20.0,1,2022,8.0,2535.0,2199.0,-336.0,9qh3ky,20.16
50300,VESI Pomona,CA,Los Angeles,34.059444,-117.774167,WECC,CISO,20.0,20.0,20.0,20.0,1,2022,9.0,2236.0,1923.0,-313.0,9qh3ky,20.16
50300,VESI Pomona,CA,Los Angeles,34.059444,-117.774167,WECC,CISO,20.0,20.0,20.0,20.0,1,2022,10.0,2529.0,2238.0,-291.0,9qh3ky,20.16
50300,VESI Pomona,CA,Los Angeles,34.059444,-117.774167,WECC,CISO,20.0,20.0,20.0,20.0,1,2022,11.0,1675.0,1411.0,-264.0,9qh3ky,20.16
50300,VESI Pomona,CA,Los Angeles,34.059444,-117.774167,WECC,CISO,20.0,20.0,20.0,20.0,1,2022,12.0,2438.0,2155.0,-283.0,9qh3ky,20.16
54296,Biola University,CA,Los Angeles,33.906953,-118.013105,WECC,CISO,0.3,0.5,0.3,0.3,1,2018,1.0,,,,9q5bwz,15.28
54296,Biola University,CA,Los Angeles,33.906953,-118.013105,WECC,CISO,0.3,0.5,0.3,0.3,1,2018,2.0,0.0,0.0,0.0,9q5bwz,15.28
54296,Biola University,CA,Los Angeles,33.906953,-118.013105,WECC,CISO,0.3,0.5,0.3,0.3,1,2018,3.0,0.0,0.0,0.0,9q5bwz,15.28
54296,Biola University,CA,Los Angeles,33.906953,-118.013105,WECC,CISO,0.3,0.5,0.3,0.3,1,2018,4.0,0.0,0.0,0.0,9q5bwz,15.28
54296,Biola University,CA,Los Angeles,33.906953,-118.013105,WECC,CISO,0.3,0.5,0.3,0.3,1,2018,5.0,0.0,0.0,0.0,9q5bwz,15.28
54296,Biola University,CA,Los Angeles,33.906953,-118.013105,WECC,CISO,0.3,0.5,0.3,0.3,1,2018,6.0,0.0,0.0,0.0,9q5bwz,15.28
54296,Biola University,CA,Los Angeles,33.906953,-118.013105,WECC,CISO,0.3,0.5,0.3,0.3,1,2018,7.0,0.0,0.0,0.0,9q5bwz,15.28
54296,Biola University,CA,Los Angeles,33.906953,-118.013105,WECC,CISO,0.3,0.5,0.3,0.3,1,2018,8.0,0.0,0.0,0.0,9q5bwz,15.28
54296,Biola University,CA,Los Angeles,33.906953,-118.013105,WECC,CISO,0.3,0.5,0.3,0.3,1,2018,9.0,0.0,0.0,0.0,9q5bwz,15.28
54296,Biola University,CA,Los Angeles,33.906953,-118.013105,WECC,CISO,0.3,0.5,0.3,0.3,1,2018,10.0,0.0,0.0,0.0,9q5bwz,15.28
54296,Biola University,CA,Los Angeles,33.906953,-118.013105,WECC,CISO,0.3,0.5,0.3,0.3,1,2018,11.0,0.0,0.0,0.0,9q5bwz,15.28
54296,Biola University,CA,Los Angeles,33.906953,-118.013105,WECC,CISO,0.3,0.5,0.3,0.3,1,2018,12.0,0.0,0.0,0.0,9q5bwz,15.28
54296,Biola University Hybrid,CA,Los Angeles,33.906953,-118.013105,WECC,CISO,0.3,0.5,0.3,0.3,1,2019,1.0,0.0,0.0,0.0,9q5bwz,15.28
54296,Biola University Hybrid,CA,Los Angeles,33.906953,-118.013105,WECC,CISO,0.3,0.5,0.3,0.3,1,2019,2.0,0.0,0.0,0.0,9q5bwz,15.28
54296,Biola University Hybrid,CA,Los Angeles,33.906953,-118.013105,WECC,CISO,0.3,0.5,0.3,0.3,1,2019,3.0,0.0,0.0,0.0,9q5bwz,15.28
54296,Biola University Hybrid,CA,Los Angeles,33.906953,-118.013105,WECC,CISO,0.3,0.5,0.3,0.3,1,2019,4.0,0.0,0.0,0.0,9q5bwz,15.28
54296,Biola University Hybrid,CA,Los Angeles,33.906953,-118.013105,WECC,CISO,0.3,0.5,0.3,0.3,1,2019,5.0,0.0,0.0,0.0,9q5bwz,15.28
54296,Biola University Hybrid,CA,Los Angeles,33.906953,-118.013105,WECC,CISO,0.3,0.5,0.3,0.3,1,2019,6.0,0.0,0.0,0.0,9q5bwz,15.28
54296,Biola University Hybrid,CA,Los Angeles,33.906953,-118.013105,WECC,CISO,0.3,0.5,0.3,0.3,1,2019,7.0,0.0,0.0,0.0,9q5bwz,15.28
54296,Biola University Hybrid,CA,Los Angeles,33.906953,-118.013105,WECC,CISO,0.3,0.5,0.3,0.3,1,2019,8.0,0.0,0.0,0.0,9q5bwz,15.28
54296,Biola University Hybrid,CA,Los Angeles,33.906953,-118.013105,WECC,CISO,0.3,0.5,0.3,0.3,1,2019,9.0,4.0,3.0,-1.0,9q5bwz,15.28
54296,Biola University Hybrid,CA,Los Angeles,33.906953,-118.013105,WECC,CISO,0.3,0.5,0.3,0.3,1,2019,10.0,4.0,3.0,-1.0,9q5bwz,15.28
54296,Biola University Hybrid,CA,Los Angeles,33.906953,-118.013105,WECC,CISO,0.3,0.5,0.3,0.3,1,2019,11.0,2.0,1.0,1.0,9q5bwz,15.28
54296,Biola University Hybrid,CA,Los Angeles,33.906953,-118.013105,WECC,CISO,0.3,0.5,0.3,0.3,1,2019,12.0,1.0,2.0,1.0,9q5bwz,15.28
54296,Biola University Hybrid,CA,Los Angeles,33.906953,-118.013105,WECC,CISO,0.3,0.5,0.3,0.3,1,2020,1.0,1.0,1.0,0.0,9q5bwz,15.28
54296,Biola University Hybrid,CA,Los Angeles,33.906953,-118.013105,WECC,CISO,0.3,0.5,0.3,0.3,1,2020,2.0,3.0,2.0,-1.0,9q5bwz,15.28
54296,Biola University Hybrid,CA,Los Angeles,33.906953,-118.013105,WECC,CISO,0.3,0.5,0.3,0.3,1,2020,3.0,0.0,0.0,0.0,9q5bwz,15.28
54296,Biola University Hybrid,CA,Los Angeles,33.906953,-118.013105,WECC,CISO,0.3,0.5,0.3,0.3,1,2020,4.0,2.0,2.0,0.0,9q5bwz,15.28
54296,Biola University Hybrid,CA,Los Angeles,33.906953,-118.013105,WECC,CISO,0.3,0.5,0.3,0.3,1,2020,5.0,1.0,1.0,0.0,9q5bwz,15.28
54296,Biola University Hybrid,CA,Los Angeles,33.906953,-118.013105,WECC,CISO,0.3,0.5,0.3,0.3,1,2020,6.0,3.0,3.0,0.0,9q5bwz,15.28
54296,Biola University Hybrid,CA,Los Angeles,33.906953,-118.013105,WECC,CISO,0.3,0.5,0.3,0.3,1,2020,7.0,2.0,2.0,0.0,9q5bwz,15.28
54296,Biola University Hybrid,CA,Los Angeles,33.906953,-118.013105,WECC,CISO,0.3,0.5,0.3,0.3,1,2020,8.0,7.0,6.0,-1.0,9q5bwz,15.28
54296,Biola University Hybrid,CA,Los Angeles,33.906953,-118.013105,WECC,CISO,0.3,0.5,0.3,0.3,1,2020,9.0,1.0,1.0,0.0,9q5bwz,15.28
54296,Biola University Hybrid,CA,Los Angeles,33.906953,-118.013105,WECC,CISO,0.3,0.5,0.3,0.3,1,2020,10.0,3.0,3.0,0.0,9q5bwz,15.28
54296,Biola University Hybrid,CA,Los Angeles,33.906953,-118.013105,WECC,CISO,0.3,0.5,0.3,0.3,1,2020,11.0,4.0,3.0,-1.0,9q5bwz,15.28
54296,Biola University Hybrid,CA,Los Angeles,33.906953,-118.013105,WECC,CISO,0.3,0.5,0.3,0.3,1,2020,12.0,1.0,1.0,0.0,9q5bwz,15.28
54296,Biola University Hybrid,CA,Los Angeles,33.906953,-118.013105,WECC,CISO,0.3,0.5,0.3,0.3,1,2021,1.0,5.0,4.0,-1.0,9q5bwz,15.28
54296,Biola University Hybrid,CA,Los Angeles,33.906953,-118.013105,WECC,CISO,0.3,0.5,0.3,0.3,1,2021,2.0,3.0,2.0,-1.0,9q5bwz,15.28
54296,Biola University Hybrid,CA,Los Angeles,33.906953,-118.013105,WECC,CISO,0.3,0.5,0.3,0.3,1,2021,3.0,1.0,1.0,0.0,9q5bwz,15.28
54296,Biola University Hybrid,CA,Los Angeles,33.906953,-118.013105,WECC,CISO,0.3,0.5,0.3,0.3,1,2021,4.0,0.0,0.0,0.0,9q5bwz,15.28
54296,Biola University Hybrid,CA,Los Angeles,33.906953,-118.013105,WECC,CISO,0.3,0.5,0.3,0.3,1,2021,5.0,1.0,1.0,0.0,9q5bwz,15.28
54296,Biola University Hybrid,CA,Los Angeles,33.906953,-118.013105,WECC,CISO,0.3,0.5,0.3,0.3,1,2021,6.0,6.0,5.0,-1.0,9q5bwz,15.28
54296,Biola University Hybrid,CA,Los Angeles,33.906953,-118.013105,WECC,CISO,0.3,0.5,0.3,0.3,1,2021,7.0,8.0,7.0,-1.0,9q5bwz,15.28
54296,Biola University Hybrid,CA,Los Angeles,33.906953,-118.013105,WECC,CISO,0.3,0.5,0.3,0.3,1,2021,8.0,7.0,5.0,-1.0,9q5bwz,15.28
54296,Biola University Hybrid,CA,Los Angeles,33.906953,-118.013105,WECC,CISO,0.3,0.5,0.3,0.3,1,2021,9.0,4.0,4.0,0.0,9q5bwz,15.28
54296,Biola University Hybrid,CA,Los Angeles,33.906953,-118.013105,WECC,CISO,0.3,0.5,0.3,0.3,1,2021,10.0,1.0,1.0,0.0,9q5bwz,15.28
54296,Biola University Hybrid,CA,Los Angeles,33.906953,-118.013105,WECC,CISO,0.3,0.5,0.3,0.3,1,2021,11.0,2.0,2.0,0.0,9q5bwz,15.28
54296,Biola University Hybrid,CA,Los Angeles,33.906953,-118.013105,WECC,CISO,0.3,0.5,0.3,0.3,1,2021,12.0,1.0,1.0,0.0,9q5bwz,15.28
54296,Biola University Hybrid,CA,Los Angeles,33.906953,-118.013105,WECC,CISO,0.3,0.5,0.3,0.3,1,2022,1.0,2.0,2.0,0.0,9q5bwz,15.28
54296,Biola University Hybrid,CA,Los Angeles,33.906953,-118.013105,WECC,CISO,0.3,0.5,0.3,0.3,1,2022,2.0,1.0,1.0,0.0,9q5bwz,15.28
54296,Biola University Hybrid,CA,Los Angeles,33.906953,-118.013105,WECC,CISO,0.3,0.5,0.3,0.3,1,2022,3.0,3.0,3.0,0.0,9q5bwz,15.28
54296,Biola University Hybrid,CA,Los Angeles,33.906953,-118.013105,WECC,CISO,0.3,0.5,0.3,0.3,1,2022,4.0,4.0,4.0,0.0,9q5bwz,15.28
54296,Biola University Hybrid,CA,Los Angeles,33.906953,-118.013105,WECC,CISO,0.3,0.5,0.3,0.3,1,2022,5.0,4.0,4.0,0.0,9q5bwz,15.28
54296,Biola University Hybrid,CA,Los Angeles,33.906953,-118.013105,WECC,CISO,0.3,0.5,0.3,0.3,1,2022,6.0,10.0,8.0,-2.0,9q5bwz,15.28
54296,Biola University Hybrid,CA,Los Angeles,33.906953,-118.013105,WECC,CISO,0.3,0.5,0.3,0.3,1,2022,7.0,8.0,7.0,-1.0,9q5bwz,15.28
54296,Biola University Hybrid,CA,Los Angeles,33.906953,-118.013105,WECC,CISO,0.3,0.5,0.3,0.3,1,2022,8.0,13.0,11.0,2.0,9q5bwz,15.28
54296,Biola University Hybrid,CA,Los Angeles,33.906953,-118.013105,WECC,CISO,0.3,0.5,0.3,0.3,1,2022,9.0,1.0,1.0,0.0,9q5bwz,15.28
54296,Biola University Hybrid,CA,Los Angeles,33.906953,-118.013105,WECC,CISO,0.3,0.5,0.3,0.3,1,2022,10.0,2.0,1.0,-1.0,9q5bwz,15.28
54296,Biola University Hybrid,CA,Los Angeles,33.906953,-118.013105,WECC,CISO,0.3,0.5,0.3,0.3,1,2022,11.0,2.0,1.0,-1.0,9q5bwz,15.28
54296,Biola University Hybrid,CA,Los Angeles,33.906953,-118.013105,WECC,CISO,0.3,0.5,0.3,0.3,1,2022,12.0,3.0,2.0,-1.0,9q5bwz,15.28
56472,Grapeland Peaker,CA,San Bernardino,34.0903,-117.5343,WECC,CISO,10.0,10.0,10.0,10.0,1,2018,1.0,0.0,0.0,0.0,9qh3ky,9.56
56472,Grapeland Peaker,CA,San Bernardino,34.0903,-117.5343,WECC,CISO,10.0,10.0,10.0,10.0,1,2018,2.0,0.0,0.0,0.0,9qh3ky,9.56
56472,Grapeland Peaker,CA,San Bernardino,34.0903,-117.5343,WECC,CISO,10.0,10.0,10.0,10.0,1,2018,3.0,0.0,0.0,0.0,9qh3ky,9.56
56472,Grapeland Peaker,CA,San Bernardino,34.0903,-117.5343,WECC,CISO,10.0,10.0,10.0,10.0,1,2018,4.0,0.0,0.0,0.0,9qh3ky,9.56
56472,Grapeland Peaker,CA,San Bernardino,34.0903,-117.5343,WECC,CISO,10.0,10.0,10.0,10.0,1,2018,5.0,0.0,0.0,0.0,9qh3ky,9.56
56472,Grapeland Peaker,CA,San Bernardino,34.0903,-117.5343,WECC,CISO,10.0,10.0,10.0,10.0,1,2018,6.0,0.0,0.0,0.0,9qh3ky,9.56
56472,Grapeland Peaker,CA,San Bernardino,34.0903,-117.5343,WECC,CISO,10.0,10.0,10.0,10.0,1,2018,7.0,0.0,0.0,0.0,9qh3ky,9.56
56472,Grapeland Peaker,CA,San Bernardino,34.0903,-117.5343,WECC,CISO,10.0,10.0,10.0,10.0,1,2018,8.0,0.0,0.0,0.0,9qh3ky,9.56
56472,Grapeland Peaker,CA,San Bernardino,34.0903,-117.5343,WECC,CISO,10.0,10.0,10.0,10.0,1,2018,9.0,0.0,0.0,0.0,9qh3ky,9.56
56472,Grapeland Peaker,CA,San Bernardino,34.0903,-117.5343,WECC,CISO,10.0,10.0,10.0,10.0,1,2018,10.0,0.0,0.0,0.0,9qh3ky,9.56
56472,Grapeland Peaker,CA,San Bernardino,34.0903,-117.5343,WECC,CISO,10.0,10.0,10.0,10.0,1,2018,11.0,0.0,0.0,0.0,9qh3ky,9.56
56472,Grapeland Peaker,CA,San Bernardino,34.0903,-117.5343,WECC,CISO,10.0,10.0,10.0,10.0,1,2018,12.0,0.0,0.0,0.0,9qh3ky,9.56
56472,Grapeland Hybrid,CA,San Bernardino,34.0903,-117.5343,WECC,CISO,10.0,10.0,10.0,10.0,1,2019,1.0,0.0,0.0,0.0,9qh3ky,9.56
56472,Grapeland Hybrid,CA,San Bernardino,34.0903,-117.5343,WECC,CISO,10.0,10.0,10.0,10.0,1,2019,2.0,0.0,0.0,0.0,9qh3ky,9.56
56472,Grapeland Hybrid,CA,San Bernardino,34.0903,-117.5343,WECC,CISO,10.0,10.0,10.0,10.0,1,2019,3.0,0.0,0.0,0.0,9qh3ky,9.56
56472,Grapeland Hybrid,CA,San Bernardino,34.0903,-117.5343,WECC,CISO,10.0,10.0,10.0,10.0,1,2019,4.0,0.0,0.0,0.0,9qh3ky,9.56
56472,Grapeland Hybrid,CA,San Bernardino,34.0903,-117.5343,WECC,CISO,10.0,10.0,10.0,10.0,1,2019,5.0,0.0,0.0,0.0,9qh3ky,9.56
56472,Grapeland Hybrid,CA,San Bernardino,34.0903,-117.5343,WECC,CISO,10.0,10.0,10.0,10.0,1,2019,6.0,0.0,0.0,0.0,9qh3ky,9.56
56472,Grapeland Hybrid,CA,San Bernardino,34.0903,-117.5343,WECC,CISO,10.0,10.0,10.0,10.0,1,2019,7.0,0.0,0.0,0.0,9qh3ky,9.56
56472,Grapeland Hybrid,CA,San Bernardino,34.0903,-117.5343,WECC,CISO,10.0,10.0,10.0,10.0,1,2019,8.0,0.0,0.0,0.0,9qh3ky,9.56
56472,Grapeland Hybrid,CA,San Bernardino,34.0903,-117.5343,WECC,CISO,10.0,10.0,10.0,10.0,1,2019,9.0,0.0,0.0,0.0,9qh3ky,9.56
56472,Grapeland Hybrid,CA,San Bernardino,34.0903,-117.5343,WECC,CISO,10.0,10.0,10.0,10.0,1,2019,10.0,0.0,0.0,0.0,9qh3ky,9.56
56472,Grapeland Hybrid,CA,San Bernardino,34.0903,-117.5343,WECC,CISO,10.0,10.0,10.0,10.0,1,2019,11.0,0.0,0.0,0.0,9qh3ky,9.56
56472,Grapeland Hybrid,CA,San Bernardino,34.0903,-117.5343,WECC,CISO,10.0,10.0,10.0,10.0,1,2019,12.0,0.0,0.0,0.0,9qh3ky,9.56
56472,Grapeland Hybrid,CA,San Bernardino,34.0903,-117.5343,WECC,CISO,10.0,10.0,10.0,10.0,1,2020,1.0,0.0,0.0,0.0,9qh3ky,9.56
56472,Grapeland Hybrid,CA,San Bernardino,34.0903,-117.5343,WECC,CISO,10.0,10.0,10.0,10.0,1,2020,2.0,0.0,0.0,0.0,9qh3ky,9.56
56472,Grapeland Hybrid,CA,San Bernardino,34.0903,-117.5343,WECC,CISO,10.0,10.0,10.0,10.0,1,2020,3.0,0.0,0.0,0.0,9qh3ky,9.56
56472,Grapeland Hybrid,CA,San Bernardino,34.0903,-117.5343,WECC,CISO,10.0,10.0,10.0,10.0,1,2020,4.0,0.0,0.0,0.0,9qh3ky,9.56
56472,Grapeland Hybrid,CA,San Bernardino,34.0903,-117.5343,WECC,CISO,10.0,10.0,10.0,10.0,1,2020,5.0,0.0,0.0,0.0,9qh3ky,9.56
56472,Grapeland Hybrid,CA,San Bernardino,34.0903,-117.5343,WECC,CISO,10.0,10.0,10.0,10.0,1,2020,6.0,0.0,0.0,0.0,9qh3ky,9.56
56472,Grapeland Hybrid,CA,San Bernardino,34.0903,-117.5343,WECC,CISO,10.0,10.0,10.0,10.0,1,2020,7.0,0.0,0.0,0.0,9qh3ky,9.56
56472,Grapeland Hybrid,CA,San Bernardino,34.0903,-117.5343,WECC,CISO,10.0,10.0,10.0,10.0,1,2020,8.0,0.0,0.0,0.0,9qh3ky,9.56
56472,Grapeland Hybrid,CA,San Bernardino,34.0903,-117.5343,WECC,CISO,10.0,10.0,10.0,10.0,1,2020,9.0,0.0,0.0,0.0,9qh3ky,9.56
56472,Grapeland Hybrid,CA,San Bernardino,34.0903,-117.5343,WECC,CISO,10.0,10.0,10.0,10.0,1,2020,10.0,0.0,0.0,0.0,9qh3ky,9.56
56472,Grapeland Hybrid,CA,San Bernardino,34.0903,-117.5343,WECC,CISO,10.0,10.0,10.0,10.0,1,2020,11.0,0.0,0.0,0.0,9qh3ky,9.56
56472,Grapeland Hybrid,CA,San Bernardino,34.0903,-117.5343,WECC,CISO,10.0,10.0,10.0,10.0,1,2020,12.0,0.0,0.0,0.0,9qh3ky,9.56
56472,Grapeland Hybrid,CA,San Bernardino,34.0903,-117.5343,WECC,CISO,10.0,10.0,10.0,10.0,1,2021,1.0,0.0,0.0,0.0,9qh3ky,9.56
56472,Grapeland Hybrid,CA,San Bernardino,34.0903,-117.5343,WECC,CISO,10.0,10.0,10.0,10.0,1,2021,2.0,0.0,0.0,0.0,9qh3ky,9.56
56472,Grapeland Hybrid,CA,San Bernardino,34.0903,-117.5343,WECC,CISO,10.0,10.0,10.0,10.0,1,2021,3.0,0.0,0.0,0.0,9qh3ky,9.56
56472,Grapeland Hybrid,CA,San Bernardino,34.0903,-117.5343,WECC,CISO,10.0,10.0,10.0,10.0,1,2021,4.0,0.0,0.0,0.0,9qh3ky,9.56
56472,Grapeland Hybrid,CA,San Bernardino,34.0903,-117.5343,WECC,CISO,10.0,10.0,10.0,10.0,1,2021,5.0,0.0,0.0,0.0,9qh3ky,9.56
56472,Grapeland Hybrid,CA,San Bernardino,34.0903,-117.5343,WECC,CISO,10.0,10.0,10.0,10.0,1,2021,6.0,0.0,0.0,0.0,9qh3ky,9.56
56472,Grapeland Hybrid,CA,San Bernardino,34.0903,-117.5343,WECC,CISO,10.0,10.0,10.0,10.0,1,2021,7.0,0.0,0.0,0.0,9qh3ky,9.56
56472,Grapeland Hybrid,CA,San Bernardino,34.0903,-117.5343,WECC,CISO,10.0,10.0,10.0,10.0,1,2021,8.0,0.0,0.0,0.0,9qh3ky,9.56
56472,Grapeland Hybrid,CA,San Bernardino,34.0903,-117.5343,WECC,CISO,10.0,10.0,10.0,10.0,1,2021,9.0,0.0,0.0,0.0,9qh3ky,9.56
56472,Grapeland Hybrid,CA,San Bernardino,34.0903,-117.5343,WECC,CISO,10.0,10.0,10.0,10.0,1,2021,10.0,0.0,0.0,0.0,9qh3ky,9.56
56472,Grapeland Hybrid,CA,San Bernardino,34.0903,-117.5343,WECC,CISO,10.0,10.0,10.0,10.0,1,2021,11.0,0.0,0.0,0.0,9qh3ky,9.56
56472,Grapeland Hybrid,CA,San Bernardino,34.0903,-117.5343,WECC,CISO,10.0,10.0,10.0,10.0,1,2021,12.0,0.0,0.0,0.0,9qh3ky,9.56
56472,Grapeland Hybrid,CA,San Bernardino,34.0903,-117.5343,WECC,CISO,10.0,10.0,10.0,10.0,1,2022,1.0,0.0,0.0,0.0,9qh3ky,9.56
56472,Grapeland Hybrid,CA,San Bernardino,34.0903,-117.5343,WECC,CISO,10.0,10.0,10.0,10.0,1,2022,2.0,0.0,0.0,0.0,9qh3ky,9.56
56472,Grapeland Hybrid,CA,San Bernardino,34.0903,-117.5343,WECC,CISO,10.0,10.0,10.0,10.0,1,2022,3.0,0.0,0.0,0.0,9qh3ky,9.56
56472,Grapeland Hybrid,CA,San Bernardino,34.0903,-117.5343,WECC,CISO,10.0,10.0,10.0,10.0,1,2022,4.0,0.0,0.0,0.0,9qh3ky,9.56
56472,Grapeland Hybrid,CA,San Bernardino,34.0903,-117.5343,WECC,CISO,10.0,10.0,10.0,10.0,1,2022,5.0,0.0,0.0,0.0,9qh3ky,9.56
56472,Grapeland Hybrid,CA,San Bernardino,34.0903,-117.5343,WECC,CISO,10.0,10.0,10.0,10.0,1,2022,6.0,0.0,0.0,0.0,9qh3ky,9.56
56472,Grapeland Hybrid,CA,San Bernardino,34.0903,-117.5343,WECC,CISO,10.0,10.0,10.0,10.0,1,2022,7.0,0.0,0.0,0.0,9qh3ky,9.56
56472,Grapeland Hybrid,CA,San Bernardino,34.0903,-117.5343,WECC,CISO,10.0,10.0,10.0,10.0,1,2022,8.0,0.0,0.0,0.0,9qh3ky,9.56
56472,Grapeland Hybrid,CA,San Bernardino,34.0903,-117.5343,WECC,CISO,10.0,10.0,10.0,10.0,1,2022,9.0,0.0,0.0,0.0,9qh3ky,9.56
56472,Grapeland Hybrid,CA,San Bernardino,34.0903,-117.5343,WECC,CISO,10.0,10.0,10.0,10.0,1,2022,10.0,0.0,0.0,0.0,9qh3ky,9.56
56472,Grapeland Hybrid,CA,San Bernardino,34.0903,-117.5343,WECC,CISO,10.0,10.0,10.0,10.0,1,2022,11.0,0.0,0.0,0.0,9qh3ky,9.56
56472,Grapeland Hybrid,CA,San Bernardino,34.0903,-117.5343,WECC,CISO,10.0,10.0,10.0,10.0,1,2022,12.0,0.0,0.0,0.0,9qh3ky,9.56
56475,Center Peaker,CA,Los Angeles,33.9296,-118.1046,WECC,CISO,10.0,10.0,10.0,10.0,1,2018,1.0,0.0,0.0,0.0,9q5bwz,8.56
56475,Center Peaker,CA,Los Angeles,33.9296,-118.1046,WECC,CISO,10.0,10.0,10.0,10.0,1,2018,2.0,0.0,0.0,0.0,9q5bwz,8.56
56475,Center Peaker,CA,Los Angeles,33.9296,-118.1046,WECC,CISO,10.0,10.0,10.0,10.0,1,2018,3.0,0.0,0.0,0.0,9q5bwz,8.56
56475,Center Peaker,CA,Los Angeles,33.9296,-118.1046,WECC,CISO,10.0,10.0,10.0,10.0,1,2018,4.0,0.0,0.0,0.0,9q5bwz,8.56
56475,Center Peaker,CA,Los Angeles,33.9296,-118.1046,WECC,CISO,10.0,10.0,10.0,10.0,1,2018,5.0,0.0,0.0,0.0,9q5bwz,8.56
56475,Center Peaker,CA,Los Angeles,33.9296,-118.1046,WECC,CISO,10.0,10.0,10.0,10.0,1,2018,6.0,0.0,0.0,0.0,9q5bwz,8.56
56475,Center Peaker,CA,Los Angeles,33.9296,-118.1046,WECC,CISO,10.0,10.0,10.0,10.0,1,2018,7.0,0.0,0.0,0.0,9q5bwz,8.56
56475,Center Peaker,CA,Los Angeles,33.9296,-118.1046,WECC,CISO,10.0,10.0,10.0,10.0,1,2018,8.0,0.0,0.0,0.0,9q5bwz,8.56
56475,Center Peaker,CA,Los Angeles,33.9296,-118.1046,WECC,CISO,10.0,10.0,10.0,10.0,1,2018,9.0,0.0,0.0,0.0,9q5bwz,8.56
56475,Center Peaker,CA,Los Angeles,33.9296,-118.1046,WECC,CISO,10.0,10.0,10.0,10.0,1,2018,10.0,0.0,0.0,0.0,9q5bwz,8.56
56475,Center Peaker,CA,Los Angeles,33.9296,-118.1046,WECC,CISO,10.0,10.0,10.0,10.0,1,2018,11.0,0.0,0.0,0.0,9q5bwz,8.56
56475,Center Peaker,CA,Los Angeles,33.9296,-118.1046,WECC,CISO,10.0,10.0,10.0,10.0,1,2018,12.0,0.0,0.0,0.0,9q5bwz,8.56
56475,Center Hybrid,CA,LOS ANGELES,33.9296,-118.1046,WECC,CISO,10.0,10.0,10.0,10.0,1,2019,1.0,0.0,0.0,0.0,9q5bwz,8.56
56475,Center Hybrid,CA,LOS ANGELES,33.9296,-118.1046,WECC,CISO,10.0,10.0,10.0,10.0,1,2019,2.0,0.0,0.0,0.0,9q5bwz,8.56
56475,Center Hybrid,CA,LOS ANGELES,33.9296,-118.1046,WECC,CISO,10.0,10.0,10.0,10.0,1,2019,3.0,0.0,0.0,0.0,9q5bwz,8.56
56475,Center Hybrid,CA,LOS ANGELES,33.9296,-118.1046,WECC,CISO,10.0,10.0,10.0,10.0,1,2019,4.0,0.0,0.0,0.0,9q5bwz,8.56
56475,Center Hybrid,CA,LOS ANGELES,33.9296,-118.1046,WECC,CISO,10.0,10.0,10.0,10.0,1,2019,5.0,0.0,0.0,0.0,9q5bwz,8.56
56475,Center Hybrid,CA,LOS ANGELES,33.9296,-118.1046,WECC,CISO,10.0,10.0,10.0,10.0,1,2019,6.0,0.0,0.0,0.0,9q5bwz,8.56
56475,Center Hybrid,CA,LOS ANGELES,33.9296,-118.1046,WECC,CISO,10.0,10.0,10.0,10.0,1,2019,7.0,0.0,0.0,0.0,9q5bwz,8.56
56475,Center Hybrid,CA,LOS ANGELES,33.9296,-118.1046,WECC,CISO,10.0,10.0,10.0,10.0,1,2019,8.0,0.0,0.0,0.0,9q5bwz,8.56
56475,Center Hybrid,CA,LOS ANGELES,33.9296,-118.1046,WECC,CISO,10.0,10.0,10.0,10.0,1,2019,9.0,0.0,0.0,0.0,9q5bwz,8.56
56475,Center Hybrid,CA,LOS ANGELES,33.9296,-118.1046,WECC,CISO,10.0,10.0,10.0,10.0,1,2019,10.0,0.0,0.0,0.0,9q5bwz,8.56
56475,Center Hybrid,CA,LOS ANGELES,33.9296,-118.1046,WECC,CISO,10.0,10.0,10.0,10.0,1,2019,11.0,0.0,0.0,0.0,9q5bwz,8.56
56475,Center Hybrid,CA,LOS ANGELES,33.9296,-118.1046,WECC,CISO,10.0,10.0,10.0,10.0,1,2019,12.0,0.0,0.0,0.0,9q5bwz,8.56
56475,Center Hybrid,CA,Los Angeles,33.9296,-118.1046,WECC,CISO,10.0,10.0,10.0,10.0,1,2020,1.0,0.0,0.0,0.0,9q5bwz,8.56
56475,Center Hybrid,CA,Los Angeles,33.9296,-118.1046,WECC,CISO,10.0,10.0,10.0,10.0,1,2020,2.0,0.0,0.0,0.0,9q5bwz,8.56
56475,Center Hybrid,CA,Los Angeles,33.9296,-118.1046,WECC,CISO,10.0,10.0,10.0,10.0,1,2020,3.0,0.0,0.0,0.0,9q5bwz,8.56
56475,Center Hybrid,CA,Los Angeles,33.9296,-118.1046,WECC,CISO,10.0,10.0,10.0,10.0,1,2020,4.0,0.0,0.0,0.0,9q5bwz,8.56
56475,Center Hybrid,CA,Los Angeles,33.9296,-118.1046,WECC,CISO,10.0,10.0,10.0,10.0,1,2020,5.0,0.0,0.0,0.0,9q5bwz,8.56
56475,Center Hybrid,CA,Los Angeles,33.9296,-118.1046,WECC,CISO,10.0,10.0,10.0,10.0,1,2020,6.0,0.0,0.0,0.0,9q5bwz,8.56
56475,Center Hybrid,CA,Los Angeles,33.9296,-118.1046,WECC,CISO,10.0,10.0,10.0,10.0,1,2020,7.0,0.0,0.0,0.0,9q5bwz,8.56
56475,Center Hybrid,CA,Los Angeles,33.9296,-118.1046,WECC,CISO,10.0,10.0,10.0,10.0,1,2020,8.0,0.0,0.0,0.0,9q5bwz,8.56
56475,Center Hybrid,CA,Los Angeles,33.9296,-118.1046,WECC,CISO,10.0,10.0,10.0,10.0,1,2020,9.0,0.0,0.0,0.0,9q5bwz,8.56
56475,Center Hybrid,CA,Los Angeles,33.9296,-118.1046,WECC,CISO,10.0,10.0,10.0,10.0,1,2020,10.0,0.0,0.0,0.0,9q5bwz,8.56
56475,Center Hybrid,CA,Los Angeles,33.9296,-118.1046,WECC,CISO,10.0,10.0,10.0,10.0,1,2020,11.0,0.0,0.0,0.0,9q5bwz,8.56
56475,Center Hybrid,CA,Los Angeles,33.9296,-118.1046,WECC,CISO,10.0,10.0,10.0,10.0,1,2020,12.0,0.0,0.0,0.0,9q5bwz,8.56
56475,Center Hybrid,CA,Los Angeles,33.9296,-118.1046,WECC,CISO,10.0,10.0,10.0,10.0,1,2021,1.0,0.0,0.0,0.0,9q5bwz,8.56
56475,Center Hybrid,CA,Los Angeles,33.9296,-118.1046,WECC,CISO,10.0,10.0,10.0,10.0,1,2021,2.0,0.0,0.0,0.0,9q5bwz,8.56
56475,Center Hybrid,CA,Los Angeles,33.9296,-118.1046,WECC,CISO,10.0,10.0,10.0,10.0,1,2021,3.0,0.0,0.0,0.0,9q5bwz,8.56
56475,Center Hybrid,CA,Los Angeles,33.9296,-118.1046,WECC,CISO,10.0,10.0,10.0,10.0,1,2021,4.0,0.0,0.0,0.0,9q5bwz,8.56
56475,Center Hybrid,CA,Los Angeles,33.9296,-118.1046,WECC,CISO,10.0,10.0,10.0,10.0,1,2021,5.0,0.0,0.0,0.0,9q5bwz,8.56
56475,Center Hybrid,CA,Los Angeles,33.9296,-118.1046,WECC,CISO,10.0,10.0,10.0,10.0,1,2021,6.0,0.0,0.0,0.0,9q5bwz,8.56
56475,Center Hybrid,CA,Los Angeles,33.9296,-118.1046,WECC,CISO,10.0,10.0,10.0,10.0,1,2021,7.0,0.0,0.0,0.0,9q5bwz,8.56
56475,Center Hybrid,CA,Los Angeles,33.9296,-118.1046,WECC,CISO,10.0,10.0,10.0,10.0,1,2021,8.0,0.0,0.0,0.0,9q5bwz,8.56
56475,Center Hybrid,CA,Los Angeles,33.9296,-118.1046,WECC,CISO,10.0,10.0,10.0,10.0,1,2021,9.0,0.0,0.0,0.0,9q5bwz,8.56
56475,Center Hybrid,CA,Los Angeles,33.9296,-118.1046,WECC,CISO,10.0,10.0,10.0,10.0,1,2021,10.0,0.0,0.0,0.0,9q5bwz,8.56
56475,Center Hybrid,CA,Los Angeles,33.9296,-118.1046,WECC,CISO,10.0,10.0,10.0,10.0,1,2021,11.0,0.0,0.0,0.0,9q5bwz,8.56
56475,Center Hybrid,CA,Los Angeles,33.9296,-118.1046,WECC,CISO,10.0,10.0,10.0,10.0,1,2021,12.0,0.0,0.0,0.0,9q5bwz,8.56
56475,Center Hybrid,CA,Los Angeles,33.9296,-118.1046,WECC,CISO,10.0,10.0,10.0,10.0,1,2022,1.0,0.0,0.0,0.0,9q5bwz,8.56
56475,Center Hybrid,CA,Los Angeles,33.9296,-118.1046,WECC,CISO,10.0,10.0,10.0,10.0,1,2022,2.0,0.0,0.0,0.0,9q5bwz,8.56
56475,Center Hybrid,CA,Los Angeles,33.9296,-118.1046,WECC,CISO,10.0,10.0,10.0,10.0,1,2022,3.0,0.0,0.0,0.0,9q5bwz,8.56
56475,Center Hybrid,CA,Los Angeles,33.9296,-118.1046,WECC,CISO,10.0,10.0,10.0,10.0,1,2022,4.0,0.0,0.0,0.0,9q5bwz,8.56
56475,Center Hybrid,CA,Los Angeles,33.9296,-118.1046,WECC,CISO,10.0,10.0,10.0,10.0,1,2022,5.0,0.0,0.0,0.0,9q5bwz,8.56
56475,Center Hybrid,CA,Los Angeles,33.9296,-118.1046,WECC,CISO,10.0,10.0,10.0,10.0,1,2022,6.0,0.0,0.0,0.0,9q5bwz,8.56
56475,Center Hybrid,CA,Los Angeles,33.9296,-118.1046,WECC,CISO,10.0,10.0,10.0,10.0,1,2022,7.0,0.0,0.0,0.0,9q5bwz,8.56
56475,Center Hybrid,CA,Los Angeles,33.9296,-118.1046,WECC,CISO,10.0,10.0,10.0,10.0,1,2022,8.0,0.0,0.0,0.0,9q5bwz,8.56
56475,Center Hybrid,CA,Los Angeles,33.9296,-118.1046,WECC,CISO,10.0,10.0,10.0,10.0,1,2022,9.0,0.0,0.0,0.0,9q5bwz,8.56
56475,Center Hybrid,CA,Los Angeles,33.9296,-118.1046,WECC,CISO,10.0,10.0,10.0,10.0,1,2022,10.0,0.0,0.0,0.0,9q5bwz,8.56
56475,Center Hybrid,CA,Los Angeles,33.9296,-118.1046,WECC,CISO,10.0,10.0,10.0,10.0,1,2022,11.0,0.0,0.0,0.0,9q5bwz,8.56
56475,Center Hybrid,CA,Los Angeles,33.9296,-118.1046,WECC,CISO,10.0,10.0,10.0,10.0,1,2022,12.0,0.0,0.0,0.0,9q5bwz,8.56
57584,University of California San Diego,CA,San Diego,32.8747,-117.2392,WECC,CISO,2.5,2.5,2.5,2.5,1,2018,1.0,92.0,81.0,-11.0,9mudw2,13.84
57584,University of California San Diego,CA,San Diego,32.8747,-117.2392,WECC,CISO,2.5,2.5,2.5,2.5,1,2018,2.0,118.0,103.0,-15.0,9mudw2,13.84
57584,University of California San Diego,CA,San Diego,32.8747,-117.2392,WECC,CISO,2.5,2.5,2.5,2.5,1,2018,3.0,141.0,123.0,-18.0,9mudw2,13.84
57584,University of California San Diego,CA,San Diego,32.8747,-117.2392,WECC,CISO,2.5,2.5,2.5,2.5,1,2018,4.0,75.0,64.0,-11.0,9mudw2,13.84
57584,University of California San Diego,CA,San Diego,32.8747,-117.2392,WECC,CISO,2.5,2.5,2.5,2.5,1,2018,5.0,124.0,108.0,-16.0,9mudw2,13.84
57584,University of California San Diego,CA,San Diego,32.8747,-117.2392,WECC,CISO,2.5,2.5,2.5,2.5,1,2018,6.0,122.0,107.0,-15.0,9mudw2,13.84
57584,University of California San Diego,CA,San Diego,32.8747,-117.2392,WECC,CISO,2.5,2.5,2.5,2.5,1,2018,7.0,147.0,130.0,-17.0,9mudw2,13.84
57584,University of California San Diego,CA,San Diego,32.8747,-117.2392,WECC,CISO,2.5,2.5,2.5,2.5,1,2018,8.0,157.0,137.0,-20.0,9mudw2,13.84
57584,University of California San Diego,CA,San Diego,32.8747,-117.2392,WECC,CISO,2.5,2.5,2.5,2.5,1,2018,9.0,142.0,125.0,-17.0,9mudw2,13.84
57584,University of California San Diego,CA,San Diego,32.8747,-117.2392,WECC,CISO,2.5,2.5,2.5,2.5,1,2018,10.0,123.0,108.0,-15.0,9mudw2,13.84
57584,University of California San Diego,CA,San Diego,32.8747,-117.2392,WECC,CISO,2.5,2.5,2.5,2.5,1,2018,11.0,110.0,94.0,-16.0,9mudw2,13.84
57584,University of California San Diego,CA,San Diego,32.8747,-117.2392,WECC,CISO,2.5,2.5,2.5,2.5,1,2018,12.0,94.0,83.0,-11.0,9mudw2,13.84
57584,University of California San Diego Hybrid,CA,San Diego,32.8747,-117.2392,WECC,CISO,2.5,2.5,2.5,2.5,1,2019,1.0,141.0,123.0,-18.0,9mudw2,13.84
57584,University of California San Diego Hybrid,CA,San Diego,32.8747,-117.2392,WECC,CISO,2.5,2.5,2.5,2.5,1,2019,2.0,108.0,95.0,-13.0,9mudw2,13.84
57584,University of California San Diego Hybrid,CA,San Diego,32.8747,-117.2392,WECC,CISO,2.5,2.5,2.5,2.5,1,2019,3.0,123.0,108.0,-15.0,9mudw2,13.84
57584,University of California San Diego Hybrid,CA,San Diego,32.8747,-117.2392,WECC,CISO,2.5,2.5,2.5,2.5,1,2019,4.0,119.0,103.0,-16.0,9mudw2,13.84
57584,University of California San Diego Hybrid,CA,San Diego,32.8747,-117.2392,WECC,CISO,2.5,2.5,2.5,2.5,1,2019,5.0,130.0,114.0,-16.0,9mudw2,13.84
57584,University of California San Diego Hybrid,CA,San Diego,32.8747,-117.2392,WECC,CISO,2.5,2.5,2.5,2.5,1,2019,6.0,126.0,110.0,-16.0,9mudw2,13.84
57584,University of California San Diego Hybrid,CA,San Diego,32.8747,-117.2392,WECC,CISO,2.5,2.5,2.5,2.5,1,2019,7.0,110.0,97.0,-13.0,9mudw2,13.84
57584,University of California San Diego Hybrid,CA,San Diego,32.8747,-117.2392,WECC,CISO,2.5,2.5,2.5,2.5,1,2019,8.0,129.0,113.0,16.0,9mudw2,13.84
57584,University of California San Diego Hybrid,CA,San Diego,32.8747,-117.2392,WECC,CISO,2.5,2.5,2.5,2.5,1,2019,9.0,120.0,105.0,-15.0,9mudw2,13.84
57584,University of California San Diego Hybrid,CA,San Diego,32.8747,-117.2392,WECC,CISO,2.5,2.5,2.5,2.5,1,2019,10.0,127.0,109.0,-18.0,9mudw2,13.84
57584,University of California San Diego Hybrid,CA,San Diego,32.8747,-117.2392,WECC,CISO,2.5,2.5,2.5,2.5,1,2019,11.0,88.0,76.0,-12.0,9mudw2,13.84
57584,University of California San Diego Hybrid,CA,San Diego,32.8747,-117.2392,WECC,CISO,2.5,2.5,2.5,2.5,1,2019,12.0,89.0,77.0,-12.0,9mudw2,13.84
57584,University of California San Diego Hybrid,CA,San Diego,32.8747,-117.2392,WECC,CISO,2.5,2.5,2.5,2.5,1,2020,1.0,87.0,76.0,-11.0,9mudw2,13.84
57584,University of California San Diego Hybrid,CA,San Diego,32.8747,-117.2392,WECC,CISO,2.5,2.5,2.5,2.5,1,2020,2.0,65.0,54.0,-11.0,9mudw2,13.84
57584,University of California San Diego Hybrid,CA,San Diego,32.8747,-117.2392,WECC,CISO,2.5,2.5,2.5,2.5,1,2020,3.0,57.0,48.0,-9.0,9mudw2,13.84
57584,University of California San Diego Hybrid,CA,San Diego,32.8747,-117.2392,WECC,CISO,2.5,2.5,2.5,2.5,1,2020,4.0,63.0,52.0,-10.0,9mudw2,13.84
57584,University of California San Diego Hybrid,CA,San Diego,32.8747,-117.2392,WECC,CISO,2.5,2.5,2.5,2.5,1,2020,5.0,58.0,50.0,-8.0,9mudw2,13.84
57584,University of California San Diego Hybrid,CA,San Diego,32.8747,-117.2392,WECC,CISO,2.5,2.5,2.5,2.5,1,2020,6.0,26.0,18.0,-8.0,9mudw2,13.84
57584,University of California San Diego Hybrid,CA,San Diego,32.8747,-117.2392,WECC,CISO,2.5,2.5,2.5,2.5,1,2020,7.0,54.0,47.0,-7.0,9mudw2,13.84
57584,University of California San Diego Hybrid,CA,San Diego,32.8747,-117.2392,WECC,CISO,2.5,2.5,2.5,2.5,1,2020,8.0,108.0,92.0,-16.0,9mudw2,13.84
57584,University of California San Diego Hybrid,CA,San Diego,32.8747,-117.2392,WECC,CISO,2.5,2.5,2.5,2.5,1,2020,9.0,70.0,63.0,-7.0,9mudw2,13.84
57584,University of California San Diego Hybrid,CA,San Diego,32.8747,-117.2392,WECC,CISO,2.5,2.5,2.5,2.5,1,2020,10.0,73.0,63.0,-11.0,9mudw2,13.84
57584,University of California San Diego Hybrid,CA,San Diego,32.8747,-117.2392,WECC,CISO,2.5,2.5,2.5,2.5,1,2020,11.0,71.0,62.0,-9.0,9mudw2,13.84
57584,University of California San Diego Hybrid,CA,San Diego,32.8747,-117.2392,WECC,CISO,2.5,2.5,2.5,2.5,1,2020,12.0,58.0,50.0,-8.0,9mudw2,13.84
57584,University of California San Diego Hybrid,CA,San Diego,32.8747,-117.2392,WECC,CISO,2.5,2.5,2.5,2.5,1,2021,1.0,43.0,35.0,-8.0,9mudw2,13.84
57584,University of California San Diego Hybrid,CA,San Diego,32.8747,-117.2392,WECC,CISO,2.5,2.5,2.5,2.5,1,2021,2.0,64.0,52.0,-12.0,9mudw2,13.84
57584,University of California San Diego Hybrid,CA,San Diego,32.8747,-117.2392,WECC,CISO,2.5,2.5,2.5,2.5,1,2021,3.0,46.0,38.0,-8.0,9mudw2,13.84
57584,University of California San Diego Hybrid,CA,San Diego,32.8747,-117.2392,WECC,CISO,2.5,2.5,2.5,2.5,1,2021,4.0,39.0,32.0,-7.0,9mudw2,13.84
57584,University of California San Diego Hybrid,CA,San Diego,32.8747,-117.2392,WECC,CISO,2.5,2.5,2.5,2.5,1,2021,5.0,53.0,47.0,-6.0,9mudw2,13.84
57584,University of California San Diego Hybrid,CA,San Diego,32.8747,-117.2392,WECC,CISO,2.5,2.5,2.5,2.5,1,2021,6.0,99.0,89.0,-10.0,9mudw2,13.84
57584,University of California San Diego Hybrid,CA,San Diego,32.8747,-117.2392,WECC,CISO,2.5,2.5,2.5,2.5,1,2021,7.0,107.0,93.0,-14.0,9mudw2,13.84
57584,University of California San Diego Hybrid,CA,San Diego,32.8747,-117.2392,WECC,CISO,2.5,2.5,2.5,2.5,1,2021,8.0,114.0,100.0,-14.0,9mudw2,13.84
57584,University of California San Diego Hybrid,CA,San Diego,32.8747,-117.2392,WECC,CISO,2.5,2.5,2.5,2.5,1,2021,9.0,104.0,91.0,-13.0,9mudw2,13.84
57584,University of California San Diego Hybrid,CA,San Diego,32.8747,-117.2392,WECC,CISO,2.5,2.5,2.5,2.5,1,2021,10.0,100.0,84.0,-16.0,9mudw2,13.84
57584,University of California San Diego Hybrid,CA,San Diego,32.8747,-117.2392,WECC,CISO,2.5,2.5,2.5,2.5,1,2021,11.0,0.0,0.0,0.0,9mudw2,13.84
57584,University of California San Diego Hybrid,CA,San Diego,32.8747,-117.2392,WECC,CISO,2.5,2.5,2.5,2.5,1,2021,12.0,0.0,0.0,0.0,9mudw2,13.84
57584,University of California San Diego Hybrid,CA,San Diego,32.8747,-117.2392,WECC,CISO,2.5,5.0,2.5,2.5,1,2022,1.0,91.0,82.0,-9.0,9mudw2,13.84
57584,University of California San Diego Hybrid,CA,San Diego,32.8747,-117.2392,WECC,CISO,2.5,5.0,2.5,2.5,1,2022,2.0,28.0,22.0,-6.0,9mudw2,13.84
57584,University of California San Diego Hybrid,CA,San Diego,32.8747,-117.2392,WECC,CISO,2.5,5.0,2.5,2.5,1,2022,3.0,81.0,71.0,-10.0,9mudw2,13.84
57584,University of California San Diego Hybrid,CA,San Diego,32.8747,-117.2392,WECC,CISO,2.5,5.0,2.5,2.5,1,2022,4.0,101.0,88.0,-13.0,9mudw2,13.84
57584,University of California San Diego Hybrid,CA,San Diego,32.8747,-117.2392,WECC,CISO,2.5,5.0,2.5,2.5,1,2022,5.0,98.0,83.0,-15.0,9mudw2,13.84
57584,University of California San Diego Hybrid,CA,San Diego,32.8747,-117.2392,WECC,CISO,2.5,5.0,2.5,2.5,1,2022,6.0,102.0,89.0,-13.0,9mudw2,13.84
57584,University of California San Diego Hybrid,CA,San Diego,32.8747,-117.2392,WECC,CISO,2.5,5.0,2.5,2.5,1,2022,7.0,106.0,96.0,-10.0,9mudw2,13.84
57584,University of California San Diego Hybrid,CA,San Diego,32.8747,-117.2392,WECC,CISO,2.5,5.0,2.5,2.5,1,2022,8.0,90.0,77.0,-13.0,9mudw2,13.84
57584,University of California San Diego Hybrid,CA,San Diego,32.8747,-117.2392,WECC,CISO,2.5,5.0,2.5,2.5,1,2022,9.0,77.0,67.0,-10.0,9mudw2,13.84
57584,University of California San Diego Hybrid,CA,San Diego,32.8747,-117.2392,WECC,CISO,2.5,5.0,2.5,2.5,1,2022,10.0,82.0,71.0,-11.0,9mudw2,13.84
57584,University of California San Diego Hybrid,CA,San Diego,32.8747,-117.2392,WECC,CISO,2.5,5.0,2.5,2.5,1,2022,11.0,67.0,56.0,-11.0,9mudw2,13.84
57584,University of California San Diego Hybrid,CA,San Diego,32.8747,-117.2392,WECC,CISO,2.5,5.0,2.5,2.5,1,2022,12.0,22.0,18.0,-4.0,9mudw2,13.84
57693,DOE Golden NWTC Research Side Hybrid,CO,Jefferson,39.9139,-105.2153,WECC,PSCO,1.3,1.3,1.3,1.3,2,2019,1.0,3.0,1.271,-1.987,9wve62,159.97
57693,DOE Golden NWTC Research Side Hybrid,CO,Jefferson,39.9139,-105.2153,WECC,PSCO,1.3,1.3,1.3,1.3,2,2019,2.0,3.0,1.133,-1.77,9wve62,159.97
57693,DOE Golden NWTC Research Side Hybrid,CO,Jefferson,39.9139,-105.2153,WECC,PSCO,1.3,1.3,1.3,1.3,2,2019,3.0,4.0,1.589,-2.483,9wve62,159.97
57693,DOE Golden NWTC Research Side Hybrid,CO,Jefferson,39.9139,-105.2153,WECC,PSCO,1.3,1.3,1.3,1.3,2,2019,4.0,4.0,1.396,-2.182,9wve62,159.97
57693,DOE Golden NWTC Research Side Hybrid,CO,Jefferson,39.9139,-105.2153,WECC,PSCO,1.3,1.3,1.3,1.3,2,2019,5.0,3.0,1.314,-2.053,9wve62,159.97
57693,DOE Golden NWTC Research Side Hybrid,CO,Jefferson,39.9139,-105.2153,WECC,PSCO,1.3,1.3,1.3,1.3,2,2019,6.0,3.0,1.324,-2.069,9wve62,159.97
57693,DOE Golden NWTC Research Side Hybrid,CO,Jefferson,39.9139,-105.2153,WECC,PSCO,1.3,1.3,1.3,1.3,2,2019,7.0,3.0,1.153,-1.801,9wve62,159.97
57693,DOE Golden NWTC Research Side Hybrid,CO,Jefferson,39.9139,-105.2153,WECC,PSCO,1.3,1.3,1.3,1.3,2,2019,8.0,4.0,1.44,-2.25,9wve62,159.97
57693,DOE Golden NWTC Research Side Hybrid,CO,Jefferson,39.9139,-105.2153,WECC,PSCO,1.3,1.3,1.3,1.3,2,2019,9.0,3.0,1.347,-2.104,9wve62,159.97
57693,DOE Golden NWTC Research Side Hybrid,CO,Jefferson,39.9139,-105.2153,WECC,PSCO,1.3,1.3,1.3,1.3,2,2019,10.0,4.0,1.405,-2.195,9wve62,159.97
57693,DOE Golden NWTC Research Side Hybrid,CO,Jefferson,39.9139,-105.2153,WECC,PSCO,1.3,1.3,1.3,1.3,2,2019,11.0,3.0,1.239,-1.936,9wve62,159.97
57693,DOE Golden NWTC Research Side Hybrid,CO,Jefferson,39.9139,-105.2153,WECC,PSCO,1.3,1.3,1.3,1.3,2,2019,12.0,4.0,1.389,-2.17,9wve62,159.97
58256,Los Alamos PV Site,NM,Los Alamos,35.875556,-106.31,WECC,PNM,1.8,8.3,1.8,1.8,2,2018,1.0,80.0,19.0,-61.0,9we1bp,210.67
58256,Los Alamos PV Site,NM,Los Alamos,35.875556,-106.31,WECC,PNM,1.8,8.3,1.8,1.8,2,2018,2.0,76.0,21.0,-55.0,9we1bp,210.67
58256,Los Alamos PV Site,NM,Los Alamos,35.875556,-106.31,WECC,PNM,1.8,8.3,1.8,1.8,2,2018,3.0,78.0,20.0,-58.0,9we1bp,210.67
58256,Los Alamos PV Site,NM,Los Alamos,35.875556,-106.31,WECC,PNM,1.8,8.3,1.8,1.8,2,2018,4.0,62.0,7.0,-55.0,9we1bp,210.67
58256,Los Alamos PV Site,NM,Los Alamos,35.875556,-106.31,WECC,PNM,1.8,8.3,1.8,1.8,2,2018,5.0,72.0,15.0,-57.0,9we1bp,210.67
58256,Los Alamos PV Site,NM,Los Alamos,35.875556,-106.31,WECC,PNM,1.8,8.3,1.8,1.8,2,2018,6.0,82.0,24.0,-58.0,9we1bp,210.67
58256,Los Alamos PV Site,NM,Los Alamos,35.875556,-106.31,WECC,PNM,1.8,8.3,1.8,1.8,2,2018,7.0,81.0,18.0,-63.0,9we1bp,210.67
58256,Los Alamos PV Site,NM,Los Alamos,35.875556,-106.31,WECC,PNM,1.8,8.3,1.8,1.8,2,2018,8.0,71.0,14.0,-57.0,9we1bp,210.67
58256,Los Alamos PV Site,NM,Los Alamos,35.875556,-106.31,WECC,PNM,1.8,8.3,1.8,1.8,2,2018,9.0,77.0,20.0,-57.0,9we1bp,210.67
58256,Los Alamos PV Site,NM,Los Alamos,35.875556,-106.31,WECC,PNM,1.8,8.3,1.8,1.8,2,2018,10.0,79.0,18.0,-61.0,9we1bp,210.67
58256,Los Alamos PV Site,NM,Los Alamos,35.875556,-106.31,WECC,PNM,1.8,8.3,1.8,1.8,2,2018,11.0,87.0,20.0,-67.0,9we1bp,210.67
58256,Los Alamos PV Site,NM,Los Alamos,35.875556,-106.31,WECC,PNM,1.8,8.3,1.8,1.8,2,2018,12.0,95.0,21.0,-74.0,9we1bp,210.67
58462,McCoy Solar Energy Project Hybrid,CA,Riverside,33.694722,-114.739722,WECC,CISO,230.0,920.0,230.0,230.0,1,2021,1.0,,,,9qndpr,65.09
58462,McCoy Solar Energy Project Hybrid,CA,Riverside,33.694722,-114.739722,WECC,CISO,230.0,920.0,230.0,230.0,1,2021,2.0,,,,9qndpr,65.09
58462,McCoy Solar Energy Project Hybrid,CA,Riverside,33.694722,-114.739722,WECC,CISO,230.0,920.0,230.0,230.0,1,2021,3.0,,,,9qndpr,65.09
58462,McCoy Solar Energy Project Hybrid,CA,Riverside,33.694722,-114.739722,WECC,CISO,230.0,920.0,230.0,230.0,1,2021,4.0,,,,9qndpr,65.09
58462,McCoy Solar Energy Project Hybrid,CA,Riverside,33.694722,-114.739722,WECC,CISO,230.0,920.0,230.0,230.0,1,2021,5.0,,,,9qndpr,65.09
58462,McCoy Solar Energy Project Hybrid,CA,Riverside,33.694722,-114.739722,WECC,CISO,230.0,920.0,230.0,230.0,1,2021,6.0,,,,9qndpr,65.09
58462,McCoy Solar Energy Project Hybrid,CA,Riverside,33.694722,-114.739722,WECC,CISO,230.0,920.0,230.0,230.0,1,2021,7.0,25453.0,22762.902,-2691.043,9qndpr,65.09
58462,McCoy Solar Energy Project Hybrid,CA,Riverside,33.694722,-114.739722,WECC,CISO,230.0,920.0,230.0,230.0,1,2021,8.0,25530.0,22830.603,-2699.046,9qndpr,65.09
58462,McCoy Solar Energy Project Hybrid,CA,Riverside,33.694722,-114.739722,WECC,CISO,230.0,920.0,230.0,230.0,1,2021,9.0,28361.0,25362.721,-2998.394,9qndpr,65.09
58462,McCoy Solar Energy Project Hybrid,CA,Riverside,33.694722,-114.739722,WECC,CISO,230.0,920.0,230.0,230.0,1,2021,10.0,24503.0,21912.083,-2590.458,9qndpr,65.09
58462,McCoy Solar Energy Project Hybrid,CA,Riverside,33.694722,-114.739722,WECC,CISO,230.0,920.0,230.0,230.0,1,2021,11.0,26283.0,23503.878,-2778.641,9qndpr,65.09
58462,McCoy Solar Energy Project Hybrid,CA,Riverside,33.694722,-114.739722,WECC,CISO,230.0,920.0,230.0,230.0,1,2021,12.0,26091.0,23332.813,-2758.418,9qndpr,65.09
58462,McCoy Solar Energy Project Hybrid,CA,Riverside,33.694722,-114.739722,WECC,CISO,230.0,920.0,230.0,230.0,1,2022,1.0,20692.0,18538.586,-2153.526,9qndpr,65.09
58462,McCoy Solar Energy Project Hybrid,CA,Riverside,33.694722,-114.739722,WECC,CISO,230.0,920.0,230.0,230.0,1,2022,2.0,21738.0,19475.264,-2262.335,9qndpr,65.09
58462,McCoy Solar Energy Project Hybrid,CA,Riverside,33.694722,-114.739722,WECC,CISO,230.0,920.0,230.0,230.0,1,2022,3.0,20120.0,18025.716,-2093.949,9qndpr,65.09
58462,McCoy Solar Energy Project Hybrid,CA,Riverside,33.694722,-114.739722,WECC,CISO,230.0,920.0,230.0,230.0,1,2022,4.0,21073.0,18879.525,-2193.131,9qndpr,65.09
58462,McCoy Solar Energy Project Hybrid,CA,Riverside,33.694722,-114.739722,WECC,CISO,230.0,920.0,230.0,230.0,1,2022,5.0,22330.0,20006.289,-2324.021,9qndpr,65.09
58462,McCoy Solar Energy Project Hybrid,CA,Riverside,33.694722,-114.739722,WECC,CISO,230.0,920.0,230.0,230.0,1,2022,6.0,22557.0,20209.047,-2347.575,9qndpr,65.09
58462,McCoy Solar Energy Project Hybrid,CA,Riverside,33.694722,-114.739722,WECC,CISO,230.0,920.0,230.0,230.0,1,2022,7.0,23435.0,20995.969,-2438.987,9qndpr,65.09
58462,McCoy Solar Energy Project Hybrid,CA,Riverside,33.694722,-114.739722,WECC,CISO,230.0,920.0,230.0,230.0,1,2022,8.0,24077.0,21571.471,-2505.84,9qndpr,65.09
58462,McCoy Solar Energy Project Hybrid,CA,Riverside,33.694722,-114.739722,WECC,CISO,230.0,920.0,230.0,230.0,1,2022,9.0,21588.0,19341.072,-2246.747,9qndpr,65.09
58462,McCoy Solar Energy Project Hybrid,CA,Riverside,33.694722,-114.739722,WECC,CISO,230.0,920.0,230.0,230.0,1,2022,10.0,24090.0,21583.077,-2507.188,9qndpr,65.09
58462,McCoy Solar Energy Project Hybrid,CA,Riverside,33.694722,-114.739722,WECC,CISO,230.0,920.0,230.0,230.0,1,2022,11.0,22302.0,19981.322,-2321.121,9qndpr,65.09
58462,McCoy Solar Energy Project Hybrid,CA,Riverside,33.694722,-114.739722,WECC,CISO,230.0,920.0,230.0,230.0,1,2022,12.0,22518.0,20174.662,-2343.58,9qndpr,65.09
58585,Sierra Nevada Brewing Co,CA,Butte,39.724167,-121.815278,WECC,CISO,0.5,1.0,0.5,0.5,1,2018,1.0,11.0,7.522,-1.898,9r13pb,23.76
58585,Sierra Nevada Brewing Co,CA,Butte,39.724167,-121.815278,WECC,CISO,0.5,1.0,0.5,0.5,1,2018,2.0,7.0,5.842,-1.475,9r13pb,23.76
58585,Sierra Nevada Brewing Co,CA,Butte,39.724167,-121.815278,WECC,CISO,0.5,1.0,0.5,0.5,1,2018,3.0,10.0,8.5,-2.146,9r13pb,23.76
58585,Sierra Nevada Brewing Co,CA,Butte,39.724167,-121.815278,WECC,CISO,0.5,1.0,0.5,0.5,1,2018,4.0,12.0,9.735,-2.457,9r13pb,23.76
58585,Sierra Nevada Brewing Co,CA,Butte,39.724167,-121.815278,WECC,CISO,0.5,1.0,0.5,0.5,1,2018,5.0,11.0,9.256,-2.337,9r13pb,23.76
58585,Sierra Nevada Brewing Co,CA,Butte,39.724167,-121.815278,WECC,CISO,0.5,1.0,0.5,0.5,1,2018,6.0,11.0,9.097,-2.296,9r13pb,23.76
58585,Sierra Nevada Brewing Co,CA,Butte,39.724167,-121.815278,WECC,CISO,0.5,1.0,0.5,0.5,1,2018,7.0,11.0,9.156,-2.311,9r13pb,23.76
58585,Sierra Nevada Brewing Co,CA,Butte,39.724167,-121.815278,WECC,CISO,0.5,1.0,0.5,0.5,1,2018,8.0,11.0,9.394,-2.371,9r13pb,23.76
58585,Sierra Nevada Brewing Co,CA,Butte,39.724167,-121.815278,WECC,CISO,0.5,1.0,0.5,0.5,1,2018,9.0,10.0,8.532,-2.154,9r13pb,23.76
58585,Sierra Nevada Brewing Co,CA,Butte,39.724167,-121.815278,WECC,CISO,0.5,1.0,0.5,0.5,1,2018,10.0,11.0,8.804,-2.222,9r13pb,23.76
58585,Sierra Nevada Brewing Co,CA,Butte,39.724167,-121.815278,WECC,CISO,0.5,1.0,0.5,0.5,1,2018,11.0,11.0,8.674,-2.19,9r13pb,23.76
58585,Sierra Nevada Brewing Co,CA,Butte,39.724167,-121.815278,WECC,CISO,0.5,1.0,0.5,0.5,1,2018,12.0,10.0,8.488,-2.143,9r13pb,23.76
58585,Sierra Nevada Brewing Co Hybrid,CA,Butte,39.724167,-121.815278,WECC,CISO,0.5,1.0,0.5,0.5,1,2019,1.0,19.0,14.565,-3.097,9r13pb,23.76
58585,Sierra Nevada Brewing Co Hybrid,CA,Butte,39.724167,-121.815278,WECC,CISO,0.5,1.0,0.5,0.5,1,2019,2.0,14.0,11.728,-2.492,9r13pb,23.76
58585,Sierra Nevada Brewing Co Hybrid,CA,Butte,39.724167,-121.815278,WECC,CISO,0.5,1.0,0.5,0.5,1,2019,3.0,16.0,13.303,-2.827,9r13pb,23.76
58585,Sierra Nevada Brewing Co Hybrid,CA,Butte,39.724167,-121.815278,WECC,CISO,0.5,1.0,0.5,0.5,1,2019,4.0,15.0,12.397,-2.634,9r13pb,23.76
58585,Sierra Nevada Brewing Co Hybrid,CA,Butte,39.724167,-121.815278,WECC,CISO,0.5,1.0,0.5,0.5,1,2019,5.0,14.0,11.386,-2.419,9r13pb,23.76
58585,Sierra Nevada Brewing Co Hybrid,CA,Butte,39.724167,-121.815278,WECC,CISO,0.5,1.0,0.5,0.5,1,2019,6.0,16.0,13.432,-2.854,9r13pb,23.76
58585,Sierra Nevada Brewing Co Hybrid,CA,Butte,39.724167,-121.815278,WECC,CISO,0.5,1.0,0.5,0.5,1,2019,7.0,17.0,13.851,-2.943,9r13pb,23.76
58585,Sierra Nevada Brewing Co Hybrid,CA,Butte,39.724167,-121.815278,WECC,CISO,0.5,1.0,0.5,0.5,1,2019,8.0,18.0,15.118,-3.213,9r13pb,23.76
58585,Sierra Nevada Brewing Co Hybrid,CA,Butte,39.724167,-121.815278,WECC,CISO,0.5,1.0,0.5,0.5,1,2019,9.0,16.0,13.592,-2.888,9r13pb,23.76
58585,Sierra Nevada Brewing Co Hybrid,CA,Butte,39.724167,-121.815278,WECC,CISO,0.5,1.0,0.5,0.5,1,2019,10.0,18.0,14.757,-3.136,9r13pb,23.76
58585,Sierra Nevada Brewing Co Hybrid,CA,Butte,39.724167,-121.815278,WECC,CISO,0.5,1.0,0.5,0.5,1,2019,11.0,15.0,12.562,-2.669,9r13pb,23.76
58585,Sierra Nevada Brewing Co Hybrid,CA,Butte,39.724167,-121.815278,WECC,CISO,0.5,1.0,0.5,0.5,1,2019,12.0,16.0,13.309,-2.828,9r13pb,23.76
58585,Sierra Nevada Brewing Co Hybrid,CA,Butte,39.724167,-121.815278,WECC,CISO,0.5,1.0,0.5,0.5,1,2020,1.0,6.0,4.143,-1.485,9r13pb,23.76
58585,Sierra Nevada Brewing Co Hybrid,CA,Butte,39.724167,-121.815278,WECC,CISO,0.5,1.0,0.5,0.5,1,2020,2.0,4.0,3.2,-1.147,9r13pb,23.76
58585,Sierra Nevada Brewing Co Hybrid,CA,Butte,39.724167,-121.815278,WECC,CISO,0.5,1.0,0.5,0.5,1,2020,3.0,7.0,4.91,-1.76,9r13pb,23.76
58585,Sierra Nevada Brewing Co Hybrid,CA,Butte,39.724167,-121.815278,WECC,CISO,0.5,1.0,0.5,0.5,1,2020,4.0,6.0,4.354,-1.561,9r13pb,23.76
58585,Sierra Nevada Brewing Co Hybrid,CA,Butte,39.724167,-121.815278,WECC,CISO,0.5,1.0,0.5,0.5,1,2020,5.0,6.0,4.218,-1.512,9r13pb,23.76
58585,Sierra Nevada Brewing Co Hybrid,CA,Butte,39.724167,-121.815278,WECC,CISO,0.5,1.0,0.5,0.5,1,2020,6.0,5.0,3.746,-1.343,9r13pb,23.76
58585,Sierra Nevada Brewing Co Hybrid,CA,Butte,39.724167,-121.815278,WECC,CISO,0.5,1.0,0.5,0.5,1,2020,7.0,6.0,4.429,-1.588,9r13pb,23.76
58585,Sierra Nevada Brewing Co Hybrid,CA,Butte,39.724167,-121.815278,WECC,CISO,0.5,1.0,0.5,0.5,1,2020,8.0,6.0,4.414,-1.583,9r13pb,23.76
58585,Sierra Nevada Brewing Co Hybrid,CA,Butte,39.724167,-121.815278,WECC,CISO,0.5,1.0,0.5,0.5,1,2020,9.0,6.0,4.772,-1.711,9r13pb,23.76
58585,Sierra Nevada Brewing Co Hybrid,CA,Butte,39.724167,-121.815278,WECC,CISO,0.5,1.0,0.5,0.5,1,2020,10.0,7.0,5.097,-1.827,9r13pb,23.76
58585,Sierra Nevada Brewing Co Hybrid,CA,Butte,39.724167,-121.815278,WECC,CISO,0.5,1.0,0.5,0.5,1,2020,11.0,7.0,5.024,-1.801,9r13pb,23.76
58585,Sierra Nevada Brewing Co Hybrid,CA,Butte,39.724167,-121.815278,WECC,CISO,0.5,1.0,0.5,0.5,1,2020,12.0,6.0,4.693,-1.682,9r13pb,23.76
58585,Sierra Nevada Brewing Co Hybrid,CA,Butte,39.724167,-121.815278,WECC,CISO,0.5,1.0,0.5,0.5,1,2021,1.0,10.0,7.89,-1.697,9r13pb,23.76
58585,Sierra Nevada Brewing Co Hybrid,CA,Butte,39.724167,-121.815278,WECC,CISO,0.5,1.0,0.5,0.5,1,2021,2.0,10.0,8.424,-1.811,9r13pb,23.76
58585,Sierra Nevada Brewing Co Hybrid,CA,Butte,39.724167,-121.815278,WECC,CISO,0.5,1.0,0.5,0.5,1,2021,3.0,12.0,9.477,-2.037,9r13pb,23.76
58585,Sierra Nevada Brewing Co Hybrid,CA,Butte,39.724167,-121.815278,WECC,CISO,0.5,1.0,0.5,0.5,1,2021,4.0,11.0,9.204,-1.978,9r13pb,23.76
58585,Sierra Nevada Brewing Co Hybrid,CA,Butte,39.724167,-121.815278,WECC,CISO,0.5,1.0,0.5,0.5,1,2021,5.0,9.0,7.788,-1.674,9r13pb,23.76
58585,Sierra Nevada Brewing Co Hybrid,CA,Butte,39.724167,-121.815278,WECC,CISO,0.5,1.0,0.5,0.5,1,2021,6.0,11.0,8.987,-1.932,9r13pb,23.76
58585,Sierra Nevada Brewing Co Hybrid,CA,Butte,39.724167,-121.815278,WECC,CISO,0.5,1.0,0.5,0.5,1,2021,7.0,11.0,8.999,-1.934,9r13pb,23.76
58585,Sierra Nevada Brewing Co Hybrid,CA,Butte,39.724167,-121.815278,WECC,CISO,0.5,1.0,0.5,0.5,1,2021,8.0,11.0,9.026,-1.94,9r13pb,23.76
58585,Sierra Nevada Brewing Co Hybrid,CA,Butte,39.724167,-121.815278,WECC,CISO,0.5,1.0,0.5,0.5,1,2021,9.0,12.0,10.027,-2.155,9r13pb,23.76
58585,Sierra Nevada Brewing Co Hybrid,CA,Butte,39.724167,-121.815278,WECC,CISO,0.5,1.0,0.5,0.5,1,2021,10.0,11.0,8.662,-1.862,9r13pb,23.76
58585,Sierra Nevada Brewing Co Hybrid,CA,Butte,39.724167,-121.815278,WECC,CISO,0.5,1.0,0.5,0.5,1,2021,11.0,11.0,9.292,-1.997,9r13pb,23.76
58585,Sierra Nevada Brewing Co Hybrid,CA,Butte,39.724167,-121.815278,WECC,CISO,0.5,1.0,0.5,0.5,1,2021,12.0,11.0,9.224,-1.983,9r13pb,23.76
58585,Sierra Nevada Brewing Co Hybrid,CA,Butte,39.724167,-121.815278,WECC,CISO,0.5,1.0,0.5,0.5,1,2022,1.0,14.0,10.326,-2.796,9r13pb,23.76
58585,Sierra Nevada Brewing Co Hybrid,CA,Butte,39.724167,-121.815278,WECC,CISO,0.5,1.0,0.5,0.5,1,2022,2.0,14.0,10.848,-2.936,9r13pb,23.76
58585,Sierra Nevada Brewing Co Hybrid,CA,Butte,39.724167,-121.815278,WECC,CISO,0.5,1.0,0.5,0.5,1,2022,3.0,13.0,10.04,-2.718,9r13pb,23.76
58585,Sierra Nevada Brewing Co Hybrid,CA,Butte,39.724167,-121.815278,WECC,CISO,0.5,1.0,0.5,0.5,1,2022,4.0,13.0,10.516,-2.846,9r13pb,23.76
58585,Sierra Nevada Brewing Co Hybrid,CA,Butte,39.724167,-121.815278,WECC,CISO,0.5,1.0,0.5,0.5,1,2022,5.0,14.0,11.143,-3.016,9r13pb,23.76
58585,Sierra Nevada Brewing Co Hybrid,CA,Butte,39.724167,-121.815278,WECC,CISO,0.5,1.0,0.5,0.5,1,2022,6.0,14.0,11.256,-3.047,9r13pb,23.76
58585,Sierra Nevada Brewing Co Hybrid,CA,Butte,39.724167,-121.815278,WECC,CISO,0.5,1.0,0.5,0.5,1,2022,7.0,15.0,11.695,-3.165,9r13pb,23.76
58585,Sierra Nevada Brewing Co Hybrid,CA,Butte,39.724167,-121.815278,WECC,CISO,0.5,1.0,0.5,0.5,1,2022,8.0,15.0,12.015,-3.252,9r13pb,23.76
58585,Sierra Nevada Brewing Co Hybrid,CA,Butte,39.724167,-121.815278,WECC,CISO,0.5,1.0,0.5,0.5,1,2022,9.0,14.0,10.773,-2.916,9r13pb,23.76
58585,Sierra Nevada Brewing Co Hybrid,CA,Butte,39.724167,-121.815278,WECC,CISO,0.5,1.0,0.5,0.5,1,2022,10.0,15.0,12.022,-3.254,9r13pb,23.76
58585,Sierra Nevada Brewing Co Hybrid,CA,Butte,39.724167,-121.815278,WECC,CISO,0.5,1.0,0.5,0.5,1,2022,11.0,14.0,11.129,-3.012,9r13pb,23.76
58585,Sierra Nevada Brewing Co Hybrid,CA,Butte,39.724167,-121.815278,WECC,CISO,0.5,1.0,0.5,0.5,1,2022,12.0,14.0,11.237,-3.042,9r13pb,23.76
58625,Santa Rita Jail,CA,Alameda,37.719167,-121.886944,WECC,CISO,2.0,4.0,0.3,0.3,1,2018,1.0,0.0,0.0,0.0,9q9m24,25.84
58625,Santa Rita Jail,CA,Alameda,37.719167,-121.886944,WECC,CISO,2.0,4.0,0.3,0.3,1,2018,2.0,0.0,0.0,0.0,9q9m24,25.84
58625,Santa Rita Jail,CA,Alameda,37.719167,-121.886944,WECC,CISO,2.0,4.0,0.3,0.3,1,2018,3.0,0.0,0.0,0.0,9q9m24,25.84
58625,Santa Rita Jail,CA,Alameda,37.719167,-121.886944,WECC,CISO,2.0,4.0,0.3,0.3,1,2018,4.0,0.0,0.0,0.0,9q9m24,25.84
58625,Santa Rita Jail,CA,Alameda,37.719167,-121.886944,WECC,CISO,2.0,4.0,0.3,0.3,1,2018,5.0,0.0,0.0,0.0,9q9m24,25.84
58625,Santa Rita Jail,CA,Alameda,37.719167,-121.886944,WECC,CISO,2.0,4.0,0.3,0.3,1,2018,6.0,0.0,0.0,0.0,9q9m24,25.84
58625,Santa Rita Jail,CA,Alameda,37.719167,-121.886944,WECC,CISO,2.0,4.0,0.3,0.3,1,2018,7.0,0.0,0.0,0.0,9q9m24,25.84
58625,Santa Rita Jail,CA,Alameda,37.719167,-121.886944,WECC,CISO,2.0,4.0,0.3,0.3,1,2018,8.0,0.0,0.0,0.0,9q9m24,25.84
58625,Santa Rita Jail,CA,Alameda,37.719167,-121.886944,WECC,CISO,2.0,4.0,0.3,0.3,1,2018,9.0,0.0,0.0,0.0,9q9m24,25.84
58625,Santa Rita Jail,CA,Alameda,37.719167,-121.886944,WECC,CISO,2.0,4.0,0.3,0.3,1,2018,10.0,0.0,0.0,0.0,9q9m24,25.84
58625,Santa Rita Jail,CA,Alameda,37.719167,-121.886944,WECC,CISO,2.0,4.0,0.3,0.3,1,2018,11.0,0.0,0.0,0.0,9q9m24,25.84
58625,Santa Rita Jail,CA,Alameda,37.719167,-121.886944,WECC,CISO,2.0,4.0,0.3,0.3,1,2018,12.0,0.0,0.0,0.0,9q9m24,25.84
58625,Santa Rita Jail Hybrid,CA,Alameda,37.719167,-121.886944,WECC,CISO,2.0,4.0,0.3,0.3,1,2019,1.0,0.0,0.0,0.0,9q9m24,25.84
58625,Santa Rita Jail Hybrid,CA,Alameda,37.719167,-121.886944,WECC,CISO,2.0,4.0,0.3,0.3,1,2019,2.0,0.0,0.0,0.0,9q9m24,25.84
58625,Santa Rita Jail Hybrid,CA,Alameda,37.719167,-121.886944,WECC,CISO,2.0,4.0,0.3,0.3,1,2019,3.0,0.0,0.0,0.0,9q9m24,25.84
58625,Santa Rita Jail Hybrid,CA,Alameda,37.719167,-121.886944,WECC,CISO,2.0,4.0,0.3,0.3,1,2019,4.0,0.0,0.0,0.0,9q9m24,25.84
58625,Santa Rita Jail Hybrid,CA,Alameda,37.719167,-121.886944,WECC,CISO,2.0,4.0,0.3,0.3,1,2019,5.0,0.0,0.0,0.0,9q9m24,25.84
58625,Santa Rita Jail Hybrid,CA,Alameda,37.719167,-121.886944,WECC,CISO,2.0,4.0,0.3,0.3,1,2019,6.0,0.0,0.0,0.0,9q9m24,25.84
58625,Santa Rita Jail Hybrid,CA,Alameda,37.719167,-121.886944,WECC,CISO,2.0,4.0,0.3,0.3,1,2019,7.0,0.0,0.0,0.0,9q9m24,25.84
58625,Santa Rita Jail Hybrid,CA,Alameda,37.719167,-121.886944,WECC,CISO,2.0,4.0,0.3,0.3,1,2019,8.0,0.0,0.0,0.0,9q9m24,25.84
58625,Santa Rita Jail Hybrid,CA,Alameda,37.719167,-121.886944,WECC,CISO,2.0,4.0,0.3,0.3,1,2019,9.0,0.0,0.0,0.0,9q9m24,25.84
58625,Santa Rita Jail Hybrid,CA,Alameda,37.719167,-121.886944,WECC,CISO,2.0,4.0,0.3,0.3,1,2019,10.0,0.0,0.0,0.0,9q9m24,25.84
58625,Santa Rita Jail Hybrid,CA,Alameda,37.719167,-121.886944,WECC,CISO,2.0,4.0,0.3,0.3,1,2019,11.0,0.0,0.0,0.0,9q9m24,25.84
58625,Santa Rita Jail Hybrid,CA,Alameda,37.719167,-121.886944,WECC,CISO,2.0,4.0,0.3,0.3,1,2019,12.0,0.0,0.0,0.0,9q9m24,25.84
58625,Santa Rita Jail Hybrid,CA,Alameda,37.719167,-121.886944,WECC,CISO,2.0,4.0,0.3,0.3,1,2020,1.0,0.0,0.0,0.0,9q9m24,25.84
58625,Santa Rita Jail Hybrid,CA,Alameda,37.719167,-121.886944,WECC,CISO,2.0,4.0,0.3,0.3,1,2020,2.0,0.0,0.0,0.0,9q9m24,25.84
58625,Santa Rita Jail Hybrid,CA,Alameda,37.719167,-121.886944,WECC,CISO,2.0,4.0,0.3,0.3,1,2020,3.0,0.0,0.0,0.0,9q9m24,25.84
58625,Santa Rita Jail Hybrid,CA,Alameda,37.719167,-121.886944,WECC,CISO,2.0,4.0,0.3,0.3,1,2020,4.0,0.0,0.0,0.0,9q9m24,25.84
58625,Santa Rita Jail Hybrid,CA,Alameda,37.719167,-121.886944,WECC,CISO,2.0,4.0,0.3,0.3,1,2020,5.0,0.0,0.0,0.0,9q9m24,25.84
58625,Santa Rita Jail Hybrid,CA,Alameda,37.719167,-121.886944,WECC,CISO,2.0,4.0,0.3,0.3,1,2020,6.0,0.0,0.0,0.0,9q9m24,25.84
58625,Santa Rita Jail Hybrid,CA,Alameda,37.719167,-121.886944,WECC,CISO,2.0,4.0,0.3,0.3,1,2020,7.0,0.0,0.0,0.0,9q9m24,25.84
58625,Santa Rita Jail Hybrid,CA,Alameda,37.719167,-121.886944,WECC,CISO,2.0,4.0,0.3,0.3,1,2020,8.0,0.0,0.0,0.0,9q9m24,25.84
58625,Santa Rita Jail Hybrid,CA,Alameda,37.719167,-121.886944,WECC,CISO,2.0,4.0,0.3,0.3,1,2020,9.0,0.0,0.0,0.0,9q9m24,25.84
58625,Santa Rita Jail Hybrid,CA,Alameda,37.719167,-121.886944,WECC,CISO,2.0,4.0,0.3,0.3,1,2020,10.0,0.0,0.0,0.0,9q9m24,25.84
58625,Santa Rita Jail Hybrid,CA,Alameda,37.719167,-121.886944,WECC,CISO,2.0,4.0,0.3,0.3,1,2020,11.0,0.0,0.0,0.0,9q9m24,25.84
58625,Santa Rita Jail Hybrid,CA,Alameda,37.719167,-121.886944,WECC,CISO,2.0,4.0,0.3,0.3,1,2020,12.0,0.0,0.0,0.0,9q9m24,25.84
58625,Santa Rita Jail Hybrid,CA,Alameda,37.719167,-121.886944,WECC,CISO,2.0,4.0,0.3,0.3,1,2021,1.0,0.0,0.0,0.0,9q9m24,25.84
58625,Santa Rita Jail Hybrid,CA,Alameda,37.719167,-121.886944,WECC,CISO,2.0,4.0,0.3,0.3,1,2021,2.0,0.0,0.0,0.0,9q9m24,25.84
58625,Santa Rita Jail Hybrid,CA,Alameda,37.719167,-121.886944,WECC,CISO,2.0,4.0,0.3,0.3,1,2021,3.0,0.0,0.0,0.0,9q9m24,25.84
58625,Santa Rita Jail Hybrid,CA,Alameda,37.719167,-121.886944,WECC,CISO,2.0,4.0,0.3,0.3,1,2021,4.0,0.0,0.0,0.0,9q9m24,25.84
58625,Santa Rita Jail Hybrid,CA,Alameda,37.719167,-121.886944,WECC,CISO,2.0,4.0,0.3,0.3,1,2021,5.0,0.0,0.0,0.0,9q9m24,25.84
58625,Santa Rita Jail Hybrid,CA,Alameda,37.719167,-121.886944,WECC,CISO,2.0,4.0,0.3,0.3,1,2021,6.0,0.0,0.0,0.0,9q9m24,25.84
58625,Santa Rita Jail Hybrid,CA,Alameda,37.719167,-121.886944,WECC,CISO,2.0,4.0,0.3,0.3,1,2021,7.0,0.0,0.0,0.0,9q9m24,25.84
58625,Santa Rita Jail Hybrid,CA,Alameda,37.719167,-121.886944,WECC,CISO,2.0,4.0,0.3,0.3,1,2021,8.0,0.0,0.0,0.0,9q9m24,25.84
58625,Santa Rita Jail Hybrid,CA,Alameda,37.719167,-121.886944,WECC,CISO,2.0,4.0,0.3,0.3,1,2021,9.0,0.0,0.0,0.0,9q9m24,25.84
58625,Santa Rita Jail Hybrid,CA,Alameda,37.719167,-121.886944,WECC,CISO,2.0,4.0,0.3,0.3,1,2021,10.0,0.0,0.0,0.0,9q9m24,25.84
58625,Santa Rita Jail Hybrid,CA,Alameda,37.719167,-121.886944,WECC,CISO,2.0,4.0,0.3,0.3,1,2021,11.0,0.0,0.0,0.0,9q9m24,25.84
58625,Santa Rita Jail Hybrid,CA,Alameda,37.719167,-121.886944,WECC,CISO,2.0,4.0,0.3,0.3,1,2021,12.0,0.0,0.0,0.0,9q9m24,25.84
58625,Santa Rita Jail Hybrid,CA,Alameda,37.719167,-121.886944,WECC,CISO,2.0,4.0,0.3,0.3,1,2022,1.0,0.0,0.0,0.0,9q9m24,25.84
58625,Santa Rita Jail Hybrid,CA,Alameda,37.719167,-121.886944,WECC,CISO,2.0,4.0,0.3,0.3,1,2022,2.0,0.0,0.0,0.0,9q9m24,25.84
58625,Santa Rita Jail Hybrid,CA,Alameda,37.719167,-121.886944,WECC,CISO,2.0,4.0,0.3,0.3,1,2022,3.0,0.0,0.0,0.0,9q9m24,25.84
58625,Santa Rita Jail Hybrid,CA,Alameda,37.719167,-121.886944,WECC,CISO,2.0,4.0,0.3,0.3,1,2022,4.0,0.0,0.0,0.0,9q9m24,25.84
58625,Santa Rita Jail Hybrid,CA,Alameda,37.719167,-121.886944,WECC,CISO,2.0,4.0,0.3,0.3,1,2022,5.0,0.0,0.0,0.0,9q9m24,25.84
58625,Santa Rita Jail Hybrid,CA,Alameda,37.719167,-121.886944,WECC,CISO,2.0,4.0,0.3,0.3,1,2022,6.0,0.0,0.0,0.0,9q9m24,25.84
58625,Santa Rita Jail Hybrid,CA,Alameda,37.719167,-121.886944,WECC,CISO,2.0,4.0,0.3,0.3,1,2022,7.0,0.0,0.0,0.0,9q9m24,25.84
58625,Santa Rita Jail Hybrid,CA,Alameda,37.719167,-121.886944,WECC,CISO,2.0,4.0,0.3,0.3,1,2022,8.0,0.0,0.0,0.0,9q9m24,25.84
58625,Santa Rita Jail Hybrid,CA,Alameda,37.719167,-121.886944,WECC,CISO,2.0,4.0,0.3,0.3,1,2022,9.0,0.0,0.0,0.0,9q9m24,25.84
58625,Santa Rita Jail Hybrid,CA,Alameda,37.719167,-121.886944,WECC,CISO,2.0,4.0,0.3,0.3,1,2022,10.0,0.0,0.0,0.0,9q9m24,25.84
58625,Santa Rita Jail Hybrid,CA,Alameda,37.719167,-121.886944,WECC,CISO,2.0,4.0,0.3,0.3,1,2022,11.0,0.0,0.0,0.0,9q9m24,25.84
58625,Santa Rita Jail Hybrid,CA,Alameda,37.719167,-121.886944,WECC,CISO,2.0,4.0,0.3,0.3,1,2022,12.0,0.0,0.0,0.0,9q9m24,25.84
58899,Prosperity Energy Storage Facility,NM,Bernalillo,35.001944,-106.637222,WECC,PNM,0.8,1.3,0.5,0.5,1,2018,1.0,0.0,0.0,0.0,9wdb95,255.53
58899,Prosperity Energy Storage Facility,NM,Bernalillo,35.001944,-106.637222,WECC,PNM,0.8,1.3,0.5,0.5,1,2018,2.0,0.0,0.0,0.0,9wdb95,255.53
58899,Prosperity Energy Storage Facility,NM,Bernalillo,35.001944,-106.637222,WECC,PNM,0.8,1.3,0.5,0.5,1,2018,3.0,0.0,0.0,0.0,9wdb95,255.53
58899,Prosperity Energy Storage Facility,NM,Bernalillo,35.001944,-106.637222,WECC,PNM,0.8,1.3,0.5,0.5,1,2018,4.0,0.0,0.0,0.0,9wdb95,255.53
58899,Prosperity Energy Storage Facility,NM,Bernalillo,35.001944,-106.637222,WECC,PNM,0.8,1.3,0.5,0.5,1,2018,5.0,0.0,0.0,0.0,9wdb95,255.53
58899,Prosperity Energy Storage Facility,NM,Bernalillo,35.001944,-106.637222,WECC,PNM,0.8,1.3,0.5,0.5,1,2018,6.0,0.0,0.0,0.0,9wdb95,255.53
58899,Prosperity Energy Storage Facility,NM,Bernalillo,35.001944,-106.637222,WECC,PNM,0.8,1.3,0.5,0.5,1,2018,7.0,0.0,0.0,0.0,9wdb95,255.53
58899,Prosperity Energy Storage Facility,NM,Bernalillo,35.001944,-106.637222,WECC,PNM,0.8,1.3,0.5,0.5,1,2018,8.0,0.0,0.0,0.0,9wdb95,255.53
58899,Prosperity Energy Storage Facility,NM,Bernalillo,35.001944,-106.637222,WECC,PNM,0.8,1.3,0.5,0.5,1,2018,9.0,0.0,0.0,0.0,9wdb95,255.53
58899,Prosperity Energy Storage Facility,NM,Bernalillo,35.001944,-106.637222,WECC,PNM,0.8,1.3,0.5,0.5,1,2018,10.0,0.0,0.0,0.0,9wdb95,255.53
58899,Prosperity Energy Storage Facility,NM,Bernalillo,35.001944,-106.637222,WECC,PNM,0.8,1.3,0.5,0.5,1,2018,11.0,0.0,0.0,0.0,9wdb95,255.53
58899,Prosperity Energy Storage Facility,NM,Bernalillo,35.001944,-106.637222,WECC,PNM,0.8,1.3,0.5,0.5,1,2018,12.0,0.0,0.0,0.0,9wdb95,255.53
58899,Prosperity Energy Storage Facility Hybrid,NM,Bernalillo,35.001944,-106.637222,WECC,PNM,0.8,1.3,0.5,0.5,1,2019,1.0,0.0,0.0,0.0,9wdb95,255.53
58899,Prosperity Energy Storage Facility Hybrid,NM,Bernalillo,35.001944,-106.637222,WECC,PNM,0.8,1.3,0.5,0.5,1,2019,2.0,0.0,0.0,0.0,9wdb95,255.53
58899,Prosperity Energy Storage Facility Hybrid,NM,Bernalillo,35.001944,-106.637222,WECC,PNM,0.8,1.3,0.5,0.5,1,2019,3.0,0.0,0.0,0.0,9wdb95,255.53
58899,Prosperity Energy Storage Facility Hybrid,NM,Bernalillo,35.001944,-106.637222,WECC,PNM,0.8,1.3,0.5,0.5,1,2019,4.0,0.0,0.0,0.0,9wdb95,255.53
58899,Prosperity Energy Storage Facility Hybrid,NM,Bernalillo,35.001944,-106.637222,WECC,PNM,0.8,1.3,0.5,0.5,1,2019,5.0,0.0,0.0,0.0,9wdb95,255.53
58899,Prosperity Energy Storage Facility Hybrid,NM,Bernalillo,35.001944,-106.637222,WECC,PNM,0.8,1.3,0.5,0.5,1,2019,6.0,0.0,0.0,0.0,9wdb95,255.53
58899,Prosperity Energy Storage Facility Hybrid,NM,Bernalillo,35.001944,-106.637222,WECC,PNM,0.8,1.3,0.5,0.5,1,2019,7.0,0.0,0.0,0.0,9wdb95,255.53
58899,Prosperity Energy Storage Facility Hybrid,NM,Bernalillo,35.001944,-106.637222,WECC,PNM,0.8,1.3,0.5,0.5,1,2019,8.0,0.0,0.0,0.0,9wdb95,255.53
58899,Prosperity Energy Storage Facility Hybrid,NM,Bernalillo,35.001944,-106.637222,WECC,PNM,0.8,1.3,0.5,0.5,1,2019,9.0,0.0,0.0,0.0,9wdb95,255.53
58899,Prosperity Energy Storage Facility Hybrid,NM,Bernalillo,35.001944,-106.637222,WECC,PNM,0.8,1.3,0.5,0.5,1,2019,10.0,0.0,0.0,0.0,9wdb95,255.53
58899,Prosperity Energy Storage Facility Hybrid,NM,Bernalillo,35.001944,-106.637222,WECC,PNM,0.8,1.3,0.5,0.5,1,2019,11.0,0.0,0.0,0.0,9wdb95,255.53
58899,Prosperity Energy Storage Facility Hybrid,NM,Bernalillo,35.001944,-106.637222,WECC,PNM,0.8,1.3,0.5,0.5,1,2019,12.0,0.0,0.0,0.0,9wdb95,255.53
58899,Prosperity Energy Storage Facility Hybrid,NM,Bernalillo,35.001944,-106.637222,WECC,PNM,0.8,1.3,0.5,0.5,1,2020,1.0,0.0,0.0,0.0,9wdb95,255.53
58899,Prosperity Energy Storage Facility Hybrid,NM,Bernalillo,35.001944,-106.637222,WECC,PNM,0.8,1.3,0.5,0.5,1,2020,2.0,0.0,0.0,0.0,9wdb95,255.53
58899,Prosperity Energy Storage Facility Hybrid,NM,Bernalillo,35.001944,-106.637222,WECC,PNM,0.8,1.3,0.5,0.5,1,2020,3.0,0.0,0.0,0.0,9wdb95,255.53
58899,Prosperity Energy Storage Facility Hybrid,NM,Bernalillo,35.001944,-106.637222,WECC,PNM,0.8,1.3,0.5,0.5,1,2020,4.0,0.0,0.0,0.0,9wdb95,255.53
58899,Prosperity Energy Storage Facility Hybrid,NM,Bernalillo,35.001944,-106.637222,WECC,PNM,0.8,1.3,0.5,0.5,1,2020,5.0,0.0,0.0,0.0,9wdb95,255.53
58899,Prosperity Energy Storage Facility Hybrid,NM,Bernalillo,35.001944,-106.637222,WECC,PNM,0.8,1.3,0.5,0.5,1,2020,6.0,0.0,0.0,0.0,9wdb95,255.53
58899,Prosperity Energy Storage Facility Hybrid,NM,Bernalillo,35.001944,-106.637222,WECC,PNM,0.8,1.3,0.5,0.5,1,2020,7.0,0.0,0.0,0.0,9wdb95,255.53
58899,Prosperity Energy Storage Facility Hybrid,NM,Bernalillo,35.001944,-106.637222,WECC,PNM,0.8,1.3,0.5,0.5,1,2020,8.0,0.0,0.0,0.0,9wdb95,255.53
58899,Prosperity Energy Storage Facility Hybrid,NM,Bernalillo,35.001944,-106.637222,WECC,PNM,0.8,1.3,0.5,0.5,1,2020,9.0,0.0,0.0,0.0,9wdb95,255.53
58899,Prosperity Energy Storage Facility Hybrid,NM,Bernalillo,35.001944,-106.637222,WECC,PNM,0.8,1.3,0.5,0.5,1,2020,10.0,0.0,0.0,0.0,9wdb95,255.53
58899,Prosperity Energy Storage Facility Hybrid,NM,Bernalillo,35.001944,-106.637222,WECC,PNM,0.8,1.3,0.5,0.5,1,2020,11.0,0.0,0.0,0.0,9wdb95,255.53
58899,Prosperity Energy Storage Facility Hybrid,NM,Bernalillo,35.001944,-106.637222,WECC,PNM,0.8,1.3,0.5,0.5,1,2020,12.0,0.0,0.0,0.0,9wdb95,255.53
58899,Prosperity Energy Storage Facility Hybrid,NM,Bernalillo,35.001944,-106.637222,WECC,PNM,0.8,1.3,0.5,0.5,1,2021,1.0,0.0,0.0,0.0,9wdb95,255.53
58899,Prosperity Energy Storage Facility Hybrid,NM,Bernalillo,35.001944,-106.637222,WECC,PNM,0.8,1.3,0.5,0.5,1,2021,2.0,0.0,0.0,0.0,9wdb95,255.53
58899,Prosperity Energy Storage Facility Hybrid,NM,Bernalillo,35.001944,-106.637222,WECC,PNM,0.8,1.3,0.5,0.5,1,2021,3.0,0.0,0.0,0.0,9wdb95,255.53
58899,Prosperity Energy Storage Facility Hybrid,NM,Bernalillo,35.001944,-106.637222,WECC,PNM,0.8,1.3,0.5,0.5,1,2021,4.0,0.0,0.0,0.0,9wdb95,255.53
58899,Prosperity Energy Storage Facility Hybrid,NM,Bernalillo,35.001944,-106.637222,WECC,PNM,0.8,1.3,0.5,0.5,1,2021,5.0,0.0,0.0,0.0,9wdb95,255.53
58899,Prosperity Energy Storage Facility Hybrid,NM,Bernalillo,35.001944,-106.637222,WECC,PNM,0.8,1.3,0.5,0.5,1,2021,6.0,0.0,0.0,0.0,9wdb95,255.53
58899,Prosperity Energy Storage Facility Hybrid,NM,Bernalillo,35.001944,-106.637222,WECC,PNM,0.8,1.3,0.5,0.5,1,2021,7.0,0.0,0.0,0.0,9wdb95,255.53
58899,Prosperity Energy Storage Facility Hybrid,NM,Bernalillo,35.001944,-106.637222,WECC,PNM,0.8,1.3,0.5,0.5,1,2021,8.0,0.0,0.0,0.0,9wdb95,255.53
58899,Prosperity Energy Storage Facility Hybrid,NM,Bernalillo,35.001944,-106.637222,WECC,PNM,0.8,1.3,0.5,0.5,1,2021,9.0,0.0,0.0,0.0,9wdb95,255.53
58899,Prosperity Energy Storage Facility Hybrid,NM,Bernalillo,35.001944,-106.637222,WECC,PNM,0.8,1.3,0.5,0.5,1,2021,10.0,0.0,0.0,0.0,9wdb95,255.53
58899,Prosperity Energy Storage Facility Hybrid,NM,Bernalillo,35.001944,-106.637222,WECC,PNM,0.8,1.3,0.5,0.5,1,2021,11.0,0.0,0.0,0.0,9wdb95,255.53
58899,Prosperity Energy Storage Facility Hybrid,NM,Bernalillo,35.001944,-106.637222,WECC,PNM,0.8,1.3,0.5,0.5,1,2021,12.0,0.0,0.0,0.0,9wdb95,255.53
58899,Prosperity Energy Storage Facility Hybrid,NM,Bernalillo,35.001944,-106.637222,WECC,PNM,0.8,1.3,0.5,0.5,1,2022,1.0,0.0,0.0,0.0,9wdb95,255.53
58899,Prosperity Energy Storage Facility Hybrid,NM,Bernalillo,35.001944,-106.637222,WECC,PNM,0.8,1.3,0.5,0.5,1,2022,2.0,0.0,0.0,0.0,9wdb95,255.53
58899,Prosperity Energy Storage Facility Hybrid,NM,Bernalillo,35.001944,-106.637222,WECC,PNM,0.8,1.3,0.5,0.5,1,2022,3.0,0.0,0.0,0.0,9wdb95,255.53
58899,Prosperity Energy Storage Facility Hybrid,NM,Bernalillo,35.001944,-106.637222,WECC,PNM,0.8,1.3,0.5,0.5,1,2022,4.0,0.0,0.0,0.0,9wdb95,255.53
58899,Prosperity Energy Storage Facility Hybrid,NM,Bernalillo,35.001944,-106.637222,WECC,PNM,0.8,1.3,0.5,0.5,1,2022,5.0,0.0,0.0,0.0,9wdb95,255.53
58899,Prosperity Energy Storage Facility Hybrid,NM,Bernalillo,35.001944,-106.637222,WECC,PNM,0.8,1.3,0.5,0.5,1,2022,6.0,0.0,0.0,0.0,9wdb95,255.53
58899,Prosperity Energy Storage Facility Hybrid,NM,Bernalillo,35.001944,-106.637222,WECC,PNM,0.8,1.3,0.5,0.5,1,2022,7.0,0.0,0.0,0.0,9wdb95,255.53
58899,Prosperity Energy Storage Facility Hybrid,NM,Bernalillo,35.001944,-106.637222,WECC,PNM,0.8,1.3,0.5,0.5,1,2022,8.0,0.0,0.0,0.0,9wdb95,255.53
58899,Prosperity Energy Storage Facility Hybrid,NM,Bernalillo,35.001944,-106.637222,WECC,PNM,0.8,1.3,0.5,0.5,1,2022,9.0,0.0,0.0,0.0,9wdb95,255.53
58899,Prosperity Energy Storage Facility Hybrid,NM,Bernalillo,35.001944,-106.637222,WECC,PNM,0.8,1.3,0.5,0.5,1,2022,10.0,0.0,0.0,0.0,9wdb95,255.53
58899,Prosperity Energy Storage Facility Hybrid,NM,Bernalillo,35.001944,-106.637222,WECC,PNM,0.8,1.3,0.5,0.5,1,2022,11.0,0.0,0.0,0.0,9wdb95,255.53
58899,Prosperity Energy Storage Facility Hybrid,NM,Bernalillo,35.001944,-106.637222,WECC,PNM,0.8,1.3,0.5,0.5,1,2022,12.0,0.0,0.0,0.0,9wdb95,255.53
59150,RE Mustang LLC,CA,Kings,36.221667,-119.903056,WECC,CISO,75.0,75.0,75.0,75.0,1,2021,1.0,,,,9q6tde,21.65
59150,RE Mustang LLC,CA,Kings,36.221667,-119.903056,WECC,CISO,75.0,75.0,75.0,75.0,1,2021,2.0,,,,9q6tde,21.65
59150,RE Mustang LLC,CA,Kings,36.221667,-119.903056,WECC,CISO,75.0,75.0,75.0,75.0,1,2021,3.0,,,,9q6tde,21.65
59150,RE Mustang LLC,CA,Kings,36.221667,-119.903056,WECC,CISO,75.0,75.0,75.0,75.0,1,2021,4.0,,,,9q6tde,21.65
59150,RE Mustang LLC,CA,Kings,36.221667,-119.903056,WECC,CISO,75.0,75.0,75.0,75.0,1,2021,5.0,,,,9q6tde,21.65
59150,RE Mustang LLC,CA,Kings,36.221667,-119.903056,WECC,CISO,75.0,75.0,75.0,75.0,1,2021,6.0,,,,9q6tde,21.65
59150,RE Mustang LLC,CA,Kings,36.221667,-119.903056,WECC,CISO,75.0,75.0,75.0,75.0,1,2021,7.0,,,,9q6tde,21.65
59150,RE Mustang LLC,CA,Kings,36.221667,-119.903056,WECC,CISO,75.0,75.0,75.0,75.0,1,2021,8.0,,,,9q6tde,21.65
59150,RE Mustang LLC,CA,Kings,36.221667,-119.903056,WECC,CISO,75.0,75.0,75.0,75.0,1,2021,9.0,,,,9q6tde,21.65
59150,RE Mustang LLC,CA,Kings,36.221667,-119.903056,WECC,CISO,75.0,75.0,75.0,75.0,1,2021,10.0,5135.0,4401.3,-734.665,9q6tde,21.65
59150,RE Mustang LLC,CA,Kings,36.221667,-119.903056,WECC,CISO,75.0,75.0,75.0,75.0,1,2021,11.0,5509.0,4721.03,-788.035,9q6tde,21.65
59150,RE Mustang LLC,CA,Kings,36.221667,-119.903056,WECC,CISO,75.0,75.0,75.0,75.0,1,2021,12.0,5469.0,4686.67,-782.3,9q6tde,21.65
59150,RE Mustang LLC,CA,Kings,36.221667,-119.903056,WECC,CISO,75.0,75.0,75.0,75.0,1,2022,1.0,8669.0,7448.058,-1220.238,9q6tde,21.65
59150,RE Mustang LLC,CA,Kings,36.221667,-119.903056,WECC,CISO,75.0,75.0,75.0,75.0,1,2022,2.0,9106.0,7824.377,-1281.892,9q6tde,21.65
59150,RE Mustang LLC,CA,Kings,36.221667,-119.903056,WECC,CISO,75.0,75.0,75.0,75.0,1,2022,3.0,8428.0,7242.007,-1186.48,9q6tde,21.65
59150,RE Mustang LLC,CA,Kings,36.221667,-119.903056,WECC,CISO,75.0,75.0,75.0,75.0,1,2022,4.0,8828.0,7585.034,-1242.68,9q6tde,21.65
59150,RE Mustang LLC,CA,Kings,36.221667,-119.903056,WECC,CISO,75.0,75.0,75.0,75.0,1,2022,5.0,9355.0,8037.722,-1316.845,9q6tde,21.65
59150,RE Mustang LLC,CA,Kings,36.221667,-119.903056,WECC,CISO,75.0,75.0,75.0,75.0,1,2022,6.0,9449.0,8119.182,-1330.191,9q6tde,21.65
59150,RE Mustang LLC,CA,Kings,36.221667,-119.903056,WECC,CISO,75.0,75.0,75.0,75.0,1,2022,7.0,9817.0,8435.336,-1381.987,9q6tde,21.65
59150,RE Mustang LLC,CA,Kings,36.221667,-119.903056,WECC,CISO,75.0,75.0,75.0,75.0,1,2022,8.0,10086.0,8666.549,-1419.868,9q6tde,21.65
59150,RE Mustang LLC,CA,Kings,36.221667,-119.903056,WECC,CISO,75.0,75.0,75.0,75.0,1,2022,9.0,9044.0,7770.464,-1273.059,9q6tde,21.65
59150,RE Mustang LLC,CA,Kings,36.221667,-119.903056,WECC,CISO,75.0,75.0,75.0,75.0,1,2022,10.0,10092.0,8671.212,-1420.631,9q6tde,21.65
59150,RE Mustang LLC,CA,Kings,36.221667,-119.903056,WECC,CISO,75.0,75.0,75.0,75.0,1,2022,11.0,9343.0,8027.691,-1315.202,9q6tde,21.65
59150,RE Mustang LLC,CA,Kings,36.221667,-119.903056,WECC,CISO,75.0,75.0,75.0,75.0,1,2022,12.0,9433.0,8105.368,-1327.927,9q6tde,21.65
59256,Vaca Dixon Battery Storage System,CA,Solano,38.393333,-121.927778,WECC,CISO,2.0,14.0,2.0,2.0,1,2018,1.0,249.0,131.0,-118.0,9qc63x,1.49
59256,Vaca Dixon Battery Storage System,CA,Solano,38.393333,-121.927778,WECC,CISO,2.0,14.0,2.0,2.0,1,2018,2.0,253.0,144.0,-109.0,9qc63x,1.49
59256,Vaca Dixon Battery Storage System,CA,Solano,38.393333,-121.927778,WECC,CISO,2.0,14.0,2.0,2.0,1,2018,3.0,150.0,42.0,-108.0,9qc63x,1.49
59256,Vaca Dixon Battery Storage System,CA,Solano,38.393333,-121.927778,WECC,CISO,2.0,14.0,2.0,2.0,1,2018,4.0,176.0,67.0,-109.0,9qc63x,1.49
59256,Vaca Dixon Battery Storage System,CA,Solano,38.393333,-121.927778,WECC,CISO,2.0,14.0,2.0,2.0,1,2018,5.0,241.0,125.0,-116.0,9qc63x,1.49
59256,Vaca Dixon Battery Storage System,CA,Solano,38.393333,-121.927778,WECC,CISO,2.0,14.0,2.0,2.0,1,2018,6.0,273.0,165.0,-108.0,9qc63x,1.49
59256,Vaca Dixon Battery Storage System,CA,Solano,38.393333,-121.927778,WECC,CISO,2.0,14.0,2.0,2.0,1,2018,7.0,250.0,147.0,-103.0,9qc63x,1.49
59256,Vaca Dixon Battery Storage System,CA,Solano,38.393333,-121.927778,WECC,CISO,2.0,14.0,2.0,2.0,1,2018,8.0,224.0,114.0,-110.0,9qc63x,1.49
59256,Vaca Dixon Battery Storage System,CA,Solano,38.393333,-121.927778,WECC,CISO,2.0,14.0,2.0,2.0,1,2018,9.0,215.0,110.0,-105.0,9qc63x,1.49
59256,Vaca Dixon Battery Storage System,CA,Solano,38.393333,-121.927778,WECC,CISO,2.0,14.0,2.0,2.0,1,2018,10.0,77.0,4.0,-73.0,9qc63x,1.49
59256,Vaca Dixon Battery Storage System,CA,Solano,38.393333,-121.927778,WECC,CISO,2.0,14.0,2.0,2.0,1,2018,11.0,53.0,0.0,-53.0,9qc63x,1.49
59256,Vaca Dixon Battery Storage System,CA,Solano,38.393333,-121.927778,WECC,CISO,2.0,14.0,2.0,2.0,1,2018,12.0,55.0,0.0,-55.0,9qc63x,1.49
59256,Vaca Dixon Battery Storage System,CA,Solano,38.393333,-121.927778,WECC,CISO,2.0,14.0,2.0,2.0,1,2019,1.0,55.0,0.0,-55.0,9qc63x,1.49
59256,Vaca Dixon Battery Storage System,CA,Solano,38.393333,-121.927778,WECC,CISO,2.0,14.0,2.0,2.0,1,2019,2.0,21.0,0.0,-21.0,9qc63x,1.49
59256,Vaca Dixon Battery Storage System,CA,Solano,38.393333,-121.927778,WECC,CISO,2.0,14.0,2.0,2.0,1,2019,3.0,0.0,0.0,0.0,9qc63x,1.49
59256,Vaca Dixon Battery Storage System,CA,Solano,38.393333,-121.927778,WECC,CISO,2.0,14.0,2.0,2.0,1,2019,4.0,60.0,15.0,-45.0,9qc63x,1.49
59256,Vaca Dixon Battery Storage System,CA,Solano,38.393333,-121.927778,WECC,CISO,2.0,14.0,2.0,2.0,1,2019,5.0,176.0,60.0,-116.0,9qc63x,1.49
59256,Vaca Dixon Battery Storage System,CA,Solano,38.393333,-121.927778,WECC,CISO,2.0,14.0,2.0,2.0,1,2019,6.0,105.0,9.0,-96.0,9qc63x,1.49
59256,Vaca Dixon Battery Storage System,CA,Solano,38.393333,-121.927778,WECC,CISO,2.0,14.0,2.0,2.0,1,2019,7.0,114.0,19.0,-95.0,9qc63x,1.49
59256,Vaca Dixon Battery Storage System,CA,Solano,38.393333,-121.927778,WECC,CISO,2.0,14.0,2.0,2.0,1,2019,8.0,88.0,0.0,-88.0,9qc63x,1.49
59256,Vaca Dixon Battery Storage System,CA,Solano,38.393333,-121.927778,WECC,CISO,2.0,14.0,2.0,2.0,1,2019,9.0,53.0,2.0,-51.0,9qc63x,1.49
59256,Vaca Dixon Battery Storage System,CA,Solano,38.393333,-121.927778,WECC,CISO,2.0,14.0,2.0,2.0,1,2019,10.0,55.0,0.0,-55.0,9qc63x,1.49
59256,Vaca Dixon Battery Storage System,CA,Solano,38.393333,-121.927778,WECC,CISO,2.0,14.0,2.0,2.0,1,2019,11.0,59.0,3.0,-56.0,9qc63x,1.49
59256,Vaca Dixon Battery Storage System,CA,Solano,38.393333,-121.927778,WECC,CISO,2.0,14.0,2.0,2.0,1,2019,12.0,58.0,0.0,-58.0,9qc63x,1.49
59256,Vaca Dixon Battery Storage System,CA,Solano,38.393333,-121.927778,WECC,CISO,2.0,14.0,2.0,2.0,1,2020,1.0,59.0,0.0,-59.0,9qc63x,1.49
59256,Vaca Dixon Battery Storage System,CA,Solano,38.393333,-121.927778,WECC,CISO,2.0,14.0,2.0,2.0,1,2020,2.0,61.0,0.0,-61.0,9qc63x,1.49
59256,Vaca Dixon Battery Storage System,CA,Solano,38.393333,-121.927778,WECC,CISO,2.0,14.0,2.0,2.0,1,2020,3.0,64.0,4.0,-60.0,9qc63x,1.49
59256,Vaca Dixon Battery Storage System,CA,Solano,38.393333,-121.927778,WECC,CISO,2.0,14.0,2.0,2.0,1,2020,4.0,53.0,0.0,-53.0,9qc63x,1.49
59256,Vaca Dixon Battery Storage System,CA,Solano,38.393333,-121.927778,WECC,CISO,2.0,14.0,2.0,2.0,1,2020,5.0,54.0,0.0,-54.0,9qc63x,1.49
59256,Vaca Dixon Battery Storage System,CA,Solano,38.393333,-121.927778,WECC,CISO,2.0,14.0,2.0,2.0,1,2020,6.0,52.0,0.0,-52.0,9qc63x,1.49
59256,Vaca Dixon Battery Storage System,CA,Solano,38.393333,-121.927778,WECC,CISO,2.0,14.0,2.0,2.0,1,2020,7.0,48.0,2.0,-46.0,9qc63x,1.49
59256,Vaca Dixon Battery Storage System,CA,Solano,38.393333,-121.927778,WECC,CISO,2.0,14.0,2.0,2.0,1,2020,8.0,77.0,20.0,-57.0,9qc63x,1.49
59256,Vaca Dixon Battery Storage System,CA,Solano,38.393333,-121.927778,WECC,CISO,2.0,14.0,2.0,2.0,1,2020,9.0,58.0,1.0,-58.0,9qc63x,1.49
59256,Vaca Dixon Battery Storage System,CA,Solano,38.393333,-121.927778,WECC,CISO,2.0,14.0,2.0,2.0,1,2020,10.0,93.0,34.0,-59.0,9qc63x,1.49
59256,Vaca Dixon Battery Storage System,CA,Solano,38.393333,-121.927778,WECC,CISO,2.0,14.0,2.0,2.0,1,2020,11.0,110.0,51.0,-59.0,9qc63x,1.49
59256,Vaca Dixon Battery Storage System,CA,Solano,38.393333,-121.927778,WECC,CISO,2.0,14.0,2.0,2.0,1,2020,12.0,153.0,86.0,-67.0,9qc63x,1.49
59257,Yerba Buena,CA,Santa Clara,37.305833,-121.755,WECC,CISO,4.0,28.0,4.0,4.0,1,2018,1.0,739.0,340.0,-399.0,9q97v8,9.32
59257,Yerba Buena,CA,Santa Clara,37.305833,-121.755,WECC,CISO,4.0,28.0,4.0,4.0,1,2018,2.0,459.0,91.0,-368.0,9q97v8,9.32
59257,Yerba Buena,CA,Santa Clara,37.305833,-121.755,WECC,CISO,4.0,28.0,4.0,4.0,1,2018,3.0,595.0,190.0,-405.0,9q97v8,9.32
59257,Yerba Buena,CA,Santa Clara,37.305833,-121.755,WECC,CISO,4.0,28.0,4.0,4.0,1,2018,4.0,532.0,160.0,-372.0,9q97v8,9.32
59257,Yerba Buena,CA,Santa Clara,37.305833,-121.755,WECC,CISO,4.0,28.0,4.0,4.0,1,2018,5.0,640.0,253.0,-387.0,9q97v8,9.32
59257,Yerba Buena,CA,Santa Clara,37.305833,-121.755,WECC,CISO,4.0,28.0,4.0,4.0,1,2018,6.0,574.0,220.0,-354.0,9q97v8,9.32
59257,Yerba Buena,CA,Santa Clara,37.305833,-121.755,WECC,CISO,4.0,28.0,4.0,4.0,1,2018,7.0,662.0,279.0,-383.0,9q97v8,9.32
59257,Yerba Buena,CA,Santa Clara,37.305833,-121.755,WECC,CISO,4.0,28.0,4.0,4.0,1,2018,8.0,505.0,151.0,-354.0,9q97v8,9.32
59257,Yerba Buena,CA,Santa Clara,37.305833,-121.755,WECC,CISO,4.0,28.0,4.0,4.0,1,2018,9.0,372.0,38.0,-334.0,9q97v8,9.32
59257,Yerba Buena,CA,Santa Clara,37.305833,-121.755,WECC,CISO,4.0,28.0,4.0,4.0,1,2018,10.0,421.0,72.0,-349.0,9q97v8,9.32
59257,Yerba Buena,CA,Santa Clara,37.305833,-121.755,WECC,CISO,4.0,28.0,4.0,4.0,1,2018,11.0,443.0,102.0,-341.0,9q97v8,9.32
59257,Yerba Buena,CA,Santa Clara,37.305833,-121.755,WECC,CISO,4.0,28.0,4.0,4.0,1,2018,12.0,480.0,127.0,-353.0,9q97v8,9.32
59257,Yerba Buena,CA,Santa Clara,37.305833,-121.755,WECC,CISO,4.0,28.0,4.0,4.0,1,2019,1.0,464.0,115.0,-349.0,9q97v8,9.32
59257,Yerba Buena,CA,Santa Clara,37.305833,-121.755,WECC,CISO,4.0,28.0,4.0,4.0,1,2019,2.0,535.0,212.0,-323.0,9q97v8,9.32
59257,Yerba Buena,CA,Santa Clara,37.305833,-121.755,WECC,CISO,4.0,28.0,4.0,4.0,1,2019,3.0,573.0,217.0,-356.0,9q97v8,9.32
59257,Yerba Buena,CA,Santa Clara,37.305833,-121.755,WECC,CISO,4.0,28.0,4.0,4.0,1,2019,4.0,422.0,145.0,-277.0,9q97v8,9.32
59257,Yerba Buena,CA,Santa Clara,37.305833,-121.755,WECC,CISO,4.0,28.0,4.0,4.0,1,2019,5.0,580.0,345.0,-235.0,9q97v8,9.32
59257,Yerba Buena,CA,Santa Clara,37.305833,-121.755,WECC,CISO,4.0,28.0,4.0,4.0,1,2019,6.0,449.0,257.0,-192.0,9q97v8,9.32
59257,Yerba Buena,CA,Santa Clara,37.305833,-121.755,WECC,CISO,4.0,28.0,4.0,4.0,1,2019,7.0,426.0,206.0,-220.0,9q97v8,9.32
59257,Yerba Buena,CA,Santa Clara,37.305833,-121.755,WECC,CISO,4.0,28.0,4.0,4.0,1,2019,8.0,400.0,179.0,-221.0,9q97v8,9.32
59257,Yerba Buena,CA,Santa Clara,37.305833,-121.755,WECC,CISO,4.0,28.0,4.0,4.0,1,2019,9.0,323.0,126.0,-197.0,9q97v8,9.32
59257,Yerba Buena,CA,Santa Clara,37.305833,-121.755,WECC,CISO,4.0,28.0,4.0,4.0,1,2019,10.0,575.0,351.0,-224.0,9q97v8,9.32
59257,Yerba Buena,CA,Santa Clara,37.305833,-121.755,WECC,CISO,4.0,28.0,4.0,4.0,1,2019,11.0,505.0,285.0,-221.0,9q97v8,9.32
59257,Yerba Buena,CA,Santa Clara,37.305833,-121.755,WECC,CISO,4.0,28.0,4.0,4.0,1,2019,12.0,238.0,21.0,-217.0,9q97v8,9.32
59257,Yerba Buena,CA,Santa Clara,37.305833,-121.755,WECC,CISO,4.0,28.0,4.0,4.0,1,2020,1.0,211.0,0.0,-211.0,9q97v8,9.32
59257,Yerba Buena,CA,Santa Clara,37.305833,-121.755,WECC,CISO,4.0,28.0,4.0,4.0,1,2020,2.0,196.0,0.0,-196.0,9q97v8,9.32
59257,Yerba Buena,CA,Santa Clara,37.305833,-121.755,WECC,CISO,4.0,28.0,4.0,4.0,1,2020,3.0,209.0,0.0,-209.0,9q97v8,9.32
59257,Yerba Buena,CA,Santa Clara,37.305833,-121.755,WECC,CISO,4.0,28.0,4.0,4.0,1,2020,4.0,201.0,0.0,-201.0,9q97v8,9.32
59257,Yerba Buena,CA,Santa Clara,37.305833,-121.755,WECC,CISO,4.0,28.0,4.0,4.0,1,2020,5.0,204.0,0.0,-204.0,9q97v8,9.32
59257,Yerba Buena,CA,Santa Clara,37.305833,-121.755,WECC,CISO,4.0,28.0,4.0,4.0,1,2020,6.0,196.0,0.0,-196.0,9q97v8,9.32
59257,Yerba Buena,CA,Santa Clara,37.305833,-121.755,WECC,CISO,4.0,28.0,4.0,4.0,1,2020,7.0,204.0,1.0,-203.0,9q97v8,9.32
59257,Yerba Buena,CA,Santa Clara,37.305833,-121.755,WECC,CISO,4.0,28.0,4.0,4.0,1,2020,8.0,300.0,142.0,-158.0,9q97v8,9.32
59257,Yerba Buena,CA,Santa Clara,37.305833,-121.755,WECC,CISO,4.0,28.0,4.0,4.0,1,2020,9.0,267.0,106.0,-160.0,9q97v8,9.32
59257,Yerba Buena,CA,Santa Clara,37.305833,-121.755,WECC,CISO,4.0,28.0,4.0,4.0,1,2020,10.0,278.0,116.0,-161.0,9q97v8,9.32
59257,Yerba Buena,CA,Santa Clara,37.305833,-121.755,WECC,CISO,4.0,28.0,4.0,4.0,1,2020,11.0,251.0,94.0,-157.0,9q97v8,9.32
59257,Yerba Buena,CA,Santa Clara,37.305833,-121.755,WECC,CISO,4.0,28.0,4.0,4.0,1,2020,12.0,338.0,117.0,-221.0,9q97v8,9.32
59661,Tehachapi Energy Storage Project,CA,Kern,35.123333,-118.38,WECC,CISO,8.0,32.0,8.0,8.0,1,2018,1.0,0.0,0.0,0.0,9q5zqv,20.36
59661,Tehachapi Energy Storage Project,CA,Kern,35.123333,-118.38,WECC,CISO,8.0,32.0,8.0,8.0,1,2018,2.0,0.0,0.0,0.0,9q5zqv,20.36
59661,Tehachapi Energy Storage Project,CA,Kern,35.123333,-118.38,WECC,CISO,8.0,32.0,8.0,8.0,1,2018,3.0,0.0,0.0,0.0,9q5zqv,20.36
59661,Tehachapi Energy Storage Project,CA,Kern,35.123333,-118.38,WECC,CISO,8.0,32.0,8.0,8.0,1,2018,4.0,0.0,0.0,0.0,9q5zqv,20.36
59661,Tehachapi Energy Storage Project,CA,Kern,35.123333,-118.38,WECC,CISO,8.0,32.0,8.0,8.0,1,2018,5.0,0.0,0.0,0.0,9q5zqv,20.36
59661,Tehachapi Energy Storage Project,CA,Kern,35.123333,-118.38,WECC,CISO,8.0,32.0,8.0,8.0,1,2018,6.0,0.0,0.0,0.0,9q5zqv,20.36
59661,Tehachapi Energy Storage Project,CA,Kern,35.123333,-118.38,WECC,CISO,8.0,32.0,8.0,8.0,1,2018,7.0,0.0,0.0,0.0,9q5zqv,20.36
59661,Tehachapi Energy Storage Project,CA,Kern,35.123333,-118.38,WECC,CISO,8.0,32.0,8.0,8.0,1,2018,8.0,0.0,0.0,0.0,9q5zqv,20.36
59661,Tehachapi Energy Storage Project,CA,Kern,35.123333,-118.38,WECC,CISO,8.0,32.0,8.0,8.0,1,2018,9.0,0.0,0.0,0.0,9q5zqv,20.36
59661,Tehachapi Energy Storage Project,CA,Kern,35.123333,-118.38,WECC,CISO,8.0,32.0,8.0,8.0,1,2018,10.0,0.0,0.0,0.0,9q5zqv,20.36
59661,Tehachapi Energy Storage Project,CA,Kern,35.123333,-118.38,WECC,CISO,8.0,32.0,8.0,8.0,1,2018,11.0,0.0,0.0,0.0,9q5zqv,20.36
59661,Tehachapi Energy Storage Project,CA,Kern,35.123333,-118.38,WECC,CISO,8.0,32.0,8.0,8.0,1,2018,12.0,0.0,0.0,0.0,9q5zqv,20.36
59661,Tehachapi Energy Storage Project,CA,Kern,35.123333,-118.38,WECC,CISO,8.0,32.0,8.0,8.0,1,2019,1.0,0.0,0.0,0.0,9q5zqv,20.36
59661,Tehachapi Energy Storage Project,CA,Kern,35.123333,-118.38,WECC,CISO,8.0,32.0,8.0,8.0,1,2019,2.0,0.0,0.0,0.0,9q5zqv,20.36
59661,Tehachapi Energy Storage Project,CA,Kern,35.123333,-118.38,WECC,CISO,8.0,32.0,8.0,8.0,1,2019,3.0,0.0,0.0,0.0,9q5zqv,20.36
59661,Tehachapi Energy Storage Project,CA,Kern,35.123333,-118.38,WECC,CISO,8.0,32.0,8.0,8.0,1,2019,4.0,0.0,0.0,0.0,9q5zqv,20.36
59661,Tehachapi Energy Storage Project,CA,Kern,35.123333,-118.38,WECC,CISO,8.0,32.0,8.0,8.0,1,2019,5.0,0.0,0.0,0.0,9q5zqv,20.36
59661,Tehachapi Energy Storage Project,CA,Kern,35.123333,-118.38,WECC,CISO,8.0,32.0,8.0,8.0,1,2019,6.0,0.0,0.0,0.0,9q5zqv,20.36
59661,Tehachapi Energy Storage Project,CA,Kern,35.123333,-118.38,WECC,CISO,8.0,32.0,8.0,8.0,1,2019,7.0,0.0,0.0,0.0,9q5zqv,20.36
59661,Tehachapi Energy Storage Project,CA,Kern,35.123333,-118.38,WECC,CISO,8.0,32.0,8.0,8.0,1,2019,8.0,0.0,0.0,0.0,9q5zqv,20.36
59661,Tehachapi Energy Storage Project,CA,Kern,35.123333,-118.38,WECC,CISO,8.0,32.0,8.0,8.0,1,2019,9.0,0.0,0.0,0.0,9q5zqv,20.36
59661,Tehachapi Energy Storage Project,CA,Kern,35.123333,-118.38,WECC,CISO,8.0,32.0,8.0,8.0,1,2019,10.0,0.0,0.0,0.0,9q5zqv,20.36
59661,Tehachapi Energy Storage Project,CA,Kern,35.123333,-118.38,WECC,CISO,8.0,32.0,8.0,8.0,1,2019,11.0,0.0,0.0,0.0,9q5zqv,20.36
59661,Tehachapi Energy Storage Project,CA,Kern,35.123333,-118.38,WECC,CISO,8.0,32.0,8.0,8.0,1,2019,12.0,0.0,0.0,0.0,9q5zqv,20.36
59661,Tehachapi Energy Storage Project,CA,Kern,35.123333,-118.38,WECC,CISO,8.0,32.0,8.0,8.0,1,2020,1.0,0.0,0.0,0.0,9q5zqv,20.36
59661,Tehachapi Energy Storage Project,CA,Kern,35.123333,-118.38,WECC,CISO,8.0,32.0,8.0,8.0,1,2020,2.0,0.0,0.0,0.0,9q5zqv,20.36
59661,Tehachapi Energy Storage Project,CA,Kern,35.123333,-118.38,WECC,CISO,8.0,32.0,8.0,8.0,1,2020,3.0,0.0,0.0,0.0,9q5zqv,20.36
59661,Tehachapi Energy Storage Project,CA,Kern,35.123333,-118.38,WECC,CISO,8.0,32.0,8.0,8.0,1,2020,4.0,0.0,0.0,0.0,9q5zqv,20.36
59661,Tehachapi Energy Storage Project,CA,Kern,35.123333,-118.38,WECC,CISO,8.0,32.0,8.0,8.0,1,2020,5.0,0.0,0.0,0.0,9q5zqv,20.36
59661,Tehachapi Energy Storage Project,CA,Kern,35.123333,-118.38,WECC,CISO,8.0,32.0,8.0,8.0,1,2020,6.0,0.0,0.0,0.0,9q5zqv,20.36
59661,Tehachapi Energy Storage Project,CA,Kern,35.123333,-118.38,WECC,CISO,8.0,32.0,8.0,8.0,1,2020,7.0,0.0,0.0,0.0,9q5zqv,20.36
59661,Tehachapi Energy Storage Project,CA,Kern,35.123333,-118.38,WECC,CISO,8.0,32.0,8.0,8.0,1,2020,8.0,0.0,0.0,0.0,9q5zqv,20.36
59661,Tehachapi Energy Storage Project,CA,Kern,35.123333,-118.38,WECC,CISO,8.0,32.0,8.0,8.0,1,2020,9.0,0.0,0.0,0.0,9q5zqv,20.36
59661,Tehachapi Energy Storage Project,CA,Kern,35.123333,-118.38,WECC,CISO,8.0,32.0,8.0,8.0,1,2020,10.0,0.0,0.0,0.0,9q5zqv,20.36
59661,Tehachapi Energy Storage Project,CA,Kern,35.123333,-118.38,WECC,CISO,8.0,32.0,8.0,8.0,1,2020,11.0,0.0,0.0,0.0,9q5zqv,20.36
59661,Tehachapi Energy Storage Project,CA,Kern,35.123333,-118.38,WECC,CISO,8.0,32.0,8.0,8.0,1,2020,12.0,0.0,0.0,0.0,9q5zqv,20.36
59661,Tehachapi Energy Storage Project,CA,Kern,35.123333,-118.38,WECC,CISO,8.0,32.0,8.0,8.0,1,2021,1.0,0.0,0.0,0.0,9q5zqv,20.36
59661,Tehachapi Energy Storage Project,CA,Kern,35.123333,-118.38,WECC,CISO,8.0,32.0,8.0,8.0,1,2021,2.0,0.0,0.0,0.0,9q5zqv,20.36
59661,Tehachapi Energy Storage Project,CA,Kern,35.123333,-118.38,WECC,CISO,8.0,32.0,8.0,8.0,1,2021,3.0,0.0,0.0,0.0,9q5zqv,20.36
59661,Tehachapi Energy Storage Project,CA,Kern,35.123333,-118.38,WECC,CISO,8.0,32.0,8.0,8.0,1,2021,4.0,0.0,0.0,0.0,9q5zqv,20.36
59661,Tehachapi Energy Storage Project,CA,Kern,35.123333,-118.38,WECC,CISO,8.0,32.0,8.0,8.0,1,2021,5.0,0.0,0.0,0.0,9q5zqv,20.36
59661,Tehachapi Energy Storage Project,CA,Kern,35.123333,-118.38,WECC,CISO,8.0,32.0,8.0,8.0,1,2021,6.0,0.0,0.0,0.0,9q5zqv,20.36
59661,Tehachapi Energy Storage Project,CA,Kern,35.123333,-118.38,WECC,CISO,8.0,32.0,8.0,8.0,1,2021,7.0,0.0,0.0,0.0,9q5zqv,20.36
59661,Tehachapi Energy Storage Project,CA,Kern,35.123333,-118.38,WECC,CISO,8.0,32.0,8.0,8.0,1,2021,8.0,0.0,0.0,0.0,9q5zqv,20.36
59661,Tehachapi Energy Storage Project,CA,Kern,35.123333,-118.38,WECC,CISO,8.0,32.0,8.0,8.0,1,2021,9.0,0.0,0.0,0.0,9q5zqv,20.36
59661,Tehachapi Energy Storage Project,CA,Kern,35.123333,-118.38,WECC,CISO,8.0,32.0,8.0,8.0,1,2021,10.0,0.0,0.0,0.0,9q5zqv,20.36
59661,Tehachapi Energy Storage Project,CA,Kern,35.123333,-118.38,WECC,CISO,8.0,32.0,8.0,8.0,1,2021,11.0,0.0,0.0,0.0,9q5zqv,20.36
59661,Tehachapi Energy Storage Project,CA,Kern,35.123333,-118.38,WECC,CISO,8.0,32.0,8.0,8.0,1,2021,12.0,0.0,0.0,0.0,9q5zqv,20.36
59817,Tooele Army Depot(CSG),UT,Tooele,40.50303,-112.37059,WECC,PACE,1.0,1.0,1.0,1.0,1,2022,,,,,9x0mgn,31.97
59939,RE Tranquillity,CA,Fresno,36.581365,-120.40447,WECC,CISO,37.0,128.0,32.0,32.0,1,2021,1.0,,,,9qd2ds,11.88
59939,RE Tranquillity,CA,Fresno,36.581365,-120.40447,WECC,CISO,37.0,128.0,32.0,32.0,1,2021,2.0,,,,9qd2ds,11.88
59939,RE Tranquillity,CA,Fresno,36.581365,-120.40447,WECC,CISO,37.0,128.0,32.0,32.0,1,2021,3.0,,,,9qd2ds,11.88
59939,RE Tranquillity,CA,Fresno,36.581365,-120.40447,WECC,CISO,37.0,128.0,32.0,32.0,1,2021,4.0,,,,9qd2ds,11.88
59939,RE Tranquillity,CA,Fresno,36.581365,-120.40447,WECC,CISO,37.0,128.0,32.0,32.0,1,2021,5.0,,,,9qd2ds,11.88
59939,RE Tranquillity,CA,Fresno,36.581365,-120.40447,WECC,CISO,37.0,128.0,32.0,32.0,1,2021,6.0,,,,9qd2ds,11.88
59939,RE Tranquillity,CA,Fresno,36.581365,-120.40447,WECC,CISO,37.0,128.0,32.0,32.0,1,2021,7.0,,,,9qd2ds,11.88
59939,RE Tranquillity,CA,Fresno,36.581365,-120.40447,WECC,CISO,37.0,128.0,32.0,32.0,1,2021,8.0,,,,9qd2ds,11.88
59939,RE Tranquillity,CA,Fresno,36.581365,-120.40447,WECC,CISO,37.0,128.0,32.0,32.0,1,2021,9.0,,,,9qd2ds,11.88
59939,RE Tranquillity,CA,Fresno,36.581365,-120.40447,WECC,CISO,37.0,128.0,32.0,32.0,1,2021,10.0,,,,9qd2ds,11.88
59939,RE Tranquillity,CA,Fresno,36.581365,-120.40447,WECC,CISO,37.0,128.0,32.0,32.0,1,2021,11.0,1727.0,1456.3,-270.484,9qd2ds,11.88
59939,RE Tranquillity,CA,Fresno,36.581365,-120.40447,WECC,CISO,37.0,128.0,32.0,32.0,1,2021,12.0,1714.0,1445.7,-268.516,9qd2ds,11.88
59939,RE Tranquillity,CA,Fresno,36.581365,-120.40447,WECC,CISO,72.0,288.0,67.0,67.0,2,2022,1.0,5158.0,4368.465,-789.968,9qd2ds,11.88
59939,RE Tranquillity,CA,Fresno,36.581365,-120.40447,WECC,CISO,72.0,288.0,67.0,67.0,2,2022,2.0,5419.0,4589.185,-829.882,9qd2ds,11.88
59939,RE Tranquillity,CA,Fresno,36.581365,-120.40447,WECC,CISO,72.0,288.0,67.0,67.0,2,2022,3.0,5016.0,4247.611,-768.113,9qd2ds,11.88
59939,RE Tranquillity,CA,Fresno,36.581365,-120.40447,WECC,CISO,72.0,288.0,67.0,67.0,2,2022,4.0,5253.0,4448.804,-804.496,9qd2ds,11.88
59939,RE Tranquillity,CA,Fresno,36.581365,-120.40447,WECC,CISO,72.0,288.0,67.0,67.0,2,2022,5.0,5567.0,4714.316,-852.51,9qd2ds,11.88
59939,RE Tranquillity,CA,Fresno,36.581365,-120.40447,WECC,CISO,72.0,288.0,67.0,67.0,2,2022,6.0,5623.0,4762.094,-861.15,9qd2ds,11.88
59939,RE Tranquillity,CA,Fresno,36.581365,-120.40447,WECC,CISO,72.0,288.0,67.0,67.0,2,2022,7.0,5842.0,4947.526,-894.682,9qd2ds,11.88
59939,RE Tranquillity,CA,Fresno,36.581365,-120.40447,WECC,CISO,72.0,288.0,67.0,67.0,2,2022,8.0,6002.0,5083.138,-919.205,9qd2ds,11.88
59939,RE Tranquillity,CA,Fresno,36.581365,-120.40447,WECC,CISO,72.0,288.0,67.0,67.0,2,2022,9.0,5382.0,4557.563,-824.163,9qd2ds,11.88
59939,RE Tranquillity,CA,Fresno,36.581365,-120.40447,WECC,CISO,72.0,288.0,67.0,67.0,2,2022,10.0,6006.0,5085.873,-919.7,9qd2ds,11.88
59939,RE Tranquillity,CA,Fresno,36.581365,-120.40447,WECC,CISO,72.0,288.0,67.0,67.0,2,2022,11.0,5560.0,4708.433,-851.446,9qd2ds,11.88
59939,RE Tranquillity,CA,Fresno,36.581365,-120.40447,WECC,CISO,72.0,288.0,67.0,67.0,2,2022,12.0,5614.0,4753.992,-859.685,9qd2ds,11.88
60016,MESA 1,WA,Snohomish,47.936194,-122.246917,WECC,BPAT,2.0,1.0,2.0,2.0,2,2018,1.0,48.0,38.0,-10.0,c2967d,44.1
60016,MESA 1,WA,Snohomish,47.936194,-122.246917,WECC,BPAT,2.0,1.0,2.0,2.0,2,2018,2.0,45.0,36.0,-9.0,c2967d,44.1
60016,MESA 1,WA,Snohomish,47.936194,-122.246917,WECC,BPAT,2.0,1.0,2.0,2.0,2,2018,3.0,19.0,10.0,-9.0,c2967d,44.1
60016,MESA 1,WA,Snohomish,47.936194,-122.246917,WECC,BPAT,2.0,1.0,2.0,2.0,2,2018,4.0,15.0,8.0,-7.0,c2967d,44.1
60016,MESA 1,WA,Snohomish,47.936194,-122.246917,WECC,BPAT,2.0,1.0,2.0,2.0,2,2018,5.0,12.0,6.0,-6.0,c2967d,44.1
60016,MESA 1,WA,Snohomish,47.936194,-122.246917,WECC,BPAT,2.0,1.0,2.0,2.0,2,2018,6.0,13.0,10.0,-3.0,c2967d,44.1
60016,MESA 1,WA,Snohomish,47.936194,-122.246917,WECC,BPAT,2.0,1.0,2.0,2.0,2,2018,7.0,0.0,0.0,0.0,c2967d,44.1
60016,MESA 1,WA,Snohomish,47.936194,-122.246917,WECC,BPAT,2.0,1.0,2.0,2.0,2,2018,8.0,0.0,0.0,0.0,c2967d,44.1
60016,MESA 1,WA,Snohomish,47.936194,-122.246917,WECC,BPAT,2.0,1.0,2.0,2.0,2,2018,9.0,30.0,22.0,-8.0,c2967d,44.1
60016,MESA 1,WA,Snohomish,47.936194,-122.246917,WECC,BPAT,2.0,1.0,2.0,2.0,2,2018,10.0,51.0,42.0,-9.0,c2967d,44.1
60016,MESA 1,WA,Snohomish,47.936194,-122.246917,WECC,BPAT,2.0,1.0,2.0,2.0,2,2018,11.0,2.0,2.0,0.0,c2967d,44.1
60016,MESA 1,WA,Snohomish,47.936194,-122.246917,WECC,BPAT,2.0,1.0,2.0,2.0,2,2018,12.0,45.0,39.0,-6.0,c2967d,44.1
60016,MESA 1,WA,Snohomish,47.936194,-122.246917,WECC,BPAT,2.0,1.0,2.0,2.0,2,2019,1.0,82.0,69.0,-13.0,c2967d,44.1
60016,MESA 1,WA,Snohomish,47.936194,-122.246917,WECC,BPAT,2.0,1.0,2.0,2.0,2,2019,2.0,40.0,31.0,-9.0,c2967d,44.1
60016,MESA 1,WA,Snohomish,47.936194,-122.246917,WECC,BPAT,2.0,1.0,2.0,2.0,2,2019,3.0,74.0,62.0,-12.0,c2967d,44.1
60016,MESA 1,WA,Snohomish,47.936194,-122.246917,WECC,BPAT,2.0,1.0,2.0,2.0,2,2019,4.0,67.0,55.0,-12.0,c2967d,44.1
60016,MESA 1,WA,Snohomish,47.936194,-122.246917,WECC,BPAT,2.0,1.0,2.0,2.0,2,2019,5.0,28.0,21.0,-7.0,c2967d,44.1
60016,MESA 1,WA,Snohomish,47.936194,-122.246917,WECC,BPAT,2.0,1.0,2.0,2.0,2,2019,6.0,6.0,2.0,-4.0,c2967d,44.1
60016,MESA 1,WA,Snohomish,47.936194,-122.246917,WECC,BPAT,2.0,1.0,2.0,2.0,2,2019,7.0,0.0,0.0,0.0,c2967d,44.1
60016,MESA 1,WA,Snohomish,47.936194,-122.246917,WECC,BPAT,2.0,1.0,2.0,2.0,2,2019,8.0,8.0,0.0,-8.0,c2967d,44.1
60016,MESA 1,WA,Snohomish,47.936194,-122.246917,WECC,BPAT,2.0,1.0,2.0,2.0,2,2019,9.0,0.0,0.0,0.0,c2967d,44.1
60016,MESA 1,WA,Snohomish,47.936194,-122.246917,WECC,BPAT,2.0,1.0,2.0,2.0,2,2019,10.0,0.0,0.0,0.0,c2967d,44.1
60016,MESA 1,WA,Snohomish,47.936194,-122.246917,WECC,BPAT,2.0,1.0,2.0,2.0,2,2019,11.0,0.0,0.0,0.0,c2967d,44.1
60016,MESA 1,WA,Snohomish,47.936194,-122.246917,WECC,BPAT,2.0,1.0,2.0,2.0,2,2019,12.0,0.0,0.0,0.0,c2967d,44.1
60016,MESA 1,WA,Snohomish,47.936194,-122.246917,WECC,BPAT,2.0,1.0,2.0,2.0,2,2020,1.0,0.0,0.0,0.0,c2967d,44.1
60016,MESA 1,WA,Snohomish,47.936194,-122.246917,WECC,BPAT,2.0,1.0,2.0,2.0,2,2020,2.0,0.0,0.0,0.0,c2967d,44.1
60016,MESA 1,WA,Snohomish,47.936194,-122.246917,WECC,BPAT,2.0,1.0,2.0,2.0,2,2020,3.0,0.0,0.0,0.0,c2967d,44.1
60016,MESA 1,WA,Snohomish,47.936194,-122.246917,WECC,BPAT,2.0,1.0,2.0,2.0,2,2020,4.0,0.0,0.0,0.0,c2967d,44.1
60016,MESA 1,WA,Snohomish,47.936194,-122.246917,WECC,BPAT,2.0,1.0,2.0,2.0,2,2020,5.0,0.0,0.0,0.0,c2967d,44.1
60016,MESA 1,WA,Snohomish,47.936194,-122.246917,WECC,BPAT,2.0,1.0,2.0,2.0,2,2020,6.0,0.0,0.0,0.0,c2967d,44.1
60016,MESA 1,WA,Snohomish,47.936194,-122.246917,WECC,BPAT,2.0,1.0,2.0,2.0,2,2020,7.0,0.0,0.0,0.0,c2967d,44.1
60016,MESA 1,WA,Snohomish,47.936194,-122.246917,WECC,BPAT,2.0,1.0,2.0,2.0,2,2020,8.0,0.0,0.0,0.0,c2967d,44.1
60016,MESA 1,WA,Snohomish,47.936194,-122.246917,WECC,BPAT,2.0,1.0,2.0,2.0,2,2020,9.0,0.0,0.0,0.0,c2967d,44.1
60016,MESA 1,WA,Snohomish,47.936194,-122.246917,WECC,BPAT,2.0,1.0,2.0,2.0,2,2020,10.0,0.0,0.0,0.0,c2967d,44.1
60016,MESA 1,WA,Snohomish,47.936194,-122.246917,WECC,BPAT,2.0,1.0,2.0,2.0,2,2020,11.0,0.0,0.0,0.0,c2967d,44.1
60016,MESA 1,WA,Snohomish,47.936194,-122.246917,WECC,BPAT,2.0,1.0,2.0,2.0,2,2020,12.0,0.0,0.0,0.0,c2967d,44.1
60016,MESA 1,WA,Snohomish,47.936194,-122.246917,WECC,BPAT,2.0,1.0,2.0,2.0,2,2021,1.0,0.0,0.0,0.0,c2967d,44.1
60016,MESA 1,WA,Snohomish,47.936194,-122.246917,WECC,BPAT,2.0,1.0,2.0,2.0,2,2021,2.0,0.0,0.0,0.0,c2967d,44.1
60016,MESA 1,WA,Snohomish,47.936194,-122.246917,WECC,BPAT,2.0,1.0,2.0,2.0,2,2021,3.0,0.0,0.0,0.0,c2967d,44.1
60016,MESA 1,WA,Snohomish,47.936194,-122.246917,WECC,BPAT,2.0,1.0,2.0,2.0,2,2021,4.0,0.0,0.0,0.0,c2967d,44.1
60016,MESA 1,WA,Snohomish,47.936194,-122.246917,WECC,BPAT,2.0,1.0,2.0,2.0,2,2021,5.0,0.0,0.0,0.0,c2967d,44.1
60016,MESA 1,WA,Snohomish,47.936194,-122.246917,WECC,BPAT,2.0,1.0,2.0,2.0,2,2021,6.0,0.0,0.0,0.0,c2967d,44.1
60016,MESA 1,WA,Snohomish,47.936194,-122.246917,WECC,BPAT,2.0,1.0,2.0,2.0,2,2021,7.0,0.0,0.0,0.0,c2967d,44.1
60016,MESA 1,WA,Snohomish,47.936194,-122.246917,WECC,BPAT,2.0,1.0,2.0,2.0,2,2021,8.0,0.0,0.0,0.0,c2967d,44.1
60016,MESA 1,WA,Snohomish,47.936194,-122.246917,WECC,BPAT,2.0,1.0,2.0,2.0,2,2021,9.0,0.0,0.0,0.0,c2967d,44.1
60016,MESA 1,WA,Snohomish,47.936194,-122.246917,WECC,BPAT,2.0,1.0,2.0,2.0,2,2021,10.0,0.0,0.0,0.0,c2967d,44.1
60016,MESA 1,WA,Snohomish,47.936194,-122.246917,WECC,BPAT,2.0,1.0,2.0,2.0,2,2021,11.0,0.0,0.0,0.0,c2967d,44.1
60016,MESA 1,WA,Snohomish,47.936194,-122.246917,WECC,BPAT,2.0,1.0,2.0,2.0,2,2021,12.0,0.0,0.0,0.0,c2967d,44.1
60016,MESA 1,WA,Snohomish,47.936194,-122.246917,WECC,BPAT,2.0,1.0,2.0,2.0,2,2022,1.0,0.0,0.0,0.0,c2967d,44.1
60016,MESA 1,WA,Snohomish,47.936194,-122.246917,WECC,BPAT,2.0,1.0,2.0,2.0,2,2022,2.0,0.0,0.0,0.0,c2967d,44.1
60016,MESA 1,WA,Snohomish,47.936194,-122.246917,WECC,BPAT,2.0,1.0,2.0,2.0,2,2022,3.0,0.0,0.0,0.0,c2967d,44.1
60016,MESA 1,WA,Snohomish,47.936194,-122.246917,WECC,BPAT,2.0,1.0,2.0,2.0,2,2022,4.0,0.0,0.0,0.0,c2967d,44.1
60016,MESA 1,WA,Snohomish,47.936194,-122.246917,WECC,BPAT,2.0,1.0,2.0,2.0,2,2022,5.0,0.0,0.0,0.0,c2967d,44.1
60016,MESA 1,WA,Snohomish,47.936194,-122.246917,WECC,BPAT,2.0,1.0,2.0,2.0,2,2022,6.0,0.0,0.0,0.0,c2967d,44.1
60016,MESA 1,WA,Snohomish,47.936194,-122.246917,WECC,BPAT,2.0,1.0,2.0,2.0,2,2022,7.0,1.0,0.0,-1.0,c2967d,44.1
60016,MESA 1,WA,Snohomish,47.936194,-122.246917,WECC,BPAT,2.0,1.0,2.0,2.0,2,2022,8.0,0.0,0.0,0.0,c2967d,44.1
60016,MESA 1,WA,Snohomish,47.936194,-122.246917,WECC,BPAT,2.0,1.0,2.0,2.0,2,2022,9.0,0.0,0.0,0.0,c2967d,44.1
60016,MESA 1,WA,Snohomish,47.936194,-122.246917,WECC,BPAT,2.0,1.0,2.0,2.0,2,2022,10.0,0.0,0.0,0.0,c2967d,44.1
60016,MESA 1,WA,Snohomish,47.936194,-122.246917,WECC,BPAT,2.0,1.0,2.0,2.0,2,2022,11.0,0.0,0.0,0.0,c2967d,44.1
60016,MESA 1,WA,Snohomish,47.936194,-122.246917,WECC,BPAT,2.0,1.0,2.0,2.0,2,2022,12.0,0.0,0.0,0.0,c2967d,44.1
60021,MESA 2,WA,Snohomish,47.972667,-122.198694,WECC,BPAT,2.4,8.0,2.2,2.2,1,2018,1.0,69.0,26.187,-45.66,c2967d,38.68
60021,MESA 2,WA,Snohomish,47.972667,-122.198694,WECC,BPAT,2.4,8.0,2.2,2.2,1,2018,2.0,57.0,20.66,-36.024,c2967d,38.68
60021,MESA 2,WA,Snohomish,47.972667,-122.198694,WECC,BPAT,2.4,8.0,2.2,2.2,1,2018,3.0,81.0,29.413,-51.286,c2967d,38.68
60021,MESA 2,WA,Snohomish,47.972667,-122.198694,WECC,BPAT,2.4,8.0,2.2,2.2,1,2018,4.0,91.0,33.056,-57.639,c2967d,38.68
60021,MESA 2,WA,Snohomish,47.972667,-122.198694,WECC,BPAT,2.4,8.0,2.2,2.2,1,2018,5.0,86.0,31.432,-54.807,c2967d,38.68
60021,MESA 2,WA,Snohomish,47.972667,-122.198694,WECC,BPAT,2.4,8.0,2.2,2.2,1,2018,6.0,87.0,31.56,-55.029,c2967d,38.68
60021,MESA 2,WA,Snohomish,47.972667,-122.198694,WECC,BPAT,2.4,8.0,2.2,2.2,1,2018,7.0,87.0,31.675,-55.23,c2967d,38.68
60021,MESA 2,WA,Snohomish,47.972667,-122.198694,WECC,BPAT,2.4,8.0,2.2,2.2,1,2018,8.0,88.0,31.913,-55.646,c2967d,38.68
60021,MESA 2,WA,Snohomish,47.972667,-122.198694,WECC,BPAT,2.4,8.0,2.2,2.2,1,2018,9.0,82.0,29.751,-51.876,c2967d,38.68
60021,MESA 2,WA,Snohomish,47.972667,-122.198694,WECC,BPAT,2.4,8.0,2.2,2.2,1,2018,10.0,84.0,30.628,-53.406,c2967d,38.68
60021,MESA 2,WA,Snohomish,47.972667,-122.198694,WECC,BPAT,2.4,8.0,2.2,2.2,1,2018,11.0,81.0,29.366,-51.204,c2967d,38.68
60021,MESA 2,WA,Snohomish,47.972667,-122.198694,WECC,BPAT,2.4,8.0,2.2,2.2,1,2018,12.0,81.0,29.359,-51.193,c2967d,38.68
60021,MESA 2,WA,Snohomish,47.972667,-122.198694,WECC,BPAT,2.4,8.0,2.2,2.2,1,2019,1.0,4.0,0.0,-4.483,c2967d,38.68
60021,MESA 2,WA,Snohomish,47.972667,-122.198694,WECC,BPAT,2.4,8.0,2.2,2.2,1,2019,2.0,4.0,0.0,-3.583,c2967d,38.68
60021,MESA 2,WA,Snohomish,47.972667,-122.198694,WECC,BPAT,2.4,8.0,2.2,2.2,1,2019,3.0,4.0,0.0,-4.133,c2967d,38.68
60021,MESA 2,WA,Snohomish,47.972667,-122.198694,WECC,BPAT,2.4,8.0,2.2,2.2,1,2019,4.0,4.0,0.0,-3.847,c2967d,38.68
60021,MESA 2,WA,Snohomish,47.972667,-122.198694,WECC,BPAT,2.4,8.0,2.2,2.2,1,2019,5.0,3.0,0.0,-3.43,c2967d,38.68
60021,MESA 2,WA,Snohomish,47.972667,-122.198694,WECC,BPAT,2.4,8.0,2.2,2.2,1,2019,6.0,4.0,0.0,-4.113,c2967d,38.68
60021,MESA 2,WA,Snohomish,47.972667,-122.198694,WECC,BPAT,2.4,8.0,2.2,2.2,1,2019,7.0,4.0,0.0,-4.223,c2967d,38.68
60021,MESA 2,WA,Snohomish,47.972667,-122.198694,WECC,BPAT,2.4,8.0,2.2,2.2,1,2019,8.0,5.0,0.0,-4.571,c2967d,38.68
60021,MESA 2,WA,Snohomish,47.972667,-122.198694,WECC,BPAT,2.4,8.0,2.2,2.2,1,2019,9.0,4.0,0.0,-4.149,c2967d,38.68
60021,MESA 2,WA,Snohomish,47.972667,-122.198694,WECC,BPAT,2.4,8.0,2.2,2.2,1,2019,10.0,5.0,0.0,-4.543,c2967d,38.68
60021,MESA 2,WA,Snohomish,47.972667,-122.198694,WECC,BPAT,2.4,8.0,2.2,2.2,1,2019,11.0,4.0,0.0,-3.787,c2967d,38.68
60021,MESA 2,WA,Snohomish,47.972667,-122.198694,WECC,BPAT,2.4,8.0,2.2,2.2,1,2019,12.0,4.0,0.0,-4.138,c2967d,38.68
60092,"Blythe Solar II, LLC",CA,Riverside,33.68,-114.73,WECC,CISO,115.0,538.6,115.0,115.0,1,2021,1.0,,,,9qndpr,65.81
60092,"Blythe Solar II, LLC",CA,Riverside,33.68,-114.73,WECC,CISO,115.0,538.6,115.0,115.0,1,2021,2.0,,,,9qndpr,65.81
60092,"Blythe Solar II, LLC",CA,Riverside,33.68,-114.73,WECC,CISO,115.0,538.6,115.0,115.0,1,2021,3.0,0.0,0.0,0.0,9qndpr,65.81
60092,"Blythe Solar II, LLC",CA,Riverside,33.68,-114.73,WECC,CISO,115.0,538.6,115.0,115.0,1,2021,4.0,2687.0,1923.0,-764.0,9qndpr,65.81
60092,"Blythe Solar II, LLC",CA,Riverside,33.68,-114.73,WECC,CISO,115.0,538.6,115.0,115.0,1,2021,5.0,11215.0,8156.0,-3059.0,9qndpr,65.81
60092,"Blythe Solar II, LLC",CA,Riverside,33.68,-114.73,WECC,CISO,115.0,538.6,115.0,115.0,1,2021,6.0,13079.0,11709.0,-1370.0,9qndpr,65.81
60092,"Blythe Solar II, LLC",CA,Riverside,33.68,-114.73,WECC,CISO,115.0,538.6,115.0,115.0,1,2021,7.0,12594.0,10934.0,-1660.0,9qndpr,65.81
60092,"Blythe Solar II, LLC",CA,Riverside,33.68,-114.73,WECC,CISO,115.0,538.6,115.0,115.0,1,2021,8.0,7635.0,6660.0,-975.0,9qndpr,65.81
60092,"Blythe Solar II, LLC",CA,Riverside,33.68,-114.73,WECC,CISO,115.0,538.6,115.0,115.0,1,2021,9.0,12954.0,11574.0,-1380.0,9qndpr,65.81
60092,"Blythe Solar II, LLC",CA,Riverside,33.68,-114.73,WECC,CISO,115.0,538.6,115.0,115.0,1,2021,10.0,8973.0,8154.0,-819.0,9qndpr,65.81
60092,"Blythe Solar II, LLC",CA,Riverside,33.68,-114.73,WECC,CISO,115.0,538.6,115.0,115.0,1,2021,11.0,5655.0,5355.0,-300.0,9qndpr,65.81
60092,"Blythe Solar II, LLC",CA,Riverside,33.68,-114.73,WECC,CISO,115.0,538.6,115.0,115.0,1,2021,12.0,9861.0,8961.0,-900.0,9qndpr,65.81
60092,"Blythe Solar II, LLC",CA,Riverside,33.68,-114.73,WECC,CISO,115.0,538.6,115.0,115.0,1,2022,1.0,10592.0,9329.0,-1263.0,9qndpr,65.81
60092,"Blythe Solar II, LLC",CA,Riverside,33.68,-114.73,WECC,CISO,115.0,538.6,115.0,115.0,1,2022,2.0,11920.0,10774.0,-1146.0,9qndpr,65.81
60092,"Blythe Solar II, LLC",CA,Riverside,33.68,-114.73,WECC,CISO,115.0,538.6,115.0,115.0,1,2022,3.0,7798.0,7003.0,-795.0,9qndpr,65.81
60092,"Blythe Solar II, LLC",CA,Riverside,33.68,-114.73,WECC,CISO,115.0,538.6,115.0,115.0,1,2022,4.0,11809.0,10128.0,-1681.0,9qndpr,65.81
60092,"Blythe Solar II, LLC",CA,Riverside,33.68,-114.73,WECC,CISO,115.0,538.6,115.0,115.0,1,2022,5.0,9203.0,7859.0,-1344.0,9qndpr,65.81
60092,"Blythe Solar II, LLC",CA,Riverside,33.68,-114.73,WECC,CISO,115.0,538.6,115.0,115.0,1,2022,6.0,9936.0,9009.0,-927.0,9qndpr,65.81
60092,"Blythe Solar II, LLC",CA,Riverside,33.68,-114.73,WECC,CISO,115.0,538.6,115.0,115.0,1,2022,7.0,12511.0,11011.0,-1500.0,9qndpr,65.81
60092,"Blythe Solar II, LLC",CA,Riverside,33.68,-114.73,WECC,CISO,115.0,538.6,115.0,115.0,1,2022,8.0,10182.0,8836.0,-1346.0,9qndpr,65.81
60092,"Blythe Solar II, LLC",CA,Riverside,33.68,-114.73,WECC,CISO,115.0,538.6,115.0,115.0,1,2022,9.0,8613.0,7098.0,-1515.0,9qndpr,65.81
60092,"Blythe Solar II, LLC",CA,Riverside,33.68,-114.73,WECC,CISO,115.0,538.6,115.0,115.0,1,2022,10.0,11131.0,9864.0,-1267.0,9qndpr,65.81
60092,"Blythe Solar II, LLC",CA,Riverside,33.68,-114.73,WECC,CISO,115.0,538.6,115.0,115.0,1,2022,11.0,10554.0,9605.0,-948.0,9qndpr,65.81
60092,"Blythe Solar II, LLC",CA,Riverside,33.68,-114.73,WECC,CISO,115.0,538.6,115.0,115.0,1,2022,12.0,10199.0,8789.0,-1410.0,9qndpr,65.81
60093,"Blythe Solar 110, LLC",CA,Riverside,33.68,-114.742,WECC,CISO,63.0,301.2,63.0,63.0,1,2021,1.0,,,,9qndpr,66.5
60093,"Blythe Solar 110, LLC",CA,Riverside,33.68,-114.742,WECC,CISO,63.0,301.2,63.0,63.0,1,2021,2.0,,,,9qndpr,66.5
60093,"Blythe Solar 110, LLC",CA,Riverside,33.68,-114.742,WECC,CISO,63.0,301.2,63.0,63.0,1,2021,3.0,,,,9qndpr,66.5
60093,"Blythe Solar 110, LLC",CA,Riverside,33.68,-114.742,WECC,CISO,63.0,301.2,63.0,63.0,1,2021,4.0,,,,9qndpr,66.5
60093,"Blythe Solar 110, LLC",CA,Riverside,33.68,-114.742,WECC,CISO,63.0,301.2,63.0,63.0,1,2021,5.0,,,,9qndpr,66.5
60093,"Blythe Solar 110, LLC",CA,Riverside,33.68,-114.742,WECC,CISO,63.0,301.2,63.0,63.0,1,2021,6.0,11848.0,10276.519,-1571.002,9qndpr,66.5
60093,"Blythe Solar 110, LLC",CA,Riverside,33.68,-114.742,WECC,CISO,63.0,301.2,63.0,63.0,1,2021,7.0,11862.0,10289.454,-1572.979,9qndpr,66.5
60093,"Blythe Solar 110, LLC",CA,Riverside,33.68,-114.742,WECC,CISO,63.0,301.2,63.0,63.0,1,2021,8.0,11898.0,10320.057,-1577.657,9qndpr,66.5
60093,"Blythe Solar 110, LLC",CA,Riverside,33.68,-114.742,WECC,CISO,63.0,301.2,63.0,63.0,1,2021,9.0,13217.0,11464.644,-1752.634,9qndpr,66.5
60093,"Blythe Solar 110, LLC",CA,Riverside,33.68,-114.742,WECC,CISO,63.0,301.2,63.0,63.0,1,2021,10.0,11419.0,9904.861,-1514.185,9qndpr,66.5
60093,"Blythe Solar 110, LLC",CA,Riverside,33.68,-114.742,WECC,CISO,63.0,301.2,63.0,63.0,1,2021,11.0,12249.0,10624.395,-1624.182,9qndpr,66.5
60093,"Blythe Solar 110, LLC",CA,Riverside,33.68,-114.742,WECC,CISO,63.0,301.2,63.0,63.0,1,2021,12.0,12159.0,10547.07,-1612.361,9qndpr,66.5
60093,"Blythe Solar 110, LLC",CA,Riverside,33.68,-114.742,WECC,CISO,63.0,301.2,63.0,63.0,1,2022,1.0,10368.0,8786.694,-1580.867,9qndpr,66.5
60093,"Blythe Solar 110, LLC",CA,Riverside,33.68,-114.742,WECC,CISO,63.0,301.2,63.0,63.0,1,2022,2.0,10891.0,9230.65,-1660.742,9qndpr,66.5
60093,"Blythe Solar 110, LLC",CA,Riverside,33.68,-114.742,WECC,CISO,63.0,301.2,63.0,63.0,1,2022,3.0,10081.0,8543.61,-1537.133,9qndpr,66.5
60093,"Blythe Solar 110, LLC",CA,Riverside,33.68,-114.742,WECC,CISO,63.0,301.2,63.0,63.0,1,2022,4.0,10558.0,8948.289,-1609.941,9qndpr,66.5
60093,"Blythe Solar 110, LLC",CA,Riverside,33.68,-114.742,WECC,CISO,63.0,301.2,63.0,63.0,1,2022,5.0,11188.0,9482.339,-1706.025,9qndpr,66.5
60093,"Blythe Solar 110, LLC",CA,Riverside,33.68,-114.742,WECC,CISO,63.0,301.2,63.0,63.0,1,2022,6.0,11302.0,9578.439,-1723.315,9qndpr,66.5
60093,"Blythe Solar 110, LLC",CA,Riverside,33.68,-114.742,WECC,CISO,63.0,301.2,63.0,63.0,1,2022,7.0,11742.0,9951.415,-1790.419,9qndpr,66.5
60093,"Blythe Solar 110, LLC",CA,Riverside,33.68,-114.742,WECC,CISO,63.0,301.2,63.0,63.0,1,2022,8.0,12064.0,10224.185,-1839.495,9qndpr,66.5
60093,"Blythe Solar 110, LLC",CA,Riverside,33.68,-114.742,WECC,CISO,63.0,301.2,63.0,63.0,1,2022,9.0,10816.0,9167.047,-1649.299,9qndpr,66.5
60093,"Blythe Solar 110, LLC",CA,Riverside,33.68,-114.742,WECC,CISO,63.0,301.2,63.0,63.0,1,2022,10.0,12070.0,10229.685,-1840.485,9qndpr,66.5
60093,"Blythe Solar 110, LLC",CA,Riverside,33.68,-114.742,WECC,CISO,63.0,301.2,63.0,63.0,1,2022,11.0,11174.0,9470.505,-1703.896,9qndpr,66.5
60093,"Blythe Solar 110, LLC",CA,Riverside,33.68,-114.742,WECC,CISO,63.0,301.2,63.0,63.0,1,2022,12.0,11283.0,9562.142,-1720.383,9qndpr,66.5
60094,"Blythe Solar III, LLC Hybrid",CA,Riverside,33.656,-114.742,WECC,CISO,115.0,538.6,115.0,115.0,1,2021,1.0,,,,9qndpr,68.6
60094,"Blythe Solar III, LLC Hybrid",CA,Riverside,33.656,-114.742,WECC,CISO,115.0,538.6,115.0,115.0,1,2021,2.0,,,,9qndpr,68.6
60094,"Blythe Solar III, LLC Hybrid",CA,Riverside,33.656,-114.742,WECC,CISO,115.0,538.6,115.0,115.0,1,2021,3.0,,,,9qndpr,68.6
60094,"Blythe Solar III, LLC Hybrid",CA,Riverside,33.656,-114.742,WECC,CISO,115.0,538.6,115.0,115.0,1,2021,4.0,,,,9qndpr,68.6
60094,"Blythe Solar III, LLC Hybrid",CA,Riverside,33.656,-114.742,WECC,CISO,115.0,538.6,115.0,115.0,1,2021,5.0,0.0,0.0,0.0,9qndpr,68.6
60094,"Blythe Solar III, LLC Hybrid",CA,Riverside,33.656,-114.742,WECC,CISO,115.0,538.6,115.0,115.0,1,2021,6.0,0.0,0.0,0.0,9qndpr,68.6
60094,"Blythe Solar III, LLC Hybrid",CA,Riverside,33.656,-114.742,WECC,CISO,115.0,538.6,115.0,115.0,1,2021,7.0,0.0,0.0,0.0,9qndpr,68.6
60094,"Blythe Solar III, LLC Hybrid",CA,Riverside,33.656,-114.742,WECC,CISO,115.0,538.6,115.0,115.0,1,2021,8.0,0.0,0.0,0.0,9qndpr,68.6
60094,"Blythe Solar III, LLC Hybrid",CA,Riverside,33.656,-114.742,WECC,CISO,115.0,538.6,115.0,115.0,1,2021,9.0,0.0,0.0,0.0,9qndpr,68.6
60094,"Blythe Solar III, LLC Hybrid",CA,Riverside,33.656,-114.742,WECC,CISO,115.0,538.6,115.0,115.0,1,2021,10.0,9549.0,8519.0,-1030.0,9qndpr,68.6
60094,"Blythe Solar III, LLC Hybrid",CA,Riverside,33.656,-114.742,WECC,CISO,115.0,538.6,115.0,115.0,1,2021,11.0,13800.0,12546.0,-1254.0,9qndpr,68.6
60094,"Blythe Solar III, LLC Hybrid",CA,Riverside,33.656,-114.742,WECC,CISO,115.0,538.6,115.0,115.0,1,2021,12.0,9554.0,8264.0,-1290.0,9qndpr,68.6
60094,"Blythe Solar III, LLC Hybrid",CA,Riverside,33.656,-114.742,WECC,CISO,115.0,538.6,115.0,115.0,1,2022,1.0,11213.0,10032.0,-1181.0,9qndpr,68.6
60094,"Blythe Solar III, LLC Hybrid",CA,Riverside,33.656,-114.742,WECC,CISO,115.0,538.6,115.0,115.0,1,2022,2.0,11994.0,10584.0,-1410.0,9qndpr,68.6
60094,"Blythe Solar III, LLC Hybrid",CA,Riverside,33.656,-114.742,WECC,CISO,115.0,538.6,115.0,115.0,1,2022,3.0,10398.0,9228.0,-1170.0,9qndpr,68.6
60094,"Blythe Solar III, LLC Hybrid",CA,Riverside,33.656,-114.742,WECC,CISO,115.0,538.6,115.0,115.0,1,2022,4.0,12638.0,10796.0,-1842.0,9qndpr,68.6
60094,"Blythe Solar III, LLC Hybrid",CA,Riverside,33.656,-114.742,WECC,CISO,115.0,538.6,115.0,115.0,1,2022,5.0,8629.0,7647.0,-982.0,9qndpr,68.6
60094,"Blythe Solar III, LLC Hybrid",CA,Riverside,33.656,-114.742,WECC,CISO,115.0,538.6,115.0,115.0,1,2022,6.0,12508.0,10770.0,-1738.0,9qndpr,68.6
60094,"Blythe Solar III, LLC Hybrid",CA,Riverside,33.656,-114.742,WECC,CISO,115.0,538.6,115.0,115.0,1,2022,7.0,13590.0,11087.0,-2509.0,9qndpr,68.6
60094,"Blythe Solar III, LLC Hybrid",CA,Riverside,33.656,-114.742,WECC,CISO,115.0,538.6,115.0,115.0,1,2022,8.0,11879.0,10414.0,-1465.0,9qndpr,68.6
60094,"Blythe Solar III, LLC Hybrid",CA,Riverside,33.656,-114.742,WECC,CISO,115.0,538.6,115.0,115.0,1,2022,9.0,8677.0,6954.0,-1723.0,9qndpr,68.6
60094,"Blythe Solar III, LLC Hybrid",CA,Riverside,33.656,-114.742,WECC,CISO,115.0,538.6,115.0,115.0,1,2022,10.0,9359.0,8068.0,-1291.0,9qndpr,68.6
60094,"Blythe Solar III, LLC Hybrid",CA,Riverside,33.656,-114.742,WECC,CISO,115.0,538.6,115.0,115.0,1,2022,11.0,10372.0,9088.0,-1284.0,9qndpr,68.6
60094,"Blythe Solar III, LLC Hybrid",CA,Riverside,33.656,-114.742,WECC,CISO,115.0,538.6,115.0,115.0,1,2022,12.0,9921.0,8780.0,-1141.0,9qndpr,68.6
60231,Genentech-Oceanside,CA,San Diego,33.211095,-117.299593,WECC,CISO,2.0,2.0,1.0,1.0,1,2018,1.0,0.0,0.0,0.0,9mumuf,29.84
60231,Genentech-Oceanside,CA,San Diego,33.211095,-117.299593,WECC,CISO,2.0,2.0,1.0,1.0,1,2018,2.0,0.0,0.0,0.0,9mumuf,29.84
60231,Genentech-Oceanside,CA,San Diego,33.211095,-117.299593,WECC,CISO,2.0,2.0,1.0,1.0,1,2018,3.0,0.0,0.0,0.0,9mumuf,29.84
60231,Genentech-Oceanside,CA,San Diego,33.211095,-117.299593,WECC,CISO,2.0,2.0,1.0,1.0,1,2018,4.0,0.0,0.0,0.0,9mumuf,29.84
60231,Genentech-Oceanside,CA,San Diego,33.211095,-117.299593,WECC,CISO,2.0,2.0,1.0,1.0,1,2018,5.0,0.0,0.0,0.0,9mumuf,29.84
60231,Genentech-Oceanside,CA,San Diego,33.211095,-117.299593,WECC,CISO,2.0,2.0,1.0,1.0,1,2018,6.0,0.0,0.0,0.0,9mumuf,29.84
60231,Genentech-Oceanside,CA,San Diego,33.211095,-117.299593,WECC,CISO,2.0,2.0,1.0,1.0,1,2018,7.0,0.0,0.0,0.0,9mumuf,29.84
60231,Genentech-Oceanside,CA,San Diego,33.211095,-117.299593,WECC,CISO,2.0,2.0,1.0,1.0,1,2018,8.0,0.0,0.0,0.0,9mumuf,29.84
60231,Genentech-Oceanside,CA,San Diego,33.211095,-117.299593,WECC,CISO,2.0,2.0,1.0,1.0,1,2018,9.0,0.0,0.0,0.0,9mumuf,29.84
60231,Genentech-Oceanside,CA,San Diego,33.211095,-117.299593,WECC,CISO,2.0,2.0,1.0,1.0,1,2018,10.0,0.0,0.0,0.0,9mumuf,29.84
60231,Genentech-Oceanside,CA,San Diego,33.211095,-117.299593,WECC,CISO,2.0,2.0,1.0,1.0,1,2018,11.0,0.0,0.0,0.0,9mumuf,29.84
60231,Genentech-Oceanside,CA,San Diego,33.211095,-117.299593,WECC,CISO,2.0,2.0,1.0,1.0,1,2018,12.0,0.0,0.0,0.0,9mumuf,29.84
60231,Genentech-Oceanside Hybrid,CA,San Diego,33.211095,-117.299593,WECC,CISO,2.0,2.0,1.0,1.0,1,2019,1.0,0.0,0.0,0.0,9mumuf,29.84
60231,Genentech-Oceanside Hybrid,CA,San Diego,33.211095,-117.299593,WECC,CISO,2.0,2.0,1.0,1.0,1,2019,2.0,0.0,0.0,0.0,9mumuf,29.84
60231,Genentech-Oceanside Hybrid,CA,San Diego,33.211095,-117.299593,WECC,CISO,2.0,2.0,1.0,1.0,1,2019,3.0,0.0,0.0,0.0,9mumuf,29.84
60231,Genentech-Oceanside Hybrid,CA,San Diego,33.211095,-117.299593,WECC,CISO,2.0,2.0,1.0,1.0,1,2019,4.0,0.0,0.0,0.0,9mumuf,29.84
60231,Genentech-Oceanside Hybrid,CA,San Diego,33.211095,-117.299593,WECC,CISO,2.0,2.0,1.0,1.0,1,2019,5.0,0.0,0.0,0.0,9mumuf,29.84
60231,Genentech-Oceanside Hybrid,CA,San Diego,33.211095,-117.299593,WECC,CISO,2.0,2.0,1.0,1.0,1,2019,6.0,0.0,0.0,0.0,9mumuf,29.84
60231,Genentech-Oceanside Hybrid,CA,San Diego,33.211095,-117.299593,WECC,CISO,2.0,2.0,1.0,1.0,1,2019,7.0,0.0,0.0,0.0,9mumuf,29.84
60231,Genentech-Oceanside Hybrid,CA,San Diego,33.211095,-117.299593,WECC,CISO,2.0,2.0,1.0,1.0,1,2019,8.0,0.0,0.0,0.0,9mumuf,29.84
60231,Genentech-Oceanside Hybrid,CA,San Diego,33.211095,-117.299593,WECC,CISO,2.0,2.0,1.0,1.0,1,2019,9.0,0.0,0.0,0.0,9mumuf,29.84
60231,Genentech-Oceanside Hybrid,CA,San Diego,33.211095,-117.299593,WECC,CISO,2.0,2.0,1.0,1.0,1,2019,10.0,0.0,0.0,0.0,9mumuf,29.84
60231,Genentech-Oceanside Hybrid,CA,San Diego,33.211095,-117.299593,WECC,CISO,2.0,2.0,1.0,1.0,1,2019,11.0,0.0,0.0,0.0,9mumuf,29.84
60231,Genentech-Oceanside Hybrid,CA,San Diego,33.211095,-117.299593,WECC,CISO,2.0,2.0,1.0,1.0,1,2019,12.0,0.0,0.0,0.0,9mumuf,29.84
60231,Genentech-Oceanside Hybrid,CA,San Diego,33.211095,-117.299593,WECC,CISO,2.0,2.0,1.0,1.0,1,2020,1.0,0.0,0.0,0.0,9mumuf,29.84
60231,Genentech-Oceanside Hybrid,CA,San Diego,33.211095,-117.299593,WECC,CISO,2.0,2.0,1.0,1.0,1,2020,2.0,0.0,0.0,0.0,9mumuf,29.84
60231,Genentech-Oceanside Hybrid,CA,San Diego,33.211095,-117.299593,WECC,CISO,2.0,2.0,1.0,1.0,1,2020,3.0,0.0,0.0,0.0,9mumuf,29.84
60231,Genentech-Oceanside Hybrid,CA,San Diego,33.211095,-117.299593,WECC,CISO,2.0,2.0,1.0,1.0,1,2020,4.0,0.0,0.0,0.0,9mumuf,29.84
60231,Genentech-Oceanside Hybrid,CA,San Diego,33.211095,-117.299593,WECC,CISO,2.0,2.0,1.0,1.0,1,2020,5.0,0.0,0.0,0.0,9mumuf,29.84
60231,Genentech-Oceanside Hybrid,CA,San Diego,33.211095,-117.299593,WECC,CISO,2.0,2.0,1.0,1.0,1,2020,6.0,0.0,0.0,0.0,9mumuf,29.84
60231,Genentech-Oceanside Hybrid,CA,San Diego,33.211095,-117.299593,WECC,CISO,2.0,2.0,1.0,1.0,1,2020,7.0,0.0,0.0,0.0,9mumuf,29.84
60231,Genentech-Oceanside Hybrid,CA,San Diego,33.211095,-117.299593,WECC,CISO,2.0,2.0,1.0,1.0,1,2020,8.0,0.0,0.0,0.0,9mumuf,29.84
60231,Genentech-Oceanside Hybrid,CA,San Diego,33.211095,-117.299593,WECC,CISO,2.0,2.0,1.0,1.0,1,2020,9.0,0.0,0.0,0.0,9mumuf,29.84
60231,Genentech-Oceanside Hybrid,CA,San Diego,33.211095,-117.299593,WECC,CISO,2.0,2.0,1.0,1.0,1,2020,10.0,0.0,0.0,0.0,9mumuf,29.84
60231,Genentech-Oceanside Hybrid,CA,San Diego,33.211095,-117.299593,WECC,CISO,2.0,2.0,1.0,1.0,1,2020,11.0,0.0,0.0,0.0,9mumuf,29.84
60231,Genentech-Oceanside Hybrid,CA,San Diego,33.211095,-117.299593,WECC,CISO,2.0,2.0,1.0,1.0,1,2020,12.0,0.0,0.0,0.0,9mumuf,29.84
60231,Genentech-Oceanside Hybrid,CA,San Diego,33.211095,-117.299593,WECC,CISO,2.0,2.0,1.0,1.0,1,2021,1.0,76.0,60.681,-15.042,9mumuf,29.84
60231,Genentech-Oceanside Hybrid,CA,San Diego,33.211095,-117.299593,WECC,CISO,2.0,2.0,1.0,1.0,1,2021,2.0,81.0,64.796,-16.061,9mumuf,29.84
60231,Genentech-Oceanside Hybrid,CA,San Diego,33.211095,-117.299593,WECC,CISO,2.0,2.0,1.0,1.0,1,2021,3.0,91.0,72.897,-18.069,9mumuf,29.84
60231,Genentech-Oceanside Hybrid,CA,San Diego,33.211095,-117.299593,WECC,CISO,2.0,2.0,1.0,1.0,1,2021,4.0,88.0,70.796,-17.548,9mumuf,29.84
60231,Genentech-Oceanside Hybrid,CA,San Diego,33.211095,-117.299593,WECC,CISO,2.0,2.0,1.0,1.0,1,2021,5.0,75.0,59.902,-14.848,9mumuf,29.84
60231,Genentech-Oceanside Hybrid,CA,San Diego,33.211095,-117.299593,WECC,CISO,2.0,2.0,1.0,1.0,1,2021,6.0,86.0,69.128,-17.135,9mumuf,29.84
60231,Genentech-Oceanside Hybrid,CA,San Diego,33.211095,-117.299593,WECC,CISO,2.0,2.0,1.0,1.0,1,2021,7.0,86.0,69.215,-17.157,9mumuf,29.84
60231,Genentech-Oceanside Hybrid,CA,San Diego,33.211095,-117.299593,WECC,CISO,2.0,2.0,1.0,1.0,1,2021,8.0,87.0,69.421,-17.208,9mumuf,29.84
60231,Genentech-Oceanside Hybrid,CA,San Diego,33.211095,-117.299593,WECC,CISO,2.0,2.0,1.0,1.0,1,2021,9.0,96.0,77.12,-19.116,9mumuf,29.84
60231,Genentech-Oceanside Hybrid,CA,San Diego,33.211095,-117.299593,WECC,CISO,2.0,2.0,1.0,1.0,1,2021,10.0,83.0,66.628,-16.515,9mumuf,29.84
60231,Genentech-Oceanside Hybrid,CA,San Diego,33.211095,-117.299593,WECC,CISO,2.0,2.0,1.0,1.0,1,2021,11.0,89.0,71.468,-17.715,9mumuf,29.84
60231,Genentech-Oceanside Hybrid,CA,San Diego,33.211095,-117.299593,WECC,CISO,2.0,2.0,1.0,1.0,1,2021,12.0,89.0,70.948,-17.586,9mumuf,29.84
60231,Genentech-Oceanside Hybrid,CA,San Diego,33.211095,-117.299593,WECC,CISO,2.0,2.0,1.0,1.0,1,2022,1.0,122.0,99.999,-22.05,9mumuf,29.84
60231,Genentech-Oceanside Hybrid,CA,San Diego,33.211095,-117.299593,WECC,CISO,2.0,2.0,1.0,1.0,1,2022,2.0,128.0,105.05,-23.163,9mumuf,29.84
60231,Genentech-Oceanside Hybrid,CA,San Diego,33.211095,-117.299593,WECC,CISO,2.0,2.0,1.0,1.0,1,2022,3.0,119.0,97.231,-21.439,9mumuf,29.84
60231,Genentech-Oceanside Hybrid,CA,San Diego,33.211095,-117.299593,WECC,CISO,2.0,2.0,1.0,1.0,1,2022,4.0,124.0,101.837,-22.455,9mumuf,29.84
60231,Genentech-Oceanside Hybrid,CA,San Diego,33.211095,-117.299593,WECC,CISO,2.0,2.0,1.0,1.0,1,2022,5.0,132.0,107.915,-23.795,9mumuf,29.84
60231,Genentech-Oceanside Hybrid,CA,San Diego,33.211095,-117.299593,WECC,CISO,2.0,2.0,1.0,1.0,1,2022,6.0,133.0,109.008,-24.036,9mumuf,29.84
60231,Genentech-Oceanside Hybrid,CA,San Diego,33.211095,-117.299593,WECC,CISO,2.0,2.0,1.0,1.0,1,2022,7.0,138.0,113.253,-24.972,9mumuf,29.84
60231,Genentech-Oceanside Hybrid,CA,San Diego,33.211095,-117.299593,WECC,CISO,2.0,2.0,1.0,1.0,1,2022,8.0,142.0,116.357,-25.656,9mumuf,29.84
60231,Genentech-Oceanside Hybrid,CA,San Diego,33.211095,-117.299593,WECC,CISO,2.0,2.0,1.0,1.0,1,2022,9.0,127.0,104.327,-23.004,9mumuf,29.84
60231,Genentech-Oceanside Hybrid,CA,San Diego,33.211095,-117.299593,WECC,CISO,2.0,2.0,1.0,1.0,1,2022,10.0,142.0,116.42,-25.67,9mumuf,29.84
60231,Genentech-Oceanside Hybrid,CA,San Diego,33.211095,-117.299593,WECC,CISO,2.0,2.0,1.0,1.0,1,2022,11.0,132.0,107.78,-23.765,9mumuf,29.84
60231,Genentech-Oceanside Hybrid,CA,San Diego,33.211095,-117.299593,WECC,CISO,2.0,2.0,1.0,1.0,1,2022,12.0,133.0,108.823,-23.995,9mumuf,29.84
60233,RE Garland,CA,Kern,34.825267,-118.524989,WECC,CISO,88.0,352.0,88.0,88.0,2,2021,1.0,,,,9q5sgb,29.1
60233,RE Garland,CA,Kern,34.825267,-118.524989,WECC,CISO,88.0,352.0,88.0,88.0,2,2021,2.0,,,,9q5sgb,29.1
60233,RE Garland,CA,Kern,34.825267,-118.524989,WECC,CISO,88.0,352.0,88.0,88.0,2,2021,3.0,,,,9q5sgb,29.1
60233,RE Garland,CA,Kern,34.825267,-118.524989,WECC,CISO,88.0,352.0,88.0,88.0,2,2021,4.0,,,,9q5sgb,29.1
60233,RE Garland,CA,Kern,34.825267,-118.524989,WECC,CISO,88.0,352.0,88.0,88.0,2,2021,5.0,,,,9q5sgb,29.1
60233,RE Garland,CA,Kern,34.825267,-118.524989,WECC,CISO,88.0,352.0,88.0,88.0,2,2021,6.0,,,,9q5sgb,29.1
60233,RE Garland,CA,Kern,34.825267,-118.524989,WECC,CISO,88.0,352.0,88.0,88.0,2,2021,7.0,,,,9q5sgb,29.1
60233,RE Garland,CA,Kern,34.825267,-118.524989,WECC,CISO,88.0,352.0,88.0,88.0,2,2021,8.0,4481.0,3679.109,-802.004,9q5sgb,29.1
60233,RE Garland,CA,Kern,34.825267,-118.524989,WECC,CISO,88.0,352.0,88.0,88.0,2,2021,9.0,4978.0,4087.155,-890.954,9q5sgb,29.1
60233,RE Garland,CA,Kern,34.825267,-118.524989,WECC,CISO,88.0,352.0,88.0,88.0,2,2021,10.0,4301.0,3531.091,-769.739,9q5sgb,29.1
60233,RE Garland,CA,Kern,34.825267,-118.524989,WECC,CISO,88.0,352.0,88.0,88.0,2,2021,11.0,4613.0,3787.606,-825.656,9q5sgb,29.1
60233,RE Garland,CA,Kern,34.825267,-118.524989,WECC,CISO,88.0,352.0,88.0,88.0,2,2021,12.0,4579.0,3760.039,-819.647,9q5sgb,29.1
60233,RE Garland,CA,Kern,34.825267,-118.524989,WECC,CISO,88.0,352.0,87.0,87.0,2,2022,1.0,7390.0,6303.207,-1086.623,9q5sgb,29.1
60233,RE Garland,CA,Kern,34.825267,-118.524989,WECC,CISO,88.0,352.0,87.0,87.0,2,2022,2.0,7763.0,6621.681,-1141.526,9q5sgb,29.1
60233,RE Garland,CA,Kern,34.825267,-118.524989,WECC,CISO,88.0,352.0,87.0,87.0,2,2022,3.0,7185.0,6128.828,-1056.562,9q5sgb,29.1
60233,RE Garland,CA,Kern,34.825267,-118.524989,WECC,CISO,88.0,352.0,87.0,87.0,2,2022,4.0,7526.0,6419.127,-1106.607,9q5sgb,29.1
60233,RE Garland,CA,Kern,34.825267,-118.524989,WECC,CISO,88.0,352.0,87.0,87.0,2,2022,5.0,7975.0,6802.232,-1172.651,9q5sgb,29.1
60233,RE Garland,CA,Kern,34.825267,-118.524989,WECC,CISO,88.0,352.0,87.0,87.0,2,2022,6.0,8056.0,6871.171,-1184.536,9q5sgb,29.1
60233,RE Garland,CA,Kern,34.825267,-118.524989,WECC,CISO,88.0,352.0,87.0,87.0,2,2022,7.0,8369.0,7138.728,-1230.661,9q5sgb,29.1
60233,RE Garland,CA,Kern,34.825267,-118.524989,WECC,CISO,88.0,352.0,87.0,87.0,2,2022,8.0,8599.0,7334.401,-1264.393,9q5sgb,29.1
60233,RE Garland,CA,Kern,34.825267,-118.524989,WECC,CISO,88.0,352.0,87.0,87.0,2,2022,9.0,7710.0,6576.055,-1133.66,9q5sgb,29.1
60233,RE Garland,CA,Kern,34.825267,-118.524989,WECC,CISO,88.0,352.0,87.0,87.0,2,2022,10.0,8603.0,7338.347,-1265.073,9q5sgb,29.1
60233,RE Garland,CA,Kern,34.825267,-118.524989,WECC,CISO,88.0,352.0,87.0,87.0,2,2022,11.0,7965.0,6793.743,-1171.188,9q5sgb,29.1
60233,RE Garland,CA,Kern,34.825267,-118.524989,WECC,CISO,88.0,352.0,87.0,87.0,2,2022,12.0,8042.0,6859.48,-1182.52,9q5sgb,29.1
60249,Silicon Valley Clean Water,CA,San Mateo,37.542619,-122.231119,WECC,CISO,1.0,2.0,1.0,1.0,1,2020,1.0,,,,9q9jb9,8.93
60249,Silicon Valley Clean Water,CA,San Mateo,37.542619,-122.231119,WECC,CISO,1.0,2.0,1.0,1.0,1,2020,2.0,,,,9q9jb9,8.93
60249,Silicon Valley Clean Water,CA,San Mateo,37.542619,-122.231119,WECC,CISO,1.0,2.0,1.0,1.0,1,2020,3.0,,,,9q9jb9,8.93
60249,Silicon Valley Clean Water,CA,San Mateo,37.542619,-122.231119,WECC,CISO,1.0,2.0,1.0,1.0,1,2020,4.0,,,,9q9jb9,8.93
60249,Silicon Valley Clean Water,CA,San Mateo,37.542619,-122.231119,WECC,CISO,1.0,2.0,1.0,1.0,1,2020,5.0,,,,9q9jb9,8.93
60249,Silicon Valley Clean Water,CA,San Mateo,37.542619,-122.231119,WECC,CISO,1.0,2.0,1.0,1.0,1,2020,6.0,,,,9q9jb9,8.93
60249,Silicon Valley Clean Water,CA,San Mateo,37.542619,-122.231119,WECC,CISO,1.0,2.0,1.0,1.0,1,2020,7.0,,,,9q9jb9,8.93
60249,Silicon Valley Clean Water,CA,San Mateo,37.542619,-122.231119,WECC,CISO,1.0,2.0,1.0,1.0,1,2020,8.0,,,,9q9jb9,8.93
60249,Silicon Valley Clean Water,CA,San Mateo,37.542619,-122.231119,WECC,CISO,1.0,2.0,1.0,1.0,1,2020,9.0,,,,9q9jb9,8.93
60249,Silicon Valley Clean Water,CA,San Mateo,37.542619,-122.231119,WECC,CISO,1.0,2.0,1.0,1.0,1,2020,10.0,,,,9q9jb9,8.93
60249,Silicon Valley Clean Water,CA,San Mateo,37.542619,-122.231119,WECC,CISO,1.0,2.0,1.0,1.0,1,2020,11.0,0.0,17.062,11.891,9q9jb9,8.93
60249,Silicon Valley Clean Water,CA,San Mateo,37.542619,-122.231119,WECC,CISO,1.0,2.0,1.0,1.0,1,2020,12.0,0.0,15.938,11.109,9q9jb9,8.93
60249,Silicon Valley Clean Water,CA,San Mateo,37.542619,-122.231119,WECC,CISO,1.0,2.0,1.0,1.0,1,2021,1.0,0.0,0.0,0.0,9q9jb9,8.93
60249,Silicon Valley Clean Water,CA,San Mateo,37.542619,-122.231119,WECC,CISO,1.0,2.0,1.0,1.0,1,2021,2.0,0.0,0.0,0.0,9q9jb9,8.93
60249,Silicon Valley Clean Water,CA,San Mateo,37.542619,-122.231119,WECC,CISO,1.0,2.0,1.0,1.0,1,2021,3.0,0.0,0.0,0.0,9q9jb9,8.93
60249,Silicon Valley Clean Water,CA,San Mateo,37.542619,-122.231119,WECC,CISO,1.0,2.0,1.0,1.0,1,2021,4.0,0.0,0.0,0.0,9q9jb9,8.93
60249,Silicon Valley Clean Water,CA,San Mateo,37.542619,-122.231119,WECC,CISO,1.0,2.0,1.0,1.0,1,2021,5.0,0.0,0.0,0.0,9q9jb9,8.93
60249,Silicon Valley Clean Water,CA,San Mateo,37.542619,-122.231119,WECC,CISO,1.0,2.0,1.0,1.0,1,2021,6.0,0.0,0.0,0.0,9q9jb9,8.93
60249,Silicon Valley Clean Water,CA,San Mateo,37.542619,-122.231119,WECC,CISO,1.0,2.0,1.0,1.0,1,2021,7.0,0.0,0.0,0.0,9q9jb9,8.93
60249,Silicon Valley Clean Water,CA,San Mateo,37.542619,-122.231119,WECC,CISO,1.0,2.0,1.0,1.0,1,2021,8.0,0.0,0.0,0.0,9q9jb9,8.93
60249,Silicon Valley Clean Water,CA,San Mateo,37.542619,-122.231119,WECC,CISO,1.0,2.0,1.0,1.0,1,2021,9.0,0.0,0.0,0.0,9q9jb9,8.93
60249,Silicon Valley Clean Water,CA,San Mateo,37.542619,-122.231119,WECC,CISO,1.0,2.0,1.0,1.0,1,2021,10.0,0.0,0.0,0.0,9q9jb9,8.93
60249,Silicon Valley Clean Water,CA,San Mateo,37.542619,-122.231119,WECC,CISO,1.0,2.0,1.0,1.0,1,2021,11.0,0.0,0.0,0.0,9q9jb9,8.93
60249,Silicon Valley Clean Water,CA,San Mateo,37.542619,-122.231119,WECC,CISO,1.0,2.0,1.0,1.0,1,2021,12.0,0.0,0.0,0.0,9q9jb9,8.93
60249,Silicon Valley Clean Water,CA,San Mateo,37.542619,-122.231119,WECC,CISO,1.0,2.0,1.0,1.0,1,2022,1.0,0.0,0.0,0.0,9q9jb9,8.93
60249,Silicon Valley Clean Water,CA,San Mateo,37.542619,-122.231119,WECC,CISO,1.0,2.0,1.0,1.0,1,2022,2.0,0.0,0.0,0.0,9q9jb9,8.93
60249,Silicon Valley Clean Water,CA,San Mateo,37.542619,-122.231119,WECC,CISO,1.0,2.0,1.0,1.0,1,2022,3.0,0.0,0.0,0.0,9q9jb9,8.93
60249,Silicon Valley Clean Water,CA,San Mateo,37.542619,-122.231119,WECC,CISO,1.0,2.0,1.0,1.0,1,2022,4.0,0.0,0.0,0.0,9q9jb9,8.93
60249,Silicon Valley Clean Water,CA,San Mateo,37.542619,-122.231119,WECC,CISO,1.0,2.0,1.0,1.0,1,2022,5.0,0.0,0.0,0.0,9q9jb9,8.93
60249,Silicon Valley Clean Water,CA,San Mateo,37.542619,-122.231119,WECC,CISO,1.0,2.0,1.0,1.0,1,2022,6.0,0.0,0.0,0.0,9q9jb9,8.93
60249,Silicon Valley Clean Water,CA,San Mateo,37.542619,-122.231119,WECC,CISO,1.0,2.0,1.0,1.0,1,2022,7.0,0.0,0.0,0.0,9q9jb9,8.93
60249,Silicon Valley Clean Water,CA,San Mateo,37.542619,-122.231119,WECC,CISO,1.0,2.0,1.0,1.0,1,2022,8.0,0.0,0.0,0.0,9q9jb9,8.93
60249,Silicon Valley Clean Water,CA,San Mateo,37.542619,-122.231119,WECC,CISO,1.0,2.0,1.0,1.0,1,2022,9.0,0.0,0.0,0.0,9q9jb9,8.93
60249,Silicon Valley Clean Water,CA,San Mateo,37.542619,-122.231119,WECC,CISO,1.0,2.0,1.0,1.0,1,2022,10.0,0.0,0.0,0.0,9q9jb9,8.93
60249,Silicon Valley Clean Water,CA,San Mateo,37.542619,-122.231119,WECC,CISO,1.0,2.0,1.0,1.0,1,2022,11.0,0.0,0.0,0.0,9q9jb9,8.93
60249,Silicon Valley Clean Water,CA,San Mateo,37.542619,-122.231119,WECC,CISO,1.0,2.0,1.0,1.0,1,2022,12.0,0.0,0.0,0.0,9q9jb9,8.93
60441,Salem Smart Power Center,OR,Marion,44.922,-123.0183,WECC,PGE,5.0,1.3,5.0,5.0,1,2018,1.0,49.0,4.0,-45.0,9rb6wg,97.06
60441,Salem Smart Power Center,OR,Marion,44.922,-123.0183,WECC,PGE,5.0,1.3,5.0,5.0,1,2018,2.0,56.0,11.0,-44.0,9rb6wg,97.06
60441,Salem Smart Power Center,OR,Marion,44.922,-123.0183,WECC,PGE,5.0,1.3,5.0,5.0,1,2018,3.0,61.0,11.0,-49.0,9rb6wg,97.06
60441,Salem Smart Power Center,OR,Marion,44.922,-123.0183,WECC,PGE,5.0,1.3,5.0,5.0,1,2018,4.0,56.0,8.0,-48.0,9rb6wg,97.06
60441,Salem Smart Power Center,OR,Marion,44.922,-123.0183,WECC,PGE,5.0,1.3,5.0,5.0,1,2018,5.0,38.0,4.0,-34.0,9rb6wg,97.06
60441,Salem Smart Power Center,OR,Marion,44.922,-123.0183,WECC,PGE,5.0,1.3,5.0,5.0,1,2018,6.0,55.0,8.0,-47.0,9rb6wg,97.06
60441,Salem Smart Power Center,OR,Marion,44.922,-123.0183,WECC,PGE,5.0,1.3,5.0,5.0,1,2018,7.0,57.0,7.0,-49.0,9rb6wg,97.06
60441,Salem Smart Power Center,OR,Marion,44.922,-123.0183,WECC,PGE,5.0,1.3,5.0,5.0,1,2018,8.0,62.0,14.0,-48.0,9rb6wg,97.06
60441,Salem Smart Power Center,OR,Marion,44.922,-123.0183,WECC,PGE,5.0,1.3,5.0,5.0,1,2018,9.0,53.0,6.0,-47.0,9rb6wg,97.06
60441,Salem Smart Power Center,OR,Marion,44.922,-123.0183,WECC,PGE,5.0,1.3,5.0,5.0,1,2018,10.0,57.0,10.0,-47.0,9rb6wg,97.06
60441,Salem Smart Power Center,OR,Marion,44.922,-123.0183,WECC,PGE,5.0,1.3,5.0,5.0,1,2018,11.0,45.0,5.0,-40.0,9rb6wg,97.06
60441,Salem Smart Power Center,OR,Marion,44.922,-123.0183,WECC,PGE,5.0,1.3,5.0,5.0,1,2018,12.0,54.0,6.0,-47.0,9rb6wg,97.06
60441,Salem Smart Power Center,OR,Marion,44.922,-123.0183,WECC,PGE,5.0,1.3,5.0,5.0,1,2019,1.0,37.0,7.0,-31.0,9rb6wg,97.06
60441,Salem Smart Power Center,OR,Marion,44.922,-123.0183,WECC,PGE,5.0,1.3,5.0,5.0,1,2019,2.0,55.0,10.0,-45.0,9rb6wg,97.06
60441,Salem Smart Power Center,OR,Marion,44.922,-123.0183,WECC,PGE,5.0,1.3,5.0,5.0,1,2019,3.0,58.0,9.0,-49.0,9rb6wg,97.06
60441,Salem Smart Power Center,OR,Marion,44.922,-123.0183,WECC,PGE,5.0,1.3,5.0,5.0,1,2019,4.0,61.0,15.0,-46.0,9rb6wg,97.06
60441,Salem Smart Power Center,OR,Marion,44.922,-123.0183,WECC,PGE,5.0,1.3,5.0,5.0,1,2019,5.0,46.0,6.0,-39.0,9rb6wg,97.06
60441,Salem Smart Power Center,OR,Marion,44.922,-123.0183,WECC,PGE,5.0,1.3,5.0,5.0,1,2019,6.0,51.0,5.0,-46.0,9rb6wg,97.06
60441,Salem Smart Power Center,OR,Marion,44.922,-123.0183,WECC,PGE,5.0,1.3,5.0,5.0,1,2019,7.0,52.0,6.0,-46.0,9rb6wg,97.06
60441,Salem Smart Power Center,OR,Marion,44.922,-123.0183,WECC,PGE,5.0,1.3,5.0,5.0,1,2019,8.0,53.0,6.0,-47.0,9rb6wg,97.06
60441,Salem Smart Power Center,OR,Marion,44.922,-123.0183,WECC,PGE,5.0,1.3,5.0,5.0,1,2019,9.0,52.0,6.0,-46.0,9rb6wg,97.06
60441,Salem Smart Power Center,OR,Marion,44.922,-123.0183,WECC,PGE,5.0,1.3,5.0,5.0,1,2019,10.0,52.0,4.0,-47.0,9rb6wg,97.06
60441,Salem Smart Power Center,OR,Marion,44.922,-123.0183,WECC,PGE,5.0,1.3,5.0,5.0,1,2019,11.0,48.0,6.0,-42.0,9rb6wg,97.06
60441,Salem Smart Power Center,OR,Marion,44.922,-123.0183,WECC,PGE,5.0,1.3,5.0,5.0,1,2019,12.0,47.0,5.0,-42.0,9rb6wg,97.06
60441,Salem Smart Power Center,OR,Marion,44.922,-123.0183,WECC,PGE,5.0,1.3,5.0,5.0,1,2020,1.0,42.0,3.0,-39.0,9rb6wg,97.06
60441,Salem Smart Power Center,OR,Marion,44.922,-123.0183,WECC,PGE,5.0,1.3,5.0,5.0,1,2020,2.0,41.0,3.0,-38.0,9rb6wg,97.06
60441,Salem Smart Power Center,OR,Marion,44.922,-123.0183,WECC,PGE,5.0,1.3,5.0,5.0,1,2020,3.0,41.0,4.0,-37.0,9rb6wg,97.06
60441,Salem Smart Power Center,OR,Marion,44.922,-123.0183,WECC,PGE,5.0,1.3,5.0,5.0,1,2020,4.0,40.0,5.0,-35.0,9rb6wg,97.06
60441,Salem Smart Power Center,OR,Marion,44.922,-123.0183,WECC,PGE,5.0,1.3,5.0,5.0,1,2020,5.0,26.0,2.0,-24.0,9rb6wg,97.06
60441,Salem Smart Power Center,OR,Marion,44.922,-123.0183,WECC,PGE,5.0,1.3,5.0,5.0,1,2020,6.0,38.0,4.0,-34.0,9rb6wg,97.06
60441,Salem Smart Power Center,OR,Marion,44.922,-123.0183,WECC,PGE,5.0,1.3,5.0,5.0,1,2020,7.0,39.0,5.0,-34.0,9rb6wg,97.06
60441,Salem Smart Power Center,OR,Marion,44.922,-123.0183,WECC,PGE,5.0,1.3,5.0,5.0,1,2020,8.0,37.0,5.0,-32.0,9rb6wg,97.06
60441,Salem Smart Power Center,OR,Marion,44.922,-123.0183,WECC,PGE,5.0,1.3,5.0,5.0,1,2020,9.0,35.0,6.0,-29.0,9rb6wg,97.06
60441,Salem Smart Power Center,OR,Marion,44.922,-123.0183,WECC,PGE,5.0,1.3,5.0,5.0,1,2020,10.0,33.0,5.0,-28.0,9rb6wg,97.06
60441,Salem Smart Power Center,OR,Marion,44.922,-123.0183,WECC,PGE,5.0,1.3,5.0,5.0,1,2020,11.0,30.0,3.0,-27.0,9rb6wg,97.06
60441,Salem Smart Power Center,OR,Marion,44.922,-123.0183,WECC,PGE,5.0,1.3,5.0,5.0,1,2020,12.0,31.0,3.0,-28.0,9rb6wg,97.06
60441,Salem Smart Power Center,OR,Marion,44.922,-123.0183,WECC,PGE,5.0,1.3,5.0,5.0,1,2021,1.0,31.0,2.0,-29.0,9rb6wg,97.06
60441,Salem Smart Power Center,OR,Marion,44.922,-123.0183,WECC,PGE,5.0,1.3,5.0,5.0,1,2021,2.0,25.0,10.0,-15.0,9rb6wg,97.06
60441,Salem Smart Power Center,OR,Marion,44.922,-123.0183,WECC,PGE,5.0,1.3,5.0,5.0,1,2021,3.0,40.0,15.0,-25.0,9rb6wg,97.06
60441,Salem Smart Power Center,OR,Marion,44.922,-123.0183,WECC,PGE,5.0,1.3,5.0,5.0,1,2021,4.0,34.0,3.0,-30.0,9rb6wg,97.06
60441,Salem Smart Power Center,OR,Marion,44.922,-123.0183,WECC,PGE,5.0,1.3,5.0,5.0,1,2021,5.0,30.0,3.0,-27.0,9rb6wg,97.06
60441,Salem Smart Power Center,OR,Marion,44.922,-123.0183,WECC,PGE,5.0,1.3,5.0,5.0,1,2021,6.0,38.0,9.0,-29.0,9rb6wg,97.06
60441,Salem Smart Power Center,OR,Marion,44.922,-123.0183,WECC,PGE,5.0,1.3,5.0,5.0,1,2021,7.0,20.0,3.0,-17.0,9rb6wg,97.06
60441,Salem Smart Power Center,OR,Marion,44.922,-123.0183,WECC,PGE,5.0,1.3,5.0,5.0,1,2021,8.0,39.0,6.0,-33.0,9rb6wg,97.06
60441,Salem Smart Power Center,OR,Marion,44.922,-123.0183,WECC,PGE,5.0,1.3,5.0,5.0,1,2021,9.0,32.0,5.0,-27.0,9rb6wg,97.06
60441,Salem Smart Power Center,OR,Marion,44.922,-123.0183,WECC,PGE,5.0,1.3,5.0,5.0,1,2021,10.0,28.0,6.0,-22.0,9rb6wg,97.06
60441,Salem Smart Power Center,OR,Marion,44.922,-123.0183,WECC,PGE,5.0,1.3,5.0,5.0,1,2021,11.0,20.0,3.0,-17.0,9rb6wg,97.06
60441,Salem Smart Power Center,OR,Marion,44.922,-123.0183,WECC,PGE,5.0,1.3,5.0,5.0,1,2021,12.0,5.0,0.0,-5.0,9rb6wg,97.06
60441,Salem Smart Power Center,OR,Marion,44.922,-123.0183,WECC,PGE,5.0,5.0,5.0,5.0,1,2022,1.0,19.0,2.0,-17.0,9rb6wg,97.06
60441,Salem Smart Power Center,OR,Marion,44.922,-123.0183,WECC,PGE,5.0,5.0,5.0,5.0,1,2022,2.0,28.0,3.0,-25.0,9rb6wg,97.06
60441,Salem Smart Power Center,OR,Marion,44.922,-123.0183,WECC,PGE,5.0,5.0,5.0,5.0,1,2022,3.0,34.0,3.0,-31.0,9rb6wg,97.06
60441,Salem Smart Power Center,OR,Marion,44.922,-123.0183,WECC,PGE,5.0,5.0,5.0,5.0,1,2022,4.0,36.0,4.0,-32.0,9rb6wg,97.06
60441,Salem Smart Power Center,OR,Marion,44.922,-123.0183,WECC,PGE,5.0,5.0,5.0,5.0,1,2022,5.0,40.0,8.0,-32.0,9rb6wg,97.06
60441,Salem Smart Power Center,OR,Marion,44.922,-123.0183,WECC,PGE,5.0,5.0,5.0,5.0,1,2022,6.0,41.0,8.0,-33.0,9rb6wg,97.06
60441,Salem Smart Power Center,OR,Marion,44.922,-123.0183,WECC,PGE,5.0,5.0,5.0,5.0,1,2022,7.0,46.0,7.0,-39.0,9rb6wg,97.06
60441,Salem Smart Power Center,OR,Marion,44.922,-123.0183,WECC,PGE,5.0,5.0,5.0,5.0,1,2022,8.0,41.0,6.0,-35.0,9rb6wg,97.06
60441,Salem Smart Power Center,OR,Marion,44.922,-123.0183,WECC,PGE,5.0,5.0,5.0,5.0,1,2022,9.0,38.0,4.0,-34.0,9rb6wg,97.06
60441,Salem Smart Power Center,OR,Marion,44.922,-123.0183,WECC,PGE,5.0,5.0,5.0,5.0,1,2022,10.0,36.0,5.0,-31.0,9rb6wg,97.06
60441,Salem Smart Power Center,OR,Marion,44.922,-123.0183,WECC,PGE,5.0,5.0,5.0,5.0,1,2022,11.0,34.0,4.0,-30.0,9rb6wg,97.06
60441,Salem Smart Power Center,OR,Marion,44.922,-123.0183,WECC,PGE,5.0,5.0,5.0,5.0,1,2022,12.0,35.0,3.0,-32.0,9rb6wg,97.06
60444,Glacier Battery Storage,WA,Whatcom,48.88804,-121.9462,WECC,PSEI,2.0,4.4,2.0,2.0,1,2018,1.0,121.0,100.543,-21.319,c2c10y,65.7
60444,Glacier Battery Storage,WA,Whatcom,48.88804,-121.9462,WECC,PSEI,2.0,4.4,2.0,2.0,1,2018,2.0,96.0,79.323,-16.819,c2c10y,65.7
60444,Glacier Battery Storage,WA,Whatcom,48.88804,-121.9462,WECC,PSEI,2.0,4.4,2.0,2.0,1,2018,3.0,137.0,112.928,-23.944,c2c10y,65.7
60444,Glacier Battery Storage,WA,Whatcom,48.88804,-121.9462,WECC,PSEI,2.0,4.4,2.0,2.0,1,2018,4.0,154.0,126.918,-26.911,c2c10y,65.7
60444,Glacier Battery Storage,WA,Whatcom,48.88804,-121.9462,WECC,PSEI,2.0,4.4,2.0,2.0,1,2018,5.0,146.0,120.682,-25.588,c2c10y,65.7
60444,Glacier Battery Storage,WA,Whatcom,48.88804,-121.9462,WECC,PSEI,2.0,4.4,2.0,2.0,1,2018,6.0,147.0,121.171,-25.692,c2c10y,65.7
60444,Glacier Battery Storage,WA,Whatcom,48.88804,-121.9462,WECC,PSEI,2.0,4.4,2.0,2.0,1,2018,7.0,147.0,121.613,-25.786,c2c10y,65.7
60444,Glacier Battery Storage,WA,Whatcom,48.88804,-121.9462,WECC,PSEI,2.0,4.4,2.0,2.0,1,2018,8.0,149.0,122.529,-25.98,c2c10y,65.7
60444,Glacier Battery Storage,WA,Whatcom,48.88804,-121.9462,WECC,PSEI,2.0,4.4,2.0,2.0,1,2018,9.0,138.0,114.227,-24.22,c2c10y,65.7
60444,Glacier Battery Storage,WA,Whatcom,48.88804,-121.9462,WECC,PSEI,2.0,4.4,2.0,2.0,1,2018,10.0,143.0,117.596,-24.934,c2c10y,65.7
60444,Glacier Battery Storage,WA,Whatcom,48.88804,-121.9462,WECC,PSEI,2.0,4.4,2.0,2.0,1,2018,11.0,137.0,112.747,-23.906,c2c10y,65.7
60444,Glacier Battery Storage,WA,Whatcom,48.88804,-121.9462,WECC,PSEI,2.0,4.4,2.0,2.0,1,2018,12.0,137.0,112.723,-23.901,c2c10y,65.7
60444,Glacier Battery Storage,WA,Whatcom,48.88804,-121.9462,WECC,PSEI,2.0,4.4,2.0,2.0,1,2019,1.0,157.0,134.283,-23.601,c2c10y,65.7
60444,Glacier Battery Storage,WA,Whatcom,48.88804,-121.9462,WECC,PSEI,2.0,4.4,2.0,2.0,1,2019,2.0,126.0,107.35,-18.867,c2c10y,65.7
60444,Glacier Battery Storage,WA,Whatcom,48.88804,-121.9462,WECC,PSEI,2.0,4.4,2.0,2.0,1,2019,3.0,146.0,123.812,-21.76,c2c10y,65.7
60444,Glacier Battery Storage,WA,Whatcom,48.88804,-121.9462,WECC,PSEI,2.0,4.4,2.0,2.0,1,2019,4.0,136.0,115.266,-20.258,c2c10y,65.7
60444,Glacier Battery Storage,WA,Whatcom,48.88804,-121.9462,WECC,PSEI,2.0,4.4,2.0,2.0,1,2019,5.0,121.0,102.773,-18.062,c2c10y,65.7
60444,Glacier Battery Storage,WA,Whatcom,48.88804,-121.9462,WECC,PSEI,2.0,4.4,2.0,2.0,1,2019,6.0,145.0,123.234,-21.658,c2c10y,65.7
60444,Glacier Battery Storage,WA,Whatcom,48.88804,-121.9462,WECC,PSEI,2.0,4.4,2.0,2.0,1,2019,7.0,149.0,126.51,-22.234,c2c10y,65.7
60444,Glacier Battery Storage,WA,Whatcom,48.88804,-121.9462,WECC,PSEI,2.0,4.4,2.0,2.0,1,2019,8.0,161.0,136.956,-24.07,c2c10y,65.7
60444,Glacier Battery Storage,WA,Whatcom,48.88804,-121.9462,WECC,PSEI,2.0,4.4,2.0,2.0,1,2019,9.0,146.0,124.298,-21.845,c2c10y,65.7
60444,Glacier Battery Storage,WA,Whatcom,48.88804,-121.9462,WECC,PSEI,2.0,4.4,2.0,2.0,1,2019,10.0,160.0,136.105,-23.92,c2c10y,65.7
60444,Glacier Battery Storage,WA,Whatcom,48.88804,-121.9462,WECC,PSEI,2.0,4.4,2.0,2.0,1,2019,11.0,133.0,113.445,-19.938,c2c10y,65.7
60444,Glacier Battery Storage,WA,Whatcom,48.88804,-121.9462,WECC,PSEI,2.0,4.4,2.0,2.0,1,2019,12.0,146.0,123.968,-21.787,c2c10y,65.7
60444,Glacier Battery Storage,WA,Whatcom,48.88804,-121.9462,WECC,PSEI,2.0,4.4,2.0,2.0,1,2020,1.0,6.0,4.355,-0.792,c2c10y,65.7
60444,Glacier Battery Storage,WA,Whatcom,48.88804,-121.9462,WECC,PSEI,2.0,4.4,2.0,2.0,1,2020,2.0,4.0,3.549,-0.645,c2c10y,65.7
60444,Glacier Battery Storage,WA,Whatcom,48.88804,-121.9462,WECC,PSEI,2.0,4.4,2.0,2.0,1,2020,3.0,6.0,5.06,-0.92,c2c10y,65.7
60444,Glacier Battery Storage,WA,Whatcom,48.88804,-121.9462,WECC,PSEI,2.0,4.4,2.0,2.0,1,2020,4.0,5.0,4.53,-0.824,c2c10y,65.7
60444,Glacier Battery Storage,WA,Whatcom,48.88804,-121.9462,WECC,PSEI,2.0,4.4,2.0,2.0,1,2020,5.0,5.0,4.347,-0.79,c2c10y,65.7
60444,Glacier Battery Storage,WA,Whatcom,48.88804,-121.9462,WECC,PSEI,2.0,4.4,2.0,2.0,1,2020,6.0,5.0,3.954,-0.719,c2c10y,65.7
60444,Glacier Battery Storage,WA,Whatcom,48.88804,-121.9462,WECC,PSEI,2.0,4.4,2.0,2.0,1,2020,7.0,5.0,4.644,-0.844,c2c10y,65.7
60444,Glacier Battery Storage,WA,Whatcom,48.88804,-121.9462,WECC,PSEI,2.0,4.4,2.0,2.0,1,2020,8.0,5.0,4.575,-0.832,c2c10y,65.7
60444,Glacier Battery Storage,WA,Whatcom,48.88804,-121.9462,WECC,PSEI,2.0,4.4,2.0,2.0,1,2020,9.0,6.0,4.893,-0.89,c2c10y,65.7
60444,Glacier Battery Storage,WA,Whatcom,48.88804,-121.9462,WECC,PSEI,2.0,4.4,2.0,2.0,1,2020,10.0,6.0,5.196,-0.945,c2c10y,65.7
60444,Glacier Battery Storage,WA,Whatcom,48.88804,-121.9462,WECC,PSEI,2.0,4.4,2.0,2.0,1,2020,11.0,6.0,5.016,-0.912,c2c10y,65.7
60444,Glacier Battery Storage,WA,Whatcom,48.88804,-121.9462,WECC,PSEI,2.0,4.4,2.0,2.0,1,2020,12.0,6.0,4.881,-0.887,c2c10y,65.7
60444,Glacier Battery Storage,WA,Whatcom,48.88804,-121.9462,WECC,PSEI,2.0,4.4,2.0,2.0,1,2021,1.0,14.0,6.157,-8.057,c2c10y,65.7
60444,Glacier Battery Storage,WA,Whatcom,48.88804,-121.9462,WECC,PSEI,2.0,4.4,2.0,2.0,1,2021,2.0,15.0,6.506,-8.514,c2c10y,65.7
60444,Glacier Battery Storage,WA,Whatcom,48.88804,-121.9462,WECC,PSEI,2.0,4.4,2.0,2.0,1,2021,3.0,17.0,7.282,-9.53,c2c10y,65.7
60444,Glacier Battery Storage,WA,Whatcom,48.88804,-121.9462,WECC,PSEI,2.0,4.4,2.0,2.0,1,2021,4.0,16.0,7.073,-9.256,c2c10y,65.7
60444,Glacier Battery Storage,WA,Whatcom,48.88804,-121.9462,WECC,PSEI,2.0,4.4,2.0,2.0,1,2021,5.0,14.0,5.963,-7.803,c2c10y,65.7
60444,Glacier Battery Storage,WA,Whatcom,48.88804,-121.9462,WECC,PSEI,2.0,4.4,2.0,2.0,1,2021,6.0,16.0,6.719,-8.792,c2c10y,65.7
60444,Glacier Battery Storage,WA,Whatcom,48.88804,-121.9462,WECC,PSEI,2.0,4.4,2.0,2.0,1,2021,7.0,16.0,6.852,-8.967,c2c10y,65.7
60444,Glacier Battery Storage,WA,Whatcom,48.88804,-121.9462,WECC,PSEI,2.0,4.4,2.0,2.0,1,2021,8.0,15.0,6.68,-8.741,c2c10y,65.7
60444,Glacier Battery Storage,WA,Whatcom,48.88804,-121.9462,WECC,PSEI,2.0,4.4,2.0,2.0,1,2021,9.0,17.0,7.498,-9.813,c2c10y,65.7
60444,Glacier Battery Storage,WA,Whatcom,48.88804,-121.9462,WECC,PSEI,2.0,4.4,2.0,2.0,1,2021,10.0,15.0,6.497,-8.502,c2c10y,65.7
60444,Glacier Battery Storage,WA,Whatcom,48.88804,-121.9462,WECC,PSEI,2.0,4.4,2.0,2.0,1,2021,11.0,16.0,6.767,-8.856,c2c10y,65.7
60444,Glacier Battery Storage,WA,Whatcom,48.88804,-121.9462,WECC,PSEI,2.0,4.4,2.0,2.0,1,2021,12.0,16.0,7.006,-9.169,c2c10y,65.7
60444,Glacier Battery Storage,WA,Whatcom,48.88804,-121.9462,WECC,PSEI,2.0,4.4,2.0,2.0,1,2022,1.0,13.0,3.333,-11.083,c2c10y,65.7
60444,Glacier Battery Storage,WA,Whatcom,48.88804,-121.9462,WECC,PSEI,2.0,4.4,2.0,2.0,1,2022,2.0,15.0,3.514,-11.686,c2c10y,65.7
60444,Glacier Battery Storage,WA,Whatcom,48.88804,-121.9462,WECC,PSEI,2.0,4.4,2.0,2.0,1,2022,3.0,14.0,3.257,-10.833,c2c10y,65.7
60444,Glacier Battery Storage,WA,Whatcom,48.88804,-121.9462,WECC,PSEI,2.0,4.4,2.0,2.0,1,2022,4.0,15.0,3.409,-11.337,c2c10y,65.7
60444,Glacier Battery Storage,WA,Whatcom,48.88804,-121.9462,WECC,PSEI,2.0,4.4,2.0,2.0,1,2022,5.0,16.0,3.601,-11.976,c2c10y,65.7
60444,Glacier Battery Storage,WA,Whatcom,48.88804,-121.9462,WECC,PSEI,2.0,4.4,2.0,2.0,1,2022,6.0,16.0,3.649,-12.134,c2c10y,65.7
60444,Glacier Battery Storage,WA,Whatcom,48.88804,-121.9462,WECC,PSEI,2.0,4.4,2.0,2.0,1,2022,7.0,16.0,3.74,-12.437,c2c10y,65.7
60444,Glacier Battery Storage,WA,Whatcom,48.88804,-121.9462,WECC,PSEI,2.0,4.4,2.0,2.0,1,2022,8.0,17.0,3.89,-12.937,c2c10y,65.7
60444,Glacier Battery Storage,WA,Whatcom,48.88804,-121.9462,WECC,PSEI,2.0,4.4,2.0,2.0,1,2022,9.0,15.0,3.496,-11.626,c2c10y,65.7
60444,Glacier Battery Storage,WA,Whatcom,48.88804,-121.9462,WECC,PSEI,2.0,4.4,2.0,2.0,1,2022,10.0,17.0,3.884,-12.916,c2c10y,65.7
60444,Glacier Battery Storage,WA,Whatcom,48.88804,-121.9462,WECC,PSEI,2.0,4.4,2.0,2.0,1,2022,11.0,16.0,3.597,-11.962,c2c10y,65.7
60444,Glacier Battery Storage,WA,Whatcom,48.88804,-121.9462,WECC,PSEI,2.0,4.4,2.0,2.0,1,2022,12.0,16.0,3.63,-12.073,c2c10y,65.7
60491,Springbok 3 Solar Farm Hybrid,CA,Kern,35.171153,-118.001652,WECC,LDWP,1.5,1.5,1.5,1.5,1,2019,1.0,,,,9q5zqv,20.51
60491,Springbok 3 Solar Farm Hybrid,CA,Kern,35.171153,-118.001652,WECC,LDWP,1.5,1.5,1.5,1.5,1,2019,2.0,,,,9q5zqv,20.51
60491,Springbok 3 Solar Farm Hybrid,CA,Kern,35.171153,-118.001652,WECC,LDWP,1.5,1.5,1.5,1.5,1,2019,3.0,,,,9q5zqv,20.51
60491,Springbok 3 Solar Farm Hybrid,CA,Kern,35.171153,-118.001652,WECC,LDWP,1.5,1.5,1.5,1.5,1,2019,4.0,,,,9q5zqv,20.51
60491,Springbok 3 Solar Farm Hybrid,CA,Kern,35.171153,-118.001652,WECC,LDWP,1.5,1.5,1.5,1.5,1,2019,5.0,,,,9q5zqv,20.51
60491,Springbok 3 Solar Farm Hybrid,CA,Kern,35.171153,-118.001652,WECC,LDWP,1.5,1.5,1.5,1.5,1,2019,6.0,,,,9q5zqv,20.51
60491,Springbok 3 Solar Farm Hybrid,CA,Kern,35.171153,-118.001652,WECC,LDWP,1.5,1.5,1.5,1.5,1,2019,7.0,0.0,0.0,0.0,9q5zqv,20.51
60491,Springbok 3 Solar Farm Hybrid,CA,Kern,35.171153,-118.001652,WECC,LDWP,1.5,1.5,1.5,1.5,1,2019,8.0,0.0,0.0,0.0,9q5zqv,20.51
60491,Springbok 3 Solar Farm Hybrid,CA,Kern,35.171153,-118.001652,WECC,LDWP,1.5,1.5,1.5,1.5,1,2019,9.0,0.0,0.0,0.0,9q5zqv,20.51
60491,Springbok 3 Solar Farm Hybrid,CA,Kern,35.171153,-118.001652,WECC,LDWP,1.5,1.5,1.5,1.5,1,2019,10.0,0.0,0.0,0.0,9q5zqv,20.51
60491,Springbok 3 Solar Farm Hybrid,CA,Kern,35.171153,-118.001652,WECC,LDWP,1.5,1.5,1.5,1.5,1,2019,11.0,0.0,0.0,0.0,9q5zqv,20.51
60491,Springbok 3 Solar Farm Hybrid,CA,Kern,35.171153,-118.001652,WECC,LDWP,1.5,1.5,1.5,1.5,1,2019,12.0,0.0,0.0,0.0,9q5zqv,20.51
60491,Springbok 3 Solar Farm Hybrid,CA,Kern,35.171153,-118.001652,WECC,LDWP,1.5,1.5,1.5,1.5,1,2020,1.0,0.0,0.0,0.0,9q5zqv,20.51
60491,Springbok 3 Solar Farm Hybrid,CA,Kern,35.171153,-118.001652,WECC,LDWP,1.5,1.5,1.5,1.5,1,2020,2.0,0.0,0.0,0.0,9q5zqv,20.51
60491,Springbok 3 Solar Farm Hybrid,CA,Kern,35.171153,-118.001652,WECC,LDWP,1.5,1.5,1.5,1.5,1,2020,3.0,0.0,0.0,0.0,9q5zqv,20.51
60491,Springbok 3 Solar Farm Hybrid,CA,Kern,35.171153,-118.001652,WECC,LDWP,1.5,1.5,1.5,1.5,1,2020,4.0,0.0,0.0,0.0,9q5zqv,20.51
60491,Springbok 3 Solar Farm Hybrid,CA,Kern,35.171153,-118.001652,WECC,LDWP,1.5,1.5,1.5,1.5,1,2020,5.0,0.0,0.0,0.0,9q5zqv,20.51
60491,Springbok 3 Solar Farm Hybrid,CA,Kern,35.171153,-118.001652,WECC,LDWP,1.5,1.5,1.5,1.5,1,2020,6.0,0.0,0.0,0.0,9q5zqv,20.51
60491,Springbok 3 Solar Farm Hybrid,CA,Kern,35.171153,-118.001652,WECC,LDWP,1.5,1.5,1.5,1.5,1,2020,7.0,0.0,0.0,0.0,9q5zqv,20.51
60491,Springbok 3 Solar Farm Hybrid,CA,Kern,35.171153,-118.001652,WECC,LDWP,1.5,1.5,1.5,1.5,1,2020,8.0,0.0,0.0,0.0,9q5zqv,20.51
60491,Springbok 3 Solar Farm Hybrid,CA,Kern,35.171153,-118.001652,WECC,LDWP,1.5,1.5,1.5,1.5,1,2020,9.0,22.0,17.0,16.0,9q5zqv,20.51
60491,Springbok 3 Solar Farm Hybrid,CA,Kern,35.171153,-118.001652,WECC,LDWP,1.5,1.5,1.5,1.5,1,2020,10.0,37.0,29.0,-8.0,9q5zqv,20.51
60491,Springbok 3 Solar Farm Hybrid,CA,Kern,35.171153,-118.001652,WECC,LDWP,1.5,1.5,1.5,1.5,1,2020,11.0,9.0,9.0,8.0,9q5zqv,20.51
60491,Springbok 3 Solar Farm Hybrid,CA,Kern,35.171153,-118.001652,WECC,LDWP,1.5,1.5,1.5,1.5,1,2020,12.0,11.0,11.0,9.0,9q5zqv,20.51
60491,Springbok 3 Solar Farm Hybrid,CA,Kern,35.171153,-118.001652,WECC,LDWP,1.5,1.5,1.5,1.5,1,2021,1.0,10.0,9.0,-1.0,9q5zqv,20.51
60491,Springbok 3 Solar Farm Hybrid,CA,Kern,35.171153,-118.001652,WECC,LDWP,1.5,1.5,1.5,1.5,1,2021,2.0,16.0,15.0,-1.0,9q5zqv,20.51
60491,Springbok 3 Solar Farm Hybrid,CA,Kern,35.171153,-118.001652,WECC,LDWP,1.5,1.5,1.5,1.5,1,2021,3.0,20.0,18.0,-2.0,9q5zqv,20.51
60491,Springbok 3 Solar Farm Hybrid,CA,Kern,35.171153,-118.001652,WECC,LDWP,1.5,1.5,1.5,1.5,1,2021,4.0,6.0,5.0,-1.0,9q5zqv,20.51
60491,Springbok 3 Solar Farm Hybrid,CA,Kern,35.171153,-118.001652,WECC,LDWP,1.5,1.5,1.5,1.5,1,2021,5.0,4.0,3.0,-1.0,9q5zqv,20.51
60491,Springbok 3 Solar Farm Hybrid,CA,Kern,35.171153,-118.001652,WECC,LDWP,1.5,1.5,1.5,1.5,1,2021,6.0,1.0,1.0,0.0,9q5zqv,20.51
60491,Springbok 3 Solar Farm Hybrid,CA,Kern,35.171153,-118.001652,WECC,LDWP,1.5,1.5,1.5,1.5,1,2021,7.0,0.0,0.0,0.0,9q5zqv,20.51
60491,Springbok 3 Solar Farm Hybrid,CA,Kern,35.171153,-118.001652,WECC,LDWP,1.5,1.5,1.5,1.5,1,2021,8.0,0.0,0.0,0.0,9q5zqv,20.51
60491,Springbok 3 Solar Farm Hybrid,CA,Kern,35.171153,-118.001652,WECC,LDWP,1.5,1.5,1.5,1.5,1,2021,9.0,0.0,0.0,0.0,9q5zqv,20.51
60491,Springbok 3 Solar Farm Hybrid,CA,Kern,35.171153,-118.001652,WECC,LDWP,1.5,1.5,1.5,1.5,1,2021,10.0,0.0,0.0,0.0,9q5zqv,20.51
60491,Springbok 3 Solar Farm Hybrid,CA,Kern,35.171153,-118.001652,WECC,LDWP,1.5,1.5,1.5,1.5,1,2021,11.0,0.0,0.0,0.0,9q5zqv,20.51
60491,Springbok 3 Solar Farm Hybrid,CA,Kern,35.171153,-118.001652,WECC,LDWP,1.5,1.5,1.5,1.5,1,2021,12.0,0.0,0.0,0.0,9q5zqv,20.51
60491,Springbok 3 Solar Farm Hybrid,CA,Kern,35.171153,-118.001652,WECC,LDWP,1.5,1.5,1.5,1.5,1,2022,1.0,0.0,0.0,0.0,9q5zqv,20.51
60491,Springbok 3 Solar Farm Hybrid,CA,Kern,35.171153,-118.001652,WECC,LDWP,1.5,1.5,1.5,1.5,1,2022,2.0,0.0,0.0,0.0,9q5zqv,20.51
60491,Springbok 3 Solar Farm Hybrid,CA,Kern,35.171153,-118.001652,WECC,LDWP,1.5,1.5,1.5,1.5,1,2022,3.0,0.0,0.0,0.0,9q5zqv,20.51
60491,Springbok 3 Solar Farm Hybrid,CA,Kern,35.171153,-118.001652,WECC,LDWP,1.5,1.5,1.5,1.5,1,2022,4.0,0.0,0.0,0.0,9q5zqv,20.51
60491,Springbok 3 Solar Farm Hybrid,CA,Kern,35.171153,-118.001652,WECC,LDWP,1.5,1.5,1.5,1.5,1,2022,5.0,0.0,0.0,0.0,9q5zqv,20.51
60491,Springbok 3 Solar Farm Hybrid,CA,Kern,35.171153,-118.001652,WECC,LDWP,1.5,1.5,1.5,1.5,1,2022,6.0,0.0,0.0,0.0,9q5zqv,20.51
60491,Springbok 3 Solar Farm Hybrid,CA,Kern,35.171153,-118.001652,WECC,LDWP,1.5,1.5,1.5,1.5,1,2022,7.0,0.0,0.0,0.0,9q5zqv,20.51
60491,Springbok 3 Solar Farm Hybrid,CA,Kern,35.171153,-118.001652,WECC,LDWP,1.5,1.5,1.5,1.5,1,2022,8.0,0.0,0.0,0.0,9q5zqv,20.51
60491,Springbok 3 Solar Farm Hybrid,CA,Kern,35.171153,-118.001652,WECC,LDWP,1.5,1.5,1.5,1.5,1,2022,9.0,0.0,0.0,0.0,9q5zqv,20.51
60491,Springbok 3 Solar Farm Hybrid,CA,Kern,35.171153,-118.001652,WECC,LDWP,1.5,1.5,1.5,1.5,1,2022,10.0,0.0,0.0,0.0,9q5zqv,20.51
60491,Springbok 3 Solar Farm Hybrid,CA,Kern,35.171153,-118.001652,WECC,LDWP,1.5,1.5,1.5,1.5,1,2022,11.0,0.0,0.0,0.0,9q5zqv,20.51
60491,Springbok 3 Solar Farm Hybrid,CA,Kern,35.171153,-118.001652,WECC,LDWP,1.5,1.5,1.5,1.5,1,2022,12.0,0.0,0.0,0.0,9q5zqv,20.51
60565,Borrego Springs Energy Storage,CA,San Diego,33.27011,-116.3496,WECC,CISO,1.5,4.5,1.5,1.5,2,2018,1.0,5.0,2.485,-2.336,9qj152,76.1
60565,Borrego Springs Energy Storage,CA,San Diego,33.27011,-116.3496,WECC,CISO,1.5,4.5,1.5,1.5,2,2018,2.0,4.0,1.928,-1.815,9qj152,76.1
60565,Borrego Springs Energy Storage,CA,San Diego,33.27011,-116.3496,WECC,CISO,1.5,4.5,1.5,1.5,2,2018,3.0,5.0,2.806,-2.641,9qj152,76.1
60565,Borrego Springs Energy Storage,CA,San Diego,33.27011,-116.3496,WECC,CISO,1.5,4.5,1.5,1.5,2,2018,4.0,6.0,3.213,-3.024,9qj152,76.1
60565,Borrego Springs Energy Storage,CA,San Diego,33.27011,-116.3496,WECC,CISO,1.5,4.5,1.5,1.5,2,2018,5.0,6.0,3.055,-2.876,9qj152,76.1
60565,Borrego Springs Energy Storage,CA,San Diego,33.27011,-116.3496,WECC,CISO,1.5,4.5,1.5,1.5,2,2018,6.0,6.0,3.003,-2.826,9qj152,76.1
60565,Borrego Springs Energy Storage,CA,San Diego,33.27011,-116.3496,WECC,CISO,1.5,4.5,1.5,1.5,2,2018,7.0,6.0,3.022,-2.845,9qj152,76.1
60565,Borrego Springs Energy Storage,CA,San Diego,33.27011,-116.3496,WECC,CISO,1.5,4.5,1.5,1.5,2,2018,8.0,6.0,3.101,-2.919,9qj152,76.1
60565,Borrego Springs Energy Storage,CA,San Diego,33.27011,-116.3496,WECC,CISO,1.5,4.5,1.5,1.5,2,2018,9.0,5.0,2.816,-2.651,9qj152,76.1
60565,Borrego Springs Energy Storage,CA,San Diego,33.27011,-116.3496,WECC,CISO,1.5,4.5,1.5,1.5,2,2018,10.0,6.0,2.906,-2.735,9qj152,76.1
60565,Borrego Springs Energy Storage,CA,San Diego,33.27011,-116.3496,WECC,CISO,1.5,4.5,1.5,1.5,2,2018,11.0,6.0,2.863,-2.695,9qj152,76.1
60565,Borrego Springs Energy Storage,CA,San Diego,33.27011,-116.3496,WECC,CISO,1.5,4.5,1.5,1.5,2,2018,12.0,5.0,2.802,-2.637,9qj152,76.1
60565,Borrego Springs Energy Storage,CA,San Diego,33.27011,-116.3496,WECC,CISO,1.5,4.5,1.5,1.5,2,2019,1.0,3.0,3.097,-0.363,9qj152,76.1
60565,Borrego Springs Energy Storage,CA,San Diego,33.27011,-116.3496,WECC,CISO,1.5,4.5,1.5,1.5,2,2019,2.0,3.0,2.492,-0.293,9qj152,76.1
60565,Borrego Springs Energy Storage,CA,San Diego,33.27011,-116.3496,WECC,CISO,1.5,4.5,1.5,1.5,2,2019,3.0,3.0,2.827,-0.333,9qj152,76.1
60565,Borrego Springs Energy Storage,CA,San Diego,33.27011,-116.3496,WECC,CISO,1.5,4.5,1.5,1.5,2,2019,4.0,3.0,2.634,-0.31,9qj152,76.1
60565,Borrego Springs Energy Storage,CA,San Diego,33.27011,-116.3496,WECC,CISO,1.5,4.5,1.5,1.5,2,2019,5.0,3.0,2.419,-0.285,9qj152,76.1
60565,Borrego Springs Energy Storage,CA,San Diego,33.27011,-116.3496,WECC,CISO,1.5,4.5,1.5,1.5,2,2019,6.0,3.0,2.854,-0.336,9qj152,76.1
60565,Borrego Springs Energy Storage,CA,San Diego,33.27011,-116.3496,WECC,CISO,1.5,4.5,1.5,1.5,2,2019,7.0,3.0,2.943,-0.346,9qj152,76.1
60565,Borrego Springs Energy Storage,CA,San Diego,33.27011,-116.3496,WECC,CISO,1.5,4.5,1.5,1.5,2,2019,8.0,4.0,3.213,-0.378,9qj152,76.1
60565,Borrego Springs Energy Storage,CA,San Diego,33.27011,-116.3496,WECC,CISO,1.5,4.5,1.5,1.5,2,2019,9.0,3.0,2.888,-0.34,9qj152,76.1
60565,Borrego Springs Energy Storage,CA,San Diego,33.27011,-116.3496,WECC,CISO,1.5,4.5,1.5,1.5,2,2019,10.0,4.0,3.136,-0.369,9qj152,76.1
60565,Borrego Springs Energy Storage,CA,San Diego,33.27011,-116.3496,WECC,CISO,1.5,4.5,1.5,1.5,2,2019,11.0,3.0,2.669,-0.314,9qj152,76.1
60565,Borrego Springs Energy Storage,CA,San Diego,33.27011,-116.3496,WECC,CISO,1.5,4.5,1.5,1.5,2,2019,12.0,3.0,2.828,-0.333,9qj152,76.1
60565,Borrego Springs Energy Storage,CA,San Diego,33.27011,-116.3496,WECC,CISO,1.5,4.5,1.5,1.5,2,2020,1.0,15.0,14.379,-2.111,9qj152,76.1
60565,Borrego Springs Energy Storage,CA,San Diego,33.27011,-116.3496,WECC,CISO,1.5,4.5,1.5,1.5,2,2020,2.0,13.0,11.109,-1.63,9qj152,76.1
60565,Borrego Springs Energy Storage,CA,San Diego,33.27011,-116.3496,WECC,CISO,1.5,4.5,1.5,1.5,2,2020,3.0,20.0,17.047,-2.501,9qj152,76.1
60565,Borrego Springs Energy Storage,CA,San Diego,33.27011,-116.3496,WECC,CISO,1.5,4.5,1.5,1.5,2,2020,4.0,17.0,15.116,-2.218,9qj152,76.1
60565,Borrego Springs Energy Storage,CA,San Diego,33.27011,-116.3496,WECC,CISO,1.5,4.5,1.5,1.5,2,2020,5.0,17.0,14.645,-2.149,9qj152,76.1
60565,Borrego Springs Energy Storage,CA,San Diego,33.27011,-116.3496,WECC,CISO,1.5,4.5,1.5,1.5,2,2020,6.0,15.0,13.006,-1.909,9qj152,76.1
60565,Borrego Springs Energy Storage,CA,San Diego,33.27011,-116.3496,WECC,CISO,1.5,4.5,1.5,1.5,2,2020,7.0,18.0,15.377,-2.256,9qj152,76.1
60565,Borrego Springs Energy Storage,CA,San Diego,33.27011,-116.3496,WECC,CISO,1.5,4.5,1.5,1.5,2,2020,8.0,18.0,15.325,-2.249,9qj152,76.1
60565,Borrego Springs Energy Storage,CA,San Diego,33.27011,-116.3496,WECC,CISO,1.5,4.5,1.5,1.5,2,2020,9.0,19.0,16.568,-2.431,9qj152,76.1
60565,Borrego Springs Energy Storage,CA,San Diego,33.27011,-116.3496,WECC,CISO,1.5,4.5,1.5,1.5,2,2020,10.0,20.0,17.694,-2.596,9qj152,76.1
60565,Borrego Springs Energy Storage,CA,San Diego,33.27011,-116.3496,WECC,CISO,1.5,4.5,1.5,1.5,2,2020,11.0,20.0,17.441,-2.559,9qj152,76.1
60565,Borrego Springs Energy Storage,CA,San Diego,33.27011,-116.3496,WECC,CISO,1.5,4.5,1.5,1.5,2,2020,12.0,19.0,16.293,-2.391,9qj152,76.1
60565,Borrego Springs Energy Storage,CA,San Diego,33.27011,-116.3496,WECC,CISO,1.5,4.5,1.5,1.5,2,2021,1.0,12.0,9.513,-1.917,9qj152,76.1
60565,Borrego Springs Energy Storage,CA,San Diego,33.27011,-116.3496,WECC,CISO,1.5,4.5,1.5,1.5,2,2021,2.0,12.0,10.156,-2.047,9qj152,76.1
60565,Borrego Springs Energy Storage,CA,San Diego,33.27011,-116.3496,WECC,CISO,1.5,4.5,1.5,1.5,2,2021,3.0,14.0,11.426,-2.303,9qj152,76.1
60565,Borrego Springs Energy Storage,CA,San Diego,33.27011,-116.3496,WECC,CISO,1.5,4.5,1.5,1.5,2,2021,4.0,13.0,11.097,-2.237,9qj152,76.1
60565,Borrego Springs Energy Storage,CA,San Diego,33.27011,-116.3496,WECC,CISO,1.5,4.5,1.5,1.5,2,2021,5.0,11.0,9.389,-1.892,9qj152,76.1
60565,Borrego Springs Energy Storage,CA,San Diego,33.27011,-116.3496,WECC,CISO,1.5,4.5,1.5,1.5,2,2021,6.0,13.0,10.835,-2.184,9qj152,76.1
60565,Borrego Springs Energy Storage,CA,San Diego,33.27011,-116.3496,WECC,CISO,1.5,4.5,1.5,1.5,2,2021,7.0,13.0,10.849,-2.187,9qj152,76.1
60565,Borrego Springs Energy Storage,CA,San Diego,33.27011,-116.3496,WECC,CISO,1.5,4.5,1.5,1.5,2,2021,8.0,13.0,10.881,-2.193,9qj152,76.1
60565,Borrego Springs Energy Storage,CA,San Diego,33.27011,-116.3496,WECC,CISO,1.5,4.5,1.5,1.5,2,2021,9.0,15.0,12.088,-2.436,9qj152,76.1
60565,Borrego Springs Energy Storage,CA,San Diego,33.27011,-116.3496,WECC,CISO,1.5,4.5,1.5,1.5,2,2021,10.0,13.0,10.443,-2.105,9qj152,76.1
60565,Borrego Springs Energy Storage,CA,San Diego,33.27011,-116.3496,WECC,CISO,1.5,4.5,1.5,1.5,2,2021,11.0,13.0,11.202,-2.258,9qj152,76.1
60565,Borrego Springs Energy Storage,CA,San Diego,33.27011,-116.3496,WECC,CISO,1.5,4.5,1.5,1.5,2,2021,12.0,13.0,11.121,-2.241,9qj152,76.1
60565,Borrego Springs Energy Storage,CA,San Diego,33.27011,-116.3496,WECC,CISO,1.5,4.5,1.5,1.5,2,2022,1.0,5.0,7.298,-1.551,9qj152,76.1
60565,Borrego Springs Energy Storage,CA,San Diego,33.27011,-116.3496,WECC,CISO,1.5,4.5,1.5,1.5,2,2022,2.0,6.0,7.667,-1.631,9qj152,76.1
60565,Borrego Springs Energy Storage,CA,San Diego,33.27011,-116.3496,WECC,CISO,1.5,4.5,1.5,1.5,2,2022,3.0,6.0,7.096,-1.51,9qj152,76.1
60565,Borrego Springs Energy Storage,CA,San Diego,33.27011,-116.3496,WECC,CISO,1.5,4.5,1.5,1.5,2,2022,4.0,6.0,7.432,-1.581,9qj152,76.1
60565,Borrego Springs Energy Storage,CA,San Diego,33.27011,-116.3496,WECC,CISO,1.5,4.5,1.5,1.5,2,2022,5.0,6.0,7.876,-1.676,9qj152,76.1
60565,Borrego Springs Energy Storage,CA,San Diego,33.27011,-116.3496,WECC,CISO,1.5,4.5,1.5,1.5,2,2022,6.0,6.0,7.956,-1.693,9qj152,76.1
60565,Borrego Springs Energy Storage,CA,San Diego,33.27011,-116.3496,WECC,CISO,1.5,4.5,1.5,1.5,2,2022,7.0,7.0,8.265,-1.759,9qj152,76.1
60565,Borrego Springs Energy Storage,CA,San Diego,33.27011,-116.3496,WECC,CISO,1.5,4.5,1.5,1.5,2,2022,8.0,7.0,8.492,-1.807,9qj152,76.1
60565,Borrego Springs Energy Storage,CA,San Diego,33.27011,-116.3496,WECC,CISO,1.5,4.5,1.5,1.5,2,2022,9.0,6.0,7.614,-1.62,9qj152,76.1
60565,Borrego Springs Energy Storage,CA,San Diego,33.27011,-116.3496,WECC,CISO,1.5,4.5,1.5,1.5,2,2022,10.0,7.0,8.496,-1.808,9qj152,76.1
60565,Borrego Springs Energy Storage,CA,San Diego,33.27011,-116.3496,WECC,CISO,1.5,4.5,1.5,1.5,2,2022,11.0,6.0,7.866,-1.674,9qj152,76.1
60565,Borrego Springs Energy Storage,CA,San Diego,33.27011,-116.3496,WECC,CISO,1.5,4.5,1.5,1.5,2,2022,12.0,6.0,7.942,-1.69,9qj152,76.1
60566,Pala Energy Storage Yard,CA,San Diego,33.35651,-117.113599,WECC,CISO,1.5,3.5,1.5,1.5,2,2018,1.0,0.0,0.0,0.0,9mumuf,41.31
60566,Pala Energy Storage Yard,CA,San Diego,33.35651,-117.113599,WECC,CISO,1.5,3.5,1.5,1.5,2,2018,2.0,0.0,0.0,0.0,9mumuf,41.31
60566,Pala Energy Storage Yard,CA,San Diego,33.35651,-117.113599,WECC,CISO,1.5,3.5,1.5,1.5,2,2018,3.0,0.0,0.0,0.0,9mumuf,41.31
60566,Pala Energy Storage Yard,CA,San Diego,33.35651,-117.113599,WECC,CISO,1.5,3.5,1.5,1.5,2,2018,4.0,0.0,0.0,0.0,9mumuf,41.31
60566,Pala Energy Storage Yard,CA,San Diego,33.35651,-117.113599,WECC,CISO,1.5,3.5,1.5,1.5,2,2018,5.0,0.0,0.0,0.0,9mumuf,41.31
60566,Pala Energy Storage Yard,CA,San Diego,33.35651,-117.113599,WECC,CISO,1.5,3.5,1.5,1.5,2,2018,6.0,0.0,0.0,0.0,9mumuf,41.31
60566,Pala Energy Storage Yard,CA,San Diego,33.35651,-117.113599,WECC,CISO,1.5,3.5,1.5,1.5,2,2018,7.0,0.0,0.0,0.0,9mumuf,41.31
60566,Pala Energy Storage Yard,CA,San Diego,33.35651,-117.113599,WECC,CISO,1.5,3.5,1.5,1.5,2,2018,8.0,0.0,0.0,0.0,9mumuf,41.31
60566,Pala Energy Storage Yard,CA,San Diego,33.35651,-117.113599,WECC,CISO,1.5,3.5,1.5,1.5,2,2018,9.0,0.0,0.0,0.0,9mumuf,41.31
60566,Pala Energy Storage Yard,CA,San Diego,33.35651,-117.113599,WECC,CISO,1.5,3.5,1.5,1.5,2,2018,10.0,0.0,0.0,0.0,9mumuf,41.31
60566,Pala Energy Storage Yard,CA,San Diego,33.35651,-117.113599,WECC,CISO,1.5,3.5,1.5,1.5,2,2018,11.0,0.0,0.0,0.0,9mumuf,41.31
60566,Pala Energy Storage Yard,CA,San Diego,33.35651,-117.113599,WECC,CISO,1.5,3.5,1.5,1.5,2,2018,12.0,25.0,18.0,-7.0,9mumuf,41.31
60566,Pala Energy Storage Yard,CA,San Diego,33.35651,-117.113599,WECC,CISO,1.5,3.5,1.5,1.5,2,2019,1.0,2.0,2.366,-0.455,9mumuf,41.31
60566,Pala Energy Storage Yard,CA,San Diego,33.35651,-117.113599,WECC,CISO,1.5,3.5,1.5,1.5,2,2019,2.0,2.0,1.906,-0.366,9mumuf,41.31
60566,Pala Energy Storage Yard,CA,San Diego,33.35651,-117.113599,WECC,CISO,1.5,3.5,1.5,1.5,2,2019,3.0,3.0,2.162,-0.416,9mumuf,41.31
60566,Pala Energy Storage Yard,CA,San Diego,33.35651,-117.113599,WECC,CISO,1.5,3.5,1.5,1.5,2,2019,4.0,2.0,2.014,-0.387,9mumuf,41.31
60566,Pala Energy Storage Yard,CA,San Diego,33.35651,-117.113599,WECC,CISO,1.5,3.5,1.5,1.5,2,2019,5.0,2.0,1.85,-0.356,9mumuf,41.31
60566,Pala Energy Storage Yard,CA,San Diego,33.35651,-117.113599,WECC,CISO,1.5,3.5,1.5,1.5,2,2019,6.0,3.0,2.183,-0.42,9mumuf,41.31
60566,Pala Energy Storage Yard,CA,San Diego,33.35651,-117.113599,WECC,CISO,1.5,3.5,1.5,1.5,2,2019,7.0,3.0,2.251,-0.433,9mumuf,41.31
60566,Pala Energy Storage Yard,CA,San Diego,33.35651,-117.113599,WECC,CISO,1.5,3.5,1.5,1.5,2,2019,8.0,3.0,2.457,-0.472,9mumuf,41.31
60566,Pala Energy Storage Yard,CA,San Diego,33.35651,-117.113599,WECC,CISO,1.5,3.5,1.5,1.5,2,2019,9.0,3.0,2.209,-0.425,9mumuf,41.31
60566,Pala Energy Storage Yard,CA,San Diego,33.35651,-117.113599,WECC,CISO,1.5,3.5,1.5,1.5,2,2019,10.0,3.0,2.398,-0.461,9mumuf,41.31
60566,Pala Energy Storage Yard,CA,San Diego,33.35651,-117.113599,WECC,CISO,1.5,3.5,1.5,1.5,2,2019,11.0,2.0,2.041,-0.393,9mumuf,41.31
60566,Pala Energy Storage Yard,CA,San Diego,33.35651,-117.113599,WECC,CISO,1.5,3.5,1.5,1.5,2,2019,12.0,3.0,2.163,-0.416,9mumuf,41.31
60566,Pala Energy Storage Yard,CA,San Diego,33.35651,-117.113599,WECC,CISO,1.5,3.5,1.5,1.5,2,2020,1.0,0.0,0.0,0.0,9mumuf,41.31
60566,Pala Energy Storage Yard,CA,San Diego,33.35651,-117.113599,WECC,CISO,1.5,3.5,1.5,1.5,2,2020,2.0,0.0,0.0,0.0,9mumuf,41.31
60566,Pala Energy Storage Yard,CA,San Diego,33.35651,-117.113599,WECC,CISO,1.5,3.5,1.5,1.5,2,2020,3.0,0.0,0.0,0.0,9mumuf,41.31
60566,Pala Energy Storage Yard,CA,San Diego,33.35651,-117.113599,WECC,CISO,1.5,3.5,1.5,1.5,2,2020,4.0,0.0,0.0,0.0,9mumuf,41.31
60566,Pala Energy Storage Yard,CA,San Diego,33.35651,-117.113599,WECC,CISO,1.5,3.5,1.5,1.5,2,2020,5.0,0.0,0.0,0.0,9mumuf,41.31
60566,Pala Energy Storage Yard,CA,San Diego,33.35651,-117.113599,WECC,CISO,1.5,3.5,1.5,1.5,2,2020,6.0,0.0,0.0,0.0,9mumuf,41.31
60566,Pala Energy Storage Yard,CA,San Diego,33.35651,-117.113599,WECC,CISO,1.5,3.5,1.5,1.5,2,2020,7.0,0.0,0.0,0.0,9mumuf,41.31
60566,Pala Energy Storage Yard,CA,San Diego,33.35651,-117.113599,WECC,CISO,1.5,3.5,1.5,1.5,2,2020,8.0,0.0,0.0,0.0,9mumuf,41.31
60566,Pala Energy Storage Yard,CA,San Diego,33.35651,-117.113599,WECC,CISO,1.5,3.5,1.5,1.5,2,2020,9.0,0.0,0.0,0.0,9mumuf,41.31
60566,Pala Energy Storage Yard,CA,San Diego,33.35651,-117.113599,WECC,CISO,1.5,3.5,1.5,1.5,2,2020,10.0,0.0,0.0,0.0,9mumuf,41.31
60566,Pala Energy Storage Yard,CA,San Diego,33.35651,-117.113599,WECC,CISO,1.5,3.5,1.5,1.5,2,2020,11.0,0.0,0.0,0.0,9mumuf,41.31
60566,Pala Energy Storage Yard,CA,San Diego,33.35651,-117.113599,WECC,CISO,1.5,3.5,1.5,1.5,2,2020,12.0,0.0,0.0,0.0,9mumuf,41.31
60566,Pala Energy Storage Yard,CA,San Diego,33.35651,-117.113599,WECC,CISO,1.5,3.5,1.5,1.5,2,2021,1.0,0.0,0.0,0.0,9mumuf,41.31
60566,Pala Energy Storage Yard,CA,San Diego,33.35651,-117.113599,WECC,CISO,1.5,3.5,1.5,1.5,2,2021,2.0,0.0,0.0,0.0,9mumuf,41.31
60566,Pala Energy Storage Yard,CA,San Diego,33.35651,-117.113599,WECC,CISO,1.5,3.5,1.5,1.5,2,2021,3.0,0.0,0.0,0.0,9mumuf,41.31
60566,Pala Energy Storage Yard,CA,San Diego,33.35651,-117.113599,WECC,CISO,1.5,3.5,1.5,1.5,2,2021,4.0,0.0,0.0,0.0,9mumuf,41.31
60566,Pala Energy Storage Yard,CA,San Diego,33.35651,-117.113599,WECC,CISO,1.5,3.5,1.5,1.5,2,2021,5.0,0.0,0.0,0.0,9mumuf,41.31
60566,Pala Energy Storage Yard,CA,San Diego,33.35651,-117.113599,WECC,CISO,1.5,3.5,1.5,1.5,2,2021,6.0,0.0,0.0,0.0,9mumuf,41.31
60566,Pala Energy Storage Yard,CA,San Diego,33.35651,-117.113599,WECC,CISO,1.5,3.5,1.5,1.5,2,2021,7.0,0.0,0.0,0.0,9mumuf,41.31
60566,Pala Energy Storage Yard,CA,San Diego,33.35651,-117.113599,WECC,CISO,1.5,3.5,1.5,1.5,2,2021,8.0,0.0,0.0,0.0,9mumuf,41.31
60566,Pala Energy Storage Yard,CA,San Diego,33.35651,-117.113599,WECC,CISO,1.5,3.5,1.5,1.5,2,2021,9.0,0.0,0.0,0.0,9mumuf,41.31
60566,Pala Energy Storage Yard,CA,San Diego,33.35651,-117.113599,WECC,CISO,1.5,3.5,1.5,1.5,2,2021,10.0,0.0,0.0,0.0,9mumuf,41.31
60566,Pala Energy Storage Yard,CA,San Diego,33.35651,-117.113599,WECC,CISO,1.5,3.5,1.5,1.5,2,2021,11.0,0.0,0.0,0.0,9mumuf,41.31
60566,Pala Energy Storage Yard,CA,San Diego,33.35651,-117.113599,WECC,CISO,1.5,3.5,1.5,1.5,2,2021,12.0,0.0,0.0,0.0,9mumuf,41.31
60566,Pala Energy Storage Yard,CA,San Diego,33.35651,-117.113599,WECC,CISO,1.0,2.0,1.0,1.0,1,2022,1.0,0.0,0.0,0.0,9mumuf,41.31
60566,Pala Energy Storage Yard,CA,San Diego,33.35651,-117.113599,WECC,CISO,1.0,2.0,1.0,1.0,1,2022,2.0,0.0,0.0,0.0,9mumuf,41.31
60566,Pala Energy Storage Yard,CA,San Diego,33.35651,-117.113599,WECC,CISO,1.0,2.0,1.0,1.0,1,2022,3.0,0.0,0.0,0.0,9mumuf,41.31
60566,Pala Energy Storage Yard,CA,San Diego,33.35651,-117.113599,WECC,CISO,1.0,2.0,1.0,1.0,1,2022,4.0,0.0,0.0,0.0,9mumuf,41.31
60566,Pala Energy Storage Yard,CA,San Diego,33.35651,-117.113599,WECC,CISO,1.0,2.0,1.0,1.0,1,2022,5.0,0.0,0.0,0.0,9mumuf,41.31
60566,Pala Energy Storage Yard,CA,San Diego,33.35651,-117.113599,WECC,CISO,1.0,2.0,1.0,1.0,1,2022,6.0,0.0,0.0,0.0,9mumuf,41.31
60566,Pala Energy Storage Yard,CA,San Diego,33.35651,-117.113599,WECC,CISO,1.0,2.0,1.0,1.0,1,2022,7.0,0.0,0.0,0.0,9mumuf,41.31
60566,Pala Energy Storage Yard,CA,San Diego,33.35651,-117.113599,WECC,CISO,1.0,2.0,1.0,1.0,1,2022,8.0,0.0,0.0,0.0,9mumuf,41.31
60566,Pala Energy Storage Yard,CA,San Diego,33.35651,-117.113599,WECC,CISO,1.0,2.0,1.0,1.0,1,2022,9.0,0.0,0.0,0.0,9mumuf,41.31
60566,Pala Energy Storage Yard,CA,San Diego,33.35651,-117.113599,WECC,CISO,1.0,2.0,1.0,1.0,1,2022,10.0,0.0,0.0,0.0,9mumuf,41.31
60566,Pala Energy Storage Yard,CA,San Diego,33.35651,-117.113599,WECC,CISO,1.0,2.0,1.0,1.0,1,2022,11.0,0.0,0.0,0.0,9mumuf,41.31
60566,Pala Energy Storage Yard,CA,San Diego,33.35651,-117.113599,WECC,CISO,1.0,2.0,1.0,1.0,1,2022,12.0,0.0,0.0,0.0,9mumuf,41.31
60567,Ortega Highway Energy Storage,CA,Orange,33.562061,-117.543777,WECC,CISO,2.0,6.0,2.0,2.0,2,2018,1.0,0.0,0.0,0.0,9mumuf,21.4
60567,Ortega Highway Energy Storage,CA,Orange,33.562061,-117.543777,WECC,CISO,2.0,6.0,2.0,2.0,2,2018,2.0,0.0,0.0,0.0,9mumuf,21.4
60567,Ortega Highway Energy Storage,CA,Orange,33.562061,-117.543777,WECC,CISO,2.0,6.0,2.0,2.0,2,2018,3.0,0.0,0.0,0.0,9mumuf,21.4
60567,Ortega Highway Energy Storage,CA,Orange,33.562061,-117.543777,WECC,CISO,2.0,6.0,2.0,2.0,2,2018,4.0,0.0,0.0,0.0,9mumuf,21.4
60567,Ortega Highway Energy Storage,CA,Orange,33.562061,-117.543777,WECC,CISO,2.0,6.0,2.0,2.0,2,2018,5.0,0.0,0.0,0.0,9mumuf,21.4
60567,Ortega Highway Energy Storage,CA,Orange,33.562061,-117.543777,WECC,CISO,2.0,6.0,2.0,2.0,2,2018,6.0,0.0,0.0,0.0,9mumuf,21.4
60567,Ortega Highway Energy Storage,CA,Orange,33.562061,-117.543777,WECC,CISO,2.0,6.0,2.0,2.0,2,2018,7.0,0.0,0.0,0.0,9mumuf,21.4
60567,Ortega Highway Energy Storage,CA,Orange,33.562061,-117.543777,WECC,CISO,2.0,6.0,2.0,2.0,2,2018,8.0,0.0,0.0,0.0,9mumuf,21.4
60567,Ortega Highway Energy Storage,CA,Orange,33.562061,-117.543777,WECC,CISO,2.0,6.0,2.0,2.0,2,2018,9.0,0.0,0.0,0.0,9mumuf,21.4
60567,Ortega Highway Energy Storage,CA,Orange,33.562061,-117.543777,WECC,CISO,2.0,6.0,2.0,2.0,2,2018,10.0,0.0,0.0,0.0,9mumuf,21.4
60567,Ortega Highway Energy Storage,CA,Orange,33.562061,-117.543777,WECC,CISO,2.0,6.0,2.0,2.0,2,2018,11.0,0.0,0.0,0.0,9mumuf,21.4
60567,Ortega Highway Energy Storage,CA,Orange,33.562061,-117.543777,WECC,CISO,2.0,6.0,2.0,2.0,2,2018,12.0,19.0,15.0,-4.0,9mumuf,21.4
60567,Ortega Highway Energy Storage,CA,Orange,33.562061,-117.543777,WECC,CISO,2.0,6.0,2.0,2.0,2,2019,1.0,0.0,0.0,0.0,9mumuf,21.4
60567,Ortega Highway Energy Storage,CA,Orange,33.562061,-117.543777,WECC,CISO,2.0,6.0,2.0,2.0,2,2019,2.0,0.0,0.0,0.0,9mumuf,21.4
60567,Ortega Highway Energy Storage,CA,Orange,33.562061,-117.543777,WECC,CISO,2.0,6.0,2.0,2.0,2,2019,3.0,0.0,0.0,0.0,9mumuf,21.4
60567,Ortega Highway Energy Storage,CA,Orange,33.562061,-117.543777,WECC,CISO,2.0,6.0,2.0,2.0,2,2019,4.0,0.0,0.0,0.0,9mumuf,21.4
60567,Ortega Highway Energy Storage,CA,Orange,33.562061,-117.543777,WECC,CISO,2.0,6.0,2.0,2.0,2,2019,5.0,0.0,0.0,0.0,9mumuf,21.4
60567,Ortega Highway Energy Storage,CA,Orange,33.562061,-117.543777,WECC,CISO,2.0,6.0,2.0,2.0,2,2019,6.0,0.0,0.0,0.0,9mumuf,21.4
60567,Ortega Highway Energy Storage,CA,Orange,33.562061,-117.543777,WECC,CISO,2.0,6.0,2.0,2.0,2,2019,7.0,0.0,0.0,0.0,9mumuf,21.4
60567,Ortega Highway Energy Storage,CA,Orange,33.562061,-117.543777,WECC,CISO,2.0,6.0,2.0,2.0,2,2019,8.0,0.0,0.0,0.0,9mumuf,21.4
60567,Ortega Highway Energy Storage,CA,Orange,33.562061,-117.543777,WECC,CISO,2.0,6.0,2.0,2.0,2,2019,9.0,0.0,0.0,0.0,9mumuf,21.4
60567,Ortega Highway Energy Storage,CA,Orange,33.562061,-117.543777,WECC,CISO,2.0,6.0,2.0,2.0,2,2019,10.0,0.0,0.0,0.0,9mumuf,21.4
60567,Ortega Highway Energy Storage,CA,Orange,33.562061,-117.543777,WECC,CISO,2.0,6.0,2.0,2.0,2,2019,11.0,0.0,0.0,0.0,9mumuf,21.4
60567,Ortega Highway Energy Storage,CA,Orange,33.562061,-117.543777,WECC,CISO,2.0,6.0,2.0,2.0,2,2019,12.0,7.0,4.0,-3.0,9mumuf,21.4
60567,Ortega Highway Energy Storage,CA,Orange,33.562061,-117.543777,WECC,CISO,2.0,6.0,2.0,2.0,2,2020,1.0,0.0,0.0,0.0,9mumuf,21.4
60567,Ortega Highway Energy Storage,CA,Orange,33.562061,-117.543777,WECC,CISO,2.0,6.0,2.0,2.0,2,2020,2.0,0.0,0.0,0.0,9mumuf,21.4
60567,Ortega Highway Energy Storage,CA,Orange,33.562061,-117.543777,WECC,CISO,2.0,6.0,2.0,2.0,2,2020,3.0,0.0,0.0,0.0,9mumuf,21.4
60567,Ortega Highway Energy Storage,CA,Orange,33.562061,-117.543777,WECC,CISO,2.0,6.0,2.0,2.0,2,2020,4.0,0.0,0.0,0.0,9mumuf,21.4
60567,Ortega Highway Energy Storage,CA,Orange,33.562061,-117.543777,WECC,CISO,2.0,6.0,2.0,2.0,2,2020,5.0,0.0,0.0,0.0,9mumuf,21.4
60567,Ortega Highway Energy Storage,CA,Orange,33.562061,-117.543777,WECC,CISO,2.0,6.0,2.0,2.0,2,2020,6.0,0.0,0.0,0.0,9mumuf,21.4
60567,Ortega Highway Energy Storage,CA,Orange,33.562061,-117.543777,WECC,CISO,2.0,6.0,2.0,2.0,2,2020,7.0,0.0,0.0,0.0,9mumuf,21.4
60567,Ortega Highway Energy Storage,CA,Orange,33.562061,-117.543777,WECC,CISO,2.0,6.0,2.0,2.0,2,2020,8.0,0.0,0.0,0.0,9mumuf,21.4
60567,Ortega Highway Energy Storage,CA,Orange,33.562061,-117.543777,WECC,CISO,2.0,6.0,2.0,2.0,2,2020,9.0,0.0,0.0,0.0,9mumuf,21.4
60567,Ortega Highway Energy Storage,CA,Orange,33.562061,-117.543777,WECC,CISO,2.0,6.0,2.0,2.0,2,2020,10.0,0.0,0.0,0.0,9mumuf,21.4
60567,Ortega Highway Energy Storage,CA,Orange,33.562061,-117.543777,WECC,CISO,2.0,6.0,2.0,2.0,2,2020,11.0,0.0,0.0,0.0,9mumuf,21.4
60567,Ortega Highway Energy Storage,CA,Orange,33.562061,-117.543777,WECC,CISO,2.0,6.0,2.0,2.0,2,2020,12.0,0.0,0.0,0.0,9mumuf,21.4
60567,Ortega Highway Energy Storage,CA,Orange,33.562061,-117.543777,WECC,CISO,2.0,6.0,2.0,2.0,2,2021,1.0,0.0,0.0,0.0,9mumuf,21.4
60567,Ortega Highway Energy Storage,CA,Orange,33.562061,-117.543777,WECC,CISO,2.0,6.0,2.0,2.0,2,2021,2.0,0.0,0.0,0.0,9mumuf,21.4
60567,Ortega Highway Energy Storage,CA,Orange,33.562061,-117.543777,WECC,CISO,2.0,6.0,2.0,2.0,2,2021,3.0,0.0,0.0,0.0,9mumuf,21.4
60567,Ortega Highway Energy Storage,CA,Orange,33.562061,-117.543777,WECC,CISO,2.0,6.0,2.0,2.0,2,2021,4.0,0.0,0.0,0.0,9mumuf,21.4
60567,Ortega Highway Energy Storage,CA,Orange,33.562061,-117.543777,WECC,CISO,2.0,6.0,2.0,2.0,2,2021,5.0,0.0,0.0,0.0,9mumuf,21.4
60567,Ortega Highway Energy Storage,CA,Orange,33.562061,-117.543777,WECC,CISO,2.0,6.0,2.0,2.0,2,2021,6.0,0.0,0.0,0.0,9mumuf,21.4
60567,Ortega Highway Energy Storage,CA,Orange,33.562061,-117.543777,WECC,CISO,2.0,6.0,2.0,2.0,2,2021,7.0,0.0,0.0,0.0,9mumuf,21.4
60567,Ortega Highway Energy Storage,CA,Orange,33.562061,-117.543777,WECC,CISO,2.0,6.0,2.0,2.0,2,2021,8.0,0.0,0.0,0.0,9mumuf,21.4
60567,Ortega Highway Energy Storage,CA,Orange,33.562061,-117.543777,WECC,CISO,2.0,6.0,2.0,2.0,2,2021,9.0,0.0,0.0,0.0,9mumuf,21.4
60567,Ortega Highway Energy Storage,CA,Orange,33.562061,-117.543777,WECC,CISO,2.0,6.0,2.0,2.0,2,2021,10.0,0.0,0.0,0.0,9mumuf,21.4
60567,Ortega Highway Energy Storage,CA,Orange,33.562061,-117.543777,WECC,CISO,2.0,6.0,2.0,2.0,2,2021,11.0,0.0,0.0,0.0,9mumuf,21.4
60567,Ortega Highway Energy Storage,CA,Orange,33.562061,-117.543777,WECC,CISO,2.0,6.0,2.0,2.0,2,2021,12.0,0.0,0.0,0.0,9mumuf,21.4
60567,Ortega Highway Energy Storage,CA,Orange,33.562061,-117.543777,WECC,CISO,2.0,6.0,2.0,2.0,2,2022,1.0,2.0,2.172,-0.234,9mumuf,21.4
60567,Ortega Highway Energy Storage,CA,Orange,33.562061,-117.543777,WECC,CISO,2.0,6.0,2.0,2.0,2,2022,2.0,1.0,2.284,-0.245,9mumuf,21.4
60567,Ortega Highway Energy Storage,CA,Orange,33.562061,-117.543777,WECC,CISO,2.0,6.0,2.0,2.0,2,2022,3.0,2.0,2.114,-0.226,9mumuf,21.4
60567,Ortega Highway Energy Storage,CA,Orange,33.562061,-117.543777,WECC,CISO,2.0,6.0,2.0,2.0,2,2022,4.0,2.0,2.214,-0.237,9mumuf,21.4
60567,Ortega Highway Energy Storage,CA,Orange,33.562061,-117.543777,WECC,CISO,2.0,6.0,2.0,2.0,2,2022,5.0,3.0,2.346,-0.251,9mumuf,21.4
60567,Ortega Highway Energy Storage,CA,Orange,33.562061,-117.543777,WECC,CISO,2.0,6.0,2.0,2.0,2,2022,6.0,3.0,2.37,-0.254,9mumuf,21.4
60567,Ortega Highway Energy Storage,CA,Orange,33.562061,-117.543777,WECC,CISO,2.0,6.0,2.0,2.0,2,2022,7.0,3.0,2.462,-0.264,9mumuf,21.4
60567,Ortega Highway Energy Storage,CA,Orange,33.562061,-117.543777,WECC,CISO,2.0,6.0,2.0,2.0,2,2022,8.0,3.0,2.53,-0.271,9mumuf,21.4
60567,Ortega Highway Energy Storage,CA,Orange,33.562061,-117.543777,WECC,CISO,2.0,6.0,2.0,2.0,2,2022,9.0,3.0,2.268,-0.243,9mumuf,21.4
60567,Ortega Highway Energy Storage,CA,Orange,33.562061,-117.543777,WECC,CISO,2.0,6.0,2.0,2.0,2,2022,10.0,3.0,2.531,-0.271,9mumuf,21.4
60567,Ortega Highway Energy Storage,CA,Orange,33.562061,-117.543777,WECC,CISO,2.0,6.0,2.0,2.0,2,2022,11.0,3.0,2.343,-0.251,9mumuf,21.4
60567,Ortega Highway Energy Storage,CA,Orange,33.562061,-117.543777,WECC,CISO,2.0,6.0,2.0,2.0,2,2022,12.0,3.0,2.366,-0.253,9mumuf,21.4
60568,Canyon Crest Academy,CA,San Diego,32.95907,-117.191622,WECC,CISO,1.0,3.0,1.0,1.0,1,2018,1.0,16.0,14.535,-1.68,9mudw2,20.11
60568,Canyon Crest Academy,CA,San Diego,32.95907,-117.191622,WECC,CISO,1.0,3.0,1.0,1.0,1,2018,2.0,13.0,11.286,-1.304,9mudw2,20.11
60568,Canyon Crest Academy,CA,San Diego,32.95907,-117.191622,WECC,CISO,1.0,3.0,1.0,1.0,1,2018,3.0,18.0,16.423,-1.898,9mudw2,20.11
60568,Canyon Crest Academy,CA,San Diego,32.95907,-117.191622,WECC,CISO,1.0,3.0,1.0,1.0,1,2018,4.0,21.0,18.808,-2.174,9mudw2,20.11
60568,Canyon Crest Academy,CA,San Diego,32.95907,-117.191622,WECC,CISO,1.0,3.0,1.0,1.0,1,2018,5.0,20.0,17.883,-2.067,9mudw2,20.11
60568,Canyon Crest Academy,CA,San Diego,32.95907,-117.191622,WECC,CISO,1.0,3.0,1.0,1.0,1,2018,6.0,20.0,17.575,-2.031,9mudw2,20.11
60568,Canyon Crest Academy,CA,San Diego,32.95907,-117.191622,WECC,CISO,1.0,3.0,1.0,1.0,1,2018,7.0,20.0,17.69,-2.045,9mudw2,20.11
60568,Canyon Crest Academy,CA,San Diego,32.95907,-117.191622,WECC,CISO,1.0,3.0,1.0,1.0,1,2018,8.0,20.0,18.15,-2.098,9mudw2,20.11
60568,Canyon Crest Academy,CA,San Diego,32.95907,-117.191622,WECC,CISO,1.0,3.0,1.0,1.0,1,2018,9.0,18.0,16.483,-1.905,9mudw2,20.11
60568,Canyon Crest Academy,CA,San Diego,32.95907,-117.191622,WECC,CISO,1.0,3.0,1.0,1.0,1,2018,10.0,19.0,17.009,-1.966,9mudw2,20.11
60568,Canyon Crest Academy,CA,San Diego,32.95907,-117.191622,WECC,CISO,1.0,3.0,1.0,1.0,1,2018,11.0,19.0,16.759,-1.937,9mudw2,20.11
60568,Canyon Crest Academy,CA,San Diego,32.95907,-117.191622,WECC,CISO,1.0,3.0,1.0,1.0,1,2018,12.0,18.0,16.399,-1.895,9mudw2,20.11
60568,Canyon Crest Academy,CA,San Diego,32.95907,-117.191622,WECC,CISO,1.0,3.0,1.0,1.0,1,2019,1.0,18.0,15.11,-3.462,9mudw2,20.11
60568,Canyon Crest Academy,CA,San Diego,32.95907,-117.191622,WECC,CISO,1.0,3.0,1.0,1.0,1,2019,2.0,15.0,12.168,-2.785,9mudw2,20.11
60568,Canyon Crest Academy,CA,San Diego,32.95907,-117.191622,WECC,CISO,1.0,3.0,1.0,1.0,1,2019,3.0,17.0,13.802,-3.159,9mudw2,20.11
60568,Canyon Crest Academy,CA,San Diego,32.95907,-117.191622,WECC,CISO,1.0,3.0,1.0,1.0,1,2019,4.0,16.0,12.862,-2.944,9mudw2,20.11
60568,Canyon Crest Academy,CA,San Diego,32.95907,-117.191622,WECC,CISO,1.0,3.0,1.0,1.0,1,2019,5.0,15.0,11.813,-2.704,9mudw2,20.11
60568,Canyon Crest Academy,CA,San Diego,32.95907,-117.191622,WECC,CISO,1.0,3.0,1.0,1.0,1,2019,6.0,17.0,13.936,-3.19,9mudw2,20.11
60568,Canyon Crest Academy,CA,San Diego,32.95907,-117.191622,WECC,CISO,1.0,3.0,1.0,1.0,1,2019,7.0,18.0,14.37,-3.289,9mudw2,20.11
60568,Canyon Crest Academy,CA,San Diego,32.95907,-117.191622,WECC,CISO,1.0,3.0,1.0,1.0,1,2019,8.0,19.0,15.685,-3.59,9mudw2,20.11
60568,Canyon Crest Academy,CA,San Diego,32.95907,-117.191622,WECC,CISO,1.0,3.0,1.0,1.0,1,2019,9.0,17.0,14.102,-3.228,9mudw2,20.11
60568,Canyon Crest Academy,CA,San Diego,32.95907,-117.191622,WECC,CISO,1.0,3.0,1.0,1.0,1,2019,10.0,19.0,15.31,-3.505,9mudw2,20.11
60568,Canyon Crest Academy,CA,San Diego,32.95907,-117.191622,WECC,CISO,1.0,3.0,1.0,1.0,1,2019,11.0,16.0,13.033,-2.983,9mudw2,20.11
60568,Canyon Crest Academy,CA,San Diego,32.95907,-117.191622,WECC,CISO,1.0,3.0,1.0,1.0,1,2019,12.0,17.0,13.809,-3.161,9mudw2,20.11
60568,Canyon Crest Academy,CA,San Diego,32.95907,-117.191622,WECC,CISO,1.0,3.0,1.0,1.0,1,2020,1.0,19.0,17.112,-2.188,9mudw2,20.11
60568,Canyon Crest Academy,CA,San Diego,32.95907,-117.191622,WECC,CISO,1.0,3.0,1.0,1.0,1,2020,2.0,15.0,13.222,-1.691,9mudw2,20.11
60568,Canyon Crest Academy,CA,San Diego,32.95907,-117.191622,WECC,CISO,1.0,3.0,1.0,1.0,1,2020,3.0,23.0,20.289,-2.594,9mudw2,20.11
60568,Canyon Crest Academy,CA,San Diego,32.95907,-117.191622,WECC,CISO,1.0,3.0,1.0,1.0,1,2020,4.0,20.0,17.992,-2.3,9mudw2,20.11
60568,Canyon Crest Academy,CA,San Diego,32.95907,-117.191622,WECC,CISO,1.0,3.0,1.0,1.0,1,2020,5.0,20.0,17.431,-2.229,9mudw2,20.11
60568,Canyon Crest Academy,CA,San Diego,32.95907,-117.191622,WECC,CISO,1.0,3.0,1.0,1.0,1,2020,6.0,17.0,15.481,-1.979,9mudw2,20.11
60568,Canyon Crest Academy,CA,San Diego,32.95907,-117.191622,WECC,CISO,1.0,3.0,1.0,1.0,1,2020,7.0,21.0,18.302,-2.34,9mudw2,20.11
60568,Canyon Crest Academy,CA,San Diego,32.95907,-117.191622,WECC,CISO,1.0,3.0,1.0,1.0,1,2020,8.0,21.0,18.24,-2.332,9mudw2,20.11
60568,Canyon Crest Academy,CA,San Diego,32.95907,-117.191622,WECC,CISO,1.0,3.0,1.0,1.0,1,2020,9.0,22.0,19.72,-2.521,9mudw2,20.11
60568,Canyon Crest Academy,CA,San Diego,32.95907,-117.191622,WECC,CISO,1.0,3.0,1.0,1.0,1,2020,10.0,24.0,21.06,-2.693,9mudw2,20.11
60568,Canyon Crest Academy,CA,San Diego,32.95907,-117.191622,WECC,CISO,1.0,3.0,1.0,1.0,1,2020,11.0,23.0,20.759,-2.654,9mudw2,20.11
60568,Canyon Crest Academy,CA,San Diego,32.95907,-117.191622,WECC,CISO,1.0,3.0,1.0,1.0,1,2020,12.0,22.0,19.392,-2.479,9mudw2,20.11
60568,Canyon Crest Academy,CA,San Diego,32.95907,-117.191622,WECC,CISO,1.0,3.0,1.0,1.0,1,2021,1.0,16.0,12.535,-1.842,9mudw2,20.11
60568,Canyon Crest Academy,CA,San Diego,32.95907,-117.191622,WECC,CISO,1.0,3.0,1.0,1.0,1,2021,2.0,15.0,13.384,-1.968,9mudw2,20.11
60568,Canyon Crest Academy,CA,San Diego,32.95907,-117.191622,WECC,CISO,1.0,3.0,1.0,1.0,1,2021,3.0,17.0,15.058,-2.214,9mudw2,20.11
60568,Canyon Crest Academy,CA,San Diego,32.95907,-117.191622,WECC,CISO,1.0,3.0,1.0,1.0,1,2021,4.0,17.0,14.624,-2.151,9mudw2,20.11
60568,Canyon Crest Academy,CA,San Diego,32.95907,-117.191622,WECC,CISO,1.0,3.0,1.0,1.0,1,2021,5.0,14.0,12.373,-1.82,9mudw2,20.11
60568,Canyon Crest Academy,CA,San Diego,32.95907,-117.191622,WECC,CISO,1.0,3.0,1.0,1.0,1,2021,6.0,16.0,14.279,-2.1,9mudw2,20.11
60568,Canyon Crest Academy,CA,San Diego,32.95907,-117.191622,WECC,CISO,1.0,3.0,1.0,1.0,1,2021,7.0,16.0,14.297,-2.103,9mudw2,20.11
60568,Canyon Crest Academy,CA,San Diego,32.95907,-117.191622,WECC,CISO,1.0,3.0,1.0,1.0,1,2021,8.0,16.0,14.34,-2.109,9mudw2,20.11
60568,Canyon Crest Academy,CA,San Diego,32.95907,-117.191622,WECC,CISO,1.0,3.0,1.0,1.0,1,2021,9.0,18.0,15.93,-2.343,9mudw2,20.11
60568,Canyon Crest Academy,CA,San Diego,32.95907,-117.191622,WECC,CISO,1.0,3.0,1.0,1.0,1,2021,10.0,16.0,13.763,-2.024,9mudw2,20.11
60568,Canyon Crest Academy,CA,San Diego,32.95907,-117.191622,WECC,CISO,1.0,3.0,1.0,1.0,1,2021,11.0,17.0,14.762,-2.171,9mudw2,20.11
60568,Canyon Crest Academy,CA,San Diego,32.95907,-117.191622,WECC,CISO,1.0,3.0,1.0,1.0,1,2021,12.0,17.0,14.655,-2.155,9mudw2,20.11
60568,Canyon Crest Academy,CA,San Diego,32.95907,-117.191622,WECC,CISO,1.0,3.0,1.0,1.0,1,2022,1.0,5.0,9.549,4.892,9mudw2,20.11
60568,Canyon Crest Academy,CA,San Diego,32.95907,-117.191622,WECC,CISO,1.0,3.0,1.0,1.0,1,2022,2.0,5.0,10.032,5.138,9mudw2,20.11
60568,Canyon Crest Academy,CA,San Diego,32.95907,-117.191622,WECC,CISO,1.0,3.0,1.0,1.0,1,2022,3.0,5.0,9.285,4.756,9mudw2,20.11
60568,Canyon Crest Academy,CA,San Diego,32.95907,-117.191622,WECC,CISO,1.0,3.0,1.0,1.0,1,2022,4.0,5.0,9.725,4.981,9mudw2,20.11
60568,Canyon Crest Academy,CA,San Diego,32.95907,-117.191622,WECC,CISO,1.0,3.0,1.0,1.0,1,2022,5.0,5.0,10.306,5.278,9mudw2,20.11
60568,Canyon Crest Academy,CA,San Diego,32.95907,-117.191622,WECC,CISO,1.0,3.0,1.0,1.0,1,2022,6.0,5.0,10.41,5.332,9mudw2,20.11
60568,Canyon Crest Academy,CA,San Diego,32.95907,-117.191622,WECC,CISO,1.0,3.0,1.0,1.0,1,2022,7.0,5.0,10.815,5.54,9mudw2,20.11
60568,Canyon Crest Academy,CA,San Diego,32.95907,-117.191622,WECC,CISO,1.0,3.0,1.0,1.0,1,2022,8.0,5.0,11.112,5.691,9mudw2,20.11
60568,Canyon Crest Academy,CA,San Diego,32.95907,-117.191622,WECC,CISO,1.0,3.0,1.0,1.0,1,2022,9.0,5.0,9.963,5.103,9mudw2,20.11
60568,Canyon Crest Academy,CA,San Diego,32.95907,-117.191622,WECC,CISO,1.0,3.0,1.0,1.0,1,2022,10.0,5.0,11.118,5.694,9mudw2,20.11
60568,Canyon Crest Academy,CA,San Diego,32.95907,-117.191622,WECC,CISO,1.0,3.0,1.0,1.0,1,2022,11.0,5.0,10.293,5.272,9mudw2,20.11
60568,Canyon Crest Academy,CA,San Diego,32.95907,-117.191622,WECC,CISO,1.0,3.0,1.0,1.0,1,2022,12.0,5.0,10.392,5.323,9mudw2,20.11
60569,El Cajon Energy Storage,CA,San Diego,32.8115,-117.050546,WECC,CISO,7.5,30.0,7.5,7.5,1,2018,1.0,412.0,331.0,-81.0,9mudw2,8.72
60569,El Cajon Energy Storage,CA,San Diego,32.8115,-117.050546,WECC,CISO,7.5,30.0,7.5,7.5,1,2018,2.0,476.0,367.0,-109.0,9mudw2,8.72
60569,El Cajon Energy Storage,CA,San Diego,32.8115,-117.050546,WECC,CISO,7.5,30.0,7.5,7.5,1,2018,3.0,586.0,497.0,-89.0,9mudw2,8.72
60569,El Cajon Energy Storage,CA,San Diego,32.8115,-117.050546,WECC,CISO,7.5,30.0,7.5,7.5,1,2018,4.0,696.0,595.0,-101.0,9mudw2,8.72
60569,El Cajon Energy Storage,CA,San Diego,32.8115,-117.050546,WECC,CISO,7.5,30.0,7.5,7.5,1,2018,5.0,845.0,720.0,-125.0,9mudw2,8.72
60569,El Cajon Energy Storage,CA,San Diego,32.8115,-117.050546,WECC,CISO,7.5,30.0,7.5,7.5,1,2018,6.0,667.0,577.0,-90.0,9mudw2,8.72
60569,El Cajon Energy Storage,CA,San Diego,32.8115,-117.050546,WECC,CISO,7.5,30.0,7.5,7.5,1,2018,7.0,839.0,746.0,-93.0,9mudw2,8.72
60569,El Cajon Energy Storage,CA,San Diego,32.8115,-117.050546,WECC,CISO,7.5,30.0,7.5,7.5,1,2018,8.0,887.0,783.0,-104.0,9mudw2,8.72
60569,El Cajon Energy Storage,CA,San Diego,32.8115,-117.050546,WECC,CISO,7.5,30.0,7.5,7.5,1,2018,9.0,775.0,678.0,-97.0,9mudw2,8.72
60569,El Cajon Energy Storage,CA,San Diego,32.8115,-117.050546,WECC,CISO,7.5,30.0,7.5,7.5,1,2018,10.0,781.0,663.0,-118.0,9mudw2,8.72
60569,El Cajon Energy Storage,CA,San Diego,32.8115,-117.050546,WECC,CISO,7.5,30.0,7.5,7.5,1,2018,11.0,651.0,582.0,-69.0,9mudw2,8.72
60569,El Cajon Energy Storage,CA,San Diego,32.8115,-117.050546,WECC,CISO,7.5,30.0,7.5,7.5,1,2018,12.0,662.0,574.0,-88.0,9mudw2,8.72
60569,El Cajon Energy Storage,CA,San Diego,32.8115,-117.050546,WECC,CISO,7.5,30.0,7.5,7.5,1,2019,1.0,628.0,540.0,-88.0,9mudw2,8.72
60569,El Cajon Energy Storage,CA,San Diego,32.8115,-117.050546,WECC,CISO,7.5,30.0,7.5,7.5,1,2019,2.0,523.0,431.0,-92.0,9mudw2,8.72
60569,El Cajon Energy Storage,CA,San Diego,32.8115,-117.050546,WECC,CISO,7.5,30.0,7.5,7.5,1,2019,3.0,659.0,590.0,-69.0,9mudw2,8.72
60569,El Cajon Energy Storage,CA,San Diego,32.8115,-117.050546,WECC,CISO,7.5,30.0,7.5,7.5,1,2019,4.0,525.0,445.0,-80.0,9mudw2,8.72
60569,El Cajon Energy Storage,CA,San Diego,32.8115,-117.050546,WECC,CISO,7.5,30.0,7.5,7.5,1,2019,5.0,597.0,512.0,-85.0,9mudw2,8.72
60569,El Cajon Energy Storage,CA,San Diego,32.8115,-117.050546,WECC,CISO,7.5,30.0,7.5,7.5,1,2019,6.0,451.0,377.0,-74.0,9mudw2,8.72
60569,El Cajon Energy Storage,CA,San Diego,32.8115,-117.050546,WECC,CISO,7.5,30.0,7.5,7.5,1,2019,7.0,559.0,469.0,-90.0,9mudw2,8.72
60569,El Cajon Energy Storage,CA,San Diego,32.8115,-117.050546,WECC,CISO,7.5,30.0,7.5,7.5,1,2019,8.0,607.0,518.0,-89.0,9mudw2,8.72
60569,El Cajon Energy Storage,CA,San Diego,32.8115,-117.050546,WECC,CISO,7.5,30.0,7.5,7.5,1,2019,9.0,542.0,457.0,-85.0,9mudw2,8.72
60569,El Cajon Energy Storage,CA,San Diego,32.8115,-117.050546,WECC,CISO,7.5,30.0,7.5,7.5,1,2019,10.0,364.0,287.0,-77.0,9mudw2,8.72
60569,El Cajon Energy Storage,CA,San Diego,32.8115,-117.050546,WECC,CISO,7.5,30.0,7.5,7.5,1,2019,11.0,273.0,227.0,-46.0,9mudw2,8.72
60569,El Cajon Energy Storage,CA,San Diego,32.8115,-117.050546,WECC,CISO,7.5,30.0,7.5,7.5,1,2019,12.0,337.0,289.0,-48.0,9mudw2,8.72
60569,El Cajon Energy Storage,CA,San Diego,32.8115,-117.050546,WECC,CISO,7.5,30.0,7.5,7.5,1,2020,1.0,127.0,105.0,-22.0,9mudw2,8.72
60569,El Cajon Energy Storage,CA,San Diego,32.8115,-117.050546,WECC,CISO,7.5,30.0,7.5,7.5,1,2020,2.0,421.0,365.0,-56.0,9mudw2,8.72
60569,El Cajon Energy Storage,CA,San Diego,32.8115,-117.050546,WECC,CISO,7.5,30.0,7.5,7.5,1,2020,3.0,522.0,453.0,-69.0,9mudw2,8.72
60569,El Cajon Energy Storage,CA,San Diego,32.8115,-117.050546,WECC,CISO,7.5,30.0,7.5,7.5,1,2020,4.0,317.0,291.0,-26.0,9mudw2,8.72
60569,El Cajon Energy Storage,CA,San Diego,32.8115,-117.050546,WECC,CISO,7.5,30.0,7.5,7.5,1,2020,5.0,396.0,341.0,-55.0,9mudw2,8.72
60569,El Cajon Energy Storage,CA,San Diego,32.8115,-117.050546,WECC,CISO,7.5,30.0,7.5,7.5,1,2020,6.0,442.0,378.0,-64.0,9mudw2,8.72
60569,El Cajon Energy Storage,CA,San Diego,32.8115,-117.050546,WECC,CISO,7.5,30.0,7.5,7.5,1,2020,7.0,378.0,319.0,-59.0,9mudw2,8.72
60569,El Cajon Energy Storage,CA,San Diego,32.8115,-117.050546,WECC,CISO,7.5,30.0,7.5,7.5,1,2020,8.0,434.0,376.0,-58.0,9mudw2,8.72
60569,El Cajon Energy Storage,CA,San Diego,32.8115,-117.050546,WECC,CISO,7.5,30.0,7.5,7.5,1,2020,9.0,531.0,448.0,-83.0,9mudw2,8.72
60569,El Cajon Energy Storage,CA,San Diego,32.8115,-117.050546,WECC,CISO,7.5,30.0,7.5,7.5,1,2020,10.0,453.0,412.0,-41.0,9mudw2,8.72
60569,El Cajon Energy Storage,CA,San Diego,32.8115,-117.050546,WECC,CISO,7.5,30.0,7.5,7.5,1,2020,11.0,568.0,493.0,-75.0,9mudw2,8.72
60569,El Cajon Energy Storage,CA,San Diego,32.8115,-117.050546,WECC,CISO,7.5,30.0,7.5,7.5,1,2020,12.0,592.0,502.0,-90.0,9mudw2,8.72
60569,El Cajon Energy Storage,CA,San Diego,32.8115,-117.050546,WECC,CISO,7.5,30.0,7.5,7.5,1,2021,1.0,569.0,516.0,-54.0,9mudw2,8.72
60569,El Cajon Energy Storage,CA,San Diego,32.8115,-117.050546,WECC,CISO,7.5,30.0,7.5,7.5,1,2021,2.0,563.0,504.0,-59.0,9mudw2,8.72
60569,El Cajon Energy Storage,CA,San Diego,32.8115,-117.050546,WECC,CISO,7.5,30.0,7.5,7.5,1,2021,3.0,579.0,510.0,-69.0,9mudw2,8.72
60569,El Cajon Energy Storage,CA,San Diego,32.8115,-117.050546,WECC,CISO,7.5,30.0,7.5,7.5,1,2021,4.0,567.0,499.0,-68.0,9mudw2,8.72
60569,El Cajon Energy Storage,CA,San Diego,32.8115,-117.050546,WECC,CISO,7.5,30.0,7.5,7.5,1,2021,5.0,633.0,559.0,-74.0,9mudw2,8.72
60569,El Cajon Energy Storage,CA,San Diego,32.8115,-117.050546,WECC,CISO,7.5,30.0,7.5,7.5,1,2021,6.0,605.0,538.0,-67.0,9mudw2,8.72
60569,El Cajon Energy Storage,CA,San Diego,32.8115,-117.050546,WECC,CISO,7.5,30.0,7.5,7.5,1,2021,7.0,561.0,488.0,-73.0,9mudw2,8.72
60569,El Cajon Energy Storage,CA,San Diego,32.8115,-117.050546,WECC,CISO,7.5,30.0,7.5,7.5,1,2021,8.0,577.0,508.0,-69.0,9mudw2,8.72
60569,El Cajon Energy Storage,CA,San Diego,32.8115,-117.050546,WECC,CISO,7.5,30.0,7.5,7.5,1,2021,9.0,568.0,499.0,-69.0,9mudw2,8.72
60569,El Cajon Energy Storage,CA,San Diego,32.8115,-117.050546,WECC,CISO,7.5,30.0,7.5,7.5,1,2021,10.0,436.0,375.0,-61.0,9mudw2,8.72
60569,El Cajon Energy Storage,CA,San Diego,32.8115,-117.050546,WECC,CISO,7.5,30.0,7.5,7.5,1,2021,11.0,451.0,386.0,-65.0,9mudw2,8.72
60569,El Cajon Energy Storage,CA,San Diego,32.8115,-117.050546,WECC,CISO,7.5,30.0,7.5,7.5,1,2021,12.0,470.0,415.0,-55.0,9mudw2,8.72
60569,El Cajon Energy Storage,CA,San Diego,32.8115,-117.050546,WECC,CISO,7.5,30.0,7.5,7.5,1,2022,1.0,243.0,177.0,-66.0,9mudw2,8.72
60569,El Cajon Energy Storage,CA,San Diego,32.8115,-117.050546,WECC,CISO,7.5,30.0,7.5,7.5,1,2022,2.0,170.0,152.0,-18.0,9mudw2,8.72
60569,El Cajon Energy Storage,CA,San Diego,32.8115,-117.050546,WECC,CISO,7.5,30.0,7.5,7.5,1,2022,3.0,283.0,233.0,-50.0,9mudw2,8.72
60569,El Cajon Energy Storage,CA,San Diego,32.8115,-117.050546,WECC,CISO,7.5,30.0,7.5,7.5,1,2022,4.0,205.0,166.0,-39.0,9mudw2,8.72
60569,El Cajon Energy Storage,CA,San Diego,32.8115,-117.050546,WECC,CISO,7.5,30.0,7.5,7.5,1,2022,5.0,369.0,295.0,-74.0,9mudw2,8.72
60569,El Cajon Energy Storage,CA,San Diego,32.8115,-117.050546,WECC,CISO,7.5,30.0,7.5,7.5,1,2022,6.0,565.0,521.0,-44.0,9mudw2,8.72
60569,El Cajon Energy Storage,CA,San Diego,32.8115,-117.050546,WECC,CISO,7.5,30.0,7.5,7.5,1,2022,7.0,515.0,448.0,-67.0,9mudw2,8.72
60569,El Cajon Energy Storage,CA,San Diego,32.8115,-117.050546,WECC,CISO,7.5,30.0,7.5,7.5,1,2022,8.0,322.0,275.0,-47.0,9mudw2,8.72
60569,El Cajon Energy Storage,CA,San Diego,32.8115,-117.050546,WECC,CISO,7.5,30.0,7.5,7.5,1,2022,9.0,632.0,547.0,-85.0,9mudw2,8.72
60569,El Cajon Energy Storage,CA,San Diego,32.8115,-117.050546,WECC,CISO,7.5,30.0,7.5,7.5,1,2022,10.0,456.0,402.0,-54.0,9mudw2,8.72
60569,El Cajon Energy Storage,CA,San Diego,32.8115,-117.050546,WECC,CISO,7.5,30.0,7.5,7.5,1,2022,11.0,388.0,329.0,-59.0,9mudw2,8.72
60569,El Cajon Energy Storage,CA,San Diego,32.8115,-117.050546,WECC,CISO,7.5,30.0,7.5,7.5,1,2022,12.0,332.0,257.0,-75.0,9mudw2,8.72
60570,Escondido Energy Storage,CA,San Diego,33.124446,-117.114274,WECC,CISO,30.0,120.0,30.0,30.0,1,2018,1.0,1897.0,1546.0,-351.0,9mudw2,37.94
60570,Escondido Energy Storage,CA,San Diego,33.124446,-117.114274,WECC,CISO,30.0,120.0,30.0,30.0,1,2018,2.0,2424.0,2030.0,-394.0,9mudw2,37.94
60570,Escondido Energy Storage,CA,San Diego,33.124446,-117.114274,WECC,CISO,30.0,120.0,30.0,30.0,1,2018,3.0,2955.0,2575.0,-380.0,9mudw2,37.94
60570,Escondido Energy Storage,CA,San Diego,33.124446,-117.114274,WECC,CISO,30.0,120.0,30.0,30.0,1,2018,4.0,3418.0,2879.0,-539.0,9mudw2,37.94
60570,Escondido Energy Storage,CA,San Diego,33.124446,-117.114274,WECC,CISO,30.0,120.0,30.0,30.0,1,2018,5.0,3327.0,2786.0,-541.0,9mudw2,37.94
60570,Escondido Energy Storage,CA,San Diego,33.124446,-117.114274,WECC,CISO,30.0,120.0,30.0,30.0,1,2018,6.0,2933.0,2406.0,-527.0,9mudw2,37.94
60570,Escondido Energy Storage,CA,San Diego,33.124446,-117.114274,WECC,CISO,30.0,120.0,30.0,30.0,1,2018,7.0,3850.0,3359.0,-491.0,9mudw2,37.94
60570,Escondido Energy Storage,CA,San Diego,33.124446,-117.114274,WECC,CISO,30.0,120.0,30.0,30.0,1,2018,8.0,3813.0,3322.0,-491.0,9mudw2,37.94
60570,Escondido Energy Storage,CA,San Diego,33.124446,-117.114274,WECC,CISO,30.0,120.0,30.0,30.0,1,2018,9.0,3464.0,3052.0,-412.0,9mudw2,37.94
60570,Escondido Energy Storage,CA,San Diego,33.124446,-117.114274,WECC,CISO,30.0,120.0,30.0,30.0,1,2018,10.0,3522.0,3030.0,-492.0,9mudw2,37.94
60570,Escondido Energy Storage,CA,San Diego,33.124446,-117.114274,WECC,CISO,30.0,120.0,30.0,30.0,1,2018,11.0,4343.0,3867.0,-476.0,9mudw2,37.94
60570,Escondido Energy Storage,CA,San Diego,33.124446,-117.114274,WECC,CISO,30.0,120.0,30.0,30.0,1,2018,12.0,4430.0,3862.0,-568.0,9mudw2,37.94
60570,Escondido Energy Storage,CA,San Diego,33.124446,-117.114274,WECC,CISO,30.0,120.0,30.0,30.0,1,2019,1.0,4585.0,3972.0,-613.0,9mudw2,37.94
60570,Escondido Energy Storage,CA,San Diego,33.124446,-117.114274,WECC,CISO,30.0,120.0,30.0,30.0,1,2019,2.0,4421.0,3932.0,-489.0,9mudw2,37.94
60570,Escondido Energy Storage,CA,San Diego,33.124446,-117.114274,WECC,CISO,30.0,120.0,30.0,30.0,1,2019,3.0,4857.0,4390.0,-467.0,9mudw2,37.94
60570,Escondido Energy Storage,CA,San Diego,33.124446,-117.114274,WECC,CISO,30.0,120.0,30.0,30.0,1,2019,4.0,3870.0,3379.0,-491.0,9mudw2,37.94
60570,Escondido Energy Storage,CA,San Diego,33.124446,-117.114274,WECC,CISO,30.0,120.0,30.0,30.0,1,2019,5.0,4280.0,3769.0,-510.0,9mudw2,37.94
60570,Escondido Energy Storage,CA,San Diego,33.124446,-117.114274,WECC,CISO,30.0,120.0,30.0,30.0,1,2019,6.0,3614.0,3157.0,-457.0,9mudw2,37.94
60570,Escondido Energy Storage,CA,San Diego,33.124446,-117.114274,WECC,CISO,30.0,120.0,30.0,30.0,1,2019,7.0,3385.0,2853.0,-532.0,9mudw2,37.94
60570,Escondido Energy Storage,CA,San Diego,33.124446,-117.114274,WECC,CISO,30.0,120.0,30.0,30.0,1,2019,8.0,2887.0,2515.0,-372.0,9mudw2,37.94
60570,Escondido Energy Storage,CA,San Diego,33.124446,-117.114274,WECC,CISO,30.0,120.0,30.0,30.0,1,2019,9.0,9886.0,8525.0,-1361.0,9mudw2,37.94
60570,Escondido Energy Storage,CA,San Diego,33.124446,-117.114274,WECC,CISO,30.0,120.0,30.0,30.0,1,2019,10.0,2779.0,2431.0,-348.0,9mudw2,37.94
60570,Escondido Energy Storage,CA,San Diego,33.124446,-117.114274,WECC,CISO,30.0,120.0,30.0,30.0,1,2019,11.0,2166.0,1798.0,-367.0,9mudw2,37.94
60570,Escondido Energy Storage,CA,San Diego,33.124446,-117.114274,WECC,CISO,30.0,120.0,30.0,30.0,1,2019,12.0,2325.0,2076.0,-249.0,9mudw2,37.94
60570,Escondido Energy Storage,CA,San Diego,33.124446,-117.114274,WECC,CISO,30.0,120.0,30.0,30.0,1,2020,1.0,1230.0,1122.0,-108.0,9mudw2,37.94
60570,Escondido Energy Storage,CA,San Diego,33.124446,-117.114274,WECC,CISO,30.0,120.0,30.0,30.0,1,2020,2.0,3130.0,2706.0,-424.0,9mudw2,37.94
60570,Escondido Energy Storage,CA,San Diego,33.124446,-117.114274,WECC,CISO,30.0,120.0,30.0,30.0,1,2020,3.0,3156.0,2884.0,-272.0,9mudw2,37.94
60570,Escondido Energy Storage,CA,San Diego,33.124446,-117.114274,WECC,CISO,30.0,120.0,30.0,30.0,1,2020,4.0,2601.0,2218.0,-383.0,9mudw2,37.94
60570,Escondido Energy Storage,CA,San Diego,33.124446,-117.114274,WECC,CISO,30.0,120.0,30.0,30.0,1,2020,5.0,2689.0,2395.0,-294.0,9mudw2,37.94
60570,Escondido Energy Storage,CA,San Diego,33.124446,-117.114274,WECC,CISO,30.0,120.0,30.0,30.0,1,2020,6.0,2452.0,2150.0,-302.0,9mudw2,37.94
60570,Escondido Energy Storage,CA,San Diego,33.124446,-117.114274,WECC,CISO,30.0,120.0,30.0,30.0,1,2020,7.0,1772.0,1483.0,-289.0,9mudw2,37.94
60570,Escondido Energy Storage,CA,San Diego,33.124446,-117.114274,WECC,CISO,30.0,120.0,30.0,30.0,1,2020,8.0,2134.0,1930.0,-204.0,9mudw2,37.94
60570,Escondido Energy Storage,CA,San Diego,33.124446,-117.114274,WECC,CISO,30.0,120.0,30.0,30.0,1,2020,9.0,2998.0,2573.0,-425.0,9mudw2,37.94
60570,Escondido Energy Storage,CA,San Diego,33.124446,-117.114274,WECC,CISO,30.0,120.0,30.0,30.0,1,2020,10.0,2820.0,2542.0,-278.0,9mudw2,37.94
60570,Escondido Energy Storage,CA,San Diego,33.124446,-117.114274,WECC,CISO,30.0,120.0,30.0,30.0,1,2020,11.0,3052.0,2716.0,-336.0,9mudw2,37.94
60570,Escondido Energy Storage,CA,San Diego,33.124446,-117.114274,WECC,CISO,30.0,120.0,30.0,30.0,1,2020,12.0,2961.0,2549.0,-412.0,9mudw2,37.94
60570,Escondido Energy Storage,CA,San Diego,33.124446,-117.114274,WECC,CISO,30.0,120.0,30.0,30.0,1,2021,1.0,2611.0,2339.0,-272.0,9mudw2,37.94
60570,Escondido Energy Storage,CA,San Diego,33.124446,-117.114274,WECC,CISO,30.0,120.0,30.0,30.0,1,2021,2.0,2962.0,2672.0,-290.0,9mudw2,37.94
60570,Escondido Energy Storage,CA,San Diego,33.124446,-117.114274,WECC,CISO,30.0,120.0,30.0,30.0,1,2021,3.0,2568.0,2243.0,-325.0,9mudw2,37.94
60570,Escondido Energy Storage,CA,San Diego,33.124446,-117.114274,WECC,CISO,30.0,120.0,30.0,30.0,1,2021,4.0,2904.0,2566.0,-338.0,9mudw2,37.94
60570,Escondido Energy Storage,CA,San Diego,33.124446,-117.114274,WECC,CISO,30.0,120.0,30.0,30.0,1,2021,5.0,3181.0,2831.0,-350.0,9mudw2,37.94
60570,Escondido Energy Storage,CA,San Diego,33.124446,-117.114274,WECC,CISO,30.0,120.0,30.0,30.0,1,2021,6.0,2829.0,2504.0,-325.0,9mudw2,37.94
60570,Escondido Energy Storage,CA,San Diego,33.124446,-117.114274,WECC,CISO,30.0,120.0,30.0,30.0,1,2021,7.0,2817.0,2478.0,-339.0,9mudw2,37.94
60570,Escondido Energy Storage,CA,San Diego,33.124446,-117.114274,WECC,CISO,30.0,120.0,30.0,30.0,1,2021,8.0,3086.0,2681.0,-405.0,9mudw2,37.94
60570,Escondido Energy Storage,CA,San Diego,33.124446,-117.114274,WECC,CISO,30.0,120.0,30.0,30.0,1,2021,9.0,2957.0,2690.0,-267.0,9mudw2,37.94
60570,Escondido Energy Storage,CA,San Diego,33.124446,-117.114274,WECC,CISO,30.0,120.0,30.0,30.0,1,2021,10.0,3086.0,2691.0,-395.0,9mudw2,37.94
60570,Escondido Energy Storage,CA,San Diego,33.124446,-117.114274,WECC,CISO,30.0,120.0,30.0,30.0,1,2021,11.0,2699.0,2345.0,-354.0,9mudw2,37.94
60570,Escondido Energy Storage,CA,San Diego,33.124446,-117.114274,WECC,CISO,30.0,120.0,30.0,30.0,1,2021,12.0,2287.0,2072.0,-215.0,9mudw2,37.94
60570,Escondido Energy Storage,CA,San Diego,33.124446,-117.114274,WECC,CISO,30.0,120.0,30.0,30.0,1,2022,1.0,2158.0,1849.0,-309.0,9mudw2,37.94
60570,Escondido Energy Storage,CA,San Diego,33.124446,-117.114274,WECC,CISO,30.0,120.0,30.0,30.0,1,2022,2.0,2673.0,2358.0,-315.0,9mudw2,37.94
60570,Escondido Energy Storage,CA,San Diego,33.124446,-117.114274,WECC,CISO,30.0,120.0,30.0,30.0,1,2022,3.0,3037.0,2743.0,-294.0,9mudw2,37.94
60570,Escondido Energy Storage,CA,San Diego,33.124446,-117.114274,WECC,CISO,30.0,120.0,30.0,30.0,1,2022,4.0,2234.0,1934.0,-300.0,9mudw2,37.94
60570,Escondido Energy Storage,CA,San Diego,33.124446,-117.114274,WECC,CISO,30.0,120.0,30.0,30.0,1,2022,5.0,2985.0,2631.0,-354.0,9mudw2,37.94
60570,Escondido Energy Storage,CA,San Diego,33.124446,-117.114274,WECC,CISO,30.0,120.0,30.0,30.0,1,2022,6.0,4374.0,4003.0,-371.0,9mudw2,37.94
60570,Escondido Energy Storage,CA,San Diego,33.124446,-117.114274,WECC,CISO,30.0,120.0,30.0,30.0,1,2022,7.0,3109.0,2750.0,-359.0,9mudw2,37.94
60570,Escondido Energy Storage,CA,San Diego,33.124446,-117.114274,WECC,CISO,30.0,120.0,30.0,30.0,1,2022,8.0,1878.0,1701.0,-177.0,9mudw2,37.94
60570,Escondido Energy Storage,CA,San Diego,33.124446,-117.114274,WECC,CISO,30.0,120.0,30.0,30.0,1,2022,9.0,2541.0,2231.0,-310.0,9mudw2,37.94
60570,Escondido Energy Storage,CA,San Diego,33.124446,-117.114274,WECC,CISO,30.0,120.0,30.0,30.0,1,2022,10.0,2763.0,2509.0,-254.0,9mudw2,37.94
60570,Escondido Energy Storage,CA,San Diego,33.124446,-117.114274,WECC,CISO,30.0,120.0,30.0,30.0,1,2022,11.0,3108.0,2794.0,-314.0,9mudw2,37.94
60570,Escondido Energy Storage,CA,San Diego,33.124446,-117.114274,WECC,CISO,30.0,120.0,30.0,30.0,1,2022,12.0,2141.0,1901.0,-240.0,9mudw2,37.94
60641,Henrietta D Energy Storage LLC,CA,Kings,36.228872,-119.904686,WECC,CISO,10.0,40.0,10.0,10.0,1,2021,,,,,9q6tde,21.85
60641,Henrietta D Energy Storage LLC,CA,Kings,36.228872,-119.904686,WECC,CISO,10.0,40.0,10.0,10.0,1,2022,,,,,9q6tde,21.85
60654,Townsite Solar Project Hybrid,NV,Clark,35.937336,-114.883999,WECC,WALC,90.0,360.0,90.0,90.0,1,2021,1.0,,,,9qqk6u,4.42
60654,Townsite Solar Project Hybrid,NV,Clark,35.937336,-114.883999,WECC,WALC,90.0,360.0,90.0,90.0,1,2021,2.0,,,,9qqk6u,4.42
60654,Townsite Solar Project Hybrid,NV,Clark,35.937336,-114.883999,WECC,WALC,90.0,360.0,90.0,90.0,1,2021,3.0,,,,9qqk6u,4.42
60654,Townsite Solar Project Hybrid,NV,Clark,35.937336,-114.883999,WECC,WALC,90.0,360.0,90.0,90.0,1,2021,4.0,,,,9qqk6u,4.42
60654,Townsite Solar Project Hybrid,NV,Clark,35.937336,-114.883999,WECC,WALC,90.0,360.0,90.0,90.0,1,2021,5.0,,,,9qqk6u,4.42
60654,Townsite Solar Project Hybrid,NV,Clark,35.937336,-114.883999,WECC,WALC,90.0,360.0,90.0,90.0,1,2021,6.0,,,,9qqk6u,4.42
60654,Townsite Solar Project Hybrid,NV,Clark,35.937336,-114.883999,WECC,WALC,90.0,360.0,90.0,90.0,1,2021,7.0,,,,9qqk6u,4.42
60654,Townsite Solar Project Hybrid,NV,Clark,35.937336,-114.883999,WECC,WALC,90.0,360.0,90.0,90.0,1,2021,8.0,,,,9qqk6u,4.42
60654,Townsite Solar Project Hybrid,NV,Clark,35.937336,-114.883999,WECC,WALC,90.0,360.0,90.0,90.0,1,2021,9.0,,,,9qqk6u,4.42
60654,Townsite Solar Project Hybrid,NV,Clark,35.937336,-114.883999,WECC,WALC,90.0,360.0,90.0,90.0,1,2021,10.0,,,,9qqk6u,4.42
60654,Townsite Solar Project Hybrid,NV,Clark,35.937336,-114.883999,WECC,WALC,90.0,360.0,90.0,90.0,1,2021,11.0,,,,9qqk6u,4.42
60654,Townsite Solar Project Hybrid,NV,Clark,35.937336,-114.883999,WECC,WALC,90.0,360.0,90.0,90.0,1,2021,12.0,0.0,0.0,0.0,9qqk6u,4.42
60654,Townsite Solar Project Hybrid,NV,Clark,35.937336,-114.883999,WECC,WALC,90.0,360.0,90.0,90.0,1,2022,1.0,4069.0,3717.0,-352.0,9qqk6u,4.42
60654,Townsite Solar Project Hybrid,NV,Clark,35.937336,-114.883999,WECC,WALC,90.0,360.0,90.0,90.0,1,2022,2.0,9136.0,7684.0,-1452.0,9qqk6u,4.42
60654,Townsite Solar Project Hybrid,NV,Clark,35.937336,-114.883999,WECC,WALC,90.0,360.0,90.0,90.0,1,2022,3.0,11122.0,9712.0,-1410.0,9qqk6u,4.42
60654,Townsite Solar Project Hybrid,NV,Clark,35.937336,-114.883999,WECC,WALC,90.0,360.0,90.0,90.0,1,2022,4.0,11308.0,9871.0,-1437.0,9qqk6u,4.42
60654,Townsite Solar Project Hybrid,NV,Clark,35.937336,-114.883999,WECC,WALC,90.0,360.0,90.0,90.0,1,2022,5.0,11582.0,10011.0,-1571.0,9qqk6u,4.42
60654,Townsite Solar Project Hybrid,NV,Clark,35.937336,-114.883999,WECC,WALC,90.0,360.0,90.0,90.0,1,2022,6.0,10007.0,8841.0,-1166.0,9qqk6u,4.42
60654,Townsite Solar Project Hybrid,NV,Clark,35.937336,-114.883999,WECC,WALC,90.0,360.0,90.0,90.0,1,2022,7.0,11062.0,9522.0,-1540.0,9qqk6u,4.42
60654,Townsite Solar Project Hybrid,NV,Clark,35.937336,-114.883999,WECC,WALC,90.0,360.0,90.0,90.0,1,2022,8.0,11722.0,10309.0,-1413.0,9qqk6u,4.42
60654,Townsite Solar Project Hybrid,NV,Clark,35.937336,-114.883999,WECC,WALC,90.0,360.0,90.0,90.0,1,2022,9.0,11510.0,9845.0,-1665.0,9qqk6u,4.42
60654,Townsite Solar Project Hybrid,NV,Clark,35.937336,-114.883999,WECC,WALC,90.0,360.0,90.0,90.0,1,2022,10.0,11626.0,10216.0,-1411.0,9qqk6u,4.42
60654,Townsite Solar Project Hybrid,NV,Clark,35.937336,-114.883999,WECC,WALC,90.0,360.0,90.0,90.0,1,2022,11.0,9236.0,8084.0,-1152.0,9qqk6u,4.42
60654,Townsite Solar Project Hybrid,NV,Clark,35.937336,-114.883999,WECC,WALC,90.0,360.0,90.0,90.0,1,2022,12.0,10041.0,8794.0,-1247.0,9qqk6u,4.42
60661,Mira Loma Energy Storage Facility,CA,San Bernardino,34.006125,-117.560934,WECC,CISO,20.0,80.0,20.0,20.0,2,2018,1.0,0.0,0.0,0.0,9qh3ky,0.4
60661,Mira Loma Energy Storage Facility,CA,San Bernardino,34.006125,-117.560934,WECC,CISO,20.0,80.0,20.0,20.0,2,2018,2.0,0.0,0.0,0.0,9qh3ky,0.4
60661,Mira Loma Energy Storage Facility,CA,San Bernardino,34.006125,-117.560934,WECC,CISO,20.0,80.0,20.0,20.0,2,2018,3.0,0.0,0.0,0.0,9qh3ky,0.4
60661,Mira Loma Energy Storage Facility,CA,San Bernardino,34.006125,-117.560934,WECC,CISO,20.0,80.0,20.0,20.0,2,2018,4.0,0.0,0.0,0.0,9qh3ky,0.4
60661,Mira Loma Energy Storage Facility,CA,San Bernardino,34.006125,-117.560934,WECC,CISO,20.0,80.0,20.0,20.0,2,2018,5.0,0.0,0.0,0.0,9qh3ky,0.4
60661,Mira Loma Energy Storage Facility,CA,San Bernardino,34.006125,-117.560934,WECC,CISO,20.0,80.0,20.0,20.0,2,2018,6.0,0.0,0.0,0.0,9qh3ky,0.4
60661,Mira Loma Energy Storage Facility,CA,San Bernardino,34.006125,-117.560934,WECC,CISO,20.0,80.0,20.0,20.0,2,2018,7.0,0.0,0.0,0.0,9qh3ky,0.4
60661,Mira Loma Energy Storage Facility,CA,San Bernardino,34.006125,-117.560934,WECC,CISO,20.0,80.0,20.0,20.0,2,2018,8.0,0.0,0.0,0.0,9qh3ky,0.4
60661,Mira Loma Energy Storage Facility,CA,San Bernardino,34.006125,-117.560934,WECC,CISO,20.0,80.0,20.0,20.0,2,2018,9.0,0.0,0.0,0.0,9qh3ky,0.4
60661,Mira Loma Energy Storage Facility,CA,San Bernardino,34.006125,-117.560934,WECC,CISO,20.0,80.0,20.0,20.0,2,2018,10.0,0.0,0.0,0.0,9qh3ky,0.4
60661,Mira Loma Energy Storage Facility,CA,San Bernardino,34.006125,-117.560934,WECC,CISO,20.0,80.0,20.0,20.0,2,2018,11.0,0.0,0.0,0.0,9qh3ky,0.4
60661,Mira Loma Energy Storage Facility,CA,San Bernardino,34.006125,-117.560934,WECC,CISO,20.0,80.0,20.0,20.0,2,2018,12.0,0.0,0.0,0.0,9qh3ky,0.4
60661,Mira Loma Energy Storage Facility,CA,San Bernardino,34.006125,-117.560934,WECC,CISO,20.0,80.0,20.0,20.0,2,2019,1.0,0.0,0.0,0.0,9qh3ky,0.4
60661,Mira Loma Energy Storage Facility,CA,San Bernardino,34.006125,-117.560934,WECC,CISO,20.0,80.0,20.0,20.0,2,2019,2.0,0.0,0.0,0.0,9qh3ky,0.4
60661,Mira Loma Energy Storage Facility,CA,San Bernardino,34.006125,-117.560934,WECC,CISO,20.0,80.0,20.0,20.0,2,2019,3.0,0.0,0.0,0.0,9qh3ky,0.4
60661,Mira Loma Energy Storage Facility,CA,San Bernardino,34.006125,-117.560934,WECC,CISO,20.0,80.0,20.0,20.0,2,2019,4.0,0.0,0.0,0.0,9qh3ky,0.4
60661,Mira Loma Energy Storage Facility,CA,San Bernardino,34.006125,-117.560934,WECC,CISO,20.0,80.0,20.0,20.0,2,2019,5.0,0.0,0.0,0.0,9qh3ky,0.4
60661,Mira Loma Energy Storage Facility,CA,San Bernardino,34.006125,-117.560934,WECC,CISO,20.0,80.0,20.0,20.0,2,2019,6.0,0.0,0.0,0.0,9qh3ky,0.4
60661,Mira Loma Energy Storage Facility,CA,San Bernardino,34.006125,-117.560934,WECC,CISO,20.0,80.0,20.0,20.0,2,2019,7.0,0.0,0.0,0.0,9qh3ky,0.4
60661,Mira Loma Energy Storage Facility,CA,San Bernardino,34.006125,-117.560934,WECC,CISO,20.0,80.0,20.0,20.0,2,2019,8.0,0.0,0.0,0.0,9qh3ky,0.4
60661,Mira Loma Energy Storage Facility,CA,San Bernardino,34.006125,-117.560934,WECC,CISO,20.0,80.0,20.0,20.0,2,2019,9.0,0.0,0.0,0.0,9qh3ky,0.4
60661,Mira Loma Energy Storage Facility,CA,San Bernardino,34.006125,-117.560934,WECC,CISO,20.0,80.0,20.0,20.0,2,2019,10.0,0.0,0.0,0.0,9qh3ky,0.4
60661,Mira Loma Energy Storage Facility,CA,San Bernardino,34.006125,-117.560934,WECC,CISO,20.0,80.0,20.0,20.0,2,2019,11.0,0.0,0.0,0.0,9qh3ky,0.4
60661,Mira Loma Energy Storage Facility,CA,San Bernardino,34.006125,-117.560934,WECC,CISO,20.0,80.0,20.0,20.0,2,2019,12.0,0.0,0.0,0.0,9qh3ky,0.4
60661,Mira Loma Energy Storage Facility,CA,San Bernardino,34.006125,-117.560934,WECC,CISO,20.0,80.0,20.0,20.0,2,2020,1.0,0.0,0.0,0.0,9qh3ky,0.4
60661,Mira Loma Energy Storage Facility,CA,San Bernardino,34.006125,-117.560934,WECC,CISO,20.0,80.0,20.0,20.0,2,2020,2.0,0.0,0.0,0.0,9qh3ky,0.4
60661,Mira Loma Energy Storage Facility,CA,San Bernardino,34.006125,-117.560934,WECC,CISO,20.0,80.0,20.0,20.0,2,2020,3.0,0.0,0.0,0.0,9qh3ky,0.4
60661,Mira Loma Energy Storage Facility,CA,San Bernardino,34.006125,-117.560934,WECC,CISO,20.0,80.0,20.0,20.0,2,2020,4.0,0.0,0.0,0.0,9qh3ky,0.4
60661,Mira Loma Energy Storage Facility,CA,San Bernardino,34.006125,-117.560934,WECC,CISO,20.0,80.0,20.0,20.0,2,2020,5.0,0.0,0.0,0.0,9qh3ky,0.4
60661,Mira Loma Energy Storage Facility,CA,San Bernardino,34.006125,-117.560934,WECC,CISO,20.0,80.0,20.0,20.0,2,2020,6.0,0.0,0.0,0.0,9qh3ky,0.4
60661,Mira Loma Energy Storage Facility,CA,San Bernardino,34.006125,-117.560934,WECC,CISO,20.0,80.0,20.0,20.0,2,2020,7.0,0.0,0.0,0.0,9qh3ky,0.4
60661,Mira Loma Energy Storage Facility,CA,San Bernardino,34.006125,-117.560934,WECC,CISO,20.0,80.0,20.0,20.0,2,2020,8.0,0.0,0.0,0.0,9qh3ky,0.4
60661,Mira Loma Energy Storage Facility,CA,San Bernardino,34.006125,-117.560934,WECC,CISO,20.0,80.0,20.0,20.0,2,2020,9.0,0.0,0.0,0.0,9qh3ky,0.4
60661,Mira Loma Energy Storage Facility,CA,San Bernardino,34.006125,-117.560934,WECC,CISO,20.0,80.0,20.0,20.0,2,2020,10.0,0.0,0.0,0.0,9qh3ky,0.4
60661,Mira Loma Energy Storage Facility,CA,San Bernardino,34.006125,-117.560934,WECC,CISO,20.0,80.0,20.0,20.0,2,2020,11.0,0.0,0.0,0.0,9qh3ky,0.4
60661,Mira Loma Energy Storage Facility,CA,San Bernardino,34.006125,-117.560934,WECC,CISO,20.0,80.0,20.0,20.0,2,2020,12.0,0.0,0.0,0.0,9qh3ky,0.4
60661,Mira Loma Energy Storage Facility,CA,San Bernardino,34.006125,-117.560934,WECC,CISO,20.0,80.0,20.0,20.0,2,2021,1.0,0.0,0.0,0.0,9qh3ky,0.4
60661,Mira Loma Energy Storage Facility,CA,San Bernardino,34.006125,-117.560934,WECC,CISO,20.0,80.0,20.0,20.0,2,2021,2.0,0.0,0.0,0.0,9qh3ky,0.4
60661,Mira Loma Energy Storage Facility,CA,San Bernardino,34.006125,-117.560934,WECC,CISO,20.0,80.0,20.0,20.0,2,2021,3.0,0.0,0.0,0.0,9qh3ky,0.4
60661,Mira Loma Energy Storage Facility,CA,San Bernardino,34.006125,-117.560934,WECC,CISO,20.0,80.0,20.0,20.0,2,2021,4.0,0.0,0.0,0.0,9qh3ky,0.4
60661,Mira Loma Energy Storage Facility,CA,San Bernardino,34.006125,-117.560934,WECC,CISO,20.0,80.0,20.0,20.0,2,2021,5.0,0.0,0.0,0.0,9qh3ky,0.4
60661,Mira Loma Energy Storage Facility,CA,San Bernardino,34.006125,-117.560934,WECC,CISO,20.0,80.0,20.0,20.0,2,2021,6.0,0.0,0.0,0.0,9qh3ky,0.4
60661,Mira Loma Energy Storage Facility,CA,San Bernardino,34.006125,-117.560934,WECC,CISO,20.0,80.0,20.0,20.0,2,2021,7.0,0.0,0.0,0.0,9qh3ky,0.4
60661,Mira Loma Energy Storage Facility,CA,San Bernardino,34.006125,-117.560934,WECC,CISO,20.0,80.0,20.0,20.0,2,2021,8.0,0.0,0.0,0.0,9qh3ky,0.4
60661,Mira Loma Energy Storage Facility,CA,San Bernardino,34.006125,-117.560934,WECC,CISO,20.0,80.0,20.0,20.0,2,2021,9.0,0.0,0.0,0.0,9qh3ky,0.4
60661,Mira Loma Energy Storage Facility,CA,San Bernardino,34.006125,-117.560934,WECC,CISO,20.0,80.0,20.0,20.0,2,2021,10.0,0.0,0.0,0.0,9qh3ky,0.4
60661,Mira Loma Energy Storage Facility,CA,San Bernardino,34.006125,-117.560934,WECC,CISO,20.0,80.0,20.0,20.0,2,2021,11.0,0.0,0.0,0.0,9qh3ky,0.4
60661,Mira Loma Energy Storage Facility,CA,San Bernardino,34.006125,-117.560934,WECC,CISO,20.0,80.0,20.0,20.0,2,2021,12.0,0.0,0.0,0.0,9qh3ky,0.4
60661,Mira Loma Energy Storage Facility,CA,San Bernardino,34.006125,-117.560934,WECC,CISO,20.0,80.0,20.0,20.0,2,2022,1.0,0.0,0.0,0.0,9qh3ky,0.4
60661,Mira Loma Energy Storage Facility,CA,San Bernardino,34.006125,-117.560934,WECC,CISO,20.0,80.0,20.0,20.0,2,2022,2.0,0.0,0.0,0.0,9qh3ky,0.4
60661,Mira Loma Energy Storage Facility,CA,San Bernardino,34.006125,-117.560934,WECC,CISO,20.0,80.0,20.0,20.0,2,2022,3.0,0.0,0.0,0.0,9qh3ky,0.4
60661,Mira Loma Energy Storage Facility,CA,San Bernardino,34.006125,-117.560934,WECC,CISO,20.0,80.0,20.0,20.0,2,2022,4.0,0.0,0.0,0.0,9qh3ky,0.4
60661,Mira Loma Energy Storage Facility,CA,San Bernardino,34.006125,-117.560934,WECC,CISO,20.0,80.0,20.0,20.0,2,2022,5.0,0.0,0.0,0.0,9qh3ky,0.4
60661,Mira Loma Energy Storage Facility,CA,San Bernardino,34.006125,-117.560934,WECC,CISO,20.0,80.0,20.0,20.0,2,2022,6.0,0.0,0.0,0.0,9qh3ky,0.4
60661,Mira Loma Energy Storage Facility,CA,San Bernardino,34.006125,-117.560934,WECC,CISO,20.0,80.0,20.0,20.0,2,2022,7.0,0.0,0.0,0.0,9qh3ky,0.4
60661,Mira Loma Energy Storage Facility,CA,San Bernardino,34.006125,-117.560934,WECC,CISO,20.0,80.0,20.0,20.0,2,2022,8.0,0.0,0.0,0.0,9qh3ky,0.4
60661,Mira Loma Energy Storage Facility,CA,San Bernardino,34.006125,-117.560934,WECC,CISO,20.0,80.0,20.0,20.0,2,2022,9.0,0.0,0.0,0.0,9qh3ky,0.4
60661,Mira Loma Energy Storage Facility,CA,San Bernardino,34.006125,-117.560934,WECC,CISO,20.0,80.0,20.0,20.0,2,2022,10.0,0.0,0.0,0.0,9qh3ky,0.4
60661,Mira Loma Energy Storage Facility,CA,San Bernardino,34.006125,-117.560934,WECC,CISO,20.0,80.0,20.0,20.0,2,2022,11.0,0.0,0.0,0.0,9qh3ky,0.4
60661,Mira Loma Energy Storage Facility,CA,San Bernardino,34.006125,-117.560934,WECC,CISO,20.0,80.0,20.0,20.0,2,2022,12.0,0.0,0.0,0.0,9qh3ky,0.4
60698,Stanton Energy Reliability Center Hybrid,CA,Orange,33.806801,-117.985758,WECC,CISO,20.0,9.0,20.0,20.0,2,2020,1.0,,,,9mupsy,13.97
60698,Stanton Energy Reliability Center Hybrid,CA,Orange,33.806801,-117.985758,WECC,CISO,20.0,9.0,20.0,20.0,2,2020,2.0,,,,9mupsy,13.97
60698,Stanton Energy Reliability Center Hybrid,CA,Orange,33.806801,-117.985758,WECC,CISO,20.0,9.0,20.0,20.0,2,2020,3.0,,,,9mupsy,13.97
60698,Stanton Energy Reliability Center Hybrid,CA,Orange,33.806801,-117.985758,WECC,CISO,20.0,9.0,20.0,20.0,2,2020,4.0,,,,9mupsy,13.97
60698,Stanton Energy Reliability Center Hybrid,CA,Orange,33.806801,-117.985758,WECC,CISO,20.0,9.0,20.0,20.0,2,2020,5.0,,,,9mupsy,13.97
60698,Stanton Energy Reliability Center Hybrid,CA,Orange,33.806801,-117.985758,WECC,CISO,20.0,9.0,20.0,20.0,2,2020,6.0,,,,9mupsy,13.97
60698,Stanton Energy Reliability Center Hybrid,CA,Orange,33.806801,-117.985758,WECC,CISO,20.0,9.0,20.0,20.0,2,2020,7.0,,,,9mupsy,13.97
60698,Stanton Energy Reliability Center Hybrid,CA,Orange,33.806801,-117.985758,WECC,CISO,20.0,9.0,20.0,20.0,2,2020,8.0,30.0,35.0,5.0,9mupsy,13.97
60698,Stanton Energy Reliability Center Hybrid,CA,Orange,33.806801,-117.985758,WECC,CISO,20.0,9.0,20.0,20.0,2,2020,9.0,34.0,32.0,-2.0,9mupsy,13.97
60698,Stanton Energy Reliability Center Hybrid,CA,Orange,33.806801,-117.985758,WECC,CISO,20.0,9.0,20.0,20.0,2,2020,10.0,15.0,12.0,-3.0,9mupsy,13.97
60698,Stanton Energy Reliability Center Hybrid,CA,Orange,33.806801,-117.985758,WECC,CISO,20.0,9.0,20.0,20.0,2,2020,11.0,5.0,5.0,0.0,9mupsy,13.97
60698,Stanton Energy Reliability Center Hybrid,CA,Orange,33.806801,-117.985758,WECC,CISO,20.0,9.0,20.0,20.0,2,2020,12.0,7.0,3.0,-4.0,9mupsy,13.97
60698,Stanton Energy Reliability Center Hybrid,CA,Orange,33.806801,-117.985758,WECC,CISO,20.0,9.0,20.0,20.0,2,2021,1.0,7.0,3.0,-4.0,9mupsy,13.97
60698,Stanton Energy Reliability Center Hybrid,CA,Orange,33.806801,-117.985758,WECC,CISO,20.0,9.0,20.0,20.0,2,2021,2.0,20.0,13.0,-7.0,9mupsy,13.97
60698,Stanton Energy Reliability Center Hybrid,CA,Orange,33.806801,-117.985758,WECC,CISO,20.0,9.0,20.0,20.0,2,2021,3.0,32.0,18.0,-14.0,9mupsy,13.97
60698,Stanton Energy Reliability Center Hybrid,CA,Orange,33.806801,-117.985758,WECC,CISO,20.0,9.0,20.0,20.0,2,2021,4.0,69.0,25.0,-44.0,9mupsy,13.97
60698,Stanton Energy Reliability Center Hybrid,CA,Orange,33.806801,-117.985758,WECC,CISO,20.0,9.0,20.0,20.0,2,2021,5.0,151.0,15.0,-136.0,9mupsy,13.97
60698,Stanton Energy Reliability Center Hybrid,CA,Orange,33.806801,-117.985758,WECC,CISO,20.0,9.0,20.0,20.0,2,2021,6.0,120.0,12.0,-108.0,9mupsy,13.97
60698,Stanton Energy Reliability Center Hybrid,CA,Orange,33.806801,-117.985758,WECC,CISO,20.0,9.0,20.0,20.0,2,2021,7.0,134.0,17.0,-117.0,9mupsy,13.97
60698,Stanton Energy Reliability Center Hybrid,CA,Orange,33.806801,-117.985758,WECC,CISO,20.0,9.0,20.0,20.0,2,2021,8.0,195.0,27.0,-168.0,9mupsy,13.97
60698,Stanton Energy Reliability Center Hybrid,CA,Orange,33.806801,-117.985758,WECC,CISO,20.0,9.0,20.0,20.0,2,2021,9.0,173.0,26.0,-147.0,9mupsy,13.97
60698,Stanton Energy Reliability Center Hybrid,CA,Orange,33.806801,-117.985758,WECC,CISO,20.0,9.0,20.0,20.0,2,2021,10.0,204.0,54.0,-150.0,9mupsy,13.97
60698,Stanton Energy Reliability Center Hybrid,CA,Orange,33.806801,-117.985758,WECC,CISO,20.0,9.0,20.0,20.0,2,2021,11.0,130.0,29.0,-101.0,9mupsy,13.97
60698,Stanton Energy Reliability Center Hybrid,CA,Orange,33.806801,-117.985758,WECC,CISO,20.0,9.0,20.0,20.0,2,2021,12.0,163.0,25.0,-138.0,9mupsy,13.97
60698,Stanton Energy Reliability Center Hybrid,CA,Orange,33.806801,-117.985758,WECC,CISO,20.0,9.0,20.0,20.0,2,2022,1.0,169.0,23.0,-146.0,9mupsy,13.97
60698,Stanton Energy Reliability Center Hybrid,CA,Orange,33.806801,-117.985758,WECC,CISO,20.0,9.0,20.0,20.0,2,2022,2.0,145.0,29.0,-116.0,9mupsy,13.97
60698,Stanton Energy Reliability Center Hybrid,CA,Orange,33.806801,-117.985758,WECC,CISO,20.0,9.0,20.0,20.0,2,2022,3.0,103.0,38.0,-65.0,9mupsy,13.97
60698,Stanton Energy Reliability Center Hybrid,CA,Orange,33.806801,-117.985758,WECC,CISO,20.0,9.0,20.0,20.0,2,2022,4.0,127.0,46.0,-81.0,9mupsy,13.97
60698,Stanton Energy Reliability Center Hybrid,CA,Orange,33.806801,-117.985758,WECC,CISO,20.0,9.0,20.0,20.0,2,2022,5.0,120.0,32.0,-88.0,9mupsy,13.97
60698,Stanton Energy Reliability Center Hybrid,CA,Orange,33.806801,-117.985758,WECC,CISO,20.0,9.0,20.0,20.0,2,2022,6.0,112.0,34.0,-78.0,9mupsy,13.97
60698,Stanton Energy Reliability Center Hybrid,CA,Orange,33.806801,-117.985758,WECC,CISO,20.0,9.0,20.0,20.0,2,2022,7.0,85.0,13.0,-72.0,9mupsy,13.97
60698,Stanton Energy Reliability Center Hybrid,CA,Orange,33.806801,-117.985758,WECC,CISO,20.0,9.0,20.0,20.0,2,2022,8.0,99.0,24.0,-75.0,9mupsy,13.97
60698,Stanton Energy Reliability Center Hybrid,CA,Orange,33.806801,-117.985758,WECC,CISO,20.0,9.0,20.0,20.0,2,2022,9.0,52.0,19.0,-33.0,9mupsy,13.97
60698,Stanton Energy Reliability Center Hybrid,CA,Orange,33.806801,-117.985758,WECC,CISO,20.0,9.0,20.0,20.0,2,2022,10.0,115.0,31.0,-84.0,9mupsy,13.97
60698,Stanton Energy Reliability Center Hybrid,CA,Orange,33.806801,-117.985758,WECC,CISO,20.0,9.0,20.0,20.0,2,2022,11.0,97.0,34.0,-63.0,9mupsy,13.97
60698,Stanton Energy Reliability Center Hybrid,CA,Orange,33.806801,-117.985758,WECC,CISO,20.0,9.0,20.0,20.0,2,2022,12.0,83.0,16.0,-67.0,9mupsy,13.97
60699,DESI-1 Battery Energy Storage Facility,CA,Orange,33.799248,-117.873371,WECC,CISO,2.4,3.9,2.4,2.4,1,2022,1.0,0.0,0.0,0.0,9qh0rw,8.36
60699,DESI-1 Battery Energy Storage Facility,CA,Orange,33.799248,-117.873371,WECC,CISO,2.4,3.9,2.4,2.4,1,2022,2.0,0.0,0.0,0.0,9qh0rw,8.36
60699,DESI-1 Battery Energy Storage Facility,CA,Orange,33.799248,-117.873371,WECC,CISO,2.4,3.9,2.4,2.4,1,2022,3.0,0.0,0.0,0.0,9qh0rw,8.36
60699,DESI-1 Battery Energy Storage Facility,CA,Orange,33.799248,-117.873371,WECC,CISO,2.4,3.9,2.4,2.4,1,2022,4.0,0.0,0.0,0.0,9qh0rw,8.36
60699,DESI-1 Battery Energy Storage Facility,CA,Orange,33.799248,-117.873371,WECC,CISO,2.4,3.9,2.4,2.4,1,2022,5.0,0.0,0.0,0.0,9qh0rw,8.36
60699,DESI-1 Battery Energy Storage Facility,CA,Orange,33.799248,-117.873371,WECC,CISO,2.4,3.9,2.4,2.4,1,2022,6.0,0.0,0.0,0.0,9qh0rw,8.36
60699,DESI-1 Battery Energy Storage Facility,CA,Orange,33.799248,-117.873371,WECC,CISO,2.4,3.9,2.4,2.4,1,2022,7.0,0.0,0.0,0.0,9qh0rw,8.36
60699,DESI-1 Battery Energy Storage Facility,CA,Orange,33.799248,-117.873371,WECC,CISO,2.4,3.9,2.4,2.4,1,2022,8.0,0.0,0.0,0.0,9qh0rw,8.36
60699,DESI-1 Battery Energy Storage Facility,CA,Orange,33.799248,-117.873371,WECC,CISO,2.4,3.9,2.4,2.4,1,2022,9.0,0.0,0.0,0.0,9qh0rw,8.36
60699,DESI-1 Battery Energy Storage Facility,CA,Orange,33.799248,-117.873371,WECC,CISO,2.4,3.9,2.4,2.4,1,2022,10.0,0.0,0.0,0.0,9qh0rw,8.36
60699,DESI-1 Battery Energy Storage Facility,CA,Orange,33.799248,-117.873371,WECC,CISO,2.4,3.9,2.4,2.4,1,2022,11.0,0.0,0.0,0.0,9qh0rw,8.36
60699,DESI-1 Battery Energy Storage Facility,CA,Orange,33.799248,-117.873371,WECC,CISO,2.4,3.9,2.4,2.4,1,2022,12.0,0.0,0.0,0.0,9qh0rw,8.36
60760,Millikan BESS,CA,Orange,33.691,-117.833,WECC,CISO,2.0,8.0,2.0,2.0,1,2018,1.0,149.0,122.852,-25.564,9mupsy,7.29
60760,Millikan BESS,CA,Orange,33.691,-117.833,WECC,CISO,2.0,8.0,2.0,2.0,1,2018,2.0,115.0,95.394,-19.85,9mupsy,7.29
60760,Millikan BESS,CA,Orange,33.691,-117.833,WECC,CISO,2.0,8.0,2.0,2.0,1,2018,3.0,168.0,138.808,-28.884,9mupsy,7.29
60760,Millikan BESS,CA,Orange,33.691,-117.833,WECC,CISO,2.0,8.0,2.0,2.0,1,2018,4.0,192.0,158.967,-33.079,9mupsy,7.29
60760,Millikan BESS,CA,Orange,33.691,-117.833,WECC,CISO,2.0,8.0,2.0,2.0,1,2018,5.0,183.0,151.155,-31.453,9mupsy,7.29
60760,Millikan BESS,CA,Orange,33.691,-117.833,WECC,CISO,2.0,8.0,2.0,2.0,1,2018,6.0,179.0,148.552,-30.912,9mupsy,7.29
60760,Millikan BESS,CA,Orange,33.691,-117.833,WECC,CISO,2.0,8.0,2.0,2.0,1,2018,7.0,181.0,149.519,-31.113,9mupsy,7.29
60760,Millikan BESS,CA,Orange,33.691,-117.833,WECC,CISO,2.0,8.0,2.0,2.0,1,2018,8.0,185.0,153.405,-31.921,9mupsy,7.29
60760,Millikan BESS,CA,Orange,33.691,-117.833,WECC,CISO,2.0,8.0,2.0,2.0,1,2018,9.0,168.0,139.322,-28.991,9mupsy,7.29
60760,Millikan BESS,CA,Orange,33.691,-117.833,WECC,CISO,2.0,8.0,2.0,2.0,1,2018,10.0,174.0,143.765,-29.915,9mupsy,7.29
60760,Millikan BESS,CA,Orange,33.691,-117.833,WECC,CISO,2.0,8.0,2.0,2.0,1,2018,11.0,171.0,141.649,-29.475,9mupsy,7.29
60760,Millikan BESS,CA,Orange,33.691,-117.833,WECC,CISO,2.0,8.0,2.0,2.0,1,2018,12.0,167.0,138.612,-28.843,9mupsy,7.29
60760,Millikan BESS,CA,Orange,33.691,-117.833,WECC,CISO,2.0,8.0,2.0,2.0,1,2019,1.0,259.0,213.301,-46.156,9mupsy,7.29
60760,Millikan BESS,CA,Orange,33.691,-117.833,WECC,CISO,2.0,8.0,2.0,2.0,1,2019,2.0,209.0,171.74,-37.163,9mupsy,7.29
60760,Millikan BESS,CA,Orange,33.691,-117.833,WECC,CISO,2.0,8.0,2.0,2.0,1,2019,3.0,237.0,194.806,-42.154,9mupsy,7.29
60760,Millikan BESS,CA,Orange,33.691,-117.833,WECC,CISO,2.0,8.0,2.0,2.0,1,2019,4.0,221.0,181.534,-39.282,9mupsy,7.29
60760,Millikan BESS,CA,Orange,33.691,-117.833,WECC,CISO,2.0,8.0,2.0,2.0,1,2019,5.0,203.0,166.73,-36.079,9mupsy,7.29
60760,Millikan BESS,CA,Orange,33.691,-117.833,WECC,CISO,2.0,8.0,2.0,2.0,1,2019,6.0,239.0,196.698,-42.563,9mupsy,7.29
60760,Millikan BESS,CA,Orange,33.691,-117.833,WECC,CISO,2.0,8.0,2.0,2.0,1,2019,7.0,247.0,202.824,-43.889,9mupsy,7.29
60760,Millikan BESS,CA,Orange,33.691,-117.833,WECC,CISO,2.0,8.0,2.0,2.0,1,2019,8.0,269.0,221.381,-47.904,9mupsy,7.29
60760,Millikan BESS,CA,Orange,33.691,-117.833,WECC,CISO,2.0,8.0,2.0,2.0,1,2019,9.0,242.0,199.043,-43.071,9mupsy,7.29
60760,Millikan BESS,CA,Orange,33.691,-117.833,WECC,CISO,2.0,8.0,2.0,2.0,1,2019,10.0,263.0,216.092,-46.76,9mupsy,7.29
60760,Millikan BESS,CA,Orange,33.691,-117.833,WECC,CISO,2.0,8.0,2.0,2.0,1,2019,11.0,224.0,183.951,-39.805,9mupsy,7.29
60760,Millikan BESS,CA,Orange,33.691,-117.833,WECC,CISO,2.0,8.0,2.0,2.0,1,2019,12.0,237.0,194.9,-42.174,9mupsy,7.29
60760,Millikan BESS,CA,Orange,33.691,-117.833,WECC,CISO,2.0,8.0,2.0,2.0,1,2020,1.0,141.0,118.46,-22.974,9mupsy,7.29
60760,Millikan BESS,CA,Orange,33.691,-117.833,WECC,CISO,2.0,8.0,2.0,2.0,1,2020,2.0,109.0,91.53,-17.75,9mupsy,7.29
60760,Millikan BESS,CA,Orange,33.691,-117.833,WECC,CISO,2.0,8.0,2.0,2.0,1,2020,3.0,168.0,140.449,-27.238,9mupsy,7.29
60760,Millikan BESS,CA,Orange,33.691,-117.833,WECC,CISO,2.0,8.0,2.0,2.0,1,2020,4.0,149.0,124.544,-24.153,9mupsy,7.29
60760,Millikan BESS,CA,Orange,33.691,-117.833,WECC,CISO,2.0,8.0,2.0,2.0,1,2020,5.0,144.0,120.662,-23.4,9mupsy,7.29
60760,Millikan BESS,CA,Orange,33.691,-117.833,WECC,CISO,2.0,8.0,2.0,2.0,1,2020,6.0,128.0,107.162,-20.782,9mupsy,7.29
60760,Millikan BESS,CA,Orange,33.691,-117.833,WECC,CISO,2.0,8.0,2.0,2.0,1,2020,7.0,151.0,126.696,-24.57,9mupsy,7.29
60760,Millikan BESS,CA,Orange,33.691,-117.833,WECC,CISO,2.0,8.0,2.0,2.0,1,2020,8.0,151.0,126.267,-24.487,9mupsy,7.29
60760,Millikan BESS,CA,Orange,33.691,-117.833,WECC,CISO,2.0,8.0,2.0,2.0,1,2020,9.0,163.0,136.506,-26.473,9mupsy,7.29
60760,Millikan BESS,CA,Orange,33.691,-117.833,WECC,CISO,2.0,8.0,2.0,2.0,1,2020,10.0,174.0,145.783,-28.272,9mupsy,7.29
60760,Millikan BESS,CA,Orange,33.691,-117.833,WECC,CISO,2.0,8.0,2.0,2.0,1,2020,11.0,172.0,143.701,-27.868,9mupsy,7.29
60760,Millikan BESS,CA,Orange,33.691,-117.833,WECC,CISO,2.0,8.0,2.0,2.0,1,2020,12.0,160.0,134.24,-26.033,9mupsy,7.29
60760,Millikan BESS,CA,Orange,33.691,-117.833,WECC,CISO,2.0,8.0,2.0,2.0,1,2021,1.0,133.0,110.601,-22.122,9mupsy,7.29
60760,Millikan BESS,CA,Orange,33.691,-117.833,WECC,CISO,2.0,8.0,2.0,2.0,1,2021,2.0,142.0,118.097,-23.619,9mupsy,7.29
60760,Millikan BESS,CA,Orange,33.691,-117.833,WECC,CISO,2.0,8.0,2.0,2.0,1,2021,3.0,159.0,132.862,-26.572,9mupsy,7.29
60760,Millikan BESS,CA,Orange,33.691,-117.833,WECC,CISO,2.0,8.0,2.0,2.0,1,2021,4.0,155.0,129.032,-25.806,9mupsy,7.29
60760,Millikan BESS,CA,Orange,33.691,-117.833,WECC,CISO,2.0,8.0,2.0,2.0,1,2021,5.0,131.0,109.178,-21.836,9mupsy,7.29
60760,Millikan BESS,CA,Orange,33.691,-117.833,WECC,CISO,2.0,8.0,2.0,2.0,1,2021,6.0,151.0,125.992,-25.198,9mupsy,7.29
60760,Millikan BESS,CA,Orange,33.691,-117.833,WECC,CISO,2.0,8.0,2.0,2.0,1,2021,7.0,151.0,126.151,-25.23,9mupsy,7.29
60760,Millikan BESS,CA,Orange,33.691,-117.833,WECC,CISO,2.0,8.0,2.0,2.0,1,2021,8.0,152.0,126.526,-25.305,9mupsy,7.29
60760,Millikan BESS,CA,Orange,33.691,-117.833,WECC,CISO,2.0,8.0,2.0,2.0,1,2021,9.0,169.0,140.559,-28.112,9mupsy,7.29
60760,Millikan BESS,CA,Orange,33.691,-117.833,WECC,CISO,2.0,8.0,2.0,2.0,1,2021,10.0,146.0,121.436,-24.287,9mupsy,7.29
60760,Millikan BESS,CA,Orange,33.691,-117.833,WECC,CISO,2.0,8.0,2.0,2.0,1,2021,11.0,156.0,130.257,-26.051,9mupsy,7.29
60760,Millikan BESS,CA,Orange,33.691,-117.833,WECC,CISO,2.0,8.0,2.0,2.0,1,2021,12.0,155.0,129.309,-25.862,9mupsy,7.29
60760,PPA Grand,CA,Orange,33.691,-117.833,WECC,CISO,2.0,8.0,2.0,2.0,1,2022,1.0,105.0,86.256,-16.925,9mupsy,7.29
60760,PPA Grand,CA,Orange,33.691,-117.833,WECC,CISO,2.0,8.0,2.0,2.0,1,2022,2.0,108.0,90.614,-17.78,9mupsy,7.29
60760,PPA Grand,CA,Orange,33.691,-117.833,WECC,CISO,2.0,8.0,2.0,2.0,1,2022,3.0,100.0,83.87,-16.457,9mupsy,7.29
60760,PPA Grand,CA,Orange,33.691,-117.833,WECC,CISO,2.0,8.0,2.0,2.0,1,2022,4.0,105.0,87.842,-17.236,9mupsy,7.29
60760,PPA Grand,CA,Orange,33.691,-117.833,WECC,CISO,2.0,8.0,2.0,2.0,1,2022,5.0,111.0,93.085,-18.265,9mupsy,7.29
60760,PPA Grand,CA,Orange,33.691,-117.833,WECC,CISO,2.0,8.0,2.0,2.0,1,2022,6.0,112.0,94.028,-18.45,9mupsy,7.29
60760,PPA Grand,CA,Orange,33.691,-117.833,WECC,CISO,2.0,8.0,2.0,2.0,1,2022,7.0,117.0,97.69,-19.169,9mupsy,7.29
60760,PPA Grand,CA,Orange,33.691,-117.833,WECC,CISO,2.0,8.0,2.0,2.0,1,2022,8.0,120.0,100.367,-19.694,9mupsy,7.29
60760,PPA Grand,CA,Orange,33.691,-117.833,WECC,CISO,2.0,8.0,2.0,2.0,1,2022,9.0,108.0,89.99,-17.658,9mupsy,7.29
60760,PPA Grand,CA,Orange,33.691,-117.833,WECC,CISO,2.0,8.0,2.0,2.0,1,2022,10.0,120.0,100.421,-19.705,9mupsy,7.29
60760,PPA Grand,CA,Orange,33.691,-117.833,WECC,CISO,2.0,8.0,2.0,2.0,1,2022,11.0,111.0,92.969,-18.242,9mupsy,7.29
60760,PPA Grand,CA,Orange,33.691,-117.833,WECC,CISO,2.0,8.0,2.0,2.0,1,2022,12.0,112.0,93.868,-18.419,9mupsy,7.29
60974,Glendale Battery Energy Storage System,CA,Los Angeles,34.162327,-118.283684,WECC,LDWP,2.0,1.0,1.0,2.0,1,2018,1.0,9.0,16.144,6.574,9q5fm0,3.2
60974,Glendale Battery Energy Storage System,CA,Los Angeles,34.162327,-118.283684,WECC,LDWP,2.0,1.0,1.0,2.0,1,2018,2.0,7.0,12.534,5.104,9q5fm0,3.2
60974,Glendale Battery Energy Storage System,CA,Los Angeles,34.162327,-118.283684,WECC,LDWP,2.0,1.0,1.0,2.0,1,2018,3.0,11.0,18.238,7.427,9q5fm0,3.2
60974,Glendale Battery Energy Storage System,CA,Los Angeles,34.162327,-118.283684,WECC,LDWP,2.0,1.0,1.0,2.0,1,2018,4.0,12.0,20.887,8.506,9q5fm0,3.2
60974,Glendale Battery Energy Storage System,CA,Los Angeles,34.162327,-118.283684,WECC,LDWP,2.0,1.0,1.0,2.0,1,2018,5.0,12.0,19.86,8.088,9q5fm0,3.2
60974,Glendale Battery Energy Storage System,CA,Los Angeles,34.162327,-118.283684,WECC,LDWP,2.0,1.0,1.0,2.0,1,2018,6.0,12.0,19.518,7.949,9q5fm0,3.2
60974,Glendale Battery Energy Storage System,CA,Los Angeles,34.162327,-118.283684,WECC,LDWP,2.0,1.0,1.0,2.0,1,2018,7.0,12.0,19.645,8.0,9q5fm0,3.2
60974,Glendale Battery Energy Storage System,CA,Los Angeles,34.162327,-118.283684,WECC,LDWP,2.0,1.0,1.0,2.0,1,2018,8.0,12.0,20.156,8.208,9q5fm0,3.2
60974,Glendale Battery Energy Storage System,CA,Los Angeles,34.162327,-118.283684,WECC,LDWP,2.0,1.0,1.0,2.0,1,2018,9.0,11.0,18.306,7.455,9q5fm0,3.2
60974,Glendale Battery Energy Storage System,CA,Los Angeles,34.162327,-118.283684,WECC,LDWP,2.0,1.0,1.0,2.0,1,2018,10.0,11.0,18.889,7.693,9q5fm0,3.2
60974,Glendale Battery Energy Storage System,CA,Los Angeles,34.162327,-118.283684,WECC,LDWP,2.0,1.0,1.0,2.0,1,2018,11.0,11.0,18.611,7.579,9q5fm0,3.2
60974,Glendale Battery Energy Storage System,CA,Los Angeles,34.162327,-118.283684,WECC,LDWP,2.0,1.0,1.0,2.0,1,2018,12.0,11.0,18.212,7.417,9q5fm0,3.2
60974,Glendale Battery Energy Storage System,CA,Los Angeles,34.162327,-118.283684,WECC,LDWP,2.0,1.0,1.0,2.0,1,2019,1.0,0.0,0.0,0.0,9q5fm0,3.2
60974,Glendale Battery Energy Storage System,CA,Los Angeles,34.162327,-118.283684,WECC,LDWP,2.0,1.0,1.0,2.0,1,2019,2.0,0.0,0.0,0.0,9q5fm0,3.2
60974,Glendale Battery Energy Storage System,CA,Los Angeles,34.162327,-118.283684,WECC,LDWP,2.0,1.0,1.0,2.0,1,2019,3.0,0.0,0.0,0.0,9q5fm0,3.2
60974,Glendale Battery Energy Storage System,CA,Los Angeles,34.162327,-118.283684,WECC,LDWP,2.0,1.0,1.0,2.0,1,2019,4.0,0.0,0.0,0.0,9q5fm0,3.2
60974,Glendale Battery Energy Storage System,CA,Los Angeles,34.162327,-118.283684,WECC,LDWP,2.0,1.0,1.0,2.0,1,2019,5.0,0.0,0.0,0.0,9q5fm0,3.2
60974,Glendale Battery Energy Storage System,CA,Los Angeles,34.162327,-118.283684,WECC,LDWP,2.0,1.0,1.0,2.0,1,2019,6.0,0.0,0.0,0.0,9q5fm0,3.2
60974,Glendale Battery Energy Storage System,CA,Los Angeles,34.162327,-118.283684,WECC,LDWP,2.0,1.0,1.0,2.0,1,2019,7.0,0.0,0.0,0.0,9q5fm0,3.2
60974,Glendale Battery Energy Storage System,CA,Los Angeles,34.162327,-118.283684,WECC,LDWP,2.0,1.0,1.0,2.0,1,2019,8.0,0.0,0.0,0.0,9q5fm0,3.2
60974,Glendale Battery Energy Storage System,CA,Los Angeles,34.162327,-118.283684,WECC,LDWP,2.0,1.0,1.0,2.0,1,2019,9.0,0.0,0.0,0.0,9q5fm0,3.2
60974,Glendale Battery Energy Storage System,CA,Los Angeles,34.162327,-118.283684,WECC,LDWP,2.0,1.0,1.0,2.0,1,2019,10.0,0.0,0.0,0.0,9q5fm0,3.2
60974,Glendale Battery Energy Storage System,CA,Los Angeles,34.162327,-118.283684,WECC,LDWP,2.0,1.0,1.0,2.0,1,2019,11.0,0.0,0.0,0.0,9q5fm0,3.2
60974,Glendale Battery Energy Storage System,CA,Los Angeles,34.162327,-118.283684,WECC,LDWP,2.0,1.0,1.0,2.0,1,2019,12.0,11.0,26.0,15.0,9q5fm0,3.2
60974,Glendale Battery Energy Storage System,CA,Los Angeles,34.162327,-118.283684,WECC,LDWP,2.0,1.0,1.0,2.0,1,2020,1.0,0.0,0.469,0.0,9q5fm0,3.2
60974,Glendale Battery Energy Storage System,CA,Los Angeles,34.162327,-118.283684,WECC,LDWP,2.0,1.0,1.0,2.0,1,2020,2.0,0.0,0.362,0.0,9q5fm0,3.2
60974,Glendale Battery Energy Storage System,CA,Los Angeles,34.162327,-118.283684,WECC,LDWP,2.0,1.0,1.0,2.0,1,2020,3.0,1.0,0.556,0.0,9q5fm0,3.2
60974,Glendale Battery Energy Storage System,CA,Los Angeles,34.162327,-118.283684,WECC,LDWP,2.0,1.0,1.0,2.0,1,2020,4.0,0.0,0.493,0.0,9q5fm0,3.2
60974,Glendale Battery Energy Storage System,CA,Los Angeles,34.162327,-118.283684,WECC,LDWP,2.0,1.0,1.0,2.0,1,2020,5.0,0.0,0.478,0.0,9q5fm0,3.2
60974,Glendale Battery Energy Storage System,CA,Los Angeles,34.162327,-118.283684,WECC,LDWP,2.0,1.0,1.0,2.0,1,2020,6.0,0.0,0.424,0.0,9q5fm0,3.2
60974,Glendale Battery Energy Storage System,CA,Los Angeles,34.162327,-118.283684,WECC,LDWP,2.0,1.0,1.0,2.0,1,2020,7.0,1.0,0.501,0.0,9q5fm0,3.2
60974,Glendale Battery Energy Storage System,CA,Los Angeles,34.162327,-118.283684,WECC,LDWP,2.0,1.0,1.0,2.0,1,2020,8.0,0.0,0.5,0.0,9q5fm0,3.2
60974,Glendale Battery Energy Storage System,CA,Los Angeles,34.162327,-118.283684,WECC,LDWP,2.0,1.0,1.0,2.0,1,2020,9.0,1.0,0.54,0.0,9q5fm0,3.2
60974,Glendale Battery Energy Storage System,CA,Los Angeles,34.162327,-118.283684,WECC,LDWP,2.0,1.0,1.0,2.0,1,2020,10.0,1.0,0.577,0.0,9q5fm0,3.2
60974,Glendale Battery Energy Storage System,CA,Los Angeles,34.162327,-118.283684,WECC,LDWP,2.0,1.0,1.0,2.0,1,2020,11.0,1.0,0.569,0.0,9q5fm0,3.2
60974,Glendale Battery Energy Storage System,CA,Los Angeles,34.162327,-118.283684,WECC,LDWP,2.0,1.0,1.0,2.0,1,2020,12.0,1.0,0.531,0.0,9q5fm0,3.2
60974,Glendale Battery Energy Storage System,CA,Los Angeles,34.162327,-118.283684,WECC,LDWP,2.0,1.0,1.0,2.0,1,2021,1.0,0.0,0.0,0.0,9q5fm0,3.2
60974,Glendale Battery Energy Storage System,CA,Los Angeles,34.162327,-118.283684,WECC,LDWP,2.0,1.0,1.0,2.0,1,2021,2.0,0.0,0.0,0.0,9q5fm0,3.2
60974,Glendale Battery Energy Storage System,CA,Los Angeles,34.162327,-118.283684,WECC,LDWP,2.0,1.0,1.0,2.0,1,2021,3.0,0.0,0.0,0.0,9q5fm0,3.2
60974,Glendale Battery Energy Storage System,CA,Los Angeles,34.162327,-118.283684,WECC,LDWP,2.0,1.0,1.0,2.0,1,2021,4.0,0.0,0.0,0.0,9q5fm0,3.2
60974,Glendale Battery Energy Storage System,CA,Los Angeles,34.162327,-118.283684,WECC,LDWP,2.0,1.0,1.0,2.0,1,2021,5.0,0.0,0.0,0.0,9q5fm0,3.2
60974,Glendale Battery Energy Storage System,CA,Los Angeles,34.162327,-118.283684,WECC,LDWP,2.0,1.0,1.0,2.0,1,2021,6.0,0.0,0.0,0.0,9q5fm0,3.2
60974,Glendale Battery Energy Storage System,CA,Los Angeles,34.162327,-118.283684,WECC,LDWP,2.0,1.0,1.0,2.0,1,2021,7.0,0.0,0.0,0.0,9q5fm0,3.2
60974,Glendale Battery Energy Storage System,CA,Los Angeles,34.162327,-118.283684,WECC,LDWP,2.0,1.0,1.0,2.0,1,2021,8.0,0.0,0.0,0.0,9q5fm0,3.2
60974,Glendale Battery Energy Storage System,CA,Los Angeles,34.162327,-118.283684,WECC,LDWP,2.0,1.0,1.0,2.0,1,2021,9.0,0.0,0.0,0.0,9q5fm0,3.2
60974,Glendale Battery Energy Storage System,CA,Los Angeles,34.162327,-118.283684,WECC,LDWP,2.0,1.0,1.0,2.0,1,2021,10.0,0.0,0.0,0.0,9q5fm0,3.2
60974,Glendale Battery Energy Storage System,CA,Los Angeles,34.162327,-118.283684,WECC,LDWP,2.0,1.0,1.0,2.0,1,2021,11.0,0.0,0.0,0.0,9q5fm0,3.2
60974,Glendale Battery Energy Storage System,CA,Los Angeles,34.162327,-118.283684,WECC,LDWP,2.0,1.0,1.0,2.0,1,2021,12.0,3.0,4.0,1.0,9q5fm0,3.2
60974,Glendale Battery Energy Storage System,CA,Los Angeles,34.162327,-118.283684,WECC,LDWP,2.0,1.0,1.0,2.0,1,2022,1.0,16.0,11.413,-4.735,9q5fm0,3.2
60974,Glendale Battery Energy Storage System,CA,Los Angeles,34.162327,-118.283684,WECC,LDWP,2.0,1.0,1.0,2.0,1,2022,2.0,17.0,11.989,-4.975,9q5fm0,3.2
60974,Glendale Battery Energy Storage System,CA,Los Angeles,34.162327,-118.283684,WECC,LDWP,2.0,1.0,1.0,2.0,1,2022,3.0,16.0,11.097,-4.605,9q5fm0,3.2
60974,Glendale Battery Energy Storage System,CA,Los Angeles,34.162327,-118.283684,WECC,LDWP,2.0,1.0,1.0,2.0,1,2022,4.0,16.0,11.623,-4.823,9q5fm0,3.2
60974,Glendale Battery Energy Storage System,CA,Los Angeles,34.162327,-118.283684,WECC,LDWP,2.0,1.0,1.0,2.0,1,2022,5.0,17.0,12.316,-5.111,9q5fm0,3.2
60974,Glendale Battery Energy Storage System,CA,Los Angeles,34.162327,-118.283684,WECC,LDWP,2.0,1.0,1.0,2.0,1,2022,6.0,18.0,12.441,-5.163,9q5fm0,3.2
60974,Glendale Battery Energy Storage System,CA,Los Angeles,34.162327,-118.283684,WECC,LDWP,2.0,1.0,1.0,2.0,1,2022,7.0,18.0,12.926,-5.364,9q5fm0,3.2
60974,Glendale Battery Energy Storage System,CA,Los Angeles,34.162327,-118.283684,WECC,LDWP,2.0,1.0,1.0,2.0,1,2022,8.0,19.0,13.28,-5.511,9q5fm0,3.2
60974,Glendale Battery Energy Storage System,CA,Los Angeles,34.162327,-118.283684,WECC,LDWP,2.0,1.0,1.0,2.0,1,2022,9.0,17.0,11.907,-4.941,9q5fm0,3.2
60974,Glendale Battery Energy Storage System,CA,Los Angeles,34.162327,-118.283684,WECC,LDWP,2.0,1.0,1.0,2.0,1,2022,10.0,19.0,13.287,-5.514,9q5fm0,3.2
60974,Glendale Battery Energy Storage System,CA,Los Angeles,34.162327,-118.283684,WECC,LDWP,2.0,1.0,1.0,2.0,1,2022,11.0,17.0,12.301,-5.104,9q5fm0,3.2
60974,Glendale Battery Energy Storage System,CA,Los Angeles,34.162327,-118.283684,WECC,LDWP,2.0,1.0,1.0,2.0,1,2022,12.0,18.0,12.42,-5.154,9q5fm0,3.2
60996,Iron Horse Battery Storage,AZ,Pima,32.098492,-110.819119,WECC,TEPC,10.0,2.5,10.0,10.0,1,2018,1.0,78.0,110.814,-33.607,9w01f3,263.94
60996,Iron Horse Battery Storage,AZ,Pima,32.098492,-110.819119,WECC,TEPC,10.0,2.5,10.0,10.0,1,2018,2.0,69.0,99.077,-30.048,9w01f3,263.94
60996,Iron Horse Battery Storage,AZ,Pima,32.098492,-110.819119,WECC,TEPC,10.0,2.5,10.0,10.0,1,2018,3.0,75.0,107.227,-32.52,9w01f3,263.94
60996,Iron Horse Battery Storage,AZ,Pima,32.098492,-110.819119,WECC,TEPC,10.0,2.5,10.0,10.0,1,2018,4.0,72.0,102.993,-31.236,9w01f3,263.94
60996,Iron Horse Battery Storage,AZ,Pima,32.098492,-110.819119,WECC,TEPC,10.0,2.5,10.0,10.0,1,2018,5.0,67.0,96.632,-29.306,9w01f3,263.94
60996,Iron Horse Battery Storage,AZ,Pima,32.098492,-110.819119,WECC,TEPC,10.0,2.5,10.0,10.0,1,2018,6.0,68.0,98.134,-29.762,9w01f3,263.94
60996,Iron Horse Battery Storage,AZ,Pima,32.098492,-110.819119,WECC,TEPC,10.0,2.5,10.0,10.0,1,2018,7.0,72.0,103.818,-31.486,9w01f3,263.94
60996,Iron Horse Battery Storage,AZ,Pima,32.098492,-110.819119,WECC,TEPC,10.0,2.5,10.0,10.0,1,2018,8.0,71.0,101.992,-30.932,9w01f3,263.94
60996,Iron Horse Battery Storage,AZ,Pima,32.098492,-110.819119,WECC,TEPC,10.0,2.5,10.0,10.0,1,2018,9.0,62.0,89.474,-27.135,9w01f3,263.94
60996,Iron Horse Battery Storage,AZ,Pima,32.098492,-110.819119,WECC,TEPC,10.0,2.5,10.0,10.0,1,2018,10.0,71.0,102.246,-31.009,9w01f3,263.94
60996,Iron Horse Battery Storage,AZ,Pima,32.098492,-110.819119,WECC,TEPC,10.0,2.5,10.0,10.0,1,2018,11.0,69.0,98.862,-29.983,9w01f3,263.94
60996,Iron Horse Battery Storage,AZ,Pima,32.098492,-110.819119,WECC,TEPC,10.0,2.5,10.0,10.0,1,2018,12.0,76.0,108.731,-32.976,9w01f3,263.94
60996,Iron Horse Battery Storage Hybrid,AZ,Pima,32.098492,-110.819119,WECC,TEPC,10.0,2.5,10.0,10.0,1,2019,1.0,64.0,39.748,-23.85,9w01f3,263.94
60996,Iron Horse Battery Storage Hybrid,AZ,Pima,32.098492,-110.819119,WECC,TEPC,10.0,2.5,10.0,10.0,1,2019,2.0,57.0,35.399,-21.239,9w01f3,263.94
60996,Iron Horse Battery Storage Hybrid,AZ,Pima,32.098492,-110.819119,WECC,TEPC,10.0,2.5,10.0,10.0,1,2019,3.0,79.0,49.661,-29.796,9w01f3,263.94
60996,Iron Horse Battery Storage Hybrid,AZ,Pima,32.098492,-110.819119,WECC,TEPC,10.0,2.5,10.0,10.0,1,2019,4.0,70.0,43.637,-26.182,9w01f3,263.94
60996,Iron Horse Battery Storage Hybrid,AZ,Pima,32.098492,-110.819119,WECC,TEPC,10.0,2.5,10.0,10.0,1,2019,5.0,66.0,41.057,-24.634,9w01f3,263.94
60996,Iron Horse Battery Storage Hybrid,AZ,Pima,32.098492,-110.819119,WECC,TEPC,10.0,2.5,10.0,10.0,1,2019,6.0,66.0,41.377,-24.826,9w01f3,263.94
60996,Iron Horse Battery Storage Hybrid,AZ,Pima,32.098492,-110.819119,WECC,TEPC,10.0,2.5,10.0,10.0,1,2019,7.0,58.0,36.019,-21.612,9w01f3,263.94
60996,Iron Horse Battery Storage Hybrid,AZ,Pima,32.098492,-110.819119,WECC,TEPC,10.0,2.5,10.0,10.0,1,2019,8.0,72.0,45.0,-27.0,9w01f3,263.94
60996,Iron Horse Battery Storage Hybrid,AZ,Pima,32.098492,-110.819119,WECC,TEPC,10.0,2.5,10.0,10.0,1,2019,9.0,67.0,42.087,-25.252,9w01f3,263.94
60996,Iron Horse Battery Storage Hybrid,AZ,Pima,32.098492,-110.819119,WECC,TEPC,10.0,2.5,10.0,10.0,1,2019,10.0,70.0,43.897,-26.338,9w01f3,263.94
60996,Iron Horse Battery Storage Hybrid,AZ,Pima,32.098492,-110.819119,WECC,TEPC,10.0,2.5,10.0,10.0,1,2019,11.0,62.0,38.721,-23.233,9w01f3,263.94
60996,Iron Horse Battery Storage Hybrid,AZ,Pima,32.098492,-110.819119,WECC,TEPC,10.0,2.5,10.0,10.0,1,2019,12.0,69.0,43.397,-26.038,9w01f3,263.94
60996,Iron Horse Battery Storage Hybrid,AZ,Pima,32.098492,-110.819119,WECC,TEPC,10.0,10.0,10.0,10.0,1,2020,1.0,78.0,47.823,-28.874,9w01f3,263.94
60996,Iron Horse Battery Storage Hybrid,AZ,Pima,32.098492,-110.819119,WECC,TEPC,10.0,10.0,10.0,10.0,1,2020,2.0,83.0,51.922,-31.349,9w01f3,263.94
60996,Iron Horse Battery Storage Hybrid,AZ,Pima,32.098492,-110.819119,WECC,TEPC,10.0,10.0,10.0,10.0,1,2020,3.0,81.0,50.517,-30.501,9w01f3,263.94
60996,Iron Horse Battery Storage Hybrid,AZ,Pima,32.098492,-110.819119,WECC,TEPC,10.0,10.0,10.0,10.0,1,2020,4.0,76.0,47.253,-28.53,9w01f3,263.94
60996,Iron Horse Battery Storage Hybrid,AZ,Pima,32.098492,-110.819119,WECC,TEPC,10.0,10.0,10.0,10.0,1,2020,5.0,55.0,34.467,-20.81,9w01f3,263.94
60996,Iron Horse Battery Storage Hybrid,AZ,Pima,32.098492,-110.819119,WECC,TEPC,10.0,10.0,10.0,10.0,1,2020,6.0,47.0,29.538,-17.834,9w01f3,263.94
60996,Iron Horse Battery Storage Hybrid,AZ,Pima,32.098492,-110.819119,WECC,TEPC,10.0,10.0,10.0,10.0,1,2020,7.0,65.0,40.82,-24.646,9w01f3,263.94
60996,Iron Horse Battery Storage Hybrid,AZ,Pima,32.098492,-110.819119,WECC,TEPC,10.0,10.0,10.0,10.0,1,2020,8.0,66.0,41.275,-24.921,9w01f3,263.94
60996,Iron Horse Battery Storage Hybrid,AZ,Pima,32.098492,-110.819119,WECC,TEPC,10.0,10.0,10.0,10.0,1,2020,9.0,61.0,37.898,-22.882,9w01f3,263.94
60996,Iron Horse Battery Storage Hybrid,AZ,Pima,32.098492,-110.819119,WECC,TEPC,10.0,10.0,10.0,10.0,1,2020,10.0,78.0,48.881,-29.513,9w01f3,263.94
60996,Iron Horse Battery Storage Hybrid,AZ,Pima,32.098492,-110.819119,WECC,TEPC,10.0,10.0,10.0,10.0,1,2020,11.0,73.0,45.24,-27.315,9w01f3,263.94
60996,Iron Horse Battery Storage Hybrid,AZ,Pima,32.098492,-110.819119,WECC,TEPC,10.0,10.0,10.0,10.0,1,2020,12.0,87.0,54.366,-32.825,9w01f3,263.94
60996,Iron Horse Battery Storage Hybrid,AZ,Pima,32.098492,-110.819119,WECC,TEPC,10.0,2.5,10.0,10.0,1,2021,1.0,88.0,54.298,-31.996,9w01f3,263.94
60996,Iron Horse Battery Storage Hybrid,AZ,Pima,32.098492,-110.819119,WECC,TEPC,10.0,2.5,10.0,10.0,1,2021,2.0,77.0,48.703,-28.7,9w01f3,263.94
60996,Iron Horse Battery Storage Hybrid,AZ,Pima,32.098492,-110.819119,WECC,TEPC,10.0,2.5,10.0,10.0,1,2021,3.0,81.0,51.211,-30.178,9w01f3,263.94
60996,Iron Horse Battery Storage Hybrid,AZ,Pima,32.098492,-110.819119,WECC,TEPC,10.0,2.5,10.0,10.0,1,2021,4.0,61.0,38.108,-22.457,9w01f3,263.94
60996,Iron Horse Battery Storage Hybrid,AZ,Pima,32.098492,-110.819119,WECC,TEPC,10.0,2.5,10.0,10.0,1,2021,5.0,67.0,42.204,-24.87,9w01f3,263.94
60996,Iron Horse Battery Storage Hybrid,AZ,Pima,32.098492,-110.819119,WECC,TEPC,10.0,2.5,10.0,10.0,1,2021,6.0,71.0,44.867,-26.44,9w01f3,263.94
60996,Iron Horse Battery Storage Hybrid,AZ,Pima,32.098492,-110.819119,WECC,TEPC,10.0,2.5,10.0,10.0,1,2021,7.0,82.0,51.807,-30.529,9w01f3,263.94
60996,Iron Horse Battery Storage Hybrid,AZ,Pima,32.098492,-110.819119,WECC,TEPC,10.0,2.5,10.0,10.0,1,2021,8.0,78.0,48.99,-28.869,9w01f3,263.94
60996,Iron Horse Battery Storage Hybrid,AZ,Pima,32.098492,-110.819119,WECC,TEPC,10.0,2.5,10.0,10.0,1,2021,9.0,64.0,40.583,-23.915,9w01f3,263.94
60996,Iron Horse Battery Storage Hybrid,AZ,Pima,32.098492,-110.819119,WECC,TEPC,10.0,2.5,10.0,10.0,1,2021,10.0,59.0,37.221,-21.934,9w01f3,263.94
60996,Iron Horse Battery Storage Hybrid,AZ,Pima,32.098492,-110.819119,WECC,TEPC,10.0,2.5,10.0,10.0,1,2021,11.0,83.0,52.207,-30.765,9w01f3,263.94
60996,Iron Horse Battery Storage Hybrid,AZ,Pima,32.098492,-110.819119,WECC,TEPC,10.0,2.5,10.0,10.0,1,2021,12.0,79.0,49.801,-29.347,9w01f3,263.94
60996,Iron Horse Battery Storage Hybrid,AZ,Pima,32.098492,-110.819119,WECC,TEPC,10.0,2.5,10.0,10.0,1,2022,1.0,181.0,129.221,-51.346,9w01f3,263.94
60996,Iron Horse Battery Storage Hybrid,AZ,Pima,32.098492,-110.819119,WECC,TEPC,10.0,2.5,10.0,10.0,1,2022,2.0,179.0,127.983,-50.854,9w01f3,263.94
60996,Iron Horse Battery Storage Hybrid,AZ,Pima,32.098492,-110.819119,WECC,TEPC,10.0,2.5,10.0,10.0,1,2022,3.0,212.0,151.512,-60.203,9w01f3,263.94
60996,Iron Horse Battery Storage Hybrid,AZ,Pima,32.098492,-110.819119,WECC,TEPC,10.0,2.5,10.0,10.0,1,2022,4.0,168.0,120.158,-47.745,9w01f3,263.94
60996,Iron Horse Battery Storage Hybrid,AZ,Pima,32.098492,-110.819119,WECC,TEPC,10.0,2.5,10.0,10.0,1,2022,5.0,148.0,106.153,-42.18,9w01f3,263.94
60996,Iron Horse Battery Storage Hybrid,AZ,Pima,32.098492,-110.819119,WECC,TEPC,10.0,2.5,10.0,10.0,1,2022,6.0,169.0,121.155,-48.141,9w01f3,263.94
60996,Iron Horse Battery Storage Hybrid,AZ,Pima,32.098492,-110.819119,WECC,TEPC,10.0,2.5,10.0,10.0,1,2022,7.0,189.0,135.584,-53.874,9w01f3,263.94
60996,Iron Horse Battery Storage Hybrid,AZ,Pima,32.098492,-110.819119,WECC,TEPC,10.0,2.5,10.0,10.0,1,2022,8.0,169.0,120.595,-47.919,9w01f3,263.94
60996,Iron Horse Battery Storage Hybrid,AZ,Pima,32.098492,-110.819119,WECC,TEPC,10.0,2.5,10.0,10.0,1,2022,9.0,181.0,129.56,-51.481,9w01f3,263.94
60996,Iron Horse Battery Storage Hybrid,AZ,Pima,32.098492,-110.819119,WECC,TEPC,10.0,2.5,10.0,10.0,1,2022,10.0,186.0,133.459,-53.03,9w01f3,263.94
60996,Iron Horse Battery Storage Hybrid,AZ,Pima,32.098492,-110.819119,WECC,TEPC,10.0,2.5,10.0,10.0,1,2022,11.0,163.0,116.624,-46.341,9w01f3,263.94
60996,Iron Horse Battery Storage Hybrid,AZ,Pima,32.098492,-110.819119,WECC,TEPC,10.0,2.5,10.0,10.0,1,2022,12.0,165.0,117.996,-46.886,9w01f3,263.94
61098,Battle Mountain Solar Project,NV,Humboldt,40.718433,-117.06143,WECC,NEVP,25.0,25.0,25.0,25.0,1,2021,1.0,,,,9rkf69,52.47
61098,Battle Mountain Solar Project,NV,Humboldt,40.718433,-117.06143,WECC,NEVP,25.0,25.0,25.0,25.0,1,2021,2.0,,,,9rkf69,52.47
61098,Battle Mountain Solar Project,NV,Humboldt,40.718433,-117.06143,WECC,NEVP,25.0,25.0,25.0,25.0,1,2021,3.0,,,,9rkf69,52.47
61098,Battle Mountain Solar Project,NV,Humboldt,40.718433,-117.06143,WECC,NEVP,25.0,25.0,25.0,25.0,1,2021,4.0,,,,9rkf69,52.47
61098,Battle Mountain Solar Project,NV,Humboldt,40.718433,-117.06143,WECC,NEVP,25.0,25.0,25.0,25.0,1,2021,5.0,,,,9rkf69,52.47
61098,Battle Mountain Solar Project,NV,Humboldt,40.718433,-117.06143,WECC,NEVP,25.0,25.0,25.0,25.0,1,2021,6.0,145.0,137.0,-8.0,9rkf69,52.47
61098,Battle Mountain Solar Project,NV,Humboldt,40.718433,-117.06143,WECC,NEVP,25.0,25.0,25.0,25.0,1,2021,7.0,2816.0,2705.0,-111.0,9rkf69,52.47
61098,Battle Mountain Solar Project,NV,Humboldt,40.718433,-117.06143,WECC,NEVP,25.0,25.0,25.0,25.0,1,2021,8.0,3271.0,3043.0,-228.0,9rkf69,52.47
61098,Battle Mountain Solar Project,NV,Humboldt,40.718433,-117.06143,WECC,NEVP,25.0,25.0,25.0,25.0,1,2021,9.0,3088.0,2907.0,-181.0,9rkf69,52.47
61098,Battle Mountain Solar Project,NV,Humboldt,40.718433,-117.06143,WECC,NEVP,25.0,25.0,25.0,25.0,1,2021,10.0,1187.0,1085.0,-102.0,9rkf69,52.47
61098,Battle Mountain Solar Project,NV,Humboldt,40.718433,-117.06143,WECC,NEVP,25.0,25.0,25.0,25.0,1,2021,11.0,1527.0,1459.0,-68.0,9rkf69,52.47
61098,Battle Mountain Solar Project,NV,Humboldt,40.718433,-117.06143,WECC,NEVP,25.0,25.0,25.0,25.0,1,2021,12.0,1317.0,1254.0,-63.0,9rkf69,52.47
61098,Battle Mountain Solar Project,NV,Humboldt,40.718433,-117.06143,WECC,NEVP,25.0,25.0,25.0,25.0,1,2022,1.0,2396.0,2272.0,-124.0,9rkf69,52.47
61098,Battle Mountain Solar Project,NV,Humboldt,40.718433,-117.06143,WECC,NEVP,25.0,25.0,25.0,25.0,1,2022,2.0,2464.0,2378.0,-86.0,9rkf69,52.47
61098,Battle Mountain Solar Project,NV,Humboldt,40.718433,-117.06143,WECC,NEVP,25.0,25.0,25.0,25.0,1,2022,3.0,2375.0,2237.0,-138.0,9rkf69,52.47
61098,Battle Mountain Solar Project,NV,Humboldt,40.718433,-117.06143,WECC,NEVP,25.0,25.0,25.0,25.0,1,2022,4.0,3086.0,2941.0,-145.0,9rkf69,52.47
61098,Battle Mountain Solar Project,NV,Humboldt,40.718433,-117.06143,WECC,NEVP,25.0,25.0,25.0,25.0,1,2022,5.0,3089.0,2805.0,-284.0,9rkf69,52.47
61098,Battle Mountain Solar Project,NV,Humboldt,40.718433,-117.06143,WECC,NEVP,25.0,25.0,25.0,25.0,1,2022,6.0,2927.0,2753.0,-174.0,9rkf69,52.47
61098,Battle Mountain Solar Project,NV,Humboldt,40.718433,-117.06143,WECC,NEVP,25.0,25.0,25.0,25.0,1,2022,7.0,3118.0,2922.0,-196.0,9rkf69,52.47
61098,Battle Mountain Solar Project,NV,Humboldt,40.718433,-117.06143,WECC,NEVP,25.0,25.0,25.0,25.0,1,2022,8.0,2893.0,2703.0,-190.0,9rkf69,52.47
61098,Battle Mountain Solar Project,NV,Humboldt,40.718433,-117.06143,WECC,NEVP,25.0,25.0,25.0,25.0,1,2022,9.0,2695.0,2548.0,-147.0,9rkf69,52.47
61098,Battle Mountain Solar Project,NV,Humboldt,40.718433,-117.06143,WECC,NEVP,25.0,25.0,25.0,25.0,1,2022,10.0,2035.0,1828.0,-208.0,9rkf69,52.47
61098,Battle Mountain Solar Project,NV,Humboldt,40.718433,-117.06143,WECC,NEVP,25.0,25.0,25.0,25.0,1,2022,11.0,1084.0,1105.0,21.0,9rkf69,52.47
61098,Battle Mountain Solar Project,NV,Humboldt,40.718433,-117.06143,WECC,NEVP,25.0,25.0,25.0,25.0,1,2022,12.0,2018.0,1916.0,-102.0,9rkf69,52.47
61107,Vanadium Redox Flow Battery Plant,CA,San Diego,32.682506,-116.988781,WECC,CISO,2.0,8.0,2.0,2.0,1,2018,1.0,204.0,96.704,-106.128,9muccv,0.61
61107,Vanadium Redox Flow Battery Plant,CA,San Diego,32.682506,-116.988781,WECC,CISO,2.0,8.0,2.0,2.0,1,2018,2.0,157.0,75.09,-82.406,9muccv,0.61
61107,Vanadium Redox Flow Battery Plant,CA,San Diego,32.682506,-116.988781,WECC,CISO,2.0,8.0,2.0,2.0,1,2018,3.0,229.0,109.264,-119.91,9muccv,0.61
61107,Vanadium Redox Flow Battery Plant,CA,San Diego,32.682506,-116.988781,WECC,CISO,2.0,8.0,2.0,2.0,1,2018,4.0,262.0,125.132,-137.324,9muccv,0.61
61107,Vanadium Redox Flow Battery Plant,CA,San Diego,32.682506,-116.988781,WECC,CISO,2.0,8.0,2.0,2.0,1,2018,5.0,250.0,118.983,-130.575,9muccv,0.61
61107,Vanadium Redox Flow Battery Plant,CA,San Diego,32.682506,-116.988781,WECC,CISO,2.0,8.0,2.0,2.0,1,2018,6.0,245.0,116.934,-128.327,9muccv,0.61
61107,Vanadium Redox Flow Battery Plant,CA,San Diego,32.682506,-116.988781,WECC,CISO,2.0,8.0,2.0,2.0,1,2018,7.0,247.0,117.695,-129.162,9muccv,0.61
61107,Vanadium Redox Flow Battery Plant,CA,San Diego,32.682506,-116.988781,WECC,CISO,2.0,8.0,2.0,2.0,1,2018,8.0,253.0,120.754,-132.519,9muccv,0.61
61107,Vanadium Redox Flow Battery Plant,CA,San Diego,32.682506,-116.988781,WECC,CISO,2.0,8.0,2.0,2.0,1,2018,9.0,230.0,109.668,-120.353,9muccv,0.61
61107,Vanadium Redox Flow Battery Plant,CA,San Diego,32.682506,-116.988781,WECC,CISO,2.0,8.0,2.0,2.0,1,2018,10.0,237.0,113.166,-124.191,9muccv,0.61
61107,Vanadium Redox Flow Battery Plant,CA,San Diego,32.682506,-116.988781,WECC,CISO,2.0,8.0,2.0,2.0,1,2018,11.0,234.0,111.5,-122.364,9muccv,0.61
61107,Vanadium Redox Flow Battery Plant,CA,San Diego,32.682506,-116.988781,WECC,CISO,2.0,8.0,2.0,2.0,1,2018,12.0,229.0,109.11,-119.741,9muccv,0.61
61107,Vanadium Redox Flow Battery Plant,CA,San Diego,32.682506,-116.988781,WECC,CISO,2.0,8.0,2.0,2.0,1,2019,1.0,258.0,157.767,-101.324,9muccv,0.61
61107,Vanadium Redox Flow Battery Plant,CA,San Diego,32.682506,-116.988781,WECC,CISO,2.0,8.0,2.0,2.0,1,2019,2.0,209.0,127.028,-81.582,9muccv,0.61
61107,Vanadium Redox Flow Battery Plant,CA,San Diego,32.682506,-116.988781,WECC,CISO,2.0,8.0,2.0,2.0,1,2019,3.0,237.0,144.089,-92.539,9muccv,0.61
61107,Vanadium Redox Flow Battery Plant,CA,San Diego,32.682506,-116.988781,WECC,CISO,2.0,8.0,2.0,2.0,1,2019,4.0,221.0,134.271,-86.234,9muccv,0.61
61107,Vanadium Redox Flow Battery Plant,CA,San Diego,32.682506,-116.988781,WECC,CISO,2.0,8.0,2.0,2.0,1,2019,5.0,203.0,123.322,-79.202,9muccv,0.61
61107,Vanadium Redox Flow Battery Plant,CA,San Diego,32.682506,-116.988781,WECC,CISO,2.0,8.0,2.0,2.0,1,2019,6.0,239.0,145.488,-93.438,9muccv,0.61
61107,Vanadium Redox Flow Battery Plant,CA,San Diego,32.682506,-116.988781,WECC,CISO,2.0,8.0,2.0,2.0,1,2019,7.0,246.0,150.018,-96.348,9muccv,0.61
61107,Vanadium Redox Flow Battery Plant,CA,San Diego,32.682506,-116.988781,WECC,CISO,2.0,8.0,2.0,2.0,1,2019,8.0,269.0,163.744,-105.163,9muccv,0.61
61107,Vanadium Redox Flow Battery Plant,CA,San Diego,32.682506,-116.988781,WECC,CISO,2.0,8.0,2.0,2.0,1,2019,9.0,242.0,147.222,-94.552,9muccv,0.61
61107,Vanadium Redox Flow Battery Plant,CA,San Diego,32.682506,-116.988781,WECC,CISO,2.0,8.0,2.0,2.0,1,2019,10.0,262.0,159.833,-102.651,9muccv,0.61
61107,Vanadium Redox Flow Battery Plant,CA,San Diego,32.682506,-116.988781,WECC,CISO,2.0,8.0,2.0,2.0,1,2019,11.0,223.0,136.06,-87.383,9muccv,0.61
61107,Vanadium Redox Flow Battery Plant,CA,San Diego,32.682506,-116.988781,WECC,CISO,2.0,8.0,2.0,2.0,1,2019,12.0,237.0,144.158,-92.584,9muccv,0.61
61107,Vanadium Redox Flow Battery Plant,CA,San Diego,32.682506,-116.988781,WECC,CISO,2.0,8.0,2.0,2.0,1,2020,1.0,197.0,133.54,-62.511,9muccv,0.61
61107,Vanadium Redox Flow Battery Plant,CA,San Diego,32.682506,-116.988781,WECC,CISO,2.0,8.0,2.0,2.0,1,2020,2.0,151.0,103.182,-48.301,9muccv,0.61
61107,Vanadium Redox Flow Battery Plant,CA,San Diego,32.682506,-116.988781,WECC,CISO,2.0,8.0,2.0,2.0,1,2020,3.0,232.0,158.33,-74.116,9muccv,0.61
61107,Vanadium Redox Flow Battery Plant,CA,San Diego,32.682506,-116.988781,WECC,CISO,2.0,8.0,2.0,2.0,1,2020,4.0,206.0,140.4,-65.722,9muccv,0.61
61107,Vanadium Redox Flow Battery Plant,CA,San Diego,32.682506,-116.988781,WECC,CISO,2.0,8.0,2.0,2.0,1,2020,5.0,200.0,136.024,-63.674,9muccv,0.61
61107,Vanadium Redox Flow Battery Plant,CA,San Diego,32.682506,-116.988781,WECC,CISO,2.0,8.0,2.0,2.0,1,2020,6.0,177.0,120.805,-56.55,9muccv,0.61
61107,Vanadium Redox Flow Battery Plant,CA,San Diego,32.682506,-116.988781,WECC,CISO,2.0,8.0,2.0,2.0,1,2020,7.0,210.0,142.826,-66.858,9muccv,0.61
61107,Vanadium Redox Flow Battery Plant,CA,San Diego,32.682506,-116.988781,WECC,CISO,2.0,8.0,2.0,2.0,1,2020,8.0,209.0,142.342,-66.632,9muccv,0.61
61107,Vanadium Redox Flow Battery Plant,CA,San Diego,32.682506,-116.988781,WECC,CISO,2.0,8.0,2.0,2.0,1,2020,9.0,226.0,153.884,-72.035,9muccv,0.61
61107,Vanadium Redox Flow Battery Plant,CA,San Diego,32.682506,-116.988781,WECC,CISO,2.0,8.0,2.0,2.0,1,2020,10.0,241.0,164.342,-76.93,9muccv,0.61
61107,Vanadium Redox Flow Battery Plant,CA,San Diego,32.682506,-116.988781,WECC,CISO,2.0,8.0,2.0,2.0,1,2020,11.0,238.0,161.995,-75.832,9muccv,0.61
61107,Vanadium Redox Flow Battery Plant,CA,San Diego,32.682506,-116.988781,WECC,CISO,2.0,8.0,2.0,2.0,1,2020,12.0,222.0,151.33,-70.839,9muccv,0.61
61107,Vanadium Redox Flow Battery Plant,CA,San Diego,32.682506,-116.988781,WECC,CISO,2.0,8.0,2.0,2.0,1,2021,1.0,178.0,114.141,-64.887,9muccv,0.61
61107,Vanadium Redox Flow Battery Plant,CA,San Diego,32.682506,-116.988781,WECC,CISO,2.0,8.0,2.0,2.0,1,2021,2.0,191.0,121.876,-69.284,9muccv,0.61
61107,Vanadium Redox Flow Battery Plant,CA,San Diego,32.682506,-116.988781,WECC,CISO,2.0,8.0,2.0,2.0,1,2021,3.0,215.0,137.113,-77.945,9muccv,0.61
61107,Vanadium Redox Flow Battery Plant,CA,San Diego,32.682506,-116.988781,WECC,CISO,2.0,8.0,2.0,2.0,1,2021,4.0,209.0,133.161,-75.699,9muccv,0.61
61107,Vanadium Redox Flow Battery Plant,CA,San Diego,32.682506,-116.988781,WECC,CISO,2.0,8.0,2.0,2.0,1,2021,5.0,177.0,112.672,-64.051,9muccv,0.61
61107,Vanadium Redox Flow Battery Plant,CA,San Diego,32.682506,-116.988781,WECC,CISO,2.0,8.0,2.0,2.0,1,2021,6.0,204.0,130.024,-73.915,9muccv,0.61
61107,Vanadium Redox Flow Battery Plant,CA,San Diego,32.682506,-116.988781,WECC,CISO,2.0,8.0,2.0,2.0,1,2021,7.0,204.0,130.188,-74.008,9muccv,0.61
61107,Vanadium Redox Flow Battery Plant,CA,San Diego,32.682506,-116.988781,WECC,CISO,2.0,8.0,2.0,2.0,1,2021,8.0,205.0,130.575,-74.229,9muccv,0.61
61107,Vanadium Redox Flow Battery Plant,CA,San Diego,32.682506,-116.988781,WECC,CISO,2.0,8.0,2.0,2.0,1,2021,9.0,228.0,145.057,-82.461,9muccv,0.61
61107,Vanadium Redox Flow Battery Plant,CA,San Diego,32.682506,-116.988781,WECC,CISO,2.0,8.0,2.0,2.0,1,2021,10.0,197.0,125.321,-71.242,9muccv,0.61
61107,Vanadium Redox Flow Battery Plant,CA,San Diego,32.682506,-116.988781,WECC,CISO,2.0,8.0,2.0,2.0,1,2021,11.0,211.0,134.425,-76.418,9muccv,0.61
61107,Vanadium Redox Flow Battery Plant,CA,San Diego,32.682506,-116.988781,WECC,CISO,2.0,8.0,2.0,2.0,1,2021,12.0,209.0,133.447,-75.861,9muccv,0.61
61107,Vanadium Redox Flow Battery Plant,CA,San Diego,32.682506,-116.988781,WECC,CISO,2.0,8.0,2.0,2.0,1,2022,1.0,202.0,136.954,-65.37,9muccv,0.61
61107,Vanadium Redox Flow Battery Plant,CA,San Diego,32.682506,-116.988781,WECC,CISO,2.0,8.0,2.0,2.0,1,2022,2.0,213.0,143.873,-68.674,9muccv,0.61
61107,Vanadium Redox Flow Battery Plant,CA,San Diego,32.682506,-116.988781,WECC,CISO,2.0,8.0,2.0,2.0,1,2022,3.0,197.0,133.165,-63.563,9muccv,0.61
61107,Vanadium Redox Flow Battery Plant,CA,San Diego,32.682506,-116.988781,WECC,CISO,2.0,8.0,2.0,2.0,1,2022,4.0,206.0,139.472,-66.574,9muccv,0.61
61107,Vanadium Redox Flow Battery Plant,CA,San Diego,32.682506,-116.988781,WECC,CISO,2.0,8.0,2.0,2.0,1,2022,5.0,218.0,147.796,-70.547,9muccv,0.61
61107,Vanadium Redox Flow Battery Plant,CA,San Diego,32.682506,-116.988781,WECC,CISO,2.0,8.0,2.0,2.0,1,2022,6.0,221.0,149.294,-71.262,9muccv,0.61
61107,Vanadium Redox Flow Battery Plant,CA,San Diego,32.682506,-116.988781,WECC,CISO,2.0,8.0,2.0,2.0,1,2022,7.0,229.0,155.108,-74.037,9muccv,0.61
61107,Vanadium Redox Flow Battery Plant,CA,San Diego,32.682506,-116.988781,WECC,CISO,2.0,8.0,2.0,2.0,1,2022,8.0,235.0,159.359,-76.066,9muccv,0.61
61107,Vanadium Redox Flow Battery Plant,CA,San Diego,32.682506,-116.988781,WECC,CISO,2.0,8.0,2.0,2.0,1,2022,9.0,211.0,142.882,-68.201,9muccv,0.61
61107,Vanadium Redox Flow Battery Plant,CA,San Diego,32.682506,-116.988781,WECC,CISO,2.0,8.0,2.0,2.0,1,2022,10.0,236.0,159.445,-76.107,9muccv,0.61
61107,Vanadium Redox Flow Battery Plant,CA,San Diego,32.682506,-116.988781,WECC,CISO,2.0,8.0,2.0,2.0,1,2022,11.0,218.0,147.612,-70.459,9muccv,0.61
61107,Vanadium Redox Flow Battery Plant,CA,San Diego,32.682506,-116.988781,WECC,CISO,2.0,8.0,2.0,2.0,1,2022,12.0,220.0,149.04,-71.14,9muccv,0.61
61197,Pima Energy Storage System,AZ,Pima,32.251647,-110.991333,WECC,TEPC,10.0,2.5,8.0,10.0,1,2018,1.0,42.0,1.0,-41.0,9w01f3,240.81
61197,Pima Energy Storage System,AZ,Pima,32.251647,-110.991333,WECC,TEPC,10.0,2.5,8.0,10.0,1,2018,2.0,45.0,9.0,-36.0,9w01f3,240.81
61197,Pima Energy Storage System,AZ,Pima,32.251647,-110.991333,WECC,TEPC,10.0,2.5,8.0,10.0,1,2018,3.0,45.0,5.0,-40.0,9w01f3,240.81
61197,Pima Energy Storage System,AZ,Pima,32.251647,-110.991333,WECC,TEPC,10.0,2.5,8.0,10.0,1,2018,4.0,53.0,9.0,-44.0,9w01f3,240.81
61197,Pima Energy Storage System,AZ,Pima,32.251647,-110.991333,WECC,TEPC,10.0,2.5,8.0,10.0,1,2018,5.0,51.0,6.0,-45.0,9w01f3,240.81
61197,Pima Energy Storage System,AZ,Pima,32.251647,-110.991333,WECC,TEPC,10.0,2.5,8.0,10.0,1,2018,6.0,51.0,6.0,-45.0,9w01f3,240.81
61197,Pima Energy Storage System,AZ,Pima,32.251647,-110.991333,WECC,TEPC,10.0,2.5,8.0,10.0,1,2018,7.0,49.0,4.0,-45.0,9w01f3,240.81
61197,Pima Energy Storage System,AZ,Pima,32.251647,-110.991333,WECC,TEPC,10.0,2.5,8.0,10.0,1,2018,8.0,52.0,4.0,-48.0,9w01f3,240.81
61197,Pima Energy Storage System,AZ,Pima,32.251647,-110.991333,WECC,TEPC,10.0,2.5,8.0,10.0,1,2018,9.0,52.0,7.0,-45.0,9w01f3,240.81
61197,Pima Energy Storage System,AZ,Pima,32.251647,-110.991333,WECC,TEPC,10.0,2.5,8.0,10.0,1,2018,10.0,57.0,14.0,-43.0,9w01f3,240.81
61197,Pima Energy Storage System,AZ,Pima,32.251647,-110.991333,WECC,TEPC,10.0,2.5,8.0,10.0,1,2018,11.0,46.0,5.0,-41.0,9w01f3,240.81
61197,Pima Energy Storage System,AZ,Pima,32.251647,-110.991333,WECC,TEPC,10.0,2.5,8.0,10.0,1,2018,12.0,42.0,1.0,-41.0,9w01f3,240.81
61197,Pima Energy Storage System,AZ,Pima,32.251647,-110.991333,WECC,TEPC,10.0,2.5,8.0,10.0,1,2019,1.0,47.0,5.0,-42.0,9w01f3,240.81
61197,Pima Energy Storage System,AZ,Pima,32.251647,-110.991333,WECC,TEPC,10.0,2.5,8.0,10.0,1,2019,2.0,45.0,6.0,-39.0,9w01f3,240.81
61197,Pima Energy Storage System,AZ,Pima,32.251647,-110.991333,WECC,TEPC,10.0,2.5,8.0,10.0,1,2019,3.0,45.0,4.0,-41.0,9w01f3,240.81
61197,Pima Energy Storage System,AZ,Pima,32.251647,-110.991333,WECC,TEPC,10.0,2.5,8.0,10.0,1,2019,4.0,44.0,1.0,-43.0,9w01f3,240.81
61197,Pima Energy Storage System,AZ,Pima,32.251647,-110.991333,WECC,TEPC,10.0,2.5,8.0,10.0,1,2019,5.0,45.0,1.0,-44.0,9w01f3,240.81
61197,Pima Energy Storage System,AZ,Pima,32.251647,-110.991333,WECC,TEPC,10.0,2.5,8.0,10.0,1,2019,6.0,6.0,52.0,46.0,9w01f3,240.81
61197,Pima Energy Storage System,AZ,Pima,32.251647,-110.991333,WECC,TEPC,10.0,2.5,8.0,10.0,1,2019,7.0,48.0,3.0,-45.0,9w01f3,240.81
61197,Pima Energy Storage System,AZ,Pima,32.251647,-110.991333,WECC,TEPC,10.0,2.5,8.0,10.0,1,2019,8.0,54.0,6.0,-48.0,9w01f3,240.81
61197,Pima Energy Storage System,AZ,Pima,32.251647,-110.991333,WECC,TEPC,10.0,2.5,8.0,10.0,1,2019,9.0,46.0,2.0,-44.0,9w01f3,240.81
61197,Pima Energy Storage System,AZ,Pima,32.251647,-110.991333,WECC,TEPC,10.0,2.5,8.0,10.0,1,2019,10.0,38.0,15.0,-23.0,9w01f3,240.81
61197,Pima Energy Storage System,AZ,Pima,32.251647,-110.991333,WECC,TEPC,10.0,2.5,8.0,10.0,1,2019,11.0,46.0,4.0,-42.0,9w01f3,240.81
61197,Pima Energy Storage System,AZ,Pima,32.251647,-110.991333,WECC,TEPC,10.0,2.5,8.0,10.0,1,2019,12.0,44.0,2.0,-2.0,9w01f3,240.81
61197,Pima Energy Storage System,AZ,Pima,32.251647,-110.991333,WECC,TEPC,10.0,2.5,8.0,10.0,1,2020,1.0,39.0,2.0,-37.0,9w01f3,240.81
61197,Pima Energy Storage System,AZ,Pima,32.251647,-110.991333,WECC,TEPC,10.0,2.5,8.0,10.0,1,2020,2.0,47.0,8.0,-39.0,9w01f3,240.81
61197,Pima Energy Storage System,AZ,Pima,32.251647,-110.991333,WECC,TEPC,10.0,2.5,8.0,10.0,1,2020,3.0,43.0,2.0,-41.0,9w01f3,240.81
61197,Pima Energy Storage System,AZ,Pima,32.251647,-110.991333,WECC,TEPC,10.0,2.5,8.0,10.0,1,2020,4.0,42.0,1.0,-41.0,9w01f3,240.81
61197,Pima Energy Storage System,AZ,Pima,32.251647,-110.991333,WECC,TEPC,10.0,2.5,8.0,10.0,1,2020,5.0,41.0,2.0,-39.0,9w01f3,240.81
61197,Pima Energy Storage System,AZ,Pima,32.251647,-110.991333,WECC,TEPC,10.0,2.5,8.0,10.0,1,2020,6.0,52.0,5.0,-47.0,9w01f3,240.81
61197,Pima Energy Storage System,AZ,Pima,32.251647,-110.991333,WECC,TEPC,10.0,2.5,8.0,10.0,1,2020,7.0,53.0,49.0,-4.0,9w01f3,240.81
61197,Pima Energy Storage System,AZ,Pima,32.251647,-110.991333,WECC,TEPC,10.0,2.5,8.0,10.0,1,2020,8.0,56.0,49.0,-7.0,9w01f3,240.81
61197,Pima Energy Storage System,AZ,Pima,32.251647,-110.991333,WECC,TEPC,10.0,2.5,8.0,10.0,1,2020,9.0,18.0,59.0,41.0,9w01f3,240.81
61197,Pima Energy Storage System,AZ,Pima,32.251647,-110.991333,WECC,TEPC,10.0,2.5,8.0,10.0,1,2020,10.0,6.0,54.0,48.0,9w01f3,240.81
61197,Pima Energy Storage System,AZ,Pima,32.251647,-110.991333,WECC,TEPC,10.0,2.5,8.0,10.0,1,2020,11.0,45.0,1.0,-44.0,9w01f3,240.81
61197,Pima Energy Storage System,AZ,Pima,32.251647,-110.991333,WECC,TEPC,10.0,2.5,8.0,10.0,1,2020,12.0,44.0,1.0,-43.0,9w01f3,240.81
61197,Pima Energy Storage System,AZ,Pima,32.251647,-110.991333,WECC,TEPC,10.0,2.5,8.0,10.0,1,2021,1.0,51.0,6.0,-45.0,9w01f3,240.81
61197,Pima Energy Storage System,AZ,Pima,32.251647,-110.991333,WECC,TEPC,10.0,2.5,8.0,10.0,1,2021,2.0,41.0,1.0,-40.0,9w01f3,240.81
61197,Pima Energy Storage System,AZ,Pima,32.251647,-110.991333,WECC,TEPC,10.0,2.5,8.0,10.0,1,2021,3.0,59.0,13.0,-46.0,9w01f3,240.81
61197,Pima Energy Storage System,AZ,Pima,32.251647,-110.991333,WECC,TEPC,10.0,2.5,8.0,10.0,1,2021,4.0,51.0,6.0,-45.0,9w01f3,240.81
61197,Pima Energy Storage System,AZ,Pima,32.251647,-110.991333,WECC,TEPC,10.0,2.5,8.0,10.0,1,2021,5.0,54.0,7.0,-47.0,9w01f3,240.81
61197,Pima Energy Storage System,AZ,Pima,32.251647,-110.991333,WECC,TEPC,10.0,2.5,8.0,10.0,1,2021,6.0,51.0,6.0,-45.0,9w01f3,240.81
61197,Pima Energy Storage System,AZ,Pima,32.251647,-110.991333,WECC,TEPC,10.0,2.5,8.0,10.0,1,2021,7.0,60.0,10.0,-50.0,9w01f3,240.81
61197,Pima Energy Storage System,AZ,Pima,32.251647,-110.991333,WECC,TEPC,10.0,2.5,8.0,10.0,1,2021,8.0,64.0,13.0,-51.0,9w01f3,240.81
61197,Pima Energy Storage System,AZ,Pima,32.251647,-110.991333,WECC,TEPC,10.0,2.5,8.0,10.0,1,2021,9.0,48.0,2.0,-46.0,9w01f3,240.81
61197,Pima Energy Storage System,AZ,Pima,32.251647,-110.991333,WECC,TEPC,10.0,2.5,8.0,10.0,1,2021,10.0,38.0,7.0,-31.0,9w01f3,240.81
61197,Pima Energy Storage System,AZ,Pima,32.251647,-110.991333,WECC,TEPC,10.0,2.5,8.0,10.0,1,2021,11.0,52.0,7.0,-45.0,9w01f3,240.81
61197,Pima Energy Storage System,AZ,Pima,32.251647,-110.991333,WECC,TEPC,10.0,2.5,8.0,10.0,1,2021,12.0,47.0,2.0,-45.0,9w01f3,240.81
61197,Pima Energy Storage System,AZ,Pima,32.251647,-110.991333,WECC,TEPC,10.0,2.0,8.0,10.0,1,2022,1.0,52.0,8.0,-44.0,9w01f3,240.81
61197,Pima Energy Storage System,AZ,Pima,32.251647,-110.991333,WECC,TEPC,10.0,2.0,8.0,10.0,1,2022,2.0,42.0,2.0,-40.0,9w01f3,240.81
61197,Pima Energy Storage System,AZ,Pima,32.251647,-110.991333,WECC,TEPC,10.0,2.0,8.0,10.0,1,2022,3.0,48.0,5.0,-43.0,9w01f3,240.81
61197,Pima Energy Storage System,AZ,Pima,32.251647,-110.991333,WECC,TEPC,10.0,2.0,8.0,10.0,1,2022,4.0,46.0,2.0,-44.0,9w01f3,240.81
61197,Pima Energy Storage System,AZ,Pima,32.251647,-110.991333,WECC,TEPC,10.0,2.0,8.0,10.0,1,2022,5.0,50.0,6.0,-44.0,9w01f3,240.81
61197,Pima Energy Storage System,AZ,Pima,32.251647,-110.991333,WECC,TEPC,10.0,2.0,8.0,10.0,1,2022,6.0,44.0,3.0,-41.0,9w01f3,240.81
61197,Pima Energy Storage System,AZ,Pima,32.251647,-110.991333,WECC,TEPC,10.0,2.0,8.0,10.0,1,2022,7.0,48.0,3.0,-45.0,9w01f3,240.81
61197,Pima Energy Storage System,AZ,Pima,32.251647,-110.991333,WECC,TEPC,10.0,2.0,8.0,10.0,1,2022,8.0,46.0,0.0,-46.0,9w01f3,240.81
61197,Pima Energy Storage System,AZ,Pima,32.251647,-110.991333,WECC,TEPC,10.0,2.0,8.0,10.0,1,2022,9.0,31.0,6.0,-25.0,9w01f3,240.81
61197,Pima Energy Storage System,AZ,Pima,32.251647,-110.991333,WECC,TEPC,10.0,2.0,8.0,10.0,1,2022,10.0,31.0,6.0,-25.0,9w01f3,240.81
61197,Pima Energy Storage System,AZ,Pima,32.251647,-110.991333,WECC,TEPC,10.0,2.0,8.0,10.0,1,2022,11.0,48.0,4.0,-44.0,9w01f3,240.81
61197,Pima Energy Storage System,AZ,Pima,32.251647,-110.991333,WECC,TEPC,10.0,2.0,8.0,10.0,1,2022,12.0,53.0,6.0,-42.0,9w01f3,240.81
61204,"AES ES ALAMITOS, LLC",CA,Los Angeles,33.770202,-118.099665,WECC,CISO,100.0,400.0,100.0,100.0,1,2021,1.0,13241.0,11921.0,-1320.0,9q5bwz,14.06
61204,"AES ES ALAMITOS, LLC",CA,Los Angeles,33.770202,-118.099665,WECC,CISO,100.0,400.0,100.0,100.0,1,2021,2.0,15667.0,14221.0,-1446.0,9q5bwz,14.06
61204,"AES ES ALAMITOS, LLC",CA,Los Angeles,33.770202,-118.099665,WECC,CISO,100.0,400.0,100.0,100.0,1,2021,3.0,16446.0,14723.0,-1723.0,9q5bwz,14.06
61204,"AES ES ALAMITOS, LLC",CA,Los Angeles,33.770202,-118.099665,WECC,CISO,100.0,400.0,100.0,100.0,1,2021,4.0,14671.0,13073.0,-1598.0,9q5bwz,14.06
61204,"AES ES ALAMITOS, LLC",CA,Los Angeles,33.770202,-118.099665,WECC,CISO,100.0,400.0,100.0,100.0,1,2021,5.0,15131.0,13964.0,-1167.0,9q5bwz,14.06
61204,"AES ES ALAMITOS, LLC",CA,Los Angeles,33.770202,-118.099665,WECC,CISO,100.0,400.0,100.0,100.0,1,2021,6.0,14230.0,12575.0,-1655.0,9q5bwz,14.06
61204,"AES ES ALAMITOS, LLC",CA,Los Angeles,33.770202,-118.099665,WECC,CISO,100.0,400.0,100.0,100.0,1,2021,7.0,12285.0,10916.0,-1369.0,9q5bwz,14.06
61204,"AES ES ALAMITOS, LLC",CA,Los Angeles,33.770202,-118.099665,WECC,CISO,100.0,400.0,100.0,100.0,1,2021,8.0,12742.0,11202.0,-1540.0,9q5bwz,14.06
61204,"AES ES ALAMITOS, LLC",CA,Los Angeles,33.770202,-118.099665,WECC,CISO,100.0,400.0,100.0,100.0,1,2021,9.0,15014.0,13505.0,-1509.0,9q5bwz,14.06
61204,"AES ES ALAMITOS, LLC",CA,Los Angeles,33.770202,-118.099665,WECC,CISO,100.0,400.0,100.0,100.0,1,2021,10.0,14857.0,13190.0,-1667.0,9q5bwz,14.06
61204,"AES ES ALAMITOS, LLC",CA,Los Angeles,33.770202,-118.099665,WECC,CISO,100.0,400.0,100.0,100.0,1,2021,11.0,12777.0,11479.0,-1298.0,9q5bwz,14.06
61204,"AES ES ALAMITOS, LLC",CA,Los Angeles,33.770202,-118.099665,WECC,CISO,100.0,400.0,100.0,100.0,1,2021,12.0,11615.0,10285.0,-1330.0,9q5bwz,14.06
61204,"AES ES Alamitos, LLC",CA,Los Angeles,33.770202,-118.099665,WECC,CISO,100.0,400.0,100.0,100.0,1,2022,1.0,10844.0,9562.0,-1282.0,9q5bwz,14.06
61204,"AES ES Alamitos, LLC",CA,Los Angeles,33.770202,-118.099665,WECC,CISO,100.0,400.0,100.0,100.0,1,2022,2.0,12394.0,11138.0,-1256.0,9q5bwz,14.06
61204,"AES ES Alamitos, LLC",CA,Los Angeles,33.770202,-118.099665,WECC,CISO,100.0,400.0,100.0,100.0,1,2022,3.0,10949.0,9659.0,-1290.0,9q5bwz,14.06
61204,"AES ES Alamitos, LLC",CA,Los Angeles,33.770202,-118.099665,WECC,CISO,100.0,400.0,100.0,100.0,1,2022,4.0,10364.0,8890.0,-1474.0,9q5bwz,14.06
61204,"AES ES Alamitos, LLC",CA,Los Angeles,33.770202,-118.099665,WECC,CISO,100.0,400.0,100.0,100.0,1,2022,5.0,8549.0,7450.0,-1099.0,9q5bwz,14.06
61204,"AES ES Alamitos, LLC",CA,Los Angeles,33.770202,-118.099665,WECC,CISO,100.0,400.0,100.0,100.0,1,2022,6.0,9698.0,8738.0,-960.0,9q5bwz,14.06
61204,"AES ES Alamitos, LLC",CA,Los Angeles,33.770202,-118.099665,WECC,CISO,100.0,400.0,100.0,100.0,1,2022,7.0,12369.0,11004.0,-1365.0,9q5bwz,14.06
61204,"AES ES Alamitos, LLC",CA,Los Angeles,33.770202,-118.099665,WECC,CISO,100.0,400.0,100.0,100.0,1,2022,8.0,13121.0,11642.0,-1479.0,9q5bwz,14.06
61204,"AES ES Alamitos, LLC",CA,Los Angeles,33.770202,-118.099665,WECC,CISO,100.0,400.0,100.0,100.0,1,2022,9.0,8049.0,6625.0,-1424.0,9q5bwz,14.06
61204,"AES ES Alamitos, LLC",CA,Los Angeles,33.770202,-118.099665,WECC,CISO,100.0,400.0,100.0,100.0,1,2022,10.0,11305.0,9956.0,-1349.0,9q5bwz,14.06
61204,"AES ES Alamitos, LLC",CA,Los Angeles,33.770202,-118.099665,WECC,CISO,100.0,400.0,100.0,100.0,1,2022,11.0,10799.0,9575.0,-1224.0,9q5bwz,14.06
61204,"AES ES Alamitos, LLC",CA,Los Angeles,33.770202,-118.099665,WECC,CISO,100.0,400.0,100.0,100.0,1,2022,12.0,10809.0,9498.0,-1311.0,9q5bwz,14.06
61366,Top Gun Energy Storage,CA,San Diego,32.876198,-117.167791,WECC,CISO,30.0,120.0,30.0,30.0,1,2021,1.0,,,,9mudw2,10.62
61366,Top Gun Energy Storage,CA,San Diego,32.876198,-117.167791,WECC,CISO,30.0,120.0,30.0,30.0,1,2021,2.0,,,,9mudw2,10.62
61366,Top Gun Energy Storage,CA,San Diego,32.876198,-117.167791,WECC,CISO,30.0,120.0,30.0,30.0,1,2021,3.0,,,,9mudw2,10.62
61366,Top Gun Energy Storage,CA,San Diego,32.876198,-117.167791,WECC,CISO,30.0,120.0,30.0,30.0,1,2021,4.0,,,,9mudw2,10.62
61366,Top Gun Energy Storage,CA,San Diego,32.876198,-117.167791,WECC,CISO,30.0,120.0,30.0,30.0,1,2021,5.0,,,,9mudw2,10.62
61366,Top Gun Energy Storage,CA,San Diego,32.876198,-117.167791,WECC,CISO,30.0,120.0,30.0,30.0,1,2021,6.0,0.0,0.0,0.0,9mudw2,10.62
61366,Top Gun Energy Storage,CA,San Diego,32.876198,-117.167791,WECC,CISO,30.0,120.0,30.0,30.0,1,2021,7.0,446.0,20.0,-426.0,9mudw2,10.62
61366,Top Gun Energy Storage,CA,San Diego,32.876198,-117.167791,WECC,CISO,30.0,120.0,30.0,30.0,1,2021,8.0,2287.0,1787.0,-500.0,9mudw2,10.62
61366,Top Gun Energy Storage,CA,San Diego,32.876198,-117.167791,WECC,CISO,30.0,120.0,30.0,30.0,1,2021,9.0,2092.0,1666.0,-426.0,9mudw2,10.62
61366,Top Gun Energy Storage,CA,San Diego,32.876198,-117.167791,WECC,CISO,30.0,120.0,30.0,30.0,1,2021,10.0,2696.0,2176.0,-520.0,9mudw2,10.62
61366,Top Gun Energy Storage,CA,San Diego,32.876198,-117.167791,WECC,CISO,30.0,120.0,30.0,30.0,1,2021,11.0,2355.0,1927.0,-428.0,9mudw2,10.62
61366,Top Gun Energy Storage,CA,San Diego,32.876198,-117.167791,WECC,CISO,30.0,120.0,30.0,30.0,1,2021,12.0,1752.0,1425.0,-327.0,9mudw2,10.62
61366,Top Gun Energy Storage,CA,San Diego,32.876198,-117.167791,WECC,CISO,30.0,120.0,30.0,30.0,1,2022,1.0,2242.0,1789.0,-453.0,9mudw2,10.62
61366,Top Gun Energy Storage,CA,San Diego,32.876198,-117.167791,WECC,CISO,30.0,120.0,30.0,30.0,1,2022,2.0,1445.0,1163.0,-282.0,9mudw2,10.62
61366,Top Gun Energy Storage,CA,San Diego,32.876198,-117.167791,WECC,CISO,30.0,120.0,30.0,30.0,1,2022,3.0,1304.0,977.0,-327.0,9mudw2,10.62
61366,Top Gun Energy Storage,CA,San Diego,32.876198,-117.167791,WECC,CISO,30.0,120.0,30.0,30.0,1,2022,4.0,1417.0,1107.0,-310.0,9mudw2,10.62
61366,Top Gun Energy Storage,CA,San Diego,32.876198,-117.167791,WECC,CISO,30.0,120.0,30.0,30.0,1,2022,5.0,1490.0,1179.0,-311.0,9mudw2,10.62
61366,Top Gun Energy Storage,CA,San Diego,32.876198,-117.167791,WECC,CISO,30.0,120.0,30.0,30.0,1,2022,6.0,1252.0,902.0,-350.0,9mudw2,10.62
61366,Top Gun Energy Storage,CA,San Diego,32.876198,-117.167791,WECC,CISO,30.0,120.0,30.0,30.0,1,2022,7.0,1874.0,1495.0,-379.0,9mudw2,10.62
61366,Top Gun Energy Storage,CA,San Diego,32.876198,-117.167791,WECC,CISO,30.0,120.0,30.0,30.0,1,2022,8.0,1826.0,1430.0,-396.0,9mudw2,10.62
61366,Top Gun Energy Storage,CA,San Diego,32.876198,-117.167791,WECC,CISO,30.0,120.0,30.0,30.0,1,2022,9.0,1476.0,1097.0,-379.0,9mudw2,10.62
61366,Top Gun Energy Storage,CA,San Diego,32.876198,-117.167791,WECC,CISO,30.0,120.0,30.0,30.0,1,2022,10.0,1243.0,972.0,-271.0,9mudw2,10.62
61366,Top Gun Energy Storage,CA,San Diego,32.876198,-117.167791,WECC,CISO,30.0,120.0,30.0,30.0,1,2022,11.0,1500.0,1180.0,-320.0,9mudw2,10.62
61366,Top Gun Energy Storage,CA,San Diego,32.876198,-117.167791,WECC,CISO,30.0,120.0,30.0,30.0,1,2022,12.0,1305.0,968.0,-337.0,9mudw2,10.62
61431,Beacon BESS 1,CA,Kern,35.256526,-118.027519,WECC,LDWP,20.0,10.0,20.0,20.0,1,2018,1.0,,,,9q5zqv,26.33
61431,Beacon BESS 1,CA,Kern,35.256526,-118.027519,WECC,LDWP,20.0,10.0,20.0,20.0,1,2018,2.0,,,,9q5zqv,26.33
61431,Beacon BESS 1,CA,Kern,35.256526,-118.027519,WECC,LDWP,20.0,10.0,20.0,20.0,1,2018,3.0,,,,9q5zqv,26.33
61431,Beacon BESS 1,CA,Kern,35.256526,-118.027519,WECC,LDWP,20.0,10.0,20.0,20.0,1,2018,4.0,,,,9q5zqv,26.33
61431,Beacon BESS 1,CA,Kern,35.256526,-118.027519,WECC,LDWP,20.0,10.0,20.0,20.0,1,2018,5.0,,,,9q5zqv,26.33
61431,Beacon BESS 1,CA,Kern,35.256526,-118.027519,WECC,LDWP,20.0,10.0,20.0,20.0,1,2018,6.0,,,,9q5zqv,26.33
61431,Beacon BESS 1,CA,Kern,35.256526,-118.027519,WECC,LDWP,20.0,10.0,20.0,20.0,1,2018,7.0,,,,9q5zqv,26.33
61431,Beacon BESS 1,CA,Kern,35.256526,-118.027519,WECC,LDWP,20.0,10.0,20.0,20.0,1,2018,8.0,,,,9q5zqv,26.33
61431,Beacon BESS 1,CA,Kern,35.256526,-118.027519,WECC,LDWP,20.0,10.0,20.0,20.0,1,2018,9.0,,,,9q5zqv,26.33
61431,Beacon BESS 1,CA,Kern,35.256526,-118.027519,WECC,LDWP,20.0,10.0,20.0,20.0,1,2018,10.0,155.0,25.0,-130.0,9q5zqv,26.33
61431,Beacon BESS 1,CA,Kern,35.256526,-118.027519,WECC,LDWP,20.0,10.0,20.0,20.0,1,2018,11.0,144.0,35.0,-109.0,9q5zqv,26.33
61431,Beacon BESS 1,CA,Kern,35.256526,-118.027519,WECC,LDWP,20.0,10.0,20.0,20.0,1,2018,12.0,157.0,65.0,-92.0,9q5zqv,26.33
61431,Beacon BESS 1,CA,Kern,35.256526,-118.027519,WECC,LDWP,20.0,10.0,20.0,20.0,1,2019,1.0,250.0,179.0,-71.0,9q5zqv,26.33
61431,Beacon BESS 1,CA,Kern,35.256526,-118.027519,WECC,LDWP,20.0,10.0,20.0,20.0,1,2019,2.0,191.0,113.0,-78.0,9q5zqv,26.33
61431,Beacon BESS 1,CA,Kern,35.256526,-118.027519,WECC,LDWP,20.0,10.0,20.0,20.0,1,2019,3.0,187.0,118.0,-69.0,9q5zqv,26.33
61431,Beacon BESS 1,CA,Kern,35.256526,-118.027519,WECC,LDWP,20.0,10.0,20.0,20.0,1,2019,4.0,269.0,154.0,-115.0,9q5zqv,26.33
61431,Beacon BESS 1,CA,Kern,35.256526,-118.027519,WECC,LDWP,20.0,10.0,20.0,20.0,1,2019,5.0,167.0,112.0,-55.0,9q5zqv,26.33
61431,Beacon BESS 1,CA,Kern,35.256526,-118.027519,WECC,LDWP,20.0,10.0,20.0,20.0,1,2019,6.0,148.0,88.0,-60.0,9q5zqv,26.33
61431,Beacon BESS 1,CA,Kern,35.256526,-118.027519,WECC,LDWP,20.0,10.0,20.0,20.0,1,2019,7.0,212.0,92.0,-120.0,9q5zqv,26.33
61431,Beacon BESS 1,CA,Kern,35.256526,-118.027519,WECC,LDWP,20.0,10.0,20.0,20.0,1,2019,8.0,285.0,158.0,-127.0,9q5zqv,26.33
61431,Beacon BESS 1,CA,Kern,35.256526,-118.027519,WECC,LDWP,20.0,10.0,20.0,20.0,1,2019,9.0,269.0,154.0,-115.0,9q5zqv,26.33
61431,Beacon BESS 1,CA,Kern,35.256526,-118.027519,WECC,LDWP,20.0,10.0,20.0,20.0,1,2019,10.0,293.0,203.0,-90.0,9q5zqv,26.33
61431,Beacon BESS 1,CA,Kern,35.256526,-118.027519,WECC,LDWP,20.0,10.0,20.0,20.0,1,2019,11.0,184.0,110.0,-74.0,9q5zqv,26.33
61431,Beacon BESS 1,CA,Kern,35.256526,-118.027519,WECC,LDWP,20.0,10.0,20.0,20.0,1,2019,12.0,9.0,0.0,-9.0,9q5zqv,26.33
61431,Beacon BESS 1,CA,Kern,35.256526,-118.027519,WECC,LDWP,20.0,10.0,20.0,20.0,1,2020,1.0,0.0,0.0,0.0,9q5zqv,26.33
61431,Beacon BESS 1,CA,Kern,35.256526,-118.027519,WECC,LDWP,20.0,10.0,20.0,20.0,1,2020,2.0,0.0,0.0,0.0,9q5zqv,26.33
61431,Beacon BESS 1,CA,Kern,35.256526,-118.027519,WECC,LDWP,20.0,10.0,20.0,20.0,1,2020,3.0,0.0,0.0,0.0,9q5zqv,26.33
61431,Beacon BESS 1,CA,Kern,35.256526,-118.027519,WECC,LDWP,20.0,10.0,20.0,20.0,1,2020,4.0,23.0,0.0,-23.0,9q5zqv,26.33
61431,Beacon BESS 1,CA,Kern,35.256526,-118.027519,WECC,LDWP,20.0,10.0,20.0,20.0,1,2020,5.0,62.0,0.0,-62.0,9q5zqv,26.33
61431,Beacon BESS 1,CA,Kern,35.256526,-118.027519,WECC,LDWP,20.0,10.0,20.0,20.0,1,2020,6.0,205.0,118.0,-87.0,9q5zqv,26.33
61431,Beacon BESS 1,CA,Kern,35.256526,-118.027519,WECC,LDWP,20.0,10.0,20.0,20.0,1,2020,7.0,314.0,174.0,-140.0,9q5zqv,26.33
61431,Beacon BESS 1,CA,Kern,35.256526,-118.027519,WECC,LDWP,20.0,10.0,20.0,20.0,1,2020,8.0,349.0,215.0,-134.0,9q5zqv,26.33
61431,Beacon BESS 1,CA,Kern,35.256526,-118.027519,WECC,LDWP,20.0,10.0,20.0,20.0,1,2020,9.0,256.0,146.0,-110.0,9q5zqv,26.33
61431,Beacon BESS 1,CA,Kern,35.256526,-118.027519,WECC,LDWP,20.0,10.0,20.0,20.0,1,2020,10.0,241.0,160.0,-81.0,9q5zqv,26.33
61431,Beacon BESS 1,CA,Kern,35.256526,-118.027519,WECC,LDWP,20.0,10.0,20.0,20.0,1,2020,11.0,315.0,237.0,-78.0,9q5zqv,26.33
61431,Beacon BESS 1,CA,Kern,35.256526,-118.027519,WECC,LDWP,20.0,10.0,20.0,20.0,1,2020,12.0,269.0,186.0,-83.0,9q5zqv,26.33
61431,Beacon BESS 1,CA,Kern,35.256526,-118.027519,WECC,LDWP,20.0,10.0,20.0,20.0,1,2021,1.0,273.0,193.0,-80.0,9q5zqv,26.33
61431,Beacon BESS 1,CA,Kern,35.256526,-118.027519,WECC,LDWP,20.0,10.0,20.0,20.0,1,2021,2.0,322.0,233.0,-89.0,9q5zqv,26.33
61431,Beacon BESS 1,CA,Kern,35.256526,-118.027519,WECC,LDWP,20.0,10.0,20.0,20.0,1,2021,3.0,368.0,251.0,-117.0,9q5zqv,26.33
61431,Beacon BESS 1,CA,Kern,35.256526,-118.027519,WECC,LDWP,20.0,10.0,20.0,20.0,1,2021,4.0,314.0,184.0,-130.0,9q5zqv,26.33
61431,Beacon BESS 1,CA,Kern,35.256526,-118.027519,WECC,LDWP,20.0,10.0,20.0,20.0,1,2021,5.0,262.0,147.0,-115.0,9q5zqv,26.33
61431,Beacon BESS 1,CA,Kern,35.256526,-118.027519,WECC,LDWP,20.0,10.0,20.0,20.0,1,2021,6.0,365.0,220.0,-145.0,9q5zqv,26.33
61431,Beacon BESS 1,CA,Kern,35.256526,-118.027519,WECC,LDWP,20.0,10.0,20.0,20.0,1,2021,7.0,384.0,244.0,-140.0,9q5zqv,26.33
61431,Beacon BESS 1,CA,Kern,35.256526,-118.027519,WECC,LDWP,20.0,10.0,20.0,20.0,1,2021,8.0,378.0,245.0,-133.0,9q5zqv,26.33
61431,Beacon BESS 1,CA,Kern,35.256526,-118.027519,WECC,LDWP,20.0,10.0,20.0,20.0,1,2021,9.0,364.0,246.0,-118.0,9q5zqv,26.33
61431,Beacon BESS 1,CA,Kern,35.256526,-118.027519,WECC,LDWP,20.0,10.0,20.0,20.0,1,2021,10.0,357.0,255.0,-102.0,9q5zqv,26.33
61431,Beacon BESS 1,CA,Kern,35.256526,-118.027519,WECC,LDWP,20.0,10.0,20.0,20.0,1,2021,11.0,310.0,231.0,-79.0,9q5zqv,26.33
61431,Beacon BESS 1,CA,Kern,35.256526,-118.027519,WECC,LDWP,20.0,10.0,20.0,20.0,1,2021,12.0,308.0,230.0,-78.0,9q5zqv,26.33
61431,Beacon BESS 1,CA,Kern,35.256526,-118.027519,WECC,LDWP,20.0,10.0,20.0,20.0,1,2022,1.0,330.0,249.0,-81.0,9q5zqv,26.33
61431,Beacon BESS 1,CA,Kern,35.256526,-118.027519,WECC,LDWP,20.0,10.0,20.0,20.0,1,2022,2.0,311.0,229.0,-82.0,9q5zqv,26.33
61431,Beacon BESS 1,CA,Kern,35.256526,-118.027519,WECC,LDWP,20.0,10.0,20.0,20.0,1,2022,3.0,361.0,258.0,-103.0,9q5zqv,26.33
61431,Beacon BESS 1,CA,Kern,35.256526,-118.027519,WECC,LDWP,20.0,10.0,20.0,20.0,1,2022,4.0,364.0,250.0,-114.0,9q5zqv,26.33
61431,Beacon BESS 1,CA,Kern,35.256526,-118.027519,WECC,LDWP,20.0,10.0,20.0,20.0,1,2022,5.0,155.0,75.0,-80.0,9q5zqv,26.33
61431,Beacon BESS 1,CA,Kern,35.256526,-118.027519,WECC,LDWP,20.0,10.0,20.0,20.0,1,2022,6.0,476.0,339.0,-137.0,9q5zqv,26.33
61431,Beacon BESS 1,CA,Kern,35.256526,-118.027519,WECC,LDWP,20.0,10.0,20.0,20.0,1,2022,7.0,411.0,275.0,-136.0,9q5zqv,26.33
61431,Beacon BESS 1,CA,Kern,35.256526,-118.027519,WECC,LDWP,20.0,10.0,20.0,20.0,1,2022,8.0,357.0,245.0,-112.0,9q5zqv,26.33
61431,Beacon BESS 1,CA,Kern,35.256526,-118.027519,WECC,LDWP,20.0,10.0,20.0,20.0,1,2022,9.0,359.0,243.0,-116.0,9q5zqv,26.33
61431,Beacon BESS 1,CA,Kern,35.256526,-118.027519,WECC,LDWP,20.0,10.0,20.0,20.0,1,2022,10.0,340.0,248.0,-92.0,9q5zqv,26.33
61431,Beacon BESS 1,CA,Kern,35.256526,-118.027519,WECC,LDWP,20.0,10.0,20.0,20.0,1,2022,11.0,337.0,259.0,-78.0,9q5zqv,26.33
61431,Beacon BESS 1,CA,Kern,35.256526,-118.027519,WECC,LDWP,20.0,10.0,20.0,20.0,1,2022,12.0,372.0,288.0,-84.0,9q5zqv,26.33
61439,Panasonic Carport Solar,CO,Adams,39.808719,-104.781494,WECC,PSCO,1.0,2.2,1.0,1.0,1,2018,1.0,19.0,15.169,-2.543,9wve62,141.33
61439,Panasonic Carport Solar,CO,Adams,39.808719,-104.781494,WECC,PSCO,1.0,2.2,1.0,1.0,1,2018,2.0,16.0,13.562,-2.274,9wve62,141.33
61439,Panasonic Carport Solar,CO,Adams,39.808719,-104.781494,WECC,PSCO,1.0,2.2,1.0,1.0,1,2018,3.0,17.0,14.678,-2.461,9wve62,141.33
61439,Panasonic Carport Solar,CO,Adams,39.808719,-104.781494,WECC,PSCO,1.0,2.2,1.0,1.0,1,2018,4.0,16.0,14.098,-2.364,9wve62,141.33
61439,Panasonic Carport Solar,CO,Adams,39.808719,-104.781494,WECC,PSCO,1.0,2.2,1.0,1.0,1,2018,5.0,15.0,13.227,-2.218,9wve62,141.33
61439,Panasonic Carport Solar,CO,Adams,39.808719,-104.781494,WECC,PSCO,1.0,2.2,1.0,1.0,1,2018,6.0,16.0,13.433,-2.252,9wve62,141.33
61439,Panasonic Carport Solar,CO,Adams,39.808719,-104.781494,WECC,PSCO,1.0,2.2,1.0,1.0,1,2018,7.0,17.0,14.211,-2.383,9wve62,141.33
61439,Panasonic Carport Solar,CO,Adams,39.808719,-104.781494,WECC,PSCO,1.0,2.2,1.0,1.0,1,2018,8.0,16.0,13.961,-2.341,9wve62,141.33
61439,Panasonic Carport Solar,CO,Adams,39.808719,-104.781494,WECC,PSCO,1.0,2.2,1.0,1.0,1,2018,9.0,14.0,12.248,-2.053,9wve62,141.33
61439,Panasonic Carport Solar,CO,Adams,39.808719,-104.781494,WECC,PSCO,1.0,2.2,1.0,1.0,1,2018,10.0,16.0,13.996,-2.347,9wve62,141.33
61439,Panasonic Carport Solar,CO,Adams,39.808719,-104.781494,WECC,PSCO,1.0,2.2,1.0,1.0,1,2018,11.0,16.0,13.533,-2.269,9wve62,141.33
61439,Panasonic Carport Solar,CO,Adams,39.808719,-104.781494,WECC,PSCO,1.0,2.2,1.0,1.0,1,2018,12.0,17.0,14.884,-2.495,9wve62,141.33
61439,Panasonic Carport Solar Hybrid,CO,Adams,39.808719,-104.781494,WECC,PSCO,1.0,2.2,1.0,1.0,1,2019,1.0,89.0,15.898,-73.133,9wve62,141.33
61439,Panasonic Carport Solar Hybrid,CO,Adams,39.808719,-104.781494,WECC,PSCO,1.0,2.2,1.0,1.0,1,2019,2.0,79.0,14.16,-65.134,9wve62,141.33
61439,Panasonic Carport Solar Hybrid,CO,Adams,39.808719,-104.781494,WECC,PSCO,1.0,2.2,1.0,1.0,1,2019,3.0,111.0,19.864,-91.376,9wve62,141.33
61439,Panasonic Carport Solar Hybrid,CO,Adams,39.808719,-104.781494,WECC,PSCO,1.0,2.2,1.0,1.0,1,2019,4.0,98.0,17.455,-80.293,9wve62,141.33
61439,Panasonic Carport Solar Hybrid,CO,Adams,39.808719,-104.781494,WECC,PSCO,1.0,2.2,1.0,1.0,1,2019,5.0,92.0,16.423,-75.546,9wve62,141.33
61439,Panasonic Carport Solar Hybrid,CO,Adams,39.808719,-104.781494,WECC,PSCO,1.0,2.2,1.0,1.0,1,2019,6.0,93.0,16.551,-76.134,9wve62,141.33
61439,Panasonic Carport Solar Hybrid,CO,Adams,39.808719,-104.781494,WECC,PSCO,1.0,2.2,1.0,1.0,1,2019,7.0,81.0,14.408,-66.276,9wve62,141.33
61439,Panasonic Carport Solar Hybrid,CO,Adams,39.808719,-104.781494,WECC,PSCO,1.0,2.2,1.0,1.0,1,2019,8.0,101.0,18.0,-82.8,9wve62,141.33
61439,Panasonic Carport Solar Hybrid,CO,Adams,39.808719,-104.781494,WECC,PSCO,1.0,2.2,1.0,1.0,1,2019,9.0,94.0,16.835,-77.439,9wve62,141.33
61439,Panasonic Carport Solar Hybrid,CO,Adams,39.808719,-104.781494,WECC,PSCO,1.0,2.2,1.0,1.0,1,2019,10.0,98.0,17.559,-80.771,9wve62,141.33
61439,Panasonic Carport Solar Hybrid,CO,Adams,39.808719,-104.781494,WECC,PSCO,1.0,2.2,1.0,1.0,1,2019,11.0,87.0,15.488,-71.247,9wve62,141.33
61439,Panasonic Carport Solar Hybrid,CO,Adams,39.808719,-104.781494,WECC,PSCO,1.0,2.2,1.0,1.0,1,2019,12.0,97.0,17.359,-79.851,9wve62,141.33
61439,Panasonic Carport Solar Hybrid,CO,Adams,39.808719,-104.781494,WECC,PSCO,1.0,2.2,1.0,1.0,1,2020,1.0,140.0,139.864,9.297,9wve62,141.33
61439,Panasonic Carport Solar Hybrid,CO,Adams,39.808719,-104.781494,WECC,PSCO,1.0,2.2,1.0,1.0,1,2020,2.0,152.0,151.846,10.09,9wve62,141.33
61439,Panasonic Carport Solar Hybrid,CO,Adams,39.808719,-104.781494,WECC,PSCO,1.0,2.2,1.0,1.0,1,2020,3.0,148.0,147.738,9.817,9wve62,141.33
61439,Panasonic Carport Solar Hybrid,CO,Adams,39.808719,-104.781494,WECC,PSCO,1.0,2.2,1.0,1.0,1,2020,4.0,138.0,138.193,9.183,9wve62,141.33
61439,Panasonic Carport Solar Hybrid,CO,Adams,39.808719,-104.781494,WECC,PSCO,1.0,2.2,1.0,1.0,1,2020,5.0,101.0,100.798,6.698,9wve62,141.33
61439,Panasonic Carport Solar Hybrid,CO,Adams,39.808719,-104.781494,WECC,PSCO,1.0,2.2,1.0,1.0,1,2020,6.0,86.0,86.384,5.74,9wve62,141.33
61439,Panasonic Carport Solar Hybrid,CO,Adams,39.808719,-104.781494,WECC,PSCO,1.0,2.2,1.0,1.0,1,2020,7.0,119.0,119.381,7.933,9wve62,141.33
61439,Panasonic Carport Solar Hybrid,CO,Adams,39.808719,-104.781494,WECC,PSCO,1.0,2.2,1.0,1.0,1,2020,8.0,121.0,120.709,8.021,9wve62,141.33
61439,Panasonic Carport Solar Hybrid,CO,Adams,39.808719,-104.781494,WECC,PSCO,1.0,2.2,1.0,1.0,1,2020,9.0,111.0,110.833,7.365,9wve62,141.33
61439,Panasonic Carport Solar Hybrid,CO,Adams,39.808719,-104.781494,WECC,PSCO,1.0,2.2,1.0,1.0,1,2020,10.0,143.0,142.953,9.499,9wve62,141.33
61439,Panasonic Carport Solar Hybrid,CO,Adams,39.808719,-104.781494,WECC,PSCO,1.0,2.2,1.0,1.0,1,2020,11.0,132.0,132.306,8.792,9wve62,141.33
61439,Panasonic Carport Solar Hybrid,CO,Adams,39.808719,-104.781494,WECC,PSCO,1.0,2.2,1.0,1.0,1,2020,12.0,159.0,158.995,10.565,9wve62,141.33
61439,Panasonic Carport Solar Hybrid,CO,Adams,39.808719,-104.781494,WECC,PSCO,1.0,2.2,1.0,1.0,1,2021,,,,,9wve62,141.33
61439,Panasonic Carport Solar Hybrid,CO,Adams,39.808719,-104.781494,WECC,PSCO,1.0,2.2,1.0,1.0,1,2022,1.0,0.0,0.0,0.0,9wve62,141.33
61439,Panasonic Carport Solar Hybrid,CO,Adams,39.808719,-104.781494,WECC,PSCO,1.0,2.2,1.0,1.0,1,2022,2.0,0.0,0.0,0.0,9wve62,141.33
61439,Panasonic Carport Solar Hybrid,CO,Adams,39.808719,-104.781494,WECC,PSCO,1.0,2.2,1.0,1.0,1,2022,3.0,0.0,0.0,0.0,9wve62,141.33
61439,Panasonic Carport Solar Hybrid,CO,Adams,39.808719,-104.781494,WECC,PSCO,1.0,2.2,1.0,1.0,1,2022,4.0,0.0,0.0,0.0,9wve62,141.33
61439,Panasonic Carport Solar Hybrid,CO,Adams,39.808719,-104.781494,WECC,PSCO,1.0,2.2,1.0,1.0,1,2022,5.0,0.0,0.0,0.0,9wve62,141.33
61439,Panasonic Carport Solar Hybrid,CO,Adams,39.808719,-104.781494,WECC,PSCO,1.0,2.2,1.0,1.0,1,2022,6.0,0.0,0.0,0.0,9wve62,141.33
61439,Panasonic Carport Solar Hybrid,CO,Adams,39.808719,-104.781494,WECC,PSCO,1.0,2.2,1.0,1.0,1,2022,7.0,0.0,0.0,0.0,9wve62,141.33
61439,Panasonic Carport Solar Hybrid,CO,Adams,39.808719,-104.781494,WECC,PSCO,1.0,2.2,1.0,1.0,1,2022,8.0,0.0,0.0,0.0,9wve62,141.33
61439,Panasonic Carport Solar Hybrid,CO,Adams,39.808719,-104.781494,WECC,PSCO,1.0,2.2,1.0,1.0,1,2022,9.0,0.0,0.0,0.0,9wve62,141.33
61439,Panasonic Carport Solar Hybrid,CO,Adams,39.808719,-104.781494,WECC,PSCO,1.0,2.2,1.0,1.0,1,2022,10.0,0.0,0.0,0.0,9wve62,141.33
61439,Panasonic Carport Solar Hybrid,CO,Adams,39.808719,-104.781494,WECC,PSCO,1.0,2.2,1.0,1.0,1,2022,11.0,0.0,0.0,0.0,9wve62,141.33
61439,Panasonic Carport Solar Hybrid,CO,Adams,39.808719,-104.781494,WECC,PSCO,1.0,2.2,1.0,1.0,1,2022,12.0,0.0,0.0,0.0,9wve62,141.33
61661,Vista Energy Storage System ,CA,San Diego,33.203977,-117.253852,WECC,CISO,40.0,40.0,40.0,40.0,1,2018,1.0,,,,9mumuf,33.79
61661,Vista Energy Storage System ,CA,San Diego,33.203977,-117.253852,WECC,CISO,40.0,40.0,40.0,40.0,1,2018,2.0,,,,9mumuf,33.79
61661,Vista Energy Storage System ,CA,San Diego,33.203977,-117.253852,WECC,CISO,40.0,40.0,40.0,40.0,1,2018,3.0,,,,9mumuf,33.79
61661,Vista Energy Storage System ,CA,San Diego,33.203977,-117.253852,WECC,CISO,40.0,40.0,40.0,40.0,1,2018,4.0,,,,9mumuf,33.79
61661,Vista Energy Storage System ,CA,San Diego,33.203977,-117.253852,WECC,CISO,40.0,40.0,40.0,40.0,1,2018,5.0,,,,9mumuf,33.79
61661,Vista Energy Storage System ,CA,San Diego,33.203977,-117.253852,WECC,CISO,40.0,40.0,40.0,40.0,1,2018,6.0,53.0,54.0,1.0,9mumuf,33.79
61661,Vista Energy Storage System ,CA,San Diego,33.203977,-117.253852,WECC,CISO,40.0,40.0,40.0,40.0,1,2018,7.0,2439.0,1893.0,-546.0,9mumuf,33.79
61661,Vista Energy Storage System ,CA,San Diego,33.203977,-117.253852,WECC,CISO,40.0,40.0,40.0,40.0,1,2018,8.0,2224.0,1817.0,-407.0,9mumuf,33.79
61661,Vista Energy Storage System ,CA,San Diego,33.203977,-117.253852,WECC,CISO,40.0,40.0,40.0,40.0,1,2018,9.0,1269.0,946.0,-323.0,9mumuf,33.79
61661,Vista Energy Storage System ,CA,San Diego,33.203977,-117.253852,WECC,CISO,40.0,40.0,40.0,40.0,1,2018,10.0,735.0,545.0,-190.0,9mumuf,33.79
61661,Vista Energy Storage System ,CA,San Diego,33.203977,-117.253852,WECC,CISO,40.0,40.0,40.0,40.0,1,2018,11.0,1795.0,1506.0,-289.0,9mumuf,33.79
61661,Vista Energy Storage System ,CA,San Diego,33.203977,-117.253852,WECC,CISO,40.0,40.0,40.0,40.0,1,2018,12.0,1019.0,739.0,-280.0,9mumuf,33.79
61661,Vista Energy Storage System ,CA,San Diego,33.203977,-117.253852,WECC,CISO,40.0,40.0,40.0,40.0,1,2019,1.0,3372.0,3372.0,-588.0,9mumuf,33.79
61661,Vista Energy Storage System ,CA,San Diego,33.203977,-117.253852,WECC,CISO,40.0,40.0,40.0,40.0,1,2019,2.0,2329.0,2329.0,-437.0,9mumuf,33.79
61661,Vista Energy Storage System ,CA,San Diego,33.203977,-117.253852,WECC,CISO,40.0,40.0,40.0,40.0,1,2019,3.0,2697.0,2325.0,-371.0,9mumuf,33.79
61661,Vista Energy Storage System ,CA,San Diego,33.203977,-117.253852,WECC,CISO,40.0,40.0,40.0,40.0,1,2019,4.0,2841.0,2543.0,-298.0,9mumuf,33.79
61661,Vista Energy Storage System ,CA,San Diego,33.203977,-117.253852,WECC,CISO,40.0,40.0,40.0,40.0,1,2019,5.0,2978.0,2963.0,-14.0,9mumuf,33.79
61661,Vista Energy Storage System ,CA,San Diego,33.203977,-117.253852,WECC,CISO,40.0,40.0,40.0,40.0,1,2019,6.0,2415.0,1886.0,-529.0,9mumuf,33.79
61661,Vista Energy Storage System ,CA,San Diego,33.203977,-117.253852,WECC,CISO,40.0,40.0,40.0,40.0,1,2019,7.0,2241.0,1922.0,-318.0,9mumuf,33.79
61661,Vista Energy Storage System ,CA,San Diego,33.203977,-117.253852,WECC,CISO,40.0,40.0,40.0,40.0,1,2019,8.0,1416.0,1323.0,-93.0,9mumuf,33.79
61661,Vista Energy Storage System ,CA,San Diego,33.203977,-117.253852,WECC,CISO,40.0,40.0,40.0,40.0,1,2019,9.0,1695.0,1310.0,-385.0,9mumuf,33.79
61661,Vista Energy Storage System ,CA,San Diego,33.203977,-117.253852,WECC,CISO,40.0,40.0,40.0,40.0,1,2019,10.0,1594.0,1274.0,320.0,9mumuf,33.79
61661,Vista Energy Storage System ,CA,San Diego,33.203977,-117.253852,WECC,CISO,40.0,40.0,40.0,40.0,1,2019,11.0,2102.0,1932.0,169.0,9mumuf,33.79
61661,Vista Energy Storage System ,CA,San Diego,33.203977,-117.253852,WECC,CISO,40.0,40.0,40.0,40.0,1,2019,12.0,2130.0,2064.0,-66.0,9mumuf,33.79
61661,Vista Energy Storage System ,CA,San Diego,33.203977,-117.253852,WECC,CISO,40.0,40.0,40.0,40.0,1,2020,1.0,2744.0,2557.0,-187.0,9mumuf,33.79
61661,Vista Energy Storage System ,CA,San Diego,33.203977,-117.253852,WECC,CISO,40.0,40.0,40.0,40.0,1,2020,2.0,1815.0,1499.0,-316.0,9mumuf,33.79
61661,Vista Energy Storage System ,CA,San Diego,33.203977,-117.253852,WECC,CISO,40.0,40.0,40.0,40.0,1,2020,3.0,4082.0,3774.0,-308.0,9mumuf,33.79
61661,Vista Energy Storage System ,CA,San Diego,33.203977,-117.253852,WECC,CISO,40.0,40.0,40.0,40.0,1,2020,4.0,2221.0,1915.0,306.0,9mumuf,33.79
61661,Vista Energy Storage System ,CA,San Diego,33.203977,-117.253852,WECC,CISO,40.0,40.0,40.0,40.0,1,2020,5.0,1167.0,858.0,-309.0,9mumuf,33.79
61661,Vista Energy Storage System ,CA,San Diego,33.203977,-117.253852,WECC,CISO,40.0,40.0,40.0,40.0,1,2020,6.0,1462.0,1387.0,75.0,9mumuf,33.79
61661,Vista Energy Storage System ,CA,San Diego,33.203977,-117.253852,WECC,CISO,40.0,40.0,40.0,40.0,1,2020,7.0,1289.0,1254.0,-35.0,9mumuf,33.79
61661,Vista Energy Storage System ,CA,San Diego,33.203977,-117.253852,WECC,CISO,40.0,40.0,40.0,40.0,1,2020,8.0,2068.0,1766.0,-302.0,9mumuf,33.79
61661,Vista Energy Storage System ,CA,San Diego,33.203977,-117.253852,WECC,CISO,40.0,40.0,40.0,40.0,1,2020,9.0,2300.0,1938.0,-362.0,9mumuf,33.79
61661,Vista Energy Storage System ,CA,San Diego,33.203977,-117.253852,WECC,CISO,40.0,40.0,40.0,40.0,1,2020,10.0,3492.0,3004.0,-488.0,9mumuf,33.79
61661,Vista Energy Storage System ,CA,San Diego,33.203977,-117.253852,WECC,CISO,40.0,40.0,40.0,40.0,1,2020,11.0,5165.0,4527.0,-638.0,9mumuf,33.79
61661,Vista Energy Storage System ,CA,San Diego,33.203977,-117.253852,WECC,CISO,40.0,40.0,40.0,40.0,1,2020,12.0,5421.0,4793.0,-628.0,9mumuf,33.79
61661,Vista Energy Storage System ,CA,San Diego,33.203977,-117.253852,WECC,CISO,40.0,40.0,40.0,40.0,1,2021,1.0,4557.0,3984.0,-573.0,9mumuf,33.79
61661,Vista Energy Storage System ,CA,San Diego,33.203977,-117.253852,WECC,CISO,40.0,40.0,40.0,40.0,1,2021,2.0,3548.0,3074.0,-474.0,9mumuf,33.79
61661,Vista Energy Storage System ,CA,San Diego,33.203977,-117.253852,WECC,CISO,40.0,40.0,40.0,40.0,1,2021,3.0,2653.0,2241.0,-412.0,9mumuf,33.79
61661,Vista Energy Storage System ,CA,San Diego,33.203977,-117.253852,WECC,CISO,40.0,40.0,40.0,40.0,1,2021,4.0,5219.0,4586.0,-633.0,9mumuf,33.79
61661,Vista Energy Storage System ,CA,San Diego,33.203977,-117.253852,WECC,CISO,40.0,40.0,40.0,40.0,1,2021,5.0,4560.0,4016.0,-544.0,9mumuf,33.79
61661,Vista Energy Storage System ,CA,San Diego,33.203977,-117.253852,WECC,CISO,40.0,40.0,40.0,40.0,1,2021,6.0,4733.0,4123.0,-610.0,9mumuf,33.79
61661,Vista Energy Storage System ,CA,San Diego,33.203977,-117.253852,WECC,CISO,40.0,40.0,40.0,40.0,1,2021,7.0,1238.0,983.0,-255.0,9mumuf,33.79
61661,Vista Energy Storage System ,CA,San Diego,33.203977,-117.253852,WECC,CISO,40.0,40.0,40.0,40.0,1,2021,8.0,931.0,684.0,-247.0,9mumuf,33.79
61661,Vista Energy Storage System ,CA,San Diego,33.203977,-117.253852,WECC,CISO,40.0,40.0,40.0,40.0,1,2021,9.0,1074.0,828.0,-246.0,9mumuf,33.79
61661,Vista Energy Storage System ,CA,San Diego,33.203977,-117.253852,WECC,CISO,40.0,40.0,40.0,40.0,1,2021,10.0,1535.0,1260.0,-275.0,9mumuf,33.79
61661,Vista Energy Storage System ,CA,San Diego,33.203977,-117.253852,WECC,CISO,40.0,40.0,40.0,40.0,1,2021,11.0,1812.0,1496.0,-316.0,9mumuf,33.79
61661,Vista Energy Storage System ,CA,San Diego,33.203977,-117.253852,WECC,CISO,40.0,40.0,40.0,40.0,1,2021,12.0,1662.0,1370.0,-292.0,9mumuf,33.79
61661,Vista Energy Storage System ,CA,San Diego,33.203977,-117.253852,WECC,CISO,40.0,40.0,40.0,40.0,1,2022,1.0,1813.0,1490.0,-323.0,9mumuf,33.79
61661,Vista Energy Storage System ,CA,San Diego,33.203977,-117.253852,WECC,CISO,40.0,40.0,40.0,40.0,1,2022,2.0,1864.0,1561.0,-303.0,9mumuf,33.79
61661,Vista Energy Storage System ,CA,San Diego,33.203977,-117.253852,WECC,CISO,40.0,40.0,40.0,40.0,1,2022,3.0,2414.0,2005.0,-409.0,9mumuf,33.79
61661,Vista Energy Storage System ,CA,San Diego,33.203977,-117.253852,WECC,CISO,40.0,40.0,40.0,40.0,1,2022,4.0,2155.0,1796.0,-359.0,9mumuf,33.79
61661,Vista Energy Storage System ,CA,San Diego,33.203977,-117.253852,WECC,CISO,40.0,40.0,40.0,40.0,1,2022,5.0,2446.0,2028.0,-418.0,9mumuf,33.79
61661,Vista Energy Storage System ,CA,San Diego,33.203977,-117.253852,WECC,CISO,40.0,40.0,40.0,40.0,1,2022,6.0,3189.0,2757.0,-432.0,9mumuf,33.79
61661,Vista Energy Storage System ,CA,San Diego,33.203977,-117.253852,WECC,CISO,40.0,40.0,40.0,40.0,1,2022,7.0,3023.0,2554.0,-469.0,9mumuf,33.79
61661,Vista Energy Storage System ,CA,San Diego,33.203977,-117.253852,WECC,CISO,40.0,40.0,40.0,40.0,1,2022,8.0,3334.0,2844.0,-490.0,9mumuf,33.79
61661,Vista Energy Storage System ,CA,San Diego,33.203977,-117.253852,WECC,CISO,40.0,40.0,40.0,40.0,1,2022,9.0,3536.0,3014.0,-522.0,9mumuf,33.79
61661,Vista Energy Storage System ,CA,San Diego,33.203977,-117.253852,WECC,CISO,40.0,40.0,40.0,40.0,1,2022,10.0,2444.0,2042.0,-402.0,9mumuf,33.79
61661,Vista Energy Storage System ,CA,San Diego,33.203977,-117.253852,WECC,CISO,40.0,40.0,40.0,40.0,1,2022,11.0,1443.0,1264.0,-179.0,9mumuf,33.79
61661,Vista Energy Storage System ,CA,San Diego,33.203977,-117.253852,WECC,CISO,40.0,40.0,40.0,40.0,1,2022,12.0,2432.0,2084.0,-348.0,9mumuf,33.79
61678,Pinal Central Energy Center,AZ,Pinal,32.875697,-111.551111,WECC,SRP,10.0,40.0,10.0,10.0,1,2018,1.0,,,,9w01f3,154.12
61678,Pinal Central Energy Center,AZ,Pinal,32.875697,-111.551111,WECC,SRP,10.0,40.0,10.0,10.0,1,2018,2.0,,,,9w01f3,154.12
61678,Pinal Central Energy Center,AZ,Pinal,32.875697,-111.551111,WECC,SRP,10.0,40.0,10.0,10.0,1,2018,3.0,,,,9w01f3,154.12
61678,Pinal Central Energy Center,AZ,Pinal,32.875697,-111.551111,WECC,SRP,10.0,40.0,10.0,10.0,1,2018,4.0,0.0,0.0,0.0,9w01f3,154.12
61678,Pinal Central Energy Center,AZ,Pinal,32.875697,-111.551111,WECC,SRP,10.0,40.0,10.0,10.0,1,2018,5.0,1380.0,1202.0,-178.0,9w01f3,154.12
61678,Pinal Central Energy Center,AZ,Pinal,32.875697,-111.551111,WECC,SRP,10.0,40.0,10.0,10.0,1,2018,6.0,1339.0,1160.0,-179.0,9w01f3,154.12
61678,Pinal Central Energy Center,AZ,Pinal,32.875697,-111.551111,WECC,SRP,10.0,40.0,10.0,10.0,1,2018,7.0,1438.0,1241.0,-197.0,9w01f3,154.12
61678,Pinal Central Energy Center,AZ,Pinal,32.875697,-111.551111,WECC,SRP,10.0,40.0,10.0,10.0,1,2018,8.0,1432.0,1240.0,-192.0,9w01f3,154.12
61678,Pinal Central Energy Center,AZ,Pinal,32.875697,-111.551111,WECC,SRP,10.0,40.0,10.0,10.0,1,2018,9.0,6120.0,5877.0,-243.0,9w01f3,154.12
61678,Pinal Central Energy Center,AZ,Pinal,32.875697,-111.551111,WECC,SRP,10.0,40.0,10.0,10.0,1,2018,10.0,2325.0,1975.0,-350.0,9w01f3,154.12
61678,Pinal Central Energy Center,AZ,Pinal,32.875697,-111.551111,WECC,SRP,10.0,40.0,10.0,10.0,1,2018,11.0,1304.0,1149.0,-155.0,9w01f3,154.12
61678,Pinal Central Energy Center,AZ,Pinal,32.875697,-111.551111,WECC,SRP,10.0,40.0,10.0,10.0,1,2018,12.0,1275.0,1117.0,-158.0,9w01f3,154.12
61678,Pinal Central Energy Center Hybrid,AZ,Pinal,32.875697,-111.551111,WECC,SRP,10.0,40.0,10.0,10.0,1,2019,1.0,1259.0,1087.0,-172.0,9w01f3,154.12
61678,Pinal Central Energy Center Hybrid,AZ,Pinal,32.875697,-111.551111,WECC,SRP,10.0,40.0,10.0,10.0,1,2019,2.0,1043.0,836.0,-207.0,9w01f3,154.12
61678,Pinal Central Energy Center Hybrid,AZ,Pinal,32.875697,-111.551111,WECC,SRP,10.0,40.0,10.0,10.0,1,2019,3.0,1350.0,1171.0,-179.0,9w01f3,154.12
61678,Pinal Central Energy Center Hybrid,AZ,Pinal,32.875697,-111.551111,WECC,SRP,10.0,40.0,10.0,10.0,1,2019,4.0,1363.0,1182.0,-181.0,9w01f3,154.12
61678,Pinal Central Energy Center Hybrid,AZ,Pinal,32.875697,-111.551111,WECC,SRP,10.0,40.0,10.0,10.0,1,2019,5.0,1418.0,1230.0,-188.0,9w01f3,154.12
61678,Pinal Central Energy Center Hybrid,AZ,Pinal,32.875697,-111.551111,WECC,SRP,10.0,40.0,10.0,10.0,1,2019,6.0,1378.0,1184.0,-194.0,9w01f3,154.12
61678,Pinal Central Energy Center Hybrid,AZ,Pinal,32.875697,-111.551111,WECC,SRP,10.0,40.0,10.0,10.0,1,2019,7.0,1417.0,1205.0,-212.0,9w01f3,154.12
61678,Pinal Central Energy Center Hybrid,AZ,Pinal,32.875697,-111.551111,WECC,SRP,10.0,40.0,10.0,10.0,1,2019,8.0,1380.0,1179.0,-201.0,9w01f3,154.12
61678,Pinal Central Energy Center Hybrid,AZ,Pinal,32.875697,-111.551111,WECC,SRP,10.0,40.0,10.0,10.0,1,2019,9.0,1375.0,1190.0,-185.0,9w01f3,154.12
61678,Pinal Central Energy Center Hybrid,AZ,Pinal,32.875697,-111.551111,WECC,SRP,10.0,40.0,10.0,10.0,1,2019,10.0,1399.0,1231.0,-168.0,9w01f3,154.12
61678,Pinal Central Energy Center Hybrid,AZ,Pinal,32.875697,-111.551111,WECC,SRP,10.0,40.0,10.0,10.0,1,2019,11.0,1184.0,1018.0,-166.0,9w01f3,154.12
61678,Pinal Central Energy Center Hybrid,AZ,Pinal,32.875697,-111.551111,WECC,SRP,10.0,40.0,10.0,10.0,1,2019,12.0,1139.0,977.0,-162.0,9w01f3,154.12
61678,Pinal Central Energy Center Hybrid,AZ,Pinal,32.875697,-111.551111,WECC,SRP,10.0,40.0,10.0,10.0,1,2020,1.0,1347.0,1160.0,-187.0,9w01f3,154.12
61678,Pinal Central Energy Center Hybrid,AZ,Pinal,32.875697,-111.551111,WECC,SRP,10.0,40.0,10.0,10.0,1,2020,2.0,1304.0,1132.0,-172.0,9w01f3,154.12
61678,Pinal Central Energy Center Hybrid,AZ,Pinal,32.875697,-111.551111,WECC,SRP,10.0,40.0,10.0,10.0,1,2020,3.0,1387.0,1217.0,-170.0,9w01f3,154.12
61678,Pinal Central Energy Center Hybrid,AZ,Pinal,32.875697,-111.551111,WECC,SRP,10.0,40.0,10.0,10.0,1,2020,4.0,1368.0,1209.0,-159.0,9w01f3,154.12
61678,Pinal Central Energy Center Hybrid,AZ,Pinal,32.875697,-111.551111,WECC,SRP,10.0,40.0,10.0,10.0,1,2020,5.0,1239.0,1421.0,182.0,9w01f3,154.12
61678,Pinal Central Energy Center Hybrid,AZ,Pinal,32.875697,-111.551111,WECC,SRP,10.0,40.0,10.0,10.0,1,2020,6.0,1212.0,1383.0,171.0,9w01f3,154.12
61678,Pinal Central Energy Center Hybrid,AZ,Pinal,32.875697,-111.551111,WECC,SRP,10.0,40.0,10.0,10.0,1,2020,7.0,1226.0,1435.0,209.0,9w01f3,154.12
61678,Pinal Central Energy Center Hybrid,AZ,Pinal,32.875697,-111.551111,WECC,SRP,10.0,40.0,10.0,10.0,1,2020,8.0,999.0,1172.0,173.0,9w01f3,154.12
61678,Pinal Central Energy Center Hybrid,AZ,Pinal,32.875697,-111.551111,WECC,SRP,10.0,40.0,10.0,10.0,1,2020,9.0,1255.0,1295.0,40.0,9w01f3,154.12
61678,Pinal Central Energy Center Hybrid,AZ,Pinal,32.875697,-111.551111,WECC,SRP,10.0,40.0,10.0,10.0,1,2020,10.0,1200.0,1371.0,171.0,9w01f3,154.12
61678,Pinal Central Energy Center Hybrid,AZ,Pinal,32.875697,-111.551111,WECC,SRP,10.0,40.0,10.0,10.0,1,2020,11.0,1269.0,1100.0,-169.0,9w01f3,154.12
61678,Pinal Central Energy Center Hybrid,AZ,Pinal,32.875697,-111.551111,WECC,SRP,10.0,40.0,10.0,10.0,1,2020,12.0,1378.0,1195.0,-183.0,9w01f3,154.12
61678,Pinal Central Energy Center Hybrid,AZ,Pinal,32.875697,-111.551111,WECC,SRP,10.0,40.0,10.0,10.0,1,2021,1.0,1435.0,1245.0,-190.0,9w01f3,154.12
61678,Pinal Central Energy Center Hybrid,AZ,Pinal,32.875697,-111.551111,WECC,SRP,10.0,40.0,10.0,10.0,1,2021,2.0,1086.0,961.0,-125.0,9w01f3,154.12
61678,Pinal Central Energy Center Hybrid,AZ,Pinal,32.875697,-111.551111,WECC,SRP,10.0,40.0,10.0,10.0,1,2021,3.0,1398.0,1227.0,-171.0,9w01f3,154.12
61678,Pinal Central Energy Center Hybrid,AZ,Pinal,32.875697,-111.551111,WECC,SRP,10.0,40.0,10.0,10.0,1,2021,4.0,1354.0,1189.0,-165.0,9w01f3,154.12
61678,Pinal Central Energy Center Hybrid,AZ,Pinal,32.875697,-111.551111,WECC,SRP,10.0,40.0,10.0,10.0,1,2021,5.0,1397.0,1445.0,48.0,9w01f3,154.12
61678,Pinal Central Energy Center Hybrid,AZ,Pinal,32.875697,-111.551111,WECC,SRP,10.0,40.0,10.0,10.0,1,2021,6.0,1357.0,1150.0,-207.0,9w01f3,154.12
61678,Pinal Central Energy Center Hybrid,AZ,Pinal,32.875697,-111.551111,WECC,SRP,10.0,40.0,10.0,10.0,1,2021,7.0,1413.0,1215.0,-198.0,9w01f3,154.12
61678,Pinal Central Energy Center Hybrid,AZ,Pinal,32.875697,-111.551111,WECC,SRP,10.0,40.0,10.0,10.0,1,2021,8.0,1418.0,1229.0,-189.0,9w01f3,154.12
61678,Pinal Central Energy Center Hybrid,AZ,Pinal,32.875697,-111.551111,WECC,SRP,10.0,40.0,10.0,10.0,1,2021,9.0,1325.0,1134.0,-191.0,9w01f3,154.12
61678,Pinal Central Energy Center Hybrid,AZ,Pinal,32.875697,-111.551111,WECC,SRP,10.0,40.0,10.0,10.0,1,2021,10.0,918.0,800.0,-149.0,9w01f3,154.12
61678,Pinal Central Energy Center Hybrid,AZ,Pinal,32.875697,-111.551111,WECC,SRP,10.0,40.0,10.0,10.0,1,2021,11.0,1346.0,1158.0,-188.0,9w01f3,154.12
61678,Pinal Central Energy Center Hybrid,AZ,Pinal,32.875697,-111.551111,WECC,SRP,10.0,40.0,10.0,10.0,1,2021,12.0,1049.0,1490.0,441.0,9w01f3,154.12
61678,Pinal Central Energy Center Hybrid,AZ,Pinal,32.875697,-111.551111,WECC,SRP,10.0,40.0,10.0,10.0,1,2022,1.0,1362.0,1150.0,-212.0,9w01f3,154.12
61678,Pinal Central Energy Center Hybrid,AZ,Pinal,32.875697,-111.551111,WECC,SRP,10.0,40.0,10.0,10.0,1,2022,2.0,1284.0,1113.0,-171.0,9w01f3,154.12
61678,Pinal Central Energy Center Hybrid,AZ,Pinal,32.875697,-111.551111,WECC,SRP,10.0,40.0,10.0,10.0,1,2022,3.0,1386.0,1230.0,-156.0,9w01f3,154.12
61678,Pinal Central Energy Center Hybrid,AZ,Pinal,32.875697,-111.551111,WECC,SRP,10.0,40.0,10.0,10.0,1,2022,4.0,1375.0,1199.0,-176.0,9w01f3,154.12
61678,Pinal Central Energy Center Hybrid,AZ,Pinal,32.875697,-111.551111,WECC,SRP,10.0,40.0,10.0,10.0,1,2022,5.0,1334.0,1110.0,-224.0,9w01f3,154.12
61678,Pinal Central Energy Center Hybrid,AZ,Pinal,32.875697,-111.551111,WECC,SRP,10.0,40.0,10.0,10.0,1,2022,6.0,1340.0,1128.0,-212.0,9w01f3,154.12
61678,Pinal Central Energy Center Hybrid,AZ,Pinal,32.875697,-111.551111,WECC,SRP,10.0,40.0,10.0,10.0,1,2022,7.0,1488.0,1148.0,-340.0,9w01f3,154.12
61678,Pinal Central Energy Center Hybrid,AZ,Pinal,32.875697,-111.551111,WECC,SRP,10.0,40.0,10.0,10.0,1,2022,8.0,1908.0,1072.0,-836.0,9w01f3,154.12
61678,Pinal Central Energy Center Hybrid,AZ,Pinal,32.875697,-111.551111,WECC,SRP,10.0,40.0,10.0,10.0,1,2022,9.0,1307.0,1118.0,-189.0,9w01f3,154.12
61678,Pinal Central Energy Center Hybrid,AZ,Pinal,32.875697,-111.551111,WECC,SRP,10.0,40.0,10.0,10.0,1,2022,10.0,1416.0,1241.0,-176.0,9w01f3,154.12
61678,Pinal Central Energy Center Hybrid,AZ,Pinal,32.875697,-111.551111,WECC,SRP,10.0,40.0,10.0,10.0,1,2022,11.0,1322.0,1121.0,-201.0,9w01f3,154.12
61678,Pinal Central Energy Center Hybrid,AZ,Pinal,32.875697,-111.551111,WECC,SRP,10.0,40.0,10.0,10.0,1,2022,12.0,1168.0,1015.0,-152.0,9w01f3,154.12
61721,HEBT WLA 1,CA,Orange,33.669266,-117.646846,WECC,CISO,1.0,6.9,1.0,1.0,1,2019,1.0,,,,9qh0rw,22.13
61721,HEBT WLA 1,CA,Orange,33.669266,-117.646846,WECC,CISO,1.0,6.9,1.0,1.0,1,2019,2.0,,,,9qh0rw,22.13
61721,HEBT WLA 1,CA,Orange,33.669266,-117.646846,WECC,CISO,1.0,6.9,1.0,1.0,1,2019,3.0,,,,9qh0rw,22.13
61721,HEBT WLA 1,CA,Orange,33.669266,-117.646846,WECC,CISO,1.0,6.9,1.0,1.0,1,2019,4.0,,,,9qh0rw,22.13
61721,HEBT WLA 1,CA,Orange,33.669266,-117.646846,WECC,CISO,1.0,6.9,1.0,1.0,1,2019,5.0,,,,9qh0rw,22.13
61721,HEBT WLA 1,CA,Orange,33.669266,-117.646846,WECC,CISO,1.0,6.9,1.0,1.0,1,2019,6.0,0.0,0.0,0.0,9qh0rw,22.13
61721,HEBT WLA 1,CA,Orange,33.669266,-117.646846,WECC,CISO,1.0,6.9,1.0,1.0,1,2019,7.0,0.0,0.0,0.0,9qh0rw,22.13
61721,HEBT WLA 1,CA,Orange,33.669266,-117.646846,WECC,CISO,1.0,6.9,1.0,1.0,1,2019,8.0,0.0,0.0,0.0,9qh0rw,22.13
61721,HEBT WLA 1,CA,Orange,33.669266,-117.646846,WECC,CISO,1.0,6.9,1.0,1.0,1,2019,9.0,0.0,0.0,0.0,9qh0rw,22.13
61721,HEBT WLA 1,CA,Orange,33.669266,-117.646846,WECC,CISO,1.0,6.9,1.0,1.0,1,2019,10.0,0.0,0.0,0.0,9qh0rw,22.13
61721,HEBT WLA 1,CA,Orange,33.669266,-117.646846,WECC,CISO,1.0,6.9,1.0,1.0,1,2019,11.0,0.0,0.0,0.0,9qh0rw,22.13
61721,HEBT WLA 1,CA,Orange,33.669266,-117.646846,WECC,CISO,1.0,6.9,1.0,1.0,1,2019,12.0,0.0,0.0,0.0,9qh0rw,22.13
61721,HEBT WLA 1,CA,Orange,33.669266,-117.646846,WECC,CISO,1.0,6.9,1.0,1.0,1,2020,1.0,85.0,74.0,-11.0,9qh0rw,22.13
61721,HEBT WLA 1,CA,Orange,33.669266,-117.646846,WECC,CISO,1.0,6.9,1.0,1.0,1,2020,2.0,62.0,54.0,-8.0,9qh0rw,22.13
61721,HEBT WLA 1,CA,Orange,33.669266,-117.646846,WECC,CISO,1.0,6.9,1.0,1.0,1,2020,3.0,120.0,105.0,-15.0,9qh0rw,22.13
61721,HEBT WLA 1,CA,Orange,33.669266,-117.646846,WECC,CISO,1.0,6.9,1.0,1.0,1,2020,4.0,76.0,66.0,-10.0,9qh0rw,22.13
61721,HEBT WLA 1,CA,Orange,33.669266,-117.646846,WECC,CISO,1.0,6.9,1.0,1.0,1,2020,5.0,141.0,125.0,-16.0,9qh0rw,22.13
61721,HEBT WLA 1,CA,Orange,33.669266,-117.646846,WECC,CISO,1.0,6.9,1.0,1.0,1,2020,6.0,106.0,92.0,-13.0,9qh0rw,22.13
61721,HEBT WLA 1,CA,Orange,33.669266,-117.646846,WECC,CISO,1.0,6.9,1.0,1.0,1,2020,7.0,137.0,123.0,-14.0,9qh0rw,22.13
61721,HEBT WLA 1,CA,Orange,33.669266,-117.646846,WECC,CISO,1.0,6.9,1.0,1.0,1,2020,8.0,92.0,78.0,-14.0,9qh0rw,22.13
61721,HEBT WLA 1,CA,Orange,33.669266,-117.646846,WECC,CISO,1.0,6.9,1.0,1.0,1,2020,9.0,99.0,89.0,-11.0,9qh0rw,22.13
61721,HEBT WLA 1,CA,Orange,33.669266,-117.646846,WECC,CISO,1.0,6.9,1.0,1.0,1,2020,10.0,153.0,138.0,-15.0,9qh0rw,22.13
61721,HEBT WLA 1,CA,Orange,33.669266,-117.646846,WECC,CISO,1.0,6.9,1.0,1.0,1,2020,11.0,99.0,88.0,-11.0,9qh0rw,22.13
61721,HEBT WLA 1,CA,Orange,33.669266,-117.646846,WECC,CISO,1.0,6.9,1.0,1.0,1,2020,12.0,397.0,352.0,-45.0,9qh0rw,22.13
61721,HEBT WLA 1,CA,Orange,33.669266,-117.646846,WECC,CISO,1.0,6.9,1.0,1.0,1,2021,1.0,43.0,38.0,-5.0,9qh0rw,22.13
61721,HEBT WLA 1,CA,Orange,33.669266,-117.646846,WECC,CISO,1.0,6.9,1.0,1.0,1,2021,2.0,77.0,68.0,-9.0,9qh0rw,22.13
61721,HEBT WLA 1,CA,Orange,33.669266,-117.646846,WECC,CISO,1.0,6.9,1.0,1.0,1,2021,3.0,95.0,86.0,-9.0,9qh0rw,22.13
61721,HEBT WLA 1,CA,Orange,33.669266,-117.646846,WECC,CISO,1.0,6.9,1.0,1.0,1,2021,4.0,44.0,39.0,-5.0,9qh0rw,22.13
61721,HEBT WLA 1,CA,Orange,33.669266,-117.646846,WECC,CISO,1.0,6.9,1.0,1.0,1,2021,5.0,54.0,49.0,-5.0,9qh0rw,22.13
61721,HEBT WLA 1,CA,Orange,33.669266,-117.646846,WECC,CISO,1.0,6.9,1.0,1.0,1,2021,6.0,98.0,88.0,-10.0,9qh0rw,22.13
61721,HEBT WLA 1,CA,Orange,33.669266,-117.646846,WECC,CISO,1.0,6.9,1.0,1.0,1,2021,7.0,131.0,118.0,-13.0,9qh0rw,22.13
61721,HEBT WLA 1,CA,Orange,33.669266,-117.646846,WECC,CISO,1.0,6.9,1.0,1.0,1,2021,8.0,111.0,98.0,-13.0,9qh0rw,22.13
61721,HEBT WLA 1,CA,Orange,33.669266,-117.646846,WECC,CISO,1.0,6.9,1.0,1.0,1,2021,9.0,124.0,109.0,-15.0,9qh0rw,22.13
61721,HEBT WLA 1,CA,Orange,33.669266,-117.646846,WECC,CISO,1.0,6.9,1.0,1.0,1,2021,10.0,115.0,101.0,-14.0,9qh0rw,22.13
61721,HEBT WLA 1,CA,Orange,33.669266,-117.646846,WECC,CISO,1.0,6.9,1.0,1.0,1,2021,11.0,109.0,96.0,-13.0,9qh0rw,22.13
61721,HEBT WLA 1,CA,Orange,33.669266,-117.646846,WECC,CISO,1.0,6.9,1.0,1.0,1,2021,12.0,110.0,97.0,-13.0,9qh0rw,22.13
61721,HEBT WLA 1,CA,Orange,33.669266,-117.646846,WECC,CISO,1.0,6.9,1.0,1.0,1,2022,1.0,14.0,10.0,-4.0,9qh0rw,22.13
61721,HEBT WLA 1,CA,Orange,33.669266,-117.646846,WECC,CISO,1.0,6.9,1.0,1.0,1,2022,2.0,115.0,101.0,-14.0,9qh0rw,22.13
61721,HEBT WLA 1,CA,Orange,33.669266,-117.646846,WECC,CISO,1.0,6.9,1.0,1.0,1,2022,3.0,122.0,107.0,-15.0,9qh0rw,22.13
61721,HEBT WLA 1,CA,Orange,33.669266,-117.646846,WECC,CISO,1.0,6.9,1.0,1.0,1,2022,4.0,151.0,133.0,-18.0,9qh0rw,22.13
61721,HEBT WLA 1,CA,Orange,33.669266,-117.646846,WECC,CISO,1.0,6.9,1.0,1.0,1,2022,5.0,139.0,123.0,-16.0,9qh0rw,22.13
61721,HEBT WLA 1,CA,Orange,33.669266,-117.646846,WECC,CISO,1.0,6.9,1.0,1.0,1,2022,6.0,145.0,127.0,-17.0,9qh0rw,22.13
61721,HEBT WLA 1,CA,Orange,33.669266,-117.646846,WECC,CISO,1.0,6.9,1.0,1.0,1,2022,7.0,149.0,131.0,-18.0,9qh0rw,22.13
61721,HEBT WLA 1,CA,Orange,33.669266,-117.646846,WECC,CISO,1.0,6.9,1.0,1.0,1,2022,8.0,96.0,85.0,-11.0,9qh0rw,22.13
61721,HEBT WLA 1,CA,Orange,33.669266,-117.646846,WECC,CISO,1.0,6.9,1.0,1.0,1,2022,9.0,88.0,75.0,-13.0,9qh0rw,22.13
61721,HEBT WLA 1,CA,Orange,33.669266,-117.646846,WECC,CISO,1.0,6.9,1.0,1.0,1,2022,10.0,30.0,27.0,-3.0,9qh0rw,22.13
61721,HEBT WLA 1,CA,Orange,33.669266,-117.646846,WECC,CISO,1.0,6.9,1.0,1.0,1,2022,11.0,77.0,67.0,-10.0,9qh0rw,22.13
61721,HEBT WLA 1,CA,Orange,33.669266,-117.646846,WECC,CISO,1.0,6.9,1.0,1.0,1,2022,12.0,94.0,83.0,-11.0,9qh0rw,22.13
61722,HEBT Irvine 1,CA,Orange,33.713489,-117.852086,WECC,CISO,5.5,33.5,5.5,5.5,2,2018,1.0,,,,9mupsy,5.77
61722,HEBT Irvine 1,CA,Orange,33.713489,-117.852086,WECC,CISO,5.5,33.5,5.5,5.5,2,2018,2.0,,,,9mupsy,5.77
61722,HEBT Irvine 1,CA,Orange,33.713489,-117.852086,WECC,CISO,5.5,33.5,5.5,5.5,2,2018,3.0,,,,9mupsy,5.77
61722,HEBT Irvine 1,CA,Orange,33.713489,-117.852086,WECC,CISO,5.5,33.5,5.5,5.5,2,2018,4.0,,,,9mupsy,5.77
61722,HEBT Irvine 1,CA,Orange,33.713489,-117.852086,WECC,CISO,5.5,33.5,5.5,5.5,2,2018,5.0,0.0,0.0,0.0,9mupsy,5.77
61722,HEBT Irvine 1,CA,Orange,33.713489,-117.852086,WECC,CISO,5.5,33.5,5.5,5.5,2,2018,6.0,0.0,0.0,0.0,9mupsy,5.77
61722,HEBT Irvine 1,CA,Orange,33.713489,-117.852086,WECC,CISO,5.5,33.5,5.5,5.5,2,2018,7.0,0.0,0.0,0.0,9mupsy,5.77
61722,HEBT Irvine 1,CA,Orange,33.713489,-117.852086,WECC,CISO,5.5,33.5,5.5,5.5,2,2018,8.0,0.0,0.0,0.0,9mupsy,5.77
61722,HEBT Irvine 1,CA,Orange,33.713489,-117.852086,WECC,CISO,5.5,33.5,5.5,5.5,2,2018,9.0,0.0,0.0,0.0,9mupsy,5.77
61722,HEBT Irvine 1,CA,Orange,33.713489,-117.852086,WECC,CISO,5.5,33.5,5.5,5.5,2,2018,10.0,0.0,0.0,0.0,9mupsy,5.77
61722,HEBT Irvine 1,CA,Orange,33.713489,-117.852086,WECC,CISO,5.5,33.5,5.5,5.5,2,2018,11.0,0.0,0.0,0.0,9mupsy,5.77
61722,HEBT Irvine 1,CA,Orange,33.713489,-117.852086,WECC,CISO,5.5,33.5,5.5,5.5,2,2018,12.0,0.0,0.0,0.0,9mupsy,5.77
61722,HEBT Irvine 1,CA,Orange,33.713489,-117.852086,WECC,CISO,5.5,33.5,5.5,5.5,2,2019,1.0,100.0,90.764,-9.649,9mupsy,5.77
61722,HEBT Irvine 1,CA,Orange,33.713489,-117.852086,WECC,CISO,5.5,33.5,5.5,5.5,2,2019,2.0,81.0,73.079,-7.77,9mupsy,5.77
61722,HEBT Irvine 1,CA,Orange,33.713489,-117.852086,WECC,CISO,5.5,33.5,5.5,5.5,2,2019,3.0,92.0,82.895,-8.813,9mupsy,5.77
61722,HEBT Irvine 1,CA,Orange,33.713489,-117.852086,WECC,CISO,5.5,33.5,5.5,5.5,2,2019,4.0,85.0,77.247,-8.213,9mupsy,5.77
61722,HEBT Irvine 1,CA,Orange,33.713489,-117.852086,WECC,CISO,5.5,33.5,5.5,5.5,2,2019,5.0,78.0,70.948,-7.543,9mupsy,5.77
61722,HEBT Irvine 1,CA,Orange,33.713489,-117.852086,WECC,CISO,5.5,33.5,5.5,5.5,2,2019,6.0,93.0,83.7,-8.899,9mupsy,5.77
61722,HEBT Irvine 1,CA,Orange,33.713489,-117.852086,WECC,CISO,5.5,33.5,5.5,5.5,2,2019,7.0,95.0,86.306,-9.176,9mupsy,5.77
61722,HEBT Irvine 1,CA,Orange,33.713489,-117.852086,WECC,CISO,5.5,33.5,5.5,5.5,2,2019,8.0,104.0,94.203,-10.016,9mupsy,5.77
61722,HEBT Irvine 1,CA,Orange,33.713489,-117.852086,WECC,CISO,5.5,33.5,5.5,5.5,2,2019,9.0,94.0,84.697,-9.005,9mupsy,5.77
61722,HEBT Irvine 1,CA,Orange,33.713489,-117.852086,WECC,CISO,5.5,33.5,5.5,5.5,2,2019,10.0,102.0,91.952,-9.776,9mupsy,5.77
61722,HEBT Irvine 1,CA,Orange,33.713489,-117.852086,WECC,CISO,5.5,33.5,5.5,5.5,2,2019,11.0,87.0,78.275,-8.322,9mupsy,5.77
61722,HEBT Irvine 1,CA,Orange,33.713489,-117.852086,WECC,CISO,5.5,33.5,5.5,5.5,2,2019,12.0,92.0,82.934,-8.818,9mupsy,5.77
61722,HEBT Irvine 1,CA,Orange,33.713489,-117.852086,WECC,CISO,5.5,33.5,5.5,5.5,2,2020,1.0,2129.0,1916.213,-212.93,9mupsy,5.77
61722,HEBT Irvine 1,CA,Orange,33.713489,-117.852086,WECC,CISO,5.5,33.5,5.5,5.5,2,2020,2.0,1645.0,1480.593,-164.524,9mupsy,5.77
61722,HEBT Irvine 1,CA,Orange,33.713489,-117.852086,WECC,CISO,5.5,33.5,5.5,5.5,2,2020,3.0,2524.0,2271.926,-252.457,9mupsy,5.77
61722,HEBT Irvine 1,CA,Orange,33.713489,-117.852086,WECC,CISO,5.5,33.5,5.5,5.5,2,2020,4.0,2239.0,2014.64,-223.867,9mupsy,5.77
61722,HEBT Irvine 1,CA,Orange,33.713489,-117.852086,WECC,CISO,5.5,33.5,5.5,5.5,2,2020,5.0,2169.0,1951.851,-216.89,9mupsy,5.77
61722,HEBT Irvine 1,CA,Orange,33.713489,-117.852086,WECC,CISO,5.5,33.5,5.5,5.5,2,2020,6.0,1926.0,1733.464,-192.623,9mupsy,5.77
61722,HEBT Irvine 1,CA,Orange,33.713489,-117.852086,WECC,CISO,5.5,33.5,5.5,5.5,2,2020,7.0,2277.0,2049.454,-227.736,9mupsy,5.77
61722,HEBT Irvine 1,CA,Orange,33.713489,-117.852086,WECC,CISO,5.5,33.5,5.5,5.5,2,2020,8.0,2269.0,2042.518,-226.965,9mupsy,5.77
61722,HEBT Irvine 1,CA,Orange,33.713489,-117.852086,WECC,CISO,5.5,33.5,5.5,5.5,2,2020,9.0,2454.0,2208.134,-245.368,9mupsy,5.77
61722,HEBT Irvine 1,CA,Orange,33.713489,-117.852086,WECC,CISO,5.5,33.5,5.5,5.5,2,2020,10.0,2620.0,2358.199,-262.043,9mupsy,5.77
61722,HEBT Irvine 1,CA,Orange,33.713489,-117.852086,WECC,CISO,5.5,33.5,5.5,5.5,2,2020,11.0,2583.0,2324.526,-258.302,9mupsy,5.77
61722,HEBT Irvine 1,CA,Orange,33.713489,-117.852086,WECC,CISO,5.5,33.5,5.5,5.5,2,2020,12.0,2413.0,2171.482,-241.295,9mupsy,5.77
61722,HEBT Irvine 1,CA,Orange,33.713489,-117.852086,WECC,CISO,5.5,33.5,5.5,5.5,2,2021,1.0,328.0,289.113,-39.449,9mupsy,5.77
61722,HEBT Irvine 1,CA,Orange,33.713489,-117.852086,WECC,CISO,5.5,33.5,5.5,5.5,2,2021,2.0,351.0,308.706,-42.121,9mupsy,5.77
61722,HEBT Irvine 1,CA,Orange,33.713489,-117.852086,WECC,CISO,5.5,33.5,5.5,5.5,2,2021,3.0,395.0,347.3,-47.387,9mupsy,5.77
61722,HEBT Irvine 1,CA,Orange,33.713489,-117.852086,WECC,CISO,5.5,33.5,5.5,5.5,2,2021,4.0,383.0,337.29,-46.021,9mupsy,5.77
61722,HEBT Irvine 1,CA,Orange,33.713489,-117.852086,WECC,CISO,5.5,33.5,5.5,5.5,2,2021,5.0,324.0,285.391,-38.94,9mupsy,5.77
61722,HEBT Irvine 1,CA,Orange,33.713489,-117.852086,WECC,CISO,5.5,33.5,5.5,5.5,2,2021,6.0,374.0,329.343,-44.937,9mupsy,5.77
61722,HEBT Irvine 1,CA,Orange,33.713489,-117.852086,WECC,CISO,5.5,33.5,5.5,5.5,2,2021,7.0,375.0,329.758,-44.994,9mupsy,5.77
61722,HEBT Irvine 1,CA,Orange,33.713489,-117.852086,WECC,CISO,5.5,33.5,5.5,5.5,2,2021,8.0,376.0,330.739,-45.128,9mupsy,5.77
61722,HEBT Irvine 1,CA,Orange,33.713489,-117.852086,WECC,CISO,5.5,33.5,5.5,5.5,2,2021,9.0,418.0,367.421,-50.133,9mupsy,5.77
61722,HEBT Irvine 1,CA,Orange,33.713489,-117.852086,WECC,CISO,5.5,33.5,5.5,5.5,2,2021,10.0,361.0,317.433,-43.312,9mupsy,5.77
61722,HEBT Irvine 1,CA,Orange,33.713489,-117.852086,WECC,CISO,5.5,33.5,5.5,5.5,2,2021,11.0,387.0,340.492,-46.458,9mupsy,5.77
61722,HEBT Irvine 1,CA,Orange,33.713489,-117.852086,WECC,CISO,5.5,33.5,5.5,5.5,2,2021,12.0,384.0,338.014,-46.12,9mupsy,5.77
61722,HEBT Irvine 1,CA,Orange,33.713489,-117.852086,WECC,CISO,5.5,33.5,5.5,5.5,2,2022,1.0,344.0,302.478,-41.304,9mupsy,5.77
61722,HEBT Irvine 1,CA,Orange,33.713489,-117.852086,WECC,CISO,5.5,33.5,5.5,5.5,2,2022,2.0,361.0,317.761,-43.39,9mupsy,5.77
61722,HEBT Irvine 1,CA,Orange,33.713489,-117.852086,WECC,CISO,5.5,33.5,5.5,5.5,2,2022,3.0,334.0,294.11,-40.161,9mupsy,5.77
61722,HEBT Irvine 1,CA,Orange,33.713489,-117.852086,WECC,CISO,5.5,33.5,5.5,5.5,2,2022,4.0,350.0,308.041,-42.063,9mupsy,5.77
61722,HEBT Irvine 1,CA,Orange,33.713489,-117.852086,WECC,CISO,5.5,33.5,5.5,5.5,2,2022,5.0,371.0,326.425,-44.573,9mupsy,5.77
61722,HEBT Irvine 1,CA,Orange,33.713489,-117.852086,WECC,CISO,5.5,33.5,5.5,5.5,2,2022,6.0,375.0,329.734,-45.025,9mupsy,5.77
61722,HEBT Irvine 1,CA,Orange,33.713489,-117.852086,WECC,CISO,5.5,33.5,5.5,5.5,2,2022,7.0,389.0,342.573,-46.778,9mupsy,5.77
61722,HEBT Irvine 1,CA,Orange,33.713489,-117.852086,WECC,CISO,5.5,33.5,5.5,5.5,2,2022,8.0,400.0,351.963,-48.061,9mupsy,5.77
61722,HEBT Irvine 1,CA,Orange,33.713489,-117.852086,WECC,CISO,5.5,33.5,5.5,5.5,2,2022,9.0,359.0,315.572,-43.091,9mupsy,5.77
61722,HEBT Irvine 1,CA,Orange,33.713489,-117.852086,WECC,CISO,5.5,33.5,5.5,5.5,2,2022,10.0,400.0,352.152,-48.087,9mupsy,5.77
61722,HEBT Irvine 1,CA,Orange,33.713489,-117.852086,WECC,CISO,5.5,33.5,5.5,5.5,2,2022,11.0,371.0,326.018,-44.518,9mupsy,5.77
61722,HEBT Irvine 1,CA,Orange,33.713489,-117.852086,WECC,CISO,5.5,33.5,5.5,5.5,2,2022,12.0,374.0,329.173,-44.949,9mupsy,5.77
61723,HEBT Irvine 2,CA,Orange,33.665246,-117.768222,WECC,CISO,5.8,34.8,5.8,5.8,2,2018,1.0,,,,9mupsy,13.74
61723,HEBT Irvine 2,CA,Orange,33.665246,-117.768222,WECC,CISO,5.8,34.8,5.8,5.8,2,2018,2.0,0.0,0.0,0.0,9mupsy,13.74
61723,HEBT Irvine 2,CA,Orange,33.665246,-117.768222,WECC,CISO,5.8,34.8,5.8,5.8,2,2018,3.0,0.0,0.0,0.0,9mupsy,13.74
61723,HEBT Irvine 2,CA,Orange,33.665246,-117.768222,WECC,CISO,5.8,34.8,5.8,5.8,2,2018,4.0,0.0,0.0,0.0,9mupsy,13.74
61723,HEBT Irvine 2,CA,Orange,33.665246,-117.768222,WECC,CISO,5.8,34.8,5.8,5.8,2,2018,5.0,0.0,0.0,0.0,9mupsy,13.74
61723,HEBT Irvine 2,CA,Orange,33.665246,-117.768222,WECC,CISO,5.8,34.8,5.8,5.8,2,2018,6.0,0.0,0.0,0.0,9mupsy,13.74
61723,HEBT Irvine 2,CA,Orange,33.665246,-117.768222,WECC,CISO,5.8,34.8,5.8,5.8,2,2018,7.0,0.0,0.0,0.0,9mupsy,13.74
61723,HEBT Irvine 2,CA,Orange,33.665246,-117.768222,WECC,CISO,5.8,34.8,5.8,5.8,2,2018,8.0,0.0,0.0,0.0,9mupsy,13.74
61723,HEBT Irvine 2,CA,Orange,33.665246,-117.768222,WECC,CISO,5.8,34.8,5.8,5.8,2,2018,9.0,0.0,0.0,0.0,9mupsy,13.74
61723,HEBT Irvine 2,CA,Orange,33.665246,-117.768222,WECC,CISO,5.8,34.8,5.8,5.8,2,2018,10.0,0.0,0.0,0.0,9mupsy,13.74
61723,HEBT Irvine 2,CA,Orange,33.665246,-117.768222,WECC,CISO,5.8,34.8,5.8,5.8,2,2018,11.0,0.0,0.0,0.0,9mupsy,13.74
61723,HEBT Irvine 2,CA,Orange,33.665246,-117.768222,WECC,CISO,5.8,34.8,5.8,5.8,2,2018,12.0,0.0,0.0,0.0,9mupsy,13.74
61723,HEBT Irvine 2,CA,Orange,33.665246,-117.768222,WECC,CISO,5.8,34.8,5.8,5.8,2,2019,1.0,202.0,176.43,-24.308,9mupsy,13.74
61723,HEBT Irvine 2,CA,Orange,33.665246,-117.768222,WECC,CISO,5.8,34.8,5.8,5.8,2,2019,2.0,162.0,142.054,-19.571,9mupsy,13.74
61723,HEBT Irvine 2,CA,Orange,33.665246,-117.768222,WECC,CISO,5.8,34.8,5.8,5.8,2,2019,3.0,183.0,161.133,-22.199,9mupsy,13.74
61723,HEBT Irvine 2,CA,Orange,33.665246,-117.768222,WECC,CISO,5.8,34.8,5.8,5.8,2,2019,4.0,171.0,150.155,-20.687,9mupsy,13.74
61723,HEBT Irvine 2,CA,Orange,33.665246,-117.768222,WECC,CISO,5.8,34.8,5.8,5.8,2,2019,5.0,157.0,137.91,-19.0,9mupsy,13.74
61723,HEBT Irvine 2,CA,Orange,33.665246,-117.768222,WECC,CISO,5.8,34.8,5.8,5.8,2,2019,6.0,185.0,162.698,-22.415,9mupsy,13.74
61723,HEBT Irvine 2,CA,Orange,33.665246,-117.768222,WECC,CISO,5.8,34.8,5.8,5.8,2,2019,7.0,191.0,167.764,-23.113,9mupsy,13.74
61723,HEBT Irvine 2,CA,Orange,33.665246,-117.768222,WECC,CISO,5.8,34.8,5.8,5.8,2,2019,8.0,208.0,183.114,-25.228,9mupsy,13.74
61723,HEBT Irvine 2,CA,Orange,33.665246,-117.768222,WECC,CISO,5.8,34.8,5.8,5.8,2,2019,9.0,187.0,164.637,-22.682,9mupsy,13.74
61723,HEBT Irvine 2,CA,Orange,33.665246,-117.768222,WECC,CISO,5.8,34.8,5.8,5.8,2,2019,10.0,203.0,178.74,-24.625,9mupsy,13.74
61723,HEBT Irvine 2,CA,Orange,33.665246,-117.768222,WECC,CISO,5.8,34.8,5.8,5.8,2,2019,11.0,173.0,152.154,-20.962,9mupsy,13.74
61723,HEBT Irvine 2,CA,Orange,33.665246,-117.768222,WECC,CISO,5.8,34.8,5.8,5.8,2,2019,12.0,183.0,161.211,-22.21,9mupsy,13.74
61723,HEBT Irvine 2,CA,Orange,33.665246,-117.768222,WECC,CISO,5.8,34.8,5.8,5.8,2,2020,1.0,1305.0,1175.217,-130.572,9mupsy,13.74
61723,HEBT Irvine 2,CA,Orange,33.665246,-117.768222,WECC,CISO,5.8,34.8,5.8,5.8,2,2020,2.0,1009.0,908.05,-100.888,9mupsy,13.74
61723,HEBT Irvine 2,CA,Orange,33.665246,-117.768222,WECC,CISO,5.8,34.8,5.8,5.8,2,2020,3.0,1548.0,1393.376,-154.809,9mupsy,13.74
61723,HEBT Irvine 2,CA,Orange,33.665246,-117.768222,WECC,CISO,5.8,34.8,5.8,5.8,2,2020,4.0,1373.0,1235.582,-137.278,9mupsy,13.74
61723,HEBT Irvine 2,CA,Orange,33.665246,-117.768222,WECC,CISO,5.8,34.8,5.8,5.8,2,2020,5.0,1330.0,1197.074,-132.999,9mupsy,13.74
61723,HEBT Irvine 2,CA,Orange,33.665246,-117.768222,WECC,CISO,5.8,34.8,5.8,5.8,2,2020,6.0,1181.0,1063.136,-118.118,9mupsy,13.74
61723,HEBT Irvine 2,CA,Orange,33.665246,-117.768222,WECC,CISO,5.8,34.8,5.8,5.8,2,2020,7.0,1397.0,1256.934,-139.65,9mupsy,13.74
61723,HEBT Irvine 2,CA,Orange,33.665246,-117.768222,WECC,CISO,5.8,34.8,5.8,5.8,2,2020,8.0,1392.0,1252.68,-139.177,9mupsy,13.74
61723,HEBT Irvine 2,CA,Orange,33.665246,-117.768222,WECC,CISO,5.8,34.8,5.8,5.8,2,2020,9.0,1505.0,1354.253,-150.463,9mupsy,13.74
61723,HEBT Irvine 2,CA,Orange,33.665246,-117.768222,WECC,CISO,5.8,34.8,5.8,5.8,2,2020,10.0,1607.0,1446.288,-160.688,9mupsy,13.74
61723,HEBT Irvine 2,CA,Orange,33.665246,-117.768222,WECC,CISO,5.8,34.8,5.8,5.8,2,2020,11.0,1584.0,1425.636,-158.393,9mupsy,13.74
61723,HEBT Irvine 2,CA,Orange,33.665246,-117.768222,WECC,CISO,5.8,34.8,5.8,5.8,2,2020,12.0,1480.0,1331.774,-147.965,9mupsy,13.74
61723,HEBT Irvine 2,CA,Orange,33.665246,-117.768222,WECC,CISO,5.8,34.8,5.8,5.8,2,2021,1.0,353.0,310.79,-42.396,9mupsy,13.74
61723,HEBT Irvine 2,CA,Orange,33.665246,-117.768222,WECC,CISO,5.8,34.8,5.8,5.8,2,2021,2.0,377.0,331.853,-45.271,9mupsy,13.74
61723,HEBT Irvine 2,CA,Orange,33.665246,-117.768222,WECC,CISO,5.8,34.8,5.8,5.8,2,2021,3.0,424.0,373.341,-50.93,9mupsy,13.74
61723,HEBT Irvine 2,CA,Orange,33.665246,-117.768222,WECC,CISO,5.8,34.8,5.8,5.8,2,2021,4.0,412.0,362.58,-49.462,9mupsy,13.74
61723,HEBT Irvine 2,CA,Orange,33.665246,-117.768222,WECC,CISO,5.8,34.8,5.8,5.8,2,2021,5.0,349.0,306.79,-41.852,9mupsy,13.74
61723,HEBT Irvine 2,CA,Orange,33.665246,-117.768222,WECC,CISO,5.8,34.8,5.8,5.8,2,2021,6.0,402.0,354.038,-48.297,9mupsy,13.74
61723,HEBT Irvine 2,CA,Orange,33.665246,-117.768222,WECC,CISO,5.8,34.8,5.8,5.8,2,2021,7.0,403.0,354.484,-48.358,9mupsy,13.74
61723,HEBT Irvine 2,CA,Orange,33.665246,-117.768222,WECC,CISO,5.8,34.8,5.8,5.8,2,2021,8.0,404.0,355.538,-48.502,9mupsy,13.74
61723,HEBT Irvine 2,CA,Orange,33.665246,-117.768222,WECC,CISO,5.8,34.8,5.8,5.8,2,2021,9.0,449.0,394.97,-53.881,9mupsy,13.74
61723,HEBT Irvine 2,CA,Orange,33.665246,-117.768222,WECC,CISO,5.8,34.8,5.8,5.8,2,2021,10.0,388.0,341.234,-46.55,9mupsy,13.74
61723,HEBT Irvine 2,CA,Orange,33.665246,-117.768222,WECC,CISO,5.8,34.8,5.8,5.8,2,2021,11.0,416.0,366.023,-49.932,9mupsy,13.74
61723,HEBT Irvine 2,CA,Orange,33.665246,-117.768222,WECC,CISO,5.8,34.8,5.8,5.8,2,2021,12.0,413.0,363.359,-49.569,9mupsy,13.74
61723,HEBT Irvine 2,CA,Orange,33.665246,-117.768222,WECC,CISO,5.8,34.8,5.8,5.8,2,2022,1.0,460.0,269.715,-55.123,9mupsy,13.74
61723,HEBT Irvine 2,CA,Orange,33.665246,-117.768222,WECC,CISO,5.8,34.8,5.8,5.8,2,2022,2.0,483.0,283.342,-57.908,9mupsy,13.74
61723,HEBT Irvine 2,CA,Orange,33.665246,-117.768222,WECC,CISO,5.8,34.8,5.8,5.8,2,2022,3.0,447.0,262.253,-53.598,9mupsy,13.74
61723,HEBT Irvine 2,CA,Orange,33.665246,-117.768222,WECC,CISO,5.8,34.8,5.8,5.8,2,2022,4.0,468.0,274.675,-56.137,9mupsy,13.74
61723,HEBT Irvine 2,CA,Orange,33.665246,-117.768222,WECC,CISO,5.8,34.8,5.8,5.8,2,2022,5.0,496.0,291.068,-59.487,9mupsy,13.74
61723,HEBT Irvine 2,CA,Orange,33.665246,-117.768222,WECC,CISO,5.8,34.8,5.8,5.8,2,2022,6.0,501.0,294.018,-60.09,9mupsy,13.74
61723,HEBT Irvine 2,CA,Orange,33.665246,-117.768222,WECC,CISO,5.8,34.8,5.8,5.8,2,2022,7.0,521.0,305.467,-62.43,9mupsy,13.74
61723,HEBT Irvine 2,CA,Orange,33.665246,-117.768222,WECC,CISO,5.8,34.8,5.8,5.8,2,2022,8.0,535.0,313.84,-64.141,9mupsy,13.74
61723,HEBT Irvine 2,CA,Orange,33.665246,-117.768222,WECC,CISO,5.8,34.8,5.8,5.8,2,2022,9.0,480.0,281.39,-57.509,9mupsy,13.74
61723,HEBT Irvine 2,CA,Orange,33.665246,-117.768222,WECC,CISO,5.8,34.8,5.8,5.8,2,2022,10.0,535.0,314.009,-64.176,9mupsy,13.74
61723,HEBT Irvine 2,CA,Orange,33.665246,-117.768222,WECC,CISO,5.8,34.8,5.8,5.8,2,2022,11.0,495.0,290.705,-59.413,9mupsy,13.74
61723,HEBT Irvine 2,CA,Orange,33.665246,-117.768222,WECC,CISO,5.8,34.8,5.8,5.8,2,2022,12.0,500.0,293.518,-59.988,9mupsy,13.74
61795,Pacific Union College BESS,CA,Napa,38.570028,-122.444028,WECC,CISO,1.0,2.0,1.0,1.0,1,2020,1.0,,,,9qben2,28.77
61795,Pacific Union College BESS,CA,Napa,38.570028,-122.444028,WECC,CISO,1.0,2.0,1.0,1.0,1,2020,2.0,,,,9qben2,28.77
61795,Pacific Union College BESS,CA,Napa,38.570028,-122.444028,WECC,CISO,1.0,2.0,1.0,1.0,1,2020,3.0,,,,9qben2,28.77
61795,Pacific Union College BESS,CA,Napa,38.570028,-122.444028,WECC,CISO,1.0,2.0,1.0,1.0,1,2020,4.0,,,,9qben2,28.77
61795,Pacific Union College BESS,CA,Napa,38.570028,-122.444028,WECC,CISO,1.0,2.0,1.0,1.0,1,2020,5.0,,,,9qben2,28.77
61795,Pacific Union College BESS,CA,Napa,38.570028,-122.444028,WECC,CISO,1.0,2.0,1.0,1.0,1,2020,6.0,4.0,3.61,-0.117,9qben2,28.77
61795,Pacific Union College BESS,CA,Napa,38.570028,-122.444028,WECC,CISO,1.0,2.0,1.0,1.0,1,2020,7.0,4.0,4.267,-0.138,9qben2,28.77
61795,Pacific Union College BESS,CA,Napa,38.570028,-122.444028,WECC,CISO,1.0,2.0,1.0,1.0,1,2020,8.0,4.0,4.253,-0.137,9qben2,28.77
61795,Pacific Union College BESS,CA,Napa,38.570028,-122.444028,WECC,CISO,1.0,2.0,1.0,1.0,1,2020,9.0,5.0,4.598,-0.148,9qben2,28.77
61795,Pacific Union College BESS,CA,Napa,38.570028,-122.444028,WECC,CISO,1.0,2.0,1.0,1.0,1,2020,10.0,5.0,4.91,-0.158,9qben2,28.77
61795,Pacific Union College BESS,CA,Napa,38.570028,-122.444028,WECC,CISO,1.0,2.0,1.0,1.0,1,2020,11.0,5.0,4.84,-0.156,9qben2,28.77
61795,Pacific Union College BESS,CA,Napa,38.570028,-122.444028,WECC,CISO,1.0,2.0,1.0,1.0,1,2020,12.0,5.0,4.522,-0.146,9qben2,28.77
61795,Pacific Union College BESS,CA,Napa,38.570028,-122.444028,WECC,CISO,1.0,2.0,1.0,1.0,1,2021,,,,,9qben2,28.77
61795,Pacific Union College BESS,CA,Napa,38.570028,-122.444028,WECC,CISO,1.0,2.0,1.0,1.0,1,2022,,,,,9qben2,28.77
61861,AES ES GILBERT,AZ,Maricopa,33.446804,-111.956261,WECC,SRP,10.0,40.0,10.0,10.0,1,2019,1.0,358.0,322.0,-36.0,9w01f3,80.18
61861,AES ES GILBERT,AZ,Maricopa,33.446804,-111.956261,WECC,SRP,10.0,40.0,10.0,10.0,1,2019,2.0,893.0,738.0,-155.0,9w01f3,80.18
61861,AES ES GILBERT,AZ,Maricopa,33.446804,-111.956261,WECC,SRP,10.0,40.0,10.0,10.0,1,2019,3.0,1368.0,1178.0,-190.0,9w01f3,80.18
61861,AES ES GILBERT,AZ,Maricopa,33.446804,-111.956261,WECC,SRP,10.0,40.0,10.0,10.0,1,2019,4.0,1256.0,1095.0,-161.0,9w01f3,80.18
61861,AES ES GILBERT,AZ,Maricopa,33.446804,-111.956261,WECC,SRP,10.0,40.0,10.0,10.0,1,2019,5.0,1089.0,930.0,-159.0,9w01f3,80.18
61861,AES ES GILBERT,AZ,Maricopa,33.446804,-111.956261,WECC,SRP,10.0,40.0,10.0,10.0,1,2019,6.0,616.0,512.0,-104.0,9w01f3,80.18
61861,AES ES GILBERT,AZ,Maricopa,33.446804,-111.956261,WECC,SRP,10.0,40.0,10.0,10.0,1,2019,7.0,21.0,0.0,-21.0,9w01f3,80.18
61861,AES ES GILBERT,AZ,Maricopa,33.446804,-111.956261,WECC,SRP,10.0,40.0,10.0,10.0,1,2019,8.0,99.0,75.0,-24.0,9w01f3,80.18
61861,AES ES GILBERT,AZ,Maricopa,33.446804,-111.956261,WECC,SRP,10.0,40.0,10.0,10.0,1,2019,9.0,1110.0,951.0,-159.0,9w01f3,80.18
61861,AES ES GILBERT,AZ,Maricopa,33.446804,-111.956261,WECC,SRP,10.0,40.0,10.0,10.0,1,2019,10.0,1408.0,1224.0,-184.0,9w01f3,80.18
61861,AES ES GILBERT,AZ,Maricopa,33.446804,-111.956261,WECC,SRP,10.0,40.0,10.0,10.0,1,2019,11.0,1290.0,1117.0,-173.0,9w01f3,80.18
61861,AES ES GILBERT,AZ,Maricopa,33.446804,-111.956261,WECC,SRP,10.0,40.0,10.0,10.0,1,2019,12.0,1388.0,1194.0,-194.0,9w01f3,80.18
61861,AES ES GILBERT,AZ,Maricopa,33.446804,-111.956261,WECC,SRP,10.0,40.0,10.0,10.0,1,2020,1.0,1383.0,1192.0,-191.0,9w01f3,80.18
61861,AES ES GILBERT,AZ,Maricopa,33.446804,-111.956261,WECC,SRP,10.0,40.0,10.0,10.0,1,2020,2.0,1307.0,1122.0,-185.0,9w01f3,80.18
61861,AES ES GILBERT,AZ,Maricopa,33.446804,-111.956261,WECC,SRP,10.0,40.0,10.0,10.0,1,2020,3.0,1371.0,1195.0,-176.0,9w01f3,80.18
61861,AES ES GILBERT,AZ,Maricopa,33.446804,-111.956261,WECC,SRP,10.0,40.0,10.0,10.0,1,2020,4.0,1306.0,1126.0,-180.0,9w01f3,80.18
61861,AES ES GILBERT,AZ,Maricopa,33.446804,-111.956261,WECC,SRP,10.0,40.0,10.0,10.0,1,2020,5.0,1403.0,1217.0,-186.0,9w01f3,80.18
61861,AES ES GILBERT,AZ,Maricopa,33.446804,-111.956261,WECC,SRP,10.0,40.0,10.0,10.0,1,2020,6.0,1305.0,1126.0,-179.0,9w01f3,80.18
61861,AES ES GILBERT,AZ,Maricopa,33.446804,-111.956261,WECC,SRP,10.0,40.0,10.0,10.0,1,2020,7.0,1324.0,1146.0,-178.0,9w01f3,80.18
61861,AES ES GILBERT,AZ,Maricopa,33.446804,-111.956261,WECC,SRP,10.0,40.0,10.0,10.0,1,2020,8.0,1394.0,1208.0,-186.0,9w01f3,80.18
61861,AES ES GILBERT,AZ,Maricopa,33.446804,-111.956261,WECC,SRP,10.0,40.0,10.0,10.0,1,2020,9.0,1367.0,1179.0,-188.0,9w01f3,80.18
61861,AES ES GILBERT,AZ,Maricopa,33.446804,-111.956261,WECC,SRP,10.0,40.0,10.0,10.0,1,2020,10.0,1407.0,1212.0,-195.0,9w01f3,80.18
61861,AES ES GILBERT,AZ,Maricopa,33.446804,-111.956261,WECC,SRP,10.0,40.0,10.0,10.0,1,2020,11.0,1355.0,1153.0,-202.0,9w01f3,80.18
61861,AES ES GILBERT,AZ,Maricopa,33.446804,-111.956261,WECC,SRP,10.0,40.0,10.0,10.0,1,2020,12.0,1277.0,1098.0,-179.0,9w01f3,80.18
61861,AES ES GILBERT,AZ,Maricopa,33.446804,-111.956261,WECC,SRP,10.0,40.0,10.0,10.0,1,2021,1.0,1357.0,1173.0,-184.0,9w01f3,80.18
61861,AES ES GILBERT,AZ,Maricopa,33.446804,-111.956261,WECC,SRP,10.0,40.0,10.0,10.0,1,2021,2.0,1291.0,1103.0,-188.0,9w01f3,80.18
61861,AES ES GILBERT,AZ,Maricopa,33.446804,-111.956261,WECC,SRP,10.0,40.0,10.0,10.0,1,2021,3.0,1302.0,1135.0,-167.0,9w01f3,80.18
61861,AES ES GILBERT,AZ,Maricopa,33.446804,-111.956261,WECC,SRP,10.0,40.0,10.0,10.0,1,2021,4.0,1302.0,1116.0,-186.0,9w01f3,80.18
61861,AES ES GILBERT,AZ,Maricopa,33.446804,-111.956261,WECC,SRP,10.0,40.0,10.0,10.0,1,2021,5.0,1287.0,1094.0,-193.0,9w01f3,80.18
61861,AES ES GILBERT,AZ,Maricopa,33.446804,-111.956261,WECC,SRP,10.0,40.0,10.0,10.0,1,2021,6.0,904.0,1048.0,-144.0,9w01f3,80.18
61861,AES ES GILBERT,AZ,Maricopa,33.446804,-111.956261,WECC,SRP,10.0,40.0,10.0,10.0,1,2021,7.0,1157.0,987.0,-170.0,9w01f3,80.18
61861,AES ES GILBERT,AZ,Maricopa,33.446804,-111.956261,WECC,SRP,10.0,40.0,10.0,10.0,1,2021,8.0,1342.0,1148.0,-194.0,9w01f3,80.18
61861,AES ES GILBERT,AZ,Maricopa,33.446804,-111.956261,WECC,SRP,10.0,40.0,10.0,10.0,1,2021,9.0,1215.0,1035.0,-180.0,9w01f3,80.18
61861,AES ES GILBERT,AZ,Maricopa,33.446804,-111.956261,WECC,SRP,10.0,40.0,10.0,10.0,1,2021,10.0,1254.0,1070.0,-184.0,9w01f3,80.18
61861,AES ES GILBERT,AZ,Maricopa,33.446804,-111.956261,WECC,SRP,10.0,40.0,10.0,10.0,1,2021,11.0,1247.0,1050.0,-197.0,9w01f3,80.18
61861,AES ES GILBERT,AZ,Maricopa,33.446804,-111.956261,WECC,SRP,10.0,40.0,10.0,10.0,1,2021,12.0,1435.0,1223.0,-212.0,9w01f3,80.18
61861,AES ES GILBERT,AZ,Maricopa,33.446804,-111.956261,WECC,SRP,10.0,40.0,10.0,10.0,1,2022,1.0,1400.0,1195.0,-205.0,9w01f3,80.18
61861,AES ES GILBERT,AZ,Maricopa,33.446804,-111.956261,WECC,SRP,10.0,40.0,10.0,10.0,1,2022,2.0,1277.0,1085.0,-192.0,9w01f3,80.18
61861,AES ES GILBERT,AZ,Maricopa,33.446804,-111.956261,WECC,SRP,10.0,40.0,10.0,10.0,1,2022,3.0,1261.0,1081.0,-180.0,9w01f3,80.18
61861,AES ES GILBERT,AZ,Maricopa,33.446804,-111.956261,WECC,SRP,10.0,40.0,10.0,10.0,1,2022,4.0,613.0,497.0,-116.0,9w01f3,80.18
61861,AES ES GILBERT,AZ,Maricopa,33.446804,-111.956261,WECC,SRP,10.0,40.0,10.0,10.0,1,2022,5.0,0.0,0.0,0.0,9w01f3,80.18
61861,AES ES GILBERT,AZ,Maricopa,33.446804,-111.956261,WECC,SRP,10.0,40.0,10.0,10.0,1,2022,6.0,0.0,0.0,0.0,9w01f3,80.18
61861,AES ES GILBERT,AZ,Maricopa,33.446804,-111.956261,WECC,SRP,10.0,40.0,10.0,10.0,1,2022,7.0,0.0,0.0,0.0,9w01f3,80.18
61861,AES ES GILBERT,AZ,Maricopa,33.446804,-111.956261,WECC,SRP,10.0,40.0,10.0,10.0,1,2022,8.0,0.0,0.0,0.0,9w01f3,80.18
61861,AES ES GILBERT,AZ,Maricopa,33.446804,-111.956261,WECC,SRP,10.0,40.0,10.0,10.0,1,2022,9.0,0.0,0.0,0.0,9w01f3,80.18
61861,AES ES GILBERT,AZ,Maricopa,33.446804,-111.956261,WECC,SRP,10.0,40.0,10.0,10.0,1,2022,10.0,0.0,0.0,0.0,9w01f3,80.18
61861,AES ES GILBERT,AZ,Maricopa,33.446804,-111.956261,WECC,SRP,10.0,40.0,10.0,10.0,1,2022,11.0,0.0,0.0,0.0,9w01f3,80.18
61861,AES ES GILBERT,AZ,Maricopa,33.446804,-111.956261,WECC,SRP,10.0,40.0,10.0,10.0,1,2022,12.0,0.0,0.0,0.0,9w01f3,80.18
61913,Punkin Center Battery Storage,AZ,Gila,33.87581,-111.31356,WECC,AZPS,2.0,8.0,2.0,2.0,1,2018,1.0,,,,9w01f3,102.24
61913,Punkin Center Battery Storage,AZ,Gila,33.87581,-111.31356,WECC,AZPS,2.0,8.0,2.0,2.0,1,2018,2.0,,,,9w01f3,102.24
61913,Punkin Center Battery Storage,AZ,Gila,33.87581,-111.31356,WECC,AZPS,2.0,8.0,2.0,2.0,1,2018,3.0,,,,9w01f3,102.24
61913,Punkin Center Battery Storage,AZ,Gila,33.87581,-111.31356,WECC,AZPS,2.0,8.0,2.0,2.0,1,2018,4.0,,,,9w01f3,102.24
61913,Punkin Center Battery Storage,AZ,Gila,33.87581,-111.31356,WECC,AZPS,2.0,8.0,2.0,2.0,1,2018,5.0,,,,9w01f3,102.24
61913,Punkin Center Battery Storage,AZ,Gila,33.87581,-111.31356,WECC,AZPS,2.0,8.0,2.0,2.0,1,2018,6.0,144.0,144.008,0.0,9w01f3,102.24
61913,Punkin Center Battery Storage,AZ,Gila,33.87581,-111.31356,WECC,AZPS,2.0,8.0,2.0,2.0,1,2018,7.0,152.0,152.348,0.0,9w01f3,102.24
61913,Punkin Center Battery Storage,AZ,Gila,33.87581,-111.31356,WECC,AZPS,2.0,8.0,2.0,2.0,1,2018,8.0,150.0,149.669,0.0,9w01f3,102.24
61913,Punkin Center Battery Storage,AZ,Gila,33.87581,-111.31356,WECC,AZPS,2.0,8.0,2.0,2.0,1,2018,9.0,131.0,131.299,0.0,9w01f3,102.24
61913,Punkin Center Battery Storage,AZ,Gila,33.87581,-111.31356,WECC,AZPS,2.0,8.0,2.0,2.0,1,2018,10.0,150.0,150.042,0.0,9w01f3,102.24
61913,Punkin Center Battery Storage,AZ,Gila,33.87581,-111.31356,WECC,AZPS,2.0,8.0,2.0,2.0,1,2018,11.0,145.0,145.076,0.0,9w01f3,102.24
61913,Punkin Center Battery Storage,AZ,Gila,33.87581,-111.31356,WECC,AZPS,2.0,8.0,2.0,2.0,1,2018,12.0,160.0,159.558,0.0,9w01f3,102.24
61913,Punkin Center Battery Storage,AZ,Gila,33.87581,-111.31356,WECC,AZPS,2.0,8.0,2.0,2.0,1,2019,1.0,0.0,0.0,0.0,9w01f3,102.24
61913,Punkin Center Battery Storage,AZ,Gila,33.87581,-111.31356,WECC,AZPS,2.0,8.0,2.0,2.0,1,2019,2.0,0.0,0.0,0.0,9w01f3,102.24
61913,Punkin Center Battery Storage,AZ,Gila,33.87581,-111.31356,WECC,AZPS,2.0,8.0,2.0,2.0,1,2019,3.0,0.0,0.0,0.0,9w01f3,102.24
61913,Punkin Center Battery Storage,AZ,Gila,33.87581,-111.31356,WECC,AZPS,2.0,8.0,2.0,2.0,1,2019,4.0,0.0,0.0,0.0,9w01f3,102.24
61913,Punkin Center Battery Storage,AZ,Gila,33.87581,-111.31356,WECC,AZPS,2.0,8.0,2.0,2.0,1,2019,5.0,0.0,0.0,0.0,9w01f3,102.24
61913,Punkin Center Battery Storage,AZ,Gila,33.87581,-111.31356,WECC,AZPS,2.0,8.0,2.0,2.0,1,2019,6.0,0.0,0.0,0.0,9w01f3,102.24
61913,Punkin Center Battery Storage,AZ,Gila,33.87581,-111.31356,WECC,AZPS,2.0,8.0,2.0,2.0,1,2019,7.0,0.0,0.0,0.0,9w01f3,102.24
61913,Punkin Center Battery Storage,AZ,Gila,33.87581,-111.31356,WECC,AZPS,2.0,8.0,2.0,2.0,1,2019,8.0,0.0,0.0,0.0,9w01f3,102.24
61913,Punkin Center Battery Storage,AZ,Gila,33.87581,-111.31356,WECC,AZPS,2.0,8.0,2.0,2.0,1,2019,9.0,0.0,0.0,0.0,9w01f3,102.24
61913,Punkin Center Battery Storage,AZ,Gila,33.87581,-111.31356,WECC,AZPS,2.0,8.0,2.0,2.0,1,2019,10.0,0.0,0.0,0.0,9w01f3,102.24
61913,Punkin Center Battery Storage,AZ,Gila,33.87581,-111.31356,WECC,AZPS,2.0,8.0,2.0,2.0,1,2019,11.0,0.0,0.0,0.0,9w01f3,102.24
61913,Punkin Center Battery Storage,AZ,Gila,33.87581,-111.31356,WECC,AZPS,2.0,8.0,2.0,2.0,1,2019,12.0,0.0,0.0,0.0,9w01f3,102.24
61913,Punkin Center Battery Storage,AZ,Gila,33.87581,-111.31356,WECC,AZPS,2.0,8.0,2.0,2.0,1,2020,1.0,0.0,0.0,0.0,9w01f3,102.24
61913,Punkin Center Battery Storage,AZ,Gila,33.87581,-111.31356,WECC,AZPS,2.0,8.0,2.0,2.0,1,2020,2.0,0.0,0.0,0.0,9w01f3,102.24
61913,Punkin Center Battery Storage,AZ,Gila,33.87581,-111.31356,WECC,AZPS,2.0,8.0,2.0,2.0,1,2020,3.0,0.0,0.0,0.0,9w01f3,102.24
61913,Punkin Center Battery Storage,AZ,Gila,33.87581,-111.31356,WECC,AZPS,2.0,8.0,2.0,2.0,1,2020,4.0,0.0,0.0,0.0,9w01f3,102.24
61913,Punkin Center Battery Storage,AZ,Gila,33.87581,-111.31356,WECC,AZPS,2.0,8.0,2.0,2.0,1,2020,5.0,0.0,0.0,0.0,9w01f3,102.24
61913,Punkin Center Battery Storage,AZ,Gila,33.87581,-111.31356,WECC,AZPS,2.0,8.0,2.0,2.0,1,2020,6.0,0.0,0.0,0.0,9w01f3,102.24
61913,Punkin Center Battery Storage,AZ,Gila,33.87581,-111.31356,WECC,AZPS,2.0,8.0,2.0,2.0,1,2020,7.0,0.0,0.0,0.0,9w01f3,102.24
61913,Punkin Center Battery Storage,AZ,Gila,33.87581,-111.31356,WECC,AZPS,2.0,8.0,2.0,2.0,1,2020,8.0,0.0,0.0,0.0,9w01f3,102.24
61913,Punkin Center Battery Storage,AZ,Gila,33.87581,-111.31356,WECC,AZPS,2.0,8.0,2.0,2.0,1,2020,9.0,0.0,0.0,0.0,9w01f3,102.24
61913,Punkin Center Battery Storage,AZ,Gila,33.87581,-111.31356,WECC,AZPS,2.0,8.0,2.0,2.0,1,2020,10.0,0.0,0.0,0.0,9w01f3,102.24
61913,Punkin Center Battery Storage,AZ,Gila,33.87581,-111.31356,WECC,AZPS,2.0,8.0,2.0,2.0,1,2020,11.0,0.0,0.0,0.0,9w01f3,102.24
61913,Punkin Center Battery Storage,AZ,Gila,33.87581,-111.31356,WECC,AZPS,2.0,8.0,2.0,2.0,1,2020,12.0,0.0,0.0,0.0,9w01f3,102.24
61913,Punkin Center Battery Storage,AZ,Gila,33.87581,-111.31356,WECC,AZPS,2.0,8.0,2.0,2.0,1,2021,1.0,0.0,0.0,0.0,9w01f3,102.24
61913,Punkin Center Battery Storage,AZ,Gila,33.87581,-111.31356,WECC,AZPS,2.0,8.0,2.0,2.0,1,2021,2.0,0.0,0.0,0.0,9w01f3,102.24
61913,Punkin Center Battery Storage,AZ,Gila,33.87581,-111.31356,WECC,AZPS,2.0,8.0,2.0,2.0,1,2021,3.0,0.0,0.0,0.0,9w01f3,102.24
61913,Punkin Center Battery Storage,AZ,Gila,33.87581,-111.31356,WECC,AZPS,2.0,8.0,2.0,2.0,1,2021,4.0,0.0,0.0,0.0,9w01f3,102.24
61913,Punkin Center Battery Storage,AZ,Gila,33.87581,-111.31356,WECC,AZPS,2.0,8.0,2.0,2.0,1,2021,5.0,0.0,0.0,0.0,9w01f3,102.24
61913,Punkin Center Battery Storage,AZ,Gila,33.87581,-111.31356,WECC,AZPS,2.0,8.0,2.0,2.0,1,2021,6.0,0.0,0.0,0.0,9w01f3,102.24
61913,Punkin Center Battery Storage,AZ,Gila,33.87581,-111.31356,WECC,AZPS,2.0,8.0,2.0,2.0,1,2021,7.0,0.0,0.0,0.0,9w01f3,102.24
61913,Punkin Center Battery Storage,AZ,Gila,33.87581,-111.31356,WECC,AZPS,2.0,8.0,2.0,2.0,1,2021,8.0,0.0,0.0,0.0,9w01f3,102.24
61913,Punkin Center Battery Storage,AZ,Gila,33.87581,-111.31356,WECC,AZPS,2.0,8.0,2.0,2.0,1,2021,9.0,0.0,0.0,0.0,9w01f3,102.24
61913,Punkin Center Battery Storage,AZ,Gila,33.87581,-111.31356,WECC,AZPS,2.0,8.0,2.0,2.0,1,2021,10.0,0.0,0.0,0.0,9w01f3,102.24
61913,Punkin Center Battery Storage,AZ,Gila,33.87581,-111.31356,WECC,AZPS,2.0,8.0,2.0,2.0,1,2021,11.0,0.0,0.0,0.0,9w01f3,102.24
61913,Punkin Center Battery Storage,AZ,Gila,33.87581,-111.31356,WECC,AZPS,2.0,8.0,2.0,2.0,1,2021,12.0,0.0,0.0,0.0,9w01f3,102.24
61913,Punkin Center Battery Storage,AZ,Gila,33.87581,-111.31356,WECC,AZPS,2.0,8.0,2.0,2.0,1,2022,1.0,0.0,0.0,0.0,9w01f3,102.24
61913,Punkin Center Battery Storage,AZ,Gila,33.87581,-111.31356,WECC,AZPS,2.0,8.0,2.0,2.0,1,2022,2.0,0.0,0.0,0.0,9w01f3,102.24
61913,Punkin Center Battery Storage,AZ,Gila,33.87581,-111.31356,WECC,AZPS,2.0,8.0,2.0,2.0,1,2022,3.0,0.0,0.0,0.0,9w01f3,102.24
61913,Punkin Center Battery Storage,AZ,Gila,33.87581,-111.31356,WECC,AZPS,2.0,8.0,2.0,2.0,1,2022,4.0,0.0,0.0,0.0,9w01f3,102.24
61913,Punkin Center Battery Storage,AZ,Gila,33.87581,-111.31356,WECC,AZPS,2.0,8.0,2.0,2.0,1,2022,5.0,0.0,0.0,0.0,9w01f3,102.24
61913,Punkin Center Battery Storage,AZ,Gila,33.87581,-111.31356,WECC,AZPS,2.0,8.0,2.0,2.0,1,2022,6.0,0.0,0.0,0.0,9w01f3,102.24
61913,Punkin Center Battery Storage,AZ,Gila,33.87581,-111.31356,WECC,AZPS,2.0,8.0,2.0,2.0,1,2022,7.0,0.0,0.0,0.0,9w01f3,102.24
61913,Punkin Center Battery Storage,AZ,Gila,33.87581,-111.31356,WECC,AZPS,2.0,8.0,2.0,2.0,1,2022,8.0,0.0,0.0,0.0,9w01f3,102.24
61913,Punkin Center Battery Storage,AZ,Gila,33.87581,-111.31356,WECC,AZPS,2.0,8.0,2.0,2.0,1,2022,9.0,0.0,0.0,0.0,9w01f3,102.24
61913,Punkin Center Battery Storage,AZ,Gila,33.87581,-111.31356,WECC,AZPS,2.0,8.0,2.0,2.0,1,2022,10.0,0.0,0.0,0.0,9w01f3,102.24
61913,Punkin Center Battery Storage,AZ,Gila,33.87581,-111.31356,WECC,AZPS,2.0,8.0,2.0,2.0,1,2022,11.0,0.0,0.0,0.0,9w01f3,102.24
61913,Punkin Center Battery Storage,AZ,Gila,33.87581,-111.31356,WECC,AZPS,2.0,8.0,2.0,2.0,1,2022,12.0,0.0,0.0,0.0,9w01f3,102.24
61925,Casa Mesa Wind Energy Center,NM,Quay,34.604989,-103.966089,WECC,PNM,1.0,12.6,1.0,1.0,1,2018,1.0,,,,9wve62,442.7
61925,Casa Mesa Wind Energy Center,NM,Quay,34.604989,-103.966089,WECC,PNM,1.0,12.6,1.0,1.0,1,2018,2.0,,,,9wve62,442.7
61925,Casa Mesa Wind Energy Center,NM,Quay,34.604989,-103.966089,WECC,PNM,1.0,12.6,1.0,1.0,1,2018,3.0,,,,9wve62,442.7
61925,Casa Mesa Wind Energy Center,NM,Quay,34.604989,-103.966089,WECC,PNM,1.0,12.6,1.0,1.0,1,2018,4.0,,,,9wve62,442.7
61925,Casa Mesa Wind Energy Center,NM,Quay,34.604989,-103.966089,WECC,PNM,1.0,12.6,1.0,1.0,1,2018,5.0,,,,9wve62,442.7
61925,Casa Mesa Wind Energy Center,NM,Quay,34.604989,-103.966089,WECC,PNM,1.0,12.6,1.0,1.0,1,2018,6.0,,,,9wve62,442.7
61925,Casa Mesa Wind Energy Center,NM,Quay,34.604989,-103.966089,WECC,PNM,1.0,12.6,1.0,1.0,1,2018,7.0,,,,9wve62,442.7
61925,Casa Mesa Wind Energy Center,NM,Quay,34.604989,-103.966089,WECC,PNM,1.0,12.6,1.0,1.0,1,2018,8.0,,,,9wve62,442.7
61925,Casa Mesa Wind Energy Center,NM,Quay,34.604989,-103.966089,WECC,PNM,1.0,12.6,1.0,1.0,1,2018,9.0,,,,9wve62,442.7
61925,Casa Mesa Wind Energy Center,NM,Quay,34.604989,-103.966089,WECC,PNM,1.0,12.6,1.0,1.0,1,2018,10.0,,,,9wve62,442.7
61925,Casa Mesa Wind Energy Center,NM,Quay,34.604989,-103.966089,WECC,PNM,1.0,12.6,1.0,1.0,1,2018,11.0,0.0,0.0,0.0,9wve62,442.7
61925,Casa Mesa Wind Energy Center,NM,Quay,34.604989,-103.966089,WECC,PNM,1.0,12.6,1.0,1.0,1,2018,12.0,13.0,5.0,-8.0,9wve62,442.7
61925,Casa Mesa Wind Energy Center Hybrid,NM,Quay,34.604989,-103.966089,WECC,PNM,1.0,1.0,1.0,1.0,1,2019,1.0,32.0,22.0,-10.0,9wve62,442.7
61925,Casa Mesa Wind Energy Center Hybrid,NM,Quay,34.604989,-103.966089,WECC,PNM,1.0,1.0,1.0,1.0,1,2019,2.0,5.0,2.0,-3.0,9wve62,442.7
61925,Casa Mesa Wind Energy Center Hybrid,NM,Quay,34.604989,-103.966089,WECC,PNM,1.0,1.0,1.0,1.0,1,2019,3.0,13.0,8.0,-5.0,9wve62,442.7
61925,Casa Mesa Wind Energy Center Hybrid,NM,Quay,34.604989,-103.966089,WECC,PNM,1.0,1.0,1.0,1.0,1,2019,4.0,31.0,22.0,-9.0,9wve62,442.7
61925,Casa Mesa Wind Energy Center Hybrid,NM,Quay,34.604989,-103.966089,WECC,PNM,1.0,1.0,1.0,1.0,1,2019,5.0,40.0,31.0,-9.0,9wve62,442.7
61925,Casa Mesa Wind Energy Center Hybrid,NM,Quay,34.604989,-103.966089,WECC,PNM,1.0,1.0,1.0,1.0,1,2019,6.0,35.0,26.0,-9.0,9wve62,442.7
61925,Casa Mesa Wind Energy Center Hybrid,NM,Quay,34.604989,-103.966089,WECC,PNM,1.0,1.0,1.0,1.0,1,2019,7.0,17.0,10.0,-7.0,9wve62,442.7
61925,Casa Mesa Wind Energy Center Hybrid,NM,Quay,34.604989,-103.966089,WECC,PNM,1.0,1.0,1.0,1.0,1,2019,8.0,55.0,39.0,-16.0,9wve62,442.7
61925,Casa Mesa Wind Energy Center Hybrid,NM,Quay,34.604989,-103.966089,WECC,PNM,1.0,1.0,1.0,1.0,1,2019,9.0,37.0,22.0,-15.0,9wve62,442.7
61925,Casa Mesa Wind Energy Center Hybrid,NM,Quay,34.604989,-103.966089,WECC,PNM,1.0,1.0,1.0,1.0,1,2019,10.0,32.0,20.0,-12.0,9wve62,442.7
61925,Casa Mesa Wind Energy Center Hybrid,NM,Quay,34.604989,-103.966089,WECC,PNM,1.0,1.0,1.0,1.0,1,2019,11.0,26.0,19.0,-7.0,9wve62,442.7
61925,Casa Mesa Wind Energy Center Hybrid,NM,Quay,34.604989,-103.966089,WECC,PNM,1.0,1.0,1.0,1.0,1,2019,12.0,8.0,8.0,0.0,9wve62,442.7
61925,Casa Mesa Wind Energy Center Hybrid,NM,Quay,34.604989,-103.966089,WECC,PNM,1.0,1.0,1.0,1.0,1,2020,1.0,15.0,12.0,-3.0,9wve62,442.7
61925,Casa Mesa Wind Energy Center Hybrid,NM,Quay,34.604989,-103.966089,WECC,PNM,1.0,1.0,1.0,1.0,1,2020,2.0,21.0,12.0,-9.0,9wve62,442.7
61925,Casa Mesa Wind Energy Center Hybrid,NM,Quay,34.604989,-103.966089,WECC,PNM,1.0,1.0,1.0,1.0,1,2020,3.0,13.0,8.0,-5.0,9wve62,442.7
61925,Casa Mesa Wind Energy Center Hybrid,NM,Quay,34.604989,-103.966089,WECC,PNM,1.0,1.0,1.0,1.0,1,2020,4.0,38.0,25.0,-13.0,9wve62,442.7
61925,Casa Mesa Wind Energy Center Hybrid,NM,Quay,34.604989,-103.966089,WECC,PNM,1.0,1.0,1.0,1.0,1,2020,5.0,34.0,20.0,-14.0,9wve62,442.7
61925,Casa Mesa Wind Energy Center Hybrid,NM,Quay,34.604989,-103.966089,WECC,PNM,1.0,1.0,1.0,1.0,1,2020,6.0,25.0,14.0,-11.0,9wve62,442.7
61925,Casa Mesa Wind Energy Center Hybrid,NM,Quay,34.604989,-103.966089,WECC,PNM,1.0,1.0,1.0,1.0,1,2020,7.0,54.0,38.0,-16.0,9wve62,442.7
61925,Casa Mesa Wind Energy Center Hybrid,NM,Quay,34.604989,-103.966089,WECC,PNM,1.0,1.0,1.0,1.0,1,2020,8.0,40.0,30.0,-10.0,9wve62,442.7
61925,Casa Mesa Wind Energy Center Hybrid,NM,Quay,34.604989,-103.966089,WECC,PNM,1.0,1.0,1.0,1.0,1,2020,9.0,15.0,11.0,-4.0,9wve62,442.7
61925,Casa Mesa Wind Energy Center Hybrid,NM,Quay,34.604989,-103.966089,WECC,PNM,1.0,1.0,1.0,1.0,1,2020,10.0,2.0,0.0,-2.0,9wve62,442.7
61925,Casa Mesa Wind Energy Center Hybrid,NM,Quay,34.604989,-103.966089,WECC,PNM,1.0,1.0,1.0,1.0,1,2020,11.0,28.0,16.0,-12.0,9wve62,442.7
61925,Casa Mesa Wind Energy Center Hybrid,NM,Quay,34.604989,-103.966089,WECC,PNM,1.0,1.0,1.0,1.0,1,2020,12.0,28.0,16.0,-12.0,9wve62,442.7
61925,Casa Mesa Wind Energy Center Hybrid,NM,Quay,34.604989,-103.966089,WECC,PNM,1.0,1.0,1.0,1.0,1,2021,1.0,33.0,21.0,-12.0,9wve62,442.7
61925,Casa Mesa Wind Energy Center Hybrid,NM,Quay,34.604989,-103.966089,WECC,PNM,1.0,1.0,1.0,1.0,1,2021,2.0,38.0,28.0,-10.0,9wve62,442.7
61925,Casa Mesa Wind Energy Center Hybrid,NM,Quay,34.604989,-103.966089,WECC,PNM,1.0,1.0,1.0,1.0,1,2021,3.0,28.0,20.0,-8.0,9wve62,442.7
61925,Casa Mesa Wind Energy Center Hybrid,NM,Quay,34.604989,-103.966089,WECC,PNM,1.0,1.0,1.0,1.0,1,2021,4.0,22.0,16.0,-6.0,9wve62,442.7
61925,Casa Mesa Wind Energy Center Hybrid,NM,Quay,34.604989,-103.966089,WECC,PNM,1.0,1.0,1.0,1.0,1,2021,5.0,36.0,24.0,-12.0,9wve62,442.7
61925,Casa Mesa Wind Energy Center Hybrid,NM,Quay,34.604989,-103.966089,WECC,PNM,1.0,1.0,1.0,1.0,1,2021,6.0,31.0,21.0,-10.0,9wve62,442.7
61925,Casa Mesa Wind Energy Center Hybrid,NM,Quay,34.604989,-103.966089,WECC,PNM,1.0,1.0,1.0,1.0,1,2021,7.0,39.0,29.0,-10.0,9wve62,442.7
61925,Casa Mesa Wind Energy Center Hybrid,NM,Quay,34.604989,-103.966089,WECC,PNM,1.0,1.0,1.0,1.0,1,2021,8.0,33.0,21.0,-12.0,9wve62,442.7
61925,Casa Mesa Wind Energy Center Hybrid,NM,Quay,34.604989,-103.966089,WECC,PNM,1.0,1.0,1.0,1.0,1,2021,9.0,21.0,15.0,-6.0,9wve62,442.7
61925,Casa Mesa Wind Energy Center Hybrid,NM,Quay,34.604989,-103.966089,WECC,PNM,1.0,1.0,1.0,1.0,1,2021,10.0,17.0,11.0,-6.0,9wve62,442.7
61925,Casa Mesa Wind Energy Center Hybrid,NM,Quay,34.604989,-103.966089,WECC,PNM,1.0,1.0,1.0,1.0,1,2021,11.0,29.0,22.0,-7.0,9wve62,442.7
61925,Casa Mesa Wind Energy Center Hybrid,NM,Quay,34.604989,-103.966089,WECC,PNM,1.0,1.0,1.0,1.0,1,2021,12.0,16.0,10.0,-6.0,9wve62,442.7
61925,Casa Mesa Wind Energy Center Hybrid,NM,Quay,34.604989,-103.966089,WECC,PNM,1.0,1.0,1.0,1.0,1,2022,1.0,31.0,21.0,-10.0,9wve62,442.7
61925,Casa Mesa Wind Energy Center Hybrid,NM,Quay,34.604989,-103.966089,WECC,PNM,1.0,1.0,1.0,1.0,1,2022,2.0,17.0,12.0,-5.0,9wve62,442.7
61925,Casa Mesa Wind Energy Center Hybrid,NM,Quay,34.604989,-103.966089,WECC,PNM,1.0,1.0,1.0,1.0,1,2022,3.0,31.0,21.0,-10.0,9wve62,442.7
61925,Casa Mesa Wind Energy Center Hybrid,NM,Quay,34.604989,-103.966089,WECC,PNM,1.0,1.0,1.0,1.0,1,2022,4.0,37.0,26.0,-11.0,9wve62,442.7
61925,Casa Mesa Wind Energy Center Hybrid,NM,Quay,34.604989,-103.966089,WECC,PNM,1.0,1.0,1.0,1.0,1,2022,5.0,44.0,31.0,-13.0,9wve62,442.7
61925,Casa Mesa Wind Energy Center Hybrid,NM,Quay,34.604989,-103.966089,WECC,PNM,1.0,1.0,1.0,1.0,1,2022,6.0,29.0,19.0,-10.0,9wve62,442.7
61925,Casa Mesa Wind Energy Center Hybrid,NM,Quay,34.604989,-103.966089,WECC,PNM,1.0,1.0,1.0,1.0,1,2022,7.0,51.0,38.0,-13.0,9wve62,442.7
61925,Casa Mesa Wind Energy Center Hybrid,NM,Quay,34.604989,-103.966089,WECC,PNM,1.0,1.0,1.0,1.0,1,2022,8.0,48.0,33.0,-15.0,9wve62,442.7
61925,Casa Mesa Wind Energy Center Hybrid,NM,Quay,34.604989,-103.966089,WECC,PNM,1.0,1.0,1.0,1.0,1,2022,9.0,31.0,17.0,-14.0,9wve62,442.7
61925,Casa Mesa Wind Energy Center Hybrid,NM,Quay,34.604989,-103.966089,WECC,PNM,1.0,1.0,1.0,1.0,1,2022,10.0,38.0,23.0,-15.0,9wve62,442.7
61925,Casa Mesa Wind Energy Center Hybrid,NM,Quay,34.604989,-103.966089,WECC,PNM,1.0,1.0,1.0,1.0,1,2022,11.0,28.0,16.0,-12.0,9wve62,442.7
61925,Casa Mesa Wind Energy Center Hybrid,NM,Quay,34.604989,-103.966089,WECC,PNM,1.0,1.0,1.0,1.0,1,2022,12.0,26.0,14.0,-12.0,9wve62,442.7
61993,Gavilan District College Solar Project,CA,Santa Clara,37.003832,-121.593567,WECC,CISO,0.5,0.5,0.2,0.3,1,2019,1.0,,,,9q97v8,27.86
61993,Gavilan District College Solar Project,CA,Santa Clara,37.003832,-121.593567,WECC,CISO,0.5,0.5,0.2,0.3,1,2019,2.0,,,,9q97v8,27.86
61993,Gavilan District College Solar Project,CA,Santa Clara,37.003832,-121.593567,WECC,CISO,0.5,0.5,0.2,0.3,1,2019,3.0,,,,9q97v8,27.86
61993,Gavilan District College Solar Project,CA,Santa Clara,37.003832,-121.593567,WECC,CISO,0.5,0.5,0.2,0.3,1,2019,4.0,,,,9q97v8,27.86
61993,Gavilan District College Solar Project,CA,Santa Clara,37.003832,-121.593567,WECC,CISO,0.5,0.5,0.2,0.3,1,2019,5.0,,,,9q97v8,27.86
61993,Gavilan District College Solar Project,CA,Santa Clara,37.003832,-121.593567,WECC,CISO,0.5,0.5,0.2,0.3,1,2019,6.0,0.0,0.0,0.0,9q97v8,27.86
61993,Gavilan District College Solar Project,CA,Santa Clara,37.003832,-121.593567,WECC,CISO,0.5,0.5,0.2,0.3,1,2019,7.0,0.0,0.0,0.0,9q97v8,27.86
61993,Gavilan District College Solar Project,CA,Santa Clara,37.003832,-121.593567,WECC,CISO,0.5,0.5,0.2,0.3,1,2019,8.0,0.0,0.0,0.0,9q97v8,27.86
61993,Gavilan District College Solar Project,CA,Santa Clara,37.003832,-121.593567,WECC,CISO,0.5,0.5,0.2,0.3,1,2019,9.0,0.0,0.0,0.0,9q97v8,27.86
61993,Gavilan District College Solar Project,CA,Santa Clara,37.003832,-121.593567,WECC,CISO,0.5,0.5,0.2,0.3,1,2019,10.0,0.0,0.0,0.0,9q97v8,27.86
61993,Gavilan District College Solar Project,CA,Santa Clara,37.003832,-121.593567,WECC,CISO,0.5,0.5,0.2,0.3,1,2019,11.0,0.0,0.0,0.0,9q97v8,27.86
61993,Gavilan District College Solar Project,CA,Santa Clara,37.003832,-121.593567,WECC,CISO,0.5,0.5,0.2,0.3,1,2019,12.0,0.0,0.0,0.0,9q97v8,27.86
61993,Gavilan Community College Solar Project,CA,Santa Clara,37.003832,-121.593567,WECC,CISO,0.5,0.5,0.2,0.3,1,2020,,,,,9q97v8,27.86
61993,Gavilan Community College Solar Project,CA,Santa Clara,37.003832,-121.593567,WECC,CISO,0.5,0.5,0.2,0.3,1,2021,1.0,6.0,4.571,-0.737,9q97v8,27.86
61993,Gavilan Community College Solar Project,CA,Santa Clara,37.003832,-121.593567,WECC,CISO,0.5,0.5,0.2,0.3,1,2021,2.0,6.0,4.881,-0.787,9q97v8,27.86
61993,Gavilan Community College Solar Project,CA,Santa Clara,37.003832,-121.593567,WECC,CISO,0.5,0.5,0.2,0.3,1,2021,3.0,6.0,5.492,-0.886,9q97v8,27.86
61993,Gavilan Community College Solar Project,CA,Santa Clara,37.003832,-121.593567,WECC,CISO,0.5,0.5,0.2,0.3,1,2021,4.0,6.0,5.333,-0.86,9q97v8,27.86
61993,Gavilan Community College Solar Project,CA,Santa Clara,37.003832,-121.593567,WECC,CISO,0.5,0.5,0.2,0.3,1,2021,5.0,5.0,4.513,-0.728,9q97v8,27.86
61993,Gavilan Community College Solar Project,CA,Santa Clara,37.003832,-121.593567,WECC,CISO,0.5,0.5,0.2,0.3,1,2021,6.0,6.0,5.208,-0.84,9q97v8,27.86
61993,Gavilan Community College Solar Project,CA,Santa Clara,37.003832,-121.593567,WECC,CISO,0.5,0.5,0.2,0.3,1,2021,7.0,6.0,5.214,-0.841,9q97v8,27.86
61993,Gavilan Community College Solar Project,CA,Santa Clara,37.003832,-121.593567,WECC,CISO,0.5,0.5,0.2,0.3,1,2021,8.0,6.0,5.23,-0.844,9q97v8,27.86
61993,Gavilan Community College Solar Project,CA,Santa Clara,37.003832,-121.593567,WECC,CISO,0.5,0.5,0.2,0.3,1,2021,9.0,7.0,5.81,-0.937,9q97v8,27.86
61993,Gavilan Community College Solar Project,CA,Santa Clara,37.003832,-121.593567,WECC,CISO,0.5,0.5,0.2,0.3,1,2021,10.0,6.0,5.019,-0.81,9q97v8,27.86
61993,Gavilan Community College Solar Project,CA,Santa Clara,37.003832,-121.593567,WECC,CISO,0.5,0.5,0.2,0.3,1,2021,11.0,6.0,5.384,-0.868,9q97v8,27.86
61993,Gavilan Community College Solar Project,CA,Santa Clara,37.003832,-121.593567,WECC,CISO,0.5,0.5,0.2,0.3,1,2021,12.0,6.0,5.345,-0.862,9q97v8,27.86
61993,Gavilan Community College Solar Project,CA,Santa Clara,37.003832,-121.593567,WECC,CISO,0.5,0.5,0.2,0.3,1,2022,,,,,9q97v8,27.86
61995,UC Merced Solar,CA,Merced,37.365688,-120.432228,WECC,CISO,0.5,0.9,0.5,0.5,1,2018,1.0,,,,9q9fy1,62.8
61995,UC Merced Solar,CA,Merced,37.365688,-120.432228,WECC,CISO,0.5,0.9,0.5,0.5,1,2018,2.0,,,,9q9fy1,62.8
61995,UC Merced Solar,CA,Merced,37.365688,-120.432228,WECC,CISO,0.5,0.9,0.5,0.5,1,2018,3.0,,,,9q9fy1,62.8
61995,UC Merced Solar,CA,Merced,37.365688,-120.432228,WECC,CISO,0.5,0.9,0.5,0.5,1,2018,4.0,,,,9q9fy1,62.8
61995,UC Merced Solar,CA,Merced,37.365688,-120.432228,WECC,CISO,0.5,0.9,0.5,0.5,1,2018,5.0,,,,9q9fy1,62.8
61995,UC Merced Solar,CA,Merced,37.365688,-120.432228,WECC,CISO,0.5,0.9,0.5,0.5,1,2018,6.0,,,,9q9fy1,62.8
61995,UC Merced Solar,CA,Merced,37.365688,-120.432228,WECC,CISO,0.5,0.9,0.5,0.5,1,2018,7.0,,,,9q9fy1,62.8
61995,UC Merced Solar,CA,Merced,37.365688,-120.432228,WECC,CISO,0.5,0.9,0.5,0.5,1,2018,8.0,,,,9q9fy1,62.8
61995,UC Merced Solar,CA,Merced,37.365688,-120.432228,WECC,CISO,0.5,0.9,0.5,0.5,1,2018,9.0,,,,9q9fy1,62.8
61995,UC Merced Solar,CA,Merced,37.365688,-120.432228,WECC,CISO,0.5,0.9,0.5,0.5,1,2018,10.0,,,,9q9fy1,62.8
61995,UC Merced Solar,CA,Merced,37.365688,-120.432228,WECC,CISO,0.5,0.9,0.5,0.5,1,2018,11.0,,,,9q9fy1,62.8
61995,UC Merced Solar,CA,Merced,37.365688,-120.432228,WECC,CISO,0.5,0.9,0.5,0.5,1,2018,12.0,2.0,1.0,-1.0,9q9fy1,62.8
61995,UC Merced Solar Hybrid,CA,Merced,37.365688,-120.432228,WECC,CISO,0.5,0.9,0.5,0.5,1,2019,1.0,12.0,9.013,-3.732,9q9fy1,62.8
61995,UC Merced Solar Hybrid,CA,Merced,37.365688,-120.432228,WECC,CISO,0.5,0.9,0.5,0.5,1,2019,2.0,10.0,7.257,-3.005,9q9fy1,62.8
61995,UC Merced Solar Hybrid,CA,Merced,37.365688,-120.432228,WECC,CISO,0.5,0.9,0.5,0.5,1,2019,3.0,12.0,8.231,-3.409,9q9fy1,62.8
61995,UC Merced Solar Hybrid,CA,Merced,37.365688,-120.432228,WECC,CISO,0.5,0.9,0.5,0.5,1,2019,4.0,11.0,7.67,-3.177,9q9fy1,62.8
61995,UC Merced Solar Hybrid,CA,Merced,37.365688,-120.432228,WECC,CISO,0.5,0.9,0.5,0.5,1,2019,5.0,10.0,7.045,-2.918,9q9fy1,62.8
61995,UC Merced Solar Hybrid,CA,Merced,37.365688,-120.432228,WECC,CISO,0.5,0.9,0.5,0.5,1,2019,6.0,12.0,8.311,-3.442,9q9fy1,62.8
61995,UC Merced Solar Hybrid,CA,Merced,37.365688,-120.432228,WECC,CISO,0.5,0.9,0.5,0.5,1,2019,7.0,12.0,8.57,-3.549,9q9fy1,62.8
61995,UC Merced Solar Hybrid,CA,Merced,37.365688,-120.432228,WECC,CISO,0.5,0.9,0.5,0.5,1,2019,8.0,13.0,9.354,-3.874,9q9fy1,62.8
61995,UC Merced Solar Hybrid,CA,Merced,37.365688,-120.432228,WECC,CISO,0.5,0.9,0.5,0.5,1,2019,9.0,12.0,8.41,-3.483,9q9fy1,62.8
61995,UC Merced Solar Hybrid,CA,Merced,37.365688,-120.432228,WECC,CISO,0.5,0.9,0.5,0.5,1,2019,10.0,13.0,9.131,-3.781,9q9fy1,62.8
61995,UC Merced Solar Hybrid,CA,Merced,37.365688,-120.432228,WECC,CISO,0.5,0.9,0.5,0.5,1,2019,11.0,11.0,7.773,-3.219,9q9fy1,62.8
61995,UC Merced Solar Hybrid,CA,Merced,37.365688,-120.432228,WECC,CISO,0.5,0.9,0.5,0.5,1,2019,12.0,12.0,8.235,-3.411,9q9fy1,62.8
61995,UC Merced Solar Hybrid,CA,Merced,37.365688,-120.432228,WECC,CISO,0.5,0.9,0.5,0.5,1,2020,1.0,8.0,7.579,-0.157,9q9fy1,62.8
61995,UC Merced Solar Hybrid,CA,Merced,37.365688,-120.432228,WECC,CISO,0.5,0.9,0.5,0.5,1,2020,2.0,6.0,5.856,-0.121,9q9fy1,62.8
61995,UC Merced Solar Hybrid,CA,Merced,37.365688,-120.432228,WECC,CISO,0.5,0.9,0.5,0.5,1,2020,3.0,9.0,8.987,-0.185,9q9fy1,62.8
61995,UC Merced Solar Hybrid,CA,Merced,37.365688,-120.432228,WECC,CISO,0.5,0.9,0.5,0.5,1,2020,4.0,8.0,7.969,-0.164,9q9fy1,62.8
61995,UC Merced Solar Hybrid,CA,Merced,37.365688,-120.432228,WECC,CISO,0.5,0.9,0.5,0.5,1,2020,5.0,8.0,7.72,-0.159,9q9fy1,62.8
61995,UC Merced Solar Hybrid,CA,Merced,37.365688,-120.432228,WECC,CISO,0.5,0.9,0.5,0.5,1,2020,6.0,7.0,6.857,-0.141,9q9fy1,62.8
61995,UC Merced Solar Hybrid,CA,Merced,37.365688,-120.432228,WECC,CISO,0.5,0.9,0.5,0.5,1,2020,7.0,8.0,8.107,-0.167,9q9fy1,62.8
61995,UC Merced Solar Hybrid,CA,Merced,37.365688,-120.432228,WECC,CISO,0.5,0.9,0.5,0.5,1,2020,8.0,8.0,8.079,-0.167,9q9fy1,62.8
61995,UC Merced Solar Hybrid,CA,Merced,37.365688,-120.432228,WECC,CISO,0.5,0.9,0.5,0.5,1,2020,9.0,9.0,8.734,-0.18,9q9fy1,62.8
61995,UC Merced Solar Hybrid,CA,Merced,37.365688,-120.432228,WECC,CISO,0.5,0.9,0.5,0.5,1,2020,10.0,10.0,9.328,-0.192,9q9fy1,62.8
61995,UC Merced Solar Hybrid,CA,Merced,37.365688,-120.432228,WECC,CISO,0.5,0.9,0.5,0.5,1,2020,11.0,9.0,9.195,-0.19,9q9fy1,62.8
61995,UC Merced Solar Hybrid,CA,Merced,37.365688,-120.432228,WECC,CISO,0.5,0.9,0.5,0.5,1,2020,12.0,9.0,8.589,-0.177,9q9fy1,62.8
61995,UC Merced Solar Hybrid,CA,Merced,37.365688,-120.432228,WECC,CISO,0.5,0.9,0.5,0.5,1,2021,1.0,10.0,13.937,5.088,9q9fy1,62.8
61995,UC Merced Solar Hybrid,CA,Merced,37.365688,-120.432228,WECC,CISO,0.5,0.9,0.5,0.5,1,2021,2.0,9.0,14.88,5.432,9q9fy1,62.8
61995,UC Merced Solar Hybrid,CA,Merced,37.365688,-120.432228,WECC,CISO,0.5,0.9,0.5,0.5,1,2021,3.0,11.0,16.741,6.112,9q9fy1,62.8
61995,UC Merced Solar Hybrid,CA,Merced,37.365688,-120.432228,WECC,CISO,0.5,0.9,0.5,0.5,1,2021,4.0,10.0,16.258,5.935,9q9fy1,62.8
61995,UC Merced Solar Hybrid,CA,Merced,37.365688,-120.432228,WECC,CISO,0.5,0.9,0.5,0.5,1,2021,5.0,9.0,13.756,5.022,9q9fy1,62.8
61995,UC Merced Solar Hybrid,CA,Merced,37.365688,-120.432228,WECC,CISO,0.5,0.9,0.5,0.5,1,2021,6.0,10.0,15.875,5.796,9q9fy1,62.8
61995,UC Merced Solar Hybrid,CA,Merced,37.365688,-120.432228,WECC,CISO,0.5,0.9,0.5,0.5,1,2021,7.0,10.0,15.895,5.803,9q9fy1,62.8
61995,UC Merced Solar Hybrid,CA,Merced,37.365688,-120.432228,WECC,CISO,0.5,0.9,0.5,0.5,1,2021,8.0,10.0,15.942,5.82,9q9fy1,62.8
61995,UC Merced Solar Hybrid,CA,Merced,37.365688,-120.432228,WECC,CISO,0.5,0.9,0.5,0.5,1,2021,9.0,11.0,17.71,6.466,9q9fy1,62.8
61995,UC Merced Solar Hybrid,CA,Merced,37.365688,-120.432228,WECC,CISO,0.5,0.9,0.5,0.5,1,2021,10.0,10.0,15.301,5.586,9q9fy1,62.8
61995,UC Merced Solar Hybrid,CA,Merced,37.365688,-120.432228,WECC,CISO,0.5,0.9,0.5,0.5,1,2021,11.0,10.0,16.412,5.992,9q9fy1,62.8
61995,UC Merced Solar Hybrid,CA,Merced,37.365688,-120.432228,WECC,CISO,0.5,0.9,0.5,0.5,1,2021,12.0,10.0,16.293,5.948,9q9fy1,62.8
61995,UC Merced Solar Hybrid,CA,Merced,37.365688,-120.432228,WECC,CISO,0.5,0.9,0.5,0.5,1,2022,1.0,13.0,9.315,-5.048,9q9fy1,62.8
61995,UC Merced Solar Hybrid,CA,Merced,37.365688,-120.432228,WECC,CISO,0.5,0.9,0.5,0.5,1,2022,2.0,15.0,9.787,-5.301,9q9fy1,62.8
61995,UC Merced Solar Hybrid,CA,Merced,37.365688,-120.432228,WECC,CISO,0.5,0.9,0.5,0.5,1,2022,3.0,14.0,9.059,-4.907,9q9fy1,62.8
61995,UC Merced Solar Hybrid,CA,Merced,37.365688,-120.432228,WECC,CISO,0.5,0.9,0.5,0.5,1,2022,4.0,15.0,9.488,-5.139,9q9fy1,62.8
61995,UC Merced Solar Hybrid,CA,Merced,37.365688,-120.432228,WECC,CISO,0.5,0.9,0.5,0.5,1,2022,5.0,16.0,10.054,-5.446,9q9fy1,62.8
61995,UC Merced Solar Hybrid,CA,Merced,37.365688,-120.432228,WECC,CISO,0.5,0.9,0.5,0.5,1,2022,6.0,16.0,10.156,-5.501,9q9fy1,62.8
61995,UC Merced Solar Hybrid,CA,Merced,37.365688,-120.432228,WECC,CISO,0.5,0.9,0.5,0.5,1,2022,7.0,16.0,10.552,-5.715,9q9fy1,62.8
61995,UC Merced Solar Hybrid,CA,Merced,37.365688,-120.432228,WECC,CISO,0.5,0.9,0.5,0.5,1,2022,8.0,17.0,10.841,-5.872,9q9fy1,62.8
61995,UC Merced Solar Hybrid,CA,Merced,37.365688,-120.432228,WECC,CISO,0.5,0.9,0.5,0.5,1,2022,9.0,15.0,9.72,-5.265,9q9fy1,62.8
61995,UC Merced Solar Hybrid,CA,Merced,37.365688,-120.432228,WECC,CISO,0.5,0.9,0.5,0.5,1,2022,10.0,17.0,10.847,-5.875,9q9fy1,62.8
61995,UC Merced Solar Hybrid,CA,Merced,37.365688,-120.432228,WECC,CISO,0.5,0.9,0.5,0.5,1,2022,11.0,15.0,10.042,-5.439,9q9fy1,62.8
61995,UC Merced Solar Hybrid,CA,Merced,37.365688,-120.432228,WECC,CISO,0.5,0.9,0.5,0.5,1,2022,12.0,16.0,10.139,-5.492,9q9fy1,62.8
62175,Diablo Energy Storage,CA,Contra Costa,38.028792,-121.900596,WECC,CISO,200.0,800.0,200.0,200.0,1,2022,1.0,,,,9qc26h,0.98
62175,Diablo Energy Storage,CA,Contra Costa,38.028792,-121.900596,WECC,CISO,200.0,800.0,200.0,200.0,1,2022,2.0,,,,9qc26h,0.98
62175,Diablo Energy Storage,CA,Contra Costa,38.028792,-121.900596,WECC,CISO,200.0,800.0,200.0,200.0,1,2022,3.0,,,,9qc26h,0.98
62175,Diablo Energy Storage,CA,Contra Costa,38.028792,-121.900596,WECC,CISO,200.0,800.0,200.0,200.0,1,2022,4.0,4581.0,4123.0,-458.0,9qc26h,0.98
62175,Diablo Energy Storage,CA,Contra Costa,38.028792,-121.900596,WECC,CISO,200.0,800.0,200.0,200.0,1,2022,5.0,23643.0,19791.0,-3852.0,9qc26h,0.98
62175,Diablo Energy Storage,CA,Contra Costa,38.028792,-121.900596,WECC,CISO,200.0,800.0,200.0,200.0,1,2022,6.0,9351.0,7004.0,-2347.0,9qc26h,0.98
62175,Diablo Energy Storage,CA,Contra Costa,38.028792,-121.900596,WECC,CISO,200.0,800.0,200.0,200.0,1,2022,7.0,13343.0,10459.0,-2884.0,9qc26h,0.98
62175,Diablo Energy Storage,CA,Contra Costa,38.028792,-121.900596,WECC,CISO,200.0,800.0,200.0,200.0,1,2022,8.0,13380.0,10425.0,-2955.0,9qc26h,0.98
62175,Diablo Energy Storage,CA,Contra Costa,38.028792,-121.900596,WECC,CISO,200.0,800.0,200.0,200.0,1,2022,9.0,20339.0,17159.0,-3180.0,9qc26h,0.98
62175,Diablo Energy Storage,CA,Contra Costa,38.028792,-121.900596,WECC,CISO,200.0,800.0,200.0,200.0,1,2022,10.0,19937.0,16677.0,-3261.0,9qc26h,0.98
62175,Diablo Energy Storage,CA,Contra Costa,38.028792,-121.900596,WECC,CISO,200.0,800.0,200.0,200.0,1,2022,11.0,18063.0,15152.0,-2911.0,9qc26h,0.98
62175,Diablo Energy Storage,CA,Contra Costa,38.028792,-121.900596,WECC,CISO,200.0,800.0,200.0,200.0,1,2022,12.0,18173.0,16245.0,-1928.0,9qc26h,0.98
62373,I25 Battery Storage,CO,Weld,40.140285,-104.978012,WECC,WACM,4.0,4.0,4.0,4.0,1,2018,,,,,9xkgmv,147.03
62373,I25 Battery Storage,CO,Weld,40.140285,-104.978012,WECC,WACM,4.0,16.0,4.0,4.0,1,2019,1.0,92.0,69.0,-33.0,9xkgmv,147.03
62373,I25 Battery Storage,CO,Weld,40.140285,-104.978012,WECC,WACM,4.0,16.0,4.0,4.0,1,2019,2.0,107.0,84.0,-23.0,9xkgmv,147.03
62373,I25 Battery Storage,CO,Weld,40.140285,-104.978012,WECC,WACM,4.0,16.0,4.0,4.0,1,2019,3.0,47.0,34.0,-13.0,9xkgmv,147.03
62373,I25 Battery Storage,CO,Weld,40.140285,-104.978012,WECC,WACM,4.0,16.0,4.0,4.0,1,2019,4.0,58.0,49.0,-9.0,9xkgmv,147.03
62373,I25 Battery Storage,CO,Weld,40.140285,-104.978012,WECC,WACM,4.0,16.0,4.0,4.0,1,2019,5.0,102.0,89.0,-13.0,9xkgmv,147.03
62373,I25 Battery Storage,CO,Weld,40.140285,-104.978012,WECC,WACM,4.0,16.0,4.0,4.0,1,2019,6.0,84.0,72.0,-12.0,9xkgmv,147.03
62373,I25 Battery Storage,CO,Weld,40.140285,-104.978012,WECC,WACM,4.0,16.0,4.0,4.0,1,2019,7.0,120.0,105.0,-15.0,9xkgmv,147.03
62373,I25 Battery Storage,CO,Weld,40.140285,-104.978012,WECC,WACM,4.0,16.0,4.0,4.0,1,2019,8.0,136.0,120.0,-16.0,9xkgmv,147.03
62373,I25 Battery Storage,CO,Weld,40.140285,-104.978012,WECC,WACM,4.0,16.0,4.0,4.0,1,2019,9.0,49.0,42.0,-7.0,9xkgmv,147.03
62373,I25 Battery Storage,CO,Weld,40.140285,-104.978012,WECC,WACM,4.0,16.0,4.0,4.0,1,2019,10.0,143.0,123.0,-20.0,9xkgmv,147.03
62373,I25 Battery Storage,CO,Weld,40.140285,-104.978012,WECC,WACM,4.0,16.0,4.0,4.0,1,2019,11.0,150.0,130.0,-21.0,9xkgmv,147.03
62373,I25 Battery Storage,CO,Weld,40.140285,-104.978012,WECC,WACM,4.0,16.0,4.0,4.0,1,2019,12.0,132.0,97.0,-35.0,9xkgmv,147.03
62373,I25 Battery Storage,CO,Weld,40.140285,-104.978012,WECC,WACM,4.0,16.0,4.0,4.0,1,2020,1.0,130.0,112.0,-18.0,9xkgmv,147.03
62373,I25 Battery Storage,CO,Weld,40.140285,-104.978012,WECC,WACM,4.0,16.0,4.0,4.0,1,2020,2.0,38.0,32.0,-6.0,9xkgmv,147.03
62373,I25 Battery Storage,CO,Weld,40.140285,-104.978012,WECC,WACM,4.0,16.0,4.0,4.0,1,2020,3.0,40.0,32.0,-8.0,9xkgmv,147.03
62373,I25 Battery Storage,CO,Weld,40.140285,-104.978012,WECC,WACM,4.0,16.0,4.0,4.0,1,2020,4.0,70.0,62.0,-8.0,9xkgmv,147.03
62373,I25 Battery Storage,CO,Weld,40.140285,-104.978012,WECC,WACM,4.0,16.0,4.0,4.0,1,2020,5.0,85.0,74.0,-11.0,9xkgmv,147.03
62373,I25 Battery Storage,CO,Weld,40.140285,-104.978012,WECC,WACM,4.0,16.0,4.0,4.0,1,2020,6.0,110.0,93.0,-17.0,9xkgmv,147.03
62373,I25 Battery Storage,CO,Weld,40.140285,-104.978012,WECC,WACM,4.0,16.0,4.0,4.0,1,2020,7.0,146.0,128.0,-18.0,9xkgmv,147.03
62373,I25 Battery Storage,CO,Weld,40.140285,-104.978012,WECC,WACM,4.0,16.0,4.0,4.0,1,2020,8.0,90.0,79.0,-11.0,9xkgmv,147.03
62373,I25 Battery Storage,CO,Weld,40.140285,-104.978012,WECC,WACM,4.0,16.0,4.0,4.0,1,2020,9.0,47.0,40.0,-7.0,9xkgmv,147.03
62373,I25 Battery Storage,CO,Weld,40.140285,-104.978012,WECC,WACM,4.0,16.0,4.0,4.0,1,2020,10.0,42.0,36.0,-6.0,9xkgmv,147.03
62373,I25 Battery Storage,CO,Weld,40.140285,-104.978012,WECC,WACM,4.0,16.0,4.0,4.0,1,2020,11.0,18.0,14.0,-4.0,9xkgmv,147.03
62373,I25 Battery Storage,CO,Weld,40.140285,-104.978012,WECC,WACM,4.0,16.0,4.0,4.0,1,2020,12.0,139.0,120.0,-19.0,9xkgmv,147.03
62373,I25 Battery Storage,CO,Weld,40.140285,-104.978012,WECC,WACM,4.0,16.0,4.0,4.0,1,2021,1.0,88.0,75.0,-13.0,9xkgmv,147.03
62373,I25 Battery Storage,CO,Weld,40.140285,-104.978012,WECC,WACM,4.0,16.0,4.0,4.0,1,2021,2.0,64.0,44.0,-20.0,9xkgmv,147.03
62373,I25 Battery Storage,CO,Weld,40.140285,-104.978012,WECC,WACM,4.0,16.0,4.0,4.0,1,2021,3.0,38.0,8.0,-30.0,9xkgmv,147.03
62373,I25 Battery Storage,CO,Weld,40.140285,-104.978012,WECC,WACM,4.0,16.0,4.0,4.0,1,2021,4.0,77.0,45.0,-32.0,9xkgmv,147.03
62373,I25 Battery Storage,CO,Weld,40.140285,-104.978012,WECC,WACM,4.0,16.0,4.0,4.0,1,2021,5.0,16.0,0.0,-16.0,9xkgmv,147.03
62373,I25 Battery Storage,CO,Weld,40.140285,-104.978012,WECC,WACM,4.0,16.0,4.0,4.0,1,2021,6.0,104.0,87.0,-17.0,9xkgmv,147.03
62373,I25 Battery Storage,CO,Weld,40.140285,-104.978012,WECC,WACM,4.0,16.0,4.0,4.0,1,2021,7.0,118.0,101.0,-17.0,9xkgmv,147.03
62373,I25 Battery Storage,CO,Weld,40.140285,-104.978012,WECC,WACM,4.0,16.0,4.0,4.0,1,2021,8.0,32.0,24.0,-8.0,9xkgmv,147.03
62373,I25 Battery Storage,CO,Weld,40.140285,-104.978012,WECC,WACM,4.0,16.0,4.0,4.0,1,2021,9.0,102.0,84.0,-18.0,9xkgmv,147.03
62373,I25 Battery Storage,CO,Weld,40.140285,-104.978012,WECC,WACM,4.0,16.0,4.0,4.0,1,2021,10.0,108.0,80.0,-28.0,9xkgmv,147.03
62373,I25 Battery Storage,CO,Weld,40.140285,-104.978012,WECC,WACM,4.0,16.0,4.0,4.0,1,2021,11.0,74.0,58.0,-15.0,9xkgmv,147.03
62373,I25 Battery Storage,CO,Weld,40.140285,-104.978012,WECC,WACM,4.0,16.0,4.0,4.0,1,2021,12.0,199.0,157.0,-42.0,9xkgmv,147.03
62373,I25 Battery Storage,CO,Weld,40.140285,-104.978012,WECC,WACM,4.0,16.0,4.0,4.0,1,2022,1.0,134.0,75.0,-59.0,9xkgmv,147.03
62373,I25 Battery Storage,CO,Weld,40.140285,-104.978012,WECC,WACM,4.0,16.0,4.0,4.0,1,2022,2.0,64.0,30.0,-34.0,9xkgmv,147.03
62373,I25 Battery Storage,CO,Weld,40.140285,-104.978012,WECC,WACM,4.0,16.0,4.0,4.0,1,2022,3.0,80.0,47.0,-33.0,9xkgmv,147.03
62373,I25 Battery Storage,CO,Weld,40.140285,-104.978012,WECC,WACM,4.0,16.0,4.0,4.0,1,2022,4.0,59.0,35.0,-24.0,9xkgmv,147.03
62373,I25 Battery Storage,CO,Weld,40.140285,-104.978012,WECC,WACM,4.0,16.0,4.0,4.0,1,2022,5.0,123.0,99.0,-24.0,9xkgmv,147.03
62373,I25 Battery Storage,CO,Weld,40.140285,-104.978012,WECC,WACM,4.0,16.0,4.0,4.0,1,2022,6.0,24.0,16.0,-8.0,9xkgmv,147.03
62373,I25 Battery Storage,CO,Weld,40.140285,-104.978012,WECC,WACM,4.0,16.0,4.0,4.0,1,2022,7.0,91.0,77.0,-14.0,9xkgmv,147.03
62373,I25 Battery Storage,CO,Weld,40.140285,-104.978012,WECC,WACM,4.0,16.0,4.0,4.0,1,2022,8.0,73.0,61.0,-12.0,9xkgmv,147.03
62373,I25 Battery Storage,CO,Weld,40.140285,-104.978012,WECC,WACM,4.0,16.0,4.0,4.0,1,2022,9.0,40.0,26.0,-14.0,9xkgmv,147.03
62373,I25 Battery Storage,CO,Weld,40.140285,-104.978012,WECC,WACM,4.0,16.0,4.0,4.0,1,2022,10.0,19.0,3.0,-16.0,9xkgmv,147.03
62373,I25 Battery Storage,CO,Weld,40.140285,-104.978012,WECC,WACM,4.0,16.0,4.0,4.0,1,2022,11.0,235.0,204.0,-31.0,9xkgmv,147.03
62373,I25 Battery Storage,CO,Weld,40.140285,-104.978012,WECC,WACM,4.0,16.0,4.0,4.0,1,2022,12.0,194.0,127.0,-67.0,9xkgmv,147.03
62441,Kearny Mesa Storage LLC,CA,San Diego,32.815256,-117.126079,WECC,CISO,1.0,1.0,1.0,1.0,1,2020,1.0,,,,9mudw2,3.63
62441,Kearny Mesa Storage LLC,CA,San Diego,32.815256,-117.126079,WECC,CISO,1.0,1.0,1.0,1.0,1,2020,2.0,42.0,41.849,-1.506,9mudw2,3.63
62441,Kearny Mesa Storage LLC,CA,San Diego,32.815256,-117.126079,WECC,CISO,1.0,1.0,1.0,1.0,1,2020,3.0,67.0,64.218,-2.311,9mudw2,3.63
62441,Kearny Mesa Storage LLC,CA,San Diego,32.815256,-117.126079,WECC,CISO,1.0,1.0,1.0,1.0,1,2020,4.0,59.0,56.946,-2.05,9mudw2,3.63
62441,Kearny Mesa Storage LLC,CA,San Diego,32.815256,-117.126079,WECC,CISO,1.0,1.0,1.0,1.0,1,2020,5.0,57.0,55.171,-1.986,9mudw2,3.63
62441,Kearny Mesa Storage LLC,CA,San Diego,32.815256,-117.126079,WECC,CISO,1.0,1.0,1.0,1.0,1,2020,6.0,51.0,48.998,-1.764,9mudw2,3.63
62441,Kearny Mesa Storage LLC,CA,San Diego,32.815256,-117.126079,WECC,CISO,1.0,1.0,1.0,1.0,1,2020,7.0,60.0,57.93,-2.085,9mudw2,3.63
62441,Kearny Mesa Storage LLC,CA,San Diego,32.815256,-117.126079,WECC,CISO,1.0,1.0,1.0,1.0,1,2020,8.0,60.0,57.733,-2.078,9mudw2,3.63
62441,Kearny Mesa Storage LLC,CA,San Diego,32.815256,-117.126079,WECC,CISO,1.0,1.0,1.0,1.0,1,2020,9.0,65.0,62.415,-2.247,9mudw2,3.63
62441,Kearny Mesa Storage LLC,CA,San Diego,32.815256,-117.126079,WECC,CISO,1.0,1.0,1.0,1.0,1,2020,10.0,69.0,66.656,-2.399,9mudw2,3.63
62441,Kearny Mesa Storage LLC,CA,San Diego,32.815256,-117.126079,WECC,CISO,1.0,1.0,1.0,1.0,1,2020,11.0,68.0,65.705,-2.365,9mudw2,3.63
62441,Kearny Mesa Storage LLC,CA,San Diego,32.815256,-117.126079,WECC,CISO,1.0,1.0,1.0,1.0,1,2020,12.0,64.0,61.379,-2.209,9mudw2,3.63
62441,Kearny Mesa Storage LLC,CA,San Diego,32.815256,-117.126079,WECC,CISO,1.0,1.0,1.0,1.0,1,2021,,,,,9mudw2,3.63
62441,Kearny Mesa Storage LLC,CA,San Diego,32.815256,-117.126079,WECC,CISO,1.0,1.0,1.0,1.0,1,2022,,,,,9mudw2,3.63
62460,DESI-2 Battery Storage Facility,CA,Orange,33.7357,-117.915286,WECC,CISO,1.4,3.7,1.4,1.4,1,2022,,,,,9mupsy,4.26
62497,Orange County Energy Storage 2,CA,Orange,33.715536,-117.854314,WECC,CISO,9.0,36.0,9.0,9.0,1,2021,,,,,9mupsy,5.65
62497,Orange County Energy Storage 2,CA,Orange,33.715536,-117.854314,WECC,CISO,9.0,36.0,9.0,9.0,1,2022,,,,,9mupsy,5.65
62499,Orange County Energy Storage 3,CA,Orange,33.714896,-117.85431,WECC,CISO,6.0,24.0,6.0,6.0,1,2021,,,,,9mupsy,5.62
62499,Orange County Energy Storage 3,CA,Orange,33.714896,-117.85431,WECC,CISO,6.0,24.0,6.0,6.0,1,2022,,,,,9mupsy,5.62
62564,Elkhorn Battery Energy Storage System,CA,Monterey,36.808039,-121.781788,WECC,CISO,182.5,730.0,182.5,182.5,1,2022,1.0,,,,9q92vz,8.98
62564,Elkhorn Battery Energy Storage System,CA,Monterey,36.808039,-121.781788,WECC,CISO,182.5,730.0,182.5,182.5,1,2022,2.0,,,,9q92vz,8.98
62564,Elkhorn Battery Energy Storage System,CA,Monterey,36.808039,-121.781788,WECC,CISO,182.5,730.0,182.5,182.5,1,2022,3.0,,,,9q92vz,8.98
62564,Elkhorn Battery Energy Storage System,CA,Monterey,36.808039,-121.781788,WECC,CISO,182.5,730.0,182.5,182.5,1,2022,4.0,8642.0,6683.0,-1959.0,9q92vz,8.98
62564,Elkhorn Battery Energy Storage System,CA,Monterey,36.808039,-121.781788,WECC,CISO,182.5,730.0,182.5,182.5,1,2022,5.0,12128.0,10407.0,-1721.0,9q92vz,8.98
62564,Elkhorn Battery Energy Storage System,CA,Monterey,36.808039,-121.781788,WECC,CISO,182.5,730.0,182.5,182.5,1,2022,6.0,21374.0,18743.0,-2631.0,9q92vz,8.98
62564,Elkhorn Battery Energy Storage System,CA,Monterey,36.808039,-121.781788,WECC,CISO,182.5,730.0,182.5,182.5,1,2022,7.0,18201.0,15700.0,-2501.0,9q92vz,8.98
62564,Elkhorn Battery Energy Storage System,CA,Monterey,36.808039,-121.781788,WECC,CISO,182.5,730.0,182.5,182.5,1,2022,8.0,13147.0,11071.0,-2076.0,9q92vz,8.98
62564,Elkhorn Battery Energy Storage System,CA,Monterey,36.808039,-121.781788,WECC,CISO,182.5,730.0,182.5,182.5,1,2022,9.0,7705.0,6993.0,-712.0,9q92vz,8.98
62564,Elkhorn Battery Energy Storage System,CA,Monterey,36.808039,-121.781788,WECC,CISO,182.5,730.0,182.5,182.5,1,2022,10.0,75.0,0.0,-75.0,9q92vz,8.98
62564,Elkhorn Battery Energy Storage System,CA,Monterey,36.808039,-121.781788,WECC,CISO,182.5,730.0,182.5,182.5,1,2022,11.0,70.0,0.0,-70.0,9q92vz,8.98
62564,Elkhorn Battery Energy Storage System,CA,Monterey,36.808039,-121.781788,WECC,CISO,182.5,730.0,182.5,182.5,1,2022,12.0,532.0,147.0,-385.0,9q92vz,8.98
62745,Wheatridge Hybrid,OR,Morrow,45.55975,-119.6338,WECC,BPAT,30.0,120.0,30.0,30.0,1,2022,1.0,,,,c245ue,86.63
62745,Wheatridge Hybrid,OR,Morrow,45.55975,-119.6338,WECC,BPAT,30.0,120.0,30.0,30.0,1,2022,2.0,,,,c245ue,86.63
62745,Wheatridge Hybrid,OR,Morrow,45.55975,-119.6338,WECC,BPAT,30.0,120.0,30.0,30.0,1,2022,3.0,719.0,595.0,-124.0,c245ue,86.63
62745,Wheatridge Hybrid,OR,Morrow,45.55975,-119.6338,WECC,BPAT,30.0,120.0,30.0,30.0,1,2022,4.0,4158.0,4009.0,-149.0,c245ue,86.63
62745,Wheatridge Hybrid,OR,Morrow,45.55975,-119.6338,WECC,BPAT,30.0,120.0,30.0,30.0,1,2022,5.0,2098.0,2008.0,-90.0,c245ue,86.63
62745,Wheatridge Hybrid,OR,Morrow,45.55975,-119.6338,WECC,BPAT,30.0,120.0,30.0,30.0,1,2022,6.0,2674.0,2593.0,-81.0,c245ue,86.63
62745,Wheatridge Hybrid,OR,Morrow,45.55975,-119.6338,WECC,BPAT,30.0,120.0,30.0,30.0,1,2022,7.0,2682.0,2593.0,-89.0,c245ue,86.63
62745,Wheatridge Hybrid,OR,Morrow,45.55975,-119.6338,WECC,BPAT,30.0,120.0,30.0,30.0,1,2022,8.0,1313.0,1249.0,-64.0,c245ue,86.63
62745,Wheatridge Hybrid,OR,Morrow,45.55975,-119.6338,WECC,BPAT,30.0,120.0,30.0,30.0,1,2022,9.0,,,,c245ue,86.63
62745,Wheatridge Hybrid,OR,Morrow,45.55975,-119.6338,WECC,BPAT,30.0,120.0,30.0,30.0,1,2022,10.0,2263.0,2161.0,-102.0,c245ue,86.63
62745,Wheatridge Hybrid,OR,Morrow,45.55975,-119.6338,WECC,BPAT,30.0,120.0,30.0,30.0,1,2022,11.0,1445.0,1387.0,-58.0,c245ue,86.63
62745,Wheatridge Hybrid,OR,Morrow,45.55975,-119.6338,WECC,BPAT,30.0,120.0,30.0,30.0,1,2022,12.0,1269.0,1225.0,-44.0,c245ue,86.63
62754,San Diego International Airport BESS,CA,San Diego,32.7338,-117.1933,WECC,CISO,2.0,4.0,2.0,2.0,1,2021,,,,,9mudw2,7.64
62754,San Diego International Airport BESS,CA,San Diego,32.7338,-117.1933,WECC,CISO,2.0,4.0,2.0,2.0,1,2022,,,,,9mudw2,7.64
62801,Vallecito,CA,Santa Barbara,34.407086,-119.511547,WECC,CISO,10.0,10.0,10.0,10.0,1,2021,,,,,9q5sgb,80.44
62801,Vallecito,CA,Santa Barbara,34.407086,-119.511547,WECC,CISO,10.0,10.0,10.0,10.0,1,2022,,,,,9q5sgb,80.44
62874,Acorn I Energy Storage LLC,CA,Ventura,34.196505,-118.931898,WECC,CISO,2.0,6.0,2.0,2.0,1,2021,,,,,9q5dy2,35.38
62874,Acorn I Energy Storage LLC,CA,Ventura,34.196505,-118.931898,WECC,CISO,2.0,6.0,2.0,2.0,1,2022,1.0,149.0,137.032,-11.489,9q5dy2,35.38
62874,Acorn I Energy Storage LLC,CA,Ventura,34.196505,-118.931898,WECC,CISO,2.0,6.0,2.0,2.0,1,2022,2.0,156.0,143.955,-12.071,9q5dy2,35.38
62874,Acorn I Energy Storage LLC,CA,Ventura,34.196505,-118.931898,WECC,CISO,2.0,6.0,2.0,2.0,1,2022,3.0,144.0,133.24,-11.173,9q5dy2,35.38
62874,Acorn I Energy Storage LLC,CA,Ventura,34.196505,-118.931898,WECC,CISO,2.0,6.0,2.0,2.0,1,2022,4.0,151.0,139.551,-11.702,9q5dy2,35.38
62874,Acorn I Energy Storage LLC,CA,Ventura,34.196505,-118.931898,WECC,CISO,2.0,6.0,2.0,2.0,1,2022,5.0,160.0,147.88,-12.4,9q5dy2,35.38
62874,Acorn I Energy Storage LLC,CA,Ventura,34.196505,-118.931898,WECC,CISO,2.0,6.0,2.0,2.0,1,2022,6.0,162.0,149.379,-12.526,9q5dy2,35.38
62874,Acorn I Energy Storage LLC,CA,Ventura,34.196505,-118.931898,WECC,CISO,2.0,6.0,2.0,2.0,1,2022,7.0,168.0,155.195,-13.014,9q5dy2,35.38
62874,Acorn I Energy Storage LLC,CA,Ventura,34.196505,-118.931898,WECC,CISO,2.0,6.0,2.0,2.0,1,2022,8.0,173.0,159.449,-13.37,9q5dy2,35.38
62874,Acorn I Energy Storage LLC,CA,Ventura,34.196505,-118.931898,WECC,CISO,2.0,6.0,2.0,2.0,1,2022,9.0,155.0,142.963,-11.988,9q5dy2,35.38
62874,Acorn I Energy Storage LLC,CA,Ventura,34.196505,-118.931898,WECC,CISO,2.0,6.0,2.0,2.0,1,2022,10.0,173.0,159.535,-13.377,9q5dy2,35.38
62874,Acorn I Energy Storage LLC,CA,Ventura,34.196505,-118.931898,WECC,CISO,2.0,6.0,2.0,2.0,1,2022,11.0,160.0,147.696,-12.385,9q5dy2,35.38
62874,Acorn I Energy Storage LLC,CA,Ventura,34.196505,-118.931898,WECC,CISO,2.0,6.0,2.0,2.0,1,2022,12.0,162.0,149.125,-12.505,9q5dy2,35.38
62875,Wildcat I Energy Storage LLC,CA,Riverside,33.807988,-116.489835,WECC,CISO,3.0,12.0,3.0,3.0,1,2021,,,,,9qj152,15.46
62875,Wildcat I Energy Storage LLC,CA,Riverside,33.807988,-116.489835,WECC,CISO,3.0,12.0,3.0,3.0,1,2022,1.0,234.0,215.679,-17.625,9qj152,15.46
62875,Wildcat I Energy Storage LLC,CA,Riverside,33.807988,-116.489835,WECC,CISO,3.0,12.0,3.0,3.0,1,2022,2.0,245.0,226.576,-18.514,9qj152,15.46
62875,Wildcat I Energy Storage LLC,CA,Riverside,33.807988,-116.489835,WECC,CISO,3.0,12.0,3.0,3.0,1,2022,3.0,227.0,209.712,-17.136,9qj152,15.46
62875,Wildcat I Energy Storage LLC,CA,Riverside,33.807988,-116.489835,WECC,CISO,3.0,12.0,3.0,3.0,1,2022,4.0,238.0,219.645,-17.948,9qj152,15.46
62875,Wildcat I Energy Storage LLC,CA,Riverside,33.807988,-116.489835,WECC,CISO,3.0,12.0,3.0,3.0,1,2022,5.0,252.0,232.754,-19.019,9qj152,15.46
62875,Wildcat I Energy Storage LLC,CA,Riverside,33.807988,-116.489835,WECC,CISO,3.0,12.0,3.0,3.0,1,2022,6.0,254.0,235.113,-19.212,9qj152,15.46
62875,Wildcat I Energy Storage LLC,CA,Riverside,33.807988,-116.489835,WECC,CISO,3.0,12.0,3.0,3.0,1,2022,7.0,264.0,244.268,-19.96,9qj152,15.46
62875,Wildcat I Energy Storage LLC,CA,Riverside,33.807988,-116.489835,WECC,CISO,3.0,12.0,3.0,3.0,1,2022,8.0,271.0,250.963,-20.507,9qj152,15.46
62875,Wildcat I Energy Storage LLC,CA,Riverside,33.807988,-116.489835,WECC,CISO,3.0,12.0,3.0,3.0,1,2022,9.0,243.0,225.015,-18.387,9qj152,15.46
62875,Wildcat I Energy Storage LLC,CA,Riverside,33.807988,-116.489835,WECC,CISO,3.0,12.0,3.0,3.0,1,2022,10.0,272.0,251.098,-20.518,9qj152,15.46
62875,Wildcat I Energy Storage LLC,CA,Riverside,33.807988,-116.489835,WECC,CISO,3.0,12.0,3.0,3.0,1,2022,11.0,251.0,232.464,-18.995,9qj152,15.46
62875,Wildcat I Energy Storage LLC,CA,Riverside,33.807988,-116.489835,WECC,CISO,3.0,12.0,3.0,3.0,1,2022,12.0,254.0,234.713,-19.179,9qj152,15.46
62889,Hecate Energy Johanna Facility,CA,Orange,33.714672,-117.853061,WECC,CISO,20.0,80.0,20.0,20.0,2,2021,,,,,9mupsy,5.73
62889,Hecate Energy Johanna Facility,CA,Orange,33.714672,-117.853061,WECC,CISO,20.0,80.0,20.0,20.0,2,2022,,,,,9mupsy,5.73
63022,Fort Carson Battery Energy Storage System,CO,El Paso,38.745474,-104.777675,WECC,WACM,4.2,8.5,4.2,4.2,1,2019,,,,,9wve62,24.77
63022,Fort Carson Battery Energy Storage System,CO,El Paso,38.745474,-104.777675,WECC,WACM,4.2,8.5,4.2,4.2,1,2020,1.0,0.0,0.0,0.0,9wve62,24.77
63022,Fort Carson Battery Energy Storage System,CO,El Paso,38.745474,-104.777675,WECC,WACM,4.2,8.5,4.2,4.2,1,2020,2.0,0.0,0.0,0.0,9wve62,24.77
63022,Fort Carson Battery Energy Storage System,CO,El Paso,38.745474,-104.777675,WECC,WACM,4.2,8.5,4.2,4.2,1,2020,3.0,0.0,0.0,0.0,9wve62,24.77
63022,Fort Carson Battery Energy Storage System,CO,El Paso,38.745474,-104.777675,WECC,WACM,4.2,8.5,4.2,4.2,1,2020,4.0,0.0,0.0,0.0,9wve62,24.77
63022,Fort Carson Battery Energy Storage System,CO,El Paso,38.745474,-104.777675,WECC,WACM,4.2,8.5,4.2,4.2,1,2020,5.0,0.0,0.0,0.0,9wve62,24.77
63022,Fort Carson Battery Energy Storage System,CO,El Paso,38.745474,-104.777675,WECC,WACM,4.2,8.5,4.2,4.2,1,2020,6.0,0.0,0.0,0.0,9wve62,24.77
63022,Fort Carson Battery Energy Storage System,CO,El Paso,38.745474,-104.777675,WECC,WACM,4.2,8.5,4.2,4.2,1,2020,7.0,0.0,0.0,0.0,9wve62,24.77
63022,Fort Carson Battery Energy Storage System,CO,El Paso,38.745474,-104.777675,WECC,WACM,4.2,8.5,4.2,4.2,1,2020,8.0,0.0,0.0,0.0,9wve62,24.77
63022,Fort Carson Battery Energy Storage System,CO,El Paso,38.745474,-104.777675,WECC,WACM,4.2,8.5,4.2,4.2,1,2020,9.0,0.0,0.0,0.0,9wve62,24.77
63022,Fort Carson Battery Energy Storage System,CO,El Paso,38.745474,-104.777675,WECC,WACM,4.2,8.5,4.2,4.2,1,2020,10.0,0.0,0.0,0.0,9wve62,24.77
63022,Fort Carson Battery Energy Storage System,CO,El Paso,38.745474,-104.777675,WECC,WACM,4.2,8.5,4.2,4.2,1,2020,11.0,0.0,0.0,0.0,9wve62,24.77
63022,Fort Carson Battery Energy Storage System,CO,El Paso,38.745474,-104.777675,WECC,WACM,4.2,8.5,4.2,4.2,1,2020,12.0,8.0,7.0,-1.0,9wve62,24.77
63022,Fort Carson Battery Energy Storage System,CO,El Paso,38.745474,-104.777675,WECC,WACM,4.2,8.5,4.2,4.2,1,2021,1.0,0.0,0.0,0.0,9wve62,24.77
63022,Fort Carson Battery Energy Storage System,CO,El Paso,38.745474,-104.777675,WECC,WACM,4.2,8.5,4.2,4.2,1,2021,2.0,0.0,0.0,0.0,9wve62,24.77
63022,Fort Carson Battery Energy Storage System,CO,El Paso,38.745474,-104.777675,WECC,WACM,4.2,8.5,4.2,4.2,1,2021,3.0,0.0,0.0,0.0,9wve62,24.77
63022,Fort Carson Battery Energy Storage System,CO,El Paso,38.745474,-104.777675,WECC,WACM,4.2,8.5,4.2,4.2,1,2021,4.0,0.0,0.0,0.0,9wve62,24.77
63022,Fort Carson Battery Energy Storage System,CO,El Paso,38.745474,-104.777675,WECC,WACM,4.2,8.5,4.2,4.2,1,2021,5.0,0.0,0.0,0.0,9wve62,24.77
63022,Fort Carson Battery Energy Storage System,CO,El Paso,38.745474,-104.777675,WECC,WACM,4.2,8.5,4.2,4.2,1,2021,6.0,0.0,0.0,0.0,9wve62,24.77
63022,Fort Carson Battery Energy Storage System,CO,El Paso,38.745474,-104.777675,WECC,WACM,4.2,8.5,4.2,4.2,1,2021,7.0,0.0,0.0,0.0,9wve62,24.77
63022,Fort Carson Battery Energy Storage System,CO,El Paso,38.745474,-104.777675,WECC,WACM,4.2,8.5,4.2,4.2,1,2021,8.0,0.0,0.0,0.0,9wve62,24.77
63022,Fort Carson Battery Energy Storage System,CO,El Paso,38.745474,-104.777675,WECC,WACM,4.2,8.5,4.2,4.2,1,2021,9.0,0.0,0.0,0.0,9wve62,24.77
63022,Fort Carson Battery Energy Storage System,CO,El Paso,38.745474,-104.777675,WECC,WACM,4.2,8.5,4.2,4.2,1,2021,10.0,0.0,0.0,0.0,9wve62,24.77
63022,Fort Carson Battery Energy Storage System,CO,El Paso,38.745474,-104.777675,WECC,WACM,4.2,8.5,4.2,4.2,1,2021,11.0,0.0,0.0,0.0,9wve62,24.77
63022,Fort Carson Battery Energy Storage System,CO,El Paso,38.745474,-104.777675,WECC,WACM,4.2,8.5,4.2,4.2,1,2021,12.0,7.0,2.0,-5.0,9wve62,24.77
63022,Fort Carson Battery Energy Storage System,CO,El Paso,38.745474,-104.777675,WECC,WACM,4.2,8.5,4.2,4.2,1,2022,1.0,43.0,21.822,-22.678,9wve62,24.77
63022,Fort Carson Battery Energy Storage System,CO,El Paso,38.745474,-104.777675,WECC,WACM,4.2,8.5,4.2,4.2,1,2022,2.0,44.0,21.613,-22.461,9wve62,24.77
63022,Fort Carson Battery Energy Storage System,CO,El Paso,38.745474,-104.777675,WECC,WACM,4.2,8.5,4.2,4.2,1,2022,3.0,52.0,25.586,-26.59,9wve62,24.77
63022,Fort Carson Battery Energy Storage System,CO,El Paso,38.745474,-104.777675,WECC,WACM,4.2,8.5,4.2,4.2,1,2022,4.0,41.0,20.292,-21.087,9wve62,24.77
63022,Fort Carson Battery Energy Storage System,CO,El Paso,38.745474,-104.777675,WECC,WACM,4.2,8.5,4.2,4.2,1,2022,5.0,37.0,17.927,-18.63,9wve62,24.77
63022,Fort Carson Battery Energy Storage System,CO,El Paso,38.745474,-104.777675,WECC,WACM,4.2,8.5,4.2,4.2,1,2022,6.0,42.0,20.46,-21.262,9wve62,24.77
63022,Fort Carson Battery Energy Storage System,CO,El Paso,38.745474,-104.777675,WECC,WACM,4.2,8.5,4.2,4.2,1,2022,7.0,47.0,22.897,-23.794,9wve62,24.77
63022,Fort Carson Battery Energy Storage System,CO,El Paso,38.745474,-104.777675,WECC,WACM,4.2,8.5,4.2,4.2,1,2022,8.0,42.0,20.365,-21.164,9wve62,24.77
63022,Fort Carson Battery Energy Storage System,CO,El Paso,38.745474,-104.777675,WECC,WACM,4.2,8.5,4.2,4.2,1,2022,9.0,45.0,21.879,-22.737,9wve62,24.77
63022,Fort Carson Battery Energy Storage System,CO,El Paso,38.745474,-104.777675,WECC,WACM,4.2,8.5,4.2,4.2,1,2022,10.0,46.0,22.538,-23.422,9wve62,24.77
63022,Fort Carson Battery Energy Storage System,CO,El Paso,38.745474,-104.777675,WECC,WACM,4.2,8.5,4.2,4.2,1,2022,11.0,40.0,19.695,-20.467,9wve62,24.77
63022,Fort Carson Battery Energy Storage System,CO,El Paso,38.745474,-104.777675,WECC,WACM,4.2,8.5,4.2,4.2,1,2022,12.0,41.0,19.926,-20.708,9wve62,24.77
63091,UC Santa Cruz Solar,CA,Santa Cruz,36.9911,-122.0532,WECC,CISO,1.0,1.0,1.0,1.0,1,2022,1.0,,,,9q9hq4,36.91
63091,UC Santa Cruz Solar,CA,Santa Cruz,36.9911,-122.0532,WECC,CISO,1.0,1.0,1.0,1.0,1,2022,2.0,,,,9q9hq4,36.91
63091,UC Santa Cruz Solar,CA,Santa Cruz,36.9911,-122.0532,WECC,CISO,1.0,1.0,1.0,1.0,1,2022,3.0,,,,9q9hq4,36.91
63091,UC Santa Cruz Solar,CA,Santa Cruz,36.9911,-122.0532,WECC,CISO,1.0,1.0,1.0,1.0,1,2022,4.0,,,,9q9hq4,36.91
63091,UC Santa Cruz Solar,CA,Santa Cruz,36.9911,-122.0532,WECC,CISO,1.0,1.0,1.0,1.0,1,2022,5.0,,,,9q9hq4,36.91
63091,UC Santa Cruz Solar,CA,Santa Cruz,36.9911,-122.0532,WECC,CISO,1.0,1.0,1.0,1.0,1,2022,6.0,,,,9q9hq4,36.91
63091,UC Santa Cruz Solar,CA,Santa Cruz,36.9911,-122.0532,WECC,CISO,1.0,1.0,1.0,1.0,1,2022,7.0,,,,9q9hq4,36.91
63091,UC Santa Cruz Solar,CA,Santa Cruz,36.9911,-122.0532,WECC,CISO,1.0,1.0,1.0,1.0,1,2022,8.0,,,,9q9hq4,36.91
63091,UC Santa Cruz Solar,CA,Santa Cruz,36.9911,-122.0532,WECC,CISO,1.0,1.0,1.0,1.0,1,2022,9.0,,,,9q9hq4,36.91
63091,UC Santa Cruz Solar,CA,Santa Cruz,36.9911,-122.0532,WECC,CISO,1.0,1.0,1.0,1.0,1,2022,10.0,,,,9q9hq4,36.91
63091,UC Santa Cruz Solar,CA,Santa Cruz,36.9911,-122.0532,WECC,CISO,1.0,1.0,1.0,1.0,1,2022,11.0,,,,9q9hq4,36.91
63091,UC Santa Cruz Solar,CA,Santa Cruz,36.9911,-122.0532,WECC,CISO,1.0,1.0,1.0,1.0,1,2022,12.0,0.0,0.0,0.0,9q9hq4,36.91
63412,San Diego Zoo,CA,San Diego,32.739676,-117.151635,WECC,CISO,1.0,4.0,1.0,1.0,1,2019,,,,,9mudw2,5.12
63412,San Diego Zoo,CA,San Diego,32.739676,-117.151635,WECC,CISO,1.0,4.0,1.0,1.0,1,2020,,,,,9mudw2,5.12
63412,San Diego Zoo,CA,San Diego,32.739676,-117.151635,WECC,CISO,1.0,4.0,1.0,1.0,1,2021,,,,,9mudw2,5.12
63420,Fresno Bullard High School Hybrid,CA,Fresno,36.818646,-119.810408,WECC,CISO,0.4,0.4,0.4,0.4,1,2020,1.0,,,,9qd9xh,10.76
63420,Fresno Bullard High School Hybrid,CA,Fresno,36.818646,-119.810408,WECC,CISO,0.4,0.4,0.4,0.4,1,2020,2.0,,,,9qd9xh,10.76
63420,Fresno Bullard High School Hybrid,CA,Fresno,36.818646,-119.810408,WECC,CISO,0.4,0.4,0.4,0.4,1,2020,3.0,3.0,3.441,-0.646,9qd9xh,10.76
63420,Fresno Bullard High School Hybrid,CA,Fresno,36.818646,-119.810408,WECC,CISO,0.4,0.4,0.4,0.4,1,2020,4.0,4.0,3.052,-0.572,9qd9xh,10.76
63420,Fresno Bullard High School Hybrid,CA,Fresno,36.818646,-119.810408,WECC,CISO,0.4,0.4,0.4,0.4,1,2020,5.0,4.0,2.956,-0.554,9qd9xh,10.76
63420,Fresno Bullard High School Hybrid,CA,Fresno,36.818646,-119.810408,WECC,CISO,0.4,0.4,0.4,0.4,1,2020,6.0,3.0,2.626,-0.492,9qd9xh,10.76
63420,Fresno Bullard High School Hybrid,CA,Fresno,36.818646,-119.810408,WECC,CISO,0.4,0.4,0.4,0.4,1,2020,7.0,4.0,3.104,-0.582,9qd9xh,10.76
63420,Fresno Bullard High School Hybrid,CA,Fresno,36.818646,-119.810408,WECC,CISO,0.4,0.4,0.4,0.4,1,2020,8.0,4.0,3.094,-0.58,9qd9xh,10.76
63420,Fresno Bullard High School Hybrid,CA,Fresno,36.818646,-119.810408,WECC,CISO,0.4,0.4,0.4,0.4,1,2020,9.0,4.0,3.345,-0.627,9qd9xh,10.76
63420,Fresno Bullard High School Hybrid,CA,Fresno,36.818646,-119.810408,WECC,CISO,0.4,0.4,0.4,0.4,1,2020,10.0,4.0,3.572,-0.67,9qd9xh,10.76
63420,Fresno Bullard High School Hybrid,CA,Fresno,36.818646,-119.810408,WECC,CISO,0.4,0.4,0.4,0.4,1,2020,11.0,4.0,3.521,-0.66,9qd9xh,10.76
63420,Fresno Bullard High School Hybrid,CA,Fresno,36.818646,-119.810408,WECC,CISO,0.4,0.4,0.4,0.4,1,2020,12.0,4.0,3.289,-0.617,9qd9xh,10.76
63420,Fresno Bullard High School Hybrid,CA,Fresno,36.818646,-119.810408,WECC,CISO,0.4,0.4,0.4,0.4,1,2021,1.0,8.0,6.34,-1.033,9qd9xh,10.76
63420,Fresno Bullard High School Hybrid,CA,Fresno,36.818646,-119.810408,WECC,CISO,0.4,0.4,0.4,0.4,1,2021,2.0,8.0,6.771,-1.102,9qd9xh,10.76
63420,Fresno Bullard High School Hybrid,CA,Fresno,36.818646,-119.810408,WECC,CISO,0.4,0.4,0.4,0.4,1,2021,3.0,9.0,7.617,-1.24,9qd9xh,10.76
63420,Fresno Bullard High School Hybrid,CA,Fresno,36.818646,-119.810408,WECC,CISO,0.4,0.4,0.4,0.4,1,2021,4.0,9.0,7.398,-1.204,9qd9xh,10.76
63420,Fresno Bullard High School Hybrid,CA,Fresno,36.818646,-119.810408,WECC,CISO,0.4,0.4,0.4,0.4,1,2021,5.0,7.0,6.26,-1.019,9qd9xh,10.76
63420,Fresno Bullard High School Hybrid,CA,Fresno,36.818646,-119.810408,WECC,CISO,0.4,0.4,0.4,0.4,1,2021,6.0,8.0,7.224,-1.176,9qd9xh,10.76
63420,Fresno Bullard High School Hybrid,CA,Fresno,36.818646,-119.810408,WECC,CISO,0.4,0.4,0.4,0.4,1,2021,7.0,8.0,7.233,-1.177,9qd9xh,10.76
63420,Fresno Bullard High School Hybrid,CA,Fresno,36.818646,-119.810408,WECC,CISO,0.4,0.4,0.4,0.4,1,2021,8.0,8.0,7.254,-1.181,9qd9xh,10.76
63420,Fresno Bullard High School Hybrid,CA,Fresno,36.818646,-119.810408,WECC,CISO,0.4,0.4,0.4,0.4,1,2021,9.0,9.0,8.059,-1.312,9qd9xh,10.76
63420,Fresno Bullard High School Hybrid,CA,Fresno,36.818646,-119.810408,WECC,CISO,0.4,0.4,0.4,0.4,1,2021,10.0,8.0,6.962,-1.133,9qd9xh,10.76
63420,Fresno Bullard High School Hybrid,CA,Fresno,36.818646,-119.810408,WECC,CISO,0.4,0.4,0.4,0.4,1,2021,11.0,9.0,7.468,-1.216,9qd9xh,10.76
63420,Fresno Bullard High School Hybrid,CA,Fresno,36.818646,-119.810408,WECC,CISO,0.4,0.4,0.4,0.4,1,2021,12.0,9.0,7.414,-1.207,9qd9xh,10.76
63420,Fresno Bullard High School Hybrid,CA,Fresno,36.818646,-119.810408,WECC,CISO,0.4,0.4,0.4,0.4,1,2022,1.0,8.0,6.832,-1.011,9qd9xh,10.76
63420,Fresno Bullard High School Hybrid,CA,Fresno,36.818646,-119.810408,WECC,CISO,0.4,0.4,0.4,0.4,1,2022,2.0,8.0,7.177,-1.06,9qd9xh,10.76
63420,Fresno Bullard High School Hybrid,CA,Fresno,36.818646,-119.810408,WECC,CISO,0.4,0.4,0.4,0.4,1,2022,3.0,8.0,6.643,-0.981,9qd9xh,10.76
63420,Fresno Bullard High School Hybrid,CA,Fresno,36.818646,-119.810408,WECC,CISO,0.4,0.4,0.4,0.4,1,2022,4.0,8.0,6.958,-1.028,9qd9xh,10.76
63420,Fresno Bullard High School Hybrid,CA,Fresno,36.818646,-119.810408,WECC,CISO,0.4,0.4,0.4,0.4,1,2022,5.0,8.0,7.373,-1.089,9qd9xh,10.76
63420,Fresno Bullard High School Hybrid,CA,Fresno,36.818646,-119.810408,WECC,CISO,0.4,0.4,0.4,0.4,1,2022,6.0,9.0,7.448,-1.1,9qd9xh,10.76
63420,Fresno Bullard High School Hybrid,CA,Fresno,36.818646,-119.810408,WECC,CISO,0.4,0.4,0.4,0.4,1,2022,7.0,9.0,7.738,-1.143,9qd9xh,10.76
63420,Fresno Bullard High School Hybrid,CA,Fresno,36.818646,-119.810408,WECC,CISO,0.4,0.4,0.4,0.4,1,2022,8.0,9.0,7.95,-1.174,9qd9xh,10.76
63420,Fresno Bullard High School Hybrid,CA,Fresno,36.818646,-119.810408,WECC,CISO,0.4,0.4,0.4,0.4,1,2022,9.0,8.0,7.128,-1.053,9qd9xh,10.76
63420,Fresno Bullard High School Hybrid,CA,Fresno,36.818646,-119.810408,WECC,CISO,0.4,0.4,0.4,0.4,1,2022,10.0,9.0,7.954,-1.175,9qd9xh,10.76
63420,Fresno Bullard High School Hybrid,CA,Fresno,36.818646,-119.810408,WECC,CISO,0.4,0.4,0.4,0.4,1,2022,11.0,8.0,7.364,-1.088,9qd9xh,10.76
63420,Fresno Bullard High School Hybrid,CA,Fresno,36.818646,-119.810408,WECC,CISO,0.4,0.4,0.4,0.4,1,2022,12.0,9.0,7.435,-1.098,9qd9xh,10.76
63421,Fresno Hoover High School Hybrid,CA,Fresno,36.817816,-119.770709,WECC,CISO,0.2,0.2,0.2,0.2,1,2020,1.0,,,,9qd9xh,14.17
63421,Fresno Hoover High School Hybrid,CA,Fresno,36.817816,-119.770709,WECC,CISO,0.2,0.2,0.2,0.2,1,2020,2.0,,,,9qd9xh,14.17
63421,Fresno Hoover High School Hybrid,CA,Fresno,36.817816,-119.770709,WECC,CISO,0.2,0.2,0.2,0.2,1,2020,3.0,1.0,0.968,-0.107,9qd9xh,14.17
63421,Fresno Hoover High School Hybrid,CA,Fresno,36.817816,-119.770709,WECC,CISO,0.2,0.2,0.2,0.2,1,2020,4.0,1.0,0.858,-0.095,9qd9xh,14.17
63421,Fresno Hoover High School Hybrid,CA,Fresno,36.817816,-119.770709,WECC,CISO,0.2,0.2,0.2,0.2,1,2020,5.0,1.0,0.832,-0.092,9qd9xh,14.17
63421,Fresno Hoover High School Hybrid,CA,Fresno,36.817816,-119.770709,WECC,CISO,0.2,0.2,0.2,0.2,1,2020,6.0,1.0,0.738,-0.082,9qd9xh,14.17
63421,Fresno Hoover High School Hybrid,CA,Fresno,36.817816,-119.770709,WECC,CISO,0.2,0.2,0.2,0.2,1,2020,7.0,1.0,0.873,-0.097,9qd9xh,14.17
63421,Fresno Hoover High School Hybrid,CA,Fresno,36.817816,-119.770709,WECC,CISO,0.2,0.2,0.2,0.2,1,2020,8.0,1.0,0.87,-0.097,9qd9xh,14.17
63421,Fresno Hoover High School Hybrid,CA,Fresno,36.817816,-119.770709,WECC,CISO,0.2,0.2,0.2,0.2,1,2020,9.0,1.0,0.941,-0.105,9qd9xh,14.17
63421,Fresno Hoover High School Hybrid,CA,Fresno,36.817816,-119.770709,WECC,CISO,0.2,0.2,0.2,0.2,1,2020,10.0,1.0,1.005,-0.112,9qd9xh,14.17
63421,Fresno Hoover High School Hybrid,CA,Fresno,36.817816,-119.770709,WECC,CISO,0.2,0.2,0.2,0.2,1,2020,11.0,1.0,0.99,-0.11,9qd9xh,14.17
63421,Fresno Hoover High School Hybrid,CA,Fresno,36.817816,-119.770709,WECC,CISO,0.2,0.2,0.2,0.2,1,2020,12.0,1.0,0.925,-0.103,9qd9xh,14.17
63421,Fresno Hoover High School Hybrid,CA,Fresno,36.817816,-119.770709,WECC,CISO,0.2,0.2,0.2,0.2,1,2021,1.0,4.0,2.432,-0.367,9qd9xh,14.17
63421,Fresno Hoover High School Hybrid,CA,Fresno,36.817816,-119.770709,WECC,CISO,0.2,0.2,0.2,0.2,1,2021,2.0,3.0,2.598,-0.394,9qd9xh,14.17
63421,Fresno Hoover High School Hybrid,CA,Fresno,36.817816,-119.770709,WECC,CISO,0.2,0.2,0.2,0.2,1,2021,3.0,3.0,2.923,-0.443,9qd9xh,14.17
63421,Fresno Hoover High School Hybrid,CA,Fresno,36.817816,-119.770709,WECC,CISO,0.2,0.2,0.2,0.2,1,2021,4.0,3.0,2.839,-0.43,9qd9xh,14.17
63421,Fresno Hoover High School Hybrid,CA,Fresno,36.817816,-119.770709,WECC,CISO,0.2,0.2,0.2,0.2,1,2021,5.0,3.0,2.402,-0.364,9qd9xh,14.17
63421,Fresno Hoover High School Hybrid,CA,Fresno,36.817816,-119.770709,WECC,CISO,0.2,0.2,0.2,0.2,1,2021,6.0,3.0,2.772,-0.42,9qd9xh,14.17
63421,Fresno Hoover High School Hybrid,CA,Fresno,36.817816,-119.770709,WECC,CISO,0.2,0.2,0.2,0.2,1,2021,7.0,3.0,2.775,-0.421,9qd9xh,14.17
63421,Fresno Hoover High School Hybrid,CA,Fresno,36.817816,-119.770709,WECC,CISO,0.2,0.2,0.2,0.2,1,2021,8.0,3.0,2.784,-0.422,9qd9xh,14.17
63421,Fresno Hoover High School Hybrid,CA,Fresno,36.817816,-119.770709,WECC,CISO,0.2,0.2,0.2,0.2,1,2021,9.0,4.0,3.092,-0.469,9qd9xh,14.17
63421,Fresno Hoover High School Hybrid,CA,Fresno,36.817816,-119.770709,WECC,CISO,0.2,0.2,0.2,0.2,1,2021,10.0,3.0,2.672,-0.405,9qd9xh,14.17
63421,Fresno Hoover High School Hybrid,CA,Fresno,36.817816,-119.770709,WECC,CISO,0.2,0.2,0.2,0.2,1,2021,11.0,3.0,2.866,-0.434,9qd9xh,14.17
63421,Fresno Hoover High School Hybrid,CA,Fresno,36.817816,-119.770709,WECC,CISO,0.2,0.2,0.2,0.2,1,2021,12.0,3.0,2.845,-0.431,9qd9xh,14.17
63421,Fresno Hoover High School Hybrid,CA,Fresno,36.817816,-119.770709,WECC,CISO,0.2,0.2,0.2,0.2,1,2022,1.0,5.0,3.259,-0.545,9qd9xh,14.17
63421,Fresno Hoover High School Hybrid,CA,Fresno,36.817816,-119.770709,WECC,CISO,0.2,0.2,0.2,0.2,1,2022,2.0,4.0,3.426,-0.571,9qd9xh,14.17
63421,Fresno Hoover High School Hybrid,CA,Fresno,36.817816,-119.770709,WECC,CISO,0.2,0.2,0.2,0.2,1,2022,3.0,4.0,3.171,-0.528,9qd9xh,14.17
63421,Fresno Hoover High School Hybrid,CA,Fresno,36.817816,-119.770709,WECC,CISO,0.2,0.2,0.2,0.2,1,2022,4.0,4.0,3.321,-0.553,9qd9xh,14.17
63421,Fresno Hoover High School Hybrid,CA,Fresno,36.817816,-119.770709,WECC,CISO,0.2,0.2,0.2,0.2,1,2022,5.0,4.0,3.519,-0.586,9qd9xh,14.17
63421,Fresno Hoover High School Hybrid,CA,Fresno,36.817816,-119.770709,WECC,CISO,0.2,0.2,0.2,0.2,1,2022,6.0,4.0,3.555,-0.592,9qd9xh,14.17
63421,Fresno Hoover High School Hybrid,CA,Fresno,36.817816,-119.770709,WECC,CISO,0.2,0.2,0.2,0.2,1,2022,7.0,4.0,3.693,-0.616,9qd9xh,14.17
63421,Fresno Hoover High School Hybrid,CA,Fresno,36.817816,-119.770709,WECC,CISO,0.2,0.2,0.2,0.2,1,2022,8.0,4.0,3.794,-0.632,9qd9xh,14.17
63421,Fresno Hoover High School Hybrid,CA,Fresno,36.817816,-119.770709,WECC,CISO,0.2,0.2,0.2,0.2,1,2022,9.0,4.0,3.402,-0.567,9qd9xh,14.17
63421,Fresno Hoover High School Hybrid,CA,Fresno,36.817816,-119.770709,WECC,CISO,0.2,0.2,0.2,0.2,1,2022,10.0,4.0,3.796,-0.633,9qd9xh,14.17
63421,Fresno Hoover High School Hybrid,CA,Fresno,36.817816,-119.770709,WECC,CISO,0.2,0.2,0.2,0.2,1,2022,11.0,4.0,3.515,-0.586,9qd9xh,14.17
63421,Fresno Hoover High School Hybrid,CA,Fresno,36.817816,-119.770709,WECC,CISO,0.2,0.2,0.2,0.2,1,2022,12.0,4.0,3.549,-0.591,9qd9xh,14.17
63422,Fresno Sunnyside High School Hybrid,CA,Fresno,36.734014,-119.717809,WECC,CISO,0.3,0.3,0.3,0.3,1,2020,1.0,,,,9qdbm8,15.55
63422,Fresno Sunnyside High School Hybrid,CA,Fresno,36.734014,-119.717809,WECC,CISO,0.3,0.3,0.3,0.3,1,2020,2.0,,,,9qdbm8,15.55
63422,Fresno Sunnyside High School Hybrid,CA,Fresno,36.734014,-119.717809,WECC,CISO,0.3,0.3,0.3,0.3,1,2020,3.0,,,,9qdbm8,15.55
63422,Fresno Sunnyside High School Hybrid,CA,Fresno,36.734014,-119.717809,WECC,CISO,0.3,0.3,0.3,0.3,1,2020,4.0,,,,9qdbm8,15.55
63422,Fresno Sunnyside High School Hybrid,CA,Fresno,36.734014,-119.717809,WECC,CISO,0.3,0.3,0.3,0.3,1,2020,5.0,,,,9qdbm8,15.55
63422,Fresno Sunnyside High School Hybrid,CA,Fresno,36.734014,-119.717809,WECC,CISO,0.3,0.3,0.3,0.3,1,2020,6.0,,,,9qdbm8,15.55
63422,Fresno Sunnyside High School Hybrid,CA,Fresno,36.734014,-119.717809,WECC,CISO,0.3,0.3,0.3,0.3,1,2020,7.0,,,,9qdbm8,15.55
63422,Fresno Sunnyside High School Hybrid,CA,Fresno,36.734014,-119.717809,WECC,CISO,0.3,0.3,0.3,0.3,1,2020,8.0,,,,9qdbm8,15.55
63422,Fresno Sunnyside High School Hybrid,CA,Fresno,36.734014,-119.717809,WECC,CISO,0.3,0.3,0.3,0.3,1,2020,9.0,,,,9qdbm8,15.55
63422,Fresno Sunnyside High School Hybrid,CA,Fresno,36.734014,-119.717809,WECC,CISO,0.3,0.3,0.3,0.3,1,2020,10.0,,,,9qdbm8,15.55
63422,Fresno Sunnyside High School Hybrid,CA,Fresno,36.734014,-119.717809,WECC,CISO,0.3,0.3,0.3,0.3,1,2020,11.0,,,,9qdbm8,15.55
63422,Fresno Sunnyside High School Hybrid,CA,Fresno,36.734014,-119.717809,WECC,CISO,0.3,0.3,0.3,0.3,1,2020,12.0,2.0,0.0,-2.0,9qdbm8,15.55
63422,Fresno Sunnyside High School Hybrid,CA,Fresno,36.734014,-119.717809,WECC,CISO,0.3,0.3,0.3,0.3,1,2021,1.0,3.0,2.95,-0.443,9qdbm8,15.55
63422,Fresno Sunnyside High School Hybrid,CA,Fresno,36.734014,-119.717809,WECC,CISO,0.3,0.3,0.3,0.3,1,2021,2.0,4.0,3.149,-0.472,9qdbm8,15.55
63422,Fresno Sunnyside High School Hybrid,CA,Fresno,36.734014,-119.717809,WECC,CISO,0.3,0.3,0.3,0.3,1,2021,3.0,4.0,3.543,-0.531,9qdbm8,15.55
63422,Fresno Sunnyside High School Hybrid,CA,Fresno,36.734014,-119.717809,WECC,CISO,0.3,0.3,0.3,0.3,1,2021,4.0,4.0,3.441,-0.516,9qdbm8,15.55
63422,Fresno Sunnyside High School Hybrid,CA,Fresno,36.734014,-119.717809,WECC,CISO,0.3,0.3,0.3,0.3,1,2021,5.0,3.0,2.911,-0.437,9qdbm8,15.55
63422,Fresno Sunnyside High School Hybrid,CA,Fresno,36.734014,-119.717809,WECC,CISO,0.3,0.3,0.3,0.3,1,2021,6.0,4.0,3.36,-0.504,9qdbm8,15.55
63422,Fresno Sunnyside High School Hybrid,CA,Fresno,36.734014,-119.717809,WECC,CISO,0.3,0.3,0.3,0.3,1,2021,7.0,4.0,3.364,-0.505,9qdbm8,15.55
63422,Fresno Sunnyside High School Hybrid,CA,Fresno,36.734014,-119.717809,WECC,CISO,0.3,0.3,0.3,0.3,1,2021,8.0,4.0,3.374,-0.506,9qdbm8,15.55
63422,Fresno Sunnyside High School Hybrid,CA,Fresno,36.734014,-119.717809,WECC,CISO,0.3,0.3,0.3,0.3,1,2021,9.0,4.0,3.748,-0.562,9qdbm8,15.55
63422,Fresno Sunnyside High School Hybrid,CA,Fresno,36.734014,-119.717809,WECC,CISO,0.3,0.3,0.3,0.3,1,2021,10.0,4.0,3.238,-0.486,9qdbm8,15.55
63422,Fresno Sunnyside High School Hybrid,CA,Fresno,36.734014,-119.717809,WECC,CISO,0.3,0.3,0.3,0.3,1,2021,11.0,4.0,3.474,-0.521,9qdbm8,15.55
63422,Fresno Sunnyside High School Hybrid,CA,Fresno,36.734014,-119.717809,WECC,CISO,0.3,0.3,0.3,0.3,1,2021,12.0,4.0,3.448,-0.517,9qdbm8,15.55
63422,Fresno Sunnyside High School Hybrid,CA,Fresno,36.734014,-119.717809,WECC,CISO,0.3,0.3,0.3,0.3,1,2022,1.0,6.0,5.356,-0.776,9qdbm8,15.55
63422,Fresno Sunnyside High School Hybrid,CA,Fresno,36.734014,-119.717809,WECC,CISO,0.3,0.3,0.3,0.3,1,2022,2.0,6.0,5.628,-0.816,9qdbm8,15.55
63422,Fresno Sunnyside High School Hybrid,CA,Fresno,36.734014,-119.717809,WECC,CISO,0.3,0.3,0.3,0.3,1,2022,3.0,6.0,5.209,-0.755,9qdbm8,15.55
63422,Fresno Sunnyside High School Hybrid,CA,Fresno,36.734014,-119.717809,WECC,CISO,0.3,0.3,0.3,0.3,1,2022,4.0,6.0,5.456,-0.791,9qdbm8,15.55
63422,Fresno Sunnyside High School Hybrid,CA,Fresno,36.734014,-119.717809,WECC,CISO,0.3,0.3,0.3,0.3,1,2022,5.0,7.0,5.781,-0.838,9qdbm8,15.55
63422,Fresno Sunnyside High School Hybrid,CA,Fresno,36.734014,-119.717809,WECC,CISO,0.3,0.3,0.3,0.3,1,2022,6.0,7.0,5.84,-0.846,9qdbm8,15.55
63422,Fresno Sunnyside High School Hybrid,CA,Fresno,36.734014,-119.717809,WECC,CISO,0.3,0.3,0.3,0.3,1,2022,7.0,7.0,6.067,-0.879,9qdbm8,15.55
63422,Fresno Sunnyside High School Hybrid,CA,Fresno,36.734014,-119.717809,WECC,CISO,0.3,0.3,0.3,0.3,1,2022,8.0,7.0,6.233,-0.903,9qdbm8,15.55
63422,Fresno Sunnyside High School Hybrid,CA,Fresno,36.734014,-119.717809,WECC,CISO,0.3,0.3,0.3,0.3,1,2022,9.0,6.0,5.589,-0.81,9qdbm8,15.55
63422,Fresno Sunnyside High School Hybrid,CA,Fresno,36.734014,-119.717809,WECC,CISO,0.3,0.3,0.3,0.3,1,2022,10.0,7.0,6.237,-0.904,9qdbm8,15.55
63422,Fresno Sunnyside High School Hybrid,CA,Fresno,36.734014,-119.717809,WECC,CISO,0.3,0.3,0.3,0.3,1,2022,11.0,7.0,5.774,-0.837,9qdbm8,15.55
63422,Fresno Sunnyside High School Hybrid,CA,Fresno,36.734014,-119.717809,WECC,CISO,0.3,0.3,0.3,0.3,1,2022,12.0,7.0,5.83,-0.845,9qdbm8,15.55
63486,D'Arrigo Brothers - Phase 4,CA,Monterey,36.616,-121.636,WECC,CISO,0.5,0.8,0.1,0.1,1,2022,1.0,0.0,0.0,0.0,9q92vz,16.06
63486,D'Arrigo Brothers - Phase 4,CA,Monterey,36.616,-121.636,WECC,CISO,0.5,0.8,0.1,0.1,1,2022,2.0,0.0,0.0,0.0,9q92vz,16.06
63486,D'Arrigo Brothers - Phase 4,CA,Monterey,36.616,-121.636,WECC,CISO,0.5,0.8,0.1,0.1,1,2022,3.0,0.0,0.0,0.0,9q92vz,16.06
63486,D'Arrigo Brothers - Phase 4,CA,Monterey,36.616,-121.636,WECC,CISO,0.5,0.8,0.1,0.1,1,2022,4.0,0.0,0.0,0.0,9q92vz,16.06
63486,D'Arrigo Brothers - Phase 4,CA,Monterey,36.616,-121.636,WECC,CISO,0.5,0.8,0.1,0.1,1,2022,5.0,0.0,0.0,0.0,9q92vz,16.06
63486,D'Arrigo Brothers - Phase 4,CA,Monterey,36.616,-121.636,WECC,CISO,0.5,0.8,0.1,0.1,1,2022,6.0,0.0,0.0,0.0,9q92vz,16.06
63486,D'Arrigo Brothers - Phase 4,CA,Monterey,36.616,-121.636,WECC,CISO,0.5,0.8,0.1,0.1,1,2022,7.0,0.0,0.0,0.0,9q92vz,16.06
63486,D'Arrigo Brothers - Phase 4,CA,Monterey,36.616,-121.636,WECC,CISO,0.5,0.8,0.1,0.1,1,2022,8.0,0.0,0.0,0.0,9q92vz,16.06
63486,D'Arrigo Brothers - Phase 4,CA,Monterey,36.616,-121.636,WECC,CISO,0.5,0.8,0.1,0.1,1,2022,9.0,0.0,0.0,0.0,9q92vz,16.06
63486,D'Arrigo Brothers - Phase 4,CA,Monterey,36.616,-121.636,WECC,CISO,0.5,0.8,0.1,0.1,1,2022,10.0,0.0,0.0,0.0,9q92vz,16.06
63486,D'Arrigo Brothers - Phase 4,CA,Monterey,36.616,-121.636,WECC,CISO,0.5,0.8,0.1,0.1,1,2022,11.0,0.0,0.0,0.0,9q92vz,16.06
63486,D'Arrigo Brothers - Phase 4,CA,Monterey,36.616,-121.636,WECC,CISO,0.5,0.8,0.1,0.1,1,2022,12.0,0.0,0.0,0.0,9q92vz,16.06
63510,Walnut Unified School District Walnut HS Hybrid,CA,Los Angeles,34.02188,-117.85051,WECC,CISO,0.5,0.5,0.1,0.1,1,2020,1.0,,,,9qh0rw,22.24
63510,Walnut Unified School District Walnut HS Hybrid,CA,Los Angeles,34.02188,-117.85051,WECC,CISO,0.5,0.5,0.1,0.1,1,2020,2.0,0.0,0.0,0.0,9qh0rw,22.24
63510,Walnut Unified School District Walnut HS Hybrid,CA,Los Angeles,34.02188,-117.85051,WECC,CISO,0.5,0.5,0.1,0.1,1,2020,3.0,0.0,0.0,0.0,9qh0rw,22.24
63510,Walnut Unified School District Walnut HS Hybrid,CA,Los Angeles,34.02188,-117.85051,WECC,CISO,0.5,0.5,0.1,0.1,1,2020,4.0,0.0,0.0,0.0,9qh0rw,22.24
63510,Walnut Unified School District Walnut HS Hybrid,CA,Los Angeles,34.02188,-117.85051,WECC,CISO,0.5,0.5,0.1,0.1,1,2020,5.0,0.0,0.0,0.0,9qh0rw,22.24
63510,Walnut Unified School District Walnut HS Hybrid,CA,Los Angeles,34.02188,-117.85051,WECC,CISO,0.5,0.5,0.1,0.1,1,2020,6.0,0.0,0.0,0.0,9qh0rw,22.24
63510,Walnut Unified School District Walnut HS Hybrid,CA,Los Angeles,34.02188,-117.85051,WECC,CISO,0.5,0.5,0.1,0.1,1,2020,7.0,0.0,0.0,0.0,9qh0rw,22.24
63510,Walnut Unified School District Walnut HS Hybrid,CA,Los Angeles,34.02188,-117.85051,WECC,CISO,0.5,0.5,0.1,0.1,1,2020,8.0,0.0,0.0,0.0,9qh0rw,22.24
63510,Walnut Unified School District Walnut HS Hybrid,CA,Los Angeles,34.02188,-117.85051,WECC,CISO,0.5,0.5,0.1,0.1,1,2020,9.0,0.0,0.0,0.0,9qh0rw,22.24
63510,Walnut Unified School District Walnut HS Hybrid,CA,Los Angeles,34.02188,-117.85051,WECC,CISO,0.5,0.5,0.1,0.1,1,2020,10.0,0.0,0.0,0.0,9qh0rw,22.24
63510,Walnut Unified School District Walnut HS Hybrid,CA,Los Angeles,34.02188,-117.85051,WECC,CISO,0.5,0.5,0.1,0.1,1,2020,11.0,0.0,0.0,0.0,9qh0rw,22.24
63510,Walnut Unified School District Walnut HS Hybrid,CA,Los Angeles,34.02188,-117.85051,WECC,CISO,0.5,0.5,0.1,0.1,1,2020,12.0,0.0,0.0,0.0,9qh0rw,22.24
63510,Walnut Unified School District Walnut HS Hybrid,CA,Los Angeles,34.02188,-117.85051,WECC,CISO,0.5,0.5,0.1,0.1,1,2021,1.0,8.0,5.824,-0.588,9qh0rw,22.24
63510,Walnut Unified School District Walnut HS Hybrid,CA,Los Angeles,34.02188,-117.85051,WECC,CISO,0.5,0.5,0.1,0.1,1,2021,2.0,7.0,6.22,-0.63,9qh0rw,22.24
63510,Walnut Unified School District Walnut HS Hybrid,CA,Los Angeles,34.02188,-117.85051,WECC,CISO,0.5,0.5,0.1,0.1,1,2021,3.0,8.0,6.997,-0.709,9qh0rw,22.24
63510,Walnut Unified School District Walnut HS Hybrid,CA,Los Angeles,34.02188,-117.85051,WECC,CISO,0.5,0.5,0.1,0.1,1,2021,4.0,7.0,6.796,-0.688,9qh0rw,22.24
63510,Walnut Unified School District Walnut HS Hybrid,CA,Los Angeles,34.02188,-117.85051,WECC,CISO,0.5,0.5,0.1,0.1,1,2021,5.0,6.0,5.75,-0.582,9qh0rw,22.24
63510,Walnut Unified School District Walnut HS Hybrid,CA,Los Angeles,34.02188,-117.85051,WECC,CISO,0.5,0.5,0.1,0.1,1,2021,6.0,7.0,6.636,-0.672,9qh0rw,22.24
63510,Walnut Unified School District Walnut HS Hybrid,CA,Los Angeles,34.02188,-117.85051,WECC,CISO,0.5,0.5,0.1,0.1,1,2021,7.0,7.0,6.644,-0.673,9qh0rw,22.24
63510,Walnut Unified School District Walnut HS Hybrid,CA,Los Angeles,34.02188,-117.85051,WECC,CISO,0.5,0.5,0.1,0.1,1,2021,8.0,7.0,6.664,-0.675,9qh0rw,22.24
63510,Walnut Unified School District Walnut HS Hybrid,CA,Los Angeles,34.02188,-117.85051,WECC,CISO,0.5,0.5,0.1,0.1,1,2021,9.0,8.0,7.403,-0.75,9qh0rw,22.24
63510,Walnut Unified School District Walnut HS Hybrid,CA,Los Angeles,34.02188,-117.85051,WECC,CISO,0.5,0.5,0.1,0.1,1,2021,10.0,7.0,6.396,-0.648,9qh0rw,22.24
63510,Walnut Unified School District Walnut HS Hybrid,CA,Los Angeles,34.02188,-117.85051,WECC,CISO,0.5,0.5,0.1,0.1,1,2021,11.0,8.0,6.86,-0.695,9qh0rw,22.24
63510,Walnut Unified School District Walnut HS Hybrid,CA,Los Angeles,34.02188,-117.85051,WECC,CISO,0.5,0.5,0.1,0.1,1,2021,12.0,7.0,6.81,-0.69,9qh0rw,22.24
63510,Walnut Unified School District Walnut HS Hybrid,CA,Los Angeles,34.02188,-117.85051,WECC,CISO,0.5,0.5,0.1,0.1,1,2022,1.0,17.0,14.673,-1.864,9qh0rw,22.24
63510,Walnut Unified School District Walnut HS Hybrid,CA,Los Angeles,34.02188,-117.85051,WECC,CISO,0.5,0.5,0.1,0.1,1,2022,2.0,17.0,15.415,-1.957,9qh0rw,22.24
63510,Walnut Unified School District Walnut HS Hybrid,CA,Los Angeles,34.02188,-117.85051,WECC,CISO,0.5,0.5,0.1,0.1,1,2022,3.0,16.0,14.268,-1.812,9qh0rw,22.24
63510,Walnut Unified School District Walnut HS Hybrid,CA,Los Angeles,34.02188,-117.85051,WECC,CISO,0.5,0.5,0.1,0.1,1,2022,4.0,17.0,14.943,-1.898,9qh0rw,22.24
63510,Walnut Unified School District Walnut HS Hybrid,CA,Los Angeles,34.02188,-117.85051,WECC,CISO,0.5,0.5,0.1,0.1,1,2022,5.0,18.0,15.835,-2.011,9qh0rw,22.24
63510,Walnut Unified School District Walnut HS Hybrid,CA,Los Angeles,34.02188,-117.85051,WECC,CISO,0.5,0.5,0.1,0.1,1,2022,6.0,18.0,15.996,-2.031,9qh0rw,22.24
63510,Walnut Unified School District Walnut HS Hybrid,CA,Los Angeles,34.02188,-117.85051,WECC,CISO,0.5,0.5,0.1,0.1,1,2022,7.0,19.0,16.619,-2.11,9qh0rw,22.24
63510,Walnut Unified School District Walnut HS Hybrid,CA,Los Angeles,34.02188,-117.85051,WECC,CISO,0.5,0.5,0.1,0.1,1,2022,8.0,19.0,17.074,-2.168,9qh0rw,22.24
63510,Walnut Unified School District Walnut HS Hybrid,CA,Los Angeles,34.02188,-117.85051,WECC,CISO,0.5,0.5,0.1,0.1,1,2022,9.0,17.0,15.309,-1.944,9qh0rw,22.24
63510,Walnut Unified School District Walnut HS Hybrid,CA,Los Angeles,34.02188,-117.85051,WECC,CISO,0.5,0.5,0.1,0.1,1,2022,10.0,19.0,17.083,-2.169,9qh0rw,22.24
63510,Walnut Unified School District Walnut HS Hybrid,CA,Los Angeles,34.02188,-117.85051,WECC,CISO,0.5,0.5,0.1,0.1,1,2022,11.0,18.0,15.816,-2.008,9qh0rw,22.24
63510,Walnut Unified School District Walnut HS Hybrid,CA,Los Angeles,34.02188,-117.85051,WECC,CISO,0.5,0.5,0.1,0.1,1,2022,12.0,18.0,15.969,-2.028,9qh0rw,22.24
63609,Allergan,CA,Orange,33.67239,-117.85381,WECC,CISO,1.5,9.0,1.5,1.5,1,2019,,,,,9mupsy,6.02
63609,Allergan,CA,Orange,33.67239,-117.85381,WECC,CISO,1.5,9.0,1.5,1.5,1,2020,1.0,91.0,80.64,-8.908,9mupsy,6.02
63609,Allergan,CA,Orange,33.67239,-117.85381,WECC,CISO,1.5,9.0,1.5,1.5,1,2020,2.0,69.0,62.308,-6.883,9mupsy,6.02
63609,Allergan,CA,Orange,33.67239,-117.85381,WECC,CISO,1.5,9.0,1.5,1.5,1,2020,3.0,106.0,95.609,-10.561,9mupsy,6.02
63609,Allergan,CA,Orange,33.67239,-117.85381,WECC,CISO,1.5,9.0,1.5,1.5,1,2020,4.0,94.0,84.782,-9.365,9mupsy,6.02
63609,Allergan,CA,Orange,33.67239,-117.85381,WECC,CISO,1.5,9.0,1.5,1.5,1,2020,5.0,91.0,82.14,-9.074,9mupsy,6.02
63609,Allergan,CA,Orange,33.67239,-117.85381,WECC,CISO,1.5,9.0,1.5,1.5,1,2020,6.0,81.0,72.949,-8.058,9mupsy,6.02
63609,Allergan,CA,Orange,33.67239,-117.85381,WECC,CISO,1.5,9.0,1.5,1.5,1,2020,7.0,96.0,86.247,-9.527,9mupsy,6.02
63609,Allergan,CA,Orange,33.67239,-117.85381,WECC,CISO,1.5,9.0,1.5,1.5,1,2020,8.0,95.0,85.955,-9.495,9mupsy,6.02
63609,Allergan,CA,Orange,33.67239,-117.85381,WECC,CISO,1.5,9.0,1.5,1.5,1,2020,9.0,103.0,92.925,-10.265,9mupsy,6.02
63609,Allergan,CA,Orange,33.67239,-117.85381,WECC,CISO,1.5,9.0,1.5,1.5,1,2020,10.0,110.0,99.24,-10.963,9mupsy,6.02
63609,Allergan,CA,Orange,33.67239,-117.85381,WECC,CISO,1.5,9.0,1.5,1.5,1,2020,11.0,109.0,97.823,-10.806,9mupsy,6.02
63609,Allergan,CA,Orange,33.67239,-117.85381,WECC,CISO,1.5,9.0,1.5,1.5,1,2020,12.0,101.0,91.382,-10.095,9mupsy,6.02
63609,Allergan,CA,Orange,33.67239,-117.85381,WECC,CISO,1.5,9.0,1.5,1.5,1,2021,,,,,9mupsy,6.02
63609,Allergan,CA,Orange,33.67239,-117.85381,WECC,CISO,1.5,9.0,1.5,1.5,1,2022,,,,,9mupsy,6.02
63610,Baker,CA,Orange,33.656528,-117.68412,WECC,CISO,1.2,6.3,1.2,1.2,1,2019,,,,,9qh0rw,21.51
63610,Baker,CA,Orange,33.656528,-117.68412,WECC,CISO,1.2,6.3,1.2,1.2,1,2020,1.0,92.0,81.967,-9.062,9qh0rw,21.51
63610,Baker,CA,Orange,33.656528,-117.68412,WECC,CISO,1.2,6.3,1.2,1.2,1,2020,2.0,70.0,63.334,-7.004,9qh0rw,21.51
63610,Baker,CA,Orange,33.656528,-117.68412,WECC,CISO,1.2,6.3,1.2,1.2,1,2020,3.0,108.0,97.184,-10.747,9qh0rw,21.51
63610,Baker,CA,Orange,33.656528,-117.68412,WECC,CISO,1.2,6.3,1.2,1.2,1,2020,4.0,96.0,86.179,-9.53,9qh0rw,21.51
63610,Baker,CA,Orange,33.656528,-117.68412,WECC,CISO,1.2,6.3,1.2,1.2,1,2020,5.0,93.0,83.493,-9.233,9qh0rw,21.51
63610,Baker,CA,Orange,33.656528,-117.68412,WECC,CISO,1.2,6.3,1.2,1.2,1,2020,6.0,82.0,74.151,-8.2,9qh0rw,21.51
63610,Baker,CA,Orange,33.656528,-117.68412,WECC,CISO,1.2,6.3,1.2,1.2,1,2020,7.0,97.0,87.668,-9.694,9qh0rw,21.51
63610,Baker,CA,Orange,33.656528,-117.68412,WECC,CISO,1.2,6.3,1.2,1.2,1,2020,8.0,97.0,87.371,-9.662,9qh0rw,21.51
63610,Baker,CA,Orange,33.656528,-117.68412,WECC,CISO,1.2,6.3,1.2,1.2,1,2020,9.0,105.0,94.456,-10.445,9qh0rw,21.51
63610,Baker,CA,Orange,33.656528,-117.68412,WECC,CISO,1.2,6.3,1.2,1.2,1,2020,10.0,112.0,100.875,-11.155,9qh0rw,21.51
63610,Baker,CA,Orange,33.656528,-117.68412,WECC,CISO,1.2,6.3,1.2,1.2,1,2020,11.0,110.0,99.434,-10.996,9qh0rw,21.51
63610,Baker,CA,Orange,33.656528,-117.68412,WECC,CISO,1.2,6.3,1.2,1.2,1,2020,12.0,103.0,92.888,-10.272,9qh0rw,21.51
63610,Baker,CA,Orange,33.656528,-117.68412,WECC,CISO,1.2,6.3,1.2,1.2,1,2021,,,,,9qh0rw,21.51
63610,Baker,CA,Orange,33.656528,-117.68412,WECC,CISO,1.2,6.3,1.2,1.2,1,2022,,,,,9qh0rw,21.51
63611,CSU Long Beach,CA,Los Angeles,33.78383,-118.10796,WECC,CISO,2.5,15.0,2.5,2.5,1,2019,,,,,9q5bwz,12.37
63611,CSU Long Beach,CA,Los Angeles,33.78383,-118.10796,WECC,CISO,2.5,15.0,2.5,2.5,1,2020,1.0,231.0,208.241,-23.208,9q5bwz,12.37
63611,CSU Long Beach,CA,Los Angeles,33.78383,-118.10796,WECC,CISO,2.5,15.0,2.5,2.5,1,2020,2.0,179.0,160.901,-17.932,9q5bwz,12.37
63611,CSU Long Beach,CA,Los Angeles,33.78383,-118.10796,WECC,CISO,2.5,15.0,2.5,2.5,1,2020,3.0,274.0,246.898,-27.515,9q5bwz,12.37
63611,CSU Long Beach,CA,Los Angeles,33.78383,-118.10796,WECC,CISO,2.5,15.0,2.5,2.5,1,2020,4.0,243.0,218.938,-24.399,9q5bwz,12.37
63611,CSU Long Beach,CA,Los Angeles,33.78383,-118.10796,WECC,CISO,2.5,15.0,2.5,2.5,1,2020,5.0,236.0,212.114,-23.639,9q5bwz,12.37
63611,CSU Long Beach,CA,Los Angeles,33.78383,-118.10796,WECC,CISO,2.5,15.0,2.5,2.5,1,2020,6.0,209.0,188.382,-20.994,9q5bwz,12.37
63611,CSU Long Beach,CA,Los Angeles,33.78383,-118.10796,WECC,CISO,2.5,15.0,2.5,2.5,1,2020,7.0,248.0,222.721,-24.821,9q5bwz,12.37
63611,CSU Long Beach,CA,Los Angeles,33.78383,-118.10796,WECC,CISO,2.5,15.0,2.5,2.5,1,2020,8.0,247.0,221.968,-24.737,9q5bwz,12.37
63611,CSU Long Beach,CA,Los Angeles,33.78383,-118.10796,WECC,CISO,2.5,15.0,2.5,2.5,1,2020,9.0,267.0,239.966,-26.743,9q5bwz,12.37
63611,CSU Long Beach,CA,Los Angeles,33.78383,-118.10796,WECC,CISO,2.5,15.0,2.5,2.5,1,2020,10.0,285.0,256.274,-28.56,9q5bwz,12.37
63611,CSU Long Beach,CA,Los Angeles,33.78383,-118.10796,WECC,CISO,2.5,15.0,2.5,2.5,1,2020,11.0,281.0,252.614,-28.153,9q5bwz,12.37
63611,CSU Long Beach,CA,Los Angeles,33.78383,-118.10796,WECC,CISO,2.5,15.0,2.5,2.5,1,2020,12.0,262.0,235.983,-26.299,9q5bwz,12.37
63611,CSU Long Beach,CA,Los Angeles,33.78383,-118.10796,WECC,CISO,2.5,15.0,2.5,2.5,1,2021,,,,,9q5bwz,12.37
63611,CSU Long Beach,CA,Los Angeles,33.78383,-118.10796,WECC,CISO,2.5,15.0,2.5,2.5,1,2022,,,,,9q5bwz,12.37
63612,DATS,CA,Orange,33.70731,-117.89108,WECC,CISO,1.0,6.0,1.0,1.0,1,2019,,,,,9mupsy,2.17
63612,DATS,CA,Orange,33.70731,-117.89108,WECC,CISO,1.0,6.0,1.0,1.0,1,2020,1.0,86.0,77.828,-8.672,9mupsy,2.17
63612,DATS,CA,Orange,33.70731,-117.89108,WECC,CISO,1.0,6.0,1.0,1.0,1,2020,2.0,67.0,60.134,-6.702,9mupsy,2.17
63612,DATS,CA,Orange,33.70731,-117.89108,WECC,CISO,1.0,6.0,1.0,1.0,1,2020,3.0,103.0,92.274,-10.284,9mupsy,2.17
63612,DATS,CA,Orange,33.70731,-117.89108,WECC,CISO,1.0,6.0,1.0,1.0,1,2020,4.0,91.0,81.824,-9.119,9mupsy,2.17
63612,DATS,CA,Orange,33.70731,-117.89108,WECC,CISO,1.0,6.0,1.0,1.0,1,2020,5.0,88.0,79.274,-8.835,9mupsy,2.17
63612,DATS,CA,Orange,33.70731,-117.89108,WECC,CISO,1.0,6.0,1.0,1.0,1,2020,6.0,78.0,70.405,-7.846,9mupsy,2.17
63612,DATS,CA,Orange,33.70731,-117.89108,WECC,CISO,1.0,6.0,1.0,1.0,1,2020,7.0,93.0,83.238,-9.277,9mupsy,2.17
63612,DATS,CA,Orange,33.70731,-117.89108,WECC,CISO,1.0,6.0,1.0,1.0,1,2020,8.0,92.0,82.957,-9.245,9mupsy,2.17
63612,DATS,CA,Orange,33.70731,-117.89108,WECC,CISO,1.0,6.0,1.0,1.0,1,2020,9.0,100.0,89.683,-9.995,9mupsy,2.17
63612,DATS,CA,Orange,33.70731,-117.89108,WECC,CISO,1.0,6.0,1.0,1.0,1,2020,10.0,106.0,95.778,-10.674,9mupsy,2.17
63612,DATS,CA,Orange,33.70731,-117.89108,WECC,CISO,1.0,6.0,1.0,1.0,1,2020,11.0,105.0,94.41,-10.522,9mupsy,2.17
63612,DATS,CA,Orange,33.70731,-117.89108,WECC,CISO,1.0,6.0,1.0,1.0,1,2020,12.0,98.0,88.195,-9.829,9mupsy,2.17
63612,DATS,CA,Orange,33.70731,-117.89108,WECC,CISO,1.0,6.0,1.0,1.0,1,2021,,,,,9mupsy,2.17
63612,DATS,CA,Orange,33.70731,-117.89108,WECC,CISO,1.0,6.0,1.0,1.0,1,2022,,,,,9mupsy,2.17
63613,Downey,CA,Los Angeles,33.919368,-118.128919,WECC,CISO,2.0,13.0,2.0,2.0,1,2019,,,,,9q5bwz,6.14
63613,Downey,CA,Los Angeles,33.919368,-118.128919,WECC,CISO,2.0,13.0,2.0,2.0,1,2020,1.0,82.0,73.842,-8.205,9q5bwz,6.14
63613,Downey,CA,Los Angeles,33.919368,-118.128919,WECC,CISO,2.0,13.0,2.0,2.0,1,2020,2.0,63.0,57.055,-6.339,9q5bwz,6.14
63613,Downey,CA,Los Angeles,33.919368,-118.128919,WECC,CISO,2.0,13.0,2.0,2.0,1,2020,3.0,97.0,87.549,-9.728,9q5bwz,6.14
63613,Downey,CA,Los Angeles,33.919368,-118.128919,WECC,CISO,2.0,13.0,2.0,2.0,1,2020,4.0,86.0,77.635,-8.626,9q5bwz,6.14
63613,Downey,CA,Los Angeles,33.919368,-118.128919,WECC,CISO,2.0,13.0,2.0,2.0,1,2020,5.0,84.0,75.215,-8.357,9q5bwz,6.14
63613,Downey,CA,Los Angeles,33.919368,-118.128919,WECC,CISO,2.0,13.0,2.0,2.0,1,2020,6.0,74.0,66.799,-7.422,9q5bwz,6.14
63613,Downey,CA,Los Angeles,33.919368,-118.128919,WECC,CISO,2.0,13.0,2.0,2.0,1,2020,7.0,88.0,78.976,-8.775,9q5bwz,6.14
63613,Downey,CA,Los Angeles,33.919368,-118.128919,WECC,CISO,2.0,13.0,2.0,2.0,1,2020,8.0,87.0,78.709,-8.745,9q5bwz,6.14
63613,Downey,CA,Los Angeles,33.919368,-118.128919,WECC,CISO,2.0,13.0,2.0,2.0,1,2020,9.0,95.0,85.091,-9.455,9q5bwz,6.14
63613,Downey,CA,Los Angeles,33.919368,-118.128919,WECC,CISO,2.0,13.0,2.0,2.0,1,2020,10.0,101.0,90.874,-10.097,9q5bwz,6.14
63613,Downey,CA,Los Angeles,33.919368,-118.128919,WECC,CISO,2.0,13.0,2.0,2.0,1,2020,11.0,100.0,89.576,-9.953,9q5bwz,6.14
63613,Downey,CA,Los Angeles,33.919368,-118.128919,WECC,CISO,2.0,13.0,2.0,2.0,1,2020,12.0,93.0,83.679,-9.298,9q5bwz,6.14
63613,Downey,CA,Los Angeles,33.919368,-118.128919,WECC,CISO,2.0,13.0,2.0,2.0,1,2021,,,,,9q5bwz,6.14
63613,Downey,CA,Los Angeles,33.919368,-118.128919,WECC,CISO,2.0,13.0,2.0,2.0,1,2022,,,,,9q5bwz,6.14
63614,LAWRP,CA,Orange,33.63778,-117.71377,WECC,CISO,1.0,5.0,1.0,1.0,1,2019,,,,,9mupsy,19.48
63614,LAWRP,CA,Orange,33.63778,-117.71377,WECC,CISO,1.0,5.0,1.0,1.0,1,2020,1.0,80.0,71.574,-7.97,9mupsy,19.48
63614,LAWRP,CA,Orange,33.63778,-117.71377,WECC,CISO,1.0,5.0,1.0,1.0,1,2020,2.0,61.0,55.304,-6.158,9mupsy,19.48
63614,LAWRP,CA,Orange,33.63778,-117.71377,WECC,CISO,1.0,5.0,1.0,1.0,1,2020,3.0,94.0,84.863,-9.45,9mupsy,19.48
63614,LAWRP,CA,Orange,33.63778,-117.71377,WECC,CISO,1.0,5.0,1.0,1.0,1,2020,4.0,84.0,75.252,-8.38,9mupsy,19.48
63614,LAWRP,CA,Orange,33.63778,-117.71377,WECC,CISO,1.0,5.0,1.0,1.0,1,2020,5.0,81.0,72.907,-8.118,9mupsy,19.48
63614,LAWRP,CA,Orange,33.63778,-117.71377,WECC,CISO,1.0,5.0,1.0,1.0,1,2020,6.0,72.0,64.75,-7.21,9mupsy,19.48
63614,LAWRP,CA,Orange,33.63778,-117.71377,WECC,CISO,1.0,5.0,1.0,1.0,1,2020,7.0,85.0,76.553,-8.524,9mupsy,19.48
63614,LAWRP,CA,Orange,33.63778,-117.71377,WECC,CISO,1.0,5.0,1.0,1.0,1,2020,8.0,85.0,76.294,-8.496,9mupsy,19.48
63614,LAWRP,CA,Orange,33.63778,-117.71377,WECC,CISO,1.0,5.0,1.0,1.0,1,2020,9.0,92.0,82.48,-9.184,9mupsy,19.48
63614,LAWRP,CA,Orange,33.63778,-117.71377,WECC,CISO,1.0,5.0,1.0,1.0,1,2020,10.0,98.0,88.085,-9.809,9mupsy,19.48
63614,LAWRP,CA,Orange,33.63778,-117.71377,WECC,CISO,1.0,5.0,1.0,1.0,1,2020,11.0,96.0,86.827,-9.669,9mupsy,19.48
63614,LAWRP,CA,Orange,33.63778,-117.71377,WECC,CISO,1.0,5.0,1.0,1.0,1,2020,12.0,90.0,81.111,-9.032,9mupsy,19.48
63614,LAWRP,CA,Orange,33.63778,-117.71377,WECC,CISO,1.0,5.0,1.0,1.0,1,2021,,,,,9mupsy,19.48
63614,LAWRP,CA,Orange,33.63778,-117.71377,WECC,CISO,1.0,5.0,1.0,1.0,1,2022,,,,,9mupsy,19.48
63615,Long Beach Convention Center,CA,Los Angeles,33.765236,-118.189377,WECC,CISO,1.5,8.6,1.5,1.5,1,2019,,,,,9q5bwz,12.83
63615,Long Beach Convention Center,CA,Los Angeles,33.765236,-118.189377,WECC,CISO,1.5,8.6,1.5,1.5,1,2020,1.0,68.0,60.169,-6.641,9q5bwz,12.83
63615,Long Beach Convention Center,CA,Los Angeles,33.765236,-118.189377,WECC,CISO,1.5,8.6,1.5,1.5,1,2020,2.0,52.0,46.489,-5.132,9q5bwz,12.83
63615,Long Beach Convention Center,CA,Los Angeles,33.765236,-118.189377,WECC,CISO,1.5,8.6,1.5,1.5,1,2020,3.0,79.0,71.336,-7.875,9q5bwz,12.83
63615,Long Beach Convention Center,CA,Los Angeles,33.765236,-118.189377,WECC,CISO,1.5,8.6,1.5,1.5,1,2020,4.0,70.0,63.258,-6.983,9q5bwz,12.83
63615,Long Beach Convention Center,CA,Los Angeles,33.765236,-118.189377,WECC,CISO,1.5,8.6,1.5,1.5,1,2020,5.0,68.0,61.286,-6.765,9q5bwz,12.83
63615,Long Beach Convention Center,CA,Los Angeles,33.765236,-118.189377,WECC,CISO,1.5,8.6,1.5,1.5,1,2020,6.0,60.0,54.429,-6.008,9q5bwz,12.83
63615,Long Beach Convention Center,CA,Los Angeles,33.765236,-118.189377,WECC,CISO,1.5,8.6,1.5,1.5,1,2020,7.0,71.0,64.351,-7.104,9q5bwz,12.83
63615,Long Beach Convention Center,CA,Los Angeles,33.765236,-118.189377,WECC,CISO,1.5,8.6,1.5,1.5,1,2020,8.0,71.0,64.133,-7.08,9q5bwz,12.83
63615,Long Beach Convention Center,CA,Los Angeles,33.765236,-118.189377,WECC,CISO,1.5,8.6,1.5,1.5,1,2020,9.0,77.0,69.333,-7.654,9q5bwz,12.83
63615,Long Beach Convention Center,CA,Los Angeles,33.765236,-118.189377,WECC,CISO,1.5,8.6,1.5,1.5,1,2020,10.0,82.0,74.045,-8.174,9q5bwz,12.83
63615,Long Beach Convention Center,CA,Los Angeles,33.765236,-118.189377,WECC,CISO,1.5,8.6,1.5,1.5,1,2020,11.0,81.0,72.988,-8.057,9q5bwz,12.83
63615,Long Beach Convention Center,CA,Los Angeles,33.765236,-118.189377,WECC,CISO,1.5,8.6,1.5,1.5,1,2020,12.0,76.0,68.183,-7.527,9q5bwz,12.83
63615,Long Beach Convention Center,CA,Los Angeles,33.765236,-118.189377,WECC,CISO,1.5,8.6,1.5,1.5,1,2021,,,,,9q5bwz,12.83
63615,Long Beach Convention Center,CA,Los Angeles,33.765236,-118.189377,WECC,CISO,1.5,8.6,1.5,1.5,1,2022,,,,,9q5bwz,12.83
63616,OCSD,CA,Orange,33.693129,-117.9409,WECC,CISO,4.9,32.6,4.9,4.9,1,2019,,,,,9mupsy,2.78
63616,OCSD,CA,Orange,33.693129,-117.9409,WECC,CISO,4.9,32.6,4.9,4.9,1,2020,1.0,349.0,314.354,-34.85,9mupsy,2.78
63616,OCSD,CA,Orange,33.693129,-117.9409,WECC,CISO,4.9,32.6,4.9,4.9,1,2020,2.0,270.0,242.891,-26.928,9mupsy,2.78
63616,OCSD,CA,Orange,33.693129,-117.9409,WECC,CISO,4.9,32.6,4.9,4.9,1,2020,3.0,414.0,372.71,-41.32,9mupsy,2.78
63616,OCSD,CA,Orange,33.693129,-117.9409,WECC,CISO,4.9,32.6,4.9,4.9,1,2020,4.0,367.0,330.502,-36.64,9mupsy,2.78
63616,OCSD,CA,Orange,33.693129,-117.9409,WECC,CISO,4.9,32.6,4.9,4.9,1,2020,5.0,356.0,320.201,-35.498,9mupsy,2.78
63616,OCSD,CA,Orange,33.693129,-117.9409,WECC,CISO,4.9,32.6,4.9,4.9,1,2020,6.0,316.0,284.375,-31.527,9mupsy,2.78
63616,OCSD,CA,Orange,33.693129,-117.9409,WECC,CISO,4.9,32.6,4.9,4.9,1,2020,7.0,373.0,336.213,-37.273,9mupsy,2.78
63616,OCSD,CA,Orange,33.693129,-117.9409,WECC,CISO,4.9,32.6,4.9,4.9,1,2020,8.0,372.0,335.075,-37.147,9mupsy,2.78
63616,OCSD,CA,Orange,33.693129,-117.9409,WECC,CISO,4.9,32.6,4.9,4.9,1,2020,9.0,402.0,362.245,-40.159,9mupsy,2.78
63616,OCSD,CA,Orange,33.693129,-117.9409,WECC,CISO,4.9,32.6,4.9,4.9,1,2020,10.0,430.0,386.863,-42.889,9mupsy,2.78
63616,OCSD,CA,Orange,33.693129,-117.9409,WECC,CISO,4.9,32.6,4.9,4.9,1,2020,11.0,424.0,381.339,-42.276,9mupsy,2.78
63616,OCSD,CA,Orange,33.693129,-117.9409,WECC,CISO,4.9,32.6,4.9,4.9,1,2020,12.0,396.0,356.232,-39.493,9mupsy,2.78
63616,OCSD,CA,Orange,33.693129,-117.9409,WECC,CISO,4.9,32.6,4.9,4.9,1,2021,,,,,9mupsy,2.78
63616,OCSD,CA,Orange,33.693129,-117.9409,WECC,CISO,4.9,32.6,4.9,4.9,1,2022,,,,,9mupsy,2.78
63617,SOCCD,CA,Orange,33.676445,-117.777312,WECC,CISO,1.3,7.2,1.3,1.3,1,2019,,,,,9mupsy,12.64
63617,SOCCD,CA,Orange,33.676445,-117.777312,WECC,CISO,1.3,7.2,1.3,1.3,1,2020,1.0,57.0,50.009,-5.546,9mupsy,12.64
63617,SOCCD,CA,Orange,33.676445,-117.777312,WECC,CISO,1.3,7.2,1.3,1.3,1,2020,2.0,43.0,38.64,-4.287,9mupsy,12.64
63617,SOCCD,CA,Orange,33.676445,-117.777312,WECC,CISO,1.3,7.2,1.3,1.3,1,2020,3.0,66.0,59.293,-6.578,9mupsy,12.64
63617,SOCCD,CA,Orange,33.676445,-117.777312,WECC,CISO,1.3,7.2,1.3,1.3,1,2020,4.0,58.0,52.578,-5.833,9mupsy,12.64
63617,SOCCD,CA,Orange,33.676445,-117.777312,WECC,CISO,1.3,7.2,1.3,1.3,1,2020,5.0,57.0,50.939,-5.651,9mupsy,12.64
63617,SOCCD,CA,Orange,33.676445,-117.777312,WECC,CISO,1.3,7.2,1.3,1.3,1,2020,6.0,50.0,45.24,-5.019,9mupsy,12.64
63617,SOCCD,CA,Orange,33.676445,-117.777312,WECC,CISO,1.3,7.2,1.3,1.3,1,2020,7.0,59.0,53.487,-5.934,9mupsy,12.64
63617,SOCCD,CA,Orange,33.676445,-117.777312,WECC,CISO,1.3,7.2,1.3,1.3,1,2020,8.0,59.0,53.306,-5.914,9mupsy,12.64
63617,SOCCD,CA,Orange,33.676445,-117.777312,WECC,CISO,1.3,7.2,1.3,1.3,1,2020,9.0,64.0,57.628,-6.393,9mupsy,12.64
63617,SOCCD,CA,Orange,33.676445,-117.777312,WECC,CISO,1.3,7.2,1.3,1.3,1,2020,10.0,68.0,61.544,-6.828,9mupsy,12.64
63617,SOCCD,CA,Orange,33.676445,-117.777312,WECC,CISO,1.3,7.2,1.3,1.3,1,2020,11.0,67.0,60.665,-6.73,9mupsy,12.64
63617,SOCCD,CA,Orange,33.676445,-117.777312,WECC,CISO,1.3,7.2,1.3,1.3,1,2020,12.0,63.0,56.671,-6.287,9mupsy,12.64
63617,SOCCD,CA,Orange,33.676445,-117.777312,WECC,CISO,1.3,7.2,1.3,1.3,1,2021,,,,,9mupsy,12.64
63617,SOCCD,CA,Orange,33.676445,-117.777312,WECC,CISO,1.3,7.2,1.3,1.3,1,2022,,,,,9mupsy,12.64
63685,Luna Storage,CA,Los Angeles,34.68325,-118.3053,WECC,CISO,100.0,400.0,100.0,100.0,1,2022,1.0,,,,9qhh0n,27.46
63685,Luna Storage,CA,Los Angeles,34.68325,-118.3053,WECC,CISO,100.0,400.0,100.0,100.0,1,2022,2.0,,,,9qhh0n,27.46
63685,Luna Storage,CA,Los Angeles,34.68325,-118.3053,WECC,CISO,100.0,400.0,100.0,100.0,1,2022,3.0,,,,9qhh0n,27.46
63685,Luna Storage,CA,Los Angeles,34.68325,-118.3053,WECC,CISO,100.0,400.0,100.0,100.0,1,2022,4.0,,,,9qhh0n,27.46
63685,Luna Storage,CA,Los Angeles,34.68325,-118.3053,WECC,CISO,100.0,400.0,100.0,100.0,1,2022,5.0,,,,9qhh0n,27.46
63685,Luna Storage,CA,Los Angeles,34.68325,-118.3053,WECC,CISO,100.0,400.0,100.0,100.0,1,2022,6.0,,,,9qhh0n,27.46
63685,Luna Storage,CA,Los Angeles,34.68325,-118.3053,WECC,CISO,100.0,400.0,100.0,100.0,1,2022,7.0,,,,9qhh0n,27.46
63685,Luna Storage,CA,Los Angeles,34.68325,-118.3053,WECC,CISO,100.0,400.0,100.0,100.0,1,2022,8.0,9692.0,8387.0,-1305.0,9qhh0n,27.46
63685,Luna Storage,CA,Los Angeles,34.68325,-118.3053,WECC,CISO,100.0,400.0,100.0,100.0,1,2022,9.0,10353.0,8874.0,-1479.0,9qhh0n,27.46
63685,Luna Storage,CA,Los Angeles,34.68325,-118.3053,WECC,CISO,100.0,400.0,100.0,100.0,1,2022,10.0,13289.0,11353.0,-1936.0,9qhh0n,27.46
63685,Luna Storage,CA,Los Angeles,34.68325,-118.3053,WECC,CISO,100.0,400.0,100.0,100.0,1,2022,11.0,13225.0,11398.0,-1827.0,9qhh0n,27.46
63685,Luna Storage,CA,Los Angeles,34.68325,-118.3053,WECC,CISO,100.0,400.0,100.0,100.0,1,2022,12.0,14791.0,13215.0,-1576.0,9qhh0n,27.46
63722,Rawhide Prairie Solar Hybrid,CO,Larimer,40.857978,-105.015561,WECC,PSCO,1.0,2.0,1.0,1.0,1,2021,1.0,,,,9xkgmv,74.57
63722,Rawhide Prairie Solar Hybrid,CO,Larimer,40.857978,-105.015561,WECC,PSCO,1.0,2.0,1.0,1.0,1,2021,2.0,,,,9xkgmv,74.57
63722,Rawhide Prairie Solar Hybrid,CO,Larimer,40.857978,-105.015561,WECC,PSCO,1.0,2.0,1.0,1.0,1,2021,3.0,57.0,50.537,-7.173,9xkgmv,74.57
63722,Rawhide Prairie Solar Hybrid,CO,Larimer,40.857978,-105.015561,WECC,PSCO,1.0,2.0,1.0,1.0,1,2021,4.0,43.0,37.608,-5.337,9xkgmv,74.57
63722,Rawhide Prairie Solar Hybrid,CO,Larimer,40.857978,-105.015561,WECC,PSCO,1.0,2.0,1.0,1.0,1,2021,5.0,48.0,41.65,-5.91,9xkgmv,74.57
63722,Rawhide Prairie Solar Hybrid,CO,Larimer,40.857978,-105.015561,WECC,PSCO,1.0,2.0,1.0,1.0,1,2021,6.0,51.0,44.278,-6.283,9xkgmv,74.57
63722,Rawhide Prairie Solar Hybrid,CO,Larimer,40.857978,-105.015561,WECC,PSCO,1.0,2.0,1.0,1.0,1,2021,7.0,58.0,51.127,-7.255,9xkgmv,74.57
63722,Rawhide Prairie Solar Hybrid,CO,Larimer,40.857978,-105.015561,WECC,PSCO,1.0,2.0,1.0,1.0,1,2021,8.0,55.0,48.347,-6.861,9xkgmv,74.57
63722,Rawhide Prairie Solar Hybrid,CO,Larimer,40.857978,-105.015561,WECC,PSCO,1.0,2.0,1.0,1.0,1,2021,9.0,46.0,40.05,-5.683,9xkgmv,74.57
63722,Rawhide Prairie Solar Hybrid,CO,Larimer,40.857978,-105.015561,WECC,PSCO,1.0,2.0,1.0,1.0,1,2021,10.0,42.0,36.733,-5.213,9xkgmv,74.57
63722,Rawhide Prairie Solar Hybrid,CO,Larimer,40.857978,-105.015561,WECC,PSCO,1.0,2.0,1.0,1.0,1,2021,11.0,59.0,51.522,-7.311,9xkgmv,74.57
63722,Rawhide Prairie Solar Hybrid,CO,Larimer,40.857978,-105.015561,WECC,PSCO,1.0,2.0,1.0,1.0,1,2021,12.0,56.0,49.148,-6.974,9xkgmv,74.57
63722,Rawhide Prairie Solar Hybrid,CO,Larimer,40.857978,-105.015561,WECC,PSCO,1.0,2.0,1.0,1.0,1,2022,1.0,63.0,54.769,-9.67,9xkgmv,74.57
63722,Rawhide Prairie Solar Hybrid,CO,Larimer,40.857978,-105.015561,WECC,PSCO,1.0,2.0,1.0,1.0,1,2022,2.0,64.0,54.245,-9.578,9xkgmv,74.57
63722,Rawhide Prairie Solar Hybrid,CO,Larimer,40.857978,-105.015561,WECC,PSCO,1.0,2.0,1.0,1.0,1,2022,3.0,76.0,64.217,-11.338,9xkgmv,74.57
63722,Rawhide Prairie Solar Hybrid,CO,Larimer,40.857978,-105.015561,WECC,PSCO,1.0,2.0,1.0,1.0,1,2022,4.0,60.0,50.928,-8.992,9xkgmv,74.57
63722,Rawhide Prairie Solar Hybrid,CO,Larimer,40.857978,-105.015561,WECC,PSCO,1.0,2.0,1.0,1.0,1,2022,5.0,53.0,44.992,-7.944,9xkgmv,74.57
63722,Rawhide Prairie Solar Hybrid,CO,Larimer,40.857978,-105.015561,WECC,PSCO,1.0,2.0,1.0,1.0,1,2022,6.0,60.0,51.35,-9.067,9xkgmv,74.57
63722,Rawhide Prairie Solar Hybrid,CO,Larimer,40.857978,-105.015561,WECC,PSCO,1.0,2.0,1.0,1.0,1,2022,7.0,68.0,57.466,-10.146,9xkgmv,74.57
63722,Rawhide Prairie Solar Hybrid,CO,Larimer,40.857978,-105.015561,WECC,PSCO,1.0,2.0,1.0,1.0,1,2022,8.0,60.0,51.113,-9.025,9xkgmv,74.57
63722,Rawhide Prairie Solar Hybrid,CO,Larimer,40.857978,-105.015561,WECC,PSCO,1.0,2.0,1.0,1.0,1,2022,9.0,65.0,54.913,-9.696,9xkgmv,74.57
63722,Rawhide Prairie Solar Hybrid,CO,Larimer,40.857978,-105.015561,WECC,PSCO,1.0,2.0,1.0,1.0,1,2022,10.0,67.0,56.565,-9.987,9xkgmv,74.57
63722,Rawhide Prairie Solar Hybrid,CO,Larimer,40.857978,-105.015561,WECC,PSCO,1.0,2.0,1.0,1.0,1,2022,11.0,58.0,49.43,-8.727,9xkgmv,74.57
63722,Rawhide Prairie Solar Hybrid,CO,Larimer,40.857978,-105.015561,WECC,PSCO,1.0,2.0,1.0,1.0,1,2022,12.0,59.0,50.012,-8.83,9xkgmv,74.57
63727,Slate Hybrid,CA,Kings,36.226955,-119.8948,WECC,CISO,140.3,561.0,140.3,140.3,4,2022,1.0,,,,9q6tde,22.57
63727,Slate Hybrid,CA,Kings,36.226955,-119.8948,WECC,CISO,140.3,561.0,140.3,140.3,4,2022,2.0,2975.0,2378.0,-597.0,9q6tde,22.57
63727,Slate Hybrid,CA,Kings,36.226955,-119.8948,WECC,CISO,140.3,561.0,140.3,140.3,4,2022,3.0,7833.0,6390.0,-1443.0,9q6tde,22.57
63727,Slate Hybrid,CA,Kings,36.226955,-119.8948,WECC,CISO,140.3,561.0,140.3,140.3,4,2022,4.0,0.0,0.0,0.0,9q6tde,22.57
63727,Slate Hybrid,CA,Kings,36.226955,-119.8948,WECC,CISO,140.3,561.0,140.3,140.3,4,2022,5.0,0.0,0.0,0.0,9q6tde,22.57
63727,Slate Hybrid,CA,Kings,36.226955,-119.8948,WECC,CISO,140.3,561.0,140.3,140.3,4,2022,6.0,0.0,0.0,0.0,9q6tde,22.57
63727,Slate Hybrid,CA,Kings,36.226955,-119.8948,WECC,CISO,140.3,561.0,140.3,140.3,4,2022,7.0,0.0,0.0,0.0,9q6tde,22.57
63727,Slate Hybrid,CA,Kings,36.226955,-119.8948,WECC,CISO,140.3,561.0,140.3,140.3,4,2022,8.0,0.0,0.0,0.0,9q6tde,22.57
63727,Slate Hybrid,CA,Kings,36.226955,-119.8948,WECC,CISO,140.3,561.0,140.3,140.3,4,2022,9.0,0.0,0.0,0.0,9q6tde,22.57
63727,Slate Hybrid,CA,Kings,36.226955,-119.8948,WECC,CISO,140.3,561.0,140.3,140.3,4,2022,10.0,0.0,0.0,0.0,9q6tde,22.57
63727,Slate Hybrid,CA,Kings,36.226955,-119.8948,WECC,CISO,140.3,561.0,140.3,140.3,4,2022,11.0,0.0,0.0,0.0,9q6tde,22.57
63727,Slate Hybrid,CA,Kings,36.226955,-119.8948,WECC,CISO,140.3,561.0,140.3,140.3,4,2022,12.0,0.0,0.0,0.0,9q6tde,22.57
63728,Taos Mesa Energy Facility Hybrid,NM,Taos,36.44,-105.62,WECC,PNM,12.0,25.0,12.0,12.0,1,2022,1.0,,,,9we1bp,243.05
63728,Taos Mesa Energy Facility Hybrid,NM,Taos,36.44,-105.62,WECC,PNM,12.0,25.0,12.0,12.0,1,2022,2.0,,,,9we1bp,243.05
63728,Taos Mesa Energy Facility Hybrid,NM,Taos,36.44,-105.62,WECC,PNM,12.0,25.0,12.0,12.0,1,2022,3.0,,,,9we1bp,243.05
63728,Taos Mesa Energy Facility Hybrid,NM,Taos,36.44,-105.62,WECC,PNM,12.0,25.0,12.0,12.0,1,2022,4.0,,,,9we1bp,243.05
63728,Taos Mesa Energy Facility Hybrid,NM,Taos,36.44,-105.62,WECC,PNM,12.0,25.0,12.0,12.0,1,2022,5.0,,,,9we1bp,243.05
63728,Taos Mesa Energy Facility Hybrid,NM,Taos,36.44,-105.62,WECC,PNM,12.0,25.0,12.0,12.0,1,2022,6.0,,,,9we1bp,243.05
63728,Taos Mesa Energy Facility Hybrid,NM,Taos,36.44,-105.62,WECC,PNM,12.0,25.0,12.0,12.0,1,2022,7.0,,,,9we1bp,243.05
63728,Taos Mesa Energy Facility Hybrid,NM,Taos,36.44,-105.62,WECC,PNM,12.0,25.0,12.0,12.0,1,2022,8.0,0.0,0.0,0.0,9we1bp,243.05
63728,Taos Mesa Energy Facility Hybrid,NM,Taos,36.44,-105.62,WECC,PNM,12.0,25.0,12.0,12.0,1,2022,9.0,0.0,0.0,0.0,9we1bp,243.05
63728,Taos Mesa Energy Facility Hybrid,NM,Taos,36.44,-105.62,WECC,PNM,12.0,25.0,12.0,12.0,1,2022,10.0,0.0,0.0,0.0,9we1bp,243.05
63728,Taos Mesa Energy Facility Hybrid,NM,Taos,36.44,-105.62,WECC,PNM,12.0,25.0,12.0,12.0,1,2022,11.0,515.0,463.0,-52.0,9we1bp,243.05
63728,Taos Mesa Energy Facility Hybrid,NM,Taos,36.44,-105.62,WECC,PNM,12.0,25.0,12.0,12.0,1,2022,12.0,752.0,638.0,-114.0,9we1bp,243.05
63735,Silverstrand Grid Energy Storage System,CA,Ventura,34.20774,-119.079813,WECC,CISO,11.0,44.0,11.0,11.0,1,2021,,,,,9q5dy2,48.83
63735,Silverstrand Grid Energy Storage System,CA,Ventura,34.20774,-119.079813,WECC,CISO,11.0,44.0,11.0,11.0,1,2022,,,,,9q5dy2,48.83
63834,Gateway Energy Storage System,CA,San Diego,32.570556,-116.910556,WECC,CISO,250.0,250.0,250.0,250.0,1,2020,1.0,,,,9muccv,14.01
63834,Gateway Energy Storage System,CA,San Diego,32.570556,-116.910556,WECC,CISO,250.0,250.0,250.0,250.0,1,2020,2.0,,,,9muccv,14.01
63834,Gateway Energy Storage System,CA,San Diego,32.570556,-116.910556,WECC,CISO,250.0,250.0,250.0,250.0,1,2020,3.0,,,,9muccv,14.01
63834,Gateway Energy Storage System,CA,San Diego,32.570556,-116.910556,WECC,CISO,250.0,250.0,250.0,250.0,1,2020,4.0,,,,9muccv,14.01
63834,Gateway Energy Storage System,CA,San Diego,32.570556,-116.910556,WECC,CISO,250.0,250.0,250.0,250.0,1,2020,5.0,,,,9muccv,14.01
63834,Gateway Energy Storage System,CA,San Diego,32.570556,-116.910556,WECC,CISO,250.0,250.0,250.0,250.0,1,2020,6.0,,,,9muccv,14.01
63834,Gateway Energy Storage System,CA,San Diego,32.570556,-116.910556,WECC,CISO,250.0,250.0,250.0,250.0,1,2020,7.0,1523.0,1445.0,-78.0,9muccv,14.01
63834,Gateway Energy Storage System,CA,San Diego,32.570556,-116.910556,WECC,CISO,250.0,250.0,250.0,250.0,1,2020,8.0,4118.0,2898.0,-1120.0,9muccv,14.01
63834,Gateway Energy Storage System,CA,San Diego,32.570556,-116.910556,WECC,CISO,250.0,250.0,250.0,250.0,1,2020,9.0,6472.0,5155.0,-1317.0,9muccv,14.01
63834,Gateway Energy Storage System,CA,San Diego,32.570556,-116.910556,WECC,CISO,250.0,250.0,250.0,250.0,1,2020,10.0,3883.0,2685.0,1198.0,9muccv,14.01
63834,Gateway Energy Storage System,CA,San Diego,32.570556,-116.910556,WECC,CISO,250.0,250.0,250.0,250.0,1,2020,11.0,3375.0,2474.0,-901.0,9muccv,14.01
63834,Gateway Energy Storage System,CA,San Diego,32.570556,-116.910556,WECC,CISO,250.0,250.0,250.0,250.0,1,2020,12.0,1699.0,755.0,-944.0,9muccv,14.01
63834,Gateway Energy Storage System,CA,San Diego,32.570556,-116.910556,WECC,CISO,250.0,250.0,250.0,250.0,1,2021,1.0,1598.0,604.0,-994.0,9muccv,14.01
63834,Gateway Energy Storage System,CA,San Diego,32.570556,-116.910556,WECC,CISO,250.0,250.0,250.0,250.0,1,2021,2.0,8083.0,6862.0,-1221.0,9muccv,14.01
63834,Gateway Energy Storage System,CA,San Diego,32.570556,-116.910556,WECC,CISO,250.0,250.0,250.0,250.0,1,2021,3.0,7132.0,5846.0,-1286.0,9muccv,14.01
63834,Gateway Energy Storage System,CA,San Diego,32.570556,-116.910556,WECC,CISO,250.0,250.0,250.0,250.0,1,2021,4.0,6641.0,5499.0,-1142.0,9muccv,14.01
63834,Gateway Energy Storage System,CA,San Diego,32.570556,-116.910556,WECC,CISO,250.0,250.0,250.0,250.0,1,2021,5.0,6489.0,5273.0,-1216.0,9muccv,14.01
63834,Gateway Energy Storage System,CA,San Diego,32.570556,-116.910556,WECC,CISO,250.0,250.0,250.0,250.0,1,2021,6.0,7664.0,6154.0,-1510.0,9muccv,14.01
63834,Gateway Energy Storage System,CA,San Diego,32.570556,-116.910556,WECC,CISO,250.0,250.0,250.0,250.0,1,2021,7.0,8624.0,7082.0,-1542.0,9muccv,14.01
63834,Gateway Energy Storage System,CA,San Diego,32.570556,-116.910556,WECC,CISO,250.0,250.0,250.0,250.0,1,2021,8.0,8961.0,7719.0,-1242.0,9muccv,14.01
63834,Gateway Energy Storage System,CA,San Diego,32.570556,-116.910556,WECC,CISO,250.0,250.0,250.0,250.0,1,2021,9.0,16131.0,14261.0,-1870.0,9muccv,14.01
63834,Gateway Energy Storage System,CA,San Diego,32.570556,-116.910556,WECC,CISO,250.0,250.0,250.0,250.0,1,2021,10.0,14083.0,12306.0,-1777.0,9muccv,14.01
63834,Gateway Energy Storage System,CA,San Diego,32.570556,-116.910556,WECC,CISO,250.0,250.0,250.0,250.0,1,2021,11.0,16256.0,14820.0,-1436.0,9muccv,14.01
63834,Gateway Energy Storage System,CA,San Diego,32.570556,-116.910556,WECC,CISO,250.0,250.0,250.0,250.0,1,2021,12.0,17092.0,15267.0,-1825.0,9muccv,14.01
63834,Gateway Energy Storage System,CA,San Diego,32.570556,-116.910556,WECC,CISO,250.0,250.0,250.0,250.0,1,2022,1.0,15082.0,13058.0,-2024.0,9muccv,14.01
63834,Gateway Energy Storage System,CA,San Diego,32.570556,-116.910556,WECC,CISO,250.0,250.0,250.0,250.0,1,2022,2.0,20199.0,18314.0,-1885.0,9muccv,14.01
63834,Gateway Energy Storage System,CA,San Diego,32.570556,-116.910556,WECC,CISO,250.0,250.0,250.0,250.0,1,2022,3.0,22142.0,19999.0,-2143.0,9muccv,14.01
63834,Gateway Energy Storage System,CA,San Diego,32.570556,-116.910556,WECC,CISO,250.0,250.0,250.0,250.0,1,2022,4.0,21927.0,19700.0,-2227.0,9muccv,14.01
63834,Gateway Energy Storage System,CA,San Diego,32.570556,-116.910556,WECC,CISO,250.0,250.0,250.0,250.0,1,2022,5.0,23268.0,20855.0,-2413.0,9muccv,14.01
63834,Gateway Energy Storage System,CA,San Diego,32.570556,-116.910556,WECC,CISO,250.0,250.0,250.0,250.0,1,2022,6.0,22658.0,20091.0,-2567.0,9muccv,14.01
63834,Gateway Energy Storage System,CA,San Diego,32.570556,-116.910556,WECC,CISO,250.0,250.0,250.0,250.0,1,2022,7.0,21861.0,19496.0,-2365.0,9muccv,14.01
63834,Gateway Energy Storage System,CA,San Diego,32.570556,-116.910556,WECC,CISO,250.0,250.0,250.0,250.0,1,2022,8.0,21645.0,19123.0,-2522.0,9muccv,14.01
63834,Gateway Energy Storage System,CA,San Diego,32.570556,-116.910556,WECC,CISO,250.0,250.0,250.0,250.0,1,2022,9.0,20764.0,18367.0,-2397.0,9muccv,14.01
63834,Gateway Energy Storage System,CA,San Diego,32.570556,-116.910556,WECC,CISO,250.0,250.0,250.0,250.0,1,2022,10.0,22265.0,19396.0,-2869.0,9muccv,14.01
63834,Gateway Energy Storage System,CA,San Diego,32.570556,-116.910556,WECC,CISO,250.0,250.0,250.0,250.0,1,2022,11.0,21543.0,19087.0,-2456.0,9muccv,14.01
63834,Gateway Energy Storage System,CA,San Diego,32.570556,-116.910556,WECC,CISO,250.0,250.0,250.0,250.0,1,2022,12.0,22224.0,20508.0,-1716.0,9muccv,14.01
63843,"Johanna Energy Center, LLC",CA,Orange,33.715016,-117.853984,WECC,CISO,20.0,20.0,20.0,20.0,1,2021,,,,,9mupsy,5.66
63843,"Johanna Energy Center, LLC",CA,Orange,33.715016,-117.853984,WECC,CISO,20.0,20.0,20.0,20.0,1,2022,,,,,9mupsy,5.66
63891,Saticoy,CA,Ventura,34.256691000000004,-119.15726,WECC,CISO,100.0,400.0,100.0,100.0,1,2021,1.0,,,,9q5dy2,55.91
63891,Saticoy,CA,Ventura,34.256691000000004,-119.15726,WECC,CISO,100.0,400.0,100.0,100.0,1,2021,2.0,,,,9q5dy2,55.91
63891,Saticoy,CA,Ventura,34.256691000000004,-119.15726,WECC,CISO,100.0,400.0,100.0,100.0,1,2021,3.0,,,,9q5dy2,55.91
63891,Saticoy,CA,Ventura,34.256691000000004,-119.15726,WECC,CISO,100.0,400.0,100.0,100.0,1,2021,4.0,3317.0,3564.0,-447.0,9q5dy2,55.91
63891,Saticoy,CA,Ventura,34.256691000000004,-119.15726,WECC,CISO,100.0,400.0,100.0,100.0,1,2021,5.0,13069.0,11269.0,-1800.0,9q5dy2,55.91
63891,Saticoy,CA,Ventura,34.256691000000004,-119.15726,WECC,CISO,100.0,400.0,100.0,100.0,1,2021,6.0,14040.0,13067.0,-973.0,9q5dy2,55.91
63891,Saticoy,CA,Ventura,34.256691000000004,-119.15726,WECC,CISO,100.0,400.0,100.0,100.0,1,2021,7.0,14748.0,12943.0,-1805.0,9q5dy2,55.91
63891,Saticoy,CA,Ventura,34.256691000000004,-119.15726,WECC,CISO,100.0,400.0,100.0,100.0,1,2021,8.0,13874.0,11980.0,-1894.0,9q5dy2,55.91
63891,Saticoy,CA,Ventura,34.256691000000004,-119.15726,WECC,CISO,100.0,400.0,100.0,100.0,1,2021,9.0,13166.0,11500.0,-1666.0,9q5dy2,55.91
63891,Saticoy,CA,Ventura,34.256691000000004,-119.15726,WECC,CISO,100.0,400.0,100.0,100.0,1,2021,10.0,12572.0,10850.0,-1722.0,9q5dy2,55.91
63891,Saticoy,CA,Ventura,34.256691000000004,-119.15726,WECC,CISO,100.0,400.0,100.0,100.0,1,2021,11.0,9359.0,8111.0,-1248.0,9q5dy2,55.91
63891,Saticoy,CA,Ventura,34.256691000000004,-119.15726,WECC,CISO,100.0,400.0,100.0,100.0,1,2021,12.0,11228.0,9723.0,-1505.0,9q5dy2,55.91
63891,Saticoy,CA,Ventura,34.256691000000004,-119.15726,WECC,CISO,100.0,400.0,100.0,100.0,1,2022,1.0,13056.0,11462.0,-1594.0,9q5dy2,55.91
63891,Saticoy,CA,Ventura,34.256691000000004,-119.15726,WECC,CISO,100.0,400.0,100.0,100.0,1,2022,2.0,13608.0,11897.0,-1711.0,9q5dy2,55.91
63891,Saticoy,CA,Ventura,34.256691000000004,-119.15726,WECC,CISO,100.0,400.0,100.0,100.0,1,2022,3.0,12221.0,10500.0,-1721.0,9q5dy2,55.91
63891,Saticoy,CA,Ventura,34.256691000000004,-119.15726,WECC,CISO,100.0,400.0,100.0,100.0,1,2022,4.0,11962.0,10411.0,-1551.0,9q5dy2,55.91
63891,Saticoy,CA,Ventura,34.256691000000004,-119.15726,WECC,CISO,100.0,400.0,100.0,100.0,1,2022,5.0,12291.0,10602.0,-1689.0,9q5dy2,55.91
63891,Saticoy,CA,Ventura,34.256691000000004,-119.15726,WECC,CISO,100.0,400.0,100.0,100.0,1,2022,6.0,12804.0,11359.0,-1445.0,9q5dy2,55.91
63891,Saticoy,CA,Ventura,34.256691000000004,-119.15726,WECC,CISO,100.0,400.0,100.0,100.0,1,2022,7.0,9540.0,8314.0,-1226.0,9q5dy2,55.91
63891,Saticoy,CA,Ventura,34.256691000000004,-119.15726,WECC,CISO,100.0,400.0,100.0,100.0,1,2022,8.0,9704.0,8421.0,-1283.0,9q5dy2,55.91
63891,Saticoy,CA,Ventura,34.256691000000004,-119.15726,WECC,CISO,100.0,400.0,100.0,100.0,1,2022,9.0,11997.0,10362.0,-1635.0,9q5dy2,55.91
63891,Saticoy,CA,Ventura,34.256691000000004,-119.15726,WECC,CISO,100.0,400.0,100.0,100.0,1,2022,10.0,12535.0,11177.0,-1358.0,9q5dy2,55.91
63891,Saticoy,CA,Ventura,34.256691000000004,-119.15726,WECC,CISO,100.0,400.0,100.0,100.0,1,2022,11.0,11834.0,10362.0,-1472.0,9q5dy2,55.91
63891,Saticoy,CA,Ventura,34.256691000000004,-119.15726,WECC,CISO,100.0,400.0,100.0,100.0,1,2022,12.0,14246.0,12355.0,-1891.0,9q5dy2,55.91
63913,Dodge Flat,NV,Washoe,40.713024,-119.467217,WECC,NEVP,50.0,200.0,50.0,50.0,1,2022,1.0,,,,9r4bc7,135.41
63913,Dodge Flat,NV,Washoe,40.713024,-119.467217,WECC,NEVP,50.0,200.0,50.0,50.0,1,2022,2.0,,,,9r4bc7,135.41
63913,Dodge Flat,NV,Washoe,40.713024,-119.467217,WECC,NEVP,50.0,200.0,50.0,50.0,1,2022,3.0,1566.0,1451.0,-115.0,9r4bc7,135.41
63913,Dodge Flat,NV,Washoe,40.713024,-119.467217,WECC,NEVP,50.0,200.0,50.0,50.0,1,2022,4.0,4550.0,4270.0,-280.0,9r4bc7,135.41
63913,Dodge Flat,NV,Washoe,40.713024,-119.467217,WECC,NEVP,50.0,200.0,50.0,50.0,1,2022,5.0,5504.0,4901.0,-603.0,9r4bc7,135.41
63913,Dodge Flat,NV,Washoe,40.713024,-119.467217,WECC,NEVP,50.0,200.0,50.0,50.0,1,2022,6.0,5396.0,4914.0,-482.0,9r4bc7,135.41
63913,Dodge Flat,NV,Washoe,40.713024,-119.467217,WECC,NEVP,50.0,200.0,50.0,50.0,1,2022,7.0,5358.0,4796.0,-562.0,9r4bc7,135.41
63913,Dodge Flat,NV,Washoe,40.713024,-119.467217,WECC,NEVP,50.0,200.0,50.0,50.0,1,2022,8.0,4158.0,3735.0,-423.0,9r4bc7,135.41
63913,Dodge Flat,NV,Washoe,40.713024,-119.467217,WECC,NEVP,50.0,200.0,50.0,50.0,1,2022,9.0,4368.0,3940.0,-428.0,9r4bc7,135.41
63913,Dodge Flat,NV,Washoe,40.713024,-119.467217,WECC,NEVP,50.0,200.0,50.0,50.0,1,2022,10.0,6136.0,5582.0,-553.0,9r4bc7,135.41
63913,Dodge Flat,NV,Washoe,40.713024,-119.467217,WECC,NEVP,50.0,200.0,50.0,50.0,1,2022,11.0,6429.0,6361.0,-67.0,9r4bc7,135.41
63913,Dodge Flat,NV,Washoe,40.713024,-119.467217,WECC,NEVP,50.0,200.0,50.0,50.0,1,2022,12.0,5553.0,5308.0,-245.0,9r4bc7,135.41
63930,Cal Flats BESS,CA,Monterey,35.866665,-120.329439,WECC,CISO,60.0,242.0,60.0,60.0,1,2021,1.0,,,,9q6tde,36.01
63930,Cal Flats BESS,CA,Monterey,35.866665,-120.329439,WECC,CISO,60.0,242.0,60.0,60.0,1,2021,2.0,,,,9q6tde,36.01
63930,Cal Flats BESS,CA,Monterey,35.866665,-120.329439,WECC,CISO,60.0,242.0,60.0,60.0,1,2021,3.0,,,,9q6tde,36.01
63930,Cal Flats BESS,CA,Monterey,35.866665,-120.329439,WECC,CISO,60.0,242.0,60.0,60.0,1,2021,4.0,,,,9q6tde,36.01
63930,Cal Flats BESS,CA,Monterey,35.866665,-120.329439,WECC,CISO,60.0,242.0,60.0,60.0,1,2021,5.0,,,,9q6tde,36.01
63930,Cal Flats BESS,CA,Monterey,35.866665,-120.329439,WECC,CISO,60.0,242.0,60.0,60.0,1,2021,6.0,,,,9q6tde,36.01
63930,Cal Flats BESS,CA,Monterey,35.866665,-120.329439,WECC,CISO,60.0,242.0,60.0,60.0,1,2021,7.0,,,,9q6tde,36.01
63930,Cal Flats BESS,CA,Monterey,35.866665,-120.329439,WECC,CISO,60.0,242.0,60.0,60.0,1,2021,8.0,,,,9q6tde,36.01
63930,Cal Flats BESS,CA,Monterey,35.866665,-120.329439,WECC,CISO,60.0,242.0,60.0,60.0,1,2021,9.0,,,,9q6tde,36.01
63930,Cal Flats BESS,CA,Monterey,35.866665,-120.329439,WECC,CISO,60.0,242.0,60.0,60.0,1,2021,10.0,,,,9q6tde,36.01
63930,Cal Flats BESS,CA,Monterey,35.866665,-120.329439,WECC,CISO,60.0,242.0,60.0,60.0,1,2021,11.0,2079.0,1733.0,-346.0,9q6tde,36.01
63930,Cal Flats BESS,CA,Monterey,35.866665,-120.329439,WECC,CISO,60.0,242.0,60.0,60.0,1,2021,12.0,582.0,4604.0,4022.0,9q6tde,36.01
63930,Cal Flats BESS,CA,Monterey,35.866665,-120.329439,WECC,CISO,60.0,242.0,60.0,60.0,1,2022,1.0,980.0,5204.0,4224.0,9q6tde,36.01
63930,Cal Flats BESS,CA,Monterey,35.866665,-120.329439,WECC,CISO,60.0,242.0,60.0,60.0,1,2022,2.0,5484.0,4738.0,-746.0,9q6tde,36.01
63930,Cal Flats BESS,CA,Monterey,35.866665,-120.329439,WECC,CISO,60.0,242.0,60.0,60.0,1,2022,3.0,5226.0,4442.0,-784.0,9q6tde,36.01
63930,Cal Flats BESS,CA,Monterey,35.866665,-120.329439,WECC,CISO,60.0,242.0,60.0,60.0,1,2022,4.0,6504.0,5315.0,-1189.0,9q6tde,36.01
63930,Cal Flats BESS,CA,Monterey,35.866665,-120.329439,WECC,CISO,60.0,242.0,60.0,60.0,1,2022,5.0,8000.0,6803.0,-1197.0,9q6tde,36.01
63930,Cal Flats BESS,CA,Monterey,35.866665,-120.329439,WECC,CISO,60.0,242.0,60.0,60.0,1,2022,6.0,7701.0,6647.0,-1054.0,9q6tde,36.01
63930,Cal Flats BESS,CA,Monterey,35.866665,-120.329439,WECC,CISO,60.0,242.0,60.0,60.0,1,2022,7.0,7630.0,6695.0,-935.0,9q6tde,36.01
63930,Cal Flats BESS,CA,Monterey,35.866665,-120.329439,WECC,CISO,60.0,242.0,60.0,60.0,1,2022,8.0,7869.0,6576.0,-1293.0,9q6tde,36.01
63930,Cal Flats BESS,CA,Monterey,35.866665,-120.329439,WECC,CISO,60.0,242.0,60.0,60.0,1,2022,9.0,6882.0,5959.0,-924.0,9q6tde,36.01
63930,Cal Flats BESS,CA,Monterey,35.866665,-120.329439,WECC,CISO,60.0,242.0,60.0,60.0,1,2022,10.0,6550.0,5650.0,-900.0,9q6tde,36.01
63930,Cal Flats BESS,CA,Monterey,35.866665,-120.329439,WECC,CISO,60.0,242.0,60.0,60.0,1,2022,11.0,6058.0,5227.0,-831.0,9q6tde,36.01
63930,Cal Flats BESS,CA,Monterey,35.866665,-120.329439,WECC,CISO,60.0,242.0,60.0,60.0,1,2022,12.0,3384.0,2719.0,-665.0,9q6tde,36.01
63943,Coso Battery Storage,CA,Inyo,36.006945,-117.810636,WECC,CISO,60.0,240.0,60.0,60.0,1,2022,1.0,,,,9q5zqv,111.23
63943,Coso Battery Storage,CA,Inyo,36.006945,-117.810636,WECC,CISO,60.0,240.0,60.0,60.0,1,2022,2.0,,,,9q5zqv,111.23
63943,Coso Battery Storage,CA,Inyo,36.006945,-117.810636,WECC,CISO,60.0,240.0,60.0,60.0,1,2022,3.0,,,,9q5zqv,111.23
63943,Coso Battery Storage,CA,Inyo,36.006945,-117.810636,WECC,CISO,60.0,240.0,60.0,60.0,1,2022,4.0,7674.0,6322.0,-1352.0,9q5zqv,111.23
63943,Coso Battery Storage,CA,Inyo,36.006945,-117.810636,WECC,CISO,60.0,240.0,60.0,60.0,1,2022,5.0,6099.0,5177.0,-922.0,9q5zqv,111.23
63943,Coso Battery Storage,CA,Inyo,36.006945,-117.810636,WECC,CISO,60.0,240.0,60.0,60.0,1,2022,6.0,6586.0,5585.0,-1001.0,9q5zqv,111.23
63943,Coso Battery Storage,CA,Inyo,36.006945,-117.810636,WECC,CISO,60.0,240.0,60.0,60.0,1,2022,7.0,6180.0,5179.0,-1001.0,9q5zqv,111.23
63943,Coso Battery Storage,CA,Inyo,36.006945,-117.810636,WECC,CISO,60.0,240.0,60.0,60.0,1,2022,8.0,6408.0,5556.0,-852.0,9q5zqv,111.23
63943,Coso Battery Storage,CA,Inyo,36.006945,-117.810636,WECC,CISO,60.0,240.0,60.0,60.0,1,2022,9.0,6668.0,5663.0,-1006.0,9q5zqv,111.23
63943,Coso Battery Storage,CA,Inyo,36.006945,-117.810636,WECC,CISO,60.0,240.0,60.0,60.0,1,2022,10.0,7850.0,6975.0,-875.0,9q5zqv,111.23
63943,Coso Battery Storage,CA,Inyo,36.006945,-117.810636,WECC,CISO,60.0,240.0,60.0,60.0,1,2022,11.0,8053.0,7088.0,-965.0,9q5zqv,111.23
63943,Coso Battery Storage,CA,Inyo,36.006945,-117.810636,WECC,CISO,60.0,240.0,60.0,60.0,1,2022,12.0,8879.0,7723.0,-1156.0,9q5zqv,111.23
64103,Desert Harvest II LLC,CA,Riverside,33.8,-115.38,WECC,CISO,35.0,140.0,35.0,35.0,1,2021,1.0,0.0,0.0,0.0,9mvgw4,92.24
64103,Desert Harvest II LLC,CA,Riverside,33.8,-115.38,WECC,CISO,35.0,140.0,35.0,35.0,1,2021,2.0,0.0,0.0,0.0,9mvgw4,92.24
64103,Desert Harvest II LLC,CA,Riverside,33.8,-115.38,WECC,CISO,35.0,140.0,35.0,35.0,1,2021,3.0,686.0,490.0,-196.0,9mvgw4,92.24
64103,Desert Harvest II LLC,CA,Riverside,33.8,-115.38,WECC,CISO,35.0,140.0,35.0,35.0,1,2021,4.0,382.0,76.0,-306.0,9mvgw4,92.24
64103,Desert Harvest II LLC,CA,Riverside,33.8,-115.38,WECC,CISO,35.0,140.0,35.0,35.0,1,2021,5.0,701.0,638.0,-63.0,9mvgw4,92.24
64103,Desert Harvest II LLC,CA,Riverside,33.8,-115.38,WECC,CISO,35.0,140.0,35.0,35.0,1,2021,6.0,1014.0,732.0,-282.0,9mvgw4,92.24
64103,Desert Harvest II LLC,CA,Riverside,33.8,-115.38,WECC,CISO,35.0,140.0,35.0,35.0,1,2021,7.0,2127.0,1612.0,-515.0,9mvgw4,92.24
64103,Desert Harvest II LLC,CA,Riverside,33.8,-115.38,WECC,CISO,35.0,140.0,35.0,35.0,1,2021,8.0,2044.0,1668.0,-376.0,9mvgw4,92.24
64103,Desert Harvest II LLC,CA,Riverside,33.8,-115.38,WECC,CISO,35.0,140.0,35.0,35.0,1,2021,9.0,2890.0,2331.0,-559.0,9mvgw4,92.24
64103,Desert Harvest II LLC,CA,Riverside,33.8,-115.38,WECC,CISO,35.0,140.0,35.0,35.0,1,2021,10.0,2415.0,1841.0,574.0,9mvgw4,92.24
64103,Desert Harvest II LLC,CA,Riverside,33.8,-115.38,WECC,CISO,35.0,140.0,35.0,35.0,1,2021,11.0,3075.0,2524.0,-551.0,9mvgw4,92.24
64103,Desert Harvest II LLC,CA,Riverside,33.8,-115.38,WECC,CISO,35.0,140.0,35.0,35.0,1,2021,12.0,2759.0,2188.0,-571.0,9mvgw4,92.24
64103,Desert Harvest II LLC,CA,Riverside,33.8,-115.38,WECC,CISO,35.0,140.0,35.0,35.0,1,2022,1.0,2919.0,2348.0,-572.0,9mvgw4,92.24
64103,Desert Harvest II LLC,CA,Riverside,33.8,-115.38,WECC,CISO,35.0,140.0,35.0,35.0,1,2022,2.0,3222.0,2560.0,-662.0,9mvgw4,92.24
64103,Desert Harvest II LLC,CA,Riverside,33.8,-115.38,WECC,CISO,35.0,140.0,35.0,35.0,1,2022,3.0,3973.0,3360.0,-613.0,9mvgw4,92.24
64103,Desert Harvest II LLC,CA,Riverside,33.8,-115.38,WECC,CISO,35.0,140.0,35.0,35.0,1,2022,4.0,3932.0,3169.0,-763.0,9mvgw4,92.24
64103,Desert Harvest II LLC,CA,Riverside,33.8,-115.38,WECC,CISO,35.0,140.0,35.0,35.0,1,2022,5.0,3360.0,2657.0,-703.0,9mvgw4,92.24
64103,Desert Harvest II LLC,CA,Riverside,33.8,-115.38,WECC,CISO,35.0,140.0,35.0,35.0,1,2022,6.0,2750.0,1930.0,-820.0,9mvgw4,92.24
64103,Desert Harvest II LLC,CA,Riverside,33.8,-115.38,WECC,CISO,35.0,140.0,35.0,35.0,1,2022,7.0,2458.0,2170.0,-288.0,9mvgw4,92.24
64103,Desert Harvest II LLC,CA,Riverside,33.8,-115.38,WECC,CISO,35.0,140.0,35.0,35.0,1,2022,8.0,2198.0,2008.0,-190.0,9mvgw4,92.24
64103,Desert Harvest II LLC,CA,Riverside,33.8,-115.38,WECC,CISO,35.0,140.0,35.0,35.0,1,2022,9.0,2675.0,2526.0,-149.0,9mvgw4,92.24
64103,Desert Harvest II LLC,CA,Riverside,33.8,-115.38,WECC,CISO,35.0,140.0,35.0,35.0,1,2022,10.0,3327.0,2941.0,-386.0,9mvgw4,92.24
64103,Desert Harvest II LLC,CA,Riverside,33.8,-115.38,WECC,CISO,35.0,140.0,35.0,35.0,1,2022,11.0,3623.0,3079.0,-544.0,9mvgw4,92.24
64103,Desert Harvest II LLC,CA,Riverside,33.8,-115.38,WECC,CISO,35.0,140.0,35.0,35.0,1,2022,12.0,2784.0,2433.0,-351.0,9mvgw4,92.24
64105,"Maverick Solar 6, LLC",CA,Riverside,33.7,-115.38,WECC,CISO,50.0,200.0,50.0,50.0,1,2022,1.0,,,,9mvgw4,81.11
64105,"Maverick Solar 6, LLC",CA,Riverside,33.7,-115.38,WECC,CISO,50.0,200.0,50.0,50.0,1,2022,2.0,,,,9mvgw4,81.11
64105,"Maverick Solar 6, LLC",CA,Riverside,33.7,-115.38,WECC,CISO,50.0,200.0,50.0,50.0,1,2022,3.0,,,,9mvgw4,81.11
64105,"Maverick Solar 6, LLC",CA,Riverside,33.7,-115.38,WECC,CISO,50.0,200.0,50.0,50.0,1,2022,4.0,,,,9mvgw4,81.11
64105,"Maverick Solar 6, LLC",CA,Riverside,33.7,-115.38,WECC,CISO,50.0,200.0,50.0,50.0,1,2022,5.0,,,,9mvgw4,81.11
64105,"Maverick Solar 6, LLC",CA,Riverside,33.7,-115.38,WECC,CISO,50.0,200.0,50.0,50.0,1,2022,6.0,2621.0,2342.0,-279.0,9mvgw4,81.11
64105,"Maverick Solar 6, LLC",CA,Riverside,33.7,-115.38,WECC,CISO,50.0,200.0,50.0,50.0,1,2022,7.0,4925.0,4152.0,-773.0,9mvgw4,81.11
64105,"Maverick Solar 6, LLC",CA,Riverside,33.7,-115.38,WECC,CISO,50.0,200.0,50.0,50.0,1,2022,8.0,0.0,0.0,0.0,9mvgw4,81.11
64105,"Maverick Solar 6, LLC",CA,Riverside,33.7,-115.38,WECC,CISO,50.0,200.0,50.0,50.0,1,2022,9.0,3822.0,3276.0,-546.0,9mvgw4,81.11
64105,"Maverick Solar 6, LLC",CA,Riverside,33.7,-115.38,WECC,CISO,50.0,200.0,50.0,50.0,1,2022,10.0,5263.0,4739.0,-524.0,9mvgw4,81.11
64105,"Maverick Solar 6, LLC",CA,Riverside,33.7,-115.38,WECC,CISO,50.0,200.0,50.0,50.0,1,2022,11.0,5461.0,4871.0,-590.0,9mvgw4,81.11
64105,"Maverick Solar 6, LLC",CA,Riverside,33.7,-115.38,WECC,CISO,50.0,200.0,50.0,50.0,1,2022,12.0,3032.0,2346.0,-685.0,9mvgw4,81.11
64148,Fish Springs,NV,Washoe,40.074741,-119.974166,WECC,NEVP,25.0,100.0,25.0,25.0,1,2022,1.0,,,,9r4bc7,62.32
64148,Fish Springs,NV,Washoe,40.074741,-119.974166,WECC,NEVP,25.0,100.0,25.0,25.0,1,2022,2.0,,,,9r4bc7,62.32
64148,Fish Springs,NV,Washoe,40.074741,-119.974166,WECC,NEVP,25.0,100.0,25.0,25.0,1,2022,3.0,506.0,494.0,-12.0,9r4bc7,62.32
64148,Fish Springs,NV,Washoe,40.074741,-119.974166,WECC,NEVP,25.0,100.0,25.0,25.0,1,2022,4.0,1798.0,1717.0,-81.0,9r4bc7,62.32
64148,Fish Springs,NV,Washoe,40.074741,-119.974166,WECC,NEVP,25.0,100.0,25.0,25.0,1,2022,5.0,2087.0,1899.0,-188.0,9r4bc7,62.32
64148,Fish Springs,NV,Washoe,40.074741,-119.974166,WECC,NEVP,25.0,100.0,25.0,25.0,1,2022,6.0,2356.0,2117.0,-239.0,9r4bc7,62.32
64148,Fish Springs,NV,Washoe,40.074741,-119.974166,WECC,NEVP,25.0,100.0,25.0,25.0,1,2022,7.0,2639.0,2350.0,-289.0,9r4bc7,62.32
64148,Fish Springs,NV,Washoe,40.074741,-119.974166,WECC,NEVP,25.0,100.0,25.0,25.0,1,2022,8.0,2294.0,2045.0,-249.0,9r4bc7,62.32
64148,Fish Springs,NV,Washoe,40.074741,-119.974166,WECC,NEVP,25.0,100.0,25.0,25.0,1,2022,9.0,2454.0,2219.0,-234.0,9r4bc7,62.32
64148,Fish Springs,NV,Washoe,40.074741,-119.974166,WECC,NEVP,25.0,100.0,25.0,25.0,1,2022,10.0,6136.0,5582.0,-553.0,9r4bc7,62.32
64148,Fish Springs,NV,Washoe,40.074741,-119.974166,WECC,NEVP,25.0,100.0,25.0,25.0,1,2022,11.0,3070.0,2774.0,-296.0,9r4bc7,62.32
64148,Fish Springs,NV,Washoe,40.074741,-119.974166,WECC,NEVP,25.0,100.0,25.0,25.0,1,2022,12.0,2288.0,2137.0,-151.0,9r4bc7,62.32
64198,"Horn Rapids Solar, Storage and Training",WA,Benton,46.3529,-119.3222,WECC,BPAT,1.0,4.0,1.0,1.0,1,2020,1.0,,,,c26crp,40.14
64198,"Horn Rapids Solar, Storage and Training",WA,Benton,46.3529,-119.3222,WECC,BPAT,1.0,4.0,1.0,1.0,1,2020,2.0,,,,c26crp,40.14
64198,"Horn Rapids Solar, Storage and Training",WA,Benton,46.3529,-119.3222,WECC,BPAT,1.0,4.0,1.0,1.0,1,2020,3.0,,,,c26crp,40.14
64198,"Horn Rapids Solar, Storage and Training",WA,Benton,46.3529,-119.3222,WECC,BPAT,1.0,4.0,1.0,1.0,1,2020,4.0,,,,c26crp,40.14
64198,"Horn Rapids Solar, Storage and Training",WA,Benton,46.3529,-119.3222,WECC,BPAT,1.0,4.0,1.0,1.0,1,2020,5.0,,,,c26crp,40.14
64198,"Horn Rapids Solar, Storage and Training",WA,Benton,46.3529,-119.3222,WECC,BPAT,1.0,4.0,1.0,1.0,1,2020,6.0,,,,c26crp,40.14
64198,"Horn Rapids Solar, Storage and Training",WA,Benton,46.3529,-119.3222,WECC,BPAT,1.0,4.0,1.0,1.0,1,2020,7.0,,,,c26crp,40.14
64198,"Horn Rapids Solar, Storage and Training",WA,Benton,46.3529,-119.3222,WECC,BPAT,1.0,4.0,1.0,1.0,1,2020,8.0,,,,c26crp,40.14
64198,"Horn Rapids Solar, Storage and Training",WA,Benton,46.3529,-119.3222,WECC,BPAT,1.0,4.0,1.0,1.0,1,2020,9.0,,,,c26crp,40.14
64198,"Horn Rapids Solar, Storage and Training",WA,Benton,46.3529,-119.3222,WECC,BPAT,1.0,4.0,1.0,1.0,1,2020,10.0,,,,c26crp,40.14
64198,"Horn Rapids Solar, Storage and Training",WA,Benton,46.3529,-119.3222,WECC,BPAT,1.0,4.0,1.0,1.0,1,2020,11.0,,,,c26crp,40.14
64198,"Horn Rapids Solar, Storage and Training",WA,Benton,46.3529,-119.3222,WECC,BPAT,1.0,4.0,1.0,1.0,1,2020,12.0,36.0,23.0,-13.0,c26crp,40.14
64198,"Horn Rapids Solar, Storage and Training",WA,Benton,46.3529,-119.3222,WECC,BPAT,1.0,4.0,1.0,1.0,1,2021,1.0,45.0,34.427,-11.856,c26crp,40.14
64198,"Horn Rapids Solar, Storage and Training",WA,Benton,46.3529,-119.3222,WECC,BPAT,1.0,4.0,1.0,1.0,1,2021,2.0,49.0,36.385,-12.53,c26crp,40.14
64198,"Horn Rapids Solar, Storage and Training",WA,Benton,46.3529,-119.3222,WECC,BPAT,1.0,4.0,1.0,1.0,1,2021,3.0,55.0,40.727,-14.025,c26crp,40.14
64198,"Horn Rapids Solar, Storage and Training",WA,Benton,46.3529,-119.3222,WECC,BPAT,1.0,4.0,1.0,1.0,1,2021,4.0,53.0,39.555,-13.622,c26crp,40.14
64198,"Horn Rapids Solar, Storage and Training",WA,Benton,46.3529,-119.3222,WECC,BPAT,1.0,4.0,1.0,1.0,1,2021,5.0,45.0,33.349,-11.484,c26crp,40.14
64198,"Horn Rapids Solar, Storage and Training",WA,Benton,46.3529,-119.3222,WECC,BPAT,1.0,4.0,1.0,1.0,1,2021,6.0,51.0,37.575,-12.94,c26crp,40.14
64198,"Horn Rapids Solar, Storage and Training",WA,Benton,46.3529,-119.3222,WECC,BPAT,1.0,4.0,1.0,1.0,1,2021,7.0,52.0,38.323,-13.197,c26crp,40.14
64198,"Horn Rapids Solar, Storage and Training",WA,Benton,46.3529,-119.3222,WECC,BPAT,1.0,4.0,1.0,1.0,1,2021,8.0,50.0,37.356,-12.864,c26crp,40.14
64198,"Horn Rapids Solar, Storage and Training",WA,Benton,46.3529,-119.3222,WECC,BPAT,1.0,4.0,1.0,1.0,1,2021,9.0,56.0,41.936,-14.442,c26crp,40.14
64198,"Horn Rapids Solar, Storage and Training",WA,Benton,46.3529,-119.3222,WECC,BPAT,1.0,4.0,1.0,1.0,1,2021,10.0,49.0,36.336,-12.513,c26crp,40.14
64198,"Horn Rapids Solar, Storage and Training",WA,Benton,46.3529,-119.3222,WECC,BPAT,1.0,4.0,1.0,1.0,1,2021,11.0,51.0,37.848,-13.034,c26crp,40.14
64198,"Horn Rapids Solar, Storage and Training",WA,Benton,46.3529,-119.3222,WECC,BPAT,1.0,4.0,1.0,1.0,1,2021,12.0,53.0,39.183,-13.493,c26crp,40.14
64198,"Horn Rapids Solar, Storage and Training",WA,Benton,46.3529,-119.3222,WECC,BPAT,1.0,4.0,1.0,1.0,1,2022,1.0,89.0,69.913,-18.371,c26crp,40.14
64198,"Horn Rapids Solar, Storage and Training",WA,Benton,46.3529,-119.3222,WECC,BPAT,1.0,4.0,1.0,1.0,1,2022,2.0,93.0,73.711,-19.367,c26crp,40.14
64198,"Horn Rapids Solar, Storage and Training",WA,Benton,46.3529,-119.3222,WECC,BPAT,1.0,4.0,1.0,1.0,1,2022,3.0,86.0,68.331,-17.954,c26crp,40.14
64198,"Horn Rapids Solar, Storage and Training",WA,Benton,46.3529,-119.3222,WECC,BPAT,1.0,4.0,1.0,1.0,1,2022,4.0,90.0,71.51,-18.789,c26crp,40.14
64198,"Horn Rapids Solar, Storage and Training",WA,Benton,46.3529,-119.3222,WECC,BPAT,1.0,4.0,1.0,1.0,1,2022,5.0,95.0,75.539,-19.848,c26crp,40.14
64198,"Horn Rapids Solar, Storage and Training",WA,Benton,46.3529,-119.3222,WECC,BPAT,1.0,4.0,1.0,1.0,1,2022,6.0,97.0,76.536,-20.11,c26crp,40.14
64198,"Horn Rapids Solar, Storage and Training",WA,Benton,46.3529,-119.3222,WECC,BPAT,1.0,4.0,1.0,1.0,1,2022,7.0,99.0,78.449,-20.612,c26crp,40.14
64198,"Horn Rapids Solar, Storage and Training",WA,Benton,46.3529,-119.3222,WECC,BPAT,1.0,4.0,1.0,1.0,1,2022,8.0,103.0,81.602,-21.441,c26crp,40.14
64198,"Horn Rapids Solar, Storage and Training",WA,Benton,46.3529,-119.3222,WECC,BPAT,1.0,4.0,1.0,1.0,1,2022,9.0,93.0,73.334,-19.268,c26crp,40.14
64198,"Horn Rapids Solar, Storage and Training",WA,Benton,46.3529,-119.3222,WECC,BPAT,1.0,4.0,1.0,1.0,1,2022,10.0,103.0,81.468,-21.406,c26crp,40.14
64198,"Horn Rapids Solar, Storage and Training",WA,Benton,46.3529,-119.3222,WECC,BPAT,1.0,4.0,1.0,1.0,1,2022,11.0,95.0,75.453,-19.825,c26crp,40.14
64198,"Horn Rapids Solar, Storage and Training",WA,Benton,46.3529,-119.3222,WECC,BPAT,1.0,4.0,1.0,1.0,1,2022,12.0,96.0,76.154,-20.009,c26crp,40.14
64426,Wilmot Energy Center LLC,AZ,Pima,32.043502,-110.892676,WECC,TEPC,30.0,60.0,30.0,30.0,1,2021,1.0,,,,9w01f3,265.38
64426,Wilmot Energy Center LLC,AZ,Pima,32.043502,-110.892676,WECC,TEPC,30.0,60.0,30.0,30.0,1,2021,2.0,,,,9w01f3,265.38
64426,Wilmot Energy Center LLC,AZ,Pima,32.043502,-110.892676,WECC,TEPC,30.0,60.0,30.0,30.0,1,2021,3.0,,,,9w01f3,265.38
64426,Wilmot Energy Center LLC,AZ,Pima,32.043502,-110.892676,WECC,TEPC,30.0,60.0,30.0,30.0,1,2021,4.0,0.0,0.0,0.0,9w01f3,265.38
64426,Wilmot Energy Center LLC,AZ,Pima,32.043502,-110.892676,WECC,TEPC,30.0,60.0,30.0,30.0,1,2021,5.0,400.0,258.0,-142.0,9w01f3,265.38
64426,Wilmot Energy Center LLC,AZ,Pima,32.043502,-110.892676,WECC,TEPC,30.0,60.0,30.0,30.0,1,2021,6.0,325.0,143.0,-182.0,9w01f3,265.38
64426,Wilmot Energy Center LLC,AZ,Pima,32.043502,-110.892676,WECC,TEPC,30.0,60.0,30.0,30.0,1,2021,7.0,343.0,170.0,-173.0,9w01f3,265.38
64426,Wilmot Energy Center LLC,AZ,Pima,32.043502,-110.892676,WECC,TEPC,30.0,60.0,30.0,30.0,1,2021,8.0,1315.0,764.0,-551.0,9w01f3,265.38
64426,Wilmot Energy Center LLC,AZ,Pima,32.043502,-110.892676,WECC,TEPC,30.0,60.0,30.0,30.0,1,2021,9.0,1877.0,1665.0,-212.0,9w01f3,265.38
64426,Wilmot Energy Center LLC,AZ,Pima,32.043502,-110.892676,WECC,TEPC,30.0,60.0,30.0,30.0,1,2021,10.0,1299.0,1061.0,-238.0,9w01f3,265.38
64426,Wilmot Energy Center LLC,AZ,Pima,32.043502,-110.892676,WECC,TEPC,30.0,60.0,30.0,30.0,1,2021,11.0,1798.0,1562.0,-236.0,9w01f3,265.38
64426,Wilmot Energy Center LLC,AZ,Pima,32.043502,-110.892676,WECC,TEPC,30.0,60.0,30.0,30.0,1,2021,12.0,1805.0,1559.0,-246.0,9w01f3,265.38
64426,Wilmot Energy Center LLC,AZ,Pima,32.043502,-110.892676,WECC,TEPC,30.0,60.0,30.0,30.0,1,2022,1.0,0.0,0.0,0.0,9w01f3,265.38
64426,Wilmot Energy Center LLC,AZ,Pima,32.043502,-110.892676,WECC,TEPC,30.0,60.0,30.0,30.0,1,2022,2.0,1859.0,1703.0,-156.0,9w01f3,265.38
64426,Wilmot Energy Center LLC,AZ,Pima,32.043502,-110.892676,WECC,TEPC,30.0,60.0,30.0,30.0,1,2022,3.0,1814.0,1539.0,-275.0,9w01f3,265.38
64426,Wilmot Energy Center LLC,AZ,Pima,32.043502,-110.892676,WECC,TEPC,30.0,60.0,30.0,30.0,1,2022,4.0,2198.0,1907.0,-291.0,9w01f3,265.38
64426,Wilmot Energy Center LLC,AZ,Pima,32.043502,-110.892676,WECC,TEPC,30.0,60.0,30.0,30.0,1,2022,5.0,1741.0,1581.0,-160.0,9w01f3,265.38
64426,Wilmot Energy Center LLC,AZ,Pima,32.043502,-110.892676,WECC,TEPC,30.0,60.0,30.0,30.0,1,2022,6.0,1912.0,1683.0,-229.0,9w01f3,265.38
64426,Wilmot Energy Center LLC,AZ,Pima,32.043502,-110.892676,WECC,TEPC,30.0,60.0,30.0,30.0,1,2022,7.0,2069.0,1651.0,-418.0,9w01f3,265.38
64426,Wilmot Energy Center LLC,AZ,Pima,32.043502,-110.892676,WECC,TEPC,30.0,60.0,30.0,30.0,1,2022,8.0,1995.0,1590.0,-405.0,9w01f3,265.38
64426,Wilmot Energy Center LLC,AZ,Pima,32.043502,-110.892676,WECC,TEPC,30.0,60.0,30.0,30.0,1,2022,9.0,1628.0,1435.0,-193.0,9w01f3,265.38
64426,Wilmot Energy Center LLC,AZ,Pima,32.043502,-110.892676,WECC,TEPC,30.0,60.0,30.0,30.0,1,2022,10.0,1264.0,1096.0,-168.0,9w01f3,265.38
64426,Wilmot Energy Center LLC,AZ,Pima,32.043502,-110.892676,WECC,TEPC,30.0,60.0,30.0,30.0,1,2022,11.0,1698.0,1463.0,-235.0,9w01f3,265.38
64426,Wilmot Energy Center LLC,AZ,Pima,32.043502,-110.892676,WECC,TEPC,30.0,60.0,30.0,30.0,1,2022,12.0,1699.0,1497.0,-201.0,9w01f3,265.38
64446,Arlington Microgrid,WA,Snohomish,48.15614,-122.1502,WECC,BPAT,1.0,1.4,1.0,1.0,1,2021,1.0,,,,c2967d,24.37
64446,Arlington Microgrid,WA,Snohomish,48.15614,-122.1502,WECC,BPAT,1.0,1.4,1.0,1.0,1,2021,2.0,,,,c2967d,24.37
64446,Arlington Microgrid,WA,Snohomish,48.15614,-122.1502,WECC,BPAT,1.0,1.4,1.0,1.0,1,2021,3.0,,,,c2967d,24.37
64446,Arlington Microgrid,WA,Snohomish,48.15614,-122.1502,WECC,BPAT,1.0,1.4,1.0,1.0,1,2021,4.0,,,,c2967d,24.37
64446,Arlington Microgrid,WA,Snohomish,48.15614,-122.1502,WECC,BPAT,1.0,1.4,1.0,1.0,1,2021,5.0,,,,c2967d,24.37
64446,Arlington Microgrid,WA,Snohomish,48.15614,-122.1502,WECC,BPAT,1.0,1.4,1.0,1.0,1,2021,6.0,,,,c2967d,24.37
64446,Arlington Microgrid,WA,Snohomish,48.15614,-122.1502,WECC,BPAT,1.0,1.4,1.0,1.0,1,2021,7.0,,,,c2967d,24.37
64446,Arlington Microgrid,WA,Snohomish,48.15614,-122.1502,WECC,BPAT,1.0,1.4,1.0,1.0,1,2021,8.0,,,,c2967d,24.37
64446,Arlington Microgrid,WA,Snohomish,48.15614,-122.1502,WECC,BPAT,1.0,1.4,1.0,1.0,1,2021,9.0,,,,c2967d,24.37
64446,Arlington Microgrid,WA,Snohomish,48.15614,-122.1502,WECC,BPAT,1.0,1.4,1.0,1.0,1,2021,10.0,15.0,10.898,-4.487,c2967d,24.37
64446,Arlington Microgrid,WA,Snohomish,48.15614,-122.1502,WECC,BPAT,1.0,1.4,1.0,1.0,1,2021,11.0,16.0,11.351,-4.674,c2967d,24.37
64446,Arlington Microgrid,WA,Snohomish,48.15614,-122.1502,WECC,BPAT,1.0,1.4,1.0,1.0,1,2021,12.0,17.0,11.751,-4.839,c2967d,24.37
64446,Arlington Microgrid,WA,Snohomish,48.15614,-122.1502,WECC,BPAT,1.0,1.4,1.0,1.0,1,2022,1.0,5.0,0.929,-2.867,c2967d,24.37
64446,Arlington Microgrid,WA,Snohomish,48.15614,-122.1502,WECC,BPAT,1.0,1.4,1.0,1.0,1,2022,2.0,4.0,0.981,-3.024,c2967d,24.37
64446,Arlington Microgrid,WA,Snohomish,48.15614,-122.1502,WECC,BPAT,1.0,1.4,1.0,1.0,1,2022,3.0,4.0,0.909,-2.803,c2967d,24.37
64446,Arlington Microgrid,WA,Snohomish,48.15614,-122.1502,WECC,BPAT,1.0,1.4,1.0,1.0,1,2022,4.0,4.0,0.951,-2.933,c2967d,24.37
64446,Arlington Microgrid,WA,Snohomish,48.15614,-122.1502,WECC,BPAT,1.0,1.4,1.0,1.0,1,2022,5.0,4.0,1.005,-3.099,c2967d,24.37
64446,Arlington Microgrid,WA,Snohomish,48.15614,-122.1502,WECC,BPAT,1.0,1.4,1.0,1.0,1,2022,6.0,4.0,1.018,-3.14,c2967d,24.37
64446,Arlington Microgrid,WA,Snohomish,48.15614,-122.1502,WECC,BPAT,1.0,1.4,1.0,1.0,1,2022,7.0,4.0,1.044,-3.218,c2967d,24.37
64446,Arlington Microgrid,WA,Snohomish,48.15614,-122.1502,WECC,BPAT,1.0,1.4,1.0,1.0,1,2022,8.0,4.0,1.086,-3.347,c2967d,24.37
64446,Arlington Microgrid,WA,Snohomish,48.15614,-122.1502,WECC,BPAT,1.0,1.4,1.0,1.0,1,2022,9.0,4.0,0.976,-3.008,c2967d,24.37
64446,Arlington Microgrid,WA,Snohomish,48.15614,-122.1502,WECC,BPAT,1.0,1.4,1.0,1.0,1,2022,10.0,4.0,1.084,-3.342,c2967d,24.37
64446,Arlington Microgrid,WA,Snohomish,48.15614,-122.1502,WECC,BPAT,1.0,1.4,1.0,1.0,1,2022,11.0,4.0,1.004,-3.095,c2967d,24.37
64446,Arlington Microgrid,WA,Snohomish,48.15614,-122.1502,WECC,BPAT,1.0,1.4,1.0,1.0,1,2022,12.0,4.0,1.013,-3.124,c2967d,24.37
64481,Arlington Energy Center II,CA,Riverside,33.69088,-114.774944,WECC,CISO,132.0,528.0,132.0,132.0,1,2022,1.0,,,,9qndpr,67.54
64481,Arlington Energy Center II,CA,Riverside,33.69088,-114.774944,WECC,CISO,132.0,528.0,132.0,132.0,1,2022,2.0,,,,9qndpr,67.54
64481,Arlington Energy Center II,CA,Riverside,33.69088,-114.774944,WECC,CISO,132.0,528.0,132.0,132.0,1,2022,3.0,,,,9qndpr,67.54
64481,Arlington Energy Center II,CA,Riverside,33.69088,-114.774944,WECC,CISO,132.0,528.0,132.0,132.0,1,2022,4.0,,,,9qndpr,67.54
64481,Arlington Energy Center II,CA,Riverside,33.69088,-114.774944,WECC,CISO,132.0,528.0,132.0,132.0,1,2022,5.0,,,,9qndpr,67.54
64481,Arlington Energy Center II,CA,Riverside,33.69088,-114.774944,WECC,CISO,132.0,528.0,132.0,132.0,1,2022,6.0,,,,9qndpr,67.54
64481,Arlington Energy Center II,CA,Riverside,33.69088,-114.774944,WECC,CISO,132.0,528.0,132.0,132.0,1,2022,7.0,,,,9qndpr,67.54
64481,Arlington Energy Center II,CA,Riverside,33.69088,-114.774944,WECC,CISO,132.0,528.0,132.0,132.0,1,2022,8.0,4718.0,3955.0,-763.0,9qndpr,67.54
64481,Arlington Energy Center II,CA,Riverside,33.69088,-114.774944,WECC,CISO,132.0,528.0,132.0,132.0,1,2022,9.0,8803.0,6858.0,-1945.0,9qndpr,67.54
64481,Arlington Energy Center II,CA,Riverside,33.69088,-114.774944,WECC,CISO,132.0,528.0,132.0,132.0,1,2022,10.0,9393.0,7817.0,-1576.0,9qndpr,67.54
64481,Arlington Energy Center II,CA,Riverside,33.69088,-114.774944,WECC,CISO,132.0,528.0,132.0,132.0,1,2022,11.0,9569.0,8159.0,-1410.0,9qndpr,67.54
64481,Arlington Energy Center II,CA,Riverside,33.69088,-114.774944,WECC,CISO,132.0,528.0,132.0,132.0,1,2022,12.0,6062.0,4919.0,-1143.0,9qndpr,67.54
64564,Arlington Energy Center III,CA,Riverside,33.69088,-114.774944,WECC,CISO,110.0,440.0,110.0,110.0,1,2022,1.0,,,,9qndpr,67.54
64564,Arlington Energy Center III,CA,Riverside,33.69088,-114.774944,WECC,CISO,110.0,440.0,110.0,110.0,1,2022,2.0,,,,9qndpr,67.54
64564,Arlington Energy Center III,CA,Riverside,33.69088,-114.774944,WECC,CISO,110.0,440.0,110.0,110.0,1,2022,3.0,,,,9qndpr,67.54
64564,Arlington Energy Center III,CA,Riverside,33.69088,-114.774944,WECC,CISO,110.0,440.0,110.0,110.0,1,2022,4.0,,,,9qndpr,67.54
64564,Arlington Energy Center III,CA,Riverside,33.69088,-114.774944,WECC,CISO,110.0,440.0,110.0,110.0,1,2022,5.0,,,,9qndpr,67.54
64564,Arlington Energy Center III,CA,Riverside,33.69088,-114.774944,WECC,CISO,110.0,440.0,110.0,110.0,1,2022,6.0,,,,9qndpr,67.54
64564,Arlington Energy Center III,CA,Riverside,33.69088,-114.774944,WECC,CISO,110.0,440.0,110.0,110.0,1,2022,7.0,,,,9qndpr,67.54
64564,Arlington Energy Center III,CA,Riverside,33.69088,-114.774944,WECC,CISO,110.0,440.0,110.0,110.0,1,2022,8.0,5958.0,4761.0,1168.0,9qndpr,67.54
64564,Arlington Energy Center III,CA,Riverside,33.69088,-114.774944,WECC,CISO,110.0,440.0,110.0,110.0,1,2022,9.0,7701.0,5886.0,-1815.0,9qndpr,67.54
64564,Arlington Energy Center III,CA,Riverside,33.69088,-114.774944,WECC,CISO,110.0,440.0,110.0,110.0,1,2022,10.0,8969.0,7454.0,-1516.0,9qndpr,67.54
64564,Arlington Energy Center III,CA,Riverside,33.69088,-114.774944,WECC,CISO,110.0,440.0,110.0,110.0,1,2022,11.0,11024.0,9375.0,-1649.0,9qndpr,67.54
64564,Arlington Energy Center III,CA,Riverside,33.69088,-114.774944,WECC,CISO,110.0,440.0,110.0,110.0,1,2022,12.0,7720.0,6338.0,-1382.0,9qndpr,67.54
64601,County of San Diego COC Hybrid,CA,San Diego,32.833645,-117.131123,WECC,CISO,0.4,1.0,0.4,0.4,1,2020,,,,,9mudw2,5.55
64601,County of San Diego COC Hybrid,CA,San Diego,32.833645,-117.131123,WECC,CISO,0.4,1.0,0.4,0.4,1,2021,1.0,14.0,11.577,-3.466,9mudw2,5.55
64601,County of San Diego COC Hybrid,CA,San Diego,32.833645,-117.131123,WECC,CISO,0.4,1.0,0.4,0.4,1,2021,2.0,16.0,12.361,-3.7,9mudw2,5.55
64601,County of San Diego COC Hybrid,CA,San Diego,32.833645,-117.131123,WECC,CISO,0.4,1.0,0.4,0.4,1,2021,3.0,18.0,13.906,-4.163,9mudw2,5.55
64601,County of San Diego COC Hybrid,CA,San Diego,32.833645,-117.131123,WECC,CISO,0.4,1.0,0.4,0.4,1,2021,4.0,18.0,13.505,-4.043,9mudw2,5.55
64601,County of San Diego COC Hybrid,CA,San Diego,32.833645,-117.131123,WECC,CISO,0.4,1.0,0.4,0.4,1,2021,5.0,15.0,11.427,-3.421,9mudw2,5.55
64601,County of San Diego COC Hybrid,CA,San Diego,32.833645,-117.131123,WECC,CISO,0.4,1.0,0.4,0.4,1,2021,6.0,17.0,13.187,-3.948,9mudw2,5.55
64601,County of San Diego COC Hybrid,CA,San Diego,32.833645,-117.131123,WECC,CISO,0.4,1.0,0.4,0.4,1,2021,7.0,17.0,13.204,-3.953,9mudw2,5.55
64601,County of San Diego COC Hybrid,CA,San Diego,32.833645,-117.131123,WECC,CISO,0.4,1.0,0.4,0.4,1,2021,8.0,17.0,13.243,-3.964,9mudw2,5.55
64601,County of San Diego COC Hybrid,CA,San Diego,32.833645,-117.131123,WECC,CISO,0.4,1.0,0.4,0.4,1,2021,9.0,19.0,14.712,-4.404,9mudw2,5.55
64601,County of San Diego COC Hybrid,CA,San Diego,32.833645,-117.131123,WECC,CISO,0.4,1.0,0.4,0.4,1,2021,10.0,17.0,12.71,-3.805,9mudw2,5.55
64601,County of San Diego COC Hybrid,CA,San Diego,32.833645,-117.131123,WECC,CISO,0.4,1.0,0.4,0.4,1,2021,11.0,18.0,13.634,-4.081,9mudw2,5.55
64601,County of San Diego COC Hybrid,CA,San Diego,32.833645,-117.131123,WECC,CISO,0.4,1.0,0.4,0.4,1,2021,12.0,18.0,13.534,-4.052,9mudw2,5.55
64601,County of San Diego COC Hybrid,CA,San Diego,32.833645,-117.131123,WECC,CISO,0.4,1.0,0.4,0.4,1,2022,1.0,3.0,4.349,0.0,9mudw2,5.55
64601,County of San Diego COC Hybrid,CA,San Diego,32.833645,-117.131123,WECC,CISO,0.4,1.0,0.4,0.4,1,2022,2.0,5.0,4.567,0.0,9mudw2,5.55
64601,County of San Diego COC Hybrid,CA,San Diego,32.833645,-117.131123,WECC,CISO,0.4,1.0,0.4,0.4,1,2022,3.0,4.0,4.227,0.0,9mudw2,5.55
64601,County of San Diego COC Hybrid,CA,San Diego,32.833645,-117.131123,WECC,CISO,0.4,1.0,0.4,0.4,1,2022,4.0,4.0,4.428,0.0,9mudw2,5.55
64601,County of San Diego COC Hybrid,CA,San Diego,32.833645,-117.131123,WECC,CISO,0.4,1.0,0.4,0.4,1,2022,5.0,5.0,4.692,0.0,9mudw2,5.55
64601,County of San Diego COC Hybrid,CA,San Diego,32.833645,-117.131123,WECC,CISO,0.4,1.0,0.4,0.4,1,2022,6.0,5.0,4.739,0.0,9mudw2,5.55
64601,County of San Diego COC Hybrid,CA,San Diego,32.833645,-117.131123,WECC,CISO,0.4,1.0,0.4,0.4,1,2022,7.0,5.0,4.924,0.0,9mudw2,5.55
64601,County of San Diego COC Hybrid,CA,San Diego,32.833645,-117.131123,WECC,CISO,0.4,1.0,0.4,0.4,1,2022,8.0,5.0,5.059,0.0,9mudw2,5.55
64601,County of San Diego COC Hybrid,CA,San Diego,32.833645,-117.131123,WECC,CISO,0.4,1.0,0.4,0.4,1,2022,9.0,5.0,4.536,0.0,9mudw2,5.55
64601,County of San Diego COC Hybrid,CA,San Diego,32.833645,-117.131123,WECC,CISO,0.4,1.0,0.4,0.4,1,2022,10.0,5.0,5.062,0.0,9mudw2,5.55
64601,County of San Diego COC Hybrid,CA,San Diego,32.833645,-117.131123,WECC,CISO,0.4,1.0,0.4,0.4,1,2022,11.0,5.0,4.686,0.0,9mudw2,5.55
64601,County of San Diego COC Hybrid,CA,San Diego,32.833645,-117.131123,WECC,CISO,0.4,1.0,0.4,0.4,1,2022,12.0,5.0,4.731,0.0,9mudw2,5.55
64611,SEPV Sierra,CA,Los Angeles,34.733011,-118.138525,WECC,CISO,6.0,3.4,6.0,6.0,1,2020,,,,,9qhh0n,27.26
64611,SEPV Sierra,CA,Los Angeles,34.733011,-118.138525,WECC,CISO,6.0,3.4,6.0,6.0,1,2021,1.0,66.0,68.131,3.096,9qhh0n,27.26
64611,SEPV Sierra,CA,Los Angeles,34.733011,-118.138525,WECC,CISO,6.0,3.4,6.0,6.0,1,2021,2.0,69.0,72.748,3.307,9qhh0n,27.26
64611,SEPV Sierra,CA,Los Angeles,34.733011,-118.138525,WECC,CISO,6.0,3.4,6.0,6.0,1,2021,3.0,78.0,81.843,3.72,9qhh0n,27.26
64611,SEPV Sierra,CA,Los Angeles,34.733011,-118.138525,WECC,CISO,6.0,3.4,6.0,6.0,1,2021,4.0,76.0,79.484,3.613,9qhh0n,27.26
64611,SEPV Sierra,CA,Los Angeles,34.733011,-118.138525,WECC,CISO,6.0,3.4,6.0,6.0,1,2021,5.0,64.0,67.254,3.057,9qhh0n,27.26
64611,SEPV Sierra,CA,Los Angeles,34.733011,-118.138525,WECC,CISO,6.0,3.4,6.0,6.0,1,2021,6.0,74.0,77.611,3.528,9qhh0n,27.26
64611,SEPV Sierra,CA,Los Angeles,34.733011,-118.138525,WECC,CISO,6.0,3.4,6.0,6.0,1,2021,7.0,74.0,77.709,3.532,9qhh0n,27.26
64611,SEPV Sierra,CA,Los Angeles,34.733011,-118.138525,WECC,CISO,6.0,3.4,6.0,6.0,1,2021,8.0,74.0,77.94,3.543,9qhh0n,27.26
64611,SEPV Sierra,CA,Los Angeles,34.733011,-118.138525,WECC,CISO,6.0,3.4,6.0,6.0,1,2021,9.0,83.0,86.584,3.936,9qhh0n,27.26
64611,SEPV Sierra,CA,Los Angeles,34.733011,-118.138525,WECC,CISO,6.0,3.4,6.0,6.0,1,2021,10.0,71.0,74.804,3.4,9qhh0n,27.26
64611,SEPV Sierra,CA,Los Angeles,34.733011,-118.138525,WECC,CISO,6.0,3.4,6.0,6.0,1,2021,11.0,77.0,80.238,3.647,9qhh0n,27.26
64611,SEPV Sierra,CA,Los Angeles,34.733011,-118.138525,WECC,CISO,6.0,3.4,6.0,6.0,1,2021,12.0,76.0,79.654,3.621,9qhh0n,27.26
64611,SEPV Sierra,CA,Los Angeles,34.733011,-118.138525,WECC,CISO,8.3,3.4,6.0,6.0,1,2022,1.0,239.0,235.942,-1.086,9qhh0n,27.26
64611,SEPV Sierra,CA,Los Angeles,34.733011,-118.138525,WECC,CISO,8.3,3.4,6.0,6.0,1,2022,2.0,249.0,247.863,-1.142,9qhh0n,27.26
64611,SEPV Sierra,CA,Los Angeles,34.733011,-118.138525,WECC,CISO,8.3,3.4,6.0,6.0,1,2022,3.0,230.0,229.415,-1.057,9qhh0n,27.26
64611,SEPV Sierra,CA,Los Angeles,34.733011,-118.138525,WECC,CISO,8.3,3.4,6.0,6.0,1,2022,4.0,241.0,240.281,-1.107,9qhh0n,27.26
64611,SEPV Sierra,CA,Los Angeles,34.733011,-118.138525,WECC,CISO,8.3,3.4,6.0,6.0,1,2022,5.0,256.0,254.622,-1.173,9qhh0n,27.26
64611,SEPV Sierra,CA,Los Angeles,34.733011,-118.138525,WECC,CISO,8.3,3.4,6.0,6.0,1,2022,6.0,258.0,257.202,-1.185,9qhh0n,27.26
64611,SEPV Sierra,CA,Los Angeles,34.733011,-118.138525,WECC,CISO,8.3,3.4,6.0,6.0,1,2022,7.0,268.0,267.218,-1.231,9qhh0n,27.26
64611,SEPV Sierra,CA,Los Angeles,34.733011,-118.138525,WECC,CISO,8.3,3.4,6.0,6.0,1,2022,8.0,276.0,274.542,-1.265,9qhh0n,27.26
64611,SEPV Sierra,CA,Los Angeles,34.733011,-118.138525,WECC,CISO,8.3,3.4,6.0,6.0,1,2022,9.0,247.0,246.156,-1.134,9qhh0n,27.26
64611,SEPV Sierra,CA,Los Angeles,34.733011,-118.138525,WECC,CISO,8.3,3.4,6.0,6.0,1,2022,10.0,276.0,274.69,-1.265,9qhh0n,27.26
64611,SEPV Sierra,CA,Los Angeles,34.733011,-118.138525,WECC,CISO,8.3,3.4,6.0,6.0,1,2022,11.0,255.0,254.304,-1.172,9qhh0n,27.26
64611,SEPV Sierra,CA,Los Angeles,34.733011,-118.138525,WECC,CISO,8.3,3.4,6.0,6.0,1,2022,12.0,258.0,256.765,-1.183,9qhh0n,27.26
64612,Kearny North Energy Storage,CA,San Diego,32.83347,-117.13443,WECC,CISO,10.0,40.0,10.0,10.0,1,2022,,,,,9mudw2,5.5
64614,Kearny South Energy Storage,CA,San Diego,32.832886,-117.132292,WECC,CISO,10.0,40.0,10.0,10.0,1,2022,,,,,9mudw2,5.45
64624,Hudson - High Desert Hybrid,CA,San Bernardino,34.6365,-117.3724,WECC,CISO,50.0,50.0,50.0,50.0,1,2021,1.0,,,,9qhsdk,9.2
64624,Hudson - High Desert Hybrid,CA,San Bernardino,34.6365,-117.3724,WECC,CISO,50.0,50.0,50.0,50.0,1,2021,2.0,,,,9qhsdk,9.2
64624,Hudson - High Desert Hybrid,CA,San Bernardino,34.6365,-117.3724,WECC,CISO,50.0,50.0,50.0,50.0,1,2021,3.0,,,,9qhsdk,9.2
64624,Hudson - High Desert Hybrid,CA,San Bernardino,34.6365,-117.3724,WECC,CISO,50.0,50.0,50.0,50.0,1,2021,4.0,,,,9qhsdk,9.2
64624,Hudson - High Desert Hybrid,CA,San Bernardino,34.6365,-117.3724,WECC,CISO,50.0,50.0,50.0,50.0,1,2021,5.0,,,,9qhsdk,9.2
64624,Hudson - High Desert Hybrid,CA,San Bernardino,34.6365,-117.3724,WECC,CISO,50.0,50.0,50.0,50.0,1,2021,6.0,,,,9qhsdk,9.2
64624,Hudson - High Desert Hybrid,CA,San Bernardino,34.6365,-117.3724,WECC,CISO,50.0,50.0,50.0,50.0,1,2021,7.0,,,,9qhsdk,9.2
64624,Hudson - High Desert Hybrid,CA,San Bernardino,34.6365,-117.3724,WECC,CISO,50.0,50.0,50.0,50.0,1,2021,8.0,,,,9qhsdk,9.2
64624,Hudson - High Desert Hybrid,CA,San Bernardino,34.6365,-117.3724,WECC,CISO,50.0,50.0,50.0,50.0,1,2021,9.0,,,,9qhsdk,9.2
64624,Hudson - High Desert Hybrid,CA,San Bernardino,34.6365,-117.3724,WECC,CISO,50.0,50.0,50.0,50.0,1,2021,10.0,,,,9qhsdk,9.2
64624,Hudson - High Desert Hybrid,CA,San Bernardino,34.6365,-117.3724,WECC,CISO,50.0,50.0,50.0,50.0,1,2021,11.0,,,,9qhsdk,9.2
64624,Hudson - High Desert Hybrid,CA,San Bernardino,34.6365,-117.3724,WECC,CISO,50.0,50.0,50.0,50.0,1,2021,12.0,1191.0,995.0,-196.0,9qhsdk,9.2
64624,Hudson - High Desert Hybrid,CA,San Bernardino,34.6365,-117.3724,WECC,CISO,50.0,50.0,50.0,50.0,1,2022,1.0,3878.0,3426.0,-452.0,9qhsdk,9.2
64624,Hudson - High Desert Hybrid,CA,San Bernardino,34.6365,-117.3724,WECC,CISO,50.0,50.0,50.0,50.0,1,2022,2.0,4654.0,4029.0,-625.0,9qhsdk,9.2
64624,Hudson - High Desert Hybrid,CA,San Bernardino,34.6365,-117.3724,WECC,CISO,50.0,50.0,50.0,50.0,1,2022,3.0,4085.0,3455.0,-631.0,9qhsdk,9.2
64624,Hudson - High Desert Hybrid,CA,San Bernardino,34.6365,-117.3724,WECC,CISO,50.0,50.0,50.0,50.0,1,2022,4.0,3972.0,3608.0,-363.0,9qhsdk,9.2
64624,Hudson - High Desert Hybrid,CA,San Bernardino,34.6365,-117.3724,WECC,CISO,50.0,50.0,50.0,50.0,1,2022,5.0,6296.0,5561.0,-735.0,9qhsdk,9.2
64624,Hudson - High Desert Hybrid,CA,San Bernardino,34.6365,-117.3724,WECC,CISO,50.0,50.0,50.0,50.0,1,2022,6.0,5300.0,4475.0,-824.0,9qhsdk,9.2
64624,Hudson - High Desert Hybrid,CA,San Bernardino,34.6365,-117.3724,WECC,CISO,50.0,50.0,50.0,50.0,1,2022,7.0,4773.0,4218.0,-555.0,9qhsdk,9.2
64624,Hudson - High Desert Hybrid,CA,San Bernardino,34.6365,-117.3724,WECC,CISO,50.0,50.0,50.0,50.0,1,2022,8.0,5466.0,4799.0,-666.0,9qhsdk,9.2
64624,Hudson - High Desert Hybrid,CA,San Bernardino,34.6365,-117.3724,WECC,CISO,50.0,50.0,50.0,50.0,1,2022,9.0,5130.0,4449.0,-681.0,9qhsdk,9.2
64624,Hudson - High Desert Hybrid,CA,San Bernardino,34.6365,-117.3724,WECC,CISO,50.0,50.0,50.0,50.0,1,2022,10.0,5668.0,5011.0,-657.0,9qhsdk,9.2
64624,Hudson - High Desert Hybrid,CA,San Bernardino,34.6365,-117.3724,WECC,CISO,50.0,50.0,50.0,50.0,1,2022,11.0,3788.0,3366.0,-422.0,9qhsdk,9.2
64624,Hudson - High Desert Hybrid,CA,San Bernardino,34.6365,-117.3724,WECC,CISO,50.0,50.0,50.0,50.0,1,2022,12.0,4735.0,4143.0,-592.0,9qhsdk,9.2
64630,"Rabbitbrush Solar, LLC",CA,Kern,34.83,-118.32,WECC,CISO,20.0,50.0,20.0,20.0,1,2022,1.0,,,,9q5zqv,28.13
64630,"Rabbitbrush Solar, LLC",CA,Kern,34.83,-118.32,WECC,CISO,20.0,50.0,20.0,20.0,1,2022,2.0,,,,9q5zqv,28.13
64630,"Rabbitbrush Solar, LLC",CA,Kern,34.83,-118.32,WECC,CISO,20.0,50.0,20.0,20.0,1,2022,3.0,,,,9q5zqv,28.13
64630,"Rabbitbrush Solar, LLC",CA,Kern,34.83,-118.32,WECC,CISO,20.0,50.0,20.0,20.0,1,2022,4.0,,,,9q5zqv,28.13
64630,"Rabbitbrush Solar, LLC",CA,Kern,34.83,-118.32,WECC,CISO,20.0,50.0,20.0,20.0,1,2022,5.0,,,,9q5zqv,28.13
64630,"Rabbitbrush Solar, LLC",CA,Kern,34.83,-118.32,WECC,CISO,20.0,50.0,20.0,20.0,1,2022,6.0,,,,9q5zqv,28.13
64630,"Rabbitbrush Solar, LLC",CA,Kern,34.83,-118.32,WECC,CISO,20.0,50.0,20.0,20.0,1,2022,7.0,,,,9q5zqv,28.13
64630,"Rabbitbrush Solar, LLC",CA,Kern,34.83,-118.32,WECC,CISO,20.0,50.0,20.0,20.0,1,2022,8.0,,,,9q5zqv,28.13
64630,"Rabbitbrush Solar, LLC",CA,Kern,34.83,-118.32,WECC,CISO,20.0,50.0,20.0,20.0,1,2022,9.0,,,,9q5zqv,28.13
64630,"Rabbitbrush Solar, LLC",CA,Kern,34.83,-118.32,WECC,CISO,20.0,50.0,20.0,20.0,1,2022,10.0,282.0,240.0,-42.0,9q5zqv,28.13
64630,"Rabbitbrush Solar, LLC",CA,Kern,34.83,-118.32,WECC,CISO,20.0,50.0,20.0,20.0,1,2022,11.0,1114.0,951.0,-163.0,9q5zqv,28.13
64630,"Rabbitbrush Solar, LLC",CA,Kern,34.83,-118.32,WECC,CISO,20.0,50.0,20.0,20.0,1,2022,12.0,1142.0,1078.0,-64.0,9q5zqv,28.13
64701,LeConte Energy Storage,CA,Imperial,32.677208,-115.670203,WECC,CISO,125.0,250.0,125.0,125.0,1,2022,1.0,,,,9mvffm,22.26
64701,LeConte Energy Storage,CA,Imperial,32.677208,-115.670203,WECC,CISO,125.0,250.0,125.0,125.0,1,2022,2.0,,,,9mvffm,22.26
64701,LeConte Energy Storage,CA,Imperial,32.677208,-115.670203,WECC,CISO,125.0,250.0,125.0,125.0,1,2022,3.0,,,,9mvffm,22.26
64701,LeConte Energy Storage,CA,Imperial,32.677208,-115.670203,WECC,CISO,125.0,250.0,125.0,125.0,1,2022,4.0,,,,9mvffm,22.26
64701,LeConte Energy Storage,CA,Imperial,32.677208,-115.670203,WECC,CISO,125.0,250.0,125.0,125.0,1,2022,5.0,,,,9mvffm,22.26
64701,LeConte Energy Storage,CA,Imperial,32.677208,-115.670203,WECC,CISO,125.0,250.0,125.0,125.0,1,2022,6.0,,,,9mvffm,22.26
64701,LeConte Energy Storage,CA,Imperial,32.677208,-115.670203,WECC,CISO,125.0,250.0,125.0,125.0,1,2022,7.0,,,,9mvffm,22.26
64701,LeConte Energy Storage,CA,Imperial,32.677208,-115.670203,WECC,CISO,125.0,250.0,125.0,125.0,1,2022,8.0,,,,9mvffm,22.26
64701,LeConte Energy Storage,CA,Imperial,32.677208,-115.670203,WECC,CISO,125.0,250.0,125.0,125.0,1,2022,9.0,9600.0,7670.0,-1930.0,9mvffm,22.26
64701,LeConte Energy Storage,CA,Imperial,32.677208,-115.670203,WECC,CISO,125.0,250.0,125.0,125.0,1,2022,10.0,17461.0,14257.0,-3204.0,9mvffm,22.26
64701,LeConte Energy Storage,CA,Imperial,32.677208,-115.670203,WECC,CISO,125.0,250.0,125.0,125.0,1,2022,11.0,8459.0,7368.0,-1091.0,9mvffm,22.26
64701,LeConte Energy Storage,CA,Imperial,32.677208,-115.670203,WECC,CISO,125.0,250.0,125.0,125.0,1,2022,12.0,8331.0,7295.0,-1036.0,9mvffm,22.26
64712,Sanborn BESS 1,CA,Kern,35.027264,-118.139236,WECC,CISO,100.0,200.0,100.0,100.0,1,2021,1.0,,,,9q5zqv,4.23
64712,Sanborn BESS 1,CA,Kern,35.027264,-118.139236,WECC,CISO,100.0,200.0,100.0,100.0,1,2021,2.0,,,,9q5zqv,4.23
64712,Sanborn BESS 1,CA,Kern,35.027264,-118.139236,WECC,CISO,100.0,200.0,100.0,100.0,1,2021,3.0,,,,9q5zqv,4.23
64712,Sanborn BESS 1,CA,Kern,35.027264,-118.139236,WECC,CISO,100.0,200.0,100.0,100.0,1,2021,4.0,,,,9q5zqv,4.23
64712,Sanborn BESS 1,CA,Kern,35.027264,-118.139236,WECC,CISO,100.0,200.0,100.0,100.0,1,2021,5.0,,,,9q5zqv,4.23
64712,Sanborn BESS 1,CA,Kern,35.027264,-118.139236,WECC,CISO,100.0,200.0,100.0,100.0,1,2021,6.0,,,,9q5zqv,4.23
64712,Sanborn BESS 1,CA,Kern,35.027264,-118.139236,WECC,CISO,100.0,200.0,100.0,100.0,1,2021,7.0,,,,9q5zqv,4.23
64712,Sanborn BESS 1,CA,Kern,35.027264,-118.139236,WECC,CISO,100.0,200.0,100.0,100.0,1,2021,8.0,,,,9q5zqv,4.23
64712,Sanborn BESS 1,CA,Kern,35.027264,-118.139236,WECC,CISO,100.0,200.0,100.0,100.0,1,2021,9.0,,,,9q5zqv,4.23
64712,Sanborn BESS 1,CA,Kern,35.027264,-118.139236,WECC,CISO,100.0,200.0,100.0,100.0,1,2021,10.0,,,,9q5zqv,4.23
64712,Sanborn BESS 1,CA,Kern,35.027264,-118.139236,WECC,CISO,100.0,200.0,100.0,100.0,1,2021,11.0,7499.0,5748.0,-1751.0,9q5zqv,4.23
64712,Sanborn BESS 1,CA,Kern,35.027264,-118.139236,WECC,CISO,100.0,200.0,100.0,100.0,1,2021,12.0,8810.0,7260.0,-1550.0,9q5zqv,4.23
64712,Sanborn BESS 1,CA,Kern,35.027264,-118.139236,WECC,CISO,100.0,200.0,100.0,100.0,1,2022,1.0,5331.0,4296.0,-1035.0,9q5zqv,4.23
64712,Sanborn BESS 1,CA,Kern,35.027264,-118.139236,WECC,CISO,100.0,200.0,100.0,100.0,1,2022,2.0,5383.0,4220.0,-1163.0,9q5zqv,4.23
64712,Sanborn BESS 1,CA,Kern,35.027264,-118.139236,WECC,CISO,100.0,200.0,100.0,100.0,1,2022,3.0,5890.0,4849.0,-1041.0,9q5zqv,4.23
64712,Sanborn BESS 1,CA,Kern,35.027264,-118.139236,WECC,CISO,100.0,200.0,100.0,100.0,1,2022,4.0,7172.0,5789.0,-1383.0,9q5zqv,4.23
64712,Sanborn BESS 1,CA,Kern,35.027264,-118.139236,WECC,CISO,100.0,200.0,100.0,100.0,1,2022,5.0,7825.0,6267.0,-1558.0,9q5zqv,4.23
64712,Sanborn BESS 1,CA,Kern,35.027264,-118.139236,WECC,CISO,100.0,200.0,100.0,100.0,1,2022,6.0,6731.0,5294.0,-1437.0,9q5zqv,4.23
64712,Sanborn BESS 1,CA,Kern,35.027264,-118.139236,WECC,CISO,100.0,200.0,100.0,100.0,1,2022,7.0,7594.0,6064.0,-1530.0,9q5zqv,4.23
64712,Sanborn BESS 1,CA,Kern,35.027264,-118.139236,WECC,CISO,100.0,200.0,100.0,100.0,1,2022,8.0,6371.0,4783.0,-1588.0,9q5zqv,4.23
64712,Sanborn BESS 1,CA,Kern,35.027264,-118.139236,WECC,CISO,100.0,200.0,100.0,100.0,1,2022,9.0,5238.0,4243.0,-995.0,9q5zqv,4.23
64712,Sanborn BESS 1,CA,Kern,35.027264,-118.139236,WECC,CISO,100.0,200.0,100.0,100.0,1,2022,10.0,7683.0,6183.0,-1500.0,9q5zqv,4.23
64712,Sanborn BESS 1,CA,Kern,35.027264,-118.139236,WECC,CISO,100.0,200.0,100.0,100.0,1,2022,11.0,7891.0,6310.0,-1581.0,9q5zqv,4.23
64712,Sanborn BESS 1,CA,Kern,35.027264,-118.139236,WECC,CISO,100.0,200.0,100.0,100.0,1,2022,12.0,6762.0,5859.0,-903.0,9q5zqv,4.23
64713,Sanborn BESS 2,CA,Kern,35.027264,-118.140078,WECC,CISO,100.0,400.0,100.0,100.0,1,2021,1.0,,,,9q5zqv,4.17
64713,Sanborn BESS 2,CA,Kern,35.027264,-118.140078,WECC,CISO,100.0,400.0,100.0,100.0,1,2021,2.0,,,,9q5zqv,4.17
64713,Sanborn BESS 2,CA,Kern,35.027264,-118.140078,WECC,CISO,100.0,400.0,100.0,100.0,1,2021,3.0,,,,9q5zqv,4.17
64713,Sanborn BESS 2,CA,Kern,35.027264,-118.140078,WECC,CISO,100.0,400.0,100.0,100.0,1,2021,4.0,,,,9q5zqv,4.17
64713,Sanborn BESS 2,CA,Kern,35.027264,-118.140078,WECC,CISO,100.0,400.0,100.0,100.0,1,2021,5.0,,,,9q5zqv,4.17
64713,Sanborn BESS 2,CA,Kern,35.027264,-118.140078,WECC,CISO,100.0,400.0,100.0,100.0,1,2021,6.0,,,,9q5zqv,4.17
64713,Sanborn BESS 2,CA,Kern,35.027264,-118.140078,WECC,CISO,100.0,400.0,100.0,100.0,1,2021,7.0,,,,9q5zqv,4.17
64713,Sanborn BESS 2,CA,Kern,35.027264,-118.140078,WECC,CISO,100.0,400.0,100.0,100.0,1,2021,8.0,,,,9q5zqv,4.17
64713,Sanborn BESS 2,CA,Kern,35.027264,-118.140078,WECC,CISO,100.0,400.0,100.0,100.0,1,2021,9.0,,,,9q5zqv,4.17
64713,Sanborn BESS 2,CA,Kern,35.027264,-118.140078,WECC,CISO,100.0,400.0,100.0,100.0,1,2021,10.0,,,,9q5zqv,4.17
64713,Sanborn BESS 2,CA,Kern,35.027264,-118.140078,WECC,CISO,100.0,400.0,100.0,100.0,1,2021,11.0,12745.0,10876.0,-1869.0,9q5zqv,4.17
64713,Sanborn BESS 2,CA,Kern,35.027264,-118.140078,WECC,CISO,100.0,400.0,100.0,100.0,1,2021,12.0,15953.0,13648.0,-2305.0,9q5zqv,4.17
64713,Sanborn BESS 2,CA,Kern,35.027264,-118.140078,WECC,CISO,100.0,400.0,100.0,100.0,1,2022,1.0,9606.0,7958.0,-1648.0,9q5zqv,4.17
64713,Sanborn BESS 2,CA,Kern,35.027264,-118.140078,WECC,CISO,100.0,400.0,100.0,100.0,1,2022,2.0,8276.0,6750.0,-1526.0,9q5zqv,4.17
64713,Sanborn BESS 2,CA,Kern,35.027264,-118.140078,WECC,CISO,100.0,400.0,100.0,100.0,1,2022,3.0,6837.0,5604.0,-1233.0,9q5zqv,4.17
64713,Sanborn BESS 2,CA,Kern,35.027264,-118.140078,WECC,CISO,100.0,400.0,100.0,100.0,1,2022,4.0,11995.0,10298.0,-1657.0,9q5zqv,4.17
64713,Sanborn BESS 2,CA,Kern,35.027264,-118.140078,WECC,CISO,100.0,400.0,100.0,100.0,1,2022,5.0,12349.0,10685.0,-1664.0,9q5zqv,4.17
64713,Sanborn BESS 2,CA,Kern,35.027264,-118.140078,WECC,CISO,100.0,400.0,100.0,100.0,1,2022,6.0,13296.0,11297.0,-1999.0,9q5zqv,4.17
64713,Sanborn BESS 2,CA,Kern,35.027264,-118.140078,WECC,CISO,100.0,400.0,100.0,100.0,1,2022,7.0,13312.0,11324.0,-1988.0,9q5zqv,4.17
64713,Sanborn BESS 2,CA,Kern,35.027264,-118.140078,WECC,CISO,100.0,400.0,100.0,100.0,1,2022,8.0,14767.0,12605.0,-2162.0,9q5zqv,4.17
64713,Sanborn BESS 2,CA,Kern,35.027264,-118.140078,WECC,CISO,100.0,400.0,100.0,100.0,1,2022,9.0,12919.0,11315.0,-1604.0,9q5zqv,4.17
64713,Sanborn BESS 2,CA,Kern,35.027264,-118.140078,WECC,CISO,100.0,400.0,100.0,100.0,1,2022,10.0,17109.0,14839.0,-2270.0,9q5zqv,4.17
64713,Sanborn BESS 2,CA,Kern,35.027264,-118.140078,WECC,CISO,100.0,400.0,100.0,100.0,1,2022,11.0,13771.0,11755.0,-2016.0,9q5zqv,4.17
64713,Sanborn BESS 2,CA,Kern,35.027264,-118.140078,WECC,CISO,100.0,400.0,100.0,100.0,1,2022,12.0,14872.0,12811.0,-2061.0,9q5zqv,4.17
64743,Tierra Buena Energy Storage,CA,Sutter,39.17133,-121.66209,WECC,CISO,5.0,5.0,5.0,5.0,2,2022,1.0,,,,9qct8r,21.71
64743,Tierra Buena Energy Storage,CA,Sutter,39.17133,-121.66209,WECC,CISO,5.0,5.0,5.0,5.0,2,2022,2.0,,,,9qct8r,21.71
64743,Tierra Buena Energy Storage,CA,Sutter,39.17133,-121.66209,WECC,CISO,5.0,5.0,5.0,5.0,2,2022,3.0,,,,9qct8r,21.71
64743,Tierra Buena Energy Storage,CA,Sutter,39.17133,-121.66209,WECC,CISO,5.0,5.0,5.0,5.0,2,2022,4.0,,,,9qct8r,21.71
64743,Tierra Buena Energy Storage,CA,Sutter,39.17133,-121.66209,WECC,CISO,5.0,5.0,5.0,5.0,2,2022,5.0,,,,9qct8r,21.71
64743,Tierra Buena Energy Storage,CA,Sutter,39.17133,-121.66209,WECC,CISO,5.0,5.0,5.0,5.0,2,2022,6.0,364.0,314.677,-49.449,9qct8r,21.71
64743,Tierra Buena Energy Storage,CA,Sutter,39.17133,-121.66209,WECC,CISO,5.0,5.0,5.0,5.0,2,2022,7.0,378.0,326.929,-51.375,9qct8r,21.71
64743,Tierra Buena Energy Storage,CA,Sutter,39.17133,-121.66209,WECC,CISO,5.0,5.0,5.0,5.0,2,2022,8.0,389.0,335.891,-52.783,9qct8r,21.71
64743,Tierra Buena Energy Storage,CA,Sutter,39.17133,-121.66209,WECC,CISO,5.0,5.0,5.0,5.0,2,2022,9.0,348.0,301.161,-47.325,9qct8r,21.71
64743,Tierra Buena Energy Storage,CA,Sutter,39.17133,-121.66209,WECC,CISO,5.0,5.0,5.0,5.0,2,2022,10.0,389.0,336.071,-52.811,9qct8r,21.71
64743,Tierra Buena Energy Storage,CA,Sutter,39.17133,-121.66209,WECC,CISO,5.0,5.0,5.0,5.0,2,2022,11.0,360.0,311.13,-48.892,9qct8r,21.71
64743,Tierra Buena Energy Storage,CA,Sutter,39.17133,-121.66209,WECC,CISO,5.0,5.0,5.0,5.0,2,2022,12.0,364.0,314.141,-49.365,9qct8r,21.71
64766,Redwood Coast Airport Microgrid,CA,Humboldt,40.967222,-124.104444,WECC,CISO,2.2,8.8,1.5,1.8,1,2021,1.0,,,,9pr8ne,19.06
64766,Redwood Coast Airport Microgrid,CA,Humboldt,40.967222,-124.104444,WECC,CISO,2.2,8.8,1.5,1.8,1,2021,2.0,,,,9pr8ne,19.06
64766,Redwood Coast Airport Microgrid,CA,Humboldt,40.967222,-124.104444,WECC,CISO,2.2,8.8,1.5,1.8,1,2021,3.0,,,,9pr8ne,19.06
64766,Redwood Coast Airport Microgrid,CA,Humboldt,40.967222,-124.104444,WECC,CISO,2.2,8.8,1.5,1.8,1,2021,4.0,,,,9pr8ne,19.06
64766,Redwood Coast Airport Microgrid,CA,Humboldt,40.967222,-124.104444,WECC,CISO,2.2,8.8,1.5,1.8,1,2021,5.0,,,,9pr8ne,19.06
64766,Redwood Coast Airport Microgrid,CA,Humboldt,40.967222,-124.104444,WECC,CISO,2.2,8.8,1.5,1.8,1,2021,6.0,,,,9pr8ne,19.06
64766,Redwood Coast Airport Microgrid,CA,Humboldt,40.967222,-124.104444,WECC,CISO,2.2,8.8,1.5,1.8,1,2021,7.0,,,,9pr8ne,19.06
64766,Redwood Coast Airport Microgrid,CA,Humboldt,40.967222,-124.104444,WECC,CISO,2.2,8.8,1.5,1.8,1,2021,8.0,,,,9pr8ne,19.06
64766,Redwood Coast Airport Microgrid,CA,Humboldt,40.967222,-124.104444,WECC,CISO,2.2,8.8,1.5,1.8,1,2021,9.0,,,,9pr8ne,19.06
64766,Redwood Coast Airport Microgrid,CA,Humboldt,40.967222,-124.104444,WECC,CISO,2.2,8.8,1.5,1.8,1,2021,10.0,,,,9pr8ne,19.06
64766,Redwood Coast Airport Microgrid,CA,Humboldt,40.967222,-124.104444,WECC,CISO,2.2,8.8,1.5,1.8,1,2021,11.0,,,,9pr8ne,19.06
64766,Redwood Coast Airport Microgrid,CA,Humboldt,40.967222,-124.104444,WECC,CISO,2.2,8.8,1.5,1.8,1,2021,12.0,81.0,63.0,-18.0,9pr8ne,19.06
64766,Redwood Coast Airport Microgrid,CA,Humboldt,40.967222,-124.104444,WECC,CISO,2.2,8.8,1.5,1.8,1,2022,1.0,198.0,174.608,-22.98,9pr8ne,19.06
64766,Redwood Coast Airport Microgrid,CA,Humboldt,40.967222,-124.104444,WECC,CISO,2.2,8.8,1.5,1.8,1,2022,2.0,208.0,183.43,-24.142,9pr8ne,19.06
64766,Redwood Coast Airport Microgrid,CA,Humboldt,40.967222,-124.104444,WECC,CISO,2.2,8.8,1.5,1.8,1,2022,3.0,192.0,169.778,-22.345,9pr8ne,19.06
64766,Redwood Coast Airport Microgrid,CA,Humboldt,40.967222,-124.104444,WECC,CISO,2.2,8.8,1.5,1.8,1,2022,4.0,201.0,177.819,-23.404,9pr8ne,19.06
64766,Redwood Coast Airport Microgrid,CA,Humboldt,40.967222,-124.104444,WECC,CISO,2.2,8.8,1.5,1.8,1,2022,5.0,213.0,188.432,-24.8,9pr8ne,19.06
64766,Redwood Coast Airport Microgrid,CA,Humboldt,40.967222,-124.104444,WECC,CISO,2.2,8.8,1.5,1.8,1,2022,6.0,215.0,190.342,-25.052,9pr8ne,19.06
64766,Redwood Coast Airport Microgrid,CA,Humboldt,40.967222,-124.104444,WECC,CISO,2.2,8.8,1.5,1.8,1,2022,7.0,224.0,197.753,-26.027,9pr8ne,19.06
64766,Redwood Coast Airport Microgrid,CA,Humboldt,40.967222,-124.104444,WECC,CISO,2.2,8.8,1.5,1.8,1,2022,8.0,230.0,203.174,-26.741,9pr8ne,19.06
64766,Redwood Coast Airport Microgrid,CA,Humboldt,40.967222,-124.104444,WECC,CISO,2.2,8.8,1.5,1.8,1,2022,9.0,206.0,182.166,-23.976,9pr8ne,19.06
64766,Redwood Coast Airport Microgrid,CA,Humboldt,40.967222,-124.104444,WECC,CISO,2.2,8.8,1.5,1.8,1,2022,10.0,230.0,203.283,-26.755,9pr8ne,19.06
64766,Redwood Coast Airport Microgrid,CA,Humboldt,40.967222,-124.104444,WECC,CISO,2.2,8.8,1.5,1.8,1,2022,11.0,213.0,188.197,-24.769,9pr8ne,19.06
64766,Redwood Coast Airport Microgrid,CA,Humboldt,40.967222,-124.104444,WECC,CISO,2.2,8.8,1.5,1.8,1,2022,12.0,215.0,190.018,-25.009,9pr8ne,19.06
64877,Edwards Sanborn E3,CA,Kern,34.946324,-118.126489,WECC,CISO,13.7,31.5,13.2,13.2,1,2021,1.0,,,,9q5zqv,12.58
64877,Edwards Sanborn E3,CA,Kern,34.946324,-118.126489,WECC,CISO,13.7,31.5,13.2,13.2,1,2021,2.0,,,,9q5zqv,12.58
64877,Edwards Sanborn E3,CA,Kern,34.946324,-118.126489,WECC,CISO,13.7,31.5,13.2,13.2,1,2021,3.0,,,,9q5zqv,12.58
64877,Edwards Sanborn E3,CA,Kern,34.946324,-118.126489,WECC,CISO,13.7,31.5,13.2,13.2,1,2021,4.0,,,,9q5zqv,12.58
64877,Edwards Sanborn E3,CA,Kern,34.946324,-118.126489,WECC,CISO,13.7,31.5,13.2,13.2,1,2021,5.0,,,,9q5zqv,12.58
64877,Edwards Sanborn E3,CA,Kern,34.946324,-118.126489,WECC,CISO,13.7,31.5,13.2,13.2,1,2021,6.0,,,,9q5zqv,12.58
64877,Edwards Sanborn E3,CA,Kern,34.946324,-118.126489,WECC,CISO,13.7,31.5,13.2,13.2,1,2021,7.0,,,,9q5zqv,12.58
64877,Edwards Sanborn E3,CA,Kern,34.946324,-118.126489,WECC,CISO,13.7,31.5,13.2,13.2,1,2021,8.0,,,,9q5zqv,12.58
64877,Edwards Sanborn E3,CA,Kern,34.946324,-118.126489,WECC,CISO,13.7,31.5,13.2,13.2,1,2021,9.0,,,,9q5zqv,12.58
64877,Edwards Sanborn E3,CA,Kern,34.946324,-118.126489,WECC,CISO,13.7,31.5,13.2,13.2,1,2021,10.0,,,,9q5zqv,12.58
64877,Edwards Sanborn E3,CA,Kern,34.946324,-118.126489,WECC,CISO,13.7,31.5,13.2,13.2,1,2021,11.0,,,,9q5zqv,12.58
64877,Edwards Sanborn E3,CA,Kern,34.946324,-118.126489,WECC,CISO,13.7,31.5,13.2,13.2,1,2021,12.0,0.0,0.0,0.0,9q5zqv,12.58
64877,Edwards Sanborn E3,CA,Kern,34.946324,-118.126489,WECC,CISO,11.0,31.5,13.2,13.2,1,2022,1.0,0.0,0.0,0.0,9q5zqv,12.58
64877,Edwards Sanborn E3,CA,Kern,34.946324,-118.126489,WECC,CISO,11.0,31.5,13.2,13.2,1,2022,2.0,0.0,0.0,0.0,9q5zqv,12.58
64877,Edwards Sanborn E3,CA,Kern,34.946324,-118.126489,WECC,CISO,11.0,31.5,13.2,13.2,1,2022,3.0,0.0,0.0,0.0,9q5zqv,12.58
64877,Edwards Sanborn E3,CA,Kern,34.946324,-118.126489,WECC,CISO,11.0,31.5,13.2,13.2,1,2022,4.0,0.0,0.0,0.0,9q5zqv,12.58
64877,Edwards Sanborn E3,CA,Kern,34.946324,-118.126489,WECC,CISO,11.0,31.5,13.2,13.2,1,2022,5.0,973.0,816.0,-157.0,9q5zqv,12.58
64877,Edwards Sanborn E3,CA,Kern,34.946324,-118.126489,WECC,CISO,11.0,31.5,13.2,13.2,1,2022,6.0,944.0,779.0,-165.0,9q5zqv,12.58
64877,Edwards Sanborn E3,CA,Kern,34.946324,-118.126489,WECC,CISO,11.0,31.5,13.2,13.2,1,2022,7.0,993.0,809.0,-184.0,9q5zqv,12.58
64877,Edwards Sanborn E3,CA,Kern,34.946324,-118.126489,WECC,CISO,11.0,31.5,13.2,13.2,1,2022,8.0,1071.0,876.0,-195.0,9q5zqv,12.58
64877,Edwards Sanborn E3,CA,Kern,34.946324,-118.126489,WECC,CISO,11.0,31.5,13.2,13.2,1,2022,9.0,943.0,806.0,-137.0,9q5zqv,12.58
64877,Edwards Sanborn E3,CA,Kern,34.946324,-118.126489,WECC,CISO,11.0,31.5,13.2,13.2,1,2022,10.0,977.0,800.0,-177.0,9q5zqv,12.58
64877,Edwards Sanborn E3,CA,Kern,34.946324,-118.126489,WECC,CISO,11.0,31.5,13.2,13.2,1,2022,11.0,950.0,788.0,-162.0,9q5zqv,12.58
64877,Edwards Sanborn E3,CA,Kern,34.946324,-118.126489,WECC,CISO,11.0,31.5,13.2,13.2,1,2022,12.0,898.0,756.0,-142.0,9q5zqv,12.58
64878,Edwards Sanborn E1A,CA,Kern,34.961922,-118.124208,WECC,CISO,144.0,272.0,130.0,130.0,1,2022,1.0,,,,9q5zqv,11.05
64878,Edwards Sanborn E1A,CA,Kern,34.961922,-118.124208,WECC,CISO,144.0,272.0,130.0,130.0,1,2022,2.0,,,,9q5zqv,11.05
64878,Edwards Sanborn E1A,CA,Kern,34.961922,-118.124208,WECC,CISO,144.0,272.0,130.0,130.0,1,2022,3.0,,,,9q5zqv,11.05
64878,Edwards Sanborn E1A,CA,Kern,34.961922,-118.124208,WECC,CISO,144.0,272.0,130.0,130.0,1,2022,4.0,,,,9q5zqv,11.05
64878,Edwards Sanborn E1A,CA,Kern,34.961922,-118.124208,WECC,CISO,144.0,272.0,130.0,130.0,1,2022,5.0,,,,9q5zqv,11.05
64878,Edwards Sanborn E1A,CA,Kern,34.961922,-118.124208,WECC,CISO,144.0,272.0,130.0,130.0,1,2022,6.0,,,,9q5zqv,11.05
64878,Edwards Sanborn E1A,CA,Kern,34.961922,-118.124208,WECC,CISO,144.0,272.0,130.0,130.0,1,2022,7.0,,,,9q5zqv,11.05
64878,Edwards Sanborn E1A,CA,Kern,34.961922,-118.124208,WECC,CISO,144.0,272.0,130.0,130.0,1,2022,8.0,2.0,128.0,126.0,9q5zqv,11.05
64878,Edwards Sanborn E1A,CA,Kern,34.961922,-118.124208,WECC,CISO,144.0,272.0,130.0,130.0,1,2022,9.0,8164.0,7173.0,-991.0,9q5zqv,11.05
64878,Edwards Sanborn E1A,CA,Kern,34.961922,-118.124208,WECC,CISO,144.0,272.0,130.0,130.0,1,2022,10.0,8741.0,7250.0,-1491.0,9q5zqv,11.05
64878,Edwards Sanborn E1A,CA,Kern,34.961922,-118.124208,WECC,CISO,144.0,272.0,130.0,130.0,1,2022,11.0,8241.0,6754.0,-1487.0,9q5zqv,11.05
64878,Edwards Sanborn E1A,CA,Kern,34.961922,-118.124208,WECC,CISO,144.0,272.0,130.0,130.0,1,2022,12.0,6423.0,5332.0,-1091.0,9q5zqv,11.05
64879,Edwards Sanborn E2,CA,Kern,34.941507,-118.129025,WECC,CISO,120.0,250.0,122.8,122.8,1,2022,1.0,,,,9q5zqv,13.02
64879,Edwards Sanborn E2,CA,Kern,34.941507,-118.129025,WECC,CISO,120.0,250.0,122.8,122.8,1,2022,2.0,,,,9q5zqv,13.02
64879,Edwards Sanborn E2,CA,Kern,34.941507,-118.129025,WECC,CISO,120.0,250.0,122.8,122.8,1,2022,3.0,,,,9q5zqv,13.02
64879,Edwards Sanborn E2,CA,Kern,34.941507,-118.129025,WECC,CISO,120.0,250.0,122.8,122.8,1,2022,4.0,0.0,0.0,0.0,9q5zqv,13.02
64879,Edwards Sanborn E2,CA,Kern,34.941507,-118.129025,WECC,CISO,120.0,250.0,122.8,122.8,1,2022,5.0,8010.0,6679.0,-1331.0,9q5zqv,13.02
64879,Edwards Sanborn E2,CA,Kern,34.941507,-118.129025,WECC,CISO,120.0,250.0,122.8,122.8,1,2022,6.0,7872.0,6382.0,-1490.0,9q5zqv,13.02
64879,Edwards Sanborn E2,CA,Kern,34.941507,-118.129025,WECC,CISO,120.0,250.0,122.8,122.8,1,2022,7.0,8220.0,6599.0,-1621.0,9q5zqv,13.02
64879,Edwards Sanborn E2,CA,Kern,34.941507,-118.129025,WECC,CISO,120.0,250.0,122.8,122.8,1,2022,8.0,8662.0,6921.0,-1741.0,9q5zqv,13.02
64879,Edwards Sanborn E2,CA,Kern,34.941507,-118.129025,WECC,CISO,120.0,250.0,122.8,122.8,1,2022,9.0,7867.0,6532.0,-1335.0,9q5zqv,13.02
64879,Edwards Sanborn E2,CA,Kern,34.941507,-118.129025,WECC,CISO,120.0,250.0,122.8,122.8,1,2022,10.0,8034.0,6393.0,-1641.0,9q5zqv,13.02
64879,Edwards Sanborn E2,CA,Kern,34.941507,-118.129025,WECC,CISO,120.0,250.0,122.8,122.8,1,2022,11.0,7383.0,5908.0,-1475.0,9q5zqv,13.02
64879,Edwards Sanborn E2,CA,Kern,34.941507,-118.129025,WECC,CISO,120.0,250.0,122.8,122.8,1,2022,12.0,7004.0,5682.0,-1322.0,9q5zqv,13.02
64881,NMSU Solar and Storage,NM,Dona Ana,32.286048,-106.744529,WECC,EPE,1.0,4.0,1.0,1.0,1,2022,1.0,,,,9w1zzg,417.99
64881,NMSU Solar and Storage,NM,Dona Ana,32.286048,-106.744529,WECC,EPE,1.0,4.0,1.0,1.0,1,2022,2.0,,,,9w1zzg,417.99
64881,NMSU Solar and Storage,NM,Dona Ana,32.286048,-106.744529,WECC,EPE,1.0,4.0,1.0,1.0,1,2022,3.0,,,,9w1zzg,417.99
64881,NMSU Solar and Storage,NM,Dona Ana,32.286048,-106.744529,WECC,EPE,1.0,4.0,1.0,1.0,1,2022,4.0,,,,9w1zzg,417.99
64881,NMSU Solar and Storage,NM,Dona Ana,32.286048,-106.744529,WECC,EPE,1.0,4.0,1.0,1.0,1,2022,5.0,0.0,0.0,0.0,9w1zzg,417.99
64881,NMSU Solar and Storage,NM,Dona Ana,32.286048,-106.744529,WECC,EPE,1.0,4.0,1.0,1.0,1,2022,6.0,0.0,0.0,0.0,9w1zzg,417.99
64881,NMSU Solar and Storage,NM,Dona Ana,32.286048,-106.744529,WECC,EPE,1.0,4.0,1.0,1.0,1,2022,7.0,0.0,0.0,0.0,9w1zzg,417.99
64881,NMSU Solar and Storage,NM,Dona Ana,32.286048,-106.744529,WECC,EPE,1.0,4.0,1.0,1.0,1,2022,8.0,0.0,0.0,0.0,9w1zzg,417.99
64881,NMSU Solar and Storage,NM,Dona Ana,32.286048,-106.744529,WECC,EPE,1.0,4.0,1.0,1.0,1,2022,9.0,0.0,0.0,0.0,9w1zzg,417.99
64881,NMSU Solar and Storage,NM,Dona Ana,32.286048,-106.744529,WECC,EPE,1.0,4.0,1.0,1.0,1,2022,10.0,0.0,0.0,0.0,9w1zzg,417.99
64881,NMSU Solar and Storage,NM,Dona Ana,32.286048,-106.744529,WECC,EPE,1.0,4.0,1.0,1.0,1,2022,11.0,0.0,0.0,0.0,9w1zzg,417.99
64881,NMSU Solar and Storage,NM,Dona Ana,32.286048,-106.744529,WECC,EPE,1.0,4.0,1.0,1.0,1,2022,12.0,0.0,0.0,0.0,9w1zzg,417.99
64921,Santa Ana Storage 2,CA,Orange,33.715016,-117.853984,WECC,CISO,20.0,80.0,20.0,20.0,1,2022,1.0,,,,9mupsy,5.66
64921,Santa Ana Storage 2,CA,Orange,33.715016,-117.853984,WECC,CISO,20.0,80.0,20.0,20.0,1,2022,2.0,,,,9mupsy,5.66
64921,Santa Ana Storage 2,CA,Orange,33.715016,-117.853984,WECC,CISO,20.0,80.0,20.0,20.0,1,2022,3.0,,,,9mupsy,5.66
64921,Santa Ana Storage 2,CA,Orange,33.715016,-117.853984,WECC,CISO,20.0,80.0,20.0,20.0,1,2022,4.0,,,,9mupsy,5.66
64921,Santa Ana Storage 2,CA,Orange,33.715016,-117.853984,WECC,CISO,20.0,80.0,20.0,20.0,1,2022,5.0,,,,9mupsy,5.66
64921,Santa Ana Storage 2,CA,Orange,33.715016,-117.853984,WECC,CISO,20.0,80.0,20.0,20.0,1,2022,6.0,7518.0,6696.424,-821.952,9mupsy,5.66
64921,Santa Ana Storage 2,CA,Orange,33.715016,-117.853984,WECC,CISO,20.0,80.0,20.0,20.0,1,2022,7.0,7811.0,6957.176,-853.957,9mupsy,5.66
64921,Santa Ana Storage 2,CA,Orange,33.715016,-117.853984,WECC,CISO,20.0,80.0,20.0,20.0,1,2022,8.0,8025.0,7147.873,-877.364,9mupsy,5.66
64921,Santa Ana Storage 2,CA,Orange,33.715016,-117.853984,WECC,CISO,20.0,80.0,20.0,20.0,1,2022,9.0,7195.0,6408.813,-786.649,9mupsy,5.66
64921,Santa Ana Storage 2,CA,Orange,33.715016,-117.853984,WECC,CISO,20.0,80.0,20.0,20.0,1,2022,10.0,8030.0,7151.719,-877.836,9mupsy,5.66
64921,Santa Ana Storage 2,CA,Orange,33.715016,-117.853984,WECC,CISO,20.0,80.0,20.0,20.0,1,2022,11.0,7434.0,6620.965,-812.689,9mupsy,5.66
64921,Santa Ana Storage 2,CA,Orange,33.715016,-117.853984,WECC,CISO,20.0,80.0,20.0,20.0,1,2022,12.0,7506.0,6685.03,-820.553,9mupsy,5.66
64928,Edwards Sanborn S3,CA,Kern,35.01644,-118.1225,WECC,CISO,33.0,70.0,35.1,35.1,1,2022,1.0,,,,9q5zqv,6.17
64928,Edwards Sanborn S3,CA,Kern,35.01644,-118.1225,WECC,CISO,33.0,70.0,35.1,35.1,1,2022,2.0,,,,9q5zqv,6.17
64928,Edwards Sanborn S3,CA,Kern,35.01644,-118.1225,WECC,CISO,33.0,70.0,35.1,35.1,1,2022,3.0,,,,9q5zqv,6.17
64928,Edwards Sanborn S3,CA,Kern,35.01644,-118.1225,WECC,CISO,33.0,70.0,35.1,35.1,1,2022,4.0,,,,9q5zqv,6.17
64928,Edwards Sanborn S3,CA,Kern,35.01644,-118.1225,WECC,CISO,33.0,70.0,35.1,35.1,1,2022,5.0,0.0,0.0,0.0,9q5zqv,6.17
64928,Edwards Sanborn S3,CA,Kern,35.01644,-118.1225,WECC,CISO,33.0,70.0,35.1,35.1,1,2022,6.0,0.0,0.0,0.0,9q5zqv,6.17
64928,Edwards Sanborn S3,CA,Kern,35.01644,-118.1225,WECC,CISO,33.0,70.0,35.1,35.1,1,2022,7.0,1432.0,985.0,-447.0,9q5zqv,6.17
64928,Edwards Sanborn S3,CA,Kern,35.01644,-118.1225,WECC,CISO,33.0,70.0,35.1,35.1,1,2022,8.0,2607.0,2062.0,-545.0,9q5zqv,6.17
64928,Edwards Sanborn S3,CA,Kern,35.01644,-118.1225,WECC,CISO,33.0,70.0,35.1,35.1,1,2022,9.0,2074.0,1728.0,-346.0,9q5zqv,6.17
64928,Edwards Sanborn S3,CA,Kern,35.01644,-118.1225,WECC,CISO,33.0,70.0,35.1,35.1,1,2022,10.0,2427.0,1966.0,-461.0,9q5zqv,6.17
64928,Edwards Sanborn S3,CA,Kern,35.01644,-118.1225,WECC,CISO,33.0,70.0,35.1,35.1,1,2022,11.0,2317.0,1890.0,-427.0,9q5zqv,6.17
64928,Edwards Sanborn S3,CA,Kern,35.01644,-118.1225,WECC,CISO,33.0,70.0,35.1,35.1,1,2022,12.0,2093.0,1722.0,-371.0,9q5zqv,6.17
64929,Edwards Sanborn S1,CA,Kern,35.02769,-118.13284,WECC,CISO,40.0,83.5,42.1,42.1,1,2022,1.0,,,,9q5zqv,4.65
64929,Edwards Sanborn S1,CA,Kern,35.02769,-118.13284,WECC,CISO,40.0,83.5,42.1,42.1,1,2022,2.0,,,,9q5zqv,4.65
64929,Edwards Sanborn S1,CA,Kern,35.02769,-118.13284,WECC,CISO,40.0,83.5,42.1,42.1,1,2022,3.0,,,,9q5zqv,4.65
64929,Edwards Sanborn S1,CA,Kern,35.02769,-118.13284,WECC,CISO,40.0,83.5,42.1,42.1,1,2022,4.0,,,,9q5zqv,4.65
64929,Edwards Sanborn S1,CA,Kern,35.02769,-118.13284,WECC,CISO,40.0,83.5,42.1,42.1,1,2022,5.0,0.0,0.0,0.0,9q5zqv,4.65
64929,Edwards Sanborn S1,CA,Kern,35.02769,-118.13284,WECC,CISO,40.0,83.5,42.1,42.1,1,2022,6.0,0.0,0.0,0.0,9q5zqv,4.65
64929,Edwards Sanborn S1,CA,Kern,35.02769,-118.13284,WECC,CISO,40.0,83.5,42.1,42.1,1,2022,7.0,1801.0,1313.0,-488.0,9q5zqv,4.65
64929,Edwards Sanborn S1,CA,Kern,35.02769,-118.13284,WECC,CISO,40.0,83.5,42.1,42.1,1,2022,8.0,3573.0,2813.0,-760.0,9q5zqv,4.65
64929,Edwards Sanborn S1,CA,Kern,35.02769,-118.13284,WECC,CISO,40.0,83.5,42.1,42.1,1,2022,9.0,2978.0,2450.0,-528.0,9q5zqv,4.65
64929,Edwards Sanborn S1,CA,Kern,35.02769,-118.13284,WECC,CISO,40.0,83.5,42.1,42.1,1,2022,10.0,3064.0,2442.0,-622.0,9q5zqv,4.65
64929,Edwards Sanborn S1,CA,Kern,35.02769,-118.13284,WECC,CISO,40.0,83.5,42.1,42.1,1,2022,11.0,2682.0,2192.0,-490.0,9q5zqv,4.65
64929,Edwards Sanborn S1,CA,Kern,35.02769,-118.13284,WECC,CISO,40.0,83.5,42.1,42.1,1,2022,12.0,2536.0,2104.0,-432.0,9q5zqv,4.65
64993,"BigBeau Solar, LLC",CA,Kern,34.907041,-118.344077,WECC,CISO,40.0,160.0,40.0,40.0,1,2022,1.0,,,,9q5zqv,22.43
64993,"BigBeau Solar, LLC",CA,Kern,34.907041,-118.344077,WECC,CISO,40.0,160.0,40.0,40.0,1,2022,2.0,,,,9q5zqv,22.43
64993,"BigBeau Solar, LLC",CA,Kern,34.907041,-118.344077,WECC,CISO,40.0,160.0,40.0,40.0,1,2022,3.0,,,,9q5zqv,22.43
64993,"BigBeau Solar, LLC",CA,Kern,34.907041,-118.344077,WECC,CISO,40.0,160.0,40.0,40.0,1,2022,4.0,,,,9q5zqv,22.43
64993,"BigBeau Solar, LLC",CA,Kern,34.907041,-118.344077,WECC,CISO,40.0,160.0,40.0,40.0,1,2022,5.0,,,,9q5zqv,22.43
64993,"BigBeau Solar, LLC",CA,Kern,34.907041,-118.344077,WECC,CISO,40.0,160.0,40.0,40.0,1,2022,6.0,,,,9q5zqv,22.43
64993,"BigBeau Solar, LLC",CA,Kern,34.907041,-118.344077,WECC,CISO,40.0,160.0,40.0,40.0,1,2022,7.0,,,,9q5zqv,22.43
64993,"BigBeau Solar, LLC",CA,Kern,34.907041,-118.344077,WECC,CISO,40.0,160.0,40.0,40.0,1,2022,8.0,,,,9q5zqv,22.43
64993,"BigBeau Solar, LLC",CA,Kern,34.907041,-118.344077,WECC,CISO,40.0,160.0,40.0,40.0,1,2022,9.0,,,,9q5zqv,22.43
64993,"BigBeau Solar, LLC",CA,Kern,34.907041,-118.344077,WECC,CISO,40.0,160.0,40.0,40.0,1,2022,10.0,,,,9q5zqv,22.43
64993,"BigBeau Solar, LLC",CA,Kern,34.907041,-118.344077,WECC,CISO,40.0,160.0,40.0,40.0,1,2022,11.0,,,,9q5zqv,22.43
64993,"BigBeau Solar, LLC",CA,Kern,34.907041,-118.344077,WECC,CISO,40.0,160.0,40.0,40.0,1,2022,12.0,0.0,0.0,0.0,9q5zqv,22.43
65053,Blythe Mesa Solar II,CA,Riverside,33.640813,-114.680261,WECC,CISO,112.0,448.0,112.0,112.0,1,2022,1.0,,,,9qndpr,66.7
65053,Blythe Mesa Solar II,CA,Riverside,33.640813,-114.680261,WECC,CISO,112.0,448.0,112.0,112.0,1,2022,2.0,,,,9qndpr,66.7
65053,Blythe Mesa Solar II,CA,Riverside,33.640813,-114.680261,WECC,CISO,112.0,448.0,112.0,112.0,1,2022,3.0,,,,9qndpr,66.7
65053,Blythe Mesa Solar II,CA,Riverside,33.640813,-114.680261,WECC,CISO,112.0,448.0,112.0,112.0,1,2022,4.0,,,,9qndpr,66.7
65053,Blythe Mesa Solar II,CA,Riverside,33.640813,-114.680261,WECC,CISO,112.0,448.0,112.0,112.0,1,2022,5.0,,,,9qndpr,66.7
65053,Blythe Mesa Solar II,CA,Riverside,33.640813,-114.680261,WECC,CISO,112.0,448.0,112.0,112.0,1,2022,6.0,,,,9qndpr,66.7
65053,Blythe Mesa Solar II,CA,Riverside,33.640813,-114.680261,WECC,CISO,112.0,448.0,112.0,112.0,1,2022,7.0,,,,9qndpr,66.7
65053,Blythe Mesa Solar II,CA,Riverside,33.640813,-114.680261,WECC,CISO,112.0,448.0,112.0,112.0,1,2022,8.0,,,,9qndpr,66.7
65053,Blythe Mesa Solar II,CA,Riverside,33.640813,-114.680261,WECC,CISO,112.0,448.0,112.0,112.0,1,2022,9.0,,,,9qndpr,66.7
65053,Blythe Mesa Solar II,CA,Riverside,33.640813,-114.680261,WECC,CISO,112.0,448.0,112.0,112.0,1,2022,10.0,,,,9qndpr,66.7
65053,Blythe Mesa Solar II,CA,Riverside,33.640813,-114.680261,WECC,CISO,112.0,448.0,112.0,112.0,1,2022,11.0,,,,9qndpr,66.7
65053,Blythe Mesa Solar II,CA,Riverside,33.640813,-114.680261,WECC,CISO,112.0,448.0,112.0,112.0,1,2022,12.0,0.0,0.0,0.0,9qndpr,66.7
65132,University of the Pacific,CA,San Joaquin,37.980054,-121.312418,WECC,CISO,1.0,2.2,1.0,1.0,1,2022,1.0,,,,9qcbq0,26.39
65132,University of the Pacific,CA,San Joaquin,37.980054,-121.312418,WECC,CISO,1.0,2.2,1.0,1.0,1,2022,2.0,,,,9qcbq0,26.39
65132,University of the Pacific,CA,San Joaquin,37.980054,-121.312418,WECC,CISO,1.0,2.2,1.0,1.0,1,2022,3.0,,,,9qcbq0,26.39
65132,University of the Pacific,CA,San Joaquin,37.980054,-121.312418,WECC,CISO,1.0,2.2,1.0,1.0,1,2022,4.0,,,,9qcbq0,26.39
65132,University of the Pacific,CA,San Joaquin,37.980054,-121.312418,WECC,CISO,1.0,2.2,1.0,1.0,1,2022,5.0,0.0,0.0,0.0,9qcbq0,26.39
65132,University of the Pacific,CA,San Joaquin,37.980054,-121.312418,WECC,CISO,1.0,2.2,1.0,1.0,1,2022,6.0,0.0,0.0,0.0,9qcbq0,26.39
65132,University of the Pacific,CA,San Joaquin,37.980054,-121.312418,WECC,CISO,1.0,2.2,1.0,1.0,1,2022,7.0,0.0,0.0,0.0,9qcbq0,26.39
65132,University of the Pacific,CA,San Joaquin,37.980054,-121.312418,WECC,CISO,1.0,2.2,1.0,1.0,1,2022,8.0,0.0,0.0,0.0,9qcbq0,26.39
65132,University of the Pacific,CA,San Joaquin,37.980054,-121.312418,WECC,CISO,1.0,2.2,1.0,1.0,1,2022,9.0,0.0,0.0,0.0,9qcbq0,26.39
65132,University of the Pacific,CA,San Joaquin,37.980054,-121.312418,WECC,CISO,1.0,2.2,1.0,1.0,1,2022,10.0,0.0,0.0,0.0,9qcbq0,26.39
65132,University of the Pacific,CA,San Joaquin,37.980054,-121.312418,WECC,CISO,1.0,2.2,1.0,1.0,1,2022,11.0,0.0,0.0,0.0,9qcbq0,26.39
65132,University of the Pacific,CA,San Joaquin,37.980054,-121.312418,WECC,CISO,1.0,2.2,1.0,1.0,1,2022,12.0,0.0,0.0,0.0,9qcbq0,26.39
65140,Crimson,CA,Riverside,33.57345,-114.814541,WECC,CISO,350.0,1400.0,308.0,306.0,2,2022,1.0,,,,9qndpr,79.99
65140,Crimson,CA,Riverside,33.57345,-114.814541,WECC,CISO,350.0,1400.0,308.0,306.0,2,2022,2.0,,,,9qndpr,79.99
65140,Crimson,CA,Riverside,33.57345,-114.814541,WECC,CISO,350.0,1400.0,308.0,306.0,2,2022,3.0,,,,9qndpr,79.99
65140,Crimson,CA,Riverside,33.57345,-114.814541,WECC,CISO,350.0,1400.0,308.0,306.0,2,2022,4.0,,,,9qndpr,79.99
65140,Crimson,CA,Riverside,33.57345,-114.814541,WECC,CISO,350.0,1400.0,308.0,306.0,2,2022,5.0,,,,9qndpr,79.99
65140,Crimson,CA,Riverside,33.57345,-114.814541,WECC,CISO,350.0,1400.0,308.0,306.0,2,2022,6.0,,,,9qndpr,79.99
65140,Crimson,CA,Riverside,33.57345,-114.814541,WECC,CISO,350.0,1400.0,308.0,306.0,2,2022,7.0,,,,9qndpr,79.99
65140,Crimson,CA,Riverside,33.57345,-114.814541,WECC,CISO,350.0,1400.0,308.0,306.0,2,2022,8.0,,,,9qndpr,79.99
65140,Crimson,CA,Riverside,33.57345,-114.814541,WECC,CISO,350.0,1400.0,308.0,306.0,2,2022,9.0,,,,9qndpr,79.99
65140,Crimson,CA,Riverside,33.57345,-114.814541,WECC,CISO,350.0,1400.0,308.0,306.0,2,2022,10.0,23540.0,20486.0,-3054.0,9qndpr,79.99
65140,Crimson,CA,Riverside,33.57345,-114.814541,WECC,CISO,350.0,1400.0,308.0,306.0,2,2022,11.0,42961.0,36585.0,-6376.0,9qndpr,79.99
65140,Crimson,CA,Riverside,33.57345,-114.814541,WECC,CISO,350.0,1400.0,308.0,306.0,2,2022,12.0,49106.0,43249.0,-5857.0,9qndpr,79.99
65382,Lincoln WWTF Hybrid,CA,Placer,38.859,-121.346,WECC,CISO,1.0,2.0,1.0,1.0,1,2022,1.0,,,,9qcts0,13.35
65382,Lincoln WWTF Hybrid,CA,Placer,38.859,-121.346,WECC,CISO,1.0,2.0,1.0,1.0,1,2022,2.0,,,,9qcts0,13.35
65382,Lincoln WWTF Hybrid,CA,Placer,38.859,-121.346,WECC,CISO,1.0,2.0,1.0,1.0,1,2022,3.0,0.0,0.0,0.0,9qcts0,13.35
65382,Lincoln WWTF Hybrid,CA,Placer,38.859,-121.346,WECC,CISO,1.0,2.0,1.0,1.0,1,2022,4.0,0.0,0.0,0.0,9qcts0,13.35
65382,Lincoln WWTF Hybrid,CA,Placer,38.859,-121.346,WECC,CISO,1.0,2.0,1.0,1.0,1,2022,5.0,0.0,0.0,0.0,9qcts0,13.35
65382,Lincoln WWTF Hybrid,CA,Placer,38.859,-121.346,WECC,CISO,1.0,2.0,1.0,1.0,1,2022,6.0,0.0,0.0,0.0,9qcts0,13.35
65382,Lincoln WWTF Hybrid,CA,Placer,38.859,-121.346,WECC,CISO,1.0,2.0,1.0,1.0,1,2022,7.0,0.0,0.0,0.0,9qcts0,13.35
65382,Lincoln WWTF Hybrid,CA,Placer,38.859,-121.346,WECC,CISO,1.0,2.0,1.0,1.0,1,2022,8.0,0.0,0.0,0.0,9qcts0,13.35
65382,Lincoln WWTF Hybrid,CA,Placer,38.859,-121.346,WECC,CISO,1.0,2.0,1.0,1.0,1,2022,9.0,0.0,0.0,0.0,9qcts0,13.35
65382,Lincoln WWTF Hybrid,CA,Placer,38.859,-121.346,WECC,CISO,1.0,2.0,1.0,1.0,1,2022,10.0,0.0,0.0,0.0,9qcts0,13.35
65382,Lincoln WWTF Hybrid,CA,Placer,38.859,-121.346,WECC,CISO,1.0,2.0,1.0,1.0,1,2022,11.0,0.0,0.0,0.0,9qcts0,13.35
65382,Lincoln WWTF Hybrid,CA,Placer,38.859,-121.346,WECC,CISO,1.0,2.0,1.0,1.0,1,2022,12.0,0.0,0.0,0.0,9qcts0,13.35
65408,Gilead Oceanside Solar Project,CA,San Diego,33.213138,-117.304166,WECC,CISO,0.7,3.0,0.7,0.7,1,2021,,,,,9mumuf,29.36
65408,Gilead Oceanside Solar Project,CA,San Diego,33.213138,-117.304166,WECC,CISO,0.7,3.0,0.7,0.7,1,2022,1.0,0.0,0.0,0.0,9mumuf,29.36
65408,Gilead Oceanside Solar Project,CA,San Diego,33.213138,-117.304166,WECC,CISO,0.7,3.0,0.7,0.7,1,2022,2.0,0.0,0.0,0.0,9mumuf,29.36
65408,Gilead Oceanside Solar Project,CA,San Diego,33.213138,-117.304166,WECC,CISO,0.7,3.0,0.7,0.7,1,2022,3.0,0.0,0.0,0.0,9mumuf,29.36
65408,Gilead Oceanside Solar Project,CA,San Diego,33.213138,-117.304166,WECC,CISO,0.7,3.0,0.7,0.7,1,2022,4.0,0.0,0.0,0.0,9mumuf,29.36
65408,Gilead Oceanside Solar Project,CA,San Diego,33.213138,-117.304166,WECC,CISO,0.7,3.0,0.7,0.7,1,2022,5.0,0.0,0.0,0.0,9mumuf,29.36
65408,Gilead Oceanside Solar Project,CA,San Diego,33.213138,-117.304166,WECC,CISO,0.7,3.0,0.7,0.7,1,2022,6.0,0.0,0.0,0.0,9mumuf,29.36
65408,Gilead Oceanside Solar Project,CA,San Diego,33.213138,-117.304166,WECC,CISO,0.7,3.0,0.7,0.7,1,2022,7.0,0.0,0.0,0.0,9mumuf,29.36
65408,Gilead Oceanside Solar Project,CA,San Diego,33.213138,-117.304166,WECC,CISO,0.7,3.0,0.7,0.7,1,2022,8.0,0.0,0.0,0.0,9mumuf,29.36
65408,Gilead Oceanside Solar Project,CA,San Diego,33.213138,-117.304166,WECC,CISO,0.7,3.0,0.7,0.7,1,2022,9.0,0.0,0.0,0.0,9mumuf,29.36
65408,Gilead Oceanside Solar Project,CA,San Diego,33.213138,-117.304166,WECC,CISO,0.7,3.0,0.7,0.7,1,2022,10.0,0.0,0.0,0.0,9mumuf,29.36
65408,Gilead Oceanside Solar Project,CA,San Diego,33.213138,-117.304166,WECC,CISO,0.7,3.0,0.7,0.7,1,2022,11.0,0.0,0.0,0.0,9mumuf,29.36
65408,Gilead Oceanside Solar Project,CA,San Diego,33.213138,-117.304166,WECC,CISO,0.7,3.0,0.7,0.7,1,2022,12.0,0.0,0.0,0.0,9mumuf,29.36
65409,Gilead Foster City Solar Project,CA,San Mateo,37.568597,-122.27797,WECC,CISO,0.5,0.9,0.5,0.5,1,2021,1.0,,,,9q9jb9,3.92
65409,Gilead Foster City Solar Project,CA,San Mateo,37.568597,-122.27797,WECC,CISO,0.5,0.9,0.5,0.5,1,2021,2.0,,,,9q9jb9,3.92
65409,Gilead Foster City Solar Project,CA,San Mateo,37.568597,-122.27797,WECC,CISO,0.5,0.9,0.5,0.5,1,2021,3.0,,,,9q9jb9,3.92
65409,Gilead Foster City Solar Project,CA,San Mateo,37.568597,-122.27797,WECC,CISO,0.5,0.9,0.5,0.5,1,2021,4.0,0.0,0.0,0.0,9q9jb9,3.92
65409,Gilead Foster City Solar Project,CA,San Mateo,37.568597,-122.27797,WECC,CISO,0.5,0.9,0.5,0.5,1,2021,5.0,0.0,0.0,0.0,9q9jb9,3.92
65409,Gilead Foster City Solar Project,CA,San Mateo,37.568597,-122.27797,WECC,CISO,0.5,0.9,0.5,0.5,1,2021,6.0,0.0,0.0,0.0,9q9jb9,3.92
65409,Gilead Foster City Solar Project,CA,San Mateo,37.568597,-122.27797,WECC,CISO,0.5,0.9,0.5,0.5,1,2021,7.0,0.0,0.0,0.0,9q9jb9,3.92
65409,Gilead Foster City Solar Project,CA,San Mateo,37.568597,-122.27797,WECC,CISO,0.5,0.9,0.5,0.5,1,2021,8.0,0.0,0.0,0.0,9q9jb9,3.92
65409,Gilead Foster City Solar Project,CA,San Mateo,37.568597,-122.27797,WECC,CISO,0.5,0.9,0.5,0.5,1,2021,9.0,0.0,0.0,0.0,9q9jb9,3.92
65409,Gilead Foster City Solar Project,CA,San Mateo,37.568597,-122.27797,WECC,CISO,0.5,0.9,0.5,0.5,1,2021,10.0,0.0,0.0,0.0,9q9jb9,3.92
65409,Gilead Foster City Solar Project,CA,San Mateo,37.568597,-122.27797,WECC,CISO,0.5,0.9,0.5,0.5,1,2021,11.0,0.0,0.0,0.0,9q9jb9,3.92
65409,Gilead Foster City Solar Project,CA,San Mateo,37.568597,-122.27797,WECC,CISO,0.5,0.9,0.5,0.5,1,2021,12.0,0.0,0.0,0.0,9q9jb9,3.92
65409,Gilead Foster City Solar Project,CA,San Mateo,37.568597,-122.27797,WECC,CISO,0.5,0.9,0.5,0.5,1,2022,1.0,0.0,0.0,0.0,9q9jb9,3.92
65409,Gilead Foster City Solar Project,CA,San Mateo,37.568597,-122.27797,WECC,CISO,0.5,0.9,0.5,0.5,1,2022,2.0,0.0,0.0,0.0,9q9jb9,3.92
65409,Gilead Foster City Solar Project,CA,San Mateo,37.568597,-122.27797,WECC,CISO,0.5,0.9,0.5,0.5,1,2022,3.0,0.0,0.0,0.0,9q9jb9,3.92
65409,Gilead Foster City Solar Project,CA,San Mateo,37.568597,-122.27797,WECC,CISO,0.5,0.9,0.5,0.5,1,2022,4.0,0.0,0.0,0.0,9q9jb9,3.92
65409,Gilead Foster City Solar Project,CA,San Mateo,37.568597,-122.27797,WECC,CISO,0.5,0.9,0.5,0.5,1,2022,5.0,0.0,0.0,0.0,9q9jb9,3.92
65409,Gilead Foster City Solar Project,CA,San Mateo,37.568597,-122.27797,WECC,CISO,0.5,0.9,0.5,0.5,1,2022,6.0,0.0,0.0,0.0,9q9jb9,3.92
65409,Gilead Foster City Solar Project,CA,San Mateo,37.568597,-122.27797,WECC,CISO,0.5,0.9,0.5,0.5,1,2022,7.0,0.0,0.0,0.0,9q9jb9,3.92
65409,Gilead Foster City Solar Project,CA,San Mateo,37.568597,-122.27797,WECC,CISO,0.5,0.9,0.5,0.5,1,2022,8.0,0.0,0.0,0.0,9q9jb9,3.92
65409,Gilead Foster City Solar Project,CA,San Mateo,37.568597,-122.27797,WECC,CISO,0.5,0.9,0.5,0.5,1,2022,9.0,0.0,0.0,0.0,9q9jb9,3.92
65409,Gilead Foster City Solar Project,CA,San Mateo,37.568597,-122.27797,WECC,CISO,0.5,0.9,0.5,0.5,1,2022,10.0,0.0,0.0,0.0,9q9jb9,3.92
65409,Gilead Foster City Solar Project,CA,San Mateo,37.568597,-122.27797,WECC,CISO,0.5,0.9,0.5,0.5,1,2022,11.0,0.0,0.0,0.0,9q9jb9,3.92
65409,Gilead Foster City Solar Project,CA,San Mateo,37.568597,-122.27797,WECC,CISO,0.5,0.9,0.5,0.5,1,2022,12.0,0.0,0.0,0.0,9q9jb9,3.92
65469,Sealed Air Madera Solar Project,CA,Madera,36.945582,-120.056016,WECC,CISO,0.8,3.1,0.8,0.8,1,2022,1.0,,,,9qd9xh,15.79
65469,Sealed Air Madera Solar Project,CA,Madera,36.945582,-120.056016,WECC,CISO,0.8,3.1,0.8,0.8,1,2022,2.0,,,,9qd9xh,15.79
65469,Sealed Air Madera Solar Project,CA,Madera,36.945582,-120.056016,WECC,CISO,0.8,3.1,0.8,0.8,1,2022,3.0,,,,9qd9xh,15.79
65469,Sealed Air Madera Solar Project,CA,Madera,36.945582,-120.056016,WECC,CISO,0.8,3.1,0.8,0.8,1,2022,4.0,,,,9qd9xh,15.79
65469,Sealed Air Madera Solar Project,CA,Madera,36.945582,-120.056016,WECC,CISO,0.8,3.1,0.8,0.8,1,2022,5.0,0.0,0.0,0.0,9qd9xh,15.79
65469,Sealed Air Madera Solar Project,CA,Madera,36.945582,-120.056016,WECC,CISO,0.8,3.1,0.8,0.8,1,2022,6.0,0.0,0.0,0.0,9qd9xh,15.79
65469,Sealed Air Madera Solar Project,CA,Madera,36.945582,-120.056016,WECC,CISO,0.8,3.1,0.8,0.8,1,2022,7.0,0.0,0.0,0.0,9qd9xh,15.79
65469,Sealed Air Madera Solar Project,CA,Madera,36.945582,-120.056016,WECC,CISO,0.8,3.1,0.8,0.8,1,2022,8.0,0.0,0.0,0.0,9qd9xh,15.79
65469,Sealed Air Madera Solar Project,CA,Madera,36.945582,-120.056016,WECC,CISO,0.8,3.1,0.8,0.8,1,2022,9.0,0.0,0.0,0.0,9qd9xh,15.79
65469,Sealed Air Madera Solar Project,CA,Madera,36.945582,-120.056016,WECC,CISO,0.8,3.1,0.8,0.8,1,2022,10.0,0.0,0.0,0.0,9qd9xh,15.79
65469,Sealed Air Madera Solar Project,CA,Madera,36.945582,-120.056016,WECC,CISO,0.8,3.1,0.8,0.8,1,2022,11.0,0.0,0.0,0.0,9qd9xh,15.79
65469,Sealed Air Madera Solar Project,CA,Madera,36.945582,-120.056016,WECC,CISO,0.8,3.1,0.8,0.8,1,2022,12.0,3.0,2.0,-1.0,9qd9xh,15.79
65472,Chukar Battery Energy Storage System,NV,Storey,39.55636,-119.43665,WECC,NEVP,10.0,40.0,10.0,10.0,1,2021,,,,,9r50xy,22.26
65472,Chukar Battery Energy Storage System,NV,Storey,39.55636,-119.43665,WECC,NEVP,10.0,40.0,10.0,10.0,1,2022,,,,,9r50xy,22.26
65568,Google Moffett Park Solar Project,CA,Santa Clara,37.405313,-122.017498,WECC,CISO,0.6,1.1,0.6,0.6,1,2021,1.0,,,,9q9hq4,10.5
65568,Google Moffett Park Solar Project,CA,Santa Clara,37.405313,-122.017498,WECC,CISO,0.6,1.1,0.6,0.6,1,2021,2.0,,,,9q9hq4,10.5
65568,Google Moffett Park Solar Project,CA,Santa Clara,37.405313,-122.017498,WECC,CISO,0.6,1.1,0.6,0.6,1,2021,3.0,0.0,0.0,0.0,9q9hq4,10.5
65568,Google Moffett Park Solar Project,CA,Santa Clara,37.405313,-122.017498,WECC,CISO,0.6,1.1,0.6,0.6,1,2021,4.0,0.0,0.0,0.0,9q9hq4,10.5
65568,Google Moffett Park Solar Project,CA,Santa Clara,37.405313,-122.017498,WECC,CISO,0.6,1.1,0.6,0.6,1,2021,5.0,0.0,0.0,0.0,9q9hq4,10.5
65568,Google Moffett Park Solar Project,CA,Santa Clara,37.405313,-122.017498,WECC,CISO,0.6,1.1,0.6,0.6,1,2021,6.0,0.0,0.0,0.0,9q9hq4,10.5
65568,Google Moffett Park Solar Project,CA,Santa Clara,37.405313,-122.017498,WECC,CISO,0.6,1.1,0.6,0.6,1,2021,7.0,0.0,0.0,0.0,9q9hq4,10.5
65568,Google Moffett Park Solar Project,CA,Santa Clara,37.405313,-122.017498,WECC,CISO,0.6,1.1,0.6,0.6,1,2021,8.0,0.0,0.0,0.0,9q9hq4,10.5
65568,Google Moffett Park Solar Project,CA,Santa Clara,37.405313,-122.017498,WECC,CISO,0.6,1.1,0.6,0.6,1,2021,9.0,0.0,0.0,0.0,9q9hq4,10.5
65568,Google Moffett Park Solar Project,CA,Santa Clara,37.405313,-122.017498,WECC,CISO,0.6,1.1,0.6,0.6,1,2021,10.0,0.0,0.0,0.0,9q9hq4,10.5
65568,Google Moffett Park Solar Project,CA,Santa Clara,37.405313,-122.017498,WECC,CISO,0.6,1.1,0.6,0.6,1,2021,11.0,0.0,0.0,0.0,9q9hq4,10.5
65568,Google Moffett Park Solar Project,CA,Santa Clara,37.405313,-122.017498,WECC,CISO,0.6,1.1,0.6,0.6,1,2021,12.0,0.0,0.0,0.0,9q9hq4,10.5
65568,Google Moffett Park Solar Project,CA,Santa Clara,37.405313,-122.017498,WECC,CISO,0.6,1.1,0.6,0.6,1,2022,1.0,18.0,14.827,-1.785,9q9hq4,10.5
65568,Google Moffett Park Solar Project,CA,Santa Clara,37.405313,-122.017498,WECC,CISO,0.6,1.1,0.6,0.6,1,2022,2.0,17.0,15.578,-1.876,9q9hq4,10.5
65568,Google Moffett Park Solar Project,CA,Santa Clara,37.405313,-122.017498,WECC,CISO,0.6,1.1,0.6,0.6,1,2022,3.0,16.0,14.419,-1.736,9q9hq4,10.5
65568,Google Moffett Park Solar Project,CA,Santa Clara,37.405313,-122.017498,WECC,CISO,0.6,1.1,0.6,0.6,1,2022,4.0,17.0,15.102,-1.819,9q9hq4,10.5
65568,Google Moffett Park Solar Project,CA,Santa Clara,37.405313,-122.017498,WECC,CISO,0.6,1.1,0.6,0.6,1,2022,5.0,18.0,16.003,-1.927,9q9hq4,10.5
65568,Google Moffett Park Solar Project,CA,Santa Clara,37.405313,-122.017498,WECC,CISO,0.6,1.1,0.6,0.6,1,2022,6.0,18.0,16.165,-1.947,9q9hq4,10.5
65568,Google Moffett Park Solar Project,CA,Santa Clara,37.405313,-122.017498,WECC,CISO,0.6,1.1,0.6,0.6,1,2022,7.0,19.0,16.795,-2.022,9q9hq4,10.5
65568,Google Moffett Park Solar Project,CA,Santa Clara,37.405313,-122.017498,WECC,CISO,0.6,1.1,0.6,0.6,1,2022,8.0,19.0,17.255,-2.078,9q9hq4,10.5
65568,Google Moffett Park Solar Project,CA,Santa Clara,37.405313,-122.017498,WECC,CISO,0.6,1.1,0.6,0.6,1,2022,9.0,17.0,15.471,-1.863,9q9hq4,10.5
65568,Google Moffett Park Solar Project,CA,Santa Clara,37.405313,-122.017498,WECC,CISO,0.6,1.1,0.6,0.6,1,2022,10.0,19.0,17.264,-2.079,9q9hq4,10.5
65568,Google Moffett Park Solar Project,CA,Santa Clara,37.405313,-122.017498,WECC,CISO,0.6,1.1,0.6,0.6,1,2022,11.0,18.0,15.983,-1.925,9q9hq4,10.5
65568,Google Moffett Park Solar Project,CA,Santa Clara,37.405313,-122.017498,WECC,CISO,0.6,1.1,0.6,0.6,1,2022,12.0,18.0,16.138,-1.943,9q9hq4,10.5
65569,Gilead Sciences La Verne Rooftop Solar,CA,Los Angeles,34.09623,-117.781867,WECC,CISO,1.1,2.1,1.1,1.1,1,2021,1.0,,,,9qh3ky,22.31
65569,Gilead Sciences La Verne Rooftop Solar,CA,Los Angeles,34.09623,-117.781867,WECC,CISO,1.1,2.1,1.1,1.1,1,2021,2.0,,,,9qh3ky,22.31
65569,Gilead Sciences La Verne Rooftop Solar,CA,Los Angeles,34.09623,-117.781867,WECC,CISO,1.1,2.1,1.1,1.1,1,2021,3.0,,,,9qh3ky,22.31
65569,Gilead Sciences La Verne Rooftop Solar,CA,Los Angeles,34.09623,-117.781867,WECC,CISO,1.1,2.1,1.1,1.1,1,2021,4.0,,,,9qh3ky,22.31
65569,Gilead Sciences La Verne Rooftop Solar,CA,Los Angeles,34.09623,-117.781867,WECC,CISO,1.1,2.1,1.1,1.1,1,2021,5.0,,,,9qh3ky,22.31
65569,Gilead Sciences La Verne Rooftop Solar,CA,Los Angeles,34.09623,-117.781867,WECC,CISO,1.1,2.1,1.1,1.1,1,2021,6.0,,,,9qh3ky,22.31
65569,Gilead Sciences La Verne Rooftop Solar,CA,Los Angeles,34.09623,-117.781867,WECC,CISO,1.1,2.1,1.1,1.1,1,2021,7.0,0.0,0.0,0.0,9qh3ky,22.31
65569,Gilead Sciences La Verne Rooftop Solar,CA,Los Angeles,34.09623,-117.781867,WECC,CISO,1.1,2.1,1.1,1.1,1,2021,8.0,0.0,0.0,0.0,9qh3ky,22.31
65569,Gilead Sciences La Verne Rooftop Solar,CA,Los Angeles,34.09623,-117.781867,WECC,CISO,1.1,2.1,1.1,1.1,1,2021,9.0,0.0,0.0,0.0,9qh3ky,22.31
65569,Gilead Sciences La Verne Rooftop Solar,CA,Los Angeles,34.09623,-117.781867,WECC,CISO,1.1,2.1,1.1,1.1,1,2021,10.0,0.0,0.0,0.0,9qh3ky,22.31
65569,Gilead Sciences La Verne Rooftop Solar,CA,Los Angeles,34.09623,-117.781867,WECC,CISO,1.1,2.1,1.1,1.1,1,2021,11.0,0.0,0.0,0.0,9qh3ky,22.31
65569,Gilead Sciences La Verne Rooftop Solar,CA,Los Angeles,34.09623,-117.781867,WECC,CISO,1.1,2.1,1.1,1.1,1,2021,12.0,0.0,0.0,0.0,9qh3ky,22.31
65569,Gilead Sciences La Verne Rooftop Solar,CA,Los Angeles,34.09623,-117.781867,WECC,CISO,1.1,2.1,1.1,1.1,1,2022,1.0,0.0,0.0,0.0,9qh3ky,22.31
65569,Gilead Sciences La Verne Rooftop Solar,CA,Los Angeles,34.09623,-117.781867,WECC,CISO,1.1,2.1,1.1,1.1,1,2022,2.0,0.0,0.0,0.0,9qh3ky,22.31
65569,Gilead Sciences La Verne Rooftop Solar,CA,Los Angeles,34.09623,-117.781867,WECC,CISO,1.1,2.1,1.1,1.1,1,2022,3.0,0.0,0.0,0.0,9qh3ky,22.31
65569,Gilead Sciences La Verne Rooftop Solar,CA,Los Angeles,34.09623,-117.781867,WECC,CISO,1.1,2.1,1.1,1.1,1,2022,4.0,0.0,0.0,0.0,9qh3ky,22.31
65569,Gilead Sciences La Verne Rooftop Solar,CA,Los Angeles,34.09623,-117.781867,WECC,CISO,1.1,2.1,1.1,1.1,1,2022,5.0,0.0,0.0,0.0,9qh3ky,22.31
65569,Gilead Sciences La Verne Rooftop Solar,CA,Los Angeles,34.09623,-117.781867,WECC,CISO,1.1,2.1,1.1,1.1,1,2022,6.0,0.0,0.0,0.0,9qh3ky,22.31
65569,Gilead Sciences La Verne Rooftop Solar,CA,Los Angeles,34.09623,-117.781867,WECC,CISO,1.1,2.1,1.1,1.1,1,2022,7.0,0.0,0.0,0.0,9qh3ky,22.31
65569,Gilead Sciences La Verne Rooftop Solar,CA,Los Angeles,34.09623,-117.781867,WECC,CISO,1.1,2.1,1.1,1.1,1,2022,8.0,0.0,0.0,0.0,9qh3ky,22.31
65569,Gilead Sciences La Verne Rooftop Solar,CA,Los Angeles,34.09623,-117.781867,WECC,CISO,1.1,2.1,1.1,1.1,1,2022,9.0,0.0,0.0,0.0,9qh3ky,22.31
65569,Gilead Sciences La Verne Rooftop Solar,CA,Los Angeles,34.09623,-117.781867,WECC,CISO,1.1,2.1,1.1,1.1,1,2022,10.0,0.0,0.0,0.0,9qh3ky,22.31
65569,Gilead Sciences La Verne Rooftop Solar,CA,Los Angeles,34.09623,-117.781867,WECC,CISO,1.1,2.1,1.1,1.1,1,2022,11.0,0.0,0.0,0.0,9qh3ky,22.31
65569,Gilead Sciences La Verne Rooftop Solar,CA,Los Angeles,34.09623,-117.781867,WECC,CISO,1.1,2.1,1.1,1.1,1,2022,12.0,0.0,0.0,0.0,9qh3ky,22.31
65570,West Valley Mission CCD Solar Project,CA,Santa Clara,37.264377,-122.006021,WECC,CISO,0.9,2.1,0.9,0.9,1,2022,,,,,9q9hq4,8.81
65614,Orange Coast College PH2 Solar Project,CA,Orange,33.672565,-117.91246,WECC,CISO,2.1,4.0,2.0,2.0,1,2022,1.0,,,,9mupsy,2.78
65614,Orange Coast College PH2 Solar Project,CA,Orange,33.672565,-117.91246,WECC,CISO,2.1,4.0,2.0,2.0,1,2022,2.0,,,,9mupsy,2.78
65614,Orange Coast College PH2 Solar Project,CA,Orange,33.672565,-117.91246,WECC,CISO,2.1,4.0,2.0,2.0,1,2022,3.0,,,,9mupsy,2.78
65614,Orange Coast College PH2 Solar Project,CA,Orange,33.672565,-117.91246,WECC,CISO,2.1,4.0,2.0,2.0,1,2022,4.0,,,,9mupsy,2.78
65614,Orange Coast College PH2 Solar Project,CA,Orange,33.672565,-117.91246,WECC,CISO,2.1,4.0,2.0,2.0,1,2022,5.0,0.0,0.0,0.0,9mupsy,2.78
65614,Orange Coast College PH2 Solar Project,CA,Orange,33.672565,-117.91246,WECC,CISO,2.1,4.0,2.0,2.0,1,2022,6.0,0.0,0.0,0.0,9mupsy,2.78
65614,Orange Coast College PH2 Solar Project,CA,Orange,33.672565,-117.91246,WECC,CISO,2.1,4.0,2.0,2.0,1,2022,7.0,0.0,0.0,0.0,9mupsy,2.78
65614,Orange Coast College PH2 Solar Project,CA,Orange,33.672565,-117.91246,WECC,CISO,2.1,4.0,2.0,2.0,1,2022,8.0,0.0,0.0,0.0,9mupsy,2.78
65614,Orange Coast College PH2 Solar Project,CA,Orange,33.672565,-117.91246,WECC,CISO,2.1,4.0,2.0,2.0,1,2022,9.0,0.0,0.0,0.0,9mupsy,2.78
65614,Orange Coast College PH2 Solar Project,CA,Orange,33.672565,-117.91246,WECC,CISO,2.1,4.0,2.0,2.0,1,2022,10.0,0.0,0.0,0.0,9mupsy,2.78
65614,Orange Coast College PH2 Solar Project,CA,Orange,33.672565,-117.91246,WECC,CISO,2.1,4.0,2.0,2.0,1,2022,11.0,0.0,0.0,0.0,9mupsy,2.78
65614,Orange Coast College PH2 Solar Project,CA,Orange,33.672565,-117.91246,WECC,CISO,2.1,4.0,2.0,2.0,1,2022,12.0,0.0,0.0,0.0,9mupsy,2.78
65857,Sunlight Storage,CA,Riverside,33.803,-115.402,WECC,CISO,230.0,920.0,230.0,230.0,1,2022,,,,,9mvgw4,92.57
66050,Lancaster Area Battery,CA,Los Angeles,34.6864,-118.3045,WECC,CISO,127.0,508.0,127.0,127.0,1,2022,1.0,,,,9qhh0n,27.69
66050,Lancaster Area Battery,CA,Los Angeles,34.6864,-118.3045,WECC,CISO,127.0,508.0,127.0,127.0,1,2022,2.0,,,,9qhh0n,27.69
66050,Lancaster Area Battery,CA,Los Angeles,34.6864,-118.3045,WECC,CISO,127.0,508.0,127.0,127.0,1,2022,3.0,,,,9qhh0n,27.69
66050,Lancaster Area Battery,CA,Los Angeles,34.6864,-118.3045,WECC,CISO,127.0,508.0,127.0,127.0,1,2022,4.0,,,,9qhh0n,27.69
66050,Lancaster Area Battery,CA,Los Angeles,34.6864,-118.3045,WECC,CISO,127.0,508.0,127.0,127.0,1,2022,5.0,,,,9qhh0n,27.69
66050,Lancaster Area Battery,CA,Los Angeles,34.6864,-118.3045,WECC,CISO,127.0,508.0,127.0,127.0,1,2022,6.0,,,,9qhh0n,27.69
66050,Lancaster Area Battery,CA,Los Angeles,34.6864,-118.3045,WECC,CISO,127.0,508.0,127.0,127.0,1,2022,7.0,,,,9qhh0n,27.69
66050,Lancaster Area Battery,CA,Los Angeles,34.6864,-118.3045,WECC,CISO,127.0,508.0,127.0,127.0,1,2022,8.0,,,,9qhh0n,27.69
66050,Lancaster Area Battery,CA,Los Angeles,34.6864,-118.3045,WECC,CISO,127.0,508.0,127.0,127.0,1,2022,9.0,14990.0,12492.0,-2498.0,9qhh0n,27.69
66050,Lancaster Area Battery,CA,Los Angeles,34.6864,-118.3045,WECC,CISO,127.0,508.0,127.0,127.0,1,2022,10.0,16348.0,13889.0,-2459.0,9qhh0n,27.69
66050,Lancaster Area Battery,CA,Los Angeles,34.6864,-118.3045,WECC,CISO,127.0,508.0,127.0,127.0,1,2022,11.0,11655.0,10390.0,-1265.0,9qhh0n,27.69
66050,Lancaster Area Battery,CA,Los Angeles,34.6864,-118.3045,WECC,CISO,127.0,508.0,127.0,127.0,1,2022,12.0,9860.0,8173.0,-1687.0,9qhh0n,27.69
66500,Valley Center 85,CA,San Diego,33.227236,-117.017744,WECC,CISO,85.0,212.0,85.0,85.0,1,2022,,,,,9mudw2,50.58
66502,Valley Center 54,CA,San Diego,33.227236,-117.017744,WECC,CISO,54.0,216.0,54.0,54.0,1,2022,,,,,9mudw2,50.58
66799,Bishop Ranch - BR 1-Y,CA,Contra Costa,37.76217,-121.9579,WECC,CISO,0.7,,2.5,2.5,1,2022,1.0,,,,9q9pk4,20.26
66799,Bishop Ranch - BR 1-Y,CA,Contra Costa,37.76217,-121.9579,WECC,CISO,0.7,,2.5,2.5,1,2022,2.0,,,,9q9pk4,20.26
66799,Bishop Ranch - BR 1-Y,CA,Contra Costa,37.76217,-121.9579,WECC,CISO,0.7,,2.5,2.5,1,2022,3.0,0.0,0.0,0.0,9q9pk4,20.26
66799,Bishop Ranch - BR 1-Y,CA,Contra Costa,37.76217,-121.9579,WECC,CISO,0.7,,2.5,2.5,1,2022,4.0,0.0,0.0,0.0,9q9pk4,20.26
66799,Bishop Ranch - BR 1-Y,CA,Contra Costa,37.76217,-121.9579,WECC,CISO,0.7,,2.5,2.5,1,2022,5.0,0.0,0.0,0.0,9q9pk4,20.26
66799,Bishop Ranch - BR 1-Y,CA,Contra Costa,37.76217,-121.9579,WECC,CISO,0.7,,2.5,2.5,1,2022,6.0,0.0,0.0,0.0,9q9pk4,20.26
66799,Bishop Ranch - BR 1-Y,CA,Contra Costa,37.76217,-121.9579,WECC,CISO,0.7,,2.5,2.5,1,2022,7.0,0.0,0.0,0.0,9q9pk4,20.26
66799,Bishop Ranch - BR 1-Y,CA,Contra Costa,37.76217,-121.9579,WECC,CISO,0.7,,2.5,2.5,1,2022,8.0,0.0,0.0,0.0,9q9pk4,20.26
66799,Bishop Ranch - BR 1-Y,CA,Contra Costa,37.76217,-121.9579,WECC,CISO,0.7,,2.5,2.5,1,2022,9.0,0.0,0.0,0.0,9q9pk4,20.26
66799,Bishop Ranch - BR 1-Y,CA,Contra Costa,37.76217,-121.9579,WECC,CISO,0.7,,2.5,2.5,1,2022,10.0,0.0,0.0,0.0,9q9pk4,20.26
66799,Bishop Ranch - BR 1-Y,CA,Contra Costa,37.76217,-121.9579,WECC,CISO,0.7,,2.5,2.5,1,2022,11.0,0.0,0.0,0.0,9q9pk4,20.26
66799,Bishop Ranch - BR 1-Y,CA,Contra Costa,37.76217,-121.9579,WECC,CISO,0.7,,2.5,2.5,1,2022,12.0,0.0,0.0,0.0,9q9pk4,20.26
