<?xml version="1.0" encoding="UTF-8"?>
<kml xmlns="http://www.opengis.net/kml/2.2" xmlns:gx="http://www.google.com/kml/ext/2.2">
<Document>
  <name>results/wecc240_original.kml</name>
  <Style id="node">
    <IconStyle>
      <Icon>
        <href>https://maps.google.com/mapfiles/kml/pal3/icon49.png</href>
      </Icon>
    </IconStyle>
  </Style>
  <Style id="line-in">
    <PolyStyle>
      <color>7f00ffff</color>
    </PolyStyle>
    <LineStyle>
      <color>7f00ffff</color>
      <width>4</width>
    </LineStyle>
  </Style>
  <Style id="line-out">
    <PolyStyle>
      <color>7f000000</color>
    </PolyStyle>
    <LineStyle>
      <color>7f000000</color>
      <width>4</width>
    </LineStyle>
  </Style>
  <Placemark>
    <name>1001</name>
    <styleUrl>#node</styleUrl>
    <Point><coordinates>-108.581419,36.670897,0.0</coordinates></Point>
  </Placemark>
  <Placemark>
    <name>1002</name>
    <styleUrl>#node</styleUrl>
    <Point><coordinates>-108.581419,36.670897,0.0</coordinates></Point>
  </Placemark>
  <Placemark>
    <name>1003</name>
    <styleUrl>#node</styleUrl>
    <Point><coordinates>-108.581419,36.670897,0.0</coordinates></Point>
  </Placemark>
  <Placemark>
    <name>1004</name>
    <styleUrl>#node</styleUrl>
    <Point><coordinates>-108.278462,36.910483,0.0</coordinates></Point>
  </Placemark>
  <Placemark>
    <name>1032</name>
    <styleUrl>#node</styleUrl>
    <Point><coordinates>-108.581419,36.670897,0.0</coordinates></Point>
  </Placemark>
  <Placemark>
    <name>1034</name>
    <styleUrl>#node</styleUrl>
    <Point><coordinates>-108.278462,36.910483,0.0</coordinates></Point>
  </Placemark>
  <Placemark>
    <name>1101</name>
    <styleUrl>#node</styleUrl>
    <Point><coordinates>-109.690674,35.131373,0.0</coordinates></Point>
  </Placemark>
  <Placemark>
    <name>1102</name>
    <styleUrl>#node</styleUrl>
    <Point><coordinates>-110.300278,34.940278,0.0</coordinates></Point>
  </Placemark>
  <Placemark>
    <name>1131</name>
    <styleUrl>#node</styleUrl>
    <Point><coordinates>-109.690674,35.131373,0.0</coordinates></Point>
  </Placemark>
  <Placemark>
    <name>1201</name>
    <styleUrl>#node</styleUrl>
    <Point><coordinates>-111.090655,35.985019,0.0</coordinates></Point>
  </Placemark>
  <Placemark>
    <name>1202</name>
    <styleUrl>#node</styleUrl>
    <Point><coordinates>-110.864429,36.961002,0.0</coordinates></Point>
  </Placemark>
  <Placemark>
    <name>1232</name>
    <styleUrl>#node</styleUrl>
    <Point><coordinates>-110.864429,36.961002,0.0</coordinates></Point>
  </Placemark>
  <Placemark>
    <name>1301</name>
    <styleUrl>#node</styleUrl>
    <Point><coordinates>-114.835922,35.929472,0.0</coordinates></Point>
  </Placemark>
  <Placemark>
    <name>1302</name>
    <styleUrl>#node</styleUrl>
    <Point><coordinates>-115.134207,36.649771,0.0</coordinates></Point>
  </Placemark>
  <Placemark>
    <name>1303</name>
    <styleUrl>#node</styleUrl>
    <Point><coordinates>-115.134207,36.649771,0.0</coordinates></Point>
  </Placemark>
  <Placemark>
    <name>1331</name>
    <styleUrl>#node</styleUrl>
    <Point><coordinates>-114.835922,35.929472,0.0</coordinates></Point>
  </Placemark>
  <Placemark>
    <name>1333</name>
    <styleUrl>#node</styleUrl>
    <Point><coordinates>-115.134207,36.649771,0.0</coordinates></Point>
  </Placemark>
  <Placemark>
    <name>1401</name>
    <styleUrl>#node</styleUrl>
    <Point><coordinates>-113.239936,33.513802,0.0</coordinates></Point>
  </Placemark>
  <Placemark>
    <name>1402</name>
    <styleUrl>#node</styleUrl>
    <Point><coordinates>-112.396715,34.067027,0.0</coordinates></Point>
  </Placemark>
  <Placemark>
    <name>1403</name>
    <styleUrl>#node</styleUrl>
    <Point><coordinates>-114.289722,34.144722,0.0</coordinates></Point>
  </Placemark>
  <Placemark>
    <name>1431</name>
    <styleUrl>#node</styleUrl>
    <Point><coordinates>-113.239936,33.513802,0.0</coordinates></Point>
  </Placemark>
  <Placemark>
    <name>2000</name>
    <styleUrl>#node</styleUrl>
    <Point><coordinates>-115.436076,32.227887,0.0</coordinates></Point>
  </Placemark>
  <Placemark>
    <name>2030</name>
    <styleUrl>#node</styleUrl>
    <Point><coordinates>-115.436076,32.227887,0.0</coordinates></Point>
  </Placemark>
  <Placemark>
    <name>2100</name>
    <styleUrl>#node</styleUrl>
    <Point><coordinates>-115.394435,32.971469,0.0</coordinates></Point>
  </Placemark>
  <Placemark>
    <name>2130</name>
    <styleUrl>#node</styleUrl>
    <Point><coordinates>-115.394435,32.971469,0.0</coordinates></Point>
  </Placemark>
  <Placemark>
    <name>2201</name>
    <styleUrl>#node</styleUrl>
    <Point><coordinates>-116.982615,32.680823,0.0</coordinates></Point>
  </Placemark>
  <Placemark>
    <name>2202</name>
    <styleUrl>#node</styleUrl>
    <Point><coordinates>-116.982615,32.680823,0.0</coordinates></Point>
  </Placemark>
  <Placemark>
    <name>2203</name>
    <styleUrl>#node</styleUrl>
    <Point><coordinates>-117.137829,32.784153,0.0</coordinates></Point>
  </Placemark>
  <Placemark>
    <name>2233</name>
    <styleUrl>#node</styleUrl>
    <Point><coordinates>-117.137829,32.784153,0.0</coordinates></Point>
  </Placemark>
  <Placemark>
    <name>2301</name>
    <styleUrl>#node</styleUrl>
    <Point><coordinates>-115.56459,32.856407,0.0</coordinates></Point>
  </Placemark>
  <Placemark>
    <name>2302</name>
    <styleUrl>#node</styleUrl>
    <Point><coordinates>-115.56459,32.856407,0.0</coordinates></Point>
  </Placemark>
  <Placemark>
    <name>2332</name>
    <styleUrl>#node</styleUrl>
    <Point><coordinates>-115.56459,32.856407,0.0</coordinates></Point>
  </Placemark>
  <Placemark>
    <name>2400</name>
    <styleUrl>#node</styleUrl>
    <Point><coordinates>-116.57522,33.927377,0.0</coordinates></Point>
  </Placemark>
  <Placemark>
    <name>2401</name>
    <styleUrl>#node</styleUrl>
    <Point><coordinates>-117.368876,34.369347,0.0</coordinates></Point>
  </Placemark>
  <Placemark>
    <name>2402</name>
    <styleUrl>#node</styleUrl>
    <Point><coordinates>-117.564527,34.008174,0.0</coordinates></Point>
  </Placemark>
  <Placemark>
    <name>2403</name>
    <styleUrl>#node</styleUrl>
    <Point><coordinates>-117.224444,33.796667,0.0</coordinates></Point>
  </Placemark>
  <Placemark>
    <name>2404</name>
    <styleUrl>#node</styleUrl>
    <Point><coordinates>-118.12147,34.488498,0.0</coordinates></Point>
  </Placemark>
  <Placemark>
    <name>2405</name>
    <styleUrl>#node</styleUrl>
    <Point><coordinates>-118.495046,34.317296,0.0</coordinates></Point>
  </Placemark>
  <Placemark>
    <name>2406</name>
    <styleUrl>#node</styleUrl>
    <Point><coordinates>-118.184526,34.150436,0.0</coordinates></Point>
  </Placemark>
  <Placemark>
    <name>2407</name>
    <styleUrl>#node</styleUrl>
    <Point><coordinates>-118.175222,33.879856,0.0</coordinates></Point>
  </Placemark>
  <Placemark>
    <name>2408</name>
    <styleUrl>#node</styleUrl>
    <Point><coordinates>-118.11012,34.037233,0.0</coordinates></Point>
  </Placemark>
  <Placemark>
    <name>2409</name>
    <styleUrl>#node</styleUrl>
    <Point><coordinates>-117.564527,34.008174,0.0</coordinates></Point>
  </Placemark>
  <Placemark>
    <name>2410</name>
    <styleUrl>#node</styleUrl>
    <Point><coordinates>-118.58844,34.442694,0.0</coordinates></Point>
  </Placemark>
  <Placemark>
    <name>2411</name>
    <styleUrl>#node</styleUrl>
    <Point><coordinates>-118.12147,34.488498,0.0</coordinates></Point>
  </Placemark>
  <Placemark>
    <name>2431</name>
    <styleUrl>#node</styleUrl>
    <Point><coordinates>-117.368876,34.369347,0.0</coordinates></Point>
  </Placemark>
  <Placemark>
    <name>2434</name>
    <styleUrl>#node</styleUrl>
    <Point><coordinates>-118.12147,34.488498,0.0</coordinates></Point>
  </Placemark>
  <Placemark>
    <name>2438</name>
    <styleUrl>#node</styleUrl>
    <Point><coordinates>-118.11012,34.037233,0.0</coordinates></Point>
  </Placemark>
  <Placemark>
    <name>2439</name>
    <styleUrl>#node</styleUrl>
    <Point><coordinates>-117.564527,34.008174,0.0</coordinates></Point>
  </Placemark>
  <Placemark>
    <name>2501</name>
    <styleUrl>#node</styleUrl>
    <Point><coordinates>-117.79013,33.828436,0.0</coordinates></Point>
  </Placemark>
  <Placemark>
    <name>2502</name>
    <styleUrl>#node</styleUrl>
    <Point><coordinates>-117.79013,33.828436,0.0</coordinates></Point>
  </Placemark>
  <Placemark>
    <name>2503</name>
    <styleUrl>#node</styleUrl>
    <Point><coordinates>-117.557619,33.370212,0.0</coordinates></Point>
  </Placemark>
  <Placemark>
    <name>2533</name>
    <styleUrl>#node</styleUrl>
    <Point><coordinates>-117.557619,33.370212,0.0</coordinates></Point>
  </Placemark>
  <Placemark>
    <name>2600</name>
    <styleUrl>#node</styleUrl>
    <Point><coordinates>-117.437004,34.552197,0.0</coordinates></Point>
  </Placemark>
  <Placemark>
    <name>2601</name>
    <styleUrl>#node</styleUrl>
    <Point><coordinates>-118.484219,34.285768,0.0</coordinates></Point>
  </Placemark>
  <Placemark>
    <name>2602</name>
    <styleUrl>#node</styleUrl>
    <Point><coordinates>-118.360306,34.176429,0.0</coordinates></Point>
  </Placemark>
  <Placemark>
    <name>2603</name>
    <styleUrl>#node</styleUrl>
    <Point><coordinates>-117.32157,34.565195,0.0</coordinates></Point>
  </Placemark>
  <Placemark>
    <name>2604</name>
    <styleUrl>#node</styleUrl>
    <Point><coordinates>-112.580826,39.500381,0.0</coordinates></Point>
  </Placemark>
  <Placemark>
    <name>2605</name>
    <styleUrl>#node</styleUrl>
    <Point><coordinates>-118.204015,34.015353,0.0</coordinates></Point>
  </Placemark>
  <Placemark>
    <name>2606</name>
    <styleUrl>#node</styleUrl>
    <Point><coordinates>-118.204015,34.015353,0.0</coordinates></Point>
  </Placemark>
  <Placemark>
    <name>2607</name>
    <styleUrl>#node</styleUrl>
    <Point><coordinates>-117.32157,34.565195,0.0</coordinates></Point>
  </Placemark>
  <Placemark>
    <name>2608</name>
    <styleUrl>#node</styleUrl>
    <Point><coordinates>-118.663274,34.589863,0.0</coordinates></Point>
  </Placemark>
  <Placemark>
    <name>2609</name>
    <styleUrl>#node</styleUrl>
    <Point><coordinates>-118.255,34.146111,0.0</coordinates></Point>
  </Placemark>
  <Placemark>
    <name>2610</name>
    <styleUrl>#node</styleUrl>
    <Point><coordinates>-117.911364,33.697565,0.0</coordinates></Point>
  </Placemark>
  <Placemark>
    <name>2611</name>
    <styleUrl>#node</styleUrl>
    <Point><coordinates>-118.455696,34.31131,0.0</coordinates></Point>
  </Placemark>
  <Placemark>
    <name>2612</name>
    <styleUrl>#node</styleUrl>
    <Point><coordinates>-118.484219,34.285768,0.0</coordinates></Point>
  </Placemark>
  <Placemark>
    <name>2613</name>
    <styleUrl>#node</styleUrl>
    <Point><coordinates>-118.230212,34.037697,0.0</coordinates></Point>
  </Placemark>
  <Placemark>
    <name>2614</name>
    <styleUrl>#node</styleUrl>
    <Point><coordinates>-118.204015,34.015353,0.0</coordinates></Point>
  </Placemark>
  <Placemark>
    <name>2615</name>
    <styleUrl>#node</styleUrl>
    <Point><coordinates>-118.360306,34.176429,0.0</coordinates></Point>
  </Placemark>
  <Placemark>
    <name>2616</name>
    <styleUrl>#node</styleUrl>
    <Point><coordinates>-118.204015,34.015353,0.0</coordinates></Point>
  </Placemark>
  <Placemark>
    <name>2617</name>
    <styleUrl>#node</styleUrl>
    <Point><coordinates>-118.254629,34.10948,0.0</coordinates></Point>
  </Placemark>
  <Placemark>
    <name>2618</name>
    <styleUrl>#node</styleUrl>
    <Point><coordinates>-118.550256,34.234263,0.0</coordinates></Point>
  </Placemark>
  <Placemark>
    <name>2619</name>
    <styleUrl>#node</styleUrl>
    <Point><coordinates>-118.495046,34.317296,0.0</coordinates></Point>
  </Placemark>
  <Placemark>
    <name>2620</name>
    <styleUrl>#node</styleUrl>
    <Point><coordinates>-117.224444,33.796667,0.0</coordinates></Point>
  </Placemark>
  <Placemark>
    <name>2621</name>
    <styleUrl>#node</styleUrl>
    <Point><coordinates>-118.204015,34.015353,0.0</coordinates></Point>
  </Placemark>
  <Placemark>
    <name>2630</name>
    <styleUrl>#node</styleUrl>
    <Point><coordinates>-117.911364,33.697565,0.0</coordinates></Point>
  </Placemark>
  <Placemark>
    <name>2631</name>
    <styleUrl>#node</styleUrl>
    <Point><coordinates>-118.455696,34.31131,0.0</coordinates></Point>
  </Placemark>
  <Placemark>
    <name>2634</name>
    <styleUrl>#node</styleUrl>
    <Point><coordinates>-112.580826,39.500381,0.0</coordinates></Point>
  </Placemark>
  <Placemark>
    <name>2637</name>
    <styleUrl>#node</styleUrl>
    <Point><coordinates>-118.484219,34.285768,0.0</coordinates></Point>
  </Placemark>
  <Placemark>
    <name>2638</name>
    <styleUrl>#node</styleUrl>
    <Point><coordinates>-118.663274,34.589863,0.0</coordinates></Point>
  </Placemark>
  <Placemark>
    <name>2901</name>
    <styleUrl>#node</styleUrl>
    <Point><coordinates>-115.012448,35.799967,0.0</coordinates></Point>
  </Placemark>
  <Placemark>
    <name>2902</name>
    <styleUrl>#node</styleUrl>
    <Point><coordinates>-118.173889,35.0525,0.0</coordinates></Point>
  </Placemark>
  <Placemark>
    <name>3101</name>
    <styleUrl>#node</styleUrl>
    <Point><coordinates>-122.395045,37.788555,0.0</coordinates></Point>
  </Placemark>
  <Placemark>
    <name>3102</name>
    <styleUrl>#node</styleUrl>
    <Point><coordinates>-122.410274,37.704337,0.0</coordinates></Point>
  </Placemark>
  <Placemark>
    <name>3103</name>
    <styleUrl>#node</styleUrl>
    <Point><coordinates>-122.318546,37.582985,0.0</coordinates></Point>
  </Placemark>
  <Placemark>
    <name>3104</name>
    <styleUrl>#node</styleUrl>
    <Point><coordinates>-122.410274,37.704337,0.0</coordinates></Point>
  </Placemark>
  <Placemark>
    <name>3105</name>
    <styleUrl>#node</styleUrl>
    <Point><coordinates>-122.398,37.75843,0.0</coordinates></Point>
  </Placemark>
  <Placemark>
    <name>3133</name>
    <styleUrl>#node</styleUrl>
    <Point><coordinates>-122.318546,37.582985,0.0</coordinates></Point>
  </Placemark>
  <Placemark>
    <name>3135</name>
    <styleUrl>#node</styleUrl>
    <Point><coordinates>-122.398,37.75843,0.0</coordinates></Point>
  </Placemark>
  <Placemark>
    <name>3201</name>
    <styleUrl>#node</styleUrl>
    <Point><coordinates>-122.031111,37.978056,0.0</coordinates></Point>
  </Placemark>
  <Placemark>
    <name>3202</name>
    <styleUrl>#node</styleUrl>
    <Point><coordinates>-122.16088,37.848161,0.0</coordinates></Point>
  </Placemark>
  <Placemark>
    <name>3203</name>
    <styleUrl>#node</styleUrl>
    <Point><coordinates>-121.987444,37.501131,0.0</coordinates></Point>
  </Placemark>
  <Placemark>
    <name>3204</name>
    <styleUrl>#node</styleUrl>
    <Point><coordinates>-121.897096,38.037129,0.0</coordinates></Point>
  </Placemark>
  <Placemark>
    <name>3205</name>
    <styleUrl>#node</styleUrl>
    <Point><coordinates>-122.208867,37.905327,0.0</coordinates></Point>
  </Placemark>
  <Placemark>
    <name>3234</name>
    <styleUrl>#node</styleUrl>
    <Point><coordinates>-121.897096,38.037129,0.0</coordinates></Point>
  </Placemark>
  <Placemark>
    <name>3301</name>
    <styleUrl>#node</styleUrl>
    <Point><coordinates>-121.746496,37.222363,0.0</coordinates></Point>
  </Placemark>
  <Placemark>
    <name>3302</name>
    <styleUrl>#node</styleUrl>
    <Point><coordinates>-122.2042168,37.4198065,0.0</coordinates></Point>
  </Placemark>
  <Placemark>
    <name>3303</name>
    <styleUrl>#node</styleUrl>
    <Point><coordinates>-121.746496,37.222363,0.0</coordinates></Point>
  </Placemark>
  <Placemark>
    <name>3304</name>
    <styleUrl>#node</styleUrl>
    <Point><coordinates>-122.0737899,37.322286,0.0</coordinates></Point>
  </Placemark>
  <Placemark>
    <name>3305</name>
    <styleUrl>#node</styleUrl>
    <Point><coordinates>-122.138182,37.494231,0.0</coordinates></Point>
  </Placemark>
  <Placemark>
    <name>3333</name>
    <styleUrl>#node</styleUrl>
    <Point><coordinates>-121.746496,37.222363,0.0</coordinates></Point>
  </Placemark>
  <Placemark>
    <name>3401</name>
    <styleUrl>#node</styleUrl>
    <Point><coordinates>-119.92442,36.850535,0.0</coordinates></Point>
  </Placemark>
  <Placemark>
    <name>3402</name>
    <styleUrl>#node</styleUrl>
    <Point><coordinates>-118.946978,37.039937,0.0</coordinates></Point>
  </Placemark>
  <Placemark>
    <name>3403</name>
    <styleUrl>#node</styleUrl>
    <Point><coordinates>-119.639632,36.609214,0.0</coordinates></Point>
  </Placemark>
  <Placemark>
    <name>3404</name>
    <styleUrl>#node</styleUrl>
    <Point><coordinates>-120.46628,36.675814,0.0</coordinates></Point>
  </Placemark>
  <Placemark>
    <name>3405</name>
    <styleUrl>#node</styleUrl>
    <Point><coordinates>-120.407178,37.291036,0.0</coordinates></Point>
  </Placemark>
  <Placemark>
    <name>3432</name>
    <styleUrl>#node</styleUrl>
    <Point><coordinates>-118.946978,37.039937,0.0</coordinates></Point>
  </Placemark>
  <Placemark>
    <name>3433</name>
    <styleUrl>#node</styleUrl>
    <Point><coordinates>-119.639632,36.609214,0.0</coordinates></Point>
  </Placemark>
  <Placemark>
    <name>3501</name>
    <styleUrl>#node</styleUrl>
    <Point><coordinates>-122.761324,38.497952,0.0</coordinates></Point>
  </Placemark>
  <Placemark>
    <name>3531</name>
    <styleUrl>#node</styleUrl>
    <Point><coordinates>-122.761324,38.497952,0.0</coordinates></Point>
  </Placemark>
  <Placemark>
    <name>3601</name>
    <styleUrl>#node</styleUrl>
    <Point><coordinates>-124.163611,40.801944,0.0</coordinates></Point>
  </Placemark>
  <Placemark>
    <name>3631</name>
    <styleUrl>#node</styleUrl>
    <Point><coordinates>-124.163611,40.801944,0.0</coordinates></Point>
  </Placemark>
  <Placemark>
    <name>3701</name>
    <styleUrl>#node</styleUrl>
    <Point><coordinates>-119.821944,39.527222,0.0</coordinates></Point>
  </Placemark>
  <Placemark>
    <name>3731</name>
    <styleUrl>#node</styleUrl>
    <Point><coordinates>-119.821944,39.527222,0.0</coordinates></Point>
  </Placemark>
  <Placemark>
    <name>3801</name>
    <styleUrl>#node</styleUrl>
    <Point><coordinates>-120.855104,35.230747,0.0</coordinates></Point>
  </Placemark>
  <Placemark>
    <name>3802</name>
    <styleUrl>#node</styleUrl>
    <Point><coordinates>-120.124187,36.144321,0.0</coordinates></Point>
  </Placemark>
  <Placemark>
    <name>3803</name>
    <styleUrl>#node</styleUrl>
    <Point><coordinates>-119.456003,35.408481,0.0</coordinates></Point>
  </Placemark>
  <Placemark>
    <name>3804</name>
    <styleUrl>#node</styleUrl>
    <Point><coordinates>-120.124187,36.144321,0.0</coordinates></Point>
  </Placemark>
  <Placemark>
    <name>3805</name>
    <styleUrl>#node</styleUrl>
    <Point><coordinates>-119.456003,35.408481,0.0</coordinates></Point>
  </Placemark>
  <Placemark>
    <name>3806</name>
    <styleUrl>#node</styleUrl>
    <Point><coordinates>-120.858669,35.38543,0.0</coordinates></Point>
  </Placemark>
  <Placemark>
    <name>3831</name>
    <styleUrl>#node</styleUrl>
    <Point><coordinates>-120.855104,35.230747,0.0</coordinates></Point>
  </Placemark>
  <Placemark>
    <name>3835</name>
    <styleUrl>#node</styleUrl>
    <Point><coordinates>-119.456003,35.408481,0.0</coordinates></Point>
  </Placemark>
  <Placemark>
    <name>3836</name>
    <styleUrl>#node</styleUrl>
    <Point><coordinates>-120.858669,35.38543,0.0</coordinates></Point>
  </Placemark>
  <Placemark>
    <name>3891</name>
    <styleUrl>#node</styleUrl>
    <Point><coordinates>-120.124187,36.144321,0.0</coordinates></Point>
  </Placemark>
  <Placemark>
    <name>3892</name>
    <styleUrl>#node</styleUrl>
    <Point><coordinates>-119.456003,35.408481,0.0</coordinates></Point>
  </Placemark>
  <Placemark>
    <name>3893</name>
    <styleUrl>#node</styleUrl>
    <Point><coordinates>-119.456003,35.408481,0.0</coordinates></Point>
  </Placemark>
  <Placemark>
    <name>3894</name>
    <styleUrl>#node</styleUrl>
    <Point><coordinates>-119.456003,35.408481,0.0</coordinates></Point>
  </Placemark>
  <Placemark>
    <name>3895</name>
    <styleUrl>#node</styleUrl>
    <Point><coordinates>-119.456003,35.408481,0.0</coordinates></Point>
  </Placemark>
  <Placemark>
    <name>3896</name>
    <styleUrl>#node</styleUrl>
    <Point><coordinates>-119.456003,35.408481,0.0</coordinates></Point>
  </Placemark>
  <Placemark>
    <name>3897</name>
    <styleUrl>#node</styleUrl>
    <Point><coordinates>-119.456003,35.408481,0.0</coordinates></Point>
  </Placemark>
  <Placemark>
    <name>3901</name>
    <styleUrl>#node</styleUrl>
    <Point><coordinates>-121.022616,37.054001,0.0</coordinates></Point>
  </Placemark>
  <Placemark>
    <name>3902</name>
    <styleUrl>#node</styleUrl>
    <Point><coordinates>-121.732796,36.737604,0.0</coordinates></Point>
  </Placemark>
  <Placemark>
    <name>3903</name>
    <styleUrl>#node</styleUrl>
    <Point><coordinates>-121.565283,37.71247,0.0</coordinates></Point>
  </Placemark>
  <Placemark>
    <name>3904</name>
    <styleUrl>#node</styleUrl>
    <Point><coordinates>-121.918134,38.40437,0.0</coordinates></Point>
  </Placemark>
  <Placemark>
    <name>3905</name>
    <styleUrl>#node</styleUrl>
    <Point><coordinates>-121.645379,39.55548,0.0</coordinates></Point>
  </Placemark>
  <Placemark>
    <name>3906</name>
    <styleUrl>#node</styleUrl>
    <Point><coordinates>-121.936762,40.808138,0.0</coordinates></Point>
  </Placemark>
  <Placemark>
    <name>3907</name>
    <styleUrl>#node</styleUrl>
    <Point><coordinates>-121.015147,38.01622,0.0</coordinates></Point>
  </Placemark>
  <Placemark>
    <name>3908</name>
    <styleUrl>#node</styleUrl>
    <Point><coordinates>-121.407942,38.547942,0.0</coordinates></Point>
  </Placemark>
  <Placemark>
    <name>3909</name>
    <styleUrl>#node</styleUrl>
    <Point><coordinates>-121.337,39.2617,0.0</coordinates></Point>
  </Placemark>
  <Placemark>
    <name>3910</name>
    <styleUrl>#node</styleUrl>
    <Point><coordinates>-122.290278,39.018333,0.0</coordinates></Point>
  </Placemark>
  <Placemark>
    <name>3911</name>
    <styleUrl>#node</styleUrl>
    <Point><coordinates>-122.265115,40.397712,0.0</coordinates></Point>
  </Placemark>
  <Placemark>
    <name>3912</name>
    <styleUrl>#node</styleUrl>
    <Point><coordinates>-122.013889,39.521944,0.0</coordinates></Point>
  </Placemark>
  <Placemark>
    <name>3913</name>
    <styleUrl>#node</styleUrl>
    <Point><coordinates>-121.137023,38.657961,0.0</coordinates></Point>
  </Placemark>
  <Placemark>
    <name>3914</name>
    <styleUrl>#node</styleUrl>
    <Point><coordinates>-122.538611,38.070278,0.0</coordinates></Point>
  </Placemark>
  <Placemark>
    <name>3915</name>
    <styleUrl>#node</styleUrl>
    <Point><coordinates>-122.583996,38.249937,0.0</coordinates></Point>
  </Placemark>
  <Placemark>
    <name>3916</name>
    <styleUrl>#node</styleUrl>
    <Point><coordinates>-122.23327,39.435504,0.0</coordinates></Point>
  </Placemark>
  <Placemark>
    <name>3917</name>
    <styleUrl>#node</styleUrl>
    <Point><coordinates>-121.022616,37.054001,0.0</coordinates></Point>
  </Placemark>
  <Placemark>
    <name>3918</name>
    <styleUrl>#node</styleUrl>
    <Point><coordinates>-121.732796,36.737604,0.0</coordinates></Point>
  </Placemark>
  <Placemark>
    <name>3919</name>
    <styleUrl>#node</styleUrl>
    <Point><coordinates>-121.538056,39.435556,0.0</coordinates></Point>
  </Placemark>
  <Placemark>
    <name>3920</name>
    <styleUrl>#node</styleUrl>
    <Point><coordinates>-121.463992,38.93608,0.0</coordinates></Point>
  </Placemark>
  <Placemark>
    <name>3921</name>
    <styleUrl>#node</styleUrl>
    <Point><coordinates>-121.936762,40.808138,0.0</coordinates></Point>
  </Placemark>
  <Placemark>
    <name>3922</name>
    <styleUrl>#node</styleUrl>
    <Point><coordinates>-121.645379,39.55548,0.0</coordinates></Point>
  </Placemark>
  <Placemark>
    <name>3923</name>
    <styleUrl>#node</styleUrl>
    <Point><coordinates>-121.565283,37.71247,0.0</coordinates></Point>
  </Placemark>
  <Placemark>
    <name>3924</name>
    <styleUrl>#node</styleUrl>
    <Point><coordinates>-121.918134,38.40437,0.0</coordinates></Point>
  </Placemark>
  <Placemark>
    <name>3925</name>
    <styleUrl>#node</styleUrl>
    <Point><coordinates>-122.265115,40.397712,0.0</coordinates></Point>
  </Placemark>
  <Placemark>
    <name>3926</name>
    <styleUrl>#node</styleUrl>
    <Point><coordinates>-121.463992,38.93608,0.0</coordinates></Point>
  </Placemark>
  <Placemark>
    <name>3931</name>
    <styleUrl>#node</styleUrl>
    <Point><coordinates>-121.936762,40.808138,0.0</coordinates></Point>
  </Placemark>
  <Placemark>
    <name>3932</name>
    <styleUrl>#node</styleUrl>
    <Point><coordinates>-121.732796,36.737604,0.0</coordinates></Point>
  </Placemark>
  <Placemark>
    <name>3933</name>
    <styleUrl>#node</styleUrl>
    <Point><coordinates>-121.565283,37.71247,0.0</coordinates></Point>
  </Placemark>
  <Placemark>
    <name>4001</name>
    <styleUrl>#node</styleUrl>
    <Point><coordinates>-121.318052,42.004704,0.0</coordinates></Point>
  </Placemark>
  <Placemark>
    <name>4002</name>
    <styleUrl>#node</styleUrl>
    <Point><coordinates>-120.953695,43.016085,0.0</coordinates></Point>
  </Placemark>
  <Placemark>
    <name>4003</name>
    <styleUrl>#node</styleUrl>
    <Point><coordinates>-118.797842,43.767338,0.0</coordinates></Point>
  </Placemark>
  <Placemark>
    <name>4004</name>
    <styleUrl>#node</styleUrl>
    <Point><coordinates>-121.01542,44.481129,0.0</coordinates></Point>
  </Placemark>
  <Placemark>
    <name>4005</name>
    <styleUrl>#node</styleUrl>
    <Point><coordinates>-120.733553,45.677819,0.0</coordinates></Point>
  </Placemark>
  <Placemark>
    <name>4006</name>
    <styleUrl>#node</styleUrl>
    <Point><coordinates>-121.115583,45.60664,0.0</coordinates></Point>
  </Placemark>
  <Placemark>
    <name>4007</name>
    <styleUrl>#node</styleUrl>
    <Point><coordinates>-121.113585,45.594757,0.0</coordinates></Point>
  </Placemark>
  <Placemark>
    <name>4008</name>
    <styleUrl>#node</styleUrl>
    <Point><coordinates>-121.318052,42.004704,0.0</coordinates></Point>
  </Placemark>
  <Placemark>
    <name>4009</name>
    <styleUrl>#node</styleUrl>
    <Point><coordinates>-121.115583,45.60664,0.0</coordinates></Point>
  </Placemark>
  <Placemark>
    <name>4010</name>
    <styleUrl>#node</styleUrl>
    <Point><coordinates>-121.113585,45.594757,0.0</coordinates></Point>
  </Placemark>
  <Placemark>
    <name>4031</name>
    <styleUrl>#node</styleUrl>
    <Point><coordinates>-121.318052,42.004704,0.0</coordinates></Point>
  </Placemark>
  <Placemark>
    <name>4035</name>
    <styleUrl>#node</styleUrl>
    <Point><coordinates>-120.733553,45.677819,0.0</coordinates></Point>
  </Placemark>
  <Placemark>
    <name>4039</name>
    <styleUrl>#node</styleUrl>
    <Point><coordinates>-121.115583,45.60664,0.0</coordinates></Point>
  </Placemark>
  <Placemark>
    <name>4090</name>
    <styleUrl>#node</styleUrl>
    <Point><coordinates>-121.318052,42.004704,0.0</coordinates></Point>
  </Placemark>
  <Placemark>
    <name>4091</name>
    <styleUrl>#node</styleUrl>
    <Point><coordinates>-121.01542,44.481129,0.0</coordinates></Point>
  </Placemark>
  <Placemark>
    <name>4092</name>
    <styleUrl>#node</styleUrl>
    <Point><coordinates>-121.01542,44.481129,0.0</coordinates></Point>
  </Placemark>
  <Placemark>
    <name>4093</name>
    <styleUrl>#node</styleUrl>
    <Point><coordinates>-121.01542,44.481129,0.0</coordinates></Point>
  </Placemark>
  <Placemark>
    <name>4094</name>
    <styleUrl>#node</styleUrl>
    <Point><coordinates>-121.01542,44.481129,0.0</coordinates></Point>
  </Placemark>
  <Placemark>
    <name>4095</name>
    <styleUrl>#node</styleUrl>
    <Point><coordinates>-121.01542,44.481129,0.0</coordinates></Point>
  </Placemark>
  <Placemark>
    <name>4096</name>
    <styleUrl>#node</styleUrl>
    <Point><coordinates>-121.01542,44.481129,0.0</coordinates></Point>
  </Placemark>
  <Placemark>
    <name>4097</name>
    <styleUrl>#node</styleUrl>
    <Point><coordinates>-121.01542,44.481129,0.0</coordinates></Point>
  </Placemark>
  <Placemark>
    <name>4101</name>
    <styleUrl>#node</styleUrl>
    <Point><coordinates>-118.996055,47.947893,0.0</coordinates></Point>
  </Placemark>
  <Placemark>
    <name>4102</name>
    <styleUrl>#node</styleUrl>
    <Point><coordinates>-119.573343,46.669392,0.0</coordinates></Point>
  </Placemark>
  <Placemark>
    <name>4103</name>
    <styleUrl>#node</styleUrl>
    <Point><coordinates>-117.373738,47.746353,0.0</coordinates></Point>
  </Placemark>
  <Placemark>
    <name>4104</name>
    <styleUrl>#node</styleUrl>
    <Point><coordinates>-117.373738,47.746353,0.0</coordinates></Point>
  </Placemark>
  <Placemark>
    <name>4131</name>
    <styleUrl>#node</styleUrl>
    <Point><coordinates>-118.996055,47.947893,0.0</coordinates></Point>
  </Placemark>
  <Placemark>
    <name>4132</name>
    <styleUrl>#node</styleUrl>
    <Point><coordinates>-119.573343,46.669392,0.0</coordinates></Point>
  </Placemark>
  <Placemark>
    <name>4201</name>
    <styleUrl>#node</styleUrl>
    <Point><coordinates>-121.837459,48.22276,0.0</coordinates></Point>
  </Placemark>
  <Placemark>
    <name>4202</name>
    <styleUrl>#node</styleUrl>
    <Point><coordinates>-121.779859,47.065363,0.0</coordinates></Point>
  </Placemark>
  <Placemark>
    <name>4203</name>
    <styleUrl>#node</styleUrl>
    <Point><coordinates>-123.091142,44.051652,0.0</coordinates></Point>
  </Placemark>
  <Placemark>
    <name>4204</name>
    <styleUrl>#node</styleUrl>
    <Point><coordinates>-122.760172,42.358895,0.0</coordinates></Point>
  </Placemark>
  <Placemark>
    <name>4231</name>
    <styleUrl>#node</styleUrl>
    <Point><coordinates>-121.837459,48.22276,0.0</coordinates></Point>
  </Placemark>
  <Placemark>
    <name>4232</name>
    <styleUrl>#node</styleUrl>
    <Point><coordinates>-121.779859,47.065363,0.0</coordinates></Point>
  </Placemark>
  <Placemark>
    <name>5001</name>
    <styleUrl>#node</styleUrl>
    <Point><coordinates>-122.303722,49.429986,0.0</coordinates></Point>
  </Placemark>
  <Placemark>
    <name>5002</name>
    <styleUrl>#node</styleUrl>
    <Point><coordinates>-122.303722,49.429986,0.0</coordinates></Point>
  </Placemark>
  <Placemark>
    <name>5003</name>
    <styleUrl>#node</styleUrl>
    <Point><coordinates>-117.438199,49.686968,0.0</coordinates></Point>
  </Placemark>
  <Placemark>
    <name>5004</name>
    <styleUrl>#node</styleUrl>
    <Point><coordinates>-117.438199,49.686968,0.0</coordinates></Point>
  </Placemark>
  <Placemark>
    <name>5031</name>
    <styleUrl>#node</styleUrl>
    <Point><coordinates>-122.303722,49.429986,0.0</coordinates></Point>
  </Placemark>
  <Placemark>
    <name>5032</name>
    <styleUrl>#node</styleUrl>
    <Point><coordinates>-122.303722,49.429986,0.0</coordinates></Point>
  </Placemark>
  <Placemark>
    <name>6101</name>
    <styleUrl>#node</styleUrl>
    <Point><coordinates>-114.199277,42.888986,0.0</coordinates></Point>
  </Placemark>
  <Placemark>
    <name>6102</name>
    <styleUrl>#node</styleUrl>
    <Point><coordinates>-114.199277,42.888986,0.0</coordinates></Point>
  </Placemark>
  <Placemark>
    <name>6103</name>
    <styleUrl>#node</styleUrl>
    <Point><coordinates>-113.348619,42.835449,0.0</coordinates></Point>
  </Placemark>
  <Placemark>
    <name>6104</name>
    <styleUrl>#node</styleUrl>
    <Point><coordinates>-113.348619,42.835449,0.0</coordinates></Point>
  </Placemark>
  <Placemark>
    <name>6132</name>
    <styleUrl>#node</styleUrl>
    <Point><coordinates>-114.199277,42.888986,0.0</coordinates></Point>
  </Placemark>
  <Placemark>
    <name>6201</name>
    <styleUrl>#node</styleUrl>
    <Point><coordinates>-106.552322,45.689474,0.0</coordinates></Point>
  </Placemark>
  <Placemark>
    <name>6202</name>
    <styleUrl>#node</styleUrl>
    <Point><coordinates>-112.878383,46.515909,0.0</coordinates></Point>
  </Placemark>
  <Placemark>
    <name>6203</name>
    <styleUrl>#node</styleUrl>
    <Point><coordinates>-106.552322,45.689474,0.0</coordinates></Point>
  </Placemark>
  <Placemark>
    <name>6204</name>
    <styleUrl>#node</styleUrl>
    <Point><coordinates>-112.878383,46.515909,0.0</coordinates></Point>
  </Placemark>
  <Placemark>
    <name>6205</name>
    <styleUrl>#node</styleUrl>
    <Point><coordinates>-111.260716,47.432975,0.0</coordinates></Point>
  </Placemark>
  <Placemark>
    <name>6231</name>
    <styleUrl>#node</styleUrl>
    <Point><coordinates>-106.552322,45.689474,0.0</coordinates></Point>
  </Placemark>
  <Placemark>
    <name>6235</name>
    <styleUrl>#node</styleUrl>
    <Point><coordinates>-111.260716,47.432975,0.0</coordinates></Point>
  </Placemark>
  <Placemark>
    <name>6301</name>
    <styleUrl>#node</styleUrl>
    <Point><coordinates>-108.529745,42.083869,0.0</coordinates></Point>
  </Placemark>
  <Placemark>
    <name>6302</name>
    <styleUrl>#node</styleUrl>
    <Point><coordinates>-105.567246,41.383369,0.0</coordinates></Point>
  </Placemark>
  <Placemark>
    <name>6303</name>
    <styleUrl>#node</styleUrl>
    <Point><coordinates>-108.529745,42.083869,0.0</coordinates></Point>
  </Placemark>
  <Placemark>
    <name>6304</name>
    <styleUrl>#node</styleUrl>
    <Point><coordinates>-105.567246,41.383369,0.0</coordinates></Point>
  </Placemark>
  <Placemark>
    <name>6305</name>
    <styleUrl>#node</styleUrl>
    <Point><coordinates>-110.64461,41.826887,0.0</coordinates></Point>
  </Placemark>
  <Placemark>
    <name>6333</name>
    <styleUrl>#node</styleUrl>
    <Point><coordinates>-108.529745,42.083869,0.0</coordinates></Point>
  </Placemark>
  <Placemark>
    <name>6335</name>
    <styleUrl>#node</styleUrl>
    <Point><coordinates>-110.64461,41.826887,0.0</coordinates></Point>
  </Placemark>
  <Placemark>
    <name>6401</name>
    <styleUrl>#node</styleUrl>
    <Point><coordinates>-119.188176,39.499336,0.0</coordinates></Point>
  </Placemark>
  <Placemark>
    <name>6402</name>
    <styleUrl>#node</styleUrl>
    <Point><coordinates>-119.821944,39.527222,0.0</coordinates></Point>
  </Placemark>
  <Placemark>
    <name>6403</name>
    <styleUrl>#node</styleUrl>
    <Point><coordinates>-116.954457,41.182805,0.0</coordinates></Point>
  </Placemark>
  <Placemark>
    <name>6404</name>
    <styleUrl>#node</styleUrl>
    <Point><coordinates>-114.70735,39.476861,0.0</coordinates></Point>
  </Placemark>
  <Placemark>
    <name>6433</name>
    <styleUrl>#node</styleUrl>
    <Point><coordinates>-116.954457,41.182805,0.0</coordinates></Point>
  </Placemark>
  <Placemark>
    <name>6501</name>
    <styleUrl>#node</styleUrl>
    <Point><coordinates>-112.006907,41.439081,0.0</coordinates></Point>
  </Placemark>
  <Placemark>
    <name>6502</name>
    <styleUrl>#node</styleUrl>
    <Point><coordinates>-112.008,40.42316497,0.0</coordinates></Point>
  </Placemark>
  <Placemark>
    <name>6503</name>
    <styleUrl>#node</styleUrl>
    <Point><coordinates>-109.188333,40.030278,0.0</coordinates></Point>
  </Placemark>
  <Placemark>
    <name>6504</name>
    <styleUrl>#node</styleUrl>
    <Point><coordinates>-111.977164,39.868637,0.0</coordinates></Point>
  </Placemark>
  <Placemark>
    <name>6505</name>
    <styleUrl>#node</styleUrl>
    <Point><coordinates>-109.314458,37.870747,0.0</coordinates></Point>
  </Placemark>
  <Placemark>
    <name>6506</name>
    <styleUrl>#node</styleUrl>
    <Point><coordinates>-109.314458,37.870747,0.0</coordinates></Point>
  </Placemark>
  <Placemark>
    <name>6507</name>
    <styleUrl>#node</styleUrl>
    <Point><coordinates>-111.917677,38.887109,0.0</coordinates></Point>
  </Placemark>
  <Placemark>
    <name>6508</name>
    <styleUrl>#node</styleUrl>
    <Point><coordinates>-111.394196,40.053045,0.0</coordinates></Point>
  </Placemark>
  <Placemark>
    <name>6509</name>
    <styleUrl>#node</styleUrl>
    <Point><coordinates>-111.846293,40.772832,0.0</coordinates></Point>
  </Placemark>
  <Placemark>
    <name>6510</name>
    <styleUrl>#node</styleUrl>
    <Point><coordinates>-112.006907,41.439081,0.0</coordinates></Point>
  </Placemark>
  <Placemark>
    <name>6533</name>
    <styleUrl>#node</styleUrl>
    <Point><coordinates>-109.188333,40.030278,0.0</coordinates></Point>
  </Placemark>
  <Placemark>
    <name>7001</name>
    <styleUrl>#node</styleUrl>
    <Point><coordinates>-104.660626,38.542595,0.0</coordinates></Point>
  </Placemark>
  <Placemark>
    <name>7002</name>
    <styleUrl>#node</styleUrl>
    <Point><coordinates>-107.506652,40.521809,0.0</coordinates></Point>
  </Placemark>
  <Placemark>
    <name>7031</name>
    <styleUrl>#node</styleUrl>
    <Point><coordinates>-104.660626,38.542595,0.0</coordinates></Point>
  </Placemark>
  <Placemark>
    <name>7032</name>
    <styleUrl>#node</styleUrl>
    <Point><coordinates>-107.506652,40.521809,0.0</coordinates></Point>
  </Placemark>
  <Placemark>
    <name>8001</name>
    <styleUrl>#node</styleUrl>
    <Point><coordinates>-122.384572,40.382027,0.0</coordinates></Point>
  </Placemark>
  <Placemark>
    <name>8002</name>
    <styleUrl>#node</styleUrl>
    <Point><coordinates>-121.416448,37.74752,0.0</coordinates></Point>
  </Placemark>
  <Placemark>
    <name>8003</name>
    <styleUrl>#node</styleUrl>
    <Point><coordinates>-122.265115,40.397712,0.0</coordinates></Point>
  </Placemark>
  <Placemark>
    <name>8004</name>
    <styleUrl>#node</styleUrl>
    <Point><coordinates>-121.123005,38.344823,0.0</coordinates></Point>
  </Placemark>
  <Placemark>
    <name>8005</name>
    <styleUrl>#node</styleUrl>
    <Point><coordinates>-121.416448,37.74752,0.0</coordinates></Point>
  </Placemark>
  <Placemark>
    <name>8033</name>
    <styleUrl>#node</styleUrl>
    <Point><coordinates>-122.265115,40.397712,0.0</coordinates></Point>
  </Placemark>
  <Placemark>
    <name>8034</name>
    <styleUrl>#node</styleUrl>
    <Point><coordinates>-121.123005,38.344823,0.0</coordinates></Point>
  </Placemark>
  <Placemark>
    <name>1001-1201</name>
    <styleUrl>#line-in</styleUrl>
    <LineString>
      <tesselate>1</tesselate>
      <coordinates>
      -108.581419,36.670897,0
      -111.090655,35.985019,0
      </coordinates>
    </LineString>
  </Placemark>
  <Placemark>
    <name>1001-1202</name>
    <styleUrl>#line-in</styleUrl>
    <LineString>
      <tesselate>1</tesselate>
      <coordinates>
      -108.581419,36.670897,0
      -110.864429,36.961002,0
      </coordinates>
    </LineString>
  </Placemark>
  <Placemark>
    <name>1002-1004</name>
    <styleUrl>#line-in</styleUrl>
    <LineString>
      <tesselate>1</tesselate>
      <coordinates>
      -108.581419,36.670897,0
      -108.278462,36.910483,0
      </coordinates>
    </LineString>
  </Placemark>
  <Placemark>
    <name>1002-1102</name>
    <styleUrl>#line-in</styleUrl>
    <LineString>
      <tesselate>1</tesselate>
      <coordinates>
      -108.581419,36.670897,0
      -110.300278,34.940278,0
      </coordinates>
    </LineString>
  </Placemark>
  <Placemark>
    <name>1002-6506</name>
    <styleUrl>#line-in</styleUrl>
    <LineString>
      <tesselate>1</tesselate>
      <coordinates>
      -108.581419,36.670897,0
      -109.314458,37.870747,0
      </coordinates>
    </LineString>
  </Placemark>
  <Placemark>
    <name>1004-7001</name>
    <styleUrl>#line-in</styleUrl>
    <LineString>
      <tesselate>1</tesselate>
      <coordinates>
      -108.278462,36.910483,0
      -104.660626,38.542595,0
      </coordinates>
    </LineString>
  </Placemark>
  <Placemark>
    <name>1004-7002</name>
    <styleUrl>#line-in</styleUrl>
    <LineString>
      <tesselate>1</tesselate>
      <coordinates>
      -108.278462,36.910483,0
      -107.506652,40.521809,0
      </coordinates>
    </LineString>
  </Placemark>
  <Placemark>
    <name>1101-1401</name>
    <styleUrl>#line-in</styleUrl>
    <LineString>
      <tesselate>1</tesselate>
      <coordinates>
      -109.690674,35.131373,0
      -113.239936,33.513802,0
      </coordinates>
    </LineString>
  </Placemark>
  <Placemark>
    <name>1201-1202</name>
    <styleUrl>#line-in</styleUrl>
    <LineString>
      <tesselate>1</tesselate>
      <coordinates>
      -111.090655,35.985019,0
      -110.864429,36.961002,0
      </coordinates>
    </LineString>
  </Placemark>
  <Placemark>
    <name>1201-1402</name>
    <styleUrl>#line-in</styleUrl>
    <LineString>
      <tesselate>1</tesselate>
      <coordinates>
      -111.090655,35.985019,0
      -112.396715,34.067027,0
      </coordinates>
    </LineString>
  </Placemark>
  <Placemark>
    <name>1201-2901</name>
    <styleUrl>#line-in</styleUrl>
    <LineString>
      <tesselate>1</tesselate>
      <coordinates>
      -111.090655,35.985019,0
      -115.012448,35.799967,0
      </coordinates>
    </LineString>
  </Placemark>
  <Placemark>
    <name>1202-1302</name>
    <styleUrl>#line-in</styleUrl>
    <LineString>
      <tesselate>1</tesselate>
      <coordinates>
      -110.864429,36.961002,0
      -115.134207,36.649771,0
      </coordinates>
    </LineString>
  </Placemark>
  <Placemark>
    <name>1202-1402</name>
    <styleUrl>#line-in</styleUrl>
    <LineString>
      <tesselate>1</tesselate>
      <coordinates>
      -110.864429,36.961002,0
      -112.396715,34.067027,0
      </coordinates>
    </LineString>
  </Placemark>
  <Placemark>
    <name>1301-1302</name>
    <styleUrl>#line-in</styleUrl>
    <LineString>
      <tesselate>1</tesselate>
      <coordinates>
      -114.835922,35.929472,0
      -115.134207,36.649771,0
      </coordinates>
    </LineString>
  </Placemark>
  <Placemark>
    <name>1301-1402</name>
    <styleUrl>#line-in</styleUrl>
    <LineString>
      <tesselate>1</tesselate>
      <coordinates>
      -114.835922,35.929472,0
      -112.396715,34.067027,0
      </coordinates>
    </LineString>
  </Placemark>
  <Placemark>
    <name>1301-2603</name>
    <styleUrl>#line-in</styleUrl>
    <LineString>
      <tesselate>1</tesselate>
      <coordinates>
      -114.835922,35.929472,0
      -117.32157,34.565195,0
      </coordinates>
    </LineString>
  </Placemark>
  <Placemark>
    <name>1301-2901</name>
    <styleUrl>#line-in</styleUrl>
    <LineString>
      <tesselate>1</tesselate>
      <coordinates>
      -114.835922,35.929472,0
      -115.012448,35.799967,0
      </coordinates>
    </LineString>
  </Placemark>
  <Placemark>
    <name>1303-6507</name>
    <styleUrl>#line-in</styleUrl>
    <LineString>
      <tesselate>1</tesselate>
      <coordinates>
      -115.134207,36.649771,0
      -111.917677,38.887109,0
      </coordinates>
    </LineString>
  </Placemark>
  <Placemark>
    <name>1401-1402</name>
    <styleUrl>#line-in</styleUrl>
    <LineString>
      <tesselate>1</tesselate>
      <coordinates>
      -113.239936,33.513802,0
      -112.396715,34.067027,0
      </coordinates>
    </LineString>
  </Placemark>
  <Placemark>
    <name>1401-2301</name>
    <styleUrl>#line-in</styleUrl>
    <LineString>
      <tesselate>1</tesselate>
      <coordinates>
      -113.239936,33.513802,0
      -115.56459,32.856407,0
      </coordinates>
    </LineString>
  </Placemark>
  <Placemark>
    <name>1401-2400</name>
    <styleUrl>#line-in</styleUrl>
    <LineString>
      <tesselate>1</tesselate>
      <coordinates>
      -113.239936,33.513802,0
      -116.57522,33.927377,0
      </coordinates>
    </LineString>
  </Placemark>
  <Placemark>
    <name>1403-2100</name>
    <styleUrl>#line-in</styleUrl>
    <LineString>
      <tesselate>1</tesselate>
      <coordinates>
      -114.289722,34.144722,0
      -115.394435,32.971469,0
      </coordinates>
    </LineString>
  </Placemark>
  <Placemark>
    <name>2000-2202</name>
    <styleUrl>#line-in</styleUrl>
    <LineString>
      <tesselate>1</tesselate>
      <coordinates>
      -115.436076,32.227887,0
      -116.982615,32.680823,0
      </coordinates>
    </LineString>
  </Placemark>
  <Placemark>
    <name>2000-2302</name>
    <styleUrl>#line-in</styleUrl>
    <LineString>
      <tesselate>1</tesselate>
      <coordinates>
      -115.436076,32.227887,0
      -115.56459,32.856407,0
      </coordinates>
    </LineString>
  </Placemark>
  <Placemark>
    <name>2100-2302</name>
    <styleUrl>#line-in</styleUrl>
    <LineString>
      <tesselate>1</tesselate>
      <coordinates>
      -115.394435,32.971469,0
      -115.56459,32.856407,0
      </coordinates>
    </LineString>
  </Placemark>
  <Placemark>
    <name>2201-2301</name>
    <styleUrl>#line-in</styleUrl>
    <LineString>
      <tesselate>1</tesselate>
      <coordinates>
      -116.982615,32.680823,0
      -115.56459,32.856407,0
      </coordinates>
    </LineString>
  </Placemark>
  <Placemark>
    <name>2202-2203</name>
    <styleUrl>#line-in</styleUrl>
    <LineString>
      <tesselate>1</tesselate>
      <coordinates>
      -116.982615,32.680823,0
      -117.137829,32.784153,0
      </coordinates>
    </LineString>
  </Placemark>
  <Placemark>
    <name>2202-2503</name>
    <styleUrl>#line-in</styleUrl>
    <LineString>
      <tesselate>1</tesselate>
      <coordinates>
      -116.982615,32.680823,0
      -117.557619,33.370212,0
      </coordinates>
    </LineString>
  </Placemark>
  <Placemark>
    <name>2203-2503</name>
    <styleUrl>#line-in</styleUrl>
    <LineString>
      <tesselate>1</tesselate>
      <coordinates>
      -117.137829,32.784153,0
      -117.557619,33.370212,0
      </coordinates>
    </LineString>
  </Placemark>
  <Placemark>
    <name>2400-2403</name>
    <styleUrl>#line-in</styleUrl>
    <LineString>
      <tesselate>1</tesselate>
      <coordinates>
      -116.57522,33.927377,0
      -117.224444,33.796667,0
      </coordinates>
    </LineString>
  </Placemark>
  <Placemark>
    <name>2401-2402</name>
    <styleUrl>#line-in</styleUrl>
    <LineString>
      <tesselate>1</tesselate>
      <coordinates>
      -117.368876,34.369347,0
      -117.564527,34.008174,0
      </coordinates>
    </LineString>
  </Placemark>
  <Placemark>
    <name>2401-2404</name>
    <styleUrl>#line-in</styleUrl>
    <LineString>
      <tesselate>1</tesselate>
      <coordinates>
      -117.368876,34.369347,0
      -118.12147,34.488498,0
      </coordinates>
    </LineString>
  </Placemark>
  <Placemark>
    <name>2401-2501</name>
    <styleUrl>#line-in</styleUrl>
    <LineString>
      <tesselate>1</tesselate>
      <coordinates>
      -117.368876,34.369347,0
      -117.79013,33.828436,0
      </coordinates>
    </LineString>
  </Placemark>
  <Placemark>
    <name>2401-2603</name>
    <styleUrl>#line-in</styleUrl>
    <LineString>
      <tesselate>1</tesselate>
      <coordinates>
      -117.368876,34.369347,0
      -117.32157,34.565195,0
      </coordinates>
    </LineString>
  </Placemark>
  <Placemark>
    <name>2401-2901</name>
    <styleUrl>#line-in</styleUrl>
    <LineString>
      <tesselate>1</tesselate>
      <coordinates>
      -117.368876,34.369347,0
      -115.012448,35.799967,0
      </coordinates>
    </LineString>
  </Placemark>
  <Placemark>
    <name>2401-2902</name>
    <styleUrl>#line-in</styleUrl>
    <LineString>
      <tesselate>1</tesselate>
      <coordinates>
      -117.368876,34.369347,0
      -118.173889,35.0525,0
      </coordinates>
    </LineString>
  </Placemark>
  <Placemark>
    <name>2402-2501</name>
    <styleUrl>#line-in</styleUrl>
    <LineString>
      <tesselate>1</tesselate>
      <coordinates>
      -117.564527,34.008174,0
      -117.79013,33.828436,0
      </coordinates>
    </LineString>
  </Placemark>
  <Placemark>
    <name>2403-2501</name>
    <styleUrl>#line-in</styleUrl>
    <LineString>
      <tesselate>1</tesselate>
      <coordinates>
      -117.224444,33.796667,0
      -117.79013,33.828436,0
      </coordinates>
    </LineString>
  </Placemark>
  <Placemark>
    <name>2404-3893</name>
    <styleUrl>#line-in</styleUrl>
    <LineString>
      <tesselate>1</tesselate>
      <coordinates>
      -118.12147,34.488498,0
      -119.456003,35.408481,0
      </coordinates>
    </LineString>
  </Placemark>
  <Placemark>
    <name>2404-3895</name>
    <styleUrl>#line-in</styleUrl>
    <LineString>
      <tesselate>1</tesselate>
      <coordinates>
      -118.12147,34.488498,0
      -119.456003,35.408481,0
      </coordinates>
    </LineString>
  </Placemark>
  <Placemark>
    <name>2404-3897</name>
    <styleUrl>#line-in</styleUrl>
    <LineString>
      <tesselate>1</tesselate>
      <coordinates>
      -118.12147,34.488498,0
      -119.456003,35.408481,0
      </coordinates>
    </LineString>
  </Placemark>
  <Placemark>
    <name>2405-2406</name>
    <styleUrl>#line-in</styleUrl>
    <LineString>
      <tesselate>1</tesselate>
      <coordinates>
      -118.495046,34.317296,0
      -118.184526,34.150436,0
      </coordinates>
    </LineString>
  </Placemark>
  <Placemark>
    <name>2405-2410</name>
    <styleUrl>#line-in</styleUrl>
    <LineString>
      <tesselate>1</tesselate>
      <coordinates>
      -118.495046,34.317296,0
      -118.58844,34.442694,0
      </coordinates>
    </LineString>
  </Placemark>
  <Placemark>
    <name>2406-2408</name>
    <styleUrl>#line-in</styleUrl>
    <LineString>
      <tesselate>1</tesselate>
      <coordinates>
      -118.184526,34.150436,0
      -118.11012,34.037233,0
      </coordinates>
    </LineString>
  </Placemark>
  <Placemark>
    <name>2406-2410</name>
    <styleUrl>#line-in</styleUrl>
    <LineString>
      <tesselate>1</tesselate>
      <coordinates>
      -118.184526,34.150436,0
      -118.58844,34.442694,0
      </coordinates>
    </LineString>
  </Placemark>
  <Placemark>
    <name>2407-2408</name>
    <styleUrl>#line-in</styleUrl>
    <LineString>
      <tesselate>1</tesselate>
      <coordinates>
      -118.175222,33.879856,0
      -118.11012,34.037233,0
      </coordinates>
    </LineString>
  </Placemark>
  <Placemark>
    <name>2408-2409</name>
    <styleUrl>#line-in</styleUrl>
    <LineString>
      <tesselate>1</tesselate>
      <coordinates>
      -118.11012,34.037233,0
      -117.564527,34.008174,0
      </coordinates>
    </LineString>
  </Placemark>
  <Placemark>
    <name>2408-2411</name>
    <styleUrl>#line-in</styleUrl>
    <LineString>
      <tesselate>1</tesselate>
      <coordinates>
      -118.11012,34.037233,0
      -118.12147,34.488498,0
      </coordinates>
    </LineString>
  </Placemark>
  <Placemark>
    <name>2408-2502</name>
    <styleUrl>#line-in</styleUrl>
    <LineString>
      <tesselate>1</tesselate>
      <coordinates>
      -118.11012,34.037233,0
      -117.79013,33.828436,0
      </coordinates>
    </LineString>
  </Placemark>
  <Placemark>
    <name>2409-2502</name>
    <styleUrl>#line-in</styleUrl>
    <LineString>
      <tesselate>1</tesselate>
      <coordinates>
      -117.564527,34.008174,0
      -117.79013,33.828436,0
      </coordinates>
    </LineString>
  </Placemark>
  <Placemark>
    <name>2409-2503</name>
    <styleUrl>#line-in</styleUrl>
    <LineString>
      <tesselate>1</tesselate>
      <coordinates>
      -117.564527,34.008174,0
      -117.557619,33.370212,0
      </coordinates>
    </LineString>
  </Placemark>
  <Placemark>
    <name>2410-2411</name>
    <styleUrl>#line-in</styleUrl>
    <LineString>
      <tesselate>1</tesselate>
      <coordinates>
      -118.58844,34.442694,0
      -118.12147,34.488498,0
      </coordinates>
    </LineString>
  </Placemark>
  <Placemark>
    <name>2502-2503</name>
    <styleUrl>#line-in</styleUrl>
    <LineString>
      <tesselate>1</tesselate>
      <coordinates>
      -117.79013,33.828436,0
      -117.557619,33.370212,0
      </coordinates>
    </LineString>
  </Placemark>
  <Placemark>
    <name>2600-2601</name>
    <styleUrl>#line-in</styleUrl>
    <LineString>
      <tesselate>1</tesselate>
      <coordinates>
      -117.437004,34.552197,0
      -118.484219,34.285768,0
      </coordinates>
    </LineString>
  </Placemark>
  <Placemark>
    <name>2600-2602</name>
    <styleUrl>#line-in</styleUrl>
    <LineString>
      <tesselate>1</tesselate>
      <coordinates>
      -117.437004,34.552197,0
      -118.360306,34.176429,0
      </coordinates>
    </LineString>
  </Placemark>
  <Placemark>
    <name>2600-2603</name>
    <styleUrl>#line-in</styleUrl>
    <LineString>
      <tesselate>1</tesselate>
      <coordinates>
      -117.437004,34.552197,0
      -117.32157,34.565195,0
      </coordinates>
    </LineString>
  </Placemark>
  <Placemark>
    <name>2601-2603</name>
    <styleUrl>#line-in</styleUrl>
    <LineString>
      <tesselate>1</tesselate>
      <coordinates>
      -118.484219,34.285768,0
      -117.32157,34.565195,0
      </coordinates>
    </LineString>
  </Placemark>
  <Placemark>
    <name>2603-2901</name>
    <styleUrl>#line-in</styleUrl>
    <LineString>
      <tesselate>1</tesselate>
      <coordinates>
      -117.32157,34.565195,0
      -115.012448,35.799967,0
      </coordinates>
    </LineString>
  </Placemark>
  <Placemark>
    <name>2604-6404</name>
    <styleUrl>#line-in</styleUrl>
    <LineString>
      <tesselate>1</tesselate>
      <coordinates>
      -112.580826,39.500381,0
      -114.70735,39.476861,0
      </coordinates>
    </LineString>
  </Placemark>
  <Placemark>
    <name>2604-6504</name>
    <styleUrl>#line-in</styleUrl>
    <LineString>
      <tesselate>1</tesselate>
      <coordinates>
      -112.580826,39.500381,0
      -111.977164,39.868637,0
      </coordinates>
    </LineString>
  </Placemark>
  <Placemark>
    <name>2605-2607</name>
    <styleUrl>#line-in</styleUrl>
    <LineString>
      <tesselate>1</tesselate>
      <coordinates>
      -118.204015,34.015353,0
      -117.32157,34.565195,0
      </coordinates>
    </LineString>
  </Placemark>
  <Placemark>
    <name>2606-2607</name>
    <styleUrl>#line-in</styleUrl>
    <LineString>
      <tesselate>1</tesselate>
      <coordinates>
      -118.204015,34.015353,0
      -117.32157,34.565195,0
      </coordinates>
    </LineString>
  </Placemark>
  <Placemark>
    <name>2608-2611</name>
    <styleUrl>#line-in</styleUrl>
    <LineString>
      <tesselate>1</tesselate>
      <coordinates>
      -118.663274,34.589863,0
      -118.455696,34.31131,0
      </coordinates>
    </LineString>
  </Placemark>
  <Placemark>
    <name>2608-2612</name>
    <styleUrl>#line-in</styleUrl>
    <LineString>
      <tesselate>1</tesselate>
      <coordinates>
      -118.663274,34.589863,0
      -118.484219,34.285768,0
      </coordinates>
    </LineString>
  </Placemark>
  <Placemark>
    <name>2608-2618</name>
    <styleUrl>#line-in</styleUrl>
    <LineString>
      <tesselate>1</tesselate>
      <coordinates>
      -118.663274,34.589863,0
      -118.550256,34.234263,0
      </coordinates>
    </LineString>
  </Placemark>
  <Placemark>
    <name>2608-2619</name>
    <styleUrl>#line-in</styleUrl>
    <LineString>
      <tesselate>1</tesselate>
      <coordinates>
      -118.663274,34.589863,0
      -118.495046,34.317296,0
      </coordinates>
    </LineString>
  </Placemark>
  <Placemark>
    <name>2609-2615</name>
    <styleUrl>#line-in</styleUrl>
    <LineString>
      <tesselate>1</tesselate>
      <coordinates>
      -118.255,34.146111,0
      -118.360306,34.176429,0
      </coordinates>
    </LineString>
  </Placemark>
  <Placemark>
    <name>2609-2617</name>
    <styleUrl>#line-in</styleUrl>
    <LineString>
      <tesselate>1</tesselate>
      <coordinates>
      -118.255,34.146111,0
      -118.254629,34.10948,0
      </coordinates>
    </LineString>
  </Placemark>
  <Placemark>
    <name>2610-2613</name>
    <styleUrl>#line-in</styleUrl>
    <LineString>
      <tesselate>1</tesselate>
      <coordinates>
      -117.911364,33.697565,0
      -118.230212,34.037697,0
      </coordinates>
    </LineString>
  </Placemark>
  <Placemark>
    <name>2610-2616</name>
    <styleUrl>#line-in</styleUrl>
    <LineString>
      <tesselate>1</tesselate>
      <coordinates>
      -117.911364,33.697565,0
      -118.204015,34.015353,0
      </coordinates>
    </LineString>
  </Placemark>
  <Placemark>
    <name>2610-2617</name>
    <styleUrl>#line-in</styleUrl>
    <LineString>
      <tesselate>1</tesselate>
      <coordinates>
      -117.911364,33.697565,0
      -118.254629,34.10948,0
      </coordinates>
    </LineString>
  </Placemark>
  <Placemark>
    <name>2611-2612</name>
    <styleUrl>#line-in</styleUrl>
    <LineString>
      <tesselate>1</tesselate>
      <coordinates>
      -118.455696,34.31131,0
      -118.484219,34.285768,0
      </coordinates>
    </LineString>
  </Placemark>
  <Placemark>
    <name>2612-2615</name>
    <styleUrl>#line-in</styleUrl>
    <LineString>
      <tesselate>1</tesselate>
      <coordinates>
      -118.484219,34.285768,0
      -118.360306,34.176429,0
      </coordinates>
    </LineString>
  </Placemark>
  <Placemark>
    <name>2612-2618</name>
    <styleUrl>#line-in</styleUrl>
    <LineString>
      <tesselate>1</tesselate>
      <coordinates>
      -118.484219,34.285768,0
      -118.550256,34.234263,0
      </coordinates>
    </LineString>
  </Placemark>
  <Placemark>
    <name>2612-2619</name>
    <styleUrl>#line-in</styleUrl>
    <LineString>
      <tesselate>1</tesselate>
      <coordinates>
      -118.484219,34.285768,0
      -118.495046,34.317296,0
      </coordinates>
    </LineString>
  </Placemark>
  <Placemark>
    <name>2612-2620</name>
    <styleUrl>#line-in</styleUrl>
    <LineString>
      <tesselate>1</tesselate>
      <coordinates>
      -118.484219,34.285768,0
      -117.224444,33.796667,0
      </coordinates>
    </LineString>
  </Placemark>
  <Placemark>
    <name>2613-2616</name>
    <styleUrl>#line-in</styleUrl>
    <LineString>
      <tesselate>1</tesselate>
      <coordinates>
      -118.230212,34.037697,0
      -118.204015,34.015353,0
      </coordinates>
    </LineString>
  </Placemark>
  <Placemark>
    <name>2613-2617</name>
    <styleUrl>#line-in</styleUrl>
    <LineString>
      <tesselate>1</tesselate>
      <coordinates>
      -118.230212,34.037697,0
      -118.254629,34.10948,0
      </coordinates>
    </LineString>
  </Placemark>
  <Placemark>
    <name>2614-2616</name>
    <styleUrl>#line-in</styleUrl>
    <LineString>
      <tesselate>1</tesselate>
      <coordinates>
      -118.204015,34.015353,0
      -118.204015,34.015353,0
      </coordinates>
    </LineString>
  </Placemark>
  <Placemark>
    <name>2615-2617</name>
    <styleUrl>#line-in</styleUrl>
    <LineString>
      <tesselate>1</tesselate>
      <coordinates>
      -118.360306,34.176429,0
      -118.254629,34.10948,0
      </coordinates>
    </LineString>
  </Placemark>
  <Placemark>
    <name>2615-2620</name>
    <styleUrl>#line-in</styleUrl>
    <LineString>
      <tesselate>1</tesselate>
      <coordinates>
      -118.360306,34.176429,0
      -117.224444,33.796667,0
      </coordinates>
    </LineString>
  </Placemark>
  <Placemark>
    <name>2616-2617</name>
    <styleUrl>#line-in</styleUrl>
    <LineString>
      <tesselate>1</tesselate>
      <coordinates>
      -118.204015,34.015353,0
      -118.254629,34.10948,0
      </coordinates>
    </LineString>
  </Placemark>
  <Placemark>
    <name>2901-2902</name>
    <styleUrl>#line-in</styleUrl>
    <LineString>
      <tesselate>1</tesselate>
      <coordinates>
      -115.012448,35.799967,0
      -118.173889,35.0525,0
      </coordinates>
    </LineString>
  </Placemark>
  <Placemark>
    <name>3101-3102</name>
    <styleUrl>#line-in</styleUrl>
    <LineString>
      <tesselate>1</tesselate>
      <coordinates>
      -122.395045,37.788555,0
      -122.410274,37.704337,0
      </coordinates>
    </LineString>
  </Placemark>
  <Placemark>
    <name>3102-3103</name>
    <styleUrl>#line-in</styleUrl>
    <LineString>
      <tesselate>1</tesselate>
      <coordinates>
      -122.410274,37.704337,0
      -122.318546,37.582985,0
      </coordinates>
    </LineString>
  </Placemark>
  <Placemark>
    <name>3102-3302</name>
    <styleUrl>#line-in</styleUrl>
    <LineString>
      <tesselate>1</tesselate>
      <coordinates>
      -122.410274,37.704337,0
      -122.2042168,37.4198065,0
      </coordinates>
    </LineString>
  </Placemark>
  <Placemark>
    <name>3103-3204</name>
    <styleUrl>#line-in</styleUrl>
    <LineString>
      <tesselate>1</tesselate>
      <coordinates>
      -122.318546,37.582985,0
      -121.897096,38.037129,0
      </coordinates>
    </LineString>
  </Placemark>
  <Placemark>
    <name>3103-3305</name>
    <styleUrl>#line-in</styleUrl>
    <LineString>
      <tesselate>1</tesselate>
      <coordinates>
      -122.318546,37.582985,0
      -122.138182,37.494231,0
      </coordinates>
    </LineString>
  </Placemark>
  <Placemark>
    <name>3104-3105</name>
    <styleUrl>#line-in</styleUrl>
    <LineString>
      <tesselate>1</tesselate>
      <coordinates>
      -122.410274,37.704337,0
      -122.398,37.75843,0
      </coordinates>
    </LineString>
  </Placemark>
  <Placemark>
    <name>3201-3202</name>
    <styleUrl>#line-in</styleUrl>
    <LineString>
      <tesselate>1</tesselate>
      <coordinates>
      -122.031111,37.978056,0
      -122.16088,37.848161,0
      </coordinates>
    </LineString>
  </Placemark>
  <Placemark>
    <name>3201-3203</name>
    <styleUrl>#line-in</styleUrl>
    <LineString>
      <tesselate>1</tesselate>
      <coordinates>
      -122.031111,37.978056,0
      -121.987444,37.501131,0
      </coordinates>
    </LineString>
  </Placemark>
  <Placemark>
    <name>3201-3923</name>
    <styleUrl>#line-in</styleUrl>
    <LineString>
      <tesselate>1</tesselate>
      <coordinates>
      -122.031111,37.978056,0
      -121.565283,37.71247,0
      </coordinates>
    </LineString>
  </Placemark>
  <Placemark>
    <name>3201-3924</name>
    <styleUrl>#line-in</styleUrl>
    <LineString>
      <tesselate>1</tesselate>
      <coordinates>
      -122.031111,37.978056,0
      -121.918134,38.40437,0
      </coordinates>
    </LineString>
  </Placemark>
  <Placemark>
    <name>3202-3203</name>
    <styleUrl>#line-in</styleUrl>
    <LineString>
      <tesselate>1</tesselate>
      <coordinates>
      -122.16088,37.848161,0
      -121.987444,37.501131,0
      </coordinates>
    </LineString>
  </Placemark>
  <Placemark>
    <name>3202-3204</name>
    <styleUrl>#line-in</styleUrl>
    <LineString>
      <tesselate>1</tesselate>
      <coordinates>
      -122.16088,37.848161,0
      -121.897096,38.037129,0
      </coordinates>
    </LineString>
  </Placemark>
  <Placemark>
    <name>3202-3205</name>
    <styleUrl>#line-in</styleUrl>
    <LineString>
      <tesselate>1</tesselate>
      <coordinates>
      -122.16088,37.848161,0
      -122.208867,37.905327,0
      </coordinates>
    </LineString>
  </Placemark>
  <Placemark>
    <name>3202-3924</name>
    <styleUrl>#line-in</styleUrl>
    <LineString>
      <tesselate>1</tesselate>
      <coordinates>
      -122.16088,37.848161,0
      -121.918134,38.40437,0
      </coordinates>
    </LineString>
  </Placemark>
  <Placemark>
    <name>3203-3204</name>
    <styleUrl>#line-in</styleUrl>
    <LineString>
      <tesselate>1</tesselate>
      <coordinates>
      -121.987444,37.501131,0
      -121.897096,38.037129,0
      </coordinates>
    </LineString>
  </Placemark>
  <Placemark>
    <name>3203-3303</name>
    <styleUrl>#line-in</styleUrl>
    <LineString>
      <tesselate>1</tesselate>
      <coordinates>
      -121.987444,37.501131,0
      -121.746496,37.222363,0
      </coordinates>
    </LineString>
  </Placemark>
  <Placemark>
    <name>3203-3305</name>
    <styleUrl>#line-in</styleUrl>
    <LineString>
      <tesselate>1</tesselate>
      <coordinates>
      -121.987444,37.501131,0
      -122.138182,37.494231,0
      </coordinates>
    </LineString>
  </Placemark>
  <Placemark>
    <name>3203-3923</name>
    <styleUrl>#line-in</styleUrl>
    <LineString>
      <tesselate>1</tesselate>
      <coordinates>
      -121.987444,37.501131,0
      -121.565283,37.71247,0
      </coordinates>
    </LineString>
  </Placemark>
  <Placemark>
    <name>3204-3205</name>
    <styleUrl>#line-in</styleUrl>
    <LineString>
      <tesselate>1</tesselate>
      <coordinates>
      -121.897096,38.037129,0
      -122.208867,37.905327,0
      </coordinates>
    </LineString>
  </Placemark>
  <Placemark>
    <name>3204-3923</name>
    <styleUrl>#line-in</styleUrl>
    <LineString>
      <tesselate>1</tesselate>
      <coordinates>
      -121.897096,38.037129,0
      -121.565283,37.71247,0
      </coordinates>
    </LineString>
  </Placemark>
  <Placemark>
    <name>3205-3914</name>
    <styleUrl>#line-in</styleUrl>
    <LineString>
      <tesselate>1</tesselate>
      <coordinates>
      -122.208867,37.905327,0
      -122.538611,38.070278,0
      </coordinates>
    </LineString>
  </Placemark>
  <Placemark>
    <name>3205-3915</name>
    <styleUrl>#line-in</styleUrl>
    <LineString>
      <tesselate>1</tesselate>
      <coordinates>
      -122.208867,37.905327,0
      -122.583996,38.249937,0
      </coordinates>
    </LineString>
  </Placemark>
  <Placemark>
    <name>3301-3902</name>
    <styleUrl>#line-in</styleUrl>
    <LineString>
      <tesselate>1</tesselate>
      <coordinates>
      -121.746496,37.222363,0
      -121.732796,36.737604,0
      </coordinates>
    </LineString>
  </Placemark>
  <Placemark>
    <name>3301-3903</name>
    <styleUrl>#line-in</styleUrl>
    <LineString>
      <tesselate>1</tesselate>
      <coordinates>
      -121.746496,37.222363,0
      -121.565283,37.71247,0
      </coordinates>
    </LineString>
  </Placemark>
  <Placemark>
    <name>3302-3304</name>
    <styleUrl>#line-in</styleUrl>
    <LineString>
      <tesselate>1</tesselate>
      <coordinates>
      -122.2042168,37.4198065,0
      -122.0737899,37.322286,0
      </coordinates>
    </LineString>
  </Placemark>
  <Placemark>
    <name>3303-3304</name>
    <styleUrl>#line-in</styleUrl>
    <LineString>
      <tesselate>1</tesselate>
      <coordinates>
      -121.746496,37.222363,0
      -122.0737899,37.322286,0
      </coordinates>
    </LineString>
  </Placemark>
  <Placemark>
    <name>3303-3918</name>
    <styleUrl>#line-in</styleUrl>
    <LineString>
      <tesselate>1</tesselate>
      <coordinates>
      -121.746496,37.222363,0
      -121.732796,36.737604,0
      </coordinates>
    </LineString>
  </Placemark>
  <Placemark>
    <name>3305-3923</name>
    <styleUrl>#line-in</styleUrl>
    <LineString>
      <tesselate>1</tesselate>
      <coordinates>
      -122.138182,37.494231,0
      -121.565283,37.71247,0
      </coordinates>
    </LineString>
  </Placemark>
  <Placemark>
    <name>3401-3402</name>
    <styleUrl>#line-in</styleUrl>
    <LineString>
      <tesselate>1</tesselate>
      <coordinates>
      -119.92442,36.850535,0
      -118.946978,37.039937,0
      </coordinates>
    </LineString>
  </Placemark>
  <Placemark>
    <name>3401-3404</name>
    <styleUrl>#line-in</styleUrl>
    <LineString>
      <tesselate>1</tesselate>
      <coordinates>
      -119.92442,36.850535,0
      -120.46628,36.675814,0
      </coordinates>
    </LineString>
  </Placemark>
  <Placemark>
    <name>3401-3405</name>
    <styleUrl>#line-in</styleUrl>
    <LineString>
      <tesselate>1</tesselate>
      <coordinates>
      -119.92442,36.850535,0
      -120.407178,37.291036,0
      </coordinates>
    </LineString>
  </Placemark>
  <Placemark>
    <name>3401-3804</name>
    <styleUrl>#line-in</styleUrl>
    <LineString>
      <tesselate>1</tesselate>
      <coordinates>
      -119.92442,36.850535,0
      -120.124187,36.144321,0
      </coordinates>
    </LineString>
  </Placemark>
  <Placemark>
    <name>3403-3404</name>
    <styleUrl>#line-in</styleUrl>
    <LineString>
      <tesselate>1</tesselate>
      <coordinates>
      -119.639632,36.609214,0
      -120.46628,36.675814,0
      </coordinates>
    </LineString>
  </Placemark>
  <Placemark>
    <name>3403-3804</name>
    <styleUrl>#line-in</styleUrl>
    <LineString>
      <tesselate>1</tesselate>
      <coordinates>
      -119.639632,36.609214,0
      -120.124187,36.144321,0
      </coordinates>
    </LineString>
  </Placemark>
  <Placemark>
    <name>3404-3804</name>
    <styleUrl>#line-in</styleUrl>
    <LineString>
      <tesselate>1</tesselate>
      <coordinates>
      -120.46628,36.675814,0
      -120.124187,36.144321,0
      </coordinates>
    </LineString>
  </Placemark>
  <Placemark>
    <name>3404-3917</name>
    <styleUrl>#line-in</styleUrl>
    <LineString>
      <tesselate>1</tesselate>
      <coordinates>
      -120.46628,36.675814,0
      -121.022616,37.054001,0
      </coordinates>
    </LineString>
  </Placemark>
  <Placemark>
    <name>3404-3918</name>
    <styleUrl>#line-in</styleUrl>
    <LineString>
      <tesselate>1</tesselate>
      <coordinates>
      -120.46628,36.675814,0
      -121.732796,36.737604,0
      </coordinates>
    </LineString>
  </Placemark>
  <Placemark>
    <name>3405-3907</name>
    <styleUrl>#line-in</styleUrl>
    <LineString>
      <tesselate>1</tesselate>
      <coordinates>
      -120.407178,37.291036,0
      -121.015147,38.01622,0
      </coordinates>
    </LineString>
  </Placemark>
  <Placemark>
    <name>3501-3914</name>
    <styleUrl>#line-in</styleUrl>
    <LineString>
      <tesselate>1</tesselate>
      <coordinates>
      -122.761324,38.497952,0
      -122.538611,38.070278,0
      </coordinates>
    </LineString>
  </Placemark>
  <Placemark>
    <name>3501-3915</name>
    <styleUrl>#line-in</styleUrl>
    <LineString>
      <tesselate>1</tesselate>
      <coordinates>
      -122.761324,38.497952,0
      -122.583996,38.249937,0
      </coordinates>
    </LineString>
  </Placemark>
  <Placemark>
    <name>3601-3925</name>
    <styleUrl>#line-in</styleUrl>
    <LineString>
      <tesselate>1</tesselate>
      <coordinates>
      -124.163611,40.801944,0
      -122.265115,40.397712,0
      </coordinates>
    </LineString>
  </Placemark>
  <Placemark>
    <name>3701-3926</name>
    <styleUrl>#line-in</styleUrl>
    <LineString>
      <tesselate>1</tesselate>
      <coordinates>
      -119.821944,39.527222,0
      -121.463992,38.93608,0
      </coordinates>
    </LineString>
  </Placemark>
  <Placemark>
    <name>3801-3802</name>
    <styleUrl>#line-in</styleUrl>
    <LineString>
      <tesselate>1</tesselate>
      <coordinates>
      -120.855104,35.230747,0
      -120.124187,36.144321,0
      </coordinates>
    </LineString>
  </Placemark>
  <Placemark>
    <name>3801-3803</name>
    <styleUrl>#line-in</styleUrl>
    <LineString>
      <tesselate>1</tesselate>
      <coordinates>
      -120.855104,35.230747,0
      -119.456003,35.408481,0
      </coordinates>
    </LineString>
  </Placemark>
  <Placemark>
    <name>3802-3891</name>
    <styleUrl>#line-in</styleUrl>
    <LineString>
      <tesselate>1</tesselate>
      <coordinates>
      -120.124187,36.144321,0
      -120.124187,36.144321,0
      </coordinates>
    </LineString>
  </Placemark>
  <Placemark>
    <name>3802-3901</name>
    <styleUrl>#line-in</styleUrl>
    <LineString>
      <tesselate>1</tesselate>
      <coordinates>
      -120.124187,36.144321,0
      -121.022616,37.054001,0
      </coordinates>
    </LineString>
  </Placemark>
  <Placemark>
    <name>3803-3891</name>
    <styleUrl>#line-in</styleUrl>
    <LineString>
      <tesselate>1</tesselate>
      <coordinates>
      -119.456003,35.408481,0
      -120.124187,36.144321,0
      </coordinates>
    </LineString>
  </Placemark>
  <Placemark>
    <name>3803-3892</name>
    <styleUrl>#line-in</styleUrl>
    <LineString>
      <tesselate>1</tesselate>
      <coordinates>
      -119.456003,35.408481,0
      -119.456003,35.408481,0
      </coordinates>
    </LineString>
  </Placemark>
  <Placemark>
    <name>3803-3894</name>
    <styleUrl>#line-in</styleUrl>
    <LineString>
      <tesselate>1</tesselate>
      <coordinates>
      -119.456003,35.408481,0
      -119.456003,35.408481,0
      </coordinates>
    </LineString>
  </Placemark>
  <Placemark>
    <name>3803-3896</name>
    <styleUrl>#line-in</styleUrl>
    <LineString>
      <tesselate>1</tesselate>
      <coordinates>
      -119.456003,35.408481,0
      -119.456003,35.408481,0
      </coordinates>
    </LineString>
  </Placemark>
  <Placemark>
    <name>3803-3901</name>
    <styleUrl>#line-in</styleUrl>
    <LineString>
      <tesselate>1</tesselate>
      <coordinates>
      -119.456003,35.408481,0
      -121.022616,37.054001,0
      </coordinates>
    </LineString>
  </Placemark>
  <Placemark>
    <name>3804-3806</name>
    <styleUrl>#line-in</styleUrl>
    <LineString>
      <tesselate>1</tesselate>
      <coordinates>
      -120.124187,36.144321,0
      -120.858669,35.38543,0
      </coordinates>
    </LineString>
  </Placemark>
  <Placemark>
    <name>3805-3806</name>
    <styleUrl>#line-in</styleUrl>
    <LineString>
      <tesselate>1</tesselate>
      <coordinates>
      -119.456003,35.408481,0
      -120.858669,35.38543,0
      </coordinates>
    </LineString>
  </Placemark>
  <Placemark>
    <name>3892-3893</name>
    <styleUrl>#line-in</styleUrl>
    <LineString>
      <tesselate>1</tesselate>
      <coordinates>
      -119.456003,35.408481,0
      -119.456003,35.408481,0
      </coordinates>
    </LineString>
  </Placemark>
  <Placemark>
    <name>3894-3895</name>
    <styleUrl>#line-in</styleUrl>
    <LineString>
      <tesselate>1</tesselate>
      <coordinates>
      -119.456003,35.408481,0
      -119.456003,35.408481,0
      </coordinates>
    </LineString>
  </Placemark>
  <Placemark>
    <name>3896-3897</name>
    <styleUrl>#line-in</styleUrl>
    <LineString>
      <tesselate>1</tesselate>
      <coordinates>
      -119.456003,35.408481,0
      -119.456003,35.408481,0
      </coordinates>
    </LineString>
  </Placemark>
  <Placemark>
    <name>3901-3902</name>
    <styleUrl>#line-in</styleUrl>
    <LineString>
      <tesselate>1</tesselate>
      <coordinates>
      -121.022616,37.054001,0
      -121.732796,36.737604,0
      </coordinates>
    </LineString>
  </Placemark>
  <Placemark>
    <name>3901-3903</name>
    <styleUrl>#line-in</styleUrl>
    <LineString>
      <tesselate>1</tesselate>
      <coordinates>
      -121.022616,37.054001,0
      -121.565283,37.71247,0
      </coordinates>
    </LineString>
  </Placemark>
  <Placemark>
    <name>3901-8002</name>
    <styleUrl>#line-in</styleUrl>
    <LineString>
      <tesselate>1</tesselate>
      <coordinates>
      -121.022616,37.054001,0
      -121.416448,37.74752,0
      </coordinates>
    </LineString>
  </Placemark>
  <Placemark>
    <name>3903-3904</name>
    <styleUrl>#line-in</styleUrl>
    <LineString>
      <tesselate>1</tesselate>
      <coordinates>
      -121.565283,37.71247,0
      -121.918134,38.40437,0
      </coordinates>
    </LineString>
  </Placemark>
  <Placemark>
    <name>3903-3905</name>
    <styleUrl>#line-in</styleUrl>
    <LineString>
      <tesselate>1</tesselate>
      <coordinates>
      -121.565283,37.71247,0
      -121.645379,39.55548,0
      </coordinates>
    </LineString>
  </Placemark>
  <Placemark>
    <name>3903-8002</name>
    <styleUrl>#line-in</styleUrl>
    <LineString>
      <tesselate>1</tesselate>
      <coordinates>
      -121.565283,37.71247,0
      -121.416448,37.74752,0
      </coordinates>
    </LineString>
  </Placemark>
  <Placemark>
    <name>3904-3905</name>
    <styleUrl>#line-in</styleUrl>
    <LineString>
      <tesselate>1</tesselate>
      <coordinates>
      -121.918134,38.40437,0
      -121.645379,39.55548,0
      </coordinates>
    </LineString>
  </Placemark>
  <Placemark>
    <name>3905-3906</name>
    <styleUrl>#line-in</styleUrl>
    <LineString>
      <tesselate>1</tesselate>
      <coordinates>
      -121.645379,39.55548,0
      -121.936762,40.808138,0
      </coordinates>
    </LineString>
  </Placemark>
  <Placemark>
    <name>3906-4001</name>
    <styleUrl>#line-in</styleUrl>
    <LineString>
      <tesselate>1</tesselate>
      <coordinates>
      -121.936762,40.808138,0
      -121.318052,42.004704,0
      </coordinates>
    </LineString>
  </Placemark>
  <Placemark>
    <name>3907-3908</name>
    <styleUrl>#line-in</styleUrl>
    <LineString>
      <tesselate>1</tesselate>
      <coordinates>
      -121.015147,38.01622,0
      -121.407942,38.547942,0
      </coordinates>
    </LineString>
  </Placemark>
  <Placemark>
    <name>3907-3923</name>
    <styleUrl>#line-in</styleUrl>
    <LineString>
      <tesselate>1</tesselate>
      <coordinates>
      -121.015147,38.01622,0
      -121.565283,37.71247,0
      </coordinates>
    </LineString>
  </Placemark>
  <Placemark>
    <name>3907-8004</name>
    <styleUrl>#line-in</styleUrl>
    <LineString>
      <tesselate>1</tesselate>
      <coordinates>
      -121.015147,38.01622,0
      -121.123005,38.344823,0
      </coordinates>
    </LineString>
  </Placemark>
  <Placemark>
    <name>3908-3920</name>
    <styleUrl>#line-in</styleUrl>
    <LineString>
      <tesselate>1</tesselate>
      <coordinates>
      -121.407942,38.547942,0
      -121.463992,38.93608,0
      </coordinates>
    </LineString>
  </Placemark>
  <Placemark>
    <name>3909-3919</name>
    <styleUrl>#line-in</styleUrl>
    <LineString>
      <tesselate>1</tesselate>
      <coordinates>
      -121.337,39.2617,0
      -121.538056,39.435556,0
      </coordinates>
    </LineString>
  </Placemark>
  <Placemark>
    <name>3909-3920</name>
    <styleUrl>#line-in</styleUrl>
    <LineString>
      <tesselate>1</tesselate>
      <coordinates>
      -121.337,39.2617,0
      -121.463992,38.93608,0
      </coordinates>
    </LineString>
  </Placemark>
  <Placemark>
    <name>3910-3911</name>
    <styleUrl>#line-in</styleUrl>
    <LineString>
      <tesselate>1</tesselate>
      <coordinates>
      -122.290278,39.018333,0
      -122.265115,40.397712,0
      </coordinates>
    </LineString>
  </Placemark>
  <Placemark>
    <name>3910-3924</name>
    <styleUrl>#line-in</styleUrl>
    <LineString>
      <tesselate>1</tesselate>
      <coordinates>
      -122.290278,39.018333,0
      -121.918134,38.40437,0
      </coordinates>
    </LineString>
  </Placemark>
  <Placemark>
    <name>3911-3912</name>
    <styleUrl>#line-in</styleUrl>
    <LineString>
      <tesselate>1</tesselate>
      <coordinates>
      -122.265115,40.397712,0
      -122.013889,39.521944,0
      </coordinates>
    </LineString>
  </Placemark>
  <Placemark>
    <name>3911-3916</name>
    <styleUrl>#line-in</styleUrl>
    <LineString>
      <tesselate>1</tesselate>
      <coordinates>
      -122.265115,40.397712,0
      -122.23327,39.435504,0
      </coordinates>
    </LineString>
  </Placemark>
  <Placemark>
    <name>3911-3921</name>
    <styleUrl>#line-in</styleUrl>
    <LineString>
      <tesselate>1</tesselate>
      <coordinates>
      -122.265115,40.397712,0
      -121.936762,40.808138,0
      </coordinates>
    </LineString>
  </Placemark>
  <Placemark>
    <name>3911-3924</name>
    <styleUrl>#line-in</styleUrl>
    <LineString>
      <tesselate>1</tesselate>
      <coordinates>
      -122.265115,40.397712,0
      -121.918134,38.40437,0
      </coordinates>
    </LineString>
  </Placemark>
  <Placemark>
    <name>3911-8003</name>
    <styleUrl>#line-in</styleUrl>
    <LineString>
      <tesselate>1</tesselate>
      <coordinates>
      -122.265115,40.397712,0
      -122.265115,40.397712,0
      </coordinates>
    </LineString>
  </Placemark>
  <Placemark>
    <name>3912-3924</name>
    <styleUrl>#line-in</styleUrl>
    <LineString>
      <tesselate>1</tesselate>
      <coordinates>
      -122.013889,39.521944,0
      -121.918134,38.40437,0
      </coordinates>
    </LineString>
  </Placemark>
  <Placemark>
    <name>3913-3920</name>
    <styleUrl>#line-in</styleUrl>
    <LineString>
      <tesselate>1</tesselate>
      <coordinates>
      -121.137023,38.657961,0
      -121.463992,38.93608,0
      </coordinates>
    </LineString>
  </Placemark>
  <Placemark>
    <name>3913-3923</name>
    <styleUrl>#line-in</styleUrl>
    <LineString>
      <tesselate>1</tesselate>
      <coordinates>
      -121.137023,38.657961,0
      -121.565283,37.71247,0
      </coordinates>
    </LineString>
  </Placemark>
  <Placemark>
    <name>3913-8004</name>
    <styleUrl>#line-in</styleUrl>
    <LineString>
      <tesselate>1</tesselate>
      <coordinates>
      -121.137023,38.657961,0
      -121.123005,38.344823,0
      </coordinates>
    </LineString>
  </Placemark>
  <Placemark>
    <name>3915-3924</name>
    <styleUrl>#line-in</styleUrl>
    <LineString>
      <tesselate>1</tesselate>
      <coordinates>
      -122.583996,38.249937,0
      -121.918134,38.40437,0
      </coordinates>
    </LineString>
  </Placemark>
  <Placemark>
    <name>3916-3924</name>
    <styleUrl>#line-in</styleUrl>
    <LineString>
      <tesselate>1</tesselate>
      <coordinates>
      -122.23327,39.435504,0
      -121.918134,38.40437,0
      </coordinates>
    </LineString>
  </Placemark>
  <Placemark>
    <name>3919-3922</name>
    <styleUrl>#line-in</styleUrl>
    <LineString>
      <tesselate>1</tesselate>
      <coordinates>
      -121.538056,39.435556,0
      -121.645379,39.55548,0
      </coordinates>
    </LineString>
  </Placemark>
  <Placemark>
    <name>3920-3922</name>
    <styleUrl>#line-in</styleUrl>
    <LineString>
      <tesselate>1</tesselate>
      <coordinates>
      -121.463992,38.93608,0
      -121.645379,39.55548,0
      </coordinates>
    </LineString>
  </Placemark>
  <Placemark>
    <name>3923-8005</name>
    <styleUrl>#line-in</styleUrl>
    <LineString>
      <tesselate>1</tesselate>
      <coordinates>
      -121.565283,37.71247,0
      -121.416448,37.74752,0
      </coordinates>
    </LineString>
  </Placemark>
  <Placemark>
    <name>4001-4090</name>
    <styleUrl>#line-in</styleUrl>
    <LineString>
      <tesselate>1</tesselate>
      <coordinates>
      -121.318052,42.004704,0
      -121.318052,42.004704,0
      </coordinates>
    </LineString>
  </Placemark>
  <Placemark>
    <name>4001-4094</name>
    <styleUrl>#line-in</styleUrl>
    <LineString>
      <tesselate>1</tesselate>
      <coordinates>
      -121.318052,42.004704,0
      -121.01542,44.481129,0
      </coordinates>
    </LineString>
  </Placemark>
  <Placemark>
    <name>4001-4097</name>
    <styleUrl>#line-in</styleUrl>
    <LineString>
      <tesselate>1</tesselate>
      <coordinates>
      -121.318052,42.004704,0
      -121.01542,44.481129,0
      </coordinates>
    </LineString>
  </Placemark>
  <Placemark>
    <name>4001-4204</name>
    <styleUrl>#line-in</styleUrl>
    <LineString>
      <tesselate>1</tesselate>
      <coordinates>
      -121.318052,42.004704,0
      -122.760172,42.358895,0
      </coordinates>
    </LineString>
  </Placemark>
  <Placemark>
    <name>4001-8001</name>
    <styleUrl>#line-in</styleUrl>
    <LineString>
      <tesselate>1</tesselate>
      <coordinates>
      -121.318052,42.004704,0
      -122.384572,40.382027,0
      </coordinates>
    </LineString>
  </Placemark>
  <Placemark>
    <name>4002-4003</name>
    <styleUrl>#line-in</styleUrl>
    <LineString>
      <tesselate>1</tesselate>
      <coordinates>
      -120.953695,43.016085,0
      -118.797842,43.767338,0
      </coordinates>
    </LineString>
  </Placemark>
  <Placemark>
    <name>4002-4090</name>
    <styleUrl>#line-in</styleUrl>
    <LineString>
      <tesselate>1</tesselate>
      <coordinates>
      -120.953695,43.016085,0
      -121.318052,42.004704,0
      </coordinates>
    </LineString>
  </Placemark>
  <Placemark>
    <name>4002-4091</name>
    <styleUrl>#line-in</styleUrl>
    <LineString>
      <tesselate>1</tesselate>
      <coordinates>
      -120.953695,43.016085,0
      -121.01542,44.481129,0
      </coordinates>
    </LineString>
  </Placemark>
  <Placemark>
    <name>4003-6101</name>
    <styleUrl>#line-in</styleUrl>
    <LineString>
      <tesselate>1</tesselate>
      <coordinates>
      -118.797842,43.767338,0
      -114.199277,42.888986,0
      </coordinates>
    </LineString>
  </Placemark>
  <Placemark>
    <name>4004-4005</name>
    <styleUrl>#line-in</styleUrl>
    <LineString>
      <tesselate>1</tesselate>
      <coordinates>
      -121.01542,44.481129,0
      -120.733553,45.677819,0
      </coordinates>
    </LineString>
  </Placemark>
  <Placemark>
    <name>4004-4091</name>
    <styleUrl>#line-in</styleUrl>
    <LineString>
      <tesselate>1</tesselate>
      <coordinates>
      -121.01542,44.481129,0
      -121.01542,44.481129,0
      </coordinates>
    </LineString>
  </Placemark>
  <Placemark>
    <name>4004-4092</name>
    <styleUrl>#line-in</styleUrl>
    <LineString>
      <tesselate>1</tesselate>
      <coordinates>
      -121.01542,44.481129,0
      -121.01542,44.481129,0
      </coordinates>
    </LineString>
  </Placemark>
  <Placemark>
    <name>4004-4095</name>
    <styleUrl>#line-in</styleUrl>
    <LineString>
      <tesselate>1</tesselate>
      <coordinates>
      -121.01542,44.481129,0
      -121.01542,44.481129,0
      </coordinates>
    </LineString>
  </Placemark>
  <Placemark>
    <name>4005-4006</name>
    <styleUrl>#line-in</styleUrl>
    <LineString>
      <tesselate>1</tesselate>
      <coordinates>
      -120.733553,45.677819,0
      -121.115583,45.60664,0
      </coordinates>
    </LineString>
  </Placemark>
  <Placemark>
    <name>4005-4102</name>
    <styleUrl>#line-in</styleUrl>
    <LineString>
      <tesselate>1</tesselate>
      <coordinates>
      -120.733553,45.677819,0
      -119.573343,46.669392,0
      </coordinates>
    </LineString>
  </Placemark>
  <Placemark>
    <name>4005-4202</name>
    <styleUrl>#line-in</styleUrl>
    <LineString>
      <tesselate>1</tesselate>
      <coordinates>
      -120.733553,45.677819,0
      -121.779859,47.065363,0
      </coordinates>
    </LineString>
  </Placemark>
  <Placemark>
    <name>4005-6202</name>
    <styleUrl>#line-in</styleUrl>
    <LineString>
      <tesselate>1</tesselate>
      <coordinates>
      -120.733553,45.677819,0
      -112.878383,46.515909,0
      </coordinates>
    </LineString>
  </Placemark>
  <Placemark>
    <name>4006-4007</name>
    <styleUrl>#line-in</styleUrl>
    <LineString>
      <tesselate>1</tesselate>
      <coordinates>
      -121.115583,45.60664,0
      -121.113585,45.594757,0
      </coordinates>
    </LineString>
  </Placemark>
  <Placemark>
    <name>4006-4202</name>
    <styleUrl>#line-in</styleUrl>
    <LineString>
      <tesselate>1</tesselate>
      <coordinates>
      -121.115583,45.60664,0
      -121.779859,47.065363,0
      </coordinates>
    </LineString>
  </Placemark>
  <Placemark>
    <name>4008-6401</name>
    <styleUrl>#line-in</styleUrl>
    <LineString>
      <tesselate>1</tesselate>
      <coordinates>
      -121.318052,42.004704,0
      -119.188176,39.499336,0
      </coordinates>
    </LineString>
  </Placemark>
  <Placemark>
    <name>4009-4010</name>
    <styleUrl>#line-in</styleUrl>
    <LineString>
      <tesselate>1</tesselate>
      <coordinates>
      -121.115583,45.60664,0
      -121.113585,45.594757,0
      </coordinates>
    </LineString>
  </Placemark>
  <Placemark>
    <name>4009-4104</name>
    <styleUrl>#line-in</styleUrl>
    <LineString>
      <tesselate>1</tesselate>
      <coordinates>
      -121.115583,45.60664,0
      -117.373738,47.746353,0
      </coordinates>
    </LineString>
  </Placemark>
  <Placemark>
    <name>4092-4093</name>
    <styleUrl>#line-in</styleUrl>
    <LineString>
      <tesselate>1</tesselate>
      <coordinates>
      -121.01542,44.481129,0
      -121.01542,44.481129,0
      </coordinates>
    </LineString>
  </Placemark>
  <Placemark>
    <name>4093-4094</name>
    <styleUrl>#line-in</styleUrl>
    <LineString>
      <tesselate>1</tesselate>
      <coordinates>
      -121.01542,44.481129,0
      -121.01542,44.481129,0
      </coordinates>
    </LineString>
  </Placemark>
  <Placemark>
    <name>4095-4096</name>
    <styleUrl>#line-in</styleUrl>
    <LineString>
      <tesselate>1</tesselate>
      <coordinates>
      -121.01542,44.481129,0
      -121.01542,44.481129,0
      </coordinates>
    </LineString>
  </Placemark>
  <Placemark>
    <name>4096-4097</name>
    <styleUrl>#line-in</styleUrl>
    <LineString>
      <tesselate>1</tesselate>
      <coordinates>
      -121.01542,44.481129,0
      -121.01542,44.481129,0
      </coordinates>
    </LineString>
  </Placemark>
  <Placemark>
    <name>4101-4102</name>
    <styleUrl>#line-in</styleUrl>
    <LineString>
      <tesselate>1</tesselate>
      <coordinates>
      -118.996055,47.947893,0
      -119.573343,46.669392,0
      </coordinates>
    </LineString>
  </Placemark>
  <Placemark>
    <name>4101-4103</name>
    <styleUrl>#line-in</styleUrl>
    <LineString>
      <tesselate>1</tesselate>
      <coordinates>
      -118.996055,47.947893,0
      -117.373738,47.746353,0
      </coordinates>
    </LineString>
  </Placemark>
  <Placemark>
    <name>4101-4201</name>
    <styleUrl>#line-in</styleUrl>
    <LineString>
      <tesselate>1</tesselate>
      <coordinates>
      -118.996055,47.947893,0
      -121.837459,48.22276,0
      </coordinates>
    </LineString>
  </Placemark>
  <Placemark>
    <name>4102-4201</name>
    <styleUrl>#line-in</styleUrl>
    <LineString>
      <tesselate>1</tesselate>
      <coordinates>
      -119.573343,46.669392,0
      -121.837459,48.22276,0
      </coordinates>
    </LineString>
  </Placemark>
  <Placemark>
    <name>4102-4202</name>
    <styleUrl>#line-in</styleUrl>
    <LineString>
      <tesselate>1</tesselate>
      <coordinates>
      -119.573343,46.669392,0
      -121.779859,47.065363,0
      </coordinates>
    </LineString>
  </Placemark>
  <Placemark>
    <name>4102-6202</name>
    <styleUrl>#line-in</styleUrl>
    <LineString>
      <tesselate>1</tesselate>
      <coordinates>
      -119.573343,46.669392,0
      -112.878383,46.515909,0
      </coordinates>
    </LineString>
  </Placemark>
  <Placemark>
    <name>4103-6202</name>
    <styleUrl>#line-in</styleUrl>
    <LineString>
      <tesselate>1</tesselate>
      <coordinates>
      -117.373738,47.746353,0
      -112.878383,46.515909,0
      </coordinates>
    </LineString>
  </Placemark>
  <Placemark>
    <name>4104-5004</name>
    <styleUrl>#line-in</styleUrl>
    <LineString>
      <tesselate>1</tesselate>
      <coordinates>
      -117.373738,47.746353,0
      -117.438199,49.686968,0
      </coordinates>
    </LineString>
  </Placemark>
  <Placemark>
    <name>4201-4202</name>
    <styleUrl>#line-in</styleUrl>
    <LineString>
      <tesselate>1</tesselate>
      <coordinates>
      -121.837459,48.22276,0
      -121.779859,47.065363,0
      </coordinates>
    </LineString>
  </Placemark>
  <Placemark>
    <name>4201-5001</name>
    <styleUrl>#line-in</styleUrl>
    <LineString>
      <tesselate>1</tesselate>
      <coordinates>
      -121.837459,48.22276,0
      -122.303722,49.429986,0
      </coordinates>
    </LineString>
  </Placemark>
  <Placemark>
    <name>4202-4203</name>
    <styleUrl>#line-in</styleUrl>
    <LineString>
      <tesselate>1</tesselate>
      <coordinates>
      -121.779859,47.065363,0
      -123.091142,44.051652,0
      </coordinates>
    </LineString>
  </Placemark>
  <Placemark>
    <name>4203-4204</name>
    <styleUrl>#line-in</styleUrl>
    <LineString>
      <tesselate>1</tesselate>
      <coordinates>
      -123.091142,44.051652,0
      -122.760172,42.358895,0
      </coordinates>
    </LineString>
  </Placemark>
  <Placemark>
    <name>5001-5002</name>
    <styleUrl>#line-in</styleUrl>
    <LineString>
      <tesselate>1</tesselate>
      <coordinates>
      -122.303722,49.429986,0
      -122.303722,49.429986,0
      </coordinates>
    </LineString>
  </Placemark>
  <Placemark>
    <name>5003-5004</name>
    <styleUrl>#line-in</styleUrl>
    <LineString>
      <tesselate>1</tesselate>
      <coordinates>
      -117.438199,49.686968,0
      -117.438199,49.686968,0
      </coordinates>
    </LineString>
  </Placemark>
  <Placemark>
    <name>6102-6103</name>
    <styleUrl>#line-in</styleUrl>
    <LineString>
      <tesselate>1</tesselate>
      <coordinates>
      -114.199277,42.888986,0
      -113.348619,42.835449,0
      </coordinates>
    </LineString>
  </Placemark>
  <Placemark>
    <name>6102-6301</name>
    <styleUrl>#line-in</styleUrl>
    <LineString>
      <tesselate>1</tesselate>
      <coordinates>
      -114.199277,42.888986,0
      -108.529745,42.083869,0
      </coordinates>
    </LineString>
  </Placemark>
  <Placemark>
    <name>6102-6403</name>
    <styleUrl>#line-in</styleUrl>
    <LineString>
      <tesselate>1</tesselate>
      <coordinates>
      -114.199277,42.888986,0
      -116.954457,41.182805,0
      </coordinates>
    </LineString>
  </Placemark>
  <Placemark>
    <name>6103-6301</name>
    <styleUrl>#line-in</styleUrl>
    <LineString>
      <tesselate>1</tesselate>
      <coordinates>
      -113.348619,42.835449,0
      -108.529745,42.083869,0
      </coordinates>
    </LineString>
  </Placemark>
  <Placemark>
    <name>6103-6501</name>
    <styleUrl>#line-in</styleUrl>
    <LineString>
      <tesselate>1</tesselate>
      <coordinates>
      -113.348619,42.835449,0
      -112.006907,41.439081,0
      </coordinates>
    </LineString>
  </Placemark>
  <Placemark>
    <name>6104-6204</name>
    <styleUrl>#line-in</styleUrl>
    <LineString>
      <tesselate>1</tesselate>
      <coordinates>
      -113.348619,42.835449,0
      -112.878383,46.515909,0
      </coordinates>
    </LineString>
  </Placemark>
  <Placemark>
    <name>6104-6305</name>
    <styleUrl>#line-in</styleUrl>
    <LineString>
      <tesselate>1</tesselate>
      <coordinates>
      -113.348619,42.835449,0
      -110.64461,41.826887,0
      </coordinates>
    </LineString>
  </Placemark>
  <Placemark>
    <name>6201-6202</name>
    <styleUrl>#line-in</styleUrl>
    <LineString>
      <tesselate>1</tesselate>
      <coordinates>
      -106.552322,45.689474,0
      -112.878383,46.515909,0
      </coordinates>
    </LineString>
  </Placemark>
  <Placemark>
    <name>6203-6205</name>
    <styleUrl>#line-in</styleUrl>
    <LineString>
      <tesselate>1</tesselate>
      <coordinates>
      -106.552322,45.689474,0
      -111.260716,47.432975,0
      </coordinates>
    </LineString>
  </Placemark>
  <Placemark>
    <name>6203-6303</name>
    <styleUrl>#line-in</styleUrl>
    <LineString>
      <tesselate>1</tesselate>
      <coordinates>
      -106.552322,45.689474,0
      -108.529745,42.083869,0
      </coordinates>
    </LineString>
  </Placemark>
  <Placemark>
    <name>6203-6304</name>
    <styleUrl>#line-in</styleUrl>
    <LineString>
      <tesselate>1</tesselate>
      <coordinates>
      -106.552322,45.689474,0
      -105.567246,41.383369,0
      </coordinates>
    </LineString>
  </Placemark>
  <Placemark>
    <name>6204-6205</name>
    <styleUrl>#line-in</styleUrl>
    <LineString>
      <tesselate>1</tesselate>
      <coordinates>
      -112.878383,46.515909,0
      -111.260716,47.432975,0
      </coordinates>
    </LineString>
  </Placemark>
  <Placemark>
    <name>6302-7001</name>
    <styleUrl>#line-in</styleUrl>
    <LineString>
      <tesselate>1</tesselate>
      <coordinates>
      -105.567246,41.383369,0
      -104.660626,38.542595,0
      </coordinates>
    </LineString>
  </Placemark>
  <Placemark>
    <name>6303-6304</name>
    <styleUrl>#line-in</styleUrl>
    <LineString>
      <tesselate>1</tesselate>
      <coordinates>
      -108.529745,42.083869,0
      -105.567246,41.383369,0
      </coordinates>
    </LineString>
  </Placemark>
  <Placemark>
    <name>6303-6305</name>
    <styleUrl>#line-in</styleUrl>
    <LineString>
      <tesselate>1</tesselate>
      <coordinates>
      -108.529745,42.083869,0
      -110.64461,41.826887,0
      </coordinates>
    </LineString>
  </Placemark>
  <Placemark>
    <name>6305-6510</name>
    <styleUrl>#line-in</styleUrl>
    <LineString>
      <tesselate>1</tesselate>
      <coordinates>
      -110.64461,41.826887,0
      -112.006907,41.439081,0
      </coordinates>
    </LineString>
  </Placemark>
  <Placemark>
    <name>6401-6403</name>
    <styleUrl>#line-in</styleUrl>
    <LineString>
      <tesselate>1</tesselate>
      <coordinates>
      -119.188176,39.499336,0
      -116.954457,41.182805,0
      </coordinates>
    </LineString>
  </Placemark>
  <Placemark>
    <name>6401-6404</name>
    <styleUrl>#line-in</styleUrl>
    <LineString>
      <tesselate>1</tesselate>
      <coordinates>
      -119.188176,39.499336,0
      -114.70735,39.476861,0
      </coordinates>
    </LineString>
  </Placemark>
  <Placemark>
    <name>6403-6404</name>
    <styleUrl>#line-in</styleUrl>
    <LineString>
      <tesselate>1</tesselate>
      <coordinates>
      -116.954457,41.182805,0
      -114.70735,39.476861,0
      </coordinates>
    </LineString>
  </Placemark>
  <Placemark>
    <name>6404-6507</name>
    <styleUrl>#line-in</styleUrl>
    <LineString>
      <tesselate>1</tesselate>
      <coordinates>
      -114.70735,39.476861,0
      -111.917677,38.887109,0
      </coordinates>
    </LineString>
  </Placemark>
  <Placemark>
    <name>6501-6502</name>
    <styleUrl>#line-in</styleUrl>
    <LineString>
      <tesselate>1</tesselate>
      <coordinates>
      -112.006907,41.439081,0
      -112.008,40.42316497,0
      </coordinates>
    </LineString>
  </Placemark>
  <Placemark>
    <name>6501-6504</name>
    <styleUrl>#line-in</styleUrl>
    <LineString>
      <tesselate>1</tesselate>
      <coordinates>
      -112.006907,41.439081,0
      -111.977164,39.868637,0
      </coordinates>
    </LineString>
  </Placemark>
  <Placemark>
    <name>6501-6509</name>
    <styleUrl>#line-in</styleUrl>
    <LineString>
      <tesselate>1</tesselate>
      <coordinates>
      -112.006907,41.439081,0
      -111.846293,40.772832,0
      </coordinates>
    </LineString>
  </Placemark>
  <Placemark>
    <name>6502-6503</name>
    <styleUrl>#line-in</styleUrl>
    <LineString>
      <tesselate>1</tesselate>
      <coordinates>
      -112.008,40.42316497,0
      -109.188333,40.030278,0
      </coordinates>
    </LineString>
  </Placemark>
  <Placemark>
    <name>6502-6504</name>
    <styleUrl>#line-out</styleUrl>
    <LineString>
      <tesselate>1</tesselate>
      <coordinates>
      -112.008,40.42316497,0
      -111.977164,39.868637,0
      </coordinates>
    </LineString>
  </Placemark>
  <Placemark>
    <name>6502-6508</name>
    <styleUrl>#line-in</styleUrl>
    <LineString>
      <tesselate>1</tesselate>
      <coordinates>
      -112.008,40.42316497,0
      -111.394196,40.053045,0
      </coordinates>
    </LineString>
  </Placemark>
  <Placemark>
    <name>6502-6509</name>
    <styleUrl>#line-in</styleUrl>
    <LineString>
      <tesselate>1</tesselate>
      <coordinates>
      -112.008,40.42316497,0
      -111.846293,40.772832,0
      </coordinates>
    </LineString>
  </Placemark>
  <Placemark>
    <name>6503-6504</name>
    <styleUrl>#line-in</styleUrl>
    <LineString>
      <tesselate>1</tesselate>
      <coordinates>
      -109.188333,40.030278,0
      -111.977164,39.868637,0
      </coordinates>
    </LineString>
  </Placemark>
  <Placemark>
    <name>6503-6505</name>
    <styleUrl>#line-in</styleUrl>
    <LineString>
      <tesselate>1</tesselate>
      <coordinates>
      -109.188333,40.030278,0
      -109.314458,37.870747,0
      </coordinates>
    </LineString>
  </Placemark>
  <Placemark>
    <name>6503-6507</name>
    <styleUrl>#line-in</styleUrl>
    <LineString>
      <tesselate>1</tesselate>
      <coordinates>
      -109.188333,40.030278,0
      -111.917677,38.887109,0
      </coordinates>
    </LineString>
  </Placemark>
  <Placemark>
    <name>6503-6508</name>
    <styleUrl>#line-in</styleUrl>
    <LineString>
      <tesselate>1</tesselate>
      <coordinates>
      -109.188333,40.030278,0
      -111.394196,40.053045,0
      </coordinates>
    </LineString>
  </Placemark>
  <Placemark>
    <name>6504-6507</name>
    <styleUrl>#line-in</styleUrl>
    <LineString>
      <tesselate>1</tesselate>
      <coordinates>
      -111.977164,39.868637,0
      -111.917677,38.887109,0
      </coordinates>
    </LineString>
  </Placemark>
  <Placemark>
    <name>6504-7002</name>
    <styleUrl>#line-in</styleUrl>
    <LineString>
      <tesselate>1</tesselate>
      <coordinates>
      -111.977164,39.868637,0
      -107.506652,40.521809,0
      </coordinates>
    </LineString>
  </Placemark>
  <Placemark>
    <name>7001-7002</name>
    <styleUrl>#line-in</styleUrl>
    <LineString>
      <tesselate>1</tesselate>
      <coordinates>
      -104.660626,38.542595,0
      -107.506652,40.521809,0
      </coordinates>
    </LineString>
  </Placemark>
  <Placemark>
    <name>8001-8002</name>
    <styleUrl>#line-in</styleUrl>
    <LineString>
      <tesselate>1</tesselate>
      <coordinates>
      -122.384572,40.382027,0
      -121.416448,37.74752,0
      </coordinates>
    </LineString>
  </Placemark>
  <Placemark>
    <name>8003-8004</name>
    <styleUrl>#line-in</styleUrl>
    <LineString>
      <tesselate>1</tesselate>
      <coordinates>
      -122.265115,40.397712,0
      -121.123005,38.344823,0
      </coordinates>
    </LineString>
  </Placemark>
  <Placemark>
    <name>8003-8005</name>
    <styleUrl>#line-in</styleUrl>
    <LineString>
      <tesselate>1</tesselate>
      <coordinates>
      -122.265115,40.397712,0
      -121.416448,37.74752,0
      </coordinates>
    </LineString>
  </Placemark>
  <Placemark>
    <name>8004-8005</name>
    <styleUrl>#line-in</styleUrl>
    <LineString>
      <tesselate>1</tesselate>
      <coordinates>
      -121.123005,38.344823,0
      -121.416448,37.74752,0
      </coordinates>
    </LineString>
  </Placemark>
  <Placemark>
    <name>1001-1002</name>
    <styleUrl>#line-in</styleUrl>
    <LineString>
      <tesselate>1</tesselate>
      <coordinates>
      -108.581419,36.670897,0
      -108.581419,36.670897,0
      </coordinates>
    </LineString>
  </Placemark>
  <Placemark>
    <name>1002-1003</name>
    <styleUrl>#line-in</styleUrl>
    <LineString>
      <tesselate>1</tesselate>
      <coordinates>
      -108.581419,36.670897,0
      -108.581419,36.670897,0
      </coordinates>
    </LineString>
  </Placemark>
  <Placemark>
    <name>1002-1032</name>
    <styleUrl>#line-in</styleUrl>
    <LineString>
      <tesselate>1</tesselate>
      <coordinates>
      -108.581419,36.670897,0
      -108.581419,36.670897,0
      </coordinates>
    </LineString>
  </Placemark>
  <Placemark>
    <name>1004-1034</name>
    <styleUrl>#line-in</styleUrl>
    <LineString>
      <tesselate>1</tesselate>
      <coordinates>
      -108.278462,36.910483,0
      -108.278462,36.910483,0
      </coordinates>
    </LineString>
  </Placemark>
  <Placemark>
    <name>1101-1102</name>
    <styleUrl>#line-in</styleUrl>
    <LineString>
      <tesselate>1</tesselate>
      <coordinates>
      -109.690674,35.131373,0
      -110.300278,34.940278,0
      </coordinates>
    </LineString>
  </Placemark>
  <Placemark>
    <name>1101-1131</name>
    <styleUrl>#line-in</styleUrl>
    <LineString>
      <tesselate>1</tesselate>
      <coordinates>
      -109.690674,35.131373,0
      -109.690674,35.131373,0
      </coordinates>
    </LineString>
  </Placemark>
  <Placemark>
    <name>1202-1232</name>
    <styleUrl>#line-in</styleUrl>
    <LineString>
      <tesselate>1</tesselate>
      <coordinates>
      -110.864429,36.961002,0
      -110.864429,36.961002,0
      </coordinates>
    </LineString>
  </Placemark>
  <Placemark>
    <name>1301-1331</name>
    <styleUrl>#line-in</styleUrl>
    <LineString>
      <tesselate>1</tesselate>
      <coordinates>
      -114.835922,35.929472,0
      -114.835922,35.929472,0
      </coordinates>
    </LineString>
  </Placemark>
  <Placemark>
    <name>1302-1303</name>
    <styleUrl>#line-in</styleUrl>
    <LineString>
      <tesselate>1</tesselate>
      <coordinates>
      -115.134207,36.649771,0
      -115.134207,36.649771,0
      </coordinates>
    </LineString>
  </Placemark>
  <Placemark>
    <name>1303-1333</name>
    <styleUrl>#line-in</styleUrl>
    <LineString>
      <tesselate>1</tesselate>
      <coordinates>
      -115.134207,36.649771,0
      -115.134207,36.649771,0
      </coordinates>
    </LineString>
  </Placemark>
  <Placemark>
    <name>1401-1403</name>
    <styleUrl>#line-in</styleUrl>
    <LineString>
      <tesselate>1</tesselate>
      <coordinates>
      -113.239936,33.513802,0
      -114.289722,34.144722,0
      </coordinates>
    </LineString>
  </Placemark>
  <Placemark>
    <name>1401-1431</name>
    <styleUrl>#line-in</styleUrl>
    <LineString>
      <tesselate>1</tesselate>
      <coordinates>
      -113.239936,33.513802,0
      -113.239936,33.513802,0
      </coordinates>
    </LineString>
  </Placemark>
  <Placemark>
    <name>2000-2030</name>
    <styleUrl>#line-in</styleUrl>
    <LineString>
      <tesselate>1</tesselate>
      <coordinates>
      -115.436076,32.227887,0
      -115.436076,32.227887,0
      </coordinates>
    </LineString>
  </Placemark>
  <Placemark>
    <name>2100-2130</name>
    <styleUrl>#line-in</styleUrl>
    <LineString>
      <tesselate>1</tesselate>
      <coordinates>
      -115.394435,32.971469,0
      -115.394435,32.971469,0
      </coordinates>
    </LineString>
  </Placemark>
  <Placemark>
    <name>2100-2400</name>
    <styleUrl>#line-in</styleUrl>
    <LineString>
      <tesselate>1</tesselate>
      <coordinates>
      -115.394435,32.971469,0
      -116.57522,33.927377,0
      </coordinates>
    </LineString>
  </Placemark>
  <Placemark>
    <name>2201-2202</name>
    <styleUrl>#line-in</styleUrl>
    <LineString>
      <tesselate>1</tesselate>
      <coordinates>
      -116.982615,32.680823,0
      -116.982615,32.680823,0
      </coordinates>
    </LineString>
  </Placemark>
  <Placemark>
    <name>2203-2233</name>
    <styleUrl>#line-in</styleUrl>
    <LineString>
      <tesselate>1</tesselate>
      <coordinates>
      -117.137829,32.784153,0
      -117.137829,32.784153,0
      </coordinates>
    </LineString>
  </Placemark>
  <Placemark>
    <name>2301-2302</name>
    <styleUrl>#line-in</styleUrl>
    <LineString>
      <tesselate>1</tesselate>
      <coordinates>
      -115.56459,32.856407,0
      -115.56459,32.856407,0
      </coordinates>
    </LineString>
  </Placemark>
  <Placemark>
    <name>2302-2332</name>
    <styleUrl>#line-in</styleUrl>
    <LineString>
      <tesselate>1</tesselate>
      <coordinates>
      -115.56459,32.856407,0
      -115.56459,32.856407,0
      </coordinates>
    </LineString>
  </Placemark>
  <Placemark>
    <name>2401-2431</name>
    <styleUrl>#line-in</styleUrl>
    <LineString>
      <tesselate>1</tesselate>
      <coordinates>
      -117.368876,34.369347,0
      -117.368876,34.369347,0
      </coordinates>
    </LineString>
  </Placemark>
  <Placemark>
    <name>2402-2409</name>
    <styleUrl>#line-in</styleUrl>
    <LineString>
      <tesselate>1</tesselate>
      <coordinates>
      -117.564527,34.008174,0
      -117.564527,34.008174,0
      </coordinates>
    </LineString>
  </Placemark>
  <Placemark>
    <name>2404-2411</name>
    <styleUrl>#line-in</styleUrl>
    <LineString>
      <tesselate>1</tesselate>
      <coordinates>
      -118.12147,34.488498,0
      -118.12147,34.488498,0
      </coordinates>
    </LineString>
  </Placemark>
  <Placemark>
    <name>2405-2619</name>
    <styleUrl>#line-in</styleUrl>
    <LineString>
      <tesselate>1</tesselate>
      <coordinates>
      -118.495046,34.317296,0
      -118.495046,34.317296,0
      </coordinates>
    </LineString>
  </Placemark>
  <Placemark>
    <name>2408-2438</name>
    <styleUrl>#line-in</styleUrl>
    <LineString>
      <tesselate>1</tesselate>
      <coordinates>
      -118.11012,34.037233,0
      -118.11012,34.037233,0
      </coordinates>
    </LineString>
  </Placemark>
  <Placemark>
    <name>2409-2439</name>
    <styleUrl>#line-in</styleUrl>
    <LineString>
      <tesselate>1</tesselate>
      <coordinates>
      -117.564527,34.008174,0
      -117.564527,34.008174,0
      </coordinates>
    </LineString>
  </Placemark>
  <Placemark>
    <name>2411-2434</name>
    <styleUrl>#line-in</styleUrl>
    <LineString>
      <tesselate>1</tesselate>
      <coordinates>
      -118.12147,34.488498,0
      -118.12147,34.488498,0
      </coordinates>
    </LineString>
  </Placemark>
  <Placemark>
    <name>2501-2502</name>
    <styleUrl>#line-in</styleUrl>
    <LineString>
      <tesselate>1</tesselate>
      <coordinates>
      -117.79013,33.828436,0
      -117.79013,33.828436,0
      </coordinates>
    </LineString>
  </Placemark>
  <Placemark>
    <name>2503-2533</name>
    <styleUrl>#line-in</styleUrl>
    <LineString>
      <tesselate>1</tesselate>
      <coordinates>
      -117.557619,33.370212,0
      -117.557619,33.370212,0
      </coordinates>
    </LineString>
  </Placemark>
  <Placemark>
    <name>2601-2612</name>
    <styleUrl>#line-in</styleUrl>
    <LineString>
      <tesselate>1</tesselate>
      <coordinates>
      -118.484219,34.285768,0
      -118.484219,34.285768,0
      </coordinates>
    </LineString>
  </Placemark>
  <Placemark>
    <name>2602-2615</name>
    <styleUrl>#line-in</styleUrl>
    <LineString>
      <tesselate>1</tesselate>
      <coordinates>
      -118.360306,34.176429,0
      -118.360306,34.176429,0
      </coordinates>
    </LineString>
  </Placemark>
  <Placemark>
    <name>2603-2607</name>
    <styleUrl>#line-in</styleUrl>
    <LineString>
      <tesselate>1</tesselate>
      <coordinates>
      -117.32157,34.565195,0
      -117.32157,34.565195,0
      </coordinates>
    </LineString>
  </Placemark>
  <Placemark>
    <name>2604-2634</name>
    <styleUrl>#line-in</styleUrl>
    <LineString>
      <tesselate>1</tesselate>
      <coordinates>
      -112.580826,39.500381,0
      -112.580826,39.500381,0
      </coordinates>
    </LineString>
  </Placemark>
  <Placemark>
    <name>2605-2621</name>
    <styleUrl>#line-in</styleUrl>
    <LineString>
      <tesselate>1</tesselate>
      <coordinates>
      -118.204015,34.015353,0
      -118.204015,34.015353,0
      </coordinates>
    </LineString>
  </Placemark>
  <Placemark>
    <name>2606-2621</name>
    <styleUrl>#line-in</styleUrl>
    <LineString>
      <tesselate>1</tesselate>
      <coordinates>
      -118.204015,34.015353,0
      -118.204015,34.015353,0
      </coordinates>
    </LineString>
  </Placemark>
  <Placemark>
    <name>2608-2638</name>
    <styleUrl>#line-in</styleUrl>
    <LineString>
      <tesselate>1</tesselate>
      <coordinates>
      -118.663274,34.589863,0
      -118.663274,34.589863,0
      </coordinates>
    </LineString>
  </Placemark>
  <Placemark>
    <name>2610-2630</name>
    <styleUrl>#line-in</styleUrl>
    <LineString>
      <tesselate>1</tesselate>
      <coordinates>
      -117.911364,33.697565,0
      -117.911364,33.697565,0
      </coordinates>
    </LineString>
  </Placemark>
  <Placemark>
    <name>2611-2631</name>
    <styleUrl>#line-in</styleUrl>
    <LineString>
      <tesselate>1</tesselate>
      <coordinates>
      -118.455696,34.31131,0
      -118.455696,34.31131,0
      </coordinates>
    </LineString>
  </Placemark>
  <Placemark>
    <name>2612-2637</name>
    <styleUrl>#line-in</styleUrl>
    <LineString>
      <tesselate>1</tesselate>
      <coordinates>
      -118.484219,34.285768,0
      -118.484219,34.285768,0
      </coordinates>
    </LineString>
  </Placemark>
  <Placemark>
    <name>2614-2621</name>
    <styleUrl>#line-in</styleUrl>
    <LineString>
      <tesselate>1</tesselate>
      <coordinates>
      -118.204015,34.015353,0
      -118.204015,34.015353,0
      </coordinates>
    </LineString>
  </Placemark>
  <Placemark>
    <name>3102-3104</name>
    <styleUrl>#line-in</styleUrl>
    <LineString>
      <tesselate>1</tesselate>
      <coordinates>
      -122.410274,37.704337,0
      -122.410274,37.704337,0
      </coordinates>
    </LineString>
  </Placemark>
  <Placemark>
    <name>3103-3133</name>
    <styleUrl>#line-in</styleUrl>
    <LineString>
      <tesselate>1</tesselate>
      <coordinates>
      -122.318546,37.582985,0
      -122.318546,37.582985,0
      </coordinates>
    </LineString>
  </Placemark>
  <Placemark>
    <name>3105-3135</name>
    <styleUrl>#line-in</styleUrl>
    <LineString>
      <tesselate>1</tesselate>
      <coordinates>
      -122.398,37.75843,0
      -122.398,37.75843,0
      </coordinates>
    </LineString>
  </Placemark>
  <Placemark>
    <name>3204-3234</name>
    <styleUrl>#line-in</styleUrl>
    <LineString>
      <tesselate>1</tesselate>
      <coordinates>
      -121.897096,38.037129,0
      -121.897096,38.037129,0
      </coordinates>
    </LineString>
  </Placemark>
  <Placemark>
    <name>3301-3303</name>
    <styleUrl>#line-in</styleUrl>
    <LineString>
      <tesselate>1</tesselate>
      <coordinates>
      -121.746496,37.222363,0
      -121.746496,37.222363,0
      </coordinates>
    </LineString>
  </Placemark>
  <Placemark>
    <name>3303-3333</name>
    <styleUrl>#line-in</styleUrl>
    <LineString>
      <tesselate>1</tesselate>
      <coordinates>
      -121.746496,37.222363,0
      -121.746496,37.222363,0
      </coordinates>
    </LineString>
  </Placemark>
  <Placemark>
    <name>3402-3432</name>
    <styleUrl>#line-in</styleUrl>
    <LineString>
      <tesselate>1</tesselate>
      <coordinates>
      -118.946978,37.039937,0
      -118.946978,37.039937,0
      </coordinates>
    </LineString>
  </Placemark>
  <Placemark>
    <name>3403-3433</name>
    <styleUrl>#line-in</styleUrl>
    <LineString>
      <tesselate>1</tesselate>
      <coordinates>
      -119.639632,36.609214,0
      -119.639632,36.609214,0
      </coordinates>
    </LineString>
  </Placemark>
  <Placemark>
    <name>3501-3531</name>
    <styleUrl>#line-in</styleUrl>
    <LineString>
      <tesselate>1</tesselate>
      <coordinates>
      -122.761324,38.497952,0
      -122.761324,38.497952,0
      </coordinates>
    </LineString>
  </Placemark>
  <Placemark>
    <name>3601-3631</name>
    <styleUrl>#line-in</styleUrl>
    <LineString>
      <tesselate>1</tesselate>
      <coordinates>
      -124.163611,40.801944,0
      -124.163611,40.801944,0
      </coordinates>
    </LineString>
  </Placemark>
  <Placemark>
    <name>3701-3731</name>
    <styleUrl>#line-in</styleUrl>
    <LineString>
      <tesselate>1</tesselate>
      <coordinates>
      -119.821944,39.527222,0
      -119.821944,39.527222,0
      </coordinates>
    </LineString>
  </Placemark>
  <Placemark>
    <name>3701-6402</name>
    <styleUrl>#line-in</styleUrl>
    <LineString>
      <tesselate>1</tesselate>
      <coordinates>
      -119.821944,39.527222,0
      -119.821944,39.527222,0
      </coordinates>
    </LineString>
  </Placemark>
  <Placemark>
    <name>3801-3831</name>
    <styleUrl>#line-in</styleUrl>
    <LineString>
      <tesselate>1</tesselate>
      <coordinates>
      -120.855104,35.230747,0
      -120.855104,35.230747,0
      </coordinates>
    </LineString>
  </Placemark>
  <Placemark>
    <name>3802-3804</name>
    <styleUrl>#line-in</styleUrl>
    <LineString>
      <tesselate>1</tesselate>
      <coordinates>
      -120.124187,36.144321,0
      -120.124187,36.144321,0
      </coordinates>
    </LineString>
  </Placemark>
  <Placemark>
    <name>3803-3805</name>
    <styleUrl>#line-in</styleUrl>
    <LineString>
      <tesselate>1</tesselate>
      <coordinates>
      -119.456003,35.408481,0
      -119.456003,35.408481,0
      </coordinates>
    </LineString>
  </Placemark>
  <Placemark>
    <name>3805-3835</name>
    <styleUrl>#line-in</styleUrl>
    <LineString>
      <tesselate>1</tesselate>
      <coordinates>
      -119.456003,35.408481,0
      -119.456003,35.408481,0
      </coordinates>
    </LineString>
  </Placemark>
  <Placemark>
    <name>3806-3836</name>
    <styleUrl>#line-in</styleUrl>
    <LineString>
      <tesselate>1</tesselate>
      <coordinates>
      -120.858669,35.38543,0
      -120.858669,35.38543,0
      </coordinates>
    </LineString>
  </Placemark>
  <Placemark>
    <name>3901-3917</name>
    <styleUrl>#line-in</styleUrl>
    <LineString>
      <tesselate>1</tesselate>
      <coordinates>
      -121.022616,37.054001,0
      -121.022616,37.054001,0
      </coordinates>
    </LineString>
  </Placemark>
  <Placemark>
    <name>3902-3918</name>
    <styleUrl>#line-in</styleUrl>
    <LineString>
      <tesselate>1</tesselate>
      <coordinates>
      -121.732796,36.737604,0
      -121.732796,36.737604,0
      </coordinates>
    </LineString>
  </Placemark>
  <Placemark>
    <name>3902-3932</name>
    <styleUrl>#line-in</styleUrl>
    <LineString>
      <tesselate>1</tesselate>
      <coordinates>
      -121.732796,36.737604,0
      -121.732796,36.737604,0
      </coordinates>
    </LineString>
  </Placemark>
  <Placemark>
    <name>3903-3923</name>
    <styleUrl>#line-in</styleUrl>
    <LineString>
      <tesselate>1</tesselate>
      <coordinates>
      -121.565283,37.71247,0
      -121.565283,37.71247,0
      </coordinates>
    </LineString>
  </Placemark>
  <Placemark>
    <name>3904-3924</name>
    <styleUrl>#line-in</styleUrl>
    <LineString>
      <tesselate>1</tesselate>
      <coordinates>
      -121.918134,38.40437,0
      -121.918134,38.40437,0
      </coordinates>
    </LineString>
  </Placemark>
  <Placemark>
    <name>3905-3922</name>
    <styleUrl>#line-in</styleUrl>
    <LineString>
      <tesselate>1</tesselate>
      <coordinates>
      -121.645379,39.55548,0
      -121.645379,39.55548,0
      </coordinates>
    </LineString>
  </Placemark>
  <Placemark>
    <name>3906-3921</name>
    <styleUrl>#line-in</styleUrl>
    <LineString>
      <tesselate>1</tesselate>
      <coordinates>
      -121.936762,40.808138,0
      -121.936762,40.808138,0
      </coordinates>
    </LineString>
  </Placemark>
  <Placemark>
    <name>3911-3925</name>
    <styleUrl>#line-in</styleUrl>
    <LineString>
      <tesselate>1</tesselate>
      <coordinates>
      -122.265115,40.397712,0
      -122.265115,40.397712,0
      </coordinates>
    </LineString>
  </Placemark>
  <Placemark>
    <name>3920-3926</name>
    <styleUrl>#line-in</styleUrl>
    <LineString>
      <tesselate>1</tesselate>
      <coordinates>
      -121.463992,38.93608,0
      -121.463992,38.93608,0
      </coordinates>
    </LineString>
  </Placemark>
  <Placemark>
    <name>3921-3931</name>
    <styleUrl>#line-in</styleUrl>
    <LineString>
      <tesselate>1</tesselate>
      <coordinates>
      -121.936762,40.808138,0
      -121.936762,40.808138,0
      </coordinates>
    </LineString>
  </Placemark>
  <Placemark>
    <name>3923-3933</name>
    <styleUrl>#line-in</styleUrl>
    <LineString>
      <tesselate>1</tesselate>
      <coordinates>
      -121.565283,37.71247,0
      -121.565283,37.71247,0
      </coordinates>
    </LineString>
  </Placemark>
  <Placemark>
    <name>4001-4008</name>
    <styleUrl>#line-in</styleUrl>
    <LineString>
      <tesselate>1</tesselate>
      <coordinates>
      -121.318052,42.004704,0
      -121.318052,42.004704,0
      </coordinates>
    </LineString>
  </Placemark>
  <Placemark>
    <name>4001-4031</name>
    <styleUrl>#line-in</styleUrl>
    <LineString>
      <tesselate>1</tesselate>
      <coordinates>
      -121.318052,42.004704,0
      -121.318052,42.004704,0
      </coordinates>
    </LineString>
  </Placemark>
  <Placemark>
    <name>4005-4035</name>
    <styleUrl>#line-in</styleUrl>
    <LineString>
      <tesselate>1</tesselate>
      <coordinates>
      -120.733553,45.677819,0
      -120.733553,45.677819,0
      </coordinates>
    </LineString>
  </Placemark>
  <Placemark>
    <name>4006-4009</name>
    <styleUrl>#line-in</styleUrl>
    <LineString>
      <tesselate>1</tesselate>
      <coordinates>
      -121.115583,45.60664,0
      -121.115583,45.60664,0
      </coordinates>
    </LineString>
  </Placemark>
  <Placemark>
    <name>4007-4010</name>
    <styleUrl>#line-in</styleUrl>
    <LineString>
      <tesselate>1</tesselate>
      <coordinates>
      -121.113585,45.594757,0
      -121.113585,45.594757,0
      </coordinates>
    </LineString>
  </Placemark>
  <Placemark>
    <name>4009-4039</name>
    <styleUrl>#line-in</styleUrl>
    <LineString>
      <tesselate>1</tesselate>
      <coordinates>
      -121.115583,45.60664,0
      -121.115583,45.60664,0
      </coordinates>
    </LineString>
  </Placemark>
  <Placemark>
    <name>4101-4131</name>
    <styleUrl>#line-in</styleUrl>
    <LineString>
      <tesselate>1</tesselate>
      <coordinates>
      -118.996055,47.947893,0
      -118.996055,47.947893,0
      </coordinates>
    </LineString>
  </Placemark>
  <Placemark>
    <name>4102-4132</name>
    <styleUrl>#line-in</styleUrl>
    <LineString>
      <tesselate>1</tesselate>
      <coordinates>
      -119.573343,46.669392,0
      -119.573343,46.669392,0
      </coordinates>
    </LineString>
  </Placemark>
  <Placemark>
    <name>4103-4104</name>
    <styleUrl>#line-in</styleUrl>
    <LineString>
      <tesselate>1</tesselate>
      <coordinates>
      -117.373738,47.746353,0
      -117.373738,47.746353,0
      </coordinates>
    </LineString>
  </Placemark>
  <Placemark>
    <name>4201-4231</name>
    <styleUrl>#line-in</styleUrl>
    <LineString>
      <tesselate>1</tesselate>
      <coordinates>
      -121.837459,48.22276,0
      -121.837459,48.22276,0
      </coordinates>
    </LineString>
  </Placemark>
  <Placemark>
    <name>4202-4232</name>
    <styleUrl>#line-in</styleUrl>
    <LineString>
      <tesselate>1</tesselate>
      <coordinates>
      -121.779859,47.065363,0
      -121.779859,47.065363,0
      </coordinates>
    </LineString>
  </Placemark>
  <Placemark>
    <name>5001-5031</name>
    <styleUrl>#line-in</styleUrl>
    <LineString>
      <tesselate>1</tesselate>
      <coordinates>
      -122.303722,49.429986,0
      -122.303722,49.429986,0
      </coordinates>
    </LineString>
  </Placemark>
  <Placemark>
    <name>5002-5003</name>
    <styleUrl>#line-in</styleUrl>
    <LineString>
      <tesselate>1</tesselate>
      <coordinates>
      -122.303722,49.429986,0
      -117.438199,49.686968,0
      </coordinates>
    </LineString>
  </Placemark>
  <Placemark>
    <name>5002-5032</name>
    <styleUrl>#line-in</styleUrl>
    <LineString>
      <tesselate>1</tesselate>
      <coordinates>
      -122.303722,49.429986,0
      -122.303722,49.429986,0
      </coordinates>
    </LineString>
  </Placemark>
  <Placemark>
    <name>6101-6102</name>
    <styleUrl>#line-in</styleUrl>
    <LineString>
      <tesselate>1</tesselate>
      <coordinates>
      -114.199277,42.888986,0
      -114.199277,42.888986,0
      </coordinates>
    </LineString>
  </Placemark>
  <Placemark>
    <name>6102-6132</name>
    <styleUrl>#line-in</styleUrl>
    <LineString>
      <tesselate>1</tesselate>
      <coordinates>
      -114.199277,42.888986,0
      -114.199277,42.888986,0
      </coordinates>
    </LineString>
  </Placemark>
  <Placemark>
    <name>6103-6104</name>
    <styleUrl>#line-in</styleUrl>
    <LineString>
      <tesselate>1</tesselate>
      <coordinates>
      -113.348619,42.835449,0
      -113.348619,42.835449,0
      </coordinates>
    </LineString>
  </Placemark>
  <Placemark>
    <name>6201-6203</name>
    <styleUrl>#line-in</styleUrl>
    <LineString>
      <tesselate>1</tesselate>
      <coordinates>
      -106.552322,45.689474,0
      -106.552322,45.689474,0
      </coordinates>
    </LineString>
  </Placemark>
  <Placemark>
    <name>6201-6231</name>
    <styleUrl>#line-in</styleUrl>
    <LineString>
      <tesselate>1</tesselate>
      <coordinates>
      -106.552322,45.689474,0
      -106.552322,45.689474,0
      </coordinates>
    </LineString>
  </Placemark>
  <Placemark>
    <name>6202-6204</name>
    <styleUrl>#line-in</styleUrl>
    <LineString>
      <tesselate>1</tesselate>
      <coordinates>
      -112.878383,46.515909,0
      -112.878383,46.515909,0
      </coordinates>
    </LineString>
  </Placemark>
  <Placemark>
    <name>6205-6235</name>
    <styleUrl>#line-in</styleUrl>
    <LineString>
      <tesselate>1</tesselate>
      <coordinates>
      -111.260716,47.432975,0
      -111.260716,47.432975,0
      </coordinates>
    </LineString>
  </Placemark>
  <Placemark>
    <name>6301-6303</name>
    <styleUrl>#line-in</styleUrl>
    <LineString>
      <tesselate>1</tesselate>
      <coordinates>
      -108.529745,42.083869,0
      -108.529745,42.083869,0
      </coordinates>
    </LineString>
  </Placemark>
  <Placemark>
    <name>6302-6304</name>
    <styleUrl>#line-in</styleUrl>
    <LineString>
      <tesselate>1</tesselate>
      <coordinates>
      -105.567246,41.383369,0
      -105.567246,41.383369,0
      </coordinates>
    </LineString>
  </Placemark>
  <Placemark>
    <name>6303-6333</name>
    <styleUrl>#line-in</styleUrl>
    <LineString>
      <tesselate>1</tesselate>
      <coordinates>
      -108.529745,42.083869,0
      -108.529745,42.083869,0
      </coordinates>
    </LineString>
  </Placemark>
  <Placemark>
    <name>6305-6335</name>
    <styleUrl>#line-in</styleUrl>
    <LineString>
      <tesselate>1</tesselate>
      <coordinates>
      -110.64461,41.826887,0
      -110.64461,41.826887,0
      </coordinates>
    </LineString>
  </Placemark>
  <Placemark>
    <name>6401-6402</name>
    <styleUrl>#line-in</styleUrl>
    <LineString>
      <tesselate>1</tesselate>
      <coordinates>
      -119.188176,39.499336,0
      -119.821944,39.527222,0
      </coordinates>
    </LineString>
  </Placemark>
  <Placemark>
    <name>6403-6433</name>
    <styleUrl>#line-in</styleUrl>
    <LineString>
      <tesselate>1</tesselate>
      <coordinates>
      -116.954457,41.182805,0
      -116.954457,41.182805,0
      </coordinates>
    </LineString>
  </Placemark>
  <Placemark>
    <name>6501-6510</name>
    <styleUrl>#line-in</styleUrl>
    <LineString>
      <tesselate>1</tesselate>
      <coordinates>
      -112.006907,41.439081,0
      -112.006907,41.439081,0
      </coordinates>
    </LineString>
  </Placemark>
  <Placemark>
    <name>6503-6533</name>
    <styleUrl>#line-in</styleUrl>
    <LineString>
      <tesselate>1</tesselate>
      <coordinates>
      -109.188333,40.030278,0
      -109.188333,40.030278,0
      </coordinates>
    </LineString>
  </Placemark>
  <Placemark>
    <name>6505-6506</name>
    <styleUrl>#line-in</styleUrl>
    <LineString>
      <tesselate>1</tesselate>
      <coordinates>
      -109.314458,37.870747,0
      -109.314458,37.870747,0
      </coordinates>
    </LineString>
  </Placemark>
  <Placemark>
    <name>7001-7031</name>
    <styleUrl>#line-in</styleUrl>
    <LineString>
      <tesselate>1</tesselate>
      <coordinates>
      -104.660626,38.542595,0
      -104.660626,38.542595,0
      </coordinates>
    </LineString>
  </Placemark>
  <Placemark>
    <name>7002-7032</name>
    <styleUrl>#line-in</styleUrl>
    <LineString>
      <tesselate>1</tesselate>
      <coordinates>
      -107.506652,40.521809,0
      -107.506652,40.521809,0
      </coordinates>
    </LineString>
  </Placemark>
  <Placemark>
    <name>8001-8003</name>
    <styleUrl>#line-in</styleUrl>
    <LineString>
      <tesselate>1</tesselate>
      <coordinates>
      -122.384572,40.382027,0
      -122.265115,40.397712,0
      </coordinates>
    </LineString>
  </Placemark>
  <Placemark>
    <name>8002-8005</name>
    <styleUrl>#line-in</styleUrl>
    <LineString>
      <tesselate>1</tesselate>
      <coordinates>
      -121.416448,37.74752,0
      -121.416448,37.74752,0
      </coordinates>
    </LineString>
  </Placemark>
  <Placemark>
    <name>8003-8033</name>
    <styleUrl>#line-in</styleUrl>
    <LineString>
      <tesselate>1</tesselate>
      <coordinates>
      -122.265115,40.397712,0
      -122.265115,40.397712,0
      </coordinates>
    </LineString>
  </Placemark>
  <Placemark>
    <name>8004-8034</name>
    <styleUrl>#line-in</styleUrl>
    <LineString>
      <tesselate>1</tesselate>
      <coordinates>
      -121.123005,38.344823,0
      -121.123005,38.344823,0
      </coordinates>
    </LineString>
  </Placemark>
  <Placemark>
    <name>4010-2619</name>
    <styleUrl>#line-in</styleUrl>
    <LineString>
      <tesselate>1</tesselate>
      <coordinates>
      -121.113585,45.594757,0
      -118.495046,34.317296,0
      </coordinates>
    </LineString>
  </Placemark>
  <Placemark>
    <name>2604-2600</name>
    <styleUrl>#line-in</styleUrl>
    <LineString>
      <tesselate>1</tesselate>
      <coordinates>
      -112.580826,39.500381,0
      -117.437004,34.552197,0
      </coordinates>
    </LineString>
  </Placemark>
</Document>
</kml>
