bus,Pg,Qb,Qmax,Qmin,Vg,mBase,status,Pmax,Pmin,Pc1,Pc2,Qc1min,Qc1max,Qc2min,Qc2max,ramp_agc,ramp_10,ramp_30,ramp_q,apf,mu_Pmax,mu_Pmin,mu_Qmax,mu_Qmin
1.0,221.85912639580803,-14.33466123020465,10.0,0.0,1.06,100.0,1.0,332.4,0.0,0.0,0.0,0.0,0.0,0.0,0.0,0.0,0.0,0.0,0.0,0.0
2.0,40.0,39.633334371006185,50.0,-40.0,1.045,100.0,1.0,140.0,0.0,0.0,0.0,0.0,0.0,0.0,0.0,0.0,0.0,0.0,0.0,0.0
3.0,0.0,25.05694121131626,40.0,0.0,1.01,100.0,1.0,100.0,0.0,0.0,0.0,0.0,0.0,0.0,0.0,0.0,0.0,0.0,0.0,0.0
6.0,0.0,12.722994608395638,24.0,-6.0,1.07,100.0,1.0,100.0,0.0,0.0,0.0,0.0,0.0,0.0,0.0,0.0,0.0,0.0,0.0,0.0
8.0,0.0,17.616814706405243,24.0,-6.0,1.09,100.0,1.0,100.0,0.0,0.0,0.0,0.0,0.0,0.0,0.0,0.0,0.0,0.0,0.0,0.0
