loc_key,month,generation_mwh_sim,generation_mwh_actual,scaling_factor,abs_error_mwh_after
9muccv,2018-01,29974.409497139663,23736.03977202921,0.7918768099266223,0.0
9muccv,2018-02,35421.053188521764,26006.993272425458,0.7342241670231605,0.0
9muccv,2018-03,40622.19257729432,36168.38923546787,0.8903603410044416,0.0
9muccv,2018-04,46867.98951029883,41126.328436551186,0.8774929086197315,0.0
9muccv,2018-05,43511.92540877668,45292.063373270736,1.0409114960501147,0.0
9muccv,2018-06,50567.798531419096,46324.79342581355,0.9160927461975776,0.0
9muccv,2018-07,48183.94685111981,47080.638544512745,0.9771021599783825,0.0
9muccv,2018-08,50692.07683127891,45652.800254974405,0.9005904494093427,0.0
9muccv,2018-09,47175.14857155329,41416.651822895874,0.8779336806979384,0.0
9muccv,2018-10,41469.47722864202,37850.91014770095,0.9127414348391688,0.0
9muccv,2018-11,37984.16473457834,29941.078300500933,0.7882515914123682,0.0
9muccv,2018-12,33651.178519697074,27024.310699232938,0.8030717463108988,0.0
9muccv,2019-01,36016.72463502628,28198.5986675214,0.7829306788240886,0.0
9muccv,2019-02,35361.49811498815,29639.746999598603,0.8381926269983354,0.0
9muccv,2019-03,47320.05193820998,43275.86518960611,0.9145354541477527,0.0
9muccv,2019-04,54142.006645358015,48567.3438968728,0.8970362737938312,0.0
9muccv,2019-05,49460.34340808046,52837.02531202371,1.0682704904833231,0.0
9muccv,2019-06,51391.2975409482,54050.55614090226,1.0517453095601486,7.275957614183426e-12
9muccv,2019-07,62582.14087015694,56336.57175565295,0.9002020540099122,0.0
9muccv,2019-08,63272.71715898998,54578.45590560347,0.8625906766175411,0.0
9muccv,2019-09,54462.94010748463,48433.62612655797,0.8892951065618641,0.0
9muccv,2019-10,57412.83124773464,44298.090953819185,0.7715712671035897,0.0
9muccv,2019-11,43238.366482161735,34413.7711189462,0.7959082157542612,0.0
9muccv,2019-12,36181.73707154581,30704.520084651336,0.8486192916591092,0.0
9muccv,2020-01,46131.75724326246,33213.36800847777,0.7199675449893811,0.0
9muccv,2020-02,50342.495536709204,37204.46137729937,0.739026958847725,0.0
9muccv,2020-03,50476.50836111173,49136.315827062725,0.9734491830444928,0.0
9muccv,2020-04,53075.32283024645,54618.03621482332,1.0290664908343754,7.275957614183426e-12
9muccv,2020-05,71110.2530596097,61798.11417755109,0.8690464668399857,0.0
9muccv,2020-06,65359.333117985145,61953.89410297133,0.9478966682712874,0.0
9muccv,2020-07,74101.52701383048,64255.928254145154,0.8671336589616065,0.0
9muccv,2020-08,70229.85071157674,61166.82606384946,0.8709519590900494,0.0
9muccv,2020-09,63188.00030718782,54275.56629125271,0.8589536941728271,0.0
9muccv,2020-10,59708.300025681725,49478.69205917683,0.8286736021272597,0.0
9muccv,2020-11,54010.34437633659,40117.1026737702,0.7427670224473999,0.0
9muccv,2020-12,47870.92972756215,35930.68333837452,0.7505741698116024,0.0
9muccv,2021-01,51088.60719714511,38060.333525400245,0.7449867125664584,0.0
9muccv,2021-02,56227.09241448153,40697.7581434106,0.7238104692201498,0.0
9muccv,2021-03,66802.7476779834,57471.95864313198,0.8603232747277156,0.0
9muccv,2021-04,71944.68477054097,64160.93571991278,0.8918092549094692,0.0
9muccv,2021-05,74732.38649504817,70762.82686507158,0.9468830072723609,0.0
9muccv,2021-06,76367.2965279801,71175.78876445566,0.9320192281309535,0.0
9muccv,2021-07,77112.86064019952,72856.38605664791,0.9448020142397275,0.0
9muccv,2021-08,74775.3085761675,68987.5349871804,0.922597797331835,0.0
9muccv,2021-09,72569.79949785773,61534.652900997,0.8479374798715479,7.275957614183426e-12
9muccv,2021-10,66572.15505124956,55063.97712575371,0.8271322609785359,0.0
9muccv,2021-11,61656.89547044118,46396.347988866844,0.7524924444356695,0.0
9muccv,2021-12,45202.31125377665,40568.15673357044,0.8974796997837355,0.0
9muccv,2022-01,58537.02234401609,45697.71307719542,0.7806634373821516,0.0
9muccv,2022-02,67650.43256838113,48831.3569967021,0.7218188434692315,0.0
9muccv,2022-03,82344.78341115342,69866.31556262543,0.8484607362894854,0.0
9muccv,2022-04,87154.5840351699,76447.98546506187,0.8771539249640896,0.0
9muccv,2022-05,90776.31709518231,84784.52929911736,0.9339939315914046,0.0
9muccv,2022-06,94321.44594122833,84714.18842849685,0.8981434453547525,0.0
9muccv,2022-07,93247.64829184624,87330.70744729177,0.9365459509923978,0.0
9muccv,2022-08,91379.01715577635,84847.41192786978,0.9285218266599217,0.0
9muccv,2022-09,79761.63224819078,76032.45162431944,0.9532459339313992,0.0
9muccv,2022-10,75775.0945928932,71525.1624732794,0.9439138658625654,0.0
9muccv,2022-11,71500.4789851845,56702.11202231334,0.7930312191903287,0.0
9muccv,2022-12,59570.24166663345,48978.77042058368,0.8222019761927157,0.0
9muccv,2023-01,64.28781410575556,,,
9mudw2,2018-01,32357.308498270082,25684.83383772758,0.7937877107145908,0.0
9mudw2,2018-02,38031.868172177696,28142.238858577733,0.7399646720264259,0.0
9mudw2,2018-03,44070.54432089995,39137.913342476175,0.88807419889106,0.0
9mudw2,2018-04,50411.42101021066,44502.912970908044,0.8827942573151059,0.0
9mudw2,2018-05,45847.569641351794,49010.66618876976,1.0689915860788626,0.0
9mudw2,2018-06,52950.33266002896,50128.18621542761,0.9467020072806507,0.0
9mudw2,2018-07,52651.57869959066,50946.088294599365,0.9676079911160469,0.0
9mudw2,2018-08,54843.63189499391,49401.02055936773,0.9007612890034918,0.0
9mudw2,2018-09,50591.07089904578,44817.072704759565,0.8858692237251076,0.0
9mudw2,2018-10,44901.67675000383,40958.57384331229,0.9121836155775361,0.0
9mudw2,2018-11,40748.1847502471,32399.32307397766,0.7951108318703985,0.0
9mudw2,2018-12,36064.295767897616,29243.080840590508,0.8108596110899533,0.0
9mudw2,2019-01,38845.08472484341,30513.78107672149,0.7855248944072035,0.0
9mudw2,2019-02,38319.968302828034,32073.25164554573,0.8369853386120548,0.0
9mudw2,2019-03,50636.29062267764,46828.93259594106,0.9248096971575671,0.0
9mudw2,2019-04,58563.83223147317,52554.85624021205,0.8973944196904554,0.0
9mudw2,2019-05,53422.11648747815,57175.09022791442,1.0702513113892809,7.275957614183426e-12
9mudw2,2019-06,51333.339371244525,58488.25527128596,1.1393814621779588,7.275957614183426e-12
9mudw2,2019-07,67121.14270115011,60961.95904745311,0.9082378009993047,0.0
9mudw2,2019-08,68455.56609262145,59059.497056754495,0.8627420738416811,0.0
9mudw2,2019-09,59069.608705586805,52410.15987364566,0.8872609963419091,0.0
9mudw2,2019-10,61495.77978661222,47935.085903343126,0.7794857804824309,0.0
9mudw2,2019-11,46962.335488598255,37239.23625883592,0.7929596318282987,0.0
9mudw2,2019-12,39392.82840034103,33225.44552570142,0.8434389424399336,0.0
9mudw2,2020-01,48866.26000860686,35940.27675561644,0.7354824524996643,0.0
9mudw2,2020-02,55366.86670265358,40259.049853133685,0.7271325298096413,0.0
9mudw2,2020-03,54722.60282552972,53170.54232877685,0.9716376704211008,0.0
9mudw2,2020-04,57474.66736352868,59102.32701808426,1.028319601125494,0.0
9mudw2,2020-05,75980.24612790254,66871.90910447398,0.8801223016822569,0.0
9mudw2,2020-06,68507.47948533412,67040.47898968236,0.9785862725256765,0.0
9mudw2,2020-07,80034.30446384782,69531.51646811422,0.8687714216286118,0.0
9mudw2,2020-08,75871.45572761235,66188.79050255514,0.8723806584149494,0.0
9mudw2,2020-09,68312.64541834182,58731.7393730595,0.8597491579105225,0.0
9mudw2,2020-10,63657.82889677632,53541.02859001917,0.8410753165465014,0.0
9mudw2,2020-11,57509.523521646326,43410.82700076529,0.7548458819072923,0.0
9mudw2,2020-12,52129.753799059436,38880.69113827826,0.7458445188164263,0.0
9mudw2,2021-01,54280.23777899545,41185.191455584776,0.7587511245487212,0.0
9mudw2,2021-02,60801.38850039553,44039.15587946291,0.7243116804672384,0.0
9mudw2,2021-03,76249.87675096015,62190.564317183,0.8156152766030522,0.0
9mudw2,2021-04,77081.42660583091,69428.72478588684,0.9007192503185303,0.0
9mudw2,2021-05,79359.77610612134,76572.64932876657,0.9648798558399689,0.0
9mudw2,2021-06,81235.10668470725,77019.51653445316,0.9481063012988239,0.0
9mudw2,2021-07,84087.91104197637,78838.09548075909,0.9375675350218108,0.0
9mudw2,2021-08,79490.95433745238,74651.6011111597,0.9391207054107211,0.0
9mudw2,2021-09,79382.41833471334,66586.81693341429,0.8388106375476391,0.0
9mudw2,2021-10,71949.154324159,59584.880902754994,0.8281526233693015,0.0
9mudw2,2021-11,66138.7037918305,50205.61560466047,0.7590958504823601,0.0
9mudw2,2021-12,48906.15315523574,43898.913837873384,0.8976153511508337,0.0
9mudw2,2022-01,63908.573611026724,49449.6208476639,0.7737556645941462,0.0
9mudw2,2022-02,73412.11497793328,52840.545540753665,0.7197796379608031,0.0
9mudw2,2022-03,92529.13097211927,75602.53198576695,0.8170673515624759,0.0
9mudw2,2022-04,95485.91621543809,82724.57506635119,0.8663536817273199,0.0
9mudw2,2022-05,98362.00398581891,91745.57204879523,0.9327338640032428,0.0
9mudw2,2022-06,102353.35222383792,91669.45599947778,0.8956175250518871,0.0
9mudw2,2022-07,100953.06773650742,94500.7984170194,0.9360864462650231,0.0
9mudw2,2022-08,98733.35224929483,91813.61751410022,0.92991492157865,0.0
9mudw2,2022-09,89099.03256450788,82274.92475585586,0.9234098551663694,0.0
9mudw2,2022-10,81041.75668311358,77397.5747844643,0.9550332810171105,0.0
9mudw2,2022-11,78923.61245310819,61357.51117410714,0.7774290768882658,0.0
9mudw2,2022-12,64225.48927233453,53000.06201166515,0.8252185014415329,0.0
9mudw2,2023-01,68.84928433650548,,,
9mumuf,2018-01,33662.560997384055,27640.00693473757,0.8210904374413313,0.0
9mumuf,2018-02,42160.3096023253,30284.47379198419,0.7183171584279325,0.0
9mumuf,2018-03,46813.35400033049,42117.15765932739,0.8996825491083177,0.0
9mumuf,2018-04,52899.37606912574,47890.550155131874,0.9053140833372282,0.0
9mumuf,2018-05,49513.5872312445,52741.44119024423,1.0651912765666645,7.275957614183426e-12
9mumuf,2018-06,57034.26918768351,53944.02873594058,0.9458178303017466,0.0
9mumuf,2018-07,57592.169029725635,54824.19090802506,0.9519382900777377,0.0
9mumuf,2018-08,58111.89092640532,53161.50999732698,0.9148129436134224,0.0
9mumuf,2018-09,53886.1349684169,48228.62426054098,0.895009899834311,0.0
9mumuf,2018-10,48993.432519682254,44076.40992417931,0.899639148705745,0.0
9mumuf,2018-11,42320.91385151131,34865.61447519081,0.8238388848955759,0.0
9mumuf,2018-12,38296.92254526056,31469.113732001624,0.8217139038994685,0.0
9mumuf,2019-01,40079.763843244116,32836.54182441324,0.8192798229261073,0.0
9mumuf,2019-02,40752.2588596557,34514.72193681511,0.8469400936934153,0.0
9mumuf,2019-03,57410.36342184304,50393.630337484974,0.8777793299652168,0.0
9mumuf,2019-04,60914.754000135734,56555.42099711378,0.9284355149326838,0.0
9mumuf,2019-05,58877.67772850836,61527.35502896354,1.0450030878030405,7.275957614183426e-12
9mumuf,2019-06,49761.687714637475,62940.48042173639,1.264838137779285,7.275957614183426e-12
9mumuf,2019-07,70422.28334088465,65602.48672318715,0.931558643244115,0.0
9mumuf,2019-08,72867.11358862223,63555.20610038065,0.8722069939422497,0.0
9mumuf,2019-09,63145.66903390503,56399.71009781057,0.8931683037126056,0.0
9mumuf,2019-10,64806.95438332203,51583.985909984985,0.7959637418674939,0.0
9mumuf,2019-11,48651.71156657205,40073.95005712134,0.8236904471960166,0.0
9mumuf,2019-12,40260.54414011322,35754.62276852253,0.8880809619485184,0.0
9mumuf,2020-01,51517.01636401154,38676.111554300565,0.7507444002777828,0.0
9mumuf,2020-02,57970.81764345851,43323.63698191672,0.7473352756273468,0.0
9mumuf,2020-03,61446.49699633617,57217.974154555515,0.9311836630486391,0.0
9mumuf,2020-04,63988.12279407159,63601.29635097944,0.9939547149345661,0.0
9mumuf,2020-05,79448.27282981847,71962.31219809712,0.9057756655357809,0.0
9mumuf,2020-06,69276.5981222087,72143.7139087558,1.0413864979554757,0.0
9mumuf,2020-07,82015.64576334147,74824.3733832747,0.9123182861863041,0.0
9mumuf,2020-08,79574.26747442642,71227.19345006182,0.89510335075284,0.0
9mumuf,2020-09,70654.01830623887,63202.49894613243,0.8945350945531649,0.0
9mumuf,2020-10,65750.53014734354,57616.662458114675,0.8762919831824734,0.0
9mumuf,2020-11,59100.7572010348,46715.332749452675,0.7904354353794089,0.0
9mumuf,2020-12,53770.49460773129,41840.35526485927,0.7781285176953409,0.0
9mumuf,2021-01,58360.73064088099,44320.27805329855,0.7594195200539989,0.0
9mumuf,2021-02,63469.96561096396,47391.49108764634,0.7466758589114442,0.0
9mumuf,2021-03,81143.91186615718,66924.6155089887,0.8247644705542112,0.0
9mumuf,2021-04,82318.80048610744,74713.75702392627,0.9076147439312525,0.0
9mumuf,2021-05,78023.50057089205,82401.4892146013,1.0561111538405203,0.0
9mumuf,2021-06,84527.26783955737,82882.37270958976,0.9805400650936711,0.0
9mumuf,2021-07,89089.94215054151,84839.38496845166,0.9522891464571008,0.0
9mumuf,2021-08,89633.5499710841,80334.20754978378,0.8962515439330441,0.0
9mumuf,2021-09,85289.85541863435,71655.51832763982,0.840141163048382,0.0
9mumuf,2021-10,75856.41180020141,64120.583055458424,0.845288902200462,7.275957614183426e-12
9mumuf,2021-11,69710.36865556492,54027.35218155325,0.7750260574362964,0.0
9mumuf,2021-12,51522.93521994129,47240.57358408894,0.9168843619337332,0.0
9mumuf,2022-01,66643.6157711594,53213.8098219637,0.7984832336331973,0.0
9mumuf,2022-02,78339.84679874878,56862.85745156153,0.725848463779096,0.0
9mumuf,2022-03,96050.01371873228,81357.52489474526,0.8470329336233963,0.0
9mumuf,2022-04,100061.56042572421,89021.70996911771,0.8896694154115118,0.0
9mumuf,2022-05,94241.83066067926,98729.40053578797,1.0476176008429456,0.0
9mumuf,2022-06,105656.0049337963,98647.4904037516,0.9336666710573032,0.0
9mumuf,2022-07,110955.82797793968,101694.35940628791,0.9165301296882473,0.0
9mumuf,2022-08,109641.52347525353,98802.62573727414,0.90114240121421,0.0
9mumuf,2022-09,95414.7465944131,88537.83151466408,0.9279260772029165,0.0
9mumuf,2022-10,90557.76329444729,83289.20939454017,0.9197357174528095,0.0
9mumuf,2022-11,81736.73754045933,66028.14894832906,0.8078148325365374,0.0
9mumuf,2022-12,65674.60529382258,57034.51658667815,0.8684409496107452,0.0
9mumuf,2023-01,74.9845754284913,,,
9mupsy,2018-01,1781.9159332301697,1493.8684116331997,0.8383495448773436,0.0
9mupsy,2018-02,2274.238114090525,1636.794768814635,0.7197112556831783,0.0
9mupsy,2018-03,2480.4602970825867,2276.3196682114667,0.9177005053815126,0.0
9mupsy,2018-04,2925.757285040925,2588.3560833182623,0.884679018506505,0.0
9mupsy,2018-05,2678.4891978369565,2850.533763039522,1.0642319428958318,0.0
9mupsy,2018-06,3041.0930670645384,2915.53040182406,0.958711337512048,0.0
9mupsy,2018-07,3208.415890716006,2963.100811958039,0.9235401247488456,0.0
9mupsy,2018-08,3186.084876531596,2873.2373579805458,0.901808165609317,0.0
9mupsy,2018-09,2964.737084757019,2606.628084047288,0.8792105368968728,0.0
9mupsy,2018-10,2670.1579024879597,2382.2120102717954,0.8921614740656849,0.0
9mupsy,2018-11,2278.6063424372423,1884.3931638529928,0.8269937324221649,2.2737367544323206e-13
9mupsy,2018-12,2020.572021949843,1700.8213875390668,0.8417524191480102,0.0
9mupsy,2019-01,2065.83396069516,1774.7272167690242,0.8590851203607005,0.0
9mupsy,2019-02,2233.0289264568714,1865.4283611235676,0.8353802940132206,0.0
9mupsy,2019-03,3080.046854038294,2723.6408690649296,0.8842855314015514,0.0
9mupsy,2019-04,3390.426577168731,3056.6691655935883,0.9015588734990816,0.0
9mupsy,2019-05,3308.2950663003867,3325.388895383879,1.0051669602441502,0.0
9mupsy,2019-06,2851.9721170458993,3401.764541414815,1.1927762270475477,0.0
9mupsy,2019-07,3879.311692802468,3545.638858620863,0.9139865881876187,0.0
9mupsy,2019-08,3939.2213032628124,3434.988819372297,0.8719969138385636,0.0
9mupsy,2019-09,3457.7319845216452,3048.2534081603394,0.8815759641885735,0.0
9mupsy,2019-10,3516.633623359748,2787.976402430316,0.7927969476009041,0.0
9mupsy,2019-11,2598.4520485345665,2165.8897648271677,0.8335307807772138,0.0
9mupsy,2019-12,2119.6338334210172,1932.4416831686344,0.9116865624142916,0.0
9mupsy,2020-01,2706.558943351333,2090.340334291237,0.7723239648728737,0.0
9mupsy,2020-02,3163.0312093920415,2341.5266471228824,0.7402793371656113,0.0
9mupsy,2020-03,3268.5562928123018,3092.4783907962824,0.9461297630384331,0.0
9mupsy,2020-04,3584.9843126753335,3437.4798740821007,0.95885492774077,0.0
9mupsy,2020-05,4461.3082459816405,3889.3704069848304,0.8718004209836964,0.0
9mupsy,2020-06,3928.940593713313,3899.174684024597,0.9924239349059275,0.0
9mupsy,2020-07,4505.169822866521,4044.0571553200775,0.8976481052487718,0.0
9mupsy,2020-08,4346.813819524625,3849.639205792217,0.8856232094645408,0.0
9mupsy,2020-09,3840.9917474761373,3415.925941510777,0.8893343610423883,0.0
9mupsy,2020-10,3446.781923426178,3114.026426734947,0.9034590803585089,0.0
9mupsy,2020-11,3222.1741649398914,2524.8387273606113,0.7835823261303169,0.0
9mupsy,2020-12,2925.3789958453167,2261.3592394989587,0.7730141095258384,0.0
9mupsy,2021-01,3206.2986951556645,2395.3924300725394,0.747089606371263,0.0
9mupsy,2021-02,3488.6089695725123,2561.3832761762064,0.734213349365456,0.0
9mupsy,2021-03,4480.780832830353,3617.096381547083,0.8072468876506709,0.0
9mupsy,2021-04,4548.250628033179,4038.0786371007935,0.8878311613287235,0.0
9mupsy,2021-05,4526.197436888222,4453.579990044074,0.9839561910728153,0.0
9mupsy,2021-06,4827.6509749421075,4479.57045612953,0.9278985741472846,0.0
9mupsy,2021-07,4962.129827902046,4585.341731860234,0.924067263632819,0.0
9mupsy,2021-08,4622.131469390946,4341.848947996537,0.9393607639136795,0.0
9mupsy,2021-09,4389.147303776273,3872.7890192507025,0.88235567211852,0.0
9mupsy,2021-10,4133.904132648135,3465.545930875571,0.8383227621332329,0.0
9mupsy,2021-11,3652.6329089445676,2920.0338110903135,0.7994325966728643,0.0
9mupsy,2021-12,2619.3890528393654,2553.2265889561468,0.9747412612068834,0.0
9mupsy,2022-01,3492.4528792279893,2876.06402355061,0.8235083258120771,0.0
9mupsy,2022-02,4318.694308397867,3073.285283272879,0.7116237139768744,0.0
9mupsy,2022-03,5318.9410988650625,4397.156512148884,0.826697726185976,0.0
9mupsy,2022-04,5525.940322808812,4811.385206466842,0.8706907649015715,0.0
9mupsy,2022-05,5442.791789527452,5336.05990433142,0.9803902318289307,0.0
9mupsy,2022-06,5704.349261199031,5331.632880882015,0.9346610168398642,0.0
9mupsy,2022-07,5851.709507052285,5496.307997209606,0.939265353241756,0.0
9mupsy,2022-08,5837.242932593927,5340.017530525001,0.9148184497697492,0.0
9mupsy,2022-09,5194.144678247117,4785.232870836648,0.9212744671662735,0.0
9mupsy,2022-10,4400.17468487599,4501.5588902777545,1.0230409501127844,0.0
9mupsy,2022-11,4419.396186528597,3568.6447628402952,0.8074960044809739,0.0
9mupsy,2022-12,3467.288587858807,3082.563000175211,0.8890413711074509,0.0
9mupsy,2023-01,4.40502805452538,,,
9mvgw4,2018-01,5461.250800784774,4104.067302799019,0.7514885238761183,0.0
9mvgw4,2018-02,6158.634485953648,4496.7253071109335,0.7301497300037652,0.0
9mvgw4,2018-03,7211.148102799553,6253.676058931784,0.8672233560844418,0.0
9mvgw4,2018-04,8158.186352931025,7110.925893354857,0.8716307259639988,0.0
9mvgw4,2018-05,9063.854063194556,7831.200071782249,0.8640033276332499,9.094947017729282e-13
9mvgw4,2018-06,8401.62145081608,8009.763710955683,0.953359272117368,0.0
9mvgw4,2018-07,7854.1294888512,8140.452708253752,1.0364551182672737,9.094947017729282e-13
9mvgw4,2018-08,8288.27383919934,7893.573089999818,0.9523784135445926,0.0
9mvgw4,2018-09,8110.995401374678,7161.124103695708,0.8828909091086424,0.0
9mvgw4,2018-10,7751.529455929279,6544.591440288218,0.8442967903943327,0.0
9mvgw4,2018-11,6692.6318649736995,5176.946181579725,0.773529201370479,0.0
9mvgw4,2018-12,5917.230274661263,4672.624034448265,0.78966405185503,0.0
9mvgw4,2019-01,6403.527029740146,4875.66366957738,0.7614028404866799,0.0
9mvgw4,2019-02,6906.514117394137,5124.844653640744,0.7420305767179657,0.0
9mvgw4,2019-03,8800.380420008734,7482.590399696527,0.8502576073511491,0.0
9mvgw4,2019-04,9704.507481989998,8397.510704622098,0.8653206481840037,0.0
9mvgw4,2019-05,10418.678933691226,9135.75769348748,0.8768633481875402,0.0
9mvgw4,2019-06,9848.979665722092,9345.582594506055,0.9488884038447114,0.0
9mvgw4,2019-07,9825.948802313922,9740.84490567062,0.9913388621948385,0.0
9mvgw4,2019-08,9869.933528467574,9436.858821891665,0.9561218213550472,0.0
9mvgw4,2019-09,9501.275165279203,8374.39030483245,0.8813964609124507,0.0
9mvgw4,2019-10,9850.15500944105,7659.337800496276,0.7775855093808222,0.0
9mvgw4,2019-11,7627.999243982937,5950.294748903764,0.7800596930574466,0.0
9mvgw4,2019-12,6387.0828454619095,5308.948676267758,0.8312008478236387,0.0
9mvgw4,2020-01,8392.68213609424,5742.739689038336,0.6842555926597829,0.0
9mvgw4,2020-02,8716.54729863129,6432.817560271967,0.7380006486378012,0.0
9mvgw4,2020-03,9979.51245252116,8495.888492885439,0.8513330218591082,0.0
9mvgw4,2020-04,11329.170619421955,9443.702434156556,0.8335740321508548,0.0
9mvgw4,2020-05,12176.623010018993,10685.16998651142,0.8775150530421779,0.0
9mvgw4,2020-06,11721.692935368328,10712.105031467956,0.9138701287034996,0.0
9mvgw4,2020-07,11668.749750186656,11110.137019133075,0.9521274564102598,0.0
9mvgw4,2020-08,11035.059867482849,10576.017451759535,0.958401456699299,0.0
9mvgw4,2020-09,10627.300569193807,9384.487854596638,0.8830547130472806,0.0
9mvgw4,2020-10,10424.810181195578,8555.086872774018,0.8206467766871963,0.0
9mvgw4,2020-11,9179.316769667945,6936.426250872258,0.7556582287031345,0.0
9mvgw4,2020-12,8651.401468571485,6212.575647518884,0.7181004915894512,0.0
9mvgw4,2021-01,9043.021575703999,6580.801677763056,0.7277215500009179,0.0
9mvgw4,2021-02,9907.594499725554,7036.82417529564,0.7102454763858739,0.0
9mvgw4,2021-03,12733.079959694012,9937.15837016104,0.7804206367679041,0.0
9mvgw4,2021-04,13004.685517761603,11093.712385643352,0.8530550293193732,0.0
9mvgw4,2021-05,14068.339660590596,12235.208854545175,0.8696981413392698,0.0
9mvgw4,2021-06,12786.353030077446,12306.61181160296,0.9624802148551673,0.0
9mvgw4,2021-07,11802.71046677117,12597.19459046174,1.0673137010288718,0.0
9mvgw4,2021-08,12465.28012076006,11928.252958829007,0.9569181633522481,0.0
9mvgw4,2021-09,11976.599603904944,10639.616354943384,0.8883670412989644,0.0
9mvgw4,2021-10,12247.277391859641,9520.807609624222,0.777381560407245,0.0
9mvgw4,2021-11,10181.959474988302,8022.135814533767,0.7878774055465374,0.0
9mvgw4,2021-12,8864.625831001133,7014.415512619381,0.7912816227492371,9.094947017729282e-13
9mvgw4,2022-01,10390.601634569588,7901.338717582346,0.7604313008492741,9.094947017729282e-13
9mvgw4,2022-02,12354.512322577604,8443.159748899354,0.6834069632574377,0.0
9mvgw4,2022-03,14942.669565681375,12080.198045737265,0.8084364037254554,0.0
9mvgw4,2022-04,15640.543636739392,13218.198171446382,0.8451239597834082,0.0
9mvgw4,2022-05,16558.894787011035,14659.62383875655,0.8853020704169041,0.0
9mvgw4,2022-06,15379.754652028589,14647.46158802152,0.9523859072803558,0.0
9mvgw4,2022-07,14863.321477223497,15099.8694140668,1.0159148772504039,0.0
9mvgw4,2022-08,14578.557189990393,14670.49652615746,1.0063064770380838,0.0
9mvgw4,2022-09,13511.695671214458,13146.350514239168,0.9729608210645516,0.0
9mvgw4,2022-10,14114.0128693891,12367.020086471575,0.8762228149368876,0.0
9mvgw4,2022-11,13218.981134530586,9804.048450603386,0.7416644558931458,0.0
9mvgw4,2022-12,11086.92110356696,8468.648188367632,0.763841296358016,0.0
9mvgw4,2023-01,9.329499786274784,,,
9mzqxj,2018-01,59009.48731960136,53196.615552592375,0.9014925899029442,0.0
9mzqxj,2018-02,60511.06122670752,53832.58331275333,0.8896321138885177,0.0
9mzqxj,2018-03,77198.79325391637,71559.72970930373,0.9269539936192388,0.0
9mzqxj,2018-04,84264.833839345,78796.57778405277,0.9351063094040187,0.0
9mzqxj,2018-05,92613.9368564115,85872.79636262973,0.9272124615085392,0.0
9mzqxj,2018-06,86652.51048973731,83227.33208546904,0.9604722542381051,0.0
9mzqxj,2018-07,83714.91907181373,78490.31368845554,0.9375905102544945,0.0
9mzqxj,2018-08,86625.01086011528,76841.178232138,0.8870553373577464,0.0
9mzqxj,2018-09,80298.16684784829,73460.20141104393,0.9148428201385822,0.0
9mzqxj,2018-10,75061.71108663891,67582.54255282629,0.9003597383334374,0.0
9mzqxj,2018-11,69987.76334668034,62223.95976455921,0.8890691285037418,0.0
9mzqxj,2018-12,57765.37659415195,55527.91434722939,0.9612663782555677,0.0
9mzqxj,2019-01,65869.19750420892,59383.72399886342,0.9015401166086608,0.0
9mzqxj,2019-02,67790.60733002487,59012.79893378358,0.8705158613861018,0.0
9mzqxj,2019-03,89829.29207217334,81808.17664142416,0.9107071285354824,0.0
9mzqxj,2019-04,95330.90218993035,90152.6123532761,0.9456808892216566,0.0
9mzqxj,2019-05,102801.10311731797,99238.21834647832,0.9653419597377896,0.0
9mzqxj,2019-06,99377.71701779235,96366.19556688255,0.9696962101637873,0.0
9mzqxj,2019-07,92882.22674786753,91360.33518870149,0.9836148247899215,0.0
9mzqxj,2019-08,97037.01502682666,88755.16011761961,0.9146526208899,0.0
9mzqxj,2019-09,89661.75408512086,82563.00141892128,0.9208274170114903,0.0
9mzqxj,2019-10,96175.44162346933,79309.15335640847,0.824629988879146,0.0
9mzqxj,2019-11,72608.68884865518,65140.19943571325,0.8971405553334096,0.0
9mzqxj,2019-12,62016.82640729597,61213.5871673285,0.9870480434665877,0.0
9mzqxj,2020-01,81178.25721655597,69310.44175935935,0.8538054909760218,0.0
9mzqxj,2020-02,88918.22196430642,73668.04551639558,0.828492112066382,0.0
9mzqxj,2020-03,99676.43882556821,90258.07909518176,0.9055106719164757,0.0
9mzqxj,2020-04,114807.66925305086,102922.24259860648,0.8964753249345444,0.0
9mzqxj,2020-05,121211.71296803025,110394.14765700432,0.9107547856049268,0.0
9mzqxj,2020-06,115528.74256313048,106674.30962272808,0.9233573157297725,0.0
9mzqxj,2020-07,114697.11049965564,100110.40388017656,0.872824114261162,0.0
9mzqxj,2020-08,108304.61408875123,97039.44368260572,0.8959862375123357,0.0
9mzqxj,2020-09,103616.32894249877,91254.11178100856,0.8806923842249753,0.0
9mzqxj,2020-10,103183.95197796517,87581.52880543165,0.8487902152084134,0.0
9mzqxj,2020-11,89767.17085895526,76657.8888407704,0.8539635159185028,0.0
9mzqxj,2020-12,85851.49794796522,74780.31490708968,0.8710426340192012,0.0
9mzqxj,2021-01,83247.5248462455,80076.89303470467,0.9619132002134976,0.0
9mzqxj,2021-02,99168.47758017798,82910.67172109743,0.8360587330189064,0.0
9mzqxj,2021-03,123187.96112251813,106633.1654102864,0.8656135261808015,0.0
9mzqxj,2021-04,131542.14424509055,117995.3687168232,0.8970157008918231,0.0
9mzqxj,2021-05,141364.01924545856,128569.44541600226,0.9094920058318352,0.0
9mzqxj,2021-06,129190.52472675777,123008.89260906674,0.9521510410243678,0.0
9mzqxj,2021-07,115629.14010391168,110464.03403646774,0.9553304118425316,0.0
9mzqxj,2021-08,126461.41432092752,112885.66625726456,0.8926490887630665,0.0
9mzqxj,2021-09,117217.57167245341,105033.65965924636,0.8960572903928334,0.0
9mzqxj,2021-10,121340.35992580112,102790.78314373406,0.8471277257343722,0.0
9mzqxj,2021-11,103953.83351344013,92717.75835693386,0.8919128349888745,0.0
9mzqxj,2021-12,88564.37188682692,87734.39236490407,0.9906285168150523,0.0
9mzqxj,2022-01,114041.39985786715,101100.99258017722,0.88652886325652,0.0
9mzqxj,2022-02,124332.2547689259,103632.54507211622,0.8335129549827556,0.0
9mzqxj,2022-03,150422.46607922146,133682.0583855019,0.8887107216756901,0.0
9mzqxj,2022-04,152352.1218269681,137354.56268861837,0.9015598932361244,0.0
9mzqxj,2022-05,161691.9850900005,148812.9664571644,0.9203484413549169,0.0
9mzqxj,2022-06,146120.826669668,140118.7440797303,0.9589238390807461,0.0
9mzqxj,2022-07,140897.1559604556,132780.16138069343,0.9423906428456208,0.0
9mzqxj,2022-08,140799.3173408461,129634.20851565864,0.9207019676227618,0.0
9mzqxj,2022-09,134839.99482185158,123108.41735362756,0.9129963073365318,0.0
9mzqxj,2022-10,138232.4022900821,124822.7036268231,0.9029916398680635,0.0
9mzqxj,2022-11,128148.19421701186,109527.06841130662,0.8546906890145374,0.0
9mzqxj,2022-12,101441.19271675045,97585.7471036174,0.9619932937510067,0.0
9mzqxj,2023-01,52.85138525310358,,,
9pr8ne,2018-01,824.3499761990872,1560.6803711601142,1.8932254700316715,0.0
9pr8ne,2018-02,1752.7951524057876,1709.9989847926352,0.9755840449727323,0.0
9pr8ne,2018-03,1985.4995939086239,2378.126076566132,1.1977469468450455,0.0
9pr8ne,2018-04,2441.257758179352,2704.1180477143366,1.107674123575964,4.547473508864641e-13
9pr8ne,2018-05,2857.749036702162,2978.0213950981497,1.0420863962689957,0.0
9pr8ne,2018-06,3528.1128311544526,3045.9249517651742,0.8633298019464136,0.0
9pr8ne,2018-07,3446.505147254923,3095.6229069304286,0.8981918710889013,0.0
9pr8ne,2018-08,3056.8429156946536,3001.740388486923,0.9819740402999385,0.0
9pr8ne,2018-09,2876.9501286142945,2723.2072477118368,0.9465604636752917,0.0
9pr8ne,2018-10,2149.7955437993714,2488.754361107639,1.157670257660512,0.0
9pr8ne,2018-11,1695.2317466023178,1968.671001723932,1.1612990410719106,2.2737367544323206e-13
9pr8ne,2018-12,1181.6630406892507,1776.8891380998657,1.503718976488785,0.0
9pr8ne,2019-01,1152.8083765168813,1854.1003409710772,1.6083335086210024,0.0
9pr8ne,2019-02,1273.5196147416734,1948.8580147618616,1.5302928923926915,0.0
9pr8ne,2019-03,2461.524572476915,2845.4533273060624,1.1559719367102714,0.0
9pr8ne,2019-04,2679.108919291653,3193.37602343225,1.191954534001017,4.547473508864641e-13
9pr8ne,2019-05,2822.726809091448,3474.1140083586833,1.230765229270238,0.0
9pr8ne,2019-06,3718.1798540475374,3553.905488429434,0.9558186069349826,0.0
9pr8ne,2019-07,3754.673440692357,3704.214458770442,0.9865610198279693,0.0
9pr8ne,2019-08,3563.060551983277,3588.6156931907226,1.0071722444327311,4.547473508864641e-13
9pr8ne,2019-09,2950.9765817499333,3184.5838786005925,1.0791627077948989,4.547473508864641e-13
9pr8ne,2019-10,3083.7168784109726,2912.6662111916667,0.9445310078831077,0.0
9pr8ne,2019-11,1715.7908875442072,2262.7572922348777,1.3187838382062615,0.0
9pr8ne,2019-12,1229.0271163626398,2018.8684490862784,1.6426557414462986,0.0
9pr8ne,2020-01,1265.1463687484902,2183.828979425287,1.7261472928113268,0.0
9pr8ne,2020-02,2424.6629322797035,2446.2493806384355,1.0089028656607688,0.0
9pr8ne,2020-03,3062.1015583780145,3230.7867849458407,1.0550880574507067,0.0
9pr8ne,2020-04,3313.2040932190253,3591.2181581460036,1.0839109385069203,0.0
9pr8ne,2020-05,3805.4818185785684,4063.319100318908,1.0677541751695052,0.0
9pr8ne,2020-06,4327.137989833282,4073.561865083343,0.9413986507142315,0.0
9pr8ne,2020-07,4333.076099930964,4224.924078324616,0.9750403595247101,0.0
9pr8ne,2020-08,3872.7518353722426,4021.8109558658543,1.0384892001424317,4.547473508864641e-13
9pr8ne,2020-09,3248.665801449508,3568.7002447719624,1.0985125780496288,0.0
9pr8ne,2020-10,3145.604646057583,3253.298537965479,1.034236308762727,0.0
9pr8ne,2020-11,2474.692532347395,2637.759933506192,1.0658940046196839,4.547473508864641e-13
9pr8ne,2020-12,2037.6103996523077,2362.4965557502887,1.1594446888146128,0.0
9pr8ne,2021-01,1713.0808357373232,2502.524263668322,1.460832560531924,0.0
9pr8ne,2021-02,2555.5462592572876,2675.9389053388236,1.047110337230415,0.0
9pr8ne,2021-03,3879.5338282998205,3778.867856977552,0.9740520444523654,0.0
9pr8ne,2021-04,4380.7544533114715,4218.678176101368,0.9630026565201372,0.0
9pr8ne,2021-05,4930.366244909101,4652.762464034134,0.943695099494564,0.0
9pr8ne,2021-06,4930.14645156983,4679.915331007555,0.9492446881608158,0.0
9pr8ne,2021-07,4773.233578607187,4790.417134633621,1.0035999822224178,0.0
9pr8ne,2021-08,5050.1934193248235,4536.034348749725,0.8981902220600814,0.0
9pr8ne,2021-09,4253.227063254112,4045.996124505425,0.9512767751011778,0.0
9pr8ne,2021-10,3361.660708092225,3620.5394448084257,1.0770091806389102,0.0
9pr8ne,2021-11,2415.6836854747194,3050.629772076261,1.262843223398582,0.0
9pr8ne,2021-12,1549.8506869989499,2667.4174174092923,1.7210802561725094,0.0
9pr8ne,2022-01,2810.6555398568025,3004.6934742049684,1.0690365402649276,0.0
9pr8ne,2022-02,3494.150621673448,3210.7352824573495,0.9188886313434415,0.0
9pr8ne,2022-03,4292.020145613612,4593.815495386917,1.0703154550851155,0.0
9pr8ne,2022-04,5020.82718418846,5026.570206149256,1.001143839799721,0.0
9pr8ne,2022-05,5512.57761577804,5574.710521470863,1.0112711167122592,9.094947017729282e-13
9pr8ne,2022-06,5588.850646648158,5570.085503265545,0.9966423966985294,0.0
9pr8ne,2022-07,5559.398961959293,5742.12557029528,1.0328680509505275,0.0
9pr8ne,2022-08,5606.576157003916,5578.8451490381985,0.995053842632446,0.0
9pr8ne,2022-09,4697.981658953687,4999.248230157131,1.0641268087177975,0.0
9pr8ne,2022-10,3894.2133219079246,4702.887178661904,1.2076603898930167,0.0
9pr8ne,2022-11,3258.6567985309744,3728.249281955975,1.1441061493915825,4.547473508864641e-13
9pr8ne,2022-12,2188.1504901231087,3220.427937142256,1.4717579762811788,0.0
9pr8ne,2023-01,4.4133765103911555,,,
9q5bwz,2018-01,31420.174363238824,27033.998960134144,0.860402575988361,0.0
9q5bwz,2018-02,40552.12660947532,29620.485802836996,0.7304299004609031,3.637978807091713e-12
9q5bwz,2018-03,43192.065740932456,41193.73772425116,0.9537339096336039,0.0
9q5bwz,2018-04,52594.89677155803,46840.548417770486,0.8905911275236241,0.0
9q5bwz,2018-05,45982.51170624097,51585.08352257677,1.1218413611706948,0.0
9q5bwz,2018-06,53800.254280201545,52761.30430054503,0.9806887533608025,0.0
9q5bwz,2018-07,57507.218546802564,53622.16889081318,0.9324424002035933,0.0
9q5bwz,2018-08,57346.367949695916,51995.9423085631,0.9066998341407394,0.0
9q5bwz,2018-09,53298.05729351896,47171.2102383575,0.8850455839052414,0.0
9q5bwz,2018-10,47540.79751026897,43110.033324889366,0.9068008023125287,0.0
9q5bwz,2018-11,40750.37154953734,34101.18484023077,0.8368312617414145,0.0
9q5bwz,2018-12,37020.729090836714,30779.15247691498,0.8314031957985767,0.0
9q5bwz,2019-01,35689.707677359154,32116.599667706167,0.8998840774501581,0.0
9q5bwz,2019-02,38992.37392697271,33757.98563120143,0.8657586658977328,0.0
9q5bwz,2019-03,52445.30059541814,49288.74849263449,0.9398124890705761,0.0
9q5bwz,2019-04,58276.886128976286,55315.44170867768,0.9491832076658241,0.0
9q5bwz,2019-05,57554.333388853025,60178.36593891568,1.0455922672639428,0.0
9q5bwz,2019-06,51290.690994199926,61560.50851539776,1.2002277084229411,0.0
9q5bwz,2019-07,69233.43708735993,64164.15024946859,0.9267797894896533,0.0
9q5bwz,2019-08,71341.83643244504,62161.75631524366,0.8713226267185571,0.0
9q5bwz,2019-09,60524.52411591974,55163.1447754756,0.9114180669942031,0.0
9q5bwz,2019-10,62888.71301083395,50453.00548378277,0.8022585145778248,0.0
9q5bwz,2019-11,45765.81880999876,39195.3275095288,0.856432344677411,0.0
9q5bwz,2019-12,37472.89626365459,34970.70160027455,0.9332265473750705,0.0
9q5bwz,2020-01,48521.72800989068,37828.136657481664,0.779612314090932,0.0
9q5bwz,2020-02,55906.415398559315,42373.7649517882,0.7579410099843418,0.0
9q5bwz,2020-03,55218.30812191485,55963.46836842509,1.0134948040216123,0.0
9q5bwz,2020-04,61039.12782995317,62206.83603572644,1.0191304864156374,7.275957614183426e-12
9q5bwz,2020-05,79773.91266462073,70384.53636157444,0.8823001656879941,0.0
9q5bwz,2020-06,70339.69166791932,70561.96083432846,1.003159939447254,0.0
9q5bwz,2020-07,82633.9273463447,73183.84677009282,0.8856392176951285,0.0
9q5bwz,2020-08,77192.30396084757,69665.53511396676,0.9024932738022895,0.0
9q5bwz,2020-09,66893.32996384597,61816.78227584881,0.9241098074988807,0.0
9q5bwz,2020-10,59515.76226075046,56353.41541906386,0.9468653895781133,0.0
9q5bwz,2020-11,58003.56445593185,45691.09768868497,0.7877291355671552,0.0
9q5bwz,2020-12,52746.73149180504,40923.004230519306,0.7758396221551146,0.0
9q5bwz,2021-01,56322.951261876515,43348.554638020214,0.76964281286449,0.0
9q5bwz,2021-02,63610.10592060792,46352.43123519144,0.728696023443887,0.0
9q5bwz,2021-03,79484.7012821776,65457.29132229525,0.8235206305917433,7.275957614183426e-12
9q5bwz,2021-04,79212.65760649875,73075.65567771501,0.9225249838318738,0.0
9q5bwz,2021-05,78713.06613712157,80594.83411132461,1.0239066786056197,0.0
9q5bwz,2021-06,89278.98498725762,81065.1742213745,0.9079983854312923,0.0
9q5bwz,2021-07,90486.98850585592,82979.27892822068,0.9170299542331507,0.0
9q5bwz,2021-08,84148.02874997385,78572.87765852998,0.9337459097466309,0.0
9q5bwz,2021-09,78648.61464052105,70084.46895585701,0.8911087534877995,0.0
9q5bwz,2021-10,72384.38153805071,62714.737363755885,0.8664125607094988,0.0
9q5bwz,2021-11,64969.562282230996,52842.80087713297,0.8133470354560991,0.0
9q5bwz,2021-12,46353.11917496014,46204.82260239081,0.9968007207452515,0.0
9q5bwz,2022-01,61874.21611934499,52047.095457988224,0.8411758357891452,0.0
9q5bwz,2022-02,77538.3506223955,55616.13760971243,0.7172726420317838,0.0
9q5bwz,2022-03,93336.2865519083,79573.75874024953,0.8525490104643831,0.0
9q5bwz,2022-04,98746.08044311851,87069.90632878224,0.8817555688090102,0.0
9q5bwz,2022-05,99055.61256949228,96564.75549087992,0.9748539531077565,0.0
9q5bwz,2022-06,102094.06194768327,96484.64124092612,0.9450563470612854,0.0
9q5bwz,2022-07,107060.29979323661,99464.70754990778,0.9290531386704685,0.0
9q5bwz,2022-08,104736.23937795208,96636.37522764436,0.9226641685970939,0.0
9q5bwz,2022-09,95276.96825532535,86596.6369238426,0.9088937075724218,0.0
9q5bwz,2022-10,81468.12390055816,81463.0909999,0.9999382224553949,0.0
9q5bwz,2022-11,80617.01005104803,64580.47981765669,0.8010775861913417,0.0
9q5bwz,2022-12,60262.45272578448,55784.03311318309,0.9256847438158584,0.0
9q5bwz,2023-01,81.86845547331826,,,
9q5cts,2018-01,5555.728966653033,4829.933918362784,0.869360969074146,0.0
9q5cts,2018-02,7232.997948523989,5292.039452560363,0.7316522816988065,0.0
9q5cts,2018-03,7610.076941271895,7359.733621056334,0.967103707078457,0.0
9q5cts,2018-04,9438.461435499095,8368.60110453231,0.8866488634532189,0.0
9q5cts,2018-05,8061.937612452794,9216.266707514678,1.1431825884237632,0.0
9q5cts,2018-06,9910.68410935873,9426.412037451608,0.9511363628823746,0.0
9q5cts,2018-07,10365.487337543178,9580.215368205045,0.9242416739544966,0.0
9q5cts,2018-08,10333.730709331609,9289.671341028909,0.898965881957821,0.0
9q5cts,2018-09,9693.250535558269,8427.677630543722,0.8694377185060905,0.0
9q5cts,2018-10,8577.67219368181,7702.1018046454765,0.8979244753977348,0.0
9q5cts,2018-11,7349.829378334958,6092.567716639882,0.8289400206484931,0.0
9q5cts,2018-12,6671.070686823931,5499.048540540964,0.8243127375943062,0.0
9q5cts,2019-01,6397.582588458472,5737.998817943405,0.8969010932809236,0.0
9q5cts,2019-02,6695.874728677435,6031.2512424145725,0.9007413499812983,0.0
9q5cts,2019-03,9590.640092421709,8806.000121894162,0.9181869027545356,0.0
9q5cts,2019-04,10446.583741965665,9882.737974205947,0.9460258222508995,0.0
9q5cts,2019-05,10255.852013641512,10751.555152037865,1.048333686731927,1.8189894035458565e-12
9q5cts,2019-06,9950.008840990513,10998.490772624684,1.1053749748758812,0.0
9q5cts,2019-07,12387.089603037313,11463.661224883635,0.9254523533980691,0.0
9q5cts,2019-08,12900.278670158736,11105.910586692857,0.8609047037397216,0.0
9q5cts,2019-09,10816.5093919868,9855.52838067078,0.9111560877460205,0.0
9q5cts,2019-10,11315.776941796305,9014.007984124626,0.7965876342816733,0.0
9q5cts,2019-11,8354.976703723518,7002.694720036776,0.8381465285134694,0.0
9q5cts,2019-12,6733.335595679357,6247.916856739853,0.9279081323005811,0.0
9q5cts,2020-01,8831.956824833704,6758.4303964746,0.7652245737288071,0.0
9q5cts,2020-02,10261.13486726534,7570.559016858026,0.7377896416710513,9.094947017729282e-13
9q5cts,2020-03,9716.975889042398,9998.515368017826,1.0289739814310863,0.0
9q5cts,2020-04,10944.318240947163,11113.964595695044,1.0155008609045344,1.8189894035458565e-12
9q5cts,2020-05,14522.34991764894,12575.004534191205,0.8659070057876007,0.0
9q5cts,2020-06,12961.826995103593,12606.70345080972,0.9726023542492873,0.0
9q5cts,2020-07,14915.359223813733,13075.13343891103,0.8766220942258893,0.0
9q5cts,2020-08,13899.586472099994,12446.546716378656,0.8954616557378913,0.0
9q5cts,2020-09,11959.705870540753,11044.27701867042,0.9234572436998452,0.0
9q5cts,2020-10,10741.166410995203,10068.18388021327,0.9373454888388066,0.0
9q5cts,2020-11,10561.856475911527,8163.238550805652,0.772898076150115,0.0
9q5cts,2020-12,9533.115715202537,7311.3639778474035,0.766943798467474,0.0
9q5cts,2021-01,10012.43718051318,7744.716372406686,0.773509609376619,0.0
9q5cts,2021-02,11507.354028022735,8281.393372529701,0.7196609535400434,0.0
9q5cts,2021-03,13881.390687754449,11694.695706244824,0.8424729171091891,0.0
9q5cts,2021-04,13829.421611873553,13055.803859609396,0.9440600067033931,0.0
9q5cts,2021-05,14287.396503607497,14399.191310658289,1.007824715092254,1.8189894035458565e-12
9q5cts,2021-06,16084.487240595725,14483.222964800409,0.9004466693999498,0.0
9q5cts,2021-07,16249.031037239902,14825.199720090195,0.9123743862703851,0.0
9q5cts,2021-08,15154.098913358474,14037.945604197816,0.9263464416101469,0.0
9q5cts,2021-09,14230.904469154,12521.394051228364,0.879873382494341,0.0
9q5cts,2021-10,13147.89185027318,11204.70699215102,0.8522055946115965,0.0
9q5cts,2021-11,12069.2885985545,9440.972335396167,0.7822310534961342,0.0
9q5cts,2021-12,8705.12240997477,8255.021397622908,0.9482946946459806,0.0
9q5cts,2022-01,11292.180889376656,9298.810437756842,0.8234733864832863,0.0
9q5cts,2022-02,13950.132721297761,9936.460745064309,0.7122843161122222,0.0
9q5cts,2022-03,16636.881775442384,14216.764486745442,0.8545329995510779,0.0
9q5cts,2022-04,17633.90381822807,15556.037213222156,0.8821663866138345,0.0
9q5cts,2022-05,18056.445690704353,17252.400895316732,0.9554704835513917,0.0
9q5cts,2022-06,18644.170892821083,17238.087565876765,0.9245832204055945,0.0
9q5cts,2022-07,19261.828703854222,17770.5105849775,0.9225765039340053,0.0
9q5cts,2022-08,18874.47161007145,17265.19658256718,0.9147380090552808,0.0
9q5cts,2022-09,16766.304818384717,15471.482206957187,0.9227723326366033,0.0
9q5cts,2022-10,14725.495711155292,14554.315360273238,0.9883752401793594,0.0
9q5cts,2022-11,14386.14856698355,11538.043276372737,0.8020244767145488,0.0
9q5cts,2022-12,10809.332629642808,9966.4572020498,0.922023361064719,0.0
9q5cts,2023-01,14.662584686645408,,,
9q5cw0,2018-01,2381.2392407713087,7345.286686079592,3.084648766203087,0.0
9q5cw0,2018-02,3096.515991731563,8048.049432998446,2.5990660001397243,0.0
9q5cw0,2018-03,3267.7418174035397,11192.565839112365,3.4251683469918928,0.0
9q5cw0,2018-04,4029.232995795968,12726.835462599605,3.15862484891754,0.0
9q5cw0,2018-05,3445.464815959322,14015.951830043525,4.067942230935555,0.0
9q5cw0,2018-06,4239.858566992376,14335.537505586422,3.3811357806106273,0.0
9q5cw0,2018-07,4440.53355333634,14569.439164854022,3.2810109393064835,0.0
9q5cw0,2018-08,4417.404090357917,14127.584429238876,3.1981643834839204,0.0
9q5cw0,2018-09,4128.222162202055,12816.678103783925,3.1046483450268862,0.0
9q5cw0,2018-10,3671.4365438701575,11713.233927570815,3.190368071900158,0.0
9q5cw0,2018-11,3137.193620542345,9265.480085127718,2.9534294678075814,0.0
9q5cw0,2018-12,2825.0640856189407,8362.865561654053,2.960239239961114,0.0
9q5cw0,2019-01,2687.163754258681,8726.257343178495,3.247385772210166,0.0
9q5cw0,2019-02,2868.4200320501845,9172.230966324623,3.1976596397455888,0.0
9q5cw0,2019-03,3992.1271150525035,13392.024931655811,3.354608845284648,0.0
9q5cw0,2019-04,4457.3183619381825,15029.510732634348,3.3718728419701756,0.0
9q5cw0,2019-05,4377.190124203999,16350.794078707386,3.7354543930578776,0.0
9q5cw0,2019-06,4224.726885470121,16726.329843144922,3.9591505667906968,0.0
9q5cw0,2019-07,5301.582037501086,17433.753668705976,3.2884059032543838,0.0
9q5cw0,2019-08,5514.244311514674,16889.692187937322,3.0629205442836094,0.0
9q5cw0,2019-09,4589.986301277134,14988.130815537006,3.265397722726679,0.0
9q5cw0,2019-10,4824.357110695564,13708.359980305753,2.841489480518434,0.0
9q5cw0,2019-11,3521.5904221864403,10649.586756913985,3.0240844278256542,0.0
9q5cw0,2019-12,2795.87921837482,9501.732586664431,3.39847748937723,0.0
9q5cw0,2020-01,3648.41878692127,10278.113458506275,2.8171419068860497,0.0
9q5cw0,2020-02,4336.114560150932,11513.185748006388,2.655184863844011,0.0
9q5cw0,2020-03,4131.061940566661,15205.58315177909,3.680792825317291,0.0
9q5cw0,2020-04,4639.248253689078,16901.94059673406,3.643249869910244,0.0
9q5cw0,2020-05,6194.760250916484,19123.866898306354,3.087103636573679,0.0
9q5cw0,2020-06,5529.240036181773,19172.07410654908,3.4673976859554814,0.0
9q5cw0,2020-07,6368.582975516788,19884.454982378393,3.1222730486234798,0.0
9q5cw0,2020-08,5953.683446506022,18928.51029201531,3.179294039074868,0.0
9q5cw0,2020-09,5119.188688908066,16795.960837930732,3.280981002775529,0.0
9q5cw0,2020-10,4578.511131827573,15311.53391709342,3.344216815517847,1.8189894035458565e-12
9q5cw0,2020-11,4523.144460049387,12414.523357050331,2.744666562543258,0.0
9q5cw0,2020-12,4065.687767090347,11119.006055008029,2.7348401284059904,0.0
9q5cw0,2021-01,4311.736165565599,11778.041484465,2.731623882399585,0.0
9q5cw0,2021-02,4922.1921697885045,12594.211330752456,2.558659007271876,0.0
9q5cw0,2021-03,5980.289447409626,17785.107233506482,2.973954252533736,0.0
9q5cw0,2021-04,5970.94017177292,19855.058865600888,3.3252818307347787,0.0
9q5cw0,2021-05,6090.065654929321,21898.061135449883,3.5957019802775876,0.0
9q5cw0,2021-06,6886.933247188217,22025.85513860026,3.19820947118849,0.0
9q5cw0,2021-07,6936.197424242079,22545.927949126464,3.2504737927914538,0.0
9q5cw0,2021-08,6534.396603377175,21348.684410443475,3.2671240676468623,0.0
9q5cw0,2021-09,6054.861872526012,19042.336928456425,3.1449663641149592,0.0
9q5cw0,2021-10,5631.640758913032,17039.940190065343,3.025750561787296,0.0
9q5cw0,2021-11,5113.32773829021,14357.680575128416,2.807893667290985,0.0
9q5cw0,2021-12,3663.0494719389562,12554.10525074336,3.4272278730917916,0.0
9q5cw0,2022-01,4824.095652897326,14141.48302219131,2.9314267460053394,0.0
9q5cw0,2022-02,5970.706513644308,15111.211468129914,2.5308916848613556,0.0
9q5cw0,2022-03,7135.708387143347,21620.629323023553,3.029920527859321,0.0
9q5cw0,2022-04,7597.226451673426,23657.373985185208,3.1139487727095783,0.0
9q5cw0,2022-05,7743.622185591931,26237.176893350443,3.3882305030542814,0.0
9q5cw0,2022-06,7937.444597496328,26215.409409582368,3.302751797203268,0.0
9q5cw0,2022-07,8207.119729721533,27025.109869187945,3.292886025692829,0.0
9q5cw0,2022-08,8081.99322874655,26256.636371013818,3.248782277820097,0.0
9q5cw0,2022-09,7158.884611394165,23528.784076449978,3.286655024303826,0.0
9q5cw0,2022-10,6318.483195059863,22133.971322956895,3.5030513874378033,0.0
9q5cw0,2022-11,6163.1096805343495,17546.87270961231,2.8470810384946734,0.0
9q5cw0,2022-12,4586.588355541167,15156.829602839254,3.304597759362452,0.0
9q5cw0,2023-01,6.254763600831532,,,
9q5dy2,2018-01,15335.07167935906,13172.699658484906,0.8589917239327484,0.0
9q5dy2,2018-02,20033.621614419862,14433.002079883629,0.7204389879009693,0.0
9q5dy2,2018-03,19499.572077329343,20072.233325604426,1.0293678879723147,0.0
9q5dy2,2018-04,26173.002598718973,22823.721975276327,0.8720330000041121,0.0
9q5dy2,2018-05,23186.970985497286,25135.56403929782,1.0840382754185236,3.637978807091713e-12
9q5dy2,2018-06,27239.426350139587,25708.69430622924,0.9438045418345419,0.0
9q5dy2,2018-07,27941.187611396843,26128.16279518455,0.9351128219234037,0.0
9q5dy2,2018-08,28433.276046624953,25335.760813656972,0.8910602060807672,0.0
9q5dy2,2018-09,27348.503372366733,22984.84164009335,0.8404423937624872,0.0
9q5dy2,2018-10,24193.063673494064,21005.9755529866,0.8682643850518511,0.0
9q5dy2,2018-11,19958.919509145893,16616.286275710117,0.8325243392106441,0.0
9q5dy2,2018-12,18459.514483872503,14997.578860567544,0.8124579264351973,1.8189894035458565e-12
9q5dy2,2019-01,17629.93173673129,15649.26898526411,0.8876534077928081,0.0
9q5dy2,2019-02,18100.012944354126,16449.057590444583,0.9087870622532057,0.0
9q5dy2,2019-03,24619.434219512816,24016.64220648669,0.9755156025255703,0.0
9q5dy2,2019-04,27849.125322850257,26953.23400653207,0.9678305402438221,0.0
9q5dy2,2019-05,26844.062168754495,29322.762852092703,1.0923370191797321,0.0
9q5dy2,2019-06,29572.690192614904,29996.231437781833,1.0143220397741393,0.0
9q5dy2,2019-07,33825.803878004546,31264.892823460963,0.9242911989976731,0.0
9q5dy2,2019-08,34895.52864255083,30289.19796113542,0.867996535355577,0.0
9q5dy2,2019-09,29284.742518134517,26879.025164438903,0.9178508278771487,0.0
9q5dy2,2019-10,30815.728286610476,24583.942948500604,0.79777257638861,0.0
9q5dy2,2019-11,22685.70629990361,19098.479587143254,0.8418728222371636,0.0
9q5dy2,2019-12,18206.386919420205,17039.970657179765,0.9359336771539081,0.0
9q5dy2,2020-01,24824.24876256633,18432.29644137918,0.7425117520242595,0.0
9q5dy2,2020-02,28195.021938625356,20647.21833910918,0.7323001338340448,0.0
9q5dy2,2020-03,25018.627664581738,27268.9941932559,1.08994764056783,0.0
9q5dy2,2020-04,29335.707739239526,30311.16369470979,1.0332514887365574,3.637978807091713e-12
9q5dy2,2020-05,39498.046469538465,34295.86423599277,0.8682926701816075,0.0
9q5dy2,2020-06,35969.46775524562,34382.3168283414,0.9558750510932217,0.0
9q5dy2,2020-07,40958.87088984612,35659.867960216485,0.8706262449499486,0.0
9q5dy2,2020-08,37168.860050230665,33945.52067406622,0.9132784978659995,0.0
9q5dy2,2020-09,32905.92459164575,30121.104464585984,0.9153702513569004,0.0
9q5dy2,2020-10,29535.490058953983,27459.00142778866,0.9296951353432574,0.0
9q5dy2,2020-11,29503.659102612954,22263.635794582216,0.7546059191217562,0.0
9q5dy2,2020-12,26198.615920787593,19940.3145885474,0.7611209175644095,0.0
9q5dy2,2021-01,26879.94129067922,21122.19844789214,0.7857977894920621,0.0
9q5dy2,2021-02,32391.01760508063,22585.879950730076,0.6972883725390403,0.0
9q5dy2,2021-03,36761.954520346815,31894.994163389107,0.8676087705221449,0.0
9q5dy2,2021-04,38287.48975662985,35607.15031501284,0.9299943804450412,0.0
9q5dy2,2021-05,42585.02520027349,39270.97671859293,0.9221780786533554,0.0
9q5dy2,2021-06,43613.890113948604,39500.156612258026,0.9056783632245883,0.0
9q5dy2,2021-07,43858.66587846947,40432.83129554698,0.9218892204241841,0.0
9q5dy2,2021-08,42174.62769368136,38285.74974146402,0.9077910543641864,0.0
9q5dy2,2021-09,39216.19122997102,34149.65213401535,0.8708049166160848,0.0
9q5dy2,2021-10,34905.83808279595,30558.645824902353,0.8754594504339892,0.0
9q5dy2,2021-11,32980.30502515479,25748.40466976704,0.7807206346371925,0.0
9q5dy2,2021-12,23503.726898833993,22513.955549543636,0.9578887487269324,0.0
9q5dy2,2022-01,32513.17125693879,25360.685911677305,0.7800126819762302,0.0
9q5dy2,2022-02,36497.62425232081,27099.752351772426,0.7425072975825051,0.0
9q5dy2,2022-03,45384.6490637701,38773.44325298606,0.854329471590832,0.0
9q5dy2,2022-04,47032.44194172196,42426.04755044983,0.9020592127242739,0.0
9q5dy2,2022-05,51618.7928999016,47052.5475551058,0.9115390909343696,0.0
9q5dy2,2022-06,51243.190121797496,47013.51074983838,0.917458703060723,0.0
9q5dy2,2022-07,52606.71626021693,48465.59035184153,0.921281421788589,0.0
9q5dy2,2022-08,51968.60967821181,47087.44528826799,0.9060747551229895,0.0
9q5dy2,2022-09,45297.55050848848,42195.4403162773,0.9315170432531477,0.0
9q5dy2,2022-10,42261.28201709662,39694.04720980958,0.9392532671808564,0.0
9q5dy2,2022-11,39519.15617732563,31467.75531408899,0.7962658709839512,0.0
9q5dy2,2022-12,28118.15514920707,27181.56181860308,0.9666907972577141,0.0
9q5dy2,2023-01,15.823474394574802,,,
9q5epc,2018-01,2110.837219279612,1790.6612368683384,0.8483180135886824,0.0
9q5epc,2018-02,2755.928941780372,1961.983346324948,0.7119136188821605,0.0
9q5epc,2018-03,2704.3674517674385,2728.5652209025416,1.0089476632028271,0.0
9q5epc,2018-04,3604.586752392555,3102.595161339016,0.8607353281980686,0.0
9q5epc,2018-05,3112.6345876775526,3416.860731581367,1.097739113067817,4.547473508864641e-13
9q5epc,2018-06,3758.8121984175036,3494.7705131202665,0.9297539564736963,0.0
9q5epc,2018-07,3794.5474059990943,3551.7919273127773,0.9360251822648135,0.0
9q5epc,2018-08,3871.9782532931154,3444.074940732496,0.8894871601624602,0.0
9q5epc,2018-09,3753.7932770274388,3124.4973336928224,0.8323573258053932,0.0
9q5epc,2018-10,3342.977907917272,2855.495619009916,0.8541772328938108,0.0
9q5epc,2018-11,2783.938399661915,2258.7731069580714,0.8113588674348469,0.0
9q5epc,2018-12,2568.293211761796,2038.7303900302536,0.7938074907855738,0.0
9q5epc,2019-01,2422.7559883426966,2127.3193865912103,0.8780576322283361,0.0
9q5epc,2019-02,2396.1142418697987,2236.0404908534774,0.9331944411417511,0.0
9q5epc,2019-03,3318.931526915153,3264.757517734083,0.9836772742246289,0.0
9q5epc,2019-04,3804.2079815699117,3663.949880816588,0.9631308010937293,0.0
9q5epc,2019-05,3662.5669150134268,3986.057236437784,1.0883233887409185,0.0
9q5epc,2019-06,4075.34664141222,4077.6067382033752,1.0005545778040545,0.0
9q5epc,2019-07,4589.007001475335,4250.06514270241,0.926140479048309,0.0
9q5epc,2019-08,4745.551538223296,4117.431816636059,0.8676403118735486,0.0
9q5epc,2019-09,3944.483562601369,3653.862131121063,0.9263220579150689,0.0
9q5epc,2019-10,4197.13566400394,3341.874849390289,0.7962275029733591,0.0
9q5epc,2019-11,3090.415201914479,2596.195765974986,0.8400799233600297,0.0
9q5epc,2019-12,2489.2018560727993,2316.367618199778,0.9305664032624092,0.0
9q5epc,2020-01,3366.329989249098,2505.636627248525,0.7443229378137818,0.0
9q5epc,2020-02,3862.1266397621393,2806.7271316844353,0.7267309939524138,0.0
9q5epc,2020-03,3323.3261266121294,3706.8734683249745,1.1154106840858984,4.547473508864641e-13
9q5epc,2020-04,3967.4081192498265,4120.417779169993,1.0385666549346828,0.0
9q5epc,2020-05,5378.991829534333,4662.087215564355,0.8667213788960074,0.0
9q5epc,2020-06,4880.555396274546,4673.839347622247,0.9576449744203107,0.0
9q5epc,2020-07,5577.958438318221,4847.506200224662,0.8690466689253796,0.0
9q5epc,2020-08,5031.722401843212,4614.462457375614,0.9170741326439733,0.0
9q5epc,2020-09,4472.655689078384,4094.581640419762,0.9154698964237674,0.0
9q5epc,2020-10,4043.248477162803,3732.702538934901,0.9231939516005665,0.0
9q5epc,2020-11,3973.2207048485466,3026.4585576756535,0.7617141816417212,0.0
9q5epc,2020-12,3600.3821207823903,2710.632543851601,0.7528735708926807,0.0
9q5epc,2021-01,3635.628394905168,2871.2946456437553,0.7897657113877422,0.0
9q5epc,2021-02,4450.447604185145,3070.2635584865266,0.689877475604766,0.0
9q5epc,2021-03,5013.311969732556,4335.719418132683,0.8648413352907659,0.0
9q5epc,2021-04,5213.008625125645,4840.339905826965,0.9285117777280297,0.0
9q5epc,2021-05,5811.439191819865,5338.390578020018,0.9186004364520055,0.0
9q5epc,2021-06,5897.207251839978,5369.54467418066,0.9105233112682816,0.0
9q5epc,2021-07,5931.26519824204,5496.329953225432,0.9266707472217702,0.0
9q5epc,2021-08,5694.794025823123,5204.461481995625,0.9138981073583912,0.0
9q5epc,2021-09,5369.551674379885,4642.211537065653,0.8645436003931872,0.0
9q5epc,2021-10,4836.075631810543,4154.059831964234,0.8589732974066466,0.0
9q5epc,2021-11,4575.814785831457,3500.168632756532,0.7649279519779618,0.0
9q5epc,2021-12,3215.5187150904985,3060.486349521881,0.9517862033142438,0.0
9q5epc,2022-01,4425.890314573907,3447.463191281532,0.778931005119911,0.0
9q5epc,2022-02,5045.710890803221,3683.867189197865,0.7300987450375767,0.0
9q5epc,2022-03,6130.964610752428,5270.757221608288,0.8596946086370298,0.0
9q5epc,2022-04,6387.729340334145,5767.282390985707,0.9028689356903807,0.0
9q5epc,2022-05,7054.004463156909,6396.196314136786,0.9067468481972393,0.0
9q5epc,2022-06,6954.442255141684,6390.889756193781,0.9189651048534846,0.0
9q5epc,2022-07,7139.881612002619,6588.2815379520025,0.9227438066867468,0.0
9q5epc,2022-08,7031.759065129326,6400.940217789661,0.9102900367465786,0.0
9q5epc,2022-09,6111.225086130163,5735.934266009049,0.9385899202153654,0.0
9q5epc,2022-10,5744.550569808736,5395.901638677696,0.939307883724897,0.0
9q5epc,2022-11,5316.8764519182505,4277.641722128041,0.804540365158331,0.0
9q5epc,2022-12,3878.6655631705717,3694.988147305201,0.9526441728801115,0.0
9q5epc,2023-01,5.767224287575711,,,
9q5epx,2018-01,14629.131832105357,12327.14227120584,0.8426434605061437,0.0
9q5epx,2018-02,18931.491548701226,13506.545708322856,0.713443294923556,0.0
9q5epx,2018-03,18432.290823267074,18783.793931427423,1.0190699632254416,0.0
9q5epx,2018-04,24845.960142381395,21358.664149489825,0.8596433394842705,0.0
9q5epx,2018-05,21337.111993824852,23522.108756183978,1.1024035850302272,3.637978807091713e-12
9q5epx,2018-06,26119.473402364092,24058.449713130263,0.9210924486307873,0.0
9q5epx,2018-07,26160.51208640566,24450.992462581715,0.9346526697116033,0.0
9q5epx,2018-08,26869.758877674194,23709.45487229862,0.882384355596081,0.0
9q5epx,2018-09,26014.89983923455,21509.44152105231,0.8268123903599544,0.0
9q5epx,2018-10,23238.71341604481,19657.59911791086,0.8458987709852549,0.0
9q5epx,2018-11,19352.355790078454,15549.68459391132,0.8035034474657248,1.8189894035458565e-12
9q5epx,2018-12,17732.24465409188,14034.8822284702,0.7914893180334911,0.0
9q5epx,2019-01,16841.31668958807,14644.740275199432,0.8695721685616989,0.0
9q5epx,2019-02,16967.593618674957,15393.19034075592,0.9072111630380981,0.0
9q5epx,2019-03,23065.633699571765,22475.01066839476,0.9743938086041846,0.0
9q5epx,2019-04,26873.05642109447,25223.102240367905,0.9386019158047313,0.0
9q5epx,2019-05,25695.049327975576,27440.53070622816,1.0679306490512235,0.0
9q5epx,2019-06,28864.995112273205,28070.769251569174,0.9724848087583312,0.0
9q5epx,2019-07,31881.402031167014,29257.995089909637,0.9177135642060925,0.0
9q5epx,2019-08,32768.47834924187,28344.930213840416,0.8650059948388236,0.0
9q5epx,2019-09,27435.86465079868,25153.65687396766,0.9168166264894959,0.0
9q5epx,2019-10,29304.294908267406,23005.8962984229,0.7850690955178865,0.0
9q5epx,2019-11,21542.718541529786,17872.54557821704,0.8296327849134996,0.0
9q5epx,2019-12,17396.68608867857,15946.17261716174,0.9166212769418886,0.0
9q5epx,2020-01,23686.4298459328,17249.124819418856,0.7282281429331026,0.0
9q5epx,2020-02,26963.69488925529,19321.87057851159,0.7165883851552972,0.0
9q5epx,2020-03,23666.758840365062,25518.593737649557,1.0782462402129218,0.0
9q5epx,2020-04,28105.855944319537,28365.48596398145,1.0092375773993956,0.0
9q5epx,2020-05,37418.27248235552,32094.408034174296,0.8577201967116019,0.0
9q5epx,2020-06,34291.38625426497,32175.311222831577,0.9382913535270039,0.0
9q5epx,2020-07,38589.33307682094,33370.856173347485,0.8647689273850657,0.0
9q5epx,2020-08,34808.0115909718,31766.553073259904,0.9126218827592909,3.637978807091713e-12
9q5epx,2020-09,30976.20999596843,28187.626661755356,0.9099766131952227,0.0
9q5epx,2020-10,28332.96890417043,25696.40438188868,0.906943584655766,0.0
9q5epx,2020-11,27466.27735874845,20834.529977106613,0.7585494643113869,0.0
9q5epx,2020-12,25105.02031860936,18660.34307609024,0.7432912954967045,0.0
9q5epx,2021-01,24970.14271045315,19766.361649344508,0.7915998670311882,0.0
9q5epx,2021-02,30863.744780501802,21136.08923693082,0.6848193369679354,0.0
9q5epx,2021-03,34823.68728194331,29847.650138908528,0.8571076892935762,0.0
9q5epx,2021-04,36358.85770941774,33321.522480977925,0.9164623032793168,0.0
9q5epx,2021-05,41443.738488599345,36750.16736812075,0.8867483655759062,0.0
9q5epx,2021-06,40633.443852969,36964.636173161,0.9097096546115195,0.0
9q5epx,2021-07,40887.313253934255,37837.44234135213,0.9254078913515145,0.0
9q5epx,2021-08,39746.562428462516,35828.18224499716,0.9014158723658727,0.0
9q5epx,2021-09,37596.96255484881,31957.581306959975,0.8500043390563333,0.0
9q5epx,2021-10,34079.60233250301,28597.08218249082,0.8391260526891975,0.0
9q5epx,2021-11,31921.881881070105,24095.611063017757,0.7548305313825067,0.0
9q5epx,2021-12,23076.14998882756,21068.781672864,0.9130111254721676,0.0
9q5epx,2022-01,30904.29352360096,23732.78002487829,0.7679444283932284,0.0
9q5epx,2022-02,35187.18981930944,25360.21555304836,0.7207229586470587,0.0
9q5epx,2022-03,42827.17675962697,36284.57064351377,0.8472323741339659,0.0
9q5epx,2022-04,45378.17153277373,39702.713773062096,0.8749297830210585,0.0
9q5epx,2022-05,49733.71573635974,44032.23811155963,0.8853599104675014,0.0
9q5epx,2022-06,48205.955312221726,43995.7070841453,0.9126612427695423,0.0
9q5epx,2022-07,49472.45259969397,45354.577498493425,0.9167642822457115,0.0
9q5epx,2022-08,48598.33040965429,44064.89575447156,0.9067162468963719,0.0
9q5epx,2022-09,43500.05093305023,39486.9092486962,0.9077439773454392,0.0
9q5epx,2022-10,40765.30583692664,37146.08090681721,0.911218011105144,0.0
9q5epx,2022-11,37577.50844929207,29447.83580960236,0.7836558895153979,0.0
9q5epx,2022-12,28258.076949984166,25436.773659047787,0.9001594023567141,0.0
9q5epx,2023-01,40.13814894414011,,,
9q5evq,2018-01,27821.444568514948,23694.072460768584,0.8516478144194842,0.0
9q5evq,2018-02,37039.695200980015,25961.010724700584,0.7008969858913335,0.0
9q5evq,2018-03,36878.715522412975,36104.44048650137,0.9790048263627555,0.0
9q5evq,2018-04,48487.28095342113,41053.61363479486,0.8466883031496992,0.0
9q5evq,2018-05,43453.384699939044,45211.98320237964,1.0404709210705758,0.0
9q5evq,2018-06,49935.91879844653,46242.88730147868,0.926044587026148,0.0
9q5evq,2018-07,49421.37276161728,46997.39602254516,0.950952865053666,0.0
9q5evq,2018-08,51189.350430429404,45572.08227098799,0.8902649064266648,0.0
9q5evq,2018-09,49298.124278564006,41343.42370501613,0.8386409079461312,0.0
9q5evq,2018-10,44368.74821532342,37783.98656049251,0.8515900961894443,0.0
9q5evq,2018-11,36258.45681735203,29888.139960129734,0.8243081086072674,0.0
9q5evq,2018-12,33879.9879087579,26976.52944888068,0.7962378712038237,0.0
9q5evq,2019-01,31394.634357648938,28148.741177444736,0.8966099383981716,0.0
9q5evq,2019-02,32363.67028559802,29587.341438268017,0.9142146480040776,0.0
9q5evq,2019-03,46343.79644034327,43199.34982638932,0.9321495678930473,0.0
9q5evq,2019-04,51855.955945251204,48481.47275501435,0.9349258319757988,0.0
9q5evq,2019-05,49900.23439329905,52743.60501492898,1.0569811075278588,0.0
9q5evq,2019-06,55934.142633580144,53954.99021941067,0.9646163806043343,0.0
9q5evq,2019-07,60507.472734312534,56236.96396661427,0.9294217957763662,0.0
9q5evq,2019-08,61795.44214146016,54481.95661300396,0.8816500817048222,0.0
9q5evq,2019-09,53819.513876186276,48347.99140894474,0.8983357136998864,0.0
9q5evq,2019-10,55809.760215688206,44219.76820962236,0.7923303744493085,0.0
9q5evq,2019-11,41649.67874504808,34352.92468213231,0.8248064743168443,0.0
9q5evq,2019-12,33846.13349176696,30650.23191510508,0.9055755784500679,0.0
9q5evq,2020-01,45515.26775507368,33154.64398515237,0.728429066122687,0.0
9q5evq,2020-02,51751.20810319713,37138.68076579463,0.7176389136991034,0.0
9q5evq,2020-03,47419.41623689837,49049.43869505923,1.0343745787594174,7.275957614183426e-12
9q5evq,2020-04,56034.83803581178,54521.46694091383,0.9729923178517843,0.0
9q5evq,2020-05,72538.41272044792,61688.84992294425,0.8504301046768663,0.0
9q5evq,2020-06,65455.98097048305,61844.35441637664,0.944823582191289,0.0
9q5evq,2020-07,73062.76120253826,64142.318377886026,0.8779071215235933,0.0
9q5evq,2020-08,65390.067511819856,61058.67797963235,0.9337607423114441,0.0
9q5evq,2020-09,59468.94617898049,54179.60253292282,0.9110570476541048,0.0
9q5evq,2020-10,54472.94228655762,49391.209577248104,0.9067108825776877,0.0
9q5evq,2020-11,52657.62173776802,40046.172267899856,0.7605009673115799,0.0
9q5evq,2020-12,48584.52411829599,35867.15487339252,0.7382423832342457,0.0
9q5evq,2021-01,48773.17534677309,37993.03966007626,0.7789740854465392,0.0
9q5evq,2021-02,59103.734165673,40625.801089916495,0.687364371530888,0.0
9q5evq,2021-03,68749.46525079967,57370.34339474601,0.8344842128656222,0.0
9q5evq,2021-04,73002.78859930945,64047.493798430005,0.8773294147702714,0.0
9q5evq,2021-05,80220.5067450958,70637.71224573109,0.8805443285241956,0.0
9q5evq,2021-06,77584.28431801758,71049.94399380364,0.9157775265744578,0.0
9q5evq,2021-07,77496.26933234805,72727.56984887568,0.9384654316323089,0.0
9q5evq,2021-08,75613.03080972873,68865.55923293845,0.9107631118005375,0.0
9q5evq,2021-09,73375.6757063575,61425.854468048055,0.8371419258047925,0.0
9q5evq,2021-10,67910.81868803149,54966.61939087126,0.8093941503396792,0.0
9q5evq,2021-11,61196.23216615812,46314.315350056575,0.7568164527565255,0.0
9q5evq,2021-12,45566.88508673219,40496.42882625062,0.8887249753668605,0.0
9q5evq,2022-01,59842.29897877636,45616.9156835683,0.7622854813740825,0.0
9q5evq,2022-02,69100.50997104873,48745.01905751588,0.7054219871595556,0.0
9q5evq,2022-03,83181.02988481079,69742.78605054124,0.8384458108672271,0.0
9q5evq,2022-04,87916.14450893943,76312.81900797493,0.8680182625639975,0.0
9q5evq,2022-05,97341.87863193412,84634.6231325725,0.8694574660161443,0.0
9q5evq,2022-06,92737.39990336222,84564.40663051725,0.9118695016103351,0.0
9q5evq,2022-07,94511.69859879189,87176.29942399675,0.9223863364689447,0.0
9q5evq,2022-08,91636.10644481271,84697.39457955747,0.9242797175212366,0.0
9q5evq,2022-09,81735.58381965874,75898.0198659523,0.9285798953050065,0.0
9q5evq,2022-10,78131.16416760389,71398.6999805758,0.91383125723577,0.0
9q5evq,2022-11,73140.9958254266,56601.85792739143,0.7738732196440026,0.0
9q5evq,2022-12,55425.16958593801,48892.17184208679,0.8821294045168115,0.0
9q5evq,2023-01,77.41923661917082,,,
9q5f6t,2018-01,1694.5064458259553,13533.282796836196,7.98656318491586,0.0
9q5f6t,2018-02,2226.0131515269504,14828.084129935753,6.661274269545226,0.0
9q5f6t,2018-03,2283.2652871174605,20621.68097672458,9.031662283430368,0.0
9q5f6t,2018-04,2915.391865645647,23448.4875519667,8.042996836301374,0.0
9q5f6t,2018-05,2476.062174326615,25823.612867594133,10.42930712134362,0.0
9q5f6t,2018-06,3046.361218836661,26412.431726514445,8.670157551638205,3.637978807091713e-12
9q5f6t,2018-07,3115.9675079819835,26843.382543930013,8.61478255956359,0.0
9q5f6t,2018-08,3162.3418204698914,26029.28973206828,8.231017141657569,0.0
9q5f6t,2018-09,3029.4895165737967,23614.01762891609,7.7947183839812,0.0
9q5f6t,2018-10,2699.083728686059,21580.983014281563,7.995670080522993,0.0
9q5f6t,2018-11,2217.299744358685,17071.13249617941,7.699063935587533,0.0
9q5f6t,2018-12,2067.8986150910428,15408.115363594168,7.451098062133863,0.0
9q5f6t,2019-01,1962.3795138393957,16077.644540002831,8.192933337622812,1.8189894035458565e-12
9q5f6t,2019-02,1951.991288728196,16899.326173396985,8.657480323289558,0.0
9q5f6t,2019-03,2802.4338880411538,24674.062207245363,8.804511789747178,3.637978807091713e-12
9q5f6t,2019-04,3145.9719133972562,27691.03885737992,8.802061690206592,0.0
9q5f6t,2019-05,2991.380078085087,30125.430044730598,10.070746364004403,0.0
9q5f6t,2019-06,3197.5247377810038,30817.33383523762,9.637871904823486,0.0
9q5f6t,2019-07,3744.7097562447243,32120.722946881306,8.577626849001152,3.637978807091713e-12
9q5f6t,2019-08,3891.743592686822,31118.319883150445,7.995984098650924,0.0
9q5f6t,2019-09,3299.0157546416135,27614.798658171734,8.370617393784363,0.0
9q5f6t,2019-10,3435.7061852357933,25256.891966639756,7.35129565944137,0.0
9q5f6t,2019-11,2543.0997650079644,19621.272172248187,7.7154944694773855,0.0
9q5f6t,2019-12,2039.6712556045388,17506.414609921223,8.582958926257207,0.0
9q5f6t,2020-01,2648.1005206122136,18936.85324979109,7.151108163149745,0.0
9q5f6t,2020-02,3078.6408015922134,21212.40535315794,6.890185221409167,0.0
9q5f6t,2020-03,2897.7095216722228,28015.4425114299,9.66813350403136,0.0
9q5f6t,2020-04,3304.810086576644,31140.886896140106,9.42289755850934,3.637978807091713e-12
9q5f6t,2020-05,4346.498596592701,35234.66271157468,8.106447506780693,0.0
9q5f6t,2020-06,4020.546720093384,35323.48181556298,8.785740914047263,0.0
9q5f6t,2020-07,4560.134430173621,36636.004017034946,8.033974563254286,7.275957614183426e-12
9q5f6t,2020-08,4173.910160134278,34874.72901365962,8.355409598115948,0.0
9q5f6t,2020-09,3657.870096928793,30945.625076156404,8.460012044205412,0.0
9q5f6t,2020-10,3315.0191785976717,28210.650912520276,8.509951041807854,3.637978807091713e-12
9q5f6t,2020-11,3259.6275240275477,22873.069841820175,7.0170808392115145,0.0
9q5f6t,2020-12,2968.481562930901,20486.151159672667,6.901222300146566,0.0
9q5f6t,2021-01,2971.050820882505,21700.387338755812,7.3039435024911645,0.0
9q5f6t,2021-02,3567.424866625819,23204.134954351437,6.504449518035296,0.0
9q5f6t,2021-03,4213.760157326364,32768.072377521385,7.776444589649538,0.0
9q5f6t,2021-04,4355.502516098623,36581.84330439282,8.398994873537685,0.0
9q5f6t,2021-05,4845.682474007022,40345.96152796642,8.326167004212161,0.0
9q5f6t,2021-06,4836.023450567797,40581.41488170024,8.39148430451378,0.0
9q5f6t,2021-07,4881.800735246188,41539.62015272597,8.509077368277945,0.0
9q5f6t,2021-08,4668.5085914209885,39333.76542191087,8.4253385533427,0.0
9q5f6t,2021-09,4460.617326830887,35084.448269912704,7.865379542620166,0.0
9q5f6t,2021-10,4089.9284048822287,31395.143483012333,7.676208572633039,0.0
9q5f6t,2021-11,3721.596673371193,26453.22910242487,7.108032230279893,0.0
9q5f6t,2021-12,2675.222438248972,23130.241729235488,8.64610037600277,0.0
9q5f6t,2022-01,3559.876237097745,26054.897117721433,7.319045770805552,0.0
9q5f6t,2022-02,4165.530385403127,27841.56792526047,6.683799024206626,0.0
9q5f6t,2022-03,5038.795052470464,39834.808820813436,7.9056219604095395,0.0
9q5f6t,2022-04,5415.013742430747,43587.397749740856,8.049360504517372,0.0
9q5f6t,2022-05,5872.634017691917,48340.541338059375,8.231492238819667,0.0
9q5f6t,2022-06,5752.700353054845,48300.43595807914,8.396132771356717,0.0
9q5f6t,2022-07,5848.171597169645,49792.26408799236,8.51415921381145,0.0
9q5f6t,2022-08,5795.600518554788,48376.39434496736,8.347089173949945,0.0
9q5f6t,2022-09,5204.631533222583,43350.47798416775,8.329211723721425,0.0
9q5f6t,2022-10,4799.495942192842,40780.61294711901,8.49685330257551,0.0
9q5f6t,2022-11,4453.188129737592,32329.13849765804,7.259773797062345,0.0
9q5f6t,2022-12,3375.920637577483,27925.61680504834,8.272000382416396,0.0
9q5f6t,2023-01,4.603600580725725,,,
9q5fj1,2018-01,2133.6350326932443,1820.877700975988,0.8534157309357313,0.0
9q5fj1,2018-02,2775.379932788547,1995.0907806868577,0.7188532125337886,0.0
9q5fj1,2018-03,2904.8189901653386,2774.60832015842,0.9551742568305411,0.0
9q5fj1,2018-04,3600.4785562017323,3154.949818603573,0.8762584665777977,0.0
9q5fj1,2018-05,3008.056049283352,3474.518454622957,1.1550710484436406,0.0
9q5fj1,2018-06,3755.97054385967,3553.7429226413733,0.9461583580443935,0.0
9q5fj1,2018-07,3892.810256341216,3611.726543129436,0.9277941397852857,0.0
9q5fj1,2018-08,3902.9420228831405,3502.191889202717,0.8973210128844329,0.0
9q5fj1,2018-09,3701.137010111899,3177.2215785662365,0.8584447346547102,0.0
9q5fj1,2018-10,3295.113053931813,2903.680601799996,0.8812081874809274,0.0
9q5fj1,2018-11,2803.637333182326,2296.8887120253303,0.8192531483443329,0.0
9q5fj1,2018-12,2553.9146914216894,2073.132890283882,0.8117471179625931,0.0
9q5fj1,2019-01,2436.548608553881,2163.2167794464103,0.88782007953878,0.0
9q5fj1,2019-02,2459.860276399581,2273.7724950115,0.9243502636416195,0.0
9q5fj1,2019-03,3600.3512247651993,3319.8485792501733,0.9220901995378744,0.0
9q5fj1,2019-04,3966.2800243538636,3725.7771029546752,0.9393631009604855,0.0
9q5fj1,2019-05,3862.709850555832,4053.319850345987,1.0493461862693951,4.547473508864641e-13
9q5fj1,2019-06,3858.191480902904,4146.414201677323,1.0747040996282975,0.0
9q5fj1,2019-07,4661.965499074221,4321.78275081026,0.9270301875182227,0.0
9q5fj1,2019-08,4845.173215064339,4186.911307307709,0.8641406862999242,0.0
9q5fj1,2019-09,4079.7704582280567,3715.519127802585,0.9107176900869872,0.0
9q5fj1,2019-10,4270.648183697323,3398.2672252120055,0.7957263345139212,0.0
9q5fj1,2019-11,3124.631047662188,2640.0052004809854,0.8449014172269095,0.0
9q5fj1,2019-12,2506.009445101571,2355.455100273085,0.9399226746240839,0.0
9q5fj1,2020-01,3358.129273323128,2547.917924042819,0.7587313401790091,0.0
9q5fj1,2020-02,3885.017999109035,2854.089171967851,0.7346398839393767,0.0
9q5fj1,2020-03,3724.9670711436866,3769.425003367488,1.0119351208681024,0.0
9q5fj1,2020-04,4125.9841515402995,4189.947656384824,1.0155026055591236,0.0
9q5fj1,2020-05,5498.494202206316,4740.7574788812735,0.862191957386989,0.0
9q5fj1,2020-06,4923.862757980257,4752.707921970424,0.9652397224653678,0.0
9q5fj1,2020-07,5637.8152841405035,4929.305311131237,0.8743289843137739,0.0
9q5fj1,2020-08,5199.689522466106,4692.329078011931,0.9024248578185216,0.0
9q5fj1,2020-09,4478.6571139875105,4163.675546417283,0.929670533029534,0.0
9q5fj1,2020-10,4091.728766477546,3795.689925923584,0.9276494466154916,0.0
9q5fj1,2020-11,4023.7023862904275,3077.528449902298,0.7648499204086423,0.0
9q5fj1,2020-12,3633.258728513206,2756.3730386386346,0.7586503589758364,0.0
9q5fj1,2021-01,3777.6592726418835,2919.7462286770237,0.7728982467587969,0.0
9q5fj1,2021-02,4396.661376107246,3122.0726370022826,0.710100771910374,0.0
9q5fj1,2021-03,5158.348019367214,4408.882396970583,0.8547082089880842,0.0
9q5fj1,2021-04,5243.314235532883,4922.018089294562,0.9387226986967591,0.0
9q5fj1,2021-05,5525.695351600395,5428.473103945171,0.9824054274676822,0.0
9q5fj1,2021-06,6041.6297847440765,5460.152909050119,0.9037549640723991,0.0
9q5fj1,2021-07,6079.400209711712,5589.077622821436,0.9193468812750647,0.0
9q5fj1,2021-08,5778.600264811154,5292.28402504983,0.9158418617874035,0.0
9q5fj1,2021-09,5366.604931638166,4720.546408788894,0.879615039474862,0.0
9q5fj1,2021-10,4891.19512903554,4224.157401079595,0.8636247971387979,0.0
9q5fj1,2021-11,4606.886046450942,3559.2321326999254,0.7725895749997748,4.547473508864641e-13
9q5fj1,2021-12,3206.8371004275195,3112.1304427921477,0.9704672689414919,0.0
9q5fj1,2022-01,4346.827997367864,3505.637314693051,0.806481718811009,0.0
9q5fj1,2022-02,5282.165478616651,3746.030505411947,0.7091846176680169,0.0
9q5fj1,2022-03,6258.2787289711505,5359.698470308906,0.8564173477121608,0.0
9q5fj1,2022-04,6646.923448452941,5864.602240088306,0.8823032618877658,0.0
9q5fj1,2022-05,6932.559244941233,6504.128754049097,0.9382002409565029,0.0
9q5fj1,2022-06,7016.77425482158,6498.732650739096,0.926170974685909,0.0
9q5fj1,2022-07,7241.704166290273,6699.455314724418,0.9251213748705736,0.0
9q5fj1,2022-08,7158.402724815464,6508.952708574524,0.9092744511300623,0.0
9q5fj1,2022-09,6323.029321597904,5832.725132033387,0.9224573911290023,0.0
9q5fj1,2022-10,5598.524523636353,5486.954633424296,0.980071554613895,0.0
9q5fj1,2022-11,5376.9644953219495,4349.824670471815,0.8089740362348006,0.0
9q5fj1,2022-12,4054.993900715159,3757.339123822959,0.9265955056455932,0.0
9q5fj1,2023-01,5.577348422168825,,,
9q5fm0,2018-01,2333.1051715257113,2027.692610868347,0.8690961023168781,0.0
9q5fm0,2018-02,3093.0192146268405,2221.6927758750394,0.718292587827676,0.0
9q5fm0,2018-03,3206.176805253126,3089.7477550653225,0.9636860169417227,0.0
9q5fm0,2018-04,3976.9493754215578,3513.288361658758,0.8834128951632301,0.0
9q5fm0,2018-05,3322.6758554096928,3869.153536774288,1.1644691523173611,4.547473508864641e-13
9q5fm0,2018-06,4204.035371287146,3957.376303363616,0.9413280226878752,0.0
9q5fm0,2018-07,4309.122609637804,4021.945691385678,0.933356057771523,0.0
9q5fm0,2018-08,4368.718770708577,3899.970114287786,0.8927034032120217,0.0
9q5fm0,2018-09,4160.432484745749,3538.0897434776034,0.8504139308713772,0.0
9q5fm0,2018-10,3670.9648721176923,3233.480039563211,0.8808256554353497,0.0
9q5fm0,2018-11,3088.5900309785006,2557.76885337457,0.8281347889231643,0.0
9q5fm0,2018-12,2845.162959070865,2308.598892019821,0.8114118330760682,0.0
9q5fm0,2019-01,2759.94346599123,2408.914490544223,0.872812983391696,0.0
9q5fm0,2019-02,2706.1958369470194,2532.0271012486314,0.9356407495272495,0.0
9q5fm0,2019-03,3929.2642240665427,3696.916289182524,0.9408673172292921,0.0
9q5fm0,2019-04,4400.665626722875,4148.950090033144,0.9428005765397859,0.0
9q5fm0,2019-05,4190.913355163678,4513.695074428798,1.077019420806545,0.0
9q5fm0,2019-06,4390.8244309265965,4617.363062787903,1.0515936438418467,0.0
9q5fm0,2019-07,5233.869192497773,4812.649935192876,0.919520484404029,0.0
9q5fm0,2019-08,5395.202293400146,4662.459821238113,0.864186283977084,0.0
9q5fm0,2019-09,4572.355270475919,4137.5270162005545,0.9049005974922626,0.0
9q5fm0,2019-10,4762.786364376038,3784.241708613977,0.7945436597615988,0.0
9q5fm0,2019-11,3519.748414009728,2939.856441099827,0.8352461867439885,0.0
9q5fm0,2019-12,2813.841737922608,2622.987199797049,0.9321729663920394,0.0
9q5fm0,2020-01,3722.625237178296,2837.309910990431,0.7621798408966562,0.0
9q5fm0,2020-02,4314.704569805119,3178.2560254632313,0.73661034586356,0.0
9q5fm0,2020-03,4105.836420955125,4197.5555098806935,1.0223387099538253,0.0
9q5fm0,2020-04,4577.613989119154,4665.841038210775,1.0192735886646043,0.0
9q5fm0,2020-05,6091.888116767953,5279.211725583747,0.8665969604813801,0.0
9q5fm0,2020-06,5539.179953921727,5292.519497509057,0.9554698604370065,0.0
9q5fm0,2020-07,6313.187025727681,5489.174781336242,0.8694776123321863,0.0
9q5fm0,2020-08,5783.464007529458,5225.282837033845,0.9034867045478417,0.0
9q5fm0,2020-09,5021.2773022779,4636.584947466982,0.923387550287971,0.0
9q5fm0,2020-10,4639.877765572412,4226.803596868347,0.9109730493831006,0.0
9q5fm0,2020-11,4357.2967270280415,3427.0734900313314,0.786513681469845,0.0
9q5fm0,2020-12,4072.7479990966103,3069.441314069886,0.7536536301167489,0.0
9q5fm0,2021-01,4196.546332947799,3251.3703969936173,0.7747729058694183,0.0
9q5fm0,2021-02,4922.016029160476,3476.6769966212382,0.7063522296603,0.0
9q5fm0,2021-03,5715.095600915381,4909.642341016655,0.8590656541651348,0.0
9q5fm0,2021-04,5833.311230294269,5481.059878361668,0.9396138251456143,0.0
9q5fm0,2021-05,6308.476427774864,6045.037948055104,0.9582405541598131,0.0
9q5fm0,2021-06,6708.612286615484,6080.315938823304,0.9063448115721774,0.0
9q5fm0,2021-07,6800.792732184962,6223.883894722976,0.915170354371815,0.0
9q5fm0,2021-08,6417.572438336676,5893.380541954171,0.9183192863938492,0.0
9q5fm0,2021-09,6065.069261993496,5256.705086361302,0.8667180636010582,0.0
9q5fm0,2021-10,5480.154803242329,4703.936318580291,0.8583582923236422,0.0
9q5fm0,2021-11,5156.187052973748,3963.488976756927,0.7686860340861855,0.0
9q5fm0,2021-12,3580.2105478738317,3465.6055700641973,0.9679893189863668,0.0
9q5fm0,2022-01,4913.872630026355,3903.806870487449,0.7944460844656674,0.0
9q5fm0,2022-02,5844.269778854802,4171.503869721666,0.7137767467228526,0.0
9q5fm0,2022-03,6942.85540178867,5968.451905859801,0.8596537822640183,0.0
9q5fm0,2022-04,7384.585081436607,6530.702540612763,0.8843695981010042,0.0
9q5fm0,2022-05,7731.168170190375,7242.866342782247,0.9368398388627854,0.0
9q5fm0,2022-06,7883.490241956821,7236.857351182589,0.9179763187461337,0.0
9q5fm0,2022-07,8082.797366283796,7460.378053522286,0.922994566787256,0.0
9q5fm0,2022-08,8000.433833133685,7248.238201057589,0.9059806445794367,0.0
9q5fm0,2022-09,7040.657620184739,6495.204837266643,0.9225281483146763,0.0
9q5fm0,2022-10,6378.576075206688,6110.161797467693,0.9579194048053589,0.0
9q5fm0,2022-11,5992.91338913031,4843.876850246986,0.8082674545293116,0.0
9q5fm0,2022-12,4441.247758014299,4184.096918655621,0.9420994158917064,0.0
9q5fm0,2023-01,6.2239641417920035,,,
9q5fq8,2018-01,13126.198967630531,11066.276371691629,0.843067852238206,0.0
9q5fq8,2018-02,17193.493533049357,12125.046044476723,0.7052113068917578,0.0
9q5fq8,2018-03,17841.829600831523,16862.517717477956,0.9451114652889676,0.0
9q5fq8,2018-04,21671.301458523005,19174.020645522694,0.8847655357579751,0.0
9q5fq8,2018-05,17812.823906367306,21116.180101931834,1.1854482036609435,0.0
9q5fq8,2018-06,23310.715362285773,21597.662113613405,0.9265121974144173,0.0
9q5fq8,2018-07,23820.878229132915,21950.05413258769,0.9214628411870555,0.0
9q5fq8,2018-08,24169.03535715041,21284.36376141067,0.8806459772550952,0.0
9q5fq8,2018-09,23152.945239797293,19309.375947473352,0.8339922090897844,0.0
9q5fq8,2018-10,20034.060092445012,17646.94686382035,0.8808472562421404,0.0
9q5fq8,2018-11,17218.25223638727,13959.20509579919,0.8107213731193491,1.8189894035458565e-12
9q5fq8,2018-12,15822.437894826846,12599.342342886885,0.7962958948953275,0.0
9q5fq8,2019-01,15206.19530400271,13146.821843336062,0.8645701032049378,0.0
9q5fq8,2019-02,14865.73863879022,13818.717656139772,0.9295681830488811,0.0
9q5fq8,2019-03,21081.828935937658,20176.183095909462,0.9570414007826255,0.0
9q5fq8,2019-04,23722.88696388125,22643.189654372465,0.9544871030598994,0.0
9q5fq8,2019-05,22679.18259200573,24633.811300314203,1.0861860298702946,0.0
9q5fq8,2019-06,23909.884665807087,25199.5867062757,1.0539401196825087,0.0
9q5fq8,2019-07,28935.14722415097,26265.378676031527,0.9077326779284158,0.0
9q5fq8,2019-08,29845.184434905717,25445.705466980624,0.8525899889303535,0.0
9q5fq8,2019-09,24713.084314597832,22580.847417995945,0.9137203244460105,0.0
9q5fq8,2019-10,26330.402729662783,20652.76777177338,0.7843696119583766,0.0
9q5fq8,2019-11,19152.161168543957,16044.475230580578,0.8377370621197816,0.0
9q5fq8,2019-12,15195.549680028687,14315.138851313935,0.9420612714081765,0.0
9q5fq8,2020-01,20996.513925477724,15484.820262630286,0.7374948202158739,0.0
9q5fq8,2020-02,23650.43910642893,17345.557886463048,0.7334137775796299,0.0
9q5fq8,2020-03,21878.150321165864,22908.45718373666,1.0470929602112677,3.637978807091713e-12
9q5fq8,2020-04,24016.059997539793,25464.15869864482,1.0602970970780956,3.637978807091713e-12
9q5fq8,2020-05,33566.83614020325,28811.672768766603,0.8583374569001647,0.0
9q5fq8,2020-06,29679.975911561327,28884.3008787807,0.9731915202643179,0.0
9q5fq8,2020-07,34920.3125912578,29957.56105101811,0.8578835304732609,0.0
9q5fq8,2020-08,32081.87796774392,28517.35203104108,0.8888928528346526,0.0
9q5fq8,2020-09,27682.67071672322,25304.49150649213,0.9140914099449797,0.0
9q5fq8,2020-10,25609.455389475283,23068.080694822023,0.9007642038456746,0.0
9q5fq8,2020-11,24156.32853143619,18703.49686313813,0.7742690218340946,0.0
9q5fq8,2020-12,22365.363462289515,16751.6938741713,0.7490016382884416,0.0
9q5fq8,2021-01,23586.160401271547,17744.58475955073,0.7523303690665186,0.0
9q5fq8,2021-02,26979.323434991038,18974.211521753896,0.7032871512687805,0.0
9q5fq8,2021-03,30917.43211672867,26794.72161640037,0.866654174746369,0.0
9q5fq8,2021-04,31336.36898907959,29913.27339194949,0.9545864551944089,0.0
9q5fq8,2021-05,33060.25125724875,32991.22374465507,0.9979120693289184,0.0
9q5fq8,2021-06,36922.25967723611,33183.75588369152,0.8987466144752373,0.0
9q5fq8,2021-07,37557.609909157974,33967.28819504331,0.9044049468856321,0.0
9q5fq8,2021-08,35274.69498548172,32163.542684551943,0.9118021487581889,0.0
9q5fq8,2021-09,33065.53931909036,28688.841187441827,0.8676356647501693,0.0
9q5fq8,2021-10,29622.95612752471,25672.066395682592,0.8666274319539947,0.0
9q5fq8,2021-11,28614.083888957197,21631.022462602057,0.7559571904012605,0.0
9q5fq8,2021-12,20016.112834941534,18913.788425347466,0.9449281477035955,0.0
9q5fq8,2022-01,26667.37728253913,21305.303130745397,0.7989275775047951,0.0
9q5fq8,2022-02,32010.814797235114,22766.2785081374,0.7112058425361857,0.0
9q5fq8,2022-03,38119.28914367565,32573.249982456317,0.8545083267341183,0.0
9q5fq8,2022-04,39008.59080610989,35641.77273634197,0.9136903435834811,0.0
9q5fq8,2022-05,41410.15164612995,39528.457243885365,0.954559586781411,0.0
9q5fq8,2022-06,42960.82773385238,39495.662745646056,0.919341289006966,0.0
9q5fq8,2022-07,44682.53179205166,40715.542846617784,0.9112183489535491,0.0
9q5fq8,2022-08,44200.24355140097,39557.77454177651,0.8949673432404127,0.0
9q5fq8,2022-09,38624.99224624969,35448.04150031391,0.9177488314902058,0.0
9q5fq8,2022-10,34543.64983875712,33346.64177602991,0.9653479563301908,0.0
9q5fq8,2022-11,32959.06461247123,26435.80178176851,0.8020798554994667,0.0
9q5fq8,2022-12,24336.216325758043,22835.0059666873,0.9383137321358445,0.0
9q5fq8,2023-01,34.73333053611291,,,
9q5g0q,2018-01,1730.6826178598333,1477.7529641091198,0.8538555532131669,0.0
9q5g0q,2018-02,2253.133228778958,1619.1374704882833,0.7186159476977505,0.0
9q5g0q,2018-03,2203.675012379121,2251.763348608332,1.0218218820647669,0.0
9q5g0q,2018-04,2935.752290310647,2560.433599443832,0.8721558722425111,0.0
9q5g0q,2018-05,2504.6480145141404,2819.7829774173406,1.1258200597756771,0.0
9q5g0q,2018-06,3116.290972397148,2884.07845007947,0.9254843259584797,0.0
9q5g0q,2018-07,3130.7035951965977,2931.1356835224874,0.9362546131865358,0.0
9q5g0q,2018-08,3218.1699563808043,2842.241652129761,0.8831856895855752,0.0
9q5g0q,2018-09,3101.3486487481846,2578.5084867814676,0.8314152257026136,0.0
9q5g0q,2018-10,2747.3414523424767,2356.513352783753,0.8577431650421572,0.0
9q5g0q,2018-11,2309.0869727959716,1864.0648411504544,0.8072735514562885,0.0
9q5g0q,2018-12,2108.6270257258175,1682.4733874037988,0.7978999447873761,0.0
9q5g0q,2019-01,2023.8085306918988,1755.5819405795842,0.8674644433776483,0.0
9q5g0q,2019-02,1985.9682615062145,1845.3046255726224,0.929171256832217,0.0
9q5g0q,2019-03,2710.556106877374,2694.2589695896813,0.9939875299956556,0.0
9q5g0q,2019-04,3216.2198433975486,3023.6946471199417,0.9401392921964479,0.0
9q5g0q,2019-05,3134.6538638687994,3289.515501299504,1.0494031061023033,4.547473508864641e-13
9q5g0q,2019-06,3573.7362648767603,3365.0672275620427,0.9416103982362802,0.0
9q5g0q,2019-07,3828.5372056253364,3507.38946763001,0.9161173783231208,0.0
9q5g0q,2019-08,3922.9170536628117,3397.9330910140834,0.8661751050385955,0.0
9q5g0q,2019-09,3308.2607056323413,3015.369676596861,0.9114667630223849,0.0
9q5g0q,2019-10,3511.9778691841143,2757.9004686587336,0.785284125181414,0.0
9q5g0q,2019-11,2536.4009870320883,2142.524733090635,0.8447105737794486,0.0
9q5g0q,2019-12,2031.7655805205138,1911.595026062871,0.9408541243095296,0.0
9q5g0q,2020-01,2803.273900671694,2067.79030933428,0.737634060246063,0.0
9q5g0q,2020-02,3211.318496183536,2316.2668923050605,0.7212822069993394,0.0
9q5g0q,2020-03,2666.2822898835934,3059.1175721069417,1.147334467814546,0.0
9q5g0q,2020-04,3358.8162697283715,3400.397272900858,1.0123796599258015,0.0
9q5g0q,2020-05,4466.090812373984,3847.4129332158063,0.8614721676854317,0.0
9q5g0q,2020-06,4181.628877020961,3857.111444372236,0.922394492148257,0.0
9q5g0q,2020-07,4638.226112597398,4000.430962836571,0.8624915788325672,0.0
9q5g0q,2020-08,4171.6724444302445,3808.110341452847,0.9128497963777567,0.0
9q5g0q,2020-09,3691.1034917838997,3379.075858312099,0.9154649458715127,0.0
9q5g0q,2020-10,3379.3100010458074,3080.433153674316,0.9115568422905869,0.0
9q5g0q,2020-11,3294.1547888218374,2497.6014515064007,0.7581918918872886,0.0
9q5g0q,2020-12,2968.8367699045543,2236.9643089458746,0.7534817446422934,0.0
9q5g0q,2021-01,2995.6195308382657,2369.5515857881296,0.7910055203589411,0.0
9q5g0q,2021-02,3688.7485815652794,2533.75176763447,0.6868865447477314,0.0
9q5g0q,2021-03,4133.10146324724,3578.0761261668704,0.8657121432861451,0.0
9q5g0q,2021-04,4256.545303090915,3994.516939251409,0.9384410724703829,0.0
9q5g0q,2021-05,4859.706978941335,4405.535976217327,0.9065435416801719,0.0
9q5g0q,2021-06,4854.401427450612,4431.246064199151,0.9128305786870845,0.0
9q5g0q,2021-07,4896.873359077494,4535.876308075699,0.9262800925140114,0.0
9q5g0q,2021-08,4698.024395129064,4295.010258367628,0.9142162528616745,0.0
9q5g0q,2021-09,4450.002324558777,3831.010420998307,0.8609007684907571,0.0
9q5g0q,2021-10,4010.509835286475,3428.1605606807116,0.8547942035992624,0.0
9q5g0q,2021-11,3819.589602406894,2888.533277787171,0.7562417899470082,0.0
9q5g0q,2021-12,2658.803611623324,2525.683072545338,0.9499321655439193,0.0
9q5g0q,2022-01,3697.827432051232,2845.0378243977993,0.7693809072154622,0.0
9q5g0q,2022-02,4212.8523543946185,3040.1315146253687,0.7216325802289436,0.0
9q5g0q,2022-03,5115.6766886154455,4349.721179508555,0.8502728855380038,0.0
9q5g0q,2022-04,5261.776388110238,4759.481286945455,0.9045388735447228,0.0
9q5g0q,2022-05,5876.584911689017,5278.495936378187,0.8982250772687415,0.0
9q5g0q,2022-06,5743.170357572338,5274.116670457847,0.9183284391875915,0.0
9q5g0q,2022-07,5915.741631329257,5437.015316264317,0.9190758581257764,0.0
9q5g0q,2022-08,5816.568649284918,5282.410868773074,0.9081661693140143,0.0
9q5g0q,2022-09,5042.483395275047,4733.611075623667,0.9387459917189211,0.0
9q5g0q,2022-10,4791.122675285028,4452.997293079568,0.9294266907525293,0.0
9q5g0q,2022-11,4411.792169278351,3530.147190390282,0.8001617154526384,0.0
9q5g0q,2022-12,3232.6994431612866,3049.3091460324063,0.9432702296166633,0.0
9q5g0q,2023-01,4.791197005616517,,,
9q5sgb,2018-01,1785.1861480760747,1477.7529641091198,0.82778648361221,0.0
9q5sgb,2018-02,2290.5997291218196,1619.1374704882833,0.706861809989402,0.0
9q5sgb,2018-03,2278.4928882814206,2251.763348608332,0.9882687631765005,0.0
9q5sgb,2018-04,3062.6878966394743,2560.433599443832,0.8360086583596261,0.0
9q5sgb,2018-05,2789.237882529161,2819.7829774173406,1.0109510540780704,0.0
9q5sgb,2018-06,3170.6693320389477,2884.07845007947,0.9096118667867579,0.0
9q5sgb,2018-07,3162.3310605671036,2931.1356835224874,0.9268908369754444,0.0
9q5sgb,2018-08,3274.0927407104045,2842.241652129761,0.8681005326419247,0.0
9q5sgb,2018-09,3159.1893281239477,2578.5084867814676,0.8161930859372358,0.0
9q5sgb,2018-10,2818.6372556783836,2356.513352783753,0.836047046506732,0.0
9q5sgb,2018-11,2315.5785789931715,1864.0648411504544,0.8050104013144576,0.0
9q5sgb,2018-12,2151.8906416654927,1682.4733874037988,0.7818582203144021,0.0
9q5sgb,2019-01,1974.3237886562617,1755.5819405795842,0.8892066998668163,0.0
9q5sgb,2019-02,1979.1044225865119,1845.3046255726224,0.9323937658433277,0.0
9q5sgb,2019-03,2849.378230958976,2694.2589695896813,0.9455603121818306,0.0
9q5sgb,2019-04,3291.2718346260485,3023.6946471199417,0.9187009761117138,0.0
9q5sgb,2019-05,3188.324730596172,3289.515501299504,1.0317379123061945,0.0
9q5sgb,2019-06,3732.4775819772294,3365.0672275620427,0.9015639487858474,0.0
9q5sgb,2019-07,3869.7526023252317,3507.38946763001,0.9063601289453266,0.0
9q5sgb,2019-08,3944.794132692802,3397.9330910140834,0.8613714624176295,0.0
9q5sgb,2019-09,3478.0797446419942,3015.369676596861,0.8669639277943696,0.0
9q5sgb,2019-10,3585.185329102198,2757.9004686587336,0.7692490667837713,0.0
9q5sgb,2019-11,2620.189565814265,2142.524733090635,0.817698368486103,0.0
9q5sgb,2019-12,2011.2274137758925,1911.595026062871,0.9504618985249556,0.0
9q5sgb,2020-01,2911.178955286333,2067.79030933428,0.7102930946857233,0.0
9q5sgb,2020-02,3283.535763828449,2316.2668923050605,0.705418505813502,0.0
9q5sgb,2020-03,2669.529521263848,3059.1175721069417,1.1459388434328492,0.0
9q5sgb,2020-04,3467.0039473794372,3400.397272900858,0.9807884053524298,0.0
9q5sgb,2020-05,4558.12011035327,3847.4129332158063,0.844078883414421,4.547473508864641e-13
9q5sgb,2020-06,4256.532706507696,3857.111444372236,0.9061627644667698,0.0
9q5sgb,2020-07,4665.614229344591,4000.430962836571,0.8574285755722537,0.0
9q5sgb,2020-08,4197.47033689389,3808.110341452847,0.9072393693842831,0.0
9q5sgb,2020-09,3846.119370433038,3379.075858312099,0.8785675983664661,0.0
9q5sgb,2020-10,3528.06650721531,3080.433153674316,0.8731221895546665,0.0
9q5sgb,2020-11,3329.9705726065263,2497.6014515064007,0.7500370940369631,0.0
9q5sgb,2020-12,3063.199501976792,2236.9643089458746,0.7302705251493681,0.0
9q5sgb,2021-01,3017.207893605712,2369.5515857881296,0.7853458128655493,0.0
9q5sgb,2021-02,3755.04310569385,2533.75176763447,0.6747597021702599,0.0
9q5sgb,2021-03,4234.30172847382,3578.0761261668704,0.8450215302574873,0.0
9q5sgb,2021-04,4600.015913007999,3994.516939251409,0.868370243667125,0.0
9q5sgb,2021-05,5121.0446154014335,4405.535976217327,0.8602807253363445,0.0
9q5sgb,2021-06,4980.115635195788,4431.246064199151,0.8897877858261701,0.0
9q5sgb,2021-07,4942.767257681552,4535.876308075699,0.9176795247695501,0.0
9q5sgb,2021-08,4842.743594600866,4295.010258367628,0.8868960692356495,0.0
9q5sgb,2021-09,4743.751357849222,3831.010420998307,0.807590898426695,0.0
9q5sgb,2021-10,4262.241062815107,3428.1605606807116,0.804309402062889,0.0
9q5sgb,2021-11,3945.5660254010395,2888.533277787171,0.7320960438099807,0.0
9q5sgb,2021-12,2780.0605742446623,2525.683072545338,0.9084992952830035,0.0
9q5sgb,2022-01,3758.2822339253335,2845.0378243977993,0.7570048355379375,0.0
9q5sgb,2022-02,4284.091443323272,3040.1315146253687,0.7096327318977734,0.0
9q5sgb,2022-03,5235.419575821803,4349.721179508555,0.83082570871615,0.0
9q5sgb,2022-04,5464.531328972788,4759.481286945455,0.870977033604112,0.0
9q5sgb,2022-05,6240.848888992131,5278.495936378187,0.8457977480737625,0.0
9q5sgb,2022-06,5921.054650863591,5274.116670457847,0.8907394005709123,0.0
9q5sgb,2022-07,6054.604319976664,5437.015316264317,0.897996801925658,0.0
9q5sgb,2022-08,5836.580402933636,5282.410868773074,0.9050523601316244,0.0
9q5sgb,2022-09,5036.205228682922,4733.611075623667,0.9399162386520952,0.0
9q5sgb,2022-10,5056.033247416964,4452.997293079568,0.8807294325753345,0.0
9q5sgb,2022-11,4544.595008856352,3530.147190390282,0.776779269332218,0.0
9q5sgb,2022-12,3281.8630886870333,3049.3091460324063,0.9291396574536374,0.0
9q5sgb,2023-01,5.085681712935575,,,
9q603v,2018-01,3013.5360878710176,2754.062834167241,0.9138974128273714,0.0
9q603v,2018-02,4028.0239892437658,3017.5587118971685,0.7491411967642464,0.0
9q603v,2018-03,4210.970113236424,4196.572702177472,0.9965809752451824,0.0
9q603v,2018-04,5534.709058227292,4771.836150457289,0.8621656712675799,0.0
9q603v,2018-05,5558.465050098344,5255.181134557411,0.9454374700915736,0.0
9q603v,2018-06,5991.796313793708,5375.0075033515595,0.8970611185459961,0.0
9q603v,2018-07,6023.401698778368,5462.707261600583,0.9069139889356039,0.0
9q603v,2018-08,6054.629767960911,5297.036981124714,0.8748738046965108,0.0
9q603v,2018-09,5623.179076610899,4805.522007740175,0.8545916717694988,0.0
9q603v,2018-10,5194.048730173226,4391.793486966971,0.8455433737951281,0.0
9q603v,2018-11,3896.7424786693796,3474.025648519182,0.891520460368081,0.0
9q603v,2018-12,3860.875770744856,3135.596773116747,0.8121465075038701,0.0
9q603v,2019-01,3495.8944127242594,3271.8479287911687,0.9359115415163535,0.0
9q603v,2019-02,4097.370030345021,3439.062556758428,0.8393341414831503,0.0
9q603v,2019-03,5555.269152857459,5021.244195738761,0.9038705520066455,0.0
9q603v,2019-04,5731.470332703926,5635.207813319295,0.98320456814801,0.0
9q603v,2019-05,5938.203626775528,6130.613576544322,1.0324020464541181,0.0
9q603v,2019-06,5961.25351980353,6271.418031964429,1.0520300824533833,0.0
9q603v,2019-07,6715.664153474974,6536.661547874354,0.9733455096160525,0.0
9q603v,2019-08,6970.079458209434,6332.6695775505,0.9085505574964163,0.0
9q603v,2019-09,6508.2487470649685,5619.692708650245,0.863472329815999,0.0
9q603v,2019-10,6582.627310953016,5139.851765172689,0.7808207152515452,0.0
9q603v,2019-11,4708.664644146994,3992.9865694746054,0.8480082722472078,0.0
9q603v,2019-12,3736.052984143,3562.606838303699,0.9535750304999792,0.0
9q603v,2020-01,4888.55112324247,3853.705306706599,0.7883123669064792,0.0
9q603v,2020-02,5901.772323453356,4316.786849387348,0.7314390682664337,0.0
9q603v,2020-03,5879.359729409473,5701.224910597124,0.9697016636146124,0.0
9q603v,2020-04,7010.539569456573,6337.262031036177,0.9039620942511012,0.0
9q603v,2020-05,8407.786943295692,7170.357444318814,0.8528233996267477,0.0
9q603v,2020-06,7617.308312919843,7188.432393089957,0.9436971824939182,0.0
9q603v,2020-07,7455.653164741642,7455.534519629306,0.9999840865569098,0.0
9q603v,2020-08,7168.777372137196,7097.10987866357,0.9900028289688316,0.0
9q603v,2020-09,7034.416021746836,6297.525676640725,0.8952449865307907,0.0
9q603v,2020-10,6434.665237138664,5740.950394090745,0.892190997125377,0.0
9q603v,2020-11,6022.045256702041,4654.736954835171,0.7729495140633211,0.0
9q603v,2020-12,5412.281930655123,4168.991985978191,0.7702835956059593,0.0
9q603v,2021-01,5226.104069960394,4416.092618021135,0.8450066357087687,0.0
9q603v,2021-02,6582.8351378723355,4722.10967849723,0.7173367674560177,0.0
9q603v,2021-03,7935.071669317272,6668.399060081071,0.840370363114164,0.0
9q603v,2021-04,8164.811344728815,7444.512655385506,0.91178011849492,0.0
9q603v,2021-05,9119.69571485128,8210.521779600302,0.9003065492886564,0.0
9q603v,2021-06,9754.437810265395,8258.437229268577,0.8466338491160962,0.0
9q603v,2021-07,9939.526912145073,8453.434818844702,0.850486637197539,0.0
9q603v,2021-08,9602.440445622346,8004.536896373884,0.8335940161985665,0.0
9q603v,2021-09,8924.056596762051,7139.78836384167,0.8000608564531321,0.0
9q603v,2021-10,8032.308025205775,6389.0039939256785,0.7954132204438216,0.0
9q603v,2021-11,6948.013083021483,5383.309889285053,0.7747984675561395,0.0
9q603v,2021-12,4845.130562179107,4707.072189955562,0.9715057477911486,0.0
9q603v,2022-01,6714.9199288060945,5302.24815938547,0.789621948675746,0.0
9q603v,2022-02,8004.261610796622,5665.840921156855,0.7078530408744304,0.0
9q603v,2022-03,9023.610365397151,8106.500701012989,0.8983655513428412,0.0
9q603v,2022-04,10339.78938069727,8870.163579873582,0.8578669500205446,0.0
9q603v,2022-05,11802.782966072675,9837.442273340968,0.8334849756721685,0.0
9q603v,2022-06,11585.668223426981,9829.28071061359,0.8483999818619128,0.0
9q603v,2022-07,11453.281280199457,10132.872120712527,0.8847134609564103,0.0
9q603v,2022-08,11703.9569076419,9844.73846564706,0.8411461647828784,0.0
9q603v,2022-09,9851.76328597167,8821.94971108507,0.8954691109607765,0.0
9q603v,2022-10,9087.394470052806,8298.9746211818,0.9132402745947459,0.0
9q603v,2022-11,8439.801535466537,6579.074725155398,0.7795295538062339,0.0
9q603v,2022-12,5741.054835413342,5682.945115279752,0.9898782154500348,0.0
9q603v,2023-01,8.601946264827527,,,
9q613c,2018-01,4516.954001104031,4293.591680452,0.9505502334986284,0.0
9q613c,2018-02,6375.169681679455,4704.382492636467,0.7379227106935856,0.0
9q613c,2018-03,6435.821090668451,6542.46860926449,1.0165709265521181,9.094947017729282e-13
9q613c,2018-04,8573.369834368203,7439.305938086436,0.867722503730607,0.0
9q613c,2018-05,8789.765827663072,8192.842123526449,0.9320887819038375,0.0
9q613c,2018-06,9197.2960570329,8379.651768451959,0.9110994923387605,0.0
9q613c,2018-07,9211.483448674966,8516.37593745935,0.9245390261960896,0.0
9q613c,2018-08,9227.194220160294,8258.095505682484,0.8949736299729719,0.0
9q613c,2018-09,8667.041465125692,7491.822284040622,0.8644036507943456,0.0
9q613c,2018-10,7871.6602506107165,6846.818360121554,0.869806132650396,0.0
9q613c,2018-11,6032.636964259585,5416.015726696033,0.8977857873403075,0.0
9q613c,2018-12,5966.338174540742,4888.404161039074,0.8193307214630619,0.0
9q613c,2019-01,5240.683942058413,5100.820094763606,0.9733119095062482,0.0
9q613c,2019-02,6054.27133730066,5361.508168609674,0.8855744762507027,0.0
9q613c,2019-03,8562.86091562312,7828.13377998356,0.9141960680105133,0.0
9q613c,2019-04,8655.353302776239,8785.304781254885,1.0150140004610746,0.0
9q613c,2019-05,9840.089496176319,9557.643755167264,0.9712964255946241,0.0
9q613c,2019-06,8478.011216472565,9777.1582959621,1.1532372447167,0.0
9q613c,2019-07,10418.342020923867,10190.673680969305,0.9781473540130167,0.0
9q613c,2019-08,10210.503103111954,9872.649627271068,0.9669111822964027,0.0
9q613c,2019-09,9929.580444768215,8761.116689573773,0.8823249620974578,0.0
9q613c,2019-10,9805.570580153353,8013.043313289155,0.8171929667721423,0.0
9q613c,2019-11,7091.44159235517,6225.077257555285,0.877829588875997,0.0
9q613c,2019-12,5542.559216728593,5554.114049938664,1.0020847469117147,0.0
9q613c,2020-01,7542.103013536861,6007.937378375881,0.7965864915385802,0.0
9q613c,2020-02,9091.476551876605,6729.8828018273925,0.7402409018409944,0.0
9q613c,2020-03,8998.632755315779,8888.225621013205,0.9877306767256001,0.0
9q613c,2020-04,10845.942305020784,9879.8092751318,0.9109221676901468,0.0
9q613c,2020-05,12530.153592903092,11178.607360315878,0.8921364991604962,0.0
9q613c,2020-06,11052.48595355154,11206.786256129575,1.0139606875074518,0.0
9q613c,2020-07,11877.24745760631,11623.19922031932,0.9786105123940737,0.0
9q613c,2020-08,10728.60269079905,11064.414200084002,1.0313005820947163,1.8189894035458565e-12
9q613c,2020-09,10414.432936631512,9817.860187214425,0.9427167323418335,0.0
9q613c,2020-10,9281.828506680931,8950.157761164146,0.9642666587431503,0.0
9q613c,2020-11,9194.37717668533,7256.747963782712,0.7892593292979141,0.0
9q613c,2020-12,8413.612419161973,6499.470195377557,0.7724946041696711,0.0
9q613c,2021-01,8089.817246959623,6884.700773566169,0.8510329174807539,0.0
9q613c,2021-02,9947.178444296387,7361.782228875024,0.7400874800930305,9.094947017729282e-13
9q613c,2021-03,12445.946110537654,10396.052831872094,0.8352963076925128,0.0
9q613c,2021-04,12782.75983379051,11606.016103059555,0.9079429054420394,0.0
9q613c,2021-05,14497.57799896888,12800.22647548683,0.8829217181240362,0.0
9q613c,2021-06,14608.973180301777,12874.926795867512,0.8813026512518763,0.0
9q613c,2021-07,14220.505333449444,13178.92858476112,0.9267552928489589,0.0
9q613c,2021-08,13648.228837997798,12479.095464985665,0.914338088341751,0.0
9q613c,2021-09,13058.262473892813,11130.950078140828,0.8524066735827043,0.0
9q613c,2021-10,12085.199885989257,9960.475140353352,0.8241878689901386,0.0
9q613c,2021-11,10416.192521711568,8392.59521140094,0.8057258152542178,0.0
9q613c,2021-12,7795.84312578661,7338.338742075668,0.9413143163184445,0.0
9q613c,2022-01,10470.403227458699,8266.219747202376,0.7894843749211264,0.0
9q613c,2022-02,12006.021440577737,8833.061882264348,0.7357193160100917,0.0
9q613c,2022-03,14194.440637995522,12638.057322309474,0.8903526137183639,0.0
9q613c,2022-04,15830.182899898478,13828.60989165102,0.8735597042116112,0.0
9q613c,2022-05,18205.93946392514,15336.600086873214,0.8423954236068131,0.0
9q613c,2022-06,17361.292628742467,15323.876187697417,0.8826460399802254,0.0
9q613c,2022-07,17099.81683736714,15797.17604726712,0.9238213600479368,0.0
9q613c,2022-08,17283.28634168149,15347.974871135852,0.8880241041960685,0.0
9q613c,2022-09,14650.51768353151,13753.444335025164,0.9387684880572693,0.0
9q613c,2022-10,12834.79805772717,12938.124703521084,1.0080505081053228,0.0
9q613c,2022-11,12539.903016543323,10256.79594327073,0.8179326370977037,0.0
9q613c,2022-12,8735.358870666592,8859.727368859576,1.0142373656348125,0.0
9q613c,2023-01,16.697832597524787,,,
9q6tde,2018-01,3154.1773704618336,3387.9371034477176,1.0741111565807908,0.0
9q6tde,2018-02,4841.0506054835005,3712.079112733674,0.766792048926109,0.0
9q6tde,2018-03,5136.704837464639,5162.454606567459,1.0050128963834974,0.0
9q6tde,2018-04,6639.16251184475,5870.120516184871,0.8841658124367566,0.0
9q6tde,2018-05,7390.884560988916,6464.712035696554,0.8746871882993613,0.0
9q6tde,2018-06,7439.2834540603435,6612.117605305448,0.8888110859247565,0.0
9q6tde,2018-07,7161.961361736022,6720.002313398937,0.9382907801348489,0.0
9q6tde,2018-08,7246.915246154252,6516.201411255576,0.8991689829287783,0.0
9q6tde,2018-09,6885.14126783829,5911.5595001957945,0.8585966896292647,0.0
9q6tde,2018-10,6243.129529302278,5402.607348163318,0.8653684538829527,0.0
9q6tde,2018-11,4613.912466342307,4273.606341485684,0.9262434804866592,0.0
9q6tde,2018-12,3799.2609871420573,3857.2847784372902,1.0152723888913144,4.547473508864641e-13
9q6tde,2019-01,4222.459344525861,4024.895458909141,0.9532111810921642,0.0
9q6tde,2019-02,4736.647371555183,4230.596155095611,0.8931625732794586,0.0
9q6tde,2019-03,6537.776731556889,6176.932241765188,0.9448062384801308,0.0
9q6tde,2019-04,7858.847021071628,6932.20553994941,0.8820893855501133,0.0
9q6tde,2019-05,7951.493756000714,7541.633743863069,0.9484549664862231,0.0
9q6tde,2019-06,8530.647760007105,7714.84571017348,0.9043681004321593,0.0
9q6tde,2019-07,8698.401345484734,8041.137593514582,0.9244385576308993,0.0
9q6tde,2019-08,8630.26002851504,7790.194892973558,0.9026605070106992,0.0
9q6tde,2019-09,8064.416166687228,6913.119483480387,0.857237441693218,0.0
9q6tde,2019-10,7619.759208688213,6322.838493521591,0.8297950526195309,0.0
9q6tde,2019-11,5702.442136138532,4912.011151111575,0.86138728527946,0.0
9q6tde,2019-12,4124.605789526532,4382.575351130395,1.062544052636234,0.0
9q6tde,2020-01,5608.220166629124,4740.672955013568,0.8453079255379868,0.0
9q6tde,2020-02,7084.4806981298225,5310.337205555008,0.7495732477550321,0.0
9q6tde,2020-03,7280.862984870779,7013.41711237786,0.9632672839677582,0.0
9q6tde,2020-04,8879.33955133178,7795.84434416507,0.8779756984285841,0.0
9q6tde,2020-05,10074.101221477016,8820.68474590042,0.8755803174873374,0.0
9q6tde,2020-06,9858.984705444263,8842.91981941616,0.8969402107433011,0.0
9q6tde,2020-07,10215.633633373955,9171.498090647245,0.8977904278677759,0.0
9q6tde,2020-08,8991.482713452473,8730.578542678788,0.9709831871907691,0.0
9q6tde,2020-09,8132.813676903946,7746.962282455389,0.9525562234944198,0.0
9q6tde,2020-10,7595.971425192336,7062.2858011422295,0.9297409647592779,0.0
9q6tde,2020-11,6634.288877700113,5726.069805100781,0.863102272249233,0.0
9q6tde,2020-12,6221.315905678282,5128.525921066186,0.8243474529858399,0.0
9q6tde,2021-01,6128.1301568399995,5432.499159874592,0.886485603412165,0.0
9q6tde,2021-02,7703.441250977441,5808.94901447221,0.7540719563136994,0.0
9q6tde,2021-03,9574.418860288153,8203.195771702804,0.8567826299857451,0.0
9q6tde,2021-04,11124.310786991471,9157.939437461311,0.8232365683427694,0.0
9q6tde,2021-05,12018.670631628578,10100.25299011906,0.840380213393903,0.0
9q6tde,2021-06,11409.424277708686,10159.196645196782,0.8904214969939761,0.0
9q6tde,2021-07,11223.320913076237,10399.074821036436,0.9265595184862374,0.0
9q6tde,2021-08,11069.405884841764,9846.858688444332,0.8895562048120789,0.0
9q6tde,2021-09,10326.979385127854,8783.079895102559,0.8504984436931574,0.0
9q6tde,2021-10,8977.046548406124,7859.495221590153,0.8755101334509185,9.094947017729282e-13
9q6tde,2021-11,7415.408632954149,6622.330865875347,0.8930500251119868,0.0
9q6tde,2021-12,4691.110211094611,5790.450502114052,1.2343454409618153,0.0
9q6tde,2022-01,7725.788541746206,6522.61199272934,0.8442648873295566,0.0
9q6tde,2022-02,9213.382967245358,6969.889154625604,0.756496194655575,0.0
9q6tde,2022-03,11077.552982750001,9972.29045153262,0.9002250286738869,0.0
9q6tde,2022-04,12532.366016378144,10911.717747714778,0.8706829766585661,0.0
9q6tde,2022-05,14083.240306186324,12101.62501283478,0.8592926591985309,0.0
9q6tde,2022-06,13176.54818595637,12091.584987297543,0.9176595278712535,0.0
9q6tde,2022-07,13247.087341093142,12465.050904560543,0.9409654049681788,0.0
9q6tde,2022-08,13126.370176708708,12110.600494556194,0.922616102663714,0.0
9q6tde,2022-09,11420.129605269802,10852.406989462324,0.9502875505418518,0.0
9q6tde,2022-10,11308.968906470414,10209.06411097715,0.9027404881391127,0.0
9q6tde,2022-11,9344.849154709664,8093.31257485592,0.866072040422077,0.0
9q6tde,2022-12,5818.377096569648,6990.930044896742,1.2015257740888605,0.0
9q6tde,2023-01,1.3948496618482245,,,
9q713t,2018-01,6799.73467074252,7289.721965970525,1.072059766881242,0.0
9q713t,2018-02,10388.983090033942,7987.168539810712,0.7688113909312964,0.0
9q713t,2018-03,10667.520471338734,11107.897695480722,1.0412820603743096,0.0
9q713t,2018-04,13996.718974605006,12630.561065074226,0.9023944174338662,0.0
9q713t,2018-05,15731.133280225285,13909.925683783713,0.8842290911913568,0.0
9q713t,2018-06,15975.352272346461,14227.093796967054,0.890565262939105,0.0
9q713t,2018-07,15127.337561778648,14459.226065768946,0.9558341649162521,0.0
9q713t,2018-08,15575.560551640707,14020.713818440858,0.9001739469956949,0.0
9q713t,2018-09,14943.531566312806,12719.724075711149,0.8511859475296465,0.0
9q713t,2018-10,13584.973686791376,11624.627098106834,0.8556974320391522,0.0
9q713t,2018-11,9623.367910055033,9195.389722476257,0.9555271926025399,0.0
9q713t,2018-12,7601.629843701708,8299.60318618766,1.0918189068445965,0.0
9q713t,2019-01,9040.13986715656,8660.246026316987,0.9579769952210857,0.0
9q713t,2019-02,9405.64074500886,9102.846003122926,0.9678071117008574,0.0
9q713t,2019-03,14141.343174245016,13290.718590756778,0.93984838830321,0.0
9q713t,2019-04,16689.482210376907,14915.817340813754,0.8937255903325536,0.0
9q713t,2019-05,17116.498381680238,16227.105605353969,0.9480388595556329,0.0
9q713t,2019-06,18380.584164342145,16599.800563090048,0.9031160497767655,0.0
9q713t,2019-07,18425.078261753035,17301.872956018764,0.9390393196827916,0.0
9q713t,2019-08,18652.602377101266,16761.927124535563,0.8986374547453616,0.0
9q713t,2019-09,17201.596720319132,14874.750449417095,0.8647307974524548,0.0
9q713t,2019-10,16601.275272088344,13604.660666989152,0.8194949149396138,0.0
9q713t,2019-11,12081.369931958232,10569.026074572395,0.8748201680849693,0.0
9q713t,2019-12,8951.697951001659,9429.855050185184,1.053415240527639,0.0
9q713t,2020-01,10637.968685025431,10200.362851623437,0.9588637787571238,0.0
9q713t,2020-02,15376.904274778995,11426.092218374108,0.7430684365457773,0.0
9q713t,2020-03,15923.877748708228,15090.55782900647,0.9476685306900602,0.0
9q713t,2020-04,18667.30513206821,16774.082878077897,0.8985808481408502,0.0
9q713t,2020-05,21847.238159738514,18979.201025206905,0.8687231258449404,0.0
9q713t,2020-06,21309.897028915802,19027.04356149771,0.8928735570931927,0.0
9q713t,2020-07,22127.439725054977,19734.0355062113,0.8918354654409648,0.0
9q713t,2020-08,19970.19463879068,18785.322228511857,0.9406679588401561,0.0
9q713t,2020-09,17795.09600531638,16668.904821901957,0.9367133965965698,0.0
9q713t,2020-10,16688.798588146576,15195.707111019788,0.910533315550511,0.0
9q713t,2020-11,14735.780431972178,12320.611499678002,0.8361017291589122,0.0
9q713t,2020-12,13049.241615445731,11034.894367371871,0.8456349183013381,0.0
9q713t,2021-01,13180.398091931698,11688.944406776043,0.8868430471710381,0.0
9q713t,2021-02,16773.659063978062,12498.940191926258,0.7451528700000889,0.0
9q713t,2021-03,20745.694505025862,17650.568644643456,0.8508063511861422,0.0
9q713t,2021-04,24029.967474772417,19704.8617615577,0.8200120030226683,0.0
9q713t,2021-05,25862.0618788962,21732.409379443077,0.8403200595996186,0.0
9q713t,2021-06,24483.73428797244,21859.236662256975,0.8928064814441015,0.0
9q713t,2021-07,23617.690120992003,22375.37529003603,0.9473989698149282,0.0
9q713t,2021-08,23836.387117282113,21187.18851182713,0.8888590543348648,0.0
9q713t,2021-09,21704.00227990062,18898.287803232022,0.8707282444737449,0.0
9q713t,2021-10,19593.303660998055,16911.038549080982,0.8631029683240032,0.0
9q713t,2021-11,15181.684578232509,14249.06936134362,0.9385697145739629,0.0
9q713t,2021-12,10379.07862915782,12459.137501451924,1.2004088172576917,0.0
9q713t,2022-01,15778.618431023353,14034.507273029018,0.8894636329778324,0.0
9q713t,2022-02,19786.023577892865,14996.90003664735,0.7579542184213075,1.8189894035458565e-12
9q713t,2022-03,24157.654176818178,21457.07624902408,0.8882102579982462,0.0
9q713t,2022-04,27401.180701112648,23478.41359600209,0.8568394863017246,0.0
9q713t,2022-05,30230.588801838257,26038.701128845027,0.861336221385859,0.0
9q713t,2022-06,28387.063303798543,26017.098309057368,0.9165124983384934,0.0
9q713t,2022-07,28618.869531951947,26820.673646345334,0.9371674732435189,0.0
9q713t,2022-08,28199.76671081187,26058.01340184832,0.9240506727971478,0.0
9q713t,2022-09,25670.208282273343,23350.796428371887,0.9096457719237465,0.0
9q713t,2022-10,24683.11368600019,21966.53498261732,0.8899418145562541,0.0
9q713t,2022-11,20096.184615111906,17414.136287935704,0.8665394263367108,0.0
9q713t,2022-12,11392.56076451436,15042.173084909376,1.3203504809702538,0.0
9q713t,2023-01,6.322077291011123,,,
9q8yqr,2018-01,1959.7418094218594,7205.45160495919,3.6767351547624836,0.0
9q8yqr,2018-02,3543.569859186248,7894.835583979165,2.2279328185143075,0.0
9q8yqr,2018-03,3610.3147703803884,10979.488607555993,3.0411444170002877,0.0
9q8yqr,2018-04,4619.952543001067,12484.54974314752,2.7023112525389066,0.0
9q8yqr,2018-05,4967.317809036054,13749.124700634386,2.767917260221066,0.0
9q8yqr,2018-06,5704.1981501890505,14062.626299302632,2.4653116755483966,0.0
9q8yqr,2018-07,5600.691127183026,14292.075081658038,2.5518413276338823,1.8189894035458565e-12
9q8yqr,2018-08,5065.900569998578,13858.63210659613,2.73566997912871,0.0
9q8yqr,2018-09,4922.474594009246,12572.682015008624,2.5541385282739375,0.0
9q8yqr,2018-10,4309.892696865051,11490.244534992278,2.666016382113203,0.0
9q8yqr,2018-11,3142.55485302729,9089.089535010902,2.8922612205973715,0.0
9q8yqr,2018-12,2612.495499675696,8203.65843548032,3.1401617482206903,0.0
9q8yqr,2019-01,2443.6490107327604,8560.132186243041,3.5030121546286113,0.0
9q8yqr,2019-02,2630.7953024142953,8997.615635971108,3.4201124001224823,0.0
9q8yqr,2019-03,4253.86245408089,13137.075741417459,3.0882699859781715,0.0
9q8yqr,2019-04,5126.559659190901,14743.388087961972,2.8758834516886997,0.0
9q8yqr,2019-05,5289.607391360745,16039.517648787758,3.0322699705434304,0.0
9q8yqr,2019-06,6124.496990229574,16407.904192734928,2.6790615162209237,0.0
9q8yqr,2019-07,6225.1349105374375,17101.860515629094,2.747227290878525,0.0
9q8yqr,2019-08,6023.9858422115685,16568.15654499574,2.7503644561875533,0.0
9q8yqr,2019-09,5589.987313891402,14702.795936449744,2.630202022089129,0.0
9q8yqr,2019-10,5470.800131762135,13447.388596641918,2.458029588500163,0.0
9q8yqr,2019-11,3689.174272954436,10446.84642945011,2.831757368047529,0.0
9q8yqr,2019-12,2423.055005107605,9320.844405736296,3.846732486917839,0.0
9q8yqr,2020-01,3327.029757676493,10082.445012786015,3.0304643321938065,0.0
9q8yqr,2020-02,5155.132328698852,11294.00475047258,2.1908273212693983,0.0
9q8yqr,2020-03,4998.537773914584,14916.108547943457,2.9840943937214597,0.0
9q8yqr,2020-04,5744.456546582834,16580.171776067647,2.886290746847164,0.0
9q8yqr,2020-05,6885.165551143481,18759.798401956385,2.7246691837120425,0.0
9q8yqr,2020-06,7352.16794328575,18807.08787081557,2.5580329524423937,0.0
9q8yqr,2020-07,7248.348899793331,19505.90687468296,2.6910827754496096,0.0
9q8yqr,2020-08,6136.512969829611,18568.160875403904,3.0258488765028186,0.0
9q8yqr,2020-09,6241.883927843188,16476.209595175536,2.6396212723021115,0.0
9q8yqr,2020-10,5803.087778413593,15020.042287306902,2.588284523832065,0.0
9q8yqr,2020-11,4829.103776054649,12178.183244690357,2.5218309254558755,0.0
9q8yqr,2020-12,4355.358721904048,10907.329209688034,2.5043469220646966,0.0
9q8yqr,2021-01,4017.0382613805045,11553.818325205484,2.876203205800403,0.0
9q8yqr,2021-02,5084.363491237947,12354.450428510092,2.4298912636362306,0.0
9q8yqr,2021-03,6939.188881319575,17446.52522588442,2.5142023836317224,0.0
9q8yqr,2021-04,7786.247819256712,19477.07038322029,2.501470648680124,0.0
9q8yqr,2021-05,8732.088786272197,21481.179223807372,2.4600275775457234,3.637978807091713e-12
9q8yqr,2021-06,8857.967912103186,21606.54036278771,2.4392208887170796,3.637978807091713e-12
9q8yqr,2021-07,8908.045651595878,22116.7123448294,2.4827794119877673,0.0
9q8yqr,2021-08,8505.046367002607,20942.26119730929,2.4623335715793244,3.637978807091713e-12
9q8yqr,2021-09,7817.690468045066,18679.820549870536,2.389429541400315,0.0
9q8yqr,2021-10,6165.0140742450285,16715.54421743703,2.711355402620719,0.0
9q8yqr,2021-11,5285.6840767343865,14084.3478226126,2.6646215736968952,0.0
9q8yqr,2021-12,3772.713058789718,12315.107863553734,3.2642577560627966,0.0
9q8yqr,2022-01,5260.9041819520535,13872.26610662578,2.636859677888771,0.0
9q8yqr,2022-02,6646.805474238745,14823.53345476141,2.230174105773592,0.0
9q8yqr,2022-03,8111.271714865248,21209.028988759026,2.6147600196760723,0.0
9q8yqr,2022-04,9436.822259106018,23206.999350171507,2.4591964024518975,3.637978807091713e-12
9q8yqr,2022-05,10402.020616790398,25737.689546422916,2.474297109628728,3.637978807091713e-12
9q8yqr,2022-06,9776.114657898994,25716.336458714322,2.6305272962337654,0.0
9q8yqr,2022-07,10011.71769543841,26510.62233556893,2.6479594353372384,3.637978807091713e-12
9q8yqr,2022-08,10288.819943238163,25756.7785664372,2.5033753830403667,0.0
9q8yqr,2022-09,8481.867046491092,23080.857457570673,2.7212001002914934,0.0
9q8yqr,2022-10,8038.927292556939,21712.598297268465,2.7009322894824126,0.0
9q8yqr,2022-11,6736.647894136438,17212.82606533251,2.55510252811558,0.0
9q8yqr,2022-12,4431.04856306682,14868.283139287623,3.3554773610959883,0.0
9q8yqr,2023-01,0.9802108082117289,,,
9q8yyc,2018-01,2811.5020051077095,3615.399930480304,1.2859318342694184,4.547473508864641e-13
9q8yyc,2018-02,5102.496150354175,3961.304521402494,0.7763464007959185,0.0
9q8yyc,2018-03,5124.9608636773055,5509.056825965879,1.0749461259325548,0.0
9q8yyc,2018-04,6594.307711437297,6264.23474170417,0.949945773813278,0.0
9q8yyc,2018-05,7242.087771910537,6898.746561926305,0.9525908521412941,0.0
9q8yyc,2018-06,8311.029318154388,7056.048799200447,0.8489981841102888,0.0
9q8yyc,2018-07,8057.717683795853,7171.17678246323,0.8899761773590721,0.0
9q8yyc,2018-08,7256.543546755385,6953.692884461963,0.9582651629743426,0.0
9q8yyc,2018-09,7137.01722752555,6308.455899103995,0.8839064973493383,0.0
9q8yyc,2018-10,6349.038237431213,5765.333190833088,0.9080640209162941,0.0
9q8yyc,2018-11,4569.685102142911,4560.532146297551,0.9979970270071633,0.0
9q8yyc,2018-12,3881.7239181954033,4116.259155346543,1.0604203807622088,0.0
9q8yyc,2019-01,3429.593872121448,4295.123055124674,1.2523707515455276,0.0
9q8yyc,2019-02,3611.665619547085,4514.634297507391,1.2500144733978837,0.0
9q8yyc,2019-03,6134.609793796818,6591.645510400201,1.0745011878449917,0.0
9q8yyc,2019-04,7564.639937791302,7397.627128822241,0.9779219089946765,0.0
9q8yyc,2019-05,7865.078677094169,8047.971754116485,1.0232538140470182,0.0
9q8yyc,2019-06,8824.574628778486,8232.813004657924,0.932941626195701,0.0
9q8yyc,2019-07,9390.519335076831,8581.011810104228,0.9137952336726667,0.0
9q8yyc,2019-08,8988.627807338711,8313.221058862924,0.9248598603755341,0.0
9q8yyc,2019-09,8271.997277763392,7377.259652944064,0.891835357922017,0.0
9q8yyc,2019-10,7971.720673714604,6747.347767068402,0.846410460581821,0.0
9q8yyc,2019-11,5375.77843064144,5241.798838642849,0.9750771737103375,0.0
9q8yyc,2019-12,3330.4997417305594,4676.8172300711185,1.4042388808716735,0.0
9q8yyc,2020-01,4685.998909947808,5058.957161437282,1.0795899142651801,0.0
9q8yyc,2020-02,7246.978451256873,5666.868119910722,0.7819628770840203,0.0
9q8yyc,2020-03,6971.779443791448,7484.291167836783,1.0735123261109099,0.0
9q8yyc,2020-04,8468.5961822822,8319.24980875449,0.9823646835540265,0.0
9q8yyc,2020-05,9952.197699534183,9412.897005869456,0.9458108942419854,0.0
9q8yyc,2020-06,10759.879421291687,9436.62492075938,0.8770195790564486,0.0
9q8yyc,2020-07,10717.731264083723,9787.26361997174,0.9131842718215859,0.0
9q8yyc,2020-08,9173.685776588847,9316.74115913552,1.0155941010004668,0.0
9q8yyc,2020-09,8900.7282074584,8267.085852603395,0.9288100546285594,0.0
9q8yyc,2020-10,8377.790163402615,7536.440853195927,0.8995738382321841,0.0
9q8yyc,2020-11,7118.815436336891,6110.512604918023,0.8583608691030051,0.0
9q8yyc,2020-12,6235.97725158859,5472.8502012685785,0.8776251067744663,0.0
9q8yyc,2021-01,5791.4762063097105,5797.231909930586,1.0009938232353617,9.094947017729282e-13
9q8yyc,2021-02,7348.215148430624,6198.956244410267,0.843600264716554,0.0
9q8yyc,2021-03,10187.24910980145,8753.950417954775,0.8593046389267485,0.0
9q8yyc,2021-04,11293.887755782247,9772.794651897942,0.8653171399631154,0.0
9q8yyc,2021-05,12640.646326572982,10778.374226944514,0.8526758797361788,0.0
9q8yyc,2021-06,12706.364822503047,10841.275302130764,0.8532161207059632,0.0
9q8yyc,2021-07,12768.574375087499,11097.258667161914,0.8691071016364634,0.0
9q8yyc,2021-08,12132.79502252612,10507.967276435716,0.866079683776599,0.0
9q8yyc,2021-09,11279.522001594989,9372.76740168585,0.8309543082021106,0.0
9q8yyc,2021-10,8984.747887155854,8387.174144653014,0.9334902047327225,0.0
9q8yyc,2021-11,7654.729602057728,7066.947768227002,0.9232132466608984,0.0
9q8yyc,2021-12,5497.686556084048,6179.215759787451,1.1239665442456308,9.094947017729282e-13
9q8yyc,2022-01,7596.002843892115,6960.533866188277,0.9163416614285744,0.0
9q8yyc,2022-02,9789.833748180383,7437.840785014945,0.7597514908153984,0.0
9q8yyc,2022-03,11825.574889668875,10641.820407028938,0.8998987792403991,0.0
9q8yyc,2022-04,13792.390744172253,11644.319945126012,0.8442568196558763,0.0
9q8yyc,2022-05,15064.266800247791,12914.11643550801,0.857268170216926,0.0
9q8yyc,2022-06,14389.19576396177,12903.402332347,0.896742427027368,0.0
9q8yyc,2022-07,14121.374580062817,13301.942390819562,0.9419722078330699,0.0
9q8yyc,2022-08,14858.028776733558,12923.694522408918,0.8698121881851753,0.0
9q8yyc,2022-09,12641.544852984503,11581.027119812212,0.9161085337665896,0.0
9q8yyc,2022-10,11337.935796367541,10894.490821430723,0.9608883854256002,0.0
9q8yyc,2022-11,9826.21809938407,8636.689769332672,0.8789434227878618,0.0
9q8yyc,2022-12,6474.3974096613265,7460.294340349873,1.1522762456962181,0.0
9q8yyc,2023-01,13.827484259378917,,,
9q8yyz,2018-01,4066.521473304978,5264.043786042688,1.2944832138718425,0.0
9q8yyz,2018-02,7401.984562236984,5767.682926226466,0.7792076405632751,0.0
9q8yyz,2018-03,7407.814478419691,8021.219480365792,1.0828051247413204,9.094947017729282e-13
9q8yyz,2018-04,9549.896253938708,9120.763013899772,0.9550640940353727,0.0
9q8yyz,2018-05,10476.883040863098,10044.615995212196,0.9587408732191697,0.0
9q8yyz,2018-06,12037.46999672207,10273.64898757151,0.8534724481447625,0.0
9q8yyz,2018-07,11673.340865126973,10441.27601543771,0.8944548211240929,0.0
9q8yyz,2018-08,10490.923531770315,10124.61816738442,0.9650835921855127,0.0
9q8yyz,2018-09,10336.71179752733,9185.14928189177,0.8885948899232126,0.0
9q8yyz,2018-10,9200.36180981935,8394.359390729629,0.9123944866788292,0.0
9q8yyz,2018-11,6605.670433605387,6640.161909439505,1.0052214951049703,0.0
9q8yyz,2018-12,5616.737290344187,5993.297794184747,1.0670425701568613,0.0
9q8yyz,2019-01,4955.307713221566,6253.724695296445,1.2620255001743872,0.0
9q8yyz,2019-02,5218.679817420419,6573.334368818163,1.259578015665147,0.0
9q8yyz,2019-03,8872.838510301084,9597.47503900866,1.081669076684569,0.0
9q8yyz,2019-04,10944.581894622808,10770.989065589814,0.9841389254788909,0.0
9q8yyz,2019-05,11366.651938935542,11717.894705185716,1.0309011631689908,1.8189894035458565e-12
9q8yyz,2019-06,12763.31726543487,11987.024664533745,0.9391778340413546,0.0
9q8yyz,2019-07,13592.795279310523,12494.004194699744,0.9191637141564811,0.0
9q8yyz,2019-08,13007.477914517536,12104.099269342229,0.9305492847182116,0.0
9q8yyz,2019-09,11977.63110417433,10741.333899661977,0.8967828284441411,0.0
9q8yyz,2019-10,11548.947452744873,9824.178450096622,0.8506557407326051,0.0
9q8yyz,2019-11,7757.369131132399,7632.090262439638,0.9838503406792924,0.0
9q8yyz,2019-12,4815.135561028616,6809.473682526356,1.4141810954688276,9.094947017729282e-13
9q8yyz,2020-01,6763.422254659504,7365.871693752624,1.0890746454101807,0.0
9q8yyz,2020-02,10487.877409499413,8250.993662263103,0.7867172107475008,0.0
9q8yyz,2020-03,10078.564520630807,10897.172421461944,1.0812226680848693,1.8189894035458565e-12
9q8yyz,2020-04,12248.207836664973,12112.87716501478,0.9889509817717917,0.0
9q8yyz,2020-05,14388.658951093814,13705.233983844288,0.9525025251086674,0.0
9q8yyz,2020-06,15569.300741450934,13739.781968945195,0.8824919113011339,0.0
9q8yyz,2020-07,15516.707791752215,14250.3139989355,0.9183851491042542,0.0
9q8yyz,2020-08,13218.000994456697,13565.230499520436,1.0262694415902494,0.0
9q8yyz,2020-09,12858.422108932482,12036.926134834808,0.9361122253462968,0.0
9q8yyz,2020-10,12126.13771170704,10973.102673284018,0.9049132488978879,0.0
9q8yyz,2020-11,10300.164525656277,8896.942669128446,0.8637670443969511,0.0
9q8yyz,2020-12,9045.284274811396,7968.502419621122,0.8809565490176121,0.0
9q8yyz,2021-01,8378.430758853208,8440.804115317978,1.0074445153585427,0.0
9q8yyz,2021-02,10647.208105645095,9025.717133872738,0.8477074031348508,0.0
9q8yyz,2021-03,14749.707934715698,12745.803835549326,0.8641394047912043,0.0
9q8yyz,2021-04,16350.31073659414,14229.247095427205,0.870273802416506,0.0
9q8yyz,2021-05,18304.155802552577,15693.376933116317,0.8573668789973816,0.0
9q8yyz,2021-06,18410.74584183469,15784.96127242497,0.8573776102300452,0.0
9q8yyz,2021-07,18507.12153275141,16157.674573286124,0.8730517355004368,0.0
9q8yyz,2021-08,17556.480308950442,15299.662806076572,0.8714538755400008,0.0
9q8yyz,2021-09,16347.815662295432,13646.805041652267,0.8347785002939097,0.0
9q8yyz,2021-10,13014.500526294629,12211.775401775049,0.938320712124315,0.0
9q8yyz,2021-11,11064.506120057278,10289.517951249583,0.9299572741522707,0.0
9q8yyz,2021-12,7959.071853866583,8996.974870939077,1.1304050316580911,0.0
9q8yyz,2022-01,11006.774965605107,10134.57867743567,0.9207582338246262,0.0
9q8yyz,2022-02,14193.194081395402,10829.540388006624,0.7630093921002677,0.0
9q8yyz,2022-03,17120.79653740365,15494.553759744322,0.9050136029531984,0.0
9q8yyz,2022-04,19982.844691422124,16954.1990453295,0.848437712805089,0.0
9q8yyz,2022-05,21804.408434926354,18803.030282056938,0.8623499389205257,0.0
9q8yyz,2022-06,20829.855339043323,18787.4304841778,0.9019472376729752,0.0
9q8yyz,2022-07,20460.305385429267,19367.70717794121,0.9465991251398356,0.0
9q8yyz,2022-08,21541.75208568538,18816.97603350972,0.8735118647110283,0.0
9q8yyz,2022-09,18320.341804086685,16862.044315506864,0.9204000938315179,0.0
9q8yyz,2022-10,16407.30610517772,15862.4433847994,0.9667914576051961,0.0
9q8yyz,2022-11,14210.737248794037,12575.07163424497,0.884899313391508,0.0
9q8yyz,2022-12,9352.28843827607,10862.232898021606,1.1614518702787002,0.0
9q8yyz,2023-01,19.98236745830561,,,
9q92vz,2018-01,2191.4545355863133,7171.877755950691,3.272656420422561,0.0
9q92vz,2018-02,3320.451962401161,7858.049545799264,2.3665602257702205,9.094947017729282e-13
9q92vz,2018-03,3341.2527523500685,10928.329608382795,3.2707282023774944,0.0
9q92vz,2018-04,4299.641187609522,12426.377901742457,2.890096489342444,1.8189894035458565e-12
9q92vz,2018-05,4238.6587971832,13685.060563921508,3.228629908360615,0.0
9q92vz,2018-06,4767.421251244409,13997.101399834737,2.935990058814535,0.0
9q92vz,2018-07,4641.855002706411,14225.481064083975,3.0646112504138707,0.0
9q92vz,2018-08,4511.4711799532515,13794.057719406996,3.057551997827443,0.0
9q92vz,2018-09,4140.0677521871075,12514.099520704833,3.0226798858772073,0.0
9q92vz,2018-10,4124.350283551149,11436.705665225521,2.7729714691881813,0.0
9q92vz,2018-11,2954.125244607341,9046.738862713948,3.062408704312207,0.0
9q92vz,2018-12,2883.3404386563366,8165.433435198513,2.831935253196699,9.094947017729282e-13
9q92vz,2019-01,2575.97315828146,8520.24619418171,3.307583453185484,0.0
9q92vz,2019-02,3126.9845565788864,8955.691186906639,2.864002371890418,0.0
9q92vz,2019-03,4485.128682579655,13075.863450844026,2.915382004897872,0.0
9q92vz,2019-04,4821.154824460846,14674.691174475209,3.043812469995981,0.0
9q92vz,2019-05,5108.870799746223,15964.781411111977,3.1249139069841045,0.0
9q92vz,2019-06,5123.672278254297,16331.45145554165,3.1874504395714376,0.0
9q92vz,2019-07,5341.2271520355425,17022.174284398152,3.1869407160320824,0.0
9q92vz,2019-08,5550.402666647278,16490.957110916133,2.9711280606741095,0.0
9q92vz,2019-09,5445.259779100294,14634.288162359162,2.6875280071168888,0.0
9q92vz,2019-10,5212.069305691008,13384.730401284458,2.568026174684554,0.0
9q92vz,2019-11,3805.0700947270084,10398.169279999,2.732714252599073,0.0
9q92vz,2019-12,2734.574000344268,9277.41387009929,3.392635880005922,0.0
9q92vz,2020-01,3671.8723687558227,10035.46579412569,2.7330649832815697,0.0
9q92vz,2020-02,4711.28265637718,11241.380261268785,2.38605515337792,0.0
9q92vz,2020-03,5110.489553826661,14846.606842340665,2.905124193282763,0.0
9q92vz,2020-04,5445.025910557908,16502.916356940063,3.030824210577382,0.0
9q92vz,2020-05,6692.608641289549,18672.38699827092,2.7900013281925706,0.0
9q92vz,2020-06,6377.9515344633055,18719.45612153982,2.935026398427318,0.0
9q92vz,2020-07,5964.453500802666,19415.01897367566,3.25512118940367,0.0
9q92vz,2020-08,5444.108193208525,18481.642408030217,3.394797045195739,0.0
9q92vz,2020-09,5342.8195082417715,16399.438588511624,3.0694352603927646,0.0
9q92vz,2020-10,5349.098059196523,14950.056301763922,2.7948742267045934,1.8189894035458565e-12
9q92vz,2020-11,4749.410448483823,12121.438919994089,2.5521986468580904,0.0
9q92vz,2020-12,4301.743598733811,10856.506437702441,2.5237455902527475,0.0
9q92vz,2021-01,3969.757347283602,11499.983232946299,2.8968982803987826,0.0
9q92vz,2021-02,4846.8308836030255,12296.884785714808,2.5370979679352006,0.0
9q92vz,2021-03,6525.362227151234,17365.233027175644,2.6611906623238526,0.0
9q92vz,2021-04,6970.19846541339,19386.31684603407,2.7813148997450106,0.0
9q92vz,2021-05,7728.52851369519,21381.08752833498,2.7665146722881384,0.0
9q92vz,2021-06,7930.136928915548,21505.864546266086,2.711915915077021,0.0
9q92vz,2021-07,7271.501624364033,22013.65937861162,3.0273883601775227,0.0
9q92vz,2021-08,6684.979079119031,20844.68059391573,3.1181369974702617,0.0
9q92vz,2021-09,7036.001403468063,18592.781803511378,2.642521048154844,0.0
9q92vz,2021-10,6280.425191729236,16637.65802953107,2.649129242306937,0.0
9q92vz,2021-11,5307.777829960311,14018.721711564387,2.6411658815925256,0.0
9q92vz,2021-12,3898.11093481806,12257.725537697883,3.1445296818547313,0.0
9q92vz,2022-01,5342.205640424155,13807.628191724092,2.584630604116507,1.8189894035458565e-12
9q92vz,2022-02,6254.85954075346,14754.463103412429,2.3588800047834657,0.0
9q92vz,2022-03,7511.193181342087,21110.205379091673,2.810499592998051,0.0
9q92vz,2022-04,8621.546526753726,23098.866184501956,2.6792021724667747,0.0
9q92vz,2022-05,9628.687407971891,25617.764613187013,2.660566651273492,0.0
9q92vz,2022-06,9323.68337950873,25596.51102033064,2.745321776647389,0.0
9q92vz,2022-07,9124.986580092873,26387.095916932914,2.89174079165214,0.0
9q92vz,2022-08,9087.593679034397,25636.764687787352,2.821072947719136,3.637978807091713e-12
9q92vz,2022-09,8223.192781398846,22973.31205087696,2.7937216919981993,0.0
9q92vz,2022-10,6701.853874548395,21611.428303105575,3.224694048489958,0.0
9q92vz,2022-11,6545.371475142503,17132.62278939498,2.61751725695935,0.0
9q92vz,2022-12,4412.370907532288,14799.004276490115,3.3539801133279554,0.0
9q92vz,2023-01,3.9913342150280187,,,
9q97v8,2018-01,8277.623355938471,9448.856195707149,1.1414938551085947,0.0
9q97v8,2018-02,13162.170213158066,10352.87865516006,0.7865631949365318,0.0
9q97v8,2018-03,12689.998415784277,14397.932932309115,1.134589025196445,0.0
9q97v8,2018-04,17190.227016641238,16371.592185833802,0.9523778929728535,0.0
9q97v8,2018-05,19462.841263495095,18029.89031578892,0.9263750380375426,0.0
9q97v8,2018-06,21368.733462367996,18441.000081747483,0.8629898498300576,0.0
9q97v8,2018-07,21542.417142164213,18741.88733595709,0.8699992768812491,0.0
9q97v8,2018-08,20629.119990988962,18173.492658574105,0.8809630593312995,0.0
9q97v8,2018-09,19385.256249036043,16487.1642843881,0.8505001983251033,0.0
9q97v8,2018-10,17017.762150174607,15067.711812806892,0.8854108830432968,0.0
9q97v8,2018-11,11743.239239325912,11918.961457893403,1.0149636922987169,0.0
9q97v8,2018-12,10771.132696672234,10757.85295431076,0.9987670988060915,0.0
9q97v8,2019-01,10623.592635975087,11225.31417578133,1.0566401179360558,0.0
9q97v8,2019-02,10687.874767319781,11799.007322458954,1.1039619736691408,1.8189894035458565e-12
9q97v8,2019-03,16276.923324837653,17227.280997534293,1.0583868126506715,0.0
9q97v8,2019-04,20677.174696849284,19333.715847147578,0.9350269623680058,0.0
9q97v8,2019-05,21057.795278797497,21033.39305028345,0.9988411783764173,0.0
9q97v8,2019-06,24906.462999780462,21516.476091989625,0.863891275617067,0.0
9q97v8,2019-07,25879.118217898213,22426.494486480788,0.8665865002684071,0.0
9q97v8,2019-08,24970.461430921026,21726.622730195355,0.870092961249454,0.0
9q97v8,2019-09,22085.409275564933,19280.485401182268,0.8729965182268095,0.0
9q97v8,2019-10,21343.92959046059,17634.209210427594,0.8261931869522747,0.0
9q97v8,2019-11,15402.759570762162,13699.453555773322,0.8894155292651525,0.0
9q97v8,2019-12,9763.212323824846,12222.872797001117,1.2519314741495524,0.0
9q97v8,2020-01,13503.084201493975,13221.596403669046,0.9791538145193684,0.0
9q97v8,2020-02,20207.117551722502,14810.373119070196,0.7329285377373245,1.8189894035458565e-12
9q97v8,2020-03,17920.59983422635,19560.212516322095,1.0914931808791506,0.0
9q97v8,2020-04,22805.47048929153,21742.378882173187,0.9533843597913262,0.0
9q97v8,2020-05,26373.66942456764,24600.628396219257,0.9327723040807981,0.0
9q97v8,2020-06,28895.66685261051,24662.641357421333,0.8535065649538123,0.0
9q97v8,2020-07,30158.986672948562,25579.036419991146,0.8481397832552029,0.0
9q97v8,2020-08,26702.275162854203,24349.324865313687,0.9118820294079761,0.0
9q97v8,2020-09,23542.185057791667,21606.048260458152,0.9177588319614063,0.0
9q97v8,2020-10,22588.181219514197,19696.505841288905,0.8719828148125914,0.0
9q97v8,2020-11,17668.246484278618,15969.839020895237,0.9038723245742218,0.0
9q97v8,2020-12,16617.73504682125,14303.306833765357,0.8607254113430691,0.0
9q97v8,2021-01,15107.587469063978,15151.07918996438,1.0028787998738686,0.0
9q97v8,2021-02,19302.15745277221,16200.986680091037,0.839335536440991,0.0
9q97v8,2021-03,25479.28140194861,22878.469943604978,0.8979244580208323,0.0
9q97v8,2021-04,30930.247071140682,25541.22173800341,0.8257684356435201,0.0
9q97v8,2021-05,34576.56890075845,28169.30631527259,0.8146935109762926,0.0
9q97v8,2021-06,33609.077908706204,28333.698422762423,0.8430370657512972,0.0
9q97v8,2021-07,33491.42439926365,29002.71154750163,0.8659742625977799,0.0
9q97v8,2021-08,32188.696910293595,27462.597116067096,0.8531751748945406,0.0
9q97v8,2021-09,29975.24146952621,24495.74958158942,0.8171994079344643,0.0
9q97v8,2021-10,24200.87358965704,21919.899293313098,0.9057482661568554,0.0
9q97v8,2021-11,21299.70428969435,18469.484562854308,0.867123989687997,0.0
9q97v8,2021-12,14924.23997185083,16149.394877241784,1.0820916112111414,0.0
9q97v8,2022-01,21135.58128154569,18191.371580356572,0.8606989009684904,0.0
9q97v8,2022-02,25671.173455468404,19438.81433190027,0.7572234423027306,0.0
9q97v8,2022-03,31033.519299633368,27812.42258673157,0.8962058836511058,0.0
9q97v8,2022-04,33716.992554395205,30432.45748021116,0.902585170700348,0.0
9q97v8,2022-05,38950.49879613881,33751.073585245824,0.86651197361795,0.0
9q97v8,2022-06,37156.036733854286,33723.07225151208,0.9076068175157578,0.0
9q97v8,2022-07,39017.20118675626,34764.65762882763,0.8910084929574065,0.0
9q97v8,2022-08,38530.9845039655,33776.10593782006,0.8765959752298548,0.0
9q97v8,2022-09,32973.58093727534,30267.041532844403,0.9179179413488784,0.0
9q97v8,2022-10,30386.080260967556,28472.77730723272,0.9370335713819408,0.0
9q97v8,2022-11,24752.948009228232,22572.008963478107,0.9118917453817201,0.0
9q97v8,2022-12,18047.254850115667,19497.49675141725,1.0803580330275153,0.0
9q97v8,2023-01,34.91455341701272,,,
9q9fy1,2018-01,2770.8812569328716,3595.0877518301613,1.2974528384553063,0.0
9q9fy1,2018-02,5121.616371927998,3939.048968303655,0.7691026977135396,4.547473508864641e-13
9q9fy1,2018-03,5287.538281097106,5478.105631466095,1.0360408455197885,0.0
9q9fy1,2018-04,6775.732488986059,6229.040777654108,0.9193162197267088,0.0
9q9fy1,2018-05,7941.67134626007,6859.987759215013,0.8637964806294272,0.0
9q9fy1,2018-06,8107.690959635934,7016.40623502237,0.8654012924214164,0.0
9q9fy1,2018-07,7920.196466215307,7130.887401830921,0.9003422367423216,0.0
9q9fy1,2018-08,7866.780548990862,6914.625380212537,0.8789650781728662,0.0
9q9fy1,2018-09,7424.931535086522,6273.0134900502,0.8448580920116324,0.0
9q9fy1,2018-10,6627.405624641789,5732.9421746242015,0.8650356563823671,0.0
9q9fy1,2018-11,4478.801483905123,4534.909989557894,1.0125275714617852,0.0
9q9fy1,2018-12,4143.396933123432,4093.1330301760486,0.9878689143814439,0.0
9q9fy1,2019-01,4046.9701991096435,4270.992029927567,1.0553554436519472,0.0
9q9fy1,2019-02,4475.167666440428,4489.270005823387,1.0031512426872211,0.0
9q9fy1,2019-03,6974.241091843974,6554.612074603274,0.9398315871627331,0.0
9q9fy1,2019-04,8246.406084688571,7356.065496162748,0.8920328953749981,0.0
9q9fy1,2019-05,8764.913569395936,8002.756330322638,0.9130445231388831,0.0
9q9fy1,2019-06,9242.353886843815,8186.559098655993,0.8857655959602768,0.0
9q9fy1,2019-07,9562.983487581487,8532.801640209507,0.8922740116920859,0.0
9q9fy1,2019-08,9308.907042584298,8266.515401244758,0.8880221236960428,0.0
9q9fy1,2019-09,8451.73396165848,7335.812449619264,0.8679653764420859,0.0
9q9fy1,2019-10,8072.583990544915,6709.439558877137,0.831139021499885,0.0
9q9fy1,2019-11,6007.05791171014,5212.349163224927,0.8677041639741795,0.0
9q9fy1,2019-12,4042.277142698827,4650.541756010729,1.1504757323259123,0.0
9q9fy1,2020-01,5250.9152488184245,5030.534734147784,0.9580300758576837,0.0
9q9fy1,2020-02,7737.446884003081,5635.030303942426,0.7282803214575427,0.0
9q9fy1,2020-03,7663.172712447472,7442.242635947094,0.9711698946649713,0.0
9q9fy1,2020-04,9343.418420724445,8272.510280182298,0.8853836901741671,0.0
9q9fy1,2020-05,10621.617736233127,9360.01310663975,0.8812229303555416,0.0
9q9fy1,2020-06,10747.348813736982,9383.607712447552,0.8731090685782589,0.0
9q9fy1,2020-07,11163.481416028131,9732.27643986232,0.8717958204229249,0.0
9q9fy1,2020-08,9703.935953074431,9264.397486374435,0.9547051352332204,0.0
9q9fy1,2020-09,8734.187469662753,8220.639393571728,0.9412025356823657,0.0
9q9fy1,2020-10,8454.669249985789,7494.099331942423,0.8863858668338823,0.0
9q9fy1,2020-11,7029.552676596699,6076.182288476778,0.8643768057540914,0.0
9q9fy1,2020-12,5910.719824326891,5442.102424217294,0.9207173721581428,0.0
9q9fy1,2021-01,5980.105922647907,5764.661679113778,0.9639731726626785,0.0
9q9fy1,2021-02,7428.314402299205,6164.12903051912,0.8298153116151363,0.0
9q9fy1,2021-03,10147.139084528513,8704.768637735964,0.8578544716124221,0.0
9q9fy1,2021-04,11979.957863200782,9717.88876190028,0.8111788766595773,0.0
9q9fy1,2021-05,13061.376607868226,10717.818751183717,0.8205734412961694,0.0
9q9fy1,2021-06,12520.882734715315,10780.366433135185,0.8609909270410795,0.0
9q9fy1,2021-07,12453.520397931496,11034.911622600155,0.8860877302158698,0.0
9q9fy1,2021-08,12003.918392896523,10448.931011382609,0.8704600172528582,0.0
9q9fy1,2021-09,11253.136558093422,9320.10896013856,0.8282232168803995,0.0
9q9fy1,2021-10,9515.627530492711,8340.053000969909,0.8764585387820522,0.0
9q9fy1,2021-11,7692.516198828451,7027.243971042832,0.9135169545841271,0.0
9q9fy1,2021-12,4892.815038784482,6144.499452644661,1.2558209137149672,0.0
9q9fy1,2022-01,8325.998335811746,6921.427927672756,0.8313030640304528,0.0
9q9fy1,2022-02,10049.56181203966,7396.0532224488115,0.7359577821182343,0.0
9q9fy1,2022-03,11821.373796088614,10582.03212318019,0.8951609437036422,0.0
9q9fy1,2022-04,13185.501860040175,11578.89937989593,0.8781538619312478,0.0
9q9fy1,2022-05,15125.59939336647,12841.56185090029,0.8489952376057326,0.0
9q9fy1,2022-06,14215.177795245909,12830.907942124872,0.9026202926857525,0.0
9q9fy1,2022-07,14766.777538444912,13227.208907544771,0.895741056104359,0.0
9q9fy1,2022-08,14085.336140614629,12851.08612582576,0.9123734071755698,0.0
9q9fy1,2022-09,12315.942347139986,11515.962148762515,0.935045149138487,0.0
9q9fy1,2022-10,12240.219888723823,10833.282974962176,0.8850562386499468,0.0
9q9fy1,2022-11,9672.375725275842,8588.166787390466,0.8879066561638913,0.0
9q9fy1,2022-12,5669.373696614606,7418.3806283573795,1.308500907743508,0.0
9q9fy1,2023-01,10.052581298443615,,,
9q9hgh,2018-01,4471.2787407833475,5311.047174654587,1.1878139303218918,0.0
9q9hgh,2018-02,7539.855811385017,5819.183379678326,0.7717897430997933,0.0
9q9hgh,2018-03,7745.129559650533,8092.842079208269,1.0448943451339017,9.094947017729282e-13
9q9hgh,2018-04,9862.756929954283,9202.20359186686,0.9330254874191162,0.0
9q9hgh,2018-05,11184.146553494422,10134.305786610226,0.9061313474512565,0.0
9q9hgh,2018-06,12625.457947778237,10365.383846826566,0.8209907228474522,0.0
9q9hgh,2018-07,12581.868135900595,10534.507640041402,0.8372769072330891,0.0
9q9hgh,2018-08,11954.712962943546,10215.022309449208,0.8544765851855315,0.0
9q9hgh,2018-09,11147.76030983602,9267.164773917082,0.8313028371932586,0.0
9q9hgh,2018-10,9583.753245638933,8469.313808403085,0.8837157626378819,0.0
9q9hgh,2018-11,6835.240597907753,6699.452850655241,0.9801341671434248,0.0
9q9hgh,2018-12,5882.951962107849,6046.8127945792785,1.0278535050986068,9.094947017729282e-13
9q9hgh,2019-01,5681.064017429318,6309.565084182311,1.1106308721086002,0.0
9q9hgh,2019-02,6213.742347354487,6632.02859750842,1.067316317087402,9.094947017729282e-13
9q9hgh,2019-03,9380.038211201538,9683.172245811467,1.0323169296099381,0.0
9q9hgh,2019-04,11553.07215098795,10867.164744471283,0.9406298690467356,0.0
9q9hgh,2019-05,12925.032716955906,11822.525437931808,0.9146998461692282,0.0
9q9hgh,2019-06,14602.9016244196,12094.058496604328,0.8281955742535527,0.0
9q9hgh,2019-07,15242.76054881113,12605.564918423066,0.8269870065895805,0.0
9q9hgh,2019-08,14547.668976180319,12212.178477053683,0.8394594692145759,0.0
9q9hgh,2019-09,12951.491189861335,10837.244783388787,0.8367565266826094,0.0
9q9hgh,2019-10,12160.624287167517,9911.899923597071,0.8150815031804405,0.0
9q9hgh,2019-11,8436.941970194483,7700.238271671192,0.9126811940717534,0.0
9q9hgh,2019-12,5569.442802312237,6870.276432418166,1.2335662069401032,9.094947017729282e-13
9q9hgh,2020-01,7575.77616273886,7431.642599877082,0.9809744163811633,0.0
9q9hgh,2020-02,11627.56484555097,8324.667947148417,0.7159425088335384,0.0
9q9hgh,2020-03,10140.922211449377,10994.474809305852,1.0841691297949994,0.0
9q9hgh,2020-04,13281.848117357275,12221.034751793404,0.9201305905480461,0.0
9q9hgh,2020-05,15893.626780853443,13827.60994900394,0.8700097302940089,0.0
9q9hgh,2020-06,16810.915703321225,13862.46641793125,0.8246110243234716,0.0
9q9hgh,2020-07,17782.885601744496,14377.557060345724,0.808505288868039,1.8189894035458565e-12
9q9hgh,2020-08,15530.199912796486,13686.356353843596,0.881273675206614,0.0
9q9hgh,2020-09,13721.502448082832,12144.405544164283,0.8850638324858586,0.0
9q9hgh,2020-10,13174.480903830545,11071.08305304419,0.8403430187389941,0.0
9q9hgh,2020-11,10354.888446472169,8976.384723703226,0.8668741116917983,0.0
9q9hgh,2020-12,9576.67262878268,8039.654300400951,0.8395039291870308,0.0
9q9hgh,2021-01,8773.389960476017,8516.17324448084,0.970682174489686,0.0
9q9hgh,2021-02,11267.621997879813,9106.309033786136,0.8081837530136915,0.0
9q9hgh,2021-03,14969.315121860407,12859.612913741616,0.8590648809952639,0.0
9q9hgh,2021-04,18056.186594933748,14356.302047487909,0.7950904789340202,0.0
9q9hgh,2021-05,20191.809068647377,15833.505306777664,0.7841548646259228,0.0
9q9hgh,2021-06,19618.168342984787,15925.907415555235,0.8117937993558987,0.0
9q9hgh,2021-07,19964.89715010457,16301.94872599102,0.8165305637903392,0.0
9q9hgh,2021-08,19056.037050810468,15436.275650827558,0.81004647554309,0.0
9q9hgh,2021-09,17445.088760385013,13768.659286555088,0.7892570496873307,0.0
9q9hgh,2021-10,13826.447543439415,12320.816064843388,0.8911049657646557,0.0
9q9hgh,2021-11,12064.199240428168,10381.394506717086,0.860512521372172,0.0
9q9hgh,2021-12,8593.94405457945,9077.31012713727,1.0562449638359293,0.0
9q9hgh,2022-01,11970.680614507408,10225.071758298032,0.8541763068932061,0.0
9q9hgh,2022-02,14777.973900889534,10926.238879895196,0.7393597358591566,0.0
9q9hgh,2022-03,17924.750809788915,15632.906813278616,0.8721408168609688,0.0
9q9hgh,2022-04,19792.29882365948,17105.58547726688,0.8642546088087082,0.0
9q9hgh,2022-05,22886.990642907374,18970.925188587196,0.828895571487737,0.0
9q9hgh,2022-06,21872.44280843694,18955.186097914957,0.8666241015659807,0.0
9q9hgh,2022-07,22596.582231457218,19540.644164031633,0.864761049431124,0.0
9q9hgh,2022-08,22708.269678316756,18984.995463619507,0.8360388410283651,0.0
9q9hgh,2022-09,18524.86676188368,17012.60788487806,0.9183660051948547,0.0
9q9hgh,2022-10,17707.696608569644,16004.081376627442,0.9037923864633113,0.0
9q9hgh,2022-11,14558.060407493587,12687.356220557507,0.8715004516691552,0.0
9q9hgh,2022-12,9995.085798244123,10959.22330593812,1.0964611537265014,1.8189894035458565e-12
9q9hgh,2023-01,2.41266490230098,,,
9q9hq4,2018-01,6853.765101728581,8154.752185674523,1.189820786769862,0.0
9q9hq4,2018-02,11571.397018836416,8934.960813515827,0.7721592128393067,0.0
9q9hq4,2018-03,11197.591295054184,12426.009309178182,1.1097037730486352,0.0
9q9hq4,2018-04,14890.189958913734,14129.358558875663,0.9489038486320577,0.0
9q9hq4,2018-05,17275.953362987762,15560.538166191023,0.9007050342893453,0.0
9q9hq4,2018-06,19152.387653525122,15915.34283175741,0.830984789973593,0.0
9q9hq4,2018-07,19102.79317826713,16175.02092856474,0.8467359080747805,0.0
9q9hq4,2018-08,18379.885985476565,15684.472904368911,0.8533498475867849,0.0
9q9hq4,2018-09,17014.105587889175,14229.102041448385,0.8363120804643891,1.8189894035458565e-12
9q9hq4,2018-10,14649.564834373583,13004.056077647296,0.8876752466486046,0.0
9q9hq4,2018-11,10165.340241781832,10286.554794207292,1.0119242986011663,0.0
9q9hq4,2018-12,9106.428022138787,9284.470318448455,1.0195512769525907,0.0
9q9hq4,2019-01,8865.470796919068,9687.90861177724,1.0927686564760877,0.0
9q9hq4,2019-02,9423.815433482498,10183.02943326898,1.0805633350043147,0.0
9q9hq4,2019-03,14370.325981745938,14867.853257381295,1.0346218503510183,0.0
9q9hq4,2019-04,17593.712466595407,16685.793316800242,0.9483952490687226,0.0
9q9hq4,2019-05,19266.090062044117,18152.684769070467,0.9422090684000717,0.0
9q9hq4,2019-06,22117.17773993063,18569.605336874807,0.839601035684992,0.0
9q9hq4,2019-07,23066.12229489078,19354.988703684045,0.8391089085646284,0.0
9q9hq4,2019-08,21988.60527690464,18750.970543596744,0.8527585223102581,0.0
9q9hq4,2019-09,19502.75119704149,16639.85324886088,0.8532054314154968,0.0
9q9hq4,2019-10,18610.180063164225,15219.049070374189,0.8177808607288964,0.0
9q9hq4,2019-11,12981.008000624455,11823.192830180264,0.9108069904595626,0.0
9q9hq4,2019-12,8502.023518211292,10548.842800872677,1.240744956571469,0.0
9q9hq4,2020-01,11436.243093767645,11410.782420406757,0.9977736855405982,0.0
9q9hq4,2020-02,17931.555395796335,12781.9621827099,0.7128194905895533,0.0
9q9hq4,2020-03,15256.512588091004,16881.269273862436,1.10649594239772,0.0
9q9hq4,2020-04,20181.997921769238,18764.56875190025,0.9297676486062818,0.0
9q9hq4,2020-05,23689.98380658287,21231.35584116295,0.8962165620080869,0.0
9q9hq4,2020-06,25478.909056177934,21284.875581587465,0.8353919524049036,0.0
9q9hq4,2020-07,26912.341301746954,22075.76227566454,0.8202839741123357,0.0
9q9hq4,2020-08,23385.52907252839,21014.470540394912,0.8986100111406577,0.0
9q9hq4,2020-09,20888.055087890323,18646.909808597655,0.8927068475325903,0.0
9q9hq4,2020-10,19990.60714355759,16998.896028534695,0.850344159457556,0.0
9q9hq4,2020-11,15984.94961539963,13782.629025477445,0.8622253655525753,0.0
9q9hq4,2020-12,14901.766198338937,12344.343087580675,0.8283812081923999,0.0
9q9hq4,2021-01,13090.766763007925,13076.005558834007,0.9988723957548743,0.0
9q9hq4,2021-02,17005.191151110717,13982.118978546778,0.8222265103814206,0.0
9q9hq4,2021-03,22603.179235333788,19745.06214437513,0.8735524298948714,0.0
9q9hq4,2021-04,27322.13324323577,22043.126647160618,0.8067864412680114,0.0
9q9hq4,2021-05,30645.49907398148,24311.271913289253,0.7933064445972725,0.0
9q9hq4,2021-06,29520.054744076864,24453.149074936544,0.8283571723335986,0.0
9q9hq4,2021-07,30102.82516863728,25030.5349646372,0.8315011904834547,0.0
9q9hq4,2021-08,28796.504107226974,23701.352758262256,0.8230635451444954,0.0
9q9hq4,2021-09,26380.960868635222,21140.84110317571,0.8013673652164208,0.0
9q9hq4,2021-10,20911.43902551234,18917.776180477973,0.9046616140284721,0.0
9q9hq4,2021-11,18335.25185498017,15939.926112500872,0.8693595396766428,0.0
9q9hq4,2021-12,13494.058336379376,13937.59312712796,1.0328688953087475,0.0
9q9hq4,2022-01,18369.103709808347,15699.90315047101,0.8546907567454097,0.0
9q9hq4,2022-02,22578.979732045325,16776.49763915383,0.7430139819534761,0.0
9q9hq4,2022-03,27002.9702752783,24003.26655210344,0.8889120829081109,0.0
9q9hq4,2022-04,30416.04142557503,26264.46460947817,0.8635069975737854,0.0
9q9hq4,2022-05,34686.83971153732,29128.56703366802,0.8397584581330266,0.0
9q9hq4,2022-06,33525.422600493286,29104.400729012985,0.8681292723983366,0.0
9q9hq4,2022-07,33996.66311804453,30003.331822502332,0.8825375513568375,0.0
9q9hq4,2022-08,34327.980022966956,29150.170985261662,0.8491665098196541,0.0
9q9hq4,2022-09,28074.333146823985,26121.703831835337,0.9304478825987877,0.0
9q9hq4,2022-10,26963.10142833827,24573.17988222416,0.9113632549851147,0.0
9q9hq4,2022-11,22057.357565093887,19480.573692466107,0.8831780341310882,0.0
9q9hq4,2022-12,15464.804629562612,16827.142984887225,1.0880928267739225,0.0
9q9hq4,2023-01,30.971592555096983,,,
9q9jb9,2018-01,5224.472124995141,6386.081819906753,1.2223401076932134,9.094947017729282e-13
9q9jb9,2018-02,9108.855645557915,6997.072322198713,0.7681615116615611,0.0
9q9jb9,2018-03,9260.059200727088,9730.953232734086,1.0508521621514064,1.8189894035458565e-12
9q9jb9,2018-04,11919.328702147839,11064.865953656965,0.9283128463151703,0.0
9q9jb9,2018-05,12755.75147047392,12185.639444156592,0.9553054927703019,0.0
9q9jb9,2018-06,14964.086454173656,12463.491127788617,0.8328935525704882,0.0
9q9jb9,2018-07,15105.467992855265,12666.848082762976,0.8385604529931987,0.0
9q9jb9,2018-08,13689.114402038294,12282.6941872453,0.8972599560871828,0.0
9q9jb9,2018-09,13200.436157134594,11142.976241524548,0.8441369746333702,0.0
9q9jb9,2018-10,11370.820304170049,10183.628418334603,0.8955931186952216,0.0
9q9jb9,2018-11,8084.381858929089,8055.521377603726,0.9964300942448078,0.0
9q9jb9,2018-12,6962.95457343813,7270.777303602786,1.0442086368535162,0.0
9q9jb9,2019-01,6332.228769337061,7586.714549986203,1.1981112537695755,9.094947017729282e-13
9q9jb9,2019-02,7095.598312890369,7974.449456552732,1.1238586381173494,0.0
9q9jb9,2019-03,11010.996034688576,11643.189789972812,1.05741476550283,1.8189894035458565e-12
9q9jb9,2019-04,13814.693096992949,13066.839914317485,0.945865378447079,0.0
9q9jb9,2019-05,14798.287707424917,14215.57976831032,0.9606232862453249,0.0
9q9jb9,2019-06,16937.96110248884,14542.075141533029,0.8585493291395171,0.0
9q9jb9,2019-07,17680.813262840864,15157.118042437902,0.8572636234043078,0.0
9q9jb9,2019-08,17030.333907117267,14684.10435628283,0.8622323224177122,0.0
9q9jb9,2019-09,15301.521933435228,13030.863709769146,0.8516057269633758,0.0
9q9jb9,2019-10,14367.618710193883,11918.215338943037,0.8295191833346062,0.0
9q9jb9,2019-11,9647.889219119765,9258.880597095756,0.9596794062215093,0.0
9q9jb9,2019-12,6425.5373598228225,8260.922183515137,1.2856391179309745,0.0
9q9jb9,2020-01,8720.021655841429,8935.917181380742,1.0247585996985098,0.0
9q9jb9,2020-02,13451.358668641775,10009.70409145395,0.7441407472680721,0.0
9q9jb9,2020-03,12603.804391235388,13219.919422707291,1.0488832587643415,0.0
9q9jb9,2020-04,15497.709906275266,14694.753272258824,0.9481886911761517,0.0
9q9jb9,2020-05,18347.62315347676,16626.523095012577,0.906194930860129,0.0
9q9jb9,2020-06,19995.79047860636,16668.43502974084,0.8335972037501852,0.0
9q9jb9,2020-07,21073.74003411343,17287.787650599665,0.8203473907628547,0.0
9q9jb9,2020-08,18181.16340357141,16456.677679149067,0.9051498693376469,0.0
9q9jb9,2020-09,16296.727514269609,14602.613177542757,0.8960457346271842,0.0
9q9jb9,2020-10,15537.493626574731,13312.034310130448,0.8567684486358892,0.0
9q9jb9,2020-11,12472.37913861736,10793.338000477848,0.8653792416443777,0.0
9q9jb9,2020-12,11275.96783372781,9666.999459379638,0.8573099535158705,0.0
9q9jb9,2021-01,10450.505910088787,10239.97289862002,0.9798542756417639,0.0
9q9jb9,2021-02,13435.835262247005,10949.560916091164,0.8149520072531734,0.0
9q9jb9,2021-03,18193.71264173829,15462.589116396692,0.8498864097107859,1.8189894035458565e-12
9q9jb9,2021-04,21190.705675968442,17262.23030819063,0.8146132824527432,0.0
9q9jb9,2021-05,23859.194224719202,19038.44139580365,0.7979498895264018,0.0
9q9jb9,2021-06,23340.317171863055,19149.547060577544,0.8204493075039478,0.0
9q9jb9,2021-07,23873.072018774856,19601.704704284417,0.8210801144012282,0.0
9q9jb9,2021-08,22555.747037549605,18560.80657148941,0.8228859164181248,0.0
9q9jb9,2021-09,20762.044442955186,16555.639944975304,0.7973993115399979,0.0
9q9jb9,2021-10,16379.970837641864,14814.73180159214,0.9044418911630331,0.0
9q9jb9,2021-11,14071.607731198865,12482.742582480922,0.8870871630968513,0.0
9q9jb9,2021-12,10151.743463894723,10914.69220104166,1.075154453997031,0.0
9q9jb9,2022-01,13723.681673118921,12294.777793450085,0.8958804267175854,0.0
9q9jb9,2022-02,17452.145873636204,13137.871530089546,0.7527940475180221,1.8189894035458565e-12
9q9jb9,2022-03,21200.54882609126,18797.23879482727,0.8866392539656206,0.0
9q9jb9,2022-04,24495.60852496393,20568.009442006023,0.8396610935811121,0.0
9q9jb9,2022-05,27325.631794384535,22810.92155080075,0.8347811213458726,0.0
9q9jb9,2022-06,26244.389534642192,22791.996634960517,0.8684521545024101,0.0
9q9jb9,2022-07,26429.36179112927,23495.96008875692,0.8890097413038208,0.0
9q9jb9,2022-08,27114.648789235674,22827.839857987652,0.8419006285285223,0.0
9q9jb9,2022-09,22099.894238651897,20456.211807210668,0.9256248734183311,0.0
9q9jb9,2022-10,21210.141716975173,19243.544589723155,0.9072803400611847,0.0
9q9jb9,2022-11,17606.545048470532,15255.465116077146,0.8664655714155787,0.0
9q9jb9,2022-12,11953.15795461993,13177.532492714392,1.1024310515047815,0.0
9q9jb9,2023-01,24.41100802970068,,,
9q9jk9,2018-01,5215.509831554609,6541.696610061148,1.2542774956501686,0.0
9q9jk9,2018-02,9222.07754212137,7167.575609162547,0.7772191869375432,9.094947017729282e-13
9q9jk9,2018-03,9058.842362018931,9968.07519390186,1.1003696494041086,0.0
9q9jk9,2018-04,11890.302722167184,11334.492438569428,0.953255161236429,0.0
9q9jk9,2018-05,13129.411706562481,12482.57671782078,0.9507338940084884,0.0
9q9jk9,2018-06,14911.302463566948,12767.199036822316,0.8562095140928595,0.0
9q9jk9,2018-07,14642.390665994819,12975.511354218766,0.8861607131103818,0.0
9q9jk9,2018-08,13871.603215099021,12581.996471866936,0.9070326102012226,0.0
9q9jk9,2018-09,12949.676381775605,11414.506102622629,0.8814510699809102,0.0
9q9jk9,2018-10,11345.94285275815,10431.781079703516,0.9194283115190903,0.0
9q9jk9,2018-11,8125.654577749685,8251.816743700108,1.0155264003340594,0.0
9q9jk9,2018-12,7181.522121685153,7447.950179908967,1.0370991070847382,0.0
9q9jk9,2019-01,6590.689513750034,7771.586123190482,1.1791764893455783,0.0
9q9jk9,2019-02,7247.012417834924,8168.769277966547,1.127191290284418,9.094947017729282e-13
9q9jk9,2019-03,11356.865486686953,11926.908756780676,1.0501937150494522,0.0
9q9jk9,2019-04,14153.79213224046,13385.250108328635,0.9457006280203036,0.0
9q9jk9,2019-05,14915.444718030125,14561.982229937565,0.9763022494619094,0.0
9q9jk9,2019-06,17148.237015094815,14896.43357842386,0.8686860092562987,0.0
9q9jk9,2019-07,17894.82345081872,15526.463724193323,0.8676511264201917,1.8189894035458565e-12
9q9jk9,2019-08,17118.842279997185,15041.923733241829,0.8786764599623558,0.0
9q9jk9,2019-09,15323.798213147847,13348.39724267898,0.8710893381006565,0.0
9q9jk9,2019-10,14439.639292680191,12208.636074424876,0.8454945325825234,0.0
9q9jk9,2019-11,9694.892223978046,9484.49918480165,0.9782985685332285,0.0
9q9jk9,2019-12,6757.805676201253,8462.222716192664,1.252214568109557,0.0
9q9jk9,2020-01,8980.738614020296,9153.665859871357,1.0192553478375481,0.0
9q9jk9,2020-02,13794.955870204178,10253.61859891354,0.7432875244683024,0.0
9q9jk9,2020-03,12608.430850955112,13542.059828176236,1.074047991241543,1.8189894035458565e-12
9q9jk9,2020-04,16014.358362643969,15052.8321399152,0.93995849218838,0.0
9q9jk9,2020-05,18547.809222558826,17031.674951094712,0.9182580404363815,0.0
9q9jk9,2020-06,19934.839296050275,17074.608187633945,0.8565209848978801,0.0
9q9jk9,2020-07,20821.98649460124,17709.053071768525,0.8504977695744909,0.0
9q9jk9,2020-08,17685.092045961854,16857.690775426105,0.9532147602972372,0.0
9q9jk9,2020-09,15673.087241193693,14958.446793429988,0.9544033388721649,0.0
9q9jk9,2020-10,15523.083040936372,13636.419353122164,0.8784607617675669,0.0
9q9jk9,2020-11,12494.61156696317,11056.347945445066,0.884889288969895,0.0
9q9jk9,2020-12,11203.038458853072,9902.56300753286,0.883917612521224,0.0
9q9jk9,2021-01,10787.724162514485,10489.498551241351,0.9723550948485115,0.0
9q9jk9,2021-02,13739.378979652582,11216.377670447308,0.8163671507320871,0.0
9q9jk9,2021-03,17766.877486267163,15839.378457411876,0.8915116609350664,0.0
9q9jk9,2021-04,21298.6217906009,17682.872953048747,0.8302355488960423,0.0
9q9jk9,2021-05,23905.821033568038,19502.366404318185,0.8157998998207752,0.0
9q9jk9,2021-06,23322.210707095437,19616.179470155257,0.8410943420636932,0.0
9q9jk9,2021-07,23495.25962576189,20079.35520270384,0.8546130378013526,0.0
9q9jk9,2021-08,22203.85949854491,19013.092668218567,0.8562967473949543,0.0
9q9jk9,2021-09,20775.61410458815,16959.064534349996,0.8162966663211513,0.0
9q9jk9,2021-10,16798.60460320771,15175.734282536252,0.9033925520003269,0.0
9q9jk9,2021-11,14352.939325958867,12786.919607189397,0.8908920547070696,0.0
9q9jk9,2021-12,10162.292879863542,11180.659281383534,1.100210298360705,1.8189894035458565e-12
9q9jk9,2022-01,13887.240730551997,12594.374529019406,0.906902585861547,0.0
9q9jk9,2022-02,17885.970758158855,13458.012608592067,0.752434004872398,0.0
9q9jk9,2022-03,21391.272793553577,19255.28622563545,0.9001468220927077,0.0
9q9jk9,2022-04,24400.115964748376,21069.20666488441,0.8634879725704485,0.0
9q9jk9,2022-05,27244.248629930877,23366.77361634915,0.8576773004001335,0.0
9q9jk9,2022-06,25710.69292204009,23347.387541868888,0.9080808367422375,0.0
9q9jk9,2022-07,26570.278259788607,24068.50503913486,0.9058431682125089,0.0
9q9jk9,2022-08,26970.541281531467,23384.104185529693,0.867023911067827,0.0
9q9jk9,2022-09,22282.378939514834,20954.684767236016,0.9404150617901785,0.0
9q9jk9,2022-10,20505.34618349249,19712.467512668143,0.9613330755926159,0.0
9q9jk9,2022-11,17584.55894787188,15627.207300047585,0.8886891815924005,1.8189894035458565e-12
9q9jk9,2022-12,12187.886369013971,13498.64002178085,1.1075456082442063,1.8189894035458565e-12
9q9jk9,2023-01,19.32896927778392,,,
9q9m24,2018-01,8389.353520347517,9946.924245748243,1.185660399412541,0.0
9q9m24,2018-02,14162.173932476264,10898.59953155887,0.7695569609243772,0.0
9q9m24,2018-03,13871.15621490808,15156.876685043517,1.0926902163176277,0.0
9q9m24,2018-04,18433.43244757744,17234.571453077908,0.9349626827283005,0.0
9q9m24,2018-05,20266.58359636359,18980.281783924467,0.9365309004192536,0.0
9q9m24,2018-06,22784.447027496626,19413.06196535373,0.8520312975744262,0.0
9q9m24,2018-07,22515.018588738236,19729.809586668347,0.876295505105067,0.0
9q9m24,2018-08,21484.636661446882,19131.45369252492,0.8904713630487113,0.0
9q9m24,2018-09,20039.819973715392,17356.235587384876,0.8660874004931004,0.0
9q9m24,2018-10,17681.289743639154,15861.960945796714,0.8971042936221921,0.0
9q9m24,2018-11,12565.570861756729,12547.233681418726,0.9985406806789963,0.0
9q9m24,2018-12,11232.164980540047,11324.92083349139,1.008258056493298,0.0
9q9m24,2019-01,10553.97027346759,11817.022868011209,1.1196755876524402,0.0
9q9m24,2019-02,11792.612032316165,12420.95652433036,1.0532828935856022,0.0
9q9m24,2019-03,17283.07533180628,18135.365328191183,1.0493135613901086,0.0
9q9m24,2019-04,21508.960614825533,20352.83455872373,0.946249096978451,0.0
9q9m24,2019-05,23014.009753378075,22142.10513620366,0.9621141806005172,0.0
9q9m24,2019-06,26215.651164159317,22650.652448251876,0.8640125818891989,0.0
9q9m24,2019-07,27262.128664207386,23608.639726791844,0.86598665928049,0.0
9q9m24,2019-08,25991.020534457937,22871.876334766384,0.8799914687629788,0.0
9q9m24,2019-09,23084.095005978812,20296.798229816017,0.8792546653684764,0.0
9q9m24,2019-10,21932.51797348446,18563.74353855556,0.8464027505185854,0.0
9q9m24,2019-11,15543.156071211986,14421.579067880548,0.9278411026568311,0.0
9q9m24,2019-12,10285.115132266363,12867.164793176116,1.2510472296814037,0.0
9q9m24,2020-01,13647.69318640288,13918.533112494992,1.0198451065973515,0.0
9q9m24,2020-02,21120.45541663837,15591.057416408505,0.7381970278977085,0.0
9q9m24,2020-03,18917.79207520916,20591.270318939532,1.0884605474612117,0.0
9q9m24,2020-04,23749.959360323468,22888.463024930978,0.963726408019388,0.0
9q9m24,2020-05,28410.097809242052,25897.37656989315,0.9115553471086082,0.0
9q9m24,2020-06,30272.338192580064,25962.65835792712,0.8576363739319854,0.0
9q9m24,2020-07,31741.465959324185,26927.358431434528,0.8483337998925821,0.0
9q9m24,2020-08,27327.0921291966,25632.82632880234,0.9380005090777995,0.0
9q9m24,2020-09,23746.23963403286,22744.94614431729,0.9578335978602471,0.0
9q9m24,2020-10,23469.16821973013,20734.74793681903,0.8834888285213142,0.0
9q9m24,2020-11,18525.93412947842,16811.641077764427,0.9074652301075488,0.0
9q9m24,2020-12,17164.47997281728,15057.262656171626,0.8772338387191005,0.0
9q9m24,2021-01,15982.519688836159,15949.722783629424,0.9979479515217089,0.0
9q9m24,2021-02,20696.26143751038,17054.97299095909,0.824060569705032,0.0
9q9m24,2021-03,26888.961847350485,24084.4397114497,0.8956998729879514,0.0
9q9m24,2021-04,32101.138440891817,26887.55046216096,0.8375886890014604,0.0
9q9m24,2021-05,36250.270811815826,29654.16661760553,0.8180398643515709,0.0
9q9m24,2021-06,35290.58013626257,29827.224160860675,0.8451893974452388,0.0
9q9m24,2021-07,35205.73950337831,30531.502301342432,0.8672308189524796,0.0
9q9m24,2021-08,34127.135932439174,28910.205367410585,0.8471324820413748,0.0
9q9m24,2021-09,31441.23064970983,25786.96938382752,0.8201641236986856,0.0
9q9m24,2021-10,25396.478516550545,23075.340890897973,0.9086039576652362,0.0
9q9m24,2021-11,21442.25594880187,19443.047920254572,0.9067631673961523,0.0
9q9m24,2021-12,15128.231994525733,17000.66168131335,1.1237705561010152,0.0
9q9m24,2022-01,20983.520682024715,19150.27504792311,0.9126340302048535,0.0
9q9m24,2022-02,26984.58314071348,20463.472994162395,0.758339415045021,0.0
9q9m24,2022-03,31898.20380556238,29278.470836146756,0.9178720850432713,0.0
9q9m24,2022-04,37170.525994271164,32036.612992919007,0.8618821535605008,0.0
9q9m24,2022-05,41990.13029866422,35530.15996980042,0.8461550301721902,0.0
9q9m24,2022-06,39507.87177416346,35500.68262993403,0.8985723866085349,0.0
9q9m24,2022-07,40854.78741838885,36597.17204929295,0.8957866228627215,0.0
9q9m24,2022-08,40761.72984084673,35556.51182759056,0.8723013465429502,0.0
9q9m24,2022-09,34335.769351469244,31862.4776411456,0.9279674882188766,0.0
9q9m24,2022-10,31095.65265108892,29973.63417063918,0.96391719147884,0.0
9q9m24,2022-11,26335.52637499134,23761.824562011338,0.902272626856472,0.0
9q9m24,2022-12,17698.998413239053,20525.24868101831,1.1596841923927848,0.0
9q9m24,2023-01,29.18823487886199,,,
9q9peh,2018-01,6663.009309569148,8262.524240991808,1.2400589369019042,0.0
9q9peh,2018-02,11734.87873545602,9053.043996073306,0.7714646397427388,0.0
9q9peh,2018-03,11803.758723339692,12590.22969652415,1.0666288587913408,0.0
9q9peh,2018-04,15614.995555345029,14316.090169785915,0.916816794410518,0.0
9q9peh,2018-05,17346.864478132353,15766.184045039365,0.9088780318145904,0.0
9q9peh,2018-06,19482.304657217268,16125.67775904936,0.8277089411531999,0.0
9q9peh,2018-07,19405.346137143813,16388.78772497749,0.8445501362950532,0.0
9q9peh,2018-08,18110.81349610174,15891.756687246036,0.877473377475101,1.8189894035458565e-12
9q9peh,2018-09,17411.312234656692,14417.151848163565,0.8280336171024869,0.0
9q9peh,2018-10,15060.543376559515,13175.91584959858,0.8748632449813064,0.0
9q9peh,2018-11,10668.837550823488,10422.500452280516,0.9769105961760606,0.0
9q9peh,2018-12,8700.85152285715,9407.17256935306,1.081178381752683,0.0
9q9peh,2019-01,8692.280709186738,9815.94264629412,1.1292712436127148,1.8189894035458565e-12
9q9peh,2019-02,9229.08022227345,10317.60691476593,1.1179453061709694,0.0
9q9peh,2019-03,14581.491183363736,15064.34471012202,1.0331141390607004,1.8189894035458565e-12
9q9peh,2019-04,17802.08889299845,16906.310409092755,0.9496812711536339,0.0
9q9peh,2019-05,19201.95698241598,18392.58809200973,0.9578496665132922,0.0
9q9peh,2019-06,22298.031555619997,18815.018623265223,0.8437972910897189,0.0
9q9peh,2019-07,23416.22123940384,19610.781505935374,0.8374870268536398,0.0
9q9peh,2019-08,22361.565893307696,18998.7807269923,0.8496176349026702,0.0
9q9peh,2019-09,19698.854876884758,16859.76320369164,0.8558752937195048,0.0
9q9peh,2019-10,18812.81311025119,15420.181877471645,0.8196637997253645,1.8189894035458565e-12
9q9peh,2019-11,13471.806199584948,11979.44647991833,0.8892234866240434,0.0
9q9peh,2019-12,8666.253948371655,10688.254820267468,1.233318903870309,0.0
9q9peh,2020-01,11620.632258907319,11561.585712306403,0.9949188180741495,0.0
9q9peh,2020-02,17987.21635718929,12950.886793054084,0.7200050600313016,0.0
9q9peh,2020-03,16100.648249788068,17104.369748847403,1.0623404401790186,0.0
9q9peh,2020-04,20455.65542590372,19012.55864729981,0.9294524302175885,0.0
9q9peh,2020-05,23841.803666464853,21511.946446993297,0.9022784831187641,0.0
9q9peh,2020-06,25831.066337727338,21566.173496762633,0.834892884977975,0.0
9q9peh,2020-07,26805.809465478753,22367.512437897993,0.834427793225326,0.0
9q9peh,2020-08,23687.27614867852,21292.194820664452,0.8988874316750984,0.0
9q9peh,2020-09,21285.37551406719,18893.344739988817,0.8876209267486254,0.0
9q9peh,2020-10,20056.65673278245,17223.551042127667,0.8587448681801443,0.0
9q9peh,2020-11,16647.925152999676,13964.778307752476,0.8388299550491587,0.0
9q9peh,2020-12,14395.147713486,12507.48418565443,0.8688680682266897,0.0
9q9peh,2021-01,14058.578663128026,13248.816204985998,0.9424008303011582,0.0
9q9peh,2021-02,17094.888545614096,14166.904691919644,0.828721676313844,0.0
9q9peh,2021-03,23698.63882710034,20006.010102230302,0.8441839317519211,0.0
9q9peh,2021-04,27452.86145173976,22334.445501528386,0.8135561948903143,0.0
9q9peh,2021-05,30757.610216817855,24632.56625575563,0.8008608627950838,0.0
9q9peh,2021-06,30123.92359738895,24776.31844597095,0.8224797930412518,0.0
9q9peh,2021-07,30784.798738654954,25361.334986196285,0.8238265645814117,0.0
9q9peh,2021-08,28457.94230176536,24014.58649515559,0.8438623650475905,0.0
9q9peh,2021-09,26458.62596291888,21420.235478988605,0.809574749233333,0.0
9q9peh,2021-10,20751.935544323856,19167.790843656097,0.9236627977528072,0.0
9q9peh,2021-11,18065.046345178886,16150.585928965644,0.8940240517719921,0.0
9q9peh,2021-12,12772.732158696354,14121.790393125244,1.1056201772390866,0.0
9q9peh,2022-01,18683.497611841296,15907.390857305429,0.8514139690431187,0.0
9q9peh,2022-02,22900.849992859636,16998.213466984056,0.7422525134343926,0.0
9q9peh,2022-03,27891.356009275973,24320.49033913565,0.8719723175541289,0.0
9q9peh,2022-04,31303.725235174545,26611.57207127745,0.8501087928466501,0.0
9q9peh,2022-05,34813.36753427866,29513.526069355263,0.8477641825455421,0.0
9q9peh,2022-06,34141.31928800178,29489.04038622461,0.863734647670393,0.0
9q9peh,2022-07,35235.300642238995,30399.85162632395,0.8627669147764144,0.0
9q9peh,2022-08,34284.23063884134,29535.415535727676,0.8614868989437484,3.637978807091713e-12
9q9peh,2022-09,29168.795377667033,26466.924587322148,0.9073711905012861,0.0
9q9peh,2022-10,27892.966931009905,24897.935563487034,0.892624138015481,0.0
9q9peh,2022-11,22644.398958241425,19738.02620822557,0.8716515834500398,0.0
9q9peh,2022-12,15146.762573739461,17049.528134467233,1.1256219308558169,0.0
9q9peh,2023-01,31.640385656031107,,,
9q9pk4,2018-01,7079.037865553783,8879.27584727795,1.2543054601366137,0.0
9q9pk4,2018-02,12746.159389252205,9728.80351743806,0.7632733296620757,0.0
9q9pk4,2018-03,12211.744948114076,13530.020511335804,1.1079514491027196,1.8189894035458565e-12
9q9pk4,2018-04,16177.306964748164,15384.706896396916,0.9510054380448861,0.0
9q9pk4,2018-05,17821.550233505615,16943.042236454938,0.9507052986109464,0.0
9q9pk4,2018-06,20688.06273662587,17329.37016227462,0.837650696582379,0.0
9q9pk4,2018-07,20945.678513235787,17612.11982781307,0.8408474242877255,0.0
9q9pk4,2018-08,18965.152814392295,17077.988179910437,0.9004930435862492,0.0
9q9pk4,2018-09,18649.28266096995,15493.312268524249,0.8307725583970766,1.8189894035458565e-12
9q9pk4,2018-10,16270.179731536275,14159.424887213883,0.8702684986182947,0.0
9q9pk4,2018-11,11368.387181068154,11200.48230237557,0.9852305453695142,0.0
9q9pk4,2018-12,9453.100754485171,10109.36582452988,1.0694232598476572,0.0
9q9pk4,2019-01,9022.671804761478,10548.648320460812,1.1691269004037186,0.0
9q9pk4,2019-02,9286.025702597499,11087.759044080232,1.1940263142905958,0.0
9q9pk4,2019-03,15082.912485789726,16188.814487955991,1.0733215155367495,1.8189894035458565e-12
9q9pk4,2019-04,18808.233426971958,18168.27270984462,0.9659744377582212,0.0
9q9pk4,2019-05,19823.68962542554,19765.49277811382,0.9970642777196694,0.0
9q9pk4,2019-06,23723.84896222552,20219.4554055057,0.8522839374715412,0.0
9q9pk4,2019-07,24751.591897341208,21074.617573647814,0.8514449357866001,0.0
9q9pk4,2019-08,23433.279079920398,20416.93433103475,0.8712794424289384,0.0
9q9pk4,2019-09,20853.410235045754,18118.251013735586,0.8688387563242043,0.0
9q9pk4,2019-10,20388.57167695463,16571.212926188236,0.8127696823862759,0.0
9q9pk4,2019-11,14579.714481077272,12873.64571533523,0.8829833898354926,0.0
9q9pk4,2019-12,8939.521994299512,11486.073759919287,1.2848644219728573,0.0
9q9pk4,2020-01,11873.917752428591,12424.593959096605,1.0463769598332768,0.0
9q9pk4,2020-02,19524.0144539441,13917.598659727806,0.7128451319557528,0.0
9q9pk4,2020-03,16250.264401620256,18381.116080770713,1.1311272005480721,0.0
9q9pk4,2020-04,21218.537910285846,20431.74069667363,0.9629193483104785,0.0
9q9pk4,2020-05,25025.45990335711,23117.69393269531,0.9237669965695265,0.0
9q9pk4,2020-06,27473.669736755066,23175.968730958197,0.843570187493108,0.0
9q9pk4,2020-07,28845.443645142994,24037.1231794022,0.8333074531668567,0.0
9q9pk4,2020-08,25528.790540798327,22881.539066319085,0.8963032945000434,0.0
9q9pk4,2020-09,22950.589412684018,20303.628132404883,0.8846669585393634,0.0
9q9pk4,2020-10,21611.778050361336,18509.193596552228,0.8564401111940332,0.0
9q9pk4,2020-11,17948.96848358845,15007.171552422988,0.8361021730103722,0.0
9q9pk4,2020-12,15562.188232035398,13441.09850702977,0.8637023474218569,0.0
9q9pk4,2021-01,14858.005100498804,14237.766849787267,0.95825561732438,0.0
9q9pk4,2021-02,18503.773644306202,15224.385550069028,0.8227719298086921,1.8189894035458565e-12
9q9pk4,2021-03,24740.49356935026,21499.34779251055,0.8689942960210382,0.0
9q9pk4,2021-04,28487.027853072002,24001.587979639215,0.8425444768556617,0.0
9q9pk4,2021-05,31542.278642666093,26471.250701583467,0.839230767106875,0.0
9q9pk4,2021-06,31404.607506307333,26625.733195473123,0.8478288795720686,0.0
9q9pk4,2021-07,31762.63417976725,27254.41797561695,0.8580654180432545,0.0
9q9pk4,2021-08,30279.138851200274,25807.142179495317,0.8523076665528192,0.0
9q9pk4,2021-09,27577.734653616844,23019.13724960632,0.8347000773896901,0.0
9q9pk4,2021-10,21505.390101591755,20598.56011548853,0.9578324326218056,0.0
9q9pk4,2021-11,19443.71494898324,17356.137588921345,0.8926348506168025,0.0
9q9pk4,2021-12,13776.031490826825,15175.903719097249,1.1016165090216707,0.0
9q9pk4,2022-01,19838.965228882054,17094.789354049437,0.8616774694056332,0.0
9q9pk4,2022-02,24496.284312946118,18267.035821264824,0.745706393177794,0.0
9q9pk4,2022-03,29600.064971271928,26135.88004872492,0.882966982474223,0.0
9q9pk4,2022-04,33105.29305585843,28597.97832462716,0.8638491215399878,0.0
9q9pk4,2022-05,37227.88026817724,31716.547092898763,0.8519568362319672,3.637978807091713e-12
9q9pk4,2022-06,35239.502285978815,31690.233689332883,0.8992815344597496,0.0
9q9pk4,2022-07,35206.70502560862,32669.03193666759,0.92792074444072,0.0
9q9pk4,2022-08,36531.98603349356,31740.070486525387,0.8688295910719224,0.0
9q9pk4,2022-09,30403.35985534495,28442.53370828561,0.9355062678470839,0.0
9q9pk4,2022-10,28746.845353084547,26756.428356259305,0.930760507026846,0.0
9q9pk4,2022-11,23650.089480547,21211.36038719795,0.8968828809144681,0.0
9q9pk4,2022-12,15659.220913462153,18322.18084405749,1.1700569872097535,0.0
9q9pk4,2023-01,34.14030216954212,,,
9q9w99,2018-01,2278.620003869247,9135.27644596776,4.009126765522755,0.0
9q9w99,2018-02,4574.451260494908,10009.297058559796,2.188086939520019,0.0
9q9w99,2018-03,4557.323618296022,13920.107880031443,3.054447971205555,0.0
9q9w99,2018-04,6046.003697784156,15828.26718711052,2.6179718005980606,1.8189894035458565e-12
9q9w99,2018-05,7265.245124580866,17431.53127889063,2.3993039436362116,0.0
9q9w99,2018-06,7416.530026911464,17828.99752071733,2.40395406693203,0.0
9q9w99,2018-07,7371.121599849954,18119.89921181532,2.4582282311262054,0.0
9q9w99,2018-08,7259.996126144961,17570.36788222759,2.4201621566921427,0.0
9q9w99,2018-09,6638.760438670851,15940.003787590671,2.4010512105151403,1.8189894035458565e-12
9q9w99,2018-10,5798.785702757409,14567.658769185395,2.5121912613977537,0.0
9q9w99,2018-11,4050.492522015565,11523.406178639849,2.8449395020499106,0.0
9q9w99,2018-12,3401.1841834119023,10400.83145167867,3.0580030044844744,0.0
9q9w99,2019-01,3550.1184599831836,10852.779009928478,3.0570188381769903,0.0
9q9w99,2019-02,3907.0028275212835,11407.432968196812,2.9197401363116033,0.0
9q9w99,2019-03,5766.604974483037,16655.558203578425,2.8882779863157797,0.0
9q9w99,2019-04,6870.991706776953,18692.0866751812,2.720435051136059,0.0
9q9w99,2019-05,8027.672161221747,20335.356590391653,2.5331573315391562,0.0
9q9w99,2019-06,8590.329792278662,20802.40752660443,2.4216075551956666,0.0
9q9w99,2019-07,8862.505920835429,21682.22508678377,2.4465117744869027,3.637978807091713e-12
9q9w99,2019-08,8550.358160602033,21005.58001589179,2.456690073251011,0.0
9q9w99,2019-09,7650.053264272564,18640.622791176254,2.436665752149998,0.0
9q9w99,2019-10,7291.070709744095,17048.981665788895,2.3383371722076314,0.0
9q9w99,2019-11,5198.519297446095,13244.80897989995,2.5478041384605032,0.0
9q9w99,2019-12,3450.5939805508237,11817.231594151468,3.4246948962291603,0.0
9q9w99,2020-01,4468.388726264354,12782.810501381595,2.8607203366722826,0.0
9q9w99,2020-02,7057.953470183381,14318.86038990675,2.02875528301474,1.8189894035458565e-12
9q9w99,2020-03,6981.629366956582,18911.066585992012,2.7086895611354525,0.0
9q9w99,2020-04,8376.678933947669,21020.813267521502,2.5094447851321724,0.0
9q9w99,2020-05,9526.743950240181,23784.205885796997,2.496572387168794,3.637978807091713e-12
9q9w99,2020-06,9883.183903697334,23844.16081918581,2.412599123068592,0.0
9q9w99,2020-07,10295.051367995678,24730.143424582908,2.40213890544167,0.0
9q9w99,2020-08,9162.126835719193,23541.242380043448,2.5694080427119026,0.0
9q9w99,2020-09,8180.950485145647,20889.007058217216,2.553371652370455,0.0
9q9w99,2020-10,7724.470223900164,19042.83673631746,2.4652612003600343,0.0
9q9w99,2020-11,6262.201386820101,15439.847028232061,2.465562200016103,1.8189894035458565e-12
9q9w99,2020-12,5345.871378120837,13828.622143419918,2.586785420991724,0.0
9q9w99,2021-01,5434.560141845526,14648.25942826357,2.6953900676291265,1.8189894035458565e-12
9q9w99,2021-02,6514.456747300283,15663.323576383074,2.4043944390104763,1.8189894035458565e-12
9q9w99,2021-03,8817.61555701819,22119.20080766499,2.508524063521877,0.0
9q9w99,2021-04,10791.506549143838,24693.58370068413,2.288242479234119,0.0
9q9w99,2021-05,11861.072036688493,27234.449879560452,2.296120434587974,3.637978807091713e-12
9q9w99,2021-06,11520.281719193421,27393.386296450484,2.377839966431689,3.637978807091713e-12
9q9w99,2021-07,11534.82173822147,28040.196843027537,2.4309172243307677,0.0
9q9w99,2021-08,11073.86343646305,26551.194280371226,2.3976450886097957,3.637978807091713e-12
9q9w99,2021-09,10324.274766753313,23682.8076905949,2.2938955254134967,0.0
9q9w99,2021-10,8450.86079082956,21192.442298271457,2.5077258782050236,0.0
9q9w99,2021-11,6762.898934537611,17856.536685663985,2.6403672239536227,0.0
9q9w99,2021-12,4755.114758656748,15613.443953748123,3.2835051825665507,0.0
9q9w99,2022-01,7180.53915137504,17587.653455174812,2.44934998395028,0.0
9q9w99,2022-02,8867.205035012215,18793.6972503008,2.119461225503839,0.0
9q9w99,2022-03,10738.202762437368,26889.41007243849,2.5040885022676838,0.0
9q9w99,2022-04,11853.495424037501,29422.493712857522,2.4821786874099727,0.0
9q9w99,2022-05,13652.226551443064,32630.974708822512,2.390157721589623,3.637978807091713e-12
9q9w99,2022-06,12858.920341856949,32603.902657008475,2.5355085645005375,3.637978807091713e-12
9q9w99,2022-07,13557.551134378058,33610.920878767225,2.47912919860133,0.0
9q9w99,2022-08,13065.52853978157,32655.17631123048,2.499338332299599,0.0
9q9w99,2022-09,11085.096360546717,29262.567434325152,2.639811733028717,3.637978807091713e-12
9q9w99,2022-10,11034.654910318002,27527.849561751333,2.494672446531273,0.0
9q9w99,2022-11,8574.332931754832,21822.9103662216,2.545143807677561,0.0
9q9w99,2022-12,5516.212914436315,18850.432172888504,3.4172778435646682,0.0
9q9w99,2023-01,11.544106129936868,,,
9q9wtp,2018-01,14711.522850164927,20366.23254704608,1.3843728317233832,0.0
9q9wtp,2018-02,28342.182079998776,22314.778620308927,0.7873345304649843,0.0
9q9wtp,2018-03,28459.23138371991,31033.56048845394,1.0904567333538977,0.0
9q9wtp,2018-04,38132.211194964235,35287.62071472505,0.9254019006216235,0.0
9q9wtp,2018-05,45035.41516803101,38861.94597139914,0.8629196783553982,0.0
9q9wtp,2018-06,46277.94688348577,39748.05926622077,0.8588985022670662,0.0
9q9wtp,2018-07,45548.48225668636,40396.5970006038,0.8868922738841363,0.0
9q9wtp,2018-08,45061.55401535536,39171.46901280096,0.8692880187721163,0.0
9q9wtp,2018-09,41606.173610819875,35536.72686962413,0.8541214869223793,0.0
9q9wtp,2018-10,36401.9302977479,32477.213789211684,0.8921838354055903,0.0
9q9wtp,2018-11,25290.008445628904,25690.341322055603,1.015829685359235,3.637978807091713e-12
9q9wtp,2018-12,21478.402852277024,23187.667420947822,1.0795806178153322,0.0
9q9wtp,2019-01,21600.578316906704,24195.24164432538,1.120120086108428,0.0
9q9wtp,2019-02,24598.26368320628,25431.790046997805,1.0338855772312332,3.637978807091713e-12
9q9wtp,2019-03,35210.08864906471,37131.987584750575,1.054583757366851,0.0
9q9wtp,2019-04,44300.03984376552,41672.23469020624,0.9406816525938386,0.0
9q9wtp,2019-05,49851.77661742143,45335.74913650556,0.9094109019308717,0.0
9q9wtp,2019-06,53412.13532068426,46376.99490881315,0.8682857300193595,0.0
9q9wtp,2019-07,54987.20672993381,48338.46472700308,0.8790856564948715,0.0
9q9wtp,2019-08,53147.38185510734,46829.948707032905,0.8811336903613184,0.0
9q9wtp,2019-09,47313.12348776484,41557.50084108649,0.878350397894006,0.0
9q9wtp,2019-10,45618.768472442855,38009.08788579063,0.8331896971035279,0.0
9q9wtp,2019-11,33008.629178240364,29528.045628538224,0.8945553439705828,0.0
9q9wtp,2019-12,22496.745741192277,26345.39722276493,1.1710759203063599,0.0
9q9wtp,2020-01,28172.776824950888,28498.063831540785,1.0115461464310402,3.637978807091713e-12
9q9wtp,2020-02,43642.65235943211,31922.541395914413,0.7314528258504268,0.0
9q9wtp,2020-03,43512.361383248666,42160.429635710374,0.9689299384229981,0.0
9q9wtp,2020-04,52241.92043943889,46863.90979698715,0.8970556480846419,0.0
9q9wtp,2020-05,58533.2834368877,53024.63158964081,0.905888555642253,0.0
9q9wtp,2020-06,61479.047338208344,53158.29542816408,0.8646571105067687,0.0
9q9wtp,2020-07,63931.95814684668,55133.50963004186,0.8623779284752162,0.0
9q9wtp,2020-08,56333.71341977254,52482.96749355247,0.9316440246442461,0.0
9q9wtp,2020-09,50103.066107042076,46570.060352395834,0.9294852385461162,0.0
9q9wtp,2020-10,47869.808742764464,42454.19869022781,0.8868679404666469,0.0
9q9wtp,2020-11,38924.7071009908,34421.6748040054,0.8843142920689883,0.0
9q9wtp,2020-12,31888.08755078757,30829.60171418055,0.9668062302287276,0.0
9q9wtp,2021-01,33122.44408747772,32656.905315345615,0.9859449148467849,0.0
9q9wtp,2021-02,41306.43624309382,34919.894576047845,0.8453862824316207,0.0
9q9wtp,2021-03,55076.685809413815,49312.66065873191,0.8953454612242354,0.0
9q9wtp,2021-04,67596.79427626634,55052.00319253202,0.8144173667102601,0.0
9q9wtp,2021-05,74785.97852632932,60716.62339050761,0.8118717517232402,0.0
9q9wtp,2021-06,71743.59487901011,61070.95706018056,0.8512391547032442,0.0
9q9wtp,2021-07,71367.29086813885,62512.95983736907,0.8759329249707767,7.275957614183426e-12
9q9wtp,2021-08,68399.8729823323,59193.369824568596,0.865401750670769,0.0
9q9wtp,2021-09,64058.460029373055,52798.57392892839,0.8242248393844995,0.0
9q9wtp,2021-10,51522.03662069371,47246.54044563277,0.9170161652083508,0.0
9q9wtp,2021-11,41805.84823564985,39809.45522295753,0.952246082858094,0.0
9q9wtp,2021-12,28742.291573633524,34808.692687418545,1.2110618458602647,0.0
9q9wtp,2022-01,44617.132785764734,39210.00555851299,0.8788105176275041,0.0
9q9wtp,2022-02,54985.73687740363,41898.76583180495,0.7619933497521834,0.0
9q9wtp,2022-03,68070.84862037802,59947.389860313175,0.8806617087239754,0.0
9q9wtp,2022-04,73961.21962235619,65594.65962680866,0.8868790963931241,0.0
9q9wtp,2022-05,85186.64548849592,72747.66375022997,0.8539796740799498,0.0
9q9wtp,2022-06,79865.85578834977,72687.3091779265,0.9101174520755536,0.0
9q9wtp,2022-07,84695.85496856498,74932.36080879468,0.8847228809084691,0.0
9q9wtp,2022-08,81242.03987655048,72801.6189277845,0.8961077176103476,0.0
9q9wtp,2022-09,70033.08569298597,65238.11915447171,0.9315328392135306,7.275957614183426e-12
9q9wtp,2022-10,68566.72078447176,61370.73015915022,0.8950512647682108,0.0
9q9wtp,2022-11,52119.80844600085,48652.10921646369,0.9334667694888039,0.0
9q9wtp,2022-12,32243.000235777596,42025.250961597594,1.3033914540919607,0.0
9q9wtp,2023-01,71.55882233632738,,,
9qbbed,2018-01,2478.1586263067757,3478.922234260752,1.4038335550155738,0.0
9qbbed,2018-02,4929.150569283539,3811.769276201202,0.7733115924586678,4.547473508864641e-13
9qbbed,2018-03,4901.939849364889,5301.095494326828,1.0814280993296266,0.0
9qbbed,2018-04,6322.358536067651,6027.766206392591,0.9534046783341255,0.0
9qbbed,2018-05,7300.829676808342,6638.325846188454,0.9092563640096436,0.0
9qbbed,2018-06,8146.401986553215,6789.690082863448,0.833458758120553,0.0
9qbbed,2018-07,8083.572545986281,6900.472101024655,0.8536413895921466,0.0
9qbbed,2018-08,7427.083848377257,6691.198000538131,0.9009186023933324,0.0
9qbbed,2018-09,7089.925382732686,6070.3180597590745,0.8561892730977344,0.0
9qbbed,2018-10,6077.189179309701,5547.697685231227,0.9128723035509291,0.0
9qbbed,2018-11,4406.006913165166,4388.376663410431,0.9959985878138194,0.0
9qbbed,2018-12,3538.1604026128507,3960.874529200992,1.1194728555200542,4.547473508864641e-13
9qbbed,2019-01,3481.8218335978704,4132.9864973953545,1.187018375700349,0.0
9qbbed,2019-02,4042.841165723777,4344.211412060323,1.0745441717798954,0.0
9qbbed,2019-03,6171.159608385761,6342.817549219193,1.027816156399548,0.0
9qbbed,2019-04,7402.1527834824265,7118.374175498543,0.9616626924241387,0.0
9qbbed,2019-05,8113.89453729398,7744.168947964436,0.9544330299549532,0.0
9qbbed,2019-06,9435.09426194158,7922.032627967258,0.8396347093131257,0.0
9qbbed,2019-07,9783.814018357438,8257.087280150441,0.8439538266628547,0.0
9qbbed,2019-08,9405.372750676463,7999.405359329305,0.850514442264286,0.0
9qbbed,2019-09,8454.24299471763,7098.775551265859,0.8396701580143021,0.0
9qbbed,2019-10,7870.1750721192975,6492.642202940316,0.8249679509596936,0.0
9qbbed,2019-11,5512.880364887958,5043.926226124085,0.9149348239532485,0.0
9qbbed,2019-12,3213.167320206321,4500.272102706685,1.4005719759460633,0.0
9qbbed,2020-01,4908.160960058789,4867.986637583053,0.9918147911605462,0.0
9qbbed,2020-02,7378.900894692786,5452.949571297294,0.7389921140178591,0.0
9qbbed,2020-03,7222.735494490423,7201.766734561429,0.9970968395637652,0.0
9qbbed,2020-04,8606.55228149966,8005.206530000838,0.9301293094109875,0.0
9qbbed,2020-05,10043.814009573722,9057.569649888035,0.9018057922273748,0.0
9qbbed,2020-06,10935.863329365273,9080.40185995345,0.8303324197158273,0.0
9qbbed,2020-07,11408.702556605505,9417.804302377042,0.8254930177774022,0.0
9qbbed,2020-08,10073.48273833792,8965.04358926148,0.8899646549392582,0.0
9qbbed,2020-09,8795.731655913418,7955.011710514592,0.9044172812123474,0.0
9qbbed,2020-10,8205.283223206,7251.9478219637085,0.8838144430473662,0.0
9qbbed,2020-11,6965.853610614667,5879.8469250276785,0.844095677817272,0.0
9qbbed,2020-12,6069.21536785058,5266.255633147143,0.8676995812412889,0.0
9qbbed,2021-01,5600.837620489976,5578.392259896989,0.9959924993163749,0.0
9qbbed,2021-02,7192.157329511225,5964.951906447433,0.8293689408005217,0.0
9qbbed,2021-03,9830.520271230002,8423.497630203592,0.8568720065463675,0.0
9qbbed,2021-04,11557.34337776643,9403.881523235965,0.8136715520044847,0.0
9qbbed,2021-05,12931.043211857032,10371.50148484924,0.8020622400626705,0.0
9qbbed,2021-06,12732.452087517278,10432.028107970376,0.8193259268729386,0.0
9qbbed,2021-07,12909.44706978565,10678.348359486628,0.8271731780425459,0.0
9qbbed,2021-08,12083.245530159988,10111.302123640886,0.8368034977360099,0.0
9qbbed,2021-09,11196.658399853392,9018.954897735875,0.8055041580846987,0.0
9qbbed,2021-10,8695.829444423951,8070.566790815297,0.9280962606724547,0.0
9qbbed,2021-11,7042.936974697406,6800.177626816009,0.9655315177810707,0.0
9qbbed,2021-12,4990.290004943848,5945.956605183413,1.1915052230016276,0.0
9qbbed,2022-01,7403.781481745662,6697.7807421129155,0.9046432230106438,0.0
9qbbed,2022-02,9575.554233966637,7157.06980678134,0.7474313895475219,0.0
9qbbed,2022-03,11529.686629819622,10240.102433731148,0.8881509760418659,0.0
9qbbed,2022-04,13274.543347902802,11204.758626679271,0.8440786498655317,0.0
9qbbed,2022-05,14635.36646293714,12426.621581904074,0.8490816826058623,0.0
9qbbed,2022-06,14233.717563676722,12416.311925317326,0.8723168680122426,0.0
9qbbed,2022-07,14954.508136018168,12799.80749906415,0.855916315176934,0.0
9qbbed,2022-08,14618.327331746184,12435.838105697285,0.8507018500461915,0.0
9qbbed,2022-09,12404.01894542962,11143.85504160228,0.8984068059415808,0.0
9qbbed,2022-10,11612.517619699114,10483.23479515858,0.9027529721354434,0.0
9qbbed,2022-11,9200.491746904232,8310.663452646622,0.9032847027380881,0.0
9qbbed,2022-12,5915.98451852682,7178.675763077995,1.2134372124532886,0.0
9qbbed,2023-01,10.390674982302347,,,
9qbcde,2018-01,2845.181602285222,3875.261521806093,1.3620436455421758,4.547473508864641e-13
9qbcde,2018-02,5416.50652002011,4246.028456914918,0.7839053532421768,0.0
9qbcde,2018-03,5400.070466030095,5905.027479566436,1.0935093378341716,0.0
9qbcde,2018-04,6854.313413323949,6714.484794179356,0.97959990874173,0.0
9qbcde,2018-05,7920.168425247477,7394.602980083983,0.9336421377747315,0.0
9qbcde,2018-06,8909.863320513277,7563.211521081968,0.8488583100561266,9.094947017729282e-13
9qbcde,2018-07,8720.752963533341,7686.614478486496,0.8814163766166531,0.0
9qbcde,2018-08,8037.34123545934,7453.498641305866,0.9273587400298916,0.0
9qbcde,2018-09,7615.476523031446,6761.884405015356,0.8879134988553145,0.0
9qbcde,2018-10,6732.127394468423,6179.724042827778,0.9179452022707507,0.0
9qbcde,2018-11,4866.2675435191195,4888.32634987598,1.0045330032020616,9.094947017729282e-13
9qbcde,2018-12,3807.0253939478253,4412.12065752774,1.15894174610494,0.0
9qbcde,2019-01,3864.2251318837148,4603.840633679393,1.191400727585231,0.0
9qbcde,2019-02,4287.759144109315,4839.129533266385,1.1285917353624126,0.0
9qbcde,2019-03,6676.725806391589,7065.428639438577,1.0582175821380722,0.0
9qbcde,2019-04,8025.897889464027,7929.341239209798,0.9879693647260348,0.0
9qbcde,2019-05,8506.91073853432,8626.430233727031,1.0140496942857664,1.8189894035458565e-12
9qbcde,2019-06,10275.51691567585,8824.557190533882,0.8587944784628352,0.0
9qbcde,2019-07,10671.788596776023,9197.783239831737,0.8618783211851117,0.0
9qbcde,2019-08,10243.925377739397,8910.744678639114,0.8698564612743708,0.0
9qbcde,2019-09,9158.087331254259,7907.5098244051505,0.8634455578315791,0.0
9qbcde,2019-10,8574.38420375557,7232.322199135167,0.8434800712530958,0.0
9qbcde,2019-11,6112.381569873606,5618.559975394446,0.9192096257679523,0.0
9qbcde,2019-12,3517.667302178191,5012.969575901554,1.4250834843867837,0.0
9qbcde,2020-01,5283.453093806048,5422.5763138682105,1.0263318737939136,0.0
9qbcde,2020-02,8168.842491316948,6074.1816663481,0.7435792369365228,0.0
9qbcde,2020-03,7595.116665622253,8022.234369202403,1.0562358318356597,9.094947017729282e-13
9qbcde,2020-04,9313.155041090671,8917.206752802034,0.9574850535031717,0.0
9qbcde,2020-05,10880.336840318805,10089.461270394968,0.9273114811121359,0.0
9qbcde,2020-06,12041.881660661114,10114.894660153705,0.8399762549732933,0.0
9qbcde,2020-07,12173.251849035563,10490.73597376829,0.8617858320740671,0.0
9qbcde,2020-08,10833.570939030951,9986.39409660786,0.9218007758299804,0.0
9qbcde,2020-09,9510.706356027276,8861.293444182076,0.9317176992396948,0.0
9qbcde,2020-10,9132.47701448136,8078.132381298601,0.8845499822763435,0.0
9qbcde,2020-11,7563.373213832597,6549.713678067166,0.8659778504766159,0.0
9qbcde,2020-12,6634.903165429818,5866.218456437068,0.8841453010199354,0.0
9qbcde,2021-01,6167.646461097679,6213.915524016696,1.0075018993405114,9.094947017729282e-13
9qbcde,2021-02,7850.653074862758,6644.514319645773,0.8463645325152684,0.0
9qbcde,2021-03,10764.75810010692,9383.152035960718,0.8716547040539184,0.0
9qbcde,2021-04,12412.41006196922,10475.227029719274,0.8439317567999672,0.0
9qbcde,2021-05,14077.034334367207,11553.083949900829,0.8207043952216208,0.0
9qbcde,2021-06,13832.114676096755,11620.506122008112,0.8401105972674938,0.0
9qbcde,2021-07,13899.89633755721,11894.88862568755,0.8557537651232568,0.0
9qbcde,2021-08,12813.445413780413,11263.241146701885,0.8790173745609953,0.0
9qbcde,2021-09,11831.510558483396,10046.447298505727,0.8491263434914701,0.0
9qbcde,2021-10,9308.831573235437,8990.013239045124,0.9657509826359977,0.0
9qbcde,2021-11,7879.915275731982,7574.893867740184,0.9612912833046338,0.0
9qbcde,2021-12,5362.97650075057,6623.354961911748,1.2350147275463137,0.0
9qbcde,2022-01,8342.785926898578,7460.831327527343,0.8942853613769879,0.0
9qbcde,2022-02,10381.240349738824,7972.445304456053,0.7679665469508783,0.0
9qbcde,2022-03,12522.142150858952,11406.715145854254,0.9109236269987411,0.0
9qbcde,2022-04,14329.844354874904,12481.270647408366,0.8709983401293772,0.0
9qbcde,2022-05,15906.292858711153,13842.335418753886,0.8702427109641119,0.0
9qbcde,2022-06,15529.184042680714,13830.851225436716,0.8906360557917102,0.0
9qbcde,2022-07,15916.951084031854,14258.03687106234,0.8957768856477945,0.0
9qbcde,2022-08,15735.847647998507,13852.601943158745,0.8803213054061756,0.0
9qbcde,2022-09,13515.825237250694,12413.428567621531,0.9184365992991039,0.0
9qbcde,2022-10,12189.113705637481,11677.546576251489,0.958030818175944,0.0
9qbcde,2022-11,10113.976513904448,9257.463125089136,0.9153138839468533,0.0
9qbcde,2022-12,6624.3544032960335,7996.512738402601,1.2071384246023782,0.0
9qbcde,2023-01,14.781398586761007,,,
9qben2,2018-01,6895.734986433128,9442.812902885618,1.3693700412593706,0.0
9qben2,2018-02,13142.107173752456,10346.257168287677,0.7872601426467836,0.0
9qben2,2018-03,12928.447994883005,14388.724312457942,1.1129506278056658,0.0
9qben2,2018-04,16297.326940542895,16361.121254380892,1.0039144035135785,1.8189894035458565e-12
9qben2,2018-05,19081.181633342523,18018.3587711806,0.9442999452243176,0.0
9qben2,2018-06,21327.90236663104,18429.205599843262,0.8640889892986857,0.0
9qben2,2018-07,20353.33425160934,18729.90041279376,0.9202374501029376,0.0
9qben2,2018-08,18636.544235341178,18161.869268880066,0.9745298827686644,0.0
9qben2,2018-09,18180.317477606084,16476.61943541342,0.9062888728818282,0.0
9qben2,2018-10,15370.47995146654,15058.074816248878,0.97967499152895,0.0
9qben2,2018-11,11553.54592938233,11911.338336879951,1.0309681901716168,0.0
9qben2,2018-12,9321.408219372983,10750.972454260034,1.1533635477862607,0.0
9qben2,2019-01,9296.597257284746,11218.134697210293,1.206692555001223,0.0
9qben2,2019-02,10525.979130402828,11791.460921627351,1.1202246152635202,0.0
9qben2,2019-03,15781.005021075798,17216.262785231076,1.0909484384700763,0.0
9qben2,2019-04,18694.648263363408,19321.350402719963,1.0335230773282174,0.0
9qben2,2019-05,20330.979430942403,21019.940527501807,1.0338872555992482,0.0
9qben2,2019-06,24766.985276285035,21502.71459929484,0.8682007260643139,0.0
9qben2,2019-07,25648.813092210272,22412.15096485922,0.8738085027281808,0.0
9qben2,2019-08,24549.435274498792,21712.726832061024,0.8844491365801618,0.0
9qben2,2019-09,21705.72549593715,19268.154001845964,0.8876991467275559,0.0
9qben2,2019-10,20399.96435212713,17622.930735263253,0.8638706632556291,0.0
9qben2,2019-11,15115.374815801337,13690.691668872125,0.9057460920228141,0.0
9qben2,2019-12,8411.279211881618,12215.055300586457,1.4522232579476966,0.0
9qben2,2020-01,12715.187427971458,13213.140144310188,1.0391620429631505,0.0
9qben2,2020-02,19842.835961285757,14800.900711013514,0.745906519606911,0.0
9qben2,2020-03,17986.577814554104,19547.702209313593,1.0867938532196093,0.0
9qben2,2020-04,23174.733787484198,21728.47290673022,0.9375932041327246,0.0
9qben2,2020-05,25385.145370740902,24584.89434355587,0.9684756177087956,0.0
9qben2,2020-06,28538.888999263923,24646.8676425517,0.8636239358577481,0.0
9qben2,2020-07,29624.36805240865,25562.67659780983,0.8628935662893042,0.0
9qben2,2020-08,25627.21878684081,24333.751541186422,0.9495275996816883,0.0
9qben2,2020-09,22117.406821204164,21592.22947925865,0.9762550218390874,0.0
9qben2,2020-10,21989.969220727227,19683.90836389117,0.8951312376252706,0.0
9qben2,2020-11,18440.608957168228,15959.625042449909,0.8654608467387997,1.8189894035458565e-12
9qben2,2020-12,16199.873309016602,14294.158734807948,0.8823623779114395,0.0
9qben2,2021-01,15246.56447053993,15141.388873357728,0.9931016854724599,0.0
9qben2,2021-02,19150.761063432154,16190.624864387886,0.8454298401384911,0.0
9qben2,2021-03,26175.61589188283,22863.8373478374,0.873478486323891,0.0
9qben2,2021-04,29742.25894397935,25524.88610130989,0.8582026721435976,0.0
9qben2,2021-05,33999.4338104663,28151.289810087565,0.8279929003235796,0.0
9qben2,2021-06,32896.16398906868,28315.576775788533,0.860756189846261,0.0
9qben2,2021-07,33100.18926005339,28984.16201358243,0.8756494346865157,0.0
9qben2,2021-08,29962.882466708357,27445.032607456254,0.9159677023046873,0.0
9qben2,2021-09,27154.530129480132,24480.082607244774,0.9015100791844723,0.0
9qben2,2021-10,22007.14697469715,21905.879779490024,0.995398440546448,0.0
9qben2,2021-11,19317.220033262056,18457.67186286563,0.9555035264434333,0.0
9qben2,2021-12,12580.357714900523,16139.06605858773,1.282878152142858,1.8189894035458565e-12
9qben2,2022-01,20645.290186050122,18179.736755674272,0.8805755013295087,0.0
9qben2,2022-02,25409.134105480854,19426.381668657457,0.7645432381919346,0.0
9qben2,2022-03,30610.72451174337,27794.634336991447,0.9080031518472694,0.0
9qben2,2022-04,33344.78234216709,30412.993510390643,0.9120765341428253,0.0
9qben2,2022-05,37171.77314442112,33729.487097263365,0.9073951615441196,0.0
9qben2,2022-06,37618.53566079049,33701.503672603016,0.8958749478313648,0.0
9qben2,2022-07,38132.60047766564,34742.422873473144,0.9110950325515268,0.0
9qben2,2022-08,36978.9825683743,33754.50343966309,0.9128023838203462,0.0
9qben2,2022-09,32283.646302415185,30247.683359639537,0.9369351614218578,0.0
9qben2,2022-10,28456.592488033846,28454.5667082834,0.9999288115837728,0.0
9qben2,2022-11,24322.504196599657,22557.572373809355,0.9274362619685746,0.0
9qben2,2022-12,16636.580994760203,19485.0265561137,1.1712158022282722,0.0
9qben2,2023-01,36.24020164700511,,,
9qc0p1,2018-01,5269.595845222529,7003.169164682979,1.3289765231297817,9.094947017729282e-13
9qc0p1,2018-02,9921.964994829725,7673.199703945269,0.7733548453299045,9.094947017729282e-13
9qc0p1,2018-03,9952.200369662243,10671.255637537472,1.0722508833390412,0.0
9qc0p1,2018-04,12830.537360160626,12134.064398682016,0.9457175532147867,0.0
9qc0p1,2018-05,15067.503271091027,13363.138276939297,0.8868847105265424,0.0
9qc0p1,2018-06,16253.156762299488,13667.838780008557,0.8409344092288714,0.0
9qc0p1,2018-07,16150.844117649724,13890.846125774297,0.8600693576501249,0.0
9qc0p1,2018-08,15537.608220364287,13469.571423781594,0.8669012136712115,0.0
9qc0p1,2018-09,14460.616804836749,12219.72248682827,0.8450346656541683,0.0
9qc0p1,2018-10,12750.507904259268,11167.672844647574,0.8758610189102386,0.0
9qc0p1,2018-11,8902.898474306097,8833.92673442175,0.9922528893165073,0.0
9qc0p1,2018-12,7353.528235291361,7973.352808782424,1.084289412328136,0.0
9qc0p1,2019-01,7535.705459049741,8319.819084073508,1.1040531147727004,0.0
9qc0p1,2019-02,8131.714991739407,8745.02083035768,1.0754214626608654,0.0
9qc0p1,2019-03,12057.641162406937,12768.27169071252,1.058936115176588,0.0
9qc0p1,2019-04,15307.295333957269,14329.489184204218,0.9361215597909114,0.0
9qc0p1,2019-05,16524.620517161555,15589.231816791176,0.9433942401643091,0.0
9qc0p1,2019-06,19003.633714218755,15947.27645114544,0.8391698498805252,0.0
9qc0p1,2019-07,19572.171641767225,16621.750972462654,0.8492543023172584,0.0
9qc0p1,2019-08,18829.730914585263,16103.029954666084,0.8551917192928598,0.0
9qc0p1,2019-09,16621.489619104974,14290.036597554,0.8597326067050471,0.0
9qc0p1,2019-10,15902.206984942643,13069.872969613203,0.82189050752444,0.0
9qc0p1,2019-11,11313.294633418926,10153.566604007168,0.897489805844358,0.0
9qc0p1,2019-12,7065.29353740954,9059.175428523327,1.2822079338326877,0.0
9qc0p1,2020-01,9587.558669273914,9799.395220357548,1.022094941829407,0.0
9qc0p1,2020-02,15195.734432784478,10976.942203019713,0.7223699684654392,0.0
9qc0p1,2020-03,14129.29899811982,14497.360771686628,1.026049542416491,0.0
9qc0p1,2020-04,17396.103523590416,16114.70787582392,0.9263400769011965,0.0
9qc0p1,2020-05,20469.079490963195,18233.14469475145,0.8907652492532027,0.0
9qc0p1,2020-06,21649.197350301143,18279.106581429165,0.8443318376038962,0.0
9qc0p1,2020-07,22770.84535574411,18958.307271113947,0.8325693216449506,0.0
9qc0p1,2020-08,20096.80113737999,18046.887109477437,0.8979979941141121,0.0
9qc0p1,2020-09,17693.261470547644,16013.664280025465,0.9050713632804188,0.0
9qc0p1,2020-10,17074.85312158695,14598.376724410442,0.8549635314844604,0.0
9qc0p1,2020-11,14084.258613352205,11836.298688395324,0.8403920300905464,0.0
9qc0p1,2020-12,12115.923869869725,10601.122008474837,0.8749743001305953,0.0
9qc0p1,2021-01,11637.68101632174,11229.461894343882,0.964922640394995,0.0
9qc0p1,2021-02,14530.908536192048,12007.6174306685,0.8263500799527572,0.0
9qc0p1,2021-03,19722.30366014527,16956.739728664033,0.8597748022169502,0.0
9qc0p1,2021-04,23412.761949068616,18930.280321673323,0.8085453720861152,0.0
9qc0p1,2021-05,25896.798869832863,20878.12675858621,0.8062049237640373,0.0
9qc0p1,2021-06,25358.850672728884,20999.968568244934,0.8281120007867104,0.0
9qc0p1,2021-07,25670.97568814573,21495.81822336726,0.8373588321885848,0.0
9qc0p1,2021-08,24110.017796740714,20354.33806186308,0.8442274175597937,0.0
9qc0p1,2021-09,22467.28869771534,18155.412103056613,0.8080820230392467,0.0
9qc0p1,2021-10,17610.415260060458,16246.279935303635,0.9225381511672462,0.0
9qc0p1,2021-11,14603.576614393312,13688.950503547108,0.9373697187341937,0.0
9qc0p1,2021-12,10753.862917536508,11969.379350272226,1.1130306794922553,0.0
9qc0p1,2022-01,15816.483708485986,13482.82266934311,0.8524538650843865,0.0
9qc0p1,2022-02,19347.30966879906,14407.384587883804,0.744671214474757,0.0
9qc0p1,2022-03,23257.603193072187,20613.616740513226,0.8863173289779691,0.0
9qc0p1,2022-04,26199.622466828314,22555.49702701244,0.8609092385041139,0.0
9qc0p1,2022-05,29251.887074408176,25015.14182367661,0.8551633527110735,0.0
9qc0p1,2022-06,28202.322990329973,24994.388192452625,0.8862528168698272,0.0
9qc0p1,2022-07,29673.806511552393,25766.375663286926,0.8683205389660995,0.0
9qc0p1,2022-08,28948.96119299549,25033.69494757186,0.8647527895967828,0.0
9qc0p1,2022-09,24173.64721023984,22432.896382241062,0.9279897314269812,0.0
9qc0p1,2022-10,23686.415607190283,21103.049082437057,0.8909346788642425,0.0
9qc0p1,2022-11,18942.250281808494,16729.601327808905,0.883189751952304,0.0
9qc0p1,2022-12,12297.410669997767,14450.877990932628,1.1751155083556506,0.0
9qc0p1,2023-01,26.330662450109806,,,
9qc26h,2018-01,6882.635254159106,10004.167658307735,1.4535373863175909,0.0
9qc26h,2018-02,14099.197118908176,10961.3197266556,0.7774428312627514,0.0
9qc26h,2018-03,14002.225569544516,15244.10277863382,1.0886914157268286,1.8189894035458565e-12
9qc26h,2018-04,18113.68748612737,17333.75444267354,0.956942337442271,0.0
9qc26h,2018-05,22245.943582775606,19089.511137019927,0.8581119998794021,0.0
9qc26h,2018-06,23058.54602827147,19524.781918946497,0.8467481815639061,0.0
9qc26h,2018-07,22909.926947968957,19843.35238663213,0.8661464714269336,0.0
9qc26h,2018-08,22485.68599756377,19241.55302268239,0.855724527362302,0.0
9qc26h,2018-09,20424.10094643564,17456.118740172846,0.8546823571795577,0.0
9qc26h,2018-10,18071.948442581677,15953.244718749034,0.8827628503609224,0.0
9qc26h,2018-11,12443.629956253817,12619.441577685033,1.0141286442982707,0.0
9qc26h,2018-12,10429.34154334741,11390.094458971873,1.0921201891443761,0.0
9qc26h,2019-01,10527.65432801157,11885.028484475784,1.1289341494479512,0.0
9qc26h,2019-02,11259.437743737943,12492.43770998528,1.1095081294741458,0.0
9qc26h,2019-03,17212.95065978724,18239.732283618887,1.0596516915737408,0.0
9qc26h,2019-04,21337.645785132994,20469.962796218668,0.9593355800517185,0.0
9qc26h,2019-05,24121.77328621328,22269.530421440868,0.92321282341912,0.0
9qc26h,2019-06,26822.79328838884,22781.004365166413,0.8493151373249388,0.0
9qc26h,2019-07,27755.485929133738,23744.504751040604,0.8554887063287557,0.0
9qc26h,2019-08,26673.13053600143,23003.501369872123,0.8624222544415507,0.0
9qc26h,2019-09,23407.121337666442,20413.603984640456,0.872110828587501,0.0
9qc26h,2019-10,22389.206774190498,18670.575761640037,0.8339096578965375,0.0
9qc26h,2019-11,16111.287552859718,14504.573607694692,0.9002740196962199,0.0
9qc26h,2019-12,9948.251533822646,12941.213856437214,1.3008531009131525,0.0
9qc26h,2020-01,13057.6549685035,13998.632680310851,1.0720633003458195,0.0
9qc26h,2020-02,21164.912353594416,15680.782170500976,0.7408857598145415,0.0
9qc26h,2020-03,20527.298663709913,20709.770726992298,1.0088892389725383,0.0
9qc26h,2020-04,25007.454575050968,23020.18351454352,0.920532853332059,0.0
9qc26h,2020-05,28776.69221141549,26046.41301317687,0.9051218542360633,0.0
9qc26h,2020-06,30449.199578968513,26112.07049044228,0.8575618029867057,0.0
9qc26h,2020-07,32287.13557439298,27082.322302651988,0.8387960660137053,0.0
9qc26h,2020-08,28434.63038778549,25780.34031567448,0.9066529075316836,0.0
9qc26h,2020-09,24730.70192067261,22875.840710679266,0.9249976318527842,0.0
9qc26h,2020-10,24040.541715933014,20854.074042169817,0.8674544146544192,0.0
9qc26h,2020-11,19691.804632059324,16908.390151371572,0.8586511225001592,0.0
9qc26h,2020-12,16139.525132658944,15143.915482407065,0.9383123331034551,0.0
9qc26h,2021-01,16314.412480845,16041.51161593134,0.9832724062092904,0.0
9qc26h,2021-02,20574.921506183724,17153.12241192505,0.8336907825757555,0.0
9qc26h,2021-03,27443.100402122847,24223.04291024817,0.8826642236230133,0.0
9qc26h,2021-04,33262.582987839894,27042.285243063467,0.8129941457928737,0.0
9qc26h,2021-05,36899.289394998385,29824.822958385957,0.8082763502331469,0.0
9qc26h,2021-06,36022.63081981697,29998.87642803004,0.8327786101487871,0.0
9qc26h,2021-07,36264.650304330506,30707.207608743756,0.846753170127133,0.0
9qc26h,2021-08,34421.624495350436,29076.58029619661,0.8447184211228667,0.0
9qc26h,2021-09,32182.332521260232,25935.370446369885,0.8058884616034748,0.0
9qc26h,2021-10,25320.87453455794,23208.136841277632,0.9165614248276913,0.0
9qc26h,2021-11,19809.343995124564,19554.94043959178,0.9871573962471752,0.0
9qc26h,2021-12,14134.372917185652,17098.49854689758,1.2097104446783002,0.0
9qc26h,2022-01,21300.960134518686,19260.482692830497,0.9042072550344081,0.0
9qc26h,2022-02,27638.069338413323,20581.23794321241,0.7446698859897267,0.0
9qc26h,2022-03,32990.36183185862,29446.965090629594,0.892592971265711,0.0
9qc26h,2022-04,37041.80106186094,32220.9800403856,0.8698545728533982,0.0
9qc26h,2022-05,41745.1856672778,35734.631980967635,0.856018039200588,0.0
9qc26h,2022-06,40078.89577652649,35704.98500237821,0.8908674830130923,0.0
9qc26h,2022-07,42638.09626895665,36807.784593067365,0.863260506775155,0.0
9qc26h,2022-08,40697.30972356177,35761.13549068855,0.8787100605321976,0.0
9qc26h,2022-09,34250.456620859666,32045.84255955838,0.9356325643857664,0.0
9qc26h,2022-10,33912.876156295555,30146.12901068691,0.8889287028251837,0.0
9qc26h,2022-11,26847.599686133548,23898.571147484818,0.8901567151952184,0.0
9qc26h,2022-12,15840.986648234173,20643.369142088068,1.303161829530942,0.0
9qc26h,2023-01,28.816383999920884,,,
9qc63x,2018-01,3584.9202129653354,5038.595389950611,1.4054972190811579,0.0
9qc63x,2018-02,6974.03804771565,5520.66467984844,0.7916023173485176,0.0
9qc63x,2018-03,7351.742974247361,7677.686800917762,1.0443355851547258,0.0
9qc63x,2018-04,9130.080051131887,8730.139098864774,0.9561952414406782,0.0
9qc63x,2018-05,11095.425063031158,9614.425317185216,0.8665215854793626,0.0
9qc63x,2018-06,11421.201384303915,9833.649287644585,0.8609995530907026,0.0
9qc63x,2018-07,11074.708277000747,9994.09718742786,0.9024253224062767,0.0
9qc63x,2018-08,10928.63358628217,9691.00115740938,0.8867532323138466,0.0
9qc63x,2018-09,10152.163147901278,8791.767832641797,0.8659994628296818,0.0
9qc63x,2018-10,9043.184545546728,8034.845880245863,0.8884973915745845,0.0
9qc63x,2018-11,6159.830310606726,6355.777144965454,1.0318104273134479,0.0
9qc63x,2018-12,5322.751643965908,5736.616917292402,1.0777540078909502,0.0
9qc63x,2019-01,5630.0793672011505,5985.890258604591,1.0631982016943258,0.0
9qc63x,2019-02,5894.234953074328,6291.81169335025,1.067451797127387,9.094947017729282e-13
9qc63x,2019-03,9118.053593776094,9186.434507808051,1.0074995077983127,0.0
9qc63x,2019-04,10776.129754314203,10309.689291526189,0.956715400294686,0.0
9qc63x,2019-05,12201.894729783095,11216.040869192844,0.9192048544572409,0.0
9qc63x,2019-06,13524.324203840868,11473.644534280891,0.8483710062956351,0.0
9qc63x,2019-07,13743.456477881151,11958.911151983952,0.8701530922174299,0.0
9qc63x,2019-08,13285.305977279104,11585.705069497635,0.8720691182658364,0.0
9qc63x,2019-09,11796.691980750913,10281.304196643732,0.8715412942391059,0.0
9qc63x,2019-10,11257.385479780814,9403.428668271255,0.8353119545529095,0.0
9qc63x,2019-11,8298.99169117175,7305.223203875428,0.8802543098876137,0.0
9qc63x,2019-12,5203.647600627697,6517.837635723852,1.2525516975703022,0.0
9qc63x,2020-01,6881.755090159295,7050.406240448529,1.0245069968459646,0.0
9qc63x,2020-02,10760.935950471277,7897.620217259615,0.7339157349889939,0.0
9qc63x,2020-03,10860.247167277985,10430.468468339184,0.9604264348390037,0.0
9qc63x,2020-04,12928.74587088149,11594.107025573012,0.8967696589725387,0.0
9qc63x,2020-05,14414.360922784095,13118.26640809638,0.9100831093635903,0.0
9qc63x,2020-06,15158.786175422396,13151.334772558515,0.8675717580792419,0.0
9qc63x,2020-07,15941.13766205772,13640.001743671435,0.8556479488999502,0.0
9qc63x,2020-08,13750.352453464346,12984.258991106122,0.9442855399560897,0.0
9qc63x,2020-09,12382.016808610726,11521.408825086635,0.9304953307020545,0.0
9qc63x,2020-10,12305.802134805315,10503.146780362897,0.8535117552927453,0.0
9qc63x,2020-11,10003.08557955554,8515.90452879298,0.8513277689234127,0.0
9qc63x,2020-12,8462.620585744278,7627.227505737863,0.9012843513965783,0.0
9qc63x,2021-01,8040.714416571415,8079.301470797534,1.0047989584291905,0.0
9qc63x,2021-02,10375.272515502738,8639.163842502398,0.8326686195079458,0.0
9qc63x,2021-03,13967.869716643596,12199.92672121988,0.8734278718738978,0.0
9qc63x,2021-04,16547.637276665027,13619.837093221744,0.8230683852629537,0.0
9qc63x,2021-05,18241.438679828738,15021.2611980192,0.82346910579096,1.8189894035458565e-12
9qc63x,2021-06,17820.99807298032,15108.92316448228,0.8478157678154956,0.0
9qc63x,2021-07,17914.197625751272,15465.673905133714,0.863319375404352,0.0
9qc63x,2021-08,16878.316308515055,14644.409054288804,0.8676463212684755,0.0
9qc63x,2021-09,15903.615033995755,13062.339859850525,0.8213440674920962,0.0
9qc63x,2021-10,12527.58561461875,11688.769649986543,0.9330424879592623,0.0
9qc63x,2021-11,10019.240694011767,9848.838615560822,0.9829925157349708,0.0
9qc63x,2021-12,7371.647696211752,8611.652552817028,1.1682127127755315,0.0
9qc63x,2022-01,11234.243999370145,9700.535078870833,0.8634791161216278,0.0
9qc63x,2022-02,13812.96963236581,10365.73297869822,0.7504347909670193,0.0
9qc63x,2022-03,16396.840898669936,14830.953220828042,0.9045006481724833,0.0
9qc63x,2022-04,18299.2197870201,16228.084837858438,0.8868184013708197,0.0
9qc63x,2022-05,20204.68498484494,17997.734355377856,0.8907703519692356,0.0
9qc63x,2022-06,19894.247508054767,17982.802665431358,0.9039197214245221,0.0
9qc63x,2022-07,21353.202099908674,18538.22727680035,0.8681708340539537,0.0
9qc63x,2022-08,19997.59804666908,18011.082838375984,0.9006623093604992,0.0
9qc63x,2022-09,17087.25687168377,16139.876909558598,0.9445563457470386,0.0
9qc63x,2022-10,17156.01920885847,15183.086873995597,0.8850005755505244,0.0
9qc63x,2022-11,13309.981064310472,12036.50663632447,0.9043218452503504,0.0
9qc63x,2022-12,8085.567966717661,10397.025334336324,1.2858744589289501,0.0
9qc63x,2023-01,18.54016701786016,,,
9qcbq0,2018-01,5335.917602179406,7224.756568139078,1.3539857821620398,0.0
9qcbq0,2018-02,9644.113359136361,7915.9875559326065,0.8208102975514475,0.0
9qcbq0,2018-03,10131.684621672503,11008.905032080584,1.0865818906889022,1.8189894035458565e-12
9qcbq0,2018-04,13406.514982892635,12517.99855195543,0.933725026073443,0.0
9qcbq0,2018-05,16060.330268162252,13785.961579244293,0.8583859328580165,0.0
9qcbq0,2018-06,16410.8438782437,14100.303116496674,0.8592064625750189,0.0
9qcbq0,2018-07,16116.353392615316,14330.366641763128,0.8891817083341852,0.0
9qcbq0,2018-08,15921.668432913644,13895.762379229884,0.8727579297220033,0.0
9qcbq0,2018-09,14806.862126813501,12606.366949233308,0.8513867989899526,0.0
9qcbq0,2018-10,12894.32502839217,11521.029385108162,0.8934961201722361,0.0
9qcbq0,2018-11,8664.11909221375,9113.441171581651,1.0518600996345602,1.8189894035458565e-12
9qcbq0,2018-12,7676.543748977508,8225.63781064236,1.0715288129163583,0.0
9qcbq0,2019-01,7987.5304166914575,8583.066631678308,1.074558240647493,0.0
9qcbq0,2019-02,8259.510316760592,9021.722194183178,1.0922829378729473,0.0
9qcbq0,2019-03,12805.507256116945,13172.272808497184,1.0286412357624524,1.8189894035458565e-12
9qcbq0,2019-04,15410.835486052434,14782.888813216863,0.9592529117967749,0.0
9qcbq0,2019-05,17264.17090057259,16082.490985451332,0.9315530457890644,0.0
9qcbq0,2019-06,18952.87875955913,16451.86451662106,0.8680404030086114,0.0
9qcbq0,2019-07,19509.77812231513,17147.680098586887,0.878927478881654,0.0
9qcbq0,2019-08,18930.840683363913,16612.546219591517,0.8775387473515811,0.0
9qcbq0,2019-09,16917.19594770023,14742.187906551826,0.8714321186636086,0.0
9qcbq0,2019-10,16127.787604646468,13483.417058972462,0.8360363733391334,0.0
9qcbq0,2019-11,11770.95966099043,10474.8357903845,0.8898880033629416,0.0
9qcbq0,2019-12,8072.374078129249,9345.816963727577,1.1577532053486606,0.0
9qcbq0,2020-01,9101.910918218473,10109.458063515704,1.1106962213045302,0.0
9qcbq0,2020-02,15392.164015906312,11324.263831764763,0.7357161618120904,0.0
9qcbq0,2020-03,15146.708039881894,14956.072028665065,0.9874140301169814,0.0
9qcbq0,2020-04,18340.445855067686,16624.593642066015,0.9064443565570375,0.0
9qcbq0,2020-05,21063.90193036179,18810.05995907553,0.8929997880384383,0.0
9qcbq0,2020-06,21775.39555185801,18857.47612664913,0.8659992458800636,0.0
9qcbq0,2020-07,22594.42816212401,19558.167417762164,0.8656190489719205,0.0
9qcbq0,2020-08,20264.72687701261,18617.908994143778,0.9187347605095577,0.0
9qcbq0,2020-09,17658.41101135965,16520.352924007286,0.9355515008332147,0.0
9qcbq0,2020-10,16984.864619661043,15060.284228994118,0.8866885056923502,0.0
9qcbq0,2020-11,13689.94420349634,12210.811231390717,0.8919547844666993,0.0
9qcbq0,2020-12,11014.236244629008,10936.55230357975,0.9929469516247993,0.0
9qcbq0,2021-01,10575.646418459424,11584.77350325452,1.0954198963227155,0.0
9qcbq0,2021-02,14478.253918864626,12387.550673117385,0.8555970037917947,0.0
9qcbq0,2021-03,19697.579472540845,17493.26824014197,0.8880922787760919,0.0
9qcbq0,2021-04,24006.978031720588,19529.253667102366,0.8134823817182749,0.0
9qcbq0,2021-05,26431.505065895526,21538.731948704,0.8148885920422044,0.0
9qcbq0,2021-06,25366.555413761856,21664.42895728764,0.8540548215519345,0.0
9qcbq0,2021-07,25168.04211088066,22175.967800404625,0.8811161274566328,0.0
9qcbq0,2021-08,23945.64609176857,20998.370044260588,0.8769180820507858,0.0
9qcbq0,2021-09,22534.72881944715,18729.86782902705,0.831155678823321,0.0
9qcbq0,2021-10,18013.69321806011,16760.328775482954,0.9304215727777265,0.0
9qcbq0,2021-11,13576.27837331152,14122.082836465326,1.0402028043434022,1.8189894035458565e-12
9qcbq0,2021-12,8287.045889575274,12348.10270092085,1.4900487900584936,0.0
9qcbq0,2022-01,15642.109274980714,13909.43290769425,0.8892300049292041,0.0
9qcbq0,2022-02,19739.910641141512,14863.248906787074,0.7529542142814668,0.0
9qcbq0,2022-03,23469.57104692333,21265.852564317753,0.9061031631894922,0.0
9qcbq0,2022-04,25996.840114114944,23269.175920431506,0.8950770869955669,0.0
9qcbq0,2022-05,30117.476034107,25806.64638303356,0.8568661714483785,0.0
9qcbq0,2022-06,28219.819469631093,25785.23608578494,0.9137278894903583,0.0
9qcbq0,2022-07,29926.985726849,26581.65002628464,0.8882167508917179,0.0
9qcbq0,2022-08,28548.717389182777,25825.786546660864,0.9046216050478806,0.0
9qcbq0,2022-09,25120.588448489936,23142.69606641956,0.9212640903645205,0.0
9qcbq0,2022-10,24275.38250587636,21770.77104391213,0.8968250464701045,0.0
9qcbq0,2022-11,18125.173793064823,17258.942948996588,0.9522084116843239,0.0
9qcbq0,2022-12,11364.973295542957,14908.118485396197,1.3117600981291146,0.0
9qcbq0,2023-01,24.188202280340732,,,
9qcem3,2018-01,2148.25540524922,3136.972582109182,1.4602419127837643,4.547473508864641e-13
9qcem3,2018-02,4202.890010463081,3437.1034773389247,0.8177952477419743,0.0
9qcem3,2018-03,4418.765155332228,4780.041087747802,1.0817594779798636,0.0
9qcem3,2018-04,5758.7942099307265,5435.286001682029,0.9438236206303698,0.0
9qcem3,2018-05,6829.262565698975,5985.83261376779,0.8764976534703114,0.0
9qcem3,2018-06,7112.688383730059,6122.318981782922,0.8607601867934266,0.0
9qcem3,2018-07,6837.84149425342,6222.2120320327995,0.909967280941215,0.0
9qcem3,2018-08,6825.237197861147,6033.507867016796,0.8839997339444176,0.0
9qcem3,2018-09,6374.261341592786,5473.655355274939,0.8587121019903452,0.0
9qcem3,2018-10,5550.797920552229,5002.40429665682,0.9012045418074145,0.0
9qcem3,2018-11,3663.021950238667,3957.035066065949,1.0802651799037473,4.547473508864641e-13
9qcem3,2018-12,3357.1404343207178,3571.552901330773,1.0638675894574066,0.0
9qcem3,2019-01,3421.7887102679383,3726.7476682506754,1.0891226734916832,4.547473508864641e-13
9qcem3,2019-02,3587.1714855190335,3917.2108983387025,1.0920054739930882,0.0
9qcem3,2019-03,5487.633681941317,5719.370369728773,1.0422288915803644,0.0
9qcem3,2019-04,6681.981512373076,6418.696111635846,0.9605977058976141,0.0
9qcem3,2019-05,7701.905995181378,6982.980367236606,0.9066561409092034,0.0
9qcem3,2019-06,8298.060761170782,7143.361499653743,0.8608470949115922,0.0
9qcem3,2019-07,8482.948644690936,7445.483015063274,0.8776998808925996,0.0
9qcem3,2019-08,8197.66540830387,7213.129123228466,0.8799004062695566,0.0
9qcem3,2019-09,7115.324796252344,6401.023872153306,0.8996109180461781,0.0
9qcem3,2019-10,6902.5571430078835,5854.468483224556,0.8481593649905506,0.0
9qcem3,2019-11,5153.490762677121,4548.149458964524,0.8825376173958375,0.0
9qcem3,2019-12,3314.616928779895,4057.9320972437663,1.2242537175291277,0.0
9qcem3,2020-01,3973.712482593097,4389.5032955276265,1.104635354157078,0.0
9qcem3,2020-02,6546.923984597172,4916.969148756637,0.7510350143555508,0.0
9qcem3,2020-03,6695.952280436358,6493.891862996981,0.9698234979915047,0.0
9qcem3,2020-04,7930.485754882549,7218.360086186338,0.9102040290208228,0.0
9qcem3,2020-05,9100.670796083079,8167.28450335156,0.8974376379889218,0.0
9qcem3,2020-06,9356.65206229513,8187.872493579914,0.8750857079077362,0.0
9qcem3,2020-07,9810.270183418641,8492.111030617632,0.865634775785384,0.0
9qcem3,2020-08,8635.676130237942,8083.852999060476,0.9360996032209626,0.0
9qcem3,2020-09,7642.730868763517,7173.099007642645,0.9385518253638504,0.0
9qcem3,2020-10,7445.267853606794,6539.140559208447,0.8782948696789489,0.0
9qcem3,2020-11,5986.514925231899,5301.905977996151,0.8856414866101368,0.0
9qcem3,2020-12,5173.210000751642,4748.625700473879,0.9179263358309303,0.0
9qcem3,2021-01,4761.189405138672,5030.081845237167,1.0564758965077685,0.0
9qcem3,2021-02,6283.147792187724,5378.645834577456,0.856043182887581,0.0
9qcem3,2021-03,8671.023789420105,7595.536586354688,0.8759676793439701,0.0
9qcem3,2021-04,10364.712662885871,8479.556746994329,0.8181178796550782,0.0
9qcem3,2021-05,11373.61549021575,9352.067566462933,0.8222598675423948,0.0
9qcem3,2021-06,10997.825589664899,9406.644916697664,0.8553186118479155,0.0
9qcem3,2021-07,10878.453119573525,9628.753898558514,0.8851216062358686,0.0
9qcem3,2021-08,10208.179342144022,9117.443678077458,0.8931508129404124,0.0
9qcem3,2021-09,9819.022958577974,8132.46526606786,0.8282356911044062,0.0
9qcem3,2021-10,7819.90438582245,7277.295966993123,0.9306118857651149,0.0
9qcem3,2021-11,5834.244233257475,6131.775685789943,1.0509974283963675,9.094947017729282e-13
9qcem3,2021-12,3737.2710012179896,5361.517616341557,1.4346076628090978,0.0
9qcem3,2022-01,6874.519012299344,6039.443578839223,0.8785259838592242,0.0
9qcem3,2022-02,8555.765522156102,6453.588278291976,0.7542970014290007,0.0
9qcem3,2022-03,10301.618638477075,9233.583969269155,0.8963236063487386,0.0
9qcem3,2022-04,11172.074359984568,10103.422334334857,0.9043461409926394,0.0
9qcem3,2022-05,12800.149560769058,11205.186136896422,0.875394938449703,0.0
9qcem3,2022-06,12270.092390216343,11195.889835379508,0.9124535887200524,0.0
9qcem3,2022-07,13022.488262400237,11541.690925256313,0.8862892169832534,0.0
9qcem3,2022-08,12302.554300781878,11213.49675164858,0.9114771191000487,0.0
9qcem3,2022-09,10603.668785741565,10048.50507442684,0.9476441859386218,0.0
9qcem3,2022-10,10536.950448343923,9452.818404609554,0.8971114034322178,0.0
9qcem3,2022-11,8105.4100419007345,7493.793087222903,0.9245421327834012,0.0
9qcem3,2022-12,4827.951462827303,6473.070545485355,1.3407488860077836,9.094947017729282e-13
9qcem3,2023-01,10.648843529418395,,,
9qcf5u,2018-01,43507.116567389225,57228.30432743838,1.3153780080736006,7.275957614183426e-12
9qcf5u,2018-02,77355.86688838103,62703.64137954795,0.8105867583388964,0.0
9qcf5u,2018-03,79554.92759069546,87203.07204067548,1.096136652770639,0.0
9qcf5u,2018-04,103809.36122031251,99156.81226699952,0.9551817976854806,0.0
9qcf5u,2018-05,124269.79560599352,109200.52423393678,0.8787374574926077,0.0
9qcf5u,2018-06,129520.28024115182,111690.46738800318,0.8623396056590398,0.0
9qcf5u,2018-07,125335.79284074999,113512.83265587314,0.9056697219771933,0.0
9qcf5u,2018-08,124863.47865560422,110070.27168323944,0.8815249492354198,0.0
9qcf5u,2018-09,116758.14726868716,99856.79066553108,0.8552447345343517,0.0
9qcf5u,2018-10,101443.75176282006,91259.68046092344,0.8996086883132297,0.0
9qcf5u,2018-11,66538.67898234907,72188.83846377388,1.084915414129632,0.0
9qcf5u,2018-12,61063.54587606383,65156.42423035659,1.0670265425234193,7.275957614183426e-12
9qcf5u,2019-01,64538.58347816135,67987.66776814563,1.0534422062602504,0.0
9qcf5u,2019-02,64106.35951943722,71462.31965284138,1.1147461841312922,0.0
9qcf5u,2019-03,99150.53650161826,104339.4098969463,1.0523332861163424,0.0
9qcf5u,2019-04,122600.37516939385,117097.3238838645,0.955113911536356,0.0
9qcf5u,2019-05,134535.10712508418,127391.65393025264,0.9469026832662354,0.0
9qcf5u,2019-06,150378.74054609067,130317.5131827986,0.8665953226470642,0.0
9qcf5u,2019-07,154368.7208381297,135829.16544470598,0.8799008290490131,0.0
9qcf5u,2019-08,149565.2847390074,131590.29536040113,0.879818439085161,0.0
9qcf5u,2019-09,131056.27432433899,116774.92632609744,0.8910288876143544,0.0
9qcf5u,2019-10,125833.48476074886,106804.02689656352,0.8487727022710477,0.0
9qcf5u,2019-11,92597.93369006095,82972.63509689063,0.8960527712703868,0.0
9qcf5u,2019-12,61825.64591354522,74029.5195200606,1.1973917688394367,0.0
9qcf5u,2020-01,73731.36666217973,80078.42716745989,1.0860835868452152,0.0
9qcf5u,2020-02,119991.56925248001,89701.07307232969,0.7475614631190076,0.0
9qcf5u,2020-03,122293.50116905183,118469.13228524112,0.9687279467244616,0.0
9qcf5u,2020-04,143217.34090947465,131685.7246739329,0.919481704084768,0.0
9qcf5u,2020-05,162579.75191794668,148997.10815206185,0.9164555019573413,0.0
9qcf5u,2020-06,171184.25901313932,149372.6982279835,0.8725843082132821,0.0
9qcf5u,2020-07,178859.5887674758,154922.97166200334,0.8661709038334481,0.0
9qcf5u,2020-08,159350.32113948927,147475.05356181873,0.9254769774371814,0.0
9qcf5u,2020-09,139061.53382833427,130860.01940897168,0.9410224078968737,0.0
9qcf5u,2020-10,134434.12073976285,119294.61165728857,0.8873834336166687,0.0
9qcf5u,2020-11,108432.18174649646,96723.53866103,0.8920187448331522,0.0
9qcf5u,2020-12,91556.3616953112,86629.9559880425,0.94619264444274,0.0
9qcf5u,2021-01,84522.28949541885,91764.60651039772,1.085685291515576,0.0
9qcf5u,2021-02,113127.02000556035,98123.51642670306,0.867374712264852,0.0
9qcf5u,2021-03,155123.54989899573,138566.61730904778,0.8932661571970953,0.0
9qcf5u,2021-04,189356.72245580266,154693.9418107688,0.8169445468030615,0.0
9qcf5u,2021-05,207637.07735031008,170611.2995174655,0.821680316900351,0.0
9qcf5u,2021-06,200663.6709791497,171606.9630519292,0.855196968213346,0.0
9qcf5u,2021-07,197825.26689874104,175658.93356652124,0.8879499384496427,0.0
9qcf5u,2021-08,184648.24685109564,166331.01751449596,0.900799332520221,0.0
9qcf5u,2021-09,177796.9334467592,148361.8951065015,0.8344457479123398,0.0
9qcf5u,2021-10,142410.06103143547,132760.90159509954,0.9322438360994313,0.0
9qcf5u,2021-11,102056.34455068514,111862.9875872344,1.0960904790361063,0.0
9qcf5u,2021-12,65533.40865422386,97811.04353759298,1.492537097431887,0.0
9qcf5u,2022-01,123111.59104298551,110178.55784567236,0.8949486958315934,0.0
9qcf5u,2022-02,156619.10707197417,117733.8673919044,0.7517209719360736,0.0
9qcf5u,2022-03,184066.68702836183,168449.78385848703,0.9151562761192715,0.0
9qcf5u,2022-04,204227.89521489033,184318.38754203968,0.902513279824474,0.0
9qcf5u,2022-05,237208.9151947345,204418.04494725523,0.8617637527638458,0.0
9qcf5u,2022-06,222969.66748928343,204248.4509969084,0.916036935861355,0.0
9qcf5u,2022-07,235472.0641856194,210556.9568860239,0.8941908145844626,0.0
9qcf5u,2022-08,224999.48672290784,204569.65685259897,0.9092005489973909,0.0
9qcf5u,2022-09,196692.81207135986,183316.52297976415,0.9319940116228406,0.0
9qcf5u,2022-10,191287.28480580304,172449.3135503528,0.9015200028868894,0.0
9qcf5u,2022-11,139260.70449820755,136710.49399931286,0.9816875082738972,0.0
9qcf5u,2022-12,88191.72326002797,118089.2855814958,1.3390064420593832,0.0
9qcf5u,2023-01,191.29670643212344,,,
9qcggm,2018-01,3836.3170487461293,5052.864275779224,1.3171133176885663,0.0
9qcggm,2018-02,6590.067491182362,5536.298746074897,0.8400974274516266,0.0
9qcggm,2018-03,6648.441873164515,7699.429375566372,1.15808027240849,0.0
9qcggm,2018-04,9057.879588636972,8754.862131461927,0.9665465350681878,0.0
9qcggm,2018-05,10887.974405968134,9641.652575288192,0.8855322593340426,0.0
9qcggm,2018-06,11452.411290122245,9861.49736991844,0.8610848073910884,0.0
9qcggm,2018-07,11044.082809845033,10022.39964489684,0.9074904469172004,0.0
9qcggm,2018-08,10935.80805355761,9718.445271964762,0.8886810397886584,0.0
9qcggm,2018-09,10206.892932448674,8816.66539272091,0.8637952265269581,0.0
9qcggm,2018-10,8763.454729786907,8057.599899896734,0.9194547297093945,0.0
9qcggm,2018-11,5781.779052683088,6373.77618069166,1.1023901333161201,0.0
9qcggm,2018-12,5208.5715761666015,5752.862542412171,1.1044990854567762,0.0
9qcggm,2019-01,5457.796603837275,6002.841805230658,1.09986542939511,0.0
9qcggm,2019-02,5213.4083160278715,6309.629584202649,1.2102695974924127,0.0
9qcggm,2019-03,8230.21838566458,9212.449731301762,1.1193445057725364,0.0
9qcggm,2019-04,10542.880494384119,10338.885479758064,0.980650922228065,0.0
9qcggm,2019-05,11750.145448037465,11247.803770205051,0.9572480459876932,0.0
9qcggm,2019-06,13309.786860843988,11506.136947588036,0.864486942419634,0.0
9qcggm,2019-07,13647.839244414121,11992.777800257105,0.8787308807997273,0.0
9qcggm,2019-08,13110.095732580015,11618.514828981472,0.8862265437244823,0.0
9qcggm,2019-09,11362.210292409856,10310.42000063223,0.9074308374242783,0.0
9qcggm,2019-10,11106.383259488652,9430.05840129818,0.8490665395723386,0.0
9qcggm,2019-11,8031.630611392032,7325.910992392151,0.9121324606240119,0.0
9qcggm,2019-12,5366.648227770066,6536.295613369581,1.2179474666416739,0.0
9qcggm,2020-01,5950.2216915331455,7070.3724083791685,1.188253610523443,9.094947017729282e-13
9qcggm,2020-02,10492.10921222581,7919.985625171228,0.7548516189616626,0.0
9qcggm,2020-03,10145.305312359795,10460.006693220372,1.0310194095861447,1.8189894035458565e-12
9qcggm,2020-04,12341.232854900984,11626.94057870224,0.9421214813303614,0.0
9qcggm,2020-05,14068.14577956587,13155.416254662705,0.9351208368746851,0.0
9qcggm,2020-06,15085.002044521932,13188.578266000712,0.8742841550220471,0.0
9qcggm,2020-07,15751.815900787888,13678.629101599545,0.8683842667889076,0.0
9qcggm,2020-08,13988.424977981354,13021.02933973994,0.9308431335361804,0.0
9qcggm,2020-09,12251.01757113036,11554.036502918798,0.9431083120920498,0.0
9qcggm,2020-10,11936.60347714766,10532.890824218664,0.882402673791052,0.0
9qcggm,2020-11,9518.569877867802,8540.020866788896,0.897195794784867,0.0
9qcggm,2020-12,8162.2502609979065,7648.8271838317405,0.9370978516035606,0.0
9qcggm,2021-01,7514.39856991953,8102.18138500769,1.0782208728508333,0.0
9qcggm,2021-02,9801.105726803522,8663.629240690394,0.8839440653106699,0.0
9qcggm,2021-03,13668.691062421822,12234.47590567111,0.8950729700304897,0.0
9qcggm,2021-04,16705.521982197275,13658.407346525888,0.8175983582603026,0.0
9qcggm,2021-05,18241.116105127236,15063.80016859497,0.825815705671695,0.0
9qcggm,2021-06,17649.364677620142,15151.71038650397,0.8584847479363796,0.0
9qcggm,2021-07,17347.1355164829,15509.471415776272,0.8940652709514769,0.0
9qcggm,2021-08,16041.570805136398,14685.880810731069,0.915488949874457,0.0
9qcggm,2021-09,15584.289538838211,13099.331327053167,0.8405472251017806,0.0
9qcggm,2021-10,12163.179665236823,11721.871279846577,0.9637176792963492,0.0
9qcggm,2021-11,9491.246165451876,9876.729712756314,1.040614640120451,0.0
9qcggm,2021-12,6221.031200550387,8636.040041305767,1.388200727966405,0.0
9qcggm,2022-01,10967.549846424477,9728.00619270405,0.8869808050952666,0.0
9qcggm,2022-02,13707.454075395755,10395.087878021535,0.7583529239525403,0.0
9qcggm,2022-03,16117.455749069914,14872.953254936669,0.9227854251000465,0.0
9qcggm,2022-04,17636.8705116862,16274.041433268,0.9227284070881402,0.0
9qcggm,2022-05,20302.083657335308,18048.702452003115,0.8890073923758054,0.0
9qcggm,2022-06,19569.177172235322,18033.728476744425,0.921537391072866,0.0
9qcggm,2022-07,20610.03515057819,18590.72600472066,0.9020230130077734,0.0
9qcggm,2022-08,19727.542776176724,18062.088736802172,0.9155772181933485,0.0
9qcggm,2022-09,16746.46421102618,16185.583707403424,0.9665075268095421,0.0
9qcggm,2022-10,16893.32962266801,15226.084121514825,0.9013074664146716,0.0
9qcggm,2022-11,12143.509970954528,12070.59302859792,0.9939953981566272,0.0
9qcggm,2022-12,7659.735540271142,10426.468851025267,1.361204808731058,0.0
9qcggm,2023-01,16.70797476822899,,,
9qcjcp,2018-01,2780.0459850071857,3834.8050337508503,1.3794034539111908,0.0
9qcjcp,2018-02,5262.62701267523,4201.701280908139,0.798403776438685,0.0
9qcjcp,2018-03,5920.250495375581,5843.380885562732,0.9870158180176848,0.0
9qcjcp,2018-04,6840.840899326159,6644.387725286255,0.971282306235297,0.0
9qcjcp,2018-05,8270.076412042625,7317.405695344965,0.8848050889456825,0.0
9qcjcp,2018-06,8614.529782320018,7484.254017223152,0.868794258809508,0.0
9qcjcp,2018-07,8143.72948855816,7606.368687309748,0.9340153915962708,0.0
9qcjcp,2018-08,7881.698805800634,7375.686504742958,0.935799081704915,0.0
9qcjcp,2018-09,7715.026745658144,6691.292499379285,0.8673064553074952,0.0
9qcjcp,2018-10,6576.5120046054735,6115.209704758838,0.9298560848784904,0.0
9qcjcp,2018-11,4664.599734219467,4837.29378975815,1.0370222667277966,0.0
9qcjcp,2018-12,3941.3134966104244,4366.059532188161,1.1077676353182824,0.0
9qcjcp,2019-01,4047.6882462309486,4555.778013245487,1.125525914078895,0.0
9qcjcp,2019-02,4363.401597071877,4788.610572143699,1.0974489662737357,0.0
9qcjcp,2019-03,6557.06424353128,6991.66782929759,1.0662802085849712,9.094947017729282e-13
9qcjcp,2019-04,8038.904138274711,7846.561458458247,0.9760735199091771,0.0
9qcjcp,2019-05,8922.90089274448,8536.373067327715,0.9566813718920645,0.0
9qcjcp,2019-06,10173.608573019192,8732.431642215985,0.8583416178773317,0.0
9qcjcp,2019-07,10255.73706002048,9101.76133119845,0.8874799810029719,0.0
9qcjcp,2019-08,9934.59341994092,8817.719360573183,0.887577275469983,0.0
9qcjcp,2019-09,8862.758441969641,7824.957956626003,0.8829032188862185,0.0
9qcjcp,2019-10,8643.10561726883,7156.8190737294235,0.8280379056609211,0.0
9qcjcp,2019-11,6281.867609740851,5559.904010305857,0.8850718219028533,0.0
9qcjcp,2019-12,3483.0296771289945,4960.635780458961,1.4242301215612763,0.0
9qcjcp,2020-01,5181.992924061448,5365.966355382517,1.0355024474207264,9.094947017729282e-13
9qcjcp,2020-02,8064.832774323887,6010.7691568575265,0.7453061117391163,0.0
9qcjcp,2020-03,8460.616611874175,7938.484813951037,0.9382867913917357,0.0
9qcjcp,2020-04,9706.423077562366,8824.113972753288,0.9091004896697067,0.0
9qcjcp,2020-05,10697.880834812313,9984.13052895398,0.9332811500820147,0.0
9qcjcp,2020-06,11248.528156934844,10009.298402276425,0.8898318306742717,0.0
9qcjcp,2020-07,11950.252222845154,10381.216053054484,0.8687026733384621,0.0
9qcjcp,2020-08,10172.649315300861,9882.139343422565,0.971442053797988,0.0
9qcjcp,2020-09,9296.4403373073,8768.784381152062,0.9432410753998263,0.0
9qcjcp,2020-10,9438.06889234156,7993.799268719309,0.8469740324957586,0.0
9qcjcp,2020-11,7560.419840015239,6481.336766808158,0.8572720700647087,0.0
9qcjcp,2020-12,6586.41996404275,5804.977016194429,0.881355432524125,0.0
9qcjcp,2021-01,5632.401974958446,6149.044237844375,1.0917268094825106,0.0
9qcjcp,2021-02,7935.5417958352955,6575.147720077454,0.8285694775784813,0.0
9qcjcp,2021-03,10805.843445522814,9285.19493651664,0.8592753525745161,0.0
9qcjcp,2021-04,12578.267125561166,10365.86901740988,0.8241094670620153,0.0
9qcjcp,2021-05,13855.566705368234,11432.473456856596,0.8251177090019113,0.0
9qcjcp,2021-06,13345.388246105796,11499.19176309956,0.861660339215312,0.0
9qcjcp,2021-07,13285.88005712507,11770.709801395122,0.885956349958362,0.0
9qcjcp,2021-08,12596.560932091157,11145.65651961264,0.8848174180000055,0.0
9qcjcp,2021-09,11916.737267588473,9941.565609142945,0.8342523113421604,0.0
9qcjcp,2021-10,9376.915524076381,8896.160382618446,0.9487299272107615,0.0
9qcjcp,2021-11,7811.395468930985,7495.814403927086,0.9595999119159835,0.0
9qcjcp,2021-12,5632.375050392539,6554.209259255446,1.163667049977196,0.0
9qcjcp,2022-01,8579.335317699593,7382.942640070809,0.8605494909191197,0.0
9qcjcp,2022-02,10451.297103566882,7889.215531080532,0.7548551584461275,0.0
9qcjcp,2022-03,12572.17484646239,11287.632696205092,0.8978265760741668,0.0
9qcjcp,2022-04,13577.019713293515,12350.970182776551,0.9096967113249076,0.0
9qcjcp,2022-05,15419.462463528833,13697.825874204626,0.8883465235317807,0.0
9qcjcp,2022-06,15131.479779095582,13686.461572184377,0.9045025187220932,0.0
9qcjcp,2022-07,15643.404421882407,14109.187536605938,0.9019256394643632,0.0
9qcjcp,2022-08,15084.45163888496,13707.985219385677,0.9087493233130859,0.0
9qcjcp,2022-09,12775.029548488039,12283.83635255561,0.9615505236940479,0.0
9qcjcp,2022-10,13011.602315275552,11555.636733285204,0.8881025144550374,0.0
9qcjcp,2022-11,9950.274065005158,9160.818177584417,0.9206598851184173,0.0
9qcjcp,2022-12,6601.158545601273,7913.031708731602,1.1987337759073375,9.094947017729282e-13
9qcjcp,2023-01,14.459837543831703,,,
9qct8r,2018-01,4525.751101427901,7101.372673032842,1.5691036722705138,0.0
9qct8r,2018-02,9238.832706189456,7780.798865621476,0.8421841928589976,0.0
9qct8r,2018-03,10365.109463878245,10820.89571011908,1.0439731242423653,1.8189894035458565e-12
9qct8r,2018-04,12628.202601159654,12304.217034791824,0.9743442850419521,0.0
9qct8r,2018-05,15211.26797057693,13550.525876824464,0.8908215871967524,0.0
9qct8r,2018-06,15878.792254252843,13859.499110952154,0.8728308103684739,0.0
9qct8r,2018-07,15027.903156171735,14085.633627178438,0.9372986690690563,0.0
9qct8r,2018-08,14933.84649515701,13658.451506309812,0.9145970203148396,0.0
9qct8r,2018-09,14091.918685084689,12391.076282666869,0.8793037030352692,0.0
9qct8r,2018-10,12214.368082819094,11324.274038715335,0.9271272948327325,0.0
9qct8r,2018-11,7658.305480588241,8957.802450890344,1.1696846611297995,0.0
9qct8r,2018-12,7172.37411808082,8085.160934606714,1.127264250511536,0.0
9qct8r,2019-01,7346.4769798850575,8436.48561085291,1.1483716118559057,0.0
9qct8r,2019-02,8041.645428628196,8867.649843871253,1.1027158462250135,0.0
9qct8r,2019-03,12034.428320114077,12947.317640639816,1.0758564757912061,0.0
9qct8r,2019-04,14989.423519264956,14530.427656153004,0.9693786847424763,0.0
9qct8r,2019-05,17253.360277272266,15807.835311992836,0.9162177719557847,0.0
9qct8r,2019-06,18667.172205282473,16170.900707435772,0.8662747913612593,0.0
9qct8r,2019-07,18930.36195744598,16854.83319881317,0.8903597953753635,0.0
9qct8r,2019-08,18310.05506056051,16328.838299348949,0.8917962423019108,0.0
9qct8r,2019-09,16100.379712511887,14490.421836768945,0.9000049747589607,0.0
9qct8r,2019-10,15559.358510735026,13253.148191033786,0.8517798585262951,0.0
9qct8r,2019-11,11659.125650215441,10295.947266151668,0.8830805649616973,0.0
9qct8r,2019-12,7024.003182422727,9186.209745261574,1.3078310910008808,0.0
9qct8r,2020-01,8514.43240812486,9936.809434939005,1.16705482628024,0.0
9qct8r,2020-02,14723.448033741684,11130.868833940816,0.7559960688849674,0.0
9qct8r,2020-03,14833.781834454681,14700.6532605748,0.991025311322116,0.0
9qct8r,2020-04,18005.429128388216,16340.679976772122,0.9075418230942705,0.0
9qct8r,2020-05,20123.84323071148,18488.82305053144,0.9187520911669199,0.0
9qct8r,2020-06,20826.70054599999,18535.42944806074,0.8899839610754227,0.0
9qct8r,2020-07,21952.516002172262,19224.15438156032,0.8757153111587773,0.0
9qct8r,2020-08,18966.678306614736,18299.953626545474,0.9648475779843464,0.0
9qct8r,2020-09,16961.411027801565,16238.21947451741,0.9573625359294243,0.0
9qct8r,2020-10,16924.234206828198,14803.085732123662,0.874667979136761,0.0
9qct8r,2020-11,13494.289609206604,12002.275838131918,0.8894336927483203,0.0
9qct8r,2020-12,11232.13030517208,10749.778616532696,0.9570560814792831,0.0
9qct8r,2021-01,10690.318688958103,11386.929539202005,1.0651627767620644,0.0
9qct8r,2021-02,14233.156798398048,12175.99693584471,0.8554670694849036,0.0
9qct8r,2021-03,19554.42527356967,17194.519409887213,0.8793160202528594,0.0
9qct8r,2021-04,22919.325092227,19195.734417943015,0.8375348899105747,0.0
9qct8r,2021-05,25492.232049829843,21170.89496784296,0.8304841618599762,0.0
9qct8r,2021-06,24575.431230315688,21294.44533157068,0.8664932522242923,0.0
9qct8r,2021-07,24156.696610917083,21797.24814955428,0.9023273546310756,0.0
9qct8r,2021-08,22823.178758963822,20639.76132678925,0.9043333334399339,0.0
9qct8r,2021-09,21859.81032804625,18410.00043615715,0.8421848204481913,0.0
9qct8r,2021-10,17258.94846503438,16474.097034928564,0.9545249566220168,0.0
9qct8r,2021-11,12955.369661163038,13880.906878363136,1.0714404329175282,1.8189894035458565e-12
9qct8r,2021-12,9052.045133565656,12137.222653400591,1.3408265728144535,0.0
9qct8r,2022-01,15406.324227359286,13671.888570430548,0.887420540335725,0.0
9qct8r,2022-02,19132.014674499536,14609.41536557957,0.7636109220139792,0.0
9qct8r,2022-03,22741.669157104494,20902.67579879023,0.9191355152689062,0.0
9qct8r,2022-04,25041.974877639725,22871.78653659589,0.9133379714799721,0.0
9qct8r,2022-05,28004.213684306338,25365.922253391625,0.9057894836592673,0.0
9qct8r,2022-06,27868.994690814347,25344.877599724903,0.9094292019108463,0.0
9qct8r,2022-07,28943.084187200326,26127.69043779728,0.9027265466529613,0.0
9qct8r,2022-08,27317.162222064795,25384.73554262267,0.9292596110923538,0.0
9qct8r,2022-09,23974.47938433127,22747.46669682017,0.9488200486925683,0.0
9qct8r,2022-10,23578.760969110892,21398.97131536351,0.9075528329667961,0.0
9qct8r,2022-11,18127.1149585753,16964.195909926173,0.9358464349508088,0.0
9qct8r,2022-12,10937.017416241775,14653.518664615343,1.339809392902169,1.8189894035458565e-12
9qct8r,2023-01,24.415449537494226,,,
9qcts0,2018-01,1763.7994115894157,6765.802052192885,3.835924883372087,0.0
9qcts0,2018-02,3432.612943728903,7413.122414013378,2.1596150033625356,0.0
9qcts0,2018-03,3757.644277041352,10309.56151338296,2.7436235985329556,0.0
9qcts0,2018-04,4764.893277000732,11722.789479948224,2.460241772157203,0.0
9qcts0,2018-05,5697.228895059744,12910.204830379244,2.2660498758570347,0.0
9qcts0,2018-06,5949.882181360586,13204.577740770526,2.219300708531169,0.0
9qcts0,2018-07,5684.181717374049,13420.026421525654,2.360942539980121,1.8189894035458565e-12
9qcts0,2018-08,5691.032055448964,13013.030506354411,2.286585346834392,0.0
9qcts0,2018-09,5306.8853831907745,11805.544252100452,2.2245711749294172,0.0
9qcts0,2018-10,4550.944505024215,10789.153035396612,2.3707502966659897,1.8189894035458565e-12
9qcts0,2018-11,2923.5692367437,8534.507481282282,2.9192082657115725,0.0
9qcts0,2018-12,2685.7086792907203,7703.102056790038,2.8681822850661454,0.0
9qcts0,2019-01,2837.9113086126745,8037.825120199882,2.832303143444327,0.0
9qcts0,2019-02,2914.9483213936223,8448.61497547188,2.8983755607141055,0.0
9qcts0,2019-03,4433.398107586543,12335.500796358345,2.7824031357006995,0.0
9qcts0,2019-04,5565.725673153458,13843.80200585279,2.4873310002735183,0.0
9qcts0,2019-05,6513.159376461765,15060.846616423403,2.3123718837362643,0.0
9qcts0,2019-06,6958.900471903424,15406.755599188975,2.213964068230863,1.8189894035458565e-12
9qcts0,2019-07,7141.932448856309,16058.369317659879,2.248462784079038,0.0
9qcts0,2019-08,6861.165363578675,15557.229955723233,2.2674325907237467,0.0
9qcts0,2019-09,6008.9758595864,13805.6866347336,2.2975107501403493,0.0
9qcts0,2019-10,5805.787037153505,12626.87952843594,2.17487817717591,1.8189894035458565e-12
9qcts0,2019-11,4296.863331546901,9809.419157387816,2.28292556697547,0.0
9qcts0,2019-12,2681.074214089189,8752.121541569686,3.264408532810027,0.0
9qcts0,2020-01,3121.3752804873784,9467.252144429038,3.0330387389211335,0.0
9qcts0,2020-02,5474.2782582763775,10604.887064348877,1.9372210479647622,0.0
9qcts0,2020-03,5581.279889376983,14005.98371307488,2.5094573271146796,1.8189894035458565e-12
9qcts0,2020-04,6737.324845100206,15568.512062591863,2.3107854260455074,0.0
9qcts0,2020-05,7522.828181869493,17615.146070695202,2.3415590047834476,0.0
9qcts0,2020-06,7837.39677577034,17659.550114049594,2.253241812210513,0.0
9qcts0,2020-07,8257.47548318008,18315.729810992292,2.2180786183743684,0.0
9qcts0,2020-08,7250.275451200833,17435.201545145468,2.4047640206907928,0.0
9qcts0,2020-09,6440.128211876722,15470.893262911603,2.402264792551889,0.0
9qcts0,2020-10,6333.955990432466,14103.575806621564,2.2266614779018394,0.0
9qcts0,2020-11,5034.574750366805,11435.116312792681,2.271317217399454,1.8189894035458565e-12
9qcts0,2020-12,4171.475636713439,10241.805010536695,2.455199527092494,0.0
9qcts0,2021-01,3907.7978965890425,10848.847792071429,2.7762049315654083,0.0
9qcts0,2021-02,5167.189778160529,11600.628336105836,2.2450555977519273,0.0
9qcts0,2021-03,7263.170495131639,16382.003883792973,2.255489375441966,0.0
9qcts0,2021-04,8608.532274586221,18288.652813766756,2.1244797870779686,0.0
9qcts0,2021-05,9499.688407532094,20170.4784715964,2.1232779019997827,0.0
9qcts0,2021-06,9197.958582710711,20288.19054543708,2.2057275386706503,0.0
9qcts0,2021-07,9013.403163228928,20767.23375220754,2.3040391488233354,0.0
9qcts0,2021-08,8526.328073104614,19664.443195870597,2.306320262048087,0.0
9qcts0,2021-09,8242.209041965873,17540.04816629737,2.1280761112695394,0.0
9qcts0,2021-10,6422.344126205596,15695.624586808517,2.4439089962128353,0.0
9qcts0,2021-11,4922.60270901805,13224.97389843623,2.686581607369716,0.0
9qcts0,2021-12,3224.860555673022,11563.686306471349,3.585794209343117,0.0
9qcts0,2022-01,5867.564817405868,13025.832610988175,2.2199725126764047,0.0
9qcts0,2022-02,7158.436852381966,13919.05720384651,1.9444269036493564,0.0
9qcts0,2022-03,8468.706848532285,19914.93382016503,2.3515908835144645,0.0
9qcts0,2022-04,9309.621151802947,21790.99554572869,2.3406962743600515,0.0
9qcts0,2022-05,10555.894495182094,24167.27254569879,2.2894575686342056,0.0
9qcts0,2022-06,10359.205673985785,24147.222343079982,2.3309916901948284,0.0
9qcts0,2022-07,10821.468163827343,24893.043883530278,2.3003388733092285,0.0
9qcts0,2022-08,10336.52042009076,24185.196825517432,2.339781265125685,0.0
9qcts0,2022-09,8717.130847496363,21672.55035691653,2.4862022534789734,0.0
9qcts0,2022-10,8853.988584813318,20387.77722370543,2.3026658582636172,0.0
9qcts0,2022-11,6806.088741707018,16162.564166930584,2.3747213385403043,1.8189894035458565e-12
9qcts0,2022-12,4037.803593158919,13961.07643095423,3.4575917596903167,0.0
9qcts0,2023-01,8.878014428194541,,,
9qcxqg,2018-01,1953.2975576848376,2675.6678967323937,1.3698209400843933,0.0
9qcxqg,2018-02,3322.798991683794,2931.6633127471027,0.8822872885432991,0.0
9qcxqg,2018-03,3417.8049790129703,4077.116439108054,1.1929049387380453,4.547473508864641e-13
9qcxqg,2018-04,4659.478912180389,4636.004900776467,0.9949620951513359,0.0
9qcxqg,2018-05,5641.869712932081,5105.5913753328405,0.9049466994301546,0.0
9qcxqg,2018-06,5993.999816105626,5222.006863094021,0.8712057095935685,0.0
9qcxqg,2018-07,5706.271951457353,5307.210230565141,0.9300661229806452,0.0
9qcxqg,2018-08,5692.149565326286,5146.255787038085,0.9040970775586236,0.0
9qcxqg,2018-09,5354.382651056374,4668.731883540817,0.8719458783207651,0.0
9qcxqg,2018-10,4490.329749474372,4266.780226061596,0.9502153436640274,0.0
9qcxqg,2018-11,2860.8358873763086,3375.1368287057935,1.1797729620209545,0.0
9qcxqg,2018-12,2630.0873464687065,3046.3413974587247,1.1582662460046822,0.0
9qcxqg,2019-01,2692.0166409258363,3178.7141373279555,1.1807929003866537,4.547473508864641e-13
9qcxqg,2019-02,2508.9171276297393,3341.168968192892,1.3317175491361923,0.0
9qcxqg,2019-03,4083.351373535826,4878.313497249794,1.1946837416113911,0.0
9qcxqg,2019-04,5379.632761538218,5474.800520327701,1.0176903820405523,0.0
9qcxqg,2019-05,6246.414668160121,5956.104461571374,0.9535237056757458,0.0
9qcxqg,2019-06,7023.6078391264655,6092.90089061813,0.8674887650583737,0.0
9qcxqg,2019-07,7134.056768031416,6350.5941979501,0.8901799361070257,0.0
9qcxqg,2019-08,6824.425809057167,6152.408898974609,0.9015276993427523,0.0
9qcxqg,2019-09,5856.049271824057,5459.727056148741,0.9323225954429396,0.0
9qcxqg,2019-10,5800.723529638796,4993.544879013013,0.8608486257789215,0.0
9qcxqg,2019-11,4198.035067170402,3879.3254255062625,0.924081234061973,0.0
9qcxqg,2019-12,2648.6324305617877,3461.1965375912873,1.3067862862560928,0.0
9qcxqg,2020-01,3211.5215829119747,3744.0088311347367,1.1658052840298652,0.0
9qcxqg,2020-02,5474.009049622054,4193.908667096486,0.7661493850445953,0.0
9qcxqg,2020-03,5457.264066355756,5538.938428014602,1.0149661736477757,9.094947017729282e-13
9qcxqg,2020-04,6702.207699869559,6156.870627373256,0.9186332180503871,0.0
9qcxqg,2020-05,7298.223569083968,6966.25181671325,0.9545133484568786,0.0
9qcxqg,2020-06,7868.018372076768,6983.812258531077,0.8876202276441425,0.0
9qcxqg,2020-07,8272.79214772801,7243.311270777247,0.8755582325087795,0.0
9qcxqg,2020-08,7270.525843672034,6895.0892573460105,0.94836183868973,0.0
9qcxqg,2020-09,6350.134070938541,6118.26537608049,0.9634860158434763,0.0
9qcxqg,2020-10,6344.553170597324,5577.533117847885,0.8791057412357967,0.0
9qcxqg,2020-11,4953.562131303802,4522.238956669376,0.9129266650540832,0.0
9qcxqg,2020-12,4177.108532281017,4050.320813391831,0.9696470135000419,0.0
9qcxqg,2021-01,3643.7187188310177,4290.387677595933,1.177474994275184,0.0
9qcxqg,2021-02,4857.186767806897,4587.6939025702395,0.944516676397367,0.0
9qcxqg,2021-03,7180.591608399107,6478.5817760960745,0.9022350983612695,0.0
9qcxqg,2021-04,8663.209680270984,7232.603146055686,0.8348641453902166,0.0
9qcxqg,2021-05,9500.77850358839,7976.807670672267,0.8395951624026886,0.0
9qcxqg,2021-06,9213.530239184993,8023.359197690592,0.8708235594177981,0.0
9qcxqg,2021-07,8886.428011361011,8212.80614272618,0.9241965536913563,0.0
9qcxqg,2021-08,8405.475113161116,7776.686187449917,0.9251929346948331,0.0
9qcxqg,2021-09,8184.778804257213,6936.552891093038,0.8474942398547257,0.0
9qcxqg,2021-10,6189.271364137543,6207.139745165268,1.002886992664639,9.094947017729282e-13
9qcxqg,2021-11,5024.77612406706,5230.072919987472,1.0408569040393874,0.0
9qcxqg,2021-12,3022.650559052661,4573.084459082147,1.512938518607792,0.0
9qcxqg,2022-01,5924.358239685763,5151.318628090029,0.8695150461332101,0.0
9qcxqg,2022-02,7223.827306683312,5504.561650756987,0.7620007258014457,0.0
9qcxqg,2022-03,8495.980927323744,7875.74757243972,0.9269968517832585,0.0
9qcxqg,2022-04,9125.429854327896,8617.672638035172,0.9443579947029113,0.0
9qcxqg,2022-05,10414.177970852612,9557.41755423514,0.917731344805573,0.0
9qcxqg,2022-06,10250.545646315953,9549.488311987689,0.9316078032801869,0.0
9qcxqg,2022-07,10788.81506654648,9844.437933197429,0.9124670200087739,0.0
9qcxqg,2022-08,10307.584428868802,9564.506058999665,0.9279095529125163,0.0
9qcxqg,2022-09,8866.313291468117,8570.831186455256,0.9666736223614839,0.0
9qcxqg,2022-10,8836.378328541085,8062.742684811455,0.9124487867126713,0.0
9qcxqg,2022-11,6455.481334687809,6391.800075841271,0.9901353198088647,0.0
9qcxqg,2022-12,4353.758734003611,5521.178970647566,1.268140773976794,0.0
9qcxqg,2023-01,8.82142462114901,,,
9qd2ds,2018-01,5291.707290623836,6720.9809637665385,1.2700968883284938,9.094947017729282e-13
9qd2ds,2018-02,9428.284656631828,7364.0130530432125,0.7810554434059633,0.0
9qd2ds,2018-03,10095.475899363484,10241.26424948674,1.014440958660745,0.0
9qd2ds,2018-04,12880.57950975229,11645.130071672464,0.9040843281046145,0.0
9qd2ds,2018-05,14667.238488716375,12824.679207867552,0.8743758559413676,0.0
9qd2ds,2018-06,14741.981703963715,13117.101999980883,0.8897787463983933,0.0
9qd2ds,2018-07,14241.01487919628,13331.123408064275,0.9361076806077071,0.0
9qd2ds,2018-08,14332.845957106214,12926.823699456918,0.901902088262367,0.0
9qd2ds,2018-09,13552.360027650935,11727.336622204886,0.8653353805741254,0.0
9qd2ds,2018-10,12179.783710255218,10717.678644257992,0.8799564014616982,0.0
9qd2ds,2018-11,8691.590165255699,8477.969333765848,0.9754221232906504,0.0
9qd2ds,2018-12,7577.2000114816365,7652.071681413825,1.009881179039584,0.0
9qd2ds,2019-01,7713.745820500147,7984.577320798002,1.0351102443093327,9.094947017729282e-13
9qd2ds,2019-02,8988.18665892416,8392.645835970814,0.9337418274060822,0.0
9qd2ds,2019-03,12730.494087922827,12253.782388442813,0.962553558708121,0.0
9qd2ds,2019-04,15253.983534389607,13752.09162634796,0.9015410037217045,0.0
9qd2ds,2019-05,16021.108642458828,14961.073739126236,0.9338351092306241,0.0
9qd2ds,2019-06,16924.509317565957,15304.691195035954,0.9042915754816718,0.0
9qd2ds,2019-07,17347.306928091635,15951.98819896657,0.9195656861950409,0.0
9qd2ds,2019-08,17078.47426543403,15454.168711226952,0.9048916472887399,0.0
9qd2ds,2019-09,15790.367936450068,13714.228756322678,0.8685186318341016,0.0
9qd2ds,2019-10,14932.575358160346,12543.23083763373,0.8399911292447697,0.0
9qd2ds,2019-11,11151.493176842529,9744.435162870584,0.8738233533699437,0.0
9qd2ds,2019-12,7536.98957404172,8694.141776494283,1.1535297602689982,0.0
9qd2ds,2020-01,9705.827841141276,9404.534887517502,0.9689575213412867,0.0
9qd2ds,2020-02,13986.331004646227,10534.63337126181,0.753209213178369,0.0
9qd2ds,2020-03,13817.838601959731,13913.198936095152,1.0069012482257462,1.8189894035458565e-12
9qd2ds,2020-04,17433.12588665278,15465.37607805653,0.887125818892709,0.0
9qd2ds,2020-05,19698.599527935447,17498.451846775104,0.888309436513991,0.0
9qd2ds,2020-06,19622.395519088903,17542.561728766465,0.8940071415694811,0.0
9qd2ds,2020-07,20214.57958274301,18194.39446314754,0.9000629663690813,0.0
9qd2ds,2020-08,17954.804102146038,17319.699391201597,0.964627588954394,0.0
9qd2ds,2020-09,15867.326688808022,15368.403969015282,0.968556598753043,0.0
9qd2ds,2020-10,15018.885641440063,14010.144515921686,0.9328351550440558,0.0
9qd2ds,2020-11,12987.041969938751,11359.36263932316,0.874668971242012,0.0
9qd2ds,2020-12,11513.300003885724,10173.956609935927,0.8836698953820563,0.0
9qd2ds,2021-01,11182.199253767676,10776.977943905413,0.9637619308450679,0.0
9qd2ds,2021-02,15023.513380860402,11523.77820297413,0.7670494850861682,0.0
9qd2ds,2021-03,18734.31722977095,16273.478798516757,0.8686454167999439,0.0
9qd2ds,2021-04,22291.2196580773,18167.496841623157,0.8150068556271258,0.0
9qd2ds,2021-05,24094.766563770307,20036.85605814076,0.8315853986429087,0.0
9qd2ds,2021-06,22673.906556348255,20153.78833038071,0.888853814418585,0.0
9qd2ds,2021-07,22261.14359810189,20629.6580423068,0.9267115119847572,0.0
9qd2ds,2021-08,21828.07489866516,19534.17309034019,0.8949104848240536,0.0
9qd2ds,2021-09,20451.30495399652,17423.851439907896,0.8519677095961052,0.0
9qd2ds,2021-10,17425.5996761658,15591.646525954066,0.8947552345805259,0.0
9qd2ds,2021-11,14227.210523922791,13137.363040186863,0.9233969665449618,0.0
9qd2ds,2021-12,9133.877508783895,11487.080901453786,1.2576346563008816,0.0
9qd2ds,2022-01,15236.131190368606,12939.54099459442,0.8492668403100941,0.0
9qd2ds,2022-02,18179.124004595003,13826.848284795624,0.7605893596028451,0.0
9qd2ds,2022-03,21709.457405604255,19783.00430125912,0.9112620334837191,0.0
9qd2ds,2022-04,24555.57372019312,21646.637769559835,0.8815366326284961,0.0
9qd2ds,2022-05,28059.038649432678,24007.172759828863,0.8555949852656217,0.0
9qd2ds,2022-06,26038.686414149513,23987.255382837764,0.9212160322266874,0.0
9qd2ds,2022-07,26449.065694619505,24728.136114651195,0.934934201463366,0.0
9qd2ds,2022-08,25770.77435184228,24024.978297519887,0.9322567482650133,0.0
9qd2ds,2022-09,22643.902836198144,21528.97723898043,0.9507626576000223,0.0
9qd2ds,2022-10,22401.321075680153,20252.715281497975,0.9040857551693772,0.0
9qd2ds,2022-11,17927.731744657896,16055.492793553984,0.8955674383257212,0.0
9qd2ds,2022-12,10828.523415983385,13868.589149119556,1.2807461014166435,0.0
9qd2ds,2023-01,8.447905186190951,,,
9qd9xh,2018-01,7292.936933847917,8783.92611609381,1.204442900819,0.0
9qd9xh,2018-02,11835.88447350146,9624.331169007146,0.8131484546469165,0.0
9qd9xh,2018-03,13042.80969946476,13384.72895368392,1.0262151531838413,0.0
9qd9xh,2018-04,16876.572906830705,15219.498866806538,0.901812171868527,0.0
9qd9xh,2018-05,19049.44350535798,16761.10008819036,0.8798734768013573,0.0
9qd9xh,2018-06,19268.71807957918,17143.27944778579,0.8896948607055541,0.0
9qd9xh,2018-07,18330.116071136534,17422.992817902723,0.9505118652978848,0.0
9qd9xh,2018-08,18625.11853397738,16894.596920293294,0.9070866791785978,0.0
9qd9xh,2018-09,17744.52961598439,15326.937984701472,0.8637556653457223,0.0
9qd9xh,2018-10,15770.621255259377,14007.374497076296,0.8881942106373868,0.0
9qd9xh,2018-11,10707.104002070688,11080.20639305222,1.0348462470252813,0.0
9qd9xh,2018-12,8152.963108662582,10000.806823729545,1.2266468878172176,0.0
9qd9xh,2019-01,10042.200289113338,10435.372103006624,1.0391519589904537,0.0
9qd9xh,2019-02,11299.393868480349,10968.693608737138,0.9707329204033059,0.0
9qd9xh,2019-03,17084.302200192742,16014.97158272744,0.9374085868456928,0.0
9qd9xh,2019-04,19636.240490588203,17973.173475542208,0.9153062412408772,0.0
9qd9xh,2019-05,20544.110950018214,19553.241863114603,0.9517687044567518,0.0
9qd9xh,2019-06,22173.869929970562,20002.329631876797,0.9020676000647647,0.0
9qd9xh,2019-07,22720.908310681596,20848.308676951936,0.9175825363966937,0.0
9qd9xh,2019-08,22423.058688419827,20197.687938248655,0.9007552546200825,0.0
9qd9xh,2019-09,20551.01704081641,17923.68893531834,0.8721558110588917,0.0
9qd9xh,2019-10,19104.255707767603,16393.263651373043,0.8580948612778305,0.0
9qd9xh,2019-11,13707.364906315132,12735.402610894076,0.9290919661025977,0.0
9qd9xh,2019-12,9794.194546654795,11362.731038710188,1.1601496156303253,0.0
9qd9xh,2020-01,11180.389152393725,12291.172978101276,1.0993510879243171,0.0
9qd9xh,2020-02,17707.81398587655,13768.145110389029,0.7775180562304452,0.0
9qd9xh,2020-03,18540.714705475006,18183.731236858777,0.9807459704608468,0.0
9qd9xh,2020-04,22004.275899377957,20212.335306351273,0.9185639826904124,0.0
9qd9xh,2020-05,26236.365298488086,22869.44554622859,0.8716697334423256,0.0
9qd9xh,2020-06,25705.9157206143,22927.09456301506,0.8918995460888863,0.0
9qd9xh,2020-07,26684.424634329498,23779.001540541452,0.8911191403373854,0.0
9qd9xh,2020-08,23515.786431125194,22635.82661897781,0.9625800389570353,0.0
9qd9xh,2020-09,19194.723997559624,20085.59847347937,1.0464124660522867,0.0
9qd9xh,2020-10,18276.024864477215,18310.433397610163,1.0018827142876034,0.0
9qd9xh,2020-11,15818.596474007454,14846.017670285575,0.9385167448123488,0.0
9qd9xh,2020-12,12599.03869700392,13296.761834590689,1.0553790772745772,0.0
9qd9xh,2021-01,13082.184596295914,14084.875187771177,1.0766455009172675,1.8189894035458565e-12
9qd9xh,2021-02,18631.89839610932,15060.899124530417,0.8083394834138536,0.0
9qd9xh,2021-03,23576.410699214655,21268.477948177624,0.9021083921347743,0.0
9qd9xh,2021-04,29002.777336947052,23743.847934030353,0.8186749723373122,0.0
9qd9xh,2021-05,31552.343526610548,26186.990286441873,0.8299538912016581,0.0
9qd9xh,2021-06,29557.406436800677,26339.81387655172,0.8911409034778212,0.0
9qd9xh,2021-07,28959.584199718087,26961.747551558445,0.9310129373964184,0.0
9qd9xh,2021-08,28419.821341748622,25530.0132658576,0.8983171624782207,0.0
9qd9xh,2021-09,26371.838461914143,22771.947209946313,0.8634948694545227,0.0
9qd9xh,2021-10,21613.293580767982,20377.36334183561,0.9428162008574144,0.0
9qd9xh,2021-11,15669.960918298697,17169.759433544416,1.0957116946918686,0.0
9qd9xh,2021-12,10483.505351738908,15012.937913666628,1.4320532503163572,0.0
9qd9xh,2022-01,17928.714022789318,16911.217675728643,0.9432476670793384,0.0
9qd9xh,2022-02,22947.922959740372,18070.876023433717,0.7874732739488928,0.0
9qd9xh,2022-03,27179.82995615875,25855.220997269636,0.9512650019876608,0.0
9qd9xh,2022-04,31553.91191481075,28290.880134125626,0.8965886768811849,0.0
9qd9xh,2022-05,36590.87192370862,31375.960282508804,0.857480530880138,3.637978807091713e-12
9qd9xh,2022-06,34236.1177306966,31349.929444323217,0.915697559253759,0.0
9qd9xh,2022-07,34407.97435351744,32318.2169077413,0.9392653161065114,0.0
9qd9xh,2022-08,33909.43235668619,31399.231071159815,0.9259733616557747,0.0
9qd9xh,2022-09,29239.248176213794,28137.104753275467,0.9623060272857863,0.0
9qd9xh,2022-10,28828.10904474286,26469.1055728367,0.9181700239774709,0.0
9qd9xh,2022-11,22098.173468039502,20983.583083535377,0.9495618773146046,0.0
9qd9xh,2022-12,13550.1420532479,18125.42887371256,1.3376560040835872,0.0
9qd9xh,2023-01,13.64473835068915,,,
9qdbm8,2018-01,6696.485194952838,7795.344132038533,1.1640948803879845,9.094947017729282e-13
9qdbm8,2018-02,10374.358404481234,8541.166274800002,0.8232958552030186,0.0
9qdbm8,2018-03,11651.19211765697,11878.352223029093,1.019496726436076,0.0
9qdbm8,2018-04,14954.818757509394,13506.628996634468,0.9031623328669407,0.0
9qdbm8,2018-05,16765.71175327315,14874.731582679658,0.8872114588141886,0.0
9qdbm8,2018-06,17074.49206155713,15213.898782953576,0.8910308270433039,0.0
9qdbm8,2018-07,16287.183843329207,15462.13197043437,0.9493434911258304,0.0
9qdbm8,2018-08,16590.72489276231,14993.204089509223,0.9037100058268096,0.0
9qdbm8,2018-09,15781.031131093243,13601.976439926277,0.8619193718670517,0.0
9qdbm8,2018-10,14106.169972657057,12430.922476794174,0.881240088620077,0.0
9qdbm8,2018-11,9481.59720537394,9833.190847268394,1.0370816893271082,0.0
9qdbm8,2018-12,6971.026575046538,8875.271690431695,1.273165665757406,0.0
9qdbm8,2019-01,8470.171428659463,9260.929066760667,1.093357926077578,0.0
9qdbm8,2019-02,10479.517342306188,9734.228206033837,0.9288813490232425,0.0
9qdbm8,2019-03,15163.269346181964,14212.575686792688,0.9373028574719174,0.0
9qdbm8,2019-04,17824.694366044307,15950.392857924428,0.8948480422929221,0.0
9qdbm8,2019-05,18145.859562170714,17352.63334475123,0.9562861040171858,0.0
9qdbm8,2019-06,19630.14355271359,17751.178785220785,0.9042816593548005,0.0
9qdbm8,2019-07,20118.355069867433,18501.947598356783,0.9196550878092589,0.0
9qdbm8,2019-08,19908.007545022443,17924.550601774507,0.900368887305156,0.0
9qdbm8,2019-09,18422.2656624606,15906.477527221225,0.8634376367524738,0.0
9qdbm8,2019-10,17169.80541152472,14548.293089072544,0.8473184605404692,0.0
9qdbm8,2019-11,12365.06197146487,11302.103945306124,0.9140353660489727,0.0
9qdbm8,2019-12,8604.75051904257,10083.918916878512,1.1719013694310483,0.0
9qdbm8,2020-01,9740.791227073003,10907.869884647956,1.1198135377679834,0.0
9qdbm8,2020-02,15866.249453798251,12218.617025783267,0.7701011547412819,0.0
9qdbm8,2020-03,16402.034483026022,16137.253515384537,0.9838568216695618,0.0
9qdbm8,2020-04,19067.791764433645,17937.549490139398,0.9407250567733574,0.0
9qdbm8,2020-05,23532.727360262503,20295.61676471003,0.8624421833476609,0.0
9qdbm8,2020-06,22677.839811876285,20346.77770559054,0.8972096934442151,0.0
9qdbm8,2020-07,23530.31026626647,21102.807295381328,0.8968350632262907,0.0
9qdbm8,2020-08,21183.822475461726,20088.29034715959,0.9482844925852666,0.0
9qdbm8,2020-09,17185.912642398744,17825.076182260473,1.0371911316647142,0.0
9qdbm8,2020-10,16445.879696120115,16249.696053297082,0.9880709547650822,0.0
9qdbm8,2020-11,14541.905230927636,13175.181029603857,0.9060147773197532,0.0
9qdbm8,2020-12,11552.317077474243,11800.285313474902,1.02146480522805,0.0
9qdbm8,2021-01,12297.268541077667,12499.700896199403,1.0164615706687654,1.8189894035458565e-12
9qdbm8,2021-02,17087.613532069612,13365.878772423252,0.7821969257051898,0.0
9qdbm8,2021-03,21051.319293268305,18874.829157197655,0.8966102738859394,0.0
9qdbm8,2021-04,25739.912915317476,21071.61003158215,0.8186356380033717,0.0
9qdbm8,2021-05,27921.62712533109,23239.790313257297,0.832322207045508,0.0
9qdbm8,2021-06,26139.575041524113,23375.41445907259,0.8942538056544337,0.0
9qdbm8,2021-07,25592.518818086926,23927.35296127584,0.9349354446646233,0.0
9qdbm8,2021-08,25324.31329025555,22656.75239893417,0.8946640384381984,0.0
9qdbm8,2021-09,23051.674078247866,20209.091323400928,0.8766864937792405,0.0
9qdbm8,2021-10,19002.473713214622,18084.0045389447,0.9516658100344482,0.0
9qdbm8,2021-11,14159.346842151897,15237.398593729737,1.0761371102492183,1.8189894035458565e-12
9qdbm8,2021-12,9735.624972013264,13323.31532884106,1.368511561110995,0.0
9qdbm8,2022-01,16425.811462490932,15007.954271448438,0.9136811478519503,0.0
9qdbm8,2022-02,20328.59390113341,16037.099527962991,0.7888936935804917,0.0
9qdbm8,2022-03,24288.32313695917,22945.359810614424,0.9447074497991514,0.0
9qdbm8,2022-04,28193.33605875697,25106.899070985583,0.8905260100706412,0.0
9qdbm8,2022-05,32583.98066768554,27844.7706233777,0.8545539879659991,0.0
9qdbm8,2022-06,30237.052409266904,27821.669411115647,0.9201184372914933,0.0
9qdbm8,2022-07,30737.07638177748,28680.98151100376,0.9331070123509639,0.0
9qdbm8,2022-08,29791.35931706029,27865.422414315035,0.9353524999565108,0.0
9qdbm8,2022-09,26461.303244737937,24970.430253179165,0.9436583686838914,0.0
9qdbm8,2022-10,25485.206835737197,23490.15509471043,0.9217172631210839,0.0
9qdbm8,2022-11,19792.668338282896,18621.99762355487,0.9408533152417999,0.0
9qdbm8,2022-12,11294.315894342297,16085.512758639878,1.4242131094188408,1.8189894035458565e-12
9qdbm8,2023-01,17.302845526376736,,,
9qh0rw,2018-01,41880.41198901982,35048.41245695314,0.8368688556870479,0.0
9qh0rw,2018-02,52593.30572358357,38401.68097676084,0.7301629066366329,0.0
9qh0rw,2018-03,56062.707350233206,53405.902416885365,0.9526101207215997,0.0
9qh0rw,2018-04,68141.19953405093,60726.74867957299,0.8911898982527765,0.0
9qh0rw,2018-05,60061.76490145882,66877.83359730797,1.1134843224642503,0.0
9qh0rw,2018-06,73957.33176568917,68402.75305252663,0.9248948200191903,0.0
9qh0rw,2018-07,75102.53908811777,69518.82682591832,0.9256521506463572,0.0
9qh0rw,2018-08,75177.19582554243,67410.49427448143,0.8966880652334447,0.0
9qh0rw,2018-09,71555.14295336368,61155.43745361603,0.8546616627329542,7.275957614183426e-12
9qh0rw,2018-10,64094.197495622626,55890.29692691162,0.8720024450064876,0.0
9qh0rw,2018-11,54528.44177699666,44210.713824236795,0.8107826371610622,0.0
9qh0rw,2018-12,49121.78658884463,39903.84229418547,0.8123450929866521,0.0
9qh0rw,2019-01,47644.0898983237,41637.78483266704,0.8739338902584856,0.0
9qh0rw,2019-02,49062.458353885086,43765.77086738093,0.892041946852736,0.0
9qh0rw,2019-03,66528.2689458046,63900.73437541884,0.9605049911560724,0.0
9qh0rw,2019-04,75030.51277434704,71714.08192710325,0.9557989046773825,0.0
9qh0rw,2019-05,74075.26692878956,78018.65323450138,1.0532348578575181,0.0
9qh0rw,2019-06,69869.04483974377,79810.54141080467,1.1422875694646086,0.0
9qh0rw,2019-07,91879.95945446384,83186.0505066073,0.9053775273794576,0.0
9qh0rw,2019-08,93369.21216437656,80590.03322438763,0.8631328395757354,0.0
9qh0rw,2019-09,79521.58137818216,71516.63552863785,0.8993361838281981,0.0
9qh0rw,2019-10,83959.17256122078,65410.14329756276,0.7790708424367503,0.0
9qh0rw,2019-11,60974.848931371256,50815.04985500342,0.8333772161075307,0.0
9qh0rw,2019-12,48498.99806522149,45338.00476218454,0.9348235339050501,0.0
9qh0rw,2020-01,64196.15589787232,49042.54594388825,0.7639483277146458,0.0
9qh0rw,2020-02,73800.27788488283,54935.75676962624,0.7443841452103694,0.0
9qh0rw,2020-03,68981.61905610934,72554.22051286785,1.0517906292378056,0.0
9qh0rw,2020-04,76364.0323464345,80648.47713567337,1.056105533686356,0.0
9qh0rw,2020-05,103024.18054728964,91250.51253533216,0.8857193723899295,0.0
9qh0rw,2020-06,92541.69010259463,91480.5357039433,0.9885332286726675,0.0
9qh0rw,2020-07,107204.03212465777,94879.69761954682,0.8850385171074525,0.0
9qh0rw,2020-08,102909.1615443261,90318.35846073966,0.8776512907632311,0.0
9qh0rw,2020-09,88964.93000461656,80142.78927659131,0.9008357481136955,0.0
9qh0rw,2020-10,82148.87560808696,73059.7700280289,0.889358125564371,0.0
9qh0rw,2020-11,77239.51466607937,59236.535436932,0.7669200886751093,0.0
9qh0rw,2020-12,68975.64974465895,53054.90813120021,0.7691831585146968,0.0
9qh0rw,2021-01,76469.78852208173,56199.529511210814,0.7349246100632593,0.0
9qh0rw,2021-02,82638.97731569564,60093.92582685393,0.7271862234848867,0.0
9qh0rw,2021-03,100466.53511882319,84862.55207606769,0.8446847696668304,0.0
9qh0rw,2021-04,102220.93748347696,94739.43253943724,0.9268104448244859,0.0
9qh0rw,2021-05,104185.8778385877,104487.72273753928,1.0028971767116004,1.4551915228366852e-11
9qh0rw,2021-06,115829.91750160199,105097.49838325068,0.9073432896280629,0.0
9qh0rw,2021-07,118354.1312623175,107579.05249406755,0.9089589974314601,0.0
9qh0rw,2021-08,111072.79256696714,101866.34349460716,0.9171133734950502,0.0
9qh0rw,2021-09,102142.91433114861,90861.48809925144,0.8895525322948722,0.0
9qh0rw,2021-10,96703.38763006376,81306.94927878695,0.8407869803881589,0.0
9qh0rw,2021-11,88685.43154325403,68508.4098454523,0.7724877542264548,0.0
9qh0rw,2021-12,61539.67537904618,59902.557607441304,0.9733973609460685,0.0
9qh0rw,2022-01,82946.97430278342,67476.81212417019,0.8134933515218757,0.0
9qh0rw,2022-02,98146.74665253326,72103.92118022752,0.734654215646041,0.0
9qh0rw,2022-03,121130.94629205366,103163.94260394343,0.8516728859296554,0.0
9qh0rw,2022-04,125110.33444427657,112882.37430576168,0.9022625893150246,0.0
9qh0rw,2022-05,127533.43734145154,125192.03630362188,0.981640885036597,0.0
9qh0rw,2022-06,136788.0855498168,125088.1716374953,0.9144668640891204,0.0
9qh0rw,2022-07,141362.71972866583,128951.69894251156,0.912204428367138,0.0
9qh0rw,2022-08,137870.8226484644,125284.88820014968,0.9087121248242228,0.0
9qh0rw,2022-09,122202.3736918959,112268.80095569824,0.9187121130621997,0.0
9qh0rw,2022-10,106399.09948084822,105613.3803065233,0.9926153587938368,0.0
9qh0rw,2022-11,105381.30879977654,83725.80381670392,0.7945033589949251,0.0
9qh0rw,2022-12,80892.25938959993,72321.59045157672,0.8940483427871083,0.0
9qh0rw,2023-01,102.50594959465445,,,
9qh18k,2018-01,30958.22836043884,26102.828257883404,0.8431628565425244,0.0
9qh18k,2018-02,39437.39628928174,28600.22503391749,0.7252057114554095,3.637978807091713e-12
9qh18k,2018-03,42137.73047976095,39774.8428821825,0.9439246591908086,0.0
9qh18k,2018-04,51561.23447648909,45227.15239640108,0.8771541809578624,0.0
9qh18k,2018-05,44511.590687690965,49808.2646908451,1.1189953879724828,0.0
9qh18k,2018-06,54644.08299505933,50943.97121380293,0.9322870550944931,0.0
9qh18k,2018-07,56284.3026502122,51775.183813396485,0.9198867424042125,0.0
9qh18k,2018-08,56478.74227098997,50204.971679872455,0.8889180187296769,0.0
9qh18k,2018-09,53346.47422513574,45546.42475884179,0.8537850986482116,0.0
9qh18k,2018-10,46677.948818205296,41625.1327719084,0.8917515406262625,0.0
9qh18k,2018-11,40313.10044866373,32926.58894407474,0.8167714360249899,0.0
9qh18k,2018-12,37054.376652230654,29718.98209409903,0.8020370271782715,0.0
9qh18k,2019-01,35274.38374722049,31010.361677885092,0.8791184532126266,0.0
9qh18k,2019-02,35711.68017981399,32595.211036398377,0.9127324973867458,0.0
9qh18k,2019-03,50224.25842860852,47591.02561358032,0.9475704988502475,0.0
9qh18k,2019-04,56864.73769191192,53410.13281312227,0.9392487327118891,0.0
9qh18k,2019-05,55426.91380437918,58105.5563869779,1.0483274712363126,0.0
9qh18k,2019-06,55544.813657679035,59440.09184934226,1.0701285671002463,0.0
9qh18k,2019-07,67967.53778660759,61954.05262627837,0.9115241576175778,0.0
9qh18k,2019-08,70047.72963508953,60020.63001104566,0.8568533244934619,0.0
9qh18k,2019-09,58740.60205638799,53263.08166107338,0.9067506936674489,0.0
9qh18k,2019-10,61821.975914513816,48715.180435543545,0.7879913204797258,0.0
9qh18k,2019-11,45145.00335486234,37845.26676950225,0.838304661803201,0.0
9qh18k,2019-12,36300.81151868811,33766.15569438216,0.9301763316502972,0.0
9qh18k,2020-01,47795.79361773496,36525.16802793751,0.7641921027624613,0.0
9qh18k,2020-02,55610.02345844771,40914.224743720944,0.735734714701072,0.0
9qh18k,2020-03,52120.50779987905,54035.83856353163,1.0367481216991716,0.0
9qh18k,2020-04,57169.587501413844,60064.156986222755,1.0506312816186985,7.275957614183426e-12
9qh18k,2020-05,79195.1771395401,67960.18108035804,0.8581353503460666,0.0
9qh18k,2020-06,69965.61259877078,68131.4942681655,0.97378543169309,0.0
9qh18k,2020-07,81200.29227591457,70663.07083565519,0.8702317301463101,0.0
9qh18k,2020-08,75788.04615243163,67265.94542135755,0.8875534973690484,0.0
9qh18k,2020-09,65259.717416038875,59687.53840602521,0.9146153365254354,0.0
9qh18k,2020-10,59543.77036288062,54412.354110029286,0.9138211063629548,0.0
9qh18k,2020-11,57382.094794777,44117.29384323388,0.7688337973895212,0.0
9qh18k,2020-12,51946.480914439126,39513.43464949889,0.7606566210824047,0.0
9qh18k,2021-01,55362.622519597215,41855.438354211656,0.7560234044078331,0.0
9qh18k,2021-02,61974.269424904625,44755.84813226422,0.7221682247742462,0.0
9qh18k,2021-03,74034.73342400965,63202.6521911073,0.8536891978679093,0.0
9qh18k,2021-04,76534.53150367519,70558.60632385526,0.9219185763287391,0.0
9qh18k,2021-05,80692.61019194224,77818.79093739785,0.9643855955618676,0.0
9qh18k,2021-06,87592.23860198482,78272.93045014735,0.8936057771718339,0.0
9qh18k,2021-07,88743.22852131478,80121.10491017048,0.9028418984207522,0.0
9qh18k,2021-08,84438.3776537568,75866.47962340956,0.8984833879033455,0.0
9qh18k,2021-09,79782.98687164826,67670.4493255858,0.8481814479376582,0.0
9qh18k,2021-10,71472.95319129738,60554.56394218417,0.8472374686982622,0.0
9qh18k,2021-11,66285.95206176097,51022.660687210744,0.7697356543913124,0.0
9qh18k,2021-12,49062.38376834032,44613.32379477875,0.9093183080021374,0.0
9qh18k,2022-01,61131.45181001886,50254.36288818992,0.8220704956323925,0.0
9qh18k,2022-02,75732.55121573569,53700.47141504847,0.7090804489350229,0.0
9qh18k,2022-03,89905.39326727856,76832.8859261255,0.8545970729220885,0.0
9qh18k,2022-04,95976.68630367042,84070.83297893715,0.875950569005236,0.0
9qh18k,2022-05,101568.57019662575,93238.63746758222,0.9179871025759476,0.0
9qh18k,2022-06,102462.13873435082,93161.28270735464,0.909226411415146,0.0
9qh18k,2022-07,105589.69936472771,96038.70232903784,0.9095461290906905,0.0
9qh18k,2022-08,103746.58854837021,93307.79030329084,0.8993817686813629,0.0
9qh18k,2022-09,92614.94936571502,83613.86506919256,0.9028117560051859,0.0
9qh18k,2022-10,83622.57573691077,78657.14121179229,0.9406208851932463,0.0
9qh18k,2022-11,79731.45149127569,62356.04195952936,0.7820758407534125,0.0
9qh18k,2022-12,60639.07290585908,53862.58385349416,0.8882488018429093,0.0
9qh18k,2023-01,78.89719069876801,,,
9qh3ky,2018-01,19043.568811831665,39575.342388014215,2.0781473671797417,0.0
9qh3ky,2018-02,24080.134925100887,43361.726434747616,1.8007260577908055,0.0
9qh3ky,2018-03,26000.49315070375,60303.926070403584,2.3193377802825,7.275957614183426e-12
9qh3ky,2018-04,30771.00843872512,68570.3489154246,2.2284075951547058,0.0
9qh3ky,2018-05,28475.85752608546,75515.92147098892,2.651927914789297,0.0
9qh3ky,2018-06,34053.69924074754,77237.80287228047,2.2681178431229068,0.0
9qh3ky,2018-07,32831.963955824096,78498.03118551744,2.390902697479131,0.0
9qh3ky,2018-08,33403.1858027515,76117.3817711284,2.2787461717157065,0.0
9qh3ky,2018-09,32544.81854689624,69054.40807306801,2.121824952674491,0.0
9qh3ky,2018-10,28601.558137831023,63109.21043191213,2.2064955387321414,0.0
9qh3ky,2018-11,23929.86821453067,49921.06672339666,2.086140478328403,0.0
9qh3ky,2018-12,22039.806595118916,45057.910207183115,2.0443877314768244,0.0
9qh3ky,2019-01,22044.18380454542,47015.81257225691,2.132798972696029,0.0
9qh3ky,2019-02,21862.83636613792,49418.653956988666,2.2603953635919973,0.0
9qh3ky,2019-03,31156.42741603014,72154.29357488776,2.3158718620532217,0.0
9qh3ky,2019-04,35114.39730149544,80976.83025709115,2.3060862916659697,0.0
9qh3ky,2019-05,32326.917353851655,88095.71384151533,2.7251504644632933,0.0
9qh3ky,2019-06,36203.25801026623,90119.04623026005,2.489252381780248,0.0
9qh3ky,2019-07,41118.15212787891,93930.54349463165,2.284405758374169,0.0
9qh3ky,2019-08,41527.03965295274,90999.218918512,2.191324488309428,0.0
9qh3ky,2019-09,35227.44172013108,80753.88124814117,2.292357244948433,0.0
9qh3ky,2019-10,38301.70942289765,73858.66106858628,1.9283385045063253,0.0
9qh3ky,2019-11,27716.30810922496,57378.433301243924,2.070204771686254,0.0
9qh3ky,2019-12,22410.084638855216,51193.961034800406,2.284416228666933,0.0
9qh3ky,2020-01,29904.539467605868,55376.988891953406,1.8517920649452102,0.0
9qh3ky,2020-02,33288.41223123571,62031.379771420005,1.8634526435362317,7.275957614183426e-12
9qh3ky,2020-03,33708.123070044734,81925.48298782046,2.430437399839235,0.0
9qh3ky,2020-04,34853.69981485664,91065.21157374192,2.6127846414435667,0.0
9qh3ky,2020-05,47055.52249372846,103036.62915126202,2.189681969103514,1.4551915228366852e-11
9qh3ky,2020-06,43319.62329921794,103296.36261753936,2.3845166405083718,0.0
9qh3ky,2020-07,48700.98957228874,107134.56775186691,2.199843754567717,1.4551915228366852e-11
9qh3ky,2020-08,45530.03402025796,101984.07600907079,2.2399297124112487,0.0
9qh3ky,2020-09,40212.16714075641,90494.20796011994,2.250418577127641,0.0
9qh3ky,2020-10,37087.4484829821,82496.33038871677,2.2243733058792365,0.0
9qh3ky,2020-11,35116.130968108446,66887.6564573538,1.9047558661317054,0.0
9qh3ky,2020-12,31304.996260989057,59907.596591877635,1.9136752514655915,0.0
9qh3ky,2021-01,34129.49130299001,63458.38417597834,1.85934163543829,0.0
9qh3ky,2021-02,37190.917433384166,67855.78927315619,1.824525823938022,0.0
9qh3ky,2021-03,44978.47706144342,95823.58568896579,2.1304319743433013,0.0
9qh3ky,2021-04,45509.587531422214,106976.18572594103,2.350629648139066,0.0
9qh3ky,2021-05,48274.75716343087,117983.58649655923,2.444001656955703,0.0
9qh3ky,2021-06,51861.801314455086,118672.12210394346,2.288237567846815,0.0
9qh3ky,2021-07,52620.42622661869,121474.19919404226,2.308498959527489,0.0
9qh3ky,2021-08,50729.634065161736,115023.62415317807,2.267385252679554,1.4551915228366852e-11
9qh3ky,2021-09,47171.520009678905,102597.35746458842,2.1749851911394193,0.0
9qh3ky,2021-10,43406.71004312852,91808.73342508671,2.1150815930040854,1.4551915228366852e-11
9qh3ky,2021-11,39434.908207089415,77357.10652863834,1.961640334558493,0.0
9qh3ky,2021-12,28129.80330693413,67639.70351421513,2.404556575677926,0.0
9qh3ky,2022-01,38434.13024181328,76192.26537993929,1.982411593564518,0.0
9qh3ky,2022-02,45132.986687567136,81417.02200436729,1.8039360560819118,0.0
9qh3ky,2022-03,54229.712869525654,116488.82401344102,2.148062710450046,0.0
9qh3ky,2022-04,55835.93809188844,127462.5096988161,2.2828041231984457,0.0
9qh3ky,2022-05,58307.732636096516,141362.1146764846,2.424414537926513,0.0
9qh3ky,2022-06,61275.22063664131,141244.8346219593,2.3050889601774496,0.0
9qh3ky,2022-07,63307.55945264826,145607.383599299,2.2999999503725617,0.0
9qh3ky,2022-08,61329.01305156174,141466.95952790196,2.306688995777008,0.0
9qh3ky,2022-09,53929.50898402563,126769.6858672447,2.350655295318838,0.0
9qh3ky,2022-10,49696.85280971858,119254.63646947645,2.399641621695516,1.4551915228366852e-11
9qh3ky,2022-11,48040.399589454806,94540.01252774047,1.9679272723720775,0.0
9qh3ky,2022-12,36735.11372364534,81662.805916879,2.2230176427714445,1.4551915228366852e-11
9qh3ky,2023-01,45.50502035607298,,,
9qh8k2,2018-01,19456.486080701965,18577.58574111825,0.9548273857911344,0.0
9qh8k2,2018-02,23732.36335297496,20355.00243627477,0.8576896507748428,0.0
9qh8k2,2018-03,26174.49618656432,28308.06480750179,1.0815132641228318,0.0
9qh8k2,2018-04,30891.664204487526,32188.515863870336,1.0419806343484215,0.0
9qh8k2,2018-05,29417.162029804982,35448.92908802054,1.2050424528411092,0.0
9qh8k2,2018-06,34244.90351605326,36257.22024706857,1.0587625171749129,0.0
9qh8k2,2018-07,31614.222312041275,36848.80071434546,1.1655766936360927,0.0
9qh8k2,2018-08,33232.02848358013,35731.268535299816,1.0752057628066416,0.0
9qh8k2,2018-09,32620.48805911052,32415.744485589534,0.9937234668852907,0.0
9qh8k2,2018-10,28444.808252914714,29624.93050238777,1.0414881421938267,3.637978807091713e-12
9qh8k2,2018-11,24881.086546460174,23434.109255435345,0.9418442884991014,0.0
9qh8k2,2018-12,22239.952094869906,21151.230530934477,0.9510465868230641,0.0
9qh8k2,2019-01,22590.733170600273,22070.315417257847,0.9769632198560204,0.0
9qh8k2,2019-02,22716.38429226094,23198.265023088195,1.0212129150760767,0.0
9qh8k2,2019-03,31669.466409602315,33870.902804450896,1.0695128982085123,0.0
9qh8k2,2019-04,34616.94426987069,38012.40662419886,1.0980867152183462,0.0
9qh8k2,2019-05,32486.731190623545,41354.17607432832,1.27295589795332,0.0
9qh8k2,2019-06,38848.52603697163,42303.975334841365,1.0889467284957282,0.0
9qh8k2,2019-07,40691.289394889565,44093.18075817452,1.0836024469579035,0.0
9qh8k2,2019-08,40900.74129985541,42717.14885644162,1.044410137783802,7.275957614183426e-12
9qh8k2,2019-09,35085.33885630246,37907.74917641086,1.0804441516631216,0.0
9qh8k2,2019-10,37821.159031371855,34670.97252812178,0.9167083562765208,0.0
9qh8k2,2019-11,28138.98157632113,26934.770491530304,0.9572048803001397,0.0
9qh8k2,2019-12,22955.045160557976,24031.63543670337,1.0468999415429259,3.637978807091713e-12
9qh8k2,2020-01,30632.319284906207,25995.245957411877,0.8486215397415499,0.0
9qh8k2,2020-02,33100.75644590975,29118.971733582206,0.8797071384506208,0.0
9qh8k2,2020-03,30307.278576259865,38457.72626972156,1.2689270721867474,0.0
9qh8k2,2020-04,35632.81820644001,42748.127342964806,1.199684153392022,0.0
9qh8k2,2020-05,47245.576392034025,48367.78905829758,1.0237527563840405,0.0
9qh8k2,2020-06,44010.503588402724,48489.713985498376,1.1017759405569714,0.0
9qh8k2,2020-07,48218.5492255926,50291.45670387763,1.0429898350650668,0.0
9qh8k2,2020-08,44755.89914850603,47873.69614421928,1.0696622580493351,0.0
9qh8k2,2020-09,40577.194534897186,42480.0849723759,1.0468955643506155,0.0
9qh8k2,2020-10,39481.52695383114,38725.695310425486,0.9808560686041979,0.0
9qh8k2,2020-11,35021.57071670821,31398.620905811524,0.8965509045781253,3.637978807091713e-12
9qh8k2,2020-12,31950.92143927273,28122.01853664808,0.8801629896683254,0.0
9qh8k2,2021-01,33645.373096568095,29788.84077523741,0.8853770380176269,0.0
9qh8k2,2021-02,37735.73970504331,31853.08495612903,0.8441091974108548,0.0
9qh8k2,2021-03,44268.25463924835,44981.81877252176,1.0161190934471755,0.0
9qh8k2,2021-04,46784.47001066812,50217.10849893623,1.0733713235927516,0.0
9qh8k2,2021-05,51407.69649311159,55384.23831421593,1.077353044239926,0.0
9qh8k2,2021-06,50883.043610308465,55707.45293499119,1.0948136939612108,0.0
9qh8k2,2021-07,51479.70836644195,57022.81306211671,1.1076755263689129,7.275957614183426e-12
9qh8k2,2021-08,50071.02907243085,53994.76317877658,1.0783633605906082,0.0
9qh8k2,2021-09,49054.32933226171,48161.58471664428,0.9818009005979765,0.0
9qh8k2,2021-10,45196.729782644295,43097.15378494289,0.9535458426351092,0.0
9qh8k2,2021-11,40956.098953330795,36313.224156863886,0.8866377678753674,0.0
9qh8k2,2021-12,29831.78907487035,31751.649277448014,1.064356187212215,0.0
9qh8k2,2022-01,38100.404586707504,35766.42064212556,0.9387412293937627,0.0
9qh8k2,2022-02,44774.62262184604,38219.04286368802,0.8535871577629002,0.0
9qh8k2,2022-03,55696.11557467031,54682.56205528493,0.9818020788536583,0.0
9qh8k2,2022-04,57347.20836438534,59833.86522576312,1.0433614282595502,0.0
9qh8k2,2022-05,60650.56285524558,66358.66293208733,1.0941145441710944,0.0
9qh8k2,2022-06,61390.41948290716,66303.60894803573,1.0800318601259362,0.0
9qh8k2,2022-07,62052.57090795613,68351.49085596083,1.101509411388418,0.0
9qh8k2,2022-08,60495.05925395221,66407.87954271382,1.097740548760192,0.0
9qh8k2,2022-09,53042.84080565553,59508.63761286428,1.1218976342330322,0.0
9qh8k2,2022-10,51192.418931840635,55980.89872012229,1.0935388459501632,0.0
9qh8k2,2022-11,47875.781275127374,44379.2796908919,0.9269672161767522,0.0
9qh8k2,2022-12,36671.72545713088,38334.419546060235,1.0453399470083031,0.0
9qh8k2,2023-01,42.318572475733,,,
9qhe90,2018-01,17059.33681626159,12700.315602935314,0.7444788586874551,0.0
9qhe90,2018-02,20801.72790867047,13915.42252269244,0.6689551264100655,0.0
9qhe90,2018-03,22538.17697940551,19352.426207237524,0.8586509115143164,0.0
9qhe90,2018-04,27134.760462909544,22005.244166707096,0.810961430700154,0.0
9qhe90,2018-05,29575.000050965493,24234.18163574762,0.8194144241415303,0.0
9qhe90,2018-06,28733.039049614454,24786.758970715935,0.8626570592799347,0.0
9qhe90,2018-07,26367.875325174224,25191.184967917452,0.9553740928024888,0.0
9qhe90,2018-08,27843.254353106502,24427.19918590585,0.8773112106839797,0.0
9qhe90,2018-09,27375.656806353454,22160.585945238978,0.8094996990207687,0.0
9qhe90,2018-10,25377.878025759313,20252.68365536835,0.7980448024382205,0.0
9qhe90,2018-11,21362.46232522715,16020.41231649197,0.74993285289839,0.0
9qhe90,2018-12,18640.522288102326,14459.7531066025,0.7757160922380226,0.0
9qhe90,2019-01,19498.647947465717,15088.073076961153,0.7738009895666732,0.0
9qhe90,2019-02,21226.93227277707,15859.1805921075,0.747125415406655,1.8189894035458565e-12
9qhe90,2019-03,28892.599263468757,23155.385278118476,0.8014296348683206,0.0
9qhe90,2019-04,32102.4291176284,25986.668433773295,0.8094922766920227,0.0
9qhe90,2019-05,32104.976291496514,28271.22398799447,0.8805869760284647,0.0
9qhe90,2019-06,33410.72747681867,28920.54142547244,0.8656064566549276,0.0
9qhe90,2019-07,33666.32716901165,30143.70755004158,0.8953666789583009,0.0
9qhe90,2019-08,33911.27945810135,29203.001923635296,0.861158953312767,0.0
9qhe90,2019-09,31137.564100435837,25915.120782984453,0.8322783599704164,0.0
9qhe90,2019-10,32014.0332918076,23702.3421398211,0.7403735081979357,0.0
9qhe90,2019-11,24210.010628911354,18413.592094366133,0.7605776129803431,0.0
9qhe90,2019-12,18285.395124750128,16428.903020767077,0.8984713159700769,0.0
9qhe90,2020-01,26589.532679076845,17771.298834828387,0.668356945167845,0.0
9qhe90,2020-02,28093.496682285182,19906.791776011774,0.7085907461481764,0.0
9qhe90,2020-03,30806.68298233834,26291.105195424603,0.8534221360507216,0.0
9qhe90,2020-04,33301.34889015754,29224.17994758461,0.8775674536181335,0.0
9qhe90,2020-05,40536.93175846144,33065.985786138255,0.8157002602752799,0.0
9qhe90,2020-06,38630.82788840422,33149.33811603156,0.8581058167273181,0.0
9qhe90,2020-07,40251.2449403607,34381.07519304369,0.8541617841630811,0.0
9qhe90,2020-08,37152.4949226394,32728.20583811844,0.8809154245567244,0.0
9qhe90,2020-09,33770.159793323844,29040.93640082474,0.8599585130351073,0.0
9qhe90,2020-10,34464.046690036674,26474.298611198916,0.7681715049107236,0.0
9qhe90,2020-11,29978.230899288246,21465.243146105677,0.7160276808267333,0.0
9qhe90,2020-12,27099.29986588077,19225.238186710107,0.7094367117179858,0.0
9qhe90,2021-01,28952.45599263406,20364.738699805377,0.7033855333373609,0.0
9qhe90,2021-02,32376.177168705293,21775.931356600417,0.6725911846581122,0.0
9qhe90,2021-03,40302.15863209999,30751.212927556597,0.7630165224714235,0.0
9qhe90,2021-04,43490.386441915,34330.24804680274,0.7893755575764686,0.0
9qhe90,2021-05,46365.715667897006,37862.68656329638,0.8166095576847096,0.0
9qhe90,2021-06,42976.76622258966,38083.64787379882,0.8861450318656389,0.0
9qhe90,2021-07,42313.624291345506,38982.87606086278,0.9212842604181279,0.0
9qhe90,2021-08,43014.6281696973,36912.7906517166,0.8581450595386224,0.0
9qhe90,2021-09,41801.31910090794,32925.01697274201,0.7876549755107337,0.0
9qhe90,2021-10,39433.77186366129,29462.787161065535,0.7471460570125136,0.0
9qhe90,2021-11,34708.51487636615,24825.045287318662,0.7152436621315257,0.0
9qhe90,2021-12,27303.86944142685,21706.5862247518,0.7950003669376414,0.0
9qhe90,2022-01,33788.053203122574,24451.230449010553,0.7236649682660868,0.0
9qhe90,2022-02,38733.77174669486,26127.932508292273,0.6745517239880405,0.0
9qhe90,2022-03,47084.17575468021,37382.9950649664,0.793960910768423,0.0
9qhe90,2022-04,51925.20471113041,40904.6139094792,0.7877602820641573,0.0
9qhe90,2022-05,55054.03226740948,45365.20374447667,0.8240123725021257,0.0
9qhe90,2022-06,51055.46332750889,45327.56683177995,0.8878103121112461,0.0
9qhe90,2022-07,50621.89357268464,46727.57364163276,0.9230704413405579,0.0
9qhe90,2022-08,49987.361361827236,45398.850015664626,0.9082065701978297,0.0
9qhe90,2022-09,44684.56521429802,40682.276444096795,0.910432411034838,0.0
9qhe90,2022-10,44617.41047522865,38270.585391937726,0.8577500348924407,0.0
9qhe90,2022-11,40838.6809512042,30339.295221647983,0.7429058557963385,3.637978807091713e-12
9qhe90,2022-12,33123.71392078471,26206.808219042112,0.7911796449430653,0.0
9qhe90,2023-01,38.80039060979156,,,
9qhh0n,2018-01,20372.025227083774,16106.382584847624,0.7906127351263461,0.0
9qhh0n,2018-02,25420.708270166575,17647.36609604326,0.6942122111032598,0.0
9qhh0n,2018-03,27793.58893998756,24542.50667335851,0.883027619295628,0.0
9qhh0n,2018-04,33789.19912439895,27906.7774772507,0.8259082251256855,0.0
9qhh0n,2018-05,35964.821326833924,30733.48830526913,0.854543055447863,0.0
9qhh0n,2018-06,36131.27722122046,31434.260021734044,0.8700013517172932,0.0
9qhh0n,2018-07,33546.509086212114,31947.148050806383,0.9523240695091257,0.0
9qhh0n,2018-08,35535.797535678124,30978.27076624356,0.8717482908647601,0.0
9qhh0n,2018-09,34235.15891056824,28103.779992358817,0.8209040321902319,0.0
9qhh0n,2018-10,31307.798735276712,25684.20199320572,0.8203771274492547,0.0
9qhh0n,2018-11,26057.581604272913,20316.888021018007,0.7796920040226009,0.0
9qhh0n,2018-12,24009.984897951814,18337.67938519197,0.7637522248819189,0.0
9qhh0n,2019-01,23786.508059488224,19134.506971583414,0.8044269013227787,0.0
9qhh0n,2019-02,24406.481970242177,20112.415949697923,0.8240604268251429,0.0
9qhh0n,2019-03,35721.53827519308,29365.372156793317,0.8220634825568578,0.0
9qhh0n,2019-04,38941.37936521121,32955.970307005555,0.8462969428465393,0.0
9qhh0n,2019-05,38832.70521792792,35853.21530020246,0.923273696720209,0.0
9qhh0n,2019-06,42257.601581185016,36676.67161373029,0.8679307447978872,0.0
9qhh0n,2019-07,42481.77421259218,38227.87570842087,0.8998653285316319,0.0
9qhh0n,2019-08,43106.60077497968,37034.88451101184,0.8591464844174854,0.0
9qhh0n,2019-09,38919.38258243888,32865.23446447375,0.8444438807542424,0.0
9qhh0n,2019-10,39745.93188099502,30059.01605883572,0.7562790614354369,0.0
9qhh0n,2019-11,29637.927919758768,23351.888906181302,0.7879055840004678,0.0
9qhh0n,2019-12,23651.48430469326,20834.930861141456,0.8809143051122207,0.0
9qhh0n,2020-01,33114.26303566784,22537.34056791853,0.6805931493520856,0.0
9qhh0n,2020-02,36859.71795755345,25245.546205736835,0.6849088274307702,0.0
9qhh0n,2020-03,35309.479935867304,33342.05322882797,0.9442804960420608,0.0
9qhh0n,2020-04,40749.24284841418,37061.74221807857,0.9095075055982516,0.0
9qhh0n,2020-05,50128.20194855752,41933.872690028824,0.8365325517372861,0.0
9qhh0n,2020-06,48128.778120871124,42039.57908005663,0.8734811213049704,0.0
9qhh0n,2020-07,50946.51451501614,43601.65275023488,0.8558319085279836,0.0
9qhh0n,2020-08,45403.08819206308,41505.504353179014,0.9141559749769311,0.0
9qhh0n,2020-09,40941.4160758012,36829.35502687864,0.899562315057465,0.0
9qhh0n,2020-10,42493.939430744045,33574.37684453435,0.7900980067817281,0.0
9qhh0n,2020-11,36687.736803498155,27221.954886542444,0.7419905739169729,0.0
9qhh0n,2020-12,34109.373316603356,24381.20840464851,0.7147949678917295,0.0
9qhh0n,2021-01,36185.367326376996,25826.30880949993,0.7137224441182908,0.0
9qhh0n,2021-02,40760.3131976748,27615.96581818208,0.6775209425956387,3.637978807091713e-12
9qhh0n,2021-03,48536.344730593766,38998.30648656214,0.8034866799926212,0.0
9qhh0n,2021-04,54878.910786049804,43537.19439434462,0.7933319697994399,0.0
9qhh0n,2021-05,58464.15383255045,48016.989068970535,0.8213064916067705,0.0
9qhh0n,2021-06,53729.94928969781,48297.20945991728,0.8988880521645642,0.0
9qhh0n,2021-07,54370.968041245724,49437.59948365682,0.9092646547354747,0.0
9qhh0n,2021-08,54196.32587378053,46812.34286599346,0.8637549153242629,0.0
9qhh0n,2021-09,52315.35036354008,41755.09779087851,0.7981423712298928,0.0
9qhh0n,2021-10,48815.3517123808,37364.3409241249,0.7654219341545453,0.0
9qhh0n,2021-11,43340.19423873992,31482.81425316005,0.7264114710639421,3.637978807091713e-12
9qhh0n,2021-12,33765.30218861096,27528.02318282801,0.8152754869202153,0.0
9qhh0n,2022-01,42204.923707083384,31008.746915786807,0.7347187055945918,0.0
9qhh0n,2022-02,48670.292765493396,33135.119652646325,0.680807896765698,0.0
9qhh0n,2022-03,58543.6414796711,47408.65026571939,0.8098001604868009,0.0
9qhh0n,2022-04,63936.79830780091,51874.723566655535,0.8113437791633415,0.0
9qhh0n,2022-05,68927.79058179278,57531.58822125884,0.8346646212747716,0.0
9qhh0n,2022-06,64513.0035678748,57483.85755580468,0.8910429584219454,0.0
9qhh0n,2022-07,65310.12795811689,59259.328812256754,0.9073528205343513,0.0
9qhh0n,2022-08,63605.612384358836,57574.258004691736,0.9051757517368033,0.0
9qhh0n,2022-09,55259.50288520896,51592.75795317372,0.9336449888148252,0.0
9qhh0n,2022-10,55611.532834552905,48534.281299762835,0.8727377007239623,0.0
9qhh0n,2022-11,51290.71841760263,38475.91756551016,0.7501536097085644,0.0
9qhh0n,2022-12,41592.51960543094,33235.14884984951,0.7990655330606572,0.0
9qhh0n,2023-01,53.33228500886464,,,
9qj152,2018-01,15689.47544940292,12449.351081596778,0.7934842131430565,0.0
9qj152,2018-02,19253.08256227764,13640.44688729769,0.7084811922026073,0.0
9qj152,2018-03,22368.53824668241,18970.012688417864,0.8480667122372828,0.0
9qj152,2018-04,25228.009133642056,21570.409652204253,0.8550183067533331,0.0
9qj152,2018-05,27474.518607386068,23755.302213818853,0.8646303345032089,0.0
9qj152,2018-06,26617.417858190267,24296.96034719341,0.9128218400688012,0.0
9qj152,2018-07,24318.94239978357,24693.39468655131,1.015397556382677,0.0
9qj152,2018-08,25364.775402260777,23944.505641667067,0.9440062157827299,0.0
9qj152,2018-09,25472.65459696796,21722.68180031812,0.8527843738321563,0.0
9qj152,2018-10,23647.53875326491,19852.48060386185,0.8395157234332011,0.0
9qj152,2018-11,20303.170019011144,15703.841041072232,0.7734674450525574,0.0
9qj152,2018-12,17640.276089890667,14174.021229495982,0.8035033667992796,0.0
9qj152,2019-01,17812.73115741779,14789.925286302683,0.8303008199920923,0.0
9qj152,2019-02,20631.607393085662,15545.795335350587,0.7534941431931523,0.0
9qj152,2019-03,28491.223830760733,22697.823406082058,0.7966601765128883,0.0
9qj152,2019-04,30027.961073603456,25473.159005459725,0.8483146405785207,0.0
9qj152,2019-05,30984.049855205652,27712.570611368003,0.8944140853398477,0.0
9qj152,2019-06,30864.11947483716,28349.057214952703,0.918511776694782,0.0
9qj152,2019-07,30293.057300433968,29548.05297159027,0.9754067632905107,0.0
9qj152,2019-08,31072.63764489885,28625.9361538902,0.9212586482367608,0.0
9qj152,2019-09,28842.458949860724,25403.02517165737,0.8807510211184694,0.0
9qj152,2019-10,29925.74770571588,23233.972129524063,0.7763873557313432,0.0
9qj152,2019-11,22364.455027309046,18049.73040221908,0.8070722215309386,0.0
9qj152,2019-12,19078.52227968641,16104.259766880446,0.844104146578859,0.0
9qj152,2020-01,24857.856826371746,17420.129175342445,0.7007896656988304,0.0
9qj152,2020-02,26611.621766211643,19513.42371921341,0.733266987282575,0.0
9qj152,2020-03,29953.853058150682,25771.579946043723,0.8603761224311365,0.0
9qj152,2020-04,32969.324495089735,28646.695689605873,0.8688893730252906,0.0
9qj152,2020-05,37680.734627144746,32412.58554358939,0.8601898520375384,0.0
9qj152,2020-06,36009.20215005113,32494.290790195315,0.9023885243219468,0.0
9qj152,2020-07,36962.909574965415,33701.688133014075,0.9117704347560309,0.0
9qj152,2020-08,33332.43031052707,32081.480294500125,0.962470482818894,0.0
9qj152,2020-09,32141.229683872996,28467.073126011994,0.8856871191924394,0.0
9qj152,2020-10,32198.693813517155,25951.153369265132,0.8059691340140861,0.0
9qj152,2020-11,27504.3712758407,21041.07931900104,0.7650085547486452,0.0
9qj152,2020-12,25838.37830683379,18845.337966117797,0.729354518396131,0.0
9qj152,2021-01,26511.483933526004,19962.32138516795,0.7529688430576273,0.0
9qj152,2021-02,29843.636637788342,21345.628176705657,0.715248896633381,0.0
9qj152,2021-03,39070.198077514084,30143.55374220848,0.7715229311713391,0.0
9qj152,2021-04,41080.94794524106,33651.86535633576,0.8191599035443896,0.0
9qj152,2021-05,43757.89027773751,37114.50113964025,0.8481784863042817,0.0
9qj152,2021-06,38687.78490697007,37331.0961452997,0.964932374264055,0.0
9qj152,2021-07,37887.2970838417,38212.55513838486,1.008584884105704,0.0
9qj152,2021-08,39324.311306788375,36183.375641349725,0.9201273827547886,0.0
9qj152,2021-09,37406.998087360415,32274.40234370731,0.862790493595171,0.0
9qj152,2021-10,37242.81756736845,28880.5879064685,0.7754673194160583,0.0
9qj152,2021-11,32401.524623347,24334.490107233258,0.751029168846548,0.0
9qj152,2021-12,26949.560731136444,21277.6533389793,0.7895361839570153,0.0
9qj152,2022-01,31414.750785363518,23968.06203512043,0.7629556636905558,0.0
9qj152,2022-02,37734.87186504211,25611.631631958644,0.6787258142430707,0.0
9qj152,2022-03,45321.15239247908,36644.28858270293,0.8085471495818352,0.0
9qj152,2022-04,48594.78514312138,40096.31849609927,0.8251156657655256,0.0
9qj152,2022-05,51281.55783705269,44468.76486853831,0.8671492588005604,0.0
9qj152,2022-06,47539.43324960298,44431.871679861906,0.934631918024243,0.0
9qj152,2022-07,45480.59935284599,45804.213662328526,1.00711543634181,0.0
9qj152,2022-08,44295.70085936995,44501.74627275701,1.0046515894181518,7.275957614183426e-12
9qj152,2022-09,41130.877669449874,39878.37452906131,0.9695483487988181,0.0
9qj152,2022-10,43465.78226689046,37514.33968557013,0.8630775228022578,0.0
9qj152,2022-11,39653.92832605761,29739.77573401496,0.7499830909431535,0.0
9qj152,2022-12,31865.39485730833,25688.948719630724,0.8061707326918299,0.0
9qj152,2023-01,29.589870036543296,,,
9qqk6u,2018-01,6941.379345665196,6308.945133181491,0.9088892594699277,0.0
9qqk6u,2018-02,7781.05922786378,6724.043445124461,0.8641552837749684,0.0
9qqk6u,2018-03,9504.759626913987,9085.289341699769,0.9558673441854929,0.0
9qqk6u,2018-04,11652.205380607007,10375.41951401908,0.8904253894534929,0.0
9qqk6u,2018-05,12427.145855097662,11493.935304457866,0.9249054801865877,0.0
9qqk6u,2018-06,12751.567603867345,11970.411360565848,0.9387403754919839,0.0
9qqk6u,2018-07,11721.241928788404,11488.675940312736,0.980158588152296,0.0
9qqk6u,2018-08,12070.81798924876,11551.401771138522,0.9569692610249884,0.0
9qqk6u,2018-09,12227.149539751716,10980.69005590898,0.8980580486244675,0.0
9qqk6u,2018-10,11063.499505240741,10071.524304143086,0.9103380263516295,0.0
9qqk6u,2018-11,10039.165108387422,8455.86585361578,0.842287756234944,0.0
9qqk6u,2018-12,8590.071912120675,7636.151668782095,0.8889508431247718,0.0
9qqk6u,2019-01,9162.205230509526,8289.776098503973,0.9047795688858374,0.0
9qqk6u,2019-02,9804.37170807068,8730.335173953827,0.8904533032715665,0.0
9qqk6u,2019-03,14046.547193400787,12954.703561093376,0.9222696070945912,0.0
9qqk6u,2019-04,15233.714403117276,14187.023806653648,0.931291176349647,0.0
9qqk6u,2019-05,16134.992253758874,15767.636686483123,0.9772323679182325,0.0
9qqk6u,2019-06,16810.06180529537,16254.987105413788,0.9669796157616312,0.0
9qqk6u,2019-07,17021.66042746077,16347.292645321832,0.9603817861945482,0.0
9qqk6u,2019-08,17167.30495974874,16323.24037249769,0.9508330172248887,0.0
9qqk6u,2019-09,16073.172881926721,14836.868302520332,0.9230827299321507,0.0
9qqk6u,2019-10,17363.083144594868,14642.866972653816,0.843333344125127,0.0
9qqk6u,2019-11,13377.770845900744,11358.686250917886,0.8490716713389098,0.0
9qqk6u,2019-12,10693.273502699247,9627.586583573113,0.9003404412262411,0.0
9qqk6u,2020-01,14332.66066243288,11721.915535549046,0.8178464425850241,0.0
9qqk6u,2020-02,16543.610014856582,12930.428870358895,0.7815965716519576,0.0
9qqk6u,2020-03,17685.992017564935,16677.144025334477,0.9429577944381907,0.0
9qqk6u,2020-04,20215.865243476335,18249.510819669136,0.9027321165765219,0.0
9qqk6u,2020-05,23114.243747693552,20618.62235005052,0.8920310166802642,0.0
9qqk6u,2020-06,22296.894554348593,20529.757498153373,0.920745148976337,0.0
9qqk6u,2020-07,22719.767500593793,20736.9868405822,0.9127288314037646,0.0
9qqk6u,2020-08,21526.97274425459,19928.175347589255,0.9257305049038052,0.0
9qqk6u,2020-09,21064.248093867453,17683.548078011525,0.839505307723746,0.0
9qqk6u,2020-10,20652.45916494929,17302.316990089814,0.83778482997583,0.0
9qqk6u,2020-11,17087.764459025395,14495.938637579837,0.8483227090553317,0.0
9qqk6u,2020-12,16079.254043729736,13361.610104336476,0.8309844516417083,0.0
9qqk6u,2021-01,16052.46557214348,14454.21420822068,0.9004357706459553,0.0
9qqk6u,2021-02,19355.319757937148,15461.718175995384,0.7988355847055901,0.0
9qqk6u,2021-03,23800.84124480485,20982.519590785043,0.881587309245425,0.0
9qqk6u,2021-04,26776.562659067342,22947.249606515976,0.8569901185111731,0.0
9qqk6u,2021-05,28539.29145151882,25403.510093147263,0.8901240640925345,0.0
9qqk6u,2021-06,25773.232618103222,24863.376158107116,0.9646976196786033,0.0
9qqk6u,2021-07,24766.7856854668,24624.837865874168,0.9942686216372467,0.0
9qqk6u,2021-08,26808.293001085447,24680.50813233574,0.9206296026135065,0.0
9qqk6u,2021-09,24781.697489064096,22163.82302081628,0.8943625847501747,0.0
9qqk6u,2021-10,23686.707998389855,20271.495888003843,0.8558173592287216,0.0
9qqk6u,2021-11,21561.61300733613,18303.01145794638,0.8488702330256533,0.0
9qqk6u,2021-12,16875.09348929489,16503.583369676417,0.9779847074711527,0.0
9qqk6u,2022-01,22919.012422746157,19314.34920812299,0.8427217042281591,0.0
9qqk6u,2022-02,25312.00620344726,20118.766893828204,0.794830987797728,0.0
9qqk6u,2022-03,30635.71375713562,26751.232690921723,0.8732041597918008,0.0
9qqk6u,2022-04,33345.220833313266,29348.849592786803,0.8801516037184579,0.0
9qqk6u,2022-05,35796.76525072628,32392.36547294282,0.9048964409510608,0.0
9qqk6u,2022-06,32988.98760537955,31799.25276228032,0.9639353939159618,0.0
9qqk6u,2022-07,30816.566165502943,31602.43585579302,1.0255015333658364,0.0
9qqk6u,2022-08,28506.240090057163,30641.08009255207,1.0748902694901363,0.0
9qqk6u,2022-09,30127.438706258275,29156.32371310025,0.9677664270558686,0.0
9qqk6u,2022-10,30686.806037262802,27457.045727373956,0.8947508481017227,0.0
9qqk6u,2022-11,25878.67767452185,23342.061297918917,0.9019804485953203,0.0
9qqk6u,2022-12,21789.88109391658,22329.692933383023,1.0247735101049793,0.0
9qqk6u,2023-01,12.631291869770772,,,
9qw0kp,2018-01,48.79913343813924,15164.053978078364,310.7443290422614,0.0
9qw0kp,2018-02,55.6180846904755,16161.775954674187,290.5849067729918,1.8189894035458565e-12
9qw0kp,2018-03,67.1111345957778,21837.21923010613,325.38891439752217,0.0
9qw0kp,2018-04,82.28422474647529,24938.150235022327,303.07328423958415,3.637978807091713e-12
9qw0kp,2018-05,84.02453891074629,27626.592353870412,328.79195425536716,0.0
9qw0kp,2018-06,91.56906493477668,28771.84064523409,314.2091782386099,0.0
9qw0kp,2018-07,83.88493415861564,27613.951051702847,329.18844520386,0.0
9qw0kp,2018-08,88.45682164741326,27764.717600528795,313.8787612242986,3.637978807091713e-12
9qw0kp,2018-09,86.84911477326689,26392.966369067657,303.8944776578391,3.637978807091713e-12
9qw0kp,2018-10,78.02423035946025,24207.7138040567,310.2589245998448,0.0
9qw0kp,2018-11,69.28272255892756,20324.349559045488,293.35379454464805,0.0
9qw0kp,2018-12,58.83329492154003,18354.10098610439,311.9679258246777,0.0
9qw0kp,2019-01,68.00785479293312,19925.13955506639,292.9829152196235,0.0
9qw0kp,2019-02,66.85383354327612,20984.05851213853,313.8796595494413,0.0
9qw0kp,2019-03,90.43086996295308,31137.665635611545,344.32562296887943,0.0
9qw0kp,2019-04,100.19061904611195,34099.645860114026,340.3476910789415,0.0
9qw0kp,2019-05,97.44561793030664,37898.775274335625,388.92231461286366,0.0
9qw0kp,2019-06,112.63799129065443,39070.160966063304,346.8648589910086,0.0
9qw0kp,2019-07,117.73385238420485,39292.02471033324,333.73599788538513,0.0
9qw0kp,2019-08,122.7748470299365,39234.213149810625,319.5623053005641,0.0
9qw0kp,2019-09,111.42174806378969,35661.59905587912,320.0595904801513,0.0
9qw0kp,2019-10,123.41333628578604,35195.30135066651,285.1823182963418,0.0
9qw0kp,2019-11,88.54988320336838,27301.510441590406,308.31785942493343,0.0
9qw0kp,2019-12,71.53769019920907,23140.674003342287,323.47527490617995,0.0
9qw0kp,2020-01,100.03300166813554,28174.561064522048,281.65266056888464,3.637978807091713e-12
9qw0kp,2020-02,114.47529738416554,31079.319475860877,271.4936775535281,0.0
9qw0kp,2020-03,110.67667493775899,40084.84887121369,362.17973564670353,0.0
9qw0kp,2020-04,129.49258317198766,43864.15815973891,338.7387685476937,0.0
9qw0kp,2020-05,162.74296317362973,49558.50711481923,304.5201227038338,0.0
9qw0kp,2020-06,158.51141439246308,49344.91333923941,311.3019559403141,0.0
9qw0kp,2020-07,160.88826002964385,49843.00563012096,309.79889782472213,0.0
9qw0kp,2020-08,150.95078310139897,47898.96254860342,317.31509810338645,0.0
9qw0kp,2020-09,150.08951673943275,42503.82146590094,283.18980825083827,0.0
9qw0kp,2020-10,148.32085367815378,41587.502069658054,280.3887723023771,0.0
9qw0kp,2020-11,117.92160441588248,34842.14735155296,295.4687355564862,0.0
9qw0kp,2020-12,111.15698027374168,32115.698041269836,288.9220088759144,0.0
9qw0kp,2021-01,112.11448822426132,34741.85935004871,309.8784100102653,0.0
9qw0kp,2021-02,134.97952827617857,37163.47567860273,275.32675623642257,7.275957614183426e-12
9qw0kp,2021-03,169.15353074934566,50433.163223643154,298.1502248296301,0.0
9qw0kp,2021-04,178.8625051076016,55155.548881143775,308.36842438253245,7.275957614183426e-12
9qw0kp,2021-05,195.7431330632353,61059.367319443445,311.9361908839891,0.0
9qw0kp,2021-06,176.49359337295252,59761.112227120226,338.60216161409153,7.275957614183426e-12
9qw0kp,2021-07,157.35772598749628,59187.7663724805,376.1351150764824,0.0
9qw0kp,2021-08,186.3920763405803,59321.57430832026,318.2623181895693,7.275957614183426e-12
9qw0kp,2021-09,183.43871016623217,53272.52045362898,290.4104613761917,7.275957614183426e-12
9qw0kp,2021-10,160.1550945931586,48724.160913263244,304.2311019642369,0.0
9qw0kp,2021-11,153.9290198665895,43992.75122079295,285.79894329816125,0.0
9qw0kp,2021-12,121.60028184214531,39667.68196053201,326.2137337150779,0.0
9qw0kp,2022-01,161.35924773075877,46423.58235183066,287.7032646389889,7.275957614183426e-12
9qw0kp,2022-02,180.63880399685834,48357.06456628184,267.7003140871264,0.0
9qw0kp,2022-03,210.06643692643433,64298.72632300193,306.0875752632462,0.0
9qw0kp,2022-04,235.1420354730621,70542.30620564816,299.99870530902797,0.0
9qw0kp,2022-05,256.2659449103796,77857.63992872824,303.8157877589094,0.0
9qw0kp,2022-06,232.04141822711637,76432.04611396082,329.38966973194,0.0
9qw0kp,2022-07,216.42946622765578,75958.98094525698,350.9641375050011,0.0
9qw0kp,2022-08,188.5409899204455,73648.28551548535,390.62214294388235,0.0
9qw0kp,2022-09,212.72973906296315,70079.55486289368,329.42998553743223,0.0
9qw0kp,2022-10,206.53299113813407,65995.20438030842,319.5383169373134,0.0
9qw0kp,2022-11,184.98285219019857,56104.51034351609,303.29573622224007,7.275957614183426e-12
9qw0kp,2022-12,157.3104398990329,53671.202048476334,341.1801663190587,7.275957614183426e-12
9qw0kp,2023-01,0.10121779059367905,,,
9r106e,2018-01,1468.2341345098248,2346.3084379590105,1.5980478745253623,0.0
9r106e,2018-02,3034.812804437724,2570.792278202287,0.8471007748626497,0.0
9r106e,2018-03,3522.5306242227775,3575.246657218977,1.0149653867119555,4.547473508864641e-13
9r106e,2018-04,4051.7230730550727,4065.339136592803,1.0033605612457277,4.547473508864641e-13
9r106e,2018-05,4905.1039436244255,4477.122194179504,0.912747669700006,0.0
9r106e,2018-06,5166.440006969418,4579.207599313955,0.886337128300474,0.0
9r106e,2018-07,4884.308778797144,4653.922918163559,0.9528314299796742,0.0
9r106e,2018-08,4651.889826042088,4512.781048712674,0.9700962872012447,0.0
9r106e,2018-09,4640.8825065468245,4094.0376144206034,0.8821679085055923,4.547473508864641e-13
9r106e,2018-10,3910.4995407365113,3741.563913649723,0.9567994765561407,0.0
9r106e,2018-11,2510.5441127097447,2959.676733472669,1.1788985178508395,0.0
9r106e,2018-12,2176.823979439067,2671.3541446941836,1.227179675493353,0.0
9r106e,2019-01,2397.361143943275,2787.432555206276,1.1627086566612972,4.547473508864641e-13
9r106e,2019-02,2723.74691686658,2929.8901228704467,1.0756836858547107,4.547473508864641e-13
9r106e,2019-03,4069.320523812099,4277.82092672441,1.0512371541372194,0.0
9r106e,2019-04,4899.161917158313,4800.883799022541,0.9799398101557792,0.0
9r106e,2019-05,5444.011397883736,5222.941969971961,0.9593921812879173,0.0
9r106e,2019-06,6060.2047594972,5342.899538752093,0.881636801195374,0.0
9r106e,2019-07,6181.390888514862,5568.872269574537,0.9009092565107967,0.0
9r106e,2019-08,5928.396216719377,5395.082450653624,0.9100408025088318,0.0
9r106e,2019-09,5231.757004949171,4787.665792320156,0.9151162387303327,0.0
9r106e,2019-10,5150.924969221872,4378.867982556301,0.8501129425726809,0.0
9r106e,2019-11,3709.892770128753,3401.802589390867,0.9169544243384712,0.0
9r106e,2019-12,2119.048127789631,3035.142982992247,1.4323143222604342,0.0
9r106e,2020-01,2750.667211244332,3283.142696076932,1.1935804820939142,0.0
9r106e,2020-02,4704.560369560948,3677.662428007251,0.7817228686876151,0.0
9r106e,2020-03,5168.601430212197,4857.126696051201,0.939737134238999,0.0
9r106e,2020-04,6132.3553579804,5398.994965731602,0.8804113021117681,0.0
9r106e,2020-05,6457.965899955083,6108.7459465588245,0.9459241564904071,0.0
9r106e,2020-06,6747.757388906311,6124.144798135947,0.9075822447624425,0.0
9r106e,2020-07,7186.021956523343,6351.700961895576,0.8838966816862583,0.0
9r106e,2020-08,5952.44852320445,6046.3430924101385,1.0157741085604788,0.0
9r106e,2020-09,5433.538566953413,5365.141800707511,0.9874121135972259,0.0
9r106e,2020-10,5582.164529302983,4890.970599671239,0.8761781516823098,0.0
9r106e,2020-11,4471.772232786682,3965.5771313989503,0.8868021278730724,4.547473508864641e-13
9r106e,2020-12,3694.9956632235962,3551.7494202131647,0.9612323650508806,0.0
9r106e,2021-01,3219.5899574668892,3762.265422533306,1.1685542172250354,0.0
9r106e,2021-02,4557.190706681694,4022.9749467484935,0.8827752020230489,0.0
9r106e,2021-03,6618.352291647632,5681.105306762961,0.8583866582521638,0.0
9r106e,2021-04,7601.2285705330305,6342.310946258882,0.8343797173585232,0.0
9r106e,2021-05,8330.340497156416,6994.908138088103,0.8396905433188276,0.0
9r106e,2021-06,7999.823200739868,7035.729437613489,0.8794856162524674,0.0
9r106e,2021-07,7894.207116625471,7201.856544129733,0.9122963760302636,0.0
9r106e,2021-08,7405.670448099146,6819.4204681590745,0.9208376899770706,0.0
9r106e,2021-09,6974.1249780303915,6082.702789309706,0.87218150068592,0.0
9r106e,2021-10,5431.9780241896215,5443.0762418078275,1.0020431263839404,0.0
9r106e,2021-11,4266.68414072694,4586.280770604486,1.0749051533547769,0.0
9r106e,2021-12,3255.2583639477866,4010.163842436236,1.2319033987744505,4.547473508864641e-13
9r106e,2022-01,5099.03554402162,4517.220682904469,0.8858970767914529,0.0
9r106e,2022-02,6256.495661821828,4826.98150402349,0.7715152003506579,0.0
9r106e,2022-03,7309.557103988935,6906.287961602985,0.944829880025716,0.0
9r106e,2022-04,8141.486082558013,7556.886282816839,0.9281949519027496,0.0
9r106e,2022-05,9297.150786981165,8380.953959190949,0.901454020830428,0.0
9r106e,2022-06,9053.048732583364,8374.00076144375,0.9249923433311906,0.0
9r106e,2022-07,9445.062092509534,8632.643766378094,0.91398486127733,0.0
9r106e,2022-08,9058.411461173799,8387.16990944465,0.9258985358960313,0.0
9r106e,2022-09,7766.08283430826,7515.810746789956,0.9677737035700062,0.0
9r106e,2022-10,7773.008615987794,7070.265042073512,0.9095918184795454,0.0
9r106e,2022-11,5951.734422821401,5605.0059388941245,0.9417432870328057,0.0
9r106e,2022-12,3860.142229025991,4841.553326603992,1.254242211646599,0.0
9r106e,2023-01,8.378459264436405,,,
9r10zd,2018-01,1766.9079482369618,2634.2041932068964,1.4908553645000755,0.0
9r10zd,2018-02,3350.1314864431265,2886.232555594927,0.8615281421862261,0.0
9r10zd,2018-03,3849.8968573343304,4013.935075129154,1.0426084707911898,4.547473508864641e-13
9r10zd,2018-04,4552.537236180685,4564.1626766412155,1.0025536178744765,0.0
9r10zd,2018-05,5560.194153181554,5026.4721664924355,0.9040101888557756,0.0
9r10zd,2018-06,5850.871453490347,5141.083612251169,0.8786868166765562,0.0
9r10zd,2018-07,5529.690100135588,5224.96661886117,0.9448932081624346,0.0
9r10zd,2018-08,5428.693388115132,5066.506418859504,0.933282846651728,0.0
9r10zd,2018-09,5222.8595651341075,4596.3825030756325,0.8800509463741653,0.0
9r10zd,2018-10,4340.268170218461,4200.659721899653,0.9678341423055938,0.0
9r10zd,2018-11,2649.6649434313476,3322.8337484190547,1.2540580863465498,4.547473508864641e-13
9r10zd,2018-12,2476.9238883947883,2999.133522110691,1.210829907274353,0.0
9r10zd,2019-01,2587.182778773797,3129.454937132209,1.209599477395804,0.0
9r10zd,2019-02,3103.987546169302,3289.3922735982724,1.0597311441077728,0.0
9r10zd,2019-03,4477.914116900477,4802.716318391604,1.0725342632779096,9.094947017729282e-13
9r10zd,2019-04,5435.123435957483,5389.959832171547,0.9916904180156895,0.0
9r10zd,2019-05,6327.519799165206,5863.805208041784,0.9267146360909688,0.0
9r10zd,2019-06,6874.535844169128,5998.481760184434,0.8725653478514118,0.0
9r10zd,2019-07,7017.013106217817,6252.181702379884,0.8910032812735933,0.0
9r10zd,2019-08,6714.644157032772,6057.067597886289,0.9020682937519852,0.0
9r10zd,2019-09,5898.263256676135,5375.119955146876,0.9113055354155103,0.0
9r10zd,2019-10,5730.3421593716885,4916.162007746547,0.8579177073582612,0.0
9r10zd,2019-11,4160.427994620497,3819.209145934141,0.9179846763055248,0.0
9r10zd,2019-12,2289.2960453441206,3407.5598260795837,1.4884749541282543,0.0
9r10zd,2020-01,3055.5228155563254,3685.9894960892334,1.206336760872171,0.0
9r10zd,2020-02,5265.715786034967,4128.917422929799,0.7841132318382936,0.0
9r10zd,2020-03,5568.440879473887,5453.103821595153,0.9792873695931864,0.0
9r10zd,2020-04,6854.7637293539465,6061.460184750683,0.8842697464237719,0.0
9r10zd,2020-05,7371.378538658654,6858.2987331617,0.9303956779853123,0.0
9r10zd,2020-06,7657.321642027463,6875.587048175523,0.8979101792510107,0.0
9r10zd,2020-07,8121.705561346636,7131.0647130332245,0.8780255155975937,0.0
9r10zd,2020-08,6853.624490266599,6788.238950139507,0.9904597136566278,0.0
9r10zd,2020-09,6172.327222895486,6023.453182850559,0.9758804038300664,0.0
9r10zd,2020-10,6221.8434482472685,5491.100425702302,0.8825520075162256,0.0
9r10zd,2020-11,4925.315306146776,4452.159715669482,0.9039339491855887,0.0
9r10zd,2020-12,4143.034505458561,3987.554689989624,0.9624719960058048,0.0
9r10zd,2021-01,3768.5507306685727,4223.901338655837,1.1208291039527765,0.0
9r10zd,2021-02,5003.850714186833,4516.600333718063,0.9026249166292419,0.0
9r10zd,2021-03,7349.0271844454965,6378.185910690734,0.8678952670348552,0.0
9r10zd,2021-04,8535.369617998964,7120.5225276307065,0.8342371621042985,0.0
9r10zd,2021-05,9442.835456276101,7853.194426763864,0.8316563878643363,9.094947017729282e-13
9r10zd,2021-06,9051.590585918872,7899.02456428639,0.8726670179464951,0.0
9r10zd,2021-07,8885.74985255062,8085.535729447219,0.9099441086703896,0.0
9r10zd,2021-08,8269.165823402427,7656.174142258868,0.9258701912339524,0.0
9r10zd,2021-09,7860.250951458067,6829.06003933948,0.8688094160750297,0.0
9r10zd,2021-10,6224.828145833788,6110.950303101412,0.9817058655974955,0.0
9r10zd,2021-11,4641.196073426332,5149.024672842927,1.1094176137750833,0.0
9r10zd,2021-12,3423.375790511316,4502.21728665017,1.315139663933219,0.0
9r10zd,2022-01,5723.9501697608175,5071.490803186444,0.8860123957714962,0.0
9r10zd,2022-02,6969.445417188521,5419.259766840995,0.7775740309947257,0.0
9r10zd,2022-03,8080.830871261168,7753.700414500539,0.9595177201487979,0.0
9r10zd,2022-04,9160.51963301721,8484.128178433271,0.9261623268459549,0.0
9r10zd,2022-05,10455.800422837352,9409.3102616888,0.8999129556009096,0.0
9r10zd,2022-06,10254.209365406257,9401.50389558384,0.9168433723716316,0.0
9r10zd,2022-07,10651.455012659322,9691.882806181946,0.909911631290099,0.0
9r10zd,2022-08,10173.902544636283,9416.2889188671,0.9255336266053974,0.0
9r10zd,2022-09,8597.420924881833,8438.012609188525,0.9814585889086849,0.0
9r10zd,2022-10,8629.996151792997,7937.797742020287,0.9197915737623016,0.0
9r10zd,2022-11,6450.783862486626,6292.749030058424,0.9755014528781184,0.0
9r10zd,2022-12,4278.442158341428,5435.619575092641,1.270467000353185,0.0
9r10zd,2023-01,9.143785062846428,,,
9r13pb,2018-01,2634.35632852539,3891.376969330173,1.4771642420554452,0.0
9r13pb,2018-02,4761.661302166109,4263.685755241269,0.895419788320873,0.0
9r13pb,2018-03,5359.820316328874,5929.583799169571,1.1063027208402665,0.0
9r13pb,2018-04,6739.38536609183,6742.407278053785,1.0004483957805943,9.094947017729282e-13
9r13pb,2018-05,8176.456885478397,7425.353765706164,0.9081383134171218,0.0
9r13pb,2018-06,8705.304210972947,7594.663472826557,0.8724179292038481,0.0
9r13pb,2018-07,8264.07697887067,7718.579606922047,0.9339917363616853,0.0
9r13pb,2018-08,8173.883604694533,7484.494347156649,0.9156595211189521,0.0
9r13pb,2018-09,7741.987459123568,6790.004002281176,0.8770362956710135,0.0
9r13pb,2018-10,6432.745410755655,6205.42270031582,0.9646616341974692,0.0
9r13pb,2018-11,3819.1559367245095,4908.654672578517,1.2852721265915144,0.0
9r13pb,2018-12,3714.882568896734,4430.468657663008,1.1926268396093052,0.0
9r13pb,2019-01,3773.155845381631,4622.985909868833,1.2252305760249473,0.0
9r13pb,2019-02,4046.1008070692824,4859.25326881733,1.200971874039154,0.0
9r13pb,2019-03,6202.694794416652,7094.810538913825,1.1438271225758536,0.0
9r13pb,2019-04,7855.266232264865,7962.315757683445,1.0136277399458318,9.094947017729282e-13
9r13pb,2019-05,9204.661612895601,8662.303627811405,0.9410779007536398,0.0
9r13pb,2019-06,10187.02569926211,8861.254504386652,0.8698568911069411,0.0
9r13pb,2019-07,10373.82773664243,9236.03263082259,0.8903206092577651,0.0
9r13pb,2019-08,9931.297306808086,8947.800406997327,0.9009699468833186,0.0
9r13pb,2019-09,8690.30890035163,7940.393555968629,0.913706710200755,9.094947017729282e-13
9r13pb,2019-10,8495.999109580356,7262.398132906747,0.8548021297127302,0.0
9r13pb,2019-11,6104.786835610899,5641.925007130978,0.9241805093373743,0.0
9r13pb,2019-12,3725.178801473537,5033.816233007317,1.3512951998481613,0.0
9r13pb,2020-01,4606.365791648139,5445.126338825166,1.1820872646930896,0.0
9r13pb,2020-02,7839.378213385886,6099.441421165921,0.7780516840928801,0.0
9r13pb,2020-03,7976.375241717554,8055.595187891743,1.0099318228861474,0.0
9r13pb,2020-04,9897.446369739475,8954.289353983275,0.9047070344690308,0.0
9r13pb,2020-05,10791.288602481847,10131.41874416399,0.9388516160928088,0.0
9r13pb,2020-06,11421.526152613545,10156.957899806064,0.8892820244938883,0.0
9r13pb,2020-07,12020.07499039866,10534.362166251794,0.8763973747806385,0.0
9r13pb,2020-08,10310.202968027175,10027.922960947228,0.9726212948517772,0.0
9r13pb,2020-09,9120.109657415356,8898.143527380753,0.9756619011862289,0.0
9r13pb,2020-10,9229.433304048,8111.725654359232,0.8788974780067434,0.0
9r13pb,2020-11,7112.864352243052,6576.950953921376,0.9246557544496579,0.0
9r13pb,2020-12,6054.659714900952,5890.613386990152,0.9729057724735429,0.0
9r13pb,2021-01,5337.642692250048,6239.756368301105,1.1690097535679702,9.094947017729282e-13
9r13pb,2021-02,7269.03689356734,6672.145828187509,0.9178858115429235,0.0
9r13pb,2021-03,10796.459149725075,9422.17229134093,0.8727094837922728,0.0
9r13pb,2021-04,12561.956989847284,10518.788727568655,0.8373527099376363,0.0
9r13pb,2021-05,13806.997921827027,11601.127963727577,0.8402353668343598,0.0
9r13pb,2021-06,13337.439818725165,11668.83051393849,0.8748928334473891,0.0
9r13pb,2021-07,12897.18679729705,11944.354049472086,0.926120884903004,0.0
9r13pb,2021-08,12084.847800759515,11310.079836330791,0.9358893072381077,0.0
9r13pb,2021-09,11772.89468566701,10088.225896758122,0.8569027555338706,0.0
9r13pb,2021-10,9112.773359731375,9027.398609239985,0.9906313097976677,0.0
9r13pb,2021-11,6884.905727825503,7606.394401043326,1.104792818048606,0.0
9r13pb,2021-12,4611.248208521306,6650.898478322557,1.442320642387478,0.0
9r13pb,2022-01,8480.644492930358,7491.857526680153,0.8834066246881969,0.0
9r13pb,2022-02,10443.710569836509,8005.599073103563,0.7665473894139989,0.0
9r13pb,2022-03,12288.26779173591,11454.15047849458,0.9321208385609654,0.0
9r13pb,2022-04,13490.043609439972,12533.17456692975,0.9290684989453533,0.0
9r13pb,2022-05,15314.109738778125,13899.899386707117,0.9076531136191373,0.0
9r13pb,2022-06,15134.796328755534,13888.367435860882,0.9176448188783033,0.0
9r13pb,2022-07,15751.130392797739,14317.329552007626,0.9089715591811923,0.0
9r13pb,2022-08,15127.3958018077,13910.20860491067,0.9195375586886159,0.0
9r13pb,2022-09,12804.189143548743,12465.050362834512,0.9735134511906908,0.0
9r13pb,2022-10,12769.022973228339,11726.108173449673,0.9183246202966937,0.0
9r13pb,2022-11,9366.814319318844,9295.960697539149,0.9924356756348248,0.0
9r13pb,2022-12,6293.054671036174,8029.766592545406,1.2759728005387367,0.0
9r13pb,2023-01,13.002151457391868,,,
9r1867,2018-01,1975.7440755987313,2881.8113296445827,1.4585954553710485,0.0
9r1867,2018-02,3518.6250119241035,3157.5295871716867,0.8973759853554393,0.0
9r1867,2018-03,3902.0239703139073,4391.232694031492,1.1253730698323285,0.0
9r1867,2018-04,4994.201435330889,4993.1800070035515,0.9997954771467343,0.0
9r1867,2018-05,6046.621107919159,5498.945174749913,0.9094244664260568,0.0
9r1867,2018-06,6411.718866394922,5624.329745826906,0.8771953142401678,0.0
9r1867,2018-07,6101.967577786771,5716.097498469901,0.9367630072762814,0.0
9r1867,2018-08,6057.442520357598,5542.742524379371,0.9150301477482543,0.0
9r1867,2018-09,5725.447401249891,5028.428398566109,0.878259469726048,0.0
9r1867,2018-10,4820.852984499642,4595.508886429477,0.9532563845454927,0.0
9r1867,2018-11,2995.1987564601177,3635.1699566090942,1.2136656870495393,0.0
9r1867,2018-12,2739.8929179546635,3281.042899189028,1.197507711957712,0.0
9r1867,2019-01,2846.665130767316,3423.614128584542,1.2026754013253782,0.0
9r1867,2019-02,2951.639976974893,3598.585085448734,1.2191815782143216,4.547473508864641e-13
9r1867,2019-03,4583.0582739126385,5254.156961370676,1.1464303195265961,0.0
9r1867,2019-04,5797.912782499463,5896.599569136435,1.0170210885087563,9.094947017729282e-13
9r1867,2019-05,6805.1916067093825,6414.984960900669,0.9426604468529585,0.0
9r1867,2019-06,7514.8967751683585,6562.320696984844,0.8732416283705808,0.0
9r1867,2019-07,7634.771600157468,6839.867657708098,0.8958837298508084,0.0
9r1867,2019-08,7339.071136289259,6626.41342422342,0.9028953802420604,0.0
9r1867,2019-09,6389.576910125862,5880.3647890649,0.9203058155143278,0.0
9r1867,2019-10,6250.447708718449,5378.266198507836,0.8604609540218937,0.0
9r1867,2019-11,4509.542064309299,4178.203123136082,0.926524925048245,0.0
9r1867,2019-12,2764.6230790884965,3727.8600264025113,1.348415288362418,0.0
9r1867,2020-01,3357.238757109798,4032.4612337091426,1.2011243541048104,0.0
9r1867,2020-02,5801.428494940805,4517.02303080779,0.7786053098382417,0.0
9r1867,2020-03,5904.511397848018,5965.678900415753,1.0103594520268058,9.094947017729282e-13
9r1867,2020-04,7321.786167145665,6631.218900816656,0.9056832239341099,0.0
9r1867,2020-05,7935.086523984485,7502.957835342014,0.9455420319190818,0.0
9r1867,2020-06,8435.35842185548,7521.871199084195,0.8917073611946947,0.0
9r1867,2020-07,8856.015528931566,7801.362982962105,0.8809111679486068,0.0
9r1867,2020-08,7652.218853737615,7426.312647020451,0.9704783395463364,0.0
9r1867,2020-09,6681.754342989222,6589.639356996911,0.9862139520156167,0.0
9r1867,2020-10,6821.083085641783,6007.247069081788,0.8806881537225224,0.0
9r1867,2020-11,5246.309570862704,4870.649110304485,0.9283952928274406,0.0
9r1867,2020-12,4571.416896220692,4362.372633383372,0.954271450715829,0.0
9r1867,2021-01,3861.583833941565,4620.935144067343,1.1966424510718698,0.0
9r1867,2021-02,5322.3165974541635,4941.146949333289,0.928382755677631,0.0
9r1867,2021-03,7760.188757591584,6977.715876167972,0.8991683184692976,0.0
9r1867,2021-04,9281.2965185381,7789.829864379068,0.8393040615413984,0.0
9r1867,2021-05,10179.039862530599,8591.370680872753,0.8440256445500217,0.0
9r1867,2021-06,9848.13591409258,8641.508711133345,0.8774765891245913,0.0
9r1867,2021-07,9467.049059504294,8845.551355303365,0.9343514858437344,0.0
9r1867,2021-08,8968.432098277754,8375.831092286388,0.9339236781304097,0.0
9r1867,2021-09,8715.791961736973,7470.970793738264,0.8571763560369987,0.0
9r1867,2021-10,6728.529136820283,6685.3609389078465,0.9935843039340932,0.0
9r1867,2021-11,5242.026549347348,5633.017241823511,1.0745876978675055,0.0
9r1867,2021-12,3293.811583645094,4925.411939837079,1.4953532753037369,0.0
9r1867,2022-01,6293.39769093096,5548.195425586393,0.8815898339908769,0.0
9r1867,2022-02,7748.225029646556,5928.653608039725,0.7651628063660106,0.0
9r1867,2022-03,9092.637085811004,8482.524535797269,0.9329003737578165,0.0
9r1867,2022-04,9871.709175492788,9281.610275246238,0.9402232288496188,0.0
9r1867,2022-05,11250.517811830565,10293.756644303572,0.9149584771537446,0.0
9r1867,2022-06,11142.96929309634,10285.216503663509,0.9230229603195395,0.0
9r1867,2022-07,11519.197538363795,10602.890143622575,0.9204538865064577,0.0
9r1867,2022-08,11059.63057860103,10301.39127390973,0.9314408108568838,0.0
9r1867,2022-09,9402.655896437072,9231.15998355464,0.9817609072615944,0.0
9r1867,2022-10,9434.489240200428,8683.926448971593,0.9204447880410228,0.0
9r1867,2022-11,6914.691064366407,6884.248190097691,0.9955973630657777,0.0
9r1867,2022-12,4646.94500790745,5946.551188224278,1.279668939078332,0.0
9r1867,2023-01,9.527101076810606,,,
9r1jcf,2018-01,2187.8185019702883,12603.455048545791,5.7607406817318125,0.0
9r1jcf,2018-02,4327.878444876703,13809.29480254343,3.190776954211995,0.0
9r1jcf,2018-03,4610.05916459734,19204.832494622846,4.1658538012061,0.0
9r1jcf,2018-04,5690.082256882431,21837.41840425349,3.837803641210999,0.0
9r1jcf,2018-05,7254.324557830384,24049.35660133097,3.3151751633957254,0.0
9r1jcf,2018-06,7563.9114421848135,24597.719635751055,3.2519840857161166,0.0
9r1jcf,2018-07,7056.29674368011,24999.061227216273,3.542801859857494,0.0
9r1jcf,2018-08,6902.699386174844,24240.902078865198,3.511800343995334,0.0
9r1jcf,2018-09,6617.159373411869,21991.57544917253,3.3234163193251716,0.0
9r1jcf,2018-10,5570.455889668984,20098.22401609126,3.6080034406816863,0.0
9r1jcf,2018-11,3819.302796480501,15898.230626915254,4.162600211108038,0.0
9r1jcf,2018-12,3120.480623963416,14349.473980789484,4.598482000046451,0.0
9r1jcf,2019-01,3144.2789463020154,14973.001989864204,4.7619827138663835,0.0
9r1jcf,2019-02,3226.2966905483086,15738.228556556507,4.878109506377046,0.0
9r1jcf,2019-03,5327.408551366766,22978.78781981412,4.313314362556036,0.0
9r1jcf,2019-04,6750.708603804956,25788.47783836398,3.820114206059585,0.0
9r1jcf,2019-05,7973.453849476486,28055.60994229984,3.5186269930115532,0.0
9r1jcf,2019-06,8761.549311521238,28699.975278669837,3.2756735433686397,0.0
9r1jcf,2019-07,8879.240225100017,29913.812772940306,3.3689608586531237,0.0
9r1jcf,2019-08,8391.557657066154,28980.281556315615,3.4535044315536125,0.0
9r1jcf,2019-09,7400.731260782249,25717.475854733133,3.474991179724965,0.0
9r1jcf,2019-10,7428.3056806186405,23521.57324621482,3.1664789061636873,0.0
9r1jcf,2019-11,5236.137621104071,18273.158518199678,3.489816318912312,0.0
9r1jcf,2019-12,2778.9962761842185,16303.60592545431,5.8667246390989956,1.8189894035458565e-12
9r1jcf,2020-01,3572.0210097375593,17635.763788993343,4.937194865572491,0.0
9r1jcf,2020-02,6567.683388736598,19754.97012465883,3.00790536866288,0.0
9r1jcf,2020-03,7007.938996441395,26090.592774760546,3.7230051214785473,0.0
9r1jcf,2020-04,8864.897309719905,29001.298063401508,3.271475917899587,0.0
9r1jcf,2020-05,8772.478780514435,32813.80388650569,3.740539556435544,0.0
9r1jcf,2020-06,9834.75232454597,32896.52051937102,3.344926179510038,0.0
9r1jcf,2020-07,10384.823612332013,34118.86359863761,3.28545431990981,0.0
9r1jcf,2020-08,8818.445966151516,32478.60005974535,3.6830298880789574,0.0
9r1jcf,2020-09,7874.54311262796,28819.452046599352,3.6598252920075103,0.0
9r1jcf,2020-10,7974.019542469024,26272.389042907416,3.294748514595765,0.0
9r1jcf,2020-11,5966.402378495685,21301.53576935693,3.5702479346905376,0.0
9r1jcf,2020-12,5273.682578586355,19078.614489531672,3.617702469807316,0.0
9r1jcf,2021-01,4066.3775849297326,20209.42445863762,4.969883892124307,0.0
9r1jcf,2021-02,6126.905660238742,21609.854477136018,3.5270421441896276,0.0
9r1jcf,2021-03,9169.877842226902,30516.684934281773,3.3279270955774045,0.0
9r1jcf,2021-04,11016.955702487605,34068.424092020505,3.092362809839376,0.0
9r1jcf,2021-05,12124.982098459403,37573.92202185853,3.098884741993365,0.0
9r1jcf,2021-06,11556.627458561965,37793.198143133945,3.2702618716963205,0.0
9r1jcf,2021-07,11353.181618006023,38685.568253324476,3.4074649340559815,0.0
9r1jcf,2021-08,10184.369200875699,36631.27061092617,3.5968129089209024,0.0
9r1jcf,2021-09,9642.085535213733,32673.91018949584,3.3886766581947323,0.0
9r1jcf,2021-10,7490.3446210145,29238.085508956847,3.903436622519086,0.0
9r1jcf,2021-11,5693.667578036128,24635.713956944564,4.326862012805104,0.0
9r1jcf,2021-12,4420.461832407108,21541.038214657667,4.873028889591783,0.0
9r1jcf,2022-01,7121.285649849409,24264.750064519183,3.407355252633673,0.0
9r1jcf,2022-02,8996.753613255398,25928.664544650466,2.8820022931881093,0.0
9r1jcf,2022-03,10429.834198449671,37097.88895107609,3.5569011208817165,0.0
9r1jcf,2022-04,11148.351904953684,40592.64972652253,3.6411345885561346,0.0
9r1jcf,2022-05,13060.998554314747,45019.2203120911,3.4468436792850605,0.0
9r1jcf,2022-06,12763.191847401005,44981.870442043015,3.5243433601762213,0.0
9r1jcf,2022-07,13423.870350364288,46371.199923867855,3.4543837740960797,0.0
9r1jcf,2022-08,13169.508901108815,45052.60997575981,3.420978740670169,0.0
9r1jcf,2022-09,11219.103884515882,40372.007945785444,3.5985055813152003,0.0
9r1jcf,2022-10,11030.591154680425,37978.70995877779,3.443034867869518,0.0
9r1jcf,2022-11,7576.75605299798,30107.908770568218,3.9737202253799744,0.0
9r1jcf,2022-12,5237.763320786443,26006.938699871294,4.965275654335292,0.0
9r1jcf,2023-01,11.750105909341043,,,
9r321k,2018-01,1352.6380658190653,2130.5964580793993,1.5751415784600558,0.0
9r321k,2018-02,2470.589915815883,2334.4419828964324,0.9448925408268375,0.0
9r321k,2018-03,2520.980403931813,3246.550087531177,1.2878125044001687,0.0
9r321k,2018-04,3128.0650721560055,3691.585055565275,1.1801496997058523,0.0
9r321k,2018-05,4165.210647037127,4065.51011579926,0.9760635080223882,0.0
9r321k,2018-06,4661.110959236166,4158.21012023272,0.8921070870439312,0.0
9r321k,2018-07,4561.384690796931,4226.056355250189,0.926485407770298,0.0
9r321k,2018-08,4391.409097836774,4097.890611022484,0.9331607508489979,0.0
9r321k,2018-09,4089.7775154133033,3717.645088518731,0.9090091269043115,0.0
9r321k,2018-10,3326.405223992648,3397.576675398318,1.0213959053732615,4.547473508864641e-13
9r321k,2018-11,2441.180061953623,2687.573663964736,1.1009321704085728,4.547473508864641e-13
9r321k,2018-12,1866.9025444850192,2425.7585178835643,1.2993493018955118,0.0
9r321k,2019-01,2102.232699347875,2531.16505621221,1.2040365735902558,0.0
9r321k,2019-02,1821.2297024707684,2660.5255376312307,1.4608401861785105,0.0
9r321k,2019-03,3027.0752887724357,3884.531959790099,1.2832624197349864,4.547473508864641e-13
9r321k,2019-04,3960.9264102882053,4359.506129870078,1.1006279032467234,0.0
9r321k,2019-05,4690.190573615225,4742.761642905068,1.0112087277616357,0.0
9r321k,2019-06,5607.4247207693215,4851.690702285295,0.8652261856169257,0.0
9r321k,2019-07,5668.951826758463,5056.888233915721,0.8920323171642256,0.0
9r321k,2019-08,5342.579270046269,4899.076086692122,0.9169870654347247,0.0
9r321k,2019-09,4557.321911257265,4347.503343788182,0.9539601170260104,0.0
9r321k,2019-10,4649.973703712882,3976.289077384602,0.8551207664270531,4.547473508864641e-13
9r321k,2019-11,3275.0695408731904,3089.0519041674816,0.9432019276585762,0.0
9r321k,2019-12,1764.9669713277149,2756.101791524476,1.5615599817435506,0.0
9r321k,2020-01,1769.6420559517792,2981.301216184333,1.6846916618857584,0.0
9r321k,2020-02,4231.252058883044,3339.550084872865,0.7892581293666613,0.0
9r321k,2020-03,3901.4375079252845,4410.578237553255,1.130500803509915,0.0
9r321k,2020-04,5528.904759379756,4902.628897836838,0.8867269579060041,0.0
9r321k,2020-05,5575.095548767564,5547.127677879703,0.9949834275227725,0.0
9r321k,2020-06,6262.226355616052,5561.110809039239,0.8880405295557476,0.0
9r321k,2020-07,6503.590488830304,5767.746197923636,0.8868556849988548,0.0
9r321k,2020-08,5778.024018613096,5490.461939534198,0.9502317612123873,0.0
9r321k,2020-09,5405.76570082836,4871.888082891875,0.901239223547059,0.0
9r321k,2020-10,5082.004052694191,4441.310642557585,0.8739289848072934,0.0
9r321k,2020-11,3558.9557855556163,3600.9948452254052,1.0118121893619496,0.0
9r321k,2020-12,3285.5839068267605,3225.21311020573,0.9816255501813262,0.0
9r321k,2021-01,2481.4297711259123,3416.3749547680272,1.3767768060660839,0.0
9r321k,2021-02,3707.877722369664,3653.115691788787,0.9852308963020822,0.0
9r321k,2021-03,5339.519006793514,5158.8029300590615,0.9661549895216169,0.0
9r321k,2021-04,6741.479045748553,5759.219469837429,0.8542961315691433,0.0
9r321k,2021-05,7531.34387409841,6351.818994677986,0.8433845407753836,0.0
9r321k,2021-06,7185.4314786825535,6388.887316462074,0.8891445608264953,0.0
9r321k,2021-07,7094.298911487158,6539.741236180481,0.9218305174019759,0.0
9r321k,2021-08,6519.380852753845,6192.46509135544,0.9498547839461913,0.0
9r321k,2021-09,6090.215977835526,5523.478843952121,0.9069430154946944,0.0
9r321k,2021-10,4561.413220401884,4942.657484512052,1.083580295335878,0.0
9r321k,2021-11,3571.574459227448,4164.633007119706,1.166049610518421,0.0
9r321k,2021-12,2491.9160654367656,3641.482398812386,1.4613182399360358,0.0
9r321k,2022-01,4515.699375907797,4101.9220796611235,0.9083691668107354,0.0
9r321k,2022-02,5677.531942664542,4383.204496606291,0.7720263911979321,0.0
9r321k,2022-03,6498.948339476607,6271.34626949024,0.9649786306803145,0.0
9r321k,2022-04,6568.916242238337,6862.13069338995,1.0446366554754092,0.0
9r321k,2022-05,7827.918009312471,7610.4362631502845,0.9722171660582725,0.0
9r321k,2022-06,8043.703078157216,7604.122319828582,0.9453509466899243,0.0
9r321k,2022-07,8469.312958965767,7838.986526641682,0.9255752579485435,0.0
9r321k,2022-08,8282.45727168079,7616.080739119376,0.9195436196405291,0.0
9r321k,2022-09,7007.12596966237,6824.831508782867,0.9739844179098885,0.0
9r321k,2022-10,6988.867524416984,6420.247829576949,0.9186392226131843,0.0
9r321k,2022-11,4436.372674770698,5089.699890995509,1.1472660806744734,0.0
9r321k,2022-12,2933.97222402622,4396.43663312999,1.4984588460407662,0.0
9r321k,2023-01,5.33386992046558,,,
9r3wzq,2018-01,286.8731870701004,221.3202720197064,0.7714916625011194,0.0
9r3wzq,2018-02,497.0747840935563,335.2733456989637,0.6744927653297751,0.0
9r3wzq,2018-03,661.8169936849803,483.85699257681927,0.7311039111926029,5.684341886080802e-14
9r3wzq,2018-04,727.2845025921437,609.0396580191622,0.8374159711205995,0.0
9r3wzq,2018-05,905.4258136160792,720.4414094786662,0.7956934722253782,0.0
9r3wzq,2018-06,998.3001055497795,750.7095833298674,0.7519878833594232,0.0
9r3wzq,2018-07,998.8135637048401,855.0822196664975,0.856097925317305,0.0
9r3wzq,2018-08,960.1620427078276,792.3017933558551,0.8251750830739187,0.0
9r3wzq,2018-09,877.8325164305845,698.9073590540346,0.7961739238094189,0.0
9r3wzq,2018-10,650.0716234427006,498.1389848827109,0.7662832323684998,5.684341886080802e-14
9r3wzq,2018-11,516.6594862999448,264.00240457939066,0.5109794972894875,0.0
9r3wzq,2018-12,357.94650525722847,218.78236985311676,0.611215269990958,0.0
9r3wzq,2019-01,427.41359536155835,251.99734796025916,0.5895866455700577,0.0
9r3wzq,2019-02,452.8924229868622,365.2110271141568,0.8063968584538477,0.0
9r3wzq,2019-03,690.1137566655332,561.0773645890395,0.8130215622711724,0.0
9r3wzq,2019-04,852.8291664695308,693.4115007563397,0.8130719820792074,0.0
9r3wzq,2019-05,953.8143837653232,797.341212333626,0.8359500820128165,0.0
9r3wzq,2019-06,1111.100712193718,840.3665958305655,0.7563370148250337,0.0
9r3wzq,2019-07,1127.03391561054,927.9340493492388,0.8233417260088005,0.0
9r3wzq,2019-08,1055.1201585783742,872.0039931341222,0.8264499413119211,0.0
9r3wzq,2019-09,874.0227303722359,743.510638379282,0.850676547122098,0.0
9r3wzq,2019-10,881.532862968838,557.1525660831818,0.632026994667897,0.0
9r3wzq,2019-11,619.8276208551479,292.1243780035244,0.4712993874014419,0.0
9r3wzq,2019-12,382.9147931441766,236.29040432866375,0.6170835093323093,2.842170943040401e-14
9r3wzq,2020-01,407.39949336024824,280.07682454937475,0.6874746510833611,0.0
9r3wzq,2020-02,738.868719388517,452.7322035011461,0.6127370013387823,0.0
9r3wzq,2020-03,837.1158716411295,624.5168226184209,0.7460339049528264,0.0
9r3wzq,2020-04,1127.931663588079,778.9925343870201,0.6906380586115973,0.0
9r3wzq,2020-05,1137.6311742291043,892.0440388139546,0.7841241159890264,0.0
9r3wzq,2020-06,1196.9621082541655,934.78463996207,0.7809642707282558,0.0
9r3wzq,2020-07,1324.8688742272336,1053.860173135857,0.7954448878954531,0.0
9r3wzq,2020-08,1164.015326885367,1016.5560796277832,0.8733184659585624,0.0
9r3wzq,2020-09,1081.80297931091,842.1706794093776,0.7784880385020071,0.0
9r3wzq,2020-10,1012.3534309390409,626.0197425628569,0.6183806202762332,0.0
9r3wzq,2020-11,648.815577458792,324.49927968410776,0.5001410122658739,0.0
9r3wzq,2020-12,582.0612930136139,280.1870201971831,0.48137030165074,0.0
9r3wzq,2021-01,615.3370662158487,331.5816969899697,0.538861894065808,5.684341886080802e-14
9r3wzq,2021-02,788.0600480193136,492.7355233360228,0.6252512414180232,5.684341886080802e-14
9r3wzq,2021-03,1153.900706286051,711.5442292559113,0.6166425112487279,0.0
9r3wzq,2021-04,1359.7293197859715,926.9730664343184,0.681733528096775,0.0
9r3wzq,2021-05,1457.2621876679736,1045.6647734866372,0.7175543168110282,0.0
9r3wzq,2021-06,1463.1681894267776,1105.8348734470674,0.7557811066684671,0.0
9r3wzq,2021-07,1402.0084230348389,1253.0936838559185,0.8937847043339625,0.0
9r3wzq,2021-08,1442.2916625940186,1197.2071955598756,0.8300728809640702,0.0
9r3wzq,2021-09,1232.3935038921516,1055.5315683016993,0.856489071849303,0.0
9r3wzq,2021-10,956.9221285899488,749.9585958947326,0.7837195666065507,0.0
9r3wzq,2021-11,731.7013259627854,397.6315758769798,0.54343426992396,0.0
9r3wzq,2021-12,679.4517408621373,339.23582116159054,0.4992787577983739,0.0
9r3wzq,2022-01,1001.5889796761325,419.4158504384157,0.4187504644610161,0.0
9r3wzq,2022-02,1152.0505190521812,625.60066517498,0.5430323191813465,0.0
9r3wzq,2022-03,1291.847672470235,871.208114676081,0.674389197149058,0.0
9r3wzq,2022-04,1650.790081624045,1242.5659671737844,0.752709857543698,0.0
9r3wzq,2022-05,1851.9186008865745,1430.4499247165654,0.7724151180466365,0.0
9r3wzq,2022-06,2007.3988940755808,1505.944906325567,0.7501971385807022,0.0
9r3wzq,2022-07,2097.807126034853,1746.2307692052668,0.8324076830198808,0.0
9r3wzq,2022-08,1802.1256059582756,1535.0928837672732,0.85182346818217,0.0
9r3wzq,2022-09,1586.2458410700592,1366.1419120257426,0.8612422341193736,0.0
9r3wzq,2022-10,1540.6609179862742,992.5205753969148,0.644217402940416,0.0
9r3wzq,2022-11,1047.13339740756,535.2240732039455,0.5111326546637002,0.0
9r3wzq,2022-12,853.3074267710183,460.5179134992091,0.5396858143399088,0.0
9r3wzq,2023-01,1.5410048919088863,,,
9r4bc7,2018-01,665.9271067297309,1432.9925100924534,2.151875926975952,0.0
9r4bc7,2018-02,891.9607412202487,1527.2765400545802,1.7122687910739058,0.0
9r4bc7,2018-03,1108.3687411789601,2063.601965755761,1.861837030482048,0.0
9r4bc7,2018-04,1282.255966387507,2356.637779976825,1.837884043243073,0.0
9r4bc7,2018-05,1344.1173034755254,2610.6936825537814,1.9423108948923062,0.0
9r4bc7,2018-06,1639.870500830948,2718.9188462265574,1.6580082664142313,0.0
9r4bc7,2018-07,1525.657289650778,2609.4990883278497,1.7104097401357827,0.0
9r4bc7,2018-08,1606.4315982624003,2623.7464218939526,1.6332761536388682,0.0
9r4bc7,2018-09,1508.0976062966627,2494.116888575514,1.6538166217902535,0.0
9r4bc7,2018-10,1265.8409807705514,2287.6120473999326,1.8071875394707175,0.0
9r4bc7,2018-11,1028.1095219693218,1920.6368384547122,1.8681247448966074,0.0
9r4bc7,2018-12,757.5239088498681,1734.4497243672486,2.2896303391936836,0.0
9r4bc7,2019-01,935.0841366938064,1882.9117718938173,2.013628183824465,0.0
9r4bc7,2019-02,1069.621940466415,1982.9788737699325,1.853906318437375,0.0
9r4bc7,2019-03,1452.4556540838548,2942.4876554843877,2.025870908492817,4.547473508864641e-13
9r4bc7,2019-04,1687.587255537218,3222.39271800197,1.9094673223140513,0.0
9r4bc7,2019-05,1818.7752948067775,3581.4077942686263,1.9691315384010133,0.0
9r4bc7,2019-06,2210.9966196099626,3692.102924020989,1.6698817588750114,0.0
9r4bc7,2019-07,2219.823697973243,3713.0688929010457,1.67268639229826,0.0
9r4bc7,2019-08,2175.165998044909,3707.605740808246,1.704516227331951,0.0
9r4bc7,2019-09,1891.1268651358776,3369.996204106812,1.7820042992539675,0.0
9r4bc7,2019-10,2007.2223958815684,3325.9313966345517,1.6569820083009827,0.0
9r4bc7,2019-11,1463.650115335078,2579.973668886117,1.7626983674957561,0.0
9r4bc7,2019-12,1024.8052934821112,2186.777531471359,2.133846834495816,0.0
9r4bc7,2020-01,1270.2499819607233,2662.4763429995955,2.0960254916830383,0.0
9r4bc7,2020-02,1922.0565690360997,2936.9739841379105,1.5280372240088573,0.0
9r4bc7,2020-03,2152.857297930902,3787.990222382226,1.7595175611606215,0.0
9r4bc7,2020-04,2489.931387743167,4145.1323106132895,1.6647576439326586,0.0
9r4bc7,2020-05,2770.2201709161677,4683.244309837191,1.690567543693954,0.0
9r4bc7,2020-06,2794.935237350704,4663.059847222461,1.668396385328247,0.0
9r4bc7,2020-07,2858.2485399551088,4710.129220834551,1.6479075052404393,0.0
9r4bc7,2020-08,2627.3470469236895,4526.418507384247,1.7228095209896783,0.0
9r4bc7,2020-09,2535.9615034159524,4016.5814431281315,1.5838495330933757,0.0
9r4bc7,2020-10,2463.4651116375817,3929.989900156396,1.5953097454438663,4.547473508864641e-13
9r4bc7,2020-11,2002.1835337304833,3292.5585903671454,1.6444839021487834,0.0
9r4bc7,2020-12,1779.197058980572,3034.911034744453,1.7057756584216526,0.0
9r4bc7,2021-01,1659.0343773622837,3283.0814442678575,1.978911039497363,0.0
9r4bc7,2021-02,2230.1959203353094,3511.9224960177435,1.5747147880576011,0.0
9r4bc7,2021-03,2759.4630738892984,4765.89870124619,1.727110881222607,0.0
9r4bc7,2021-04,3137.9301824284294,5212.160847684683,1.6610187431420211,0.0
9r4bc7,2021-05,3449.8883877172316,5770.067566775724,1.672537461594153,0.0
9r4bc7,2021-06,3414.0841464614773,5647.3833672748515,1.6541429926758173,0.0
9r4bc7,2021-07,3210.0551509865563,5593.202584445999,1.7424007754904218,0.0
9r4bc7,2021-08,3265.2991219206424,5605.847340929093,1.7167944288153745,0.0
9r4bc7,2021-09,3154.450670513824,5034.215976423956,1.5959089243275246,0.0
9r4bc7,2021-10,2374.098662168405,4604.399176511878,1.9394304246422545,0.0
9r4bc7,2021-11,2337.6130259053302,4157.284265071292,1.7784313395760722,0.0
9r4bc7,2021-12,1876.843578029962,3748.5682406793485,1.9972725934966042,0.0
9r4bc7,2022-01,2627.558699014414,4386.996109220111,1.6696091740464847,0.0
9r4bc7,2022-02,2864.558746687979,4569.708828108534,1.59525750113942,0.0
9r4bc7,2022-03,3370.7715466057775,6076.184730187992,1.80260947565742,0.0
9r4bc7,2022-04,4062.527063498926,6666.19866847455,1.64089951015198,0.0
9r4bc7,2022-05,4369.205693266881,7357.492596150802,1.6839428291254377,9.094947017729282e-13
9r4bc7,2022-06,4126.007903889459,7222.774976314506,1.7505480223403889,0.0
9r4bc7,2022-07,4228.516051483922,7178.070648268838,1.6975389382168298,0.0
9r4bc7,2022-08,3889.2984647872586,6959.711543984826,1.789451647127708,0.0
9r4bc7,2022-09,3447.9963332072557,6622.468989777744,1.9206717031562672,0.0
9r4bc7,2022-10,3580.747486177206,6236.500721754021,1.7416756545466676,0.0
9r4bc7,2022-11,2788.8052012245757,5301.83704310787,1.9011141548286743,0.0
9r4bc7,2022-12,2013.9621544719678,5071.891108690952,2.518364656172365,0.0
9r4bc7,2023-01,3.4199118699252695,,,
9r50xy,2018-01,3243.546707249205,3969.1625676296144,1.2237106247795615,0.0
9r50xy,2018-02,4437.695016572605,4230.3144158181285,0.953268397224232,0.0
9r50xy,2018-03,5833.361414608801,5715.851003600991,0.9798554550874351,0.0
9r50xy,2018-04,6805.213971649684,6527.513853608544,0.959193036516114,0.0
9r50xy,2018-05,7259.98767366645,7231.208514600702,0.9960359217729616,0.0
9r50xy,2018-06,8546.586867422471,7530.975097817425,0.8811675601781673,0.0
9r50xy,2018-07,7998.419056932433,7227.899677567933,0.903666040266211,0.0
9r50xy,2018-08,8289.614917018991,7267.362537757942,0.8766827663897494,0.0
9r50xy,2018-09,7906.689205760432,6908.309236583572,0.873729706177209,0.0
9r50xy,2018-10,6794.593094718923,6336.323493562811,0.9325537828729875,0.0
9r50xy,2018-11,5273.811722740149,5319.860216654651,1.008731539223508,0.0
9r50xy,2018-12,3736.668845070908,4804.151363603307,1.2856775815016441,0.0
9r50xy,2019-01,4886.705589795018,5215.367750015603,1.067256386574001,0.0
9r50xy,2019-02,5300.230422147986,5492.537792580746,1.0362828320876707,9.094947017729282e-13
9r50xy,2019-03,7973.011574566085,8150.2253330740305,1.0222267027773115,0.0
9r50xy,2019-04,9260.003855039375,8925.518078018758,0.9638784408455093,0.0
9r50xy,2019-05,10164.294131336526,9919.933046622024,0.9759588731340293,0.0
9r50xy,2019-06,11185.913490251918,10226.541045154852,0.9142338758534901,0.0
9r50xy,2019-07,11314.219469495205,10284.613462342462,0.9089989362563886,0.0
9r50xy,2019-08,11264.418258329659,10269.481395262355,0.9116743678856579,0.0
9r50xy,2019-09,9754.724614790775,9334.35638510885,0.9569061919959755,0.0
9r50xy,2019-10,10563.046230237578,9212.303839030004,0.8721256764605494,0.0
9r50xy,2019-11,7463.071322638754,7146.118936345406,0.9575305698430225,0.0
9r50xy,2019-12,5518.632820012243,6057.027835469716,1.0975594921816665,0.0
9r50xy,2020-01,6730.274547921293,7374.63829252783,1.0957410786170017,0.0
9r50xy,2020-02,9840.093463660105,8134.953335652886,0.8267150475445811,9.094947017729282e-13
9r50xy,2020-03,10623.770798310936,10492.133693187605,0.9876091919128884,0.0
9r50xy,2020-04,12966.970232217798,11481.360781220574,0.8854312592384864,0.0
9r50xy,2020-05,14448.498755306062,12971.845895043003,0.8977988727222769,0.0
9r50xy,2020-06,14417.263083294012,12915.938126583744,0.8958661607243661,0.0
9r50xy,2020-07,14965.73380065522,13046.312845577097,0.8717456169777597,0.0
9r50xy,2020-08,13713.565757716462,12537.463230548452,0.9142380218284051,0.0
9r50xy,2020-09,12904.792687427118,11125.29521377006,0.8621056907492372,0.0
9r50xy,2020-10,12715.642089799874,10885.450337669115,0.8560676889766434,0.0
9r50xy,2020-11,10137.09197213553,9119.86644491913,0.8996531224129649,0.0
9r50xy,2020-12,9013.00734992221,8406.223473154481,0.9326768687509207,0.0
9r50xy,2021-01,8411.988817464213,9093.616249415438,1.0810304729050628,0.0
9r50xy,2021-02,11113.661709073313,9727.46976235811,0.8752713567317332,0.0
9r50xy,2021-03,14548.844809929658,13200.78548413384,0.9073425180206911,0.0
9r50xy,2021-04,16656.4607200697,14436.86103548437,0.8667424177387882,0.0
9r50xy,2021-05,18329.042420519123,15982.174392008712,0.8719590486689516,0.0
9r50xy,2021-06,17779.284855307942,15642.358566825476,0.8798080853153948,0.0
9r50xy,2021-07,16912.42398654562,15492.28636925671,0.9160299186906221,0.0
9r50xy,2021-08,17479.59224674132,15527.310344438723,0.8883107869597728,0.0
9r50xy,2021-09,16589.605673936596,13943.981891221309,0.8405252159265157,0.0
9r50xy,2021-10,13242.238247247815,12753.457348256808,0.9630892535034558,0.0
9r50xy,2021-11,11803.639728451204,11515.019772749518,0.9755482239087657,0.0
9r50xy,2021-12,9110.549622689585,10382.94104004056,1.139661323415891,1.8189894035458565e-12
9r50xy,2022-01,13488.129656068999,12151.285242886435,0.9008873396630608,0.0
9r50xy,2022-02,14676.468303903888,12657.3705708516,0.8624261851527854,0.0
9r50xy,2022-03,17954.64201287555,16830.070509935063,0.9373659746524582,0.0
9r50xy,2022-04,20894.115854677664,18464.315784584574,0.8837088830657978,0.0
9r50xy,2022-05,22799.271830294634,20379.090608344966,0.8938483105967515,0.0
9r50xy,2022-06,21629.661412047277,20005.944112401394,0.9249309885756462,0.0
9r50xy,2022-07,22123.526184067658,19882.120195500072,0.8986867658474017,0.0
9r50xy,2022-08,20420.658433286404,19277.300018896836,0.9440097184855777,0.0
9r50xy,2022-09,18792.25227819316,18343.19149219966,0.976103940105434,0.0
9r50xy,2022-10,18667.46525528502,17274.12044615926,0.925359721308104,0.0
9r50xy,2022-11,14590.179057173198,14685.249910914144,1.0065160854687527,0.0
9r50xy,2022-12,10989.841151418412,14048.336047765368,1.2783020113036128,0.0
9r50xy,2023-01,16.376208283981637,,,
9r88yx,2018-01,864.7807507342827,792.7742066239439,0.9167343352067003,0.0
9r88yx,2018-02,1551.5242459936167,1200.956686945445,0.774049577405306,0.0
9r88yx,2018-03,2033.0743917967618,1733.1866616148952,0.8524954466044717,0.0
9r88yx,2018-04,2291.77623173651,2181.5937929340157,0.9519226889271788,0.0
9r88yx,2018-05,2964.9337805144933,2580.6373795150157,0.8703861774164845,0.0
9r88yx,2018-06,3435.7849909971683,2689.0586609993666,0.7826620897540276,0.0
9r88yx,2018-07,3434.8185540969403,3062.9237986567687,0.8917279764322376,0.0
9r88yx,2018-08,3241.2197452724804,2838.042895494401,0.8756095292933662,0.0
9r88yx,2018-09,2979.0718400079563,2503.501925157417,0.8403630592375144,0.0
9r88yx,2018-10,2131.0625019541835,1784.3450802088516,0.8373030254028719,0.0
9r88yx,2018-11,1604.3156708935069,945.662568219708,0.5894491871995684,0.0
9r88yx,2018-12,948.0378458504695,783.6833838165866,0.8266372352609582,0.0
9r88yx,2019-01,1222.6724241652487,902.6601846158233,0.7382682121354733,0.0
9r88yx,2019-02,1230.211802021044,1308.194137069204,1.0633893569546704,0.0
9r88yx,2019-03,2502.071546768077,2009.791775997471,0.8032511214931151,0.0
9r88yx,2019-04,2633.1815891234896,2483.8156367667866,0.9432754835543178,0.0
9r88yx,2019-05,3347.3558930179347,2856.0942079453102,0.8532388844289548,0.0
9r88yx,2019-06,3885.1583746793576,3010.2121021409225,0.7747977847593808,0.0
9r88yx,2019-07,3885.4900591977243,3323.8806958753635,0.8554598378155877,0.0
9r88yx,2019-08,3532.7421869275777,3123.537972916738,0.8841681072779545,0.0
9r88yx,2019-09,2842.525688752416,2663.271877802111,0.9369385431907988,0.0
9r88yx,2019-10,2755.519986854929,1995.7330592190865,0.7242673138789164,0.0
9r88yx,2019-11,1902.450988805443,1046.3961113631583,0.5500252661017011,0.0
9r88yx,2019-12,1053.3439991540158,846.3975582310323,0.8035338492560923,0.0
9r88yx,2020-01,1030.8050776013451,1003.2415031376512,0.973260148729735,0.0
9r88yx,2020-02,2395.5195969960587,1621.696965074095,0.6769708613979513,2.2737367544323206e-13
9r88yx,2020-03,2949.307357631638,2237.033345641926,0.7584944783233158,0.0
9r88yx,2020-04,3776.120809660074,2790.3688296554105,0.7389511539241773,0.0
9r88yx,2020-05,3690.937778521941,3195.321868578687,0.8657208710406041,0.0
9r88yx,2020-06,3966.7715873607613,3348.419665977068,0.8441170841916044,0.0
9r88yx,2020-07,4564.658299448999,3774.9509117536263,0.8269952894851519,0.0
9r88yx,2020-08,4113.715939845545,3641.326807351408,0.8851672941443124,0.0
9r88yx,2020-09,3280.4763094806735,3016.674370214353,0.9195842571690199,0.0
9r88yx,2020-10,3278.4577415765784,2242.416838783772,0.6839852807452738,0.0
9r88yx,2020-11,1864.3049767213884,1162.36373945313,0.623483686396252,0.0
9r88yx,2020-12,1609.9286715497371,1003.636226433748,0.6234041570721487,0.0
9r88yx,2021-01,1444.5405922190166,1187.7331179985097,0.8222220437391692,0.0
9r88yx,2021-02,1944.225835341076,1764.9897590644912,0.9078110819131557,0.0
9r88yx,2021-03,3616.7511164117795,2548.767479266309,0.7047118801458947,0.0
9r88yx,2021-04,4681.387397559334,3320.4384333975395,0.709285122425174,0.0
9r88yx,2021-05,5034.342072371404,3745.5948053491575,0.7440088002571529,0.0
9r88yx,2021-06,4716.520633297546,3961.125460644784,0.839840587716325,0.0
9r88yx,2021-07,5041.414948337444,4488.609841198355,0.8903472313221523,0.0
9r88yx,2021-08,4862.774008733587,4288.423179508599,0.8818882333019283,0.0
9r88yx,2021-09,4261.108296157402,3780.93788693879,0.8873132584657325,4.547473508864641e-13
9r88yx,2021-10,3053.3493016405673,2686.368607066934,0.8798104447544033,0.0
9r88yx,2021-11,1829.7195320777219,1424.3252740374046,0.7784391263616367,0.0
9r88yx,2021-12,1412.2066457842332,1215.1503634328435,0.8604621477036319,0.0
9r88yx,2022-01,2999.200674643568,1502.35703689726,0.5009191447570622,2.2737367544323206e-13
9r88yx,2022-02,3361.5695167567937,2240.9156941274045,0.6666278007808139,0.0
9r88yx,2022-03,3930.39445467923,3120.687118327663,0.7939882763198003,0.0
9r88yx,2022-04,5049.57632754596,4450.899322572672,0.8814401513831084,0.0
9r88yx,2022-05,5964.697629484977,5123.903896528203,0.8590383309959381,0.0
9r88yx,2022-06,6355.116660429549,5394.32862356738,0.8488166168774584,0.0
9r88yx,2022-07,7063.294474716646,6255.038004452482,0.8855694784979797,0.0
9r88yx,2022-08,6176.9700179964875,5498.7373362450135,0.8901997775971948,0.0
9r88yx,2022-09,5379.167903368091,4893.551144494761,0.9097226991986496,0.0
9r88yx,2022-10,4840.931316590523,3555.23108903539,0.7344105620443601,0.0
9r88yx,2022-11,2861.524130220524,1917.1847030917836,0.6699872570859765,0.0
9r88yx,2022-12,2186.6234951084275,1649.5855539068837,0.7543985316160183,0.0
9r88yx,2023-01,5.608371454577889,,,
9r9uxw,2018-01,189.50420453247543,128.98035542621793,0.6806200197215915,0.0
9r9uxw,2018-02,263.3611662176162,195.38958134544112,0.7419073364217641,0.0
9r9uxw,2018-03,389.4709189175587,281.98070745395717,0.7240096596625368,0.0
9r9uxw,2018-04,416.50560879427184,354.9342807286053,0.8521716712437383,0.0
9r9uxw,2018-05,471.9734292369517,419.8566548393268,0.8895768889323217,0.0
9r9uxw,2018-06,554.6713602649116,437.4962491964261,0.7887485825615324,0.0
9r9uxw,2018-07,589.7856748752836,498.3222169607856,0.8449208554720512,5.684341886080802e-14
9r9uxw,2018-08,547.5453022234996,461.7352309361383,0.8432822436081555,0.0
9r9uxw,2018-09,499.1710755986691,407.3071063854564,0.8159669626229087,0.0
9r9uxw,2018-10,336.6143286893843,290.3039235199684,0.8624229534442976,0.0
9r9uxw,2018-11,281.5980184392361,153.85451890730587,0.5463622214390864,0.0
9r9uxw,2018-12,204.61560632787553,127.5013245155088,0.6231260987551507,0.0
9r9uxw,2019-01,251.8418366516739,146.85824850009445,0.5831368229068954,0.0
9r9uxw,2019-02,252.8880199391112,212.836572325213,0.8416237842206147,0.0
9r9uxw,2019-03,449.65190799720966,326.9829611444555,0.7271913124996339,0.0
9r9uxw,2019-04,473.2979615124391,404.1042467913488,0.8538051706371617,0.0
9r9uxw,2019-05,541.3418221580578,464.67208821072467,0.8583709390091284,0.0
9r9uxw,2019-06,628.9095518332654,489.74629042971736,0.7787229324186786,0.0
9r9uxw,2019-07,639.4555977994196,540.7785848306643,0.8456859032772003,0.0
9r9uxw,2019-08,609.0398436403113,508.1838366686352,0.834401627373266,5.684341886080802e-14
9r9uxw,2019-09,472.81943662427784,433.300869939267,0.916419327075139,0.0
9r9uxw,2019-10,493.7347859318843,324.6956790006095,0.6576317655799212,0.0
9r9uxw,2019-11,323.0760637698749,170.24335710288003,0.5269451259135784,0.0
9r9uxw,2019-12,234.50687650979575,137.70460363161916,0.5872092353158225,0.0
9r9uxw,2020-01,263.08711641968057,163.22232051932556,0.6204116824137859,0.0
9r9uxw,2020-02,458.5292458140254,263.8418974800161,0.5754090930702108,0.0
9r9uxw,2020-03,476.7704561062006,363.9540156710272,0.7633736759686227,0.0
9r9uxw,2020-04,624.0215439552661,453.97890144768064,0.7275051732512375,5.684341886080802e-14
9r9uxw,2020-05,654.2621209561657,519.8627135783486,0.7945786511659878,0.0
9r9uxw,2020-06,672.2323014861198,544.7709512056875,0.8103909169514014,0.0
9r9uxw,2020-07,759.2535624984984,614.1654284994527,0.8089068775369327,0.0
9r9uxw,2020-08,681.833526276142,592.4254622703502,0.868871123873745,0.0
9r9uxw,2020-09,601.7503431165677,490.7976687742779,0.8156167659703408,0.0
9r9uxw,2020-10,569.5124504525703,364.829882788131,0.6406003635183292,0.0
9r9uxw,2020-11,358.24239675539536,189.11070390100204,0.5278847663307844,0.0
9r9uxw,2020-12,310.6773765756472,163.2865400040164,0.5255823317545543,0.0
9r9uxw,2021-01,314.17924052926304,193.23817353155417,0.6150571030919394,0.0
9r9uxw,2021-02,334.64149329119823,287.1549106235733,0.8580971468881683,0.0
9r9uxw,2021-03,583.9457895285902,414.67158319202713,0.7101199985135344,0.0
9r9uxw,2021-04,805.5925020210897,540.2185461284078,0.6705853701134191,0.0
9r9uxw,2021-05,793.9117617363987,609.3893384017405,0.7675781714946743,0.0
9r9uxw,2021-06,832.6450321772542,644.45508637008,0.7739853856870041,0.0
9r9uxw,2021-07,780.5678095258232,730.2741283080209,0.9355678256212556,0.0
9r9uxw,2021-08,831.0477412414796,697.7047705254452,0.8395483627488873,0.0
9r9uxw,2021-09,723.8861913117909,615.1394790940083,0.8497737441009654,0.0
9r9uxw,2021-10,515.1242942439598,437.05859102159934,0.8484526858960588,0.0
9r9uxw,2021-11,406.9003543200998,231.73052119117867,0.5695018908950894,2.842170943040401e-14
9r9uxw,2021-12,371.3262776626696,197.69882075163417,0.5324126856737921,2.842170943040401e-14
9r9uxw,2022-01,459.8718419564409,244.42589450694132,0.5315087209233684,2.842170943040401e-14
9r9uxw,2022-02,540.9169631291647,364.5856541418068,0.6740140890252465,5.684341886080802e-14
9r9uxw,2022-03,701.4927181801327,507.7200170399249,0.7237709015099857,0.0
9r9uxw,2022-04,963.6012545855448,724.1388175789284,0.7514921905019606,0.0
9r9uxw,2022-05,1029.1484754941482,833.6332592837289,0.8100223428727888,0.0
9r9uxw,2022-06,1071.2494402871437,877.6299951993516,0.8192582998821514,0.0
9r9uxw,2022-07,1187.8452798787532,1017.663060021175,0.8567303143428333,0.0
9r9uxw,2022-08,990.2747193811784,894.6167648977545,0.9034026087799146,0.0
9r9uxw,2022-09,887.0960971635368,796.1560311115283,0.8974856654845099,0.0
9r9uxw,2022-10,877.364599946267,578.4181241704324,0.6592676798287244,0.0
9r9uxw,2022-11,541.4165868839731,311.9162585719497,0.5761113828579362,0.0
9r9uxw,2022-12,489.22831529380363,268.37922988807594,0.5485766491804591,0.0
9r9uxw,2023-01,0.5835500437099683,,,
9rb6wg,2018-01,2756.6106126895434,3596.782088860714,1.304784242033894,0.0
9rb6wg,2018-02,4814.111037113692,5448.688245670803,1.1318160723059625,0.0
9rb6wg,2018-03,7104.13554891729,7863.3924881284975,1.106875345210287,0.0
9rb6wg,2018-04,8946.377060254172,9897.796136696086,1.1063468563904777,0.0
9rb6wg,2018-05,11853.53629590008,11708.239530157936,0.9877423275117992,0.0
9rb6wg,2018-06,14121.0382351788,12200.142167801674,0.8639692042903953,0.0
9rb6wg,2018-07,15792.261595947271,13896.352033788724,0.8799469252304503,0.0
9rb6wg,2018-08,13823.483672863358,12876.077158719654,0.9314639828451101,0.0
9rb6wg,2018-09,11753.063402325492,11358.279329218722,0.9664101128707723,0.0
9rb6wg,2018-10,8295.568544574853,8095.49600783908,0.9758819982427104,0.0
9rb6wg,2018-11,4835.950488076969,4290.429934600673,0.887194760405162,0.0
9rb6wg,2018-12,3618.9806994133464,3555.5374212450083,0.9824692963467248,0.0
9rb6wg,2019-01,4583.253277725496,4095.32999084312,0.8935421506697716,0.0
9rb6wg,2019-02,4071.0386809485217,5935.219891929564,1.4579129202837007,0.0
9rb6wg,2019-03,11337.59431163854,9118.33785944082,0.8042568475113318,0.0
9rb6wg,2019-04,9975.409296621414,11268.963495166676,1.1296742980745038,0.0
9rb6wg,2019-05,13863.311337716515,12957.975178056524,0.9346955328632824,0.0
9rb6wg,2019-06,16718.74304709089,13657.201359715908,0.8168796733850335,0.0
9rb6wg,2019-07,15495.927403625565,15080.302124543554,0.9731784185446837,0.0
9rb6wg,2019-08,14534.871647314701,14171.35590561973,0.9749900961965405,0.0
9rb6wg,2019-09,10703.966390168023,12083.148654190529,1.128847776025281,0.0
9rb6wg,2019-10,10062.038554198321,9054.55407298768,0.8998727270041839,0.0
9rb6wg,2019-11,6203.783660795193,4747.453637817227,0.7652513203867435,0.0
9rb6wg,2019-12,3904.727323917024,3840.068902424447,0.9834409893114598,0.0
9rb6wg,2020-01,3889.9788650519595,4551.66305757332,1.1700996883211914,0.0
9rb6wg,2020-02,8151.905899052181,7357.568584853243,0.9025580859205827,0.0
9rb6wg,2020-03,11880.998965439983,10149.322975647408,0.8542482837655523,0.0
9rb6wg,2020-04,13971.366100376625,12659.78199588499,0.9061234173474075,0.0
9rb6wg,2020-05,15039.307913530909,14497.036317555758,0.9639430485037634,0.0
9rb6wg,2020-06,15107.54270149104,15191.634364421494,1.0055662038884825,1.8189894035458565e-12
9rb6wg,2020-07,19436.75114570722,17126.788071908722,0.8811548773515745,0.0
9rb6wg,2020-08,19043.981384525265,16520.54132303848,0.8674940911495913,0.0
9rb6wg,2020-09,12776.41930094523,13686.52038884895,1.071232875695962,0.0
9rb6wg,2020-10,11185.072026391848,10173.7476498438,0.9095826674909409,0.0
9rb6wg,2020-11,6663.416329222936,5273.593721735886,0.7914249179670984,0.0
9rb6wg,2020-12,5439.234304614306,4553.453899996793,0.8371497981129306,0.0
9rb6wg,2021-01,5575.3577633166,5388.693488599055,0.966519767404755,0.0
9rb6wg,2021-02,6501.914288874353,8007.681757785904,1.2315883295306,0.0
9rb6wg,2021-03,14280.375723072155,11563.647179106963,0.8097579085698777,0.0
9rb6wg,2021-04,19445.17965614477,15064.684729424054,0.7747259215814724,0.0
9rb6wg,2021-05,19861.256674462024,16993.600694176126,0.8556155822721337,0.0
9rb6wg,2021-06,20373.371375655493,17971.453901420355,0.8821050561565263,0.0
9rb6wg,2021-07,23025.540411580205,20364.62758981312,0.884436466019758,0.0
9rb6wg,2021-08,21330.82147686833,19456.38941407731,0.9121256504432472,0.0
9rb6wg,2021-09,17604.157495984793,17153.950717883487,0.9744261105250853,0.0
9rb6wg,2021-10,10662.687974476881,12187.937510130678,1.1430455002814266,0.0
9rb6wg,2021-11,7449.842699849572,6462.101808515924,0.8674145305975933,0.0
9rb6wg,2021-12,5642.083139839917,5513.084338452838,0.9771363168195464,0.0
9rb6wg,2022-01,8105.10848631089,6816.128522139427,0.840966969615708,0.0
9rb6wg,2022-02,10924.791345644644,10166.937021839383,0.9306298582894773,0.0
9rb6wg,2022-03,14407.598556495861,14158.42170236456,0.9827051778855292,0.0
9rb6wg,2022-04,20529.884212209603,20193.536607259437,0.9836166828086574,0.0
9rb6wg,2022-05,24244.22054985413,23246.929082820698,0.9588647750096699,0.0
9rb6wg,2022-06,24542.91800190829,24473.83430560999,0.9971851881551768,0.0
9rb6wg,2022-07,30682.076930767194,28378.83532483516,0.924932017766294,0.0
9rb6wg,2022-08,27949.849864675893,24947.53209312902,0.8925819714208441,0.0
9rb6wg,2022-09,21407.360188424616,22201.82866745529,1.0371119312254231,0.0
9rb6wg,2022-10,18449.890761080387,16129.928794301728,0.8742560594628254,0.0
9rb6wg,2022-11,10968.975100398573,8698.183598182171,0.7929805217504879,0.0
9rb6wg,2022-12,6689.003118741129,7484.097899201834,1.1188659604946247,0.0
9rb6wg,2023-01,20.343235486025755,,,
9rcvn1,2018-01,198.51028055013126,207.1866965027752,1.0437076403730778,0.0
9rcvn1,2018-02,365.82167091198073,313.8626944874536,0.8579663793700488,0.0
9rcvn1,2018-03,523.7716520356156,452.9577474169779,0.8648000434093319,5.684341886080802e-14
9rcvn1,2018-04,639.6558838488583,570.1462122409403,0.8913327097224949,0.0
9rcvn1,2018-05,779.1439129459495,674.433816168441,0.8656087854404216,0.0
9rcvn1,2018-06,896.6136037680881,702.7690558289258,0.7838036952322432,0.0
9rcvn1,2018-07,979.3375626627428,800.4764259244516,0.817365182795622,0.0
9rcvn1,2018-08,879.9791785755185,741.7051754934033,0.8428667331584497,0.0
9rcvn1,2018-09,787.7950809753268,654.274936328431,0.8305141173494106,0.0
9rcvn1,2018-10,491.15100098723303,466.32768763227034,0.949458896948053,0.0
9rcvn1,2018-11,406.5547275111777,247.1431359379623,0.6078963524810259,0.0
9rcvn1,2018-12,251.8270421635943,204.8108654903494,0.8132997303653283,0.0
9rcvn1,2019-01,329.5939181274811,235.9047256488896,0.7157435640473373,2.842170943040401e-14
9rcvn1,2019-02,336.9481939800753,341.8885470528891,1.0146620553577028,5.684341886080802e-14
9rcvn1,2019-03,672.3570989607533,525.2468045102329,0.7812021399373854,0.0
9rcvn1,2019-04,710.5706790404535,649.1300451047052,0.913533395412942,0.0
9rcvn1,2019-05,887.8357953705276,746.4227757419914,0.8407216510463861,0.0
9rcvn1,2019-06,1015.6809505498901,786.7005460119565,0.7745547906417232,0.0
9rcvn1,2019-07,1014.3826829536633,868.6759170438463,0.8563591745419487,0.0
9rcvn1,2019-08,976.132872213832,816.317570125708,0.8362771025980623,0.0
9rcvn1,2019-09,715.4342530204511,696.0298375503385,0.9728774301926554,0.0
9rcvn1,2019-10,697.3200704205631,521.5726447532122,0.74796734939616,0.0
9rcvn1,2019-11,465.8481001603619,273.4692321410535,0.5870351989133699,0.0
9rcvn1,2019-12,338.9030671881332,221.2008319048236,0.6526964590203301,0.0
9rcvn1,2020-01,345.1467431275819,262.1910388769335,0.7596509139882447,0.0
9rcvn1,2020-02,620.2229579573142,423.8205962238861,0.6833358726670271,0.0
9rcvn1,2020-03,787.5942697386909,584.6350007070262,0.7423047921628444,0.0
9rcvn1,2020-04,992.1785331332173,729.2458495876077,0.7349945853844569,0.0
9rcvn1,2020-05,1016.3530541755438,835.077852788832,0.8216415047487996,0.0
9rcvn1,2020-06,1051.0774360305584,875.0890269917641,0.8325638026219814,0.0
9rcvn1,2020-07,1238.0700716139959,986.5603627507714,0.7968534135266296,0.0
9rcvn1,2020-08,1103.5110369050428,951.6385192637896,0.8623733587049552,0.0
9rcvn1,2020-09,879.1541905465134,788.3894203003257,0.8967589858273153,0.0
9rcvn1,2020-10,803.4588425364544,586.0419437563647,0.7293988350495687,0.0
9rcvn1,2020-11,475.9548107810999,303.77666339256115,0.638246859810129,0.0
9rcvn1,2020-12,425.29912754305036,262.294197399332,0.6167287455175454,0.0
9rcvn1,2021-01,465.9764078106224,310.4067955149587,0.6661427280694244,0.0
9rcvn1,2021-02,631.2488865334344,461.2692926767536,0.7307249208942918,0.0
9rcvn1,2021-03,959.8141625745686,666.1048124051605,0.6939935233070812,0.0
9rcvn1,2021-04,1223.4949953147388,867.7763027711861,0.7092601981162615,0.0
9rcvn1,2021-05,1317.8899641335051,978.8883236540064,0.7427693891709786,1.1368683772161603e-13
9rcvn1,2021-06,1289.3240541622754,1035.215943917971,0.8029136977441963,0.0
9rcvn1,2021-07,1354.182151694102,1173.0707648121984,0.8662577359660733,0.0
9rcvn1,2021-08,1329.6175523675151,1120.7532035534305,0.8429139654164605,0.0
9rcvn1,2021-09,1115.010601923467,988.1250221459612,0.8862023557815327,0.0
9rcvn1,2021-10,800.856397820052,702.0660266649872,0.8766440882235889,0.0
9rcvn1,2021-11,541.7637102414875,372.2387103509821,0.6870868301331207,0.0
9rcvn1,2021-12,470.72194111836257,317.57212514006847,0.6746490813357163,0.0
9rcvn1,2022-01,664.67430710395,392.63183494325375,0.5907131218205025,5.684341886080802e-14
9rcvn1,2022-02,879.0016212123552,585.6496287696675,0.6662668357333806,0.0
9rcvn1,2022-03,1030.592839827433,815.5725166923534,0.7913624907668837,0.0
9rcvn1,2022-04,1413.4222633791312,1163.215351111576,0.8229779459753418,0.0
9rcvn1,2022-05,1686.398865622189,1339.1009856895523,0.7940594677733593,0.0
9rcvn1,2022-06,1654.0334975477956,1409.774836301457,0.8523254446729968,0.0
9rcvn1,2022-07,1976.028322315907,1634.715975637898,0.8272735553314385,0.0
9rcvn1,2022-08,1651.838157357475,1437.0614156137524,0.8699771277306542,0.0
9rcvn1,2022-09,1420.414162173344,1278.8997009790232,0.9003709868832955,0.0
9rcvn1,2022-10,1260.168605569501,929.1379291690482,0.7373123922168716,0.0
9rcvn1,2022-11,718.3288269646388,501.0445116659319,0.6975141367820908,0.0
9rcvn1,2022-12,667.9775521981304,431.1091085671372,0.6453946051756915,5.684341886080802e-14
9rcvn1,2023-01,0.7464586730554864,,,
9rkf69,2018-01,3.4953627050499265,4.826203725094502,1.380744755936728,0.0
9rkf69,2018-02,4.71674091882132,5.143744768341672,1.0905294263283507,0.0
9rkf69,2018-03,6.648768574706506,6.95004574280729,1.04531322826409,8.881784197001252e-16
9rkf69,2018-04,7.9319928815569485,7.93696683849994,1.0006270753160351,8.881784197001252e-16
9rkf69,2018-05,8.67939756259414,8.792606721307175,1.0130434350882758,0.0
9rkf69,2018-06,10.032168113642042,9.157100383617257,0.9127738171736933,0.0
9rkf69,2018-07,10.151528343535675,8.788583423863146,0.865739928654149,0.0
9rkf69,2018-08,9.98273298445349,8.836567299455735,0.885185180573023,0.0
9rkf69,2018-09,9.283066101735585,8.39998543864521,0.9048718760146206,0.0
9rkf69,2018-10,7.254301460435397,7.704493712964563,1.062058663399156,0.0
9rkf69,2018-11,5.747938451203171,6.468550672121672,1.1253688130163713,8.881784197001252e-16
9rkf69,2018-12,4.122124401200567,5.841487420049588,1.417106048121269,0.0
9rkf69,2019-01,5.956074974475642,6.341495676730325,1.064710518908237,0.0
9rkf69,2019-02,5.233756611921683,6.678513641885468,1.2760458953465381,8.881784197001252e-16
9rkf69,2019-03,8.206836156688384,9.910062183805218,1.2075374717611176,0.0
9rkf69,2019-04,10.365575467740442,10.852759961972955,1.047000236093859,0.0
9rkf69,2019-05,11.002887351842638,12.061893915039768,1.0962480601075844,0.0
9rkf69,2019-06,13.929645207616336,12.434706224802786,0.8926793209351693,0.0
9rkf69,2019-07,13.782254177496002,12.50531792472201,0.907349245172172,0.0
9rkf69,2019-08,14.218278477620181,12.486918467086795,0.8782299830982648,0.0
9rkf69,2019-09,11.116157720006424,11.349876652715578,1.0210251544280013,0.0
9rkf69,2019-10,12.38365940776497,11.20146991892569,0.9045363369653071,0.0
9rkf69,2019-11,8.059441228876949,8.689144181654212,1.0781323338547393,0.0
9rkf69,2019-12,5.151501653624466,7.364891158893163,1.4296590885710794,0.0
9rkf69,2020-01,6.199512324861346,8.967006564278277,1.4464051516308303,0.0
9rkf69,2020-02,10.701029022449735,9.891492581379593,0.9243496640022364,0.0
9rkf69,2020-03,12.51980092133676,12.757646947298532,1.0189975884965092,0.0
9rkf69,2020-04,15.780015105431893,13.960472827035744,0.8846932486287788,0.0
9rkf69,2020-05,16.33436702149427,15.772790837689469,0.9656199604756139,0.0
9rkf69,2020-06,15.954208819652452,15.704811188128035,0.9843679097883432,0.0
9rkf69,2020-07,18.672875402400074,15.863337059452986,0.8495390622814325,1.7763568394002505e-15
9rkf69,2020-08,17.413583697458186,15.244614125907145,0.8754438139078954,0.0
9rkf69,2020-09,16.232472612847584,13.527523826150198,0.8333618758391442,0.0
9rkf69,2020-10,15.48256717014378,13.23589046148948,0.8548899104415489,0.0
9rkf69,2020-11,9.337579616331306,11.089072986778277,1.1875746652144878,0.0
9rkf69,2020-12,9.665464879978769,10.221336704871606,1.0575111318281525,0.0
9rkf69,2021-01,9.423581530344528,11.057154719595776,1.1733495045372122,0.0
9rkf69,2021-02,10.539600895785803,11.827873009210975,1.122231584114374,1.7763568394002505e-15
9rkf69,2021-03,18.20425922676822,16.051164191984107,0.8817257539588251,0.0
9rkf69,2021-04,20.726617577246767,17.55413927269208,0.8469369981507564,0.0
9rkf69,2021-05,21.33755279630062,19.433124310624144,0.9107475677338849,0.0
9rkf69,2021-06,22.381075318282647,19.01993377649976,0.8498221602856928,0.0
9rkf69,2021-07,20.437621819933515,18.837457249877662,0.9217049525549418,0.0
9rkf69,2021-08,21.470200365032678,18.880043774518803,0.8793603903793875,0.0
9rkf69,2021-09,20.58052799572459,16.95483523272569,0.823828972524315,0.0
9rkf69,2021-10,15.279130069629632,15.507246758791494,1.0149299526951008,0.0
9rkf69,2021-11,12.273149088306749,14.00139963402136,1.140815574982398,1.7763568394002505e-15
9rkf69,2021-12,9.824030180400587,12.624876877947118,1.2851015974212248,0.0
9rkf69,2022-01,16.14369405443433,14.775050682523933,0.9152211775510909,0.0
9rkf69,2022-02,18.40015352392425,15.390412450510118,0.8364284803656227,0.0
9rkf69,2022-03,20.379947971281968,20.464102340146663,1.004129272998306,0.0
9rkf69,2022-04,22.110367238513902,22.45122191457664,1.0154160567477597,0.0
9rkf69,2022-05,25.262004918658967,24.7794443619299,0.9808977728298739,0.0
9rkf69,2022-06,26.203567850368394,24.32572623422814,0.9283364148400175,0.0
9rkf69,2022-07,28.022547166662015,24.175165646491408,0.8627040754971848,0.0
9rkf69,2022-08,24.748806362322455,23.439749714390125,0.9471062713583942,0.0
9rkf69,2022-09,23.929798536991726,22.303943867596416,0.9320573189581186,0.0
9rkf69,2022-10,22.83681715821648,21.00403372864936,0.9197443576804354,0.0
9rkf69,2022-11,14.462910025512917,17.85616149915561,1.2346174779250454,0.0
9rkf69,2022-12,12.136550491869311,17.081722053424198,1.4074610462724004,0.0
9rkf69,2023-01,0.010456724846216271,,,
9rn2tf,2018-01,60.09080182850835,67.0306072929792,1.1154886480675725,0.0
9rn2tf,2018-02,72.68752511145112,71.44089956030099,0.9828495254276619,0.0
9rn2tf,2018-03,100.27378485812906,96.5284130945457,0.9626485449922684,0.0
9rn2tf,2018-04,108.27748332328812,110.2356505347214,1.0180847130107993,0.0
9rn2tf,2018-05,106.35592536316217,122.11953779593298,1.14821564834253,1.4210854715202004e-14
9rn2tf,2018-06,148.31297175372222,127.18194977246188,0.8575241145032885,1.4210854715202004e-14
9rn2tf,2018-07,115.57754518957975,122.06365866476592,1.0561191489622583,0.0
9rn2tf,2018-08,127.8314798474921,122.73010138132966,0.9600929405475976,0.0
9rn2tf,2018-09,130.31292012098936,116.66646442562792,0.8952793346761675,0.0
9rn2tf,2018-10,102.95056716826109,107.00685712450782,1.0394003653191846,0.0
9rn2tf,2018-11,87.90956702022247,89.84098155724544,1.0219704703650592,0.0
9rn2tf,2018-12,76.08648252102174,81.13176972291093,1.0663099020314843,0.0
9rn2tf,2019-01,95.89178233591365,88.07632884347674,0.9184971506206967,0.0
9rn2tf,2019-02,100.87336617740583,92.75713391507594,0.9195403844454255,0.0
9rn2tf,2019-03,128.2470732521234,137.63975255285027,1.0732389368626105,0.0
9rn2tf,2019-04,136.89716293159827,150.73277724962438,1.1010657490757436,0.0
9rn2tf,2019-05,158.83447652580605,167.52630437555234,1.054722551676834,0.0
9rn2tf,2019-06,185.6384577499638,172.70425312226092,0.9303258345039478,0.0
9rn2tf,2019-07,186.55582966221286,173.6849711766946,0.9310080070463471,0.0
9rn2tf,2019-08,191.07280142865702,173.4294231539833,0.9076614874395851,0.0
9rn2tf,2019-09,168.73414419464993,157.6371757321608,0.9342340074947263,0.0
9rn2tf,2019-10,182.6553821417232,155.57597109619013,0.8517458903865093,0.0
9rn2tf,2019-11,127.85081064810412,120.68255807853072,0.9439326779921384,0.0
9rn2tf,2019-12,95.95224583333855,102.29015498462726,1.0660527442192147,1.4210854715202004e-14
9rn2tf,2020-01,108.1195232408725,124.5417578371983,1.1518896319931025,0.0
9rn2tf,2020-02,157.07449087672072,137.3818414080499,0.8746285959053242,0.0
9rn2tf,2020-03,188.32439971892632,177.18954093470185,0.9408740513664549,0.0
9rn2tf,2020-04,220.37995594371807,193.895455931052,0.8798234626227539,0.0
9rn2tf,2020-05,237.75185561433204,219.0665394123537,0.9214083265356775,0.0
9rn2tf,2020-06,233.07956742760598,218.1223776128894,0.9358279664760308,0.0
9rn2tf,2020-07,248.30288567201637,220.32412582573593,0.8873200374995335,0.0
9rn2tf,2020-08,241.32865467413055,211.73075174871033,0.8773543781388635,0.0
9rn2tf,2020-09,228.29990734987462,187.8822753631972,0.8229625563328131,0.0
9rn2tf,2020-10,223.4440139182047,183.83181196513164,0.8227197889151161,0.0
9rn2tf,2020-11,171.4292970125108,154.0149025941427,0.8984164625192554,0.0
9rn2tf,2020-12,156.59602365536392,141.9630097898834,0.9065556485796546,0.0
9rn2tf,2021-01,158.76835500387065,153.57159332771914,0.9672682778880917,0.0
9rn2tf,2021-02,174.6439341059428,164.27601401681912,0.9406339524919641,0.0
9rn2tf,2021-03,252.77949099711526,222.9328359997793,0.8819261211437577,0.0
9rn2tf,2021-04,273.17974221570825,243.80748989850107,0.8924801228708451,0.0
9rn2tf,2021-05,289.82349708943616,269.9045043142242,0.9312719880366871,0.0
9rn2tf,2021-06,288.7405522915179,264.16574689582995,0.9148896640923623,0.0
9rn2tf,2021-07,256.3211832000853,261.6313506927453,1.0207168499550616,0.0
9rn2tf,2021-08,292.72285660839987,262.2228302016501,0.8958057913203811,0.0
9rn2tf,2021-09,285.8867847944811,235.4838226767457,0.8236960755147559,0.0
9rn2tf,2021-10,209.34497375378214,215.37842720543745,1.0288206272329778,2.842170943040401e-14
9rn2tf,2021-11,194.89956360099995,194.46388380585225,0.997764593275131,0.0
9rn2tf,2021-12,176.53499093450526,175.34551219370996,0.9932620794636878,0.0
9rn2tf,2022-01,243.8664594457248,205.20903725727683,0.8414811849226376,0.0
9rn2tf,2022-02,256.57844526722903,213.7557284793072,0.8331008797589309,0.0
9rn2tf,2022-03,293.83276839137136,284.2236436131481,0.967297300328926,0.0
9rn2tf,2022-04,328.0896087953569,311.82252659134224,0.9504187826498305,0.0
9rn2tf,2022-05,352.9649855354923,344.1589494712486,0.9750512475029673,0.0
9rn2tf,2022-06,356.42584499242923,337.85730880872416,0.9479035079958933,0.0
9rn2tf,2022-07,341.1481803011634,335.7661895346029,0.9842238913254373,0.0
9rn2tf,2022-08,303.1526205448183,325.55207936652954,1.0738883892260456,0.0
9rn2tf,2022-09,329.29992446760644,309.77699816106133,0.9407138451728809,0.0
9rn2tf,2022-10,317.4471748345502,291.72269067568556,0.9189645200897695,0.0
9rn2tf,2022-11,235.79786297487195,248.00224304382792,1.0517578060928252,2.842170943040401e-14
9rn2tf,2022-12,184.9093231754753,237.24613963089163,1.2830404414262537,0.0
9rn2tf,2023-01,0.02051665022983254,,,
9rwgcr,2018-01,385.5483510733656,322.9837709510213,0.8377257224725131,0.0
9rwgcr,2018-02,533.055458142466,457.1869879000313,0.8576724633740493,0.0
9rwgcr,2018-03,791.8050065391368,742.8181384770595,0.9381326618832688,0.0
9rwgcr,2018-04,1007.3023169123302,921.0062422321886,0.9143295183270661,0.0
9rwgcr,2018-05,1127.9176293001974,1087.8421276317108,0.9644694784198462,0.0
9rwgcr,2018-06,1378.102010974965,1163.8050524030175,0.8444984791653131,0.0
9rwgcr,2018-07,1453.8985424599746,1302.4419030935435,0.8958272293813785,0.0
9rwgcr,2018-08,1370.6043164870052,1325.553996061528,0.9671310531540236,0.0
9rwgcr,2018-09,1287.213331188593,1237.243682348338,0.9611799787731271,0.0
9rwgcr,2018-10,1043.443918985803,1120.173930556139,1.0735353478746759,0.0
9rwgcr,2018-11,939.9938617945903,750.8171940133934,0.7987469115808585,0.0
9rwgcr,2018-12,663.6080317065191,555.7809514190462,0.8375139010747245,0.0
9rwgcr,2019-01,823.32387664845,609.7545736911371,0.7406011060596212,0.0
9rwgcr,2019-02,673.7324313747318,862.559642265171,1.2802703300257383,1.1368683772161603e-13
9rwgcr,2019-03,1568.440272363551,1386.274610411405,0.8838555314078792,0.0
9rwgcr,2019-04,1847.3828334566058,1674.7907638242625,0.906574822225987,0.0
9rwgcr,2019-05,1949.2188222412344,1946.853209796383,0.9987863792315881,0.0
9rwgcr,2019-06,2409.2723484751673,2034.4404543826008,0.8444211197917088,0.0
9rwgcr,2019-07,2328.892210678282,2259.9923962367866,0.9704151982107284,0.0
9rwgcr,2019-08,2472.3892336245954,2269.226653537349,0.9178274288998566,0.0
9rwgcr,2019-09,2045.7680016429588,2094.1358115935936,1.0236428617085567,0.0
9rwgcr,2019-10,2064.5027035511825,1892.5631827897184,0.9167162530396747,0.0
9rwgcr,2019-11,1519.4001202113682,1255.7462509595578,0.8264750240936319,0.0
9rwgcr,2019-12,839.173223824858,934.2129163414248,1.1132539621359538,0.0
9rwgcr,2020-01,1145.3605081930436,1017.2369235748909,0.8881368934046062,0.0
9rwgcr,2020-02,2031.3043048540967,1454.9721286599818,0.7162748216419935,0.0
9rwgcr,2020-03,2590.444983817496,2219.3133933815566,0.8567305645345114,0.0
9rwgcr,2020-04,3265.053243040579,2643.237878955044,0.8095542958109712,0.0
9rwgcr,2020-05,3483.525261310725,2992.8485795859106,0.8591436418806991,0.0
9rwgcr,2020-06,3338.4953686165018,3083.282805540375,0.9235546152092197,0.0
9rwgcr,2020-07,3826.040113648188,3348.792003608649,0.8752631713564353,0.0
9rwgcr,2020-08,3382.285121747397,3283.665197098206,0.9708422202448028,0.0
9rwgcr,2020-09,3270.9815075484826,3024.7042876119212,0.9247084646097129,0.0
9rwgcr,2020-10,2946.7261628018387,2675.0003517301143,0.907787220101457,0.0
9rwgcr,2020-11,1849.9027971370817,1778.2683368880898,0.9612766355292539,0.0
9rwgcr,2020-12,1835.1866044170574,1287.0227101924934,0.7013034571496957,0.0
9rwgcr,2021-01,1684.3846918863546,1392.5607161778066,0.8267474306111555,0.0
9rwgcr,2021-02,2554.0235799031316,1915.222985604206,0.7498846137030756,0.0
9rwgcr,2021-03,3907.1023682728032,2986.007029771355,0.764251035247732,0.0
9rwgcr,2021-04,4291.989886293512,3546.188222164736,0.826234058353563,0.0
9rwgcr,2021-05,4723.541965091769,4006.836816722014,0.8482695499126722,4.547473508864641e-13
9rwgcr,2021-06,4962.540575207853,4136.159069097869,0.8334761210339582,0.0
9rwgcr,2021-07,4454.796501305013,4488.965556734366,1.0076701720088321,0.0
9rwgcr,2021-08,4537.794955949097,4425.89554630938,0.9753405760449763,0.0
9rwgcr,2021-09,4502.2970783942865,4069.5517397019303,0.9038834330215517,4.547473508864641e-13
9rwgcr,2021-10,3378.370936267239,3864.5049406254343,1.143895982273434,0.0
9rwgcr,2021-11,2995.368685982297,2676.4355794759695,0.8935245908128545,0.0
9rwgcr,2021-12,2355.0232131928706,1914.050601916852,0.8127523292315404,0.0
9rwgcr,2022-01,3288.184783705654,2092.81035017154,0.6364637293324573,0.0
9rwgcr,2022-02,4134.063338587691,2890.208470673259,0.699120510248552,0.0
9rwgcr,2022-03,5566.1871696246935,4496.394951499885,0.8078052021026557,0.0
9rwgcr,2022-04,5992.347914548801,5351.021993141626,0.8929758534463424,0.0
9rwgcr,2022-05,6677.282570349142,6086.812441923707,0.9115702949209532,0.0
9rwgcr,2022-06,7341.314856894491,6392.141357679858,0.8707079702046521,0.0
9rwgcr,2022-07,7570.210162842007,6875.544312788392,0.9082369134923959,0.0
9rwgcr,2022-08,6707.1480981467885,6778.339951254134,1.010614325502521,0.0
9rwgcr,2022-09,6359.373419611417,6236.502959793957,0.980678841811908,0.0
9rwgcr,2022-10,6347.938642435624,5555.25843902644,0.875127935530101,0.0
9rwgcr,2022-11,3942.4914208382484,3649.1734998787415,0.9256008727351543,0.0
9rwgcr,2022-12,3425.493430587232,2650.754227163815,0.7738313562345371,0.0
9rwgcr,2023-01,1.5865956561205885,,,
9rx7st,2018-01,155.03672576973182,653.9152290489787,4.217808559890551,0.0
9rx7st,2018-02,184.9903185276693,925.6240120999686,5.003634890014644,0.0
9rx7st,2018-03,295.34400301746814,1503.9148615229406,5.092078546230009,0.0
9rx7st,2018-04,367.47444156312605,1864.6757577678113,5.07430054138198,0.0
9rx7st,2018-05,435.2046424880372,2202.4528723682897,5.06072926928584,0.0
9rx7st,2018-06,533.5031091592253,2356.2479475969826,4.416558979966046,0.0
9rx7st,2018-07,549.2081549329882,2636.9330969064567,4.801336384431878,0.0
9rx7st,2018-08,522.6191787756907,2683.7260039384723,5.135146418134673,0.0
9rx7st,2018-09,505.5088930356813,2504.932317651662,4.955268546531488,0.0
9rx7st,2018-10,387.36786968383086,2267.9120694438607,5.8546726430742115,0.0
9rx7st,2018-11,355.2774863183984,1520.1098059866067,4.2786550359239195,0.0
9rx7st,2018-12,245.4001997124145,1125.2380485809538,4.585318389714535,0.0
9rx7st,2019-01,325.70822815775153,1234.513426308863,3.790243290111008,0.0
9rx7st,2019-02,273.6919869883201,1746.344357734829,6.3806923138358265,0.0
9rx7st,2019-03,591.6080607218267,2806.6613895885944,4.744122969122766,0.0
9rx7st,2019-04,641.1518096383794,3390.7932361757375,5.288596530809455,0.0
9rx7st,2019-05,712.9205289618604,3941.6127902036174,5.5288249251895,4.547473508864641e-13
9rx7st,2019-06,923.027090049155,4118.942545617399,4.462428665444747,0.0
9rx7st,2019-07,906.3918309228608,4575.596603763213,5.048144133320883,0.0
9rx7st,2019-08,944.5503922682134,4594.292346462651,4.863999193764626,0.0
9rx7st,2019-09,763.1321202654052,4239.8021884064065,5.555790505753933,0.0
9rx7st,2019-10,758.5657437942132,3831.6968172102816,5.051238931572106,0.0
9rx7st,2019-11,561.6978918108408,2542.3927490404426,4.526263648318315,0.0
9rx7st,2019-12,300.2080749169934,1891.4140836585752,6.300343800484199,0.0
9rx7st,2020-01,455.61409043621893,2059.505076425109,4.520283985188596,0.0
9rx7st,2020-02,754.1628578549048,2945.746871340018,3.9059824289394496,0.0
9rx7st,2020-03,928.3427214968508,4493.237606618444,4.840063375919608,0.0
9rx7st,2020-04,1174.8922737272326,5351.518121044956,4.554901109416424,0.0
9rx7st,2020-05,1270.0657138329873,6059.34242041409,4.770888903163391,0.0
9rx7st,2020-06,1250.6884069823225,6242.436194459624,4.991200173927778,0.0
9rx7st,2020-07,1451.7494750482824,6779.987996391352,4.6702190101813965,0.0
9rx7st,2020-08,1323.4707030987586,6648.131802901795,5.023255737611674,0.0
9rx7st,2020-09,1258.064134368873,6123.837712388078,4.86766735104502,0.0
9rx7st,2020-10,1116.4330248779095,5415.824648269886,4.8510072056155344,0.0
9rx7st,2020-11,681.0873178533151,3600.2946631119103,5.286098520318214,0.0
9rx7st,2020-12,681.880207387377,2605.7152898075065,3.821368125335828,0.0
9rx7st,2021-01,619.1922744905014,2819.388283822193,4.553332462266441,0.0
9rx7st,2021-02,931.1767051598297,3877.5740143957937,4.16416561207922,4.547473508864641e-13
9rx7st,2021-03,1423.634901057088,6045.490970228645,4.246517815585795,0.0
9rx7st,2021-04,1610.7822819299904,7179.637777835263,4.457236622464483,0.0
9rx7st,2021-05,1771.2252841750928,8112.270183277986,4.580032961225532,9.094947017729282e-13
9rx7st,2021-06,1867.4993526804328,8374.09693090213,4.484123070180848,0.0
9rx7st,2021-07,1715.0598925544114,9088.391443265633,5.299168549577226,0.0
9rx7st,2021-08,1674.4399754498604,8960.69945369062,5.35146053908753,0.0
9rx7st,2021-09,1689.8422491404265,8239.24326029807,4.87574699028216,0.0
9rx7st,2021-10,1210.2772144219307,7824.104059374566,6.464720616186781,9.094947017729282e-13
9rx7st,2021-11,1084.6576568099592,5418.730420524031,4.9957978782548125,0.0
9rx7st,2021-12,838.5335272873269,3875.200398083148,4.6214018545203555,0.0
9rx7st,2022-01,1276.4171473568542,4237.11864982846,3.3195406835472947,0.0
9rx7st,2022-02,1458.542499002909,5851.536529326742,4.011906772224312,0.0
9rx7st,2022-03,2078.3009012788975,9103.433048500116,4.380228600631531,0.0
9rx7st,2022-04,2181.662920664945,10833.717006858373,4.965807001732598,0.0
9rx7st,2022-05,2504.608112935962,12323.403558076294,4.92029211852648,0.0
9rx7st,2022-06,2794.9949304483407,12941.574642320144,4.630267662147139,0.0
9rx7st,2022-07,2859.683219810199,13920.275687211608,4.867768426509674,0.0
9rx7st,2022-08,2582.4758663765488,13723.475048745866,5.314076784772112,0.0
9rx7st,2022-09,2409.4194990562987,12626.468040206044,5.240460635913121,0.0
9rx7st,2022-10,2308.5139737840677,11247.21556097356,4.872058687406323,0.0
9rx7st,2022-11,1478.5167151363273,7388.142500121259,4.996996262866079,0.0
9rx7st,2022-12,1338.0679680369972,5366.735772836185,4.010809541094848,0.0
9rx7st,2023-01,0.0,,,
9w01f3,2018-01,46275.23608526614,42747.48344484296,0.9237658640158424,0.0
9w01f3,2018-02,47156.56628713546,43258.531394351274,0.9173384493466059,0.0
9w01f3,2018-03,62118.64545727615,57503.62742610281,0.9257063962486521,0.0
9w01f3,2018-04,68757.31251178565,63318.97940018348,0.9209053857265002,0.0
9w01f3,2018-05,76009.787491755,69005.25348731509,0.9078469466159247,0.0
9w01f3,2018-06,71858.49920704952,66879.4238792257,0.930710001144369,0.0
9w01f3,2018-07,67877.71337611006,63072.873154131994,0.9292132869097333,0.0
9w01f3,2018-08,69539.44362233464,61747.668723644456,0.8879517221764537,0.0
9w01f3,2018-09,65938.35065799872,59030.79944190923,0.8952422809008863,0.0
9w01f3,2018-10,54673.88734175074,54307.65827726705,0.9933015726100743,0.0
9w01f3,2018-11,56471.252493897504,50001.633793382294,0.885435183127657,0.0
9w01f3,2018-12,44214.55789426041,44620.85744793537,1.0091892709782744,0.0
9w01f3,2019-01,49376.13423141214,47719.29063842166,0.966444444896692,0.0
9w01f3,2019-02,49417.33204468649,47421.22443789239,0.9596071353065139,0.0
9w01f3,2019-03,70308.9756388552,65739.02569374355,0.9350018983552628,0.0
9w01f3,2019-04,76338.58037480274,72444.40767610472,0.9489881436152121,0.0
9w01f3,2019-05,80859.29417883541,79745.37574984999,0.9862239902005355,0.0
9w01f3,2019-06,81983.2696464923,77437.48933736565,0.9445523418530656,0.0
9w01f3,2019-07,79332.17599512829,73414.90385104023,0.9254114478789611,0.0
9w01f3,2019-08,78681.93905946448,71321.44965164873,0.9064526180239024,0.0
9w01f3,2019-09,71726.07154029782,66345.5842002319,0.9249856122812607,0.0
9w01f3,2019-10,79976.94637080481,63730.87244198504,0.7968655385578672,0.0
9w01f3,2019-11,55851.49526973805,52345.051805391086,0.9372184496151376,0.0
9w01f3,2019-12,46461.0392059974,49189.72338471086,1.0587305885822982,0.0
9w01f3,2020-01,63620.40493448604,55696.15530773331,0.8754448414009179,0.0
9w01f3,2020-02,68598.00523612743,59197.81782005857,0.8629670442498784,0.0
9w01f3,2020-03,74915.55579530107,72529.15813920769,0.9681454988785778,0.0
9w01f3,2020-04,91488.2929044484,82705.76644561812,0.9040038219097293,0.0
9w01f3,2020-05,99346.41342683468,88710.0043932282,0.8929361547466448,0.0
9w01f3,2020-06,95989.13937846062,85720.83462864961,0.8930263901072629,0.0
9w01f3,2020-07,91163.67486045092,80446.24245490826,0.8824374684110925,0.0
9w01f3,2020-08,89792.78606108036,77978.4948577769,0.8684271674645784,0.0
9w01f3,2020-09,86979.2131713793,73329.54535004088,0.8430697712286287,0.0
9w01f3,2020-10,84992.27472295785,70378.34858089537,0.828055829901032,0.0
9w01f3,2020-11,69869.75069521976,61600.38190583261,0.8816459382335694,0.0
9w01f3,2020-12,66940.16043614269,60091.60996963423,0.8976914542497757,0.0
9w01f3,2021-01,64091.05981022603,64347.80904306392,1.004006006978167,0.0
9w01f3,2021-02,77936.17309447713,66624.96344893327,0.8548657292701299,0.0
9w01f3,2021-03,94492.25843460191,85687.77215800308,0.9068231998847565,0.0
9w01f3,2021-04,106975.25064595664,94818.15747853035,0.8863560207242591,0.0
9w01f3,2021-05,115555.30993353491,103315.22376643687,0.8940759522505864,0.0
9w01f3,2021-06,104613.69215939888,98846.901175056,0.9448753708495817,0.0
9w01f3,2021-07,93363.22673042913,88766.16335781832,0.950761519994547,0.0
9w01f3,2021-08,102241.40923367797,90712.12706608596,0.8872347099476959,0.0
9w01f3,2021-09,91334.45097423343,84402.44893015755,0.9241030961468035,0.0
9w01f3,2021-10,98518.66605896021,82600.12888179094,0.8384211052183497,0.0
9w01f3,2021-11,84465.78029018696,74505.69550778186,0.8820814210419099,0.0
9w01f3,2021-12,62873.00142180525,70501.18595334826,1.1213268709786368,0.0
9w01f3,2022-01,90935.91779954096,81242.25501349036,0.8934011662210383,0.0
9w01f3,2022-02,96707.678604968,83276.54793071409,0.8611161919301419,0.0
9w01f3,2022-03,115686.60047601769,107423.59299262396,0.9285742043642584,0.0
9w01f3,2022-04,125412.96902217514,110374.72654252766,0.8800902123847457,0.0
9w01f3,2022-05,134869.0229066292,119582.4161730079,0.8866559095322851,0.0
9w01f3,2022-06,123215.9261160348,112595.95428470011,0.9138100717488935,0.0
9w01f3,2022-07,114824.57134894838,106698.85088485044,0.9292336094214181,0.0
9w01f3,2022-08,113606.09474308166,104170.84103649124,0.9169476450367554,0.0
9w01f3,2022-09,109768.44942880872,98926.8767961791,0.9012323423620827,0.0
9w01f3,2022-10,107899.52136890781,100304.43481038584,0.9296096362415324,0.0
9w01f3,2022-11,100472.43994421474,88013.24097480763,0.8759938648217878,0.0
9w01f3,2022-12,72105.42692772807,78417.49076386927,1.0875393726254174,0.0
9w01f3,2023-01,7.868102664119652,,,
9w1wf0,2018-01,1734.2799790433005,1515.310757799043,0.8737405586812748,0.0
9w1wf0,2018-02,1829.6227046058668,1533.4263611804745,0.838110697533567,0.0
9w1wf0,2018-03,2259.925808756197,2038.3858470563064,0.9019702501553268,0.0
9w1wf0,2018-04,2473.459734288464,2244.5281669447404,0.9074447971923101,0.0
9w1wf0,2018-05,2709.8234092271423,2446.094940042443,0.9026768798709595,0.0
9w1wf0,2018-06,2566.7615966753583,2370.7386333129016,0.923630241462098,0.0
9w1wf0,2018-07,2449.6419677418185,2235.804204452667,0.9127065236042327,0.0
9w1wf0,2018-08,2330.682691992162,2188.828420898255,0.9391361717400252,0.0
9w1wf0,2018-09,2352.4215375608132,2092.5209679587347,0.8895178583207646,0.0
9w1wf0,2018-10,1775.7894534532818,1925.095284839388,1.0840785663501713,0.0
9w1wf0,2018-11,2080.263187768671,1772.4555339591802,0.8520342735384118,0.0
9w1wf0,2018-12,1550.9749209943507,1581.7180302629251,1.0198217965051715,0.0
9w1wf0,2019-01,1817.46181181509,1691.551142472292,0.930721697411044,0.0
9w1wf0,2019-02,1765.258000823834,1680.9853059878806,0.9522604090752604,0.0
9w1wf0,2019-03,2512.187953818996,2330.313852732185,0.9276033065876585,0.0
9w1wf0,2019-04,2588.6856954320338,2568.005913976776,0.9920114745904652,0.0
9w1wf0,2019-05,2812.9127629243812,2826.810282630862,1.0049406152546416,4.547473508864641e-13
9w1wf0,2019-06,2858.337891543344,2745.0004349674746,0.9603484749262189,0.0
9w1wf0,2019-07,2740.6404701851825,2602.408016177251,0.9495619890636033,0.0
9w1wf0,2019-08,2715.2064898548997,2528.199351393728,0.9311259975401852,0.0
9w1wf0,2019-09,2546.86614286936,2351.815109789861,0.9234152789593606,0.0
9w1wf0,2019-10,2926.9279853191497,2259.128931878887,0.7718430187589852,0.0
9w1wf0,2019-11,2135.6845234324455,1855.5249040707292,0.8688197548430762,0.0
9w1wf0,2019-12,1749.0635629181527,1743.674972450424,0.9969191568665817,0.0
9w1wf0,2020-01,2169.6859558992187,1974.3146614642685,0.9099541139104718,0.0
9w1wf0,2020-02,2418.779812843817,2098.441427475057,0.8675619898645794,0.0
9w1wf0,2020-03,2888.893868335216,2571.010144357591,0.889963515980318,0.0
9w1wf0,2020-04,3363.707152937917,2931.7500710601335,0.8715830296045525,0.0
9w1wf0,2020-05,3573.5074316567907,3144.5880119447315,0.8799724282332894,0.0
9w1wf0,2020-06,3438.333790314664,3038.628064454536,0.8837501678906083,0.0
9w1wf0,2020-07,3017.396062949228,2851.6545722211085,0.9450713505054016,0.0
9w1wf0,2020-08,3178.5418851174422,2764.1779728958904,0.8696371080835257,0.0
9w1wf0,2020-09,3177.2662489298327,2599.3822320980353,0.8181191088324938,0.0
9w1wf0,2020-10,3069.1169535856457,2494.7683495419274,0.8128619362736543,0.0
9w1wf0,2020-11,2445.817443837288,2183.60740479329,0.8927924732466491,0.0
9w1wf0,2020-12,2468.2417075574863,2130.124529036717,0.8630129385280657,0.0
9w1wf0,2021-01,2378.4912068790877,2280.998071139471,0.959010512438454,0.0
9w1wf0,2021-02,2687.2197303806424,2361.718532095626,0.8788706429157881,0.0
9w1wf0,2021-03,3331.1096143038408,3037.456067569274,0.9118451264786924,0.0
9w1wf0,2021-04,3833.7141575165497,3361.1095316824826,0.8767240836389804,0.0
9w1wf0,2021-05,4183.084765401417,3662.313132881833,0.8755053598657809,0.0
9w1wf0,2021-06,3778.554661748419,3503.9202464146706,0.9273176015914325,0.0
9w1wf0,2021-07,3517.366551570552,3146.5787322476017,0.8945836852979145,0.0
9w1wf0,2021-08,3599.701028156962,3215.5591611242917,0.89328506339057,0.0
9w1wf0,2021-09,3426.1415710462943,2991.8939909872374,0.8732546303022605,0.0
9w1wf0,2021-10,3549.690346158804,2928.0054357273534,0.8248622133746992,0.0
9w1wf0,2021-11,3064.035291531153,2641.07434688911,0.8619595062070314,0.0
9w1wf0,2021-12,2402.1595958054118,2499.1226828719305,1.040364964607611,0.0
9w1wf0,2022-01,3179.8000189510667,2879.8715874968484,0.9056769514854092,0.0
9w1wf0,2022-02,3427.551136216481,2951.983105966959,0.8612513682948345,0.0
9w1wf0,2022-03,4189.767967052903,3807.946409598216,0.9088680899617309,0.0
9w1wf0,2022-04,4509.9503263060515,3912.558051161651,0.8675390565479455,0.0
9w1wf0,2022-05,4931.609129777999,4238.951794773349,0.859547397862038,0.0
9w1wf0,2022-06,4103.738450902359,3991.2960264059375,0.9726000022073297,0.0
9w1wf0,2022-07,4011.607836649868,3782.255785869309,0.9428278984089099,0.0
9w1wf0,2022-08,4021.2719610315085,3692.6430131318584,0.9182773632113774,0.0
9w1wf0,2022-09,3946.6577836806277,3506.75521842433,0.8885379504969272,0.0
9w1wf0,2022-10,3773.553470800663,3555.5868293216863,0.9422383588398632,0.0
9w1wf0,2022-11,3603.880054487175,3119.889175463846,0.8657028336942807,0.0
9w1wf0,2022-12,2652.411763114741,2779.739478872958,1.048004505759202,4.547473508864641e-13
9w1wf0,2023-01,0.1873461425444015,,,
9w1zzg,2018-01,42901.55492394008,37763.05712050104,0.8802258376753698,0.0
9w1zzg,2018-02,43934.78305155533,38214.51604517665,0.8698009502023437,0.0
9w1zzg,2018-03,56627.20423977844,50798.61063470161,0.8970707863238908,0.0
9w1zzg,2018-04,62871.528510917655,55935.88307920431,0.889685433200356,0.0
9w1zzg,2018-05,68294.15482422551,60959.12832900346,0.8925965697342498,7.275957614183426e-12
9w1zzg,2018-06,65707.75223756608,59081.17392211272,0.899150738081939,0.0
9w1zzg,2018-07,61374.63459085915,55718.473223034736,0.907842035956222,0.0
9w1zzg,2018-08,61304.99349777434,54547.78979158986,0.8897772706487637,0.0
9w1zzg,2018-09,61034.306608681276,52147.71190144965,0.8544000054885913,0.0
9w1zzg,2018-10,43596.07646314392,47975.29670375244,1.1004498706279384,0.0
9w1zzg,2018-11,52242.30558286721,44171.36170119189,0.8455094239883209,0.0
9w1zzg,2018-12,41064.750677175514,39417.99265789055,0.9598985019480403,0.0
9w1zzg,2019-01,45160.542333132165,42155.143482391446,0.933450780361072,0.0
9w1zzg,2019-02,46133.442546207945,41891.83228722364,0.9080577987490128,0.0
9w1zzg,2019-03,63366.449527445664,58073.74802594167,0.9164747032384766,0.0
9w1zzg,2019-04,66034.02365657955,63997.27152742235,0.969156019633914,0.0
9w1zzg,2019-05,71753.31659887188,70446.93481016369,0.9817934298980023,0.0
9w1zzg,2019-06,72663.97975694403,68408.1517193479,0.9414313934932881,0.0
9w1zzg,2019-07,70982.73632732287,64854.60626471994,0.9136673171580162,0.0
9w1zzg,2019-08,69511.13706349702,63005.25224104322,0.9064051445955947,0.0
9w1zzg,2019-09,63831.26605210607,58609.580820800824,0.9181954933019387,0.0
9w1zzg,2019-10,73776.52147575376,56299.748720211195,0.7631119981539627,0.0
9w1zzg,2019-11,52422.559951303716,46241.53334904768,0.8820922402874314,0.0
9w1zzg,2019-12,44082.99959069945,43454.12137103422,0.9857342234987586,0.0
9w1zzg,2020-01,53903.77270949512,49201.89271473866,0.9127727103611761,0.0
9w1zzg,2020-02,60729.76633084066,52295.255664168806,0.8611140602662171,0.0
9w1zzg,2020-03,70092.15487425622,64072.139948233045,0.9141128570405213,0.0
9w1zzg,2020-04,85757.817413218,73062.13912008614,0.8519589388340117,0.0
9w1zzg,2020-05,90926.51178311251,78366.27312538355,0.8618638457429341,0.0
9w1zzg,2020-06,86215.7811367879,75725.64543303517,0.8783269656037874,0.0
9w1zzg,2020-07,78367.30273895178,71066.07931374888,0.9068332943712009,0.0
9w1zzg,2020-08,81001.33269083184,68886.07511327486,0.8504313796440999,0.0
9w1zzg,2020-09,80750.54510546655,64779.20070422377,0.8022137883975526,0.0
9w1zzg,2020-10,77372.78299250072,62172.11829407724,0.8035398998133906,0.0
9w1zzg,2020-11,60315.40896504317,54417.6768570752,0.9022184843115945,0.0
9w1zzg,2020-12,60409.084092491226,53084.83019062793,0.8787557531802789,0.0
9w1zzg,2021-01,57798.40860781131,56844.749506896806,0.9835002533134516,0.0
9w1zzg,2021-02,68230.06168178873,58856.38399321693,0.8626166024546665,0.0
9w1zzg,2021-03,84157.01044255334,75696.43810041685,0.8994668144977443,0.0
9w1zzg,2021-04,96911.87663676856,83762.20559375103,0.8643131110513599,0.0
9w1zzg,2021-05,103203.1659957774,91268.50008710811,0.8843575602209957,0.0
9w1zzg,2021-06,95086.99808893794,87321.191201221,0.918329455721661,0.0
9w1zzg,2021-07,88408.03498096806,78415.88386306314,0.886976889373732,0.0
9w1zzg,2021-08,92567.3540266192,80134.94502755371,0.8656933739783644,0.0
9w1zzg,2021-09,84836.03632620684,74560.9856583084,0.8788834189708088,0.0
9w1zzg,2021-10,88290.69189660261,72968.81906857893,0.8264610628947482,0.0
9w1zzg,2021-11,77960.46601725096,65818.20983434877,0.844251108244846,0.0
9w1zzg,2021-12,57092.559218431605,62280.63262845803,1.0908712708109172,0.0
9w1zzg,2022-01,79092.00282418632,71769.27550907948,0.907415072907124,0.0
9w1zzg,2022-02,86014.09791112848,73566.36655262765,0.8552826610893242,0.0
9w1zzg,2022-03,104255.07868688651,94897.8267575493,0.9102465601945375,0.0
9w1zzg,2022-04,113458.21178815744,97504.85331992076,0.8593900060929581,0.0
9w1zzg,2022-05,123451.86900437149,105638.91131452346,0.8557092911309648,0.0
9w1zzg,2022-06,108992.07506674044,99467.0822827913,0.9126083912237053,0.0
9w1zzg,2022-07,102447.79112396465,94257.59076216498,0.920054885791639,0.0
9w1zzg,2022-08,101572.14132893387,92024.35098729128,0.9059999108345784,0.0
9w1zzg,2022-09,98462.74237819832,87391.84153441818,0.887562538109527,0.0
9w1zzg,2022-10,93526.53492670815,88608.77403629084,0.9474185492462529,0.0
9w1zzg,2022-11,89685.06528358528,77750.75345851843,0.866930889916505,0.0
9w1zzg,2022-12,62763.18510039915,69273.88338037021,1.1037343511097506,0.0
9w1zzg,2023-01,4.436477192676537,,,
9w3h8n,2018-01,1459.1846656143011,1297.2010367815458,0.8889903158593282,0.0
9w3h8n,2018-02,1543.9465104087608,1312.709129341021,0.8502296682502819,0.0
9w3h8n,2018-03,1893.8575588841027,1744.986116249125,0.9213924817436134,0.0
9w3h8n,2018-04,2103.648274748749,1921.4568696622623,0.9133926487267712,0.0
9w3h8n,2018-05,2358.0370161928804,2094.0106680810327,0.8880312962439725,0.0
9w3h8n,2018-06,2265.5314525591557,2029.5009437789547,0.8958167150963278,0.0
9w3h8n,2018-07,2145.268447140645,1913.9886106722724,0.8921907247661067,0.0
9w3h8n,2018-08,2089.0055698487727,1873.7743940063012,0.896969553863826,0.0
9w3h8n,2018-09,2064.677006392462,1791.3291746610664,0.8676074606899379,0.0
9w3h8n,2018-10,1653.505044835697,1648.002290318391,0.9966720666897919,0.0
9w3h8n,2018-11,1778.7974068511153,1517.3330912271897,0.8530106269455507,0.0
9w3h8n,2018-12,1432.4129379708386,1354.049826540753,0.9452929323990223,0.0
9w3h8n,2019-01,1506.4729425895584,1448.0738584415608,0.9612345615397431,0.0
9w3h8n,2019-02,1465.2465431214594,1439.028839806604,0.9821069679789157,0.0
9w3h8n,2019-03,2111.0273673830966,1994.8947964846936,0.9449876526033081,0.0
9w3h8n,2019-04,2285.946487635529,2198.3741070447763,0.9616909752417987,0.0
9w3h8n,2019-05,2372.704407965404,2419.926876741536,1.0199023816947455,4.547473508864641e-13
9w3h8n,2019-06,2588.1149107010488,2349.892516685894,0.9079552484203157,0.0
9w3h8n,2019-07,2532.718478094687,2227.8244639515933,0.8796178822162426,0.0
9w3h8n,2019-08,2440.985346104471,2164.297193126182,0.886648990572659,0.0
9w3h8n,2019-09,2337.725944222809,2013.3012209120077,0.8612220888797731,0.0
9w3h8n,2019-10,2545.7325339111912,1933.9560400884584,0.7596854792585706,2.2737367544323206e-13
9w3h8n,2019-11,1788.2188952682684,1588.445681485578,0.8882836914925225,0.0
9w3h8n,2019-12,1458.9071055754202,1492.6951256903114,1.0231598159922353,0.0
9w3h8n,2020-01,1892.9314615703931,1690.1371633527997,0.8928675959300959,0.0
9w3h8n,2020-02,2176.0589708978,1796.3974592906504,0.8255279306835566,0.0
9w3h8n,2020-03,2428.1301426303166,2200.945916651926,0.9064365529714609,0.0
9w3h8n,2020-04,2881.8490686840723,2509.761916616664,0.8708859682796251,0.0
9w3h8n,2020-05,3137.728129257217,2691.964541498025,0.8579342857646765,0.0
9w3h8n,2020-06,2994.787106733426,2601.2561814905735,0.8685946909688357,0.0
9w3h8n,2020-07,2794.3758456960327,2441.195146664849,0.873610166085868,0.0
9w3h8n,2020-08,2852.5402712373634,2366.3096918135834,0.8295447099111891,0.0
9w3h8n,2020-09,2842.0889439605858,2225.234203026939,0.7829572708326186,0.0
9w3h8n,2020-10,2757.423678955657,2135.678159017435,0.7745194093010396,0.0
9w3h8n,2020-11,2180.4691701560155,1869.3048768003048,0.8572947980120047,0.0
9w3h8n,2020-12,1929.4123723626863,1823.5201811367856,0.9451168693936439,0.0
9w3h8n,2021-01,1931.4833508941947,1952.677394752076,1.0109729363434945,2.2737367544323206e-13
9w3h8n,2021-02,2401.124479269876,2021.7791714687528,0.842013476987052,0.0
9w3h8n,2021-03,2945.7541151619735,2600.25287865857,0.882712126336313,0.0
9w3h8n,2021-04,3419.4184147366946,2877.32054088213,0.841464890193525,0.0
9w3h8n,2021-05,3646.622583159336,3135.1697125765536,0.859746146216296,0.0
9w3h8n,2021-06,3289.3594207512383,2999.575468632518,0.9119026183971899,0.0
9w3h8n,2021-07,3107.7990777186037,2693.6687229192516,0.8667448105739963,0.0
9w3h8n,2021-08,3286.067715894397,2752.7202959355004,0.8376943307104884,0.0
9w3h8n,2021-09,3063.840090517312,2561.248883817284,0.835960366124993,0.0
9w3h8n,2021-10,2993.0561269207305,2506.556273938388,0.8374571567146468,0.0
9w3h8n,2021-11,2572.7823732284205,2260.9252678822772,0.878786053343947,0.0
9w3h8n,2021-12,2051.9103771270047,2139.405741416689,1.0426409287973832,0.0
9w3h8n,2022-01,2703.209764855961,2465.350681285177,0.9120086474001553,0.0
9w3h8n,2022-02,3112.40747508538,2527.082663350155,0.8119382450978183,0.0
9w3h8n,2022-03,3478.3290296782807,3259.8409303938033,0.9371859023628119,0.0
9w3h8n,2022-04,3980.815291487163,3349.395055973042,0.8413841916090928,0.0
9w3h8n,2022-05,4202.163124297632,3628.8085692956047,0.863557282751164,0.0
9w3h8n,2022-06,3717.001063969869,3416.7997005947977,0.9192355992886246,0.0
9w3h8n,2022-07,3547.3765778560405,3237.848145372526,0.9127444110626148,0.0
9w3h8n,2022-08,3631.850895529767,3161.133992116771,0.8703920075594584,0.0
9w3h8n,2022-09,3361.1192613097246,3002.0023824594336,0.8931555678538006,0.0
9w3h8n,2022-10,3418.566861988463,3043.8053037135337,0.8903746589127868,0.0
9w3h8n,2022-11,3037.267011930562,2670.820788557975,0.8793500137020667,0.0
9w3h8n,2022-12,2235.3395446656946,2379.6313168224724,1.0645502704504597,0.0
9w3h8n,2023-01,0.07994450189322509,,,
9w94m0,2018-01,7215.692240525198,6830.145087483037,0.9465682376422836,0.0
9w94m0,2018-02,7349.090661846256,6911.799757197251,0.9404972771775348,0.0
9w94m0,2018-03,9757.563236887845,9187.865266586428,0.9416147293672964,0.0
9w94m0,2018-04,11231.554039925331,10117.035699952456,0.9007689999076668,0.0
9w94m0,2018-05,12270.46944271593,11025.582212928284,0.8985460796264284,0.0
9w94m0,2018-06,12272.056353534645,10685.91953610071,0.8707521566280055,0.0
9w94m0,2018-07,11215.139133708686,10077.71311925279,0.898581194500102,0.0
9w94m0,2018-08,11406.758406363602,9865.973437723136,0.8649235029137732,0.0
9w94m0,2018-09,10889.698447042094,9431.875102977396,0.8661282173097568,0.0
9w94m0,2018-10,8373.72076901683,8677.216890996464,1.036243878957916,0.0
9w94m0,2018-11,9291.200251502527,7989.205115680244,0.8598679287305501,0.0
9w94m0,2018-12,6882.137395694693,7129.470690141026,1.035938441827834,0.0
9w94m0,2019-01,7875.202105758111,7624.534879409633,0.9681700579893437,0.0
9w94m0,2019-02,7636.974901296824,7576.910195305911,0.9921350133047165,0.0
9w94m0,2019-03,10858.893600319208,10503.707989673756,0.9672908103054798,0.0
9w94m0,2019-04,11978.508776007744,11575.086422175298,0.9663211538784796,0.0
9w94m0,2019-05,12128.065518295929,12741.626934135602,1.0505902128343616,0.0
9w94m0,2019-06,13671.69940575011,12372.87542475054,0.9049990829630657,0.0
9w94m0,2019-07,13695.53928557864,11730.151215409496,0.8564942913756823,0.0
9w94m0,2019-08,13060.55851674466,11395.661445168538,0.872524818181275,0.0
9w94m0,2019-09,12385.493986821122,10600.623229344134,0.8558902245339431,0.0
9w94m0,2019-10,13266.968474007972,10182.847509427962,0.767533858950349,0.0
9w94m0,2019-11,9309.520394917998,8363.633824291675,0.898395778675916,0.0
9w94m0,2019-12,7519.669333187761,7859.478978785685,1.045189439926326,0.0
9w94m0,2020-01,9594.718831622955,8899.069393351618,0.9274966311697883,0.0
9w94m0,2020-02,11035.483547537966,9458.561112611344,0.8571043644681582,0.0
9w94m0,2020-03,12340.82791992875,11588.627756368023,0.9390478363006727,0.0
9w94m0,2020-04,15168.810733520748,13214.63484801247,0.8711714504295417,0.0
9w94m0,2020-05,16599.260366112998,14173.985270941184,0.8538925806523913,0.0
9w94m0,2020-06,15826.411301218062,13696.379069642046,0.8654128095728132,0.0
9w94m0,2020-07,14998.609662296672,12853.610632280332,0.8569868088901323,0.0
9w94m0,2020-08,15424.604534024667,12459.316681633089,0.8077559884371401,0.0
9w94m0,2020-09,14411.705627193374,11716.512729601836,0.8129858486350157,0.0
9w94m0,2020-10,14266.307010578044,11244.9738110364,0.7882189695412123,0.0
9w94m0,2020-11,10942.618594586786,9842.440114728191,0.8994593048867807,0.0
9w94m0,2020-12,9647.27272025476,9601.370222474665,0.9952419197517117,0.0
9w94m0,2021-01,10536.843722337535,10281.420949443078,0.9757590812177489,0.0
9w94m0,2021-02,12533.722344587357,10645.262133188018,0.8493296596589389,0.0
9w94m0,2021-03,15397.897630249745,13691.096385065825,0.8891536178399546,0.0
9w94m0,2021-04,17961.685227623242,15149.939138330865,0.8434586702940213,0.0
9w94m0,2021-05,18717.295286668403,16507.59088499442,0.8819431778026248,0.0
9w94m0,2021-06,17627.181986759922,15793.647299609129,0.8959825405712614,0.0
9w94m0,2021-07,16506.275522475396,14182.958287483978,0.859246428315829,0.0
9w94m0,2021-08,17804.60767643544,14493.882192036022,0.814052320356309,0.0
9w94m0,2021-09,16138.03691417139,13485.728877483196,0.8356486572193234,0.0
9w94m0,2021-10,14912.748555938755,13197.75619623034,0.8849982380326901,0.0
9w94m0,2021-11,13554.97801099683,11904.43668616415,0.8782335667757162,0.0
9w94m0,2021-12,10559.79306985962,11264.600629001045,1.0667444479715353,0.0
9w94m0,2022-01,15002.113138201325,12980.796628470953,0.8652645469934966,0.0
9w94m0,2022-02,15671.85657954876,13305.83367522495,0.8490272743172377,0.0
9w94m0,2022-03,18044.585596660716,17164.02152433287,0.9512006486593518,0.0
9w94m0,2022-04,20850.857882162072,17635.550341798567,0.8457949520094229,0.0
9w94m0,2022-05,22488.72563634275,19106.744691235297,0.8496143801211204,0.0
9w94m0,2022-06,19766.775180943612,17990.45562577758,0.910136097623121,0.0
9w94m0,2022-07,18553.854567946946,17048.223041049325,0.9188507422334385,0.0
9w94m0,2022-08,18342.91114364518,16644.300455310247,0.9073968861849169,0.0
9w94m0,2022-09,17214.383770979362,15806.425714891451,0.9182103713487846,0.0
9w94m0,2022-10,18587.62403897068,16026.530393465042,0.8622151147378456,0.0
9w94m0,2022-11,15810.70806435672,14062.65719134549,0.8894387989522118,0.0
9w94m0,2022-12,7881.736432885046,12529.458956447716,1.5896825608340481,0.0
9w94m0,2023-01,0.5845397146670747,,,
9wbmjr,2018-01,2327.764541360203,2173.929539505517,0.9339129885685111,0.0
9wbmjr,2018-02,2561.444951947234,2287.19003658858,0.8929296078956672,0.0
9wbmjr,2018-03,3391.468843529788,3390.4030127731553,0.9996857318153854,0.0
9wbmjr,2018-04,3872.322102461579,3684.1967144155306,0.9514179391413592,0.0
9wbmjr,2018-05,4167.801564923256,4125.882690659114,0.9899422096730957,0.0
9wbmjr,2018-06,4906.212967026805,4153.960638706949,0.8466735273467499,0.0
9wbmjr,2018-07,4131.210031754753,4267.491793882889,1.0329883402394455,0.0
9wbmjr,2018-08,4258.512344556893,4108.365183942094,0.964741874986763,0.0
9wbmjr,2018-09,4317.576868395077,3869.474273991464,0.896214333163643,0.0
9wbmjr,2018-10,3097.200031545842,3579.175352833343,1.1556164653165595,4.547473508864641e-13
9wbmjr,2018-11,2936.347057984674,2878.6704729253947,0.9803577084314874,0.0
9wbmjr,2018-12,2514.8217359251225,2426.8727643181683,0.9650277511321889,0.0
9wbmjr,2019-01,2513.7973692564165,2612.2694051493872,1.0391726227011284,0.0
9wbmjr,2019-02,2920.235747608936,2705.392088800377,0.9264293442800051,0.0
9wbmjr,2019-03,3493.743936812745,3964.6120990244094,1.1347746631486755,4.547473508864641e-13
9wbmjr,2019-04,4174.632141812342,4300.233740459471,1.0300868661909457,0.0
9wbmjr,2019-05,4443.873612478091,4782.988111191754,1.0763105633250805,0.0
9wbmjr,2019-06,5199.494194294541,4834.265724791015,0.9297569232975978,0.0
9wbmjr,2019-07,5011.709937055616,4950.622230691764,0.9878110051996064,0.0
9wbmjr,2019-08,5210.739096534572,4795.146234682637,0.9202430107989236,0.0
9wbmjr,2019-09,4707.678503191614,4468.110071440373,0.9491111316142715,0.0
9wbmjr,2019-10,4938.157548334994,4178.877171493479,0.8462421724277462,0.0
9wbmjr,2019-11,3583.064792769209,3320.868488184733,0.9268234542915327,0.0
9wbmjr,2019-12,2139.8897529846117,2802.9804752542236,1.309871441435133,4.547473508864641e-13
9wbmjr,2020-01,2773.079827885031,3044.279795806534,1.0977973894564519,0.0
9wbmjr,2020-02,4006.8009269458576,3304.010755990244,0.8246006767570286,0.0
9wbmjr,2020-03,4449.8521828238745,4662.548062994434,1.047798414740955,9.094947017729282e-13
9wbmjr,2020-04,5497.0453191558045,5088.604183247772,0.925698059194688,0.0
9wbmjr,2020-05,6410.703878404087,5657.825560984245,0.882559180442559,0.0
9wbmjr,2020-06,6089.305191428211,5716.776492437206,0.9388224621233624,0.0
9wbmjr,2020-07,5888.646371839938,5868.0421822328435,0.9965010312547166,0.0
9wbmjr,2020-08,6234.546613703138,5688.142278159359,0.9123586093104482,0.0
9wbmjr,2020-09,5672.126277002988,5296.648895289234,0.9338030637230195,0.0
9wbmjr,2020-10,5690.70266919369,5003.715236470565,0.8792789796518287,0.0
9wbmjr,2020-11,4169.712075674064,4015.213949859365,0.9629475313856717,0.0
9wbmjr,2020-12,3744.0660109441387,3355.346820109754,0.8961772603105462,0.0
9wbmjr,2021-01,4448.693812378549,3680.746680244291,0.8273769415199052,0.0
9wbmjr,2021-02,3892.6817920535946,3856.082771849491,0.9905979933220291,0.0
9wbmjr,2021-03,5895.3430000947665,5691.576843187584,0.9654360811739187,0.0
9wbmjr,2021-04,7012.976816566889,6167.400622570366,0.8794269229581648,0.0
9wbmjr,2021-05,7579.553707478783,6862.791341505872,0.9054347533330784,0.0
9wbmjr,2021-06,7434.639345039847,6927.691663834307,0.9318127406484406,0.0
9wbmjr,2021-07,6390.469569309472,7067.4270281780455,1.1059323499668465,0.0
9wbmjr,2021-08,7305.62540087864,6850.5383267618645,0.9377073078422495,0.0
9wbmjr,2021-09,6918.19334426927,6416.496287382231,0.9274814923606286,0.0
9wbmjr,2021-10,4976.485269740706,5938.12435601188,1.1932365985524718,0.0
9wbmjr,2021-11,5066.4760053477,4756.211543732421,0.9387612886574824,0.0
9wbmjr,2021-12,3991.5783111631763,4010.539776994945,1.0047503679882064,4.547473508864641e-13
9wbmjr,2022-01,5661.6270272173515,4343.65604018017,0.767209853156831,0.0
9wbmjr,2022-02,6298.469534461528,4529.066592858126,0.7190741446120731,0.0
9wbmjr,2022-03,6816.848794460568,6636.513493198403,0.9735456503877999,0.0
9wbmjr,2022-04,8372.303143857955,7189.205416795498,0.8586890958516721,0.0
9wbmjr,2022-05,9030.648383274927,8026.254553336873,0.8887794334016784,0.0
9wbmjr,2022-06,8832.677928946325,8084.641328258688,0.9153103275467362,0.0
9wbmjr,2022-07,7853.974213939123,8324.61071779076,1.0599233574024673,0.0
9wbmjr,2022-08,7446.1673260210555,8082.205197783284,1.0854181545906925,9.094947017729282e-13
9wbmjr,2022-09,7747.718975686292,7634.142300926417,0.9853406305628407,0.0
9wbmjr,2022-10,7467.0827775809275,7130.696653665348,0.9549507975289171,0.0
9wbmjr,2022-11,5433.524155670123,5709.630059823764,1.0508152529082828,0.0
9wbmjr,2022-12,4186.503601420577,4840.082745482976,1.1561157486740545,0.0
9wbmjr,2023-01,0.4052684706709283,,,
9wdb95,2018-01,1081.1158821007432,11983.406341004445,11.084294051549026,0.0
9wdb95,2018-02,1127.1586090586054,12239.069243347298,10.858338076811815,0.0
9wdb95,2018-03,1539.2958665046642,15664.834280898582,10.176623365116479,0.0
9wdb95,2018-04,1677.0461120353643,16649.82783819238,9.928067999266368,0.0
9wdb95,2018-05,1697.844399730143,16915.16310304899,9.962728684523448,0.0
9wdb95,2018-06,1675.6088509822343,16512.59531471593,9.85468374975241,0.0
9wdb95,2018-07,1663.5975201842925,16127.097233649523,9.694109926217592,1.8189894035458565e-12
9wdb95,2018-08,1618.3878368472529,15511.798306931583,9.58472249590666,0.0
9wdb95,2018-09,1565.2893936319476,15022.333470487125,9.597160455825195,0.0
9wdb95,2018-10,1191.6278467207117,14351.394230658894,12.043520357595764,1.8189894035458565e-12
9wdb95,2018-11,1336.784042299759,13440.536116872669,10.054381030573955,0.0
9wdb95,2018-12,1032.8858085211589,12739.327680847478,12.333723220659886,0.0
9wdb95,2019-01,1192.4800630635139,13692.831766559524,11.48265047835036,0.0
9wdb95,2019-02,1140.1841712972457,13827.77512415471,12.127668031404212,1.8189894035458565e-12
9wdb95,2019-03,1594.4724733772866,17719.584907040753,11.113133154007054,0.0
9wdb95,2019-04,1780.6252646594612,18843.733009967797,10.582649468119055,0.0
9wdb95,2019-05,1884.581044577942,20296.76053832507,10.76990591448435,0.0
9wdb95,2019-06,2003.7921216632562,19949.69794855245,9.955971846018198,0.0
9wdb95,2019-07,1995.7114373173742,19560.306304751037,9.801169617509386,0.0
9wdb95,2019-08,1992.8123147322683,19221.710657633797,9.645519809132757,0.0
9wdb95,2019-09,1888.7823666524387,18586.385066484905,9.84040585863064,0.0
9wdb95,2019-10,2044.702887679712,18363.007467496493,8.980770545267077,0.0
9wdb95,2019-11,1495.9234223764172,16516.13305222279,11.04076104777164,0.0
9wdb95,2019-12,1155.6172708457073,16093.587410474172,13.926399177728207,0.0
9wdb95,2020-01,1488.0171981339547,17501.207961208907,11.761428552812605,0.0
9wdb95,2020-02,1732.150264777679,17649.505729652825,10.189361794150194,0.0
9wdb95,2020-03,1940.9483388278072,21337.858467078386,10.993522104748504,0.0
9wdb95,2020-04,2433.1210318221724,23130.360948235964,9.50645719868426,0.0
9wdb95,2020-05,2634.0504887531442,24693.448120022993,9.374705695831935,0.0
9wdb95,2020-06,2494.053506821952,24132.939911785117,9.676191727953952,0.0
9wdb95,2020-07,2369.8518727584114,23471.068202323397,9.904023315602434,3.637978807091713e-12
9wdb95,2020-08,2445.8760814365446,22801.580559648555,9.322459438033519,0.0
9wdb95,2020-09,2307.7491878212295,21966.9270519789,9.518767103420847,0.0
9wdb95,2020-10,2265.218501617937,21646.70627623552,9.556122846769226,0.0
9wdb95,2020-11,1776.185692780599,19927.230733351913,11.219114540978007,0.0
9wdb95,2020-12,1672.1090726226298,20088.86381268201,12.01408696453845,0.0
9wdb95,2021-01,1690.7464489368535,21739.518653487565,12.857941335412793,0.0
9wdb95,2021-02,2073.4495098771267,21685.21675256744,10.458521728774825,0.0
9wdb95,2021-03,2595.9442496968145,27485.366045007533,10.587810600407773,0.0
9wdb95,2021-04,3098.2988100262287,29249.741355397215,9.44058115400096,0.0
9wdb95,2021-05,3167.2065932564524,31317.075319826134,9.887916811775327,0.0
9wdb95,2021-06,3136.610427820334,30807.69983353803,9.821972011661853,3.637978807091713e-12
9wdb95,2021-07,3129.0661221234577,30255.61187915821,9.669214614942698,0.0
9wdb95,2021-08,3124.4138013120187,28501.918399673064,9.122325086294397,3.637978807091713e-12
9wdb95,2021-09,2759.4889324320948,27215.163119326146,9.862392560980439,0.0
9wdb95,2021-10,2800.7023873153103,26889.817186966655,9.601097677765978,0.0
9wdb95,2021-11,2387.8815438529577,26371.28645196554,11.04380010802975,0.0
9wdb95,2021-12,1833.2182543651386,25651.007057042643,13.992336698570481,0.0
9wdb95,2022-01,2623.0843900901973,28205.56408823811,10.752823734835399,0.0
9wdb95,2022-02,2722.0402503133955,27720.596939269875,10.183757178490778,0.0
9wdb95,2022-03,3256.837367713028,34591.259517593906,10.621119697445657,0.0
9wdb95,2022-04,3857.224775862796,37339.5311985401,9.680413605190504,0.0
9wdb95,2022-05,4125.088390051621,39651.28030959121,9.612225620478164,0.0
9wdb95,2022-06,3734.6311046327955,38454.15690902967,10.296641309854522,0.0
9wdb95,2022-07,3661.739915277643,37666.90950839553,10.28661521022842,0.0
9wdb95,2022-08,3731.416068008908,36586.61208984667,9.805020781123819,0.0
9wdb95,2022-09,3395.2614639495405,35564.19887630404,10.474656886934994,0.0
9wdb95,2022-10,3411.2261898783972,34765.528283256244,10.19150485723011,0.0
9wdb95,2022-11,3038.7375735271144,32594.44120006736,10.726309992683717,0.0
9wdb95,2022-12,2336.0956718011284,31141.163249978945,13.33043146557826,0.0
9wdb95,2023-01,0.0,,,
9wdr2q,2018-01,34.7119890740056,27.01812663008202,0.7783514385326538,0.0
9wdr2q,2018-02,35.18363487255392,28.425755716842705,0.8079254977437563,0.0
9wdr2q,2018-03,49.07524671921202,42.13675570504121,0.858615259667059,0.0
9wdr2q,2018-04,54.2900007124822,45.788095497728214,0.8433983219160421,0.0
9wdr2q,2018-05,60.111442356275745,51.277476556322654,0.8530401957817801,0.0
9wdr2q,2018-06,60.69260335612057,51.62643614405696,0.8506215467663024,0.0
9wdr2q,2018-07,56.17361332049757,53.03742903562085,0.9441697961107954,0.0
9wdr2q,2018-08,55.323718490319706,51.05976470958478,0.9229272019833409,0.0
9wdr2q,2018-09,52.151592769741434,48.09077020514939,0.9221342561382296,0.0
9wdr2q,2018-10,40.500497079838134,44.482864396845066,1.0983288503634052,0.0
9wdr2q,2018-11,45.392648650672726,35.77681886666274,0.7881632804022887,0.0
9wdr2q,2018-12,36.0171518404327,30.16176673157491,0.8374278695106435,0.0
9wdr2q,2019-01,38.962005310308406,32.46592140988572,0.8332713152548138,0.0
9wdr2q,2019-02,42.24863665804792,33.62327283885053,0.7958427892239607,0.0
9wdr2q,2019-03,57.59771931752625,49.273166302787125,0.8554707875003296,0.0
9wdr2q,2019-04,58.05367754273289,53.444353934816384,0.920602383810679,0.0
9wdr2q,2019-05,61.13998956413658,59.444143018430005,0.9722628911487201,0.0
9wdr2q,2019-06,68.86845866277203,60.08143370901438,0.8724085724528111,0.0
9wdr2q,2019-07,70.17954037273032,61.5275407486084,0.8767162113321018,7.105427357601002e-15
9wdr2q,2019-08,65.31517750338683,59.59524714305383,0.9124257090163094,0.0
9wdr2q,2019-09,63.135584555202946,55.530761928364896,0.879547759311728,0.0
9wdr2q,2019-10,67.76759219841323,51.93610489172125,0.7663855717296287,0.0
9wdr2q,2019-11,46.26989433146368,41.27256367105289,0.891996064987497,0.0
9wdr2q,2019-12,38.775380273099024,34.83612511162251,0.8984083422591362,0.0
9wdr2q,2020-01,48.42872388296987,37.83505193052851,0.7812523002249361,0.0
9wdr2q,2020-02,60.527892336337004,41.06305166302787,0.6784153565905068,0.0
9wdr2q,2020-03,60.34252526972566,57.94728471902599,0.9603059278677323,0.0
9wdr2q,2020-04,75.78016294413749,63.24241411459255,0.8345510441988976,7.105427357601002e-15
9wdr2q,2020-05,86.39583437656916,70.31683625420429,0.8138915118027317,0.0
9wdr2q,2020-06,83.38596698504328,71.04949281092033,0.8520557520627455,0.0
9wdr2q,2020-07,76.95372540083238,72.92945970378238,0.9477053816941464,0.0
9wdr2q,2020-08,79.6704919700875,70.69361981078264,0.8873250065698697,0.0
9wdr2q,2020-09,74.31958567722333,65.8280445467241,0.885742889265035,0.0
9wdr2q,2020-10,76.47982936492723,62.18739357605082,0.8131215000404963,0.0
9wdr2q,2020-11,57.03189806940421,49.90205844888968,0.8749850546471738,0.0
9wdr2q,2020-12,52.90853723937364,41.701068790936446,0.7881727782846965,0.0
9wdr2q,2021-01,59.531113251766044,45.7452176314392,0.7684253683947718,0.0
9wdr2q,2021-02,69.96206411164555,47.92433734977675,0.6850046229810921,0.0
9wdr2q,2021-03,79.55591470131874,70.73630542278869,0.8891394899845975,0.0
9wdr2q,2021-04,96.56202532243839,76.64995942644717,0.7937898896641701,0.0
9wdr2q,2021-05,95.64546447557454,85.29244491650441,0.891756293768493,0.0
9wdr2q,2021-06,91.21553155249104,86.09904195432821,0.9439076930092932,0.0
9wdr2q,2021-07,91.90989293492345,87.83570714974135,0.955671955922451,0.0
9wdr2q,2021-08,96.27385298829977,85.14016146023877,0.8843539426077184,0.0
9wdr2q,2021-09,82.94761046667072,79.7457811136681,0.9613993780533419,0.0
9wdr2q,2021-10,77.18965786780352,73.80045805550638,0.9560925659483872,0.0
9wdr2q,2021-11,68.20819712528217,59.11135730611121,0.8666312818316801,0.0
9wdr2q,2021-12,51.75482551872833,49.84396668830275,0.963078634479521,0.0
9wdr2q,2022-01,77.01834744050365,53.9840168682756,0.7009241130495306,0.0
9wdr2q,2022-02,80.9091453802569,56.28834444641136,0.6956981708540775,0.0
9wdr2q,2022-03,92.88104229171746,82.48020861902795,0.888019843274121,0.0
9wdr2q,2022-04,111.2323594453723,89.34919867036446,0.8032662357957537,0.0
9wdr2q,2022-05,119.1525076501496,99.7522495308904,0.8371812855485895,0.0
9wdr2q,2022-06,109.02920132184101,100.4778946126158,0.921568656785967,0.0
9wdr2q,2022-07,102.7193063730753,103.460292724376,1.0072137008851039,0.0
9wdr2q,2022-08,103.44404289186949,100.4476177887925,0.9710333720598182,0.0
9wdr2q,2022-09,98.44478025673968,94.87898280521624,0.9637787047497695,0.0
9wdr2q,2022-10,101.91443531383375,88.62203748942781,0.869572963010848,0.0
9wdr2q,2022-11,84.9972836060226,70.96067520308412,0.8348581530205055,0.0
9wdr2q,2022-12,46.63987918734464,60.153729061190774,1.2897488181640275,0.0
9wdr2q,2023-01,0.0,,,
9we1bp,2018-01,4834.469191782524,4956.520658995555,1.0252460947357964,0.0
9we1bp,2018-02,4885.902763133723,5062.266756652701,1.036096500906592,0.0
9we1bp,2018-03,6741.188053856523,6479.215719101417,0.9611385511482303,0.0
9we1bp,2018-04,7597.694101374524,6886.624161807618,0.9064097698486883,0.0
9we1bp,2018-05,7667.230133165382,6996.370896951009,0.9125030520066819,0.0
9we1bp,2018-06,7626.901114132303,6829.862685284066,0.8954964254916902,0.0
9we1bp,2018-07,7511.66028458488,6670.414766350473,0.8880080453104653,0.0
9we1bp,2018-08,7259.714001938776,6415.917693068416,0.8837700343780738,0.0
9we1bp,2018-09,7064.781496837085,6213.467529512875,0.8794988963628466,0.0
9we1bp,2018-10,5154.754790421987,5935.956769341103,1.1515497847483767,0.0
9we1bp,2018-11,6004.268011809585,5559.211883127328,0.9258767050693122,0.0
9we1bp,2018-12,4415.5675948583785,5269.181319152519,1.193319138696487,0.0
9we1bp,2019-01,5022.84695148307,5663.565233440474,1.127560781394747,0.0
9we1bp,2019-02,5107.204133350466,5719.379875845289,1.1198651407914684,0.0
9we1bp,2019-03,7080.543306701569,7329.092092959243,1.0351030670234624,0.0
9we1bp,2019-04,7979.580063718134,7794.056990032201,0.9767502710412699,0.0
9we1bp,2019-05,8377.094429557694,8395.051461674928,1.0021435871671536,0.0
9we1bp,2019-06,9191.957769532792,8251.501051447553,0.897687006221631,0.0
9we1bp,2019-07,9299.254750586622,8090.442695248963,0.8700097924232687,0.0
9we1bp,2019-08,9094.204432334687,7950.3943423661985,0.8742264814389216,0.0
9we1bp,2019-09,8444.682781690835,7687.613933515094,0.9103496403894336,0.0
9we1bp,2019-10,9270.463777161855,7595.221532503506,0.8192925095306048,0.0
9we1bp,2019-11,6679.77138569924,6831.325947777206,1.0226885851815872,0.0
9we1bp,2019-12,5505.649857469939,6656.554589525826,1.2090406694669051,0.0
9we1bp,2020-01,6601.115653361921,7238.768038791089,1.0965976690780161,0.0
9we1bp,2020-02,7712.744298186249,7300.106270347174,0.9464991951131958,0.0
9we1bp,2020-03,8455.752195923902,8825.665532921614,1.0437469462712057,0.0
9we1bp,2020-04,11258.121568497754,9567.072051764037,0.8497929244728021,0.0
9we1bp,2020-05,11924.934394877346,10213.588879977004,0.8564901526304838,0.0
9we1bp,2020-06,11245.606260721304,9981.754088214884,0.8876136916761164,0.0
9we1bp,2020-07,10726.930320687548,9707.9937976766,0.9050113599558052,0.0
9we1bp,2020-08,10992.309708538463,9431.083440351444,0.8579710443407257,0.0
9we1bp,2020-09,10199.615524074577,9085.857948021105,0.8908039647744933,0.0
9we1bp,2020-10,10230.958138505237,8953.409723764478,0.8751291523779599,0.0
9we1bp,2020-11,7984.769355958783,8242.208266648084,1.0322412457032566,0.0
9we1bp,2020-12,7335.10106680836,8309.062187317984,1.1327808726340307,0.0
9we1bp,2021-01,8223.543121060367,8991.79834651243,1.093421438197919,0.0
9we1bp,2021-02,9630.791186744185,8969.338247432559,0.9313189408340563,0.0
9we1bp,2021-03,11467.763075695295,11368.368954992466,0.9913327368165213,0.0
9we1bp,2021-04,13992.491402397864,12098.141644602783,0.8646166931022413,0.0
9we1bp,2021-05,14222.276783124791,12953.222680173863,0.9107699757006064,0.0
9we1bp,2021-06,13797.30251293428,12742.537166461969,0.9235527853735525,0.0
9we1bp,2021-07,13536.59102856309,12514.18512084179,0.9244709465208812,0.0
9we1bp,2021-08,14088.470723073355,11788.830600326935,0.83677148727149,0.0
9we1bp,2021-09,12692.80771650819,11256.60888067385,0.8868493978706989,0.0
9we1bp,2021-10,12272.64639731137,11122.040813033342,0.9062463345696902,0.0
9we1bp,2021-11,10910.051777081986,10907.56854803446,0.9997723907183702,0.0
9we1bp,2021-12,7759.420458623411,10609.649942957356,1.3673250469584168,0.0
9we1bp,2022-01,12386.38826051406,11666.253911761887,0.9418608287092167,0.0
9we1bp,2022-02,11978.898214396075,11465.66406073012,0.9571551452829645,0.0
9we1bp,2022-03,15162.49527013673,14307.475482406093,0.9436095594756992,0.0
9we1bp,2022-04,17449.399677113906,15444.20280145989,0.8850850509038446,0.0
9we1bp,2022-05,18745.83043011326,16400.37769040879,0.874881363701192,0.0
9we1bp,2022-06,16840.459754707652,15905.229090970328,0.9444652534812248,0.0
9we1bp,2022-07,16920.51889324692,15579.61149160446,0.9207525838833687,0.0
9we1bp,2022-08,16765.9460809396,15132.783910153335,0.902590515148863,0.0
9we1bp,2022-09,15401.929762258373,14709.898123695955,0.955068510943466,0.0
9we1bp,2022-10,15357.859045904708,14379.555716743756,0.9362994981112407,0.0
9we1bp,2022-11,13931.570630315391,13481.560799932638,0.9676985573038318,0.0
9we1bp,2022-12,9959.147905893013,12880.46275002105,1.2933297980642944,0.0
9we1bp,2023-01,0.0,,,
9wve62,2018-01,28730.319029195554,25957.148695827185,0.9034758252927755,0.0
9wve62,2018-02,32725.53562336678,26740.70842681585,0.8171205731991862,0.0
9wve62,2018-03,49161.79622847233,38362.496513563994,0.780331465825208,0.0
9wve62,2018-04,46585.714528223994,40386.02836811247,0.8669187277066355,0.0
9wve62,2018-05,50445.57089381543,43119.31807320973,0.8547691563244081,0.0
9wve62,2018-06,49009.63867659081,44084.36910106687,0.8995040627002935,0.0
9wve62,2018-07,47762.205515998605,43853.10633171441,0.9181549691423946,0.0
9wve62,2018-08,46809.41464589484,41300.63258729394,0.8823146561375765,0.0
9wve62,2018-09,43897.35538722905,38662.0567709728,0.8807377216674118,0.0
9wve62,2018-10,32756.19074973913,33595.65393064498,1.0256276191367744,0.0
9wve62,2018-11,32694.872015742523,28754.514123188837,0.8794808589354193,0.0
9wve62,2018-12,31598.577870389785,26989.1962932696,0.8541269295084474,0.0
9wve62,2019-01,32205.001453258443,27838.73556534253,0.8644227389881349,0.0
9wve62,2019-02,34959.20553750543,28665.150243333133,0.8199600020252228,0.0
9wve62,2019-03,43250.606738119175,39588.59680737513,0.915330437953914,0.0
9wve62,2019-04,46406.07237292976,42638.50797174204,0.9188131162898097,0.0
9wve62,2019-05,48045.61588043614,46173.78611060132,0.961040570808938,0.0
9wve62,2019-06,52096.27287516115,47854.47180405768,0.9185776479390734,0.0
9wve62,2019-07,53413.62923269695,48398.60546570413,0.9061096607919147,0.0
9wve62,2019-08,51775.65102546332,45836.305323608416,0.8852868948198463,0.0
9wve62,2019-09,50401.59721250019,42906.772286651765,0.8512978687113982,0.0
9wve62,2019-10,45302.12003648279,36651.537759511,0.8090468554229848,0.0
9wve62,2019-11,34406.85924409366,29598.559246330773,0.8602517026139697,0.0
9wve62,2019-12,30764.965022611756,27318.134772529185,0.8879624843535754,0.0
9wve62,2020-01,37449.04268854557,30409.71337507995,0.812029125229983,0.0
9wve62,2020-02,36243.12918714079,30444.905487915636,0.8400186785946069,3.637978807091713e-12
9wve62,2020-03,49495.57657793986,41899.49847914872,0.846530162410984,0.0
9wve62,2020-04,53006.68301700314,45294.329372069515,0.8545022399824621,0.0
9wve62,2020-05,61688.54956850349,51866.23072234114,0.8407756558572523,0.0
9wve62,2020-06,56111.79843479578,51795.63723756812,0.9230792575247214,0.0
9wve62,2020-07,57213.27094085581,51521.79389940644,0.9005217330200728,0.0
9wve62,2020-08,57272.45630457417,49440.850420138326,0.863257028076682,0.0
9wve62,2020-09,55634.662202685475,46460.57497773306,0.8351012325458212,0.0
9wve62,2020-10,47808.8420569886,43252.30662235735,0.904692620892181,0.0
9wve62,2020-11,46848.905002741434,37397.11623187559,0.7982495264230239,0.0
9wve62,2020-12,38597.39844730239,32891.29511125372,0.8521635248593425,0.0
9wve62,2021-01,44050.38844386082,38438.23879658278,0.8725970452126582,0.0
9wve62,2021-02,50204.645325967824,39386.293009994966,0.7845149139938814,0.0
9wve62,2021-03,59672.938017091255,52154.11710224375,0.8739994851151119,0.0
9wve62,2021-04,69063.33672711559,57894.424245921415,0.8382801496353268,0.0
9wve62,2021-05,64266.59294812831,62766.317824567835,0.9766554432911763,0.0
9wve62,2021-06,89890.29885379781,85090.19146622434,0.9466003845934408,0.0
9wve62,2021-07,94926.3075874088,85177.20959545109,0.8972982491394109,0.0
9wve62,2021-08,97033.88187286019,84483.67883705728,0.8706616411343105,0.0
9wve62,2021-09,90231.16817765334,79109.10172741963,0.8767380864632517,0.0
9wve62,2021-10,83278.74674728842,70203.18289139426,0.8429903863038153,0.0
9wve62,2021-11,66353.69496330948,61283.83708413,0.9235934354223547,0.0
9wve62,2021-12,64298.33751935579,56781.4914206159,0.8830942386888762,0.0
9wve62,2022-01,63032.889603801654,59896.67605951781,0.9502448076869588,0.0
9wve62,2022-02,80668.22838105832,61726.26716400021,0.7651868449672578,7.275957614183426e-12
9wve62,2022-03,87756.14000137198,82174.14320284584,0.9363919516236826,0.0
9wve62,2022-04,114811.28256699801,92180.13274617726,0.8028839212068347,0.0
9wve62,2022-05,107796.37615886638,98673.25243472996,0.9153670647453762,0.0
9wve62,2022-06,104520.99871127226,99332.30080521324,0.9503573638786955,0.0
9wve62,2022-07,108058.50224014932,99844.71415275586,0.9239875815681848,0.0
9wve62,2022-08,112054.50389657334,96842.2323686199,0.8642422125040649,0.0
9wve62,2022-09,100062.4123843873,88029.94820047928,0.879750408798005,0.0
9wve62,2022-10,93827.02830335542,85847.6669770252,0.9149566871015902,0.0
9wve62,2022-11,76705.99904037708,72100.82198269642,0.9399632738600203,0.0
9wve62,2022-12,71890.90446349484,66930.27322883958,0.9309977907264445,0.0
9wve62,2023-01,0.0,,,
9x06gc,2018-01,1172.9436895979502,1209.720145394465,1.0313539823971605,2.2737367544323206e-13
9x06gc,2018-02,1315.9865263390443,1272.745879443756,0.9671420291698731,0.0
9x06gc,2018-03,1803.5601936429875,1886.6475435494976,1.0460685205846572,2.2737367544323206e-13
9x06gc,2018-04,2026.7604155773545,2050.134056340355,1.0115325129617465,0.0
9x06gc,2018-05,2320.7841662523797,2295.9177460553487,0.9892853370172783,0.0
9x06gc,2018-06,2780.67542328098,2311.542198815916,0.8312880314842631,0.0
9x06gc,2018-07,2432.8460407011544,2374.7185451741702,0.9761072034339536,0.0
9x06gc,2018-08,2376.0138604105578,2286.1698308687864,0.9621870768353822,0.0
9x06gc,2018-09,2388.6329062523405,2153.2349122951946,0.9014507447582328,0.0
9x06gc,2018-10,1700.193254555107,1991.6931296709347,1.1714510243672889,0.0
9x06gc,2018-11,1551.395781347652,1601.8852496213683,1.0325445440040177,2.2737367544323206e-13
9x06gc,2018-12,1246.3790405564184,1350.4747140850889,1.0835184724240863,0.0
9x06gc,2019-01,1200.4146465672438,1453.6418348340903,1.2109497655589139,0.0
9x06gc,2019-02,1382.5326584323834,1505.461539363899,1.088915715792856,2.2737367544323206e-13
9x06gc,2019-03,1911.7630898200396,2206.175976593694,1.1540007171083988,0.0
9x06gc,2019-04,2045.978507076178,2392.9383594107117,1.1695813768984111,0.0
9x06gc,2019-05,2516.09645412139,2661.5752572215333,1.0578192472954873,4.547473508864641e-13
9x06gc,2019-06,2953.0003622501545,2690.1095593005643,0.9109750183879862,0.0
9x06gc,2019-07,2930.8078205973907,2754.858120225802,0.9399654596473253,0.0
9x06gc,2019-08,2977.079366880833,2668.340852264904,0.8962948324285346,0.0
9x06gc,2019-09,2657.0150733112514,2486.35600512185,0.9357703801142834,0.0
9x06gc,2019-10,2633.7344012385765,2325.407428170178,0.882931637706748,0.0
9x06gc,2019-11,1830.1985398175257,1847.9538721740328,1.0097013148957474,2.2737367544323206e-13
9x06gc,2019-12,1095.8924259209057,1559.7662603331953,1.4232840956287154,0.0
9x06gc,2020-01,1373.3329078813058,1694.0413800357976,1.2335256588653811,0.0
9x06gc,2020-02,2103.8008957820216,1838.5730997659368,0.8739292313508144,0.0
9x06gc,2020-03,2192.8636401080817,2594.5543395841937,1.183180883721668,0.0
9x06gc,2020-04,2984.792514793358,2831.64052953325,0.948689235683536,0.0
9x06gc,2020-05,3348.370485931615,3148.3934671623297,0.9402763166114678,0.0
9x06gc,2020-06,3276.3556969203046,3181.1977177474873,0.9709561512926501,0.0
9x06gc,2020-07,3596.801162536669,3265.3720890541094,0.9078544911143165,0.0
9x06gc,2020-08,3618.3337443021333,3165.263721162054,0.8747848995815993,0.0
9x06gc,2020-09,3219.038817521187,2947.4105555280184,0.9156182086047862,0.0
9x06gc,2020-10,3105.894013210384,2784.402628225251,0.8964899048010896,0.0
9x06gc,2020-11,2069.564070508405,2234.334238964615,1.0796158818198525,0.0
9x06gc,2020-12,1919.86484067231,1867.1399276332093,0.972537174533267,0.0
9x06gc,2021-01,2238.2348142996707,2048.214226022305,0.9151024784962868,0.0
9x06gc,2021-02,2093.4581646741563,2145.782982679333,1.0249944416793833,0.0
9x06gc,2021-03,3258.361971775813,3167.174943411813,0.9720144572168871,0.0
9x06gc,2021-04,3799.181700413925,3431.9551955390334,0.9033406312641268,0.0
9x06gc,2021-05,4276.348337696918,3818.917213548121,0.8930323051290175,0.0
9x06gc,2021-06,4400.862918064661,3855.032104089219,0.8759718663958116,0.0
9x06gc,2021-07,3905.790159637955,3932.790229271651,1.0069128315987663,0.0
9x06gc,2021-08,4079.919012892831,3812.098814649594,0.9343564915389482,0.0
9x06gc,2021-09,3900.213500572135,3570.568723888201,0.9154803252089719,0.0
9x06gc,2021-10,2579.6475953688355,3304.370509155996,1.280938727866641,0.0
9x06gc,2021-11,2566.3246290432485,2646.674979870577,1.031309503839849,0.0
9x06gc,2021-12,1948.3145983227375,2231.733215806141,1.1454686105249081,0.0
9x06gc,2022-01,2945.626720509933,2417.101438193584,0.8205728924726574,0.0
9x06gc,2022-02,3197.1524343838355,2520.2763004268204,0.7882878130308902,0.0
9x06gc,2022-03,3858.2276859004473,3693.0010481068425,0.957175508745269,0.0
9x06gc,2022-04,4422.752915072745,4000.555889246867,0.904539766536125,0.0
9x06gc,2022-05,4965.643135824417,4466.346148203221,0.8994496837642157,0.0
9x06gc,2022-06,4830.934527269914,4498.836464270962,0.9312559379299581,0.0
9x06gc,2022-07,4839.1417014760045,4632.371521189591,0.9572713111039203,0.0
9x06gc,2022-08,4493.338173949306,4497.480837945752,1.000921956869497,0.0
9x06gc,2022-09,4458.637957469253,4248.148602065262,0.9527906599701883,0.0
9x06gc,2022-10,4103.693430276909,3967.9976907613927,0.9669332658930228,0.0
9x06gc,2022-11,2716.9919021512364,3177.2209635136996,1.169389191406153,0.0
9x06gc,2022-12,2063.1814434629177,2693.3465396117303,1.3054336777530924,0.0
9x06gc,2023-01,0.11745392723177256,,,
9x0gc5,2018-01,558.2117410163415,531.260389331445,0.9517184077213676,0.0
9x0gc5,2018-02,605.8957161653198,558.9387545602958,0.9224999280367718,0.0
9x0gc5,2018-03,809.5563457123657,828.5396521940953,1.0234490243727574,0.0
9x0gc5,2018-04,884.0206762406593,900.3363472945064,1.0184562097837238,1.1368683772161603e-13
9x0gc5,2018-05,948.6723775766941,1008.274649542692,1.0628270342583885,1.1368683772161603e-13
9x0gc5,2018-06,1174.1758045779218,1015.136280216754,0.8645522044134291,0.0
9x0gc5,2018-07,993.1494285229869,1042.8807883086483,1.0500743980285243,0.0
9x0gc5,2018-08,969.8409221511727,1003.9937576050824,1.0352148838782307,0.0
9x0gc5,2018-09,964.5243801947721,945.6140927991188,0.9803941841347394,0.0
9x0gc5,2018-10,694.9012572179777,874.6714449007691,1.2586988954409113,0.0
9x0gc5,2018-11,672.9619298873262,703.4835160992112,1.0453541052715942,0.0
9x0gc5,2018-12,612.4072164995613,593.0741296807695,0.9684309944463144,0.0
9x0gc5,2019-01,670.4347935435018,638.3809760154205,0.9521895077093707,0.0
9x0gc5,2019-02,712.2240036131838,661.138104189532,0.9282727075126815,0.0
9x0gc5,2019-03,1015.7093846302052,968.863677042151,0.953878827648019,0.0
9x0gc5,2019-04,978.1982546079213,1050.8821972640192,1.0743038973068204,0.0
9x0gc5,2019-05,1007.7872105680128,1168.8567085285497,1.1598249077498755,0.0
9x0gc5,2019-06,1248.3268320998902,1181.3878253240496,0.9463770183780811,0.0
9x0gc5,2019-07,1238.3662504391198,1209.8227867626522,0.9769507093185508,0.0
9x0gc5,2019-08,1279.0460988657885,1171.827885515627,0.9161733002076793,0.0
9x0gc5,2019-09,1085.8819324443361,1091.9074666371628,1.0055489772992752,0.0
9x0gc5,2019-10,1106.6749446806996,1021.2253307901104,0.9227870710353497,0.0
9x0gc5,2019-11,811.4691618693275,811.5469493794378,1.0000958600939698,1.1368683772161603e-13
9x0gc5,2019-12,616.5978960708075,684.9865515469797,1.110912891386705,0.0
9x0gc5,2020-01,668.8153144235819,743.954778737633,1.1123471049385434,1.1368683772161603e-13
9x0gc5,2020-02,995.0654636982092,807.4272917704216,0.8114313291203764,0.0
9x0gc5,2020-03,1161.9335308370212,1139.4238194980428,0.980627367451249,0.0
9x0gc5,2020-04,1289.4364831904927,1243.542529975807,0.9644077441479483,0.0
9x0gc5,2020-05,1492.9099734953638,1382.647668967959,0.926142696823676,0.0
9x0gc5,2020-06,1409.443242343886,1397.0539752561908,0.9912098148293705,0.0
9x0gc5,2020-07,1524.774191888508,1434.0199706083672,0.9404802220794822,0.0
9x0gc5,2020-08,1519.5936994360538,1390.056405395252,0.9147553098641596,0.0
9x0gc5,2020-09,1373.9298495937098,1294.3840649515157,0.9421034598922813,0.0
9x0gc5,2020-10,1322.7445092125884,1222.7975453315237,0.9244397060921752,0.0
9x0gc5,2020-11,878.6233113290732,981.2296523357132,1.1167808088900235,1.1368683772161603e-13
9x0gc5,2020-12,856.4480602466696,819.972692582758,0.9574108818071161,0.0
9x0gc5,2021-01,1079.4409721677664,899.4932351035582,0.833295435596787,0.0
9x0gc5,2021-02,1092.85899258304,942.341505296906,0.8622718133742245,0.0
9x0gc5,2021-03,1388.2718194247352,1390.895737269133,1.0018900605830097,0.0
9x0gc5,2021-04,1625.1217083830936,1507.1765650026553,0.9274238090771754,0.0
9x0gc5,2021-05,1840.287963897183,1677.1147057591315,0.9113327580578753,0.0
9x0gc5,2021-06,1815.7503656113402,1692.9749118428042,0.932383076388808,0.0
9x0gc5,2021-07,1653.6487675754672,1727.1231501898071,1.044431673796163,2.2737367544323206e-13
9x0gc5,2021-08,1735.7052554852148,1674.1203394445429,0.9645187938182189,0.0
9x0gc5,2021-09,1633.4231311799726,1568.050046623788,0.9599778628646212,0.0
9x0gc5,2021-10,1120.8769395023903,1451.1465067956965,1.2946528344493626,0.0
9x0gc5,2021-11,1076.5759818850015,1162.313106541964,1.0796387120831392,0.0
9x0gc5,2021-12,923.8768112250415,980.0873876713677,1.0608420687296958,0.0
9x0gc5,2022-01,1414.2088989154784,1061.4936487559253,0.7505918323452485,0.0
9x0gc5,2022-02,1545.6762975517554,1106.803894838811,0.7160644803778851,0.0
9x0gc5,2022-03,1816.8075591243253,1621.8173947817706,0.8926742882793063,0.0
9x0gc5,2022-04,1911.4889445590525,1756.8831000747423,0.9191175837430883,0.0
9x0gc5,2022-05,2074.465638137949,1961.4394309435295,0.9455155076485757,0.0
9x0gc5,2022-06,2118.938399963479,1975.707869829468,0.9324045804557228,0.0
9x0gc5,2022-07,1974.3665239678778,2034.3510912373872,1.0303816776375232,2.2737367544323206e-13
9x0gc5,2022-08,1828.2909508295418,1975.1125333195648,1.0803053706651047,0.0
9x0gc5,2022-09,1844.4868250221634,1865.6158524458604,1.011455233584248,2.2737367544323206e-13
9x0gc5,2022-10,1763.0576111738492,1742.5848499636118,0.9883879227312337,0.0
9x0gc5,2022-11,1181.8584364844994,1395.3075448850338,1.1806046323411203,0.0
9x0gc5,2022-12,918.7082000618932,1182.8093767687496,1.287470141976597,0.0
9x0gc5,2023-01,0.0325973786756459,,,
9x0mgn,2018-01,5871.8780266175145,6339.910497787218,1.0797074579969286,9.094947017729282e-13
9x0mgn,2018-02,6583.424720290741,6670.216242013335,1.0131833392816196,0.0
9x0mgn,2018-03,9924.894682337856,9887.556731622117,0.9962379499318834,0.0
9x0mgn,2018-04,10936.124818800827,10744.358085749687,0.9824648368385972,0.0
9x0mgn,2018-05,12221.945660512616,12032.463107842095,0.9844965312452082,0.0
9x0mgn,2018-06,14555.580608430048,12114.347858175488,0.8322820081226654,0.0
9x0mgn,2018-07,13396.179704978758,12445.44293253083,0.9290292610739924,0.0
9x0mgn,2018-08,12833.285637681829,11981.376160122734,0.9336171965924557,0.0
9x0mgn,2018-09,12705.839011771948,11284.689832300704,0.888149914527128,0.0
9x0mgn,2018-10,9496.45756759408,10438.080434755411,1.0991551702789202,0.0
9x0mgn,2018-11,8166.154654526752,8395.17234542987,1.0280447408348024,0.0
9x0mgn,2018-12,6431.9918363349,7077.5781071517085,1.1003711272097445,0.0
9x0mgn,2019-01,7666.446035803533,7618.257134737711,0.9937143102761341,0.0
9x0mgn,2019-02,7196.15328530956,7889.834234607894,1.0963960774313182,0.0
9x0mgn,2019-03,11068.90446666674,11562.143762937392,1.0445608052500597,0.0
9x0mgn,2019-04,11366.449166259645,12540.929472939162,1.1033286903851964,0.0
9x0mgn,2019-05,13617.544626696443,13948.803761060954,1.0243259077495583,0.0
9x0mgn,2019-06,15328.946345055252,14098.346547453826,0.9197205228656575,0.0
9x0mgn,2019-07,15724.038478706369,14437.681295816366,0.9181916792793404,0.0
9x0mgn,2019-08,15772.497667322998,13984.260942792233,0.8866231105403438,0.0
9x0mgn,2019-09,13368.022269714182,13030.513377925296,0.9747525187361838,0.0
9x0mgn,2019-10,13589.1380325522,12187.012857160558,0.896820153564346,0.0
9x0mgn,2019-11,9266.078073506795,9684.770645695404,1.0451855217349957,1.8189894035458565e-12
9x0mgn,2019-12,6422.365562328254,8174.434827450285,1.272807464495507,0.0
9x0mgn,2020-01,6928.072243520048,8878.144891497019,1.281474063698009,0.0
9x0mgn,2020-02,8629.767791737828,9635.607822629374,1.116554704039029,0.0
9x0mgn,2020-03,11391.35350557738,13597.560028435712,1.1936737826438395,0.0
9x0mgn,2020-04,16195.527637947322,14840.083127898744,0.9163074806607306,0.0
9x0mgn,2020-05,17716.23512869711,16500.124321826872,0.9313561375746048,0.0
9x0mgn,2020-06,17566.02994551107,16672.045086682007,0.9491071766584619,0.0
9x0mgn,2020-07,19591.12220317797,17113.186769180385,0.8735174326259051,0.0
9x0mgn,2020-08,18753.158416125236,16588.538076727444,0.8845730254410635,0.0
9x0mgn,2020-09,16903.743961626787,15446.811556723902,0.9138100761458366,0.0
9x0mgn,2020-10,16148.607761673096,14592.518377046084,0.9036394091928955,0.0
9x0mgn,2020-11,11345.543560308135,11709.715797580691,1.032098262664699,0.0
9x0mgn,2020-12,10024.797312254937,9785.321070419544,0.9761116125966315,0.0
9x0mgn,2021-01,10967.638154800987,10734.29662448221,0.9787245415079058,0.0
9x0mgn,2021-02,11506.094105306363,11245.635703145095,0.977363438906592,0.0
9x0mgn,2021-03,18102.92161574749,16598.554424765443,0.9168992042879189,0.0
9x0mgn,2021-04,20065.428467210128,17986.216774986722,0.8963784054937504,0.0
9x0mgn,2021-05,22693.655573537453,20014.210248982123,0.8819297615638545,0.0
9x0mgn,2021-06,22980.323067418718,20203.48144078598,0.8791643782166964,0.0
9x0mgn,2021-07,21395.78307545458,20610.996812013924,0.963320516913402,0.0
9x0mgn,2021-08,21428.712404367816,19978.476332406914,0.9323227618816098,0.0
9x0mgn,2021-09,20499.526781318098,18712.663603918096,0.9128339304384123,0.0
9x0mgn,2021-10,13600.775817464388,17317.569984540038,1.2732780994965753,0.0
9x0mgn,2021-11,13141.948177133123,13870.714274697586,1.0554534295632447,1.8189894035458565e-12
9x0mgn,2021-12,10345.171775886285,11696.084335717236,1.1305838693737125,0.0
9x0mgn,2022-01,16219.870094370242,12667.563519183335,0.7809904423081737,0.0
9x0mgn,2022-02,17141.959859821203,13208.283118398534,0.7705235122710351,0.0
9x0mgn,2022-03,20914.35451179323,19354.307855720777,0.9254078506131868,0.0
9x0mgn,2022-04,23324.44281396852,20966.14359592258,0.8988915089266953,0.0
9x0mgn,2022-05,25845.144508962243,23407.260711949013,0.9056734313802017,0.0
9x0mgn,2022-06,26009.984200037004,23577.53620640821,0.9064802202522932,0.0
9x0mgn,2022-07,25983.240769173328,24277.36774381306,0.934347180149132,0.0
9x0mgn,2022-08,23682.62911674872,23570.43162969847,0.9952624564402394,0.0
9x0mgn,2022-09,23811.175437514547,22263.72935999291,0.935011772871841,0.0
9x0mgn,2022-10,22234.723233494773,20795.512342774527,0.9352719224068329,0.0
9x0mgn,2022-11,14775.45322501404,16651.20368298224,1.126950451495637,0.0
9x0mgn,2022-12,8253.55191873316,14115.310938378472,1.7102104739101267,0.0
9x0mgn,2023-01,0.6169827084976145,,,
9x0ryy,2018-01,30.238150736410596,34.96705717826163,1.1563887449028696,0.0
9x0ryy,2018-02,31.40221231674035,36.78882104207234,1.17153596284872,0.0
9x0ryy,2018-03,50.57695050090997,54.533697551189,1.0782322186508226,7.105427357601002e-15
9x0ryy,2018-04,53.99081314498242,59.259288228004955,1.0975809545389696,0.0
9x0ryy,2018-05,63.98121672479089,66.36368536024075,1.0372370010670136,0.0
9x0ryy,2018-06,79.3752935368558,66.81531141204933,0.8417645898975531,0.0
9x0ryy,2018-07,72.7119822371024,68.64142873664954,0.9440181195008627,0.0
9x0ryy,2018-08,69.27455965638421,66.08192109517908,0.9539132608414798,0.0
9x0ryy,2018-09,67.75648541855378,62.23942668318876,0.9185751931894879,7.105427357601002e-15
9x0ryy,2018-10,47.533622392474875,57.57004858677052,1.211143727095466,0.0
9x0ryy,2018-11,42.06787881802631,46.30262075883637,1.1006644988954244,7.105427357601002e-15
9x0ryy,2018-12,32.72253759032192,39.03557919985838,1.1929264071318118,0.0
9x0ryy,2019-01,37.39666175341008,42.01763304419661,1.1235664113887158,0.0
9x0ryy,2019-02,38.311484776534996,43.51548573198796,1.1358339669111521,0.0
9x0ryy,2019-03,57.61495773360074,63.76969236443028,1.1068252910865215,7.105427357601002e-15
9x0ryy,2019-04,56.12273516583306,69.16807391868767,1.2324430324770854,0.0
9x0ryy,2019-05,72.05512013682744,76.93304485159614,1.0676971283304486,0.0
9x0ryy,2019-06,84.19524624031732,77.75783112645306,0.923541822117961,0.0
9x0ryy,2019-07,85.47336418110291,79.62939343836666,0.9316281651163992,0.0
9x0ryy,2019-08,86.44836650341479,77.12860491532423,0.8921927392610429,0.0
9x0ryy,2019-09,68.04069409791217,71.8683184103381,1.056254927483807,0.0
9x0ryy,2019-10,66.06672503734777,67.21608697114533,1.0173969866547468,0.0
9x0ryy,2019-11,49.725760892747935,53.41525389744498,1.074196813451579,7.105427357601002e-15
9x0ryy,2019-12,33.89358729247483,45.08516801793827,1.33019758660802,0.0
9x0ryy,2020-01,38.86583741598227,48.96640105033339,1.259882825275176,0.0
9x0ryy,2020-02,62.23389622385184,53.1441019236443,0.8539414233762247,0.0
9x0ryy,2020-03,62.45434293109598,74.99579988788575,1.2008100056488689,0.0
9x0ryy,2020-04,88.57434204503483,81.84879509647725,0.9240689031013288,0.0
9x0ryy,2020-05,96.55911040700327,91.0045639936272,0.9424751699765741,0.0
9x0ryy,2020-06,93.16922264812106,91.95277347023072,0.9869436586104771,0.0
9x0ryy,2020-07,107.71600423762295,94.3858403788281,0.8762471375248164,0.0
9x0ryy,2020-08,102.18417002772777,91.49220002950372,0.8953656912286632,0.0
9x0ryy,2020-09,90.31053131887512,85.19513692098896,0.9433577200445832,0.0
9x0ryy,2020-10,84.01370874472332,80.48337979583407,0.9579791321959586,0.0
9x0ryy,2020-11,56.35691894046145,64.58360918156605,1.1459748047936356,0.0
9x0ryy,2020-12,50.290419121128934,53.96982835900159,1.0731632247687273,0.0
9x0ryy,2021-01,54.188541601788174,59.20379537971322,1.092551923887901,7.105427357601002e-15
9x0ryy,2021-02,56.65098761438383,62.02402806396411,1.094844603348381,0.0
9x0ryy,2021-03,86.92502961785326,91.54744406089571,1.0531770246540482,1.4210854715202004e-14
9x0ryy,2021-04,102.3340477541034,99.20093834306957,0.9693835094008758,0.0
9x0ryy,2021-05,122.47796511303788,110.38610630200036,0.9012731898355949,0.0
9x0ryy,2021-06,122.75222136961817,111.43001009028148,0.9077636954100857,0.0
9x0ryy,2021-07,119.16445941125937,113.67761489349148,0.9539556966491851,0.0
9x0ryy,2021-08,116.70985311911873,110.1890199386322,0.9441278263470085,0.0
9x0ryy,2021-09,105.80834334021317,103.20757342302473,0.975419992081097,0.0
9x0ryy,2021-10,68.12658901675363,95.51309281878798,1.4019943490095987,0.0
9x0ryy,2021-11,64.12238909875819,76.50235114769575,1.1930676979279506,0.0
9x0ryy,2021-12,53.090888052322235,64.5084263999528,1.2150564582076369,0.0
9x0ryy,2022-01,79.1705608770181,69.86650963592376,0.8824809229841498,0.0
9x0ryy,2022-02,89.37674776398023,72.84878724848055,0.8150753867309476,0.0
9x0ryy,2022-03,105.19668200483656,106.74648950846756,1.0147324751512576,0.0
9x0ryy,2022-04,107.77055808960239,115.6363866938101,1.072986804036664,1.4210854715202004e-14
9x0ryy,2022-05,128.826709546228,129.10009123738712,1.002122088595774,0.0
9x0ryy,2022-06,140.20663202091936,130.03922641175427,0.9274827056137539,0.0
9x0ryy,2022-07,143.5525384312348,133.89906787041954,0.9327530487004274,0.0
9x0ryy,2022-08,130.4383259320082,130.00004192482444,0.9966399138899389,0.0
9x0ryy,2022-09,127.78678700266333,122.79307378297042,0.9609215214121565,0.0
9x0ryy,2022-10,115.80415807966241,114.69528937275032,0.9904246209695744,0.0
9x0ryy,2022-11,70.4776727433469,91.83782507228418,1.3030768681412466,0.0
9x0ryy,2022-12,50.29645701457612,77.85139630023012,1.5478505032207033,0.0
9x0ryy,2023-01,0.0021258251908499552,,,
9x27ep,2018-01,517.8850617225831,8916.599580456717,17.217333032929023,0.0
9x27ep,2018-02,575.1207489286413,9381.149365728446,16.311616966009378,0.0
9x27ep,2018-03,791.0319752171207,13906.092875553195,17.579684906841194,0.0
9x27ep,2018-04,1094.9945478689162,15111.11849814126,13.80017693015056,0.0
9x27ep,2018-05,1459.751771334966,16922.73976686139,11.59288866721859,0.0
9x27ep,2018-06,1827.5371789298272,17037.904410072577,9.322877042670981,0.0
9x27ep,2018-07,1676.8964781228453,17503.564327845634,10.438070898353551,0.0
9x27ep,2018-08,1619.6999495702169,16850.889879270664,10.403710813068805,0.0
9x27ep,2018-09,1599.0907893383767,15871.053804213134,9.925048602637363,1.8189894035458565e-12
9x27ep,2018-10,1092.7222233318012,14680.362389626483,13.434669924498134,0.0
9x27ep,2018-11,886.7964385419689,11807.168293503273,13.314406531577971,0.0
9x27ep,2018-12,685.1122172482865,9954.072695963889,14.529112815917726,0.0
9x27ep,2019-01,900.144295132585,10714.496426270134,11.903087631846807,0.0
9x27ep,2019-02,830.8466635010133,11096.44886165693,13.355591770566697,0.0
9x27ep,2019-03,815.8307848815656,16261.27155292972,19.932162225638955,1.8189894035458565e-12
9x27ep,2019-04,997.6172109543528,17637.858849265354,17.679986527490247,0.0
9x27ep,2019-05,1356.8167103086664,19617.926437157017,14.458788934501017,0.0
9x27ep,2019-06,1954.1035767121284,19828.246937245527,10.146978478289,0.0
9x27ep,2019-07,1971.1683898396348,20305.495326783497,10.301248453175257,0.0
9x27ep,2019-08,1992.7937286511815,19667.79425340768,9.869458123355189,0.0
9x27ep,2019-09,1487.220619075715,18326.421194636216,12.322597575352209,0.0
9x27ep,2019-10,1423.4413039508302,17140.10217764206,12.041312929496199,0.0
9x27ep,2019-11,997.2722644082639,13620.889743848467,13.658145553592112,0.0
9x27ep,2019-12,747.1317341079405,11496.71784457426,15.387805549848713,0.0
9x27ep,2020-01,822.4597196657049,12486.432267835014,15.181816165915361,0.0
9x27ep,2020-02,1436.545477866192,13551.745990529294,9.43356559143447,0.0
9x27ep,2020-03,1492.6846637502747,19123.928971410867,12.811767572772684,0.0
9x27ep,2020-04,2079.3270027794533,20871.442749601698,10.037595203497416,0.0
9x27ep,2020-05,2214.19588462164,23206.163818374935,10.480628195341618,0.0
9x27ep,2020-06,2116.850041603172,23447.957234908834,11.076815444683456,0.0
9x27ep,2020-07,2523.40307992895,24068.389296601166,9.538067654763601,0.0
9x27ep,2020-08,2352.907137829871,23330.51100752345,9.91561062160813,0.0
9x27ep,2020-09,2083.374591189846,21724.759914852184,10.427678251775575,0.0
9x27ep,2020-10,1867.1977943199995,20523.261847937687,10.991477127045288,0.0
9x27ep,2020-11,989.2292967195068,16468.820341299343,16.64813243594122,0.0
9x27ep,2020-12,1086.1797879161136,13762.306231545406,12.670375921788262,0.0
9x27ep,2021-01,1424.871897476485,15096.967821826871,10.59531586563277,0.0
9x27ep,2021-02,1315.5337504259953,15816.12715631085,12.022593225897307,0.0
9x27ep,2021-03,1955.2025898492006,23344.598235528407,11.93973369139661,0.0
9x27ep,2021-04,2424.6405708748734,25296.23927748274,10.432985235562233,0.0
9x27ep,2021-05,2680.2350476548168,28148.45710701009,10.502234545302194,0.0
9x27ep,2021-06,2820.926639204931,28414.652573021773,10.072808054671833,0.0
9x27ep,2021-07,2767.5518793286637,28987.791797840324,10.474163832069522,0.0
9x27ep,2021-08,2590.7382215941248,28098.200084351207,10.845634595633484,0.0
9x27ep,2021-09,2500.7505199030966,26317.931222871306,10.524013096632734,0.0
9x27ep,2021-10,1577.9162151503208,24355.838668790937,15.435444819527802,0.0
9x27ep,2021-11,1267.323989164428,19508.099542662414,15.393143118457415,0.0
9x27ep,2021-12,1053.4048113290557,16449.64873198796,15.615695462064417,0.0
9x27ep,2022-01,1810.9722807154255,17815.959957160558,9.83778721898623,0.0
9x27ep,2022-02,1989.8830649799506,18576.44074836254,9.335443411369356,0.0
9x27ep,2022-03,2503.887135567167,27220.35482465923,10.871238738360073,0.0
9x27ep,2022-04,2369.4923276050067,29487.278606921573,12.444555427924174,3.637978807091713e-12
9x27ep,2022-05,2875.480056472794,32920.52326553372,11.448705127141677,0.0
9x27ep,2022-06,3269.166610782254,33160.00273499734,10.143258720932163,0.0
9x27ep,2022-07,3408.8740074286275,34144.26230695698,10.016287557870932,0.0
9x27ep,2022-08,2914.1511727978304,33150.01069083023,11.375528833325223,0.0
9x27ep,2022-09,2890.986002202681,31312.233814657455,10.830987694440667,3.637978807091713e-12
9x27ep,2022-10,2570.227035867614,29247.298790051333,11.379266649173083,3.637978807091713e-12
9x27ep,2022-11,1335.0351912543808,23418.645393432467,17.541594069463162,3.637978807091713e-12
9x27ep,2022-12,1080.4165517397716,19852.10605655868,18.374492712640563,0.0
9x27ep,2023-01,0.0,,,
9x3mfn,2018-01,10.038128338746082,8.40951121756487,0.8377568938927661,0.0
9x3mfn,2018-02,11.884508071886565,9.936233996007983,0.8360660732363566,0.0
9x3mfn,2018-03,18.239635707320485,14.392555145708585,0.7890812830177374,0.0
9x3mfn,2018-04,19.34392064720516,17.23556633932136,0.8910068777505857,0.0
9x3mfn,2018-05,21.103804226984387,19.570849437125748,0.9273612106437887,0.0
9x3mfn,2018-06,25.285041522382187,19.915081101796407,0.7876230333324816,0.0
9x3mfn,2018-07,22.655043258288615,21.2055718003992,0.9360199209790028,0.0
9x3mfn,2018-08,22.920335766911364,20.183189844311375,0.8805800250731304,0.0
9x3mfn,2018-09,23.35855999211037,19.41179880239521,0.8310357662866108,0.0
9x3mfn,2018-10,17.23084984151205,17.13228474251497,0.9942797308372091,0.0
9x3mfn,2018-11,14.097030323626985,12.839641485029938,0.91080470072554,0.0
9x3mfn,2018-12,13.742835766064841,11.018316646706586,0.8017498596551735,0.0
9x3mfn,2019-01,16.380528169262664,13.117791073852294,0.8008161237723243,0.0
9x3mfn,2019-02,18.306724032442844,15.061723113772452,0.8227426757010342,0.0
9x3mfn,2019-03,28.11977291658672,21.46188557285429,0.7632311127304584,0.0
9x3mfn,2019-04,28.62735898646696,25.025176271457084,0.8741699254649115,0.0
9x3mfn,2019-05,27.959260607609203,27.361064239520957,0.9786047143204694,0.0
9x3mfn,2019-06,34.63404269661266,28.796784287425147,0.8314589359284235,0.0
9x3mfn,2019-07,33.68291069971002,30.58517394011976,0.9080323910481723,0.0
9x3mfn,2019-08,34.80978995828771,29.711317876247502,0.8535333856323274,0.0
9x3mfn,2019-09,29.253270395517593,27.948786427145706,0.9554072433360555,0.0
9x3mfn,2019-10,29.783185585264054,24.999257580838325,0.8393748717466714,0.0
9x3mfn,2019-11,21.51140996667111,18.6951182754491,0.869079167958518,0.0
9x3mfn,2019-12,17.10880686456647,15.803656974051895,0.9237147335377529,0.0
9x3mfn,2020-01,18.252878443321226,18.852928926147705,1.0328742934814228,0.0
9x3mfn,2020-02,30.564144288476793,22.059497389221555,0.7217443152019919,0.0
9x3mfn,2020-03,39.298376506531504,30.29184210778443,0.7708166290978926,3.552713678800501e-15
9x3mfn,2020-04,46.374633406984046,35.26342198802395,0.7604032505993515,0.0
9x3mfn,2020-05,46.84883392364441,39.960481500998,0.8529664060823104,0.0
9x3mfn,2020-06,47.743248525185244,40.93072364071856,0.8573091464257406,0.0
9x3mfn,2020-07,51.513111690640024,43.02284889421158,0.8351824900926896,0.0
9x3mfn,2020-08,47.472004914736466,41.66878633133732,0.8777549295880342,0.0
9x3mfn,2020-09,43.62014077065997,38.38654859880239,0.880018906876664,0.0
9x3mfn,2020-10,39.61300321399785,34.43632239520958,0.8693186479494437,0.0
9x3mfn,2020-11,31.967684562086514,26.22750712974052,0.8204381233430397,0.0
9x3mfn,2020-12,25.823936940893,20.88012135728543,0.808556859671583,0.0
9x3mfn,2021-01,34.946224661825575,26.485968191616763,0.7579064247403355,0.0
9x3mfn,2021-02,39.29573596207936,29.72235675848303,0.7563761316791546,0.0
9x3mfn,2021-03,54.65815236190182,42.11354743313373,0.7704897734978687,0.0
9x3mfn,2021-04,59.485107417145834,48.57982221157685,0.8166720095318232,0.0
9x3mfn,2021-05,63.13988120169807,54.255501317365265,0.8592905194744986,0.0
9x3mfn,2021-06,66.18938559405657,55.37547908982036,0.8366217421844865,0.0
9x3mfn,2021-07,62.86112148471037,59.00615233532934,0.9386748270102265,0.0
9x3mfn,2021-08,65.25812321248858,57.08326978043912,0.8747304851929142,0.0
9x3mfn,2021-09,60.71684525145887,53.151250171656685,0.8753954516498795,0.0
9x3mfn,2021-10,44.15662232158234,47.19191715768463,1.0687392892961094,0.0
9x3mfn,2021-11,35.48939523038742,35.632634794411175,1.0040361229909351,0.0
9x3mfn,2021-12,34.542046112304355,30.32184367265469,0.8778241906710219,0.0
9x3mfn,2022-01,47.98355715262551,34.05147369261477,0.7096487987396237,0.0
9x3mfn,2022-02,56.86782798811482,38.086291001996,0.6697335268362264,0.0
9x3mfn,2022-03,72.95237546498483,53.73138123752495,0.7365268217114406,0.0
9x3mfn,2022-04,75.35770534907098,61.09851953692615,0.8107799893044298,0.0
9x3mfn,2022-05,78.4348947908957,68.87007409181636,0.8780540125083515,0.0
9x3mfn,2022-06,83.15554523417104,71.06321267864271,0.8545817657562633,0.0
9x3mfn,2022-07,83.91816438901171,75.23382336127744,0.8965141684048633,0.0
9x3mfn,2022-08,78.27910065894702,74.58624926147705,0.9528245551317804,0.0
9x3mfn,2022-09,77.78706727889545,69.18499979241517,0.8894151973150154,0.0
9x3mfn,2022-10,72.44590586210347,61.537504127744505,0.8494269399416101,0.0
9x3mfn,2022-11,48.5338848533342,46.97736967664671,0.967929309978149,0.0
9x3mfn,2022-12,45.84636452607608,40.089802762475045,0.8744379882002014,0.0
9x3mfn,2023-01,0.0,,,
9x47er,2018-01,1796.5979019722113,1706.0546637162918,0.9496029477956498,0.0
9x47er,2018-02,2069.435095756085,1794.9391449066698,0.8673570621217642,0.0
9x47er,2018-03,2804.0990583976914,2660.71773105171,0.9488672388671205,0.0
9x47er,2018-04,3049.7272144253443,2891.28091433292,0.9480457467333582,0.0
9x47er,2018-05,3489.8195152323588,3237.9068771227944,0.9278149952998954,0.0
9x47er,2018-06,3759.2982008469867,3259.9418664562063,0.8671676712748477,0.0
9x47er,2018-07,3463.543912987034,3349.0387544855525,0.9669398854531254,0.0
9x47er,2018-08,3393.425741297815,3224.159502385869,0.9501193626098887,0.0
9x47er,2018-09,3529.2197207823033,3036.6828875120473,0.8604403034557797,0.0
9x47er,2018-10,2397.856699092629,2808.8623352294408,1.1714054206376638,0.0
9x47er,2018-11,2206.9756416663568,2259.1206827953815,1.0236273750124643,0.0
9x47er,2018-12,2070.7119531379776,1904.559242868944,0.9197605876484926,0.0
9x47er,2019-01,2151.1829469125028,2050.054668539171,0.9529894570248073,0.0
9x47er,2019-02,2457.3795400643507,2123.1354128105268,0.8639835150393288,0.0
9x47er,2019-03,3299.9950726513607,3111.3450728054127,0.9428332480222832,0.0
9x47er,2019-04,3550.228262077164,3374.7339528077728,0.9505681617308986,0.0
9x47er,2019-05,3942.1492956921156,3753.5895369701616,0.9521682857298156,0.0
9x47er,2019-06,4291.494024120884,3793.831141049546,0.8840350515987764,0.0
9x47er,2019-07,4237.390370444822,3885.145305532936,0.9168721703412686,0.0
9x47er,2019-08,3996.433442147541,3763.1309792785346,0.9416223324505968,0.0
9x47er,2019-09,3754.618242960482,3506.479803900395,0.9339111400938509,0.0
9x47er,2019-10,3667.615045839758,3279.4958428807454,0.8941766793657194,0.0
9x47er,2019-11,2735.580170965236,2606.1484831494267,0.9526858363759305,0.0
9x47er,2019-12,2092.099482154428,2199.7207477114925,1.0514417533559335,0.0
9x47er,2020-01,2391.12155673262,2389.0874331071377,0.9991493014565677,0.0
9x47er,2020-02,3387.596465948707,2592.918885728054,0.7654155126773339,0.0
9x47er,2020-03,3570.7965109635616,3659.070693469838,1.0247211461743184,0.0
9x47er,2020-04,4798.946714372271,3993.430670531657,0.8321473248643937,0.0
9x47er,2020-05,5208.5013637619995,4440.14376243583,0.852480099809132,0.0
9x47er,2020-06,4772.714448336172,4486.407226687123,0.9400116590363249,0.0
9x47er,2020-07,4955.473380737367,4605.117392240514,0.9292991886791812,0.0
9x47er,2020-08,4937.410819030195,4463.935691192148,0.9041045711624525,0.0
9x47er,2020-09,4401.978655358666,4156.699831187427,0.9442798697188924,0.0
9x47er,2020-10,4173.0599344950415,3926.811591617002,0.9409909402828079,0.0
9x47er,2020-11,3454.494636080089,3151.0563523298124,0.9121613099117165,0.0
9x47er,2020-12,2904.911874581342,2633.2063605593908,0.9064668651743145,0.0
9x47er,2021-01,3599.550573392587,2888.5733993096123,0.8024816822026544,0.0
9x47er,2021-02,4015.32676086719,3026.1735153045765,0.7536556040213808,0.0
9x47er,2021-03,4862.81735414833,4466.631066353926,0.9185274175563207,0.0
9x47er,2021-04,5867.278248751786,4840.047666648964,0.8249221293840365,0.0
9x47er,2021-05,6064.686062136391,5385.775831976161,0.8880551733091568,0.0
9x47er,2021-06,5847.6999153380275,5436.708254381307,0.929717381721534,0.0
9x47er,2021-07,5656.188257181237,5546.369660463012,0.9805843455477643,0.0
9x47er,2021-08,5784.522481348435,5376.159920986997,0.929404274652202,0.0
9x47er,2021-09,5145.856782609376,5035.532760779685,0.9785606116745156,0.0
9x47er,2021-10,4310.951933419923,4660.116423831159,1.080994753781502,0.0
9x47er,2021-11,3741.094514437221,3732.5758440412264,0.9977229470244282,0.0
9x47er,2021-12,3082.2936553801296,3147.3881587340925,1.0211188519433705,4.547473508864641e-13
9x47er,2022-01,4622.358403441825,3408.810870022226,0.7374613936219253,4.547473508864641e-13
9x47er,2022-02,4935.299123574598,3554.3172134202705,0.7201827334927385,0.0
9x47er,2022-03,5942.76307902618,5208.197685405479,0.8763932898127462,0.0
9x47er,2022-04,6671.766694659866,5641.938805674553,0.8456438997170577,0.0
9x47er,2022-05,6781.92924052105,6298.837549265356,0.9287678071942581,0.0
9x47er,2022-06,6992.920148651381,6344.658275210951,0.9072974008482778,0.0
9x47er,2022-07,6738.687826816253,6532.981258417419,0.9694737946488283,0.0
9x47er,2022-08,6612.014530077972,6342.746450709073,0.9592759395576035,0.0
9x47er,2022-09,6161.3611879206555,5991.116013323891,0.9723689020324713,0.0
9x47er,2022-10,5898.1426251789035,5596.022345921598,0.9487770475458549,0.0
9x47er,2022-11,4261.494011906186,4480.798855087429,1.051461962065071,0.0
9x47er,2022-12,3597.194072980573,3798.396217837965,1.0559330802773952,0.0
9x47er,2023-01,0.0,,,
9x5w98,2018-01,9345.778397214022,9519.179304172814,1.0185539287996046,0.0
9x5w98,2018-02,9649.43366143517,9806.531573184146,1.0162805318178239,0.0
9x5w98,2018-03,13725.758415897368,14068.551486436008,1.024974435667002,0.0
9x5w98,2018-04,15060.27900317637,14810.63463188753,0.9834236556151325,0.0
9x5w98,2018-05,18123.972350645163,15813.004926790263,0.8724911195435235,0.0
9x5w98,2018-06,19151.151563972435,16166.91489893313,0.8441745575940552,0.0
9x5w98,2018-07,18923.74895280906,16082.104668285589,0.8498371389511773,0.0
9x5w98,2018-08,17513.398328142437,15146.04441270606,0.8648261250569369,1.8189894035458565e-12
9x5w98,2018-09,17202.248786910448,14178.408229027194,0.8242182987038208,0.0
9x5w98,2018-10,11453.506811128485,12320.423069355016,1.0756900286106448,0.0
9x5w98,2018-11,9061.29046018046,10545.04787681116,1.1637468110255402,0.0
9x5w98,2018-12,9992.386988439603,9897.6587067304,0.9905199546596029,0.0
9x5w98,2019-01,10247.275764809492,10209.207434657466,0.9962850292091526,0.0
9x5w98,2019-02,11698.058622493534,10512.275756666864,0.898634217514811,0.0
9x5w98,2019-03,17276.731204058084,14518.195192624871,0.8403322955684309,0.0
9x5w98,2019-04,16086.910085536574,15636.679028257957,0.9720125832192342,0.0
9x5w98,2019-05,17650.918689882874,16933.15988939868,0.9593358955930381,0.0
9x5w98,2019-06,19581.700736119044,17549.512195942312,0.8962200184977652,0.0
9x5w98,2019-07,20859.975732613737,17749.060534295873,0.85086678727751,0.0
9x5w98,2019-08,19075.88785626684,16809.396676391574,0.8811855470658644,0.0
9x5w98,2019-09,17638.787758186823,15735.058713348228,0.8920714353538834,0.0
9x5w98,2019-10,16419.335831598302,13441.097240489002,0.8186139426311136,0.0
9x5w98,2019-11,12337.242722759136,10854.581753669228,0.8798223393664155,0.0
9x5w98,2019-12,10130.810015163768,10018.289227470812,0.9888932091782853,0.0
9x5w98,2020-01,10352.857909707995,11152.053624920049,1.0771956615441074,0.0
9x5w98,2020-02,14045.905421774249,11164.95951208436,0.7948906942500277,0.0
9x5w98,2020-03,17693.264933813785,15365.664520851276,0.8684470943226421,0.0
9x5w98,2020-04,19505.221160566918,16610.639627930475,0.8515996558660752,0.0
9x5w98,2020-05,22489.968324036898,19020.731277658855,0.8457429109550955,0.0
9x5w98,2020-06,22728.15251127502,18994.84276243188,0.8357407296087478,0.0
9x5w98,2020-07,22834.802089295692,18894.417100593553,0.8274394946234599,0.0
9x5w98,2020-08,22448.675095597817,18131.27957986167,0.8076770456452111,0.0
9x5w98,2020-09,21019.372488914014,17038.333022266947,0.8106014121617219,0.0
9x5w98,2020-10,17840.570644847314,15861.775377642653,0.8890845306130287,0.0
9x5w98,2020-11,14680.473421763483,13714.520768124408,0.9342015324787094,0.0
9x5w98,2020-12,12195.470897508694,12062.11588874628,0.9890652021653665,0.0
9x5w98,2021-01,16048.613609041196,14096.32820341722,0.8783517721104501,0.0
9x5w98,2021-02,16929.815661711953,14444.00499000503,0.8531696551588114,0.0
9x5w98,2021-03,24006.290191419706,19126.306897756247,0.7967206405174734,0.0
9x5w98,2021-04,25654.835387890842,21231.430754078578,0.8275800812232019,0.0
9x5w98,2021-05,26641.8984567865,23018.084175432163,0.8639806285865022,0.0
9x5w98,2021-06,35697.406584216595,31204.844533775653,0.8741487833341007,0.0
9x5w98,2021-07,34453.924182653616,31236.7564045489,0.9066240535896793,0.0
9x5w98,2021-08,34634.407898131234,30982.420162942715,0.894556080013553,0.0
9x5w98,2021-09,31672.340569960976,29011.41927258035,0.9159859596892462,0.0
9x5w98,2021-10,24432.099304657102,25745.381108605732,1.0537523111531517,0.0
9x5w98,2021-11,18915.538270984594,22474.418915869992,1.1881458827076852,0.0
9x5w98,2021-12,17800.98109364948,20823.288579384094,1.1697831973324675,3.637978807091713e-12
9x5w98,2022-01,26004.7163978577,21965.70994048218,0.8446817725069188,0.0
9x5w98,2022-02,30054.18095021343,22636.669835999794,0.7531953665115282,0.0
9x5w98,2022-03,38440.568540686065,30135.45179715416,0.7839491698791695,0.0
9x5w98,2022-04,38335.60279302667,33804.91525382273,0.8818151480840133,0.0
9x5w98,2022-05,37891.55646277715,36186.11556527003,0.9549915322379944,0.0
9x5w98,2022-06,42613.84660528869,36427.806194786746,0.8548349678966976,0.0
9x5w98,2022-07,42114.339946802145,36615.72184724412,0.8694359663120983,0.0
9x5w98,2022-08,40908.898844963616,35514.63163138011,0.8681395157071647,0.0
9x5w98,2022-09,36662.40036938762,32282.931799520717,0.88054604920185,0.0
9x5w98,2022-10,34353.972710854796,31482.631022974776,0.9164189332032402,0.0
9x5w98,2022-11,26013.026893917508,26441.29601730357,1.0164636405110627,0.0
9x5w98,2022-12,18879.37324566679,24545.11777116042,1.300102363132952,3.637978807091713e-12
9x5w98,2023-01,0.0,,,
9x6z6m,2018-01,85.4759812382833,182.56276279441116,2.1358369936166848,0.0
9x6z6m,2018-02,111.08022452125513,215.70651172854286,1.941898413135342,0.0
9x6z6m,2018-03,147.60780660298613,312.4491499081836,2.116752203686378,0.0
9x6z6m,2018-04,172.70918264320136,374.16831107385224,2.1664644887286846,0.0
9x6z6m,2018-05,191.54064211045218,424.86516172455083,2.2181462745621983,0.0
9x6z6m,2018-06,212.770070254415,432.3381149221556,2.0319498621455407,5.684341886080802e-14
9x6z6m,2018-07,210.12765296541565,460.35348242714565,2.190827698926966,0.0
9x6z6m,2018-08,202.8572188151443,438.1585094131736,2.1599355052405107,5.684341886080802e-14
9x6z6m,2018-09,207.9106450852004,421.41231856287425,2.0268914965377665,0.0
9x6z6m,2018-10,162.71819309068883,371.92616249101786,2.2857073043069605,0.0
9x6z6m,2018-11,132.4491025528306,278.73682098203585,2.10448251901786,0.0
9x6z6m,2018-12,132.0577927624401,239.19753197604786,1.8113094802844567,0.0
9x6z6m,2019-01,152.9697803506715,284.77519302195606,1.8616434721232569,0.0
9x6z6m,2019-02,175.26426434444053,326.9761717365269,1.8656180309177712,0.0
9x6z6m,2019-03,238.202276307155,465.91781895409173,1.955975510298248,0.0
9x6z6m,2019-04,250.34499641317686,543.2735864590818,2.1700996394689147,0.0
9x6z6m,2019-05,264.30803785506913,593.9835682874251,2.247315568258013,0.0
9x6z6m,2019-06,302.54179521123876,625.1517315449101,2.066331797589886,0.0
9x6z6m,2019-07,310.09520216954246,663.9760279281436,2.1412005838294754,1.1368683772161603e-13
9x6z6m,2019-08,309.4845275471269,645.0054155848303,2.0841281491418395,1.1368683772161603e-13
9x6z6m,2019-09,283.5798448164581,606.7424770459081,2.1395825131317467,0.0
9x6z6m,2019-10,251.20280397773695,542.710915497006,2.1604492740658428,0.0
9x6z6m,2019-11,189.99432825867987,405.8538427305389,2.136136622867833,0.0
9x6z6m,2019-12,169.1190192329508,343.08287423552895,2.028647492112959,0.0
9x6z6m,2020-01,199.76814235804142,409.2797669780439,2.048773954380063,0.0
9x6z6m,2020-02,279.62586342699024,478.8914224670658,1.7126149083562987,0.0
9x6z6m,2020-03,331.49993042378804,657.6080633293413,1.98373514736084,0.0
9x6z6m,2020-04,395.1388646674389,765.5364951856286,1.9373859765222736,0.0
9x6z6m,2020-05,432.785517899376,867.5053420678641,2.004469433909205,0.0
9x6z6m,2020-06,419.53797512850593,888.5684075688623,2.117968956914307,0.0
9x6z6m,2020-07,455.70952922927967,933.986524806387,2.0495216029078764,0.0
9x6z6m,2020-08,415.18974964652875,904.5910705309379,2.178741337668043,0.0
9x6z6m,2020-09,388.48958602468576,833.3367047185628,2.1450683227982594,0.0
9x6z6m,2020-10,354.40694998567415,747.5809228742514,2.109385617027178,0.0
9x6z6m,2020-11,287.37854578484706,569.3750848223552,1.9812720649252353,0.0
9x6z6m,2020-12,224.20186748120187,453.28825229540917,2.0217862473131047,0.0
9x6z6m,2021-01,280.5427029292722,574.98603702994,2.049549074084811,0.0
9x6z6m,2021-02,385.8332593522045,645.2450595768462,1.6723417277716848,0.0
9x6z6m,2021-03,451.40933355352144,914.2464254530937,2.025315733407838,1.1368683772161603e-13
9x6z6m,2021-04,527.1180825127065,1054.6233103872255,2.0007344566135297,0.0
9x6z6m,2021-05,563.921843465571,1177.8370895808382,2.088653069975908,0.0
9x6z6m,2021-06,590.0581040533848,1202.1507781077844,2.037343051217582,2.2737367544323206e-13
9x6z6m,2021-07,584.79492757534,1280.9693588023952,2.1904590795845538,0.0
9x6z6m,2021-08,589.8908691839836,1239.22534506986,2.1007705150346254,0.0
9x6z6m,2021-09,537.0573957603061,1153.8648116726545,2.1484944081984776,0.0
9x6z6m,2021-10,399.98406802847967,1024.4931667225546,2.5613349345944667,0.0
9x6z6m,2021-11,326.2924020809995,773.55176601996,2.370731776426507,0.0
9x6z6m,2021-12,293.52311339568,658.2593697405189,2.2426151117208986,0.0
9x6z6m,2022-01,408.51668476470627,739.2262110978044,1.8095373791735756,0.0
9x6z6m,2022-02,464.4786037308364,826.8183881357284,1.780100055189768,0.0
9x6z6m,2022-03,553.2488528533215,1166.4589241516965,2.1083801947998806,0.0
9x6z6m,2022-04,692.8990877183313,1326.392728510978,1.914265369981504,0.0
9x6z6m,2022-05,668.3158171942359,1495.106038243513,2.237125023496164,0.0
9x6z6m,2022-06,763.6255628351811,1542.7170621477046,2.0202532985144193,0.0
9x6z6m,2022-07,768.6479329411658,1633.2571885668658,2.1248443124244756,0.0
9x6z6m,2022-08,761.7887215901711,1619.1989497804389,2.1255223448313787,0.0
9x6z6m,2022-09,680.422453730339,1501.9427858842314,2.207368051495068,2.2737367544323206e-13
9x6z6m,2022-10,654.7077358859632,1335.9226806866266,2.0404870867744216,0.0
9x6z6m,2022-11,347.30789884244,1019.835538011976,2.9364017962477598,0.0
9x6z6m,2022-12,437.30500917147486,870.3127878483033,1.9901733792101124,0.0
9x6z6m,2023-01,0.0,,,
9xkgmv,2018-01,107.92275078443667,87.08772598802396,0.80694501720005,0.0
9xkgmv,2018-02,124.696154584914,102.8982542754491,0.8251918803588988,0.0
9xkgmv,2018-03,165.5241598707636,149.0472949461078,0.9004564352568202,0.0
9xkgmv,2018-04,183.06851854952453,178.48912258682637,0.9749853442908628,0.0
9xkgmv,2018-05,210.1407709020123,202.6729888383234,0.9644629548486281,0.0
9xkgmv,2018-06,234.92020325834935,206.23780397604793,0.8779057787092136,0.0
9xkgmv,2018-07,234.61826462335608,219.60194577245508,0.9359968036801933,0.0
9xkgmv,2018-08,212.22861106237062,209.014300742515,0.9848544910897475,0.0
9xkgmv,2018-09,217.66830748128808,201.02588263473055,0.923542269248415,0.0
9xkgmv,2018-10,172.87066373918924,177.41955276646706,1.026313828667545,0.0
9xkgmv,2018-11,132.001911468623,132.96553753293415,1.0073000917455668,0.0
9xkgmv,2018-12,151.5093520548595,114.10415137724551,0.7531162256962852,1.4210854715202004e-14
9xkgmv,2019-01,178.21643213851777,135.84601590419163,0.7622530328662738,0.0
9xkgmv,2019-02,182.51096643829172,155.9771051497006,0.8546177152726743,0.0
9xkgmv,2019-03,278.98637418704755,222.2562954730539,0.7966564536375575,2.842170943040401e-14
9xkgmv,2019-04,257.9389272579806,259.1572372694611,1.004723249896523,0.0
9xkgmv,2019-05,298.11788206871256,283.3473674730539,0.9504541140130124,0.0
9xkgmv,2019-06,321.3436424253627,298.21548416766467,0.9280267128263789,0.0
9xkgmv,2019-07,343.0514991099361,316.73579813173654,0.9232893572933599,0.0
9xkgmv,2019-08,334.2858242067619,307.6862665389222,0.9204286998081397,0.0
9xkgmv,2019-09,317.3297946013384,289.4337365269461,0.9120912736560457,0.0
9xkgmv,2019-10,298.2354146906524,258.8888269221557,0.8680686939567209,0.0
9xkgmv,2019-11,219.2110573121198,193.604038994012,0.8831855535387172,0.0
9xkgmv,2019-12,202.57082767565484,163.66046879041917,0.8079172636469809,0.0
9xkgmv,2020-01,249.40695377862215,195.2383040958084,0.782810186876767,0.0
9xkgmv,2020-02,276.77197011741004,228.44508014371257,0.8253909528728772,0.0
9xkgmv,2020-03,352.11002889382416,313.69809456287425,0.8909092863624947,0.0
9xkgmv,2020-04,430.64209988239537,365.18308282634734,0.8479967075352728,0.0
9xkgmv,2020-05,459.2446184251053,413.8251764311377,0.9010996750495952,0.0
9xkgmv,2020-06,448.20064841110957,423.8728687904192,0.9457212306431654,0.0
9xkgmv,2020-07,465.7280508402034,445.5386262994013,0.9566497562163604,0.0
9xkgmv,2020-08,473.2299481873855,431.5161431377246,0.9118529898425968,0.0
9xkgmv,2020-09,438.68581818583937,397.5257466826348,0.9061741460587449,0.0
9xkgmv,2020-10,364.1945344993232,356.61775473053893,0.9791957894722378,0.0
9xkgmv,2020-11,317.46207469814897,271.6084080479042,0.8555617495606567,0.0
9xkgmv,2020-12,265.26122174401456,216.2316263473054,0.8151648587217009,0.0
9xkgmv,2021-01,351.98314094071264,274.28499477844315,0.7792560576776124,0.0
9xkgmv,2021-02,385.4596864079093,307.8005836646707,0.7985285997948522,0.0
9xkgmv,2021-03,553.0400828117702,436.1220271137725,0.7885902679900486,0.0
9xkgmv,2021-04,582.0564330219205,503.0858674011977,0.864324898514181,0.0
9xkgmv,2021-05,581.855241096559,561.8624091017964,0.9656395086223091,0.0
9xkgmv,2021-06,635.7993408330359,573.4607428023953,0.9019524022328123,0.0
9xkgmv,2021-07,628.2140092173348,611.0594888622755,0.9726931903724475,0.0
9xkgmv,2021-08,644.8430861244739,591.1463851497007,0.9167290428784901,0.0
9xkgmv,2021-09,595.6717728689047,550.4269381556886,0.9240440175714462,0.0
9xkgmv,2021-10,482.305201982172,488.7129161197605,1.013285600302991,0.0
9xkgmv,2021-11,393.86812126075006,369.0065991856288,0.9368785623077569,0.0
9xkgmv,2021-12,338.38022622313724,314.0087865868264,0.9279761707463376,0.0
9xkgmv,2022-01,481.5949720098523,352.6323152095809,0.7322176013132605,0.0
9xkgmv,2022-02,600.6200858021649,394.4163208622755,0.6566818695973318,0.0
9xkgmv,2022-03,694.8161630336015,556.4346946107785,0.8008372922434005,0.0
9xkgmv,2022-04,717.1928905461372,632.7277519520959,0.8822281429341531,0.0
9xkgmv,2022-05,733.5741537335365,713.2088876646707,0.9722382993386334,0.0
9xkgmv,2022-06,832.062996087118,735.9207251736527,0.8844531347198631,0.0
9xkgmv,2022-07,827.9052586297825,779.1109880718564,0.9410629778597099,0.0
9xkgmv,2022-08,850.4484469825304,772.4048009580839,0.9082323610545089,0.0
9xkgmv,2022-09,756.7710990392223,716.4702143233534,0.9467462687633896,0.0
9xkgmv,2022-10,733.8655042205335,637.2738151856288,0.8683795757132658,0.0
9xkgmv,2022-11,454.955043774826,486.4910923113773,1.0693168456269708,5.684341886080802e-14
9xkgmv,2022-12,422.4215714920472,415.1644093892216,0.9828200958649144,0.0
9xkgmv,2023-01,0.0,,,
c21g7y,2018-01,1369.4846090432598,1707.324234904991,1.2466910716855377,0.0
c21g7y,2018-02,3055.9150595496903,2586.388961145644,0.8463549904841811,0.0
c21g7y,2018-03,4456.680331825778,3732.6032636589734,0.8375299518352104,0.0
c21g7y,2018-04,5486.626333965213,4698.296087679564,0.8563178539414186,0.0
c21g7y,2018-05,6939.652034061161,5557.67922661199,0.8008584867560823,0.0
c21g7y,2018-06,7298.200015424705,5791.176078440692,0.7935074492616089,0.0
c21g7y,2018-07,7903.812875436489,6596.334728627905,0.8345762776251989,0.0
c21g7y,2018-08,6994.999894958063,6112.02959769854,0.8737712207978787,0.0
c21g7y,2018-09,6120.620124369055,5391.559757165622,0.8808845586902703,0.0
c21g7y,2018-10,4094.23176006926,3842.7784019960714,0.9385835065504609,0.0
c21g7y,2018-11,2440.750027747185,2036.5857103747471,0.8344097868369249,0.0
c21g7y,2018-12,1439.2582227780329,1687.7461735042236,1.1726500128980075,0.0
c21g7y,2019-01,1726.0862730820045,1943.975467669891,1.1262330846295623,2.2737367544323206e-13
c21g7y,2019-02,2373.956692026526,2817.336305239242,1.1867681978790545,0.0
c21g7y,2019-03,5287.752050497968,4328.302027995859,0.818552380418111,0.0
c21g7y,2019-04,5894.720650656488,5349.163224856901,0.907449825338402,0.0
c21g7y,2019-05,7322.5910536237725,6150.905034060837,0.8399902423906226,0.0
c21g7y,2019-06,8310.724051043799,6482.814439783352,0.7800541083985495,0.0
c21g7y,2019-07,8258.572771639147,7158.333379901206,0.8667760856311294,0.0
c21g7y,2019-08,7727.536461621288,6726.8738503956365,0.8705069052478199,0.0
c21g7y,2019-09,5665.056844007575,5735.64147662714,1.0124596512556143,0.0
c21g7y,2019-10,5116.51314658718,4298.025074398166,0.8400301047335406,0.0
c21g7y,2019-11,3497.0491558555887,2253.526193603968,0.6444079259882808,0.0
c21g7y,2019-12,1524.0212569229573,1822.8078707128368,1.1960514739755916,0.0
c21g7y,2020-01,2285.4954642181133,2160.5881188588237,0.9453478043098976,0.0
c21g7y,2020-02,4661.795458043349,3492.498251089355,0.7491744935019582,0.0
c21g7y,2020-03,6633.34330602612,4817.691107244582,0.7262839996337754,0.0
c21g7y,2020-04,8036.038252992142,6009.358386522298,0.7478011175823822,0.0
c21g7y,2020-05,8405.062968699869,6881.468164533902,0.8187289244780467,0.0
c21g7y,2020-06,8697.739450556473,7211.180682454937,0.8290867671362094,0.0
c21g7y,2020-07,10014.183454617712,8129.76144198761,0.8118246963249747,0.0
c21g7y,2020-08,9092.884601516946,7841.987609404279,0.8624312254106928,0.0
c21g7y,2020-09,6842.427758666927,6496.7316267983115,0.9494775620494142,0.0
c21g7y,2020-10,5698.39090410682,4829.2850368057625,0.8474822310496996,0.0
c21g7y,2020-11,3093.2223711538436,2503.274911773827,0.8092773850074179,0.0
c21g7y,2020-12,2481.475178153464,2161.4381977890876,0.8710295459805787,0.0
c21g7y,2021-01,2564.4835191303673,2557.9105879261315,0.9974369376308315,0.0
c21g7y,2021-02,4672.191896695535,3801.094643130022,0.8135570471363542,0.0
c21g7y,2021-03,7505.275595156298,5489.043980152171,0.7313580841314676,0.0
c21g7y,2021-04,9679.155420153978,7150.920098664017,0.7387958750795902,0.0
c21g7y,2021-05,11047.583661230492,8066.5399200359325,0.7301632798078737,9.094947017729282e-13
c21g7y,2021-06,10590.067258984589,8530.708289890239,0.8055386317450256,0.0
c21g7y,2021-07,11387.352043722998,9666.702446774,0.848898181917765,0.0
c21g7y,2021-08,10434.505893811678,9235.57901193983,0.8850997935050391,0.0
c21g7y,2021-09,8514.86598468013,8142.655034818959,0.9562869279997068,0.0
c21g7y,2021-10,6408.772615147648,5785.382758938534,0.9027286668377525,0.0
c21g7y,2021-11,3467.840859582418,3067.4371573056005,0.8845380400976554,0.0
c21g7y,2021-12,3259.5909919446503,2616.956564943622,0.8028481399693534,0.0
c21g7y,2022-01,3249.589588280861,3235.486923190815,0.9956601703978543,0.0
c21g7y,2022-02,6425.221994906703,4826.052160874003,0.7511105709187375,0.0
c21g7y,2022-03,8660.13785749839,6720.734229442471,0.7760539543401512,0.0
c21g7y,2022-04,11519.411067694351,9585.48880255789,0.8321162207189519,0.0
c21g7y,2022-05,13237.72459742151,11034.876294879825,0.83359313103018,0.0
c21g7y,2022-06,13683.210457625335,11617.264932569904,0.8490160235820879,0.0
c21g7y,2022-07,15886.356956967644,13470.894847515248,0.8479536802556239,0.0
c21g7y,2022-08,13436.494177340173,11842.120287348507,0.8813400378887165,0.0
c21g7y,2022-09,11737.865620495193,10538.786950855145,0.897845254971537,0.0
c21g7y,2022-10,9554.667170880472,7656.571251033505,0.8013435857157069,0.0
c21g7y,2022-11,4413.742497194541,4128.862769535608,0.935456196676628,0.0
c21g7y,2022-12,3810.8482820768795,3552.5593166407816,0.9322227109772703,0.0
c21g7y,2023-01,0.7114498400661247,,,
c237sz,2018-01,1164.0490424434736,1505.9453068349148,1.2937129381368344,0.0
c237sz,2018-02,2468.71090057032,2577.0370730439204,1.0438796508933366,0.0
c237sz,2018-03,3678.3995517751896,3475.948892833769,0.9449622978439854,0.0
c237sz,2018-04,4498.920238350723,4790.152355216514,1.064733780871064,0.0
c237sz,2018-05,6001.887011268333,5381.812801440245,0.896686790560382,0.0
c237sz,2018-06,5838.92532310564,5663.724194696681,0.969994285127152,0.0
c237sz,2018-07,8002.628961340286,6516.810046881817,0.8143336493999312,0.0
c237sz,2018-08,6815.638138179025,6225.264933493764,0.9133796142465107,0.0
c237sz,2018-09,5426.1176947266595,5512.465407674793,1.01591335054012,0.0
c237sz,2018-10,4105.316982523015,3577.5713505353765,0.8714482622817348,0.0
c237sz,2018-11,2510.967181696455,1835.471889520615,0.7309820307091934,0.0
c237sz,2018-12,1880.8446717092934,1654.9314922420374,0.8798873809914626,0.0
c237sz,2019-01,2938.6094748568985,2150.374604914285,0.7317660353691611,0.0
c237sz,2019-02,3514.7456755617454,3666.352973944699,1.0431346425538237,0.0
c237sz,2019-03,6650.688815753613,4946.76284705861,0.7437970688601635,0.0
c237sz,2019-04,6034.142829758625,6722.191084026414,1.114025848190821,9.094947017729282e-13
c237sz,2019-05,8468.657858920991,7542.728929367092,0.8906640290611677,0.0
c237sz,2019-06,8292.447265587723,7800.8582975271775,0.9407184691905659,0.0
c237sz,2019-07,7652.078934222205,8848.519498743364,1.1563549689967711,0.0
c237sz,2019-08,8408.651204590986,8420.21178039785,1.0013748430664544,0.0
c237sz,2019-09,5490.765075521559,7274.500376304356,1.3248609758838321,0.0
c237sz,2019-10,5070.948628158873,4774.585832188045,0.9415567347053899,0.0
c237sz,2019-11,4369.6842711875015,2402.689735031722,0.5498543111854554,0.0
c237sz,2019-12,2085.5672935753128,2137.439635339405,1.024872053720773,0.0
c237sz,2020-01,1996.1878057653603,2685.4665865783154,1.3452975610922933,0.0
c237sz,2020-02,4345.754833264551,4739.019633203352,1.0904940142799953,0.0
c237sz,2020-03,6678.259554912329,6119.4493841214,0.9163239813912466,0.0
c237sz,2020-04,8236.477684204268,8252.502119855293,1.0019455447177081,0.0
c237sz,2020-05,7926.430581145191,9142.413108281977,1.1534085884798229,0.0
c237sz,2020-06,8104.269034012355,9429.13875578325,1.163478003532536,0.0
c237sz,2020-07,10889.162965177222,10770.94535398942,0.9891435538648973,0.0
c237sz,2020-08,11397.222368238976,10227.664905650086,0.8973822371099703,0.0
c237sz,2020-09,8362.474144013217,8820.874669784394,1.0548163758568212,0.0
c237sz,2020-10,6141.961002172499,5767.8251138698,0.9390852712724223,0.0
c237sz,2020-11,3134.7827854057778,2902.140274630508,0.9257867205796986,0.0
c237sz,2020-12,3222.9371881385214,2552.903587844041,0.7921046668981243,0.0
c237sz,2021-01,3269.8779468559715,3226.433391622582,0.9867137073800684,0.0
c237sz,2021-02,3160.273784429564,5477.96270937409,1.7333823216088458,0.0
c237sz,2021-03,7239.263759912603,7427.972482513907,1.0260673914999863,0.0
c237sz,2021-04,12011.137960401416,10116.596998382052,0.8422679875740893,0.0
c237sz,2021-05,11246.25981958013,11259.240048281614,1.0011541818266447,0.0
c237sz,2021-06,13395.444917195922,11714.654167827865,0.8745252016817745,0.0
c237sz,2021-07,15556.776885667141,13336.38033488538,0.8572714279377839,0.0
c237sz,2021-08,11938.641943110808,12736.49363758226,1.0668293511333466,0.0
c237sz,2021-09,9882.413698039381,11044.74710665494,1.1176163480027315,1.8189894035458565e-12
c237sz,2021-10,6062.039882673364,7193.839793952698,1.1867028150894,9.094947017729282e-13
c237sz,2021-11,3448.795631767014,3639.6722987451826,1.0553458909597295,0.0
c237sz,2021-12,2974.919466716873,3276.7205247304933,1.101448479997574,4.547473508864641e-13
c237sz,2022-01,6010.336259550473,4021.04918139407,0.6690223321539772,0.0
c237sz,2022-02,6858.625589183452,6899.611010691627,1.00597574849002,9.094947017729282e-13
c237sz,2022-03,8736.056915964116,9328.255374054685,1.0677878433928694,0.0
c237sz,2022-04,11007.341244774358,12778.422925651725,1.1609000431160588,1.8189894035458565e-12
c237sz,2022-05,11309.603812554544,14381.919746375526,1.2716554872072947,0.0
c237sz,2022-06,12340.485519482647,14843.57839015234,1.2028358500739629,0.0
c237sz,2022-07,18180.86237130142,16998.244130751435,0.9349525772541596,0.0
c237sz,2022-08,18045.579884674156,16180.743695480656,0.8966596695084719,0.0
c237sz,2022-09,14574.089308959668,14238.410345195243,0.9769674141108727,0.0
c237sz,2022-10,12108.57942489241,9293.109363701644,0.7674813896498198,0.0
c237sz,2022-11,7607.697465056424,4742.0182816863,0.6233184617904795,0.0
c237sz,2022-12,4277.9179417333235,4371.838611751927,1.0219547619421023,0.0
c237sz,2023-01,7.502435961457293,,,
c245ue,2018-01,308.94581709006195,371.12114566165167,1.2012499445929212,0.0
c245ue,2018-02,649.8217245597414,562.2034847062514,0.8651657269340265,0.0
c245ue,2018-03,972.9230534421591,811.3561391498812,0.8339365957866234,0.0
c245ue,2018-04,1235.034020971935,1021.2688317016278,0.8269155459360704,0.0
c245ue,2018-05,1494.0222965667201,1208.072983228626,0.8086043869658379,0.0
c245ue,2018-06,1614.6498972139907,1258.82820440305,0.7796291979921494,0.0
c245ue,2018-07,1719.603082917446,1433.8455763748686,0.8338235669723465,0.0
c245ue,2018-08,1534.4966444997758,1328.572148302008,0.8658032280905401,0.0
c245ue,2018-09,1357.8204108963018,1171.963586690321,0.8631212031322345,0.0
c245ue,2018-10,900.1391485106788,835.3049139210483,0.9279730976072958,0.0
c245ue,2018-11,570.190321710496,442.6927273802125,0.7763946712602776,0.0
c245ue,2018-12,326.38692267123,366.8654615752068,1.1240201003541763,0.0
c245ue,2019-01,386.49483000157545,422.56203476192223,1.093318725014251,5.684341886080802e-14
c245ue,2019-02,552.3347756632176,612.404519269731,1.1087560411788024,0.0
c245ue,2019-03,1131.0058175103584,940.843206322121,0.8318641617539728,0.0
c245ue,2019-04,1271.3790386975222,1162.7478505572435,0.9145564109255985,0.0
c245ue,2019-05,1600.9942892669537,1337.022503650988,0.8351200954396719,0.0
c245ue,2019-06,1838.2243158215251,1409.1696660875784,0.7665928765923233,0.0
c245ue,2019-07,1829.8506108545573,1556.007248456128,0.8503466016438677,0.0
c245ue,2019-08,1688.1289251697851,1462.220871139429,0.8661784353895629,0.0
c245ue,2019-09,1275.933647674398,1246.7566455113342,0.9771328217448896,0.0
c245ue,2019-10,1162.3365866543727,934.2619035580644,0.8037791413304901,1.1368683772161603e-13
c245ue,2019-11,780.6670887228992,489.8490899681898,0.6274750108519864,0.0
c245ue,2019-12,332.4222557008394,396.223828766578,1.1919293066922578,0.0
c245ue,2020-01,531.6334388864092,469.6471364845707,0.8834040565023926,0.0
c245ue,2020-02,1081.4743755374325,759.1645017782599,0.7019717886528726,0.0
c245ue,2020-03,1444.1552319367056,1047.2217324696126,0.7251448523751982,0.0
c245ue,2020-04,1730.208367478384,1306.254502514993,0.7549694748146064,0.0
c245ue,2020-05,1892.8342102794031,1495.8250441505168,0.790256767352972,0.0
c245ue,2020-06,1914.8228045815745,1567.4946689869798,0.8186108214485713,0.0
c245ue,2020-07,2201.84323065174,1767.1666099639592,0.8025851183968634,0.0
c245ue,2020-08,1998.7066721492213,1704.6131990439103,0.8528581120965236,0.0
c245ue,2020-09,1525.7181312216844,1412.194845654403,0.9255935396950549,0.0
c245ue,2020-10,1279.7777843368424,1049.7419054593115,0.820253264517534,0.0
c245ue,2020-11,807.4816488642309,544.1369800594852,0.6738691595342692,0.0
c245ue,2020-12,608.7287922858388,469.8319181798413,0.7718247011375533,0.0
c245ue,2021-01,599.1163768111929,556.0131394398213,0.9280553177317747,0.0
c245ue,2021-02,1084.8711332476164,826.2441133832331,0.7616057687052928,0.0
c245ue,2021-03,1675.2304891382662,1193.1537366214604,0.7122325819387488,0.0
c245ue,2021-04,2198.6125568533103,1554.395823180477,0.706989423095606,0.0
c245ue,2021-05,2440.572270726214,1753.4241448963996,0.7184479500681423,0.0
c245ue,2021-06,2346.255553125666,1854.3204443095087,0.7903318297272415,0.0
c245ue,2021-07,2483.6140015778283,2101.2515452383864,0.8460459410775873,0.0
c245ue,2021-08,2272.7505612924597,2007.5382248355124,0.883307767700593,0.0
c245ue,2021-09,1896.7653267561873,1769.9692908170964,0.9331514372650753,0.0
c245ue,2021-10,1473.9118086859764,1257.5689102825372,0.8532185595308355,0.0
c245ue,2021-11,813.3011214113607,666.7689527219319,0.8198303619265341,0.0
c245ue,2021-12,749.86191615509,568.8479661174043,0.7586036226965186,0.0
c245ue,2022-01,878.2859155914146,703.2979378838885,0.8007619448278482,0.0
c245ue,2022-02,1470.6854334557954,1049.0391750727522,0.7132994936978025,0.0
c245ue,2022-03,1887.7867325444681,1460.886301456949,0.7738619391015011,0.0
c245ue,2022-04,2657.17944064268,2083.5981317457126,0.7841390385143737,0.0
c245ue,2022-05,3004.2281224776275,2398.651556081435,0.7984252387941947,0.0
c245ue,2022-06,3143.105144887802,2525.2454004263545,0.8034237749041313,0.0
c245ue,2022-07,3479.2738293850075,2928.169018332773,0.8416034959945514,0.0
c245ue,2022-08,2936.3147408740947,2574.1222189986847,0.8766506475502721,0.0
c245ue,2022-09,2563.622003000612,2290.8165930785103,0.8935859461329344,0.0
c245ue,2022-10,2137.224878763291,1664.3092368929822,0.7787244353322509,0.0
c245ue,2022-11,961.9254290221996,897.4910857486099,0.9330152407561494,0.0
c245ue,2022-12,809.0544851588477,772.2199782960787,0.9544721554129485,0.0
c245ue,2023-01,0.20112502951351466,,,
c26crp,2018-01,145.04809660391098,153.5806955238329,1.0588259971671483,0.0
c26crp,2018-02,284.0256138966549,262.81375842301725,0.9253171036843327,0.0
c26crp,2018-03,449.64179061833426,354.4874081042757,0.7883773606025253,0.0
c26crp,2018-04,538.7651141439438,488.5137109829479,0.906728550454048,0.0
c26crp,2018-05,693.1131553943693,548.8529692764386,0.7918663280372319,0.0
c26crp,2018-06,742.0614833671295,577.6031155506168,0.7783763589638459,0.0
c26crp,2018-07,821.2272361200666,664.603299372364,0.8092806352993344,0.0
c26crp,2018-08,712.1991167708662,634.8706782157443,0.891423006945401,0.0
c26crp,2018-09,649.9183183819274,562.1773031990801,0.8649968577569992,0.0
c26crp,2018-10,489.1132258184589,364.8511627929877,0.745944177204497,0.0
c26crp,2018-11,272.95986056526255,187.18677771869545,0.6857666813393634,0.0
c26crp,2018-12,170.41909639782924,168.77474133307882,0.9903511102951056,0.0
c26crp,2019-01,217.2889965997079,219.30147526647636,1.009261760596538,2.842170943040401e-14
c26crp,2019-02,362.90353509334795,373.9053717413831,1.0303161462596533,5.684341886080802e-14
c26crp,2019-03,641.2153586697056,504.4853058040042,0.7867642266876331,0.0
c26crp,2019-04,805.9969246429596,685.5486566764531,0.8505598913794087,0.0
c26crp,2019-05,969.0726161368574,769.2294998113911,0.7937790078909386,0.0
c26crp,2019-06,1059.655210102294,795.5542857894912,0.7507671157608825,0.0
c26crp,2019-07,1072.9294523665112,902.3978313192324,0.8410598006503176,0.0
c26crp,2019-08,987.2578427218001,858.7177607461642,0.8698009006226175,0.0
c26crp,2019-09,746.6969769728032,741.8747694956492,0.9935419485736987,0.0
c26crp,2019-10,669.2306288993733,486.9261915539558,0.7275910135116826,0.0
c26crp,2019-11,422.20547546531685,245.03330828773392,0.5803650651798873,0.0
c26crp,2019-12,205.38653583416914,217.98232933543,1.0613272600859815,0.0
c26crp,2020-01,271.39433262295637,273.8717165230512,1.009128355320288,0.0
c26crp,2020-02,614.3014227317752,483.2990468280371,0.7867457716096838,0.0
c26crp,2020-03,905.2229856321591,624.0792998063918,0.6894205181616863,0.0
c26crp,2020-04,1118.3712289472771,841.6142403226197,0.7525356684245456,0.0
c26crp,2020-05,1163.579022886997,932.369958964302,0.8012949190601304,0.0
c26crp,2020-06,1174.936049555112,961.6110769304768,0.8184369500745079,0.0
c26crp,2020-07,1361.1075351868385,1098.452428124091,0.8070283939566223,0.0
c26crp,2020-08,1252.0618127088312,1043.047103148633,0.8330635856483829,0.0
c26crp,2020-09,954.0431180839274,899.5785310167006,0.9429118180983141,0.0
c26crp,2020-10,814.1624270586258,588.2196309703436,0.7224843734135957,0.0
c26crp,2020-11,473.79063588728496,295.9687313095368,0.6246825261864143,0.0
c26crp,2020-12,347.6137943269685,260.3525552003042,0.7489707239736706,0.0
c26crp,2021-01,404.4063988134898,329.0410894059349,0.8136396713091748,0.0
c26crp,2021-02,655.0432041890239,558.6586173753514,0.8528576646589267,0.0
c26crp,2021-03,1154.8389122097824,757.5263025946225,0.6559584151395601,1.1368683772161603e-13
c26crp,2021-04,1411.029617415913,1031.720073958939,0.7311824367289881,0.0
c26crp,2021-05,1582.577753610038,1148.2501454977762,0.7255568599258321,0.0
c26crp,2021-06,1539.1136049310367,1194.6946059398936,0.7762224972297769,0.0
c26crp,2021-07,1611.9411162678489,1360.0829713443195,0.8437547486184481,0.0
c26crp,2021-08,1444.7545900874557,1298.9047759681926,0.8990487276386266,0.0
c26crp,2021-09,1215.3327734720674,1126.3755295934227,0.9268042088386179,0.0
c26crp,2021-10,975.5156166377047,733.6487680049568,0.7520625559369445,0.0
c26crp,2021-11,486.50716863695334,371.1843986518627,0.7629577169269872,0.0
c26crp,2021-12,485.8035336005137,334.16951793754237,0.687869673283062,0.0
c26crp,2022-01,434.0607425878192,410.0783256942929,0.9447487078639134,0.0
c26crp,2022-02,933.5696141632268,703.6424583659043,0.7537118257609425,0.0
c26crp,2022-03,1341.7545285360911,951.3226953655223,0.7090139627875556,1.1368683772161603e-13
c26crp,2022-04,1537.6067447101257,1303.1808470813337,0.8475384564777084,0.0
c26crp,2022-05,1705.7955976848089,1466.7101305681294,0.8598393222252548,0.0
c26crp,2022-06,1831.8921792393244,1513.7914258077612,0.8263539977753214,0.0
c26crp,2022-07,2074.347729307487,1733.5305236094446,0.8356990966930009,0.0
c26crp,2022-08,1935.1261913522112,1650.1594444141458,0.8527399669274598,0.0
c26crp,2022-09,1655.417445888903,1452.074623191172,0.8771652291071858,0.0
c26crp,2022-10,1351.7858642403887,947.7384027020312,0.7011009863123516,0.0
c26crp,2022-11,792.2040418405741,483.60485774796393,0.6104549234871062,5.684341886080802e-14
c26crp,2022-12,609.915336444444,445.8528551225882,0.7310077784266374,0.0
c26crp,2023-01,0.5850999588592118,,,
c2967d,2018-01,854.2273968208582,1801.8652423442952,2.1093507993892735,2.2737367544323206e-13
c2967d,2018-02,1939.6807890499579,3083.4277374321305,1.5896573059025716,0.0
c2967d,2018-03,3521.231994130127,4158.976734238655,1.1811140933547248,0.0
c2967d,2018-04,4491.645605771718,5731.4226454470245,1.2760184459081558,0.0
c2967d,2018-05,6514.970125777062,6439.3450304645075,0.9883921040538103,0.0
c2967d,2018-06,5623.69370645267,6776.652327498575,1.2050180328496538,0.0
c2967d,2018-07,8807.722584845566,7797.370502860947,0.8852879308752283,9.094947017729282e-13
c2967d,2018-08,7397.6859590852855,7448.536448924851,1.0068738373216715,9.094947017729282e-13
c2967d,2018-09,4978.660558866954,6595.671019813027,1.3247882521466925,0.0
c2967d,2018-10,4280.906572909145,4280.568118429743,0.999920938597085,0.0
c2967d,2018-11,2333.0677837419366,2196.144166734838,0.9413117707246846,0.0
c2967d,2018-12,1750.8121654300676,1980.1273796584128,1.1309764798053117,0.0
c2967d,2019-01,2713.2392717601333,2572.9256175700193,0.9482855582806415,0.0
c2967d,2019-02,4233.924012272345,4386.795430041993,1.0361063205968126,0.0
c2967d,2019-03,8081.58675617448,5918.807273929852,0.7323818270474886,0.0
c2967d,2019-04,6165.246780605872,8043.109143293549,1.3045883529909788,0.0
c2967d,2019-05,9733.69150832457,9024.883592097964,0.9271799485713709,0.0
c2967d,2019-06,9662.554680825893,9333.735669530644,0.9659697645025752,0.0
c2967d,2019-07,9260.038605094023,10587.263467423676,1.1433282212883578,0.0
c2967d,2019-08,9867.794891337764,10074.792803839897,1.0209771194863242,1.8189894035458565e-12
c2967d,2019-09,6394.653565327309,8703.947828644621,1.3611289086618583,0.0
c2967d,2019-10,5598.938557792945,5712.797283249708,1.0203357697680548,9.094947017729282e-13
c2967d,2019-11,4717.823369654156,2874.820952687942,0.6093532392881176,0.0
c2967d,2019-12,1979.6712207758508,2557.4489120203725,1.2918553773884158,0.0
c2967d,2020-01,1642.108395604956,3213.163771533231,1.9567306154290105,0.0
c2967d,2020-02,4152.448250340999,5670.242286423489,1.3655178691168153,0.0
c2967d,2020-03,7411.2635222588215,7321.928025864418,0.9879459830127352,0.0
c2967d,2020-04,9711.382536082512,9874.128007604952,1.0167582186076762,0.0
c2967d,2020-05,9649.590958885632,10938.907499628083,1.1336135952535076,0.0
c2967d,2020-06,9157.755435297126,11281.97505724546,1.2319585445316505,0.0
c2967d,2020-07,12456.334557129407,12887.448151309807,1.034609988372033,1.8189894035458565e-12
c2967d,2020-08,13683.38751952695,12237.412487819953,0.8943262383204809,0.0
c2967d,2020-09,9397.470110306758,10554.186398684433,1.1230880518693043,0.0
c2967d,2020-10,5750.370053916839,6901.209193609716,1.200133057334108,0.0
c2967d,2020-11,3140.803451954378,3472.4140813949784,1.105581464906457,0.0
c2967d,2020-12,3147.997675191951,3054.55199542415,0.9703158358393313,0.0
c2967d,2021-01,3556.7299771261664,3860.4311582353166,1.0853877530940768,0.0
c2967d,2021-02,3687.2033675930015,6554.388502743538,1.7776042841440094,0.0
c2967d,2021-03,8235.690076195559,8887.577375211331,1.0791539376766968,0.0
c2967d,2021-04,13806.987444334898,12104.519612668457,0.8766951995480393,0.0
c2967d,2021-05,13724.66632385957,13471.693298642163,0.9815680017824822,0.0
c2967d,2021-06,16288.15956595162,14016.596801550832,0.860539015767674,0.0
c2967d,2021-07,17791.820446120586,15956.993972522934,0.8968724713047717,0.0
c2967d,2021-08,13101.05598193139,15239.228868897097,1.1632061484138847,1.8189894035458565e-12
c2967d,2021-09,10699.17434708579,13215.05225431528,1.2351469212121735,1.8189894035458565e-12
c2967d,2021-10,6491.73170135263,8607.437351732171,1.3259077466092304,0.0
c2967d,2021-11,3004.628836910209,4354.871972353263,1.4493876644116777,0.0
c2967d,2021-12,3999.2948176613404,3920.5997691888742,0.9803227688729174,0.0
c2967d,2022-01,5862.524330351711,4811.189838586356,0.8206686347854727,0.0
c2967d,2022-02,6982.172252224516,8255.392283794326,1.1823529963993888,0.0
c2967d,2022-03,9238.273171681425,11161.267978281943,1.208155222395369,0.0
c2967d,2022-04,12293.348677127688,15289.397308923244,1.2437129793096844,0.0
c2967d,2022-05,13989.744672109531,17207.98304663791,1.2300426812609653,0.0
c2967d,2022-06,14618.807869509623,17760.35812976597,1.2148978417596323,0.0
c2967d,2022-07,21837.771737268424,20338.418095977704,0.9313412714754263,0.0
c2967d,2022-08,20815.065775208997,19360.277911715868,0.9301088990443739,0.0
c2967d,2022-09,16765.46766049554,17036.273887770865,1.0161526199423252,0.0
c2967d,2022-10,13452.2529896383,11119.21573762301,0.826569032428075,0.0
c2967d,2022-11,8773.634425488863,5673.830172683972,0.6466909717825209,0.0
c2967d,2022-12,5018.524638495113,5230.90978397536,1.0423202356826395,9.094947017729282e-13
c2967d,2023-01,1.2306049092260671,,,
c2e2u0,2018-01,345.2084140348204,308.9194006053665,0.8948779579115544,0.0
c2e2u0,2018-02,591.4539691611099,528.6358968877254,0.8937904290971576,0.0
c2e2u0,2018-03,838.9409100993587,713.0325674083768,0.8499198916452053,0.0
c2e2u0,2018-04,1020.6961492663847,982.6193472404012,0.9626952623918971,0.0
c2e2u0,2018-05,1340.295939610792,1103.9885560554828,0.8236901444139789,0.0
c2e2u0,2018-06,1447.0680672733345,1161.8179461623763,0.8028771917768553,0.0
c2e2u0,2018-07,1621.8578816360846,1336.8141886725566,0.8242486618642665,0.0
c2e2u0,2018-08,1366.2759842863513,1277.008602594168,0.9346637262757638,0.0
c2e2u0,2018-09,1235.0934869361472,1130.7897450643543,0.9155499215443719,0.0
c2e2u0,2018-10,992.75281181064,733.8787087514543,0.739236091825279,0.0
c2e2u0,2018-11,562.0259215979726,376.5162475458115,0.6699268362485609,0.0
c2e2u0,2018-12,444.61455188189876,339.48141563045374,0.7635409461825912,0.0
c2e2u0,2019-01,440.98614909944365,441.1132535903868,1.000288227852967,5.684341886080802e-14
c2e2u0,2019-02,731.4274294835847,752.0907684882199,1.028250702901892,0.0
c2e2u0,2019-03,1490.5994148990237,1014.7453607475276,0.6807632893216106,1.1368683772161603e-13
c2e2u0,2019-04,1576.0792978661143,1378.9446608765998,0.8749208639080412,0.0
c2e2u0,2019-05,1923.22361795162,1547.264226139834,0.8045160280361929,0.0
c2e2u0,2019-06,2069.020486425075,1600.2151330079262,0.7734167658111656,0.0
c2e2u0,2019-07,2067.6167971193863,1815.1252421920449,0.8778828091940857,0.0
c2e2u0,2019-08,1944.167614494103,1727.26510343041,0.8884342535866518,0.0
c2e2u0,2019-09,1402.6484414307854,1492.2416410158523,1.0638743087281917,0.0
c2e2u0,2019-10,1249.6795511604955,979.4261363438044,0.7837418284025497,0.0
c2e2u0,2019-11,774.7448195980737,492.871467122964,0.6361726527950952,5.684341886080802e-14
c2e2u0,2019-12,329.0224865035481,438.45986171102385,1.332613665316445,0.0
c2e2u0,2020-01,398.52084337314756,550.8783914703315,1.382307602301561,0.0
c2e2u0,2020-02,1193.7605380594412,972.1303276432518,0.814342823916371,0.0
c2e2u0,2020-03,1817.4712127261753,1255.30231888089,0.6906862183516834,0.0
c2e2u0,2020-04,2172.575946460283,1692.862281777196,0.7791959054574497,0.0
c2e2u0,2020-05,2245.0176601610174,1875.412582833406,0.8353665167600052,0.0
c2e2u0,2020-06,2254.1940785891984,1934.2295363856165,0.8580581214179066,0.0
c2e2u0,2020-07,2696.09818502894,2209.478636180192,0.8195097079361283,0.0
c2e2u0,2020-08,2480.517676994926,2098.0337718150085,0.845804805695525,0.0
c2e2u0,2020-09,1894.3720223125492,1809.4543695826064,0.9551737189265075,0.0
c2e2u0,2020-10,1515.508157142714,1183.1725022723963,0.7807100850602535,0.0
c2e2u0,2020-11,837.690764345275,595.3253614474258,0.7106743762571169,0.0
c2e2u0,2020-12,600.5011268407425,523.6853175083625,0.8720804909451033,0.0
c2e2u0,2021-01,742.8431004631129,661.8486507507998,0.8909669489266058,0.0
c2e2u0,2021-02,1200.6934794718695,1123.7120956769922,0.9358858983487294,0.0
c2e2u0,2021-03,2193.669159770975,1523.7238673920156,0.6946005784897374,0.0
c2e2u0,2021-04,2734.017196771028,2075.2500550465384,0.7590479158278458,0.0
c2e2u0,2021-05,3104.0059659704502,2309.644096104203,0.7440849410165697,0.0
c2e2u0,2021-06,3151.5800658519115,2403.0646580588277,0.7624951953772588,0.0
c2e2u0,2021-07,3239.2437391259186,2735.734558618746,0.8445596500116908,0.0
c2e2u0,2021-08,2675.0538971737233,2612.6778724821843,0.9766823297439199,0.0
c2e2u0,2021-09,2336.9624323793473,2265.6444696498693,0.9694826233655512,0.0
c2e2u0,2021-10,1802.7282644731317,1475.6954765306864,0.8185900812743819,0.0
c2e2u0,2021-11,820.626188914054,746.6176758380599,0.909814585403458,0.0
c2e2u0,2021-12,973.6497013994396,672.1642119782576,0.6903552797398769,0.0
c2e2u0,2022-01,988.3318535648785,824.8507414466986,0.8345888463186639,0.0
c2e2u0,2022-02,1791.676942512297,1415.3393806264544,0.7899523329478468,0.0
c2e2u0,2022-03,2491.3776139549304,1913.5350040721348,0.7680630159610766,0.0
c2e2u0,2022-04,3153.3282886333477,2621.278962096422,0.8312737279988327,0.0
c2e2u0,2022-05,3285.496765456801,2950.2094182573446,0.8979492688215022,0.0
c2e2u0,2022-06,3569.3532847766223,3044.910939536067,0.8530707656545754,0.0
c2e2u0,2022-07,4137.709583671389,3486.904447580352,0.8427136745751069,0.0
c2e2u0,2022-08,3745.839360136205,3319.207956006399,0.886105258898691,0.0
c2e2u0,2022-09,3055.6336799320966,2920.7708735820243,0.9558642100210555,0.0
c2e2u0,2022-10,2615.4287603863663,1906.3253900159975,0.7288768170211541,0.0
c2e2u0,2022-11,1335.1936025635034,972.74545004363,0.7285426234637497,1.1368683772161603e-13
c2e2u0,2022-12,1119.9440906791112,896.809304664776,0.8007625667464964,0.0
c2e2u0,2023-01,0.13024371273698832,,,
c2kx95,2018-01,4.270432357372023,853.0163546915904,199.7494125434473,0.0
c2kx95,2018-02,6.723938973406841,1459.7175342132055,217.0926208560762,0.0
c2kx95,2018-03,9.590151690707488,1968.8903974149212,205.30336337877796,0.0
c2kx95,2018-04,11.202679637706696,2713.297941113111,242.20079738605745,0.0
c2kx95,2018-05,16.40443922781772,3048.433642763325,185.82979889943232,0.0
c2kx95,2018-06,16.246283507151613,3208.117416091751,197.4677725326865,0.0
c2kx95,2018-07,19.579551564999303,3691.3329622123147,188.5300053965994,0.0
c2kx95,2018-08,17.50304120014218,3526.19233677147,201.4616943678808,0.0
c2kx95,2018-09,14.32932388312023,3122.439524248746,217.90557249717426,0.0
c2kx95,2018-10,10.209807212172876,2026.4526594904378,198.48099159740775,0.0
c2kx95,2018-11,5.279262561081964,1039.6709184800393,196.9348761215928,0.0
c2kx95,2018-12,4.463847937211504,937.4069711360165,209.9997545439686,0.0
c2kx95,2019-01,5.461153667334924,1218.0420486588314,223.0374977258685,0.0
c2kx95,2019-02,7.402209780130294,2076.741455783704,280.5569576477403,0.0
c2kx95,2019-03,17.75170673212118,2802.007212460006,157.84438390872347,0.0
c2kx95,2019-04,17.831764953819324,3807.6674551269816,213.53284237359975,4.547473508864641e-13
c2kx95,2019-05,23.510253671729682,4272.446752583715,181.72695251354068,0.0
c2kx95,2019-06,23.994987806750537,4418.659614144762,184.14927524579343,0.0
c2kx95,2019-07,25.102277575909522,5012.088960321681,199.66670136465018,0.0
c2kx95,2019-08,23.205406485237106,4769.481551585679,205.53320428237032,0.0
c2kx95,2019-09,15.665960713054712,4120.513384539522,263.02334469062134,0.0
c2kx95,2019-10,15.244614780410041,2704.480556664485,177.40563442376086,0.0
c2kx95,2019-11,9.52297186866438,1360.9615368696373,142.91353115805387,0.0
c2kx95,2019-12,4.111194317739919,1210.7152615937682,294.49234651096344,0.0
c2kx95,2020-01,4.1531721728293665,1521.1355338950698,366.25872239213953,0.0
c2kx95,2020-02,13.34142993853155,2684.3347059018693,201.20292339498098,0.0
c2kx95,2020-03,18.50173983509699,3466.2549713268977,187.34751446194068,4.547473508864641e-13
c2kx95,2020-04,24.29112257780935,4674.485350439936,192.43595414195534,0.0
c2kx95,2020-05,24.369525336168778,5178.55985029223,212.50146561559458,0.0
c2kx95,2020-06,25.491731529961037,5340.970573655196,209.5177633334882,0.0
c2kx95,2020-07,31.81692089026616,6101.013430396489,191.7537354239388,0.0
c2kx95,2020-08,29.780308332929707,5793.281731566318,194.53397415500802,0.0
c2kx95,2020-09,23.209152073601864,4996.430030931865,215.27843908674348,0.0
c2kx95,2020-10,17.661284231510344,3267.083559277741,184.98561692636036,0.0
c2kx95,2020-11,9.10280420196782,1643.86655121755,180.5890267157656,0.0
c2kx95,2020-12,7.172621961632371,1446.047544023142,201.60654663779957,0.0
c2kx95,2021-01,7.771433913291785,1827.5567099853658,235.1633855960127,0.0
c2kx95,2021-02,12.547776183098577,3102.896074830024,247.2865334504068,0.0
c2kx95,2021-03,23.969307294419387,4207.444972288122,175.53469195447767,0.0
c2kx95,2021-04,33.12117420557632,5730.369259944007,173.0122617144182,0.0
c2kx95,2021-05,35.89448106612641,6377.599411474241,177.6763229902988,0.0
c2kx95,2021-06,36.68396352080635,6635.560766622582,180.8845100082775,0.0
c2kx95,2021-07,39.41765458235875,7554.159162628619,191.64405499685563,0.0
c2kx95,2021-08,33.110296288271385,7214.363845070263,217.88883380139964,9.094947017729282e-13
c2kx95,2021-09,28.153736989040535,6256.103639786486,222.21219308192775,0.0
c2kx95,2021-10,21.414483779276537,4074.8246097794863,190.28357871147102,0.0
c2kx95,2021-11,9.546165957388306,2061.628654411631,215.96404919150004,0.0
c2kx95,2021-12,8.832515211368467,1856.0409761648305,210.13730876748352,0.0
c2kx95,2022-01,10.834105338798125,2277.6529128785814,210.2299028533584,0.0
c2kx95,2022-02,20.57698539457517,3908.163866521688,189.92888373007347,4.547473508864641e-13
c2kx95,2022-03,27.35756461298747,5283.826948225712,193.1395218460827,0.0
c2kx95,2022-04,34.03081310952206,7238.113956247274,212.6929477985937,0.0
c2kx95,2022-05,36.047796074293714,8146.386658161086,225.98848044334147,0.0
c2kx95,2022-06,40.62872347968901,8407.885114737857,206.94435843993728,0.0
c2kx95,2022-07,50.76939170896877,9628.357802081062,189.64887066748418,0.0
c2kx95,2022-08,46.16191618336639,9165.298992382925,198.54676213994503,0.0
c2kx95,2022-09,37.66566467935563,8065.098270260689,214.1233491806964,0.0
c2kx95,2022-10,30.669547309486607,5263.919105957316,171.63341384987112,0.0
c2kx95,2022-11,16.28835243718367,2686.0332378381327,164.90515220596248,0.0
c2kx95,2022-12,10.847743223135678,2476.3514444853477,228.28263847579595,0.0
c2kx95,2023-01,0.0,,,
c2r8x7,2018-01,34.644293345305556,315.31120405200517,9.101389395051152,0.0
c2r8x7,2018-02,42.22962466146238,402.94442220031107,9.541747657729653,0.0
c2r8x7,2018-03,70.67964562256326,576.0906940087006,8.150729802538704,0.0
c2r8x7,2018-04,77.3179655183003,678.5646925272263,8.77628747702392,0.0
c2r8x7,2018-05,84.0189079960286,761.1201278576596,9.058914784915274,1.1368683772161603e-13
c2r8x7,2018-06,84.20203353836649,771.7372763816355,9.1653044938635,0.0
c2r8x7,2018-07,108.5307376538729,873.6157439229829,8.049477620884925,1.1368683772161603e-13
c2r8x7,2018-08,93.00471749179964,837.3933607117021,9.003772962221365,1.1368683772161603e-13
c2r8x7,2018-09,75.68873672817294,729.1584812264028,9.633645807104543,0.0
c2r8x7,2018-10,55.527008970397446,586.7727758167925,10.567339871117726,0.0
c2r8x7,2018-11,35.25776217294342,388.25836856995625,11.011996923273344,0.0
c2r8x7,2018-12,34.98210143524025,341.33869060973313,9.757523893801174,0.0
c2r8x7,2019-01,38.6408738010718,390.09616603410853,10.095428173865164,0.0
c2r8x7,2019-02,48.81057983028258,498.58113142508887,10.214611937794766,5.684341886080802e-14
c2r8x7,2019-03,99.71916287312327,709.8213492166519,7.11820405191113,0.0
c2r8x7,2019-04,91.45119420952011,833.8632163398173,9.118122770812453,0.0
c2r8x7,2019-05,100.33734187885095,942.6075438199239,9.394384245877717,0.0
c2r8x7,2019-06,115.53814370451241,960.0015009215858,8.308957285801473,1.1368683772161603e-13
c2r8x7,2019-07,122.20711982908288,1096.5150111630808,8.9725951540029,0.0
c2r8x7,2019-08,112.64607417323614,1048.2191186269358,9.305420773163391,0.0
c2r8x7,2019-09,79.75422905075689,927.2573154548967,11.626434441047321,0.0
c2r8x7,2019-10,73.74770242203161,745.261935687176,10.105561410202444,0.0
c2r8x7,2019-11,46.48282983024568,493.08220987880645,10.607835445465183,0.0
c2r8x7,2019-12,38.91401074184602,437.6633215988029,11.246934285500503,5.684341886080802e-14
c2r8x7,2020-01,43.82550767231163,496.8561323516296,11.337144935471828,0.0
c2r8x7,2020-02,71.42089637304136,660.2646378266427,9.244698279590162,0.0
c2r8x7,2020-03,91.42756675404925,909.3843362401276,9.946500476015913,0.0
c2r8x7,2020-04,136.99532946798024,1067.4226735950767,7.791672006194665,0.0
c2r8x7,2020-05,139.3212696442076,1202.1863245914797,8.628878617468597,2.2737367544323206e-13
c2r8x7,2020-06,143.6099314365852,1417.5503624954165,9.870837958873155,0.0
c2r8x7,2020-07,195.0631620768356,1602.967169765045,8.217682686460472,0.0
c2r8x7,2020-08,172.33289826115887,1527.6241525868818,8.864379163819729,2.2737367544323206e-13
c2r8x7,2020-09,139.60482870084377,1326.8675062776845,9.504452808870965,0.0
c2r8x7,2020-10,106.37966757148571,1068.3681022118062,10.042972746590669,0.0
c2r8x7,2020-11,74.10234386509357,700.9677886892669,9.459455020281249,0.0
c2r8x7,2020-12,64.91091721662835,575.680686700425,8.868780651784594,0.0
c2r8x7,2021-01,78.36646431723715,689.559196193751,8.799161761366827,1.1368683772161603e-13
c2r8x7,2021-02,92.3876978595924,882.7171640720222,9.554488146393094,1.1368683772161603e-13
c2r8x7,2021-03,172.56569127153588,1263.3093235955723,7.320744432378088,0.0
c2r8x7,2021-04,173.82090856512738,1486.6074667238113,8.552523853405171,0.0
c2r8x7,2021-05,189.79975240136545,1649.8493719441499,8.692579158139516,0.0
c2r8x7,2021-06,218.35938583659896,1678.8849392694697,7.688631898451116,0.0
c2r8x7,2021-07,222.20181829432644,1974.630817198973,8.886654629366694,0.0
c2r8x7,2021-08,192.52436289943572,1818.1371499113095,9.443673115080015,0.0
c2r8x7,2021-09,181.44707078993014,1567.2316006609653,8.637403700362976,0.0
c2r8x7,2021-10,117.06321041392735,1263.143094388235,10.790265275673281,0.0
c2r8x7,2021-11,78.20537375007511,833.5585864754788,10.658584525653241,0.0
c2r8x7,2021-12,69.51092440621645,735.4121130577823,10.579806258367261,0.0
c2r8x7,2022-01,104.66600590452566,836.8059927759554,7.9950121870445106,0.0
c2r8x7,2022-02,129.95805882915735,1072.5709554071327,8.253208497190103,0.0
c2r8x7,2022-03,176.0370269206283,1534.4258213362002,8.716494752141225,0.0
c2r8x7,2022-04,198.36685721888355,1824.9681314003149,9.19996493863183,0.0
c2r8x7,2022-05,221.65336400902535,2038.5069874495848,9.196824043539353,2.2737367544323206e-13
c2r8x7,2022-06,224.44688685950112,2079.6353585613347,9.265601263888954,0.0
c2r8x7,2022-07,272.24711522151335,2373.7467729678033,8.719088799293276,0.0
c2r8x7,2022-08,260.54893566861995,2292.243627887388,8.797747041280513,0.0
c2r8x7,2022-09,207.47660657927747,2010.3786308652002,9.689664121709201,0.0
c2r8x7,2022-10,171.62739716486024,1633.037588115505,9.515016920910693,0.0
c2r8x7,2022-11,103.92351891076612,1084.932397466134,10.43971960185173,0.0
c2r8x7,2022-12,105.22620829431463,995.9789928899149,9.465122891287605,1.1368683772161603e-13
c2r8x7,2023-01,0.0,,,
c82vu4,2018-01,196.89780105121216,196.2005619989496,0.9964588784204796,0.0
c82vu4,2018-02,256.80887940424157,250.72982207446017,0.9763284768662053,0.0
c82vu4,2018-03,351.1703753916008,358.4690822094279,1.0207839479901688,5.684341886080802e-14
c82vu4,2018-04,438.7548311091,422.2329315152656,0.9623436634257229,0.0
c82vu4,2018-05,469.1278268699426,473.6025707787896,1.0095384320702159,0.0
c82vu4,2018-06,507.7220240743796,480.2090296691209,0.9458109101029896,0.0
c82vu4,2018-07,605.0704174814995,543.6023132896653,0.8984116519070879,0.0
c82vu4,2018-08,525.678875700857,521.0631461060517,0.9912194881549093,0.0
c82vu4,2018-09,369.14761642581647,453.714622139863,1.229087232183283,0.0
c82vu4,2018-10,336.6664545383616,365.11594545796873,1.084503491619375,0.0
c82vu4,2018-11,198.76774067236366,241.59151065769524,1.2154462783572089,0.0
c82vu4,2018-12,193.00841565898256,212.39601406161745,1.1004494976886912,2.842170943040401e-14
c82vu4,2019-01,239.13549158255046,242.7350694360489,1.0150524618059709,2.842170943040401e-14
c82vu4,2019-02,278.81031725223926,310.23920790185605,1.1127249915259882,0.0
c82vu4,2019-03,570.5403391996846,441.68220426506,0.7741471968215639,0.0
c82vu4,2019-04,455.911394115126,518.8665343117339,1.1380863496925688,0.0
c82vu4,2019-05,588.9781979435458,586.5320593283323,0.9958468095699393,0.0
c82vu4,2019-06,660.684403860776,597.3553479234588,0.9041462829041408,0.0
c82vu4,2019-07,739.6085072385633,682.3000853309286,0.9225151937183577,0.0
c82vu4,2019-08,638.0989261342544,652.2482472228552,1.0221741810071998,0.0
c82vu4,2019-09,441.7800081104523,576.9804690475954,1.3060357156391305,0.0
c82vu4,2019-10,394.8459736981584,463.73490297583066,1.1744703855846703,0.0
c82vu4,2019-11,254.61497576335347,306.8175359666247,1.2050254901415924,0.0
c82vu4,2019-12,225.65578030288944,272.33345520398757,1.2068534421695043,0.0
c82vu4,2020-01,262.8894521581019,309.16583726576357,1.1760298282330133,5.684341886080802e-14
c82vu4,2020-02,381.2554055753684,410.8458289615808,1.0776131248330927,0.0
c82vu4,2020-03,619.4384765285195,565.859111729906,0.9135033311154886,0.0
c82vu4,2020-04,710.0058866889611,664.1975475607701,0.935481747423513,0.0
c82vu4,2020-05,793.0004184769795,748.0534452350045,0.9433203663015723,0.0
c82vu4,2020-06,893.0649781932674,882.0624646675849,0.9876800526340856,0.0
c82vu4,2020-07,1141.4663799253995,997.4369940939224,0.8738207376367142,0.0
c82vu4,2020-08,1007.209633650409,950.555240058268,0.9437511400811273,0.0
c82vu4,2020-09,788.129001971491,825.6355850485071,1.0475893958770632,1.1368683772161603e-13
c82vu4,2020-10,561.4425386929715,664.7858350163011,1.1840674498300592,0.0
c82vu4,2020-11,403.6800632797048,436.1731277437,1.080492120913787,5.684341886080802e-14
c82vu4,2020-12,346.4121594993105,358.21395754759044,1.0340686599030986,5.684341886080802e-14
c82vu4,2021-01,403.25730956946967,429.07419744730606,1.0640208801308508,5.684341886080802e-14
c82vu4,2021-02,555.0711895750421,549.2656190183623,0.9895408540999496,0.0
c82vu4,2021-03,852.8292281126984,786.0868757048149,0.9217400738532572,0.0
c82vu4,2021-04,865.9207645070546,925.0328459465082,1.0682650005201164,1.1368683772161603e-13
c82vu4,2021-05,1076.8986257585839,1026.6091716032622,0.9533015894417202,0.0
c82vu4,2021-06,1255.797266794847,1044.676384420243,0.8318829894307346,0.0
c82vu4,2021-07,1295.1207429418173,1228.702536085539,0.9487165909292659,0.0
c82vu4,2021-08,1066.548839660926,1131.3252622159682,1.06073460506097,0.0
c82vu4,2021-09,1003.0428905679611,975.200744155857,0.97224231717914,0.0
c82vu4,2021-10,708.0855108622027,785.9834405477985,1.1100120373748972,0.0
c82vu4,2021-11,403.808540375275,518.6769801512194,1.2844626309022404,0.0
c82vu4,2021-12,341.94382514999626,457.6059081585128,1.3382487838690478,0.0
c82vu4,2022-01,453.9715035882876,520.6976598257904,1.1469831381707554,0.0
c82vu4,2022-02,619.7067823321929,667.4010359616699,1.0769626135928112,0.0
c82vu4,2022-03,795.3494945708934,954.7875388602062,1.2004628724575135,1.1368683772161603e-13
c82vu4,2022-04,1052.7233214899911,1135.5758006996125,1.078702995856836,0.0
c82vu4,2022-05,1314.6112146730823,1268.4491113434342,0.9648853571197263,0.0
c82vu4,2022-06,1304.0870076432811,1294.0410009513143,0.9922965211423111,0.0
c82vu4,2022-07,1578.9175870248266,1477.0501171999642,0.9354827188816026,0.0
c82vu4,2022-08,1582.5629830701037,1426.3352594214816,0.9012818287045062,0.0
c82vu4,2022-09,1183.0502599469235,1250.9464051311525,1.0573907529400104,0.0
c82vu4,2022-10,953.0384150551763,1016.14813693974,1.0662194942906997,1.1368683772161603e-13
c82vu4,2022-11,471.2185038799384,675.092871354533,1.4326535689832327,0.0
c82vu4,2022-12,508.59176461157136,619.7421329561107,1.218545356174669,0.0
c82vu4,2023-01,0.0,,,
c8h5zm,2018-01,93.44134904598958,338.2752339490452,3.6201878226581923,0.0
c8h5zm,2018-02,125.24385915607354,432.29075572522856,3.4515924264719944,0.0
c8h5zm,2018-03,185.35854758645038,618.0472237818715,3.334333548840617,0.0
c8h5zm,2018-04,195.5462246506253,727.984375957508,3.722825011110129,0.0
c8h5zm,2018-05,202.9929634815461,816.5523013635508,4.02256456262723,0.0
c8h5zm,2018-06,212.13553387537087,827.9426939492433,3.9028949031973954,0.0
c8h5zm,2018-07,257.34905646414654,937.2409427873514,3.641905494679466,0.0
c8h5zm,2018-08,209.9520976612967,898.380493182246,4.278978410739911,1.1368683772161603e-13
c8h5zm,2018-09,170.29366037126576,782.2628966337339,4.593611382410145,0.0
c8h5zm,2018-10,140.02951121654513,629.5072787252386,4.49553292913915,0.0
c8h5zm,2018-11,90.50116613733351,416.5351207723484,4.602538713592548,0.0
c8h5zm,2018-12,98.3381166149377,366.1982953286494,3.7238693187766763,0.0
c8h5zm,2019-01,105.71857262077422,418.5067645298425,3.958687240614558,0.0
c8h5zm,2019-02,147.23981220177055,534.8926606730549,3.6327991232429926,0.0
c8h5zm,2019-03,232.4115006003216,761.517446518288,3.276591066067211,0.0
c8h5zm,2019-04,186.12208570277608,894.5932493484486,4.806486269324594,0.0
c8h5zm,2019-05,216.3172037434406,1011.2573968517436,4.674881975874321,0.0
c8h5zm,2019-06,274.39136339082637,1029.9181511549552,3.7534641704010285,0.0
c8h5zm,2019-07,297.6936924049049,1176.3739035059903,3.951625222565878,0.0
c8h5zm,2019-08,297.11956942040626,1124.5606341502084,3.7848756860542667,0.0
c8h5zm,2019-09,201.2174300085731,994.7892154975077,4.9438521079169115,0.0
c8h5zm,2019-10,182.6468477199558,799.5391613369933,4.37751415542025,1.1368683772161603e-13
c8h5zm,2019-11,112.41785628698956,528.9932541545687,4.705598128504703,0.0
c8h5zm,2019-12,121.85530954973977,469.53822319720945,3.8532438589025944,0.0
c8h5zm,2020-01,125.24518995943669,533.0420303826068,4.255988038784114,0.0
c8h5zm,2020-02,195.30344278414702,708.3515332117764,3.6269280413794838,0.0
c8h5zm,2020-03,234.70338226460885,975.6145520299665,4.156798008688434,1.1368683772161603e-13
c8h5zm,2020-04,303.55654032919887,1145.1627788441529,3.7724859349176096,0.0
c8h5zm,2020-05,313.2583103981238,1289.741230173516,4.117181212317618,0.0
c8h5zm,2020-06,396.54032588555214,1520.790172836998,3.835146323241592,0.0
c8h5zm,2020-07,459.29840842227463,1719.7108361410324,3.7442124871461484,0.0
c8h5zm,2020-08,421.8884487355391,1638.88060735485,3.8846301961260448,0.0
c8h5zm,2020-09,354.9817906407601,1423.5029086738082,4.010073040941941,0.0
c8h5zm,2020-10,263.40616862605617,1146.1770627718925,4.351367580912881,0.0
c8h5zm,2020-11,212.18879644368457,752.019083567033,3.544103629272532,0.0
c8h5zm,2020-12,170.90609699737288,617.6073557519843,3.6137233638977664,0.0
c8h5zm,2021-01,194.2582077442344,739.7796063589428,3.8082283109136714,0.0
c8h5zm,2021-02,283.5412742836741,947.005216909615,3.339920155547323,0.0
c8h5zm,2021-03,361.50431523981393,1355.3158006996125,3.749099923746487,0.0
c8h5zm,2021-04,393.14637764222437,1594.8766873296797,4.056699433158883,0.0
c8h5zm,2021-05,434.078115605159,1770.007456452588,4.077624263515283,0.0
c8h5zm,2021-06,533.7176261825945,1801.1576763102871,3.3747389779742414,0.0
c8h5zm,2021-07,523.9985110875723,2118.442646715487,4.042840965938253,0.0
c8h5zm,2021-08,464.24591512835644,1950.551587872722,4.201548197432015,0.0
c8h5zm,2021-09,420.0560293631335,1681.3726551831776,4.002734248886713,2.2737367544323206e-13
c8h5zm,2021-10,318.63048104182883,1355.137465063966,4.2530063684838355,0.0
c8h5zm,2021-11,221.01306621793842,894.2664333733017,4.046215224630547,0.0
c8h5zm,2021-12,182.11634756067207,788.9719787837048,4.332241390470775,0.0
c8h5zm,2022-01,240.21267618419137,897.7503473982539,3.7373146232710583,0.0
c8h5zm,2022-02,312.34741699918567,1150.6860086311972,3.683993995167878,0.0
c8h5zm,2022-03,445.2021463807965,1646.177639803593,3.6975959194849914,0.0
c8h5zm,2022-04,480.6011804148187,1957.8800679000722,4.073814521658432,2.2737367544323206e-13
c8h5zm,2022-05,546.9699708941765,2186.9709012069798,3.9983381494083847,0.0
c8h5zm,2022-06,579.8812075826958,2231.0946404873503,3.8475029218276195,0.0
c8h5zm,2022-07,703.8631600878757,2546.626109832232,3.618069895168674,0.0
c8h5zm,2022-08,627.9936708089506,2459.1871126911296,3.915942511846219,0.0
c8h5zm,2022-09,521.0509495196051,2156.7939640036466,4.139314909592147,0.0
c8h5zm,2022-10,413.2281230636445,1751.9712749447544,4.239719363618724,0.0
c8h5zm,2022-11,275.6999372548284,1163.9477311793325,4.221791788452603,0.0
c8h5zm,2022-12,304.5683866659033,1068.5158741539742,3.508295413883793,0.0
c8h5zm,2023-01,0.0,,,
