record_date,hour_id,utc_offset,power
2015-01-01,1,8,21717.1
2015-01-01,2,8,20995.4
2015-01-01,3,8,20252.6
2015-01-01,4,8,19605.6
2015-01-01,5,8,19325.2
2015-01-01,6,8,19635.9
2015-01-01,7,8,20011.8
2015-01-01,8,8,19828.0
2015-01-01,9,8,20205.7
2015-01-01,10,8,20308.3
2015-01-01,11,8,20825.4
2015-01-01,12,8,21059.9
2015-01-01,13,8,21011.0
2015-01-01,14,8,20773.7
2015-01-01,15,8,20644.2
2015-01-01,16,8,20743.4
2015-01-01,17,8,22121.9
2015-01-01,18,8,25227.6
2015-01-01,19,8,25833.8
2015-01-01,20,8,25860.1
2015-01-01,21,8,25366.4
2015-01-01,22,8,24700.9
2015-01-01,23,8,23127.5
2015-01-01,24,8,20976.7
2015-01-02,1,8,19478.1
2015-01-02,2,8,18642.4
2015-01-02,3,8,18090.2
2015-01-02,4,8,17938.2
2015-01-02,5,8,18291.6
2015-01-02,6,8,19578.4
2015-01-02,7,8,21156.2
2015-01-02,8,8,21936.4
2015-01-02,9,8,22785.5
2015-01-02,10,8,23521.4
2015-01-02,11,8,24350.1
2015-01-02,12,8,24383.3
2015-01-02,13,8,24176.3
2015-01-02,14,8,23787.7
2015-01-02,15,8,23732.5
2015-01-02,16,8,23884.5
2015-01-02,17,8,24786.3
2015-01-02,18,8,27517.6
2015-01-02,19,8,27806.9
2015-01-02,20,8,27453.2
2015-01-02,21,8,27107.5
2015-01-02,22,8,26112.0
2015-01-02,23,8,24466.5
2015-01-02,24,8,22311.7
2015-01-03,1,8,20592.5
2015-01-03,2,8,19505.3
2015-01-03,3,8,18862.6
2015-01-03,4,8,18453.0
2015-01-03,5,8,18534.6
2015-01-03,6,8,19354.6
2015-01-03,7,8,20374.4
2015-01-03,8,8,20672.9
2015-01-03,9,8,21484.6
2015-01-03,10,8,22314.2
2015-01-03,11,8,23012.7
2015-01-03,12,8,23378.8
2015-01-03,13,8,23422.4
2015-01-03,14,8,23060.8
2015-01-03,15,8,22616.8
2015-01-03,16,8,22661.0
2015-01-03,17,8,23864.3
2015-01-03,18,8,26700.4
2015-01-03,19,8,27135.0
2015-01-03,20,8,26901.2
2015-01-03,21,8,26436.5
2015-01-03,22,8,25491.3
2015-01-03,23,8,24047.1
2015-01-03,24,8,22230.4
2015-01-04,1,8,20471.5
2015-01-04,2,8,19431.4
2015-01-04,3,8,18756.8
2015-01-04,4,8,18446.7
2015-01-04,5,8,18445.3
2015-01-04,6,8,19105.3
2015-01-04,7,8,19650.8
2015-01-04,8,8,19738.4
2015-01-04,9,8,20488.4
2015-01-04,10,8,21265.5
2015-01-04,11,8,22201.0
2015-01-04,12,8,22487.4
2015-01-04,13,8,22347.8
2015-01-04,14,8,22336.6
2015-01-04,15,8,22225.9
2015-01-04,16,8,22485.3
2015-01-04,17,8,23614.8
2015-01-04,18,8,26740.6
2015-01-04,19,8,27342.7
2015-01-04,20,8,27502.2
2015-01-04,21,8,27099.1
2015-01-04,22,8,25711.5
2015-01-04,23,8,23511.4
2015-01-04,24,8,21239.5
2015-01-05,1,8,19861.3
2015-01-05,2,8,19050.5
2015-01-05,3,8,18710.5
2015-01-05,4,8,18585.2
2015-01-05,5,8,19381.0
2015-01-05,6,8,21380.4
2015-01-05,7,8,24660.7
2015-01-05,8,8,26240.9
2015-01-05,9,8,27066.0
2015-01-05,10,8,27177.0
2015-01-05,11,8,27483.4
2015-01-05,12,8,27687.7
2015-01-05,13,8,27929.5
2015-01-05,14,8,27846.6
2015-01-05,15,8,28753.4
2015-01-05,16,8,28625.8
2015-01-05,17,8,28876.2
2015-01-05,18,8,31083.1
2015-01-05,19,8,30964.5
2015-01-05,20,8,30774.9
2015-01-05,21,8,30367.1
2015-01-05,22,8,28686.9
2015-01-05,23,8,26046.0
2015-01-05,24,8,23231.9
2015-01-06,1,8,21463.2
2015-01-06,2,8,20380.0
2015-01-06,3,8,20292.6
2015-01-06,4,8,20149.7
2015-01-06,5,8,20579.9
2015-01-06,6,8,22277.0
2015-01-06,7,8,25818.1
2015-01-06,8,8,27218.3
2015-01-06,9,8,27074.3
2015-01-06,10,8,27028.3
2015-01-06,11,8,27413.8
2015-01-06,12,8,28174.6
2015-01-06,13,8,28473.2
2015-01-06,14,8,28938.2
2015-01-06,15,8,29484.6
2015-01-06,16,8,29244.7
2015-01-06,17,8,29088.6
2015-01-06,18,8,30775.8
2015-01-06,19,8,30681.4
2015-01-06,20,8,30560.4
2015-01-06,21,8,29625.9
2015-01-06,22,8,28105.4
2015-01-06,23,8,25818.5
2015-01-06,24,8,23411.3
2015-01-07,1,8,20823.2
2015-01-07,2,8,19934.1
2015-01-07,3,8,19704.4
2015-01-07,4,8,19193.6
2015-01-07,5,8,19740.8
2015-01-07,6,8,21281.8
2015-01-07,7,8,24348.6
2015-01-07,8,8,25912.8
2015-01-07,9,8,26519.4
2015-01-07,10,8,26779.8
2015-01-07,11,8,27537.2
2015-01-07,12,8,28238.4
2015-01-07,13,8,27800.8
2015-01-07,14,8,28292.0
2015-01-07,15,8,28425.8
2015-01-07,16,8,27808.8
2015-01-07,17,8,28124.5
2015-01-07,18,8,30252.0
2015-01-07,19,8,30679.8
2015-01-07,20,8,30520.7
2015-01-07,21,8,29371.1
2015-01-07,22,8,27661.2
2015-01-07,23,8,25108.9
2015-01-07,24,8,22541.8
2015-01-08,1,8,20429.8
2015-01-08,2,8,19571.5
2015-01-08,3,8,19643.5
2015-01-08,4,8,19355.0
2015-01-08,5,8,19888.0
2015-01-08,6,8,21334.5
2015-01-08,7,8,24019.1
2015-01-08,8,8,25221.8
2015-01-08,9,8,26104.4
2015-01-08,10,8,26151.8
2015-01-08,11,8,26643.2
2015-01-08,12,8,26847.6
2015-01-08,13,8,27170.3
2015-01-08,14,8,26936.3
2015-01-08,15,8,27283.8
2015-01-08,16,8,27346.3
2015-01-08,17,8,27686.9
2015-01-08,18,8,29852.7
2015-01-08,19,8,29813.7
2015-01-08,20,8,29972.8
2015-01-08,21,8,29074.2
2015-01-08,22,8,27236.2
2015-01-08,23,8,24811.6
2015-01-08,24,8,22270.7
2015-01-09,1,8,20094.9
2015-01-09,2,8,19272.6
2015-01-09,3,8,19084.9
2015-01-09,4,8,18934.8
2015-01-09,5,8,19494.2
2015-01-09,6,8,20506.5
2015-01-09,7,8,23445.1
2015-01-09,8,8,25727.6
2015-01-09,9,8,26711.6
2015-01-09,10,8,27248.2
2015-01-09,11,8,27520.7
2015-01-09,12,8,27330.1
2015-01-09,13,8,26958.3
2015-01-09,14,8,27257.8
2015-01-09,15,8,26924.2
2015-01-09,16,8,26906.2
2015-01-09,17,8,27808.6
2015-01-09,18,8,30009.9
2015-01-09,19,8,29974.8
2015-01-09,20,8,29008.6
2015-01-09,21,8,28235.3
2015-01-09,22,8,26521.1
2015-01-09,23,8,23918.1
2015-01-09,24,8,21885.6
2015-01-10,1,8,20416.2
2015-01-10,2,8,19462.7
2015-01-10,3,8,18815.6
2015-01-10,4,8,17944.6
2015-01-10,5,8,17956.7
2015-01-10,6,8,18657.7
2015-01-10,7,8,19510.2
2015-01-10,8,8,19721.8
2015-01-10,9,8,20807.8
2015-01-10,10,8,22368.3
2015-01-10,11,8,22921.8
2015-01-10,12,8,23224.6
2015-01-10,13,8,23402.2
2015-01-10,14,8,23327.4
2015-01-10,15,8,23336.5
2015-01-10,16,8,23565.2
2015-01-10,17,8,24396.4
2015-01-10,18,8,26457.5
2015-01-10,19,8,26332.2
2015-01-10,20,8,25924.3
2015-01-10,21,8,25290.6
2015-01-10,22,8,24111.9
2015-01-10,23,8,22208.4
2015-01-10,24,8,20708.5
2015-01-11,1,8,19129.3
2015-01-11,2,8,18148.9
2015-01-11,3,8,17555.6
2015-01-11,4,8,17221.1
2015-01-11,5,8,17228.8
2015-01-11,6,8,17601.4
2015-01-11,7,8,18127.2
2015-01-11,8,8,18641.4
2015-01-11,9,8,19933.0
2015-01-11,10,8,21257.9
2015-01-11,11,8,22310.0
2015-01-11,12,8,23039.0
2015-01-11,13,8,23012.4
2015-01-11,14,8,22864.0
2015-01-11,15,8,22761.7
2015-01-11,16,8,23286.3
2015-01-11,17,8,24425.7
2015-01-11,18,8,26701.9
2015-01-11,19,8,26937.1
2015-01-11,20,8,26660.9
2015-01-11,21,8,26224.2
2015-01-11,22,8,24782.8
2015-01-11,23,8,22505.3
2015-01-11,24,8,20451.1
2015-01-12,1,8,18818.2
2015-01-12,2,8,17987.1
2015-01-12,3,8,17649.9
2015-01-12,4,8,17418.2
2015-01-12,5,8,18632.3
2015-01-12,6,8,20456.4
2015-01-12,7,8,23475.0
2015-01-12,8,8,25721.2
2015-01-12,9,8,25821.9
2015-01-12,10,8,26601.4
2015-01-12,11,8,26852.0
2015-01-12,12,8,27342.7
2015-01-12,13,8,27506.8
2015-01-12,14,8,27549.5
2015-01-12,15,8,27257.3
2015-01-12,16,8,26915.5
2015-01-12,17,8,27372.4
2015-01-12,18,8,29588.1
2015-01-12,19,8,29963.2
2015-01-12,20,8,29909.2
2015-01-12,21,8,29127.0
2015-01-12,22,8,27339.7
2015-01-12,23,8,24855.6
2015-01-12,24,8,22193.9
2015-01-13,1,8,20402.5
2015-01-13,2,8,19580.8
2015-01-13,3,8,19220.3
2015-01-13,4,8,19088.1
2015-01-13,5,8,19521.4
2015-01-13,6,8,20858.1
2015-01-13,7,8,23437.6
2015-01-13,8,8,24948.2
2015-01-13,9,8,25463.4
2015-01-13,10,8,25418.8
2015-01-13,11,8,25906.0
2015-01-13,12,8,26486.4
2015-01-13,13,8,26320.6
2015-01-13,14,8,26738.9
2015-01-13,15,8,27066.8
2015-01-13,16,8,26983.2
2015-01-13,17,8,27296.4
2015-01-13,18,8,29407.9
2015-01-13,19,8,29335.7
2015-01-13,20,8,29038.9
2015-01-13,21,8,28628.3
2015-01-13,22,8,26759.2
2015-01-13,23,8,23977.9
2015-01-13,24,8,21324.7
2015-01-14,1,8,19766.0
2015-01-14,2,8,18939.2
2015-01-14,3,8,18605.5
2015-01-14,4,8,18596.5
2015-01-14,5,8,18992.0
2015-01-14,6,8,20991.7
2015-01-14,7,8,24441.0
2015-01-14,8,8,25725.2
2015-01-14,9,8,25929.0
2015-01-14,10,8,26523.1
2015-01-14,11,8,26362.1
2015-01-14,12,8,25934.9
2015-01-14,13,8,26568.1
2015-01-14,14,8,27091.4
2015-01-14,15,8,27191.6
2015-01-14,16,8,27273.2
2015-01-14,17,8,27144.8
2015-01-14,18,8,29007.5
2015-01-14,19,8,29248.8
2015-01-14,20,8,29140.6
2015-01-14,21,8,28531.3
2015-01-14,22,8,26737.0
2015-01-14,23,8,24174.9
2015-01-14,24,8,21679.0
2015-01-15,1,8,20149.9
2015-01-15,2,8,19339.5
2015-01-15,3,8,19025.3
2015-01-15,4,8,18966.8
2015-01-15,5,8,19644.8
2015-01-15,6,8,21381.1
2015-01-15,7,8,24053.1
2015-01-15,8,8,25643.1
2015-01-15,9,8,25358.5
2015-01-15,10,8,25586.4
2015-01-15,11,8,25932.4
2015-01-15,12,8,26537.3
2015-01-15,13,8,26595.8
2015-01-15,14,8,26962.9
2015-01-15,15,8,27368.0
2015-01-15,16,8,27116.8
2015-01-15,17,8,26896.7
2015-01-15,18,8,29140.6
2015-01-15,19,8,29295.8
2015-01-15,20,8,29228.0
2015-01-15,21,8,28701.3
2015-01-15,22,8,26819.6
2015-01-15,23,8,24390.7
2015-01-15,24,8,21892.6
2015-01-16,1,8,20159.0
2015-01-16,2,8,19389.4
2015-01-16,3,8,19088.8
2015-01-16,4,8,18979.2
2015-01-16,5,8,19595.3
2015-01-16,6,8,20773.9
2015-01-16,7,8,23876.7
2015-01-16,8,8,25679.6
2015-01-16,9,8,25959.1
2015-01-16,10,8,25492.3
2015-01-16,11,8,26059.4
2015-01-16,12,8,26488.6
2015-01-16,13,8,26613.6
2015-01-16,14,8,26925.6
2015-01-16,15,8,26674.6
2015-01-16,16,8,26738.2
2015-01-16,17,8,26933.8
2015-01-16,18,8,28640.8
2015-01-16,19,8,29302.2
2015-01-16,20,8,28783.9
2015-01-16,21,8,27737.4
2015-01-16,22,8,26046.6
2015-01-16,23,8,23931.1
2015-01-16,24,8,21801.9
2015-01-17,1,8,20314.1
2015-01-17,2,8,19375.5
2015-01-17,3,8,18707.1
2015-01-17,4,8,18674.9
2015-01-17,5,8,18169.6
2015-01-17,6,8,18652.7
2015-01-17,7,8,19544.6
2015-01-17,8,8,19834.1
2015-01-17,9,8,20581.7
2015-01-17,10,8,21727.6
2015-01-17,11,8,22385.7
2015-01-17,12,8,22781.6
2015-01-17,13,8,22825.5
2015-01-17,14,8,23012.4
2015-01-17,15,8,22975.3
2015-01-17,16,8,22891.4
2015-01-17,17,8,23247.9
2015-01-17,18,8,25213.3
2015-01-17,19,8,25394.1
2015-01-17,20,8,24943.2
2015-01-17,21,8,24231.0
2015-01-17,22,8,23078.5
2015-01-17,23,8,21556.2
2015-01-17,24,8,20140.0
2015-01-18,1,8,18478.3
2015-01-18,2,8,17555.4
2015-01-18,3,8,17023.5
2015-01-18,4,8,16912.0
2015-01-18,5,8,16902.6
2015-01-18,6,8,17390.2
2015-01-18,7,8,17974.9
2015-01-18,8,8,18122.7
2015-01-18,9,8,19041.5
2015-01-18,10,8,20209.7
2015-01-18,11,8,21184.8
2015-01-18,12,8,21563.6
2015-01-18,13,8,21682.1
2015-01-18,14,8,21998.6
2015-01-18,15,8,21988.8
2015-01-18,16,8,22119.4
2015-01-18,17,8,22790.5
2015-01-18,18,8,25309.9
2015-01-18,19,8,25970.1
2015-01-18,20,8,25692.7
2015-01-18,21,8,24908.4
2015-01-18,22,8,23632.7
2015-01-18,23,8,21696.2
2015-01-18,24,8,19771.0
2015-01-19,1,8,18403.4
2015-01-19,2,8,17663.2
2015-01-19,3,8,17279.9
2015-01-19,4,8,17318.6
2015-01-19,5,8,18287.8
2015-01-19,6,8,20059.6
2015-01-19,7,8,21861.6
2015-01-19,8,8,22796.6
2015-01-19,9,8,23609.7
2015-01-19,10,8,24507.1
2015-01-19,11,8,25516.8
2015-01-19,12,8,25984.9
2015-01-19,13,8,26130.9
2015-01-19,14,8,26246.1
2015-01-19,15,8,26778.0
2015-01-19,16,8,26452.3
2015-01-19,17,8,26660.7
2015-01-19,18,8,28689.6
2015-01-19,19,8,29291.1
2015-01-19,20,8,29437.8
2015-01-19,21,8,28686.3
2015-01-19,22,8,26900.3
2015-01-19,23,8,24439.6
2015-01-19,24,8,21764.5
2015-01-20,1,8,20047.6
2015-01-20,2,8,19187.0
2015-01-20,3,8,18911.1
2015-01-20,4,8,18805.6
2015-01-20,5,8,19253.5
2015-01-20,6,8,20908.0
2015-01-20,7,8,23397.6
2015-01-20,8,8,25480.0
2015-01-20,9,8,25808.0
2015-01-20,10,8,26093.0
2015-01-20,11,8,26555.6
2015-01-20,12,8,26843.5
2015-01-20,13,8,26734.4
2015-01-20,14,8,26846.7
2015-01-20,15,8,26557.0
2015-01-20,16,8,26193.5
2015-01-20,17,8,26632.5
2015-01-20,18,8,28659.0
2015-01-20,19,8,29026.6
2015-01-20,20,8,28921.5
2015-01-20,21,8,28366.8
2015-01-20,22,8,26567.5
2015-01-20,23,8,24207.5
2015-01-20,24,8,21431.2
2015-01-21,1,8,19757.7
2015-01-21,2,8,18892.7
2015-01-21,3,8,18578.0
2015-01-21,4,8,18474.1
2015-01-21,5,8,18942.0
2015-01-21,6,8,20499.3
2015-01-21,7,8,23531.8
2015-01-21,8,8,25990.0
2015-01-21,9,8,26490.3
2015-01-21,10,8,26316.3
2015-01-21,11,8,26748.8
2015-01-21,12,8,27444.0
2015-01-21,13,8,26132.0
2015-01-21,14,8,26659.3
2015-01-21,15,8,27546.0
2015-01-21,16,8,27054.4
2015-01-21,17,8,27180.2
2015-01-21,18,8,28977.5
2015-01-21,19,8,29385.8
2015-01-21,20,8,29280.3
2015-01-21,21,8,28291.1
2015-01-21,22,8,26452.5
2015-01-21,23,8,23966.2
2015-01-21,24,8,21398.3
2015-01-22,1,8,19598.7
2015-01-22,2,8,18708.8
2015-01-22,3,8,18278.8
2015-01-22,4,8,18224.6
2015-01-22,5,8,18729.4
2015-01-22,6,8,20431.8
2015-01-22,7,8,23129.5
2015-01-22,8,8,24831.2
2015-01-22,9,8,26001.3
2015-01-22,10,8,25692.8
2015-01-22,11,8,25790.7
2015-01-22,12,8,25741.3
2015-01-22,13,8,26610.3
2015-01-22,14,8,27220.0
2015-01-22,15,8,26392.8
2015-01-22,16,8,25968.7
2015-01-22,17,8,26087.2
2015-01-22,18,8,28179.3
2015-01-22,19,8,28492.3
2015-01-22,20,8,28528.0
2015-01-22,21,8,27859.4
2015-01-22,22,8,26070.1
2015-01-22,23,8,23824.7
2015-01-22,24,8,21448.1
2015-01-23,1,8,19849.3
2015-01-23,2,8,18890.6
2015-01-23,3,8,18503.8
2015-01-23,4,8,18395.1
2015-01-23,5,8,18943.1
2015-01-23,6,8,20379.9
2015-01-23,7,8,23329.4
2015-01-23,8,8,24869.0
2015-01-23,9,8,25298.7
2015-01-23,10,8,25032.2
2015-01-23,11,8,25339.9
2015-01-23,12,8,25701.2
2015-01-23,13,8,26021.6
2015-01-23,14,8,26388.4
2015-01-23,15,8,26639.6
2015-01-23,16,8,26433.4
2015-01-23,17,8,26719.1
2015-01-23,18,8,28460.4
2015-01-23,19,8,28585.0
2015-01-23,20,8,27848.6
2015-01-23,21,8,26975.5
2015-01-23,22,8,25277.2
2015-01-23,23,8,23220.8
2015-01-23,24,8,21118.4
2015-01-24,1,8,19595.3
2015-01-24,2,8,18792.8
2015-01-24,3,8,18207.4
2015-01-24,4,8,17836.2
2015-01-24,5,8,17322.4
2015-01-24,6,8,18031.4
2015-01-24,7,8,18806.8
2015-01-24,8,8,18919.8
2015-01-24,9,8,20504.2
2015-01-24,10,8,21689.0
2015-01-24,11,8,22598.9
2015-01-24,12,8,23339.6
2015-01-24,13,8,23699.2
2015-01-24,14,8,23894.3
2015-01-24,15,8,23707.9
2015-01-24,16,8,23540.9
2015-01-24,17,8,23887.4
2015-01-24,18,8,25715.1
2015-01-24,19,8,26318.7
2015-01-24,20,8,25598.0
2015-01-24,21,8,24757.3
2015-01-24,22,8,23500.5
2015-01-24,23,8,21410.8
2015-01-24,24,8,19731.6
2015-01-25,1,8,17920.2
2015-01-25,2,8,16893.3
2015-01-25,3,8,16332.4
2015-01-25,4,8,16084.9
2015-01-25,5,8,16061.6
2015-01-25,6,8,16577.4
2015-01-25,7,8,17118.9
2015-01-25,8,8,17239.7
2015-01-25,9,8,18771.9
2015-01-25,10,8,20733.4
2015-01-25,11,8,21851.8
2015-01-25,12,8,22634.0
2015-01-25,13,8,23034.7
2015-01-25,14,8,23245.6
2015-01-25,15,8,23052.7
2015-01-25,16,8,23003.5
2015-01-25,17,8,23252.8
2015-01-25,18,8,25536.2
2015-01-25,19,8,26346.3
2015-01-25,20,8,26053.2
2015-01-25,21,8,25294.6
2015-01-25,22,8,23667.3
2015-01-25,23,8,21246.3
2015-01-25,24,8,18807.5
2015-01-26,1,8,17442.1
2015-01-26,2,8,16524.1
2015-01-26,3,8,16279.4
2015-01-26,4,8,16198.6
2015-01-26,5,8,17101.0
2015-01-26,6,8,18696.7
2015-01-26,7,8,21327.7
2015-01-26,8,8,23854.8
2015-01-26,9,8,25326.6
2015-01-26,10,8,26399.2
2015-01-26,11,8,26730.9
2015-01-26,12,8,27322.6
2015-01-26,13,8,27898.6
2015-01-26,14,8,28300.8
2015-01-26,15,8,28047.2
2015-01-26,16,8,27955.2
2015-01-26,17,8,27864.4
2015-01-26,18,8,29066.5
2015-01-26,19,8,29095.4
2015-01-26,20,8,29108.4
2015-01-26,21,8,28422.8
2015-01-26,22,8,26490.2
2015-01-26,23,8,23749.1
2015-01-26,24,8,21099.3
2015-01-27,1,8,19347.3
2015-01-27,2,8,18418.5
2015-01-27,3,8,18281.1
2015-01-27,4,8,18226.9
2015-01-27,5,8,18765.0
2015-01-27,6,8,20149.6
2015-01-27,7,8,22741.9
2015-01-27,8,8,24953.5
2015-01-27,9,8,25458.3
2015-01-27,10,8,25753.8
2015-01-27,11,8,26683.7
2015-01-27,12,8,26292.3
2015-01-27,13,8,20185.0
2015-01-27,14,8,25462.8
2015-01-27,15,8,26815.5
2015-01-27,16,8,26815.0
2015-01-27,17,8,26815.9
2015-01-27,18,8,28377.6
2015-01-27,19,8,29369.9
2015-01-27,20,8,29127.9
2015-01-27,21,8,28267.2
2015-01-27,22,8,26289.0
2015-01-27,23,8,23551.4
2015-01-27,24,8,20233.1
2015-01-28,1,8,18690.0
2015-01-28,2,8,17887.0
2015-01-28,3,8,17503.2
2015-01-28,4,8,17380.6
2015-01-28,5,8,17964.1
2015-01-28,6,8,19349.5
2015-01-28,7,8,22601.3
2015-01-28,8,8,25508.3
2015-01-28,9,8,26822.8
2015-01-28,10,8,27471.2
2015-01-28,11,8,27992.5
2015-01-28,12,8,28187.4
2015-01-28,13,8,28547.9
2015-01-28,14,8,28431.7
2015-01-28,15,8,27979.7
2015-01-28,16,8,27529.4
2015-01-28,17,8,27575.2
2015-01-28,18,8,29342.9
2015-01-28,19,8,30112.2
2015-01-28,20,8,29929.0
2015-01-28,21,8,29093.9
2015-01-28,22,8,27130.6
2015-01-28,23,8,24587.6
2015-01-28,24,8,21874.1
2015-01-29,1,8,20324.7
2015-01-29,2,8,19331.6
2015-01-29,3,8,18973.8
2015-01-29,4,8,18885.2
2015-01-29,5,8,19406.2
2015-01-29,6,8,21000.8
2015-01-29,7,8,23465.1
2015-01-29,8,8,25338.2
2015-01-29,9,8,26218.4
2015-01-29,10,8,26363.0
2015-01-29,11,8,27014.0
2015-01-29,12,8,28048.3
2015-01-29,13,8,28312.8
2015-01-29,14,8,28539.6
2015-01-29,15,8,28237.7
2015-01-29,16,8,27730.5
2015-01-29,17,8,28180.9
2015-01-29,18,8,30284.9
2015-01-29,19,8,30282.8
2015-01-29,20,8,29783.4
2015-01-29,21,8,28832.2
2015-01-29,22,8,26883.2
2015-01-29,23,8,24311.1
2015-01-29,24,8,21885.3
2015-01-30,1,8,20237.6
2015-01-30,2,8,19451.4
2015-01-30,3,8,19075.5
2015-01-30,4,8,18910.6
2015-01-30,5,8,19458.3
2015-01-30,6,8,20753.3
2015-01-30,7,8,23153.4
2015-01-30,8,8,24603.7
2015-01-30,9,8,25828.6
2015-01-30,10,8,26735.4
2015-01-30,11,8,26999.6
2015-01-30,12,8,27768.0
2015-01-30,13,8,27466.6
2015-01-30,14,8,27509.4
2015-01-30,15,8,27141.0
2015-01-30,16,8,26948.4
2015-01-30,17,8,27508.7
2015-01-30,18,8,29164.3
2015-01-30,19,8,29574.9
2015-01-30,20,8,28811.0
2015-01-30,21,8,27842.0
2015-01-30,22,8,26304.0
2015-01-30,23,8,24173.0
2015-01-30,24,8,22070.3
2015-01-31,1,8,19970.4
2015-01-31,2,8,18599.2
2015-01-31,3,8,18010.1
2015-01-31,4,8,17705.1
2015-01-31,5,8,17729.1
2015-01-31,6,8,18706.9
2015-01-31,7,8,19791.3
2015-01-31,8,8,19879.0
2015-01-31,9,8,20724.1
2015-01-31,10,8,22068.2
2015-01-31,11,8,22807.3
2015-01-31,12,8,23694.0
2015-01-31,13,8,24136.6
2015-01-31,14,8,23904.0
2015-01-31,15,8,23706.3
2015-01-31,16,8,23520.1
2015-01-31,17,8,23758.3
2015-01-31,18,8,25653.2
2015-01-31,19,8,26379.3
2015-01-31,20,8,25803.1
2015-01-31,21,8,24893.3
2015-01-31,22,8,23565.9
2015-01-31,23,8,21795.8
2015-01-31,24,8,20302.7
2015-02-01,1,8,18675.0
2015-02-01,2,8,17634.8
2015-02-01,3,8,17104.6
2015-02-01,4,8,16873.6
2015-02-01,5,8,17097.5
2015-02-01,6,8,17532.8
2015-02-01,7,8,18046.7
2015-02-01,8,8,17988.4
2015-02-01,9,8,19175.3
2015-02-01,10,8,20536.6
2015-02-01,11,8,21877.6
2015-02-01,12,8,22747.7
2015-02-01,13,8,23268.3
2015-02-01,14,8,23850.4
2015-02-01,15,8,23840.0
2015-02-01,16,8,23502.9
2015-02-01,17,8,23545.0
2015-02-01,18,8,25307.5
2015-02-01,19,8,26189.5
2015-02-01,20,8,25822.7
2015-02-01,21,8,25557.4
2015-02-01,22,8,24134.3
2015-02-01,23,8,21859.5
2015-02-01,24,8,19691.4
2015-02-02,1,8,18275.7
2015-02-02,2,8,17538.7
2015-02-02,3,8,17204.8
2015-02-02,4,8,17167.9
2015-02-02,5,8,18325.9
2015-02-02,6,8,19939.8
2015-02-02,7,8,22671.2
2015-02-02,8,8,24442.9
2015-02-02,9,8,24868.5
2015-02-02,10,8,24761.3
2015-02-02,11,8,25735.1
2015-02-02,12,8,26572.5
2015-02-02,13,8,26902.3
2015-02-02,14,8,27431.7
2015-02-02,15,8,27938.9
2015-02-02,16,8,27264.1
2015-02-02,17,8,27486.1
2015-02-02,18,8,29500.7
2015-02-02,19,8,30370.8
2015-02-02,20,8,29310.0
2015-02-02,21,8,28461.6
2015-02-02,22,8,26634.8
2015-02-02,23,8,23837.6
2015-02-02,24,8,21233.0
2015-02-03,1,8,19532.4
2015-02-03,2,8,18680.8
2015-02-03,3,8,18360.1
2015-02-03,4,8,18339.5
2015-02-03,5,8,18695.0
2015-02-03,6,8,20224.4
2015-02-03,7,8,22802.0
2015-02-03,8,8,24875.6
2015-02-03,9,8,25913.0
2015-02-03,10,8,25911.0
2015-02-03,11,8,25691.2
2015-02-03,12,8,26964.2
2015-02-03,13,8,27591.1
2015-02-03,14,8,27679.2
2015-02-03,15,8,27251.0
2015-02-03,16,8,26837.0
2015-02-03,17,8,26775.1
2015-02-03,18,8,28704.5
2015-02-03,19,8,29422.2
2015-02-03,20,8,28791.1
2015-02-03,21,8,27965.0
2015-02-03,22,8,25951.9
2015-02-03,23,8,23297.4
2015-02-03,24,8,20579.6
2015-02-04,1,8,19098.8
2015-02-04,2,8,18226.4
2015-02-04,3,8,17945.3
2015-02-04,4,8,17908.1
2015-02-04,5,8,18408.9
2015-02-04,6,8,19800.8
2015-02-04,7,8,22592.5
2015-02-04,8,8,24745.8
2015-02-04,9,8,25245.4
2015-02-04,10,8,25481.0
2015-02-04,11,8,26557.6
2015-02-04,12,8,27949.0
2015-02-04,13,8,28545.8
2015-02-04,14,8,27382.2
2015-02-04,15,8,27642.0
2015-02-04,16,8,26797.3
2015-02-04,17,8,26909.2
2015-02-04,18,8,28669.6
2015-02-04,19,8,29619.4
2015-02-04,20,8,28938.5
2015-02-04,21,8,27711.8
2015-02-04,22,8,25914.8
2015-02-04,23,8,23328.7
2015-02-04,24,8,20790.8
2015-02-05,1,8,19153.6
2015-02-05,2,8,18323.3
2015-02-05,3,8,17904.9
2015-02-05,4,8,17788.8
2015-02-05,5,8,18292.0
2015-02-05,6,8,19660.8
2015-02-05,7,8,22360.5
2015-02-05,8,8,23988.5
2015-02-05,9,8,24608.5
2015-02-05,10,8,24984.8
2015-02-05,11,8,25399.5
2015-02-05,12,8,26256.4
2015-02-05,13,8,27162.6
2015-02-05,14,8,27791.8
2015-02-05,15,8,27642.8
2015-02-05,16,8,26649.6
2015-02-05,17,8,27115.5
2015-02-05,18,8,28978.3
2015-02-05,19,8,29548.6
2015-02-05,20,8,28979.3
2015-02-05,21,8,28035.1
2015-02-05,22,8,25953.2
2015-02-05,23,8,23455.6
2015-02-05,24,8,20934.7
2015-02-06,1,8,19451.0
2015-02-06,2,8,18461.0
2015-02-06,3,8,18129.1
2015-02-06,4,8,18035.3
2015-02-06,5,8,18403.5
2015-02-06,6,8,19665.7
2015-02-06,7,8,22412.4
2015-02-06,8,8,24225.7
2015-02-06,9,8,24351.7
2015-02-06,10,8,25080.3
2015-02-06,11,8,26074.6
2015-02-06,12,8,26846.9
2015-02-06,13,8,26969.5
2015-02-06,14,8,27165.6
2015-02-06,15,8,27076.4
2015-02-06,16,8,27437.9
2015-02-06,17,8,27212.5
2015-02-06,18,8,28062.2
2015-02-06,19,8,28771.9
2015-02-06,20,8,28018.3
2015-02-06,21,8,27006.2
2015-02-06,22,8,25352.6
2015-02-06,23,8,23201.9
2015-02-06,24,8,20884.6
2015-02-07,1,8,19089.0
2015-02-07,2,8,18080.8
2015-02-07,3,8,17517.9
2015-02-07,4,8,17295.4
2015-02-07,5,8,16697.5
2015-02-07,6,8,17266.6
2015-02-07,7,8,18192.4
2015-02-07,8,8,18356.1
2015-02-07,9,8,19726.6
2015-02-07,10,8,20933.1
2015-02-07,11,8,21692.0
2015-02-07,12,8,22516.4
2015-02-07,13,8,22914.4
2015-02-07,14,8,23115.0
2015-02-07,15,8,23091.4
2015-02-07,16,8,22825.8
2015-02-07,17,8,23317.5
2015-02-07,18,8,24730.6
2015-02-07,19,8,20087.3
2015-02-07,20,8,23258.8
2015-02-07,21,8,24302.8
2015-02-07,22,8,23046.3
2015-02-07,23,8,21346.4
2015-02-07,24,8,19610.6
2015-02-08,1,8,17926.9
2015-02-08,2,8,16862.5
2015-02-08,3,8,16266.6
2015-02-08,4,8,16179.2
2015-02-08,5,8,16192.4
2015-02-08,6,8,16676.2
2015-02-08,7,8,17136.0
2015-02-08,8,8,17150.2
2015-02-08,9,8,18753.7
2015-02-08,10,8,20358.2
2015-02-08,11,8,21834.9
2015-02-08,12,8,22690.5
2015-02-08,13,8,23109.1
2015-02-08,14,8,23483.0
2015-02-08,15,8,23702.9
2015-02-08,16,8,23618.7
2015-02-08,17,8,23776.9
2015-02-08,18,8,25376.6
2015-02-08,19,8,26641.4
2015-02-08,20,8,26616.8
2015-02-08,21,8,25599.6
2015-02-08,22,8,23988.5
2015-02-08,23,8,21586.6
2015-02-08,24,8,19318.5
2015-02-09,1,8,17877.0
2015-02-09,2,8,17093.6
2015-02-09,3,8,16753.5
2015-02-09,4,8,16698.1
2015-02-09,5,8,17593.5
2015-02-09,6,8,19563.1
2015-02-09,7,8,22159.5
2015-02-09,8,8,24350.5
2015-02-09,9,8,25325.0
2015-02-09,10,8,25995.5
2015-02-09,11,8,26775.2
2015-02-09,12,8,27925.7
2015-02-09,13,8,28743.7
2015-02-09,14,8,28591.9
2015-02-09,15,8,28575.2
2015-02-09,16,8,27687.7
2015-02-09,17,8,27927.9
2015-02-09,18,8,29245.4
2015-02-09,19,8,30215.8
2015-02-09,20,8,29468.6
2015-02-09,21,8,28127.7
2015-02-09,22,8,26414.8
2015-02-09,23,8,23743.9
2015-02-09,24,8,21055.2
2015-02-10,1,8,19386.6
2015-02-10,2,8,18476.9
2015-02-10,3,8,18030.0
2015-02-10,4,8,18016.3
2015-02-10,5,8,18527.1
2015-02-10,6,8,19935.8
2015-02-10,7,8,22660.9
2015-02-10,8,8,23580.8
2015-02-10,9,8,24452.1
2015-02-10,10,8,24830.8
2015-02-10,11,8,25911.0
2015-02-10,12,8,26829.7
2015-02-10,13,8,27386.8
2015-02-10,14,8,28053.3
2015-02-10,15,8,28313.0
2015-02-10,16,8,27451.0
2015-02-10,17,8,27437.4
2015-02-10,18,8,29077.9
2015-02-10,19,8,29957.9
2015-02-10,20,8,29274.4
2015-02-10,21,8,28373.5
2015-02-10,22,8,26352.2
2015-02-10,23,8,23690.9
2015-02-10,24,8,21156.4
2015-02-11,1,8,19373.5
2015-02-11,2,8,17834.9
2015-02-11,3,8,17279.6
2015-02-11,4,8,15239.1
2015-02-11,5,8,12073.9
2015-02-11,6,8,15035.0
2015-02-11,7,8,20879.6
2015-02-11,8,8,24467.3
2015-02-11,9,8,25611.3
2015-02-11,10,8,26113.6
2015-02-11,11,8,27213.2
2015-02-11,12,8,28017.1
2015-02-11,13,8,28948.8
2015-02-11,14,8,30101.2
2015-02-11,15,8,29684.0
2015-02-11,16,8,29578.6
2015-02-11,17,8,29484.4
2015-02-11,18,8,30228.4
2015-02-11,19,8,30956.5
2015-02-11,20,8,30010.3
2015-02-11,21,8,28933.1
2015-02-11,22,8,26898.7
2015-02-11,23,8,24283.0
2015-02-11,24,8,21205.1
2015-02-12,1,8,19155.4
2015-02-12,2,8,18233.2
2015-02-12,3,8,17757.3
2015-02-12,4,8,17724.5
2015-02-12,5,8,18209.6
2015-02-12,6,8,19536.4
2015-02-12,7,8,22004.4
2015-02-12,8,8,23667.2
2015-02-12,9,8,24787.0
2015-02-12,10,8,25659.4
2015-02-12,11,8,27335.2
2015-02-12,12,8,28626.2
2015-02-12,13,8,29509.2
2015-02-12,14,8,30731.1
2015-02-12,15,8,30239.6
2015-02-12,16,8,29272.8
2015-02-12,17,8,29128.4
2015-02-12,18,8,29964.3
2015-02-12,19,8,30491.9
2015-02-12,20,8,29568.2
2015-02-12,21,8,28331.7
2015-02-12,22,8,26132.1
2015-02-12,23,8,23383.8
2015-02-12,24,8,20576.2
2015-02-13,1,8,18995.2
2015-02-13,2,8,18094.9
2015-02-13,3,8,17546.0
2015-02-13,4,8,17448.9
2015-02-13,5,8,17782.2
2015-02-13,6,8,19017.5
2015-02-13,7,8,20538.3
2015-02-13,8,8,21095.0
2015-02-13,9,8,22274.8
2015-02-13,10,8,23741.3
2015-02-13,11,8,25491.6
2015-02-13,12,8,26761.2
2015-02-13,13,8,27334.6
2015-02-13,14,8,27793.8
2015-02-13,15,8,27582.1
2015-02-13,16,8,27997.5
2015-02-13,17,8,28326.8
2015-02-13,18,8,28752.0
2015-02-13,19,8,29477.9
2015-02-13,20,8,28490.1
2015-02-13,21,8,27261.1
2015-02-13,22,8,25179.6
2015-02-13,23,8,23028.5
2015-02-13,24,8,20829.4
2015-02-14,1,8,19109.4
2015-02-14,2,8,17402.9
2015-02-14,3,8,16705.7
2015-02-14,4,8,16429.2
2015-02-14,5,8,16498.2
2015-02-14,6,8,16977.6
2015-02-14,7,8,17563.6
2015-02-14,8,8,17906.2
2015-02-14,9,8,19301.1
2015-02-14,10,8,21064.8
2015-02-14,11,8,22572.1
2015-02-14,12,8,23543.3
2015-02-14,13,8,23984.5
2015-02-14,14,8,24445.9
2015-02-14,15,8,24722.3
2015-02-14,16,8,24756.0
2015-02-14,17,8,24700.1
2015-02-14,18,8,25146.2
2015-02-14,19,8,25984.9
2015-02-14,20,8,25271.8
2015-02-14,21,8,24309.6
2015-02-14,22,8,22761.3
2015-02-14,23,8,20779.2
2015-02-14,24,8,19060.3
2015-02-15,1,8,17370.1
2015-02-15,2,8,16320.5
2015-02-15,3,8,15776.6
2015-02-15,4,8,15476.1
2015-02-15,5,8,15471.9
2015-02-15,6,8,15910.3
2015-02-15,7,8,16196.3
2015-02-15,8,8,16373.8
2015-02-15,9,8,17730.2
2015-02-15,10,8,19049.4
2015-02-15,11,8,20681.5
2015-02-15,12,8,21617.9
2015-02-15,13,8,21876.0
2015-02-15,14,8,22311.9
2015-02-15,15,8,22443.5
2015-02-15,16,8,22584.5
2015-02-15,17,8,22770.9
2015-02-15,18,8,23764.1
2015-02-15,19,8,24955.5
2015-02-15,20,8,25043.8
2015-02-15,21,8,24145.4
2015-02-15,22,8,22806.3
2015-02-15,23,8,20891.1
2015-02-15,24,8,18871.7
2015-02-16,1,8,17431.9
2015-02-16,2,8,16584.7
2015-02-16,3,8,16237.5
2015-02-16,4,8,16080.5
2015-02-16,5,8,16543.2
2015-02-16,6,8,17713.1
2015-02-16,7,8,19211.1
2015-02-16,8,8,19908.7
2015-02-16,9,8,21349.9
2015-02-16,10,8,22444.6
2015-02-16,11,8,23998.0
2015-02-16,12,8,24950.7
2015-02-16,13,8,25317.4
2015-02-16,14,8,25440.1
2015-02-16,15,8,25252.9
2015-02-16,16,8,25117.2
2015-02-16,17,8,25100.7
2015-02-16,18,8,26539.9
2015-02-16,19,8,28254.4
2015-02-16,20,8,27635.8
2015-02-16,21,8,27004.4
2015-02-16,22,8,25328.5
2015-02-16,23,8,22707.0
2015-02-16,24,8,20173.5
2015-02-17,1,8,18539.3
2015-02-17,2,8,17712.7
2015-02-17,3,8,17360.7
2015-02-17,4,8,17267.0
2015-02-17,5,8,17798.2
2015-02-17,6,8,19235.8
2015-02-17,7,8,21689.8
2015-02-17,8,8,23576.4
2015-02-17,9,8,24109.2
2015-02-17,10,8,24945.8
2015-02-17,11,8,26038.7
2015-02-17,12,8,26812.9
2015-02-17,13,8,27094.8
2015-02-17,14,8,27445.8
2015-02-17,15,8,27217.0
2015-02-17,16,8,26823.5
2015-02-17,17,8,26500.2
2015-02-17,18,8,28076.0
2015-02-17,19,8,29142.0
2015-02-17,20,8,28691.9
2015-02-17,21,8,27707.6
2015-02-17,22,8,25822.4
2015-02-17,23,8,23177.0
2015-02-17,24,8,20557.7
2015-02-18,1,8,18878.7
2015-02-18,2,8,18089.0
2015-02-18,3,8,17714.1
2015-02-18,4,8,17567.4
2015-02-18,5,8,17993.5
2015-02-18,6,8,19506.9
2015-02-18,7,8,21990.1
2015-02-18,8,8,23978.2
2015-02-18,9,8,25759.5
2015-02-18,10,8,26643.9
2015-02-18,11,8,27649.8
2015-02-18,12,8,28466.3
2015-02-18,13,8,28570.1
2015-02-18,14,8,28097.2
2015-02-18,15,8,27987.5
2015-02-18,16,8,27386.7
2015-02-18,17,8,27050.3
2015-02-18,18,8,28911.4
2015-02-18,19,8,29990.7
2015-02-18,20,8,29402.6
2015-02-18,21,8,28299.5
2015-02-18,22,8,26521.6
2015-02-18,23,8,23978.6
2015-02-18,24,8,21450.6
2015-02-19,1,8,19770.3
2015-02-19,2,8,18959.0
2015-02-19,3,8,18530.8
2015-02-19,4,8,18424.1
2015-02-19,5,8,18908.7
2015-02-19,6,8,20275.9
2015-02-19,7,8,22796.1
2015-02-19,8,8,24758.1
2015-02-19,9,8,25648.4
2015-02-19,10,8,25916.6
2015-02-19,11,8,26255.1
2015-02-19,12,8,26792.7
2015-02-19,13,8,27620.2
2015-02-19,14,8,28081.4
2015-02-19,15,8,28138.9
2015-02-19,16,8,27236.3
2015-02-19,17,8,26778.6
2015-02-19,18,8,28459.0
2015-02-19,19,8,29708.8
2015-02-19,20,8,29234.9
2015-02-19,21,8,28514.8
2015-02-19,22,8,26513.8
2015-02-19,23,8,23839.1
2015-02-19,24,8,21323.6
2015-02-20,1,8,19787.9
2015-02-20,2,8,18854.5
2015-02-20,3,8,18388.1
2015-02-20,4,8,18370.0
2015-02-20,5,8,18752.7
2015-02-20,6,8,20013.7
2015-02-20,7,8,22721.2
2015-02-20,8,8,24662.3
2015-02-20,9,8,25945.3
2015-02-20,10,8,26415.7
2015-02-20,11,8,26422.9
2015-02-20,12,8,27492.7
2015-02-20,13,8,27254.1
2015-02-20,14,8,27764.8
2015-02-20,15,8,27468.8
2015-02-20,16,8,27027.2
2015-02-20,17,8,26933.4
2015-02-20,18,8,27917.4
2015-02-20,19,8,28736.5
2015-02-20,20,8,28011.1
2015-02-20,21,8,26924.9
2015-02-20,22,8,25458.5
2015-02-20,23,8,23145.2
2015-02-20,24,8,20783.9
2015-02-21,1,8,19219.6
2015-02-21,2,8,17708.3
2015-02-21,3,8,17091.9
2015-02-21,4,8,16886.0
2015-02-21,5,8,16869.3
2015-02-21,6,8,17497.2
2015-02-21,7,8,18613.3
2015-02-21,8,8,18966.4
2015-02-21,9,8,20007.6
2015-02-21,10,8,21477.4
2015-02-21,11,8,22343.3
2015-02-21,12,8,22691.7
2015-02-21,13,8,22737.4
2015-02-21,14,8,23020.5
2015-02-21,15,8,22884.6
2015-02-21,16,8,22630.8
2015-02-21,17,8,22868.3
2015-02-21,18,8,24082.6
2015-02-21,19,8,25282.7
2015-02-21,20,8,24885.1
2015-02-21,21,8,24239.6
2015-02-21,22,8,22998.3
2015-02-21,23,8,21083.6
2015-02-21,24,8,19506.9
2015-02-22,1,8,17898.1
2015-02-22,2,8,17029.4
2015-02-22,3,8,16417.7
2015-02-22,4,8,16189.7
2015-02-22,5,8,16163.2
2015-02-22,6,8,16553.2
2015-02-22,7,8,16952.6
2015-02-22,8,8,17130.4
2015-02-22,9,8,18671.5
2015-02-22,10,8,20069.9
2015-02-22,11,8,20941.9
2015-02-22,12,8,21271.9
2015-02-22,13,8,21400.6
2015-02-22,14,8,21488.1
2015-02-22,15,8,21553.4
2015-02-22,16,8,21838.2
2015-02-22,17,8,22501.7
2015-02-22,18,8,24231.6
2015-02-22,19,8,25293.8
2015-02-22,20,8,25264.5
2015-02-22,21,8,24682.2
2015-02-22,22,8,23380.3
2015-02-22,23,8,21240.3
2015-02-22,24,8,19077.8
2015-02-23,1,8,17680.8
2015-02-23,2,8,17025.9
2015-02-23,3,8,16694.8
2015-02-23,4,8,16575.9
2015-02-23,5,8,17505.5
2015-02-23,6,8,19206.7
2015-02-23,7,8,21725.0
2015-02-23,8,8,23504.9
2015-02-23,9,8,23473.0
2015-02-23,10,8,24815.2
2015-02-23,11,8,25913.3
2015-02-23,12,8,26126.2
2015-02-23,13,8,26351.9
2015-02-23,14,8,26233.4
2015-02-23,15,8,26088.9
2015-02-23,16,8,25496.1
2015-02-23,17,8,25797.7
2015-02-23,18,8,27507.0
2015-02-23,19,8,28946.8
2015-02-23,20,8,28650.7
2015-02-23,21,8,27810.2
2015-02-23,22,8,26119.7
2015-02-23,23,8,23512.7
2015-02-23,24,8,20961.6
2015-02-24,1,8,19423.3
2015-02-24,2,8,18590.2
2015-02-24,3,8,18180.1
2015-02-24,4,8,18085.5
2015-02-24,5,8,18551.8
2015-02-24,6,8,20203.1
2015-02-24,7,8,22645.7
2015-02-24,8,8,23585.0
2015-02-24,9,8,24402.2
2015-02-24,10,8,24887.3
2015-02-24,11,8,25461.1
2015-02-24,12,8,25992.9
2015-02-24,13,8,26413.0
2015-02-24,14,8,26977.5
2015-02-24,15,8,26966.6
2015-02-24,16,8,26226.7
2015-02-24,17,8,26416.5
2015-02-24,18,8,27971.2
2015-02-24,19,8,29447.2
2015-02-24,20,8,28921.5
2015-02-24,21,8,27820.6
2015-02-24,22,8,26174.7
2015-02-24,23,8,23504.4
2015-02-24,24,8,21026.5
2015-02-25,1,8,19605.2
2015-02-25,2,8,18656.5
2015-02-25,3,8,18301.1
2015-02-25,4,8,18246.6
2015-02-25,5,8,18646.2
2015-02-25,6,8,20121.4
2015-02-25,7,8,22583.9
2015-02-25,8,8,24474.7
2015-02-25,9,8,25043.5
2015-02-25,10,8,25555.3
2015-02-25,11,8,26140.2
2015-02-25,12,8,26753.4
2015-02-25,13,8,26839.3
2015-02-25,14,8,26916.0
2015-02-25,15,8,26623.1
2015-02-25,16,8,26195.2
2015-02-25,17,8,25864.4
2015-02-25,18,8,27116.5
2015-02-25,19,8,29165.6
2015-02-25,20,8,28738.4
2015-02-25,21,8,27778.9
2015-02-25,22,8,25972.5
2015-02-25,23,8,23326.4
2015-02-25,24,8,20759.8
2015-02-26,1,8,19326.9
2015-02-26,2,8,18556.0
2015-02-26,3,8,18127.4
2015-02-26,4,8,17544.9
2015-02-26,5,8,17608.9
2015-02-26,6,8,19271.1
2015-02-26,7,8,21905.6
2015-02-26,8,8,23013.5
2015-02-26,9,8,23725.4
2015-02-26,10,8,24390.8
2015-02-26,11,8,25410.6
2015-02-26,12,8,26330.0
2015-02-26,13,8,25870.9
2015-02-26,14,8,25961.6
2015-02-26,15,8,26181.9
2015-02-26,16,8,26305.4
2015-02-26,17,8,26020.6
2015-02-26,18,8,27428.7
2015-02-26,19,8,28913.4
2015-02-26,20,8,28585.6
2015-02-26,21,8,27661.3
2015-02-26,22,8,25013.7
2015-02-26,23,8,22175.5
2015-02-26,24,8,19653.7
2015-02-27,1,8,18108.5
2015-02-27,2,8,17203.2
2015-02-27,3,8,16821.4
2015-02-27,4,8,16792.8
2015-02-27,5,8,17212.4
2015-02-27,6,8,18442.7
2015-02-27,7,8,20696.7
2015-02-27,8,8,22438.3
2015-02-27,9,8,23964.7
2015-02-27,10,8,25035.2
2015-02-27,11,8,25766.4
2015-02-27,12,8,25601.4
2015-02-27,13,8,26122.0
2015-02-27,14,8,26613.2
2015-02-27,15,8,25797.2
2015-02-27,16,8,24905.1
2015-02-27,17,8,24606.6
2015-02-27,18,8,25653.5
2015-02-27,19,8,27113.1
2015-02-27,20,8,26589.0
2015-02-27,21,8,25667.0
2015-02-27,22,8,24050.5
2015-02-27,23,8,22046.8
2015-02-27,24,8,19767.1
2015-02-28,1,8,18356.9
2015-02-28,2,8,17478.7
2015-02-28,3,8,16839.5
2015-02-28,4,8,16623.5
2015-02-28,5,8,16691.3
2015-02-28,6,8,17397.4
2015-02-28,7,8,17961.5
2015-02-28,8,8,18093.4
2015-02-28,9,8,19331.7
2015-02-28,10,8,20776.3
2015-02-28,11,8,21661.2
2015-02-28,12,8,21921.0
2015-02-28,13,8,21903.9
2015-02-28,14,8,21898.0
2015-02-28,15,8,21827.4
2015-02-28,16,8,21851.0
2015-02-28,17,8,21835.6
2015-02-28,18,8,22978.0
2015-02-28,19,8,24334.2
2015-02-28,20,8,24033.1
2015-02-28,21,8,23577.8
2015-02-28,22,8,22504.4
2015-02-28,23,8,20802.2
2015-02-28,24,8,19262.5
2015-03-01,1,8,17524.6
2015-03-01,2,8,16604.2
2015-03-01,3,8,16079.9
2015-03-01,4,8,15863.2
2015-03-01,5,8,15910.2
2015-03-01,6,8,16457.7
2015-03-01,7,8,16661.7
2015-03-01,8,8,16884.4
2015-03-01,9,8,18067.4
2015-03-01,10,8,19525.1
2015-03-01,11,8,20554.7
2015-03-01,12,8,20680.4
2015-03-01,13,8,20717.5
2015-03-01,14,8,20820.2
2015-03-01,15,8,20864.8
2015-03-01,16,8,20961.4
2015-03-01,17,8,21371.5
2015-03-01,18,8,23030.2
2015-03-01,19,8,24849.5
2015-03-01,20,8,24847.4
2015-03-01,21,8,24387.8
2015-03-01,22,8,22897.5
2015-03-01,23,8,20933.1
2015-03-01,24,8,18735.4
2015-03-02,1,8,17392.6
2015-03-02,2,8,16630.9
2015-03-02,3,8,16350.9
2015-03-02,4,8,16194.7
2015-03-02,5,8,16708.2
2015-03-02,6,8,18237.7
2015-03-02,7,8,20646.5
2015-03-02,8,8,23005.8
2015-03-02,9,8,23923.4
2015-03-02,10,8,25148.1
2015-03-02,11,8,26608.2
2015-03-02,12,8,27081.5
2015-03-02,13,8,25642.0
2015-03-02,14,8,25053.8
2015-03-02,15,8,24764.9
2015-03-02,16,8,24579.9
2015-03-02,17,8,24989.5
2015-03-02,18,8,26739.7
2015-03-02,19,8,28671.6
2015-03-02,20,8,28623.6
2015-03-02,21,8,27828.0
2015-03-02,22,8,26078.5
2015-03-02,23,8,23524.2
2015-03-02,24,8,20847.1
2015-03-03,1,8,19318.3
2015-03-03,2,8,18400.4
2015-03-03,3,8,18091.6
2015-03-03,4,8,17984.6
2015-03-03,5,8,18544.0
2015-03-03,6,8,19952.7
2015-03-03,7,8,22448.7
2015-03-03,8,8,23873.2
2015-03-03,9,8,24395.3
2015-03-03,10,8,25894.9
2015-03-03,11,8,26325.3
2015-03-03,12,8,26763.1
2015-03-03,13,8,26376.5
2015-03-03,14,8,25842.0
2015-03-03,15,8,25828.6
2015-03-03,16,8,25453.8
2015-03-03,17,8,25420.5
2015-03-03,18,8,26574.1
2015-03-03,19,8,28552.1
2015-03-03,20,8,29051.0
2015-03-03,21,8,28195.7
2015-03-03,22,8,26343.4
2015-03-03,23,8,23730.4
2015-03-03,24,8,21383.6
2015-03-04,1,8,19941.7
2015-03-04,2,8,19150.4
2015-03-04,3,8,18717.6
2015-03-04,4,8,18499.0
2015-03-04,5,8,18814.3
2015-03-04,6,8,20505.0
2015-03-04,7,8,22869.8
2015-03-04,8,8,24379.5
2015-03-04,9,8,24295.4
2015-03-04,10,8,24510.5
2015-03-04,11,8,25156.3
2015-03-04,12,8,26001.9
2015-03-04,13,8,26028.4
2015-03-04,14,8,26239.8
2015-03-04,15,8,26358.9
2015-03-04,16,8,25677.5
2015-03-04,17,8,25643.7
2015-03-04,18,8,26564.5
2015-03-04,19,8,28468.1
2015-03-04,20,8,28729.0
2015-03-04,21,8,27809.4
2015-03-04,22,8,25806.9
2015-03-04,23,8,23175.2
2015-03-04,24,8,20740.2
2015-03-05,1,8,19188.5
2015-03-05,2,8,18384.6
2015-03-05,3,8,18033.3
2015-03-05,4,8,18018.5
2015-03-05,5,8,18564.7
2015-03-05,6,8,20091.0
2015-03-05,7,8,22414.9
2015-03-05,8,8,23515.9
2015-03-05,9,8,24506.1
2015-03-05,10,8,24878.9
2015-03-05,11,8,25852.7
2015-03-05,12,8,26493.9
2015-03-05,13,8,26739.1
2015-03-05,14,8,27399.6
2015-03-05,15,8,27516.3
2015-03-05,16,8,27592.9
2015-03-05,17,8,27242.5
2015-03-05,18,8,27963.8
2015-03-05,19,8,29282.8
2015-03-05,20,8,28712.1
2015-03-05,21,8,27945.9
2015-03-05,22,8,25637.4
2015-03-05,23,8,22978.1
2015-03-05,24,8,20401.1
2015-03-06,1,8,18885.2
2015-03-06,2,8,17929.0
2015-03-06,3,8,17027.4
2015-03-06,4,8,16948.0
2015-03-06,5,8,17429.4
2015-03-06,6,8,18762.3
2015-03-06,7,8,21024.2
2015-03-06,8,8,22938.5
2015-03-06,9,8,23976.7
2015-03-06,10,8,25181.9
2015-03-06,11,8,26378.2
2015-03-06,12,8,27202.4
2015-03-06,13,8,27777.5
2015-03-06,14,8,28762.8
2015-03-06,15,8,28983.3
2015-03-06,16,8,28157.6
2015-03-06,17,8,27902.2
2015-03-06,18,8,28192.8
2015-03-06,19,8,28880.7
2015-03-06,20,8,28326.9
2015-03-06,21,8,27282.8
2015-03-06,22,8,25886.7
2015-03-06,23,8,23677.0
2015-03-06,24,8,21281.0
2015-03-07,1,8,19304.2
2015-03-07,2,8,17776.7
2015-03-07,3,8,17055.8
2015-03-07,4,8,16887.5
2015-03-07,5,8,16927.1
2015-03-07,6,8,17536.1
2015-03-07,7,8,17906.8
2015-03-07,8,8,18466.4
2015-03-07,9,8,19988.2
2015-03-07,10,8,21605.5
2015-03-07,11,8,22986.9
2015-03-07,12,8,24047.1
2015-03-07,13,8,24421.4
2015-03-07,14,8,24791.8
2015-03-07,15,8,24873.7
2015-03-07,16,8,24589.9
2015-03-07,17,8,24610.6
2015-03-07,18,8,25006.8
2015-03-07,19,8,26349.4
2015-03-07,20,8,25786.8
2015-03-07,21,8,25235.9
2015-03-07,22,8,23768.7
2015-03-07,23,8,21721.7
2015-03-07,24,8,19883.0
2015-03-08,1,8,17858.8
2015-03-08,2,8,16845.1
2015-03-08,3,8,16260.7
2015-03-08,4,8,16054.8
2015-03-08,5,8,16154.5
2015-03-08,6,8,16882.6
2015-03-08,7,8,17025.3
2015-03-08,8,8,18035.3
2015-03-08,9,8,19180.2
2015-03-08,10,8,20378.7
2015-03-08,11,8,21470.5
2015-03-08,12,8,22080.9
2015-03-08,13,8,22364.2
2015-03-08,14,8,22792.3
2015-03-08,15,8,22899.2
2015-03-08,16,8,23367.1
2015-03-08,17,8,23527.2
2015-03-08,18,8,24237.8
2015-03-08,19,8,26318.7
2015-03-08,20,8,25916.3
2015-03-08,21,8,25073.7
2015-03-08,22,8,22749.5
2015-03-08,23,8,20211.5
2015-03-09,24,8,18648.3
2015-03-09,1,8,17724.9
2015-03-09,3,7,16759.8
2015-03-09,4,7,16601.3
2015-03-09,5,7,17450.1
2015-03-09,6,7,18919.3
2015-03-09,7,7,21440.3
2015-03-09,8,7,24282.7
2015-03-09,9,7,25523.4
2015-03-09,10,7,25589.3
2015-03-09,11,7,26515.6
2015-03-09,12,7,27192.7
2015-03-09,13,7,27659.3
2015-03-09,14,7,27831.3
2015-03-09,15,7,27656.8
2015-03-09,16,7,27479.7
2015-03-09,17,7,26777.2
2015-03-09,18,7,26813.4
2015-03-09,19,7,27224.9
2015-03-09,20,7,29529.7
2015-03-09,21,7,29115.0
2015-03-09,22,7,27675.2
2015-03-09,23,7,25008.2
2015-03-09,24,7,21884.3
2015-03-10,1,7,19929.4
2015-03-10,2,7,18696.3
2015-03-10,3,7,18162.4
2015-03-10,4,7,18063.6
2015-03-10,5,7,18393.3
2015-03-10,6,7,19670.5
2015-03-10,7,7,22439.2
2015-03-10,8,7,24612.7
2015-03-10,9,7,25096.4
2015-03-10,10,7,25108.5
2015-03-10,11,7,25936.1
2015-03-10,12,7,26881.4
2015-03-10,13,7,27749.2
2015-03-10,14,7,28852.0
2015-03-10,15,7,29455.4
2015-03-10,16,7,28868.4
2015-03-10,17,7,28170.9
2015-03-10,18,7,28547.2
2015-03-10,19,7,28693.6
2015-03-10,20,7,30310.3
2015-03-10,21,7,29714.0
2015-03-10,22,7,28030.4
2015-03-10,23,7,25390.4
2015-03-10,24,7,22244.9
2015-03-11,1,7,20577.8
2015-03-11,2,7,18930.1
2015-03-11,3,7,18523.4
2015-03-11,4,7,18342.6
2015-03-11,5,7,18707.9
2015-03-11,6,7,20266.8
2015-03-11,7,7,22917.7
2015-03-11,8,7,25386.6
2015-03-11,9,7,27739.9
2015-03-11,10,7,28058.6
2015-03-11,11,7,29019.6
2015-03-11,12,7,29985.8
2015-03-11,13,7,29988.4
2015-03-11,14,7,29434.4
2015-03-11,15,7,28343.6
2015-03-11,16,7,27797.6
2015-03-11,17,7,27357.7
2015-03-11,18,7,27790.4
2015-03-11,19,7,28538.7
2015-03-11,20,7,29389.2
2015-03-11,21,7,28769.1
2015-03-11,22,7,27541.1
2015-03-11,23,7,24880.4
2015-03-11,24,7,22053.1
2015-03-12,1,7,20372.1
2015-03-12,2,7,19265.1
2015-03-12,3,7,18241.5
2015-03-12,4,7,18057.7
2015-03-12,5,7,17937.0
2015-03-12,6,7,19138.6
2015-03-12,7,7,21976.7
2015-03-12,8,7,25062.4
2015-03-12,9,7,25142.4
2015-03-12,10,7,25769.9
2015-03-12,11,7,26830.3
2015-03-12,12,7,28459.8
2015-03-12,13,7,28973.4
2015-03-12,14,7,29103.4
2015-03-12,15,7,29841.4
2015-03-12,16,7,29729.5
2015-03-12,17,7,29564.4
2015-03-12,18,7,30389.7
2015-03-12,19,7,30657.1
2015-03-12,20,7,31944.9
2015-03-12,21,7,31359.9
2015-03-12,22,7,29786.9
2015-03-12,23,7,26501.3
2015-03-12,24,7,23230.4
2015-03-13,1,7,21372.9
2015-03-13,2,7,19705.5
2015-03-13,3,7,18890.9
2015-03-13,4,7,18685.8
2015-03-13,5,7,18947.5
2015-03-13,6,7,20027.5
2015-03-13,7,7,22717.3
2015-03-13,8,7,24773.8
2015-03-13,9,7,26502.0
2015-03-13,10,7,27557.1
2015-03-13,11,7,28841.6
2015-03-13,12,7,29837.5
2015-03-13,13,7,30346.4
2015-03-13,14,7,31321.2
2015-03-13,15,7,32004.4
2015-03-13,16,7,32067.1
2015-03-13,17,7,31748.0
2015-03-13,18,7,31575.5
2015-03-13,19,7,30722.4
2015-03-13,20,7,31439.9
2015-03-13,21,7,30921.6
2015-03-13,22,7,29174.6
2015-03-13,23,7,26669.6
2015-03-13,24,7,23209.2
2015-03-14,1,7,20798.1
2015-03-14,2,7,19092.1
2015-03-14,3,7,18188.4
2015-03-14,4,7,17697.4
2015-03-14,5,7,17633.9
2015-03-14,6,7,17978.8
2015-03-14,7,7,19169.9
2015-03-14,8,7,19104.6
2015-03-14,9,7,20519.9
2015-03-14,10,7,22532.7
2015-03-14,11,7,24578.1
2015-03-14,12,7,26048.6
2015-03-14,13,7,27178.6
2015-03-14,14,7,28188.3
2015-03-14,15,7,28955.7
2015-03-14,16,7,29516.6
2015-03-14,17,7,29550.7
2015-03-14,18,7,29575.4
2015-03-14,19,7,29132.7
2015-03-14,20,7,29660.5
2015-03-14,21,7,28854.8
2015-03-14,22,7,27703.6
2015-03-14,23,7,25426.1
2015-03-14,24,7,22952.6
2015-03-15,1,7,20821.3
2015-03-15,2,7,19076.6
2015-03-15,3,7,17950.9
2015-03-15,4,7,17274.6
2015-03-15,5,7,17131.6
2015-03-15,6,7,17464.0
2015-03-15,7,7,17950.3
2015-03-15,8,7,17728.2
2015-03-15,9,7,19104.7
2015-03-15,10,7,21109.7
2015-03-15,11,7,23129.1
2015-03-15,12,7,24818.2
2015-03-15,13,7,26055.0
2015-03-15,14,7,27100.3
2015-03-15,15,7,27505.5
2015-03-15,16,7,27855.1
2015-03-15,17,7,28182.7
2015-03-15,18,7,28063.1
2015-03-15,19,7,28541.7
2015-03-15,20,7,30122.3
2015-03-15,21,7,29697.1
2015-03-15,22,7,28543.1
2015-03-15,23,7,25648.7
2015-03-15,24,7,22559.3
2015-03-16,1,7,20773.7
2015-03-16,2,7,19479.8
2015-03-16,3,7,18667.9
2015-03-16,4,7,18038.2
2015-03-16,5,7,18251.0
2015-03-16,6,7,19644.3
2015-03-16,7,7,22912.7
2015-03-16,8,7,25723.0
2015-03-16,9,7,27327.8
2015-03-16,10,7,28099.0
2015-03-16,11,7,30085.2
2015-03-16,12,7,31521.2
2015-03-16,13,7,32559.4
2015-03-16,14,7,33054.2
2015-03-16,15,7,33771.7
2015-03-16,16,7,32714.8
2015-03-16,17,7,32094.1
2015-03-16,18,7,31858.1
2015-03-16,19,7,31011.3
2015-03-16,20,7,32745.7
2015-03-16,21,7,32017.0
2015-03-16,22,7,30348.4
2015-03-16,23,7,27202.2
2015-03-16,24,7,23740.6
2015-03-17,1,7,21314.9
2015-03-17,2,7,19971.2
2015-03-17,3,7,19096.7
2015-03-17,4,7,18883.1
2015-03-17,5,7,19275.9
2015-03-17,6,7,20738.9
2015-03-17,7,7,23515.8
2015-03-17,8,7,25165.0
2015-03-17,9,7,25471.6
2015-03-17,10,7,26967.2
2015-03-17,11,7,28419.4
2015-03-17,12,7,29342.5
2015-03-17,13,7,29893.5
2015-03-17,14,7,30622.7
2015-03-17,15,7,30762.8
2015-03-17,16,7,29993.0
2015-03-17,17,7,29174.0
2015-03-17,18,7,28937.1
2015-03-17,19,7,29335.6
2015-03-17,20,7,31309.8
2015-03-17,21,7,30761.5
2015-03-17,22,7,28928.4
2015-03-17,23,7,26047.7
2015-03-17,24,7,22877.3
2015-03-18,1,7,21216.2
2015-03-18,2,7,20149.0
2015-03-18,3,7,19387.4
2015-03-18,4,7,18911.1
2015-03-18,5,7,19321.5
2015-03-18,6,7,20650.0
2015-03-18,7,7,23565.0
2015-03-18,8,7,26143.6
2015-03-18,9,7,26786.9
2015-03-18,10,7,27696.5
2015-03-18,11,7,28578.2
2015-03-18,12,7,29406.1
2015-03-18,13,7,29466.0
2015-03-18,14,7,28967.4
2015-03-18,15,7,27780.9
2015-03-18,16,7,26990.1
2015-03-18,17,7,26378.7
2015-03-18,18,7,26841.7
2015-03-18,19,7,27171.2
2015-03-18,20,7,28950.3
2015-03-18,21,7,28446.4
2015-03-18,22,7,27329.4
2015-03-18,23,7,24528.0
2015-03-18,24,7,21812.0
2015-03-19,1,7,20285.0
2015-03-19,2,7,19220.5
2015-03-19,3,7,18332.6
2015-03-19,4,7,18037.2
2015-03-19,5,7,18268.0
2015-03-19,6,7,19444.9
2015-03-19,7,7,22198.2
2015-03-19,8,7,24664.1
2015-03-19,9,7,26916.9
2015-03-19,10,7,27338.8
2015-03-19,11,7,27713.7
2015-03-19,12,7,28723.8
2015-03-19,13,7,29051.9
2015-03-19,14,7,28820.7
2015-03-19,15,7,28212.0
2015-03-19,16,7,27612.8
2015-03-19,17,7,27303.6
2015-03-19,18,7,27969.0
2015-03-19,19,7,27848.9
2015-03-19,20,7,29497.4
2015-03-19,21,7,29593.9
2015-03-19,22,7,28067.1
2015-03-19,23,7,25148.0
2015-03-19,24,7,22285.2
2015-03-20,1,7,20747.8
2015-03-20,2,7,19617.7
2015-03-20,3,7,19198.4
2015-03-20,4,7,18558.6
2015-03-20,5,7,18833.7
2015-03-20,6,7,19946.9
2015-03-20,7,7,22494.4
2015-03-20,8,7,24784.1
2015-03-20,9,7,25736.0
2015-03-20,10,7,26421.0
2015-03-20,11,7,27261.4
2015-03-20,12,7,28120.1
2015-03-20,13,7,28350.0
2015-03-20,14,7,28807.2
2015-03-20,15,7,29167.8
2015-03-20,16,7,28963.6
2015-03-20,17,7,28482.5
2015-03-20,18,7,28402.4
2015-03-20,19,7,27868.1
2015-03-20,20,7,29199.4
2015-03-20,21,7,28717.4
2015-03-20,22,7,27442.5
2015-03-20,23,7,24710.4
2015-03-20,24,7,22013.3
2015-03-21,1,7,19728.7
2015-03-21,2,7,17655.2
2015-03-21,3,7,16927.9
2015-03-21,4,7,17125.4
2015-03-21,5,7,17363.9
2015-03-21,6,7,17954.0
2015-03-21,7,7,19109.9
2015-03-21,8,7,19211.0
2015-03-21,9,7,20288.6
2015-03-21,10,7,21407.6
2015-03-21,11,7,22171.0
2015-03-21,12,7,22992.8
2015-03-21,13,7,23501.1
2015-03-21,14,7,24044.7
2015-03-21,15,7,23961.0
2015-03-21,16,7,24002.2
2015-03-21,17,7,23850.5
2015-03-21,18,7,23965.9
2015-03-21,19,7,23971.0
2015-03-21,20,7,25266.9
2015-03-21,21,7,25371.5
2015-03-21,22,7,24287.8
2015-03-21,23,7,22221.8
2015-03-21,24,7,20456.8
2015-03-22,1,7,18772.1
2015-03-22,2,7,17391.8
2015-03-22,3,7,16569.7
2015-03-22,4,7,16247.4
2015-03-22,5,7,16136.1
2015-03-22,6,7,16514.3
2015-03-22,7,7,17153.9
2015-03-22,8,7,17232.7
2015-03-22,9,7,18428.2
2015-03-22,10,7,19949.0
2015-03-22,11,7,21232.8
2015-03-22,12,7,21813.3
2015-03-22,13,7,22129.6
2015-03-22,14,7,22085.0
2015-03-22,15,7,22180.7
2015-03-22,16,7,22312.7
2015-03-22,17,7,22255.2
2015-03-22,18,7,22330.1
2015-03-22,19,7,23151.2
2015-03-22,20,7,25068.9
2015-03-22,21,7,25459.2
2015-03-22,22,7,24770.7
2015-03-22,23,7,22366.0
2015-03-22,24,7,19927.2
2015-03-23,1,7,17958.6
2015-03-23,2,7,17028.5
2015-03-23,3,7,16681.0
2015-03-23,4,7,16451.2
2015-03-23,5,7,17291.9
2015-03-23,6,7,18460.3
2015-03-23,7,7,21339.1
2015-03-23,8,7,23341.2
2015-03-23,9,7,24166.9
2015-03-23,10,7,24625.2
2015-03-23,11,7,26270.5
2015-03-23,12,7,26006.1
2015-03-23,13,7,26867.7
2015-03-23,14,7,27170.3
2015-03-23,15,7,27189.0
2015-03-23,16,7,26380.9
2015-03-23,17,7,26324.5
2015-03-23,18,7,26850.3
2015-03-23,19,7,26702.2
2015-03-23,20,7,28704.1
2015-03-23,21,7,28374.2
2015-03-23,22,7,26932.1
2015-03-23,23,7,24142.5
2015-03-23,24,7,21110.5
2015-03-24,1,7,19092.0
2015-03-24,2,7,18469.9
2015-03-24,3,7,17604.0
2015-03-24,4,7,17360.1
2015-03-24,5,7,17941.3
2015-03-24,6,7,19084.3
2015-03-24,7,7,22004.8
2015-03-24,8,7,23180.9
2015-03-24,9,7,24610.8
2015-03-24,10,7,25126.7
2015-03-24,11,7,25543.2
2015-03-24,12,7,26731.6
2015-03-24,13,7,26939.3
2015-03-24,14,7,27489.2
2015-03-24,15,7,27743.2
2015-03-24,16,7,27594.5
2015-03-24,17,7,27107.6
2015-03-24,18,7,27649.5
2015-03-24,19,7,27813.5
2015-03-24,20,7,29600.9
2015-03-24,21,7,29526.9
2015-03-24,22,7,28051.6
2015-03-24,23,7,24976.0
2015-03-24,24,7,21958.1
2015-03-25,1,7,20256.0
2015-03-25,2,7,19413.7
2015-03-25,3,7,18741.8
2015-03-25,4,7,17913.4
2015-03-25,5,7,18589.3
2015-03-25,6,7,19709.1
2015-03-25,7,7,22242.4
2015-03-25,8,7,24853.5
2015-03-25,9,7,25698.8
2015-03-25,10,7,26948.7
2015-03-25,11,7,27844.0
2015-03-25,12,7,29069.5
2015-03-25,13,7,29606.3
2015-03-25,14,7,29792.1
2015-03-25,15,7,29544.6
2015-03-25,16,7,28834.0
2015-03-25,17,7,28480.4
2015-03-25,18,7,28806.4
2015-03-25,19,7,28642.0
2015-03-25,20,7,30142.4
2015-03-25,21,7,29509.3
2015-03-25,22,7,28210.0
2015-03-25,23,7,25571.1
2015-03-25,24,7,22532.1
2015-03-26,1,7,20750.2
2015-03-26,2,7,19643.2
2015-03-26,3,7,18698.4
2015-03-26,4,7,18298.2
2015-03-26,5,7,18630.1
2015-03-26,6,7,19834.2
2015-03-26,7,7,22436.9
2015-03-26,8,7,24472.4
2015-03-26,9,7,25587.6
2015-03-26,10,7,26273.6
2015-03-26,11,7,28171.5
2015-03-26,12,7,29618.4
2015-03-26,13,7,31209.0
2015-03-26,14,7,31665.0
2015-03-26,15,7,32107.2
2015-03-26,16,7,31377.6
2015-03-26,17,7,31384.4
2015-03-26,18,7,31728.4
2015-03-26,19,7,31048.1
2015-03-26,20,7,32278.4
2015-03-26,21,7,31809.3
2015-03-26,22,7,29826.2
2015-03-26,23,7,26726.4
2015-03-26,24,7,23636.1
2015-03-27,1,7,21835.8
2015-03-27,2,7,20110.5
2015-03-27,3,7,18939.7
2015-03-27,4,7,18582.4
2015-03-27,5,7,18922.1
2015-03-27,6,7,20091.0
2015-03-27,7,7,22465.4
2015-03-27,8,7,24198.6
2015-03-27,9,7,25359.9
2015-03-27,10,7,26892.5
2015-03-27,11,7,28326.8
2015-03-27,12,7,29498.4
2015-03-27,13,7,30738.5
2015-03-27,14,7,31822.9
2015-03-27,15,7,31987.6
2015-03-27,16,7,31630.9
2015-03-27,17,7,31257.2
2015-03-27,18,7,30770.5
2015-03-27,19,7,30224.7
2015-03-27,20,7,30568.8
2015-03-27,21,7,29711.8
2015-03-27,22,7,28035.1
2015-03-27,23,7,25409.2
2015-03-27,24,7,21873.6
2015-03-28,1,7,19993.5
2015-03-28,2,7,18698.0
2015-03-28,3,7,17762.0
2015-03-28,4,7,16962.3
2015-03-28,5,7,17074.7
2015-03-28,6,7,17564.0
2015-03-28,7,7,18561.9
2015-03-28,8,7,18917.6
2015-03-28,9,7,20242.8
2015-03-28,10,7,21424.8
2015-03-28,11,7,22834.2
2015-03-28,12,7,23903.2
2015-03-28,13,7,24470.2
2015-03-28,14,7,24721.4
2015-03-28,15,7,25196.2
2015-03-28,16,7,25155.3
2015-03-28,17,7,25218.6
2015-03-28,18,7,25262.8
2015-03-28,19,7,25194.0
2015-03-28,20,7,25947.7
2015-03-28,21,7,25564.3
2015-03-28,22,7,24723.2
2015-03-28,23,7,22737.7
2015-03-28,24,7,20774.3
2015-03-29,1,7,18527.7
2015-03-29,2,7,17105.4
2015-03-29,3,7,16422.7
2015-03-29,4,7,16056.0
2015-03-29,5,7,16115.7
2015-03-29,6,7,16442.0
2015-03-29,7,7,17075.2
2015-03-29,8,7,17319.3
2015-03-29,9,7,18660.9
2015-03-29,10,7,19906.6
2015-03-29,11,7,21157.7
2015-03-29,12,7,22366.2
2015-03-29,13,7,22934.9
2015-03-29,14,7,23279.8
2015-03-29,15,7,23652.3
2015-03-29,16,7,24013.5
2015-03-29,17,7,24006.3
2015-03-29,18,7,24066.4
2015-03-29,19,7,24292.6
2015-03-29,20,7,25737.5
2015-03-29,21,7,25683.1
2015-03-29,22,7,24435.0
2015-03-29,23,7,22173.2
2015-03-29,24,7,19897.1
2015-03-30,1,7,18460.2
2015-03-30,2,7,17465.2
2015-03-30,3,7,16966.8
2015-03-30,4,7,16589.1
2015-03-30,5,7,17387.1
2015-03-30,6,7,19241.6
2015-03-30,7,7,22114.4
2015-03-30,8,7,25035.3
2015-03-30,9,7,26166.1
2015-03-30,10,7,26731.7
2015-03-30,11,7,28418.1
2015-03-30,12,7,29335.7
2015-03-30,13,7,29995.9
2015-03-30,14,7,29963.4
2015-03-30,15,7,30118.7
2015-03-30,16,7,28786.3
2015-03-30,17,7,28293.3
2015-03-30,18,7,28225.2
2015-03-30,19,7,27748.5
2015-03-30,20,7,29367.5
2015-03-30,21,7,30038.8
2015-03-30,22,7,28401.4
2015-03-30,23,7,25337.6
2015-03-30,24,7,22277.2
2015-03-31,1,7,20581.8
2015-03-31,2,7,19589.0
2015-03-31,3,7,19056.3
2015-03-31,4,7,18602.8
2015-03-31,5,7,18714.2
2015-03-31,6,7,19965.3
2015-03-31,7,7,22805.9
2015-03-31,8,7,25131.7
2015-03-31,9,7,26349.0
2015-03-31,10,7,27039.1
2015-03-31,11,7,27826.3
2015-03-31,12,7,28261.4
2015-03-31,13,7,27937.9
2015-03-31,14,7,27923.3
2015-03-31,15,7,28123.9
2015-03-31,16,7,27511.5
2015-03-31,17,7,27169.2
2015-03-31,18,7,26866.3
2015-03-31,19,7,26576.1
2015-03-31,20,7,28630.4
2015-03-31,21,7,28951.8
2015-03-31,22,7,27243.3
2015-03-31,23,7,24689.6
2015-03-31,24,7,21947.1
2015-04-01,1,7,20307.8
2015-04-01,2,7,19322.5
2015-04-01,3,7,18658.9
2015-04-01,4,7,18186.0
2015-04-01,5,7,18705.4
2015-04-01,6,7,20047.1
2015-04-01,7,7,22380.3
2015-04-01,8,7,23969.2
2015-04-01,9,7,27134.5
2015-04-01,10,7,27902.0
2015-04-01,11,7,28130.2
2015-04-01,12,7,28512.5
2015-04-01,13,7,29124.4
2015-04-01,14,7,29033.6
2015-04-01,15,7,29335.0
2015-04-01,16,7,27923.6
2015-04-01,17,7,27450.4
2015-04-01,18,7,27434.6
2015-04-01,19,7,27290.8
2015-04-01,20,7,29081.8
2015-04-01,21,7,29490.5
2015-04-01,22,7,28008.5
2015-04-01,23,7,25266.4
2015-04-01,24,7,22162.9
2015-04-02,1,7,20219.9
2015-04-02,2,7,19201.5
2015-04-02,3,7,18516.0
2015-04-02,4,7,18048.7
2015-04-02,5,7,18367.8
2015-04-02,6,7,19520.4
2015-04-02,7,7,21721.7
2015-04-02,8,7,23468.8
2015-04-02,9,7,24538.5
2015-04-02,10,7,25474.0
2015-04-02,11,7,25916.9
2015-04-02,12,7,27004.1
2015-04-02,13,7,26880.6
2015-04-02,14,7,27410.6
2015-04-02,15,7,27649.9
2015-04-02,16,7,27299.7
2015-04-02,17,7,26381.3
2015-04-02,18,7,26236.8
2015-04-02,19,7,25959.8
2015-04-02,20,7,27428.5
2015-04-02,21,7,27286.3
2015-04-02,22,7,26116.4
2015-04-02,23,7,23626.6
2015-04-02,24,7,20854.1
2015-04-03,1,7,19138.3
2015-04-03,2,7,18141.7
2015-04-03,3,7,17542.2
2015-04-03,4,7,16904.3
2015-04-03,5,7,17151.4
2015-04-03,6,7,18082.5
2015-04-03,7,7,19614.7
2015-04-03,8,7,20667.1
2015-04-03,9,7,22429.9
2015-04-03,10,7,23764.2
2015-04-03,11,7,25119.5
2015-04-03,12,7,25760.6
2015-04-03,13,7,26553.4
2015-04-03,14,7,27000.7
2015-04-03,15,7,26633.6
2015-04-03,16,7,26575.0
2015-04-03,17,7,26338.9
2015-04-03,18,7,26001.1
2015-04-03,19,7,25659.8
2015-04-03,20,7,26483.7
2015-04-03,21,7,26030.3
2015-04-03,22,7,24787.3
2015-04-03,23,7,23016.4
2015-04-03,24,7,20462.2
2015-04-04,1,7,18443.3
2015-04-04,2,7,17269.0
2015-04-04,3,7,16604.5
2015-04-04,4,7,15885.0
2015-04-04,5,7,16001.6
2015-04-04,6,7,16432.0
2015-04-04,7,7,17217.1
2015-04-04,8,7,16993.7
2015-04-04,9,7,18524.4
2015-04-04,10,7,20223.4
2015-04-04,11,7,21695.2
2015-04-04,12,7,22734.5
2015-04-04,13,7,23287.2
2015-04-04,14,7,23539.4
2015-04-04,15,7,23772.0
2015-04-04,16,7,23961.8
2015-04-04,17,7,23931.0
2015-04-04,18,7,23734.6
2015-04-04,19,7,23777.2
2015-04-04,20,7,25139.5
2015-04-04,21,7,24918.6
2015-04-04,22,7,24582.9
2015-04-04,23,7,22908.3
2015-04-04,24,7,20896.8
2015-04-05,1,7,18923.7
2015-04-05,2,7,17739.9
2015-04-05,3,7,17080.2
2015-04-05,4,7,16243.3
2015-04-05,5,7,16139.0
2015-04-05,6,7,16607.7
2015-04-05,7,7,16976.1
2015-04-05,8,7,16926.6
2015-04-05,9,7,17969.0
2015-04-05,10,7,19440.2
2015-04-05,11,7,20156.5
2015-04-05,12,7,20451.6
2015-04-05,13,7,20559.7
2015-04-05,14,7,20620.9
2015-04-05,15,7,20069.2
2015-04-05,16,7,19738.0
2015-04-05,17,7,19589.0
2015-04-05,18,7,19847.4
2015-04-05,19,7,20313.5
2015-04-05,20,7,22185.4
2015-04-05,21,7,22724.5
2015-04-05,22,7,22070.9
2015-04-05,23,7,20228.7
2015-04-05,24,7,18797.4
2015-04-06,1,7,17695.2
2015-04-06,2,7,16779.6
2015-04-06,3,7,15987.4
2015-04-06,4,7,15727.1
2015-04-06,5,7,16803.3
2015-04-06,6,7,18672.1
2015-04-06,7,7,20329.4
2015-04-06,8,7,20985.5
2015-04-06,9,7,22447.2
2015-04-06,10,7,23957.7
2015-04-06,11,7,25431.6
2015-04-06,12,7,25532.5
2015-04-06,13,7,25395.6
2015-04-06,14,7,25543.6
2015-04-06,15,7,25557.8
2015-04-06,16,7,25285.1
2015-04-06,17,7,24741.5
2015-04-06,18,7,24418.7
2015-04-06,19,7,24475.8
2015-04-06,20,7,26719.0
2015-04-06,21,7,27458.3
2015-04-06,22,7,25640.6
2015-04-06,23,7,23571.5
2015-04-06,24,7,21265.6
2015-04-07,1,7,19241.2
2015-04-07,2,7,18161.3
2015-04-07,3,7,17750.8
2015-04-07,4,7,17620.6
2015-04-07,5,7,18086.3
2015-04-07,6,7,19301.6
2015-04-07,7,7,20774.3
2015-04-07,8,7,22271.3
2015-04-07,9,7,23662.8
2015-04-07,10,7,24826.0
2015-04-07,11,7,26062.5
2015-04-07,12,7,26676.1
2015-04-07,13,7,25672.4
2015-04-07,14,7,25693.6
2015-04-07,15,7,25848.0
2015-04-07,16,7,25625.5
2015-04-07,17,7,25245.0
2015-04-07,18,7,25424.7
2015-04-07,19,7,25600.6
2015-04-07,20,7,27446.5
2015-04-07,21,7,28249.6
2015-04-07,22,7,26325.0
2015-04-07,23,7,24132.7
2015-04-07,24,7,21924.7
2015-04-08,1,7,20235.0
2015-04-08,2,7,18839.7
2015-04-08,3,7,18653.8
2015-04-08,4,7,18578.6
2015-04-08,5,7,18782.9
2015-04-08,6,7,20094.9
2015-04-08,7,7,22073.9
2015-04-08,8,7,22011.7
2015-04-08,9,7,23238.7
2015-04-08,10,7,24176.6
2015-04-08,11,7,25305.3
2015-04-08,12,7,26161.4
2015-04-08,13,7,25698.9
2015-04-08,14,7,25451.2
2015-04-08,15,7,25621.4
2015-04-08,16,7,25517.5
2015-04-08,17,7,25025.4
2015-04-08,18,7,24958.5
2015-04-08,19,7,25156.2
2015-04-08,20,7,27071.9
2015-04-08,21,7,27926.7
2015-04-08,22,7,26507.9
2015-04-08,23,7,24617.3
2015-04-08,24,7,22077.4
2015-04-09,1,7,20469.0
2015-04-09,2,7,19561.6
2015-04-09,3,7,18995.0
2015-04-09,4,7,18354.5
2015-04-09,5,7,18713.6
2015-04-09,6,7,19853.5
2015-04-09,7,7,21295.4
2015-04-09,8,7,22013.6
2015-04-09,9,7,23750.4
2015-04-09,10,7,24743.0
2015-04-09,11,7,25721.0
2015-04-09,12,7,26327.1
2015-04-09,13,7,26507.2
2015-04-09,14,7,26479.4
2015-04-09,15,7,26682.9
2015-04-09,16,7,26737.8
2015-04-09,17,7,26098.1
2015-04-09,18,7,26079.6
2015-04-09,19,7,25834.1
2015-04-09,20,7,27441.4
2015-04-09,21,7,28464.0
2015-04-09,22,7,26644.3
2015-04-09,23,7,24277.3
2015-04-09,24,7,21641.4
2015-04-10,1,7,20189.6
2015-04-10,2,7,19052.7
2015-04-10,3,7,18567.3
2015-04-10,4,7,18396.3
2015-04-10,5,7,18732.5
2015-04-10,6,7,19795.2
2015-04-10,7,7,21098.8
2015-04-10,8,7,21360.9
2015-04-10,9,7,22996.5
2015-04-10,10,7,24155.4
2015-04-10,11,7,25036.5
2015-04-10,12,7,25333.0
2015-04-10,13,7,25710.7
2015-04-10,14,7,25954.7
2015-04-10,15,7,26079.0
2015-04-10,16,7,25694.9
2015-04-10,17,7,25280.5
2015-04-10,18,7,24985.4
2015-04-10,19,7,25004.4
2015-04-10,20,7,26554.9
2015-04-10,21,7,26715.9
2015-04-10,22,7,25371.2
2015-04-10,23,7,23404.8
2015-04-10,24,7,21208.6
2015-04-11,1,7,19584.3
2015-04-11,2,7,18526.0
2015-04-11,3,7,17868.6
2015-04-11,4,7,17183.7
2015-04-11,5,7,17191.1
2015-04-11,6,7,17721.4
2015-04-11,7,7,18675.6
2015-04-11,8,7,19037.3
2015-04-11,9,7,20349.2
2015-04-11,10,7,21785.0
2015-04-11,11,7,22966.4
2015-04-11,12,7,23203.6
2015-04-11,13,7,23407.3
2015-04-11,14,7,23635.9
2015-04-11,15,7,23727.5
2015-04-11,16,7,23730.9
2015-04-11,17,7,23671.9
2015-04-11,18,7,23800.6
2015-04-11,19,7,23844.9
2015-04-11,20,7,24871.6
2015-04-11,21,7,25108.3
2015-04-11,22,7,24165.3
2015-04-11,23,7,22521.8
2015-04-11,24,7,20789.2
2015-04-12,1,7,18813.6
2015-04-12,2,7,17423.6
2015-04-12,3,7,16761.4
2015-04-12,4,7,16485.1
2015-04-12,5,7,16483.5
2015-04-12,6,7,16836.0
2015-04-12,7,7,17655.3
2015-04-12,8,7,17551.3
2015-04-12,9,7,18984.5
2015-04-12,10,7,20147.1
2015-04-12,11,7,21419.4
2015-04-12,12,7,22462.3
2015-04-12,13,7,22879.0
2015-04-12,14,7,23196.8
2015-04-12,15,7,23348.6
2015-04-12,16,7,23462.9
2015-04-12,17,7,23548.0
2015-04-12,18,7,23799.3
2015-04-12,19,7,24287.9
2015-04-12,20,7,25742.6
2015-04-12,21,7,26420.2
2015-04-12,22,7,25486.7
2015-04-12,23,7,23323.6
2015-04-12,24,7,20841.7
2015-04-13,1,7,19250.4
2015-04-13,2,7,18337.8
2015-04-13,3,7,17843.8
2015-04-13,4,7,17202.3
2015-04-13,5,7,17817.8
2015-04-13,6,7,19277.6
2015-04-13,7,7,21761.8
2015-04-13,8,7,23980.8
2015-04-13,9,7,25932.9
2015-04-13,10,7,26789.7
2015-04-13,11,7,27297.8
2015-04-13,12,7,27648.7
2015-04-13,13,7,27989.7
2015-04-13,14,7,28671.3
2015-04-13,15,7,28815.5
2015-04-13,16,7,28314.1
2015-04-13,17,7,27636.1
2015-04-13,18,7,27359.5
2015-04-13,19,7,27355.7
2015-04-13,20,7,28848.5
2015-04-13,21,7,29597.2
2015-04-13,22,7,27923.8
2015-04-13,23,7,25745.7
2015-04-13,24,7,22899.4
2015-04-14,1,7,21027.7
2015-04-14,2,7,20054.0
2015-04-14,3,7,19707.5
2015-04-14,4,7,19044.2
2015-04-14,5,7,19617.3
2015-04-14,6,7,20840.1
2015-04-14,7,7,23377.4
2015-04-14,8,7,25471.4
2015-04-14,9,7,26990.7
2015-04-14,10,7,28863.8
2015-04-14,11,7,28908.8
2015-04-14,12,7,29090.1
2015-04-14,13,7,29376.2
2015-04-14,14,7,29540.5
2015-04-14,15,7,28993.3
2015-04-14,16,7,28469.2
2015-04-14,17,7,27905.0
2015-04-14,18,7,27496.6
2015-04-14,19,7,27438.2
2015-04-14,20,7,29098.6
2015-04-14,21,7,29948.3
2015-04-14,22,7,28099.0
2015-04-14,23,7,25837.1
2015-04-14,24,7,22375.3
2015-04-15,1,7,20600.6
2015-04-15,2,7,20003.1
2015-04-15,3,7,19183.2
2015-04-15,4,7,18854.1
2015-04-15,5,7,19216.6
2015-04-15,6,7,20293.7
2015-04-15,7,7,22766.1
2015-04-15,8,7,24388.3
2015-04-15,9,7,25785.4
2015-04-15,10,7,26826.9
2015-04-15,11,7,27996.2
2015-04-15,12,7,28873.9
2015-04-15,13,7,28985.2
2015-04-15,14,7,29186.6
2015-04-15,15,7,30350.5
2015-04-15,16,7,29214.8
2015-04-15,17,7,28767.4
2015-04-15,18,7,28276.3
2015-04-15,19,7,27845.5
2015-04-15,20,7,29448.6
2015-04-15,21,7,30423.0
2015-04-15,22,7,28927.0
2015-04-15,23,7,26098.0
2015-04-15,24,7,22961.8
2015-04-16,1,7,20987.3
2015-04-16,2,7,20355.1
2015-04-16,3,7,19802.5
2015-04-16,4,7,19112.6
2015-04-16,5,7,19481.4
2015-04-16,6,7,20722.4
2015-04-16,7,7,23142.6
2015-04-16,8,7,25183.6
2015-04-16,9,7,26592.8
2015-04-16,10,7,27050.8
2015-04-16,11,7,27721.2
2015-04-16,12,7,29174.4
2015-04-16,13,7,28817.8
2015-04-16,14,7,28738.3
2015-04-16,15,7,28745.8
2015-04-16,16,7,28573.6
2015-04-16,17,7,28325.5
2015-04-16,18,7,28023.2
2015-04-16,19,7,27805.8
2015-04-16,20,7,29171.6
2015-04-16,21,7,30039.3
2015-04-16,22,7,27997.1
2015-04-16,23,7,25425.3
2015-04-16,24,7,21992.5
2015-04-17,1,7,20260.1
2015-04-17,2,7,19018.1
2015-04-17,3,7,18464.1
2015-04-17,4,7,18144.9
2015-04-17,5,7,18472.1
2015-04-17,6,7,19773.0
2015-04-17,7,7,22078.6
2015-04-17,8,7,23744.4
2015-04-17,9,7,25174.8
2015-04-17,10,7,26307.2
2015-04-17,11,7,27570.5
2015-04-17,12,7,28923.5
2015-04-17,13,7,28918.7
2015-04-17,14,7,28964.5
2015-04-17,15,7,28985.4
2015-04-17,16,7,28915.4
2015-04-17,17,7,28396.1
2015-04-17,18,7,28025.8
2015-04-17,19,7,27664.6
2015-04-17,20,7,28137.9
2015-04-17,21,7,28549.1
2015-04-17,22,7,27548.7
2015-04-17,23,7,25205.6
2015-04-17,24,7,22677.2
2015-04-18,1,7,20851.4
2015-04-18,2,7,19804.4
2015-04-18,3,7,18896.9
2015-04-18,4,7,17893.1
2015-04-18,5,7,17486.5
2015-04-18,6,7,18109.8
2015-04-18,7,7,18959.6
2015-04-18,8,7,19121.6
2015-04-18,9,7,20183.9
2015-04-18,10,7,21682.6
2015-04-18,11,7,23065.6
2015-04-18,12,7,23958.8
2015-04-18,13,7,24564.2
2015-04-18,14,7,24713.7
2015-04-18,15,7,24809.6
2015-04-18,16,7,24897.2
2015-04-18,17,7,24841.6
2015-04-18,18,7,24892.9
2015-04-18,19,7,24513.2
2015-04-18,20,7,25409.9
2015-04-18,21,7,25783.1
2015-04-18,22,7,25039.2
2015-04-18,23,7,23211.0
2015-04-18,24,7,21265.4
2015-04-19,1,7,19417.2
2015-04-19,2,7,18356.2
2015-04-19,3,7,17485.8
2015-04-19,4,7,16750.7
2015-04-19,5,7,16664.9
2015-04-19,6,7,17054.7
2015-04-19,7,7,17640.7
2015-04-19,8,7,17833.4
2015-04-19,9,7,18581.6
2015-04-19,10,7,20605.4
2015-04-19,11,7,21863.1
2015-04-19,12,7,22676.1
2015-04-19,13,7,23343.8
2015-04-19,14,7,23462.7
2015-04-19,15,7,23578.2
2015-04-19,16,7,23696.7
2015-04-19,17,7,23695.2
2015-04-19,18,7,24056.6
2015-04-19,19,7,24257.3
2015-04-19,20,7,25649.5
2015-04-19,21,7,26095.4
2015-04-19,22,7,25242.1
2015-04-19,23,7,23207.9
2015-04-19,24,7,20685.3
2015-04-20,1,7,19223.8
2015-04-20,2,7,17926.7
2015-04-20,3,7,17488.0
2015-04-20,4,7,17883.8
2015-04-20,5,7,18409.2
2015-04-20,6,7,19917.8
2015-04-20,7,7,22390.9
2015-04-20,8,7,24478.7
2015-04-20,9,7,25905.2
2015-04-20,10,7,26947.0
2015-04-20,11,7,27269.7
2015-04-20,12,7,27386.1
2015-04-20,13,7,27743.1
2015-04-20,14,7,28018.6
2015-04-20,15,7,27567.0
2015-04-20,16,7,27325.5
2015-04-20,17,7,26619.7
2015-04-20,18,7,26293.7
2015-04-20,19,7,26641.8
2015-04-20,20,7,27768.9
2015-04-20,21,7,28507.3
2015-04-20,22,7,27393.5
2015-04-20,23,7,24864.6
2015-04-20,24,7,22060.9
2015-04-21,1,7,20177.1
2015-04-21,2,7,19489.4
2015-04-21,3,7,19126.8
2015-04-21,4,7,18470.1
2015-04-21,5,7,18821.8
2015-04-21,6,7,20142.5
2015-04-21,7,7,22947.9
2015-04-21,8,7,25363.8
2015-04-21,9,7,26092.7
2015-04-21,10,7,27923.3
2015-04-21,11,7,28546.1
2015-04-21,12,7,28937.4
2015-04-21,13,7,28162.6
2015-04-21,14,7,28132.2
2015-04-21,15,7,27619.5
2015-04-21,16,7,26358.8
2015-04-21,17,7,25074.3
2015-04-21,18,7,25060.5
2015-04-21,19,7,25310.9
2015-04-21,20,7,27270.7
2015-04-21,21,7,28222.4
2015-04-21,22,7,26730.0
2015-04-21,23,7,24158.5
2015-04-21,24,7,21381.2
2015-04-22,1,7,19203.3
2015-04-22,2,7,18223.9
2015-04-22,3,7,17859.4
2015-04-22,4,7,17755.0
2015-04-22,5,7,18615.4
2015-04-22,6,7,19804.3
2015-04-22,7,7,21655.7
2015-04-22,8,7,23500.0
2015-04-22,9,7,25117.0
2015-04-22,10,7,25795.7
2015-04-22,11,7,26593.4
2015-04-22,12,7,27094.1
2015-04-22,13,7,26146.2
2015-04-22,14,7,26091.3
2015-04-22,15,7,26440.9
2015-04-22,16,7,25582.5
2015-04-22,17,7,25289.3
2015-04-22,18,7,25369.6
2015-04-22,19,7,25212.3
2015-04-22,20,7,26714.4
2015-04-22,21,7,27774.7
2015-04-22,22,7,26429.6
2015-04-22,23,7,24285.5
2015-04-22,24,7,21350.7
2015-04-23,1,7,19642.0
2015-04-23,2,7,19016.4
2015-04-23,3,7,18134.4
2015-04-23,4,7,17944.5
2015-04-23,5,7,18244.6
2015-04-23,6,7,19545.8
2015-04-23,7,7,22219.8
2015-04-23,8,7,24132.0
2015-04-23,9,7,25287.3
2015-04-23,10,7,26450.5
2015-04-23,11,7,27323.7
2015-04-23,12,7,28271.1
2015-04-23,13,7,27837.8
2015-04-23,14,7,27434.0
2015-04-23,15,7,27348.8
2015-04-23,16,7,26923.4
2015-04-23,17,7,26288.7
2015-04-23,18,7,25822.0
2015-04-23,19,7,26248.3
2015-04-23,20,7,27630.3
2015-04-23,21,7,28069.0
2015-04-23,22,7,26607.3
2015-04-23,23,7,24044.1
2015-04-23,24,7,20992.3
2015-04-24,1,7,18963.6
2015-04-24,2,7,17765.1
2015-04-24,3,7,17171.2
2015-04-24,4,7,16972.0
2015-04-24,5,7,17274.3
2015-04-24,6,7,18542.7
2015-04-24,7,7,20572.5
2015-04-24,8,7,22665.2
2015-04-24,9,7,24894.5
2015-04-24,10,7,26221.6
2015-04-24,11,7,26185.3
2015-04-24,12,7,26529.8
2015-04-24,13,7,25938.8
2015-04-24,14,7,25589.9
2015-04-24,15,7,25959.4
2015-04-24,16,7,25677.0
2015-04-24,17,7,25434.9
2015-04-24,18,7,25342.5
2015-04-24,19,7,25298.2
2015-04-24,20,7,26136.6
2015-04-24,21,7,26207.1
2015-04-24,22,7,24885.2
2015-04-24,23,7,23190.7
2015-04-24,24,7,20606.3
2015-04-25,1,7,18590.6
2015-04-25,2,7,17663.1
2015-04-25,3,7,17112.5
2015-04-25,4,7,16865.3
2015-04-25,5,7,17003.2
2015-04-25,6,7,17495.8
2015-04-25,7,7,18334.7
2015-04-25,8,7,19482.3
2015-04-25,9,7,20845.5
2015-04-25,10,7,21905.7
2015-04-25,11,7,22454.5
2015-04-25,12,7,22675.8
2015-04-25,13,7,23029.0
2015-04-25,14,7,23145.2
2015-04-25,15,7,22927.2
2015-04-25,16,7,22671.8
2015-04-25,17,7,22418.8
2015-04-25,18,7,22181.9
2015-04-25,19,7,22413.3
2015-04-25,20,7,23627.1
2015-04-25,21,7,24343.3
2015-04-25,22,7,23587.7
2015-04-25,23,7,22137.8
2015-04-25,24,7,20255.9
2015-04-26,1,7,18403.8
2015-04-26,2,7,17384.2
2015-04-26,3,7,16825.4
2015-04-26,4,7,16480.2
2015-04-26,5,7,16442.5
2015-04-26,6,7,16756.9
2015-04-26,7,7,16839.9
2015-04-26,8,7,16803.0
2015-04-26,9,7,17867.2
2015-04-26,10,7,19290.6
2015-04-26,11,7,20599.1
2015-04-26,12,7,21352.8
2015-04-26,13,7,21820.0
2015-04-26,14,7,22083.5
2015-04-26,15,7,22172.3
2015-04-26,16,7,22170.6
2015-04-26,17,7,22221.7
2015-04-26,18,7,22491.6
2015-04-26,19,7,22861.6
2015-04-26,20,7,24221.9
2015-04-26,21,7,25208.7
2015-04-26,22,7,24812.4
2015-04-26,23,7,22310.2
2015-04-26,24,7,19844.6
2015-04-27,1,7,18459.1
2015-04-27,2,7,17383.1
2015-04-27,3,7,16699.2
2015-04-27,4,7,16476.5
2015-04-27,5,7,17275.3
2015-04-27,6,7,19422.3
2015-04-27,7,7,21498.7
2015-04-27,8,7,23207.0
2015-04-27,9,7,24760.6
2015-04-27,10,7,26398.9
2015-04-27,11,7,28141.3
2015-04-27,12,7,28672.3
2015-04-27,13,7,28681.1
2015-04-27,14,7,29381.4
2015-04-27,15,7,29885.0
2015-04-27,16,7,29529.1
2015-04-27,17,7,28999.9
2015-04-27,18,7,28807.3
2015-04-27,19,7,28369.0
2015-04-27,20,7,29337.8
2015-04-27,21,7,30544.2
2015-04-27,22,7,28906.8
2015-04-27,23,7,25832.0
2015-04-27,24,7,22576.0
2015-04-28,1,7,20911.5
2015-04-28,2,7,19818.5
2015-04-28,3,7,19148.6
2015-04-28,4,7,18430.4
2015-04-28,5,7,18524.4
2015-04-28,6,7,19477.1
2015-04-28,7,7,21458.3
2015-04-28,8,7,24103.2
2015-04-28,9,7,26592.6
2015-04-28,10,7,28329.1
2015-04-28,11,7,29604.5
2015-04-28,12,7,30380.0
2015-04-28,13,7,30370.5
2015-04-28,14,7,31179.1
2015-04-28,15,7,31139.5
2015-04-28,16,7,31058.3
2015-04-28,17,7,30736.9
2015-04-28,18,7,30452.1
2015-04-28,19,7,30029.0
2015-04-28,20,7,30176.2
2015-04-28,21,7,30368.0
2015-04-28,22,7,29305.5
2015-04-28,23,7,26115.0
2015-04-28,24,7,22815.4
2015-04-29,1,7,20878.5
2015-04-29,2,7,19135.7
2015-04-29,3,7,18637.0
2015-04-29,4,7,18389.0
2015-04-29,5,7,18792.2
2015-04-29,6,7,19904.7
2015-04-29,7,7,21728.3
2015-04-29,8,7,24378.4
2015-04-29,9,7,26655.0
2015-04-29,10,7,27857.6
2015-04-29,11,7,29114.2
2015-04-29,12,7,30517.9
2015-04-29,13,7,31582.0
2015-04-29,14,7,32673.0
2015-04-29,15,7,33413.2
2015-04-29,16,7,32944.6
2015-04-29,17,7,32487.2
2015-04-29,18,7,31542.5
2015-04-29,19,7,30953.9
2015-04-29,20,7,31347.7
2015-04-29,21,7,31909.0
2015-04-29,22,7,30118.7
2015-04-29,23,7,26728.4
2015-04-29,24,7,23396.0
2015-04-30,1,7,21354.6
2015-04-30,2,7,20074.1
2015-04-30,3,7,19231.8
2015-04-30,4,7,18584.1
2015-04-30,5,7,18990.9
2015-04-30,6,7,19993.8
2015-04-30,7,7,21682.4
2015-04-30,8,7,24289.5
2015-04-30,9,7,27301.6
2015-04-30,10,7,28850.7
2015-04-30,11,7,30176.7
2015-04-30,12,7,31403.5
2015-04-30,13,7,31850.6
2015-04-30,14,7,31920.0
2015-04-30,15,7,32070.4
2015-04-30,16,7,32239.9
2015-04-30,17,7,31630.6
2015-04-30,18,7,31432.2
2015-04-30,19,7,29900.4
2015-04-30,20,7,29904.5
2015-04-30,21,7,31004.1
2015-04-30,22,7,29741.3
2015-04-30,23,7,26559.1
2015-04-30,24,7,23229.4
2015-05-01,1,7,21298.5
2015-05-01,2,7,20085.4
2015-05-01,3,7,19263.3
2015-05-01,4,7,18598.5
2015-05-01,5,7,18755.0
2015-05-01,6,7,19750.8
2015-05-01,7,7,21782.7
2015-05-01,8,7,24337.6
2015-05-01,9,7,27120.1
2015-05-01,10,7,27684.1
2015-05-01,11,7,29458.3
2015-05-01,12,7,30926.1
2015-05-01,13,7,31185.7
2015-05-01,14,7,31594.9
2015-05-01,15,7,31715.0
2015-05-01,16,7,31693.1
2015-05-01,17,7,30750.9
2015-05-01,18,7,30354.9
2015-05-01,19,7,29444.3
2015-05-01,20,7,29118.0
2015-05-01,21,7,29294.2
2015-05-01,22,7,28585.7
2015-05-01,23,7,25958.5
2015-05-01,24,7,23120.5
2015-05-02,1,7,20991.5
2015-05-02,2,7,19787.6
2015-05-02,3,7,18515.8
2015-05-02,4,7,18218.4
2015-05-02,5,7,18301.2
2015-05-02,6,7,18643.6
2015-05-02,7,7,18992.9
2015-05-02,8,7,20130.5
2015-05-02,9,7,21637.0
2015-05-02,10,7,22838.5
2015-05-02,11,7,23995.3
2015-05-02,12,7,24722.6
2015-05-02,13,7,24968.1
2015-05-02,14,7,25340.2
2015-05-02,15,7,25713.2
2015-05-02,16,7,26286.1
2015-05-02,17,7,26301.0
2015-05-02,18,7,26120.4
2015-05-02,19,7,25316.4
2015-05-02,20,7,25302.6
2015-05-02,21,7,25646.6
2015-05-02,22,7,24600.0
2015-05-02,23,7,22931.5
2015-05-02,24,7,21242.5
2015-05-03,1,7,19451.7
2015-05-03,2,7,18202.0
2015-05-03,3,7,17128.1
2015-05-03,4,7,16778.8
2015-05-03,5,7,16621.8
2015-05-03,6,7,17023.6
2015-05-03,7,7,17066.1
2015-05-03,8,7,17067.4
2015-05-03,9,7,18140.5
2015-05-03,10,7,19606.7
2015-05-03,11,7,21104.7
2015-05-03,12,7,22310.4
2015-05-03,13,7,22503.8
2015-05-03,14,7,22929.6
2015-05-03,15,7,23048.5
2015-05-03,16,7,22993.4
2015-05-03,17,7,23200.4
2015-05-03,18,7,23387.9
2015-05-03,19,7,23400.8
2015-05-03,20,7,24468.1
2015-05-03,21,7,25397.7
2015-05-03,22,7,24636.5
2015-05-03,23,7,22217.9
2015-05-03,24,7,19773.8
2015-05-04,1,7,18314.6
2015-05-04,2,7,17024.8
2015-05-04,3,7,16528.0
2015-05-04,4,7,16403.4
2015-05-04,5,7,16981.7
2015-05-04,6,7,18157.7
2015-05-04,7,7,20271.7
2015-05-04,8,7,23933.4
2015-05-04,9,7,25662.5
2015-05-04,10,7,26815.2
2015-05-04,11,7,27260.2
2015-05-04,12,7,27773.8
2015-05-04,13,7,27959.7
2015-05-04,14,7,26945.3
2015-05-04,15,7,27022.1
2015-05-04,16,7,26577.6
2015-05-04,17,7,26099.4
2015-05-04,18,7,25843.8
2015-05-04,19,7,25639.0
2015-05-04,20,7,26852.4
2015-05-04,21,7,28031.2
2015-05-04,22,7,26709.6
2015-05-04,23,7,24035.4
2015-05-04,24,7,21223.8
2015-05-05,1,7,19223.5
2015-05-05,2,7,18619.6
2015-05-05,3,7,18238.5
2015-05-05,4,7,17624.8
2015-05-05,5,7,18597.3
2015-05-05,6,7,19744.8
2015-05-05,7,7,21901.9
2015-05-05,8,7,25282.6
2015-05-05,9,7,27326.4
2015-05-05,10,7,28230.7
2015-05-05,11,7,28428.4
2015-05-05,12,7,28586.2
2015-05-05,13,7,27985.9
2015-05-05,14,7,28453.8
2015-05-05,15,7,28168.8
2015-05-05,16,7,27439.5
2015-05-05,17,7,26529.1
2015-05-05,18,7,26393.6
2015-05-05,19,7,25925.8
2015-05-05,20,7,27311.9
2015-05-05,21,7,28752.5
2015-05-05,22,7,27314.2
2015-05-05,23,7,24928.6
2015-05-05,24,7,22202.2
2015-05-06,1,7,20422.2
2015-05-06,2,7,19540.3
2015-05-06,3,7,19084.6
2015-05-06,4,7,18834.3
2015-05-06,5,7,19422.8
2015-05-06,6,7,20507.0
2015-05-06,7,7,22232.4
2015-05-06,8,7,24688.9
2015-05-06,9,7,26121.7
2015-05-06,10,7,27208.8
2015-05-06,11,7,28208.0
2015-05-06,12,7,28007.0
2015-05-06,13,7,27442.1
2015-05-06,14,7,27179.5
2015-05-06,15,7,27630.1
2015-05-06,16,7,27217.3
2015-05-06,17,7,26501.6
2015-05-06,18,7,26391.3
2015-05-06,19,7,26516.6
2015-05-06,20,7,27807.7
2015-05-06,21,7,28863.1
2015-05-06,22,7,27546.0
2015-05-06,23,7,25373.1
2015-05-06,24,7,22666.1
2015-05-07,1,7,20275.3
2015-05-07,2,7,20027.7
2015-05-07,3,7,19757.3
2015-05-07,4,7,19421.6
2015-05-07,5,7,19761.6
2015-05-07,6,7,21284.4
2015-05-07,7,7,22533.1
2015-05-07,8,7,23948.2
2015-05-07,9,7,25563.4
2015-05-07,10,7,26833.2
2015-05-07,11,7,27284.4
2015-05-07,12,7,27460.6
2015-05-07,13,7,27051.7
2015-05-07,14,7,27844.2
2015-05-07,15,7,27513.2
2015-05-07,16,7,26725.7
2015-05-07,17,7,25906.2
2015-05-07,18,7,25502.9
2015-05-07,19,7,25468.7
2015-05-07,20,7,27390.5
2015-05-07,21,7,28779.2
2015-05-07,22,7,27298.1
2015-05-07,23,7,24951.7
2015-05-07,24,7,22454.2
2015-05-08,1,7,20548.3
2015-05-08,2,7,19848.2
2015-05-08,3,7,19262.7
2015-05-08,4,7,18988.8
2015-05-08,5,7,19315.8
2015-05-08,6,7,20487.1
2015-05-08,7,7,22459.0
2015-05-08,8,7,24001.7
2015-05-08,9,7,25309.1
2015-05-08,10,7,26293.4
2015-05-08,11,7,27415.5
2015-05-08,12,7,26886.9
2015-05-08,13,7,26488.4
2015-05-08,14,7,26644.9
2015-05-08,15,7,26363.6
2015-05-08,16,7,26553.6
2015-05-08,17,7,26235.0
2015-05-08,18,7,26011.5
2015-05-08,19,7,25839.6
2015-05-08,20,7,26723.6
2015-05-08,21,7,27642.7
2015-05-08,22,7,26443.7
2015-05-08,23,7,24384.6
2015-05-08,24,7,21969.1
2015-05-09,1,7,20353.0
2015-05-09,2,7,19384.2
2015-05-09,3,7,18806.1
2015-05-09,4,7,17909.6
2015-05-09,5,7,18063.3
2015-05-09,6,7,18490.4
2015-05-09,7,7,19138.8
2015-05-09,8,7,19937.3
2015-05-09,9,7,21304.8
2015-05-09,10,7,22490.7
2015-05-09,11,7,23446.5
2015-05-09,12,7,23860.8
2015-05-09,13,7,23901.1
2015-05-09,14,7,23700.5
2015-05-09,15,7,23340.8
2015-05-09,16,7,23243.9
2015-05-09,17,7,23458.2
2015-05-09,18,7,23501.4
2015-05-09,19,7,23464.0
2015-05-09,20,7,24504.0
2015-05-09,21,7,25462.9
2015-05-09,22,7,24628.0
2015-05-09,23,7,22934.5
2015-05-09,24,7,20704.7
2015-05-10,1,7,19021.0
2015-05-10,2,7,17943.1
2015-05-10,3,7,17363.9
2015-05-10,4,7,17002.2
2015-05-10,5,7,16975.6
2015-05-10,6,7,17526.6
2015-05-10,7,7,17531.8
2015-05-10,8,7,17408.6
2015-05-10,9,7,18718.5
2015-05-10,10,7,20056.0
2015-05-10,11,7,21418.9
2015-05-10,12,7,22078.9
2015-05-10,13,7,22364.6
2015-05-10,14,7,22779.5
2015-05-10,15,7,23105.3
2015-05-10,16,7,23733.1
2015-05-10,17,7,23756.7
2015-05-10,18,7,23254.2
2015-05-10,19,7,23622.0
2015-05-10,20,7,24926.8
2015-05-10,21,7,25901.4
2015-05-10,22,7,25150.5
2015-05-10,23,7,23283.4
2015-05-10,24,7,20911.5
2015-05-11,1,7,19467.3
2015-05-11,2,7,18444.0
2015-05-11,3,7,17620.2
2015-05-11,4,7,17619.0
2015-05-11,5,7,17975.4
2015-05-11,6,7,19322.5
2015-05-11,7,7,21614.4
2015-05-11,8,7,23838.1
2015-05-11,9,7,25686.7
2015-05-11,10,7,27408.6
2015-05-11,11,7,28211.2
2015-05-11,12,7,28916.4
2015-05-11,13,7,28693.0
2015-05-11,14,7,29484.8
2015-05-11,15,7,29632.9
2015-05-11,16,7,29294.5
2015-05-11,17,7,28810.9
2015-05-11,18,7,28579.9
2015-05-11,19,7,28297.1
2015-05-11,20,7,29162.9
2015-05-11,21,7,30424.2
2015-05-11,22,7,28606.0
2015-05-11,23,7,26165.7
2015-05-11,24,7,22851.6
2015-05-12,1,7,21234.4
2015-05-12,2,7,20403.7
2015-05-12,3,7,19921.3
2015-05-12,4,7,19578.8
2015-05-12,5,7,19658.0
2015-05-12,6,7,21142.3
2015-05-12,7,7,22936.6
2015-05-12,8,7,25171.4
2015-05-12,9,7,27083.2
2015-05-12,10,7,27354.2
2015-05-12,11,7,27756.9
2015-05-12,12,7,27421.6
2015-05-12,13,7,27669.8
2015-05-12,14,7,28006.8
2015-05-12,15,7,27603.0
2015-05-12,16,7,27052.1
2015-05-12,17,7,26553.3
2015-05-12,18,7,26253.0
2015-05-12,19,7,26298.3
2015-05-12,20,7,27729.2
2015-05-12,21,7,29333.6
2015-05-12,22,7,27710.5
2015-05-12,23,7,25277.8
2015-05-12,24,7,22291.5
2015-05-13,1,7,20173.6
2015-05-13,2,7,19238.6
2015-05-13,3,7,18916.2
2015-05-13,4,7,18808.1
2015-05-13,5,7,19216.1
2015-05-13,6,7,20562.7
2015-05-13,7,7,22066.4
2015-05-13,8,7,24120.2
2015-05-13,9,7,26198.9
2015-05-13,10,7,27675.1
2015-05-13,11,7,28181.1
2015-05-13,12,7,27640.1
2015-05-13,13,7,27068.3
2015-05-13,14,7,27148.6
2015-05-13,15,7,27250.7
2015-05-13,16,7,26579.6
2015-05-13,17,7,26318.4
2015-05-13,18,7,25960.3
2015-05-13,19,7,25987.2
2015-05-13,20,7,27077.3
2015-05-13,21,7,28967.9
2015-05-13,22,7,27430.9
2015-05-13,23,7,24935.8
2015-05-13,24,7,22377.6
2015-05-14,1,7,20436.6
2015-05-14,2,7,19367.8
2015-05-14,3,7,18870.6
2015-05-14,4,7,19152.9
2015-05-14,5,7,19070.1
2015-05-14,6,7,20220.9
2015-05-14,7,7,21715.8
2015-05-14,8,7,23823.4
2015-05-14,9,7,26281.2
2015-05-14,10,7,26356.7
2015-05-14,11,7,27503.8
2015-05-14,12,7,28061.6
2015-05-14,13,7,28344.3
2015-05-14,14,7,27414.3
2015-05-14,15,7,27369.3
2015-05-14,16,7,26541.9
2015-05-14,17,7,24933.6
2015-05-14,18,7,24825.3
2015-05-14,19,7,24771.7
2015-05-14,20,7,26411.3
2015-05-14,21,7,27971.1
2015-05-14,22,7,26613.2
2015-05-14,23,7,23926.7
2015-05-14,24,7,21288.0
2015-05-15,1,7,19458.0
2015-05-15,2,7,18935.9
2015-05-15,3,7,18483.9
2015-05-15,4,7,18439.2
2015-05-15,5,7,18920.0
2015-05-15,6,7,20047.8
2015-05-15,7,7,21688.4
2015-05-15,8,7,24130.0
2015-05-15,9,7,26335.3
2015-05-15,10,7,27120.0
2015-05-15,11,7,27530.2
2015-05-15,12,7,26965.9
2015-05-15,13,7,25776.6
2015-05-15,14,7,25974.0
2015-05-15,15,7,26011.7
2015-05-15,16,7,26618.0
2015-05-15,17,7,25963.9
2015-05-15,18,7,25533.9
2015-05-15,19,7,25679.8
2015-05-15,20,7,26137.5
2015-05-15,21,7,27131.5
2015-05-15,22,7,26365.1
2015-05-15,23,7,24106.7
2015-05-15,24,7,21760.2
2015-05-16,1,7,20018.1
2015-05-16,2,7,18943.2
2015-05-16,3,7,17985.4
2015-05-16,4,7,17465.0
2015-05-16,5,7,17606.4
2015-05-16,6,7,18049.0
2015-05-16,7,7,18697.7
2015-05-16,8,7,19604.9
2015-05-16,9,7,20808.2
2015-05-16,10,7,21803.3
2015-05-16,11,7,22719.2
2015-05-16,12,7,23025.3
2015-05-16,13,7,23231.5
2015-05-16,14,7,23556.6
2015-05-16,15,7,23505.4
2015-05-16,16,7,23420.7
2015-05-16,17,7,23912.3
2015-05-16,18,7,23802.4
2015-05-16,19,7,23144.8
2015-05-16,20,7,24045.3
2015-05-16,21,7,24854.8
2015-05-16,22,7,24059.9
2015-05-16,23,7,22086.8
2015-05-16,24,7,20297.4
2015-05-17,1,7,18644.7
2015-05-17,2,7,17679.0
2015-05-17,3,7,17059.8
2015-05-17,4,7,16774.4
2015-05-17,5,7,16817.3
2015-05-17,6,7,17093.3
2015-05-17,7,7,16656.8
2015-05-17,8,7,17241.5
2015-05-17,9,7,18641.9
2015-05-17,10,7,19564.1
2015-05-17,11,7,20641.8
2015-05-17,12,7,21423.2
2015-05-17,13,7,21674.5
2015-05-17,14,7,22159.5
2015-05-17,15,7,22397.6
2015-05-17,16,7,21290.7
2015-05-17,17,7,22063.4
2015-05-17,18,7,22584.7
2015-05-17,19,7,22758.5
2015-05-17,20,7,23641.1
2015-05-17,21,7,25074.2
2015-05-17,22,7,24120.0
2015-05-17,23,7,21936.1
2015-05-17,24,7,19913.8
2015-05-18,1,7,18452.9
2015-05-18,2,7,17173.8
2015-05-18,3,7,16612.0
2015-05-18,4,7,16511.6
2015-05-18,5,7,16861.2
2015-05-18,6,7,18819.8
2015-05-18,7,7,20428.5
2015-05-18,8,7,22565.4
2015-05-18,9,7,24523.8
2015-05-18,10,7,25847.5
2015-05-18,11,7,26796.1
2015-05-18,12,7,27302.3
2015-05-18,13,7,27846.7
2015-05-18,14,7,27542.3
2015-05-18,15,7,27501.1
2015-05-18,16,7,27429.0
2015-05-18,17,7,27343.4
2015-05-18,18,7,26749.0
2015-05-18,19,7,26488.4
2015-05-18,20,7,27079.7
2015-05-18,21,7,28767.1
2015-05-18,22,7,27430.7
2015-05-18,23,7,24961.4
2015-05-18,24,7,22170.5
2015-05-19,1,7,20179.6
2015-05-19,2,7,18981.4
2015-05-19,3,7,18690.2
2015-05-19,4,7,18588.6
2015-05-19,5,7,19239.6
2015-05-19,6,7,20414.4
2015-05-19,7,7,21598.9
2015-05-19,8,7,24458.1
2015-05-19,9,7,27297.4
2015-05-19,10,7,28477.4
2015-05-19,11,7,28527.5
2015-05-19,12,7,27743.1
2015-05-19,13,7,27789.9
2015-05-19,14,7,28050.4
2015-05-19,15,7,27830.7
2015-05-19,16,7,27338.7
2015-05-19,17,7,26788.7
2015-05-19,18,7,26426.2
2015-05-19,19,7,26194.1
2015-05-19,20,7,26704.8
2015-05-19,21,7,28674.5
2015-05-19,22,7,27362.1
2015-05-19,23,7,25255.2
2015-05-19,24,7,22488.6
2015-05-20,1,7,20767.1
2015-05-20,2,7,19413.1
2015-05-20,3,7,18476.0
2015-05-20,4,7,18172.9
2015-05-20,5,7,18527.9
2015-05-20,6,7,19847.5
2015-05-20,7,7,21530.7
2015-05-20,8,7,23687.9
2015-05-20,9,7,25936.4
2015-05-20,10,7,27093.5
2015-05-20,11,7,27723.4
2015-05-20,12,7,27697.8
2015-05-20,13,7,27555.9
2015-05-20,14,7,27375.1
2015-05-20,15,7,27794.4
2015-05-20,16,7,27336.7
2015-05-20,17,7,26883.3
2015-05-20,18,7,26281.6
2015-05-20,19,7,25832.9
2015-05-20,20,7,26549.0
2015-05-20,21,7,28405.6
2015-05-20,22,7,27546.7
2015-05-20,23,7,25197.3
2015-05-20,24,7,22424.2
2015-05-21,1,7,20683.9
2015-05-21,2,7,19273.3
2015-05-21,3,7,18714.3
2015-05-21,4,7,18592.4
2015-05-21,5,7,18951.0
2015-05-21,6,7,20079.4
2015-05-21,7,7,22147.3
2015-05-21,8,7,24433.8
2015-05-21,9,7,26225.5
2015-05-21,10,7,26772.4
2015-05-21,11,7,27829.1
2015-05-21,12,7,27769.3
2015-05-21,13,7,27334.4
2015-05-21,14,7,27273.2
2015-05-21,15,7,27218.1
2015-05-21,16,7,27167.9
2015-05-21,17,7,26776.8
2015-05-21,18,7,26275.7
2015-05-21,19,7,25947.5
2015-05-21,20,7,26705.7
2015-05-21,21,7,28579.0
2015-05-21,22,7,27193.1
2015-05-21,23,7,25063.5
2015-05-21,24,7,22392.4
2015-05-22,1,7,20661.3
2015-05-22,2,7,19432.4
2015-05-22,3,7,18632.8
2015-05-22,4,7,18561.1
2015-05-22,5,7,18885.6
2015-05-22,6,7,19965.9
2015-05-22,7,7,21543.1
2015-05-22,8,7,23865.7
2015-05-22,9,7,25521.6
2015-05-22,10,7,26359.9
2015-05-22,11,7,26948.2
2015-05-22,12,7,27257.1
2015-05-22,13,7,26986.6
2015-05-22,14,7,27356.3
2015-05-22,15,7,27236.5
2015-05-22,16,7,26979.9
2015-05-22,17,7,26325.8
2015-05-22,18,7,26142.4
2015-05-22,19,7,25691.3
2015-05-22,20,7,26654.3
2015-05-22,21,7,27504.9
2015-05-22,22,7,26271.8
2015-05-22,23,7,24252.7
2015-05-22,24,7,22091.1
2015-05-23,1,7,19974.1
2015-05-23,2,7,18509.7
2015-05-23,3,7,17933.9
2015-05-23,4,7,17715.4
2015-05-23,5,7,17721.6
2015-05-23,6,7,17945.0
2015-05-23,7,7,18019.0
2015-05-23,8,7,18914.2
2015-05-23,9,7,19961.6
2015-05-23,10,7,21391.6
2015-05-23,11,7,22654.1
2015-05-23,12,7,23629.3
2015-05-23,13,7,23288.5
2015-05-23,14,7,23666.9
2015-05-23,15,7,23532.0
2015-05-23,16,7,23508.9
2015-05-23,17,7,23451.3
2015-05-23,18,7,23432.2
2015-05-23,19,7,23194.6
2015-05-23,20,7,23665.3
2015-05-23,21,7,24686.6
2015-05-23,22,7,24245.3
2015-05-23,23,7,22740.9
2015-05-23,24,7,21048.9
2015-05-24,1,7,19424.5
2015-05-24,2,7,17880.1
2015-05-24,3,7,17248.4
2015-05-24,4,7,17056.2
2015-05-24,5,7,17088.7
2015-05-24,6,7,17317.4
2015-05-24,7,7,17336.6
2015-05-24,8,7,18082.2
2015-05-24,9,7,19804.2
2015-05-24,10,7,20925.0
2015-05-24,11,7,21732.6
2015-05-24,12,7,22011.9
2015-05-24,13,7,21732.4
2015-05-24,14,7,21993.2
2015-05-24,15,7,21953.2
2015-05-24,16,7,22105.0
2015-05-24,17,7,22333.5
2015-05-24,18,7,22442.4
2015-05-24,19,7,22594.5
2015-05-24,20,7,23169.5
2015-05-24,21,7,24285.1
2015-05-24,22,7,23934.2
2015-05-24,23,7,22330.0
2015-05-24,24,7,20500.8
2015-05-25,1,7,19164.4
2015-05-25,2,7,17964.0
2015-05-25,3,7,17199.1
2015-05-25,4,7,17001.8
2015-05-25,5,7,16960.2
2015-05-25,6,7,17241.3
2015-05-25,7,7,17412.7
2015-05-25,8,7,18272.0
2015-05-25,9,7,19969.5
2015-05-25,10,7,21647.9
2015-05-25,11,7,23026.1
2015-05-25,12,7,23484.7
2015-05-25,13,7,23130.9
2015-05-25,14,7,22828.9
2015-05-25,15,7,22907.1
2015-05-25,16,7,22878.0
2015-05-25,17,7,22748.1
2015-05-25,18,7,22823.6
2015-05-25,19,7,23360.4
2015-05-25,20,7,24598.1
2015-05-25,21,7,26362.3
2015-05-25,22,7,25072.2
2015-05-25,23,7,23177.8
2015-05-25,24,7,20686.3
2015-05-26,1,7,19367.9
2015-05-26,2,7,18302.0
2015-05-26,3,7,17531.2
2015-05-26,4,7,17442.0
2015-05-26,5,7,18177.0
2015-05-26,6,7,19717.9
2015-05-26,7,7,21615.5
2015-05-26,8,7,24150.2
2015-05-26,9,7,26385.6
2015-05-26,10,7,27823.9
2015-05-26,11,7,28974.6
2015-05-26,12,7,28776.0
2015-05-26,13,7,28785.5
2015-05-26,14,7,29009.6
2015-05-26,15,7,28939.6
2015-05-26,16,7,28502.1
2015-05-26,17,7,28102.6
2015-05-26,18,7,27440.0
2015-05-26,19,7,26880.8
2015-05-26,20,7,27580.1
2015-05-26,21,7,29098.7
2015-05-26,22,7,28369.4
2015-05-26,23,7,26025.9
2015-05-26,24,7,23215.5
2015-05-27,1,7,21580.4
2015-05-27,2,7,20453.2
2015-05-27,3,7,19686.4
2015-05-27,4,7,20066.3
2015-05-27,5,7,20332.6
2015-05-27,6,7,21008.7
2015-05-27,7,7,22949.3
2015-05-27,8,7,25858.0
2015-05-27,9,7,27523.0
2015-05-27,10,7,28416.3
2015-05-27,11,7,28679.3
2015-05-27,12,7,28868.0
2015-05-27,13,7,28286.5
2015-05-27,14,7,28688.1
2015-05-27,15,7,28798.0
2015-05-27,16,7,28352.8
2015-05-27,17,7,27988.7
2015-05-27,18,7,27508.0
2015-05-27,19,7,27041.1
2015-05-27,20,7,27387.7
2015-05-27,21,7,29237.9
2015-05-27,22,7,28166.8
2015-05-27,23,7,25728.1
2015-05-27,24,7,23054.5
2015-05-28,1,7,21202.4
2015-05-28,2,7,19793.6
2015-05-28,3,7,19275.0
2015-05-28,4,7,19201.6
2015-05-28,5,7,19463.7
2015-05-28,6,7,20750.0
2015-05-28,7,7,22846.2
2015-05-28,8,7,25548.2
2015-05-28,9,7,27137.8
2015-05-28,10,7,27919.9
2015-05-28,11,7,28602.8
2015-05-28,12,7,28477.7
2015-05-28,13,7,28564.9
2015-05-28,14,7,29282.6
2015-05-28,15,7,29407.1
2015-05-28,16,7,29175.7
2015-05-28,17,7,28827.5
2015-05-28,18,7,28179.1
2015-05-28,19,7,27733.3
2015-05-28,20,7,27842.7
2015-05-28,21,7,29425.5
2015-05-28,22,7,28458.7
2015-05-28,23,7,26076.1
2015-05-28,24,7,23379.5
2015-05-29,1,7,21592.0
2015-05-29,2,7,20518.7
2015-05-29,3,7,19600.5
2015-05-29,4,7,19389.9
2015-05-29,5,7,19670.9
2015-05-29,6,7,20785.2
2015-05-29,7,7,22863.2
2015-05-29,8,7,25463.5
2015-05-29,9,7,27249.5
2015-05-29,10,7,28126.8
2015-05-29,11,7,28798.9
2015-05-29,12,7,30008.0
2015-05-29,13,7,29852.9
2015-05-29,14,7,30328.5
2015-05-29,15,7,30424.0
2015-05-29,16,7,30504.4
2015-05-29,17,7,29990.6
2015-05-29,18,7,29407.8
2015-05-29,19,7,28485.2
2015-05-29,20,7,28358.9
2015-05-29,21,7,29327.1
2015-05-29,22,7,27976.1
2015-05-29,23,7,25539.7
2015-05-29,24,7,23006.4
2015-05-30,1,7,21112.3
2015-05-30,2,7,19769.8
2015-05-30,3,7,19139.1
2015-05-30,4,7,18861.8
2015-05-30,5,7,18989.3
2015-05-30,6,7,19482.8
2015-05-30,7,7,19902.0
2015-05-30,8,7,20903.1
2015-05-30,9,7,22739.4
2015-05-30,10,7,24038.7
2015-05-30,11,7,24969.2
2015-05-30,12,7,25664.0
2015-05-30,13,7,26161.1
2015-05-30,14,7,26286.1
2015-05-30,15,7,26155.3
2015-05-30,16,7,26160.3
2015-05-30,17,7,26023.7
2015-05-30,18,7,25799.3
2015-05-30,19,7,25400.9
2015-05-30,20,7,25181.3
2015-05-30,21,7,26127.7
2015-05-30,22,7,25598.1
2015-05-30,23,7,23942.3
2015-05-30,24,7,22274.6
2015-05-31,1,7,20573.4
2015-05-31,2,7,19106.9
2015-05-31,3,7,18406.6
2015-05-31,4,7,18165.7
2015-05-31,5,7,18166.1
2015-05-31,6,7,18332.1
2015-05-31,7,7,18562.1
2015-05-31,8,7,19286.6
2015-05-31,9,7,20698.6
2015-05-31,10,7,22076.2
2015-05-31,11,7,22531.7
2015-05-31,12,7,23336.5
2015-05-31,13,7,23597.1
2015-05-31,14,7,23972.9
2015-05-31,15,7,24489.3
2015-05-31,16,7,24392.6
2015-05-31,17,7,24433.4
2015-05-31,18,7,24755.3
2015-05-31,19,7,24669.1
2015-05-31,20,7,25441.4
2015-05-31,21,7,26603.0
2015-05-31,22,7,26193.9
2015-05-31,23,7,24320.4
2015-05-31,24,7,22211.4
2015-06-01,1,7,20193.6
2015-06-01,2,7,19317.7
2015-06-01,3,7,18519.1
2015-06-01,4,7,18314.3
2015-06-01,5,7,18673.8
2015-06-01,6,7,19923.0
2015-06-01,7,7,22437.2
2015-06-01,8,7,25336.0
2015-06-01,9,7,27322.2
2015-06-01,10,7,30006.1
2015-06-01,11,7,32543.9
2015-06-01,12,7,30277.2
2015-06-01,13,7,29084.0
2015-06-01,14,7,29361.7
2015-06-01,15,7,29052.2
2015-06-01,16,7,28555.1
2015-06-01,17,7,27906.4
2015-06-01,18,7,27454.6
2015-06-01,19,7,27839.3
2015-06-01,20,7,31360.0
2015-06-01,21,7,32457.4
2015-06-01,22,7,31409.4
2015-06-01,23,7,29030.2
2015-06-01,24,7,26266.8
2015-06-02,1,7,24300.0
2015-06-02,2,7,23288.1
2015-06-02,3,7,22298.6
2015-06-02,4,7,21660.8
2015-06-02,5,7,22070.5
2015-06-02,6,7,23266.0
2015-06-02,7,7,25103.1
2015-06-02,8,7,27888.4
2015-06-02,9,7,29223.8
2015-06-02,10,7,30748.8
2015-06-02,11,7,31730.2
2015-06-02,12,7,29149.5
2015-06-02,13,7,28556.1
2015-06-02,14,7,28926.1
2015-06-02,15,7,28642.5
2015-06-02,16,7,28322.7
2015-06-02,17,7,27919.1
2015-06-02,18,7,27326.0
2015-06-02,19,7,27114.6
2015-06-02,20,7,28812.0
2015-06-02,21,7,31959.2
2015-06-02,22,7,31231.0
2015-06-02,23,7,28030.1
2015-06-02,24,7,25210.0
2015-06-03,1,7,23247.9
2015-06-03,2,7,21920.6
2015-06-03,3,7,21393.5
2015-06-03,4,7,21312.4
2015-06-03,5,7,21583.0
2015-06-03,6,7,23871.4
2015-06-03,7,7,26173.4
2015-06-03,8,7,28737.9
2015-06-03,9,7,30049.3
2015-06-03,10,7,31453.4
2015-06-03,11,7,31757.5
2015-06-03,12,7,28733.5
2015-06-03,13,7,27197.7
2015-06-03,14,7,27653.3
2015-06-03,15,7,27554.8
2015-06-03,16,7,27213.1
2015-06-03,17,7,27042.2
2015-06-03,18,7,26470.3
2015-06-03,19,7,26461.4
2015-06-03,20,7,28903.5
2015-06-03,21,7,31956.1
2015-06-03,22,7,31348.4
2015-06-03,23,7,28736.5
2015-06-03,24,7,26116.0
2015-06-04,1,7,24035.2
2015-06-04,2,7,22922.3
2015-06-04,3,7,22397.5
2015-06-04,4,7,22227.1
2015-06-04,5,7,22586.6
2015-06-04,6,7,23697.6
2015-06-04,7,7,25709.6
2015-06-04,8,7,28312.6
2015-06-04,9,7,29544.6
2015-06-04,10,7,30911.0
2015-06-04,11,7,31304.0
2015-06-04,12,7,28463.1
2015-06-04,13,7,27589.6
2015-06-04,14,7,27375.9
2015-06-04,15,7,27023.4
2015-06-04,16,7,26396.1
2015-06-04,17,7,26041.2
2015-06-04,18,7,25675.2
2015-06-04,19,7,25600.9
2015-06-04,20,7,27731.6
2015-06-04,21,7,31065.8
2015-06-04,22,7,30597.4
2015-06-04,23,7,28047.6
2015-06-04,24,7,25573.8
2015-06-05,1,7,23938.2
2015-06-05,2,7,22986.2
2015-06-05,3,7,22292.6
2015-06-05,4,7,21965.3
2015-06-05,5,7,22176.3
2015-06-05,6,7,23263.4
2015-06-05,7,7,25287.3
2015-06-05,8,7,27678.8
2015-06-05,9,7,29412.1
2015-06-05,10,7,30238.3
2015-06-05,11,7,30518.9
2015-06-05,12,7,28111.3
2015-06-05,13,7,27306.1
2015-06-05,14,7,27847.8
2015-06-05,15,7,27720.8
2015-06-05,16,7,26821.6
2015-06-05,17,7,26280.2
2015-06-05,18,7,25531.5
2015-06-05,19,7,25525.2
2015-06-05,20,7,29295.1
2015-06-05,21,7,30698.8
2015-06-05,22,7,29618.2
2015-06-05,23,7,28020.5
2015-06-05,24,7,25423.6
2015-06-06,1,7,23779.5
2015-06-06,2,7,22708.4
2015-06-06,3,7,22171.7
2015-06-06,4,7,21190.5
2015-06-06,5,7,20718.2
2015-06-06,6,7,21054.7
2015-06-06,7,7,21883.2
2015-06-06,8,7,23082.4
2015-06-06,9,7,24287.1
2015-06-06,10,7,25252.3
2015-06-06,11,7,26216.5
2015-06-06,12,7,26922.0
2015-06-06,13,7,27212.4
2015-06-06,14,7,27525.1
2015-06-06,15,7,27559.5
2015-06-06,16,7,27597.5
2015-06-06,17,7,27647.4
2015-06-06,18,7,27481.5
2015-06-06,19,7,27337.2
2015-06-06,20,7,27371.8
2015-06-06,21,7,28365.3
2015-06-06,22,7,27933.6
2015-06-06,23,7,26179.6
2015-06-06,24,7,24198.2
2015-06-07,1,7,22385.8
2015-06-07,2,7,20916.6
2015-06-07,3,7,20289.3
2015-06-07,4,7,19858.4
2015-06-07,5,7,19349.4
2015-06-07,6,7,19557.5
2015-06-07,7,7,19748.4
2015-06-07,8,7,20606.3
2015-06-07,9,7,21908.3
2015-06-07,10,7,23528.2
2015-06-07,11,7,25095.3
2015-06-07,12,7,26444.2
2015-06-07,13,7,27480.2
2015-06-07,14,7,27615.5
2015-06-07,15,7,27894.5
2015-06-07,16,7,28110.7
2015-06-07,17,7,28465.2
2015-06-07,18,7,28698.1
2015-06-07,19,7,28626.5
2015-06-07,20,7,28836.4
2015-06-07,21,7,29408.7
2015-06-07,22,7,27914.6
2015-06-07,23,7,26140.3
2015-06-07,24,7,23516.6
2015-06-08,1,7,21561.3
2015-06-08,2,7,20552.9
2015-06-08,3,7,19600.3
2015-06-08,4,7,19445.7
2015-06-08,5,7,19981.1
2015-06-08,6,7,22066.3
2015-06-08,7,7,25242.8
2015-06-08,8,7,28289.6
2015-06-08,9,7,30368.6
2015-06-08,10,7,32592.8
2015-06-08,11,7,33071.4
2015-06-08,12,7,31159.0
2015-06-08,13,7,31196.5
2015-06-08,14,7,31614.3
2015-06-08,15,7,31882.8
2015-06-08,16,7,31930.8
2015-06-08,17,7,31702.2
2015-06-08,18,7,30329.7
2015-06-08,19,7,29416.8
2015-06-08,20,7,32279.7
2015-06-08,21,7,33845.6
2015-06-08,22,7,32297.6
2015-06-08,23,7,30125.1
2015-06-08,24,7,27061.2
2015-06-09,1,7,25261.5
2015-06-09,2,7,24105.9
2015-06-09,3,7,22949.1
2015-06-09,4,7,22499.5
2015-06-09,5,7,23092.9
2015-06-09,6,7,24093.0
2015-06-09,7,7,26393.3
2015-06-09,8,7,29692.4
2015-06-09,9,7,31476.9
2015-06-09,10,7,33138.0
2015-06-09,11,7,33320.4
2015-06-09,12,7,30973.8
2015-06-09,13,7,31583.4
2015-06-09,14,7,32119.3
2015-06-09,15,7,31697.6
2015-06-09,16,7,31395.7
2015-06-09,17,7,30817.4
2015-06-09,18,7,30157.2
2015-06-09,19,7,30286.2
2015-06-09,20,7,34229.6
2015-06-09,21,7,35267.4
2015-06-09,22,7,33609.8
2015-06-09,23,7,30898.9
2015-06-09,24,7,27915.0
2015-06-10,1,7,25660.2
2015-06-10,2,7,24015.1
2015-06-10,3,7,23313.0
2015-06-10,4,7,23249.5
2015-06-10,5,7,23697.1
2015-06-10,6,7,24861.7
2015-06-10,7,7,27197.7
2015-06-10,8,7,30115.8
2015-06-10,9,7,32315.7
2015-06-10,10,7,33630.6
2015-06-10,11,7,32836.3
2015-06-10,12,7,30242.5
2015-06-10,13,7,29801.1
2015-06-10,14,7,29726.8
2015-06-10,15,7,29811.7
2015-06-10,16,7,28782.1
2015-06-10,17,7,27960.7
2015-06-10,18,7,27331.7
2015-06-10,19,7,27737.6
2015-06-10,20,7,31239.4
2015-06-10,21,7,32974.4
2015-06-10,22,7,31650.7
2015-06-10,23,7,29149.2
2015-06-10,24,7,26291.9
2015-06-11,1,7,24014.7
2015-06-11,2,7,23006.8
2015-06-11,3,7,22402.5
2015-06-11,4,7,22258.6
2015-06-11,5,7,22690.4
2015-06-11,6,7,23710.5
2015-06-11,7,7,25661.9
2015-06-11,8,7,28752.9
2015-06-11,9,7,30183.1
2015-06-11,10,7,31030.1
2015-06-11,11,7,31380.3
2015-06-11,12,7,28883.4
2015-06-11,13,7,28347.2
2015-06-11,14,7,28623.4
2015-06-11,15,7,28608.0
2015-06-11,16,7,28213.4
2015-06-11,17,7,28272.2
2015-06-11,18,7,28001.0
2015-06-11,19,7,28044.9
2015-06-11,20,7,31491.1
2015-06-11,21,7,32922.5
2015-06-11,22,7,31624.4
2015-06-11,23,7,29513.4
2015-06-11,24,7,26594.6
2015-06-12,1,7,24571.4
2015-06-12,2,7,23182.8
2015-06-12,3,7,22640.7
2015-06-12,4,7,22409.6
2015-06-12,5,7,22770.6
2015-06-12,6,7,23681.3
2015-06-12,7,7,25765.7
2015-06-12,8,7,28998.5
2015-06-12,9,7,30927.7
2015-06-12,10,7,31932.3
2015-06-12,11,7,31676.1
2015-06-12,12,7,28733.4
2015-06-12,13,7,27985.5
2015-06-12,14,7,27709.7
2015-06-12,15,7,27487.7
2015-06-12,16,7,26345.3
2015-06-12,17,7,25802.4
2015-06-12,18,7,25472.7
2015-06-12,19,7,26283.4
2015-06-12,20,7,29616.9
2015-06-12,21,7,31271.1
2015-06-12,22,7,30190.6
2015-06-12,23,7,28470.2
2015-06-12,24,7,25896.8
2015-06-13,1,7,23929.2
2015-06-13,2,7,22544.1
2015-06-13,3,7,21877.0
2015-06-13,4,7,21347.8
2015-06-13,5,7,21119.7
2015-06-13,6,7,21430.4
2015-06-13,7,7,21803.3
2015-06-13,8,7,22730.7
2015-06-13,9,7,24564.4
2015-06-13,10,7,26086.8
2015-06-13,11,7,27059.5
2015-06-13,12,7,27459.1
2015-06-13,13,7,27049.9
2015-06-13,14,7,26845.0
2015-06-13,15,7,26760.2
2015-06-13,16,7,26724.0
2015-06-13,17,7,26434.2
2015-06-13,18,7,26343.8
2015-06-13,19,7,26466.0
2015-06-13,20,7,27049.5
2015-06-13,21,7,28117.3
2015-06-13,22,7,27703.7
2015-06-13,23,7,26274.9
2015-06-13,24,7,24289.6
2015-06-14,1,7,22294.9
2015-06-14,2,7,19889.7
2015-06-14,3,7,16922.1
2015-06-14,4,7,16601.5
2015-06-14,5,7,16607.8
2015-06-14,6,7,16991.9
2015-06-14,7,7,16950.9
2015-06-14,8,7,17640.1
2015-06-14,9,7,19045.8
2015-06-14,10,7,20321.5
2015-06-14,11,7,21619.9
2015-06-14,12,7,23236.6
2015-06-14,13,7,23627.8
2015-06-14,14,7,24287.7
2015-06-14,15,7,25363.1
2015-06-14,16,7,25906.8
2015-06-14,17,7,25839.5
2015-06-14,18,7,27081.9
2015-06-14,19,7,27680.4
2015-06-14,20,7,27849.2
2015-06-14,21,7,28862.5
2015-06-14,22,7,28704.4
2015-06-14,23,7,26916.5
2015-06-14,24,7,24179.4
2015-06-15,1,7,22516.8
2015-06-15,2,7,21182.7
2015-06-15,3,7,20932.3
2015-06-15,4,7,20848.1
2015-06-15,5,7,21210.0
2015-06-15,6,7,23027.3
2015-06-15,7,7,25527.3
2015-06-15,8,7,28830.3
2015-06-15,9,7,30969.1
2015-06-15,10,7,32172.8
2015-06-15,11,7,32039.5
2015-06-15,12,7,29061.1
2015-06-15,13,7,29680.5
2015-06-15,14,7,29938.2
2015-06-15,15,7,30071.7
2015-06-15,16,7,29859.4
2015-06-15,17,7,29371.1
2015-06-15,18,7,28912.2
2015-06-15,19,7,28842.2
2015-06-15,20,7,31802.3
2015-06-15,21,7,33201.4
2015-06-15,22,7,31955.4
2015-06-15,23,7,29609.1
2015-06-15,24,7,26677.4
2015-06-16,1,7,24670.0
2015-06-16,2,7,23341.6
2015-06-16,3,7,22627.9
2015-06-16,4,7,22324.6
2015-06-16,5,7,22776.8
2015-06-16,6,7,23800.6
2015-06-16,7,7,25756.6
2015-06-16,8,7,28496.5
2015-06-16,9,7,30557.2
2015-06-16,10,7,32310.7
2015-06-16,11,7,32818.2
2015-06-16,12,7,30017.0
2015-06-16,13,7,29343.0
2015-06-16,14,7,29963.7
2015-06-16,15,7,30196.9
2015-06-16,16,7,29851.9
2015-06-16,17,7,29321.6
2015-06-16,18,7,28687.4
2015-06-16,19,7,28659.2
2015-06-16,20,7,31662.5
2015-06-16,21,7,33007.5
2015-06-16,22,7,31926.4
2015-06-16,23,7,29520.7
2015-06-16,24,7,26523.5
2015-06-17,1,7,24513.6
2015-06-17,2,7,23474.5
2015-06-17,3,7,22659.6
2015-06-17,4,7,22210.0
2015-06-17,5,7,22790.2
2015-06-17,6,7,23810.3
2015-06-17,7,7,25769.6
2015-06-17,8,7,28627.9
2015-06-17,9,7,30546.8
2015-06-17,10,7,32214.4
2015-06-17,11,7,32363.7
2015-06-17,12,7,29606.6
2015-06-17,13,7,29629.5
2015-06-17,14,7,29489.1
2015-06-17,15,7,29953.8
2015-06-17,16,7,29379.9
2015-06-17,17,7,28797.8
2015-06-17,18,7,28327.3
2015-06-17,19,7,28565.6
2015-06-17,20,7,32246.5
2015-06-17,21,7,33508.0
2015-06-17,22,7,31812.7
2015-06-17,23,7,29682.2
2015-06-17,24,7,26674.3
2015-06-18,1,7,24416.8
2015-06-18,2,7,23207.2
2015-06-18,3,7,22621.0
2015-06-18,4,7,22465.9
2015-06-18,5,7,22818.8
2015-06-18,6,7,23939.6
2015-06-18,7,7,25528.0
2015-06-18,8,7,28318.4
2015-06-18,9,7,30811.2
2015-06-18,10,7,33096.4
2015-06-18,11,7,32835.4
2015-06-18,12,7,30245.4
2015-06-18,13,7,30509.4
2015-06-18,14,7,30867.4
2015-06-18,15,7,30778.5
2015-06-18,16,7,29931.4
2015-06-18,17,7,29181.0
2015-06-18,18,7,28527.4
2015-06-18,19,7,28830.0
2015-06-18,20,7,31755.4
2015-06-18,21,7,32748.8
2015-06-18,22,7,32003.5
2015-06-18,23,7,29565.6
2015-06-18,24,7,26451.4
2015-06-19,1,7,24781.8
2015-06-19,2,7,23499.6
2015-06-19,3,7,22054.1
2015-06-19,4,7,21625.8
2015-06-19,5,7,22088.4
2015-06-19,6,7,22903.4
2015-06-19,7,7,24663.5
2015-06-19,8,7,26868.0
2015-06-19,9,7,28629.3
2015-06-19,10,7,30514.9
2015-06-19,11,7,31257.1
2015-06-19,12,7,29472.7
2015-06-19,13,7,29721.5
2015-06-19,14,7,30132.6
2015-06-19,15,7,30359.1
2015-06-19,16,7,30245.7
2015-06-19,17,7,29801.8
2015-06-19,18,7,29561.5
2015-06-19,19,7,29384.5
2015-06-19,20,7,31765.1
2015-06-19,21,7,32521.1
2015-06-19,22,7,31557.4
2015-06-19,23,7,29513.8
2015-06-19,24,7,26810.8
2015-06-20,1,7,24894.9
2015-06-20,2,7,23394.2
2015-06-20,3,7,22396.2
2015-06-20,4,7,21815.2
2015-06-20,5,7,21765.0
2015-06-20,6,7,21953.6
2015-06-20,7,7,22158.8
2015-06-20,8,7,22730.6
2015-06-20,9,7,24080.9
2015-06-20,10,7,26257.9
2015-06-20,11,7,28220.1
2015-06-20,12,7,29600.9
2015-06-20,13,7,30439.7
2015-06-20,14,7,30825.1
2015-06-20,15,7,30836.5
2015-06-20,16,7,30771.0
2015-06-20,17,7,30917.4
2015-06-20,18,7,30539.0
2015-06-20,19,7,30055.0
2015-06-20,20,7,29351.4
2015-06-20,21,7,30133.5
2015-06-20,22,7,29606.2
2015-06-20,23,7,28081.0
2015-06-20,24,7,26165.6
2015-06-21,1,7,23753.3
2015-06-21,2,7,22098.9
2015-06-21,3,7,21158.5
2015-06-21,4,7,20773.5
2015-06-21,5,7,20656.8
2015-06-21,6,7,21194.4
2015-06-21,7,7,21340.4
2015-06-21,8,7,21844.8
2015-06-21,9,7,23719.1
2015-06-21,10,7,25694.3
2015-06-21,11,7,26749.2
2015-06-21,12,7,27771.1
2015-06-21,13,7,28427.4
2015-06-21,14,7,28971.6
2015-06-21,15,7,29152.6
2015-06-21,16,7,29461.7
2015-06-21,17,7,29447.6
2015-06-21,18,7,29603.9
2015-06-21,19,7,29330.1
2015-06-21,20,7,29151.8
2015-06-21,21,7,29994.0
2015-06-21,22,7,29976.0
2015-06-21,23,7,28134.3
2015-06-21,24,7,25391.2
2015-06-22,1,7,23413.9
2015-06-22,2,7,22285.2
2015-06-22,3,7,21666.9
2015-06-22,4,7,21301.3
2015-06-22,5,7,21662.3
2015-06-22,6,7,22438.0
2015-06-22,7,7,23916.7
2015-06-22,8,7,26926.2
2015-06-22,9,7,28479.9
2015-06-22,10,7,30670.7
2015-06-22,11,7,31930.3
2015-06-22,12,7,30193.2
2015-06-22,13,7,30249.0
2015-06-22,14,7,30359.2
2015-06-22,15,7,30818.1
2015-06-22,16,7,30820.7
2015-06-22,17,7,30417.8
2015-06-22,18,7,30366.9
2015-06-22,19,7,30153.4
2015-06-22,20,7,33129.9
2015-06-22,21,7,34196.3
2015-06-22,22,7,33392.3
2015-06-22,23,7,30868.7
2015-06-22,24,7,27629.7
2015-06-23,1,7,25402.0
2015-06-23,2,7,24315.2
2015-06-23,3,7,23736.1
2015-06-23,4,7,23157.1
2015-06-23,5,7,23189.4
2015-06-23,6,7,24113.5
2015-06-23,7,7,25702.6
2015-06-23,8,7,27870.8
2015-06-23,9,7,30049.1
2015-06-23,10,7,31826.9
2015-06-23,11,7,32207.3
2015-06-23,12,7,30121.9
2015-06-23,13,7,30241.8
2015-06-23,14,7,30600.2
2015-06-23,15,7,30491.3
2015-06-23,16,7,30423.8
2015-06-23,17,7,30350.9
2015-06-23,18,7,29913.1
2015-06-23,19,7,30110.3
2015-06-23,20,7,32912.8
2015-06-23,21,7,33700.9
2015-06-23,22,7,32828.9
2015-06-23,23,7,30451.3
2015-06-23,24,7,27750.8
2015-06-24,1,7,25629.4
2015-06-24,2,7,24148.8
2015-06-24,3,7,23168.3
2015-06-24,4,7,22901.4
2015-06-24,5,7,23136.0
2015-06-24,6,7,24039.7
2015-06-24,7,7,25418.2
2015-06-24,8,7,27747.1
2015-06-24,9,7,29936.7
2015-06-24,10,7,31602.1
2015-06-24,11,7,32429.0
2015-06-24,12,7,28968.5
2015-06-24,13,7,29396.8
2015-06-24,14,7,30097.4
2015-06-24,15,7,31469.7
2015-06-24,16,7,31285.2
2015-06-24,17,7,30609.0
2015-06-24,18,7,30032.5
2015-06-24,19,7,30105.7
2015-06-24,20,7,33179.4
2015-06-24,21,7,34384.4
2015-06-24,22,7,33844.0
2015-06-24,23,7,31254.4
2015-06-24,24,7,27799.4
2015-06-25,1,7,25448.0
2015-06-25,2,7,24255.2
2015-06-25,3,7,23563.9
2015-06-25,4,7,22821.5
2015-06-25,5,7,23251.4
2015-06-25,6,7,24394.8
2015-06-25,7,7,25577.5
2015-06-25,8,7,28202.2
2015-06-25,9,7,30099.6
2015-06-25,10,7,31676.2
2015-06-25,11,7,32396.4
2015-06-25,12,7,30073.6
2015-06-25,13,7,30197.2
2015-06-25,14,7,30913.4
2015-06-25,15,7,31282.6
2015-06-25,16,7,31211.3
2015-06-25,17,7,30568.6
2015-06-25,18,7,30055.4
2015-06-25,19,7,29951.1
2015-06-25,20,7,32485.2
2015-06-25,21,7,33449.4
2015-06-25,22,7,32731.6
2015-06-25,23,7,30201.1
2015-06-25,24,7,27537.1
2015-06-26,1,7,25348.3
2015-06-26,2,7,24098.9
2015-06-26,3,7,23134.0
2015-06-26,4,7,22536.2
2015-06-26,5,7,23183.8
2015-06-26,6,7,24309.6
2015-06-26,7,7,25615.8
2015-06-26,8,7,28084.2
2015-06-26,9,7,29970.4
2015-06-26,10,7,31237.5
2015-06-26,11,7,31954.2
2015-06-26,12,7,29430.8
2015-06-26,13,7,29810.6
2015-06-26,14,7,30267.8
2015-06-26,15,7,30714.2
2015-06-26,16,7,30564.6
2015-06-26,17,7,29938.4
2015-06-26,18,7,29901.6
2015-06-26,19,7,29711.1
2015-06-26,20,7,32479.7
2015-06-26,21,7,33466.5
2015-06-26,22,7,32458.4
2015-06-26,23,7,30418.9
2015-06-26,24,7,27398.7
2015-06-27,1,7,25423.4
2015-06-27,2,7,24111.9
2015-06-27,3,7,22429.7
2015-06-27,4,7,21811.7
2015-06-27,5,7,22148.1
2015-06-27,6,7,22521.5
2015-06-27,7,7,22831.1
2015-06-27,8,7,23356.9
2015-06-27,9,7,24915.2
2015-06-27,10,7,27021.3
2015-06-27,11,7,28026.6
2015-06-27,12,7,28686.6
2015-06-27,13,7,28573.2
2015-06-27,14,7,27974.7
2015-06-27,15,7,27776.0
2015-06-27,16,7,27914.3
2015-06-27,17,7,27685.4
2015-06-27,18,7,27425.2
2015-06-27,19,7,27591.9
2015-06-27,20,7,27976.4
2015-06-27,21,7,28167.6
2015-06-27,22,7,27152.1
2015-06-27,23,7,25328.0
2015-06-27,24,7,23426.7
2015-06-28,1,7,21612.9
2015-06-28,2,7,19971.4
2015-06-28,3,7,19403.1
2015-06-28,4,7,19162.9
2015-06-28,5,7,19167.6
2015-06-28,6,7,19536.0
2015-06-28,7,7,19846.8
2015-06-28,8,7,20807.5
2015-06-28,9,7,22520.8
2015-06-28,10,7,24464.4
2015-06-28,11,7,26012.8
2015-06-28,12,7,27663.7
2015-06-28,13,7,28726.6
2015-06-28,14,7,29982.4
2015-06-28,15,7,30809.3
2015-06-28,16,7,30856.0
2015-06-28,17,7,30783.5
2015-06-28,18,7,30615.4
2015-06-28,19,7,30287.9
2015-06-28,20,7,30096.1
2015-06-28,21,7,30569.9
2015-06-28,22,7,29734.7
2015-06-28,23,7,27003.3
2015-06-28,24,7,24145.3
2015-06-29,1,7,22213.5
2015-06-29,2,7,21052.7
2015-06-29,3,7,20086.9
2015-06-29,4,7,19033.6
2015-06-29,5,7,19272.7
2015-06-29,6,7,20861.6
2015-06-29,7,7,23446.7
2015-06-29,8,7,26876.5
2015-06-29,9,7,29111.8
2015-06-29,10,7,30708.0
2015-06-29,11,7,32755.4
2015-06-29,12,7,32327.4
2015-06-29,13,7,32416.6
2015-06-29,14,7,33058.6
2015-06-29,15,7,32738.9
2015-06-29,16,7,32273.5
2015-06-29,17,7,31314.8
2015-06-29,18,7,30854.9
2015-06-29,19,7,30700.5
2015-06-29,20,7,32047.1
2015-06-29,21,7,32897.0
2015-06-29,22,7,32106.8
2015-06-29,23,7,29441.0
2015-06-29,24,7,26318.2
2015-06-30,1,7,24218.6
2015-06-30,2,7,22998.2
2015-06-30,3,7,22173.2
2015-06-30,4,7,21247.3
2015-06-30,5,7,21684.1
2015-06-30,6,7,22918.8
2015-06-30,7,7,24083.6
2015-06-30,8,7,27431.4
2015-06-30,9,7,29704.9
2015-06-30,10,7,31906.4
2015-06-30,11,7,33462.8
2015-06-30,12,7,32687.8
2015-06-30,13,7,32695.7
2015-06-30,14,7,32727.5
2015-06-30,15,7,32746.1
2015-06-30,16,7,32193.7
2015-06-30,17,7,30836.5
2015-06-30,18,7,29840.2
2015-06-30,19,7,30600.0
2015-06-30,20,7,33437.8
2015-06-30,21,7,34908.3
2015-06-30,22,7,33822.1
2015-06-30,23,7,31144.4
2015-06-30,24,7,28039.6
2015-07-01,1,7,25652.4
2015-07-01,2,7,24169.0
2015-07-01,3,7,23464.1
2015-07-01,4,7,22944.7
2015-07-01,5,7,23673.7
2015-07-01,6,7,24811.0
2015-07-01,7,7,26412.0
2015-07-01,8,7,29267.6
2015-07-01,9,7,31139.9
2015-07-01,10,7,32529.1
2015-07-01,11,7,33585.6
2015-07-01,12,7,32418.9
2015-07-01,13,7,31491.5
2015-07-01,14,7,30711.7
2015-07-01,15,7,29919.4
2015-07-01,16,7,29765.6
2015-07-01,17,7,29309.2
2015-07-01,18,7,29048.9
2015-07-01,19,7,29092.3
2015-07-01,20,7,30331.4
2015-07-01,21,7,31702.9
2015-07-01,22,7,31312.2
2015-07-01,23,7,29567.4
2015-07-01,24,7,26411.7
2015-07-02,1,7,24105.8
2015-07-02,2,7,22970.1
2015-07-02,3,7,22272.7
2015-07-02,4,7,21897.9
2015-07-02,5,7,21754.6
2015-07-02,6,7,22944.9
2015-07-02,7,7,24261.9
2015-07-02,8,7,26830.0
2015-07-02,9,7,28760.3
2015-07-02,10,7,30212.3
2015-07-02,11,7,31149.7
2015-07-02,12,7,30473.3
2015-07-02,13,7,31273.1
2015-07-02,14,7,31604.1
2015-07-02,15,7,31742.8
2015-07-02,16,7,31731.5
2015-07-02,17,7,31152.5
2015-07-02,18,7,30737.0
2015-07-02,19,7,30384.1
2015-07-02,20,7,32398.3
2015-07-02,21,7,32976.4
2015-07-02,22,7,32723.2
2015-07-02,23,7,30348.3
2015-07-02,24,7,27272.6
2015-07-03,1,7,24910.3
2015-07-03,2,7,23481.9
2015-07-03,3,7,22067.4
2015-07-03,4,7,21199.5
2015-07-03,5,7,21203.9
2015-07-03,6,7,21637.0
2015-07-03,7,7,21775.3
2015-07-03,8,7,22859.3
2015-07-03,9,7,24350.6
2015-07-03,10,7,26068.2
2015-07-03,11,7,27366.4
2015-07-03,12,7,26072.4
2015-07-03,13,7,26620.2
2015-07-03,14,7,27005.0
2015-07-03,15,7,27191.3
2015-07-03,16,7,27514.9
2015-07-03,17,7,27787.9
2015-07-03,18,7,27654.2
2015-07-03,19,7,27795.8
2015-07-03,20,7,29497.8
2015-07-03,21,7,30067.4
2015-07-03,22,7,29476.4
2015-07-03,23,7,27602.0
2015-07-03,24,7,24385.8
2015-07-04,1,7,22462.1
2015-07-04,2,7,20894.8
2015-07-04,3,7,19937.9
2015-07-04,4,7,19642.9
2015-07-04,5,7,19670.8
2015-07-04,6,7,19906.4
2015-07-04,7,7,19067.8
2015-07-04,8,7,19401.7
2015-07-04,9,7,21125.5
2015-07-04,10,7,22648.0
2015-07-04,11,7,23650.5
2015-07-04,12,7,25059.5
2015-07-04,13,7,26085.0
2015-07-04,14,7,26949.1
2015-07-04,15,7,26859.9
2015-07-04,16,7,26818.9
2015-07-04,17,7,26198.6
2015-07-04,18,7,25341.8
2015-07-04,19,7,24760.3
2015-07-04,20,7,24299.7
2015-07-04,21,7,24349.9
2015-07-04,22,7,23673.4
2015-07-04,23,7,23203.5
2015-07-04,24,7,21946.9
2015-07-05,1,7,20118.8
2015-07-05,2,7,18650.3
2015-07-05,3,7,17770.1
2015-07-05,4,7,17493.1
2015-07-05,5,7,17418.4
2015-07-05,6,7,17756.3
2015-07-05,7,7,17802.6
2015-07-05,8,7,18211.1
2015-07-05,9,7,19388.8
2015-07-05,10,7,20625.9
2015-07-05,11,7,22359.3
2015-07-05,12,7,23375.7
2015-07-05,13,7,23673.5
2015-07-05,14,7,24268.3
2015-07-05,15,7,25117.2
2015-07-05,16,7,25523.6
2015-07-05,17,7,25888.2
2015-07-05,18,7,26021.6
2015-07-05,19,7,25805.8
2015-07-05,20,7,26029.1
2015-07-05,21,7,27274.6
2015-07-05,22,7,26900.1
2015-07-05,23,7,24994.2
2015-07-05,24,7,22492.8
2015-07-06,1,7,20795.9
2015-07-06,2,7,19813.0
2015-07-06,3,7,19123.3
2015-07-06,4,7,18499.5
2015-07-06,5,7,19458.4
2015-07-06,6,7,21148.4
2015-07-06,7,7,23450.8
2015-07-06,8,7,25827.3
2015-07-06,9,7,28029.6
2015-07-06,10,7,30017.5
2015-07-06,11,7,30696.2
2015-07-06,12,7,28218.0
2015-07-06,13,7,27676.4
2015-07-06,14,7,28285.8
2015-07-06,15,7,28775.3
2015-07-06,16,7,28692.5
2015-07-06,17,7,28487.5
2015-07-06,18,7,28037.5
2015-07-06,19,7,28371.8
2015-07-06,20,7,30386.8
2015-07-06,21,7,31187.8
2015-07-06,22,7,30492.5
2015-07-06,23,7,28000.2
2015-07-06,24,7,25200.3
2015-07-07,1,7,23186.6
2015-07-07,2,7,22208.0
2015-07-07,3,7,21694.4
2015-07-07,4,7,21440.6
2015-07-07,5,7,21960.8
2015-07-07,6,7,22581.5
2015-07-07,7,7,24005.4
2015-07-07,8,7,26232.2
2015-07-07,9,7,28102.8
2015-07-07,10,7,29216.8
2015-07-07,11,7,29736.4
2015-07-07,12,7,27712.1
2015-07-07,13,7,27151.3
2015-07-07,14,7,27015.5
2015-07-07,15,7,27572.6
2015-07-07,16,7,27595.7
2015-07-07,17,7,27563.0
2015-07-07,18,7,27333.0
2015-07-07,19,7,27356.2
2015-07-07,20,7,29792.3
2015-07-07,21,7,31203.8
2015-07-07,22,7,30040.6
2015-07-07,23,7,28158.3
2015-07-07,24,7,25274.9
2015-07-08,1,7,22934.9
2015-07-08,2,7,22262.0
2015-07-08,3,7,22012.8
2015-07-08,4,7,21774.9
2015-07-08,5,7,21675.9
2015-07-08,6,7,22816.5
2015-07-08,7,7,24512.1
2015-07-08,8,7,26617.7
2015-07-08,9,7,28036.2
2015-07-08,10,7,29556.2
2015-07-08,11,7,30749.5
2015-07-08,12,7,27788.6
2015-07-08,13,7,27264.8
2015-07-08,14,7,27772.4
2015-07-08,15,7,28022.5
2015-07-08,16,7,28106.8
2015-07-08,17,7,27898.6
2015-07-08,18,7,27736.7
2015-07-08,19,7,28177.6
2015-07-08,20,7,31020.7
2015-07-08,21,7,32676.4
2015-07-08,22,7,31981.9
2015-07-08,23,7,29566.2
2015-07-08,24,7,26907.3
2015-07-09,1,7,24836.0
2015-07-09,2,7,23524.8
2015-07-09,3,7,22478.9
2015-07-09,4,7,22716.3
2015-07-09,5,7,22828.4
2015-07-09,6,7,24094.1
2015-07-09,7,7,25055.8
2015-07-09,8,7,27236.3
2015-07-09,9,7,29829.7
2015-07-09,10,7,30939.0
2015-07-09,11,7,30613.7
2015-07-09,12,7,27118.4
2015-07-09,13,7,27226.5
2015-07-09,14,7,27977.5
2015-07-09,15,7,28156.8
2015-07-09,16,7,28190.9
2015-07-09,17,7,28187.9
2015-07-09,18,7,27707.3
2015-07-09,19,7,28539.8
2015-07-09,20,7,31215.4
2015-07-09,21,7,32314.0
2015-07-09,22,7,31286.2
2015-07-09,23,7,29168.7
2015-07-09,24,7,26257.9
2015-07-10,1,7,23844.0
2015-07-10,2,7,22681.6
2015-07-10,3,7,22066.0
2015-07-10,4,7,21796.3
2015-07-10,5,7,21952.4
2015-07-10,6,7,22982.7
2015-07-10,7,7,24392.7
2015-07-10,8,7,26272.1
2015-07-10,9,7,28500.2
2015-07-10,10,7,30278.2
2015-07-10,11,7,30779.6
2015-07-10,12,7,27986.1
2015-07-10,13,7,27740.7
2015-07-10,14,7,28127.3
2015-07-10,15,7,28094.4
2015-07-10,16,7,27882.4
2015-07-10,17,7,27420.4
2015-07-10,18,7,27111.7
2015-07-10,19,7,27606.9
2015-07-10,20,7,29941.2
2015-07-10,21,7,31471.6
2015-07-10,22,7,31200.9
2015-07-10,23,7,28862.1
2015-07-10,24,7,26242.7
2015-07-11,1,7,24379.1
2015-07-11,2,7,23342.2
2015-07-11,3,7,22382.2
2015-07-11,4,7,21690.5
2015-07-11,5,7,21640.3
2015-07-11,6,7,21137.6
2015-07-11,7,7,21249.4
2015-07-11,8,7,22000.5
2015-07-11,9,7,23690.5
2015-07-11,10,7,25482.7
2015-07-11,11,7,27321.0
2015-07-11,12,7,28707.3
2015-07-11,13,7,29110.2
2015-07-11,14,7,29544.7
2015-07-11,15,7,29227.8
2015-07-11,16,7,28254.3
2015-07-11,17,7,28304.8
2015-07-11,18,7,27919.8
2015-07-11,19,7,27647.5
2015-07-11,20,7,27381.9
2015-07-11,21,7,28136.6
2015-07-11,22,7,27800.1
2015-07-11,23,7,26183.1
2015-07-11,24,7,24040.2
2015-07-12,1,7,21905.8
2015-07-12,2,7,20549.4
2015-07-12,3,7,19573.5
2015-07-12,4,7,18749.7
2015-07-12,5,7,18495.7
2015-07-12,6,7,18671.1
2015-07-12,7,7,18702.5
2015-07-12,8,7,19153.8
2015-07-12,9,7,20531.8
2015-07-12,10,7,22972.7
2015-07-12,11,7,24337.2
2015-07-12,12,7,25831.6
2015-07-12,13,7,26688.2
2015-07-12,14,7,27411.4
2015-07-12,15,7,27867.3
2015-07-12,16,7,28177.9
2015-07-12,17,7,28481.8
2015-07-12,18,7,28703.4
2015-07-12,19,7,28487.0
2015-07-12,20,7,28499.2
2015-07-12,21,7,28966.9
2015-07-12,22,7,28644.6
2015-07-12,23,7,26608.5
2015-07-12,24,7,24098.1
2015-07-13,1,7,22202.1
2015-07-13,2,7,20961.7
2015-07-13,3,7,19961.3
2015-07-13,4,7,19594.0
2015-07-13,5,7,19814.0
2015-07-13,6,7,21297.4
2015-07-13,7,7,22992.2
2015-07-13,8,7,25431.4
2015-07-13,9,7,29107.9
2015-07-13,10,7,31416.2
2015-07-13,11,7,32872.0
2015-07-13,12,7,31458.6
2015-07-13,13,7,31688.9
2015-07-13,14,7,31767.5
2015-07-13,15,7,31592.5
2015-07-13,16,7,31674.4
2015-07-13,17,7,31438.4
2015-07-13,18,7,30976.8
2015-07-13,19,7,31403.4
2015-07-13,20,7,33562.4
2015-07-13,21,7,34602.9
2015-07-13,22,7,33592.5
2015-07-13,23,7,31231.4
2015-07-13,24,7,27778.4
2015-07-14,1,7,25197.5
2015-07-14,2,7,24038.5
2015-07-14,3,7,23164.2
2015-07-14,4,7,22526.3
2015-07-14,5,7,22783.7
2015-07-14,6,7,24005.5
2015-07-14,7,7,25495.5
2015-07-14,8,7,27694.6
2015-07-14,9,7,28685.5
2015-07-14,10,7,29906.8
2015-07-14,11,7,30860.7
2015-07-14,12,7,29363.8
2015-07-14,13,7,29699.6
2015-07-14,14,7,30080.1
2015-07-14,15,7,30147.1
2015-07-14,16,7,29819.5
2015-07-14,17,7,29499.2
2015-07-14,18,7,29122.7
2015-07-14,19,7,29307.2
2015-07-14,20,7,31186.1
2015-07-14,21,7,32152.1
2015-07-14,22,7,31436.6
2015-07-14,23,7,29109.3
2015-07-14,24,7,25912.5
2015-07-15,1,7,23800.2
2015-07-15,2,7,22677.7
2015-07-15,3,7,21934.0
2015-07-15,4,7,21580.1
2015-07-15,5,7,21709.4
2015-07-15,6,7,22838.0
2015-07-15,7,7,24939.8
2015-07-15,8,7,27076.1
2015-07-15,9,7,29190.2
2015-07-15,10,7,30233.1
2015-07-15,11,7,30742.5
2015-07-15,12,7,29667.9
2015-07-15,13,7,29493.5
2015-07-15,14,7,30046.9
2015-07-15,15,7,30185.6
2015-07-15,16,7,30115.4
2015-07-15,17,7,29909.9
2015-07-15,18,7,29531.4
2015-07-15,19,7,29768.4
2015-07-15,20,7,31824.0
2015-07-15,21,7,32650.1
2015-07-15,22,7,32236.5
2015-07-15,23,7,29971.0
2015-07-15,24,7,26813.2
2015-07-16,1,7,24640.8
2015-07-16,2,7,23535.0
2015-07-16,3,7,22858.5
2015-07-16,4,7,22668.3
2015-07-16,5,7,22489.3
2015-07-16,6,7,23559.8
2015-07-16,7,7,25037.5
2015-07-16,8,7,27265.1
2015-07-16,9,7,29157.8
2015-07-16,10,7,30745.1
2015-07-16,11,7,32240.1
2015-07-16,12,7,30052.0
2015-07-16,13,7,30009.8
2015-07-16,14,7,30428.3
2015-07-16,15,7,30451.6
2015-07-16,16,7,30415.0
2015-07-16,17,7,30026.7
2015-07-16,18,7,29755.3
2015-07-16,19,7,30077.5
2015-07-16,20,7,31608.2
2015-07-16,21,7,32144.5
2015-07-16,22,7,31696.6
2015-07-16,23,7,29375.4
2015-07-16,24,7,26292.0
2015-07-17,1,7,23948.5
2015-07-17,2,7,22638.4
2015-07-17,3,7,21976.1
2015-07-17,4,7,21937.5
2015-07-17,5,7,22009.8
2015-07-17,6,7,23264.7
2015-07-17,7,7,24933.7
2015-07-17,8,7,27101.6
2015-07-17,9,7,28722.4
2015-07-17,10,7,30385.4
2015-07-17,11,7,31567.2
2015-07-17,12,7,30193.2
2015-07-17,13,7,30304.1
2015-07-17,14,7,30876.1
2015-07-17,15,7,30807.2
2015-07-17,16,7,30662.2
2015-07-17,17,7,30539.3
2015-07-17,18,7,30171.2
2015-07-17,19,7,29638.6
2015-07-17,20,7,30936.1
2015-07-17,21,7,31659.1
2015-07-17,22,7,31003.5
2015-07-17,23,7,28415.7
2015-07-17,24,7,25783.9
2015-07-18,1,7,23758.9
2015-07-18,2,7,22404.1
2015-07-18,3,7,21575.8
2015-07-18,4,7,20816.1
2015-07-18,5,7,20732.8
2015-07-18,6,7,21497.4
2015-07-18,7,7,21776.9
2015-07-18,8,7,22232.4
2015-07-18,9,7,23484.3
2015-07-18,10,7,25506.6
2015-07-18,11,7,27203.1
2015-07-18,12,7,28983.0
2015-07-18,13,7,29946.9
2015-07-18,14,7,29368.8
2015-07-18,15,7,28533.0
2015-07-18,16,7,28278.7
2015-07-18,17,7,27777.7
2015-07-18,18,7,27379.5
2015-07-18,19,7,27514.2
2015-07-18,20,7,27768.0
2015-07-18,21,7,28938.9
2015-07-18,22,7,28420.1
2015-07-18,23,7,27291.9
2015-07-18,24,7,25339.4
2015-07-19,1,7,23505.9
2015-07-19,2,7,22076.8
2015-07-19,3,7,21206.4
2015-07-19,4,7,20880.1
2015-07-19,5,7,20771.1
2015-07-19,6,7,21169.9
2015-07-19,7,7,20627.1
2015-07-19,8,7,20419.4
2015-07-19,9,7,22913.5
2015-07-19,10,7,25778.2
2015-07-19,11,7,28088.1
2015-07-19,12,7,29763.8
2015-07-19,13,7,30963.5
2015-07-19,14,7,31985.6
2015-07-19,15,7,32747.5
2015-07-19,16,7,33111.5
2015-07-19,17,7,32410.8
2015-07-19,18,7,31310.7
2015-07-19,19,7,30754.7
2015-07-19,20,7,31106.3
2015-07-19,21,7,31622.1
2015-07-19,22,7,30552.8
2015-07-19,23,7,28118.1
2015-07-19,24,7,25369.6
2015-07-20,1,7,23594.1
2015-07-20,2,7,22194.6
2015-07-20,3,7,21440.3
2015-07-20,4,7,21494.0
2015-07-20,5,7,21451.3
2015-07-20,6,7,22553.2
2015-07-20,7,7,25397.7
2015-07-20,8,7,29149.4
2015-07-20,9,7,32426.3
2015-07-20,10,7,33978.5
2015-07-20,11,7,34593.0
2015-07-20,12,7,33246.0
2015-07-20,13,7,33167.9
2015-07-20,14,7,33700.2
2015-07-20,15,7,33958.7
2015-07-20,16,7,33907.7
2015-07-20,17,7,33696.5
2015-07-20,18,7,33339.4
2015-07-20,19,7,33983.8
2015-07-20,20,7,35819.8
2015-07-20,21,7,36358.5
2015-07-20,22,7,34919.0
2015-07-20,23,7,31994.9
2015-07-20,24,7,28315.2
2015-07-21,1,7,26262.0
2015-07-21,2,7,25044.3
2015-07-21,3,7,24472.6
2015-07-21,4,7,24055.5
2015-07-21,5,7,24176.3
2015-07-21,6,7,25923.1
2015-07-21,7,7,27161.0
2015-07-21,8,7,29691.5
2015-07-21,9,7,31819.3
2015-07-21,10,7,32723.0
2015-07-21,11,7,33525.0
2015-07-21,12,7,31337.9
2015-07-21,13,7,30643.5
2015-07-21,14,7,31671.1
2015-07-21,15,7,32621.4
2015-07-21,16,7,32639.5
2015-07-21,17,7,32147.9
2015-07-21,18,7,31506.4
2015-07-21,19,7,31660.6
2015-07-21,20,7,33776.3
2015-07-21,21,7,35274.2
2015-07-21,22,7,33899.0
2015-07-21,23,7,31342.2
2015-07-21,24,7,28146.5
2015-07-22,1,7,25929.5
2015-07-22,2,7,25073.5
2015-07-22,3,7,24253.8
2015-07-22,4,7,22541.6
2015-07-22,5,7,22664.5
2015-07-22,6,7,24314.5
2015-07-22,7,7,25986.5
2015-07-22,8,7,28689.8
2015-07-22,9,7,31504.0
2015-07-22,10,7,32237.2
2015-07-22,11,7,33183.7
2015-07-22,12,7,31635.0
2015-07-22,13,7,31317.5
2015-07-22,14,7,31855.3
2015-07-22,15,7,32085.3
2015-07-22,16,7,32257.4
2015-07-22,17,7,32319.5
2015-07-22,18,7,31901.7
2015-07-22,19,7,31919.4
2015-07-22,20,7,33853.5
2015-07-22,21,7,34696.4
2015-07-22,22,7,33343.5
2015-07-22,23,7,30783.5
2015-07-22,24,7,27367.0
2015-07-23,1,7,25600.8
2015-07-23,2,7,24015.6
2015-07-23,3,7,22899.1
2015-07-23,4,7,22588.4
2015-07-23,5,7,22966.6
2015-07-23,6,7,24225.1
2015-07-23,7,7,25676.2
2015-07-23,8,7,28377.7
2015-07-23,9,7,31149.6
2015-07-23,10,7,32156.9
2015-07-23,11,7,31755.6
2015-07-23,12,7,29754.6
2015-07-23,13,7,30181.5
2015-07-23,14,7,31667.6
2015-07-23,15,7,32180.3
2015-07-23,16,7,32351.0
2015-07-23,17,7,32109.0
2015-07-23,18,7,31907.8
2015-07-23,19,7,32115.6
2015-07-23,20,7,33911.5
2015-07-23,21,7,34962.9
2015-07-23,22,7,34170.1
2015-07-23,23,7,31459.3
2015-07-23,24,7,28370.1
2015-07-24,1,7,26221.0
2015-07-24,2,7,24869.6
2015-07-24,3,7,24109.0
2015-07-24,4,7,23364.5
2015-07-24,5,7,23413.1
2015-07-24,6,7,24303.4
2015-07-24,7,7,25649.6
2015-07-24,8,7,27721.2
2015-07-24,9,7,30140.0
2015-07-24,10,7,31427.4
2015-07-24,11,7,32283.4
2015-07-24,12,7,31502.4
2015-07-24,13,7,31592.8
2015-07-24,14,7,32630.0
2015-07-24,15,7,33467.1
2015-07-24,16,7,33370.4
2015-07-24,17,7,33238.6
2015-07-24,18,7,32807.2
2015-07-24,19,7,32975.4
2015-07-24,20,7,33974.4
2015-07-24,21,7,34597.9
2015-07-24,22,7,33458.5
2015-07-24,23,7,30806.5
2015-07-24,24,7,28696.6
2015-07-25,1,7,25860.3
2015-07-25,2,7,24473.3
2015-07-25,3,7,23160.9
2015-07-25,4,7,22565.5
2015-07-25,5,7,22348.0
2015-07-25,6,7,22945.0
2015-07-25,7,7,23152.1
2015-07-25,8,7,23854.6
2015-07-25,9,7,25956.1
2015-07-25,10,7,28617.7
2015-07-25,11,7,30704.2
2015-07-25,12,7,32387.4
2015-07-25,13,7,32911.9
2015-07-25,14,7,33469.1
2015-07-25,15,7,33604.0
2015-07-25,16,7,33690.4
2015-07-25,17,7,33872.3
2015-07-25,18,7,33507.8
2015-07-25,19,7,32920.3
2015-07-25,20,7,32213.2
2015-07-25,21,7,32758.8
2015-07-25,22,7,32105.6
2015-07-25,23,7,30091.6
2015-07-25,24,7,27769.5
2015-07-26,1,7,25581.0
2015-07-26,2,7,24025.8
2015-07-26,3,7,23020.4
2015-07-26,4,7,22448.8
2015-07-26,5,7,20848.2
2015-07-26,6,7,20531.2
2015-07-26,7,7,20336.4
2015-07-26,8,7,20895.8
2015-07-26,9,7,22435.3
2015-07-26,10,7,24443.2
2015-07-26,11,7,26591.7
2015-07-26,12,7,28167.6
2015-07-26,13,7,28933.5
2015-07-26,14,7,29596.0
2015-07-26,15,7,29856.8
2015-07-26,16,7,30088.5
2015-07-26,17,7,30067.2
2015-07-26,18,7,29916.6
2015-07-26,19,7,29466.9
2015-07-26,20,7,29121.4
2015-07-26,21,7,29828.6
2015-07-26,22,7,29918.3
2015-07-26,23,7,28121.8
2015-07-26,24,7,25390.6
2015-07-27,1,7,23624.6
2015-07-27,2,7,22473.5
2015-07-27,3,7,21700.4
2015-07-27,4,7,21072.3
2015-07-27,5,7,21449.9
2015-07-27,6,7,22612.5
2015-07-27,7,7,24537.1
2015-07-27,8,7,27213.1
2015-07-27,9,7,29566.1
2015-07-27,10,7,30918.2
2015-07-27,11,7,32262.2
2015-07-27,12,7,30867.6
2015-07-27,13,7,30859.2
2015-07-27,14,7,31074.5
2015-07-27,15,7,31266.0
2015-07-27,16,7,31344.9
2015-07-27,17,7,31322.9
2015-07-27,18,7,30981.3
2015-07-27,19,7,31110.7
2015-07-27,20,7,33020.5
2015-07-27,21,7,33779.4
2015-07-27,22,7,32929.9
2015-07-27,23,7,30810.3
2015-07-27,24,7,27663.3
2015-07-28,1,7,25704.3
2015-07-28,2,7,24236.6
2015-07-28,3,7,23378.2
2015-07-28,4,7,22796.5
2015-07-28,5,7,22863.8
2015-07-28,6,7,23845.4
2015-07-28,7,7,24886.9
2015-07-28,8,7,27178.7
2015-07-28,9,7,29981.1
2015-07-28,10,7,30822.9
2015-07-28,11,7,32339.6
2015-07-28,12,7,31086.4
2015-07-28,13,7,31060.8
2015-07-28,14,7,31659.8
2015-07-28,15,7,31788.1
2015-07-28,16,7,31598.8
2015-07-28,17,7,31427.0
2015-07-28,18,7,31358.9
2015-07-28,19,7,31700.6
2015-07-28,20,7,33921.1
2015-07-28,21,7,35084.6
2015-07-28,22,7,33753.9
2015-07-28,23,7,30976.2
2015-07-28,24,7,27718.2
2015-07-29,1,7,25593.7
2015-07-29,2,7,24541.3
2015-07-29,3,7,23833.8
2015-07-29,4,7,23403.1
2015-07-29,5,7,23482.8
2015-07-29,6,7,24581.9
2015-07-29,7,7,25970.8
2015-07-29,8,7,28265.6
2015-07-29,9,7,30697.7
2015-07-29,10,7,31685.7
2015-07-29,11,7,32422.0
2015-07-29,12,7,30464.6
2015-07-29,13,7,30830.7
2015-07-29,14,7,31462.4
2015-07-29,15,7,32145.0
2015-07-29,16,7,31838.6
2015-07-29,17,7,31599.2
2015-07-29,18,7,31324.6
2015-07-29,19,7,31762.3
2015-07-29,20,7,33783.9
2015-07-29,21,7,34836.1
2015-07-29,22,7,34072.1
2015-07-29,23,7,31471.2
2015-07-29,24,7,28406.1
2015-07-30,1,7,26348.0
2015-07-30,2,7,25135.2
2015-07-30,3,7,24191.7
2015-07-30,4,7,23967.8
2015-07-30,5,7,23915.2
2015-07-30,6,7,24839.9
2015-07-30,7,7,26007.4
2015-07-30,8,7,28433.8
2015-07-30,9,7,30129.2
2015-07-30,10,7,31837.7
2015-07-30,11,7,33055.1
2015-07-30,12,7,31849.2
2015-07-30,13,7,31885.1
2015-07-30,14,7,32663.2
2015-07-30,15,7,33122.3
2015-07-30,16,7,33164.9
2015-07-30,17,7,32939.5
2015-07-30,18,7,32612.8
2015-07-30,19,7,32648.2
2015-07-30,20,7,34646.7
2015-07-30,21,7,35731.6
2015-07-30,22,7,35297.2
2015-07-30,23,7,32859.2
2015-07-30,24,7,29523.0
2015-07-31,1,7,27356.4
2015-07-31,2,7,25590.8
2015-07-31,3,7,25002.1
2015-07-31,4,7,24768.2
2015-07-31,5,7,24939.2
2015-07-31,6,7,26004.8
2015-07-31,7,7,27504.1
2015-07-31,8,7,29307.1
2015-07-31,9,7,30769.4
2015-07-31,10,7,32049.3
2015-07-31,11,7,33071.9
2015-07-31,12,7,31758.7
2015-07-31,13,7,31963.2
2015-07-31,14,7,32541.6
2015-07-31,15,7,33173.7
2015-07-31,16,7,33558.2
2015-07-31,17,7,33097.0
2015-07-31,18,7,32915.4
2015-07-31,19,7,32661.8
2015-07-31,20,7,35199.0
2015-07-31,21,7,35949.2
2015-07-31,22,7,34542.2
2015-07-31,23,7,32615.5
2015-07-31,24,7,29721.9
2015-08-01,1,7,27831.6
2015-08-01,2,7,25601.6
2015-08-01,3,7,24343.7
2015-08-01,4,7,24057.7
2015-08-01,5,7,23666.5
2015-08-01,6,7,24087.9
2015-08-01,7,7,24656.8
2015-08-01,8,7,24996.7
2015-08-01,9,7,26503.0
2015-08-01,10,7,27931.4
2015-08-01,11,7,30061.9
2015-08-01,12,7,31663.8
2015-08-01,13,7,32248.4
2015-08-01,14,7,32888.4
2015-08-01,15,7,32956.2
2015-08-01,16,7,32921.9
2015-08-01,17,7,32815.8
2015-08-01,18,7,32663.7
2015-08-01,19,7,31757.8
2015-08-01,20,7,30357.0
2015-08-01,21,7,30708.8
2015-08-01,22,7,29576.5
2015-08-01,23,7,27784.5
2015-08-01,24,7,25953.7
2015-08-02,1,7,24018.9
2015-08-02,2,7,22419.4
2015-08-02,3,7,21121.8
2015-08-02,4,7,20287.7
2015-08-02,5,7,20158.9
2015-08-02,6,7,20529.8
2015-08-02,7,7,21202.9
2015-08-02,8,7,21399.7
2015-08-02,9,7,22540.9
2015-08-02,10,7,24118.2
2015-08-02,11,7,25531.3
2015-08-02,12,7,26335.0
2015-08-02,13,7,27528.9
2015-08-02,14,7,28815.9
2015-08-02,15,7,29595.6
2015-08-02,16,7,30149.7
2015-08-02,17,7,30466.4
2015-08-02,18,7,30411.9
2015-08-02,19,7,30287.4
2015-08-02,20,7,30321.9
2015-08-02,21,7,30917.0
2015-08-02,22,7,30074.8
2015-08-02,23,7,28203.2
2015-08-02,24,7,25613.2
2015-08-03,1,7,24114.0
2015-08-03,2,7,22846.4
2015-08-03,3,7,21651.5
2015-08-03,4,7,21303.3
2015-08-03,5,7,21080.6
2015-08-03,6,7,22314.5
2015-08-03,7,7,23968.8
2015-08-03,8,7,26454.9
2015-08-03,9,7,28337.5
2015-08-03,10,7,29831.0
2015-08-03,11,7,32040.7
2015-08-03,12,7,31634.2
2015-08-03,13,7,32682.5
2015-08-03,14,7,32647.2
2015-08-03,15,7,33030.3
2015-08-03,16,7,32967.6
2015-08-03,17,7,32869.7
2015-08-03,18,7,32784.6
2015-08-03,19,7,32968.8
2015-08-03,20,7,35120.7
2015-08-03,21,7,35779.1
2015-08-03,22,7,34811.9
2015-08-03,23,7,31524.7
2015-08-03,24,7,28259.4
2015-08-04,1,7,25534.1
2015-08-04,2,7,24390.3
2015-08-04,3,7,23583.6
2015-08-04,4,7,23268.5
2015-08-04,5,7,22979.0
2015-08-04,6,7,23959.5
2015-08-04,7,7,25008.4
2015-08-04,8,7,27783.0
2015-08-04,9,7,30088.2
2015-08-04,10,7,32089.3
2015-08-04,11,7,34562.7
2015-08-04,12,7,32674.0
2015-08-04,13,7,32641.2
2015-08-04,14,7,33355.6
2015-08-04,15,7,34137.1
2015-08-04,16,7,33838.6
2015-08-04,17,7,33950.7
2015-08-04,18,7,34206.7
2015-08-04,19,7,34235.5
2015-08-04,20,7,36338.3
2015-08-04,21,7,37191.5
2015-08-04,22,7,35531.4
2015-08-04,23,7,32816.8
2015-08-04,24,7,29594.8
2015-08-05,1,7,27199.1
2015-08-05,2,7,25732.8
2015-08-05,3,7,24778.1
2015-08-05,4,7,24134.1
2015-08-05,5,7,24306.0
2015-08-05,6,7,25174.0
2015-08-05,7,7,26180.3
2015-08-05,8,7,28214.1
2015-08-05,9,7,30114.1
2015-08-05,10,7,32444.9
2015-08-05,11,7,34233.2
2015-08-05,12,7,32045.2
2015-08-05,13,7,32481.8
2015-08-05,14,7,33429.2
2015-08-05,15,7,34289.2
2015-08-05,16,7,34859.5
2015-08-05,17,7,34812.0
2015-08-05,18,7,34244.5
2015-08-05,19,7,34264.3
2015-08-05,20,7,36612.2
2015-08-05,21,7,37196.1
2015-08-05,22,7,35969.9
2015-08-05,23,7,33647.8
2015-08-05,24,7,30036.8
2015-08-06,1,7,27663.6
2015-08-06,2,7,25789.3
2015-08-06,3,7,24797.9
2015-08-06,4,7,24239.6
2015-08-06,5,7,24090.3
2015-08-06,6,7,25150.3
2015-08-06,7,7,26265.4
2015-08-06,8,7,28534.7
2015-08-06,9,7,29874.6
2015-08-06,10,7,31566.1
2015-08-06,11,7,32993.4
2015-08-06,12,7,30978.1
2015-08-06,13,7,30297.4
2015-08-06,14,7,30780.6
2015-08-06,15,7,30931.8
2015-08-06,16,7,31618.3
2015-08-06,17,7,30601.8
2015-08-06,18,7,30131.2
2015-08-06,19,7,30263.5
2015-08-06,20,7,33590.2
2015-08-06,21,7,34713.8
2015-08-06,22,7,33592.8
2015-08-06,23,7,31343.2
2015-08-06,24,7,28184.3
2015-08-07,1,7,26130.0
2015-08-07,2,7,25028.0
2015-08-07,3,7,23760.1
2015-08-07,4,7,23526.3
2015-08-07,5,7,23721.2
2015-08-07,6,7,24767.1
2015-08-07,7,7,25987.2
2015-08-07,8,7,27864.8
2015-08-07,9,7,28271.4
2015-08-07,10,7,29289.3
2015-08-07,11,7,29997.6
2015-08-07,12,7,28265.1
2015-08-07,13,7,28665.5
2015-08-07,14,7,29349.5
2015-08-07,15,7,29583.2
2015-08-07,16,7,29769.0
2015-08-07,17,7,29890.4
2015-08-07,18,7,29473.7
2015-08-07,19,7,29629.2
2015-08-07,20,7,31308.2
2015-08-07,21,7,32217.1
2015-08-07,22,7,30795.6
2015-08-07,23,7,28810.2
2015-08-07,24,7,26142.0
2015-08-08,1,7,23992.5
2015-08-08,2,7,22789.9
2015-08-08,3,7,22118.9
2015-08-08,4,7,21520.9
2015-08-08,5,7,21278.9
2015-08-08,6,7,21330.4
2015-08-08,7,7,21925.7
2015-08-08,8,7,22041.0
2015-08-08,9,7,23104.7
2015-08-08,10,7,25098.1
2015-08-08,11,7,26711.9
2015-08-08,12,7,27874.9
2015-08-08,13,7,28465.8
2015-08-08,14,7,29023.4
2015-08-08,15,7,29160.7
2015-08-08,16,7,29264.5
2015-08-08,17,7,29123.1
2015-08-08,18,7,28812.9
2015-08-08,19,7,28435.5
2015-08-08,20,7,28182.1
2015-08-08,21,7,28795.7
2015-08-08,22,7,28279.3
2015-08-08,23,7,27025.0
2015-08-08,24,7,25158.0
2015-08-09,1,7,22544.5
2015-08-09,2,7,21173.0
2015-08-09,3,7,20199.4
2015-08-09,4,7,19607.0
2015-08-09,5,7,19460.8
2015-08-09,6,7,19677.1
2015-08-09,7,7,20145.2
2015-08-09,8,7,20615.9
2015-08-09,9,7,21522.5
2015-08-09,10,7,22681.4
2015-08-09,11,7,23656.5
2015-08-09,12,7,24680.4
2015-08-09,13,7,25863.2
2015-08-09,14,7,26485.1
2015-08-09,15,7,26998.4
2015-08-09,16,7,27493.0
2015-08-09,17,7,27704.4
2015-08-09,18,7,27646.3
2015-08-09,19,7,27589.3
2015-08-09,20,7,27914.8
2015-08-09,21,7,29115.7
2015-08-09,22,7,28384.2
2015-08-09,23,7,26156.1
2015-08-09,24,7,23905.4
2015-08-10,1,7,22330.0
2015-08-10,2,7,20903.2
2015-08-10,3,7,20076.8
2015-08-10,4,7,19831.9
2015-08-10,5,7,20055.1
2015-08-10,6,7,21608.5
2015-08-10,7,7,24021.9
2015-08-10,8,7,25929.8
2015-08-10,9,7,28019.2
2015-08-10,10,7,29472.1
2015-08-10,11,7,30308.3
2015-08-10,12,7,28474.4
2015-08-10,13,7,28082.4
2015-08-10,14,7,29318.9
2015-08-10,15,7,29821.7
2015-08-10,16,7,29770.9
2015-08-10,17,7,29528.5
2015-08-10,18,7,29314.8
2015-08-10,19,7,29456.2
2015-08-10,20,7,31384.7
2015-08-10,21,7,32163.3
2015-08-10,22,7,31013.7
2015-08-10,23,7,28493.3
2015-08-10,24,7,25674.4
2015-08-11,1,7,23611.0
2015-08-11,2,7,22448.7
2015-08-11,3,7,21185.1
2015-08-11,4,7,20863.9
2015-08-11,5,7,21152.6
2015-08-11,6,7,22374.0
2015-08-11,7,7,23656.8
2015-08-11,8,7,25843.8
2015-08-11,9,7,28390.4
2015-08-11,10,7,29684.2
2015-08-11,11,7,30877.8
2015-08-11,12,7,28610.3
2015-08-11,13,7,28848.3
2015-08-11,14,7,29491.7
2015-08-11,15,7,30054.2
2015-08-11,16,7,29919.6
2015-08-11,17,7,29782.6
2015-08-11,18,7,29464.1
2015-08-11,19,7,29970.5
2015-08-11,20,7,32779.5
2015-08-11,21,7,33924.3
2015-08-11,22,7,33085.3
2015-08-11,23,7,30722.2
2015-08-11,24,7,27644.0
2015-08-12,1,7,25361.5
2015-08-12,2,7,23898.5
2015-08-12,3,7,22878.3
2015-08-12,4,7,22609.3
2015-08-12,5,7,22830.2
2015-08-12,6,7,23687.8
2015-08-12,7,7,24910.1
2015-08-12,8,7,26794.9
2015-08-12,9,7,28673.7
2015-08-12,10,7,30740.1
2015-08-12,11,7,32136.9
2015-08-12,12,7,30790.2
2015-08-12,13,7,31822.8
2015-08-12,14,7,33017.9
2015-08-12,15,7,33783.2
2015-08-12,16,7,34213.5
2015-08-12,17,7,34137.9
2015-08-12,18,7,33559.7
2015-08-12,19,7,33582.5
2015-08-12,20,7,36072.4
2015-08-12,21,7,36414.5
2015-08-12,22,7,35311.4
2015-08-12,23,7,32575.9
2015-08-12,24,7,29565.8
2015-08-13,1,7,27201.3
2015-08-13,2,7,25531.8
2015-08-13,3,7,24184.7
2015-08-13,4,7,23896.6
2015-08-13,5,7,24280.2
2015-08-13,6,7,25166.4
2015-08-13,7,7,26826.3
2015-08-13,8,7,29312.8
2015-08-13,9,7,31279.9
2015-08-13,10,7,33172.4
2015-08-13,11,7,34703.5
2015-08-13,12,7,32964.4
2015-08-13,13,7,33701.1
2015-08-13,14,7,34525.5
2015-08-13,15,7,34919.6
2015-08-13,16,7,35405.9
2015-08-13,17,7,35869.0
2015-08-13,18,7,35695.4
2015-08-13,19,7,35830.0
2015-08-13,20,7,38235.7
2015-08-13,21,7,38445.9
2015-08-13,22,7,36767.8
2015-08-13,23,7,33769.8
2015-08-13,24,7,30790.8
2015-08-14,1,7,28313.6
2015-08-14,2,7,26395.4
2015-08-14,3,7,24999.8
2015-08-14,4,7,24652.0
2015-08-14,5,7,24753.8
2015-08-14,6,7,25508.4
2015-08-14,7,7,27286.8
2015-08-14,8,7,29762.3
2015-08-14,9,7,31537.0
2015-08-14,10,7,33316.2
2015-08-14,11,7,35292.1
2015-08-14,12,7,33872.7
2015-08-14,13,7,34579.7
2015-08-14,14,7,35535.5
2015-08-14,15,7,36468.6
2015-08-14,16,7,37197.3
2015-08-14,17,7,37109.3
2015-08-14,18,7,36760.6
2015-08-14,19,7,36510.4
2015-08-14,20,7,38900.3
2015-08-14,21,7,38985.6
2015-08-14,22,7,37196.2
2015-08-14,23,7,34659.0
2015-08-14,24,7,31301.9
2015-08-15,1,7,28747.7
2015-08-15,2,7,26721.8
2015-08-15,3,7,25559.4
2015-08-15,4,7,24721.3
2015-08-15,5,7,24001.1
2015-08-15,6,7,24459.0
2015-08-15,7,7,24784.0
2015-08-15,8,7,25165.7
2015-08-15,9,7,27225.3
2015-08-15,10,7,29846.5
2015-08-15,11,7,32367.7
2015-08-15,12,7,34664.8
2015-08-15,13,7,36136.1
2015-08-15,14,7,37073.1
2015-08-15,15,7,37206.7
2015-08-15,16,7,37680.4
2015-08-15,17,7,38517.4
2015-08-15,18,7,38652.3
2015-08-15,19,7,38034.9
2015-08-15,20,7,36648.5
2015-08-15,21,7,36334.5
2015-08-15,22,7,35063.6
2015-08-15,23,7,32822.5
2015-08-15,24,7,30275.3
2015-08-16,1,7,27405.7
2015-08-16,2,7,24538.9
2015-08-16,3,7,23528.8
2015-08-16,4,7,22753.1
2015-08-16,5,7,22477.2
2015-08-16,6,7,22694.1
2015-08-16,7,7,23002.9
2015-08-16,8,7,22703.4
2015-08-16,9,7,24764.9
2015-08-16,10,7,27240.4
2015-08-16,11,7,30395.5
2015-08-16,12,7,32782.3
2015-08-16,13,7,32947.9
2015-08-16,14,7,34140.5
2015-08-16,15,7,35080.9
2015-08-16,16,7,35970.7
2015-08-16,17,7,35829.4
2015-08-16,18,7,35230.2
2015-08-16,19,7,34815.1
2015-08-16,20,7,34263.4
2015-08-16,21,7,34092.2
2015-08-16,22,7,32667.1
2015-08-16,23,7,30430.5
2015-08-16,24,7,27019.7
2015-08-17,1,7,24764.0
2015-08-17,2,7,23428.3
2015-08-17,3,7,22292.1
2015-08-17,4,7,21750.3
2015-08-17,5,7,22087.9
2015-08-17,6,7,23671.7
2015-08-17,7,7,25735.6
2015-08-17,8,7,29160.8
2015-08-17,9,7,31926.3
2015-08-17,10,7,34423.0
2015-08-17,11,7,35654.1
2015-08-17,12,7,34004.6
2015-08-17,13,7,34061.1
2015-08-17,14,7,34565.8
2015-08-17,15,7,34649.6
2015-08-17,16,7,34457.6
2015-08-17,17,7,34000.2
2015-08-17,18,7,33363.1
2015-08-17,19,7,33267.4
2015-08-17,20,7,35917.4
2015-08-17,21,7,36614.4
2015-08-17,22,7,35264.1
2015-08-17,23,7,32477.4
2015-08-17,24,7,29848.5
2015-08-18,1,7,27999.3
2015-08-18,2,7,26317.8
2015-08-18,3,7,25053.4
2015-08-18,4,7,24537.2
2015-08-18,5,7,24886.0
2015-08-18,6,7,26027.5
2015-08-18,7,7,27860.6
2015-08-18,8,7,30007.3
2015-08-18,9,7,32381.1
2015-08-18,10,7,32890.3
2015-08-18,11,7,33807.8
2015-08-18,12,7,32043.1
2015-08-18,13,7,32492.8
2015-08-18,14,7,33203.2
2015-08-18,15,7,33452.1
2015-08-18,16,7,33525.1
2015-08-18,17,7,33168.9
2015-08-18,18,7,32389.1
2015-08-18,19,7,32225.2
2015-08-18,20,7,35188.3
2015-08-18,21,7,36021.7
2015-08-18,22,7,34576.3
2015-08-18,23,7,32332.4
2015-08-18,24,7,28734.2
2015-08-19,1,7,26530.8
2015-08-19,2,7,25301.0
2015-08-19,3,7,24506.8
2015-08-19,4,7,24068.2
2015-08-19,5,7,24077.6
2015-08-19,6,7,25154.6
2015-08-19,7,7,26191.1
2015-08-19,8,7,28336.9
2015-08-19,9,7,30049.3
2015-08-19,10,7,31698.2
2015-08-19,11,7,33171.5
2015-08-19,12,7,31590.9
2015-08-19,13,7,31478.1
2015-08-19,14,7,32297.8
2015-08-19,15,7,32833.5
2015-08-19,16,7,32725.5
2015-08-19,17,7,32177.2
2015-08-19,18,7,31557.7
2015-08-19,19,7,31253.7
2015-08-19,20,7,34172.0
2015-08-19,21,7,35036.7
2015-08-19,22,7,34230.1
2015-08-19,23,7,31821.9
2015-08-19,24,7,28856.9
2015-08-20,1,7,26641.2
2015-08-20,2,7,25359.7
2015-08-20,3,7,24647.0
2015-08-20,4,7,23978.8
2015-08-20,5,7,24223.2
2015-08-20,6,7,25739.6
2015-08-20,7,7,27162.1
2015-08-20,8,7,28960.6
2015-08-20,9,7,30801.6
2015-08-20,10,7,32015.0
2015-08-20,11,7,32497.0
2015-08-20,12,7,30298.5
2015-08-20,13,7,30732.4
2015-08-20,14,7,31648.8
2015-08-20,15,7,32150.7
2015-08-20,16,7,32471.0
2015-08-20,17,7,32223.3
2015-08-20,18,7,31781.0
2015-08-20,19,7,31474.4
2015-08-20,20,7,34523.7
2015-08-20,21,7,35510.5
2015-08-20,22,7,34007.2
2015-08-20,23,7,31958.2
2015-08-20,24,7,29011.3
2015-08-21,1,7,27371.4
2015-08-21,2,7,25667.2
2015-08-21,3,7,24573.5
2015-08-21,4,7,23894.1
2015-08-21,5,7,24134.7
2015-08-21,6,7,25110.7
2015-08-21,7,7,26828.7
2015-08-21,8,7,28702.2
2015-08-21,9,7,31301.9
2015-08-21,10,7,32006.5
2015-08-21,11,7,32289.5
2015-08-21,12,7,29637.8
2015-08-21,13,7,29820.3
2015-08-21,14,7,30604.9
2015-08-21,15,7,31217.2
2015-08-21,16,7,31126.2
2015-08-21,17,7,31180.6
2015-08-21,18,7,30437.9
2015-08-21,19,7,30251.8
2015-08-21,20,7,32652.2
2015-08-21,21,7,33325.5
2015-08-21,22,7,32403.4
2015-08-21,23,7,30151.2
2015-08-21,24,7,27130.4
2015-08-22,1,7,25234.4
2015-08-22,2,7,23542.7
2015-08-22,3,7,22717.2
2015-08-22,4,7,22488.1
2015-08-22,5,7,22392.1
2015-08-22,6,7,22877.4
2015-08-22,7,7,23741.1
2015-08-22,8,7,24139.7
2015-08-22,9,7,25711.6
2015-08-22,10,7,27124.7
2015-08-22,11,7,28670.9
2015-08-22,12,7,30263.8
2015-08-22,13,7,31291.1
2015-08-22,14,7,32187.2
2015-08-22,15,7,32225.2
2015-08-22,16,7,32413.0
2015-08-22,17,7,32446.1
2015-08-22,18,7,32241.1
2015-08-22,19,7,31541.3
2015-08-22,20,7,31591.0
2015-08-22,21,7,31926.8
2015-08-22,22,7,31312.2
2015-08-22,23,7,29216.4
2015-08-22,24,7,27122.8
2015-08-23,1,7,24828.5
2015-08-23,2,7,23420.1
2015-08-23,3,7,22188.7
2015-08-23,4,7,20779.1
2015-08-23,5,7,20351.1
2015-08-23,6,7,20296.2
2015-08-23,7,7,20983.0
2015-08-23,8,7,20967.5
2015-08-23,9,7,22032.3
2015-08-23,10,7,23857.5
2015-08-23,11,7,25651.4
2015-08-23,12,7,27472.6
2015-08-23,13,7,28546.4
2015-08-23,14,7,29701.7
2015-08-23,15,7,30414.3
2015-08-23,16,7,30801.5
2015-08-23,17,7,30773.7
2015-08-23,18,7,30561.8
2015-08-23,19,7,30393.6
2015-08-23,20,7,30891.3
2015-08-23,21,7,31352.4
2015-08-23,22,7,30793.2
2015-08-23,23,7,28406.6
2015-08-23,24,7,26161.7
2015-08-24,1,7,24049.8
2015-08-24,2,7,22473.4
2015-08-24,3,7,21428.1
2015-08-24,4,7,21056.8
2015-08-24,5,7,21515.2
2015-08-24,6,7,22516.1
2015-08-24,7,7,25591.5
2015-08-24,8,7,29570.0
2015-08-24,9,7,31700.2
2015-08-24,10,7,33691.8
2015-08-24,11,7,35647.5
2015-08-24,12,7,33733.0
2015-08-24,13,7,33610.1
2015-08-24,14,7,34356.9
2015-08-24,15,7,35001.3
2015-08-24,16,7,34732.9
2015-08-24,17,7,34483.0
2015-08-24,18,7,33350.8
2015-08-24,19,7,32871.9
2015-08-24,20,7,36272.6
2015-08-24,21,7,36945.1
2015-08-24,22,7,35455.4
2015-08-24,23,7,31970.1
2015-08-24,24,7,28799.7
2015-08-25,1,7,26511.4
2015-08-25,2,7,25001.9
2015-08-25,3,7,23926.3
2015-08-25,4,7,23714.6
2015-08-25,5,7,23880.9
2015-08-25,6,7,25288.9
2015-08-25,7,7,26749.0
2015-08-25,8,7,29282.7
2015-08-25,9,7,32536.6
2015-08-25,10,7,34204.8
2015-08-25,11,7,35947.1
2015-08-25,12,7,34432.5
2015-08-25,13,7,33383.2
2015-08-25,14,7,33551.6
2015-08-25,15,7,34549.9
2015-08-25,16,7,34003.2
2015-08-25,17,7,34101.0
2015-08-25,18,7,34286.8
2015-08-25,19,7,33904.6
2015-08-25,20,7,37608.8
2015-08-25,21,7,39038.6
2015-08-25,22,7,37583.4
2015-08-25,23,7,34733.6
2015-08-25,24,7,31453.4
2015-08-26,1,7,28917.8
2015-08-26,2,7,26860.1
2015-08-26,3,7,25885.8
2015-08-26,4,7,25567.4
2015-08-26,5,7,25115.3
2015-08-26,6,7,26281.9
2015-08-26,7,7,28446.2
2015-08-26,8,7,31966.1
2015-08-26,9,7,33947.2
2015-08-26,10,7,35156.5
2015-08-26,11,7,37199.5
2015-08-26,12,7,35986.7
2015-08-26,13,7,36173.3
2015-08-26,14,7,37425.1
2015-08-26,15,7,38291.7
2015-08-26,16,7,37390.6
2015-08-26,17,7,36785.8
2015-08-26,18,7,36198.8
2015-08-26,19,7,35394.3
2015-08-26,20,7,38365.6
2015-08-26,21,7,38895.0
2015-08-26,22,7,37478.1
2015-08-26,23,7,34609.9
2015-08-26,24,7,30649.6
2015-08-27,1,7,27855.4
2015-08-27,2,7,26130.6
2015-08-27,3,7,24299.1
2015-08-27,4,7,23608.2
2015-08-27,5,7,24277.1
2015-08-27,6,7,25829.8
2015-08-27,7,7,27531.6
2015-08-27,8,7,31374.8
2015-08-27,9,7,34213.6
2015-08-27,10,7,35912.0
2015-08-27,11,7,38263.3
2015-08-27,12,7,36338.3
2015-08-27,13,7,36766.1
2015-08-27,14,7,37999.5
2015-08-27,15,7,38798.1
2015-08-27,16,7,38535.6
2015-08-27,17,7,38113.5
2015-08-27,18,7,36900.1
2015-08-27,19,7,36123.3
2015-08-27,20,7,39831.8
2015-08-27,21,7,40357.1
2015-08-27,22,7,38276.8
2015-08-27,23,7,35542.0
2015-08-27,24,7,32099.8
2015-08-28,1,7,30088.2
2015-08-28,2,7,28171.7
2015-08-28,3,7,26834.7
2015-08-28,4,7,26193.6
2015-08-28,5,7,25963.4
2015-08-28,6,7,26872.0
2015-08-28,7,7,28715.9
2015-08-28,8,7,31583.3
2015-08-28,9,7,33523.9
2015-08-28,10,7,35713.7
2015-08-28,11,7,37127.5
2015-08-28,12,7,35777.5
2015-08-28,13,7,36473.9
2015-08-28,14,7,37443.3
2015-08-28,15,7,37951.2
2015-08-28,16,7,38220.3
2015-08-28,17,7,37732.9
2015-08-28,18,7,37207.5
2015-08-28,19,7,36508.5
2015-08-28,20,7,39378.6
2015-08-28,21,7,39681.3
2015-08-28,22,7,38120.1
2015-08-28,23,7,35649.6
2015-08-28,24,7,31812.6
2015-08-29,1,7,28891.5
2015-08-29,2,7,26576.0
2015-08-29,3,7,25836.8
2015-08-29,4,7,24871.6
2015-08-29,5,7,24736.5
2015-08-29,6,7,25048.7
2015-08-29,7,7,25958.5
2015-08-29,8,7,26400.0
2015-08-29,9,7,28407.1
2015-08-29,10,7,31233.5
2015-08-29,11,7,33710.9
2015-08-29,12,7,35745.2
2015-08-29,13,7,36954.8
2015-08-29,14,7,37612.8
2015-08-29,15,7,37983.9
2015-08-29,16,7,38126.8
2015-08-29,17,7,38155.6
2015-08-29,18,7,37825.2
2015-08-29,19,7,36930.7
2015-08-29,20,7,36687.3
2015-08-29,21,7,36259.5
2015-08-29,22,7,34764.2
2015-08-29,23,7,32452.3
2015-08-29,24,7,29981.0
2015-08-30,1,7,27688.1
2015-08-30,2,7,26004.4
2015-08-30,3,7,24465.0
2015-08-30,4,7,23909.5
2015-08-30,5,7,23540.2
2015-08-30,6,7,23957.1
2015-08-30,7,7,24715.5
2015-08-30,8,7,24755.8
2015-08-30,9,7,26596.3
2015-08-30,10,7,29097.1
2015-08-30,11,7,31824.3
2015-08-30,12,7,33752.9
2015-08-30,13,7,33442.9
2015-08-30,14,7,33649.2
2015-08-30,15,7,34190.7
2015-08-30,16,7,34504.6
2015-08-30,17,7,34544.4
2015-08-30,18,7,33920.3
2015-08-30,19,7,33007.3
2015-08-30,20,7,33227.4
2015-08-30,21,7,33030.1
2015-08-30,22,7,31649.1
2015-08-30,23,7,29096.2
2015-08-30,24,7,26377.0
2015-08-31,1,7,24175.0
2015-08-31,2,7,22845.3
2015-08-31,3,7,22260.5
2015-08-31,4,7,22228.8
2015-08-31,5,7,22431.4
2015-08-31,6,7,24048.8
2015-08-31,7,7,27718.6
2015-08-31,8,7,31727.7
2015-08-31,9,7,32941.5
2015-08-31,10,7,34492.8
2015-08-31,11,7,35092.4
2015-08-31,12,7,33961.2
2015-08-31,13,7,33805.3
2015-08-31,14,7,33938.0
2015-08-31,15,7,34377.8
2015-08-31,16,7,33611.1
2015-08-31,17,7,33230.5
2015-08-31,18,7,32592.8
2015-08-31,19,7,32209.0
2015-08-31,20,7,35229.3
2015-08-31,21,7,35641.9
2015-08-31,22,7,34225.9
2015-08-31,23,7,31509.6
2015-08-31,24,7,28445.9
2015-09-01,1,7,26498.8
2015-09-01,2,7,25293.5
2015-09-01,3,7,24398.9
2015-09-01,4,7,23915.6
2015-09-01,5,7,24166.9
2015-09-01,6,7,25397.8
2015-09-01,7,7,27714.8
2015-09-01,8,7,30991.7
2015-09-01,9,7,32871.0
2015-09-01,10,7,34102.4
2015-09-01,11,7,34180.4
2015-09-01,12,7,32130.3
2015-09-01,13,7,32169.6
2015-09-01,14,7,33206.5
2015-09-01,15,7,32992.3
2015-09-01,16,7,32251.5
2015-09-01,17,7,31580.9
2015-09-01,18,7,30752.6
2015-09-01,19,7,30193.5
2015-09-01,20,7,34041.5
2015-09-01,21,7,34416.6
2015-09-01,22,7,32915.0
2015-09-01,23,7,30548.4
2015-09-01,24,7,28268.0
2015-09-02,1,7,26110.6
2015-09-02,2,7,24386.2
2015-09-02,3,7,23449.0
2015-09-02,4,7,23400.5
2015-09-02,5,7,23709.5
2015-09-02,6,7,24968.7
2015-09-02,7,7,27631.6
2015-09-02,8,7,30507.8
2015-09-02,9,7,32159.8
2015-09-02,10,7,33050.2
2015-09-02,11,7,33393.3
2015-09-02,12,7,31982.0
2015-09-02,13,7,31662.7
2015-09-02,14,7,31940.6
2015-09-02,15,7,32363.5
2015-09-02,16,7,32172.1
2015-09-02,17,7,31767.1
2015-09-02,18,7,31244.9
2015-09-02,19,7,30537.7
2015-09-02,20,7,33828.5
2015-09-02,21,7,34275.1
2015-09-02,22,7,32939.8
2015-09-02,23,7,29982.6
2015-09-02,24,7,27038.4
2015-09-03,1,7,24843.6
2015-09-03,2,7,23738.3
2015-09-03,3,7,23034.1
2015-09-03,4,7,22471.9
2015-09-03,5,7,22676.0
2015-09-03,6,7,23962.2
2015-09-03,7,7,26322.2
2015-09-03,8,7,29690.7
2015-09-03,9,7,31195.6
2015-09-03,10,7,32212.7
2015-09-03,11,7,32027.4
2015-09-03,12,7,29468.1
2015-09-03,13,7,29424.7
2015-09-03,14,7,30508.6
2015-09-03,15,7,31022.8
2015-09-03,16,7,30700.8
2015-09-03,17,7,29979.1
2015-09-03,18,7,29156.4
2015-09-03,19,7,29183.1
2015-09-03,20,7,32450.8
2015-09-03,21,7,33433.8
2015-09-03,22,7,31899.0
2015-09-03,23,7,29333.5
2015-09-03,24,7,27006.8
2015-09-04,1,7,25141.4
2015-09-04,2,7,23554.9
2015-09-04,3,7,22573.7
2015-09-04,4,7,22063.2
2015-09-04,5,7,21792.9
2015-09-04,6,7,22962.3
2015-09-04,7,7,25495.6
2015-09-04,8,7,28277.0
2015-09-04,9,7,30435.7
2015-09-04,10,7,31652.8
2015-09-04,11,7,31205.3
2015-09-04,12,7,29389.6
2015-09-04,13,7,29447.2
2015-09-04,14,7,30330.0
2015-09-04,15,7,30327.4
2015-09-04,16,7,30150.1
2015-09-04,17,7,29974.6
2015-09-04,18,7,29172.2
2015-09-04,19,7,28783.8
2015-09-04,20,7,31442.9
2015-09-04,21,7,32073.0
2015-09-04,22,7,30888.3
2015-09-04,23,7,28294.2
2015-09-04,24,7,25412.8
2015-09-05,1,7,23431.9
2015-09-05,2,7,22456.6
2015-09-05,3,7,21403.0
2015-09-05,4,7,21063.8
2015-09-05,5,7,21410.2
2015-09-05,6,7,21684.5
2015-09-05,7,7,22046.6
2015-09-05,8,7,21941.2
2015-09-05,9,7,23715.3
2015-09-05,10,7,25179.0
2015-09-05,11,7,26575.0
2015-09-05,12,7,27953.3
2015-09-05,13,7,28740.6
2015-09-05,14,7,29492.8
2015-09-05,15,7,29578.3
2015-09-05,16,7,30297.5
2015-09-05,17,7,30215.9
2015-09-05,18,7,29920.1
2015-09-05,19,7,29509.8
2015-09-05,20,7,30415.7
2015-09-05,21,7,30306.6
2015-09-05,22,7,29881.0
2015-09-05,23,7,28137.0
2015-09-05,24,7,26153.5
2015-09-06,1,7,23573.1
2015-09-06,2,7,22087.1
2015-09-06,3,7,21271.4
2015-09-06,4,7,19469.1
2015-09-06,5,7,18446.4
2015-09-06,6,7,19136.6
2015-09-06,7,7,19443.2
2015-09-06,8,7,19356.1
2015-09-06,9,7,21146.9
2015-09-06,10,7,22744.5
2015-09-06,11,7,24481.2
2015-09-06,12,7,26139.7
2015-09-06,13,7,27584.8
2015-09-06,14,7,28985.0
2015-09-06,15,7,29478.2
2015-09-06,16,7,29865.4
2015-09-06,17,7,29893.7
2015-09-06,18,7,29430.8
2015-09-06,19,7,28836.9
2015-09-06,20,7,29593.7
2015-09-06,21,7,29601.6
2015-09-06,22,7,28789.5
2015-09-06,23,7,27184.4
2015-09-06,24,7,25221.4
2015-09-07,1,7,23516.5
2015-09-07,2,7,21548.7
2015-09-07,3,7,20746.0
2015-09-07,4,7,19860.2
2015-09-07,5,7,19715.6
2015-09-07,6,7,20094.5
2015-09-07,7,7,21007.5
2015-09-07,8,7,21834.4
2015-09-07,9,7,24088.5
2015-09-07,10,7,26451.1
2015-09-07,11,7,28857.0
2015-09-07,12,7,30066.0
2015-09-07,13,7,31483.0
2015-09-07,14,7,32314.8
2015-09-07,15,7,32938.2
2015-09-07,16,7,33558.6
2015-09-07,17,7,33770.2
2015-09-07,18,7,33607.7
2015-09-07,19,7,33064.7
2015-09-07,20,7,34758.2
2015-09-07,21,7,35458.8
2015-09-07,22,7,34559.2
2015-09-07,23,7,32427.5
2015-09-07,24,7,28882.7
2015-09-08,1,7,26874.8
2015-09-08,2,7,25430.9
2015-09-08,3,7,24625.2
2015-09-08,4,7,23781.1
2015-09-08,5,7,23744.5
2015-09-08,6,7,25342.2
2015-09-08,7,7,28299.6
2015-09-08,8,7,32220.2
2015-09-08,9,7,34866.6
2015-09-08,10,7,37131.9
2015-09-08,11,7,40109.8
2015-09-08,12,7,40097.0
2015-09-08,13,7,40572.3
2015-09-08,14,7,41806.9
2015-09-08,15,7,42417.2
2015-09-08,16,7,41761.4
2015-09-08,17,7,41207.7
2015-09-08,18,7,40503.3
2015-09-08,19,7,39664.7
2015-09-08,20,7,42743.4
2015-09-08,21,7,43113.6
2015-09-08,22,7,40798.4
2015-09-08,23,7,36811.3
2015-09-08,24,7,32729.5
2015-09-09,1,7,30273.0
2015-09-09,2,7,28747.4
2015-09-09,3,7,27559.7
2015-09-09,4,7,26657.0
2015-09-09,5,7,26479.3
2015-09-09,6,7,27380.9
2015-09-09,7,7,30228.4
2015-09-09,8,7,33887.9
2015-09-09,9,7,37006.5
2015-09-09,10,7,39999.9
2015-09-09,11,7,42185.0
2015-09-09,12,7,40782.4
2015-09-09,13,7,41334.1
2015-09-09,14,7,42426.2
2015-09-09,15,7,43251.5
2015-09-09,16,7,40409.6
2015-09-09,17,7,37068.0
2015-09-09,18,7,36497.4
2015-09-09,19,7,36966.7
2015-09-09,20,7,40889.6
2015-09-09,21,7,41749.2
2015-09-09,22,7,39332.8
2015-09-09,23,7,36238.0
2015-09-09,24,7,31904.3
2015-09-10,1,7,29062.0
2015-09-10,2,7,27377.4
2015-09-10,3,7,25878.3
2015-09-10,4,7,25398.1
2015-09-10,5,7,25782.5
2015-09-10,6,7,26761.3
2015-09-10,7,7,29430.9
2015-09-10,8,7,32972.5
2015-09-10,9,7,35603.9
2015-09-10,10,7,37933.4
2015-09-10,11,7,40537.7
2015-09-10,12,7,40798.5
2015-09-10,13,7,40914.6
2015-09-10,14,7,42649.8
2015-09-10,15,7,42674.8
2015-09-10,16,7,41350.5
2015-09-10,17,7,40783.9
2015-09-10,18,7,39762.1
2015-09-10,19,7,38863.7
2015-09-10,20,7,42084.8
2015-09-10,21,7,41706.1
2015-09-10,22,7,39456.4
2015-09-10,23,7,36046.9
2015-09-10,24,7,32278.0
2015-09-11,1,7,30077.5
2015-09-11,2,7,28297.1
2015-09-11,3,7,26822.3
2015-09-11,4,7,26279.1
2015-09-11,5,7,26120.5
2015-09-11,6,7,27117.1
2015-09-11,7,7,29617.7
2015-09-11,8,7,33067.2
2015-09-11,9,7,36127.7
2015-09-11,10,7,38644.4
2015-09-11,11,7,40191.6
2015-09-11,12,7,38763.0
2015-09-11,13,7,38618.0
2015-09-11,14,7,39634.4
2015-09-11,15,7,40156.1
2015-09-11,16,7,38809.3
2015-09-11,17,7,38324.8
2015-09-11,18,7,37002.1
2015-09-11,19,7,35859.1
2015-09-11,20,7,39131.5
2015-09-11,21,7,38852.8
2015-09-11,22,7,37024.8
2015-09-11,23,7,34138.5
2015-09-11,24,7,31177.7
2015-09-12,1,7,28861.6
2015-09-12,2,7,26895.6
2015-09-12,3,7,25643.8
2015-09-12,4,7,25564.6
2015-09-12,5,7,24942.4
2015-09-12,6,7,25430.0
2015-09-12,7,7,26316.3
2015-09-12,8,7,26804.5
2015-09-12,9,7,29041.7
2015-09-12,10,7,30371.0
2015-09-12,11,7,31629.6
2015-09-12,12,7,32512.2
2015-09-12,13,7,34184.2
2015-09-12,14,7,35247.1
2015-09-12,15,7,36261.3
2015-09-12,16,7,37458.5
2015-09-12,17,7,36074.3
2015-09-12,18,7,35566.2
2015-09-12,19,7,34851.7
2015-09-12,20,7,35571.6
2015-09-12,21,7,35418.0
2015-09-12,22,7,34567.6
2015-09-12,23,7,32382.2
2015-09-12,24,7,29744.8
2015-09-13,1,7,27076.6
2015-09-13,2,7,25185.2
2015-09-13,3,7,24127.3
2015-09-13,4,7,23652.5
2015-09-13,5,7,22089.7
2015-09-13,6,7,21995.5
2015-09-13,7,7,22488.1
2015-09-13,8,7,22521.0
2015-09-13,9,7,24728.8
2015-09-13,10,7,26746.1
2015-09-13,11,7,29604.5
2015-09-13,12,7,31713.8
2015-09-13,13,7,32787.2
2015-09-13,14,7,33595.8
2015-09-13,15,7,34106.1
2015-09-13,16,7,34893.3
2015-09-13,17,7,34713.2
2015-09-13,18,7,34730.2
2015-09-13,19,7,33756.8
2015-09-13,20,7,34441.5
2015-09-13,21,7,33902.3
2015-09-13,22,7,32752.1
2015-09-13,23,7,30142.5
2015-09-13,24,7,26957.7
2015-09-14,1,7,24921.3
2015-09-14,2,7,23594.4
2015-09-14,3,7,22710.2
2015-09-14,4,7,22433.3
2015-09-14,5,7,22658.4
2015-09-14,6,7,25211.1
2015-09-14,7,7,28880.6
2015-09-14,8,7,32970.9
2015-09-14,9,7,34837.3
2015-09-14,10,7,36239.9
2015-09-14,11,7,37453.3
2015-09-14,12,7,36368.3
2015-09-14,13,7,35855.8
2015-09-14,14,7,37158.2
2015-09-14,15,7,37304.3
2015-09-14,16,7,36807.6
2015-09-14,17,7,36100.7
2015-09-14,18,7,35785.8
2015-09-14,19,7,35086.3
2015-09-14,20,7,38913.7
2015-09-14,21,7,39261.6
2015-09-14,22,7,37685.7
2015-09-14,23,7,34493.2
2015-09-14,24,7,30767.1
2015-09-15,1,7,28636.5
2015-09-15,2,7,27180.4
2015-09-15,3,7,26243.6
2015-09-15,4,7,25818.9
2015-09-15,5,7,25900.9
2015-09-15,6,7,26435.2
2015-09-15,7,7,29208.2
2015-09-15,8,7,32437.8
2015-09-15,9,7,35082.9
2015-09-15,10,7,35632.1
2015-09-15,11,7,36795.2
2015-09-15,12,7,34907.3
2015-09-15,13,7,34963.1
2015-09-15,14,7,35059.3
2015-09-15,15,7,35658.5
2015-09-15,16,7,34469.9
2015-09-15,17,7,32657.9
2015-09-15,18,7,31709.8
2015-09-15,19,7,32007.7
2015-09-15,20,7,35166.7
2015-09-15,21,7,35043.4
2015-09-15,22,7,32409.3
2015-09-15,23,7,29218.8
2015-09-15,24,7,26113.0
2015-09-16,1,7,24139.6
2015-09-16,2,7,22735.2
2015-09-16,3,7,22020.4
2015-09-16,4,7,21759.3
2015-09-16,5,7,22023.2
2015-09-16,6,7,23305.1
2015-09-16,7,7,26233.4
2015-09-16,8,7,28757.5
2015-09-16,9,7,30584.5
2015-09-16,10,7,33066.5
2015-09-16,11,7,32572.3
2015-09-16,12,7,31962.5
2015-09-16,13,7,31078.2
2015-09-16,14,7,31677.4
2015-09-16,15,7,32083.0
2015-09-16,16,7,31541.5
2015-09-16,17,7,31092.8
2015-09-16,18,7,31040.9
2015-09-16,19,7,31018.9
2015-09-16,20,7,33276.5
2015-09-16,21,7,32691.1
2015-09-16,22,7,30886.3
2015-09-16,23,7,27914.9
2015-09-16,24,7,24922.2
2015-09-17,1,7,22871.2
2015-09-17,2,7,21861.4
2015-09-17,3,7,21107.6
2015-09-17,4,7,20791.8
2015-09-17,5,7,21004.4
2015-09-17,6,7,22075.3
2015-09-17,7,7,24797.2
2015-09-17,8,7,27056.5
2015-09-17,9,7,29148.4
2015-09-17,10,7,30910.7
2015-09-17,11,7,32344.5
2015-09-17,12,7,31669.7
2015-09-17,13,7,31470.6
2015-09-17,14,7,32441.9
2015-09-17,15,7,32715.9
2015-09-17,16,7,32481.2
2015-09-17,17,7,31981.4
2015-09-17,18,7,31434.1
2015-09-17,19,7,31219.2
2015-09-17,20,7,33779.0
2015-09-17,21,7,33050.5
2015-09-17,22,7,31256.5
2015-09-17,23,7,28374.1
2015-09-17,24,7,24794.9
2015-09-18,1,7,22844.7
2015-09-18,2,7,21605.7
2015-09-18,3,7,20785.7
2015-09-18,4,7,20460.0
2015-09-18,5,7,20591.0
2015-09-18,6,7,21884.1
2015-09-18,7,7,24629.7
2015-09-18,8,7,27076.1
2015-09-18,9,7,30098.9
2015-09-18,10,7,31823.6
2015-09-18,11,7,32798.8
2015-09-18,12,7,31662.4
2015-09-18,13,7,32193.0
2015-09-18,14,7,33036.1
2015-09-18,15,7,34161.1
2015-09-18,16,7,33850.4
2015-09-18,17,7,33047.1
2015-09-18,18,7,32227.0
2015-09-18,19,7,32156.5
2015-09-18,20,7,35587.5
2015-09-18,21,7,35353.6
2015-09-18,22,7,33653.3
2015-09-18,23,7,30808.8
2015-09-18,24,7,27603.6
2015-09-19,1,7,25486.2
2015-09-19,2,7,24020.7
2015-09-19,3,7,23105.7
2015-09-19,4,7,22605.8
2015-09-19,5,7,22214.7
2015-09-19,6,7,22319.4
2015-09-19,7,7,23203.3
2015-09-19,8,7,23551.7
2015-09-19,9,7,25558.3
2015-09-19,10,7,27096.9
2015-09-19,11,7,28956.0
2015-09-19,12,7,30911.0
2015-09-19,13,7,32166.3
2015-09-19,14,7,33212.5
2015-09-19,15,7,33214.6
2015-09-19,16,7,33405.3
2015-09-19,17,7,33330.1
2015-09-19,18,7,33094.3
2015-09-19,19,7,31845.5
2015-09-19,20,7,32542.1
2015-09-19,21,7,31622.5
2015-09-19,22,7,30052.1
2015-09-19,23,7,27895.3
2015-09-19,24,7,25495.0
2015-09-20,1,7,23108.1
2015-09-20,2,7,21653.9
2015-09-20,3,7,20277.9
2015-09-20,4,7,19229.2
2015-09-20,5,7,18912.0
2015-09-20,6,7,19162.1
2015-09-20,7,7,20100.0
2015-09-20,8,7,20107.1
2015-09-20,9,7,22382.8
2015-09-20,10,7,24390.9
2015-09-20,11,7,27562.5
2015-09-20,12,7,30839.0
2015-09-20,13,7,32848.5
2015-09-20,14,7,34993.6
2015-09-20,15,7,36542.5
2015-09-20,16,7,37386.8
2015-09-20,17,7,37415.0
2015-09-20,18,7,36689.8
2015-09-20,19,7,35725.3
2015-09-20,20,7,36524.5
2015-09-20,21,7,35642.5
2015-09-20,22,7,33834.8
2015-09-20,23,7,30936.0
2015-09-20,24,7,28598.9
2015-09-21,1,7,26341.8
2015-09-21,2,7,24717.2
2015-09-21,3,7,23580.5
2015-09-21,4,7,22827.7
2015-09-21,5,7,23125.1
2015-09-21,6,7,25900.1
2015-09-21,7,7,29460.2
2015-09-21,8,7,32457.0
2015-09-21,9,7,35812.7
2015-09-21,10,7,38544.6
2015-09-21,11,7,39271.2
2015-09-21,12,7,37491.7
2015-09-21,13,7,36594.5
2015-09-21,14,7,36211.7
2015-09-21,15,7,35867.1
2015-09-21,16,7,34565.5
2015-09-21,17,7,33140.0
2015-09-21,18,7,31860.9
2015-09-21,19,7,31952.8
2015-09-21,20,7,36012.6
2015-09-21,21,7,36153.9
2015-09-21,22,7,34353.8
2015-09-21,23,7,31321.2
2015-09-21,24,7,28119.7
2015-09-22,1,7,26035.9
2015-09-22,2,7,24691.0
2015-09-22,3,7,23619.9
2015-09-22,4,7,23373.0
2015-09-22,5,7,23626.4
2015-09-22,6,7,24987.1
2015-09-22,7,7,27944.7
2015-09-22,8,7,30619.9
2015-09-22,9,7,32939.9
2015-09-22,10,7,34856.5
2015-09-22,11,7,35961.6
2015-09-22,12,7,34143.3
2015-09-22,13,7,34224.1
2015-09-22,14,7,35210.7
2015-09-22,15,7,35400.5
2015-09-22,16,7,35007.3
2015-09-22,17,7,34470.5
2015-09-22,18,7,33371.0
2015-09-22,19,7,33064.3
2015-09-22,20,7,36627.8
2015-09-22,21,7,36321.1
2015-09-22,22,7,34465.6
2015-09-22,23,7,31826.0
2015-09-22,24,7,28570.7
2015-09-23,1,7,26080.4
2015-09-23,2,7,24641.8
2015-09-23,3,7,23400.5
2015-09-23,4,7,23283.9
2015-09-23,5,7,23692.1
2015-09-23,6,7,24506.3
2015-09-23,7,7,27850.4
2015-09-23,8,7,30172.2
2015-09-23,9,7,33005.8
2015-09-23,10,7,34548.0
2015-09-23,11,7,35636.2
2015-09-23,12,7,33507.8
2015-09-23,13,7,34195.4
2015-09-23,14,7,35505.6
2015-09-23,15,7,36061.6
2015-09-23,16,7,35581.9
2015-09-23,17,7,34782.5
2015-09-23,18,7,34434.2
2015-09-23,19,7,34385.9
2015-09-23,20,7,38384.2
2015-09-23,21,7,37824.9
2015-09-23,22,7,36267.7
2015-09-23,23,7,33257.1
2015-09-23,24,7,29670.8
2015-09-24,1,7,27249.0
2015-09-24,2,7,25831.4
2015-09-24,3,7,24954.1
2015-09-24,4,7,24047.2
2015-09-24,5,7,24351.4
2015-09-24,6,7,25458.5
2015-09-24,7,7,28077.4
2015-09-24,8,7,30699.5
2015-09-24,9,7,33505.8
2015-09-24,10,7,35310.5
2015-09-24,11,7,36807.0
2015-09-24,12,7,35497.7
2015-09-24,13,7,36406.5
2015-09-24,14,7,37310.0
2015-09-24,15,7,37616.3
2015-09-24,16,7,37775.2
2015-09-24,17,7,37453.7
2015-09-24,18,7,35994.7
2015-09-24,19,7,35192.9
2015-09-24,20,7,37828.7
2015-09-24,21,7,37982.2
2015-09-24,22,7,36040.7
2015-09-24,23,7,32941.4
2015-09-24,24,7,29487.3
2015-09-25,1,7,27239.8
2015-09-25,2,7,25729.1
2015-09-25,3,7,24543.0
2015-09-25,4,7,24080.4
2015-09-25,5,7,24281.9
2015-09-25,6,7,25220.4
2015-09-25,7,7,28112.0
2015-09-25,8,7,30548.8
2015-09-25,9,7,33544.1
2015-09-25,10,7,36202.6
2015-09-25,11,7,37832.1
2015-09-25,12,7,36050.9
2015-09-25,13,7,37229.8
2015-09-25,14,7,38542.8
2015-09-25,15,7,38737.4
2015-09-25,16,7,38150.9
2015-09-25,17,7,37417.4
2015-09-25,18,7,35890.0
2015-09-25,19,7,35556.3
2015-09-25,20,7,39157.6
2015-09-25,21,7,38543.3
2015-09-25,22,7,36563.7
2015-09-25,23,7,34119.7
2015-09-25,24,7,31053.5
2015-09-26,1,7,28385.5
2015-09-26,2,7,26948.6
2015-09-26,3,7,25763.5
2015-09-26,4,7,24951.6
2015-09-26,5,7,24307.0
2015-09-26,6,7,24773.4
2015-09-26,7,7,25971.3
2015-09-26,8,7,26474.9
2015-09-26,9,7,28645.4
2015-09-26,10,7,30408.5
2015-09-26,11,7,32246.5
2015-09-26,12,7,34500.6
2015-09-26,13,7,36534.7
2015-09-26,14,7,37580.5
2015-09-26,15,7,37282.3
2015-09-26,16,7,37373.0
2015-09-26,17,7,37251.4
2015-09-26,18,7,36247.6
2015-09-26,19,7,35493.7
2015-09-26,20,7,35510.6
2015-09-26,21,7,33753.2
2015-09-26,22,7,31940.9
2015-09-26,23,7,28954.9
2015-09-26,24,7,26590.8
2015-09-27,1,7,24187.0
2015-09-27,2,7,22339.3
2015-09-27,3,7,21094.1
2015-09-27,4,7,20764.6
2015-09-27,5,7,20358.6
2015-09-27,6,7,20825.0
2015-09-27,7,7,21643.3
2015-09-27,8,7,22088.0
2015-09-27,9,7,23778.0
2015-09-27,10,7,25233.6
2015-09-27,11,7,27685.5
2015-09-27,12,7,30396.7
2015-09-27,13,7,31269.5
2015-09-27,14,7,32142.5
2015-09-27,15,7,31938.0
2015-09-27,16,7,32119.1
2015-09-27,17,7,32059.1
2015-09-27,18,7,31813.6
2015-09-27,19,7,31315.4
2015-09-27,20,7,32500.7
2015-09-27,21,7,31830.9
2015-09-27,22,7,30558.0
2015-09-27,23,7,27736.2
2015-09-27,24,7,24877.1
2015-09-28,1,7,23365.7
2015-09-28,2,7,21914.3
2015-09-28,3,7,21353.0
2015-09-28,4,7,21091.0
2015-09-28,5,7,21240.6
2015-09-28,6,7,22866.8
2015-09-28,7,7,27051.8
2015-09-28,8,7,30425.1
2015-09-28,9,7,33044.8
2015-09-28,10,7,34638.5
2015-09-28,11,7,36749.7
2015-09-28,12,7,35739.5
2015-09-28,13,7,36161.5
2015-09-28,14,7,37172.2
2015-09-28,15,7,37129.8
2015-09-28,16,7,36604.6
2015-09-28,17,7,36068.3
2015-09-28,18,7,34891.3
2015-09-28,19,7,34408.6
2015-09-28,20,7,38381.2
2015-09-28,21,7,37586.5
2015-09-28,22,7,35486.3
2015-09-28,23,7,32707.5
2015-09-28,24,7,29131.3
2015-09-29,1,7,26168.2
2015-09-29,2,7,24859.6
2015-09-29,3,7,24171.7
2015-09-29,4,7,23400.3
2015-09-29,5,7,23694.6
2015-09-29,6,7,24788.3
2015-09-29,7,7,26990.9
2015-09-29,8,7,30067.8
2015-09-29,9,7,31970.0
2015-09-29,10,7,33763.4
2015-09-29,11,7,34450.9
2015-09-29,12,7,32926.7
2015-09-29,13,7,33452.1
2015-09-29,14,7,34872.7
2015-09-29,15,7,34983.0
2015-09-29,16,7,34429.0
2015-09-29,17,7,34062.4
2015-09-29,18,7,33243.1
2015-09-29,19,7,32880.2
2015-09-29,20,7,36728.5
2015-09-29,21,7,35917.9
2015-09-29,22,7,33955.6
2015-09-29,23,7,31028.5
2015-09-29,24,7,28064.8
2015-09-30,1,7,25879.5
2015-09-30,2,7,24623.8
2015-09-30,3,7,23367.9
2015-09-30,4,7,22782.1
2015-09-30,5,7,22997.3
2015-09-30,6,7,24078.1
2015-09-30,7,7,26951.3
2015-09-30,8,7,29095.4
2015-09-30,9,7,31739.5
2015-09-30,10,7,33808.3
2015-09-30,11,7,35586.2
2015-09-30,12,7,34465.7
2015-09-30,13,7,34519.3
2015-09-30,14,7,35397.1
2015-09-30,15,7,36050.1
2015-09-30,16,7,35714.3
2015-09-30,17,7,34926.1
2015-09-30,18,7,34090.0
2015-09-30,19,7,33559.3
2015-09-30,20,7,37122.7
2015-09-30,21,7,36266.0
2015-09-30,22,7,34555.6
2015-09-30,23,7,31830.6
2015-09-30,24,7,28648.7
2015-10-01,1,7,26544.3
2015-10-01,2,7,24790.2
2015-10-01,3,7,23253.8
2015-10-01,4,7,22942.1
2015-10-01,5,7,23097.0
2015-10-01,6,7,24429.6
2015-10-01,7,7,27197.2
2015-10-01,8,7,29279.6
2015-10-01,9,7,31742.2
2015-10-01,10,7,33112.4
2015-10-01,11,7,34118.4
2015-10-01,12,7,35498.7
2015-10-01,13,7,36118.0
2015-10-01,14,7,37420.8
2015-10-01,15,7,37396.7
2015-10-01,16,7,36867.5
2015-10-01,17,7,35871.3
2015-10-01,18,7,34730.7
2015-10-01,19,7,34208.8
2015-10-01,20,7,35717.5
2015-10-01,21,7,34642.8
2015-10-01,22,7,32464.0
2015-10-01,23,7,29678.9
2015-10-01,24,7,26884.6
2015-10-02,1,7,24714.9
2015-10-02,2,7,23474.7
2015-10-02,3,7,22321.9
2015-10-02,4,7,21925.4
2015-10-02,5,7,21882.9
2015-10-02,6,7,23220.4
2015-10-02,7,7,26083.8
2015-10-02,8,7,29074.2
2015-10-02,9,7,31384.7
2015-10-02,10,7,32786.5
2015-10-02,11,7,33795.5
2015-10-02,12,7,34849.3
2015-10-02,13,7,34817.3
2015-10-02,14,7,35428.3
2015-10-02,15,7,35374.3
2015-10-02,16,7,35191.6
2015-10-02,17,7,35090.9
2015-10-02,18,7,33877.8
2015-10-02,19,7,33143.5
2015-10-02,20,7,33642.5
2015-10-02,21,7,32557.2
2015-10-02,22,7,31441.6
2015-10-02,23,7,28789.4
2015-10-02,24,7,25465.4
2015-10-03,1,7,23384.0
2015-10-03,2,7,21954.6
2015-10-03,3,7,20445.4
2015-10-03,4,7,19962.7
2015-10-03,5,7,19736.1
2015-10-03,6,7,20088.9
2015-10-03,7,7,21099.5
2015-10-03,8,7,21579.3
2015-10-03,9,7,23565.0
2015-10-03,10,7,25789.9
2015-10-03,11,7,27179.8
2015-10-03,12,7,28490.0
2015-10-03,13,7,29239.8
2015-10-03,14,7,29447.4
2015-10-03,15,7,29300.2
2015-10-03,16,7,29362.7
2015-10-03,17,7,29291.5
2015-10-03,18,7,29079.0
2015-10-03,19,7,28876.6
2015-10-03,20,7,29929.0
2015-10-03,21,7,29068.0
2015-10-03,22,7,27527.0
2015-10-03,23,7,25510.2
2015-10-03,24,7,23425.6
2015-10-04,1,7,21658.5
2015-10-04,2,7,20404.5
2015-10-04,3,7,19665.9
2015-10-04,4,7,19416.4
2015-10-04,5,7,19285.5
2015-10-04,6,7,19518.6
2015-10-04,7,7,20299.9
2015-10-04,8,7,20213.6
2015-10-04,9,7,21437.9
2015-10-04,10,7,22316.9
2015-10-04,11,7,23610.9
2015-10-04,12,7,24469.2
2015-10-04,13,7,24500.4
2015-10-04,14,7,24479.0
2015-10-04,15,7,24885.0
2015-10-04,16,7,25081.9
2015-10-04,17,7,25358.4
2015-10-04,18,7,25733.1
2015-10-04,19,7,26576.2
2015-10-04,20,7,28504.7
2015-10-04,21,7,28228.4
2015-10-04,22,7,26896.8
2015-10-04,23,7,24195.8
2015-10-04,24,7,21560.6
2015-10-05,1,7,19969.1
2015-10-05,2,7,19078.8
2015-10-05,3,7,18552.7
2015-10-05,4,7,18347.6
2015-10-05,5,7,18577.6
2015-10-05,6,7,20442.9
2015-10-05,7,7,23948.4
2015-10-05,8,7,26036.7
2015-10-05,9,7,27772.6
2015-10-05,10,7,29148.2
2015-10-05,11,7,30240.8
2015-10-05,12,7,31386.4
2015-10-05,13,7,30936.3
2015-10-05,14,7,31341.5
2015-10-05,15,7,31065.8
2015-10-05,16,7,30945.3
2015-10-05,17,7,30389.1
2015-10-05,18,7,29800.0
2015-10-05,19,7,30665.6
2015-10-05,20,7,32089.8
2015-10-05,21,7,31539.1
2015-10-05,22,7,29526.7
2015-10-05,23,7,26751.5
2015-10-05,24,7,23147.1
2015-10-06,1,7,20762.8
2015-10-06,2,7,19881.6
2015-10-06,3,7,19067.9
2015-10-06,4,7,18558.7
2015-10-06,5,7,19020.2
2015-10-06,6,7,20504.0
2015-10-06,7,7,23457.1
2015-10-06,8,7,25038.3
2015-10-06,9,7,27123.1
2015-10-06,10,7,28545.4
2015-10-06,11,7,30204.0
2015-10-06,12,7,30930.5
2015-10-06,13,7,31268.7
2015-10-06,14,7,31851.7
2015-10-06,15,7,32163.3
2015-10-06,16,7,31796.8
2015-10-06,17,7,31088.4
2015-10-06,18,7,30505.8
2015-10-06,19,7,30674.2
2015-10-06,20,7,32706.9
2015-10-06,21,7,31685.9
2015-10-06,22,7,29596.2
2015-10-06,23,7,26590.4
2015-10-06,24,7,23976.0
2015-10-07,1,7,22228.0
2015-10-07,2,7,21519.8
2015-10-07,3,7,20761.4
2015-10-07,4,7,20304.8
2015-10-07,5,7,20226.5
2015-10-07,6,7,21426.0
2015-10-07,7,7,24679.1
2015-10-07,8,7,26114.0
2015-10-07,9,7,28219.9
2015-10-07,10,7,29721.5
2015-10-07,11,7,31442.9
2015-10-07,12,7,32243.4
2015-10-07,13,7,32995.9
2015-10-07,14,7,33550.4
2015-10-07,15,7,34464.2
2015-10-07,16,7,34100.3
2015-10-07,17,7,33526.2
2015-10-07,18,7,32799.5
2015-10-07,19,7,32755.9
2015-10-07,20,7,33766.6
2015-10-07,21,7,33130.5
2015-10-07,22,7,31505.6
2015-10-07,23,7,28708.6
2015-10-07,24,7,25473.1
2015-10-08,1,7,23367.8
2015-10-08,2,7,22212.0
2015-10-08,3,7,20951.4
2015-10-08,4,7,20726.4
2015-10-08,5,7,20923.8
2015-10-08,6,7,21999.8
2015-10-08,7,7,24763.4
2015-10-08,8,7,26830.7
2015-10-08,9,7,29263.0
2015-10-08,10,7,30864.8
2015-10-08,11,7,33004.4
2015-10-08,12,7,34334.3
2015-10-08,13,7,35260.5
2015-10-08,14,7,36714.9
2015-10-08,15,7,37075.7
2015-10-08,16,7,37160.1
2015-10-08,17,7,36934.6
2015-10-08,18,7,35905.7
2015-10-08,19,7,35773.4
2015-10-08,20,7,36312.3
2015-10-08,21,7,35265.6
2015-10-08,22,7,32952.9
2015-10-08,23,7,30056.7
2015-10-08,24,7,27154.0
2015-10-09,1,7,24791.1
2015-10-09,2,7,23156.2
2015-10-09,3,7,21802.4
2015-10-09,4,7,21526.5
2015-10-09,5,7,21683.6
2015-10-09,6,7,22794.1
2015-10-09,7,7,25844.7
2015-10-09,8,7,27973.5
2015-10-09,9,7,30963.9
2015-10-09,10,7,33025.9
2015-10-09,11,7,35099.6
2015-10-09,12,7,38589.8
2015-10-09,13,7,39927.3
2015-10-09,14,7,41412.6
2015-10-09,15,7,42712.3
2015-10-09,16,7,42624.6
2015-10-09,17,7,42170.2
2015-10-09,18,7,40992.4
2015-10-09,19,7,39934.9
2015-10-09,20,7,39222.7
2015-10-09,21,7,37379.1
2015-10-09,22,7,35401.1
2015-10-09,23,7,32561.2
2015-10-09,24,7,29216.3
2015-10-10,1,7,26522.2
2015-10-10,2,7,24295.5
2015-10-10,3,7,22961.2
2015-10-10,4,7,22650.0
2015-10-10,5,7,22063.1
2015-10-10,6,7,22148.2
2015-10-10,7,7,22714.4
2015-10-10,8,7,23182.4
2015-10-10,9,7,25909.9
2015-10-10,10,7,28976.9
2015-10-10,11,7,32014.0
2015-10-10,12,7,34727.4
2015-10-10,13,7,36545.0
2015-10-10,14,7,37916.1
2015-10-10,15,7,38211.3
2015-10-10,16,7,38287.8
2015-10-10,17,7,37828.7
2015-10-10,18,7,37119.0
2015-10-10,19,7,36681.1
2015-10-10,20,7,36453.9
2015-10-10,21,7,34822.0
2015-10-10,22,7,33159.8
2015-10-10,23,7,30656.2
2015-10-10,24,7,28125.2
2015-10-11,1,7,25662.5
2015-10-11,2,7,24104.6
2015-10-11,3,7,22665.0
2015-10-11,4,7,21833.8
2015-10-11,5,7,21500.2
2015-10-11,6,7,21956.9
2015-10-11,7,7,22234.0
2015-10-11,8,7,22457.1
2015-10-11,9,7,24367.8
2015-10-11,10,7,27416.8
2015-10-11,11,7,29743.3
2015-10-11,12,7,32658.4
2015-10-11,13,7,34765.9
2015-10-11,14,7,35609.6
2015-10-11,15,7,36564.7
2015-10-11,16,7,36930.8
2015-10-11,17,7,37007.5
2015-10-11,18,7,36431.5
2015-10-11,19,7,36563.6
2015-10-11,20,7,37099.7
2015-10-11,21,7,36021.0
2015-10-11,22,7,33675.6
2015-10-11,23,7,31078.8
2015-10-11,24,7,27820.8
2015-10-12,1,7,25562.5
2015-10-12,2,7,23856.2
2015-10-12,3,7,22659.5
2015-10-12,4,7,22244.0
2015-10-12,5,7,22184.9
2015-10-12,6,7,24066.5
2015-10-12,7,7,27650.7
2015-10-12,8,7,30612.4
2015-10-12,9,7,33531.4
2015-10-12,10,7,36202.4
2015-10-12,11,7,38345.5
2015-10-12,12,7,39843.2
2015-10-12,13,7,40538.3
2015-10-12,14,7,41495.4
2015-10-12,15,7,41843.8
2015-10-12,16,7,41197.9
2015-10-12,17,7,39811.2
2015-10-12,18,7,38714.8
2015-10-12,19,7,39543.4
2015-10-12,20,7,40476.0
2015-10-12,21,7,39438.3
2015-10-12,22,7,37314.5
2015-10-12,23,7,34230.0
2015-10-12,24,7,30568.9
2015-10-13,1,7,28095.5
2015-10-13,2,7,26794.4
2015-10-13,3,7,25416.2
2015-10-13,4,7,25079.7
2015-10-13,5,7,25138.4
2015-10-13,6,7,26359.3
2015-10-13,7,7,29579.4
2015-10-13,8,7,32124.9
2015-10-13,9,7,35046.0
2015-10-13,10,7,36500.0
2015-10-13,11,7,38446.9
2015-10-13,12,7,39159.8
2015-10-13,13,7,39930.2
2015-10-13,14,7,41292.8
2015-10-13,15,7,41593.5
2015-10-13,16,7,41084.4
2015-10-13,17,7,40320.5
2015-10-13,18,7,39019.4
2015-10-13,19,7,39288.3
2015-10-13,20,7,40041.2
2015-10-13,21,7,38638.9
2015-10-13,22,7,36595.1
2015-10-13,23,7,33083.3
2015-10-13,24,7,29750.0
2015-10-14,1,7,27413.0
2015-10-14,2,7,25801.2
2015-10-14,3,7,24489.8
2015-10-14,4,7,23780.2
2015-10-14,5,7,23880.0
2015-10-14,6,7,25137.4
2015-10-14,7,7,29028.1
2015-10-14,8,7,31669.1
2015-10-14,9,7,34756.3
2015-10-14,10,7,36344.3
2015-10-14,11,7,37801.9
2015-10-14,12,7,38102.5
2015-10-14,13,7,39132.7
2015-10-14,14,7,39828.7
2015-10-14,15,7,39819.9
2015-10-14,16,7,38963.7
2015-10-14,17,7,38898.4
2015-10-14,18,7,37827.0
2015-10-14,19,7,38007.8
2015-10-14,20,7,38735.9
2015-10-14,21,7,37347.6
2015-10-14,22,7,34795.8
2015-10-14,23,7,31718.9
2015-10-14,24,7,28563.3
2015-10-15,1,7,26445.6
2015-10-15,2,7,25065.0
2015-10-15,3,7,23878.5
2015-10-15,4,7,23166.8
2015-10-15,5,7,23394.4
2015-10-15,6,7,24691.6
2015-10-15,7,7,28193.8
2015-10-15,8,7,31423.6
2015-10-15,9,7,33445.7
2015-10-15,10,7,34347.8
2015-10-15,11,7,35341.7
2015-10-15,12,7,35775.3
2015-10-15,13,7,35227.6
2015-10-15,14,7,36435.5
2015-10-15,15,7,36206.7
2015-10-15,16,7,35715.1
2015-10-15,17,7,34884.3
2015-10-15,18,7,33612.0
2015-10-15,19,7,34132.5
2015-10-15,20,7,34821.7
2015-10-15,21,7,33828.2
2015-10-15,22,7,32416.8
2015-10-15,23,7,30250.1
2015-10-15,24,7,26558.6
2015-10-16,1,7,24083.4
2015-10-16,2,7,23011.8
2015-10-16,3,7,21971.9
2015-10-16,4,7,21722.0
2015-10-16,5,7,22208.2
2015-10-16,6,7,23649.2
2015-10-16,7,7,27169.2
2015-10-16,8,7,29788.4
2015-10-16,9,7,31940.9
2015-10-16,10,7,32668.2
2015-10-16,11,7,33337.8
2015-10-16,12,7,33946.5
2015-10-16,13,7,34044.6
2015-10-16,14,7,34535.4
2015-10-16,15,7,35061.8
2015-10-16,16,7,33957.9
2015-10-16,17,7,32918.1
2015-10-16,18,7,31923.0
2015-10-16,19,7,32297.4
2015-10-16,20,7,32617.1
2015-10-16,21,7,31752.5
2015-10-16,22,7,29669.7
2015-10-16,23,7,27313.7
2015-10-16,24,7,24677.7
2015-10-17,1,7,22679.1
2015-10-17,2,7,21596.8
2015-10-17,3,7,20798.5
2015-10-17,4,7,20481.0
2015-10-17,5,7,20521.4
2015-10-17,6,7,20921.4
2015-10-17,7,7,22227.5
2015-10-17,8,7,22789.3
2015-10-17,9,7,23946.6
2015-10-17,10,7,25882.5
2015-10-17,11,7,27165.5
2015-10-17,12,7,28624.7
2015-10-17,13,7,29123.1
2015-10-17,14,7,29675.1
2015-10-17,15,7,29794.0
2015-10-17,16,7,30166.5
2015-10-17,17,7,29923.0
2015-10-17,18,7,29446.9
2015-10-17,19,7,30147.5
2015-10-17,20,7,30105.1
2015-10-17,21,7,29201.6
2015-10-17,22,7,28155.8
2015-10-17,23,7,26354.0
2015-10-17,24,7,24218.2
2015-10-18,1,7,22163.4
2015-10-18,2,7,20913.6
2015-10-18,3,7,20255.6
2015-10-18,4,7,19762.2
2015-10-18,5,7,19619.5
2015-10-18,6,7,20053.6
2015-10-18,7,7,21004.9
2015-10-18,8,7,21123.6
2015-10-18,9,7,22544.4
2015-10-18,10,7,23720.1
2015-10-18,11,7,25056.3
2015-10-18,12,7,26571.5
2015-10-18,13,7,26658.8
2015-10-18,14,7,26733.7
2015-10-18,15,7,27019.3
2015-10-18,16,7,27401.1
2015-10-18,17,7,27556.9
2015-10-18,18,7,27556.5
2015-10-18,19,7,28874.2
2015-10-18,20,7,29286.3
2015-10-18,21,7,28932.6
2015-10-18,22,7,27674.1
2015-10-18,23,7,25004.8
2015-10-18,24,7,22223.4
2015-10-19,1,7,20361.7
2015-10-19,2,7,19345.9
2015-10-19,3,7,18888.9
2015-10-19,4,7,18757.3
2015-10-19,5,7,19167.4
2015-10-19,6,7,20398.6
2015-10-19,7,7,23759.6
2015-10-19,8,7,25790.5
2015-10-19,9,7,28270.9
2015-10-19,10,7,29812.6
2015-10-19,11,7,30961.6
2015-10-19,12,7,31181.7
2015-10-19,13,7,31257.5
2015-10-19,14,7,30865.1
2015-10-19,15,7,30809.9
2015-10-19,16,7,30644.2
2015-10-19,17,7,29846.6
2015-10-19,18,7,29336.6
2015-10-19,19,7,30957.5
2015-10-19,20,7,31826.9
2015-10-19,21,7,30965.7
2015-10-19,22,7,29266.7
2015-10-19,23,7,26693.0
2015-10-19,24,7,24251.0
2015-10-20,1,7,22874.7
2015-10-20,2,7,21857.6
2015-10-20,3,7,20789.3
2015-10-20,4,7,20166.6
2015-10-20,5,7,20069.8
2015-10-20,6,7,21653.2
2015-10-20,7,7,24908.5
2015-10-20,8,7,25894.4
2015-10-20,9,7,27710.1
2015-10-20,10,7,29107.7
2015-10-20,11,7,30590.5
2015-10-20,12,7,31394.6
2015-10-20,13,7,31557.6
2015-10-20,14,7,32356.3
2015-10-20,15,7,32511.9
2015-10-20,16,7,31950.3
2015-10-20,17,7,31585.2
2015-10-20,18,7,31350.6
2015-10-20,19,7,32468.9
2015-10-20,20,7,33452.3
2015-10-20,21,7,32384.6
2015-10-20,22,7,30700.9
2015-10-20,23,7,28298.8
2015-10-20,24,7,25337.9
2015-10-21,1,7,23493.2
2015-10-21,2,7,21957.7
2015-10-21,3,7,21292.1
2015-10-21,4,7,20528.1
2015-10-21,5,7,20669.5
2015-10-21,6,7,21871.0
2015-10-21,7,7,24848.8
2015-10-21,8,7,26340.3
2015-10-21,9,7,28366.0
2015-10-21,10,7,30109.7
2015-10-21,11,7,31611.5
2015-10-21,12,7,32012.0
2015-10-21,13,7,32261.4
2015-10-21,14,7,32997.1
2015-10-21,15,7,33370.7
2015-10-21,16,7,33351.5
2015-10-21,17,7,32850.2
2015-10-21,18,7,32152.8
2015-10-21,19,7,33406.0
2015-10-21,20,7,33996.3
2015-10-21,21,7,33041.7
2015-10-21,22,7,31465.4
2015-10-21,23,7,29013.2
2015-10-21,24,7,25941.3
2015-10-22,1,7,23594.5
2015-10-22,2,7,22200.7
2015-10-22,3,7,21540.0
2015-10-22,4,7,20792.4
2015-10-22,5,7,20962.8
2015-10-22,6,7,22076.9
2015-10-22,7,7,25448.1
2015-10-22,8,7,26943.7
2015-10-22,9,7,28890.8
2015-10-22,10,7,30362.1
2015-10-22,11,7,31806.3
2015-10-22,12,7,32458.1
2015-10-22,13,7,32530.4
2015-10-22,14,7,33402.8
2015-10-22,15,7,33647.4
2015-10-22,16,7,33392.2
2015-10-22,17,7,32377.6
2015-10-22,18,7,31343.9
2015-10-22,19,7,32296.4
2015-10-22,20,7,32837.4
2015-10-22,21,7,31834.0
2015-10-22,22,7,29941.7
2015-10-22,23,7,27719.1
2015-10-22,24,7,25000.9
2015-10-23,1,7,23076.3
2015-10-23,2,7,21830.4
2015-10-23,3,7,21205.6
2015-10-23,4,7,20887.1
2015-10-23,5,7,20620.8
2015-10-23,6,7,21868.3
2015-10-23,7,7,24856.2
2015-10-23,8,7,26892.4
2015-10-23,9,7,28672.3
2015-10-23,10,7,29287.4
2015-10-23,11,7,30566.8
2015-10-23,12,7,31248.3
2015-10-23,13,7,31641.8
2015-10-23,14,7,33139.5
2015-10-23,15,7,33306.5
2015-10-23,16,7,32850.9
2015-10-23,17,7,32639.5
2015-10-23,18,7,31925.0
2015-10-23,19,7,32822.8
2015-10-23,20,7,32307.0
2015-10-23,21,7,31197.0
2015-10-23,22,7,29502.9
2015-10-23,23,7,26903.6
2015-10-23,24,7,23495.1
2015-10-24,1,7,21679.8
2015-10-24,2,7,20160.7
2015-10-24,3,7,19343.5
2015-10-24,4,7,18667.3
2015-10-24,5,7,18744.0
2015-10-24,6,7,19168.8
2015-10-24,7,7,20701.9
2015-10-24,8,7,20393.4
2015-10-24,9,7,21793.8
2015-10-24,10,7,23859.3
2015-10-24,11,7,25761.2
2015-10-24,12,7,26785.7
2015-10-24,13,7,27377.7
2015-10-24,14,7,28201.3
2015-10-24,15,7,28572.1
2015-10-24,16,7,28841.6
2015-10-24,17,7,28781.5
2015-10-24,18,7,28354.6
2015-10-24,19,7,30110.2
2015-10-24,20,7,29408.0
2015-10-24,21,7,28140.0
2015-10-24,22,7,25895.0
2015-10-24,23,7,23832.8
2015-10-24,24,7,22441.8
2015-10-25,1,7,20364.0
2015-10-25,2,7,18728.3
2015-10-25,3,7,17846.9
2015-10-25,4,7,17517.7
2015-10-25,5,7,17539.4
2015-10-25,6,7,17727.3
2015-10-25,7,7,18475.5
2015-10-25,8,7,18850.5
2015-10-25,9,7,20495.2
2015-10-25,10,7,21802.2
2015-10-25,11,7,23349.7
2015-10-25,12,7,24350.6
2015-10-25,13,7,24681.6
2015-10-25,14,7,25014.1
2015-10-25,15,7,25580.1
2015-10-25,16,7,26369.6
2015-10-25,17,7,26915.2
2015-10-25,18,7,26972.4
2015-10-25,19,7,28855.1
2015-10-25,20,7,29588.6
2015-10-25,21,7,29198.1
2015-10-25,22,7,27935.8
2015-10-25,23,7,25467.5
2015-10-25,24,7,22821.2
2015-10-26,1,7,20235.7
2015-10-26,2,7,19080.9
2015-10-26,3,7,18439.8
2015-10-26,4,7,18224.4
2015-10-26,5,7,18543.4
2015-10-26,6,7,20312.3
2015-10-26,7,7,23482.4
2015-10-26,8,7,25133.6
2015-10-26,9,7,26552.6
2015-10-26,10,7,28289.9
2015-10-26,11,7,30749.9
2015-10-26,12,7,31851.0
2015-10-26,13,7,32762.0
2015-10-26,14,7,33977.1
2015-10-26,15,7,33737.9
2015-10-26,16,7,33198.8
2015-10-26,17,7,32545.0
2015-10-26,18,7,31782.5
2015-10-26,19,7,32236.6
2015-10-26,20,7,32683.2
2015-10-26,21,7,31807.9
2015-10-26,22,7,30376.4
2015-10-26,23,7,27514.4
2015-10-26,24,7,24419.9
2015-10-27,1,7,22081.3
2015-10-27,2,7,20862.6
2015-10-27,3,7,20017.6
2015-10-27,4,7,19267.5
2015-10-27,5,7,19827.7
2015-10-27,6,7,21412.9
2015-10-27,7,7,23733.4
2015-10-27,8,7,25385.7
2015-10-27,9,7,27000.2
2015-10-27,10,7,28597.1
2015-10-27,11,7,30153.6
2015-10-27,12,7,31406.2
2015-10-27,13,7,32068.7
2015-10-27,14,7,32373.6
2015-10-27,15,7,32739.1
2015-10-27,16,7,32027.6
2015-10-27,17,7,30857.7
2015-10-27,18,7,30234.8
2015-10-27,19,7,31691.3
2015-10-27,20,7,32086.8
2015-10-27,21,7,31270.1
2015-10-27,22,7,29790.1
2015-10-27,23,7,27252.2
2015-10-27,24,7,24384.2
2015-10-28,1,7,22373.9
2015-10-28,2,7,21237.5
2015-10-28,3,7,20587.2
2015-10-28,4,7,20299.7
2015-10-28,5,7,20633.9
2015-10-28,6,7,21549.7
2015-10-28,7,7,24348.3
2015-10-28,8,7,26141.3
2015-10-28,9,7,28409.5
2015-10-28,10,7,29608.3
2015-10-28,11,7,30454.4
2015-10-28,12,7,31078.2
2015-10-28,13,7,30954.9
2015-10-28,14,7,31313.9
2015-10-28,15,7,31317.3
2015-10-28,16,7,30621.7
2015-10-28,17,7,29709.9
2015-10-28,18,7,29200.8
2015-10-28,19,7,30975.4
2015-10-28,20,7,31870.0
2015-10-28,21,7,31056.5
2015-10-28,22,7,29270.6
2015-10-28,23,7,26869.0
2015-10-28,24,7,24011.0
2015-10-29,1,7,21908.7
2015-10-29,2,7,21095.3
2015-10-29,3,7,20472.4
2015-10-29,4,7,20155.7
2015-10-29,5,7,20046.9
2015-10-29,6,7,21188.1
2015-10-29,7,7,24240.7
2015-10-29,8,7,25764.2
2015-10-29,9,7,27536.8
2015-10-29,10,7,28625.7
2015-10-29,11,7,29671.0
2015-10-29,12,7,30241.8
2015-10-29,13,7,30475.3
2015-10-29,14,7,31648.1
2015-10-29,15,7,32337.9
2015-10-29,16,7,32131.0
2015-10-29,17,7,31230.2
2015-10-29,18,7,30456.8
2015-10-29,19,7,30962.5
2015-10-29,20,7,31422.2
2015-10-29,21,7,30562.0
2015-10-29,22,7,28477.2
2015-10-29,23,7,25908.3
2015-10-29,24,7,22708.8
2015-10-30,1,7,20721.2
2015-10-30,2,7,20420.9
2015-10-30,3,7,19904.6
2015-10-30,4,7,18828.5
2015-10-30,5,7,19301.1
2015-10-30,6,7,20461.4
2015-10-30,7,7,23477.4
2015-10-30,8,7,25256.3
2015-10-30,9,7,27001.5
2015-10-30,10,7,28530.5
2015-10-30,11,7,29633.3
2015-10-30,12,7,30206.9
2015-10-30,13,7,30973.4
2015-10-30,14,7,31690.0
2015-10-30,15,7,31670.7
2015-10-30,16,7,31442.4
2015-10-30,17,7,30745.6
2015-10-30,18,7,29868.6
2015-10-30,19,7,30713.2
2015-10-30,20,7,30261.9
2015-10-30,21,7,29617.3
2015-10-30,22,7,28035.0
2015-10-30,23,7,25639.4
2015-10-30,24,7,22895.9
2015-10-31,1,7,20060.2
2015-10-31,2,7,18723.3
2015-10-31,3,7,18063.7
2015-10-31,4,7,17631.4
2015-10-31,5,7,17568.4
2015-10-31,6,7,17892.7
2015-10-31,7,7,19055.8
2015-10-31,8,7,19338.3
2015-10-31,9,7,20581.6
2015-10-31,10,7,21623.7
2015-10-31,11,7,23497.5
2015-10-31,12,7,24967.5
2015-10-31,13,7,26067.7
2015-10-31,14,7,26547.9
2015-10-31,15,7,26721.1
2015-10-31,16,7,26991.2
2015-10-31,17,7,27205.6
2015-10-31,18,7,27444.7
2015-10-31,19,7,28138.6
2015-10-31,20,7,27242.7
2015-10-31,21,7,26269.1
2015-10-31,22,7,25300.8
2015-10-31,23,7,23758.3
2015-10-31,24,7,21550.4
2015-11-01,1,7,19181.8
2015-11-01,2,7,17763.0
2015-11-01,2,8,17150.7
2015-11-01,3,8,16626.6
2015-11-01,4,8,16376.9
2015-11-01,5,8,16374.7
2015-11-01,6,8,16772.6
2015-11-01,7,8,16766.9
2015-11-01,8,8,17431.3
2015-11-01,9,8,19295.5
2015-11-01,10,8,21101.3
2015-11-01,11,8,23045.2
2015-11-01,12,8,24130.4
2015-11-01,13,8,24869.8
2015-11-01,14,8,25301.4
2015-11-01,15,8,25940.5
2015-11-01,16,8,25766.3
2015-11-01,17,8,26245.8
2015-11-01,18,8,28021.0
2015-11-01,19,8,28377.4
2015-11-01,20,8,28081.9
2015-11-01,21,8,27233.8
2015-11-01,22,8,25525.9
2015-11-01,23,8,23219.6
2015-11-01,24,8,20973.5
2015-11-02,1,8,19093.1
2015-11-02,2,8,18286.7
2015-11-02,3,8,17506.4
2015-11-02,4,8,17502.5
2015-11-02,5,8,18036.4
2015-11-02,6,8,19721.9
2015-11-02,7,8,22607.9
2015-11-02,8,8,24318.1
2015-11-02,9,8,27036.0
2015-11-02,10,8,29462.6
2015-11-02,11,8,30784.4
2015-11-02,12,8,31229.9
2015-11-02,13,8,31363.1
2015-11-02,14,8,30717.8
2015-11-02,15,8,29885.8
2015-11-02,16,8,29255.4
2015-11-02,17,8,29042.2
2015-11-02,18,8,30484.5
2015-11-02,19,8,29658.3
2015-11-02,20,8,29484.7
2015-11-02,21,8,28089.0
2015-11-02,22,8,26167.8
2015-11-02,23,8,23627.4
2015-11-02,24,8,21094.5
2015-11-03,1,8,19460.0
2015-11-03,2,8,19031.7
2015-11-03,3,8,18733.7
2015-11-03,4,8,18623.8
2015-11-03,5,8,18993.8
2015-11-03,6,8,20417.2
2015-11-03,7,8,22685.0
2015-11-03,8,8,24091.6
2015-11-03,9,8,25278.8
2015-11-03,10,8,26418.5
2015-11-03,11,8,26991.7
2015-11-03,12,8,27244.2
2015-11-03,13,8,26877.3
2015-11-03,14,8,27220.4
2015-11-03,15,8,27358.1
2015-11-03,16,8,27284.9
2015-11-03,17,8,27444.7
2015-11-03,18,8,29377.0
2015-11-03,19,8,29319.9
2015-11-03,20,8,28727.0
2015-11-03,21,8,27062.8
2015-11-03,22,8,25308.0
2015-11-03,23,8,23301.8
2015-11-03,24,8,20856.7
2015-11-04,1,8,19463.6
2015-11-04,2,8,18484.1
2015-11-04,3,8,17854.9
2015-11-04,4,8,17786.0
2015-11-04,5,8,18184.6
2015-11-04,6,8,19662.5
2015-11-04,7,8,21924.2
2015-11-04,8,8,23364.0
2015-11-04,9,8,24619.2
2015-11-04,10,8,25741.7
2015-11-04,11,8,26538.6
2015-11-04,12,8,26944.1
2015-11-04,13,8,26753.1
2015-11-04,14,8,26864.8
2015-11-04,15,8,26833.7
2015-11-04,16,8,26281.1
2015-11-04,17,8,26384.3
2015-11-04,18,8,28315.2
2015-11-04,19,8,28385.1
2015-11-04,20,8,28214.3
2015-11-04,21,8,27214.8
2015-11-04,22,8,25450.2
2015-11-04,23,8,23334.9
2015-11-04,24,8,20912.0
2015-11-05,1,8,18899.9
2015-11-05,2,8,18255.4
2015-11-05,3,8,17909.4
2015-11-05,4,8,17716.8
2015-11-05,5,8,18214.2
2015-11-05,6,8,19637.1
2015-11-05,7,8,21885.8
2015-11-05,8,8,23555.3
2015-11-05,9,8,24117.2
2015-11-05,10,8,24787.5
2015-11-05,11,8,25760.3
2015-11-05,12,8,25808.9
2015-11-05,13,8,26026.6
2015-11-05,14,8,26701.5
2015-11-05,15,8,26574.7
2015-11-05,16,8,26728.8
2015-11-05,17,8,26784.8
2015-11-05,18,8,28336.4
2015-11-05,19,8,28366.6
2015-11-05,20,8,28178.2
2015-11-05,21,8,27187.2
2015-11-05,22,8,25915.9
2015-11-05,23,8,23695.4
2015-11-05,24,8,21205.3
2015-11-06,1,8,19452.1
2015-11-06,2,8,18255.6
2015-11-06,3,8,18018.3
2015-11-06,4,8,17924.0
2015-11-06,5,8,18335.9
2015-11-06,6,8,19797.8
2015-11-06,7,8,22398.7
2015-11-06,8,8,23569.9
2015-11-06,9,8,24313.3
2015-11-06,10,8,25068.4
2015-11-06,11,8,26193.6
2015-11-06,12,8,26634.4
2015-11-06,13,8,26939.8
2015-11-06,14,8,27230.4
2015-11-06,15,8,27321.7
2015-11-06,16,8,27689.1
2015-11-06,17,8,27514.3
2015-11-06,18,8,29066.0
2015-11-06,19,8,28632.8
2015-11-06,20,8,27878.5
2015-11-06,21,8,26673.4
2015-11-06,22,8,25287.0
2015-11-06,23,8,23481.7
2015-11-06,24,8,20629.8
2015-11-07,1,8,19207.8
2015-11-07,2,8,17907.4
2015-11-07,3,8,17303.0
2015-11-07,4,8,17182.6
2015-11-07,5,8,17199.3
2015-11-07,6,8,17767.0
2015-11-07,7,8,18709.0
2015-11-07,8,8,19115.7
2015-11-07,9,8,20003.8
2015-11-07,10,8,21466.4
2015-11-07,11,8,22647.8
2015-11-07,12,8,23217.7
2015-11-07,13,8,23646.8
2015-11-07,14,8,23906.2
2015-11-07,15,8,23852.6
2015-11-07,16,8,23898.9
2015-11-07,17,8,24403.1
2015-11-07,18,8,25974.4
2015-11-07,19,8,25750.0
2015-11-07,20,8,25014.7
2015-11-07,21,8,24113.5
2015-11-07,22,8,22785.7
2015-11-07,23,8,21113.0
2015-11-07,24,8,19684.9
2015-11-08,1,8,18015.8
2015-11-08,2,8,17175.4
2015-11-08,3,8,16737.3
2015-11-08,4,8,16534.4
2015-11-08,5,8,16473.8
2015-11-08,6,8,16917.6
2015-11-08,7,8,17093.9
2015-11-08,8,8,17915.2
2015-11-08,9,8,19256.2
2015-11-08,10,8,20027.7
2015-11-08,11,8,21484.5
2015-11-08,12,8,22579.3
2015-11-08,13,8,22452.8
2015-11-08,14,8,22679.6
2015-11-08,15,8,23190.1
2015-11-08,16,8,23397.9
2015-11-08,17,8,24230.8
2015-11-08,18,8,26110.3
2015-11-08,19,8,26233.1
2015-11-08,20,8,25857.2
2015-11-08,21,8,24943.1
2015-11-08,22,8,23739.2
2015-11-08,23,8,21754.5
2015-11-08,24,8,19683.8
2015-11-09,1,8,18370.8
2015-11-09,2,8,17691.0
2015-11-09,3,8,17456.0
2015-11-09,4,8,16859.6
2015-11-09,5,8,17470.2
2015-11-09,6,8,19666.5
2015-11-09,7,8,22371.1
2015-11-09,8,8,23955.2
2015-11-09,9,8,25896.0
2015-11-09,10,8,27571.0
2015-11-09,11,8,28829.6
2015-11-09,12,8,28784.4
2015-11-09,13,8,28487.7
2015-11-09,14,8,27401.5
2015-11-09,15,8,27459.7
2015-11-09,16,8,27275.4
2015-11-09,17,8,27451.0
2015-11-09,18,8,28816.7
2015-11-09,19,8,29071.0
2015-11-09,20,8,28768.5
2015-11-09,21,8,27841.0
2015-11-09,22,8,26606.1
2015-11-09,23,8,23870.1
2015-11-09,24,8,21630.2
2015-11-10,1,8,20004.9
2015-11-10,2,8,18961.3
2015-11-10,3,8,18593.9
2015-11-10,4,8,18970.9
2015-11-10,5,8,19192.7
2015-11-10,6,8,20166.6
2015-11-10,7,8,22968.9
2015-11-10,8,8,24651.1
2015-11-10,9,8,25767.4
2015-11-10,10,8,26610.7
2015-11-10,11,8,27537.4
2015-11-10,12,8,28329.0
2015-11-10,13,8,28059.0
2015-11-10,14,8,27615.0
2015-11-10,15,8,27682.2
2015-11-10,16,8,27730.9
2015-11-10,17,8,27921.1
2015-11-10,18,8,29469.6
2015-11-10,19,8,29308.1
2015-11-10,20,8,29099.5
2015-11-10,21,8,27926.4
2015-11-10,22,8,26069.8
2015-11-10,23,8,24304.9
2015-11-10,24,8,21661.9
2015-11-11,1,8,19895.4
2015-11-11,2,8,19271.3
2015-11-11,3,8,18949.7
2015-11-11,4,8,18858.4
2015-11-11,5,8,19251.9
2015-11-11,6,8,20642.9
2015-11-11,7,8,22023.4
2015-11-11,8,8,23044.9
2015-11-11,9,8,24510.2
2015-11-11,10,8,25376.2
2015-11-11,11,8,25898.6
2015-11-11,12,8,26741.5
2015-11-11,13,8,27063.7
2015-11-11,14,8,27232.2
2015-11-11,15,8,26588.3
2015-11-11,16,8,26352.6
2015-11-11,17,8,26629.6
2015-11-11,18,8,28682.5
2015-11-11,19,8,28857.0
2015-11-11,20,8,28753.6
2015-11-11,21,8,27761.5
2015-11-11,22,8,26059.8
2015-11-11,23,8,24150.6
2015-11-11,24,8,21995.7
2015-11-12,1,8,20255.7
2015-11-12,2,8,19126.3
2015-11-12,3,8,18824.7
2015-11-12,4,8,18850.6
2015-11-12,5,8,19284.5
2015-11-12,6,8,20832.5
2015-11-12,7,8,23382.5
2015-11-12,8,8,24394.7
2015-11-12,9,8,25688.8
2015-11-12,10,8,26001.8
2015-11-12,11,8,26600.2
2015-11-12,12,8,27107.9
2015-11-12,13,8,27651.4
2015-11-12,14,8,28085.6
2015-11-12,15,8,27514.2
2015-11-12,16,8,27873.2
2015-11-12,17,8,27839.0
2015-11-12,18,8,29258.0
2015-11-12,19,8,28995.5
2015-11-12,20,8,28921.8
2015-11-12,21,8,27965.7
2015-11-12,22,8,26234.3
2015-11-12,23,8,24294.0
2015-11-12,24,8,21720.6
2015-11-13,1,8,20309.7
2015-11-13,2,8,19539.1
2015-11-13,3,8,19197.7
2015-11-13,4,8,19234.4
2015-11-13,5,8,19656.6
2015-11-13,6,8,21044.9
2015-11-13,7,8,23224.5
2015-11-13,8,8,24919.0
2015-11-13,9,8,25844.6
2015-11-13,10,8,26345.5
2015-11-13,11,8,27118.6
2015-11-13,12,8,28053.4
2015-11-13,13,8,28412.7
2015-11-13,14,8,28423.5
2015-11-13,15,8,28559.3
2015-11-13,16,8,28424.8
2015-11-13,17,8,28358.1
2015-11-13,18,8,29862.7
2015-11-13,19,8,29600.8
2015-11-13,20,8,28550.7
2015-11-13,21,8,27301.7
2015-11-13,22,8,26191.3
2015-11-13,23,8,24290.0
2015-11-13,24,8,22171.4
2015-11-14,1,8,20043.3
2015-11-14,2,8,18547.9
2015-11-14,3,8,18023.0
2015-11-14,4,8,17910.0
2015-11-14,5,8,18052.9
2015-11-14,6,8,18831.5
2015-11-14,7,8,19832.3
2015-11-14,8,8,19982.6
2015-11-14,9,8,21310.3
2015-11-14,10,8,22270.6
2015-11-14,11,8,22741.6
2015-11-14,12,8,23208.1
2015-11-14,13,8,23797.5
2015-11-14,14,8,23742.3
2015-11-14,15,8,23741.3
2015-11-14,16,8,23824.7
2015-11-14,17,8,24452.8
2015-11-14,18,8,26406.3
2015-11-14,19,8,26272.2
2015-11-14,20,8,25268.2
2015-11-14,21,8,24328.0
2015-11-14,22,8,23310.6
2015-11-14,23,8,22186.2
2015-11-14,24,8,20503.4
2015-11-15,1,8,18767.3
2015-11-15,2,8,17867.9
2015-11-15,3,8,17386.5
2015-11-15,4,8,17203.2
2015-11-15,5,8,17122.5
2015-11-15,6,8,17594.8
2015-11-15,7,8,17916.5
2015-11-15,8,8,18191.8
2015-11-15,9,8,19281.6
2015-11-15,10,8,20354.6
2015-11-15,11,8,21576.2
2015-11-15,12,8,22308.3
2015-11-15,13,8,22632.2
2015-11-15,14,8,22507.7
2015-11-15,15,8,22711.3
2015-11-15,16,8,22572.4
2015-11-15,17,8,23536.3
2015-11-15,18,8,25967.8
2015-11-15,19,8,26373.2
2015-11-15,20,8,26284.0
2015-11-15,21,8,25590.6
2015-11-15,22,8,24379.4
2015-11-15,23,8,21835.2
2015-11-15,24,8,19819.9
2015-11-16,1,8,18494.8
2015-11-16,2,8,17863.3
2015-11-16,3,8,17481.2
2015-11-16,4,8,17398.9
2015-11-16,5,8,17824.2
2015-11-16,6,8,19413.7
2015-11-16,7,8,22226.1
2015-11-16,8,8,24020.9
2015-11-16,9,8,25209.5
2015-11-16,10,8,25366.7
2015-11-16,11,8,25347.3
2015-11-16,12,8,25803.7
2015-11-16,13,8,25649.4
2015-11-16,14,8,25814.3
2015-11-16,15,8,25329.7
2015-11-16,16,8,25552.7
2015-11-16,17,8,26202.9
2015-11-16,18,8,28187.0
2015-11-16,19,8,28368.3
2015-11-16,20,8,28334.9
2015-11-16,21,8,27547.8
2015-11-16,22,8,26185.9
2015-11-16,23,8,24235.0
2015-11-16,24,8,21803.9
2015-11-17,1,8,20161.3
2015-11-17,2,8,19025.9
2015-11-17,3,8,18557.0
2015-11-17,4,8,18433.0
2015-11-17,5,8,19055.0
2015-11-17,6,8,20632.6
2015-11-17,7,8,23174.2
2015-11-17,8,8,25041.2
2015-11-17,9,8,25682.4
2015-11-17,10,8,26125.6
2015-11-17,11,8,26028.0
2015-11-17,12,8,26423.9
2015-11-17,13,8,26914.7
2015-11-17,14,8,26880.5
2015-11-17,15,8,26488.5
2015-11-17,16,8,26651.6
2015-11-17,17,8,27058.2
2015-11-17,18,8,28809.9
2015-11-17,19,8,28891.7
2015-11-17,20,8,28691.1
2015-11-17,21,8,27634.2
2015-11-17,22,8,26254.4
2015-11-17,23,8,23988.8
2015-11-17,24,8,21565.1
2015-11-18,1,8,20188.7
2015-11-18,2,8,19462.4
2015-11-18,3,8,18615.2
2015-11-18,4,8,18355.1
2015-11-18,5,8,18881.6
2015-11-18,6,8,20487.1
2015-11-18,7,8,22753.4
2015-11-18,8,8,24290.2
2015-11-18,9,8,24935.5
2015-11-18,10,8,25490.8
2015-11-18,11,8,26107.6
2015-11-18,12,8,26793.7
2015-11-18,13,8,27258.3
2015-11-18,14,8,27355.6
2015-11-18,15,8,27386.7
2015-11-18,16,8,27441.1
2015-11-18,17,8,27493.0
2015-11-18,18,8,28926.1
2015-11-18,19,8,28854.3
2015-11-18,20,8,28787.2
2015-11-18,21,8,27940.0
2015-11-18,22,8,26364.2
2015-11-18,23,8,23887.4
2015-11-18,24,8,21661.2
2015-11-19,1,8,20137.8
2015-11-19,2,8,19348.9
2015-11-19,3,8,18422.9
2015-11-19,4,8,18348.2
2015-11-19,5,8,18714.1
2015-11-19,6,8,20300.5
2015-11-19,7,8,22486.2
2015-11-19,8,8,23979.8
2015-11-19,9,8,25015.2
2015-11-19,10,8,25874.0
2015-11-19,11,8,26965.7
2015-11-19,12,8,27980.7
2015-11-19,13,8,28972.3
2015-11-19,14,8,29466.0
2015-11-19,15,8,28620.7
2015-11-19,16,8,28241.5
2015-11-19,17,8,28259.6
2015-11-19,18,8,29965.3
2015-11-19,19,8,29419.0
2015-11-19,20,8,29330.3
2015-11-19,21,8,28234.1
2015-11-19,22,8,26908.0
2015-11-19,23,8,24609.7
2015-11-19,24,8,22150.4
2015-11-20,1,8,20524.9
2015-11-20,2,8,19387.3
2015-11-20,3,8,18731.7
2015-11-20,4,8,18708.7
2015-11-20,5,8,19119.1
2015-11-20,6,8,20384.2
2015-11-20,7,8,22354.0
2015-11-20,8,8,24211.8
2015-11-20,9,8,25257.8
2015-11-20,10,8,26027.7
2015-11-20,11,8,26906.4
2015-11-20,12,8,27871.0
2015-11-20,13,8,28405.9
2015-11-20,14,8,28695.2
2015-11-20,15,8,28861.6
2015-11-20,16,8,28335.2
2015-11-20,17,8,27922.4
2015-11-20,18,8,29162.7
2015-11-20,19,8,28585.3
2015-11-20,20,8,27784.1
2015-11-20,21,8,26810.9
2015-11-20,22,8,24816.1
2015-11-20,23,8,22556.2
2015-11-20,24,8,20526.6
2015-11-21,1,8,19051.8
2015-11-21,2,8,18317.4
2015-11-21,3,8,17666.1
2015-11-21,4,8,17515.5
2015-11-21,5,8,17523.8
2015-11-21,6,8,18103.9
2015-11-21,7,8,18981.6
2015-11-21,8,8,19125.6
2015-11-21,9,8,20414.0
2015-11-21,10,8,22056.8
2015-11-21,11,8,23258.6
2015-11-21,12,8,24291.0
2015-11-21,13,8,25013.4
2015-11-21,14,8,25386.4
2015-11-21,15,8,25261.6
2015-11-21,16,8,25378.2
2015-11-21,17,8,26115.1
2015-11-21,18,8,27402.4
2015-11-21,19,8,26950.7
2015-11-21,20,8,25790.6
2015-11-21,21,8,24790.0
2015-11-21,22,8,23171.7
2015-11-21,23,8,21574.3
2015-11-21,24,8,20104.0
2015-11-22,1,8,18415.0
2015-11-22,2,8,17548.5
2015-11-22,3,8,17009.5
2015-11-22,4,8,16923.8
2015-11-22,5,8,17123.2
2015-11-22,6,8,17692.7
2015-11-22,7,8,18184.0
2015-11-22,8,8,18205.8
2015-11-22,9,8,19537.4
2015-11-22,10,8,20895.9
2015-11-22,11,8,22423.9
2015-11-22,12,8,23421.3
2015-11-22,13,8,23964.8
2015-11-22,14,8,24366.6
2015-11-22,15,8,24555.5
2015-11-22,16,8,24879.9
2015-11-22,17,8,25607.2
2015-11-22,18,8,27130.0
2015-11-22,19,8,26722.6
2015-11-22,20,8,26655.9
2015-11-22,21,8,25973.6
2015-11-22,22,8,24768.8
2015-11-22,23,8,23114.5
2015-11-22,24,8,21212.3
2015-11-23,1,8,19904.8
2015-11-23,2,8,19152.2
2015-11-23,3,8,18830.7
2015-11-23,4,8,18148.6
2015-11-23,5,8,18609.7
2015-11-23,6,8,19571.1
2015-11-23,7,8,21202.2
2015-11-23,8,8,22239.5
2015-11-23,9,8,23527.0
2015-11-23,10,8,24789.2
2015-11-23,11,8,26089.9
2015-11-23,12,8,26430.0
2015-11-23,13,8,26708.5
2015-11-23,14,8,27322.2
2015-11-23,15,8,27548.7
2015-11-23,16,8,27574.1
2015-11-23,17,8,27800.9
2015-11-23,18,8,29317.3
2015-11-23,19,8,29057.2
2015-11-23,20,8,28680.0
2015-11-23,21,8,27578.3
2015-11-23,22,8,26069.5
2015-11-23,23,8,23953.6
2015-11-23,24,8,21274.2
2015-11-24,1,8,19710.7
2015-11-24,2,8,18925.3
2015-11-24,3,8,18493.3
2015-11-24,4,8,18473.4
2015-11-24,5,8,18810.5
2015-11-24,6,8,20347.6
2015-11-24,7,8,21895.2
2015-11-24,8,8,22367.7
2015-11-24,9,8,23676.2
2015-11-24,10,8,24968.2
2015-11-24,11,8,25632.2
2015-11-24,12,8,25854.9
2015-11-24,13,8,25502.7
2015-11-24,14,8,25944.2
2015-11-24,15,8,26401.8
2015-11-24,16,8,26391.4
2015-11-24,17,8,26987.6
2015-11-24,18,8,28478.7
2015-11-24,19,8,28386.6
2015-11-24,20,8,27950.8
2015-11-24,21,8,27047.0
2015-11-24,22,8,25159.0
2015-11-24,23,8,22948.5
2015-11-24,24,8,20985.7
2015-11-25,1,8,19066.0
2015-11-25,2,8,18152.0
2015-11-25,3,8,17635.9
2015-11-25,4,8,17477.7
2015-11-25,5,8,17919.2
2015-11-25,6,8,19077.0
2015-11-25,7,8,20405.8
2015-11-25,8,8,20874.1
2015-11-25,9,8,22376.7
2015-11-25,10,8,23400.3
2015-11-25,11,8,24246.7
2015-11-25,12,8,24098.8
2015-11-25,13,8,23875.7
2015-11-25,14,8,23488.3
2015-11-25,15,8,23571.2
2015-11-25,16,8,23621.2
2015-11-25,17,8,24736.1
2015-11-25,18,8,26771.8
2015-11-25,19,8,26755.2
2015-11-25,20,8,26264.4
2015-11-25,21,8,25315.4
2015-11-25,22,8,24097.6
2015-11-25,23,8,22341.7
2015-11-25,24,8,20285.8
2015-11-26,1,8,18785.5
2015-11-26,2,8,17905.5
2015-11-26,3,8,17263.2
2015-11-26,4,8,17019.5
2015-11-26,5,8,17057.2
2015-11-26,6,8,17710.4
2015-11-26,7,8,18218.7
2015-11-26,8,8,18321.1
2015-11-26,9,8,18920.5
2015-11-26,10,8,19530.2
2015-11-26,11,8,20317.8
2015-11-26,12,8,21100.5
2015-11-26,13,8,21160.7
2015-11-26,14,8,20996.6
2015-11-26,15,8,20782.6
2015-11-26,16,8,20602.8
2015-11-26,17,8,21476.3
2015-11-26,18,8,23068.6
2015-11-26,19,8,22651.9
2015-11-26,20,8,22189.3
2015-11-26,21,8,21765.3
2015-11-26,22,8,21797.9
2015-11-26,23,8,21208.2
2015-11-26,24,8,20418.8
2015-11-27,1,8,19362.6
2015-11-27,2,8,18128.8
2015-11-27,3,8,17616.8
2015-11-27,4,8,17456.4
2015-11-27,5,8,17541.9
2015-11-27,6,8,18172.5
2015-11-27,7,8,18761.2
2015-11-27,8,8,18773.5
2015-11-27,9,8,19617.5
2015-11-27,10,8,20514.6
2015-11-27,11,8,21183.2
2015-11-27,12,8,21357.8
2015-11-27,13,8,21470.5
2015-11-27,14,8,21699.3
2015-11-27,15,8,21986.7
2015-11-27,16,8,21824.9
2015-11-27,17,8,23082.9
2015-11-27,18,8,25202.1
2015-11-27,19,8,25182.9
2015-11-27,20,8,24861.4
2015-11-27,21,8,24390.7
2015-11-27,22,8,23444.7
2015-11-27,23,8,22072.7
2015-11-27,24,8,20315.1
2015-11-28,1,8,18866.4
2015-11-28,2,8,18107.3
2015-11-28,3,8,17484.6
2015-11-28,4,8,17298.5
2015-11-28,5,8,17221.8
2015-11-28,6,8,17695.3
2015-11-28,7,8,18288.3
2015-11-28,8,8,18405.7
2015-11-28,9,8,19424.9
2015-11-28,10,8,20371.1
2015-11-28,11,8,21229.1
2015-11-28,12,8,21687.9
2015-11-28,13,8,21679.4
2015-11-28,14,8,21672.3
2015-11-28,15,8,21600.4
2015-11-28,16,8,21727.4
2015-11-28,17,8,23085.5
2015-11-28,18,8,25115.4
2015-11-28,19,8,25215.7
2015-11-28,20,8,24848.5
2015-11-28,21,8,24417.1
2015-11-28,22,8,23459.9
2015-11-28,23,8,22001.1
2015-11-28,24,8,20522.3
2015-11-29,1,8,18956.8
2015-11-29,2,8,18014.0
2015-11-29,3,8,17476.4
2015-11-29,4,8,17263.1
2015-11-29,5,8,17141.3
2015-11-29,6,8,17581.3
2015-11-29,7,8,18055.8
2015-11-29,8,8,17858.9
2015-11-29,9,8,18880.7
2015-11-29,10,8,19735.4
2015-11-29,11,8,20678.0
2015-11-29,12,8,21099.0
2015-11-29,13,8,21236.6
2015-11-29,14,8,21367.3
2015-11-29,15,8,21396.6
2015-11-29,16,8,21730.0
2015-11-29,17,8,23080.8
2015-11-29,18,8,25539.3
2015-11-29,19,8,25818.9
2015-11-29,20,8,25743.7
2015-11-29,21,8,25136.7
2015-11-29,22,8,24175.3
2015-11-29,23,8,22291.7
2015-11-29,24,8,20316.6
2015-11-30,1,8,19022.5
2015-11-30,2,8,17765.6
2015-11-30,3,8,17420.1
2015-11-30,4,8,17682.1
2015-11-30,5,8,18433.0
2015-11-30,6,8,20088.7
2015-11-30,7,8,22956.3
2015-11-30,8,8,24719.4
2015-11-30,9,8,25587.2
2015-11-30,10,8,25613.6
2015-11-30,11,8,25773.7
2015-11-30,12,8,25813.2
2015-11-30,13,8,25925.0
2015-11-30,14,8,26442.1
2015-11-30,15,8,26498.7
2015-11-30,16,8,26539.5
2015-11-30,17,8,27841.4
2015-11-30,18,8,30442.7
2015-11-30,19,8,30525.3
2015-11-30,20,8,30148.9
2015-11-30,21,8,29475.4
2015-11-30,22,8,28184.6
2015-11-30,23,8,26189.9
2015-11-30,24,8,23491.8
2015-12-01,1,8,21694.4
2015-12-01,2,8,20122.8
2015-12-01,3,8,19779.6
2015-12-01,4,8,19870.7
2015-12-01,5,8,20356.8
2015-12-01,6,8,22020.6
2015-12-01,7,8,24700.9
2015-12-01,8,8,25879.5
2015-12-01,9,8,26460.3
2015-12-01,10,8,26329.6
2015-12-01,11,8,26771.6
2015-12-01,12,8,26480.8
2015-12-01,13,8,26266.6
2015-12-01,14,8,26702.7
2015-12-01,15,8,26902.6
2015-12-01,16,8,26893.8
2015-12-01,17,8,27836.2
2015-12-01,18,8,29879.5
2015-12-01,19,8,29988.0
2015-12-01,20,8,30149.7
2015-12-01,21,8,29807.9
2015-12-01,22,8,28680.6
2015-12-01,23,8,26402.6
2015-12-01,24,8,23595.3
2015-12-02,1,8,21919.5
2015-12-02,2,8,20592.8
2015-12-02,3,8,20046.4
2015-12-02,4,8,19976.5
2015-12-02,5,8,20461.6
2015-12-02,6,8,22129.9
2015-12-02,7,8,24775.2
2015-12-02,8,8,26147.6
2015-12-02,9,8,26504.9
2015-12-02,10,8,26431.4
2015-12-02,11,8,27255.8
2015-12-02,12,8,27096.3
2015-12-02,13,8,26751.5
2015-12-02,14,8,27041.3
2015-12-02,15,8,27404.6
2015-12-02,16,8,27556.8
2015-12-02,17,8,28039.9
2015-12-02,18,8,29544.9
2015-12-02,19,8,29967.2
2015-12-02,20,8,30044.1
2015-12-02,21,8,28930.9
2015-12-02,22,8,27351.4
2015-12-02,23,8,25601.7
2015-12-02,24,8,23114.4
2015-12-03,1,8,20809.4
2015-12-03,2,8,20030.4
2015-12-03,3,8,19568.0
2015-12-03,4,8,19515.5
2015-12-03,5,8,19994.8
2015-12-03,6,8,21654.7
2015-12-03,7,8,23572.0
2015-12-03,8,8,24837.1
2015-12-03,9,8,25276.9
2015-12-03,10,8,24768.2
2015-12-03,11,8,26073.1
2015-12-03,12,8,26384.3
2015-12-03,13,8,26238.6
2015-12-03,14,8,27073.9
2015-12-03,15,8,27024.9
2015-12-03,16,8,26600.0
2015-12-03,17,8,27344.0
2015-12-03,18,8,29401.9
2015-12-03,19,8,29344.6
2015-12-03,20,8,29208.9
2015-12-03,21,8,28916.2
2015-12-03,22,8,28051.1
2015-12-03,23,8,25798.5
2015-12-03,24,8,22057.7
2015-12-04,1,8,20286.6
2015-12-04,2,8,19572.1
2015-12-04,3,8,19000.7
2015-12-04,4,8,18882.4
2015-12-04,5,8,19370.2
2015-12-04,6,8,20692.8
2015-12-04,7,8,23156.9
2015-12-04,8,8,24714.4
2015-12-04,9,8,25829.3
2015-12-04,10,8,26312.0
2015-12-04,11,8,26860.1
2015-12-04,12,8,27099.9
2015-12-04,13,8,26494.8
2015-12-04,14,8,26035.8
2015-12-04,15,8,25805.7
2015-12-04,16,8,25998.3
2015-12-04,17,8,26780.6
2015-12-04,18,8,28523.2
2015-12-04,19,8,28444.7
2015-12-04,20,8,27558.2
2015-12-04,21,8,26826.3
2015-12-04,22,8,25602.3
2015-12-04,23,8,23829.5
2015-12-04,24,8,21611.6
2015-12-05,1,8,19848.8
2015-12-05,2,8,18905.1
2015-12-05,3,8,18294.0
2015-12-05,4,8,18071.1
2015-12-05,5,8,18293.3
2015-12-05,6,8,18990.0
2015-12-05,7,8,20110.9
2015-12-05,8,8,20206.8
2015-12-05,9,8,20931.2
2015-12-05,10,8,21769.1
2015-12-05,11,8,22338.0
2015-12-05,12,8,22412.7
2015-12-05,13,8,22592.9
2015-12-05,14,8,22529.7
2015-12-05,15,8,22722.7
2015-12-05,16,8,23057.5
2015-12-05,17,8,24386.1
2015-12-05,18,8,26503.4
2015-12-05,19,8,26369.2
2015-12-05,20,8,25516.3
2015-12-05,21,8,24891.4
2015-12-05,22,8,23881.5
2015-12-05,23,8,22364.9
2015-12-05,24,8,20770.4
2015-12-06,1,8,19072.3
2015-12-06,2,8,18119.8
2015-12-06,3,8,17541.9
2015-12-06,4,8,17305.4
2015-12-06,5,8,17231.3
2015-12-06,6,8,17689.0
2015-12-06,7,8,18307.8
2015-12-06,8,8,18043.0
2015-12-06,9,8,19344.3
2015-12-06,10,8,20163.9
2015-12-06,11,8,21033.9
2015-12-06,12,8,21356.8
2015-12-06,13,8,21500.9
2015-12-06,14,8,21749.7
2015-12-06,15,8,21997.5
2015-12-06,16,8,22458.2
2015-12-06,17,8,23781.2
2015-12-06,18,8,26267.0
2015-12-06,19,8,26497.0
2015-12-06,20,8,26210.8
2015-12-06,21,8,25686.1
2015-12-06,22,8,24646.5
2015-12-06,23,8,22670.4
2015-12-06,24,8,20545.4
2015-12-07,1,8,18431.6
2015-12-07,2,8,17626.2
2015-12-07,3,8,17307.6
2015-12-07,4,8,17405.7
2015-12-07,5,8,18035.3
2015-12-07,6,8,19862.2
2015-12-07,7,8,22671.8
2015-12-07,8,8,24232.4
2015-12-07,9,8,24915.9
2015-12-07,10,8,25173.7
2015-12-07,11,8,25559.0
2015-12-07,12,8,26036.5
2015-12-07,13,8,26785.3
2015-12-07,14,8,27318.5
2015-12-07,15,8,27724.5
2015-12-07,16,8,27249.1
2015-12-07,17,8,27658.7
2015-12-07,18,8,29757.8
2015-12-07,19,8,29769.9
2015-12-07,20,8,29596.9
2015-12-07,21,8,28805.5
2015-12-07,22,8,27824.8
2015-12-07,23,8,25042.0
2015-12-07,24,8,22633.5
2015-12-08,1,8,20357.9
2015-12-08,2,8,19444.8
2015-12-08,3,8,19012.0
2015-12-08,4,8,18887.6
2015-12-08,5,8,19357.0
2015-12-08,6,8,20906.3
2015-12-08,7,8,23637.1
2015-12-08,8,8,25082.3
2015-12-08,9,8,26184.6
2015-12-08,10,8,26390.3
2015-12-08,11,8,26809.5
2015-12-08,12,8,27181.5
2015-12-08,13,8,27056.1
2015-12-08,14,8,28005.4
2015-12-08,15,8,28457.9
2015-12-08,16,8,28143.0
2015-12-08,17,8,28249.4
2015-12-08,18,8,30102.8
2015-12-08,19,8,30059.6
2015-12-08,20,8,30170.2
2015-12-08,21,8,29391.3
2015-12-08,22,8,27614.7
2015-12-08,23,8,25226.4
2015-12-08,24,8,22974.2
2015-12-09,1,8,20817.9
2015-12-09,2,8,19584.0
2015-12-09,3,8,19164.0
2015-12-09,4,8,19049.8
2015-12-09,5,8,19494.7
2015-12-09,6,8,20848.3
2015-12-09,7,8,23405.4
2015-12-09,8,8,24581.2
2015-12-09,9,8,25892.3
2015-12-09,10,8,26874.7
2015-12-09,11,8,24505.7
2015-12-09,12,8,18285.7
2015-12-09,13,8,21293.2
2015-12-09,14,8,23698.7
2015-12-09,15,8,25062.0
2015-12-09,16,8,25660.3
2015-12-09,17,8,25976.2
2015-12-09,18,8,27710.3
2015-12-09,19,8,27876.8
2015-12-09,20,8,27938.7
2015-12-09,21,8,27111.3
2015-12-09,22,8,25269.8
2015-12-09,23,8,22688.9
2015-12-09,24,8,21059.2
2015-12-10,1,8,18877.3
2015-12-10,2,8,17189.2
2015-12-10,3,8,16951.5
2015-12-10,4,8,16916.6
2015-12-10,5,8,17352.2
2015-12-10,6,8,18780.7
2015-12-10,7,8,21377.9
2015-12-10,8,8,22817.1
2015-12-10,9,8,25297.8
2015-12-10,10,8,26658.7
2015-12-10,11,8,27029.7
2015-12-10,12,8,25286.3
2015-12-10,13,8,25733.0
2015-12-10,14,8,26026.8
2015-12-10,15,8,26065.2
2015-12-10,16,8,25940.5
2015-12-10,17,8,27381.5
2015-12-10,18,8,29337.5
2015-12-10,19,8,29408.6
2015-12-10,20,8,28756.9
2015-12-10,21,8,27841.7
2015-12-10,22,8,26638.6
2015-12-10,23,8,23761.6
2015-12-10,24,8,21210.3
2015-12-11,1,8,18683.5
2015-12-11,2,8,17643.6
2015-12-11,3,8,17046.2
2015-12-11,4,8,16911.8
2015-12-11,5,8,17212.4
2015-12-11,6,8,18574.3
2015-12-11,7,8,20859.3
2015-12-11,8,8,22429.5
2015-12-11,9,8,23750.4
2015-12-11,10,8,25042.5
2015-12-11,11,8,25587.3
2015-12-11,12,8,25342.3
2015-12-11,13,8,25126.7
2015-12-11,14,8,24681.2
2015-12-11,15,8,24366.4
2015-12-11,16,8,24573.9
2015-12-11,17,8,25645.1
2015-12-11,18,8,28055.5
2015-12-11,19,8,28136.3
2015-12-11,20,8,27576.5
2015-12-11,21,8,26616.5
2015-12-11,22,8,25308.9
2015-12-11,23,8,23561.9
2015-12-11,24,8,21625.5
2015-12-12,1,8,19570.6
2015-12-12,2,8,18486.8
2015-12-12,3,8,17867.3
2015-12-12,4,8,17710.0
2015-12-12,5,8,17809.9
2015-12-12,6,8,18478.5
2015-12-12,7,8,19689.6
2015-12-12,8,8,19875.9
2015-12-12,9,8,20677.8
2015-12-12,10,8,21313.1
2015-12-12,11,8,21844.8
2015-12-12,12,8,21830.1
2015-12-12,13,8,21654.3
2015-12-12,14,8,21558.2
2015-12-12,15,8,21499.4
2015-12-12,16,8,21767.9
2015-12-12,17,8,22825.7
2015-12-12,18,8,25108.5
2015-12-12,19,8,25145.9
2015-12-12,20,8,24492.9
2015-12-12,21,8,23870.4
2015-12-12,22,8,22957.8
2015-12-12,23,8,21816.8
2015-12-12,24,8,20268.9
2015-12-13,1,8,18473.7
2015-12-13,2,8,17347.9
2015-12-13,3,8,16738.5
2015-12-13,4,8,16484.8
2015-12-13,5,8,16469.0
2015-12-13,6,8,16924.9
2015-12-13,7,8,17489.0
2015-12-13,8,8,17443.4
2015-12-13,9,8,18872.1
2015-12-13,10,8,19853.4
2015-12-13,11,8,20491.1
2015-12-13,12,8,20642.8
2015-12-13,13,8,20778.2
2015-12-13,14,8,20811.1
2015-12-13,15,8,21025.3
2015-12-13,16,8,21349.7
2015-12-13,17,8,23442.7
2015-12-13,18,8,26280.8
2015-12-13,19,8,25532.6
2015-12-13,20,8,25410.9
2015-12-13,21,8,24673.4
2015-12-13,22,8,23550.1
2015-12-13,23,8,21545.6
2015-12-13,24,8,19449.6
2015-12-14,1,8,17535.3
2015-12-14,2,8,16798.7
2015-12-14,3,8,16283.3
2015-12-14,4,8,16364.4
2015-12-14,5,8,17416.5
2015-12-14,6,8,19378.0
2015-12-14,7,8,21942.3
2015-12-14,8,8,22623.9
2015-12-14,9,8,22927.7
2015-12-14,10,8,23215.4
2015-12-14,11,8,23868.2
2015-12-14,12,8,24005.1
2015-12-14,13,8,23926.0
2015-12-14,14,8,24043.2
2015-12-14,15,8,23822.8
2015-12-14,16,8,23973.9
2015-12-14,17,8,25600.9
2015-12-14,18,8,29016.4
2015-12-14,19,8,29309.5
2015-12-14,20,8,28927.8
2015-12-14,21,8,28223.1
2015-12-14,22,8,26904.2
2015-12-14,23,8,24138.5
2015-12-14,24,8,21686.7
2015-12-15,1,8,19937.6
2015-12-15,2,8,19018.6
2015-12-15,3,8,18577.9
2015-12-15,4,8,18452.2
2015-12-15,5,8,18932.6
2015-12-15,6,8,20566.6
2015-12-15,7,8,23462.8
2015-12-15,8,8,24462.2
2015-12-15,9,8,24331.1
2015-12-15,10,8,24523.5
2015-12-15,11,8,24484.0
2015-12-15,12,8,24117.0
2015-12-15,13,8,22963.9
2015-12-15,14,8,22700.0
2015-12-15,15,8,22757.0
2015-12-15,16,8,23138.0
2015-12-15,17,8,24300.8
2015-12-15,18,8,27088.9
2015-12-15,19,8,27555.8
2015-12-15,20,8,27928.3
2015-12-15,21,8,27383.7
2015-12-15,22,8,25976.2
2015-12-15,23,8,23678.9
2015-12-15,24,8,21173.8
2015-12-16,1,8,18916.2
2015-12-16,2,8,18046.5
2015-12-16,3,8,17335.6
2015-12-16,4,8,17231.3
2015-12-16,5,8,17777.2
2015-12-16,6,8,19276.8
2015-12-16,7,8,21952.4
2015-12-16,8,8,23274.5
2015-12-16,9,8,23757.0
2015-12-16,10,8,23721.0
2015-12-16,11,8,24145.4
2015-12-16,12,8,23887.9
2015-12-16,13,8,24025.8
2015-12-16,14,8,24214.5
2015-12-16,15,8,24340.9
2015-12-16,16,8,23778.0
2015-12-16,17,8,24962.0
2015-12-16,18,8,28338.7
2015-12-16,19,8,28854.2
2015-12-16,20,8,28757.9
2015-12-16,21,8,28062.5
2015-12-16,22,8,26589.8
2015-12-16,23,8,24278.9
2015-12-16,24,8,21864.2
2015-12-17,1,8,19642.5
2015-12-17,2,8,18572.8
2015-12-17,3,8,18102.5
2015-12-17,4,8,17937.7
2015-12-17,5,8,18527.9
2015-12-17,6,8,20228.7
2015-12-17,7,8,23082.6
2015-12-17,8,8,24610.7
2015-12-17,9,8,24958.3
2015-12-17,10,8,25038.0
2015-12-17,11,8,24975.9
2015-12-17,12,8,24212.1
2015-12-17,13,8,23380.9
2015-12-17,14,8,23437.9
2015-12-17,15,8,23803.7
2015-12-17,16,8,24175.9
2015-12-17,17,8,25624.0
2015-12-17,18,8,28243.4
2015-12-17,19,8,28609.9
2015-12-17,20,8,28168.3
2015-12-17,21,8,26554.4
2015-12-17,22,8,25896.6
2015-12-17,23,8,24362.8
2015-12-17,24,8,22317.1
2015-12-18,1,8,20152.9
2015-12-18,2,8,18784.0
2015-12-18,3,8,18066.9
2015-12-18,4,8,18092.0
2015-12-18,5,8,18577.6
2015-12-18,6,8,19870.9
2015-12-18,7,8,22551.9
2015-12-18,8,8,23722.5
2015-12-18,9,8,24446.7
2015-12-18,10,8,24271.4
2015-12-18,11,8,24402.1
2015-12-18,12,8,24051.1
2015-12-18,13,8,23894.7
2015-12-18,14,8,24265.2
2015-12-18,15,8,25291.6
2015-12-18,16,8,25850.8
2015-12-18,17,8,26696.6
2015-12-18,18,8,29030.2
2015-12-18,19,8,29270.8
2015-12-18,20,8,28724.7
2015-12-18,21,8,27566.7
2015-12-18,22,8,25850.1
2015-12-18,23,8,24137.0
2015-12-18,24,8,22242.3
2015-12-19,1,8,20157.3
2015-12-19,2,8,19126.5
2015-12-19,3,8,18516.2
2015-12-19,4,8,18321.6
2015-12-19,5,8,18395.9
2015-12-19,6,8,19092.1
2015-12-19,7,8,20412.7
2015-12-19,8,8,20280.9
2015-12-19,9,8,20890.0
2015-12-19,10,8,21668.1
2015-12-19,11,8,22176.0
2015-12-19,12,8,22454.1
2015-12-19,13,8,22501.2
2015-12-19,14,8,22301.5
2015-12-19,15,8,22092.4
2015-12-19,16,8,21935.0
2015-12-19,17,8,22926.4
2015-12-19,18,8,25519.0
2015-12-19,19,8,25505.2
2015-12-19,20,8,25130.9
2015-12-19,21,8,24645.1
2015-12-19,22,8,23677.6
2015-12-19,23,8,22178.1
2015-12-19,24,8,20609.8
2015-12-20,1,8,18817.0
2015-12-20,2,8,17793.7
2015-12-20,3,8,17181.5
2015-12-20,4,8,17087.5
2015-12-20,5,8,17467.6
2015-12-20,6,8,18079.4
2015-12-20,7,8,18729.1
2015-12-20,8,8,18736.1
2015-12-20,9,8,19329.2
2015-12-20,10,8,20095.8
2015-12-20,11,8,20656.3
2015-12-20,12,8,20718.3
2015-12-20,13,8,20637.6
2015-12-20,14,8,20612.9
2015-12-20,15,8,20465.9
2015-12-20,16,8,20792.7
2015-12-20,17,8,22969.6
2015-12-20,18,8,26203.3
2015-12-20,19,8,26454.4
2015-12-20,20,8,26555.4
2015-12-20,21,8,26321.3
2015-12-20,22,8,25395.7
2015-12-20,23,8,23323.0
2015-12-20,24,8,21742.8
2015-12-21,1,8,19961.1
2015-12-21,2,8,18870.0
2015-12-21,3,8,18052.3
2015-12-21,4,8,18229.9
2015-12-21,5,8,18732.3
2015-12-21,6,8,20066.3
2015-12-21,7,8,22400.5
2015-12-21,8,8,23422.1
2015-12-21,9,8,23672.1
2015-12-21,10,8,24351.3
2015-12-21,11,8,25063.2
2015-12-21,12,8,24423.8
2015-12-21,13,8,24355.7
2015-12-21,14,8,24124.7
2015-12-21,15,8,24312.3
2015-12-21,16,8,24944.0
2015-12-21,17,8,27079.2
2015-12-21,18,8,29308.4
2015-12-21,19,8,29498.1
2015-12-21,20,8,29602.5
2015-12-21,21,8,29031.5
2015-12-21,22,8,27867.1
2015-12-21,23,8,25860.0
2015-12-21,24,8,23441.7
2015-12-22,1,8,21259.7
2015-12-22,2,8,20102.7
2015-12-22,3,8,19476.8
2015-12-22,4,8,19291.4
2015-12-22,5,8,19748.9
2015-12-22,6,8,20878.1
2015-12-22,7,8,22653.7
2015-12-22,8,8,24070.3
2015-12-22,9,8,25302.3
2015-12-22,10,8,26580.7
2015-12-22,11,8,26852.7
2015-12-22,12,8,26496.8
2015-12-22,13,8,26275.2
2015-12-22,14,8,26378.3
2015-12-22,15,8,27013.2
2015-12-22,16,8,26967.9
2015-12-22,17,8,27565.7
2015-12-22,18,8,29370.2
2015-12-22,19,8,29479.5
2015-12-22,20,8,28830.5
2015-12-22,21,8,27927.5
2015-12-22,22,8,26696.8
2015-12-22,23,8,24657.1
2015-12-22,24,8,22418.4
2015-12-23,1,8,20262.4
2015-12-23,2,8,19102.8
2015-12-23,3,8,18528.5
2015-12-23,4,8,18272.1
2015-12-23,5,8,18608.5
2015-12-23,6,8,19823.4
2015-12-23,7,8,21407.8
2015-12-23,8,8,21996.7
2015-12-23,9,8,23061.2
2015-12-23,10,8,24004.6
2015-12-23,11,8,24641.1
2015-12-23,12,8,24617.4
2015-12-23,13,8,24804.6
2015-12-23,14,8,24657.4
2015-12-23,15,8,24360.6
2015-12-23,16,8,24343.2
2015-12-23,17,8,25225.7
2015-12-23,18,8,27923.4
2015-12-23,19,8,28031.8
2015-12-23,20,8,27742.2
2015-12-23,21,8,27270.9
2015-12-23,22,8,26069.9
2015-12-23,23,8,24516.1
2015-12-23,24,8,22510.1
2015-12-24,1,8,20334.2
2015-12-24,2,8,19062.5
2015-12-24,3,8,18338.8
2015-12-24,4,8,18161.2
2015-12-24,5,8,18424.8
2015-12-24,6,8,19375.9
2015-12-24,7,8,20559.4
2015-12-24,8,8,20913.3
2015-12-24,9,8,21734.0
2015-12-24,10,8,22569.6
2015-12-24,11,8,23269.6
2015-12-24,12,8,23114.0
2015-12-24,13,8,22672.0
2015-12-24,14,8,22792.1
2015-12-24,15,8,22614.7
2015-12-24,16,8,22740.5
2015-12-24,17,8,24174.0
2015-12-24,18,8,26715.6
2015-12-24,19,8,26570.3
2015-12-24,20,8,25548.0
2015-12-24,21,8,24771.1
2015-12-24,22,8,23747.4
2015-12-24,23,8,22553.5
2015-12-24,24,8,21244.0
2015-12-25,1,8,19972.1
2015-12-25,2,8,19253.5
2015-12-25,3,8,18347.0
2015-12-25,4,8,17834.8
2015-12-25,5,8,17607.0
2015-12-25,6,8,17767.5
2015-12-25,7,8,18009.0
2015-12-25,8,8,17532.3
2015-12-25,9,8,17801.7
2015-12-25,10,8,18490.8
2015-12-25,11,8,19017.8
2015-12-25,12,8,19042.2
2015-12-25,13,8,18944.7
2015-12-25,14,8,18801.1
2015-12-25,15,8,18699.3
2015-12-25,16,8,18763.5
2015-12-25,17,8,20099.7
2015-12-25,18,8,22862.3
2015-12-25,19,8,23398.2
2015-12-25,20,8,23366.5
2015-12-25,21,8,23252.8
2015-12-25,22,8,22910.8
2015-12-25,23,8,22039.5
2015-12-25,24,8,20901.5
2015-12-26,1,8,19705.3
2015-12-26,2,8,18855.6
2015-12-26,3,8,18388.7
2015-12-26,4,8,18234.0
2015-12-26,5,8,18368.5
2015-12-26,6,8,18871.1
2015-12-26,7,8,19749.7
2015-12-26,8,8,19871.6
2015-12-26,9,8,20314.2
2015-12-26,10,8,21083.9
2015-12-26,11,8,21975.8
2015-12-26,12,8,22370.8
2015-12-26,13,8,22161.2
2015-12-26,14,8,21929.2
2015-12-26,15,8,21580.5
2015-12-26,16,8,21612.3
2015-12-26,17,8,22891.1
2015-12-26,18,8,25978.3
2015-12-26,19,8,26549.8
2015-12-26,20,8,26460.8
2015-12-26,21,8,26104.0
2015-12-26,22,8,25255.2
2015-12-26,23,8,23842.3
2015-12-26,24,8,22072.3
2015-12-27,1,8,20191.6
2015-12-27,2,8,19091.9
2015-12-27,3,8,18387.5
2015-12-27,4,8,18041.0
2015-12-27,5,8,18062.1
2015-12-27,6,8,18542.3
2015-12-27,7,8,19205.1
2015-12-27,8,8,18940.1
2015-12-27,9,8,19696.2
2015-12-27,10,8,20416.6
2015-12-27,11,8,20994.7
2015-12-27,12,8,21225.2
2015-12-27,13,8,21228.3
2015-12-27,14,8,21261.3
2015-12-27,15,8,21705.6
2015-12-27,16,8,21408.2
2015-12-27,17,8,22716.9
2015-12-27,18,8,25889.5
2015-12-27,19,8,26526.0
2015-12-27,20,8,26540.8
2015-12-27,21,8,26193.1
2015-12-27,22,8,25326.7
2015-12-27,23,8,23644.2
2015-12-27,24,8,21554.1
2015-12-28,1,8,19870.0
2015-12-28,2,8,19061.8
2015-12-28,3,8,18720.4
2015-12-28,4,8,18567.5
2015-12-28,5,8,19034.7
2015-12-28,6,8,20408.5
2015-12-28,7,8,22379.3
2015-12-28,8,8,23198.6
2015-12-28,9,8,24218.3
2015-12-28,10,8,25168.3
2015-12-28,11,8,25864.9
2015-12-28,12,8,25803.1
2015-12-28,13,8,25958.8
2015-12-28,14,8,25704.2
2015-12-28,15,8,25430.8
2015-12-28,16,8,25591.1
2015-12-28,17,8,26867.7
2015-12-28,18,8,29952.3
2015-12-28,19,8,30105.8
2015-12-28,20,8,29115.1
2015-12-28,21,8,28437.0
2015-12-28,22,8,27536.4
2015-12-28,23,8,25546.6
2015-12-28,24,8,22848.7
2015-12-29,1,8,21164.2
2015-12-29,2,8,19561.2
2015-12-29,3,8,18982.6
2015-12-29,4,8,18895.7
2015-12-29,5,8,19285.9
2015-12-29,6,8,20665.7
2015-12-29,7,8,22641.7
2015-12-29,8,8,23113.7
2015-12-29,9,8,24090.3
2015-12-29,10,8,24922.3
2015-12-29,11,8,25256.5
2015-12-29,12,8,25050.6
2015-12-29,13,8,24880.2
2015-12-29,14,8,24532.5
2015-12-29,15,8,24189.1
2015-12-29,16,8,23606.2
2015-12-29,17,8,24553.6
2015-12-29,18,8,27615.0
2015-12-29,19,8,28089.7
2015-12-29,20,8,28067.1
2015-12-29,21,8,27463.6
2015-12-29,22,8,26203.8
2015-12-29,23,8,24815.0
2015-12-29,24,8,22249.6
2015-12-30,1,8,20482.8
2015-12-30,2,8,19469.5
2015-12-30,3,8,18595.1
2015-12-30,4,8,18479.5
2015-12-30,5,8,18849.9
2015-12-30,6,8,20262.0
2015-12-30,7,8,22597.2
2015-12-30,8,8,23017.6
2015-12-30,9,8,23384.2
2015-12-30,10,8,23790.3
2015-12-30,11,8,24184.6
2015-12-30,12,8,24334.7
2015-12-30,13,8,24010.1
2015-12-30,14,8,23883.0
2015-12-30,15,8,23853.7
2015-12-30,16,8,24106.6
2015-12-30,17,8,25737.5
2015-12-30,18,8,28268.6
2015-12-30,19,8,28921.3
2015-12-30,20,8,28764.0
2015-12-30,21,8,27960.6
2015-12-30,22,8,26702.3
2015-12-30,23,8,25034.0
2015-12-30,24,8,22657.0
2015-12-31,1,8,20810.7
2015-12-31,2,8,19880.1
2015-12-31,3,8,19373.4
2015-12-31,4,8,19223.7
2015-12-31,5,8,19562.5
2015-12-31,6,8,20676.7
2015-12-31,7,8,22266.0
2015-12-31,8,8,22551.0
2015-12-31,9,8,22868.7
2015-12-31,10,8,23165.8
2015-12-31,11,8,23460.5
2015-12-31,12,8,23280.1
2015-12-31,13,8,22713.6
2015-12-31,14,8,22409.9
2015-12-31,15,8,22075.0
2015-12-31,16,8,22212.5
2015-12-31,17,8,23342.6
2015-12-31,18,8,26455.1
2015-12-31,19,8,26694.6
2015-12-31,20,8,25771.4
2015-12-31,21,8,24724.1
2015-12-31,22,8,23284.3
2015-12-31,23,8,21973.7
2015-12-31,24,8,20877.6
2016-01-01,1,8,20016.8
2016-01-01,2,8,19445.6
2016-01-01,3,8,18909.4
2016-01-01,4,8,18509.7
2016-01-01,5,8,18413.5
2016-01-01,6,8,18736.3
2016-01-01,7,8,19192.8
2016-01-01,8,8,18560.3
2016-01-01,9,8,18873.5
2016-01-01,10,8,19624.9
2016-01-01,11,8,20236.1
2016-01-01,12,8,20408.5
2016-01-01,13,8,20582.4
2016-01-01,14,8,20430.5
2016-01-01,15,8,20131.6
2016-01-01,16,8,20194.9
2016-01-01,17,8,21394.0
2016-01-01,18,8,24453.1
2016-01-01,19,8,24993.0
2016-01-01,20,8,24919.2
2016-01-01,21,8,24377.6
2016-01-01,22,8,23533.4
2016-01-01,23,8,22303.9
2016-01-01,24,8,20543.9
