,state,county,latitude_gen,longitude_gen,area[m^2],name,year,gentype,axis,azimuth[deg],tilt[deg],battery,capacity[MW],latitude_county,longitude_county,geohash
0,AZ,Maricopa,33.340897,-112.950745,3536609,"Mesquite Solar 3, LLC",2016,PV,single-axis,90.0,52.0,,154.0,33.490147,-112.044016,9mzqxj
1,AZ,Pinal,33.158993,-111.481621,408286,"Poseidon Solar, LLC",2011,PV,single-axis,0.0,0.0,,20.0,33.069323,-111.602135,9w01f3
2,AZ,Yavapai,34.724117,-112.432266,552527,Chino Solar Valley,2012,PV,single-axis,0.0,0.0,batteries,19.0,34.628734,-112.273841,9w01f3
3,AZ,Yavapai,34.690319,-112.40448,277805,Prescott Solar Plant,2011,PV,single-axis,0.0,0.0,,10.4,34.628734,-112.273841,9w01f3
4,AZ,Mohave,35.022823,-114.162453,217560,"Black Mountain Solar, LLC",2012,PV,single-axis,180.0,,,9.0,35.034511,-114.262415,9qndpr
5,AZ,Maricopa,33.498169,-112.813278,364331,Badger 1,2013,PV,single-axis,90.0,,,14.8,33.490147,-112.044016,9mzqxj
6,AZ,Pima,32.145813,-110.87957,274954,Valencia Solar,2013,PV,single-axis,0.0,0.0,,9.0,32.216427,-110.95803,9w01f3
7,AZ,Yuma,32.975842,-113.494888,7321254,Agua Caliente Solar Project,2014,PV,fixed-tilt,195.0,15.0,,290.0,32.641391,-114.605444,9mzqxj
8,AZ,Santa Cruz,31.496433,-111.006905,92813,Rio Rico Solar,2014,PV,fixed-tilt,180.0,25.0,,6.0,31.439234,-110.945948,9mzqxj
9,AZ,Pima,32.042664,-110.959068,438244,Avalon Solar II,2016,PV,single-axis,180.0,,,16.0,32.216427,-110.95803,9w01f3
10,AZ,Pima,32.030869,-110.958588,760619,Avalon Solar,2014,PV,single-axis,90.0,,,29.0,32.216427,-110.95803,9w01f3
11,AZ,Maricopa,32.948589,-112.769775,1024980,Gila Bend Hybrid,2014,PV,single-axis,0.0,0.0,batteries,37.1,33.490147,-112.044016,9mzqxj
12,AZ,Maricopa,33.143986,-112.662712,278308,Desert Star Hybrid,2015,PV,single-axis,0.0,0.0,batteries,11.2,33.490147,-112.044016,9mzqxj
13,AZ,Maricopa,33.525059,-112.382462,269322,Luke Solar,2015,PV,single-axis,180.0,,,11.2,33.490147,-112.044016,9w01f3
14,AZ,Maricopa,33.020905,-112.661697,502333,Paloma Solar Hybrid,2011,PV,fixed-tilt,190.0,25.0,batteries,17.6,33.490147,-112.044016,9mzqxj
15,AZ,Yavapai,34.588615,-113.173943,382216,"RE Bagdad Solar I, LLC",2011,PV,single-axis,180.0,,,15.0,34.628734,-112.273841,9w01f3
16,AZ,Maricopa,33.381248,-113.184517,439241,Saddle Mountain Solar I,2012,PV,single-axis,0.0,0.0,,15.0,33.490147,-112.044016,9mzqxj
17,AZ,Pima,32.370827,-111.238243,638610,"Picture Rocks Solar, LLC",2012,PV,single-axis,180.0,0.0,,20.0,32.216427,-110.95803,9w01f3
18,AZ,Pima,32.371834,-111.283241,811849,Avra Valley Solar,2013,PV,single-axis,180.0,0.0,,26.5,32.216427,-110.95803,9w01f3
19,AZ,Pima,32.101006,-110.81572,128673,Tech Park Solar,2012,PV,fixed-tilt,0.0,0.0,,5.1,32.216427,-110.95803,9w01f3
20,AZ,Maricopa,33.34222,-112.919899,2740768,Mesquite Solar 1,2012,PV,fixed-tilt,180.0,20.0,,170.0,33.490147,-112.044016,9mzqxj
21,AZ,Yuma,32.6395,-114.431351,1291273,Foothills Solar Plant Hybrid,2013,PV,single-axis,0.0,0.0,batteries,37.4,32.641391,-114.605444,9mvgw4
22,AZ,Maricopa,33.304535,-112.833298,3315504,Arlington Valley Solar Energy II,2013,PV,single-axis,90.0,,,129.0,33.490147,-112.044016,9mzqxj
23,AZ,Apache,34.294476,-109.271538,377463,Springerville,2014,PV,"fixed-tilt,single-axis",180.0,25.0,,13.6,35.543654,-109.419015,9w1zzg
24,AZ,Pinal,33.04158,-111.452179,1122685,Sandstone Solar,2015,PV,single-axis,90.0,,,45.0,33.069323,-111.602135,9w01f3
25,AZ,Mohave,34.983955,-114.556343,74954,Mohave Electric at Fort Mohave,2015,PV,fixed-tilt,180.0,22.0,,4.4,35.034511,-114.262415,9qndpr
26,AZ,Pinal,33.053898,-111.340988,873501,Bonnybrooke PV,2016,PV,single-axis,90.0,,,50.0,33.069323,-111.602135,9w01f3
27,AZ,Pinal,32.553082,-111.283096,1142265,Red Rock,2017,PV,single-axis,0.0,0.0,batteries,40.0,33.069323,-111.602135,9w01f3
28,AZ,Mohave,35.349159,-113.914261,1715965,Gray Hawk Solar,2018,PV,single-axis,0.0,0.0,,46.0,35.034511,-114.262415,9qqk6u
29,AZ,Pima,32.170517,-110.897011,270570,Davis Monthan AFB (AZ) West Airfield,2014,PV,single-axis,0.0,0.0,,12.6,32.216427,-110.95803,9w01f3
30,AZ,Cochise,32.257198,-110.1576,1159163,Red Horse 2,2015,PV,single-axis,90.0,,,55.0,31.603486,-110.072835,9w01f3
31,AZ,Cochise,32.066677,-109.92128,418579,Sulphur Springs,2016,PV,single-axis,0.0,0.0,,20.5,31.603486,-110.072835,9w01f3
32,AZ,Cochise,32.068283,-109.888695,518459,Apache Solar 1,2017,PV,single-axis,90.0,,batteries,20.0,31.603486,-110.072835,9w1wf0
33,AZ,Pinal,32.875668,-111.548523,545831,Pinal Central Energy Center Hybrid,2018,PV,single-axis,180.0,,batteries,20.0,33.069323,-111.602135,9w01f3
34,AZ,Pima,32.365116,-112.830803,100250,"RE Ajo 1, LLC",2011,PV,single-axis,180.0,,,4.5,32.216427,-110.95803,9mzqxj
35,AZ,Mohave,35.241589,-114.004585,26485,La Senita,2011,PV,single-axis,180.0,25.0,,1.0,35.034511,-114.262415,9qqk6u
36,AZ,Pima,32.099522,-110.811272,33547,UASTP I,2010,PV,single-axis,180.0,25.0,,1.2,32.216427,-110.95803,9w01f3
37,AZ,Cochise,32.265812,-110.156288,1102580,Red Horse III,2016,PV,single-axis,90.0,,,30.0,31.603486,-110.072835,9w01f3
38,AZ,Maricopa,33.268353,-111.613365,482002,Queen Creek Solar Farm,2012,PV,single-axis,90.0,,,19.0,33.490147,-112.044016,9w01f3
39,AZ,Yuma,33.025455,-113.35939,488596,Hyder II Hybrid,2013,PV,single-axis,0.0,0.0,batteries,14.0,32.641391,-114.605444,9mzqxj
40,AZ,Maricopa,33.823139,-112.240891,75098,Lake Pleasant WTP,2012,PV,single-axis,0.0,0.0,,6.0,33.490147,-112.044016,9w01f3
41,AZ,Pima,32.101948,-110.813362,22134,Cogenra-TEP,2014,PV,single-axis,180.0,0.0,,1.0,32.216427,-110.95803,9w01f3
42,AZ,Pima,32.107056,-110.824226,56971,FRB Solar Farm,2011,PV,dual-axis,180.0,,,1.9,32.216427,-110.95803,9w01f3
43,AZ,Maricopa,33.331272,-112.923386,2211866,"Mesquite Solar 2, LLC",2016,PV,single-axis,90.0,52.0,,100.8,33.490147,-112.044016,9mzqxj
44,AZ,Maricopa,33.035194,-112.660446,483194,Cotton Center Solar Hybrid,2011,PV,single-axis,0.0,0.0,batteries,17.0,33.490147,-112.044016,9mzqxj
45,AZ,Pima,32.28989,-111.032982,21613,Roger Road WWTP,2010,PV,single-axis,0.0,0.0,,0.9,32.216427,-110.95803,9w01f3
46,AZ,Yuma,33.026936,-113.348579,501322,Hyder Solar Hybrid,2012,PV,single-axis,0.0,0.0,batteries,16.0,32.641391,-114.605444,9mzqxj
47,AZ,Yuma,32.686077,-114.495995,66914,Arizona Western College PV,2015,PV,"dual-axis,fixed-tilt,single-axis",180.0,8.0,,5.7,32.641391,-114.605444,9mvgw4
48,AZ,Pinal,32.868855,-111.771843,26164,Walmart Casa Grande,2011,PV,single-axis,180.0,15.0,,2.0,33.069323,-111.602135,9w01f3
49,AZ,Pima,32.117214,-110.819672,81941,Prairie Fire,2012,PV,fixed-tilt,180.0,25.0,,4.5,32.216427,-110.95803,9w01f3
50,AZ,Maricopa,33.356339,-111.803665,45922,"Gilbert Solar Facility I, LLC",2011,PV,single-axis,0.0,0.0,,2.5,33.490147,-112.044016,9w01f3
51,AZ,Pima,32.270088,-110.973587,11969,Amphitheater High School Solar,2016,PV,fixed-tilt,180.0,12.0,,1.0,32.216427,-110.95803,9w01f3
52,AZ,Pima,32.376358,-110.9739,17088,Canyon Del Oro High School Solar,2016,PV,fixed-tilt,180.0,12.0,,4.4,32.216427,-110.95803,9w01f3
53,AZ,Maricopa,33.355053,-112.836372,3204926,"Sun Streams, LLC",2020,PV,single-axis,90.0,,,158.0,33.490147,-112.044016,9mzqxj
54,AZ,La Paz,33.77108,-113.654526,740258,OE_AZ1,2020,PV,single-axis,180.0,0.0,,32.5,33.954185,-114.183775,9mzqxj
55,AZ,Pinal,32.854229,-111.502708,2389089,Saint Solar,2021,PV,single-axis,90.0,,,100.0,33.069323,-111.602135,9w01f3
56,AZ,Navajo,36.788681,-110.238731,1209676,Kayenta Solar Project,2019,PV,single-axis,90.0,50.0,,55.3,34.862151,-110.205157,9w94m0
57,AZ,Maricopa,33.321621,-112.817566,4069214,Sun Streams 2,2021,PV,single-axis,0.0,,,150.0,33.490147,-112.044016,9mzqxj
58,AZ,Pima,32.034618,-110.891869,2795421,"Wilmot Energy Center, LLC",2021,PV,single-axis,90.0,,batteries,130.0,32.216427,-110.95803,9w01f3
59,AZ,Yavapai,34.677792,-112.40593,64406,Prescott Airport,2002,PV,single-axis,30.0,30.0,,3.0,34.628734,-112.273841,9w01f3
60,AZ,Maricopa,33.417732,-112.576042,8869,Buckeye Union HS District 201,2011,PV,fixed-tilt,180.0,8.0,,3.3,33.490147,-112.044016,9mzqxj
61,AZ,Mohave,34.99474,-114.555061,267739,Mohave Electric Cooperative at Joy Lane,2016,PV,single-axis,180.0,,batteries,10.0,35.034511,-114.262415,9qndpr
62,AZ,Pima,32.14167,-110.883904,265427,Raptor Ridge,2022,PV,single-axis,180.0,,,12.5,32.216427,-110.95803,9w01f3
63,AZ,Cochise,31.556108,-110.320694,309092,Fort Huachuca Solar PV Project,2017,PV,fixed-tilt,180.0,25.0,,17.7,31.603486,-110.072835,9w01f3
64,AZ,Maricopa,32.921631,-112.969841,7356372,Solana Generating Station,2013,PV,fixed-tilt,180.0,,,280.0,33.490147,-112.044016,9mzqxj
65,AZ,Maricopa,33.345242,-111.601784,11363,Mesa Solar Array,2013,PV,fixed-tilt,180.0,0.0,,4.0,33.490147,-112.044016,9w01f3
66,AZ,Pima,32.24292,-111.258568,84473,Broadway 2 - Tucson Phase II,2022,PV,single-axis,0.0,0.0,,3.0,32.216427,-110.95803,9w01f3
67,AZ,Pima,32.103825,-110.820801,237862,"Gato Montes Solar, LLC",2012,PV,fixed-tilt,180.0,20.0,,5.0,32.216427,-110.95803,9w01f3
68,AZ,Pima,32.101776,-110.819,41716,Iron Horse Battery Storage Hybrid,2019,PV,fixed-tilt,180.0,25.0,batteries,2.0,32.216427,-110.95803,9w01f3
69,AZ,Mohave,35.303875,-114.015182,84915,Jacobson 5 MW Solar,2017,PV,fixed-tilt,180.0,25.0,,4.4,35.034511,-114.262415,9qqk6u
70,AZ,Maricopa,33.408875,-112.414627,27204,Macys Goodyear,2010,PV,single-axis,180.0,7.0,,3.1,33.490147,-112.044016,9w01f3
71,AZ,Maricopa,33.603123,-111.924934,14793,Jewish Community Center PV,2012,PV,fixed-tilt,180.0,5.0,,1.1,33.490147,-112.044016,9w01f3
72,AZ,Maricopa,33.641567,-111.999748,17664,Paradise Valley H.S. PV,2013,PV,fixed-tilt,180.0,5.0,,1.3,33.490147,-112.044016,9w01f3
73,AZ,Pinal,32.936989,-111.738571,23671,Union HS at Casa Grande,2012,PV,fixed-tilt,180.0,12.0,,1.6,33.069323,-111.602135,9w01f3
74,AZ,Pinal,32.891445,-111.713211,22675,Vista Grande HS at Casa Grande,2012,PV,fixed-tilt,270.0,2.0,,1.4,33.069323,-111.602135,9w01f3
75,AZ,Pima,32.192966,-110.883789,121456,Actus Lend Lease DMAFB,2009,PV,single-axis,180.0,0.0,,3.0,32.216427,-110.95803,9w01f3
76,AZ,Maricopa,33.4347,-111.982971,11431,Phoenix Airport East Economy Lot,2012,PV,fixed-tilt,90.0,5.0,,1.1,33.490147,-112.044016,9w01f3
77,AZ,Maricopa,33.429371,-112.044891,34045,Phoenix Airport Rental Car Center,2012,PV,fixed-tilt,90.0,5.0,,1.6,33.490147,-112.044016,9w01f3
78,AZ,Maricopa,33.243477,-111.88134,89702,Intel - Ocotillo Campus Solar,2017,PV,single-axis,162.0,5.0,,4.2,33.490147,-112.044016,9w01f3
79,AZ,Pima,32.147114,-110.990089,20858,Pima Community College - East Campus,2017,PV,single-axis,180.0,10.0,,1.3,32.216427,-110.95803,9w01f3
80,AZ,Maricopa,33.447266,-112.215454,18090,T0588 Phoenix - AZ,2017,PV,fixed-tilt,180.0,10.0,,1.2,33.490147,-112.044016,9w01f3
81,AZ,Pima,32.16481,-110.816269,15188,Pima Community College,2019,PV,fixed-tilt,180.0,25.0,,1.1,32.216427,-110.95803,9w01f3
82,AZ,Maricopa,33.427879,-111.928764,128210,AZ State University - Tempe Campus Solar,2003,PV,fixed-tilt,180.0,8.0,,2.4,33.490147,-112.044016,9w01f3
83,AZ,Pima,32.342892,-111.028267,18534,Pima Community College NW,2019,PV,single-axis,145.0,14.0,,1.3,32.216427,-110.95803,9w01f3
84,AZ,Pima,32.128586,-110.839195,30407,Amazon TUS2,2022,PV,fixed-tilt,180.0,10.0,,2.6,32.216427,-110.95803,9w01f3
85,AZ,Maricopa,33.34816,-111.602051,22632,Mesa Carport PV,2020,PV,single-axis,180.0,12.0,,4.6,33.490147,-112.044016,9w01f3
86,AZ,Pima,32.246479,-111.257851,121066,Broadway 3 - Tucson Phase I,2011,PV,single-axis,0.0,0.0,,1.0,32.216427,-110.95803,9w01f3
87,AZ,Maricopa,33.356663,-112.914085,1062237,"Mesquite Solar 5, LLC",2022,PV,single-axis,180.0,,batteries,60.0,33.490147,-112.044016,9mzqxj
88,AZ,Maricopa,33.326782,-112.918701,1195236,"Mesquite Solar 4, LLC",2024,PV,single-axis,180.0,0.0,batteries,52.5,33.490147,-112.044016,9mzqxj
89,AZ,Maricopa,33.31216,-112.801582,8226905,Sun Streams 3,2024,PV,single-axis,180.0,0.0,batteries,215.0,33.490147,-112.044016,9mzqxj
90,AZ,Pinal,32.8913,-111.499619,2310887,Storey Solar and Storage,2023,PV,single-axis,180.0,52.0,batteries,122.0,33.069323,-111.602135,9w01f3
91,AZ,Maricopa,33.244144,-112.540268,8240646,Sonoran Solar Energy,2023,PV,single-axis,180.0,52.0,batteries,490.0,33.490147,-112.044016,9mzqxj
92,AZ,Yuma,32.937328,-113.46978,10148626,McFarland A Solar and Storage,2023,PV,single-axis,180.0,52.0,batteries,200.0,32.641391,-114.605444,9mzqxj
93,AZ,Cochise,31.556032,-109.701393,427421,SR McNeal,2023,PV,single-axis,180.0,,batteries,20.0,31.603486,-110.072835,9w01f3
94,AZ,Mohave,34.993538,-114.548286,406720,Mohave Energy - Hybrid,2023,PV,single-axis,180.0,,batteries,17.6,35.034511,-114.262415,9qndpr
95,AZ,Maricopa,33.48233,-112.348412,34587,Estrella Mountain PV,2019,PV,fixed-tilt,180.0,5.0,,1.8,33.490147,-112.044016,9w01f3
96,AZ,Maricopa,33.112438,-112.671204,481796,"RE Gillespie 1, LLC",2013,PV,fixed-tilt,90.0,,,15.0,33.490147,-112.044016,9mzqxj
97,AZ,Pinal,32.867287,-111.583183,4331367,Eleven Mile Solar Center,2024,PV,single-axis,180.0,0.0,batteries,300.0,33.069323,-111.602135,9w01f3
98,AZ,Pinal,32.834732,-111.592674,2790819,"West Line Solar, LLC",2022,PV,single-axis,0.0,0.0,,100.0,33.069323,-111.602135,9w01f3
99,AZ,Pinal,32.839687,-111.577103,3295584,"Central Line Solar, LLC",2022,PV,single-axis,0.0,25.0,,100.0,33.069323,-111.602135,9w01f3
100,AZ,Pinal,32.844509,-111.558693,2274901,East Line Solar,2020,PV,single-axis,180.0,,,100.0,33.069323,-111.602135,9w01f3
101,CA,Fresno,36.177353,-120.108421,373343,Huron Solar Station,2012,PV,fixed-tilt,180.0,25.0,,20.0,36.743848,-119.765291,9q6tde
102,CA,San Diego,33.26524,-116.32798,162688,"Desert Green Solar Farm, LLC",2014,PV,dual-axis,180.0,,,6.3,32.884418,-117.112348,9qj152
103,CA,Los Angeles,34.709404,-118.304771,606208,"TA-High Desert, LLC",2013,PV,single-axis,0.0,0.0,,20.0,34.067886,-118.24599,9qhh0n
104,CA,Los Angeles,34.708588,-118.274109,42700,Horn,2013,PV,single-axis,45.0,0.0,,1.5,34.067886,-118.24599,9qhh0n
105,CA,Fresno,36.176746,-120.115349,383759,Gates Solar Station,2013,PV,fixed-tilt,180.0,25.0,,20.0,36.743848,-119.765291,9q6tde
106,CA,Kern,34.903488,-118.242989,501866,"RE Rosamond Two, LLC",2014,PV,single-axis,90.0,,,20.0,35.369809,-118.941786,9qhh0n
107,CA,Madera,36.941044,-120.046432,25159,Madera Community Hospital,2011,PV,single-axis,180.0,20.0,,1.0,37.037074,-120.009796,9qd9xh
108,CA,Imperial,32.96711,-115.532692,20475,Crown Cooling Facility,2011,PV,fixed-tilt,180.0,30.0,,1.0,32.841599,-115.540049,9mvffm
109,CA,Tulare,35.801178,-119.110886,35025,Castle Rock Vineyards,2010,PV,fixed-tilt,180.0,20.0,,1.0,36.254134,-119.23454,9q713t
110,CA,Los Angeles,34.665581,-118.288132,37444,Radiance Solar 4,2013,PV,fixed-tilt,200.0,25.0,,1.5,34.067886,-118.24599,9qhh0n
111,CA,Kings,35.990852,-120.106659,186186,Avenal Park,2011,PV,fixed-tilt,180.0,25.0,,6.0,36.252657,-119.726922,9q6tde
112,CA,San Bernardino,34.552307,-117.456764,33871,"Industry Solar Power Generation Station 1, LLC",2013,PV,single-axis,90.0,,,1.5,34.190969,-117.359766,9qhkxd
113,CA,Sacramento,38.253094,-121.279022,63138,SMUD at Van Conett,2011,PV,fixed-tilt,210.0,20.0,,2.9,38.568337,-121.381235,9qcf5u
114,CA,Kern,35.018776,-118.175522,1135053,"RE Columbia 3, LLC",2014,PV,single-axis,90.0,,,10.0,35.369809,-118.941786,9qhh0n
115,CA,San Bernardino,34.509182,-117.153824,29298,Nunn,2013,PV,single-axis,180.0,0.0,,1.0,34.190969,-117.359766,9qhe90
116,CA,Riverside,33.923347,-116.594551,51433,North Palm Springs 1A,2012,PV,single-axis,225.0,45.0,,2.4,33.799274,-117.076969,9qj152
117,CA,Los Angeles,34.618626,-117.939522,49148,SEPV 1,2012,PV,single-axis,90.0,,,2.0,34.067886,-118.24599,9qhh0n
118,CA,Los Angeles,34.655113,-118.051147,57613,Arrache 4006,2013,PV,single-axis,112.0,0.0,,2.0,34.067886,-118.24599,9qhh0n
119,CA,San Bernardino,34.166359,-116.236092,484286,Cascade Solar,2014,PV,single-axis,90.0,,,18.5,34.190969,-117.359766,9qj152
120,CA,Tulare,36.387268,-119.255203,59643,Ivanhoe Solar,2014,PV,fixed-tilt,180.0,20.0,,3.5,36.254134,-119.23454,9qdbm8
121,CA,Los Angeles,34.654388,-117.971146,31867,Heliocentric,2012,PV,fixed-tilt,180.0,30.0,,1.3,34.067886,-118.24599,9qhh0n
122,CA,Yolo,38.50153,-121.693001,41431,Grassland 3&4 Solar Project,2013,PV,dual-axis,180.0,,,2.5,38.598163,-121.718874,9qc63x
123,CA,Los Angeles,34.65062,-118.051933,46327,Arrache 4013,2013,PV,single-axis,45.0,0.0,,1.5,34.067886,-118.24599,9qhh0n
124,CA,Sacramento,38.237911,-121.338058,63992,SMUD at Fleshman,2011,PV,fixed-tilt,210.0,20.0,,2.9,38.568337,-121.381235,9qcf5u
125,CA,Los Angeles,34.647942,-118.061073,126849,Arrache 8083,2013,PV,single-axis,45.0,0.0,,4.0,34.067886,-118.24599,9qhh0n
126,CA,Tulare,36.211926,-119.133774,59043,Lindsay Solar,2014,PV,fixed-tilt,180.0,20.0,,4.0,36.254134,-119.23454,9qdbm8
127,CA,Solano,38.231937,-122.092697,28633,SunEdison Anheuser Busch Fairfield,2008,PV,single-axis,0.0,0.0,,0.9,38.236295,-122.067272,9qc63x
128,CA,Riverside,33.565189,-114.918556,107874,"Ironwood Solar, LLC",2012,PV,single-axis,180.0,0.0,,4.0,33.799274,-117.076969,9mvgw4
129,CA,San Bernardino,34.594303,-117.194878,29356,SunEdison Walmart Apple Valley DC,2009,PV,single-axis,0.0,0.0,,0.9,34.190969,-117.359766,9qhkxd
130,CA,Solano,38.410854,-121.926422,52646,Vaca Dixon Solar Station,2009,PV,fixed-tilt,180.0,30.0,,2.0,38.236295,-122.067272,9qc63x
131,CA,Riverside,33.923046,-116.530144,50681,Desert Hot Springs Solar,2013,PV,single-axis,90.0,45.0,,2.2,33.799274,-117.076969,9qj152
132,CA,San Bernardino,34.600784,-117.642349,61009,Watts 3115,2013,PV,single-axis,112.0,0.0,,2.0,34.190969,-117.359766,9qhkxd
133,CA,Los Angeles,34.64378,-118.162132,105083,Rutan,2014,PV,single-axis,135.0,0.0,,4.0,34.067886,-118.24599,9qhh0n
134,CA,Fresno,36.759624,-120.365929,161468,CalRenew-1,2010,PV,fixed-tilt,198.0,20.0,,5.0,36.743848,-119.765291,9qd2ds
135,CA,Kings,35.985184,-120.10141,510473,"Sun City Project, LLC",2011,PV,fixed-tilt,180.0,25.0,,20.0,36.252657,-119.726922,9q6tde
136,CA,San Bernardino,34.853706,-116.683182,40277,"Newberry Solar 1, LLC",2013,PV,dual-axis,180.0,,,1.5,34.190969,-117.359766,9qhkxd
137,CA,Imperial,32.983337,-115.481895,125986,Community Solar 1,2014,PV,single-axis,180.0,,,6.0,32.841599,-115.540049,9mvgw4
138,CA,Los Angeles,34.669018,-118.061157,45524,Vinam,2013,PV,single-axis,45.0,0.0,,1.5,34.067886,-118.24599,9qhh0n
139,CA,Sacramento,38.338753,-121.431259,22853,SMUD at Lawrence,2011,PV,fixed-tilt,210.0,20.0,,1.0,38.568337,-121.381235,9qcem3
140,CA,Tulare,36.538177,-119.426155,26886,Dinuba Wastewater Treatment Plant,2011,PV,single-axis,90.0,,,1.0,36.254134,-119.23454,9qdbm8
141,CA,Los Angeles,34.695129,-118.062576,20640,Ma,2013,PV,single-axis,180.0,0.0,,1.5,34.067886,-118.24599,9qhh0n
142,CA,Kern,34.904114,-118.251244,491623,"RE Rosamond One, LLC",2014,PV,single-axis,90.0,,,20.0,35.369809,-118.941786,9qhh0n
143,CA,Butte,39.373371,-121.684357,26069,Gridley Main,2013,PV,single-axis,0.0,0.0,,1.0,39.658926,-121.72651,9r1867
144,CA,Tulare,36.101303,-119.038506,97096,Porterville Solar,2014,PV,fixed-tilt,180.0,20.0,,3.5,36.254134,-119.23454,9qdbm8
145,CA,Butte,39.373287,-121.681458,55563,Gridley Main Two,2013,PV,single-axis,0.0,0.0,,2.5,39.658926,-121.72651,9r1867
146,CA,Sacramento,38.469517,-121.18248,61409,"RE Dillard 1, LLC",2012,PV,single-axis,90.0,,,3.0,38.568337,-121.381235,9qcf5u
147,CA,Sacramento,38.463104,-121.180084,70069,"RE Dillard 3, LLC",2012,PV,single-axis,90.0,,,3.0,38.568337,-121.381235,9qcf5u
148,CA,Sacramento,38.466026,-121.178085,66488,"RE Dillard 2, LLC",2012,PV,single-axis,90.0,,,3.0,38.568337,-121.381235,9qcf5u
149,CA,Sacramento,38.28355,-121.461632,25596,Green Acres Solar Facility 2,2012,PV,single-axis,0.0,0.0,,0.9,38.568337,-121.381235,9qcem3
150,CA,Sacramento,38.282097,-121.465538,82056,Green Acres Solar Facility 1,2012,PV,single-axis,90.0,,,2.8,38.568337,-121.381235,9qcem3
151,CA,Los Angeles,34.654385,-117.973259,32453,L-8 Solar Project,2012,PV,fixed-tilt,180.0,30.0,,1.3,34.067886,-118.24599,9qhh0n
152,CA,Riverside,33.56847,-114.917992,80901,Chuckawalla Solar,2012,PV,single-axis,180.0,0.0,,4.0,33.799274,-117.076969,9mvgw4
153,CA,Riverside,33.566906,-114.918045,81974,SunEdison Ironwood State Prison,2008,PV,single-axis,90.0,,,0.9,33.799274,-117.076969,9mvgw4
154,CA,San Luis Obispo,35.372162,-120.055847,12480862,Topaz Solar Farm,2014,PV,fixed-tilt,180.0,25.0,,585.9,35.341822,-120.665804,9q713t
155,CA,Kern,35.103962,-118.954208,516716,Adobe Solar,2014,PV,single-axis,90.0,,,19.6,35.369809,-118.941786,9q713t
156,CA,Los Angeles,34.128029,-118.20668,6990,Occidental College Solar Project,2013,PV,fixed-tilt,220.0,25.0,,1.0,34.067886,-118.24599,9q5fq8
157,CA,Los Angeles,34.664955,-118.28685,18210,Radiance Solar 5,2013,PV,fixed-tilt,200.0,25.0,,1.5,34.067886,-118.24599,9qhh0n
158,CA,San Bernardino,34.043324,-117.097061,31599,Crafton Hills College Solar Farm,2012,PV,dual-axis,180.0,0.0,,1.3,34.190969,-117.359766,9qh8k2
159,CA,San Bernardino,34.17411,-116.152878,60191,SEPV 2,2012,PV,single-axis,90.0,,,2.0,34.190969,-117.359766,9qj152
160,CA,San Bernardino,34.48011,-117.25782,26560,Victor Valley CC CPV Solar,2010,PV,dual-axis,180.0,,,1.0,34.190969,-117.359766,9qhe90
161,CA,San Bernardino,34.512249,-117.47831,449618,"RE Victor Phelan Solar One, LLC",2013,PV,single-axis,90.0,,,17.5,34.190969,-117.359766,9qhkxd
162,CA,Los Angeles,34.320267,-118.430824,21755,Maclay Solar Project,2017,PV,fixed-tilt,180.0,10.0,,2.2,34.067886,-118.24599,9q5g0q
163,CA,Kern,35.402756,-119.038055,19331,Improvement Dst No. 4,2009,PV,fixed-tilt,180.0,22.0,,1.1,35.369809,-118.941786,9q713t
164,CA,Kern,35.64764,-119.716316,27556,Nickel 1 Solar Facility,2012,PV,fixed-tilt,180.0,25.0,,1.5,35.369809,-118.941786,9q713t
165,CA,Los Angeles,34.122639,-117.939377,43064,"Irwindale Brew Yard, LLC",2015,PV,single-axis,28.0,28.0,,2.5,34.067886,-118.24599,9qh18k
166,CA,Solano,38.400021,-121.964363,13581,Mariani Packing Vacaville Solar,2008,PV,single-axis,100.0,,,0.9,38.236295,-122.067272,9qc63x
167,CA,Yolo,38.658119,-121.733559,37266,Yolo County Solar Project,2010,PV,dual-axis,180.0,,,1.0,38.598163,-121.718874,9qcem3
168,CA,Sacramento,38.516212,-121.475655,49506,"Solar Star California II, LLC",2012,PV,single-axis,180.0,,,2.0,38.568337,-121.381235,9qcem3
169,CA,Imperial,32.770428,-115.784019,3584553,Imperial Solar Energy Center West,2016,PV,single-axis,180.0,0.0,,148.7,32.841599,-115.540049,9mvffm
170,CA,San Bernardino,34.398251,-116.869667,166077,"Lone Valley Solar Park I, LLC",2014,PV,single-axis,90.0,50.0,,10.0,34.190969,-117.359766,9qhe90
171,CA,Fresno,36.395424,-120.10778,346422,Five Points Solar Station,2011,PV,fixed-tilt,180.0,25.0,,15.0,36.743848,-119.765291,9q6tde
172,CA,Fresno,36.523819,-120.123306,363847,Stroud Solar Station,2011,PV,fixed-tilt,180.0,25.0,,20.0,36.743848,-119.765291,9qd2ds
173,CA,Stanislaus,37.736553,-120.990341,488240,Axium Modesto Solar,2012,PV,single-axis,0.0,0.0,,25.8,37.618447,-120.955882,9qcbq0
174,CA,Fresno,36.141884,-120.132736,185941,West Gates Solar Station,2013,PV,fixed-tilt,180.0,25.0,,10.0,36.743848,-119.765291,9q6tde
175,CA,Tulare,35.815506,-119.451019,493186,Atwell Island,2013,PV,fixed-tilt,180.0,18.0,,20.2,36.254134,-119.23454,9q713t
176,CA,Riverside,33.818886,-115.389389,11995765,"Desert Sunlight 300, LLC",2014,PV,fixed-tilt,120.0,22.0,,313.7,33.799274,-117.076969,9mvgw4
177,CA,Imperial,33.083042,-115.468666,1312735,Solar Gen 2 Solar Facility,2014,PV,single-axis,90.0,,,155.1,32.841599,-115.540049,9mvgw4
178,CA,Fresno,36.37817,-120.123962,271465,Westside Solar Station,2011,PV,fixed-tilt,180.0,25.0,,15.0,36.743848,-119.765291,9q6tde
179,CA,Imperial,33.246208,-115.497093,382874,"Imperial Valley Solar Company 1, LLC",2012,PV,fixed-tilt,180.0,30.0,,23.0,32.841599,-115.540049,9mvgw4
180,CA,San Bernardino,34.547943,-117.44014,139299,Adelanto Solar Project,2012,PV,fixed-tilt,180.0,30.0,,10.0,34.190969,-117.359766,9qhkxd
181,CA,Fresno,36.424538,-120.343079,469938,Cantua Solar Station,2012,PV,fixed-tilt,180.0,25.0,,20.0,36.743848,-119.765291,9qd2ds
182,CA,Fresno,36.527916,-120.311974,235191,Giffen,2012,PV,fixed-tilt,180.0,25.0,,10.0,36.743848,-119.765291,9qd2ds
183,CA,Tulare,35.899235,-119.439537,1684438,Alpaugh 50,2012,PV,single-axis,0.0,0.0,,50.0,36.254134,-119.23454,9q713t
184,CA,Tulare,35.909054,-119.426903,214424,Alpaugh North,2012,PV,single-axis,0.0,0.0,,20.0,36.254134,-119.23454,9q713t
185,CA,Kern,35.229507,-118.193428,124781,Pine Tree Solar Project,2013,PV,fixed-tilt,180.0,30.0,,8.5,35.369809,-118.941786,9qhh0n
186,CA,San Bernardino,34.172176,-116.154091,323372,SEPV 8,2013,PV,single-axis,180.0,,,12.0,34.190969,-117.359766,9qj152
187,CA,San Bernardino,34.189892,-116.091637,255267,SEPV9 Power Plant,2013,PV,single-axis,180.0,,,8.5,34.190969,-117.359766,9qj152
188,CA,Kings,36.163406,-119.650314,562406,Guernsey Solar Station,2013,PV,single-axis,90.0,0.0,,20.0,36.252657,-119.726922,9q6tde
189,CA,Kings,36.221313,-119.829948,678972,"RE Kansas South, LLC",2013,PV,single-axis,0.0,0.0,,20.0,36.252657,-119.726922,9q6tde
190,CA,Kings,36.142132,-119.572922,572356,Corcoran Solar,2013,PV,single-axis,0.0,0.0,,20.0,36.252657,-119.726922,9q6tde
191,CA,Imperial,32.746948,-115.71212,3347406,Campo Verde Solar,2013,PV,fixed-tilt,180.0,25.0,,147.4,32.841599,-115.540049,9mvffm
192,CA,Kern,34.930923,-118.333778,2210755,"Catalina Solar, LLC",2012,PV,fixed-tilt,178.0,20.0,,110.0,35.369809,-118.941786,9q5sgb
193,CA,San Luis Obispo,35.317455,-119.925659,4540803,California Valley Solar Ranch,2013,PV,single-axis,90.0,0.0,,250.0,35.341822,-120.665804,9q713t
194,CA,Kings,35.980694,-120.102348,694586,"Sand Drag, LLC",2011,PV,fixed-tilt,180.0,25.0,,19.0,36.252657,-119.726922,9q6tde
195,CA,Sacramento,38.450119,-121.164253,29197,"Sacramento Soleil, LLC",2008,PV,fixed-tilt,205.0,45.0,,1.0,38.568337,-121.381235,9qcf5u
196,CA,Fresno,36.678879,-119.797539,44540,La Joya Del Sol,2012,PV,single-axis,90.0,,,1.5,36.743848,-119.765291,9qdbm8
197,CA,Sacramento,38.515354,-121.401009,69878,Depot Park Solar System,2010,PV,single-axis,90.0,,,3.0,38.568337,-121.381235,9qcem3
198,CA,Sacramento,38.561256,-121.259186,18548,FAA NorCal TRACON,2012,PV,single-axis,90.0,0.0,,1.0,38.568337,-121.381235,9qcem3
199,CA,Riverside,33.59705,-114.571953,13490,Venable Solar 2,2015,PV,fixed-tilt,198.0,20.0,,1.5,33.799274,-117.076969,9qndpr
200,CA,Riverside,33.598564,-114.571678,39818,Venable Solar 1,2015,PV,fixed-tilt,198.0,20.0,,1.5,33.799274,-117.076969,9qndpr
201,CA,Tulare,36.505253,-119.540115,63991,Kingsburg Solar,2013,PV,fixed-tilt,180.0,20.0,,3.7,36.254134,-119.23454,9qdbm8
202,CA,Tulare,36.265953,-119.128349,57857,Exeter Solar,2014,PV,fixed-tilt,180.0,20.0,,3.5,36.254134,-119.23454,9qdbm8
203,CA,San Joaquin,38.135937,-121.148811,46875,Bear Creek Solar,2014,PV,single-axis,180.0,20.0,,1.5,37.924541,-121.302289,9qcbq0
204,CA,San Joaquin,38.121372,-121.141251,34393,Kettleman Solar Project,2014,PV,single-axis,180.0,20.0,,1.0,37.924541,-121.302289,9qcbq0
205,CA,Alameda,37.633717,-122.139709,43424,City of Hayward WWTP,2010,PV,single-axis,180.0,0.0,,1.6,37.706599,-122.098766,9q9jk9
206,CA,Riverside,33.891071,-116.543137,78292,"Garnet Solar Generation Station I, LLC",2014,PV,single-axis,0.0,0.0,,4.0,33.799274,-117.076969,9qj152
207,CA,Tuolumne,37.890377,-120.52581,44261,Sonora 1,2013,PV,single-axis,0.0,0.0,,1.5,37.972006,-120.325224,9qcbq0
208,CA,Sacramento,38.644085,-121.172447,24358,Intel Folsom,2010,PV,single-axis,205.0,12.0,,1.0,38.568337,-121.381235,9qcggm
209,CA,Los Angeles,34.780018,-118.427361,5544553,AV Solar Ranch One,2014,PV,fixed-tilt,180.0,25.0,,241.5,34.067886,-118.24599,9q5sgb
210,CA,San Diego,33.291626,-116.353821,514184,Solar Borrego I,2013,PV,single-axis,45.0,45.0,,26.0,32.884418,-117.112348,9qj152
211,CA,Kern,35.299591,-118.848846,1703174,Regulus Solar Project,2014,PV,single-axis,0.0,0.0,,60.0,35.369809,-118.941786,9q713t
212,CA,Sacramento,38.36483,-121.412766,404740,SMUD at Grundman,2011,PV,fixed-tilt,210.0,20.0,,18.0,38.568337,-121.381235,9qcem3
213,CA,Madera,36.942734,-120.15889,38593,City of Madera WWTP,2009,PV,dual-axis,180.0,,,1.0,37.037074,-120.009796,9qd9xh
214,CA,Sacramento,38.613438,-121.163208,38449,Aerojet I,2009,PV,single-axis,225.0,45.0,,3.0,38.568337,-121.381235,9qcggm
215,CA,Kern,35.634281,-117.651581,202780,Naval Air Weapons Station China Lake,2012,PV,single-axis,0.0,0.0,,11.1,35.369809,-118.941786,9qhkxd
216,CA,San Luis Obispo,35.557911,-120.681908,49470,Vintner Solar,2014,PV,single-axis,180.0,20.0,,1.5,35.341822,-120.665804,9q613c
217,CA,Riverside,33.591465,-114.745087,555075,"Solar Blythe, LLC",2009,PV,fixed-tilt,180.0,24.0,,21.0,33.799274,-117.076969,9qndpr
218,CA,San Benito,36.629772,-120.891312,3272893,Panoche Valley Solar Farm,2018,PV,single-axis,0.0,,,140.0,36.843074,-121.402614,9qd2ds
219,CA,Sacramento,38.609425,-121.169853,58630,Aerojet II,2010,PV,single-axis,225.0,45.0,,2.7,38.568337,-121.381235,9qcggm
220,CA,Tulare,35.875427,-119.452469,536844,White River Solar,2013,PV,single-axis,0.0,0.0,,20.0,36.254134,-119.23454,9q713t
221,CA,Riverside,33.701519,-114.75563,7251029,McCoy Solar Energy Project Hybrid,2016,PV,single-axis,0.0,0.0,batteries,270.6,33.799274,-117.076969,9qndpr
222,CA,Sacramento,38.34787,-121.1119,1739195,"Rancho Seco Solar II, LLC",2020,PV,fixed-tilt,210.0,20.0,,160.0,38.568337,-121.381235,9qcf5u
223,CA,Fresno,36.78363,-119.713173,12623,Gap Pacific Distribution Center,2008,PV,single-axis,90.0,,,1.2,36.743848,-119.765291,9qd9xh
224,CA,Riverside,33.565266,-114.903854,18014,Chuckawalla Valley State Prison,2006,PV,fixed-tilt,180.0,20.0,,0.9,33.799274,-117.076969,9mvgw4
225,CA,Tulare,36.028652,-119.075829,109317,Solar Photovoltaic Project #42,2012,PV,fixed-tilt,180.0,25.0,,5.0,36.254134,-119.23454,9q713t
226,CA,San Francisco,37.750828,-122.483521,47445,Sunset Reservoir North Basin,2010,PV,fixed-tilt,180.0,6.0,,4.5,37.760569,-122.436499,9q8yyc
227,CA,Stanislaus,37.858418,-120.895416,40364,Robert O Schulz Solar Farm,2009,PV,dual-axis,180.0,,,1.3,37.618447,-120.955882,9qcbq0
228,CA,Riverside,33.908672,-116.56015,85218,North Palm Springs 4A,2012,PV,single-axis,225.0,45.0,,4.0,33.799274,-117.076969,9qj152
229,CA,Riverside,33.666084,-114.656906,32527,Palo Verde College,2009,PV,single-axis,0.0,30.0,,1.2,33.799274,-117.076969,9qndpr
230,CA,Kern,35.048908,-118.16391,4603,"RE Rio Grande Solar, LLC",2013,PV,single-axis,90.0,,,5.0,35.369809,-118.941786,9qhh0n
231,CA,Kern,34.907639,-117.920593,28966,Edwards Air Force Base,2011,PV,single-axis,180.0,20.0,,3.0,35.369809,-118.941786,9qhh0n
232,CA,Kings,36.141987,-119.581688,385978,Corcoran Solar 2,2015,PV,single-axis,0.0,0.0,,19.8,36.252657,-119.726922,9q6tde
233,CA,Los Angeles,34.61227,-117.939583,309763,SEPV Palmdale East,2015,PV,single-axis,90.0,,,10.0,34.067886,-118.24599,9qhh0n
234,CA,Kings,36.221973,-119.910355,612370,"RE Kent South, LLC",2014,PV,single-axis,180.0,45.0,,19.4,36.252657,-119.726922,9q6tde
235,CA,Imperial,33.116482,-116.00161,583260,Seville 1,2015,PV,single-axis,180.0,,,20.0,32.841599,-115.540049,9mvffm
236,CA,Imperial,33.109169,-116.002991,813391,Seville 2,2015,PV,single-axis,180.0,,,30.0,32.841599,-115.540049,9mvffm
237,CA,Madera,37.120529,-120.324509,447630,Adera Solar,2015,PV,fixed-tilt,180.0,25.0,,20.0,37.037074,-120.009796,9qd9xh
238,CA,Stanislaus,37.367123,-121.149864,546819,"Frontier Solar, LLC",2016,PV,single-axis,180.0,,,20.0,37.618447,-120.955882,9q9fy1
239,CA,Kings,36.21822,-119.80423,2005790,Henrietta Solar Project,2016,PV,single-axis,90.0,,,102.0,36.252657,-119.726922,9q6tde
240,CA,Kings,36.240337,-119.915245,2965683,"RE Mustang, LLC",2016,PV,single-axis,0.0,0.0,batteries,100.0,36.252657,-119.726922,9q6tde
241,CA,Fresno,36.393475,-120.23996,1633012,Five Points Solar Park,2016,PV,single-axis,180.0,,,60.0,36.743848,-119.765291,9q6tde
242,CA,Tulare,35.831024,-119.049591,280869,Tropico Solar PV Plant,2016,PV,single-axis,90.0,,,14.0,36.254134,-119.23454,9q713t
243,CA,Tulare,35.822189,-119.039787,688146,Nicolis Solar PV Plant,2016,PV,single-axis,90.0,,,20.0,36.254134,-119.23454,9q713t
244,CA,Tulare,35.855438,-119.068504,474176,CED Ducor 1,2016,PV,single-axis,0.0,0.0,,20.0,36.254134,-119.23454,9q713t
245,CA,Fresno,36.876816,-120.667732,415699,Oro Loma,2017,PV,single-axis,0.0,0.0,,20.0,36.743848,-119.765291,9qd2ds
246,CA,Kings,35.996052,-120.151901,382739,CED Avenal,2017,PV,single-axis,0.0,0.0,,15.8,36.252657,-119.726922,9q6tde
247,CA,Fresno,36.554382,-120.339149,562087,Giffen Solar Park,2017,PV,single-axis,180.0,,,20.0,36.743848,-119.765291,9qd2ds
248,CA,Fresno,36.54837,-120.345673,239655,Aspiration G,2017,PV,single-axis,90.0,,,9.0,36.743848,-119.765291,9qd2ds
249,CA,Monterey,35.871853,-120.331581,3112814,"CA Flats Solar 130, LLC",2017,PV,single-axis,180.0,,,130.0,36.614681,-121.646692,9q6tde
250,CA,Santa Barbara,34.901577,-119.590942,951940,"Cuyama Solar, LLC",2017,PV,single-axis,90.0,,,40.0,34.645128,-120.1029,9q713t
251,CA,Kern,34.829704,-118.4795,3067334,RE Astoria 2,2016,PV,single-axis,0.0,0.0,,75.0,35.369809,-118.941786,9q5sgb
252,CA,Los Angeles,34.716572,-118.291832,108960,Lancaster Dry Farm Ranch B,2014,PV,single-axis,90.0,,,5.0,34.067886,-118.24599,9qhh0n
253,CA,Los Angeles,34.723656,-118.293793,51106,Summer Solar A2,2014,PV,fixed-tilt,193.0,25.0,,1.5,34.067886,-118.24599,9qhh0n
254,CA,Los Angeles,34.728798,-118.296379,199780,Summer North Solar,2014,PV,fixed-tilt,193.0,25.0,,6.5,34.067886,-118.24599,9qhh0n
255,CA,Los Angeles,34.727222,-118.313873,504272,Western Antelope Blue Sky B,2016,PV,single-axis,90.0,,,20.0,34.067886,-118.24599,9qhh0n
256,CA,Los Angeles,34.726624,-118.302391,793259,Elevation Solar C,2016,PV,single-axis,90.0,,,40.0,34.067886,-118.24599,9qhh0n
257,CA,Los Angeles,34.698238,-118.337646,429006,Sierra Solar Greenworks,2015,PV,fixed-tilt,193.0,25.0,,20.0,34.067886,-118.24599,9qhh0n
258,CA,Los Angeles,34.689781,-118.328484,656136,"TA-Acacia, LLC",2014,PV,single-axis,180.0,60.0,,19.7,34.067886,-118.24599,9qhh0n
259,CA,Kern,35.020439,-118.278366,569869,SEPV Mojave West,2016,PV,single-axis,90.0,,,20.0,35.369809,-118.941786,9q5sgb
260,CA,Los Angeles,34.725449,-118.308754,198609,Western Antelope Dry Ranch,2016,PV,single-axis,90.0,,,10.0,34.067886,-118.24599,9qhh0n
261,CA,Los Angeles,34.613609,-117.936188,70344,SEPV 18,2016,PV,single-axis,90.0,,,2.0,34.067886,-118.24599,9qhh0n
262,CA,Kern,35.608788,-119.844429,389390,Blackwell Solar Park,2019,PV,single-axis,0.0,,,20.0,35.369809,-118.941786,9q713t
263,CA,Los Angeles,34.696331,-118.062523,21088,Lancaster Baptist Church,2011,PV,single-axis,180.0,20.0,,1.0,34.067886,-118.24599,9qhh0n
264,CA,Los Angeles,34.712864,-118.290512,47905,Rodeo Solar C2,2014,PV,fixed-tilt,193.0,25.0,,1.5,34.067886,-118.24599,9qhh0n
265,CA,Los Angeles,34.711914,-118.291985,24851,Rodeo Solar D2,2014,PV,fixed-tilt,193.0,25.0,,1.5,34.067886,-118.24599,9qhh0n
266,CA,San Diego,33.233067,-117.001488,102751,Valley Center 2,2013,PV,single-axis,0.0,45.0,,5.0,32.884418,-117.112348,9mudw2
267,CA,San Bernardino,34.544533,-117.192795,20010,"Otoe Solar Power Generation Station 1, LLC",2013,PV,fixed-tilt,198.0,20.0,,1.5,34.190969,-117.359766,9qhkxd
268,CA,Los Angeles,34.701057,-118.124893,16000,Kettering Solar 1,2014,PV,fixed-tilt,180.0,5.0,,1.0,34.067886,-118.24599,9qhh0n
269,CA,Kern,35.145836,-118.887207,345018,Orion Solar I,2014,PV,single-axis,90.0,,,12.0,35.369809,-118.941786,9q713t
270,CA,San Benito,36.831898,-121.404083,37230,"Enerparc CA1, LLC",2014,PV,fixed-tilt,200.0,28.0,,1.5,36.843074,-121.402614,9q92vz
271,CA,San Bernardino,34.550339,-117.192741,49408,"Navajo Solar Power Generation Station 1, LLC",2013,PV,single-axis,90.0,,,1.5,34.190969,-117.359766,9qhkxd
272,CA,Kings,36.148209,-119.589127,449602,Corcoran Solar 3,2016,PV,single-axis,0.0,0.0,,21.2,36.252657,-119.726922,9q6tde
273,CA,San Bernardino,34.583382,-117.341454,39717,Expressway Solar B,2014,PV,fixed-tilt,193.0,25.0,,2.0,34.190969,-117.359766,9qhkxd
274,CA,Sonoma,38.77491,-123.017883,28302,Cloverdale Solar I,2014,PV,fixed-tilt,180.0,25.0,,1.5,38.412281,-122.720368,9qben2
275,CA,San Bernardino,34.496395,-117.144173,40550,"Powhatan Solar Power Generation Station 1, LLC",2013,PV,single-axis,90.0,,,1.5,34.190969,-117.359766,9qhe90
276,CA,San Diego,33.011589,-116.874756,111465,Ramona 2,2013,PV,single-axis,0.0,45.0,,5.0,32.884418,-117.112348,9mudw2
277,CA,Los Angeles,34.708935,-118.129738,23011,Division 2,2014,PV,fixed-tilt,180.0,5.0,,1.0,34.067886,-118.24599,9qhh0n
278,CA,Contra Costa,38.00172,-121.703674,24844,California PV Energy at ISD WWTP,2014,PV,fixed-tilt,168.0,30.0,,1.0,37.93501,-122.024961,9qc26h
279,CA,Los Angeles,34.721409,-118.311249,239257,North Lancaster Ranch,2016,PV,fixed-tilt,180.0,25.0,,20.0,34.067886,-118.24599,9qhh0n
280,CA,Kern,35.148876,-118.885277,299602,Orion Solar II,2014,PV,single-axis,90.0,,,8.0,35.369809,-118.941786,9q713t
281,CA,San Bernardino,34.584614,-117.342224,41889,Expressway Solar C2,2014,PV,fixed-tilt,193.0,25.0,,1.5,34.190969,-117.359766,9qhkxd
282,CA,San Bernardino,34.582291,-117.341621,35635,Expressway Solar A,2014,PV,fixed-tilt,193.0,25.0,,2.0,34.190969,-117.359766,9qhkxd
283,CA,Kings,36.129463,-119.541756,634193,"CID Solar, LLC",2014,PV,single-axis,180.0,45.0,,19.8,36.252657,-119.726922,9q6tde
284,CA,Fresno,36.585163,-120.379234,5232355,"Great Valley Solar Portfolio Holdings, LLC",2018,PV,single-axis,0.0,0.0,,200.0,36.743848,-119.765291,9qd2ds
285,CA,San Bernardino,35.585564,-115.43457,4538817,Stateline Solar,2016,PV,fixed-tilt,180.0,25.0,,299.5,34.190969,-117.359766,9qqk6u
286,CA,Fresno,36.578026,-120.405678,6694260,RE Tranquillity,2016,PV,single-axis,90.0,,batteries,205.3,36.743848,-119.765291,9qd2ds
287,CA,Kern,35.415836,-119.62941,497879,"Rio Bravo Solar 1, LLC",2016,PV,single-axis,180.0,,,19.5,35.369809,-118.941786,9q713t
288,CA,Kern,35.416023,-119.638252,497758,Pumpjack Solar I,2015,PV,single-axis,180.0,,,20.0,35.369809,-118.941786,9q713t
289,CA,Kern,35.619049,-119.568939,518004,"Wildwood Solar I, LLC",2015,PV,single-axis,180.0,,,20.0,35.369809,-118.941786,9q713t
290,CA,Kern,35.125679,-119.2425,495014,"Algonquin SKIC 20 Solar, LLC",2015,PV,single-axis,180.0,,,22.0,35.369809,-118.941786,9q713t
291,CA,Kern,35.323326,-118.82045,292174,Woodmere Solar Farm,2015,PV,single-axis,90.0,,,15.0,35.369809,-118.941786,9q713t
292,CA,Kern,35.247032,-118.034775,678687,Beacon Solar Plant Site 5,2017,PV,single-axis,180.0,60.0,,36.0,35.369809,-118.941786,9qhh0n
293,CA,Kern,35.251896,-118.02507,968727,Hecate Energy Beacon Solar 4,2016,PV,single-axis,90.0,,,50.0,35.369809,-118.941786,9qhh0n
294,CA,Kern,35.266567,-118.015305,1225167,Hecate Energy Beacon Solar 1,2017,PV,single-axis,90.0,,,56.0,35.369809,-118.941786,9qhh0n
295,CA,Kern,35.260677,-117.997475,898395,Beacon Solar Plant Site 2,2017,PV,single-axis,180.0,60.0,,45.0,35.369809,-118.941786,9qhh0n
296,CA,Kern,35.251659,-117.956573,2329555,Springbok Solar Farm 1,2016,PV,single-axis,90.0,,,105.0,35.369809,-118.941786,9qhh0n
297,CA,Kern,35.248543,-118.009056,1217175,Hecate Energy Beacon Solar 3,2016,PV,single-axis,90.0,,,56.0,35.369809,-118.941786,9qhh0n
298,CA,Kern,35.24881,-117.973625,2994264,Springbok Solar Farm 2,2016,PV,single-axis,90.0,,,155.0,35.369809,-118.941786,9qhh0n
299,CA,Los Angeles,34.600018,-117.949059,98912,Little Rock Pham Solar,2015,PV,single-axis,180.0,15.0,,3.0,34.067886,-118.24599,9qhh0n
300,CA,Los Angeles,34.77906,-118.191078,70076,Lancaster WAD B,2017,PV,single-axis,90.0,,,3.0,34.067886,-118.24599,9qhh0n
301,CA,San Bernardino,34.042263,-117.361809,14491,"Colton Solar Two, LLC",2015,PV,single-axis,90.0,,,1.0,34.190969,-117.359766,9qh3ky
302,CA,San Bernardino,34.094021,-117.319138,34843,"Colton Solar One, LLC",2015,PV,fixed-tilt,180.0,1.0,,2.5,34.190969,-117.359766,9qh3ky
303,CA,San Bernardino,34.765217,-117.323349,46558,"Mitchell Solar, LLC",2014,PV,single-axis,45.0,0.0,,1.5,34.190969,-117.359766,9qhkxd
304,CA,San Bernardino,34.766754,-117.323334,46163,"Rudy Solar, LLC",2014,PV,single-axis,45.0,0.0,,1.5,34.190969,-117.359766,9qhkxd
305,CA,San Bernardino,34.768036,-117.323326,30397,"Madelyn Solar, LLC",2014,PV,single-axis,45.0,0.0,,1.0,34.190969,-117.359766,9qhkxd
306,CA,Los Angeles,34.708324,-118.12854,20052,Division 1,2014,PV,fixed-tilt,180.0,15.0,,1.5,34.067886,-118.24599,9qhh0n
307,CA,Los Angeles,34.70187,-118.124825,10176,Kettering Solar 2,2014,PV,fixed-tilt,180.0,15.0,,1.0,34.067886,-118.24599,9qhh0n
308,CA,Kern,34.982067,-117.892044,28742,EAFB-North Base,2012,PV,single-axis,180.0,25.0,,1.1,35.369809,-118.941786,9qhh0n
309,CA,San Bernardino,34.474056,-117.563431,29896,SCE-Snowline-Duncan Road (North),2014,PV,single-axis,0.0,0.0,,1.5,34.190969,-117.359766,9qhkxd
310,CA,San Bernardino,34.413448,-117.469589,29744,SCE-Snowline-White Road (South),2014,PV,single-axis,0.0,0.0,,1.5,34.190969,-117.359766,9qhe90
311,CA,San Bernardino,34.415768,-117.469788,29748,SCE-Snowline-White Rd (Central),2014,PV,single-axis,0.0,0.0,,1.5,34.190969,-117.359766,9qhe90
312,CA,San Bernardino,34.418022,-117.46981,29834,SCE-Snowline-White Road (North),2014,PV,single-axis,0.0,0.0,,1.5,34.190969,-117.359766,9qhe90
313,CA,Kern,35.315151,-118.988304,33762,Bakersfield 111,2015,PV,single-axis,180.0,0.0,,1.4,35.369809,-118.941786,9q713t
314,CA,Los Angeles,34.132313,-118.699524,18662,Las Virgenes Municipal Water District,2014,PV,single-axis,117.0,0.0,,1.0,34.067886,-118.24599,9q5dy2
315,CA,San Benito,36.862423,-121.428902,52361,"Hollister Solar, LLC",2014,PV,single-axis,180.0,25.0,,1.5,36.843074,-121.402614,9q92vz
316,CA,Kings,36.306671,-119.630287,53796,Hanford 1 and 2,2014,PV,fixed-tilt,180.0,20.0,,3.0,36.252657,-119.726922,9qdbm8
317,CA,Imperial,33.165623,-115.531883,530209,Calipatria Solar Farm,2016,PV,single-axis,90.0,,,20.0,32.841599,-115.540049,9mvgw4
318,CA,Fresno,36.127567,-120.142067,359003,Westlands Solar PV Farm,2014,PV,single-axis,180.0,,,18.0,36.743848,-119.765291,9q6tde
319,CA,Kings,36.1362,-119.560555,386338,"Cottonwood Solar, LLC (City of Corcoran)",2015,PV,single-axis,180.0,45.0,,12.0,36.252657,-119.726922,9q6tde
320,CA,Kern,35.218914,-119.081123,595953,"RE Old River One, LLC",2014,PV,single-axis,180.0,45.0,,19.6,35.369809,-118.941786,9q713t
321,CA,Kings,36.244427,-119.827988,639527,"RE Kansas Solar, LLC",2014,PV,single-axis,180.0,45.0,,20.0,36.252657,-119.726922,9q6tde
322,CA,Fresno,36.613281,-120.383492,607643,"RE Adams East, LLC",2014,PV,single-axis,180.0,45.0,,19.0,36.743848,-119.765291,9qd2ds
323,CA,Kern,35.623013,-119.854256,921006,Lost Hills/Blackwell,2015,PV,single-axis,90.0,,,32.0,35.369809,-118.941786,9q713t
324,CA,Tulare,35.81509,-119.459679,496755,Atwell Island West Solar,2015,PV,single-axis,0.0,0.0,,20.0,36.254134,-119.23454,9q713t
325,CA,Merced,36.927662,-120.807159,554705,Vega Solar,2015,PV,single-axis,90.0,,,20.0,37.274812,-120.628944,9q9fy1
326,CA,Kern,35.727085,-119.905586,260252,Coronal Lost Hills,2015,PV,single-axis,90.0,,,20.0,35.369809,-118.941786,9q6tde
327,CA,Kern,35.450699,-119.127029,491967,"Shafter Solar, LLC",2015,PV,single-axis,0.0,0.0,,20.0,35.369809,-118.941786,9q713t
328,CA,Kern,34.92268,-118.361946,662706,"Catalina Solar 2, LLC",2015,PV,single-axis,180.0,45.0,,18.4,35.369809,-118.941786,9q5sgb
329,CA,Kern,35.590714,-119.576134,454172,"Cottonwood Solar, LLC (Goose Lake)",2015,PV,single-axis,180.0,45.0,,12.0,35.369809,-118.941786,9q713t
330,CA,Kings,36.058914,-119.945549,684929,Kettleman Solar-Centaurus,2015,PV,single-axis,180.0,,,20.0,36.252657,-119.726922,9q6tde
331,CA,Imperial,33.25264,-115.497803,392624,"Imperial Valley Solar Co (IVSC) 2, LLC",2015,PV,fixed-tilt,180.0,25.0,,20.0,32.841599,-115.540049,9mvgw4
332,CA,Fresno,36.72736,-120.414696,1819693,North Star Solar,2015,PV,single-axis,90.0,,,62.5,36.743848,-119.765291,9qd2ds
333,CA,Riverside,33.741196,-117.011101,363034,"AP North Lake I, LP",2015,PV,single-axis,180.0,0.0,,20.0,33.799274,-117.076969,9qh8k2
334,CA,Riverside,33.974419,-117.408104,86215,Tequesquite Landfill Solar PV Project,2015,PV,fixed-tilt,180.0,8.0,,7.5,33.799274,-117.076969,9qh3ky
335,CA,Contra Costa,38.019463,-121.864372,313232,"Columbia Solar Energy, LLC",2015,PV,fixed-tilt,203.0,20.0,,19.2,37.93501,-122.024961,9qc26h
336,CA,Kern,35.112312,-119.326744,527772,"Maricopa West Solar PV, LLC",2015,PV,single-axis,180.0,45.0,,20.0,35.369809,-118.941786,9q713t
337,CA,Solano,38.520096,-121.740349,213888,UC Davis South Campus,2015,PV,single-axis,180.0,,,13.0,38.236295,-122.067272,9qc63x
338,CA,Merced,37.120708,-121.038841,1376162,Quinto Solar PV Project,2015,PV,single-axis,0.0,0.0,,105.1,37.274812,-120.628944,9q9fy1
339,CA,Kern,35.728104,-119.896812,371861,Morelos del Sol,2015,PV,single-axis,90.0,,,15.0,35.369809,-118.941786,9q6tde
340,CA,Los Angeles,34.603161,-117.93663,125497,Lancaster Little Rock,2014,PV,fixed-tilt,180.0,25.0,,5.0,34.067886,-118.24599,9qhh0n
341,CA,Monterey,36.708225,-121.76899,24227,Monterey Regional Water Pollution Control Agency,2010,PV,single-axis,195.0,26.0,,1.0,36.614681,-121.646692,9q92vz
342,CA,Sacramento,38.55479,-121.417091,13758,Sacramento Fairbain Water Treatment Plant,2013,PV,single-axis,180.0,10.0,,1.0,38.568337,-121.381235,9qcem3
343,CA,Tulare,36.20446,-119.417946,56691,Tulare 1 and 2,2014,PV,fixed-tilt,180.0,20.0,,3.0,36.254134,-119.23454,9qdbm8
344,CA,Solano,38.301003,-121.965195,25896,North Bay Solar 1,2013,PV,single-axis,90.0,,,1.0,38.236295,-122.067272,9qc63x
345,CA,Shasta,41.031567,-121.423973,80156,Shasta Solar Farm,2014,PV,single-axis,90.0,,,3.0,40.578348,-122.300147,9r321k
346,CA,Fresno,36.667408,-119.416725,60055,2081 Terzian Solar Project,2014,PV,dual-axis,180.0,,,1.2,36.743848,-119.765291,9qdbm8
347,CA,Sutter,39.291775,-121.66996,30713,2127 Harris Solar Project,2014,PV,single-axis,90.0,,,1.3,39.137197,-121.643973,9r1867
348,CA,Merced,37.351231,-120.507362,41711,2097 Helton Solar Project,2014,PV,single-axis,90.0,,,1.5,37.274812,-120.628944,9q9fy1
349,CA,Solano,38.400028,-121.962906,13669,Vacaville,2007,PV,fixed-tilt,90.0,30.0,,1.0,38.236295,-122.067272,9qc63x
350,CA,Contra Costa,37.972282,-121.720345,4717,CSD 2-Freedom High,2013,PV,fixed-tilt,182.0,15.0,,1.1,37.93501,-122.024961,9qc26h
351,CA,Contra Costa,37.920586,-121.755783,1561,CSD 2-Heritage High,2013,PV,fixed-tilt,102.0,10.0,,1.3,37.93501,-122.024961,9qc26h
352,CA,Tulare,36.318417,-119.213989,61169,Farmersville,2014,PV,fixed-tilt,180.0,20.0,,4.5,36.254134,-119.23454,9qdbm8
353,CA,Merced,37.2687,-120.483315,50425,"Merced Solar, LLC",2014,PV,single-axis,180.0,25.0,,1.5,37.274812,-120.628944,9q9fy1
354,CA,Merced,37.267338,-120.483315,50986,"Mission Solar, LLC",2014,PV,single-axis,180.0,25.0,,1.5,37.274812,-120.628944,9q9fy1
355,CA,Sacramento,38.585228,-121.467194,12178,Sacramento (SMUD),2014,PV,fixed-tilt,123.0,10.0,,1.5,38.568337,-121.381235,9qcem3
356,CA,Tulare,36.186375,-119.377769,17068,City of Tulare Water Facility,2011,PV,fixed-tilt,225.0,20.0,,1.1,36.254134,-119.23454,9qdbm8
357,CA,Riverside,33.712238,-117.073013,22945,Diamond Valley Solar Project,2015,PV,single-axis,180.0,25.0,,1.3,33.799274,-117.076969,9qh8k2
358,CA,San Bernardino,34.54982,-117.46669,22297,Coronus Adelanto West 1,2015,PV,fixed-tilt,180.0,20.0,,1.5,34.190969,-117.359766,9qhkxd
359,CA,San Bernardino,34.548893,-117.467438,22162,Coronus Adelanto West 2,2015,PV,fixed-tilt,180.0,20.0,,1.5,34.190969,-117.359766,9qhkxd
360,CA,Yolo,38.521084,-121.994759,60769,Putah Creek Solar Farm,2014,PV,single-axis,0.0,0.0,,2.0,38.598163,-121.718874,9qc63x
361,CA,Merced,37.057785,-120.64901,50397,Sun Harvest Solar NDP1,2015,PV,single-axis,0.0,0.0,,1.5,37.274812,-120.628944,9q9fy1
362,CA,Fresno,36.721848,-120.430099,134148,Citizen B,2015,PV,fixed-tilt,180.0,25.0,,5.0,36.743848,-119.765291,9qd2ds
363,CA,Fresno,36.126663,-120.243256,44405,DSH (CA)-Coalinga State Hospital,2014,PV,single-axis,0.0,0.0,,2.6,36.743848,-119.765291,9q6tde
364,CA,Fresno,36.12606,-120.247841,26824,CDCR (CA)-Pleasant Valley State Prison,2014,PV,single-axis,0.0,0.0,,1.2,36.743848,-119.765291,9q6tde
365,CA,Glenn,39.699081,-122.175385,39071,"Enerparc CA2, LLC",2016,PV,single-axis,0.0,0.0,,1.5,39.665777,-122.179287,9r10zd
366,CA,Kern,35.02166,-118.289597,354355,"Windhub Solar A, LLC",2019,PV,single-axis,90.0,,,20.0,35.369809,-118.941786,9q5sgb
367,CA,Merced,37.014652,-120.957298,4196046,Wright Solar Park,2019,PV,single-axis,180.0,,,200.0,37.274812,-120.628944,9q9fy1
368,CA,Monterey,35.83498,-120.29731,2630566,"CA Flats Solar 150, LLC",2019,PV,single-axis,180.0,,,150.0,36.614681,-121.646692,9q6tde
369,CA,Los Angeles,34.662403,-118.084671,43976,Morgan Lancaster 1,2015,PV,dual-axis,180.0,,,1.5,34.067886,-118.24599,9qhh0n
370,CA,San Bernardino,34.553841,-117.369659,96515,"Adelanto Solar II, LLC",2015,PV,single-axis,0.0,0.0,,7.0,34.190969,-117.359766,9qhkxd
371,CA,San Bernardino,34.553974,-117.376686,586985,"Adelanto Solar, LLC",2015,PV,single-axis,0.0,0.0,,20.0,34.190969,-117.359766,9qhkxd
372,CA,Imperial,32.803329,-115.54512,416174,Sol Orchard El Centro PV,2013,PV,single-axis,0.0,0.0,,20.0,32.841599,-115.540049,9mvffm
373,CA,Tulare,35.874443,-119.462189,518318,White River Solar 2,2014,PV,single-axis,0.0,0.0,,20.0,36.254134,-119.23454,9q713t
374,CA,Kern,35.629322,-119.574699,419750,Wildwood Solar II,2017,PV,single-axis,180.0,,,14.7,35.369809,-118.941786,9q713t
375,CA,Los Angeles,34.648952,-118.083046,575854,"Solar Oasis, LLC",2016,PV,single-axis,90.0,45.0,,20.0,34.067886,-118.24599,9qhh0n
376,CA,Kern,34.824081,-118.441193,480485,"Kingbird A Solar, LLC",2016,PV,single-axis,180.0,,,20.0,35.369809,-118.941786,9q5sgb
377,CA,Kern,34.844391,-118.452705,1655609,RE Astoria,2016,PV,single-axis,0.0,0.0,,100.0,35.369809,-118.941786,9q5sgb
378,CA,Kern,35.321823,-118.812241,536022,Redcrest Solar Farm,2015,PV,single-axis,90.0,,,16.7,35.369809,-118.941786,9q713t
379,CA,Kern,35.327858,-118.815445,689462,Hayworth Solar,2015,PV,single-axis,90.0,,,26.7,35.369809,-118.941786,9q713t
380,CA,San Bernardino,34.407478,-116.862953,369464,"Lone Valley Solar Park II, LLC",2014,PV,single-axis,90.0,50.0,,20.0,34.190969,-117.359766,9qhe90
381,CA,Kern,35.423538,-119.629257,522003,"Rio Bravo Solar II, LLC",2016,PV,single-axis,180.0,,,19.5,35.369809,-118.941786,9q713t
382,CA,San Bernardino,34.685734,-117.344971,416868,Alamo Solar,2015,PV,single-axis,180.0,45.0,,18.7,34.190969,-117.359766,9qhkxd
383,CA,Los Angeles,34.720638,-118.30101,234134,Central Antelope Dry Ranch C,2016,PV,fixed-tilt,180.0,25.0,,20.0,34.067886,-118.24599,9qhh0n
384,CA,San Diego,33.210648,-117.178261,10117,SDCWA-Twin Oaks,2011,PV,fixed-tilt,180.0,20.0,,1.1,32.884418,-117.112348,9mumuf
385,CA,Madera,36.941391,-119.962639,1322563,Borden Solar Farm,2020,PV,single-axis,180.0,,,50.0,37.037074,-120.009796,9qd9xh
386,CA,Fresno,36.716335,-120.414268,1121239,"Little Bear Solar 1, LLC",2020,PV,single-axis,180.0,,,40.0,36.743848,-119.765291,9qd2ds
387,CA,Kern,35.667866,-119.876694,410317,Wonderful Lost Hills,2021,PV,single-axis,35.0,,,16.7,35.369809,-118.941786,9q713t
388,CA,Los Angeles,34.727486,-118.322372,371794,Antelope Expansion 3A,2021,PV,single-axis,0.0,0.0,,15.0,34.067886,-118.24599,9qhh0n
389,CA,Riverside,33.753075,-115.345924,1325935,Athos Solar Project,2019,PV,single-axis,60.0,,,250.0,33.799274,-117.076969,9mvgw4
390,CA,Ventura,34.168861,-119.053963,54443,California State Univ at Channel Islands,2021,PV,single-axis,180.0,15.0,,3.7,34.242809,-119.025486,9q5dy2
391,CA,Riverside,33.863781,-117.214035,65341,EMWD-Moreno Valley RWRF,2021,PV,dual-axis,180.0,,,2.4,33.799274,-117.076969,9qh8k2
392,CA,San Bernardino,34.633167,-117.370224,2025688,Hudson-High Desert Hybrid,2021,PV,single-axis,180.0,0.0,batteries,100.0,34.190969,-117.359766,9qhkxd
393,CA,Solano,38.097103,-122.140915,118969,Lake Herman,2021,PV,single-axis,180.0,52.0,,5.0,38.236295,-122.067272,9qc0p1
394,CA,Humboldt,40.967377,-124.104408,28995,Redwood Coast Airport Microgrid,2021,PV,fixed-tilt,225.0,34.0,batteries,1.8,40.757636,-124.088127,9r1jcf
395,CA,El Dorado,38.62891,-120.982567,25311,Deer Creek 2,2021,PV,fixed-tilt,54.0,25.0,,1.3,38.741021,-120.761446,9qcggm
396,CA,Tulare,35.845551,-119.057007,365047,CED Ducor 3,2016,PV,single-axis,0.0,0.0,,15.0,36.254134,-119.23454,9q713t
397,CA,Tulare,35.844742,-119.066368,485220,CED Ducor 2,2016,PV,single-axis,0.0,0.0,,20.0,36.254134,-119.23454,9q713t
398,CA,Tulare,35.850285,-119.026031,470454,CED Ducor 4,2016,PV,single-axis,0.0,0.0,,20.0,36.254134,-119.23454,9q713t
399,CA,Los Angeles,34.686844,-118.311935,137482,Antelope DSR 2,2016,PV,single-axis,90.0,,,5.0,34.067886,-118.24599,9qhh0n
400,CA,Fresno,36.374847,-120.134209,498516,Whitney Point Solar,2017,PV,single-axis,0.0,0.0,,20.0,36.743848,-119.765291,9q6tde
401,CA,Fresno,36.382015,-120.134499,497333,NextEra Westside PV,2017,PV,single-axis,0.0,0.0,,20.0,36.743848,-119.765291,9q6tde
402,CA,Riverside,33.624294,-114.699181,530112,Solar Blythe 2,2017,PV,single-axis,180.0,,,21.0,33.799274,-117.076969,9qndpr
403,CA,Imperial,33.165443,-115.540627,524049,Midway Solar Farm II,2017,PV,single-axis,180.0,60.0,,30.0,32.841599,-115.540049,9mvgw4
404,CA,Solano,38.386448,-121.948814,91407,Genentech Vacaville Meter #1,2017,PV,fixed-tilt,180.0,25.0,,6.1,38.236295,-122.067272,9qc63x
405,CA,San Diego,32.618332,-116.132301,311697,Jacumba Solar Farm,2017,PV,fixed-tilt,180.0,25.0,,20.0,32.884418,-117.112348,9mvffm
406,CA,Sacramento,38.700214,-121.586723,115432,SCDA Solar 1,2017,PV,single-axis,180.0,,,6.8,38.568337,-121.381235,9qcem3
407,CA,Los Angeles,34.666023,-118.304291,429854,"Bayshore Solar A, LLC",2017,PV,single-axis,90.0,,,20.0,34.067886,-118.24599,9qhh0n
408,CA,Fresno,36.524509,-120.146873,480957,San Joaquin Solar,2019,PV,single-axis,180.0,,,18.5,36.743848,-119.765291,9qd2ds
409,CA,Riverside,33.548775,-115.981735,1573694,Colgreen North Shore Solar Farm,2018,PV,single-axis,180.0,,,74.8,33.799274,-117.076969,9qj152
410,CA,Kern,34.820843,-118.441154,481083,"Kingbird B Solar, LLC",2016,PV,single-axis,180.0,,,20.0,35.369809,-118.941786,9q5sgb
411,CA,Lassen,40.372528,-120.261635,175752,HL Solar,2019,PV,single-axis,180.0,,,7.6,40.393749,-120.584467,9r4bc7
412,CA,Los Angeles,34.714779,-118.274269,270767,"Portal Ridge Solar C, LLC",2017,PV,single-axis,90.0,,,11.4,34.067886,-118.24599,9qhh0n
413,CA,Los Angeles,34.714916,-118.311317,518882,"Summer Solar, LLC",2016,PV,single-axis,90.0,,,20.0,34.067886,-118.24599,9qhh0n
414,CA,Los Angeles,34.657696,-118.29789,1683703,Solverde 1,2016,PV,single-axis,90.0,,,85.0,34.067886,-118.24599,9qhh0n
415,CA,Los Angeles,34.692616,-118.286331,477112,Antelope Big Sky Ranch,2016,PV,single-axis,90.0,,,20.0,34.067886,-118.24599,9qhh0n
416,CA,Los Angeles,34.677616,-118.303925,399589,"Bayshore Solar B, LLC",2017,PV,single-axis,90.0,,,20.0,34.067886,-118.24599,9qhh0n
417,CA,Los Angeles,34.716511,-118.282249,386327,"Portal Ridge Solar B, LLC",2017,PV,single-axis,90.0,,,20.0,34.067886,-118.24599,9qhh0n
418,CA,Los Angeles,34.661602,-118.086906,53177,US-TOPCO (Soccer Center),2016,PV,fixed-tilt,180.0,20.0,,3.0,34.067886,-118.24599,9qhh0n
419,CA,San Bernardino,34.579048,-117.579285,14360,Phelan Pinon Hills CSD Solar,2015,PV,single-axis,180.0,10.0,,1.1,34.190969,-117.359766,9qhkxd
420,CA,Los Angeles,34.433868,-118.510719,64706,Castaic Lake Phase II,2014,PV,single-axis,90.0,60.0,,3.5,34.067886,-118.24599,9q5evq
421,CA,Monterey,36.615612,-121.635162,85968,D'Arrigo Brothers-Phase 4,2019,PV,single-axis,180.0,20.0,batteries,1.7,36.614681,-121.646692,9q92vz
422,CA,Kern,35.157379,-117.983398,49408,California City,2018,PV,single-axis,180.0,,,1.9,35.369809,-118.941786,9qhh0n
423,CA,Kern,35.777786,-119.30732,150131,North Kern State Prison Phase II,2012,PV,single-axis,180.0,0.0,,4.0,35.369809,-118.941786,9q713t
424,CA,Santa Clara,37.228466,-121.738708,29517,Malech Solar Farm,2017,PV,fixed-tilt,180.0,10.0,,3.1,37.315518,-121.91109,9q97v8
425,CA,Sonoma,38.769501,-123.020737,14943,Cloverdale Solar Center,2019,PV,single-axis,180.0,20.0,,1.0,38.412281,-122.720368,9qben2
426,CA,Santa Clara,37.268875,-121.861076,15573,Guadalupe Solar Farm,2018,PV,fixed-tilt,180.0,10.0,,1.7,37.315518,-121.91109,9q97v8
427,CA,Kern,35.141533,-117.965675,63433,Cal City Solar 1,2019,PV,single-axis,180.0,30.0,,3.0,35.369809,-118.941786,9qhh0n
428,CA,Kings,36.140457,-119.566887,44918,CID Solar (CA),2019,PV,single-axis,180.0,,,2.0,36.252657,-119.726922,9q6tde
429,CA,Lassen,40.150249,-120.123512,65811,PSREC/SIAD Solar,2018,PV,single-axis,0.0,0.0,,2.4,40.393749,-120.584467,9r4bc7
430,CA,Sacramento,38.34399,-121.11776,201447,"Rancho Seco Solar, LLC",2016,PV,single-axis,90.0,,,10.9,38.568337,-121.381235,9qcf5u
431,CA,Kern,34.826447,-118.532463,5147746,RE Garland,2016,PV,single-axis,90.0,,batteries,180.0,35.369809,-118.941786,9q5sgb
432,CA,Riverside,33.673668,-114.73806,2902524,"Blythe Solar 110, LLC",2016,PV,single-axis,0.0,0.0,batteries,109.8,33.799274,-117.076969,9qndpr
433,CA,Riverside,33.684155,-114.739769,4087626,"Blythe Solar II, LLC",2016,PV,single-axis,0.0,0.0,batteries,131.2,33.799274,-117.076969,9qndpr
434,CA,Kern,35.210972,-119.387527,39783,Castor Solar,2016,PV,fixed-tilt,180.0,25.0,,1.5,35.369809,-118.941786,9q713t
435,CA,Kern,35.315041,-118.81031,419694,Redwood 4 Solar Farm,2017,PV,single-axis,0.0,0.0,,20.0,35.369809,-118.941786,9q713t
436,CA,Kern,35.205166,-118.069511,1763685,RE Barren Ridge 1,2016,PV,single-axis,0.0,0.0,,62.0,35.369809,-118.941786,9qhh0n
437,CA,Kern,35.326801,-118.978775,111509,Bakersfield PV 1,2017,PV,single-axis,90.0,,,5.3,35.369809,-118.941786,9q713t
438,CA,Los Angeles,34.511414,-117.916664,167691,"Solar Star California, XLIV, LLC",2016,PV,single-axis,0.0,0.0,,9.5,34.067886,-118.24599,9qhh0n
439,CA,Los Angeles,34.597252,-117.931221,76700,Green Beanworks C PV,2018,PV,single-axis,180.0,,,3.0,34.067886,-118.24599,9qhh0n
440,CA,Los Angeles,34.655128,-118.082253,69654,Green Beanworks D PV,2018,PV,single-axis,180.0,0.0,,3.0,34.067886,-118.24599,9qhh0n
441,CA,Los Angeles,34.743519,-117.972923,74404,Lancaster,2018,PV,single-axis,180.0,20.0,,3.0,34.067886,-118.24599,9qhh0n
442,CA,Los Angeles,34.747749,-117.973129,62822,AVS Lancaster 1,2016,PV,fixed-tilt,180.0,20.0,,3.7,34.067886,-118.24599,9qhh0n
443,CA,San Bernardino,34.038609,-117.56588,45551,"PVN Milliken, LLC",2017,PV,fixed-tilt,180.0,22.0,,3.0,34.190969,-117.359766,9qh3ky
444,CA,Kern,35.759178,-119.348351,20734,Delano Land 1,2017,PV,single-axis,90.0,,,1.0,35.369809,-118.941786,9q713t
445,CA,Kern,35.329895,-118.993202,17202,Bakersfield Industrial PV 1,2017,PV,fixed-tilt,180.0,20.0,,1.0,35.369809,-118.941786,9q713t
446,CA,Los Angeles,34.688091,-117.989693,61562,Green Beanworks B PV,2018,PV,single-axis,180.0,,,3.0,34.067886,-118.24599,9qhh0n
447,CA,Kern,35.590885,-119.404785,36274,CDCR (CA)-Wasco State Prison,2013,PV,single-axis,180.0,0.0,,1.5,35.369809,-118.941786,9q713t
448,CA,San Bernardino,34.112022,-117.27343,51904,Target Shafter,2018,PV,single-axis,0.0,10.0,,3.0,34.190969,-117.359766,9qh3ky
449,CA,Alameda,37.692032,-121.717392,43919,"Whitethorn Solar, LLC",2016,PV,fixed-tilt,180.0,15.0,,3.3,37.706599,-122.098766,9q9w99
450,CA,Fresno,36.62059,-119.668045,30334,National Raisin,2015,PV,"fixed-tilt,single-axis",202.0,5.0,,2.5,36.743848,-119.765291,9qdbm8
451,CA,Los Angeles,34.615601,-117.936615,68898,One Ten Partners PV,2017,PV,single-axis,0.0,0.0,,2.0,34.067886,-118.24599,9qhh0n
452,CA,Imperial,33.165607,-115.549263,1014053,Midway Solar Farm I,2018,PV,single-axis,180.0,90.0,,50.0,32.841599,-115.540049,9mvgw4
453,CA,Kern,35.127754,-119.249344,220387,"Algonquin SKIC 10 Solar, LLC",2017,PV,single-axis,180.0,,,10.0,35.369809,-118.941786,9q713t
454,CA,Fresno,36.61668,-120.104317,69287,Fresno Solar,2015,PV,single-axis,90.0,,,3.0,36.743848,-119.765291,9qd9xh
455,CA,Kings,36.257278,-119.797432,42208,Lemoore 1,2016,PV,single-axis,90.0,,,1.5,36.252657,-119.726922,9q6tde
456,CA,Los Angeles,34.108093,-117.784386,20750,Weymouth Solar Plant,2016,PV,single-axis,90.0,,,3.0,34.067886,-118.24599,9qh3ky
457,CA,Kings,36.217781,-119.906784,49784,Westside Solar Power PV1,2016,PV,single-axis,180.0,0.0,,2.0,36.252657,-119.726922,9q6tde
458,CA,Inyo,36.264843,-117.995407,51897,Munro Valley Solar,2016,PV,fixed-tilt,180.0,25.0,,4.0,37.171422,-118.268567,9qe6tq
459,CA,Riverside,33.536297,-117.196785,91312,RCWD PV Project,2016,PV,single-axis,0.0,0.0,,3.9,33.799274,-117.076969,9qh8k2
460,CA,San Diego,33.249443,-117.021774,57927,Valley Center,2016,PV,single-axis,0.0,0.0,,2.3,32.884418,-117.112348,9mumuf
461,CA,San Diego,33.269398,-117.057732,87943,Granger,2016,PV,single-axis,0.0,0.0,,3.0,32.884418,-117.112348,9mumuf
462,CA,Imperial,32.793358,-115.781479,91830,SEPV Imperial Dixieland West,2016,PV,single-axis,90.0,0.0,,2.9,32.841599,-115.540049,9mvffm
463,CA,Imperial,32.793472,-115.773224,70589,SEPV Imperial Dixieland East,2016,PV,single-axis,90.0,0.0,,1.9,32.841599,-115.540049,9mvffm
464,CA,Riverside,33.557209,-116.642212,60787,SunAnza,2020,PV,fixed-tilt,180.0,27.0,batteries,3.4,33.799274,-117.076969,9qj152
465,CA,San Diego,33.019566,-116.860588,50130,Ramona Solar Energy,2017,PV,fixed-tilt,180.0,20.0,,3.7,32.884418,-117.112348,9mudw2
466,CA,San Joaquin,37.840202,-121.215225,15105,Manteca Land PV,2017,PV,fixed-tilt,180.0,20.0,,1.0,37.924541,-121.302289,9q9wtp
467,CA,Sacramento,38.43623,-121.466263,74463,Sacramento Regional County Sanitation PV,2017,PV,single-axis,0.0,0.0,,3.5,38.568337,-121.381235,9qcem3
468,CA,Imperial,33.043678,-115.627655,47624,Valencia 1 Solar CA,2017,PV,fixed-tilt,180.0,20.0,,3.0,32.841599,-115.540049,9mvffm
469,CA,Merced,36.989437,-120.878326,73205,Merced 1 PV,2018,PV,single-axis,180.0,0.0,,3.0,37.274812,-120.628944,9q9fy1
470,CA,Madera,37.056274,-120.167305,41495,Madera 1 PV,2017,PV,single-axis,180.0,0.0,,1.5,37.037074,-120.009796,9qd9xh
471,CA,San Luis Obispo,35.319611,-120.69101,62128,Stenner Creek Solar,2018,PV,single-axis,180.0,,,4.5,35.341822,-120.665804,9q613c
472,CA,Solano,38.325497,-121.982666,23533,CDCR (CA)-Solano State Prison,2013,PV,single-axis,180.0,0.0,,1.1,38.236295,-122.067272,9qc63x
473,CA,Kings,36.064465,-119.559029,46544,CDCR (CA)-Corcoran State Prison,2013,PV,single-axis,180.0,0.0,,5.0,36.252657,-119.726922,9q6tde
474,CA,Imperial,32.790409,-115.863281,20476,USG 2,2015,PV,fixed-tilt,180.0,25.0,,1.0,32.841599,-115.540049,9mvffm
475,CA,Imperial,32.831966,-115.506302,58947,IVC Solar,2016,PV,single-axis,180.0,0.0,,3.0,32.841599,-115.540049,9mvffm
476,CA,Sonoma,38.194576,-122.663651,16490,Lavio Solar,2018,PV,fixed-tilt,180.0,25.0,,1.0,38.412281,-122.720368,9qbcde
477,CA,Madera,36.91629,-119.971611,103723,Pacific Ethanol Madera Solar Array,2018,PV,single-axis,180.0,52.0,,3.9,37.037074,-120.009796,9qd9xh
478,CA,Santa Clara,37.286949,-121.81456,21370,Hellyer Solar Farm,2017,PV,fixed-tilt,180.0,10.0,,2.2,37.315518,-121.91109,9q97v8
479,CA,Imperial,33.158398,-115.535751,1021608,Midway Solar Farm III,2018,PV,single-axis,0.0,,,20.0,32.841599,-115.540049,9mvgw4
480,CA,Imperial,33.186401,-115.428879,544812,Citizens Imperial Solar,2019,PV,single-axis,180.0,,,30.0,32.841599,-115.540049,9mvgw4
481,CA,Los Angeles,34.723698,-118.280312,1528489,San Pablo Raceway,2019,PV,single-axis,0.0,0.0,,100.0,34.067886,-118.24599,9qhh0n
482,CA,Los Angeles,34.737,-118.304024,435161,Antelope DSR 3,2019,PV,single-axis,0.0,0.0,,20.0,34.067886,-118.24599,9qhh0n
483,CA,Santa Barbara,34.746334,-120.510315,383598,Vandenberg Solar Project,2017,PV,single-axis,0.0,0.0,,20.6,34.645128,-120.1029,9q603v
484,CA,Los Angeles,34.705692,-118.301453,56759,"Central Antelope Dry Ranch B, LLC",2017,PV,single-axis,90.0,,,3.0,34.067886,-118.24599,9qhh0n
485,CA,Napa,38.160725,-122.213852,57332,American Canyon Solar,2019,PV,single-axis,180.0,52.0,,3.0,38.325108,-122.319983,9qc0p1
486,CA,Riverside,33.717693,-116.198311,13519,Valley Sanitary District WTP Solar,2016,PV,fixed-tilt,180.0,20.0,,1.0,33.799274,-117.076969,9qj152
487,CA,Kern,34.821144,-118.497643,863794,RE Garland A,2016,PV,single-axis,90.0,,,20.0,35.369809,-118.941786,9q5sgb
488,CA,San Bernardino,34.904919,-117.10289,550484,"Longboat Solar, LLC",2016,PV,single-axis,180.0,,,20.0,34.190969,-117.359766,9qhkxd
489,CA,Contra Costa,37.945221,-122.37851,166053,Marin Clean Energy Solar One,2017,PV,single-axis,180.0,15.0,,10.5,37.93501,-122.024961,9q9peh
490,CA,Imperial,32.793209,-115.85743,19259,USG 1,2014,PV,single-axis,180.0,0.0,,1.0,32.841599,-115.540049,9mvffm
491,CA,Los Angeles,34.654957,-118.281021,1024252,Antelope DSR 1,2016,PV,single-axis,90.0,,,50.0,34.067886,-118.24599,9qhh0n
492,CA,Los Angeles,34.68111,-118.319023,375766,"Bayshore Solar C, LLC",2017,PV,single-axis,90.0,,,20.0,34.067886,-118.24599,9qhh0n
493,CA,Los Angeles,34.742062,-118.302513,2173602,Antelope Expansion 2,2018,PV,single-axis,180.0,0.0,,105.0,34.067886,-118.24599,9qhh0n
494,CA,Kern,35.284988,-118.005135,2150143,Springbok 3 Solar Farm Hybrid,2019,PV,single-axis,180.0,,batteries,90.0,35.369809,-118.941786,9qhh0n
495,CA,Kings,36.24939,-119.90062,2474556,"American Kings Solar, LLC",2020,PV,single-axis,180.0,0.0,,128.0,36.252657,-119.726922,9q6tde
496,CA,Sonoma,38.216709,-122.542809,13285,Stage Gulch Solar,2018,PV,fixed-tilt,180.0,25.0,,0.8,38.412281,-122.720368,9qbcde
497,CA,Riverside,33.770206,-116.904251,29716,Soboba Community Solar Project,2017,PV,fixed-tilt,200.0,25.0,,1.7,33.799274,-117.076969,9qh8k2
498,CA,Fresno,36.716282,-120.395767,1018771,Little Bear 3,2020,PV,single-axis,180.0,0.0,,20.0,36.743848,-119.765291,9qd2ds
499,CA,Fresno,36.709023,-120.414383,1128758,Little Bear 4,2020,PV,single-axis,180.0,0.0,,50.0,36.743848,-119.765291,9qd2ds
500,CA,Fresno,36.709126,-120.396652,1128452,Little Bear 5,2020,PV,single-axis,180.0,0.0,,50.0,36.743848,-119.765291,9qd2ds
501,CA,Kings,36.193733,-119.904221,6584589,Aquamarine,2021,PV,single-axis,180.0,0.0,,250.0,36.252657,-119.726922,9q6tde
502,CA,Sacramento,38.704395,-121.479042,211374,Wildflower Solar 1,2020,PV,single-axis,180.0,60.0,,13.7,38.568337,-121.381235,9qcem3
503,CA,Kern,35.213745,-119.395088,60114,Eagle Creek,2019,PV,single-axis,180.0,0.0,,3.0,35.369809,-118.941786,9q713t
504,CA,Tehama,40.122192,-122.189407,132592,Sierra Pacific Industries (2042-RD),2020,PV,fixed-tilt,180.0,25.0,,8.4,40.114795,-122.219057,9r1jcf
505,CA,Tulare,36.353619,-119.400734,21156,"RE-VFO, LLC",2009,PV,single-axis,90.0,45.0,,1.0,36.254134,-119.23454,9qdbm8
506,CA,Fresno,36.58503,-119.470062,28185,Moonlight Packing-Phase 2,2019,PV,fixed-tilt,180.0,20.0,,1.4,36.743848,-119.765291,9qdbm8
507,CA,Kern,35.603252,-119.697304,741030,Chevron-Lost Hills Hybrid,2020,PV,single-axis,180.0,62.0,,29.0,35.369809,-118.941786,9q713t
508,CA,Napa,38.237461,-122.275551,48581,Soscol Ferry Solar,2020,PV,single-axis,180.0,,,2.0,38.325108,-122.319983,9qbcde
509,CA,Kern,34.830055,-118.371048,3986939,"Golden Field Solar III, LLC",2020,PV,single-axis,180.0,,batteries,192.0,35.369809,-118.941786,9q5sgb
510,CA,Imperial,33.101456,-116.000259,1502079,Titan Solar 1 (CA),2020,PV,single-axis,15.0,,,75.0,32.841599,-115.540049,9mvffm
511,CA,Stanislaus,37.247696,-121.111816,668157,Central 40,2021,PV,single-axis,180.0,,,40.0,37.618447,-120.955882,9q9fy1
512,CA,Madera,37.088001,-120.150993,59617,DGS Valley State Prison,2021,PV,single-axis,225.0,7.0,,2.3,37.037074,-120.009796,9qd9xh
513,CA,Tulare,36.54734,-119.431282,16233,FTF-PackingShed,2013,PV,fixed-tilt,180.0,25.0,,1.0,36.254134,-119.23454,9qdbm8
514,CA,Fresno,36.73465,-120.614746,14322,Firebaugh-CCS-PV-1,2015,PV,fixed-tilt,180.0,25.0,,1.0,36.743848,-119.765291,9qd2ds
515,CA,Madera,36.825592,-120.318359,97215,Wonderful Orchards-New Columbia,2020,PV,fixed-tilt,35.0,37.0,,5.0,37.037074,-120.009796,9qd2ds
516,CA,Kern,35.734371,-119.732277,133457,Wonderful Orchards-Westside,2021,PV,single-axis,35.0,,,5.0,35.369809,-118.941786,9q713t
517,CA,Kern,35.501225,-119.748741,121538,Wonderful Orchards-Belridge,2020,PV,single-axis,35.0,,,5.0,35.369809,-118.941786,9q713t
518,CA,Los Angeles,34.131489,-118.701241,55226,Las Virgenes,2020,PV,single-axis,90.0,52.0,,3.0,34.067886,-118.24599,9q5dy2
519,CA,Imperial,32.910698,-115.512276,46493,Valencia 2,2020,PV,fixed-tilt,0.0,0.0,,3.0,32.841599,-115.540049,9mvffm
520,CA,Sonoma,38.583694,-122.864525,32693,"Dissigno Healdsburg FPV, LLC",2020,PV,fixed-tilt,12.0,83.0,,3.0,38.412281,-122.720368,9qben2
521,CA,Fresno,36.647923,-120.246155,21515,Tranquillity ID,2018,PV,single-axis,180.0,0.0,,1.3,36.743848,-119.765291,9qd2ds
522,CA,San Luis Obispo,35.596046,-120.689529,30594,Firestone Walker Brewery-Phase 1,2020,PV,single-axis,180.0,,,1.6,35.341822,-120.665804,9q613c
523,CA,Riverside,33.798115,-117.017159,48657,EMWD-San Jacinto RWRF NEM,2021,PV,single-axis,180.0,52.0,,1.3,33.799274,-117.076969,9qh8k2
524,CA,Riverside,33.696133,-117.216705,49336,EMWD-Sun City RWRF,2021,PV,single-axis,0.0,0.0,,1.6,33.799274,-117.076969,9qh8k2
525,CA,El Dorado,38.69854,-120.830673,10325,El Dorado County,2021,PV,fixed-tilt,180.0,15.0,,1.5,38.741021,-120.761446,9qcggm
526,CA,San Diego,33.210674,-117.176834,12336,Vallecitos Water District,2021,PV,fixed-tilt,180.0,20.0,,1.4,32.884418,-117.112348,9mumuf
527,CA,Imperial,32.885201,-115.537155,54423,Valencia 3,2021,PV,single-axis,0.0,52.0,,3.0,32.841599,-115.540049,9mvffm
528,CA,Sonoma,38.539112,-122.815048,15838,Windsor Floating Solar,2020,PV,fixed-tilt,180.0,12.0,,1.5,38.412281,-122.720368,9qben2
529,CA,San Bernardino,33.947506,-117.639748,22786,CA Institute for Women,2020,PV,single-axis,180.0,52.0,,1.0,34.190969,-117.359766,9qh3ky
530,CA,Imperial,32.825455,-115.775314,171492,Centinela State Prison,2019,PV,single-axis,180.0,52.0,,6.0,32.841599,-115.540049,9mvffm
531,CA,Imperial,33.166496,-115.495567,168871,Calipatria State Prison,2019,PV,single-axis,180.0,52.0,,6.0,32.841599,-115.540049,9mvgw4
532,CA,San Luis Obispo,35.470894,-120.635109,23468,Atascadero State Hospital,2020,PV,single-axis,180.0,52.0,,1.1,35.341822,-120.665804,9q613c
533,CA,El Dorado,38.637939,-121.055977,38451,"El Dorado Solar, LLC",2021,PV,fixed-tilt,18.0,25.0,,1.5,38.741021,-120.761446,9qcggm
534,CA,San Joaquin,38.04211,-120.936073,91922,Foothill Sanitary Landfill-Solar Array,2021,PV,single-axis,0.0,,,3.5,37.924541,-121.302289,9qcbq0
535,CA,Kern,35.575752,-119.786575,31971,Wonderful Huller & Shellling,2021,PV,single-axis,35.0,,,1.5,35.369809,-118.941786,9q713t
536,CA,San Diego,33.212307,-117.301918,25951,Genentech-Oceanside Hybrid,2016,PV,single-axis,180.0,25.0,batteries,4.5,32.884418,-117.112348,9mumuf
537,CA,Kings,36.212742,-119.893776,4353573,Mustang Two,2020,PV,single-axis,180.0,,,150.0,36.252657,-119.726922,9q6tde
538,CA,Marin,38.155197,-122.566307,37218,Silveira Ranch Road Solar,2021,PV,fixed-tilt,178.0,20.0,,3.0,37.986474,-122.546657,9qbbed
539,CA,Riverside,33.795872,-115.373215,3949971,"Desert Harvest, LLC",2020,PV,single-axis,180.0,,,80.0,33.799274,-117.076969,9mvgw4
540,CA,Riverside,33.790791,-115.34259,3428127,"Desert Harvest II, LLC",2020,PV,single-axis,180.0,,batteries,70.0,33.799274,-117.076969,9mvgw4
541,CA,Madera,37.109661,-120.298294,18849,Five H Farms Solar Array,2021,PV,fixed-tilt,40.0,40.0,,1.1,37.037074,-120.009796,9qd9xh
542,CA,Los Angeles,34.56443,-117.692719,50943,Bolthouse S&P and Rowen Farms Solar,2008,PV,single-axis,180.0,15.0,,1.2,34.067886,-118.24599,9qhkxd
543,CA,Butte,39.651562,-121.650009,21320,Butte College Main Campus Solar,2011,PV,fixed-tilt,195.0,18.0,,3.6,39.658926,-121.72651,9r13pb
544,CA,San Bernardino,35.027725,-117.356339,1548156,"Lockhart Solar PV, LLC",2023,PV,single-axis,90.0,,,85.0,34.190969,-117.359766,9qhkxd
545,CA,San Bernardino,35.042198,-117.350082,2214884,Lockhart Solar PV II,2023,PV,single-axis,90.0,,,75.0,34.190969,-117.359766,9qhkxd
546,CA,San Bernardino,34.856781,-116.812912,431633,Sunray 2,2017,PV,single-axis,180.0,,,20.0,34.190969,-117.359766,9qhkxd
547,CA,San Bernardino,34.864426,-116.827057,795053,Sunray 3,1985,PV,single-axis,180.0,,,13.8,34.190969,-117.359766,9qhkxd
548,CA,Kern,34.829086,-118.568596,892210,"RE Gaskell West 2, LLC",2023,PV,single-axis,180.0,,,45.0,35.369809,-118.941786,9q5sgb
549,CA,Kern,34.825783,-118.58213,1024295,"RE Gaskell West 3, LLC",2023,PV,single-axis,180.0,,,20.0,35.369809,-118.941786,9q5sgb
550,CA,Los Angeles,34.794643,-118.511269,1379960,Alpine Solar,2013,PV,fixed-tilt,180.0,25.0,,66.0,34.067886,-118.24599,9q5sgb
551,CA,Kern,34.836922,-118.550117,689009,Gaskell West 1 Solar Facility,2018,PV,single-axis,90.0,,,20.0,35.369809,-118.941786,9q5sgb
552,CA,Kern,34.876408,-118.353577,1760495,"Rabbitbrush Solar, LLC",2022,PV,single-axis,180.0,,batteries,100.0,35.369809,-118.941786,9q5sgb
553,CA,Kern,34.843391,-118.531815,413074,"RE Gaskell West 4, LLC",2023,PV,single-axis,180.0,,,20.0,35.369809,-118.941786,9q5sgb
554,CA,Kern,34.845879,-118.543358,84711,"RE Gaskell West 5, LLC",2018,PV,single-axis,180.0,,,20.0,35.369809,-118.941786,9q5sgb
555,CA,Kern,34.836464,-118.147835,24842,City of Rosamond (CA),2023,PV,single-axis,0.0,,,1.0,35.369809,-118.941786,9qhh0n
556,CA,Los Angeles,34.81847,-118.397118,5820079,Solar Star 1,2015,PV,single-axis,0.0,0.0,,314.4,34.067886,-118.24599,9q5sgb
557,CA,Kern,34.910389,-118.391823,1833134,"Valentine Solar, LLC",2019,PV,single-axis,0.0,,,111.2,35.369809,-118.941786,9q5sgb
558,CA,Kern,34.910454,-118.355103,3711258,"BigBeau Solar, LLC",2022,PV,single-axis,0.0,,batteries,128.0,35.369809,-118.941786,9q5sgb
559,CA,Kern,34.829727,-118.441154,5326093,Solar Star 2,2015,PV,single-axis,0.0,0.0,,279.5,35.369809,-118.941786,9q5sgb
560,CA,Kern,34.830528,-118.333725,2455254,"Willow Spring Solar, LLC",2019,PV,single-axis,90.0,,,100.0,35.369809,-118.941786,9q5sgb
561,CA,Los Angeles,34.730919,-118.13755,46805,SEPV Sierra,2020,PV,fixed-tilt,180.0,,batteries,3.0,34.067886,-118.24599,9qhh0n
562,CA,Imperial,32.660358,-115.629929,4075713,Mount Signal Solar Farm II,2020,PV,single-axis,0.0,0.0,,153.5,32.841599,-115.540049,9mvffm
563,CA,Imperial,32.668293,-115.559746,6389510,Mount Signal Solar Farm V,2018,PV,single-axis,180.0,,,252.3,32.841599,-115.540049,9mvffm
564,CA,Contra Costa,38.02512,-122.274498,17144,Bio-Rad,2020,PV,fixed-tilt,180.0,15.0,,2.4,37.93501,-122.024961,9q9peh
565,CA,Contra Costa,37.84692,-121.617332,146625,Byron Highway Solar,2021,PV,single-axis,180.0,,,5.0,37.93501,-122.024961,9q9w99
566,CA,Tuolumne,37.882973,-120.455444,50678,Sierra Pacific Chinese Camp,2023,PV,fixed-tilt,175.0,20.0,,3.6,37.972006,-120.325224,9qcbq0
567,CA,San Bernardino,34.497826,-117.472298,41336,Victor Dry Farm Ranch B,2015,PV,fixed-tilt,193.0,15.0,,5.0,34.190969,-117.359766,9qhkxd
568,CA,San Bernardino,34.497608,-117.470238,65710,Victor Dry Farm Ranch A,2015,PV,fixed-tilt,193.0,15.0,,5.0,34.190969,-117.359766,9qhkxd
569,CA,San Luis Obispo,35.321552,-120.692169,31478,CA-DGS-California Men's Colony,2022,PV,fixed-tilt,180.0,25.0,,2.2,35.341822,-120.665804,9q613c
570,CA,Tulare,36.094009,-119.037476,12553,Porterville 6 and 7,2014,PV,fixed-tilt,180.0,20.0,,3.0,36.254134,-119.23454,9qdbm8
571,CA,Imperial,33.273731,-115.505333,366108,Wister Solar,2018,PV,single-axis,185.0,31.0,,20.0,32.841599,-115.540049,9mvgw4
572,CA,Kings,36.231571,-119.812042,282539,"Java Solar, LLC",2022,PV,single-axis,180.0,,,13.5,36.252657,-119.726922,9q6tde
573,CA,Kings,36.218998,-119.874229,7348313,Slate Hybrid,2021,PV,single-axis,180.0,0.0,batteries,50.5,36.252657,-119.726922,9q6tde
574,CA,Kings,36.147255,-119.904747,7037612,Almond,2021,PV,single-axis,180.0,60.0,,19.9,36.252657,-119.726922,9q6tde
575,CA,Kern,35.692749,-119.989677,130218,Berrenda Mesa Water District,2022,PV,single-axis,90.0,52.0,,6.4,35.369809,-118.941786,9q6tde
576,CA,Kern,35.762638,-119.313553,78305,Kern Valley SP,2023,PV,single-axis,180.0,,,3.0,35.369809,-118.941786,9q713t
577,CA,Kern,35.442169,-119.093262,16709,"Calibrant Bakersfield, LLC",2022,PV,single-axis,0.0,0.0,,1.3,35.369809,-118.941786,9q713t
578,CA,Kern,35.081223,-119.318176,130124,Wheeler Ridge,2023,PV,single-axis,180.0,52.0,,4.5,35.369809,-118.941786,9q713t
579,CA,Kern,35.013565,-118.18174,432557,"RE Columbia Two, LLC",2014,PV,single-axis,180.0,60.0,,15.0,35.369809,-118.941786,9qhh0n
580,CA,Kern,35.023308,-118.172401,399686,"RE Camelot, LLC",2014,PV,single-axis,180.0,60.0,,45.0,35.369809,-118.941786,9qhh0n
581,CA,Kern,35.02021,-118.125366,3165877,Edwards Sanborn S1,2021,PV,single-axis,180.0,,batteries,44.6,35.369809,-118.941786,9qhh0n
582,CA,Kern,34.989754,-118.101585,512762,Edwards Sanborn S3,2022,PV,single-axis,180.0,,batteries,37.7,35.369809,-118.941786,9qhh0n
583,CA,Kern,34.974834,-118.087578,2104867,Edwards Sanborn S4,2022,PV,single-axis,180.0,,batteries,41.2,35.369809,-118.941786,9qhh0n
584,CA,Kern,34.963009,-118.103348,4644529,Edwards Sanborn E1A,2021,PV,single-axis,180.0,,batteries,149.3,35.369809,-118.941786,9qhh0n
585,CA,Kern,34.939861,-118.135918,1596217,Edwards Sanborn E3,2021,PV,single-axis,180.0,,batteries,27.4,35.369809,-118.941786,9qhh0n
586,CA,Kern,34.944317,-118.08728,3775074,Edwards Sanborn E2,2021,PV,single-axis,180.0,,batteries,137.8,35.369809,-118.941786,9qhh0n
587,CA,Los Angeles,34.693768,-118.23407,86791,CSP Los Angeles,2022,PV,dual-axis,180.0,,,2.3,34.067886,-118.24599,9qhh0n
588,CA,San Benito,36.875561,-121.603661,59016,Graniterock Quarry,2022,PV,fixed-tilt,200.0,25.0,,4.4,36.843074,-121.402614,9q92vz
589,CA,Madera,36.957291,-120.034508,35591,CA - Madera USD - Madera South HS,2022,PV,"fixed-tilt,single-axis",180.0,7.0,,1.2,37.037074,-120.009796,9qd9xh
590,CA,Madera,36.946457,-120.077629,44354,Sealed Air Madera Solar Project,2022,PV,single-axis,180.0,10.0,batteries,3.0,37.037074,-120.009796,9qd9xh
591,CA,Fresno,36.659012,-119.732803,56718,CA - Fresno County - Juvenile Hall,2022,PV,single-axis,180.0,,,2.8,36.743848,-119.765291,9qdbm8
592,CA,Kings,36.414932,-119.553612,26233,Dover Dairy,2022,PV,single-axis,180.0,,,1.1,36.252657,-119.726922,9qdbm8
593,CA,Tulare,35.817329,-119.063026,1163273,Luciana,2022,PV,single-axis,180.0,,,55.8,36.254134,-119.23454,9q713t
594,CA,Inyo,36.268425,-117.983017,28875,Owens Valley Solar Project 11,2017,PV,fixed-tilt,190.0,30.0,,1.0,37.171422,-118.268567,9qe6tq
595,CA,Los Angeles,34.714966,-118.258827,372911,Antelope Expansion 1B,2016,PV,single-axis,0.0,0.0,,17.0,34.067886,-118.24599,9qhh0n
596,CA,Los Angeles,34.688389,-118.317001,667475,Western Antelope Blue Sky Ranch A,2014,PV,single-axis,90.0,,,20.0,34.067886,-118.24599,9qhh0n
597,CA,Los Angeles,34.723625,-118.290665,31235,Summer Solar D2,2014,PV,fixed-tilt,193.0,25.0,,1.0,34.067886,-118.24599,9qhh0n
598,CA,Los Angeles,34.723648,-118.291641,26576,Summer Solar C2,2014,PV,fixed-tilt,193.0,25.0,,1.5,34.067886,-118.24599,9qhh0n
599,CA,Los Angeles,34.723644,-118.292511,25466,Summer Solar B2,2014,PV,fixed-tilt,193.0,25.0,,1.5,34.067886,-118.24599,9qhh0n
600,CA,Los Angeles,34.720169,-118.322227,118157,Antelope Expansion 3B,2022,PV,single-axis,0.0,0.0,,5.0,34.067886,-118.24599,9qhh0n
601,CA,Riverside,33.575493,-114.740097,4722515,Blythe Mesa Solar II,2021,PV,single-axis,0.0,,batteries,223.6,33.799274,-117.076969,9qndpr
602,CA,Riverside,33.706612,-114.785706,7592281,Arlington Energy Center II,2021,PV,single-axis,0.0,,batteries,233.0,33.799274,-117.076969,9qndpr
603,CA,Riverside,33.65995,-114.736618,4457428,"Blythe Solar III, LLC Hybrid",2020,PV,single-axis,180.0,,batteries,137.4,33.799274,-117.076969,9qndpr
604,CA,Riverside,33.681889,-114.769531,3289904,"Blythe Solar IV, LLC",2015,PV,single-axis,180.0,,batteries,137.4,33.799274,-117.076969,9qndpr
605,CA,Riverside,33.69952,-115.222992,6101181,"Maverick Solar, LLC",2020,PV,single-axis,180.0,,,125.0,33.799274,-117.076969,9mvgw4
606,CA,Riverside,33.689774,-115.197685,4640996,"Maverick Solar 4, LLC",2021,PV,single-axis,180.0,,,100.0,33.799274,-117.076969,9mvgw4
607,CA,Riverside,33.739544,-115.318176,1395247,"SE Athos II, LLC",2021,PV,single-axis,60.0,,,200.0,33.799274,-117.076969,9mvgw4
608,CA,Riverside,33.725693,-115.375221,9465979,Oberon Solar Project,2022,PV,single-axis,0.0,,batteries,250.0,33.799274,-117.076969,9mvgw4
609,CA,Riverside,33.740593,-115.350586,1803587,"Maverick Solar 6, LLC",2021,PV,single-axis,180.0,60.0,batteries,100.0,33.799274,-117.076969,9mvgw4
610,CA,San Diego,33.081242,-116.086128,1049288,Ocotillo Wells,2023,PV,single-axis,180.0,52.0,,50.0,32.884418,-117.112348,9mvffm
611,CA,San Diego,33.010433,-116.872108,31317,Ramona 1,2013,PV,single-axis,0.0,45.0,,2.0,32.884418,-117.112348,9mudw2
612,CA,San Bernardino,34.512589,-117.387398,47573,Victor Mesa Linda B2,2014,PV,fixed-tilt,180.0,20.0,,1.6,34.190969,-117.359766,9qhkxd
613,CA,San Bernardino,34.511169,-117.386978,17358,Victor Mesa Linda C2,2014,PV,fixed-tilt,180.0,20.0,,1.6,34.190969,-117.359766,9qhkxd
614,CA,San Bernardino,34.509602,-117.387321,32421,Victor Mesa Linda D2,2014,PV,fixed-tilt,180.0,20.0,,1.6,34.190969,-117.359766,9qhkxd
615,CA,Inyo,35.804916,-117.349808,29202,Trona Solar III,2022,PV,single-axis,52.0,,,2.0,37.171422,-118.268567,9qhkxd
616,CA,San Diego,33.230007,-117.003105,45645,Valley Center 1,2013,PV,single-axis,0.0,45.0,,2.5,32.884418,-117.112348,9mudw2
617,CA,San Bernardino,34.571846,-117.575966,59404,Sheep Creek Community Solar Farm,2022,PV,single-axis,180.0,45.0,,3.0,34.190969,-117.359766,9qhkxd
618,CA,Riverside,33.755569,-117.198647,103142,EMWD-Perris Valley RWRF,2021,PV,single-axis,180.0,52.0,,3.4,33.799274,-117.076969,9qh8k2
619,CA,Riverside,33.802376,-117.02301,88997,EMWD - San Jacinto RES BCT,2021,PV,single-axis,0.0,,,4.2,33.799274,-117.076969,9qh8k2
620,CA,Orange,33.788017,-118.06559,158323,BCE Los Alamitos 1,2023,PV,single-axis,180.0,,batteries,10.0,33.732683,-117.858773,9q5bwz
621,CA,Orange,33.786602,-118.048683,178629,BCE Los Alamitos 2,2023,PV,single-axis,180.0,,batteries,10.0,33.732683,-117.858773,9q5bwz
622,CA,Sacramento,38.304691,-121.289993,112474,"RE McKenzie 3, LLC",2012,PV,single-axis,90.0,,,5.0,38.568337,-121.381235,9qcf5u
623,CA,Sacramento,38.306492,-121.294922,200829,"RE McKenzie 2, LLC",2012,PV,single-axis,90.0,,,5.0,38.568337,-121.381235,9qcf5u
624,CA,Sacramento,38.304691,-121.29245,109723,"RE McKenzie 4, LLC",2012,PV,single-axis,90.0,,,5.0,38.568337,-121.381235,9qcf5u
625,CA,Sacramento,38.309456,-121.292343,115684,"RE McKenzie 5, LLC",2012,PV,single-axis,90.0,,,5.0,38.568337,-121.381235,9qcf5u
626,CA,Sacramento,38.30571,-121.284538,210875,"RE McKenzie 1, LLC",2012,PV,single-axis,90.0,,,30.0,38.568337,-121.381235,9qcf5u
627,CA,Sacramento,38.309189,-121.290031,101355,"RE McKenzie 6, LLC",2012,PV,single-axis,90.0,,,5.0,38.568337,-121.381235,9qcf5u
628,CA,Kern,34.830257,-118.392372,490247,"Solar Star California, XLI, LLC",2016,PV,single-axis,0.0,0.0,,54.0,35.369809,-118.941786,9q5sgb
629,CA,Kern,34.840446,-118.391136,1273265,"Golden Fields Solar I, LLC",2016,PV,single-axis,0.0,0.0,,54.0,35.369809,-118.941786,9q5sgb
630,CA,Imperial,32.71402,-115.540543,220619,Heber Solar,2014,PV,single-axis,0.0,0.0,,10.0,32.841599,-115.540049,9mvffm
631,CA,Imperial,32.674442,-115.602257,6503828,"Imperial Valley Solar, LLC",2014,PV,single-axis,180.0,0.0,,206.7,32.841599,-115.540049,9mvffm
632,CA,Imperial,32.661415,-115.606285,2536563,Wistaria Ranch Solar,2018,PV,single-axis,0.0,,,100.0,32.841599,-115.540049,9mvffm
633,CA,Imperial,32.683117,-115.646942,5104086,Centinela Solar Energy,2014,PV,single-axis,90.0,,,170.0,32.841599,-115.540049,9mvffm
634,CA,Imperial,32.660618,-115.660683,2741905,Imperial Solar Energy Center South,2013,PV,fixed-tilt,180.0,25.0,,130.0,32.841599,-115.540049,9mvffm
635,CA,Imperial,32.686687,-115.667511,2713735,"Drew Solar, LLC",2022,PV,single-axis,180.0,60.0,,100.0,32.841599,-115.540049,9mvffm
636,CA,Yolo,38.500652,-121.692986,37452,Grassland 1&2 Solar Project,2013,PV,dual-axis,180.0,,,2.5,38.598163,-121.718874,9qc63x
637,CA,San Bernardino,34.471409,-117.561966,20769,SCE-Snowline-Duncan Road (South),2014,PV,single-axis,0.0,0.0,,1.0,34.190969,-117.359766,9qhkxd
638,CA,Santa Cruz,36.990921,-122.052666,24592,University of California Santa Cruz,2013,PV,fixed-tilt,200.0,6.0,batteries,2.0,36.986338,-121.938739,9q9hq4
639,CA,Ventura,34.209293,-119.134354,31152,SunEdison Procter & Gamble Oxnard,2009,PV,single-axis,180.0,20.0,,1.0,34.242809,-119.025486,9q5dy2
640,CA,Sacramento,38.597321,-121.431244,20499,Sacramento Point West Medical Offices,2020,PV,single-axis,245.0,7.0,,1.3,38.568337,-121.381235,9qcem3
641,CA,Sacramento,38.347675,-121.410568,204304,"RE Bruceville 1, LLC",2012,PV,single-axis,90.0,,,5.0,38.568337,-121.381235,9qcem3
642,CA,Sacramento,38.347729,-121.415009,192333,"RE Bruceville 2, LLC",2012,PV,single-axis,90.0,,,5.0,38.568337,-121.381235,9qcem3
643,CA,Santa Barbara,34.419662,-119.857231,51962,Broadway 3 - UCSB Lot 38,2016,PV,fixed-tilt,180.0,10.0,,1.8,34.645128,-120.1029,9q5sgb
644,CA,Kern,35.444,-119.186691,21008,Broadway 4 - Target Shafter,2018,PV,fixed-tilt,180.0,10.0,,1.6,35.369809,-118.941786,9q713t
645,CA,Fresno,36.7234,-119.774338,10179,OK Produce Fresno Carport,2019,PV,fixed-tilt,180.0,7.0,,2.0,36.743848,-119.765291,9qdbm8
646,CA,Riverside,33.998032,-117.552742,39927,Chambers 4 - Eastvale LGB3,2019,PV,single-axis,180.0,10.0,,2.4,33.799274,-117.076969,9qh3ky
647,CA,Merced,37.368317,-120.4179,39092,UC Merced Solar Hybrid,2018,PV,fixed-tilt,48.0,10.0,batteries,4.5,37.274812,-120.628944,9q9fy1
648,CA,Merced,37.362297,-120.414612,32943,Broadway 3 - UC Merced 1,2009,PV,dual-axis,180.0,0.0,,1.0,37.274812,-120.628944,9q9fy1
649,CA,San Bernardino,34.087643,-117.587273,26682,9150 Hermosa Solar GM,2022,PV,single-axis,180.0,15.0,,1.3,34.190969,-117.359766,9qh3ky
650,CA,Fresno,36.634365,-120.175117,132161,Crystal Farms Local Solar,2023,PV,single-axis,180.0,52.0,,3.5,36.743848,-119.765291,9qd2ds
651,CA,Los Angeles,34.809135,-118.319283,755063,Estrella Solar & Storage,2023,PV,single-axis,180.0,52.0,batteries,56.0,34.067886,-118.24599,9q5sgb
652,CA,Kern,34.832397,-118.28421,4731501,Raceway Solar & Storage,2024,PV,single-axis,180.0,0.0,batteries,125.0,35.369809,-118.941786,9qhh0n
653,CA,Tulare,36.492783,-119.468964,31092,Agriculture Capital - Legacy Packing,2022,PV,single-axis,180.0,0.0,,1.6,36.254134,-119.23454,9qdbm8
654,CA,Kern,35.049286,-119.18071,28287,"Renew Solar VMC, LLC",2023,PV,single-axis,180.0,,,1.4,35.369809,-118.941786,9q713t
655,CA,Santa Barbara,34.904449,-119.584846,25233,SEPV Cuyama Hybrid,2023,PV,single-axis,180.0,0.0,batteries,1.6,34.645128,-120.1029,9q713t
656,CA,Monterey,36.181805,-121.026764,48324,Blackjack Solar,2020,PV,fixed-tilt,180.0,10.0,,4.0,36.614681,-121.646692,9qd2ds
657,CA,Kern,35.261417,-119.147537,59527,"Sunny Cow Solar, LLC",2023,PV,single-axis,180.0,,,2.0,35.369809,-118.941786,9q713t
658,CA,Tulare,36.472256,-119.345665,32043,Elkhorn Dairy,2009,PV,single-axis,180.0,,,1.0,36.254134,-119.23454,9qdbm8
659,CA,Tulare,35.972492,-119.394432,23244,"Case Vander Eyk, Jr Dairy Solar",2023,PV,single-axis,180.0,,,1.2,36.254134,-119.23454,9q713t
660,CA,Santa Cruz,36.987141,-121.923752,26658,Cabrillo College,2023,PV,fixed-tilt,279.0,5.0,,2.4,36.986338,-121.938739,9q97v8
661,CA,Tulare,36.302055,-119.168419,49323,Exeter Bulk Plant Array,2015,PV,fixed-tilt,,0.0,,1.1,36.254134,-119.23454,9qdbm8
662,CA,Tulare,36.362698,-119.426003,65863,Double J Dairy Array,2023,PV,single-axis,180.0,36.0,,4.0,36.254134,-119.23454,9qdbm8
663,CA,Kings,36.270557,-119.518143,48925,Lone Oak,2023,PV,single-axis,180.0,,,2.9,36.252657,-119.726922,9qdbm8
664,CA,Sacramento,38.553616,-121.422607,21038,CSU Sacramento I,2023,PV,fixed-tilt,180.0,7.0,,1.3,38.568337,-121.381235,9qcem3
665,CA,Fresno,36.610489,-120.357079,10586984,Scarlet Solar (CA),2024,PV,single-axis,180.0,0.0,batteries,200.0,36.743848,-119.765291,9qd2ds
666,CA,San Diego,32.582943,-116.925583,42344,CA - DGS RFP - RJ Donovan State Prison,2024,PV,single-axis,180.0,0.0,,2.0,32.884418,-117.112348,9muccv
667,CA,Kern,35.116745,-118.565895,172529,CA-DGS-California Correctional Inst,2024,PV,single-axis,180.0,0.0,,4.0,35.369809,-118.941786,9q5sgb
668,CA,Monterey,36.470478,-121.371887,73677,CA-DGS- RFP-Correctional Training Fac,2024,PV,single-axis,180.0,0.0,,1.6,36.614681,-121.646692,9q92vz
669,CA,Monterey,36.46809,-121.37075,102735,CA-DGS RFP-Salinas Valley State Prison,2023,PV,single-axis,90.0,,,3.3,36.614681,-121.646692,9q92vz
670,CA,Fresno,36.131405,-120.25264,25870,CA-DGS RFP-Pleasant Valley State Prison,2024,PV,fixed-tilt,180.0,0.0,,2.0,36.743848,-119.765291,9q6tde
671,CA,Kern,35.446873,-119.050209,54820,Amazon Bakersfield 1 Solar Project,2024,PV,fixed-tilt,180.0,0.0,batteries,4.3,35.369809,-118.941786,9q713t
672,CA,Riverside,33.704945,-115.282082,3159861,Victory Pass,2024,PV,single-axis,180.0,0.0,batteries,200.0,33.799274,-117.076969,9mvgw4
673,CA,Riverside,33.722725,-115.265182,7688344,Arica Solar,2024,PV,single-axis,180.0,0.0,batteries,263.0,33.799274,-117.076969,9mvgw4
674,CA,San Diego,32.745426,-116.938675,14526,Grossmont-Cuyamaca-Cuyamaca Col. Solar &,2024,PV,fixed-tilt,180.0,0.0,batteries,1.4,32.884418,-117.112348,9muccv
675,CA,Riverside,34.027229,-117.520912,55346,CA Jurupa Valley 3251 De Forest Circle,2024,PV,fixed-tilt,180.0,0.0,,4.5,33.799274,-117.076969,9qh3ky
676,CA,Riverside,34.029015,-117.517143,32467,Dulles,2016,PV,fixed-tilt,180.0,10.0,,2.0,33.799274,-117.076969,9qh3ky
677,CA,San Bernardino,34.035294,-117.53418,20120,SunE- E Philadelphia Ontario,2016,PV,single-axis,180.0,12.0,,1.0,34.190969,-117.359766,9qh3ky
678,CA,San Bernardino,34.043938,-117.530655,21252,Oltmans SCE at Champagne,2013,PV,fixed-tilt,180.0,10.0,,1.0,34.190969,-117.359766,9qh3ky
679,CA,Tulare,36.306778,-119.239922,65067,"Visalia CSG, LLC",2024,PV,single-axis,180.0,0.0,,3.0,36.254134,-119.23454,9qdbm8
680,CA,San Diego,32.565857,-116.93148,52178,Amazon SAN3 Solar Project,2024,PV,fixed-tilt,180.0,0.0,batteries,4.6,32.884418,-117.112348,9muccv
681,CA,Kern,35.000839,-118.898323,34138,"CTMW Solar, LLC",2024,PV,single-axis,180.0,0.0,,1.3,35.369809,-118.941786,9q5sgb
682,CA,Yolo,38.524479,-121.994072,57060,Putah Creek Solar Farm North,2022,PV,single-axis,0.0,0.0,,3.0,38.598163,-121.718874,9qc63x
683,CA,Fresno,36.811874,-119.741699,64841,CSU Fresno Solar Project,2007,PV,fixed-tilt,180.0,16.0,,1.0,36.743848,-119.765291,9qd9xh
684,CA,Los Angeles,34.043526,-118.154037,19871,ELACC Photovoltaic Power Facility,2008,PV,fixed-tilt,180.0,2.0,,1.0,34.067886,-118.24599,9qh18k
685,CA,Riverside,33.865868,-117.221764,19141,SunEdison Walgreens Moreno Valley,2007,PV,fixed-tilt,180.0,15.0,,1.0,33.799274,-117.076969,9qh8k2
686,CA,Yolo,38.675167,-121.711342,15461,Walgreens Woodland Distribution Center,2007,PV,single-axis,180.0,15.0,,1.0,38.598163,-121.718874,9qcem3
687,CA,San Bernardino,34.094704,-117.266861,19537,Kohls San Bernardino Solar Facility,2007,PV,single-axis,180.0,0.0,,1.0,34.190969,-117.359766,9qh3ky
688,CA,Los Angeles,33.747356,-118.276772,12006,Pacific Cruise Ship Terminals Berth 93,2010,PV,fixed-tilt,211.0,5.0,,1.0,34.067886,-118.24599,9q5bwz
689,CA,Los Angeles,34.05785,-118.228928,20342,Metro Support Services Center Solar,2005,PV,fixed-tilt,180.0,5.0,,1.2,34.067886,-118.24599,9q5cts
690,CA,Los Angeles,33.783176,-118.285294,32798,Los Angeles Harbor College,2010,PV,fixed-tilt,180.0,2.0,,1.2,34.067886,-118.24599,9q5bwz
691,CA,Sacramento,38.488571,-121.3918,16831,FRV SI Transport Solar LP,2010,PV,fixed-tilt,180.0,5.0,,1.0,38.568337,-121.381235,9qcem3
692,CA,El Dorado,38.615501,-121.057632,17624,Broadridge Cogen,2011,PV,single-axis,180.0,,,1.0,38.741021,-120.761446,9qcggm
693,CA,Riverside,33.827732,-117.511406,19629,"Temescal Canyon RV, LLC",2011,PV,single-axis,225.0,2.0,,1.5,33.799274,-117.076969,9qh3ky
694,CA,Los Angeles,33.881756,-118.017471,22739,"Staples La Mirada, CA",2009,PV,single-axis,180.0,20.0,,1.1,34.067886,-118.24599,9q5bwz
695,CA,Los Angeles,33.913303,-118.054352,23657,Golden Springs Building C-1,2012,PV,fixed-tilt,180.0,10.0,,1.2,34.067886,-118.24599,9q5bwz
696,CA,Los Angeles,33.911953,-118.052368,22227,Golden Springs Building D,2012,PV,fixed-tilt,180.0,10.0,,1.3,34.067886,-118.24599,9q5bwz
697,CA,San Diego,32.790279,-117.095718,11179,ISH Solar Hospital SDMC,2011,PV,fixed-tilt,0.0,5.0,,1.1,32.884418,-117.112348,9mudw2
698,CA,Los Angeles,33.921524,-118.123322,12520,ISH Solar Hospital Downey,2011,PV,fixed-tilt,0.0,10.0,,1.1,34.067886,-118.24599,9q5bwz
699,CA,Los Angeles,34.00922,-117.844955,29024,Industry MetroLink PV 1,2012,PV,fixed-tilt,223.0,5.0,,1.5,34.067886,-118.24599,9qh0rw
700,CA,Los Angeles,34.026726,-118.223846,18513,2555 E Olympic Bl,2012,PV,fixed-tilt,170.0,15.0,,1.0,34.067886,-118.24599,9q5cts
701,CA,San Bernardino,33.966019,-117.659126,38923,San Antonio West Solar Rooftop,2012,PV,fixed-tilt,180.0,20.0,,1.5,34.190969,-117.359766,9qh3ky
702,CA,San Luis Obispo,35.67001,-120.565277,12487,Meridian Vineyards,2010,PV,fixed-tilt,180.0,30.0,,1.1,35.341822,-120.665804,9q613c
703,CA,Kern,34.975288,-118.947296,47209,IKEA Tejon 345,2011,PV,single-axis,180.0,12.0,,1.5,35.369809,-118.941786,9q5sgb
704,CA,Riverside,33.768848,-117.020988,15785,Tahquitz High School,2012,PV,single-axis,90.0,,,1.0,33.799274,-117.076969,9qh8k2
705,CA,Riverside,33.719624,-117.011009,12914,West Valley High School Solar,2012,PV,single-axis,90.0,,,1.0,33.799274,-117.076969,9qh8k2
706,CA,Los Angeles,34.18552,-118.582375,32581,Pierce College,2013,PV,single-axis,180.0,2.0,,1.9,34.067886,-118.24599,9q5dy2
707,CA,Los Angeles,34.244072,-118.477745,67448,VA Sepulveda Ambulatory Care Center,2014,PV,single-axis,180.0,10.0,,4.4,34.067886,-118.24599,9q5epc
708,CA,Los Angeles,34.075493,-118.360794,24788,CBS Television City,2013,PV,single-axis,270.0,5.0,,1.6,34.067886,-118.24599,9q5fj1
709,CA,Contra Costa,38.000908,-121.748695,44726,Oakley Solar Project,2013,PV,single-axis,180.0,5.0,,1.5,37.93501,-122.024961,9qc26h
710,CA,San Bernardino,34.050041,-117.591774,41146,Oltmans SCE at Jurupa,2013,PV,fixed-tilt,180.0,10.0,,1.5,34.190969,-117.359766,9qh3ky
711,CA,Riverside,34.01387,-117.537086,79239,Mira Loma,2011,PV,fixed-tilt,180.0,9.0,,3.0,33.799274,-117.076969,9qh3ky
712,CA,Sonoma,38.762543,-122.972725,12212,ASTI,2009,PV,fixed-tilt,210.0,0.0,,1.2,38.412281,-122.720368,9qben2
713,CA,Napa,38.512592,-122.477386,14614,Beringer,2009,PV,fixed-tilt,120.0,0.0,,1.4,38.325108,-122.319983,9qben2
714,CA,Los Angeles,33.910866,-118.048897,31458,Santa Fe Springs Rooftop Solar BLDG M,2015,PV,fixed-tilt,180.0,10.0,,1.8,34.067886,-118.24599,9q5bwz
715,CA,Los Angeles,33.910694,-118.044373,36895,Santa Fe Springs Rooftop Solar BLDG H,2015,PV,fixed-tilt,180.0,10.0,,1.5,34.067886,-118.24599,9q5bwz
716,CA,San Bernardino,34.434574,-117.378113,31308,Hesperia,2014,PV,fixed-tilt,180.0,20.0,,1.5,34.190969,-117.359766,9qhe90
717,CA,Orange,33.800076,-117.920906,31502,Anaheim Solar Energy Plant,2014,PV,single-axis,180.0,5.0,,2.1,33.732683,-117.858773,9mupsy
718,CA,Santa Clara,37.33289,-122.009293,121134,Apple Campus 2 PV,2017,PV,single-axis,210.0,5.0,,14.4,37.315518,-121.91109,9q9hq4
719,CA,San Bernardino,34.039413,-117.605515,30924,Terra Francesco,2015,PV,fixed-tilt,180.0,11.0,,1.5,34.190969,-117.359766,9qh3ky
720,CA,Los Angeles,34.0737,-118.195099,47428,"Forever 21 Retail, Inc.",2015,PV,fixed-tilt,190.0,30.0,,1.3,34.067886,-118.24599,9q5cts
721,CA,Marin,38.134327,-122.575569,12155,"Cottonwood Solar, LLC Cottonwood Carport",2016,PV,single-axis,180.0,5.0,,1.0,37.986474,-122.546657,9qbbed
722,CA,Los Angeles,33.792492,-118.252625,19507,Colon PV,2015,PV,fixed-tilt,190.0,30.0,,1.3,34.067886,-118.24599,9q5bwz
723,CA,San Bernardino,34.097672,-117.544502,17625,SunE Rochester,2016,PV,fixed-tilt,180.0,11.0,,1.0,34.190969,-117.359766,9qh3ky
724,CA,Los Angeles,33.913956,-118.048706,21674,Building F,2016,PV,fixed-tilt,180.0,10.0,,1.3,34.067886,-118.24599,9q5bwz
725,CA,Los Angeles,33.912449,-118.048721,20615,Building G,2016,PV,fixed-tilt,180.0,10.0,,1.2,34.067886,-118.24599,9q5bwz
726,CA,Los Angeles,33.912537,-118.041878,14896,Buidling L,2016,PV,fixed-tilt,180.0,10.0,,1.0,34.067886,-118.24599,9q5bwz
727,CA,Los Angeles,33.890976,-118.036934,36304,Freeway Springs,2016,PV,fixed-tilt,180.0,10.0,,2.0,34.067886,-118.24599,9q5bwz
728,CA,Contra Costa,37.919113,-122.342995,31407,CA Dept of Public Health at Richmond,2017,PV,single-axis,179.0,12.0,,2.2,37.93501,-122.024961,9q9peh
729,CA,Kings,36.103794,-119.567276,3703,Corcoran,2014,PV,single-axis,180.0,30.0,,1.1,36.252657,-119.726922,9q6tde
730,CA,Sacramento,38.600868,-121.397972,15980,US GSA - Sacramento,2018,PV,fixed-tilt,180.0,7.0,,1.1,38.568337,-121.381235,9qcem3
731,CA,Sacramento,38.56496,-121.342827,39328,Dept of General Services -FTB,2017,PV,fixed-tilt,180.0,12.0,,2.7,38.568337,-121.381235,9qcem3
732,CA,Los Angeles,33.766045,-118.28537,38327,Westmont 300B,2016,PV,fixed-tilt,190.0,30.0,,3.0,34.067886,-118.24599,9q5bwz
733,CA,Orange,33.87907,-117.888657,25565,CSUF Nutwood Solar,2016,PV,single-axis,180.0,10.0,,1.9,33.732683,-117.858773,9qh0rw
734,CA,San Diego,32.731392,-117.207687,36742,Lindberg FIeld Solar,2015,PV,fixed-tilt,182.0,10.0,,2.9,32.884418,-117.112348,9mudw2
735,CA,San Diego,32.738819,-117.18425,19015,Lindberg Field Solar 2,2017,PV,fixed-tilt,207.0,8.0,,1.9,32.884418,-117.112348,9mudw2
736,CA,Los Angeles,33.766052,-118.288895,30101,Westmont 300A,2017,PV,fixed-tilt,180.0,10.0,,2.9,34.067886,-118.24599,9q5bwz
737,CA,Los Angeles,33.976734,-118.258621,120925,USPS PV,2017,PV,fixed-tilt,225.0,10.0,,7.4,34.067886,-118.24599,9q5cw0
738,CA,Los Angeles,33.727936,-118.280045,13139,Port of LA Solar FiT Project,2015,PV,fixed-tilt,168.0,10.0,,1.1,34.067886,-118.24599,9q5bwz
739,CA,Los Angeles,33.764172,-118.288162,20491,Westmont 400A,2017,PV,fixed-tilt,180.0,10.0,,2.3,34.067886,-118.24599,9q5bwz
740,CA,Los Angeles,33.764179,-118.285706,24993,Westmont 400B,2017,PV,fixed-tilt,180.0,10.0,,2.2,34.067886,-118.24599,9q5bwz
741,CA,Los Angeles,33.762886,-118.286575,18326,Westmont 301,2017,PV,fixed-tilt,190.0,30.0,,1.8,34.067886,-118.24599,9q5bwz
742,CA,Los Angeles,33.762169,-118.288361,30887,Westmont 401,2017,PV,fixed-tilt,190.0,30.0,,2.9,34.067886,-118.24599,9q5bwz
743,CA,San Diego,32.937153,-117.234268,8412,Kilroy Solar,2018,PV,fixed-tilt,177.0,3.0,,1.1,32.884418,-117.112348,9mudw2
744,CA,Sacramento,38.691845,-121.158493,18444,Folsom SP and CSP Sacramento,2019,PV,fixed-tilt,110.0,12.0,,1.3,38.568337,-121.381235,9qcggm
745,CA,San Diego,32.58675,-117.008881,11801,SeaWorld Aquatica,2018,PV,fixed-tilt,181.0,7.0,,1.1,32.884418,-117.112348,9muccv
746,CA,Santa Clara,36.975792,-121.56958,10914,Gavilan Community College Solar Project,2018,PV,fixed-tilt,240.0,10.0,batteries,1.4,37.315518,-121.91109,9q92vz
747,CA,Riverside,33.969292,-117.332359,35699,UC Riverside Lots 30 & 32,2017,PV,single-axis,180.0,10.0,,4.0,33.799274,-117.076969,9qh8k2
748,CA,Santa Clara,37.431709,-122.182053,28195,Stanford Campus Solar,2017,PV,fixed-tilt,215.0,5.0,,3.4,37.315518,-121.91109,9q9hgh
749,CA,Los Angeles,33.787338,-118.117737,39010,CSU Long Beach Lots 7 & 14,2017,PV,fixed-tilt,180.0,10.0,,4.5,34.067886,-118.24599,9q5bwz
750,CA,Sonoma,38.458675,-122.720276,15188,Santa Rosa Junior College Petaluma Solar,2018,PV,fixed-tilt,262.0,10.0,,1.2,38.412281,-122.720368,9qben2
751,CA,El Dorado,38.649422,-121.073349,22920,Blue Shld Of Cal- El Dorado Hlls Mtr B,2019,PV,single-axis,180.0,10.0,,1.5,38.741021,-120.761446,9qcggm
752,CA,San Bernardino,34.145432,-117.570877,39087,Chaffey College Rancho Cucamonga Campus,2017,PV,single-axis,180.0,7.0,,4.0,34.190969,-117.359766,9qh3ky
753,CA,Kern,35.418674,-119.149117,11247,Frontier HS Solar Project,2018,PV,single-axis,0.0,0.0,,1.4,35.369809,-118.941786,9q713t
754,CA,Los Angeles,34.277584,-118.429237,4106,"CFW Solar X, LLC - Vaughn",2018,PV,single-axis,180.0,10.0,,1.6,34.067886,-118.24599,9q5g0q
755,CA,Alameda,37.711937,-122.150444,20253,Preferred Freezer San Leandro,2017,PV,single-axis,228.0,5.0,,2.0,37.706599,-122.098766,9q9pk4
756,CA,San Diego,32.753605,-117.035011,12733,"PFMG Solar Grossmont Helix, LLC",2018,PV,single-axis,236.0,5.0,,1.2,32.884418,-117.112348,9muccv
757,CA,Solano,38.132267,-122.231514,74211,SFDK Solar,2019,PV,fixed-tilt,9.0,5.0,,6.3,38.236295,-122.067272,9qc0p1
758,CA,Santa Clara,37.411774,-122.148804,16021,"Solar Star Palo Alto I, LLC",2019,PV,fixed-tilt,85.0,10.0,,1.3,37.315518,-121.91109,9q9hgh
759,CA,San Mateo,37.620506,-122.428871,28585,Shelter Creek Condominiums Solar,2020,PV,single-axis,150.0,15.0,,1.9,37.563575,-122.339869,9q8yqr
760,CA,San Diego,32.813816,-117.005409,13747,Grossmont College,2023,PV,fixed-tilt,270.0,7.0,,2.6,32.884418,-117.112348,9mudw2
761,CA,San Diego,32.819405,-117.006989,13355,Grossmont HS Solar Project,2018,PV,fixed-tilt,219.0,10.0,,1.4,32.884418,-117.112348,9mudw2
762,CA,Fresno,36.88517,-119.731979,14431,SCCCD - Clovis Community College,2018,PV,fixed-tilt,269.0,7.0,,1.2,36.743848,-119.765291,9qd9xh
763,CA,Fresno,36.76545,-119.797356,20631,SCCCD - Fresno Community College,2018,PV,single-axis,180.0,7.0,,2.2,36.743848,-119.765291,9qd9xh
764,CA,Fresno,36.608727,-119.458527,28852,Reedley Community College Solar,2018,PV,single-axis,180.0,7.0,,2.6,36.743848,-119.765291,9qdbm8
765,CA,Orange,33.877949,-117.995766,9742,Alticor Inc - Solar Project,2017,PV,single-axis,180.0,10.0,,1.2,33.732683,-117.858773,9q5bwz
766,CA,Kern,35.594147,-119.403999,32017,DGS Wasco State Prison,2020,PV,fixed-tilt,180.0,7.0,,2.3,35.369809,-118.941786,9q713t
767,CA,Madera,37.102028,-120.152214,55678,DGS Central California Womens Facility,2020,PV,fixed-tilt,225.0,7.0,,2.0,37.037074,-120.009796,9qd9xh
768,CA,Fresno,36.818798,-119.809906,11786,Fresno Bullard High School Hybrid,2020,PV,fixed-tilt,180.0,7.0,batteries,1.2,36.743848,-119.765291,9qd9xh
769,CA,Fresno,36.818829,-119.771309,12081,Fresno Hoover High School Hybrid,2020,PV,fixed-tilt,270.0,7.0,batteries,1.2,36.743848,-119.765291,9qd9xh
770,CA,Fresno,36.734291,-119.717804,16410,Fresno Sunnyside High School Hybrid,2020,PV,fixed-tilt,270.0,7.0,batteries,1.6,36.743848,-119.765291,9qdbm8
771,CA,Los Angeles,34.022827,-117.850845,10813,Walnut Unified School District Walnut HS Hybrid,2020,PV,single-axis,260.0,5.0,batteries,1.8,34.067886,-118.24599,9qh0rw
772,CA,Los Angeles,34.04911,-118.173073,15843,Lafayette 2 - Internal Services Dept,2020,PV,single-axis,225.0,5.0,,1.9,34.067886,-118.24599,9q5cw0
773,CA,Los Angeles,33.922531,-118.240036,11266,Lafayette 2 - MLK Jr. Hospital (MLK),2020,PV,fixed-tilt,180.0,10.0,,1.7,34.067886,-118.24599,9q5bwz
774,CA,Alameda,37.669945,-121.873604,8967,Pleasanton - Amador Valley High School,2019,PV,fixed-tilt,,0.0,,1.1,37.706599,-122.098766,9q9m24
775,CA,Los Angeles,34.012989,-118.241943,12632,Dedeaux,2019,PV,single-axis,180.0,15.0,,0.9,34.067886,-118.24599,9q5cts
776,CA,Orange,33.922112,-117.939339,13004,Kroger La Habra,2020,PV,single-axis,180.0,10.0,,1.2,33.732683,-117.858773,9qh0rw
777,CA,Solano,38.388165,-121.936531,22688,Vacaville Hospital,2019,PV,fixed-tilt,269.0,5.0,,1.5,38.236295,-122.067272,9qc63x
778,CA,San Bernardino,34.090248,-117.356247,10344,Rialto - High School,2017,PV,single-axis,180.0,7.0,,0.9,34.190969,-117.359766,9qh3ky
779,CA,San Diego,32.59243,-116.923912,40024,San Diego - EMDF at San Diego,2021,PV,fixed-tilt,201.0,7.0,,2.9,32.884418,-117.112348,9muccv
780,CA,San Diego,33.190506,-117.255348,16140,San Diego - NCRC at Vista,2021,PV,fixed-tilt,178.0,7.0,,1.8,32.884418,-117.112348,9mumuf
781,CA,San Bernardino,34.038712,-117.360535,32168,"ESCA-LL-COLTON, LLC",2021,PV,fixed-tilt,216.0,10.0,,2.6,34.190969,-117.359766,9qh3ky
782,CA,Santa Clara,37.334194,-121.882492,16413,CSU San Jose State University,2021,PV,fixed-tilt,149.0,10.0,,1.7,37.315518,-121.91109,9q9hq4
783,CA,Los Angeles,34.015583,-118.193611,42200,Big Bear,2020,PV,fixed-tilt,180.0,7.0,,5.5,34.067886,-118.24599,9q5cw0
784,CA,Sacramento,38.549419,-121.447716,30417,Department of Justice,2020,PV,single-axis,180.0,7.0,,2.4,38.568337,-121.381235,9qcem3
785,CA,Riverside,33.972755,-117.334633,33279,Broadway 2 - UC Riverside,2014,PV,single-axis,0.0,0.0,,3.0,33.799274,-117.076969,9qh3ky
786,CA,San Joaquin,37.725021,-121.529602,54511,Prologis L.P,2018,PV,fixed-tilt,180.0,10.0,,3.0,37.924541,-121.302289,9q9w99
787,CA,Merced,36.983742,-120.630753,2713,Dos Palos,2021,PV,fixed-tilt,0.0,25.0,,1.0,37.274812,-120.628944,9q9fy1
788,CA,Riverside,33.928669,-117.002251,49376,Amazon PSP1,2021,PV,fixed-tilt,0.0,0.0,,3.8,33.799274,-117.076969,9qh8k2
789,CA,San Bernardino,34.105076,-117.233795,52446,IGS KSBD,2022,PV,single-axis,0.0,10.0,,4.3,34.190969,-117.359766,9qhe90
790,CA,San Joaquin,37.984684,-121.312935,44164,University of the Pacific,2022,PV,single-axis,162.0,7.0,batteries,4.5,37.924541,-121.302289,9qcbq0
791,CA,Kern,35.367172,-119.131134,10997,Liberty HS Solar Project,2018,PV,single-axis,0.0,0.0,,1.5,35.369809,-118.941786,9q713t
792,CA,Yolo,38.682594,-121.72084,24895,Target Woodland Solar Project,2018,PV,single-axis,181.0,10.0,,2.3,38.598163,-121.718874,9qcem3
793,CA,San Joaquin,37.909523,-121.195145,18281,Donaghy-Stockton,2021,PV,fixed-tilt,180.0,10.0,,1.1,37.924541,-121.302289,9qcbq0
794,CA,Ventura,34.301754,-118.832901,26090,CA - Ventura Co CCD - Moorpark College,2023,PV,fixed-tilt,128.0,7.0,,2.6,34.242809,-119.025486,9q5dy2
795,CA,Santa Clara,37.262661,-122.012779,35240,West Valley Mission CCD Solar Project,2022,PV,single-axis,180.0,10.0,batteries,2.7,37.315518,-121.91109,9q9hq4
796,CA,Orange,33.672852,-117.912521,28747,Orange Coast College PH2 Solar Project,2022,PV,fixed-tilt,10.0,10.0,batteries,3.1,33.732683,-117.858773,9mupsy
797,CA,San Bernardino,34.039516,-117.385109,34553,IGS SBD1,2023,PV,fixed-tilt,180.0,10.0,,2.6,34.190969,-117.359766,9qh3ky
798,CA,San Bernardino,34.073494,-117.280815,31860,IGS SBD2,2023,PV,fixed-tilt,354.0,10.0,,2.5,34.190969,-117.359766,9qh3ky
799,CA,San Diego,32.83617,-117.129868,31296,County of San Diego COC Hybrid,2020,PV,fixed-tilt,182.0,10.0,batteries,1.7,32.884418,-117.112348,9mudw2
800,CA,Fresno,36.504601,-120.091835,24842,Van der Hoek Solar Array/ Dairy,2017,PV,single-axis,40.0,40.0,,2.4,36.743848,-119.765291,9qd2ds
801,CA,Los Angeles,33.749683,-118.275993,7557,Catalina Express,2020,PV,single-axis,180.0,5.0,,1.0,34.067886,-118.24599,9q5bwz
802,CA,Los Angeles,33.718967,-118.275208,7253,Marina South,2020,PV,single-axis,180.0,5.0,,1.0,34.067886,-118.24599,9q5bwz
803,CA,San Bernardino,35.014107,-117.555969,1735162,Resurgence Solar,2023,PV,single-axis,180.0,,batteries,90.0,34.190969,-117.359766,9qhkxd
804,CA,San Bernardino,35.022346,-117.56604,1222145,Resurgence Solar II,2023,PV,single-axis,180.0,,batteries,48.0,34.190969,-117.359766,9qhkxd
805,CA,Sacramento,38.682541,-121.574417,48760,Chambers 4 - Sacramento SMF1,2018,PV,single-axis,180.0,10.0,,2.7,38.568337,-121.381235,9qcem3
806,CA,Riverside,33.992435,-117.553314,40836,Chambers 4 - Eastvale DCA2,2018,PV,single-axis,180.0,10.0,,1.5,33.799274,-117.076969,9qh3ky
807,CA,San Bernardino,34.078068,-117.274681,33934,Chambers 4 - San Bernardino SNA7,2018,PV,single-axis,180.0,10.0,,2.0,34.190969,-117.359766,9qh3ky
808,CA,Kings,36.26749,-119.631439,43683,Danell Bros Inc,2021,PV,single-axis,180.0,0.0,,2.6,36.252657,-119.726922,9qdbm8
809,CA,Placer,38.858898,-121.346092,37598,Lincoln WWTF Hybrid,2021,PV,fixed-tilt,0.0,0.0,batteries,3.0,38.839708,-121.198379,9qcggm
810,CA,Sonoma,38.261345,-122.736626,37636,"Bodega Avenue Solar, LLC",2021,PV,fixed-tilt,180.0,52.0,,2.0,38.412281,-122.720368,9qbcde
811,CA,Sacramento,38.576897,-121.29464,13862,Rancho Cordova Medical Offices,2021,PV,fixed-tilt,180.0,20.0,,1.1,38.568337,-121.381235,9qcem3
812,CA,San Diego,33.213123,-117.30426,18313,Gilead Oceanside Solar Project,2021,PV,single-axis,123.0,10.0,batteries,1.5,32.884418,-117.112348,9mumuf
813,CA,Ventura,34.167313,-119.15667,16734,CA-Ventura Co CCD-Oxnard College Canopy,2022,PV,single-axis,270.0,7.0,,1.5,34.242809,-119.025486,9q5dy2
814,CA,San Mateo,37.568691,-122.277939,6858,Gilead Foster City Solar Project,2021,PV,single-axis,90.0,8.0,batteries,1.1,37.563575,-122.339869,9q9jk9
815,CA,Kern,35.500565,-119.111,123305,"Laredo Detention Facility - Solar 2, 3",2021,PV,single-axis,180.0,10.0,,5.2,35.369809,-118.941786,9q713t
816,CA,Los Angeles,34.239788,-118.585556,16893,Prairie,2021,PV,single-axis,180.0,10.0,,1.8,34.067886,-118.24599,9q5dy2
817,CA,Kern,35.405571,-118.973175,37755,Bakersfield College Solar 01,2010,PV,single-axis,1.0,1.0,,1.1,35.369809,-118.941786,9q713t
818,CA,Orange,33.883007,-117.886246,15358,CSUF Trigeneration,2012,PV,fixed-tilt,180.0,10.0,,4.3,33.732683,-117.858773,9qh0rw
819,CA,Orange,33.881119,-117.891617,11289,CSUF State College,2016,PV,single-axis,180.0,10.0,,1.0,33.732683,-117.858773,9qh0rw
820,CA,Sacramento,38.646992,-121.165741,69327,Intel Folsom Phase 3,2016,PV,fixed-tilt,272.0,5.0,,5.2,38.568337,-121.381235,9qcggm
821,CA,Sacramento,38.64529,-121.168739,11305,Intel Folsom Phase 2,2012,PV,fixed-tilt,272.0,5.0,,1.0,38.568337,-121.381235,9qcggm
822,CA,San Diego,32.91013,-117.123413,17536,SDCCD - Miramar,2011,PV,fixed-tilt,180.0,8.0,,1.0,32.884418,-117.112348,9mudw2
823,CA,Riverside,33.897125,-117.278603,58235,Park Meridian #1,2015,PV,fixed-tilt,180.0,11.0,,1.5,33.799274,-117.076969,9qh8k2
824,CA,San Bernardino,34.100254,-117.55249,30928,Rancho Cucamonga Dist #1,2015,PV,fixed-tilt,180.0,5.0,,1.8,34.190969,-117.359766,9qh3ky
825,CA,Los Angeles,34.236275,-118.565414,13077,Nordhoff Place,2014,PV,fixed-tilt,190.0,30.0,,0.9,34.067886,-118.24599,9q5dy2
826,CA,Sacramento,38.643364,-121.505569,14393,Strata Roof 1,2013,PV,fixed-tilt,180.0,10.0,,1.0,38.568337,-121.381235,9qcem3
827,CA,Stanislaus,37.469852,-121.166527,44246,Amazon - Patterson PV,2017,PV,fixed-tilt,180.0,10.0,,2.5,37.618447,-120.955882,9q9wtp
828,CA,Los Angeles,33.849991,-118.307465,16215,Francisco St. Solar,2018,PV,single-axis,180.0,10.0,,1.2,34.067886,-118.24599,9q5bwz
829,CA,San Joaquin,37.734913,-121.511032,14953,Medline Ind. Phase 2 Tracy,2018,PV,fixed-tilt,180.0,10.0,,1.0,37.924541,-121.302289,9q9w99
830,CA,San Joaquin,37.894833,-121.264778,14418,Niagara Bottling Stockton,2018,PV,fixed-tilt,222.0,5.0,,1.0,37.924541,-121.302289,9q9wtp
831,CA,San Joaquin,37.914116,-121.198616,38578,Amazon - Stockton - Roof (SCK1) - (CA),2023,PV,single-axis,180.0,12.0,,2.6,37.924541,-121.302289,9qcbq0
832,CA,Yolo,38.543449,-121.774818,22732,West Village Solar - Array 1Community Solar,2022,PV,fixed-tilt,180.0,5.0,,1.2,38.598163,-121.718874,9qc63x
833,CA,Yolo,38.539776,-121.777657,23048,West Village Solar - Array 2 Community Solar,2022,PV,fixed-tilt,180.0,5.0,,1.3,38.598163,-121.718874,9qc63x
834,CA,Los Angeles,33.845943,-118.301819,41592,"20333 Normandie PV, LLC",2021,PV,single-axis,180.0,15.0,,2.6,34.067886,-118.24599,9q5bwz
835,CA,Riverside,34.008141,-117.388451,35353,"SSI West Riverside Landfill, LLC",2020,PV,single-axis,180.0,17.0,,2.5,33.799274,-117.076969,9qh3ky
836,CA,San Bernardino,34.079762,-117.203827,33680,Chambers 4 - Redland LGB4,2019,PV,single-axis,180.0,10.0,,1.9,34.190969,-117.359766,9qh8k2
837,CA,San Bernardino,34.129318,-117.40554,40055,Chambers 4 - Rialto LGB8,2018,PV,single-axis,180.0,10.0,,2.2,34.190969,-117.359766,9qh3ky
838,CA,Santa Clara,37.405567,-122.018776,27073,Google Moffett Park Solar Project,2021,PV,single-axis,165.0,3.0,batteries,1.6,37.315518,-121.91109,9q9hq4
839,CA,Los Angeles,34.095821,-117.782631,15811,Gilead Sciences La Verne Rooftop Solar,2021,PV,single-axis,180.0,34.0,batteries,1.7,34.067886,-118.24599,9qh3ky
840,CA,San Bernardino,34.269226,-116.818367,15125,BBARWA,2021,PV,fixed-tilt,135.0,19.0,,1.9,34.190969,-117.359766,9qj152
841,CA,San Bernardino,34.126694,-117.415611,50320,Niagara Bottling - Rialto,2021,PV,single-axis,180.0,10.0,,4.2,34.190969,-117.359766,9qh3ky
842,CA,Fresno,36.656609,-119.587479,10768,POM Juice Solar,2021,PV,fixed-tilt,35.0,0.0,,1.5,36.743848,-119.765291,9qdbm8
843,CA,Fresno,36.658768,-119.586334,23257,POM Plant 2,2021,PV,fixed-tilt,26.0,26.0,,1.6,36.743848,-119.765291,9qdbm8
844,CA,Fresno,36.658302,-119.584602,38654,POM Beverage Solar,2021,PV,fixed-tilt,35.0,0.0,,1.8,36.743848,-119.765291,9qdbm8
845,CA,Fresno,36.656933,-119.585739,45833,POM Plant 1,2021,PV,fixed-tilt,26.0,,,2.4,36.743848,-119.765291,9qdbm8
846,CA,Kings,36.17585,-119.560783,90799,"Canal Energy S23, LLC",2021,PV,single-axis,180.0,52.0,,4.1,36.252657,-119.726922,9qdbm8
847,CA,Ventura,34.403454,-118.904587,44763,Ventura Solar,2021,PV,single-axis,180.0,,,2.9,34.242809,-119.025486,9q5evq
848,CA,Los Angeles,34.243671,-118.585106,17979,"20701 Plummer PV, LLC",2022,PV,fixed-tilt,180.0,15.0,,1.5,34.067886,-118.24599,9q5dy2
849,CA,Riverside,33.66851,-117.383049,12202,Lake Elsinore Canopies - Lakeside HS,2022,PV,single-axis,180.0,5.0,,1.0,33.799274,-117.076969,9qh8k2
850,CA,Madera,36.83762,-120.314598,90750,Wonderful Firebaugh,2022,PV,dual-axis,35.0,26.0,,5.4,37.037074,-120.009796,9qd2ds
851,CA,Kern,35.776356,-119.884354,60535,Wonderful Kings,2022,PV,dual-axis,38.0,26.0,,3.5,35.369809,-118.941786,9q6tde
852,CA,Los Angeles,33.722401,-118.273758,14866,Alta Sea,2023,PV,fixed-tilt,252.0,13.0,,1.8,34.067886,-118.24599,9q5bwz
853,CA,Kern,34.985989,-118.904053,36593,"Blue Skies Solar, LLC",2021,PV,single-axis,0.0,52.0,,1.0,35.369809,-118.941786,9q5sgb
854,CA,Fresno,36.816257,-119.681107,13319,Clovis High School,2018,PV,single-axis,270.0,7.0,,1.0,36.743848,-119.765291,9qd9xh
855,CA,Fresno,36.798954,-119.637794,15853,Clovis East High School,2018,PV,single-axis,270.0,7.0,,1.0,36.743848,-119.765291,9qdbm8
856,CA,Fresno,36.890087,-119.738083,18634,Clovis North High School,2017,PV,single-axis,270.0,7.0,,1.0,36.743848,-119.765291,9qd9xh
857,CA,Contra Costa,37.770061,-121.966774,100190,Bishop Ranch - BR 1-Y,2022,PV,single-axis,153.0,8.0,batteries,1.1,37.93501,-122.024961,9q9pk4
858,CA,San Diego,32.869011,-117.24324,33785,Univ of California San Diego Solar,2008,PV,single-axis,180.0,20.0,,1.0,32.884418,-117.112348,9mudw2
859,CA,Sacramento,38.362709,-121.385361,145997,"RE Kammerer 3, LLC",2012,PV,single-axis,90.0,,,5.0,38.568337,-121.381235,9qcem3
860,CA,Sacramento,38.360947,-121.384293,99866,"RE Kammerer 2, LLC",2012,PV,single-axis,90.0,,,5.0,38.568337,-121.381235,9qcem3
861,CA,Los Angeles,34.226341,-118.498848,21513,"8500 Balboa PV, LLC",2022,PV,single-axis,180.0,15.0,,3.2,34.067886,-118.24599,9q5dy2
862,CA,Los Angeles,34.213833,-118.493912,26921,Aerolease,2018,PV,fixed-tilt,180.0,10.0,,1.3,34.067886,-118.24599,9q5dy2
863,CA,San Bernardino,34.857754,-116.747269,3885626,Daggett 2,2023,PV,single-axis,90.0,,batteries,182.0,34.190969,-117.359766,9qhkxd
864,CA,San Bernardino,34.870911,-116.774918,6624768,Daggett 3,2023,PV,single-axis,90.0,,batteries,300.0,34.190969,-117.359766,9qhkxd
865,CA,Alameda,37.478867,-121.931572,19098,Fremont - Kato Rd,2016,PV,single-axis,245.0,4.0,,1.4,37.706599,-122.098766,9q9m24
866,CA,Riverside,33.879818,-117.299034,62369,Chambers 4 - Riverside LGB6,2018,PV,single-axis,180.0,10.0,,2.4,33.799274,-117.076969,9qh8k2
867,CA,San Bernardino,35.031879,-117.337921,1812763,SEGS IX,1990,PV,fixed-tilt,180.0,,,92.0,34.190969,-117.359766,9qhkxd
868,CA,Sacramento,38.364422,-121.385345,145884,"RE Kammerer 1, LLC",2012,PV,single-axis,90.0,,,5.0,38.568337,-121.381235,9qcem3
869,CA,San Diego,32.631828,-117.077293,12293,County of San Diego SBRC,2018,PV,single-axis,0.0,10.0,,1.3,32.884418,-117.112348,9muccv
870,CA,Kings,36.169018,-119.8992,9106113,Solar Blue,2023,PV,fixed-tilt,180.0,0.0,batteries,250.0,36.252657,-119.726922,9q6tde
871,CA,Fresno,36.157837,-120.11573,3586333,"Fifth Standard Solar PV, LLC (Hybrid)",2020,PV,single-axis,0.0,0.0,batteries,150.0,36.743848,-119.765291,9q6tde
872,CA,Kern,35.629776,-119.391029,36537,Wonderful Nursery,2021,PV,single-axis,26.0,26.0,,2.3,35.369809,-118.941786,9q713t
873,CA,Merced,37.053532,-120.63208,22981,Henry Miller RD,2018,PV,single-axis,180.0,30.0,,1.5,37.274812,-120.628944,9q9fy1
874,CO,Alamosa,37.686424,-105.887032,605150,Greater Sandhill I,2010,PV,single-axis,0.0,0.0,,19.0,37.481888,-105.877629,9wve62
875,CO,Alamosa,37.598537,-105.951965,704702,Cogentrix of Alamosa,2012,PV,dual-axis,180.0,,,30.0,37.481888,-105.877629,9wve62
876,CO,El Paso,38.956966,-104.806534,117031,AFA Solar Farm,2011,PV,single-axis,0.0,0.0,,5.2,38.877314,-104.75212,9wve62
877,CO,Alamosa,37.69418,-105.919807,633315,San Luis Valley Solar Ranch,2011,PV,single-axis,60.0,45.0,,30.4,37.481888,-105.877629,9wve62
878,CO,Alamosa,37.69455,-105.982552,919216,Hooper Solar,2015,PV,single-axis,0.0,0.0,,52.0,37.481888,-105.877629,9wve62
879,CO,Weld,40.083412,-104.74794,392593,SR Jenkins Ft Lupton,2016,PV,single-axis,180.0,45.0,,13.0,40.322426,-104.807009,9xkgmv
880,CO,El Paso,38.601803,-104.693848,266215,Clear Spring Ranch PV Project,2016,PV,single-axis,180.0,0.0,,10.0,38.877314,-104.75212,9wve62
881,CO,Larimer,40.864941,-105.012985,611223,"Bison Solar, LLC",2016,PV,single-axis,90.0,,,32.4,40.504402,-105.089155,9xkgmv
882,CO,Weld,40.229893,-105.031128,193358,SR Mavericks,2016,PV,single-axis,180.0,45.0,,6.5,40.322426,-104.807009,9xkgmv
883,CO,Las Animas,37.371609,-104.474258,862554,"San Isabel Solar, LLC",2016,PV,single-axis,90.0,,,30.0,37.192053,-104.501324,9wve62
884,CO,Arapahoe,39.686752,-104.013641,1446089,Titan Solar,2018,PV,single-axis,180.0,,,50.0,39.646582,-104.838574,9wve62
885,CO,El Paso,38.972313,-104.252785,869319,Grazing Yak Solar,2019,PV,single-axis,180.0,,,39.5,38.877314,-104.75212,9wve62
886,CO,El Paso,38.722862,-104.781746,31332,Carson Solar I,2007,PV,fixed-tilt,180.0,25.0,,1.5,38.877314,-104.75212,9wve62
887,CO,Adams,39.982697,-104.940987,32933,Brighton PV Solar Plant,2012,PV,fixed-tilt,180.0,25.0,,1.8,39.876949,-104.920943,9wve62
888,CO,Montrose,38.27248,-108.784233,21553,SMPA Solar 1 Community Solar,2012,PV,fixed-tilt,180.0,35.0,,1.0,38.481301,-107.922349,9wdr2q
889,CO,Garfield,39.522892,-107.813377,35845,WWRF Solar Plant,2009,PV,single-axis,90.0,,,1.3,39.507103,-107.549019,9x5w98
890,CO,Adams,39.792286,-104.437454,342547,"Victory Solar, LLC",2016,PV,single-axis,180.0,,,12.8,39.876949,-104.920943,9wve62
891,CO,Larimer,40.591194,-105.146339,37465,"RV CSU Power, LLC",2009,PV,fixed-tilt,180.0,25.0,,1.9,40.504402,-105.089155,9xkgmv
892,CO,Larimer,40.592789,-105.147514,65846,"RV CSU Power II, LLC",2010,PV,single-axis,180.0,25.0,,3.0,40.504402,-105.089155,9xkgmv
893,CO,Denver,39.902943,-104.659386,83625,City & County of Denver at Denver Int'l,2011,PV,fixed-tilt,180.0,25.0,,3.4,39.72486,-104.950033,9wve62
894,CO,Boulder,40.048271,-105.180466,24632,City of Boulder WWTP,2010,PV,fixed-tilt,180.0,30.0,,0.9,40.062992,-105.180215,9xkgmv
895,CO,Pueblo,38.31477,-104.573273,88454,CSU Pueblo,2008,PV,single-axis,180.0,20.0,,1.0,38.265773,-104.646976,9wve62
896,CO,Logan,40.63187,-103.195557,46615,Sterling PV 3,2014,PV,single-axis,0.0,0.0,,1.6,40.64034,-103.185977,9xkgmv
897,CO,Mesa,39.067604,-108.50927,32529,Mesa PV1,2014,PV,single-axis,135.0,,,1.6,39.092942,-108.546673,9x47er
898,CO,Garfield,39.525986,-107.695999,17419,"Eagle Springs Solar, LLC",2013,PV,single-axis,180.0,16.0,,1.0,39.507103,-107.549019,9x5w98
899,CO,Denver,39.898895,-104.665092,63268,Denver Intl Airport IV Solar,2014,PV,fixed-tilt,180.0,25.0,,1.5,39.72486,-104.950033,9wve62
900,CO,Garfield,39.412647,-107.158287,41125,Sunnyside Ranch Community Solar Array,2015,PV,fixed-tilt,180.0,35.0,,1.5,39.507103,-107.549019,9x5w98
901,CO,Denver,39.902088,-104.673431,68700,Airport 1 Solar (DIA),2009,PV,fixed-tilt,180.0,22.0,,1.5,39.72486,-104.950033,9wve62
902,CO,El Paso,38.774063,-104.745712,78572,"Pikes Peak Solar Garden 1, LLC (CSG)",2015,PV,single-axis,0.0,,,2.0,38.877314,-104.75212,9wve62
903,CO,Adams,39.786293,-104.586792,60588,"Adams Community Solar Garden III, LLC",2015,PV,single-axis,0.0,0.0,,1.2,39.876949,-104.920943,9wve62
904,CO,Weld,40.419888,-104.894371,139934,Valley View Solar,2015,PV,single-axis,180.0,45.0,,4.0,40.322426,-104.807009,9xkgmv
905,CO,Jefferson,39.859749,-105.151321,30455,"Jeffco Community Solar Gardens, LLC",2016,PV,single-axis,180.0,0.0,,1.2,39.72369,-105.130309,9wve62
906,CO,Weld,40.580223,-104.895325,116167,SR Skylark B,2016,PV,single-axis,180.0,45.0,,2.0,40.322426,-104.807009,9xkgmv
907,CO,Weld,40.231258,-104.787506,44352,Weld 1 Community Solar Array,2017,PV,single-axis,180.0,,,1.5,40.322426,-104.807009,9xkgmv
908,CO,Logan,40.613491,-103.150391,41687,Logan 1 Community Solar Array,2017,PV,single-axis,180.0,0.0,,1.7,40.64034,-103.185977,9xkgmv
909,CO,Conejos,37.190712,-105.984718,41143,Conejos 1 Community Solar Array,2017,PV,single-axis,0.0,0.0,,1.5,37.199613,-105.987323,9wve62
910,CO,Adams,39.784874,-104.585487,39604,CO LI (CSG) 1-Kamerra,2019,PV,single-axis,0.0,0.0,,1.5,39.876949,-104.920943,9wve62
911,CO,Adams,39.765621,-104.590569,45954,Xcel Adams 1 Community Solar Array,2017,PV,single-axis,0.0,,,1.8,39.876949,-104.920943,9wve62
912,CO,Weld,40.385834,-104.549599,54159,SR Kersey,2017,PV,single-axis,180.0,45.0,,3.5,40.322426,-104.807009,9xkgmv
913,CO,Larimer,40.500534,-105.132057,27570,Coyote Ridge Community Solar,2017,PV,single-axis,90.0,,,1.5,40.504402,-105.089155,9xkgmv
914,CO,Conejos,37.071095,-106.005203,11766,San Luis Solar Garden,2017,PV,single-axis,90.0,,,1.2,37.199613,-105.987323,9wve62
915,CO,Adams,39.75996,-104.620979,33957,Denver Metro Solar,2017,PV,single-axis,180.0,,,1.6,39.876949,-104.920943,9wve62
916,CO,Saguache,37.769577,-106.212517,64374,San Luis Valley Solar Array,2017,PV,single-axis,0.0,0.0,,2.7,37.925349,-106.006105,9wve62
917,CO,Baca,37.385521,-102.467346,112581,Vilas Solar Array,2017,PV,single-axis,0.0,0.0,,4.0,37.368105,-102.53204,9wve62
918,CO,Arapahoe,39.635506,-104.658478,86256,Quincy II Solar Garden,2018,PV,single-axis,0.0,0.0,,1.5,39.646582,-104.838574,9wve62
919,CO,Adams,39.761879,-104.460846,1033880,"Pioneer Solar (CO), LLC",2021,PV,single-axis,180.0,,,80.0,39.876949,-104.920943,9wve62
920,CO,Weld,40.426296,-104.643875,32851,"Oak Leaf Solar XXVII, LLC",2018,PV,single-axis,0.0,,,1.5,40.322426,-104.807009,9xkgmv
921,CO,Alamosa,37.457394,-105.88295,33878,"Oak Leaf Solar XXX, LLC (CSG)",2018,PV,single-axis,0.0,,,1.5,37.481888,-105.877629,9wve62
922,CO,Arapahoe,39.639172,-104.555794,23503,Oak Leaf Solar XXI (CSG),2018,PV,single-axis,180.0,,,1.5,39.646582,-104.838574,9wve62
923,CO,Mesa,39.145912,-108.319565,32288,"Oak Leaf Solar XXXI, LLC (CSG)",2018,PV,single-axis,0.0,,,1.5,39.092942,-108.546673,9x47er
924,CO,Arapahoe,39.640617,-104.555428,15386,"Oak Leaf Solar XXV, LLC (CSG)",2018,PV,single-axis,180.0,,,1.5,39.646582,-104.838574,9wve62
925,CO,Arapahoe,39.640167,-104.558403,33356,Quincy Solar,2021,PV,single-axis,180.0,,,1.5,39.646582,-104.838574,9wve62
926,CO,Weld,40.237854,-104.780052,31011,"Oak Leaf Solar XXVIII, LLC (CSG)",2019,PV,single-axis,180.0,,,1.5,40.322426,-104.807009,9xkgmv
927,CO,Adams,39.804352,-104.617111,74441,"Oak Leaf Solar XXIII, LLC (CSG)",2019,PV,single-axis,180.0,,,1.5,39.876949,-104.920943,9wve62
928,CO,El Paso,38.633263,-104.661964,817086,Palmer Solar,2020,PV,single-axis,180.0,,,60.0,38.877314,-104.75212,9wve62
929,CO,Weld,40.288265,-104.785011,40947,Gilcrest Solar,2018,PV,single-axis,180.0,,,1.5,40.322426,-104.807009,9xkgmv
930,CO,Mesa,39.047695,-108.418755,27287,Mesa (CSG) 2 Massicotte,2019,PV,fixed-tilt,180.0,30.0,,1.5,39.092942,-108.546673,9x47er
931,CO,Mesa,39.110489,-108.653259,32663,Mesa (CSG) 1 Murdock,2019,PV,single-axis,0.0,0.0,,1.5,39.092942,-108.546673,9x47er
932,CO,Grand,39.959938,-105.846909,21977,Tom Sifers Solar,2019,PV,single-axis,180.0,,,1.0,40.051143,-105.978501,9x5w98
933,CO,Jackson,40.812771,-106.289276,21593,Whiskey Hill Solar,2019,PV,single-axis,180.0,,,1.0,40.690192,-106.295485,9xkgmv
934,CO,Adams,39.776794,-104.587166,35301,Mtn. Solar 1,2019,PV,single-axis,0.0,0.0,,1.5,39.876949,-104.920943,9wve62
935,CO,Adams,39.767445,-104.589653,36949,Mtn. Solar 2,2019,PV,single-axis,0.0,0.0,,1.5,39.876949,-104.920943,9wve62
936,CO,Morgan,40.280243,-103.617958,33620,Mtn. Solar 3 (CSG),2020,PV,single-axis,0.0,0.0,,1.5,40.254229,-103.789071,9xkgmv
937,CO,Weld,40.387657,-104.55098,62550,SR Kersey II,2019,PV,single-axis,60.0,,,1.0,40.322426,-104.807009,9xkgmv
938,CO,Chaffee,38.53648,-106.076973,30876,"Oak Leaf Solar XXXIII, LLC (Lantz)",2020,PV,single-axis,180.0,52.0,,3.0,38.676811,-106.085131,9wve62
939,CO,Weld,40.228275,-104.775108,34405,"Platteville Solar (CSG), LLC",2020,PV,single-axis,180.0,52.0,,1.3,40.322426,-104.807009,9xkgmv
940,CO,Weld,40.456177,-104.579491,41573,"Alden Solar (CSG), LLC",2020,PV,single-axis,0.0,52.0,,1.6,40.322426,-104.807009,9xkgmv
941,CO,Rio Grande,37.571861,-106.099785,42773,"Monte Vista Solar 2 (CSG), LLC",2020,PV,single-axis,180.0,52.0,,1.6,37.61185,-106.242067,9wve62
942,CO,Fremont,38.465443,-105.213402,33999,"Fremont CO 1, LLC",2020,PV,single-axis,180.0,52.0,,1.8,38.426941,-105.214303,9wve62
943,CO,Boulder,40.122749,-105.129799,18000,Jack's Solar Garden,2020,PV,single-axis,180.0,45.0,,1.0,40.062992,-105.180215,9xkgmv
944,CO,Alamosa,37.393787,-105.90696,42564,Rock Creek 2 (CSG),2020,PV,fixed-tilt,180.0,52.0,,1.6,37.481888,-105.877629,9wve62
945,CO,Alamosa,37.452404,-105.860413,41696,Alamosa Solar South (CSG),2021,PV,single-axis,180.0,52.0,,1.6,37.481888,-105.877629,9wve62
946,CO,Crowley,38.210049,-103.745895,41520,"NSE Camber BH (CSG) 2, LLC",2021,PV,single-axis,180.0,52.0,,2.0,38.193783,-103.856387,9wve62
947,CO,Weld,40.31736,-104.771873,97071,Gilcrest V (CSG),2021,PV,single-axis,180.0,0.0,,4.8,40.322426,-104.807009,9xkgmv
948,CO,Denver,39.897465,-104.665642,109379,"Oak Leaf Solar XVIII, LLC",2021,PV,single-axis,90.0,50.0,,9.0,39.72486,-104.950033,9wve62
949,CO,Adams,39.75222,-104.667717,31606,Venture 1-1A (CSG),2021,PV,single-axis,0.0,52.0,,1.5,39.876949,-104.920943,9wve62
950,CO,Pitkin,39.246071,-106.875313,87183,Pitkin County Solar,2021,PV,single-axis,180.0,,,5.0,39.231757,-106.908716,9x5w98
951,CO,Jefferson,39.727795,-105.113144,31427,Mtn. Solar 4 (CSG),2021,PV,fixed-tilt,0.0,52.0,,1.5,39.72369,-105.130309,9wve62
952,CO,Adams,39.752213,-104.665558,31828,Venture 2,2021,PV,single-axis,0.0,52.0,,1.5,39.876949,-104.920943,9wve62
953,CO,Adams,39.750187,-104.667717,32215,Venture 3-1C,2021,PV,single-axis,0.0,52.0,,1.5,39.876949,-104.920943,9wve62
954,CO,Adams,39.750282,-104.665634,31491,Venture 4-1D,2021,PV,single-axis,0.0,52.0,,1.5,39.876949,-104.920943,9wve62
955,CO,Chaffee,38.81525,-106.110489,56303,Trout Creek Solar,2019,PV,single-axis,180.0,0.0,,2.0,38.676811,-106.085131,9wve62
956,CO,Alamosa,37.689068,-105.876221,246044,SunE Alamosa,2007,PV,"dual-axis,fixed-tilt,single-axis",180.0,20.0,,6.9,37.481888,-105.877629,9wve62
957,CO,Denver,39.900921,-104.659866,32756,"Oak Leaf Solar XXVI, LLC",2019,PV,single-axis,180.0,,,1.5,39.72486,-104.950033,9wve62
958,CO,Weld,40.576878,-104.896072,55863,Skylark,2015,PV,single-axis,180.0,45.0,,4.0,40.322426,-104.807009,9xkgmv
959,CO,Boulder,39.982059,-105.061172,41595,"Lafayette Horizon Solar (CSG), LLC",2019,PV,single-axis,180.0,,,1.6,40.062992,-105.180215,9xkgmv
960,CO,Boulder,40.092033,-105.191246,128698,IBM Solar,2019,PV,single-axis,180.0,52.0,,8.1,40.062992,-105.180215,9xkgmv
961,CO,Weld,40.181145,-104.690155,451193,SR Platte Solar Farm,2017,PV,single-axis,180.0,45.0,,16.0,40.322426,-104.807009,9xkgmv
962,CO,Weld,40.184376,-104.693901,144273,SR Rattlesnake,2020,PV,single-axis,0.0,,,6.0,40.322426,-104.807009,9xkgmv
963,CO,Adams,39.787411,-104.586067,36898,"Adams Community Solar Garden, LLC",2015,PV,single-axis,0.0,0.0,,1.2,39.876949,-104.920943,9wve62
964,CO,Logan,40.666161,-103.131714,31919,Riverview Solar,2019,PV,single-axis,135.0,0.0,,1.5,40.64034,-103.185977,9xkgmv
965,CO,Denver,39.838184,-104.672813,39824,Denver Int Airport,2008,PV,single-axis,90.0,,,1.9,39.72486,-104.950033,9wve62
966,CO,Denver,39.902016,-104.665054,100325,DIA 8,2022,PV,single-axis,180.0,52.0,,4.5,39.72486,-104.950033,9wve62
967,CO,Adams,39.789177,-104.592346,149385,Imboden Solar Garden,2018,PV,single-axis,0.0,0.0,,3.0,39.876949,-104.920943,9wve62
968,CO,Adams,39.789085,-104.586166,77805,Xcel Adams 2 Community Solar Array,2017,PV,single-axis,0.0,,,1.5,39.876949,-104.920943,9wve62
969,CO,Weld,40.5788,-104.896744,23770,SR Skylark C,2017,PV,single-axis,60.0,,,1.1,40.322426,-104.807009,9xkgmv
970,CO,Weld,40.228184,-104.777763,42829,"Pivot Solar 4, LLC (CSG)",2022,PV,single-axis,180.0,0.0,,2.0,40.322426,-104.807009,9xkgmv
971,CO,Weld,40.24041,-104.770874,38571,"Pivot Solar 8, LLC (CSG)",2021,PV,single-axis,180.0,0.0,,2.0,40.322426,-104.807009,9xkgmv
972,CO,Arapahoe,39.63633,-104.64621,35183,Arapahoe 3 Community Solar Array,2017,PV,single-axis,0.0,0.0,,1.8,39.646582,-104.838574,9wve62
973,CO,Arapahoe,39.650616,-104.533142,33360,"Oak Leaf Solar XXII, LLC (CSG)",2019,PV,single-axis,180.0,,,1.5,39.646582,-104.838574,9wve62
974,CO,Arapahoe,39.654045,-104.531181,70286,"Oak Leaf Solar XXIV, LLC (CSG)",2019,PV,single-axis,180.0,,,1.5,39.646582,-104.838574,9wve62
975,CO,Pueblo,38.170128,-104.522804,6745897,Sun Mountain Solar 1,2021,PV,single-axis,180.0,,,200.0,38.265773,-104.646976,9wve62
976,CO,Garfield,39.523075,-107.81604,33374,Oak Leaf Solar XXXII (CSG),2019,PV,single-axis,180.0,52.0,,1.5,39.507103,-107.549019,9x5w98
977,CO,Garfield,39.521717,-107.815651,30367,"Pivot Solar 7, LLC (CSG)",2022,PV,single-axis,180.0,0.0,,2.0,39.507103,-107.549019,9x5w98
978,CO,Larimer,40.843323,-105.015205,542747,Rawhide Prairie Solar Hybrid,2021,PV,single-axis,0.0,60.0,batteries,22.0,40.504402,-105.089155,9xkgmv
979,CO,Pueblo,38.173016,-104.382111,5223814,Thunder Wolf Energy Center Hybrid,2022,PV,single-axis,180.0,52.0,batteries,248.0,38.265773,-104.646976,9wve62
980,CO,Logan,40.615154,-103.233932,10814,"NSE Camber Solar PS11, LLC (CSG)",2021,PV,single-axis,180.0,0.0,,2.0,40.64034,-103.185977,9xkgmv
981,CO,Logan,40.614151,-103.233887,10320,"Mtn Solar 6, LLC (CSG)",2022,PV,single-axis,180.0,0.0,,2.0,40.64034,-103.185977,9xkgmv
982,CO,Logan,40.612041,-103.233627,49210,"Pivot Solar 12, LLC (CSG)",2020,PV,single-axis,180.0,0.0,,1.0,40.64034,-103.185977,9xkgmv
983,CO,Logan,40.615818,-103.156525,140743,"NSE Camber Solar PS13, LLC (CSG)",2022,PV,single-axis,180.0,0.0,,2.0,40.64034,-103.185977,9xkgmv
984,CO,Weld,40.258465,-104.824905,35236,"NSE Camber Solar PS6, LLC CSG",2022,PV,single-axis,180.0,0.0,,2.0,40.322426,-104.807009,9xkgmv
985,CO,Weld,40.248791,-104.840897,56385,"NSE Camber Solar PS5, LLC (CSG)",2022,PV,single-axis,180.0,0.0,,2.0,40.322426,-104.807009,9xkgmv
986,CO,Garfield,39.414764,-108.08931,13507,"Pivot Solar 1, LLC (CSG)",2022,PV,fixed-tilt,180.0,0.0,,1.0,39.507103,-107.549019,9x47er
987,CO,Garfield,39.413769,-108.089851,28730,"Pivot Solar 3, LLC (CSG)",2022,PV,single-axis,180.0,0.0,,2.0,39.507103,-107.549019,9x47er
988,CO,Morgan,40.266937,-103.657806,37092,"Pivot Solar 14, LLC (CSG)",2022,PV,single-axis,180.0,0.0,,2.0,40.254229,-103.789071,9xkgmv
989,CO,Morgan,40.266926,-103.65551,37423,"Pivot Solar 2, LLC (CSG)",2022,PV,single-axis,180.0,0.0,,2.0,40.254229,-103.789071,9xkgmv
990,CO,Morgan,40.266968,-103.653778,16262,"Pivot Solar 15, LLC (CSG)",2022,PV,single-axis,180.0,0.0,,1.0,40.254229,-103.789071,9xkgmv
991,CO,Montezuma,37.361,-108.524567,43267,"Cortez Solar 1, LLC",2023,PV,fixed-tilt,180.0,52.0,,2.2,37.371913,-108.554458,9we1bp
992,CO,Montezuma,37.303806,-108.579437,50213,"Cortez Solar 3, LLC",2023,PV,single-axis,90.0,60.0,,2.0,37.371913,-108.554458,9we1bp
993,CO,Montezuma,37.376373,-108.615425,127377,"Cortez Solar 2, LLC",2023,PV,single-axis,180.0,60.0,,5.0,37.371913,-108.554458,9we1bp
994,CO,Garfield,39.465908,-107.229691,78503,"Ameresco HCE Solar, LLC",2023,PV,single-axis,0.0,20.0,batteries,4.5,39.507103,-107.549019,9x5w98
995,CO,El Paso,38.672665,-104.612015,5232720,Pike Solar Hybrid,2023,PV,single-axis,180.0,,,175.0,38.877314,-104.75212,9wve62
996,CO,Arapahoe,39.62785,-104.466438,1719303,"Hunter Solar, LLC (CO)",2023,PV,single-axis,90.0,,,75.0,39.646582,-104.838574,9wve62
997,CO,Weld,40.230106,-104.799278,99859,Vasquez V CSG,2021,PV,single-axis,180.0,0.0,,4.0,40.322426,-104.807009,9xkgmv
998,CO,Weld,40.291222,-104.805321,43181,Gilcrest Sun CSG,2021,PV,single-axis,180.0,0.0,,1.8,40.322426,-104.807009,9xkgmv
999,CO,Montrose,38.66394,-107.997406,157113,"Ash Mesa Solar, LLC",2022,PV,single-axis,180.0,52.0,,7.8,38.481301,-107.922349,9wdr2q
1000,CO,Adams,39.786793,-104.591026,34757,Oak Leaf - CSG Portfolio (OL 37),2020,PV,single-axis,180.0,0.0,,1.5,39.876949,-104.920943,9wve62
1001,CO,Adams,39.784389,-104.592239,71141,Oak Leaf - CSG Portfolio (OL 38),2021,PV,single-axis,180.0,0.0,,1.5,39.876949,-104.920943,9wve62
1002,CO,Moffat,40.512318,-107.500549,63812,East Victory Way Solar,2023,PV,dual-axis,180.0,,,4.0,40.51606,-107.613977,9x5w98
1003,CO,Pueblo,38.174881,-104.630692,233927,CSWIND America Inc.,2023,PV,single-axis,180.0,52.0,,12.3,38.265773,-104.646976,9wve62
1004,CO,Logan,40.66745,-103.205673,100495,"CBEP Solar 1, LLC",2023,PV,single-axis,180.0,60.0,,5.0,40.64034,-103.185977,9xkgmv
1005,CO,Weld,40.317932,-104.833847,82193,"CBEP Solar 4, LLC",2023,PV,single-axis,180.0,60.0,,4.0,40.322426,-104.807009,9xkgmv
1006,CO,Weld,40.336285,-104.884323,201706,"CBEP Solar 5, LLC",2023,PV,single-axis,180.0,60.0,,5.0,40.322426,-104.807009,9xkgmv
1007,CO,Arapahoe,39.727383,-104.770004,63554,Pivot Solar 9,2024,PV,"fixed-tilt,single-axis",180.0,0.0,,1.7,39.646582,-104.838574,9wve62
1008,CO,Arapahoe,39.730347,-104.767876,110183,Pivot Solar 10,2024,PV,single-axis,180.0,0.0,,1.7,39.646582,-104.838574,9wve62
1009,CO,Pueblo,38.324463,-104.404037,6220550,Neptune Energy Center Hybrid,2020,PV,single-axis,180.0,52.0,batteries,325.0,38.265773,-104.646976,9wve62
1010,CO,Denver,39.808384,-104.782219,20265,Panasonic Carport Solar Hybrid,2017,PV,fixed-tilt,180.0,7.0,batteries,1.3,39.72486,-104.950033,9wve62
1011,CO,Adams,39.88306,-104.979752,11017,Amazon Denver DEN3,2019,PV,fixed-tilt,180.0,5.0,,4.6,39.876949,-104.920943,9wve62
1012,CO,Adams,39.745888,-104.724258,18185,Amazon DEN2 Solar Project,2019,PV,single-axis,183.0,10.0,,1.2,39.876949,-104.920943,9wve62
1013,CO,Adams,39.826149,-104.973793,13724,TruStile Doors - Denver,2021,PV,fixed-tilt,180.0,10.0,,1.2,39.876949,-104.920943,9wve62
1014,MT,Cascade,47.547642,-111.249977,89193,"Black Eagle Solar, LLC",2017,PV,single-axis,90.0,45.0,,3.0,47.491558,-111.306586,c82vu4
1015,MT,Sweet Grass,45.704082,-109.565346,59329,"River Bend Solar, LLC",2017,PV,single-axis,90.0,45.0,,2.0,45.829391,-109.91651,c82vu4
1016,MT,Big Horn,45.728031,-107.635742,107401,"South Mills Solar, LLC",2017,PV,single-axis,90.0,45.0,,3.0,45.568552,-107.499673,c8h5zm
1017,MT,Lewis and Clark,46.696438,-112.065804,83896,"Green Meadow Solar, LLC",2017,PV,single-axis,90.0,45.0,,3.0,46.646621,-112.019644,c2r8x7
1018,MT,Golden Valley,46.291653,-108.934959,65395,"Magpie Solar, LLC",2017,PV,single-axis,90.0,45.0,,3.0,46.297881,-109.120778,c8h5zm
1019,MT,Lewis and Clark,46.807777,-112.25132,95400,"Great Divide Solar, LLC",2017,PV,single-axis,90.0,45.0,,3.0,46.646621,-112.019644,c2r8x7
1020,MT,Yellowstone,45.876106,-108.655159,1645649,MTSUN,2020,PV,single-axis,90.0,52.0,,80.0,45.789945,-108.546051,c8h5zm
1021,MT,Beaverhead,45.232483,-112.746506,1719419,Apex Solar,2015,PV,single-axis,180.0,,,80.0,45.225028,-112.693549,c2r8x7
1022,NM,Otero,32.977493,-105.972214,182224,Otero Solar,2013,PV,fixed-tilt,180.0,25.0,,7.5,32.778517,-106.000317,9w1zzg
1023,NM,McKinley,35.523758,-108.772766,130601,City of Gallup Solar,2018,PV,single-axis,180.0,0.0,,8.0,35.513228,-108.634281,9w1zzg
1024,NM,Torrance,35.017532,-106.10096,1203703,Britton Solar Energy Center,2019,PV,single-axis,180.0,0.0,,50.0,34.870562,-106.1027,9we1bp
1025,NM,Valencia,34.83284,-106.772224,154117,Los Lunas Solar Energy Center,2013,PV,fixed-tilt,180.0,25.0,,7.0,34.755709,-106.722815,9wdb95
1026,NM,Dona Ana,32.628994,-107.259163,119289,"Hatch Solar Energy Center I, LLC",2011,PV,dual-axis,180.0,,,5.0,32.24837,-106.728836,9w1zzg
1027,NM,Dona Ana,31.803112,-106.67038,681807,Roadrunner Solar,2011,PV,single-axis,90.0,45.0,,20.2,32.24837,-106.728836,9w1zzg
1028,NM,Colfax,36.468452,-104.635071,912546,Cimarron Solar Facility,2010,PV,fixed-tilt,180.0,25.0,,30.6,36.698075,-104.656615,9wve62
1029,NM,Luna,32.571449,-107.486824,1780533,Macho Springs,2014,PV,single-axis,90.0,,,52.2,32.223031,-107.741875,9w1zzg
1030,NM,Valencia,34.809734,-106.51709,304913,Meadow Lake Solar Energy Center,2015,PV,single-axis,180.0,25.0,,9.1,34.755709,-106.722815,9wdb95
1031,NM,Sandoval,35.283375,-106.812073,160031,Sandoval Solar Energy Center,2014,PV,single-axis,180.0,25.0,,6.1,35.319674,-106.649224,9wdb95
1032,NM,Cibola,35.255798,-107.248459,223799,Cibola,2015,PV,single-axis,180.0,25.0,,7.6,35.107009,-107.818849,9wdb95
1033,NM,Dona Ana,32.247932,-106.911339,498054,"SunE EPE2, LLC",2012,PV,single-axis,180.0,38.0,,12.0,32.24837,-106.728836,9w1zzg
1034,NM,Otero,32.034817,-106.338028,544545,"SunE EPE1, LLC",2012,PV,single-axis,180.0,38.0,,10.0,32.778517,-106.000317,9w1zzg
1035,NM,Valencia,34.74646,-106.654236,151657,Manzano Solar,2013,PV,fixed-tilt,180.0,25.0,,8.0,34.755709,-106.722815,9wdb95
1036,NM,Bernalillo,34.985973,-106.730438,257335,South Valley Solar Energy Center,2015,PV,single-axis,180.0,0.0,,10.0,35.109462,-106.617779,9wdb95
1037,NM,Valencia,34.637802,-106.700844,240758,Rio Communities Solar Energy Center,2015,PV,single-axis,180.0,0.0,,10.0,34.755709,-106.722815,9w1zzg
1038,NM,Bernalillo,35.012444,-106.861137,276626,Santolina Solar Energy Center,2015,PV,single-axis,180.0,0.0,,10.5,35.109462,-106.617779,9wdb95
1039,NM,Santa Fe,35.56181,-106.084663,227729,Santa Fe Solar Energy Center,2015,PV,single-axis,180.0,0.0,,9.5,35.632632,-106.004765,9we1bp
1040,NM,Chaves,33.44297,-104.43956,2022773,"Chaves Solar, LLC",2016,PV,single-axis,180.0,60.0,,70.0,33.365668,-104.514733,9w1zzg
1041,NM,Chaves,33.455147,-104.459877,1911686,"Roswell Solar, LLC",2016,PV,single-axis,180.0,60.0,,70.0,33.365668,-104.514733,9w1zzg
1042,NM,Luna,32.569775,-107.468254,662560,Alta Luna,2017,PV,single-axis,90.0,,,28.1,32.223031,-107.741875,9w1zzg
1043,NM,Valencia,34.833721,-106.781906,234111,Facebook 1 Solar Energy Center,2017,PV,single-axis,180.0,0.0,,10.0,34.755709,-106.722815,9wdb95
1044,NM,Bernalillo,35.079151,-106.864952,238517,Facebook 2 Solar Energy Center,2018,PV,single-axis,180.0,0.0,,10.0,35.109462,-106.617779,9wdb95
1045,NM,Bernalillo,35.075382,-106.864677,238596,Facebook 3 Solar Energy Center,2018,PV,single-axis,180.0,0.0,,10.0,35.109462,-106.617779,9wdb95
1046,NM,Eddy,32.345093,-104.235176,286804,SPS5 Hopi,2011,PV,single-axis,180.0,0.0,,9.9,32.538156,-104.288595,9w1zzg
1047,NM,Luna,32.168644,-107.75563,201597,Deming Solar Energy Center,2013,PV,fixed-tilt,180.0,25.0,,9.0,32.223031,-107.741875,9w1zzg
1048,NM,Otero,32.921032,-106.073647,129140,Holloman Solar Facility,2018,PV,single-axis,180.0,0.0,,5.0,32.778517,-106.000317,9w1zzg
1049,NM,Valencia,34.74107,-106.657433,234691,Vista Solar Energy Center,2019,PV,single-axis,180.0,0.0,,10.0,34.755709,-106.722815,9wdb95
1050,NM,Valencia,34.692097,-106.687088,223254,Rio De Oro Solar Energy Center,2019,PV,single-axis,180.0,0.0,,10.0,34.755709,-106.722815,9w1zzg
1051,NM,San Miguel,35.632969,-105.176514,221698,San Miguel I Solar Energy Center,2019,PV,single-axis,180.0,0.0,,10.0,35.576344,-105.307874,9we1bp
1052,NM,San Miguel,35.658417,-105.183746,29203,Storrie Lake Solar Project,2014,PV,fixed-tilt,180.0,25.0,,1.5,35.576344,-105.307874,9we1bp
1053,NM,Taos,36.96616,-105.438057,37409,Kit Carson,2012,PV,single-axis,0.0,0.0,,1.3,36.435099,-105.60791,9wve62
1054,NM,Otero,32.866112,-106.00016,113817,Alamogordo Solar Energy Center,2011,PV,fixed-tilt,180.0,25.0,,4.9,32.778517,-106.000317,9w1zzg
1055,NM,Los Alamos,35.876095,-106.310936,22346,Los Alamos PV Site,2012,PV,fixed-tilt,180.0,37.0,batteries,1.0,35.869176,-106.272314,9we1bp
1056,NM,San Miguel,35.644718,-105.207283,111244,Las Vegas Solar Energy Center,2011,PV,fixed-tilt,180.0,25.0,,5.0,35.576344,-105.307874,9we1bp
1057,NM,Dona Ana,32.395889,-106.476044,155303,WSMR I,2012,PV,"fixed-tilt,single-axis",181.0,26.0,,4.6,32.24837,-106.728836,9w1zzg
1058,NM,Grant,32.713116,-108.248009,17078,Silver City WWTP PV Project,2013,PV,fixed-tilt,180.0,30.0,,1.0,32.781053,-108.24321,9w1zzg
1059,NM,Chaves,33.162708,-104.385353,13256,GSE NM1,2011,PV,fixed-tilt,180.0,25.0,,1.7,33.365668,-104.514733,9w1zzg
1060,NM,Sandoval,35.31144,-106.638397,21876,Sue Cleveland High School,2013,PV,fixed-tilt,180.0,20.0,,1.0,35.319674,-106.649224,9we1bp
1061,NM,Sandoval,35.266411,-106.666489,23084,Rio Rancho High School,2013,PV,fixed-tilt,180.0,20.0,,1.0,35.319674,-106.649224,9wdb95
1062,NM,Bernalillo,35.048351,-106.529274,39930,Eubank Landfill Solar Array,2013,PV,single-axis,90.0,30.0,,2.0,35.109462,-106.617779,9wdb95
1063,NM,Colfax,36.398693,-104.593857,21919,Springer Solar 1,2015,PV,single-axis,91.0,2.0,,0.9,36.698075,-104.656615,9wve62
1064,NM,Sierra,33.120003,-107.290314,40174,City of Truth or Consequences PV,2015,PV,single-axis,0.0,0.0,,1.9,33.106952,-107.281723,9w1zzg
1065,NM,Luna,31.867725,-107.589073,45064,Columbus Solar Project,2017,PV,single-axis,180.0,52.0,,1.9,32.223031,-107.741875,9w1zzg
1066,NM,Lincoln,33.611458,-105.748878,73526,Carrizozo Solar,2018,PV,single-axis,0.0,,,3.0,33.419573,-105.631108,9w1zzg
1067,NM,Colfax,36.544506,-105.276863,26976,Syncarpha Eagle Nest,2018,PV,single-axis,180.0,0.0,,1.0,36.698075,-104.656615,9wve62
1068,NM,Torrance,34.780888,-106.05587,49469,CNMEC Solar Energy Center,2018,PV,single-axis,0.0,0.0,,2.0,34.870562,-106.1027,9wdb95
1069,NM,Bernalillo,35.152622,-106.547119,23356,"RC Energy AA, LLC Solar Facility",2011,PV,fixed-tilt,180.0,30.0,,1.0,35.109462,-106.617779,9wdb95
1070,NM,Cibola,35.241875,-107.951874,62932,Bluewater CDEC 1,2019,PV,single-axis,180.0,52.0,,2.4,35.107009,-107.818849,9w1zzg
1071,NM,Cibola,35.141869,-107.820351,107252,Grants CDEC 2,2019,PV,single-axis,180.0,52.0,,4.5,35.107009,-107.818849,9w1zzg
1072,NM,Taos,36.371105,-105.659569,110612,Syncarpha Taos,2020,PV,single-axis,180.0,,,3.1,36.435099,-105.60791,9we1bp
1073,NM,Rio Arriba,36.331184,-106.190018,29639,Syncarpha El Rito,2019,PV,single-axis,180.0,,,1.6,36.203984,-106.205155,9we1bp
1074,NM,Taos,36.810425,-105.589561,42775,Syncarpha Questa,2020,PV,single-axis,180.0,,,1.6,36.435099,-105.60791,9wve62
1075,NM,Bernalillo,35.181564,-106.810699,245941,City of Rio Rancho WWTP,2019,PV,fixed-tilt,0.0,30.0,,1.2,35.109462,-106.617779,9wdb95
1076,NM,Rio Arriba,36.091438,-106.041374,47167,Alcalde Solar Array,2020,PV,single-axis,180.0,,,2.4,36.203984,-106.205155,9we1bp
1077,NM,Sandoval,35.35656,-106.857574,1097161,Encino Solar Energy Center,2020,PV,single-axis,180.0,0.0,,55.0,35.319674,-106.649224,9wdb95
1078,NM,Chaves,33.349102,-104.538788,44730,SEV NM Phase 2,2013,PV,fixed-tilt,180.0,25.0,,1.4,33.365668,-104.514733,9w1zzg
1079,NM,Bernalillo,35.16893,-106.600067,45526,Albuquerque Solar Energy Center,2011,PV,fixed-tilt,180.0,25.0,,2.0,35.109462,-106.617779,9wdb95
1080,NM,Taos,36.716713,-105.606895,52530,Questa Solar Facility,2011,PV,dual-axis,180.0,,,1.0,36.435099,-105.60791,9wve62
1081,NM,Taos,36.447842,-105.631844,364883,Taos Mesa Energy Facility Hybrid,2021,PV,single-axis,60.0,,batteries,15.0,36.435099,-105.60791,9we1bp
1082,NM,Cibola,35.096867,-107.614098,1196914,"Route 66 Energy Center, LLC",2017,PV,single-axis,180.0,,,49.5,35.107009,-107.818849,9w1zzg
1083,NM,Colfax,36.416725,-105.283279,161645,Angel Fire Energy Facility,2021,PV,single-axis,60.0,,batteries,9.8,36.698075,-104.656615,9wve62
1084,NM,Sandoval,36.017693,-106.945625,38516,"Cuba 2.5ac, LLC",2021,PV,single-axis,5.0,,,2.5,35.319674,-106.649224,9we1bp
1085,NM,Chaves,33.431828,-104.434723,712476,Chaves County Solar II,2023,PV,single-axis,180.0,,,30.0,33.365668,-104.514733,9w1zzg
1086,NM,Otero,32.074036,-106.332184,3385514,Buena Vista Energy Center,2023,PV,single-axis,,,batteries,120.0,32.778517,-106.000317,9w1zzg
1087,NM,Eddy,32.071808,-104.162834,484012,Hayhurst New Mexico Solar,2023,PV,single-axis,180.0,,,20.0,32.538156,-104.288595,9w1zzg
1088,NM,Sandoval,35.374084,-106.855392,1011163,"NMRD Data Center III, LLC",2023,PV,single-axis,90.0,,,50.0,35.319674,-106.649224,9wdb95
1089,NM,Valencia,34.765591,-106.80011,4258308,Sky Ranch Solar,2024,PV,single-axis,180.0,0.0,batteries,190.0,34.755709,-106.722815,9wdb95
1090,NM,McKinley,35.41901,-108.09642,3522777,OE_ESCL,2024,PV,single-axis,180.0,0.0,,200.0,35.513228,-108.634281,9wdb95
1091,NM,Sierra,33.153519,-107.249557,12776,Wal-Mart Truth or Consequences PV,2015,PV,single-axis,180.0,10.0,,1.0,33.106952,-107.281723,9w1zzg
1092,NM,San Miguel,35.635674,-105.175468,219938,San Miguel II Solar Energy Center,2019,PV,single-axis,180.0,0.0,,10.0,35.576344,-105.307874,9we1bp
1093,NM,Dona Ana,32.266449,-106.734749,75082,NMSU Solar and Storage,2021,PV,dual-axis,180.0,,batteries,3.0,32.24837,-106.728836,9w1zzg
1094,NV,Clark,36.392197,-114.964729,539032,Apex Solar PV Power Project,2012,PV,single-axis,99.0,,,20.0,36.141141,-115.152976,9qw0kp
1095,NV,Clark,35.781586,-114.993011,1346329,CM48,2010,PV,fixed-tilt,180.0,25.0,,48.0,36.141141,-115.152976,9qqk6u
1096,NV,Clark,36.258533,-115.05336,487297,Nellis Air Force Base Solar Array,2007,PV,single-axis,0.0,0.0,,12.0,36.141141,-115.152976,9qqk6u
1097,NV,Clark,35.611919,-115.342491,6468338,Silver State Solar Power South,2016,PV,single-axis,0.0,0.0,,250.0,36.141141,-115.152976,9qqk6u
1098,NV,Clark,35.624657,-115.352013,1197331,Silver State Solar Power North,2012,PV,fixed-tilt,180.0,25.0,,52.0,36.141141,-115.152976,9qqk6u
1099,NV,Clark,36.386501,-114.952156,529728,Mountain View Solar,2014,PV,single-axis,0.0,0.0,,20.0,36.141141,-115.152976,9qw0kp
1100,NV,Clark,35.487236,-114.934013,459291,Searchlight Solar,2014,PV,single-axis,90.0,,,17.5,36.141141,-115.152976,9qqk6u
1101,NV,Clark,35.79493,-114.964912,3546585,Copper Mountain Solar 2,2015,PV,fixed-tilt,180.0,25.0,,154.0,36.141141,-115.152976,9qqk6u
1102,NV,Clark,36.207623,-115.046417,264952,Nellis Solar PV II,2015,PV,single-axis,0.0,0.0,,15.5,36.141141,-115.152976,9qqk6u
1103,NV,Churchill,39.54277,-118.560936,422341,Stillwater Facility,2012,PV,fixed-tilt,180.0,16.0,,21.8,39.474469,-118.796052,9r50xy
1104,NV,Clark,36.237076,-114.875198,937644,Spectrum Solar PV Power Project,2013,PV,single-axis,90.0,,,30.0,36.141141,-115.152976,9qqk6u
1105,NV,Clark,35.890041,-114.958344,3835831,Copper Mountain Solar 3,2015,PV,fixed-tilt,180.0,16.0,,255.0,36.141141,-115.152976,9qqk6u
1106,NV,Clark,36.031853,-114.927788,287916,River Mountains Solar,2016,PV,single-axis,0.0,0.0,,14.4,36.141141,-115.152976,9qqk6u
1107,NV,Nye,36.274914,-115.972336,242077,NVSS-II,2017,PV,fixed-tilt,180.0,0.0,,14.0,36.414296,-116.125667,9qw0kp
1108,NV,Clark,35.788536,-114.979851,2387972,"Copper Mountain Solar 4, LLC",2016,PV,single-axis,0.0,52.0,,93.6,36.141141,-115.152976,9qqk6u
1109,NV,Clark,36.527924,-114.759171,3918801,Moapa Southern Paiute,2016,PV,fixed-tilt,180.0,30.0,,250.0,36.141141,-115.152976,9qw0kp
1110,NV,Clark,35.843212,-114.951408,793328,"Boulder Solar II, LLC",2017,PV,single-axis,0.0,0.0,,50.0,36.141141,-115.152976,9qqk6u
1111,NV,Churchill,39.582291,-119.069954,310047,"Patua Acquisition Project, LLC",2017,PV,single-axis,90.0,60.0,,10.6,39.474469,-118.796052,9r50xy
1112,NV,Clark,36.410885,-114.912315,3135581,Playa Solar 2,2017,PV,single-axis,0.0,0.0,,100.0,36.141141,-115.152976,9qw0kp
1113,NV,Clark,36.400078,-114.901878,1064416,"Playa Solar 1, LLC",2017,PV,single-axis,0.0,0.0,,79.0,36.141141,-115.152976,9qw0kp
1114,NV,Clark,35.868839,-114.956238,3900522,"Techren Solar II, LLC",2019,PV,single-axis,180.0,,,200.0,36.141141,-115.152976,9qqk6u
1115,NV,Clark,35.850464,-114.973694,2103594,"Techren Solar I, LLC",2019,PV,single-axis,180.0,,,100.0,36.141141,-115.152976,9qqk6u
1116,NV,Washoe,39.580517,-119.5177,219747,Turquoise Liberty Solar,2019,PV,single-axis,180.0,4.0,,10.0,39.534488,-119.793527,9r4bc7
1117,NV,Clark,35.835777,-114.978188,2045405,"Boulder Solar Power, LLC",2016,PV,single-axis,90.0,,,100.0,36.141141,-115.152976,9qqk6u
1118,NV,Mineral,38.545208,-118.193733,1415667,Luning Energy,2017,PV,single-axis,180.0,0.0,,50.0,38.601613,-118.643399,9r50xy
1119,NV,Churchill,39.665218,-117.682228,255236,Tungsten Mountain,2019,PV,single-axis,0.0,10.0,,7.3,39.474469,-118.796052,9r50xy
1120,NV,Nye,36.515034,-116.515335,2389885,Sunshine Valley Solar,2019,PV,single-axis,90.0,,,100.0,36.414296,-116.125667,9qw0kp
1121,NV,Churchill,39.537189,-118.564079,598246,"EGP Stillwater Solar PV II, LLC",2018,PV,fixed-tilt,180.0,30.0,,20.0,39.474469,-118.796052,9r50xy
1122,NV,Clark,35.785961,-114.996696,313570,CM10,2008,PV,fixed-tilt,180.0,25.0,,10.0,36.141141,-115.152976,9qqk6u
1123,NV,Clark,36.134708,-115.035271,60945,Las Vegas WPCF Solar Plant,2013,PV,single-axis,0.0,0.0,,3.3,36.141141,-115.152976,9qqk6u
1124,NV,Storey,39.560223,-119.508507,26217,Western 102 Power Plant,2007,PV,fixed-tilt,180.0,21.0,,1.0,39.389828,-119.622432,9r4bc7
1125,NV,Lyon,39.121494,-119.140915,430711,Ft. Churchill PV,2015,PV,single-axis,90.0,,,18.0,39.355756,-119.327152,9r50xy
1126,NV,Clark,35.939953,-114.892258,3466260,Townsite Solar Project Hybrid,2021,PV,single-axis,90.0,90.0,batteries,160.0,36.141141,-115.152976,9qqk6u
1127,NV,Humboldt,40.719887,-117.062813,2191226,Battle Mountain Solar Project,2021,PV,single-axis,358.0,0.0,batteries,101.0,41.017558,-117.744296,9r50xy
1128,NV,Clark,35.845833,-114.969971,447850,"Techren Solar III, LLC",2020,PV,single-axis,180.0,,,25.0,36.141141,-115.152976,9qqk6u
1129,NV,Clark,35.892361,-114.936028,541154,"Techren Solar IV, LLC",2020,PV,single-axis,180.0,,,25.0,36.141141,-115.152976,9qqk6u
1130,NV,Clark,35.899857,-114.926453,986176,Techren Solar V,2020,PV,single-axis,180.0,,,50.0,36.141141,-115.152976,9qqk6u
1131,NV,Washoe,39.586124,-119.52317,580968,"Turquoise Nevada, LLC",2020,PV,fixed-tilt,180.0,25.0,,54.6,39.534488,-119.793527,9r4bc7
1132,NV,Clark,35.772675,-114.981583,4084374,"Copper Mountain Solar 5, LLC",2021,PV,single-axis,0.0,52.0,,250.0,36.141141,-115.152976,9qqk6u
1133,NV,Clark,36.425518,-114.923187,2262844,"Harry Allen Solar Energy, LLC",2021,PV,single-axis,180.0,,,100.0,36.141141,-115.152976,9qw0kp
1134,NV,Washoe,40.080166,-119.968262,1549409,Fish Springs,2021,PV,single-axis,180.0,,batteries,100.0,39.534488,-119.793527,9r4bc7
1135,NV,Clark,36.056126,-115.792412,3917473,Yellow Pine Solar,2023,PV,single-axis,180.0,,batteries,93.8,36.141141,-115.152976,9qqk6u
1136,NV,Clark,36.069069,-115.811806,2423745,Yellow Pine II,2024,PV,single-axis,180.0,0.0,batteries,60.0,36.141141,-115.152976,9qw0kp
1137,NV,Washoe,39.383919,-119.746666,60012,Steamboat II,2023,PV,fixed-tilt,0.0,35.0,,5.5,39.534488,-119.793527,9r4bc7
1138,NV,Washoe,39.384354,-119.750519,74490,Steamboat III,2023,PV,fixed-tilt,0.0,35.0,,5.5,39.534488,-119.793527,9r4bc7
1139,NV,Washoe,39.384659,-119.769493,61803,Steamboat Hills LP,2022,PV,fixed-tilt,0.0,62.0,,2.0,39.534488,-119.793527,9r4bc7
1140,NV,Washoe,39.383961,-119.766426,73350,Galena 2 Geothermal Power Plant,2022,PV,fixed-tilt,0.0,62.0,,3.0,39.534488,-119.793527,9r4bc7
1141,NV,Clark,36.54002,-114.825165,11720665,Arrow Canyon Solar Hybrid,2023,PV,single-axis,180.0,,batteries,200.0,36.141141,-115.152976,9qw0kp
1142,NV,Washoe,39.656128,-119.345947,3693977,Dodge Flat,2022,PV,single-axis,180.0,,batteries,200.0,39.534488,-119.793527,9r50xy
1143,NV,Churchill,39.752426,-118.959717,126778,Brady,2023,PV,fixed-tilt,0.0,35.0,,8.0,39.474469,-118.796052,9r50xy
1144,NV,Clark,36.272003,-115.044182,12963,IGS VGT,2023,PV,fixed-tilt,180.0,10.0,,1.0,36.141141,-115.152976,9qqk6u
1145,NV,Clark,36.448883,-114.761734,19546065,Gemini Solar,2024,PV,single-axis,180.0,0.0,batteries,690.0,36.141141,-115.152976,9qw0kp
1146,NV,Clark,36.42807,-114.888336,2257681,Dry Lake Solar Energy Center,2024,PV,single-axis,180.0,0.0,batteries,150.0,36.141141,-115.152976,9qw0kp
1147,NV,Clark,36.088562,-115.177521,72708,Solar Las Vegas MB-1,2015,PV,fixed-tilt,180.0,10.0,,4.9,36.141141,-115.152976,9qqk6u
1148,NV,Clark,36.0877,-115.174507,21183,"Solar Las Vegas MB 2, LLC",2016,PV,fixed-tilt,180.0,26.0,,1.5,36.141141,-115.152976,9qqk6u
1149,NV,Clark,36.069324,-115.280945,16050,IKEA Las Vegas 462,2016,PV,fixed-tilt,180.0,10.0,,1.0,36.141141,-115.152976,9qqk6u
1150,NV,Clark,36.005341,-115.113678,12302,Dignity - Siena Campus,2018,PV,single-axis,0.0,,,1.4,36.141141,-115.152976,9qqk6u
1151,NV,Clark,36.058464,-115.270828,21058,Dignity - San Martin,2018,PV,fixed-tilt,180.0,10.0,,1.7,36.141141,-115.152976,9qqk6u
1152,NV,Storey,39.539207,-119.43914,94051,Tesla Reno GigaFactory,2019,PV,fixed-tilt,150.0,19.0,,6.7,39.389828,-119.622432,9r50xy
1153,NV,Clark,35.965672,-115.151604,13075,IGS LAS1,2023,PV,fixed-tilt,0.0,10.0,,1.0,36.141141,-115.152976,9qqk6u
1154,OR,Malheur,44.150364,-117.000999,275558,"Hyline Solar Center, LLC",2016,PV,single-axis,180.0,0.0,,9.0,43.975358,-117.06114,9rwgcr
1155,OR,Malheur,43.932785,-116.98835,283288,"Thunderegg Solar Center, LLC",2016,PV,single-axis,180.0,0.0,,10.0,43.975358,-117.06114,9rwgcr
1156,OR,Lake,42.175217,-120.363243,80061,Black Cap Solar Plant,2012,PV,single-axis,90.0,0.0,,2.0,42.478434,-120.476422,9r3wzq
1157,OR,Deschutes,44.067669,-121.228111,204128,"NorWest Energy 2, LLC",2016,PV,single-axis,180.0,20.0,,9.9,44.090954,-121.306213,9rcvn1
1158,OR,Deschutes,44.061317,-121.227654,226570,"OSLH, LLC",2016,PV,single-axis,90.0,60.0,,9.9,44.090954,-121.306213,9rcvn1
1159,OR,Crook,44.183853,-120.916557,1234449,Solar Star Oregon II,2017,PV,single-axis,60.0,60.0,,56.0,44.283564,-120.843605,9rcvn1
1160,OR,Deschutes,44.189892,-121.233849,215153,"Tumbleweed Solar, LLC",2017,PV,fixed-tilt,180.0,28.0,,9.9,44.090954,-121.306213,9rcvn1
1161,OR,Jackson,42.400784,-122.830307,145980,Eagle Point Solar,2017,PV,single-axis,180.0,60.0,,9.9,42.347769,-122.858631,9r88yx
1162,OR,Klamath,42.611473,-121.86261,235881,"Chiloquin Solar, LLC",2018,PV,fixed-tilt,180.0,28.0,,9.9,42.285893,-121.726802,9r88yx
1163,OR,Jefferson,44.673927,-121.12291,246831,Adams Solar Center,2018,PV,single-axis,0.0,0.0,,10.0,44.591478,-121.190361,9rcvn1
1164,OR,Sherman,45.587261,-120.595795,336995,WyEast Solar,2018,PV,single-axis,60.0,60.0,,10.0,45.518367,-120.72146,c245ue
1165,OR,Jefferson,44.61898,-121.206215,276028,Elbe Solar Center,2018,PV,single-axis,0.0,0.0,,10.0,44.591478,-121.190361,9rcvn1
1166,OR,Umatilla,45.679798,-118.850288,125922,"NorWest Energy 9, LLC",2018,PV,fixed-tilt,180.0,30.0,,6.0,45.801243,-118.967455,c26crp
1167,OR,Deschutes,44.061459,-121.236801,255434,Bear Creek Solar Center,2018,PV,single-axis,180.0,,,10.0,44.090954,-121.306213,9rcvn1
1168,OR,Malheur,43.936604,-117.383949,185518,"Grove Solar Center, LLC",2016,PV,single-axis,0.0,0.0,,6.0,43.975358,-117.06114,9rwgcr
1169,OR,Malheur,43.798119,-117.06292,307234,"Open Range Solar Center, LLC",2016,PV,single-axis,0.0,0.0,,10.0,43.975358,-117.06114,9rwgcr
1170,OR,Malheur,43.96273,-117.258759,246560,"Vale Air Solar Center, LLC",2016,PV,single-axis,180.0,0.0,,10.0,43.975358,-117.06114,9rwgcr
1171,OR,Klamath,42.022228,-121.425385,265515,"OR Solar 3, LLC",2017,PV,single-axis,0.0,0.0,,10.0,42.285893,-121.726802,9r3wzq
1172,OR,Klamath,42.239056,-121.585625,365404,"OR Solar 8, LLC",2018,PV,single-axis,0.0,0.0,,10.0,42.285893,-121.726802,9r3wzq
1173,OR,Klamath,42.236492,-121.577423,213189,Woodline Solar,2017,PV,single-axis,180.0,60.0,,8.0,42.285893,-121.726802,9r3wzq
1174,OR,Lake,42.21117,-120.371521,272534,"OR Solar 6, LLC",2017,PV,single-axis,0.0,0.0,,10.0,42.478434,-120.476422,9r3wzq
1175,OR,Klamath,42.380272,-121.022957,280046,Bly Solar Center,2018,PV,single-axis,80.0,,,8.0,42.285893,-121.726802,9r3wzq
1176,OR,Klamath,42.207085,-121.351578,146590,"NorWest Energy 4, LLC",2019,PV,single-axis,0.0,,,5.6,42.285893,-121.726802,9r3wzq
1177,OR,Lake,42.164444,-120.410133,1106546,Airport Solar,2019,PV,single-axis,90.0,,,47.3,42.478434,-120.476422,9r3wzq
1178,OR,Yamhill,45.108379,-123.278175,28592,"Yamhill Solar, LLC",2011,PV,fixed-tilt,175.0,28.0,,1.0,45.239528,-123.136974,9rb6wg
1179,OR,Yamhill,45.112297,-123.234291,38349,Bellevue Solar Project,2011,PV,fixed-tilt,97.0,43.0,,1.6,45.239528,-123.136974,9rb6wg
1180,OR,Clackamas,45.269653,-122.771782,25882,Baldock Solar Highway,2012,PV,fixed-tilt,180.0,21.0,,1.7,45.363411,-122.575016,c21g7y
1181,OR,Lake,43.234932,-120.487823,142362,Outback Solar at Christmas Valley,2012,PV,single-axis,180.0,,,4.4,42.478434,-120.476422,9r9uxw
1182,OR,Klamath,42.260185,-121.785774,23868,Oregon University System OIT Klamath Falls,2014,PV,fixed-tilt,220.0,35.0,,2.0,42.285893,-121.726802,9r3wzq
1183,OR,Klamath,42.408188,-121.043106,141802,Old Mill Solar,2015,PV,single-axis,180.0,,,5.0,42.285893,-121.726802,9r3wzq
1184,OR,Benton,44.566238,-123.295746,27845,Oregon University System Rabbit Field,2014,PV,fixed-tilt,180.0,20.0,,1.2,44.573123,-123.275062,9rb6wg
1185,OR,Polk,45.067802,-123.471107,36732,"Steel Bridge Solar, LLC",2016,PV,fixed-tilt,182.0,25.0,,2.3,44.920857,-123.20811,9rb6wg
1186,OR,Malheur,43.999104,-117.100479,129799,"Railroad Solar Center, LLC",2016,PV,single-axis,180.0,0.0,,4.5,43.975358,-117.06114,9rwgcr
1187,OR,Lake,42.173809,-120.361237,228710,BC Solar,2016,PV,single-axis,90.0,,,8.0,42.478434,-120.476422,9r3wzq
1188,OR,Jackson,42.521824,-122.828728,233795,"OR Solar 2, LLC",2020,PV,single-axis,180.0,60.0,,10.0,42.347769,-122.858631,9r88yx
1189,OR,Yamhill,45.168552,-123.135109,22372,Mill Creek Solar (OR),2017,PV,fixed-tilt,180.0,15.0,,2.2,45.239528,-123.136974,9rb6wg
1190,OR,Klamath,42.182953,-121.763535,104971,Klamath Falls Solar 2 (CSG),2017,PV,single-axis,0.0,,,2.9,42.285893,-121.726802,9r3wzq
1191,OR,Yamhill,45.169609,-123.136261,11161,Dayton Cutoff Solar,2017,PV,fixed-tilt,180.0,15.0,,2.2,45.239528,-123.136974,9rb6wg
1192,OR,Polk,45.032875,-123.096375,38384,Valley Creek Solar,2017,PV,fixed-tilt,180.0,20.0,,2.2,44.920857,-123.20811,9rb6wg
1193,OR,Marion,45.014301,-122.807152,43551,Silverton Solar,2017,PV,fixed-tilt,180.0,25.0,,2.2,44.960149,-122.955907,9rb6wg
1194,OR,Marion,44.826717,-122.949402,53668,Sheep Solar,2017,PV,fixed-tilt,180.0,30.0,,2.2,44.960149,-122.955907,9rb6wg
1195,OR,Clackamas,45.1703,-122.472862,34120,Colton Solar,2017,PV,fixed-tilt,180.0,15.0,,2.2,45.363411,-122.575016,c21g7y
1196,OR,Marion,45.129635,-122.89959,42561,Interstate Solar,2017,PV,fixed-tilt,180.0,25.0,,2.2,44.960149,-122.955907,9rb6wg
1197,OR,Polk,45.052822,-123.609528,36039,Grand Ronde Solar,2017,PV,fixed-tilt,180.0,15.0,,2.2,44.920857,-123.20811,9rb6wg
1198,OR,Baker,44.701782,-117.764305,280892,Baker City Solar,2020,PV,single-axis,0.0,0.0,,15.0,44.780021,-117.762087,c245ue
1199,OR,Malheur,43.950218,-117.07299,80491,Morgan Solar Center,2020,PV,single-axis,0.0,0.0,,3.0,43.975358,-117.06114,9rwgcr
1200,OR,Malheur,44.158146,-117.44368,70061,Vale Solar Center,2020,PV,fixed-tilt,180.0,25.0,,3.0,43.975358,-117.06114,9rcvn1
1201,OR,Malheur,44.113232,-117.026611,74483,Ontario Solar Center,2020,PV,single-axis,0.0,0.0,,3.0,43.975358,-117.06114,9rwgcr
1202,OR,Clackamas,45.430771,-122.284538,38995,"Boring Solar, LLC",2019,PV,fixed-tilt,180.0,20.0,,2.2,45.363411,-122.575016,c21g7y
1203,OR,Yamhill,45.076462,-123.394096,35297,"Ballston Solar, LLC",2018,PV,fixed-tilt,180.0,20.0,,2.2,45.239528,-123.136974,9rb6wg
1204,OR,Marion,44.985088,-122.939896,43057,"Labish Solar, LLC",2018,PV,fixed-tilt,180.0,20.0,,2.2,44.960149,-122.955907,9rb6wg
1205,OR,Marion,44.859871,-123.008156,38751,Rafael Solar,2019,PV,fixed-tilt,180.0,20.0,,2.2,44.960149,-122.955907,9rb6wg
1206,OR,Marion,45.172333,-122.912376,37800,Case Creek Solar,2019,PV,fixed-tilt,180.0,20.0,,2.2,44.960149,-122.955907,9rb6wg
1207,OR,Marion,45.083118,-122.903687,40962,Kale Patch Solar,2019,PV,fixed-tilt,180.0,20.0,,2.2,44.960149,-122.955907,9rb6wg
1208,OR,Washington,45.471661,-123.13974,36465,O'Neill Creek Solar,2019,PV,fixed-tilt,180.0,20.0,,2.2,45.486067,-122.87092,9rb6wg
1209,OR,Clackamas,45.318172,-122.331245,205541,"Duus Solar, LLC",2020,PV,single-axis,180.0,,,10.0,45.363411,-122.575016,c21g7y
1210,OR,Clackamas,45.379551,-122.232933,244262,"Firwood Solar, LLC",2020,PV,single-axis,180.0,,,10.0,45.363411,-122.575016,c21g7y
1211,OR,Clackamas,45.37384,-122.264473,34237,Tickle Creek Solar,2019,PV,single-axis,180.0,,,1.9,45.363411,-122.575016,c21g7y
1212,OR,Clackamas,45.131374,-122.619446,47661,Thomas Creek Solar,2019,PV,single-axis,180.0,,,2.2,45.363411,-122.575016,9rb6wg
1213,OR,Marion,45.120762,-122.937256,47632,St Louis Solar,2020,PV,single-axis,180.0,,,2.2,44.960149,-122.955907,9rb6wg
1214,OR,Marion,45.087685,-122.773064,41256,Pika Solar,2020,PV,single-axis,180.0,60.0,,2.2,44.960149,-122.955907,9rb6wg
1215,OR,Marion,44.985428,-122.812714,42087,Brush Creek Solar,2020,PV,single-axis,180.0,,,2.2,44.960149,-122.955907,9rb6wg
1216,OR,Clackamas,45.171494,-122.623512,39762,Minke Solar,2020,PV,single-axis,180.0,60.0,,2.2,45.363411,-122.575016,c21g7y
1217,OR,Marion,44.970589,-122.803299,37224,Drift Creek Solar,2020,PV,fixed-tilt,0.0,25.0,,2.2,44.960149,-122.955907,9rb6wg
1218,OR,Marion,44.967033,-122.957863,36576,Bighorn Solar,2020,PV,single-axis,180.0,60.0,,2.2,44.960149,-122.955907,9rb6wg
1219,OR,Lake,43.318958,-121.008011,266737,Fort Rock I,2020,PV,single-axis,180.0,60.0,,9.9,42.478434,-120.476422,9r9uxw
1220,OR,Clackamas,45.431488,-122.286491,37717,Dunn Road Solar,2021,PV,single-axis,180.0,,,1.8,45.363411,-122.575016,c21g7y
1221,OR,Clackamas,45.126469,-122.607658,43595,Mt. Hope Solar,2021,PV,single-axis,180.0,,,2.5,45.363411,-122.575016,9rb6wg
1222,OR,Marion,45.137367,-122.801102,41677,Williams Acres Solar,2021,PV,single-axis,180.0,,,2.5,44.960149,-122.955907,9rb6wg
1223,OR,Yamhill,45.102089,-123.419731,90820,"Butler Solar, LLC",2021,PV,single-axis,180.0,,,4.0,45.239528,-123.136974,9rb6wg
1224,OR,Lake,43.394508,-120.954292,249556,"Rock Garden Solar, LLC",2020,PV,single-axis,180.0,,,10.0,42.478434,-120.476422,9r9uxw
1225,OR,Lake,43.318592,-121.00219,267625,"Alkali Solar, LLC",2020,PV,single-axis,180.0,,,10.0,42.478434,-120.476422,9r9uxw
1226,OR,Clackamas,45.349163,-122.429474,39457,Sulus Solar 17,2020,PV,fixed-tilt,180.0,25.0,,3.1,45.363411,-122.575016,c21g7y
1227,OR,Lake,43.396847,-120.948845,212189,Fort Rock IV,2020,PV,single-axis,180.0,60.0,,10.0,42.478434,-120.476422,9r9uxw
1228,OR,Yamhill,45.184296,-123.103752,42891,"Palmer Creek Solar, LLC",2020,PV,fixed-tilt,0.0,25.0,,2.3,45.239528,-123.136974,9rb6wg
1229,OR,Clackamas,45.268845,-122.329109,35010,"Day Hill Solar, LLC",2020,PV,fixed-tilt,0.0,20.0,,2.3,45.363411,-122.575016,c21g7y
1230,OR,Marion,44.984203,-122.96019,8241,"SSD Marion 3, LLC",2020,PV,single-axis,180.0,0.0,,2.0,44.960149,-122.955907,9rb6wg
1231,OR,Marion,45.113422,-122.793289,45728,"SSD Marion 5, LLC",2020,PV,single-axis,180.0,0.0,,2.0,44.960149,-122.955907,9rb6wg
1232,OR,Marion,45.2551,-122.803322,45470,"SSD Marion 6, LLC",2020,PV,single-axis,180.0,0.0,,2.0,44.960149,-122.955907,9rb6wg
1233,OR,Clackamas,45.420937,-122.333267,78019,"SSD Clackamas 1, LLC",2020,PV,single-axis,180.0,0.0,,4.0,45.363411,-122.575016,c21g7y
1234,OR,Clackamas,45.105652,-122.66201,45300,"SSD Clackamas 4, LLC",2020,PV,single-axis,180.0,0.0,,2.0,45.363411,-122.575016,9rb6wg
1235,OR,Clackamas,45.181767,-122.591972,42355,"SSD Clackamas 7, LLC",2020,PV,single-axis,180.0,0.0,,2.0,45.363411,-122.575016,c21g7y
1236,OR,Marion,45.137897,-122.914406,40262,"SSD Marion 1, LLC",2020,PV,single-axis,180.0,,,2.0,44.960149,-122.955907,9rb6wg
1237,OR,Clackamas,45.141533,-122.649544,42028,Sulus Solar 35,2020,PV,fixed-tilt,5.0,25.0,,3.0,45.363411,-122.575016,9rb6wg
1238,OR,Yamhill,45.079018,-123.40303,42852,Sulus Solar 33,2021,PV,fixed-tilt,185.0,25.0,,3.0,45.239528,-123.136974,9rb6wg
1239,OR,Yamhill,45.103863,-123.515503,43574,Sulus Solar 28,2020,PV,fixed-tilt,180.0,25.0,,3.0,45.239528,-123.136974,9rb6wg
1240,OR,Marion,45.144867,-122.78669,44872,Bristol Solar,2021,PV,fixed-tilt,180.0,25.0,,3.0,44.960149,-122.955907,9rb6wg
1241,OR,Marion,44.974461,-122.775108,37129,Sulus Solar 22,2021,PV,fixed-tilt,180.0,25.0,,3.0,44.960149,-122.955907,9rb6wg
1242,OR,Marion,44.876175,-122.93531,25957,Greenpark Solar,2020,PV,fixed-tilt,185.0,25.0,,1.3,44.960149,-122.955907,9rb6wg
1243,OR,Marion,45.268993,-122.821762,34863,Sulus Solar 25,2020,PV,fixed-tilt,180.0,25.0,,2.2,44.960149,-122.955907,9rb6wg
1244,OR,Clackamas,45.45829,-122.289368,37240,Sulus Solar 29,2020,PV,fixed-tilt,180.0,25.0,,2.6,45.363411,-122.575016,c21g7y
1245,OR,Yamhill,45.086376,-123.422798,74689,Red Prairie Solar,2021,PV,fixed-tilt,180.0,25.0,,2.2,45.239528,-123.136974,9rb6wg
1246,OR,Lake,42.147793,-120.420204,285803,Garrett Solar,2019,PV,single-axis,0.0,,,10.0,42.478434,-120.476422,9r3wzq
1247,OR,Harney,43.553711,-119.689796,278108,"Suntex Solar, LLC",2020,PV,single-axis,180.0,,,10.0,43.521602,-118.986891,9r9uxw
1248,OR,Harney,43.554283,-119.684456,272426,Riley,2020,PV,single-axis,180.0,60.0,,10.0,43.521602,-118.986891,9r9uxw
1249,OR,Washington,45.559906,-123.071526,41986,Milford Solar OR,2021,PV,fixed-tilt,180.0,25.0,,3.0,45.486067,-122.87092,c21g7y
1250,OR,Clackamas,45.383125,-122.079056,264624,"Brightwood Solar, LLC",2021,PV,fixed-tilt,180.0,60.0,,10.0,45.363411,-122.575016,c21g7y
1251,OR,Klamath,42.031033,-121.611061,192056,"OR Solar 5, LLC",2018,PV,single-axis,0.0,0.0,,8.0,42.285893,-121.726802,9r3wzq
1252,OR,Baker,44.466797,-118.205391,66706,Brush Solar Center,2020,PV,single-axis,0.0,0.0,,2.8,44.780021,-117.762087,9rcvn1
1253,OR,Morrow,45.559696,-119.609863,1344441,Wheatridge Hybrid,2019,PV,single-axis,180.0,,batteries,50.0,45.739056,-119.617276,c245ue
1254,OR,Gilliam,45.536312,-120.175377,4340145,Montague Solar,2019,PV,single-axis,180.0,,,162.0,45.449592,-120.197022,c245ue
1255,OR,Marion,45.128044,-122.828529,42213,River Valley Solar,2020,PV,dual-axis,180.0,,,1.9,44.960149,-122.955907,9rb6wg
1256,OR,Marion,45.076111,-122.933266,42745,Carnes Creek Solar (CSG),2022,PV,single-axis,180.0,,,2.5,44.960149,-122.955907,9rb6wg
1257,OR,Polk,45.058884,-123.497375,34849,Cosper Creek Solar (CSG),2022,PV,single-axis,180.0,25.0,,2.5,44.920857,-123.20811,9rb6wg
1258,OR,Marion,44.93034,-122.936867,24507,Fruitland Creek Solar (CSG),2022,PV,single-axis,180.0,25.0,,1.8,44.960149,-122.955907,9rb6wg
1259,OR,Clackamas,45.143578,-122.607849,37983,Kaiser Creek Solar (CSG),2022,PV,single-axis,180.0,,,2.0,45.363411,-122.575016,9rb6wg
1260,OR,Clackamas,45.431309,-122.29583,37765,Sandy River Solar (CSG),2022,PV,single-axis,180.0,,,1.9,45.363411,-122.575016,c21g7y
1261,OR,Yamhill,45.323456,-123.17543,40274,Sesqui-C Solar (CSG),2023,PV,single-axis,180.0,,,2.5,45.239528,-123.136974,9rb6wg
1262,OR,Harney,43.503429,-119.148964,242241,Starvation,2019,PV,single-axis,180.0,55.0,,9.9,43.521602,-118.986891,9r9uxw
1263,OR,Harney,43.499569,-119.14415,237426,"West Hines Solar I, LLC",2020,PV,single-axis,180.0,,,10.0,43.521602,-118.986891,9r9uxw
1264,OR,Clackamas,45.419659,-122.277374,38868,NSE Astoria - Skyward,2021,PV,single-axis,0.0,,,2.5,45.363411,-122.575016,c21g7y
1265,OR,Multnomah,45.52877,-122.663269,19113,Oregon Convention Center,2016,PV,fixed-tilt,180.0,2.0,,1.4,45.517904,-122.591156,c21g7y
1266,OR,Crook,44.252544,-120.883263,1036563,"Prineville Solar Energy, LLC",2021,PV,single-axis,0.0,60.0,,40.0,44.283564,-120.843605,9rcvn1
1267,OR,Crook,44.269852,-120.878571,1342765,"Millican Solar Energy, LLC",2021,PV,single-axis,0.0,60.0,,70.0,44.283564,-120.843605,9rcvn1
1268,OR,Klamath,42.207153,-121.813942,46338,Linkville Solar (CSG),2024,PV,fixed-tilt,180.0,0.0,,2.8,42.285893,-121.726802,9r3wzq
1269,OR,Yamhill,45.102924,-123.412971,59745,"Sheridan Solar, LLC (CSG)",2024,PV,single-axis,180.0,0.0,,3.0,45.239528,-123.136974,9rb6wg
1270,OR,Clackamas,45.391129,-122.344017,45103,"Auburn Solar, LLC (CSG)",2024,PV,single-axis,180.0,0.0,,2.9,45.363411,-122.575016,c21g7y
1271,OR,Klamath,42.04673,-121.496002,1110050,Skysol,2023,PV,single-axis,180.0,,,55.0,42.285893,-121.726802,9r3wzq
1272,TX,El Paso,31.978222,-106.427277,303447,Newman Solar,2014,PV,single-axis,90.0,,,10.4,31.783025,-106.365548,9w1zzg
1273,TX,El Paso,31.820181,-106.215195,77202,Montana Solar Facility,2017,PV,single-axis,90.0,,,3.0,31.783025,-106.365548,9w1zzg
1274,TX,El Paso,31.830723,-106.372948,27338,Fort Bliss (DEA EPIC),2018,PV,fixed-tilt,179.0,15.0,,2.0,31.783025,-106.365548,9w1zzg
1275,WA,Adams,46.983494,-118.614616,712105,Adams Nielson Solar,2018,PV,single-axis,180.0,,,19.2,46.864934,-119.031492,c26crp
1276,WA,Benton,46.357567,-119.320145,60641,"Horn Rapids Solar, Storage and Training",2020,PV,fixed-tilt,180.0,30.0,batteries,3.2,46.229857,-119.276673,c26crp
1277,WA,Kittitas,46.961193,-120.481155,109455,Penstemon Solar Project,2022,PV,single-axis,180.0,60.0,,5.0,47.051833,-120.630456,c26crp
1278,WA,Kittitas,46.956318,-120.504799,90430,Camas Solar Project,2019,PV,single-axis,180.0,60.0,,5.0,47.051833,-120.630456,c26crp
1279,WA,Kittitas,46.973484,-120.572945,112143,Urtica Solar Project,2022,PV,fixed-tilt,180.0,,,5.0,47.051833,-120.630456,c26crp
1280,WA,Klickitat,45.867138,-120.240051,4477250,Lund Hill Solar,2022,PV,single-axis,0.0,0.0,,150.0,45.79839,-121.146148,c245ue
1281,WY,Sweetwater,41.626965,-109.682785,1714691,Sweetwater Solar,2018,PV,single-axis,180.0,,,80.0,41.580564,-109.302521,9x3mfn
1282,WY,Laramie,41.016609,-104.800316,3008618,South Cheyenne Solar,2024,PV,single-axis,180.0,0.0,,150.0,41.153937,-104.771336,9xkgmv
1283,SD,Fall River,43.155136,-103.339722,1613697,"Fall River Solar, LLC",2023,PV,fixed-tilt,180.0,52.0,,80.0,43.387361,-103.513072,9xkgmv
1284,UT,Iron,37.772099,-113.232117,2146785,"Granite Mountain Solar East, LLC",2016,PV,single-axis,180.0,60.0,,80.0,37.708874,-113.076161,9wbmjr
1285,UT,Iron,37.885803,-112.894279,2058533,Utah Red Hills Renewable Energy Park,2015,PV,single-axis,0.0,0.0,,80.0,37.708874,-113.076161,9wbmjr
1286,UT,Millard,39.161373,-112.356026,1401358,"Pavant Solar II, LLC",2016,PV,single-axis,90.0,,,50.0,39.209257,-112.485634,9rpbwn
1287,UT,Millard,39.150066,-112.349663,1410895,"Pavant Solar, LLC",2015,PV,single-axis,180.0,45.0,,50.0,39.209257,-112.485634,9rpbwn
1288,UT,Millard,39.157143,-112.37442,584816,Pavant Solar III,2016,PV,single-axis,0.0,0.0,,20.0,39.209257,-112.485634,9rpbwn
1289,UT,Iron,37.725788,-113.162285,2318352,"Iron Springs Solar, LLC",2016,PV,single-axis,180.0,60.0,,80.0,37.708874,-113.076161,9wbmjr
1290,UT,Iron,37.644379,-113.605568,2743802,"Enterprise Solar, LLC",2016,PV,single-axis,180.0,60.0,,80.0,37.708874,-113.076161,9qw0kp
1291,UT,Beaver,38.497295,-113.024017,1976017,"Escalante Solar II, LLC",2016,PV,single-axis,180.0,60.0,,80.0,38.29808,-112.762542,9wbmjr
1292,UT,Beaver,38.524845,-113.034805,2219939,"Escalante Solar I, LLC",2016,PV,single-axis,180.0,60.0,,80.0,38.29808,-112.762542,9wbmjr
1293,UT,Beaver,38.500725,-112.986847,1937970,"Escalante Solar III, LLC",2016,PV,single-axis,180.0,60.0,,80.0,38.29808,-112.762542,9wbmjr
1294,UT,Iron,37.785652,-113.280228,1125755,"Granite Mountain Solar West, LLC",2016,PV,single-axis,180.0,60.0,,50.4,37.708874,-113.076161,9wbmjr
1295,UT,Iron,37.639065,-113.646637,58663,Beryl Solar Plant,2015,PV,fixed-tilt,180.0,30.0,,3.0,37.708874,-113.076161,9qw0kp
1296,UT,Iron,37.808197,-113.089218,58372,Cedar Valley Solar Plant,2015,PV,fixed-tilt,180.0,30.0,,3.0,37.708874,-113.076161,9wbmjr
1297,UT,Iron,38.022964,-112.730331,60723,Buckhorn Solar Plant,2015,PV,fixed-tilt,180.0,30.0,,3.0,37.708874,-113.076161,9wbmjr
1298,UT,Beaver,38.289253,-113.009125,58826,Milford Flat Solar Plant,2015,PV,fixed-tilt,180.0,30.0,,3.0,38.29808,-112.762542,9wbmjr
1299,UT,Beaver,38.292633,-113.035057,58884,Laho Solar Plant,2015,PV,fixed-tilt,180.0,30.0,,3.0,38.29808,-112.762542,9wbmjr
1300,UT,Beaver,38.255981,-112.733894,43384,Greenville Solar Plant,2015,PV,fixed-tilt,180.0,30.0,,2.2,38.29808,-112.762542,9wbmjr
1301,UT,Beaver,38.402546,-112.988068,59215,Granite Peak Solar Plant,2015,PV,fixed-tilt,180.0,30.0,,3.0,38.29808,-112.762542,9wbmjr
1302,UT,Beaver,38.315376,-113.053802,91533,South Milford Solar Plant,2015,PV,single-axis,180.0,0.0,,2.9,38.29808,-112.762542,9wbmjr
1303,UT,Iron,37.751759,-113.252052,72034,Fiddler's Canyon #1,2015,PV,single-axis,180.0,0.0,,3.0,37.708874,-113.076161,9wbmjr
1304,UT,Iron,37.731071,-113.21949,67316,Fiddler's Canyon #3,2015,PV,single-axis,180.0,0.0,,3.0,37.708874,-113.076161,9wbmjr
1305,UT,Beaver,38.384918,-112.983948,85056,Milford 2,2015,PV,single-axis,180.0,0.0,,3.0,38.29808,-112.762542,9wbmjr
1306,UT,Davis,41.096851,-111.980324,25391,Weber State University-Davis Campus PV,2017,PV,fixed-tilt,180.0,25.0,,1.3,41.019939,-111.960883,9x0ryy
1307,UT,Iron,37.653465,-113.218613,80875,Quichapa 1,2016,PV,single-axis,170.0,59.0,,3.0,37.708874,-113.076161,9wbmjr
1308,UT,Iron,37.667927,-113.19101,81217,Quichapa 2,2016,PV,single-axis,170.0,59.0,,3.0,37.708874,-113.076161,9wbmjr
1309,UT,Iron,37.649563,-113.240379,80826,Quichapa 3,2016,PV,single-axis,170.0,59.0,,3.0,37.708874,-113.076161,9wbmjr
1310,UT,Rich,41.768463,-111.062004,1673132,Sage Solar I-III,2019,PV,single-axis,0.0,,,57.6,41.776494,-111.285765,9x3mfn
1311,UT,Iron,37.636162,-113.631348,3465713,Cove Mountain Solar 2,2020,PV,single-axis,2.0,,,122.0,37.708874,-113.076161,9qw0kp
1312,UT,Washington,37.043953,-113.627716,30188,Bloomington Solar I,2018,PV,fixed-tilt,180.0,20.0,,2.0,37.13018,-113.524041,9qw0kp
1313,UT,Emery,39.134796,-111.054512,2301453,"Hunter Solar, LLC (UT)",2021,PV,single-axis,90.0,,,100.0,39.217578,-110.929942,9wbmjr
1314,UT,Beaver,38.510654,-113.034401,2881578,Milford Solar 1,2020,PV,single-axis,180.0,,,99.0,38.29808,-112.762542,9wbmjr
1315,UT,Uintah,40.077427,-109.291359,234881,Bonanza,2023,PV,single-axis,180.0,,,12.5,40.426449,-109.59027,9x47er
1316,UT,Sevier,38.839245,-112.011673,2252350,"Sigurd Solar, LLC",2019,PV,single-axis,90.0,,,80.0,38.771786,-112.044688,9wbmjr
1317,UT,Carbon,39.554283,-110.710663,1818545,Graphite Solar I,2021,PV,single-axis,180.0,60.0,,80.0,39.602446,-110.777569,9wbmjr
1318,UT,San Juan,37.121346,-109.411278,1951929,Red Mesa Solar Project,2023,PV,single-axis,180.0,0.0,,72.0,37.52052,-109.545503,9wdr2q
1319,UT,Iron,37.793583,-113.284935,53405,Fiddler's Canyon #2,2015,PV,single-axis,180.0,0.0,,3.0,37.708874,-113.076161,9wbmjr
1320,UT,Iron,37.622822,-113.618568,978764,Cove Mountain Solar,2020,PV,single-axis,2.0,,,58.0,37.708874,-113.076161,9qw0kp
1321,UT,Box Elder,41.640026,-112.45668,1941616,"Rocket Solar, LLC",2024,PV,single-axis,180.0,0.0,,80.0,41.592632,-112.09841,9x0ryy
1322,UT,Salt Lake,40.767033,-111.89605,22223,Salt Palace Solar Gen Plant,2012,PV,fixed-tilt,180.0,10.0,,1.3,40.638514,-111.927686,9x0ryy
1323,UT,Juab,39.843189,-111.889305,1994941,Clover Creek Solar Community Solar,2021,PV,single-axis,0.0,1.0,,80.0,39.748396,-111.878638,9rpbwn
1324,UT,Tooele,40.727978,-112.655098,1743989,"Horseshoe Solar, LLC",2024,PV,single-axis,180.0,0.0,,75.0,40.568237,-112.363002,9x0ryy
1325,UT,Emery,39.325111,-110.994942,928214,"Castle Solar, LLC",2024,PV,single-axis,180.0,0.0,,40.0,39.217578,-110.929942,9wbmjr
1326,UT,Beaver,38.390545,-112.993927,117339,Smithfield 1,2024,PV,single-axis,180.0,0.0,,5.0,38.29808,-112.762542,9wbmjr
1327,UT,Box Elder,41.904198,-112.185135,1953211,"Steel Solar, LLC",2024,PV,single-axis,180.0,0.0,,80.0,41.592632,-112.09841,9x3mfn
1328,UT,Utah,40.127815,-111.632866,54838,Spanish Fork Community Solar,2021,PV,dual-axis,0.0,25.0,,4.0,40.278299,-111.74994,9x0ryy
1329,UT,Box Elder,41.730835,-112.179413,45798,SF Auto T1,2023,PV,single-axis,0.0,,,3.1,41.592632,-112.09841,9x0ryy
1330,UT,Iron,37.828545,-113.12822,2900375,Three Peaks Power,2016,PV,single-axis,180.0,,,80.0,37.708874,-113.076161,9wbmjr
1331,UT,Iron,37.826595,-113.112129,4354387,Appaloosa Solar I,2024,PV,single-axis,179.0,0.0,,120.0,37.708874,-113.076161,9wbmjr
1332,UT,Tooele,40.502285,-112.366386,24472,Tooele Army Depot(CSG),2021,PV,single-axis,180.0,,batteries,1.5,40.568237,-112.363002,9x0ryy
1333,UT,Sanpete,39.167149,-111.800949,30514,Gunnison Solar,2022,PV,fixed-tilt,0.0,52.0,,1.5,39.384535,-111.605199,9wbmjr
1334,UT,Beaver,38.225769,-113.10495,44686,Smithfield 3,2023,PV,single-axis,0.0,52.0,,2.0,38.29808,-112.762542,9wbmjr
1335,CA,San Bernardino,34.051117,-117.446709,46148,IOS II-LAX9,2020,PV,fixed-tilt,180.0,10.0,,4.0,34.190969,-117.359766,9qh3ky
1336,CA,Fresno,36.486404,-120.045135,24378,Van der Kooi Dairy Solar Array,2021,PV,fixed-tilt,40.0,40.0,,1.0,36.743848,-119.765291,9q6tde
1337,CA,Kern,35.69595,-119.808472,30889,Lost Hills Oilfield,2021,PV,single-axis,180.0,0.0,,1.9,35.369809,-118.941786,9q713t
1338,CO,Rio Blanco,39.914875,-108.385071,115567,Bar D,2018,PV,fixed-tilt,180.0,20.0,,4.0,40.05108,-108.268744,9x47er
1339,CO,Pueblo,38.242874,-104.426033,43409,"USS Giveback Solar, LLC (CSG)",2023,PV,single-axis,180.0,,,2.0,38.265773,-104.646976,9wve62
1340,NM,McKinley,35.943916,-107.570198,6295379,Arroyo Solar Energy Storage Hybrid,2024,PV,single-axis,180.0,0.0,batteries,300.0,35.513228,-108.634281,9wdb95
1341,NM,Rio Arriba,36.232895,-107.273262,938415,"Jicarilla Solar 1, LLC",2023,PV,single-axis,,,batteries,50.0,36.203984,-106.205155,9we1bp
1342,NV,Eureka,40.768028,-116.513199,3930569,TS Power Plant,2024,PV,single-axis,180.0,0.0,,100.0,39.946993,-116.209128,9r50xy
1343,CA,Kings,36.24897,-119.581383,138339,River Ranch Dairy,2024,PV,single-axis,180.0,0.0,,4.0,36.252657,-119.726922,9qdbm8
1344,ID,Ada,43.438301,-116.327415,794752,ID Solar,2016,PV,single-axis,180.0,20.0,,40.0,43.612091,-116.313143,9rwgcr
1345,ID,Elmore,43.018082,-116.014023,2256491,Grand View Solar Two,2016,PV,single-axis,180.0,,,80.0,43.117658,-115.685056,9rwgcr
1346,ID,Owyhee,43.212307,-116.444206,553649,Murphy Flat Solar,2017,PV,single-axis,180.0,60.0,,20.0,43.393385,-116.704658,9rwgcr
1347,ID,Elmore,43.147282,-115.721924,648010,"Mt. Home Solar 1, LLC",2017,PV,single-axis,180.0,60.0,,20.0,43.117658,-115.685056,9rwgcr
1348,ID,Ada,43.46891,-116.289497,695405,Orchard Ranch Solar,2017,PV,single-axis,180.0,60.0,,20.0,43.612091,-116.313143,9rwgcr
1349,ID,Elmore,43.325089,-115.939034,616774,Simcoe Solar,2017,PV,single-axis,180.0,60.0,,20.0,43.117658,-115.685056,9rwgcr
1350,ID,Power,42.830952,-112.742729,574351,American Falls Solar,2017,PV,single-axis,180.0,60.0,,20.0,42.774583,-112.827325,9rx7st
1351,ID,Power,42.825417,-112.746231,579610,American Falls Solar II,2017,PV,single-axis,180.0,60.0,,20.0,42.774583,-112.827325,9rx7st
1352,ID,Twin Falls,42.538639,-114.411125,23937,Clif Bar Bakery of Twin Falls,2019,PV,fixed-tilt,180.0,25.0,,2.0,42.56026,-114.499626,9rwgcr
1353,ID,Twin Falls,42.200943,-114.630974,3143307,"Jackpot Solar, LLC",2022,PV,single-axis,25.0,,,120.0,42.56026,-114.499626,9rwgcr
1354,ID,Elmore,42.900356,-115.191933,934089,"Black Mesa Solar, LLC",2023,PV,single-axis,180.0,25.0,,40.0,43.117658,-115.685056,9rwgcr
1355,ID,Twin Falls,42.204498,-114.607651,2460516,Franklin Solar Hybrid,2024,PV,single-axis,180.0,0.0,,100.0,42.56026,-114.499626,9rwgcr
1356,CO,Pueblo,38.192551,-104.599098,5254425,Bighorn Solar 1,2021,PV,single-axis,180.0,,,240.0,38.265773,-104.646976,9wve62
1357,CO,Pueblo,38.206665,-104.563347,3030210,Comanche Solar,2016,PV,single-axis,180.0,,,120.0,38.265773,-104.646976,9wve62
1358,CA,Alameda,37.717717,-121.885443,28710,Santa Rita Jail Hybrid,2016,PV,single-axis,180.0,11.0,batteries,1.5,37.706599,-122.098766,9q9m24
1359,CA,Butte,39.723239,-121.815698,27067,Sierra Nevada Brewing Co Hybrid,2007,PV,single-axis,180.0,5.0,batteries,1.7,39.658926,-121.72651,9r13pb
