file_name,eia_id,total_eia_production_mwh,total_pvwatts_production_mwh,difference_mwh_eia_pvwatts
"C:/Users/kperry/Documents/extreme-weather-ca-heatwave\pvwatts_powerplants\9mudw2_Desert_Green_Solar_Farm,_LLC_33.26524_-116.327979.csv",57959,66028.01999999999,79242.33006126623,-13214.310061266238
C:/Users/kperry/Documents/extreme-weather-ca-heatwave\pvwatts_powerplants\9mudw2_Genentech-Oceanside_Hybrid_33.212308_-117.301917.csv,60231,34316.049999999996,54447.919881530834,-20131.869881530838
C:/Users/kperry/Documents/extreme-weather-ca-heatwave\pvwatts_powerplants\9mudw2_Granger_33.269396_-117.057731.csv,60516,37047.990000000005,36239.70443118328,808.2855688167256
C:/Users/kperry/Documents/extreme-weather-ca-heatwave\pvwatts_powerplants\9mudw2_Jacumba_Solar_Farm_32.618331_-116.132302.csv,60947,216426.01000000004,222693.03356197916,-6267.02356197912
C:/Users/kperry/Documents/extreme-weather-ca-heatwave\pvwatts_powerplants\9mudw2_Ramona_1_33.010432_-116.872109.csv,58909,26006.02,25025.024935710873,980.9950642891272
C:/Users/kperry/Documents/extreme-weather-ca-heatwave\pvwatts_powerplants\9mudw2_Ramona_2_33.010667_-116.874251.csv,58911,45985.03,62562.577386709745,-16577.547386709746
C:/Users/kperry/Documents/extreme-weather-ca-heatwave\pvwatts_powerplants\9mudw2_Ramona_Solar_Energy_33.019293_-116.860202.csv,60995,23159.860000000004,38449.44079461264,-15289.580794612633
C:/Users/kperry/Documents/extreme-weather-ca-heatwave\pvwatts_powerplants\9mudw2_SDCWA-Twin_Oaks_33.210648_-117.178261.csv,59139,6824.029999999999,11035.259968840728,-4211.229968840729
C:/Users/kperry/Documents/extreme-weather-ca-heatwave\pvwatts_powerplants\9mudw2_Solar_Borrego_I_33.293521_-116.352258.csv,57455,335165.05,333990.3745752273,1174.675424772664
C:/Users/kperry/Documents/extreme-weather-ca-heatwave\pvwatts_powerplants\9mudw2_Vallecitos_Water_District_33.210674_-117.176837.csv,64438,4675.030000000001,5644.695257404968,-969.6652574049676
C:/Users/kperry/Documents/extreme-weather-ca-heatwave\pvwatts_powerplants\9mudw2_Valley_Center_1_33.230008_-117.003108.csv,58906,28507.03,30877.777170355534,-2370.7471703555348
C:/Users/kperry/Documents/extreme-weather-ca-heatwave\pvwatts_powerplants\9mudw2_Valley_Center_2_33.233067_-117.001487.csv,58907,58105.07,61754.558544464046,-3649.488544464046
C:/Users/kperry/Documents/extreme-weather-ca-heatwave\pvwatts_powerplants\9mudw2_Valley_Center_33.249653_-117.02176.csv,60509,29165.019999999997,28290.174972326742,874.8450276732547
"C:/Users/kperry/Documents/extreme-weather-ca-heatwave\pvwatts_powerplants\9mupsy_Adelanto_Solar,_LLC_34.553793_-117.377244.csv",59441,281117.01,260235.86964622766,20881.140353772353
"C:/Users/kperry/Documents/extreme-weather-ca-heatwave\pvwatts_powerplants\9mupsy_Adelanto_Solar_II,_LLC_34.553839_-117.369657.csv",59440,87416.04000000001,91082.47312051566,-3666.4331205156486
C:/Users/kperry/Documents/extreme-weather-ca-heatwave\pvwatts_powerplants\9mupsy_Adelanto_Solar_Project_34.547517_-117.440508.csv,57305,60708.05,110927.07422070407,-50219.02422070407
C:/Users/kperry/Documents/extreme-weather-ca-heatwave\pvwatts_powerplants\9mupsy_Alamo_Solar_34.685814_-117.345262.csv,59469,235343.04999999996,242999.1136903124,-7656.06369031244
C:/Users/kperry/Documents/extreme-weather-ca-heatwave\pvwatts_powerplants\9mupsy_Cascade_Solar_34.166356_-116.235876.csv,58590,260143.05999999997,239772.2306266295,20370.829373370478
C:/Users/kperry/Documents/extreme-weather-ca-heatwave\pvwatts_powerplants\9mupsy_CA_Institute_for_Women_33.947505_-117.639748.csv,64518,7358.030000000001,7317.6301001008915,40.39989989910919
"C:/Users/kperry/Documents/extreme-weather-ca-heatwave\pvwatts_powerplants\9mupsy_Colton_Solar_One,_LLC_34.094045_-117.319013.csv",59597,22683.030000000002,22186.1589381058,496.8710618942023
"C:/Users/kperry/Documents/extreme-weather-ca-heatwave\pvwatts_powerplants\9mupsy_Colton_Solar_Two,_LLC_34.042263_-117.361811.csv",59598,8374.019999999999,12185.828380664965,-3811.8083806649665
C:/Users/kperry/Documents/extreme-weather-ca-heatwave\pvwatts_powerplants\9mupsy_Coronus_Adelanto_West_1_34.54982_-117.466688.csv,59536,11911.02,16332.762988288998,-4421.742988288997
C:/Users/kperry/Documents/extreme-weather-ca-heatwave\pvwatts_powerplants\9mupsy_Coronus_Adelanto_West_2_34.548893_-117.467441.csv,59537,15019.009999999998,16332.79102642572,-1313.7810264257223
C:/Users/kperry/Documents/extreme-weather-ca-heatwave\pvwatts_powerplants\9mupsy_Crafton_Hills_College_Solar_Farm_34.043323_-117.097058.csv,58170,4792.629999999999,15755.553736224354,-10962.923736224355
C:/Users/kperry/Documents/extreme-weather-ca-heatwave\pvwatts_powerplants\9mupsy_Expressway_Solar_A_34.582289_-117.341622.csv,58761,24341.04,21808.053268107928,2532.9867318920733
C:/Users/kperry/Documents/extreme-weather-ca-heatwave\pvwatts_powerplants\9mupsy_Expressway_Solar_B_34.58338_-117.341455.csv,58762,20935.000000000004,21808.032930566438,-873.0329305664345
C:/Users/kperry/Documents/extreme-weather-ca-heatwave\pvwatts_powerplants\9mupsy_Expressway_Solar_C2_34.584613_-117.342225.csv,58763,15826.0,16355.969973173433,-529.9699731734327
C:/Users/kperry/Documents/extreme-weather-ca-heatwave\pvwatts_powerplants\9mupsy_Hudson-High_Desert_Hybrid_34.625739_-117.369334.csv,64624,390203.0,522663.9657288392,-132460.96572883922
"C:/Users/kperry/Documents/extreme-weather-ca-heatwave\pvwatts_powerplants\9mupsy_Industry_Solar_Power_Generation_Station_1,_LLC_34.552307_-117.456763.csv",58609,20957.99,19599.02318076282,1358.9668192371828
"C:/Users/kperry/Documents/extreme-weather-ca-heatwave\pvwatts_powerplants\9mupsy_Lone_Valley_Solar_Park_I,_LLC_34.398252_-116.869667.csv",58417,117109.99,130472.22345540489,-13362.233455404887
"C:/Users/kperry/Documents/extreme-weather-ca-heatwave\pvwatts_powerplants\9mupsy_Lone_Valley_Solar_Park_II,_LLC_34.406096_-116.862059.csv",59237,241904.06999999998,260933.5133481494,-19029.44334814942
"C:/Users/kperry/Documents/extreme-weather-ca-heatwave\pvwatts_powerplants\9mupsy_Longboat_Solar,_LLC_34.904059_-117.103149.csv",60485,261403.03000000003,258267.31143779182,3135.7185622082034
"C:/Users/kperry/Documents/extreme-weather-ca-heatwave\pvwatts_powerplants\9mupsy_Madelyn_Solar,_LLC_34.768035_-117.323327.csv",59409,12808.050000000001,12472.184337114159,335.86566288584254
"C:/Users/kperry/Documents/extreme-weather-ca-heatwave\pvwatts_powerplants\9mupsy_Mitchell_Solar,_LLC_34.765216_-117.323349.csv",59411,17210.06,18708.45189538522,-1498.391895385219
"C:/Users/kperry/Documents/extreme-weather-ca-heatwave\pvwatts_powerplants\9mupsy_Navajo_Solar_Power_Generation_Station_1,_LLC_34.550338_-117.192742.csv",58610,21010.05,19540.691017136574,1469.358982863425
"C:/Users/kperry/Documents/extreme-weather-ca-heatwave\pvwatts_powerplants\9mupsy_Newberry_Solar_1,_LLC_34.853599_-116.683863.csv",58226,14781.02,19159.00130437211,-4377.981304372108
C:/Users/kperry/Documents/extreme-weather-ca-heatwave\pvwatts_powerplants\9mupsy_Nunn_34.50918_-117.153822.csv,58448,12469.029999999999,13037.578016981675,-568.5480169816765
"C:/Users/kperry/Documents/extreme-weather-ca-heatwave\pvwatts_powerplants\9mupsy_Otoe_Solar_Power_Generation_Station_1,_LLC_34.544533_-117.192798.csv",58612,16660.030000000002,16134.599771568961,525.4302284310415
C:/Users/kperry/Documents/extreme-weather-ca-heatwave\pvwatts_powerplants\9mupsy_Phelan_Pinon_Hills_CSD_Solar_34.578988_-117.579412.csv,63376,11113.029999999999,14320.20004279079,-3207.170042790791
"C:/Users/kperry/Documents/extreme-weather-ca-heatwave\pvwatts_powerplants\9mupsy_Powhatan_Solar_Power_Generation_Station_1,_LLC_34.496399_-117.143443.csv",58611,21590.05,19883.279816506136,1706.7701834938634
"C:/Users/kperry/Documents/extreme-weather-ca-heatwave\pvwatts_powerplants\9mupsy_PVN_Milliken,_LLC_34.038508_-117.565779.csv",60790,24390.030000000002,30530.588391083074,-6140.558391083072
"C:/Users/kperry/Documents/extreme-weather-ca-heatwave\pvwatts_powerplants\9mupsy_RE_Victor_Phelan_Solar_One,_LLC_34.51231_-117.481927.csv",58202,222418.03999999998,229603.73798518546,-7185.697985185485
"C:/Users/kperry/Documents/extreme-weather-ca-heatwave\pvwatts_powerplants\9mupsy_Rudy_Solar,_LLC_34.766753_-117.323333.csv",59410,16505.04,18708.361920827017,-2203.3219208270166
C:/Users/kperry/Documents/extreme-weather-ca-heatwave\pvwatts_powerplants\9mupsy_SCE-Snowline-Duncan_Road_(North)_34.474054_-117.563433.csv,59359,16100.02,19740.57912322055,-3640.559123220548
C:/Users/kperry/Documents/extreme-weather-ca-heatwave\pvwatts_powerplants\9mupsy_SCE-Snowline-Duncan_Road_(South)_34.471409_-117.561967.csv,59360,11361.000000000002,13160.582437316343,-1799.5824373163414
C:/Users/kperry/Documents/extreme-weather-ca-heatwave\pvwatts_powerplants\9mupsy_SCE-Snowline-White_Rd_(Central)_34.415766_-117.46979.csv,59423,18535.98,19835.494088923315,-1299.5140889233153
C:/Users/kperry/Documents/extreme-weather-ca-heatwave\pvwatts_powerplants\9mupsy_SCE-Snowline-White_Road_(North)_34.418022_-117.469811.csv,59422,18091.039999999997,19835.255000713572,-1744.2150007135751
C:/Users/kperry/Documents/extreme-weather-ca-heatwave\pvwatts_powerplants\9mupsy_SCE-Snowline-White_Road_(South)_34.412889_-117.469435.csv,59421,16696.010000000002,19835.80762111392,-3139.7976211139176
C:/Users/kperry/Documents/extreme-weather-ca-heatwave\pvwatts_powerplants\9mupsy_SEPV9_Power_Plant_34.189891_-116.091639.csv,58227,114416.01,109890.57595442835,4525.434045571645
C:/Users/kperry/Documents/extreme-weather-ca-heatwave\pvwatts_powerplants\9mupsy_SEPV_2_34.174111_-116.152878.csv,58074,20030.030000000002,25919.384007027194,-5889.354007027192
C:/Users/kperry/Documents/extreme-weather-ca-heatwave\pvwatts_powerplants\9mupsy_SEPV_8_34.171191_-116.153642.csv,58234,156039.01999999996,155518.84736885942,520.1726311405364
C:/Users/kperry/Documents/extreme-weather-ca-heatwave\pvwatts_powerplants\9mupsy_Sheep_Creek_Community_Solar_Farm_34.571844_-117.575966.csv,65970,0.0,7882.737454632854,-7882.737454632854
C:/Users/kperry/Documents/extreme-weather-ca-heatwave\pvwatts_powerplants\9mupsy_Stateline_Solar_35.587142_-115.428453.csv,58646,3227100.03,3251127.7564778803,-24027.726477880497
C:/Users/kperry/Documents/extreme-weather-ca-heatwave\pvwatts_powerplants\9mupsy_SunEdison_Walmart_Apple_Valley_DC_34.594302_-117.194878.csv,57012,10848.089999999998,11772.052659022287,-923.9626590222888
C:/Users/kperry/Documents/extreme-weather-ca-heatwave\pvwatts_powerplants\9mupsy_Sunray_2_34.858925_-116.814282.csv,10437,291752.02999999997,255855.60956917875,35896.42043082122
C:/Users/kperry/Documents/extreme-weather-ca-heatwave\pvwatts_powerplants\9mupsy_Sunray_3_34.862847_-116.831184.csv,10438,175382.02,176535.80185785447,-1153.781857854483
C:/Users/kperry/Documents/extreme-weather-ca-heatwave\pvwatts_powerplants\9mupsy_Target_Shafter_34.112021_-117.273426.csv,61824,24939.04,35641.74833453512,-10702.70833453512
C:/Users/kperry/Documents/extreme-weather-ca-heatwave\pvwatts_powerplants\9mupsy_Victor_Dry_Farm_Ranch_A_34.497624_-117.470659.csv,58418,49678.04,53245.2533675203,-3567.2133675203004
C:/Users/kperry/Documents/extreme-weather-ca-heatwave\pvwatts_powerplants\9mupsy_Victor_Dry_Farm_Ranch_B_34.497824_-117.4723.csv,58419,48812.00000000001,53245.10905284896,-4433.109052848951
C:/Users/kperry/Documents/extreme-weather-ca-heatwave\pvwatts_powerplants\9mupsy_Victor_Mesa_Linda_B2_34.512587_-117.387399.csv,59269,18685.990000000005,17406.22450924883,1279.765490751175
C:/Users/kperry/Documents/extreme-weather-ca-heatwave\pvwatts_powerplants\9mupsy_Victor_Mesa_Linda_C2_34.511014_-117.387081.csv,59270,18768.05,17406.29207630659,1361.7579236934107
C:/Users/kperry/Documents/extreme-weather-ca-heatwave\pvwatts_powerplants\9mupsy_Victor_Mesa_Linda_D2_34.509602_-117.387321.csv,59271,18731.03,17406.345270474067,1324.6847295259322
C:/Users/kperry/Documents/extreme-weather-ca-heatwave\pvwatts_powerplants\9mupsy_Victor_Valley_CC_CPV_Solar_34.480112_-117.257817.csv,57254,8692.02,13041.76076650098,-4349.74076650098
C:/Users/kperry/Documents/extreme-weather-ca-heatwave\pvwatts_powerplants\9mupsy_Watts_3115_34.601219_-117.643653.csv,58454,17937.019999999997,24033.96585667516,-6096.945856675164
C:/Users/kperry/Documents/extreme-weather-ca-heatwave\pvwatts_powerplants\9mvgw4_Agua_Caliente_Solar_Project_32.981357_-113.498003.csv,57373,3597813.0,2931540.9605385116,666272.0394614884
C:/Users/kperry/Documents/extreme-weather-ca-heatwave\pvwatts_powerplants\9mvgw4_Arizona_Western_College_PV_32.686077_-114.495993.csv,57765,39642.02,72665.23238496437,-33023.212384964376
C:/Users/kperry/Documents/extreme-weather-ca-heatwave\pvwatts_powerplants\9mvgw4_Calipatria_Solar_Farm_33.165624_-115.531885.csv,59088,207342.03999999998,248054.2781677183,-40712.238167718315
C:/Users/kperry/Documents/extreme-weather-ca-heatwave\pvwatts_powerplants\9mvgw4_Calipatria_State_Prison_33.166494_-115.495569.csv,64521,47590.020000000004,62277.39696094934,-14687.37696094934
C:/Users/kperry/Documents/extreme-weather-ca-heatwave\pvwatts_powerplants\9mvgw4_Campo_Verde_Solar_32.745065_-115.726842.csv,58467,1692441.0499999998,1548688.4516470456,143752.59835295426
C:/Users/kperry/Documents/extreme-weather-ca-heatwave\pvwatts_powerplants\9mvgw4_Centinela_Solar_Energy_32.690795_-115.644149.csv,58430,2446491.059999999,2115915.830009268,330575.229990731
C:/Users/kperry/Documents/extreme-weather-ca-heatwave\pvwatts_powerplants\9mvgw4_Centinela_State_Prison_32.825456_-115.775311.csv,64519,51018.06,63245.251446033835,-12227.191446033838
C:/Users/kperry/Documents/extreme-weather-ca-heatwave\pvwatts_powerplants\9mvgw4_Citizens_Imperial_Solar_33.186401_-115.428877.csv,62052,255728.0,299354.64961860265,-43626.64961860265
C:/Users/kperry/Documents/extreme-weather-ca-heatwave\pvwatts_powerplants\9mvgw4_Community_Solar_1_32.983337_-115.481892.csv,58545,67502.04,74853.73284393591,-7351.692843935918
C:/Users/kperry/Documents/extreme-weather-ca-heatwave\pvwatts_powerplants\9mvgw4_Crown_Cooling_Facility_32.967109_-115.532695.csv,58527,4854.880000000001,10615.96106634561,-5761.081066345609
C:/Users/kperry/Documents/extreme-weather-ca-heatwave\pvwatts_powerplants\9mvgw4_Drew_Solar_LLC_32.69098_-115.667807.csv,63127,40017.0,252218.3120508837,-212201.3120508837
C:/Users/kperry/Documents/extreme-weather-ca-heatwave\pvwatts_powerplants\9mvgw4_Foothills_Solar_Plant_Hybrid_32.6395_-114.431353.csv,57997,487494.03,468077.52120022307,19416.50879977696
C:/Users/kperry/Documents/extreme-weather-ca-heatwave\pvwatts_powerplants\9mvgw4_Heber_Solar_32.714021_-115.540541.csv,58398,127580.02,124584.57733643509,2995.4426635649143
C:/Users/kperry/Documents/extreme-weather-ca-heatwave\pvwatts_powerplants\9mvgw4_Hyder_II_Hybrid_33.026566_-113.356482.csv,58383,185446.02999999997,174380.86247417997,11065.167525819998
C:/Users/kperry/Documents/extreme-weather-ca-heatwave\pvwatts_powerplants\9mvgw4_Hyder_Solar_Hybrid_33.027149_-113.348204.csv,57563,192142.03999999998,199291.8439642384,-7149.80396423841
C:/Users/kperry/Documents/extreme-weather-ca-heatwave\pvwatts_powerplants\9mvgw4_Imperial_Solar_Energy_Center_South_32.658612_-115.668611.csv,57490,1380993.0400000003,1377201.4882994685,3791.551700531738
C:/Users/kperry/Documents/extreme-weather-ca-heatwave\pvwatts_powerplants\9mvgw4_Imperial_Solar_Energy_Center_West_32.7622_-115.783372.csv,57491,1991459.0399999998,1882959.069657446,108499.97034255392
"C:/Users/kperry/Documents/extreme-weather-ca-heatwave\pvwatts_powerplants\9mvgw4_Imperial_Valley_Solar,_LLC_32.675733_-115.596466.csv",56917,1891425.01,2573164.3480965393,-681739.3380965393
"C:/Users/kperry/Documents/extreme-weather-ca-heatwave\pvwatts_powerplants\9mvgw4_Imperial_Valley_Solar_Company_1,_LLC_33.245914_-115.495117.csv",58062,196438.02,245476.619439834,-49038.59943983401
"C:/Users/kperry/Documents/extreme-weather-ca-heatwave\pvwatts_powerplants\9mvgw4_Imperial_Valley_Solar_Co_(IVSC)_2,_LLC_33.252638_-115.497801.csv",59657,231007.01,212075.51360400606,18931.49639599395
C:/Users/kperry/Documents/extreme-weather-ca-heatwave\pvwatts_powerplants\9mvgw4_IVC_Solar_32.831965_-115.506304.csv,61692,22724.01,37342.479924744526,-14618.469924744528
C:/Users/kperry/Documents/extreme-weather-ca-heatwave\pvwatts_powerplants\9mvgw4_Midway_Solar_Farm_III_33.158419_-115.531909.csv,60315,196323.00999999998,248063.2140783896,-51740.20407838962
C:/Users/kperry/Documents/extreme-weather-ca-heatwave\pvwatts_powerplants\9mvgw4_Midway_Solar_Farm_II_33.165443_-115.54063.csv,60237,386952.0,372081.1440492413,14870.855950758676
C:/Users/kperry/Documents/extreme-weather-ca-heatwave\pvwatts_powerplants\9mvgw4_Midway_Solar_Farm_I_33.165607_-115.54926.csv,60336,626321.0,620133.9327543597,6187.067245640326
C:/Users/kperry/Documents/extreme-weather-ca-heatwave\pvwatts_powerplants\9mvgw4_Mount_Signal_Solar_Farm_II_32.660359_-115.629932.csv,61353,1160034.0,1152337.715606721,7696.284393279115
C:/Users/kperry/Documents/extreme-weather-ca-heatwave\pvwatts_powerplants\9mvgw4_Mount_Signal_Solar_Farm_V_32.668292_-115.559746.csv,61202,2568611.0,3140672.14503368,-572061.1450336799
C:/Users/kperry/Documents/extreme-weather-ca-heatwave\pvwatts_powerplants\9mvgw4_SEPV_Imperial_Dixieland_East_32.793446_-115.772764.csv,60745,27981.01,24055.520360321578,3925.4896396784206
C:/Users/kperry/Documents/extreme-weather-ca-heatwave\pvwatts_powerplants\9mvgw4_SEPV_Imperial_Dixieland_West_32.793358_-115.781481.csv,60744,42601.049999999996,36716.225916420786,5884.824083579209
C:/Users/kperry/Documents/extreme-weather-ca-heatwave\pvwatts_powerplants\9mvgw4_Seville_1_33.116481_-116.001614.csv,59722,269311.03,251822.02640256495,17489.003597435076
C:/Users/kperry/Documents/extreme-weather-ca-heatwave\pvwatts_powerplants\9mvgw4_Seville_2_33.109168_-116.002991.csv,59723,422539.02999999997,376742.9499416958,45796.080058304186
C:/Users/kperry/Documents/extreme-weather-ca-heatwave\pvwatts_powerplants\9mvgw4_Solar_Gen_2_Solar_Facility_33.085561_-115.471515.csv,58592,1949416.9799999997,1929581.4403572045,19835.539642795222
C:/Users/kperry/Documents/extreme-weather-ca-heatwave\pvwatts_powerplants\9mvgw4_Sol_Orchard_El_Centro_PV_32.800989_-115.546392.csv,58621,219357.03999999998,248987.3744014914,-29630.33440149142
C:/Users/kperry/Documents/extreme-weather-ca-heatwave\pvwatts_powerplants\9mvgw4_Titan_Solar_1_(CA)_33.101457_-116.00026.csv,63932,406328.38,566837.0888164942,-160508.7088164942
C:/Users/kperry/Documents/extreme-weather-ca-heatwave\pvwatts_powerplants\9mvgw4_USG_1_32.793208_-115.857433.csv,61682,12220.060000000001,12668.660633697786,-448.60063369778436
C:/Users/kperry/Documents/extreme-weather-ca-heatwave\pvwatts_powerplants\9mvgw4_USG_2_32.790409_-115.863285.csv,61683,8953.040000000003,10696.538548649314,-1743.4985486493115
C:/Users/kperry/Documents/extreme-weather-ca-heatwave\pvwatts_powerplants\9mvgw4_Valencia_1_Solar_CA_33.043676_-115.627653.csv,61418,34759.05,31397.474920522283,3361.5750794777196
C:/Users/kperry/Documents/extreme-weather-ca-heatwave\pvwatts_powerplants\9mvgw4_Valencia_2_32.910699_-115.512279.csv,64267,15374.0,16614.48512885069,-1240.4851288506907
C:/Users/kperry/Documents/extreme-weather-ca-heatwave\pvwatts_powerplants\9mvgw4_Valencia_3_32.885328_-115.537213.csv,64441,14169.009999999998,14895.229966569816,-726.2199665698172
C:/Users/kperry/Documents/extreme-weather-ca-heatwave\pvwatts_powerplants\9mvgw4_Wistaria_Ranch_Solar_32.661415_-115.606286.csv,61750,1089333.0,1246438.5319260114,-157105.53192601143
C:/Users/kperry/Documents/extreme-weather-ca-heatwave\pvwatts_powerplants\9mvgw4_Wister_Solar_33.273731_-115.505335.csv,63487,18853.010000000002,252115.7537796197,-233262.7437796197
C:/Users/kperry/Documents/extreme-weather-ca-heatwave\pvwatts_powerplants\9pr8ne_Redwood_Coast_Airport_Microgrid_40.967375_-124.104405.csv,64766,730.0000000000001,6140.822871075609,-5410.822871075609
C:/Users/kperry/Documents/extreme-weather-ca-heatwave\pvwatts_powerplants\9q5fm0_Alpine_Solar_34.796534_-118.510081.csv,57295,800252.03,726215.7591742737,74036.27082572633
C:/Users/kperry/Documents/extreme-weather-ca-heatwave\pvwatts_powerplants\9q5fm0_Antelope_Big_Sky_Ranch_34.692615_-118.286334.csv,60279,267657.01000000007,257679.36100642377,9977.648993576295
C:/Users/kperry/Documents/extreme-weather-ca-heatwave\pvwatts_powerplants\9q5fm0_Antelope_DSR_1_34.656363_-118.281831.csv,60186,647966.0,645786.1915423365,2179.8084576635156
C:/Users/kperry/Documents/extreme-weather-ca-heatwave\pvwatts_powerplants\9q5fm0_Antelope_DSR_2_34.686845_-118.311932.csv,60187,67415.96999999999,64421.714159342584,2994.2558406574026
C:/Users/kperry/Documents/extreme-weather-ca-heatwave\pvwatts_powerplants\9q5fm0_Antelope_DSR_3_34.736999_-118.304021.csv,61265,160004.99,206645.37304116576,-46640.38304116577
C:/Users/kperry/Documents/extreme-weather-ca-heatwave\pvwatts_powerplants\9q5fm0_Antelope_Expansion_1B_34.716546_-118.261109.csv,62320,2438.0,219556.75799003767,-217118.75799003767
C:/Users/kperry/Documents/extreme-weather-ca-heatwave\pvwatts_powerplants\9q5fm0_Antelope_Expansion_2_34.742062_-118.302515.csv,61264,1012701.0,1355892.9672347587,-343191.96723475866
C:/Users/kperry/Documents/extreme-weather-ca-heatwave\pvwatts_powerplants\9q5fm0_Antelope_Expansion_3A_34.727487_-118.322374.csv,62673,68189.0,78421.93626043305,-10232.936260433053
C:/Users/kperry/Documents/extreme-weather-ca-heatwave\pvwatts_powerplants\9q5fm0_Antelope_Expansion_3B_34.720171_-118.322228.csv,62674,13396.02,13146.953241453353,249.06675854664718
C:/Users/kperry/Documents/extreme-weather-ca-heatwave\pvwatts_powerplants\9q5fm0_Arrache_4006_34.655113_-118.051145.csv,58445,11830.030000000002,23842.572729913933,-12012.54272991393
C:/Users/kperry/Documents/extreme-weather-ca-heatwave\pvwatts_powerplants\9q5fm0_Arrache_4013_34.650621_-118.051936.csv,58446,16948.019999999997,18604.87386374286,-1656.8538637428646
C:/Users/kperry/Documents/extreme-weather-ca-heatwave\pvwatts_powerplants\9q5fm0_Arrache_8083_34.647943_-118.061071.csv,58447,17097.05,49613.61853431815,-32516.56853431815
C:/Users/kperry/Documents/extreme-weather-ca-heatwave\pvwatts_powerplants\9q5fm0_AVS_Lancaster_1_34.74775_-117.973128.csv,60085,42232.969999999994,40025.53759108603,2207.4324089139627
C:/Users/kperry/Documents/extreme-weather-ca-heatwave\pvwatts_powerplants\9q5fm0_AV_Solar_Ranch_One_34.792128_-118.435099.csv,57378,2952411.0,2652333.794014981,300077.205985019
"C:/Users/kperry/Documents/extreme-weather-ca-heatwave\pvwatts_powerplants\9q5fm0_Bayshore_Solar_A,_LLC_34.666021_-118.304269.csv",60481,269387.02,258299.46985495364,11087.550145046378
"C:/Users/kperry/Documents/extreme-weather-ca-heatwave\pvwatts_powerplants\9q5fm0_Bayshore_Solar_B,_LLC_34.678046_-118.30456.csv",60474,264681.01,257698.64476088327,6982.365239116742
"C:/Users/kperry/Documents/extreme-weather-ca-heatwave\pvwatts_powerplants\9q5fm0_Bayshore_Solar_C,_LLC_34.680778_-118.318921.csv",60475,260118.04,257695.2629255497,2422.777074450307
C:/Users/kperry/Documents/extreme-weather-ca-heatwave\pvwatts_powerplants\9q5fm0_Bolthouse_S&P_and_Rowen_Farms_Solar_34.564433_-117.694466.csv,56862,10395.08,15653.440828712432,-5258.360828712432
C:/Users/kperry/Documents/extreme-weather-ca-heatwave\pvwatts_powerplants\9q5fm0_Castaic_Lake_Phase_II_34.434336_-118.510139.csv,63385,23493.03,42654.28863980803,-19161.25863980803
"C:/Users/kperry/Documents/extreme-weather-ca-heatwave\pvwatts_powerplants\9q5fm0_Central_Antelope_Dry_Ranch_B,_LLC_34.705692_-118.301453.csv",60281,41139.03,38649.19891497919,2489.831085020807
C:/Users/kperry/Documents/extreme-weather-ca-heatwave\pvwatts_powerplants\9q5fm0_Central_Antelope_Dry_Ranch_C_34.720632_-118.302392.csv,59963,175689.99999999997,218456.16587263442,-42766.16587263445
C:/Users/kperry/Documents/extreme-weather-ca-heatwave\pvwatts_powerplants\9q5fm0_CSP_Los_Angeles_34.693768_-118.234071.csv,65182,585.01,6019.350611946349,-5434.340611946349
C:/Users/kperry/Documents/extreme-weather-ca-heatwave\pvwatts_powerplants\9q5fm0_Division_1_34.708325_-118.12854.csv,59094,13141.99,15834.462779556114,-2692.472779556114
C:/Users/kperry/Documents/extreme-weather-ca-heatwave\pvwatts_powerplants\9q5fm0_Division_2_34.708936_-118.129736.csv,59095,9503.03,9900.061708684992,-397.0317086849918
C:/Users/kperry/Documents/extreme-weather-ca-heatwave\pvwatts_powerplants\9q5fm0_Elevation_Solar_C_34.726891_-118.302936.csv,59964,555248.0,516573.10139823303,38674.89860176697
C:/Users/kperry/Documents/extreme-weather-ca-heatwave\pvwatts_powerplants\9q5fm0_Green_Beanworks_B_PV_34.688092_-117.989692.csv,61339,28581.050000000003,38834.34091886861,-10253.29091886861
C:/Users/kperry/Documents/extreme-weather-ca-heatwave\pvwatts_powerplants\9q5fm0_Green_Beanworks_C_PV_34.597412_-117.93146.csv,61215,31682.03,39104.19679009758,-7422.166790097581
C:/Users/kperry/Documents/extreme-weather-ca-heatwave\pvwatts_powerplants\9q5fm0_Green_Beanworks_D_PV_34.655127_-118.082255.csv,61216,31819.010000000006,38539.67571571378,-6720.665715713778
C:/Users/kperry/Documents/extreme-weather-ca-heatwave\pvwatts_powerplants\9q5fm0_Heliocentric_34.654388_-117.971144.csv,57831,11611.019999999999,14386.882017147738,-2775.8620171477396
C:/Users/kperry/Documents/extreme-weather-ca-heatwave\pvwatts_powerplants\9q5fm0_Horn_34.708588_-118.274109.csv,58452,16665.980000000003,18699.224028703535,-2033.2440287035315
"C:/Users/kperry/Documents/extreme-weather-ca-heatwave\pvwatts_powerplants\9q5fm0_Irwindale_Brew_Yard,_LLC_34.122638_-117.939375.csv",58056,14651.18,28825.38404717655,-14174.20404717655
C:/Users/kperry/Documents/extreme-weather-ca-heatwave\pvwatts_powerplants\9q5fm0_Kettering_Solar_1_34.701058_-118.124893.csv,59098,9415.020000000002,9828.55629811655,-413.5362981165472
C:/Users/kperry/Documents/extreme-weather-ca-heatwave\pvwatts_powerplants\9q5fm0_Kettering_Solar_2_34.701868_-118.124822.csv,59099,9447.050000000001,10478.517239251234,-1031.467239251233
C:/Users/kperry/Documents/extreme-weather-ca-heatwave\pvwatts_powerplants\9q5fm0_L-8_Solar_Project_34.654383_-117.973256.csv,57836,13417.04,14386.87712873104,-969.8371287310383
C:/Users/kperry/Documents/extreme-weather-ca-heatwave\pvwatts_powerplants\9q5fm0_Lancaster_34.743518_-117.972926.csv,62056,31227.03,38870.41387650472,-7643.3838765047185
C:/Users/kperry/Documents/extreme-weather-ca-heatwave\pvwatts_powerplants\9q5fm0_Lancaster_Baptist_Church_34.696333_-118.06252.csv,58634,8730.05,12821.244842146854,-4091.194842146855
C:/Users/kperry/Documents/extreme-weather-ca-heatwave\pvwatts_powerplants\9q5fm0_Lancaster_Dry_Farm_Ranch_B_34.716572_-118.291834.csv,58750,62333.02999999999,64575.31743721775,-2242.287437217761
C:/Users/kperry/Documents/extreme-weather-ca-heatwave\pvwatts_powerplants\9q5fm0_Lancaster_Little_Rock_34.603161_-117.936631.csv,59262,54658.05,55177.39299246451,-519.3429924645097
C:/Users/kperry/Documents/extreme-weather-ca-heatwave\pvwatts_powerplants\9q5fm0_Lancaster_WAD_B_34.779062_-118.19108.csv,59739,35023.03999999999,39158.37318922227,-4135.333189222278
C:/Users/kperry/Documents/extreme-weather-ca-heatwave\pvwatts_powerplants\9q5fm0_Las_Virgenes_34.131487_-118.701239.csv,64264,14141.980000000001,23449.875726913982,-9307.895726913981
C:/Users/kperry/Documents/extreme-weather-ca-heatwave\pvwatts_powerplants\9q5fm0_Las_Virgenes_Municipal_Water_District_34.132314_-118.699522.csv,58963,7434.06,11527.391408808915,-4093.3314088089146
C:/Users/kperry/Documents/extreme-weather-ca-heatwave\pvwatts_powerplants\9q5fm0_Little_Rock_Pham_Solar_34.600019_-117.949057.csv,60026,40710.04000000001,39103.587099289754,1606.4529007102537
C:/Users/kperry/Documents/extreme-weather-ca-heatwave\pvwatts_powerplants\9q5fm0_Maclay_Solar_Project_34.319539_-118.431426.csv,57308,3275.05,21193.41134514799,-17918.36134514799
C:/Users/kperry/Documents/extreme-weather-ca-heatwave\pvwatts_powerplants\9q5fm0_Ma_34.69513_-118.062578.csv,58451,16632.030000000002,19231.993390007934,-2599.9633900079316
C:/Users/kperry/Documents/extreme-weather-ca-heatwave\pvwatts_powerplants\9q5fm0_Morgan_Lancaster_1_34.662403_-118.084668.csv,59942,15381.01,19269.07549110891,-3888.0654911089096
C:/Users/kperry/Documents/extreme-weather-ca-heatwave\pvwatts_powerplants\9q5fm0_North_Lancaster_Ranch_34.721409_-118.311349.csv,59962,174277.03,218455.4950017887,-44178.46500178869
C:/Users/kperry/Documents/extreme-weather-ca-heatwave\pvwatts_powerplants\9q5fm0_Occidental_College_Solar_Project_34.128028_-118.206682.csv,57311,7059.0,9864.741448748546,-2805.7414487485457
C:/Users/kperry/Documents/extreme-weather-ca-heatwave\pvwatts_powerplants\9q5fm0_One_Ten_Partners_PV_34.6156_-117.936612.csv,61419,29374.059999999998,26066.881486985454,3307.1785130145436
"C:/Users/kperry/Documents/extreme-weather-ca-heatwave\pvwatts_powerplants\9q5fm0_Portal_Ridge_Solar_B,_LLC_34.71651_-118.282251.csv",60310,244835.02999999997,258301.91783474002,-13466.887834740046
"C:/Users/kperry/Documents/extreme-weather-ca-heatwave\pvwatts_powerplants\9q5fm0_Portal_Ridge_Solar_C,_LLC_34.714777_-118.27427.csv",60311,144012.01,147233.57603138048,-3221.566031380469
C:/Users/kperry/Documents/extreme-weather-ca-heatwave\pvwatts_powerplants\9q5fm0_Radiance_Solar_4_34.665582_-118.288133.csv,58354,16285.029999999999,16167.331852386296,117.69814761370253
C:/Users/kperry/Documents/extreme-weather-ca-heatwave\pvwatts_powerplants\9q5fm0_Radiance_Solar_5_34.664956_-118.286848.csv,58355,16343.04,16167.3834374243,175.65656257570117
C:/Users/kperry/Documents/extreme-weather-ca-heatwave\pvwatts_powerplants\9q5fm0_Rodeo_Solar_C2_34.712088_-118.290546.csv,58751,17849.000000000004,16295.401195776436,1553.5988042235676
C:/Users/kperry/Documents/extreme-weather-ca-heatwave\pvwatts_powerplants\9q5fm0_Rodeo_Solar_D2_34.711913_-118.291986.csv,58752,17623.030000000002,16295.361817364406,1327.6681826355962
C:/Users/kperry/Documents/extreme-weather-ca-heatwave\pvwatts_powerplants\9q5fm0_Rutan_34.64378_-118.162135.csv,58449,18164.04,49371.196033596345,-31207.156033596344
C:/Users/kperry/Documents/extreme-weather-ca-heatwave\pvwatts_powerplants\9q5fm0_San_Pablo_Raceway_34.722176_-118.28079.csv,62004,920564.0,1033315.1869298286,-112751.1869298286
C:/Users/kperry/Documents/extreme-weather-ca-heatwave\pvwatts_powerplants\9q5fm0_SEPV_18_34.613611_-117.936188.csv,59730,26137.059999999994,26067.166648059087,69.89335194090745
C:/Users/kperry/Documents/extreme-weather-ca-heatwave\pvwatts_powerplants\9q5fm0_SEPV_1_34.618626_-117.939522.csv,58073,20569.020000000004,26066.407692364497,-5497.387692364493
C:/Users/kperry/Documents/extreme-weather-ca-heatwave\pvwatts_powerplants\9q5fm0_SEPV_Palmdale_East_34.612272_-117.939586.csv,59273,128564.05,130076.0954593599,-1512.0454593598988
C:/Users/kperry/Documents/extreme-weather-ca-heatwave\pvwatts_powerplants\9q5fm0_Sierra_Solar_Greenworks_34.698237_-118.337643.csv,59431,203290.99,216054.83350577176,-12763.843505771772
"C:/Users/kperry/Documents/extreme-weather-ca-heatwave\pvwatts_powerplants\9q5fm0_Solar_Oasis,_LLC_34.649011_-118.084924.csv",59528,269771.02999999997,256939.49660432612,12831.533395673847
C:/Users/kperry/Documents/extreme-weather-ca-heatwave\pvwatts_powerplants\9q5fm0_Solar_Star_1_34.814214_-118.388961.csv,58388,4413068.0,4080863.1478918116,332204.85210818844
"C:/Users/kperry/Documents/extreme-weather-ca-heatwave\pvwatts_powerplants\9q5fm0_Solar_Star_California,_XLIV,_LLC_34.511888_-117.916406.csv",60869,123529.04000000001,124726.1153124008,-1197.0753124007897
C:/Users/kperry/Documents/extreme-weather-ca-heatwave\pvwatts_powerplants\9q5fm0_Solverde_1_34.655834_-118.294219.csv,60185,1094988.0,1097836.336366936,-2848.336366936099
C:/Users/kperry/Documents/extreme-weather-ca-heatwave\pvwatts_powerplants\9q5fm0_Summer_North_Solar_34.727542_-118.296354.csv,58757,71499.06000000001,70503.14095215713,995.9190478428791
"C:/Users/kperry/Documents/extreme-weather-ca-heatwave\pvwatts_powerplants\9q5fm0_Summer_Solar,_LLC_34.714915_-118.311318.csv",60280,286273.04,258302.65643712712,27970.383562872856
C:/Users/kperry/Documents/extreme-weather-ca-heatwave\pvwatts_powerplants\9q5fm0_Summer_Solar_A2_34.723656_-118.293789.csv,58753,18932.05,16295.15524422321,2636.8947557767897
C:/Users/kperry/Documents/extreme-weather-ca-heatwave\pvwatts_powerplants\9q5fm0_Summer_Solar_B2_34.723645_-118.29251.csv,58754,18537.009999999995,16295.190376432069,2241.819623567926
C:/Users/kperry/Documents/extreme-weather-ca-heatwave\pvwatts_powerplants\9q5fm0_Summer_Solar_C2_34.723647_-118.291641.csv,58755,17243.03,16295.209502058264,947.8204979417351
C:/Users/kperry/Documents/extreme-weather-ca-heatwave\pvwatts_powerplants\9q5fm0_Summer_Solar_D2_34.723625_-118.290664.csv,58756,10231.04,10863.493015205433,-632.4530152054322
"C:/Users/kperry/Documents/extreme-weather-ca-heatwave\pvwatts_powerplants\9q5fm0_TA-Acacia,_LLC_34.69278_-118.327867.csv",59443,274507.02999999997,253813.06388907426,20693.966110925714
"C:/Users/kperry/Documents/extreme-weather-ca-heatwave\pvwatts_powerplants\9q5fm0_TA-High_Desert,_LLC_34.707428_-118.304671.csv",58149,254136.05,258313.17632184725,-4177.1263218472595
C:/Users/kperry/Documents/extreme-weather-ca-heatwave\pvwatts_powerplants\9q5fm0_US-TOPCO_(Soccer_Center)_34.661601_-118.086905.csv,60086,37141.02,32174.60275885103,4966.417241148967
C:/Users/kperry/Documents/extreme-weather-ca-heatwave\pvwatts_powerplants\9q5fm0_Vinam_34.669019_-118.061156.csv,58450,17868.989999999998,18568.10470126597,-699.1147012659712
C:/Users/kperry/Documents/extreme-weather-ca-heatwave\pvwatts_powerplants\9q5fm0_Western_Antelope_Blue_Sky_B_34.727199_-118.313086.csv,59961,275859.04,258285.51978012623,17573.520219873753
C:/Users/kperry/Documents/extreme-weather-ca-heatwave\pvwatts_powerplants\9q5fm0_Western_Antelope_Blue_Sky_Ranch_A_34.687307_-118.319773.csv,58626,249523.02,257042.07343531717,-7519.053435317182
C:/Users/kperry/Documents/extreme-weather-ca-heatwave\pvwatts_powerplants\9q5fm0_Western_Antelope_Dry_Ranch_34.72545_-118.308755.csv,58627,131761.02000000002,129143.97030170188,2617.049698298142
C:/Users/kperry/Documents/extreme-weather-ca-heatwave\pvwatts_powerplants\9q5fm0_Weymouth_Solar_Plant_34.108438_-117.785098.csv,60255,26922.020000000004,35679.08459648761,-8757.06459648761
C:/Users/kperry/Documents/extreme-weather-ca-heatwave\pvwatts_powerplants\9q5sgb_California_State_Univ_at_Channel_Islands_34.168862_-119.053959.csv,64403,6986.02,17807.25603885842,-10821.23603885842
C:/Users/kperry/Documents/extreme-weather-ca-heatwave\pvwatts_powerplants\9q613c_Atascadero_State_Hospital_35.4706_-120.634865.csv,64523,5066.01,8375.99073675757,-3309.9807367575704
C:/Users/kperry/Documents/extreme-weather-ca-heatwave\pvwatts_powerplants\9q613c_CA-DGS-California_Men's_Colony_35.321552_-120.69217.csv,65523,0.0,4673.817876886809,-4673.817876886809
C:/Users/kperry/Documents/extreme-weather-ca-heatwave\pvwatts_powerplants\9q613c_California_Valley_Solar_Ranch_35.317457_-119.925656.csv,57439,3071991.05,3141551.740739857,-69560.69073985703
C:/Users/kperry/Documents/extreme-weather-ca-heatwave\pvwatts_powerplants\9q613c_Firestone_Walker_Brewery-Phase_1_35.596047_-120.689531.csv,64391,6595.04,12064.993711090665,-5469.953711090665
C:/Users/kperry/Documents/extreme-weather-ca-heatwave\pvwatts_powerplants\9q613c_Stenner_Creek_Solar_35.319611_-120.69101.csv,61607,47669.03,55344.64714900535,-7675.617149005353
C:/Users/kperry/Documents/extreme-weather-ca-heatwave\pvwatts_powerplants\9q613c_Topaz_Solar_Farm_35.368633_-120.03261.csv,57695,6396363.0,6198811.575465672,197551.42453432828
C:/Users/kperry/Documents/extreme-weather-ca-heatwave\pvwatts_powerplants\9q613c_Vintner_Solar_35.557914_-120.681818.csv,58509,20631.059999999998,18570.819908938396,2060.2400910616016
C:/Users/kperry/Documents/extreme-weather-ca-heatwave\pvwatts_powerplants\9q713t_Adobe_Solar_35.103963_-118.954207.csv,57651,233841.99,232649.43900018002,1192.5509998199705
"C:/Users/kperry/Documents/extreme-weather-ca-heatwave\pvwatts_powerplants\9q713t_Algonquin_SKIC_10_Solar,_LLC_35.127755_-119.249344.csv",60242,99334.06,118508.5193131921,-19174.4593131921
"C:/Users/kperry/Documents/extreme-weather-ca-heatwave\pvwatts_powerplants\9q713t_Algonquin_SKIC_20_Solar,_LLC_35.1246_-119.240648.csv",59412,237611.03000000003,261080.64982827258,-23469.619828272553
C:/Users/kperry/Documents/extreme-weather-ca-heatwave\pvwatts_powerplants\9q713t_Bakersfield_111_35.31479_-118.988977.csv,59948,12797.039999999999,16629.843105162978,-3832.8031051629787
C:/Users/kperry/Documents/extreme-weather-ca-heatwave\pvwatts_powerplants\9q713t_Bakersfield_Industrial_PV_1_35.329997_-118.993189.csv,61118,10756.04,9946.069456554424,809.9705434455773
C:/Users/kperry/Documents/extreme-weather-ca-heatwave\pvwatts_powerplants\9q713t_Bakersfield_PV_1_35.3268_-118.978771.csv,61117,49376.01,62358.191267724666,-12982.181267724663
C:/Users/kperry/Documents/extreme-weather-ca-heatwave\pvwatts_powerplants\9q713t_Beacon_Solar_Plant_Site_2_35.259453_-117.998736.csv,59309,630250.0,579966.1208002805,50283.87919971952
C:/Users/kperry/Documents/extreme-weather-ca-heatwave\pvwatts_powerplants\9q713t_Beacon_Solar_Plant_Site_5_35.247032_-118.034774.csv,59308,501081.0,464002.5558344813,37078.44416551868
"C:/Users/kperry/Documents/extreme-weather-ca-heatwave\pvwatts_powerplants\9q713t_BigBeau_Solar,_LLC_34.915421_-118.35518.csv",64993,358508.09,347028.0532794106,11480.036720589444
C:/Users/kperry/Documents/extreme-weather-ca-heatwave\pvwatts_powerplants\9q713t_Blackwell_Solar_Park_35.608789_-119.844433.csv,59524,183649.02000000002,193763.96555677865,-10114.945556778635
"C:/Users/kperry/Documents/extreme-weather-ca-heatwave\pvwatts_powerplants\9q713t_Calibrant_Bakersfield,_LLC_35.442009_-119.093343.csv",65564,2176.02,3171.9184659385264,-995.8984659385264
C:/Users/kperry/Documents/extreme-weather-ca-heatwave\pvwatts_powerplants\9q713t_California_City_35.157379_-117.983395.csv,63516,21707.02,24791.86706434039,-3084.847064340389
C:/Users/kperry/Documents/extreme-weather-ca-heatwave\pvwatts_powerplants\9q713t_Cal_City_Solar_1_35.141539_-117.964708.csv,63054,23745.01,31486.699764802433,-7741.689764802435
C:/Users/kperry/Documents/extreme-weather-ca-heatwave\pvwatts_powerplants\9q713t_Castor_Solar_35.21097_-119.387524.csv,60277,13905.029999999999,15329.111700142148,-1424.0817001421492
"C:/Users/kperry/Documents/extreme-weather-ca-heatwave\pvwatts_powerplants\9q713t_Catalina_Solar,_LLC_34.929474_-118.333067.csv",57708,1280713.06,1205796.463763544,74916.59623645595
"C:/Users/kperry/Documents/extreme-weather-ca-heatwave\pvwatts_powerplants\9q713t_Catalina_Solar_2,_LLC_34.926989_-118.357016.csv",59334,251628.02000000002,244233.64463301774,7394.375366982276
C:/Users/kperry/Documents/extreme-weather-ca-heatwave\pvwatts_powerplants\9q713t_CDCR_(CA)-Wasco_State_Prison_35.590887_-119.404787.csv,61621,16719.03,17763.74714343158,-1044.7171434315824
C:/Users/kperry/Documents/extreme-weather-ca-heatwave\pvwatts_powerplants\9q713t_Chevron-Lost_Hills_Hybrid_35.609422_-119.7013.csv,63545,205425.0,209481.6278018496,-4056.627801849594
C:/Users/kperry/Documents/extreme-weather-ca-heatwave\pvwatts_powerplants\9q713t_Coronal_Lost_Hills_35.727086_-119.905588.csv,59638,248379.02,239950.59968710356,8428.42031289643
"C:/Users/kperry/Documents/extreme-weather-ca-heatwave\pvwatts_powerplants\9q713t_Cottonwood_Solar,_LLC_(Goose_Lake)_35.590715_-119.576132.csv",59086,163970.02000000002,142280.03411086486,21689.98588913516
"C:/Users/kperry/Documents/extreme-weather-ca-heatwave\pvwatts_powerplants\9q713t_Cuyama_Solar,_LLC_34.901577_-119.590942.csv",60043,476721.0,507202.4387154521,-30481.438715452095
C:/Users/kperry/Documents/extreme-weather-ca-heatwave\pvwatts_powerplants\9q713t_Delano_Land_1_35.759177_-119.348351.csv,61116,9133.06,11806.56727937507,-2673.5072793750696
C:/Users/kperry/Documents/extreme-weather-ca-heatwave\pvwatts_powerplants\9q713t_EAFB-North_Base_34.982066_-117.892042.csv,59132,12558.03,14571.0250033656,-2012.9950033655987
C:/Users/kperry/Documents/extreme-weather-ca-heatwave\pvwatts_powerplants\9q713t_Eagle_Creek_35.213746_-119.39509.csv,63078,24967.040000000005,29028.46847680122,-4061.428476801215
C:/Users/kperry/Documents/extreme-weather-ca-heatwave\pvwatts_powerplants\9q713t_Edwards_Air_Force_Base_34.907637_-117.920591.csv,58076,8811.05,39409.746268938,-30598.696268937998
C:/Users/kperry/Documents/extreme-weather-ca-heatwave\pvwatts_powerplants\9q713t_Edwards_Sanborn_E1A_34.96308_-118.096328.csv,64878,58888.0,793206.3698468413,-734318.3698468413
C:/Users/kperry/Documents/extreme-weather-ca-heatwave\pvwatts_powerplants\9q713t_Edwards_Sanborn_E2_34.944318_-118.087282.csv,64879,350736.0,735180.0009509015,-384444.00095090154
C:/Users/kperry/Documents/extreme-weather-ca-heatwave\pvwatts_powerplants\9q713t_Edwards_Sanborn_E3_34.942287_-118.135456.csv,64877,61698.0,146181.96951619125,-84483.96951619125
C:/Users/kperry/Documents/extreme-weather-ca-heatwave\pvwatts_powerplants\9q713t_Edwards_Sanborn_S1_35.018581_-118.124089.csv,64929,94005.0,237011.3758745031,-143006.3758745031
C:/Users/kperry/Documents/extreme-weather-ca-heatwave\pvwatts_powerplants\9q713t_Edwards_Sanborn_S3_34.991851_-118.100955.csv,64928,80225.0,100836.99478603464,-20611.994786034644
C:/Users/kperry/Documents/extreme-weather-ca-heatwave\pvwatts_powerplants\9q713t_Edwards_Sanborn_S4_34.973444_-118.08851.csv,65677,10129.0,110100.8967587254,-99971.8967587254
C:/Users/kperry/Documents/extreme-weather-ca-heatwave\pvwatts_powerplants\9q713t_Gaskell_West_1_Solar_Facility_34.836923_-118.550114.csv,61445,257227.99000000002,260419.1134175845,-3191.1234175844875
"C:/Users/kperry/Documents/extreme-weather-ca-heatwave\pvwatts_powerplants\9q713t_Golden_Fields_Solar_I,_LLC_34.840448_-118.391134.csv",60590,703043.0,703771.7932964249,-728.7932964249048
"C:/Users/kperry/Documents/extreme-weather-ca-heatwave\pvwatts_powerplants\9q713t_Golden_Field_Solar_III,_LLC_34.830055_-118.371047.csv",63859,1162471.0,1502210.2527037684,-339739.25270376843
C:/Users/kperry/Documents/extreme-weather-ca-heatwave\pvwatts_powerplants\9q713t_Hayworth_Solar_35.328168_-118.82064.csv,59009,279683.02,315861.09013708256,-36178.07013708254
C:/Users/kperry/Documents/extreme-weather-ca-heatwave\pvwatts_powerplants\9q713t_Hecate_Energy_Beacon_Solar_1_35.268579_-118.014746.csv,59315,702902.0,722366.5529905419,-19464.55299054191
C:/Users/kperry/Documents/extreme-weather-ca-heatwave\pvwatts_powerplants\9q713t_Hecate_Energy_Beacon_Solar_3_35.248541_-118.009058.csv,59316,700103.0,721778.0529308637,-21675.05293086369
C:/Users/kperry/Documents/extreme-weather-ca-heatwave\pvwatts_powerplants\9q713t_Hecate_Energy_Beacon_Solar_4_35.251895_-118.025072.csv,59317,620964.0,644431.8808739672,-23467.880873967195
C:/Users/kperry/Documents/extreme-weather-ca-heatwave\pvwatts_powerplants\9q713t_Improvement_Dst_No._4_35.402755_-119.038053.csv,57895,4123.009999999999,11010.211609498429,-6887.201609498429
"C:/Users/kperry/Documents/extreme-weather-ca-heatwave\pvwatts_powerplants\9q713t_Kingbird_A_Solar,_LLC_34.824081_-118.441196.csv",59868,290188.04,259582.0177836377,30606.022216362267
"C:/Users/kperry/Documents/extreme-weather-ca-heatwave\pvwatts_powerplants\9q713t_Kingbird_B_Solar,_LLC_34.820843_-118.441155.csv",60091,289220.00999999995,259586.5307146756,29633.47928532434
C:/Users/kperry/Documents/extreme-weather-ca-heatwave\pvwatts_powerplants\9q713t_Lost_Hills_Blackwell_35.625756_-119.854284.csv,58711,437876.01000000007,386652.7855215585,51223.22447844158
"C:/Users/kperry/Documents/extreme-weather-ca-heatwave\pvwatts_powerplants\9q713t_Maricopa_West_Solar_PV,_LLC_35.112311_-119.326746.csv",59607,216067.03,237036.66892811516,-20969.638928115164
C:/Users/kperry/Documents/extreme-weather-ca-heatwave\pvwatts_powerplants\9q713t_Morelos_del_Sol_35.728102_-119.896814.csv,60007,179894.05000000002,179975.92156057066,-81.8715605706384
C:/Users/kperry/Documents/extreme-weather-ca-heatwave\pvwatts_powerplants\9q713t_Naval_Air_Weapons_Station_China_Lake_35.634879_-117.652331.csv,57764,125342.99999999999,142961.20827817867,-17618.20827817869
C:/Users/kperry/Documents/extreme-weather-ca-heatwave\pvwatts_powerplants\9q713t_Nickel_1_Solar_Facility_35.647639_-119.716317.csv,58034,12526.07,15158.672820478376,-2632.602820478376
C:/Users/kperry/Documents/extreme-weather-ca-heatwave\pvwatts_powerplants\9q713t_North_Kern_State_Prison_Phase_II_35.777221_-119.308162.csv,63651,30850.0,47222.32558163819,-16372.325581638193
C:/Users/kperry/Documents/extreme-weather-ca-heatwave\pvwatts_powerplants\9q713t_Orion_Solar_II_35.148877_-118.885279.csv,58721,79056.07000000002,94978.60715007853,-15922.537150078511
C:/Users/kperry/Documents/extreme-weather-ca-heatwave\pvwatts_powerplants\9q713t_Orion_Solar_I_35.146166_-118.887207.csv,58718,184036.06,142469.87973287015,41566.18026712985
C:/Users/kperry/Documents/extreme-weather-ca-heatwave\pvwatts_powerplants\9q713t_Pine_Tree_Solar_Project_35.229696_-118.193516.csv,57306,58509.079999999994,96682.57495864308,-38173.49495864308
C:/Users/kperry/Documents/extreme-weather-ca-heatwave\pvwatts_powerplants\9q713t_Pumpjack_Solar_I_35.416024_-119.638251.csv,59322,245410.02000000002,238916.693737432,6493.326262568007
"C:/Users/kperry/Documents/extreme-weather-ca-heatwave\pvwatts_powerplants\9q713t_Rabbitbrush_Solar,_LLC_34.873741_-118.353732.csv",64630,50232.0,265643.6468361514,-215411.64683615143
C:/Users/kperry/Documents/extreme-weather-ca-heatwave\pvwatts_powerplants\9q713t_Redcrest_Solar_Farm_35.321135_-118.812196.csv,58831,174491.02,197390.5928199413,-22899.5728199413
C:/Users/kperry/Documents/extreme-weather-ca-heatwave\pvwatts_powerplants\9q713t_Redwood_4_Solar_Farm_35.315109_-118.811155.csv,60490,298919.01000000007,236970.7508888204,61948.25911117968
C:/Users/kperry/Documents/extreme-weather-ca-heatwave\pvwatts_powerplants\9q713t_Regulus_Solar_Project_35.299856_-118.846316.csv,57650,784692.03,710304.8206009842,74387.20939901588
C:/Users/kperry/Documents/extreme-weather-ca-heatwave\pvwatts_powerplants\9q713t_RE_Astoria_2_34.829497_-118.470955.csv,59977,1127709.0,976619.2531476407,151089.74685235927
C:/Users/kperry/Documents/extreme-weather-ca-heatwave\pvwatts_powerplants\9q713t_RE_Astoria_34.844248_-118.446156.csv,59976,1448526.0,1303126.91052558,145399.08947442006
C:/Users/kperry/Documents/extreme-weather-ca-heatwave\pvwatts_powerplants\9q713t_RE_Barren_Ridge_1_35.205168_-118.069512.csv,60389,849692.9999999999,818694.8942468388,30998.10575316113
"C:/Users/kperry/Documents/extreme-weather-ca-heatwave\pvwatts_powerplants\9q713t_RE_Camelot,_LLC_35.02331_-118.172402.csv",58983,614371.04,591689.568081107,22681.471918893047
"C:/Users/kperry/Documents/extreme-weather-ca-heatwave\pvwatts_powerplants\9q713t_RE_Columbia_3,_LLC_35.017969_-118.171566.csv",58502,114590.04999999999,131490.49762631065,-16900.447626310663
"C:/Users/kperry/Documents/extreme-weather-ca-heatwave\pvwatts_powerplants\9q713t_RE_Columbia_Two,_LLC_35.012711_-118.182571.csv",58990,206189.03,197241.19184232753,8947.838157672464
C:/Users/kperry/Documents/extreme-weather-ca-heatwave\pvwatts_powerplants\9q713t_RE_Garland_34.822187_-118.527993.csv,60233,2421838.0599999996,2343963.999506768,77874.06049323175
C:/Users/kperry/Documents/extreme-weather-ca-heatwave\pvwatts_powerplants\9q713t_RE_Garland_A_34.821143_-118.497643.csv,60386,288361.0,260443.12637863847,27917.873621361534
"C:/Users/kperry/Documents/extreme-weather-ca-heatwave\pvwatts_powerplants\9q713t_RE_Gaskell_West_5,_LLC_34.84588_-118.543361.csv",61449,0.0,262100.79240405333,-262100.79240405333
"C:/Users/kperry/Documents/extreme-weather-ca-heatwave\pvwatts_powerplants\9q713t_RE_Old_River_One,_LLC_35.218894_-119.0791.csv",58986,238072.96999999997,232426.22626640814,5646.743733591837
"C:/Users/kperry/Documents/extreme-weather-ca-heatwave\pvwatts_powerplants\9q713t_RE_Rio_Grande_Solar,_LLC_35.048908_-118.163909.csv",58500,52306.04,65829.03184204164,-13522.991842041643
"C:/Users/kperry/Documents/extreme-weather-ca-heatwave\pvwatts_powerplants\9q713t_RE_Rosamond_One,_LLC_34.904113_-118.251246.csv",58498,290179.01999999996,262609.9366076097,27569.083392390283
"C:/Users/kperry/Documents/extreme-weather-ca-heatwave\pvwatts_powerplants\9q713t_RE_Rosamond_Two,_LLC_34.903488_-118.242989.csv",58499,222396.03999999998,262787.5115946271,-40391.47159462713
"C:/Users/kperry/Documents/extreme-weather-ca-heatwave\pvwatts_powerplants\9q713t_Rio_Bravo_Solar_1,_LLC_35.415837_-119.629409.csv",59249,241446.98,232944.0378384452,8502.94216155482
"C:/Users/kperry/Documents/extreme-weather-ca-heatwave\pvwatts_powerplants\9q713t_Rio_Bravo_Solar_II,_LLC_35.423854_-119.628933.csv",59250,244174.02000000002,232935.1058805224,11238.914119477617
C:/Users/kperry/Documents/extreme-weather-ca-heatwave\pvwatts_powerplants\9q713t_SEPV_Mojave_West_35.020441_-118.278367.csv,59740,276896.05,264456.96422080597,12439.085779194022
"C:/Users/kperry/Documents/extreme-weather-ca-heatwave\pvwatts_powerplants\9q713t_Shafter_Solar,_LLC_35.450699_-119.127026.csv",59408,253880.00000000003,239162.24019314742,14717.759806852613
C:/Users/kperry/Documents/extreme-weather-ca-heatwave\pvwatts_powerplants\9q713t_Solar_Star_2_34.829726_-118.441152.csv,58389,3861350.0,3627551.8622528897,233798.13774711033
"C:/Users/kperry/Documents/extreme-weather-ca-heatwave\pvwatts_powerplants\9q713t_Solar_Star_California,_XLI,_LLC_34.830259_-118.392372.csv",60591,698079.0,700851.2863983581,-2772.286398358061
C:/Users/kperry/Documents/extreme-weather-ca-heatwave\pvwatts_powerplants\9q713t_Springbok_3_Solar_Farm_Hybrid_35.283293_-118.010494.csv,60491,828065.0,929556.6436936778,-101491.64369367785
C:/Users/kperry/Documents/extreme-weather-ca-heatwave\pvwatts_powerplants\9q713t_Springbok_Solar_Farm_1_35.251658_-117.956571.csv,59532,1485453.03,1353177.9782209664,132275.05177903362
C:/Users/kperry/Documents/extreme-weather-ca-heatwave\pvwatts_powerplants\9q713t_Springbok_Solar_Farm_2_35.24881_-117.973623.csv,59840,2069891.0299999998,1997577.1529651154,72313.87703488441
"C:/Users/kperry/Documents/extreme-weather-ca-heatwave\pvwatts_powerplants\9q713t_Valentine_Solar,_LLC_34.91039_-118.391826.csv",62288,785131.0,1164166.6273192829,-379035.62731928285
C:/Users/kperry/Documents/extreme-weather-ca-heatwave\pvwatts_powerplants\9q713t_Vandenberg_Solar_Project_34.745094_-120.510241.csv,61463,215997.01,255424.17825195674,-39427.168251956726
"C:/Users/kperry/Documents/extreme-weather-ca-heatwave\pvwatts_powerplants\9q713t_Wildwood_Solar_I,_LLC_35.61905_-119.568936.csv",59380,237206.05,237101.8834396922,104.1665603077854
C:/Users/kperry/Documents/extreme-weather-ca-heatwave\pvwatts_powerplants\9q713t_Wildwood_Solar_II_35.631892_-119.576691.csv,59253,190090.04,175206.23271790845,14883.807282091555
"C:/Users/kperry/Documents/extreme-weather-ca-heatwave\pvwatts_powerplants\9q713t_Willow_Spring_Solar,_LLC_34.825924_-118.332041.csv",60324,1052316.0,1041699.9033879739,10616.0966120261
"C:/Users/kperry/Documents/extreme-weather-ca-heatwave\pvwatts_powerplants\9q713t_Windhub_Solar_A,_LLC_35.021659_-118.28987.csv",59878,145689.0,211706.49786313777,-66017.49786313777
C:/Users/kperry/Documents/extreme-weather-ca-heatwave\pvwatts_powerplants\9q713t_Wonderful_Huller_&_Shellling_35.575751_-119.786573.csv,65277,6389.620000000001,7358.6160538964305,-968.9960538964297
C:/Users/kperry/Documents/extreme-weather-ca-heatwave\pvwatts_powerplants\9q713t_Wonderful_Lost_Hills_35.668165_-119.876218.csv,65278,53382.04,81455.49103617748,-28073.45103617748
C:/Users/kperry/Documents/extreme-weather-ca-heatwave\pvwatts_powerplants\9q713t_Wonderful_Orchards-Belridge_35.501224_-119.748744.csv,64221,20231.010000000002,36184.790232801424,-15953.780232801422
C:/Users/kperry/Documents/extreme-weather-ca-heatwave\pvwatts_powerplants\9q713t_Wonderful_Orchards-Westside_35.734373_-119.732276.csv,64220,17820.010000000002,24044.423141252675,-6224.413141252673
C:/Users/kperry/Documents/extreme-weather-ca-heatwave\pvwatts_powerplants\9q713t_Woodmere_Solar_Farm_35.323547_-118.820816.csv,59008,175875.00999999998,177601.91710597748,-1726.9071059775015
C:/Users/kperry/Documents/extreme-weather-ca-heatwave\pvwatts_powerplants\9q8yqr_Sunset_Reservoir_North_Basin_37.750828_-122.483522.csv,57559,32629.07,37516.18522293452,-4887.115222934517
"C:/Users/kperry/Documents/extreme-weather-ca-heatwave\pvwatts_powerplants\9q92vz_CA_Flats_Solar_130,_LLC_35.872013_-120.339384.csv",60033,1679952.0,1600415.0668649168,79536.93313508318
"C:/Users/kperry/Documents/extreme-weather-ca-heatwave\pvwatts_powerplants\9q92vz_CA_Flats_Solar_150,_LLC_35.829895_-120.294871.csv",60034,1416568.0,1486849.8427646172,-70281.84276461718
C:/Users/kperry/Documents/extreme-weather-ca-heatwave\pvwatts_powerplants\9q92vz_D'Arrigo_Brothers-Phase_4_36.614777_-121.634165.csv,63486,15207.02,16270.674492349268,-1063.6544923492675
"C:/Users/kperry/Documents/extreme-weather-ca-heatwave\pvwatts_powerplants\9q92vz_Enerparc_CA1,_LLC_36.831899_-121.404082.csv",59122,16562.01,15254.69181979132,1307.3181802086783
C:/Users/kperry/Documents/extreme-weather-ca-heatwave\pvwatts_powerplants\9q92vz_Graniterock_Quarry_36.875559_-121.603662.csv,65485,2538.0,8950.254745602178,-6412.254745602178
"C:/Users/kperry/Documents/extreme-weather-ca-heatwave\pvwatts_powerplants\9q92vz_Hollister_Solar,_LLC_36.862421_-121.428902.csv",59268,19940.04,17723.897822865725,2216.1421771342757
C:/Users/kperry/Documents/extreme-weather-ca-heatwave\pvwatts_powerplants\9q92vz_Monterey_Regional_Water_Pollution_Control_Agency_36.708224_-121.76899.csv,58633,6191.020000000001,10690.324073776821,-4499.30407377682
C:/Users/kperry/Documents/extreme-weather-ca-heatwave\pvwatts_powerplants\9q92vz_Panoche_Valley_Solar_Farm_36.629772_-120.891311.csv,57340,1592247.0,1737143.6654079657,-144896.66540796566
C:/Users/kperry/Documents/extreme-weather-ca-heatwave\pvwatts_powerplants\9q9fy1_2097_Helton_Solar_Project_37.350917_-120.50723.csv,58920,15773.02,17368.649656047564,-1595.629656047564
C:/Users/kperry/Documents/extreme-weather-ca-heatwave\pvwatts_powerplants\9q9fy1_Merced_1_PV_36.989439_-120.878325.csv,61420,31272.040000000005,35677.88583299061,-4405.8458329906025
"C:/Users/kperry/Documents/extreme-weather-ca-heatwave\pvwatts_powerplants\9q9fy1_Merced_Solar,_LLC_37.268698_-120.483314.csv",59265,18913.989999999998,17300.96588233581,1613.0241176641866
"C:/Users/kperry/Documents/extreme-weather-ca-heatwave\pvwatts_powerplants\9q9fy1_Mission_Solar,_LLC_37.267336_-120.483318.csv",59267,19060.039999999997,17301.074821533468,1758.9651784665293
C:/Users/kperry/Documents/extreme-weather-ca-heatwave\pvwatts_powerplants\9q9fy1_Quinto_Solar_PV_Project_37.120708_-121.038838.csv,59339,1365812.0200000003,1247439.8369111614,118372.18308883882
C:/Users/kperry/Documents/extreme-weather-ca-heatwave\pvwatts_powerplants\9q9fy1_Sun_Harvest_Solar_NDP1_37.057787_-120.649009.csv,59687,13347.000000000002,17615.043755403407,-4268.043755403405
C:/Users/kperry/Documents/extreme-weather-ca-heatwave\pvwatts_powerplants\9q9fy1_Vega_Solar_36.928591_-120.805293.csv,59555,240687.02999999997,237921.0384464911,2765.9915535088803
C:/Users/kperry/Documents/extreme-weather-ca-heatwave\pvwatts_powerplants\9q9fy1_Wright_Solar_Park_37.018864_-120.961889.csv,59525,1472332.0,1955548.4323293555,-483216.4323293555
C:/Users/kperry/Documents/extreme-weather-ca-heatwave\pvwatts_powerplants\9q9hq4_Guadalupe_Solar_Farm_37.268874_-121.861077.csv,62690,11832.040000000003,16194.821453153018,-4362.781453153015
C:/Users/kperry/Documents/extreme-weather-ca-heatwave\pvwatts_powerplants\9q9hq4_Hellyer_Solar_Farm_37.286885_-121.814147.csv,62689,15687.99,20788.02137713913,-5100.031377139132
C:/Users/kperry/Documents/extreme-weather-ca-heatwave\pvwatts_powerplants\9q9hq4_Malech_Solar_Farm_37.228465_-121.738711.csv,62688,22585.010000000002,29696.964881494725,-7111.954881494723
C:/Users/kperry/Documents/extreme-weather-ca-heatwave\pvwatts_powerplants\9q9m24_City_of_Hayward_WWTP_37.633492_-122.139854.csv,58525,15181.979999999998,18640.309354964196,-3458.3293549641985
"C:/Users/kperry/Documents/extreme-weather-ca-heatwave\pvwatts_powerplants\9q9m24_Whitethorn_Solar,_LLC_37.69203_-121.717394.csv",60193,30218.039999999997,32449.631578346623,-2231.591578346626
C:/Users/kperry/Documents/extreme-weather-ca-heatwave\pvwatts_powerplants\9q9wtp_Bear_Creek_Solar_38.135935_-121.148813.csv,58508,18924.03,17575.668354468075,1348.3616455319243
C:/Users/kperry/Documents/extreme-weather-ca-heatwave\pvwatts_powerplants\9q9wtp_Foothill_Sanitary_Landfill-Solar_Array_38.042111_-120.936076.csv,65089,17595.01,16477.72054574645,1117.2894542535469
C:/Users/kperry/Documents/extreme-weather-ca-heatwave\pvwatts_powerplants\9q9wtp_Kettleman_Solar_Project_38.121389_-121.140603.csv,58510,12864.019999999999,11649.288963879775,1214.7310361202235
C:/Users/kperry/Documents/extreme-weather-ca-heatwave\pvwatts_powerplants\9q9wtp_Manteca_Land_PV_37.840203_-121.215228.csv,61115,9327.99,9836.880939037548,-508.8909390375484
C:/Users/kperry/Documents/extreme-weather-ca-heatwave\pvwatts_powerplants\9qbbed_Silveira_Ranch_Road_Solar_38.156019_-122.566002.csv,63762,10367.010000000002,12283.69915675673,-1916.6891567567272
C:/Users/kperry/Documents/extreme-weather-ca-heatwave\pvwatts_powerplants\9qbcde_American_Canyon_Solar_38.160723_-122.213851.csv,62687,22382.03,28292.73349861039,-5910.70349861039
C:/Users/kperry/Documents/extreme-weather-ca-heatwave\pvwatts_powerplants\9qbcde_Soscol_Ferry_Solar_38.237461_-122.275553.csv,63761,10648.029999999999,14162.013178407651,-3513.9831784076523
C:/Users/kperry/Documents/extreme-weather-ca-heatwave\pvwatts_powerplants\9qben2_Cloverdale_Solar_Center_38.769502_-123.020736.csv,60813,8319.01,9196.301546282653,-877.2915462826531
C:/Users/kperry/Documents/extreme-weather-ca-heatwave\pvwatts_powerplants\9qben2_Cloverdale_Solar_I_38.774443_-123.017277.csv,58949,5539.010000000001,14604.874563734871,-9065.86456373487
"C:/Users/kperry/Documents/extreme-weather-ca-heatwave\pvwatts_powerplants\9qben2_Dissigno_Healdsburg_FPV,_LLC_38.583694_-122.864523.csv",64308,12364.0,13664.780959757183,-1300.7809597571832
C:/Users/kperry/Documents/extreme-weather-ca-heatwave\pvwatts_powerplants\9qben2_Lavio_Solar_38.194832_-122.663198.csv,61792,9956.050000000001,10097.027115148694,-140.97711514869297
C:/Users/kperry/Documents/extreme-weather-ca-heatwave\pvwatts_powerplants\9qben2_Stage_Gulch_Solar_38.21671_-122.542807.csv,61791,8809.01,8061.180167830096,747.829832169904
C:/Users/kperry/Documents/extreme-weather-ca-heatwave\pvwatts_powerplants\9qben2_Windsor_Floating_Solar_38.539113_-122.815051.csv,62902,5715.0,8504.076239422657,-2789.0762394226567
C:/Users/kperry/Documents/extreme-weather-ca-heatwave\pvwatts_powerplants\9qc0p1_Bio-Rad_38.025122_-122.274498.csv,63189,4425.0199999999995,14378.953033198633,-9953.933033198635
C:/Users/kperry/Documents/extreme-weather-ca-heatwave\pvwatts_powerplants\9qc0p1_Byron_Highway_Solar_37.847138_-121.616824.csv,64471,1524.6,24064.231263603404,-22539.631263603405
C:/Users/kperry/Documents/extreme-weather-ca-heatwave\pvwatts_powerplants\9qc0p1_California_PV_Energy_at_ISD_WWTP_38.00172_-121.703675.csv,59283,7252.0,10174.163674086172,-2922.1636740861723
"C:/Users/kperry/Documents/extreme-weather-ca-heatwave\pvwatts_powerplants\9qc0p1_Columbia_Solar_Energy,_LLC_38.019462_-121.86437.csv",59979,167069.01000000004,192251.437562674,-25182.427562673955
C:/Users/kperry/Documents/extreme-weather-ca-heatwave\pvwatts_powerplants\9qc0p1_CSD_2-Freedom_High_37.972281_-121.720347.csv,59129,7123.029999999999,10794.473615761612,-3671.443615761613
C:/Users/kperry/Documents/extreme-weather-ca-heatwave\pvwatts_powerplants\9qc0p1_CSD_2-Heritage_High_37.920586_-121.755782.csv,59130,9686.980000000001,11835.733869429587,-2148.7538694295854
C:/Users/kperry/Documents/extreme-weather-ca-heatwave\pvwatts_powerplants\9qc0p1_Marin_Clean_Energy_Solar_One_37.94522_-122.378508.csv,61013,104534.04000000001,130480.68419010204,-25946.64419010203
C:/Users/kperry/Documents/extreme-weather-ca-heatwave\pvwatts_powerplants\9qc63x_CDCR_(CA)-Solano_State_Prison_38.325498_-121.98267.csv,61619,10887.999999999998,13101.074283635371,-2213.074283635373
C:/Users/kperry/Documents/extreme-weather-ca-heatwave\pvwatts_powerplants\9qc63x_Genentech_Vacaville_Meter_#1_38.386449_-121.948811.csv,60844,59342.04,62011.402572591614,-2669.3625725916136
C:/Users/kperry/Documents/extreme-weather-ca-heatwave\pvwatts_powerplants\9qc63x_Grassland_1&2_Solar_Project_38.500651_-121.692985.csv,58217,19074.000000000004,29320.12429327135,-10246.124293271347
C:/Users/kperry/Documents/extreme-weather-ca-heatwave\pvwatts_powerplants\9qc63x_Grassland_3&4_Solar_Project_38.50153_-121.693001.csv,58204,17968.059999999998,29319.991952298155,-11351.931952298157
C:/Users/kperry/Documents/extreme-weather-ca-heatwave\pvwatts_powerplants\9qc63x_Lake_Herman_38.097105_-122.140918.csv,64676,9812.009999999998,24373.97104591427,-14561.961045914271
C:/Users/kperry/Documents/extreme-weather-ca-heatwave\pvwatts_powerplants\9qc63x_Mariani_Packing_Vacaville_Solar_38.400022_-121.964362.csv,57005,7017.03,9948.63689853127,-2931.6068985312695
C:/Users/kperry/Documents/extreme-weather-ca-heatwave\pvwatts_powerplants\9qc63x_North_Bay_Solar_1_38.301001_-121.965191.csv,58748,10357.059999999998,11889.584429484501,-1532.5244294845033
C:/Users/kperry/Documents/extreme-weather-ca-heatwave\pvwatts_powerplants\9qc63x_Putah_Creek_Solar_Farm_38.520977_-121.994077.csv,59550,24936.03,23618.529867031462,1317.5001329685365
C:/Users/kperry/Documents/extreme-weather-ca-heatwave\pvwatts_powerplants\9qc63x_SunEdison_Anheuser_Busch_Fairfield_38.231937_-122.092698.csv,57010,8026.060000000001,10670.778726766492,-2644.7187267664904
C:/Users/kperry/Documents/extreme-weather-ca-heatwave\pvwatts_powerplants\9qc63x_UC_Davis_South_Campus_38.520096_-121.740353.csv,59872,142010.03,152512.26695600565,-10502.236956005654
C:/Users/kperry/Documents/extreme-weather-ca-heatwave\pvwatts_powerplants\9qc63x_Vacaville_38.400027_-121.962908.csv,59058,8870.01,8351.39696567304,518.6130343269597
C:/Users/kperry/Documents/extreme-weather-ca-heatwave\pvwatts_powerplants\9qc63x_Vaca_Dixon_Solar_Station_38.410856_-121.926425.csv,57041,17756.039999999997,20267.95291991177,-2511.912919911774
C:/Users/kperry/Documents/extreme-weather-ca-heatwave\pvwatts_powerplants\9qc63x_Yolo_County_Solar_Project_38.657468_-121.733703.csv,57422,6137.9800000000005,11577.587489349404,-5439.607489349403
C:/Users/kperry/Documents/extreme-weather-ca-heatwave\pvwatts_powerplants\9qcbq0_Axium_Modesto_Solar_37.736402_-120.988417.csv,58039,310554.01999999996,299418.6205203066,11135.399479693384
C:/Users/kperry/Documents/extreme-weather-ca-heatwave\pvwatts_powerplants\9qcbq0_Central_40_37.248616_-121.108704.csv,63940,182971.0,192438.34728904936,-9467.347289049358
"C:/Users/kperry/Documents/extreme-weather-ca-heatwave\pvwatts_powerplants\9qcbq0_Frontier_Solar,_LLC_37.366707_-121.151644.csv",60039,252911.05000000002,242043.67823958595,10867.37176041407
C:/Users/kperry/Documents/extreme-weather-ca-heatwave\pvwatts_powerplants\9qcbq0_Robert_O_Schulz_Solar_Farm_37.858419_-120.895417.csv,57579,11332.029999999999,15045.921275039931,-3713.891275039932
C:/Users/kperry/Documents/extreme-weather-ca-heatwave\pvwatts_powerplants\9qcbq0_Sonora_1_37.890378_-120.525809.csv,58578,18455.989999999994,17441.516854645648,1014.4731453543463
C:/Users/kperry/Documents/extreme-weather-ca-heatwave\pvwatts_powerplants\9qcem3_Aerojet_II_38.611219_-121.168241.csv,57698,19506.030000000002,29934.76329762196,-10428.733297621959
C:/Users/kperry/Documents/extreme-weather-ca-heatwave\pvwatts_powerplants\9qcem3_Aerojet_I_38.613694_-121.162278.csv,57697,28511.050000000003,33260.49180384827,-4749.441803848269
C:/Users/kperry/Documents/extreme-weather-ca-heatwave\pvwatts_powerplants\9qcem3_Depot_Park_Solar_System_38.515353_-121.401009.csv,58119,21487.359999999997,34729.33750343807,-13241.977503438076
C:/Users/kperry/Documents/extreme-weather-ca-heatwave\pvwatts_powerplants\9qcem3_FAA_NorCal_TRACON_38.56146_-121.259196.csv,58261,6933.05,11523.32579801644,-4590.27579801644
C:/Users/kperry/Documents/extreme-weather-ca-heatwave\pvwatts_powerplants\9qcem3_Green_Acres_Solar_Facility_1_38.282099_-121.465542.csv,57849,29106.029999999995,32774.52516232709,-3668.4951623270936
C:/Users/kperry/Documents/extreme-weather-ca-heatwave\pvwatts_powerplants\9qcem3_Green_Acres_Solar_Facility_2_38.28355_-121.461629.csv,57850,10414.04,10534.582092805911,-120.54209280591022
C:/Users/kperry/Documents/extreme-weather-ca-heatwave\pvwatts_powerplants\9qcem3_Intel_Folsom_38.644086_-121.172447.csv,58086,7583.01,11304.849124952638,-3721.8391249526376
"C:/Users/kperry/Documents/extreme-weather-ca-heatwave\pvwatts_powerplants\9qcem3_Rancho_Seco_Solar,_LLC_38.343177_-121.116734.csv",60226,109852.03000000001,125735.23631175375,-15883.206311753733
"C:/Users/kperry/Documents/extreme-weather-ca-heatwave\pvwatts_powerplants\9qcem3_Rancho_Seco_Solar_II,_LLC_38.34787_-121.111904.csv",63387,539020.0,925052.7402635218,-386032.7402635218
"C:/Users/kperry/Documents/extreme-weather-ca-heatwave\pvwatts_powerplants\9qcem3_RE_Bruceville_1,_LLC_38.347677_-121.41057.csv",57783,54742.03,58307.25377554005,-3565.2237755400492
"C:/Users/kperry/Documents/extreme-weather-ca-heatwave\pvwatts_powerplants\9qcem3_RE_Dillard_1,_LLC_38.469518_-121.182478.csv",57777,28844.030000000002,34664.888868006215,-5820.858868006213
"C:/Users/kperry/Documents/extreme-weather-ca-heatwave\pvwatts_powerplants\9qcem3_RE_Dillard_2,_LLC_38.466028_-121.178084.csv",57779,28652.019999999997,34665.524231032294,-6013.504231032297
"C:/Users/kperry/Documents/extreme-weather-ca-heatwave\pvwatts_powerplants\9qcem3_RE_Dillard_3,_LLC_38.463103_-121.180088.csv",57781,31484.039999999997,34666.06303705744,-3182.0230370574463
"C:/Users/kperry/Documents/extreme-weather-ca-heatwave\pvwatts_powerplants\9qcem3_RE_Kammerer_1,_LLC_38.363565_-121.385352.csv",57778,56438.09,58302.2409566335,-1864.1509566335008
"C:/Users/kperry/Documents/extreme-weather-ca-heatwave\pvwatts_powerplants\9qcem3_RE_McKenzie_1,_LLC_38.305711_-121.28454.csv",57816,58830.07,348222.30887149024,-289392.23887149023
"C:/Users/kperry/Documents/extreme-weather-ca-heatwave\pvwatts_powerplants\9qcem3_RE_McKenzie_2,_LLC_38.306491_-121.294925.csv",57817,59770.0,58036.8325179909,1733.1674820090993
"C:/Users/kperry/Documents/extreme-weather-ca-heatwave\pvwatts_powerplants\9qcem3_RE_McKenzie_3,_LLC_38.304693_-121.289996.csv",57818,59770.99999999999,58037.355448168026,1733.644551831967
"C:/Users/kperry/Documents/extreme-weather-ca-heatwave\pvwatts_powerplants\9qcem3_RE_McKenzie_4,_LLC_38.304692_-121.292451.csv",57819,59380.01000000001,58037.37571432655,1342.6342856734627
"C:/Users/kperry/Documents/extreme-weather-ca-heatwave\pvwatts_powerplants\9qcem3_RE_McKenzie_5,_LLC_38.309456_-121.292343.csv",57820,59508.03000000001,58035.918126147684,1472.1118738523292
"C:/Users/kperry/Documents/extreme-weather-ca-heatwave\pvwatts_powerplants\9qcem3_RE_McKenzie_6,_LLC_38.309187_-121.290032.csv",57821,59226.02999999999,58036.02465598239,1190.005344017598
C:/Users/kperry/Documents/extreme-weather-ca-heatwave\pvwatts_powerplants\9qcem3_Sacramento_(SMUD)_38.585226_-121.467197.csv,59323,6610.01,13306.805348566188,-6696.795348566187
C:/Users/kperry/Documents/extreme-weather-ca-heatwave\pvwatts_powerplants\9qcem3_Sacramento_Fairbain_Water_Treatment_Plant_38.554789_-121.417088.csv,58636,5831.03,11574.00625403877,-5742.97625403877
C:/Users/kperry/Documents/extreme-weather-ca-heatwave\pvwatts_powerplants\9qcem3_Sacramento_Regional_County_Sanitation_PV_38.436229_-121.466262.csv,61209,37295.020000000004,40770.87542844844,-3475.8554284484344
"C:/Users/kperry/Documents/extreme-weather-ca-heatwave\pvwatts_powerplants\9qcem3_Sacramento_Soleil,_LLC_38.450118_-121.164255.csv",56875,4343.0199999999995,9651.86265538193,-5308.842655381931
C:/Users/kperry/Documents/extreme-weather-ca-heatwave\pvwatts_powerplants\9qcem3_SCDA_Solar_1_38.700215_-121.586726.csv,61006,59581.04000000001,78810.67890175585,-19229.63890175584
C:/Users/kperry/Documents/extreme-weather-ca-heatwave\pvwatts_powerplants\9qcem3_SMUD_at_Lawrence_38.338753_-121.431259.csv,57753,8585.050000000001,9620.678566177115,-1035.6285661771144
"C:/Users/kperry/Documents/extreme-weather-ca-heatwave\pvwatts_powerplants\9qcem3_Solar_Star_California_II,_LLC_38.516214_-121.475657.csv",57933,16071.02,23165.937156745575,-7094.917156745574
C:/Users/kperry/Documents/extreme-weather-ca-heatwave\pvwatts_powerplants\9qcem3_Wildflower_Solar_1_38.70464_-121.47783.csv,62988,62666.01,95761.01029031482,-33095.00029031482
C:/Users/kperry/Documents/extreme-weather-ca-heatwave\pvwatts_powerplants\9qcggm_Deer_Creek_2_38.629169_-120.982653.csv,64861,3184.99,5122.308423009086,-1937.3184230090865
C:/Users/kperry/Documents/extreme-weather-ca-heatwave\pvwatts_powerplants\9qcggm_El_Dorado_County_38.69854_-120.830676.csv,64402,5430.999999999999,5856.146269872706,-425.1462698727073
"C:/Users/kperry/Documents/extreme-weather-ca-heatwave\pvwatts_powerplants\9qcggm_El_Dorado_Solar,_LLC_38.638284_-121.056063.csv",64700,5185.040000000001,5899.396702729262,-714.3567027292611
C:/Users/kperry/Documents/extreme-weather-ca-heatwave\pvwatts_powerplants\9qct8r_2127_Harris_Solar_Project_39.291776_-121.669962.csv,58919,11932.01,14577.8692856551,-2645.8592856551004
C:/Users/kperry/Documents/extreme-weather-ca-heatwave\pvwatts_powerplants\9qd9xh_2081_Terzian_Solar_Project_36.66739_-119.416708.csv,58918,11192.03,13757.455061528266,-2565.4250615282654
C:/Users/kperry/Documents/extreme-weather-ca-heatwave\pvwatts_powerplants\9qd9xh_Adera_Solar_37.120529_-120.324509.csv,60027,175698.03,195908.2895603162,-20210.25956031619
C:/Users/kperry/Documents/extreme-weather-ca-heatwave\pvwatts_powerplants\9qd9xh_Aspiration_G_36.54837_-120.345676.csv,59737,108395.04000000001,105281.41624506137,3113.6237549386424
C:/Users/kperry/Documents/extreme-weather-ca-heatwave\pvwatts_powerplants\9qd9xh_Borden_Solar_Farm_36.941297_-119.963177.csv,59531,314534.0,344945.0447504639,-30411.044750463916
C:/Users/kperry/Documents/extreme-weather-ca-heatwave\pvwatts_powerplants\9qd9xh_CalRenew-1_36.759626_-120.365926.csv,56768,41746.009999999995,48597.416835128366,-6851.406835128371
C:/Users/kperry/Documents/extreme-weather-ca-heatwave\pvwatts_powerplants\9qd9xh_Cantua_Solar_Station_36.424422_-120.341163.csv,57522,201919.04,200035.13291004652,1883.9070899534854
C:/Users/kperry/Documents/extreme-weather-ca-heatwave\pvwatts_powerplants\9qd9xh_CA_-_Fresno_County_-_Juvenile_Hall_36.659011_-119.732805.csv,65528,6270.0,6609.381211108638,-339.3812111086381
C:/Users/kperry/Documents/extreme-weather-ca-heatwave\pvwatts_powerplants\9qd9xh_CA_-_Madera_USD_-_Madera_South_HS_36.957241_-120.034258.csv,65615,0.0,2795.8742706330895,-2795.8742706330895
C:/Users/kperry/Documents/extreme-weather-ca-heatwave\pvwatts_powerplants\9qd9xh_CDCR_(CA)-Pleasant_Valley_State_Prison_36.126063_-120.247782.csv,59748,14634.02,14397.382636357483,236.6373636425178
C:/Users/kperry/Documents/extreme-weather-ca-heatwave\pvwatts_powerplants\9qd9xh_Citizen_B_36.721849_-120.430096.csv,59738,42038.01,49650.92754471143,-7612.917544711425
C:/Users/kperry/Documents/extreme-weather-ca-heatwave\pvwatts_powerplants\9qd9xh_City_of_Madera_WWTP_36.942735_-120.158887.csv,57682,7353.0199999999995,11480.250302798166,-4127.230302798166
C:/Users/kperry/Documents/extreme-weather-ca-heatwave\pvwatts_powerplants\9qd9xh_DGS_Valley_State_Prison_37.087619_-120.150381.csv,63947,7950.029999999999,10647.278385318268,-2697.2483853182694
C:/Users/kperry/Documents/extreme-weather-ca-heatwave\pvwatts_powerplants\9qd9xh_DSH_(CA)-Coalinga_State_Hospital_36.126665_-120.243255.csv,59746,20864.039999999997,31293.76748066069,-10429.727480660691
"C:/Users/kperry/Documents/extreme-weather-ca-heatwave\pvwatts_powerplants\9qd9xh_Fifth_Standard_Solar_PV,_LLC_(Hybrid)_36.159538_-120.111946.csv",64197,0.0,1071700.426092659,-1071700.426092659
C:/Users/kperry/Documents/extreme-weather-ca-heatwave\pvwatts_powerplants\9qd9xh_Firebaugh-CCS-PV-1_36.73465_-120.614743.csv,63994,4702.98,9985.024116546923,-5282.044116546924
C:/Users/kperry/Documents/extreme-weather-ca-heatwave\pvwatts_powerplants\9qd9xh_Five_H_Farms_Solar_Array_37.10966_-120.298292.csv,65168,2118.03,4286.596298405817,-2168.5662984058167
C:/Users/kperry/Documents/extreme-weather-ca-heatwave\pvwatts_powerplants\9qd9xh_Five_Points_Solar_Park_36.391972_-120.243421.csv,59523,722377.03,701111.705690074,21265.324309926014
C:/Users/kperry/Documents/extreme-weather-ca-heatwave\pvwatts_powerplants\9qd9xh_Five_Points_Solar_Station_36.395424_-120.107782.csv,57498,117979.03,148313.53007501204,-30334.500075012038
C:/Users/kperry/Documents/extreme-weather-ca-heatwave\pvwatts_powerplants\9qd9xh_Fresno_Solar_36.616892_-120.105121.csv,60083,31376.019999999993,34814.36466815782,-3438.3446681578243
C:/Users/kperry/Documents/extreme-weather-ca-heatwave\pvwatts_powerplants\9qd9xh_Gap_Pacific_Distribution_Center_36.783741_-119.714009.csv,56909,18904.05,13780.914373639911,5123.135626360088
C:/Users/kperry/Documents/extreme-weather-ca-heatwave\pvwatts_powerplants\9qd9xh_Gates_Solar_Station_36.175836_-120.115552.csv,57892,161240.00999999998,200899.94559677583,-39659.935596775846
C:/Users/kperry/Documents/extreme-weather-ca-heatwave\pvwatts_powerplants\9qd9xh_Giffen_36.527411_-120.313283.csv,57521,82622.05999999998,99577.2404094994,-16955.180409499415
C:/Users/kperry/Documents/extreme-weather-ca-heatwave\pvwatts_powerplants\9qd9xh_Giffen_Solar_Park_36.554384_-120.339146.csv,59522,157736.99000000002,233939.0000578248,-76202.01005782478
"C:/Users/kperry/Documents/extreme-weather-ca-heatwave\pvwatts_powerplants\9qd9xh_Great_Valley_Solar_Portfolio_Holdings,_LLC_36.585348_-120.383854.csv",59940,2681122.0,2344311.920909679,336810.07909032097
C:/Users/kperry/Documents/extreme-weather-ca-heatwave\pvwatts_powerplants\9qd9xh_Huron_Solar_Station_36.177598_-120.109391.csv,57523,183210.03,200899.9269200758,-17689.896920075815
C:/Users/kperry/Documents/extreme-weather-ca-heatwave\pvwatts_powerplants\9qd9xh_La_Joya_Del_Sol_36.678879_-119.79754.csv,58118,7621.0199999999995,17357.54537037938,-9736.525370379379
C:/Users/kperry/Documents/extreme-weather-ca-heatwave\pvwatts_powerplants\9qd9xh_Little_Bear_3_36.716376_-120.391855.csv,62463,101647.03,140647.58205284656,-39000.55205284656
C:/Users/kperry/Documents/extreme-weather-ca-heatwave\pvwatts_powerplants\9qd9xh_Little_Bear_4_36.709025_-120.414381.csv,62464,211314.0,351633.3527733958,-140319.35277339577
C:/Users/kperry/Documents/extreme-weather-ca-heatwave\pvwatts_powerplants\9qd9xh_Little_Bear_5_36.709126_-120.396648.csv,62465,210047.0,351631.4689147003,-141584.46891470032
"C:/Users/kperry/Documents/extreme-weather-ca-heatwave\pvwatts_powerplants\9qd9xh_Little_Bear_Solar_1,_LLC_36.716336_-120.414267.csv",59870,179512.0,281296.938385895,-101784.93838589499
C:/Users/kperry/Documents/extreme-weather-ca-heatwave\pvwatts_powerplants\9qd9xh_Madera_1_PV_37.056276_-120.167303.csv,61421,14435.080000000002,17166.842338863287,-2731.7623388632855
C:/Users/kperry/Documents/extreme-weather-ca-heatwave\pvwatts_powerplants\9qd9xh_Madera_Community_Hospital_36.941045_-120.046435.csv,58522,9787.010000000002,11475.379751686794,-1688.3697516867924
C:/Users/kperry/Documents/extreme-weather-ca-heatwave\pvwatts_powerplants\9qd9xh_Moonlight_Packing-Phase_2_36.585029_-119.470066.csv,63514,11238.03,10922.06612881802,315.9638711819807
C:/Users/kperry/Documents/extreme-weather-ca-heatwave\pvwatts_powerplants\9qd9xh_National_Raisin_36.620589_-119.668046.csv,61894,23565.020000000004,28999.37366925807,-5434.353669258067
C:/Users/kperry/Documents/extreme-weather-ca-heatwave\pvwatts_powerplants\9qd9xh_NextEra_Westside_PV_36.382014_-120.1345.csv,60981,258114.00999999998,233420.89942538878,24693.1105746112
C:/Users/kperry/Documents/extreme-weather-ca-heatwave\pvwatts_powerplants\9qd9xh_North_Star_Solar_36.730527_-120.415146.csv,58713,719923.0199999999,730092.8540000201,-10169.834000020172
C:/Users/kperry/Documents/extreme-weather-ca-heatwave\pvwatts_powerplants\9qd9xh_Oro_Loma_36.876816_-120.667732.csv,59915,254140.1,236364.08553388694,17776.01446611306
C:/Users/kperry/Documents/extreme-weather-ca-heatwave\pvwatts_powerplants\9qd9xh_Pacific_Ethanol_Madera_Solar_Array_36.91629_-119.971615.csv,61989,18000.020000000004,44759.007642583514,-26758.98764258351
"C:/Users/kperry/Documents/extreme-weather-ca-heatwave\pvwatts_powerplants\9qd9xh_RE_Adams_East,_LLC_36.613282_-120.383494.csv",58984,230022.05,222666.07475240572,7355.975247594266
C:/Users/kperry/Documents/extreme-weather-ca-heatwave\pvwatts_powerplants\9qd9xh_RE_Tranquillity_36.570855_-120.399372.csv,59939,2345515.0499999993,2409185.2195353103,-63670.16953531094
C:/Users/kperry/Documents/extreme-weather-ca-heatwave\pvwatts_powerplants\9qd9xh_San_Joaquin_Solar_36.522085_-120.146373.csv,60678,139623.04,171544.40733231403,-31921.367332314025
C:/Users/kperry/Documents/extreme-weather-ca-heatwave\pvwatts_powerplants\9qd9xh_Sealed_Air_Madera_Solar_Project_36.946456_-120.077629.csv,65469,3.01,6986.157926661145,-6983.147926661145
C:/Users/kperry/Documents/extreme-weather-ca-heatwave\pvwatts_powerplants\9qd9xh_Stroud_Solar_Station_36.52382_-120.123306.csv,57497,166062.03,196909.55998348034,-30847.529983480345
C:/Users/kperry/Documents/extreme-weather-ca-heatwave\pvwatts_powerplants\9qd9xh_Tranquillity_ID_36.648126_-120.24633.csv,64376,9164.04,15058.794237423703,-5894.754237423702
C:/Users/kperry/Documents/extreme-weather-ca-heatwave\pvwatts_powerplants\9qd9xh_Westlands_Solar_PV_Farm_36.127567_-120.142064.csv,58616,210246.01999999993,213383.7180476033,-3137.698047603364
C:/Users/kperry/Documents/extreme-weather-ca-heatwave\pvwatts_powerplants\9qd9xh_Westside_Solar_Station_36.37817_-120.123959.csv,57499,119299.03,148848.49769244887,-29549.467692448874
C:/Users/kperry/Documents/extreme-weather-ca-heatwave\pvwatts_powerplants\9qd9xh_West_Gates_Solar_Station_36.141884_-120.132734.csv,58206,97196.04999999999,100572.66061418048,-3376.610614180492
C:/Users/kperry/Documents/extreme-weather-ca-heatwave\pvwatts_powerplants\9qd9xh_Whitney_Point_Solar_36.374847_-120.134212.csv,60975,263795.03,233428.5969070391,30366.433092960942
C:/Users/kperry/Documents/extreme-weather-ca-heatwave\pvwatts_powerplants\9qd9xh_Wonderful_Orchards-New_Columbia_36.825592_-120.318359.csv,64055,21065.0,29832.341405542546,-8767.341405542546
C:/Users/kperry/Documents/extreme-weather-ca-heatwave\pvwatts_powerplants\9qdbm8_Almond_36.148542_-119.914298.csv,62546,0.0,94548.10752021467,-94548.10752021467
C:/Users/kperry/Documents/extreme-weather-ca-heatwave\pvwatts_powerplants\9qdbm8_Alpaugh_50_35.901922_-119.438642.csv,58003,587492.0200000001,585477.9307043987,2014.0892956014723
C:/Users/kperry/Documents/extreme-weather-ca-heatwave\pvwatts_powerplants\9qdbm8_Alpaugh_North_35.909054_-119.426903.csv,58002,229389.03999999998,234183.37531801712,-4794.33531801714
"C:/Users/kperry/Documents/extreme-weather-ca-heatwave\pvwatts_powerplants\9qdbm8_American_Kings_Solar,_LLC_36.249391_-119.900317.csv",60777,604383.0,900641.2410395821,-296258.24103958206
C:/Users/kperry/Documents/extreme-weather-ca-heatwave\pvwatts_powerplants\9qdbm8_Aquamarine_36.204642_-119.917678.csv,62547,764603.0,1184558.125419435,-419955.1254194351
C:/Users/kperry/Documents/extreme-weather-ca-heatwave\pvwatts_powerplants\9qdbm8_Atwell_Island_35.815505_-119.451017.csv,58366,183277.03000000003,199406.00201742596,-16128.972017425927
C:/Users/kperry/Documents/extreme-weather-ca-heatwave\pvwatts_powerplants\9qdbm8_Atwell_Island_West_Solar_35.81509_-119.459675.csv,59414,241476.01,235571.34074788337,5904.669252116641
C:/Users/kperry/Documents/extreme-weather-ca-heatwave\pvwatts_powerplants\9qdbm8_Avenal_Park_35.990852_-120.106656.csv,57359,53987.07,61622.817717972604,-7635.747717972605
C:/Users/kperry/Documents/extreme-weather-ca-heatwave\pvwatts_powerplants\9qdbm8_Castle_Rock_Vineyards_35.801176_-119.110889.csv,57870,5818.06,9841.460593928043,-4023.4005939280423
C:/Users/kperry/Documents/extreme-weather-ca-heatwave\pvwatts_powerplants\9qdbm8_CDCR_(CA)-Corcoran_State_Prison_36.064473_-119.5605.csv,61620,38422.03,58312.380164688446,-19890.350164688447
C:/Users/kperry/Documents/extreme-weather-ca-heatwave\pvwatts_powerplants\9qdbm8_CED_Avenal_35.996053_-120.151899.csv,60077,178555.01,191391.92083456792,-12836.910834567912
C:/Users/kperry/Documents/extreme-weather-ca-heatwave\pvwatts_powerplants\9qdbm8_CED_Ducor_1_35.855438_-119.068501.csv,60078,243262.03999999998,233633.13271168876,9628.907288311224
C:/Users/kperry/Documents/extreme-weather-ca-heatwave\pvwatts_powerplants\9qdbm8_CED_Ducor_2_35.846421_-119.065818.csv,60079,243806.04000000004,233642.8558160372,10163.184183962847
C:/Users/kperry/Documents/extreme-weather-ca-heatwave\pvwatts_powerplants\9qdbm8_CED_Ducor_3_35.845551_-119.057005.csv,60080,182721.03999999998,175232.8718425938,7488.16815740618
C:/Users/kperry/Documents/extreme-weather-ca-heatwave\pvwatts_powerplants\9qdbm8_CED_Ducor_4_35.850283_-119.026032.csv,60081,241801.05,234090.14212664738,7710.907873352611
"C:/Users/kperry/Documents/extreme-weather-ca-heatwave\pvwatts_powerplants\9qdbm8_CID_Solar,_LLC_36.129361_-119.541797.csv",59183,246703.0,229601.28412551974,17101.71587448026
C:/Users/kperry/Documents/extreme-weather-ca-heatwave\pvwatts_powerplants\9qdbm8_CID_Solar_(CA)_36.140871_-119.566235.csv,63204,12797.029999999999,18672.673682366232,-5875.643682366233
C:/Users/kperry/Documents/extreme-weather-ca-heatwave\pvwatts_powerplants\9qdbm8_City_of_Tulare_Water_Facility_36.186375_-119.377771.csv,59395,12128.5,10830.724893110846,1297.775106889154
C:/Users/kperry/Documents/extreme-weather-ca-heatwave\pvwatts_powerplants\9qdbm8_Corcoran_Solar_2_36.141488_-119.582386.csv,59413,248087.05999999997,229978.9126016648,18108.14739833516
C:/Users/kperry/Documents/extreme-weather-ca-heatwave\pvwatts_powerplants\9qdbm8_Corcoran_Solar_36.142132_-119.572919.csv,58374,240450.02,232889.42761226773,7560.592387732264
C:/Users/kperry/Documents/extreme-weather-ca-heatwave\pvwatts_powerplants\9qdbm8_Corcoran_Solar_3_36.147519_-119.588717.csv,59900,252046.99,246740.5216734419,5306.468326558097
"C:/Users/kperry/Documents/extreme-weather-ca-heatwave\pvwatts_powerplants\9qdbm8_Cottonwood_Solar,_LLC_(City_of_Corcoran)_36.136117_-119.558863.csv",59087,136032.03999999998,139737.42632042736,-3705.3863204273803
C:/Users/kperry/Documents/extreme-weather-ca-heatwave\pvwatts_powerplants\9qdbm8_Dinuba_Wastewater_Treatment_Plant_36.538178_-119.426157.csv,57827,8036.03,11531.556977094837,-3495.526977094837
C:/Users/kperry/Documents/extreme-weather-ca-heatwave\pvwatts_powerplants\9qdbm8_Dover_Dairy_36.41493_-119.553614.csv,65766,2004.02,2576.553019761802,-572.5330197618018
C:/Users/kperry/Documents/extreme-weather-ca-heatwave\pvwatts_powerplants\9qdbm8_Exeter_Solar_36.265953_-119.128349.csv,58306,32907.03,33547.20784285367,-640.1778428536709
C:/Users/kperry/Documents/extreme-weather-ca-heatwave\pvwatts_powerplants\9qdbm8_Farmersville_36.318418_-119.213989.csv,59203,37208.969999999994,43094.642935502714,-5885.67293550272
C:/Users/kperry/Documents/extreme-weather-ca-heatwave\pvwatts_powerplants\9qdbm8_FTF-PackingShed_36.547339_-119.431282.csv,63993,2073.01,9824.534244986497,-7751.524244986496
C:/Users/kperry/Documents/extreme-weather-ca-heatwave\pvwatts_powerplants\9qdbm8_Guernsey_Solar_Station_36.163408_-119.650315.csv,57891,198767.01,233618.03523545188,-34851.025235451874
C:/Users/kperry/Documents/extreme-weather-ca-heatwave\pvwatts_powerplants\9qdbm8_Hanford_1_and_2_36.30665_-119.629057.csv,59300,28240.05,29127.793448526372,-887.743448526373
C:/Users/kperry/Documents/extreme-weather-ca-heatwave\pvwatts_powerplants\9qdbm8_Henrietta_Solar_Project_36.214536_-119.806731.csv,58975,1201847.0600000003,1195315.3580095468,6531.701990453526
C:/Users/kperry/Documents/extreme-weather-ca-heatwave\pvwatts_powerplants\9qdbm8_Ivanhoe_Solar_36.387268_-119.255203.csv,58307,32463.030000000002,33886.85960846303,-1423.829608463031
"C:/Users/kperry/Documents/extreme-weather-ca-heatwave\pvwatts_powerplants\9qdbm8_Java_Solar,_LLC_36.231328_-119.811814.csv",65965,0.0,32303.43266879464,-32303.43266879464
C:/Users/kperry/Documents/extreme-weather-ca-heatwave\pvwatts_powerplants\9qdbm8_Kettleman_Solar-Centaurus_36.060918_-119.945024.csv,59633,261954.03,235721.16979820447,26232.860201795527
C:/Users/kperry/Documents/extreme-weather-ca-heatwave\pvwatts_powerplants\9qdbm8_Kingsburg_Solar_36.505254_-119.540118.csv,58304,34420.04,35760.328494365065,-1340.2884943650643
C:/Users/kperry/Documents/extreme-weather-ca-heatwave\pvwatts_powerplants\9qdbm8_Lemoore_1_36.25728_-119.797435.csv,60142,10762.02,17527.544570653892,-6765.524570653892
C:/Users/kperry/Documents/extreme-weather-ca-heatwave\pvwatts_powerplants\9qdbm8_Lindsay_Solar_36.211927_-119.133777.csv,58308,35524.98999999999,38117.40316744025,-2592.4131674402597
C:/Users/kperry/Documents/extreme-weather-ca-heatwave\pvwatts_powerplants\9qdbm8_Luciana_35.817328_-119.063026.csv,64909,98596.0,134037.8454475609,-35441.84544756089
C:/Users/kperry/Documents/extreme-weather-ca-heatwave\pvwatts_powerplants\9qdbm8_Mustang_Two_36.203455_-119.900562.csv,62015,795261.0,1057451.8215177984,-262190.82151779835
C:/Users/kperry/Documents/extreme-weather-ca-heatwave\pvwatts_powerplants\9qdbm8_Nicolis_Solar_PV_Plant_35.82219_-119.039789.csv,59600,228155.02,235452.2540503755,-7297.234050375497
C:/Users/kperry/Documents/extreme-weather-ca-heatwave\pvwatts_powerplants\9qdbm8_Porterville_6_and_7_36.09401_-119.037477.csv,59219,27035.039999999997,29006.265422452583,-1971.225422452586
C:/Users/kperry/Documents/extreme-weather-ca-heatwave\pvwatts_powerplants\9qdbm8_Porterville_Solar_36.100484_-119.038005.csv,58309,32813.020000000004,33840.33612288503,-1027.3161228850295
"C:/Users/kperry/Documents/extreme-weather-ca-heatwave\pvwatts_powerplants\9qdbm8_RE-VFO,_LLC_36.35362_-119.400731.csv",63455,7669.99,11434.95083135284,-3764.9608313528406
"C:/Users/kperry/Documents/extreme-weather-ca-heatwave\pvwatts_powerplants\9qdbm8_RE_Kansas_Solar,_LLC_36.244432_-119.829726.csv",58985,237630.06,233714.71464444595,3915.3453555540473
"C:/Users/kperry/Documents/extreme-weather-ca-heatwave\pvwatts_powerplants\9qdbm8_RE_Kansas_South,_LLC_36.221314_-119.829948.csv",58148,243691.05999999997,234367.91232410257,9323.147675897402
"C:/Users/kperry/Documents/extreme-weather-ca-heatwave\pvwatts_powerplants\9qdbm8_RE_Kent_South,_LLC_36.221972_-119.910352.csv",58991,249759.00999999998,227071.2875791209,22687.722420879087
"C:/Users/kperry/Documents/extreme-weather-ca-heatwave\pvwatts_powerplants\9qdbm8_RE_Mustang,_LLC_36.230414_-119.912225.csv",59150,1162398.01,1169766.9874816604,-7368.977481660433
"C:/Users/kperry/Documents/extreme-weather-ca-heatwave\pvwatts_powerplants\9qdbm8_Sand_Drag,_LLC_35.980693_-120.102349.csv",57361,175313.00000000006,194233.99021150803,-18920.990211507975
C:/Users/kperry/Documents/extreme-weather-ca-heatwave\pvwatts_powerplants\9qdbm8_Slate_Hybrid_36.211961_-119.87457.csv,63727,702215.0,239270.791013349,462944.20898665104
C:/Users/kperry/Documents/extreme-weather-ca-heatwave\pvwatts_powerplants\9qdbm8_Solar_Photovoltaic_Project_#42_36.028665_-119.073924.csv,57441,39729.01999999999,49223.10673408966,-9494.086734089673
"C:/Users/kperry/Documents/extreme-weather-ca-heatwave\pvwatts_powerplants\9qdbm8_Sun_City_Project,_LLC_35.985182_-120.101408.csv",57360,179956.0,204456.34887056032,-24500.348870560323
C:/Users/kperry/Documents/extreme-weather-ca-heatwave\pvwatts_powerplants\9qdbm8_Tropico_Solar_PV_Plant_35.831023_-119.049593.csv,59599,155728.09999999998,164265.3997214664,-8537.299721466436
C:/Users/kperry/Documents/extreme-weather-ca-heatwave\pvwatts_powerplants\9qdbm8_Tulare_1_and_2_36.20446_-119.417946.csv,58642,22652.009999999995,29237.565333540046,-6585.555333540051
C:/Users/kperry/Documents/extreme-weather-ca-heatwave\pvwatts_powerplants\9qdbm8_Westside_Solar_Power_PV1_36.217782_-119.906783.csv,60275,24539.029999999995,23397.785264744074,1141.2447352559211
C:/Users/kperry/Documents/extreme-weather-ca-heatwave\pvwatts_powerplants\9qdbm8_White_River_Solar_2_35.871483_-119.464992.csv,58973,251209.05000000002,235554.77652051934,15654.273479480675
C:/Users/kperry/Documents/extreme-weather-ca-heatwave\pvwatts_powerplants\9qdbm8_White_River_Solar_35.874844_-119.451879.csv,58373,245098.03999999998,236472.4507290981,8625.589270901866
C:/Users/kperry/Documents/extreme-weather-ca-heatwave\pvwatts_powerplants\9qe6tq_Munro_Valley_Solar_36.264822_-117.995482.csv,60412,50195.030000000006,43092.10220673625,7102.927793263756
C:/Users/kperry/Documents/extreme-weather-ca-heatwave\pvwatts_powerplants\9qe6tq_Owens_Valley_Solar_Project_11_36.268424_-117.983017.csv,60953,14280.000000000002,10771.088578253779,3508.911421746223
C:/Users/kperry/Documents/extreme-weather-ca-heatwave\pvwatts_powerplants\9qe6tq_Trona_Solar_III_35.804912_-117.349841.csv,64914,0.0,5301.394928449093,-5301.394928449093
"C:/Users/kperry/Documents/extreme-weather-ca-heatwave\pvwatts_powerplants\9qj152_AP_North_Lake_I,_LP_33.741677_-117.011471.csv",59610,195341.01,244148.59118945219,-48807.581189452176
C:/Users/kperry/Documents/extreme-weather-ca-heatwave\pvwatts_powerplants\9qj152_Arlington_Energy_Center_II_33.706592_-114.785766.csv,64481,252115.0,1160975.9940461789,-908860.9940461789
C:/Users/kperry/Documents/extreme-weather-ca-heatwave\pvwatts_powerplants\9qj152_Athos_Solar_Project_33.753074_-115.345924.csv,63300,440276.0,2528349.0038750772,-2088073.0038750772
C:/Users/kperry/Documents/extreme-weather-ca-heatwave\pvwatts_powerplants\9qj152_Blythe_Mesa_Solar_II_33.575483_-114.739432.csv,65053,32798.0,1093350.365102119,-1060552.365102119
"C:/Users/kperry/Documents/extreme-weather-ca-heatwave\pvwatts_powerplants\9qj152_Blythe_Solar_110,_LLC_33.673669_-114.738061.csv",60093,1482455.02,1375588.7964327617,106866.22356723831
"C:/Users/kperry/Documents/extreme-weather-ca-heatwave\pvwatts_powerplants\9qj152_Blythe_Solar_II,_LLC_33.684154_-114.739769.csv",60092,1557227.0299999998,1643596.39872124,-86369.3687212402
"C:/Users/kperry/Documents/extreme-weather-ca-heatwave\pvwatts_powerplants\9qj152_Blythe_Solar_III,_LLC_Hybrid_33.659951_-114.736616.csv",60094,874839.0,1031258.9294393093,-156419.9294393093
"C:/Users/kperry/Documents/extreme-weather-ca-heatwave\pvwatts_powerplants\9qj152_Blythe_Solar_IV,_LLC_33.681889_-114.769528.csv",60095,819688.0,1721535.50480909,-901847.5048090899
C:/Users/kperry/Documents/extreme-weather-ca-heatwave\pvwatts_powerplants\9qj152_Chuckawalla_Solar_33.568471_-114.917988.csv,58506,33341.03,50303.104277365564,-16962.074277365566
C:/Users/kperry/Documents/extreme-weather-ca-heatwave\pvwatts_powerplants\9qj152_Chuckawalla_Valley_State_Prison_33.565266_-114.903852.csv,57011,6952.02,9490.754552728185,-2538.734552728185
C:/Users/kperry/Documents/extreme-weather-ca-heatwave\pvwatts_powerplants\9qj152_Colgreen_North_Shore_Solar_Farm_33.547372_-115.978082.csv,60825,716886.35,906872.327879154,-189985.97787915403
"C:/Users/kperry/Documents/extreme-weather-ca-heatwave\pvwatts_powerplants\9qj152_Desert_Harvest,_LLC_33.795587_-115.371453.csv",62177,491775.58,605663.5544122269,-113887.97441222687
"C:/Users/kperry/Documents/extreme-weather-ca-heatwave\pvwatts_powerplants\9qj152_Desert_Harvest_II,_LLC_33.794421_-115.342448.csv",64103,399170.96,529735.3907345932,-130564.43073459313
C:/Users/kperry/Documents/extreme-weather-ca-heatwave\pvwatts_powerplants\9qj152_Desert_Hot_Springs_Solar_33.923044_-116.530143.csv,58514,28326.010000000002,27825.47211183537,500.537888164632
"C:/Users/kperry/Documents/extreme-weather-ca-heatwave\pvwatts_powerplants\9qj152_Desert_Sunlight_300,_LLC_33.823568_-115.394115.csv",57993,3461380.0299999993,3313189.9104612223,148190.11953877704
C:/Users/kperry/Documents/extreme-weather-ca-heatwave\pvwatts_powerplants\9qj152_Diamond_Valley_Solar_Project_33.712238_-117.073016.csv,59405,12405.030000000002,15956.794026409354,-3551.7640264093516
C:/Users/kperry/Documents/extreme-weather-ca-heatwave\pvwatts_powerplants\9qj152_EMWD-Moreno_Valley_RWRF_33.861247_-117.214039.csv,64406,6683.000000000001,11875.207030634447,-5192.207030634446
C:/Users/kperry/Documents/extreme-weather-ca-heatwave\pvwatts_powerplants\9qj152_EMWD-Perris_Valley_RWRF_33.755136_-117.200101.csv,64396,10394.009999999998,17069.92090988829,-6675.910909888291
C:/Users/kperry/Documents/extreme-weather-ca-heatwave\pvwatts_powerplants\9qj152_EMWD-San_Jacinto_RWRF_NEM_33.798117_-117.016669.csv,64397,3679.0099999999998,6315.1052625215925,-2636.0952625215928
C:/Users/kperry/Documents/extreme-weather-ca-heatwave\pvwatts_powerplants\9qj152_EMWD-Sun_City_RWRF_33.696106_-117.218434.csv,64398,4880.990000000001,8014.316303070683,-3133.326303070682
C:/Users/kperry/Documents/extreme-weather-ca-heatwave\pvwatts_powerplants\9qj152_EMWD_-_San_Jacinto_RES_BCT_33.803545_-117.02362.csv,64399,6743.0,20402.100206943967,-13659.100206943967
"C:/Users/kperry/Documents/extreme-weather-ca-heatwave\pvwatts_powerplants\9qj152_Garnet_Solar_Generation_Station_I,_LLC_33.89107_-116.543137.csv",58528,26068.010000000002,50337.29132859589,-24269.28132859589
"C:/Users/kperry/Documents/extreme-weather-ca-heatwave\pvwatts_powerplants\9qj152_Ironwood_Solar,_LLC_33.565188_-114.918553.csv",58513,35984.0,50303.980300167874,-14319.980300167874
"C:/Users/kperry/Documents/extreme-weather-ca-heatwave\pvwatts_powerplants\9qj152_Maverick_Solar,_LLC_33.698716_-115.229063.csv",62178,656309.16,950628.693941317,-294319.533941317
"C:/Users/kperry/Documents/extreme-weather-ca-heatwave\pvwatts_powerplants\9qj152_Maverick_Solar_4,_LLC_33.688378_-115.199522.csv",64104,614245.0,503895.7974020588,110349.20259794121
"C:/Users/kperry/Documents/extreme-weather-ca-heatwave\pvwatts_powerplants\9qj152_Maverick_Solar_6,_LLC_33.74024_-115.35214.csv",64105,420247.0,504029.1634707533,-83782.1634707533
C:/Users/kperry/Documents/extreme-weather-ca-heatwave\pvwatts_powerplants\9qj152_McCoy_Solar_Energy_Project_Hybrid_33.703743_-114.764833.csv,58462,3288351.0699999994,3389817.552285679,-101466.48228567978
C:/Users/kperry/Documents/extreme-weather-ca-heatwave\pvwatts_powerplants\9qj152_North_Palm_Springs_1A_33.923347_-116.594548.csv,57743,24775.02,29188.839326327634,-4413.8193263276335
C:/Users/kperry/Documents/extreme-weather-ca-heatwave\pvwatts_powerplants\9qj152_North_Palm_Springs_4A_33.908674_-116.560154.csv,57722,41938.01,48190.06891644468,-6252.058916444679
C:/Users/kperry/Documents/extreme-weather-ca-heatwave\pvwatts_powerplants\9qj152_Oberon_Solar_Project_33.725692_-115.375223.csv,65734,0.0,636131.8600900087,-636131.8600900087
C:/Users/kperry/Documents/extreme-weather-ca-heatwave\pvwatts_powerplants\9qj152_Palo_Verde_College_33.666084_-114.65691.csv,57773,10409.090000000002,14927.070313561573,-4517.980313561571
C:/Users/kperry/Documents/extreme-weather-ca-heatwave\pvwatts_powerplants\9qj152_RCWD_PV_Project_33.536297_-117.196963.csv,60426,48306.07,48586.197796876935,-280.12779687693546
"C:/Users/kperry/Documents/extreme-weather-ca-heatwave\pvwatts_powerplants\9qj152_SE_Athos_II,_LLC_33.74373_-115.313258.csv",64290,648969.0,1001157.6431729656,-352188.6431729656
C:/Users/kperry/Documents/extreme-weather-ca-heatwave\pvwatts_powerplants\9qj152_Soboba_Community_Solar_Project_33.770206_-116.904249.csv,61834,15153.009999999998,17298.415614605838,-2145.405614605839
"C:/Users/kperry/Documents/extreme-weather-ca-heatwave\pvwatts_powerplants\9qj152_Solar_Blythe,_LLC_33.591974_-114.742253.csv",56939,210443.07000000004,220320.9215728876,-9877.851572887565
C:/Users/kperry/Documents/extreme-weather-ca-heatwave\pvwatts_powerplants\9qj152_Solar_Blythe_2_33.624294_-114.699178.csv,60558,250291.97999999998,261777.35131066557,-11485.371310665592
C:/Users/kperry/Documents/extreme-weather-ca-heatwave\pvwatts_powerplants\9qj152_SunAnza_33.557208_-116.642211.csv,60791,21790.050000000003,22554.69554112752,-764.6455411275165
C:/Users/kperry/Documents/extreme-weather-ca-heatwave\pvwatts_powerplants\9qj152_SunEdison_Ironwood_State_Prison_33.566907_-114.918045.csv,57007,8154.040000000001,11318.291624777497,-3164.2516247774965
C:/Users/kperry/Documents/extreme-weather-ca-heatwave\pvwatts_powerplants\9qj152_Tequesquite_Landfill_Solar_PV_Project_33.97533_-117.405786.csv,60035,64623.030000000006,71846.78194136247,-7223.751941362461
C:/Users/kperry/Documents/extreme-weather-ca-heatwave\pvwatts_powerplants\9qj152_Valley_Sanitary_District_WTP_Solar_33.717775_-116.198272.csv,60824,8590.04,10294.512042164826,-1704.4720421648253
C:/Users/kperry/Documents/extreme-weather-ca-heatwave\pvwatts_powerplants\9qj152_Venable_Solar_1_33.598564_-114.571681.csv,58289,14929.01,15426.121370219827,-497.1113702198272
C:/Users/kperry/Documents/extreme-weather-ca-heatwave\pvwatts_powerplants\9qj152_Venable_Solar_2_33.597048_-114.571952.csv,58290,14939.04,15426.171861844443,-487.131861844442
"C:/Users/kperry/Documents/extreme-weather-ca-heatwave\pvwatts_powerplants\9qndpr_Black_Mountain_Solar,_LLC_35.022825_-114.162449.csv",58042,103689.99,113790.866720077,-10100.876720076994
C:/Users/kperry/Documents/extreme-weather-ca-heatwave\pvwatts_powerplants\9qndpr_Gray_Hawk_Solar_35.349159_-113.914259.csv,61272,635763.0,582253.3999594245,53509.60004057549
C:/Users/kperry/Documents/extreme-weather-ca-heatwave\pvwatts_powerplants\9qndpr_Jacobson_5_MW_Solar_35.303874_-114.01518.csv,60603,44786.00000000001,47844.69203992595,-3058.6920399259398
C:/Users/kperry/Documents/extreme-weather-ca-heatwave\pvwatts_powerplants\9qndpr_La_Senita_35.241588_-114.004585.csv,57556,9850.040000000003,12685.093955387578,-2835.053955387575
C:/Users/kperry/Documents/extreme-weather-ca-heatwave\pvwatts_powerplants\9qndpr_Mohave_Electric_at_Fort_Mohave_34.983955_-114.55634.csv,59819,78710.03000000001,45834.35877224012,32875.67122775989
C:/Users/kperry/Documents/extreme-weather-ca-heatwave\pvwatts_powerplants\9qndpr_Mohave_Electric_Cooperative_at_Joy_Lane_34.994777_-114.553771.csv,63554,99399.01999999999,124782.85670306125,-25383.836703061257
C:/Users/kperry/Documents/extreme-weather-ca-heatwave\pvwatts_powerplants\9qqk6u_Apex_Solar_PV_Power_Project_36.392197_-114.964727.csv,58489,258552.03000000003,252414.6735532984,6137.356446701626
"C:/Users/kperry/Documents/extreme-weather-ca-heatwave\pvwatts_powerplants\9qqk6u_Boulder_Solar_II,_LLC_35.84781_-114.945912.csv",60885,662586.0,614764.1957923317,47821.80420766829
"C:/Users/kperry/Documents/extreme-weather-ca-heatwave\pvwatts_powerplants\9qqk6u_Boulder_Solar_Power,_LLC_35.836256_-114.9816.csv",60352,1357633.0,1231109.212816151,126523.78718384891
C:/Users/kperry/Documents/extreme-weather-ca-heatwave\pvwatts_powerplants\9qqk6u_CM10_35.786467_-114.997984.csv,56944,101744.04000000001,105677.17406876716,-3933.1340687671473
C:/Users/kperry/Documents/extreme-weather-ca-heatwave\pvwatts_powerplants\9qqk6u_CM48_35.781022_-114.992615.csv,57205,490918.05,507255.1130247579,-16337.063024757896
C:/Users/kperry/Documents/extreme-weather-ca-heatwave\pvwatts_powerplants\9qqk6u_Copper_Mountain_Solar_2_35.785768_-114.961632.csv,58017,1818973.03,1627454.1771299469,191518.85287005315
C:/Users/kperry/Documents/extreme-weather-ca-heatwave\pvwatts_powerplants\9qqk6u_Copper_Mountain_Solar_3_35.881832_-114.965487.csv,58915,3057374.0,2629740.8745904868,427633.12540951325
"C:/Users/kperry/Documents/extreme-weather-ca-heatwave\pvwatts_powerplants\9qqk6u_Copper_Mountain_Solar_4,_LLC_35.788794_-114.979682.csv",59814,1281076.0199999998,1154811.6521876259,126264.36781237391
"C:/Users/kperry/Documents/extreme-weather-ca-heatwave\pvwatts_powerplants\9qqk6u_Copper_Mountain_Solar_5,_LLC_35.771769_-114.976657.csv",63504,1040005.0,1229664.1403604303,-189659.14036043035
"C:/Users/kperry/Documents/extreme-weather-ca-heatwave\pvwatts_powerplants\9qqk6u_Harry_Allen_Solar_Energy,_LLC_36.425518_-114.923188.csv",63080,471369.0,491984.82474222215,-20615.824742222147
C:/Users/kperry/Documents/extreme-weather-ca-heatwave\pvwatts_powerplants\9qqk6u_Las_Vegas_WPCF_Solar_Plant_36.134709_-115.03527.csv,58477,31875.220000000005,40919.477676544055,-9044.25767654405
C:/Users/kperry/Documents/extreme-weather-ca-heatwave\pvwatts_powerplants\9qqk6u_Moapa_Southern_Paiute_36.525935_-114.75462.csv,57859,3096586.0,2690639.18384721,405946.8161527901
C:/Users/kperry/Documents/extreme-weather-ca-heatwave\pvwatts_powerplants\9qqk6u_Mountain_View_Solar_36.386503_-114.952156.csv,58544,270682.00999999995,251046.93498260563,19635.075017394323
C:/Users/kperry/Documents/extreme-weather-ca-heatwave\pvwatts_powerplants\9qqk6u_Nellis_Air_Force_Base_Solar_Array_36.256491_-115.054411.csv,56568,117498.0,160828.55772950777,-43330.55772950777
C:/Users/kperry/Documents/extreme-weather-ca-heatwave\pvwatts_powerplants\9qqk6u_Nellis_Solar_PV_II_36.207622_-115.04642.csv,59919,195640.0,190745.3035376814,4894.696462318592
"C:/Users/kperry/Documents/extreme-weather-ca-heatwave\pvwatts_powerplants\9qqk6u_Playa_Solar_1,_LLC_36.400079_-114.901877.csv",59827,1049830.0,971315.8903537302,78514.10964626982
C:/Users/kperry/Documents/extreme-weather-ca-heatwave\pvwatts_powerplants\9qqk6u_Playa_Solar_2_36.410661_-114.912141.csv,60261,1441901.0,1229434.1676381235,212466.8323618765
C:/Users/kperry/Documents/extreme-weather-ca-heatwave\pvwatts_powerplants\9qqk6u_River_Mountains_Solar_36.031854_-114.927786.csv,59747,154452.04,180807.1452418506,-26355.1052418506
C:/Users/kperry/Documents/extreme-weather-ca-heatwave\pvwatts_powerplants\9qqk6u_Searchlight_Solar_35.486403_-114.934023.csv,59404,238261.03,224940.0959312715,13320.9340687285
C:/Users/kperry/Documents/extreme-weather-ca-heatwave\pvwatts_powerplants\9qqk6u_Silver_State_Solar_Power_North_35.62505_-115.350152.csv,57442,582516.01,568086.5348565663,14429.475143433665
C:/Users/kperry/Documents/extreme-weather-ca-heatwave\pvwatts_powerplants\9qqk6u_Silver_State_Solar_Power_South_35.607882_-115.337278.csv,58644,3354534.02,3209024.7597006275,145509.2602993725
C:/Users/kperry/Documents/extreme-weather-ca-heatwave\pvwatts_powerplants\9qqk6u_Spectrum_Solar_PV_Power_Project_36.23712_-114.87362.csv,58490,415696.02,371945.12977767154,43750.89022232848
"C:/Users/kperry/Documents/extreme-weather-ca-heatwave\pvwatts_powerplants\9qqk6u_Techren_Solar_I,_LLC_35.852813_-114.968555.csv",61611,935039.0,992714.9335064208,-57675.93350642081
"C:/Users/kperry/Documents/extreme-weather-ca-heatwave\pvwatts_powerplants\9qqk6u_Techren_Solar_II,_LLC_35.867654_-114.955521.csv",61930,1817079.0,1985261.751763396,-168182.75176339597
"C:/Users/kperry/Documents/extreme-weather-ca-heatwave\pvwatts_powerplants\9qqk6u_Techren_Solar_III,_LLC_35.844998_-114.972093.csv",61931,147716.0,187082.28439350528,-39366.28439350528
"C:/Users/kperry/Documents/extreme-weather-ca-heatwave\pvwatts_powerplants\9qqk6u_Techren_Solar_IV,_LLC_35.892361_-114.936029.csv",61932,144650.0,185671.70001266844,-41021.70001266844
C:/Users/kperry/Documents/extreme-weather-ca-heatwave\pvwatts_powerplants\9qqk6u_Techren_Solar_V_35.901334_-114.926483.csv,62440,277123.0,371322.91909091227,-94199.91909091227
C:/Users/kperry/Documents/extreme-weather-ca-heatwave\pvwatts_powerplants\9qqk6u_Townsite_Solar_Project_Hybrid_35.938777_-114.886585.csv,60654,499509.0,791444.1309103038,-291935.1309103038
C:/Users/kperry/Documents/extreme-weather-ca-heatwave\pvwatts_powerplants\9qw0kp_Bloomington_Solar_I_37.043952_-113.627719.csv,62805,16929.0,20491.109786119177,-3562.1097861191774
C:/Users/kperry/Documents/extreme-weather-ca-heatwave\pvwatts_powerplants\9qw0kp_NVSS-II_36.275343_-115.972339.csv,62636,101358.03,151943.96162754536,-50585.93162754536
C:/Users/kperry/Documents/extreme-weather-ca-heatwave\pvwatts_powerplants\9qw0kp_Sunshine_Valley_Solar_36.515032_-116.515336.csv,59826,647754.0,1011903.0509098301,-364149.05090983014
"C:/Users/kperry/Documents/extreme-weather-ca-heatwave\pvwatts_powerplants\9r106e_Enerparc_CA2,_LLC_39.69908_-122.175386.csv",59978,17245.030000000002,16726.34972709335,518.6802729066512
C:/Users/kperry/Documents/extreme-weather-ca-heatwave\pvwatts_powerplants\9r13pb_Butte_College_Main_Campus_Solar_39.651561_-121.650012.csv,57970,29708.039999999997,33005.5779154348,-3297.537915434801
C:/Users/kperry/Documents/extreme-weather-ca-heatwave\pvwatts_powerplants\9r13pb_Gridley_Main_39.373372_-121.684357.csv,58370,8331.05,11183.587303424527,-2852.5373034245276
C:/Users/kperry/Documents/extreme-weather-ca-heatwave\pvwatts_powerplants\9r13pb_Gridley_Main_Two_39.373289_-121.681455.csv,58371,20078.019999999997,27958.9189132429,-7880.8989132429015
C:/Users/kperry/Documents/extreme-weather-ca-heatwave\pvwatts_powerplants\9r1jcf_Shasta_Solar_Farm_41.031259_-121.425306.csv,58814,35715.03,33991.3809029987,1723.6490970012965
C:/Users/kperry/Documents/extreme-weather-ca-heatwave\pvwatts_powerplants\9r1jcf_Sierra_Pacific_Industries_(2042-RD)_40.122194_-122.189406.csv,63416,48384.01000000001,48181.95775051281,202.05224948719842
C:/Users/kperry/Documents/extreme-weather-ca-heatwave\pvwatts_powerplants\9r3wzq_Bly_Solar_Center_42.37664_-121.020118.csv,62272,80410.03,88082.9442576255,-7672.914257625496
"C:/Users/kperry/Documents/extreme-weather-ca-heatwave\pvwatts_powerplants\9r3wzq_Chiloquin_Solar,_LLC_42.611487_-121.862597.csv",61631,99876.02,95645.67915444168,4230.340845558327
C:/Users/kperry/Documents/extreme-weather-ca-heatwave\pvwatts_powerplants\9r3wzq_Klamath_Falls_Solar_2_(CSG)_42.182954_-121.763455.csv,61553,32626.019999999997,32574.11362868309,51.90637131690528
"C:/Users/kperry/Documents/extreme-weather-ca-heatwave\pvwatts_powerplants\9r3wzq_NorWest_Energy_4,_LLC_42.207084_-121.351576.csv",62268,43469.009999999995,50540.56471431093,-7071.554714310936
C:/Users/kperry/Documents/extreme-weather-ca-heatwave\pvwatts_powerplants\9r3wzq_Old_Mill_Solar_42.408186_-121.043107.csv,59374,53043.06,54823.08423099706,-1780.0242309970636
C:/Users/kperry/Documents/extreme-weather-ca-heatwave\pvwatts_powerplants\9r3wzq_Oregon_University_System_OIT_Klamath_Falls_42.260185_-121.785776.csv,58961,12734.99,18250.977149180384,-5515.987149180384
"C:/Users/kperry/Documents/extreme-weather-ca-heatwave\pvwatts_powerplants\9r3wzq_OR_Solar_3,_LLC_42.022228_-121.425629.csv",61201,121936.04,111926.96166387292,10009.078336127073
"C:/Users/kperry/Documents/extreme-weather-ca-heatwave\pvwatts_powerplants\9r3wzq_OR_Solar_5,_LLC_42.031034_-121.611061.csv",61423,96986.99999999999,89661.27159104188,7325.728408958108
"C:/Users/kperry/Documents/extreme-weather-ca-heatwave\pvwatts_powerplants\9r3wzq_OR_Solar_8,_LLC_42.239049_-121.58562.csv",61424,126763.04999999999,111972.20529351506,14790.844706484932
C:/Users/kperry/Documents/extreme-weather-ca-heatwave\pvwatts_powerplants\9r3wzq_Woodline_Solar_42.236037_-121.577258.csv,61559,87219.02,89890.59584376946,-2671.5758437694603
C:/Users/kperry/Documents/extreme-weather-ca-heatwave\pvwatts_powerplants\9r4bc7_Fish_Springs_40.080627_-119.963667.csv,64148,223573.0,458091.90851469134,-234518.90851469134
C:/Users/kperry/Documents/extreme-weather-ca-heatwave\pvwatts_powerplants\9r4bc7_HL_Solar_40.372677_-120.264829.csv,62655,34376.020000000004,70304.82360841388,-35928.80360841387
C:/Users/kperry/Documents/extreme-weather-ca-heatwave\pvwatts_powerplants\9r4bc7_PSREC_SIAD_Solar_40.150274_-120.124711.csv,63493,19224.99,27919.88508568195,-8694.89508568195
C:/Users/kperry/Documents/extreme-weather-ca-heatwave\pvwatts_powerplants\9r4bc7_Turquoise_Liberty_Solar_39.580532_-119.517431.csv,62980,64233.01,95137.1553403816,-30904.145340381605
"C:/Users/kperry/Documents/extreme-weather-ca-heatwave\pvwatts_powerplants\9r4bc7_Turquoise_Nevada,_LLC_39.587008_-119.527319.csv",63906,222230.0,350406.0430246057,-128176.04302460572
C:/Users/kperry/Documents/extreme-weather-ca-heatwave\pvwatts_powerplants\9r4bc7_Western_102_Power_Plant_39.560389_-119.509091.csv,56500,11184.0,10104.013624885034,1079.986375114966
"C:/Users/kperry/Documents/extreme-weather-ca-heatwave\pvwatts_powerplants\9r50xy_EGP_Stillwater_Solar_PV_II,_LLC_39.537086_-118.563667.csv",61809,107653.05999999997,207286.97749472116,-99633.91749472119
C:/Users/kperry/Documents/extreme-weather-ca-heatwave\pvwatts_powerplants\9r50xy_Ft._Churchill_PV_39.121494_-119.140914.csv,59472,164884.03000000006,214784.70167757027,-49900.67167757021
C:/Users/kperry/Documents/extreme-weather-ca-heatwave\pvwatts_powerplants\9r50xy_Luning_Energy_38.545208_-118.193732.csv,61084,653190.0,597697.4818677454,55492.5181322546
"C:/Users/kperry/Documents/extreme-weather-ca-heatwave\pvwatts_powerplants\9r50xy_Patua_Acquisition_Project,_LLC_39.582548_-119.068946.csv",58319,133672.05000000002,125548.94718111333,8123.102818886691
C:/Users/kperry/Documents/extreme-weather-ca-heatwave\pvwatts_powerplants\9r50xy_Stillwater_Facility_39.542771_-118.560936.csv,50765,196820.01,214661.97099009363,-17841.96099009362
C:/Users/kperry/Documents/extreme-weather-ca-heatwave\pvwatts_powerplants\9r50xy_Tungsten_Mountain_39.666486_-117.681253.csv,60785,59832.0,71772.20669608456,-11940.206696084555
C:/Users/kperry/Documents/extreme-weather-ca-heatwave\pvwatts_powerplants\9r88yx_Eagle_Point_Solar_42.400782_-122.830308.csv,61560,86565.07,99858.38751759504,-13293.317517595031
"C:/Users/kperry/Documents/extreme-weather-ca-heatwave\pvwatts_powerplants\9r88yx_OR_Solar_2,_LLC_42.521494_-122.828455.csv",61200,43692.01999999999,61085.38927241046,-17393.36927241047
C:/Users/kperry/Documents/extreme-weather-ca-heatwave\pvwatts_powerplants\9r9uxw_Airport_Solar_42.166668_-120.409479.csv,62560,321640.0,420136.5338023121,-98496.5338023121
"C:/Users/kperry/Documents/extreme-weather-ca-heatwave\pvwatts_powerplants\9r9uxw_Alkali_Solar,_LLC_43.31856_-121.002206.csv",63795,65984.04000000001,65884.86067318192,99.1793268180918
C:/Users/kperry/Documents/extreme-weather-ca-heatwave\pvwatts_powerplants\9r9uxw_BC_Solar_42.172667_-120.362524.csv,60616,91497.05,88071.29933629528,3425.750663704719
C:/Users/kperry/Documents/extreme-weather-ca-heatwave\pvwatts_powerplants\9r9uxw_Black_Cap_Solar_Plant_42.175092_-120.362663.csv,58150,18120.99,22017.524770187436,-3896.5347701874343
C:/Users/kperry/Documents/extreme-weather-ca-heatwave\pvwatts_powerplants\9r9uxw_Fort_Rock_IV_43.397002_-120.948912.csv,63926,59171.009999999995,65804.71552713479,-6633.705527134793
C:/Users/kperry/Documents/extreme-weather-ca-heatwave\pvwatts_powerplants\9r9uxw_Fort_Rock_I_43.316651_-121.00914.csv,63636,70684.98000000001,65226.70930818541,5458.2706918146
C:/Users/kperry/Documents/extreme-weather-ca-heatwave\pvwatts_powerplants\9r9uxw_Garrett_Solar_42.147793_-120.420207.csv,63301,73819.05000000002,89033.2835274218,-15214.233527421777
"C:/Users/kperry/Documents/extreme-weather-ca-heatwave\pvwatts_powerplants\9r9uxw_OR_Solar_6,_LLC_42.211172_-120.371519.csv",61430,122205.03000000001,109975.07102625871,12229.958973741304
C:/Users/kperry/Documents/extreme-weather-ca-heatwave\pvwatts_powerplants\9r9uxw_Outback_Solar_at_Christmas_Valley_43.235275_-120.486327.csv,58131,48879.01000000001,48126.6990058974,752.3109941026123
"C:/Users/kperry/Documents/extreme-weather-ca-heatwave\pvwatts_powerplants\9r9uxw_Rock_Garden_Solar,_LLC_43.394159_-120.954844.csv",63779,63372.01,65805.89492080032,-2433.8849208003157
C:/Users/kperry/Documents/extreme-weather-ca-heatwave\pvwatts_powerplants\9rb6wg_Baldock_Solar_Highway_45.269653_-122.771784.csv,57882,9512.030000000002,12472.936920697422,-2960.90692069742
"C:/Users/kperry/Documents/extreme-weather-ca-heatwave\pvwatts_powerplants\9rb6wg_Ballston_Solar,_LLC_45.076462_-123.394093.csv",62170,14902.039999999999,16700.801908805995,-1798.7619088059964
C:/Users/kperry/Documents/extreme-weather-ca-heatwave\pvwatts_powerplants\9rb6wg_Bellevue_Solar_Project_45.112295_-123.234291.csv,57372,4877.04,10098.513623478979,-5221.473623478979
C:/Users/kperry/Documents/extreme-weather-ca-heatwave\pvwatts_powerplants\9rb6wg_Bighorn_Solar_44.967035_-122.957862.csv,63467,6587.0,11603.651853892981,-5016.651853892981
"C:/Users/kperry/Documents/extreme-weather-ca-heatwave\pvwatts_powerplants\9rb6wg_Boring_Solar,_LLC_45.430769_-122.28454.csv",62169,14862.04,12209.211199165393,2652.828800834608
"C:/Users/kperry/Documents/extreme-weather-ca-heatwave\pvwatts_powerplants\9rb6wg_Brightwood_Solar,_LLC_45.383402_-122.079111.csv",64830,11326.01,27461.159017139846,-16135.149017139845
C:/Users/kperry/Documents/extreme-weather-ca-heatwave\pvwatts_powerplants\9rb6wg_Bristol_Solar_45.144867_-122.786688.csv,64009,8613.02,8923.533163536824,-310.5131635368234
C:/Users/kperry/Documents/extreme-weather-ca-heatwave\pvwatts_powerplants\9rb6wg_Brush_Creek_Solar_44.985426_-122.812712.csv,63464,8680.04,11466.729416063115,-2786.6894160631145
"C:/Users/kperry/Documents/extreme-weather-ca-heatwave\pvwatts_powerplants\9rb6wg_Butler_Solar,_LLC_45.101472_-123.41943.csv",63694,16332.01,14342.414154852433,1989.5958451475672
C:/Users/kperry/Documents/extreme-weather-ca-heatwave\pvwatts_powerplants\9rb6wg_Carnes_Creek_Solar_(CSG)_45.076112_-122.933266.csv,65745,83.0,4236.419039875971,-4153.419039875971
C:/Users/kperry/Documents/extreme-weather-ca-heatwave\pvwatts_powerplants\9rb6wg_Case_Creek_Solar_45.172331_-122.912379.csv,63207,11956.06,13171.305329261904,-1215.2453292619048
C:/Users/kperry/Documents/extreme-weather-ca-heatwave\pvwatts_powerplants\9rb6wg_Colton_Solar_45.170298_-122.472865.csv,61831,16153.049999999997,15389.17424114668,763.8757588533172
C:/Users/kperry/Documents/extreme-weather-ca-heatwave\pvwatts_powerplants\9rb6wg_Cosper_Creek_Solar_(CSG)_45.058885_-123.497377.csv,65746,94.0,4343.543812317391,-4249.543812317391
C:/Users/kperry/Documents/extreme-weather-ca-heatwave\pvwatts_powerplants\9rb6wg_Dayton_Cutoff_Solar_45.169611_-123.13626.csv,61827,18069.07,16281.408394166925,1787.6616058330746
"C:/Users/kperry/Documents/extreme-weather-ca-heatwave\pvwatts_powerplants\9rb6wg_Day_Hill_Solar,_LLC_45.268845_-122.329109.csv",63957,7771.010000000001,9757.535909098835,-1986.5259090988338
C:/Users/kperry/Documents/extreme-weather-ca-heatwave\pvwatts_powerplants\9rb6wg_Drift_Creek_Solar_44.970522_-122.802471.csv,63466,9211.029999999999,10010.177017735346,-799.1470177353476
C:/Users/kperry/Documents/extreme-weather-ca-heatwave\pvwatts_powerplants\9rb6wg_Dunn_Road_Solar_45.431494_-122.286481.csv,63642,6342.990000000001,5807.2629600010705,535.7270399989302
"C:/Users/kperry/Documents/extreme-weather-ca-heatwave\pvwatts_powerplants\9rb6wg_Duus_Solar,_LLC_45.318494_-122.331678.csv",63330,54717.030000000006,48690.84024129017,6026.189758709836
"C:/Users/kperry/Documents/extreme-weather-ca-heatwave\pvwatts_powerplants\9rb6wg_Firwood_Solar,_LLC_45.379532_-122.229859.csv",63331,55598.00000000001,48563.956053929236,7034.043946070771
C:/Users/kperry/Documents/extreme-weather-ca-heatwave\pvwatts_powerplants\9rb6wg_Fruitland_Creek_Solar_(CSG)_44.929836_-122.937619.csv,65747,57.0,3033.0424258211897,-2976.0424258211897
C:/Users/kperry/Documents/extreme-weather-ca-heatwave\pvwatts_powerplants\9rb6wg_Grand_Ronde_Solar_45.053049_-123.609457.csv,61835,21141.019999999997,16245.304373961977,4895.71562603802
C:/Users/kperry/Documents/extreme-weather-ca-heatwave\pvwatts_powerplants\9rb6wg_Greenpark_Solar_44.876176_-122.935312.csv,64033,4048.01,5965.839266695372,-1917.829266695372
C:/Users/kperry/Documents/extreme-weather-ca-heatwave\pvwatts_powerplants\9rb6wg_Interstate_Solar_45.129636_-122.899589.csv,61832,19764.0,16793.855109594897,2970.144890405103
C:/Users/kperry/Documents/extreme-weather-ca-heatwave\pvwatts_powerplants\9rb6wg_Kaiser_Creek_Solar_(CSG)_45.143578_-122.607851.csv,65748,63.0,3296.0744927209257,-3233.0744927209257
C:/Users/kperry/Documents/extreme-weather-ca-heatwave\pvwatts_powerplants\9rb6wg_Kale_Patch_Solar_45.083174_-122.90282.csv,63208,12046.020000000002,13212.200921490003,-1166.1809214900004
"C:/Users/kperry/Documents/extreme-weather-ca-heatwave\pvwatts_powerplants\9rb6wg_Labish_Solar,_LLC_44.985089_-122.941138.csv",62171,15563.02,16495.82049601898,-932.8004960189792
C:/Users/kperry/Documents/extreme-weather-ca-heatwave\pvwatts_powerplants\9rb6wg_Milford_Solar_OR_45.559908_-123.071525.csv,64008,9212.02,8950.56983106184,261.45016893815955
C:/Users/kperry/Documents/extreme-weather-ca-heatwave\pvwatts_powerplants\9rb6wg_Mill_Creek_Solar_(OR)_45.168553_-123.135107.csv,61338,19643.980000000003,16281.474219121312,3362.5057808786914
C:/Users/kperry/Documents/extreme-weather-ca-heatwave\pvwatts_powerplants\9rb6wg_Minke_Solar_45.171211_-122.624282.csv,63465,6145.03,11219.07165635219,-5074.041656352189
C:/Users/kperry/Documents/extreme-weather-ca-heatwave\pvwatts_powerplants\9rb6wg_Mt._Hope_Solar_45.126464_-122.608112.csv,63663,8463.02,8477.115159820612,-14.095159820612025
C:/Users/kperry/Documents/extreme-weather-ca-heatwave\pvwatts_powerplants\9rb6wg_O'Neill_Creek_Solar_45.471659_-123.13974.csv,63235,11863.02,13197.23289583353,-1334.2128958335288
C:/Users/kperry/Documents/extreme-weather-ca-heatwave\pvwatts_powerplants\9rb6wg_Oregon_University_System_Rabbit_Field_44.566239_-123.295743.csv,59790,6690.0199999999995,9188.317541669634,-2498.2975416696345
"C:/Users/kperry/Documents/extreme-weather-ca-heatwave\pvwatts_powerplants\9rb6wg_Palmer_Creek_Solar,_LLC_45.184296_-123.103751.csv",63956,8118.01,10684.120973971741,-2566.1109739717413
C:/Users/kperry/Documents/extreme-weather-ca-heatwave\pvwatts_powerplants\9rb6wg_Pika_Solar_45.088004_-122.772281.csv,63462,7137.0199999999995,11481.998645856096,-4344.978645856097
C:/Users/kperry/Documents/extreme-weather-ca-heatwave\pvwatts_powerplants\9rb6wg_Rafael_Solar_44.859872_-123.008155.csv,63206,12055.01,13215.74733978175,-1160.73733978175
C:/Users/kperry/Documents/extreme-weather-ca-heatwave\pvwatts_powerplants\9rb6wg_Red_Prairie_Solar_45.086377_-123.422801.csv,65228,4651.01,6732.133183770508,-2081.123183770508
C:/Users/kperry/Documents/extreme-weather-ca-heatwave\pvwatts_powerplants\9rb6wg_River_Valley_Solar_45.128043_-122.828527.csv,63665,1470.0,9865.920439426487,-8395.920439426487
C:/Users/kperry/Documents/extreme-weather-ca-heatwave\pvwatts_powerplants\9rb6wg_Sandy_River_Solar_(CSG)_45.43149_-122.295791.csv,65750,103.0,2976.6950504558386,-2873.6950504558386
C:/Users/kperry/Documents/extreme-weather-ca-heatwave\pvwatts_powerplants\9rb6wg_Sheep_Solar_44.827488_-122.948339.csv,61830,19147.05,16936.07617182259,2210.973828177408
C:/Users/kperry/Documents/extreme-weather-ca-heatwave\pvwatts_powerplants\9rb6wg_Silverton_Solar_45.014302_-122.807152.csv,61829,18928.05,16587.340254515835,2340.709745484164
"C:/Users/kperry/Documents/extreme-weather-ca-heatwave\pvwatts_powerplants\9rb6wg_SSD_Clackamas_1,_LLC_45.420938_-122.333268.csv",63961,10225.02,19452.085228836255,-9227.065228836254
"C:/Users/kperry/Documents/extreme-weather-ca-heatwave\pvwatts_powerplants\9rb6wg_SSD_Clackamas_4,_LLC_45.105651_-122.662012.csv",63962,7567.0,10330.057678950432,-2763.057678950432
"C:/Users/kperry/Documents/extreme-weather-ca-heatwave\pvwatts_powerplants\9rb6wg_SSD_Clackamas_7,_LLC_45.181767_-122.591971.csv",63963,6716.029999999999,10198.579784397047,-3482.549784397048
"C:/Users/kperry/Documents/extreme-weather-ca-heatwave\pvwatts_powerplants\9rb6wg_SSD_Marion_1,_LLC_45.137896_-122.914407.csv",63964,7563.030000000001,10565.514027251438,-3002.4840272514375
"C:/Users/kperry/Documents/extreme-weather-ca-heatwave\pvwatts_powerplants\9rb6wg_SSD_Marion_3,_LLC_44.984203_-122.960193.csv",63958,6951.02,10665.572198941745,-3714.552198941745
"C:/Users/kperry/Documents/extreme-weather-ca-heatwave\pvwatts_powerplants\9rb6wg_SSD_Marion_5,_LLC_45.113431_-122.793289.csv",63959,7367.0199999999995,10436.888965523132,-3069.868965523133
"C:/Users/kperry/Documents/extreme-weather-ca-heatwave\pvwatts_powerplants\9rb6wg_SSD_Marion_6,_LLC_45.255099_-122.803325.csv",63960,7790.049999999999,10370.115503768438,-2580.065503768439
"C:/Users/kperry/Documents/extreme-weather-ca-heatwave\pvwatts_powerplants\9rb6wg_Steel_Bridge_Solar,_LLC_45.067675_-123.470971.csv",60057,16141.01,17600.930211249008,-1459.9202112490075
C:/Users/kperry/Documents/extreme-weather-ca-heatwave\pvwatts_powerplants\9rb6wg_St_Louis_Solar_45.120234_-122.936268.csv,63456,11436.01,11623.029322426548,-187.01932242654766
C:/Users/kperry/Documents/extreme-weather-ca-heatwave\pvwatts_powerplants\9rb6wg_Sulus_Solar_17_45.349163_-122.429474.csv,63908,11257.029999999997,13356.009715425344,-2098.9797154253465
C:/Users/kperry/Documents/extreme-weather-ca-heatwave\pvwatts_powerplants\9rb6wg_Sulus_Solar_22_44.974004_-122.776207.csv,64022,8291.01,8964.363504530684,-673.3535045306835
C:/Users/kperry/Documents/extreme-weather-ca-heatwave\pvwatts_powerplants\9rb6wg_Sulus_Solar_25_45.268993_-122.82176.csv,64034,6839.060000000001,9879.601712695727,-3040.5417126957254
C:/Users/kperry/Documents/extreme-weather-ca-heatwave\pvwatts_powerplants\9rb6wg_Sulus_Solar_28_45.103864_-123.515506.csv,64007,10129.98,13870.85889890608,-3740.8788989060813
C:/Users/kperry/Documents/extreme-weather-ca-heatwave\pvwatts_powerplants\9rb6wg_Sulus_Solar_29_45.458507_-122.289444.csv,64048,7347.029999999999,11015.889370412111,-3668.859370412112
C:/Users/kperry/Documents/extreme-weather-ca-heatwave\pvwatts_powerplants\9rb6wg_Sulus_Solar_33_45.079018_-123.40303.csv,64006,9505.98,9180.325357210624,325.65464278937543
C:/Users/kperry/Documents/extreme-weather-ca-heatwave\pvwatts_powerplants\9rb6wg_Sulus_Solar_35_45.141533_-122.649541.csv,63969,11356.01,13352.122463317446,-1996.1124633174459
C:/Users/kperry/Documents/extreme-weather-ca-heatwave\pvwatts_powerplants\9rb6wg_Thomas_Creek_Solar_45.131375_-122.619444.csv,63443,11559.99,14924.850450334008,-3364.8604503340084
C:/Users/kperry/Documents/extreme-weather-ca-heatwave\pvwatts_powerplants\9rb6wg_Tickle_Creek_Solar_45.3733_-122.264946.csv,63442,9068.01,12339.148134178118,-3271.138134178118
C:/Users/kperry/Documents/extreme-weather-ca-heatwave\pvwatts_powerplants\9rb6wg_Valley_Creek_Solar_45.03301_-123.09691.csv,61828,19562.04,16615.81007177665,2946.2299282233507
C:/Users/kperry/Documents/extreme-weather-ca-heatwave\pvwatts_powerplants\9rb6wg_Williams_Acres_Solar_45.137367_-122.800157.csv,63664,7856.03,8659.557174602716,-803.5271746027165
"C:/Users/kperry/Documents/extreme-weather-ca-heatwave\pvwatts_powerplants\9rb6wg_Yamhill_Solar,_LLC_45.10838_-123.278175.csv",57652,4580.05,7824.508396148786,-3244.458396148786
C:/Users/kperry/Documents/extreme-weather-ca-heatwave\pvwatts_powerplants\9rcvn1_Adams_Solar_Center_44.673117_-121.125151.csv,61496,100952.03,102807.29252327776,-1855.2625232777646
C:/Users/kperry/Documents/extreme-weather-ca-heatwave\pvwatts_powerplants\9rcvn1_Bear_Creek_Solar_Center_44.06044_-121.238169.csv,61281,99015.01000000001,107196.13243196423,-8181.122431964221
C:/Users/kperry/Documents/extreme-weather-ca-heatwave\pvwatts_powerplants\9rcvn1_Elbe_Solar_Center_44.61898_-121.206217.csv,61497,99859.02,104583.37822996746,-4724.35822996746
"C:/Users/kperry/Documents/extreme-weather-ca-heatwave\pvwatts_powerplants\9rcvn1_NorWest_Energy_2,_LLC_44.068482_-121.228347.csv",60548,107298.01999999999,105240.04501597476,2057.9749840252334
"C:/Users/kperry/Documents/extreme-weather-ca-heatwave\pvwatts_powerplants\9rcvn1_OSLH,_LLC_44.059598_-121.229434.csv",60976,110867.03,106124.91044358972,4742.119556410282
C:/Users/kperry/Documents/extreme-weather-ca-heatwave\pvwatts_powerplants\9rcvn1_Solar_Star_Oregon_II_44.185237_-120.916008.csv,61048,610320.0,587170.0134424927,23149.986557507305
"C:/Users/kperry/Documents/extreme-weather-ca-heatwave\pvwatts_powerplants\9rcvn1_Tumbleweed_Solar,_LLC_44.19398_-121.23007.csv",61580,100246.03000000001,91788.40678714498,8457.623212855033
C:/Users/kperry/Documents/extreme-weather-ca-heatwave\pvwatts_powerplants\9rg8bx_Baker_City_Solar_44.7018_-117.763861.csv,61854,95847.02,92070.72000556994,3776.299994430068
C:/Users/kperry/Documents/extreme-weather-ca-heatwave\pvwatts_powerplants\9rg8bx_Brush_Solar_Center_44.466797_-118.205391.csv,61844,18836.04,17092.528721772745,1743.5112782272554
"C:/Users/kperry/Documents/extreme-weather-ca-heatwave\pvwatts_powerplants\9rg8bx_Grove_Solar_Center,_LLC_43.936046_-117.384902.csv",60330,66589.01000000001,61572.67027649748,5016.339723502526
"C:/Users/kperry/Documents/extreme-weather-ca-heatwave\pvwatts_powerplants\9rg8bx_Hyline_Solar_Center,_LLC_44.150366_-117.000996.csv",60331,95259.01999999999,92128.77212396155,3130.24787603844
C:/Users/kperry/Documents/extreme-weather-ca-heatwave\pvwatts_powerplants\9rg8bx_Morgan_Solar_Center_43.950218_-117.072991.csv,61855,19099.97,18598.337933184648,501.632066815353
C:/Users/kperry/Documents/extreme-weather-ca-heatwave\pvwatts_powerplants\9rg8bx_Murphy_Flat_Solar_43.211407_-116.441859.csv,60009,219939.01999999996,210961.3774791824,8977.64252081755
C:/Users/kperry/Documents/extreme-weather-ca-heatwave\pvwatts_powerplants\9rg8bx_Ontario_Solar_Center_44.113233_-117.026613.csv,61860,19536.02,18546.22828039819,989.7917196018097
"C:/Users/kperry/Documents/extreme-weather-ca-heatwave\pvwatts_powerplants\9rg8bx_Open_Range_Solar_Center,_LLC_43.796958_-117.06293.csv",60332,113350.01,101883.12057310886,11466.889426891139
"C:/Users/kperry/Documents/extreme-weather-ca-heatwave\pvwatts_powerplants\9rg8bx_Railroad_Solar_Center,_LLC_43.999105_-117.100477.csv",60333,50801.990000000005,46032.08580152366,4769.904198476346
C:/Users/kperry/Documents/extreme-weather-ca-heatwave\pvwatts_powerplants\9rg8bx_Riley_43.554283_-119.684458.csv,63925,58965.00000000001,65508.90853495677,-6543.908534956761
C:/Users/kperry/Documents/extreme-weather-ca-heatwave\pvwatts_powerplants\9rg8bx_Starvation_43.503691_-119.149256.csv,63344,70857.01999999999,86450.66434967819,-15593.644349678201
"C:/Users/kperry/Documents/extreme-weather-ca-heatwave\pvwatts_powerplants\9rg8bx_Suntex_Solar,_LLC_43.552737_-119.689962.csv",63778,62615.020000000004,65509.67926424217,-2894.6592642421674
"C:/Users/kperry/Documents/extreme-weather-ca-heatwave\pvwatts_powerplants\9rg8bx_Thunderegg_Solar_Center,_LLC_43.932783_-116.988348.csv",60334,111362.0,102510.79685358587,8851.203146414133
"C:/Users/kperry/Documents/extreme-weather-ca-heatwave\pvwatts_powerplants\9rg8bx_Vale_Air_Solar_Center,_LLC_43.961698_-117.259276.csv",60335,110450.03,102416.72272432213,8033.307275677871
C:/Users/kperry/Documents/extreme-weather-ca-heatwave\pvwatts_powerplants\9rg8bx_Vale_Solar_Center_44.158147_-117.443681.csv,61856,14415.009999999998,16227.473012427907,-1812.4630124279083
"C:/Users/kperry/Documents/extreme-weather-ca-heatwave\pvwatts_powerplants\9rg8bx_West_Hines_Solar_I,_LLC_43.499962_-119.146275.csv",63796,63130.000000000015,65427.17007558465,-2297.1700755846323
C:/Users/kperry/Documents/extreme-weather-ca-heatwave\pvwatts_powerplants\9rkf69_Battle_Mountain_Solar_Project_40.720895_-117.063807.csv,61098,463312.0,457387.14810990106,5924.851890098944
"C:/Users/kperry/Documents/extreme-weather-ca-heatwave\pvwatts_powerplants\9rpbwn_Pavant_Solar,_LLC_39.151744_-112.343248.csv",59702,552180.01,564715.7591903153,-12535.749190315255
"C:/Users/kperry/Documents/extreme-weather-ca-heatwave\pvwatts_powerplants\9rpbwn_Pavant_Solar_II,_LLC_39.158924_-112.353087.csv",60449,595665.0400000002,568197.2240034251,27467.815996575053
C:/Users/kperry/Documents/extreme-weather-ca-heatwave\pvwatts_powerplants\9rpbwn_Pavant_Solar_III_39.157077_-112.373955.csv,60886,243088.04000000004,227281.95161512625,15806.088384873787
C:/Users/kperry/Documents/extreme-weather-ca-heatwave\pvwatts_powerplants\9rwgcr_Clif_Bar_Bakery_of_Twin_Falls_42.5382_-114.410983.csv,62151,9948.02,15021.85007458654,-5073.83007458654
C:/Users/kperry/Documents/extreme-weather-ca-heatwave\pvwatts_powerplants\9rwgcr_Grand_View_Solar_Two_43.015967_-116.015811.csv,60068,914933.0,848935.0237851711,65997.9762148289
C:/Users/kperry/Documents/extreme-weather-ca-heatwave\pvwatts_powerplants\9rwgcr_ID_Solar_43.440923_-116.32853.csv,60445,473835.04,425187.90294899023,48647.13705100975
"C:/Users/kperry/Documents/extreme-weather-ca-heatwave\pvwatts_powerplants\9rwgcr_Jackpot_Solar,_LLC_42.200942_-114.630973.csv",65778,4557.0,252188.05177946502,-247631.05177946502
"C:/Users/kperry/Documents/extreme-weather-ca-heatwave\pvwatts_powerplants\9rwgcr_Mt._Home_Solar_1,_LLC_43.147282_-115.721926.csv",59695,238388.02,216468.37825164193,21919.64174835806
C:/Users/kperry/Documents/extreme-weather-ca-heatwave\pvwatts_powerplants\9rwgcr_Orchard_Ranch_Solar_43.468911_-116.289494.csv,60010,234095.01,212557.62417886997,21537.38582113004
C:/Users/kperry/Documents/extreme-weather-ca-heatwave\pvwatts_powerplants\9rwgcr_Simcoe_Solar_43.325088_-115.939035.csv,60748,238385.01,215054.66518900005,23330.34481099996
C:/Users/kperry/Documents/extreme-weather-ca-heatwave\pvwatts_powerplants\9rx7st_American_Falls_Solar_42.830953_-112.742728.csv,60011,218341.99000000002,207815.65414120085,10526.335858799168
C:/Users/kperry/Documents/extreme-weather-ca-heatwave\pvwatts_powerplants\9rx7st_American_Falls_Solar_II_42.825716_-112.749122.csv,60012,224169.02,207822.16085814981,16346.859141850175
C:/Users/kperry/Documents/extreme-weather-ca-heatwave\pvwatts_powerplants\9w01f3_Arlington_Valley_Solar_Energy_II_33.298671_-112.827225.csv,57680,1752878.01,1569680.5743783363,183197.4356216637
C:/Users/kperry/Documents/extreme-weather-ca-heatwave\pvwatts_powerplants\9w01f3_Avalon_Solar_32.03087_-110.958585.csv,59168,371969.9799999999,363398.55731533194,8571.422684667981
C:/Users/kperry/Documents/extreme-weather-ca-heatwave\pvwatts_powerplants\9w01f3_Avalon_Solar_II_32.042663_-110.959069.csv,60062,218020.02000000002,200483.23945024656,17536.780549753457
C:/Users/kperry/Documents/extreme-weather-ca-heatwave\pvwatts_powerplants\9w01f3_Badger_1_33.49817_-112.813276.csv,58262,194857.03999999998,182766.99364653372,12090.046353466256
C:/Users/kperry/Documents/extreme-weather-ca-heatwave\pvwatts_powerplants\9w01f3_Bonnybrooke_PV_33.051117_-111.340769.csv,60413,685717.0399999999,613496.7352131612,72220.30478683871
C:/Users/kperry/Documents/extreme-weather-ca-heatwave\pvwatts_powerplants\9w01f3_Broadway_2_-_Tucson_Phase_II_32.242474_-111.258304.csv,64580,5054.02,7554.894430524038,-2500.874430524038
C:/Users/kperry/Documents/extreme-weather-ca-heatwave\pvwatts_powerplants\9w01f3_Buckeye_Union_HS_District_201_33.417858_-112.574539.csv,58037,35374.03999999999,31901.90806055093,3472.131939449064
C:/Users/kperry/Documents/extreme-weather-ca-heatwave\pvwatts_powerplants\9w01f3_Chino_Solar_Valley_34.724115_-112.432264.csv,57560,233246.05999999997,237684.70375195568,-4438.643751955708
C:/Users/kperry/Documents/extreme-weather-ca-heatwave\pvwatts_powerplants\9w01f3_Cogenra-TEP_32.101847_-110.813116.csv,58832,9903.0,12444.702435785284,-2541.7024357852843
C:/Users/kperry/Documents/extreme-weather-ca-heatwave\pvwatts_powerplants\9w01f3_Cotton_Center_Solar_Hybrid_33.034607_-112.661625.csv,57561,190627.05,208930.00626733602,-18302.956267336034
C:/Users/kperry/Documents/extreme-weather-ca-heatwave\pvwatts_powerplants\9w01f3_Davis_Monthan_AFB_(AZ)_West_Airfield_32.170516_-110.897011.csv,59779,119173.99999999999,156582.80690156852,-37408.80690156853
C:/Users/kperry/Documents/extreme-weather-ca-heatwave\pvwatts_powerplants\9w01f3_Desert_Star_Hybrid_33.144218_-112.661591.csv,59444,155666.02000000002,137496.1479950835,18169.872004916513
C:/Users/kperry/Documents/extreme-weather-ca-heatwave\pvwatts_powerplants\9w01f3_East_Line_Solar_32.831954_-111.573906.csv,62899,480036.0,745661.430977311,-265625.430977311
C:/Users/kperry/Documents/extreme-weather-ca-heatwave\pvwatts_powerplants\9w01f3_FRB_Solar_Farm_32.107057_-110.824225.csv,57930,3618.02,23644.1894270743,-20026.1694270743
"C:/Users/kperry/Documents/extreme-weather-ca-heatwave\pvwatts_powerplants\9w01f3_Gato_Montes_Solar,_LLC_32.105004_-110.822521.csv",58842,41771.060000000005,52146.77362427013,-10375.713624270124
C:/Users/kperry/Documents/extreme-weather-ca-heatwave\pvwatts_powerplants\9w01f3_Gila_Bend_Hybrid_32.948588_-112.769774.csv,59020,457164.05,457222.14214438066,-58.092144380672835
"C:/Users/kperry/Documents/extreme-weather-ca-heatwave\pvwatts_powerplants\9w01f3_Gilbert_Solar_Facility_I,_LLC_33.356339_-111.803663.csv",58543,17190.04,30346.381221001513,-13156.341221001512
C:/Users/kperry/Documents/extreme-weather-ca-heatwave\pvwatts_powerplants\9w01f3_Iron_Horse_Battery_Storage_Hybrid_32.101778_-110.819001.csv,60996,12192.0,16918.10496503643,-4726.104965036429
C:/Users/kperry/Documents/extreme-weather-ca-heatwave\pvwatts_powerplants\9w01f3_Lake_Pleasant_WTP_33.82314_-112.24089.csv,58539,73837.06000000003,73632.17172292557,204.88827707445307
C:/Users/kperry/Documents/extreme-weather-ca-heatwave\pvwatts_powerplants\9w01f3_Luke_Solar_33.52506_-112.382458.csv,57324,126620.03,137226.09115289862,-10606.06115289862
C:/Users/kperry/Documents/extreme-weather-ca-heatwave\pvwatts_powerplants\9w01f3_Mesa_Solar_Array_33.345243_-111.601785.csv,58466,0.0,41852.869066138715,-41852.869066138715
C:/Users/kperry/Documents/extreme-weather-ca-heatwave\pvwatts_powerplants\9w01f3_Mesquite_Solar_1_33.345446_-112.923848.csv,57707,2058848.03,1760888.1658751187,297959.86412488134
"C:/Users/kperry/Documents/extreme-weather-ca-heatwave\pvwatts_powerplants\9w01f3_Mesquite_Solar_2,_LLC_33.331271_-112.923389.csv",60307,1314853.0,1239317.5784734879,75535.42152651213
"C:/Users/kperry/Documents/extreme-weather-ca-heatwave\pvwatts_powerplants\9w01f3_Mesquite_Solar_3,_LLC_33.340897_-112.950747.csv",60308,2235337.0,1904740.5460085433,330596.45399145666
"C:/Users/kperry/Documents/extreme-weather-ca-heatwave\pvwatts_powerplants\9w01f3_Mesquite_Solar_5,_LLC_33.355906_-112.915082.csv",65963,0.0,149247.86773369607,-149247.86773369607
C:/Users/kperry/Documents/extreme-weather-ca-heatwave\pvwatts_powerplants\9w01f3_Paloma_Solar_Hybrid_33.020959_-112.661797.csv,57562,188804.00999999998,183334.9514302386,5469.0585697613715
"C:/Users/kperry/Documents/extreme-weather-ca-heatwave\pvwatts_powerplants\9w01f3_Picture_Rocks_Solar,_LLC_32.370827_-111.238244.csv",58486,260783.03999999998,246785.83964788326,13997.20035211672
C:/Users/kperry/Documents/extreme-weather-ca-heatwave\pvwatts_powerplants\9w01f3_Pinal_Central_Energy_Center_Hybrid_32.875696_-111.546455.csv,61678,298479.33,247180.81772706413,51298.512272935885
"C:/Users/kperry/Documents/extreme-weather-ca-heatwave\pvwatts_powerplants\9w01f3_Poseidon_Solar,_LLC_33.158993_-111.481623.csv",57318,257950.04,243927.09900649905,14022.94099350096
C:/Users/kperry/Documents/extreme-weather-ca-heatwave\pvwatts_powerplants\9w01f3_Prairie_Fire_32.117216_-110.819418.csv,58171,41365.02,47574.63565081347,-6209.615650813474
C:/Users/kperry/Documents/extreme-weather-ca-heatwave\pvwatts_powerplants\9w01f3_Prescott_Airport_34.677792_-112.40593.csv,56228,24623.010000000002,36974.72389287058,-12351.713892870575
C:/Users/kperry/Documents/extreme-weather-ca-heatwave\pvwatts_powerplants\9w01f3_Prescott_Solar_Plant_34.689322_-112.402614.csv,58147,108601.02999999998,130178.86469352523,-21577.83469352525
C:/Users/kperry/Documents/extreme-weather-ca-heatwave\pvwatts_powerplants\9w01f3_Queen_Creek_Solar_Farm_33.268352_-111.613368.csv,57883,237266.04,232115.48939589394,5150.550604106073
C:/Users/kperry/Documents/extreme-weather-ca-heatwave\pvwatts_powerplants\9w01f3_Raptor_Ridge_32.141669_-110.883906.csv,65972,18601.02,31379.172520141765,-12778.152520141764
C:/Users/kperry/Documents/extreme-weather-ca-heatwave\pvwatts_powerplants\9w01f3_Red_Rock_32.554828_-111.280849.csv,60467,575504.0,497047.5255534377,78456.4744465623
"C:/Users/kperry/Documents/extreme-weather-ca-heatwave\pvwatts_powerplants\9w01f3_RE_Ajo_1,_LLC_32.365016_-112.831304.csv",57795,42682.01,56726.84805461576,-14044.838054615757
"C:/Users/kperry/Documents/extreme-weather-ca-heatwave\pvwatts_powerplants\9w01f3_RE_Bagdad_Solar_I,_LLC_34.587837_-113.175721.csv",57790,153281.03999999998,187291.16412988096,-34010.12412988098
C:/Users/kperry/Documents/extreme-weather-ca-heatwave\pvwatts_powerplants\9w01f3_Rio_Rico_Solar_31.494163_-111.006063.csv,59044,52128.03,63313.98738919213,-11185.957389192132
C:/Users/kperry/Documents/extreme-weather-ca-heatwave\pvwatts_powerplants\9w01f3_Roger_Road_WWTP_32.289889_-111.032982.csv,57524,5526.039999999999,11132.991856376228,-5606.9518563762285
C:/Users/kperry/Documents/extreme-weather-ca-heatwave\pvwatts_powerplants\9w01f3_Saddle_Mountain_Solar_I_33.381248_-113.18452.csv,58213,172676.05,187700.28368894165,-15024.233688941662
C:/Users/kperry/Documents/extreme-weather-ca-heatwave\pvwatts_powerplants\9w01f3_Saint_Solar_32.85423_-111.502706.csv,63476,594427.0,494542.4966629566,99884.5033370434
C:/Users/kperry/Documents/extreme-weather-ca-heatwave\pvwatts_powerplants\9w01f3_Sandstone_Solar_33.041452_-111.451962.csv,59634,605101.04,552045.1352297945,53055.904770205496
"C:/Users/kperry/Documents/extreme-weather-ca-heatwave\pvwatts_powerplants\9w01f3_Sun_Streams,_LLC_33.354277_-112.839341.csv",60827,1207269.0,1167062.7578759824,40206.24212401756
C:/Users/kperry/Documents/extreme-weather-ca-heatwave\pvwatts_powerplants\9w01f3_Sun_Streams_2_33.319211_-112.816655.csv,63440,644924.0,731145.9883324167,-86221.98833241675
C:/Users/kperry/Documents/extreme-weather-ca-heatwave\pvwatts_powerplants\9w01f3_Tech_Park_Solar_32.099647_-110.81571.csv,59455,67209.09,47188.026871322465,20021.06312867753
C:/Users/kperry/Documents/extreme-weather-ca-heatwave\pvwatts_powerplants\9w01f3_UASTP_I_32.099521_-110.811275.csv,57392,9643.02,14933.835725333389,-5290.815725333388
C:/Users/kperry/Documents/extreme-weather-ca-heatwave\pvwatts_powerplants\9w01f3_Valencia_Solar_32.145812_-110.87957.csv,59454,129209.06,112100.38345328573,17108.67654671427
C:/Users/kperry/Documents/extreme-weather-ca-heatwave\pvwatts_powerplants\9w01f3_Walmart_Casa_Grande_32.868853_-111.771846.csv,57939,10781.029999999999,24785.157302372718,-14004.127302372719
"C:/Users/kperry/Documents/extreme-weather-ca-heatwave\pvwatts_powerplants\9w01f3_Wilmot_Energy_Center,_LLC_32.034942_-110.898385.csv",64426,482850.0,652357.9248128071,-169507.92481280712
C:/Users/kperry/Documents/extreme-weather-ca-heatwave\pvwatts_powerplants\9w1wf0_Apache_Solar_1_32.068285_-109.888694.csv,60964,265367.08,256777.51396575655,8589.566034243471
C:/Users/kperry/Documents/extreme-weather-ca-heatwave\pvwatts_powerplants\9w1wf0_Fort_Huachuca_Solar_PV_Project_31.555551_-110.320155.csv,58972,193219.04,190581.78239437498,2637.2576056250255
C:/Users/kperry/Documents/extreme-weather-ca-heatwave\pvwatts_powerplants\9w1wf0_Kayenta_Solar_Project_36.787247_-110.2405.csv,61268,439146.0,557360.9877437698,-118214.98774376977
C:/Users/kperry/Documents/extreme-weather-ca-heatwave\pvwatts_powerplants\9w1wf0_Red_Horse_2_32.257451_-110.156832.csv,58833,760801.0,698326.7106747689,62474.289325231104
C:/Users/kperry/Documents/extreme-weather-ca-heatwave\pvwatts_powerplants\9w1wf0_Red_Horse_III_32.268153_-110.151375.csv,60285,380826.01,382636.3903819918,-1810.3803819917957
C:/Users/kperry/Documents/extreme-weather-ca-heatwave\pvwatts_powerplants\9w1wf0_Sulphur_Springs_32.066676_-109.921281.csv,60381,267337.04,263197.25686345925,4139.783136540733
C:/Users/kperry/Documents/extreme-weather-ca-heatwave\pvwatts_powerplants\9w1zzg_Alamogordo_Solar_Energy_Center_32.866111_-106.000164.csv,57577,55572.02999999999,51885.25137351429,3686.7786264856986
C:/Users/kperry/Documents/extreme-weather-ca-heatwave\pvwatts_powerplants\9w1zzg_Alta_Luna_32.569775_-107.468255.csv,60258,350993.0,359508.13895438553,-8515.138954385533
C:/Users/kperry/Documents/extreme-weather-ca-heatwave\pvwatts_powerplants\9w1zzg_City_of_Truth_or_Consequences_PV_33.12037_-107.290215.csv,59653,18013.030000000002,23740.52753615076,-5727.497536150757
C:/Users/kperry/Documents/extreme-weather-ca-heatwave\pvwatts_powerplants\9w1zzg_Columbus_Solar_Project_31.867725_-107.589071.csv,61165,25432.020000000004,24474.60463921786,957.4153607821427
C:/Users/kperry/Documents/extreme-weather-ca-heatwave\pvwatts_powerplants\9w1zzg_Deming_Solar_Energy_Center_32.168645_-107.755631.csv,57575,98148.04000000001,98291.93837353452,-143.89837353451003
C:/Users/kperry/Documents/extreme-weather-ca-heatwave\pvwatts_powerplants\9w1zzg_Fort_Bliss_(DEA_EPIC)_31.830723_-106.37295.csv,61887,19339.03,20757.99760155062,-1418.967601550623
"C:/Users/kperry/Documents/extreme-weather-ca-heatwave\pvwatts_powerplants\9w1zzg_Hatch_Solar_Energy_Center_I,_LLC_32.628623_-107.259863.csv",57591,61467.01,64058.04143516779,-2591.031435167788
