,Year,Month,State,bus_id,bus_name,geohash,lat,lon,Capacity [MW],Generation [MWh]
0,2018,1,NM,1002,FOURCORN,9wdb95,36.670897,-108.581419,7.618152731200404,1100.3286990670974
1,2018,2,NM,1002,FOURCORN,9wdb95,36.670897,-108.581419,7.943511066783969,1123.8039297927753
2,2018,3,NM,1002,FOURCORN,9wdb95,36.670897,-108.581419,8.175724292919172,1438.3612000557473
3,2018,4,NM,1002,FOURCORN,9wdb95,36.670897,-108.581419,8.29381202581814,1528.8043218731216
4,2018,5,NM,1002,FOURCORN,9wdb95,36.670897,-108.581419,7.9401983746069345,1553.1676788759873
5,2018,6,NM,1002,FOURCORN,9wdb95,36.670897,-108.581419,8.061793663928642,1516.203490379171
6,2018,7,NM,1002,FOURCORN,9wdb95,36.670897,-108.581419,8.176568704650574,1480.8066599653316
7,2018,8,NM,1002,FOURCORN,9wdb95,36.670897,-108.581419,8.3448664581936,1424.309279478759
8,2018,9,NM,1002,FOURCORN,9wdb95,36.670897,-108.581419,8.407158062071549,1379.36611462244
9,2018,10,NM,1002,FOURCORN,9wdb95,36.670897,-108.581419,8.532455772061706,1317.7597833418984
10,2018,11,NM,1002,FOURCORN,9wdb95,36.670897,-108.581419,8.668406060817224,1234.1238542198373
11,2018,12,NM,1002,FOURCORN,9wdb95,36.670897,-108.581419,8.807993815492626,1169.7381742027644
12,2019,1,NM,1002,FOURCORN,9wdb95,36.670897,-108.581419,8.941280959556805,1257.2899003423254
13,2019,2,NM,1002,FOURCORN,9wdb95,36.670897,-108.581419,9.115554549968204,1269.6805382699056
14,2019,3,NM,1002,FOURCORN,9wdb95,36.670897,-108.581419,9.299311533670721,1627.0305165283135
15,2019,4,NM,1002,FOURCORN,9wdb95,36.670897,-108.581419,9.443381165997401,1730.2509518915008
16,2019,5,NM,1002,FOURCORN,9wdb95,36.670897,-108.581419,9.625644190482825,1863.6694344572875
17,2019,6,NM,1002,FOURCORN,9wdb95,36.670897,-108.581419,9.791473663580218,1831.8017903974633
18,2019,7,NM,1002,FOURCORN,9wdb95,36.670897,-108.581419,9.968605262928667,1796.0474490474985
19,2019,8,NM,1002,FOURCORN,9wdb95,36.670897,-108.581419,10.17470668013902,1764.9572483733
20,2019,9,NM,1002,FOURCORN,9wdb95,36.670897,-108.581419,10.419261308502389,1706.6209989547308
21,2019,10,NM,1002,FOURCORN,9wdb95,36.670897,-108.581419,10.597756957570795,1686.1102379990066
22,2019,11,NM,1002,FOURCORN,9wdb95,36.670897,-108.581419,10.773914235690702,1516.5283290767659
23,2019,12,NM,1002,FOURCORN,9wdb95,36.670897,-108.581419,10.938834342308127,1477.7297535256046
24,2020,1,NM,1002,FOURCORN,9wdb95,36.670897,-108.581419,11.208916186859227,1606.9789206902256
25,2020,2,NM,1002,FOURCORN,9wdb95,36.670897,-108.581419,11.148248451695512,1620.595774361297
26,2020,3,NM,1002,FOURCORN,9wdb95,36.670897,-108.581419,11.319858897415571,1959.2641173836919
27,2020,4,NM,1002,FOURCORN,9wdb95,36.670897,-108.581419,11.491924026375615,2123.8535393761485
28,2020,5,NM,1002,FOURCORN,9wdb95,36.670897,-108.581419,11.648075241936183,2267.3778116338417
29,2020,6,NM,1002,FOURCORN,9wdb95,36.670897,-108.581419,11.802082950793967,2215.9113712882067
30,2020,7,NM,1002,FOURCORN,9wdb95,36.670897,-108.581419,12.021110362969607,2155.137629974826
31,2020,8,NM,1002,FOURCORN,9wdb95,36.670897,-108.581419,12.221430807557292,2093.664585838349
32,2020,9,NM,1002,FOURCORN,9wdb95,36.670897,-108.581419,12.374464195186533,2017.0258420511655
33,2020,10,NM,1002,FOURCORN,9wdb95,36.670897,-108.581419,12.58849009172234,1987.6228409710545
34,2020,11,NM,1002,FOURCORN,9wdb95,36.670897,-108.581419,12.857272841302056,1829.7388275829026
35,2020,12,NM,1002,FOURCORN,9wdb95,36.670897,-108.581419,13.415428995757948,1844.5801432192536
36,2021,1,NM,1002,FOURCORN,9wdb95,36.670897,-108.581419,13.855822191057722,1996.1449689380936
37,2021,2,NM,1002,FOURCORN,9wdb95,36.670897,-108.581419,14.117849646786231,1991.1589125284179
38,2021,3,NM,1002,FOURCORN,9wdb95,36.670897,-108.581419,14.397155065634172,2523.734587902755
39,2021,4,NM,1002,FOURCORN,9wdb95,36.670897,-108.581419,14.592928677822007,2685.741344137348
40,2021,5,NM,1002,FOURCORN,9wdb95,36.670897,-108.581419,14.886719005600897,2875.5660756774646
41,2021,6,NM,1002,FOURCORN,9wdb95,36.670897,-108.581419,15.312627291969719,2828.7946944679143
42,2021,7,NM,1002,FOURCORN,9wdb95,36.670897,-108.581419,15.552180404693255,2778.101410494499
43,2021,8,NM,1002,FOURCORN,9wdb95,36.670897,-108.581419,15.907158105624413,2617.075470963302
44,2021,9,NM,1002,FOURCORN,9wdb95,36.670897,-108.581419,16.17145897755285,2498.9242772749835
45,2021,10,NM,1002,FOURCORN,9wdb95,36.670897,-108.581419,16.440241727132562,2469.050679041488
46,2021,11,NM,1002,FOURCORN,9wdb95,36.670897,-108.581419,16.76150791355626,2421.438653475954
47,2021,12,NM,1002,FOURCORN,9wdb95,36.670897,-108.581419,17.037175866484322,2355.3018583922017
48,2022,1,NM,1002,FOURCORN,9wdb95,36.670897,-108.581419,17.372082550107574,2589.8639131904215
49,2022,2,NM,1002,FOURCORN,9wdb95,36.670897,-108.581419,17.637097924270268,2545.3337306255057
50,2022,3,NM,1002,FOURCORN,9wdb95,36.670897,-108.581419,17.92146981350661,3176.205037281255
51,2022,4,NM,1002,FOURCORN,9wdb95,36.670897,-108.581419,18.206036566988665,3428.5541705181913
52,2022,5,NM,1002,FOURCORN,9wdb95,36.670897,-108.581419,18.373944592040274,3640.8213522817346
53,2022,6,NM,1002,FOURCORN,9wdb95,36.670897,-108.581419,18.799982787906238,3530.9002500108877
54,2022,7,NM,1002,FOURCORN,9wdb95,36.670897,-108.581419,19.040315357612602,3458.614383744327
55,2022,8,NM,1002,FOURCORN,9wdb95,36.670897,-108.581419,19.341510526728392,3359.4203633354523
56,2022,9,NM,1002,FOURCORN,9wdb95,36.670897,-108.581419,19.60581139865683,3265.5413301830085
57,2022,10,NM,1002,FOURCORN,9wdb95,36.670897,-108.581419,19.943511136468555,3192.206574636551
58,2022,11,NM,1002,FOURCORN,9wdb95,36.670897,-108.581419,20.256463115075388,2992.8551249880225
59,2022,12,NM,1002,FOURCORN,9wdb95,36.670897,-108.581419,20.35675324686637,2859.413648441242
60,2018,1,NM,1003,FOURCORN,9wdb95,36.670897,-108.581419,75.34925493816944,10883.077641937347
61,2018,2,NM,1003,FOURCORN,9wdb95,36.670897,-108.581419,78.5672933576068,11115.265313554522
62,2018,3,NM,1003,FOURCORN,9wdb95,36.670897,-108.581419,80.86405665357177,14226.473080842834
63,2018,4,NM,1003,FOURCORN,9wdb95,36.670897,-108.581419,82.03203306533801,15121.02351631926
64,2018,5,NM,1003,FOURCORN,9wdb95,36.670897,-108.581419,78.53452834275527,15361.995424173003
65,2018,6,NM,1003,FOURCORN,9wdb95,36.670897,-108.581419,79.73719712318784,14996.39182433676
66,2018,7,NM,1003,FOURCORN,9wdb95,36.670897,-108.581419,80.87240852010255,14646.290573684193
67,2018,8,NM,1003,FOURCORN,9wdb95,36.670897,-108.581419,82.53699976481451,14087.489027452824
68,2018,9,NM,1003,FOURCORN,9wdb95,36.670897,-108.581419,83.15311053427756,13642.967355864683
69,2018,10,NM,1003,FOURCORN,9wdb95,36.670897,-108.581419,84.39239903719125,13033.634447316997
70,2018,11,NM,1003,FOURCORN,9wdb95,36.670897,-108.581419,85.73704954864711,12206.412262652833
71,2018,12,NM,1003,FOURCORN,9wdb95,36.670897,-108.581419,87.11767733131248,11569.589506644714
72,2019,1,NM,1003,FOURCORN,9wdb95,36.670897,-108.581419,88.43598734063279,12435.541866217201
73,2019,2,NM,1003,FOURCORN,9wdb95,36.670897,-108.581419,90.15968410233181,12558.094585884804
74,2019,3,NM,1003,FOURCORN,9wdb95,36.670897,-108.581419,91.97717874968423,16092.554390512441
75,2019,4,NM,1003,FOURCORN,9wdb95,36.670897,-108.581419,93.4021356700899,17113.482058076297
76,2019,5,NM,1003,FOURCORN,9wdb95,36.670897,-108.581419,95.20485393819557,18433.091103867784
77,2019,6,NM,1003,FOURCORN,9wdb95,36.670897,-108.581419,96.84503203458678,18117.896158154985
78,2019,7,NM,1003,FOURCORN,9wdb95,36.670897,-108.581419,98.59699665223614,17764.258855703538
79,2019,8,NM,1003,FOURCORN,9wdb95,36.670897,-108.581419,100.63549453701849,17456.7534092605
80,2019,9,NM,1003,FOURCORN,9wdb95,36.670897,-108.581419,103.05432357458717,16879.764067530174
81,2019,10,NM,1003,FOURCORN,9wdb95,36.670897,-108.581419,104.81977966894013,16676.897229497485
82,2019,11,NM,1003,FOURCORN,9wdb95,36.670897,-108.581419,106.5621075175155,14999.604723146025
83,2019,12,NM,1003,FOURCORN,9wdb95,36.670897,-108.581419,108.19329129610435,14615.857656948569
84,2020,1,NM,1003,FOURCORN,9wdb95,36.670897,-108.581419,110.86460368341129,15894.229040518683
85,2020,2,NM,1003,FOURCORN,9wdb95,36.670897,-108.581419,110.2645541957382,16028.909955291529
86,2020,3,NM,1003,FOURCORN,9wdb95,36.670897,-108.581419,111.96191045530168,19378.594349694693
87,2020,4,NM,1003,FOURCORN,9wdb95,36.670897,-108.581419,113.66376387376636,21006.507408859816
88,2020,5,NM,1003,FOURCORN,9wdb95,36.670897,-108.581419,115.20821673068937,22426.07030838915
89,2020,6,NM,1003,FOURCORN,9wdb95,36.670897,-108.581419,116.73146869564964,21917.02854049691
90,2020,7,NM,1003,FOURCORN,9wdb95,36.670897,-108.581419,118.8978143834801,21315.93057234857
91,2020,8,NM,1003,FOURCORN,9wdb95,36.670897,-108.581419,120.87913410509016,20707.915973810206
92,2020,9,NM,1003,FOURCORN,9wdb95,36.670897,-108.581419,122.39274930097643,19949.90120992773
93,2020,10,NM,1003,FOURCORN,9wdb95,36.670897,-108.581419,124.50962624089381,19659.083435264467
94,2020,11,NM,1003,FOURCORN,9wdb95,36.670897,-108.581419,127.1680896027688,18097.49190576901
95,2020,12,NM,1003,FOURCORN,9wdb95,36.670897,-108.581419,132.6886733796155,18244.28366946276
96,2021,1,NM,1003,FOURCORN,9wdb95,36.670897,-108.581419,137.04449300105398,19743.37368454947
97,2021,2,NM,1003,FOURCORN,9wdb95,36.670897,-108.581419,139.6361414306827,19694.057840039022
98,2021,3,NM,1003,FOURCORN,9wdb95,36.670897,-108.581419,142.39868189855665,24961.631457104777
99,2021,4,NM,1003,FOURCORN,9wdb95,36.670897,-108.581419,144.33503003115482,26564.00001125987
100,2021,5,NM,1003,FOURCORN,9wdb95,36.670897,-108.581419,147.24083713259526,28441.50924414867
101,2021,6,NM,1003,FOURCORN,9wdb95,36.670897,-108.581419,151.45339012046722,27978.905139070117
102,2021,7,NM,1003,FOURCORN,9wdb95,36.670897,-108.581419,153.82275041012284,27477.51046866371
103,2021,8,NM,1003,FOURCORN,9wdb95,36.670897,-108.581419,157.33374660940913,25884.84292870976
104,2021,9,NM,1003,FOURCORN,9wdb95,36.670897,-108.581419,159.94788083354382,24716.238842051163
105,2021,10,NM,1003,FOURCORN,9wdb95,36.670897,-108.581419,162.6063441954188,24420.766507925167
106,2021,11,NM,1003,FOURCORN,9wdb95,36.670897,-108.581419,165.78390818474543,23949.847798489587
107,2021,12,NM,1003,FOURCORN,9wdb95,36.670897,-108.581419,168.5104713814099,23295.70519865044
108,2022,1,NM,1003,FOURCORN,9wdb95,36.670897,-108.581419,171.82295013777224,25615.70017504769
109,2022,2,NM,1003,FOURCORN,9wdb95,36.670897,-108.581419,174.4441513258945,25175.26320864437
110,2022,3,NM,1003,FOURCORN,9wdb95,36.670897,-108.581419,177.2568029929531,31415.05448031265
111,2022,4,NM,1003,FOURCORN,9wdb95,36.670897,-108.581419,180.0713820138266,33910.97702802191
112,2022,5,NM,1003,FOURCORN,9wdb95,36.670897,-108.581419,181.73211855090892,36010.45895730948
113,2022,6,NM,1003,FOURCORN,9wdb95,36.670897,-108.581419,185.9459564413241,34923.25665901878
114,2022,7,NM,1003,FOURCORN,9wdb95,36.670897,-108.581419,188.3230261462389,34208.29512465121
115,2022,8,NM,1003,FOURCORN,9wdb95,36.670897,-108.581419,191.3020726926416,33227.19172651121
116,2022,9,NM,1003,FOURCORN,9wdb95,36.670897,-108.581419,193.91620691677628,32298.657546121034
117,2022,10,NM,1003,FOURCORN,9wdb95,36.670897,-108.581419,197.25631107781734,31573.321708619693
118,2022,11,NM,1003,FOURCORN,9wdb95,36.670897,-108.581419,200.3516413043794,29601.586075079336
119,2022,12,NM,1003,FOURCORN,9wdb95,36.670897,-108.581419,201.3435860677276,28281.749601537704
120,2018,1,NM,1004,SAN JUAN,9we1bp,36.910483,-108.278462,34.31659233063015,4956.520658995555
121,2018,2,NM,1004,SAN JUAN,9we1bp,36.910483,-108.278462,35.78219557560924,5062.266756652701
122,2018,3,NM,1004,SAN JUAN,9we1bp,36.910483,-108.278462,36.82821905350905,6479.215719101417
123,2018,4,NM,1004,SAN JUAN,9we1bp,36.910483,-108.278462,37.360154908843846,6886.624161807618
124,2018,5,NM,1004,SAN JUAN,9we1bp,36.910483,-108.278462,35.767273282637795,6996.370896951009
125,2018,6,NM,1004,SAN JUAN,9we1bp,36.910483,-108.278462,36.315009212883524,6829.862685284066
126,2018,7,NM,1004,SAN JUAN,9we1bp,36.910483,-108.278462,36.83202277524687,6670.414766350473
127,2018,8,NM,1004,SAN JUAN,9we1bp,36.910483,-108.278462,37.59013377699189,6415.917693068416
128,2018,9,NM,1004,SAN JUAN,9we1bp,36.910483,-108.278462,37.87073140365089,6213.467529512875
129,2018,10,NM,1004,SAN JUAN,9we1bp,36.910483,-108.278462,38.43514519074705,5935.956769341103
130,2018,11,NM,1004,SAN JUAN,9we1bp,36.910483,-108.278462,39.04754439053567,5559.211883127328
131,2018,12,NM,1004,SAN JUAN,9we1bp,36.910483,-108.278462,39.676328853194896,5269.181319152519
132,2019,1,NM,1004,SAN JUAN,9we1bp,36.910483,-108.278462,40.2767316998104,5663.565233440474
133,2019,2,NM,1004,SAN JUAN,9we1bp,36.910483,-108.278462,41.06176134769997,5719.379875845289
134,2019,3,NM,1004,SAN JUAN,9we1bp,36.910483,-108.278462,41.88950971664504,7329.092092959243
135,2019,4,NM,1004,SAN JUAN,9we1bp,36.910483,-108.278462,42.53848316391267,7794.056990032201
136,2019,5,NM,1004,SAN JUAN,9we1bp,36.910483,-108.278462,43.3595018713216,8395.051461674928
137,2019,6,NM,1004,SAN JUAN,9we1bp,36.910483,-108.278462,44.106494301832996,8251.501051447553
138,2019,7,NM,1004,SAN JUAN,9we1bp,36.910483,-108.278462,44.90439808483518,8090.442695248963
139,2019,8,NM,1004,SAN JUAN,9we1bp,36.910483,-108.278462,45.832798782842495,7950.3943423661985
140,2019,9,NM,1004,SAN JUAN,9we1bp,36.910483,-108.278462,46.934415116910415,7687.613933515094
141,2019,10,NM,1004,SAN JUAN,9we1bp,36.910483,-108.278462,47.73846337348908,7595.221532503506
142,2019,11,NM,1004,SAN JUAN,9we1bp,36.910483,-108.278462,48.531978246793784,6831.325947777206
143,2019,12,NM,1004,SAN JUAN,9we1bp,36.910483,-108.278462,49.274874361587536,6656.554589525826
144,2020,1,NM,1004,SAN JUAN,9we1bp,36.910483,-108.278462,50.49148012972948,7238.768038791089
145,2020,2,NM,1004,SAN JUAN,9we1bp,36.910483,-108.278462,50.21819735256628,7300.106270347174
146,2020,3,NM,1004,SAN JUAN,9we1bp,36.910483,-108.278462,50.991230647282734,8825.665532921614
147,2020,4,NM,1004,SAN JUAN,9we1bp,36.910483,-108.278462,51.76631209985802,9567.072051764037
148,2020,5,NM,1004,SAN JUAN,9we1bp,36.910483,-108.278462,52.46970802737443,10213.588879977004
149,2020,6,NM,1004,SAN JUAN,9we1bp,36.910483,-108.278462,53.16344835355638,9981.754088214884
150,2020,7,NM,1004,SAN JUAN,9we1bp,36.910483,-108.278462,54.150075253550284,9707.9937976766
151,2020,8,NM,1004,SAN JUAN,9we1bp,36.910483,-108.278462,55.052435087352535,9431.083440351444
152,2020,9,NM,1004,SAN JUAN,9we1bp,36.910483,-108.278462,55.741786503837005,9085.857948021103
153,2020,10,NM,1004,SAN JUAN,9we1bp,36.910483,-108.278462,56.70588366738384,8953.409723764478
154,2020,11,NM,1004,SAN JUAN,9we1bp,36.910483,-108.278462,57.91663755592914,8242.208266648084
155,2020,12,NM,1004,SAN JUAN,9we1bp,36.910483,-108.278462,60.43089762462653,8309.062187317984
156,2021,1,NM,1004,SAN JUAN,9we1bp,36.910483,-108.278462,62.41468480788829,8991.79834651243
157,2021,2,NM,1004,SAN JUAN,9we1bp,36.910483,-108.278462,63.59500892253106,8969.338247432559
158,2021,3,NM,1004,SAN JUAN,9we1bp,36.910483,-108.278462,64.85316303580917,11368.368954992466
159,2021,4,NM,1004,SAN JUAN,9we1bp,36.910483,-108.278462,65.73504129102318,12098.141644602783
160,2021,5,NM,1004,SAN JUAN,9we1bp,36.910483,-108.278462,67.05844386180385,12953.222680173863
161,2021,6,NM,1004,SAN JUAN,9we1bp,36.910483,-108.278462,68.97698258756304,12742.537166461969
162,2021,7,NM,1004,SAN JUAN,9we1bp,36.910483,-108.278462,70.0560691851839,12514.18512084179
163,2021,8,NM,1004,SAN JUAN,9we1bp,36.910483,-108.278462,71.65509528496642,11788.830600326937
164,2021,9,NM,1004,SAN JUAN,9we1bp,36.910483,-108.278462,72.84566018890331,11256.60888067385
165,2021,10,NM,1004,SAN JUAN,9we1bp,36.910483,-108.278462,74.05641407744862,11122.040813033342
166,2021,11,NM,1004,SAN JUAN,9we1bp,36.910483,-108.278462,75.50358390169826,10907.56854803446
167,2021,12,NM,1004,SAN JUAN,9we1bp,36.910483,-108.278462,76.74535275210579,10609.649942957356
168,2022,1,NM,1004,SAN JUAN,9we1bp,36.910483,-108.278462,78.25396731212018,11666.253911761887
169,2022,2,NM,1004,SAN JUAN,9we1bp,36.910483,-108.278462,79.44775074983522,11465.66406073012
170,2022,3,NM,1004,SAN JUAN,9we1bp,36.910483,-108.278462,80.72872719354024,14307.475482406093
171,2022,4,NM,1004,SAN JUAN,9we1bp,36.910483,-108.278462,82.01058141918475,15444.20280145989
172,2022,5,NM,1004,SAN JUAN,9we1bp,36.910483,-108.278462,82.76693685705077,16400.37769040879
173,2022,6,NM,1004,SAN JUAN,9we1bp,36.910483,-108.278462,84.68606077076964,15905.229090970328
174,2022,7,NM,1004,SAN JUAN,9we1bp,36.910483,-108.278462,85.76865849614848,15579.611491604459
175,2022,8,NM,1004,SAN JUAN,9we1bp,36.910483,-108.278462,87.12541678063,15132.783910153335
176,2022,9,NM,1004,SAN JUAN,9we1bp,36.910483,-108.278462,88.3159816845669,14709.898123695955
177,2022,10,NM,1004,SAN JUAN,9we1bp,36.910483,-108.278462,89.83717778571408,14379.555716743756
178,2022,11,NM,1004,SAN JUAN,9we1bp,36.910483,-108.278462,91.24689558054523,13481.560799932638
179,2022,12,NM,1004,SAN JUAN,9we1bp,36.910483,-108.278462,91.69866068540601,12880.46275002105
180,2018,1,AZ,1101,CORONADO,9w1zzg,35.131373,-109.690674,290.1010040520996,37763.05712050104
181,2018,2,AZ,1101,CORONADO,9w1zzg,35.131373,-109.690674,295.97661147975396,38214.51604517665
182,2018,3,AZ,1101,CORONADO,9w1zzg,35.131373,-109.690674,300.40412824968695,50798.61063470161
183,2018,4,AZ,1101,CORONADO,9w1zzg,35.131373,-109.690674,303.9833910778585,55935.88307920431
184,2018,5,AZ,1101,CORONADO,9w1zzg,35.131373,-109.690674,308.5626451988644,60959.12832900346
185,2018,6,AZ,1101,CORONADO,9w1zzg,35.131373,-109.690674,313.5259844897734,59081.17392211272
186,2018,7,AZ,1101,CORONADO,9w1zzg,35.131373,-109.690674,316.80124574999695,55718.473223034736
187,2018,8,AZ,1101,CORONADO,9w1zzg,35.131373,-109.690674,320.90078855797566,54547.78979158986
188,2018,9,AZ,1101,CORONADO,9w1zzg,35.131373,-109.690674,324.34332971044097,52147.71190144965
189,2018,10,AZ,1101,CORONADO,9w1zzg,35.131373,-109.690674,328.983963697419,47975.29670375244
190,2018,11,AZ,1101,CORONADO,9w1zzg,35.131373,-109.690674,333.315854324228,44171.36170119189
191,2018,12,AZ,1101,CORONADO,9w1zzg,35.131373,-109.690674,329.6396481884265,39417.99265789055
192,2019,1,AZ,1101,CORONADO,9w1zzg,35.131373,-109.690674,330.5295245285725,42155.143482391446
193,2019,2,AZ,1101,CORONADO,9w1zzg,35.131373,-109.690674,335.66040714462446,41891.83228722364
194,2019,3,AZ,1101,CORONADO,9w1zzg,35.131373,-109.690674,338.9875646863781,58073.74802594167
195,2019,4,AZ,1101,CORONADO,9w1zzg,35.131373,-109.690674,342.5262588477698,63997.27152742235
196,2019,5,AZ,1101,CORONADO,9w1zzg,35.131373,-109.690674,347.4442876796779,70446.93481016369
197,2019,6,AZ,1101,CORONADO,9w1zzg,35.131373,-109.690674,351.0786079841936,68408.1517193479
198,2019,7,AZ,1101,CORONADO,9w1zzg,35.131373,-109.690674,354.9202499819287,64854.60626471994
199,2019,8,AZ,1101,CORONADO,9w1zzg,35.131373,-109.690674,358.67838374999343,63005.25224104322
200,2019,9,AZ,1101,CORONADO,9w1zzg,35.131373,-109.690674,362.7984743242632,58609.580820800824
201,2019,10,AZ,1101,CORONADO,9w1zzg,35.131373,-109.690674,366.88168429236947,56299.748720211195
202,2019,11,AZ,1101,CORONADO,9w1zzg,35.131373,-109.690674,371.6780071239379,46241.533349047684
203,2019,12,AZ,1101,CORONADO,9w1zzg,35.131373,-109.690674,377.59839814479074,43454.12137103422
204,2020,1,AZ,1101,CORONADO,9w1zzg,35.131373,-109.690674,383.0419756145293,49201.89271473866
205,2020,2,AZ,1101,CORONADO,9w1zzg,35.131373,-109.690674,387.32038936240116,52295.255664168806
206,2020,3,AZ,1101,CORONADO,9w1zzg,35.131373,-109.690674,392.820868338792,64072.139948233045
207,2020,4,AZ,1101,CORONADO,9w1zzg,35.131373,-109.690674,397.0658261082155,73062.13912008614
208,2020,5,AZ,1101,CORONADO,9w1zzg,35.131373,-109.690674,401.11821442688506,78366.27312538355
209,2020,6,AZ,1101,CORONADO,9w1zzg,35.131373,-109.690674,404.9767161302949,75725.64543303517
210,2020,7,AZ,1101,CORONADO,9w1zzg,35.131373,-109.690674,408.70877004114396,71066.07931374888
211,2020,8,AZ,1101,CORONADO,9w1zzg,35.131373,-109.690674,413.9292198435931,68886.07511327486
212,2020,9,AZ,1101,CORONADO,9w1zzg,35.131373,-109.690674,419.30430475902796,64779.20070422377
213,2020,10,AZ,1101,CORONADO,9w1zzg,35.131373,-109.690674,423.3980520431809,62172.11829407724
214,2020,11,AZ,1101,CORONADO,9w1zzg,35.131373,-109.690674,427.9464845147501,54417.676857075196
215,2020,12,AZ,1101,CORONADO,9w1zzg,35.131373,-109.690674,434.34079132480446,53084.83019062793
216,2021,1,AZ,1101,CORONADO,9w1zzg,35.131373,-109.690674,442.86205537889043,56844.749506896806
217,2021,2,AZ,1101,CORONADO,9w1zzg,35.131373,-109.690674,445.10992832455827,58856.38399321693
218,2021,3,AZ,1101,CORONADO,9w1zzg,35.131373,-109.690674,452.05823452576925,75696.43810041685
219,2021,4,AZ,1101,CORONADO,9w1zzg,35.131373,-109.690674,458.6424764575658,83762.20559375103
220,2021,5,AZ,1101,CORONADO,9w1zzg,35.131373,-109.690674,465.99093723565124,91268.50008710811
221,2021,6,AZ,1101,CORONADO,9w1zzg,35.131373,-109.690674,472.6212799251523,87321.191201221
222,2021,7,AZ,1101,CORONADO,9w1zzg,35.131373,-109.690674,476.311974870518,78415.88386306314
223,2021,8,AZ,1101,CORONADO,9w1zzg,35.131373,-109.690674,486.42569081216544,80134.94502755371
224,2021,9,AZ,1101,CORONADO,9w1zzg,35.131373,-109.690674,493.1366439694239,74560.9856583084
225,2021,10,AZ,1101,CORONADO,9w1zzg,35.131373,-109.690674,498.9240013751869,72968.81906857893
226,2021,11,AZ,1101,CORONADO,9w1zzg,35.131373,-109.690674,506.2118725860036,65818.20983434877
227,2021,12,AZ,1101,CORONADO,9w1zzg,35.131373,-109.690674,516.2470855231029,62280.63262845803
228,2022,1,AZ,1101,CORONADO,9w1zzg,35.131373,-109.690674,526.8763396523364,71769.27550907948
229,2022,2,AZ,1101,CORONADO,9w1zzg,35.131373,-109.690674,534.1423459323562,73566.36655262765
230,2022,3,AZ,1101,CORONADO,9w1zzg,35.131373,-109.690674,541.7979694732036,94897.8267575493
231,2022,4,AZ,1101,CORONADO,9w1zzg,35.131373,-109.690674,522.3300146439765,97504.85331992077
232,2022,5,AZ,1101,CORONADO,9w1zzg,35.131373,-109.690674,528.8913379133716,105638.91131452346
233,2022,6,AZ,1101,CORONADO,9w1zzg,35.131373,-109.690674,536.6204592336449,99467.0822827913
234,2022,7,AZ,1101,CORONADO,9w1zzg,35.131373,-109.690674,543.4676072008074,94257.59076216498
235,2022,8,AZ,1101,CORONADO,9w1zzg,35.131373,-109.690674,552.652722165837,92024.35098729128
236,2022,9,AZ,1101,CORONADO,9w1zzg,35.131373,-109.690674,560.1047120740815,87391.84153441818
237,2022,10,AZ,1101,CORONADO,9w1zzg,35.131373,-109.690674,567.9347281955022,88608.77403629084
238,2022,11,AZ,1101,CORONADO,9w1zzg,35.131373,-109.690674,575.454420359347,77750.75345851843
239,2022,12,AZ,1101,CORONADO,9w1zzg,35.131373,-109.690674,556.212227526421,69273.88338037021
240,2018,1,AZ,1102,CHOLLA,9w1wf0,34.940278,-110.300278,11.640825870790032,1515.3107577990427
241,2018,2,AZ,1102,CHOLLA,9w1wf0,34.940278,-110.300278,11.876595213174525,1533.4263611804743
242,2018,3,AZ,1102,CHOLLA,9w1wf0,34.940278,-110.300278,12.054257306855307,2038.3858470563066
243,2018,4,AZ,1102,CHOLLA,9w1wf0,34.940278,-110.300278,12.197881681630149,2244.5281669447404
244,2018,5,AZ,1102,CHOLLA,9w1wf0,34.940278,-110.300278,12.381632510121435,2446.094940042443
245,2018,6,AZ,1102,CHOLLA,9w1wf0,34.940278,-110.300278,12.580795448601805,2370.7386333129016
246,2018,7,AZ,1102,CHOLLA,9w1wf0,34.940278,-110.300278,12.712221212315326,2235.804204452667
247,2018,8,AZ,1102,CHOLLA,9w1wf0,34.940278,-110.300278,12.87672275940049,2188.8284208982554
248,2018,9,AZ,1102,CHOLLA,9w1wf0,34.940278,-110.300278,13.014860930413784,2092.5209679587347
249,2018,10,AZ,1102,CHOLLA,9w1wf0,34.940278,-110.300278,13.20107473670168,1925.0952848393881
250,2018,11,AZ,1102,CHOLLA,9w1wf0,34.940278,-110.300278,13.374899658965424,1772.4555339591802
251,2018,12,AZ,1102,CHOLLA,9w1wf0,34.940278,-110.300278,13.227385259172761,1581.7180302629251
252,2019,1,AZ,1102,CHOLLA,9w1wf0,34.940278,-110.300278,13.263093151863524,1691.551142472292
253,2019,2,AZ,1102,CHOLLA,9w1wf0,34.940278,-110.300278,13.468979068363828,1680.9853059878806
254,2019,3,AZ,1102,CHOLLA,9w1wf0,34.940278,-110.300278,13.602487263948301,2330.313852732185
255,2019,4,AZ,1102,CHOLLA,9w1wf0,34.940278,-110.300278,13.744483747818947,2568.005913976776
256,2019,5,AZ,1102,CHOLLA,9w1wf0,34.940278,-110.300278,13.941828522432294,2826.8102826308614
257,2019,6,AZ,1102,CHOLLA,9w1wf0,34.940278,-110.300278,14.087662177719974,2745.0004349674746
258,2019,7,AZ,1102,CHOLLA,9w1wf0,34.940278,-110.300278,14.241814989771314,2602.408016177251
259,2019,8,AZ,1102,CHOLLA,9w1wf0,34.940278,-110.300278,14.392616883532844,2528.199351393728
260,2019,9,AZ,1102,CHOLLA,9w1wf0,34.940278,-110.300278,14.55794294679026,2351.815109789861
261,2019,10,AZ,1102,CHOLLA,9w1wf0,34.940278,-110.300278,14.72178910922568,2259.128931878887
262,2019,11,AZ,1102,CHOLLA,9w1wf0,34.940278,-110.300278,14.914250211126436,1855.5249040707292
263,2019,12,AZ,1102,CHOLLA,9w1wf0,34.940278,-110.300278,15.151816575937639,1743.674972450424
264,2020,1,AZ,1102,CHOLLA,9w1wf0,34.940278,-110.300278,15.370249937264447,1974.3146614642683
265,2020,2,AZ,1102,CHOLLA,9w1wf0,34.940278,-110.300278,15.541929003336296,2098.441427475057
266,2020,3,AZ,1102,CHOLLA,9w1wf0,34.940278,-110.300278,15.762645640217045,2571.010144357591
267,2020,4,AZ,1102,CHOLLA,9w1wf0,34.940278,-110.300278,15.93298222482894,2931.7500710601335
268,2020,5,AZ,1102,CHOLLA,9w1wf0,34.940278,-110.300278,16.095591613005976,3144.5880119447315
269,2020,6,AZ,1102,CHOLLA,9w1wf0,34.940278,-110.300278,16.25042095114737,3038.628064454536
270,2020,7,AZ,1102,CHOLLA,9w1wf0,34.940278,-110.300278,16.400176343613342,2851.6545722211085
271,2020,8,AZ,1102,CHOLLA,9w1wf0,34.940278,-110.300278,16.609656304967068,2764.1779728958904
272,2020,9,AZ,1102,CHOLLA,9w1wf0,34.940278,-110.300278,16.825341279053024,2599.3822320980353
273,2020,10,AZ,1102,CHOLLA,9w1wf0,34.940278,-110.300278,16.98961027029473,2494.7683495419274
274,2020,11,AZ,1102,CHOLLA,9w1wf0,34.940278,-110.300278,17.172124324527633,2183.60740479329
275,2020,12,AZ,1102,CHOLLA,9w1wf0,34.940278,-110.300278,17.4287074149015,2130.124529036717
276,2021,1,AZ,1102,CHOLLA,9w1wf0,34.940278,-110.300278,17.770638499823985,2280.9980711394714
277,2021,2,AZ,1102,CHOLLA,9w1wf0,34.940278,-110.300278,17.860838454924725,2361.718532095626
278,2021,3,AZ,1102,CHOLLA,9w1wf0,34.940278,-110.300278,18.139651769789026,3037.4560675692746
279,2021,4,AZ,1102,CHOLLA,9w1wf0,34.940278,-110.300278,18.40385634939618,3361.1095316824826
280,2021,5,AZ,1102,CHOLLA,9w1wf0,34.940278,-110.300278,18.698726588179152,3662.313132881833
281,2021,6,AZ,1102,CHOLLA,9w1wf0,34.940278,-110.300278,18.964781043813804,3503.9202464146706
282,2021,7,AZ,1102,CHOLLA,9w1wf0,34.940278,-110.300278,19.11287683321511,3146.5787322476017
283,2021,8,AZ,1102,CHOLLA,9w1wf0,34.940278,-110.300278,19.51870792148741,3215.5591611242917
284,2021,9,AZ,1102,CHOLLA,9w1wf0,34.940278,-110.300278,19.78799701749014,2991.8939909872374
285,2021,10,AZ,1102,CHOLLA,9w1wf0,34.940278,-110.300278,20.020225168621998,2928.0054357273534
286,2021,11,AZ,1102,CHOLLA,9w1wf0,34.940278,-110.300278,20.31266414176883,2641.07434688911
287,2021,12,AZ,1102,CHOLLA,9w1wf0,34.940278,-110.300278,20.71534515543431,2499.1226828719305
288,2022,1,AZ,1102,CHOLLA,9w1wf0,34.940278,-110.300278,21.1418631430541,2879.8715874968484
289,2022,2,AZ,1102,CHOLLA,9w1wf0,34.940278,-110.300278,21.433424746427892,2951.983105966959
290,2022,3,AZ,1102,CHOLLA,9w1wf0,34.940278,-110.300278,21.74062044491407,3807.946409598216
291,2022,4,AZ,1102,CHOLLA,9w1wf0,34.940278,-110.300278,20.959433654582455,3912.558051161651
292,2022,5,AZ,1102,CHOLLA,9w1wf0,34.940278,-110.300278,21.222718581535943,4238.951794773349
293,2022,6,AZ,1102,CHOLLA,9w1wf0,34.940278,-110.300278,21.53286351094596,3991.2960264059375
294,2022,7,AZ,1102,CHOLLA,9w1wf0,34.940278,-110.300278,21.807617669269924,3782.255785869309
295,2022,8,AZ,1102,CHOLLA,9w1wf0,34.940278,-110.300278,22.17618696898836,3692.6430131318584
296,2022,9,AZ,1102,CHOLLA,9w1wf0,34.940278,-110.300278,22.475211500793083,3506.75521842433
297,2022,10,AZ,1102,CHOLLA,9w1wf0,34.940278,-110.300278,22.789405016023274,3555.5868293216863
298,2022,11,AZ,1102,CHOLLA,9w1wf0,34.940278,-110.300278,23.091146222908378,3119.889175463846
299,2022,12,AZ,1102,CHOLLA,9w1wf0,34.940278,-110.300278,22.319018539751422,2779.739478872958
300,2018,1,AZ,1201,MOENKOPI,9w3h8n,35.985019,-111.090655,9.965276964386776,1297.2010367815458
301,2018,2,AZ,1201,MOENKOPI,9w3h8n,35.985019,-111.090655,10.167110307025148,1312.709129341021
302,2018,3,AZ,1201,MOENKOPI,9w3h8n,35.985019,-111.090655,10.319200200753768,1744.986116249125
303,2018,4,AZ,1201,MOENKOPI,9w3h8n,35.985019,-111.090655,10.442151672526883,1921.4568696622625
304,2018,5,AZ,1201,MOENKOPI,9w3h8n,35.985019,-111.090655,10.59945390508978,2094.0106680810327
305,2018,6,AZ,1201,MOENKOPI,9w3h8n,35.985019,-111.090655,10.769949870326936,2029.5009437789547
306,2018,7,AZ,1201,MOENKOPI,9w3h8n,35.985019,-111.090655,10.882458566032769,1913.9886106722724
307,2018,8,AZ,1201,MOENKOPI,9w3h8n,35.985019,-111.090655,11.023282206551885,1873.7743940063012
308,2018,9,AZ,1201,MOENKOPI,9w3h8n,35.985019,-111.090655,11.141537143854531,1791.3291746610664
309,2018,10,AZ,1201,MOENKOPI,9w3h8n,35.985019,-111.090655,11.300947839869487,1648.002290318391
310,2018,11,AZ,1201,MOENKOPI,9w3h8n,35.985019,-111.090655,11.449752874228588,1517.3330912271897
311,2018,12,AZ,1201,MOENKOPI,9w3h8n,35.985019,-111.090655,11.32347129708913,1354.049826540753
312,2019,1,AZ,1201,MOENKOPI,9w3h8n,35.985019,-111.090655,11.354039492544313,1448.0738584415608
313,2019,2,AZ,1201,MOENKOPI,9w3h8n,35.985019,-111.090655,11.530290748577652,1439.028839806604
314,2019,3,AZ,1201,MOENKOPI,9w3h8n,35.985019,-111.090655,11.644582136558402,1994.8947964846934
315,2019,4,AZ,1201,MOENKOPI,9w3h8n,35.985019,-111.090655,11.766140031629297,2198.3741070447763
316,2019,5,AZ,1201,MOENKOPI,9w3h8n,35.985019,-111.090655,11.935079534575666,2419.926876741536
317,2019,6,AZ,1201,MOENKOPI,9w3h8n,35.985019,-111.090655,12.059922289016077,2349.892516685894
318,2019,7,AZ,1201,MOENKOPI,9w3h8n,35.985019,-111.090655,12.191886763356797,2227.8244639515933
319,2019,8,AZ,1201,MOENKOPI,9w3h8n,35.985019,-111.090655,12.32098264149879,2164.297193126182
320,2019,9,AZ,1201,MOENKOPI,9w3h8n,35.985019,-111.090655,12.462512119568379,2013.3012209120075
321,2019,10,AZ,1201,MOENKOPI,9w3h8n,35.985019,-111.090655,12.60277470972686,1933.9560400884586
322,2019,11,AZ,1201,MOENKOPI,9w3h8n,35.985019,-111.090655,12.76753348256657,1588.445681485578
323,2019,12,AZ,1201,MOENKOPI,9w3h8n,35.985019,-111.090655,12.970905189097001,1492.6951256903114
324,2020,1,AZ,1201,MOENKOPI,9w3h8n,35.985019,-111.090655,13.15789784477667,1690.1371633527995
325,2020,2,AZ,1201,MOENKOPI,9w3h8n,35.985019,-111.090655,13.304865891664663,1796.3974592906504
326,2020,3,AZ,1201,MOENKOPI,9w3h8n,35.985019,-111.090655,13.493813174407187,2200.945916651926
327,2020,4,AZ,1201,MOENKOPI,9w3h8n,35.985019,-111.090655,13.639631972975817,2509.761916616664
328,2020,5,AZ,1201,MOENKOPI,9w3h8n,35.985019,-111.090655,13.778835806808585,2691.964541498025
329,2020,6,AZ,1201,MOENKOPI,9w3h8n,35.985019,-111.090655,13.911379429908669,2601.2561814905735
330,2020,7,AZ,1201,MOENKOPI,9w3h8n,35.985019,-111.090655,14.03957943731352,2441.195146664849
331,2020,8,AZ,1201,MOENKOPI,9w3h8n,35.985019,-111.090655,14.21890742113098,2366.3096918135834
332,2020,9,AZ,1201,MOENKOPI,9w3h8n,35.985019,-111.090655,14.403547284975732,2225.234203026939
333,2020,10,AZ,1201,MOENKOPI,9w3h8n,35.985019,-111.090655,14.544171843108815,2135.678159017435
334,2020,11,AZ,1201,MOENKOPI,9w3h8n,35.985019,-111.090655,14.700415319346,1869.3048768003046
335,2020,12,AZ,1201,MOENKOPI,9w3h8n,35.985019,-111.090655,14.92006653553418,1823.5201811367858
336,2021,1,AZ,1201,MOENKOPI,9w3h8n,35.985019,-111.090655,15.212780987395885,1952.6773947520758
337,2021,2,AZ,1201,MOENKOPI,9w3h8n,35.985019,-111.090655,15.28999780557797,2021.7791714687526
338,2021,3,AZ,1201,MOENKOPI,9w3h8n,35.985019,-111.090655,15.52867948803088,2600.25287865857
339,2021,4,AZ,1201,MOENKOPI,9w3h8n,35.985019,-111.090655,15.754855176961271,2877.32054088213
340,2021,5,AZ,1201,MOENKOPI,9w3h8n,35.985019,-111.090655,16.007282593249712,3135.1697125765536
341,2021,6,AZ,1201,MOENKOPI,9w3h8n,35.985019,-111.090655,16.235041892068992,2999.575468632518
342,2021,7,AZ,1201,MOENKOPI,9w3h8n,35.985019,-111.090655,16.36182117517353,2693.6687229192516
343,2021,8,AZ,1201,MOENKOPI,9w3h8n,35.985019,-111.090655,16.709238037197043,2752.7202959355004
344,2021,9,AZ,1201,MOENKOPI,9w3h8n,35.985019,-111.090655,16.93976639102203,2561.248883817284
345,2021,10,AZ,1201,MOENKOPI,9w3h8n,35.985019,-111.090655,17.138568251873107,2506.556273938388
346,2021,11,AZ,1201,MOENKOPI,9w3h8n,35.985019,-111.090655,17.38891435230758,2260.9252678822772
347,2021,12,AZ,1201,MOENKOPI,9w3h8n,35.985019,-111.090655,17.733634552920304,2139.405741416689
348,2022,1,AZ,1201,MOENKOPI,9w3h8n,35.985019,-111.090655,18.098760698101245,2465.350681285177
349,2022,2,AZ,1201,MOENKOPI,9w3h8n,35.985019,-111.090655,18.348355714988422,2527.082663350155
350,2022,3,AZ,1201,MOENKOPI,9w3h8n,35.985019,-111.090655,18.611334497736525,3259.8409303938033
351,2022,4,AZ,1201,MOENKOPI,9w3h8n,35.985019,-111.090655,17.94258961545898,3349.395055973042
352,2022,5,AZ,1201,MOENKOPI,9w3h8n,35.985019,-111.090655,18.167978024044615,3628.8085692956047
353,2022,6,AZ,1201,MOENKOPI,9w3h8n,35.985019,-111.090655,18.43348153341557,3416.7997005947977
354,2022,7,AZ,1201,MOENKOPI,9w3h8n,35.985019,-111.090655,18.6686883233123,3237.848145372526
355,2022,8,AZ,1201,MOENKOPI,9w3h8n,35.985019,-111.090655,18.984206757573958,3161.133992116771
356,2022,9,AZ,1201,MOENKOPI,9w3h8n,35.985019,-111.090655,19.24019050921287,3002.0023824594336
357,2022,10,AZ,1201,MOENKOPI,9w3h8n,35.985019,-111.090655,19.509159861940645,3043.8053037135337
358,2022,11,AZ,1201,MOENKOPI,9w3h8n,35.985019,-111.090655,19.76746925781638,2670.8207885579754
359,2022,12,AZ,1201,MOENKOPI,9w3h8n,35.985019,-111.090655,19.106479539394694,2379.6313168224724
360,2018,1,AZ,1202,NAVAJO,9w94m0,36.961002,-110.864429,52.470114942697606,6830.145087483037
361,2018,2,AZ,1202,NAVAJO,9w94m0,36.961002,-110.864429,53.532826869857374,6911.799757197251
362,2018,3,AZ,1202,NAVAJO,9w94m0,36.961002,-110.864429,54.33362490428053,9187.865266586427
363,2018,4,AZ,1202,NAVAJO,9w94m0,36.961002,-110.864429,54.98100057475756,10117.035699952456
364,2018,5,AZ,1202,NAVAJO,9w94m0,36.961002,-110.864429,55.809243106582265,11025.582212928284
365,2018,6,AZ,1202,NAVAJO,9w94m0,36.961002,-110.864429,56.70695452245462,10685.91953610071
366,2018,7,AZ,1202,NAVAJO,9w94m0,36.961002,-110.864429,57.29934590473481,10077.71311925279
367,2018,8,AZ,1202,NAVAJO,9w94m0,36.961002,-110.864429,58.040823801545265,9865.973437723136
368,2018,9,AZ,1202,NAVAJO,9w94m0,36.961002,-110.864429,58.663470836342775,9431.875102977396
369,2018,10,AZ,1202,NAVAJO,9w94m0,36.961002,-110.864429,59.50281504853998,8677.216890996464
370,2018,11,AZ,1202,NAVAJO,9w94m0,36.961002,-110.864429,60.286317331996536,7989.205115680244
371,2018,12,AZ,1202,NAVAJO,9w94m0,36.961002,-110.864429,59.621407677068525,7129.470690141026
372,2019,1,AZ,1202,NAVAJO,9w94m0,36.961002,-110.864429,59.78235821912132,7624.534879409633
373,2019,2,AZ,1202,NAVAJO,9w94m0,36.961002,-110.864429,60.71037293420789,7576.910195305911
374,2019,3,AZ,1202,NAVAJO,9w94m0,36.961002,-110.864429,61.31215071577297,10503.707989673756
375,2019,4,AZ,1202,NAVAJO,9w94m0,36.961002,-110.864429,61.95218879493084,11575.086422175298
376,2019,5,AZ,1202,NAVAJO,9w94m0,36.961002,-110.864429,62.84170497894025,12741.626934135602
377,2019,6,AZ,1202,NAVAJO,9w94m0,36.961002,-110.864429,63.49903880906471,12372.87542475054
378,2019,7,AZ,1202,NAVAJO,9w94m0,36.961002,-110.864429,64.19387058963191,11730.151215409496
379,2019,8,AZ,1202,NAVAJO,9w94m0,36.961002,-110.864429,64.87359836728889,11395.661445168538
380,2019,9,AZ,1202,NAVAJO,9w94m0,36.961002,-110.864429,65.61879270645579,10600.623229344134
381,2019,10,AZ,1202,NAVAJO,9w94m0,36.961002,-110.864429,66.35731650805982,10182.847509427962
382,2019,11,AZ,1202,NAVAJO,9w94m0,36.961002,-110.864429,67.22481991811173,8363.633824291675
383,2019,12,AZ,1202,NAVAJO,9w94m0,36.961002,-110.864429,68.2956317837407,7859.478978785685
384,2020,1,AZ,1202,NAVAJO,9w94m0,36.961002,-110.864429,69.28020312802107,8899.069393351618
385,2020,2,AZ,1202,NAVAJO,9w94m0,36.961002,-110.864429,70.05403313201145,9458.561112611344
386,2020,3,AZ,1202,NAVAJO,9w94m0,36.961002,-110.864429,71.04889616281741,11588.627756368025
387,2020,4,AZ,1202,NAVAJO,9w94m0,36.961002,-110.864429,71.81667503630435,13214.63484801247
388,2020,5,AZ,1202,NAVAJO,9w94m0,36.961002,-110.864429,72.54962417437368,14173.985270941184
389,2020,6,AZ,1202,NAVAJO,9w94m0,36.961002,-110.864429,73.24750534354105,13696.379069642046
390,2020,7,AZ,1202,NAVAJO,9w94m0,36.961002,-110.864429,73.92251609820714,12853.610632280333
391,2020,8,AZ,1202,NAVAJO,9w94m0,36.961002,-110.864429,74.86673069023212,12459.316681633087
392,2020,9,AZ,1202,NAVAJO,9w94m0,36.961002,-110.864429,75.83891389332429,11716.512729601835
393,2020,10,AZ,1202,NAVAJO,9w94m0,36.961002,-110.864429,76.57934356280342,11244.973811036401
394,2020,11,AZ,1202,NAVAJO,9w94m0,36.961002,-110.864429,77.40201143109344,9842.440114728191
395,2020,12,AZ,1202,NAVAJO,9w94m0,36.961002,-110.864429,78.55853970440535,9601.370222474665
396,2021,1,AZ,1202,NAVAJO,9w94m0,36.961002,-110.864429,80.09976740830764,10281.420949443078
397,2021,2,AZ,1202,NAVAJO,9w94m0,36.961002,-110.864429,80.50633667276489,10645.262133188018
398,2021,3,AZ,1202,NAVAJO,9w94m0,36.961002,-110.864429,81.76306594961056,13691.096385065823
399,2021,4,AZ,1202,NAVAJO,9w94m0,36.961002,-110.864429,82.95394749137128,15149.939138330865
400,2021,5,AZ,1202,NAVAJO,9w94m0,36.961002,-110.864429,84.28305210077414,16507.59088499442
401,2021,6,AZ,1202,NAVAJO,9w94m0,36.961002,-110.864429,85.48227181448847,15793.647299609129
402,2021,7,AZ,1202,NAVAJO,9w94m0,36.961002,-110.864429,86.14980203774476,14182.958287483978
403,2021,8,AZ,1202,NAVAJO,9w94m0,36.961002,-110.864429,87.97905402427263,14493.882192036022
404,2021,9,AZ,1202,NAVAJO,9w94m0,36.961002,-110.864429,89.19285362723151,13485.728877483196
405,2021,10,AZ,1202,NAVAJO,9w94m0,36.961002,-110.864429,90.23960391093725,13197.75619623034
406,2021,11,AZ,1202,NAVAJO,9w94m0,36.961002,-110.864429,91.55774978005826,11904.43668616415
407,2021,12,AZ,1202,NAVAJO,9w94m0,36.961002,-110.864429,93.37280305091657,11264.600629001043
408,2022,1,AZ,1202,NAVAJO,9w94m0,36.961002,-110.864429,95.29529962323407,12980.796628470951
409,2022,2,AZ,1202,NAVAJO,9w94m0,36.961002,-110.864429,96.60949081651422,13305.83367522495
410,2022,3,AZ,1202,NAVAJO,9w94m0,36.961002,-110.864429,97.99415147447647,17164.02152433287
411,2022,4,AZ,1202,NAVAJO,9w94m0,36.961002,-110.864429,94.47301292851907,17635.550341798567
412,2022,5,AZ,1202,NAVAJO,9w94m0,36.961002,-110.864429,95.65974920765144,19106.744691235297
413,2022,6,AZ,1202,NAVAJO,9w94m0,36.961002,-110.864429,97.05770329404255,17990.45562577758
414,2022,7,AZ,1202,NAVAJO,9w94m0,36.961002,-110.864429,98.29613623928721,17048.223041049325
415,2022,8,AZ,1202,NAVAJO,9w94m0,36.961002,-110.864429,99.95743361932125,16644.300455310247
416,2022,9,AZ,1202,NAVAJO,9w94m0,36.961002,-110.864429,101.30526338059704,15806.425714891451
417,2022,10,AZ,1202,NAVAJO,9w94m0,36.961002,-110.864429,102.7214661518923,16026.530393465042
418,2022,11,AZ,1202,NAVAJO,9w94m0,36.961002,-110.864429,104.08154111426568,14062.65719134549
419,2022,12,AZ,1202,NAVAJO,9w94m0,36.961002,-110.864429,100.60123578753246,12529.458956447716
420,2018,1,NV,1301,MEAD,9qqk6u,35.929472,-114.835922,54.157356423033676,6308.945133181491
421,2018,2,NV,1301,MEAD,9qqk6u,35.929472,-114.835922,54.79183277779235,6724.043445124461
422,2018,3,NV,1301,MEAD,9qqk6u,35.929472,-114.835922,55.682206791499816,9085.289341699767
423,2018,4,NV,1301,MEAD,9qqk6u,35.929472,-114.835922,57.56105282358039,10375.41951401908
424,2018,5,NV,1301,MEAD,9qqk6u,35.929472,-114.835922,59.48274356891588,11493.935304457866
425,2018,6,NV,1301,MEAD,9qqk6u,35.929472,-114.835922,61.11341803788051,11970.411360565848
426,2018,7,NV,1301,MEAD,9qqk6u,35.929472,-114.835922,62.27420540573789,11488.675940312736
427,2018,8,NV,1301,MEAD,9qqk6u,35.929472,-114.835922,63.94280798151836,11551.401771138522
428,2018,9,NV,1301,MEAD,9qqk6u,35.929472,-114.835922,65.66666384870953,10980.69005590898
429,2018,10,NV,1301,MEAD,9qqk6u,35.929472,-114.835922,67.1821492525298,10071.524304143086
430,2018,11,NV,1301,MEAD,9qqk6u,35.929472,-114.835922,68.87744197755103,8455.86585361578
431,2018,12,NV,1301,MEAD,9qqk6u,35.929472,-114.835922,70.60082959650991,7636.151668782095
432,2019,1,NV,1301,MEAD,9qqk6u,35.929472,-114.835922,73.27967773346516,8289.776098503973
433,2019,2,NV,1301,MEAD,9qqk6u,35.929472,-114.835922,75.37134258712345,8730.335173953827
434,2019,3,NV,1301,MEAD,9qqk6u,35.929472,-114.835922,77.61518811627737,12954.703561093376
435,2019,4,NV,1301,MEAD,9qqk6u,35.929472,-114.835922,79.54858506742022,14187.023806653648
436,2019,5,NV,1301,MEAD,9qqk6u,35.929472,-114.835922,81.48127964621462,15767.636686483123
437,2019,6,NV,1301,MEAD,9qqk6u,35.929472,-114.835922,83.24540486138311,16254.987105413788
438,2019,7,NV,1301,MEAD,9qqk6u,35.929472,-114.835922,85.11207643942403,16347.292645321833
439,2019,8,NV,1301,MEAD,9qqk6u,35.929472,-114.835922,87.84290013016393,16323.24037249769
440,2019,9,NV,1301,MEAD,9qqk6u,35.929472,-114.835922,89.70793283939182,14836.868302520332
441,2019,10,NV,1301,MEAD,9qqk6u,35.929472,-114.835922,92.39872130627057,14642.866972653816
442,2019,11,NV,1301,MEAD,9qqk6u,35.929472,-114.835922,94.25064306499424,11358.686250917886
443,2019,12,NV,1301,MEAD,9qqk6u,35.929472,-114.835922,96.86932130409967,9627.586583573113
444,2020,1,NV,1301,MEAD,9qqk6u,35.929472,-114.835922,98.90409399753422,11721.915535549046
445,2020,2,NV,1301,MEAD,9qqk6u,35.929472,-114.835922,101.16081635307623,12930.428870358897
446,2020,3,NV,1301,MEAD,9qqk6u,35.929472,-114.835922,103.56761226706854,16677.144025334477
447,2020,4,NV,1301,MEAD,9qqk6u,35.929472,-114.835922,105.33805883337298,18249.510819669136
448,2020,5,NV,1301,MEAD,9qqk6u,35.929472,-114.835922,106.82123510916495,20618.62235005052
449,2020,6,NV,1301,MEAD,9qqk6u,35.929472,-114.835922,108.56241616095102,20529.757498153373
450,2020,7,NV,1301,MEAD,9qqk6u,35.929472,-114.835922,110.44009157245084,20736.9868405822
451,2020,8,NV,1301,MEAD,9qqk6u,35.929472,-114.835922,112.35007611197898,19928.175347589255
452,2020,9,NV,1301,MEAD,9qqk6u,35.929472,-114.835922,114.52977163330858,17683.548078011525
453,2020,10,NV,1301,MEAD,9qqk6u,35.929472,-114.835922,116.88927447583917,17302.316990089814
454,2020,11,NV,1301,MEAD,9qqk6u,35.929472,-114.835922,118.76999350084893,14495.938637579837
455,2020,12,NV,1301,MEAD,9qqk6u,35.929472,-114.835922,121.03022771813312,13361.610104336476
456,2021,1,NV,1301,MEAD,9qqk6u,35.929472,-114.835922,123.71703607503737,14454.214208220681
457,2021,2,NV,1301,MEAD,9qqk6u,35.929472,-114.835922,125.79839946758521,15461.718175995384
458,2021,3,NV,1301,MEAD,9qqk6u,35.929472,-114.835922,127.57704037795482,20982.519590785043
459,2021,4,NV,1301,MEAD,9qqk6u,35.929472,-114.835922,129.4301327572592,22947.249606515976
460,2021,5,NV,1301,MEAD,9qqk6u,35.929472,-114.835922,132.49177382411497,25403.510093147263
461,2021,6,NV,1301,MEAD,9qqk6u,35.929472,-114.835922,135.3349770906055,24863.376158107116
462,2021,7,NV,1301,MEAD,9qqk6u,35.929472,-114.835922,137.50202990966315,24624.837865874168
463,2021,8,NV,1301,MEAD,9qqk6u,35.929472,-114.835922,140.1862629012898,24680.50813233574
464,2021,9,NV,1301,MEAD,9qqk6u,35.929472,-114.835922,142.62794330858802,22163.82302081628
465,2021,10,NV,1301,MEAD,9qqk6u,35.929472,-114.835922,145.17006296171337,20271.495888003843
466,2021,11,NV,1301,MEAD,9qqk6u,35.929472,-114.835922,147.5532123399748,18303.01145794638
467,2021,12,NV,1301,MEAD,9qqk6u,35.929472,-114.835922,149.18365268482327,16503.583369676417
468,2022,1,NV,1301,MEAD,9qqk6u,35.929472,-114.835922,151.94280539361702,19314.34920812299
469,2022,2,NV,1301,MEAD,9qqk6u,35.929472,-114.835922,154.23090038072272,20118.766893828204
470,2022,3,NV,1301,MEAD,9qqk6u,35.929472,-114.835922,156.72970707236084,26751.232690921723
471,2022,4,NV,1301,MEAD,9qqk6u,35.929472,-114.835922,159.05526191805012,29348.849592786803
472,2022,5,NV,1301,MEAD,9qqk6u,35.929472,-114.835922,161.48242663014722,32392.36547294282
473,2022,6,NV,1301,MEAD,9qqk6u,35.929472,-114.835922,164.17906819992965,31799.25276228032
474,2022,7,NV,1301,MEAD,9qqk6u,35.929472,-114.835922,166.97895850493293,31602.43585579302
475,2022,8,NV,1301,MEAD,9qqk6u,35.929472,-114.835922,170.08250778857905,30641.080092552074
476,2022,9,NV,1301,MEAD,9qqk6u,35.929472,-114.835922,173.2136837179305,29156.323713100246
477,2022,10,NV,1301,MEAD,9qqk6u,35.929472,-114.835922,175.27561480883813,27457.045727373956
478,2022,11,NV,1301,MEAD,9qqk6u,35.929472,-114.835922,178.29768890006505,23342.061297918917
479,2022,12,NV,1301,MEAD,9qqk6u,35.929472,-114.835922,181.5868986078158,22329.692933383023
480,2018,1,NV,1302,H ALLEN,9qw0kp,36.649771,-115.134207,0.3575882414663026,41.65647558680053
481,2018,2,NV,1302,H ALLEN,9qw0kp,36.649771,-115.134207,0.3617775390785769,44.397271763110695
482,2018,3,NV,1302,H ALLEN,9qw0kp,36.649771,-115.134207,0.36765646853225925,59.9880210831195
483,2018,4,NV,1302,H ALLEN,9qw0kp,36.649771,-115.134207,0.38006204540993505,68.50644609594141
484,2018,5,NV,1302,H ALLEN,9qw0kp,36.649771,-115.134207,0.39275051581641013,75.89174185209073
485,2018,6,NV,1302,H ALLEN,9qw0kp,36.649771,-115.134207,0.4035174744398383,79.03780078586813
486,2018,7,NV,1302,H ALLEN,9qw0kp,36.649771,-115.134207,0.4111818794441395,75.8570155120309
487,2018,8,NV,1302,H ALLEN,9qw0kp,36.649771,-115.134207,0.42219926840453764,76.27117936752451
488,2018,9,NV,1302,H ALLEN,9qw0kp,36.649771,-115.134207,0.4335814818064475,72.50290461941749
489,2018,10,NV,1302,H ALLEN,9qw0kp,36.649771,-115.134207,0.44358787422130047,66.4998977548305
490,2018,11,NV,1302,H ALLEN,9qw0kp,36.649771,-115.134207,0.45478149193734413,55.83208635684817
491,2018,12,NV,1302,H ALLEN,9qw0kp,36.649771,-115.134207,0.46616061360669875,50.41970707507448
492,2019,1,NV,1302,H ALLEN,9qw0kp,36.649771,-115.134207,0.4838484155549064,54.73543490672792
493,2019,2,NV,1302,H ALLEN,9qw0kp,36.649771,-115.134207,0.4976591848789132,57.644342494859934
494,2019,3,NV,1302,H ALLEN,9qw0kp,36.649771,-115.134207,0.5124747672833548,85.53684985920768
495,2019,4,NV,1302,H ALLEN,9qw0kp,36.649771,-115.134207,0.5252405310037096,93.67356957076659
496,2019,5,NV,1302,H ALLEN,9qw0kp,36.649771,-115.134207,0.5380016571252315,104.10998333738873
497,2019,6,NV,1302,H ALLEN,9qw0kp,36.649771,-115.134207,0.5496497595268872,107.32784312216144
498,2019,7,NV,1302,H ALLEN,9qw0kp,36.649771,-115.134207,0.5619749513581281,107.93731481489858
499,2019,8,NV,1302,H ALLEN,9qw0kp,36.649771,-115.134207,0.5800059356199612,107.77850333460272
500,2019,9,NV,1302,H ALLEN,9qw0kp,36.649771,-115.134207,0.592320306387259,97.96433939136831
501,2019,10,NV,1302,H ALLEN,9qw0kp,36.649771,-115.134207,0.6100869475156238,96.68339440123236
502,2019,11,NV,1302,H ALLEN,9qw0kp,36.649771,-115.134207,0.6223147497713766,74.99872427498511
503,2019,12,NV,1302,H ALLEN,9qw0kp,36.649771,-115.134207,0.639605264086243,63.56868177044655
504,2020,1,NV,1302,H ALLEN,9qw0kp,36.649771,-115.134207,0.653040387904795,77.39704150682616
505,2020,2,NV,1302,H ALLEN,9qw0kp,36.649771,-115.134207,0.6679409929545043,85.37656980594812
506,2020,3,NV,1302,H ALLEN,9qw0kp,36.649771,-115.134207,0.68383249828815,110.11524562087473
507,2020,4,NV,1302,H ALLEN,9qw0kp,36.649771,-115.134207,0.6955223390793006,120.49721243133379
508,2020,5,NV,1302,H ALLEN,9qw0kp,36.649771,-115.134207,0.7053154019478459,136.13989667480456
509,2020,6,NV,1302,H ALLEN,9qw0kp,36.649771,-115.134207,0.7168120094542976,135.55314303288293
510,2020,7,NV,1302,H ALLEN,9qw0kp,36.649771,-115.134207,0.7292098570005854,136.9214294677028
511,2020,8,NV,1302,H ALLEN,9qw0kp,36.649771,-115.134207,0.7418210340931809,131.581038086744
512,2020,9,NV,1302,H ALLEN,9qw0kp,36.649771,-115.134207,0.7562130491375624,116.76029403480146
513,2020,10,NV,1302,H ALLEN,9qw0kp,36.649771,-115.134207,0.7717922894831344,114.24311514487637
514,2020,11,NV,1302,H ALLEN,9qw0kp,36.649771,-115.134207,0.7842102332910309,95.71326128486906
515,2020,12,NV,1302,H ALLEN,9qw0kp,36.649771,-115.134207,0.7991340263349039,88.22355772033119
516,2021,1,NV,1302,H ALLEN,9qw0kp,36.649771,-115.134207,0.8168743877365497,95.43776472620802
517,2021,2,NV,1302,H ALLEN,9qw0kp,36.649771,-115.134207,0.8306171389443426,102.09007561990687
518,2021,3,NV,1302,H ALLEN,9qw0kp,36.649771,-115.134207,0.842361085055209,138.5426242631356
519,2021,4,NV,1302,H ALLEN,9qw0kp,36.649771,-115.134207,0.8545966166423496,151.51527281328669
520,2021,5,NV,1302,H ALLEN,9qw0kp,36.649771,-115.134207,0.8748119099544202,167.73338104473063
521,2021,6,NV,1302,H ALLEN,9qw0kp,36.649771,-115.134207,0.8935849100294974,164.16700416180853
522,2021,7,NV,1302,H ALLEN,9qw0kp,36.649771,-115.134207,0.9078934482948888,162.59199212141883
523,2021,8,NV,1302,H ALLEN,9qw0kp,36.649771,-115.134207,0.925616805167481,162.95956975077092
524,2021,9,NV,1302,H ALLEN,9qw0kp,36.649771,-115.134207,0.9417386445764879,146.3424919834758
525,2021,10,NV,1302,H ALLEN,9qw0kp,36.649771,-115.134207,0.9585236606185819,133.84790257967003
526,2021,11,NV,1302,H ALLEN,9qw0kp,36.649771,-115.134207,0.9742590334581908,120.85046451789147
527,2021,12,NV,1302,H ALLEN,9qw0kp,36.649771,-115.134207,0.9850244462153414,108.9692655778365
528,2022,1,NV,1302,H ALLEN,9qw0kp,36.649771,-115.134207,1.0032424802967632,127.52808897188588
529,2022,2,NV,1302,H ALLEN,9qw0kp,36.649771,-115.134207,1.0183502314276696,132.8394690804131
530,2022,3,NV,1302,H ALLEN,9qw0kp,36.649771,-115.134207,1.034849262208409,176.6320752490437
531,2022,4,NV,1302,H ALLEN,9qw0kp,36.649771,-115.134207,1.0502043519437303,193.78352652531055
532,2022,5,NV,1302,H ALLEN,9qw0kp,36.649771,-115.134207,1.0662303476435264,213.8791435077687
533,2022,6,NV,1302,H ALLEN,9qw0kp,36.649771,-115.134207,1.0840356354288312,209.9629602742217
534,2022,7,NV,1302,H ALLEN,9qw0kp,36.649771,-115.134207,1.1025226502425538,208.66342469623143
535,2022,8,NV,1302,H ALLEN,9qw0kp,36.649771,-115.134207,1.1230146536183132,202.31581950450874
536,2022,9,NV,1302,H ALLEN,9qw0kp,36.649771,-115.134207,1.1436890692148285,192.51232358445597
537,2022,10,NV,1302,H ALLEN,9qw0kp,36.649771,-115.134207,1.1573035135215812,181.29239213263517
538,2022,11,NV,1302,H ALLEN,9qw0kp,36.649771,-115.134207,1.1772575554327387,154.1221212225098
539,2022,12,NV,1302,H ALLEN,9qw0kp,36.649771,-115.134207,1.1989754307666287,147.4376918651614
540,2018,1,NV,1303,H ALLEN,9qw0kp,36.649771,-115.134207,129.81394737541936,15122.397502491565
541,2018,2,NV,1303,H ALLEN,9qw0kp,36.649771,-115.134207,131.33477271785725,16117.378682911076
542,2018,3,NV,1303,H ALLEN,9qw0kp,36.649771,-115.134207,133.46897890873962,21777.23120902301
543,2018,4,NV,1303,H ALLEN,9qw0kp,36.649771,-115.134207,137.9725299689108,24869.643788926387
544,2018,5,NV,1303,H ALLEN,9qw0kp,36.649771,-115.134207,142.5787788289588,27550.700612018318
545,2018,6,NV,1303,H ALLEN,9qw0kp,36.649771,-115.134207,146.4874683160731,28692.802844448222
546,2018,7,NV,1303,H ALLEN,9qw0kp,36.649771,-115.134207,149.2698491455222,27538.094036190818
547,2018,8,NV,1303,H ALLEN,9qw0kp,36.649771,-115.134207,153.2694514390848,27688.44642116127
548,2018,9,NV,1303,H ALLEN,9qw0kp,36.649771,-115.134207,157.4014946111771,26320.46346444824
549,2018,10,NV,1303,H ALLEN,9qw0kp,36.649771,-115.134207,161.0340785379669,24141.21390630187
550,2018,11,NV,1303,H ALLEN,9qw0kp,36.649771,-115.134207,165.0976565101413,20268.51747268864
551,2018,12,NV,1303,H ALLEN,9qw0kp,36.649771,-115.134207,169.22857730190705,18303.681279029315
552,2019,1,NV,1303,H ALLEN,9qw0kp,36.649771,-115.134207,175.64971514994178,19870.404120159666
553,2019,2,NV,1303,H ALLEN,9qw0kp,36.649771,-115.134207,180.6633880685174,20926.41416964367
554,2019,3,NV,1303,H ALLEN,9qw0kp,36.649771,-115.134207,186.04183459321283,31052.12878575234
555,2019,4,NV,1303,H ALLEN,9qw0kp,36.649771,-115.134207,190.6761429614239,34005.97229054326
556,2019,5,NV,1303,H ALLEN,9qw0kp,36.649771,-115.134207,195.30876775914516,37794.665290998244
557,2019,6,NV,1303,H ALLEN,9qw0kp,36.649771,-115.134207,199.53733563931834,38962.83312294114
558,2019,7,NV,1303,H ALLEN,9qw0kp,36.649771,-115.134207,204.01170481099996,39184.08739551834
559,2019,8,NV,1303,H ALLEN,9qw0kp,36.649771,-115.134207,210.5574268752787,39126.434646476024
560,2019,9,NV,1303,H ALLEN,9qw0kp,36.649771,-115.134207,215.02786771581748,35563.63471648776
561,2019,10,NV,1303,H ALLEN,9qw0kp,36.649771,-115.134207,221.47762626217855,35098.617956265276
562,2019,11,NV,1303,H ALLEN,9qw0kp,36.649771,-115.134207,225.9166404535747,27226.51171731542
563,2019,12,NV,1303,H ALLEN,9qw0kp,36.649771,-115.134207,232.19355242965133,23077.105321571842
564,2020,1,NV,1303,H ALLEN,9qw0kp,36.649771,-115.134207,237.07085613855446,28097.164023015226
565,2020,2,NV,1303,H ALLEN,9qw0kp,36.649771,-115.134207,242.48016812222926,30993.94290605493
566,2020,3,NV,1303,H ALLEN,9qw0kp,36.649771,-115.134207,248.2492030005545,39974.73362559282
567,2020,4,NV,1303,H ALLEN,9qw0kp,36.649771,-115.134207,252.49292301513572,43743.66094730757
568,2020,5,NV,1303,H ALLEN,9qw0kp,36.649771,-115.134207,256.0480626993955,49422.36721814443
569,2020,6,NV,1303,H ALLEN,9qw0kp,36.649771,-115.134207,260.2216339435691,49209.36019620652
570,2020,7,NV,1303,H ALLEN,9qw0kp,36.649771,-115.134207,264.722379052924,49706.08420065326
571,2020,8,NV,1303,H ALLEN,9qw0kp,36.649771,-115.134207,269.3005684048089,47767.38151051668
572,2020,9,NV,1303,H ALLEN,9qw0kp,36.649771,-115.134207,274.52524882477076,42387.06117186614
573,2020,10,NV,1303,H ALLEN,9qw0kp,36.649771,-115.134207,280.1809232901172,41473.25895451318
574,2020,11,NV,1303,H ALLEN,9qw0kp,36.649771,-115.134207,284.6889638715945,34746.43409026809
575,2020,12,NV,1303,H ALLEN,9qw0kp,36.649771,-115.134207,290.1066937077182,32027.474483549504
576,2021,1,NV,1303,H ALLEN,9qw0kp,36.649771,-115.134207,296.5469120213038,34646.4215853225
577,2021,2,NV,1303,H ALLEN,9qw0kp,36.649771,-115.134207,301.535892572696,37061.385602982824
578,2021,3,NV,1303,H ALLEN,9qw0kp,36.649771,-115.134207,305.79925424299137,50294.62059938002
579,2021,4,NV,1303,H ALLEN,9qw0kp,36.649771,-115.134207,310.24107438520383,55004.03360833049
580,2021,5,NV,1303,H ALLEN,9qw0kp,36.649771,-115.134207,317.5797581501706,60891.633938398714
581,2021,6,NV,1303,H ALLEN,9qw0kp,36.649771,-115.134207,324.3948514928147,59596.94522295842
582,2021,7,NV,1303,H ALLEN,9qw0kp,36.649771,-115.134207,329.58922764396044,59025.17438035909
583,2021,8,NV,1303,H ALLEN,9qw0kp,36.649771,-115.134207,336.02327286575024,59158.61473856949
584,2021,9,NV,1303,H ALLEN,9qw0kp,36.649771,-115.134207,341.87592507840134,53126.17796164551
585,2021,10,NV,1303,H ALLEN,9qw0kp,36.649771,-115.134207,347.9693278710916,48590.313010683574
586,2021,11,NV,1303,H ALLEN,9qw0kp,36.649771,-115.134207,353.68168254292743,43871.900756275056
587,2021,12,NV,1303,H ALLEN,9qw0kp,36.649771,-115.134207,357.58981083987845,39558.71269495418
588,2022,1,NV,1303,H ALLEN,9qw0kp,36.649771,-115.134207,364.2034369139118,46296.05426285877
589,2022,2,NV,1303,H ALLEN,9qw0kp,36.649771,-115.134207,369.68794837946353,48224.22509720143
590,2022,3,NV,1303,H ALLEN,9qw0kp,36.649771,-115.134207,375.6775309919504,64122.09424775289
591,2022,4,NV,1303,H ALLEN,9qw0kp,36.649771,-115.134207,381.25183288362405,70348.52267912285
592,2022,5,NV,1303,H ALLEN,9qw0kp,36.649771,-115.134207,387.069691306153,77643.76078522047
593,2022,6,NV,1303,H ALLEN,9qw0kp,36.649771,-115.134207,393.53347960659556,76222.0831536866
594,2022,7,NV,1303,H ALLEN,9qw0kp,36.649771,-115.134207,400.2447527690363,75750.31752056074
595,2022,8,NV,1303,H ALLEN,9qw0kp,36.649771,-115.134207,407.6838895732269,73445.96969598084
596,2022,9,NV,1303,H ALLEN,9qw0kp,36.649771,-115.134207,415.1892468166823,69887.04253930923
597,2022,10,NV,1303,H ALLEN,9qw0kp,36.649771,-115.134207,420.13164858452376,65813.9119881758
598,2022,11,NV,1303,H ALLEN,9qw0kp,36.649771,-115.134207,427.3754912118995,55950.388222293586
599,2022,12,NV,1303,H ALLEN,9qw0kp,36.649771,-115.134207,435.25965181555614,53523.76435661117
600,2018,1,AZ,1401,PALOVRDE,9mzqxj,33.513802,-113.239936,408.66372483393445,53196.615552592375
601,2018,2,AZ,1401,PALOVRDE,9mzqxj,33.513802,-113.239936,416.94066143018256,53832.58331275333
602,2018,3,AZ,1401,PALOVRDE,9mzqxj,33.513802,-113.239936,423.17768050179046,71559.72970930373
603,2018,4,AZ,1401,PALOVRDE,9mzqxj,33.513802,-113.239936,428.2197688058266,78796.57778405277
604,2018,5,AZ,1401,PALOVRDE,9mzqxj,33.513802,-113.239936,434.67053946815537,85872.79636262973
605,2018,6,AZ,1401,PALOVRDE,9mzqxj,33.513802,-113.239936,441.66236884449637,83227.33208546904
606,2018,7,AZ,1401,PALOVRDE,9mzqxj,33.513802,-113.239936,446.2762117740674,78490.31368845554
607,2018,8,AZ,1401,PALOVRDE,9mzqxj,33.513802,-113.239936,452.05121568864837,76841.178232138
608,2018,9,AZ,1401,PALOVRDE,9mzqxj,33.513802,-113.239936,456.9007049031287,73460.20141104393
609,2018,10,AZ,1401,PALOVRDE,9mzqxj,33.513802,-113.239936,463.4379410526762,67582.54255282629
610,2018,11,AZ,1401,PALOVRDE,9mzqxj,33.513802,-113.239936,469.54025209054845,62223.95976455921
611,2018,12,AZ,1401,PALOVRDE,9mzqxj,33.513802,-113.239936,464.3616002702184,55527.91434722939
612,2019,1,AZ,1401,PALOVRDE,9mzqxj,33.513802,-113.239936,465.61516428663367,59383.72399886342
613,2019,2,AZ,1401,PALOVRDE,9mzqxj,33.513802,-113.239936,472.8430110443957,59012.79893378358
614,2019,3,AZ,1401,PALOVRDE,9mzqxj,33.513802,-113.239936,477.52995998676533,81808.17664142416
615,2019,4,AZ,1401,PALOVRDE,9mzqxj,33.513802,-113.239936,482.5148994280046,90152.6123532761
616,2019,5,AZ,1401,PALOVRDE,9mzqxj,33.513802,-113.239936,489.44290020433874,99238.21834647832
617,2019,6,AZ,1401,PALOVRDE,9mzqxj,33.513802,-113.239936,494.56254767931347,96366.19556688257
618,2019,7,AZ,1401,PALOVRDE,9mzqxj,33.513802,-113.239936,499.97424810897127,91360.33518870149
619,2019,8,AZ,1401,PALOVRDE,9mzqxj,33.513802,-113.239936,505.2683109444302,88755.16011761961
620,2019,9,AZ,1401,PALOVRDE,9mzqxj,33.513802,-113.239936,511.0722603869212,82563.00141892128
621,2019,10,AZ,1401,PALOVRDE,9mzqxj,33.513802,-113.239936,516.8242563177787,79309.15335640847
622,2019,11,AZ,1401,PALOVRDE,9mzqxj,33.513802,-113.239936,523.5808105057221,65140.19943571325
623,2019,12,AZ,1401,PALOVRDE,9mzqxj,33.513802,-113.239936,531.9208335089537,61213.5871673285
624,2020,1,AZ,1401,PALOVRDE,9mzqxj,33.513802,-113.239936,539.5891718260659,69310.44175935935
625,2020,2,AZ,1401,PALOVRDE,9mzqxj,33.513802,-113.239936,545.6161502720696,73668.04551639558
626,2020,3,AZ,1401,PALOVRDE,9mzqxj,33.513802,-113.239936,553.3646454357022,90258.07909518175
627,2020,4,AZ,1401,PALOVRDE,9mzqxj,33.513802,-113.239936,559.3444946247239,102922.24259860648
628,2020,5,AZ,1401,PALOVRDE,9mzqxj,33.513802,-113.239936,565.0530722637162,110394.14765700432
629,2020,6,AZ,1401,PALOVRDE,9mzqxj,33.513802,-113.239936,570.4885228701207,106674.30962272809
630,2020,7,AZ,1401,PALOVRDE,9mzqxj,33.513802,-113.239936,575.7458471509244,100110.40388017657
631,2020,8,AZ,1401,PALOVRDE,9mzqxj,33.513802,-113.239936,583.0998667226537,97039.44368260572
632,2020,9,AZ,1401,PALOVRDE,9mzqxj,33.513802,-113.239936,590.6717199467321,91254.11178100856
633,2020,10,AZ,1401,PALOVRDE,9mzqxj,33.513802,-113.239936,596.4385597380564,87581.52880543165
634,2020,11,AZ,1401,PALOVRDE,9mzqxj,33.513802,-113.239936,602.8459121085199,76657.8888407704
635,2020,12,AZ,1401,PALOVRDE,9mzqxj,33.513802,-113.239936,611.8535377362427,74780.31490708968
636,2021,1,AZ,1401,PALOVRDE,9mzqxj,33.513802,-113.239936,623.8573965991748,80076.89303470467
637,2021,2,AZ,1401,PALOVRDE,9mzqxj,33.513802,-113.239936,627.0239631332398,82910.67172109743
638,2021,3,AZ,1401,PALOVRDE,9mzqxj,33.513802,-113.239936,636.8120047250009,106633.1654102864
639,2021,4,AZ,1401,PALOVRDE,9mzqxj,33.513802,-113.239936,646.0871909376365,117995.3687168232
640,2021,5,AZ,1401,PALOVRDE,9mzqxj,33.513802,-113.239936,656.4389281306217,128569.44541600226
641,2021,6,AZ,1401,PALOVRDE,9mzqxj,33.513802,-113.239936,665.7790562327992,123008.89260906674
642,2021,7,AZ,1401,PALOVRDE,9mzqxj,33.513802,-113.239936,670.9781183612711,110464.03403646774
643,2021,8,AZ,1401,PALOVRDE,9mzqxj,33.513802,-113.239936,685.2252556372375,112885.66625726456
644,2021,9,AZ,1401,PALOVRDE,9mzqxj,33.513802,-113.239936,694.6789392719855,105033.65965924635
645,2021,10,AZ,1401,PALOVRDE,9mzqxj,33.513802,-113.239936,702.8315585368248,102790.78314373406
646,2021,11,AZ,1401,PALOVRDE,9mzqxj,33.513802,-113.239936,713.0979435321262,92717.75835693386
647,2021,12,AZ,1401,PALOVRDE,9mzqxj,33.513802,-113.239936,727.2344940476156,87734.39236490407
648,2022,1,AZ,1401,PALOVRDE,9mzqxj,33.513802,-113.239936,742.2078671969168,101100.99258017722
649,2022,2,AZ,1401,PALOVRDE,9mzqxj,33.513802,-113.239936,752.4434511817499,103632.54507211622
650,2022,3,AZ,1401,PALOVRDE,9mzqxj,33.513802,-113.239936,763.2278869073401,133682.0583855019
651,2022,4,AZ,1401,PALOVRDE,9mzqxj,33.513802,-113.239936,735.8034835985466,137354.56268861835
652,2022,5,AZ,1401,PALOVRDE,9mzqxj,33.513802,-113.239936,745.0463844146672,148812.9664571644
653,2022,6,AZ,1401,PALOVRDE,9mzqxj,33.513802,-113.239936,755.9343560670128,140118.7440797303
654,2022,7,AZ,1401,PALOVRDE,9mzqxj,33.513802,-113.239936,765.5798965982934,132780.16138069343
655,2022,8,AZ,1401,PALOVRDE,9mzqxj,33.513802,-113.239936,778.5189186706293,129634.20851565863
656,2022,9,AZ,1401,PALOVRDE,9mzqxj,33.513802,-113.239936,789.0164967927001,123108.41735362755
657,2022,10,AZ,1401,PALOVRDE,9mzqxj,33.513802,-113.239936,800.0465984090147,124822.7036268231
658,2022,11,AZ,1401,PALOVRDE,9mzqxj,33.513802,-113.239936,810.6395483345842,109527.06841130662
659,2022,12,AZ,1401,PALOVRDE,9mzqxj,33.513802,-113.239936,783.5331747362904,97585.7471036174
660,2018,1,AZ,1402,WESTWING,9w01f3,34.067027,-112.396715,328.3920533360915,42747.48344484296
661,2018,2,AZ,1402,WESTWING,9w01f3,34.067027,-112.396715,335.04319470000655,43258.531394351274
662,2018,3,AZ,1402,WESTWING,9w01f3,34.067027,-112.396715,340.0551088366331,57503.62742610281
663,2018,4,AZ,1402,WESTWING,9w01f3,34.067027,-112.396715,344.10680618740037,63318.97940018348
664,2018,5,AZ,1402,WESTWING,9w01f3,34.067027,-112.396715,349.2904858111869,69005.25348731509
665,2018,6,AZ,1402,WESTWING,9w01f3,34.067027,-112.396715,354.9089468243469,66879.4238792257
666,2018,7,AZ,1402,WESTWING,9w01f3,34.067027,-112.396715,358.6165167928528,63072.873154131994
667,2018,8,AZ,1402,WESTWING,9w01f3,34.067027,-112.396715,363.2571669858785,61747.668723644456
668,2018,9,AZ,1402,WESTWING,9w01f3,34.067027,-112.396715,367.15409647581936,59030.79944190923
669,2018,10,AZ,1402,WESTWING,9w01f3,34.067027,-112.396715,372.40725762479383,54307.65827726705
670,2018,11,AZ,1402,WESTWING,9w01f3,34.067027,-112.396715,377.31092372003314,50001.633793382294
671,2018,12,AZ,1402,WESTWING,9w01f3,34.067027,-112.396715,373.14948730802485,44620.85744793537
672,2019,1,AZ,1402,WESTWING,9w01f3,34.067027,-112.396715,374.15682032126483,47719.29063842166
673,2019,2,AZ,1402,WESTWING,9w01f3,34.067027,-112.396715,379.96493905983067,47421.22443789239
674,2019,3,AZ,1402,WESTWING,9w01f3,34.067027,-112.396715,383.73125521057693,65739.02569374355
675,2019,4,AZ,1402,WESTWING,9w01f3,34.067027,-112.396715,387.7370291498466,72444.40767610472
676,2019,5,AZ,1402,WESTWING,9w01f3,34.067027,-112.396715,393.30419908003535,79745.37574984999
677,2019,6,AZ,1402,WESTWING,9w01f3,34.067027,-112.396715,397.41822106069213,77437.48933736565
678,2019,7,AZ,1402,WESTWING,9w01f3,34.067027,-112.396715,401.76692956634014,73414.90385104023
679,2019,8,AZ,1402,WESTWING,9w01f3,34.067027,-112.396715,406.021107413256,71321.44965164873
680,2019,9,AZ,1402,WESTWING,9w01f3,34.067027,-112.396715,410.6850175160012,66345.5842002319
681,2019,10,AZ,1402,WESTWING,9w01f3,34.067027,-112.396715,415.30717906283957,63730.87244198504
682,2019,11,AZ,1402,WESTWING,9w01f3,34.067027,-112.396715,420.7365787585354,52345.051805391086
683,2019,12,AZ,1402,WESTWING,9w01f3,34.067027,-112.396715,427.4384147974802,49189.72338471086
684,2020,1,AZ,1402,WESTWING,9w01f3,34.067027,-112.396715,433.6005016493426,55696.15530773331
685,2020,2,AZ,1402,WESTWING,9w01f3,34.067027,-112.396715,438.4436323385169,59197.81782005857
686,2020,3,AZ,1402,WESTWING,9w01f3,34.067027,-112.396715,444.6701312480643,72529.15813920769
687,2020,4,AZ,1402,WESTWING,9w01f3,34.067027,-112.396715,449.4753900329516,82705.76644561812
688,2020,5,AZ,1402,WESTWING,9w01f3,34.067027,-112.396715,454.06266171521054,88710.0043932282
689,2020,6,AZ,1402,WESTWING,9w01f3,34.067027,-112.396715,458.4304552749874,85720.83462864961
690,2020,7,AZ,1402,WESTWING,9w01f3,34.067027,-112.396715,462.6551109287976,80446.24245490826
691,2020,8,AZ,1402,WESTWING,9w01f3,34.067027,-112.396715,468.5646190174231,77978.4948577769
692,2020,9,AZ,1402,WESTWING,9w01f3,34.067027,-112.396715,474.649172836887,73329.54535004088
693,2020,10,AZ,1402,WESTWING,9w01f3,34.067027,-112.396715,479.28326254255586,70378.34858089537
694,2020,11,AZ,1402,WESTWING,9w01f3,34.067027,-112.396715,484.432052301763,61600.38190583261
695,2020,12,AZ,1402,WESTWING,9w01f3,34.067027,-112.396715,491.67035728411184,60091.60996963423
696,2021,1,AZ,1402,WESTWING,9w01f3,34.067027,-112.396715,501.3163611264073,64347.80904306392
697,2021,2,AZ,1402,WESTWING,9w01f3,34.067027,-112.396715,503.8609356089345,66624.96344893327
698,2021,3,AZ,1402,WESTWING,9w01f3,34.067027,-112.396715,511.7263635417995,85687.77215800308
699,2021,4,AZ,1402,WESTWING,9w01f3,34.067027,-112.396715,519.179673587069,94818.15747853035
700,2021,5,AZ,1402,WESTWING,9w01f3,34.067027,-112.396715,527.4980733515242,103315.22376643687
701,2021,6,AZ,1402,WESTWING,9w01f3,34.067027,-112.396715,535.0035690916774,98846.901175056
702,2021,7,AZ,1402,WESTWING,9w01f3,34.067027,-112.396715,539.1814067220777,88766.16335781832
703,2021,8,AZ,1402,WESTWING,9w01f3,34.067027,-112.396715,550.6300535676402,90712.12706608596
704,2021,9,AZ,1402,WESTWING,9w01f3,34.067027,-112.396715,558.226799722847,84402.44893015755
705,2021,10,AZ,1402,WESTWING,9w01f3,34.067027,-112.396715,564.7780427565561,82600.12888179094
706,2021,11,AZ,1402,WESTWING,9w01f3,34.067027,-112.396715,573.0278556077357,74505.69550778186
707,2021,12,AZ,1402,WESTWING,9w01f3,34.067027,-112.396715,584.3876376700105,70501.18595334826
708,2022,1,AZ,1402,WESTWING,9w01f3,34.067027,-112.396715,596.4198696863575,81242.25501349036
709,2022,2,AZ,1402,WESTWING,9w01f3,34.067027,-112.396715,604.6449316079637,83276.54793071409
710,2022,3,AZ,1402,WESTWING,9w01f3,34.067027,-112.396715,613.3110372023293,107423.59299262395
711,2022,4,AZ,1402,WESTWING,9w01f3,34.067027,-112.396715,591.2734655589164,110374.72654252766
712,2022,5,AZ,1402,WESTWING,9w01f3,34.067027,-112.396715,598.7008318587295,119582.4161730079
713,2022,6,AZ,1402,WESTWING,9w01f3,34.067027,-112.396715,607.4501363609384,112595.95428470011
714,2022,7,AZ,1402,WESTWING,9w01f3,34.067027,-112.396715,615.2010539690301,106698.85088485044
715,2022,8,AZ,1402,WESTWING,9w01f3,34.067027,-112.396715,625.5985318176503,104170.84103649123
716,2022,9,AZ,1402,WESTWING,9w01f3,34.067027,-112.396715,634.0341257426155,98926.8767961791
717,2022,10,AZ,1402,WESTWING,9w01f3,34.067027,-112.396715,642.8976423656269,100304.43481038584
718,2022,11,AZ,1402,WESTWING,9w01f3,34.067027,-112.396715,651.4098747110785,88013.24097480763
719,2022,12,AZ,1402,WESTWING,9w01f3,34.067027,-112.396715,629.6278638706102,78417.49076386927
720,2018,1,CA,2100,IMPERIAL,9mvgw4,32.971469,-115.394435,39.87581451220426,4104.067302799019
721,2018,2,CA,2100,IMPERIAL,9mvgw4,32.971469,-115.394435,40.42893982874867,4496.7253071109335
722,2018,3,CA,2100,IMPERIAL,9mvgw4,32.971469,-115.394435,41.16146572155461,6253.676058931784
723,2018,4,CA,2100,IMPERIAL,9mvgw4,32.971469,-115.394435,41.89214638552475,7110.925893354857
724,2018,5,CA,2100,IMPERIAL,9mvgw4,32.971469,-115.394435,42.59658046660618,7831.200071782249
725,2018,6,CA,2100,IMPERIAL,9mvgw4,32.971469,-115.394435,43.16801428744364,8009.763710955683
726,2018,7,CA,2100,IMPERIAL,9mvgw4,32.971469,-115.394435,43.778185931827835,8140.452708253752
727,2018,8,CA,2100,IMPERIAL,9mvgw4,32.971469,-115.394435,44.44558363413322,7893.573089999818
728,2018,9,CA,2100,IMPERIAL,9mvgw4,32.971469,-115.394435,45.11846310392164,7161.124103695708
729,2018,10,CA,2100,IMPERIAL,9mvgw4,32.971469,-115.394435,45.77988178551877,6544.591440288218
730,2018,11,CA,2100,IMPERIAL,9mvgw4,32.971469,-115.394435,46.42021213756369,5176.946181579725
731,2018,12,CA,2100,IMPERIAL,9mvgw4,32.971469,-115.394435,47.14483589779027,4672.624034448265
732,2019,1,CA,2100,IMPERIAL,9mvgw4,32.971469,-115.394435,47.688711106144744,4875.66366957738
733,2019,2,CA,2100,IMPERIAL,9mvgw4,32.971469,-115.394435,48.20187643458882,5124.844653640744
734,2019,3,CA,2100,IMPERIAL,9mvgw4,32.971469,-115.394435,48.92531996728081,7482.590399696527
735,2019,4,CA,2100,IMPERIAL,9mvgw4,32.971469,-115.394435,49.46939287872483,8397.510704622098
736,2019,5,CA,2100,IMPERIAL,9mvgw4,32.971469,-115.394435,50.03866993858535,9135.75769348748
737,2019,6,CA,2100,IMPERIAL,9mvgw4,32.971469,-115.394435,50.61285362966839,9345.582594506057
738,2019,7,CA,2100,IMPERIAL,9mvgw4,32.971469,-115.394435,51.17277274329013,9740.844905670621
739,2019,8,CA,2100,IMPERIAL,9mvgw4,32.971469,-115.394435,51.87826723185189,9436.858821891663
740,2019,9,CA,2100,IMPERIAL,9mvgw4,32.971469,-115.394435,52.570216063278004,8374.39030483245
741,2019,10,CA,2100,IMPERIAL,9mvgw4,32.971469,-115.394435,53.20471117867979,7659.337800496276
742,2019,11,CA,2100,IMPERIAL,9mvgw4,32.971469,-115.394435,53.91471090128225,5950.294748903764
743,2019,12,CA,2100,IMPERIAL,9mvgw4,32.971469,-115.394435,54.8226892995614,5308.948676267758
744,2020,1,CA,2100,IMPERIAL,9mvgw4,32.971469,-115.394435,55.53534303636602,5742.739689038336
745,2020,2,CA,2100,IMPERIAL,9mvgw4,32.971469,-115.394435,56.11498453092124,6432.817560271967
746,2020,3,CA,2100,IMPERIAL,9mvgw4,32.971469,-115.394435,56.83243106989682,8495.888492885439
747,2020,4,CA,2100,IMPERIAL,9mvgw4,32.971469,-115.394435,57.37329879488901,9443.702434156556
748,2020,5,CA,2100,IMPERIAL,9mvgw4,32.971469,-115.394435,57.89956644626794,10685.16998651142
749,2020,6,CA,2100,IMPERIAL,9mvgw4,32.971469,-115.394435,58.658800229171526,10712.105031467956
750,2020,7,CA,2100,IMPERIAL,9mvgw4,32.971469,-115.394435,59.31869120507666,11110.137019133077
751,2020,8,CA,2100,IMPERIAL,9mvgw4,32.971469,-115.394435,59.97291469241463,10576.017451759537
752,2020,9,CA,2100,IMPERIAL,9mvgw4,32.971469,-115.394435,60.6522464721257,9384.487854596638
753,2020,10,CA,2100,IMPERIAL,9mvgw4,32.971469,-115.394435,61.40064852212293,8555.086872774018
754,2020,11,CA,2100,IMPERIAL,9mvgw4,32.971469,-115.394435,62.08858338173087,6936.426250872258
755,2020,12,CA,2100,IMPERIAL,9mvgw4,32.971469,-115.394435,63.183361244622965,6212.575647518884
756,2021,1,CA,2100,IMPERIAL,9mvgw4,32.971469,-115.394435,63.80751588934092,6580.801677763056
757,2021,2,CA,2100,IMPERIAL,9mvgw4,32.971469,-115.394435,64.47920914059203,7036.82417529564
758,2021,3,CA,2100,IMPERIAL,9mvgw4,32.971469,-115.394435,64.99200901787057,9937.15837016104
759,2021,4,CA,2100,IMPERIAL,9mvgw4,32.971469,-115.394435,66.00675307551045,11093.712385643352
760,2021,5,CA,2100,IMPERIAL,9mvgw4,32.971469,-115.394435,66.75152457786318,12235.208854545177
761,2021,6,CA,2100,IMPERIAL,9mvgw4,32.971469,-115.394435,67.61571473730794,12306.61181160296
762,2021,7,CA,2100,IMPERIAL,9mvgw4,32.971469,-115.394435,68.34797103499177,12597.194590461739
763,2021,8,CA,2100,IMPERIAL,9mvgw4,32.971469,-115.394435,69.21255660061566,11928.252958829007
764,2021,9,CA,2100,IMPERIAL,9mvgw4,32.971469,-115.394435,70.12568726122858,10639.616354943384
765,2021,10,CA,2100,IMPERIAL,9mvgw4,32.971469,-115.394435,70.92377868773319,9520.807609624222
766,2021,11,CA,2100,IMPERIAL,9mvgw4,32.971469,-115.394435,71.84361328038274,8022.135814533767
767,2021,12,CA,2100,IMPERIAL,9mvgw4,32.971469,-115.394435,72.8891990199927,7014.415512619381
768,2022,1,CA,2100,IMPERIAL,9mvgw4,32.971469,-115.394435,73.71128441236564,7901.338717582346
769,2022,2,CA,2100,IMPERIAL,9mvgw4,32.971469,-115.394435,74.58947554515233,8443.159748899354
770,2022,3,CA,2100,IMPERIAL,9mvgw4,32.971469,-115.394435,75.65585006417881,12080.198045737265
771,2022,4,CA,2100,IMPERIAL,9mvgw4,32.971469,-115.394435,76.71342380021888,13218.198171446382
772,2022,5,CA,2100,IMPERIAL,9mvgw4,32.971469,-115.394435,77.72671204419932,14659.62383875655
773,2022,6,CA,2100,IMPERIAL,9mvgw4,32.971469,-115.394435,78.70655851103193,14647.46158802152
774,2022,7,CA,2100,IMPERIAL,9mvgw4,32.971469,-115.394435,79.75754214408694,15099.8694140668
775,2022,8,CA,2100,IMPERIAL,9mvgw4,32.971469,-115.394435,80.8957547766533,14670.49652615746
776,2022,9,CA,2100,IMPERIAL,9mvgw4,32.971469,-115.394435,81.92903499668935,13146.350514239168
777,2022,10,CA,2100,IMPERIAL,9mvgw4,32.971469,-115.394435,83.1574601481185,12367.020086471575
778,2022,11,CA,2100,IMPERIAL,9mvgw4,32.971469,-115.394435,84.32191337257086,9804.048450603386
779,2022,12,CA,2100,IMPERIAL,9mvgw4,32.971469,-115.394435,85.04801091946501,8468.648188367632
780,2018,1,CA,2202,MIGUEL,9muccv,32.680823,-116.982615,230.6233912290426,23736.03977202921
781,2018,2,CA,2202,MIGUEL,9muccv,32.680823,-116.982615,233.82241394084372,26006.993272425458
782,2018,3,CA,2202,MIGUEL,9muccv,32.680823,-116.982615,238.05900716479616,36168.38923546787
783,2018,4,CA,2202,MIGUEL,9muccv,32.680823,-116.982615,242.28492843290482,41126.328436551186
784,2018,5,CA,2202,MIGUEL,9muccv,32.680823,-116.982615,246.35905152389756,45292.063373270736
785,2018,6,CA,2202,MIGUEL,9muccv,32.680823,-116.982615,249.66396221316185,46324.79342581355
786,2018,7,CA,2202,MIGUEL,9muccv,32.680823,-116.982615,253.19291467673136,47080.638544512745
787,2018,8,CA,2202,MIGUEL,9muccv,32.680823,-116.982615,257.05283636828784,45652.800254974405
788,2018,9,CA,2202,MIGUEL,9muccv,32.680823,-116.982615,260.9444620845102,41416.651822895874
789,2018,10,CA,2202,MIGUEL,9muccv,32.680823,-116.982615,264.7698038671962,37850.91014770095
790,2018,11,CA,2202,MIGUEL,9muccv,32.680823,-116.982615,268.4731804402387,29941.078300500933
791,2018,12,CA,2202,MIGUEL,9muccv,32.680823,-116.982615,272.66407135978216,27024.310699232938
792,2019,1,CA,2202,MIGUEL,9muccv,32.680823,-116.982615,275.8095956955351,28198.5986675214
793,2019,2,CA,2202,MIGUEL,9muccv,32.680823,-116.982615,278.7775081947448,29639.746999598603
794,2019,3,CA,2202,MIGUEL,9muccv,32.680823,-116.982615,282.9615732204531,43275.86518960611
795,2019,4,CA,2202,MIGUEL,9muccv,32.680823,-116.982615,286.1082409800465,48567.3438968728
796,2019,5,CA,2202,MIGUEL,9muccv,32.680823,-116.982615,289.4006779546881,52837.02531202371
797,2019,6,CA,2202,MIGUEL,9muccv,32.680823,-116.982615,292.72149263009624,54050.55614090226
798,2019,7,CA,2202,MIGUEL,9muccv,32.680823,-116.982615,295.9598075429586,56336.57175565295
799,2019,8,CA,2202,MIGUEL,9muccv,32.680823,-116.982615,300.0400635436408,54578.45590560347
800,2019,9,CA,2202,MIGUEL,9muccv,32.680823,-116.982615,304.04197768665153,48433.62612655797
801,2019,10,CA,2202,MIGUEL,9muccv,32.680823,-116.982615,307.71160593179843,44298.090953819185
802,2019,11,CA,2202,MIGUEL,9muccv,32.680823,-116.982615,311.817918136359,34413.7711189462
803,2019,12,CA,2202,MIGUEL,9muccv,32.680823,-116.982615,317.0692480448619,30704.520084651336
804,2020,1,CA,2202,MIGUEL,9muccv,32.680823,-116.982615,321.19090984824976,33213.36800847777
805,2020,2,CA,2202,MIGUEL,9muccv,32.680823,-116.982615,324.5432899514946,37204.46137729937
806,2020,3,CA,2202,MIGUEL,9muccv,32.680823,-116.982615,328.69267112071054,49136.315827062725
807,2020,4,CA,2202,MIGUEL,9muccv,32.680823,-116.982615,331.8208015544064,54618.03621482332
808,2020,5,CA,2202,MIGUEL,9muccv,32.680823,-116.982615,334.86449186994855,61798.114177551084
809,2020,6,CA,2202,MIGUEL,9muccv,32.680823,-116.982615,339.2555512599778,61953.89410297133
810,2020,7,CA,2202,MIGUEL,9muccv,32.680823,-116.982615,343.07205749480613,64255.928254145154
811,2020,8,CA,2202,MIGUEL,9muccv,32.680823,-116.982615,346.8557855795427,61166.82606384946
812,2020,9,CA,2202,MIGUEL,9muccv,32.680823,-116.982615,350.784728492011,54275.56629125271
813,2020,10,CA,2202,MIGUEL,9muccv,32.680823,-116.982615,355.11314211526894,49478.69205917683
814,2020,11,CA,2202,MIGUEL,9muccv,32.680823,-116.982615,359.09184128939864,40117.1026737702
815,2020,12,CA,2202,MIGUEL,9muccv,32.680823,-116.982615,365.42353348104996,35930.68333837452
816,2021,1,CA,2202,MIGUEL,9muccv,32.680823,-116.982615,369.0333571944228,38060.333525400245
817,2021,2,CA,2202,MIGUEL,9muccv,32.680823,-116.982615,372.9181223676027,40697.7581434106
818,2021,3,CA,2202,MIGUEL,9muccv,32.680823,-116.982615,375.883921265168,57471.95864313198
819,2021,4,CA,2202,MIGUEL,9muccv,32.680823,-116.982615,381.7527346966981,64160.93571991278
820,2021,5,CA,2202,MIGUEL,9muccv,32.680823,-116.982615,386.0601509003412,70762.82686507158
821,2021,6,CA,2202,MIGUEL,9muccv,32.680823,-116.982615,391.05822975279756,71175.78876445566
822,2021,7,CA,2202,MIGUEL,9muccv,32.680823,-116.982615,395.2932637624222,72856.38605664791
823,2021,8,CA,2202,MIGUEL,9muccv,32.680823,-116.982615,400.29362946255935,68987.5349871804
824,2021,9,CA,2202,MIGUEL,9muccv,32.680823,-116.982615,405.57475768932744,61534.652900997
825,2021,10,CA,2202,MIGUEL,9muccv,32.680823,-116.982615,410.1905518378077,55063.97712575371
826,2021,11,CA,2202,MIGUEL,9muccv,32.680823,-116.982615,415.5104525275277,46396.347988866844
827,2021,12,CA,2202,MIGUEL,9muccv,32.680823,-116.982615,421.55764007816134,40568.15673357044
828,2022,1,CA,2202,MIGUEL,9muccv,32.680823,-116.982615,426.3122043018183,45697.71307719542
829,2022,2,CA,2202,MIGUEL,9muccv,32.680823,-116.982615,431.39125835169983,48831.3569967021
830,2022,3,CA,2202,MIGUEL,9muccv,32.680823,-116.982615,437.5586786516127,69866.31556262543
831,2022,4,CA,2202,MIGUEL,9muccv,32.680823,-116.982615,443.67519926602375,76447.98546506187
832,2022,5,CA,2202,MIGUEL,9muccv,32.680823,-116.982615,449.5355929401835,84784.52929911736
833,2022,6,CA,2202,MIGUEL,9muccv,32.680823,-116.982615,455.2025747392781,84714.18842849685
834,2022,7,CA,2202,MIGUEL,9muccv,32.680823,-116.982615,461.2809812256756,87330.70744729177
835,2022,8,CA,2202,MIGUEL,9muccv,32.680823,-116.982615,467.86388017014366,84847.41192786978
836,2022,9,CA,2202,MIGUEL,9muccv,32.680823,-116.982615,473.83989824901374,76032.45162431944
837,2022,10,CA,2202,MIGUEL,9muccv,32.680823,-116.982615,480.9445449567803,71525.1624732794
838,2022,11,CA,2202,MIGUEL,9muccv,32.680823,-116.982615,487.679207429157,56702.11202231334
839,2022,12,CA,2202,MIGUEL,9muccv,32.680823,-116.982615,491.87862205369254,48978.77042058368
840,2018,1,CA,2203,MISSION,9mudw2,32.784153,-117.137829,249.55820514724365,25684.83383772758
841,2018,2,CA,2203,MISSION,9mudw2,32.784153,-117.137829,253.0198764110639,28142.238858577733
842,2018,3,CA,2203,MISSION,9mudw2,32.784153,-117.137829,257.6043055761806,39137.913342476175
843,2018,4,CA,2203,MISSION,9mudw2,32.784153,-117.137829,262.17718658856404,44502.912970908044
844,2018,5,CA,2203,MISSION,9mudw2,32.784153,-117.137829,266.58580637651664,49010.666188769756
845,2018,6,CA,2203,MISSION,9mudw2,32.784153,-117.137829,270.162059311613,50128.18621542761
846,2018,7,CA,2203,MISSION,9mudw2,32.784153,-117.137829,273.9807484661043,50946.088294599365
847,2018,8,CA,2203,MISSION,9mudw2,32.784153,-117.137829,278.15758033133807,49401.020559367724
848,2018,9,CA,2203,MISSION,9mudw2,32.784153,-117.137829,282.36871920875046,44817.072704759565
849,2018,10,CA,2203,MISSION,9mudw2,32.784153,-117.137829,286.5081320596081,40958.57384331229
850,2018,11,CA,2203,MISSION,9mudw2,32.784153,-117.137829,290.5155660220849,32399.32307397766
851,2018,12,CA,2203,MISSION,9mudw2,32.784153,-117.137829,295.0505405980612,29243.080840590508
852,2019,1,CA,2203,MISSION,9mudw2,32.784153,-117.137829,298.45432112220533,30513.78107672149
853,2019,2,CA,2203,MISSION,9mudw2,32.784153,-117.137829,301.6659073901449,32073.25164554573
854,2019,3,CA,2203,MISSION,9mudw2,32.784153,-117.137829,306.1934956476522,46828.93259594106
855,2019,4,CA,2203,MISSION,9mudw2,32.784153,-117.137829,309.5985134738749,52554.85624021205
856,2019,5,CA,2203,MISSION,9mudw2,32.784153,-117.137829,313.16126856811405,57175.09022791442
857,2019,6,CA,2203,MISSION,9mudw2,32.784153,-117.137829,316.7547312503032,58488.25527128596
858,2019,7,CA,2203,MISSION,9mudw2,32.784153,-117.137829,320.2589207128234,60961.95904745311
859,2019,8,CA,2203,MISSION,9mudw2,32.784153,-117.137829,324.6741769391974,59059.497056754495
860,2019,9,CA,2203,MISSION,9mudw2,32.784153,-117.137829,329.00465922618827,52410.15987364566
861,2019,10,CA,2203,MISSION,9mudw2,32.784153,-117.137829,332.9755740303461,47935.085903343126
862,2019,11,CA,2203,MISSION,9mudw2,32.784153,-117.137829,337.41902574651056,37239.23625883592
863,2019,12,CA,2203,MISSION,9mudw2,32.784153,-117.137829,343.1015042653547,33225.44552570142
864,2020,1,CA,2203,MISSION,9mudw2,32.784153,-117.137829,347.5615658245739,35940.27675561644
865,2020,2,CA,2203,MISSION,9mudw2,32.784153,-117.137829,351.18918554293214,40259.049853133685
866,2020,3,CA,2203,MISSION,9mudw2,32.784153,-117.137829,355.6792423040561,53170.54232877685
867,2020,4,CA,2203,MISSION,9mudw2,32.784153,-117.137829,359.06420083900497,59102.32701808426
868,2020,5,CA,2203,MISSION,9mudw2,32.784153,-117.137829,362.3577864901516,66871.90910447398
869,2020,6,CA,2203,MISSION,9mudw2,32.784153,-117.137829,367.10936391788243,67040.47898968236
870,2020,7,CA,2203,MISSION,9mudw2,32.784153,-117.137829,371.239215798133,69531.51646811422
871,2020,8,CA,2203,MISSION,9mudw2,32.784153,-117.137829,375.3335983521311,66188.79050255514
872,2020,9,CA,2203,MISSION,9mudw2,32.784153,-117.137829,379.58511827010767,58731.7393730595
873,2020,10,CA,2203,MISSION,9mudw2,32.784153,-117.137829,384.26890654153385,53541.02859001917
874,2020,11,CA,2203,MISSION,9mudw2,32.784153,-117.137829,388.57426784692944,43410.82700076529
875,2020,12,CA,2203,MISSION,9mudw2,32.784153,-117.137829,395.4258093600105,38880.69113827826
876,2021,1,CA,2203,MISSION,9mudw2,32.784153,-117.137829,399.3320095160589,41185.191455584776
877,2021,2,CA,2203,MISSION,9mudw2,32.784153,-117.137829,403.53572458099984,44039.155879462916
878,2021,3,CA,2203,MISSION,9mudw2,32.784153,-117.137829,406.7450237147941,62190.564317183
879,2021,4,CA,2203,MISSION,9mudw2,32.784153,-117.137829,413.09568285006856,69428.72478588684
880,2021,5,CA,2203,MISSION,9mudw2,32.784153,-117.137829,417.7567497560518,76572.64932876657
881,2021,6,CA,2203,MISSION,9mudw2,32.784153,-117.137829,423.1651846114939,77019.51653445316
882,2021,7,CA,2203,MISSION,9mudw2,32.784153,-117.137829,427.7479265465035,78838.09548075909
883,2021,8,CA,2203,MISSION,9mudw2,32.784153,-117.137829,433.1588360061027,74651.6011111597
884,2021,9,CA,2203,MISSION,9mudw2,32.784153,-117.137829,438.8735593669944,66586.81693341429
885,2021,10,CA,2203,MISSION,9mudw2,32.784153,-117.137829,443.8683228941679,59584.880902754994
886,2021,11,CA,2203,MISSION,9mudw2,32.784153,-117.137829,449.62500204372384,50205.61560466047
887,2021,12,CA,2203,MISSION,9mudw2,32.784153,-117.137829,456.16868030325526,43898.913837873384
888,2022,1,CA,2203,MISSION,9mudw2,32.784153,-117.137829,461.31360730996425,49449.6208476639
889,2022,2,CA,2203,MISSION,9mudw2,32.784153,-117.137829,466.8096656489705,52840.545540753665
890,2022,3,CA,2203,MISSION,9mudw2,32.784153,-117.137829,473.4834480967637,75602.53198576695
891,2022,4,CA,2203,MISSION,9mudw2,32.784153,-117.137829,480.1021518550593,82724.57506635119
892,2022,5,CA,2203,MISSION,9mudw2,32.784153,-117.137829,486.4436999477551,91745.57204879525
893,2022,6,CA,2203,MISSION,9mudw2,32.784153,-117.137829,492.5759565191607,91669.45599947778
894,2022,7,CA,2203,MISSION,9mudw2,32.784153,-117.137829,499.1534168748373,94500.79841701941
895,2022,8,CA,2203,MISSION,9mudw2,32.784153,-117.137829,506.27678990517995,91813.61751410022
896,2022,9,CA,2203,MISSION,9mudw2,32.784153,-117.137829,512.743455483821,82274.92475585586
897,2022,10,CA,2203,MISSION,9mudw2,32.784153,-117.137829,520.4314132020154,77397.5747844643
898,2022,11,CA,2203,MISSION,9mudw2,32.784153,-117.137829,527.7190099627865,61357.51117410714
899,2022,12,CA,2203,MISSION,9mudw2,32.784153,-117.137829,532.2632080633485,53000.06201166515
900,2018,1,CA,2400,DEVERS,9qj152,33.927377,-116.57522,120.96000818224722,12449.351081596778
901,2018,2,CA,2400,DEVERS,9qj152,33.927377,-116.57522,122.63786839986216,13640.44688729769
902,2018,3,CA,2400,DEVERS,9qj152,33.927377,-116.57522,124.85992553076781,18970.012688417864
903,2018,4,CA,2400,DEVERS,9qj152,33.927377,-116.57522,127.07638531155516,21570.409652204253
904,2018,5,CA,2400,DEVERS,9qj152,33.927377,-116.57522,129.21322823887357,23755.302213818853
905,2018,6,CA,2400,DEVERS,9qj152,33.927377,-116.57522,130.94662580051977,24296.960347193406
906,2018,7,CA,2400,DEVERS,9qj152,33.927377,-116.57522,132.79753136822168,24693.39468655131
907,2018,8,CA,2400,DEVERS,9qj152,33.927377,-116.57522,134.82202748245066,23944.505641667067
908,2018,9,CA,2400,DEVERS,9qj152,33.927377,-116.57522,136.86315208810262,21722.681800318118
909,2018,10,CA,2400,DEVERS,9qj152,33.927377,-116.57522,138.86951133409102,19852.48060386185
910,2018,11,CA,2400,DEVERS,9qj152,33.927377,-116.57522,140.81190086444127,15703.841041072232
911,2018,12,CA,2400,DEVERS,9qj152,33.927377,-116.57522,143.00998752519732,14174.021229495982
912,2019,1,CA,2400,DEVERS,9qj152,33.927377,-116.57522,144.6597882993619,14789.925286302685
913,2019,2,CA,2400,DEVERS,9qj152,33.927377,-116.57522,146.2164331751285,15545.795335350589
914,2019,3,CA,2400,DEVERS,9qj152,33.927377,-116.57522,148.41093971259457,22697.823406082058
915,2019,4,CA,2400,DEVERS,9qj152,33.927377,-116.57522,150.06134020284327,25473.159005459725
916,2019,5,CA,2400,DEVERS,9qj152,33.927377,-116.57522,151.7881954072083,27712.570611368003
917,2019,6,CA,2400,DEVERS,9qj152,33.927377,-116.57522,153.529934474388,28349.057214952703
918,2019,7,CA,2400,DEVERS,9qj152,33.927377,-116.57522,155.2284031174386,29548.05297159027
919,2019,8,CA,2400,DEVERS,9qj152,33.927377,-116.57522,157.3684627037536,28625.9361538902
920,2019,9,CA,2400,DEVERS,9qj152,33.927377,-116.57522,159.46743265169994,25403.02517165737
921,2019,10,CA,2400,DEVERS,9qj152,33.927377,-116.57522,161.39212147096168,23233.972129524063
922,2019,11,CA,2400,DEVERS,9qj152,33.927377,-116.57522,163.54584731470848,18049.73040221908
923,2019,12,CA,2400,DEVERS,9qj152,33.927377,-116.57522,166.30012521043736,16104.259766880446
924,2020,1,CA,2400,DEVERS,9qj152,33.927377,-116.57522,168.4619017882829,17420.129175342445
925,2020,2,CA,2400,DEVERS,9qj152,33.927377,-116.57522,170.22019665402692,19513.423719213406
926,2020,3,CA,2400,DEVERS,9qj152,33.927377,-116.57522,172.3965118036084,25771.579946043723
927,2020,4,CA,2400,DEVERS,9qj152,33.927377,-116.57522,174.03718962400868,28646.695689605873
928,2020,5,CA,2400,DEVERS,9qj152,33.927377,-116.57522,175.63357932025838,32412.58554358939
929,2020,6,CA,2400,DEVERS,9qj152,33.927377,-116.57522,177.93665264216253,32494.290790195315
930,2020,7,CA,2400,DEVERS,9qj152,33.927377,-116.57522,179.9383777184101,33701.688133014075
931,2020,8,CA,2400,DEVERS,9qj152,33.927377,-116.57522,181.9229109335799,32081.480294500125
932,2020,9,CA,2400,DEVERS,9qj152,33.927377,-116.57522,183.98360809143136,28467.073126011994
933,2020,10,CA,2400,DEVERS,9qj152,33.927377,-116.57522,186.2538242412123,25951.153369265132
934,2020,11,CA,2400,DEVERS,9qj152,33.927377,-116.57522,188.3406181353298,21041.07931900104
935,2020,12,CA,2400,DEVERS,9qj152,33.927377,-116.57522,191.66153686446677,18845.337966117797
936,2021,1,CA,2400,DEVERS,9qj152,33.927377,-116.57522,193.55485871520827,19962.32138516795
937,2021,2,CA,2400,DEVERS,9qj152,33.927377,-116.57522,195.5923850243556,21345.628176705657
938,2021,3,CA,2400,DEVERS,9qj152,33.927377,-116.57522,197.14792133402727,30143.553742208478
939,2021,4,CA,2400,DEVERS,9qj152,33.927377,-116.57522,200.22606408838882,33651.86535633576
940,2021,5,CA,2400,DEVERS,9qj152,33.927377,-116.57522,202.4852672700798,37114.50113964025
941,2021,6,CA,2400,DEVERS,9qj152,33.927377,-116.57522,205.10671713978624,37331.0961452997
942,2021,7,CA,2400,DEVERS,9qj152,33.927377,-116.57522,207.32795647603177,38212.55513838486
943,2021,8,CA,2400,DEVERS,9qj152,33.927377,-116.57522,209.95060577790647,36183.375641349725
944,2021,9,CA,2400,DEVERS,9qj152,33.927377,-116.57522,212.7205126382515,32274.40234370731
945,2021,10,CA,2400,DEVERS,9qj152,33.927377,-116.57522,215.14145743050477,28880.5879064685
946,2021,11,CA,2400,DEVERS,9qj152,33.927377,-116.57522,217.93170011806544,24334.490107233258
947,2021,12,CA,2400,DEVERS,9qj152,33.927377,-116.57522,221.1033985815477,21277.6533389793
948,2022,1,CA,2400,DEVERS,9qj152,33.927377,-116.57522,223.597127098554,23968.062035120434
949,2022,2,CA,2400,DEVERS,9qj152,33.927377,-116.57522,226.2610477709441,25611.631631958644
950,2022,3,CA,2400,DEVERS,9qj152,33.927377,-116.57522,229.495807289331,36644.28858270293
951,2022,4,CA,2400,DEVERS,9qj152,33.927377,-116.57522,232.7038703553678,40096.31849609927
952,2022,5,CA,2400,DEVERS,9qj152,33.927377,-116.57522,235.7775970185645,44468.76486853831
953,2022,6,CA,2400,DEVERS,9qj152,33.927377,-116.57522,238.74988079747376,44431.871679861906
954,2022,7,CA,2400,DEVERS,9qj152,33.927377,-116.57522,241.93795332737366,45804.213662328526
955,2022,8,CA,2400,DEVERS,9qj152,33.927377,-116.57522,245.39062786286755,44501.74627275701
956,2022,9,CA,2400,DEVERS,9qj152,33.927377,-116.57522,248.5249985434178,39878.37452906131
957,2022,10,CA,2400,DEVERS,9qj152,33.927377,-116.57522,252.25132534541135,37514.33968557013
958,2022,11,CA,2400,DEVERS,9qj152,33.927377,-116.57522,255.7835985611595,29739.77573401496
959,2022,12,CA,2400,DEVERS,9qj152,33.927377,-116.57522,257.98615583272436,25688.948719630724
960,2018,1,CA,2401,LUGO,9qhe90,34.369347,-117.368876,123.39842206868968,12700.315602935314
961,2018,2,CA,2401,LUGO,9qhe90,34.369347,-117.368876,125.11010600800923,13915.42252269244
962,2018,3,CA,2401,LUGO,9qhe90,34.369347,-117.368876,127.37695724108049,19352.426207237524
963,2018,4,CA,2401,LUGO,9qhe90,34.369347,-117.368876,129.63809828792785,22005.244166707096
964,2018,5,CA,2401,LUGO,9qhe90,34.369347,-117.368876,131.8180174976095,24234.18163574762
965,2018,6,CA,2401,LUGO,9qhe90,34.369347,-117.368876,133.58635834959244,24786.758970715935
966,2018,7,CA,2401,LUGO,9qhe90,34.369347,-117.368876,135.47457603314655,25191.184967917452
967,2018,8,CA,2401,LUGO,9qhe90,34.369347,-117.368876,137.53988364790507,24427.19918590585
968,2018,9,CA,2401,LUGO,9qhe90,34.369347,-117.368876,139.62215496524442,22160.585945238978
969,2018,10,CA,2401,LUGO,9qhe90,34.369347,-117.368876,141.66896009347218,20252.68365536835
970,2018,11,CA,2401,LUGO,9qhe90,34.369347,-117.368876,143.6505059505693,16020.41231649197
971,2018,12,CA,2401,LUGO,9qhe90,34.369347,-117.368876,145.89290349653226,14459.7531066025
972,2019,1,CA,2401,LUGO,9qhe90,34.369347,-117.368876,147.5759623464695,15088.073076961153
973,2019,2,CA,2401,LUGO,9qhe90,34.369347,-117.368876,149.1639873828228,15859.1805921075
974,2019,3,CA,2401,LUGO,9qhe90,34.369347,-117.368876,151.40273263435034,23155.385278118476
975,2019,4,CA,2401,LUGO,9qhe90,34.369347,-117.368876,153.08640328995443,25986.668433773295
976,2019,5,CA,2401,LUGO,9qhe90,34.369347,-117.368876,154.84806989829897,28271.22398799447
977,2019,6,CA,2401,LUGO,9qhe90,34.369347,-117.368876,156.62492041092082,28920.541425472442
978,2019,7,CA,2401,LUGO,9qhe90,34.369347,-117.368876,158.35762821770118,30143.70755004158
979,2019,8,CA,2401,LUGO,9qhe90,34.369347,-117.368876,160.54082893050503,29203.001923635296
980,2019,9,CA,2401,LUGO,9qhe90,34.369347,-117.368876,162.68211168534688,25915.120782984453
981,2019,10,CA,2401,LUGO,9qhe90,34.369347,-117.368876,164.64560000548911,23702.3421398211
982,2019,11,CA,2401,LUGO,9qhe90,34.369347,-117.368876,166.8427424716709,18413.592094366133
983,2019,12,CA,2401,LUGO,9qhe90,34.369347,-117.368876,169.65254342472255,16428.903020767077
984,2020,1,CA,2401,LUGO,9qhe90,34.369347,-117.368876,171.85789891849262,17771.298834828387
985,2020,2,CA,2401,LUGO,9qhe90,34.369347,-117.368876,173.65163897543263,19906.791776011778
986,2020,3,CA,2401,LUGO,9qhe90,34.369347,-117.368876,175.87182612173243,26291.105195424603
987,2020,4,CA,2401,LUGO,9qhe90,34.369347,-117.368876,177.54557810970726,29224.179947584606
988,2020,5,CA,2401,LUGO,9qhe90,34.369347,-117.368876,179.17414917616358,33065.985786138255
989,2020,6,CA,2401,LUGO,9qhe90,34.369347,-117.368876,181.52364979295652,33149.33811603156
990,2020,7,CA,2401,LUGO,9qhe90,34.369347,-117.368876,183.56572733194045,34381.07519304369
991,2020,8,CA,2401,LUGO,9qhe90,34.369347,-117.368876,185.59026644180798,32728.20583811844
992,2020,9,CA,2401,LUGO,9qhe90,34.369347,-117.368876,187.69250487136543,29040.93640082474
993,2020,10,CA,2401,LUGO,9qhe90,34.369347,-117.368876,190.0084859534413,26474.298611198916
994,2020,11,CA,2401,LUGO,9qhe90,34.369347,-117.368876,192.13734719928954,21465.243146105677
995,2020,12,CA,2401,LUGO,9qhe90,34.369347,-117.368876,195.52521180968566,19225.238186710107
996,2021,1,CA,2401,LUGO,9qhe90,34.369347,-117.368876,197.4567008394951,20364.738699805377
997,2021,2,CA,2401,LUGO,9qhe90,34.369347,-117.368876,199.5353013228334,21775.931356600417
998,2021,3,CA,2401,LUGO,9qhe90,34.369347,-117.368876,201.12219544568129,30751.212927556597
999,2021,4,CA,2401,LUGO,9qhe90,34.369347,-117.368876,204.26238999839737,34330.24804680274
1000,2021,5,CA,2401,LUGO,9qhe90,34.369347,-117.368876,206.56713610368195,37862.68656329638
1001,2021,6,CA,2401,LUGO,9qhe90,34.369347,-117.368876,209.24143137130932,38083.64787379882
1002,2021,7,CA,2401,LUGO,9qhe90,34.369347,-117.368876,211.5074483239258,38982.87606086278
1003,2021,8,CA,2401,LUGO,9qhe90,34.369347,-117.368876,214.18296720288686,36912.7906517166
1004,2021,9,CA,2401,LUGO,9qhe90,34.369347,-117.368876,217.00871218240795,32925.01697274201
1005,2021,10,CA,2401,LUGO,9qhe90,34.369347,-117.368876,219.4784604220853,29462.787161065535
1006,2021,11,CA,2401,LUGO,9qhe90,34.369347,-117.368876,222.32495117558233,24825.045287318662
1007,2021,12,CA,2401,LUGO,9qhe90,34.369347,-117.368876,225.5605874123269,21706.586224751798
1008,2022,1,CA,2401,LUGO,9qhe90,34.369347,-117.368876,228.104586612481,24451.230449010553
1009,2022,2,CA,2401,LUGO,9qhe90,34.369347,-117.368876,230.8222088450607,26127.932508292273
1010,2022,3,CA,2401,LUGO,9qhe90,34.369347,-117.368876,234.1221773746528,37382.9950649664
1011,2022,4,CA,2401,LUGO,9qhe90,34.369347,-117.368876,237.39491128228727,40904.6139094792
1012,2022,5,CA,2401,LUGO,9qhe90,34.369347,-117.368876,240.53060072054743,45365.20374447667
1013,2022,6,CA,2401,LUGO,9qhe90,34.369347,-117.368876,243.56280230328173,45327.56683177995
1014,2022,7,CA,2401,LUGO,9qhe90,34.369347,-117.368876,246.8151426886879,46727.57364163276
1015,2022,8,CA,2401,LUGO,9qhe90,34.369347,-117.368876,250.33741915013428,45398.850015664626
1016,2022,9,CA,2401,LUGO,9qhe90,34.369347,-117.368876,253.5349751190089,40682.276444096795
1017,2022,10,CA,2401,LUGO,9qhe90,34.369347,-117.368876,257.3364203601953,38270.585391937726
1018,2022,11,CA,2401,LUGO,9qhe90,34.369347,-117.368876,260.9399001192417,30339.295221647983
1019,2022,12,CA,2401,LUGO,9qhe90,34.369347,-117.368876,263.1868583983575,26206.808219042112
1020,2018,1,CA,2402,MIRALOMA,9qh3ky,34.008174,-117.564527,154.00010858202313,15849.878378422683
1021,2018,2,CA,2402,MIRALOMA,9qh3ky,34.008174,-117.564527,156.13627457259457,17366.320764348828
1022,2018,3,CA,2402,MIRALOMA,9qh3ky,34.008174,-117.564527,158.96528429719174,24151.651919675274
1023,2018,4,CA,2402,MIRALOMA,9qh3ky,34.008174,-117.564527,161.78716776130872,27462.34460891602
1024,2018,5,CA,2402,MIRALOMA,9qh3ky,34.008174,-117.564527,164.50768711125747,30244.03830078274
1025,2018,6,CA,2402,MIRALOMA,9qh3ky,34.008174,-117.564527,166.71456041360656,30933.649789799314
1026,2018,7,CA,2402,MIRALOMA,9qh3ky,34.008174,-117.564527,169.07103891162143,31438.369756540524
1027,2018,8,CA,2402,MIRALOMA,9qh3ky,34.008174,-117.564527,171.64852403336022,30484.92244811857
1028,2018,9,CA,2402,MIRALOMA,9qh3ky,34.008174,-117.564527,174.24717970165548,27656.209735877837
1029,2018,10,CA,2402,MIRALOMA,9qh3ky,34.008174,-117.564527,176.80157388846166,25275.165028187705
1030,2018,11,CA,2402,MIRALOMA,9qh3ky,34.008174,-117.564527,179.27452509835112,19993.328884669274
1031,2018,12,CA,2402,MIRALOMA,9qh3ky,34.008174,-117.564527,182.0730168438139,18045.64038303895
1032,2019,1,CA,2402,MIRALOMA,9qh3ky,34.008174,-117.564527,184.17345898314684,18829.777992234827
1033,2019,2,CA,2402,MIRALOMA,9qh3ky,34.008174,-117.564527,186.15529978734486,19792.113158845375
1034,2019,3,CA,2402,MIRALOMA,9qh3ky,34.008174,-117.564527,188.94923350256542,28897.710256812283
1035,2019,4,CA,2402,MIRALOMA,9qh3ky,34.008174,-117.564527,191.050439169807,32431.125887966675
1036,2019,5,CA,2402,MIRALOMA,9qh3ky,34.008174,-117.564527,193.24898307678959,35282.23044435949
1037,2019,6,CA,2402,MIRALOMA,9qh3ky,34.008174,-117.564527,195.46647635823098,36092.57270157366
1038,2019,7,CA,2402,MIRALOMA,9qh3ky,34.008174,-117.564527,197.62887994420677,37619.07290181646
1039,2019,8,CA,2402,MIRALOMA,9qh3ky,34.008174,-117.564527,200.35349458021074,36445.08083464361
1040,2019,9,CA,2402,MIRALOMA,9qh3ky,34.008174,-117.564527,203.02579598587133,32341.835070421723
1041,2019,10,CA,2402,MIRALOMA,9qh3ky,34.008174,-117.564527,205.47621155385258,29580.3074463047
1042,2019,11,CA,2402,MIRALOMA,9qh3ky,34.008174,-117.564527,208.21822537128875,22979.99548437482
1043,2019,12,CA,2402,MIRALOMA,9qh3ky,34.008174,-117.564527,211.72483140894911,20503.12156887472
1044,2020,1,CA,2402,MIRALOMA,9qh3ky,34.008174,-117.564527,214.4770950101279,22178.419337353633
1045,2020,2,CA,2402,MIRALOMA,9qh3ky,34.008174,-117.564527,216.71566628928835,24843.495108219835
1046,2020,3,CA,2402,MIRALOMA,9qh3ky,34.008174,-117.564527,219.48643965794824,32811.06019802263
1047,2020,4,CA,2402,MIRALOMA,9qh3ky,34.008174,-117.564527,221.5752669181868,36471.51081594379
1048,2020,5,CA,2402,MIRALOMA,9qh3ky,34.008174,-117.564527,223.6077087992362,41266.049565871865
1049,2020,6,CA,2402,MIRALOMA,9qh3ky,34.008174,-117.564527,226.5398642031216,41370.07251558988
1050,2020,7,CA,2402,MIRALOMA,9qh3ky,34.008174,-117.564527,229.08835840154322,42907.26918653906
1051,2020,8,CA,2402,MIRALOMA,9qh3ky,34.008174,-117.564527,231.6149647999184,40844.50326244404
1052,2020,9,CA,2402,MIRALOMA,9qh3ky,34.008174,-117.564527,234.23853924268505,36242.82453596635
1053,2020,10,CA,2402,MIRALOMA,9qh3ky,34.008174,-117.564527,237.12886257206327,33039.68391498598
1054,2020,11,CA,2402,MIRALOMA,9qh3ky,34.008174,-117.564527,239.7856620474585,26788.428245862928
1055,2020,12,CA,2402,MIRALOMA,9qh3ky,34.008174,-117.564527,244.01368627269352,23992.922426678582
1056,2021,1,CA,2402,MIRALOMA,9qh3ky,34.008174,-117.564527,246.42416701733438,25415.00870463974
1057,2021,2,CA,2402,MIRALOMA,9qh3ky,34.008174,-117.564527,249.0182415181781,27176.164307226103
1058,2021,3,CA,2402,MIRALOMA,9qh3ky,34.008174,-117.564527,250.99867095260566,38377.234088427074
1059,2021,4,CA,2402,MIRALOMA,9qh3ky,34.008174,-117.564527,254.91760519811623,42843.837370241905
1060,2021,5,CA,2402,MIRALOMA,9qh3ky,34.008174,-117.564527,257.7939073786275,47252.28851556146
1061,2021,6,CA,2402,MIRALOMA,9qh3ky,34.008174,-117.564527,261.13140355313897,47528.04622169209
1062,2021,7,CA,2402,MIRALOMA,9qh3ky,34.008174,-117.564527,263.95937210331533,48650.27482175296
1063,2021,8,CA,2402,MIRALOMA,9qh3ky,34.008174,-117.564527,267.298395333644,46066.82705606664
1064,2021,9,CA,2402,MIRALOMA,9qh3ky,34.008174,-117.564527,270.82489937134653,41090.12176869455
1065,2021,10,CA,2402,MIRALOMA,9qh3ky,34.008174,-117.564527,273.90712271508477,36769.29044852339
1066,2021,11,CA,2402,MIRALOMA,9qh3ky,34.008174,-117.564527,277.45951729005145,30981.430764751683
1067,2021,12,CA,2402,MIRALOMA,9qh3ky,34.008174,-117.564527,281.49756188930263,27089.622213289298
1068,2022,1,CA,2402,MIRALOMA,9qh3ky,34.008174,-117.564527,284.67244975649294,30514.913245937907
1069,2022,2,CA,2402,MIRALOMA,9qh3ky,34.008174,-117.564527,288.06401758925847,32607.422168340116
1070,2022,3,CA,2402,MIRALOMA,9qh3ky,34.008174,-117.564527,292.18234830495885,46653.63788786081
1071,2022,4,CA,2402,MIRALOMA,9qh3ky,34.008174,-117.564527,296.2666904601221,51048.58618094014
1072,2022,5,CA,2402,MIRALOMA,9qh3ky,34.008174,-117.564527,300.18000236376025,56615.361731336554
1073,2022,6,CA,2402,MIRALOMA,9qh3ky,34.008174,-117.564527,303.9641623647993,56568.39120655334
1074,2022,7,CA,2402,MIRALOMA,9qh3ky,34.008174,-117.564527,308.02305358967607,58315.58697387758
1075,2022,8,CA,2402,MIRALOMA,9qh3ky,34.008174,-117.564527,312.4188225827083,56657.35197180689
1076,2022,9,CA,2402,MIRALOMA,9qh3ky,34.008174,-117.564527,316.40934335395184,50771.11104603377
1077,2022,10,CA,2402,MIRALOMA,9qh3ky,34.008174,-117.564527,321.1535124453965,47761.34254435836
1078,2022,11,CA,2402,MIRALOMA,9qh3ky,34.008174,-117.564527,325.65062241538755,37863.16453734745
1079,2022,12,CA,2402,MIRALOMA,9qh3ky,34.008174,-117.564527,328.45480591435074,32705.858338076534
1080,2018,1,CA,2403,VALLEY,9qh8k2,33.796667,-117.224444,150.8570827899331,15526.394343225787
1081,2018,2,CA,2403,VALLEY,9qh8k2,33.796667,-117.224444,152.94965124757826,17011.887286485493
1082,2018,3,CA,2403,VALLEY,9qh8k2,33.796667,-117.224444,155.7209230224275,23658.73496264151
1083,2018,4,CA,2403,VALLEY,9qh8k2,33.796667,-117.224444,158.4852139783855,26901.858916978243
1084,2018,5,CA,2403,VALLEY,9qh8k2,33.796667,-117.224444,161.1502095851142,29626.780343554154
1085,2018,6,CA,2403,VALLEY,9qh8k2,33.796667,-117.224444,163.3120422717584,30302.31738342613
1086,2018,7,CA,2403,VALLEY,9qh8k2,33.796667,-117.224444,165.62042682512632,30796.7363972144
1087,2018,8,CA,2403,VALLEY,9qh8k2,33.796667,-117.224444,168.14530742410895,29862.74822755126
1088,2018,9,CA,2403,VALLEY,9qh8k2,33.796667,-117.224444,170.6909264947978,27091.767403260787
1089,2018,10,CA,2403,VALLEY,9qh8k2,33.796667,-117.224444,173.19318742737303,24759.318017985013
1090,2018,11,CA,2403,VALLEY,9qh8k2,33.796667,-117.224444,175.61566757261957,19585.280157088117
1091,2018,12,CA,2403,VALLEY,9qh8k2,33.796667,-117.224444,178.35704421721695,17677.342505323726
1092,2019,1,CA,2403,VALLEY,9qh8k2,33.796667,-117.224444,180.4146179204202,18445.47645872388
1093,2019,2,CA,2403,VALLEY,9qh8k2,33.796667,-117.224444,182.35601085207603,19388.171092109213
1094,2019,3,CA,2403,VALLEY,9qh8k2,33.796667,-117.224444,185.09292249238257,28307.92983713725
1095,2019,4,CA,2403,VALLEY,9qh8k2,33.796667,-117.224444,187.15124414046704,31769.2311265217
1096,2019,5,CA,2403,VALLEY,9qh8k2,33.796667,-117.224444,189.30491742840715,34562.146794353335
1097,2019,6,CA,2403,VALLEY,9qh8k2,33.796667,-117.224444,191.47715334839904,35355.950578716445
1098,2019,7,CA,2403,VALLEY,9qh8k2,33.796667,-117.224444,193.595423911962,36851.29606390631
1099,2019,8,CA,2403,VALLEY,9qh8k2,33.796667,-117.224444,196.26443122305355,35701.26428728656
1100,2019,9,CA,2403,VALLEY,9qh8k2,33.796667,-117.224444,198.88219297728426,31681.76266705899
1101,2019,10,CA,2403,VALLEY,9qh8k2,33.796667,-117.224444,201.282597416037,28976.595734035545
1102,2019,11,CA,2403,VALLEY,9qh8k2,33.796667,-117.224444,203.9686488044215,22510.99114941337
1103,2019,12,CA,2403,VALLEY,9qh8k2,33.796667,-117.224444,207.40368766384708,20084.668358012157
1104,2020,1,CA,2403,VALLEY,9qh8k2,33.796667,-117.224444,210.09977964563683,21725.774565561387
1105,2020,2,CA,2403,VALLEY,9qh8k2,33.796667,-117.224444,212.29266337734933,24336.458154741267
1106,2020,3,CA,2403,VALLEY,9qh8k2,33.796667,-117.224444,215.00688735625928,32141.411264539718
1107,2020,4,CA,2403,VALLEY,9qh8k2,33.796667,-117.224444,217.05308323126962,35727.15485264946
1108,2020,5,CA,2403,VALLEY,9qh8k2,33.796667,-117.224444,219.0440445100527,40423.84069136239
1109,2020,6,CA,2403,VALLEY,9qh8k2,33.796667,-117.224444,221.91635683885403,40525.74061131801
1110,2020,7,CA,2403,VALLEY,9qh8k2,33.796667,-117.224444,224.41283819734724,42031.56426033367
1111,2020,8,CA,2403,VALLEY,9qh8k2,33.796667,-117.224444,226.88787846924583,40010.89782929857
1112,2020,9,CA,2403,VALLEY,9qh8k2,33.796667,-117.224444,229.45790774105768,35503.135886759555
1113,2020,10,CA,2403,VALLEY,9qh8k2,33.796667,-117.224444,232.28924175636746,32365.368944279355
1114,2020,11,CA,2403,VALLEY,9qh8k2,33.796667,-117.224444,234.89181796301006,26241.696677414348
1115,2020,12,CA,2403,VALLEY,9qh8k2,33.796667,-117.224444,239.03355141019398,23503.245018597394
1116,2021,1,CA,2403,VALLEY,9qh8k2,33.796667,-117.224444,241.39483606515998,24896.307590722467
1117,2021,2,CA,2403,VALLEY,9qh8k2,33.796667,-117.224444,243.93596746656158,26621.51933889353
1118,2021,3,CA,2403,VALLEY,9qh8k2,33.796667,-117.224444,245.87597783343696,37593.983753868
1119,2021,4,CA,2403,VALLEY,9qh8k2,33.796667,-117.224444,249.7149295937106,41969.42703945269
1120,2021,5,CA,2403,VALLEY,9qh8k2,33.796667,-117.224444,252.53252862120183,46287.90502968496
1121,2021,6,CA,2403,VALLEY,9qh8k2,33.796667,-117.224444,255.80190902193837,46558.03472950627
1122,2021,7,CA,2403,VALLEY,9qh8k2,33.796667,-117.224444,258.5721608719496,47657.35949224463
1123,2021,8,CA,2403,VALLEY,9qh8k2,33.796667,-117.224444,261.8430371624486,45126.63794236967
1124,2021,9,CA,2403,VALLEY,9qh8k2,33.796667,-117.224444,265.2975679187783,40251.50344752407
1125,2021,10,CA,2403,VALLEY,9qh8k2,33.796667,-117.224444,268.3168854142314,36018.85702804949
1126,2021,11,CA,2403,VALLEY,9qh8k2,33.796667,-117.224444,271.79677830153304,30349.123184802134
1127,2021,12,CA,2403,VALLEY,9qh8k2,33.796667,-117.224444,275.7524094632749,26536.74350366816
1128,2022,1,CA,2403,VALLEY,9qh8k2,33.796667,-117.224444,278.86250026931083,29892.126935860142
1129,2022,2,CA,2403,VALLEY,9qh8k2,33.796667,-117.224444,282.1848487666346,31941.92933309269
1130,2022,3,CA,2403,VALLEY,9qh8k2,33.796667,-117.224444,286.2191274658852,45701.47240871586
1131,2022,4,CA,2403,VALLEY,9qh8k2,33.796667,-117.224444,290.2201112854239,50006.72312971397
1132,2022,5,CA,2403,VALLEY,9qh8k2,33.796667,-117.224444,294.05355545157227,55459.88499960864
1133,2022,6,CA,2403,VALLEY,9qh8k2,33.796667,-117.224444,297.7604836078147,55413.87310772654
1134,2022,7,CA,2403,VALLEY,9qh8k2,33.796667,-117.224444,301.7365359313132,57125.40993031955
1135,2022,8,CA,2403,VALLEY,9qh8k2,33.796667,-117.224444,306.0425906023986,55501.01825101561
1136,2022,9,CA,2403,VALLEY,9qh8k2,33.796667,-117.224444,309.9516678615345,49734.91105253987
1137,2022,10,CA,2403,VALLEY,9qh8k2,33.796667,-117.224444,314.5990120484141,46786.569650598925
1138,2022,11,CA,2403,VALLEY,9qh8k2,33.796667,-117.224444,319.00433940373244,37090.405973689376
1139,2022,12,CA,2403,VALLEY,9qh8k2,33.796667,-117.224444,321.7512916374443,32038.356495022523
1140,2018,1,CA,2405,SYLMAR S,9q5epx,34.317296,-118.495046,119.77260663754481,12327.14227120584
1141,2018,2,CA,2405,SYLMAR S,9q5epx,34.317296,-118.495046,121.4339961732862,13506.545708322856
1142,2018,3,CA,2405,SYLMAR S,9q5epx,34.317296,-118.495046,123.63424052400687,18783.793931427423
1143,2018,4,CA,2405,SYLMAR S,9q5epx,34.317296,-118.495046,125.82894247088673,21358.664149489825
1144,2018,5,CA,2405,SYLMAR S,9q5epx,34.317296,-118.495046,127.94480912157607,23522.108756183978
1145,2018,6,CA,2405,SYLMAR S,9q5epx,34.317296,-118.495046,129.6611908201018,24058.449713130263
1146,2018,7,CA,2405,SYLMAR S,9q5epx,34.317296,-118.495046,131.4939270096496,24450.992462581715
1147,2018,8,CA,2405,SYLMAR S,9q5epx,34.317296,-118.495046,133.49854969753375,23709.45487229862
1148,2018,9,CA,2405,SYLMAR S,9q5epx,34.317296,-118.495046,135.5196376435814,21509.44152105231
1149,2018,10,CA,2405,SYLMAR S,9q5epx,34.317296,-118.495046,137.50630150343585,19657.59911791086
1150,2018,11,CA,2405,SYLMAR S,9q5epx,34.317296,-118.495046,139.42962360510938,15549.68459391132
1151,2018,12,CA,2405,SYLMAR S,9q5epx,34.317296,-118.495046,141.60613279132988,14034.8822284702
1152,2019,1,CA,2405,SYLMAR S,9q5epx,34.317296,-118.495046,143.23973832859647,14644.740275199432
1153,2019,2,CA,2405,SYLMAR S,9q5epx,34.317296,-118.495046,144.78110243051214,15393.19034075592
1154,2019,3,CA,2405,SYLMAR S,9q5epx,34.317296,-118.495046,146.95406663765263,22475.01066839476
1155,2019,4,CA,2405,SYLMAR S,9q5epx,34.317296,-118.495046,148.5882660039022,25223.102240367905
1156,2019,5,CA,2405,SYLMAR S,9q5epx,34.317296,-118.495046,150.2981695680685,27440.53070622816
1157,2019,6,CA,2405,SYLMAR S,9q5epx,34.317296,-118.495046,152.02281088790247,28070.769251569178
1158,2019,7,CA,2405,SYLMAR S,9q5epx,34.317296,-118.495046,153.704606546876,29257.995089909637
1159,2019,8,CA,2405,SYLMAR S,9q5epx,34.317296,-118.495046,155.82365828029205,28344.930213840416
1160,2019,9,CA,2405,SYLMAR S,9q5epx,34.317296,-118.495046,157.9020237309675,25153.65687396766
1161,2019,10,CA,2405,SYLMAR S,9q5epx,34.317296,-118.495046,159.80781888023532,23005.8962984229
1162,2019,11,CA,2405,SYLMAR S,9q5epx,34.317296,-118.495046,161.9404027165355,17872.54557821704
1163,2019,12,CA,2405,SYLMAR S,9q5epx,34.317296,-118.495046,164.66764329739414,15946.172617161741
1164,2020,1,CA,2405,SYLMAR S,9q5epx,34.317296,-118.495046,166.80819883791992,17249.124819418856
1165,2020,2,CA,2405,SYLMAR S,9q5epx,34.317296,-118.495046,168.54923343664674,19321.87057851159
1166,2020,3,CA,2405,SYLMAR S,9q5epx,34.317296,-118.495046,170.70418483130453,25518.593737649557
1167,2020,4,CA,2405,SYLMAR S,9q5epx,34.317296,-118.495046,172.32875697010329,28365.485963981446
1168,2020,5,CA,2405,SYLMAR S,9q5epx,34.317296,-118.495046,173.90947573825235,32094.408034174296
1169,2020,6,CA,2405,SYLMAR S,9q5epx,34.317296,-118.495046,176.18994098612373,32175.311222831577
1170,2020,7,CA,2405,SYLMAR S,9q5epx,34.317296,-118.495046,178.1720161674736,33370.856173347485
1171,2020,8,CA,2405,SYLMAR S,9q5epx,34.317296,-118.495046,180.13706825131234,31766.553073259904
1172,2020,9,CA,2405,SYLMAR S,9q5epx,34.317296,-118.495046,182.17753661598522,28187.626661755356
1173,2020,10,CA,2405,SYLMAR S,9q5epx,34.317296,-118.495046,184.42546723351822,25696.40438188868
1174,2020,11,CA,2405,SYLMAR S,9q5epx,34.317296,-118.495046,186.4917761563581,20834.529977106613
1175,2020,12,CA,2405,SYLMAR S,9q5epx,34.317296,-118.495046,189.78009515201236,18660.34307609024
1176,2021,1,CA,2405,SYLMAR S,9q5epx,34.317296,-118.495046,191.65483124599035,19766.361649344508
1177,2021,2,CA,2405,SYLMAR S,9q5epx,34.317296,-118.495046,193.67235621814032,21136.08923693082
1178,2021,3,CA,2405,SYLMAR S,9q5epx,34.317296,-118.495046,195.2126226361784,29847.650138908528
1179,2021,4,CA,2405,SYLMAR S,9q5epx,34.317296,-118.495046,198.26054886264558,33321.522480977925
1180,2021,5,CA,2405,SYLMAR S,9q5epx,34.317296,-118.495046,200.49757462067353,36750.16736812075
1181,2021,6,CA,2405,SYLMAR S,9q5epx,34.317296,-118.495046,203.09329107921852,36964.636173161
1182,2021,7,CA,2405,SYLMAR S,9q5epx,34.317296,-118.495046,205.29272566314427,37837.44234135213
1183,2021,8,CA,2405,SYLMAR S,9q5epx,34.317296,-118.495046,207.88962977965517,35828.18224499716
1184,2021,9,CA,2405,SYLMAR S,9q5epx,34.317296,-118.495046,210.63234590370575,31957.581306959975
1185,2021,10,CA,2405,SYLMAR S,9q5epx,34.317296,-118.495046,213.0295255389525,28597.08218249082
1186,2021,11,CA,2405,SYLMAR S,9q5epx,34.317296,-118.495046,215.7923778639703,24095.611063017757
1187,2021,12,CA,2405,SYLMAR S,9q5epx,34.317296,-118.495046,218.932941411777,21068.781672864
1188,2022,1,CA,2405,SYLMAR S,9q5epx,34.317296,-118.495046,221.4021902917722,23732.78002487829
1189,2022,2,CA,2405,SYLMAR S,9q5epx,34.317296,-118.495046,224.03996063920036,25360.215553048358
1190,2022,3,CA,2405,SYLMAR S,9q5epx,34.317296,-118.495046,227.24296620430474,36284.57064351377
1191,2022,4,CA,2405,SYLMAR S,9q5epx,34.317296,-118.495046,230.4195373822592,39702.713773062096
1192,2022,5,CA,2405,SYLMAR S,9q5epx,34.317296,-118.495046,233.4630908680337,44032.23811155963
1193,2022,6,CA,2405,SYLMAR S,9q5epx,34.317296,-118.495046,236.4061972816021,43995.7070841453
1194,2022,7,CA,2405,SYLMAR S,9q5epx,34.317296,-118.495046,239.562974160125,45354.577498493425
1195,2022,8,CA,2405,SYLMAR S,9q5epx,34.317296,-118.495046,242.9817555838507,44064.89575447156
1196,2022,9,CA,2405,SYLMAR S,9q5epx,34.317296,-118.495046,246.08535777617348,39486.9092486962
1197,2022,10,CA,2405,SYLMAR S,9q5epx,34.317296,-118.495046,249.7751051642992,37146.08090681721
1198,2022,11,CA,2405,SYLMAR S,9q5epx,34.317296,-118.495046,253.27270388939775,29447.835809602362
1199,2022,12,CA,2405,SYLMAR S,9q5epx,34.317296,-118.495046,255.45363980076385,25436.773659047787
1200,2018,1,CA,2406,EAGLROCK,9q5fq8,34.150436,-118.184526,107.52181954652852,11066.276371691629
1201,2018,2,CA,2406,EAGLROCK,9q5fq8,34.150436,-118.184526,109.01327598947849,12125.046044476725
1202,2018,3,CA,2406,EAGLROCK,9q5fq8,34.150436,-118.184526,110.98847117540589,16862.517717477956
1203,2018,4,CA,2406,EAGLROCK,9q5fq8,34.150436,-118.184526,112.95869085514407,19174.020645522698
1204,2018,5,CA,2406,EAGLROCK,9q5fq8,34.150436,-118.184526,114.85813880561243,21116.180101931834
1205,2018,6,CA,2406,EAGLROCK,9q5fq8,34.150436,-118.184526,116.39896260867391,21597.662113613405
1206,2018,7,CA,2406,EAGLROCK,9q5fq8,34.150436,-118.184526,118.04423973322785,21950.05413258769
1207,2018,8,CA,2406,EAGLROCK,9q5fq8,34.150436,-118.184526,119.843822166612,21284.36376141067
1208,2018,9,CA,2406,EAGLROCK,9q5fq8,34.150436,-118.184526,121.65818573039604,19309.375947473352
1209,2018,10,CA,2406,EAGLROCK,9q5fq8,34.150436,-118.184526,123.44164623138776,17646.94686382035
1210,2018,11,CA,2406,EAGLROCK,9q5fq8,34.150436,-118.184526,125.16824380450235,13959.20509579919
1211,2018,12,CA,2406,EAGLROCK,9q5fq8,34.150436,-118.184526,127.12213154671673,12599.342342886883
1212,2019,1,CA,2406,EAGLROCK,9q5fq8,34.150436,-118.184526,128.58864584175694,13146.821843336062
1213,2019,2,CA,2406,EAGLROCK,9q5fq8,34.150436,-118.184526,129.9723534980761,13818.717656139772
1214,2019,3,CA,2406,EAGLROCK,9q5fq8,34.150436,-118.184526,131.92305885483825,20176.183095909462
1215,2019,4,CA,2406,EAGLROCK,9q5fq8,34.150436,-118.184526,133.39010623982733,22643.189654372465
1216,2019,5,CA,2406,EAGLROCK,9q5fq8,34.150436,-118.184526,134.92511451617406,24633.811300314203
1217,2019,6,CA,2406,EAGLROCK,9q5fq8,34.150436,-118.184526,136.4733531157968,25199.5867062757
1218,2019,7,CA,2406,EAGLROCK,9q5fq8,34.150436,-118.184526,137.98312846789807,26265.378676031527
1219,2019,8,CA,2406,EAGLROCK,9q5fq8,34.150436,-118.184526,139.88543571900118,25445.705466980624
1220,2019,9,CA,2406,EAGLROCK,9q5fq8,34.150436,-118.184526,141.75121823148777,22580.847417995945
1221,2019,10,CA,2406,EAGLROCK,9q5fq8,34.150436,-118.184526,143.46208157399087,20652.76777177338
1222,2019,11,CA,2406,EAGLROCK,9q5fq8,34.150436,-118.184526,145.37653681423137,16044.475230580578
1223,2019,12,CA,2406,EAGLROCK,9q5fq8,34.150436,-118.184526,147.82482509840014,14315.138851313937
1224,2020,1,CA,2406,EAGLROCK,9q5fq8,34.150436,-118.184526,149.7464366673479,15484.820262630286
1225,2020,2,CA,2406,EAGLROCK,9q5fq8,34.150436,-118.184526,151.309391780407,17345.557886463048
1226,2020,3,CA,2406,EAGLROCK,9q5fq8,34.150436,-118.184526,153.2439267420541,22908.45718373666
1227,2020,4,CA,2406,EAGLROCK,9q5fq8,34.150436,-118.184526,154.70233160817546,25464.15869864482
1228,2020,5,CA,2406,EAGLROCK,9q5fq8,34.150436,-118.184526,156.12136858928648,28811.672768766603
1229,2020,6,CA,2406,EAGLROCK,9q5fq8,34.150436,-118.184526,158.16857938103098,28884.3008787807
1230,2020,7,CA,2406,EAGLROCK,9q5fq8,34.150436,-118.184526,159.9479205505998,29957.56105101811
1231,2020,8,CA,2406,EAGLROCK,9q5fq8,34.150436,-118.184526,161.7119798083016,28517.35203104108
1232,2020,9,CA,2406,EAGLROCK,9q5fq8,34.150436,-118.184526,163.54374148950714,25304.49150649213
1233,2020,10,CA,2406,EAGLROCK,9q5fq8,34.150436,-118.184526,165.56174541375114,23068.080694822023
1234,2020,11,CA,2406,EAGLROCK,9q5fq8,34.150436,-118.184526,167.41670458485203,18703.49686313813
1235,2020,12,CA,2406,EAGLROCK,9q5fq8,34.150436,-118.184526,170.36868209947787,16751.6938741713
1236,2021,1,CA,2406,EAGLROCK,9q5fq8,34.150436,-118.184526,172.05166322223218,17744.58475955073
1237,2021,2,CA,2406,EAGLROCK,9q5fq8,34.150436,-118.184526,173.86282824632312,18974.211521753896
1238,2021,3,CA,2406,EAGLROCK,9q5fq8,34.150436,-118.184526,175.24555049394894,26794.721616400366
1239,2021,4,CA,2406,EAGLROCK,9q5fq8,34.150436,-118.184526,177.98172350473658,29913.27339194949
1240,2021,5,CA,2406,EAGLROCK,9q5fq8,34.150436,-118.184526,179.9899379590108,32991.22374465507
1241,2021,6,CA,2406,EAGLROCK,9q5fq8,34.150436,-118.184526,182.32015489663019,33183.75588369152
1242,2021,7,CA,2406,EAGLROCK,9q5fq8,34.150436,-118.184526,184.29462314171826,33967.28819504331
1243,2021,8,CA,2406,EAGLROCK,9q5fq8,34.150436,-118.184526,186.62590625923534,32163.542684551943
1244,2021,9,CA,2406,EAGLROCK,9q5fq8,34.150436,-118.184526,189.0880871905559,28688.841187441827
1245,2021,10,CA,2406,EAGLROCK,9q5fq8,34.150436,-118.184526,191.2400743886104,25672.066395682592
1246,2021,11,CA,2406,EAGLROCK,9q5fq8,34.150436,-118.184526,193.7203319154692,21631.022462602054
1247,2021,12,CA,2406,EAGLROCK,9q5fq8,34.150436,-118.184526,196.53966695827714,18913.788425347466
1248,2022,1,CA,2406,EAGLROCK,9q5fq8,34.150436,-118.184526,198.75635189103275,21305.303130745397
1249,2022,2,CA,2406,EAGLROCK,9q5fq8,34.150436,-118.184526,201.12432128957508,22766.278508137402
1250,2022,3,CA,2406,EAGLROCK,9q5fq8,34.150436,-118.184526,203.99971154821645,32573.249982456317
1251,2022,4,CA,2406,EAGLROCK,9q5fq8,34.150436,-118.184526,206.8513712270136,35641.77273634197
1252,2022,5,CA,2406,EAGLROCK,9q5fq8,34.150436,-118.184526,209.5836187572688,39528.457243885365
1253,2022,6,CA,2406,EAGLROCK,9q5fq8,34.150436,-118.184526,212.2256933149643,39495.662745646056
1254,2022,7,CA,2406,EAGLROCK,9q5fq8,34.150436,-118.184526,215.05958332879987,40715.542846617784
1255,2022,8,CA,2406,EAGLROCK,9q5fq8,34.150436,-118.184526,218.12867908976358,39557.77454177651
1256,2022,9,CA,2406,EAGLROCK,9q5fq8,34.150436,-118.184526,220.9148333218159,35448.04150031391
1257,2022,10,CA,2406,EAGLROCK,9q5fq8,34.150436,-118.184526,224.22717964186307,33346.64177602991
1258,2022,11,CA,2406,EAGLROCK,9q5fq8,34.150436,-118.184526,227.3670309778557,26435.80178176851
1259,2022,12,CA,2406,EAGLROCK,9q5fq8,34.150436,-118.184526,229.32489266332513,22835.0059666873
1260,2018,1,CA,2407,LITEHIPE,9q5bwz,33.879856,-118.175222,262.666922475229,27033.998960134144
1261,2018,2,CA,2407,LITEHIPE,9q5bwz,33.879856,-118.175222,266.31042735198554,29620.485802836996
1262,2018,3,CA,2407,LITEHIPE,9q5bwz,33.879856,-118.175222,271.1356660148314,41193.73772425116
1263,2018,4,CA,2407,LITEHIPE,9q5bwz,33.879856,-118.175222,275.9487499270973,46840.548417770486
1264,2018,5,CA,2407,LITEHIPE,9q5bwz,33.879856,-118.175222,280.5889443514067,51585.08352257677
1265,2018,6,CA,2407,LITEHIPE,9q5bwz,33.879856,-118.175222,284.35304961054067,52761.30430054503
1266,2018,7,CA,2407,LITEHIPE,9q5bwz,33.879856,-118.175222,288.3723257049009,53622.16889081318
1267,2018,8,CA,2407,LITEHIPE,9q5bwz,33.879856,-118.175222,292.7685569211421,51995.9423085631
1268,2018,9,CA,2407,LITEHIPE,9q5bwz,33.879856,-118.175222,297.20089721783984,47171.2102383575
1269,2018,10,CA,2407,LITEHIPE,9q5bwz,33.879856,-118.175222,301.55774388512407,43110.033324889366
1270,2018,11,CA,2407,LITEHIPE,9q5bwz,33.879856,-118.175222,305.7756791172092,34101.18484023077
1271,2018,12,CA,2407,LITEHIPE,9q5bwz,33.879856,-118.175222,310.54886545533134,30779.15247691498
1272,2019,1,CA,2407,LITEHIPE,9q5bwz,33.879856,-118.175222,314.13143872528474,32116.599667706167
1273,2019,2,CA,2407,LITEHIPE,9q5bwz,33.879856,-118.175222,317.5117222177296,33757.98563120143
1274,2019,3,CA,2407,LITEHIPE,9q5bwz,33.879856,-118.175222,322.27713425109766,49288.74849263449
1275,2019,4,CA,2407,LITEHIPE,9q5bwz,33.879856,-118.175222,325.86100981575606,55315.44170867768
1276,2019,5,CA,2407,LITEHIPE,9q5bwz,33.879856,-118.175222,329.6109082235627,60178.36593891568
1277,2019,6,CA,2407,LITEHIPE,9q5bwz,33.879856,-118.175222,333.3931272181388,61560.508515397756
1278,2019,7,CA,2407,LITEHIPE,9q5bwz,33.879856,-118.175222,337.08138367657597,64164.15024946859
1279,2019,8,CA,2407,LITEHIPE,9q5bwz,33.879856,-118.175222,341.72856313612124,62161.75631524366
1280,2019,9,CA,2407,LITEHIPE,9q5bwz,33.879856,-118.175222,346.2865156766368,55163.1447754756
1281,2019,10,CA,2407,LITEHIPE,9q5bwz,33.879856,-118.175222,350.46601348318677,50453.00548378277
1282,2019,11,CA,2407,LITEHIPE,9q5bwz,33.879856,-118.175222,355.1428694766155,39195.3275095288
1283,2019,12,CA,2407,LITEHIPE,9q5bwz,33.879856,-118.175222,361.1238354949266,34970.70160027455
1284,2020,1,CA,2407,LITEHIPE,9q5bwz,33.879856,-118.175222,365.8181738081829,37828.136657481664
1285,2020,2,CA,2407,LITEHIPE,9q5bwz,33.879856,-118.175222,369.6363440293119,42373.7649517882
1286,2020,3,CA,2407,LITEHIPE,9q5bwz,33.879856,-118.175222,374.3622531232953,55963.46836842509
1287,2020,4,CA,2407,LITEHIPE,9q5bwz,33.879856,-118.175222,377.92501572834243,62206.83603572644
1288,2020,5,CA,2407,LITEHIPE,9q5bwz,33.879856,-118.175222,381.39160584259986,70384.53636157444
1289,2020,6,CA,2407,LITEHIPE,9q5bwz,33.879856,-118.175222,386.3927726810471,70561.96083432846
1290,2020,7,CA,2407,LITEHIPE,9q5bwz,33.879856,-118.175222,390.73955616197463,73183.84677009282
1291,2020,8,CA,2407,LITEHIPE,9q5bwz,33.879856,-118.175222,395.0490071946923,69665.53511396676
1292,2020,9,CA,2407,LITEHIPE,9q5bwz,33.879856,-118.175222,399.52384965494383,61816.78227584881
1293,2020,10,CA,2407,LITEHIPE,9q5bwz,33.879856,-118.175222,404.453666528948,56353.41541906386
1294,2020,11,CA,2407,LITEHIPE,9q5bwz,33.879856,-118.175222,408.98517854060464,45691.09768868497
1295,2020,12,CA,2407,LITEHIPE,9q5bwz,33.879856,-118.175222,416.1966157377524,40923.004230519306
1296,2021,1,CA,2407,LITEHIPE,9q5bwz,33.879856,-118.175222,420.3079995848838,43348.554638020214
1297,2021,2,CA,2407,LITEHIPE,9q5bwz,33.879856,-118.175222,424.73252611335164,46352.43123519144
1298,2021,3,CA,2407,LITEHIPE,9q5bwz,33.879856,-118.175222,428.110402333766,65457.29132229525
1299,2021,4,CA,2407,LITEHIPE,9q5bwz,33.879856,-118.175222,434.7946469562481,73075.65567771501
1300,2021,5,CA,2407,LITEHIPE,9q5bwz,33.879856,-118.175222,439.7005489638515,80594.83411132461
1301,2021,6,CA,2407,LITEHIPE,9q5bwz,33.879856,-118.175222,445.39307643674516,81065.1742213745
1302,2021,7,CA,2407,LITEHIPE,9q5bwz,33.879856,-118.175222,450.21653924317513,82979.27892822068
1303,2021,8,CA,2407,LITEHIPE,9q5bwz,33.879856,-118.175222,455.9116713054788,78572.87765852998
1304,2021,9,CA,2407,LITEHIPE,9q5bwz,33.879856,-118.175222,461.92657591307153,70084.46895585701
1305,2021,10,CA,2407,LITEHIPE,9q5bwz,33.879856,-118.175222,467.1837028562634,62714.737363755885
1306,2021,11,CA,2407,LITEHIPE,9q5bwz,33.879856,-118.175222,473.2427670933981,52842.80087713297
1307,2021,12,CA,2407,LITEHIPE,9q5bwz,33.879856,-118.175222,480.13016968985863,46204.82260239081
1308,2022,1,CA,2407,LITEHIPE,9q5bwz,33.879856,-118.175222,485.5453478540653,52047.095457988224
1309,2022,2,CA,2407,LITEHIPE,9q5bwz,33.879856,-118.175222,491.33010147015784,55616.13760971243
1310,2022,3,CA,2407,LITEHIPE,9q5bwz,33.879856,-118.175222,498.35444232802206,79573.75874024953
1311,2022,4,CA,2407,LITEHIPE,9q5bwz,33.879856,-118.175222,505.3208113397761,87069.90632878224
1312,2022,5,CA,2407,LITEHIPE,9q5bwz,33.879856,-118.175222,511.9954663376123,96564.75549087992
1313,2022,6,CA,2407,LITEHIPE,9q5bwz,33.879856,-118.175222,518.4498362129256,96484.64124092611
1314,2022,7,CA,2407,LITEHIPE,9q5bwz,33.879856,-118.175222,525.37279540118,99464.70754990778
1315,2022,8,CA,2407,LITEHIPE,9q5bwz,33.879856,-118.175222,532.8703427986666,96636.37522764437
1316,2022,9,CA,2407,LITEHIPE,9q5bwz,33.879856,-118.175222,539.6766874156104,86596.6369238426
1317,2022,10,CA,2407,LITEHIPE,9q5bwz,33.879856,-118.175222,547.768475833332,81463.0909999
1318,2022,11,CA,2407,LITEHIPE,9q5bwz,33.879856,-118.175222,555.4388732552992,64580.479817656684
1319,2022,12,CA,2407,LITEHIPE,9q5bwz,33.879856,-118.175222,560.2217676084949,55784.03311318309
1320,2018,1,CA,2408,MESA CAL,9qh18k,34.037233,-118.11012,253.61950988118463,26102.828257883404
1321,2018,2,CA,2408,MESA CAL,9qh18k,34.037233,-118.11012,257.1375163069075,28600.225033917486
1322,2018,3,CA,2408,MESA CAL,9qh18k,34.037233,-118.11012,261.7965523712833,39774.8428821825
1323,2018,4,CA,2408,MESA CAL,9qh18k,34.037233,-118.11012,266.44385234854263,45227.15239640108
1324,2018,5,CA,2408,MESA CAL,9qh18k,34.037233,-118.11012,270.92421791782266,49808.2646908451
1325,2018,6,CA,2408,MESA CAL,9qh18k,34.037233,-118.11012,274.5586707144163,50943.97121380293
1326,2018,7,CA,2408,MESA CAL,9qh18k,34.037233,-118.11012,278.43950513209955,51775.183813396485
1327,2018,8,CA,2408,MESA CAL,9qh18k,34.037233,-118.11012,282.6843106671117,50204.971679872455
1328,2018,9,CA,2408,MESA CAL,9qh18k,34.037233,-118.11012,286.9639815258629,45546.42475884179
1329,2018,10,CA,2408,MESA CAL,9qh18k,34.037233,-118.11012,291.17075909028307,41625.1327719084
1330,2018,11,CA,2408,MESA CAL,9qh18k,34.037233,-118.11012,295.24340994479985,32926.58894407474
1331,2018,12,CA,2408,MESA CAL,9qh18k,34.037233,-118.11012,299.8521865971408,29718.98209409903
1332,2019,1,CA,2408,MESA CAL,9qh18k,34.037233,-118.11012,303.3113601705652,31010.361677885092
1333,2019,2,CA,2408,MESA CAL,9qh18k,34.037233,-118.11012,306.57521172269264,32595.211036398377
1334,2019,3,CA,2408,MESA CAL,9qh18k,34.037233,-118.11012,311.1764818517805,47591.02561358032
1335,2019,4,CA,2408,MESA CAL,9qh18k,34.037233,-118.11012,314.63691286311024,53410.13281312227
1336,2019,5,CA,2408,MESA CAL,9qh18k,34.037233,-118.11012,318.25764815528186,58105.5563869779
1337,2019,6,CA,2408,MESA CAL,9qh18k,34.037233,-118.11012,321.90959077001344,59440.09184934226
1338,2019,7,CA,2408,MESA CAL,9qh18k,34.037233,-118.11012,325.4708073346654,61954.05262627837
1339,2019,8,CA,2408,MESA CAL,9qh18k,34.037233,-118.11012,329.95791734361956,60020.63001104566
1340,2019,9,CA,2408,MESA CAL,9qh18k,34.037233,-118.11012,334.35887380396815,53263.08166107338
1341,2019,10,CA,2408,MESA CAL,9qh18k,34.037233,-118.11012,338.39441118818775,48715.180435543545
1342,2019,11,CA,2408,MESA CAL,9qh18k,34.037233,-118.11012,342.9101755397122,37845.26676950225
1343,2019,12,CA,2408,MESA CAL,9qh18k,34.037233,-118.11012,348.685130588813,33766.15569438216
1344,2020,1,CA,2408,MESA CAL,9qh18k,34.037233,-118.11012,353.2177750916122,36525.16802793751
1345,2020,2,CA,2408,MESA CAL,9qh18k,34.037233,-118.11012,356.9044306133671,40914.224743720944
1346,2020,3,CA,2408,MESA CAL,9qh18k,34.037233,-118.11012,361.4675584593262,54035.83856353163
1347,2020,4,CA,2408,MESA CAL,9qh18k,34.037233,-118.11012,364.9076037349177,60064.156986222755
1348,2020,5,CA,2408,MESA CAL,9qh18k,34.037233,-118.11012,368.25478912640847,67960.18108035804
1349,2020,6,CA,2408,MESA CAL,9qh18k,34.037233,-118.11012,373.08369362054265,68131.4942681655
1350,2020,7,CA,2408,MESA CAL,9qh18k,34.037233,-118.11012,377.2807546193307,70663.07083565519
1351,2020,8,CA,2408,MESA CAL,9qh18k,34.037233,-118.11012,381.4417690648321,67265.94542135755
1352,2020,9,CA,2408,MESA CAL,9qh18k,34.037233,-118.11012,385.7624781243123,59687.53840602521
1353,2020,10,CA,2408,MESA CAL,9qh18k,34.037233,-118.11012,390.5224902629052,54412.354110029286
1354,2020,11,CA,2408,MESA CAL,9qh18k,34.037233,-118.11012,394.8979169233574,44117.29384323388
1355,2020,12,CA,2408,MESA CAL,9qh18k,34.037233,-118.11012,401.86096027211426,39513.43464949889
1356,2021,1,CA,2408,MESA CAL,9qh18k,34.037233,-118.11012,405.83072984346643,41855.438354211656
1357,2021,2,CA,2408,MESA CAL,9qh18k,34.037233,-118.11012,410.1028560747856,44755.84813226422
1358,2021,3,CA,2408,MESA CAL,9qh18k,34.037233,-118.11012,413.3643832719971,63202.6521911073
1359,2021,4,CA,2408,MESA CAL,9qh18k,34.037233,-118.11012,419.818392894163,70558.60632385526
1360,2021,5,CA,2408,MESA CAL,9qh18k,34.037233,-118.11012,424.5553139003123,77818.79093739785
1361,2021,6,CA,2408,MESA CAL,9qh18k,34.037233,-118.11012,430.0517655054687,78272.93045014735
1362,2021,7,CA,2408,MESA CAL,9qh18k,34.037233,-118.11012,434.70908688179185,80121.10491017048
1363,2021,8,CA,2408,MESA CAL,9qh18k,34.037233,-118.11012,440.208053362759,75866.47962340956
1364,2021,9,CA,2408,MESA CAL,9qh18k,34.037233,-118.11012,446.0157780057567,67670.4493255858
1365,2021,10,CA,2408,MESA CAL,9qh18k,34.037233,-118.11012,451.0918262045596,60554.56394218417
1366,2021,11,CA,2408,MESA CAL,9qh18k,34.037233,-118.11012,456.9421894238021,51022.660687210744
1367,2021,12,CA,2408,MESA CAL,9qh18k,34.037233,-118.11012,463.59235935920185,44613.32379477875
1368,2022,1,CA,2408,MESA CAL,9qh18k,34.037233,-118.11012,468.8210147946989,50254.36288818992
1369,2022,2,CA,2408,MESA CAL,9qh18k,34.037233,-118.11012,474.40651586606106,53700.47141504847
1370,2022,3,CA,2408,MESA CAL,9qh18k,34.037233,-118.11012,481.18890730241674,76832.8859261255
1371,2022,4,CA,2408,MESA CAL,9qh18k,34.037233,-118.11012,487.91532369989505,84070.83297893715
1372,2022,5,CA,2408,MESA CAL,9qh18k,34.037233,-118.11012,494.36007400657616,93238.63746758222
1373,2022,6,CA,2408,MESA CAL,9qh18k,34.037233,-118.11012,500.59212678635924,93161.28270735465
1374,2022,7,CA,2408,MESA CAL,9qh18k,34.037233,-118.11012,507.2766285869928,96038.70232903784
1375,2022,8,CA,2408,MESA CAL,9qh18k,34.037233,-118.11012,514.5159272331359,93307.79030329084
1376,2022,9,CA,2408,MESA CAL,9qh18k,34.037233,-118.11012,521.0878311849726,83613.86506919256
1377,2022,10,CA,2408,MESA CAL,9qh18k,34.037233,-118.11012,528.9009025577425,78657.14121179229
1378,2022,11,CA,2408,MESA CAL,9qh18k,34.037233,-118.11012,536.307097507686,62356.04195952936
1379,2022,12,CA,2408,MESA CAL,9qh18k,34.037233,-118.11012,540.9252477880486,53862.58385349416
1380,2018,1,CA,2409,MIRALOMA,9qh3ky,34.008174,-117.564527,230.52063532613568,23725.46400959153
1381,2018,2,CA,2409,MIRALOMA,9qh3ky,34.008174,-117.564527,233.71823269046695,25995.405670398788
1382,2018,3,CA,2409,MIRALOMA,9qh3ky,34.008174,-117.564527,237.9529382699803,36152.27415072831
1383,2018,4,CA,2409,MIRALOMA,9qh3ky,34.008174,-117.564527,242.1769766486162,41108.00430650859
1384,2018,5,CA,2409,MIRALOMA,9qh3ky,34.008174,-117.564527,246.24928448490067,45271.88317020618
1385,2018,6,CA,2409,MIRALOMA,9qh3ky,34.008174,-117.564527,249.55272264754876,46304.15308248116
1386,2018,7,CA,2409,MIRALOMA,9qh3ky,34.008174,-117.564527,253.0801027610857,47059.66142897691
1387,2018,8,CA,2409,MIRALOMA,9qh3ky,34.008174,-117.564527,256.9383046369008,45632.45932300983
1388,2018,9,CA,2409,MIRALOMA,9qh3ky,34.008174,-117.564527,260.8281964114266,41398.19833719018
1389,2018,10,CA,2409,MIRALOMA,9qh3ky,34.008174,-117.564527,264.65183378569714,37834.04540372443
1390,2018,11,CA,2409,MIRALOMA,9qh3ky,34.008174,-117.564527,268.3535602927965,29927.73783872739
1391,2018,12,CA,2409,MIRALOMA,9qh3ky,34.008174,-117.564527,272.54258393088975,27012.26982414417
1392,2019,1,CA,2409,MIRALOMA,9qh3ky,34.008174,-117.564527,275.6867067557573,28186.034580022082
1393,2019,2,CA,2409,MIRALOMA,9qh3ky,34.008174,-117.564527,278.65329688030687,29626.540798143295
1394,2019,3,CA,2409,MIRALOMA,9qh3ky,34.008174,-117.564527,282.83549766589084,43256.58331807548
1395,2019,4,CA,2409,MIRALOMA,9qh3ky,34.008174,-117.564527,285.98076340513813,48545.70436912447
1396,2019,5,CA,2409,MIRALOMA,9qh3ky,34.008174,-117.564527,289.2717334109164,52813.48339715584
1397,2019,6,CA,2409,MIRALOMA,9qh3ky,34.008174,-117.564527,292.59106847357344,54026.47352868638
1398,2019,7,CA,2409,MIRALOMA,9qh3ky,34.008174,-117.564527,295.8279405320445,56311.4705928152
1399,2019,8,CA,2409,MIRALOMA,9qh3ky,34.008174,-117.564527,299.9063785454566,54554.13808386839
1400,2019,9,CA,2409,MIRALOMA,9qh3ky,34.008174,-117.564527,303.90650960697275,48412.046177719436
1401,2019,10,CA,2409,MIRALOMA,9qh3ky,34.008174,-117.564527,307.57450282298555,44278.35362228159
1402,2019,11,CA,2409,MIRALOMA,9qh3ky,34.008174,-117.564527,311.6789854307479,34398.437816869104
1403,2019,12,CA,2409,MIRALOMA,9qh3ky,34.008174,-117.564527,316.92797557161776,30690.83946592568
1404,2020,1,CA,2409,MIRALOMA,9qh3ky,34.008174,-117.564527,321.04780093908374,33198.56955459977
1405,2020,2,CA,2409,MIRALOMA,9qh3ky,34.008174,-117.564527,324.39868736537517,37187.88466320017
1406,2020,3,CA,2409,MIRALOMA,9qh3ky,34.008174,-117.564527,328.5462197481073,49114.42278979784
1407,2020,4,CA,2409,MIRALOMA,9qh3ky,34.008174,-117.564527,331.67295642089533,54593.70075779813
1408,2020,5,CA,2409,MIRALOMA,9qh3ky,34.008174,-117.564527,334.7152905984288,61770.57958539016
1409,2020,6,CA,2409,MIRALOMA,9qh3ky,34.008174,-117.564527,339.10439352051293,61926.29010194947
1410,2020,7,CA,2409,MIRALOMA,9qh3ky,34.008174,-117.564527,342.9191992836674,64227.29856532785
1411,2020,8,CA,2409,MIRALOMA,9qh3ky,34.008174,-117.564527,346.7012415012695,61139.57274662675
1412,2020,9,CA,2409,MIRALOMA,9qh3ky,34.008174,-117.564527,350.62843384509745,54251.38342415358
1413,2020,10,CA,2409,MIRALOMA,9qh3ky,34.008174,-117.564527,354.95491891268,49456.64647373079
1414,2020,11,CA,2409,MIRALOMA,9qh3ky,34.008174,-117.564527,358.9318453489107,40099.228211490874
1415,2020,12,CA,2409,MIRALOMA,9qh3ky,34.008174,-117.564527,365.26071640977983,35914.67416519905
1416,2021,1,CA,2409,MIRALOMA,9qh3ky,34.008174,-117.564527,368.8689317403559,38043.3754713386
1417,2021,2,CA,2409,MIRALOMA,9qh3ky,34.008174,-117.564527,372.7519660286033,40679.62496593009
1418,2021,3,CA,2409,MIRALOMA,9qh3ky,34.008174,-117.564527,375.7164434932388,57446.351600538714
1419,2021,4,CA,2409,MIRALOMA,9qh3ky,34.008174,-117.564527,381.58264203293186,64132.34835569912
1420,2021,5,CA,2409,MIRALOMA,9qh3ky,34.008174,-117.564527,385.8881390364503,70731.29798099777
1421,2021,6,CA,2409,MIRALOMA,9qh3ky,34.008174,-117.564527,390.88399095909455,71144.07588225136
1422,2021,7,CA,2409,MIRALOMA,9qh3ky,34.008174,-117.564527,395.11713801899924,72823.9243722893
1423,2021,8,CA,2409,MIRALOMA,9qh3ky,34.008174,-117.564527,400.115275770403,68956.79709711143
1424,2021,9,CA,2409,MIRALOMA,9qh3ky,34.008174,-117.564527,405.39405095268404,61507.23569589387
1425,2021,10,CA,2409,MIRALOMA,9qh3ky,34.008174,-117.564527,410.0077885010387,55039.442976563325
1426,2021,11,CA,2409,MIRALOMA,9qh3ky,34.008174,-117.564527,415.32531887092335,46375.675763886655
1427,2021,12,CA,2409,MIRALOMA,9qh3ky,34.008174,-117.564527,421.3698120538543,40550.08130092584
1428,2022,1,CA,2409,MIRALOMA,9qh3ky,34.008174,-117.564527,426.12225784738524,45677.35213400138
1429,2022,2,CA,2409,MIRALOMA,9qh3ky,34.008174,-117.564527,431.19904888837584,48809.59983602718
1430,2022,3,CA,2409,MIRALOMA,9qh3ky,34.008174,-117.564527,437.3637212500239,69835.1861255802
1431,2022,4,CA,2409,MIRALOMA,9qh3ky,34.008174,-117.564527,443.47751660488933,76413.92351787596
1432,2022,5,CA,2409,MIRALOMA,9qh3ky,34.008174,-117.564527,449.3352991386953,84746.75294514805
1433,2022,6,CA,2409,MIRALOMA,9qh3ky,34.008174,-117.564527,454.9997559734815,84676.44341540599
1434,2022,7,CA,2409,MIRALOMA,9qh3ky,34.008174,-117.564527,461.075454182356,87291.79662542143
1435,2022,8,CA,2409,MIRALOMA,9qh3ky,34.008174,-117.564527,467.65542006907486,84809.60755609507
1436,2022,9,CA,2409,MIRALOMA,9qh3ky,34.008174,-117.564527,473.62877549030986,75998.57482121092
1437,2022,10,CA,2409,MIRALOMA,9qh3ky,34.008174,-117.564527,480.73025667187636,71493.2939251181
1438,2022,11,CA,2409,MIRALOMA,9qh3ky,34.008174,-117.564527,487.4619184671776,56676.84799039302
1439,2022,12,CA,2409,MIRALOMA,9qh3ky,34.008174,-117.564527,491.6594620124652,48956.947578802465
1440,2018,1,CA,2410,PARDEE,9q5evq,34.442694,-118.58844,230.21562970957063,23694.072460768584
1441,2018,2,CA,2410,PARDEE,9q5evq,34.442694,-118.58844,233.40899628061845,25961.010724700584
1442,2018,3,CA,2410,PARDEE,9q5evq,34.442694,-118.58844,237.63809885203483,36104.44048650137
1443,2018,4,CA,2410,PARDEE,9q5evq,34.442694,-118.58844,241.85654833652143,41053.61363479486
1444,2018,5,CA,2410,PARDEE,9q5evq,34.442694,-118.58844,245.92346803581464,45211.98320237964
1445,2018,6,CA,2410,PARDEE,9q5evq,34.442694,-118.58844,249.22253536549084,46242.88730147868
1446,2018,7,CA,2410,PARDEE,9q5evq,34.442694,-118.58844,252.74524834480414,46997.39602254516
1447,2018,8,CA,2410,PARDEE,9q5evq,34.442694,-118.58844,256.5983453707202,45572.08227098799
1448,2018,9,CA,2410,PARDEE,9q5evq,34.442694,-118.58844,260.48309036592457,41343.42370501613
1449,2018,10,CA,2410,PARDEE,9q5evq,34.442694,-118.58844,264.30166862315247,37783.98656049251
1450,2018,11,CA,2410,PARDEE,9q5evq,34.442694,-118.58844,267.9984973154681,29888.139960129738
1451,2018,12,CA,2410,PARDEE,9q5evq,34.442694,-118.58844,272.181978387987,26976.52944888068
1452,2019,1,CA,2410,PARDEE,9q5evq,34.442694,-118.58844,275.3219411726074,28148.741177444736
1453,2019,2,CA,2410,PARDEE,9q5evq,34.442694,-118.58844,278.2846061533244,29587.341438268017
1454,2019,3,CA,2410,PARDEE,9q5evq,34.442694,-118.58844,282.4612734007615,43199.34982638932
1455,2019,4,CA,2410,PARDEE,9q5evq,34.442694,-118.58844,285.602377587553,48481.47275501435
1456,2019,5,CA,2410,PARDEE,9q5evq,34.442694,-118.58844,288.8889932571813,52743.60501492898
1457,2019,6,CA,2410,PARDEE,9q5evq,34.442694,-118.58844,292.2039364534185,53954.99021941067
1458,2019,7,CA,2410,PARDEE,9q5evq,34.442694,-118.58844,295.43652575361705,56236.96396661427
1459,2019,8,CA,2410,PARDEE,9q5evq,34.442694,-118.58844,299.5095675191004,54481.95661300396
1460,2019,9,CA,2410,PARDEE,9q5evq,34.442694,-118.58844,303.5044059418945,48347.99140894474
1461,2019,10,CA,2410,PARDEE,9q5evq,34.442694,-118.58844,307.16754597619183,44219.76820962236
1462,2019,11,CA,2410,PARDEE,9q5evq,34.442694,-118.58844,311.26659787599743,34352.92468213231
1463,2019,12,CA,2410,PARDEE,9q5evq,34.442694,-118.58844,316.50864299230585,30650.23191510508
1464,2020,1,CA,2410,PARDEE,9q5evq,34.442694,-118.58844,320.62301735155916,33154.64398515237
1465,2020,2,CA,2410,PARDEE,9q5evq,34.442694,-118.58844,323.96947016530635,37138.68076579463
1466,2020,3,CA,2410,PARDEE,9q5evq,34.442694,-118.58844,328.1115148802216,49049.43869505923
1467,2020,4,CA,2410,PARDEE,9q5evq,34.442694,-118.58844,331.23411451666414,54521.46694091383
1468,2020,5,CA,2410,PARDEE,9q5evq,34.442694,-118.58844,334.27242333217174,61688.84992294425
1469,2020,6,CA,2410,PARDEE,9q5evq,34.442694,-118.58844,338.6557189605139,61844.35441637664
1470,2020,7,CA,2410,PARDEE,9q5evq,34.442694,-118.58844,342.4654772918746,64142.318377886026
1471,2020,8,CA,2410,PARDEE,9q5evq,34.442694,-118.58844,346.2425154276651,61058.67797963235
1472,2020,9,CA,2410,PARDEE,9q5evq,34.442694,-118.58844,350.16451163917924,54179.60253292282
1473,2020,10,CA,2410,PARDEE,9q5evq,34.442694,-118.58844,354.4852722637256,49391.209577248104
1474,2020,11,CA,2410,PARDEE,9q5evq,34.442694,-118.58844,358.4569367636529,40046.172267899856
1475,2020,12,CA,2410,PARDEE,9q5evq,34.442694,-118.58844,364.7774339918829,35867.15487339252
1476,2021,1,CA,2410,PARDEE,9q5evq,34.442694,-118.58844,368.38087523383973,37993.03966007626
1477,2021,2,CA,2410,PARDEE,9q5evq,34.442694,-118.58844,372.25877181601777,40625.801089916495
1478,2021,3,CA,2410,PARDEE,9q5evq,34.442694,-118.58844,375.2193269321155,57370.34339474601
1479,2021,4,CA,2410,PARDEE,9q5evq,34.442694,-118.58844,381.07776380873685,64047.493798430005
1480,2021,5,CA,2410,PARDEE,9q5evq,34.442694,-118.58844,385.3775641388693,70637.71224573109
1481,2021,6,CA,2410,PARDEE,9q5evq,34.442694,-118.58844,390.36680596826193,71049.94399380364
1482,2021,7,CA,2410,PARDEE,9q5evq,34.442694,-118.58844,394.59435208217235,72727.56984887568
1483,2021,8,CA,2410,PARDEE,9q5evq,34.442694,-118.58844,399.58587671590715,68865.55923293845
1484,2021,9,CA,2410,PARDEE,9q5evq,34.442694,-118.58844,404.8576674645521,61425.854468048055
1485,2021,10,CA,2410,PARDEE,9q5evq,34.442694,-118.58844,409.465300501423,54966.61939087126
1486,2021,11,CA,2410,PARDEE,9q5evq,34.442694,-118.58844,414.77579516005,46314.315350056575
1487,2021,12,CA,2410,PARDEE,9q5evq,34.442694,-118.58844,420.81229077535545,40496.42882625062
1488,2022,1,CA,2410,PARDEE,9q5evq,34.442694,-118.58844,425.5584485302586,45616.9156835683
1489,2022,2,CA,2410,PARDEE,9q5evq,34.442694,-118.58844,430.6285223861285,48745.01905751588
1490,2022,3,CA,2410,PARDEE,9q5evq,34.442694,-118.58844,436.7850381691174,69742.78605054124
1491,2022,4,CA,2410,PARDEE,9q5evq,34.442694,-118.58844,442.8907442615222,76312.81900797493
1492,2022,5,CA,2410,PARDEE,9q5evq,34.442694,-118.58844,448.7407762676111,84634.6231325725
1493,2022,6,CA,2410,PARDEE,9q5evq,34.442694,-118.58844,454.3977383670694,84564.40663051725
1494,2022,7,CA,2410,PARDEE,9q5evq,34.442694,-118.58844,460.4653977204391,87176.29942399675
1495,2022,8,CA,2410,PARDEE,9q5evq,34.442694,-118.58844,467.0366575468549,84697.39457955747
1496,2022,9,CA,2410,PARDEE,9q5evq,34.442694,-118.58844,473.0021095239985,75898.0198659523
1497,2022,10,CA,2410,PARDEE,9q5evq,34.442694,-118.58844,480.09419461985993,71398.6999805758
1498,2022,11,CA,2410,PARDEE,9q5evq,34.442694,-118.58844,486.8169496435245,56601.85792739143
1499,2022,12,CA,2410,PARDEE,9q5evq,34.442694,-118.58844,491.00893935040943,48892.17184208679
1500,2018,1,CA,2411,VINCENT,9qhh0n,34.488498,-118.12147,156.49234698903592,16106.382584847623
1501,2018,2,CA,2411,VINCENT,9qhh0n,34.488498,-118.12147,158.66308331189137,17647.36609604326
1502,2018,3,CA,2411,VINCENT,9qhh0n,34.488498,-118.12147,161.5378759047889,24542.50667335851
1503,2018,4,CA,2411,VINCENT,9qhh0n,34.488498,-118.12147,164.405426910404,27906.7774772507
1504,2018,5,CA,2411,VINCENT,9qhh0n,34.488498,-118.12147,167.16997339042035,30733.48830526913
1505,2018,6,CA,2411,VINCENT,9qhh0n,34.488498,-118.12147,169.4125613065718,31434.260021734044
1506,2018,7,CA,2411,VINCENT,9qhh0n,34.488498,-118.12147,171.80717553236065,31947.148050806383
1507,2018,8,CA,2411,VINCENT,9qhh0n,34.488498,-118.12147,174.42637301049353,30978.27076624356
1508,2018,9,CA,2411,VINCENT,9qhh0n,34.488498,-118.12147,177.0670836456506,28103.779992358817
1509,2018,10,CA,2411,VINCENT,9qhh0n,34.488498,-118.12147,179.66281650005658,25684.20199320572
1510,2018,11,CA,2411,VINCENT,9qhh0n,34.488498,-118.12147,182.17578835694886,20316.888021018007
1511,2018,12,CA,2411,VINCENT,9qhh0n,34.488498,-118.12147,185.0195690874258,18337.67938519197
1512,2019,1,CA,2411,VINCENT,9qhh0n,34.488498,-118.12147,187.1540034272809,19134.506971583414
1513,2019,2,CA,2411,VINCENT,9qhh0n,34.488498,-118.12147,189.16791706450667,20112.415949697923
1514,2019,3,CA,2411,VINCENT,9qhh0n,34.488498,-118.12147,192.00706600052047,29365.372156793317
1515,2019,4,CA,2411,VINCENT,9qhh0n,34.488498,-118.12147,194.14227622472728,32955.970307005555
1516,2019,5,CA,2411,VINCENT,9qhh0n,34.488498,-118.12147,196.37639994795117,35853.21530020246
1517,2019,6,CA,2411,VINCENT,9qhh0n,34.488498,-118.12147,198.62977971008524,36676.67161373029
1518,2019,7,CA,2411,VINCENT,9qhh0n,34.488498,-118.12147,200.82717824066242,38227.87570842087
1519,2019,8,CA,2411,VINCENT,9qhh0n,34.488498,-118.12147,203.59588628220146,37034.88451101184
1520,2019,9,CA,2411,VINCENT,9qhh0n,34.488498,-118.12147,206.3114344898262,32865.23446447375
1521,2019,10,CA,2411,VINCENT,9qhh0n,34.488498,-118.12147,208.80150600252009,30059.01605883572
1522,2019,11,CA,2411,VINCENT,9qhh0n,34.488498,-118.12147,211.5878948026189,23351.888906181306
1523,2019,12,CA,2411,VINCENT,9qhh0n,34.488498,-118.12147,215.1512494901717,20834.930861141456
1524,2020,1,CA,2411,VINCENT,9qhh0n,34.488498,-118.12147,217.94805394990078,22537.34056791853
1525,2020,2,CA,2411,VINCENT,9qhh0n,34.488498,-118.12147,220.22285282247094,25245.546205736835
1526,2020,3,CA,2411,VINCENT,9qhh0n,34.488498,-118.12147,223.0384665998168,33342.05322882797
1527,2020,4,CA,2411,VINCENT,9qhh0n,34.488498,-118.12147,225.16109809286735,37061.74221807857
1528,2020,5,CA,2411,VINCENT,9qhh0n,34.488498,-118.12147,227.22643170212794,41933.872690028824
1529,2020,6,CA,2411,VINCENT,9qhh0n,34.488498,-118.12147,230.20603921744484,42039.57908005663
1530,2020,7,CA,2411,VINCENT,9qhh0n,34.488498,-118.12147,232.7957766018605,43601.652750234876
1531,2020,8,CA,2411,VINCENT,9qhh0n,34.488498,-118.12147,235.3632719681943,41505.504353179014
1532,2020,9,CA,2411,VINCENT,9qhh0n,34.488498,-118.12147,238.02930464719293,36829.35502687864
1533,2020,10,CA,2411,VINCENT,9qhh0n,34.488498,-118.12147,240.96640310469596,33574.37684453435
1534,2020,11,CA,2411,VINCENT,9qhh0n,34.488498,-118.12147,243.66619850881668,27221.954886542444
1535,2020,12,CA,2411,VINCENT,9qhh0n,34.488498,-118.12147,247.96264635048246,24381.208404648514
1536,2021,1,CA,2411,VINCENT,9qhh0n,34.488498,-118.12147,250.4121367604182,25826.30880949993
1537,2021,2,CA,2411,VINCENT,9qhh0n,34.488498,-118.12147,253.0481920894651,27615.965818182078
1538,2021,3,CA,2411,VINCENT,9qhh0n,34.488498,-118.12147,255.06067151622258,38998.30648656214
1539,2021,4,CA,2411,VINCENT,9qhh0n,34.488498,-118.12147,259.04302726533564,43537.19439434462
1540,2021,5,CA,2411,VINCENT,9qhh0n,34.488498,-118.12147,261.96587766474397,48016.989068970535
1541,2021,6,CA,2411,VINCENT,9qhh0n,34.488498,-118.12147,265.3573857242207,48297.20945991728
1542,2021,7,CA,2411,VINCENT,9qhh0n,34.488498,-118.12147,268.23112029300233,49437.59948365682
1543,2021,8,CA,2411,VINCENT,9qhh0n,34.488498,-118.12147,271.6241801211825,46812.34286599346
1544,2021,9,CA,2411,VINCENT,9qhh0n,34.488498,-118.12147,275.2077548251733,41755.09779087851
1545,2021,10,CA,2411,VINCENT,9qhh0n,34.488498,-118.12147,278.3398588830681,37364.3409241249
1546,2021,11,CA,2411,VINCENT,9qhh0n,34.488498,-118.12147,281.94974312007537,31482.814253160046
1547,2021,12,CA,2411,VINCENT,9qhh0n,34.488498,-118.12147,286.0531368280522,27528.02318282801
1548,2022,1,CA,2411,VINCENT,9qhh0n,34.488498,-118.12147,289.2794050322658,31008.746915786807
1549,2022,2,CA,2411,VINCENT,9qhh0n,34.488498,-118.12147,292.7258598108305,33135.119652646325
1550,2022,3,CA,2411,VINCENT,9qhh0n,34.488498,-118.12147,296.91083893397007,47408.65026571939
1551,2022,4,CA,2411,VINCENT,9qhh0n,34.488498,-118.12147,301.0612794476358,51874.723566655535
1552,2022,5,CA,2411,VINCENT,9qhh0n,34.488498,-118.12147,305.0379218665227,57531.58822125884
1553,2022,6,CA,2411,VINCENT,9qhh0n,34.488498,-118.12147,308.8833222717388,57483.85755580468
1554,2022,7,CA,2411,VINCENT,9qhh0n,34.488498,-118.12147,313.0078999736815,59259.328812256754
1555,2022,8,CA,2411,VINCENT,9qhh0n,34.488498,-118.12147,317.4748072562491,57574.258004691736
1556,2022,9,CA,2411,VINCENT,9qhh0n,34.488498,-118.12147,321.52990804124494,51592.75795317372
1557,2022,10,CA,2411,VINCENT,9qhh0n,34.488498,-118.12147,326.3508537046539,48534.281299762835
1558,2022,11,CA,2411,VINCENT,9qhh0n,34.488498,-118.12147,330.92074200117327,38475.917565510164
1559,2022,12,CA,2411,VINCENT,9qhh0n,34.488498,-118.12147,333.77030659681736,33235.14884984951
1560,2018,1,CA,2502,SERRANO,9qh0rw,33.828436,-117.79013,340.53632432575483,35048.41245695314
1561,2018,2,CA,2502,SERRANO,9qh0rw,33.828436,-117.79013,345.2599710898831,38401.68097676084
1562,2018,3,CA,2502,SERRANO,9qh0rw,33.828436,-117.79013,351.5156846862344,53405.902416885365
1563,2018,4,CA,2502,SERRANO,9qh0rw,33.828436,-117.79013,357.7556401732411,60726.74867957299
1564,2018,5,CA,2502,SERRANO,9qh0rw,33.828436,-117.79013,363.7714519036283,66877.83359730797
1565,2018,6,CA,2502,SERRANO,9qh0rw,33.828436,-117.79013,368.65145185657855,68402.75305252663
1566,2018,7,CA,2502,SERRANO,9qh0rw,33.828436,-117.79013,373.8622697803805,69518.82682591832
1567,2018,8,CA,2502,SERRANO,9qh0rw,33.828436,-117.79013,379.56179374463636,67410.49427448143
1568,2018,9,CA,2502,SERRANO,9qh0rw,33.828436,-117.79013,385.3081315726921,61155.43745361603
1569,2018,10,CA,2502,SERRANO,9qh0rw,33.828436,-117.79013,390.956595169656,55890.29692691162
1570,2018,11,CA,2502,SERRANO,9qh0rw,33.828436,-117.79013,396.42496608839565,44210.713824236795
1571,2018,12,CA,2502,SERRANO,9qh0rw,33.828436,-117.79013,402.61319609310556,39903.84229418547
1572,2019,1,CA,2502,SERRANO,9qh0rw,33.828436,-117.79013,407.25784765974004,41637.784832667036
1573,2019,2,CA,2502,SERRANO,9qh0rw,33.828436,-117.79013,411.64023926371044,43765.77086738093
1574,2019,3,CA,2502,SERRANO,9qh0rw,33.828436,-117.79013,417.8183902179629,63900.73437541884
1575,2019,4,CA,2502,SERRANO,9qh0rw,33.828436,-117.79013,422.4647301534557,71714.08192710325
1576,2019,5,CA,2502,SERRANO,9qh0rw,33.828436,-117.79013,427.32631153704205,78018.65323450138
1577,2019,6,CA,2502,SERRANO,9qh0rw,33.828436,-117.79013,432.2297951659312,79810.54141080467
1578,2019,7,CA,2502,SERRANO,9qh0rw,33.828436,-117.79013,437.01146042355555,83186.0505066073
1579,2019,8,CA,2502,SERRANO,9qh0rw,33.828436,-117.79013,443.0363279505467,80590.03322438763
1580,2019,9,CA,2502,SERRANO,9qh0rw,33.828436,-117.79013,448.94551662939443,71516.63552863785
1581,2019,10,CA,2502,SERRANO,9qh0rw,33.828436,-117.79013,454.3640550854663,65410.14329756276
1582,2019,11,CA,2502,SERRANO,9qh0rw,33.828436,-117.79013,460.4273969573508,50815.04985500342
1583,2019,12,CA,2502,SERRANO,9qh0rw,33.828436,-117.79013,468.1814611714507,45338.00476218454
1584,2020,1,CA,2502,SERRANO,9qh0rw,33.828436,-117.79013,474.26746811619125,49042.54594388825
1585,2020,2,CA,2502,SERRANO,9qh0rw,33.828436,-117.79013,479.21756095810946,54935.75676962624
1586,2020,3,CA,2502,SERRANO,9qh0rw,33.828436,-117.79013,485.34449805699194,72554.22051286785
1587,2020,4,CA,2502,SERRANO,9qh0rw,33.828436,-117.79013,489.96346595190226,80648.47713567337
1588,2020,5,CA,2502,SERRANO,9qh0rw,33.828436,-117.79013,494.4577503647581,91250.51253533215
1589,2020,6,CA,2502,SERRANO,9qh0rw,33.828436,-117.79013,500.94154724506495,91480.5357039433
1590,2020,7,CA,2502,SERRANO,9qh0rw,33.828436,-117.79013,506.57696435539617,94879.69761954682
1591,2020,8,CA,2502,SERRANO,9qh0rw,33.828436,-117.79013,512.1639815584546,90318.35846073966
1592,2020,9,CA,2502,SERRANO,9qh0rw,33.828436,-117.79013,517.9654216065237,80142.78927659131
1593,2020,10,CA,2502,SERRANO,9qh0rw,33.828436,-117.79013,524.3567163384699,73059.7700280289
1594,2020,11,CA,2502,SERRANO,9qh0rw,33.828436,-117.79013,530.2316260132238,59236.535436932
1595,2020,12,CA,2502,SERRANO,9qh0rw,33.828436,-117.79013,539.5809429850033,53054.90813120021
1596,2021,1,CA,2502,SERRANO,9qh0rw,33.828436,-117.79013,544.9111746335142,56199.529511210814
1597,2021,2,CA,2502,SERRANO,9qh0rw,33.828436,-117.79013,550.6473822484197,60093.92582685393
1598,2021,3,CA,2502,SERRANO,9qh0rw,33.828436,-117.79013,555.0266529281369,84862.55207606769
1599,2021,4,CA,2502,SERRANO,9qh0rw,33.828436,-117.79013,563.6924874884397,94739.43253943724
1600,2021,5,CA,2502,SERRANO,9qh0rw,33.828436,-117.79013,570.0527776286234,104487.72273753928
1601,2021,6,CA,2502,SERRANO,9qh0rw,33.828436,-117.79013,577.4328937219447,105097.49838325067
1602,2021,7,CA,2502,SERRANO,9qh0rw,33.828436,-117.79013,583.6863049971255,107579.05249406755
1603,2021,8,CA,2502,SERRANO,9qh0rw,33.828436,-117.79013,591.0697978281634,101866.34349460715
1604,2021,9,CA,2502,SERRANO,9qh0rw,33.828436,-117.79013,598.8678619579658,90861.48809925145
1605,2021,10,CA,2502,SERRANO,9qh0rw,33.828436,-117.79013,605.6835000629779,81306.94927878695
1606,2021,11,CA,2502,SERRANO,9qh0rw,33.828436,-117.79013,613.5388152458863,68508.4098454523
1607,2021,12,CA,2502,SERRANO,9qh0rw,33.828436,-117.79013,622.4680353480921,59902.557607441304
1608,2022,1,CA,2502,SERRANO,9qh0rw,33.828436,-117.79013,629.4885800372771,67476.81212417019
1609,2022,2,CA,2502,SERRANO,9qh0rw,33.828436,-117.79013,636.9882633433853,72103.92118022752
1610,2022,3,CA,2502,SERRANO,9qh0rw,33.828436,-117.79013,646.0950179891814,103163.94260394343
1611,2022,4,CA,2502,SERRANO,9qh0rw,33.828436,-117.79013,655.1266146394346,112882.37430576167
1612,2022,5,CA,2502,SERRANO,9qh0rw,33.828436,-117.79013,663.7800166654167,125192.03630362188
1613,2022,6,CA,2502,SERRANO,9qh0rw,33.828436,-117.79013,672.1478285408741,125088.1716374953
1614,2022,7,CA,2502,SERRANO,9qh0rw,33.828436,-117.79013,681.1231462291822,128951.69894251156
1615,2022,8,CA,2502,SERRANO,9qh0rw,33.828436,-117.79013,690.8433927228724,125284.88820014967
1616,2022,9,CA,2502,SERRANO,9qh0rw,33.828436,-117.79013,699.6675246543189,112268.80095569823
1617,2022,10,CA,2502,SERRANO,9qh0rw,33.828436,-117.79013,710.1581789743445,105613.3803065233
1618,2022,11,CA,2502,SERRANO,9qh0rw,33.828436,-117.79013,720.1025180619615,83725.80381670392
1619,2022,12,CA,2502,SERRANO,9qh0rw,33.828436,-117.79013,726.30333408907,72321.59045157672
1620,2018,1,CA,2503,S.ONOFRE,9mumuf,33.370212,-117.557619,268.55499881640446,27640.00693473757
1621,2018,2,CA,2503,S.ONOFRE,9mumuf,33.370212,-117.557619,272.28017836563833,30284.47379198419
1622,2018,3,CA,2503,S.ONOFRE,9mumuf,33.370212,-117.557619,277.2135820511048,42117.15765932739
1623,2018,4,CA,2503,S.ONOFRE,9mumuf,33.370212,-117.557619,282.1345585188736,47890.550155131874
1624,2018,5,CA,2503,S.ONOFRE,9mumuf,33.370212,-117.557619,286.8787699193243,52741.44119024423
1625,2018,6,CA,2503,S.ONOFRE,9mumuf,33.370212,-117.557619,290.72725329091014,53944.02873594058
1626,2018,7,CA,2503,S.ONOFRE,9mumuf,33.370212,-117.557619,294.83662753793016,54824.19090802506
1627,2018,8,CA,2503,S.ONOFRE,9mumuf,33.370212,-117.557619,299.33140692601864,53161.50999732698
1628,2018,9,CA,2503,S.ONOFRE,9mumuf,33.370212,-117.557619,303.86310483421573,48228.62426054098
1629,2018,10,CA,2503,S.ONOFRE,9mumuf,33.370212,-117.557619,308.3176168091147,44076.40992417931
1630,2018,11,CA,2503,S.ONOFRE,9mumuf,33.370212,-117.557619,312.6301034388963,34865.61447519081
1631,2018,12,CA,2503,S.ONOFRE,9mumuf,33.370212,-117.557619,317.5102879680532,31469.113732001624
1632,2019,1,CA,2503,S.ONOFRE,9mumuf,33.370212,-117.557619,321.1731700363606,32836.54182441324
1633,2019,2,CA,2503,S.ONOFRE,9mumuf,33.370212,-117.557619,324.62922769584094,34514.72193681511
1634,2019,3,CA,2503,S.ONOFRE,9mumuf,33.370212,-117.557619,329.5014636474444,50393.630337484974
1635,2019,4,CA,2503,S.ONOFRE,9mumuf,33.370212,-117.557619,333.1656772033623,56555.42099711378
1636,2019,5,CA,2503,S.ONOFRE,9mumuf,33.370212,-117.557619,336.99963525556103,61527.35502896354
1637,2019,6,CA,2503,S.ONOFRE,9mumuf,33.370212,-117.557619,340.86663840936524,62940.48042173639
1638,2019,7,CA,2503,S.ONOFRE,9mumuf,33.370212,-117.557619,344.6375727146681,65602.48672318715
1639,2019,8,CA,2503,S.ONOFRE,9mumuf,33.370212,-117.557619,349.38892573048423,63555.20610038065
1640,2019,9,CA,2503,S.ONOFRE,9mumuf,33.370212,-117.557619,354.0490516709281,56399.71009781057
1641,2019,10,CA,2503,S.ONOFRE,9mumuf,33.370212,-117.557619,358.322239242146,51583.985909984985
1642,2019,11,CA,2503,S.ONOFRE,9mumuf,33.370212,-117.557619,363.10393403623715,40073.95005712134
1643,2019,12,CA,2503,S.ONOFRE,9mumuf,33.370212,-117.557619,369.21897245383605,35754.62276852253
1644,2020,1,CA,2503,S.ONOFRE,9mumuf,33.370212,-117.557619,374.01854146039506,38676.111554300565
1645,2020,2,CA,2503,S.ONOFRE,9mumuf,33.370212,-117.557619,377.9223017418703,43323.636981916716
1646,2020,3,CA,2503,S.ONOFRE,9mumuf,33.370212,-117.557619,382.754149235956,57217.974154555515
1647,2020,4,CA,2503,S.ONOFRE,9mumuf,33.370212,-117.557619,386.3967765533404,63601.29635097944
1648,2020,5,CA,2503,S.ONOFRE,9mumuf,33.370212,-117.557619,389.94107552809675,71962.31219809712
1649,2020,6,CA,2503,S.ONOFRE,9mumuf,33.370212,-117.557619,395.0543510853056,72143.7139087558
1650,2020,7,CA,2503,S.ONOFRE,9mumuf,33.370212,-117.557619,399.4985742923054,74824.3733832747
1651,2020,8,CA,2503,S.ONOFRE,9mumuf,33.370212,-117.557619,403.9046281878049,71227.19345006182
1652,2020,9,CA,2503,S.ONOFRE,9mumuf,33.370212,-117.557619,408.4797810098348,63202.49894613243
1653,2020,10,CA,2503,S.ONOFRE,9mumuf,33.370212,-117.557619,413.52010718523337,57616.662458114675
1654,2020,11,CA,2503,S.ONOFRE,9mumuf,33.370212,-117.557619,418.15319989237366,46715.332749452675
1655,2020,12,CA,2503,S.ONOFRE,9mumuf,33.370212,-117.557619,425.52629236132447,41840.35526485927
1656,2021,1,CA,2503,S.ONOFRE,9mumuf,33.370212,-117.557619,429.7298390957036,44320.27805329855
1657,2021,2,CA,2503,S.ONOFRE,9mumuf,33.370212,-117.557619,434.2535480782379,47391.49108764634
1658,2021,3,CA,2503,S.ONOFRE,9mumuf,33.370212,-117.557619,437.7071445030442,66924.6155089887
1659,2021,4,CA,2503,S.ONOFRE,9mumuf,33.370212,-117.557619,444.5412265784092,74713.75702392627
1660,2021,5,CA,2503,S.ONOFRE,9mumuf,33.370212,-117.557619,449.5571017995062,82401.4892146013
1661,2021,6,CA,2503,S.ONOFRE,9mumuf,33.370212,-117.557619,455.37723588543963,82882.37270958976
1662,2021,7,CA,2503,S.ONOFRE,9mumuf,33.370212,-117.557619,460.30882390598276,84839.38496845166
1663,2021,8,CA,2503,S.ONOFRE,9mumuf,33.370212,-117.557619,466.13162096713717,80334.20754978378
1664,2021,9,CA,2503,S.ONOFRE,9mumuf,33.370212,-117.557619,472.2813587588273,71655.51832763982
1665,2021,10,CA,2503,S.ONOFRE,9mumuf,33.370212,-117.557619,477.6563321536586,64120.583055458424
1666,2021,11,CA,2503,S.ONOFRE,9mumuf,33.370212,-117.557619,483.85121947977666,54027.35218155325
1667,2021,12,CA,2503,S.ONOFRE,9mumuf,33.370212,-117.557619,490.89301362237563,47240.57358408894
1668,2022,1,CA,2503,S.ONOFRE,9mumuf,33.370212,-117.557619,496.42958119538736,53213.8098219637
1669,2022,2,CA,2503,S.ONOFRE,9mumuf,33.370212,-117.557619,502.34400881300803,56862.85745156153
1670,2022,3,CA,2503,S.ONOFRE,9mumuf,33.370212,-117.557619,509.525810895254,81357.52489474526
1671,2022,4,CA,2503,S.ONOFRE,9mumuf,33.370212,-117.557619,516.648341604779,89021.70996911771
1672,2022,5,CA,2503,S.ONOFRE,9mumuf,33.370212,-117.557619,523.4726190895577,98729.40053578795
1673,2022,6,CA,2503,S.ONOFRE,9mumuf,33.370212,-117.557619,530.071673427619,98647.49040375161
1674,2022,7,CA,2503,S.ONOFRE,9mumuf,33.370212,-117.557619,537.149821216795,101694.35940628791
1675,2022,8,CA,2503,S.ONOFRE,9mumuf,33.370212,-117.557619,544.8154374789563,98802.62573727414
1676,2022,9,CA,2503,S.ONOFRE,9mumuf,33.370212,-117.557619,551.7743566048305,88537.83151466408
1677,2022,10,CA,2503,S.ONOFRE,9mumuf,33.370212,-117.557619,560.0475346984624,83289.20939454017
1678,2022,11,CA,2503,S.ONOFRE,9mumuf,33.370212,-117.557619,567.8898756798322,66028.14894832906
1679,2022,12,CA,2503,S.ONOFRE,9mumuf,33.370212,-117.557619,572.7799858439035,57034.51658667815
1680,2018,1,CA,2602,STA E,9q5f6t,34.176429,-118.360306,14.276546319753104,1469.359501856995
1681,2018,2,CA,2602,STA E,9q5f6t,34.176429,-118.360306,14.474579119806819,1609.9409609433083
1682,2018,3,CA,2602,STA E,9q5f6t,34.176429,-118.360306,14.736841846399196,2238.973598815032
1683,2018,4,CA,2602,STA E,9q5f6t,34.176429,-118.360306,14.998443934575347,2545.8906390925663
1684,2018,5,CA,2602,STA E,9q5f6t,34.176429,-118.360306,15.25064908475965,2803.766943239121
1685,2018,6,CA,2602,STA E,9q5f6t,34.176429,-118.360306,15.455236790657484,2867.6972252124956
1686,2018,7,CA,2602,STA E,9q5f6t,34.176429,-118.360306,15.673693613436233,2914.487179128971
1687,2018,8,CA,2602,STA E,9q5f6t,34.176429,-118.360306,15.9126388068377,2826.0980553324775
1688,2018,9,CA,2602,STA E,9q5f6t,34.176429,-118.360306,16.153546611118543,2563.8628632055193
1689,2018,10,CA,2602,STA E,9q5f6t,34.176429,-118.360306,16.39035116445704,2343.1286353420637
1690,2018,11,CA,2602,STA E,9q5f6t,34.176429,-118.360306,16.619605564467236,1853.477173076216
1691,2018,12,CA,2602,STA E,9q5f6t,34.176429,-118.360306,16.87903912849142,1672.9171373333468
1692,2019,1,CA,2602,STA E,9q5f6t,34.176429,-118.360306,17.07376015674431,1745.610442564251
1693,2019,2,CA,2602,STA E,9q5f6t,34.176429,-118.360306,17.25748627421286,1834.8235133065048
1694,2019,3,CA,2602,STA E,9q5f6t,34.176429,-118.360306,17.51649728704225,2678.955896946323
1695,2019,4,CA,2602,STA E,9q5f6t,34.176429,-118.360306,17.711289097982593,3006.5204187482504
1696,2019,5,CA,2602,STA E,9q5f6t,34.176429,-118.360306,17.915104629108214,3270.831441880559
1697,2019,6,CA,2602,STA E,9q5f6t,34.176429,-118.360306,18.12067685784062,3345.9540432637236
1698,2019,7,CA,2602,STA E,9q5f6t,34.176429,-118.360306,18.321142008426804,3487.4679098222737
1699,2019,8,CA,2602,STA E,9q5f6t,34.176429,-118.360306,18.573726811207443,3378.6332324941804
1700,2019,9,CA,2602,STA E,9q5f6t,34.176429,-118.360306,18.821461927432605,2998.242733074216
1701,2019,10,CA,2602,STA E,9q5f6t,34.176429,-118.360306,19.04862716569798,2742.2359198193676
1702,2019,11,CA,2602,STA E,9q5f6t,34.176429,-118.360306,19.302824955780576,2130.355445727857
1703,2019,12,CA,2602,STA E,9q5f6t,34.176429,-118.360306,19.62790410009248,1900.7373921536193
1704,2020,1,CA,2602,STA E,9q5f6t,34.176429,-118.360306,19.883052094130882,2056.045504669198
1705,2020,2,CA,2602,STA E,9q5f6t,34.176429,-118.360306,20.09057835402297,2303.1107700041116
1706,2020,3,CA,2602,STA E,9q5f6t,34.176429,-118.360306,20.347442291999627,3041.7421457062433
1707,2020,4,CA,2602,STA E,9q5f6t,34.176429,-118.360306,20.541086565431264,3381.0834181189603
1708,2020,5,CA,2602,STA E,9q5f6t,34.176429,-118.360306,20.729503644641007,3825.56008229444
1709,2020,6,CA,2602,STA E,9q5f6t,34.176429,-118.360306,21.001328468829286,3835.2035070532975
1710,2020,7,CA,2602,STA E,9q5f6t,34.176429,-118.360306,21.23758606503747,3977.708987584744
1711,2020,8,CA,2602,STA E,9q5f6t,34.176429,-118.360306,21.471814557538664,3786.480724609425
1712,2020,9,CA,2602,STA E,9q5f6t,34.176429,-118.360306,21.715032451346378,3359.883106646121
1713,2020,10,CA,2602,STA E,9q5f6t,34.176429,-118.360306,21.98297924223421,3062.9366572885706
1714,2020,11,CA,2602,STA E,9q5f6t,34.176429,-118.360306,22.229277255411088,2483.4153703323327
1715,2020,12,CA,2602,STA E,9q5f6t,34.176429,-118.360306,22.62123531471633,2224.2586159494763
1716,2021,1,CA,2602,STA E,9q5f6t,34.176429,-118.360306,22.844698403934927,2356.092812723333
1717,2021,2,CA,2602,STA E,9q5f6t,34.176429,-118.360306,23.08518151209105,2519.3603569356487
1718,2021,3,CA,2602,STA E,9q5f6t,34.176429,-118.360306,23.268776788834305,3557.7530764896755
1719,2021,4,CA,2602,STA E,9q5f6t,34.176429,-118.360306,23.63208072930068,3971.8285549548536
1720,2021,5,CA,2602,STA E,9q5f6t,34.176429,-118.360306,23.89872769265528,4380.513052349228
1721,2021,6,CA,2602,STA E,9q5f6t,34.176429,-118.360306,24.20812954416134,4406.077110068746
1722,2021,7,CA,2602,STA E,9q5f6t,34.176429,-118.360306,24.47029574890719,4510.113066521253
1723,2021,8,CA,2602,STA E,9q5f6t,34.176429,-118.360306,24.779839165788154,4270.615107519237
1724,2021,9,CA,2602,STA E,9q5f6t,34.176429,-118.360306,25.10676294983368,3809.2507344085175
1725,2021,10,CA,2602,STA E,9q5f6t,34.176429,-118.360306,25.392499789501333,3408.689013704222
1726,2021,11,CA,2602,STA E,9q5f6t,34.176429,-118.360306,25.721823750130486,2872.126750025117
1727,2021,12,CA,2602,STA E,9q5f6t,34.176429,-118.360306,26.0961697898395,2511.3374910813745
1728,2022,1,CA,2602,STA E,9q5f6t,34.176429,-118.360306,26.390497073848024,2828.8783456723772
1729,2022,2,CA,2602,STA E,9q5f6t,34.176429,-118.360306,26.704911626583698,3022.8639267881235
1730,2022,3,CA,2602,STA E,9q5f6t,34.176429,-118.360306,27.08670057312488,4325.015277091717
1731,2022,4,CA,2602,STA E,9q5f6t,34.176429,-118.360306,27.465338617609447,4732.447995528067
1732,2022,5,CA,2602,STA E,9q5f6t,34.176429,-118.360306,27.828121340104573,5248.5147030692115
1733,2022,6,CA,2602,STA E,9q5f6t,34.176429,-118.360306,28.178931063770552,5244.160310861926
1734,2022,7,CA,2602,STA E,9q5f6t,34.176429,-118.360306,28.555209685340028,5406.133711605313
1735,2022,8,CA,2602,STA E,9q5f6t,34.176429,-118.360306,28.96271848658567,5252.407399110612
1736,2022,9,CA,2602,STA E,9q5f6t,34.176429,-118.360306,29.332658840233226,4706.7247239502385
1737,2022,10,CA,2602,STA E,9q5f6t,34.176429,-118.360306,29.7724659962566,4427.704794538846
1738,2022,11,CA,2602,STA E,9q5f6t,34.176429,-118.360306,30.189369590564166,3510.0963714059
1739,2022,12,CA,2602,STA E,9q5f6t,34.176429,-118.360306,30.449330807349362,3031.9894303330284
1740,2018,1,CA,2608,CASTAIC,9q5sgb,34.589863,-118.663274,14.358098623647502,1477.7529641091198
1741,2018,2,CA,2608,CASTAIC,9q5sgb,34.589863,-118.663274,14.557262651851872,1619.1374704882833
1742,2018,3,CA,2608,CASTAIC,9q5sgb,34.589863,-118.663274,14.821023508951459,2251.763348608332
1743,2018,4,CA,2608,CASTAIC,9q5sgb,34.589863,-118.663274,15.084119953852026,2560.433599443832
1744,2018,5,CA,2608,CASTAIC,9q5sgb,34.589863,-118.663274,15.337765782376236,2819.7829774173406
1745,2018,6,CA,2608,CASTAIC,9q5sgb,34.589863,-118.663274,15.543522160191687,2884.07845007947
1746,2018,7,CA,2608,CASTAIC,9q5sgb,34.589863,-118.663274,15.76322687982168,2931.1356835224874
1747,2018,8,CA,2608,CASTAIC,9q5sgb,34.589863,-118.663274,16.003537006351223,2842.241652129761
1748,2018,9,CA,2608,CASTAIC,9q5sgb,34.589863,-118.663274,16.24582095483566,2578.5084867814676
1749,2018,10,CA,2608,CASTAIC,9q5sgb,34.589863,-118.663274,16.483978213265775,2356.513352783753
1750,2018,11,CA,2608,CASTAIC,9q5sgb,34.589863,-118.663274,16.714542189421348,1864.0648411504546
1751,2018,12,CA,2608,CASTAIC,9q5sgb,34.589863,-118.663274,16.97545772285045,1682.4733874037988
1752,2019,1,CA,2608,CASTAIC,9q5sgb,34.589863,-118.663274,17.17129106132985,1755.5819405795842
1753,2019,2,CA,2608,CASTAIC,9q5sgb,34.589863,-118.663274,17.356066682496948,1845.3046255726222
1754,2019,3,CA,2608,CASTAIC,9q5sgb,34.589863,-118.663274,17.61655725098057,2694.2589695896813
1755,2019,4,CA,2608,CASTAIC,9q5sgb,34.589863,-118.663274,17.812461776481296,3023.6946471199417
1756,2019,5,CA,2608,CASTAIC,9q5sgb,34.589863,-118.663274,18.017441568609573,3289.515501299504
1757,2019,6,CA,2608,CASTAIC,9q5sgb,34.589863,-118.663274,18.224188093176167,3365.0672275620427
1758,2019,7,CA,2608,CASTAIC,9q5sgb,34.589863,-118.663274,18.425798366295115,3507.38946763001
1759,2019,8,CA,2608,CASTAIC,9q5sgb,34.589863,-118.663274,18.67982601611552,3397.9330910140834
1760,2019,9,CA,2608,CASTAIC,9q5sgb,34.589863,-118.663274,18.92897627638401,3015.369676596861
1761,2019,10,CA,2608,CASTAIC,9q5sgb,34.589863,-118.663274,19.157439156819297,2757.9004686587336
1762,2019,11,CA,2608,CASTAIC,9q5sgb,34.589863,-118.663274,19.413089007852896,2142.524733090635
1763,2019,12,CA,2608,CASTAIC,9q5sgb,34.589863,-118.663274,19.74002511060369,1911.595026062871
1764,2020,1,CA,2608,CASTAIC,9q5sgb,34.589863,-118.663274,19.996630593469,2067.79030933428
1765,2020,2,CA,2608,CASTAIC,9q5sgb,34.589863,-118.663274,20.205342311260623,2316.2668923050605
1766,2020,3,CA,2608,CASTAIC,9q5sgb,34.589863,-118.663274,20.46367354009742,3059.1175721069417
1767,2020,4,CA,2608,CASTAIC,9q5sgb,34.589863,-118.663274,20.658423972979712,3400.397272900858
1768,2020,5,CA,2608,CASTAIC,9q5sgb,34.589863,-118.663274,20.847917352196365,3847.4129332158063
1769,2020,6,CA,2608,CASTAIC,9q5sgb,34.589863,-118.663274,21.12129492872206,3857.111444372236
1770,2020,7,CA,2608,CASTAIC,9q5sgb,34.589863,-118.663274,21.358902105623766,4000.430962836571
1771,2020,8,CA,2608,CASTAIC,9q5sgb,34.589863,-118.663274,21.594468587914186,3808.1103414528475
1772,2020,9,CA,2608,CASTAIC,9q5sgb,34.589863,-118.663274,21.839075821912736,3379.075858312099
1773,2020,10,CA,2608,CASTAIC,9q5sgb,34.589863,-118.663274,22.108553212542873,3080.433153674316
1774,2020,11,CA,2608,CASTAIC,9q5sgb,34.589863,-118.663274,22.356258160560245,2497.6014515064007
1775,2020,12,CA,2608,CASTAIC,9q5sgb,34.589863,-118.663274,22.750455212549735,2236.9643089458746
1776,2021,1,CA,2608,CASTAIC,9q5sgb,34.589863,-118.663274,22.975194796051543,2369.5515857881296
1777,2021,2,CA,2608,CASTAIC,9q5sgb,34.589863,-118.663274,23.217051622408036,2533.75176763447
1778,2021,3,CA,2608,CASTAIC,9q5sgb,34.589863,-118.663274,23.401695655444808,3578.0761261668704
1779,2021,4,CA,2608,CASTAIC,9q5sgb,34.589863,-118.663274,23.767074906892937,3994.5169392514085
1780,2021,5,CA,2608,CASTAIC,9q5sgb,34.589863,-118.663274,24.03524504494967,4405.535976217327
1781,2021,6,CA,2608,CASTAIC,9q5sgb,34.589863,-118.663274,24.346414301068467,4431.246064199151
1782,2021,7,CA,2608,CASTAIC,9q5sgb,34.589863,-118.663274,24.61007808495716,4535.876308075699
1783,2021,8,CA,2608,CASTAIC,9q5sgb,34.589863,-118.663274,24.921389715118604,4295.010258367628
1784,2021,9,CA,2608,CASTAIC,9q5sgb,34.589863,-118.663274,25.250180994788746,3831.010420998307
1785,2021,10,CA,2608,CASTAIC,9q5sgb,34.589863,-118.663274,25.537550056778272,3428.1605606807116
1786,2021,11,CA,2608,CASTAIC,9q5sgb,34.589863,-118.663274,25.86875522362603,2888.533277787171
1787,2021,12,CA,2608,CASTAIC,9q5sgb,34.589863,-118.663274,26.245239650400677,2525.683072545338
1788,2022,1,CA,2608,CASTAIC,9q5sgb,34.589863,-118.663274,26.541248228159965,2845.0378243977993
1789,2022,2,CA,2608,CASTAIC,9q5sgb,34.589863,-118.663274,26.857458819697968,3040.1315146253687
1790,2022,3,CA,2608,CASTAIC,9q5sgb,34.589863,-118.663274,27.24142866962394,4349.721179508555
1791,2022,4,CA,2608,CASTAIC,9q5sgb,34.589863,-118.663274,27.622229618509767,4759.481286945455
1792,2022,5,CA,2608,CASTAIC,9q5sgb,34.589863,-118.663274,27.98708467461905,5278.495936378187
1793,2022,6,CA,2608,CASTAIC,9q5sgb,34.589863,-118.663274,28.33989833821229,5274.116670457847
1794,2022,7,CA,2608,CASTAIC,9q5sgb,34.589863,-118.663274,28.718326386387325,5437.015316264317
1795,2022,8,CA,2608,CASTAIC,9q5sgb,34.589863,-118.663274,29.12816301124342,5282.410868773074
1796,2022,9,CA,2608,CASTAIC,9q5sgb,34.589863,-118.663274,29.50021658523627,4733.611075623667
1797,2022,10,CA,2608,CASTAIC,9q5sgb,34.589863,-118.663274,29.942536063640677,4452.997293079568
1798,2022,11,CA,2608,CASTAIC,9q5sgb,34.589863,-118.663274,30.361821147690662,3530.147190390282
1799,2022,12,CA,2608,CASTAIC,9q5sgb,34.589863,-118.663274,30.623267348005992,3049.3091460324063
1800,2018,1,CA,2609,GLENDAL,9q5fm0,34.146111,-118.255,19.701405574808376,2027.692610868347
1801,2018,2,CA,2609,GLENDAL,9q5fm0,34.146111,-118.255,19.974687671443682,2221.6927758750394
1802,2018,3,CA,2609,GLENDAL,9q5fm0,34.146111,-118.255,20.33660603937574,3089.7477550653225
1803,2018,4,CA,2609,GLENDAL,9q5fm0,34.146111,-118.255,20.697612736860002,3513.288361658758
1804,2018,5,CA,2609,GLENDAL,9q5fm0,34.146111,-118.255,21.045651810214988,3869.1535367742877
1805,2018,6,CA,2609,GLENDAL,9q5fm0,34.146111,-118.255,21.327979572072632,3957.376303363616
1806,2018,7,CA,2609,GLENDAL,9q5fm0,34.146111,-118.255,21.62944649339612,4021.945691385678
1807,2018,8,CA,2609,GLENDAL,9q5fm0,34.146111,-118.255,21.959187038477385,3899.970114287786
1808,2018,9,CA,2609,GLENDAL,9q5fm0,34.146111,-118.255,22.291635955181178,3538.0897434776034
1809,2018,10,CA,2609,GLENDAL,9q5fm0,34.146111,-118.255,22.61842245121405,3233.480039563211
1810,2018,11,CA,2609,GLENDAL,9q5fm0,34.146111,-118.255,22.93478985641491,2557.76885337457
1811,2018,12,CA,2609,GLENDAL,9q5fm0,34.146111,-118.255,23.292804025253954,2308.598892019821
1812,2019,1,CA,2609,GLENDAL,9q5fm0,34.146111,-118.255,23.56151592977431,2408.914490544223
1813,2019,2,CA,2609,GLENDAL,9q5fm0,34.146111,-118.255,23.815055033270546,2532.0271012486314
1814,2019,3,CA,2609,GLENDAL,9q5fm0,34.146111,-118.255,24.172486088219276,3696.916289182524
1815,2019,4,CA,2609,GLENDAL,9q5fm0,34.146111,-118.255,24.44129567171618,4148.950090033144
1816,2019,5,CA,2609,GLENDAL,9q5fm0,34.146111,-118.255,24.722557844738727,4513.695074428798
1817,2019,6,CA,2609,GLENDAL,9q5fm0,34.146111,-118.255,25.006244232361112,4617.363062787903
1818,2019,7,CA,2609,GLENDAL,9q5fm0,34.146111,-118.255,25.282882933826954,4812.649935192876
1819,2019,8,CA,2609,GLENDAL,9q5fm0,34.146111,-118.255,25.631445921692528,4662.459821238113
1820,2019,9,CA,2609,GLENDAL,9q5fm0,34.146111,-118.255,25.973316419679932,4137.5270162005545
1821,2019,10,CA,2609,GLENDAL,9q5fm0,34.146111,-118.255,26.286800815088068,3784.241708613977
1822,2019,11,CA,2609,GLENDAL,9q5fm0,34.146111,-118.255,26.63758969963139,2939.856441099827
1823,2019,12,CA,2609,GLENDAL,9q5fm0,34.146111,-118.255,27.086193719298187,2622.9871997970486
1824,2020,1,CA,2609,GLENDAL,9q5fm0,34.146111,-118.255,27.438293870102466,2837.309910990431
1825,2020,2,CA,2609,GLENDAL,9q5fm0,34.146111,-118.255,27.72467678947143,3178.2560254632313
1826,2020,3,CA,2609,GLENDAL,9q5fm0,34.146111,-118.255,28.07914491546481,4197.5555098806935
1827,2020,4,CA,2609,GLENDAL,9q5fm0,34.146111,-118.255,28.346370915554004,4665.841038210775
1828,2020,5,CA,2609,GLENDAL,9q5fm0,34.146111,-118.255,28.60638347122343,5279.211725583747
1829,2020,6,CA,2609,GLENDAL,9q5fm0,34.146111,-118.255,28.981497380896712,5292.519497509057
1830,2020,7,CA,2609,GLENDAL,9q5fm0,34.146111,-118.255,29.307529084838063,5489.174781336242
1831,2020,8,CA,2609,GLENDAL,9q5fm0,34.146111,-118.255,29.630760658118305,5225.282837033845
1832,2020,9,CA,2609,GLENDAL,9q5fm0,34.146111,-118.255,29.966397461420414,4636.584947466982
1833,2020,10,CA,2609,GLENDAL,9q5fm0,34.146111,-118.255,30.336159747166345,4226.803596868347
1834,2020,11,CA,2609,GLENDAL,9q5fm0,34.146111,-118.255,30.67604706593288,3427.0734900313314
1835,2020,12,CA,2609,GLENDAL,9q5fm0,34.146111,-118.255,31.216942918594597,3069.4413140698866
1836,2021,1,CA,2609,GLENDAL,9q5fm0,34.146111,-118.255,31.525318407532268,3251.3703969936173
1837,2021,2,CA,2609,GLENDAL,9q5fm0,34.146111,-118.255,31.85718125037676,3476.6769966212382
1838,2021,3,CA,2609,GLENDAL,9q5fm0,34.146111,-118.255,32.11053979576483,4909.642341016655
1839,2021,4,CA,2609,GLENDAL,9q5fm0,34.146111,-118.255,32.61189342273767,5481.059878361668
1840,2021,5,CA,2609,GLENDAL,9q5fm0,34.146111,-118.255,32.97986196727786,6045.037948055104
1841,2021,6,CA,2609,GLENDAL,9q5fm0,34.146111,-118.255,33.40683157362331,6080.315938823304
1842,2021,7,CA,2609,GLENDAL,9q5fm0,34.146111,-118.255,33.76861674295098,6223.883894722976
1843,2021,8,CA,2609,GLENDAL,9q5fm0,34.146111,-118.255,34.19578170724953,5893.380541954171
1844,2021,9,CA,2609,GLENDAL,9q5fm0,34.146111,-118.255,34.6469313002446,5256.705086361302
1845,2021,10,CA,2609,GLENDAL,9q5fm0,34.146111,-118.255,35.04124356876346,4703.936318580291
1846,2021,11,CA,2609,GLENDAL,9q5fm0,34.146111,-118.255,35.49570536705428,3963.4889767569275
1847,2021,12,CA,2609,GLENDAL,9q5fm0,34.146111,-118.255,36.01229691436894,3465.6055700641973
1848,2022,1,CA,2609,GLENDAL,9q5fm0,34.146111,-118.255,36.4184638586782,3903.806870487449
1849,2022,2,CA,2609,GLENDAL,9q5fm0,34.146111,-118.255,36.85235091254478,4171.503869721666
1850,2022,3,CA,2609,GLENDAL,9q5fm0,34.146111,-118.255,37.379213552242135,5968.451905859801
1851,2022,4,CA,2609,GLENDAL,9q5fm0,34.146111,-118.255,37.90172799749851,6530.702540612763
1852,2022,5,CA,2609,GLENDAL,9q5fm0,34.146111,-118.255,38.402362352007664,7242.866342782247
1853,2022,6,CA,2609,GLENDAL,9q5fm0,34.146111,-118.255,38.88647415963492,7236.857351182589
1854,2022,7,CA,2609,GLENDAL,9q5fm0,34.146111,-118.255,39.4057326390063,7460.378053522286
1855,2022,8,CA,2609,GLENDAL,9q5fm0,34.146111,-118.255,39.96808826681918,7248.238201057589
1856,2022,9,CA,2609,GLENDAL,9q5fm0,34.146111,-118.255,40.47860003783584,6495.204837266643
1857,2022,10,CA,2609,GLENDAL,9q5fm0,34.146111,-118.255,41.085526878645425,6110.161797467693
1858,2022,11,CA,2609,GLENDAL,9q5fm0,34.146111,-118.255,41.66084717061859,4843.876850246986
1859,2022,12,CA,2609,GLENDAL,9q5fm0,34.146111,-118.255,42.01958949182828,4184.096918655621
1860,2018,1,CA,2610,HAYNES,9mupsy,33.697565,-117.911364,14.514679047124742,1493.8684116331997
1861,2018,2,CA,2610,HAYNES,9mupsy,33.697565,-117.911364,14.71601503337837,1636.794768814635
1862,2018,3,CA,2610,HAYNES,9mupsy,33.697565,-117.911364,14.982652301051804,2276.3196682114667
1863,2018,4,CA,2610,HAYNES,9mupsy,33.697565,-117.911364,15.24861791086325,2588.3560833182623
1864,2018,5,CA,2610,HAYNES,9mupsy,33.697565,-117.911364,15.50502984180008,2850.533763039522
1865,2018,6,CA,2610,HAYNES,9mupsy,33.697565,-117.911364,15.713030069697355,2915.53040182406
1866,2018,7,CA,2610,HAYNES,9mupsy,33.697565,-117.911364,15.935130751281736,2963.100811958039
1867,2018,8,CA,2610,HAYNES,9mupsy,33.697565,-117.911364,16.178061549417194,2873.2373579805458
1868,2018,9,CA,2610,HAYNES,9mupsy,33.697565,-117.911364,16.422987694772523,2606.628084047288
1869,2018,10,CA,2610,HAYNES,9mupsy,33.697565,-117.911364,16.663742146978546,2382.2120102717954
1870,2018,11,CA,2610,HAYNES,9mupsy,33.697565,-117.911364,16.89682050933325,1884.3931638529928
1871,2018,12,CA,2610,HAYNES,9mupsy,33.697565,-117.911364,17.16058142401978,1700.8213875390668
1872,2019,1,CA,2610,HAYNES,9mupsy,33.697565,-117.911364,17.35855039813408,1774.7272167690242
1873,2019,2,CA,2610,HAYNES,9mupsy,33.697565,-117.911364,17.5453410664024,1865.4283611235676
1874,2019,3,CA,2610,HAYNES,9mupsy,33.697565,-117.911364,17.80867238174214,2723.6408690649296
1875,2019,4,CA,2610,HAYNES,9mupsy,33.697565,-117.911364,18.0067133191988,3056.6691655935883
1876,2019,5,CA,2610,HAYNES,9mupsy,33.697565,-117.911364,18.213928492452187,3325.388895383879
1877,2019,6,CA,2610,HAYNES,9mupsy,33.697565,-117.911364,18.422929665020412,3401.764541414815
1878,2019,7,CA,2610,HAYNES,9mupsy,33.697565,-117.911364,18.626738573402275,3545.638858620863
1879,2019,8,CA,2610,HAYNES,9mupsy,33.697565,-117.911364,18.883536489539022,3434.988819372297
1880,2019,9,CA,2610,HAYNES,9mupsy,33.697565,-117.911364,19.135403826370702,3048.2534081603394
1881,2019,10,CA,2610,HAYNES,9mupsy,33.697565,-117.911364,19.366358179772227,2787.976402430316
1882,2019,11,CA,2610,HAYNES,9mupsy,33.697565,-117.911364,19.624795987831753,2165.8897648271677
1883,2019,12,CA,2610,HAYNES,9mupsy,33.697565,-117.911364,19.955297450785213,1932.4416831686344
1884,2020,1,CA,2610,HAYNES,9mupsy,33.697565,-117.911364,20.214701312198184,2090.3403342912366
1885,2020,2,CA,2610,HAYNES,9mupsy,33.697565,-117.911364,20.42568910915691,2341.5266471228824
1886,2020,3,CA,2610,HAYNES,9mupsy,33.697565,-117.911364,20.686837536445182,3092.4783907962824
1887,2020,4,CA,2610,HAYNES,9mupsy,33.697565,-117.911364,20.88371179547273,3437.4798740821007
1888,2020,5,CA,2610,HAYNES,9mupsy,33.697565,-117.911364,21.07527167070265,3889.3704069848304
1889,2020,6,CA,2610,HAYNES,9mupsy,33.697565,-117.911364,21.35163053171619,3899.1746840245964
1890,2020,7,CA,2610,HAYNES,9mupsy,33.697565,-117.911364,21.59182890354946,4044.0571553200775
1891,2020,8,CA,2610,HAYNES,9mupsy,33.697565,-117.911364,21.829964326235185,3849.639205792217
1892,2020,9,CA,2610,HAYNES,9mupsy,33.697565,-117.911364,22.077239093400138,3415.925941510777
1893,2020,10,CA,2610,HAYNES,9mupsy,33.697565,-117.911364,22.3496552355355,3114.026426734947
1894,2020,11,CA,2610,HAYNES,9mupsy,33.697565,-117.911364,22.60006149844662,2524.8387273606113
1895,2020,12,CA,2610,HAYNES,9mupsy,33.697565,-117.911364,22.99855741638988,2261.3592394989587
1896,2021,1,CA,2610,HAYNES,9mupsy,33.697565,-117.911364,23.225747868915448,2395.3924300725394
1897,2021,2,CA,2610,HAYNES,9mupsy,33.697565,-117.911364,23.47024223421664,2561.3832761762064
1898,2021,3,CA,2610,HAYNES,9mupsy,33.697565,-117.911364,23.65689987933697,3617.0963815470836
1899,2021,4,CA,2610,HAYNES,9mupsy,33.697565,-117.911364,24.02626372787007,4038.0786371007935
1900,2021,5,CA,2610,HAYNES,9mupsy,33.697565,-117.911364,24.297358361354892,4453.579990044074
1901,2021,6,CA,2610,HAYNES,9mupsy,33.697565,-117.911364,24.611921034330145,4479.57045612953
1902,2021,7,CA,2610,HAYNES,9mupsy,33.697565,-117.911364,24.878460170173096,4585.341731860234
1903,2021,8,CA,2610,HAYNES,9mupsy,33.697565,-117.911364,25.193166769833063,4341.848947996537
1904,2021,9,CA,2610,HAYNES,9mupsy,33.697565,-117.911364,25.52554364110247,3872.7890192507025
1905,2021,10,CA,2610,HAYNES,9mupsy,33.697565,-117.911364,25.81604656995,3465.545930875571
1906,2021,11,CA,2610,HAYNES,9mupsy,33.697565,-117.911364,26.15086365273748,2920.0338110903135
1907,2021,12,CA,2610,HAYNES,9mupsy,33.697565,-117.911364,26.531453782678135,2553.2265889561468
1908,2022,1,CA,2610,HAYNES,9mupsy,33.697565,-117.911364,26.830690444438886,2876.0640235506094
1909,2022,2,CA,2610,HAYNES,9mupsy,33.697565,-117.911364,27.15034943047736,3073.285283272879
1910,2022,3,CA,2610,HAYNES,9mupsy,33.697565,-117.911364,27.538506614902126,4397.156512148884
1911,2022,4,CA,2610,HAYNES,9mupsy,33.697565,-117.911364,27.92346034023837,4811.385206466842
1912,2022,5,CA,2610,HAYNES,9mupsy,33.697565,-117.911364,28.29229427688685,5336.05990433142
1913,2022,6,CA,2610,HAYNES,9mupsy,33.697565,-117.911364,28.648955505140425,5331.632880882015
1914,2022,7,CA,2610,HAYNES,9mupsy,33.697565,-117.911364,29.031510452398138,5496.307997209606
1915,2022,8,CA,2610,HAYNES,9mupsy,33.697565,-117.911364,29.445816498586296,5340.017530525001
1916,2022,9,CA,2610,HAYNES,9mupsy,33.697565,-117.911364,29.82192745564212,4785.232870836648
1917,2022,10,CA,2610,HAYNES,9mupsy,33.697565,-117.911364,30.269070593018103,4501.5588902777545
1918,2022,11,CA,2610,HAYNES,9mupsy,33.697565,-117.911364,30.69292813737353,3568.6447628402952
1919,2022,12,CA,2610,HAYNES,9mupsy,33.697565,-117.911364,30.957225506066717,3082.563000175211
1920,2018,1,CA,2611,OLIVE,9q5g0q,34.31131,-118.455696,14.358098623647502,1477.7529641091198
1921,2018,2,CA,2611,OLIVE,9q5g0q,34.31131,-118.455696,14.557262651851872,1619.1374704882833
1922,2018,3,CA,2611,OLIVE,9q5g0q,34.31131,-118.455696,14.821023508951459,2251.763348608332
1923,2018,4,CA,2611,OLIVE,9q5g0q,34.31131,-118.455696,15.084119953852026,2560.433599443832
1924,2018,5,CA,2611,OLIVE,9q5g0q,34.31131,-118.455696,15.337765782376236,2819.7829774173406
1925,2018,6,CA,2611,OLIVE,9q5g0q,34.31131,-118.455696,15.543522160191687,2884.07845007947
1926,2018,7,CA,2611,OLIVE,9q5g0q,34.31131,-118.455696,15.76322687982168,2931.1356835224874
1927,2018,8,CA,2611,OLIVE,9q5g0q,34.31131,-118.455696,16.003537006351223,2842.241652129761
1928,2018,9,CA,2611,OLIVE,9q5g0q,34.31131,-118.455696,16.24582095483566,2578.5084867814676
1929,2018,10,CA,2611,OLIVE,9q5g0q,34.31131,-118.455696,16.483978213265775,2356.513352783753
1930,2018,11,CA,2611,OLIVE,9q5g0q,34.31131,-118.455696,16.714542189421348,1864.0648411504546
1931,2018,12,CA,2611,OLIVE,9q5g0q,34.31131,-118.455696,16.97545772285045,1682.4733874037988
1932,2019,1,CA,2611,OLIVE,9q5g0q,34.31131,-118.455696,17.17129106132985,1755.5819405795842
1933,2019,2,CA,2611,OLIVE,9q5g0q,34.31131,-118.455696,17.356066682496948,1845.3046255726222
1934,2019,3,CA,2611,OLIVE,9q5g0q,34.31131,-118.455696,17.61655725098057,2694.2589695896813
1935,2019,4,CA,2611,OLIVE,9q5g0q,34.31131,-118.455696,17.812461776481296,3023.6946471199417
1936,2019,5,CA,2611,OLIVE,9q5g0q,34.31131,-118.455696,18.017441568609573,3289.515501299504
1937,2019,6,CA,2611,OLIVE,9q5g0q,34.31131,-118.455696,18.224188093176167,3365.0672275620427
1938,2019,7,CA,2611,OLIVE,9q5g0q,34.31131,-118.455696,18.425798366295115,3507.38946763001
1939,2019,8,CA,2611,OLIVE,9q5g0q,34.31131,-118.455696,18.67982601611552,3397.9330910140834
1940,2019,9,CA,2611,OLIVE,9q5g0q,34.31131,-118.455696,18.92897627638401,3015.369676596861
1941,2019,10,CA,2611,OLIVE,9q5g0q,34.31131,-118.455696,19.157439156819297,2757.9004686587336
1942,2019,11,CA,2611,OLIVE,9q5g0q,34.31131,-118.455696,19.413089007852896,2142.524733090635
1943,2019,12,CA,2611,OLIVE,9q5g0q,34.31131,-118.455696,19.74002511060369,1911.595026062871
1944,2020,1,CA,2611,OLIVE,9q5g0q,34.31131,-118.455696,19.996630593469,2067.79030933428
1945,2020,2,CA,2611,OLIVE,9q5g0q,34.31131,-118.455696,20.205342311260623,2316.2668923050605
1946,2020,3,CA,2611,OLIVE,9q5g0q,34.31131,-118.455696,20.46367354009742,3059.1175721069417
1947,2020,4,CA,2611,OLIVE,9q5g0q,34.31131,-118.455696,20.658423972979712,3400.397272900858
1948,2020,5,CA,2611,OLIVE,9q5g0q,34.31131,-118.455696,20.847917352196365,3847.4129332158063
1949,2020,6,CA,2611,OLIVE,9q5g0q,34.31131,-118.455696,21.12129492872206,3857.111444372236
1950,2020,7,CA,2611,OLIVE,9q5g0q,34.31131,-118.455696,21.358902105623766,4000.430962836571
1951,2020,8,CA,2611,OLIVE,9q5g0q,34.31131,-118.455696,21.594468587914186,3808.1103414528475
1952,2020,9,CA,2611,OLIVE,9q5g0q,34.31131,-118.455696,21.839075821912736,3379.075858312099
1953,2020,10,CA,2611,OLIVE,9q5g0q,34.31131,-118.455696,22.108553212542873,3080.433153674316
1954,2020,11,CA,2611,OLIVE,9q5g0q,34.31131,-118.455696,22.356258160560245,2497.6014515064007
1955,2020,12,CA,2611,OLIVE,9q5g0q,34.31131,-118.455696,22.750455212549735,2236.9643089458746
1956,2021,1,CA,2611,OLIVE,9q5g0q,34.31131,-118.455696,22.975194796051543,2369.5515857881296
1957,2021,2,CA,2611,OLIVE,9q5g0q,34.31131,-118.455696,23.217051622408036,2533.75176763447
1958,2021,3,CA,2611,OLIVE,9q5g0q,34.31131,-118.455696,23.401695655444808,3578.0761261668704
1959,2021,4,CA,2611,OLIVE,9q5g0q,34.31131,-118.455696,23.767074906892937,3994.5169392514085
1960,2021,5,CA,2611,OLIVE,9q5g0q,34.31131,-118.455696,24.03524504494967,4405.535976217327
1961,2021,6,CA,2611,OLIVE,9q5g0q,34.31131,-118.455696,24.346414301068467,4431.246064199151
1962,2021,7,CA,2611,OLIVE,9q5g0q,34.31131,-118.455696,24.61007808495716,4535.876308075699
1963,2021,8,CA,2611,OLIVE,9q5g0q,34.31131,-118.455696,24.921389715118604,4295.010258367628
1964,2021,9,CA,2611,OLIVE,9q5g0q,34.31131,-118.455696,25.250180994788746,3831.010420998307
1965,2021,10,CA,2611,OLIVE,9q5g0q,34.31131,-118.455696,25.537550056778272,3428.1605606807116
1966,2021,11,CA,2611,OLIVE,9q5g0q,34.31131,-118.455696,25.86875522362603,2888.533277787171
1967,2021,12,CA,2611,OLIVE,9q5g0q,34.31131,-118.455696,26.245239650400677,2525.683072545338
1968,2022,1,CA,2611,OLIVE,9q5g0q,34.31131,-118.455696,26.541248228159965,2845.0378243977993
1969,2022,2,CA,2611,OLIVE,9q5g0q,34.31131,-118.455696,26.857458819697968,3040.1315146253687
1970,2022,3,CA,2611,OLIVE,9q5g0q,34.31131,-118.455696,27.24142866962394,4349.721179508555
1971,2022,4,CA,2611,OLIVE,9q5g0q,34.31131,-118.455696,27.622229618509767,4759.481286945455
1972,2022,5,CA,2611,OLIVE,9q5g0q,34.31131,-118.455696,27.98708467461905,5278.495936378187
1973,2022,6,CA,2611,OLIVE,9q5g0q,34.31131,-118.455696,28.33989833821229,5274.116670457847
1974,2022,7,CA,2611,OLIVE,9q5g0q,34.31131,-118.455696,28.718326386387325,5437.015316264317
1975,2022,8,CA,2611,OLIVE,9q5g0q,34.31131,-118.455696,29.12816301124342,5282.410868773074
1976,2022,9,CA,2611,OLIVE,9q5g0q,34.31131,-118.455696,29.50021658523627,4733.611075623667
1977,2022,10,CA,2611,OLIVE,9q5g0q,34.31131,-118.455696,29.942536063640677,4452.997293079568
1978,2022,11,CA,2611,OLIVE,9q5g0q,34.31131,-118.455696,30.361821147690662,3530.147190390282
1979,2022,12,CA,2611,OLIVE,9q5g0q,34.31131,-118.455696,30.623267348005992,3049.3091460324063
1980,2018,1,CA,2612,RINALDI,9q5epc,34.285768,-118.484219,17.398368512830615,1790.6612368683384
1981,2018,2,CA,2612,RINALDI,9q5epc,34.285768,-118.484219,17.639704726491413,1961.9833463249481
1982,2018,3,CA,2612,RINALDI,9q5epc,34.285768,-118.484219,17.959315888899834,2728.5652209025416
1983,2018,4,CA,2612,RINALDI,9q5epc,34.285768,-118.484219,18.278121952486604,3102.595161339016
1984,2018,5,CA,2612,RINALDI,9q5epc,34.285768,-118.484219,18.585476269522584,3416.860731581367
1985,2018,6,CA,2612,RINALDI,9q5epc,34.285768,-118.484219,18.834800736426757,3494.7705131202665
1986,2018,7,CA,2612,RINALDI,9q5epc,34.285768,-118.484219,19.10102705067112,3551.7919273127773
1987,2018,8,CA,2612,RINALDI,9q5epc,34.285768,-118.484219,19.39222188421544,3444.074940732496
1988,2018,9,CA,2612,RINALDI,9q5epc,34.285768,-118.484219,19.68580848860979,3124.4973336928224
1989,2018,10,CA,2612,RINALDI,9q5epc,34.285768,-118.484219,19.974394592855397,2855.495619009916
1990,2018,11,CA,2612,RINALDI,9q5epc,34.285768,-118.484219,20.25377956771073,2258.7731069580714
1991,2018,12,CA,2612,RINALDI,9q5epc,34.285768,-118.484219,20.56994292055501,2038.7303900302538
1992,2019,1,CA,2612,RINALDI,9q5epc,34.285768,-118.484219,20.807243184278715,2127.3193865912103
1993,2019,2,CA,2612,RINALDI,9q5epc,34.285768,-118.484219,21.03114430332784,2236.0404908534774
1994,2019,3,CA,2612,RINALDI,9q5epc,34.285768,-118.484219,21.34679270660113,3264.757517734083
1995,2019,4,CA,2612,RINALDI,9q5epc,34.285768,-118.484219,21.58417923091287,3663.9498808165877
1996,2019,5,CA,2612,RINALDI,9q5epc,34.285768,-118.484219,21.832562673220306,3986.057236437784
1997,2019,6,CA,2612,RINALDI,9q5epc,34.285768,-118.484219,22.08308694648531,4077.6067382033752
1998,2019,7,CA,2612,RINALDI,9q5epc,34.285768,-118.484219,22.327387387625812,4250.06514270241
1999,2019,8,CA,2612,RINALDI,9q5epc,34.285768,-118.484219,22.63520437508852,4117.431816636059
2000,2019,9,CA,2612,RINALDI,9q5epc,34.285768,-118.484219,22.937111205292315,3653.862131121063
2001,2019,10,CA,2612,RINALDI,9q5epc,34.285768,-118.484219,23.213950185822043,3341.874849390289
2002,2019,11,CA,2612,RINALDI,9q5epc,34.285768,-118.484219,23.52373286910904,2596.195765974986
2003,2019,12,CA,2612,RINALDI,9q5epc,34.285768,-118.484219,23.919896382461612,2316.367618199778
2004,2020,1,CA,2612,RINALDI,9q5epc,34.285768,-118.484219,24.23083704879403,2505.636627248525
2005,2020,2,CA,2612,RINALDI,9q5epc,34.285768,-118.484219,24.48374263708021,2806.7271316844353
2006,2020,3,CA,2612,RINALDI,9q5epc,34.285768,-118.484219,24.79677446918314,3706.8734683249745
2007,2020,4,CA,2612,RINALDI,9q5epc,34.285768,-118.484219,25.032762526385845,4120.417779169993
2008,2020,5,CA,2612,RINALDI,9q5epc,34.285768,-118.484219,25.262380369860118,4662.087215564355
2009,2020,6,CA,2612,RINALDI,9q5epc,34.285768,-118.484219,25.593644553524733,4673.839347622247
2010,2020,7,CA,2612,RINALDI,9q5epc,34.285768,-118.484219,25.88156409868099,4847.506200224662
2011,2020,8,CA,2612,RINALDI,9q5epc,34.285768,-118.484219,26.1670108403136,4614.462457375614
2012,2020,9,CA,2612,RINALDI,9q5epc,34.285768,-118.484219,26.463412676626508,4094.581640419762
2013,2020,10,CA,2612,RINALDI,9q5epc,34.285768,-118.484219,26.78995082564976,3732.702538934901
2014,2020,11,CA,2612,RINALDI,9q5epc,34.285768,-118.484219,27.09010630452075,3026.4585576756535
2015,2020,12,CA,2612,RINALDI,9q5epc,34.285768,-118.484219,27.567773003779173,2710.632543851601
2016,2021,1,CA,2612,RINALDI,9q5epc,34.285768,-118.484219,27.84010029415902,2871.2946456437553
2017,2021,2,CA,2612,RINALDI,9q5epc,34.285768,-118.484219,28.133169335025165,3070.2635584865266
2018,2021,3,CA,2612,RINALDI,9q5epc,34.285768,-118.484219,28.356911002684285,4335.719418132683
2019,2021,4,CA,2612,RINALDI,9q5epc,34.285768,-118.484219,28.799657847532313,4840.339905826965
2020,2021,5,CA,2612,RINALDI,9q5epc,34.285768,-118.484219,29.124611938484396,5338.390578020018
2021,2021,6,CA,2612,RINALDI,9q5epc,34.285768,-118.484219,29.501670038566097,5369.54467418066
2022,2021,7,CA,2612,RINALDI,9q5epc,34.285768,-118.484219,29.821163572899923,5496.329953225432
2023,2021,8,CA,2612,RINALDI,9q5epc,34.285768,-118.484219,30.198394194157693,5204.461481995625
2024,2021,9,CA,2612,RINALDI,9q5epc,34.285768,-118.484219,30.59680571071357,4642.211537065653
2025,2021,10,CA,2612,RINALDI,9q5epc,34.285768,-118.484219,30.945024020862643,4154.059831964234
2026,2021,11,CA,2612,RINALDI,9q5epc,34.285768,-118.484219,31.346360555540034,3500.168632756532
2027,2021,12,CA,2612,RINALDI,9q5epc,34.285768,-118.484219,31.80256405212133,3060.486349521881
2028,2022,1,CA,2612,RINALDI,9q5epc,34.285768,-118.484219,32.16125126090905,3447.463191281532
2029,2022,2,CA,2612,RINALDI,9q5epc,34.285768,-118.484219,32.544418178997866,3683.867189197865
2030,2022,3,CA,2612,RINALDI,9q5epc,34.285768,-118.484219,33.009692107108776,5270.757221608288
2031,2022,4,CA,2612,RINALDI,9q5epc,34.285768,-118.484219,33.47112613207358,5767.282390985707
2032,2022,5,CA,2612,RINALDI,9q5epc,34.285768,-118.484219,33.913237785318806,6396.196314136786
2033,2022,6,CA,2612,RINALDI,9q5epc,34.285768,-118.484219,34.340758329400266,6390.889756193781
2034,2022,7,CA,2612,RINALDI,9q5epc,34.285768,-118.484219,34.79931700143061,6588.2815379520025
2035,2022,8,CA,2612,RINALDI,9q5epc,34.285768,-118.484219,35.29593489048433,6400.940217789661
2036,2022,9,CA,2612,RINALDI,9q5epc,34.285768,-118.484219,35.74676931894982,5735.934266009049
2037,2022,10,CA,2612,RINALDI,9q5epc,34.285768,-118.484219,36.282748175719085,5395.901638677696
2038,2022,11,CA,2612,RINALDI,9q5epc,34.285768,-118.484219,36.790815197366385,4277.641722128041
2039,2022,12,CA,2612,RINALDI,9q5epc,34.285768,-118.484219,37.1076215836851,3694.9881473052005
2040,2018,1,CA,2613,RIVER,9q5cts,34.037697,-118.230212,46.92845775299169,4829.933918362784
2041,2018,2,CA,2613,RIVER,9q5cts,34.037697,-118.230212,47.579411680004775,5292.039452560363
2042,2018,3,CA,2613,RIVER,9q5cts,34.037697,-118.230212,48.44149589907433,7359.733621056334
2043,2018,4,CA,2613,RIVER,9q5cts,34.037697,-118.230212,49.301408532571905,8368.60110453231
2044,2018,5,CA,2613,RIVER,9q5cts,34.037697,-118.230212,50.130432476488586,9216.266707514678
2045,2018,6,CA,2613,RIVER,9q5cts,34.037697,-118.230212,50.80293304476147,9426.412037451608
2046,2018,7,CA,2613,RIVER,9q5cts,34.037697,-118.230212,51.52102280884123,9580.215368205045
2047,2018,8,CA,2613,RIVER,9q5cts,34.037697,-118.230212,52.306459928062864,9289.671341028909
2048,2018,9,CA,2613,RIVER,9q5cts,34.037697,-118.230212,53.098348348577936,8427.677630543722
2049,2018,10,CA,2613,RIVER,9q5cts,34.037697,-118.230212,53.87674896649811,7702.1018046454765
2050,2018,11,CA,2613,RIVER,9q5cts,34.037697,-118.230212,54.63033146359548,6092.567716639882
2051,2018,12,CA,2613,RIVER,9q5cts,34.037697,-118.230212,55.483115937959,5499.048540540964
2052,2019,1,CA,2613,RIVER,9q5cts,34.037697,-118.230212,56.12318373470208,5737.998817943405
2053,2019,2,CA,2613,RIVER,9q5cts,34.037697,-118.230212,56.72711014299695,6031.2512424145725
2054,2019,3,CA,2613,RIVER,9q5cts,34.037697,-118.230212,57.57850564866669,8806.000121894162
2055,2019,4,CA,2613,RIVER,9q5cts,34.037697,-118.230212,58.21880611529249,9882.737974205947
2056,2019,5,CA,2613,RIVER,9q5cts,34.037697,-118.230212,58.88876846666303,10751.555152037865
2057,2019,6,CA,2613,RIVER,9q5cts,34.037697,-118.230212,59.56450526148638,10998.490772624684
2058,2019,7,CA,2613,RIVER,9q5cts,34.037697,-118.230212,60.2234545717418,11463.661224883635
2059,2019,8,CA,2613,RIVER,9q5cts,34.037697,-118.230212,61.05372647230213,11105.910586692855
2060,2019,9,CA,2613,RIVER,9q5cts,34.037697,-118.230212,61.86805696059533,9855.528380670781
2061,2019,10,CA,2613,RIVER,9q5cts,34.037697,-118.230212,62.61477217085139,9014.007984124626
2062,2019,11,CA,2613,RIVER,9q5cts,34.037697,-118.230212,63.4503461244966,7002.694720036776
2063,2019,12,CA,2613,RIVER,9q5cts,34.037697,-118.230212,64.51891428857087,6247.916856739853
2064,2020,1,CA,2613,RIVER,9q5cts,34.037697,-118.230212,65.35761165912643,6758.4303964746
2065,2020,2,CA,2613,RIVER,9q5cts,34.037697,-118.230212,66.03977155283319,7570.559016858026
2066,2020,3,CA,2613,RIVER,9q5cts,34.037697,-118.230212,66.88410940539396,9998.515368017826
2067,2020,4,CA,2613,RIVER,9q5cts,34.037697,-118.230212,67.52063779967877,11113.964595695044
2068,2020,5,CA,2613,RIVER,9q5cts,34.037697,-118.230212,68.13998387565532,12575.004534191205
2069,2020,6,CA,2613,RIVER,9q5cts,34.037697,-118.230212,69.03349968069875,12606.703450809719
2070,2020,7,CA,2613,RIVER,9q5cts,34.037697,-118.230212,69.81010239497978,13075.13343891103
2071,2020,8,CA,2613,RIVER,9q5cts,34.037697,-118.230212,70.58003523928967,12446.546716378656
2072,2020,9,CA,2613,RIVER,9q5cts,34.037697,-118.230212,71.3795171587042,11044.27701867042
2073,2020,10,CA,2613,RIVER,9q5cts,34.037697,-118.230212,72.26028547441594,10068.18388021327
2074,2020,11,CA,2613,RIVER,9q5cts,34.037697,-118.230212,73.0698920590298,8163.238550805652
2075,2020,12,CA,2613,RIVER,9q5cts,34.037697,-118.230212,74.35829800925605,7311.3639778474035
2076,2021,1,CA,2613,RIVER,9q5cts,34.037697,-118.230212,75.09284387958593,7744.716372406686
2077,2021,2,CA,2613,RIVER,9q5cts,34.037697,-118.230212,75.88333628080471,8281.393372529701
2078,2021,3,CA,2613,RIVER,9q5cts,34.037697,-118.230212,76.4868326023467,11694.695706244824
2079,2021,4,CA,2613,RIVER,9q5cts,34.037697,-118.230212,77.68104955368891,13055.803859609397
2080,2021,5,CA,2613,RIVER,9q5cts,34.037697,-118.230212,78.55754520428171,14399.191310658287
2081,2021,6,CA,2613,RIVER,9q5cts,34.037697,-118.230212,79.57458051463612,14483.222964800407
2082,2021,7,CA,2613,RIVER,9q5cts,34.037697,-118.230212,80.4363474565929,14825.199720090195
2083,2021,8,CA,2613,RIVER,9q5cts,34.037697,-118.230212,81.45384810671275,14037.945604197816
2084,2021,9,CA,2613,RIVER,9q5cts,34.037697,-118.230212,82.5284797889426,12521.394051228363
2085,2021,10,CA,2613,RIVER,9q5cts,34.037697,-118.230212,83.46772580184306,11204.70699215102
2086,2021,11,CA,2613,RIVER,9q5cts,34.037697,-118.230212,84.55024710827765,9440.972335396169
2087,2021,12,CA,2613,RIVER,9q5cts,34.037697,-118.230212,85.78076056132322,8255.021397622908
2088,2022,1,CA,2613,RIVER,9q5cts,34.037697,-118.230212,86.74824423726213,9298.810437756842
2089,2022,2,CA,2613,RIVER,9q5cts,34.037697,-118.230212,87.78175680567418,9936.460745064307
2090,2022,3,CA,2613,RIVER,9q5cts,34.037697,-118.230212,89.03673584941723,14216.764486745442
2091,2022,4,CA,2613,RIVER,9q5cts,34.037697,-118.230212,90.28135755807826,15556.037213222156
2092,2022,5,CA,2613,RIVER,9q5cts,34.037697,-118.230212,91.47386121301139,17252.400895316732
2093,2022,6,CA,2613,RIVER,9q5cts,34.037697,-118.230212,92.62700840475337,17238.087565876765
2094,2022,7,CA,2613,RIVER,9q5cts,34.037697,-118.230212,93.86387445065729,17770.5105849775
2095,2022,8,CA,2613,RIVER,9q5cts,34.037697,-118.230212,95.2033972690555,17265.19658256718
2096,2022,9,CA,2613,RIVER,9q5cts,34.037697,-118.230212,96.41942878455276,15471.482206957187
2097,2022,10,CA,2613,RIVER,9q5cts,34.037697,-118.230212,97.86511957549352,14554.315360273238
2098,2022,11,CA,2613,RIVER,9q5cts,34.037697,-118.230212,99.23552403287012,11538.043276372735
2099,2022,12,CA,2613,RIVER,9q5cts,34.037697,-118.230212,100.09004295545023,9966.4572020498
2100,2018,1,CA,2614,STA BLD,9q5cw0,34.015353,-118.204015,20.086332449189932,2067.3097526983765
2101,2018,2,CA,2614,STA BLD,9q5cw0,34.015353,-118.204015,20.364953942696328,2265.100300927321
2102,2018,3,CA,2614,STA BLD,9q5cw0,34.015353,-118.204015,20.733943486622426,3150.115374089697
2103,2018,4,CA,2614,STA BLD,9q5cw0,34.015353,-118.204015,21.102003547845925,3581.931134516732
2104,2018,5,CA,2614,STA BLD,9q5cw0,34.015353,-118.204015,21.456842622965276,3944.749218095484
2105,2018,6,CA,2614,STA BLD,9q5cw0,34.015353,-118.204015,21.74468651627407,4034.695684735734
2106,2018,7,CA,2614,STA BLD,9q5cw0,34.015353,-118.204015,22.052043510735427,4100.526632123076
2107,2018,8,CA,2614,STA BLD,9q5cw0,34.015353,-118.204015,22.388226540181225,3976.167891170965
2108,2018,9,CA,2614,STA BLD,9q5cw0,34.015353,-118.204015,22.727170857525973,3607.21708675608
2109,2018,10,CA,2614,STA BLD,9q5cw0,34.015353,-118.204015,23.06034212159128,3296.655905887983
2110,2018,11,CA,2614,STA BLD,9q5cw0,34.015353,-118.204015,23.38289072619833,2607.7426466849765
2111,2018,12,CA,2614,STA BLD,9q5cw0,34.015353,-118.204015,23.747899790628566,2353.704392352355
2112,2019,1,CA,2614,STA BLD,9q5cw0,34.015353,-118.204015,24.02186179941805,2455.979961176596
2113,2019,2,CA,2614,STA BLD,9q5cw0,34.015353,-118.204015,24.280354560371453,2581.4979511447054
2114,2019,3,CA,2614,STA BLD,9q5cw0,34.015353,-118.204015,24.644769118008146,3769.146792059176
2115,2019,4,CA,2614,STA BLD,9q5cw0,34.015353,-118.204015,24.91883071423005,4230.012447947527
2116,2019,5,CA,2614,STA BLD,9q5cw0,34.015353,-118.204015,25.20558819918515,4601.88383488622
2117,2019,6,CA,2614,STA BLD,9q5cw0,34.015353,-118.204015,25.49481726314489,4707.577292675969
2118,2019,7,CA,2614,STA BLD,9q5cw0,34.015353,-118.204015,25.776860942965392,4906.67968804539
2119,2019,8,CA,2614,STA BLD,9q5cw0,34.015353,-118.204015,26.132234168858638,4753.555153452055
2120,2019,9,CA,2614,STA BLD,9q5cw0,34.015353,-118.204015,26.480784146730553,4218.366189627439
2121,2019,10,CA,2614,STA BLD,9q5cw0,34.015353,-118.204015,26.800393413180693,3858.1783791357834
2122,2019,11,CA,2614,STA BLD,9q5cw0,34.015353,-118.204015,27.15803602541275,2997.295477452137
2123,2019,12,CA,2614,STA BLD,9q5cw0,34.015353,-118.204015,27.6154048889111,2674.235231848717
2124,2020,1,CA,2614,STA BLD,9q5cw0,34.015353,-118.204015,27.974384386978382,2892.7453890096167
2125,2020,2,CA,2614,STA BLD,9q5cw0,34.015353,-118.204015,28.26636266763314,3240.3529227237104
2126,2020,3,CA,2614,STA BLD,9q5cw0,34.015353,-118.204015,28.627756406486395,4279.56752249199
2127,2020,4,CA,2614,STA BLD,9q5cw0,34.015353,-118.204015,28.90020347918268,4757.002432781332
2128,2020,5,CA,2614,STA BLD,9q5cw0,34.015353,-118.204015,29.165296170884723,5382.357181932597
2129,2020,6,CA,2614,STA BLD,9q5cw0,34.015353,-118.204015,29.547739071590613,5395.924961654445
2130,2020,7,CA,2614,STA BLD,9q5cw0,34.015353,-118.204015,29.880140796405392,5596.422504524863
2131,2020,8,CA,2614,STA BLD,9q5cw0,34.015353,-118.204015,30.209687681490763,5327.374628534796
2132,2020,9,CA,2614,STA BLD,9q5cw0,34.015353,-118.204015,30.551882170493617,4727.174735330399
2133,2020,10,CA,2614,STA BLD,9q5cw0,34.015353,-118.204015,30.928868887023228,4309.387059809065
2134,2020,11,CA,2614,STA BLD,9q5cw0,34.015353,-118.204015,31.275396938236895,3494.0317931729323
2135,2020,12,CA,2614,STA BLD,9q5cw0,34.015353,-118.204015,31.826860836368283,3129.4121850128868
2136,2021,1,CA,2614,STA BLD,9q5cw0,34.015353,-118.204015,32.1412613783227,3314.8958058594585
2137,2021,2,CA,2614,STA BLD,9q5cw0,34.015353,-118.204015,32.479608171072925,3544.6044551196746
2138,2021,3,CA,2614,STA BLD,9q5cw0,34.015353,-118.204015,32.73791684616639,5005.567135493015
2139,2021,4,CA,2614,STA BLD,9q5cw0,34.015353,-118.204015,33.24906594097313,5588.149052241405
2140,2021,5,CA,2614,STA BLD,9q5cw0,34.015353,-118.204015,33.62422387010737,6163.146148712526
2141,2021,6,CA,2614,STA BLD,9q5cw0,34.015353,-118.204015,34.059535626224935,6199.113402318817
2142,2021,7,CA,2614,STA BLD,9q5cw0,34.015353,-118.204015,34.428389369106824,6345.48639485996
2143,2021,8,CA,2614,STA BLD,9q5cw0,34.015353,-118.204015,34.86390030008924,6008.525653958574
2144,2021,9,CA,2614,STA BLD,9q5cw0,34.015353,-118.204015,35.32386447243251,5359.410807065108
2145,2021,10,CA,2614,STA BLD,9q5cw0,34.015353,-118.204015,35.72588083031062,4795.842020309322
2146,2021,11,CA,2614,STA BLD,9q5cw0,34.015353,-118.204015,36.18922192195326,4040.927787793821
2147,2021,12,CA,2614,STA BLD,9q5cw0,34.015353,-118.204015,36.71590665621769,3533.316714574103
2148,2022,1,CA,2614,STA BLD,9q5cw0,34.015353,-118.204015,37.130009307030555,3980.079610071441
2149,2022,2,CA,2614,STA BLD,9q5cw0,34.015353,-118.204015,37.57237366404412,4253.006884313462
2150,2022,3,CA,2614,STA BLD,9q5cw0,34.015353,-118.204015,38.109530167717686,6085.0637652672785
2151,2022,4,CA,2614,STA BLD,9q5cw0,34.015353,-118.204015,38.64225352174801,6658.299676102838
2152,2022,5,CA,2614,STA BLD,9q5cw0,34.015353,-118.204015,39.152669290916,7384.37776400061
2153,2022,6,CA,2614,STA BLD,9q5cw0,34.015353,-118.204015,39.64623969499992,7378.251368475336
2154,2022,7,CA,2614,STA BLD,9q5cw0,34.015353,-118.204015,40.17564346794955,7606.139227512787
2155,2022,8,CA,2614,STA BLD,9q5cw0,34.015353,-118.204015,40.74898642320375,7389.85457786441
2156,2022,9,CA,2614,STA BLD,9q5cw0,34.015353,-118.204015,41.26947259425022,6622.108417165222
2157,2022,10,CA,2614,STA BLD,9q5cw0,34.015353,-118.204015,41.888257596698274,6229.542390579902
2158,2022,11,CA,2614,STA BLD,9q5cw0,34.015353,-118.204015,42.474818520255646,4938.516715853269
2159,2022,12,CA,2614,STA BLD,9q5cw0,34.015353,-118.204015,42.84056996372757,4265.845976756683
2160,2018,1,CA,2615,STA E,9q5f6t,34.176429,-118.360306,117.21512638741652,12063.9232949792
2161,2018,2,CA,2615,STA E,9q5f6t,34.176429,-118.360306,118.84104060835337,13218.143168992443
2162,2018,3,CA,2615,STA E,9q5f6t,34.176429,-118.360306,120.99430358636789,18382.707377909548
2163,2018,4,CA,2615,STA E,9q5f6t,34.176429,-118.360306,123.14214250637008,20902.596912874134
2164,2018,5,CA,2615,STA E,9q5f6t,34.176429,-118.360306,125.21282948431991,23019.845924355013
2165,2018,6,CA,2615,STA E,9q5f6t,34.176429,-118.360306,126.89256163150921,23544.73450130195
2166,2018,7,CA,2615,STA E,9q5f6t,34.176429,-118.360306,128.686163775802,23928.895364801043
2167,2018,8,CA,2615,STA E,9q5f6t,34.176429,-118.360306,130.64798216078958,23203.1916767358
2168,2018,9,CA,2615,STA E,9q5f6t,34.176429,-118.360306,132.6259142246126,21050.154765710573
2169,2018,10,CA,2615,STA E,9q5f6t,34.176429,-118.360306,134.57015725279393,19237.854378939497
2170,2018,11,CA,2615,STA E,9q5f6t,34.176429,-118.360306,136.45241104654838,15217.655323103194
2171,2018,12,CA,2615,STA E,9q5f6t,34.176429,-118.360306,138.58244567223076,13735.198226260822
2172,2019,1,CA,2615,STA E,9q5f6t,34.176429,-118.360306,140.181169160794,14332.03409743858
2173,2019,2,CA,2615,STA E,9q5f6t,34.176429,-118.360306,141.68962082672306,15064.50266009048
2174,2019,3,CA,2615,STA E,9q5f6t,34.176429,-118.360306,143.81618616854692,21995.10631029904
2175,2019,4,CA,2615,STA E,9q5f6t,34.176429,-118.360306,145.41549080618293,24684.518438631672
2176,2019,5,CA,2615,STA E,9q5f6t,34.176429,-118.360306,147.0888831453058,26854.598602850037
2177,2019,6,CA,2615,STA E,9q5f6t,34.176429,-118.360306,148.77669854777974,27471.379791973894
2178,2019,7,CA,2615,STA E,9q5f6t,34.176429,-118.360306,150.4225831641257,28633.255037059032
2179,2019,8,CA,2615,STA E,9q5f6t,34.176429,-118.360306,152.49638721437483,27739.686650656266
2180,2019,9,CA,2615,STA E,9q5f6t,34.176429,-118.360306,154.5303737478515,24616.555925097517
2181,2019,10,CA,2615,STA E,9q5f6t,34.176429,-118.360306,156.39547483867076,22514.65604682039
2182,2019,11,CA,2615,STA E,9q5f6t,34.176429,-118.360306,158.48252204354748,17490.91672652033
2183,2019,12,CA,2615,STA E,9q5f6t,34.176429,-118.360306,161.15152840776258,15605.677217767605
2184,2020,1,CA,2615,STA E,9q5f6t,34.176429,-118.360306,163.24637709867653,16880.807745121892
2185,2020,2,CA,2615,STA E,9q5f6t,34.176429,-118.360306,164.95023573767403,18909.29458315383
2186,2020,3,CA,2615,STA E,9q5f6t,34.176429,-118.360306,167.05917289095777,24973.700365723656
2187,2020,4,CA,2615,STA E,9q5f6t,34.176429,-118.360306,168.64905586938394,27759.803478021142
2188,2020,5,CA,2615,STA E,9q5f6t,34.176429,-118.360306,170.19602186931633,31409.102629280238
2189,2020,6,CA,2615,STA E,9q5f6t,34.176429,-118.360306,172.42779280388626,31488.278308509678
2190,2020,7,CA,2615,STA E,9q5f6t,34.176429,-118.360306,174.36754513468728,32658.295029450204
2191,2020,8,CA,2615,STA E,9q5f6t,34.176429,-118.360306,176.290637858736,31088.248289050196
2192,2020,9,CA,2615,STA E,9q5f6t,34.176429,-118.360306,178.28753651502427,27585.741969510284
2193,2020,10,CA,2615,STA E,9q5f6t,34.176429,-118.360306,180.4874675246386,25147.714255231705
2194,2020,11,CA,2615,STA E,9q5f6t,34.176429,-118.360306,182.5096549708806,20389.654471487844
2195,2020,12,CA,2615,STA E,9q5f6t,34.176429,-118.360306,185.7277591559567,18261.892543723192
2196,2021,1,CA,2615,STA E,9q5f6t,34.176429,-118.360306,187.56246438921323,19344.29452603248
2197,2021,2,CA,2615,STA E,9q5f6t,34.176429,-118.360306,189.53690955859972,20684.774597415788
2198,2021,3,CA,2615,STA E,9q5f6t,34.176429,-118.360306,191.0442869792731,29210.319301031708
2199,2021,4,CA,2615,STA E,9q5f6t,34.176429,-118.360306,194.02713145335235,32610.01474943797
2200,2021,5,CA,2615,STA E,9q5f6t,34.176429,-118.360306,196.21639045272158,35965.448475617195
2201,2021,6,CA,2615,STA E,9q5f6t,34.176429,-118.360306,198.75668110261108,36175.33777163149
2202,2021,7,CA,2615,STA E,9q5f6t,34.176429,-118.360306,200.9091516046173,37029.507086204714
2203,2021,8,CA,2615,STA E,9q5f6t,34.176429,-118.360306,203.45060455265232,35063.150314391634
2204,2021,9,CA,2615,STA E,9q5f6t,34.176429,-118.360306,206.13475601391494,31275.197535504183
2205,2021,10,CA,2615,STA E,9q5f6t,34.176429,-118.360306,208.48074915714764,27986.45446930811
2206,2021,11,CA,2615,STA E,9q5f6t,34.176429,-118.360306,211.18460685514992,23581.102352399754
2207,2021,12,CA,2615,STA E,9q5f6t,34.176429,-118.360306,214.25811058457853,20618.904238154115
2208,2022,1,CA,2615,STA E,9q5f6t,34.176429,-118.360306,216.6746340925498,23226.018772049058
2209,2022,2,CA,2615,STA E,9q5f6t,34.176429,-118.360306,219.2560806631369,24818.70399847235
2210,2022,3,CA,2615,STA E,9q5f6t,34.176429,-118.360306,222.39069309809432,35509.79354372172
2211,2022,4,CA,2615,STA E,9q5f6t,34.176429,-118.360306,225.49943559402524,38854.94975421279
2212,2022,5,CA,2615,STA E,9q5f6t,34.176429,-118.360306,228.47800069765967,43092.026634990165
2213,2022,6,CA,2615,STA E,9q5f6t,34.176429,-118.360306,231.35826355510918,43056.27564721722
2214,2022,7,CA,2615,STA E,9q5f6t,34.176429,-118.360306,234.44763441528173,44386.130376387046
2215,2022,8,CA,2615,STA E,9q5f6t,34.176429,-118.360306,237.79341529058368,43123.98694585675
2216,2022,9,CA,2615,STA E,9q5f6t,34.176429,-118.360306,240.83074689287795,38643.75326021751
2217,2022,10,CA,2615,STA E,9q5f6t,34.176429,-118.360306,244.4417078511345,36352.90815258016
2218,2022,11,CA,2615,STA E,9q5f6t,34.176429,-118.360306,247.86462305791085,28819.04212625214
2219,2022,12,CA,2615,STA E,9q5f6t,34.176429,-118.360306,249.99898988577198,24893.62737471531
2220,2018,1,CA,2616,STA F,9q5cw0,34.015353,-118.204015,17.12435277174544,1762.4592037011982
2221,2018,2,CA,2616,STA F,9q5cw0,34.015353,-118.204015,17.361888058820035,1931.0830742538321
2222,2018,3,CA,2616,STA F,9q5cw0,34.015353,-118.204015,17.676465502724227,2685.5916615970546
2223,2018,4,CA,2616,STA F,9q5cw0,34.015353,-118.204015,17.990250527716963,3053.730814558763
2224,2018,5,CA,2616,STA F,9q5cw0,34.015353,-118.204015,18.29276416553085,3363.0468567425487
2225,2018,6,CA,2616,STA F,9q5cw0,34.015353,-118.204015,18.538161894791834,3439.7295975672328
2226,2018,7,CA,2616,STA F,9q5cw0,34.015353,-118.204015,18.80019527561602,3495.852952550562
2227,2018,8,CA,2616,STA F,9q5cw0,34.015353,-118.204015,19.086803933849993,3389.8324554936225
2228,2018,9,CA,2616,STA F,9q5cw0,34.015353,-118.204015,19.375766693720276,3075.2880384776354
2229,2018,10,CA,2616,STA F,9q5cw0,34.015353,-118.204015,19.659807708858047,2810.522968405841
2230,2018,11,CA,2616,STA F,9q5cw0,34.015353,-118.204015,19.934792507864902,2223.1985422286293
2231,2018,12,CA,2616,STA F,9q5cw0,34.015353,-118.204015,20.245976443508674,2006.6213897935345
2232,2019,1,CA,2616,STA F,9q5cw0,34.015353,-118.204015,20.479539344871302,2093.8151532596903
2233,2019,2,CA,2616,STA F,9q5cw0,34.015353,-118.204015,20.69991413149329,2200.823953639323
2234,2019,3,CA,2616,STA F,9q5cw0,34.015353,-118.204015,21.010591227768373,3213.3391936523985
2235,2019,4,CA,2616,STA F,9q5cw0,34.015353,-118.204015,21.244239031157232,3606.244473487705
2236,2019,5,CA,2616,STA F,9q5cw0,34.015353,-118.204015,21.48871055649573,3923.2787967901277
2237,2019,6,CA,2616,STA F,9q5cw0,34.015353,-118.204015,21.735289195757872,4013.3864389610226
2238,2019,7,CA,2616,STA F,9q5cw0,34.015353,-118.204015,21.97574202518828,4183.128708468416
2239,2019,8,CA,2616,STA F,9q5cw0,34.015353,-118.204015,22.27871104659739,4052.5842920091854
2240,2019,9,CA,2616,STA F,9q5cw0,34.015353,-118.204015,22.575862992815598,3596.315600884976
2241,2019,10,CA,2616,STA F,9q5cw0,34.015353,-118.204015,22.84834189565441,3289.2419652900194
2242,2019,11,CA,2616,STA F,9q5cw0,34.015353,-118.204015,23.153245654146037,2555.3069604360526
2243,2019,12,CA,2616,STA F,9q5cw0,34.015353,-118.204015,23.543169787143942,2279.8859682646917
2244,2020,1,CA,2616,STA F,9q5cw0,34.015353,-118.204015,23.84921329101795,2466.17408357385
2245,2020,2,CA,2616,STA F,9q5cw0,34.015353,-118.204015,24.098135740761702,2762.5225607532466
2246,2020,3,CA,2616,STA F,9q5cw0,34.015353,-118.204015,24.406237475574557,3648.4920356186276
2247,2020,4,CA,2616,STA F,9q5cw0,34.015353,-118.204015,24.638508837023057,4055.5232271028176
2248,2020,5,CA,2616,STA F,9q5cw0,34.015353,-118.204015,24.864510312474113,4588.6616364685615
2249,2020,6,CA,2616,STA F,9q5cw0,34.015353,-118.204015,25.190557248285007,4600.228678230615
2250,2020,7,CA,2616,STA F,9q5cw0,34.015353,-118.204015,25.473942202311022,4771.160363378525
2251,2020,8,CA,2616,STA F,9q5cw0,34.015353,-118.204015,25.75489329825185,4541.786944781716
2252,2020,9,CA,2616,STA F,9q5cw0,34.015353,-118.204015,26.046626951523546,4030.0939948220753
2253,2020,10,CA,2616,STA F,9q5cw0,34.015353,-118.204015,26.368022285412657,3673.914311078796
2254,2020,11,CA,2616,STA F,9q5cw0,34.015353,-118.204015,26.663450463219583,2978.793324930785
2255,2020,12,CA,2616,STA F,9q5cw0,34.015353,-118.204015,27.13359414705892,2667.9414153837024
2256,2021,1,CA,2616,STA F,9q5cw0,34.015353,-118.204015,27.401632416647182,2826.073168146038
2257,2021,2,CA,2616,STA F,9q5cw0,34.015353,-118.204015,27.6900857643601,3021.908418538487
2258,2021,3,CA,2616,STA F,9q5cw0,34.015353,-118.204015,27.910303610872997,4267.433971217309
2259,2021,4,CA,2616,STA F,9q5cw0,34.015353,-118.204015,28.346077410822325,4764.106934590542
2260,2021,5,CA,2616,STA F,9q5cw0,34.015353,-118.204015,28.665913634775254,5254.313553823209
2261,2021,6,CA,2616,STA F,9q5cw0,34.015353,-118.204015,29.03703325535815,5284.976988302497
2262,2021,7,CA,2616,STA F,9q5cw0,34.015353,-118.204015,29.35149492377203,5409.765461602495
2263,2021,8,CA,2616,STA F,9q5cw0,34.015353,-118.204015,29.722784348407384,5122.4937751450325
2264,2021,9,CA,2616,STA F,9q5cw0,34.015353,-118.204015,30.114921079664548,4569.09899012396
2265,2021,10,CA,2616,STA F,9q5cw0,34.015353,-118.204015,30.457655122812117,4088.635434123229
2266,2021,11,CA,2616,STA F,9q5cw0,34.015353,-118.204015,30.85267080459499,3445.0426994760314
2267,2021,12,CA,2616,STA F,9q5cw0,34.015353,-118.204015,31.301689320635774,3012.2851958029646
2268,2022,1,CA,2616,STA F,9q5cw0,34.015353,-118.204015,31.65472738242093,3393.1673427641135
2269,2022,2,CA,2616,STA F,9q5cw0,34.015353,-118.204015,32.03185961013392,3625.8480940647214
2270,2022,3,CA,2616,STA F,9q5cw0,34.015353,-118.204015,32.48980570287194,5187.74538948771
2271,2022,4,CA,2616,STA F,9q5cw0,34.015353,-118.204015,32.94397236904851,5676.4505318232805
2272,2022,5,CA,2616,STA F,9q5cw0,34.015353,-118.204015,33.379120981350155,6295.4593702186285
2273,2022,6,CA,2616,STA F,9q5cw0,34.015353,-118.204015,33.79990828727602,6290.236387951486
2274,2022,7,CA,2616,STA F,9q5cw0,34.015353,-118.204015,34.25124488591168,6484.519346297747
2275,2022,8,CA,2616,STA F,9q5cw0,34.015353,-118.204015,34.740041287634284,6300.1285597237875
2276,2022,9,CA,2616,STA F,9q5cw0,34.015353,-118.204015,35.183775295739586,5645.596124386331
2277,2022,10,CA,2616,STA F,9q5cw0,34.015353,-118.204015,35.71131274930858,5310.918843580868
2278,2022,11,CA,2616,STA F,9q5cw0,34.015353,-118.204015,36.21137796542136,4210.270970340517
2279,2022,12,CA,2616,STA F,9q5cw0,34.015353,-118.204015,36.52319480707882,3636.7939025552914
2280,2018,1,CA,2617,STA G,9q5fj1,34.10948,-118.254629,17.691956806850442,1820.877700975988
2281,2018,2,CA,2617,STA G,9q5fj1,34.10948,-118.254629,17.9373654418536,1995.0907806868577
2282,2018,3,CA,2617,STA G,9q5fj1,34.10948,-118.254629,18.26236987408798,2774.60832015842
2283,2018,4,CA,2617,STA G,9q5fj1,34.10948,-118.254629,18.586555621882646,3154.9498186035726
2284,2018,5,CA,2617,STA G,9q5fj1,34.10948,-118.254629,18.899096380942296,3474.518454622957
2285,2018,6,CA,2617,STA G,9q5fj1,34.10948,-118.254629,19.152628066749884,3553.7429226413733
2286,2018,7,CA,2617,STA G,9q5fj1,34.10948,-118.254629,19.423346809658725,3611.726543129436
2287,2018,8,CA,2617,STA G,9q5fj1,34.10948,-118.254629,19.71945540246413,3502.191889202717
2288,2018,9,CA,2617,STA G,9q5fj1,34.10948,-118.254629,20.017996125991413,3177.2215785662365
2289,2018,10,CA,2617,STA G,9q5fj1,34.10948,-118.254629,20.31145196856684,2903.680601799996
2290,2018,11,CA,2617,STA G,9q5fj1,34.10948,-118.254629,20.59555141754554,2296.8887120253303
2291,2018,12,CA,2617,STA G,9q5fj1,34.10948,-118.254629,20.91704986024751,2073.1328902838814
2292,2019,1,CA,2617,STA G,9q5fj1,34.10948,-118.254629,21.15835444078665,2163.2167794464103
2293,2019,2,CA,2617,STA G,9q5fj1,34.10948,-118.254629,21.38603377315056,2273.7724950115
2294,2019,3,CA,2617,STA G,9q5fj1,34.10948,-118.254629,21.707008576779078,3319.8485792501733
2295,2019,4,CA,2617,STA G,9q5fj1,34.10948,-118.254629,21.94840087350819,3725.7771029546752
2296,2019,5,CA,2617,STA G,9q5fj1,34.10948,-118.254629,22.200975655425204,4053.319850345987
2297,2019,6,CA,2617,STA G,9q5fj1,34.10948,-118.254629,22.455727393693273,4146.414201677323
2298,2019,7,CA,2617,STA G,9q5fj1,34.10948,-118.254629,22.704150275951736,4321.78275081026
2299,2019,8,CA,2617,STA G,9q5fj1,34.10948,-118.254629,23.017161512757585,4186.911307307709
2300,2019,9,CA,2617,STA G,9q5fj1,34.10948,-118.254629,23.324162861517365,3715.519127802585
2301,2019,10,CA,2617,STA G,9q5fj1,34.10948,-118.254629,23.605673353858787,3398.2672252120055
2302,2019,11,CA,2617,STA G,9q5fj1,34.10948,-118.254629,23.920683456569396,2640.0052004809854
2303,2019,12,CA,2617,STA G,9q5fj1,34.10948,-118.254629,24.32353202030197,2355.4551002730846
2304,2020,1,CA,2617,STA G,9q5fj1,34.10948,-118.254629,24.63971964641125,2547.917924042819
2305,2020,2,CA,2617,STA G,9q5fj1,34.10948,-118.254629,24.896892883135745,2854.089171967851
2306,2020,3,CA,2617,STA G,9q5fj1,34.10948,-118.254629,25.215206962335195,3769.425003367488
2307,2020,4,CA,2617,STA G,9q5fj1,34.10948,-118.254629,25.455177193560257,4189.947656384824
2308,2020,5,CA,2617,STA G,9q5fj1,34.10948,-118.254629,25.68866971705941,4740.7574788812735
2309,2020,6,CA,2617,STA G,9q5fj1,34.10948,-118.254629,26.025523809138726,4752.707921970424
2310,2020,7,CA,2617,STA G,9q5fj1,34.10948,-118.254629,26.318301844791662,4929.305311131237
2311,2020,8,CA,2617,STA G,9q5fj1,34.10948,-118.254629,26.608565349665476,4692.329078011931
2312,2020,9,CA,2617,STA G,9q5fj1,34.10948,-118.254629,26.90996881066539,4163.675546417283
2313,2020,10,CA,2617,STA G,9q5fj1,34.10948,-118.254629,27.24201711876094,3795.689925923584
2314,2020,11,CA,2617,STA G,9q5fj1,34.10948,-118.254629,27.547237563057703,3077.528449902298
2315,2020,12,CA,2617,STA G,9q5fj1,34.10948,-118.254629,28.03296463597944,2756.3730386386346
2316,2021,1,CA,2617,STA G,9q5fj1,34.10948,-118.254629,28.309887305778837,2919.7462286770237
2317,2021,2,CA,2617,STA G,9q5fj1,34.10948,-118.254629,28.6079017321663,3122.0726370022826
2318,2021,3,CA,2617,STA G,9q5fj1,34.10948,-118.254629,28.835418922482088,4408.882396970583
2319,2021,4,CA,2617,STA G,9q5fj1,34.10948,-118.254629,29.28563688686444,4922.018089294562
2320,2021,5,CA,2617,STA G,9q5fj1,34.10948,-118.254629,29.616074406744186,5428.473103945171
2321,2021,6,CA,2617,STA G,9q5fj1,34.10948,-118.254629,29.999495163431746,5460.152909050119
2322,2021,7,CA,2617,STA G,9q5fj1,34.10948,-118.254629,30.3243799826798,5589.077622821436
2323,2021,8,CA,2617,STA G,9q5fj1,34.10948,-118.254629,30.7079761717473,5292.28402504983
2324,2021,9,CA,2617,STA G,9q5fj1,34.10948,-118.254629,31.1131106725518,4720.546408788894
2325,2021,10,CA,2617,STA G,9q5fj1,34.10948,-118.254629,31.46720498305963,4224.157401079595
2326,2021,11,CA,2617,STA G,9q5fj1,34.10948,-118.254629,31.875313860124002,3559.2321326999254
2327,2021,12,CA,2617,STA G,9q5fj1,34.10948,-118.254629,32.33921555014156,3112.1304427921477
2328,2022,1,CA,2617,STA G,9q5fj1,34.10948,-118.254629,32.70395541643203,3505.637314693051
2329,2022,2,CA,2617,STA G,9q5fj1,34.10948,-118.254629,33.09358807420923,3746.030505411947
2330,2022,3,CA,2617,STA G,9q5fj1,34.10948,-118.254629,33.56671325450538,5359.698470308906
2331,2022,4,CA,2617,STA G,9q5fj1,34.10948,-118.254629,34.035933735314714,5864.602240088306
2332,2022,5,CA,2617,STA G,9q5fj1,34.10948,-118.254629,34.48550578957092,6504.128754049097
2333,2022,6,CA,2617,STA G,9q5fj1,34.10948,-118.254629,34.92024051739052,6498.732650739096
2334,2022,7,CA,2617,STA G,9q5fj1,34.10948,-118.254629,35.386537125200874,6699.455314724418
2335,2022,8,CA,2617,STA G,9q5fj1,34.10948,-118.254629,35.89153517925223,6508.952708574524
2336,2022,9,CA,2617,STA G,9q5fj1,34.10948,-118.254629,36.34997720096079,5832.725132033387
2337,2022,10,CA,2617,STA G,9q5fj1,34.10948,-118.254629,36.89500041830176,5486.954633424296
2338,2022,11,CA,2617,STA G,9q5fj1,34.10948,-118.254629,37.41164080302177,4349.824670471815
2339,2022,12,CA,2617,STA G,9q5fj1,34.10948,-118.254629,37.73379313004896,3757.339123822959
2340,2018,1,CA,2618,STA J,9q5dy2,34.234263,-118.550256,127.98818573186634,13172.699658484906
2341,2018,2,CA,2618,STA J,9q5dy2,34.234263,-118.550256,129.76353519150476,14433.002079883629
2342,2018,3,CA,2618,STA J,9q5dy2,34.234263,-118.550256,132.11470120952185,20072.233325604426
2343,2018,4,CA,2618,STA J,9q5dy2,34.234263,-118.550256,134.4599446528193,22823.721975276327
2344,2018,5,CA,2618,STA J,9q5dy2,34.234263,-118.550256,136.72094523947098,25135.56403929782
2345,2018,6,CA,2618,STA J,9q5dy2,34.234263,-118.550256,138.55505894697734,25708.694306229238
2346,2018,7,CA,2618,STA J,9q5dy2,34.234263,-118.550256,140.51350826531944,26128.16279518455
2347,2018,8,CA,2618,STA J,9q5dy2,34.234263,-118.550256,142.65563431652626,25335.760813656972
2348,2018,9,CA,2618,STA J,9q5dy2,34.234263,-118.550256,144.81535502964377,22984.84164009335
2349,2018,10,CA,2618,STA J,9q5dy2,34.234263,-118.550256,146.93829040042775,21005.9755529866
2350,2018,11,CA,2618,STA J,9q5dy2,34.234263,-118.550256,148.99353920298685,16616.286275710117
2351,2018,12,CA,2618,STA J,9q5dy2,34.234263,-118.550256,151.31934198705835,14997.578860567544
2352,2019,1,CA,2618,STA J,9q5dy2,34.234263,-118.550256,153.0650016565436,15649.26898526411
2353,2019,2,CA,2618,STA J,9q5dy2,34.234263,-118.550256,154.7120927610514,16449.057590444583
2354,2019,3,CA,2618,STA J,9q5dy2,34.234263,-118.550256,157.03410740479896,24016.642206486686
2355,2019,4,CA,2618,STA J,9q5dy2,34.234263,-118.550256,158.78040163586132,26953.23400653207
2356,2019,5,CA,2618,STA J,9q5dy2,34.234263,-118.550256,160.60759285343556,29322.762852092706
2357,2019,6,CA,2618,STA J,9q5dy2,34.234263,-118.550256,162.45053273560532,29996.231437781833
2358,2019,7,CA,2618,STA J,9q5dy2,34.234263,-118.550256,164.2476880385298,31264.892823460963
2359,2019,8,CA,2618,STA J,9q5dy2,34.234263,-118.550256,166.51209218273144,30289.19796113542
2360,2019,9,CA,2618,STA J,9q5dy2,34.234263,-118.550256,168.73301924433184,26879.025164438906
2361,2019,10,CA,2618,STA J,9q5dy2,34.234263,-118.550256,170.7695388657969,24583.942948500604
2362,2019,11,CA,2618,STA J,9q5dy2,34.234263,-118.550256,173.04840332230114,19098.479587143258
2363,2019,12,CA,2618,STA J,9q5dy2,34.234263,-118.550256,175.96271389629348,17039.970657179765
2364,2020,1,CA,2618,STA J,9q5dy2,34.234263,-118.550256,178.25009686124187,18432.29644137918
2365,2020,2,CA,2618,STA J,9q5dy2,34.234263,-118.550256,180.11055448876758,20647.21833910918
2366,2020,3,CA,2618,STA J,9q5dy2,34.234263,-118.550256,182.4133207646762,27268.9941932559
2367,2020,4,CA,2618,STA J,9q5dy2,34.234263,-118.550256,184.1493274065339,30311.16369470979
2368,2020,5,CA,2618,STA J,9q5dy2,34.234263,-118.550256,185.83847263737914,34295.86423599277
2369,2020,6,CA,2618,STA J,9q5dy2,34.234263,-118.550256,188.27536215572192,34382.3168283414
2370,2020,7,CA,2618,STA J,9q5dy2,34.234263,-118.550256,190.39339409613734,35659.867960216485
2371,2020,8,CA,2618,STA J,9q5dy2,34.234263,-118.550256,192.4932352713423,33945.52067406622
2372,2020,9,CA,2618,STA J,9q5dy2,34.234263,-118.550256,194.67366576683997,30121.104464585984
2373,2020,10,CA,2618,STA J,9q5dy2,34.234263,-118.550256,197.07578900241273,27459.00142778866
2374,2020,11,CA,2618,STA J,9q5dy2,34.234263,-118.550256,199.28383254108397,22263.635794582216
2375,2020,12,CA,2618,STA J,9q5dy2,34.234263,-118.550256,202.79770765974982,19940.3145885474
2376,2021,1,CA,2618,STA J,9q5dy2,34.234263,-118.550256,204.8010377878183,21122.19844789214
2377,2021,2,CA,2618,STA J,9q5dy2,34.234263,-118.550256,206.95695113147318,22585.879950730076
2378,2021,3,CA,2618,STA J,9q5dy2,34.234263,-118.550256,208.60286925852026,31894.994163389107
2379,2021,4,CA,2618,STA J,9q5dy2,34.234263,-118.550256,211.85986231328963,35607.15031501284
2380,2021,5,CA,2618,STA J,9q5dy2,34.234263,-118.550256,214.25033269081,39270.97671859293
2381,2021,6,CA,2618,STA J,9q5dy2,34.234263,-118.550256,217.0240974900423,39500.156612258026
2382,2021,7,CA,2618,STA J,9q5dy2,34.234263,-118.550256,219.37439819681794,40432.83129554698
2383,2021,8,CA,2618,STA J,9q5dy2,34.234263,-118.550256,222.14943211920445,38285.74974146402
2384,2021,9,CA,2618,STA J,9q5dy2,34.234263,-118.550256,225.08027975247902,34149.65213401535
2385,2021,10,CA,2618,STA J,9q5dy2,34.234263,-118.550256,227.64188946443156,30558.645824902353
2386,2021,11,CA,2618,STA J,9q5dy2,34.234263,-118.550256,230.5942545039117,25748.404669767042
2387,2021,12,CA,2618,STA J,9q5dy2,34.234263,-118.550256,233.9502391647099,22513.955549543636
2388,2022,1,CA,2618,STA J,9q5dy2,34.234263,-118.550256,236.58886157715693,25360.685911677305
2389,2022,2,CA,2618,STA J,9q5dy2,34.234263,-118.550256,239.40756487353167,27099.752351772426
2390,2022,3,CA,2618,STA J,9q5dy2,34.234263,-118.550256,242.8302746456197,38773.44325298606
2391,2022,4,CA,2618,STA J,9q5dy2,34.234263,-118.550256,246.22473681295708,42426.04755044983
2392,2022,5,CA,2618,STA J,9q5dy2,34.234263,-118.550256,249.47705718702224,47052.5475551058
2393,2022,6,CA,2618,STA J,9q5dy2,34.234263,-118.550256,252.62204050886268,47013.51074983838
2394,2022,7,CA,2618,STA J,9q5dy2,34.234263,-118.550256,255.99535062362983,48465.59035184153
2395,2022,8,CA,2618,STA J,9q5dy2,34.234263,-118.550256,259.6486369978724,47087.44528826799
2396,2022,9,CA,2618,STA J,9q5dy2,34.234263,-118.550256,262.96512500778033,42195.4403162773
2397,2022,10,CA,2618,STA J,9q5dy2,34.234263,-118.550256,266.90796375257116,39694.04720980958
2398,2022,11,CA,2618,STA J,9q5dy2,34.234263,-118.550256,270.6454737543208,31467.755314088994
2399,2022,12,CA,2618,STA J,9q5dy2,34.234263,-118.550256,272.97600690651257,27181.56181860308
2400,2018,1,CA,2620,VALLEY,9qh8k2,33.796667,-117.224444,29.645893511691124,3051.1913978924645
2401,2018,2,CA,2620,VALLEY,9qh8k2,33.796667,-117.224444,30.057117569017336,3343.1151497892806
2402,2018,3,CA,2620,VALLEY,9qh8k2,33.796667,-117.224444,30.60171797099872,4649.329844860279
2403,2018,4,CA,2620,VALLEY,9qh8k2,33.796667,-117.224444,31.14494652745819,5286.6569468920925
2404,2018,5,CA,2620,VALLEY,9qh8k2,33.796667,-117.224444,31.66866191758156,5822.148744466384
2405,2018,6,CA,2620,VALLEY,9qh8k2,33.796667,-117.224444,32.09349753307328,5954.902863642445
2406,2018,7,CA,2620,VALLEY,9qh8k2,33.796667,-117.224444,32.54713299643745,6052.064317131061
2407,2018,8,CA,2620,VALLEY,9qh8k2,33.796667,-117.224444,33.04331348715664,5868.520307748556
2408,2018,9,CA,2620,VALLEY,9qh8k2,33.796667,-117.224444,33.54356942804646,5323.977082328746
2409,2018,10,CA,2620,VALLEY,9qh8k2,33.796667,-117.224444,34.03530478295112,4865.612484402759
2410,2018,11,CA,2620,VALLEY,9qh8k2,33.796667,-117.224444,34.5113619033196,3848.82909834723
2411,2018,12,CA,2620,VALLEY,9qh8k2,33.796667,-117.224444,35.05008742139382,3473.888025610752
2412,2019,1,CA,2620,VALLEY,9qh8k2,33.796667,-117.224444,35.45443443493484,3624.8389585339683
2413,2019,2,CA,2620,VALLEY,9qh8k2,33.796667,-117.224444,35.83595001943253,3810.0939309789824
2414,2019,3,CA,2620,VALLEY,9qh8k2,33.796667,-117.224444,36.37379809085798,5562.972967313649
2415,2019,4,CA,2620,VALLEY,9qh8k2,33.796667,-117.224444,36.77829208784778,6243.175497677163
2416,2019,5,CA,2620,VALLEY,9qh8k2,33.796667,-117.224444,37.201524247534664,6792.029279974985
2417,2019,6,CA,2620,VALLEY,9qh8k2,33.796667,-117.224444,37.62840426917755,6948.024756124922
2418,2019,7,CA,2620,VALLEY,9qh8k2,33.796667,-117.224444,38.044679212289,7241.884694268211
2419,2019,8,CA,2620,VALLEY,9qh8k2,33.796667,-117.224444,38.569182968183085,7015.884569155059
2420,2019,9,CA,2620,VALLEY,9qh8k2,33.796667,-117.224444,39.083616130814015,6225.986509351875
2421,2019,10,CA,2620,VALLEY,9qh8k2,33.796667,-117.224444,39.55533501242162,5694.376794086237
2422,2019,11,CA,2620,VALLEY,9qh8k2,33.796667,-117.224444,40.08318820933026,4423.779342116935
2423,2019,12,CA,2620,VALLEY,9qh8k2,33.796667,-117.224444,40.75822974103517,3946.967078691213
2424,2020,1,CA,2620,VALLEY,9qh8k2,33.796667,-117.224444,41.28805607939254,4269.471391850491
2425,2020,2,CA,2620,VALLEY,9qh8k2,33.796667,-117.224444,41.71899373503045,4782.513578840939
2426,2020,3,CA,2620,VALLEY,9qh8k2,33.796667,-117.224444,42.25238330850968,6316.315005181844
2427,2020,4,CA,2620,VALLEY,9qh8k2,33.796667,-117.224444,42.65449439201173,7020.972490315346
2428,2020,5,CA,2620,VALLEY,9qh8k2,33.796667,-117.224444,43.04575097052381,7943.948366935192
2429,2020,6,CA,2620,VALLEY,9qh8k2,33.796667,-117.224444,43.61020750022176,7963.973374180366
2430,2020,7,CA,2620,VALLEY,9qh8k2,33.796667,-117.224444,44.10080707393134,8259.892443543964
2431,2020,8,CA,2620,VALLEY,9qh8k2,33.796667,-117.224444,44.58719312210931,7862.798314920704
2432,2020,9,CA,2620,VALLEY,9qh8k2,33.796667,-117.224444,45.09224606828194,6976.949085616348
2433,2020,10,CA,2620,VALLEY,9qh8k2,33.796667,-117.224444,45.648649686604486,6360.326366146129
2434,2020,11,CA,2620,VALLEY,9qh8k2,33.796667,-117.224444,46.16009863982086,5156.924228397176
2435,2020,12,CA,2620,VALLEY,9qh8k2,33.796667,-117.224444,46.974017260400316,4618.773518050689
2436,2021,1,CA,2620,VALLEY,9qh8k2,33.796667,-117.224444,47.438048462232516,4892.533184514943
2437,2021,2,CA,2620,VALLEY,9qh8k2,33.796667,-117.224444,47.937422502429676,5231.565617235502
2438,2021,3,CA,2620,VALLEY,9qh8k2,33.796667,-117.224444,48.31866639024933,7387.835018653758
2439,2021,4,CA,2620,VALLEY,9qh8k2,33.796667,-117.224444,49.07308343833761,8247.68145948354
2440,2021,5,CA,2620,VALLEY,9qh8k2,33.796667,-117.224444,49.62678790605535,9096.333284530969
2441,2021,6,CA,2620,VALLEY,9qh8k2,33.796667,-117.224444,50.26927483087816,9149.418205484923
2442,2021,7,CA,2620,VALLEY,9qh8k2,33.796667,-117.224444,50.81367480088394,9365.453569872077
2443,2021,8,CA,2620,VALLEY,9qh8k2,33.796667,-117.224444,51.45645569260431,8868.125236406906
2444,2021,9,CA,2620,VALLEY,9qh8k2,33.796667,-117.224444,52.13532770206523,7910.081269120212
2445,2021,10,CA,2620,VALLEY,9qh8k2,33.796667,-117.224444,52.72867316051368,7078.296756893401
2446,2021,11,CA,2620,VALLEY,9qh8k2,33.796667,-117.224444,53.412529245101304,5964.100972061754
2447,2021,12,CA,2620,VALLEY,9qh8k2,33.796667,-117.224444,54.189875711198766,5214.905773779855
2448,2022,1,CA,2620,VALLEY,9qh8k2,33.796667,-117.224444,54.801059615476035,5874.29370626541
2449,2022,2,CA,2620,VALLEY,9qh8k2,33.796667,-117.224444,55.453955640898585,6277.113530595331
2450,2022,3,CA,2620,VALLEY,9qh8k2,33.796667,-117.224444,56.246757639337126,8981.089646569068
2451,2022,4,CA,2620,VALLEY,9qh8k2,33.796667,-117.224444,57.03301664728314,9827.142096049143
2452,2022,5,CA,2620,VALLEY,9qh8k2,33.796667,-117.224444,57.78635136270316,10898.777932478693
2453,2022,6,CA,2620,VALLEY,9qh8k2,33.796667,-117.224444,58.514823605060386,10889.735840309193
2454,2022,7,CA,2620,VALLEY,9qh8k2,33.796667,-117.224444,59.29618316471385,11226.080925641285
2455,2022,8,CA,2620,VALLEY,9qh8k2,33.796667,-117.224444,60.142393603585184,10906.861291698217
2456,2022,9,CA,2620,VALLEY,9qh8k2,33.796667,-117.224444,60.91059146350727,9773.726560324409
2457,2022,10,CA,2620,VALLEY,9qh8k2,33.796667,-117.224444,61.823870895459834,9194.32906952337
2458,2022,11,CA,2620,VALLEY,9qh8k2,33.796667,-117.224444,62.689590046623366,7288.8737172025185
2459,2022,12,CA,2620,VALLEY,9qh8k2,33.796667,-117.224444,63.22941125949755,6296.063051037716
2460,2018,1,CA,2621,STA B,9q5cw0,34.015353,-118.204015,34.15736696312916,3515.517729680017
2461,2018,2,CA,2621,STA B,9q5cw0,34.015353,-118.204015,34.63117056174962,3851.866057817293
2462,2018,3,CA,2621,STA B,9q5cw0,34.015353,-118.204015,35.25864754338992,5356.8588034256145
2463,2018,4,CA,2621,STA B,9q5cw0,34.015353,-118.204015,35.88454391384405,6091.17351352411
2464,2018,5,CA,2621,STA B,9q5cw0,34.015353,-118.204015,36.48795762973113,6708.155755205492
2465,2018,6,CA,2621,STA B,9q5cw0,34.015353,-118.204015,36.977444175705365,6861.112223283455
2466,2018,7,CA,2621,STA B,9q5cw0,34.015353,-118.204015,37.50011329288034,6973.059580180386
2467,2018,8,CA,2621,STA B,9q5cw0,34.015353,-118.204015,38.07180188424484,6761.584082574288
2468,2018,9,CA,2621,STA B,9q5cw0,34.015353,-118.204015,38.648186122477384,6134.172978550209
2469,2018,10,CA,2621,STA B,9q5cw0,34.015353,-118.204015,39.214753123050315,5606.055053276991
2470,2018,11,CA,2621,STA B,9q5cw0,34.015353,-118.204015,39.7632559957812,4434.538896214111
2471,2018,12,CA,2621,STA B,9q5cw0,34.015353,-118.204015,40.38396406133524,4002.539779508163
2472,2019,1,CA,2621,STA B,9q5cw0,34.015353,-118.204015,40.84984407660681,4176.462228742208
2473,2019,2,CA,2621,STA B,9q5cw0,34.015353,-118.204015,41.28941820570841,4389.909061540595
2474,2019,3,CA,2621,STA B,9q5cw0,34.015353,-118.204015,41.90911529592583,6409.538945944236
2475,2019,4,CA,2621,STA B,9q5cw0,34.015353,-118.204015,42.375164662395925,7193.253811199116
2476,2019,5,CA,2621,STA B,9q5cw0,34.015353,-118.204015,42.86280374074994,7825.631447031037
2477,2019,6,CA,2621,STA B,9q5cw0,34.015353,-118.204015,43.35464580793994,8005.366111507929
2478,2019,7,CA,2621,STA B,9q5cw0,34.015353,-118.204015,43.834268929564054,8343.94527219217
2479,2019,8,CA,2621,STA B,9q5cw0,34.015353,-118.204015,44.43859098369774,8083.552742476081
2480,2019,9,CA,2621,STA B,9q5cw0,34.015353,-118.204015,45.031309914805625,7173.449025024591
2481,2019,10,CA,2621,STA B,9q5cw0,34.015353,-118.204015,45.574814361252955,6560.93963587995
2482,2019,11,CA,2621,STA B,9q5cw0,34.015353,-118.204015,46.18299556997108,5096.984319025795
2483,2019,12,CA,2621,STA B,9q5cw0,34.015353,-118.204015,46.960764042515336,4547.611386551022
2484,2020,1,CA,2621,STA B,9q5cw0,34.015353,-118.204015,47.57121866277721,4919.19398592281
2485,2020,2,CA,2621,STA B,9q5cw0,34.015353,-118.204015,48.06773584941724,5510.310264529431
2486,2020,3,CA,2621,STA B,9q5cw0,34.015353,-118.204015,48.682295953279585,7277.523593668474
2487,2020,4,CA,2621,STA B,9q5cw0,34.015353,-118.204015,49.14559977759186,8089.414936849911
2488,2020,5,CA,2621,STA B,9q5cw0,34.015353,-118.204015,49.59639727248623,9152.848079905194
2489,2020,6,CA,2621,STA B,9q5cw0,34.015353,-118.204015,50.246752061490106,9175.92046666402
2490,2020,7,CA,2621,STA B,9q5cw0,34.015353,-118.204015,50.81201043916539,9516.872114475005
2491,2020,8,CA,2621,STA B,9q5cw0,34.015353,-118.204015,51.372414082483125,9059.348718698799
2492,2020,9,CA,2621,STA B,9q5cw0,34.015353,-118.204015,51.95432532801278,8038.692107778256
2493,2020,10,CA,2621,STA B,9q5cw0,34.015353,-118.204015,52.59540172407962,7328.232546205559
2494,2020,11,CA,2621,STA B,9q5cw0,34.015353,-118.204015,53.184682312672116,5941.698238946615
2495,2020,12,CA,2621,STA B,9q5cw0,34.015353,-118.204015,54.12246200854443,5321.65245461144
2496,2021,1,CA,2621,STA B,9q5cw0,34.015353,-118.204015,54.65710887412376,5637.072510459504
2497,2021,2,CA,2621,STA B,9q5cw0,34.015353,-118.204015,55.23247700516518,6027.698457094294
2498,2021,3,CA,2621,STA B,9q5cw0,34.015353,-118.204015,55.671738091142245,8512.10612679616
2499,2021,4,CA,2621,STA B,9q5cw0,34.015353,-118.204015,56.540961342741326,9502.802878768942
2500,2021,5,CA,2621,STA B,9q5cw0,34.015353,-118.204015,57.178927834980804,10480.601432914149
2501,2021,6,CA,2621,STA B,9q5cw0,34.015353,-118.204015,57.91918758298033,10541.764747978943
2502,2021,7,CA,2621,STA B,9q5cw0,34.015353,-118.204015,58.54643363116811,10790.67609266401
2503,2021,8,CA,2621,STA B,9q5cw0,34.015353,-118.204015,59.287032081564675,10217.664981339869
2504,2021,9,CA,2621,STA B,9q5cw0,34.015353,-118.204015,60.06921394897943,9113.827131267357
2505,2021,10,CA,2621,STA B,9q5cw0,34.015353,-118.204015,60.752853946274065,8155.462735632791
2506,2021,11,CA,2621,STA B,9q5cw0,34.015353,-118.204015,61.540778358874974,6871.710087858563
2507,2021,12,CA,2621,STA B,9q5cw0,34.015353,-118.204015,62.43642039744304,6008.503340366292
2508,2022,1,CA,2621,STA B,9q5cw0,34.015353,-118.204015,63.1406134720125,6768.236069355756
2509,2022,2,CA,2621,STA B,9q5cw0,34.015353,-118.204015,63.89286636397988,7232.356489751729
2510,2022,3,CA,2621,STA B,9q5cw0,34.015353,-118.204015,64.80631593766495,10347.820168268563
2511,2022,4,CA,2621,STA B,9q5cw0,34.015353,-118.204015,65.71222681708866,11322.623777259087
2512,2022,5,CA,2621,STA B,9q5cw0,34.015353,-118.204015,66.5802030280441,12557.339759131206
2513,2022,6,CA,2621,STA B,9q5cw0,34.015353,-118.204015,67.4195332271773,12546.921653155543
2514,2022,7,CA,2621,STA B,9q5cw0,34.015353,-118.204015,68.31979906665039,12934.45129537741
2515,2022,8,CA,2621,STA B,9q5cw0,34.015353,-118.204015,69.2947847076519,12566.653233425619
2516,2022,9,CA,2621,STA B,9q5cw0,34.015353,-118.204015,70.17988591707577,11261.079534898425
2517,2022,10,CA,2621,STA B,9q5cw0,34.015353,-118.204015,71.23214702314701,10593.510088796129
2518,2022,11,CA,2621,STA B,9q5cw0,34.015353,-118.204015,72.22961018686105,8398.085023418527
2519,2022,12,CA,2621,STA B,9q5cw0,34.015353,-118.204015,72.85158068862224,7254.189723527281
2520,2018,1,CA,3101,EMBRCDRD,9q8yyz,37.788555,-122.395045,51.1463429104099,5264.043786042688
2521,2018,2,CA,3101,EMBRCDRD,9q8yyz,37.788555,-122.395045,51.855803957374874,5767.682926226466
2522,2018,3,CA,3101,EMBRCDRD,9q8yyz,37.788555,-122.395045,52.79537148627739,8021.219480365792
2523,2018,4,CA,3101,EMBRCDRD,9q8yyz,37.788555,-122.395045,53.73257224956172,9120.763013899772
2524,2018,5,CA,3101,EMBRCDRD,9q8yyz,37.788555,-122.395045,54.63610807721845,10044.615995212196
2525,2018,6,CA,3101,EMBRCDRD,9q8yyz,37.788555,-122.395045,55.36905235707042,10273.64898757151
2526,2018,7,CA,3101,EMBRCDRD,9q8yyz,37.788555,-122.395045,56.151683346296515,10441.27601543771
2527,2018,8,CA,3101,EMBRCDRD,9q8yyz,37.788555,-122.395045,57.00771480690239,10124.61816738442
2528,2018,9,CA,3101,EMBRCDRD,9q8yyz,37.788555,-122.395045,57.870777405627244,9185.14928189177
2529,2018,10,CA,3101,EMBRCDRD,9q8yyz,37.788555,-122.395045,58.71913993088586,8394.359390729629
2530,2018,11,CA,3101,EMBRCDRD,9q8yyz,37.788555,-122.395045,59.54045370622227,6640.161909439505
2531,2018,12,CA,3101,EMBRCDRD,9q8yyz,37.788555,-122.395045,60.46988563820793,5993.297794184747
2532,2019,1,CA,3101,EMBRCDRD,9q8yyz,37.788555,-122.395045,61.16748211986612,6253.724695296445
2533,2019,2,CA,3101,EMBRCDRD,9q8yyz,37.788555,-122.395045,61.82568885945011,6573.334368818163
2534,2019,3,CA,3101,EMBRCDRD,9q8yyz,37.788555,-122.395045,62.753606983556594,9597.47503900866
2535,2019,4,CA,3101,EMBRCDRD,9q8yyz,37.788555,-122.395045,63.45145704724531,10770.989065589814
2536,2019,5,CA,3101,EMBRCDRD,9q8yyz,37.788555,-122.395045,64.18163497767341,11717.894705185716
2537,2019,6,CA,3101,EMBRCDRD,9q8yyz,37.788555,-122.395045,64.91810635304081,11987.024664533743
2538,2019,7,CA,3101,EMBRCDRD,9q8yyz,37.788555,-122.395045,65.63628140069093,12494.004194699744
2539,2019,8,CA,3101,EMBRCDRD,9q8yyz,37.788555,-122.395045,66.54117735014773,12104.099269342229
2540,2019,9,CA,3101,EMBRCDRD,9q8yyz,37.788555,-122.395045,67.4286990883619,10741.333899661977
2541,2019,10,CA,3101,EMBRCDRD,9q8yyz,37.788555,-122.395045,68.24252835164597,9824.178450096622
2542,2019,11,CA,3101,EMBRCDRD,9q8yyz,37.788555,-122.395045,69.15320289767706,7632.090262439638
2543,2019,12,CA,3101,EMBRCDRD,9q8yyz,37.788555,-122.395045,70.31781295221067,6809.473682526356
2544,2020,1,CA,3101,EMBRCDRD,9q8yyz,37.788555,-122.395045,71.23189164489389,7365.871693752624
2545,2020,2,CA,3101,EMBRCDRD,9q8yyz,37.788555,-122.395045,71.97536342116445,8250.993662263103
2546,2020,3,CA,3101,EMBRCDRD,9q8yyz,37.788555,-122.395045,72.8955895570118,10897.172421461943
2547,2020,4,CA,3101,EMBRCDRD,9q8yyz,37.788555,-122.395045,73.5893285180845,12112.87716501478
2548,2020,5,CA,3101,EMBRCDRD,9q8yyz,37.788555,-122.395045,74.26434083041845,13705.233983844288
2549,2020,6,CA,3101,EMBRCDRD,9q8yyz,37.788555,-122.395045,75.23816498635311,13739.781968945197
2550,2020,7,CA,3101,EMBRCDRD,9q8yyz,37.788555,-122.395045,76.08456801410316,14250.313998935499
2551,2020,8,CA,3101,EMBRCDRD,9q8yyz,37.788555,-122.395045,76.9237016903116,13565.230499520436
2552,2020,9,CA,3101,EMBRCDRD,9q8yyz,37.788555,-122.395045,77.79504028439618,12036.926134834808
2553,2020,10,CA,3101,EMBRCDRD,9q8yyz,37.788555,-122.395045,78.7549712187799,10973.102673284018
2554,2020,11,CA,3101,EMBRCDRD,9q8yyz,37.788555,-122.395045,79.6373444733441,8896.942669128446
2555,2020,12,CA,3101,EMBRCDRD,9q8yyz,37.788555,-122.395045,81.04155112519989,7968.502419621122
2556,2021,1,CA,3101,EMBRCDRD,9q8yyz,37.788555,-122.395045,81.84211727985736,8440.804115317978
2557,2021,2,CA,3101,EMBRCDRD,9q8yyz,37.788555,-122.395045,82.70365838639908,9025.717133872738
2558,2021,3,CA,3101,EMBRCDRD,9q8yyz,37.788555,-122.395045,83.36139638344181,12745.803835549326
2559,2021,4,CA,3101,EMBRCDRD,9q8yyz,37.788555,-122.395045,84.66294841876051,14229.247095427203
2560,2021,5,CA,3101,EMBRCDRD,9q8yyz,37.788555,-122.395045,85.61822266494738,15693.376933116315
2561,2021,6,CA,3101,EMBRCDRD,9q8yyz,37.788555,-122.395045,86.72666814187265,15784.96127242497
2562,2021,7,CA,3101,EMBRCDRD,9q8yyz,37.788555,-122.395045,87.6658898770972,16157.674573286125
2563,2021,8,CA,3101,EMBRCDRD,9q8yyz,37.788555,-122.395045,88.77484251808352,15299.662806076572
2564,2021,9,CA,3101,EMBRCDRD,9q8yyz,37.788555,-122.395045,89.94606107401857,13646.805041652267
2565,2021,10,CA,3101,EMBRCDRD,9q8yyz,37.788555,-122.395045,90.96972562540647,12211.775401775049
2566,2021,11,CA,3101,EMBRCDRD,9q8yyz,37.788555,-122.395045,92.14954291746736,10289.517951249585
2567,2021,12,CA,3101,EMBRCDRD,9q8yyz,37.788555,-122.395045,93.49065374954725,8996.974870939077
2568,2022,1,CA,3101,EMBRCDRD,9q8yyz,37.788555,-122.395045,94.54509393827561,10134.57867743567
2569,2022,2,CA,3101,EMBRCDRD,9q8yyz,37.788555,-122.395045,95.67149763354412,10829.540388006624
2570,2022,3,CA,3101,EMBRCDRD,9q8yyz,37.788555,-122.395045,97.03927300034846,15494.553759744322
2571,2022,4,CA,3101,EMBRCDRD,9q8yyz,37.788555,-122.395045,98.39576012464265,16954.1990453295
2572,2022,5,CA,3101,EMBRCDRD,9q8yyz,37.788555,-122.395045,99.69544487410022,18803.030282056934
2573,2022,6,CA,3101,EMBRCDRD,9q8yyz,37.788555,-122.395045,100.95223583888004,18787.4304841778
2574,2022,7,CA,3101,EMBRCDRD,9q8yyz,37.788555,-122.395045,102.30027022882356,19367.70717794121
2575,2022,8,CA,3101,EMBRCDRD,9q8yyz,37.788555,-122.395045,103.76018808435433,18816.97603350972
2576,2022,9,CA,3101,EMBRCDRD,9q8yyz,37.788555,-122.395045,105.0855153561103,16862.044315506864
2577,2022,10,CA,3101,EMBRCDRD,9q8yyz,37.788555,-122.395045,106.66114346059801,15862.443384799399
2578,2022,11,CA,3101,EMBRCDRD,9q8yyz,37.788555,-122.395045,108.15471856745243,12575.07163424497
2579,2022,12,CA,3101,EMBRCDRD,9q8yyz,37.788555,-122.395045,109.08604083821106,10862.232898021606
2580,2018,1,CA,3102,MARTIN,9q8yqr,37.704337,-122.410274,23.767603446983003,2446.190638759297
2581,2018,2,CA,3102,MARTIN,9q8yqr,37.704337,-122.410274,24.09728857920998,2680.2307417874886
2582,2018,3,CA,3102,MARTIN,9q8yqr,37.704337,-122.410274,24.533903734231586,3727.444679759242
2583,2018,4,CA,3102,MARTIN,9q8yqr,37.704337,-122.410274,24.969419057995196,4238.400364772864
2584,2018,5,CA,3102,MARTIN,9q8yqr,37.704337,-122.410274,25.389290353377994,4667.713000900316
2585,2018,6,CA,3102,MARTIN,9q8yqr,37.704337,-122.410274,25.729888097047965,4774.144175230947
2586,2018,7,CA,3102,MARTIN,9q8yqr,37.704337,-122.410274,26.093575155374474,4852.040120446403
2587,2018,8,CA,3102,MARTIN,9q8yqr,37.704337,-122.410274,26.491371266221748,4704.88985060035
2588,2018,9,CA,3102,MARTIN,9q8yqr,37.704337,-122.410274,26.892434732916644,4268.3205349743885
2589,2018,10,CA,3102,MARTIN,9q8yqr,37.704337,-122.410274,27.28666710481755,3900.842051205821
2590,2018,11,CA,3102,MARTIN,9q8yqr,37.704337,-122.410274,27.668329976627046,3085.6699835561085
2591,2018,12,CA,3102,MARTIN,9q8yqr,37.704337,-122.410274,28.100235139995085,2785.0735205325636
2592,2019,1,CA,3102,MARTIN,9q8yqr,37.704337,-122.410274,28.424406832409243,2906.0933815887424
2593,2019,2,CA,3102,MARTIN,9q8yqr,37.704337,-122.410274,28.730274190315292,3054.615358837243
2594,2019,3,CA,3102,MARTIN,9q8yqr,37.704337,-122.410274,29.161475890183898,4459.927491180374
2595,2019,4,CA,3102,MARTIN,9q8yqr,37.704337,-122.410274,29.485765421661412,5005.257116645665
2596,2019,5,CA,3102,MARTIN,9q8yqr,37.704337,-122.410274,29.825077648276576,5445.282277057409
2597,2019,6,CA,3102,MARTIN,9q8yqr,37.704337,-122.410274,30.16731442619142,5570.346431902089
2598,2019,7,CA,3102,MARTIN,9q8yqr,37.704337,-122.410274,30.50104893714102,5805.938807486596
2599,2019,8,CA,3102,MARTIN,9q8yqr,37.704337,-122.410274,30.921552278409102,5624.750767040466
2600,2019,9,CA,3102,MARTIN,9q8yqr,37.704337,-122.410274,31.333981858396886,4991.47642023963
2601,2019,10,CA,3102,MARTIN,9q8yqr,37.704337,-122.410274,31.712166692397,4565.276113744753
2602,2019,11,CA,3102,MARTIN,9q8yqr,37.704337,-122.410274,32.135355335957335,3546.617109007921
2603,2019,12,CA,3102,MARTIN,9q8yqr,37.704337,-122.410274,32.67654730338713,3164.348826512343
2604,2020,1,CA,3102,MARTIN,9q8yqr,37.704337,-122.410274,33.101317847101015,3422.9058715914034
2605,2020,2,CA,3102,MARTIN,9q8yqr,37.704337,-122.410274,33.44680769734065,3834.220283388543
2606,2020,3,CA,3102,MARTIN,9q8yqr,37.704337,-122.410274,33.87443494562076,5063.894270219511
2607,2020,4,CA,3102,MARTIN,9q8yqr,37.704337,-122.410274,34.19681405591961,5628.82983763618
2608,2020,5,CA,3102,MARTIN,9q8yqr,37.704337,-122.410274,34.51049092993359,6368.794872523086
2609,2020,6,CA,3102,MARTIN,9q8yqr,37.704337,-122.410274,34.9630250711505,6384.849252231309
2610,2020,7,CA,3102,MARTIN,9q8yqr,37.704337,-122.410274,35.35634686847092,6622.09246739231
2611,2020,8,CA,3102,MARTIN,9q8yqr,37.704337,-122.410274,35.74629061264177,6303.7355328468575
2612,2020,9,CA,3102,MARTIN,9q8yqr,37.704337,-122.410274,36.15119991785895,5593.535545532649
2613,2020,10,CA,3102,MARTIN,9q8yqr,37.704337,-122.410274,36.59727790675619,5099.1789066616075
2614,2020,11,CA,3102,MARTIN,9q8yqr,37.704337,-122.410274,37.007314996669756,4134.391497370359
2615,2020,12,CA,3102,MARTIN,9q8yqr,37.704337,-122.410274,37.6598470245683,3702.947166870303
2616,2021,1,CA,3102,MARTIN,9q8yqr,37.704337,-122.410274,38.03186851846678,3922.4248220043874
2617,2021,2,CA,3102,MARTIN,9q8yqr,37.704337,-122.410274,38.43222495078154,4194.232734064466
2618,2021,3,CA,3102,MARTIN,9q8yqr,37.704337,-122.410274,38.73787448496441,5922.949597921575
2619,2021,4,CA,3102,MARTIN,9q8yqr,37.704337,-122.410274,39.34270311748766,6612.302719387882
2620,2021,5,CA,3102,MARTIN,9q8yqr,37.704337,-122.410274,39.78661715267597,7292.680932118468
2621,2021,6,CA,3102,MARTIN,9q8yqr,37.704337,-122.410274,40.30170955301257,7335.239991765311
2622,2021,7,CA,3102,MARTIN,9q8yqr,37.704337,-122.410274,40.73816401840233,7508.439118627636
2623,2021,8,CA,3102,MARTIN,9q8yqr,37.704337,-122.410274,41.25349209686564,7109.72276325492
2624,2021,9,CA,3102,MARTIN,9q8yqr,37.704337,-122.410274,41.79775502170414,6341.643059728198
2625,2021,10,CA,3102,MARTIN,9q8yqr,37.704337,-122.410274,42.27344989519175,5674.78765082805
2626,2021,11,CA,3102,MARTIN,9q8yqr,37.704337,-122.410274,42.82170863554226,4781.518450972924
2627,2021,12,CA,3102,MARTIN,9q8yqr,37.704337,-122.410274,43.444920161949184,4180.8762618573965
2628,2022,1,CA,3102,MARTIN,9q8yqr,37.704337,-122.410274,43.93491641267148,4709.518479736991
2629,2022,2,CA,3102,MARTIN,9q8yqr,37.704337,-122.410274,44.458353961222166,5032.465799286705
2630,2022,3,CA,3102,MARTIN,9q8yqr,37.704337,-122.410274,45.09395644368511,7200.2882003633595
2631,2022,4,CA,3102,MARTIN,9q8yqr,37.704337,-122.410274,45.72431330238831,7878.582450683764
2632,2022,5,CA,3102,MARTIN,9q8yqr,37.704337,-122.410274,46.32827421089956,8737.730635567754
2633,2022,6,CA,3102,MARTIN,9q8yqr,37.704337,-122.410274,46.91230246329995,8730.481440635209
2634,2022,7,CA,3102,MARTIN,9q8yqr,37.704337,-122.410274,47.53873135322459,9000.134861820246
2635,2022,8,CA,3102,MARTIN,9q8yqr,37.704337,-122.410274,48.21715226625458,8744.211198427949
2636,2022,9,CA,3102,MARTIN,9q8yqr,37.704337,-122.410274,48.83302920368771,7835.758331703744
2637,2022,10,CA,3102,MARTIN,9q8yqr,37.704337,-122.410274,49.56522043841553,7371.245774708106
2638,2022,11,CA,3102,MARTIN,9q8yqr,37.704337,-122.410274,50.25928180894562,5843.610684808268
2639,2022,12,CA,3102,MARTIN,9q8yqr,37.704337,-122.410274,50.69206540896777,5047.657943426584
2640,2018,1,CA,3103,SANMATEO,9q9jb9,37.582985,-122.318546,62.04825489501287,6386.081819906753
2641,2018,2,CA,3103,SANMATEO,9q9jb9,37.582985,-122.318546,62.90893852115744,6997.072322198713
2642,2018,3,CA,3103,SANMATEO,9q9jb9,37.582985,-122.318546,64.04877613626394,9730.953232734086
2643,2018,4,CA,3103,SANMATEO,9q9jb9,37.582985,-122.318546,65.18574250646812,11064.865953656965
2644,2018,5,CA,3103,SANMATEO,9q9jb9,37.582985,-122.318546,66.28186821460375,12185.639444156592
2645,2018,6,CA,3103,SANMATEO,9q9jb9,37.582985,-122.318546,67.1710405564026,12463.491127788617
2646,2018,7,CA,3103,SANMATEO,9q9jb9,37.582985,-122.318546,68.12049039670298,12666.848082762976
2647,2018,8,CA,3103,SANMATEO,9q9jb9,37.582985,-122.318546,69.15898611787043,12282.694187245299
2648,2018,9,CA,3103,SANMATEO,9q9jb9,37.582985,-122.318546,70.20601167373148,11142.976241524548
2649,2018,10,CA,3103,SANMATEO,9q9jb9,37.582985,-122.318546,71.23520381563748,10183.628418334605
2650,2018,11,CA,3103,SANMATEO,9q9jb9,37.582985,-122.318546,72.23158173008827,8055.521377603726
2651,2018,12,CA,3103,SANMATEO,9q9jb9,37.582985,-122.318546,73.35912333212278,7270.777303602786
2652,2019,1,CA,3103,SANMATEO,9q9jb9,37.582985,-122.318546,74.20541344486087,7586.714549986203
2653,2019,2,CA,3103,SANMATEO,9q9jb9,37.582985,-122.318546,75.00391783886731,7974.449456552732
2654,2019,3,CA,3103,SANMATEO,9q9jb9,37.582985,-122.318546,76.12962296283118,11643.189789972812
2655,2019,4,CA,3103,SANMATEO,9q9jb9,37.582985,-122.318546,76.97622070895166,13066.839914317485
2656,2019,5,CA,3103,SANMATEO,9q9jb9,37.582985,-122.318546,77.86203705021532,14215.57976831032
2657,2019,6,CA,3103,SANMATEO,9q9jb9,37.582985,-122.318546,78.75548829269655,14542.075141533027
2658,2019,7,CA,3103,SANMATEO,9q9jb9,37.582985,-122.318546,79.62674332052696,15157.118042437902
2659,2019,8,CA,3103,SANMATEO,9q9jb9,37.582985,-122.318546,80.72451906225908,14684.10435628283
2660,2019,9,CA,3103,SANMATEO,9q9jb9,37.582985,-122.318546,81.80121725618545,13030.863709769146
2661,2019,10,CA,3103,SANMATEO,9q9jb9,37.582985,-122.318546,82.7885153247438,11918.215338943037
2662,2019,11,CA,3103,SANMATEO,9q9jb9,37.582985,-122.318546,83.89330137870498,9258.880597095755
2663,2019,12,CA,3103,SANMATEO,9q9jb9,37.582985,-122.318546,85.30614963734926,8260.922183515137
2664,2020,1,CA,3103,SANMATEO,9q9jb9,37.582985,-122.318546,86.41506543641346,8935.917181380742
2665,2020,2,CA,3103,SANMATEO,9q9jb9,37.582985,-122.318546,87.31700922469346,10009.70409145395
2666,2020,3,CA,3103,SANMATEO,9q9jb9,37.582985,-122.318546,88.43338280272476,13219.919422707291
2667,2020,4,CA,3103,SANMATEO,9q9jb9,37.582985,-122.318546,89.27499315916099,14694.753272258824
2668,2020,5,CA,3103,SANMATEO,9q9jb9,37.582985,-122.318546,90.09388525641873,16626.523095012577
2669,2020,6,CA,3103,SANMATEO,9q9jb9,37.582985,-122.318546,91.27528134481933,16668.43502974084
2670,2020,7,CA,3103,SANMATEO,9q9jb9,37.582985,-122.318546,92.30209631967958,17287.787650599665
2671,2020,8,CA,3103,SANMATEO,9q9jb9,37.582985,-122.318546,93.32009247091122,16456.677679149067
2672,2020,9,CA,3103,SANMATEO,9q9jb9,37.582985,-122.318546,94.37715806170672,14602.613177542757
2673,2020,10,CA,3103,SANMATEO,9q9jb9,37.582985,-122.318546,95.54169956964172,13312.034310130448
2674,2020,11,CA,3103,SANMATEO,9q9jb9,37.582985,-122.318546,96.61215187368316,10793.338000477848
2675,2020,12,CA,3103,SANMATEO,9q9jb9,37.582985,-122.318546,98.31566706756982,9666.999459379638
2676,2021,1,CA,3103,SANMATEO,9q9jb9,37.582985,-122.318546,99.28687497800668,10239.972898620019
2677,2021,2,CA,3103,SANMATEO,9q9jb9,37.582985,-122.318546,100.33205473357339,10949.560916091163
2678,2021,3,CA,3103,SANMATEO,9q9jb9,37.582985,-122.318546,101.12999047193358,15462.589116396692
2679,2021,4,CA,3103,SANMATEO,9q9jb9,37.582985,-122.318546,102.70897007929355,17262.23030819063
2680,2021,5,CA,3103,SANMATEO,9q9jb9,37.582985,-122.318546,103.86786231966096,19038.44139580365
2681,2021,6,CA,3103,SANMATEO,9q9jb9,37.582985,-122.318546,105.21257444521716,19149.547060577544
2682,2021,7,CA,3103,SANMATEO,9q9jb9,37.582985,-122.318546,106.35199256025676,19601.704704284417
2683,2021,8,CA,3103,SANMATEO,9q9jb9,37.582985,-122.318546,107.69731995257776,18560.80657148941
2684,2021,9,CA,3103,SANMATEO,9q9jb9,37.582985,-122.318546,109.11818532361166,16555.639944975304
2685,2021,10,CA,3103,SANMATEO,9q9jb9,37.582985,-122.318546,110.36004535498797,14814.731801592141
2686,2021,11,CA,3103,SANMATEO,9q9jb9,37.582985,-122.318546,111.7913422943521,12482.742582480922
2687,2021,12,CA,3103,SANMATEO,9q9jb9,37.582985,-122.318546,113.41831270936528,10914.69220104166
2688,2022,1,CA,3103,SANMATEO,9q9jb9,37.582985,-122.318546,114.6975082466956,12294.777793450083
2689,2022,2,CA,3103,SANMATEO,9q9jb9,37.582985,-122.318546,116.06400640905942,13137.871530089546
2690,2022,3,CA,3103,SANMATEO,9q9jb9,37.582985,-122.318546,117.72332494034237,18797.23879482727
2691,2022,4,CA,3103,SANMATEO,9q9jb9,37.582985,-122.318546,119.36894912499699,20568.009442006023
2692,2022,5,CA,3103,SANMATEO,9q9jb9,37.582985,-122.318546,120.94566343199568,22810.92155080075
2693,2022,6,CA,3103,SANMATEO,9q9jb9,37.582985,-122.318546,122.4703410862515,22791.996634960517
2694,2022,7,CA,3103,SANMATEO,9q9jb9,37.582985,-122.318546,124.10571082482639,23495.96008875692
2695,2022,8,CA,3103,SANMATEO,9q9jb9,37.582985,-122.318546,125.87681214060231,22827.839857987652
2696,2022,9,CA,3103,SANMATEO,9q9jb9,37.582985,-122.318546,127.48463470811748,20456.211807210668
2697,2022,10,CA,3103,SANMATEO,9q9jb9,37.582985,-122.318546,129.39611006850149,19243.544589723155
2698,2022,11,CA,3103,SANMATEO,9q9jb9,37.582985,-122.318546,131.20804272412224,15255.465116077146
2699,2022,12,CA,3103,SANMATEO,9q9jb9,37.582985,-122.318546,132.33787759318915,13177.532492714392
2700,2018,1,CA,3104,MARTIN,9q8yqr,37.704337,-122.410274,46.24178735420087,4759.260966199893
2701,2018,2,CA,3104,MARTIN,9q8yqr,37.704337,-122.410274,46.883216340185434,5214.604842191676
2702,2018,3,CA,3104,MARTIN,9q8yqr,37.704337,-122.410274,47.73268630038428,7252.0439277967525
2703,2018,4,CA,3104,MARTIN,9q8yqr,37.704337,-122.410274,48.58001645026227,8246.149378374655
2704,2018,5,CA,3104,MARTIN,9q8yqr,37.704337,-122.410274,49.39690988255693,9081.41169973407
2705,2018,6,CA,3104,MARTIN,9q8yqr,37.704337,-122.410274,50.05957023328349,9288.482124071685
2706,2018,7,CA,3104,MARTIN,9q8yqr,37.704337,-122.410274,50.76715270587577,9440.034961211637
2707,2018,8,CA,3104,MARTIN,9q8yqr,37.704337,-122.410274,51.54109708815899,9153.742255995781
2708,2018,9,CA,3104,MARTIN,9q8yqr,37.704337,-122.410274,52.32139837447981,8304.361480034237
2709,2018,10,CA,3104,MARTIN,9q8yqr,37.704337,-122.410274,53.08840921552857,7589.402483786456
2710,2018,11,CA,3104,MARTIN,9q8yqr,37.704337,-122.410274,53.83096508148184,6003.419551454793
2711,2018,12,CA,3104,MARTIN,9q8yqr,37.704337,-122.410274,54.67127137345599,5418.584914947757
2712,2019,1,CA,3104,MARTIN,9q8yqr,37.704337,-122.410274,55.301973518091856,5654.0388046542985
2713,2019,2,CA,3104,MARTIN,9q8yqr,37.704337,-122.410274,55.89706310524492,5943.000277133865
2714,2019,3,CA,3104,MARTIN,9q8yqr,37.704337,-122.410274,56.73600075230605,8677.148250237085
2715,2019,4,CA,3104,MARTIN,9q8yqr,37.704337,-122.410274,57.366932162333434,9738.130971316308
2716,2019,5,CA,3104,MARTIN,9q8yqr,37.704337,-122.410274,58.027091436061575,10594.235371730347
2717,2019,6,CA,3104,MARTIN,9q8yqr,37.704337,-122.410274,58.69294065996109,10837.557760832839
2718,2019,7,CA,3104,MARTIN,9q8yqr,37.704337,-122.410274,59.34224803849061,11295.921708142498
2719,2019,8,CA,3104,MARTIN,9q8yqr,37.704337,-122.410274,60.160371166976155,10943.405777955275
2720,2019,9,CA,3104,MARTIN,9q8yqr,37.704337,-122.410274,60.96278614242452,9711.319516210111
2721,2019,10,CA,3104,MARTIN,9q8yqr,37.704337,-122.410274,61.69857520560989,8882.112482897166
2722,2019,11,CA,3104,MARTIN,9q8yqr,37.704337,-122.410274,62.521922806047655,6900.2293204421885
2723,2019,12,CA,3104,MARTIN,9q8yqr,37.704337,-122.410274,63.574855380066474,6156.495579223953
2724,2020,1,CA,3104,MARTIN,9q8yqr,37.704337,-122.410274,64.4012806946995,6659.539141194612
2725,2020,2,CA,3104,MARTIN,9q8yqr,37.704337,-122.410274,65.07345903289219,7459.784467084037
2726,2020,3,CA,3104,MARTIN,9q8yqr,37.704337,-122.410274,65.90544229641054,9852.214277723946
2727,2020,4,CA,3104,MARTIN,9q8yqr,37.704337,-122.410274,66.53265682812085,10951.341938431467
2728,2020,5,CA,3104,MARTIN,9q8yqr,37.704337,-122.410274,67.1429404580392,12391.0035294333
2729,2020,6,CA,3104,MARTIN,9q8yqr,37.704337,-122.410274,68.02338208840159,12422.23861858426
2730,2020,7,CA,3104,MARTIN,9q8yqr,37.704337,-122.410274,68.78862133324314,12883.814407290653
2731,2020,8,CA,3104,MARTIN,9q8yqr,37.704337,-122.410274,69.5472883035278,12264.425342557046
2732,2020,9,CA,3104,MARTIN,9q8yqr,37.704337,-122.410274,70.3350719785355,10882.674049642887
2733,2020,10,CA,3104,MARTIN,9q8yqr,37.704337,-122.410274,71.20295264441702,9920.863380645294
2734,2020,11,CA,3104,MARTIN,9q8yqr,37.704337,-122.410274,72.00071283767392,8043.7917473200005
2735,2020,12,CA,3104,MARTIN,9q8yqr,37.704337,-122.410274,73.27026646949876,7204.3820428177305
2736,2021,1,CA,3104,MARTIN,9q8yqr,37.704337,-122.410274,73.99406425796403,7631.393503201098
2737,2021,2,CA,3104,MARTIN,9q8yqr,37.704337,-122.410274,74.77298995193573,8160.217694445627
2738,2021,3,CA,3104,MARTIN,9q8yqr,37.704337,-122.410274,75.36765574548627,11523.575627962846
2739,2021,4,CA,3104,MARTIN,9q8yqr,37.704337,-122.410274,76.5443985783621,12864.767663832408
2740,2021,5,CA,3104,MARTIN,9q8yqr,37.704337,-122.410274,77.40806909796298,14188.498291688904
2741,2021,6,CA,3104,MARTIN,9q8yqr,37.704337,-122.410274,78.41022286147815,14271.300371022395
2742,2021,7,CA,3104,MARTIN,9q8yqr,37.704337,-122.410274,79.25938018705219,14608.273226201765
2743,2021,8,CA,3104,MARTIN,9q8yqr,37.704337,-122.410274,80.26199248135039,13832.53843405437
2744,2021,9,CA,3104,MARTIN,9q8yqr,37.704337,-122.410274,81.32089985042096,12338.177490142338
2745,2021,10,CA,3104,MARTIN,9q8yqr,37.704337,-122.410274,82.24640255137122,11040.75656660898
2746,2021,11,CA,3104,MARTIN,9q8yqr,37.704337,-122.410274,83.31308410144516,9302.829371639677
2747,2021,12,CA,3104,MARTIN,9q8yqr,37.704337,-122.410274,84.52559233539812,8134.231601696339
2748,2022,1,CA,3104,MARTIN,9q8yqr,37.704337,-122.410274,85.4789195179556,9162.74762688879
2749,2022,2,CA,3104,MARTIN,9q8yqr,37.704337,-122.410274,86.49730943965206,9791.067655474704
2750,2022,3,CA,3104,MARTIN,9q8yqr,37.704337,-122.410274,87.73392527689518,14008.740788395666
2751,2022,4,CA,3104,MARTIN,9q8yqr,37.704337,-122.410274,88.9603353304976,15328.416899487744
2752,2022,5,CA,3104,MARTIN,9q8yqr,37.704337,-122.410274,90.13538993639949,16999.958910855163
2753,2022,6,CA,3104,MARTIN,9q8yqr,37.704337,-122.410274,91.27166395395395,16985.855018079114
2754,2022,7,CA,3104,MARTIN,9q8yqr,37.704337,-122.410274,92.49043182783905,17510.487473748683
2755,2022,8,CA,3104,MARTIN,9q8yqr,37.704337,-122.410274,93.81035437143726,17012.56736800925
2756,2022,9,CA,3104,MARTIN,9q8yqr,37.704337,-122.410274,95.00859257162712,15245.099125866927
2757,2022,10,CA,3104,MARTIN,9q8yqr,37.704337,-122.410274,96.4331296081196,14341.352522560359
2758,2022,11,CA,3104,MARTIN,9q8yqr,37.704337,-122.410274,97.78348192186503,11369.21538052424
2759,2022,12,CA,3104,MARTIN,9q8yqr,37.704337,-122.410274,98.62549728312142,9820.625195861041
2760,2018,1,CA,3105,POTRERO,9q8yyc,37.75843,-122.398,35.127839379472476,3615.3999304803037
2761,2018,2,CA,3105,POTRERO,9q8yyc,37.75843,-122.398,35.61510459308574,3961.304521402494
2762,2018,3,CA,3105,POTRERO,9q8yyc,37.75843,-122.398,36.26040932776185,5509.056825965879
2763,2018,4,CA,3105,POTRERO,9q8yyc,37.75843,-122.398,36.90408854323652,6264.23474170417
2764,2018,5,CA,3105,POTRERO,9q8yyc,37.75843,-122.398,37.52464633136851,6898.746561926305
2765,2018,6,CA,3105,POTRERO,9q8yyc,37.75843,-122.398,38.02804007316237,7056.048799200447
2766,2018,7,CA,3105,POTRERO,9q8yyc,37.75843,-122.398,38.565559162867146,7171.17678246323
2767,2018,8,CA,3105,POTRERO,9q8yyc,37.75843,-122.398,39.15349045845579,6953.692884461963
2768,2018,9,CA,3105,POTRERO,9q8yyc,37.75843,-122.398,39.746250812711075,6308.455899103995
2769,2018,10,CA,3105,POTRERO,9q8yyc,37.75843,-122.398,40.32891500387425,5765.333190833088
2770,2018,11,CA,3105,POTRERO,9q8yyc,37.75843,-122.398,40.89300183273516,4560.532146297551
2771,2018,12,CA,3105,POTRERO,9q8yyc,37.75843,-122.398,41.53134533420767,4116.259155346543
2772,2019,1,CA,3105,POTRERO,9q8yyc,37.75843,-122.398,42.01046184117471,4295.123055124674
2773,2019,2,CA,3105,POTRERO,9q8yyc,37.75843,-122.398,42.46252506428908,4514.634297507391
2774,2019,3,CA,3105,POTRERO,9q8yyc,37.75843,-122.398,43.09982886679183,6591.645510400201
2775,2019,4,CA,3105,POTRERO,9q8yyc,37.75843,-122.398,43.57911953653046,7397.627128822241
2776,2019,5,CA,3105,POTRERO,9q8yyc,37.75843,-122.398,44.08061332081613,8047.9717541164855
2777,2019,6,CA,3105,POTRERO,9q8yyc,37.75843,-122.398,44.58642950843293,8232.813004657924
2778,2019,7,CA,3105,POTRERO,9q8yyc,37.75843,-122.398,45.07967958819697,8581.011810104228
2779,2019,8,CA,3105,POTRERO,9q8yyc,37.75843,-122.398,45.70117152210382,8313.221058862924
2780,2019,9,CA,3105,POTRERO,9q8yyc,37.75843,-122.398,46.31073066732732,7377.259652944064
2781,2019,10,CA,3105,POTRERO,9q8yyc,37.75843,-122.398,46.86967705559664,6747.347767068402
2782,2019,11,CA,3105,POTRERO,9q8yyc,37.75843,-122.398,47.4951377896317,5241.798838642849
2783,2019,12,CA,3105,POTRERO,9q8yyc,37.75843,-122.398,48.29500406759873,4676.8172300711185
2784,2020,1,CA,3105,POTRERO,9q8yyc,37.75843,-122.398,48.92280280490081,5058.957161437282
2785,2020,2,CA,3105,POTRERO,9q8yyc,37.75843,-122.398,49.43342694054527,5666.868119910722
2786,2020,3,CA,3105,POTRERO,9q8yyc,37.75843,-122.398,50.065447805643316,7484.291167836783
2787,2020,4,CA,3105,POTRERO,9q8yyc,37.75843,-122.398,50.54191492741838,8319.24980875449
2788,2020,5,CA,3105,POTRERO,9q8yyc,37.75843,-122.398,51.005520392394985,9412.897005869456
2789,2020,6,CA,3105,POTRERO,9q8yyc,37.75843,-122.398,51.674352934214134,9436.624920759381
2790,2020,7,CA,3105,POTRERO,9q8yyc,37.75843,-122.398,52.25567132214235,9787.26361997174
2791,2020,8,CA,3105,POTRERO,9q8yyc,37.75843,-122.398,52.831997043951816,9316.74115913552
2792,2020,9,CA,3105,POTRERO,9q8yyc,37.75843,-122.398,53.43044143775242,8267.085852603395
2793,2020,10,CA,3105,POTRERO,9q8yyc,37.75843,-122.398,54.08973197075268,7536.440853195927
2794,2020,11,CA,3105,POTRERO,9q8yyc,37.75843,-122.398,54.69575508394706,6110.512604918023
2795,2020,12,CA,3105,POTRERO,9q8yyc,37.75843,-122.398,55.660178792761975,5472.8502012685785
2796,2021,1,CA,3105,POTRERO,9q8yyc,37.75843,-122.398,56.21001594031149,5797.231909930586
2797,2021,2,CA,3105,POTRERO,9q8yyc,37.75843,-122.398,56.801731317937275,6198.956244410267
2798,2021,3,CA,3105,POTRERO,9q8yyc,37.75843,-122.398,57.253472603807204,8753.950417954775
2799,2021,4,CA,3105,POTRERO,9q8yyc,37.75843,-122.398,58.14739205608919,9772.794651897942
2800,2021,5,CA,3105,POTRERO,9q8yyc,37.75843,-122.398,58.803484327283996,10778.374226944514
2801,2021,6,CA,3105,POTRERO,9q8yyc,37.75843,-122.398,59.56477619017512,10841.275302130765
2802,2021,7,CA,3105,POTRERO,9q8yyc,37.75843,-122.398,60.20984343016271,11097.258667161914
2803,2021,8,CA,3105,POTRERO,9q8yyc,37.75843,-122.398,60.971483618597,10507.967276435715
2804,2021,9,CA,3105,POTRERO,9q8yyc,37.75843,-122.398,61.7758886839447,9372.76740168585
2805,2021,10,CA,3105,POTRERO,9q8yyc,37.75843,-122.398,62.478952126869665,8387.174144653014
2806,2021,11,CA,3105,POTRERO,9q8yyc,37.75843,-122.398,63.28926289347198,7066.947768227002
2807,2021,12,CA,3105,POTRERO,9q8yyc,37.75843,-122.398,64.21035173812102,6179.215759787451
2808,2022,1,CA,3105,POTRERO,9q8yyc,37.75843,-122.398,64.93455220832456,6960.533866188277
2809,2022,2,CA,3105,POTRERO,9q8yyc,37.75843,-122.398,65.70817796203966,7437.840785014945
2810,2022,3,CA,3105,POTRERO,9q8yyc,37.75843,-122.398,66.64758028600372,10641.820407028938
2811,2022,4,CA,3105,POTRERO,9q8yyc,37.75843,-122.398,67.57922972780243,11644.319945126012
2812,2022,5,CA,3105,POTRERO,9q8yyc,37.75843,-122.398,68.47186670876638,12914.11643550801
2813,2022,6,CA,3105,POTRERO,9q8yyc,37.75843,-122.398,69.33504379303398,12903.402332347001
2814,2022,7,CA,3105,POTRERO,9q8yyc,37.75843,-122.398,70.26088780911324,13301.942390819562
2815,2022,8,CA,3105,POTRERO,9q8yyc,37.75843,-122.398,71.26357455107912,12923.694522408918
2816,2022,9,CA,3105,POTRERO,9q8yyc,37.75843,-122.398,72.17382308261202,11581.027119812212
2817,2022,10,CA,3105,POTRERO,9q8yyc,37.75843,-122.398,73.25598082501752,10894.490821430723
2818,2022,11,CA,3105,POTRERO,9q8yyc,37.75843,-122.398,74.28178371666634,8636.689769332672
2819,2022,12,CA,3105,POTRERO,9q8yyc,37.75843,-122.398,74.92142552243611,7460.294340349873
2820,2018,1,CA,3201,C.COSTA,9qc0p1,37.978056,-122.031111,68.04398027732891,7003.169164682979
2821,2018,2,CA,3201,C.COSTA,9qc0p1,37.978056,-122.031111,68.98783179710966,7673.199703945269
2822,2018,3,CA,3201,C.COSTA,9qc0p1,37.978056,-122.031111,70.23781196710632,10671.255637537473
2823,2018,4,CA,3201,C.COSTA,9qc0p1,37.978056,-122.031111,71.48464344368952,12134.064398682016
2824,2018,5,CA,3201,C.COSTA,9qc0p1,37.978056,-122.031111,72.6866878233752,13363.138276939295
2825,2018,6,CA,3201,C.COSTA,9qc0p1,37.978056,-122.031111,73.66178092455718,13667.838780008557
2826,2018,7,CA,3201,C.COSTA,9qc0p1,37.978056,-122.031111,74.70297614136099,13890.846125774297
2827,2018,8,CA,3201,C.COSTA,9qc0p1,37.978056,-122.031111,75.84182174610478,13469.571423781594
2828,2018,9,CA,3201,C.COSTA,9qc0p1,37.978056,-122.031111,76.99002142381393,12219.72248682827
2829,2018,10,CA,3201,C.COSTA,9qc0p1,37.978056,-122.031111,78.11866444405563,11167.672844647574
2830,2018,11,CA,3201,C.COSTA,9qc0p1,37.978056,-122.031111,79.21132239671473,8833.92673442175
2831,2018,12,CA,3201,C.COSTA,9qc0p1,37.978056,-122.031111,80.4478183893985,7973.352808782424
2832,2019,1,CA,3201,C.COSTA,9qc0p1,37.978056,-122.031111,81.37588554998963,8319.819084073508
2833,2019,2,CA,3201,C.COSTA,9qc0p1,37.978056,-122.031111,82.25154945591363,8745.02083035768
2834,2019,3,CA,3201,C.COSTA,9qc0p1,37.978056,-122.031111,83.48603151157644,12768.271690712521
2835,2019,4,CA,3201,C.COSTA,9qc0p1,37.978056,-122.031111,84.41443603217616,14329.489184204218
2836,2019,5,CA,3201,C.COSTA,9qc0p1,37.978056,-122.031111,85.38584884235536,15589.231816791176
2837,2019,6,CA,3201,C.COSTA,9qc0p1,37.978056,-122.031111,86.36563431456587,15947.276451145439
2838,2019,7,CA,3201,C.COSTA,9qc0p1,37.978056,-122.031111,87.3210787510053,16621.750972462654
2839,2019,8,CA,3201,C.COSTA,9qc0p1,37.978056,-122.031111,88.52493260710068,16103.029954666084
2840,2019,9,CA,3201,C.COSTA,9qc0p1,37.978056,-122.031111,89.70567219109259,14290.036597553999
2841,2019,10,CA,3201,C.COSTA,9qc0p1,37.978056,-122.031111,90.78837291198312,13069.872969613205
2842,2019,11,CA,3201,C.COSTA,9qc0p1,37.978056,-122.031111,91.99991448706204,10153.566604007168
2843,2019,12,CA,3201,C.COSTA,9qc0p1,37.978056,-122.031111,93.54928633013344,9059.175428523327
2844,2020,1,CA,3201,C.COSTA,9qc0p1,37.978056,-122.031111,94.76535670775186,9799.395220357548
2845,2020,2,CA,3201,C.COSTA,9qc0p1,37.978056,-122.031111,95.75445536080548,10976.942203019711
2846,2020,3,CA,3201,C.COSTA,9qc0p1,37.978056,-122.031111,96.9787041628745,14497.360771686628
2847,2020,4,CA,3201,C.COSTA,9qc0p1,37.978056,-122.031111,97.90163936212286,16114.70787582392
2848,2020,5,CA,3201,C.COSTA,9qc0p1,37.978056,-122.031111,98.79966103588866,18233.14469475145
2849,2020,6,CA,3201,C.COSTA,9qc0p1,37.978056,-122.031111,100.0952154761362,18279.106581429165
2850,2020,7,CA,3201,C.COSTA,9qc0p1,37.978056,-122.031111,101.22125162358427,18958.307271113947
2851,2020,8,CA,3201,C.COSTA,9qc0p1,37.978056,-122.031111,102.3376167841195,18046.887109477437
2852,2020,9,CA,3201,C.COSTA,9qc0p1,37.978056,-122.031111,103.49682666574526,16013.664280025465
2853,2020,10,CA,3201,C.COSTA,9qc0p1,37.978056,-122.031111,104.77389786673447,14598.376724410442
2854,2020,11,CA,3201,C.COSTA,9qc0p1,37.978056,-122.031111,105.94778802024904,11836.298688395324
2855,2020,12,CA,3201,C.COSTA,9qc0p1,37.978056,-122.031111,107.81591395628193,10601.122008474837
2856,2021,1,CA,3201,C.COSTA,9qc0p1,37.978056,-122.031111,108.88096972642035,11229.461894343882
2857,2021,2,CA,3201,C.COSTA,9qc0p1,37.978056,-122.031111,110.02714524407797,12007.6174306685
2858,2021,3,CA,3201,C.COSTA,9qc0p1,37.978056,-122.031111,110.90218554513761,16956.739728664033
2859,2021,4,CA,3201,C.COSTA,9qc0p1,37.978056,-122.031111,112.63374201587635,18930.280321673323
2860,2021,5,CA,3201,C.COSTA,9qc0p1,37.978056,-122.031111,113.90461806034423,20878.12675858621
2861,2021,6,CA,3201,C.COSTA,9qc0p1,37.978056,-122.031111,115.379269773029,20999.968568244938
2862,2021,7,CA,3201,C.COSTA,9qc0p1,37.978056,-122.031111,116.62878990665033,21495.81822336726
2863,2021,8,CA,3201,C.COSTA,9qc0p1,37.978056,-122.031111,118.10411633935226,20354.33806186308
2864,2021,9,CA,3201,C.COSTA,9qc0p1,37.978056,-122.031111,119.66227998870804,18155.412103056613
2865,2021,10,CA,3201,C.COSTA,9qc0p1,37.978056,-122.031111,121.02414100518868,16246.279935303637
2866,2021,11,CA,3201,C.COSTA,9qc0p1,37.978056,-122.031111,122.59374422574473,13688.950503547108
2867,2021,12,CA,3201,C.COSTA,9qc0p1,37.978056,-122.031111,124.37792885782295,11969.379350272226
2868,2022,1,CA,3201,C.COSTA,9qc0p1,37.978056,-122.031111,125.78073311170935,13482.82266934311
2869,2022,2,CA,3201,C.COSTA,9qc0p1,37.978056,-122.031111,127.27927604682037,14407.384587883804
2870,2022,3,CA,3201,C.COSTA,9qc0p1,37.978056,-122.031111,129.09893459495302,20613.616740513222
2871,2022,4,CA,3201,C.COSTA,9qc0p1,37.978056,-122.031111,130.90357551118828,22555.49702701244
2872,2022,5,CA,3201,C.COSTA,9qc0p1,37.978056,-122.031111,132.63264778550013,25015.14182367661
2873,2022,6,CA,3201,C.COSTA,9qc0p1,37.978056,-122.031111,134.30465510320803,24994.388192452625
2874,2022,7,CA,3201,C.COSTA,9qc0p1,37.978056,-122.031111,136.09805068582375,25766.375663286926
2875,2022,8,CA,3201,C.COSTA,9qc0p1,37.978056,-122.031111,138.04029359344005,25033.69494757186
2876,2022,9,CA,3201,C.COSTA,9qc0p1,37.978056,-122.031111,139.80348012074143,22432.896382241066
2877,2022,10,CA,3201,C.COSTA,9qc0p1,37.978056,-122.031111,141.89966142257887,21103.049082437057
2878,2022,11,CA,3201,C.COSTA,9qc0p1,37.978056,-122.031111,143.88668120406214,16729.601327808905
2879,2022,12,CA,3201,C.COSTA,9qc0p1,37.978056,-122.031111,145.12569206226445,14450.877990932628
2880,2018,1,CA,3202,MORAGA,9q9pk4,37.848161,-122.16088,86.27255124380449,8879.27584727795
2881,2018,2,CA,3202,MORAGA,9q9pk4,37.848161,-122.16088,87.4692548798197,9728.80351743806
2882,2018,3,CA,3202,MORAGA,9q9pk4,37.848161,-122.16088,89.05409718078819,13530.020511335804
2883,2018,4,CA,3202,MORAGA,9q9pk4,37.848161,-122.16088,90.6349472724127,15384.706896396916
2884,2018,5,CA,3202,MORAGA,9q9pk4,37.848161,-122.16088,92.15901207463462,16943.042236454938
2885,2018,6,CA,3202,MORAGA,9q9pk4,37.848161,-122.16088,93.3953267228421,17329.37016227462
2886,2018,7,CA,3202,MORAGA,9q9pk4,37.848161,-122.16088,94.71545184383595,17612.11982781307
2887,2018,8,CA,3202,MORAGA,9q9pk4,37.848161,-122.16088,96.1593873013679,17077.988179910437
2888,2018,9,CA,3202,MORAGA,9q9pk4,37.848161,-122.16088,97.61518273146397,15493.312268524247
2889,2018,10,CA,3202,MORAGA,9q9pk4,37.848161,-122.16088,99.04618239378394,14159.424887213883
2890,2018,11,CA,3202,MORAGA,9q9pk4,37.848161,-122.16088,100.43155680645835,11200.48230237557
2891,2018,12,CA,3202,MORAGA,9q9pk4,37.848161,-122.16088,101.99930260052841,10109.365824529881
2892,2019,1,CA,3202,MORAGA,9q9pk4,37.848161,-122.16088,103.17599334294911,10548.648320460812
2893,2019,2,CA,3202,MORAGA,9q9pk4,37.848161,-122.16088,104.2862423155735,11087.759044080232
2894,2019,3,CA,3202,MORAGA,9q9pk4,37.848161,-122.16088,105.85143465106965,16188.814487955993
2895,2019,4,CA,3202,MORAGA,9q9pk4,37.848161,-122.16088,107.0285531302058,18168.27270984462
2896,2019,5,CA,3202,MORAGA,9q9pk4,37.848161,-122.16088,108.26020155969951,19765.49277811382
2897,2019,6,CA,3202,MORAGA,9q9pk4,37.848161,-122.16088,109.50246563676701,20219.4554055057
2898,2019,7,CA,3202,MORAGA,9q9pk4,37.848161,-122.16088,110.71386786173053,21074.617573647818
2899,2019,8,CA,3202,MORAGA,9q9pk4,37.848161,-122.16088,112.24022688815339,20416.934331034754
2900,2019,9,CA,3202,MORAGA,9q9pk4,37.848161,-122.16088,113.73727946871018,18118.251013735586
2901,2019,10,CA,3202,MORAGA,9q9pk4,37.848161,-122.16088,115.11002916742018,16571.212926188236
2902,2019,11,CA,3202,MORAGA,9q9pk4,37.848161,-122.16088,116.6461354062673,12873.64571533523
2903,2019,12,CA,3202,MORAGA,9q9pk4,37.848161,-122.16088,118.61057459959918,11486.073759919289
2904,2020,1,CA,3202,MORAGA,9q9pk4,37.848161,-122.16088,120.15242287980793,12424.593959096603
2905,2020,2,CA,3202,MORAGA,9q9pk4,37.848161,-122.16088,121.40649508256496,13917.598659727806
2906,2020,3,CA,3202,MORAGA,9q9pk4,37.848161,-122.16088,122.95871273769316,18381.116080770713
2907,2020,4,CA,3202,MORAGA,9q9pk4,37.848161,-122.16088,124.1288966973519,20431.74069667363
2908,2020,5,CA,3202,MORAGA,9q9pk4,37.848161,-122.16088,125.26749294866232,23117.693932695314
2909,2020,6,CA,3202,MORAGA,9q9pk4,37.848161,-122.16088,126.91011859136938,23175.968730958197
2910,2020,7,CA,3202,MORAGA,9q9pk4,37.848161,-122.16088,128.33781301543377,24037.123179402202
2911,2020,8,CA,3202,MORAGA,9q9pk4,37.848161,-122.16088,129.7532456536559,22881.539066319085
2912,2020,9,CA,3202,MORAGA,9q9pk4,37.848161,-122.16088,131.22300085473728,20303.628132404883
2913,2020,10,CA,3202,MORAGA,9q9pk4,37.848161,-122.16088,132.8421917101264,18509.193596552228
2914,2020,11,CA,3202,MORAGA,9q9pk4,37.848161,-122.16088,134.33055993918816,15007.171552422988
2915,2020,12,CA,3202,MORAGA,9q9pk4,37.848161,-122.16088,136.6991455200052,13441.09850702977
2916,2021,1,CA,3202,MORAGA,9q9pk4,37.848161,-122.16088,138.0495232923265,14237.766849787267
2917,2021,2,CA,3202,MORAGA,9q9pk4,37.848161,-122.16088,139.50275230213,15224.385550069028
2918,2021,3,CA,3202,MORAGA,9q9pk4,37.848161,-122.16088,140.6122106099168,21499.347792510554
2919,2021,4,CA,3202,MORAGA,9q9pk4,37.848161,-122.16088,142.80764059129785,24001.587979639215
2920,2021,5,CA,3202,MORAGA,9q9pk4,37.848161,-122.16088,144.4189766451855,26471.250701583467
2921,2021,6,CA,3202,MORAGA,9q9pk4,37.848161,-122.16088,146.28867863690962,26625.733195473123
2922,2021,7,CA,3202,MORAGA,9q9pk4,37.848161,-122.16088,147.8729376605389,27254.41797561695
2923,2021,8,CA,3202,MORAGA,9q9pk4,37.848161,-122.16088,149.7434951256939,25807.142179495317
2924,2021,9,CA,3202,MORAGA,9q9pk4,37.848161,-122.16088,151.71908139706417,23019.13724960632
2925,2021,10,CA,3202,MORAGA,9q9pk4,37.848161,-122.16088,153.4457767469306,20598.56011548853
2926,2021,11,CA,3202,MORAGA,9q9pk4,37.848161,-122.16088,155.43586718146943,17356.137588921345
2927,2021,12,CA,3202,MORAGA,9q9pk4,37.848161,-122.16088,157.69802409045704,15175.903719097249
2928,2022,1,CA,3202,MORAGA,9q9pk4,37.848161,-122.16088,159.47663112351393,17094.789354049437
2929,2022,2,CA,3202,MORAGA,9q9pk4,37.848161,-122.16088,161.37662465172147,18267.035821264824
2930,2022,3,CA,3202,MORAGA,9q9pk4,37.848161,-122.16088,163.68375872442218,26135.88004872492
2931,2022,4,CA,3202,MORAGA,9q9pk4,37.848161,-122.16088,165.97185203242708,28597.97832462716
2932,2022,5,CA,3202,MORAGA,9q9pk4,37.848161,-122.16088,168.1641323161763,31716.547092898763
2933,2022,6,CA,3202,MORAGA,9q9pk4,37.848161,-122.16088,170.2840602864252,31690.233689332883
2934,2022,7,CA,3202,MORAGA,9q9pk4,37.848161,-122.16088,172.55789570391585,32669.03193666759
2935,2022,8,CA,3202,MORAGA,9q9pk4,37.848161,-122.16088,175.02045374494028,31740.070486525387
2936,2022,9,CA,3202,MORAGA,9q9pk4,37.848161,-122.16088,177.25598728382224,28442.533708285606
2937,2022,10,CA,3202,MORAGA,9q9pk4,37.848161,-122.16088,179.91372288426786,26756.428356259305
2938,2022,11,CA,3202,MORAGA,9q9pk4,37.848161,-122.16088,182.43305325297624,21211.36038719795
2939,2022,12,CA,3202,MORAGA,9q9pk4,37.848161,-122.16088,184.00398762983403,18322.18084405749
2940,2018,1,CA,3203,NEWARK,9q9m24,37.501131,-121.987444,96.64600429917175,9946.924245748243
2941,2018,2,CA,3203,NEWARK,9q9m24,37.501131,-121.987444,97.98660015595033,10898.59953155887
2942,2018,3,CA,3203,NEWARK,9q9m24,37.501131,-121.987444,99.76200465743607,15156.876685043517
2943,2018,4,CA,3203,NEWARK,9q9m24,37.501131,-121.987444,101.53293692440621,17234.571453077908
2944,2018,5,CA,3203,NEWARK,9q9m24,37.501131,-121.987444,103.24025601146444,18980.281783924467
2945,2018,6,CA,3203,NEWARK,9q9m24,37.501131,-121.987444,104.62522572759266,19413.06196535373
2946,2018,7,CA,3203,NEWARK,9q9m24,37.501131,-121.987444,106.10408332806472,19729.809586668347
2947,2018,8,CA,3203,NEWARK,9q9m24,37.501131,-121.987444,107.72163827948829,19131.45369252492
2948,2018,9,CA,3203,NEWARK,9q9m24,37.501131,-121.987444,109.35247925228128,17356.235587384876
2949,2018,10,CA,3203,NEWARK,9q9m24,37.501131,-121.987444,110.95554300225494,15861.960945796714
2950,2018,11,CA,3203,NEWARK,9q9m24,37.501131,-121.987444,112.50749550062167,12547.233681418726
2951,2018,12,CA,3203,NEWARK,9q9m24,37.501131,-121.987444,114.26374780299676,11324.92083349139
2952,2019,1,CA,3203,NEWARK,9q9m24,37.501131,-121.987444,115.58192440622956,11817.022868011209
2953,2019,2,CA,3203,NEWARK,9q9m24,37.501131,-121.987444,116.8256702493098,12420.956524330359
2954,2019,3,CA,3203,NEWARK,9q9m24,37.501131,-121.987444,118.57906206402393,18135.365328191183
2955,2019,4,CA,3203,NEWARK,9q9m24,37.501131,-121.987444,119.89771783524056,20352.83455872373
2956,2019,5,CA,3203,NEWARK,9q9m24,37.501131,-121.987444,121.27746026427259,22142.10513620366
2957,2019,6,CA,3203,NEWARK,9q9m24,37.501131,-121.987444,122.66909477144843,22650.652448251876
2958,2019,7,CA,3203,NEWARK,9q9m24,37.501131,-121.987444,124.02615658257989,23608.639726791844
2959,2019,8,CA,3203,NEWARK,9q9m24,37.501131,-121.987444,125.7360457524604,22871.876334766384
2960,2019,9,CA,3203,NEWARK,9q9m24,37.501131,-121.987444,127.41310465532864,20296.798229816017
2961,2019,10,CA,3203,NEWARK,9q9m24,37.501131,-121.987444,128.95091443805185,18563.74353855556
2962,2019,11,CA,3203,NEWARK,9q9m24,37.501131,-121.987444,130.67172282986658,14421.579067880548
2963,2019,12,CA,3203,NEWARK,9q9m24,37.501131,-121.987444,132.87236713662512,12867.164793176116
2964,2020,1,CA,3203,NEWARK,9q9m24,37.501131,-121.987444,134.59960799561648,13918.533112494992
2965,2020,2,CA,3203,NEWARK,9q9m24,37.501131,-121.987444,136.004470443194,15591.057416408505
2966,2020,3,CA,3203,NEWARK,9q9m24,37.501131,-121.987444,137.74332749573242,20591.270318939532
2967,2020,4,CA,3203,NEWARK,9q9m24,37.501131,-121.987444,139.05421493751444,22888.463024930978
2968,2020,5,CA,3203,NEWARK,9q9m24,37.501131,-121.987444,140.32971654970387,25897.37656989315
2969,2020,6,CA,3203,NEWARK,9q9m24,37.501131,-121.987444,142.16985228973041,25962.65835792712
2970,2020,7,CA,3203,NEWARK,9q9m24,37.501131,-121.987444,143.769213378011,26927.358431434528
2971,2020,8,CA,3203,NEWARK,9q9m24,37.501131,-121.987444,145.35483831742215,25632.82632880234
2972,2020,9,CA,3203,NEWARK,9q9m24,37.501131,-121.987444,147.0013175907778,22744.94614431729
2973,2020,10,CA,3203,NEWARK,9q9m24,37.501131,-121.987444,148.81520073338808,20734.74793681903
2974,2020,11,CA,3203,NEWARK,9q9m24,37.501131,-121.987444,150.4825310741607,16811.641077764427
2975,2020,12,CA,3203,NEWARK,9q9m24,37.501131,-121.987444,153.13591652441463,15057.262656171626
2976,2021,1,CA,3203,NEWARK,9q9m24,37.501131,-121.987444,154.64866436956015,15949.722783629424
2977,2021,2,CA,3203,NEWARK,9q9m24,37.501131,-121.987444,156.27663033445026,17054.97299095909
2978,2021,3,CA,3203,NEWARK,9q9m24,37.501131,-121.987444,157.5194904427725,24084.4397114497
2979,2021,4,CA,3203,NEWARK,9q9m24,37.501131,-121.987444,159.97889998103304,26887.55046216096
2980,2021,5,CA,3203,NEWARK,9q9m24,37.501131,-121.987444,161.78398385703142,29654.166617605526
2981,2021,6,CA,3203,NEWARK,9q9m24,37.501131,-121.987444,163.87849971549593,29827.224160860675
2982,2021,7,CA,3203,NEWARK,9q9m24,37.501131,-121.987444,165.65325080609466,30531.502301342432
2983,2021,8,CA,3203,NEWARK,9q9m24,37.501131,-121.987444,167.74872500052683,28910.205367410585
2984,2021,9,CA,3203,NEWARK,9q9m24,37.501131,-121.987444,169.96185671534843,25786.96938382752
2985,2021,10,CA,3203,NEWARK,9q9m24,37.501131,-121.987444,171.8961707445575,23075.340890897973
2986,2021,11,CA,3203,NEWARK,9q9m24,37.501131,-121.987444,174.125550610103,19443.047920254572
2987,2021,12,CA,3203,NEWARK,9q9m24,37.501131,-121.987444,176.65971035383865,17000.66168131335
2988,2022,1,CA,3203,NEWARK,9q9m24,37.501131,-121.987444,178.65217795199257,19150.275047923114
2989,2022,2,CA,3203,NEWARK,9q9m24,37.501131,-121.987444,180.78062761585633,20463.472994162395
2990,2022,3,CA,3203,NEWARK,9q9m24,37.501131,-121.987444,183.3651725991022,29278.470836146756
2991,2022,4,CA,3203,NEWARK,9q9m24,37.501131,-121.987444,185.92838734694735,32036.612992919007
2992,2022,5,CA,3203,NEWARK,9q9m24,37.501131,-121.987444,188.38426846641795,35530.15996980042
2993,2022,6,CA,3203,NEWARK,9q9m24,37.501131,-121.987444,190.75909759541418,35500.68262993403
2994,2022,7,CA,3203,NEWARK,9q9m24,37.501131,-121.987444,193.30634007713218,36597.17204929295
2995,2022,8,CA,3203,NEWARK,9q9m24,37.501131,-121.987444,196.06499728140605,35556.51182759056
2996,2022,9,CA,3203,NEWARK,9q9m24,37.501131,-121.987444,198.56933244820968,31862.4776411456
2997,2022,10,CA,3203,NEWARK,9q9m24,37.501131,-121.987444,201.5466354555225,29973.63417063918
2998,2022,11,CA,3203,NEWARK,9q9m24,37.501131,-121.987444,204.36889131946634,23761.824562011334
2999,2022,12,CA,3203,NEWARK,9q9m24,37.501131,-121.987444,206.12871560135716,20525.24868101831
3000,2018,1,CA,3204,PITSBURG,9qc26h,38.037129,-121.897096,97.20219101173156,10004.167658307737
3001,2018,2,CA,3204,PITSBURG,9qc26h,38.037129,-121.897096,98.55050184449759,10961.3197266556
3002,2018,3,CA,3204,PITSBURG,9qc26h,38.037129,-121.897096,100.33612359604251,15244.10277863382
3003,2018,4,CA,3204,PITSBURG,9qc26h,38.037129,-121.897096,102.11724737587316,17333.75444267354
3004,2018,5,CA,3204,PITSBURG,9qc26h,38.037129,-121.897096,103.83439188920956,19089.511137019927
3005,2018,6,CA,3204,PITSBURG,9qc26h,38.037129,-121.897096,105.22733194781593,19524.781918946497
3006,2018,7,CA,3204,PITSBURG,9qc26h,38.037129,-121.897096,106.71470020481347,19843.35238663213
3007,2018,8,CA,3204,PITSBURG,9qc26h,38.037129,-121.897096,108.34156400017054,19241.553022682394
3008,2018,9,CA,3204,PITSBURG,9qc26h,38.037129,-121.897096,109.98179027643204,17456.118740172846
3009,2018,10,CA,3204,PITSBURG,9qc26h,38.037129,-121.897096,111.59407947513051,15953.244718749034
3010,2018,11,CA,3204,PITSBURG,9qc26h,38.037129,-121.897096,113.15496328280874,12619.441577685033
3011,2018,12,CA,3204,PITSBURG,9qc26h,38.037129,-121.897096,114.92132261652533,11390.094458971873
3012,2019,1,CA,3204,PITSBURG,9qc26h,38.037129,-121.897096,116.24708517550295,11885.028484475783
3013,2019,2,CA,3204,PITSBURG,9qc26h,38.037129,-121.897096,117.4979886338073,12492.43770998528
3014,2019,3,CA,3204,PITSBURG,9qc26h,38.037129,-121.897096,119.26147101808327,18239.732283618887
3015,2019,4,CA,3204,PITSBURG,9qc26h,38.037129,-121.897096,120.58771550260171,20469.962796218668
3016,2019,5,CA,3204,PITSBURG,9qc26h,38.037129,-121.897096,121.97539819167189,22269.530421440868
3017,2019,6,CA,3204,PITSBURG,9qc26h,38.037129,-121.897096,123.37504139643686,22781.004365166413
3018,2019,7,CA,3204,PITSBURG,9qc26h,38.037129,-121.897096,124.73991294324179,23744.504751040604
3019,2019,8,CA,3204,PITSBURG,9qc26h,38.037129,-121.897096,126.45964232993347,23003.501369872123
3020,2019,9,CA,3204,PITSBURG,9qc26h,38.037129,-121.897096,128.14635251517723,20413.603984640456
3021,2019,10,CA,3204,PITSBURG,9qc26h,38.037129,-121.897096,129.69301221749927,18670.575761640037
3022,2019,11,CA,3204,PITSBURG,9qc26h,38.037129,-121.897096,131.4237236649998,14504.573607694692
3023,2019,12,CA,3204,PITSBURG,9qc26h,38.037129,-121.897096,133.63703242831158,12941.213856437214
3024,2020,1,CA,3204,PITSBURG,9qc26h,38.037129,-121.897096,135.37421336110248,13998.632680310851
3025,2020,2,CA,3204,PITSBURG,9qc26h,38.037129,-121.897096,136.78716063155477,15680.782170500977
3026,2020,3,CA,3204,PITSBURG,9qc26h,38.037129,-121.897096,138.53602460775937,20709.770726992298
3027,2020,4,CA,3204,PITSBURG,9qc26h,38.037129,-121.897096,139.85445605699488,23020.18351454352
3028,2020,5,CA,3204,PITSBURG,9qc26h,38.037129,-121.897096,141.13729803523142,26046.41301317687
3029,2020,6,CA,3204,PITSBURG,9qc26h,38.037129,-121.897096,142.98802354619917,26112.07049044228
3030,2020,7,CA,3204,PITSBURG,9qc26h,38.037129,-121.897096,144.59658877480953,27082.322302651988
3031,2020,8,CA,3204,PITSBURG,9qc26h,38.037129,-121.897096,146.1913388045832,25780.34031567448
3032,2020,9,CA,3204,PITSBURG,9qc26h,38.037129,-121.897096,147.84729337804038,22875.840710679266
3033,2020,10,CA,3204,PITSBURG,9qc26h,38.037129,-121.897096,149.67161521089318,20854.074042169814
3034,2020,11,CA,3204,PITSBURG,9qc26h,38.037129,-121.897096,151.34854084727795,16908.390151371572
3035,2020,12,CA,3204,PITSBURG,9qc26h,38.037129,-121.897096,154.0171962276385,15143.915482407065
3036,2021,1,CA,3204,PITSBURG,9qc26h,38.037129,-121.897096,155.5386497637955,16041.51161593134
3037,2021,2,CA,3204,PITSBURG,9qc26h,38.037129,-121.897096,157.1759844868121,17153.12241192505
3038,2021,3,CA,3204,PITSBURG,9qc26h,38.037129,-121.897096,158.42599711305616,24223.04291024817
3039,2021,4,CA,3204,PITSBURG,9qc26h,38.037129,-121.897096,160.89956027221226,27042.285243063467
3040,2021,5,CA,3204,PITSBURG,9qc26h,38.037129,-121.897096,162.71503219967914,29824.822958385957
3041,2021,6,CA,3204,PITSBURG,9qc26h,38.037129,-121.897096,164.82160175760254,29998.87642803004
3042,2021,7,CA,3204,PITSBURG,9qc26h,38.037129,-121.897096,166.60656633795546,30707.207608743756
3043,2021,8,CA,3204,PITSBURG,9qc26h,38.037129,-121.897096,168.7140997469605,29076.58029619661
3044,2021,9,CA,3204,PITSBURG,9qc26h,38.037129,-121.897096,170.939967781942,25935.370446369885
3045,2021,10,CA,3204,PITSBURG,9qc26h,38.037129,-121.897096,172.88541356738625,23208.136841277632
3046,2021,11,CA,3204,PITSBURG,9qc26h,38.037129,-121.897096,175.12762325934267,19554.94043959178
3047,2021,12,CA,3204,PITSBURG,9qc26h,38.037129,-121.897096,177.67636680286589,17098.49854689758
3048,2022,1,CA,3204,PITSBURG,9qc26h,38.037129,-121.897096,179.6803008244,19260.482692830494
3049,2022,2,CA,3204,PITSBURG,9qc26h,38.037129,-121.897096,181.82099947289564,20581.23794321241
3050,2022,3,CA,3204,PITSBURG,9qc26h,38.037129,-121.897096,184.4204182172258,29446.965090629594
3051,2022,4,CA,3204,PITSBURG,9qc26h,38.037129,-121.897096,186.99838397308753,32220.9800403856
3052,2022,5,CA,3204,PITSBURG,9qc26h,38.037129,-121.897096,189.4683984078067,35734.631980967635
3053,2022,6,CA,3204,PITSBURG,9qc26h,38.037129,-121.897096,191.85689440710684,35704.98500237821
3054,2022,7,CA,3204,PITSBURG,9qc26h,38.037129,-121.897096,194.41879597827477,36807.784593067365
3055,2022,8,CA,3204,PITSBURG,9qc26h,38.037129,-121.897096,197.1933289395719,35761.13549068855
3056,2022,9,CA,3204,PITSBURG,9qc26h,38.037129,-121.897096,199.71207626913048,32045.84255955838
3057,2022,10,CA,3204,PITSBURG,9qc26h,38.037129,-121.897096,202.7065133150819,30146.12901068691
3058,2022,11,CA,3204,PITSBURG,9qc26h,38.037129,-121.897096,205.54501093906907,23898.571147484818
3059,2022,12,CA,3204,PITSBURG,9qc26h,38.037129,-121.897096,207.31496280863539,20643.369142088068
3060,2018,1,CA,3205,SOBRANTE,9q9peh,37.905327,-122.208867,80.28008795364421,8262.524240991808
3061,2018,2,CA,3205,SOBRANTE,9q9peh,37.905327,-122.208867,81.39366894514929,9053.043996073306
3062,2018,3,CA,3205,SOBRANTE,9q9peh,37.905327,-122.208867,82.8684286164479,12590.22969652415
3063,2018,4,CA,3205,SOBRANTE,9q9peh,37.905327,-122.208867,84.33947337596237,14316.090169785917
3064,2018,5,CA,3205,SOBRANTE,9q9peh,37.905327,-122.208867,85.75767713376784,15766.184045039363
3065,2018,6,CA,3205,SOBRANTE,9q9peh,37.905327,-122.208867,86.90811776946892,16125.67775904936
3066,2018,7,CA,3205,SOBRANTE,9q9peh,37.905327,-122.208867,88.13654742983337,16388.78772497749
3067,2018,8,CA,3205,SOBRANTE,9q9peh,37.905327,-122.208867,89.4801876011141,15891.756687246036
3068,2018,9,CA,3205,SOBRANTE,9q9peh,37.905327,-122.208867,90.83486395513022,14417.151848163563
3069,2018,10,CA,3205,SOBRANTE,9q9peh,37.905327,-122.208867,92.16646684731813,13175.915849598581
3070,2018,11,CA,3205,SOBRANTE,9q9peh,37.905327,-122.208867,93.45561360483005,10422.500452280516
3071,2018,12,CA,3205,SOBRANTE,9q9peh,37.905327,-122.208867,94.91446428702706,9407.17256935306
3072,2019,1,CA,3205,SOBRANTE,9q9peh,37.905327,-122.208867,96.00942247400378,9815.942646294121
3073,2019,2,CA,3205,SOBRANTE,9q9peh,37.905327,-122.208867,97.04255391485856,10317.60691476593
3074,2019,3,CA,3205,SOBRANTE,9q9peh,37.905327,-122.208867,98.49902850088193,15064.344710122019
3075,2019,4,CA,3205,SOBRANTE,9q9peh,37.905327,-122.208867,99.59438471412126,16906.310409092755
3076,2019,5,CA,3205,SOBRANTE,9q9peh,37.905327,-122.208867,100.74048324513953,18392.588092009726
3077,2019,6,CA,3205,SOBRANTE,9q9peh,37.905327,-122.208867,101.89646006431114,18815.018623265223
3078,2019,7,CA,3205,SOBRANTE,9q9peh,37.905327,-122.208867,103.02371868556693,19610.781505935374
3079,2019,8,CA,3205,SOBRANTE,9q9peh,37.905327,-122.208867,104.44405731150812,18998.7807269923
3080,2019,9,CA,3205,SOBRANTE,9q9peh,37.905327,-122.208867,105.83712510776111,16859.76320369164
3081,2019,10,CA,3205,SOBRANTE,9q9peh,37.905327,-122.208867,107.11452405982573,15420.181877471643
3082,2019,11,CA,3205,SOBRANTE,9q9peh,37.905327,-122.208867,108.54393285999315,11979.44647991833
3083,2019,12,CA,3205,SOBRANTE,9q9peh,37.905327,-122.208867,110.37192274723544,10688.254820267468
3084,2020,1,CA,3205,SOBRANTE,9q9peh,37.905327,-122.208867,111.80667474844306,11561.585712306403
3085,2020,2,CA,3205,SOBRANTE,9q9peh,37.905327,-122.208867,112.97363950474247,12950.886793054084
3086,2020,3,CA,3205,SOBRANTE,9q9peh,37.905327,-122.208867,114.41804062746735,17104.369748847403
3087,2020,4,CA,3205,SOBRANTE,9q9peh,37.905327,-122.208867,115.50694399069198,19012.55864729981
3088,2020,5,CA,3205,SOBRANTE,9q9peh,37.905327,-122.208867,116.56645371749461,21511.946446993297
3089,2020,6,CA,3205,SOBRANTE,9q9peh,37.905327,-122.208867,118.09498311844824,21566.173496762633
3090,2020,7,CA,3205,SOBRANTE,9q9peh,37.905327,-122.208867,119.42351035315255,22367.512437897993
3091,2020,8,CA,3205,SOBRANTE,9q9peh,37.905327,-122.208867,120.74062750166266,21292.194820664452
3092,2020,9,CA,3205,SOBRANTE,9q9peh,37.905327,-122.208867,122.1082939855214,18893.344739988814
3093,2020,10,CA,3205,SOBRANTE,9q9peh,37.905327,-122.208867,123.615016371846,17223.551042127667
3094,2020,11,CA,3205,SOBRANTE,9q9peh,37.905327,-122.208867,125.00000302882827,13964.778307752476
3095,2020,12,CA,3205,SOBRANTE,9q9peh,37.905327,-122.208867,127.20406742720643,12507.48418565443
3096,2021,1,CA,3205,SOBRANTE,9q9peh,37.905327,-122.208867,128.46064839959752,13248.816204985998
3097,2021,2,CA,3205,SOBRANTE,9q9peh,37.905327,-122.208867,129.81293659603813,14166.904691919643
3098,2021,3,CA,3205,SOBRANTE,9q9peh,37.905327,-122.208867,130.8453322913772,20006.010102230302
3099,2021,4,CA,3205,SOBRANTE,9q9peh,37.905327,-122.208867,132.88826842181874,22334.445501528382
3100,2021,5,CA,3205,SOBRANTE,9q9peh,37.905327,-122.208867,134.38768159859399,24632.56625575563
3101,2021,6,CA,3205,SOBRANTE,9q9peh,37.905327,-122.208867,136.12751469937407,24776.31844597095
3102,2021,7,CA,3205,SOBRANTE,9q9peh,37.905327,-122.208867,137.60173160758734,25361.334986196285
3103,2021,8,CA,3205,SOBRANTE,9q9peh,37.905327,-122.208867,139.34236076089263,24014.58649515559
3104,2021,9,CA,3205,SOBRANTE,9q9peh,37.905327,-122.208867,141.180723453766,21420.235478988605
3105,2021,10,CA,3205,SOBRANTE,9q9peh,37.905327,-122.208867,142.78748310742097,19167.790843656097
3106,2021,11,CA,3205,SOBRANTE,9q9peh,37.905327,-122.208867,144.63934250901664,16150.585928965644
3107,2021,12,CA,3205,SOBRANTE,9q9peh,37.905327,-122.208867,146.74437073642184,14121.790393125244
3108,2022,1,CA,3205,SOBRANTE,9q9peh,37.905327,-122.208867,148.3994363046727,15907.390857305429
3109,2022,2,CA,3205,SOBRANTE,9q9peh,37.905327,-122.208867,150.1674569016851,16998.213466984056
3110,2022,3,CA,3205,SOBRANTE,9q9peh,37.905327,-122.208867,152.31433819367152,24320.490339135646
3111,2022,4,CA,3205,SOBRANTE,9q9peh,37.905327,-122.208867,154.4435012862718,26611.572071277446
3112,2022,5,CA,3205,SOBRANTE,9q9peh,37.905327,-122.208867,156.48350649605246,29513.526069355263
3113,2022,6,CA,3205,SOBRANTE,9q9peh,37.905327,-122.208867,158.45618496044634,29489.04038622461
3114,2022,7,CA,3205,SOBRANTE,9q9peh,37.905327,-122.208867,160.57208051096038,30399.85162632395
3115,2022,8,CA,3205,SOBRANTE,9q9peh,37.905327,-122.208867,162.86359007308886,29535.415535727676
3116,2022,9,CA,3205,SOBRANTE,9q9peh,37.905327,-122.208867,164.94384418099844,26466.924587322148
3117,2022,10,CA,3205,SOBRANTE,9q9peh,37.905327,-122.208867,167.41697433288584,24897.935563487034
3118,2022,11,CA,3205,SOBRANTE,9q9peh,37.905327,-122.208867,169.7613128353214,19738.02620822557
3119,2022,12,CA,3205,SOBRANTE,9q9peh,37.905327,-122.208867,171.22313062238499,17049.528134467233
3120,2018,1,CA,3302,JEFFERSN,9q9hgh,37.4198065,-122.2042168,51.60303581221852,5311.047174654587
3121,2018,2,CA,3302,JEFFERSN,9q9hgh,37.4198065,-122.2042168,52.318831736827164,5819.183379678326
3122,2018,3,CA,3302,JEFFERSN,9q9hgh,37.4198065,-122.2042168,53.26678879657006,8092.842079208269
3123,2018,4,CA,3302,JEFFERSN,9q9hgh,37.4198065,-122.2042168,54.212357957511124,9202.203591866859
3124,2018,5,CA,3302,JEFFERSN,9q9hgh,37.4198065,-122.2042168,55.123961583871335,10134.305786610226
3125,2018,6,CA,3302,JEFFERSN,9q9hgh,37.4198065,-122.2042168,55.86345042646195,10365.383846826566
3126,2018,7,CA,3302,JEFFERSN,9q9hgh,37.4198065,-122.2042168,56.653069638055015,10534.507640041402
3127,2018,8,CA,3302,JEFFERSN,9q9hgh,37.4198065,-122.2042168,57.516744724178125,10215.022309449208
3128,2018,9,CA,3302,JEFFERSN,9q9hgh,37.4198065,-122.2042168,58.3875137304431,9267.164773917082
3129,2018,10,CA,3302,JEFFERSN,9q9hgh,37.4198065,-122.2042168,59.24345140421477,8469.313808403085
3130,2018,11,CA,3302,JEFFERSN,9q9hgh,37.4198065,-122.2042168,60.07209880596531,6699.452850655241
3131,2018,12,CA,3302,JEFFERSN,9q9hgh,37.4198065,-122.2042168,61.00982976661848,6046.8127945792785
3132,2019,1,CA,3302,JEFFERSN,9q9hgh,37.4198065,-122.2042168,61.71365518554513,6309.565084182311
3133,2019,2,CA,3302,JEFFERSN,9q9hgh,37.4198065,-122.2042168,62.37773914584101,6632.02859750842
3134,2019,3,CA,3302,JEFFERSN,9q9hgh,37.4198065,-122.2042168,63.31394278161118,9683.172245811467
3135,2019,4,CA,3302,JEFFERSN,9q9hgh,37.4198065,-122.2042168,64.01802404683804,10867.164744471283
3136,2019,5,CA,3302,JEFFERSN,9q9hgh,37.4198065,-122.2042168,64.75472183888103,11822.525437931808
3137,2019,6,CA,3302,JEFFERSN,9q9hgh,37.4198065,-122.2042168,65.49776927091986,12094.058496604328
3138,2019,7,CA,3302,JEFFERSN,9q9hgh,37.4198065,-122.2042168,66.22235700475348,12605.564918423066
3139,2019,8,CA,3302,JEFFERSN,9q9hgh,37.4198065,-122.2042168,67.13533289763294,12212.178477053683
3140,2019,9,CA,3302,JEFFERSN,9q9hgh,37.4198065,-122.2042168,68.03077944248975,10837.244783388787
3141,2019,10,CA,3302,JEFFERSN,9q9hgh,37.4198065,-122.2042168,68.85187550192535,9911.899923597071
3142,2019,11,CA,3302,JEFFERSN,9q9hgh,37.4198065,-122.2042168,69.77068158928206,7700.238271671192
3143,2019,12,CA,3302,JEFFERSN,9q9hgh,37.4198065,-122.2042168,70.94569061107345,6870.276432418166
3144,2020,1,CA,3302,JEFFERSN,9q9hgh,37.4198065,-122.2042168,71.86793124118735,7431.642599877082
3145,2020,2,CA,3302,JEFFERSN,9q9hgh,37.4198065,-122.2042168,72.61804158169528,8324.667947148417
3146,2020,3,CA,3302,JEFFERSN,9q9hgh,37.4198065,-122.2042168,73.54648454635944,10994.474809305853
3147,2020,4,CA,3302,JEFFERSN,9q9hgh,37.4198065,-122.2042168,74.2464180003558,12221.034751793404
3148,2020,5,CA,3302,JEFFERSN,9q9hgh,37.4198065,-122.2042168,74.92745759272844,13827.60994900394
3149,2020,6,CA,3302,JEFFERSN,9q9hgh,37.4198065,-122.2042168,75.90997716175265,13862.46641793125
3150,2020,7,CA,3302,JEFFERSN,9q9hgh,37.4198065,-122.2042168,76.76393784138644,14377.557060345725
3151,2020,8,CA,3302,JEFFERSN,9q9hgh,37.4198065,-122.2042168,77.61056426041452,13686.356353843597
3152,2020,9,CA,3302,JEFFERSN,9q9hgh,37.4198065,-122.2042168,78.48968315956778,12144.405544164285
3153,2020,10,CA,3302,JEFFERSN,9q9hgh,37.4198065,-122.2042168,79.4581854525084,11071.08305304419
3154,2020,11,CA,3302,JEFFERSN,9q9hgh,37.4198065,-122.2042168,80.34843754217937,8976.384723703226
3155,2020,12,CA,3302,JEFFERSN,9q9hgh,37.4198065,-122.2042168,81.76518255306696,8039.654300400951
3156,2021,1,CA,3302,JEFFERSN,9q9hgh,37.4198065,-122.2042168,82.5728970757104,8516.17324448084
3157,2021,2,CA,3302,JEFFERSN,9q9hgh,37.4198065,-122.2042168,83.44213100417419,9106.309033786136
3158,2021,3,CA,3302,JEFFERSN,9q9hgh,37.4198065,-122.2042168,84.10574203646061,12859.612913741616
3159,2021,4,CA,3302,JEFFERSN,9q9hgh,37.4198065,-122.2042168,85.41891581327714,14356.302047487909
3160,2021,5,CA,3302,JEFFERSN,9q9hgh,37.4198065,-122.2042168,86.38271983779593,15833.505306777663
3161,2021,6,CA,3302,JEFFERSN,9q9hgh,37.4198065,-122.2042168,87.50106278055254,15925.907415555237
3162,2021,7,CA,3302,JEFFERSN,9q9hgh,37.4198065,-122.2042168,88.448670958977,16301.94872599102
3163,2021,8,CA,3302,JEFFERSN,9q9hgh,37.4198065,-122.2042168,89.56752559433401,15436.275650827558
3164,2021,9,CA,3302,JEFFERSN,9q9hgh,37.4198065,-122.2042168,90.74920212576693,13768.659286555087
3165,2021,10,CA,3302,JEFFERSN,9q9hgh,37.4198065,-122.2042168,91.78200712215734,12320.816064843388
3166,2021,11,CA,3302,JEFFERSN,9q9hgh,37.4198065,-122.2042168,92.97235916904242,10381.394506717086
3167,2021,12,CA,3302,JEFFERSN,9q9hgh,37.4198065,-122.2042168,94.32544496868984,9077.31012713727
3168,2022,1,CA,3302,JEFFERSN,9q9hgh,37.4198065,-122.2042168,95.38930040242246,10225.071758298032
3169,2022,2,CA,3302,JEFFERSN,9q9hgh,37.4198065,-122.2042168,96.525761914984,10926.238879895196
3170,2022,3,CA,3302,JEFFERSN,9q9hgh,37.4198065,-122.2042168,97.90575034074317,15632.906813278616
3171,2022,4,CA,3302,JEFFERSN,9q9hgh,37.4198065,-122.2042168,99.27434972968442,17105.58547726688
3172,2022,5,CA,3302,JEFFERSN,9q9hgh,37.4198065,-122.2042168,100.58563954738129,18970.925188587196
3173,2022,6,CA,3302,JEFFERSN,9q9hgh,37.4198065,-122.2042168,101.85365257575377,18955.186097914957
3174,2022,7,CA,3302,JEFFERSN,9q9hgh,37.4198065,-122.2042168,103.21372375468843,19540.644164031633
3175,2022,8,CA,3302,JEFFERSN,9q9hgh,37.4198065,-122.2042168,104.68667742243773,18984.995463619507
3176,2022,9,CA,3302,JEFFERSN,9q9hgh,37.4198065,-122.2042168,106.02383872812736,17012.60788487806
3177,2022,10,CA,3302,JEFFERSN,9q9hgh,37.4198065,-122.2042168,107.61353583794885,16004.081376627442
3178,2022,11,CA,3302,JEFFERSN,9q9hgh,37.4198065,-122.2042168,109.1204472873608,12687.356220557507
3179,2022,12,CA,3302,JEFFERSN,9q9hgh,37.4198065,-122.2042168,110.06008546588818,10959.22330593812
3180,2018,1,CA,3303,METCALF,9q97v8,37.222363,-121.746496,91.80669058607825,9448.856195707149
3181,2018,2,CA,3303,METCALF,9q97v8,37.222363,-121.746496,93.08015936439693,10352.878655160059
3182,2018,3,CA,3303,METCALF,9q97v8,37.222363,-121.746496,94.76666480158477,14397.932932309117
3183,2018,4,CA,3303,METCALF,9q97v8,37.222363,-121.746496,96.44892194052811,16371.592185833802
3184,2018,5,CA,3303,METCALF,9q97v8,37.222363,-121.746496,98.07075117489619,18029.890315788918
3185,2018,6,CA,3303,METCALF,9q97v8,37.222363,-121.746496,99.38637189943309,18441.000081747483
3186,2018,7,CA,3303,METCALF,9q97v8,37.222363,-121.746496,100.79117930075233,18741.887335957086
3187,2018,8,CA,3303,METCALF,9q97v8,37.222363,-121.746496,102.32773912035572,18173.492658574105
3188,2018,9,CA,3303,METCALF,9q97v8,37.222363,-121.746496,103.87691969610755,16487.1642843881
3189,2018,10,CA,3303,METCALF,9q97v8,37.222363,-121.746496,105.39971392594464,15067.711812806892
3190,2018,11,CA,3303,METCALF,9q97v8,37.222363,-121.746496,106.87395617584453,11918.961457893403
3191,2018,12,CA,3303,METCALF,9q97v8,37.222363,-121.746496,108.54226841373205,10757.85295431076
3192,2019,1,CA,3303,METCALF,9q97v8,37.222363,-121.746496,109.79444052812373,11225.31417578133
3193,2019,2,CA,3303,METCALF,9q97v8,37.222363,-121.746496,110.97590882173188,11799.007322458954
3194,2019,3,CA,3303,METCALF,9q97v8,37.222363,-121.746496,112.64150380392402,17227.280997534293
3195,2019,4,CA,3303,METCALF,9q97v8,37.222363,-121.746496,113.89413109312764,19333.715847147578
3196,2019,5,CA,3303,METCALF,9q97v8,37.222363,-121.746496,115.20478627426185,21033.39305028345
3197,2019,6,CA,3303,METCALF,9q97v8,37.222363,-121.746496,116.52673806663714,21516.476091989625
3198,2019,7,CA,3303,METCALF,9q97v8,37.222363,-121.746496,117.81584830667423,22426.494486480788
3199,2019,8,CA,3303,METCALF,9q97v8,37.222363,-121.746496,119.44011893321529,21726.622730195355
3200,2019,9,CA,3303,METCALF,9q97v8,37.222363,-121.746496,121.03320318855239,19280.485401182268
3201,2019,10,CA,3303,METCALF,9q97v8,37.222363,-121.746496,122.49401088491284,17634.209210427594
3202,2019,11,CA,3303,METCALF,9q97v8,37.222363,-121.746496,124.12865397989503,13699.453555773322
3203,2019,12,CA,3303,METCALF,9q97v8,37.222363,-121.746496,126.2191063728899,12222.872797001115
3204,2020,1,CA,3303,METCALF,9q97v8,37.222363,-121.746496,127.85985984489258,13221.596403669046
3205,2020,2,CA,3303,METCALF,9q97v8,37.222363,-121.746496,129.19437722071186,14810.373119070196
3206,2020,3,CA,3303,METCALF,9q97v8,37.222363,-121.746496,130.84616523360938,19560.212516322095
3207,2020,4,CA,3303,METCALF,9q97v8,37.222363,-121.746496,132.09141317358956,21742.378882173187
3208,2020,5,CA,3303,METCALF,9q97v8,37.222363,-121.746496,133.30304714336893,24600.628396219254
3209,2020,6,CA,3303,METCALF,9q97v8,37.222363,-121.746496,135.05104255969312,24662.641357421333
3210,2020,7,CA,3303,METCALF,9q97v8,37.222363,-121.746496,136.57031952962,25579.036419991146
3211,2020,8,CA,3303,METCALF,9q97v8,37.222363,-121.746496,138.07654815493873,24349.324865313687
3212,2020,9,CA,3303,METCALF,9q97v8,37.222363,-121.746496,139.6405839813702,21606.048260458152
3213,2020,10,CA,3303,METCALF,9q97v8,37.222363,-121.746496,141.36364133527215,19696.505841288905
3214,2020,11,CA,3303,METCALF,9q97v8,37.222363,-121.746496,142.94748416260984,15969.839020895237
3215,2020,12,CA,3303,METCALF,9q97v8,37.222363,-121.746496,145.46800778698022,14303.306833765355
3216,2021,1,CA,3303,METCALF,9q97v8,37.222363,-121.746496,146.90500846136013,15151.07918996438
3217,2021,2,CA,3303,METCALF,9q97v8,37.222363,-121.746496,148.4514579882405,16200.986680091037
3218,2021,3,CA,3303,METCALF,9q97v8,37.222363,-121.746496,149.63208489810538,22878.469943604978
3219,2021,4,CA,3303,METCALF,9q97v8,37.222363,-121.746496,151.96834548270846,25541.22173800341
3220,2021,5,CA,3303,METCALF,9q97v8,37.222363,-121.746496,153.68304417188253,28169.30631527259
3221,2021,6,CA,3303,METCALF,9q97v8,37.222363,-121.746496,155.67268224062713,28333.698422762423
3222,2021,7,CA,3303,METCALF,9q97v8,37.222363,-121.746496,157.35856698488965,29002.71154750163
3223,2021,8,CA,3303,METCALF,9q97v8,37.222363,-121.746496,159.34911540325805,27462.597116067096
3224,2021,9,CA,3303,METCALF,9q97v8,37.222363,-121.746496,161.45142992771486,24495.74958158942
3225,2021,10,CA,3303,METCALF,9q97v8,37.222363,-121.746496,163.2888878843438,21919.899293313094
3226,2021,11,CA,3303,METCALF,9q97v8,37.222363,-121.746496,165.40663697287724,18469.484562854308
3227,2021,12,CA,3303,METCALF,9q97v8,37.222363,-121.746496,167.81390482813845,16149.394877241783
3228,2022,1,CA,3303,METCALF,9q97v8,37.222363,-121.746496,169.7066044551221,18191.371580356572
3229,2022,2,CA,3303,METCALF,9q97v8,37.222363,-121.746496,171.72847717645567,19438.814331900274
3230,2022,3,CA,3303,METCALF,9q97v8,37.222363,-121.746496,174.18360735284818,27812.42258673157
3231,2022,4,CA,3303,METCALF,9q97v8,37.222363,-121.746496,176.61847535352257,30432.45748021116
3232,2022,5,CA,3303,METCALF,9q97v8,37.222363,-121.746496,178.9513841963288,33751.073585245824
3233,2022,6,CA,3303,METCALF,9q97v8,37.222363,-121.746496,181.20729953004147,33723.07225151208
3234,2022,7,CA,3303,METCALF,9q97v8,37.222363,-121.746496,183.6269950369855,34764.65762882763
3235,2022,8,CA,3303,METCALF,9q97v8,37.222363,-121.746496,186.24751918821516,33776.10593782006
3236,2022,9,CA,3303,METCALF,9q97v8,37.222363,-121.746496,188.62645585972894,30267.041532844403
3237,2022,10,CA,3303,METCALF,9q97v8,37.222363,-121.746496,191.45467765695133,28472.777307232718
3238,2022,11,CA,3303,METCALF,9q97v8,37.222363,-121.746496,194.13561591958015,22572.008963478107
3239,2022,12,CA,3303,METCALF,9q97v8,37.222363,-121.746496,195.8073212787928,19497.49675141725
3240,2018,1,CA,3304,MONTAVIS,9q9hq4,37.322286,-122.0737899,79.23295637164016,8154.752185674523
3241,2018,2,CA,3304,MONTAVIS,9q9hq4,37.322286,-122.0737899,80.33201239369082,8934.960813515827
3242,2018,3,CA,3304,MONTAVIS,9q9hq4,37.322286,-122.0737899,81.78753606927684,12426.009309178182
3243,2018,4,CA,3304,MONTAVIS,9q9hq4,37.322286,-122.0737899,83.23939328844982,14129.358558875665
3244,2018,5,CA,3304,MONTAVIS,9q9hq4,37.322286,-122.0737899,84.63909873637087,15560.538166191023
3245,2018,6,CA,3304,MONTAVIS,9q9hq4,37.322286,-122.0737899,85.77453362464975,15915.34283175741
3246,2018,7,CA,3304,MONTAVIS,9q9hq4,37.322286,-122.0737899,86.98694028944423,16175.02092856474
3247,2018,8,CA,3304,MONTAVIS,9q9hq4,37.322286,-122.0737899,88.31305471936042,15684.472904368913
3248,2018,9,CA,3304,MONTAVIS,9q9hq4,37.322286,-122.0737899,89.65006138180242,14229.102041448385
3249,2018,10,CA,3304,MONTAVIS,9q9hq4,37.322286,-122.0737899,90.96429554061399,13004.056077647296
3250,2018,11,CA,3304,MONTAVIS,9q9hq4,37.322286,-122.0737899,92.23662734041922,10286.554794207292
3251,2018,12,CA,3304,MONTAVIS,9q9hq4,37.322286,-122.0737899,93.67644953545714,9284.470318448455
3252,2019,1,CA,3304,MONTAVIS,9q9hq4,37.322286,-122.0737899,94.75712565912546,9687.90861177724
3253,2019,2,CA,3304,MONTAVIS,9q9hq4,37.322286,-122.0737899,95.77678147249084,10183.029433268981
3254,2019,3,CA,3304,MONTAVIS,9q9hq4,37.322286,-122.0737899,97.2142585639139,14867.853257381295
3255,2019,4,CA,3304,MONTAVIS,9q9hq4,37.322286,-122.0737899,98.29532752219794,16685.793316800242
3256,2019,5,CA,3304,MONTAVIS,9q9hq4,37.322286,-122.0737899,99.42647694194206,18152.684769070467
3257,2019,6,CA,3304,MONTAVIS,9q9hq4,37.322286,-122.0737899,100.56737580260273,18569.605336874807
3258,2019,7,CA,3304,MONTAVIS,9q9hq4,37.322286,-122.0737899,101.67993105053779,19354.988703684045
3259,2019,8,CA,3304,MONTAVIS,9q9hq4,37.322286,-122.0737899,103.08174352048844,18750.970543596744
3260,2019,9,CA,3304,MONTAVIS,9q9hq4,37.322286,-122.0737899,104.45664086722509,16639.85324886088
3261,2019,10,CA,3304,MONTAVIS,9q9hq4,37.322286,-122.0737899,105.71737809382799,15219.049070374187
3262,2019,11,CA,3304,MONTAVIS,9q9hq4,37.322286,-122.0737899,107.12814243138455,11823.192830180264
3263,2019,12,CA,3304,MONTAVIS,9q9hq4,37.322286,-122.0737899,108.93228897227151,10548.842800872675
3264,2020,1,CA,3304,MONTAVIS,9q9hq4,37.322286,-122.0737899,110.34832681694162,11410.782420406755
3265,2020,2,CA,3304,MONTAVIS,9q9hq4,37.322286,-122.0737899,111.50007029381104,12781.9621827099
3266,2020,3,CA,3304,MONTAVIS,9q9hq4,37.322286,-122.0737899,112.92563140189169,16881.269273862436
3267,2020,4,CA,3304,MONTAVIS,9q9hq4,37.322286,-122.0737899,114.0003316777699,18764.568751900246
3268,2020,5,CA,3304,MONTAVIS,9q9hq4,37.322286,-122.0737899,115.0460217124838,21231.35584116295
3269,2020,6,CA,3304,MONTAVIS,9q9hq4,37.322286,-122.0737899,116.554613773425,21284.875581587465
3270,2020,7,CA,3304,MONTAVIS,9q9hq4,37.322286,-122.0737899,117.86581239202447,22075.76227566454
3271,2020,8,CA,3304,MONTAVIS,9q9hq4,37.322286,-122.0737899,119.16574975164096,21014.470540394912
3272,2020,9,CA,3304,MONTAVIS,9q9hq4,37.322286,-122.0737899,120.51557710744937,18646.909808597655
3273,2020,10,CA,3304,MONTAVIS,9q9hq4,37.322286,-122.0737899,122.00264659308279,16998.896028534695
3274,2020,11,CA,3304,MONTAVIS,9q9hq4,37.322286,-122.0737899,123.36956820671311,13782.629025477445
3275,2020,12,CA,3304,MONTAVIS,9q9hq4,37.322286,-122.0737899,125.54488393902545,12344.343087580675
3276,2021,1,CA,3304,MONTAVIS,9q9hq4,37.322286,-122.0737899,126.78507472482016,13076.005558834007
3277,2021,2,CA,3304,MONTAVIS,9q9hq4,37.322286,-122.0737899,128.11972437956805,13982.118978546778
3278,2021,3,CA,3304,MONTAVIS,9q9hq4,37.322286,-122.0737899,129.13865404409836,19745.062144375126
3279,2021,4,CA,3304,MONTAVIS,9q9hq4,37.322286,-122.0737899,131.15494318153415,22043.126647160618
3280,2021,5,CA,3304,MONTAVIS,9q9hq4,37.322286,-122.0737899,132.63479879513406,24311.271913289253
3281,2021,6,CA,3304,MONTAVIS,9q9hq4,37.322286,-122.0737899,134.3519384206866,24453.149074936544
3282,2021,7,CA,3304,MONTAVIS,9q9hq4,37.322286,-122.0737899,135.80692641270576,25030.5349646372
3283,2021,8,CA,3304,MONTAVIS,9q9hq4,37.322286,-122.0737899,137.52485170748966,23701.352758262256
3284,2021,9,CA,3304,MONTAVIS,9q9hq4,37.322286,-122.0737899,139.33923575654296,21140.84110317571
3285,2021,10,CA,3304,MONTAVIS,9q9hq4,37.322286,-122.0737899,140.92503767558503,18917.776180477973
3286,2021,11,CA,3304,MONTAVIS,9q9hq4,37.322286,-122.0737899,142.7527423893338,15939.926112500872
3287,2021,12,CA,3304,MONTAVIS,9q9hq4,37.322286,-122.0737899,144.83031372681634,13937.593127127959
3288,2022,1,CA,3304,MONTAVIS,9q9hq4,37.322286,-122.0737899,146.46379148330738,15699.90315047101
3289,2022,2,CA,3304,MONTAVIS,9q9hq4,37.322286,-122.0737899,148.2087509420979,16776.49763915383
3290,2022,3,CA,3304,MONTAVIS,9q9hq4,37.322286,-122.0737899,150.32762943462362,24003.26655210344
3291,2022,4,CA,3304,MONTAVIS,9q9hq4,37.322286,-122.0737899,152.42902083471174,26264.46460947817
3292,2022,5,CA,3304,MONTAVIS,9q9hq4,37.322286,-122.0737899,154.44241728088656,29128.56703366802
3293,2022,6,CA,3304,MONTAVIS,9q9hq4,37.322286,-122.0737899,156.38936515661442,29104.400729012985
3294,2022,7,CA,3304,MONTAVIS,9q9hq4,37.322286,-122.0737899,158.47766206951306,30003.331822502332
3295,2022,8,CA,3304,MONTAVIS,9q9hq4,37.322286,-122.0737899,160.73928237648335,29150.170985261662
3296,2022,9,CA,3304,MONTAVIS,9q9hq4,37.322286,-122.0737899,162.79240273515933,26121.703831835337
3297,2022,10,CA,3304,MONTAVIS,9q9hq4,37.322286,-122.0737899,165.2332746676743,24573.179882224158
3298,2022,11,CA,3304,MONTAVIS,9q9hq4,37.322286,-122.0737899,167.5470348418172,19480.573692466107
3299,2022,12,CA,3304,MONTAVIS,9q9hq4,37.322286,-122.0737899,168.98978544035387,16827.142984887225
3300,2018,1,CA,3305,RAVENSWD,9q9jk9,37.494231,-122.138182,63.56023460921497,6541.696610061148
3301,2018,2,CA,3305,RAVENSWD,9q9jk9,37.494231,-122.138182,64.4418912052727,7167.575609162547
3302,2018,3,CA,3305,RAVENSWD,9q9jk9,37.494231,-122.138182,65.60950415998289,9968.07519390186
3303,2018,4,CA,3305,RAVENSWD,9q9jk9,37.494231,-122.138182,66.77417590385772,11334.492438569428
3304,2018,5,CA,3305,RAVENSWD,9q9jk9,37.494231,-122.138182,67.89701178841526,12482.57671782078
3305,2018,6,CA,3305,RAVENSWD,9q9jk9,37.494231,-122.138182,68.80785130756671,12767.199036822316
3306,2018,7,CA,3305,RAVENSWD,9q9jk9,37.494231,-122.138182,69.78043715548915,12975.511354218766
3307,2018,8,CA,3305,RAVENSWD,9q9jk9,37.494231,-122.138182,70.84423873685117,12581.996471866936
3308,2018,9,CA,3305,RAVENSWD,9q9jk9,37.494231,-122.138182,71.91677800624682,11414.506102622629
3309,2018,10,CA,3305,RAVENSWD,9q9jk9,37.494231,-122.138182,72.9710493005514,10431.781079703516
3310,2018,11,CA,3305,RAVENSWD,9q9jk9,37.494231,-122.138182,73.99170675673753,8251.816743700108
3311,2018,12,CA,3305,RAVENSWD,9q9jk9,37.494231,-122.138182,75.14672407153914,7447.950179908967
3312,2019,1,CA,3305,RAVENSWD,9q9jk9,37.494231,-122.138182,76.01363641587673,7771.586123190482
3313,2019,2,CA,3305,RAVENSWD,9q9jk9,37.494231,-122.138182,76.83159860845434,8168.769277966547
3314,2019,3,CA,3305,RAVENSWD,9q9jk9,37.494231,-122.138182,77.9847346942476,11926.908756780675
3315,2019,4,CA,3305,RAVENSWD,9q9jk9,37.494231,-122.138182,78.85196216831757,13385.250108328637
3316,2019,5,CA,3305,RAVENSWD,9q9jk9,37.494231,-122.138182,79.75936390857053,14561.982229937563
3317,2019,6,CA,3305,RAVENSWD,9q9jk9,37.494231,-122.138182,80.67458659581756,14896.43357842386
3318,2019,7,CA,3305,RAVENSWD,9q9jk9,37.494231,-122.138182,81.56707219540547,15526.463724193325
3319,2019,8,CA,3305,RAVENSWD,9q9jk9,37.494231,-122.138182,82.69159832125476,15041.923733241827
3320,2019,9,CA,3305,RAVENSWD,9q9jk9,37.494231,-122.138182,83.79453328574445,13348.39724267898
3321,2019,10,CA,3305,RAVENSWD,9q9jk9,37.494231,-122.138182,84.80588964013303,12208.636074424876
3322,2019,11,CA,3305,RAVENSWD,9q9jk9,37.494231,-122.138182,85.93759690412581,9484.49918480165
3323,2019,12,CA,3305,RAVENSWD,9q9jk9,37.494231,-122.138182,87.38487317222709,8462.222716192664
3324,2020,1,CA,3305,RAVENSWD,9q9jk9,37.494231,-122.138182,88.52081081414215,9153.665859871357
3325,2020,2,CA,3305,RAVENSWD,9q9jk9,37.494231,-122.138182,89.44473299187948,10253.618598913541
3326,2020,3,CA,3305,RAVENSWD,9q9jk9,37.494231,-122.138182,90.58831014245783,13542.059828176236
3327,2020,4,CA,3305,RAVENSWD,9q9jk9,37.494231,-122.138182,91.4504286951092,15052.8321399152
3328,2020,5,CA,3305,RAVENSWD,9q9jk9,37.494231,-122.138182,92.28927539449506,17031.674951094712
3329,2020,6,CA,3305,RAVENSWD,9q9jk9,37.494231,-122.138182,93.4994595112314,17074.608187633945
3330,2020,7,CA,3305,RAVENSWD,9q9jk9,37.494231,-122.138182,94.55129571214955,17709.053071768525
3331,2020,8,CA,3305,RAVENSWD,9q9jk9,37.494231,-122.138182,95.59409819407337,16857.690775426105
3332,2020,9,CA,3305,RAVENSWD,9q9jk9,37.494231,-122.138182,96.67692215200697,14958.446793429988
3333,2020,10,CA,3305,RAVENSWD,9q9jk9,37.494231,-122.138182,97.86984097916428,13636.419353122164
3334,2020,11,CA,3305,RAVENSWD,9q9jk9,37.494231,-122.138182,98.96637785514848,11056.347945445066
3335,2020,12,CA,3305,RAVENSWD,9q9jk9,37.494231,-122.138182,100.71140397340118,9902.56300753286
3336,2021,1,CA,3305,RAVENSWD,9q9jk9,37.494231,-122.138182,101.70627808784874,10489.498551241351
3337,2021,2,CA,3305,RAVENSWD,9q9jk9,37.494231,-122.138182,102.77692657885024,11216.377670447308
3338,2021,3,CA,3305,RAVENSWD,9q9jk9,37.494231,-122.138182,103.59430625889226,15839.378457411876
3339,2021,4,CA,3305,RAVENSWD,9q9jk9,37.494231,-122.138182,105.21176213185399,17682.872953048747
3340,2021,5,CA,3305,RAVENSWD,9q9jk9,37.494231,-122.138182,106.39889403119886,19502.366404318185
3341,2021,6,CA,3305,RAVENSWD,9q9jk9,37.494231,-122.138182,107.77637383827523,19616.179470155257
3342,2021,7,CA,3305,RAVENSWD,9q9jk9,37.494231,-122.138182,108.94355707062313,20079.35520270384
3343,2021,8,CA,3305,RAVENSWD,9q9jk9,37.494231,-122.138182,110.32166713716424,19013.092668218567
3344,2021,9,CA,3305,RAVENSWD,9q9jk9,37.494231,-122.138182,111.77715587707856,16959.064534349996
3345,2021,10,CA,3305,RAVENSWD,9q9jk9,37.494231,-122.138182,113.04927731030244,15175.734282536252
3346,2021,11,CA,3305,RAVENSWD,9q9jk9,37.494231,-122.138182,114.51545181295953,12786.919607189395
3347,2021,12,CA,3305,RAVENSWD,9q9jk9,37.494231,-122.138182,116.18206792416947,11180.659281383534
3348,2022,1,CA,3305,RAVENSWD,9q9jk9,37.494231,-122.138182,117.49243464763894,12594.374529019406
3349,2022,2,CA,3305,RAVENSWD,9q9jk9,37.494231,-122.138182,118.89223136939792,13458.012608592067
3350,2022,3,CA,3305,RAVENSWD,9q9jk9,37.494231,-122.138182,120.59198384943487,19255.28622563545
3351,2022,4,CA,3305,RAVENSWD,9q9jk9,37.494231,-122.138182,122.27770828168885,21069.20666488441
3352,2022,5,CA,3305,RAVENSWD,9q9jk9,37.494231,-122.138182,123.89284365389409,23366.77361634915
3353,2022,6,CA,3305,RAVENSWD,9q9jk9,37.494231,-122.138182,125.45467435440129,23347.387541868888
3354,2022,7,CA,3305,RAVENSWD,9q9jk9,37.494231,-122.138182,127.12989446224329,24068.50503913486
3355,2022,8,CA,3305,RAVENSWD,9q9jk9,37.494231,-122.138182,128.94415362775698,23384.104185529693
3356,2022,9,CA,3305,RAVENSWD,9q9jk9,37.494231,-122.138182,130.59115530047393,20954.684767236016
3357,2022,10,CA,3305,RAVENSWD,9q9jk9,37.494231,-122.138182,132.54920911780226,19712.467512668143
3358,2022,11,CA,3305,RAVENSWD,9q9jk9,37.494231,-122.138182,134.40529459324745,15627.207300047585
3359,2022,12,CA,3305,RAVENSWD,9q9jk9,37.494231,-122.138182,135.562661056963,13498.64002178085
3360,2018,1,CA,3401,GREGG,9qd9xh,36.850535,-119.92442,85.34611707156414,8783.92611609381
3361,2018,2,CA,3401,GREGG,9qd9xh,36.850535,-119.92442,86.5299699557879,9624.331169007146
3362,2018,3,CA,3401,GREGG,9qd9xh,36.850535,-119.92442,88.09779349419448,13384.72895368392
3363,2018,4,CA,3401,GREGG,9qd9xh,36.850535,-119.92442,89.66166769342964,15219.498866806538
3364,2018,5,CA,3401,GREGG,9qd9xh,36.850535,-119.92442,91.16936638971019,16761.10008819036
3365,2018,6,CA,3401,GREGG,9qd9xh,36.850535,-119.92442,92.39240492493356,17143.27944778579
3366,2018,7,CA,3401,GREGG,9qd9xh,36.850535,-119.92442,93.69835393769728,17422.992817902723
3367,2018,8,CA,3401,GREGG,9qd9xh,36.850535,-119.92442,95.12678375489425,16894.596920293294
3368,2018,9,CA,3401,GREGG,9qd9xh,36.850535,-119.92442,96.56694618683751,15326.937984701472
3369,2018,10,CA,3401,GREGG,9qd9xh,36.850535,-119.92442,97.98257911931671,14007.374497076296
3370,2018,11,CA,3401,GREGG,9qd9xh,36.850535,-119.92442,99.35307674697961,11080.20639305222
3371,2018,12,CA,3401,GREGG,9qd9xh,36.850535,-119.92442,100.90398736860985,10000.806823729545
3372,2019,1,CA,3401,GREGG,9qd9xh,36.850535,-119.92442,102.0680422668574,10435.372103006624
3373,2019,2,CA,3401,GREGG,9qd9xh,36.850535,-119.92442,103.16636887746624,10968.693608737138
3374,2019,3,CA,3401,GREGG,9qd9xh,36.850535,-119.92442,104.71475346073034,16014.971582727441
3375,2019,4,CA,3401,GREGG,9qd9xh,36.850535,-119.92442,105.87923150246054,17973.173475542208
3376,2019,5,CA,3401,GREGG,9qd9xh,36.850535,-119.92442,107.09765392696404,19553.241863114603
3377,2019,6,CA,3401,GREGG,9qd9xh,36.850535,-119.92442,108.32657800335522,20002.329631876797
3378,2019,7,CA,3401,GREGG,9qd9xh,36.850535,-119.92442,109.52497163634649,20848.308676951936
3379,2019,8,CA,3401,GREGG,9qd9xh,36.850535,-119.92442,111.03493992039766,20197.687938248655
3380,2019,9,CA,3401,GREGG,9qd9xh,36.850535,-119.92442,112.51591646462224,17923.68893531834
3381,2019,10,CA,3401,GREGG,9qd9xh,36.850535,-119.92442,113.873924948282,16393.263651373043
3382,2019,11,CA,3401,GREGG,9qd9xh,36.850535,-119.92442,115.39353577472573,12735.402610894076
3383,2019,12,CA,3401,GREGG,9qd9xh,36.850535,-119.92442,117.33687992019182,11362.731038710188
3384,2020,1,CA,3401,GREGG,9qd9xh,36.850535,-119.92442,118.8621711273269,12291.172978101275
3385,2020,2,CA,3401,GREGG,9qd9xh,36.850535,-119.92442,120.10277652834525,13768.145110389027
3386,2020,3,CA,3401,GREGG,9qd9xh,36.850535,-119.92442,121.63832575930223,18183.731236858777
3387,2020,4,CA,3401,GREGG,9qd9xh,36.850535,-119.92442,122.79594374760153,20212.335306351273
3388,2020,5,CA,3401,GREGG,9qd9xh,36.850535,-119.92442,123.92231323083345,22869.44554622859
3389,2020,6,CA,3401,GREGG,9qd9xh,36.850535,-119.92442,125.54729960698745,22927.09456301506
3390,2020,7,CA,3401,GREGG,9qd9xh,36.850535,-119.92442,126.95966279437341,23779.001540541452
3391,2020,8,CA,3401,GREGG,9qd9xh,36.850535,-119.92442,128.35989586859,22635.82661897781
3392,2020,9,CA,3401,GREGG,9qd9xh,36.850535,-119.92442,129.81386816510346,20085.59847347937
3393,2020,10,CA,3401,GREGG,9qd9xh,36.850535,-119.92442,131.41567140742,18310.433397610163
3394,2020,11,CA,3401,GREGG,9qd9xh,36.850535,-119.92442,132.88805685669377,14846.017670285575
3395,2020,12,CA,3401,GREGG,9qd9xh,36.850535,-119.92442,135.23120748061768,13296.761834590687
3396,2021,1,CA,3401,GREGG,9qd9xh,36.850535,-119.92442,136.56708427788175,14084.875187771175
3397,2021,2,CA,3401,GREGG,9qd9xh,36.850535,-119.92442,138.0047078489291,15060.899124530417
3398,2021,3,CA,3401,GREGG,9qd9xh,36.850535,-119.92442,139.1022522852215,21268.477948177624
3399,2021,4,CA,3401,GREGG,9qd9xh,36.850535,-119.92442,141.27410673384978,23743.847934030353
3400,2021,5,CA,3401,GREGG,9qd9xh,36.850535,-119.92442,142.86813952312124,26186.990286441873
3401,2021,6,CA,3401,GREGG,9qd9xh,36.850535,-119.92442,144.71776379844468,26339.813876551718
3402,2021,7,CA,3401,GREGG,9qd9xh,36.850535,-119.92442,146.28501032301128,26961.747551558445
3403,2021,8,CA,3401,GREGG,9qd9xh,36.850535,-119.92442,148.1354808853,25530.0132658576
3404,2021,9,CA,3401,GREGG,9qd9xh,36.850535,-119.92442,150.0898524063746,22771.947209946313
3405,2021,10,CA,3401,GREGG,9qd9xh,36.850535,-119.92442,151.79800571066454,20377.36334183561
3406,2021,11,CA,3401,GREGG,9qd9xh,36.850535,-119.92442,153.76672564256,17169.759433544416
3407,2021,12,CA,3401,GREGG,9qd9xh,36.850535,-119.92442,156.0045904744821,15012.937913666628
3408,2022,1,CA,3401,GREGG,9qd9xh,36.850535,-119.92442,157.7640980105303,16911.217675728643
3409,2022,2,CA,3401,GREGG,9qd9xh,36.850535,-119.92442,159.64368853794338,18070.876023433717
3410,2022,3,CA,3401,GREGG,9qd9xh,36.850535,-119.92442,161.9260475481929,25855.220997269636
3411,2022,4,CA,3401,GREGG,9qd9xh,36.850535,-119.92442,164.18957026219945,28290.880134125626
3412,2022,5,CA,3401,GREGG,9qd9xh,36.850535,-119.92442,166.35830883609182,31375.960282508804
3413,2022,6,CA,3401,GREGG,9qd9xh,36.850535,-119.92442,168.45547204876704,31349.929444323217
3414,2022,7,CA,3401,GREGG,9qd9xh,36.850535,-119.92442,170.70488998001852,32318.2169077413
3415,2022,8,CA,3401,GREGG,9qd9xh,36.850535,-119.92442,173.14100394482824,31399.231071159815
3416,2022,9,CA,3401,GREGG,9qd9xh,36.850535,-119.92442,175.35253130058763,28137.104753275467
3417,2022,10,CA,3401,GREGG,9qd9xh,36.850535,-119.92442,177.98172691878472,26469.1055728367
3418,2022,11,CA,3401,GREGG,9qd9xh,36.850535,-119.92442,180.47400356401926,20983.583083535374
3419,2022,12,CA,3401,GREGG,9qd9xh,36.850535,-119.92442,182.0280685279747,18125.42887371256
3420,2018,1,CA,3403,MC CALL,9qdbm8,36.609214,-119.639632,75.74088671888208,7795.344132038533
3421,2018,2,CA,3403,MC CALL,9qdbm8,36.609214,-119.639632,76.79150355152169,8541.166274800002
3422,2018,3,CA,3403,MC CALL,9qdbm8,36.609214,-119.639632,78.18287727878892,11878.352223029091
3423,2018,4,CA,3403,MC CALL,9qdbm8,36.609214,-119.639632,79.57074614302243,13506.628996634468
3424,2018,5,CA,3403,MC CALL,9qdbm8,36.609214,-119.639632,80.90876174442863,14874.731582679658
3425,2018,6,CA,3403,MC CALL,9qdbm8,36.609214,-119.639632,81.9941541011952,15213.898782953576
3426,2018,7,CA,3403,MC CALL,9qdbm8,36.609214,-119.639632,83.15312582281942,15462.13197043437
3427,2018,8,CA,3403,MC CALL,9qdbm8,36.609214,-119.639632,84.42079381619128,14993.204089509225
3428,2018,9,CA,3403,MC CALL,9qdbm8,36.609214,-119.639632,85.69887398383545,13601.976439926277
3429,2018,10,CA,3403,MC CALL,9qdbm8,36.609214,-119.639632,86.95518531062397,12430.922476794174
3430,2018,11,CA,3403,MC CALL,9qdbm8,36.609214,-119.639632,88.17144105988403,9833.190847268394
3431,2018,12,CA,3403,MC CALL,9qdbm8,36.609214,-119.639632,89.54780532500355,8875.271690431695
3432,2019,1,CA,3403,MC CALL,9qdbm8,36.609214,-119.639632,90.58085232477272,9260.929066760667
3433,2019,2,CA,3403,MC CALL,9qdbm8,36.609214,-119.639632,91.55556838976608,9734.228206033837
3434,2019,3,CA,3403,MC CALL,9qdbm8,36.609214,-119.639632,92.92969090807506,14212.575686792688
3435,2019,4,CA,3403,MC CALL,9qdbm8,36.609214,-119.639632,93.96311342888355,15950.392857924428
3436,2019,5,CA,3403,MC CALL,9qdbm8,36.609214,-119.639632,95.04440919249379,17352.63334475123
3437,2019,6,CA,3403,MC CALL,9qdbm8,36.609214,-119.639632,96.13502470553466,17751.178785220785
3438,2019,7,CA,3403,MC CALL,9qdbm8,36.609214,-119.639632,97.19854580661665,18501.947598356783
3439,2019,8,CA,3403,MC CALL,9qdbm8,36.609214,-119.639632,98.5385755663247,17924.550601774507
3440,2019,9,CA,3403,MC CALL,9qdbm8,36.609214,-119.639632,99.85287644512601,15906.477527221225
3441,2019,10,CA,3403,MC CALL,9qdbm8,36.609214,-119.639632,101.05804863401315,14548.293089072544
3442,2019,11,CA,3403,MC CALL,9qdbm8,36.609214,-119.639632,102.40663572164773,11302.103945306124
3443,2019,12,CA,3403,MC CALL,9qdbm8,36.609214,-119.639632,104.13126730218147,10083.918916878512
3444,2020,1,CA,3403,MC CALL,9qdbm8,36.609214,-119.639632,105.48489547528341,10907.869884647956
3445,2020,2,CA,3403,MC CALL,9qdbm8,36.609214,-119.639632,106.58587764489486,12218.617025783267
3446,2020,3,CA,3403,MC CALL,9qdbm8,36.609214,-119.639632,107.94860935834419,16137.253515384535
3447,2020,4,CA,3403,MC CALL,9qdbm8,36.609214,-119.639632,108.97594388654537,17937.549490139398
3448,2020,5,CA,3403,MC CALL,9qdbm8,36.609214,-119.639632,109.97554675496337,20295.61676471003
3449,2020,6,CA,3403,MC CALL,9qdbm8,36.609214,-119.639632,111.41764996081635,20346.77770559054
3450,2020,7,CA,3403,MC CALL,9qdbm8,36.609214,-119.639632,112.67105953411915,21102.807295381328
3451,2020,8,CA,3403,MC CALL,9qdbm8,36.609214,-119.639632,113.91370417096115,20088.29034715959
3452,2020,9,CA,3403,MC CALL,9qdbm8,36.609214,-119.639632,115.20403997979798,17825.076182260473
3453,2020,10,CA,3403,MC CALL,9qdbm8,36.609214,-119.639632,116.62556918446592,16249.696053297082
3454,2020,11,CA,3403,MC CALL,9qdbm8,36.609214,-119.639632,117.93224584822629,13175.181029603855
3455,2020,12,CA,3403,MC CALL,9qdbm8,36.609214,-119.639632,120.01168791379894,11800.285313474902
3456,2021,1,CA,3403,MC CALL,9qdbm8,36.609214,-119.639632,121.19721921438664,12499.700896199405
3457,2021,2,CA,3403,MC CALL,9qdbm8,36.609214,-119.639632,122.47304625579483,13365.878772423252
3458,2021,3,CA,3403,MC CALL,9qdbm8,36.609214,-119.639632,123.4470681758367,18874.829157197655
3459,2021,4,CA,3403,MC CALL,9qdbm8,36.609214,-119.639632,125.37449249703366,21071.61003158215
3460,2021,5,CA,3403,MC CALL,9qdbm8,36.609214,-119.639632,126.78912576988843,23239.790313257297
3461,2021,6,CA,3403,MC CALL,9qdbm8,36.609214,-119.639632,128.4305851299235,23375.41445907259
3462,2021,7,CA,3403,MC CALL,9qdbm8,36.609214,-119.639632,129.82144678304618,23927.35296127584
3463,2021,8,CA,3403,MC CALL,9qdbm8,36.609214,-119.639632,131.4636571851599,22656.75239893417
3464,2021,9,CA,3403,MC CALL,9qdbm8,36.609214,-119.639632,133.19807507156708,20209.091323400928
3465,2021,10,CA,3403,MC CALL,9qdbm8,36.609214,-119.639632,134.7139852307864,18084.0045389447
3466,2021,11,CA,3403,MC CALL,9qdbm8,36.609214,-119.639632,136.46113669425446,15237.398593729735
3467,2021,12,CA,3403,MC CALL,9qdbm8,36.609214,-119.639632,138.44714229758677,13323.31532884106
3468,2022,1,CA,3403,MC CALL,9qdbm8,36.609214,-119.639632,140.00862705567013,15007.954271448438
3469,2022,2,CA,3403,MC CALL,9qdbm8,36.609214,-119.639632,141.67668013294497,16037.099527962993
3470,2022,3,CA,3403,MC CALL,9qdbm8,36.609214,-119.639632,143.702172342534,22945.359810614424
3471,2022,4,CA,3403,MC CALL,9qdbm8,36.609214,-119.639632,145.71094817616017,25106.899070985586
3472,2022,5,CA,3403,MC CALL,9qdbm8,36.609214,-119.639632,147.6356072969766,27844.7706233777
3473,2022,6,CA,3403,MC CALL,9qdbm8,36.609214,-119.639632,149.4967464650192,27821.669411115647
3474,2022,7,CA,3403,MC CALL,9qdbm8,36.609214,-119.639632,151.49300493066775,28680.98151100376
3475,2022,8,CA,3403,MC CALL,9qdbm8,36.609214,-119.639632,153.6549478306385,27865.422414315035
3476,2022,9,CA,3403,MC CALL,9qdbm8,36.609214,-119.639632,155.6175800941289,24970.430253179165
3477,2022,10,CA,3403,MC CALL,9qdbm8,36.609214,-119.639632,157.9508743822881,23490.15509471043
3478,2022,11,CA,3403,MC CALL,9qdbm8,36.609214,-119.639632,160.1626591656607,18621.99762355487
3479,2022,12,CA,3403,MC CALL,9qdbm8,36.609214,-119.639632,161.54182276943703,16085.512758639878
3480,2018,1,CA,3404,PANOCHE,9qd2ds,36.675814,-120.46628,65.3021918203993,6720.9809637665385
3481,2018,2,CA,3404,PANOCHE,9qd2ds,36.675814,-120.46628,66.20801144975502,7364.0130530432125
3482,2018,3,CA,3404,PANOCHE,9qd2ds,36.675814,-120.46628,67.40762447209924,10241.26424948674
3483,2018,4,CA,3404,PANOCHE,9qd2ds,36.675814,-120.46628,68.60421567560759,11645.130071672465
3484,2018,5,CA,3404,PANOCHE,9qd2ds,36.675814,-120.46628,69.75782444950555,12824.679207867552
3485,2018,6,CA,3404,PANOCHE,9qd2ds,36.675814,-120.46628,70.69362680081728,13117.101999980885
3486,2018,7,CA,3404,PANOCHE,9qd2ds,36.675814,-120.46628,71.69286772548229,13331.123408064277
3487,2018,8,CA,3404,PANOCHE,9qd2ds,36.675814,-120.46628,72.78582427846007,12926.823699456918
3488,2018,9,CA,3404,PANOCHE,9qd2ds,36.675814,-120.46628,73.88775798804446,11727.336622204886
3489,2018,10,CA,3404,PANOCHE,9qd2ds,36.675814,-120.46628,74.97092306310597,10717.678644257992
3490,2018,11,CA,3404,PANOCHE,9qd2ds,36.675814,-120.46628,76.01955306575742,8477.969333765848
3491,2018,12,CA,3404,PANOCHE,9qd2ds,36.675814,-120.46628,77.20622524704798,7652.071681413825
3492,2019,1,CA,3404,PANOCHE,9qd2ds,36.675814,-120.46628,78.09689653782384,7984.577320798002
3493,2019,2,CA,3404,PANOCHE,9qd2ds,36.675814,-120.46628,78.93727612940252,8392.645835970814
3494,2019,3,CA,3404,PANOCHE,9qd2ds,36.675814,-120.46628,80.12201552397013,12253.782388442813
3495,2019,4,CA,3404,PANOCHE,9qd2ds,36.675814,-120.46628,81.01301058104983,13752.091626347961
3496,2019,5,CA,3404,PANOCHE,9qd2ds,36.675814,-120.46628,81.9452809363196,14961.073739126236
3497,2019,6,CA,3404,PANOCHE,9qd2ds,36.675814,-120.46628,82.88558658258482,15304.691195035954
3498,2019,7,CA,3404,PANOCHE,9qd2ds,36.675814,-120.46628,83.80253199947263,15951.98819896657
3499,2019,8,CA,3404,PANOCHE,9qd2ds,36.675814,-120.46628,84.95787733809122,15454.168711226952
3500,2019,9,CA,3404,PANOCHE,9qd2ds,36.675814,-120.46628,86.09103977934643,13714.228756322678
3501,2019,10,CA,3404,PANOCHE,9qd2ds,36.675814,-120.46628,87.1301137704844,12543.23083763373
3502,2019,11,CA,3404,PANOCHE,9qd2ds,36.675814,-120.46628,88.29283705639061,9744.435162870583
3503,2019,12,CA,3404,PANOCHE,9qd2ds,36.675814,-120.46628,89.77977795674656,8694.141776494283
3504,2020,1,CA,3404,PANOCHE,9qd2ds,36.675814,-120.46628,90.94684756000436,9404.534887517502
3505,2020,2,CA,3404,PANOCHE,9qd2ds,36.675814,-120.46628,91.8960911184757,10534.63337126181
3506,2020,3,CA,3404,PANOCHE,9qd2ds,36.675814,-120.46628,93.0710096018267,13913.198936095152
3507,2020,4,CA,3404,PANOCHE,9qd2ds,36.675814,-120.46628,93.95675572034405,15465.37607805653
3508,2020,5,CA,3404,PANOCHE,9qd2ds,36.675814,-120.46628,94.81859218787753,17498.451846775104
3509,2020,6,CA,3404,PANOCHE,9qd2ds,36.675814,-120.46628,96.06194309454109,17542.561728766465
3510,2020,7,CA,3404,PANOCHE,9qd2ds,36.675814,-120.46628,97.14260633907291,18194.39446314754
3511,2020,8,CA,3404,PANOCHE,9qd2ds,36.675814,-120.46628,98.2139882828945,17319.699391201597
3512,2020,9,CA,3404,PANOCHE,9qd2ds,36.675814,-120.46628,99.32648854730435,15368.403969015282
3513,2020,10,CA,3404,PANOCHE,9qd2ds,36.675814,-120.46628,100.55210098495729,14010.144515921686
3514,2020,11,CA,3404,PANOCHE,9qd2ds,36.675814,-120.46628,101.67868998913444,11359.362639323159
3515,2020,12,CA,3404,PANOCHE,9qd2ds,36.675814,-120.46628,103.47154099112278,10173.956609935927
3516,2021,1,CA,3404,PANOCHE,9qd2ds,36.675814,-120.46628,104.49368102345969,10776.977943905413
3517,2021,2,CA,3404,PANOCHE,9qd2ds,36.675814,-120.46628,105.59367213522101,11523.77820297413
3518,2021,3,CA,3404,PANOCHE,9qd2ds,36.675814,-120.46628,106.43345324969258,16273.478798516755
3519,2021,4,CA,3404,PANOCHE,9qd2ds,36.675814,-120.46628,108.09523776522464,18167.496841623157
3520,2021,5,CA,3404,PANOCHE,9qd2ds,36.675814,-120.46628,109.31490467620696,20036.85605814076
3521,2021,6,CA,3404,PANOCHE,9qd2ds,36.675814,-120.46628,110.73013624581145,20153.788330380714
3522,2021,7,CA,3404,PANOCHE,9qd2ds,36.675814,-120.46628,111.92930776865043,20629.6580423068
3523,2021,8,CA,3404,PANOCHE,9qd2ds,36.675814,-120.46628,113.3451868708626,19534.17309034019
3524,2021,9,CA,3404,PANOCHE,9qd2ds,36.675814,-120.46628,114.84056531731875,17423.851439907896
3525,2021,10,CA,3404,PANOCHE,9qd2ds,36.675814,-120.46628,116.14755101933793,15591.646525954066
3526,2021,11,CA,3404,PANOCHE,9qd2ds,36.675814,-120.46628,117.65390808682443,13137.363040186863
3527,2021,12,CA,3404,PANOCHE,9qd2ds,36.675814,-120.46628,119.36620014575622,11487.080901453786
3528,2022,1,CA,3404,PANOCHE,9qd2ds,36.675814,-120.46628,120.71247930374197,12939.540994594421
3529,2022,2,CA,3404,PANOCHE,9qd2ds,36.675814,-120.46628,122.1506394143187,13826.848284795624
3530,2022,3,CA,3404,PANOCHE,9qd2ds,36.675814,-120.46628,123.89697599065474,19783.00430125912
3531,2022,4,CA,3404,PANOCHE,9qd2ds,36.675814,-120.46628,125.62890006091963,21646.637769559835
3532,2022,5,CA,3404,PANOCHE,9qd2ds,36.675814,-120.46628,127.28830047912336,24007.172759828863
3533,2022,6,CA,3404,PANOCHE,9qd2ds,36.675814,-120.46628,128.89293533647682,23987.255382837764
3534,2022,7,CA,3404,PANOCHE,9qd2ds,36.675814,-120.46628,130.61406719661358,24728.136114651195
3535,2022,8,CA,3404,PANOCHE,9qd2ds,36.675814,-120.46628,132.4780486744465,24024.978297519887
3536,2022,9,CA,3404,PANOCHE,9qd2ds,36.675814,-120.46628,134.17018873373902,21528.97723898043
3537,2022,10,CA,3404,PANOCHE,9qd2ds,36.675814,-120.46628,136.18190575712617,20252.715281497975
3538,2022,11,CA,3404,PANOCHE,9qd2ds,36.675814,-120.46628,138.0888598534694,16055.492793553985
3539,2022,12,CA,3404,PANOCHE,9qd2ds,36.675814,-120.46628,139.27794556538862,13868.589149119556
3540,2018,1,CA,3405,WILSON,9qct8r,38.978333,-121.625833,68.99814223289336,7101.372673032842
3541,2018,2,CA,3405,WILSON,9qct8r,38.978333,-121.625833,69.95522912203678,7780.798865621476
3542,2018,3,CA,3405,WILSON,9qct8r,38.978333,-121.625833,71.22273741896781,10820.895710119079
3543,2018,4,CA,3405,WILSON,9qct8r,38.978333,-121.625833,72.48705286922666,12304.217034791825
3544,2018,5,CA,3405,WILSON,9qct8r,38.978333,-121.625833,73.70595318548925,13550.525876824464
3545,2018,6,CA,3405,WILSON,9qct8r,38.978333,-121.625833,74.69471974810735,13859.499110952154
3546,2018,7,CA,3405,WILSON,9qct8r,38.978333,-121.625833,75.75051535807071,14085.633627178438
3547,2018,8,CA,3405,WILSON,9qct8r,38.978333,-121.625833,76.90533068041303,13658.451506309813
3548,2018,9,CA,3405,WILSON,9qct8r,38.978333,-121.625833,78.06963124530421,12391.076282666867
3549,2018,10,CA,3405,WILSON,9qct8r,38.978333,-121.625833,79.21410091511783,11324.274038715335
3550,2018,11,CA,3405,WILSON,9qct8r,38.978333,-121.625833,80.32208090867788,8957.802450890344
3551,2018,12,CA,3405,WILSON,9qct8r,38.978333,-121.625833,81.57591594339914,8085.160934606714
3552,2019,1,CA,3405,WILSON,9qct8r,38.978333,-121.625833,82.51699713364043,8436.48561085291
3553,2019,2,CA,3405,WILSON,9qct8r,38.978333,-121.625833,83.40494023283749,8867.649843871253
3554,2019,3,CA,3405,WILSON,9qct8r,38.978333,-121.625833,84.65673308965478,12947.317640639816
3555,2019,4,CA,3405,WILSON,9qct8r,38.978333,-121.625833,85.59815637061095,14530.427656153004
3556,2019,5,CA,3405,WILSON,9qct8r,38.978333,-121.625833,86.58319103452128,15807.835311992836
3557,2019,6,CA,3405,WILSON,9qct8r,38.978333,-121.625833,87.57671576799174,16170.900707435772
3558,2019,7,CA,3405,WILSON,9qct8r,38.978333,-121.625833,88.54555813806456,16854.83319881317
3559,2019,8,CA,3405,WILSON,9qct8r,38.978333,-121.625833,89.76629330452515,16328.838299348947
3560,2019,9,CA,3405,WILSON,9qct8r,38.978333,-121.625833,90.96359007382401,14490.421836768945
3561,2019,10,CA,3405,WILSON,9qct8r,38.978333,-121.625833,92.06147320810256,13253.148191033786
3562,2019,11,CA,3405,WILSON,9qct8r,38.978333,-121.625833,93.2900038963082,10295.947266151667
3563,2019,12,CA,3405,WILSON,9qct8r,38.978333,-121.625833,94.86110215311462,9186.209745261574
3564,2020,1,CA,3405,WILSON,9qct8r,38.978333,-121.625833,96.09422515000784,9936.809434939003
3565,2020,2,CA,3405,WILSON,9qct8r,38.978333,-121.625833,97.09719366048598,11130.868833940815
3566,2020,3,CA,3405,WILSON,9qct8r,38.978333,-121.625833,98.33860976561868,14700.6532605748
3567,2020,4,CA,3405,WILSON,9qct8r,38.978333,-121.625833,99.27448703043972,16340.679976772122
3568,2020,5,CA,3405,WILSON,9qct8r,38.978333,-121.625833,100.18510141428636,18488.82305053144
3569,2020,6,CA,3405,WILSON,9qct8r,38.978333,-121.625833,101.49882305688168,18535.42944806074
3570,2020,7,CA,3405,WILSON,9qct8r,38.978333,-121.625833,102.64064929844398,19224.154381560318
3571,2020,8,CA,3405,WILSON,9qct8r,38.978333,-121.625833,103.77266893951311,18299.953626545474
3572,2020,9,CA,3405,WILSON,9qct8r,38.978333,-121.625833,104.94813410137164,16238.21947451741
3573,2020,10,CA,3405,WILSON,9qct8r,38.978333,-121.625833,106.24311331934582,14803.085732123662
3574,2020,11,CA,3405,WILSON,9qct8r,38.978333,-121.625833,107.43346461049416,12002.275838131918
3575,2020,12,CA,3405,WILSON,9qct8r,38.978333,-121.625833,109.32778676093281,10749.778616532696
3576,2021,1,CA,3405,WILSON,9qct8r,38.978333,-121.625833,110.40777751418477,11386.929539202005
3577,2021,2,CA,3405,WILSON,9qct8r,38.978333,-121.625833,111.57002553478668,12175.99693584471
3578,2021,3,CA,3405,WILSON,9qct8r,38.978333,-121.625833,112.45733628448049,17194.519409887213
3579,2021,4,CA,3405,WILSON,9qct8r,38.978333,-121.625833,114.21317389370577,19195.734417943015
3580,2021,5,CA,3405,WILSON,9qct8r,38.978333,-121.625833,115.50187108218856,21170.89496784296
3581,2021,6,CA,3405,WILSON,9qct8r,38.978333,-121.625833,116.99720142884237,21294.44533157068
3582,2021,7,CA,3405,WILSON,9qct8r,38.978333,-121.625833,118.26424323843494,21797.248149554278
3583,2021,8,CA,3405,WILSON,9qct8r,38.978333,-121.625833,119.7602577665185,20639.76132678925
3584,2021,9,CA,3405,WILSON,9qct8r,38.978333,-121.625833,121.34027111468231,18410.00043615715
3585,2021,10,CA,3405,WILSON,9qct8r,38.978333,-121.625833,122.7212291323289,16474.097034928564
3586,2021,11,CA,3405,WILSON,9qct8r,38.978333,-121.625833,124.31284246564263,13880.906878363137
3587,2021,12,CA,3405,WILSON,9qct8r,38.978333,-121.625833,126.12204622638872,12137.222653400593
3588,2022,1,CA,3405,WILSON,9qct8r,38.978333,-121.625833,127.54452161715905,13671.888570430547
3589,2022,2,CA,3405,WILSON,9qct8r,38.978333,-121.625833,129.0640782062573,14609.41536557957
3590,2022,3,CA,3405,WILSON,9qct8r,38.978333,-121.625833,130.909253323992,20902.67579879023
3591,2022,4,CA,3405,WILSON,9qct8r,38.978333,-121.625833,132.739200221722,22871.78653659589
3592,2022,5,CA,3405,WILSON,9qct8r,38.978333,-121.625833,134.49251879931953,25365.922253391625
3593,2022,6,CA,3405,WILSON,9qct8r,38.978333,-121.625833,136.18797221417637,25344.877599724903
3594,2022,7,CA,3405,WILSON,9qct8r,38.978333,-121.625833,138.00651608807715,26127.69043779728
3595,2022,8,CA,3405,WILSON,9qct8r,38.978333,-121.625833,139.97599453193575,25384.73554262267
3596,2022,9,CA,3405,WILSON,9qct8r,38.978333,-121.625833,141.76390573727707,22747.46669682017
3597,2022,10,CA,3405,WILSON,9qct8r,38.978333,-121.625833,143.88948121097258,21398.97131536351
3598,2022,11,CA,3405,WILSON,9qct8r,38.978333,-121.625833,145.90436442244214,16964.195909926173
3599,2022,12,CA,3405,WILSON,9qct8r,38.978333,-121.625833,147.160749587947,14653.518664615345
3600,2018,1,CA,3501,FULTON,9qben2,38.497952,-122.761324,91.74797292727429,9442.812902885618
3601,2018,2,CA,3501,FULTON,9qben2,38.497952,-122.761324,93.0206272213245,10346.257168287677
3602,2018,3,CA,3501,FULTON,9qben2,38.497952,-122.761324,94.70605400454714,14388.724312457942
3603,2018,4,CA,3501,FULTON,9qben2,38.497952,-122.761324,96.3872352066489,16361.121254380892
3604,2018,5,CA,3501,FULTON,9qben2,38.497952,-122.761324,98.00802715261224,18018.3587711806
3605,2018,6,CA,3501,FULTON,9qben2,38.497952,-122.761324,99.32280643336846,18429.205599843262
3606,2018,7,CA,3501,FULTON,9qben2,38.497952,-122.761324,100.72671534895481,18729.90041279376
3607,2018,8,CA,3501,FULTON,9qben2,38.497952,-122.761324,102.26229241670598,18161.869268880062
3608,2018,9,CA,3501,FULTON,9qben2,38.497952,-122.761324,103.81048216863122,16476.61943541342
3609,2018,10,CA,3501,FULTON,9qben2,38.497952,-122.761324,105.33230245080236,15058.074816248878
3610,2018,11,CA,3501,FULTON,9qben2,38.497952,-122.761324,106.80560180587757,11911.338336879953
3611,2018,12,CA,3501,FULTON,9qben2,38.497952,-122.761324,108.47284702579354,10750.972454260034
3612,2019,1,CA,3501,FULTON,9qben2,38.497952,-122.761324,109.72421827682214,11218.134697210291
3613,2019,2,CA,3501,FULTON,9qben2,38.497952,-122.761324,110.90493092776734,11791.460921627351
3614,2019,3,CA,3501,FULTON,9qben2,38.497952,-122.761324,112.56946062988844,17216.262785231076
3615,2019,4,CA,3501,FULTON,9qben2,38.497952,-122.761324,113.82128676460857,19321.350402719963
3616,2019,5,CA,3501,FULTON,9qben2,38.497952,-122.761324,115.13110367782087,21019.940527501807
3617,2019,6,CA,3501,FULTON,9qben2,38.497952,-122.761324,116.45220997719555,21502.71459929484
3618,2019,7,CA,3501,FULTON,9qben2,38.497952,-122.761324,117.74049572900904,22412.15096485922
3619,2019,8,CA,3501,FULTON,9qben2,38.497952,-122.761324,119.36372750568148,21712.726832061024
3620,2019,9,CA,3501,FULTON,9qben2,38.497952,-122.761324,120.95579285730739,19268.154001845964
3621,2019,10,CA,3501,FULTON,9qben2,38.497952,-122.761324,122.4156662513055,17622.930735263253
3622,2019,11,CA,3501,FULTON,9qben2,38.497952,-122.761324,124.04926386240297,13690.691668872123
3623,2019,12,CA,3501,FULTON,9qben2,38.497952,-122.761324,126.13837924532183,12215.055300586455
3624,2020,1,CA,3501,FULTON,9qben2,38.497952,-122.761324,127.77808332536915,13213.140144310188
3625,2020,2,CA,3501,FULTON,9qben2,38.497952,-122.761324,129.11174717150075,14800.900711013514
3626,2020,3,CA,3501,FULTON,9qben2,38.497952,-122.761324,130.76247873497897,19547.702209313593
3627,2020,4,CA,3501,FULTON,9qben2,38.497952,-122.761324,132.00693024015467,21728.47290673022
3628,2020,5,CA,3501,FULTON,9qben2,38.497952,-122.761324,133.21778927392907,24584.89434355587
3629,2020,6,CA,3501,FULTON,9qben2,38.497952,-122.761324,134.96466670857032,24646.8676425517
3630,2020,7,CA,3501,FULTON,9qben2,38.497952,-122.761324,136.48297198039788,25562.67659780983
3631,2020,8,CA,3501,FULTON,9qben2,38.497952,-122.761324,137.98823725306838,24333.751541186426
3632,2020,9,CA,3501,FULTON,9qben2,38.497952,-122.761324,139.55127275456243,21592.22947925865
3633,2020,10,CA,3501,FULTON,9qben2,38.497952,-122.761324,141.2732280766499,19683.90836389117
3634,2020,11,CA,3501,FULTON,9qben2,38.497952,-122.761324,142.85605791090245,15959.625042449909
3635,2020,12,CA,3501,FULTON,9qben2,38.497952,-122.761324,145.37496946054017,14294.158734807948
3636,2021,1,CA,3501,FULTON,9qben2,38.497952,-122.761324,146.81105105903617,15141.388873357728
3637,2021,2,CA,3501,FULTON,9qben2,38.497952,-122.761324,148.35651150881228,16190.624864387886
3638,2021,3,CA,3501,FULTON,9qben2,38.497952,-122.761324,149.53638331414584,22863.837347837398
3639,2021,4,CA,3501,FULTON,9qben2,38.497952,-122.761324,151.87114967484203,25524.88610130989
3640,2021,5,CA,3501,FULTON,9qben2,38.497952,-122.761324,153.5847516782306,28151.289810087565
3641,2021,6,CA,3501,FULTON,9qben2,38.497952,-122.761324,155.573117215654,28315.576775788533
3642,2021,7,CA,3501,FULTON,9qben2,38.497952,-122.761324,157.25792370293368,28984.16201358243
3643,2021,8,CA,3501,FULTON,9qben2,38.497952,-122.761324,159.24719900774014,27445.032607456254
3644,2021,9,CA,3501,FULTON,9qben2,38.497952,-122.761324,161.34816893534722,24480.082607244774
3645,2021,10,CA,3501,FULTON,9qben2,38.497952,-122.761324,163.18445169190443,21905.879779490024
3646,2021,11,CA,3501,FULTON,9qben2,38.497952,-122.761324,165.30084631196047,18457.67186286563
3647,2021,12,CA,3501,FULTON,9qben2,38.497952,-122.761324,167.70657452853442,16139.06605858773
3648,2022,1,CA,3501,FULTON,9qben2,38.497952,-122.761324,169.5980636240175,18179.736755674272
3649,2022,2,CA,3501,FULTON,9qben2,38.497952,-122.761324,171.6186431974134,19426.381668657457
3650,2022,3,CA,3501,FULTON,9qben2,38.497952,-122.761324,174.07220312336887,27794.634336991447
3651,2022,4,CA,3501,FULTON,9qben2,38.497952,-122.761324,176.50551383287433,30412.993510390643
3652,2022,5,CA,3501,FULTON,9qben2,38.497952,-122.761324,178.83693059547838,33729.487097263365
3653,2022,6,CA,3501,FULTON,9qben2,38.497952,-122.761324,181.09140309244341,33701.503672603016
3654,2022,7,CA,3501,FULTON,9qben2,38.497952,-122.761324,183.50955101223144,34742.422873473144
3655,2022,8,CA,3501,FULTON,9qben2,38.497952,-122.761324,186.1283991304616,33754.50343966309
3656,2022,9,CA,3501,FULTON,9qben2,38.497952,-122.761324,188.50581428332674,30247.683359639537
3657,2022,10,CA,3501,FULTON,9qben2,38.497952,-122.761324,191.3322272084348,28454.5667082834
3658,2022,11,CA,3501,FULTON,9qben2,38.497952,-122.761324,194.0114507984491,22557.572373809355
3659,2022,12,CA,3501,FULTON,9qben2,38.497952,-122.761324,195.68208696952007,19485.0265561137
3660,2018,1,CA,3601,HUMBOLDT,9pr8ne,40.801944,-124.163611,15.16383538612414,1560.6803711601142
3661,2018,2,CA,3601,HUMBOLDT,9pr8ne,40.801944,-124.163611,15.374175948456985,1709.9989847926352
3662,2018,3,CA,3601,HUMBOLDT,9pr8ne,40.801944,-124.163611,15.652738334967818,2378.126076566132
3663,2018,4,CA,3601,HUMBOLDT,9pr8ne,40.801944,-124.163611,15.930599024305609,2704.1180477143366
3664,2018,5,CA,3601,HUMBOLDT,9pr8ne,40.801944,-124.163611,16.19847875482811,2978.0213950981497
3665,2018,6,CA,3601,HUMBOLDT,9pr8ne,40.801944,-124.163611,16.415781611189605,3045.9249517651742
3666,2018,7,CA,3601,HUMBOLDT,9pr8ne,40.801944,-124.163611,16.647815551709886,3095.6229069304286
3667,2018,8,CA,3601,HUMBOLDT,9pr8ne,40.801944,-124.163611,16.90161121754485,3001.740388486923
3668,2018,9,CA,3601,HUMBOLDT,9pr8ne,40.801944,-124.163611,17.157491470760778,2723.2072477118368
3669,2018,10,CA,3601,HUMBOLDT,9pr8ne,40.801944,-124.163611,17.40901345549607,2488.754361107639
3670,2018,11,CA,3601,HUMBOLDT,9pr8ne,40.801944,-124.163611,17.652516043967996,1968.6710017239322
3671,2018,12,CA,3601,HUMBOLDT,9pr8ne,40.801944,-124.163611,17.928073435117643,1776.8891380998657
3672,2019,1,CA,3601,HUMBOLDT,9pr8ne,40.801944,-124.163611,18.134896398634964,1854.1003409710772
3673,2019,2,CA,3601,HUMBOLDT,9pr8ne,40.801944,-124.163611,18.33004111634376,1948.8580147618616
3674,2019,3,CA,3601,HUMBOLDT,9pr8ne,40.801944,-124.163611,18.605149694691168,2845.4533273060624
3675,2019,4,CA,3601,HUMBOLDT,9pr8ne,40.801944,-124.163611,18.812047840048457,3193.37602343225
3676,2019,5,CA,3601,HUMBOLDT,9pr8ne,40.801944,-124.163611,19.028530530883017,3474.1140083586833
3677,2019,6,CA,3601,HUMBOLDT,9pr8ne,40.801944,-124.163611,19.246879098291355,3553.905488429434
3678,2019,7,CA,3601,HUMBOLDT,9pr8ne,40.801944,-124.163611,19.459803182034044,3704.214458770442
3679,2019,8,CA,3601,HUMBOLDT,9pr8ne,40.801944,-124.163611,19.72808616060729,3588.6156931907226
3680,2019,9,CA,3601,HUMBOLDT,9pr8ne,40.801944,-124.163611,19.99121804402387,3184.5838786005925
3681,2019,10,CA,3601,HUMBOLDT,9pr8ne,40.801944,-124.163611,20.232501629097918,2912.6662111916667
3682,2019,11,CA,3601,HUMBOLDT,9pr8ne,40.801944,-124.163611,20.50249784232743,2262.7572922348777
3683,2019,12,CA,3601,HUMBOLDT,9pr8ne,40.801944,-124.163611,20.847780694454446,2018.8684490862786
3684,2020,1,CA,3601,HUMBOLDT,9pr8ne,40.801944,-124.163611,21.1187861669296,2183.828979425287
3685,2020,2,CA,3601,HUMBOLDT,9pr8ne,40.801944,-124.163611,21.3392102087686,2446.2493806384355
3686,2020,3,CA,3601,HUMBOLDT,9pr8ne,40.801944,-124.163611,21.61203827130361,3230.7867849458407
3687,2020,4,CA,3601,HUMBOLDT,9pr8ne,40.801944,-124.163611,21.81771755955837,3591.2181581460036
3688,2020,5,CA,3601,HUMBOLDT,9pr8ne,40.801944,-124.163611,22.0178447828433,4063.319100318908
3689,2020,6,CA,3601,HUMBOLDT,9pr8ne,40.801944,-124.163611,22.30656355246268,4073.561865083343
3690,2020,7,CA,3601,HUMBOLDT,9pr8ne,40.801944,-124.163611,22.557504586616396,4224.924078324616
3691,2020,8,CA,3601,HUMBOLDT,9pr8ne,40.801944,-124.163611,22.80629040802433,4021.8109558658543
3692,2020,9,CA,3601,HUMBOLDT,9pr8ne,40.801944,-124.163611,23.064624323108337,3568.7002447719624
3693,2020,10,CA,3601,HUMBOLDT,9pr8ne,40.801944,-124.163611,23.349224039192443,3253.298537965479
3694,2020,11,CA,3601,HUMBOLDT,9pr8ne,40.801944,-124.163611,23.610829503433894,2637.759933506192
3695,2020,12,CA,3601,HUMBOLDT,9pr8ne,40.801944,-124.163611,24.0271478031438,2362.4965557502887
3696,2021,1,CA,3601,HUMBOLDT,9pr8ne,40.801944,-124.163611,24.264499150163715,2502.524263668322
3697,2021,2,CA,3601,HUMBOLDT,9pr8ne,40.801944,-124.163611,24.519928312339825,2675.9389053388236
3698,2021,3,CA,3601,HUMBOLDT,9pr8ne,40.801944,-124.163611,24.714934057556555,3778.867856977552
3699,2021,4,CA,3601,HUMBOLDT,9pr8ne,40.801944,-124.163611,25.10081738150444,4218.678176101368
3700,2021,5,CA,3601,HUMBOLDT,9pr8ne,40.801944,-124.163611,25.384036485618203,4652.762464034134
3701,2021,6,CA,3601,HUMBOLDT,9pr8ne,40.801944,-124.163611,25.71266769931086,4679.915331007555
3702,2021,7,CA,3601,HUMBOLDT,9pr8ne,40.801944,-124.163611,25.991127565130828,4790.417134633621
3703,2021,8,CA,3601,HUMBOLDT,9pr8ne,40.801944,-124.163611,26.319909142503423,4536.034348749725
3704,2021,9,CA,3601,HUMBOLDT,9pr8ne,40.801944,-124.163611,26.667151278944782,4045.996124505425
3705,2021,10,CA,3601,HUMBOLDT,9pr8ne,40.801944,-124.163611,26.97064669747445,3620.5394448084253
3706,2021,11,CA,3601,HUMBOLDT,9pr8ne,40.801944,-124.163611,27.320438181762036,3050.629772076261
3707,2021,12,CA,3601,HUMBOLDT,9pr8ne,40.801944,-124.163611,27.718049872745095,2667.4174174092923
3708,2022,1,CA,3601,HUMBOLDT,9pr8ne,40.801944,-124.163611,28.030669632761917,3004.6934742049684
3709,2022,2,CA,3601,HUMBOLDT,9pr8ne,40.801944,-124.163611,28.364625087666926,3210.7352824573495
3710,2022,3,CA,3601,HUMBOLDT,9pr8ne,40.801944,-124.163611,28.770142263034618,4593.815495386917
3711,2022,4,CA,3601,HUMBOLDT,9pr8ne,40.801944,-124.163611,29.172312707404892,5026.570206149256
3712,2022,5,CA,3601,HUMBOLDT,9pr8ne,40.801944,-124.163611,29.557642419622095,5574.710521470863
3713,2022,6,CA,3601,HUMBOLDT,9pr8ne,40.801944,-124.163611,29.93025500969665,5570.085503265545
3714,2022,7,CA,3601,HUMBOLDT,9pr8ne,40.801944,-124.163611,30.32991939273463,5742.12557029528
3715,2022,8,CA,3601,HUMBOLDT,9pr8ne,40.801944,-124.163611,30.762754914861983,5578.8451490381985
3716,2022,9,CA,3601,HUMBOLDT,9pr8ne,40.801944,-124.163611,31.155687105866363,4999.248230157131
3717,2022,10,CA,3601,HUMBOLDT,9pr8ne,40.801944,-124.163611,31.622828329395357,4702.887178661904
3718,2022,11,CA,3601,HUMBOLDT,9pr8ne,40.801944,-124.163611,32.065642532100426,3728.249281955975
3719,2022,12,CA,3601,HUMBOLDT,9pr8ne,40.801944,-124.163611,32.341760369693475,3220.427937142256
3720,2018,1,NV,3701,SUMMIT,9r4bc7,39.527222,-119.821944,6.633900055991294,772.8019651723292
3721,2018,2,NV,3701,SUMMIT,9r4bc7,39.527222,-119.821944,6.711619003210227,823.648625657943
3722,2018,3,NV,3701,SUMMIT,9r4bc7,39.527222,-119.821944,6.820683636521521,1112.8848498772986
3723,2018,4,NV,3701,SUMMIT,9r4bc7,39.527222,-119.821944,7.050829227455815,1270.9168364375787
3724,2018,5,NV,3701,SUMMIT,9r4bc7,39.527222,-119.821944,7.286222998220762,1407.9272530254746
3725,2018,6,NV,3701,SUMMIT,9r4bc7,39.527222,-119.821944,7.485969296146911,1466.2922609221469
3726,2018,7,NV,3701,SUMMIT,9r4bc7,39.527222,-119.821944,7.628157687405758,1407.2830174423284
3727,2018,8,NV,3701,SUMMIT,9r4bc7,39.527222,-119.821944,7.83254991501806,1414.9664961072933
3728,2018,9,NV,3701,SUMMIT,9r4bc7,39.527222,-119.821944,8.04371028711142,1345.0582744052847
3729,2018,10,NV,3701,SUMMIT,9r4bc7,39.527222,-119.821944,8.229346724509263,1233.691783684553
3730,2018,11,NV,3701,SUMMIT,9r4bc7,39.527222,-119.821944,8.437008310048855,1035.7848437354423
3731,2018,12,NV,3701,SUMMIT,9r4bc7,39.527222,-119.821944,8.648111324985596,935.3755487508695
3732,2019,1,NV,3701,SUMMIT,9r4bc7,39.527222,-119.821944,8.976251618003689,1015.4400021754291
3733,2019,2,NV,3701,SUMMIT,9r4bc7,39.527222,-119.821944,9.232466036621382,1069.40542937363
3734,2019,3,NV,3701,SUMMIT,9r4bc7,39.527222,-119.821944,9.507321531140295,1586.8612198865883
3735,2019,4,NV,3701,SUMMIT,9r4bc7,39.527222,-119.821944,9.744149230820721,1737.8118918906696
3736,2019,5,NV,3701,SUMMIT,9r4bc7,39.527222,-119.821944,9.980890894766217,1931.425992809777
3737,2019,6,NV,3701,SUMMIT,9r4bc7,39.527222,-119.821944,10.19698398232882,1991.1230346331936
3738,2019,7,NV,3701,SUMMIT,9r4bc7,39.527222,-119.821944,10.425638287191019,2002.4298222389464
3739,2019,8,NV,3701,SUMMIT,9r4bc7,39.527222,-119.821944,10.760145224593836,1999.483585853469
3740,2019,9,NV,3701,SUMMIT,9r4bc7,39.527222,-119.821944,10.988598779407868,1817.4133296684213
3741,2019,10,NV,3701,SUMMIT,9r4bc7,39.527222,-119.821944,11.31820167991975,1793.6495140380757
3742,2019,11,NV,3701,SUMMIT,9r4bc7,39.527222,-119.821944,11.545049234348443,1391.3601832290244
3743,2019,12,NV,3701,SUMMIT,9r4bc7,39.527222,-119.821944,11.865819132740977,1179.3124959227664
3744,2020,1,NV,3701,SUMMIT,9r4bc7,39.527222,-119.821944,12.115064656829444,1435.8532480830443
3745,2020,2,NV,3701,SUMMIT,9r4bc7,39.527222,-119.821944,12.391497473155384,1583.8877388517171
3746,2020,3,NV,3701,SUMMIT,9r4bc7,39.527222,-119.821944,12.68631325817776,2042.8343255762625
3747,2020,4,NV,3701,SUMMIT,9r4bc7,39.527222,-119.821944,12.903180667354723,2235.4383382887286
3748,2020,5,NV,3701,SUMMIT,9r4bc7,39.527222,-119.821944,13.084859460945847,2525.6380480249727
3749,2020,6,NV,3701,SUMMIT,9r4bc7,39.527222,-119.821944,13.298142047834114,2514.7527208060574
3750,2020,7,NV,3701,SUMMIT,9r4bc7,39.527222,-119.821944,13.528144245876861,2540.136876110894
3751,2020,8,NV,3701,SUMMIT,9r4bc7,39.527222,-119.821944,13.762104087726328,2441.0630851610404
3752,2020,9,NV,3701,SUMMIT,9r4bc7,39.527222,-119.821944,14.029101651788421,2166.1118328691514
3753,2020,10,NV,3701,SUMMIT,9r4bc7,39.527222,-119.821944,14.318124363992261,2119.4136721289087
3754,2020,11,NV,3701,SUMMIT,9r4bc7,39.527222,-119.821944,14.548499383553033,1775.6518133626525
3755,2020,12,NV,3701,SUMMIT,9r4bc7,39.527222,-119.821944,14.825362378553613,1636.7044455957284
3756,2021,1,NV,3701,SUMMIT,9r4bc7,39.527222,-119.821944,15.154477743234233,1770.5408605292128
3757,2021,2,NV,3701,SUMMIT,9r4bc7,39.527222,-119.821944,15.409430304406309,1893.953099783
3758,2021,3,NV,3701,SUMMIT,9r4bc7,39.527222,-119.821944,15.627301463824107,2570.21293286291
3759,2021,4,NV,3701,SUMMIT,9r4bc7,39.527222,-119.821944,15.854292411144348,2810.8787153570825
3760,2021,5,NV,3701,SUMMIT,9r4bc7,39.527222,-119.821944,16.22932217969859,3111.7535670118104
3761,2021,6,NV,3701,SUMMIT,9r4bc7,39.527222,-119.821944,16.57759483469,3045.590911029923
3762,2021,7,NV,3701,SUMMIT,9r4bc7,39.527222,-119.821944,16.84304375552337,3016.371626804905
3763,2021,8,NV,3701,SUMMIT,9r4bc7,39.527222,-119.821944,17.171843655842586,3023.190847833933
3764,2021,9,NV,3701,SUMMIT,9r4bc7,39.527222,-119.821944,17.470932549033087,2714.9143992604445
3765,2021,10,NV,3701,SUMMIT,9r4bc7,39.527222,-119.821944,17.782324552318393,2483.1174671085064
3766,2021,11,NV,3701,SUMMIT,9r4bc7,39.527222,-119.821944,18.0742438009315,2241.991794932562
3767,2021,12,NV,3701,SUMMIT,9r4bc7,39.527222,-119.821944,18.273961420279342,2021.5743505823907
3768,2022,1,NV,3701,SUMMIT,9r4bc7,39.527222,-119.821944,18.61193846565762,2365.873645906168
3769,2022,2,NV,3701,SUMMIT,9r4bc7,39.527222,-119.821944,18.89221421147704,2464.4092259768854
3770,2022,3,NV,3701,SUMMIT,9r4bc7,39.527222,-119.821944,19.198300677775073,3276.8402257290404
3771,2022,4,NV,3701,SUMMIT,9r4bc7,39.527222,-119.821944,19.483164996124028,3595.030256574002
3772,2022,5,NV,3701,SUMMIT,9r4bc7,39.527222,-119.821944,19.780475817459333,3967.83981563125
3773,2022,6,NV,3701,SUMMIT,9r4bc7,39.527222,-119.821944,20.110795682428957,3895.1876275565814
3774,2022,7,NV,3701,SUMMIT,9r4bc7,39.527222,-119.821944,20.453762800433097,3871.0789233434853
3775,2022,8,NV,3701,SUMMIT,9r4bc7,39.527222,-119.821944,20.83392603450475,3753.3195186602975
3776,2022,9,NV,3701,SUMMIT,9r4bc7,39.527222,-119.821944,21.21747334081693,3571.4471733441637
3777,2022,10,NV,3701,SUMMIT,9r4bc7,39.527222,-119.821944,21.470045579989307,3363.297421044586
3778,2022,11,NV,3701,SUMMIT,9r4bc7,39.527222,-119.821944,21.84022866880923,2859.2404057107506
3779,2022,12,NV,3701,SUMMIT,9r4bc7,39.527222,-119.821944,22.243134015480372,2735.232311635425
3780,2018,1,CA,3801,DIABLO,9q603v,35.230747,-120.855104,26.758941953829478,2754.062834167241
3781,2018,2,CA,3801,DIABLO,9q603v,35.230747,-120.855104,27.130120534622492,3017.5587118971685
3782,2018,3,CA,3801,DIABLO,9q603v,35.230747,-120.855104,27.6216871166486,4196.572702177472
3783,2018,4,CA,3801,DIABLO,9q603v,35.230747,-120.855104,28.112015445063765,4771.836150457289
3784,2018,5,CA,3801,DIABLO,9q603v,35.230747,-120.855104,28.58473082195439,5255.181134557411
3785,2018,6,CA,3801,DIABLO,9q603v,35.230747,-120.855104,28.968195451562515,5375.0075033515595
3786,2018,7,CA,3801,DIABLO,9q603v,35.230747,-120.855104,29.37765536639265,5462.707261600583
3787,2018,8,CA,3801,DIABLO,9q603v,35.230747,-120.855104,29.825517224377847,5297.036981124714
3788,2018,9,CA,3801,DIABLO,9q603v,35.230747,-120.855104,30.277057660460507,4805.522007740175
3789,2018,10,CA,3801,DIABLO,9q603v,35.230747,-120.855104,30.720907255121926,4391.793486966971
3790,2018,11,CA,3801,DIABLO,9q603v,35.230747,-120.855104,31.150605379943958,3474.025648519182
3791,2018,12,CA,3801,DIABLO,9q603v,35.230747,-120.855104,31.63686918108423,3135.596773116747
3792,2019,1,CA,3801,DIABLO,9q603v,35.230747,-120.855104,32.00184041260678,3271.8479287911687
3793,2019,2,CA,3801,DIABLO,9q603v,35.230747,-120.855104,32.34620356617573,3439.062556758428
3794,2019,3,CA,3801,DIABLO,9q603v,35.230747,-120.855104,32.83167536744146,5021.244195738761
3795,2019,4,CA,3801,DIABLO,9q603v,35.230747,-120.855104,33.196779268993765,5635.207813319295
3796,2019,5,CA,3801,DIABLO,9q603v,35.230747,-120.855104,33.57879658918649,6130.613576544322
3797,2019,6,CA,3801,DIABLO,9q603v,35.230747,-120.855104,33.964106538299234,6271.418031964429
3798,2019,7,CA,3801,DIABLO,9q603v,35.230747,-120.855104,34.33984414375073,6536.661547874354
3799,2019,8,CA,3801,DIABLO,9q603v,35.230747,-120.855104,34.813271114437256,6332.6695775505
3800,2019,9,CA,3801,DIABLO,9q603v,35.230747,-120.855104,35.27760817793435,5619.692708650245
3801,2019,10,CA,3801,DIABLO,9q603v,35.230747,-120.855104,35.703390526726956,5139.851765172689
3802,2019,11,CA,3801,DIABLO,9q603v,35.230747,-120.855104,36.179840765970084,3992.9865694746054
3803,2019,12,CA,3801,DIABLO,9q603v,35.230747,-120.855104,36.78914596893833,3562.606838303699
3804,2020,1,CA,3801,DIABLO,9q603v,35.230747,-120.855104,37.26737720282317,3853.7053067065995
3805,2020,2,CA,3801,DIABLO,9q603v,35.230747,-120.855104,37.656349648817645,4316.786849387348
3806,2020,3,CA,3801,DIABLO,9q603v,35.230747,-120.855104,38.13779712584781,5701.224910597124
3807,2020,4,CA,3801,DIABLO,9q603v,35.230747,-120.855104,38.50075016479668,6337.262031036177
3808,2020,5,CA,3801,DIABLO,9q603v,35.230747,-120.855104,38.85390572306413,7170.357444318814
3809,2020,6,CA,3801,DIABLO,9q603v,35.230747,-120.855104,39.36339482001751,7188.432393089957
3810,2020,7,CA,3801,DIABLO,9q603v,35.230747,-120.855104,39.806219237176364,7455.534519629306
3811,2020,8,CA,3801,DIABLO,9q603v,35.230747,-120.855104,40.24524044681588,7097.10987866357
3812,2020,9,CA,3801,DIABLO,9q603v,35.230747,-120.855104,40.701110750232914,6297.525676640725
3813,2020,10,CA,3801,DIABLO,9q603v,35.230747,-120.855104,41.20333113767788,5740.950394090745
3814,2020,11,CA,3801,DIABLO,9q603v,35.230747,-120.855104,41.66497459754076,4654.736954835171
3815,2020,12,CA,3801,DIABLO,9q603v,35.230747,-120.855104,42.39963287709769,4168.991985978191
3816,2021,1,CA,3801,DIABLO,9q603v,35.230747,-120.855104,42.818476181304284,4416.092618021135
3817,2021,2,CA,3801,DIABLO,9q603v,35.230747,-120.855104,43.269220597208474,4722.10967849723
3818,2021,3,CA,3801,DIABLO,9q603v,35.230747,-120.855104,43.61333851223759,6668.399060081071
3819,2021,4,CA,3801,DIABLO,9q603v,35.230747,-120.855104,44.29428955157168,7444.512655385506
3820,2021,5,CA,3801,DIABLO,9q603v,35.230747,-120.855104,44.794073634834064,8210.521779600302
3821,2021,6,CA,3801,DIABLO,9q603v,35.230747,-120.855104,45.373994436365926,8258.437229268577
3822,2021,7,CA,3801,DIABLO,9q603v,35.230747,-120.855104,45.865380104715115,8453.434818844702
3823,2021,8,CA,3801,DIABLO,9q603v,35.230747,-120.855104,46.44556624630646,8004.536896373884
3824,2021,9,CA,3801,DIABLO,9q603v,35.230747,-120.855104,47.05832891065593,7139.78836384167
3825,2021,10,CA,3801,DIABLO,9q603v,35.230747,-120.855104,47.59389369890996,6389.0039939256785
3826,2021,11,CA,3801,DIABLO,9q603v,35.230747,-120.855104,48.21115508335893,5383.309889285053
3827,2021,12,CA,3801,DIABLO,9q603v,35.230747,-120.855104,48.91280264733312,4707.072189955562
3828,2022,1,CA,3801,DIABLO,9q603v,35.230747,-120.855104,49.4644687528334,5302.24815938547
3829,2022,2,CA,3801,DIABLO,9q603v,35.230747,-120.855104,50.053785004653506,5665.840921156855
3830,2022,3,CA,3801,DIABLO,9q603v,35.230747,-120.855104,50.769383023270514,8106.500701012989
3831,2022,4,CA,3801,DIABLO,9q603v,35.230747,-120.855104,51.47907521541193,8870.163579873582
3832,2022,5,CA,3801,DIABLO,9q603v,35.230747,-120.855104,52.159049320890624,9837.442273340968
3833,2022,6,CA,3801,DIABLO,9q603v,35.230747,-120.855104,52.81658208982288,9829.28071061359
3834,2022,7,CA,3801,DIABLO,9q603v,35.230747,-120.855104,53.52185194763949,10132.872120712529
3835,2022,8,CA,3801,DIABLO,9q603v,35.230747,-120.855104,54.285657430700844,9844.738465647059
3836,2022,9,CA,3801,DIABLO,9q603v,35.230747,-120.855104,54.979047290399436,8821.94971108507
3837,2022,10,CA,3801,DIABLO,9q603v,35.230747,-120.855104,55.803390510063494,8298.9746211818
3838,2022,11,CA,3801,DIABLO,9q603v,35.230747,-120.855104,56.58480492434545,6579.074725155398
3839,2022,12,CA,3801,DIABLO,9q603v,35.230747,-120.855104,57.07205772025291,5682.945115279752
3840,2018,1,CA,3804,GATES,9q6tde,36.144321,-120.124187,32.917771943934326,3387.9371034477176
3841,2018,2,CA,3804,GATES,9q6tde,36.144321,-120.124187,33.37438087466482,3712.079112733674
3842,2018,3,CA,3804,GATES,9q6tde,36.144321,-120.124187,33.97908627259552,5162.454606567459
3843,2018,4,CA,3804,GATES,9q6tde,36.144321,-120.124187,34.58226842083853,5870.120516184871
3844,2018,5,CA,3804,GATES,9q6tde,36.144321,-120.124187,35.16378382595901,6464.712035696554
3845,2018,6,CA,3804,GATES,9q6tde,36.144321,-120.124187,35.63550655878549,6612.117605305448
3846,2018,7,CA,3804,GATES,9q6tde,36.144321,-120.124187,36.13920764382155,6720.002313398937
3847,2018,8,CA,3804,GATES,9q6tde,36.144321,-120.124187,36.69014925163926,6516.201411255576
3848,2018,9,CA,3804,GATES,9q6tde,36.144321,-120.124187,37.2456160979772,5911.5595001957945
3849,2018,10,CA,3804,GATES,9q6tde,36.144321,-120.124187,37.79162198115755,5402.607348163318
3850,2018,11,CA,3804,GATES,9q6tde,36.144321,-120.124187,38.32021929647866,4273.606341485684
3851,2018,12,CA,3804,GATES,9q6tde,36.144321,-120.124187,38.91840142707802,3857.2847784372907
3852,2019,1,CA,3804,GATES,9q6tde,36.144321,-120.124187,39.36737432690663,4024.895458909141
3853,2019,2,CA,3804,GATES,9q6tde,36.144321,-120.124187,39.79099599979023,4230.596155095611
3854,2019,3,CA,3804,GATES,9q6tde,36.144321,-120.124187,40.38820384406337,6176.932241765188
3855,2019,4,CA,3804,GATES,9q6tde,36.144321,-120.124187,40.83733994921566,6932.20553994941
3856,2019,5,CA,3804,GATES,9q6tde,36.144321,-120.124187,41.30728226032925,7541.633743863069
3857,2019,6,CA,3804,GATES,9q6tde,36.144321,-120.124187,41.781275030839645,7714.84571017348
3858,2019,7,CA,3804,GATES,9q6tde,36.144321,-120.124187,42.2434922899657,8041.137593514582
3859,2019,8,CA,3804,GATES,9q6tde,36.144321,-120.124187,42.82588306909501,7790.194892973558
3860,2019,9,CA,3804,GATES,9q6tde,36.144321,-120.124187,43.3970918107443,6913.119483480387
3861,2019,10,CA,3804,GATES,9q6tde,36.144321,-120.124187,43.92087209620891,6322.838493521591
3862,2019,11,CA,3804,GATES,9q6tde,36.144321,-120.124187,44.50698197847179,4912.011151111575
3863,2019,12,CA,3804,GATES,9q6tde,36.144321,-120.124187,45.25652468274493,4382.575351130395
3864,2020,1,CA,3804,GATES,9q6tde,36.144321,-120.124187,45.84482547283782,4740.672955013568
3865,2020,2,CA,3804,GATES,9q6tde,36.144321,-120.124187,46.32332369940496,5310.337205555008
3866,2020,3,CA,3804,GATES,9q6tde,36.144321,-120.124187,46.915580982193134,7013.41711237786
3867,2020,4,CA,3804,GATES,9q6tde,36.144321,-120.124187,47.36207118285545,7795.84434416507
3868,2020,5,CA,3804,GATES,9q6tde,36.144321,-120.124187,47.79650891764478,8820.68474590042
3869,2020,6,CA,3804,GATES,9q6tde,36.144321,-120.124187,48.42326187111992,8842.91981941616
3870,2020,7,CA,3804,GATES,9q6tde,36.144321,-120.124187,48.96800662225365,9171.498090647243
3871,2020,8,CA,3804,GATES,9q6tde,36.144321,-120.124187,49.508072820775205,8730.578542678788
3872,2020,9,CA,3804,GATES,9q6tde,36.144321,-120.124187,50.06886609540416,7746.962282455389
3873,2020,10,CA,3804,GATES,9q6tde,36.144321,-120.124187,50.686677375387966,7062.2858011422295
3874,2020,11,CA,3804,GATES,9q6tde,36.144321,-120.124187,51.25457255440496,5726.069805100781
3875,2020,12,CA,3804,GATES,9q6tde,36.144321,-120.124187,52.15831956147663,5128.525921066186
3876,2021,1,CA,3804,GATES,9q6tde,36.144321,-120.124187,52.67356371395118,5432.499159874592
3877,2021,2,CA,3804,GATES,9q6tde,36.144321,-120.124187,53.228051328347036,5808.94901447221
3878,2021,3,CA,3804,GATES,9q6tde,36.144321,-120.124187,53.651371318662626,8203.195771702804
3879,2021,4,CA,3804,GATES,9q6tde,36.144321,-120.124187,54.489049843339004,9157.939437461311
3880,2021,5,CA,3804,GATES,9q6tde,36.144321,-120.124187,55.10386408010613,10100.25299011906
3881,2021,6,CA,3804,GATES,9q6tde,36.144321,-120.124187,55.81725927799202,10159.196645196782
3882,2021,7,CA,3804,GATES,9q6tde,36.144321,-120.124187,56.42174212320861,10399.074821036436
3883,2021,8,CA,3804,GATES,9q6tde,36.144321,-120.124187,57.135463731741865,9846.858688444332
3884,2021,9,CA,3804,GATES,9q6tde,36.144321,-120.124187,57.889259665662436,8783.079895102559
3885,2021,10,CA,3804,GATES,9q6tde,36.144321,-120.124187,58.54808988366456,7859.495221590153
3886,2021,11,CA,3804,GATES,9q6tde,36.144321,-120.124187,59.30741996174265,6622.330865875347
3887,2021,12,CA,3804,GATES,9q6tde,36.144321,-120.124187,60.170558516913154,5790.450502114052
3888,2022,1,CA,3804,GATES,9q6tde,36.144321,-120.124187,60.84919592647102,6522.61199272934
3889,2022,2,CA,3804,GATES,9q6tde,36.144321,-120.124187,61.574149028643,6969.889154625604
3890,2022,3,CA,3804,GATES,9q6tde,36.144321,-120.124187,62.45444887087928,9972.290451532619
3891,2022,4,CA,3804,GATES,9q6tde,36.144321,-120.124187,63.32748360340385,10911.717747714778
3892,2022,5,CA,3804,GATES,9q6tde,36.144321,-120.124187,64.16396034342402,12101.62501283478
3893,2022,6,CA,3804,GATES,9q6tde,36.144321,-120.124187,64.97283065566289,12091.584987297543
3894,2022,7,CA,3804,GATES,9q6tde,36.144321,-120.124187,65.84042521073145,12465.050904560543
3895,2022,8,CA,3804,GATES,9q6tde,36.144321,-120.124187,66.7800279328541,12110.600494556194
3896,2022,9,CA,3804,GATES,9q6tde,36.144321,-120.124187,67.63300819302947,10852.406989462324
3897,2022,10,CA,3804,GATES,9q6tde,36.144321,-120.124187,68.64708199890902,10209.06411097715
3898,2022,11,CA,3804,GATES,9q6tde,36.144321,-120.124187,69.60834651853833,8093.3125748559205
3899,2022,12,CA,3804,GATES,9q6tde,36.144321,-120.124187,70.20774527064148,6990.930044896742
3900,2018,1,CA,3805,MIDWAY,9q713t,35.408481,-119.456003,70.82817593228363,7289.721965970525
3901,2018,2,CA,3805,MIDWAY,9q713t,35.408481,-119.456003,71.81064758112774,7987.168539810712
3902,2018,3,CA,3805,MIDWAY,9q713t,35.408481,-119.456003,73.1117739266406,11107.897695480722
3903,2018,4,CA,3805,MIDWAY,9q713t,35.408481,-119.456003,74.40962274179532,12630.561065074226
3904,2018,5,CA,3805,MIDWAY,9q713t,35.408481,-119.456003,75.66085188000545,13909.925683783711
3905,2018,6,CA,3805,MIDWAY,9q713t,35.408481,-119.456003,76.67584344045484,14227.093796967054
3906,2018,7,CA,3805,MIDWAY,9q713t,35.408481,-119.456003,77.75964185576014,14459.226065768946
3907,2018,8,CA,3805,MIDWAY,9q713t,35.408481,-119.456003,78.94508627749653,14020.713818440858
3908,2018,9,CA,3805,MIDWAY,9q713t,35.408481,-119.456003,80.14026751831632,12719.724075711147
3909,2018,10,CA,3805,MIDWAY,9q713t,35.408481,-119.456003,81.31509189038582,11624.627098106834
3910,2018,11,CA,3805,MIDWAY,9q713t,35.408481,-119.456003,82.4524587726482,9195.389722476257
3911,2018,12,CA,3805,MIDWAY,9q713t,35.408481,-119.456003,83.73954920081572,8299.60318618766
3912,2019,1,CA,3805,MIDWAY,9q713t,35.408481,-119.456003,84.7055906325399,8660.246026316987
3913,2019,2,CA,3805,MIDWAY,9q713t,35.408481,-119.456003,85.61708459473248,9102.846003122926
3914,2019,3,CA,3805,MIDWAY,9q713t,35.408481,-119.456003,86.90207868043068,13290.718590756778
3915,2019,4,CA,3805,MIDWAY,9q713t,35.408481,-119.456003,87.86847127612181,14915.817340813754
3916,2019,5,CA,3805,MIDWAY,9q713t,35.408481,-119.456003,88.87963195693182,16227.105605353967
3917,2019,6,CA,3805,MIDWAY,9q713t,35.408481,-119.456003,89.89950788892139,16599.800563090048
3918,2019,7,CA,3805,MIDWAY,9q713t,35.408481,-119.456003,90.8940468086295,17301.872956018764
3919,2019,8,CA,3805,MIDWAY,9q713t,35.408481,-119.456003,92.14715946266232,16761.927124535563
3920,2019,9,CA,3805,MIDWAY,9q713t,35.408481,-119.456003,93.3762120642935,14874.750449417097
3921,2019,10,CA,3805,MIDWAY,9q713t,35.408481,-119.456003,94.50321428886492,13604.660666989152
3922,2019,11,CA,3805,MIDWAY,9q713t,35.408481,-119.456003,95.76432922481109,10569.026074572397
3923,2019,12,CA,3805,MIDWAY,9q713t,35.408481,-119.456003,97.37709762898616,9429.855050185184
3924,2020,1,CA,3805,MIDWAY,9q713t,35.408481,-119.456003,98.64292667515521,10200.362851623437
3925,2020,2,CA,3805,MIDWAY,9q713t,35.408481,-119.456003,99.67249686089885,11426.092218374108
3926,2020,3,CA,3805,MIDWAY,9q713t,35.408481,-119.456003,100.94683897293315,15090.55782900647
3927,2020,4,CA,3805,MIDWAY,9q713t,35.408481,-119.456003,101.90753845582687,16774.082878077897
3928,2020,5,CA,3805,MIDWAY,9q713t,35.408481,-119.456003,102.84230501182859,18979.201025206905
3929,2020,6,CA,3805,MIDWAY,9q713t,35.408481,-119.456003,104.19087041687555,19027.04356149771
3930,2020,7,CA,3805,MIDWAY,9q713t,35.408481,-119.456003,105.36298124920052,19734.0355062113
3931,2020,8,CA,3805,MIDWAY,9q713t,35.408481,-119.456003,106.52502538113978,18785.322228511857
3932,2020,9,CA,3805,MIDWAY,9q713t,35.408481,-119.456003,107.73166733688066,16668.904821901957
3933,2020,10,CA,3805,MIDWAY,9q713t,35.408481,-119.456003,109.06099321307217,15195.707111019787
3934,2020,11,CA,3805,MIDWAY,9q713t,35.408481,-119.456003,110.28291612204119,12320.611499678002
3935,2020,12,CA,3805,MIDWAY,9q713t,35.408481,-119.456003,112.22748126831448,11034.894367371873
3936,2021,1,CA,3805,MIDWAY,9q713t,35.408481,-119.456003,113.33611655328164,11688.944406776045
3937,2021,2,CA,3805,MIDWAY,9q713t,35.408481,-119.456003,114.52919081029978,12498.940191926258
3938,2021,3,CA,3805,MIDWAY,9q713t,35.408481,-119.456003,115.44003565122011,17650.568644643456
3939,2021,4,CA,3805,MIDWAY,9q713t,35.408481,-119.456003,117.24244323887604,19704.8617615577
3940,2021,5,CA,3805,MIDWAY,9q713t,35.408481,-119.456003,118.5653204676746,21732.409379443077
3941,2021,6,CA,3805,MIDWAY,9q713t,35.408481,-119.456003,120.10031137383825,21859.236662256975
3942,2021,7,CA,3805,MIDWAY,9q713t,35.408481,-119.456003,121.40095885939618,22375.375290036034
3943,2021,8,CA,3805,MIDWAY,9q713t,35.408481,-119.456003,122.93665209349373,21187.18851182713
3944,2021,9,CA,3805,MIDWAY,9q713t,35.408481,-119.456003,124.55857204347396,18898.287803232022
3945,2021,10,CA,3805,MIDWAY,9q713t,35.408481,-119.456003,125.97615713002347,16911.038549080982
3946,2021,11,CA,3805,MIDWAY,9q713t,35.408481,-119.456003,127.6099847308827,14249.06936134362
3947,2021,12,CA,3805,MIDWAY,9q713t,35.408481,-119.456003,129.4671738973815,12459.137501451924
3948,2022,1,CA,3805,MIDWAY,9q713t,35.408481,-119.456003,130.92737751991893,14034.507273029018
3949,2022,2,CA,3805,MIDWAY,9q713t,35.408481,-119.456003,132.48723721974147,14996.90003664735
3950,2022,3,CA,3805,MIDWAY,9q713t,35.408481,-119.456003,134.3813518094308,21457.07624902408
3951,2022,4,CA,3805,MIDWAY,9q713t,35.408481,-119.456003,136.2598342819251,23478.41359600209
3952,2022,5,CA,3805,MIDWAY,9q713t,35.408481,-119.456003,138.0596560258244,26038.701128845027
3953,2022,6,CA,3805,MIDWAY,9q713t,35.408481,-119.456003,139.80007785264894,26017.098309057368
3954,2022,7,CA,3805,MIDWAY,9q713t,35.408481,-119.456003,141.6668548595785,26820.673646345334
3955,2022,8,CA,3805,MIDWAY,9q713t,35.408481,-119.456003,143.68856966525564,26058.01340184832
3956,2022,9,CA,3805,MIDWAY,9q713t,35.408481,-119.456003,145.5239015351454,23350.796428371887
3957,2022,10,CA,3805,MIDWAY,9q713t,35.408481,-119.456003,147.70585352307126,21966.53498261732
3958,2022,11,CA,3805,MIDWAY,9q713t,35.408481,-119.456003,149.77417736436067,17414.136287935704
3959,2022,12,CA,3805,MIDWAY,9q713t,35.408481,-119.456003,151.06388556028176,15042.173084909376
3960,2018,1,CA,3806,MORROBAY,9q613c,35.38543,-120.858669,41.71726553413974,4293.591680452
3961,2018,2,CA,3806,MORROBAY,9q613c,35.38543,-120.858669,42.29593398232595,4704.382492636467
3962,2018,3,CA,3806,MORROBAY,9q613c,35.38543,-120.858669,43.06228766198472,6542.46860926449
3963,2018,4,CA,3806,MORROBAY,9q613c,35.38543,-120.858669,43.82671090079215,7439.305938086436
3964,2018,5,CA,3806,MORROBAY,9q613c,35.38543,-120.858669,44.563675498788704,8192.842123526449
3965,2018,6,CA,3806,MORROBAY,9q613c,35.38543,-120.858669,45.161497931525936,8379.651768451959
3966,2018,7,CA,3806,MORROBAY,9q613c,35.38543,-120.858669,45.79984708681121,8516.37593745935
3967,2018,8,CA,3806,MORROBAY,9q613c,35.38543,-120.858669,46.498064979148616,8258.095505682484
3968,2018,9,CA,3806,MORROBAY,9q613c,35.38543,-120.858669,47.20201778505415,7491.822284040622
3969,2018,10,CA,3806,MORROBAY,9q613c,35.38543,-120.858669,47.89398054761999,6846.818360121554
3970,2018,11,CA,3806,MORROBAY,9q613c,35.38543,-120.858669,48.563881129027585,5416.015726696033
3971,2018,12,CA,3806,MORROBAY,9q613c,35.38543,-120.858669,49.321967758417124,4888.404161039074
3972,2019,1,CA,3806,MORROBAY,9q613c,35.38543,-120.858669,49.8909589316862,5100.820094763606
3973,2019,2,CA,3806,MORROBAY,9q613c,35.38543,-120.858669,50.42782205364358,5361.508168609674
3974,2019,3,CA,3806,MORROBAY,9q613c,35.38543,-120.858669,51.18467395300807,7828.13377998356
3975,2019,4,CA,3806,MORROBAY,9q613c,35.38543,-120.858669,51.7538719592255,8785.304781254885
3976,2019,5,CA,3806,MORROBAY,9q613c,35.38543,-120.858669,52.34943803252608,9557.643755167264
3977,2019,6,CA,3806,MORROBAY,9q613c,35.38543,-120.858669,52.95013732354502,9777.158295962101
3978,2019,7,CA,3806,MORROBAY,9q613c,35.38543,-120.858669,53.53591330395663,10190.673680969303
3979,2019,8,CA,3806,MORROBAY,9q613c,35.38543,-120.858669,54.27398727867621,9872.649627271068
3980,2019,9,CA,3806,MORROBAY,9q613c,35.38543,-120.858669,54.99789006260068,8761.116689573773
3981,2019,10,CA,3806,MORROBAY,9q613c,35.38543,-120.858669,55.661685938199156,8013.043313289155
3982,2019,11,CA,3806,MORROBAY,9q613c,35.38543,-120.858669,56.40447319707527,6225.077257555285
3983,2019,12,CA,3806,MORROBAY,9q613c,35.38543,-120.858669,57.35438171690453,5554.114049938664
3984,2020,1,CA,3806,MORROBAY,9q613c,35.38543,-120.858669,58.09994555142072,6007.937378375881
3985,2020,2,CA,3806,MORROBAY,9q613c,35.38543,-120.858669,58.70635468534737,6729.8828018273925
3986,2020,3,CA,3806,MORROBAY,9q613c,35.38543,-120.858669,59.45693265194499,8888.225621013205
3987,2020,4,CA,3806,MORROBAY,9q613c,35.38543,-120.858669,60.022777457332964,9879.8092751318
3988,2020,5,CA,3806,MORROBAY,9q613c,35.38543,-120.858669,60.573347962867935,11178.607360315878
3989,2020,6,CA,3806,MORROBAY,9q613c,35.38543,-120.858669,61.367642893550396,11206.786256129577
3990,2020,7,CA,3806,MORROBAY,9q613c,35.38543,-120.858669,62.05800740151529,11623.19922031932
3991,2020,8,CA,3806,MORROBAY,9q613c,35.38543,-120.858669,62.7424426982939,11064.414200084002
3992,2020,9,CA,3806,MORROBAY,9q613c,35.38543,-120.858669,63.45314577951403,9817.860187214423
3993,2020,10,CA,3806,MORROBAY,9q613c,35.38543,-120.858669,64.2361087716925,8950.157761164146
3994,2020,11,CA,3806,MORROBAY,9q613c,35.38543,-120.858669,64.95581221999879,7256.747963782712
3995,2020,12,CA,3806,MORROBAY,9q613c,35.38543,-120.858669,66.10114653770131,6499.470195377557
3996,2021,1,CA,3806,MORROBAY,9q613c,35.38543,-120.858669,66.75412442333413,6884.700773566169
3997,2021,2,CA,3806,MORROBAY,9q613c,35.38543,-120.858669,67.4568362315495,7361.782228875024
3998,2021,3,CA,3806,MORROBAY,9q613c,35.38543,-120.858669,67.99331702593568,10396.052831872094
3999,2021,4,CA,3806,MORROBAY,9q613c,35.38543,-120.858669,69.05492160554364,11606.016103059557
4000,2021,5,CA,3806,MORROBAY,9q613c,35.38543,-120.858669,69.83408639267041,12800.22647548683
4001,2021,6,CA,3806,MORROBAY,9q613c,35.38543,-120.858669,70.73818454827084,12874.926795867512
4002,2021,7,CA,3806,MORROBAY,9q613c,35.38543,-120.858669,71.50425618300002,13178.92858476112
4003,2021,8,CA,3806,MORROBAY,9q613c,35.38543,-120.858669,72.40876800449716,12479.095464985665
4004,2021,9,CA,3806,MORROBAY,9q613c,35.38543,-120.858669,73.36406671631396,11130.950078140828
4005,2021,10,CA,3806,MORROBAY,9q613c,35.38543,-120.858669,74.19901372284652,9960.475140353352
4006,2021,11,CA,3806,MORROBAY,9q613c,35.38543,-120.858669,75.16132595191219,8392.59521140094
4007,2021,12,CA,3806,MORROBAY,9q613c,35.38543,-120.858669,76.25519647146406,7338.338742075668
4008,2022,1,CA,3806,MORROBAY,9q613c,35.38543,-120.858669,77.11524547672923,8266.219747202376
4009,2022,2,CA,3806,MORROBAY,9q613c,35.38543,-120.858669,78.03399116567249,8833.061882264348
4010,2022,3,CA,3806,MORROBAY,9q613c,35.38543,-120.858669,79.14961048312752,12638.057322309474
4011,2022,4,CA,3806,MORROBAY,9q613c,35.38543,-120.858669,80.25602260054802,13828.60989165102
4012,2022,5,CA,3806,MORROBAY,9q613c,35.38543,-120.858669,81.31610413753623,15336.600086873214
4013,2022,6,CA,3806,MORROBAY,9q613c,35.38543,-120.858669,82.34119956792637,15323.876187697417
4014,2022,7,CA,3806,MORROBAY,9q613c,35.38543,-120.858669,83.44071725373493,15797.17604726712
4015,2022,8,CA,3806,MORROBAY,9q613c,35.38543,-120.858669,84.6314921434253,15347.974871135853
4016,2022,9,CA,3806,MORROBAY,9q613c,35.38543,-120.858669,85.71248887885812,13753.444335025164
4017,2022,10,CA,3806,MORROBAY,9q613c,35.38543,-120.858669,86.99764226965098,12938.124703521085
4018,2022,11,CA,3806,MORROBAY,9q613c,35.38543,-120.858669,88.21586953248712,10256.79594327073
4019,2022,12,CA,3806,MORROBAY,9q613c,35.38543,-120.858669,88.97549800749168,8859.727368859576
4020,2018,1,CA,3902,MOSSLAND,9q92vz,36.737604,-121.732796,22.45787344643899,2311.3916349901706
4021,2018,2,CA,3902,MOSSLAND,9q92vz,36.737604,-121.732796,22.769391054566448,2532.534798495192
4022,2018,3,CA,3902,MOSSLAND,9q92vz,36.737604,-121.732796,23.18194623364224,3522.0412980788506
4023,2018,4,CA,3902,MOSSLAND,9q92vz,36.737604,-121.732796,23.593462188411742,4004.8404215315377
4024,2018,5,CA,3902,MOSSLAND,9q92vz,36.737604,-121.732796,23.990196189655617,4410.49549199811
4025,2018,6,CA,3902,MOSSLAND,9q92vz,36.737604,-121.732796,24.31202506232868,4511.061703867343
4026,2018,7,CA,3902,MOSSLAND,9q92vz,36.737604,-121.732796,24.65567089722421,4584.6651398865315
4027,2018,8,CA,3902,MOSSLAND,9q92vz,36.737604,-121.732796,25.031546182034536,4445.623686035974
4028,2018,9,CA,3902,MOSSLAND,9q92vz,36.737604,-121.732796,25.410508772819746,4033.1118203446586
4029,2018,10,CA,3902,MOSSLAND,9q92vz,36.737604,-121.732796,25.783016700949275,3685.883489092297
4030,2018,11,CA,3902,MOSSLAND,9q92vz,36.737604,-121.732796,26.143647779863976,2915.632034283836
4031,2018,12,CA,3902,MOSSLAND,9q92vz,36.737604,-121.732796,26.5517525145891,2631.600144401103
4032,2019,1,CA,3902,MOSSLAND,9q92vz,36.737604,-121.732796,26.858060504765504,2745.9511234624897
4033,2019,2,CA,3902,MOSSLAND,9q92vz,36.737604,-121.732796,27.147072833272805,2886.2886958433983
4034,2019,3,CA,3902,MOSSLAND,9q92vz,36.737604,-121.732796,27.554512869334484,4214.1601445280385
4035,2019,4,CA,3902,MOSSLAND,9q92vz,36.737604,-121.732796,27.86093220497228,4729.439008996305
4036,2019,5,CA,3902,MOSSLAND,9q92vz,36.737604,-121.732796,28.181546399884727,5145.216282789149
4037,2019,6,CA,3902,MOSSLAND,9q92vz,36.737604,-121.732796,28.50492398670256,5263.388692071086
4038,2019,7,CA,3902,MOSSLAND,9q92vz,36.737604,-121.732796,28.820267829775926,5485.998589094355
4039,2019,8,CA,3902,MOSSLAND,9q92vz,36.737604,-121.732796,29.217599047585438,5314.795039210828
4040,2019,9,CA,3902,MOSSLAND,9q92vz,36.737604,-121.732796,29.607301414237355,4716.417707265953
4041,2019,10,CA,3902,MOSSLAND,9q92vz,36.737604,-121.732796,29.964646114988632,4313.70345938454
4042,2019,11,CA,3902,MOSSLAND,9q92vz,36.737604,-121.732796,30.364514659675855,3351.178353961712
4043,2019,12,CA,3902,MOSSLAND,9q92vz,36.737604,-121.732796,30.8758838745771,2989.9752259297597
4044,2020,1,CA,3902,MOSSLAND,9q92vz,36.737604,-121.732796,31.27724714773085,3234.2843086701923
4045,2020,2,CA,3902,MOSSLAND,9q92vz,36.737604,-121.732796,31.603698544104,3622.932959235304
4046,2020,3,CA,3902,MOSSLAND,9q92vz,36.737604,-121.732796,32.00776110117022,4784.844922224296
4047,2020,4,CA,3902,MOSSLAND,9q92vz,36.737604,-121.732796,32.31237529069154,5318.649329838909
4048,2020,5,CA,3902,MOSSLAND,9q92vz,36.737604,-121.732796,32.60876678659454,6017.838086725939
4049,2020,6,CA,3902,MOSSLAND,9q92vz,36.737604,-121.732796,33.03636372527253,6033.007778889165
4050,2020,7,CA,3902,MOSSLAND,9q92vz,36.737604,-121.732796,33.408011256654966,6257.1775448479775
4051,2020,8,CA,3902,MOSSLAND,9q92vz,36.737604,-121.732796,33.77646688481091,5956.3638863415035
4052,2020,9,CA,3902,MOSSLAND,9q92vz,36.737604,-121.732796,34.15906338656327,5285.299953777042
4053,2020,10,CA,3902,MOSSLAND,9q92vz,36.737604,-121.732796,34.5805599435991,4818.185174706538
4054,2020,11,CA,3902,MOSSLAND,9q92vz,36.737604,-121.732796,34.96800165997433,3906.563033714828
4055,2020,12,CA,3902,MOSSLAND,9q92vz,36.737604,-121.732796,35.58457546536378,3498.893737348148
4056,2021,1,CA,3902,MOSSLAND,9q92vz,36.737604,-121.732796,35.93609646107392,3706.2769265837505
4057,2021,2,CA,3902,MOSSLAND,9q92vz,36.737604,-121.732796,36.314390979090795,3963.106678241397
4058,2021,3,CA,3902,MOSSLAND,9q92vz,36.737604,-121.732796,36.603197487199765,5596.5614201058315
4059,2021,4,CA,3902,MOSSLAND,9q92vz,36.737604,-121.732796,37.174696625356,6247.927267585215
4060,2021,5,CA,3902,MOSSLAND,9q92vz,36.737604,-121.732796,37.59414847482813,6890.812774796816
4061,2021,6,CA,3902,MOSSLAND,9q92vz,36.737604,-121.732796,38.080856357084144,6931.026588431003
4062,2021,7,CA,3902,MOSSLAND,9q92vz,36.737604,-121.732796,38.49325970143987,7094.68145926324
4063,2021,8,CA,3902,MOSSLAND,9q92vz,36.737604,-121.732796,38.980190274618664,6717.93664062977
4064,2021,9,CA,3902,MOSSLAND,9q92vz,36.737604,-121.732796,39.4944612197258,5992.182493096182
4065,2021,10,CA,3902,MOSSLAND,9q92vz,36.737604,-121.732796,39.94394260272408,5362.074606385631
4066,2021,11,CA,3902,MOSSLAND,9q92vz,36.737604,-121.732796,40.461989171203776,4518.029615114342
4067,2021,12,CA,3902,MOSSLAND,9q92vz,36.737604,-121.732796,41.0508582013367,3950.4862235461496
4068,2022,1,CA,3902,MOSSLAND,9q92vz,36.737604,-121.732796,41.513852874421744,4449.997251406714
4069,2022,2,CA,3902,MOSSLAND,9q92vz,36.737604,-121.732796,42.00844603980703,4755.14833862055
4070,2022,3,CA,3902,MOSSLAND,9q92vz,36.737604,-121.732796,42.60902321391026,6803.511407548937
4071,2022,4,CA,3902,MOSSLAND,9q92vz,36.737604,-121.732796,43.204643827929225,7444.427790520503
4072,2022,5,CA,3902,MOSSLAND,9q92vz,36.737604,-121.732796,43.77532305859704,8256.232028625613
4073,2022,6,CA,3902,MOSSLAND,9q92vz,36.737604,-121.732796,44.32716803576565,8249.38230552472
4074,2022,7,CA,3902,MOSSLAND,9q92vz,36.737604,-121.732796,44.919077134404986,8504.176290996636
4075,2022,8,CA,3902,MOSSLAND,9q92vz,36.737604,-121.732796,45.56011320025112,8262.355475648808
4076,2022,9,CA,3902,MOSSLAND,9q92vz,36.737604,-121.732796,46.142051818938796,7403.963523828498
4077,2022,10,CA,3902,MOSSLAND,9q92vz,36.737604,-121.732796,46.83389515622725,6965.048248144107
4078,2022,11,CA,3902,MOSSLAND,9q92vz,36.737604,-121.732796,47.48970980149412,5521.594531919095
4079,2022,12,CA,3902,MOSSLAND,9q92vz,36.737604,-121.732796,47.89864456602233,4769.503309294581
4080,2018,1,CA,3903,TESLA,9q9w99,37.71247,-121.565283,31.110572889634494,3201.937979940629
4081,2018,2,CA,3903,TESLA,9q9w99,37.71247,-121.565283,31.542113804546474,3508.28446121703
4082,2018,3,CA,3903,TESLA,9q9w99,37.71247,-121.565283,32.11362063043737,4879.03375114794
4083,2018,4,CA,3903,TESLA,9q9w99,37.71247,-121.565283,32.683687833667335,5547.848514800824
4084,2018,5,CA,3903,TESLA,9q9w99,37.71247,-121.565283,33.233277806775455,6109.796718307209
4085,2018,6,CA,3903,TESLA,9q9w99,37.71247,-121.565283,33.67910276990756,6249.109662253301
4086,2018,7,CA,3903,TESLA,9q9w99,37.71247,-121.565283,34.155150460720066,6351.071456038615
4087,2018,8,CA,3903,TESLA,9q9w99,37.71247,-121.565283,34.67584515041955,6158.459306227771
4088,2018,9,CA,3903,TESLA,9q9w99,37.71247,-121.565283,35.20081664120588,5587.012481752779
4089,2018,10,CA,3903,TESLA,9q9w99,37.71247,-121.565283,35.716846579556,5106.002009655493
4090,2018,11,CA,3903,TESLA,9q9w99,37.71247,-121.565283,36.21642368749549,4038.983616960556
4091,2018,12,CA,3903,TESLA,9q9w99,37.71247,-121.565283,36.78176537608196,3645.518276876072
4092,2019,1,CA,3903,TESLA,9q9w99,37.71247,-121.565283,37.2060894812911,3803.9270628893546
4093,2019,2,CA,3903,TESLA,9q9w99,37.71247,-121.565283,37.606454152214795,3998.3347072784504
4094,2019,3,CA,3903,TESLA,9q9w99,37.71247,-121.565283,38.17087504319021,5837.816151988366
4095,2019,4,CA,3903,TESLA,9q9w99,37.71247,-121.565283,38.595353393684455,6551.624639232736
4096,2019,5,CA,3903,TESLA,9q9w99,37.71247,-121.565283,39.0394956809791,7127.594987139242
4097,2019,6,CA,3903,TESLA,9q9w99,37.71247,-121.565283,39.48746605580396,7291.297546122732
4098,2019,7,CA,3903,TESLA,9q9w99,37.71247,-121.565283,39.9243073996039,7599.675872495151
4099,2019,8,CA,3903,TESLA,9q9w99,37.71247,-121.565283,40.474724688332095,7362.510028172513
4100,2019,9,CA,3903,TESLA,9q9w99,37.71247,-121.565283,41.01457383798121,6533.586415018577
4101,2019,10,CA,3903,TESLA,9q9w99,37.71247,-121.565283,41.509598372960504,5975.712091241246
4102,2019,11,CA,3903,TESLA,9q9w99,37.71247,-121.565283,42.063530584549156,4642.339743152422
4103,2019,12,CA,3903,TESLA,9q9w99,37.71247,-121.565283,42.77192308981652,4141.970183701375
4104,2020,1,CA,3903,TESLA,9q9w99,37.71247,-121.565283,43.327925927505134,4480.408083635358
4105,2020,2,CA,3903,TESLA,9q9w99,37.71247,-121.565283,43.78015440701864,5018.797535365981
4106,2020,3,CA,3903,TESLA,9q9w99,37.71247,-121.565283,44.339896524346045,6628.377663338386
4107,2020,4,CA,3903,TESLA,9q9w99,37.71247,-121.565283,44.76187423158185,7367.8493221982235
4108,2020,5,CA,3903,TESLA,9q9w99,37.71247,-121.565283,45.17246115821805,8336.425569482937
4109,2020,6,CA,3903,TESLA,9q9w99,37.71247,-121.565283,45.76480511989602,8357.439928428494
4110,2020,7,CA,3903,TESLA,9q9w99,37.71247,-121.565283,46.27964316286127,8667.979119066767
4111,2020,8,CA,3903,TESLA,9q9w99,37.71247,-121.565283,46.790059507653666,8251.26623342856
4112,2020,9,CA,3903,TESLA,9q9w99,37.71247,-121.565283,47.3200650036537,7321.650905537315
4113,2020,10,CA,3903,TESLA,9q9w99,37.71247,-121.565283,47.90395819334804,6674.563441234114
4114,2020,11,CA,3903,TESLA,9q9w99,37.71247,-121.565283,48.440675696299685,5411.7062462834365
4115,2020,12,CA,3903,TESLA,9q9w99,37.71247,-121.565283,49.29480662548832,4846.967764266002
4116,2021,1,CA,3903,TESLA,9q9w99,37.71247,-121.565283,49.78176366464696,5134.252748758694
4117,2021,2,CA,3903,TESLA,9q9w99,37.71247,-121.565283,50.30580968372269,5490.035353386332
4118,2021,3,CA,3903,TESLA,9q9w99,37.71247,-121.565283,50.705889234573924,7752.836990856173
4119,2021,4,CA,3903,TESLA,9q9w99,37.71247,-121.565283,51.49757886789457,8655.164841449661
4120,2021,5,CA,3903,TESLA,9q9w99,37.71247,-121.565283,52.078639553262526,9545.74499720201
4121,2021,6,CA,3903,TESLA,9q9w99,37.71247,-121.565283,52.75286906493013,9601.452621667002
4122,2021,7,CA,3903,TESLA,9q9w99,37.71247,-121.565283,53.32416555634135,9828.161388189921
4123,2021,8,CA,3903,TESLA,9q9w99,37.71247,-121.565283,53.99870355857915,9306.262145644001
4124,2021,9,CA,3903,TESLA,9q9w99,37.71247,-121.565283,54.7111157894582,8300.885240272828
4125,2021,10,CA,3903,TESLA,9q9w99,37.71247,-121.565283,55.33377596080754,7428.005740591149
4126,2021,11,CA,3903,TESLA,9q9w99,37.71247,-121.565283,56.05141850908133,6258.762210668238
4127,2021,12,CA,3903,TESLA,9q9w99,37.71247,-121.565283,56.86717040687749,5472.5524168726315
4128,2022,1,CA,3903,TESLA,9q9w99,37.71247,-121.565283,57.50855034691846,6164.517944173989
4129,2022,2,CA,3903,TESLA,9q9w99,37.71247,-121.565283,58.193703229230834,6587.2394081522525
4130,2022,3,CA,3903,TESLA,9q9w99,37.71247,-121.565283,59.025674252460185,9424.807653975484
4131,2022,4,CA,3903,TESLA,9q9w99,37.71247,-121.565283,59.85077902345284,10312.660009905445
4132,2022,5,CA,3903,TESLA,9q9w99,37.71247,-121.565283,60.64133285058319,11437.240882707889
4133,2022,6,CA,3903,TESLA,9q9w99,37.71247,-121.565283,61.405795854034,11427.752058651935
4134,2022,7,CA,3903,TESLA,9q9w99,37.71247,-121.565283,62.22575911552333,11780.714545317005
4135,2022,8,CA,3903,TESLA,9q9w99,37.71247,-121.565283,63.11377726643837,11445.723606836036
4136,2022,9,CA,3903,TESLA,9q9w99,37.71247,-121.565283,63.91992856376197,10256.605436379168
4137,2022,10,CA,3903,TESLA,9q9w99,37.71247,-121.565283,64.87832930567787,9648.582343314743
4138,2022,11,CA,3903,TESLA,9q9w99,37.71247,-121.565283,65.78682001261521,7648.986426162018
4139,2022,12,CA,3903,TESLA,9q9w99,37.71247,-121.565283,66.3533115296906,6607.125144998537
4140,2018,1,CA,3907,BELLOTA,9qcbq0,38.01622,-121.015147,70.196961100141,7224.756568139078
4141,2018,2,CA,3907,BELLOTA,9qcbq0,38.01622,-121.015147,71.17067704309905,7915.9875559326065
4142,2018,3,CA,3907,BELLOTA,9qcbq0,38.01622,-121.015147,72.46020785848607,11008.905032080584
4143,2018,4,CA,3907,BELLOTA,9qcbq0,38.01622,-121.015147,73.74649035259384,12517.99855195543
4144,2018,5,CA,3907,BELLOTA,9qcbq0,38.01622,-121.015147,74.98656864045307,13785.961579244293
4145,2018,6,CA,3907,BELLOTA,9qcbq0,38.01622,-121.015147,75.99251468026011,14100.303116496674
4146,2018,7,CA,3907,BELLOTA,9qcbq0,38.01622,-121.015147,77.06665437393679,14330.366641763128
4147,2018,8,CA,3907,BELLOTA,9qcbq0,38.01622,-121.015147,78.24153421326184,13895.762379229884
4148,2018,9,CA,3907,BELLOTA,9qcbq0,38.01622,-121.015147,79.42606409794583,12606.366949233307
4149,2018,10,CA,3907,BELLOTA,9qcbq0,38.01622,-121.015147,80.59041853260621,11521.029385108162
4150,2018,11,CA,3907,BELLOTA,9qcbq0,38.01622,-121.015147,81.71764929550336,9113.441171581651
4151,2018,12,CA,3907,BELLOTA,9qcbq0,38.01622,-121.015147,82.99326928047684,8225.63781064236
4152,2019,1,CA,3907,BELLOTA,9qcbq0,38.01622,-121.015147,83.95070143104783,8583.066631678308
4153,2019,2,CA,3907,BELLOTA,9qcbq0,38.01622,-121.015147,84.85407223461362,9021.722194183178
4154,2019,3,CA,3907,BELLOTA,9qcbq0,38.01622,-121.015147,86.12761455954808,13172.272808497184
4155,2019,4,CA,3907,BELLOTA,9qcbq0,38.01622,-121.015147,87.08539474454186,14782.888813216863
4156,2019,5,CA,3907,BELLOTA,9qcbq0,38.01622,-121.015147,88.08754404519128,16082.490985451332
4157,2019,6,CA,3907,BELLOTA,9qcbq0,38.01622,-121.015147,89.09833092742427,16451.86451662106
4158,2019,7,CA,3907,BELLOTA,9qcbq0,38.01622,-121.015147,90.08400659872876,17147.680098586887
4159,2019,8,CA,3907,BELLOTA,9qcbq0,38.01622,-121.015147,91.32595161667383,16612.546219591517
4160,2019,9,CA,3907,BELLOTA,9qcbq0,38.01622,-121.015147,92.54405100340963,14742.187906551826
4161,2019,10,CA,3907,BELLOTA,9qcbq0,38.01622,-121.015147,93.66100947758594,13483.417058972462
4162,2019,11,CA,3907,BELLOTA,9qcbq0,38.01622,-121.015147,94.91088546177133,10474.835790384499
4163,2019,12,CA,3907,BELLOTA,9qcbq0,38.01622,-121.015147,96.5092810076294,9345.816963727575
4164,2020,1,CA,3907,BELLOTA,9qcbq0,38.01622,-121.015147,97.76382909027818,10109.458063515704
4165,2020,2,CA,3907,BELLOTA,9qcbq0,38.01622,-121.015147,98.78422383187943,11324.263831764763
4166,2020,3,CA,3907,BELLOTA,9qcbq0,38.01622,-121.015147,100.04720911265623,14956.072028665065
4167,2020,4,CA,3907,BELLOTA,9qcbq0,38.01622,-121.015147,100.9993469214019,16624.593642066015
4168,2020,5,CA,3907,BELLOTA,9qcbq0,38.01622,-121.015147,101.92578291535013,18810.05995907553
4169,2020,6,CA,3907,BELLOTA,9qcbq0,38.01622,-121.015147,103.26233001730547,18857.47612664913
4170,2020,7,CA,3907,BELLOTA,9qcbq0,38.01622,-121.015147,104.42399509506257,19558.167417762164
4171,2020,8,CA,3907,BELLOTA,9qcbq0,38.01622,-121.015147,105.57568318603326,18617.908994143774
4172,2020,9,CA,3907,BELLOTA,9qcbq0,38.01622,-121.015147,106.77157164869708,16520.352924007286
4173,2020,10,CA,3907,BELLOTA,9qcbq0,38.01622,-121.015147,108.08905068288314,15060.284228994118
4174,2020,11,CA,3907,BELLOTA,9qcbq0,38.01622,-121.015147,109.30008391618674,12210.811231390717
4175,2020,12,CA,3907,BELLOTA,9qcbq0,38.01622,-121.015147,111.2273192590839,10936.55230357975
4176,2021,1,CA,3907,BELLOTA,9qcbq0,38.01622,-121.015147,112.32607447829903,11584.773503254519
4177,2021,2,CA,3907,BELLOTA,9qcbq0,38.01622,-121.015147,113.50851615644633,12387.550673117383
4178,2021,3,CA,3907,BELLOTA,9qcbq0,38.01622,-121.015147,114.41124362365484,17493.26824014197
4179,2021,4,CA,3907,BELLOTA,9qcbq0,38.01622,-121.015147,116.19758830431196,19529.253667102366
4180,2021,5,CA,3907,BELLOTA,9qcbq0,38.01622,-121.015147,117.50867616091604,21538.731948704
4181,2021,6,CA,3907,BELLOTA,9qcbq0,38.01622,-121.015147,119.0299873553771,21664.42895728764
4182,2021,7,CA,3907,BELLOTA,9qcbq0,38.01622,-121.015147,120.31904357836945,22175.967800404625
4183,2021,8,CA,3907,BELLOTA,9qcbq0,38.01622,-121.015147,121.84105084167608,20998.370044260588
4184,2021,9,CA,3907,BELLOTA,9qcbq0,38.01622,-121.015147,123.44851637552176,18729.86782902705
4185,2021,10,CA,3907,BELLOTA,9qcbq0,38.01622,-121.015147,124.85346806129994,16760.328775482954
4186,2021,11,CA,3907,BELLOTA,9qcbq0,38.01622,-121.015147,126.47273512602717,14122.082836465326
4187,2021,12,CA,3907,BELLOTA,9qcbq0,38.01622,-121.015147,128.313373176638,12348.10270092085
4188,2022,1,CA,3907,BELLOTA,9qcbq0,38.01622,-121.015147,129.76056358554453,13909.43290769425
4189,2022,2,CA,3907,BELLOTA,9qcbq0,38.01622,-121.015147,131.30652194503705,14863.248906787074
4190,2022,3,CA,3907,BELLOTA,9qcbq0,38.01622,-121.015147,133.1837563425281,21265.852564317753
4191,2022,4,CA,3907,BELLOTA,9qcbq0,38.01622,-121.015147,135.04549793495664,23269.175920431502
4192,2022,5,CA,3907,BELLOTA,9qcbq0,38.01622,-121.015147,136.82927981668234,25806.64638303356
4193,2022,6,CA,3907,BELLOTA,9qcbq0,38.01622,-121.015147,138.5541911484699,25785.23608578494
4194,2022,7,CA,3907,BELLOTA,9qcbq0,38.01622,-121.015147,140.40433159347242,26581.650026284642
4195,2022,8,CA,3907,BELLOTA,9qcbq0,38.01622,-121.015147,142.40802904440466,25825.786546660864
4196,2022,9,CA,3907,BELLOTA,9qcbq0,38.01622,-121.015147,144.22700458882184,23142.696066419558
4197,2022,10,CA,3907,BELLOTA,9qcbq0,38.01622,-121.015147,146.3895112015185,21770.771043912126
4198,2022,11,CA,3907,BELLOTA,9qcbq0,38.01622,-121.015147,148.4394023122016,17258.942948996588
4199,2022,12,CA,3907,BELLOTA,9qcbq0,38.01622,-121.015147,149.71761673559945,14908.118485396195
4200,2018,1,CA,3908,BRIGHTON,9qcem3,38.547942,-121.407942,30.479358057491865,3136.972582109182
4201,2018,2,CA,3908,BRIGHTON,9qcem3,38.547942,-121.407942,30.902143266517772,3437.1034773389247
4202,2018,3,CA,3908,BRIGHTON,9qcem3,38.547942,-121.407942,31.46205456228285,4780.041087747802
4203,2018,4,CA,3908,BRIGHTON,9qcem3,38.547942,-121.407942,32.02055544446585,5435.286001682029
4204,2018,5,CA,3908,BRIGHTON,9qcem3,38.547942,-121.407942,32.558994567223074,5985.83261376779
4205,2018,6,CA,3908,BRIGHTON,9qcem3,38.547942,-121.407942,32.99577400971283,6122.318981782922
4206,2018,7,CA,3908,BRIGHTON,9qcem3,38.547942,-121.407942,33.462162978896714,6222.2120320327995
4207,2018,8,CA,3908,BRIGHTON,9qcem3,38.547942,-121.407942,33.97229308618487,6033.507867016796
4208,2018,9,CA,3908,BRIGHTON,9qcem3,38.547942,-121.407942,34.4866132208354,5473.655355274939
4209,2018,10,CA,3908,BRIGHTON,9qcem3,38.547942,-121.407942,34.9921732217764,5002.40429665682
4210,2018,11,CA,3908,BRIGHTON,9qcem3,38.547942,-121.407942,35.48161421035065,3957.035066065949
4211,2018,12,CA,3908,BRIGHTON,9qcem3,38.547942,-121.407942,36.035485455743085,3571.552901330773
4212,2019,1,CA,3908,BRIGHTON,9qcem3,38.547942,-121.407942,36.45120027979904,3726.7476682506754
4213,2019,2,CA,3908,BRIGHTON,9qcem3,38.547942,-121.407942,36.84344179209594,3917.2108983387025
4214,2019,3,CA,3908,BRIGHTON,9qcem3,38.547942,-121.407942,37.396410922307616,5719.370369728773
4215,2019,4,CA,3908,BRIGHTON,9qcem3,38.547942,-121.407942,37.81227686210451,6418.696111635846
4216,2019,5,CA,3908,BRIGHTON,9qcem3,38.547942,-121.407942,38.24740776923857,6982.980367236606
4217,2019,6,CA,3908,BRIGHTON,9qcem3,38.547942,-121.407942,38.68628909430684,7143.361499653743
4218,2019,7,CA,3908,BRIGHTON,9qcem3,38.547942,-121.407942,39.114267189703156,7445.483015063274
4219,2019,8,CA,3908,BRIGHTON,9qcem3,38.547942,-121.407942,39.653516842343606,7213.129123228466
4220,2019,9,CA,3908,BRIGHTON,9qcem3,38.547942,-121.407942,40.182412777097355,6401.023872153306
4221,2019,10,CA,3908,BRIGHTON,9qcem3,38.547942,-121.407942,40.6673935616815,5854.468483224556
4222,2019,11,CA,3908,BRIGHTON,9qcem3,38.547942,-121.407942,41.210086821509385,4548.149458964524
4223,2019,12,CA,3908,BRIGHTON,9qcem3,38.547942,-121.407942,41.90410646845975,4057.9320972437667
4224,2020,1,CA,3908,BRIGHTON,9qcem3,38.547942,-121.407942,42.44882834262811,4389.5032955276265
4225,2020,2,CA,3908,BRIGHTON,9qcem3,38.547942,-121.407942,42.89188137799924,4916.969148756637
4226,2020,3,CA,3908,BRIGHTON,9qcem3,38.547942,-121.407942,43.44026666406913,6493.891862996981
4227,2020,4,CA,3908,BRIGHTON,9qcem3,38.547942,-121.407942,43.85368269715687,7218.360086186338
4228,2020,5,CA,3908,BRIGHTON,9qcem3,38.547942,-121.407942,44.255939061739575,8167.2845033515605
4229,2020,6,CA,3908,BRIGHTON,9qcem3,38.547942,-121.407942,44.836264720325936,8187.872493579914
4230,2020,7,CA,3908,BRIGHTON,9qcem3,38.547942,-121.407942,45.34065700872332,8492.111030617632
4231,2020,8,CA,3908,BRIGHTON,9qcem3,38.547942,-121.407942,45.84071731254714,8083.852999060476
4232,2020,9,CA,3908,BRIGHTON,9qcem3,38.547942,-121.407942,46.3599693154701,7173.099007642645
4233,2020,10,CA,3908,BRIGHTON,9qcem3,38.547942,-121.407942,46.93201566315901,6539.140559208447
4234,2020,11,CA,3908,BRIGHTON,9qcem3,38.547942,-121.407942,47.45784349044523,5301.905977996151
4235,2020,12,CA,3908,BRIGHTON,9qcem3,38.547942,-121.407942,48.29464461625775,4748.625700473879
4236,2021,1,CA,3908,BRIGHTON,9qcem3,38.547942,-121.407942,48.771721589664345,5030.081845237167
4237,2021,2,CA,3908,BRIGHTON,9qcem3,38.547942,-121.407942,49.28513502986925,5378.645834577456
4238,2021,3,CA,3908,BRIGHTON,9qcem3,38.547942,-121.407942,49.67709720700865,7595.536586354688
4239,2021,4,CA,3908,BRIGHTON,9qcem3,38.547942,-121.407942,50.452723933330496,8479.556746994329
4240,2021,5,CA,3908,BRIGHTON,9qcem3,38.547942,-121.407942,51.021995246503984,9352.067566462933
4241,2021,6,CA,3908,BRIGHTON,9qcem3,38.547942,-121.407942,51.68254504646899,9406.644916697665
4242,2021,7,CA,3908,BRIGHTON,9qcem3,38.547942,-121.407942,52.24225027531461,9628.753898558514
4243,2021,8,CA,3908,BRIGHTON,9qcem3,38.547942,-121.407942,52.90310230676149,9117.443678077458
4244,2021,9,CA,3908,BRIGHTON,9qcem3,38.547942,-121.407942,53.601060121506,8132.46526606786
4245,2021,10,CA,3908,BRIGHTON,9qcem3,38.547942,-121.407942,54.211086892084026,7277.295966993123
4246,2021,11,CA,3908,BRIGHTON,9qcem3,38.547942,-121.407942,54.914168904225804,6131.775685789943
4247,2021,12,CA,3908,BRIGHTON,9qcem3,38.547942,-121.407942,55.713369686133994,5361.517616341557
4248,2022,1,CA,3908,BRIGHTON,9qcem3,38.547942,-121.407942,56.34173641254406,6039.443578839223
4249,2022,2,CA,3908,BRIGHTON,9qcem3,38.547942,-121.407942,57.01298795452641,6453.588278291976
4250,2022,3,CA,3908,BRIGHTON,9qcem3,38.547942,-121.407942,57.828078785557494,9233.583969269155
4251,2022,4,CA,3908,BRIGHTON,9qcem3,38.547942,-121.407942,58.636442676484386,10103.422334334857
4252,2022,5,CA,3908,BRIGHTON,9qcem3,38.547942,-121.407942,59.41095664144113,11205.186136896422
4253,2022,6,CA,3908,BRIGHTON,9qcem3,38.547942,-121.407942,60.159909149854954,11195.889835379507
4254,2022,7,CA,3908,BRIGHTON,9qcem3,38.547942,-121.407942,60.963235849417245,11541.690925256313
4255,2022,8,CA,3908,BRIGHTON,9qcem3,38.547942,-121.407942,61.83323664558739,11213.49675164858
4256,2022,9,CA,3908,BRIGHTON,9qcem3,38.547942,-121.407942,62.6230316174384,10048.50507442684
4257,2022,10,CA,3908,BRIGHTON,9qcem3,38.547942,-121.407942,63.56198698412511,9452.818404609554
4258,2022,11,CA,3908,BRIGHTON,9qcem3,38.547942,-121.407942,64.45204496045615,7493.793087222903
4259,2022,12,CA,3908,BRIGHTON,9qcem3,38.547942,-121.407942,65.0070427050083,6473.070545485355
4260,2018,1,CA,3909,COLGATE,9qcxqg,39.2617,-121.337,25.997243435455815,2675.6678967323937
4261,2018,2,CA,3909,COLGATE,9qcxqg,39.2617,-121.337,26.357856345321707,2931.6633127471027
4262,2018,3,CA,3909,COLGATE,9qcxqg,39.2617,-121.337,26.835430388410465,4077.116439108054
4263,2018,4,CA,3909,COLGATE,9qcxqg,39.2617,-121.337,27.31180142501959,4636.004900776467
4264,2018,5,CA,3909,COLGATE,9qcxqg,39.2617,-121.337,27.771060866215475,5105.5913753328405
4265,2018,6,CA,3909,COLGATE,9qcxqg,39.2617,-121.337,28.143610100113065,5222.006863094021
4266,2018,7,CA,3909,COLGATE,9qcxqg,39.2617,-121.337,28.54141465835258,5307.210230565141
4267,2018,8,CA,3909,COLGATE,9qcxqg,39.2617,-121.337,28.976528040921526,5146.255787038085
4268,2018,9,CA,3909,COLGATE,9qcxqg,39.2617,-121.337,29.415215290142633,4668.731883540817
4269,2018,10,CA,3909,COLGATE,9qcxqg,39.2617,-121.337,29.84643061924835,4266.780226061596
4270,2018,11,CA,3909,COLGATE,9qcxqg,39.2617,-121.337,30.263897302872532,3375.1368287057935
4271,2018,12,CA,3909,COLGATE,9qcxqg,39.2617,-121.337,30.736319509770908,3046.3413974587247
4272,2019,1,CA,3909,COLGATE,9qcxqg,39.2617,-121.337,31.090901763777858,3178.7141373279555
4273,2019,2,CA,3909,COLGATE,9qcxqg,39.2617,-121.337,31.425462552802326,3341.168968192892
4274,2019,3,CA,3909,COLGATE,9qcxqg,39.2617,-121.337,31.89711530425756,4878.313497249794
4275,2019,4,CA,3909,COLGATE,9qcxqg,39.2617,-121.337,32.2518264518159,5474.800520327701
4276,2019,5,CA,3909,COLGATE,9qcxqg,39.2617,-121.337,32.62296957424378,5956.104461571374
4277,2019,6,CA,3909,COLGATE,9qcxqg,39.2617,-121.337,32.99731160026524,6092.90089061813
4278,2019,7,CA,3909,COLGATE,9qcxqg,39.2617,-121.337,33.36235376126069,6350.5941979501
4279,2019,8,CA,3909,COLGATE,9qcxqg,39.2617,-121.337,33.82230454059585,6152.408898974609
4280,2019,9,CA,3909,COLGATE,9qcxqg,39.2617,-121.337,34.27342415872825,5459.727056148741
4281,2019,10,CA,3909,COLGATE,9qcxqg,39.2617,-121.337,34.68708652965385,4993.544879013013
4282,2019,11,CA,3909,COLGATE,9qcxqg,39.2617,-121.337,35.1499745196146,3879.3254255062625
4283,2019,12,CA,3909,COLGATE,9qcxqg,39.2617,-121.337,35.74193573076363,3461.1965375912873
4284,2020,1,CA,3909,COLGATE,9qcxqg,39.2617,-121.337,36.206554019005154,3744.0088311347367
4285,2020,2,CA,3909,COLGATE,9qcxqg,39.2617,-121.337,36.584454288218,4193.908667096486
4286,2020,3,CA,3909,COLGATE,9qcxqg,39.2617,-121.337,37.05219726861443,5538.938428014602
4287,2020,4,CA,3909,COLGATE,9qcxqg,39.2617,-121.337,37.40481877829418,6156.870627373256
4288,2020,5,CA,3909,COLGATE,9qcxqg,39.2617,-121.337,37.74792169449709,6966.25181671325
4289,2020,6,CA,3909,COLGATE,9qcxqg,39.2617,-121.337,38.24290808461899,6983.812258531077
4290,2020,7,CA,3909,COLGATE,9qcxqg,39.2617,-121.337,38.673127418100336,7243.311270777247
4291,2020,8,CA,3909,COLGATE,9qcxqg,39.2617,-121.337,39.099651803108515,6895.0892573460105
4292,2020,9,CA,3909,COLGATE,9qcxqg,39.2617,-121.337,39.542545669143145,6118.26537608049
4293,2020,10,CA,3909,COLGATE,9qcxqg,39.2617,-121.337,40.03047025499499,5577.533117847885
4294,2020,11,CA,3909,COLGATE,9qcxqg,39.2617,-121.337,40.47897294344766,4522.238956669376
4295,2020,12,CA,3909,COLGATE,9qcxqg,39.2617,-121.337,41.19271903133367,4050.3208133918315
4296,2021,1,CA,3909,COLGATE,9qcxqg,39.2617,-121.337,41.599639878935086,4290.387677595933
4297,2021,2,CA,3909,COLGATE,9qcxqg,39.2617,-121.337,42.03755376684786,4587.6939025702395
4298,2021,3,CA,3909,COLGATE,9qcxqg,39.2617,-121.337,42.37187629809551,6478.5817760960745
4299,2021,4,CA,3909,COLGATE,9qcxqg,39.2617,-121.337,43.033443932859996,7232.603146055686
4300,2021,5,CA,3909,COLGATE,9qcxqg,39.2617,-121.337,43.5190015644045,7976.807670672267
4301,2021,6,CA,3909,COLGATE,9qcxqg,39.2617,-121.337,44.08241480685338,8023.359197690592
4302,2021,7,CA,3909,COLGATE,9qcxqg,39.2617,-121.337,44.559813086008425,8212.80614272618
4303,2021,8,CA,3909,COLGATE,9qcxqg,39.2617,-121.337,45.12348411556009,7776.686187449917
4304,2021,9,CA,3909,COLGATE,9qcxqg,39.2617,-121.337,45.71880437077562,6936.552891093038
4305,2021,10,CA,3909,COLGATE,9qcxqg,39.2617,-121.337,46.23912420254333,6207.139745165268
4306,2021,11,CA,3909,COLGATE,9qcxqg,39.2617,-121.337,46.838815120910525,5230.072919987472
4307,2021,12,CA,3909,COLGATE,9qcxqg,39.2617,-121.337,47.520490149691746,4573.084459082147
4308,2022,1,CA,3909,COLGATE,9qcxqg,39.2617,-121.337,48.056452971559885,5151.318628090029
4309,2022,2,CA,3909,COLGATE,9qcxqg,39.2617,-121.337,48.62899422096625,5504.561650756987
4310,2022,3,CA,3909,COLGATE,9qcxqg,39.2617,-121.337,49.324222601969325,7875.74757243972
4311,2022,4,CA,3909,COLGATE,9qcxqg,39.2617,-121.337,50.01371326700297,8617.672638035172
4312,2022,5,CA,3909,COLGATE,9qcxqg,39.2617,-121.337,50.6743317765254,9557.417554235139
4313,2022,6,CA,3909,COLGATE,9qcxqg,39.2617,-121.337,51.313147746537055,9549.488311987689
4314,2022,7,CA,3909,COLGATE,9qcxqg,39.2617,-121.337,51.99834195985773,9844.437933197429
4315,2022,8,CA,3909,COLGATE,9qcxqg,39.2617,-121.337,52.74040557039746,9564.506058999663
4316,2022,9,CA,3909,COLGATE,9qcxqg,39.2617,-121.337,53.41405795207099,8570.831186455256
4317,2022,10,CA,3909,COLGATE,9qcxqg,39.2617,-121.337,54.21493608069621,8062.742684811455
4318,2022,11,CA,3909,COLGATE,9qcxqg,39.2617,-121.337,54.97410738078399,6391.800075841271
4319,2022,12,CA,3909,COLGATE,9qcxqg,39.2617,-121.337,55.44749043052,5521.178970647566
4320,2018,1,CA,3910,CORTINA,9qcjcp,39.018333,-122.290278,37.259616603272015,3834.8050337508503
4321,2018,2,CA,3910,CORTINA,9qcjcp,39.018333,-122.290278,37.7764521207434,4201.701280908139
4322,2018,3,CA,3910,CORTINA,9qcjcp,39.018333,-122.290278,38.46091798687801,5843.380885562732
4323,2018,4,CA,3910,CORTINA,9qcjcp,39.018333,-122.290278,39.143659687128896,6644.387725286255
4324,2018,5,CA,3910,CORTINA,9qcjcp,39.018333,-122.290278,39.80187680706609,7317.405695344965
4325,2018,6,CA,3910,CORTINA,9qcjcp,39.018333,-122.290278,40.335819632786425,7484.254017223152
4326,2018,7,CA,3910,CORTINA,9qcjcp,39.018333,-122.290278,40.90595874618272,7606.368687309748
4327,2018,8,CA,3910,CORTINA,9qcjcp,39.018333,-122.290278,41.52956939373934,7375.686504742958
4328,2018,9,CA,3910,CORTINA,9qcjcp,39.018333,-122.290278,42.15830215747652,6691.292499379285
4329,2018,10,CA,3910,CORTINA,9qcjcp,39.018333,-122.290278,42.776326059734565,6115.209704758838
4330,2018,11,CA,3910,CORTINA,9qcjcp,39.018333,-122.290278,43.374645209035705,4837.29378975815
4331,2018,12,CA,3910,CORTINA,9qcjcp,39.018333,-122.290278,44.05172739075266,4366.059532188161
4332,2019,1,CA,3910,CORTINA,9qcjcp,39.018333,-122.290278,44.55991968704068,4555.778013245487
4333,2019,2,CA,3910,CORTINA,9qcjcp,39.018333,-122.290278,45.0394169368352,4788.610572143699
4334,2019,3,CA,3910,CORTINA,9qcjcp,39.018333,-122.290278,45.71539632413951,6991.66782929759
4335,2019,4,CA,3910,CORTINA,9qcjcp,39.018333,-122.290278,46.2237733524865,7846.561458458247
4336,2019,5,CA,3910,CORTINA,9qcjcp,39.018333,-122.290278,46.7557009193817,8536.373067327715
4337,2019,6,CA,3910,CORTINA,9qcjcp,39.018333,-122.290278,47.292213200104094,8732.431642215985
4338,2019,7,CA,3910,CORTINA,9qcjcp,39.018333,-122.290278,47.815396782874664,9101.76133119845
4339,2019,8,CA,3910,CORTINA,9qcjcp,39.018333,-122.290278,48.47460473840088,8817.719360573183
4340,2019,9,CA,3910,CORTINA,9qcjcp,39.018333,-122.290278,49.121155748917,7824.957956626003
4341,2019,10,CA,3910,CORTINA,9qcjcp,39.018333,-122.290278,49.7140225035079,7156.8190737294235
4342,2019,11,CA,3910,CORTINA,9qcjcp,39.018333,-122.290278,50.37744011080218,5559.904010305857
4343,2019,12,CA,3910,CORTINA,9qcjcp,39.018333,-122.290278,51.22584728236177,4960.635780458961
4344,2020,1,CA,3910,CORTINA,9qcjcp,39.018333,-122.290278,51.89174477759921,5365.966355382517
4345,2020,2,CA,3910,CORTINA,9qcjcp,39.018333,-122.290278,52.433356782737434,6010.7691568575265
4346,2020,3,CA,3910,CORTINA,9qcjcp,39.018333,-122.290278,53.10373263091963,7938.484813951037
4347,2020,4,CA,3910,CORTINA,9qcjcp,39.018333,-122.290278,53.60911476073481,8824.113972753288
4348,2020,5,CA,3910,CORTINA,9qcjcp,39.018333,-122.290278,54.100854707892054,9984.13052895398
4349,2020,6,CA,3910,CORTINA,9qcjcp,39.018333,-122.290278,54.81027619581129,10009.298402276423
4350,2020,7,CA,3910,CORTINA,9qcjcp,39.018333,-122.290278,55.4268726230682,10381.216053054484
4351,2020,8,CA,3910,CORTINA,9qcjcp,39.018333,-122.290278,56.03817339796793,9882.139343422565
4352,2020,9,CA,3910,CORTINA,9qcjcp,39.018333,-122.290278,56.672935144356984,8768.784381152062
4353,2020,10,CA,3910,CORTINA,9qcjcp,39.018333,-122.290278,57.372235554621085,7993.799268719309
4354,2020,11,CA,3910,CORTINA,9qcjcp,39.018333,-122.290278,58.01503594454598,6481.336766808158
4355,2020,12,CA,3910,CORTINA,9qcjcp,39.018333,-122.290278,59.03798692212725,5804.977016194429
4356,2021,1,CA,3910,CORTINA,9qcjcp,39.018333,-122.290278,59.621191630239856,6149.044237844375
4357,2021,2,CA,3910,CORTINA,9qcjcp,39.018333,-122.290278,60.24881600162322,6575.147720077454
4358,2021,3,CA,3910,CORTINA,9qcjcp,39.018333,-122.290278,60.7279717770057,9285.19493651664
4359,2021,4,CA,3910,CORTINA,9qcjcp,39.018333,-122.290278,61.676139858350815,10365.869017409881
4360,2021,5,CA,3910,CORTINA,9qcjcp,39.018333,-122.290278,62.37204791625926,11432.473456856595
4361,2021,6,CA,3910,CORTINA,9qcjcp,39.018333,-122.290278,63.17953973572737,11499.19176309956
4362,2021,7,CA,3910,CORTINA,9qcjcp,39.018333,-122.290278,63.863753694508844,11770.709801395122
4363,2021,8,CA,3910,CORTINA,9qcjcp,39.018333,-122.290278,64.6716149780949,11145.656519612641
4364,2021,9,CA,3910,CORTINA,9qcjcp,39.018333,-122.290278,65.5248363790701,9941.565609142943
4365,2021,10,CA,3910,CORTINA,9qcjcp,39.018333,-122.290278,66.27056611348891,8896.160382618446
4366,2021,11,CA,3910,CORTINA,9qcjcp,39.018333,-122.290278,67.13005161064558,7495.814403927086
4367,2021,12,CA,3910,CORTINA,9qcjcp,39.018333,-122.290278,68.10703789319017,6554.209259255446
4368,2022,1,CA,3910,CORTINA,9qcjcp,39.018333,-122.290278,68.87518738203865,7382.942640070809
4369,2022,2,CA,3910,CORTINA,9qcjcp,39.018333,-122.290278,69.69576159004662,7889.215531080532
4370,2022,3,CA,3910,CORTINA,9qcjcp,39.018333,-122.290278,70.69217272848907,11287.632696205092
4371,2022,4,CA,3910,CORTINA,9qcjcp,39.018333,-122.290278,71.68036049133671,12350.970182776553
4372,2022,5,CA,3910,CORTINA,9qcjcp,39.018333,-122.290278,72.62716827297486,13697.825874204626
4373,2022,6,CA,3910,CORTINA,9qcjcp,39.018333,-122.290278,73.54272834694099,13686.461572184377
4374,2022,7,CA,3910,CORTINA,9qcjcp,39.018333,-122.290278,74.52475837448962,14109.187536605938
4375,2022,8,CA,3910,CORTINA,9qcjcp,39.018333,-122.290278,75.5882944256327,13707.985219385677
4376,2022,9,CA,3910,CORTINA,9qcjcp,39.018333,-122.290278,76.55378253699163,12283.83635255561
4377,2022,10,CA,3910,CORTINA,9qcjcp,39.018333,-122.290278,77.7016123864373,11555.636733285204
4378,2022,11,CA,3910,CORTINA,9qcjcp,39.018333,-122.290278,78.7896674199529,9160.818177584415
4379,2022,12,CA,3910,CORTINA,9qcjcp,39.018333,-122.290278,79.46812669520038,7913.031708731602
4380,2018,1,CA,3911,COTWDPGE,9r1jcf,40.397712,-122.265115,33.33368869379575,3430.7437609335548
4381,2018,2,CA,3911,COTWDPGE,9r1jcf,40.397712,-122.265115,33.79606688809459,3758.981311413046
4382,2018,3,CA,3911,COTWDPGE,9r1jcf,40.397712,-122.265115,34.40841275161206,5227.6823305132875
4383,2018,4,CA,3911,COTWDPGE,9r1jcf,40.397712,-122.265115,35.01921611914959,5944.289613976326
4384,2018,5,CA,3911,COTWDPGE,9r1jcf,40.397712,-122.265115,35.6080789838036,6546.393810005474
4385,2018,6,CA,3911,COTWDPGE,9r1jcf,40.397712,-122.265115,36.08576194340991,6695.661852127016
4386,2018,7,CA,3911,COTWDPGE,9r1jcf,40.397712,-122.265115,36.59582730238733,6804.90968580587
4387,2018,8,CA,3911,COTWDPGE,9r1jcf,40.397712,-122.265115,37.153730069158236,6598.533754921723
4388,2018,9,CA,3911,COTWDPGE,9r1jcf,40.397712,-122.265115,37.716215250934496,5986.252180433131
4389,2018,10,CA,3911,COTWDPGE,9r1jcf,40.397712,-122.265115,38.26911993008209,5470.8694071159325
4390,2018,11,CA,3911,COTWDPGE,9r1jcf,40.397712,-122.265115,38.80439608374464,4327.603448664301
4391,2018,12,CA,3911,COTWDPGE,9r1jcf,40.397712,-122.265115,39.41013625830906,3906.021653796596
4392,2019,1,CA,3911,COTWDPGE,9r1jcf,40.397712,-122.265115,39.86478194029287,4075.750098787341
4393,2019,2,CA,3911,COTWDPGE,9r1jcf,40.397712,-122.265115,40.293756082039096,4284.04982765281
4394,2019,3,CA,3911,COTWDPGE,9r1jcf,40.397712,-122.265115,40.8985096601488,6254.977912246316
4395,2019,4,CA,3911,COTWDPGE,9r1jcf,40.397712,-122.265115,41.35332060955904,7019.794104645035
4396,2019,5,CA,3911,COTWDPGE,9r1jcf,40.397712,-122.265115,41.829200651786195,7636.92244689969
4397,2019,6,CA,3911,COTWDPGE,9r1jcf,40.397712,-122.265115,42.30918233105093,7812.322950094906
4398,2019,7,CA,3911,COTWDPGE,9r1jcf,40.397712,-122.265115,42.77723971509409,8142.737538334035
4399,2019,8,CA,3911,COTWDPGE,9r1jcf,40.397712,-122.265115,43.36698901412619,7888.624171425062
4400,2019,9,CA,3911,COTWDPGE,9r1jcf,40.397712,-122.265115,43.94541499039646,7000.466895445877
4401,2019,10,CA,3911,COTWDPGE,9r1jcf,40.397712,-122.265115,44.47581325092764,6402.727692602356
4402,2019,11,CA,3911,COTWDPGE,9r1jcf,40.397712,-122.265115,45.06932864404063,4974.074516661741
4403,2019,12,CA,3911,COTWDPGE,9r1jcf,40.397712,-122.265115,45.8283418363521,4437.949284067578
4404,2020,1,CA,3911,COTWDPGE,9r1jcf,40.397712,-122.265115,46.42407581946222,4800.571458805484
4405,2020,2,CA,3911,COTWDPGE,9r1jcf,40.397712,-122.265115,46.90861988131697,5377.4334292898475
4406,2020,3,CA,3911,COTWDPGE,9r1jcf,40.397712,-122.265115,47.50836034749187,7102.03178702142
4407,2020,4,CA,3911,COTWDPGE,9r1jcf,40.397712,-122.265115,47.96049196135253,7894.345003552747
4408,2020,5,CA,3911,COTWDPGE,9r1jcf,40.397712,-122.265115,48.40041882617711,8932.13428559939
4409,2020,6,CA,3911,COTWDPGE,9r1jcf,40.397712,-122.265115,49.035090816573074,8954.650299742743
4410,2020,7,CA,3911,COTWDPGE,9r1jcf,40.397712,-122.265115,49.586718429243774,9287.380164431557
4411,2020,8,CA,3911,COTWDPGE,9r1jcf,40.397712,-122.265115,50.13360837569036,8840.889588580238
4412,2020,9,CA,3911,COTWDPGE,9r1jcf,40.397712,-122.265115,50.70148728529258,7844.845315951877
4413,2020,10,CA,3911,COTWDPGE,9r1jcf,40.397712,-122.265115,51.327104623962136,7151.51793270953
4414,2020,11,CA,3911,COTWDPGE,9r1jcf,40.397712,-122.265115,51.90217517066565,5798.418819088528
4415,2020,12,CA,3911,COTWDPGE,9r1jcf,40.397712,-122.265115,52.81734104042701,5193.324955347817
4416,2021,1,CA,3911,COTWDPGE,9r1jcf,40.397712,-122.265115,53.33909531374593,5501.138902505056
4417,2021,2,CA,3911,COTWDPGE,9r1jcf,40.397712,-122.265115,53.90058889096365,5882.345209036199
4418,2021,3,CA,3911,COTWDPGE,9r1jcf,40.397712,-122.265115,54.329257538376176,8306.843325056494
4419,2021,4,CA,3911,COTWDPGE,9r1jcf,40.397712,-122.265115,55.17752014905952,9273.65019737374
4420,2021,5,CA,3911,COTWDPGE,9r1jcf,40.397712,-122.265115,55.8001025768075,10227.86990184636
4421,2021,6,CA,3911,COTWDPGE,9r1jcf,40.397712,-122.265115,56.52251153821836,10287.55831126185
4422,2021,7,CA,3911,COTWDPGE,9r1jcf,40.397712,-122.265115,57.13463203706344,10530.46735296411
4423,2021,8,CA,3911,COTWDPGE,9r1jcf,40.397712,-122.265115,57.85737153332715,9971.273957771124
4424,2021,9,CA,3911,COTWDPGE,9r1jcf,40.397712,-122.265115,58.62069169493327,8894.054296710485
4425,2021,10,CA,3911,COTWDPGE,9r1jcf,40.397712,-122.265115,59.28784624677696,7958.800111170248
4426,2021,11,CA,3911,COTWDPGE,9r1jcf,40.397712,-122.265115,60.056770476569945,6706.004157461821
4427,2021,12,CA,3911,COTWDPGE,9r1jcf,40.397712,-122.265115,60.93081480577515,5863.612967580264
4428,2022,1,CA,3911,COTWDPGE,9r1jcf,40.397712,-122.265115,61.61802681346191,6605.0253342289925
4429,2022,2,CA,3911,COTWDPGE,9r1jcf,40.397712,-122.265115,62.352139713525766,7057.953852595553
4430,2022,3,CA,3911,COTWDPGE,9r1jcf,40.397712,-122.265115,63.24356216302447,10098.290553858495
4431,2022,4,CA,3911,COTWDPGE,9r1jcf,40.397712,-122.265115,64.12762770799546,11049.587533943459
4432,2022,5,CA,3911,COTWDPGE,9r1jcf,40.397712,-122.265115,64.97467334944787,12254.529302710554
4433,2022,6,CA,3911,COTWDPGE,9r1jcf,40.397712,-122.265115,65.79376375531575,12244.36242123674
4434,2022,7,CA,3911,COTWDPGE,9r1jcf,40.397712,-122.265115,66.67232038607267,12622.547088321464
4435,2022,8,CA,3911,COTWDPGE,9r1jcf,40.397712,-122.265115,67.62379500860862,12263.618189834751
4436,2022,9,CA,3911,COTWDPGE,9r1jcf,40.397712,-122.265115,68.48755269254501,10989.527382996805
4437,2022,10,CA,3911,COTWDPGE,9r1jcf,40.397712,-122.265115,69.51443934256781,10338.055853534832
4438,2022,11,CA,3911,COTWDPGE,9r1jcf,40.397712,-122.265115,70.48784945988345,8195.571751676269
4439,2022,12,CA,3911,COTWDPGE,9r1jcf,40.397712,-122.265115,71.09482162799029,7079.260594963567
4440,2018,1,CA,3912,GLENN,9r10zd,39.521944,-122.013889,25.594375054217494,2634.2041932068964
4441,2018,2,CA,3912,GLENN,9r10zd,39.521944,-122.013889,25.94939969701915,2886.232555594927
4442,2018,3,CA,3912,GLENN,9r10zd,39.521944,-122.013889,26.419572975402286,4013.935075129154
4443,2018,4,CA,3912,GLENN,9r10zd,39.521944,-122.013889,26.8885618897928,4564.1626766412155
4444,2018,5,CA,3912,GLENN,9r10zd,39.521944,-122.013889,27.34070437998954,5026.4721664924355
4445,2018,6,CA,3912,GLENN,9r10zd,39.521944,-122.013889,27.707480374614104,5141.083612251169
4446,2018,7,CA,3912,GLENN,9r10zd,39.521944,-122.013889,28.099120322408474,5224.96661886117
4447,2018,8,CA,3912,GLENN,9r10zd,39.521944,-122.013889,28.52749093532471,5066.506418859504
4448,2018,9,CA,3912,GLENN,9r10zd,39.521944,-122.013889,28.959380032180075,4596.3825030756325
4449,2018,10,CA,3912,GLENN,9r10zd,39.521944,-122.013889,29.3839129981332,4200.659721899653
4450,2018,11,CA,3912,GLENN,9r10zd,39.521944,-122.013889,29.79491037559921,3322.8337484190547
4451,2018,12,CA,3912,GLENN,9r10zd,39.521944,-122.013889,30.260011653637314,2999.133522110691
4452,2019,1,CA,3912,GLENN,9r10zd,39.521944,-122.013889,30.609099095125302,3129.454937132209
4453,2019,2,CA,3912,GLENN,9r10zd,39.521944,-122.013889,30.93847533587892,3289.3922735982724
4454,2019,3,CA,3912,GLENN,9r10zd,39.521944,-122.013889,31.402819082402264,4802.716318391604
4455,2019,4,CA,3912,GLENN,9r10zd,39.521944,-122.013889,31.75203342003232,5389.959832171547
4456,2019,5,CA,3912,GLENN,9r10zd,39.521944,-122.013889,32.11742509310706,5863.805208041784
4457,2019,6,CA,3912,GLENN,9r10zd,39.521944,-122.013889,32.485966097707646,5998.481760184434
4458,2019,7,CA,3912,GLENN,9r10zd,39.521944,-122.013889,32.84535135339123,6252.181702379884
4459,2019,8,CA,3912,GLENN,9r10zd,39.521944,-122.013889,33.29817446834996,6057.067597886289
4460,2019,9,CA,3912,GLENN,9r10zd,39.521944,-122.013889,33.742303274908316,5375.119955146876
4461,2019,10,CA,3912,GLENN,9r10zd,39.521944,-122.013889,34.14955529351453,4916.162007746547
4462,2019,11,CA,3912,GLENN,9r10zd,39.521944,-122.013889,34.60527010237734,3819.209145934141
4463,2019,12,CA,3912,GLENN,9r10zd,39.521944,-122.013889,35.18805793883825,3407.5598260795837
4464,2020,1,CA,3912,GLENN,9r10zd,39.521944,-122.013889,35.64547623227485,3685.9894960892334
4465,2020,2,CA,3912,GLENN,9r10zd,39.521944,-122.013889,36.01752033946401,4128.917422929799
4466,2020,3,CA,3912,GLENN,9r10zd,39.521944,-122.013889,36.47801490301133,5453.103821595153
4467,2020,4,CA,3912,GLENN,9r10zd,39.521944,-122.013889,36.82517198500484,6061.460184750683
4468,2020,5,CA,3912,GLENN,9r10zd,39.521944,-122.013889,37.16295797917362,6858.2987331617
4469,2020,6,CA,3912,GLENN,9r10zd,39.521944,-122.013889,37.650273772748676,6875.587048175523
4470,2020,7,CA,3912,GLENN,9r10zd,39.521944,-122.013889,38.07382617760402,7131.0647130332245
4471,2020,8,CA,3912,GLENN,9r10zd,39.521944,-122.013889,38.49374089305344,6788.238950139507
4472,2020,9,CA,3912,GLENN,9r10zd,39.521944,-122.013889,38.92977141854534,6023.453182850559
4473,2020,10,CA,3912,GLENN,9r10zd,39.521944,-122.013889,39.41013484167021,5491.100425702302
4474,2020,11,CA,3912,GLENN,9r10zd,39.521944,-122.013889,39.851687272010835,4452.159715669482
4475,2020,12,CA,3912,GLENN,9r10zd,39.521944,-122.013889,40.55437273603663,3987.5546899896244
4476,2021,1,CA,3912,GLENN,9r10zd,39.521944,-122.013889,40.954987701879,4223.901338655837
4477,2021,2,CA,3912,GLENN,9r10zd,39.521944,-122.013889,41.38611542188196,4516.600333718063
4478,2021,3,CA,3912,GLENN,9r10zd,39.521944,-122.013889,41.71525709703964,6378.185910690734
4479,2021,4,CA,3912,GLENN,9r10zd,39.521944,-122.013889,42.36657269555424,7120.5225276307065
4480,2021,5,CA,3912,GLENN,9r10zd,39.521944,-122.013889,42.84460584407023,7853.194426763864
4481,2021,6,CA,3912,GLENN,9r10zd,39.521944,-122.013889,43.39928810773218,7899.02456428639
4482,2021,7,CA,3912,GLENN,9r10zd,39.521944,-122.013889,43.86928834592159,8085.535729447219
4483,2021,8,CA,3912,GLENN,9r10zd,39.521944,-122.013889,44.424224401867676,7656.174142258868
4484,2021,9,CA,3912,GLENN,9r10zd,39.521944,-122.013889,45.010319228697604,6829.06003933948
4485,2021,10,CA,3912,GLENN,9r10zd,39.521944,-122.013889,45.52257588219524,6110.950303101412
4486,2021,11,CA,3912,GLENN,9r10zd,39.521944,-122.013889,46.11297364184252,5149.024672842927
4487,2021,12,CA,3912,GLENN,9r10zd,39.521944,-122.013889,46.784085038519535,4502.21728665017
4488,2022,1,CA,3912,GLENN,9r10zd,39.521944,-122.013889,47.311742269258914,5071.490803186444
4489,2022,2,CA,3912,GLENN,9r10zd,39.521944,-122.013889,47.87541108698177,5419.259766840995
4490,2022,3,CA,3912,GLENN,9r10zd,39.521944,-122.013889,48.55986580526399,7753.700414500539
4491,2022,4,CA,3912,GLENN,9r10zd,39.521944,-122.013889,49.23867172255541,8484.128178433271
4492,2022,5,CA,3912,GLENN,9r10zd,39.521944,-122.013889,49.88905290402388,9409.3102616888
4493,2022,6,CA,3912,GLENN,9r10zd,39.521944,-122.013889,50.517969410794876,9401.503895583839
4494,2022,7,CA,3912,GLENN,9r10zd,39.521944,-122.013889,51.19254545668408,9691.882806181946
4495,2022,8,CA,3912,GLENN,9r10zd,39.521944,-122.013889,51.92310961858818,9416.2889188671
4496,2022,9,CA,3912,GLENN,9r10zd,39.521944,-122.013889,52.586322691755946,8438.012609188525
4497,2022,10,CA,3912,GLENN,9r10zd,39.521944,-122.013889,53.37478994781887,7937.797742020287
4498,2022,11,CA,3912,GLENN,9r10zd,39.521944,-122.013889,54.12219668857911,6292.749030058424
4499,2022,12,CA,3912,GLENN,9r10zd,39.521944,-122.013889,54.58824391967626,5435.619575092641
4500,2018,1,CA,3913,GOLDHILL,9qcggm,38.657961,-121.137023,49.09448694442687,5052.864275779224
4501,2018,2,CA,3913,GOLDHILL,9qcggm,38.657961,-121.137023,49.775486291121354,5536.298746074897
4502,2018,3,CA,3913,GOLDHILL,9qcggm,38.657961,-121.137023,50.67736085646244,7699.429375566372
4503,2018,4,CA,3913,GOLDHILL,9qcggm,38.657961,-121.137023,51.57696360456048,8754.862131461927
4504,2018,5,CA,3913,GOLDHILL,9qcggm,38.657961,-121.137023,52.444251965185124,9641.652575288192
4505,2018,6,CA,3913,GOLDHILL,9qcggm,38.657961,-121.137023,53.14779245958989,9861.497369918441
4506,2018,7,CA,3913,GOLDHILL,9qcggm,38.657961,-121.137023,53.89902636403868,10022.39964489684
4507,2018,8,CA,3913,GOLDHILL,9qcggm,38.657961,-121.137023,54.720716107142096,9718.445271964762
4508,2018,9,CA,3913,GOLDHILL,9qcggm,38.657961,-121.137023,55.54915491770457,8816.66539272091
4509,2018,10,CA,3913,GOLDHILL,9qcggm,38.657961,-121.137023,56.3634833828581,8057.599899896734
4510,2018,11,CA,3913,GOLDHILL,9qcggm,38.657961,-121.137023,57.151848222376756,6373.77618069166
4511,2018,12,CA,3913,GOLDHILL,9qcggm,38.657961,-121.137023,58.04399380413478,5752.862542412171
4512,2019,1,CA,3913,GOLDHILL,9qcggm,38.657961,-121.137023,58.71360456049398,6002.841805230658
4513,2019,2,CA,3913,GOLDHILL,9qcggm,38.657961,-121.137023,59.34540578702239,6309.629584202649
4514,2019,3,CA,3913,GOLDHILL,9qcggm,38.657961,-121.137023,60.23609829086847,9212.449731301762
4515,2019,4,CA,3913,GOLDHILL,9qcggm,38.657961,-121.137023,60.90595245621799,10338.885479758064
4516,2019,5,CA,3913,GOLDHILL,9qcggm,38.657961,-121.137023,61.60683757981917,11247.803770205051
4517,2019,6,CA,3913,GOLDHILL,9qcggm,38.657961,-121.137023,62.31376367199847,11506.136947588036
4518,2019,7,CA,3913,GOLDHILL,9qcggm,38.657961,-121.137023,63.003127436724185,11992.777800257105
4519,2019,8,CA,3913,GOLDHILL,9qcggm,38.657961,-121.137023,63.87172135466058,11618.514828981473
4520,2019,9,CA,3913,GOLDHILL,9qcggm,38.657961,-121.137023,64.72363806874459,10310.42000063223
4521,2019,10,CA,3913,GOLDHILL,9qcggm,38.657961,-121.137023,65.5048186550336,9430.05840129818
4522,2019,11,CA,3913,GOLDHILL,9qcggm,38.657961,-121.137023,66.37895934753745,7325.910992392151
4523,2019,12,CA,3913,GOLDHILL,9qcggm,38.657961,-121.137023,67.49684832774861,6536.295613369581
4524,2020,1,CA,3913,GOLDHILL,9qcggm,38.657961,-121.137023,68.37425660154685,7070.3724083791685
4525,2020,2,CA,3913,GOLDHILL,9qcggm,38.657961,-121.137023,69.08790225706517,7919.985625171228
4526,2020,3,CA,3913,GOLDHILL,9qcggm,38.657961,-121.137023,69.97121135487133,10460.006693220372
4527,2020,4,CA,3913,GOLDHILL,9qcggm,38.657961,-121.137023,70.63711934416554,11626.940578702239
4528,2020,5,CA,3913,GOLDHILL,9qcggm,38.657961,-121.137023,71.28505194832563,13155.416254662703
4529,2020,6,CA,3913,GOLDHILL,9qcggm,38.657961,-121.137023,72.21980885545086,13188.578266000713
4530,2020,7,CA,3913,GOLDHILL,9qcggm,38.657961,-121.137023,73.03225643295187,13678.629101599543
4531,2020,8,CA,3913,GOLDHILL,9qcggm,38.657961,-121.137023,73.8377262860635,13021.02933973994
4532,2020,9,CA,3913,GOLDHILL,9qcggm,38.657961,-121.137023,74.67410908094664,11554.036502918798
4533,2020,10,CA,3913,GOLDHILL,9qcggm,38.657961,-121.137023,75.59553012581398,10532.890824218664
4534,2020,11,CA,3913,GOLDHILL,9qcggm,38.657961,-121.137023,76.44250489979136,8540.020866788896
4535,2020,12,CA,3913,GOLDHILL,9qcggm,38.657961,-121.137023,77.79037849571135,7648.8271838317405
4536,2021,1,CA,3913,GOLDHILL,9qcggm,38.657961,-121.137023,78.55882805420327,8102.18138500769
4537,2021,2,CA,3913,GOLDHILL,9qcggm,38.657961,-121.137023,79.38580641082379,8663.629240690394
4538,2021,3,CA,3913,GOLDHILL,9qcggm,38.657961,-121.137023,80.0171576995216,12234.47590567111
4539,2021,4,CA,3913,GOLDHILL,9qcggm,38.657961,-121.137023,81.26649491053928,13658.407346525888
4540,2021,5,CA,3913,GOLDHILL,9qcggm,38.657961,-121.137023,82.18344608122061,15063.80016859497
4541,2021,6,CA,3913,GOLDHILL,9qcggm,38.657961,-121.137023,83.24742365808937,15151.71038650397
4542,2021,7,CA,3913,GOLDHILL,9qcggm,38.657961,-121.137023,84.14896630208003,15509.471415776272
4543,2021,8,CA,3913,GOLDHILL,9qcggm,38.657961,-121.137023,85.21343069692945,14685.880810731067
4544,2021,9,CA,3913,GOLDHILL,9qcggm,38.657961,-121.137023,86.33766306294913,13099.331327053167
4545,2021,10,CA,3913,GOLDHILL,9qcggm,38.657961,-121.137023,87.32026090071862,11721.871279846575
4546,2021,11,CA,3913,GOLDHILL,9qcggm,38.657961,-121.137023,88.45274704431938,9876.729712756314
4547,2021,12,CA,3913,GOLDHILL,9qcggm,38.657961,-121.137023,89.74005605782806,8636.040041305767
4548,2022,1,CA,3913,GOLDHILL,9qcggm,38.657961,-121.137023,90.75219489578723,9728.00619270405
4549,2022,2,CA,3913,GOLDHILL,9qcggm,38.657961,-121.137023,91.83341025478913,10395.087878021537
4550,2022,3,CA,3913,GOLDHILL,9qcggm,38.657961,-121.137023,93.14631409243218,14872.953254936669
4551,2022,4,CA,3913,GOLDHILL,9qcggm,38.657961,-121.137023,94.44838254199067,16274.041433268
4552,2022,5,CA,3913,GOLDHILL,9qcggm,38.657961,-121.137023,95.69592737771593,18048.702452003115
4553,2022,6,CA,3913,GOLDHILL,9qcggm,38.657961,-121.137023,96.90229921392591,18033.728476744425
4554,2022,7,CA,3913,GOLDHILL,9qcggm,38.657961,-121.137023,98.19625403047353,18590.72600472066
4555,2022,8,CA,3913,GOLDHILL,9qcggm,38.657961,-121.137023,99.59760384396533,18062.088736802172
4556,2022,9,CA,3913,GOLDHILL,9qcggm,38.657961,-121.137023,100.86976249183365,16185.583707403424
4557,2022,10,CA,3913,GOLDHILL,9qcggm,38.657961,-121.137023,102.38218056521463,15226.084121514823
4558,2022,11,CA,3913,GOLDHILL,9qcggm,38.657961,-121.137023,103.81583739014982,12070.59302859792
4559,2022,12,CA,3913,GOLDHILL,9qcggm,38.657961,-121.137023,104.70979747529029,10426.468851025267
4560,2018,1,CA,3914,IGNACIO,9qbbed,38.070278,-122.538611,33.801798918149586,3478.9222342607522
4561,2018,2,CA,3914,IGNACIO,9qbbed,38.070278,-122.538611,34.270670362033194,3811.769276201202
4562,2018,3,CA,3914,IGNACIO,9qbbed,38.070278,-122.538611,34.891615494662055,5301.095494326828
4563,2018,4,CA,3914,IGNACIO,9qbbed,38.070278,-122.538611,35.51099646979773,6027.766206392591
4564,2018,5,CA,3914,IGNACIO,9qbbed,38.070278,-122.538611,36.108128828122815,6638.325846188454
4565,2018,6,CA,3914,IGNACIO,9qbbed,38.070278,-122.538611,36.592519964536244,6789.690082863448
4566,2018,7,CA,3914,IGNACIO,9qbbed,38.070278,-122.538611,37.1097482514398,6900.472101024655
4567,2018,8,CA,3914,IGNACIO,9qbbed,38.070278,-122.538611,37.67548573436588,6691.198000538131
4568,2018,9,CA,3914,IGNACIO,9qbbed,38.070278,-122.538611,38.245869983870755,6070.3180597590745
4569,2018,10,CA,3914,IGNACIO,9qbbed,38.070278,-122.538611,38.80653919024423,5547.697685231227
4570,2018,11,CA,3914,IGNACIO,9qbbed,38.070278,-122.538611,39.34933231098126,4388.376663410431
4571,2018,12,CA,3914,IGNACIO,9qbbed,38.070278,-122.538611,39.96357898992988,3960.8745292009917
4572,2019,1,CA,3914,IGNACIO,9qbbed,38.070278,-122.538611,40.42460933261386,4132.9864973953545
4573,2019,2,CA,3914,IGNACIO,9qbbed,38.070278,-122.538611,40.859607625589774,4344.211412060323
4574,2019,3,CA,3914,IGNACIO,9qbbed,38.070278,-122.538611,41.47285385315476,6342.817549219193
4575,2019,4,CA,3914,IGNACIO,9qbbed,38.070278,-122.538611,41.93405178414159,7118.374175498543
4576,2019,5,CA,3914,IGNACIO,9qbbed,38.070278,-122.538611,42.416614684524006,7744.168947964436
4577,2019,6,CA,3914,IGNACIO,9qbbed,38.070278,-122.538611,42.90333682187696,7922.032627967258
4578,2019,7,CA,3914,IGNACIO,9qbbed,38.070278,-122.538611,43.37796720925821,8257.087280150441
4579,2019,8,CA,3914,IGNACIO,9qbbed,38.070278,-122.538611,43.97599845029854,7999.405359329305
4580,2019,9,CA,3914,IGNACIO,9qbbed,38.070278,-122.538611,44.56254735337751,7098.775551265859
4581,2019,10,CA,3914,IGNACIO,9qbbed,38.070278,-122.538611,45.100394079964005,6492.642202940316
4582,2019,11,CA,3914,IGNACIO,9qbbed,38.070278,-122.538611,45.70224430293576,5043.926226124085
4583,2019,12,CA,3914,IGNACIO,9qbbed,38.070278,-122.538611,46.471916436686456,4500.272102706685
4584,2020,1,CA,3914,IGNACIO,9qbbed,38.070278,-122.538611,47.07601640566302,4867.986637583053
4585,2020,2,CA,3914,IGNACIO,9qbbed,38.070278,-122.538611,47.567364995861084,5452.949571297294
4586,2020,3,CA,3914,IGNACIO,9qbbed,38.070278,-122.538611,48.17552771157321,7201.766734561429
4587,2020,4,CA,3914,IGNACIO,9qbbed,38.070278,-122.538611,48.63400868068063,8005.206530000838
4588,2020,5,CA,3914,IGNACIO,9qbbed,38.070278,-122.538611,49.080113507544866,9057.569649888035
4589,2020,6,CA,3914,IGNACIO,9qbbed,38.070278,-122.538611,49.723698296357604,9080.40185995345
4590,2020,7,CA,3914,IGNACIO,9qbbed,38.070278,-122.538611,50.28307250220913,9417.804302377042
4591,2020,8,CA,3914,IGNACIO,9qbbed,38.070278,-122.538611,50.83764251004585,8965.04358926148
4592,2020,9,CA,3914,IGNACIO,9qbbed,38.070278,-122.538611,51.41349623234347,7955.011710514592
4593,2020,10,CA,3914,IGNACIO,9qbbed,38.070278,-122.538611,52.04789921353386,7251.9478219637085
4594,2020,11,CA,3914,IGNACIO,9qbbed,38.070278,-122.538611,52.6310455662218,5879.8469250276785
4595,2020,12,CA,3914,IGNACIO,9qbbed,38.070278,-122.538611,53.55906325399077,5266.255633147143
4596,2021,1,CA,3914,IGNACIO,9qbbed,38.070278,-122.538611,54.08814460449531,5578.392259896989
4597,2021,2,CA,3914,IGNACIO,9qbbed,38.070278,-122.538611,54.65752332418314,5964.951906447433
4598,2021,3,CA,3914,IGNACIO,9qbbed,38.070278,-122.538611,55.09221183272046,8423.497630203592
4599,2021,4,CA,3914,IGNACIO,9qbbed,38.070278,-122.538611,55.95238672843908,9403.881523235965
4600,2021,5,CA,3914,IGNACIO,9qbbed,38.070278,-122.538611,56.58371217897728,10371.501484849241
4601,2021,6,CA,3914,IGNACIO,9qbbed,38.070278,-122.538611,57.316266042865266,10432.028107970376
4602,2021,7,CA,3914,IGNACIO,9qbbed,38.070278,-122.538611,57.93698264599025,10678.348359486628
4603,2021,8,CA,3914,IGNACIO,9qbbed,38.070278,-122.538611,58.66987168648392,10111.302123640886
4604,2021,9,CA,3914,IGNACIO,9qbbed,38.070278,-122.538611,59.44391127297535,9018.954897735875
4605,2021,10,CA,3914,IGNACIO,9qbbed,38.070278,-122.538611,60.1204347809466,8070.566790815297
4606,2021,11,CA,3914,IGNACIO,9qbbed,38.070278,-122.538611,60.90015713443439,6800.177626816009
4607,2021,12,CA,3914,IGNACIO,9qbbed,38.070278,-122.538611,61.78647580539631,5945.956605183413
4608,2022,1,CA,3914,IGNACIO,9qbbed,38.070278,-122.538611,62.483338439212446,6697.7807421129155
4609,2022,2,CA,3914,IGNACIO,9qbbed,38.070278,-122.538611,63.227760602001666,7157.06980678134
4610,2022,3,CA,3914,IGNACIO,9qbbed,38.070278,-122.538611,64.13170143692906,10240.102433731148
4611,2022,4,CA,3914,IGNACIO,9qbbed,38.070278,-122.538611,65.02818205316329,11204.758626679271
4612,2022,5,CA,3914,IGNACIO,9qbbed,38.070278,-122.538611,65.88712288956097,12426.621581904074
4613,2022,6,CA,3914,IGNACIO,9qbbed,38.070278,-122.538611,66.71771591061133,12416.311925317326
4614,2022,7,CA,3914,IGNACIO,9qbbed,38.070278,-122.538611,67.60861025008417,12799.80749906415
4615,2022,8,CA,3914,IGNACIO,9qbbed,38.070278,-122.538611,68.57344658014411,12435.838105697285
4616,2022,9,CA,3914,IGNACIO,9qbbed,38.070278,-122.538611,69.44933414886249,11143.855041602279
4617,2022,10,CA,3914,IGNACIO,9qbbed,38.070278,-122.538611,70.49064152935243,10483.23479515858
4618,2022,11,CA,3914,IGNACIO,9qbbed,38.070278,-122.538611,71.47772139778954,8310.663452646622
4619,2022,12,CA,3914,IGNACIO,9qbbed,38.070278,-122.538611,72.09321737135933,7178.675763077995
4620,2018,1,CA,3915,LAKEVILE,9qbcde,38.249937,-122.583996,37.652698708043005,3875.261521806093
4621,2018,2,CA,3915,LAKEVILE,9qbcde,38.249937,-122.583996,38.174986745200556,4246.028456914918
4622,2018,3,CA,3915,LAKEVILE,9qbcde,38.249937,-122.583996,38.86667360037992,5905.027479566436
4623,2018,4,CA,3915,LAKEVILE,9qbcde,38.249937,-122.583996,39.55661810004249,6714.484794179356
4624,2018,5,CA,3915,LAKEVILE,9qbcde,38.249937,-122.583996,40.22177928957803,7394.602980083983
4625,2018,6,CA,3915,LAKEVILE,9qbcde,38.249937,-122.583996,40.761355113941285,7563.2115210819675
4626,2018,7,CA,3915,LAKEVILE,9qbcde,38.249937,-122.583996,41.337509090160566,7686.614478486496
4627,2018,8,CA,3915,LAKEVILE,9qbcde,38.249937,-122.583996,41.967698715394526,7453.498641305866
4628,2018,9,CA,3915,LAKEVILE,9qbcde,38.249937,-122.583996,42.60306449419303,6761.884405015356
4629,2018,10,CA,3915,LAKEVILE,9qbcde,38.249937,-122.583996,43.22760843499267,6179.724042827778
4630,2018,11,CA,3915,LAKEVILE,9qbcde,38.249937,-122.583996,43.83223974131454,4888.32634987598
4631,2018,12,CA,3915,LAKEVILE,9qbcde,38.249937,-122.583996,44.51646501556318,4412.12065752774
4632,2019,1,CA,3915,LAKEVILE,9qbcde,38.249937,-122.583996,45.030018647142974,4603.840633679393
4633,2019,2,CA,3915,LAKEVILE,9qbcde,38.249937,-122.583996,45.51457450476452,4839.129533266385
4634,2019,3,CA,3915,LAKEVILE,9qbcde,38.249937,-122.583996,46.19768535032222,7065.428639438577
4635,2019,4,CA,3915,LAKEVILE,9qbcde,38.249937,-122.583996,46.711425662850246,7929.341239209798
4636,2019,5,CA,3915,LAKEVILE,9qbcde,38.249937,-122.583996,47.248964967778264,8626.430233727031
4637,2019,6,CA,3915,LAKEVILE,9qbcde,38.249937,-122.583996,47.79113735442142,8824.557190533882
4638,2019,7,CA,3915,LAKEVILE,9qbcde,38.249937,-122.583996,48.31984042779993,9197.783239831737
4639,2019,8,CA,3915,LAKEVILE,9qbcde,38.249937,-122.583996,48.9860029060578,8910.744678639114
4640,2019,9,CA,3915,LAKEVILE,9qbcde,38.249937,-122.583996,49.63937491086276,7907.5098244051505
4641,2019,10,CA,3915,LAKEVILE,9qbcde,38.249937,-122.583996,50.238496300712654,7232.322199135167
4642,2019,11,CA,3915,LAKEVILE,9qbcde,38.249937,-122.583996,50.90891284179077,5618.559975394446
4643,2019,12,CA,3915,LAKEVILE,9qbcde,38.249937,-122.583996,51.766270553025805,5012.969575901554
4644,2020,1,CA,3915,LAKEVILE,9qbcde,38.249937,-122.583996,52.43919314440894,5422.5763138682105
4645,2020,2,CA,3915,LAKEVILE,9qbcde,38.249937,-122.583996,52.98651905662291,6074.1816663481
4646,2020,3,CA,3915,LAKEVILE,9qbcde,38.249937,-122.583996,53.66396724675099,8022.234369202403
4647,2020,4,CA,3915,LAKEVILE,9qbcde,38.249937,-122.583996,54.17468106511833,8917.206752802034
4648,2020,5,CA,3915,LAKEVILE,9qbcde,38.249937,-122.583996,54.67160877830888,10089.461270394968
4649,2020,6,CA,3915,LAKEVILE,9qbcde,38.249937,-122.583996,55.38851453249447,10114.894660153705
4650,2020,7,CA,3915,LAKEVILE,9qbcde,38.249937,-122.583996,56.01161593869416,10490.73597376829
4651,2020,8,CA,3915,LAKEVILE,9qbcde,38.249937,-122.583996,56.62936582437794,9986.394096607859
4652,2020,9,CA,3915,LAKEVILE,9qbcde,38.249937,-122.583996,57.27082419048682,8861.293444182076
4653,2020,10,CA,3915,LAKEVILE,9qbcde,38.249937,-122.583996,57.97750209150883,8078.132381298601
4654,2020,11,CA,3915,LAKEVILE,9qbcde,38.249937,-122.583996,58.627083907364906,6549.713678067166
4655,2020,12,CA,3915,LAKEVILE,9qbcde,38.249937,-122.583996,59.660826829684275,5866.218456437068
4656,2021,1,CA,3915,LAKEVILE,9qbcde,38.249937,-122.583996,60.25018424024195,6213.915524016696
4657,2021,2,CA,3915,LAKEVILE,9qbcde,38.249937,-122.583996,60.88442993335107,6644.514319645773
4658,2021,3,CA,3915,LAKEVILE,9qbcde,38.249937,-122.583996,61.36864071406831,9383.152035960718
4659,2021,4,CA,3915,LAKEVILE,9qbcde,38.249937,-122.583996,62.3268117943455,10475.227029719274
4660,2021,5,CA,3915,LAKEVILE,9qbcde,38.249937,-122.583996,63.0300615543182,11553.083949900827
4661,2021,6,CA,3915,LAKEVILE,9qbcde,38.249937,-122.583996,63.84607226401972,11620.506122008113
4662,2021,7,CA,3915,LAKEVILE,9qbcde,38.249937,-122.583996,64.53750455426969,11894.88862568755
4663,2021,8,CA,3915,LAKEVILE,9qbcde,38.249937,-122.583996,65.35388862586765,11263.241146701885
4664,2021,9,CA,3915,LAKEVILE,9qbcde,38.249937,-122.583996,66.21611135575351,10046.447298505727
4665,2021,10,CA,3915,LAKEVILE,9qbcde,38.249937,-122.583996,66.96970840176377,8990.013239045124
4666,2021,11,CA,3915,LAKEVILE,9qbcde,38.249937,-122.583996,67.83826131289412,7574.893867740184
4667,2021,12,CA,3915,LAKEVILE,9qbcde,38.249937,-122.583996,68.82555462109505,6623.354961911748
4668,2022,1,CA,3915,LAKEVILE,9qbcde,38.249937,-122.583996,69.6018079458222,7460.831327527343
4669,2022,2,CA,3915,LAKEVILE,9qbcde,38.249937,-122.583996,70.43103906085739,7972.445304456053
4670,2022,3,CA,3915,LAKEVILE,9qbcde,38.249937,-122.583996,71.43796215361452,11406.715145854254
4671,2022,4,CA,3915,LAKEVILE,9qbcde,38.249937,-122.583996,72.43657511567625,12481.270647408366
4672,2022,5,CA,3915,LAKEVILE,9qbcde,38.249937,-122.583996,73.39337154533463,13842.335418753886
4673,2022,6,CA,3915,LAKEVILE,9qbcde,38.249937,-122.583996,74.31859060975017,13830.851225436716
4674,2022,7,CA,3915,LAKEVILE,9qbcde,38.249937,-122.583996,75.31098087353759,14258.036871062339
4675,2022,8,CA,3915,LAKEVILE,9qbcde,38.249937,-122.583996,76.38573703448306,13852.601943158743
4676,2022,9,CA,3915,LAKEVILE,9qbcde,38.249937,-122.583996,77.36141086790632,12413.428567621531
4677,2022,10,CA,3915,LAKEVILE,9qbcde,38.249937,-122.583996,78.52135011122856,11677.546576251487
4678,2022,11,CA,3915,LAKEVILE,9qbcde,38.249937,-122.583996,79.62088392530262,9257.463125089136
4679,2022,12,CA,3915,LAKEVILE,9qbcde,38.249937,-122.583996,80.30650082116533,7996.512738402601
4680,2018,1,CA,3916,LOGAN CR,9r106e,39.435504,-122.23327,22.797131030639683,2346.3084379590105
4681,2018,2,CA,3916,LOGAN CR,9r106e,39.435504,-122.23327,23.113354547873865,2570.7922782022874
4682,2018,3,CA,3916,LOGAN CR,9r106e,39.435504,-122.23327,23.532141949859657,3575.246657218977
4683,2018,4,CA,3916,LOGAN CR,9r106e,39.435504,-122.23327,23.949874428602723,4065.339136592803
4684,2018,5,CA,3916,LOGAN CR,9r106e,39.435504,-122.23327,24.352601651740617,4477.122194179504
4685,2018,6,CA,3916,LOGAN CR,9r106e,39.435504,-122.23327,24.67929219959096,4579.207599313955
4686,2018,7,CA,3916,LOGAN CR,9r106e,39.435504,-122.23327,25.028129285387667,4653.922918163559
4687,2018,8,CA,3916,LOGAN CR,9r106e,39.435504,-122.23327,25.4096826920108,4512.781048712674
4688,2018,9,CA,3916,LOGAN CR,9r106e,39.435504,-122.23327,25.794370042682953,4094.0376144206034
4689,2018,10,CA,3916,LOGAN CR,9r106e,39.435504,-122.23327,26.17250522399361,3741.563913649723
4690,2018,11,CA,3916,LOGAN CR,9r106e,39.435504,-122.23327,26.53858413967309,2959.676733472669
4691,2018,12,CA,3916,LOGAN CR,9r106e,39.435504,-122.23327,26.952853867122656,2671.3541446941836
4692,2019,1,CA,3916,LOGAN CR,9r106e,39.435504,-122.23327,27.26378906784134,2787.432555206276
4693,2019,2,CA,3916,LOGAN CR,9r106e,39.435504,-122.23327,27.55716733173462,2929.8901228704467
4694,2019,3,CA,3916,LOGAN CR,9r106e,39.435504,-122.23327,27.970762319317895,4277.82092672441
4695,2019,4,CA,3916,LOGAN CR,9r106e,39.435504,-122.23327,28.281810547526874,4800.883799022541
4696,2019,5,CA,3916,LOGAN CR,9r106e,39.435504,-122.23327,28.607268068210384,5222.941969971961
4697,2019,6,CA,3916,LOGAN CR,9r106e,39.435504,-122.23327,28.93553072569843,5342.899538752093
4698,2019,7,CA,3916,LOGAN CR,9r106e,39.435504,-122.23327,29.255638278508105,5568.872269574537
4699,2019,8,CA,3916,LOGAN CR,9r106e,39.435504,-122.23327,29.658971740003025,5395.082450653624
4700,2019,9,CA,3916,LOGAN CR,9r106e,39.435504,-122.23327,30.05456110587519,4787.665792320156
4701,2019,10,CA,3916,LOGAN CR,9r106e,39.435504,-122.23327,30.417303998053313,4378.867982556301
4702,2019,11,CA,3916,LOGAN CR,9r106e,39.435504,-122.23327,30.823213116296714,3401.802589390867
4703,2019,12,CA,3916,LOGAN CR,9r106e,39.435504,-122.23327,31.342307278303736,3035.142982992247
4704,2020,1,CA,3916,LOGAN CR,9r106e,39.435504,-122.23327,31.74973370497742,3283.142696076932
4705,2020,2,CA,3916,LOGAN CR,9r106e,39.435504,-122.23327,32.081116606212625,3677.6624280072515
4706,2020,3,CA,3916,LOGAN CR,9r106e,39.435504,-122.23327,32.49128309325703,4857.126696051201
4707,2020,4,CA,3916,LOGAN CR,9r106e,39.435504,-122.23327,32.80049890609308,5398.994965731602
4708,2020,5,CA,3916,LOGAN CR,9r106e,39.435504,-122.23327,33.10136781002483,6108.7459465588245
4709,2020,6,CA,3916,LOGAN CR,9r106e,39.435504,-122.23327,33.535424198426476,6124.144798135947
4710,2020,7,CA,3916,LOGAN CR,9r106e,39.435504,-122.23327,33.91268598549397,6351.700961895576
4711,2020,8,CA,3916,LOGAN CR,9r106e,39.435504,-122.23327,34.286707651173074,6046.3430924101385
4712,2020,9,CA,3916,LOGAN CR,9r106e,39.435504,-122.23327,34.67508380811931,5365.141800707511
4713,2020,10,CA,3916,LOGAN CR,9r106e,39.435504,-122.23327,35.102947660083125,4890.970599671239
4714,2020,11,CA,3916,LOGAN CR,9r106e,39.435504,-122.23327,35.496242225394816,3965.5771313989508
4715,2020,12,CA,3916,LOGAN CR,9r106e,39.435504,-122.23327,36.12213024035076,3551.7494202131647
4716,2021,1,CA,3916,LOGAN CR,9r106e,39.435504,-122.23327,36.478961452279044,3762.2654225333054
4717,2021,2,CA,3916,LOGAN CR,9r106e,39.435504,-122.23327,36.86297063800944,4022.9749467484935
4718,2021,3,CA,3916,LOGAN CR,9r106e,39.435504,-122.23327,37.15613997229945,5681.105306762961
4719,2021,4,CA,3916,LOGAN CR,9r106e,39.435504,-122.23327,37.73627240413979,6342.310946258882
4720,2021,5,CA,3916,LOGAN CR,9r106e,39.435504,-122.23327,38.162060660372774,6994.908138088103
4721,2021,6,CA,3916,LOGAN CR,9r106e,39.435504,-122.23327,38.65612094581778,7035.729437613489
4722,2021,7,CA,3916,LOGAN CR,9r106e,39.435504,-122.23327,39.07475421940773,7201.856544129733
4723,2021,8,CA,3916,LOGAN CR,9r106e,39.435504,-122.23327,39.569040559833326,6819.4204681590745
4724,2021,9,CA,3916,LOGAN CR,9r106e,39.435504,-122.23327,40.09108028673887,6082.702789309706
4725,2021,10,CA,3916,LOGAN CR,9r106e,39.435504,-122.23327,40.547351714596154,5443.0762418078275
4726,2021,11,CA,3916,LOGAN CR,9r106e,39.435504,-122.23327,41.073224100945254,4586.280770604486
4727,2021,12,CA,3916,LOGAN CR,9r106e,39.435504,-122.23327,41.670988821271195,4010.163842436236
4728,2022,1,CA,3916,LOGAN CR,9r106e,39.435504,-122.23327,42.140977676359405,4517.220682904469
4729,2022,2,CA,3916,LOGAN CR,9r106e,39.435504,-122.23327,42.64304236316239,4826.98150402349
4730,2022,3,CA,3916,LOGAN CR,9r106e,39.435504,-122.23327,43.25269209534634,6906.287961602985
4731,2022,4,CA,3916,LOGAN CR,9r106e,39.435504,-122.23327,43.857310391674545,7556.886282816839
4732,2022,5,CA,3916,LOGAN CR,9r106e,39.435504,-122.23327,44.43661053017727,8380.953959190949
4733,2022,6,CA,3916,LOGAN CR,9r106e,39.435504,-122.23327,44.99679189744328,8374.00076144375
4734,2022,7,CA,3916,LOGAN CR,9r106e,39.435504,-122.23327,45.597642610761746,8632.643766378094
4735,2022,8,CA,3916,LOGAN CR,9r106e,39.435504,-122.23327,46.24836242282736,8387.16990944465
4736,2022,9,CA,3916,LOGAN CR,9r106e,39.435504,-122.23327,46.83909203815147,7515.810746789956
4737,2022,10,CA,3916,LOGAN CR,9r106e,39.435504,-122.23327,47.54138663654501,7070.265042073512
4738,2022,11,CA,3916,LOGAN CR,9r106e,39.435504,-122.23327,48.207108279140336,5605.0059388941245
4739,2022,12,CA,3916,LOGAN CR,9r106e,39.435504,-122.23327,48.622220575153904,4841.553326603992
4740,2018,1,CA,3917,LOSBANOS,9q9fy1,37.054001,-121.022616,34.93048280404804,3595.0877518301613
4741,2018,2,CA,3917,LOSBANOS,9q9fy1,37.054001,-121.022616,35.41501044553671,3939.048968303655
4742,2018,3,CA,3917,LOSBANOS,9q9fy1,37.054001,-121.022616,36.05668970438537,5478.105631466095
4743,2018,4,CA,3917,LOSBANOS,9q9fy1,37.054001,-121.022616,36.69675257658696,6229.040777654108
4744,2018,5,CA,3917,LOSBANOS,9q9fy1,37.054001,-121.022616,37.31382392313637,6859.987759215013
4745,2018,6,CA,3917,LOSBANOS,9q9fy1,37.054001,-121.022616,37.8143894788896,7016.40623502237
4746,2018,7,CA,3917,LOSBANOS,9q9fy1,37.054001,-121.022616,38.34888865821437,7130.887401830921
4747,2018,8,CA,3917,LOSBANOS,9q9fy1,37.054001,-121.022616,38.93351681563306,6914.625380212537
4748,2018,9,CA,3917,LOSBANOS,9q9fy1,37.054001,-121.022616,39.522946900915656,6273.0134900502
4749,2018,10,CA,3917,LOSBANOS,9q9fy1,37.054001,-121.022616,40.10233754575711,5732.9421746242015
4750,2018,11,CA,3917,LOSBANOS,9q9fy1,37.054001,-121.022616,40.6632552003462,4534.909989557894
4751,2018,12,CA,3917,LOSBANOS,9q9fy1,37.054001,-121.022616,41.29801233585882,4093.1330301760486
4752,2019,1,CA,3917,LOSBANOS,9q9fy1,37.054001,-121.022616,41.77443705207771,4270.992029927567
4753,2019,2,CA,3917,LOSBANOS,9q9fy1,37.054001,-121.022616,42.22396047624158,4489.270005823387
4754,2019,3,CA,3917,LOSBANOS,9q9fy1,37.054001,-121.022616,42.8576837540611,6554.612074603274
4755,2019,4,CA,3917,LOSBANOS,9q9fy1,37.054001,-121.022616,43.334281654563604,7356.065496162748
4756,2019,5,CA,3917,LOSBANOS,9q9fy1,37.054001,-121.022616,43.832957927222836,8002.756330322638
4757,2019,6,CA,3917,LOSBANOS,9q9fy1,37.054001,-121.022616,44.33593231892091,8186.559098655993
4758,2019,7,CA,3917,LOSBANOS,9q9fy1,37.054001,-121.022616,44.826411202155654,8532.801640209507
4759,2019,8,CA,3917,LOSBANOS,9q9fy1,37.054001,-121.022616,45.44441144622628,8266.515401244758
4760,2019,9,CA,3917,LOSBANOS,9q9fy1,37.054001,-121.022616,46.05054594286493,7335.812449619264
4761,2019,10,CA,3917,LOSBANOS,9q9fy1,37.054001,-121.022616,46.60635203708305,6709.439558877137
4762,2019,11,CA,3917,LOSBANOS,9q9fy1,37.054001,-121.022616,47.22829878361668,5212.349163224927
4763,2019,12,CA,3917,LOSBANOS,9q9fy1,37.054001,-121.022616,48.0236712221616,4650.541756010729
4764,2020,1,CA,3917,LOSBANOS,9q9fy1,37.054001,-121.022616,48.647942836502565,5030.534734147784
4765,2020,2,CA,3917,LOSBANOS,9q9fy1,37.054001,-121.022616,49.155698164030156,5635.030303942426
4766,2020,3,CA,3917,LOSBANOS,9q9fy1,37.054001,-121.022616,49.78416818524666,7442.242635947094
4767,2020,4,CA,3917,LOSBANOS,9q9fy1,37.054001,-121.022616,50.25795840115114,8272.510280182298
4768,2020,5,CA,3917,LOSBANOS,9q9fy1,37.054001,-121.022616,50.718959220111024,9360.01310663975
4769,2020,6,CA,3917,LOSBANOS,9q9fy1,37.054001,-121.022616,51.38403410127362,9383.607712447552
4770,2020,7,CA,3917,LOSBANOS,9q9fy1,37.054001,-121.022616,51.9620865039235,9732.27643986232
4771,2020,8,CA,3917,LOSBANOS,9q9fy1,37.054001,-121.022616,52.53517429044306,9264.397486374437
4772,2020,9,CA,3917,LOSBANOS,9q9fy1,37.054001,-121.022616,53.13025648098184,8220.639393571728
4773,2020,10,CA,3917,LOSBANOS,9q9fy1,37.054001,-121.022616,53.78584296260572,7494.099331942423
4774,2020,11,CA,3917,LOSBANOS,9q9fy1,37.054001,-121.022616,54.3884612934861,6076.182288476778
4775,2020,12,CA,3917,LOSBANOS,9q9fy1,37.054001,-121.022616,55.34746664000513,5442.102424217294
4776,2021,1,CA,3917,LOSBANOS,9q9fy1,37.054001,-121.022616,55.894214671389285,5764.661679113778
4777,2021,2,CA,3917,LOSBANOS,9q9fy1,37.054001,-121.022616,56.48260565097018,6164.12903051912
4778,2021,3,CA,3917,LOSBANOS,9q9fy1,37.054001,-121.022616,56.93180894660979,8704.768637735964
4779,2021,4,CA,3917,LOSBANOS,9q9fy1,37.054001,-121.022616,57.82070614631593,9717.88876190028
4780,2021,5,CA,3917,LOSBANOS,9q9fy1,37.054001,-121.022616,58.47311233473158,10717.818751183717
4781,2021,6,CA,3917,LOSBANOS,9q9fy1,37.054001,-121.022616,59.23012707845987,10780.366433135185
4782,2021,7,CA,3917,LOSBANOS,9q9fy1,37.054001,-121.022616,59.871570176921786,11034.911622600155
4783,2021,8,CA,3917,LOSBANOS,9q9fy1,37.054001,-121.022616,60.62893128921731,10448.931011382609
4784,2021,9,CA,3917,LOSBANOS,9q9fy1,37.054001,-121.022616,61.42881701515344,9320.10896013856
4785,2021,10,CA,3917,LOSBANOS,9q9fy1,37.054001,-121.022616,62.12793048005947,8340.053000969909
4786,2021,11,CA,3917,LOSBANOS,9q9fy1,37.054001,-121.022616,62.93368872761276,7027.243971042832
4787,2021,12,CA,3917,LOSBANOS,9q9fy1,37.054001,-121.022616,63.84960267556298,6144.499452644661
4788,2022,1,CA,3917,LOSBANOS,9q9fy1,37.054001,-121.022616,64.56973441488968,6921.427927672756
4789,2022,2,CA,3917,LOSBANOS,9q9fy1,37.054001,-121.022616,65.33901375470313,7396.0532224488115
4790,2022,3,CA,3917,LOSBANOS,9q9fy1,37.054001,-121.022616,66.273138292476,10582.03212318019
4791,2022,4,CA,3917,LOSBANOS,9q9fy1,37.054001,-121.022616,67.19955350562367,11578.89937989593
4792,2022,5,CA,3917,LOSBANOS,9q9fy1,37.054001,-121.022616,68.08717543924135,12841.56185090029
4793,2022,6,CA,3917,LOSBANOS,9q9fy1,37.054001,-121.022616,68.94550298888497,12830.907942124872
4794,2022,7,CA,3917,LOSBANOS,9q9fy1,37.054001,-121.022616,69.86614539257877,13227.208907544771
4795,2022,8,CA,3917,LOSBANOS,9q9fy1,37.054001,-121.022616,70.86319880140736,12851.08612582576
4796,2022,9,CA,3917,LOSBANOS,9q9fy1,37.054001,-121.022616,71.76833333970464,11515.962148762517
4797,2022,10,CA,3917,LOSBANOS,9q9fy1,37.054001,-121.022616,72.84441126194805,10833.282974962176
4798,2022,11,CA,3917,LOSBANOS,9q9fy1,37.054001,-121.022616,73.86445094842021,8588.166787390466
4799,2022,12,CA,3917,LOSBANOS,9q9fy1,37.054001,-121.022616,74.50049909404707,7418.3806283573795
4800,2018,1,CA,3918,MOSSLAND,9q92vz,36.737604,-121.732796,47.2253081391673,4860.48612096052
4801,2018,2,CA,3918,MOSSLAND,9q92vz,36.737604,-121.732796,47.88037973664877,5325.514747304072
4802,2018,3,CA,3918,MOSSLAND,9q92vz,36.737604,-121.732796,48.74791715076457,7406.288310303946
4803,2018,4,CA,3918,MOSSLAND,9q92vz,36.737604,-121.732796,49.613269242739015,8421.537480210918
4804,2018,5,CA,3918,MOSSLAND,9q92vz,36.737604,-121.732796,50.44753725581297,9274.565071923398
4805,2018,6,CA,3918,MOSSLAND,9q92vz,36.737604,-121.732796,51.124291789865964,9486.039695967394
4806,2018,7,CA,3918,MOSSLAND,9q92vz,36.737604,-121.732796,51.846923898484256,9640.815924197444
4807,2018,8,CA,3918,MOSSLAND,9q92vz,36.737604,-121.732796,52.6373293742921,9348.434033371022
4808,2018,9,CA,3918,MOSSLAND,9q92vz,36.737604,-121.732796,53.43422695970825,8480.987700360174
4809,2018,10,CA,3918,MOSSLAND,9q92vz,36.737604,-121.732796,54.21755142416191,7750.822176133224
4810,2018,11,CA,3918,MOSSLAND,9q92vz,36.737604,-121.732796,54.97590077842846,6131.106828430111
4811,2018,12,CA,3918,MOSSLAND,9q92vz,36.737604,-121.732796,55.834079621425865,5533.833290797409
4812,2019,1,CA,3918,MOSSLAND,9q92vz,36.737604,-121.732796,56.47819622739345,5774.2950707192185
4813,2019,2,CA,3918,MOSSLAND,9q92vz,36.737604,-121.732796,57.085942829151044,6069.402491063241
4814,2019,3,CA,3918,MOSSLAND,9q92vz,36.737604,-121.732796,57.94272391740218,8861.703306315987
4815,2019,4,CA,3918,MOSSLAND,9q92vz,36.737604,-121.732796,58.587074665027764,9945.252165478903
4816,2019,5,CA,3918,MOSSLAND,9q92vz,36.737604,-121.732796,59.26127492644799,10819.565128322827
4817,2019,6,CA,3918,MOSSLAND,9q92vz,36.737604,-121.732796,59.94128615810777,11068.062763470565
4818,2019,7,CA,3918,MOSSLAND,9q92vz,36.737604,-121.732796,60.604403714382464,11536.175695303795
4819,2019,8,CA,3918,MOSSLAND,9q92vz,36.737604,-121.732796,61.43992757816753,11176.162071705303
4820,2019,9,CA,3918,MOSSLAND,9q92vz,36.737604,-121.732796,62.25940919077844,9917.870455093209
4821,2019,10,CA,3918,MOSSLAND,9q92vz,36.737604,-121.732796,63.010847818532994,9071.026941899918
4822,2019,11,CA,3918,MOSSLAND,9q92vz,36.737604,-121.732796,63.85170727403985,7046.990926037287
4823,2019,12,CA,3918,MOSSLAND,9q92vz,36.737604,-121.732796,64.92703476683167,6287.43864416953
4824,2020,1,CA,3918,MOSSLAND,9q92vz,36.737604,-121.732796,65.77103739671719,6801.181485455498
4825,2020,2,CA,3918,MOSSLAND,9q92vz,36.737604,-121.732796,66.45751235717825,7618.447302033481
4826,2020,3,CA,3918,MOSSLAND,9q92vz,36.737604,-121.732796,67.30719114846993,10061.761920116369
4827,2020,4,CA,3918,MOSSLAND,9q92vz,36.737604,-121.732796,67.94774596315513,11184.267027101152
4828,2020,5,CA,3918,MOSSLAND,9q92vz,36.737604,-121.732796,68.57100977115682,12654.54891154498
4829,2020,6,CA,3918,MOSSLAND,9q92vz,36.737604,-121.732796,69.47017759470846,12686.448342650654
4830,2020,7,CA,3918,MOSSLAND,9q92vz,36.737604,-121.732796,70.25169278271392,13157.841428827682
4831,2020,8,CA,3918,MOSSLAND,9q92vz,36.737604,-121.732796,71.02649590985656,12525.278521688713
4832,2020,9,CA,3918,MOSSLAND,9q92vz,36.737604,-121.732796,71.83103502756576,11114.138634734582
4833,2020,10,CA,3918,MOSSLAND,9q92vz,36.737604,-121.732796,72.71737472633947,10131.871127057384
4834,2020,11,CA,3918,MOSSLAND,9q92vz,36.737604,-121.732796,73.53210255377273,8214.87588627926
4835,2020,12,CA,3918,MOSSLAND,9q92vz,36.737604,-121.732796,74.82865843736965,7357.612700354293
4836,2021,1,CA,3918,MOSSLAND,9q92vz,36.737604,-121.732796,75.56785074689043,7793.706306362547
4837,2021,2,CA,3918,MOSSLAND,9q92vz,36.737604,-121.732796,76.36334348235854,8333.778107473412
4838,2021,3,CA,3918,MOSSLAND,9q92vz,36.737604,-121.732796,76.97065727680892,11768.671607069813
4839,2021,4,CA,3918,MOSSLAND,9q92vz,36.737604,-121.732796,78.17242836012474,13138.389578448856
4840,2021,5,CA,3918,MOSSLAND,9q92vz,36.737604,-121.732796,79.05446836663327,14490.274753538166
4841,2021,6,CA,3918,MOSSLAND,9q92vz,36.737604,-121.732796,80.07793702977807,14574.837957835083
4842,2021,7,CA,3918,MOSSLAND,9q92vz,36.737604,-121.732796,80.94515515981479,14918.97791934838
4843,2021,8,CA,3918,MOSSLAND,9q92vz,36.737604,-121.732796,81.9690921062756,14126.743953285959
4844,2021,9,CA,3918,MOSSLAND,9q92vz,36.737604,-121.732796,83.05052147257905,12600.599310415197
4845,2021,10,CA,3918,MOSSLAND,9q92vz,36.737604,-121.732796,83.99570877473113,11275.583423145441
4846,2021,11,CA,3918,MOSSLAND,9q92vz,36.737604,-121.732796,85.08507767180146,9500.692096450044
4847,2021,12,CA,3918,MOSSLAND,9q92vz,36.737604,-121.732796,86.3233748537659,8307.239314151733
4848,2022,1,CA,3918,MOSSLAND,9q92vz,36.737604,-121.732796,87.2969784389576,9357.630940317378
4849,2022,2,CA,3918,MOSSLAND,9q92vz,36.737604,-121.732796,88.33702858861012,9999.31476479188
4850,2022,3,CA,3918,MOSSLAND,9q92vz,36.737604,-121.732796,89.5999461206738,14306.693971542736
4851,2022,4,CA,3918,MOSSLAND,9q92vz,36.737604,-121.732796,90.85244080135543,15654.438393981452
4852,2022,5,CA,3918,MOSSLAND,9q92vz,36.737604,-121.732796,92.0524877506441,17361.532584561402
4853,2022,6,CA,3918,MOSSLAND,9q92vz,36.737604,-121.732796,93.21292928372131,17347.12871480592
4854,2022,7,CA,3918,MOSSLAND,9q92vz,36.737604,-121.732796,94.45761924246946,17882.919625936276
4855,2022,8,CA,3918,MOSSLAND,9q92vz,36.737604,-121.732796,95.80561533880972,17374.409212138544
4856,2022,9,CA,3918,MOSSLAND,9q92vz,36.737604,-121.732796,97.02933897636386,15569.348527048465
4857,2022,10,CA,3918,MOSSLAND,9q92vz,36.737604,-121.732796,98.48417462077157,14646.38005496147
4858,2022,11,CA,3918,MOSSLAND,9q92vz,36.737604,-121.732796,99.86324770081056,11611.028257475886
4859,2022,12,CA,3918,MOSSLAND,9q92vz,36.737604,-121.732796,100.72317196344036,10029.500967195534
4860,2018,1,CA,3919,PALERMO,9r1867,39.435556,-121.538056,28.000168019102198,2881.8113296445827
4861,2018,2,CA,3919,PALERMO,9r1867,39.435556,-121.538056,28.388563892348184,3157.5295871716867
4862,2018,3,CA,3919,PALERMO,9r1867,39.435556,-121.538056,28.902932020694045,4391.232694031492
4863,2018,4,CA,3919,PALERMO,9r1867,39.435556,-121.538056,29.416004458454815,4993.1800070035515
4864,2018,5,CA,3919,PALERMO,9r1867,39.435556,-121.538056,29.91064695967884,5498.945174749913
4865,2018,6,CA,3919,PALERMO,9r1867,39.435556,-121.538056,30.311898775873075,5624.329745826906
4866,2018,7,CA,3919,PALERMO,9r1867,39.435556,-121.538056,30.740351680779142,5716.097498469901
4867,2018,8,CA,3919,PALERMO,9r1867,39.435556,-121.538056,31.2089878209737,5542.742524379371
4868,2018,9,CA,3919,PALERMO,9r1867,39.435556,-121.538056,31.68147317183503,5028.428398566109
4869,2018,10,CA,3919,PALERMO,9r1867,39.435556,-121.538056,32.14591093799086,4595.508886429477
4870,2018,11,CA,3919,PALERMO,9r1867,39.435556,-121.538056,32.59554081174558,3635.1699566090942
4871,2018,12,CA,3919,PALERMO,9r1867,39.435556,-121.538056,33.104360187228636,3281.042899189028
4872,2019,1,CA,3919,PALERMO,9r1867,39.435556,-121.538056,33.48626078039867,3423.614128584542
4873,2019,2,CA,3919,PALERMO,9r1867,39.435556,-121.538056,33.84659738025958,3598.585085448734
4874,2019,3,CA,3919,PALERMO,9r1867,39.435556,-121.538056,34.35458801858269,5254.156961370676
4875,2019,4,CA,3919,PALERMO,9r1867,39.435556,-121.538056,34.736627435744,5896.599569136435
4876,2019,5,CA,3919,PALERMO,9r1867,39.435556,-121.538056,35.136364808397204,6414.984960900669
4877,2019,6,CA,3919,PALERMO,9r1867,39.435556,-121.538056,35.53954754010624,6562.320696984844
4878,2019,7,CA,3919,PALERMO,9r1867,39.435556,-121.538056,35.93271391050645,6839.867657708098
4879,2019,8,CA,3919,PALERMO,9r1867,39.435556,-121.538056,36.428101013138146,6626.41342422342
4880,2019,9,CA,3919,PALERMO,9r1867,39.435556,-121.538056,36.913976568974704,5880.3647890649
4881,2019,10,CA,3919,PALERMO,9r1867,39.435556,-121.538056,37.35950903159342,5378.266198507836
4882,2019,11,CA,3919,PALERMO,9r1867,39.435556,-121.538056,37.85805963851082,4178.203123136082
4883,2019,12,CA,3919,PALERMO,9r1867,39.435556,-121.538056,38.49562774891895,3727.8600264025113
4884,2020,1,CA,3919,PALERMO,9r1867,39.435556,-121.538056,38.996041962749324,4032.4612337091426
4885,2020,2,CA,3919,PALERMO,9r1867,39.435556,-121.538056,39.40305707797468,4517.02303080779
4886,2020,3,CA,3919,PALERMO,9r1867,39.435556,-121.538056,39.90683672189622,5965.678900415753
4887,2020,4,CA,3919,PALERMO,9r1867,39.435556,-121.538056,40.28662550768405,6631.218900816656
4888,2020,5,CA,3919,PALERMO,9r1867,39.435556,-121.538056,40.65616235205668,7502.957835342014
4889,2020,6,CA,3919,PALERMO,9r1867,39.435556,-121.538056,41.189284339585555,7521.871199084195
4890,2020,7,CA,3919,PALERMO,9r1867,39.435556,-121.538056,41.65264937489983,7801.362982962105
4891,2020,8,CA,3919,PALERMO,9r1867,39.435556,-121.538056,42.1120347891313,7426.312647020451
4892,2020,9,CA,3919,PALERMO,9r1867,39.435556,-121.538056,42.58905085025286,6589.639356996911
4893,2020,10,CA,3919,PALERMO,9r1867,39.435556,-121.538056,43.1145669657757,6007.247069081788
4894,2020,11,CA,3919,PALERMO,9r1867,39.435556,-121.538056,43.597623973910906,4870.649110304485
4895,2020,12,CA,3919,PALERMO,9r1867,39.435556,-121.538056,44.366359722122155,4362.372633383372
4896,2021,1,CA,3919,PALERMO,9r1867,39.435556,-121.538056,44.804631269319195,4620.935144067343
4897,2021,2,CA,3919,PALERMO,9r1867,39.435556,-121.538056,45.27628367623296,4941.146949333289
4898,2021,3,CA,3919,PALERMO,9r1867,39.435556,-121.538056,45.63636366204941,6977.715876167972
4899,2021,4,CA,3919,PALERMO,9r1867,39.435556,-121.538056,46.348900934525844,7789.829864379068
4900,2021,5,CA,3919,PALERMO,9r1867,39.435556,-121.538056,46.87186773675462,8591.370680872753
4901,2021,6,CA,3919,PALERMO,9r1867,39.435556,-121.538056,47.47868843649237,8641.508711133345
4902,2021,7,CA,3919,PALERMO,9r1867,39.435556,-121.538056,47.99286725939561,8845.551355303365
4903,2021,8,CA,3919,PALERMO,9r1867,39.435556,-121.538056,48.59996560711588,8375.831092286388
4904,2021,9,CA,3919,PALERMO,9r1867,39.435556,-121.538056,49.24115155487202,7470.970793738264
4905,2021,10,CA,3919,PALERMO,9r1867,39.435556,-121.538056,49.801558766865,6685.3609389078465
4906,2021,11,CA,3919,PALERMO,9r1867,39.435556,-121.538056,50.44745210996116,5633.017241823511
4907,2021,12,CA,3919,PALERMO,9r1867,39.435556,-121.538056,51.18164592507423,4925.411939837079
4908,2022,1,CA,3919,PALERMO,9r1867,39.435556,-121.538056,51.7589013214611,5548.195425586393
4909,2022,2,CA,3919,PALERMO,9r1867,39.435556,-121.538056,52.37555328385266,5928.653608039725
4910,2022,3,CA,3919,PALERMO,9r1867,39.435556,-121.538056,53.124344651986156,8482.524535797269
4911,2022,4,CA,3919,PALERMO,9r1867,39.435556,-121.538056,53.86695624911475,9281.610275246238
4912,2022,5,CA,3919,PALERMO,9r1867,39.435556,-121.538056,54.57847127220098,10293.756644303572
4913,2022,6,CA,3919,PALERMO,9r1867,39.435556,-121.538056,55.266504006826125,10285.216503663507
4914,2022,7,CA,3919,PALERMO,9r1867,39.435556,-121.538056,56.00448813757937,10602.890143622577
4915,2022,8,CA,3919,PALERMO,9r1867,39.435556,-121.538056,56.80372309599179,10301.39127390973
4916,2022,9,CA,3919,PALERMO,9r1867,39.435556,-121.538056,57.5292761693458,9231.159983554639
4917,2022,10,CA,3919,PALERMO,9r1867,39.435556,-121.538056,58.39185693564915,8683.926448971593
4918,2022,11,CA,3919,PALERMO,9r1867,39.435556,-121.538056,59.2095176238107,6884.248190097691
4919,2022,12,CA,3919,PALERMO,9r1867,39.435556,-121.538056,59.71937186904679,5946.551188224278
4920,2018,1,CA,3920,RIO OSO,9qcts0,38.93608,-121.463992,25.905904855094086,2666.267219010014
4921,2018,2,CA,3920,RIO OSO,9qcts0,38.93608,-121.463992,26.265250789431246,2921.363222056731
4922,2018,3,CA,3920,RIO OSO,9qcts0,38.93608,-121.463992,26.741146926351927,4062.7919193395583
4923,2018,4,CA,3920,RIO OSO,9qcts0,38.93608,-121.463992,27.215844283429707,4619.716785183049
4924,2018,5,CA,3920,RIO OSO,9qcts0,38.93608,-121.463992,27.673490164884896,5087.653417053234
4925,2018,6,CA,3920,RIO OSO,9qcts0,38.93608,-121.463992,28.044730486234755,5203.65989124301
4926,2018,7,CA,3920,RIO OSO,9qcts0,38.93608,-121.463992,28.441137400000876,5288.5639056444015
4927,2018,8,CA,3920,RIO OSO,9qcts0,38.93608,-121.463992,28.874722057466375,5128.174958625127
4928,2018,9,CA,3920,RIO OSO,9qcts0,38.93608,-121.463992,29.31186802517946,4652.3287851357545
4929,2018,10,CA,3920,RIO OSO,9qcts0,38.93608,-121.463992,29.741568324582566,4251.789342526905
4930,2018,11,CA,3920,RIO OSO,9qcts0,38.93608,-121.463992,30.157568282923922,3363.278640462646
4931,2018,12,CA,3920,RIO OSO,9qcts0,38.93608,-121.463992,30.628330684088795,3035.638397379818
4932,2019,1,CA,3920,RIO OSO,9qcts0,38.93608,-121.463992,30.981667150642053,3167.546059550782
4933,2019,2,CA,3920,RIO OSO,9qcts0,38.93608,-121.463992,31.315052495524142,3329.4301224548403
4934,2019,3,CA,3920,RIO OSO,9qcts0,38.93608,-121.463992,31.78504814464664,4861.174055889232
4935,2019,4,CA,3920,RIO OSO,9qcts0,38.93608,-121.463992,32.138513051897355,5455.565384551406
4936,2019,5,CA,3920,RIO OSO,9qcts0,38.93608,-121.463992,32.50835220200226,5935.1783150221545
4937,2019,6,CA,3920,RIO OSO,9qcts0,38.93608,-121.463992,32.88137901668943,6071.494124204012
4938,2019,7,CA,3920,RIO OSO,9qcts0,38.93608,-121.463992,33.24513864044818,6328.282053205436
4939,2019,8,CA,3920,RIO OSO,9qcts0,38.93608,-121.463992,33.70347343109881,6130.793057432317
4940,2019,9,CA,3920,RIO OSO,9qcts0,38.93608,-121.463992,34.15300808790267,5440.544879403379
4941,2019,10,CA,3920,RIO OSO,9qcts0,38.93608,-121.463992,34.565217099597966,4976.000584312923
4942,2019,11,CA,3920,RIO OSO,9qcts0,38.93608,-121.463992,35.0264787812936,3865.695823659951
4943,2019,12,CA,3920,RIO OSO,9qcts0,38.93608,-121.463992,35.61636019899107,3449.035987612925
4944,2020,1,CA,3920,RIO OSO,9qcts0,38.93608,-121.463992,36.07934609974646,3730.854649909845
4945,2020,2,CA,3920,RIO OSO,9qcts0,38.93608,-121.463992,36.45591865611183,4179.173810119422
4946,2020,3,CA,3920,RIO OSO,9qcts0,38.93608,-121.463992,36.9220182707449,5519.47795044582
4947,2020,4,CA,3920,RIO OSO,9qcts0,38.93608,-121.463992,37.27340088183991,6135.23911001753
4948,2020,5,CA,3920,RIO OSO,9qcts0,38.93608,-121.463992,37.61529834203508,6941.7766236813195
4949,2020,6,CA,3920,RIO OSO,9qcts0,38.93608,-121.463992,38.108545649539074,6959.275368733865
4950,2020,7,CA,3920,RIO OSO,9qcts0,38.93608,-121.463992,38.537253452643675,7217.862658495201
4951,2020,8,CA,3920,RIO OSO,9qcts0,38.93608,-121.463992,38.962279289087924,6870.864086481378
4952,2020,9,CA,3920,RIO OSO,9qcts0,38.93608,-121.463992,39.403617094108824,6096.7694942145945
4953,2020,10,CA,3920,RIO OSO,9qcts0,38.93608,-121.463992,39.88982740824928,5557.937041895849
4954,2020,11,CA,3920,RIO OSO,9qcts0,38.93608,-121.463992,40.3367543296806,4506.350545754421
4955,2020,12,CA,3920,RIO OSO,9qcts0,38.93608,-121.463992,41.04799274576025,4036.090437235865
4956,2021,1,CA,3920,RIO OSO,9qcts0,38.93608,-121.463992,41.45348391976447,4275.313851763361
4957,2021,2,CA,3920,RIO OSO,9qcts0,38.93608,-121.463992,41.88985924329283,4571.575522587559
4958,2021,3,CA,3920,RIO OSO,9qcts0,38.93608,-121.463992,42.223007167491744,6455.819960457617
4959,2021,4,CA,3920,RIO OSO,9qcts0,38.93608,-121.463992,42.88225045395666,7207.1921556435445
4960,2021,5,CA,3920,RIO OSO,9qcts0,38.93608,-121.463992,43.36610212983478,7948.781995939997
4961,2021,6,CA,3920,RIO OSO,9qcts0,38.93608,-121.463992,43.92753587911739,7995.169969064537
4962,2021,7,CA,3920,RIO OSO,9qcts0,38.93608,-121.463992,44.40325686963246,8183.951312185201
4963,2021,8,CA,3920,RIO OSO,9qcts0,38.93608,-121.463992,44.96494750030998,7749.363618499719
4964,2021,9,CA,3920,RIO OSO,9qcts0,38.93608,-121.463992,45.558176160425944,6912.182042112474
4965,2021,10,CA,3920,RIO OSO,9qcts0,38.93608,-121.463992,46.07666790319315,6185.3316125516
4966,2021,11,CA,3920,RIO OSO,9qcts0,38.93608,-121.463992,46.67425187059551,5211.697608893972
4967,2021,12,CA,3920,RIO OSO,9qcts0,38.93608,-121.463992,47.35353190586322,4557.017407842508
4968,2022,1,CA,3920,RIO OSO,9qcts0,38.93608,-121.463992,47.887611678730515,5133.220011917556
4969,2022,2,CA,3920,RIO OSO,9qcts0,38.93608,-121.463992,48.45814136467827,5485.221952379271
4970,2022,3,CA,3920,RIO OSO,9qcts0,38.93608,-121.463992,49.15092713389038,7848.076961732861
4971,2022,4,CA,3920,RIO OSO,9qcts0,38.93608,-121.463992,49.837995345994614,8587.395351647696
4972,2022,5,CA,3920,RIO OSO,9qcts0,38.93608,-121.463992,50.49629284186918,9523.838572929086
4973,2022,6,CA,3920,RIO OSO,9qcts0,38.93608,-121.463992,51.13286439916231,9515.937189240258
4974,2022,7,CA,3920,RIO OSO,9qcts0,38.93608,-121.463992,51.81565125468475,9809.850535979342
4975,2022,8,CA,3920,RIO OSO,9qcts0,38.93608,-121.463992,52.55510770278078,9530.902172977705
4976,2022,9,CA,3920,RIO OSO,9qcts0,38.93608,-121.463992,53.226393277667576,8540.718472581017
4977,2022,10,CA,3920,RIO OSO,9qcts0,38.93608,-121.463992,54.02445760522604,8034.415086445845
4978,2022,11,CA,3920,RIO OSO,9qcts0,38.93608,-121.463992,54.78096163680231,6369.343158578763
4979,2022,12,CA,3920,RIO OSO,9qcts0,38.93608,-121.463992,55.25268150498457,5501.780889064263
4980,2018,1,CA,3921,ROUND MT,9r321k,40.808138,-121.936762,20.701236820553685,2130.5964580793993
4981,2018,2,CA,3921,ROUND MT,9r321k,40.808138,-121.936762,20.988387774316024,2334.4419828964324
4982,2018,3,CA,3921,ROUND MT,9r321k,40.808138,-121.936762,21.368673222266494,3246.550087531177
4983,2018,4,CA,3921,ROUND MT,9r321k,40.808138,-121.936762,21.748000733192086,3691.5850555652755
4984,2018,5,CA,3921,ROUND MT,9r321k,40.808138,-121.936762,22.113702522994345,4065.5101157992603
4985,2018,6,CA,3921,ROUND MT,9r321k,40.808138,-121.936762,22.41035820256196,4158.21012023272
4986,2018,7,CA,3921,ROUND MT,9r321k,40.808138,-121.936762,22.727124339281698,4226.056355250189
4987,2018,8,CA,3921,ROUND MT,9r321k,40.808138,-121.936762,23.073598964513206,4097.890611022484
4988,2018,9,CA,3921,ROUND MT,9r321k,40.808138,-121.936762,23.422919409153042,3717.645088518731
4989,2018,10,CA,3921,ROUND MT,9r321k,40.808138,-121.936762,23.766290069609138,3397.576675398318
4990,2018,11,CA,3921,ROUND MT,9r321k,40.808138,-121.936762,24.098712878352355,2687.573663964736
4991,2018,12,CA,3921,ROUND MT,9r321k,40.808138,-121.936762,24.47489599209564,2425.7585178835643
4992,2019,1,CA,3921,ROUND MT,9r321k,40.808138,-121.936762,24.757244819993012,2531.16505621221
4993,2019,2,CA,3921,ROUND MT,9r321k,40.808138,-121.936762,25.0236508388335,2660.5255376312307
4994,2019,3,CA,3921,ROUND MT,9r321k,40.808138,-121.936762,25.399221246103078,3884.531959790099
4995,2019,4,CA,3921,ROUND MT,9r321k,40.808138,-121.936762,25.68167271011026,4359.506129870078
4996,2019,5,CA,3921,ROUND MT,9r321k,40.808138,-121.936762,25.977208723025417,4742.761642905068
4997,2019,6,CA,3921,ROUND MT,9r321k,40.808138,-121.936762,26.27529197757491,4851.690702285295
4998,2019,7,CA,3921,ROUND MT,9r321k,40.808138,-121.936762,26.565969881292474,5056.888233915721
4999,2019,8,CA,3921,ROUND MT,9r321k,40.808138,-121.936762,26.932222173865522,4899.076086692122
5000,2019,9,CA,3921,ROUND MT,9r321k,40.808138,-121.936762,27.291442337824137,4347.503343788182
5001,2019,10,CA,3921,ROUND MT,9r321k,40.808138,-121.936762,27.620835826235435,3976.289077384602
5002,2019,11,CA,3921,ROUND MT,9r321k,40.808138,-121.936762,27.989426978038054,3089.0519041674816
5003,2019,12,CA,3921,ROUND MT,9r321k,40.808138,-121.936762,28.46079730816563,2756.101791524476
5004,2020,1,CA,3921,ROUND MT,9r321k,40.808138,-121.936762,28.830766271987795,2981.301216184333
5005,2020,2,CA,3921,ROUND MT,9r321k,40.808138,-121.936762,29.131682905205025,3339.550084872865
5006,2020,3,CA,3921,ROUND MT,9r321k,40.808138,-121.936762,29.504140017143758,4410.578237553255
5007,2020,4,CA,3921,ROUND MT,9r321k,40.808138,-121.936762,29.78492753209798,4902.628897836838
5008,2020,5,CA,3921,ROUND MT,9r321k,40.808138,-121.936762,30.058135525852126,5547.127677879703
5009,2020,6,CA,3921,ROUND MT,9r321k,40.808138,-121.936762,30.452286179182146,5561.110809039239
5010,2020,7,CA,3921,ROUND MT,9r321k,40.808138,-121.936762,30.79486374242609,5767.746197923636
5011,2020,8,CA,3921,ROUND MT,9r321k,40.808138,-121.936762,31.134499070522196,5490.461939534198
5012,2020,9,CA,3921,ROUND MT,9r321k,40.808138,-121.936762,31.48716918456395,4871.888082891875
5013,2020,10,CA,3921,ROUND MT,9r321k,40.808138,-121.936762,31.87569662315054,4441.310642557585
5014,2020,11,CA,3921,ROUND MT,9r321k,40.808138,-121.936762,32.23283296306153,3600.9948452254052
5015,2020,12,CA,3921,ROUND MT,9r321k,40.808138,-121.936762,32.80117886603218,3225.21311020573
5016,2021,1,CA,3921,ROUND MT,9r321k,40.808138,-121.936762,33.125204174882,3416.3749547680272
5017,2021,2,CA,3921,ROUND MT,9r321k,40.808138,-121.936762,33.47390880286298,3653.1156917887874
5018,2021,3,CA,3921,ROUND MT,9r321k,40.808138,-121.936762,33.74012510040958,5158.8029300590615
5019,2021,4,CA,3921,ROUND MT,9r321k,40.808138,-121.936762,34.26692204001876,5759.219469837429
5020,2021,5,CA,3921,ROUND MT,9r321k,40.808138,-121.936762,34.653564706407046,6351.818994677986
5021,2021,6,CA,3921,ROUND MT,9r321k,40.808138,-121.936762,35.10220269330467,6388.887316462074
5022,2021,7,CA,3921,ROUND MT,9r321k,40.808138,-121.936762,35.48234818292358,6539.741236180481
5023,2021,8,CA,3921,ROUND MT,9r321k,40.808138,-121.936762,35.93119144204082,6192.46509135544
5024,2021,9,CA,3921,ROUND MT,9r321k,40.808138,-121.936762,36.405236531393705,5523.478843952121
5025,2021,10,CA,3921,ROUND MT,9r321k,40.808138,-121.936762,36.819559845578766,4942.657484512052
5026,2021,11,CA,3921,ROUND MT,9r321k,40.808138,-121.936762,37.297085232109694,4164.633007119706
5027,2021,12,CA,3921,ROUND MT,9r321k,40.808138,-121.936762,37.839893404848965,3641.4823988123853
5028,2022,1,CA,3921,ROUND MT,9r321k,40.808138,-121.936762,38.266673010542576,4101.9220796611235
5029,2022,2,CA,3921,ROUND MT,9r321k,40.808138,-121.936762,38.72257950012571,4383.204496606291
5030,2022,3,CA,3921,ROUND MT,9r321k,40.808138,-121.936762,39.27618001532058,6271.34626949024
5031,2022,4,CA,3921,ROUND MT,9r321k,40.808138,-121.936762,39.825211668536404,6862.13069338995
5032,2022,5,CA,3921,ROUND MT,9r321k,40.808138,-121.936762,40.35125283315518,7610.4362631502845
5033,2022,6,CA,3921,ROUND MT,9r321k,40.808138,-121.936762,40.859932944290634,7604.122319828582
5034,2022,7,CA,3921,ROUND MT,9r321k,40.808138,-121.936762,41.40554339384619,7838.986526641682
5035,2022,8,CA,3921,ROUND MT,9r321k,40.808138,-121.936762,41.9964381391232,7616.080739119376
5036,2022,9,CA,3921,ROUND MT,9r321k,40.808138,-121.936762,42.53285799157319,6824.831508782867
5037,2022,10,CA,3921,ROUND MT,9r321k,40.808138,-121.936762,43.17058590477423,6420.247829576949
5038,2022,11,CA,3921,ROUND MT,9r321k,40.808138,-121.936762,43.775103260989425,5089.699890995509
5039,2022,12,CA,3921,ROUND MT,9r321k,40.808138,-121.936762,44.15205148027855,4396.43663312999
5040,2018,1,CA,3922,TABLE MT,9r13pb,39.55548,-121.645379,37.80927913152024,3891.3769693301724
5041,2018,2,CA,3922,TABLE MT,9r13pb,39.55548,-121.645379,38.333739126727046,4263.685755241269
5042,2018,3,CA,3922,TABLE MT,9r13pb,39.55548,-121.645379,39.02830239248026,5929.583799169571
5043,2018,4,CA,3922,TABLE MT,9r13pb,39.55548,-121.645379,39.721116057053706,6742.407278053785
5044,2018,5,CA,3922,TABLE MT,9r13pb,39.55548,-121.645379,40.389043349001874,7425.353765706164
5045,2018,6,CA,3922,TABLE MT,9r13pb,39.55548,-121.645379,40.930863023446946,7594.663472826557
5046,2018,7,CA,3922,TABLE MT,9r13pb,39.55548,-121.645379,41.50941296162062,7718.579606922047
5047,2018,8,CA,3922,TABLE MT,9r13pb,39.55548,-121.645379,42.14222325846049,7484.494347156649
5048,2018,9,CA,3922,TABLE MT,9r13pb,39.55548,-121.645379,42.780231234129886,6790.004002281176
5049,2018,10,CA,3922,TABLE MT,9r13pb,39.55548,-121.645379,43.40737236870543,6205.42270031582
5050,2018,11,CA,3922,TABLE MT,9r13pb,39.55548,-121.645379,44.01451806122643,4908.654672578517
5051,2018,12,CA,3922,TABLE MT,9r13pb,39.55548,-121.645379,44.7015887167325,4430.468657663008
5052,2019,1,CA,3922,TABLE MT,9r13pb,39.55548,-121.645379,45.217277983947206,4622.985909868833
5053,2019,2,CA,3922,TABLE MT,9r13pb,39.55548,-121.645379,45.70384888866997,4859.25326881733
5054,2019,3,CA,3922,TABLE MT,9r13pb,39.55548,-121.645379,46.38980048108378,7094.810538913825
5055,2019,4,CA,3922,TABLE MT,9r13pb,39.55548,-121.645379,46.90567720556775,7962.315757683445
5056,2019,5,CA,3922,TABLE MT,9r13pb,39.55548,-121.645379,47.44545189162087,8662.303627811405
5057,2019,6,CA,3922,TABLE MT,9r13pb,39.55548,-121.645379,47.98987892626567,8861.254504386652
5058,2019,7,CA,3922,TABLE MT,9r13pb,39.55548,-121.645379,48.520780634907084,9236.03263082259
5059,2019,8,CA,3922,TABLE MT,9r13pb,39.55548,-121.645379,49.18971337948129,8947.800406997327
5060,2019,9,CA,3922,TABLE MT,9r13pb,39.55548,-121.645379,49.84580246084945,7940.393555968629
5061,2019,10,CA,3922,TABLE MT,9r13pb,39.55548,-121.645379,50.44741532366558,7262.398132906747
5062,2019,11,CA,3922,TABLE MT,9r13pb,39.55548,-121.645379,51.12061982176962,5641.925007130978
5063,2019,12,CA,3922,TABLE MT,9r13pb,39.55548,-121.645379,51.981542893207326,5033.816233007317
5064,2020,1,CA,3922,TABLE MT,9r13pb,39.55548,-121.645379,52.65726386313812,5445.126338825166
5065,2020,2,CA,3922,TABLE MT,9r13pb,39.55548,-121.645379,53.206865854519194,6099.441421165921
5066,2020,3,CA,3922,TABLE MT,9r13pb,39.55548,-121.645379,53.88713124309875,8055.595187891743
5067,2020,4,CA,3922,TABLE MT,9r13pb,39.55548,-121.645379,54.399968887611344,8954.289353983275
5068,2020,5,CA,3922,TABLE MT,9r13pb,39.55548,-121.645379,54.898963096815166,10131.41874416399
5069,2020,6,CA,3922,TABLE MT,9r13pb,39.55548,-121.645379,55.61885013548859,10156.957899806064
5070,2020,7,CA,3922,TABLE MT,9r13pb,39.55548,-121.645379,56.24454273661985,10534.362166251794
5071,2020,8,CA,3922,TABLE MT,9r13pb,39.55548,-121.645379,56.864861562698934,10027.922960947228
5072,2020,9,CA,3922,TABLE MT,9r13pb,39.55548,-121.645379,57.50898746197422,8898.143527380753
5073,2020,10,CA,3922,TABLE MT,9r13pb,39.55548,-121.645379,58.21860411450146,8111.725654359232
5074,2020,11,CA,3922,TABLE MT,9r13pb,39.55548,-121.645379,58.870887245251275,6576.950953921376
5075,2020,12,CA,3922,TABLE MT,9r13pb,39.55548,-121.645379,59.908929033524416,5890.613386990152
5076,2021,1,CA,3922,TABLE MT,9r13pb,39.55548,-121.645379,60.50073731310585,6239.756368301105
5077,2021,2,CA,3922,TABLE MT,9r13pb,39.55548,-121.645379,61.13762054515968,6672.145828187509
5078,2021,3,CA,3922,TABLE MT,9r13pb,39.55548,-121.645379,61.62384493796047,9422.17229134093
5079,2021,4,CA,3922,TABLE MT,9r13pb,39.55548,-121.645379,62.58600061532263,10518.788727568657
5080,2021,5,CA,3922,TABLE MT,9r13pb,39.55548,-121.645379,63.29217487072342,11601.127963727575
5081,2021,6,CA,3922,TABLE MT,9r13pb,39.55548,-121.645379,64.11157899728138,11668.83051393849
5082,2021,7,CA,3922,TABLE MT,9r13pb,39.55548,-121.645379,64.80588663948562,11944.354049472086
5083,2021,8,CA,3922,TABLE MT,9r13pb,39.55548,-121.645379,65.62566568058212,11310.079836330793
5084,2021,9,CA,3922,TABLE MT,9r13pb,39.55548,-121.645379,66.49147400206724,10088.225896758122
5085,2021,10,CA,3922,TABLE MT,9r13pb,39.55548,-121.645379,67.24820491493549,9027.398609239983
5086,2021,11,CA,3922,TABLE MT,9r13pb,39.55548,-121.645379,68.12036974200556,7606.394401043326
5087,2021,12,CA,3922,TABLE MT,9r13pb,39.55548,-121.645379,69.1117687533725,6650.898478322557
5088,2022,1,CA,3922,TABLE MT,9r13pb,39.55548,-121.645379,69.89125016210112,7491.857526680153
5089,2022,2,CA,3922,TABLE MT,9r13pb,39.55548,-121.645379,70.72392967163677,8005.599073103563
5090,2022,3,CA,3922,TABLE MT,9r13pb,39.55548,-121.645379,71.73504009889271,11454.150478494581
5091,2022,4,CA,3922,TABLE MT,9r13pb,39.55548,-121.645379,72.73780583740485,12533.17456692975
5092,2022,5,CA,3922,TABLE MT,9r13pb,39.55548,-121.645379,73.69858114760243,13899.899386707117
5093,2022,6,CA,3922,TABLE MT,9r13pb,39.55548,-121.645379,74.6276477766783,13888.367435860882
5094,2022,7,CA,3922,TABLE MT,9r13pb,39.55548,-121.645379,75.6241649395484,14317.329552007626
5095,2022,8,CA,3922,TABLE MT,9r13pb,39.55548,-121.645379,76.70339052182592,13910.20860491067
5096,2022,9,CA,3922,TABLE MT,9r13pb,39.55548,-121.645379,77.68312173831217,12465.050362834512
5097,2022,10,CA,3922,TABLE MT,9r13pb,39.55548,-121.645379,78.84788464060598,11726.108173449671
5098,2022,11,CA,3922,TABLE MT,9r13pb,39.55548,-121.645379,79.95199091498547,9295.960697539149
5099,2022,12,CA,3922,TABLE MT,9r13pb,39.55548,-121.645379,80.64045897922605,8029.766592545406
5100,2018,1,CA,3923,TESLA,9q9w99,37.71247,-121.565283,57.6493236229491,5933.338466027131
5101,2018,2,CA,3923,TESLA,9q9w99,37.71247,-121.565283,58.44898880264732,6501.012597342766
5102,2018,3,CA,3923,TESLA,9q9w99,37.71247,-121.565283,59.508017258194855,9041.074128883503
5103,2018,4,CA,3923,TESLA,9q9w99,37.71247,-121.565283,60.56437802668407,10280.418672309695
5104,2018,5,CA,3923,TESLA,9q9w99,37.71247,-121.565283,61.58279354516506,11321.734560583425
5105,2018,6,CA,3923,TESLA,9q9w99,37.71247,-121.565283,62.40892772372772,11579.88785846403
5106,2018,7,CA,3923,TESLA,9q9w99,37.71247,-121.565283,63.291066007872004,11768.827755776703
5107,2018,8,CA,3923,TESLA,9q9w99,37.71247,-121.565283,64.25593723611087,11411.908575999818
5108,2018,9,CA,3923,TESLA,9q9w99,37.71247,-121.565283,65.22873357363017,10352.991305837892
5109,2018,10,CA,3923,TESLA,9q9w99,37.71247,-121.565283,66.18496080289434,9461.656759529902
5110,2018,11,CA,3923,TESLA,9q9w99,37.71247,-121.565283,67.11070018006333,7484.422561679293
5111,2018,12,CA,3923,TESLA,9q9w99,37.71247,-121.565283,68.15830435239681,6755.313174802598
5112,2019,1,CA,3923,TESLA,9q9w99,37.71247,-121.565283,68.94459645151693,7048.851947039123
5113,2019,2,CA,3923,TESLA,9q9w99,37.71247,-121.565283,69.68649061602348,7409.098260918361
5114,2019,3,CA,3923,TESLA,9q9w99,37.71247,-121.565283,70.73238850799821,10817.742051590058
5115,2019,4,CA,3923,TESLA,9q9w99,37.71247,-121.565283,71.51896643073172,12140.462035948463
5116,2019,5,CA,3923,TESLA,9q9w99,37.71247,-121.565283,72.34198253351191,13207.761603252411
5117,2019,6,CA,3923,TESLA,9q9w99,37.71247,-121.565283,73.1720922586972,13511.109980481699
5118,2019,7,CA,3923,TESLA,9q9w99,37.71247,-121.565283,73.98157937711018,14082.549214288618
5119,2019,8,CA,3923,TESLA,9q9w99,37.71247,-121.565283,75.00152794951755,13643.069987719275
5120,2019,9,CA,3923,TESLA,9q9w99,37.71247,-121.565283,76.00189327374676,12107.03637615768
5121,2019,10,CA,3923,TESLA,9q9w99,37.71247,-121.565283,76.91919652365989,11073.269574547647
5122,2019,11,CA,3923,TESLA,9q9w99,37.71247,-121.565283,77.94565840992396,8602.469236747527
5123,2019,12,CA,3923,TESLA,9q9w99,37.71247,-121.565283,79.25834233037457,7675.2614104500935
5124,2020,1,CA,3923,TESLA,9q9w99,37.71247,-121.565283,80.28864118211538,8302.402417746236
5125,2020,2,CA,3923,TESLA,9q9w99,37.71247,-121.565283,81.12664137129462,9300.062854540767
5126,2020,3,CA,3923,TESLA,9q9w99,37.71247,-121.565283,82.1638692803298,12282.688922653624
5127,2020,4,CA,3923,TESLA,9q9w99,37.71247,-121.565283,82.94581339599772,13652.963945323278
5128,2020,5,CA,3923,TESLA,9q9w99,37.71247,-121.565283,83.7066498708827,15447.78031631406
5129,2020,6,CA,3923,TESLA,9q9w99,37.71247,-121.565283,84.80429049820302,15486.720890757317
5130,2020,7,CA,3923,TESLA,9q9w99,37.71247,-121.565283,85.75830909045462,16062.164305516142
5131,2020,8,CA,3923,TESLA,9q9w99,37.71247,-121.565283,86.70413407245563,15289.97614661489
5132,2020,9,CA,3923,TESLA,9q9w99,37.71247,-121.565283,87.68625865335744,13567.356152679899
5133,2020,10,CA,3923,TESLA,9q9w99,37.71247,-121.565283,88.76823961119253,12368.273295083345
5134,2020,11,CA,3923,TESLA,9q9w99,37.71247,-121.565283,89.76280184993772,10028.140781948623
5135,2020,12,CA,3923,TESLA,9q9w99,37.71247,-121.565283,91.3455457784358,8981.654379153917
5136,2021,1,CA,3923,TESLA,9q9w99,37.71247,-121.565283,92.24789958723638,9514.006679504877
5137,2021,2,CA,3923,TESLA,9q9w99,37.71247,-121.565283,93.21898098307531,10173.288222996744
5138,2021,3,CA,3923,TESLA,9q9w99,37.71247,-121.565283,93.96034680696316,14366.363816808818
5139,2021,4,CA,3923,TESLA,9q9w99,37.71247,-121.565283,95.42738413996715,16038.418859234469
5140,2021,5,CA,3923,TESLA,9q9w99,37.71247,-121.565283,96.50411633690175,17688.704882358445
5141,2021,6,CA,3923,TESLA,9q9w99,37.71247,-121.565283,97.75349465764681,17791.933674783482
5142,2021,7,CA,3923,TESLA,9q9w99,37.71247,-121.565283,98.81213335372153,18212.03545483762
5143,2021,8,CA,3923,TESLA,9q9w99,37.71247,-121.565283,100.06208332169341,17244.932134727227
5144,2021,9,CA,3923,TESLA,9q9w99,37.71247,-121.565283,101.38221597873545,15381.922450322067
5145,2021,10,CA,3923,TESLA,9q9w99,37.71247,-121.565283,102.53603393806975,13764.436557680307
5146,2021,11,CA,3923,TESLA,9q9w99,37.71247,-121.565283,103.86585861400228,11597.774474995746
5147,2021,12,CA,3923,TESLA,9q9w99,37.71247,-121.565283,105.37748443069543,10140.891536875492
5148,2022,1,CA,3923,TESLA,9q9w99,37.71247,-121.565283,106.56599098310961,11423.135511000819
5149,2022,2,CA,3923,TESLA,9q9w99,37.71247,-121.565283,107.8356108124758,12206.457842148546
5150,2022,3,CA,3923,TESLA,9q9w99,37.71247,-121.565283,109.37729141518324,17464.602418463008
5151,2022,4,CA,3923,TESLA,9q9w99,37.71247,-121.565283,110.90624853643389,19109.833702952077
5152,2022,5,CA,3923,TESLA,9q9w99,37.71247,-121.565283,112.3711811682847,21193.73382611462
5153,2022,6,CA,3923,TESLA,9q9w99,37.71247,-121.565283,113.78776630286417,21176.150598356537
5154,2022,7,CA,3923,TESLA,9q9w99,37.71247,-121.565283,115.30719597033512,21830.20633345022
5155,2022,8,CA,3923,TESLA,9q9w99,37.71247,-121.565283,116.95273448056328,21209.452704394444
5156,2022,9,CA,3923,TESLA,9q9w99,37.71247,-121.565283,118.44656994265318,19005.961997945982
5157,2022,10,CA,3923,TESLA,9q9w99,37.71247,-121.565283,120.22253063380434,17879.26721843659
5158,2022,11,CA,3923,TESLA,9q9w99,37.71247,-121.565283,121.90600573271911,14173.923940059583
5159,2022,12,CA,3923,TESLA,9q9w99,37.71247,-121.565283,122.95574059017059,12243.307027889969
5160,2018,1,CA,3924,VACA-DIX,9qc63x,38.40437,-121.918134,48.9558480278064,5038.595389950611
5161,2018,2,CA,3924,VACA-DIX,9qc63x,38.40437,-121.918134,49.63492428664476,5520.66467984844
5162,2018,3,CA,3924,VACA-DIX,9qc63x,38.40437,-121.918134,50.53425203012359,7677.686800917762
5163,2018,4,CA,3924,VACA-DIX,9qc63x,38.40437,-121.918134,51.43131437179013,8730.139098864774
5164,2018,5,CA,3924,VACA-DIX,9qc63x,38.40437,-121.918134,52.29615357923692,9614.425317185216
5165,2018,6,CA,3924,VACA-DIX,9qc63x,38.40437,-121.918134,52.99770733138173,9833.649287644585
5166,2018,7,CA,3924,VACA-DIX,9qc63x,38.40437,-121.918134,53.74681981118342,9994.09718742786
5167,2018,8,CA,3924,VACA-DIX,9qc63x,38.40437,-121.918134,54.56618916796909,9691.001157409379
5168,2018,9,CA,3924,VACA-DIX,9qc63x,38.40437,-121.918134,55.39228853338547,8791.767832641797
5169,2018,10,CA,3924,VACA-DIX,9qc63x,38.40437,-121.918134,56.204317399883244,8034.845880245863
5170,2018,11,CA,3924,VACA-DIX,9qc63x,38.40437,-121.918134,56.99045595995476,6355.777144965454
5171,2018,12,CA,3924,VACA-DIX,9qc63x,38.40437,-121.918134,57.88008219372443,5736.616917292402
5172,2019,1,CA,3924,VACA-DIX,9qc63x,38.40437,-121.918134,58.547802022698555,5985.890258604591
5173,2019,2,CA,3924,VACA-DIX,9qc63x,38.40437,-121.918134,59.17781909293944,6291.81169335025
5174,2019,3,CA,3924,VACA-DIX,9qc63x,38.40437,-121.918134,60.065996352173315,9186.434507808051
5175,2019,4,CA,3924,VACA-DIX,9qc63x,38.40437,-121.918134,60.73395890277019,10309.689291526189
5176,2019,5,CA,3924,VACA-DIX,9qc63x,38.40437,-121.918134,61.432864782666854,11216.040869192844
5177,2019,6,CA,3924,VACA-DIX,9qc63x,38.40437,-121.918134,62.13779457192804,11473.644534280893
5178,2019,7,CA,3924,VACA-DIX,9qc63x,38.40437,-121.918134,62.82521162834804,11958.911151983953
5179,2019,8,CA,3924,VACA-DIX,9qc63x,38.40437,-121.918134,63.69135270631685,11585.705069497637
5180,2019,9,CA,3924,VACA-DIX,9qc63x,38.40437,-121.918134,64.5408636755272,10281.304196643732
5181,2019,10,CA,3924,VACA-DIX,9qc63x,38.40437,-121.918134,65.31983827012736,9403.428668271257
5182,2019,11,CA,3924,VACA-DIX,9qc63x,38.40437,-121.918134,66.1915104590145,7305.223203875428
5183,2019,12,CA,3924,VACA-DIX,9qc63x,38.40437,-121.918134,67.30624260987955,6517.837635723852
5184,2020,1,CA,3924,VACA-DIX,9qc63x,38.40437,-121.918134,68.18117315267203,7050.406240448529
5185,2020,2,CA,3924,VACA-DIX,9qc63x,38.40437,-121.918134,68.89280352976115,7897.620217259615
5186,2020,3,CA,3924,VACA-DIX,9qc63x,38.40437,-121.918134,69.77361823310508,10430.468468339184
5187,2020,4,CA,3924,VACA-DIX,9qc63x,38.40437,-121.918134,70.43764575133318,11594.107025573012
5188,2020,5,CA,3924,VACA-DIX,9qc63x,38.40437,-121.918134,71.08374864548152,13118.266408096379
5189,2020,6,CA,3924,VACA-DIX,9qc63x,38.40437,-121.918134,72.01586587363315,13151.334772558517
5190,2020,7,CA,3924,VACA-DIX,9qc63x,38.40437,-121.918134,72.82601916395517,13640.001743671437
5191,2020,8,CA,3924,VACA-DIX,9qc63x,38.40437,-121.918134,73.62921443442511,12984.258991106122
5192,2020,9,CA,3924,VACA-DIX,9qc63x,38.40437,-121.918134,74.46323535098382,11521.408825086635
5193,2020,10,CA,3924,VACA-DIX,9qc63x,38.40437,-121.918134,75.38205437628925,10503.146780362897
5194,2020,11,CA,3924,VACA-DIX,9qc63x,38.40437,-121.918134,76.22663736103779,8515.90452879298
5195,2020,12,CA,3924,VACA-DIX,9qc63x,38.40437,-121.918134,77.57070466939456,7627.227505737863
5196,2021,1,CA,3924,VACA-DIX,9qc63x,38.40437,-121.918134,78.33698418760503,8079.301470797534
5197,2021,2,CA,3924,VACA-DIX,9qc63x,38.40437,-121.918134,79.16162722328491,8639.163842502398
5198,2021,3,CA,3924,VACA-DIX,9qc63x,38.40437,-121.918134,79.79119562628374,12199.92672121988
5199,2021,4,CA,3924,VACA-DIX,9qc63x,38.40437,-121.918134,81.03700480863245,13619.837093221744
5200,2021,5,CA,3924,VACA-DIX,9qc63x,38.40437,-121.918134,81.95136658232015,15021.261198019201
5201,2021,6,CA,3924,VACA-DIX,9qc63x,38.40437,-121.918134,83.01233957134725,15108.92316448228
5202,2021,7,CA,3924,VACA-DIX,9qc63x,38.40437,-121.918134,83.91133633079507,15465.673905133714
5203,2021,8,CA,3924,VACA-DIX,9qc63x,38.40437,-121.918134,84.97279476306768,14644.409054288803
5204,2021,9,CA,3924,VACA-DIX,9qc63x,38.40437,-121.918134,86.09385238652551,13062.339859850525
5205,2021,10,CA,3924,VACA-DIX,9qc63x,38.40437,-121.918134,87.0736754463478,11688.769649986543
5206,2021,11,CA,3924,VACA-DIX,9qc63x,38.40437,-121.918134,88.20296353937695,9848.838615560822
5207,2021,12,CA,3924,VACA-DIX,9qc63x,38.40437,-121.918134,89.48663729487404,8611.652552817028
5208,2022,1,CA,3924,VACA-DIX,9qc63x,38.40437,-121.918134,90.49591793345692,9700.535078870833
5209,2022,2,CA,3924,VACA-DIX,9qc63x,38.40437,-121.918134,91.57408002649487,10365.732978698219
5210,2022,3,CA,3924,VACA-DIX,9qc63x,38.40437,-121.918134,92.88327632838377,14830.953220828042
5211,2022,4,CA,3924,VACA-DIX,9qc63x,38.40437,-121.918134,94.18166784046012,16228.084837858438
5212,2022,5,CA,3924,VACA-DIX,9qc63x,38.40437,-121.918134,95.42568970904132,17997.734355377856
5213,2022,6,CA,3924,VACA-DIX,9qc63x,38.40437,-121.918134,96.62865484737496,17982.802665431358
5214,2022,7,CA,3924,VACA-DIX,9qc63x,38.40437,-121.918134,97.9189556386931,18538.22727680035
5215,2022,8,CA,3924,VACA-DIX,9qc63x,38.40437,-121.918134,99.31634815204715,18011.082838375984
5216,2022,9,CA,3924,VACA-DIX,9qc63x,38.40437,-121.918134,100.58491432532847,16139.876909558598
5217,2022,10,CA,3924,VACA-DIX,9qc63x,38.40437,-121.918134,102.09306145066168,15183.086873995595
5218,2022,11,CA,3924,VACA-DIX,9qc63x,38.40437,-121.918134,103.52266974303477,12036.50663632447
5219,2022,12,CA,3924,VACA-DIX,9qc63x,38.40437,-121.918134,104.414105356174,10397.025334336324
5220,2018,1,CA,3926,RIO OSO,9qcts0,38.93608,-121.463992,39.83177626810129,4099.534833182871
5221,2018,2,CA,3926,RIO OSO,9qcts0,38.93608,-121.463992,40.384290721444344,4491.759191956647
5222,2018,3,CA,3926,RIO OSO,9qcts0,38.93608,-121.463992,41.11600762377639,6246.769594043401
5223,2018,4,CA,3926,RIO OSO,9qcts0,38.93608,-121.463992,41.84588133511534,7103.072694765174
5224,2018,5,CA,3926,RIO OSO,9qcts0,38.93608,-121.463992,42.54953744989322,7822.55141332601
5225,2018,6,CA,3926,RIO OSO,9qcts0,38.93608,-121.463992,43.12034018789517,8000.917849527516
5226,2018,7,CA,3926,RIO OSO,9qcts0,38.93608,-121.463992,43.72983796797969,8131.462515881252
5227,2018,8,CA,3926,RIO OSO,9qcts0,38.93608,-121.463992,44.396498606395916,7884.855547729285
5228,2018,9,CA,3926,RIO OSO,9qcts0,38.93608,-121.463992,45.0686349583144,7153.215466964696
5229,2018,10,CA,3926,RIO OSO,9qcts0,38.93608,-121.463992,45.72932317916205,6537.363692869706
5230,2018,11,CA,3926,RIO OSO,9qcts0,38.93608,-121.463992,46.368946360088465,5171.2288408196355
5231,2018,12,CA,3926,RIO OSO,9qcts0,38.93608,-121.463992,47.0927698568364,4667.46365941022
5232,2019,1,CA,3926,RIO OSO,9qcts0,38.93608,-121.463992,47.63604441766855,4870.2790606491
5233,2019,2,CA,3926,RIO OSO,9qcts0,38.93608,-121.463992,48.148643014115414,5119.18485301704
5234,2019,3,CA,3926,RIO OSO,9qcts0,38.93608,-121.463992,48.871287586754114,7474.326740469114
5235,2019,4,CA,3926,RIO OSO,9qcts0,38.93608,-121.463992,49.41475963233553,8388.236621301385
5236,2019,5,CA,3926,RIO OSO,9qcts0,38.93608,-121.463992,49.983407991254616,9125.668301401249
5237,2019,6,CA,3926,RIO OSO,9qcts0,38.93608,-121.463992,50.5569575625872,9335.261474984964
5238,2019,7,CA,3926,RIO OSO,9qcts0,38.93608,-121.463992,51.11625831004124,9730.087264454445
5239,2019,8,CA,3926,RIO OSO,9qcts0,38.93608,-121.463992,51.820973661201535,9426.436898290916
5240,2019,9,CA,3926,RIO OSO,9qcts0,38.93608,-121.463992,52.51215831484424,8365.141755330222
5241,2019,10,CA,3926,RIO OSO,9qcts0,38.93608,-121.463992,53.14595270347427,7650.878944123018
5242,2019,11,CA,3926,RIO OSO,9qcts0,38.93608,-121.463992,53.8551683131632,5943.723333727865
5243,2019,12,CA,3926,RIO OSO,9qcts0,38.93608,-121.463992,54.76214395388534,5303.085553956762
5244,2020,1,CA,3926,RIO OSO,9qcts0,38.93608,-121.463992,55.474010646723436,5736.397494519192
5245,2020,2,CA,3926,RIO OSO,9qcts0,38.93608,-121.463992,56.053011994012905,6425.713254229455
5246,2020,3,CA,3926,RIO OSO,9qcts0,38.93608,-121.463992,56.76966619592402,8486.50576262906
5247,2020,4,CA,3926,RIO OSO,9qcts0,38.93608,-121.463992,57.30993659481285,9433.272952574333
5248,2020,5,CA,3926,RIO OSO,9qcts0,38.93608,-121.463992,57.83562304418805,10673.369447013883
5249,2020,6,CA,3926,RIO OSO,9qcts0,38.93608,-121.463992,58.59401834082943,10700.27474531573
5250,2020,7,CA,3926,RIO OSO,9qcts0,38.93608,-121.463992,59.25318054316006,11097.867152497092
5251,2020,8,CA,3926,RIO OSO,9qcts0,38.93608,-121.463992,59.90668151601185,10564.33745866409
5252,2020,9,CA,3926,RIO OSO,9qcts0,38.93608,-121.463992,60.58526305201987,9374.123768697009
5253,2020,10,CA,3926,RIO OSO,9qcts0,38.93608,-121.463992,61.332838578156256,8545.638764725716
5254,2020,11,CA,3926,RIO OSO,9qcts0,38.93608,-121.463992,62.02001369295032,6928.765767038261
5255,2020,12,CA,3926,RIO OSO,9qcts0,38.93608,-121.463992,63.113582499792926,6205.714573300829
5256,2021,1,CA,3926,RIO OSO,9qcts0,38.93608,-121.463992,63.73704783759795,6573.533940308067
5257,2021,2,CA,3926,RIO OSO,9qcts0,38.93608,-121.463992,64.40799928102086,7029.052813518277
5258,2021,3,CA,3926,RIO OSO,9qcts0,38.93608,-121.463992,64.9202328299009,9926.183923335355
5259,2021,4,CA,3926,RIO OSO,9qcts0,38.93608,-121.463992,65.93385621961063,11081.460658123213
5260,2021,5,CA,3926,RIO OSO,9qcts0,38.93608,-121.463992,66.6778052076242,12221.696475656405
5261,2021,6,CA,3926,RIO OSO,9qcts0,38.93608,-121.463992,67.5410409685781,12293.02057637254
5262,2021,7,CA,3926,RIO OSO,9qcts0,38.93608,-121.463992,68.2724885735248,12583.282440022338
5263,2021,8,CA,3926,RIO OSO,9qcts0,38.93608,-121.463992,69.13611930397721,11915.079577370878
5264,2021,9,CA,3926,RIO OSO,9qcts0,38.93608,-121.463992,70.04824151695284,10627.866124184897
5265,2021,10,CA,3926,RIO OSO,9qcts0,38.93608,-121.463992,70.84545154340364,9510.292974256918
5266,2021,11,CA,3926,RIO OSO,9qcts0,38.93608,-121.463992,71.76427028469514,8013.2762895422575
5267,2021,12,CA,3926,RIO OSO,9qcts0,38.93608,-121.463992,72.80870129528967,7006.668898628841
5268,2022,1,CA,3926,RIO OSO,9qcts0,38.93608,-121.463992,73.6298787890372,7892.612599070619
5269,2022,2,CA,3926,RIO OSO,9qcts0,38.93608,-121.463992,74.50710006087061,8433.83525146724
5270,2022,3,CA,3926,RIO OSO,9qcts0,38.93608,-121.463992,75.57229689206932,12066.856858432173
5271,2022,4,CA,3926,RIO OSO,9qcts0,38.93608,-121.463992,76.6287026597327,13203.600194080991
5272,2022,5,CA,3926,RIO OSO,9qcts0,38.93608,-121.463992,77.6408718435615,14643.433972769704
5273,2022,6,CA,3926,RIO OSO,9qcts0,38.93608,-121.463992,78.61963618283339,14631.285153839723
5274,2022,7,CA,3926,RIO OSO,9qcts0,38.93608,-121.463992,79.6694591255214,15083.193347550936
5275,2022,8,CA,3926,RIO OSO,9qcts0,38.93608,-121.463992,80.80641473333813,14654.29465253973
5276,2022,9,CA,3926,RIO OSO,9qcts0,38.93608,-121.463992,81.83855381438771,13131.831884335517
5277,2022,10,CA,3926,RIO OSO,9qcts0,38.93608,-121.463992,83.0656223117311,12353.362137259584
5278,2022,11,CA,3926,RIO OSO,9qcts0,38.93608,-121.463992,84.22878953172255,9793.22100835182
5279,2022,12,CA,3926,RIO OSO,9qcts0,38.93608,-121.463992,84.95408518751043,8459.295541889967
5280,2018,1,OR,4002,SUMMER L,9r9uxw,43.016085,-120.953695,2.511334342578542,128.98035542621793
5281,2018,2,OR,4002,SUMMER L,9r9uxw,43.016085,-120.953695,2.5367430809467733,195.38958134544112
5282,2018,3,OR,4002,SUMMER L,9r9uxw,43.016085,-120.953695,2.5729285024234954,281.98070745395717
5283,2018,4,OR,4002,SUMMER L,9r9uxw,43.016085,-120.953695,2.612602117751347,354.9342807286053
5284,2018,5,OR,4002,SUMMER L,9r9uxw,43.016085,-120.953695,2.635458966933752,419.8566548393268
5285,2018,6,OR,4002,SUMMER L,9r9uxw,43.016085,-120.953695,2.672121720200629,437.4962491964261
5286,2018,7,OR,4002,SUMMER L,9r9uxw,43.016085,-120.953695,2.7008167043549243,498.32221696078557
5287,2018,8,OR,4002,SUMMER L,9r9uxw,43.016085,-120.953695,2.7301358916194225,461.7352309361383
5288,2018,9,OR,4002,SUMMER L,9r9uxw,43.016085,-120.953695,2.7649994712157167,407.3071063854564
5289,2018,10,OR,4002,SUMMER L,9r9uxw,43.016085,-120.953695,2.7852493544672767,290.3039235199684
5290,2018,11,OR,4002,SUMMER L,9r9uxw,43.016085,-120.953695,2.8101624021303473,153.85451890730587
5291,2018,12,OR,4002,SUMMER L,9r9uxw,43.016085,-120.953695,2.8382515420894467,127.50132451550881
5292,2019,1,OR,4002,SUMMER L,9r9uxw,43.016085,-120.953695,2.779723321050486,146.85824850009445
5293,2019,2,OR,4002,SUMMER L,9r9uxw,43.016085,-120.953695,2.7956405003606424,212.836572325213
5294,2019,3,OR,4002,SUMMER L,9r9uxw,43.016085,-120.953695,2.813577160321453,326.9829611444555
5295,2019,4,OR,4002,SUMMER L,9r9uxw,43.016085,-120.953695,2.8381230296844047,404.1042467913488
5296,2019,5,OR,4002,SUMMER L,9r9uxw,43.016085,-120.953695,2.870012465049735,464.67208821072467
5297,2019,6,OR,4002,SUMMER L,9r9uxw,43.016085,-120.953695,2.89626571350824,489.74629042971736
5298,2019,7,OR,4002,SUMMER L,9r9uxw,43.016085,-120.953695,2.9332772861602296,540.7785848306643
5299,2019,8,OR,4002,SUMMER L,9r9uxw,43.016085,-120.953695,2.9627066269147635,508.1838366686352
5300,2019,9,OR,4002,SUMMER L,9r9uxw,43.016085,-120.953695,2.9944491909600464,433.300869939267
5301,2019,10,OR,4002,SUMMER L,9r9uxw,43.016085,-120.953695,3.0530324887440243,324.6956790006095
5302,2019,11,OR,4002,SUMMER L,9r9uxw,43.016085,-120.953695,3.1058143693861227,170.24335710288003
5303,2019,12,OR,4002,SUMMER L,9r9uxw,43.016085,-120.953695,3.146919980084439,137.70460363161916
5304,2020,1,OR,4002,SUMMER L,9r9uxw,43.016085,-120.953695,3.1930559334943847,163.22232051932556
5305,2020,2,OR,4002,SUMMER L,9r9uxw,43.016085,-120.953695,3.224945368859715,263.8418974800161
5306,2020,3,OR,4002,SUMMER L,9r9uxw,43.016085,-120.953695,3.2627280159419545,363.9540156710272
5307,2020,4,OR,4002,SUMMER L,9r9uxw,43.016085,-120.953695,3.3157302035641245,453.97890144768064
5308,2020,5,OR,4002,SUMMER L,9r9uxw,43.016085,-120.953695,3.3469220001592292,519.8627135783486
5309,2020,6,OR,4002,SUMMER L,9r9uxw,43.016085,-120.953695,3.3771958510040365,544.7709512056875
5310,2020,7,OR,4002,SUMMER L,9r9uxw,43.016085,-120.953695,3.4169061841619004,614.1654284994527
5311,2020,8,OR,4002,SUMMER L,9r9uxw,43.016085,-120.953695,3.433245618517194,592.4254622703502
5312,2020,9,OR,4002,SUMMER L,9r9uxw,43.016085,-120.953695,3.4579200002851866,490.79766877427795
5313,2020,10,OR,4002,SUMMER L,9r9uxw,43.016085,-120.953695,3.5084804522115656,364.82988278813093
5314,2020,11,OR,4002,SUMMER L,9r9uxw,43.016085,-120.953695,3.568367232960966,189.11070390100204
5315,2020,12,OR,4002,SUMMER L,9r9uxw,43.016085,-120.953695,3.5860468681116933,163.2865400040164
5316,2021,1,OR,4002,SUMMER L,9r9uxw,43.016085,-120.953695,3.6598864242656135,193.23817353155414
5317,2021,2,OR,4002,SUMMER L,9r9uxw,43.016085,-120.953695,3.712301126607593,287.1549106235733
5318,2021,3,OR,4002,SUMMER L,9r9uxw,43.016085,-120.953695,3.753737197776016,414.67158319202713
5319,2021,4,OR,4002,SUMMER L,9r9uxw,43.016085,-120.953695,3.8278154198250136,540.2185461284078
5320,2021,5,OR,4002,SUMMER L,9r9uxw,43.016085,-120.953695,3.8852604648786224,609.3893384017405
5321,2021,6,OR,4002,SUMMER L,9r9uxw,43.016085,-120.953695,3.9568418744868112,644.45508637008
5322,2021,7,OR,4002,SUMMER L,9r9uxw,43.016085,-120.953695,4.020125054512312,730.2741283080209
5323,2021,8,OR,4002,SUMMER L,9r9uxw,43.016085,-120.953695,4.09238574397572,697.7047705254452
5324,2021,9,OR,4002,SUMMER L,9r9uxw,43.016085,-120.953695,4.15844112016712,615.1394790940083
5325,2021,10,OR,4002,SUMMER L,9r9uxw,43.016085,-120.953695,4.230169401095355,437.05859102159934
5326,2021,11,OR,4002,SUMMER L,9r9uxw,43.016085,-120.953695,4.303678496779169,231.73052119117867
5327,2021,12,OR,4002,SUMMER L,9r9uxw,43.016085,-120.953695,4.396849990434351,197.69882075163417
5328,2022,1,OR,4002,SUMMER L,9r9uxw,43.016085,-120.953695,4.483173608792316,244.42589450694132
5329,2022,2,OR,4002,SUMMER L,9r9uxw,43.016085,-120.953695,4.550018418328969,364.5856541418068
5330,2022,3,OR,4002,SUMMER L,9r9uxw,43.016085,-120.953695,4.641317302653546,507.7200170399249
5331,2022,4,OR,4002,SUMMER L,9r9uxw,43.016085,-120.953695,5.243820175318725,724.1388175789284
5332,2022,5,OR,4002,SUMMER L,9r9uxw,43.016085,-120.953695,5.357994267740712,833.6332592837289
5333,2022,6,OR,4002,SUMMER L,9r9uxw,43.016085,-120.953695,5.477749470324507,877.6299951993516
5334,2022,7,OR,4002,SUMMER L,9r9uxw,43.016085,-120.953695,5.6181584522899914,1017.663060021175
5335,2022,8,OR,4002,SUMMER L,9r9uxw,43.016085,-120.953695,5.205101223571183,894.6167648977545
5336,2022,9,OR,4002,SUMMER L,9r9uxw,43.016085,-120.953695,5.365833524448252,796.1560311115283
5337,2022,10,OR,4002,SUMMER L,9r9uxw,43.016085,-120.953695,5.483550887466386,578.4181241704324
5338,2022,11,OR,4002,SUMMER L,9r9uxw,43.016085,-120.953695,5.6192232693603374,311.9162585719497
5339,2022,12,OR,4002,SUMMER L,9r9uxw,43.016085,-120.953695,5.80317959771993,268.37922988807594
5340,2018,1,OR,4004,GRIZZLY,9rcvn1,44.481129,-121.01542,4.034064447515487,207.18669650277522
5341,2018,2,OR,4004,GRIZZLY,9rcvn1,44.481129,-121.01542,4.074879597601102,313.8626944874536
5342,2018,3,OR,4004,GRIZZLY,9rcvn1,44.481129,-121.01542,4.133005797614648,452.95774741697795
5343,2018,4,OR,4004,GRIZZLY,9rcvn1,44.481129,-121.01542,4.196735233550353,570.1462122409403
5344,2018,5,OR,4004,GRIZZLY,9rcvn1,44.481129,-121.01542,4.233451174198179,674.433816168441
5345,2018,6,OR,4004,GRIZZLY,9rcvn1,44.481129,-121.01542,4.2923441328116,702.7690558289258
5346,2018,7,OR,4004,GRIZZLY,9rcvn1,44.481129,-121.01542,4.338438120950196,800.4764259244516
5347,2018,8,OR,4004,GRIZZLY,9rcvn1,44.481129,-121.01542,4.385534793411704,741.7051754934033
5348,2018,9,OR,4004,GRIZZLY,9rcvn1,44.481129,-121.01542,4.4415376619179066,654.274936328431
5349,2018,10,OR,4004,GRIZZLY,9rcvn1,44.481129,-121.01542,4.474065920981804,466.32768763227034
5350,2018,11,OR,4004,GRIZZLY,9rcvn1,44.481129,-121.01542,4.514084821752166,247.1431359379623
5351,2018,12,OR,4004,GRIZZLY,9rcvn1,44.481129,-121.01542,4.559205616283229,204.81086549034939
5352,2019,1,OR,4004,GRIZZLY,9rcvn1,44.481129,-121.01542,4.46518921565249,235.9047256488896
5353,2019,2,OR,4004,GRIZZLY,9rcvn1,44.481129,-121.01542,4.490757665886759,341.8885470528891
5354,2019,3,OR,4004,GRIZZLY,9rcvn1,44.481129,-121.01542,4.519570094812805,525.2468045102329
5355,2019,4,OR,4004,GRIZZLY,9rcvn1,44.481129,-121.01542,4.558999181275571,649.1300451047052
5356,2019,5,OR,4004,GRIZZLY,9rcvn1,44.481129,-121.01542,4.610224553890249,746.4227757419914
5357,2019,6,OR,4004,GRIZZLY,9rcvn1,44.481129,-121.01542,4.6523962768833345,786.7005460119565
5358,2019,7,OR,4004,GRIZZLY,9rcvn1,44.481129,-121.01542,4.711849559088971,868.6759170438463
5359,2019,8,OR,4004,GRIZZLY,9rcvn1,44.481129,-121.01542,4.759123175842758,816.317570125708
5360,2019,9,OR,4004,GRIZZLY,9rcvn1,44.481129,-121.01542,4.810112622734397,696.0298375503385
5361,2019,10,OR,4004,GRIZZLY,9rcvn1,44.481129,-121.01542,4.904217495511275,521.5726447532122
5362,2019,11,OR,4004,GRIZZLY,9rcvn1,44.481129,-121.01542,4.989003302228142,273.4692321410535
5363,2019,12,OR,4004,GRIZZLY,9rcvn1,44.481129,-121.01542,5.05503301396347,221.20083190482362
5364,2020,1,OR,4004,GRIZZLY,9rcvn1,44.481129,-121.01542,5.129143181712857,262.1910388769335
5365,2020,2,OR,4004,GRIZZLY,9rcvn1,44.481129,-121.01542,5.1803685543275355,423.8205962238861
5366,2020,3,OR,4004,GRIZZLY,9rcvn1,44.481129,-121.01542,5.241060446579122,584.6350007070262
5367,2020,4,OR,4004,GRIZZLY,9rcvn1,44.481129,-121.01542,5.326200141880547,729.2458495876077
5368,2020,5,OR,4004,GRIZZLY,9rcvn1,44.481129,-121.01542,5.376304867310794,835.077852788832
5369,2020,6,OR,4004,GRIZZLY,9rcvn1,44.481129,-121.01542,5.424935056972051,875.0890269917641
5370,2020,7,OR,4004,GRIZZLY,9rcvn1,44.481129,-121.01542,5.4887234743385145,986.5603627507714
5371,2020,8,OR,4004,GRIZZLY,9rcvn1,44.481129,-121.01542,5.514970211026519,951.6385192637897
5372,2020,9,OR,4004,GRIZZLY,9rcvn1,44.481129,-121.01542,5.554605732496944,788.3894203003257
5373,2020,10,OR,4004,GRIZZLY,9rcvn1,44.481129,-121.01542,5.635823162652858,586.0419437563647
5374,2020,11,OR,4004,GRIZZLY,9rcvn1,44.481129,-121.01542,5.732021876221699,303.77666339256115
5375,2020,12,OR,4004,GRIZZLY,9rcvn1,44.481129,-121.01542,5.760421435132429,262.294197399332
5376,2021,1,OR,4004,GRIZZLY,9rcvn1,44.481129,-121.01542,5.8790330923899035,310.4067955149587
5377,2021,2,OR,4004,GRIZZLY,9rcvn1,44.481129,-121.01542,5.963229084799175,461.2692926767536
5378,2021,3,OR,4004,GRIZZLY,9rcvn1,44.481129,-121.01542,6.029789629411338,666.1048124051605
5379,2021,4,OR,4004,GRIZZLY,9rcvn1,44.481129,-121.01542,6.14878466596875,867.7763027711861
5380,2021,5,OR,4004,GRIZZLY,9rcvn1,44.481129,-121.01542,6.241061114392082,978.8883236540064
5381,2021,6,OR,4004,GRIZZLY,9rcvn1,44.481129,-121.01542,6.356045413657845,1035.215943917971
5382,2021,7,OR,4004,GRIZZLY,9rcvn1,44.481129,-121.01542,6.4576999095719465,1173.0707648121984
5383,2021,8,OR,4004,GRIZZLY,9rcvn1,44.481129,-121.01542,6.57377536530676,1120.7532035534305
5384,2021,9,OR,4004,GRIZZLY,9rcvn1,44.481129,-121.01542,6.679882959243209,988.1250221459612
5385,2021,10,OR,4004,GRIZZLY,9rcvn1,44.481129,-121.01542,6.795103184232009,702.0660266649872
5386,2021,11,OR,4004,GRIZZLY,9rcvn1,44.481129,-121.01542,6.913184008612649,372.2387103509821
5387,2021,12,OR,4004,GRIZZLY,9rcvn1,44.481129,-121.01542,7.062849389165032,317.57212514006847
5388,2022,1,OR,4004,GRIZZLY,9rcvn1,44.481129,-121.01542,7.201514732880757,392.63183494325375
5389,2022,2,OR,4004,GRIZZLY,9rcvn1,44.481129,-121.01542,7.308890427578536,585.6496287696675
5390,2022,3,OR,4004,GRIZZLY,9rcvn1,44.481129,-121.01542,7.455547755162183,815.5725166923534
5391,2022,4,OR,4004,GRIZZLY,9rcvn1,44.481129,-121.01542,8.423374052495802,1163.215351111576
5392,2022,5,OR,4004,GRIZZLY,9rcvn1,44.481129,-121.01542,8.606776811442653,1339.1009856895525
5393,2022,6,OR,4004,GRIZZLY,9rcvn1,44.481129,-121.01542,8.79914474786496,1409.774836301457
5394,2022,7,OR,4004,GRIZZLY,9rcvn1,44.481129,-121.01542,9.024689739089517,1634.715975637898
5395,2022,8,OR,4004,GRIZZLY,9rcvn1,44.481129,-121.01542,8.361178133759847,1437.0614156137524
5396,2022,9,OR,4004,GRIZZLY,9rcvn1,44.481129,-121.01542,8.61936934690982,1278.8997009790232
5397,2022,10,OR,4004,GRIZZLY,9rcvn1,44.481129,-121.01542,8.80846381392497,929.1379291690482
5398,2022,11,OR,4004,GRIZZLY,9rcvn1,44.481129,-121.01542,9.026400200581545,501.0445116659319
5399,2022,12,OR,4004,GRIZZLY,9rcvn1,44.481129,-121.01542,9.32189716868694,431.1091085671372
5400,2018,1,OR,4005,JOHN DAY,c245ue,45.677819,-120.733553,7.22597852422842,371.12114566165167
5401,2018,2,OR,4005,JOHN DAY,c245ue,45.677819,-120.733553,7.299088263008985,562.2034847062514
5402,2018,3,OR,4005,JOHN DAY,c245ue,45.677819,-120.733553,7.4032062508243675,811.3561391498812
5403,2018,4,OR,4005,JOHN DAY,c245ue,45.677819,-120.733553,7.51736098023535,1021.2688317016278
5404,2018,5,OR,4005,JOHN DAY,c245ue,45.677819,-120.733553,7.583128050164397,1208.072983228626
5405,2018,6,OR,4005,JOHN DAY,c245ue,45.677819,-120.733553,7.688619486829706,1258.82820440305
5406,2018,7,OR,4005,JOHN DAY,c245ue,45.677819,-120.733553,7.771184892692438,1433.8455763748686
5407,2018,8,OR,4005,JOHN DAY,c245ue,45.677819,-120.733553,7.8555463470512255,1328.5721483020081
5408,2018,9,OR,4005,JOHN DAY,c245ue,45.677819,-120.733553,7.955860938051436,1171.9635866903213
5409,2018,10,OR,4005,JOHN DAY,c245ue,45.677819,-120.733553,8.01412686426167,835.3049139210483
5410,2018,11,OR,4005,JOHN DAY,c245ue,45.677819,-120.733553,8.085810329236542,442.6927273802125
5411,2018,12,OR,4005,JOHN DAY,c245ue,45.677819,-120.733553,8.166632511558987,366.8654615752068
5412,2019,1,OR,4005,JOHN DAY,c245ue,45.677819,-120.733553,7.998226552576011,422.56203476192223
5413,2019,2,OR,4005,JOHN DAY,c245ue,45.677819,-120.733553,8.044025789225396,612.404519269731
5414,2019,3,OR,4005,JOHN DAY,c245ue,45.677819,-120.733553,8.095635771009073,940.843206322121
5415,2019,4,OR,4005,JOHN DAY,c245ue,45.677819,-120.733553,8.166262736868623,1162.7478505572435
5416,2019,5,OR,4005,JOHN DAY,c245ue,45.677819,-120.733553,8.258019685034691,1337.022503650988
5417,2019,6,OR,4005,JOHN DAY,c245ue,45.677819,-120.733553,8.333559371780506,1409.1696660875784
5418,2019,7,OR,4005,JOHN DAY,c245ue,45.677819,-120.733553,8.440054482605372,1556.007248456128
5419,2019,8,OR,4005,JOHN DAY,c245ue,45.677819,-120.733553,8.524732886698757,1462.220871139429
5420,2019,9,OR,4005,JOHN DAY,c245ue,45.677819,-120.733553,8.616067235218695,1246.7566455113342
5421,2019,10,OR,4005,JOHN DAY,c245ue,45.677819,-120.733553,8.78463166906897,934.2619035580645
5422,2019,11,OR,4005,JOHN DAY,c245ue,45.677819,-120.733553,8.936503416897093,489.84908996818973
5423,2019,12,OR,4005,JOHN DAY,c245ue,45.677819,-120.733553,9.054778492857848,396.223828766578
5424,2020,1,OR,4005,JOHN DAY,c245ue,45.677819,-120.733553,9.187527606698568,469.6471364845707
5425,2020,2,OR,4005,JOHN DAY,c245ue,45.677819,-120.733553,9.279284554864637,759.1645017782599
5426,2020,3,OR,4005,JOHN DAY,c245ue,45.677819,-120.733553,9.38799831383169,1047.2217324696126
5427,2020,4,OR,4005,JOHN DAY,c245ue,45.677819,-120.733553,9.540503961129007,1306.254502514993
5428,2020,5,OR,4005,JOHN DAY,c245ue,45.677819,-120.733553,9.630253560975957,1495.8250441505168
5429,2020,6,OR,4005,JOHN DAY,c245ue,45.677819,-120.733553,9.717361913034592,1567.4946689869798
5430,2020,7,OR,4005,JOHN DAY,c245ue,45.677819,-120.733553,9.831622292357105,1767.1666099639592
5431,2020,8,OR,4005,JOHN DAY,c245ue,45.677819,-120.733553,9.878636502989115,1704.6131990439103
5432,2020,9,OR,4005,JOHN DAY,c245ue,45.677819,-120.733553,9.949633243539028,1412.194845654403
5433,2020,10,OR,4005,JOHN DAY,c245ue,45.677819,-120.733553,10.095113171719428,1049.7419054593115
5434,2020,11,OR,4005,JOHN DAY,c245ue,45.677819,-120.733553,10.267428177429109,544.1369800594852
5435,2020,12,OR,4005,JOHN DAY,c245ue,45.677819,-120.733553,10.31829860983206,469.8319181798413
5436,2021,1,OR,4005,JOHN DAY,c245ue,45.677819,-120.733553,10.530760581924133,556.0131394398213
5437,2021,2,OR,4005,JOHN DAY,c245ue,45.677819,-120.733553,10.681575830636929,826.2441133832331
5438,2021,3,OR,4005,JOHN DAY,c245ue,45.677819,-120.733553,10.800801755801476,1193.1537366214604
5439,2021,4,OR,4005,JOHN DAY,c245ue,45.677819,-120.733553,11.013950452318511,1554.395823180477
5440,2021,5,OR,4005,JOHN DAY,c245ue,45.677819,-120.733553,11.179239738911273,1753.4241448963996
5441,2021,6,OR,4005,JOHN DAY,c245ue,45.677819,-120.733553,11.385204241444091,1854.3204443095087
5442,2021,7,OR,4005,JOHN DAY,c245ue,45.677819,-120.733553,11.567291863970539,2101.2515452383864
5443,2021,8,OR,4005,JOHN DAY,c245ue,45.677819,-120.733553,11.77521088986671,2007.5382248355124
5444,2021,9,OR,4005,JOHN DAY,c245ue,45.677819,-120.733553,11.965275080713871,1769.9692908170964
5445,2021,10,OR,4005,JOHN DAY,c245ue,45.677819,-120.733553,12.171662182892817,1257.5689102825372
5446,2021,11,OR,4005,JOHN DAY,c245ue,45.677819,-120.733553,12.383173305781098,666.7689527219319
5447,2021,12,OR,4005,JOHN DAY,c245ue,45.677819,-120.733553,12.651259956295087,568.8479661174043
5448,2022,1,OR,4005,JOHN DAY,c245ue,45.677819,-120.733553,12.899642898308246,703.2979378838885
5449,2022,2,OR,4005,JOHN DAY,c245ue,45.677819,-120.733553,13.091978562253356,1049.0391750727522
5450,2022,3,OR,4005,JOHN DAY,c245ue,45.677819,-120.733553,13.354677067279184,1460.886301456949
5451,2022,4,OR,4005,JOHN DAY,c245ue,45.677819,-120.733553,15.088286465617731,2083.5981317457126
5452,2022,5,OR,4005,JOHN DAY,c245ue,45.677819,-120.733553,15.416804865528372,2398.651556081435
5453,2022,6,OR,4005,JOHN DAY,c245ue,45.677819,-120.733553,15.761382051991971,2525.2454004263545
5454,2022,7,OR,4005,JOHN DAY,c245ue,45.677819,-120.733553,16.16538731369266,2928.169018332773
5455,2022,8,OR,4005,JOHN DAY,c245ue,45.677819,-120.733553,14.976878633906598,2574.1222189986847
5456,2022,9,OR,4005,JOHN DAY,c245ue,45.677819,-120.733553,15.439361121640585,2290.8165930785103
5457,2022,10,OR,4005,JOHN DAY,c245ue,45.677819,-120.733553,15.778074738014121,1664.3092368929822
5458,2022,11,OR,4005,JOHN DAY,c245ue,45.677819,-120.733553,16.168451161127106,897.4910857486099
5459,2022,12,OR,4005,JOHN DAY,c245ue,45.677819,-120.733553,16.697757217905465,772.2199782960787
5460,2018,1,OR,4008,MALIN,9r3wzq,42.004704,-121.318052,4.309254676770209,221.32027201970638
5461,2018,2,OR,4008,MALIN,9r3wzq,42.004704,-121.318052,4.352854098315852,335.2733456989637
5462,2018,3,OR,4008,MALIN,9r3wzq,42.004704,-121.318052,4.414945471051733,483.85699257681927
5463,2018,4,OR,4008,MALIN,9r3wzq,42.004704,-121.318052,4.483022313508477,609.0396580191622
5464,2018,5,OR,4008,MALIN,9r3wzq,42.004704,-121.318052,4.5222428914162265,720.4414094786662
5465,2018,6,OR,4008,MALIN,9r3wzq,42.004704,-121.318052,4.5851533284297,750.7095833298674
5466,2018,7,OR,4008,MALIN,9r3wzq,42.004704,-121.318052,4.634391692501838,855.0822196664975
5467,2018,8,OR,4008,MALIN,9r3wzq,42.004704,-121.318052,4.684701140629289,792.3017933558551
5468,2018,9,OR,4008,MALIN,9r3wzq,42.004704,-121.318052,4.7445243353656865,698.9073590540346
5469,2018,10,OR,4008,MALIN,9r3wzq,42.004704,-121.318052,4.779271562218898,498.1389848827109
5470,2018,11,OR,4008,MALIN,9r3wzq,42.004704,-121.318052,4.822020417014733,264.00240457939066
5471,2018,12,OR,4008,MALIN,9r3wzq,42.004704,-121.318052,4.870219199503775,218.78236985311676
5472,2019,1,OR,4008,MALIN,9r3wzq,42.004704,-121.318052,4.769789318082164,251.99734796025916
5473,2019,2,OR,4008,MALIN,9r3wzq,42.004704,-121.318052,4.79710196149262,365.21102711415676
5474,2019,3,OR,4008,MALIN,9r3wzq,42.004704,-121.318052,4.827879876846734,561.0773645890395
5475,2019,4,OR,4008,MALIN,9r3wzq,42.004704,-121.318052,4.869998682198269,693.4115007563397
5476,2019,5,OR,4008,MALIN,9r3wzq,42.004704,-121.318052,4.924718476435827,797.341212333626
5477,2019,6,OR,4008,MALIN,9r3wzq,42.004704,-121.318052,4.969767011703363,840.3665958305655
5478,2019,7,OR,4008,MALIN,9r3wzq,42.004704,-121.318052,5.033275995688922,927.9340493492388
5479,2019,8,OR,4008,MALIN,9r3wzq,42.004704,-121.318052,5.083774458649663,872.0039931341222
5480,2019,9,OR,4008,MALIN,9r3wzq,42.004704,-121.318052,5.138242233109501,743.510638379282
5481,2019,10,OR,4008,MALIN,9r3wzq,42.004704,-121.318052,5.2387666219477556,557.1525660831818
5482,2019,11,OR,4008,MALIN,9r3wzq,42.004704,-121.318052,5.329336229566052,292.1243780035244
5483,2019,12,OR,4008,MALIN,9r3wzq,42.004704,-121.318052,5.39987026485557,236.29040432866378
5484,2020,1,OR,4008,MALIN,9r3wzq,42.004704,-121.318052,5.479035977532015,280.07682454937475
5485,2020,2,OR,4008,MALIN,9r3wzq,42.004704,-121.318052,5.533755771769573,452.73220350114605
5486,2020,3,OR,4008,MALIN,9r3wzq,42.004704,-121.318052,5.598587859588165,624.5168226184209
5487,2020,4,OR,4008,MALIN,9r3wzq,42.004704,-121.318052,5.6895354968730425,778.9925343870201
5488,2020,5,OR,4008,MALIN,9r3wzq,42.004704,-121.318052,5.743058197166429,892.0440388139546
5489,2020,6,OR,4008,MALIN,9r3wzq,42.004704,-121.318052,5.795005773849062,934.7846399620701
5490,2020,7,OR,4008,MALIN,9r3wzq,42.004704,-121.318052,5.8631456212502355,1053.860173135857
5491,2020,8,OR,4008,MALIN,9r3wzq,42.004704,-121.318052,5.891182821521639,1016.5560796277833
5492,2020,9,OR,4008,MALIN,9r3wzq,42.004704,-121.318052,5.933522144178679,842.1706794093776
5493,2020,10,OR,4008,MALIN,9r3wzq,42.004704,-121.318052,6.020279952658952,626.0197425628569
5494,2020,11,OR,4008,MALIN,9r3wzq,42.004704,-121.318052,6.123041017024477,324.49927968410776
5495,2020,12,OR,4008,MALIN,9r3wzq,42.004704,-121.318052,6.153377897767579,280.1870201971831
5496,2021,1,OR,4008,MALIN,9r3wzq,42.004704,-121.318052,6.280080841016549,331.5816969899697
5497,2021,2,OR,4008,MALIN,9r3wzq,42.004704,-121.318052,6.370020399190543,492.73552333602277
5498,2021,3,OR,4008,MALIN,9r3wzq,42.004704,-121.318052,6.441121478979933,711.5442292559113
5499,2021,4,OR,4008,MALIN,9r3wzq,42.004704,-121.318052,6.568233954367698,926.9730664343184
5500,2021,5,OR,4008,MALIN,9r3wzq,42.004704,-121.318052,6.666805189928619,1045.6647734866372
5501,2021,6,OR,4008,MALIN,9r3wzq,42.004704,-121.318052,6.789633329095136,1105.8348734470674
5502,2021,7,OR,4008,MALIN,9r3wzq,42.004704,-121.318052,6.898222350820447,1253.0936838559185
5503,2021,8,OR,4008,MALIN,9r3wzq,42.004704,-121.318052,7.022216081458921,1197.2071955598756
5504,2021,9,OR,4008,MALIN,9r3wzq,42.004704,-121.318052,7.135561976488706,1055.5315683016993
5505,2021,10,OR,4008,MALIN,9r3wzq,42.004704,-121.318052,7.258642135432943,749.9585958947326
5506,2021,11,OR,4008,MALIN,9r3wzq,42.004704,-121.318052,7.384778034182042,397.6315758769798
5507,2021,12,OR,4008,MALIN,9r3wzq,42.004704,-121.318052,7.544653080673468,339.23582116159054
5508,2022,1,OR,4008,MALIN,9r3wzq,42.004704,-121.318052,7.6927777050286785,419.41585043841565
5509,2022,2,OR,4008,MALIN,9r3wzq,42.004704,-121.318052,7.80747820636371,625.60066517498
5510,2022,3,OR,4008,MALIN,9r3wzq,42.004704,-121.318052,7.964140000689201,871.208114676081
5511,2022,4,OR,4008,MALIN,9r3wzq,42.004704,-121.318052,8.997988133843025,1242.5659671737844
5512,2022,5,OR,4008,MALIN,9r3wzq,42.004704,-121.318052,9.19390200854848,1430.4499247165654
5513,2022,6,OR,4008,MALIN,9r3wzq,42.004704,-121.318052,9.399392634807313,1505.944906325567
5514,2022,7,OR,4008,MALIN,9r3wzq,42.004704,-121.318052,9.640323542308089,1746.2307692052668
5515,2022,8,OR,4008,MALIN,9r3wzq,42.004704,-121.318052,8.931549419941465,1535.0928837672732
5516,2022,9,OR,4008,MALIN,9r3wzq,42.004704,-121.318052,9.207353564184311,1366.1419120257426
5517,2022,10,OR,4008,MALIN,9r3wzq,42.004704,-121.318052,9.409347416027272,992.5205753969149
5518,2022,11,OR,4008,MALIN,9r3wzq,42.004704,-121.318052,9.642150685696564,535.2240732039455
5519,2022,12,OR,4008,MALIN,9r3wzq,42.004704,-121.318052,9.957805457291458,460.51791349920916
5520,2018,1,OR,4009,BIG EDDY,c21g7y,45.60664,-121.115583,33.24275212969355,1707.324234904991
5521,2018,2,OR,4009,BIG EDDY,c21g7y,45.60664,-121.115583,33.579089819654854,2586.388961145644
5522,2018,3,OR,4009,BIG EDDY,c21g7y,45.60664,-121.115583,34.058079405575164,3732.6032636589734
5523,2018,4,OR,4009,BIG EDDY,c21g7y,45.60664,-121.115583,34.58324251829652,4698.296087679564
5524,2018,5,OR,4009,BIG EDDY,c21g7y,45.60664,-121.115583,34.88580062812443,5557.67922661199
5525,2018,6,OR,4009,BIG EDDY,c21g7y,45.60664,-121.115583,35.371108696659626,5791.176078440692
5526,2018,7,OR,4009,BIG EDDY,c21g7y,45.60664,-121.115583,35.75094670923875,6596.334728627905
5527,2018,8,OR,4009,BIG EDDY,c21g7y,45.60664,-121.115583,36.139047352929644,6112.02959769854
5528,2018,9,OR,4009,BIG EDDY,c21g7y,45.60664,-121.115583,36.600539602377985,5391.559757165622
5529,2018,10,OR,4009,BIG EDDY,c21g7y,45.60664,-121.115583,36.86858907638616,3842.7784019960714
5530,2018,11,OR,4009,BIG EDDY,c21g7y,45.60664,-121.115583,37.198365265170466,2036.5857103747474
5531,2018,12,OR,4009,BIG EDDY,c21g7y,45.60664,-121.115583,37.570183665199934,1687.7461735042236
5532,2019,1,OR,4009,BIG EDDY,c21g7y,45.60664,-121.115583,36.79544048919082,1943.975467669891
5533,2019,2,OR,4009,BIG EDDY,c21g7y,45.60664,-121.115583,37.006137582540845,2817.336305239242
5534,2019,3,OR,4009,BIG EDDY,c21g7y,45.60664,-121.115583,37.24356671772306,4328.302027995859
5535,2019,4,OR,4009,BIG EDDY,c21g7y,45.60664,-121.115583,37.56848253526516,5349.163224856901
5536,2019,5,OR,4009,BIG EDDY,c21g7y,45.60664,-121.115583,37.99060577765155,6150.905034060837
5537,2019,6,OR,4009,BIG EDDY,c21g7y,45.60664,-121.115583,38.338122321469946,6482.814439783352
5538,2019,7,OR,4009,BIG EDDY,c21g7y,45.60664,-121.115583,38.82804774268525,7158.333379901206
5539,2019,8,OR,4009,BIG EDDY,c21g7y,45.60664,-121.115583,39.217606497748804,6726.8738503956365
5540,2019,9,OR,4009,BIG EDDY,c21g7y,45.60664,-121.115583,39.63778559163831,5735.64147662714
5541,2019,10,OR,4009,BIG EDDY,c21g7y,45.60664,-121.115583,40.413257823333765,4298.025074398166
5542,2019,11,OR,4009,BIG EDDY,c21g7y,45.60664,-121.115583,41.11193618940221,2253.526193603968
5543,2019,12,OR,4009,BIG EDDY,c21g7y,45.60664,-121.115583,41.65605474996821,1822.8078707128368
5544,2020,1,OR,4009,BIG EDDY,c21g7y,45.60664,-121.115583,42.26676039655256,2160.5881188588237
5545,2020,2,OR,4009,BIG EDDY,c21g7y,45.60664,-121.115583,42.68888363893896,3492.498251089355
5546,2020,3,OR,4009,BIG EDDY,c21g7y,45.60664,-121.115583,43.18901583976291,4817.691107244582
5547,2020,4,OR,4009,BIG EDDY,c21g7y,45.60664,-121.115583,43.890610428576686,6009.358386522298
5548,2020,5,OR,4009,BIG EDDY,c21g7y,45.60664,-121.115583,44.30349896560288,6881.468164533902
5549,2020,6,OR,4009,BIG EDDY,c21g7y,45.60664,-121.115583,44.70423657452353,7211.180682454937
5550,2020,7,OR,4009,BIG EDDY,c21g7y,45.60664,-121.115583,45.229885724369105,8129.76144198761
5551,2020,8,OR,4009,BIG EDDY,c21g7y,45.60664,-121.115583,45.44617224464769,7841.987609404279
5552,2020,9,OR,4009,BIG EDDY,c21g7y,45.60664,-121.115583,45.772789192124556,6496.7316267983115
5553,2020,10,OR,4009,BIG EDDY,c21g7y,45.60664,-121.115583,46.4420623121776,4829.2850368057625
5554,2020,11,OR,4009,BIG EDDY,c21g7y,45.60664,-121.115583,47.23478886178291,2503.274911773827
5555,2020,12,OR,4009,BIG EDDY,c21g7y,45.60664,-121.115583,47.46881573709558,2161.4381977890876
5556,2021,1,OR,4009,BIG EDDY,c21g7y,45.60664,-121.115583,48.446236393905075,2557.9105879261315
5557,2021,2,OR,4009,BIG EDDY,c21g7y,45.60664,-121.115583,49.14005438873131,3801.0946431300226
5558,2021,3,OR,4009,BIG EDDY,c21g7y,45.60664,-121.115583,49.6885472834153,5489.043980152171
5559,2021,4,OR,4009,BIG EDDY,c21g7y,45.60664,-121.115583,50.66912718153223,7150.920098664017
5560,2021,5,OR,4009,BIG EDDY,c21g7y,45.60664,-121.115583,51.42953226237682,8066.5399200359325
5561,2021,6,OR,4009,BIG EDDY,c21g7y,45.60664,-121.115583,52.37706163604668,8530.708289890239
5562,2021,7,OR,4009,BIG EDDY,c21g7y,45.60664,-121.115583,53.21474661964249,9666.702446774
5563,2021,8,OR,4009,BIG EDDY,c21g7y,45.60664,-121.115583,54.17126768011046,9235.57901193983
5564,2021,9,OR,4009,BIG EDDY,c21g7y,45.60664,-121.115583,55.04564846658499,8142.655034818959
5565,2021,10,OR,4009,BIG EDDY,c21g7y,45.60664,-121.115583,55.99512198875174,5785.382758938534
5566,2021,11,OR,4009,BIG EDDY,c21g7y,45.60664,-121.115583,56.96816831144325,3067.4371573056005
5567,2021,12,OR,4009,BIG EDDY,c21g7y,45.60664,-121.115583,58.201487514155374,2616.956564943622
5568,2022,1,OR,4009,BIG EDDY,c21g7y,45.60664,-121.115583,59.34416079320019,3235.486923190815
5569,2022,2,OR,4009,BIG EDDY,c21g7y,45.60664,-121.115583,60.228991377845475,4826.052160874003
5570,2022,3,OR,4009,BIG EDDY,c21g7y,45.60664,-121.115583,61.43752268722231,6720.734229442471
5571,2022,4,OR,4009,BIG EDDY,c21g7y,45.60664,-121.115583,69.41290585857337,9585.48880255789
5572,2022,5,OR,4009,BIG EDDY,c21g7y,45.60664,-121.115583,70.9242382963402,11034.876294879823
5573,2022,6,OR,4009,BIG EDDY,c21g7y,45.60664,-121.115583,72.50944837698873,11617.264932569904
5574,2022,7,OR,4009,BIG EDDY,c21g7y,45.60664,-121.115583,74.36805434001185,13470.894847515248
5575,2022,8,OR,4009,BIG EDDY,c21g7y,45.60664,-121.115583,68.90037971108177,11842.120287348509
5576,2022,9,OR,4009,BIG EDDY,c21g7y,45.60664,-121.115583,71.02800722236151,10538.786950855143
5577,2022,10,OR,4009,BIG EDDY,c21g7y,45.60664,-121.115583,72.58624224261573,7656.571251033505
5578,2022,11,OR,4009,BIG EDDY,c21g7y,45.60664,-121.115583,74.38214941661428,4128.862769535608
5579,2022,12,OR,4009,BIG EDDY,c21g7y,45.60664,-121.115583,76.81719540896414,3552.5593166407816
5580,2018,1,WA,4101,COULEE,c2e2u0,47.947893,-118.996055,6.6844280831879,308.9194006053665
5581,2018,2,WA,4101,COULEE,c2e2u0,47.947893,-118.996055,6.789732547993019,528.6358968877254
5582,2018,3,WA,4101,COULEE,c2e2u0,47.947893,-118.996055,6.932655295593368,713.0325674083768
5583,2018,4,WA,4101,COULEE,c2e2u0,47.947893,-118.996055,7.076914394269924,982.6193472404013
5584,2018,5,WA,4101,COULEE,c2e2u0,47.947893,-118.996055,7.242822380381035,1103.9885560554828
5585,2018,6,WA,4101,COULEE,c2e2u0,47.947893,-118.996055,7.462919402632344,1161.8179461623763
5586,2018,7,WA,4101,COULEE,c2e2u0,47.947893,-118.996055,7.646534040503199,1336.8141886725566
5587,2018,8,WA,4101,COULEE,c2e2u0,47.947893,-118.996055,7.810303864892379,1277.008602594168
5588,2018,9,WA,4101,COULEE,c2e2u0,47.947893,-118.996055,8.122408658740547,1130.7897450643543
5589,2018,10,WA,4101,COULEE,c2e2u0,47.947893,-118.996055,8.266066399432809,733.8787087514543
5590,2018,11,WA,4101,COULEE,c2e2u0,47.947893,-118.996055,8.553916421247818,376.5162475458115
5591,2018,12,WA,4101,COULEE,c2e2u0,47.947893,-118.996055,8.754302265125073,339.48141563045374
5592,2019,1,WA,4101,COULEE,c2e2u0,47.947893,-118.996055,9.407844758944153,441.1132535903868
5593,2019,2,WA,4101,COULEE,c2e2u0,47.947893,-118.996055,9.564264652414193,752.0907684882199
5594,2019,3,WA,4101,COULEE,c2e2u0,47.947893,-118.996055,9.74052935936591,1014.7453607475277
5595,2019,4,WA,4101,COULEE,c2e2u0,47.947893,-118.996055,9.874966277632343,1378.9446608765998
5596,2019,5,WA,4101,COULEE,c2e2u0,47.947893,-118.996055,10.09065334133217,1547.2642261398341
5597,2019,6,WA,4101,COULEE,c2e2u0,47.947893,-118.996055,10.22268482766143,1600.2151330079262
5598,2019,7,WA,4101,COULEE,c2e2u0,47.947893,-118.996055,10.351375436300174,1815.1252421920447
5599,2019,8,WA,4101,COULEE,c2e2u0,47.947893,-118.996055,10.517550692626527,1727.2651034304101
5600,2019,9,WA,4101,COULEE,c2e2u0,47.947893,-118.996055,10.681120064354275,1492.2416410158523
5601,2019,10,WA,4101,COULEE,c2e2u0,47.947893,-118.996055,10.903889788757997,979.4261363438045
5602,2019,11,WA,4101,COULEE,c2e2u0,47.947893,-118.996055,11.071134125945317,492.87146712296396
5603,2019,12,WA,4101,COULEE,c2e2u0,47.947893,-118.996055,11.23590621364165,438.45986171102385
5604,2020,1,WA,4101,COULEE,c2e2u0,47.947893,-118.996055,11.717059418630017,550.8783914703315
5605,2020,2,WA,4101,COULEE,c2e2u0,47.947893,-118.996055,11.878891533958697,972.1303276432518
5606,2020,3,WA,4101,COULEE,c2e2u0,47.947893,-118.996055,11.993884544066317,1255.30231888089
5607,2020,4,WA,4101,COULEE,c2e2u0,47.947893,-118.996055,12.076805128344967,1692.862281777196
5608,2020,5,WA,4101,COULEE,c2e2u0,47.947893,-118.996055,12.206297547629436,1875.412582833406
5609,2020,6,WA,4101,COULEE,c2e2u0,47.947893,-118.996055,12.3370595004363,1934.2295363856165
5610,2020,7,WA,4101,COULEE,c2e2u0,47.947893,-118.996055,12.582079470258872,2209.478636180192
5611,2020,8,WA,4101,COULEE,c2e2u0,47.947893,-118.996055,12.754736029304828,2098.0337718150085
5612,2020,9,WA,4101,COULEE,c2e2u0,47.947893,-118.996055,12.9300652905032,1809.4543695826062
5613,2020,10,WA,4101,COULEE,c2e2u0,47.947893,-118.996055,13.143614192481094,1183.1725022723965
5614,2020,11,WA,4101,COULEE,c2e2u0,47.947893,-118.996055,13.33885508471495,595.3253614474258
5615,2020,12,WA,4101,COULEE,c2e2u0,47.947893,-118.996055,13.446765434118674,523.6853175083625
5616,2021,1,WA,4101,COULEE,c2e2u0,47.947893,-118.996055,14.115341877545085,661.8486507507998
5617,2021,2,WA,4101,COULEE,c2e2u0,47.947893,-118.996055,14.275837641797557,1123.7120956769922
5618,2021,3,WA,4101,COULEE,c2e2u0,47.947893,-118.996055,14.620215314136125,1523.7238673920156
5619,2021,4,WA,4101,COULEE,c2e2u0,47.947893,-118.996055,14.83777326934264,2075.2500550465384
5620,2021,5,WA,4101,COULEE,c2e2u0,47.947893,-118.996055,15.069229275741709,2309.644096104203
5621,2021,6,WA,4101,COULEE,c2e2u0,47.947893,-118.996055,15.35206798102094,2403.0646580588277
5622,2021,7,WA,4101,COULEE,c2e2u0,47.947893,-118.996055,15.6021660849331,2735.734558618746
5623,2021,8,WA,4101,COULEE,c2e2u0,47.947893,-118.996055,15.919816735747528,2612.6778724821843
5624,2021,9,WA,4101,COULEE,c2e2u0,47.947893,-118.996055,16.219961187463642,2265.6444696498693
5625,2021,10,WA,4101,COULEE,c2e2u0,47.947893,-118.996055,16.484291430337404,1475.6954765306864
5626,2021,11,WA,4101,COULEE,c2e2u0,47.947893,-118.996055,16.802743891797558,746.6176758380599
5627,2021,12,WA,4101,COULEE,c2e2u0,47.947893,-118.996055,17.232180310136705,672.1642119782576
5628,2022,1,WA,4101,COULEE,c2e2u0,47.947893,-118.996055,17.59847414012507,824.8507414466986
5629,2022,2,WA,4101,COULEE,c2e2u0,47.947893,-118.996055,17.981004635689352,1415.3393806264544
5630,2022,3,WA,4101,COULEE,c2e2u0,47.947893,-118.996055,18.38304585696626,1913.5350040721348
5631,2022,4,WA,4101,COULEE,c2e2u0,47.947893,-118.996055,18.76196820462478,2621.278962096422
5632,2022,5,WA,4101,COULEE,c2e2u0,47.947893,-118.996055,19.254881299083767,2950.2094182573446
5633,2022,6,WA,4101,COULEE,c2e2u0,47.947893,-118.996055,19.46595795157068,3044.910939536067
5634,2022,7,WA,4101,COULEE,c2e2u0,47.947893,-118.996055,19.88624036503781,3486.904447580352
5635,2022,8,WA,4101,COULEE,c2e2u0,47.947893,-118.996055,20.218056337260034,3319.207956006399
5636,2022,9,WA,4101,COULEE,c2e2u0,47.947893,-118.996055,20.895786785558464,2920.7708735820243
5637,2022,10,WA,4101,COULEE,c2e2u0,47.947893,-118.996055,21.2586729203025,1906.3253900159978
5638,2022,11,WA,4101,COULEE,c2e2u0,47.947893,-118.996055,21.85000827152414,972.74545004363
5639,2022,12,WA,4101,COULEE,c2e2u0,47.947893,-118.996055,22.7938062190954,896.809304664776
5640,2018,1,WA,4102,HANFORD,c26crp,46.669392,-119.573343,3.3231940505623423,153.5806955238329
5641,2018,2,WA,4102,HANFORD,c26crp,46.669392,-119.573343,3.3755466477603258,262.81375842301725
5642,2018,3,WA,4102,HANFORD,c26crp,46.669392,-119.573343,3.4466013466223093,354.4874081042757
5643,2018,4,WA,4102,HANFORD,c26crp,46.669392,-119.573343,3.5183204185451813,488.5137109829479
5644,2018,5,WA,4102,HANFORD,c26crp,46.669392,-119.573343,3.6008023340544404,548.8529692764386
5645,2018,6,WA,4102,HANFORD,c26crp,46.669392,-119.573343,3.710224577182713,577.6031155506168
5646,2018,7,WA,4102,HANFORD,c26crp,46.669392,-119.573343,3.801509435748739,664.603299372364
5647,2018,8,WA,4102,HANFORD,c26crp,46.669392,-119.573343,3.8829283543605775,634.8706782157443
5648,2018,9,WA,4102,HANFORD,c26crp,46.669392,-119.573343,4.038092682730997,562.1773031990801
5649,2018,10,WA,4102,HANFORD,c26crp,46.669392,-119.573343,4.1095127867764685,364.8511627929877
5650,2018,11,WA,4102,HANFORD,c26crp,46.669392,-119.573343,4.252618744091769,187.18677771869545
5651,2018,12,WA,4102,HANFORD,c26crp,46.669392,-119.573343,4.352241484571941,168.77474133307882
5652,2019,1,WA,4102,HANFORD,c26crp,46.669392,-119.573343,4.677153129999273,219.30147526647636
5653,2019,2,WA,4102,HANFORD,c26crp,46.669392,-119.573343,4.754917996776226,373.9053717413831
5654,2019,3,WA,4102,HANFORD,c26crp,46.669392,-119.573343,4.842548803507368,504.48530580400427
5655,2019,4,WA,4102,HANFORD,c26crp,46.669392,-119.573343,4.909384733432712,685.5486566764531
5656,2019,5,WA,4102,HANFORD,c26crp,46.669392,-119.573343,5.016614545460054,769.2294998113911
5657,2019,6,WA,4102,HANFORD,c26crp,46.669392,-119.573343,5.0822546038758,795.5542857894912
5658,2019,7,WA,4102,HANFORD,c26crp,46.669392,-119.573343,5.146233729639325,902.3978313192323
5659,2019,8,WA,4102,HANFORD,c26crp,46.669392,-119.573343,5.228848519760763,858.7177607461642
5660,2019,9,WA,4102,HANFORD,c26crp,46.669392,-119.573343,5.310167782413466,741.8747694956492
5661,2019,10,WA,4102,HANFORD,c26crp,46.669392,-119.573343,5.420918771663515,486.9261915539558
5662,2019,11,WA,4102,HANFORD,c26crp,46.669392,-119.573343,5.504065060233663,245.03330828773392
5663,2019,12,WA,4102,HANFORD,c26crp,46.669392,-119.573343,5.585982258641167,217.98232933543
5664,2020,1,WA,4102,HANFORD,c26crp,46.669392,-119.573343,5.825189779213932,273.8717165230512
5665,2020,2,WA,4102,HANFORD,c26crp,46.669392,-119.573343,5.905645356887483,483.2990468280371
5666,2020,3,WA,4102,HANFORD,c26crp,46.669392,-119.573343,5.962814658776905,624.0792998063918
5667,2020,4,WA,4102,HANFORD,c26crp,46.669392,-119.573343,6.004039007205012,841.6142403226197
5668,2020,5,WA,4102,HANFORD,c26crp,46.669392,-119.573343,6.068416756805071,932.3699589643021
5669,2020,6,WA,4102,HANFORD,c26crp,46.669392,-119.573343,6.133425660812972,961.6110769304767
5670,2020,7,WA,4102,HANFORD,c26crp,46.669392,-119.573343,6.255238461526808,1098.452428124091
5671,2020,8,WA,4102,HANFORD,c26crp,46.669392,-119.573343,6.341075460993553,1043.047103148633
5672,2020,9,WA,4102,HANFORD,c26crp,46.669392,-119.573343,6.428241206582073,899.5785310167006
5673,2020,10,WA,4102,HANFORD,c26crp,46.669392,-119.573343,6.534408021711993,588.2196309703436
5674,2020,11,WA,4102,HANFORD,c26crp,46.669392,-119.573343,6.6314729259077465,295.9687313095368
5675,2020,12,WA,4102,HANFORD,c26crp,46.669392,-119.573343,6.685121050574462,260.3525552003042
5676,2021,1,WA,4102,HANFORD,c26crp,46.669392,-119.573343,7.017506892936785,329.0410894059349
5677,2021,2,WA,4102,HANFORD,c26crp,46.669392,-119.573343,7.097298097549447,558.6586173753514
5678,2021,3,WA,4102,HANFORD,c26crp,46.669392,-119.573343,7.268507035340313,757.5263025946225
5679,2021,4,WA,4102,HANFORD,c26crp,46.669392,-119.573343,7.376666969652899,1031.720073958939
5680,2021,5,WA,4102,HANFORD,c26crp,46.669392,-119.573343,7.491736383798719,1148.2501454977762
5681,2021,6,WA,4102,HANFORD,c26crp,46.669392,-119.573343,7.632350942135689,1194.6946059398936
5682,2021,7,WA,4102,HANFORD,c26crp,46.669392,-119.573343,7.756688360480899,1360.0829713443197
5683,2021,8,WA,4102,HANFORD,c26crp,46.669392,-119.573343,7.914609837054004,1298.9047759681926
5684,2021,9,WA,4102,HANFORD,c26crp,46.669392,-119.573343,8.063828026529475,1126.3755295934227
5685,2021,10,WA,4102,HANFORD,c26crp,46.669392,-119.573343,8.195241017973142,733.6487680049568
5686,2021,11,WA,4102,HANFORD,c26crp,46.669392,-119.573343,8.35356111838278,371.18439865186275
5687,2021,12,WA,4102,HANFORD,c26crp,46.669392,-119.573343,8.567057401499175,334.16951793754237
5688,2022,1,WA,4102,HANFORD,c26crp,46.669392,-119.573343,8.749162057488606,410.0783256942929
5689,2022,2,WA,4102,HANFORD,c26crp,46.669392,-119.573343,8.93933884616783,703.6424583659043
5690,2022,3,WA,4102,HANFORD,c26crp,46.669392,-119.573343,9.139215481536018,951.3226953655225
5691,2022,4,WA,4102,HANFORD,c26crp,46.669392,-119.573343,9.327598462950842,1303.1808470813335
5692,2022,5,WA,4102,HANFORD,c26crp,46.669392,-119.573343,9.572652466459424,1466.7101305681294
5693,2022,6,WA,4102,HANFORD,c26crp,46.669392,-119.573343,9.6775901914267,1513.7914258077612
5694,2022,7,WA,4102,HANFORD,c26crp,46.669392,-119.573343,9.886535519076013,1733.5305236094446
5695,2022,8,WA,4102,HANFORD,c26crp,46.669392,-119.573343,10.05149935009453,1650.1594444141458
5696,2022,9,WA,4102,HANFORD,c26crp,46.669392,-119.573343,10.388436147923937,1452.0746231911721
5697,2022,10,WA,4102,HANFORD,c26crp,46.669392,-119.573343,10.568846652608105,947.7384027020312
5698,2022,11,WA,4102,HANFORD,c26crp,46.669392,-119.573343,10.862831732051095,483.60485774796393
5699,2022,12,WA,4102,HANFORD,c26crp,46.669392,-119.573343,11.332045206303325,445.8528551225882
5700,2018,1,WA,4103,BELL,c2kx95,47.746353,-117.373738,0.0818390052356021,3.782171956806283
5701,2018,2,WA,4103,BELL,c2kx95,47.746353,-117.373738,0.0831282722513089,6.472212041884816
5702,2018,3,WA,4103,BELL,c2kx95,47.746353,-117.373738,0.08487810863874345,8.729823298429318
5703,2018,4,WA,4103,BELL,c2kx95,47.746353,-117.373738,0.08664430628272252,12.030436845549737
5704,2018,5,WA,4103,BELL,c2kx95,47.746353,-117.373738,0.08867555628272251,13.516388252617801
5705,2018,6,WA,4103,BELL,c2kx95,47.746353,-117.373738,0.09137025523560209,14.224406904450262
5706,2018,7,WA,4103,BELL,c2kx95,47.746353,-117.373738,0.09361829188481675,16.366926537958115
5707,2018,8,WA,4103,BELL,c2kx95,47.746353,-117.373738,0.09562336387434554,15.634712859947644
5708,2018,9,WA,4103,BELL,c2kx95,47.746353,-117.373738,0.09944453534031414,13.844521433246074
5709,2018,10,WA,4103,BELL,c2kx95,47.746353,-117.373738,0.10120337041884817,8.985047447643979
5710,2018,11,WA,4103,BELL,c2kx95,47.746353,-117.373738,0.10472758507853404,4.60977585078534
5711,2018,12,WA,4103,BELL,c2kx95,47.746353,-117.373738,0.1071809554973822,4.156349803664921
5712,2019,1,WA,4103,BELL,c2kx95,47.746353,-117.373738,0.11518242801047121,5.400651996073298
5713,2019,2,WA,4103,BELL,c2kx95,47.746353,-117.373738,0.11709751308900522,9.20802192408377
5714,2019,3,WA,4103,BELL,c2kx95,47.746353,-117.373738,0.11925556282722512,12.423763089005236
5715,2019,4,WA,4103,BELL,c2kx95,47.746353,-117.373738,0.12090150523560209,16.882739692408375
5716,2019,5,WA,4103,BELL,c2kx95,47.746353,-117.373738,0.12354221204188481,18.943515215968585
5717,2019,6,WA,4103,BELL,c2kx95,47.746353,-117.373738,0.12515870418848168,19.591805464659686
5718,2019,7,WA,4103,BELL,c2kx95,47.746353,-117.373738,0.12673429319371726,22.222999836387434
5719,2019,8,WA,4103,BELL,c2kx95,47.746353,-117.373738,0.1287688154450262,21.1473077552356
5720,2019,9,WA,4103,BELL,c2kx95,47.746353,-117.373738,0.1307714332460733,18.26986092931937
5721,2019,10,WA,4103,BELL,c2kx95,47.746353,-117.373738,0.13349885471204187,11.99134162303665
5722,2019,11,WA,4103,BELL,c2kx95,47.746353,-117.373738,0.13554646596858638,6.0343398232984296
5723,2019,12,WA,4103,BELL,c2kx95,47.746353,-117.373738,0.13756380890052355,5.368165903141361
5724,2020,1,WA,4103,BELL,c2kx95,47.746353,-117.373738,0.14345467931937173,6.744532068062827
5725,2020,2,WA,4103,BELL,c2kx95,47.746353,-117.373738,0.145436027486911,11.902017342931938
5726,2020,3,WA,4103,BELL,c2kx95,47.746353,-117.373738,0.14684391361256546,15.368957787958115
5727,2020,4,WA,4103,BELL,c2kx95,47.746353,-117.373738,0.14785912958115183,20.72610602094241
5728,2020,5,WA,4103,BELL,c2kx95,47.746353,-117.373738,0.14944453534031416,22.961111747382198
5729,2020,6,WA,4103,BELL,c2kx95,47.746353,-117.373738,0.15104548429319373,23.681221367801047
5730,2020,7,WA,4103,BELL,c2kx95,47.746353,-117.373738,0.1540453206806283,27.051160013089007
5731,2020,8,WA,4103,BELL,c2kx95,47.746353,-117.373738,0.156159195026178,25.68671465968586
5732,2020,9,WA,4103,BELL,c2kx95,47.746353,-117.373738,0.15830579188481675,22.153570026178013
5733,2020,10,WA,4103,BELL,c2kx95,47.746353,-117.373738,0.16092032068062828,14.485855693717276
5734,2020,11,WA,4103,BELL,c2kx95,47.746353,-117.373738,0.1633107002617801,7.288706642670157
5735,2020,12,WA,4103,BELL,c2kx95,47.746353,-117.373738,0.1646318717277487,6.41160094895288
5736,2021,1,WA,4103,BELL,c2kx95,47.746353,-117.373738,0.17281740837696336,8.103166721204188
5737,2021,2,WA,4103,BELL,c2kx95,47.746353,-117.373738,0.1747823952879581,13.75786812827225
5738,2021,3,WA,4103,BELL,c2kx95,47.746353,-117.373738,0.17899869109947644,18.655305137434553
5739,2021,4,WA,4103,BELL,c2kx95,47.746353,-117.373738,0.18166230366492145,25.40776832460733
5740,2021,5,WA,4103,BELL,c2kx95,47.746353,-117.373738,0.18449607329842932,28.2775089986911
5741,2021,6,WA,4103,BELL,c2kx95,47.746353,-117.373738,0.1879589332460733,29.421278632198955
5742,2021,7,WA,4103,BELL,c2kx95,47.746353,-117.373738,0.19102094240837694,33.49423347513089
5743,2021,8,WA,4103,BELL,c2kx95,47.746353,-117.373738,0.19491001308900524,31.987621891361258
5744,2021,9,WA,4103,BELL,c2kx95,47.746353,-117.373738,0.19858475130890052,27.738811354712045
5745,2021,10,WA,4103,BELL,c2kx95,47.746353,-117.373738,0.20182100785340312,18.067282395287958
5746,2021,11,WA,4103,BELL,c2kx95,47.746353,-117.373738,0.20571989528795812,9.141013579842932
5747,2021,12,WA,4103,BELL,c2kx95,47.746353,-117.373738,0.21097758507853404,8.229462532722513
5748,2022,1,WA,4103,BELL,c2kx95,47.746353,-117.373738,0.21546220549738218,10.098839168848167
5749,2022,2,WA,4103,BELL,c2kx95,47.746353,-117.373738,0.22014561518324607,17.32832869764398
5750,2022,3,WA,4103,BELL,c2kx95,47.746353,-117.373738,0.22506789921465967,23.42785340314136
5751,2022,4,WA,4103,BELL,c2kx95,47.746353,-117.373738,0.22970713350785338,32.09292702879581
5752,2022,5,WA,4103,BELL,c2kx95,47.746353,-117.373738,0.2357419829842932,36.1200989856021
5753,2022,6,WA,4103,BELL,c2kx95,47.746353,-117.373738,0.23832624345549736,37.279551701570675
5754,2022,7,WA,4103,BELL,c2kx95,47.746353,-117.373738,0.24347185863874346,42.69098085732984
5755,2022,8,WA,4103,BELL,c2kx95,47.746353,-117.373738,0.24753435863874346,40.63783376963351
5756,2022,9,WA,4103,BELL,c2kx95,47.746353,-117.373738,0.25583196989528795,35.759676047120415
5757,2022,10,WA,4103,BELL,c2kx95,47.746353,-117.373738,0.2602748691099477,23.33958442408377
5758,2022,11,WA,4103,BELL,c2kx95,47.746353,-117.373738,0.26751472513089003,11.909548429319372
5759,2022,12,WA,4103,BELL,c2kx95,47.746353,-117.373738,0.279069862565445,10.979844568062827
5760,2018,1,WA,4104,BELL,c2kx95,47.746353,-117.373738,18.37581197280396,849.2341827347841
5761,2018,2,WA,4104,BELL,c2kx95,47.746353,-117.373738,18.66529897469459,1453.2453221713206
5762,2018,3,WA,4104,BELL,c2kx95,47.746353,-117.373738,19.058200432209862,1960.1605741164922
5763,2018,4,WA,4104,BELL,c2kx95,47.746353,-117.373738,19.454775582642526,2701.267504267561
5764,2018,5,WA,4104,BELL,c2kx95,47.746353,-117.373738,19.91086455833697,3034.9172545107076
5765,2018,6,WA,4104,BELL,c2kx95,47.746353,-117.373738,20.515921781831736,3193.8930091873003
5766,2018,7,WA,4104,BELL,c2kx95,47.746353,-117.373738,21.020687188681645,3674.9660356743566
5767,2018,8,WA,4104,BELL,c2kx95,47.746353,-117.373738,21.47089825570826,3510.557623911522
5768,2018,9,WA,4104,BELL,c2kx95,47.746353,-117.373738,22.328889236565594,3108.5950028155
5769,2018,10,WA,4104,BELL,c2kx95,47.746353,-117.373738,22.72381122518543,2017.467612042794
5770,2018,11,WA,4104,BELL,c2kx95,47.746353,-117.373738,23.515124679592063,1035.061142629254
5771,2018,12,WA,4104,BELL,c2kx95,47.746353,-117.373738,24.065994932555267,933.2506213323517
5772,2019,1,WA,4104,BELL,c2kx95,47.746353,-117.373738,25.86261445380672,1212.641396662758
5773,2019,2,WA,4104,BELL,c2kx95,47.746353,-117.373738,26.292620209787664,2067.5334338596203
5774,2019,3,WA,4104,BELL,c2kx95,47.746353,-117.373738,26.777180305591912,2789.583449371001
5775,2019,4,WA,4104,BELL,c2kx95,47.746353,-117.373738,27.146753813081734,3790.784715434573
5776,2019,5,WA,4104,BELL,c2kx95,47.746353,-117.373738,27.7396878499491,4253.503237367747
5777,2019,6,WA,4104,BELL,c2kx95,47.746353,-117.373738,28.10264871018761,4399.067808680102
5778,2019,7,WA,4104,BELL,c2kx95,47.746353,-117.373738,28.456425338132632,4989.865960485294
5779,2019,8,WA,4104,BELL,c2kx95,47.746353,-117.373738,28.91324905241056,4748.3342438304435
5780,2019,9,WA,4104,BELL,c2kx95,47.746353,-117.373738,29.36290906549956,4102.243523610203
5781,2019,10,WA,4104,BELL,c2kx95,47.746353,-117.373738,29.975313674829117,2692.4892150414485
5782,2019,11,WA,4104,BELL,c2kx95,47.746353,-117.373738,30.435076343440958,1354.9271970463387
5783,2019,12,WA,4104,BELL,c2kx95,47.746353,-117.373738,30.888042680155614,1205.347095690627
5784,2020,1,WA,4104,BELL,c2kx95,47.746353,-117.373738,32.210755815063266,1514.391001827007
5785,2020,2,WA,4104,BELL,c2kx95,47.746353,-117.373738,32.65564002735966,2672.432688558937
5786,2020,3,WA,4104,BELL,c2kx95,47.746353,-117.373738,32.9717613029014,3450.8860135389396
5787,2020,4,WA,4104,BELL,c2kx95,47.746353,-117.373738,33.19971394842568,4653.759244418994
5788,2020,5,WA,4104,BELL,c2kx95,47.746353,-117.373738,33.55569479212115,5155.598738544848
5789,2020,6,WA,4104,BELL,c2kx95,47.746353,-117.373738,33.915165644088134,5317.289352287395
5790,2020,7,WA,4104,BELL,c2kx95,47.746353,-117.373738,34.58873724049229,6073.962270383399
5791,2020,8,WA,4104,BELL,c2kx95,47.746353,-117.373738,35.06337836541958,5767.595016906632
5792,2020,9,WA,4104,BELL,c2kx95,47.746353,-117.373738,35.545366876181646,4974.276460905687
5793,2020,10,WA,4104,BELL,c2kx95,47.746353,-117.373738,36.13242300438118,3252.5977035840237
5794,2020,11,WA,4104,BELL,c2kx95,47.746353,-117.373738,36.66914953961242,1636.5778445748801
5795,2020,12,WA,4104,BELL,c2kx95,47.746353,-117.373738,36.96580024269198,1439.6359430741893
5796,2021,1,WA,4104,BELL,c2kx95,47.746353,-117.373738,38.80374880926411,1819.4535432641617
5797,2021,2,WA,4104,BELL,c2kx95,47.746353,-117.373738,39.244959328643105,3089.138206701752
5798,2021,3,WA,4104,BELL,c2kx95,47.746353,-117.373738,40.1916699934555,4188.789667150687
5799,2021,4,WA,4104,BELL,c2kx95,47.746353,-117.373738,40.78974720040721,5704.9614916194005
5800,2021,5,WA,4104,BELL,c2kx95,47.746353,-117.373738,41.426030813699825,6349.32190247555
5801,2021,6,WA,4104,BELL,c2kx95,47.746353,-117.373738,42.203567919666234,6606.139487990384
5802,2021,7,WA,4104,BELL,c2kx95,47.746353,-117.373738,42.891099549156486,7520.664929153488
5803,2021,8,WA,4104,BELL,c2kx95,47.746353,-117.373738,43.764336355621005,7182.3762231789015
5804,2021,9,WA,4104,BELL,c2kx95,47.746353,-117.373738,44.58944778486766,6228.364828431774
5805,2021,10,WA,4104,BELL,c2kx95,47.746353,-117.373738,45.31610424392816,4056.7573273841986
5806,2021,11,WA,4104,BELL,c2kx95,47.746353,-117.373738,46.19154526614311,2052.487640831788
5807,2021,12,WA,4104,BELL,c2kx95,47.746353,-117.373738,47.37208648514762,1847.811513632108
5808,2022,1,WA,4104,BELL,c2kx95,47.746353,-117.373738,48.37904571380526,2267.554073709733
5809,2022,2,WA,4104,BELL,c2kx95,47.746353,-117.373738,49.43064031140925,3890.835537824044
5810,2022,3,WA,4104,BELL,c2kx95,47.746353,-117.373738,50.535870825607184,5260.399094822571
5811,2022,4,WA,4104,BELL,c2kx95,47.746353,-117.373738,51.577546452334204,7206.021029218477
5812,2022,5,WA,4104,BELL,c2kx95,47.746353,-117.373738,52.93258808491492,8110.266559175484
5813,2022,6,WA,4104,BELL,c2kx95,47.746353,-117.373738,53.512847881217276,8370.605563036286
5814,2022,7,WA,4104,BELL,c2kx95,47.746353,-117.373738,54.66822430373764,9585.666821223731
5815,2022,8,WA,4104,BELL,c2kx95,47.746353,-117.373738,55.58040225512653,9124.661158613293
5816,2022,9,WA,4104,BELL,c2kx95,47.746353,-117.373738,57.44351561818281,8029.338594213568
5817,2022,10,WA,4104,BELL,c2kx95,47.746353,-117.373738,58.44110692990111,5240.579521533232
5818,2022,11,WA,4104,BELL,c2kx95,47.746353,-117.373738,60.066716045847876,2674.1236894088133
5819,2022,12,WA,4104,BELL,c2kx95,47.746353,-117.373738,62.66126166875727,2465.371599917285
5820,2018,1,WA,4201,NORTH,c2967d,48.22276,-121.837459,38.988935639664525,1801.8652423442952
5821,2018,2,WA,4201,NORTH,c2967d,48.22276,-121.837459,39.60315557737056,3083.4277374321305
5822,2018,3,WA,4201,NORTH,c2967d,48.22276,-121.837459,40.43679545475203,4158.976734238655
5823,2018,4,WA,4201,NORTH,c2967d,48.22276,-121.837459,41.27823000139373,5731.4226454470245
5824,2018,5,WA,4201,NORTH,c2967d,48.22276,-121.837459,42.245938190051135,6439.3450304645075
5825,2018,6,WA,4201,NORTH,c2967d,48.22276,-121.837459,43.52972021721082,6776.652327498575
5826,2018,7,WA,4201,NORTH,c2967d,48.22276,-121.837459,44.600707773566256,7797.3705028609465
5827,2018,8,WA,4201,NORTH,c2967d,48.22276,-121.837459,45.5559444914073,7448.536448924851
5828,2018,9,WA,4201,NORTH,c2967d,48.22276,-121.837459,47.376389497133744,6595.671019813027
5829,2018,10,WA,4201,NORTH,c2967d,48.22276,-121.837459,48.214316442608336,4280.568118429743
5830,2018,11,WA,4201,NORTH,c2967d,48.22276,-121.837459,49.893288201261626,2196.144166734838
5831,2018,12,WA,4201,NORTH,c2967d,48.22276,-121.837459,51.06209885683293,1980.1273796584128
5832,2019,1,WA,4201,NORTH,c2967d,48.22276,-121.837459,54.87408185854784,2572.9256175700193
5833,2019,2,WA,4201,NORTH,c2967d,48.22276,-121.837459,55.78644789545761,4386.795430041993
5834,2019,3,WA,4201,NORTH,c2967d,48.22276,-121.837459,56.814564770881795,5918.807273929852
5835,2019,4,WA,4201,NORTH,c2967d,48.22276,-121.837459,57.598708498460816,8043.109143293549
5836,2019,5,WA,4201,NORTH,c2967d,48.22276,-121.837459,58.85676811706175,9024.883592097965
5837,2019,6,WA,4201,NORTH,c2967d,48.22276,-121.837459,59.62688143997236,9333.735669530643
5838,2019,7,WA,4201,NORTH,c2967d,48.22276,-121.837459,60.37750808973239,10587.263467423676
5839,2019,8,WA,4201,NORTH,c2967d,48.22276,-121.837459,61.346775212241845,10074.792803839895
5840,2019,9,WA,4201,NORTH,c2967d,48.22276,-121.837459,62.30084272969385,8703.947828644621
5841,2019,10,WA,4201,NORTH,c2967d,48.22276,-121.837459,63.60021409537399,5712.797283249708
5842,2019,11,WA,4201,NORTH,c2967d,48.22276,-121.837459,64.57571695329163,2874.820952687942
5843,2019,12,WA,4201,NORTH,c2967d,48.22276,-121.837459,65.53679967307784,2557.4489120203725
5844,2020,1,WA,4201,NORTH,c2967d,48.22276,-121.837459,68.34327034022323,3213.163771533231
5845,2020,2,WA,4201,NORTH,c2967d,48.22276,-121.837459,69.28720478763694,5670.242286423489
5846,2020,3,WA,4201,NORTH,c2967d,48.22276,-121.837459,69.95793607747963,7321.928025864418
5847,2020,4,WA,4201,NORTH,c2967d,48.22276,-121.837459,70.44159530507682,9874.128007604953
5848,2020,5,WA,4201,NORTH,c2967d,48.22276,-121.837459,71.196898756393,10938.907499628083
5849,2020,6,WA,4201,NORTH,c2967d,48.22276,-121.837459,71.95960714350639,11281.97505724546
5850,2020,7,WA,4201,NORTH,c2967d,48.22276,-121.837459,73.38875975236934,12887.448151309809
5851,2020,8,WA,4201,NORTH,c2967d,48.22276,-121.837459,74.39583102079091,12237.412487819951
5852,2020,9,WA,4201,NORTH,c2967d,48.22276,-121.837459,75.41849162773292,10554.186398684433
5853,2020,10,WA,4201,NORTH,c2967d,48.22276,-121.837459,76.6640797755175,6901.209193609716
5854,2020,11,WA,4201,NORTH,c2967d,48.22276,-121.837459,77.80288095443692,3472.4140813949784
5855,2020,12,WA,4201,NORTH,c2967d,48.22276,-121.837459,78.4323004972004,3054.55199542415
5856,2021,1,WA,4201,NORTH,c2967d,48.22276,-121.837459,82.33197352809287,3860.4311582353166
5857,2021,2,WA,4201,NORTH,c2967d,48.22276,-121.837459,83.26811330624635,6554.388502743538
5858,2021,3,WA,4201,NORTH,c2967d,48.22276,-121.837459,85.27679957460731,8887.577375211331
5859,2021,4,WA,4201,NORTH,c2967d,48.22276,-121.837459,86.54577173017256,12104.519612668457
5860,2021,5,WA,4201,NORTH,c2967d,48.22276,-121.837459,87.89580844604419,13471.693298642165
5861,2021,6,WA,4201,NORTH,c2967d,48.22276,-121.837459,89.54555019497163,14016.596801550833
5862,2021,7,WA,4201,NORTH,c2967d,48.22276,-121.837459,91.00432254702345,15956.993972522934
5863,2021,8,WA,4201,NORTH,c2967d,48.22276,-121.837459,92.85711543017983,15239.228868897097
5864,2021,9,WA,4201,NORTH,c2967d,48.22276,-121.837459,94.60779814602722,13215.05225431528
5865,2021,10,WA,4201,NORTH,c2967d,48.22276,-121.837459,96.14958372570048,8607.437351732171
5866,2021,11,WA,4201,NORTH,c2967d,48.22276,-121.837459,98.00705341041302,4354.871972353263
5867,2021,12,WA,4201,NORTH,c2967d,48.22276,-121.837459,100.51187037718753,3920.5997691888747
5868,2022,1,WA,4201,NORTH,c2967d,48.22276,-121.837459,102.64838922141625,4811.189838586356
5869,2022,2,WA,4201,NORTH,c2967d,48.22276,-121.837459,104.87961329715675,8255.392283794326
5870,2022,3,WA,4201,NORTH,c2967d,48.22276,-121.837459,107.22463954409659,11161.267978281945
5871,2022,4,WA,4201,NORTH,c2967d,48.22276,-121.837459,109.43481801283447,15289.397308923244
5872,2022,5,WA,4201,NORTH,c2967d,48.22276,-121.837459,112.30988176946987,17207.98304663791
5873,2022,6,WA,4201,NORTH,c2967d,48.22276,-121.837459,113.54104977912301,17760.35812976597
5874,2022,7,WA,4201,NORTH,c2967d,48.22276,-121.837459,115.99247326146498,20338.418095977704
5875,2022,8,WA,4201,NORTH,c2967d,48.22276,-121.837459,117.9278896387798,19360.277911715868
5876,2022,9,WA,4201,NORTH,c2967d,48.22276,-121.837459,121.88095615410482,17036.273887770865
5877,2022,10,WA,4201,NORTH,c2967d,48.22276,-121.837459,123.99759859171998,11119.21573762301
5878,2022,11,WA,4201,NORTH,c2967d,48.22276,-121.837459,127.44673973937121,5673.830172683972
5879,2022,12,WA,4201,NORTH,c2967d,48.22276,-121.837459,132.95172490440783,5230.90978397536
5880,2018,1,WA,4202,WCASCADE,c237sz,47.065363,-121.779859,32.58579124854567,1505.9453068349148
5881,2018,2,WA,4202,WCASCADE,c237sz,47.065363,-121.779859,33.09913797993019,2577.0370730439204
5882,2018,3,WA,4202,WCASCADE,c237sz,47.065363,-121.779859,33.79586936218368,3475.948892833769
5883,2018,4,WA,4202,WCASCADE,c237sz,47.065363,-121.779859,34.49911529686591,4790.152355216514
5884,2018,5,WA,4202,WCASCADE,c237sz,47.065363,-121.779859,35.30789698089369,5381.812801440245
5885,2018,6,WA,4202,WCASCADE,c237sz,47.065363,-121.779859,36.380843765906775,5663.724194696681
5886,2018,7,WA,4202,WCASCADE,c237sz,47.065363,-121.779859,37.275943269615325,6516.810046881817
5887,2018,8,WA,4202,WCASCADE,c237sz,47.065363,-121.779859,38.074301669757126,6225.264933493764
5888,2018,9,WA,4202,WCASCADE,c237sz,47.065363,-121.779859,39.5957753894888,5512.465407674793
5889,2018,10,WA,4202,WCASCADE,c237sz,47.065363,-121.779859,40.296089775578096,3577.5713505353765
5890,2018,11,WA,4202,WCASCADE,c237sz,47.065363,-121.779859,41.699324368728185,1835.471889520615
5891,2018,12,WA,4202,WCASCADE,c237sz,47.065363,-121.779859,42.67618150541739,1654.9314922420374
5892,2019,1,WA,4202,WCASCADE,c237sz,47.065363,-121.779859,45.862123370691535,2150.374604914285
5893,2019,2,WA,4202,WCASCADE,c237sz,47.065363,-121.779859,46.62465173247527,3666.352973944699
5894,2019,3,WA,4202,WCASCADE,c237sz,47.065363,-121.779859,47.483921197825765,4946.76284705861
5895,2019,4,WA,4202,WCASCADE,c237sz,47.065363,-121.779859,48.13928517215677,6722.191084026414
5896,2019,5,WA,4202,WCASCADE,c237sz,47.065363,-121.779859,49.19073393415503,7542.728929367092
5897,2019,6,WA,4202,WCASCADE,c237sz,47.065363,-121.779859,49.834371714114305,7800.8582975271775
5898,2019,7,WA,4202,WCASCADE,c237sz,47.065363,-121.779859,50.46172311300174,8848.519498743364
5899,2019,8,WA,4202,WCASCADE,c237sz,47.065363,-121.779859,51.27180770751527,8420.21178039785
5900,2019,9,WA,4202,WCASCADE,c237sz,47.065363,-121.779859,52.06918892479275,7274.500376304356
5901,2019,10,WA,4202,WCASCADE,c237sz,47.065363,-121.779859,53.155164814663316,4774.585832188045
5902,2019,11,WA,4202,WCASCADE,c237sz,47.065363,-121.779859,53.970461051119834,2402.6897350317226
5903,2019,12,WA,4202,WCASCADE,c237sz,47.065363,-121.779859,54.77370536558318,2137.439635339405
5904,2020,1,WA,4202,WCASCADE,c237sz,47.065363,-121.779859,57.119269967550174,2685.4665865783154
5905,2020,2,WA,4202,WCASCADE,c237sz,47.065363,-121.779859,57.9081822666703,4739.019633203352
5906,2020,3,WA,4202,WCASCADE,c237sz,47.065363,-121.779859,58.46875950316318,6119.4493841214
5907,2020,4,WA,4202,WCASCADE,c237sz,47.065363,-121.779859,58.872987481366344,8252.502119855293
5908,2020,5,WA,4202,WCASCADE,c237sz,47.065363,-121.779859,59.50424761171102,9142.413108281977
5909,2020,6,WA,4202,WCASCADE,c237sz,47.065363,-121.779859,60.141696566863,9429.13875578325
5910,2020,7,WA,4202,WCASCADE,c237sz,47.065363,-121.779859,61.33613975467205,10770.94535398942
5911,2020,8,WA,4202,WCASCADE,c237sz,47.065363,-121.779859,62.17781992846495,10227.664905650086
5912,2020,9,WA,4202,WCASCADE,c237sz,47.065363,-121.779859,63.032529207115324,8820.874669784394
5913,2020,10,WA,4202,WCASCADE,c237sz,47.065363,-121.779859,64.0735546852276,5767.8251138698
5914,2020,11,WA,4202,WCASCADE,c237sz,47.065363,-121.779859,65.02533079506617,2902.140274630508
5915,2020,12,WA,4202,WCASCADE,c237sz,47.065363,-121.779859,65.55138090368673,2552.903587844041
5916,2021,1,WA,4202,WCASCADE,c237sz,47.065363,-121.779859,68.81061148378417,3226.433391622582
5917,2021,2,WA,4202,WCASCADE,c237sz,47.065363,-121.779859,69.59300923047556,5477.96270937409
5918,2021,3,WA,4202,WCASCADE,c237sz,47.065363,-121.779859,71.27180939136124,7427.9724825139065
5919,2021,4,WA,4202,WCASCADE,c237sz,47.065363,-121.779859,72.33237852675974,10116.596998382052
5920,2021,5,WA,4202,WCASCADE,c237sz,47.065363,-121.779859,73.46069900741709,11259.240048281614
5921,2021,6,WA,4202,WCASCADE,c237sz,47.065363,-121.779859,74.83950402895941,11714.654167827863
5922,2021,7,WA,4202,WCASCADE,c237sz,47.065363,-121.779859,76.05870251599767,13336.38033488538
5923,2021,8,WA,4202,WCASCADE,c237sz,47.065363,-121.779859,77.6072116283086,12736.49363758226
5924,2021,9,WA,4202,WCASCADE,c237sz,47.065363,-121.779859,79.07038010380307,11044.74710665494
5925,2021,10,WA,4202,WCASCADE,c237sz,47.065363,-121.779859,80.35895857420738,7193.839793952698
5926,2021,11,WA,4202,WCASCADE,c237sz,47.065363,-121.779859,81.91137641797556,3639.6722987451826
5927,2021,12,WA,4202,WCASCADE,c237sz,47.065363,-121.779859,84.0048278409504,3276.7205247304933
5928,2022,1,WA,4202,WCASCADE,c237sz,47.065363,-121.779859,85.79046666166738,4021.04918139407
5929,2022,2,WA,4202,WCASCADE,c237sz,47.065363,-121.779859,87.65525729439354,6899.611010691627
5930,2022,3,WA,4202,WCASCADE,c237sz,47.065363,-121.779859,89.61516039257926,9328.255374054683
5931,2022,4,WA,4202,WCASCADE,c237sz,47.065363,-121.779859,91.46236173374781,12778.422925651723
5932,2022,5,WA,4202,WCASCADE,c237sz,47.065363,-121.779859,93.86525439708768,14381.919746375526
5933,2022,6,WA,4202,WCASCADE,c237sz,47.065363,-121.779859,94.8942279532068,14843.57839015234
5934,2022,7,WA,4202,WCASCADE,c237sz,47.065363,-121.779859,96.94305469204478,16998.244130751435
5935,2022,8,WA,4202,WCASCADE,c237sz,47.065363,-121.779859,98.56061806010035,16180.743695480656
5936,2022,9,WA,4202,WCASCADE,c237sz,47.065363,-121.779859,101.86447332433463,14238.410345195243
5937,2022,10,WA,4202,WCASCADE,c237sz,47.065363,-121.779859,103.63350003635836,9293.109363701644
5938,2022,11,WA,4202,WCASCADE,c237sz,47.065363,-121.779859,106.51618948607474,4742.0182816863
5939,2022,12,WA,4202,WCASCADE,c237sz,47.065363,-121.779859,111.1170921388707,4371.838611751927
5940,2018,1,OR,4203,WILLAMET,9rb6wg,44.051652,-123.091142,70.03176842456745,3596.782088860714
5941,2018,2,OR,4203,WILLAMET,9rb6wg,44.051652,-123.091142,70.74032357439165,5448.688245670803
5942,2018,3,OR,4203,WILLAMET,9rb6wg,44.051652,-123.091142,71.74940030871497,7863.3924881284975
5943,2018,4,OR,4203,WILLAMET,9rb6wg,44.051652,-123.091142,72.85574978759509,9897.796136696086
5944,2018,5,OR,4203,WILLAMET,9rb6wg,44.051652,-123.091142,73.49314224534878,11708.239530157936
5945,2018,6,OR,4203,WILLAMET,9rb6wg,44.051652,-123.091142,74.515529986822,12200.142167801674
5946,2018,7,OR,4203,WILLAMET,9rb6wg,44.051652,-123.091142,75.31572630125495,13896.352033788724
5947,2018,8,OR,4203,WILLAMET,9rb6wg,44.051652,-123.091142,76.13332931734544,12876.077158719654
5948,2018,9,OR,4203,WILLAMET,9rb6wg,44.051652,-123.091142,77.10554480109988,11358.279329218722
5949,2018,10,OR,4203,WILLAMET,9rb6wg,44.051652,-123.091142,77.67023868134272,8095.4960078390795
5950,2018,11,OR,4203,WILLAMET,9rb6wg,44.051652,-123.091142,78.36497086220359,4290.429934600673
5951,2018,12,OR,4203,WILLAMET,9rb6wg,44.051652,-123.091142,79.14827243679247,3555.5374212450083
5952,2019,1,OR,4203,WILLAMET,9rb6wg,44.051652,-123.091142,77.51613817549223,4095.3299908431204
5953,2019,2,OR,4203,WILLAMET,9rb6wg,44.051652,-123.091142,77.96000906775926,5935.219891929564
5954,2019,3,OR,4203,WILLAMET,9rb6wg,44.051652,-123.091142,78.46019575950653,9118.33785944082
5955,2019,4,OR,4203,WILLAMET,9rb6wg,44.051652,-123.091142,79.14468870409827,11268.963495166676
5956,2019,5,OR,4203,WILLAMET,9rb6wg,44.051652,-123.091142,80.0339663740727,12957.975178056524
5957,2019,6,OR,4203,WILLAMET,9rb6wg,44.051652,-123.091142,80.76607176731592,13657.201359715908
5958,2019,7,OR,4203,WILLAMET,9rb6wg,44.051652,-123.091142,81.7981867832448,15080.302124543554
5959,2019,8,OR,4203,WILLAMET,9rb6wg,44.051652,-123.091142,82.61886157021604,14171.35590561973
5960,2019,9,OR,4203,WILLAMET,9rb6wg,44.051652,-123.091142,83.50404354568282,12083.148654190529
5961,2019,10,OR,4203,WILLAMET,9rb6wg,44.051652,-123.091142,85.13771369242342,9054.55407298768
5962,2019,11,OR,4203,WILLAMET,9rb6wg,44.051652,-123.091142,86.60960390611169,4747.453637817227
5963,2019,12,OR,4203,WILLAMET,9rb6wg,44.051652,-123.091142,87.75588640644143,3840.068902424447
5964,2020,1,OR,4203,WILLAMET,9rb6wg,44.051652,-123.091142,89.04244644365835,4551.66305757332
5965,2020,2,OR,4203,WILLAMET,9rb6wg,44.051652,-123.091142,89.93172411363278,7357.568584853243
5966,2020,3,OR,4203,WILLAMET,9rb6wg,44.051652,-123.091142,90.98534152572685,10149.322975647407
5967,2020,4,OR,4203,WILLAMET,9rb6wg,44.051652,-123.091142,92.4633752811766,12659.78199588499
5968,2020,5,OR,4203,WILLAMET,9rb6wg,44.051652,-123.091142,93.33319840223969,14497.036317555758
5969,2020,6,OR,4203,WILLAMET,9rb6wg,44.051652,-123.091142,94.17742343262994,15191.634364421494
5970,2020,7,OR,4203,WILLAMET,9rb6wg,44.051652,-123.091142,95.28479683513696,17126.788071908722
5971,2020,8,OR,4203,WILLAMET,9rb6wg,44.051652,-123.091142,95.7404428491135,16520.54132303848
5972,2020,9,OR,4203,WILLAMET,9rb6wg,44.051652,-123.091142,96.42851952639943,13686.52038884895
5973,2020,10,OR,4203,WILLAMET,9rb6wg,44.051652,-123.091142,97.8384623606594,10173.7476498438
5974,2020,11,OR,4203,WILLAMET,9rb6wg,44.051652,-123.091142,99.50848179615545,5273.593721735886
5975,2020,12,OR,4203,WILLAMET,9rb6wg,44.051652,-123.091142,100.00150102251435,4553.453899996793
5976,2021,1,OR,4203,WILLAMET,9rb6wg,44.051652,-123.091142,102.06061143623755,5388.693488599055
5977,2021,2,OR,4203,WILLAMET,9rb6wg,44.051652,-123.091142,103.52226241365666,8007.681757785904
5978,2021,3,OR,4203,WILLAMET,9rb6wg,44.051652,-123.091142,104.67776022662864,11563.647179106963
5979,2021,4,OR,4203,WILLAMET,9rb6wg,44.051652,-123.091142,106.74352614392677,15064.684729424054
5980,2021,5,OR,4203,WILLAMET,9rb6wg,44.051652,-123.091142,108.34545465823307,16993.600694176126
5981,2021,6,OR,4203,WILLAMET,9rb6wg,44.051652,-123.091142,110.34159376890108,17971.453901420355
5982,2021,7,OR,4203,WILLAMET,9rb6wg,44.051652,-123.091142,112.10632613988662,20364.62758981312
5983,2021,8,OR,4203,WILLAMET,9rb6wg,44.051652,-123.091142,114.12140783765254,19456.38941407731
5984,2021,9,OR,4203,WILLAMET,9rb6wg,44.051652,-123.091142,115.96344644247007,17153.950717883487
5985,2021,10,OR,4203,WILLAMET,9rb6wg,44.051652,-123.091142,117.96368124764574,12187.937510130678
5986,2021,11,OR,4203,WILLAMET,9rb6wg,44.051652,-123.091142,120.01357634872673,6462.101808515924
5987,2021,12,OR,4203,WILLAMET,9rb6wg,44.051652,-123.091142,122.61178255201992,5513.084338452838
5988,2022,1,OR,4203,WILLAMET,9rb6wg,44.051652,-123.091142,125.01902699889374,6816.128522139427
5989,2022,2,OR,4203,WILLAMET,9rb6wg,44.051652,-123.091142,126.88307996168989,10166.937021839385
5990,2022,3,OR,4203,WILLAMET,9rb6wg,44.051652,-123.091142,129.4290660600105,14158.42170236456
5991,2022,4,OR,4203,WILLAMET,9rb6wg,44.051652,-123.091142,146.23062885403536,20193.536607259437
5992,2022,5,OR,4203,WILLAMET,9rb6wg,44.051652,-123.091142,149.41451937192312,23246.929082820694
5993,2022,6,OR,4203,WILLAMET,9rb6wg,44.051652,-123.091142,152.75404628110175,24473.83430560999
5994,2022,7,OR,4203,WILLAMET,9rb6wg,44.051652,-123.091142,156.66953023041924,28378.83532483516
5995,2022,8,OR,4203,WILLAMET,9rb6wg,44.051652,-123.091142,145.150901389455,24947.53209312902
5996,2022,9,OR,4203,WILLAMET,9rb6wg,44.051652,-123.091142,149.63312706626917,22201.82866745529
5997,2022,10,OR,4203,WILLAMET,9rb6wg,44.051652,-123.091142,152.9158262141541,16129.928794301728
5998,2022,11,OR,4203,WILLAMET,9rb6wg,44.051652,-123.091142,156.69922401559975,8698.183598182171
5999,2022,12,OR,4203,WILLAMET,9rb6wg,44.051652,-123.091142,161.82908138643677,7484.097899201834
6000,2018,1,OR,4204,MERIDIAN,9r88yx,42.358895,-122.760172,15.435847454646348,792.7742066239439
6001,2018,2,OR,4204,MERIDIAN,9r88yx,42.358895,-122.760172,15.592021566080804,1200.956686945445
6002,2018,3,OR,4204,MERIDIAN,9r88yx,42.358895,-122.760172,15.814434263795622,1733.1866616148952
6003,2018,4,OR,4204,MERIDIAN,9r88yx,42.358895,-122.760172,16.05828704906286,2181.5937929340157
6004,2018,5,OR,4204,MERIDIAN,9r88yx,42.358895,-122.760172,16.19877604381423,2580.6373795150157
6005,2018,6,OR,4204,MERIDIAN,9r88yx,42.358895,-122.760172,16.42412264824675,2689.0586609993666
6006,2018,7,OR,4204,MERIDIAN,9r88yx,42.358895,-122.760172,16.600495579006903,3062.9237986567687
6007,2018,8,OR,4204,MERIDIAN,9r88yx,42.358895,-122.760172,16.780705157013283,2838.042895494401
6008,2018,9,OR,4204,MERIDIAN,9r88yx,42.358895,-122.760172,16.994993189971396,2503.501925157417
6009,2018,10,OR,4204,MERIDIAN,9r88yx,42.358895,-122.760172,17.119458540341487,1784.3450802088516
6010,2018,11,OR,4204,MERIDIAN,9r88yx,42.358895,-122.760172,17.272585902492178,945.6625682197079
6011,2018,12,OR,4204,MERIDIAN,9r88yx,42.358895,-122.760172,17.445235028572174,783.6833838165866
6012,2019,1,OR,4204,MERIDIAN,9r88yx,42.358895,-122.760172,17.085492927955812,902.6601846158233
6013,2019,2,OR,4204,MERIDIAN,9r88yx,42.358895,-122.760172,17.183327432734476,1308.194137069204
6014,2019,3,OR,4204,MERIDIAN,9r88yx,42.358895,-122.760172,17.293574619780333,2009.791775997471
6015,2019,4,OR,4204,MERIDIAN,9r88yx,42.358895,-122.760172,17.44444513060972,2483.8156367667866
6016,2019,5,OR,4204,MERIDIAN,9r88yx,42.358895,-122.760172,17.640452667865244,2856.0942079453102
6017,2019,6,OR,4204,MERIDIAN,9r88yx,42.358895,-122.760172,17.801817537338707,3010.2121021409225
6018,2019,7,OR,4204,MERIDIAN,9r88yx,42.358895,-122.760172,18.029308150526465,3323.8806958753635
6019,2019,8,OR,4204,MERIDIAN,9r88yx,42.358895,-122.760172,18.210194783929236,3123.537972916738
6020,2019,9,OR,4204,MERIDIAN,9r88yx,42.358895,-122.760172,18.405299580656237,2663.271877802111
6021,2019,10,OR,4204,MERIDIAN,9r88yx,42.358895,-122.760172,18.765380208970793,1995.7330592190863
6022,2019,11,OR,4204,MERIDIAN,9r88yx,42.358895,-122.760172,19.089802586408698,1046.3961113631583
6023,2019,12,OR,4204,MERIDIAN,9r88yx,42.358895,-122.760172,19.342457091829033,846.3975582310323
6024,2020,1,OR,4204,MERIDIAN,9r88yx,42.358895,-122.760172,19.626030460351277,1003.2415031376513
6025,2020,2,OR,4204,MERIDIAN,9r88yx,42.358895,-122.760172,19.822037997606802,1621.696965074095
6026,2020,3,OR,4204,MERIDIAN,9r88yx,42.358895,-122.760172,20.05426799856931,2237.033345641926
6027,2020,4,OR,4204,MERIDIAN,9r88yx,42.358895,-122.760172,20.380044486799996,2790.3688296554105
6028,2020,5,OR,4204,MERIDIAN,9r88yx,42.358895,-122.760172,20.571764006545042,3195.321868578687
6029,2020,6,OR,4204,MERIDIAN,9r88yx,42.358895,-122.760172,20.757841397986816,3348.4196659770682
6030,2020,7,OR,4204,MERIDIAN,9r88yx,42.358895,-122.760172,21.00191986838618,3774.9509117536263
6031,2020,8,OR,4204,MERIDIAN,9r88yx,42.358895,-122.760172,21.102349752184352,3641.326807351408
6032,2020,9,OR,4204,MERIDIAN,9r88yx,42.358895,-122.760172,21.254010160976193,3016.674370214353
6033,2020,10,OR,4204,MERIDIAN,9r88yx,42.358895,-122.760172,21.564778587920188,2242.416838783772
6034,2020,11,OR,4204,MERIDIAN,9r88yx,42.358895,-122.760172,21.932871038425382,1162.36373945313
6035,2020,12,OR,4204,MERIDIAN,9r88yx,42.358895,-122.760172,22.041538429546325,1003.636226433748
6036,2021,1,OR,4204,MERIDIAN,9r88yx,42.358895,-122.760172,22.495391230261195,1187.7331179985097
6037,2021,2,OR,4204,MERIDIAN,9r88yx,42.358895,-122.760172,22.81755675637779,1764.9897590644912
6038,2021,3,OR,4204,MERIDIAN,9r88yx,42.358895,-122.760172,23.0722424279873,2548.767479266309
6039,2021,4,OR,4204,MERIDIAN,9r88yx,42.358895,-122.760172,23.52756218206102,3320.4384333975395
6040,2021,5,OR,4204,MERIDIAN,9r88yx,42.358895,-122.760172,23.880646571279524,3745.5948053491575
6041,2021,6,OR,4204,MERIDIAN,9r88yx,42.358895,-122.760172,24.320619736368354,3961.1254606447837
6042,2021,7,OR,4204,MERIDIAN,9r88yx,42.358895,-122.760172,24.709588061595642,4488.609841198355
6043,2021,8,OR,4204,MERIDIAN,9r88yx,42.358895,-122.760172,25.15373640162889,4288.423179508599
6044,2021,9,OR,4204,MERIDIAN,9r88yx,42.358895,-122.760172,25.55974395433205,3780.93788693879
6045,2021,10,OR,4204,MERIDIAN,9r88yx,42.358895,-122.760172,26.0006198599494,2686.368607066934
6046,2021,11,OR,4204,MERIDIAN,9r88yx,42.358895,-122.760172,26.452441494475092,1424.3252740374046
6047,2021,12,OR,4204,MERIDIAN,9r88yx,42.358895,-122.760172,27.02511751725678,1215.1503634328437
6048,2022,1,OR,4204,MERIDIAN,9r88yx,42.358895,-122.760172,27.555703262896095,1502.35703689726
6049,2022,2,OR,4204,MERIDIAN,9r88yx,42.358895,-122.760172,27.96656304594006,2240.9156941274045
6050,2022,3,OR,4204,MERIDIAN,9r88yx,42.358895,-122.760172,28.527729126983086,3120.687118327663
6051,2022,4,OR,4204,MERIDIAN,9r88yx,42.358895,-122.760172,32.230996460115996,4450.899322572672
6052,2022,5,OR,4204,MERIDIAN,9r88yx,42.358895,-122.760172,32.932764378476456,5123.903896528203
6053,2022,6,OR,4204,MERIDIAN,9r88yx,42.358895,-122.760172,33.668836436920785,5394.32862356738
6054,2022,7,OR,4204,MERIDIAN,9r88yx,42.358895,-122.760172,34.531856382188636,6255.038004452482
6055,2022,8,OR,4204,MERIDIAN,9r88yx,42.358895,-122.760172,31.993011488284157,5498.7373362450135
6056,2022,9,OR,4204,MERIDIAN,9r88yx,42.358895,-122.760172,32.980948154186365,4893.551144494761
6057,2022,10,OR,4204,MERIDIAN,9r88yx,42.358895,-122.760172,33.704494687797435,3555.23108903539
6058,2022,11,OR,4204,MERIDIAN,9r88yx,42.358895,-122.760172,34.53840125102043,1917.1847030917836
6059,2022,12,OR,4204,MERIDIAN,9r88yx,42.358895,-122.760172,35.669083762995314,1649.5855539068837
6060,2018,1,ID,6102,MIDPOINT,9rwgcr,42.888986,-114.199277,4.809219716934458,322.9837709510213
6061,2018,2,ID,6102,MIDPOINT,9rwgcr,42.888986,-114.199277,5.0234624212224785,457.1869879000313
6062,2018,3,ID,6102,MIDPOINT,9rwgcr,42.888986,-114.199277,5.35011642097026,742.8181384770595
6063,2018,4,ID,6102,MIDPOINT,9rwgcr,42.888986,-114.199277,5.679084770918685,921.0062422321886
6064,2018,5,ID,6102,MIDPOINT,9rwgcr,42.888986,-114.199277,6.0447521026201505,1087.8421276317108
6065,2018,6,ID,6102,MIDPOINT,9rwgcr,42.888986,-114.199277,6.417031863466307,1163.8050524030175
6066,2018,7,ID,6102,MIDPOINT,9rwgcr,42.888986,-114.199277,6.75162077818772,1302.4419030935435
6067,2018,8,ID,6102,MIDPOINT,9rwgcr,42.888986,-114.199277,7.162252628073091,1325.553996061528
6068,2018,9,ID,6102,MIDPOINT,9rwgcr,42.888986,-114.199277,7.509074536712184,1237.243682348338
6069,2018,10,ID,6102,MIDPOINT,9rwgcr,42.888986,-114.199277,7.847300287463177,1120.1739305561393
6070,2018,11,ID,6102,MIDPOINT,9rwgcr,42.888986,-114.199277,8.293969876187118,750.8171940133934
6071,2018,12,ID,6102,MIDPOINT,9rwgcr,42.888986,-114.199277,8.693029975069278,555.7809514190462
6072,2019,1,ID,6102,MIDPOINT,9rwgcr,42.888986,-114.199277,9.075889622546942,609.7545736911371
6073,2019,2,ID,6102,MIDPOINT,9rwgcr,42.888986,-114.199277,9.483545879317202,862.559642265171
6074,2019,3,ID,6102,MIDPOINT,9rwgcr,42.888986,-114.199277,9.961955127935665,1386.274610411405
6075,2019,4,ID,6102,MIDPOINT,9rwgcr,42.888986,-114.199277,10.31836505883456,1674.7907638242625
6076,2019,5,ID,6102,MIDPOINT,9rwgcr,42.888986,-114.199277,10.812974758857518,1946.853209796383
6077,2019,6,ID,6102,MIDPOINT,9rwgcr,42.888986,-114.199277,11.214018586483085,2034.4404543826006
6078,2019,7,ID,6102,MIDPOINT,9rwgcr,42.888986,-114.199277,11.722514387709898,2259.9923962367866
6079,2019,8,ID,6102,MIDPOINT,9rwgcr,42.888986,-114.199277,12.264733577574637,2269.226653537349
6080,2019,9,ID,6102,MIDPOINT,9rwgcr,42.888986,-114.199277,12.703137629867713,2094.1358115935936
6081,2019,10,ID,6102,MIDPOINT,9rwgcr,42.888986,-114.199277,13.237421904758824,1892.5631827897184
6082,2019,11,ID,6102,MIDPOINT,9rwgcr,42.888986,-114.199277,13.823613748435767,1255.7462509595578
6083,2019,12,ID,6102,MIDPOINT,9rwgcr,42.888986,-114.199277,14.602227280223243,934.2129163414247
6084,2020,1,ID,6102,MIDPOINT,9rwgcr,42.888986,-114.199277,15.140479012601167,1017.2369235748907
6085,2020,2,ID,6102,MIDPOINT,9rwgcr,42.888986,-114.199277,15.464488040691075,1454.9721286599818
6086,2020,3,ID,6102,MIDPOINT,9rwgcr,42.888986,-114.199277,15.955130283227218,2219.3133933815566
6087,2020,4,ID,6102,MIDPOINT,9rwgcr,42.888986,-114.199277,16.287735469205224,2643.237878955044
6088,2020,5,ID,6102,MIDPOINT,9rwgcr,42.888986,-114.199277,16.621332519554933,2992.8485795859106
6089,2020,6,ID,6102,MIDPOINT,9rwgcr,42.888986,-114.199277,16.993612280401088,3083.282805540375
6090,2020,7,ID,6102,MIDPOINT,9rwgcr,42.888986,-114.199277,17.370190120191296,3348.792003608649
6091,2020,8,ID,6102,MIDPOINT,9rwgcr,42.888986,-114.199277,17.747429202895972,3283.665197098206
6092,2020,9,ID,6102,MIDPOINT,9rwgcr,42.888986,-114.199277,18.338580368431433,3024.7042876119212
6093,2020,10,ID,6102,MIDPOINT,9rwgcr,42.888986,-114.199277,18.688047248728402,2675.0003517301143
6094,2020,11,ID,6102,MIDPOINT,9rwgcr,42.888986,-114.199277,19.54270371567984,1778.2683368880898
6095,2020,12,ID,6102,MIDPOINT,9rwgcr,42.888986,-114.199277,20.0736817759986,1287.0227101924934
6096,2021,1,ID,6102,MIDPOINT,9rwgcr,42.888986,-114.199277,20.651277461787444,1392.5607161778066
6097,2021,2,ID,6102,MIDPOINT,9rwgcr,42.888986,-114.199277,21.008679257058045,1915.2229856042059
6098,2021,3,ID,6102,MIDPOINT,9rwgcr,42.888986,-114.199277,21.42989099357492,2986.007029771355
6099,2021,4,ID,6102,MIDPOINT,9rwgcr,42.888986,-114.199277,21.83258792848666,3546.188222164736
6100,2021,5,ID,6102,MIDPOINT,9rwgcr,42.888986,-114.199277,22.236276727770104,4006.836816722014
6101,2021,6,ID,6102,MIDPOINT,9rwgcr,42.888986,-114.199277,22.78081026783549,4136.159069097869
6102,2021,7,ID,6102,MIDPOINT,9rwgcr,42.888986,-114.199277,23.270791267457163,4488.965556734366
6103,2021,8,ID,6102,MIDPOINT,9rwgcr,42.888986,-114.199277,23.90624570826206,4425.89554630938
6104,2021,9,ID,6102,MIDPOINT,9rwgcr,42.888986,-114.199277,24.668989410102277,4069.5517397019303
6105,2021,10,ID,6102,MIDPOINT,9rwgcr,42.888986,-114.199277,26.969122888083373,3864.5049406254343
6106,2021,11,ID,6102,MIDPOINT,9rwgcr,42.888986,-114.199277,29.412084835589813,2676.4355794759695
6107,2021,12,ID,6102,MIDPOINT,9rwgcr,42.888986,-114.199277,29.76055985151508,1914.0506019168522
6108,2022,1,ID,6102,MIDPOINT,9rwgcr,42.888986,-114.199277,30.791437555172557,2092.81035017154
6109,2022,2,ID,6102,MIDPOINT,9rwgcr,42.888986,-114.199277,31.50161244531247,2890.208470673259
6110,2022,3,ID,6102,MIDPOINT,9rwgcr,42.888986,-114.199277,32.130785078429916,4496.394951499885
6111,2022,4,ID,6102,MIDPOINT,9rwgcr,42.888986,-114.199277,32.87071589972094,5351.021993141626
6112,2022,5,ID,6102,MIDPOINT,9rwgcr,42.888986,-114.199277,33.71743745169874,6086.812441923707
6113,2022,6,ID,6102,MIDPOINT,9rwgcr,42.888986,-114.199277,35.14439966112327,6392.141357679858
6114,2022,7,ID,6102,MIDPOINT,9rwgcr,42.888986,-114.199277,35.59536732879126,6875.544312788392
6115,2022,8,ID,6102,MIDPOINT,9rwgcr,42.888986,-114.199277,36.555492040600534,6778.339951254134
6116,2022,9,ID,6102,MIDPOINT,9rwgcr,42.888986,-114.199277,37.760937873677875,6236.502959793957
6117,2022,10,ID,6102,MIDPOINT,9rwgcr,42.888986,-114.199277,38.775284504473625,5555.25843902644
6118,2022,11,ID,6102,MIDPOINT,9rwgcr,42.888986,-114.199277,40.168853946717455,3649.1734998787415
6119,2022,12,ID,6102,MIDPOINT,9rwgcr,42.888986,-114.199277,41.22485888112475,2650.754227163815
6120,2018,1,ID,6103,BORAH,9rx7st,42.835449,-113.348619,1.817679696821737,122.07407384473107
6121,2018,2,ID,6103,BORAH,9rx7st,42.835449,-113.348619,1.8986542907678727,172.7971593043973
6122,2018,3,ID,6103,BORAH,9rx7st,42.835449,-113.348619,2.0221155543771037,280.75353762404734
6123,2018,4,ID,6103,BORAH,9rx7st,42.835449,-113.348619,2.1464515435382223,348.10103211891726
6124,2018,5,ID,6103,BORAH,9rx7st,42.835449,-113.348619,2.28465818073641,411.15787282098705
6125,2018,6,ID,6103,BORAH,9rx7st,42.835449,-113.348619,2.4253640337971327,439.8686147282034
6126,2018,7,ID,6103,BORAH,9rx7st,42.835449,-113.348619,2.551824356441406,492.26742442369937
6127,2018,8,ID,6103,BORAH,9rx7st,42.835449,-113.348619,2.7070256615048325,501.002808667225
6128,2018,9,ID,6103,BORAH,9rx7st,42.835449,-113.348619,2.8381095334947957,467.62528097989696
6129,2018,10,ID,6103,BORAH,9rx7st,42.835449,-113.348619,2.965944424863463,423.3779137416453
6130,2018,11,ID,6103,BORAH,9rx7st,42.835449,-113.348619,3.134766456377705,283.77683905295595
6131,2018,12,ID,6103,BORAH,9rx7st,42.835449,-113.348619,3.2855941336816947,210.06146750113982
6132,2019,1,ID,6103,BORAH,9rx7st,42.835449,-113.348619,3.4302987321224743,230.46119201828898
6133,2019,2,ID,6103,BORAH,9rx7st,42.835449,-113.348619,3.5843753900477595,326.0107130315563
6134,2019,3,ID,6103,BORAH,9rx7st,42.835449,-113.348619,3.76519365770217,523.9526080897117
6135,2019,4,ID,6103,BORAH,9rx7st,42.835449,-113.348619,3.8999013926928088,632.9993942901858
6136,2019,5,ID,6103,BORAH,9rx7st,42.835449,-113.348619,4.08684273921043,735.827381659914
6137,2019,6,ID,6103,BORAH,9rx7st,42.835449,-113.348619,4.23842018127318,768.9316200926737
6138,2019,7,ID,6103,BORAH,9rx7st,42.835449,-113.348619,4.430609881102126,854.1806229285028
6139,2019,8,ID,6103,BORAH,9rx7st,42.835449,-113.348619,4.635545581829998,857.670777880533
6140,2019,9,ID,6103,BORAH,9rx7st,42.835449,-113.348619,4.801243593516072,791.4939160956744
6141,2019,10,ID,6103,BORAH,9rx7st,42.835449,-113.348619,5.003180235208903,715.3080696637425
6142,2019,11,ID,6103,BORAH,9rx7st,42.835449,-113.348619,5.224735721422635,474.6184618456494
6143,2019,12,ID,6103,BORAH,9rx7st,42.835449,-113.348619,5.519018389236137,353.09259100036536
6144,2020,1,ID,6103,BORAH,9rx7st,42.835449,-113.348619,5.722454560446489,384.4721205663898
6145,2020,2,ID,6103,BORAH,9rx7st,42.835449,-113.348619,5.844916137710706,549.9173365679677
6146,2020,3,ID,6103,BORAH,9rx7st,42.835449,-113.348619,6.030357954710807,838.8056968637735
6147,2020,4,ID,6103,BORAH,9rx7st,42.835449,-113.348619,6.1560685125963195,999.0310506148608
6148,2020,5,ID,6103,BORAH,9rx7st,42.835449,-113.348619,6.282153952861212,1131.168966894848
6149,2020,6,ID,6103,BORAH,9rx7st,42.835449,-113.348619,6.422859805921935,1165.349242717222
6150,2020,7,ID,6103,BORAH,9rx7st,42.835449,-113.348619,6.565190149293305,1265.700382206385
6151,2020,8,ID,6103,BORAH,9rx7st,42.835449,-113.348619,6.7077704142509305,1241.085230293898
6152,2020,9,ID,6103,BORAH,9rx7st,42.835449,-113.348619,6.931200312361563,1143.2090642734036
6153,2020,10,ID,6103,BORAH,9rx7st,42.835449,-113.348619,7.06328387069654,1011.0359090497547
6154,2020,11,ID,6103,BORAH,9rx7st,42.835449,-113.348619,7.386307520929194,672.1094983622036
6155,2020,12,ID,6103,BORAH,9rx7st,42.835449,-113.348619,7.586994554690759,486.439627914647
6156,2021,1,ID,6103,BORAH,9rx7st,42.835449,-113.348619,7.805301060283195,526.3284876494307
6157,2021,2,ID,6103,BORAH,9rx7st,42.835449,-113.348619,7.940383677653213,723.8725075422706
6158,2021,3,ID,6103,BORAH,9rx7st,42.835449,-113.348619,8.099583728096695,1128.583153202676
6159,2021,4,ID,6103,BORAH,9rx7st,42.835449,-113.348619,8.25178597412508,1340.3077238995397
6160,2021,5,ID,6103,BORAH,9rx7st,42.835449,-113.348619,8.404363102532844,1514.4132227079742
6161,2021,6,ID,6103,BORAH,9rx7st,42.835449,-113.348619,8.610173528812606,1563.29151197871
6162,2021,7,ID,6103,BORAH,9rx7st,42.835449,-113.348619,8.795365424226453,1696.6372992850606
6163,2021,8,ID,6103,BORAH,9rx7st,42.835449,-113.348619,9.03554006861607,1672.799528466615
6164,2021,9,ID,6103,BORAH,9rx7st,42.835449,-113.348619,9.323824618359488,1538.1167856346017
6165,2021,10,ID,6103,BORAH,9rx7st,42.835449,-113.348619,10.193176856142301,1460.6178511884937
6166,2021,11,ID,6103,BORAH,9rx7st,42.835449,-113.348619,11.116512156555872,1011.578363852718
6167,2021,12,ID,6103,BORAH,9rx7st,42.835449,-113.348619,11.24822083251147,723.4293965698432
6168,2022,1,ID,6103,BORAH,9rx7st,42.835449,-113.348619,11.637848585480684,790.9929482760293
6169,2022,2,ID,6103,BORAH,9rx7st,42.835449,-113.348619,11.906264369116947,1092.3753885118203
6170,2022,3,ID,6103,BORAH,9rx7st,42.835449,-113.348619,12.144064758437159,1699.4452932674117
6171,2022,4,ID,6103,BORAH,9rx7st,42.835449,-113.348619,12.42372701345483,2022.457821989478
6172,2022,5,ID,6103,BORAH,9rx7st,42.835449,-113.348619,12.74375160465244,2300.555192994823
6173,2022,6,ID,6103,BORAH,9rx7st,42.835449,-113.348619,13.283082387787504,2415.956485447379
6174,2022,7,ID,6103,BORAH,9rx7st,42.835449,-113.348619,13.453528909612395,2598.6621609211757
6175,2022,8,ID,6103,BORAH,9rx7st,42.835449,-113.348619,13.816415052852483,2561.9230629379445
6176,2022,9,ID,6103,BORAH,9rx7st,42.835449,-113.348619,14.27202210459262,2357.1318168869257
6177,2022,10,ID,6103,BORAH,9rx7st,42.835449,-113.348619,14.655401817905496,2099.650477531632
6178,2022,11,ID,6103,BORAH,9rx7st,42.835449,-113.348619,15.182111560934757,1379.231761350592
6179,2022,12,ID,6103,BORAH,9rx7st,42.835449,-113.348619,15.581236334181602,1001.8719092858043
6180,2018,1,ID,6104,BORAH,9rx7st,42.835449,-113.348619,7.919100586243804,531.8411552042477
6181,2018,2,ID,6104,BORAH,9rx7st,42.835449,-113.348619,8.27188328800965,752.8268527955713
6182,2018,3,ID,6104,BORAH,9rx7st,42.835449,-113.348619,8.809768024652636,1223.1613238988932
6183,2018,4,ID,6104,BORAH,9rx7st,42.835449,-113.348619,9.351463685543091,1516.574725648894
6184,2018,5,ID,6104,BORAH,9rx7st,42.835449,-113.348619,9.95358971664344,1791.2949995473023
6185,2018,6,ID,6104,BORAH,9rx7st,42.835449,-113.348619,10.566604102736559,1916.379332868779
6186,2018,7,ID,6104,BORAH,9rx7st,42.835449,-113.348619,11.117554865370874,2144.665672482757
6187,2018,8,ID,6104,BORAH,9rx7st,42.835449,-113.348619,11.793721710422076,2182.7231952712473
6188,2018,9,ID,6104,BORAH,9rx7st,42.835449,-113.348619,12.364815929793021,2037.307036671765
6189,2018,10,ID,6104,BORAH,9rx7st,42.835449,-113.348619,12.92175528767336,1844.5341557022152
6190,2018,11,ID,6104,BORAH,9rx7st,42.835449,-113.348619,13.657263667435176,1236.3329669336508
6191,2018,12,ID,6104,BORAH,9rx7st,42.835449,-113.348619,14.314375891249027,915.1765810798139
6192,2019,1,ID,6104,BORAH,9rx7st,42.835449,-113.348619,14.944811645330583,1004.0522342905739
6193,2019,2,ID,6104,BORAH,9rx7st,42.835449,-113.348619,15.61607873063504,1420.3336447032727
6194,2019,3,ID,6104,BORAH,9rx7st,42.835449,-113.348619,16.403851214362167,2282.7087814988827
6195,2019,4,ID,6104,BORAH,9rx7st,42.835449,-113.348619,16.99073354847263,2757.7938418855515
6196,2019,5,ID,6104,BORAH,9rx7st,42.835449,-113.348619,17.80518250193205,3205.7854085437034
6197,2019,6,ID,6104,BORAH,9rx7st,42.835449,-113.348619,18.465561232243733,3350.0109255247253
6198,2019,7,ID,6104,BORAH,9rx7st,42.835449,-113.348619,19.302875731187978,3721.4159808347104
6199,2019,8,ID,6104,BORAH,9rx7st,42.835449,-113.348619,20.19572084059536,3736.621568582118
6200,2019,9,ID,6104,BORAH,9rx7st,42.835449,-113.348619,20.917618776616212,3448.3082723107323
6201,2019,10,ID,6104,BORAH,9rx7st,42.835449,-113.348619,21.79739786003227,3116.3887475465394
6202,2019,11,ID,6104,BORAH,9rx7st,42.835449,-113.348619,22.7626505301416,2067.774287194793
6203,2019,12,ID,6104,BORAH,9rx7st,42.835449,-113.348619,24.044754330540616,1538.32149265821
6204,2020,1,ID,6104,BORAH,9rx7st,42.835449,-113.348619,24.93106642695234,1675.0329558587196
6205,2020,2,ID,6104,BORAH,9rx7st,42.835449,-113.348619,25.46459582159822,2395.8295347720505
6206,2020,3,ID,6104,BORAH,9rx7st,42.835449,-113.348619,26.272511762061978,3654.4319097546704
6207,2020,4,ID,6104,BORAH,9rx7st,42.835449,-113.348619,26.82019601819846,4352.487070430096
6208,2020,5,ID,6104,BORAH,9rx7st,42.835449,-113.348619,27.36951352758386,4928.173453519242
6209,2020,6,ID,6104,BORAH,9rx7st,42.835449,-113.348619,27.982527913676975,5077.086951742402
6210,2020,7,ID,6104,BORAH,9rx7st,42.835449,-113.348619,28.602619730515396,5514.2876141849665
6211,2020,8,ID,6104,BORAH,9rx7st,42.835449,-113.348619,29.2238003828531,5407.046572607896
6212,2020,9,ID,6104,BORAH,9rx7st,42.835449,-113.348619,30.197219319207004,4980.628648114674
6213,2020,10,ID,6104,BORAH,9rx7st,42.835449,-113.348619,30.772668880575058,4404.788739220131
6214,2020,11,ID,6104,BORAH,9rx7st,42.835449,-113.348619,32.179988763390966,2928.185164749707
6215,2020,12,ID,6104,BORAH,9rx7st,42.835449,-113.348619,33.05432366931064,2119.2756618928593
6216,2021,1,ID,6104,BORAH,9rx7st,42.835449,-113.348619,34.00542147792936,2293.059796172762
6217,2021,2,ID,6104,BORAH,9rx7st,42.835449,-113.348619,34.59393706528874,3153.701506853523
6218,2021,3,ID,6104,BORAH,9rx7st,42.835449,-113.348619,35.28752527832838,4916.907817025969
6219,2021,4,ID,6104,BORAH,9rx7st,42.835449,-113.348619,35.95062609738826,5839.330053935723
6220,2021,5,ID,6104,BORAH,9rx7st,42.835449,-113.348619,36.61536016969705,6597.856960570011
6221,2021,6,ID,6104,BORAH,9rx7st,42.835449,-113.348619,37.51201620335191,6810.80541892342
6222,2021,7,ID,6104,BORAH,9rx7st,42.835449,-113.348619,38.31884330831639,7391.754143980573
6223,2021,8,ID,6104,BORAH,9rx7st,42.835449,-113.348619,39.365214223121875,7287.899925224005
6224,2021,9,ID,6104,BORAH,9rx7st,42.835449,-113.348619,40.62118597153824,6701.126474663468
6225,2021,10,ID,6104,BORAH,9rx7st,42.835449,-113.348619,44.40870025577433,6363.486208186072
6226,2021,11,ID,6104,BORAH,9rx7st,42.835449,-113.348619,48.43140300785431,4407.1520566713125
6227,2021,12,ID,6104,BORAH,9rx7st,42.835449,-113.348619,49.00521931597345,3151.771001513305
6228,2022,1,ID,6104,BORAH,9rx7st,42.835449,-113.348619,50.702713859346765,3446.1257015524307
6229,2022,2,ID,6104,BORAH,9rx7st,42.835449,-113.348619,51.87212318557058,4759.161140814922
6230,2022,3,ID,6104,BORAH,9rx7st,42.835449,-113.348619,52.90815016313294,7403.987755232703
6231,2022,4,ID,6104,BORAH,9rx7st,42.835449,-113.348619,54.126557086824235,8811.259184868895
6232,2022,5,ID,6104,BORAH,9rx7st,42.835449,-113.348619,55.52081094364881,10022.84836508147
6233,2022,6,ID,6104,BORAH,9rx7st,42.835449,-113.348619,57.87051795108923,10525.618156872764
6234,2022,7,ID,6104,BORAH,9rx7st,42.835449,-113.348619,58.61310376159635,11321.613526290432
6235,2022,8,ID,6104,BORAH,9rx7st,42.835449,-113.348619,60.194092906546985,11161.55198580792
6236,2022,9,ID,6104,BORAH,9rx7st,42.835449,-113.348619,62.179040021729506,10269.336223319118
6237,2022,10,ID,6104,BORAH,9rx7st,42.835449,-113.348619,63.849313677620884,9147.565083441927
6238,2022,11,ID,6104,BORAH,9rx7st,42.835449,-113.348619,66.1440344923478,6008.910738770667
6239,2022,12,ID,6104,BORAH,9rx7st,42.835449,-113.348619,67.88290478469364,4364.86386355038
6240,2018,1,MT,6201,COLSTRP,c8h5zm,45.689474,-106.552322,1.1207110729043828,81.75514640829229
6241,2018,2,MT,6201,COLSTRP,c8h5zm,45.689474,-106.552322,1.1281189836790106,104.47703668011057
6242,2018,3,MT,6201,COLSTRP,c8h5zm,45.689474,-106.552322,1.1391827465242337,149.37109252028975
6243,2018,4,MT,6201,COLSTRP,c8h5zm,45.689474,-106.552322,1.1534213282728687,175.94095950967662
6244,2018,5,MT,6201,COLSTRP,c8h5zm,45.689474,-106.552322,1.176607126931119,197.3462620029134
6245,2018,6,MT,6201,COLSTRP,c8h5zm,45.689474,-106.552322,1.1981574128209447,200.09911861207178
6246,2018,7,MT,6201,COLSTRP,c8h5zm,45.689474,-106.552322,1.2181683925757831,226.5145739547927
6247,2018,8,MT,6201,COLSTRP,c8h5zm,45.689474,-106.552322,1.2434707371696412,217.12268998543297
6248,2018,9,MT,6201,COLSTRP,c8h5zm,45.689474,-106.552322,1.2696389414644296,189.05911880530752
6249,2018,10,MT,6201,COLSTRP,c8h5zm,45.689474,-106.552322,1.288591648251464,152.14078529029956
6250,2018,11,MT,6201,COLSTRP,c8h5zm,45.689474,-106.552322,1.3148560591796894,100.66917812868509
6251,2018,12,MT,6201,COLSTRP,c8h5zm,45.689474,-106.552322,1.338234271104813,88.50365691734463
6252,2019,1,MT,6201,COLSTRP,c8h5zm,45.689474,-106.552322,1.3859527612894276,101.14568958409718
6253,2019,2,MT,6201,COLSTRP,c8h5zm,45.689474,-106.552322,1.39615066443372,129.27410403515898
6254,2019,3,MT,6201,COLSTRP,c8h5zm,45.689474,-106.552322,1.4043282282758414,184.0453101037527
6255,2019,4,MT,6201,COLSTRP,c8h5zm,45.689474,-106.552322,1.4178933635904194,216.207380074916
6256,2019,5,MT,6201,COLSTRP,c8h5zm,45.689474,-106.552322,1.4574342899329122,244.40304296275008
6257,2019,6,MT,6201,COLSTRP,c8h5zm,45.689474,-106.552322,1.4905293718351451,248.91301752499677
6258,2019,7,MT,6201,COLSTRP,c8h5zm,45.689474,-106.552322,1.5291082318432707,284.3087848592351
6259,2019,8,MT,6201,COLSTRP,c8h5zm,45.689474,-106.552322,1.5568157422730469,271.78643324447785
6260,2019,9,MT,6201,COLSTRP,c8h5zm,45.689474,-106.552322,1.614732135601954,240.42297453747287
6261,2019,10,MT,6201,COLSTRP,c8h5zm,45.689474,-106.552322,1.6367634546589638,193.2344866964613
6262,2019,11,MT,6201,COLSTRP,c8h5zm,45.689474,-106.552322,1.6687040569599554,127.84832172762675
6263,2019,12,MT,6201,COLSTRP,c8h5zm,45.689474,-106.552322,1.7140173813086517,113.47909137078473
6264,2020,1,MT,6201,COLSTRP,c8h5zm,45.689474,-106.552322,1.7609662184257724,128.82683939631167
6265,2020,2,MT,6201,COLSTRP,c8h5zm,45.689474,-106.552322,1.7807847849137375,171.19604834857748
6266,2020,3,MT,6201,COLSTRP,c8h5zm,45.689474,-106.552322,1.7971399125979803,235.78879721145938
6267,2020,4,MT,6201,COLSTRP,c8h5zm,45.689474,-106.552322,1.8146495198834636,276.76560755799545
6268,2020,5,MT,6201,COLSTRP,c8h5zm,45.689474,-106.552322,1.8582311248302994,311.7076644089463
6269,2020,6,MT,6201,COLSTRP,c8h5zm,45.689474,-106.552322,2.199379846996918,367.54811100155575
6270,2020,7,MT,6201,COLSTRP,c8h5zm,45.689474,-106.552322,2.2345914748347586,415.6237202094873
6271,2020,8,MT,6201,COLSTRP,c8h5zm,45.689474,-106.552322,2.2675903501035544,396.08848225699364
6272,2020,9,MT,6201,COLSTRP,c8h5zm,45.689474,-106.552322,2.309344029015092,344.03549840952104
6273,2020,10,MT,6201,COLSTRP,c8h5zm,45.689474,-106.552322,2.3431125573513816,277.01074205999225
6274,2020,11,MT,6201,COLSTRP,c8h5zm,45.689474,-106.552322,2.3674528356108726,181.74972362331908
6275,2020,12,MT,6201,COLSTRP,c8h5zm,45.689474,-106.552322,2.250657982618691,149.26478419034217
6276,2021,1,MT,6201,COLSTRP,c8h5zm,45.689474,-106.552322,2.458849137375759,178.79165826504016
6277,2021,2,MT,6201,COLSTRP,c8h5zm,45.689474,-106.552322,2.47145220635597,228.87442646636208
6278,2021,3,MT,6201,COLSTRP,c8h5zm,45.689474,-106.552322,2.499159716785746,327.55587934161105
6279,2021,4,MT,6201,COLSTRP,c8h5zm,45.689474,-106.552322,2.527829293549889,385.45351237699794
6280,2021,5,MT,6201,COLSTRP,c8h5zm,45.689474,-106.552322,2.5503416457740826,427.77952455085074
6281,2021,6,MT,6201,COLSTRP,c8h5zm,45.689474,-106.552322,2.6072959727686222,435.30798223717454
6282,2021,7,MT,6201,COLSTRP,c8h5zm,45.689474,-106.552322,2.750643856589339,511.99015286434843
6283,2021,8,MT,6201,COLSTRP,c8h5zm,45.689474,-106.552322,2.699365720967566,471.4138507328094
6284,2021,9,MT,6201,COLSTRP,c8h5zm,45.689474,-106.552322,2.7307290834679376,406.3580593431966
6285,2021,10,MT,6201,COLSTRP,c8h5zm,45.689474,-106.552322,2.78056411958816,327.5127787698314
6286,2021,11,MT,6201,COLSTRP,c8h5zm,45.689474,-106.552322,2.83809568638332,216.12839442886445
6287,2021,12,MT,6201,COLSTRP,c8h5zm,45.689474,-106.552322,2.8950500133778596,190.68058540525004
6288,2022,1,MT,6201,COLSTRP,c8h5zm,45.689474,-106.552322,2.967301195088839,216.97039488470264
6289,2022,2,MT,6201,COLSTRP,c8h5zm,45.689474,-106.552322,2.995682151952672,278.10047459693
6290,2022,3,MT,6201,COLSTRP,c8h5zm,45.689474,-106.552322,3.030027920089582,397.85204605452213
6291,2022,4,MT,6201,COLSTRP,c8h5zm,45.689474,-106.552322,3.1016056553665035,473.18501485437946
6292,2022,5,MT,6201,COLSTRP,c8h5zm,45.689474,-106.552322,3.1506710384192322,528.5522210171137
6293,2022,6,MT,6201,COLSTRP,c8h5zm,45.689474,-106.552322,3.228790824769851,539.2161490937738
6294,2022,7,MT,6201,COLSTRP,c8h5zm,45.689474,-106.552322,3.3111437029916857,615.474529500659
6295,2022,8,MT,6201,COLSTRP,c8h5zm,45.689474,-106.552322,3.4048489639590533,594.3420690198487
6296,2022,9,MT,6201,COLSTRP,c8h5zm,45.689474,-106.552322,3.501151804029213,521.2589885495426
6297,2022,10,MT,6201,COLSTRP,c8h5zm,45.689474,-106.552322,3.583697095517921,423.42049819646627
6298,2022,11,MT,6201,COLSTRP,c8h5zm,45.689474,-106.552322,3.6686475528425473,281.3055985898744
6299,2022,12,MT,6201,COLSTRP,c8h5zm,45.689474,-106.552322,3.8912697026151237,258.24140511628826
6300,2018,1,MT,6202,GARRISON,c2r8x7,46.515909,-112.878383,0.4693630553050647,34.23973067890163
6301,2018,2,MT,6202,GARRISON,c2r8x7,46.515909,-112.878383,0.47246554953276587,43.755846025784585
6302,2018,3,MT,6202,GARRISON,c2r8x7,46.515909,-112.878383,0.47709914480790383,62.55784747257539
6303,2018,4,MT,6202,GARRISON,c2r8x7,46.515909,-112.878383,0.48306238046634237,73.68552725615133
6304,2018,5,MT,6202,GARRISON,c2r8x7,46.515909,-112.878383,0.49277278447771844,82.65024476529288
6305,2018,6,MT,6202,GARRISON,c2r8x7,46.515909,-112.878383,0.5017982222310308,83.80316385401287
6306,2018,7,MT,6202,GARRISON,c2r8x7,46.515909,-112.878383,0.5101789858591064,94.86617476440101
6307,2018,8,MT,6202,GARRISON,c2r8x7,46.515909,-112.878383,0.5207758167926828,90.93277617353563
6308,2018,9,MT,6202,GARRISON,c2r8x7,46.515909,-112.878383,0.5317352769217049,79.17952073568321
6309,2018,10,MT,6202,GARRISON,c2r8x7,46.515909,-112.878383,0.5396728270886804,63.71781768454015
6310,2018,11,MT,6202,GARRISON,c2r8x7,46.515909,-112.878383,0.5506725793505297,42.16108340848057
6311,2018,12,MT,6202,GARRISON,c2r8x7,46.515909,-112.878383,0.5604635676275604,37.06606262820449
6312,2019,1,MT,6202,GARRISON,c2r8x7,46.515909,-112.878383,0.5804484655098947,42.36065034237412
6313,2019,2,MT,6202,GARRISON,c2r8x7,46.515909,-112.878383,0.5847194315895871,54.141062677752124
6314,2019,3,MT,6202,GARRISON,c2r8x7,46.515909,-112.878383,0.5881442628799065,77.07969623338916
6315,2019,4,MT,6202,GARRISON,c2r8x7,46.515909,-112.878383,0.5938254536085539,90.54943682181681
6316,2019,5,MT,6202,GARRISON,c2r8x7,46.515909,-112.878383,0.6103855202005688,102.35801335804109
6317,2019,6,MT,6202,GARRISON,c2r8x7,46.515909,-112.878383,0.6242460138931555,104.24682796071865
6318,2019,7,MT,6202,GARRISON,c2r8x7,46.515909,-112.878383,0.6404031591568976,119.07086771773706
6319,2019,8,MT,6202,GARRISON,c2r8x7,46.515909,-112.878383,0.6520072934111562,113.82640341680457
6320,2019,9,MT,6202,GARRISON,c2r8x7,46.515909,-112.878383,0.6762631573731828,100.69112782297623
6321,2019,10,MT,6202,GARRISON,c2r8x7,46.515909,-112.878383,0.6854900557906316,80.92819930038746
6322,2019,11,MT,6202,GARRISON,c2r8x7,46.515909,-112.878383,0.6988670438892908,53.54393326925174
6323,2019,12,MT,6202,GARRISON,c2r8x7,46.515909,-112.878383,0.7178446384509429,47.52598089443382
6324,2020,1,MT,6202,GARRISON,c2r8x7,46.515909,-112.878383,0.7375071992706589,53.95374455223807
6325,2020,2,MT,6202,GARRISON,c2r8x7,46.515909,-112.878383,0.7458073786330801,71.69831926510955
6326,2020,3,MT,6202,GARRISON,c2r8x7,46.515909,-112.878383,0.7526570412137188,98.75029607681866
6327,2020,4,MT,6202,GARRISON,c2r8x7,46.515909,-112.878383,0.7599902093882849,115.9117227512808
6328,2020,5,MT,6202,GARRISON,c2r8x7,46.515909,-112.878383,0.778242545559046,130.54574480988575
6329,2020,6,MT,6202,GARRISON,c2r8x7,46.515909,-112.878383,0.9211184485646052,153.93218512976523
6330,2020,7,MT,6202,GARRISON,c2r8x7,46.515909,-112.878383,0.9358653691793922,174.06664740915443
6331,2020,8,MT,6202,GARRISON,c2r8x7,46.515909,-112.878383,0.9496855707391516,165.8851283779097
6332,2020,9,MT,6202,GARRISON,c2r8x7,46.515909,-112.878383,0.9671723563861941,144.08490874317482
6333,2020,10,MT,6202,GARRISON,c2r8x7,46.515909,-112.878383,0.9813148950085718,116.01438710572474
6334,2020,11,MT,6202,GARRISON,c2r8x7,46.515909,-112.878383,0.9915088046138754,76.11828565199727
6335,2020,12,MT,6202,GARRISON,c2r8x7,46.515909,-112.878383,0.942594155361549,62.513324665801235
6336,2021,1,MT,6202,GARRISON,c2r8x7,46.515909,-112.878383,1.0297863307997979,74.87942344395668
6337,2021,2,MT,6202,GARRISON,c2r8x7,46.515909,-112.878383,1.0350646002001724,95.85450049052153
6338,2021,3,MT,6202,GARRISON,c2r8x7,46.515909,-112.878383,1.0466687344544312,137.18310814265755
6339,2021,4,MT,6202,GARRISON,c2r8x7,46.515909,-112.878383,1.0586757900369625,161.4311151387829
6340,2021,5,MT,6202,GARRISON,c2r8x7,46.515909,-112.878383,1.0681041491185477,179.15759868401497
6341,2021,6,MT,6202,GARRISON,c2r8x7,46.515909,-112.878383,1.0919570917523014,182.31057895414864
6342,2021,7,MT,6202,GARRISON,c2r8x7,46.515909,-112.878383,1.151992369664959,214.42570546906742
6343,2021,8,MT,6202,GARRISON,c2r8x7,46.515909,-112.878383,1.130516662868015,197.43201494356526
6344,2021,9,MT,6202,GARRISON,c2r8x7,46.515909,-112.878383,1.1436518981697106,170.18611209655845
6345,2021,10,MT,6202,GARRISON,c2r8x7,46.515909,-112.878383,1.1645232229742453,137.16505726715093
6346,2021,11,MT,6202,GARRISON,c2r8x7,46.515909,-112.878383,1.1886179184049628,90.51635698076561
6347,2021,12,MT,6202,GARRISON,c2r8x7,46.515909,-112.878383,1.2124708610387165,79.85860434235431
6348,2022,1,MT,6202,GARRISON,c2r8x7,46.515909,-112.878383,1.242730252792009,90.86899372727002
6349,2022,2,MT,6202,GARRISON,c2r8x7,46.515909,-112.878383,1.2546164319760587,116.4707760942594
6350,2022,3,MT,6202,GARRISON,c2r8x7,46.515909,-112.878383,1.2690007233954002,166.62372346476667
6351,2022,4,MT,6202,GARRISON,c2r8x7,46.515909,-112.878383,1.2989780702189013,198.17379310891562
6352,2022,5,MT,6202,GARRISON,c2r8x7,46.515909,-112.878383,1.3195270579608178,221.36203642741768
6353,2022,6,MT,6202,GARRISON,c2r8x7,46.515909,-112.878383,1.3522442698165746,225.82817759852546
6354,2022,7,MT,6202,GARRISON,c2r8x7,46.515909,-112.878383,1.3867343355167323,257.7658172683401
6355,2022,8,MT,6202,GARRISON,c2r8x7,46.515909,-112.878383,1.4259788728905096,248.9153682478967
6356,2022,9,MT,6202,GARRISON,c2r8x7,46.515909,-112.878383,1.466311297850624,218.3075704220467
6357,2022,10,MT,6202,GARRISON,c2r8x7,46.515909,-112.878383,1.500881947816436,177.33200243774343
6358,2022,11,MT,6202,GARRISON,c2r8x7,46.515909,-112.878383,1.5364599011029305,117.81310849940047
6359,2022,12,MT,6202,GARRISON,c2r8x7,46.515909,-112.878383,1.6296958964652721,108.15363374391804
6360,2018,1,MT,6203,COLSTRP,c8h5zm,45.689474,-106.552322,3.5164135245211217,256.5200875407529
6361,2018,2,MT,6203,COLSTRP,c8h5zm,45.689474,-106.552322,3.539657051123245,327.81371904511803
6362,2018,3,MT,6203,COLSTRP,c8h5zm,45.689474,-106.552322,3.5743714090355057,468.67613126158176
6363,2018,4,MT,6203,COLSTRP,c8h5zm,45.689474,-106.552322,3.6190472783486767,552.0434164478313
6364,2018,5,MT,6203,COLSTRP,c8h5zm,45.689474,-106.552322,3.691796497973502,619.2060393606374
6365,2018,6,MT,6203,COLSTRP,c8h5zm,45.689474,-106.552322,3.75941402990695,627.8435753371716
6366,2018,7,MT,6203,COLSTRP,c8h5zm,45.689474,-106.552322,3.8222017381308655,710.7263688325587
6367,2018,8,MT,6203,COLSTRP,c8h5zm,45.689474,-106.552322,3.901591965356297,681.257803196813
6368,2018,9,MT,6203,COLSTRP,c8h5zm,45.689474,-106.552322,3.98369896841834,593.2037778284264
6369,2018,10,MT,6203,COLSTRP,c8h5zm,45.689474,-106.552322,4.043166172841953,477.366493434939
6370,2018,11,MT,6203,COLSTRP,c8h5zm,45.689474,-106.552322,4.125575039885842,315.86594264366335
6371,2018,12,MT,6203,COLSTRP,c8h5zm,45.689474,-106.552322,4.198927987474359,277.69463841130477
6372,2019,1,MT,6203,COLSTRP,c8h5zm,45.689474,-106.552322,4.34865252246985,317.3610749457453
6373,2019,2,MT,6203,COLSTRP,c8h5zm,45.689474,-106.552322,4.3806501045454995,405.618556637896
6374,2019,3,MT,6203,COLSTRP,c8h5zm,45.689474,-106.552322,4.406308543002388,577.4721364145353
6375,2019,4,MT,6203,COLSTRP,c8h5zm,45.689474,-106.552322,4.448871364442638,678.3858692735325
6376,2019,5,MT,6203,COLSTRP,c8h5zm,45.689474,-106.552322,4.572937460981241,766.8543538889935
6377,2019,6,MT,6203,COLSTRP,c8h5zm,45.689474,-106.552322,4.676778670736178,781.0051336299584
6378,2019,7,MT,6203,COLSTRP,c8h5zm,45.689474,-106.552322,4.797826127456323,892.0651186467551
6379,2019,8,MT,6203,COLSTRP,c8h5zm,45.689474,-106.552322,4.884762954227899,852.7742009057306
6380,2019,9,MT,6203,COLSTRP,c8h5zm,45.689474,-106.552322,5.06648507129904,754.3662409600348
6381,2019,10,MT,6203,COLSTRP,c8h5zm,45.689474,-106.552322,5.135611923141717,606.304674640532
6382,2019,11,MT,6203,COLSTRP,c8h5zm,45.689474,-106.552322,5.235830765114504,401.14493242694203
6383,2019,12,MT,6203,COLSTRP,c8h5zm,45.689474,-106.552322,5.378008700563852,356.05913182642473
6384,2020,1,MT,6203,COLSTRP,c8h5zm,45.689474,-106.552322,5.525318323704576,404.2151909862951
6385,2020,2,MT,6203,COLSTRP,c8h5zm,45.689474,-106.552322,5.5875023039648015,537.1554848631989
6386,2020,3,MT,6203,COLSTRP,c8h5zm,45.689474,-106.552322,5.638819180878579,739.8257548185071
6387,2020,4,MT,6203,COLSTRP,c8h5zm,45.689474,-106.552322,5.693758425574504,868.3971712861573
6388,2020,5,MT,6203,COLSTRP,c8h5zm,45.689474,-106.552322,5.830502809350629,978.0335657645695
6389,2020,6,MT,6203,COLSTRP,c8h5zm,45.689474,-106.552322,6.900912488975652,1153.2420618354422
6390,2020,7,MT,6203,COLSTRP,c8h5zm,45.689474,-106.552322,7.011394706331196,1304.087115931545
6391,2020,8,MT,6203,COLSTRP,c8h5zm,45.689474,-106.552322,7.114934052104288,1242.7921250978566
6392,2020,9,MT,6203,COLSTRP,c8h5zm,45.689474,-106.552322,7.245943020225343,1079.467410264287
6393,2020,10,MT,6203,COLSTRP,c8h5zm,45.689474,-106.552322,7.3518972778532,869.1663207119003
6394,2020,11,MT,6203,COLSTRP,c8h5zm,45.689474,-106.552322,7.428268865260175,570.2693599437139
6395,2020,12,MT,6203,COLSTRP,c8h5zm,45.689474,-106.552322,7.061805991299435,468.34257156164216
6396,2021,1,MT,6203,COLSTRP,c8h5zm,45.689474,-106.552322,7.715039648013636,560.9879480939027
6397,2021,2,MT,6203,COLSTRP,c8h5zm,45.689474,-106.552322,7.754583829635428,718.130790443253
6398,2021,3,MT,6203,COLSTRP,c8h5zm,45.689474,-106.552322,7.8415206564070035,1027.7599213580015
6399,2021,4,MT,6203,COLSTRP,c8h5zm,45.689474,-106.552322,7.9314761229970365,1209.4231749526818
6400,2021,5,MT,6203,COLSTRP,c8h5zm,45.689474,-106.552322,8.002112294748942,1342.2279319017373
6401,2021,6,MT,6203,COLSTRP,c8h5zm,45.689474,-106.552322,8.180815772001624,1365.8496940731125
6402,2021,7,MT,6203,COLSTRP,c8h5zm,45.689474,-106.552322,8.63059310495179,1606.452493851139
6403,2021,8,MT,6203,COLSTRP,c8h5zm,45.689474,-106.552322,8.469699602628006,1479.1377371399126
6404,2021,9,MT,6203,COLSTRP,c8h5zm,45.689474,-106.552322,8.56810726070972,1275.014595839981
6405,2021,10,MT,6203,COLSTRP,c8h5zm,45.689474,-106.552322,8.724472803305819,1027.6246862941346
6406,2021,11,MT,6203,COLSTRP,c8h5zm,45.689474,-106.552322,8.904987464449576,678.1380389444372
6407,2021,12,MT,6203,COLSTRP,c8h5zm,45.689474,-106.552322,9.083690941702258,598.2913933784547
6408,2022,1,MT,6203,COLSTRP,c8h5zm,45.689474,-106.552322,9.310390792068414,680.7799525135513
6409,2022,2,MT,6203,COLSTRP,c8h5zm,45.689474,-106.552322,9.399440666712911,872.5855340342671
6410,2022,3,MT,6203,COLSTRP,c8h5zm,45.689474,-106.552322,9.507206108231843,1248.3255937490708
6411,2022,4,MT,6203,COLSTRP,c8h5zm,45.689474,-106.552322,9.731792910725078,1484.6950530456927
6412,2022,5,MT,6203,COLSTRP,c8h5zm,45.689474,-106.552322,9.885743541466413,1658.4186801898663
6413,2022,6,MT,6203,COLSTRP,c8h5zm,45.689474,-106.552322,10.130857094725158,1691.8784913935765
6414,2022,7,MT,6203,COLSTRP,c8h5zm,45.689474,-106.552322,10.38925266318512,1931.1515803315726
6415,2022,8,MT,6203,COLSTRP,c8h5zm,45.689474,-106.552322,10.683268181502878,1864.845043671281
6416,2022,9,MT,6203,COLSTRP,c8h5zm,45.689474,-106.552322,10.985434027330474,1635.534975454104
6417,2022,10,MT,6203,COLSTRP,c8h5zm,45.689474,-106.552322,11.244433323754125,1328.5507767482882
6418,2022,11,MT,6203,COLSTRP,c8h5zm,45.689474,-106.552322,11.510979219723922,882.6421325894582
6419,2022,12,MT,6203,COLSTRP,c8h5zm,45.689474,-106.552322,12.209492473714983,810.2744690376859
6420,2018,1,MT,6204,GARRISON,c2r8x7,46.515909,-112.878383,3.85296738279508,281.0714733731035
6421,2018,2,MT,6204,GARRISON,c2r8x7,46.515909,-112.878383,3.8784355335784286,359.1885761745265
6422,2018,3,MT,6204,GARRISON,c2r8x7,46.515909,-112.878383,3.916472382150961,513.5328465361251
6423,2018,4,MT,6204,GARRISON,c2r8x7,46.515909,-112.878383,3.965424152487786,604.879165271075
6424,2018,5,MT,6204,GARRISON,c2r8x7,46.515909,-112.878383,4.045136156887615,678.4698830923667
6425,2018,6,MT,6204,GARRISON,c2r8x7,46.515909,-112.878383,4.1192253228028095,687.9341125276227
6426,2018,7,MT,6204,GARRISON,c2r8x7,46.515909,-112.878383,4.188022405438348,778.749569158582
6427,2018,8,MT,6204,GARRISON,c2r8x7,46.515909,-112.878383,4.275011024347705,746.4605845381665
6428,2018,9,MT,6204,GARRISON,c2r8x7,46.515909,-112.878383,4.364976440101869,649.9789604907196
6429,2018,10,MT,6204,GARRISON,c2r8x7,46.515909,-112.878383,4.430135215482643,523.0549581322524
6430,2018,11,MT,6204,GARRISON,c2r8x7,46.515909,-112.878383,4.5204313864417855,346.09728516147567
6431,2018,12,MT,6204,GARRISON,c2r8x7,46.515909,-112.878383,4.600804901251572,304.2726279815286
6432,2019,1,MT,6204,GARRISON,c2r8x7,46.515909,-112.878383,4.764859482920931,347.7355156917344
6433,2019,2,MT,6204,GARRISON,c2r8x7,46.515909,-112.878383,4.799919534648657,444.44006874733674
6434,2019,3,MT,6204,GARRISON,c2r8x7,46.515909,-112.878383,4.828033727071833,632.7416529832627
6435,2019,4,MT,6204,GARRISON,c2r8x7,46.515909,-112.878383,4.874670210973808,743.3137795180005
6436,2019,5,MT,6204,GARRISON,c2r8x7,46.515909,-112.878383,5.010610600219991,840.2495304618828
6437,2019,6,MT,6204,GARRISON,c2r8x7,46.515909,-112.878383,5.124390390732611,855.7546729608672
6438,2019,7,MT,6204,GARRISON,c2r8x7,46.515909,-112.878383,5.2570232279290074,977.4441434453438
6439,2019,8,MT,6204,GARRISON,c2r8x7,46.515909,-112.878383,5.352280726962828,934.3927152101313
6440,2019,9,MT,6204,GARRISON,c2r8x7,46.515909,-112.878383,5.551395360359913,826.5661876319205
6441,2019,10,MT,6204,GARRISON,c2r8x7,46.515909,-112.878383,5.627138302300001,664.3337363867886
6442,2019,11,MT,6204,GARRISON,c2r8x7,46.515909,-112.878383,5.736949030352877,439.5382766095547
6443,2019,12,MT,6204,GARRISON,c2r8x7,46.515909,-112.878383,5.892734731897772,390.1373407043691
6444,2020,1,MT,6204,GARRISON,c2r8x7,46.515909,-112.878383,6.054143271927302,442.90238779939153
6445,2020,2,MT,6204,GARRISON,c2r8x7,46.515909,-112.878383,6.122278844152884,588.5663185615331
6446,2020,3,MT,6204,GARRISON,c2r8x7,46.515909,-112.878383,6.178507228999236,810.6340401633089
6447,2020,4,MT,6204,GARRISON,c2r8x7,46.515909,-112.878383,6.238704676305331,951.510950843796
6448,2020,5,MT,6204,GARRISON,c2r8x7,46.515909,-112.878383,6.388536784160613,1071.640579781594
6449,2020,6,MT,6204,GARRISON,c2r8x7,46.515909,-112.878383,7.561394741014536,1263.6181773656513
6450,2020,7,MT,6204,GARRISON,c2r8x7,46.515909,-112.878383,7.6824511460366836,1428.9005223558904
6451,2020,8,MT,6204,GARRISON,c2r8x7,46.515909,-112.878383,7.795900181344325,1361.739024208972
6452,2020,9,MT,6204,GARRISON,c2r8x7,46.515909,-112.878383,7.939447940305015,1182.7825975345097
6453,2020,10,MT,6204,GARRISON,c2r8x7,46.515909,-112.878383,8.055543017252484,952.3537151060814
6454,2020,11,MT,6204,GARRISON,c2r8x7,46.515909,-112.878383,8.139224084112056,624.8495030372696
6455,2020,12,MT,6204,GARRISON,c2r8x7,46.515909,-112.878383,7.7376872652681,513.1673620346238
6456,2021,1,MT,6204,GARRISON,c2r8x7,46.515909,-112.878383,8.453441528841674,614.6797727497943
6457,2021,2,MT,6204,GARRISON,c2r8x7,46.515909,-112.878383,8.496770460693863,786.8626635815007
6458,2021,3,MT,6204,GARRISON,c2r8x7,46.515909,-112.878383,8.592027959727686,1126.1262154529147
6459,2021,4,MT,6204,GARRISON,c2r8x7,46.515909,-112.878383,8.690593010811291,1325.1763515850284
6460,2021,5,MT,6204,GARRISON,c2r8x7,46.515909,-112.878383,8.767989728776271,1470.6917732601348
6461,2021,6,MT,6204,GARRISON,c2r8x7,46.515909,-112.878383,8.96379681012357,1496.574360315321
6462,2021,7,MT,6204,GARRISON,c2r8x7,46.515909,-112.878383,9.456622065541604,1760.2051117299056
6463,2021,8,MT,6204,GARRISON,c2r8x7,46.515909,-112.878383,9.280329541288038,1620.7051349677442
6464,2021,9,MT,6204,GARRISON,c2r8x7,46.515909,-112.878383,9.388155738111045,1397.045488564407
6465,2021,10,MT,6204,GARRISON,c2r8x7,46.515909,-112.878383,9.559486934289932,1125.9780371210843
6466,2021,11,MT,6204,GARRISON,c2r8x7,46.515909,-112.878383,9.757278546867102,743.0422294947132
6467,2021,12,MT,6204,GARRISON,c2r8x7,46.515909,-112.878383,9.953085628214401,655.553508715428
6468,2022,1,MT,6204,GARRISON,c2r8x7,46.515909,-112.878383,10.201482787153289,745.9369990486854
6469,2022,2,MT,6204,GARRISON,c2r8x7,46.515909,-112.878383,10.29905557262196,956.1001793128733
6470,2022,3,MT,6204,GARRISON,c2r8x7,46.515909,-112.878383,10.417135180799301,1367.8020978714335
6471,2022,4,MT,6204,GARRISON,c2r8x7,46.515909,-112.878383,10.663217053303338,1626.7943382913993
6472,2022,5,MT,6204,GARRISON,c2r8x7,46.515909,-112.878383,10.831902207842399,1817.1449510221673
6473,2022,6,MT,6204,GARRISON,c2r8x7,46.515909,-112.878383,11.100475434284977,1853.807180962809
6474,2022,7,MT,6204,GARRISON,c2r8x7,46.515909,-112.878383,11.383601889746613,2115.9809556994633
6475,2022,8,MT,6204,GARRISON,c2r8x7,46.515909,-112.878383,11.705757459395715,2043.328259639491
6476,2022,9,MT,6204,GARRISON,c2r8x7,46.515909,-112.878383,12.03684341957924,1792.0710604431536
6477,2022,10,MT,6204,GARRISON,c2r8x7,46.515909,-112.878383,12.320631385450833,1455.7055856777617
6478,2022,11,MT,6204,GARRISON,c2r8x7,46.515909,-112.878383,12.612688231446889,967.1192889667335
6479,2022,12,MT,6204,GARRISON,c2r8x7,46.515909,-112.878383,13.378055775767244,887.8253591459969
6480,2018,1,MT,6205,MONTANA,c82vu4,47.432975,-111.260716,2.689544964474349,196.20056199894958
6481,2018,2,MT,6205,MONTANA,c82vu4,47.432975,-111.260716,2.70732288208655,250.72982207446015
6482,2018,3,MT,6205,MONTANA,c82vu4,47.432975,-111.260716,2.7338743174813946,358.4690822094279
6483,2018,4,MT,6205,MONTANA,c82vu4,47.432975,-111.260716,2.7680448604243257,422.2329315152656
6484,2018,5,MT,6205,MONTANA,c82vu4,47.432975,-111.260716,2.8236874337300444,473.60257077878964
6485,2018,6,MT,6205,MONTANA,c82vu4,47.432975,-111.260716,2.8754050122382644,480.2090296691209
6486,2018,7,MT,6205,MONTANA,c82vu4,47.432975,-111.260716,2.9234284779958974,543.6023132896653
6487,2018,8,MT,6205,MONTANA,c82vu4,47.432975,-111.260716,2.9841504563336736,521.0631461060517
6488,2018,9,MT,6205,MONTANA,c82vu4,47.432975,-111.260716,3.0469503730936545,453.714622139863
6489,2018,10,MT,6205,MONTANA,c82vu4,47.432975,-111.260716,3.092434136335259,365.11594545796873
6490,2018,11,MT,6205,MONTANA,c82vu4,47.432975,-111.260716,3.155464935142152,241.59151065769524
6491,2018,12,MT,6205,MONTANA,c82vu4,47.432975,-111.260716,3.211569272541694,212.39601406161742
6492,2019,1,MT,6205,MONTANA,c82vu4,47.432975,-111.260716,3.3260867678098958,242.73506943604886
6493,2019,2,MT,6205,MONTANA,c82vu4,47.432975,-111.260716,3.350560264782535,310.23920790185605
6494,2019,3,MT,6205,MONTANA,c82vu4,47.432975,-111.260716,3.3701852387700293,441.68220426505997
6495,2019,4,MT,6205,MONTANA,c82vu4,47.432975,-111.260716,3.4027396073845786,518.8665343117339
6496,2019,5,MT,6205,MONTANA,c82vu4,47.432975,-111.260716,3.4976321286652854,586.5320593283323
6497,2019,6,MT,6205,MONTANA,c82vu4,47.432975,-111.260716,3.5770555528029093,597.3553479234588
6498,2019,7,MT,6205,MONTANA,c82vu4,47.432975,-111.260716,3.6696392536144993,682.3000853309286
6499,2019,8,MT,6205,MONTANA,c82vu4,47.432975,-111.260716,3.7361332831250675,652.2482472228552
6500,2019,9,MT,6205,MONTANA,c82vu4,47.432975,-111.260716,3.8751242753659088,576.9804690475954
6501,2019,10,MT,6205,MONTANA,c82vu4,47.432975,-111.260716,3.9279962641086876,463.73490297583066
6502,2019,11,MT,6205,MONTANA,c82vu4,47.432975,-111.260716,4.00464910368337,306.8175359666247
6503,2019,12,MT,6205,MONTANA,c82vu4,47.432975,-111.260716,4.113394547778779,272.33345520398757
6504,2020,1,MT,6205,MONTANA,c82vu4,47.432975,-111.260716,4.226064986671687,309.16583726576357
6505,2020,2,MT,6205,MONTANA,c82vu4,47.432975,-111.260716,4.273626688335497,410.84582896158076
6506,2020,3,MT,6205,MONTANA,c82vu4,47.432975,-111.260716,4.312876636310485,565.859111729906
6507,2020,4,MT,6205,MONTANA,c82vu4,47.432975,-111.260716,4.354897168848414,664.1975475607701
6508,2020,5,MT,6205,MONTANA,c82vu4,47.432975,-111.260716,4.459486736099413,748.0534452350045
6509,2020,6,MT,6205,MONTANA,c82vu4,47.432975,-111.260716,5.278194474448287,882.0624646675849
6510,2020,7,MT,6205,MONTANA,c82vu4,47.432975,-111.260716,5.362697303617968,997.4369940939224
6511,2020,8,MT,6205,MONTANA,c82vu4,47.432975,-111.260716,5.44188984570868,950.555240058268
6512,2020,9,MT,6205,MONTANA,c82vu4,47.432975,-111.260716,5.542092654068356,825.6355850485071
6513,2020,10,MT,6205,MONTANA,c82vu4,47.432975,-111.260716,5.623132252534361,664.7858350163011
6514,2020,11,MT,6205,MONTANA,c82vu4,47.432975,-111.260716,5.68154541040302,436.17312774370004
6515,2020,12,MT,6205,MONTANA,c82vu4,47.432975,-111.260716,5.401254605452221,358.21395754759044
6516,2021,1,MT,6205,MONTANA,c82vu4,47.432975,-111.260716,5.900883354969132,429.07419744730606
6517,2021,2,MT,6205,MONTANA,c82vu4,47.432975,-111.260716,5.931128903114564,549.2656190183623
6518,2021,3,MT,6205,MONTANA,c82vu4,47.432975,-111.260716,5.9976229326251325,786.0868757048149
6519,2021,4,MT,6205,MONTANA,c82vu4,47.432975,-111.260716,6.066425782604817,925.0328459465082
6520,2021,5,MT,6205,MONTANA,c82vu4,47.432975,-111.260716,6.120452181582155,1026.6091716032622
6521,2021,6,MT,6205,MONTANA,c82vu4,47.432975,-111.260716,6.257134353353878,1044.676384420243
6522,2021,7,MT,6205,MONTANA,c82vu4,47.432975,-111.260716,6.601148603252306,1228.702536085539
6523,2021,8,MT,6205,MONTANA,c82vu4,47.432975,-111.260716,6.478088472248372,1131.3252622159682
6524,2021,9,MT,6205,MONTANA,c82vu4,47.432975,-111.260716,6.553356019541585,975.200744155857
6525,2021,10,MT,6205,MONTANA,c82vu4,47.432975,-111.260716,6.672952919841844,785.9834405477985
6526,2021,11,MT,6205,MONTANA,c82vu4,47.432975,-111.260716,6.811020383895038,518.6769801512194
6527,2021,12,MT,6205,MONTANA,c82vu4,47.432975,-111.260716,6.947702555666762,457.60590815851276
6528,2022,1,MT,6205,MONTANA,c82vu4,47.432975,-111.260716,7.1210949728974455,520.6976598257904
6529,2022,2,MT,6205,MONTANA,c82vu4,47.432975,-111.260716,7.1892051767363965,667.4010359616699
6530,2022,3,MT,6205,MONTANA,c82vu4,47.432975,-111.260716,7.271630067483872,954.7875388602062
6531,2022,4,MT,6205,MONTANA,c82vu4,47.432975,-111.260716,7.443406310386173,1135.5758006996125
6532,2022,5,MT,6205,MONTANA,c82vu4,47.432975,-111.260716,7.561156154311139,1268.4491113434342
6533,2022,6,MT,6205,MONTANA,c82vu4,47.432975,-111.260716,7.748632376403436,1294.0410009513143
6534,2022,7,MT,6205,MONTANA,c82vu4,47.432975,-111.260716,7.946267408559849,1477.0501171999642
6535,2022,8,MT,6205,MONTANA,c82vu4,47.432975,-111.260716,8.17114652225184,1426.3352594214816
6536,2022,9,MT,6205,MONTANA,c82vu4,47.432975,-111.260716,8.40225945121045,1250.9464051311525
6537,2022,10,MT,6205,MONTANA,c82vu4,47.432975,-111.260716,8.600356247460683,1016.1481369397401
6538,2022,11,MT,6205,MONTANA,c82vu4,47.432975,-111.260716,8.804225094883712,675.092871354533
6539,2022,12,MT,6205,MONTANA,c82vu4,47.432975,-111.260716,9.338486151437376,619.7421329561107
6540,2018,1,WY,6301,BRIDGER,9x6z6m,42.083869,-108.529745,0.8717780439121758,75.28155369261478
6541,2018,2,WY,6301,BRIDGER,9x6z6m,42.083869,-108.529745,0.9023714970059882,88.94870506986028
6542,2018,3,WY,6301,BRIDGER,9x6z6m,42.083869,-108.529745,0.9245720558882237,128.8414849500998
6543,2018,4,WY,6301,BRIDGER,9x6z6m,42.083869,-108.529745,0.9676194810379242,154.29198906187628
6544,2018,5,WY,6301,BRIDGER,9x6z6m,42.083869,-108.529745,0.9960470259481038,175.19733485029943
6545,2018,6,WY,6301,BRIDGER,9x6z6m,42.083869,-108.529745,1.0066058283433135,178.27888071856287
6546,2018,7,WY,6301,BRIDGER,9x6z6m,42.083869,-108.529745,1.0244745708582834,189.831293493014
6547,2018,8,WY,6301,BRIDGER,9x6z6m,42.083869,-108.529745,1.0309722954091818,180.67897772455092
6548,2018,9,WY,6301,BRIDGER,9x6z6m,42.083869,-108.529745,1.102447265469062,173.77352095808385
6549,2018,10,WY,6301,BRIDGER,9x6z6m,42.083869,-108.529745,1.1176086227544912,153.36741700598802
6550,2018,11,WY,6301,BRIDGER,9x6z6m,42.083869,-108.529745,1.1457654291417168,114.93987401197604
6551,2018,12,WY,6301,BRIDGER,9x6z6m,42.083869,-108.529745,1.2085767664670661,98.63545868263473
6552,2019,1,WY,6301,BRIDGER,9x6z6m,42.083869,-108.529745,1.3195795608782435,117.42985620758483
6553,2019,2,WY,6301,BRIDGER,9x6z6m,42.083869,-108.529745,1.3480071057884233,134.83184550898204
6554,2019,3,WY,6301,BRIDGER,9x6z6m,42.083869,-108.529745,1.3699369261477046,192.1258024750499
6555,2019,4,WY,6301,BRIDGER,9x6z6m,42.083869,-108.529745,1.4075695808383235,224.02421524950103
6556,2019,5,WY,6301,BRIDGER,9x6z6m,42.083869,-108.529745,1.3961985628742517,244.93497580838326
6557,2019,6,WY,6301,BRIDGER,9x6z6m,42.083869,-108.529745,1.4587391616766467,257.7874749700599
6558,2019,7,WY,6301,BRIDGER,9x6z6m,42.083869,-108.529745,1.4844593213572854,273.7970560479042
6559,2019,8,WY,6301,BRIDGER,9x6z6m,42.083869,-108.529745,1.5250700998003994,265.9743371656687
6560,2019,9,WY,6301,BRIDGER,9x6z6m,42.083869,-108.529745,1.5914010379241519,250.19623752495013
6561,2019,10,WY,6301,BRIDGER,9x6z6m,42.083869,-108.529745,1.6376973253493017,223.7921923353294
6562,2019,11,WY,6301,BRIDGER,9x6z6m,42.083869,-108.529745,1.6663956087824354,167.35783017964073
6563,2019,12,WY,6301,BRIDGER,9x6z6m,42.083869,-108.529745,1.718106666666667,141.47360295409183
6564,2020,1,WY,6301,BRIDGER,9x6z6m,42.083869,-108.529745,1.8423756487025948,168.77054379241517
6565,2020,2,WY,6301,BRIDGER,9x6z6m,42.083869,-108.529745,1.8800083033932138,197.47559568862278
6566,2020,3,WY,6301,BRIDGER,9x6z6m,42.083869,-108.529745,1.9184531736526949,271.1711631137725
6567,2020,4,WY,6301,BRIDGER,9x6z6m,42.083869,-108.529745,1.9828889421157687,315.6765152095808
6568,2020,5,WY,6301,BRIDGER,9x6z6m,42.083869,-108.529745,2.042180678642715,357.72437373253496
6569,2020,6,WY,6301,BRIDGER,9x6z6m,42.083869,-108.529745,2.0765644710578846,366.4099362874252
6570,2020,7,WY,6301,BRIDGER,9x6z6m,42.083869,-108.529745,2.098494291417166,385.13854435129747
6571,2020,8,WY,6301,BRIDGER,9x6z6m,42.083869,-108.529745,2.1499346107784434,373.01703920159684
6572,2020,9,WY,6301,BRIDGER,9x6z6m,42.083869,-108.529745,2.1875672654690623,343.63459952095815
6573,2020,10,WY,6301,BRIDGER,9x6z6m,42.083869,-108.529745,2.2509200798403195,308.2723580838324
6574,2020,11,WY,6301,BRIDGER,9x6z6m,42.083869,-108.529745,2.312106986027944,234.78742522954096
6575,2020,12,WY,6301,BRIDGER,9x6z6m,42.083869,-108.529745,2.2127459481037928,186.917876247505
6576,2021,1,WY,6301,BRIDGER,9x6z6m,42.083869,-108.529745,2.5392566067864273,237.10115664670658
6577,2021,2,WY,6301,BRIDGER,9x6z6m,42.083869,-108.529745,2.597194650698603,266.0731567265469
6578,2021,3,WY,6301,BRIDGER,9x6z6m,42.083869,-108.529745,2.6518838323353298,376.9985199201597
6579,2021,4,WY,6301,BRIDGER,9x6z6m,42.083869,-108.529745,2.7309394810379244,434.88431129740525
6580,2021,5,WY,6301,BRIDGER,9x6z6m,42.083869,-108.529745,2.774257644710579,485.6927269461078
6581,2021,6,WY,6301,BRIDGER,9x6z6m,42.083869,-108.529745,2.812161037924152,495.7187159281438
6582,2021,7,WY,6301,BRIDGER,9x6z6m,42.083869,-108.529745,2.8820115768463075,528.2203341317366
6583,2021,8,WY,6301,BRIDGER,9x6z6m,42.083869,-108.529745,2.946718083832336,511.0067788423154
6584,2021,9,WY,6301,BRIDGER,9x6z6m,42.083869,-108.529745,3.031188502994012,475.807521996008
6585,2021,10,WY,6301,BRIDGER,9x6z6m,42.083869,-108.529745,3.0877728542914173,422.45984974051896
6586,2021,11,WY,6301,BRIDGER,9x6z6m,42.083869,-108.529745,3.135693572854292,318.98169109780446
6587,2021,12,WY,6301,BRIDGER,9x6z6m,42.083869,-108.529745,3.2101466666666667,271.4397357285429
6588,2022,1,WY,6301,BRIDGER,9x6z6m,42.083869,-108.529745,3.2464256287425153,304.8272103792416
6589,2022,2,WY,6301,BRIDGER,9x6z6m,42.083869,-108.529745,3.3149224750499005,340.9467074650699
6590,2022,3,WY,6301,BRIDGER,9x6z6m,42.083869,-108.529745,3.3739434730538926,481.0008283433134
6591,2022,4,WY,6301,BRIDGER,9x6z6m,42.083869,-108.529745,3.4321522554890223,546.9511081037925
6592,2022,5,WY,6301,BRIDGER,9x6z6m,42.083869,-108.529745,3.5201422754491025,616.5217033932137
6593,2022,6,WY,6301,BRIDGER,9x6z6m,42.083869,-108.529745,3.608403033932136,636.1545781237526
6594,2022,7,WY,6301,BRIDGER,9x6z6m,42.083869,-108.529745,3.6782535728542918,673.4896911776448
6595,2022,8,WY,6301,BRIDGER,9x6z6m,42.083869,-108.529745,3.853150658682635,667.6926379241518
6596,2022,9,WY,6301,BRIDGER,9x6z6m,42.083869,-108.529745,3.9454724950099807,619.3409036327346
6597,2022,10,WY,6301,BRIDGER,9x6z6m,42.083869,-108.529745,4.0231744510978045,550.880877764471
6598,2022,11,WY,6301,BRIDGER,9x6z6m,42.083869,-108.529745,4.1241599201596815,420.5392306586827
6599,2022,12,WY,6301,BRIDGER,9x6z6m,42.083869,-108.529745,4.232455329341318,358.88205165668666
6600,2018,1,WY,6302,LARAMIE,9xkgmv,41.383369,-105.567246,1.00849628742515,87.08772598802396
6601,2018,2,WY,6302,LARAMIE,9xkgmv,41.383369,-105.567246,1.0438876167664672,102.8982542754491
6602,2018,3,WY,6302,LARAMIE,9xkgmv,41.383369,-105.567246,1.0695698203592816,149.0472949461078
6603,2018,4,WY,6302,LARAMIE,9xkgmv,41.383369,-105.567246,1.119368239520958,178.48912258682637
6604,2018,5,WY,6302,LARAMIE,9xkgmv,41.383369,-105.567246,1.1522539880239522,202.6729888383234
6605,2018,6,WY,6302,LARAMIE,9xkgmv,41.383369,-105.567246,1.1644686946107785,206.23780397604793
6606,2018,7,WY,6302,LARAMIE,9xkgmv,41.383369,-105.567246,1.1851397365269463,219.60194577245508
6607,2018,8,WY,6302,LARAMIE,9xkgmv,41.383369,-105.567246,1.1926564790419163,209.014300742515
6608,2018,9,WY,6302,LARAMIE,9xkgmv,41.383369,-105.567246,1.2753406467065869,201.02588263473058
6609,2018,10,WY,6302,LARAMIE,9xkgmv,41.383369,-105.567246,1.2928797125748506,177.41955276646706
6610,2018,11,WY,6302,LARAMIE,9xkgmv,41.383369,-105.567246,1.3254522634730541,132.96553753293415
6611,2018,12,WY,6302,LARAMIE,9xkgmv,41.383369,-105.567246,1.3981141077844315,114.10415137724551
6612,2019,1,WY,6302,LARAMIE,9xkgmv,41.383369,-105.567246,1.526525125748503,135.84601590419163
6613,2019,2,WY,6302,LARAMIE,9xkgmv,41.383369,-105.567246,1.5594108742514972,155.9771051497006
6614,2019,3,WY,6302,LARAMIE,9xkgmv,41.383369,-105.567246,1.584779880239521,222.2562954730539
6615,2019,4,WY,6302,LARAMIE,9xkgmv,41.383369,-105.567246,1.6283143473053894,259.1572372694611
6616,2019,5,WY,6302,LARAMIE,9xkgmv,41.383369,-105.567246,1.6151600479041919,283.3473674730539
6617,2019,6,WY,6302,LARAMIE,9xkgmv,41.383369,-105.567246,1.6875086946107787,298.21548416766467
6618,2019,7,WY,6302,LARAMIE,9xkgmv,41.383369,-105.567246,1.7172624670658683,316.73579813173654
6619,2019,8,WY,6302,LARAMIE,9xkgmv,41.383369,-105.567246,1.7642421077844312,307.6862665389222
6620,2019,9,WY,6302,LARAMIE,9xkgmv,41.383369,-105.567246,1.840975520958084,289.4337365269461
6621,2019,10,WY,6302,LARAMIE,9xkgmv,41.383369,-105.567246,1.8945323113772459,258.8888269221557
6622,2019,11,WY,6302,LARAMIE,9xkgmv,41.383369,-105.567246,1.9277312574850303,193.604038994012
6623,2019,12,WY,6302,LARAMIE,9xkgmv,41.383369,-105.567246,1.9875520000000002,163.66046879041917
6624,2020,1,WY,6302,LARAMIE,9xkgmv,41.383369,-105.567246,2.1313097005988024,195.2383040958084
6625,2020,2,WY,6302,LARAMIE,9xkgmv,41.383369,-105.567246,2.174844167664671,228.44508014371257
6626,2020,3,WY,6302,LARAMIE,9xkgmv,41.383369,-105.567246,2.2193182275449104,313.69809456287425
6627,2020,4,WY,6302,LARAMIE,9xkgmv,41.383369,-105.567246,2.29385925748503,365.18308282634734
6628,2020,5,WY,6302,LARAMIE,9xkgmv,41.383369,-105.567246,2.362449532934132,413.8251764311377
6629,2020,6,WY,6302,LARAMIE,9xkgmv,41.383369,-105.567246,2.402225628742515,423.8728687904192
6630,2020,7,WY,6302,LARAMIE,9xkgmv,41.383369,-105.567246,2.4275946347305393,445.53862629940124
6631,2020,8,WY,6302,LARAMIE,9xkgmv,41.383369,-105.567246,2.487102179640719,431.5161431377246
6632,2020,9,WY,6302,LARAMIE,9xkgmv,41.383369,-105.567246,2.5306366467065873,397.5257466826348
6633,2020,10,WY,6302,LARAMIE,9xkgmv,41.383369,-105.567246,2.6039248862275453,356.61775473053893
6634,2020,11,WY,6302,LARAMIE,9xkgmv,41.383369,-105.567246,2.67470754491018,271.6084080479042
6635,2020,12,WY,6302,LARAMIE,9xkgmv,41.383369,-105.567246,2.5597640239520962,216.2316263473054
6636,2021,1,WY,6302,LARAMIE,9xkgmv,41.383369,-105.567246,2.9374803353293415,274.28499477844315
6637,2021,2,WY,6302,LARAMIE,9xkgmv,41.383369,-105.567246,3.0045046227544914,307.8005836646707
6638,2021,3,WY,6302,LARAMIE,9xkgmv,41.383369,-105.567246,3.067770538922156,436.1220271137725
6639,2021,4,WY,6302,LARAMIE,9xkgmv,41.383369,-105.567246,3.159224239520958,503.0858674011977
6640,2021,5,WY,6302,LARAMIE,9xkgmv,41.383369,-105.567246,3.2093358562874252,561.8624091017964
6641,2021,6,WY,6302,LARAMIE,9xkgmv,41.383369,-105.567246,3.253183520958084,573.4607428023953
6642,2021,7,WY,6302,LARAMIE,9xkgmv,41.383369,-105.567246,3.3339885029940124,611.0594888622755
6643,2021,8,WY,6302,LARAMIE,9xkgmv,41.383369,-105.567246,3.4088427305389226,591.1463851497007
6644,2021,9,WY,6302,LARAMIE,9xkgmv,41.383369,-105.567246,3.5065603832335333,550.4269381556886
6645,2021,10,WY,6302,LARAMIE,9xkgmv,41.383369,-105.567246,3.572018682634731,488.7129161197605
6646,2021,11,WY,6302,LARAMIE,9xkgmv,41.383369,-105.567246,3.6274546586826353,369.0065991856288
6647,2021,12,WY,6302,LARAMIE,9xkgmv,41.383369,-105.567246,3.713584,314.0087865868264
6648,2022,1,WY,6302,LARAMIE,9xkgmv,41.383369,-105.567246,3.7555524790419166,352.6323152095809
6649,2022,2,WY,6302,LARAMIE,9xkgmv,41.383369,-105.567246,3.8347914730538926,394.4163208622755
6650,2022,3,WY,6302,LARAMIE,9xkgmv,41.383369,-105.567246,3.9030685508982037,556.4346946107785
6651,2022,4,WY,6302,LARAMIE,9xkgmv,41.383369,-105.567246,3.970406035928144,632.7277519520959
6652,2022,5,WY,6302,LARAMIE,9xkgmv,41.383369,-105.567246,4.07219525748503,713.2088876646707
6653,2022,6,WY,6302,LARAMIE,9xkgmv,41.383369,-105.567246,4.174297676646707,735.9207251736527
6654,2022,7,WY,6302,LARAMIE,9xkgmv,41.383369,-105.567246,4.2551026586826355,779.1109880718564
6655,2022,8,WY,6302,LARAMIE,9xkgmv,41.383369,-105.567246,4.457428311377246,772.4048009580839
6656,2022,9,WY,6302,LARAMIE,9xkgmv,41.383369,-105.567246,4.564228694610779,716.4702143233534
6657,2022,10,WY,6302,LARAMIE,9xkgmv,41.383369,-105.567246,4.654116407185629,637.2738151856288
6658,2022,11,WY,6302,LARAMIE,9xkgmv,41.383369,-105.567246,4.770939113772456,486.4910923113773
6659,2022,12,WY,6302,LARAMIE,9xkgmv,41.383369,-105.567246,4.896218155688623,415.1644093892216
6660,2018,1,WY,6303,BRIDGER2,9x6z6m,42.083869,-108.529745,1.2423415568862273,107.28120910179638
6661,2018,2,WY,6303,BRIDGER2,9x6z6m,42.083869,-108.529745,1.2859392574850297,126.75780665868261
6662,2018,3,WY,6303,BRIDGER2,9x6z6m,42.083869,-108.529745,1.3175765269461075,183.6076649580838
6663,2018,4,WY,6303,BRIDGER2,9x6z6m,42.083869,-108.529745,1.378921964071856,219.87632201197601
6664,2018,5,WY,6303,BRIDGER2,9x6z6m,42.083869,-108.529745,1.4194331017964068,249.66782687425146
6665,2018,6,WY,6303,BRIDGER2,9x6z6m,42.083869,-108.529745,1.434480095808383,254.05923420359275
6666,2018,7,WY,6303,BRIDGER2,9x6z6m,42.083869,-108.529745,1.4599442395209576,270.52218893413163
6667,2018,8,WY,6303,BRIDGER2,9x6z6m,42.083869,-108.529745,1.4692039281437121,257.47953168862267
6668,2018,9,WY,6303,BRIDGER2,9x6z6m,42.083869,-108.529745,1.5710605029940117,247.63879760479037
6669,2018,10,WY,6303,BRIDGER2,9x6z6m,42.083869,-108.529745,1.5926664431137723,218.55874548502987
6670,2018,11,WY,6303,BRIDGER2,9x6z6m,42.083869,-108.529745,1.6327917604790416,163.79694697005982
6671,2018,12,WY,6303,BRIDGER2,9x6z6m,42.083869,-108.529745,1.722302083832335,140.56207329341314
6672,2019,1,WY,6303,BRIDGER2,9x6z6m,42.083869,-108.529745,1.880488431137724,167.34533681437122
6673,2019,2,WY,6303,BRIDGER2,9x6z6m,42.083869,-108.529745,1.920999568862275,192.14432622754487
6674,2019,3,WY,6303,BRIDGER2,9x6z6m,42.083869,-108.529745,1.9522510179640713,273.7920164790418
6675,2019,4,WY,6303,BRIDGER2,9x6z6m,42.083869,-108.529745,2.005880047904191,319.2493712095808
6676,2019,5,WY,6303,BRIDGER2,9x6z6m,42.083869,-108.529745,1.9896755928143708,349.0485924790418
6677,2019,6,WY,6303,BRIDGER2,9x6z6m,42.083869,-108.529745,2.0788000958083828,367.36425657485023
6678,2019,7,WY,6303,BRIDGER2,9x6z6m,42.083869,-108.529745,2.1154530299401193,390.17897188023943
6679,2019,8,WY,6303,BRIDGER2,9x6z6m,42.083869,-108.529745,2.1733260838323347,379.0310784191616
6680,2019,9,WY,6303,BRIDGER2,9x6z6m,42.083869,-108.529745,2.267852071856287,356.546239520958
6681,2019,10,WY,6303,BRIDGER2,9x6z6m,42.083869,-108.529745,2.3338273532934126,318.9187231616766
6682,2019,11,WY,6303,BRIDGER2,9x6z6m,42.083869,-108.529745,2.374724311377245,238.49601255089817
6683,2019,12,WY,6303,BRIDGER2,9x6z6m,42.083869,-108.529745,2.4484159999999995,201.6092712814371
6684,2020,1,WY,6303,BRIDGER2,9x6z6m,42.083869,-108.529745,2.625507544910179,240.50922318562868
6685,2020,2,WY,6303,BRIDGER2,9x6z6m,42.083869,-108.529745,2.6791365748502987,281.41582677844303
6686,2020,3,WY,6303,BRIDGER2,9x6z6m,42.083869,-108.529745,2.733923065868263,386.43690021556876
6687,2020,4,WY,6303,BRIDGER2,9x6z6m,42.083869,-108.529745,2.825748311377245,449.8599799760478
6688,2020,5,WY,6303,BRIDGER2,9x6z6m,42.083869,-108.529745,2.9102429700598798,509.7809683353292
6689,2020,6,WY,6303,BRIDGER2,9x6z6m,42.083869,-108.529745,2.959242155688622,522.1584712814371
6690,2020,7,WY,6303,BRIDGER2,9x6z6m,42.083869,-108.529745,2.9904936047904185,548.8479804550897
6691,2020,8,WY,6303,BRIDGER2,9x6z6m,42.083869,-108.529745,3.0637994730538916,531.5740313293412
6692,2020,9,WY,6303,BRIDGER2,9x6z6m,42.083869,-108.529745,3.117428502994011,489.7021051976047
6693,2020,10,WY,6303,BRIDGER2,9x6z6m,42.083869,-108.529745,3.2077104670658674,439.30856479041904
6694,2020,11,WY,6303,BRIDGER2,9x6z6m,42.083869,-108.529745,3.294905868263472,334.5876595928143
6695,2020,12,WY,6303,BRIDGER2,9x6z6m,42.083869,-108.529745,3.153309796407185,266.37037604790413
6696,2021,1,WY,6303,BRIDGER2,9x6z6m,42.083869,-108.529745,3.618609149700598,337.88488038323345
6697,2021,2,WY,6303,BRIDGER2,9x6z6m,42.083869,-108.529745,3.7011747065868255,379.1719028502993
6698,2021,3,WY,6303,BRIDGER2,9x6z6m,42.083869,-108.529745,3.779110419161676,537.247905532934
6699,2021,4,WY,6303,BRIDGER2,9x6z6m,42.083869,-108.529745,3.8917699640718553,619.7389990898203
6700,2021,5,WY,6303,BRIDGER2,9x6z6m,42.083869,-108.529745,3.9535012215568854,692.1443626347303
6701,2021,6,WY,6303,BRIDGER2,9x6z6m,42.083869,-108.529745,4.007516071856287,706.4320621796406
6702,2021,7,WY,6303,BRIDGER2,9x6z6m,42.083869,-108.529745,4.107057724550897,752.7490246706585
6703,2021,8,WY,6303,BRIDGER2,9x6z6m,42.083869,-108.529745,4.199268790419161,728.2185662275447
6704,2021,9,WY,6303,BRIDGER2,9x6z6m,42.083869,-108.529745,4.319644742514969,678.0572896766465
6705,2021,10,WY,6303,BRIDGER2,9x6z6m,42.083869,-108.529745,4.400281197604789,602.0333169820358
6706,2021,11,WY,6303,BRIDGER2,9x6z6m,42.083869,-108.529745,4.468571401197604,454.5700749221556
6707,2021,12,WY,6303,BRIDGER2,9x6z6m,42.083869,-108.529745,4.574671999999999,386.81963401197595
6708,2022,1,WY,6303,BRIDGER2,9x6z6m,42.083869,-108.529745,4.626371928143711,434.39900071856283
6709,2022,2,WY,6303,BRIDGER2,9x6z6m,42.083869,-108.529745,4.723984479041915,485.8716806706585
6710,2022,3,WY,6303,BRIDGER2,9x6z6m,42.083869,-108.529745,4.808093317365269,685.4580958083831
6711,2022,4,WY,6303,BRIDGER2,9x6z6m,42.083869,-108.529745,4.891044694610777,779.4416204071855
6712,2022,5,WY,6303,BRIDGER2,9x6z6m,42.083869,-108.529745,5.0164363113772446,878.5843348502992
6713,2022,6,WY,6303,BRIDGER2,9x6z6m,42.083869,-108.529745,5.142213748502993,906.5624840239519
6714,2022,7,WY,6303,BRIDGER2,9x6z6m,42.083869,-108.529745,5.2417554011976035,959.7674973892213
6715,2022,8,WY,6303,BRIDGER2,9x6z6m,42.083869,-108.529745,5.490995353293412,951.5063118562872
6716,2022,9,WY,6303,BRIDGER2,9x6z6m,42.083869,-108.529745,5.622560095808383,882.6018822514968
6717,2022,10,WY,6303,BRIDGER2,9x6z6m,42.083869,-108.529745,5.733290538922154,785.0418029221555
6718,2022,11,WY,6303,BRIDGER2,9x6z6m,42.083869,-108.529745,5.877201532934131,599.2963073532933
6719,2022,12,WY,6303,BRIDGER2,9x6z6m,42.083869,-108.529745,6.031529676646705,511.43073619161663
6720,2018,1,WY,6305,NAUGHTON,9x3mfn,41.826887,-110.64461,0.09738411177644711,8.40951121756487
6721,2018,2,WY,6305,NAUGHTON,9x3mfn,41.826887,-110.64461,0.10080162874251497,9.936233996007983
6722,2018,3,WY,6305,NAUGHTON,9x3mfn,41.826887,-110.64461,0.10328159680638722,14.392555145708583
6723,2018,4,WY,6305,NAUGHTON,9x3mfn,41.826887,-110.64461,0.10809031536926146,17.23556633932136
6724,2018,5,WY,6305,NAUGHTON,9x3mfn,41.826887,-110.64461,0.11126588423153691,19.570849437125748
6725,2018,6,WY,6305,NAUGHTON,9x3mfn,41.826887,-110.64461,0.11244538123752494,19.915081101796407
6726,2018,7,WY,6305,NAUGHTON,9x3mfn,41.826887,-110.64461,0.11444145309381236,21.2055718003992
6727,2018,8,WY,6305,NAUGHTON,9x3mfn,41.826887,-110.64461,0.1151672974051896,20.183189844311375
6728,2018,9,WY,6305,NAUGHTON,9x3mfn,41.826887,-110.64461,0.12315158483033932,19.41179880239521
6729,2018,10,WY,6305,NAUGHTON,9x3mfn,41.826887,-110.64461,0.12484522155688622,17.13228474251497
6730,2018,11,WY,6305,NAUGHTON,9x3mfn,41.826887,-110.64461,0.12799054690618764,12.839641485029938
6731,2018,12,WY,6305,NAUGHTON,9x3mfn,41.826887,-110.64461,0.13500704191616766,11.018316646706586
6732,2019,1,WY,6305,NAUGHTON,9x3mfn,41.826887,-110.64461,0.14740688223552892,13.117791073852294
6733,2019,2,WY,6305,NAUGHTON,9x3mfn,41.826887,-110.64461,0.15058245109780438,15.061723113772453
6734,2019,3,WY,6305,NAUGHTON,9x3mfn,41.826887,-110.64461,0.15303217564870258,21.46188557285429
6735,2019,4,WY,6305,NAUGHTON,9x3mfn,41.826887,-110.64461,0.1572360239520958,25.025176271457084
6736,2019,5,WY,6305,NAUGHTON,9x3mfn,41.826887,-110.64461,0.15596579640718564,27.361064239520957
6737,2019,6,WY,6305,NAUGHTON,9x3mfn,41.826887,-110.64461,0.1629520479041916,28.796784287425147
6738,2019,7,WY,6305,NAUGHTON,9x3mfn,41.826887,-110.64461,0.16582518163672652,30.58517394011976
6739,2019,8,WY,6305,NAUGHTON,9x3mfn,41.826887,-110.64461,0.17036170858283434,29.711317876247506
6740,2019,9,WY,6305,NAUGHTON,9x3mfn,41.826887,-110.64461,0.17777136926147705,27.948786427145706
6741,2019,10,WY,6305,NAUGHTON,9x3mfn,41.826887,-110.64461,0.18294300998003993,24.999257580838325
6742,2019,11,WY,6305,NAUGHTON,9x3mfn,41.826887,-110.64461,0.18614882235528943,18.6951182754491
6743,2019,12,WY,6305,NAUGHTON,9x3mfn,41.826887,-110.64461,0.19192533333333334,15.803656974051897
6744,2020,1,WY,6305,NAUGHTON,9x3mfn,41.826887,-110.64461,0.20580710578842312,18.852928926147705
6745,2020,2,WY,6305,NAUGHTON,9x3mfn,41.826887,-110.64461,0.21001095409181636,22.059497389221555
6746,2020,3,WY,6305,NAUGHTON,9x3mfn,41.826887,-110.64461,0.21430553293413174,30.29184210778443
6747,2020,4,WY,6305,NAUGHTON,9x3mfn,41.826887,-110.64461,0.22150348902195607,35.26342198802395
6748,2020,5,WY,6305,NAUGHTON,9x3mfn,41.826887,-110.64461,0.22812681836327345,39.960481500998
6749,2020,6,WY,6305,NAUGHTON,9x3mfn,41.826887,-110.64461,0.23196774451097804,40.93072364071856
6750,2020,7,WY,6305,NAUGHTON,9x3mfn,41.826887,-110.64461,0.23441746906187624,43.02284889421158
6751,2020,8,WY,6305,NAUGHTON,9x3mfn,41.826887,-110.64461,0.2401637365269461,41.66878633133732
6752,2020,9,WY,6305,NAUGHTON,9x3mfn,41.826887,-110.64461,0.24436758483033932,38.38654859880239
6753,2020,10,WY,6305,NAUGHTON,9x3mfn,41.826887,-110.64461,0.2514445668662675,34.43632239520958
6754,2020,11,WY,6305,NAUGHTON,9x3mfn,41.826887,-110.64461,0.2582796007984032,26.22750712974052
6755,2020,12,WY,6305,NAUGHTON,9x3mfn,41.826887,-110.64461,0.24718023153692614,20.88012135728543
6756,2021,1,WY,6305,NAUGHTON,9x3mfn,41.826887,-110.64461,0.28365390818363273,26.485968191616763
6757,2021,2,WY,6305,NAUGHTON,9x3mfn,41.826887,-110.64461,0.2901260199600798,29.722356758483034
6758,2021,3,WY,6305,NAUGHTON,9x3mfn,41.826887,-110.64461,0.2962352095808383,42.11354743313373
6759,2021,4,WY,6305,NAUGHTON,9x3mfn,41.826887,-110.64461,0.30506631536926143,48.57982221157685
6760,2021,5,WY,6305,NAUGHTON,9x3mfn,41.826887,-110.64461,0.30990527744510976,54.255501317365265
6761,2021,6,WY,6305,NAUGHTON,9x3mfn,41.826887,-110.64461,0.31413936926147706,55.37547908982036
6762,2021,7,WY,6305,NAUGHTON,9x3mfn,41.826887,-110.64461,0.3219421956087824,59.00615233532934
6763,2021,8,WY,6305,NAUGHTON,9x3mfn,41.826887,-110.64461,0.32917039520958086,57.08326978043912
6764,2021,9,WY,6305,NAUGHTON,9x3mfn,41.826887,-110.64461,0.338606371257485,53.151250171656685
6765,2021,10,WY,6305,NAUGHTON,9x3mfn,41.826887,-110.64461,0.34492726546906183,47.19191715768463
6766,2021,11,WY,6305,NAUGHTON,9x3mfn,41.826887,-110.64461,0.3502803672654691,35.632634794411175
6767,2021,12,WY,6305,NAUGHTON,9x3mfn,41.826887,-110.64461,0.3585973333333333,30.32184367265469
6768,2022,1,WY,6305,NAUGHTON,9x3mfn,41.826887,-110.64461,0.36264996407185623,34.05147369261477
6769,2022,2,WY,6305,NAUGHTON,9x3mfn,41.826887,-110.64461,0.3703015728542914,38.086291001996
6770,2022,3,WY,6305,NAUGHTON,9x3mfn,41.826887,-110.64461,0.3768946586826347,53.73138123752495
6771,2022,4,WY,6305,NAUGHTON,9x3mfn,41.826887,-110.64461,0.38339701397205583,61.09851953692615
6772,2022,5,WY,6305,NAUGHTON,9x3mfn,41.826887,-110.64461,0.39322615568862274,68.87007409181636
6773,2022,6,WY,6305,NAUGHTON,9x3mfn,41.826887,-110.64461,0.4030855409181636,71.06321267864271
6774,2022,7,WY,6305,NAUGHTON,9x3mfn,41.826887,-110.64461,0.41088836726546907,75.23382336127744
6775,2022,8,WY,6305,NAUGHTON,9x3mfn,41.826887,-110.64461,0.43042567664670656,74.58624926147705
6776,2022,9,WY,6305,NAUGHTON,9x3mfn,41.826887,-110.64461,0.4407387145708583,69.18499979241517
6777,2022,10,WY,6305,NAUGHTON,9x3mfn,41.826887,-110.64461,0.44941860279441115,61.537504127744505
6778,2022,11,WY,6305,NAUGHTON,9x3mfn,41.826887,-110.64461,0.4606994331337325,46.97736967664671
6779,2022,12,WY,6305,NAUGHTON,9x3mfn,41.826887,-110.64461,0.47279683832335323,40.089802762475045
6780,2018,1,NV,6401,TRACYSPP,9r50xy,39.499336,-119.188176,34.07215427275087,3969.1625676296144
6781,2018,2,NV,6401,TRACYSPP,9r50xy,39.499336,-119.188176,34.47132398245546,4230.3144158181285
6782,2018,3,NV,6401,TRACYSPP,9r50xy,39.499336,-119.188176,35.031487231904364,5715.851003600991
6783,2018,4,NV,6401,TRACYSPP,9r50xy,39.499336,-119.188176,36.21353037595576,6527.513853608544
6784,2018,5,NV,6401,TRACYSPP,9r50xy,39.499336,-119.188176,37.42252852254441,7231.208514600702
6785,2018,6,NV,6401,TRACYSPP,9r50xy,39.499336,-119.188176,38.44843886501394,7530.975097817425
6786,2018,7,NV,6401,TRACYSPP,9r50xy,39.499336,-119.188176,39.178727950148755,7227.899677567933
6787,2018,8,NV,6401,TRACYSPP,9r50xy,39.499336,-119.188176,40.228500098143066,7267.362537757942
6788,2018,9,NV,6401,TRACYSPP,9r50xy,39.499336,-119.188176,41.31303388875371,6908.309236583572
6789,2018,10,NV,6401,TRACYSPP,9r50xy,39.499336,-119.188176,42.26647504407393,6336.323493562811
6790,2018,11,NV,6401,TRACYSPP,9r50xy,39.499336,-119.188176,43.333038832993076,5319.860216654651
6791,2018,12,NV,6401,TRACYSPP,9r50xy,39.499336,-119.188176,44.41727803341206,4804.151363603307
6792,2019,1,NV,6401,TRACYSPP,9r50xy,39.499336,-119.188176,46.10262851992123,5215.367750015603
6793,2019,2,NV,6401,TRACYSPP,9r50xy,39.499336,-119.188176,47.41856290608387,5492.537792580746
6794,2019,3,NV,6401,TRACYSPP,9r50xy,39.499336,-119.188176,48.830239104537284,8150.2253330740305
6795,2019,4,NV,6401,TRACYSPP,9r50xy,39.499336,-119.188176,50.046602005917535,8925.518078018758
6796,2019,5,NV,6401,TRACYSPP,9r50xy,39.499336,-119.188176,51.26252302201028,9919.933046622025
6797,2019,6,NV,6401,TRACYSPP,9r50xy,39.499336,-119.188176,52.37239156910402,10226.541045154852
6798,2019,7,NV,6401,TRACYSPP,9r50xy,39.499336,-119.188176,53.546775368172156,10284.613462342462
6799,2019,8,NV,6401,TRACYSPP,9r50xy,39.499336,-119.188176,55.26482536595602,10269.481395262357
6800,2019,9,NV,6401,TRACYSPP,9r50xy,39.499336,-119.188176,56.43817809935334,9334.35638510885
6801,2019,10,NV,6401,TRACYSPP,9r50xy,39.499336,-119.188176,58.13104063574994,9212.303839030003
6802,2019,11,NV,6401,TRACYSPP,9r50xy,39.499336,-119.188176,59.296144843780674,7146.118936345406
6803,2019,12,NV,6401,TRACYSPP,9r50xy,39.499336,-119.188176,60.94364049066103,6057.027835469716
6804,2020,1,NV,6401,TRACYSPP,9r50xy,39.499336,-119.188176,62.22378216853651,7374.63829252783
6805,2020,2,NV,6401,TRACYSPP,9r50xy,39.499336,-119.188176,63.643559597260676,8134.953335652886
6806,2020,3,NV,6401,TRACYSPP,9r50xy,39.499336,-119.188176,65.15775318241313,10492.133693187605
6807,2020,4,NV,6401,TRACYSPP,9r50xy,39.499336,-119.188176,66.27159869709433,11481.360781220574
6808,2020,5,NV,6401,TRACYSPP,9r50xy,39.499336,-119.188176,67.20471312918974,12971.845895043005
6809,2020,6,NV,6401,TRACYSPP,9r50xy,39.499336,-119.188176,68.30014675689195,12915.938126583744
6810,2020,7,NV,6401,TRACYSPP,9r50xy,39.499336,-119.188176,69.4814534254642,13046.312845577095
6811,2020,8,NV,6401,TRACYSPP,9r50xy,39.499336,-119.188176,70.68308681726124,12537.463230548452
6812,2020,9,NV,6401,TRACYSPP,9r50xy,39.499336,-119.188176,72.0544041594567,11125.29521377006
6813,2020,10,NV,6401,TRACYSPP,9r50xy,39.499336,-119.188176,73.53884413525108,10885.450337669117
6814,2020,11,NV,6401,TRACYSPP,9r50xy,39.499336,-119.188176,74.72206564006915,9119.86644491913
6815,2020,12,NV,6401,TRACYSPP,9r50xy,39.499336,-119.188176,76.14405249523078,8406.223473154481
6816,2021,1,NV,6401,TRACYSPP,9r50xy,39.499336,-119.188176,77.83441101499824,9093.616249415438
6817,2021,2,NV,6401,TRACYSPP,9r50xy,39.499336,-119.188176,79.1438644169443,9727.46976235811
6818,2021,3,NV,6401,TRACYSPP,9r50xy,39.499336,-119.188176,80.26286525997962,13200.78548413384
6819,2021,4,NV,6401,TRACYSPP,9r50xy,39.499336,-119.188176,81.42870594348949,14436.86103548437
6820,2021,5,NV,6401,TRACYSPP,9r50xy,39.499336,-119.188176,83.35488391168391,15982.174392008712
6821,2021,6,NV,6401,TRACYSPP,9r50xy,39.499336,-119.188176,85.14363555546711,15642.358566825475
6822,2021,7,NV,6401,TRACYSPP,9r50xy,39.499336,-119.188176,86.50699896248764,15492.28636925671
6823,2021,8,NV,6401,TRACYSPP,9r50xy,39.499336,-119.188176,88.19573723620096,15527.310344438725
6824,2021,9,NV,6401,TRACYSPP,9r50xy,39.499336,-119.188176,89.73187779063235,13943.981891221307
6825,2021,10,NV,6401,TRACYSPP,9r50xy,39.499336,-119.188176,91.33120794117568,12753.457348256808
6826,2021,11,NV,6401,TRACYSPP,9r50xy,39.499336,-119.188176,92.8305247216491,11515.019772749518
6827,2021,12,NV,6401,TRACYSPP,9r50xy,39.499336,-119.188176,93.85628776902279,10382.94104004056
6828,2022,1,NV,6401,TRACYSPP,9r50xy,39.499336,-119.188176,95.59216047340233,12151.285242886437
6829,2022,2,NV,6401,TRACYSPP,9r50xy,39.499336,-119.188176,97.03167544496797,12657.3705708516
6830,2022,3,NV,6401,TRACYSPP,9r50xy,39.499336,-119.188176,98.60375600278238,16830.070509935063
6831,2022,4,NV,6401,TRACYSPP,9r50xy,39.499336,-119.188176,100.06683818968115,18464.315784584574
6832,2022,5,NV,6401,TRACYSPP,9r50xy,39.499336,-119.188176,101.59384644817096,20379.090608344966
6833,2022,6,NV,6401,TRACYSPP,9r50xy,39.499336,-119.188176,103.29039136196337,20005.944112401394
6834,2022,7,NV,6401,TRACYSPP,9r50xy,39.499336,-119.188176,105.05189341301765,19882.120195500072
6835,2022,8,NV,6401,TRACYSPP,9r50xy,39.499336,-119.188176,107.00443720336598,19277.300018896836
6836,2022,9,NV,6401,TRACYSPP,9r50xy,39.499336,-119.188176,108.97436181502249,18343.19149219966
6837,2022,10,NV,6401,TRACYSPP,9r50xy,39.499336,-119.188176,110.27158972401448,17274.12044615926
6838,2022,11,NV,6401,TRACYSPP,9r50xy,39.499336,-119.188176,112.1728748210133,14685.249910914143
6839,2022,12,NV,6401,TRACYSPP,9r50xy,39.499336,-119.188176,114.24222362235636,14048.336047765368
6840,2018,1,NV,6402,SUMITSPP,9r4bc7,39.527222,-119.821944,5.667219145766415,660.1905449201241
6841,2018,2,NV,6402,SUMITSPP,9r4bc7,39.527222,-119.821944,5.7336130169357835,703.6279143966373
6842,2018,3,NV,6402,SUMITSPP,9r4bc7,39.527222,-119.821944,5.826784932824014,950.7171158784619
6843,2018,4,NV,6402,SUMITSPP,9r4bc7,39.527222,-119.821944,6.023394090069098,1085.7209435392467
6844,2018,5,NV,6402,SUMITSPP,9r4bc7,39.527222,-119.821944,6.224486671086873,1202.766429528307
6845,2018,6,NV,6402,SUMITSPP,9r4bc7,39.527222,-119.821944,6.395126269867185,1252.6265853044108
6846,2018,7,NV,6402,SUMITSPP,9r4bc7,39.527222,-119.821944,6.516595204648634,1202.2160708855217
6847,2018,8,NV,6402,SUMITSPP,9r4bc7,39.527222,-119.821944,6.691203735949034,1208.7799257866595
6848,2018,9,NV,6402,SUMITSPP,9r4bc7,39.527222,-119.821944,6.871594168945364,1149.0586141702297
6849,2018,10,NV,6402,SUMITSPP,9r4bc7,39.527222,-119.821944,7.03017997266467,1053.9202637153796
6850,2018,11,NV,6402,SUMITSPP,9r4bc7,39.527222,-119.821944,7.207581456479206,884.85199471927
6851,2018,12,NV,6402,SUMITSPP,9r4bc7,39.527222,-119.821944,7.387922890308621,799.0741756163791
6852,2019,1,NV,6402,SUMITSPP,9r4bc7,39.527222,-119.821944,7.668247124227406,867.4717697183881
6853,2019,2,NV,6402,SUMITSPP,9r4bc7,39.527222,-119.821944,7.887126402835203,913.5734443963025
6854,2019,3,NV,6402,SUMITSPP,9r4bc7,39.527222,-119.821944,8.121930410690267,1355.6264355977996
6855,2019,4,NV,6402,SUMITSPP,9r4bc7,39.527222,-119.821944,8.324247970880908,1484.5808261113004
6856,2019,5,NV,6402,SUMITSPP,9r4bc7,39.527222,-119.821944,8.526492032321178,1649.981801458849
6857,2019,6,NV,6402,SUMITSPP,9r4bc7,39.527222,-119.821944,8.711096393672168,1700.9798893877953
6858,2019,7,NV,6402,SUMITSPP,9r4bc7,39.527222,-119.821944,8.906431572577471,1710.6390706620994
6859,2019,8,NV,6402,SUMITSPP,9r4bc7,39.527222,-119.821944,9.192194714023783,1708.1221549547772
6860,2019,9,NV,6402,SUMITSPP,9r4bc7,39.527222,-119.821944,9.387358395844885,1552.582874438391
6861,2019,10,NV,6402,SUMITSPP,9r4bc7,39.527222,-119.821944,9.668932108519993,1532.2818825964764
6862,2019,11,NV,6402,SUMITSPP,9r4bc7,39.527222,-119.821944,9.862723813667484,1188.6134856570927
6863,2019,12,NV,6402,SUMITSPP,9r4bc7,39.527222,-119.821944,10.136751654637735,1007.4650355485925
6864,2020,1,NV,6402,SUMITSPP,9r4bc7,39.527222,-119.821944,10.3496775344654,1226.6230949165513
6865,2020,2,NV,6402,SUMITSPP,9r4bc7,39.527222,-119.821944,10.585829019410616,1353.0862452861932
6866,2020,3,NV,6402,SUMITSPP,9r4bc7,39.527222,-119.821944,10.837684737351983,1745.1558968059635
6867,2020,4,NV,6402,SUMITSPP,9r4bc7,39.527222,-119.821944,11.022950587456322,1909.6939723245612
6868,2020,5,NV,6402,SUMITSPP,9r4bc7,39.527222,-119.821944,11.178155448658515,2157.6062618122182
6869,2020,6,NV,6402,SUMITSPP,9r4bc7,39.527222,-119.821944,11.36035885083069,2148.307126416403
6870,2020,7,NV,6402,SUMITSPP,9r4bc7,39.527222,-119.821944,11.556845510158485,2169.992344723657
6871,2020,8,NV,6402,SUMITSPP,9r4bc7,39.527222,-119.821944,11.756713112003395,2085.355422223207
6872,2020,9,NV,6402,SUMITSPP,9r4bc7,39.527222,-119.821944,11.984804233991149,1850.46961025898
6873,2020,10,NV,6402,SUMITSPP,9r4bc7,39.527222,-119.821944,12.231711036074133,1810.5762280274873
6874,2020,11,NV,6402,SUMITSPP,9r4bc7,39.527222,-119.821944,12.428516189986874,1516.9067770044928
6875,2020,12,NV,6402,SUMITSPP,9r4bc7,39.527222,-119.821944,12.66503516868395,1398.2065891487243
6876,2021,1,NV,6402,SUMITSPP,9r4bc7,39.527222,-119.821944,12.946192388440284,1512.5405837386445
6877,2021,2,NV,6402,SUMITSPP,9r4bc7,39.527222,-119.821944,13.163993685375962,1617.9693962347437
6878,2021,3,NV,6402,SUMITSPP,9r4bc7,39.527222,-119.821944,13.350117020901306,2195.6857683832804
6879,2021,4,NV,6402,SUMITSPP,9r4bc7,39.527222,-119.821944,13.544031223966083,2401.2821323276007
6880,2021,5,NV,6402,SUMITSPP,9r4bc7,39.527222,-119.821944,13.864412276837603,2658.3139997639137
6881,2021,6,NV,6402,SUMITSPP,9r4bc7,39.527222,-119.821944,14.161935218343435,2601.792456244929
6882,2021,7,NV,6402,SUMITSPP,9r4bc7,39.527222,-119.821944,14.388703362824494,2576.830957641093
6883,2021,8,NV,6402,SUMITSPP,9r4bc7,39.527222,-119.821944,14.669591087162797,2582.6564930951604
6884,2021,9,NV,6402,SUMITSPP,9r4bc7,39.527222,-119.821944,14.925097243039303,2319.3015771635114
6885,2021,10,NV,6402,SUMITSPP,9r4bc7,39.527222,-119.821944,15.19111372021901,2121.2817094033717
6886,2021,11,NV,6402,SUMITSPP,9r4bc7,39.527222,-119.821944,15.440494980231183,1915.29247013873
6887,2021,12,NV,6402,SUMITSPP,9r4bc7,39.527222,-119.821944,15.611110079428038,1726.993890096958
6888,2022,1,NV,6402,SUMITSPP,9r4bc7,39.527222,-119.821944,15.899837670472689,2021.122463313943
6889,2022,2,NV,6402,SUMITSPP,9r4bc7,39.527222,-119.821944,16.139272099601186,2105.299602131649
6890,2022,3,NV,6402,SUMITSPP,9r4bc7,39.527222,-119.821944,16.400756153841282,2799.344504458951
6891,2022,4,NV,6402,SUMITSPP,9r4bc7,39.527222,-119.821944,16.644110516322957,3071.168411900547
6892,2022,5,NV,6402,SUMITSPP,9r4bc7,39.527222,-119.821944,16.898097698025108,3389.652780519552
6893,2022,6,NV,6402,SUMITSPP,9r4bc7,39.527222,-119.821944,17.18028390028665,3327.5873487579247
6894,2022,7,NV,6402,SUMITSPP,9r4bc7,39.527222,-119.821944,17.473274418852874,3306.991724925352
6895,2022,8,NV,6402,SUMITSPP,9r4bc7,39.527222,-119.821944,17.798040897163258,3206.392025324528
6896,2022,9,NV,6402,SUMITSPP,9r4bc7,39.527222,-119.821944,18.125698326321608,3051.0218164335806
6897,2022,10,NV,6402,SUMITSPP,9r4bc7,39.527222,-119.821944,18.34146615783032,2873.203300709434
6898,2022,11,NV,6402,SUMITSPP,9r4bc7,39.527222,-119.821944,18.657706781097556,2442.5966373971196
6899,2022,12,NV,6402,SUMITSPP,9r4bc7,39.527222,-119.821944,19.001901429089603,2336.658797055527
6900,2018,1,NV,6403,VALMY,9rkf69,41.182805,-116.954457,0.04142918186678052,4.826203725094502
6901,2018,2,NV,6403,VALMY,9rkf69,41.182805,-116.954457,0.04191454226890475,5.143744768341672
6902,2018,3,NV,6403,VALMY,9rkf69,41.182805,-116.954457,0.04259565872989311,6.95004574280729
6903,2018,4,NV,6403,VALMY,9rkf69,41.182805,-116.954457,0.04403293445943073,7.93696683849994
6904,2018,5,NV,6403,VALMY,9rkf69,41.182805,-116.954457,0.0455029854485952,8.792606721307175
6905,2018,6,NV,6403,VALMY,9rkf69,41.182805,-116.954457,0.04675041541198829,9.157100383617255
6906,2018,7,NV,6403,VALMY,9rkf69,41.182805,-116.954457,0.04763839211816244,8.788583423863146
6907,2018,8,NV,6403,VALMY,9rkf69,41.182805,-116.954457,0.04891483624581536,8.836567299455735
6908,2018,9,NV,6403,VALMY,9rkf69,41.182805,-116.954457,0.05023354792140233,8.39998543864521
6909,2018,10,NV,6403,VALMY,9rkf69,41.182805,-116.954457,0.05139286079333966,7.704493712964563
6910,2018,11,NV,6403,VALMY,9rkf69,41.182805,-116.954457,0.05268972229584208,6.468550672121672
6911,2018,12,NV,6403,VALMY,9rkf69,41.182805,-116.954457,0.0540080757718703,5.841487420049588
6912,2019,1,NV,6403,VALMY,9rkf69,41.182805,-116.954457,0.05605733544755497,6.341495676730325
6913,2019,2,NV,6403,VALMY,9rkf69,41.182805,-116.954457,0.0576574128765505,6.678513641885468
6914,2019,3,NV,6403,VALMY,9rkf69,41.182805,-116.954457,0.059373905162144094,9.910062183805218
6915,2019,4,NV,6403,VALMY,9rkf69,41.182805,-116.954457,0.060852911140277646,10.852759961972955
6916,2019,5,NV,6403,VALMY,9rkf69,41.182805,-116.954457,0.062331379819073045,12.061893915039768
6917,2019,6,NV,6403,VALMY,9rkf69,41.182805,-116.954457,0.06368089665671366,12.434706224802786
6918,2019,7,NV,6403,VALMY,9rkf69,41.182805,-116.954457,0.06510885919772344,12.50531792472201
6919,2019,8,NV,6403,VALMY,9rkf69,41.182805,-116.954457,0.06719787902443083,12.486918467086797
6920,2019,9,NV,6403,VALMY,9rkf69,41.182805,-116.954457,0.06862458786698494,11.349876652715578
6921,2019,10,NV,6403,VALMY,9rkf69,41.182805,-116.954457,0.07068298163141808,11.20146991892569
6922,2019,11,NV,6403,VALMY,9rkf69,41.182805,-116.954457,0.07209966088632681,8.689144181654212
6923,2019,12,NV,6403,VALMY,9rkf69,41.182805,-116.954457,0.07410289191871042,7.364891158893163
6924,2020,1,NV,6403,VALMY,9rkf69,41.182805,-116.954457,0.0756594481013162,8.967006564278277
6925,2020,2,NV,6403,VALMY,9rkf69,41.182805,-116.954457,0.07738579087477579,9.891492581379593
6926,2020,3,NV,6403,VALMY,9rkf69,41.182805,-116.954457,0.07922693660681901,12.757646947298532
6927,2020,4,NV,6403,VALMY,9rkf69,41.182805,-116.954457,0.08058128913850292,13.960472827035744
6928,2020,5,NV,6403,VALMY,9rkf69,41.182805,-116.954457,0.08171588624088559,15.772790837689467
6929,2020,6,NV,6403,VALMY,9rkf69,41.182805,-116.954457,0.08304785130014682,15.704811188128037
6930,2020,7,NV,6403,VALMY,9rkf69,41.182805,-116.954457,0.08448423153078753,15.863337059452986
6931,2020,8,NV,6403,VALMY,9rkf69,41.182805,-116.954457,0.08594532753098291,15.244614125907145
6932,2020,9,NV,6403,VALMY,9rkf69,41.182805,-116.954457,0.08761274647702594,13.527523826150198
6933,2020,10,NV,6403,VALMY,9rkf69,41.182805,-116.954457,0.08941771405363405,13.235890461489479
6934,2020,11,NV,6403,VALMY,9rkf69,41.182805,-116.954457,0.09085642258140673,11.089072986778275
6935,2020,12,NV,6403,VALMY,9rkf69,41.182805,-116.954457,0.09258545185155703,10.221336704871606
6936,2021,1,NV,6403,VALMY,9rkf69,41.182805,-116.954457,0.09464080091974068,11.057154719595777
6937,2021,2,NV,6403,VALMY,9rkf69,41.182805,-116.954457,0.09623299795844344,11.827873009210975
6938,2021,3,NV,6403,VALMY,9rkf69,41.182805,-116.954457,0.09759361898240572,16.051164191984107
6939,2021,4,NV,6403,VALMY,9rkf69,41.182805,-116.954457,0.09901119373621135,17.55413927269208
6940,2021,5,NV,6403,VALMY,9rkf69,41.182805,-116.954457,0.101353281551185,19.433124310624144
6941,2021,6,NV,6403,VALMY,9rkf69,41.182805,-116.954457,0.10352826927199558,19.01993377649976
6942,2021,7,NV,6403,VALMY,9rkf69,41.182805,-116.954457,0.10518601682995199,18.837457249877662
6943,2021,8,NV,6403,VALMY,9rkf69,41.182805,-116.954457,0.10723939580056245,18.880043774518803
6944,2021,9,NV,6403,VALMY,9rkf69,41.182805,-116.954457,0.10910722739973353,16.95483523272569
6945,2021,10,NV,6403,VALMY,9rkf69,41.182805,-116.954457,0.11105189280425933,15.507246758791494
6946,2021,11,NV,6403,VALMY,9rkf69,41.182805,-116.954457,0.11287494945858499,14.001399634021361
6947,2021,12,NV,6403,VALMY,9rkf69,41.182805,-116.954457,0.11412220032219869,12.624876877947118
6948,2022,1,NV,6403,VALMY,9rkf69,41.182805,-116.954457,0.11623289122221128,14.775050682523933
6949,2022,2,NV,6403,VALMY,9rkf69,41.182805,-116.954457,0.11798323336610798,15.390412450510118
6950,2022,3,NV,6403,VALMY,9rkf69,41.182805,-116.954457,0.11989476531144817,20.464102340146663
6951,2022,4,NV,6403,VALMY,9rkf69,41.182805,-116.954457,0.12167376342004599,22.451221914576642
6952,2022,5,NV,6403,VALMY,9rkf69,41.182805,-116.954457,0.12353049083289538,24.7794443619299
6953,2022,6,NV,6403,VALMY,9rkf69,41.182805,-116.954457,0.12559336209181307,24.32572623422814
6954,2022,7,NV,6403,VALMY,9rkf69,41.182805,-116.954457,0.12773521635343804,24.175165646491408
6955,2022,8,NV,6403,VALMY,9rkf69,41.182805,-116.954457,0.13010936302892098,23.439749714390125
6956,2022,9,NV,6403,VALMY,9rkf69,41.182805,-116.954457,0.132504643478371,22.303943867596416
6957,2022,10,NV,6403,VALMY,9rkf69,41.182805,-116.954457,0.13408197523538506,21.00403372864936
6958,2022,11,NV,6403,VALMY,9rkf69,41.182805,-116.954457,0.13639379518764322,17.85616149915561
6959,2022,12,NV,6403,VALMY,9rkf69,41.182805,-116.954457,0.1389099679881758,17.081722053424198
6960,2018,1,NV,6404,GONDER,9rn2tf,39.476861,-114.70735,0.575405303705285,67.0306072929792
6961,2018,2,NV,6404,GONDER,9rn2tf,39.476861,-114.70735,0.5821464204014549,71.44089956030099
6962,2018,3,NV,6404,GONDER,9rn2tf,39.476861,-114.70735,0.5916063712485155,96.5284130945457
6963,2018,4,NV,6404,GONDER,9rn2tf,39.476861,-114.70735,0.6115685341587602,110.23565053472139
6964,2018,5,NV,6404,GONDER,9rn2tf,39.476861,-114.70735,0.6319859090082667,122.11953779593298
6965,2018,6,NV,6404,GONDER,9rn2tf,39.476861,-114.70735,0.6493113251665039,127.18194977246188
6966,2018,7,NV,6404,GONDER,9rn2tf,39.476861,-114.70735,0.6616443349744783,122.06365866476591
6967,2018,8,NV,6404,GONDER,9rn2tf,39.476861,-114.70735,0.6793727256363243,122.73010138132966
6968,2018,9,NV,6404,GONDER,9rn2tf,39.476861,-114.70735,0.6976881655750324,116.66646442562791
6969,2018,10,NV,6404,GONDER,9rn2tf,39.476861,-114.70735,0.7137897332408286,107.00685712450782
6970,2018,11,NV,6404,GONDER,9rn2tf,39.476861,-114.70735,0.7318016985533623,89.84098155724544
6971,2018,12,NV,6404,GONDER,9rn2tf,39.476861,-114.70735,0.7501121634981986,81.13176972291093
6972,2019,1,NV,6404,GONDER,9rn2tf,39.476861,-114.70735,0.7785741034382635,88.07632884347674
6973,2019,2,NV,6404,GONDER,9rn2tf,39.476861,-114.70735,0.8007974010632014,92.75713391507594
6974,2019,3,NV,6404,GONDER,9rn2tf,39.476861,-114.70735,0.8246375716964457,137.63975255285027
6975,2019,4,NV,6404,GONDER,9rn2tf,39.476861,-114.70735,0.8451793213927451,150.73277724962438
6976,2019,5,NV,6404,GONDER,9rn2tf,39.476861,-114.70735,0.8657136085982368,167.52630437555234
6977,2019,6,NV,6404,GONDER,9rn2tf,39.476861,-114.70735,0.884456898009912,172.70425312226092
6978,2019,7,NV,6404,GONDER,9rn2tf,39.476861,-114.70735,0.9042897110794923,173.6849711766946
6979,2019,8,NV,6404,GONDER,9rn2tf,39.476861,-114.70735,0.9333038753393171,173.4294231539833
6980,2019,9,NV,6404,GONDER,9rn2tf,39.476861,-114.70735,0.9531192759303464,157.6371757321608
6981,2019,10,NV,6404,GONDER,9rn2tf,39.476861,-114.70735,0.98170807821414,155.57597109619013
6982,2019,11,NV,6404,GONDER,9rn2tf,39.476861,-114.70735,1.0013841789767615,120.68255807853073
6983,2019,12,NV,6404,GONDER,9rn2tf,39.476861,-114.70735,1.0292068322043113,102.29015498462726
6984,2020,1,NV,6404,GONDER,9rn2tf,39.476861,-114.70735,1.0508256680738361,124.5417578371983
6985,2020,2,NV,6404,GONDER,9rn2tf,39.476861,-114.70735,1.0748026510385527,137.3818414080499
6986,2020,3,NV,6404,GONDER,9rn2tf,39.476861,-114.70735,1.1003741195391528,177.18954093470185
6987,2020,4,NV,6404,GONDER,9rn2tf,39.476861,-114.70735,1.1191845713680961,193.895455931052
6988,2020,5,NV,6404,GONDER,9rn2tf,39.476861,-114.70735,1.1349428644567443,219.0665394123537
6989,2020,6,NV,6404,GONDER,9rn2tf,39.476861,-114.70735,1.1534423791687058,218.1223776128894
6990,2020,7,NV,6404,GONDER,9rn2tf,39.476861,-114.70735,1.1733921045942712,220.32412582573593
6991,2020,8,NV,6404,GONDER,9rn2tf,39.476861,-114.70735,1.193685104596985,211.73075174871033
6992,2020,9,NV,6404,GONDER,9rn2tf,39.476861,-114.70735,1.2168437010698048,187.88227536319718
6993,2020,10,NV,6404,GONDER,9rn2tf,39.476861,-114.70735,1.2419126951893618,183.83181196513164
6994,2020,11,NV,6404,GONDER,9rn2tf,39.476861,-114.70735,1.2618947580750934,154.0149025941427
6995,2020,12,NV,6404,GONDER,9rn2tf,39.476861,-114.70735,1.2859090534938475,141.9630097898834
6996,2021,1,NV,6404,GONDER,9rn2tf,39.476861,-114.70735,1.3144555683297316,153.57159332771914
6997,2021,2,NV,6404,GONDER,9rn2tf,39.476861,-114.70735,1.336569416089492,164.27601401681912
6998,2021,3,NV,6404,GONDER,9rn2tf,39.476861,-114.70735,1.3554669303111906,222.9328359997793
6999,2021,4,NV,6404,GONDER,9rn2tf,39.476861,-114.70735,1.375155468558491,243.80748989850107
7000,2021,5,NV,6404,GONDER,9rn2tf,39.476861,-114.70735,1.4076844659886805,269.9045043142242
7001,2021,6,NV,6404,GONDER,9rn2tf,39.476861,-114.70735,1.4378926287777163,264.16574689582995
7002,2021,7,NV,6404,GONDER,9rn2tf,39.476861,-114.70735,1.4609169004159999,261.6313506927453
7003,2021,8,NV,6404,GONDER,9rn2tf,39.476861,-114.70735,1.4894360527855897,262.2228302016501
7004,2021,9,NV,6404,GONDER,9rn2tf,39.476861,-114.70735,1.5153781583296322,235.4838226767457
7005,2021,10,NV,6404,GONDER,9rn2tf,39.476861,-114.70735,1.5423874000591573,215.37842720543742
7006,2021,11,NV,6404,GONDER,9rn2tf,39.476861,-114.70735,1.567707631369236,194.46388380585225
7007,2021,12,NV,6404,GONDER,9rn2tf,39.476861,-114.70735,1.5850305600305374,175.34551219370996
7008,2022,1,NV,6404,GONDER,9rn2tf,39.476861,-114.70735,1.6143457114196011,205.20903725727683
7009,2022,2,NV,6404,GONDER,9rn2tf,39.476861,-114.70735,1.638656018973722,213.7557284793072
7010,2022,3,NV,6404,GONDER,9rn2tf,39.476861,-114.70735,1.6652050737701136,284.2236436131481
7011,2022,4,NV,6404,GONDER,9rn2tf,39.476861,-114.70735,1.689913380833972,311.82252659134224
7012,2022,5,NV,6404,GONDER,9rn2tf,39.476861,-114.70735,1.7157012615679914,344.1589494712486
7013,2022,6,NV,6404,GONDER,9rn2tf,39.476861,-114.70735,1.7443522512751815,337.85730880872416
7014,2022,7,NV,6404,GONDER,9rn2tf,39.476861,-114.70735,1.774100227131084,335.7661895346029
7015,2022,8,NV,6404,GONDER,9rn2tf,39.476861,-114.70735,1.8070744865127915,325.55207936652954
7016,2022,9,NV,6404,GONDER,9rn2tf,39.476861,-114.70735,1.8403422705329304,309.77699816106133
7017,2022,10,NV,6404,GONDER,9rn2tf,39.476861,-114.70735,1.8622496560470145,291.72269067568556
7018,2022,11,NV,6404,GONDER,9rn2tf,39.476861,-114.70735,1.8943582664950445,248.00224304382792
7019,2022,12,NV,6404,GONDER,9rn2tf,39.476861,-114.70735,1.9293051109468862,237.24613963089163
7020,2018,1,UT,6501,BENLOMND,9x27ep,41.439081,-112.006907,7.5508782950768065,795.016613323892
7021,2018,2,UT,6501,BENLOMND,9x27ep,41.439081,-112.006907,7.740031824708405,836.4365283570346
7022,2018,3,UT,6501,BENLOMND,9x27ep,41.439081,-112.006907,7.913163116382446,1239.8868831926986
7023,2018,4,UT,6501,BENLOMND,9x27ep,41.439081,-112.006907,8.022509195334473,1347.3286698058653
7024,2018,5,UT,6501,BENLOMND,9x27ep,41.439081,-112.006907,8.146017110206328,1508.855381046793
7025,2018,6,UT,6501,BENLOMND,9x27ep,41.439081,-112.006907,8.197007312995416,1519.123623305993
7026,2018,7,UT,6501,BENLOMND,9x27ep,41.439081,-112.006907,8.354685877539781,1560.6425193210202
7027,2018,8,UT,6501,BENLOMND,9x27ep,41.439081,-112.006907,8.462095619677031,1502.449143580968
7028,2018,9,UT,6501,BENLOMND,9x27ep,41.439081,-112.006907,8.588223284357111,1415.0855751067052
7029,2018,10,UT,6501,BENLOMND,9x27ep,41.439081,-112.006907,8.67490283235971,1308.9218467260675
7030,2018,11,UT,6501,BENLOMND,9x27ep,41.439081,-112.006907,8.857563938553529,1052.7438027182786
7031,2018,12,UT,6501,BENLOMND,9x27ep,41.439081,-112.006907,9.000587091127239,887.5191817371806
7032,2019,1,UT,6501,BENLOMND,9x27ep,41.439081,-112.006907,9.10678187683169,955.3196356326586
7033,2019,2,UT,6501,BENLOMND,9x27ep,41.439081,-112.006907,9.190765740249011,989.3750542809936
7034,2019,3,UT,6501,BENLOMND,9x27ep,41.439081,-112.006907,9.273268875513855,1449.8779407663105
7035,2019,4,UT,6501,BENLOMND,9x27ep,41.439081,-112.006907,9.360366064790227,1572.616408542318
7036,2019,5,UT,6501,BENLOMND,9x27ep,41.439081,-112.006907,9.473584817371805,1749.1620315316377
7037,2019,6,UT,6501,BENLOMND,9x27ep,41.439081,-112.006907,9.585588613520583,1767.9145043980252
7038,2019,7,UT,6501,BENLOMND,9x27ep,41.439081,-112.006907,9.717942929918767,1810.4666449243718
7039,2019,8,UT,6501,BENLOMND,9x27ep,41.439081,-112.006907,9.838223616765994,1753.6083164670245
7040,2019,9,UT,6501,BENLOMND,9x27ep,41.439081,-112.006907,9.932572577250644,1634.009599852481
7041,2019,10,UT,6501,BENLOMND,9x27ep,41.439081,-112.006907,10.084138392242481,1528.2357206172182
7042,2019,11,UT,6501,BENLOMND,9x27ep,41.439081,-112.006907,10.203963470427409,1214.4577691194115
7043,2019,12,UT,6501,BENLOMND,9x27ep,41.439081,-112.006907,10.358680578666824,1025.0636021793432
7044,2020,1,UT,6501,BENLOMND,9x27ep,41.439081,-112.006907,10.569513487146201,1113.3079381326093
7045,2020,2,UT,6501,BENLOMND,9x27ep,41.439081,-112.006907,10.718345650164235,1208.2928144076632
7046,2020,3,UT,6501,BENLOMND,9x27ep,41.439081,-112.006907,10.863305139552724,1705.1165197124367
7047,2020,4,UT,6501,BENLOMND,9x27ep,41.439081,-112.006907,11.048244289058042,1860.9273165457012
7048,2020,5,UT,6501,BENLOMND,9x27ep,41.439081,-112.006907,11.160286052595346,2069.0943448397948
7049,2020,6,UT,6501,BENLOMND,9x27ep,41.439081,-112.006907,11.317053399815109,2090.6529873920654
7050,2020,7,UT,6501,BENLOMND,9x27ep,41.439081,-112.006907,11.4870713656301,2145.9715863751694
7051,2020,8,UT,6501,BENLOMND,9x27ep,41.439081,-112.006907,11.668479548002596,2080.181315865148
7052,2020,9,UT,6501,BENLOMND,9x27ep,41.439081,-112.006907,11.734922477921362,1937.0102803131329
7053,2020,10,UT,6501,BENLOMND,9x27ep,41.439081,-112.006907,12.046330998603489,1829.8830155465075
7054,2020,11,UT,6501,BENLOMND,9x27ep,41.439081,-112.006907,12.27485671013552,1468.3832839007887
7055,2020,12,UT,6501,BENLOMND,9x27ep,41.439081,-112.006907,12.242242723392536,1227.06666291379
7056,2021,1,UT,6501,BENLOMND,9x27ep,41.439081,-112.006907,12.691852538305698,1346.0669755177908
7057,2021,2,UT,6501,BENLOMND,9x27ep,41.439081,-112.006907,13.000907080899273,1410.188237595641
7058,2021,3,UT,6501,BENLOMND,9x27ep,41.439081,-112.006907,13.212841043645875,2081.437353012332
7059,2021,4,UT,6501,BENLOMND,9x27ep,41.439081,-112.006907,13.39728661710037,2255.4484250132764
7060,2021,5,UT,6501,BENLOMND,9x27ep,41.439081,-112.006907,13.5187822603804,2509.756195462324
7061,2021,6,UT,6501,BENLOMND,9x27ep,41.439081,-112.006907,13.7270713538286,2533.4905592140203
7062,2021,7,UT,6501,BENLOMND,9x27ep,41.439081,-112.006907,13.865310615448161,2584.592462060148
7063,2021,8,UT,6501,BENLOMND,9x27ep,41.439081,-112.006907,14.040492146102553,2505.2752083338246
7064,2021,9,UT,6501,BENLOMND,9x27ep,41.439081,-112.006907,14.200524688735468,2346.5439220078283
7065,2021,10,UT,6501,BENLOMND,9x27ep,41.439081,-112.006907,14.337207287425503,2171.6009784229263
7066,2021,11,UT,6501,BENLOMND,9x27ep,41.439081,-112.006907,14.585362138824962,1739.3697104875985
7067,2021,12,UT,6501,BENLOMND,9x27ep,41.439081,-112.006907,14.753481735213706,1466.6739161346156
7068,2022,1,UT,6501,BENLOMND,9x27ep,41.439081,-112.006907,14.892935953266063,1588.4961548907377
7069,2022,2,UT,6501,BENLOMND,9x27ep,41.439081,-112.006907,15.135319761609722,1656.301696416278
7070,2022,3,UT,6501,BENLOMND,9x27ep,41.439081,-112.006907,15.378994461163233,2427.005285019964
7071,2022,4,UT,6501,BENLOMND,9x27ep,41.439081,-112.006907,15.581208772447432,2629.1274114848247
7072,2022,5,UT,6501,BENLOMND,9x27ep,41.439081,-112.006907,15.807114734171238,2935.2403547176486
7073,2022,6,UT,6501,BENLOMND,9x27ep,41.439081,-112.006907,15.981309112723983,2956.5926824806747
7074,2022,7,UT,6501,BENLOMND,9x27ep,41.439081,-112.006907,16.263710548573002,3044.350656186936
7075,2022,8,UT,6501,BENLOMND,9x27ep,41.439081,-112.006907,16.533468844043192,2955.7017777089354
7076,2022,9,UT,6501,BENLOMND,9x27ep,41.439081,-112.006907,16.85376173364017,2791.842995562636
7077,2022,10,UT,6501,BENLOMND,9x27ep,41.439081,-112.006907,17.093146118290356,2607.730472040282
7078,2022,11,UT,6501,BENLOMND,9x27ep,41.439081,-112.006907,17.33025245962904,2088.0395022029466
7079,2022,12,UT,6501,BENLOMND,9x27ep,41.439081,-112.006907,17.67214879329675,1770.0418171770814
7080,2018,1,UT,6502,CAMP WIL,9x0mgn,40.423164974,-112.007999968,60.21495874196022,6339.910497787218
7081,2018,2,UT,6502,CAMP WIL,9x0mgn,40.423164974,-112.007999968,61.723375582699,6670.216242013335
7082,2018,3,UT,6502,CAMP WIL,9x0mgn,40.423164974,-112.007999968,63.10402206880273,9887.556731622115
7083,2018,4,UT,6502,CAMP WIL,9x0mgn,40.423164974,-112.007999968,63.976009323184044,10744.358085749689
7084,2018,5,UT,6502,CAMP WIL,9x0mgn,40.423164974,-112.007999968,64.96093103794182,12032.463107842095
7085,2018,6,UT,6502,CAMP WIL,9x0mgn,40.423164974,-112.007999968,65.36755564996754,12114.347858175488
7086,2018,7,UT,6502,CAMP WIL,9x0mgn,40.423164974,-112.007999968,66.62497338171947,12445.44293253083
7087,2018,8,UT,6502,CAMP WIL,9x0mgn,40.423164974,-112.007999968,67.48151919513778,11981.376160122734
7088,2018,9,UT,6502,CAMP WIL,9x0mgn,40.423164974,-112.007999968,68.48733227119844,11284.689832300703
7089,2018,10,UT,6502,CAMP WIL,9x0mgn,40.423164974,-112.007999968,69.17856383430696,10438.080434755413
7090,2018,11,UT,6502,CAMP WIL,9x0mgn,40.423164974,-112.007999968,70.63520643181684,8395.17234542987
7091,2018,12,UT,6502,CAMP WIL,9x0mgn,40.423164974,-112.007999968,71.77575364961349,7077.5781071517085
7092,2019,1,UT,6502,CAMP WIL,9x0mgn,40.423164974,-112.007999968,72.6226107157609,7618.257134737711
7093,2019,2,UT,6502,CAMP WIL,9x0mgn,40.423164974,-112.007999968,73.2923453708621,7889.834234607894
7094,2019,3,UT,6502,CAMP WIL,9x0mgn,40.423164974,-112.007999968,73.95027186522688,11562.143762937392
7095,2019,4,UT,6502,CAMP WIL,9x0mgn,40.423164974,-112.007999968,74.64483393520976,12540.929472939162
7096,2019,5,UT,6502,CAMP WIL,9x0mgn,40.423164974,-112.007999968,75.54770407151707,13948.803761060954
7097,2019,6,UT,6502,CAMP WIL,9x0mgn,40.423164974,-112.007999968,76.44088546055349,14098.346547453826
7098,2019,7,UT,6502,CAMP WIL,9x0mgn,40.423164974,-112.007999968,77.49635336637753,14437.681295816366
7099,2019,8,UT,6502,CAMP WIL,9x0mgn,40.423164974,-112.007999968,78.45553934619696,13984.260942792233
7100,2019,9,UT,6502,CAMP WIL,9x0mgn,40.423164974,-112.007999968,79.20793112645305,13030.513377925296
7101,2019,10,UT,6502,CAMP WIL,9x0mgn,40.423164974,-112.007999968,80.41660234849826,12187.012857160558
7102,2019,11,UT,6502,CAMP WIL,9x0mgn,40.423164974,-112.007999968,81.37215504809109,9684.770645695404
7103,2019,12,UT,6502,CAMP WIL,9x0mgn,40.423164974,-112.007999968,82.60595645837022,8174.434827450285
7104,2020,1,UT,6502,CAMP WIL,9x0mgn,40.423164974,-112.007999968,84.28725688322417,8878.144891497019
7105,2020,2,UT,6502,CAMP WIL,9x0mgn,40.423164974,-112.007999968,85.47412842390982,9635.607822629374
7106,2020,3,UT,6502,CAMP WIL,9x0mgn,40.423164974,-112.007999968,86.6301170826695,13597.560028435712
7107,2020,4,UT,6502,CAMP WIL,9x0mgn,40.423164974,-112.007999968,88.10492608131231,14840.083127898743
7108,2020,5,UT,6502,CAMP WIL,9x0mgn,40.423164974,-112.007999968,88.99841024370095,16500.124321826872
7109,2020,6,UT,6502,CAMP WIL,9x0mgn,40.423164974,-112.007999968,90.24856141499968,16672.045086682007
7110,2020,7,UT,6502,CAMP WIL,9x0mgn,40.423164974,-112.007999968,91.60438048622174,17113.186769180385
7111,2020,8,UT,6502,CAMP WIL,9x0mgn,40.423164974,-112.007999968,93.05103156310851,16588.538076727444
7112,2020,9,UT,6502,CAMP WIL,9x0mgn,40.423164974,-112.007999968,93.58088492948603,15446.811556723902
7113,2020,10,UT,6502,CAMP WIL,9x0mgn,40.423164974,-112.007999968,96.06423196435946,14592.518377046084
7114,2020,11,UT,6502,CAMP WIL,9x0mgn,40.423164974,-112.007999968,97.88662477134595,11709.715797580691
7115,2020,12,UT,6502,CAMP WIL,9x0mgn,40.423164974,-112.007999968,97.62654246179264,9785.321070419543
7116,2021,1,UT,6502,CAMP WIL,9x0mgn,40.423164974,-112.007999968,101.21198449873134,10734.29662448221
7117,2021,2,UT,6502,CAMP WIL,9x0mgn,40.423164974,-112.007999968,103.67655958576738,11245.635703145097
7118,2021,3,UT,6502,CAMP WIL,9x0mgn,40.423164974,-112.007999968,105.3666404378356,16598.554424765443
7119,2021,4,UT,6502,CAMP WIL,9x0mgn,40.423164974,-112.007999968,106.83751338289962,17986.216774986722
7120,2021,5,UT,6502,CAMP WIL,9x0mgn,40.423164974,-112.007999968,107.80638810998995,20014.210248982123
7121,2021,6,UT,6502,CAMP WIL,9x0mgn,40.423164974,-112.007999968,109.46740272024546,20203.48144078598
7122,2021,7,UT,6502,CAMP WIL,9x0mgn,40.423164974,-112.007999968,110.56980049566295,20610.996812013924
7123,2021,8,UT,6502,CAMP WIL,9x0mgn,40.423164974,-112.007999968,111.96679674278631,19978.476332406914
7124,2021,9,UT,6502,CAMP WIL,9x0mgn,40.423164974,-112.007999968,113.24298642237564,18712.663603918096
7125,2021,10,UT,6502,CAMP WIL,9x0mgn,40.423164974,-112.007999968,114.33297049035227,17317.569984540038
7126,2021,11,UT,6502,CAMP WIL,9x0mgn,40.423164974,-112.007999968,116.31189712043428,13870.714274697586
7127,2021,12,UT,6502,CAMP WIL,9x0mgn,40.423164974,-112.007999968,117.65257752404555,11696.084335717236
7128,2022,1,UT,6502,CAMP WIL,9x0mgn,40.423164974,-112.007999968,118.76466404673391,12667.563519183335
7129,2022,2,UT,6502,CAMP WIL,9x0mgn,40.423164974,-112.007999968,120.69756912727915,13208.283118398534
7130,2022,3,UT,6502,CAMP WIL,9x0mgn,40.423164974,-112.007999968,122.64076850179971,19354.307855720774
7131,2022,4,UT,6502,CAMP WIL,9x0mgn,40.423164974,-112.007999968,124.2533393757007,20966.14359592258
7132,2022,5,UT,6502,CAMP WIL,9x0mgn,40.423164974,-112.007999968,126.0548408213843,23407.260711949013
7133,2022,6,UT,6502,CAMP WIL,9x0mgn,40.423164974,-112.007999968,127.44396496135009,23577.53620640821
7134,2022,7,UT,6502,CAMP WIL,9x0mgn,40.423164974,-112.007999968,129.6959931551307,24277.36774381306
7135,2022,8,UT,6502,CAMP WIL,9x0mgn,40.423164974,-112.007999968,131.84719782262346,23570.43162969847
7136,2022,9,UT,6502,CAMP WIL,9x0mgn,40.423164974,-112.007999968,134.40139382191538,22263.729359992914
7137,2022,10,UT,6502,CAMP WIL,9x0mgn,40.423164974,-112.007999968,136.31037980763557,20795.512342774527
7138,2022,11,UT,6502,CAMP WIL,9x0mgn,40.423164974,-112.007999968,138.2011993922228,16651.20368298224
7139,2022,12,UT,6502,CAMP WIL,9x0mgn,40.423164974,-112.007999968,140.92767342892546,14115.310938378472
7140,2018,1,UT,6503,EMERY,9x47er,40.030278,-109.188333,16.203700544835858,1706.0546637162918
7141,2018,2,UT,6503,EMERY,9x47er,40.030278,-109.188333,16.609611888043116,1794.9391449066698
7142,2018,3,UT,6503,EMERY,9x47er,40.030278,-109.188333,16.981140536181424,2660.71773105171
7143,2018,4,UT,6503,EMERY,9x47er,40.030278,-109.188333,17.215790208689835,2891.28091433292
7144,2018,5,UT,6503,EMERY,9x47er,40.030278,-109.188333,17.48083027281131,3237.9068771227944
7145,2018,6,UT,6503,EMERY,9x47er,40.030278,-109.188333,17.590251977734503,3259.9418664562063
7146,2018,7,UT,6503,EMERY,9x47er,40.030278,-109.188333,17.92862006451486,3349.0387544855525
7147,2018,8,UT,6503,EMERY,9x47er,40.030278,-109.188333,18.15911448240593,3224.159502385869
7148,2018,9,UT,6503,EMERY,9x47er,40.030278,-109.188333,18.42977636159792,3036.6828875120473
7149,2018,10,UT,6503,EMERY,9x47er,40.030278,-109.188333,18.615785112409274,2808.8623352294408
7150,2018,11,UT,6503,EMERY,9x47er,40.030278,-109.188333,19.007764131311344,2259.1206827953815
7151,2018,12,UT,6503,EMERY,9x47er,40.030278,-109.188333,19.31468264392911,1904.5592428689442
7152,2019,1,UT,6503,EMERY,9x47er,40.030278,-109.188333,19.542569843236755,2050.054668539171
7153,2019,2,UT,6503,EMERY,9x47er,40.030278,-109.188333,19.72279382781613,2123.1354128105268
7154,2019,3,UT,6503,EMERY,9x47er,40.030278,-109.188333,19.899840264746953,3111.3450728054127
7155,2019,4,UT,6503,EMERY,9x47er,40.030278,-109.188333,20.08674524694636,3374.7339528077728
7156,2019,5,UT,6503,EMERY,9x47er,40.030278,-109.188333,20.329705428689444,3753.5895369701616
7157,2019,6,UT,6503,EMERY,9x47er,40.030278,-109.188333,20.570058391849095,3793.831141049546
7158,2019,7,UT,6503,EMERY,9x47er,40.030278,-109.188333,20.85408226628115,3885.1453055329357
7159,2019,8,UT,6503,EMERY,9x47er,40.030278,-109.188333,21.1121969060404,3763.1309792785346
7160,2019,9,UT,6503,EMERY,9x47er,40.030278,-109.188333,21.314663724159633,3506.479803900395
7161,2019,10,UT,6503,EMERY,9x47er,40.030278,-109.188333,21.639914242442124,3279.4958428807454
7162,2019,11,UT,6503,EMERY,9x47er,40.030278,-109.188333,21.897051175232583,2606.1484831494267
7163,2019,12,UT,6503,EMERY,9x47er,40.030278,-109.188333,22.22906416671584,2199.7207477114925
7164,2020,1,UT,6503,EMERY,9x47er,40.030278,-109.188333,22.681498066521115,2389.0874331071377
7165,2020,2,UT,6503,EMERY,9x47er,40.030278,-109.188333,23.000882342990888,2592.918885728054
7166,2020,3,UT,6503,EMERY,9x47er,40.030278,-109.188333,23.311956110225996,3659.0706934698374
7167,2020,4,UT,6503,EMERY,9x47er,40.030278,-109.188333,23.708823663971987,3993.430670531657
7168,2020,5,UT,6503,EMERY,9x47er,40.030278,-109.188333,23.949258102712378,4440.14376243583
7169,2020,6,UT,6503,EMERY,9x47er,40.030278,-109.188333,24.285670775555158,4486.407226687123
7170,2020,7,UT,6503,EMERY,9x47er,40.030278,-109.188333,24.65051842607344,4605.117392240514
7171,2020,8,UT,6503,EMERY,9x47er,40.030278,-109.188333,25.03980875081135,4463.935691192148
7172,2020,9,UT,6503,EMERY,9x47er,40.030278,-109.188333,25.182391017092502,4156.699831187427
7173,2020,10,UT,6503,EMERY,9x47er,40.030278,-109.188333,25.850653730257076,3926.811591617002
7174,2020,11,UT,6503,EMERY,9x47er,40.030278,-109.188333,26.341055250683503,3151.0563523298124
7175,2020,12,UT,6503,EMERY,9x47er,40.030278,-109.188333,26.271067726834637,2633.2063605593908
7176,2021,1,UT,6503,EMERY,9x47er,40.030278,-109.188333,27.235901553864007,2888.5733993096123
7177,2021,2,UT,6503,EMERY,9x47er,40.030278,-109.188333,27.899112781023188,3026.1735153045765
7178,2021,3,UT,6503,EMERY,9x47er,40.030278,-109.188333,28.35390947266969,4466.631066353926
7179,2021,4,UT,6503,EMERY,9x47er,40.030278,-109.188333,28.74971784386617,4840.047666648964
7180,2021,5,UT,6503,EMERY,9x47er,40.030278,-109.188333,29.010439702208842,5385.775831976161
7181,2021,6,UT,6503,EMERY,9x47er,40.030278,-109.188333,29.45741473810507,5436.708254381307
7182,2021,7,UT,6503,EMERY,9x47er,40.030278,-109.188333,29.754067327550597,5546.369660463012
7183,2021,8,UT,6503,EMERY,9x47er,40.030278,-109.188333,30.12999565704844,5376.159920986997
7184,2021,9,UT,6503,EMERY,9x47er,40.030278,-109.188333,30.473415229834185,5035.532760779685
7185,2021,10,UT,6503,EMERY,9x47er,40.030278,-109.188333,30.7667273204697,4660.116423831159
7186,2021,11,UT,6503,EMERY,9x47er,40.030278,-109.188333,31.29925171613461,3732.5758440412264
7187,2021,12,UT,6503,EMERY,9x47er,40.030278,-109.188333,31.660025587616293,3147.3881587340925
7188,2022,1,UT,6503,EMERY,9x47er,40.030278,-109.188333,31.959285395645242,3408.810870022226
7189,2022,2,UT,6503,EMERY,9x47er,40.030278,-109.188333,32.47942550303888,3554.3172134202705
7190,2022,3,UT,6503,EMERY,9x47er,40.030278,-109.188333,33.00233578017741,5208.197685405479
7191,2022,4,UT,6503,EMERY,9x47er,40.030278,-109.188333,33.43627472315651,5641.938805674553
7192,2022,5,UT,6503,EMERY,9x47er,40.030278,-109.188333,33.92105442851242,6298.837549265356
7193,2022,6,UT,6503,EMERY,9x47er,40.030278,-109.188333,34.29486439291123,6344.658275210951
7194,2022,7,UT,6503,EMERY,9x47er,40.030278,-109.188333,34.900879762396485,6532.981258417419
7195,2022,8,UT,6503,EMERY,9x47er,40.030278,-109.188333,35.47976376349796,6342.746450709073
7196,2022,9,UT,6503,EMERY,9x47er,40.030278,-109.188333,36.167091762553845,5991.116013323891
7197,2022,10,UT,6503,EMERY,9x47er,40.030278,-109.188333,36.68079529906964,5596.022345921598
7198,2022,11,UT,6503,EMERY,9x47er,40.030278,-109.188333,37.18961030074153,4480.798855087429
7199,2022,12,UT,6503,EMERY,9x47er,40.030278,-109.188333,37.923297905233966,3798.396217837965
7200,2018,1,UT,6504,MONA,9x06gc,39.868637,-111.977164,11.48963359493322,1209.720145394465
7201,2018,2,UT,6504,MONA,9x06gc,39.868637,-111.977164,11.77745504612419,1272.745879443756
7202,2018,3,UT,6504,MONA,9x06gc,39.868637,-111.977164,12.04089659920143,1886.6475435494974
7203,2018,4,UT,6504,MONA,9x06gc,39.868637,-111.977164,12.207280737987057,2050.134056340355
7204,2018,5,UT,6504,MONA,9x06gc,39.868637,-111.977164,12.395213933636237,2295.9177460553487
7205,2018,6,UT,6504,MONA,9x06gc,39.868637,-111.977164,12.472802092799117,2311.542198815916
7206,2018,7,UT,6504,MONA,9x06gc,39.868637,-111.977164,12.712730331818808,2374.7185451741702
7207,2018,8,UT,6504,MONA,9x06gc,39.868637,-111.977164,12.876168084813436,2286.1698308687864
7208,2018,9,UT,6504,MONA,9x06gc,39.868637,-111.977164,13.068087567121022,2153.2349122951946
7209,2018,10,UT,6504,MONA,9x06gc,39.868637,-111.977164,13.199981660470879,1991.6931296709347
7210,2018,11,UT,6504,MONA,9x06gc,39.868637,-111.977164,13.47792405342145,1601.8852496213685
7211,2018,12,UT,6504,MONA,9x06gc,39.868637,-111.977164,13.695552196062232,1350.4747140850889
7212,2019,1,UT,6504,MONA,9x06gc,39.868637,-111.977164,13.857141236403688,1453.6418348340903
7213,2019,2,UT,6504,MONA,9x06gc,39.868637,-111.977164,13.984933498554314,1505.461539363899
7214,2019,3,UT,6504,MONA,9x06gc,39.868637,-111.977164,14.110472642158886,2206.175976593694
7215,2019,4,UT,6504,MONA,9x06gc,39.868637,-111.977164,14.24300223048327,2392.9383594107117
7216,2019,5,UT,6504,MONA,9x06gc,39.868637,-111.977164,14.415279140850886,2661.5752572215333
7217,2019,6,UT,6504,MONA,9x06gc,39.868637,-111.977164,14.58570733856533,2690.1095593005643
7218,2019,7,UT,6504,MONA,9x06gc,39.868637,-111.977164,14.787101473220432,2754.858120225802
7219,2019,8,UT,6504,MONA,9x06gc,39.868637,-111.977164,14.970124025884619,2668.340852264904
7220,2019,9,UT,6504,MONA,9x06gc,39.868637,-111.977164,15.113688117857633,2486.35600512185
7221,2019,10,UT,6504,MONA,9x06gc,39.868637,-111.977164,15.344315021341044,2325.4074281701774
7222,2019,11,UT,6504,MONA,9x06gc,39.868637,-111.977164,15.52664430676029,1847.9538721740328
7223,2019,12,UT,6504,MONA,9x06gc,39.868637,-111.977164,15.762066308687869,1559.7662603331953
7224,2020,1,UT,6504,MONA,9x06gc,39.868637,-111.977164,16.082875726283905,1694.0413800357976
7225,2020,2,UT,6504,MONA,9x06gc,39.868637,-111.977164,16.30934302629767,1838.5730997659368
7226,2020,3,UT,6504,MONA,9x06gc,39.868637,-111.977164,16.52991755472945,2594.5543395841937
7227,2020,4,UT,6504,MONA,9x06gc,39.868637,-111.977164,16.81132628390472,2831.6405295332506
7228,2020,5,UT,6504,MONA,9x06gc,39.868637,-111.977164,16.981812253889576,3148.3934671623297
7229,2020,6,UT,6504,MONA,9x06gc,39.868637,-111.977164,17.220353958419384,3181.1977177474873
7230,2020,7,UT,6504,MONA,9x06gc,39.868637,-111.977164,17.479058185322867,3265.3720890541094
7231,2020,8,UT,6504,MONA,9x06gc,39.868637,-111.977164,17.755094093349854,3165.263721162054
7232,2020,9,UT,6504,MONA,9x06gc,39.868637,-111.977164,17.856195566570285,2947.4105555280184
7233,2020,10,UT,6504,MONA,9x06gc,39.868637,-111.977164,18.33004372848685,2784.402628225251
7234,2020,11,UT,6504,MONA,9x06gc,39.868637,-111.977164,18.677775024094725,2234.334238964615
7235,2020,12,UT,6504,MONA,9x06gc,39.868637,-111.977164,18.628148643811095,1867.1399276332093
7236,2021,1,UT,6504,MONA,9x06gc,39.868637,-111.977164,19.31228787002616,2048.214226022305
7237,2021,2,UT,6504,MONA,9x06gc,39.868637,-111.977164,19.782554151177198,2145.782982679333
7238,2021,3,UT,6504,MONA,9x06gc,39.868637,-111.977164,20.105038964615172,3167.174943411813
7239,2021,4,UT,6504,MONA,9x06gc,39.868637,-111.977164,20.38569665427509,3431.9551955390334
7240,2021,5,UT,6504,MONA,9x06gc,39.868637,-111.977164,20.570567919592452,3818.917213548121
7241,2021,6,UT,6504,MONA,9x06gc,39.868637,-111.977164,20.887506595070903,3855.0321040892195
7242,2021,7,UT,6504,MONA,9x06gc,39.868637,-111.977164,21.097855431639815,3932.790229271651
7243,2021,8,UT,6504,MONA,9x06gc,39.868637,-111.977164,21.364416687319284,3812.0988146495934
7244,2021,9,UT,6504,MONA,9x06gc,39.868637,-111.977164,21.6079268071045,3570.5687238882006
7245,2021,10,UT,6504,MONA,9x06gc,39.868637,-111.977164,21.815906980586533,3304.370509155996
7246,2021,11,UT,6504,MONA,9x06gc,39.868637,-111.977164,22.193506539997244,2646.674979870577
7247,2021,12,UT,6504,MONA,9x06gc,39.868637,-111.977164,22.449322153380145,2231.733215806141
7248,2022,1,UT,6504,MONA,9x06gc,39.868637,-111.977164,22.661519702602227,2417.101438193584
7249,2022,2,UT,6504,MONA,9x06gc,39.868637,-111.977164,23.030337876910366,2520.2763004268204
7250,2022,3,UT,6504,MONA,9x06gc,39.868637,-111.977164,23.401120308412498,3693.0010481068425
7251,2022,4,UT,6504,MONA,9x06gc,39.868637,-111.977164,23.708815420625086,4000.555889246867
7252,2022,5,UT,6504,MONA,9x06gc,39.868637,-111.977164,24.052560429574555,4466.346148203221
7253,2022,6,UT,6504,MONA,9x06gc,39.868637,-111.977164,24.317619606223325,4498.836464270962
7254,2022,7,UT,6504,MONA,9x06gc,39.868637,-111.977164,24.747329753545365,4632.371521189591
7255,2022,8,UT,6504,MONA,9x06gc,39.868637,-111.977164,25.157801734820318,4497.480837945752
7256,2022,9,UT,6504,MONA,9x06gc,39.868637,-111.977164,25.645168608013215,4248.148602065262
7257,2022,10,UT,6504,MONA,9x06gc,39.868637,-111.977164,26.009422772958832,3967.9976907613927
7258,2022,11,UT,6504,MONA,9x06gc,39.868637,-111.977164,26.370210601679744,3177.2209635136996
7259,2022,12,UT,6504,MONA,9x06gc,39.868637,-111.977164,26.890449896736882,2693.3465396117303
7260,2018,1,UT,6505,PINTO,9wdr2q,37.870747,-109.314458,0.25661172675596466,27.01812663008202
7261,2018,2,UT,6505,PINTO,9wdr2q,37.870747,-109.314458,0.2630399874117346,28.425755716842705
7262,2018,3,UT,6505,PINTO,9wdr2q,37.870747,-109.314458,0.2689237426486497,42.13675570504121
7263,2018,4,UT,6505,PINTO,9wdr2q,37.870747,-109.314458,0.272639798587754,45.788095497728214
7264,2018,5,UT,6505,PINTO,9wdr2q,37.870747,-109.314458,0.2768371353828603,51.277476556322654
7265,2018,6,UT,6505,PINTO,9wdr2q,37.870747,-109.314458,0.27857000452390784,51.62643614405696
7266,2018,7,UT,6505,PINTO,9wdr2q,37.870747,-109.314458,0.2839286087999843,53.03742903562085
7267,2018,8,UT,6505,PINTO,9wdr2q,37.870747,-109.314458,0.28757885958183355,51.05976470958478
7268,2018,9,UT,6505,PINTO,9wdr2q,37.870747,-109.314458,0.2918652268838142,48.09077020514939
7269,2018,10,UT,6505,PINTO,9wdr2q,37.870747,-109.314458,0.294810975393875,44.482864396845066
7270,2018,11,UT,6505,PINTO,9wdr2q,37.870747,-109.314458,0.3010185952282607,35.77681886666274
7271,2018,12,UT,6505,PINTO,9wdr2q,37.870747,-109.314458,0.305879144784721,30.16176673157491
7272,2019,1,UT,6505,PINTO,9wdr2q,37.870747,-109.314458,0.3094881060561358,32.46592140988572
7273,2019,2,UT,6505,PINTO,9wdr2q,37.870747,-109.314458,0.31234224346492,33.62327283885053
7274,2019,3,UT,6505,PINTO,9wdr2q,37.870747,-109.314458,0.31514605928286227,49.273166302787125
7275,2019,4,UT,6505,PINTO,9wdr2q,37.870747,-109.314458,0.3181060010621349,53.444353934816384
7276,2019,5,UT,6505,PINTO,9wdr2q,37.870747,-109.314458,0.3219536673157491,59.444143018430005
7277,2019,6,UT,6505,PINTO,9wdr2q,37.870747,-109.314458,0.32576004405892883,60.08143370901438
7278,2019,7,UT,6505,PINTO,9wdr2q,37.870747,-109.314458,0.33025802010188626,61.5275407486084
7279,2019,8,UT,6505,PINTO,9wdr2q,37.870747,-109.314458,0.33434568163490097,59.59524714305383
7280,2019,9,UT,6505,PINTO,9wdr2q,37.870747,-109.314458,0.3375520701795795,55.530761928364896
7281,2019,10,UT,6505,PINTO,9wdr2q,37.870747,-109.314458,0.34270293660628237,51.93610489172125
7282,2019,11,UT,6505,PINTO,9wdr2q,37.870747,-109.314458,0.34677511457288407,41.27256367105289
7283,2019,12,UT,6505,PINTO,9wdr2q,37.870747,-109.314458,0.35203307566727643,34.83612511162251
7284,2020,1,UT,6505,PINTO,9wdr2q,37.870747,-109.314458,0.35919809602486186,37.83505193052851
7285,2020,2,UT,6505,PINTO,9wdr2q,37.870747,-109.314458,0.36425606105308705,41.06305166302787
7286,2020,3,UT,6505,PINTO,9wdr2q,37.870747,-109.314458,0.3691824157668024,57.94728471902599
7287,2020,4,UT,6505,PINTO,9wdr2q,37.870747,-109.314458,0.37546745343325266,63.24241411459255
7288,2020,5,UT,6505,PINTO,9wdr2q,37.870747,-109.314458,0.3792751204736335,70.31683625420429
7289,2020,6,UT,6505,PINTO,9wdr2q,37.870747,-109.314458,0.384602757616884,71.04949281092033
7290,2020,7,UT,6505,PINTO,9wdr2q,37.870747,-109.314458,0.3903807084833107,72.92945970378238
7291,2020,8,UT,6505,PINTO,9wdr2q,37.870747,-109.314458,0.3965457485100608,70.69361981078264
7292,2020,9,UT,6505,PINTO,9wdr2q,37.870747,-109.314458,0.39880376861194705,65.8280445467241
7293,2020,10,UT,6505,PINTO,9wdr2q,37.870747,-109.314458,0.40938678625518776,62.18739357605082
7294,2020,11,UT,6505,PINTO,9wdr2q,37.870747,-109.314458,0.41715308510847543,49.902058448889676
7295,2020,12,UT,6505,PINTO,9wdr2q,37.870747,-109.314458,0.41604471981274954,41.701068790936446
7296,2021,1,UT,6505,PINTO,9wdr2q,37.870747,-109.314458,0.4313244192679137,45.745217631439196
7297,2021,2,UT,6505,PINTO,9wdr2q,37.870747,-109.314458,0.44182743848468753,47.92433734977675
7298,2021,3,UT,6505,PINTO,9wdr2q,37.870747,-109.314458,0.44902987746110423,70.73630542278869
7299,2021,4,UT,6505,PINTO,9wdr2q,37.870747,-109.314458,0.4552981412639405,76.64995942644717
7300,2021,5,UT,6505,PINTO,9wdr2q,37.870747,-109.314458,0.4594270923073897,85.29244491650441
7301,2021,6,UT,6505,PINTO,9wdr2q,37.870747,-109.314458,0.4665056627525029,86.09904195432821
7302,2021,7,UT,6505,PINTO,9wdr2q,37.870747,-109.314458,0.4712036348616274,87.83570714974135
7303,2021,8,UT,6505,PINTO,9wdr2q,37.870747,-109.314458,0.47715706614740067,85.14016146023877
7304,2021,9,UT,6505,PINTO,9wdr2q,37.870747,-109.314458,0.4825956688499439,79.7457811136681
7305,2021,10,UT,6505,PINTO,9wdr2q,37.870747,-109.314458,0.4872407387738243,73.80045805550638
7306,2021,11,UT,6505,PINTO,9wdr2q,37.870747,-109.314458,0.4956741212800692,59.11135730611121
7307,2021,12,UT,6505,PINTO,9wdr2q,37.870747,-109.314458,0.501387557286442,49.84396668830275
7308,2022,1,UT,6505,PINTO,9wdr2q,37.870747,-109.314458,0.506126818906001,53.9840168682756
7309,2022,2,UT,6505,PINTO,9wdr2q,37.870747,-109.314458,0.5143640762376822,56.28834444641136
7310,2022,3,UT,6505,PINTO,9wdr2q,37.870747,-109.314458,0.5226452036742,82.48020861902795
7311,2022,4,UT,6505,PINTO,9wdr2q,37.870747,-109.314458,0.5295173265671407,89.34919867036446
7312,2022,5,UT,6505,PINTO,9wdr2q,37.870747,-109.314458,0.537194594913554,99.75224953089041
7313,2022,6,UT,6505,PINTO,9wdr2q,37.870747,-109.314458,0.5431144784720994,100.4778946126158
7314,2022,7,UT,6505,PINTO,9wdr2q,37.870747,-109.314458,0.5527117090537165,103.460292724376
7315,2022,8,UT,6505,PINTO,9wdr2q,37.870747,-109.314458,0.5618792706673748,100.4476177887925
7316,2022,9,UT,6505,PINTO,9wdr2q,37.870747,-109.314458,0.5727642178556677,94.87898280521625
7317,2022,10,UT,6505,PINTO,9wdr2q,37.870747,-109.314458,0.5808995417084637,88.62203748942781
7318,2022,11,UT,6505,PINTO,9wdr2q,37.870747,-109.314458,0.588957447729195,70.96067520308412
7319,2022,12,UT,6505,PINTO,9wdr2q,37.870747,-109.314458,0.6005765740249012,60.153729061190774
7320,2018,1,UT,6507,SIGURD,9wbmjr,38.887109,-111.917677,20.64746459353671,2173.929539505517
7321,2018,2,UT,6507,SIGURD,9wbmjr,38.887109,-111.917677,21.16469459688047,2287.19003658858
7322,2018,3,UT,6507,SIGURD,9wbmjr,38.887109,-111.917677,21.638112664975115,3390.4030127731553
7323,2018,4,UT,6507,SIGURD,9wbmjr,38.887109,-111.917677,21.937113550087528,3684.1967144155306
7324,2018,5,UT,6507,SIGURD,9wbmjr,38.887109,-111.917677,22.274839202612064,4125.882690659114
7325,2018,6,UT,6507,SIGURD,9wbmjr,38.887109,-111.917677,22.41426912924608,4153.960638706949
7326,2018,7,UT,6507,SIGURD,9wbmjr,38.887109,-111.917677,22.845432558368245,4267.491793882889
7327,2018,8,UT,6507,SIGURD,9wbmjr,38.887109,-111.917677,23.13913863614012,4108.365183942094
7328,2018,9,UT,6507,SIGURD,9wbmjr,38.887109,-111.917677,23.484027851537142,3869.4742739914636
7329,2018,10,UT,6507,SIGURD,9wbmjr,38.887109,-111.917677,23.721048344839794,3579.175352833343
7330,2018,11,UT,6507,SIGURD,9wbmjr,38.887109,-111.917677,24.220525170630005,2878.6704729253947
7331,2018,12,UT,6507,SIGURD,9wbmjr,38.887109,-111.917677,24.611614175566963,2426.8727643181683
7332,2019,1,UT,6507,SIGURD,9wbmjr,38.887109,-111.917677,24.901998021282036,2612.2694051493872
7333,2019,2,UT,6507,SIGURD,9wbmjr,38.887109,-111.917677,25.13164731220865,2705.392088800377
7334,2019,3,UT,6507,SIGURD,9wbmjr,38.887109,-111.917677,25.357247632816033,3964.6120990244094
7335,2019,4,UT,6507,SIGURD,9wbmjr,38.887109,-111.917677,25.59541014338821,4300.233740459471
7336,2019,5,UT,6507,SIGURD,9wbmjr,38.887109,-111.917677,25.905000643181683,4782.988111191754
7337,2019,6,UT,6507,SIGURD,9wbmjr,38.887109,-111.917677,26.211268910918353,4834.265724791015
7338,2019,7,UT,6507,SIGURD,9wbmjr,38.887109,-111.917677,26.5731845656065,4950.622230691764
7339,2019,8,UT,6507,SIGURD,9wbmjr,38.887109,-111.917677,26.902085539230146,4795.146234682637
7340,2019,9,UT,6507,SIGURD,9wbmjr,38.887109,-111.917677,27.160077622391377,4468.110071440373
7341,2019,10,UT,6507,SIGURD,9wbmjr,38.887109,-111.917677,27.574526071477745,4178.877171493479
7342,2019,11,UT,6507,SIGURD,9wbmjr,38.887109,-111.917677,27.902181208080087,3320.868488184733
7343,2019,12,UT,6507,SIGURD,9wbmjr,38.887109,-111.917677,28.3252466965638,2802.9804752542236
7344,2020,1,UT,6507,SIGURD,9wbmjr,38.887109,-111.917677,28.901757778171163,3044.279795806534
7345,2020,2,UT,6507,SIGURD,9wbmjr,38.887109,-111.917677,29.308731205129714,3304.010755990244
7346,2020,3,UT,6507,SIGURD,9wbmjr,38.887109,-111.917677,29.70511501740721,4662.548062994434
7347,2020,4,UT,6507,SIGURD,9wbmjr,38.887109,-111.917677,30.210821028303926,5088.604183247772
7348,2020,5,UT,6507,SIGURD,9wbmjr,38.887109,-111.917677,30.517193115792374,5657.825560984245
7349,2020,6,UT,6507,SIGURD,9wbmjr,38.887109,-111.917677,30.94586487087193,5716.776492437206
7350,2020,7,UT,6507,SIGURD,9wbmjr,38.887109,-111.917677,31.410769719321017,5868.0421822328435
7351,2020,8,UT,6507,SIGURD,9wbmjr,38.887109,-111.917677,31.90682049330265,5688.142278159359
7352,2020,9,UT,6507,SIGURD,9wbmjr,38.887109,-111.917677,32.08850505890915,5296.648895289234
7353,2020,10,UT,6507,SIGURD,9wbmjr,38.887109,-111.917677,32.94003466296886,5003.715236470565
7354,2020,11,UT,6507,SIGURD,9wbmjr,38.887109,-111.917677,33.56492574890344,4015.213949859365
7355,2020,12,UT,6507,SIGURD,9wbmjr,38.887109,-111.917677,33.47574458212859,3355.346820109754
7356,2021,1,UT,6507,SIGURD,9wbmjr,38.887109,-111.917677,34.70517808264983,3680.746680244291
7357,2021,2,UT,6507,SIGURD,9wbmjr,38.887109,-111.917677,35.55027086209949,3856.082771849491
7358,2021,3,UT,6507,SIGURD,9wbmjr,38.887109,-111.917677,36.12979271650833,5691.576843187584
7359,2021,4,UT,6507,SIGURD,9wbmjr,38.887109,-111.917677,36.63414907063197,6167.400622570366
7360,2021,5,UT,6507,SIGURD,9wbmjr,38.887109,-111.917677,36.96637227631242,6862.791341505872
7361,2021,6,UT,6507,SIGURD,9wbmjr,38.887109,-111.917677,37.53592743455085,6927.691663834307
7362,2021,7,UT,6507,SIGURD,9wbmjr,38.887109,-111.917677,37.913935150764146,7067.4270281780455
7363,2021,8,UT,6507,SIGURD,9wbmjr,38.887109,-111.917677,38.39295948545465,6850.5383267618645
7364,2021,9,UT,6507,SIGURD,9wbmjr,38.887109,-111.917677,38.830559739186874,6416.496287382231
7365,2021,10,UT,6507,SIGURD,9wbmjr,38.887109,-111.917677,39.20431084557739,5938.12435601188
7366,2021,11,UT,6507,SIGURD,9wbmjr,38.887109,-111.917677,39.882876743179715,4756.211543732421
7367,2021,12,UT,6507,SIGURD,9wbmjr,38.887109,-111.917677,40.34259060404005,4010.539776994945
7368,2022,1,UT,6507,SIGURD,9wbmjr,38.887109,-111.917677,40.72392055231014,4343.65604018017
7369,2022,2,UT,6507,SIGURD,9wbmjr,38.887109,-111.917677,41.386705847642645,4529.066592858126
7370,2022,3,UT,6507,SIGURD,9wbmjr,38.887109,-111.917677,42.05302101453551,6636.513493198403
7371,2022,4,UT,6507,SIGURD,9wbmjr,38.887109,-111.917677,42.60596501248992,7189.205416795498
7372,2022,5,UT,6507,SIGURD,9wbmjr,38.887109,-111.917677,43.22369253555201,8026.254553336873
7373,2022,6,UT,6507,SIGURD,9wbmjr,38.887109,-111.917677,43.700017556696366,8084.641328258688
7374,2022,7,UT,6507,SIGURD,9wbmjr,38.887109,-111.917677,44.472228870399874,8324.61071779076
7375,2022,8,UT,6507,SIGURD,9wbmjr,38.887109,-111.917677,45.20986820676225,8082.205197783284
7376,2022,9,UT,6507,SIGURD,9wbmjr,38.887109,-111.917677,46.08569163273736,7634.142300926417
7377,2022,10,UT,6507,SIGURD,9wbmjr,38.887109,-111.917677,46.74027516767963,7130.696653665348
7378,2022,11,UT,6507,SIGURD,9wbmjr,38.887109,-111.917677,47.38862951751539,5709.630059823764
7379,2022,12,UT,6507,SIGURD,9wbmjr,38.887109,-111.917677,48.32352638225055,4840.082745482976
7380,2018,1,UT,6508,SPAN FRK,9x0gc5,40.053045,-111.394196,5.04578454790425,531.260389331445
7381,2018,2,UT,6508,SPAN FRK,9x0gc5,40.053045,-111.394196,5.172184142719459,558.9387545602958
7382,2018,3,UT,6508,SPAN FRK,9x0gc5,40.053045,-111.394196,5.287877067720934,828.5396521940953
7383,2018,4,UT,6508,SPAN FRK,9x0gc5,40.053045,-111.394196,5.360946283511339,900.3363472945064
7384,2018,5,UT,6508,SPAN FRK,9x0gc5,40.053045,-111.394196,5.443478977596821,1008.2746495426919
7385,2018,6,UT,6508,SPAN FRK,9x0gc5,40.053045,-111.394196,5.477552573710194,1015.1362802167541
7386,2018,7,UT,6508,SPAN FRK,9x0gc5,40.053045,-111.394196,5.582919397730178,1042.8807883086483
7387,2018,8,UT,6508,SPAN FRK,9x0gc5,40.053045,-111.394196,5.654694679490961,1003.9937576050824
7388,2018,9,UT,6508,SPAN FRK,9x0gc5,40.053045,-111.394196,5.738977990204756,945.6140927991188
7389,2018,10,UT,6508,SPAN FRK,9x0gc5,40.053045,-111.394196,5.796900566471941,874.6714449007691
7390,2018,11,UT,6508,SPAN FRK,9x0gc5,40.053045,-111.394196,5.9189616765995945,703.4835160992112
7391,2018,12,UT,6508,SPAN FRK,9x0gc5,40.053045,-111.394196,6.014535196003226,593.0741296807695
7392,2019,1,UT,6508,SPAN FRK,9x0gc5,40.053045,-111.394196,6.08549859758856,638.3809760154205
7393,2019,2,UT,6508,SPAN FRK,9x0gc5,40.053045,-111.394196,6.141619814716469,661.138104189532
7394,2019,3,UT,6508,SPAN FRK,9x0gc5,40.053045,-111.394196,6.196751552880548,968.863677042151
7395,2019,4,UT,6508,SPAN FRK,9x0gc5,40.053045,-111.394196,6.254953212958045,1050.8821972640192
7396,2019,5,UT,6508,SPAN FRK,9x0gc5,40.053045,-111.394196,6.330610296807694,1168.8567085285497
7397,2019,6,UT,6508,SPAN FRK,9x0gc5,40.053045,-111.394196,6.405455500481894,1181.3878253240496
7398,2019,7,UT,6508,SPAN FRK,9x0gc5,40.053045,-111.394196,6.493899697094864,1209.8227867626522
7399,2019,8,UT,6508,SPAN FRK,9x0gc5,40.053045,-111.394196,6.574275834464309,1171.827885515627
7400,2019,9,UT,6508,SPAN FRK,9x0gc5,40.053045,-111.394196,6.637323404339018,1091.9074666371628
7401,2019,10,UT,6508,SPAN FRK,9x0gc5,40.053045,-111.394196,6.738605456226274,1021.2253307901103
7402,2019,11,UT,6508,SPAN FRK,9x0gc5,40.053045,-111.394196,6.818677138529925,811.5469493794378
7403,2019,12,UT,6508,SPAN FRK,9x0gc5,40.053045,-111.394196,6.922065004622254,684.9865515469797
7404,2020,1,UT,6508,SPAN FRK,9x0gc5,40.053045,-111.394196,7.062951586318129,743.954778737633
7405,2020,2,UT,6508,SPAN FRK,9x0gc5,40.053045,-111.394196,7.162406907810624,807.4272917704216
7406,2020,3,UT,6508,SPAN FRK,9x0gc5,40.053045,-111.394196,7.259274361243878,1139.4238194980428
7407,2020,4,UT,6508,SPAN FRK,9x0gc5,40.053045,-111.394196,7.382857746700497,1243.542529975807
7408,2020,5,UT,6508,SPAN FRK,9x0gc5,40.053045,-111.394196,7.457728321630181,1382.647668967959
7409,2020,6,UT,6508,SPAN FRK,9x0gc5,40.053045,-111.394196,7.562486235518577,1397.0539752561908
7410,2020,7,UT,6508,SPAN FRK,9x0gc5,40.053045,-111.394196,7.676098717570464,1434.0199706083672
7411,2020,8,UT,6508,SPAN FRK,9x0gc5,40.053045,-111.394196,7.797322576267185,1390.0564053952519
7412,2020,9,UT,6508,SPAN FRK,9x0gc5,40.053045,-111.394196,7.84172227336205,1294.3840649515155
7413,2020,10,UT,6508,SPAN FRK,9x0gc5,40.053045,-111.394196,8.04981731083181,1222.7975453315237
7414,2020,11,UT,6508,SPAN FRK,9x0gc5,40.053045,-111.394196,8.20252689758266,981.2296523357132
7415,2020,12,UT,6508,SPAN FRK,9x0gc5,40.053045,-111.394196,8.180732989122951,819.972692582758
7416,2021,1,UT,6508,SPAN FRK,9x0gc5,40.053045,-111.394196,8.48117939655003,899.4932351035582
7417,2021,2,UT,6508,SPAN FRK,9x0gc5,40.053045,-111.394196,8.687701416179854,942.3415052969059
7418,2021,3,UT,6508,SPAN FRK,9x0gc5,40.053045,-111.394196,8.82932376428473,1390.895737269133
7419,2021,4,UT,6508,SPAN FRK,9x0gc5,40.053045,-111.394196,8.952577323420075,1507.1765650026553
7420,2021,5,UT,6508,SPAN FRK,9x0gc5,40.053045,-111.394196,9.033765340964969,1677.1147057591315
7421,2021,6,UT,6508,SPAN FRK,9x0gc5,40.053045,-111.394196,9.172952048543497,1692.9749118428042
7422,2021,7,UT,6508,SPAN FRK,9x0gc5,40.053045,-111.394196,9.265328789756298,1727.1231501898073
7423,2021,8,UT,6508,SPAN FRK,9x0gc5,40.053045,-111.394196,9.382391762553842,1674.1203394445427
7424,2021,9,UT,6508,SPAN FRK,9x0gc5,40.053045,-111.394196,9.48933160441376,1568.050046623788
7425,2021,10,UT,6508,SPAN FRK,9x0gc5,40.053045,-111.394196,9.580668124151767,1451.1465067956965
7426,2021,11,UT,6508,SPAN FRK,9x0gc5,40.053045,-111.394196,9.746494649987214,1162.313106541964
7427,2021,12,UT,6508,SPAN FRK,9x0gc5,40.053045,-111.394196,9.858838569264963,980.0873876713677
7428,2022,1,UT,6508,SPAN FRK,9x0gc5,40.053045,-111.394196,9.952027190653212,1061.4936487559253
7429,2022,2,UT,6508,SPAN FRK,9x0gc5,40.053045,-111.394196,10.113997285655277,1106.803894838811
7430,2022,3,UT,6508,SPAN FRK,9x0gc5,40.053045,-111.394196,10.276830003343758,1621.8173947817706
7431,2022,4,UT,6508,SPAN FRK,9x0gc5,40.053045,-111.394196,10.411957310045041,1756.8831000747425
7432,2022,5,UT,6508,SPAN FRK,9x0gc5,40.053045,-111.394196,10.562916280167581,1961.4394309435297
7433,2022,6,UT,6508,SPAN FRK,9x0gc5,40.053045,-111.394196,10.679319600322575,1975.707869829468
7434,2022,7,UT,6508,SPAN FRK,9x0gc5,40.053045,-111.394196,10.868030998603489,2034.3510912373872
7435,2022,8,UT,6508,SPAN FRK,9x0gc5,40.053045,-111.394196,11.048293768808637,1975.1125333195648
7436,2022,9,UT,6508,SPAN FRK,9x0gc5,40.053045,-111.394196,11.262325680061368,1865.6158524458604
7437,2022,10,UT,6508,SPAN FRK,9x0gc5,40.053045,-111.394196,11.422291445880294,1742.5848499636118
7438,2022,11,UT,6508,SPAN FRK,9x0gc5,40.053045,-111.394196,11.580734936370252,1395.3075448850338
7439,2022,12,UT,6508,SPAN FRK,9x0gc5,40.053045,-111.394196,11.809203091992682,1182.8093767687496
7440,2018,1,UT,6509,TERMINAL,9x0ryy,40.772832,-111.846293,0.33210877441435055,34.96705717826163
7441,2018,2,UT,6509,TERMINAL,9x0ryy,40.772832,-111.846293,0.3404282763911017,36.78882104207234
7442,2018,3,UT,6509,TERMINAL,9x0ryy,40.772832,-111.846293,0.3480430754705847,54.533697551189
7443,2018,4,UT,6509,TERMINAL,9x0ryy,40.772832,-111.846293,0.3528524222576267,59.259288228004955
7444,2018,5,UT,6509,TERMINAL,9x0ryy,40.772832,-111.846293,0.3582846462500737,66.36368536024075
7445,2018,6,UT,6509,TERMINAL,9x0ryy,40.772832,-111.846293,0.36052733817194776,66.81531141204933
7446,2018,7,UT,6509,TERMINAL,9x0ryy,40.772832,-111.846293,0.36746248303534546,68.64142873664954
7447,2018,8,UT,6509,TERMINAL,9x0ryy,40.772832,-111.846293,0.3721866643063669,66.08192109517908
7448,2018,9,UT,6509,TERMINAL,9x0ryy,40.772832,-111.846293,0.37773411223225345,62.23942668318876
7449,2018,10,UT,6509,TERMINAL,9x0ryy,40.772832,-111.846293,0.38154652150823154,57.57004858677052
7450,2018,11,UT,6509,TERMINAL,9x0ryy,40.772832,-111.846293,0.38958046851950195,46.30262075883637
7451,2018,12,UT,6509,TERMINAL,9x0ryy,40.772832,-111.846293,0.3958710273204697,39.03557919985838
7452,2019,1,UT,6509,TERMINAL,9x0ryy,40.772832,-111.846293,0.4005417714049684,42.01763304419661
7453,2019,2,UT,6509,TERMINAL,9x0ryy,40.772832,-111.846293,0.4042356169233492,43.51548573198796
7454,2019,3,UT,6509,TERMINAL,9x0ryy,40.772832,-111.846293,0.4078643358706555,63.76969236443028
7455,2019,4,UT,6509,TERMINAL,9x0ryy,40.772832,-111.846293,0.4116951141795008,69.16807391868767
7456,2019,5,UT,6509,TERMINAL,9x0ryy,40.772832,-111.846293,0.4166747919985838,76.93304485159614
7457,2019,6,UT,6509,TERMINAL,9x0ryy,40.772832,-111.846293,0.4216010326311441,77.75783112645306
7458,2019,7,UT,6509,TERMINAL,9x0ryy,40.772832,-111.846293,0.4274223461379595,79.62939343836666
7459,2019,8,UT,6509,TERMINAL,9x0ryy,40.772832,-111.846293,0.4327126276037056,77.12860491532423
7460,2019,9,UT,6509,TERMINAL,9x0ryy,40.772832,-111.846293,0.43686235911960813,71.8683184103381
7461,2019,10,UT,6509,TERMINAL,9x0ryy,40.772832,-111.846293,0.44352864813831355,67.21608697114533
7462,2019,11,UT,6509,TERMINAL,9x0ryy,40.772832,-111.846293,0.4487988906591136,53.41525389744498
7463,2019,12,UT,6509,TERMINAL,9x0ryy,40.772832,-111.846293,0.4556037823803623,45.08516801793827
7464,2020,1,UT,6509,TERMINAL,9x0ryy,40.772832,-111.846293,0.4648768041541276,48.96640105033339
7465,2020,2,UT,6509,TERMINAL,9x0ryy,40.772832,-111.846293,0.4714228595031568,53.1441019236443
7466,2020,3,UT,6509,TERMINAL,9x0ryy,40.772832,-111.846293,0.4777985838201451,74.99579988788575
7467,2020,4,UT,6509,TERMINAL,9x0ryy,40.772832,-111.846293,0.4859327255561456,81.84879509647725
7468,2020,5,UT,6509,TERMINAL,9x0ryy,40.772832,-111.846293,0.4908606361007848,91.00456399362719
7469,2020,6,UT,6509,TERMINAL,9x0ryy,40.772832,-111.846293,0.49775570307429035,91.95277347023071
7470,2020,7,UT,6509,TERMINAL,9x0ryy,40.772832,-111.846293,0.5052335693633091,94.3858403788281
7471,2020,8,UT,6509,TERMINAL,9x0ryy,40.772832,-111.846293,0.513212409275978,91.49220002950373
7472,2020,9,UT,6509,TERMINAL,9x0ryy,40.772832,-111.846293,0.5161347554139375,85.19513692098896
7473,2020,10,UT,6509,TERMINAL,9x0ryy,40.772832,-111.846293,0.5298313742845341,80.48337979583407
7474,2020,11,UT,6509,TERMINAL,9x0ryy,40.772832,-111.846293,0.5398825750870361,64.58360918156605
7475,2020,12,UT,6509,TERMINAL,9x0ryy,40.772832,-111.846293,0.5384481206113175,53.96982835900159
7476,2021,1,UT,6509,TERMINAL,9x0ryy,40.772832,-111.846293,0.55822321944887,59.20379537971322
7477,2021,2,UT,6509,TERMINAL,9x0ryy,40.772832,-111.846293,0.5718163037705788,62.02402806396411
7478,2021,3,UT,6509,TERMINAL,9x0ryy,40.772832,-111.846293,0.5811377529946302,91.54744406089571
7479,2021,4,UT,6509,TERMINAL,9x0ryy,40.772832,-111.846293,0.5892501858736059,99.20093834306957
7480,2021,5,UT,6509,TERMINAL,9x0ryy,40.772832,-111.846293,0.5945939045258747,110.38610630200036
7481,2021,6,UT,6509,TERMINAL,9x0ryy,40.772832,-111.846293,0.603755042190358,111.43001009028147
7482,2021,7,UT,6509,TERMINAL,9x0ryy,40.772832,-111.846293,0.6098351920693927,113.67761489349147
7483,2021,8,UT,6509,TERMINAL,9x0ryy,40.772832,-111.846293,0.6175401664011329,110.18901993863219
7484,2021,9,UT,6509,TERMINAL,9x0ryy,40.772832,-111.846293,0.6245788458134183,103.20757342302473
7485,2021,10,UT,6509,TERMINAL,9x0ryy,40.772832,-111.846293,0.6305905292972207,95.51309281878798
7486,2021,11,UT,6509,TERMINAL,9x0ryy,40.772832,-111.846293,0.6415050746444797,76.50235114769575
7487,2021,12,UT,6509,TERMINAL,9x0ryy,40.772832,-111.846293,0.6488994453295568,64.5084263999528
7488,2022,1,UT,6509,TERMINAL,9x0ryy,40.772832,-111.846293,0.6550330323951141,69.86650963592376
7489,2022,2,UT,6509,TERMINAL,9x0ryy,40.772832,-111.846293,0.6656937511063904,72.84878724848055
7490,2022,3,UT,6509,TERMINAL,9x0ryy,40.772832,-111.846293,0.6764112468283471,106.74648950846756
7491,2022,4,UT,6509,TERMINAL,9x0ryy,40.772832,-111.846293,0.6853051985602171,115.6363866938101
7492,2022,5,UT,6509,TERMINAL,9x0ryy,40.772832,-111.846293,0.6952411754292794,129.10009123738712
7493,2022,6,UT,6509,TERMINAL,9x0ryy,40.772832,-111.846293,0.70290273204697,130.03922641175427
7494,2022,7,UT,6509,TERMINAL,9x0ryy,40.772832,-111.846293,0.7153235380893374,133.89906787041954
7495,2022,8,UT,6509,TERMINAL,9x0ryy,40.772832,-111.846293,0.7271882634094529,130.00004192482444
7496,2022,9,UT,6509,TERMINAL,9x0ryy,40.772832,-111.846293,0.7412756417064966,122.79307378297042
7497,2022,10,UT,6509,TERMINAL,9x0ryy,40.772832,-111.846293,0.7518044373635451,114.69528937275032
7498,2022,11,UT,6509,TERMINAL,9x0ryy,40.772832,-111.846293,0.7622330382958635,91.83782507228418
7499,2022,12,UT,6509,TERMINAL,9x0ryy,40.772832,-111.846293,0.7772705965657638,77.85139630023012
7500,2018,1,UT,6510,BENLOMND,9x27ep,41.439081,-112.006907,77.13685918058259,8121.582967132825
7501,2018,2,UT,6510,BENLOMND,9x27ep,41.439081,-112.006907,79.06917865502253,8544.712837371411
7502,2018,3,UT,6510,BENLOMND,9x27ep,41.439081,-112.006907,80.83782112861665,12666.205992360496
7503,2018,4,UT,6510,BENLOMND,9x27ep,41.439081,-112.006907,81.95485848036033,13763.789828335397
7504,2018,5,UT,6510,BENLOMND,9x27ep,41.439081,-112.006907,83.21656768356247,15413.884385814597
7505,2018,6,UT,6510,BENLOMND,9x27ep,41.439081,-112.006907,83.73746392085127,15518.780786766585
7506,2018,7,UT,6510,BENLOMND,9x27ep,41.439081,-112.006907,85.34824729647332,15942.921808524614
7507,2018,8,UT,6510,BENLOMND,9x27ep,41.439081,-112.006907,86.44550377844652,15348.440735689697
7508,2018,9,UT,6510,BENLOMND,9x27ep,41.439081,-112.006907,87.73397533486751,14455.96822910643
7509,2018,10,UT,6510,BENLOMND,9x27ep,41.439081,-112.006907,88.61946015223933,13371.440542900415
7510,2018,11,UT,6510,BENLOMND,9x27ep,41.439081,-112.006907,90.48545553391946,10754.424490784995
7511,2018,12,UT,6510,BENLOMND,9x27ep,41.439081,-112.006907,91.94652487559253,9066.553514226707
7512,2019,1,UT,6510,BENLOMND,9x27ep,41.439081,-112.006907,93.03136983143526,9759.176790637477
7513,2019,2,UT,6510,BENLOMND,9x27ep,41.439081,-112.006907,93.88931657520504,10107.073807375935
7514,2019,3,UT,6510,BENLOMND,9x27ep,41.439081,-112.006907,94.7321367715033,14811.39361216341
7515,2019,4,UT,6510,BENLOMND,9x27ep,41.439081,-112.006907,95.62188805098246,16065.242440723036
7516,2019,5,UT,6510,BENLOMND,9x27ep,41.439081,-112.006907,96.77848714226707,17868.764405625378
7517,2019,6,UT,6510,BENLOMND,9x27ep,41.439081,-112.006907,97.92267470742117,18060.332432847503
7518,2019,7,UT,6510,BENLOMND,9x27ep,41.439081,-112.006907,99.2747553352609,18495.028681859127
7519,2019,8,UT,6510,BENLOMND,9x27ep,41.439081,-112.006907,100.50349642217894,17914.185936940656
7520,2019,9,UT,6510,BENLOMND,9x27ep,41.439081,-112.006907,101.46732899824944,16692.411594783734
7521,2019,10,UT,6510,BENLOMND,9x27ep,41.439081,-112.006907,103.01566688302748,15611.86645702484
7522,2019,11,UT,6510,BENLOMND,9x27ep,41.439081,-112.006907,104.23975364764657,12406.431974729057
7523,2019,12,UT,6510,BENLOMND,9x27ep,41.439081,-112.006907,105.82028392832557,10471.654242394916
7524,2020,1,UT,6510,BENLOMND,9x27ep,41.439081,-112.006907,107.97407157215632,11373.124329702403
7525,2020,2,UT,6510,BENLOMND,9x27ep,41.439081,-112.006907,109.49448352314076,12343.453176121633
7526,2020,3,UT,6510,BENLOMND,9x27ep,41.439081,-112.006907,110.97533373458428,17418.81245169843
7527,2020,4,UT,6510,BENLOMND,9x27ep,41.439081,-112.006907,112.86460072775908,19010.515433055996
7528,2020,5,UT,6510,BENLOMND,9x27ep,41.439081,-112.006907,114.00917615310478,21137.06947353514
7529,2020,6,UT,6510,BENLOMND,9x27ep,41.439081,-112.006907,115.61065088412893,21357.304247516768
7530,2020,7,UT,6510,BENLOMND,9x27ep,41.439081,-112.006907,117.34748882201372,21922.417710225996
7531,2020,8,UT,6510,BENLOMND,9x27ep,41.439081,-112.006907,119.2006848173718,21250.329691658306
7532,2020,9,UT,6510,BENLOMND,9x27ep,41.439081,-112.006907,119.87944015263271,19787.74963453905
7533,2020,10,UT,6510,BENLOMND,9x27ep,41.439081,-112.006907,123.0606694439527,18693.37883239118
7534,2020,11,UT,6510,BENLOMND,9x27ep,41.439081,-112.006907,125.39519993705866,15000.437057398554
7535,2020,12,UT,6510,BENLOMND,9x27ep,41.439081,-112.006907,125.06202803249344,12535.239568631616
7536,2021,1,UT,6510,BENLOMND,9x27ep,41.439081,-112.006907,129.65506842115616,13750.900846309081
7537,2021,2,UT,6510,BENLOMND,9x27ep,41.439081,-112.006907,132.81225038059833,14405.938918715208
7538,2021,3,UT,6510,BENLOMND,9x27ep,41.439081,-112.006907,134.97728596998485,21263.160882516077
7539,2021,4,UT,6510,BENLOMND,9x27ep,41.439081,-112.006907,136.86151078066914,23040.79085246946
7540,2021,5,UT,6510,BENLOMND,9x27ep,41.439081,-112.006907,138.10266339371765,25638.700911547767
7541,2021,6,UT,6510,BENLOMND,9x27ep,41.439081,-112.006907,140.2304644047127,25881.162013807752
7542,2021,7,UT,6510,BENLOMND,9x27ep,41.439081,-112.006907,141.642663362247,26403.199335780177
7543,2021,8,UT,6510,BENLOMND,9x27ep,41.439081,-112.006907,143.43225028618633,25592.924876017383
7544,2021,9,UT,6510,BENLOMND,9x27ep,41.439081,-112.006907,145.06708099368618,23971.387300863476
7545,2021,10,UT,6510,BENLOMND,9x27ep,41.439081,-112.006907,146.4633776833658,22184.23769036801
7546,2021,11,UT,6510,BENLOMND,9x27ep,41.439081,-112.006907,148.99843189551737,17768.729832174817
7547,2021,12,UT,6510,BENLOMND,9x27ep,41.439081,-112.006907,150.7158768238233,14982.974815853346
7548,2022,1,UT,6510,BENLOMND,9x27ep,41.439081,-112.006907,152.14048730748803,16227.46380226982
7549,2022,2,UT,6510,BENLOMND,9x27ep,41.439081,-112.006907,154.61658677051983,16920.139051946262
7550,2022,3,UT,6510,BENLOMND,9x27ep,41.439081,-112.006907,157.10587348006527,24793.349539639265
7551,2022,4,UT,6510,BENLOMND,9x27ep,41.439081,-112.006907,159.17161686040794,26858.15119543675
7552,2022,5,UT,6510,BENLOMND,9x27ep,41.439081,-112.006907,161.47938500029503,29985.28291081607
7553,2022,6,UT,6510,BENLOMND,9x27ep,41.439081,-112.006907,163.25888755925337,30203.410052516665
7554,2022,7,UT,6510,BENLOMND,9x27ep,41.439081,-112.006907,166.143791664208,31099.911650770046
7555,2022,8,UT,6510,BENLOMND,9x27ep,41.439081,-112.006907,168.8995383253673,30194.308913121295
7556,2022,9,UT,6510,BENLOMND,9x27ep,41.439081,-112.006907,172.17152690151647,28520.39081909482
7557,2022,10,UT,6510,BENLOMND,9x27ep,41.439081,-112.006907,174.61698540941364,26639.56831801105
7558,2022,11,UT,6510,BENLOMND,9x27ep,41.439081,-112.006907,177.03917230581615,21330.60589122952
7559,2022,12,UT,6510,BENLOMND,9x27ep,41.439081,-112.006907,180.53185333097304,18082.0642393816
7560,2018,1,CO,7001,COLOEAST,9wve62,38.542595,-104.660626,243.2402920586053,25957.148695827185
7561,2018,2,CO,7001,COLOEAST,9wve62,38.542595,-104.660626,247.197191435199,26740.70842681585
7562,2018,3,CO,7001,COLOEAST,9wve62,38.542595,-104.660626,247.5827842553663,38362.496513563994
7563,2018,4,CO,7001,COLOEAST,9wve62,38.542595,-104.660626,248.38543192846606,40386.02836811247
7564,2018,5,CO,7001,COLOEAST,9wve62,38.542595,-104.660626,249.6936671513487,43119.31807320973
7565,2018,6,CO,7001,COLOEAST,9wve62,38.542595,-104.660626,250.6763069188719,44084.36910106687
7566,2018,7,CO,7001,COLOEAST,9wve62,38.542595,-104.660626,252.74548432956107,43853.10633171441
7567,2018,8,CO,7001,COLOEAST,9wve62,38.542595,-104.660626,253.98347873510772,41300.63258729394
7568,2018,9,CO,7001,COLOEAST,9wve62,38.542595,-104.660626,255.03270094406398,38662.0567709728
7569,2018,10,CO,7001,COLOEAST,9wve62,38.542595,-104.660626,256.41117698428263,33595.65393064498
7570,2018,11,CO,7001,COLOEAST,9wve62,38.542595,-104.660626,257.66965829488566,28754.514123188837
7571,2018,12,CO,7001,COLOEAST,9wve62,38.542595,-104.660626,261.5702186825745,26989.1962932696
7572,2019,1,CO,7001,COLOEAST,9wve62,38.542595,-104.660626,262.1197067431924,27838.73556534253
7573,2019,2,CO,7001,COLOEAST,9wve62,38.542595,-104.660626,263.2369747439429,28665.150243333133
7574,2019,3,CO,7001,COLOEAST,9wve62,38.542595,-104.660626,267.79092106789244,39588.59680737513
7575,2019,4,CO,7001,COLOEAST,9wve62,38.542595,-104.660626,269.1518369037771,42638.50797174204
7576,2019,5,CO,7001,COLOEAST,9wve62,38.542595,-104.660626,270.5676283782055,46173.78611060132
7577,2019,6,CO,7001,COLOEAST,9wve62,38.542595,-104.660626,272.0404905167194,47854.47180405768
7578,2019,7,CO,7001,COLOEAST,9wve62,38.542595,-104.660626,273.65456596508585,48398.605465704124
7579,2019,8,CO,7001,COLOEAST,9wve62,38.542595,-104.660626,275.2115707493668,45836.305323608416
7580,2019,9,CO,7001,COLOEAST,9wve62,38.542595,-104.660626,276.9792979856557,42906.772286651765
7581,2019,10,CO,7001,COLOEAST,9wve62,38.542595,-104.660626,279.0089649365934,36651.537759511
7582,2019,11,CO,7001,COLOEAST,9wve62,38.542595,-104.660626,280.343540465977,29598.559246330773
7583,2019,12,CO,7001,COLOEAST,9wve62,38.542595,-104.660626,282.9219638023521,27318.134772529185
7584,2020,1,CO,7001,COLOEAST,9wve62,38.542595,-104.660626,286.0089013892324,30409.71337507995
7585,2020,2,CO,7001,COLOEAST,9wve62,38.542595,-104.660626,287.5966365310978,30444.905487915636
7586,2020,3,CO,7001,COLOEAST,9wve62,38.542595,-104.660626,289.4148493548469,41899.49847914872
7587,2020,4,CO,7001,COLOEAST,9wve62,38.542595,-104.660626,294.63827846903007,45294.329372069515
7588,2020,5,CO,7001,COLOEAST,9wve62,38.542595,-104.660626,298.064713339701,51866.23072234114
7589,2020,6,CO,7001,COLOEAST,9wve62,38.542595,-104.660626,301.75747797610416,51795.63723756812
7590,2020,7,CO,7001,COLOEAST,9wve62,38.542595,-104.660626,305.85339563700865,51521.79389940644
7591,2020,8,CO,7001,COLOEAST,9wve62,38.542595,-104.660626,310.63708796766133,49440.850420138326
7592,2020,9,CO,7001,COLOEAST,9wve62,38.542595,-104.660626,317.35971952685935,46460.57497773306
7593,2020,10,CO,7001,COLOEAST,9wve62,38.542595,-104.660626,324.1423484508652,43252.30662235735
7594,2020,11,CO,7001,COLOEAST,9wve62,38.542595,-104.660626,329.4813822435804,37397.11623187559
7595,2020,12,CO,7001,COLOEAST,9wve62,38.542595,-104.660626,333.68192945530836,32891.29511125372
7596,2021,1,CO,7001,COLOEAST,9wve62,38.542595,-104.660626,349.9390202926854,38438.23879658278
7597,2021,2,CO,7001,COLOEAST,9wve62,38.542595,-104.660626,357.52356521461036,39386.293009994966
7598,2021,3,CO,7001,COLOEAST,9wve62,38.542595,-104.660626,360.4809962945275,52154.11710224375
7599,2021,4,CO,7001,COLOEAST,9wve62,38.542595,-104.660626,370.516653071406,57894.424245921415
7600,2021,5,CO,7001,COLOEAST,9wve62,38.542595,-104.660626,374.0652776972343,62766.317824567835
7601,2021,6,CO,7001,COLOEAST,9wve62,38.542595,-104.660626,486.1374284575171,85090.19146622434
7602,2021,7,CO,7001,COLOEAST,9wve62,38.542595,-104.660626,491.8013260304113,85177.20959545109
7603,2021,8,CO,7001,COLOEAST,9wve62,38.542595,-104.660626,498.2517744224324,84483.67883705728
7604,2021,9,CO,7001,COLOEAST,9wve62,38.542595,-104.660626,505.0724504558286,79109.10172741963
7605,2021,10,CO,7001,COLOEAST,9wve62,38.542595,-104.660626,513.7201194151409,70203.18289139426
7606,2021,11,CO,7001,COLOEAST,9wve62,38.542595,-104.660626,520.5203085434806,61283.83708413
7607,2021,12,CO,7001,COLOEAST,9wve62,38.542595,-104.660626,528.2958206875378,56781.4914206159
7608,2022,1,CO,7001,COLOEAST,9wve62,38.542595,-104.660626,531.967366743704,59896.67605951781
7609,2022,2,CO,7001,COLOEAST,9wve62,38.542595,-104.660626,539.6623946178971,61726.26716400021
7610,2022,3,CO,7001,COLOEAST,9wve62,38.542595,-104.660626,546.7581805191926,82174.14320284584
7611,2022,4,CO,7001,COLOEAST,9wve62,38.542595,-104.660626,553.1142428129184,92180.13274617726
7612,2022,5,CO,7001,COLOEAST,9wve62,38.542595,-104.660626,560.1888101339769,98673.25243472995
7613,2022,6,CO,7001,COLOEAST,9wve62,38.542595,-104.660626,567.4953184872803,99332.30080521324
7614,2022,7,CO,7001,COLOEAST,9wve62,38.542595,-104.660626,577.2105015350634,99844.71415275586
7615,2022,8,CO,7001,COLOEAST,9wve62,38.542595,-104.660626,586.9608049915145,96842.2323686199
7616,2022,9,CO,7001,COLOEAST,9wve62,38.542595,-104.660626,594.5424232127172,88029.94820047928
7617,2022,10,CO,7001,COLOEAST,9wve62,38.542595,-104.660626,602.26232804305,85847.6669770252
7618,2022,11,CO,7001,COLOEAST,9wve62,38.542595,-104.660626,613.1840434636147,72100.82198269642
7619,2022,12,CO,7001,COLOEAST,9wve62,38.542595,-104.660626,631.2534937232963,66930.27322883958
7620,2018,1,CO,7002,CRAIG,9x5w98,40.521809,-107.506652,89.20270794139468,9519.179304172814
7621,2018,2,CO,7002,CRAIG,9x5w98,40.521809,-107.506652,90.65380856480098,9806.531573184146
7622,2018,3,CO,7002,CRAIG,9x5w98,40.521809,-107.506652,90.79521574463367,14068.551486436008
7623,2018,4,CO,7002,CRAIG,9x5w98,40.521809,-107.506652,91.08956807153395,14810.63463188753
7624,2018,5,CO,7002,CRAIG,9x5w98,40.521809,-107.506652,91.56933284865126,15813.004926790265
7625,2018,6,CO,7002,CRAIG,9x5w98,40.521809,-107.506652,91.9296930811281,16166.91489893313
7626,2018,7,CO,7002,CRAIG,9x5w98,40.521809,-107.506652,92.68851567043895,16082.104668285589
7627,2018,8,CO,7002,CRAIG,9x5w98,40.521809,-107.506652,93.14252126489222,15146.04441270606
7628,2018,9,CO,7002,CRAIG,9x5w98,40.521809,-107.506652,93.527299055936,14178.408229027194
7629,2018,10,CO,7002,CRAIG,9x5w98,40.521809,-107.506652,94.03282301571734,12320.423069355016
7630,2018,11,CO,7002,CRAIG,9x5w98,40.521809,-107.506652,94.49434170511431,10545.04787681116
7631,2018,12,CO,7002,CRAIG,9x5w98,40.521809,-107.506652,95.92478131742551,9897.6587067304
7632,2019,1,CO,7002,CRAIG,9x5w98,40.521809,-107.506652,96.12629325680756,10209.207434657466
7633,2019,2,CO,7002,CRAIG,9x5w98,40.521809,-107.506652,96.5360252560571,10512.275756666864
7634,2019,3,CO,7002,CRAIG,9x5w98,40.521809,-107.506652,98.20607893210754,14518.195192624871
7635,2019,4,CO,7002,CRAIG,9x5w98,40.521809,-107.506652,98.70516309622289,15636.679028257957
7636,2019,5,CO,7002,CRAIG,9x5w98,40.521809,-107.506652,99.22437162179448,16933.15988939868
7637,2019,6,CO,7002,CRAIG,9x5w98,40.521809,-107.506652,99.76450948328059,17549.512195942312
7638,2019,7,CO,7002,CRAIG,9x5w98,40.521809,-107.506652,100.35643403491416,17749.060534295873
7639,2019,8,CO,7002,CRAIG,9x5w98,40.521809,-107.506652,100.92742925063321,16809.396676391574
7640,2019,9,CO,7002,CRAIG,9x5w98,40.521809,-107.506652,101.5757020143443,15735.058713348228
7641,2019,10,CO,7002,CRAIG,9x5w98,40.521809,-107.506652,102.32003506340664,13441.097240489002
7642,2019,11,CO,7002,CRAIG,9x5w98,40.521809,-107.506652,102.80945953402296,10854.581753669228
7643,2019,12,CO,7002,CRAIG,9x5w98,40.521809,-107.506652,103.75503619764794,10018.289227470812
7644,2020,1,CO,7002,CRAIG,9x5w98,40.521809,-107.506652,104.88709861076761,11152.053624920047
7645,2020,2,CO,7002,CRAIG,9x5w98,40.521809,-107.506652,105.46936346890216,11164.959512084359
7646,2020,3,CO,7002,CRAIG,9x5w98,40.521809,-107.506652,106.13615064515302,15365.664520851276
7647,2020,4,CO,7002,CRAIG,9x5w98,40.521809,-107.506652,108.05172153096989,16610.639627930475
7648,2020,5,CO,7002,CRAIG,9x5w98,40.521809,-107.506652,109.30828666029898,19020.731277658855
7649,2020,6,CO,7002,CRAIG,9x5w98,40.521809,-107.506652,110.66252202389582,18994.84276243188
7650,2020,7,CO,7002,CRAIG,9x5w98,40.521809,-107.506652,112.16460436299131,18894.417100593553
7651,2020,8,CO,7002,CRAIG,9x5w98,40.521809,-107.506652,113.91891203233865,18131.27957986167
7652,2020,9,CO,7002,CRAIG,9x5w98,40.521809,-107.506652,116.38428047314065,17038.333022266947
7653,2020,10,CO,7002,CRAIG,9x5w98,40.521809,-107.506652,118.87165154913481,15861.775377642653
7654,2020,11,CO,7002,CRAIG,9x5w98,40.521809,-107.506652,120.82961775641954,13714.520768124408
7655,2020,12,CO,7002,CRAIG,9x5w98,40.521809,-107.506652,122.37007054469166,12062.115888746279
7656,2021,1,CO,7002,CRAIG,9x5w98,40.521809,-107.506652,128.33197970731456,14096.32820341722
7657,2021,2,CO,7002,CRAIG,9x5w98,40.521809,-107.506652,131.1134347853896,14444.00499000503
7658,2021,3,CO,7002,CRAIG,9x5w98,40.521809,-107.506652,132.19800370547247,19126.306897756247
7659,2021,4,CO,7002,CRAIG,9x5w98,40.521809,-107.506652,135.87834692859394,21231.430754078574
7660,2021,5,CO,7002,CRAIG,9x5w98,40.521809,-107.506652,137.17972230276567,23018.084175432163
7661,2021,6,CO,7002,CRAIG,9x5w98,40.521809,-107.506652,178.27957154248287,31204.844533775653
7662,2021,7,CO,7002,CRAIG,9x5w98,40.521809,-107.506652,180.35667396958868,31236.7564045489
7663,2021,8,CO,7002,CRAIG,9x5w98,40.521809,-107.506652,182.7222255775676,30982.420162942715
7664,2021,9,CO,7002,CRAIG,9x5w98,40.521809,-107.506652,185.22354954417145,29011.41927258035
7665,2021,10,CO,7002,CRAIG,9x5w98,40.521809,-107.506652,188.39488058485915,25745.381108605732
7666,2021,11,CO,7002,CRAIG,9x5w98,40.521809,-107.506652,190.8886914565193,22474.418915869992
7667,2021,12,CO,7002,CRAIG,9x5w98,40.521809,-107.506652,193.74017931246212,20823.288579384094
7668,2022,1,CO,7002,CRAIG,9x5w98,40.521809,-107.506652,195.08663325629587,21965.70994048218
7669,2022,2,CO,7002,CRAIG,9x5w98,40.521809,-107.506652,197.90860538210285,22636.669835999794
7670,2022,3,CO,7002,CRAIG,9x5w98,40.521809,-107.506652,200.5108194808074,30135.45179715416
7671,2022,4,CO,7002,CRAIG,9x5w98,40.521809,-107.506652,202.84175718708158,33804.91525382273
7672,2022,5,CO,7002,CRAIG,9x5w98,40.521809,-107.506652,205.43618986602306,36186.11556527003
7673,2022,6,CO,7002,CRAIG,9x5w98,40.521809,-107.506652,208.11568151271968,36427.806194786746
7674,2022,7,CO,7002,CRAIG,9x5w98,40.521809,-107.506652,211.67849846493658,36615.72184724412
7675,2022,8,CO,7002,CRAIG,9x5w98,40.521809,-107.506652,215.25419500848548,35514.63163138011
7676,2022,9,CO,7002,CRAIG,9x5w98,40.521809,-107.506652,218.03457678728282,32282.931799520717
7677,2022,10,CO,7002,CRAIG,9x5w98,40.521809,-107.506652,220.86567195695,31482.631022974776
7678,2022,11,CO,7002,CRAIG,9x5w98,40.521809,-107.506652,224.87095653638522,26441.29601730357
7679,2022,12,CO,7002,CRAIG,9x5w98,40.521809,-107.506652,231.4975062767037,24545.11777116042
7680,2018,1,CA,8003,COTWDWAP,9r1jcf,40.397712,-122.265115,89.1236197879526,9172.711287612237
7681,2018,2,CA,8003,COTWDWAP,9r1jcf,40.397712,-122.265115,90.35987116011474,10050.313491130384
7682,2018,3,CA,8003,COTWDWAP,9r1jcf,40.397712,-122.265115,91.99708810361531,13977.15016410956
7683,2018,4,CA,8003,COTWDWAP,9r1jcf,40.397712,-122.265115,93.63018090632539,15893.128790277164
7684,2018,5,CA,8003,COTWDWAP,9r1jcf,40.397712,-122.265115,95.2046118233105,17502.962791325495
7685,2018,6,CA,8003,COTWDWAP,9r1jcf,40.397712,-122.265115,96.48178324175782,17902.057783624037
7686,2018,7,CA,8003,COTWDWAP,9r1jcf,40.397712,-122.265115,97.84553483667116,18194.151541410403
7687,2018,8,CA,8003,COTWDWAP,9r1jcf,40.397712,-122.265115,99.33718835636074,17642.368323943476
7688,2018,9,CA,8003,COTWDWAP,9r1jcf,40.397712,-122.265115,100.8410937878144,16005.323268739401
7689,2018,10,CA,8003,COTWDWAP,9r1jcf,40.397712,-122.265115,102.31938402013729,14627.354608975329
7690,2018,11,CA,8003,COTWDWAP,9r1jcf,40.397712,-122.265115,103.75054121485418,11570.627178250954
7691,2018,12,CA,8003,COTWDWAP,9r1jcf,40.397712,-122.265115,105.37009665932003,10443.452326992887
7692,2019,1,CA,8003,COTWDWAP,9r1jcf,40.397712,-122.265115,106.58567376725954,10897.251891076865
7693,2019,2,CA,8003,COTWDWAP,9r1jcf,40.397712,-122.265115,107.7326133891853,11454.178728903695
7694,2019,3,CA,8003,COTWDWAP,9r1jcf,40.397712,-122.265115,109.34953099035332,16723.809907567804
7695,2019,4,CA,8003,COTWDWAP,9r1jcf,40.397712,-122.265115,110.56554997052038,18768.683733718943
7696,2019,5,CA,8003,COTWDWAP,9r1jcf,40.397712,-122.265115,111.83790096466709,20418.68749540015
7697,2019,6,CA,8003,COTWDWAP,9r1jcf,40.397712,-122.265115,113.1212184240977,20887.65232857493
7698,2019,7,CA,8003,COTWDWAP,9r1jcf,40.397712,-122.265115,114.37265413280674,21771.075234606273
7699,2019,8,CA,8003,COTWDWAP,9r1jcf,40.397712,-122.265115,115.94945509173967,21091.657384890554
7700,2019,9,CA,8003,COTWDWAP,9r1jcf,40.397712,-122.265115,117.49598110805124,18717.008959287254
7701,2019,10,CA,8003,COTWDWAP,9r1jcf,40.397712,-122.265115,118.91409637702148,17118.845553612464
7702,2019,11,CA,8003,COTWDWAP,9r1jcf,40.397712,-122.265115,120.50096666671567,13299.084001537938
7703,2019,12,CA,8003,COTWDWAP,9r1jcf,40.397712,-122.265115,122.5303251270711,11865.656641386733
7704,2020,1,CA,8003,COTWDWAP,9r1jcf,40.397712,-122.265115,124.12312721666854,12835.19233018786
7705,2020,2,CA,8003,COTWDWAP,9r1jcf,40.397712,-122.265115,125.41864302759319,14377.536695368979
7706,2020,3,CA,8003,COTWDWAP,9r1jcf,40.397712,-122.265115,127.022157171192,18988.560987739125
7707,2020,4,CA,8003,COTWDWAP,9r1jcf,40.397712,-122.265115,128.23101246524564,21106.95305984876
7708,2020,5,CA,8003,COTWDWAP,9r1jcf,40.397712,-122.265115,129.40723616479764,23881.669600906294
7709,2020,6,CA,8003,COTWDWAP,9r1jcf,40.397712,-122.265115,131.10414602922083,23941.870219628276
7710,2020,7,CA,8003,COTWDWAP,9r1jcf,40.397712,-122.265115,132.5790217943308,24831.483434206057
7711,2020,8,CA,8003,COTWDWAP,9r1jcf,40.397712,-122.265115,134.04123055558412,23637.71047116511
7712,2020,9,CA,8003,COTWDWAP,9r1jcf,40.397712,-122.265115,135.5595570897371,20974.606730647476
7713,2020,10,CA,8003,COTWDWAP,9r1jcf,40.397712,-122.265115,137.2322577121172,19120.871110197884
7714,2020,11,CA,8003,COTWDWAP,9r1jcf,40.397712,-122.265115,138.76981238320263,15503.116950268402
7715,2020,12,CA,8003,COTWDWAP,9r1jcf,40.397712,-122.265115,141.21667314826112,13885.289534183854
7716,2021,1,CA,8003,COTWDWAP,9r1jcf,40.397712,-122.265115,142.61167716072345,14708.285556132565
7717,2021,2,CA,8003,COTWDWAP,9r1jcf,40.397712,-122.265115,144.11293135881175,15727.509268099819
7718,2021,3,CA,8003,COTWDWAP,9r1jcf,40.397712,-122.265115,145.25905418661992,22209.841609225277
7719,2021,4,CA,8003,COTWDWAP,9r1jcf,40.397712,-122.265115,147.5270370399232,24794.773894646765
7720,2021,5,CA,8003,COTWDWAP,9r1jcf,40.397712,-122.265115,149.19162328139723,27346.052120012173
7721,2021,6,CA,8003,COTWDWAP,9r1jcf,40.397712,-122.265115,151.12311373838273,27505.639831872093
7722,2021,7,CA,8003,COTWDWAP,9r1jcf,40.397712,-122.265115,152.75972812884575,28155.10090036037
7723,2021,8,CA,8003,COTWDWAP,9r1jcf,40.397712,-122.265115,154.69210233028636,26659.99665315505
7724,2021,9,CA,8003,COTWDWAP,9r1jcf,40.397712,-122.265115,156.73297624869323,23779.855892785356
7725,2021,10,CA,8003,COTWDWAP,9r1jcf,40.397712,-122.265115,158.51673409093246,21279.2853977866
7726,2021,11,CA,8003,COTWDWAP,9r1jcf,40.397712,-122.265115,160.57259149487376,17929.70979948274
7727,2021,12,CA,8003,COTWDWAP,9r1jcf,40.397712,-122.265115,162.9095064156758,15677.425247077399
7728,2022,1,CA,8003,COTWDWAP,9r1jcf,40.397712,-122.265115,164.74689147825933,17659.724730290192
7729,2022,2,CA,8003,COTWDWAP,9r1jcf,40.397712,-122.265115,166.7096745229963,18870.710692054912
7730,2022,3,CA,8003,COTWDWAP,9r1jcf,40.397712,-122.265115,169.09305297802922,26999.598397217593
7731,2022,4,CA,8003,COTWDWAP,9r1jcf,40.397712,-122.265115,171.45676142390215,29543.062192579073
7732,2022,5,CA,8003,COTWDWAP,9r1jcf,40.397712,-122.265115,173.72149049080247,32764.69100938054
7733,2022,6,CA,8003,COTWDWAP,9r1jcf,40.397712,-122.265115,175.9114762009083,32737.50802080628
7734,2022,7,CA,8003,COTWDWAP,9r1jcf,40.397712,-122.265115,178.2604555725294,33748.65283554639
7735,2022,8,CA,8003,COTWDWAP,9r1jcf,40.397712,-122.265115,180.80439432697523,32788.99178592506
7736,2022,9,CA,8003,COTWDWAP,9r1jcf,40.397712,-122.265115,183.11380604912875,29382.480562788638
7737,2022,10,CA,8003,COTWDWAP,9r1jcf,40.397712,-122.265115,185.8593724400152,27640.654105242957
7738,2022,11,CA,8003,COTWDWAP,9r1jcf,40.397712,-122.265115,188.4619596901185,21912.337018891947
7739,2022,12,CA,8003,COTWDWAP,9r1jcf,40.397712,-122.265115,190.08480909118975,18927.67810490773
7740,2018,1,CA,8004,RNCHSECO,9qcf5u,38.344823,-121.123005,556.0399184127763,57228.30432743838
7741,2018,2,CA,8004,RNCHSECO,9qcf5u,38.344823,-121.123005,563.7528581895741,62703.64137954795
7742,2018,3,CA,8004,RNCHSECO,9qcf5u,38.344823,-121.123005,573.9674116138409,87203.07204067548
7743,2018,4,CA,8004,RNCHSECO,9qcf5u,38.344823,-121.123005,584.1562346322497,99156.81226699952
7744,2018,5,CA,8004,RNCHSECO,9qcf5u,38.344823,-121.123005,593.9790676894107,109200.52423393678
7745,2018,6,CA,8004,RNCHSECO,9qcf5u,38.344823,-121.123005,601.9473065580993,111690.46738800318
7746,2018,7,CA,8004,RNCHSECO,9qcf5u,38.344823,-121.123005,610.4557168692501,113512.83265587314
7747,2018,8,CA,8004,RNCHSECO,9qcf5u,38.344823,-121.123005,619.7621039231167,110070.27168323944
7748,2018,9,CA,8004,RNCHSECO,9qcf5u,38.344823,-121.123005,629.1449303320487,99856.79066553108
7749,2018,10,CA,8004,RNCHSECO,9qcf5u,38.344823,-121.123005,638.3679441877127,91259.68046092345
7750,2018,11,CA,8004,RNCHSECO,9qcf5u,38.344823,-121.123005,647.2968962621416,72188.83846377388
7751,2018,12,CA,8004,RNCHSECO,9qcf5u,38.344823,-121.123005,657.4012600587239,65156.42423035659
7752,2019,1,CA,8004,RNCHSECO,9qcf5u,38.344823,-121.123005,664.9852136451163,67987.66776814563
7753,2019,2,CA,8004,RNCHSECO,9qcf5u,38.344823,-121.123005,672.1409397625848,71462.31965284138
7754,2019,3,CA,8004,RNCHSECO,9qcf5u,38.344823,-121.123005,682.2288461242515,104339.4098969463
7755,2019,4,CA,8004,RNCHSECO,9qcf5u,38.344823,-121.123005,689.815556539843,117097.3238838645
7756,2019,5,CA,8004,RNCHSECO,9qcf5u,38.344823,-121.123005,697.7537209081779,127391.65393025264
7757,2019,6,CA,8004,RNCHSECO,9qcf5u,38.344823,-121.123005,705.7603047648173,130317.51318279859
7758,2019,7,CA,8004,RNCHSECO,9qcf5u,38.344823,-121.123005,713.567979217729,135829.16544470598
7759,2019,8,CA,8004,RNCHSECO,9qcf5u,38.344823,-121.123005,723.4055989042305,131590.29536040113
7760,2019,9,CA,8004,RNCHSECO,9qcf5u,38.344823,-121.123005,733.0543340204558,116774.92632609745
7761,2019,10,CA,8004,RNCHSECO,9qcf5u,38.344823,-121.123005,741.9019178633723,106804.02689656353
7762,2019,11,CA,8004,RNCHSECO,9qcf5u,38.344823,-121.123005,751.8023598395015,82972.63509689063
7763,2019,12,CA,8004,RNCHSECO,9qcf5u,38.344823,-121.123005,764.4634738675342,74029.5195200606
7764,2020,1,CA,8004,RNCHSECO,9qcf5u,38.344823,-121.123005,774.4009241871539,80078.42716745989
7765,2020,2,CA,8004,RNCHSECO,9qcf5u,38.344823,-121.123005,782.4836132377437,89701.07307232969
7766,2020,3,CA,8004,RNCHSECO,9qcf5u,38.344823,-121.123005,792.4878957803717,118469.13228524111
7767,2020,4,CA,8004,RNCHSECO,9qcf5u,38.344823,-121.123005,800.0299121468264,131685.7246739329
7768,2020,5,CA,8004,RNCHSECO,9qcf5u,38.344823,-121.123005,807.3683408539432,148997.10815206185
7769,2020,6,CA,8004,RNCHSECO,9qcf5u,38.344823,-121.123005,817.9553168409221,149372.6982279835
7770,2020,7,CA,8004,RNCHSECO,9qcf5u,38.344823,-121.123005,827.1570279255025,154922.97166200334
7771,2020,8,CA,8004,RNCHSECO,9qcf5u,38.344823,-121.123005,836.2797099063757,147475.05356181873
7772,2020,9,CA,8004,RNCHSECO,9qcf5u,38.344823,-121.123005,845.7525091955322,130860.01940897168
7773,2020,10,CA,8004,RNCHSECO,9qcf5u,38.344823,-121.123005,856.1884443585132,119294.61165728855
7774,2020,11,CA,8004,RNCHSECO,9qcf5u,38.344823,-121.123005,865.7812074879691,96723.53866102999
7775,2020,12,CA,8004,RNCHSECO,9qcf5u,38.344823,-121.123005,881.0471074077394,86629.9559880425
7776,2021,1,CA,8004,RNCHSECO,9qcf5u,38.344823,-121.123005,889.7505007295163,91764.60651039773
7777,2021,2,CA,8004,RNCHSECO,9qcf5u,38.344823,-121.123005,899.1167861632538,98123.51642670306
7778,2021,3,CA,8004,RNCHSECO,9qcf5u,38.344823,-121.123005,906.267416323718,138566.61730904778
7779,2021,4,CA,8004,RNCHSECO,9qcf5u,38.344823,-121.123005,920.4173016595332,154693.9418107688
7780,2021,5,CA,8004,RNCHSECO,9qcf5u,38.344823,-121.123005,930.8026114135854,170611.2995174655
7781,2021,6,CA,8004,RNCHSECO,9qcf5u,38.344823,-121.123005,942.8531295441611,171606.9630519292
7782,2021,7,CA,8004,RNCHSECO,9qcf5u,38.344823,-121.123005,953.0639236558837,175658.93356652124
7783,2021,8,CA,8004,RNCHSECO,9qcf5u,38.344823,-121.123005,965.1199554448577,166331.01751449596
7784,2021,9,CA,8004,RNCHSECO,9qcf5u,38.344823,-121.123005,977.8529141126241,148361.8951065015
7785,2021,10,CA,8004,RNCHSECO,9qcf5u,38.344823,-121.123005,988.9817323476407,132760.90159509954
7786,2021,11,CA,8004,RNCHSECO,9qcf5u,38.344823,-121.123005,1001.8081725873396,111862.9875872344
7787,2021,12,CA,8004,RNCHSECO,9qcf5u,38.344823,-121.123005,1016.3881232782114,97811.04353759298
7788,2022,1,CA,8004,RNCHSECO,9qcf5u,38.344823,-121.123005,1027.851520329662,110178.55784567236
7789,2022,2,CA,8004,RNCHSECO,9qcf5u,38.344823,-121.123005,1040.0972720916998,117733.8673919044
7790,2022,3,CA,8004,RNCHSECO,9qcf5u,38.344823,-121.123005,1054.967107549869,168449.78385848703
7791,2022,4,CA,8004,RNCHSECO,9qcf5u,38.344823,-121.123005,1069.7142223385397,184318.38754203968
7792,2022,5,CA,8004,RNCHSECO,9qcf5u,38.344823,-121.123005,1083.843807386616,204418.04494725523
7793,2022,6,CA,8004,RNCHSECO,9qcf5u,38.344823,-121.123005,1097.507070598654,204248.4509969084
7794,2022,7,CA,8004,RNCHSECO,9qcf5u,38.344823,-121.123005,1112.1622910806886,210556.9568860239
7795,2022,8,CA,8004,RNCHSECO,9qcf5u,38.344823,-121.123005,1128.0338580214693,204569.65685259897
7796,2022,9,CA,8004,RNCHSECO,9qcf5u,38.344823,-121.123005,1142.4422169797679,183316.52297976418
7797,2022,10,CA,8004,RNCHSECO,9qcf5u,38.344823,-121.123005,1159.5717334381168,172449.3135503528
7798,2022,11,CA,8004,RNCHSECO,9qcf5u,38.344823,-121.123005,1175.8092067998664,136710.49399931286
7799,2022,12,CA,8004,RNCHSECO,9qcf5u,38.344823,-121.123005,1185.9341215050235,118089.2855814958
7800,2018,1,CA,8005,TRACYPMP,9q9wtp,37.74752,-121.416448,197.88177226152018,20366.232547046082
7801,2018,2,CA,8005,TRACYPMP,9q9wtp,37.74752,-121.416448,200.6266294953962,22314.778620308927
7802,2018,3,CA,8005,TRACYPMP,9q9wtp,37.74752,-121.416448,204.2617532833135,31033.56048845394
7803,2018,4,CA,8005,TRACYPMP,9q9wtp,37.74752,-121.416448,207.88772021370391,35287.62071472505
7804,2018,5,CA,8005,TRACYPMP,9q9wtp,37.74752,-121.416448,211.38343976479038,38861.94597139914
7805,2018,6,CA,8005,TRACYPMP,9q9wtp,37.74752,-121.416448,214.21915205257025,39748.05926622077
7806,2018,7,CA,8005,TRACYPMP,9q9wtp,37.74752,-121.416448,217.2470988883024,40396.5970006038
7807,2018,8,CA,8005,TRACYPMP,9q9wtp,37.74752,-121.416448,220.5590272275978,39171.46901280096
7808,2018,9,CA,8005,TRACYPMP,9q9wtp,37.74752,-121.416448,223.89815856896195,35536.72686962413
7809,2018,10,CA,8005,TRACYPMP,9q9wtp,37.74752,-121.416448,227.18041631146548,32477.213789211684
7810,2018,11,CA,8005,TRACYPMP,9q9wtp,37.74752,-121.416448,230.35802425366091,25690.341322055603
7811,2018,12,CA,8005,TRACYPMP,9q9wtp,37.74752,-121.416448,233.95393409651962,23187.667420947826
7812,2019,1,CA,8005,TRACYPMP,9q9wtp,37.74752,-121.416448,236.65288812253326,24195.24164432538
7813,2019,2,CA,8005,TRACYPMP,9q9wtp,37.74752,-121.416448,239.19944587684822,25431.790046997805
7814,2019,3,CA,8005,TRACYPMP,9q9wtp,37.74752,-121.416448,242.7894988984965,37131.987584750575
7815,2019,4,CA,8005,TRACYPMP,9q9wtp,37.74752,-121.416448,245.48943401638803,41672.23469020624
7816,2019,5,CA,8005,TRACYPMP,9q9wtp,37.74752,-121.416448,248.3144434836818,45335.74913650556
7817,2019,6,CA,8005,TRACYPMP,9q9wtp,37.74752,-121.416448,251.16380186758138,46376.99490881315
7818,2019,7,CA,8005,TRACYPMP,9q9wtp,37.74752,-121.416448,253.94237298598844,48338.46472700308
7819,2019,8,CA,8005,TRACYPMP,9q9wtp,37.74752,-121.416448,257.44335475714723,46829.948707032905
7820,2019,9,CA,8005,TRACYPMP,9q9wtp,37.74752,-121.416448,260.8771168696423,41557.50084108649
7821,2019,10,CA,8005,TRACYPMP,9q9wtp,37.74752,-121.416448,264.0257677364115,38009.08788579063
7822,2019,11,CA,8005,TRACYPMP,9q9wtp,37.74752,-121.416448,267.54910651036346,29528.045628538224
7823,2019,12,CA,8005,TRACYPMP,9q9wtp,37.74752,-121.416448,272.05490474482116,26345.39722276493
7824,2020,1,CA,8005,TRACYPMP,9q9wtp,37.74752,-121.416448,275.59141393398227,28498.063831540785
7825,2020,2,CA,8005,TRACYPMP,9q9wtp,37.74752,-121.416448,278.46785639972296,31922.541395914413
7826,2020,3,CA,8005,TRACYPMP,9q9wtp,37.74752,-121.416448,282.02814963440863,42160.429635710374
7827,2020,4,CA,8005,TRACYPMP,9q9wtp,37.74752,-121.416448,284.71217917185555,46863.90979698715
7828,2020,5,CA,8005,TRACYPMP,9q9wtp,37.74752,-121.416448,287.32375656062334,53024.63158964081
7829,2020,6,CA,8005,TRACYPMP,9q9wtp,37.74752,-121.416448,291.09141694222626,53158.29542816408
7830,2020,7,CA,8005,TRACYPMP,9q9wtp,37.74752,-121.416448,294.3660935202189,55133.50963004186
7831,2020,8,CA,8005,TRACYPMP,9q9wtp,37.74752,-121.416448,297.6126454643786,52482.96749355247
7832,2020,9,CA,8005,TRACYPMP,9q9wtp,37.74752,-121.416448,300.9837960770302,46570.060352395834
7833,2020,10,CA,8005,TRACYPMP,9q9wtp,37.74752,-121.416448,304.69770451574766,42454.19869022781
7834,2020,11,CA,8005,TRACYPMP,9q9wtp,37.74752,-121.416448,308.11154749011587,34421.6748040054
7835,2020,12,CA,8005,TRACYPMP,9q9wtp,37.74752,-121.416448,313.54432889889347,30829.60171418055
7836,2021,1,CA,8005,TRACYPMP,9q9wtp,37.74752,-121.416448,316.64166568744355,32656.905315345615
7837,2021,2,CA,8005,TRACYPMP,9q9wtp,37.74752,-121.416448,319.97491047754033,34919.894576047845
7838,2021,3,CA,8005,TRACYPMP,9q9wtp,37.74752,-121.416448,322.51965469838404,49312.66065873191
7839,2021,4,CA,8005,TRACYPMP,9q9wtp,37.74752,-121.416448,327.5552722769584,55052.00319253202
7840,2021,5,CA,8005,TRACYPMP,9q9wtp,37.74752,-121.416448,331.25116430119095,60716.62339050761
7841,2021,6,CA,8005,TRACYPMP,9q9wtp,37.74752,-121.416448,335.53966554972493,61070.95706018056
7842,2021,7,CA,8005,TRACYPMP,9q9wtp,37.74752,-121.416448,339.1734514850815,62512.95983736907
7843,2021,8,CA,8005,TRACYPMP,9q9wtp,37.74752,-121.416448,343.46391491737126,59193.369824568596
7844,2021,9,CA,8005,TRACYPMP,9q9wtp,37.74752,-121.416448,347.99528100076793,52798.57392892839
7845,2021,10,CA,8005,TRACYPMP,9q9wtp,37.74752,-121.416448,351.95577053146127,47246.54044563277
7846,2021,11,CA,8005,TRACYPMP,9q9wtp,37.74752,-121.416448,356.52040454853545,39809.45522295753
7847,2021,12,CA,8005,TRACYPMP,9q9wtp,37.74752,-121.416448,361.7090724600603,34808.692687418545
7848,2022,1,CA,8005,TRACYPMP,9q9wtp,37.74752,-121.416448,365.7886308686611,39210.00555851299
7849,2022,2,CA,8005,TRACYPMP,9q9wtp,37.74752,-121.416448,370.14661126018365,41898.76583180495
7850,2022,3,CA,8005,TRACYPMP,9q9wtp,37.74752,-121.416448,375.4384424691714,59947.389860313175
7851,2022,4,CA,8005,TRACYPMP,9q9wtp,37.74752,-121.416448,380.6866002245646,65594.65962680866
7852,2022,5,CA,8005,TRACYPMP,9q9wtp,37.74752,-121.416448,385.71499339931074,72747.66375022997
7853,2022,6,CA,8005,TRACYPMP,9q9wtp,37.74752,-121.416448,390.57743339640933,72687.3091779265
7854,2022,7,CA,8005,TRACYPMP,9q9wtp,37.74752,-121.416448,395.7928880892063,74932.36080879468
7855,2022,8,CA,8005,TRACYPMP,9q9wtp,37.74752,-121.416448,401.4412124105503,72801.6189277845
7856,2022,9,CA,8005,TRACYPMP,9q9wtp,37.74752,-121.416448,406.56881478519085,65238.11915447171
7857,2022,10,CA,8005,TRACYPMP,9q9wtp,37.74752,-121.416448,412.6648143034209,61370.73015915022
7858,2022,11,CA,8005,TRACYPMP,9q9wtp,37.74752,-121.416448,418.4433562740119,48652.10921646369
7859,2022,12,CA,8005,TRACYPMP,9q9wtp,37.74752,-121.416448,422.04657971086937,42025.250961597594
