name,longitude_gen,latitude_gen,elevation[m]
251 Wind,-118.36441,35.077435,1555.224487
251 Wind,-118.363762,35.077908,1561.870239
251 Wind,-118.364197,35.077644,1558.125732
Air Force (Laramie),-104.884689,41.178291,1895.569824
Alite Wind Farm,-118.335289,35.037697,1235.620605
Alite Wind Farm,-118.345291,35.035194,1283.692139
Alite Wind Farm,-118.336891,35.037193,1255.062866
Alite Wind Farm,-118.343689,35.031494,1301.671753
Alite Wind Farm,-118.344887,35.030895,1305.312012
Alite Wind Farm,-118.338486,35.036594,1265.191284
Alite Wind Farm,-118.344086,35.035896,1279.395386
Alite Wind Farm,-118.339989,35.035995,1261.079346
Alta I,-118.386787,35.027794,1625.490112
Alta I,-118.366287,35.037796,1361.366089
Alta I,-118.360588,35.045395,1305.404419
Alta I,-118.375786,35.048294,1363.610229
Alta I,-118.37619,35.047295,1378.675781
Alta I,-118.370987,35.027596,1471.814209
Alta I,-118.361191,35.029594,1318.501465
Alta I,-118.36039,35.030296,1325.285278
Alta I,-118.391991,35.050694,1548.506836
Alta I,-118.369286,35.053295,1368.192261
Alta I,-118.367027,35.029114,1388.411865
Alta I,-118.3797,35.033554,1523.398804
Alta I,-118.355385,35.023594,1289.830933
Alta I,-118.378189,35.025795,1574.816772
Alta I,-118.359589,35.045994,1299.561401
Alta I,-118.39399,35.054794,1527.587769
Alta I,-118.374191,35.026196,1532.085205
Alta I,-118.353485,35.024895,1246.208008
Alta I,-118.394485,35.050095,1552.720581
Alta I,-118.367287,35.036995,1363.766968
Alta I,-118.348488,35.057297,1265.653076
Alta I,-118.380486,35.032696,1536.272705
Alta I,-118.379791,35.051094,1383.527466
Alta I,-118.358086,35.022095,1309.994385
Alta I,-118.387291,35.053795,1498.64978
Alta I,-118.349586,35.056793,1264.712891
Alta I,-118.360291,35.020996,1306.644287
Alta I,-118.354187,35.034195,1277.216553
Alta I,-118.388985,35.024197,1671.454102
Alta I,-118.367584,35.028294,1398.966187
Alta I,-118.364891,35.043396,1356.668335
Alta I,-118.362091,35.028996,1307.925415
Alta I,-118.381485,35.043694,1380.730469
Alta I,-118.356987,35.022694,1298.835938
Alta I,-118.364388,35.034294,1355.910156
Alta I,-118.388885,35.052197,1525.459473
Alta I,-118.382385,35.043095,1369.987793
Alta I,-118.369286,35.035694,1399.904419
Alta I,-118.389687,35.051296,1528.710815
Alta I,-118.393288,35.050396,1544.717529
Alta I,-118.374687,35.050495,1351.013184
Alta I,-118.36869,35.027496,1442.436523
Alta I,-118.381882,35.030018,1568.325562
Alta I,-118.375191,35.049294,1356.144043
Alta I,-118.373688,35.051094,1356.295532
Alta I,-118.375305,35.038174,1473.633667
Alta I,-118.357689,35.032295,1303.233521
Alta I,-118.356491,35.047894,1284.45874
Alta I,-118.358185,35.030697,1285.494751
Alta I,-118.370186,35.052494,1374.328003
Alta I,-118.377388,35.046894,1375.11853
Alta I,-118.388191,35.053097,1514.803223
Alta I,-118.38739,35.026894,1641.194946
Alta I,-118.371887,35.034595,1406.762939
Alta I,-118.355339,35.033531,1282.6521
Alta I,-118.39209,35.017696,1641.19397
Alta I,-118.368286,35.036194,1391.847534
Alta I,-118.34729,35.057693,1266.033813
Alta I,-118.357391,35.047195,1295.111572
Alta I,-118.391586,35.022095,1660.146118
Alta I,-118.39566,35.049759,1564.640137
Alta I,-118.396889,35.049496,1578.991333
Alta I,-118.387886,35.025394,1664.965088
Alta I,-118.370285,35.035095,1413.112915
Alta I,-118.357185,35.038094,1305.935791
Alta I,-118.382889,35.028595,1602.807129
Alta I,-118.39109,35.023296,1677.126099
Alta I,-118.373985,35.038593,1457.721558
Alta I,-118.371284,35.051395,1357.591064
Alta I,-118.391891,35.019196,1659.610107
Alta I,-118.384361,35.027653,1628.751953
Alta I,-118.391586,35.020596,1655.644409
Alta I,-118.390884,35.050995,1533.534058
Alta I,-118.372086,35.032795,1406.245239
Alta I,-118.347191,35.027393,1272.256104
Alta I,-118.372185,35.027096,1475.156128
Alta I,-118.364189,35.028095,1349.479004
Alta I,-118.348686,35.025295,1243.138672
Alta I,-118.37973,35.045631,1379.332764
Alta I,-118.358185,35.037193,1324.978882
Alta I,-118.361389,35.020676,1319.552002
Alta I,-118.360291,35.035496,1307.050171
Alta I,-118.35849,35.046696,1304.277466
Alta I,-118.380989,35.050797,1398.891846
Alta I,-118.359085,35.021496,1310.046631
Alta I,-118.363686,35.043694,1343.599609
Alta I,-118.38121,35.03186,1554.937866
Alta I,-118.365189,35.038197,1352.351196
Alta I,-118.378685,35.046494,1369.153687
Alta I,-118.347389,35.026096,1262.467896
Alta I,-118.376884,35.026096,1563.326782
Alta I,-118.373291,35.026695,1501.18457
Alta I,-118.362022,35.035137,1322.18103
Alta I,-118.380585,35.044594,1387.586914
Alta I,-118.375389,35.025696,1536.5625
Alta I,-118.362442,35.044006,1327.475708
Alta I,-118.358986,35.036297,1321.088989
Alta I,-118.356888,35.032993,1300.113892
Alta I,-118.351585,35.055496,1261.694092
Alta I,-118.361588,35.044796,1317.953857
Alta I,-118.382599,35.050255,1412.188232
Alta II,-118.235176,35.017097,921.4169312
Alta II,-118.223885,35.008194,900.3459473
Alta II,-118.234787,35.033295,919.02948
Alta II,-118.225861,35.031601,902.0401001
Alta II,-118.236786,35.032696,921.9852295
Alta II,-118.22979,35.034695,912.4386597
Alta II,-118.224388,35.017796,902.0466309
Alta II,-118.234406,35.00824,918.8536987
Alta II,-118.223885,35.009495,901.8074951
Alta II,-118.225487,35.016994,903.3014526
Alta II,-118.222588,35.032894,898.7698364
Alta II,-118.22879,35.028595,910.1178589
Alta II,-118.223785,35.012096,901.6519775
Alta II,-118.223587,35.014793,900.776001
Alta II,-118.232986,35.033695,915.3358154
Alta II,-118.22979,35.027393,912.3476563
Alta II,-118.223457,35.018707,900.3728027
Alta II,-118.247185,35.034695,947.5197144
Alta II,-118.233498,35.010849,920.4436646
Alta II,-118.230988,35.026596,913.8967896
Alta II,-118.231384,35.034195,913.6873169
Alta II,-118.223686,35.013393,901.1831055
Alta II,-118.248291,35.033894,948.9381104
Alta II,-118.246185,35.035496,945.9056396
Alta II,-118.225288,35.036896,906.0582886
Alta II,-118.243675,35.03709,942.5791626
Alta II,-118.257484,35.029495,970.6168823
Alta II,-118.228088,35.029594,908.6257935
Alta II,-118.226791,35.036095,910.3179321
Alta II,-118.256889,35.031895,970.494873
Alta II,-118.256989,35.030594,970.9212036
Alta II,-118.224289,35.032394,899.2174072
Alta II,-118.25679,35.033096,970.4028931
Alta II,-118.228287,35.035397,912.9798584
Alta II,-118.231987,35.017895,915.3795166
Alta II,-118.257988,35.028294,970.7814941
Alta II,-118.223885,35.010796,903.2754517
Alta II,-118.230873,35.018757,912.8911743
Alta II,-118.223289,35.025494,898.0912476
Alta II,-118.245087,35.036297,944.4853516
Alta II,-118.226891,35.030396,904.1853027
Alta III,-118.30809,35.000496,1003.055725
Alta III,-118.30629,35.002296,1002.365173
Alta III,-118.267586,35.020496,988.5911255
Alta III,-118.270592,35.003796,970.5567017
Alta III,-118.314491,34.998196,1021.50592
Alta III,-118.300491,35.010895,1010.47699
Alta III,-118.264992,35.021595,985.0387573
Alta III,-118.30719,35.001396,1001.99469
Alta III,-118.268387,35.005196,969.196228
Alta III,-118.313591,34.998997,1019.350769
Alta III,-118.262192,35.012894,970.1512451
Alta III,-118.268791,35.019794,990.8995361
Alta III,-118.263786,35.009594,970.244751
Alta III,-118.305389,35.003296,1003.397461
Alta III,-118.264992,35.007397,969.9577026
Alta III,-118.271286,35.018494,994.1813965
Alta III,-118.302284,35.010197,1009.585876
Alta III,-118.269989,35.019096,992.592041
Alta III,-118.315689,34.997395,1024.524414
Alta III,-118.264091,35.008293,969.6393433
Alta III,-118.302788,35.008595,1005.477234
Alta III,-118.267387,35.005997,968.3876953
Alta III,-118.29509,35.016796,1020.820618
Alta III,-118.262787,35.011795,970.6483765
Alta III,-118.312569,34.999969,1017.145447
Alta III,-118.299385,35.011696,1012.449646
Alta III,-118.304588,35.004196,1002.248901
Alta III,-118.26619,35.006695,969.0350952
Alta III,-118.26329,35.010696,970.0531616
Alta III,-118.281685,35.010593,993.1871338
Alta III,-118.298592,35.012695,1015.01947
Alta III,-118.277489,35.013893,996.8468628
Alta III,-118.278587,35.013096,996.3099976
Alta III,-118.303688,35.005196,1000.572693
Alta III,-118.233887,35.009499,919.1675415
Alta III,-118.279686,35.012295,995.7144775
Alta III,-118.316788,34.996593,1028.600098
Alta III,-118.29599,35.015896,1020.871033
Alta III,-118.269485,35.004494,970.2518921
Alta III,-118.303162,35.006298,1000.992371
Alta III,-118.260284,35.016094,967.588501
Alta III,-118.26149,35.013996,970.3511963
Alta III,-118.303085,35.007496,1003.317932
Alta III,-118.297585,35.013695,1016.935242
Alta III,-118.259888,35.017197,967.3138428
Alta III,-118.296791,35.014694,1019.797913
Alta III,-118.260788,35.014996,969.026123
Alta III,-118.272591,35.017895,995.6481323
Alta III,-118.280685,35.011395,994.385498
Alta III,-118.276291,35.014633,995.6031494
Alta IV,-118.258286,35.023193,969.593811
Alta IV,-118.341988,35.035896,1269.378784
Alta IV,-118.355789,35.044094,1289.863647
Alta IV,-118.27079,34.996395,954.5750732
Alta IV,-118.266685,34.997894,954.1420898
Alta IV,-118.269386,34.996696,954.5388794
Alta IV,-118.319885,35.044395,1176.808594
Alta IV,-118.321289,35.043797,1179.061279
Alta IV,-118.258888,35.020794,970.81073
Alta IV,-118.254486,35.036995,974.0145264
Alta IV,-118.312286,35.047195,1166.445435
Alta IV,-118.317184,35.050995,1191.473999
Alta IV,-118.25779,35.025097,968.5206299
Alta IV,-118.259186,35.019596,969.5090332
Alta IV,-118.39019,35.045094,1460.543701
Alta IV,-118.254791,35.035793,970.6062622
Alta IV,-118.384987,35.048595,1456.077759
Alta IV,-118.259491,35.018394,968.1419678
Alta IV,-118.359085,35.041496,1312.706543
Alta IV,-118.314186,35.051395,1184.433228
Alta IV,-118.31839,35.044796,1173.124146
Alta IV,-118.333687,35.038197,1218.98291
Alta IV,-118.357185,35.042995,1293.996826
Alta IV,-118.264992,34.998493,953.4489746
Alta IV,-118.384789,35.042194,1376.613525
Alta IV,-118.25869,35.021996,970.026062
Alta IV,-118.385788,35.047497,1454.468262
Alta IV,-118.361191,35.039993,1319.150269
Alta IV,-118.321587,35.051395,1187.748291
Alta IV,-118.386185,35.041794,1386.674805
Alta IV,-118.358185,35.042294,1302.078491
Alta IV,-118.388084,35.041393,1398.124146
Alta IV,-118.26799,34.997295,954.8812256
Alta IV,-118.388191,35.046696,1475.750366
Alta IV,-118.272186,34.995895,954.5200806
Alta IV,-118.263687,35.022297,981.0609131
Alta IV,-118.359985,35.040695,1318.090332
Alta V,-118.252487,35.012894,952.4112549
Alta V,-118.241989,35.014896,933.6130981
Alta V,-118.243591,35.011597,936.7374878
Alta V,-118.252388,35.000294,942.1794434
Alta V,-118.256187,35.006195,955.46521
Alta V,-118.248688,35.025295,948.7221069
Alta V,-118.251488,35.001194,941.8283081
Alta V,-118.250587,35.017895,951.0047607
Alta V,-118.254288,35.009495,953.5006104
Alta V,-118.261887,35.001194,953.7624512
Alta V,-118.241386,35.018394,933.2833252
Alta V,-118.249886,35.003296,941.0056763
Alta V,-118.24482,35.009449,937.1506348
Alta V,-118.248787,35.024197,948.5890503
Alta V,-118.253685,35.010593,953.5452881
Alta V,-118.241287,35.023193,932.6860962
Alta V,-118.241287,35.021996,932.5708618
Alta V,-118.24939,35.022797,949.6654053
Alta V,-118.252289,34.998096,938.257019
Alta V,-118.251587,35.015194,950.9967041
Alta V,-118.253891,34.995895,938.1279297
Alta V,-118.241287,35.020794,933.2487793
Alta V,-118.247986,35.027996,947.5144653
Alta V,-118.220688,35.036594,894.3085327
Alta V,-118.257385,35.004696,955.8739014
Alta V,-118.251091,35.016693,950.5418091
Alta V,-118.24839,35.005394,941.2340698
Alta V,-118.24559,35.008293,938.8812256
Alta V,-118.250191,35.018993,950.8359375
Alta V,-118.25489,35.008293,953.6773071
Alta V,-118.259491,35.002995,954.9141235
Alta V,-118.241486,35.015995,932.8109131
Alta V,-118.250687,35.002193,941.5810547
Alta V,-118.252991,34.996994,938.4764404
Alta V,-118.25209,35.013996,952.0379028
Alta V,-118.241386,35.019596,932.828125
Alta V,-118.241386,35.024296,937.0991211
Alta V,-118.249489,35.021397,950.0469971
Alta V,-118.247391,35.006294,940.0135498
Alta V,-118.25309,35.011696,953.1149292
Alta V,-118.247086,35.030796,946.3207397
Alta V,-118.26059,35.002193,954.9945068
Alta V,-118.241287,35.025494,935.6201172
Alta V,-118.263985,34.999393,952.8669434
Alta V,-118.247391,35.029594,946.7392578
Alta V,-118.249786,35.020195,950.8049316
Alta V,-118.249084,35.004295,941.4680786
Alta V,-118.242989,35.012695,935.9698486
Alta V,-118.241386,35.017197,932.663147
Alta V,-118.248489,35.026794,948.5565796
Alta V,-118.262985,35.000294,953.2219849
Alta V,-118.258492,35.003895,955.6600952
Alta V,-118.255486,35.007294,954.0357666
Alta V,-118.246391,35.007294,939.739502
Alta V,-118.244087,35.010395,936.4298096
Alta V,-118.242386,35.013794,935.5702515
Alta VI (partial),-118.29509,35.028397,1061.139404
Alta VI (partial),-118.319588,35.010593,1047.686646
Alta VI (partial),-118.296829,35.026432,1057.905884
Alta VI (partial),-118.308388,35.035294,1110.173706
Alta VI (partial),-118.318886,35.019295,1071.505005
Alta VI (partial),-118.306389,35.016895,1033.211182
Alta VI (partial),-118.31369,35.017895,1048.252075
Alta VI (partial),-118.326088,35.012295,1078.754517
Alta VI (partial),-118.301888,35.031696,1079.567017
Alta VI (partial),-118.306404,35.024727,1053.080811
Alta VI (partial),-118.324287,35.014194,1076.508423
Alta VI (partial),-118.300591,35.021397,1042.154175
Alta VI (partial),-118.316589,35.014793,1050.690186
Alta VI (partial),-118.308586,35.015095,1031.072754
Alta VI (partial),-118.307388,35.015896,1031.672729
Alta VI (partial),-118.307289,35.037796,1109.820557
Alta VI (partial),-118.288391,35.035896,1064.712524
Alta VI (partial),-118.322189,35.017231,1077.100098
Alta VI (partial),-118.30619,35.025993,1058.415283
Alta VI (partial),-118.298668,35.023251,1047.64978
Alta VI (partial),-118.28981,35.032524,1057.447998
Alta VI (partial),-118.312523,35.018604,1048.331665
Alta VI (partial),-118.325188,35.013195,1077.498413
Alta VI (partial),-118.299187,35.035294,1086.827881
Alta VI (partial),-118.32019,35.018894,1075.627808
Alta VI (partial),-118.318787,35.011597,1046.228638
Alta VI (partial),-118.299484,35.022194,1044.289307
Alta VI (partial),-118.29599,35.027393,1059.563965
Alta VI (partial),-118.303185,35.029396,1072.18811
Alta VI (partial),-118.299988,35.034294,1085.222656
Alta VI (partial),-118.302391,35.030396,1075.97876
Alta VI (partial),-118.289085,35.034897,1062.026245
Alta VI (partial),-118.305389,35.027096,1062.862305
Alta VI (partial),-118.322487,35.016094,1073.26062
Alta VI (partial),-118.31839,35.020695,1070.216797
Alta VI (partial),-118.323387,35.015095,1077.9823
Alta VI (partial),-118.305489,35.017796,1033.213135
Alta VI (partial),-118.301689,35.020596,1041.077271
Alta VI (partial),-118.317986,35.012695,1047.616943
Alta VI (partial),-118.294289,35.029396,1061.44043
Alta VI (partial),-118.32119,35.018093,1078.090454
Alta VI (partial),-118.302986,35.019295,1036.445068
Alta VI (partial),-118.304085,35.018494,1033.471436
Alta VI (partial),-118.289688,35.033794,1059.82312
Alta VI (partial),-118.317291,35.013695,1048.514648
Alta VI (partial),-118.307785,35.036396,1109.406372
Alta VIII (partial),-118.25029,34.990494,925.9841309
Alta VIII (partial),-118.220291,35.027294,892.6356812
Alta VIII (partial),-118.232185,34.998997,909.0775146
Alta VIII (partial),-118.229691,35.002094,907.560791
Alta VIII (partial),-118.240288,35.001194,924.5185547
Alta VIII (partial),-118.23069,35.001194,908.3513184
Alta VIII (partial),-118.226486,34.984795,886.3287354
Alta VIII (partial),-118.223686,34.998493,893.651062
Alta VIII (partial),-118.22599,34.985893,886.2888794
Alta VIII (partial),-118.226585,35.004894,901.5045166
Alta VIII (partial),-118.225388,34.987595,888.1146851
Alta VIII (partial),-118.251289,34.989594,925.0167847
Alta VIII (partial),-118.237587,35.004093,923.8209229
Alta VIII (partial),-118.234985,35.022194,919.2213745
Alta VIII (partial),-118.248291,34.992393,926.8092651
Alta VIII (partial),-118.226891,34.983597,885.4244995
Alta VIII (partial),-118.224388,34.991196,889.2145996
Alta VIII (partial),-118.231384,35.000095,908.9996948
Alta VIII (partial),-118.223785,34.997295,893.7508545
Alta VIII (partial),-118.236885,35.005196,922.8734741
Alta VIII (partial),-118.224991,34.988796,888.8262329
Alta VIII (partial),-118.240685,35.000095,924.7573242
Alta VIII (partial),-118.246185,34.994194,927.4033203
Alta VIII (partial),-118.247292,34.993294,928.2139893
Alta VIII (partial),-118.227585,35.003895,904.4425659
Alta VIII (partial),-118.223885,34.996094,892.7694092
Alta VIII (partial),-118.233688,34.996895,910.5496216
Alta VIII (partial),-118.254791,34.988693,927.7894287
Alta VIII (partial),-118.228188,34.981495,885.2827759
Alta VIII (partial),-118.238487,35.003197,924.8961792
Alta VIII (partial),-118.225685,35.005894,899.6976929
Alta VIII (partial),-118.224091,34.993694,892.473877
Alta VIII (partial),-118.243088,34.997093,923.7989502
Alta VIII (partial),-118.224686,34.989994,888.8684692
Alta VIII (partial),-118.224586,35.006893,899.5914917
Alta VIII (partial),-118.241386,34.999096,923.5046997
Alta VIII (partial),-118.239586,35.002296,925.7316284
Alta VIII (partial),-118.217087,35.029194,887.4848633
Alta VIII (partial),-118.235489,35.007294,919.8329468
Alta VIII (partial),-118.234489,34.995895,911.1418457
Alta VIII (partial),-118.216087,35.032295,885.3981934
Alta VIII (partial),-118.232986,34.997993,909.9182739
Alta VIII (partial),-118.221786,35.026497,895.5960083
Alta VIII (partial),-118.218689,35.028397,889.7355957
Alta VIII (partial),-118.224548,35.021931,901.0397339
Alta VIII (partial),-118.24929,34.991394,926.0272217
Alta VIII (partial),-118.233986,35.023396,917.2781982
Alta VIII (partial),-118.228691,35.002995,905.8370361
Alta VIII (partial),-118.243889,34.995995,925.1942139
Alta VIII (partial),-118.25499,34.993496,935.0160522
Alta VIII (partial),-118.242287,34.998096,923.5808105
Alta VIII (partial),-118.224289,34.992496,891.1092529
Alta VIII (partial),-118.21579,35.033497,884.9960938
Alta VIII (partial),-118.223389,35.023094,898.2051392
Alta VIII (partial),-118.227585,34.982594,884.9638672
Alta VIII (partial),-118.223991,34.994884,892.201355
Alta VIII (partial),-118.252388,34.988796,925.9281616
Alta VIII (partial),-118.236191,35.006294,921.1427612
Alta X,-118.210579,35.103497,1049.516479
Alta X,-118.215881,35.108219,1106.286621
Alta X,-118.242081,35.094322,1158.733032
Alta X,-118.214264,35.097309,1049.463867
Alta X,-118.244965,35.087883,1144.605957
Alta X,-118.221596,35.097137,1078.166748
Alta X,-118.242546,35.092957,1149.490479
Alta X,-118.239914,35.098076,1178.553223
Alta X,-118.251045,35.091663,1201.769287
Alta X,-118.254036,35.08532,1180.948608
Alta X,-118.212418,35.100468,1050.152954
Alta X,-118.240677,35.096863,1164.88916
Alta X,-118.219345,35.100346,1079.987061
Alta X,-118.246796,35.096741,1183.320801
Alta X,-118.230858,35.101719,1153.695801
Alta X,-118.249435,35.094086,1202.958252
Alta X,-118.215683,35.109802,1121.428955
Alta X,-118.217766,35.103195,1077.571899
Alta X,-118.254822,35.084019,1176.162842
Alta X,-118.214989,35.112995,1100.515869
Alta X,-118.21888,35.101784,1088.283813
Alta X,-118.213585,35.099094,1047.155029
Alta X,-118.220337,35.098736,1078.450806
Alta X,-118.246002,35.085361,1126.084595
Alta X,-118.22905,35.104855,1178.373901
Alta X,-118.252708,35.08786,1192.767334
Alta X,-118.215599,35.111568,1110.199219
Alta X,-118.248405,35.095257,1206.985962
Alta X,-118.233673,35.10125,1164.849731
Alta X,-118.243286,35.091797,1147.846436
Alta X,-118.250092,35.092796,1195.162109
Alta X,-118.224152,35.113159,1224.598022
Alta X,-118.238991,35.099194,1166.494629
Alta X,-118.246635,35.084118,1139.705811
Alta X,-118.251457,35.090355,1180.456665
Alta X,-118.244415,35.089161,1146.758911
Alta X,-118.253052,35.086514,1187.675903
Alta X,-118.25209,35.089096,1186.302612
Alta X,-118.216164,35.106499,1098.140869
Alta X,-118.226273,35.108685,1234.155396
Alta X,-118.224792,35.111763,1226.264771
Alta X,-118.241791,35.095795,1153.333862
Alta X,-118.243858,35.090496,1146.104736
Alta X,-118.245483,35.08662,1132.137939
Alta X,-118.236885,35.100494,1171.941772
Alta X,-118.211388,35.101894,1049.685059
Alta X,-118.225487,35.110195,1239.720337
Alta X,-118.217064,35.104683,1093.074341
Alta XI,-118.384689,35.085995,1364.456787
Alta XI,-118.369087,35.105858,1222.783569
Alta XI,-118.370384,35.087795,1404.960083
Alta XI,-118.375885,35.099495,1261.742065
Alta XI,-118.36956,35.104313,1232.580688
Alta XI,-118.363586,35.097702,1320.312866
Alta XI,-118.372093,35.10244,1248.251953
Alta XI,-118.361923,35.106731,1215.368652
Alta XI,-118.384087,35.092594,1335.154541
Alta XI,-118.367302,35.108242,1214.218384
Alta XI,-118.380386,35.083195,1407.33728
Alta XI,-118.383652,35.093948,1310.636108
Alta XI,-118.390984,35.06789,1498.069824
Alta XI,-118.380287,35.068497,1514.813477
Alta XI,-118.38549,35.084797,1373.091187
Alta XI,-118.37429,35.068596,1465.651489
Alta XI,-118.381691,35.081394,1397.727173
Alta XI,-118.386261,35.083561,1381.007446
Alta XI,-118.362785,35.100895,1266.909912
Alta XI,-118.377388,35.068596,1494.240479
Alta XI,-118.384392,35.072395,1464.071167
Alta XI,-118.36631,35.095543,1353.143677
Alta XI,-118.390099,35.071014,1453.088257
Alta XI,-118.36657,35.091957,1369.440063
Alta XI,-118.382996,35.073517,1471.815063
Alta XI,-118.385796,35.071819,1471.908447
Alta XI,-118.386009,35.065582,1515.865356
Alta XI,-118.367615,35.072414,1505.634399
Alta XI,-118.374634,35.100464,1266.320313
Alta XI,-118.368286,35.107098,1218.403442
Alta XI,-118.365288,35.092896,1375.933105
Alta XI,-118.379585,35.075897,1463.280273
Alta XI,-118.381493,35.074551,1484.81543
Alta XI,-118.383064,35.095341,1285.001831
Alta XI,-118.370583,35.103416,1243.039307
Alta XI,-118.364792,35.096394,1329.330566
Alta XI,-118.37532,35.092403,1328.27417
Alta XI,-118.359886,35.108196,1205.978027
Alta XI,-118.3834,35.09729,1276.738892
Alta XI,-118.369766,35.072441,1496.268433
Alta XI,-118.384987,35.089397,1374.726685
Alta XI,-118.38739,35.064896,1496.847534
Alta XI,-118.38459,35.090897,1352.741577
Alta XI,-118.375229,35.094009,1314.217285
Alta XI,-118.383011,35.08033,1395.479858
Alta XI,-118.373993,35.070839,1499.45752
Alta XI,-118.377686,35.076195,1466.596558
Alta XI,-118.377159,35.098587,1271.608887
Alta XI,-118.384689,35.087498,1373.373291
Altech III,-116.584785,33.893696,259.4985352
Altech III,-116.585548,33.890774,259.1453857
Altech III,-116.585709,33.89016,259.1253357
Altech III,-116.58049,33.892895,252.4019165
Altech III,-116.585861,33.889606,258.7731323
Anderson Wind Project,-103.854271,33.014404,1353.41748
Anderson Wind Project,-103.869209,33.013515,1359.56604
Anderson Wind Project,-103.855408,33.035954,1357.961914
Anderson Wind Project,-103.87326,33.014576,1362.56958
Anderson Wind Project,-103.855804,33.029808,1355.058594
Anderson Wind Project,-103.864983,33.013836,1359.501099
Anderson Wind Project,-103.855537,33.032913,1355.228027
Anderson Wind Project,-103.860741,33.014084,1355.125
Anheuser-Busch Fairfield,-122.092079,38.233505,9.17623806
Anheuser-Busch Fairfield,-122.089287,38.232296,7.338165283
Anticline Wind,-106.245605,43.187435,1672.713623
Anticline Wind,-106.26873,43.212772,1654.702026
Anticline Wind,-106.265862,43.198727,1677.62207
Anticline Wind,-106.219078,43.190529,1697.767578
Anticline Wind,-106.221016,43.19511,1705.874512
Anticline Wind,-106.347298,43.146076,1682.002197
Anticline Wind,-106.246666,43.192581,1661.413818
Anticline Wind,-106.250031,43.207886,1656.470703
Anticline Wind,-106.218323,43.185745,1691.655762
Anticline Wind,-106.252411,43.217304,1647.981689
Anticline Wind,-106.291458,43.164379,1683.183105
Anticline Wind,-106.268349,43.202808,1651.199463
Anticline Wind,-106.263092,43.172169,1683.599731
Anticline Wind,-106.239998,43.171013,1725.197876
Anticline Wind,-106.289352,43.159546,1684.866943
Anticline Wind,-106.249001,43.197113,1653.968872
Anticline Wind,-106.225319,43.207268,1712.969604
Anticline Wind,-106.313622,43.141083,1688.643921
Anticline Wind,-106.249298,43.201794,1656.09375
Anticline Wind,-106.248817,43.173916,1683.514404
Anticline Wind,-106.242249,43.177532,1696.133057
Anticline Wind,-106.368111,43.081821,1685.838989
Anticline Wind,-106.314857,43.154255,1691.200806
Anticline Wind,-106.262329,43.155899,1692.952393
Anticline Wind,-106.238617,43.166096,1723.300293
Anticline Wind,-106.312469,43.148643,1681.680542
Anticline Wind,-106.263931,43.161694,1681.883545
Anticline Wind,-106.25293,43.221687,1645.710327
Anticline Wind,-106.266556,43.186466,1699.307983
Anticline Wind,-106.339119,43.158298,1678.681641
Anticline Wind,-106.263901,43.19062,1699.085327
Anticline Wind,-106.370171,43.087605,1687.716431
Anticline Wind,-106.316719,43.159824,1708.458496
Anticline Wind,-106.251259,43.21188,1654.499146
Anticline Wind,-106.262756,43.168236,1678.580444
Anticline Wind,-106.263359,43.176571,1686.202271
Anticline Wind,-106.269478,43.21788,1646.749268
Anticline Wind,-106.244621,43.182846,1680.428467
Anticline Wind,-106.222771,43.200882,1713.225952
Aragone Mesa,-105.112175,34.804577,1832.003296
Aragone Mesa,-105.083221,34.827042,1801.245117
Aragone Mesa,-105.129829,34.809025,1849.235229
Aragonne Mesa 2,-104.982239,34.825035,1761.285767
Aragonne Mesa 2,-105.011391,34.821106,1766.954468
Aragonne Mesa 2,-105.099236,34.809086,1808.577148
Aragonne Mesa 2,-105.03289,34.811226,1798.586792
Aragonne Mesa 2,-104.974815,34.82106,1758.562988
Aragonne Mesa 2,-104.963005,34.842785,1752.616455
Aragonne Mesa 2,-105.035408,34.818691,1793.216064
Aragonne Mesa 2,-105.095894,34.811771,1805.84668
Aragonne Mesa 2,-105.116501,34.800247,1831.256714
Aragonne Mesa 2,-105.00528,34.831944,1775.906006
Aragonne Mesa 2,-104.978767,34.840504,1777.233032
Aragonne Mesa 2,-104.971611,34.846863,1769.99939
Aragonne Mesa 2,-104.970421,34.842907,1772.949707
Aragonne Mesa 2,-105.07386,34.826187,1799.557861
Aragonne Mesa 2,-105.046761,34.828903,1795.675415
Aragonne Mesa 2,-105.013069,34.806236,1773.65979
Aragonne Mesa 2,-105.057808,34.825409,1802.535767
Aragonne Mesa 2,-105.004227,34.836098,1770.751221
Aragonne Mesa 2,-105.050957,34.825901,1808.853394
Aragonne Mesa 2,-104.965492,34.848404,1750.75
Aragonne Mesa 2,-104.954468,34.841373,1738.318115
Aragonne Mesa 2,-105.006889,34.823063,1770.644653
Aragonne Mesa 2,-104.997208,34.826515,1788.720093
Aragonne Mesa 2,-105.006989,34.810055,1763.647339
Aragonne Mesa 2,-104.990288,34.828243,1788.075684
Aragonne Mesa 2,-104.97905,34.833855,1777.738892
Aragonne Mesa 2,-104.967827,34.821671,1742.973022
Aragonne Mesa 2,-105.08783,34.824173,1800.972656
Aragonne Mesa 2,-105.142021,34.809177,1842.489868
Aragonne Mesa 2,-105.050941,34.833344,1794.703247
Aragonne Mesa 2,-104.978615,34.844154,1779.681152
Aragonne Mesa 2,-105.044556,34.834217,1791.906982
Aragonne Mesa 2,-104.990051,34.842876,1762.21875
Aragonne Mesa 2,-105.06823,34.81599,1815.546387
Aragonne Mesa 2,-104.988525,34.824139,1769.152954
Aragonne Mesa 2,-104.975212,34.82515,1747.018799
Aragonne Mesa 2,-105.035187,34.803879,1805.05603
Aragonne Mesa 2,-105.089012,34.802601,1803.834595
Aragonne Mesa 2,-104.961006,34.838665,1745.065918
Aragonne Mesa 2,-105.006165,34.828461,1771.334595
Aragonne Mesa 2,-105.135849,34.818306,1833.551636
Aragonne Mesa 2,-105.119888,34.797096,1829.548584
Aragonne Mesa 2,-104.99279,34.840046,1776.820679
Aragonne Mesa 2,-104.983879,34.838547,1778.483398
Aragonne Mesa 2,-104.988228,34.834633,1781.386963
Aragonne Mesa 2,-105.093132,34.820522,1792.159546
Aragonne Mesa 2,-105.09108,34.815201,1803.207886
Aragonne Mesa 2,-105.106392,34.808983,1818.971191
Aragonne Mesa 2,-105.042267,34.822582,1803.340454
Aragonne Mesa 2,-105.042328,34.805347,1824.146973
Aragonne Mesa 2 Expansion,-105.042343,34.810493,1812.2146
Aragonne Mesa 2 Expansion,-105.147125,34.807648,1833.147339
Aragonne Mesa 2 Expansion,-105.075127,34.820415,1809.738037
Aragonne Mesa 2 Expansion,-105.083191,34.81591,1797.045776
Aragonne Mesa 2 Expansion,-105.042473,34.81852,1811.444214
Aragonne Mesa 2 Expansion,-105.136826,34.814854,1844.259155
Aragonne Mesa 2 Expansion,-105.014153,34.813957,1788.102661
Aragonne Mesa 2 Expansion,-105.107079,34.813156,1813.420654
Aragonne Mesa 2 Expansion,-105.114571,34.812016,1815.953857
Aragonne Mesa 2 Expansion,-105.035606,34.822849,1791.532349
Aragonne Mesa 2 Expansion,-105.02169,34.805126,1791.541748
Aragonne Mesa 2 Expansion,-105.108498,34.800163,1810.031616
Aragonne Mesa 2 Expansion,-105.065559,34.82222,1806.819946
Aragonne Mesa 2 Expansion,-105.042465,34.814785,1807.545288
Aragonne Mesa 2 Expansion,-105.120354,34.806099,1838.180298
Aragonne Mesa 2 Expansion,-105.12442,34.803993,1844.109863
Aragonne Mesa 2 Expansion,-105.133652,34.806686,1852.026855
Aragonne Mesa 2 Expansion,-105.081528,34.819267,1802.552368
Aragonne Mesa 2 Expansion,-105.090675,34.799412,1805.58374
Aragonne Mesa 2 Expansion,-105.013069,34.817272,1775.175293
Aragonne Mesa 2 Expansion,-105.116364,34.808979,1831.966431
Aragonne Mesa 2 Expansion,-105.019089,34.812035,1781.80835
Aragonne Mesa 2 Expansion,-105.128288,34.812744,1840.704346
Aragonne Mesa 2 Expansion,-105.029442,34.814186,1791.073975
Aragonne Mesa 2 Expansion,-105.02269,34.809635,1782.502808
Aragonne Mesa 2 Expansion,-105.062202,34.817822,1814.519531
Aragonne Mesa 2 Expansion,-105.148155,34.804321,1842.23877
Aragonne Mesa 2 Expansion,-105.034027,34.808048,1794.334839
Aragonne Mesa 2 Expansion,-104.986145,34.830364,1771.710327
Aragonne Mesa 2 Expansion,-105.08786,34.808777,1802.154053
Aragonne Mesa 2 Expansion,-105.138535,34.8116,1850.967529
Aragonne Mesa 2 Expansion,-105.103058,34.804703,1809.176758
Aragonne Mesa 2 Expansion,-105.115654,34.816151,1815.354492
Aurora Wal-Mart,-104.773087,39.760796,1650.388184
BLM-JCI,-107.241638,41.797478,2095.12793
Babbitt Ranch Wind,-111.832962,35.693123,2004.491821
Babbitt Ranch Wind,-111.929039,35.63203,2036.277588
Babbitt Ranch Wind,-111.87896,35.70245,1983.790771
Babbitt Ranch Wind,-111.888069,35.659897,2002.331787
Babbitt Ranch Wind,-111.83242,35.697292,2001.912231
Babbitt Ranch Wind,-111.850746,35.666786,2004.918823
Babbitt Ranch Wind,-111.846748,35.703243,1996.218018
Babbitt Ranch Wind,-111.850967,35.708179,1998.63269
Babbitt Ranch Wind,-111.833199,35.688053,1997.19751
Babbitt Ranch Wind,-111.88266,35.676079,1999.724854
Babbitt Ranch Wind,-111.830238,35.684597,1996.210449
Babbitt Ranch Wind,-111.858589,35.689503,1990.651978
Babbitt Ranch Wind,-111.884735,35.68568,1988.881714
Babbitt Ranch Wind,-111.914406,35.659424,1993.565918
Babbitt Ranch Wind,-111.886742,35.664272,2003.918945
Babbitt Ranch Wind,-111.841888,35.694809,2005.055908
Babbitt Ranch Wind,-111.855148,35.675781,2003.735718
Babbitt Ranch Wind,-111.910217,35.640377,2046.66748
Babbitt Ranch Wind,-111.90464,35.661297,2003.551758
Babbitt Ranch Wind,-111.856216,35.680012,2000.4021
Babbitt Ranch Wind,-111.904587,35.650211,2007.242188
Babbitt Ranch Wind,-111.882492,35.722679,1999.98999
Babbitt Ranch Wind,-111.879807,35.697643,1985.720581
Babbitt Ranch Wind,-111.893509,35.654934,2001.418823
Babbitt Ranch Wind,-111.82058,35.728611,2008.192749
Babbitt Ranch Wind,-111.880302,35.706226,1988.997925
Babbitt Ranch Wind,-111.85759,35.726677,2013.492432
Babbitt Ranch Wind,-111.882545,35.670078,2004.343628
Babbitt Ranch Wind,-111.88044,35.710625,1989.071167
Babbitt Ranch Wind,-111.842278,35.659424,1991.349609
Babbitt Ranch Wind,-111.82122,35.722534,1993.644409
Babbitt Ranch Wind,-111.904655,35.645523,2007.242554
Babbitt Ranch Wind,-111.85553,35.711716,2000.112671
Babbitt Ranch Wind,-111.882347,35.681606,1986.725342
Babbitt Ranch Wind,-111.842407,35.699032,1995.890259
Babbitt Ranch Wind,-111.845306,35.6628,1998.874634
Babbitt Ranch Wind,-111.915237,35.667145,1986.833618
Babbitt Ranch Wind,-111.881126,35.690048,1986.386841
Babbitt Ranch Wind,-111.855042,35.721638,2006.315308
Babbitt Ranch Wind,-111.911171,35.664009,1997.487915
Babbitt Ranch Wind,-111.851799,35.672516,2001.189087
Babbitt Ranch Wind,-111.878006,35.694065,1981.369019
Babbitt Ranch Wind,-111.909676,35.636478,2023.624023
Babbitt Ranch Wind,-111.930038,35.63937,2026.907959
Babbitt Ranch Wind,-111.909637,35.632236,2003.977173
Babbitt Ranch Wind,-111.880463,35.714638,1992.638306
Babbitt Ranch Wind,-111.857437,35.683788,1997.769409
Babbitt Ranch Wind,-111.882126,35.718735,1992.463257
Babbitt Ranch Wind,-111.904892,35.655006,2002.708862
Babbitt Ranch Wind,-111.921021,35.630672,2003.504761
Barstow Marine Logistics Base,-116.959785,34.862396,709.8942261
Benson Creek,-117.279434,44.423641,1223.736572
Benson Creek,-117.276726,44.424286,1256.290649
Benson Creek,-117.276199,44.414421,1290.615967
Benson Creek,-117.273834,44.416237,1268.984131
Benson Creek,-117.264336,44.413574,1217.991455
Big Horn,-120.273788,45.868694,687.2022095
Big Horn,-120.268684,45.935295,834.1057739
Big Horn,-120.297089,45.873394,709.2582397
Big Horn,-120.329185,45.843395,667.0718994
Big Horn,-120.290085,45.850895,676.3938599
Big Horn,-120.260086,45.893494,739.5410767
Big Horn,-120.262688,45.900593,756.7922363
Big Horn,-120.288086,45.933594,836.0731812
Big Horn,-120.296989,45.863895,681.1408691
Big Horn,-120.265785,45.908493,778.4414063
Big Horn,-120.312187,45.886894,742.427124
Big Horn,-120.232086,45.883194,684.8690796
Big Horn,-120.288788,45.904594,774.6478882
Big Horn,-120.238289,45.894592,721.2810669
Big Horn,-120.236984,45.892094,714.3156128
Big Horn,-120.261086,45.896595,747.4467163
Big Horn,-120.282684,45.943794,853.5021973
Big Horn,-120.275887,45.876793,706.9770508
Big Horn,-120.266685,45.843895,628.7312012
Big Horn,-120.282784,45.941093,847.6455078
Big Horn,-120.257988,45.886395,718.0943604
Big Horn,-120.289688,45.852295,675.2504272
Big Horn,-120.296989,45.872093,705.8748169
Big Horn,-120.316086,45.862892,684.109375
Big Horn,-120.232285,45.884594,689.6485596
Big Horn,-120.292183,45.845394,655.1657104
Big Horn,-120.237587,45.893394,717.4372559
Big Horn,-120.290588,45.849495,674.0188599
Big Horn,-120.277786,45.864094,677.5725098
Big Horn,-120.316185,45.864292,689.3972778
Big Horn,-120.273888,45.870094,688.7390137
Big Horn,-120.26619,45.846794,632.6728516
Big Horn,-120.274185,45.872795,698.8319092
Big Horn,-120.234985,45.889694,707.4382324
Big Horn,-120.289688,45.890594,746.7064819
Big Horn,-120.259689,45.892094,735.5139771
Big Horn,-120.289688,45.887794,741.4415894
Big Horn,-120.288887,45.856495,675.0725098
Big Horn,-120.297485,45.878895,724.8257446
Big Horn,-120.288788,45.903194,773.4597168
Big Horn,-120.263786,45.903194,766.045166
Big Horn,-120.285789,45.930992,828.3656616
Big Horn,-120.278984,45.880196,716.5153809
Big Horn,-120.266388,45.909893,782.0709229
Big Horn,-120.286789,45.920094,809.1057129
Big Horn,-120.286888,45.922794,814.1660767
Big Horn,-120.258385,45.887794,721.6190186
Big Horn,-120.296989,45.867893,694.0551147
Big Horn,-120.286087,45.926895,821.210022
Big Horn,-120.291588,45.846695,662.9732056
Big Horn,-120.312187,45.883694,734.4667358
Big Horn,-120.289787,45.889194,744.7682495
Big Horn,-120.272285,45.849396,648.5061035
Big Horn,-120.265289,45.907192,775.2119751
Big Horn,-120.268784,45.838196,611.4976196
Big Horn,-120.259186,45.890594,731.2329102
Big Horn,-120.286385,45.925495,819.2530518
Big Horn,-120.271988,45.850796,648.5107422
Big Horn,-120.312286,45.885193,738.1195679
Big Horn,-120.273788,45.867393,684.1411133
Big Horn,-120.329185,45.840694,669.5012207
Big Horn,-120.274788,45.874195,700.8323975
Big Horn,-120.236084,45.890896,710.7168579
Big Horn,-120.262184,45.899296,753.2927246
Big Horn,-120.296989,45.869293,697.9130859
Big Horn,-120.231888,45.881596,679.5647583
Big Horn,-120.328888,45.846294,665.6699829
Big Horn,-120.273987,45.865993,679.6782227
Big Horn,-120.296989,45.866592,691.4732056
Big Horn,-120.297287,45.876194,717.3112183
Big Horn,-120.288086,45.934895,839.3991699
Big Horn,-120.257187,45.883595,713.2507324
Big Horn,-120.257584,45.884995,715.446106
Big Horn,-120.260483,45.894894,742.5783691
Big Horn,-120.307884,45.852695,667.4274902
Big Horn,-120.289085,45.899094,767.0109863
Big Horn,-120.27179,45.852196,648.2191162
Big Horn,-120.258789,45.889194,726.9343262
Big Horn,-120.263184,45.901894,762.1916504
Big Horn,-120.233986,45.888493,703.355957
Big Horn,-120.305588,45.859394,680.6329346
Big Horn,-120.264282,45.904594,769.7341919
Big Horn,-120.306084,45.857994,677.2744751
Big Horn,-120.273888,45.871494,694.2512207
Big Horn,-120.268585,45.936695,836.3183594
Big Horn,-120.328888,45.847794,667.5245972
Big Horn,-120.297684,45.880295,725.8582764
Big Horn,-120.275383,45.875492,705.2149658
Big Horn,-120.289284,45.897793,764.0736084
Big Horn,-120.297089,45.874794,713.1907349
Big Horn,-120.276688,45.862995,674.1635132
Big Horn,-120.285889,45.929592,826.0626831
Big Horn,-120.288788,45.905994,775.5566406
Big Horn,-120.268288,45.839596,615.6723633
Big Horn,-120.233284,45.887196,697.6430664
Big Horn,-120.296883,45.870693,702.4783325
Big Horn,-120.289383,45.853695,674.2258911
Big Horn,-120.277588,45.879295,712.9564209
Big Horn,-120.291084,45.847996,670.7965698
Big Horn,-120.32869,45.849293,668.2590942
Big Horn,-120.297386,45.877495,720.6270142
Big Horn,-120.232788,45.885895,693.2630615
Big Horn,-120.306984,45.855392,673.4309082
Big Horn,-120.289383,45.896393,760.3092041
Big Horn,-120.267685,45.840996,621.8045044
Big Horn,-120.289085,45.900494,770.3885498
Big Horn,-120.268585,45.933895,829.9801025
Big Horn,-120.264786,45.905895,771.5958862
Big Horn,-120.329086,45.839294,672.8157349
Big Horn,-120.266388,45.845295,630.7573242
Big Horn,-120.286789,45.921494,811.6010132
Big Horn,-120.307388,45.853992,670.6843262
Big Horn,-120.261688,45.897995,751.1257935
Big Horn,-120.288689,45.857895,669.7675171
Big Horn,-120.285683,45.932392,832.397644
Big Horn,-120.288887,45.901894,772.793335
Big Horn,-120.289589,45.893295,753.6849976
Big Horn,-120.267189,45.842495,625.5864868
Big Horn,-120.296989,45.865192,688.5687256
Big Horn,-120.312187,45.888493,748.2016602
Big Horn,-120.286789,45.918694,806.9903564
Big Horn,-120.328583,45.850895,670.2272339
Big Horn,-120.306587,45.856693,675.3913574
Big Horn,-120.268585,45.932594,827.2445068
Big Horn,-120.286087,45.928295,823.2210693
Big Horn,-120.282784,45.942493,849.4102783
Big Horn,-120.28949,45.894695,756.6316528
Big Horn,-120.289589,45.891994,750.8970337
Big Horn,-120.276588,45.878094,710.3734741
Big Horn,-120.329086,45.842094,669.3547974
Big Horn,-120.286583,45.924194,819.2459106
Big Horn,-120.289185,45.855095,674.1749878
Big Horn,-120.316284,45.865692,692.7997437
Big Horn 2,-120.289185,45.952293,860.4732056
Big Horn 2,-120.317932,45.92894,840.3070068
Big Horn 2,-120.294785,45.958595,877.7593994
Big Horn 2,-120.266014,45.925465,811.3280029
Big Horn 2,-120.260887,45.918995,795.7329102
Big Horn 2,-120.258392,45.917145,790.1734009
Big Horn 2,-120.328766,45.934891,862.5288086
Big Horn 2,-120.301086,45.970196,890.3031616
Big Horn 2,-120.316711,45.92646,835.1658936
Big Horn 2,-120.262756,45.921013,799.3195801
Big Horn 2,-120.327431,45.932514,854.9920044
Big Horn 2,-120.264618,45.923061,805.8688354
Big Horn 2,-120.299187,45.965294,888.9869995
Big Horn 2,-120.297783,45.962994,885.0077515
Big Horn 2,-120.267303,45.930157,819.2844238
Big Horn 2,-120.300385,45.96756,891.0802002
Big Horn 2,-120.291588,45.954292,867.6173096
Big Horn 2,-120.293388,45.956295,870.1290894
Big Horn 2,-120.25602,45.915112,783.2724609
Big Horn 2,-120.330444,45.937435,874.7225342
Big Horn 2,-120.267708,45.927769,814.9580078
Big Horn 2,-120.253189,45.913593,777.9676514
Big Horn 2,-120.301086,45.972694,887.5394287
Big Horn 2,-120.301529,45.946716,863.3431396
Big Horn 2,-120.296387,45.960793,881.6049194
Big Timber,-109.648743,45.841518,1533.002563
Big Timber,-109.660301,45.83342,1540.600708
Big Timber,-109.645058,45.818932,1534.605957
Big Timber,-109.668816,45.838146,1518.234863
Big Timber,-109.649712,45.85334,1545.457031
Big Timber,-109.640305,45.849655,1521.365356
Big Timber,-109.654671,45.839813,1533.404907
Big Timber,-109.636612,45.841423,1526.339233
Big Timber,-109.662849,45.830559,1544.304443
Big Timber,-109.659401,45.828133,1536.104248
Big Timber,-109.641891,45.821915,1551.330078
Big Timber,-109.650642,45.843849,1534.300415
Big Timber,-109.666306,45.835415,1529.991333
Big Timber,-109.648552,45.823952,1552.033447
Biglow Canyon I,-120.592789,45.664394,410.113739
Biglow Canyon I,-120.629684,45.663692,435.8545227
Biglow Canyon I,-120.639687,45.639996,489.737793
Biglow Canyon I,-120.633888,45.683994,399.1642761
Biglow Canyon I,-120.612984,45.670395,447.2496338
Biglow Canyon I,-120.630585,45.680992,432.3784485
Biglow Canyon I,-120.620483,45.692593,356.5358582
Biglow Canyon I,-120.611183,45.661495,442.9595947
Biglow Canyon I,-120.631287,45.670692,430.1161804
Biglow Canyon I,-120.610687,45.667694,437.7563477
Biglow Canyon I,-120.615089,45.642094,456.5036926
Biglow Canyon I,-120.595184,45.681694,351.2244873
Biglow Canyon I,-120.621384,45.652493,457.0787354
Biglow Canyon I,-120.598984,45.656994,425.2430725
Biglow Canyon I,-120.613983,45.671894,457.4035034
Biglow Canyon I,-120.616684,45.648193,455.4395752
Biglow Canyon I,-120.601089,45.676792,395.5162964
Biglow Canyon I,-120.632385,45.659595,441.0989685
Biglow Canyon I,-120.594887,45.683395,346.6459656
Biglow Canyon I,-120.634285,45.656593,445.7855225
Biglow Canyon I,-120.634689,45.674694,416.1803589
Biglow Canyon I,-120.593788,45.662594,424.3963318
Biglow Canyon I,-120.639786,45.638393,492.2381897
Biglow Canyon I,-120.585182,45.669193,344.3314514
Biglow Canyon I,-120.616989,45.674694,428.3783569
Biglow Canyon I,-120.594887,45.685093,342.0960083
Biglow Canyon I,-120.630386,45.669094,431.9680786
Biglow Canyon I,-120.633484,45.691593,373.5104065
Biglow Canyon I,-120.619583,45.650795,462.3699341
Biglow Canyon I,-120.621788,45.677994,421.7145081
Biglow Canyon I,-120.635185,45.654293,453.0084534
Biglow Canyon I,-120.601189,45.674694,413.4034119
Biglow Canyon I,-120.583183,45.674194,329.5603333
Biglow Canyon I,-120.633484,45.689793,380.2892761
Biglow Canyon I,-120.629585,45.667294,435.3070679
Biglow Canyon I,-120.600487,45.655293,429.3986816
Biglow Canyon I,-120.618889,45.676094,418.4225464
Biglow Canyon I,-120.639282,45.648293,471.5054016
Biglow Canyon I,-120.631088,45.661392,437.5390625
Biglow Canyon I,-120.635384,45.676495,410.4981689
Biglow Canyon I,-120.595085,45.660793,427.6004333
Biglow Canyon I,-120.610085,45.666195,437.1829834
Biglow Canyon I,-120.583389,45.672592,335.7445679
Biglow Canyon I,-120.591682,45.666195,395.2781067
Biglow Canyon I,-120.617989,45.649593,465.0905762
Biglow Canyon I,-120.583488,45.670994,340.1581116
Biglow Canyon I,-120.583084,45.675896,314.2591248
Biglow Canyon I,-120.639488,45.646496,474.5061035
Biglow Canyon I,-120.637985,45.651493,467.1199036
Biglow Canyon I,-120.611885,45.668995,435.8570557
Biglow Canyon I,-120.629189,45.665592,438.3572998
Biglow Canyon I,-120.620285,45.690693,363.2162476
Biglow Canyon I,-120.615585,45.673294,444.4669189
Biglow Canyon I,-120.621986,45.679592,428.7952576
Biglow Canyon I,-120.621887,45.653893,455.227356
Biglow Canyon I,-120.633087,45.672794,425.290741
Biglow Canyon I,-120.597183,45.658894,428.6354065
Biglow Canyon I,-120.632988,45.682495,421.2844849
Biglow Canyon I,-120.639587,45.641594,485.0740051
Biglow Canyon I,-120.595261,45.680019,353.9076233
Biglow Canyon I,-120.639488,45.643192,481.20047
Biglow Canyon I,-120.639687,45.644894,483.5574951
Biglow Canyon I,-120.603188,45.650795,419.7748413
Biglow Canyon I,-120.639885,45.636894,486.9736633
Biglow Canyon I,-120.616287,45.645794,453.5679321
Biglow Canyon I,-120.615685,45.643894,460.4580078
Biglow Canyon I,-120.620689,45.694595,349.3557129
Biglow Canyon I,-120.618385,45.685394,375.7906189
Biglow Canyon I,-120.633484,45.687992,387.0643616
Biglow Canyon I,-120.610085,45.664593,437.181366
Biglow Canyon I,-120.618988,45.687195,375.9342346
Biglow Canyon I,-120.619682,45.688793,371.1291809
Biglow Canyon I,-120.617088,45.682392,376.8596191
Biglow Canyon I,-120.610283,45.663094,437.9620972
Biglow Canyon I,-120.594383,45.686794,335.0238037
Biglow Canyon I,-120.602882,45.652393,421.5097046
Biglow Canyon II,-120.651588,45.633694,471.0635681
Biglow Canyon II,-120.640182,45.614693,456.5820923
Biglow Canyon II,-120.626389,45.630993,468.2153931
Biglow Canyon II,-120.614983,45.626595,456.6928406
Biglow Canyon II,-120.647087,45.663795,419.0549316
Biglow Canyon II,-120.648483,45.657593,445.4463501
Biglow Canyon II,-120.62719,45.624596,461.1274719
Biglow Canyon II,-120.648987,45.652294,461.3685608
Biglow Canyon II,-120.639786,45.625893,450.9966736
Biglow Canyon II,-120.639885,45.629395,469.0359192
Biglow Canyon II,-120.65519,45.642994,460.4087524
Biglow Canyon II,-120.648285,45.661194,423.1236572
Biglow Canyon II,-120.656982,45.645294,460.9834595
Biglow Canyon II,-120.681183,45.670994,374.7945251
Biglow Canyon II,-120.615387,45.621395,473.9636536
Biglow Canyon II,-120.610687,45.635494,431.7686157
Biglow Canyon II,-120.617287,45.617092,484.3901062
Biglow Canyon II,-120.658089,45.647896,433.0828857
Biglow Canyon II,-120.625984,45.633495,455.5639343
Biglow Canyon II,-120.649384,45.673195,401.4036255
Biglow Canyon II,-120.627884,45.622692,450.3592224
Biglow Canyon II,-120.651688,45.670895,410.7621765
Biglow Canyon II,-120.584984,45.628593,432.8063049
Biglow Canyon II,-120.664185,45.622894,434.1011658
Biglow Canyon II,-120.614983,45.624794,468.6803284
Biglow Canyon II,-120.588089,45.624294,432.6886902
Biglow Canyon II,-120.664986,45.627693,434.2949219
Biglow Canyon II,-120.645584,45.668896,408.6970215
Biglow Canyon II,-120.646187,45.665592,419.6783447
Biglow Canyon II,-120.638084,45.634094,476.1731567
Biglow Canyon II,-120.674484,45.661095,397.6307678
Biglow Canyon II,-120.587486,45.626095,432.4881592
Biglow Canyon II,-120.651787,45.631794,466.5742188
Biglow Canyon II,-120.679489,45.665794,378.3782349
Biglow Canyon II,-120.665886,45.667095,387.4476929
Biglow Canyon II,-120.614586,45.640095,440.7640686
Biglow Canyon II,-120.665085,45.665195,400.3147888
Biglow Canyon II,-120.652084,45.629795,456.493866
Biglow Canyon II,-120.668182,45.669495,375.9371643
Biglow Canyon II,-120.679985,45.668594,366.3163757
Biglow Canyon II,-120.626389,45.626896,469.309906
Biglow Canyon II,-120.596687,45.633495,425.2176208
Biglow Canyon II,-120.647888,45.675896,392.0753174
Biglow Canyon II,-120.662483,45.617596,407.3776245
Biglow Canyon II,-120.626389,45.629093,468.6544495
Biglow Canyon II,-120.605484,45.637493,421.2407837
Biglow Canyon II,-120.665283,45.625893,437.6730042
Biglow Canyon II,-120.616882,45.618694,482.9900818
Biglow Canyon II,-120.638084,45.632095,486.3179932
Biglow Canyon II,-120.648582,45.654095,456.2723083
Biglow Canyon II,-120.632584,45.619293,463.4152832
Biglow Canyon II,-120.611389,45.631794,439.9189453
Biglow Canyon II,-120.660889,45.663296,403.6834717
Biglow Canyon II,-120.677284,45.663296,385.8043213
Biglow Canyon II,-120.648384,45.659393,426.103241
Biglow Canyon II,-120.610687,45.633694,435.5831604
Biglow Canyon II,-120.648483,45.655792,443.3908386
Biglow Canyon II,-120.596588,45.635395,420.8904114
Biglow Canyon II,-120.615288,45.629993,442.1333008
Biglow Canyon II,-120.640587,45.622795,448.2842102
Biglow Canyon II,-120.646484,45.678394,398.4308167
Biglow Canyon II,-120.662086,45.619293,415.4803772
Biglow Canyon II,-120.637688,45.616993,447.2740479
Biglow Canyon II,-120.617287,45.615395,480.8780823
Biglow Canyon II,-120.614983,45.623196,480.9925232
Biglow Canyon III,-120.536087,45.639793,359.3060303
Biglow Canyon III,-120.510887,45.635094,342.3850403
Biglow Canyon III,-120.53299,45.625793,373.4491882
Biglow Canyon III,-120.569687,45.662895,353.7241821
Biglow Canyon III,-120.599487,45.640095,405.9881592
Biglow Canyon III,-120.579582,45.640194,409.5872192
Biglow Canyon III,-120.517082,45.646996,314.1722412
Biglow Canyon III,-120.531586,45.618095,397.7619934
Biglow Canyon III,-120.522087,45.639893,349.159668
Biglow Canyon III,-120.571884,45.658993,353.8207092
Biglow Canyon III,-120.571983,45.669495,320.5333252
Biglow Canyon III,-120.578186,45.651093,394.0180664
Biglow Canyon III,-120.546585,45.628494,385.546814
Biglow Canyon III,-120.527084,45.653694,335.4380188
Biglow Canyon III,-120.529984,45.613792,397.1097412
Biglow Canyon III,-120.569588,45.664696,345.1603088
Biglow Canyon III,-120.564888,45.652493,355.7442322
Biglow Canyon III,-120.579987,45.638393,409.8296204
Biglow Canyon III,-120.531487,45.645695,340.6229248
Biglow Canyon III,-120.511383,45.638794,329.1816711
Biglow Canyon III,-120.532089,45.621994,377.9365845
Biglow Canyon III,-120.563484,45.642193,379.7745361
Biglow Canyon III,-120.588882,45.620792,440.442749
Biglow Canyon III,-120.537689,45.637295,357.2132874
Biglow Canyon III,-120.53299,45.623993,374.569519
Biglow Canyon III,-120.530785,45.615894,396.8838501
Biglow Canyon III,-120.531288,45.628395,372.8077087
Biglow Canyon III,-120.563187,45.645695,363.6830139
Biglow Canyon III,-120.573883,45.656895,354.2518311
Biglow Canyon III,-120.584183,45.632393,420.8050232
Biglow Canyon III,-120.529083,45.630695,369.1599121
Biglow Canyon III,-120.577789,45.649296,397.618988
Biglow Canyon III,-120.561989,45.657394,339.3599548
Biglow Canyon III,-120.536087,45.641594,359.1782532
Biglow Canyon III,-120.578384,45.643993,409.8916321
Biglow Canyon III,-120.516083,45.628296,359.9941711
Biglow Canyon III,-120.51899,45.644592,334.4815063
Biglow Canyon III,-120.577789,45.645794,409.6761475
Biglow Canyon III,-120.529984,45.647995,341.4731445
Biglow Canyon III,-120.564789,45.636993,398.6843567
Biglow Canyon III,-120.548088,45.648396,353.8448792
Biglow Canyon III,-120.56469,45.638794,399.5139465
Biglow Canyon III,-120.520988,45.642193,336.5794678
Biglow Canyon III,-120.602783,45.644093,434.0472717
Biglow Canyon III,-120.511482,45.640495,327.1546326
Biglow Canyon III,-120.580284,45.634792,418.6542969
Biglow Canyon III,-120.544388,45.630795,381.2041931
Biglow Canyon III,-120.563286,45.643894,373.57547
Biglow Canyon III,-120.510887,45.637093,334.7066345
Biglow Canyon III,-120.529587,45.649796,339.0522461
Biglow Canyon III,-120.539886,45.635094,369.1755066
Biglow Canyon III,-120.562386,45.655396,347.3936157
Biglow Canyon III,-120.532188,45.620094,386.2330627
Biglow Canyon III,-120.602684,45.647694,412.7822266
Biglow Canyon III,-120.578888,45.642193,407.4884949
Biglow Canyon III,-120.576088,45.654793,360.7215576
Biglow Canyon III,-120.53389,45.643696,354.5381775
Biglow Canyon III,-120.569786,45.661194,357.5870056
Biglow Canyon III,-120.602089,45.645893,424.0667725
Biglow Canyon III,-120.577789,45.647594,407.0527039
Biglow Canyon III,-120.514389,45.630592,354.9048767
Biglow Canyon III,-120.512589,45.632793,351.1665955
Biglow Canyon III,-120.580086,45.636593,411.6942139
Biglow Canyon III,-120.549187,45.645992,352.3974915
Biglow Canyon III,-120.544884,45.652096,329.2631836
Biglow Canyon III,-120.570786,45.667095,335.6478577
Biglow Canyon III,-120.584503,45.630363,426.2171631
Biglow Canyon III,-120.564087,45.640495,390.2704468
Biglow Canyon III,-120.548386,45.625996,404.1891174
Biglow Canyon III,-120.522888,45.637592,347.8993835
Biglow Canyon III,-120.588486,45.622494,438.3771667
Biglow Canyon III,-120.577988,45.652794,385.4217224
Biglow Canyon III,-120.548782,45.644196,339.381897
Biglow Canyon III,-120.529083,45.651592,335.4003906
Biglow Canyon III,-120.542183,45.632893,380.3012085
Biglow Canyon III,-120.545189,45.650394,337.9382324
Borderlands,-108.889771,34.158138,2409.65625
Borderlands,-108.861389,34.095806,2387.112549
Borderlands,-108.923035,34.127636,2422.767822
Borderlands,-108.878853,34.131401,2399.619141
Borderlands,-108.897789,34.110523,2423.617432
Borderlands,-108.888268,34.148926,2434.077148
Borderlands,-108.885017,34.165756,2373.263184
Borderlands,-108.897537,34.090473,2466.031982
Borderlands,-108.918571,34.142284,2401.090088
Borderlands,-108.868225,34.161335,2349.905273
Borderlands,-108.901268,34.164703,2393.990723
Borderlands,-108.920303,34.114071,2403.954102
Borderlands,-108.920586,34.157433,2365.624023
Borderlands,-108.931778,34.123867,2403.290527
Borderlands,-108.91684,34.134766,2400.014404
Borderlands,-108.898743,34.161079,2406.774658
Borderlands,-108.865318,34.100445,2378.932373
Borderlands,-108.907768,34.103069,2469.492432
Borderlands,-108.910446,34.1068,2443.195557
Borderlands,-108.920158,34.131233,2411.871338
Borderlands,-108.916405,34.167206,2357.816895
Borderlands,-108.86924,34.157585,2374.258057
Borderlands,-108.894157,34.134117,2404.261719
Borderlands,-108.857368,34.109253,2350.576904
Borderlands,-108.915314,34.145935,2393.347412
Borderlands,-108.890343,34.142113,2415.828369
Borderlands,-108.887856,34.161907,2394.872559
Borderlands,-108.918587,34.162872,2366.60376
Borderlands,-108.900673,34.121677,2402.391846
Borderlands,-108.896248,34.094318,2455.860596
Borderlands,-108.897263,34.10392,2458.584961
Borderlands,-108.877792,34.096378,2407.539307
Borderlands,-108.887596,34.153339,2430.950684
Borderlands,-108.915398,34.110298,2418.264648
Boswell Springs,-105.89518,41.92691,2085.960205
Boswell Springs,-105.836037,41.895725,2093.682617
Boswell Springs,-105.83448,41.874447,2088.339111
Boswell Springs,-105.871201,41.938133,2086.291992
Boswell Springs,-105.835617,41.899536,2098.630615
Boswell Springs,-105.790817,41.936195,2107.520264
Boswell Springs,-105.777794,41.902996,2108.208252
Boswell Springs,-105.83831,41.928352,2097.351807
Boswell Springs,-105.818932,41.881485,2091.68042
Boswell Springs,-105.851387,41.889111,2083
Boswell Springs,-105.864136,41.919491,2084.703369
Boswell Springs,-105.835327,41.885799,2092.701904
Boswell Springs,-105.75927,41.913235,2110.156738
Boswell Springs,-105.835129,41.878616,2091.162842
Boswell Springs,-105.812317,41.93483,2099.295166
Boswell Springs,-105.871971,41.932415,2087.576904
Boswell Springs,-105.723274,41.918568,2128.733398
Boswell Springs,-105.822746,41.897427,2089.832031
Boswell Springs,-105.857002,41.932713,2090.676025
Boswell Springs,-105.85025,41.90081,2095.130371
Boswell Springs,-105.750679,41.916264,2119.690918
Boswell Springs,-105.761581,41.938614,2111.147949
Boswell Springs,-105.887398,41.933521,2080.361328
Boswell Springs,-105.778053,41.910633,2108.765137
Boswell Springs,-105.883476,41.925198,2082.439453
Boswell Springs,-105.804367,41.923653,2097.850586
Boswell Springs,-105.774689,41.924732,2102.370117
Boswell Springs,-105.872124,41.942966,2079.668945
Boswell Springs,-105.809059,41.938522,2098.004639
Boswell Springs,-105.742256,41.896835,2118.464844
Boswell Springs,-105.851639,41.893124,2096.025635
Boswell Springs,-105.790138,41.924358,2108.669189
Boswell Springs,-105.807953,41.903271,2090.992676
Boswell Springs,-105.895172,41.930614,2087.851807
Boswell Springs,-105.789307,41.920654,2107.384033
Boswell Springs,-105.808266,41.906544,2095.279541
Boswell Springs,-105.72319,41.938152,2152.791504
Boswell Springs,-105.864449,41.926888,2083.092529
Boswell Springs,-105.790756,41.939743,2111.17627
Boswell Springs,-105.723389,41.904194,2124.780273
Boswell Springs,-105.790627,41.928932,2101.308105
Boswell Springs,-105.85556,41.942997,2090.925293
Boswell Springs,-105.771881,41.928154,2105.548828
Boswell Springs,-105.742882,41.903793,2117.945313
Boswell Springs,-105.811859,41.930687,2100.824219
Boswell Springs,-105.82682,41.892326,2088.240479
Boswell Springs,-105.841721,41.941845,2099.301758
Boswell Springs,-105.724182,41.941719,2146.518799
Boswell Springs,-105.82119,41.887684,2093.574463
Boswell Springs,-105.858841,41.9361,2090.925781
Boswell Springs,-105.840981,41.903412,2096.827148
Boswell Springs,-105.776688,41.941998,2116.292969
Boswell Springs,-105.772057,41.93158,2107.430664
Boswell Springs,-105.801468,41.942516,2098.876465
Boswell Springs,-105.738037,41.914471,2118.073486
Boswell Springs,-105.839287,41.923809,2084.839355
Boswell Springs,-105.834312,41.889389,2091.177246
Boswell Springs,-105.758507,41.905754,2111.497559
Boswell Springs,-105.790634,41.93251,2106.450439
Boswell Springs,-105.823456,41.901871,2094.391113
Boswell Springs,-105.883919,41.928841,2079.615479
Boswell Springs,-105.736397,41.906597,2119.692383
Boswell Springs,-105.88018,41.919857,2086.976563
Boswell Springs,-105.84137,41.931606,2097.791748
Boswell Springs,-105.746017,41.893536,2118.4729
Boswell Springs,-105.854019,41.92926,2086.813721
Boswell Springs,-105.834351,41.906467,2098.557129
Boswell Springs,-105.77565,41.938477,2113.285156
Boswell Springs,-105.723259,41.934258,2134.429443
Boswell Springs,-105.805023,41.919224,2096.683594
Boswell Springs,-105.883499,41.936829,2083.830078
Boswell Springs,-105.762115,41.942154,2116.46875
Boswell Springs,-105.811539,41.884327,2093.856201
Boswell Springs,-105.8508,41.89719,2098.507568
Boswell Springs,-105.75856,41.895473,2113.372803
Boswell Springs,-105.840538,41.913242,2085.869385
Boswell Springs,-105.758392,41.902119,2113.46582
Boswell Springs,-105.72316,41.907967,2122.307129
Boswell Springs,-105.858368,41.939529,2088.899902
Boswell Springs,-105.774452,41.914013,2106.069824
Boswell Springs,-105.806717,41.909973,2092.70459
Boswell Springs,-105.835068,41.88245,2087.969238
Boswell Springs,-105.72319,41.926346,2132.927246
Boswell Springs,-105.858528,41.923782,2086.609863
Boswell Springs,-105.88102,41.940243,2078.589111
Boswell Springs,-105.838737,41.909836,2094.468262
Boswell Springs,-105.772011,41.934998,2110.702393
Boswell Springs,-105.806679,41.927326,2096.173096
Boswell Springs,-105.723259,41.929798,2134.985596
Boswell Springs,-105.758568,41.898743,2113.340088
Boswell Springs,-105.738152,41.909958,2116.876709
Boswell Springs,-105.81263,41.878666,2092.225098
Boswell Springs,-105.895119,41.920147,2083.760254
Boswell Springs,-105.743103,41.900238,2115.793213
Boswell Springs,-105.765228,41.918205,2106.314453
Boswell Springs,-105.723351,41.911388,2123.41626
Boswell Springs,-105.822479,41.876633,2087.611816
Bronco Plains,-102.994087,39.131775,1525.780884
Bronco Plains,-103.035591,39.091022,1547.141235
Bronco Plains,-103.066391,39.055965,1568.040771
Bronco Plains,-103.099289,39.076443,1562.939575
Bronco Plains,-102.956787,39.152042,1496.267822
Bronco Plains,-102.973289,39.050732,1510.609131
Bronco Plains,-103.038689,39.058144,1554.469482
Bronco Plains,-103.084587,39.052925,1573.123291
Bronco Plains,-102.968292,39.112705,1513.082397
Bronco Plains,-102.95079,39.047535,1514.735107
Bronco Plains,-103.030693,39.093552,1550.183228
Bronco Plains,-102.951988,39.154835,1487.806152
Bronco Plains,-102.924088,39.050392,1491.308838
Bronco Plains,-103.024689,39.094963,1541.994141
Bronco Plains,-103.033791,39.059612,1551.80127
Bronco Plains,-102.973289,39.110073,1515.263672
Bronco Plains,-103.110893,39.066162,1574.881592
Bronco Plains,-102.931793,39.044594,1499.917114
Bronco Plains,-102.999794,39.096672,1528.078003
Bronco Plains,-102.984489,39.160454,1514.107666
Bronco Plains,-103.066788,39.084652,1568.504028
Bronco Plains,-103.08429,39.067375,1582.435059
Bronco Plains,-103.072594,39.069012,1572.044434
Bronco Plains,-103.058693,39.114502,1545.508301
Bronco Plains,-103.029488,39.061882,1550.605957
Bronco Plains,-103.06649,39.069263,1573.30249
Bronco Plains,-103.017288,39.060455,1544.535889
Bronco Plains,-102.972794,39.079182,1519.800049
Bronco Plains,-103.023888,39.062164,1546.00293
Bronco Plains,-102.970894,39.169353,1504.566895
Bronco Plains,-103.061493,39.071274,1566.419312
Bronco Plains,-102.962891,39.113335,1509.360474
Bronco Plains,-103.017494,39.093864,1540.079712
Bronco Plains,-103.005592,39.060204,1534.769653
Bronco Plains,-103.014389,39.139015,1534.77417
Bronco Plains,-103.040993,39.089333,1549.140991
Bronco Plains,-102.975487,39.141182,1508.134277
Bronco Plains,-102.985588,39.095753,1515.516479
Bronco Plains,-102.993294,39.073635,1530.15564
Bronco Plains,-103.009689,39.110413,1531.352295
Bronco Plains,-103.044388,39.084972,1550.239258
Bronco Plains,-103.011589,39.094032,1537.517822
Bronco Plains,-103.020493,39.108864,1538.391602
Bronco Plains,-103.089188,39.064823,1573.34314
Bronco Plains,-103.042694,39.055183,1553.270386
Bronco Plains,-103.076591,39.049225,1570.584595
Bronco Plains,-102.991188,39.052555,1524.326782
Bronco Plains,-102.961288,39.151165,1501.456665
Bronco Plains,-102.979988,39.161884,1512.018921
Bronco Plains,-102.939789,39.114033,1492.309814
Bronco Plains,-103.011993,39.061512,1539.551514
Bronco Plains,-103.081192,39.078625,1567.225464
Bronco Plains,-103.08139,39.039814,1569.678711
Bronco Plains,-103.107887,39.055435,1578.856567
Bronco Plains,-102.966591,39.148262,1504.872681
Bronco Plains,-103.018288,39.131035,1537.774048
Bronco Plains,-102.945892,39.114914,1496.466675
Bronco Plains,-102.953194,39.117065,1499.287842
Bronco Plains,-103.009689,39.141243,1530.383179
Bronco Plains,-102.985092,39.052082,1521.88855
Bronco Plains,-102.975189,39.167152,1504.379395
Bronco Plains,-103.01609,39.111305,1536.129028
Bronco Plains,-102.967491,39.049503,1505.299927
Bronco Plains,-102.947891,39.129753,1495.140381
Bronco Plains,-102.99839,39.056152,1528.08252
Bronco Plains,-103.048592,39.081955,1553.152954
Bronco Plains,-102.942291,39.131172,1494.143677
Bronco Plains,-102.955688,39.045734,1517.050293
Bronco Plains,-102.984291,39.134815,1512.842896
Bronco Plains,-103.09539,39.064892,1570.383301
Bronco Plains,-103.115692,39.089054,1581.093872
Bronco Plains,-103.11779,39.071144,1580.911865
Bronco Plains,-102.987488,39.073982,1526.645752
Bronco Plains,-103.076591,39.059483,1569.004761
Bronco Plains,-103.077789,39.067493,1571.365723
Bronco Plains,-102.937492,39.044292,1502.376831
Bronco Plains,-103.080093,39.109962,1558.173706
Bronco Plains,-103.058388,39.075062,1563.171753
Bronco Plains,-103.109787,39.089024,1576.801147
Bronco Plains,-103.053391,39.078495,1557.992432
Bronco Plains,-103.117592,39.049023,1583.968994
Bronco Plains,-102.96109,39.077824,1516.405396
Bronco Plains,-102.927887,39.047375,1498.061646
Bronco Plains,-103.059792,39.055092,1562.754639
Bronco Plains,-103.005089,39.094875,1531.103882
Bronco Plains,-103.112289,39.051983,1580.679565
Bronco Plains,-103.048393,39.054962,1554.585205
Bronco Plains,-103.003487,39.141445,1525.463135
Bronco Plains,-102.992889,39.095722,1522.634033
Bronco Plains,-102.944191,39.046272,1510.383057
Bronco Plains,-103.089287,39.043243,1565.605835
Bronco Plains,-103.060791,39.092793,1555.301025
Bronco Plains,-102.997391,39.144215,1523.018066
Bronco Plains,-102.978394,39.049953,1516.143433
Bronco Plains,-103.068192,39.110344,1551.902222
Bronco Plains,-102.96759,39.080452,1517.68335
Bronco Plains,-102.958588,39.116333,1505.893555
Bronco Plains,-102.959587,39.042503,1517.969116
Bronco Plains,-102.936691,39.130772,1495.956421
Bronco Plains,-102.983192,39.076633,1524.278076
Bronco Plains,-102.977989,39.077763,1524.299194
Bronco Plains,-103.00489,39.129543,1533.057617
Bronco Plains,-103.104591,39.090153,1569.268066
Bronco Plains,-102.94809,39.081772,1510.902832
Bronco Plains,-102.999794,39.131142,1530.495361
Bronco Plains,-103.120987,39.043812,1588.998291
Bronco Plains,-103.10379,39.064583,1570.447998
Bronco Plains,-102.992989,39.148365,1520.558594
Bronco Plains Wind II,-103.04039,39.219238,1514.69873
Bronco Plains Wind II,-102.917458,39.211807,1476.708496
Bronco Plains Wind II,-102.97168,39.252941,1475.321289
Bronco Plains Wind II,-103.004662,39.190563,1497.500732
Bronco Plains Wind II,-102.900848,39.241318,1465.751465
Bronco Plains Wind II,-103.041588,39.16798,1523.950317
Bronco Plains Wind II,-103.057617,39.201744,1522.936401
Bronco Plains Wind II,-102.943428,39.205605,1491.68042
Bronco Plains Wind II,-103.031219,39.169392,1515.39917
Bronco Plains Wind II,-103.007927,39.208744,1495.829346
Bronco Plains Wind II,-102.900818,39.211342,1474.593994
Bronco Plains Wind II,-102.957458,39.208458,1480.717407
Bronco Plains Wind II,-103.0084,39.25436,1491.38562
Bronco Plains Wind II,-102.995003,39.245205,1492.334717
Bronco Plains Wind II,-102.880249,39.270142,1445.912354
Bronco Plains Wind II,-103.055199,39.189407,1517.439697
Bronco Plains Wind II,-103.053642,39.162155,1535.888428
Bronco Plains Wind II,-102.989571,39.20842,1488.873779
Bronco Plains Wind II,-102.882294,39.261002,1455.678101
Bronco Plains Wind II,-102.977089,39.251457,1478.5271
Bronco Plains Wind II,-102.907387,39.240658,1467.477661
Bronco Plains Wind II,-102.97271,39.189926,1492.592651
Bronco Plains Wind II,-103.059204,39.144566,1540.822998
Bronco Plains Wind II,-102.951813,39.20113,1491.264526
Bronco Plains Wind II,-103.048134,39.167095,1528.703979
Bronco Plains Wind II,-103.003387,39.232994,1499.460449
Bronco Plains Wind II,-102.990417,39.230122,1493.390015
Bronco Plains Wind II,-103.00087,39.206608,1493.384766
Bronco Plains Wind II,-102.917679,39.24073,1468.139038
Bronco Plains Wind II,-103.0317,39.238018,1509.480957
Bronco Plains Wind II,-102.895317,39.241188,1467.145996
Bronco Plains Wind II,-102.887718,39.260525,1452.063721
Bronco Plains Wind II,-102.888329,39.269634,1446.259155
Bronco Plains Wind II,-103.078499,39.191101,1531.699097
Bronco Plains Wind II,-102.940193,39.216785,1485.700806
Bronco Plains Wind II,-102.984352,39.207077,1484.804199
Bronco Plains Wind II,-103.01342,39.235813,1502.415649
Bronco Plains Wind II,-103.051483,39.202213,1515.686157
Bronco Plains Wind II,-102.878059,39.241184,1450.706421
Bronco Plains Wind II,-102.937798,39.208111,1489.428345
Bronco Plains Wind II,-102.878929,39.251244,1452.479492
Bronco Plains Wind II,-103.070938,39.189152,1529.370117
Bronco Plains Wind II,-103.022728,39.236656,1507.463379
Bronco Plains Wind II,-102.946953,39.217152,1482.316406
Bronco Plains Wind II,-102.981499,39.245983,1484.430908
Bronco Plains Wind II,-102.89035,39.248802,1460.218628
Bronco Plains Wind II,-102.988548,39.24482,1490.378784
Bronco Plains Wind II,-102.943268,39.224735,1480.440796
Bronco Plains Wind II,-103.064362,39.190315,1526.763062
Bronco Plains Wind II,-102.939331,39.191002,1481.441162
Bronco Plains Wind II,-103.046318,39.187393,1512.996094
Bronco Plains Wind II,-103.066261,39.182896,1522.985962
Bronco Plains Wind II,-103.011589,39.190643,1504.196533
Bronco Plains Wind II,-102.90686,39.210819,1468.851685
Bronco Plains Wind II,-102.962929,39.190849,1495.274414
Bronco Plains Wind II,-102.933868,39.220291,1480.466919
Bronco Plains Wind II,-103.013908,39.255669,1496.78894
Bronco Plains Wind II,-102.978752,39.206596,1482.624512
Bronco Plains Wind II,-102.928009,39.206127,1480.427246
Bronco Plains Wind II,-102.953171,39.184956,1487.430176
Bronco Plains Wind II,-102.980171,39.18848,1499.320801
Bronco Plains Wind II,-102.914124,39.204445,1474.453003
Bronco Plains Wind II,-102.99733,39.230267,1496.167725
Bronco Plains Wind II,-103.016838,39.187946,1508.999146
Bronco Plains Wind II,-102.896584,39.203327,1466.216919
Bronco Plains Wind II,-102.948868,39.191124,1488.478149
Bronco Plains Wind II,-102.924019,39.211632,1484.29126
Bronco Plains Wind II,-102.915428,39.230209,1475.59729
Bronco Plains Wind II,-103.020378,39.253395,1498.0271
Bronco Plains Wind II,-103.057503,39.154865,1537.09375
Bronco Plains Wind II,-102.96624,39.181473,1499.680542
Bronco Plains Wind II,-103.030418,39.226402,1514.655518
Brookfield Tehachapi 1 (CCDLP),-118.333092,35.064995,1314.099121
Brookfield Tehachapi 1 (CCDLP),-118.326996,35.059429,1252.362793
Brookfield Tehachapi 1 (CCDLP),-118.336609,35.063614,1309.684204
Brookfield Tehachapi 1 (CCDLP),-118.333176,35.055397,1241.026978
Brookfield Tehachapi 1 (CCDLP),-118.318329,35.055382,1218.769409
Brookfield Tehachapi 1 (CCDLP),-118.327988,35.054497,1230.854858
Brookfield Tehachapi 1 (CCDLP),-118.310188,35.065594,1284.276978
Brookfield Tehachapi 1 (CCDLP),-118.316322,35.059868,1236.265991
Brookfield Tehachapi 1 (CCDLP),-118.332085,35.058495,1269.35083
Brookfield Tehachapi 1 (CCDLP),-118.331085,35.065495,1309.222168
Brookfield Tehachapi 1 (CCDLP),-118.310997,35.055237,1211.382324
Brookfield Tehachapi 1 (CCDLP),-118.339691,35.059795,1270.147705
Brookfield Tehachapi 1 (CCDLP),-118.321587,35.065594,1297.997559
Brookfield Tehachapi 1 (CCDLP),-118.329185,35.065796,1310.061401
Brookfield Tehachapi 1 (CCDLP),-118.341942,35.057838,1265.074707
Brookfield Tehachapi 1 (CCDLP),-118.313789,35.054794,1204.241333
Brookfield Tehachapi 1 (CCDLP),-118.327087,35.065994,1308.630371
Brookfield Tehachapi 1 (CCDLP),-118.334785,35.064396,1318.213501
Brookfield Tehachapi 1 (CCDLP),-118.321487,35.059494,1246.440063
Brookfield Tehachapi 1 (CCDLP),-118.336784,35.060295,1278.466553
Brookfield Tehachapi 1 (CCDLP),-118.323586,35.062496,1293.799683
Brookfield Tehachapi 1 (CCDLP),-118.307686,35.057693,1222.474487
Brookfield Tehachapi 1 (CCDLP),-118.329712,35.059334,1246.469727
Brookfield Tehachapi 1 (CCDLP),-118.323288,35.055462,1217.671509
Brookfield Tehachapi 1 (CCDLP),-118.32589,35.054893,1230.454102
Brookfield Tehachapi 1 (CCDLP),-118.30909,35.056396,1211.862671
Brookfield Tehachapi 2,-118.242889,35.047695,975.5921631
Brookfield Tehachapi 2,-118.250519,35.043446,984.7767334
Brookfield Tehachapi 2,-118.241486,35.050194,977.0458984
Brookfield Tehachapi 2,-118.244492,35.045197,973.9672241
Brookfield Tehachapi 2,-118.247391,35.044296,978.2879639
Brookfield Tehachapi 2,-118.243591,35.046394,973.4910278
Brookfield Tehachapi 2,-118.242188,35.048897,974.6734619
Brookfield Tehachapi 2,-118.240585,35.051796,976.7542114
Buena Vista,-121.65979,37.795593,239.437851
Buena Vista,-121.647385,37.797295,269.7754517
Buena Vista,-121.661186,37.797394,235.0442505
Buena Vista,-121.660484,37.796894,236.5506592
Buena Vista,-121.656387,37.805695,144.3496399
Buena Vista,-121.653885,37.802994,200.6667023
Buena Vista,-121.672287,37.799995,212.1223907
Buena Vista,-121.64769,37.798096,259.2996216
Buena Vista,-121.645187,37.796494,248.114502
Buena Vista,-121.666489,37.802994,213.8975372
Buena Vista,-121.647987,37.798695,249.0945587
Buena Vista,-121.655289,37.804195,164.3194733
Buena Vista,-121.652885,37.799496,251.3049164
Buena Vista,-121.651489,37.799194,230.1791229
Buena Vista,-121.666489,37.802094,219.4493408
Buena Vista,-121.654083,37.799595,255.2060699
Buena Vista,-121.66729,37.805195,192.2990723
Buena Vista,-121.653084,37.802395,212.5024872
Buena Vista,-121.662483,37.797695,245.1928864
Buena Vista,-121.665649,37.800632,237.9747772
Buena Vista,-121.664284,37.798695,249.0334473
Buena Vista,-121.659889,37.796394,248.4825287
Buena Vista,-121.644188,37.796196,223.8372192
Buena Vista,-121.658791,37.810696,122.6622238
Buena Vista,-121.666985,37.804394,209.4507599
Buena Vista,-121.67099,37.799793,214.4480591
Buena Vista,-121.666084,37.801395,229.5852814
Buena Vista,-121.652985,37.801495,207.523941
Buena Vista,-121.655991,37.804893,148.0841217
Buena Vista,-121.66468,37.799339,260.136322
Buena Vista,-121.658249,37.809929,125.3835068
Buena Vista,-121.654587,37.803596,182.7539673
Buena Vista,-121.658485,37.808697,134.4016876
Buena Vista,-121.646584,37.796795,270.7825317
Buena Vista,-121.648285,37.799496,232.9913635
Buena Vista,-121.666786,37.803696,217.2562866
Buena Vista,-121.665489,37.799793,260.3940125
Buena Vista,-121.663689,37.798096,238.914566
Burley Butte,-113.921089,42.496593,1368.15979
Burley Butte,-113.924789,42.485695,1398.117188
Burley Butte,-113.92569,42.487892,1391.365234
Burley Butte,-113.925385,42.491493,1383.213989
Burley Butte,-113.922386,42.495094,1376.652466
Burley Butte,-113.923889,42.483395,1399.760376
Burley Butte,-113.917786,42.500595,1345.873413
Burley Butte,-113.918991,42.499195,1350.650879
Burley Butte,-113.92659,42.490093,1383.555176
Burley Butte,-113.921188,42.476692,1372.691528
Burley Butte,-113.922989,42.481194,1393.258301
Burley Butte,-113.92189,42.478596,1380.261597
Burley Butte,-113.924187,42.492893,1381.585693
Busch Ranch,-104.452988,37.765293,1905.0979
Busch Ranch,-104.458687,37.774395,1901.760132
Busch Ranch,-104.489792,37.798492,1847.097168
Busch Ranch,-104.478287,37.785095,1863.61377
Busch Ranch,-104.470787,37.776493,1871.817017
Busch Ranch,-104.451187,37.762894,1906.316772
Busch Ranch,-104.47599,37.782394,1863.043457
Busch Ranch,-104.485191,37.793095,1853.673584
Busch Ranch,-104.491989,37.801193,1835.994751
Busch Ranch,-104.487488,37.795795,1848.692139
Busch Ranch,-104.480591,37.787792,1865.093262
Busch Ranch,-104.473488,37.779594,1864.267212
Busch Ranch,-104.461288,37.776196,1894.931641
Busch Ranch,-104.455391,37.767193,1911.885376
Busch Ranch,-104.480591,37.791393,1856.356567
Busch Ranch,-104.455887,37.772896,1919.650879
Busch Ranch II,-104.456993,37.751034,1895.755615
Busch Ranch II,-104.448288,37.759064,1890.219116
Busch Ranch II,-104.439789,37.753773,1860.320923
Busch Ranch II,-104.436188,37.749935,1854.964355
Busch Ranch II,-104.405388,37.800785,1831.539063
Busch Ranch II,-104.441193,37.789803,1838.994019
Busch Ranch II,-104.441193,37.794453,1834.707886
Busch Ranch II,-104.40699,37.804283,1827.844849
Busch Ranch II,-104.381187,37.756023,1822.271362
Busch Ranch II,-104.441193,37.785313,1850.317261
Busch Ranch II,-104.442291,37.757706,1876.890747
Busch Ranch II,-104.433189,37.769352,1872.493896
Busch Ranch II,-104.388893,37.768772,1833.80835
Busch Ranch II,-104.402893,37.772335,1858.757813
Busch Ranch II,-104.460587,37.754284,1890.709229
Busch Ranch II,-104.402588,37.780212,1840.142578
Busch Ranch II,-104.440887,37.780922,1871.792358
Busch Ranch II,-104.441193,37.799282,1828.175171
Busch Ranch II,-104.403389,37.791733,1838.517944
Busch Ranch II,-104.428291,37.764412,1863.166016
Busch Ranch II,-104.404388,37.796265,1830.933838
Busch Ranch II,-104.407288,37.782166,1842.27356
Busch Ranch II,-104.393288,37.771175,1838.7771
Busch Ranch II,-104.385193,37.765793,1828.72998
Busch Ranch II,-104.441193,37.804085,1822.860718
Busch Ranch II,-104.382889,37.761143,1818.277466
Busch Ranch II,-104.410591,37.785423,1847.119751
Cabazon,-116.710365,33.915005,416.194397
Cabazon,-116.73259,33.908596,448.6026306
Cabazon,-116.73259,33.910194,447.076355
Cabazon,-116.732689,33.912895,443.9307861
Cabazon,-116.714386,33.913197,420.5469971
Cabazon,-116.714371,33.914967,420.6161499
Cabazon,-116.729286,33.915554,439.3172302
Cabazon,-116.718391,33.913696,425.4942932
Cabazon,-116.735947,33.9048,452.0452881
Cabazon,-116.710388,33.912094,416.8391418
Cabazon,-116.710381,33.912636,416.532196
Cabazon,-116.736069,33.910629,450.1164856
Cabazon,-116.714386,33.917294,421.2091064
Cabazon,-116.706398,33.912674,411.62323
Cabazon,-116.72934,33.917141,439.5070496
Cabazon,-116.732529,33.906998,448.9154053
Cabazon,-116.706383,33.915058,411.9781189
Cabazon,-116.714386,33.916695,421.9131165
Cabazon,-116.710396,33.91325,416.4013367
Cabazon,-116.735954,33.905323,452.2537842
Cabazon,-116.736,33.907455,451.2855835
Cabazon,-116.736046,33.909576,450.8645325
Cabazon,-116.702415,33.912121,410.0242004
Cabazon,-116.736145,33.913269,450.0788269
Cabazon,-116.73613,33.91275,449.5696716
Cabazon,-116.735924,33.904274,453.276825
Cabazon,-116.706398,33.912071,411.586792
Cabazon,-116.717186,33.915695,424.7483521
Cabazon,-116.70639,33.916195,411.7628784
Cabazon,-116.736191,33.914894,450.723999
Cabazon,-116.714386,33.912594,420.6231079
Cabazon,-116.714386,33.914394,420.7989197
Cabazon,-116.736015,33.909058,450.6072998
Cabazon,-116.702385,33.912697,407.8752441
Cabazon,-116.702385,33.913296,407.9377747
Cabazon,-116.729286,33.915031,439.4385681
Cabazon,-116.73259,33.909111,447.6023254
Cabazon,-116.706413,33.913261,412.8306274
Cabazon,-116.73616,33.913807,449.9204712
Cabazon,-116.732651,33.912327,444.5523071
Cabazon,-116.71035,33.915585,416.1390991
Cabazon,-116.735992,33.906399,452.5496826
Cabazon,-116.732513,33.906448,449.4536438
Cabazon,-116.73262,33.910721,446.3109741
Cabazon,-116.732658,33.913403,443.2947083
Cabazon,-116.732681,33.915058,444.8549805
Cabazon,-116.732521,33.905903,450.5010071
Cabazon,-116.736061,33.910099,450.556488
Cabazon,-116.702385,33.915096,408.5001221
Cabazon,-116.710396,33.916172,416.6044006
Cabazon,-116.70639,33.915596,411.7128906
Cabazon,-116.736206,33.916458,452.9506226
Cabazon,-116.714371,33.916134,420.7978821
Cabazon,-116.718391,33.914894,425.9527588
Cabazon,-116.725815,33.91547,434.5404358
Cabazon,-116.70639,33.916794,411.5579529
Cabazon,-116.725891,33.916538,435.2024231
Cabazon,-116.725861,33.915989,435.0097046
Cabazon,-116.736023,33.908508,451.4504089
Cabazon,-116.702385,33.913895,408.0582581
Cabazon,-116.736076,33.911156,449.7048035
Cabazon,-116.706383,33.913853,411.7355957
Cabazon,-116.725815,33.914333,435.3369446
Cabazon,-116.736191,33.915394,450.8974304
Cabazon,-116.702431,33.910366,416.9421997
Cabazon,-116.70639,33.914494,412.1200562
Cabazon,-116.702385,33.910995,414.6340637
Cabazon,-116.725891,33.917095,435.623291
Cabazon,-116.729286,33.914494,438.6445618
Cabazon,-116.73275,33.917213,447.072876
Cabazon,-116.729286,33.916096,438.6390381
Cabazon,-116.732605,33.909649,447.4685059
Cabazon,-116.732567,33.908039,448.0128174
Cabazon,-116.732719,33.915562,445.0216064
Cabazon,-116.732735,33.916641,446.2059326
Cabazon,-116.702446,33.911583,410.9016724
Cabazon,-116.710335,33.916775,416.5610657
Cabazon,-116.736122,33.912216,448.7882996
Cabazon,-116.714386,33.913795,420.9837646
Cabazon,-116.70237,33.916851,407.4442139
Cabazon,-116.702385,33.915695,408.5326233
Cabazon,-116.732689,33.914494,443.1614685
Cabazon,-116.729286,33.916595,439.0202332
Cabazon,-116.732689,33.913994,443.3391724
Cabazon,-116.714386,33.912094,420.0157166
Cabazon,-116.736168,33.914337,450.1534119
Cabazon,-116.732491,33.904797,449.2244568
Cabazon,-116.702385,33.917397,407.8511353
Cabazon,-116.729591,33.913994,439.9997559
Cabazon,-116.718391,33.911995,424.8453979
Cabazon,-116.735992,33.906914,451.3507385
Cabazon,-116.710335,33.917351,416.3604431
Cabazon,-116.73262,33.91127,445.737854
Cabazon,-116.736092,33.911694,449.4013977
Cabazon,-116.718285,33.917294,426.3075867
Cabazon,-116.732513,33.905334,449.8276062
Cabazon,-116.732475,33.904316,449.4446106
Cabazon,-116.714401,33.911457,419.2316284
Cabazon,-116.714401,33.915558,421.034668
Cabazon,-116.718369,33.913147,425.2016907
Cabazon,-116.736191,33.915916,452.4179993
Cabazon,-116.702385,33.91621,407.2289429
Cabazon,-116.732643,33.9118,444.7695618
Cabazon,-116.710388,33.913795,416.7262878
Cabazon,-116.732735,33.916103,445.0918274
Cabazon,-116.72583,33.91489,434.8599243
Cabazon,-116.7024,33.914494,408.7205811
Cabazon,-116.710388,33.914394,416.903595
Cabazon,-116.70639,33.917397,412.2067566
Cabazon-Shell,-116.735985,33.908009,451.8552246
Cabazon-Shell,-116.735916,33.905884,452.1917419
Cabazon-Shell,-116.732529,33.907528,448.1330872
California State Prison Los Angeles County,-118.221596,34.691982,711.7556763
Cameron Ridge,-118.314545,35.075974,1440.144043
Cameron Ridge,-118.328987,35.075497,1406.61145
Cameron Ridge,-118.312119,35.077023,1455.91748
Cameron Ridge,-118.311508,35.077255,1455.465088
Cameron Ridge,-118.305504,35.080326,1479.996826
Cameron Ridge,-118.308289,35.080662,1472.045044
Cameron Ridge,-118.308914,35.079559,1464.378906
Cameron Ridge,-118.31279,35.076897,1445.320435
Cameron Ridge,-118.307587,35.081696,1486.432251
Cameron Ridge,-118.304482,35.081287,1491.866577
Cameron Ridge,-118.307953,35.081192,1479.818848
Cameron Ridge,-118.313797,35.076138,1447.973877
Cameron Ridge,-118.30619,35.079296,1468.457031
Cameron Ridge,-118.308586,35.080093,1468.657227
Cameron Ridge,-118.305748,35.079826,1472.859375
Cameron Ridge,-118.313286,35.076496,1442.978516
Cameron Ridge,-118.304871,35.08083,1488.021484
Camp Reed,-115.049088,42.813293,1049.358276
Camp Reed,-115.064789,42.815094,1049.651001
Camp Reed,-115.049187,42.825195,1039.494019
Camp Reed,-115.049187,42.808594,1040.413452
Camp Reed,-115.05999,42.808094,1060.998901
Camp Reed,-115.065788,42.822495,1045.646973
Camp Reed,-115.065788,42.825195,1039.417358
Camp Reed,-115.05999,42.810493,1063.428711
Camp Reed,-115.049088,42.816193,1045.805054
Camp Reed,-115.064789,42.817295,1041.622803
Camp Reed,-115.064789,42.813194,1055.842773
Camp Reed,-115.049187,42.819794,1041.862183
Camp Reed,-115.049187,42.822495,1031.411011
Camp Reed,-115.065788,42.819794,1044.540405
Camp Reed,-115.05999,42.805794,1061.981812
Camp Williams,-111.920059,40.439678,1441.06543
Camp Williams,-111.919281,40.439602,1440.126099
Campbell Hill,-105.990189,43.025394,1766.797119
Campbell Hill,-106.007088,43.029793,1753.88501
Campbell Hill,-105.981293,43.022194,1786.585693
Campbell Hill,-105.985191,43.034191,1774.783447
Campbell Hill,-105.975792,43.026295,1776.77356
Campbell Hill,-106.022186,43.003391,1735.594727
Campbell Hill,-106.025391,42.996292,1740.234985
Campbell Hill,-106.020988,42.999294,1743.707153
Campbell Hill,-106.021889,43.001293,1745.639771
Campbell Hill,-106.02459,42.981392,1700.879395
Campbell Hill,-105.986588,43.036392,1762.151367
Campbell Hill,-105.99369,43.049294,1771.017578
Campbell Hill,-105.973389,43.023994,1760.609985
Campbell Hill,-106.015289,42.990292,1706.12793
Campbell Hill,-105.982185,43.046291,1761.588501
Campbell Hill,-105.98999,43.005093,1707.621094
Campbell Hill,-106.000786,43.029194,1791.478149
Campbell Hill,-105.973488,43.030392,1789.492554
Campbell Hill,-106.03019,42.991493,1720.576172
Campbell Hill,-106.024986,42.983692,1714.440063
Campbell Hill,-105.994286,43.010994,1733.658081
Campbell Hill,-106.003288,43.018993,1752.132446
Campbell Hill,-106.005089,43.024094,1749.932983
Campbell Hill,-105.993385,43.018791,1765.058716
Campbell Hill,-105.986389,43.040993,1765.044434
Campbell Hill,-105.993385,43.008694,1723.458496
Campbell Hill,-105.997688,43.046494,1756.510254
Campbell Hill,-106.000687,43.010895,1736.381348
Campbell Hill,-106.01889,42.997593,1738.266479
Campbell Hill,-106.001686,43.017094,1745.019287
Campbell Hill,-105.987991,43.027794,1789.146606
Campbell Hill,-105.980492,43.040592,1766.188965
Campbell Hill,-105.996086,43.013092,1751.128052
Campbell Hill,-106.005089,43.026192,1761.406738
Campbell Hill,-106.030586,42.984795,1727.513062
Campbell Hill,-106.028488,42.997894,1740.787476
Campbell Hill,-105.988091,43.020992,1777.569458
Campbell Hill,-105.985191,43.032093,1787.954956
Campbell Hill,-105.98159,43.024292,1790.789917
Campbell Hill,-106.030792,42.981892,1696.483032
Campbell Hill,-105.978188,43.020592,1764.104492
Campbell Hill,-105.998192,43.026493,1764.4198
Campbell Hill,-105.993385,43.006493,1712.995117
Campbell Hill,-105.98719,43.016792,1741.307495
Campbell Hill,-106.013489,42.995094,1715.128418
Campbell Hill,-105.983887,43.030094,1793.854248
Campbell Hill,-106.028992,42.989391,1722.216919
Campbell Hill,-105.986488,43.018993,1759.031494
Campbell Hill,-105.999092,43.006794,1719.096802
Campbell Hill,-106.013092,42.988693,1697.315308
Campbell Hill,-105.971191,43.038094,1788.346802
Campbell Hill,-106.030289,42.987095,1726.118286
Campbell Hill,-106.021187,43.005795,1736.444702
Campbell Hill,-106.001488,43.033092,1758.3125
Campbell Hill,-105.99939,43.014591,1746.734497
Campbell Hill,-105.971786,43.033592,1782.206299
Campbell Hill,-106.021286,42.995094,1737.071777
Campbell Hill,-106.014786,42.992695,1707.77771
Campbell Hill,-105.978493,43.028091,1797.068726
Campbell Hill,-105.999489,43.008892,1727.930298
Campbell Hill,-106.022285,43.007793,1729.545532
Campbell Hill,-106.001091,43.035492,1747.014893
Campbell Hill,-106.029686,42.993793,1732.135986
Campbell Hill,-105.99369,43.016392,1766.279541
Campbell Hill,-105.984787,43.013695,1729.702148
Campbell Hill,-106.000687,43.031094,1773.424316
Carousel,-102.210243,39.327435,1245.394287
Carousel,-102.170403,39.400574,1223.334473
Carousel,-102.177933,39.327194,1237.268433
Carousel,-102.230339,39.382015,1237.485229
Carousel,-102.131523,39.366402,1222.902588
Carousel,-102.178627,39.393955,1226.32605
Carousel,-102.079834,39.412632,1203.109375
Carousel,-102.057373,39.367523,1202.934326
Carousel,-102.051086,39.366646,1201.275757
Carousel,-102.188553,39.336884,1241.800171
Carousel,-102.183769,39.364624,1233.536133
Carousel,-102.253273,39.342106,1247.345947
Carousel,-102.098549,39.354115,1215.920166
Carousel,-102.180191,39.368355,1232.117676
Carousel,-102.09465,39.357292,1212.964478
Carousel,-102.082771,39.381855,1208.36145
Carousel,-102.20977,39.351463,1242.048584
Carousel,-102.21418,39.324738,1245.197144
Carousel,-102.113274,39.413933,1205.842407
Carousel,-102.087852,39.405434,1205.612427
Carousel,-102.087364,39.355923,1212.65686
Carousel,-102.121529,39.351025,1222.282227
Carousel,-102.139847,39.361584,1217.556396
Carousel,-102.117882,39.411942,1207.885986
Carousel,-102.1688,39.350704,1231.578369
Carousel,-102.163177,39.406982,1221.401367
Carousel,-102.08374,39.396576,1207.459106
Carousel,-102.158432,39.390472,1227.436768
Carousel,-102.07402,39.385334,1204.809082
Carousel,-102.212654,39.346825,1237.712402
Carousel,-102.075394,39.399654,1204.832275
Carousel,-102.098099,39.396645,1208.41626
Carousel,-102.155121,39.338425,1229.967773
Carousel,-102.163109,39.352673,1230.686401
Carousel,-102.125381,39.368942,1220.44104
Carousel,-102.158897,39.408634,1221.058472
Carousel,-102.234413,39.380825,1250.197876
Carousel,-102.206062,39.329033,1251.35144
Carousel,-102.159523,39.335835,1230.114624
Carousel,-102.132172,39.339333,1219.69519
Carousel,-102.061111,39.383873,1199.446655
Carousel,-102.102661,39.351532,1218.381226
Carousel,-102.116982,39.351662,1220.310547
Carousel,-102.153961,39.391674,1224.280518
Carousel,-102.176048,39.371094,1231.396851
Carousel,-102.137749,39.337055,1221.242676
Carousel,-102.135971,39.326004,1218.825562
Carousel,-102.200851,39.356262,1242.942749
Carousel,-102.192719,39.335094,1243.358643
Carousel,-102.117401,39.375893,1216.873169
Carousel,-102.182114,39.340813,1237.33667
Carousel,-102.079552,39.397762,1206.106079
Carousel,-102.174339,39.397633,1222.813354
Carousel,-102.083183,39.357594,1210.907715
Carousel,-102.11293,39.378235,1213.899292
Carousel,-102.192329,39.361275,1240.000244
Carousel,-102.057961,39.387264,1197.785889
Carousel,-102.112457,39.351902,1220.044556
Carousel,-102.150284,39.338402,1228.584839
Carousel,-102.121353,39.371655,1220.129272
Carousel,-102.083961,39.409012,1204.466309
Carousel,-102.078354,39.383713,1206.555786
Carousel,-102.162399,39.386883,1228.325439
Carousel,-102.145088,39.339794,1226.372559
Carousel,-102.18692,39.323864,1240.836182
Carousel,-102.131721,39.405952,1212.390015
Carousel,-102.205734,39.354282,1245.423584
Carousel,-102.10688,39.349655,1218.484009
Carousel,-102.075768,39.415695,1202.053955
Carousel,-102.137733,39.386864,1219.337158
Carousel,-102.125748,39.405415,1210.588013
Carousel,-102.13578,39.364185,1222.000977
Carousel,-102.246101,39.347282,1244.660034
Carousel,-102.171417,39.375252,1231.428223
Carousel,-102.177528,39.343304,1237.697021
Carousel,-102.249428,39.343033,1245.568359
Carousel,-102.065781,39.381287,1201.461792
Carousel,-102.136162,39.406734,1213.862671
Carousel,-102.182159,39.325745,1240.585083
Carousel,-102.196434,39.358192,1240.685059
Carousel,-102.05127,39.391472,1196.967285
Carousel,-102.122292,39.408302,1206.630859
Carousel,-102.093712,39.398754,1207.340942
Carousel,-102.141609,39.385143,1221.686279
Carousel,-102.131889,39.328735,1218.391846
Carousel,-102.172829,39.347572,1234.396973
Carousel,-102.227341,39.384792,1235.708496
Casa Mesa,-103.987648,34.582073,1466.578735
Casa Mesa,-103.995232,34.603004,1477.27002
Casa Mesa,-103.982018,34.576241,1462.653687
Casa Mesa,-103.95536,34.570549,1448.831909
Casa Mesa,-103.964279,34.572456,1452.451416
Casa Mesa,-103.995979,34.577682,1468.371338
Casa Mesa,-103.976654,34.574085,1459.624268
Casa Mesa,-103.999771,34.583881,1470.763672
Casa Mesa,-103.990379,34.600285,1474.006104
Casper Wind Farm,-106.21299,42.888695,1584.366699
Casper Wind Farm,-106.230888,42.883595,1584.171997
Casper Wind Farm,-106.22139,42.884693,1587.002808
Casper Wind Farm,-106.22419,42.886993,1585.73645
Casper Wind Farm,-106.204391,42.888992,1592.593506
Casper Wind Farm,-106.205986,42.891594,1584.5625
Casper Wind Farm,-106.216087,42.891392,1583.975098
Casper Wind Farm,-106.219688,42.883293,1582.837769
Casper Wind Farm,-106.21479,42.890293,1583.440308
Casper Wind Farm,-106.222191,42.885994,1582.140747
Casper Wind Farm,-106.233086,42.884392,1587.393066
Cassia,-115.03669,42.843292,1053.386475
Cassia,-115.017387,42.876095,1016.589722
Cassia,-115.017487,42.871796,1030.666016
Cassia,-115.017387,42.873196,1023.657532
Cassia,-115.03669,42.844593,1052.299072
Cassia,-115.017288,42.882893,1004.889099
Cassia,-115.03669,42.842094,1054.62207
Cassia,-115.017487,42.870396,1038.818237
Cassia,-115.017288,42.880394,1012.022522
Cassia,-115.036591,42.845795,1050.043701
Cassia,-115.017288,42.881596,1009.197693
Cassia,-115.017387,42.877495,1013.674011
Cassia,-115.017387,42.874695,1019.660522
Cassia,-115.036591,42.846992,1049.599243
Cedar Creek,-104.08889,40.884792,1669.983398
Cedar Creek,-104.069489,40.827595,1677.566406
Cedar Creek,-104.073608,40.872654,1660.322876
Cedar Creek,-103.93219,40.905994,1606.556519
Cedar Creek,-103.916786,40.902092,1612.830444
Cedar Creek,-104.083199,40.864887,1664.798096
Cedar Creek,-104.012192,40.878792,1640.127075
Cedar Creek,-104.070686,40.844692,1680.655029
Cedar Creek,-103.958885,40.905869,1648.952515
Cedar Creek,-104.063889,40.861591,1656.199341
Cedar Creek,-104.063591,40.839092,1674.371216
Cedar Creek,-104.043694,40.844494,1670.907471
Cedar Creek,-104.035889,40.876392,1655.088379
Cedar Creek,-104.093086,40.839294,1676.711914
Cedar Creek,-104.060089,40.931595,1672.223877
Cedar Creek,-103.947693,40.909393,1638.690063
Cedar Creek,-104.064987,40.859795,1658.93042
Cedar Creek,-104.058594,40.823593,1673.96875
Cedar Creek,-104.089188,40.846092,1672.959106
Cedar Creek,-104.089592,40.878994,1676.682007
Cedar Creek,-104.071388,40.956894,1671.844482
Cedar Creek,-103.997688,40.892292,1644.46814
Cedar Creek,-103.919388,40.898094,1609.763062
Cedar Creek,-104.091187,40.840294,1675.880615
Cedar Creek,-104.099792,40.858494,1670.182617
Cedar Creek,-103.915161,40.90411,1614.094116
Cedar Creek,-103.926811,40.908527,1607.501709
Cedar Creek,-104.036163,40.851612,1659.701172
Cedar Creek,-104.077789,40.919792,1686.062012
Cedar Creek,-103.917892,40.875195,1589.617188
Cedar Creek,-103.987289,40.904594,1649.848877
Cedar Creek,-104.08239,40.830692,1681.372925
Cedar Creek,-104.01889,40.871094,1645.025024
Cedar Creek,-104.074791,40.839294,1681.109375
Cedar Creek,-104.067886,40.829494,1679.517334
Cedar Creek,-104.027893,40.892494,1645.803711
Cedar Creek,-104.044189,40.864094,1667.474731
Cedar Creek,-103.902489,40.899494,1620.503662
Cedar Creek,-104.088791,40.909092,1679.462769
Cedar Creek,-103.92939,40.896793,1615.265259
Cedar Creek,-104.075989,40.921593,1674.481812
Cedar Creek,-103.92614,40.899632,1611.012329
Cedar Creek,-104.046921,40.85796,1672.320679
Cedar Creek,-104.035889,40.965591,1655.986206
Cedar Creek,-103.995689,40.893192,1644.928467
Cedar Creek,-104.080101,40.868366,1663.012573
Cedar Creek,-103.958717,40.912674,1644.088989
Cedar Creek,-103.952293,40.903091,1639.115967
Cedar Creek,-103.910591,40.877995,1586.054688
Cedar Creek,-104.070091,40.855194,1668.131104
Cedar Creek,-104.032646,40.844997,1655.237061
Cedar Creek,-104.103989,40.852291,1672.621826
Cedar Creek,-104.055794,40.896591,1665.75769
Cedar Creek,-104.050888,40.938194,1672.140991
Cedar Creek,-104.065483,40.888126,1674.909668
Cedar Creek,-103.912392,40.876793,1591.813232
Cedar Creek,-103.921791,40.916092,1610.186523
Cedar Creek,-104.066048,40.878773,1660.056641
Cedar Creek,-104.031334,40.846794,1654.859131
Cedar Creek,-104.03949,40.846592,1668.921509
Cedar Creek,-104.089188,40.841293,1674.566895
Cedar Creek,-103.95459,40.914394,1639.098877
Cedar Creek,-104.014793,40.877392,1639.829956
Cedar Creek,-104.096893,40.864895,1667.807617
Cedar Creek,-103.930489,40.913792,1614.571045
Cedar Creek,-103.960693,40.911694,1646.404053
Cedar Creek,-104.033493,40.967293,1654.752197
Cedar Creek,-104.045288,40.862194,1670.78833
Cedar Creek,-104.016388,40.876392,1642.890259
Cedar Creek,-104.024788,40.861195,1651.854736
Cedar Creek,-103.92569,40.915894,1612.781616
Cedar Creek,-104.031693,40.969193,1649.637451
Cedar Creek,-103.898491,40.914093,1603.758667
Cedar Creek,-104.095688,40.889793,1678.341187
Cedar Creek,-103.978157,40.907417,1639.329956
Cedar Creek,-104.078506,40.870068,1664.052612
Cedar Creek,-104.065109,40.880802,1660.176514
Cedar Creek,-103.949089,40.908092,1638.259644
Cedar Creek,-104.019287,40.869194,1647.994141
Cedar Creek,-104.091591,40.869991,1668.758667
Cedar Creek,-104.050087,40.900093,1652.879272
Cedar Creek,-104.039787,40.866093,1668.018799
Cedar Creek,-103.899216,40.883732,1601.929199
Cedar Creek,-103.944901,40.903721,1626.989502
Cedar Creek,-104.041573,40.845543,1669.747803
Cedar Creek,-104.07193,40.873852,1657.964111
Cedar Creek,-104.024094,40.862892,1650.127075
Cedar Creek,-104.061333,40.89257,1664.878784
Cedar Creek,-104.045593,40.859993,1670.999512
Cedar Creek,-103.976913,40.911633,1633.022339
Cedar Creek,-103.8993,40.881168,1603.68103
Cedar Creek,-104.093086,40.868294,1667.866577
Cedar Creek,-104.067039,40.831497,1678.174438
Cedar Creek,-104.051796,40.899094,1655.085205
Cedar Creek,-103.898293,40.901493,1621.255981
Cedar Creek,-104.027992,40.889893,1645.134033
Cedar Creek,-103.986092,40.906094,1651.022339
Cedar Creek,-103.942001,40.904514,1622.506958
Cedar Creek,-104.064255,40.889645,1670.224731
Cedar Creek,-103.975693,40.918491,1634.526489
Cedar Creek,-104.093689,40.891392,1681.115234
Cedar Creek,-103.956558,40.913883,1641.188599
Cedar Creek,-103.900589,40.913094,1608.363647
Cedar Creek,-104.061691,40.924194,1667.013916
Cedar Creek,-104.064491,40.837292,1675.338257
Cedar Creek,-103.900261,40.900433,1613.418945
Cedar Creek,-104.054092,40.847794,1665.86853
Cedar Creek,-103.943794,40.914063,1625.254517
Cedar Creek,-104.068489,40.845592,1677.846802
Cedar Creek,-104.04789,40.940094,1671.323975
Cedar Creek,-103.999191,40.890892,1642.628174
Cedar Creek,-104.08889,40.882492,1672.60498
Cedar Creek,-103.988976,40.89629,1659.808594
Cedar Creek,-103.908836,40.908909,1612.95752
Cedar Creek,-104.005394,40.881275,1642.604736
Cedar Creek,-104.032089,40.949795,1658.248657
Cedar Creek,-104.039993,40.945393,1661.202881
Cedar Creek,-104.047592,40.841293,1668.36853
Cedar Creek,-104.063065,40.891171,1665.747803
Cedar Creek,-103.918663,40.916466,1609.14978
Cedar Creek,-103.903488,40.897694,1612.138062
Cedar Creek,-104.06839,40.856594,1667.53479
Cedar Creek,-104.023788,40.894691,1645.639893
Cedar Creek,-104.037392,40.946892,1660.757202
Cedar Creek,-104.031792,40.882992,1650.316284
Cedar Creek,-103.90889,40.879192,1587.484253
Cedar Creek,-104.103493,40.845894,1670.612183
Cedar Creek,-103.90419,40.911392,1606.940796
Cedar Creek,-104.060089,40.869595,1654.672852
Cedar Creek,-103.958893,40.897594,1629.471191
Cedar Creek,-103.90699,40.910091,1608.675537
Cedar Creek,-103.956291,40.900791,1643.679443
Cedar Creek,-104.091789,40.874191,1670.345215
Cedar Creek,-104.081192,40.915691,1686.423584
Cedar Creek,-103.988144,40.897705,1649.443115
Cedar Creek,-103.946388,40.910892,1627.90625
Cedar Creek,-104.103989,40.848492,1673.286987
Cedar Creek,-104.032387,40.878693,1655.994385
Cedar Creek,-104.042091,40.865093,1667.869263
Cedar Creek,-103.942429,40.915611,1631.833008
Cedar Creek,-103.985191,40.881695,1643.118408
Cedar Creek,-104.007393,40.880493,1641.597656
Cedar Creek,-103.988899,40.903294,1649.831421
Cedar Creek,-104.077888,40.895092,1669.498047
Cedar Creek,-104.074287,40.923393,1672.609741
Cedar Creek,-103.960487,40.904793,1649.026978
Cedar Creek,-103.994186,40.882092,1645.380859
Cedar Creek,-104.021591,40.866295,1650.277954
Cedar Creek,-104.02079,40.881893,1650.148193
Cedar Creek,-104.073593,40.841194,1678.514771
Cedar Creek,-104.094994,40.838291,1678.605591
Cedar Creek,-104.094093,40.906094,1679.851685
Cedar Creek,-104.102287,40.854092,1669.566284
Cedar Creek,-104.062889,40.863594,1655.433838
Cedar Creek,-104.02063,40.895336,1638.235474
Cedar Creek,-104.044594,40.851894,1665.161499
Cedar Creek,-104.062187,40.820492,1668.962646
Cedar Creek,-104.057991,40.828995,1678.415527
Cedar Creek,-103.942368,40.898247,1613.662354
Cedar Creek,-104.025589,40.858994,1658.677002
Cedar Creek,-104.092987,40.865993,1668.138672
Cedar Creek,-104.058388,40.933792,1675.416504
Cedar Creek,-104.056488,40.935795,1676.401123
Cedar Creek,-104.03479,40.948292,1660.955811
Cedar Creek,-104.050987,40.836594,1674.81665
Cedar Creek,-104.09729,40.904491,1685.135254
Cedar Creek,-103.929489,40.907394,1607.630981
Cedar Creek,-104.073593,40.852291,1669.944946
Cedar Creek,-104.076088,40.837395,1680.526978
Cedar Creek,-104.030258,40.855274,1658.838989
Cedar Creek,-103.988693,40.900394,1646.505981
Cedar Creek,-104.056488,40.830593,1678.289063
Cedar Creek,-103.921227,40.896748,1608.253662
Cedar Creek,-103.945061,40.912449,1621.428711
Cedar Creek,-104.051292,40.831795,1675.335938
Cedar Creek,-103.90229,40.912292,1607.433716
Cedar Creek,-103.903793,40.895092,1608.10144
Cedar Creek,-103.956993,40.899193,1635.341064
Cedar Creek,-104.043388,40.960392,1659.904907
Cedar Creek,-104.071991,40.826393,1675.53125
Cedar Creek,-104.098289,40.887691,1679.726685
Cedar Creek,-103.976555,40.91592,1640.579346
Cedar Creek,-104.071991,40.853691,1670.286987
Cedar Creek,-104.026031,40.857311,1654.897217
Cedar Creek,-104.05751,40.845013,1669.210815
Cedar Creek,-104.040894,40.962193,1658.910034
Cedar Creek,-104.059402,40.893875,1665.735596
Cedar Creek,-104.034889,40.872993,1656.356689
Cedar Creek,-104.046791,40.851494,1665.988892
Cedar Creek,-104.079193,40.951794,1668.324707
Cedar Creek,-103.917793,40.900192,1610.74646
Cedar Creek,-104.038391,40.963795,1662.089111
Cedar Creek,-104.040192,40.855492,1660.360229
Cedar Creek,-104.066788,40.857693,1664.17749
Cedar Creek,-104.099792,40.903091,1686.15686
Cedar Creek,-104.080391,40.832092,1682.651978
Cedar Creek,-104.065392,40.835491,1677.612549
Cedar Creek,-104.053688,40.937092,1672.564087
Cedar Creek,-103.980095,40.904602,1655.388306
Cedar Creek,-104.072388,40.925194,1674.305176
Cedar Creek,-103.963333,40.90876,1650.50061
Cedar Creek,-104.034088,40.877594,1654.978516
Cedar Creek,-104.089188,40.843792,1674.122925
Cedar Creek,-104.027786,40.856094,1657.941772
Cedar Creek,-103.915291,40.875992,1589.133057
Cedar Creek,-104.060387,40.822495,1676.011963
Cedar Creek,-104.072891,40.843594,1679.713379
Cedar Creek,-104.066292,40.846691,1680.813477
Cedar Creek,-104.038681,40.868061,1661.931763
Cedar Creek,-104.090088,40.876095,1671.976807
Cedar Creek,-103.940392,40.899693,1611.828735
Cedar Creek,-103.944588,40.897095,1616.02832
Cedar Creek,-104.020393,40.867493,1650.509033
Cedar Creek,-104.101288,40.856194,1670.800293
Cedar Creek,-104.057121,40.894749,1665.66333
Cedar Creek,-103.989792,40.881992,1648.176758
Cedar Creek,-104.060989,40.867592,1654.13623
Cedar Creek,-104.009415,40.879616,1643.154419
Cedar Creek,-104.091492,40.907593,1682.983032
Cedar Creek,-104.077293,40.835491,1680.34375
Cedar Creek,-104.080391,40.893291,1673.277222
Cedar Creek,-104.042191,40.853794,1664.638306
Cedar Creek,-103.962288,40.909893,1649.107666
Cedar Creek,-103.92849,40.914791,1614.358887
Cedar Creek,-104.025467,40.877499,1651.790405
Cedar Creek,-103.94989,40.903793,1639.247681
Cedar Creek,-104.047592,40.838493,1670.638428
Cedar Creek,-104.037392,40.869793,1657.340576
Cedar Creek,-103.976791,40.913792,1634.183105
Cedar Creek,-103.957191,40.907291,1646.152954
Cedar Creek,-104.045792,40.843391,1667.061157
Cedar Creek,-104.023788,40.864494,1650.766357
Cedar Creek,-103.913193,40.905693,1612.290894
Cedar Creek,-104.03389,40.852291,1663.216309
Cedar Creek,-104.064133,40.882706,1661.326782
Cedar Creek,-104.085091,40.892792,1673.934448
Cedar Creek,-104.036087,40.871391,1656.177124
Cedar Creek,-104.061951,40.865547,1659.564941
Cedar Creek,-103.920792,40.874191,1603.349487
Cedar Creek,-104.043694,40.942894,1667.073975
Cedar Creek,-104.058487,40.924992,1664.357666
Cedar Creek,-104.045692,40.941494,1665.909546
Cedar Creek,-103.973389,40.922092,1630.872681
Cedar Creek,-104.022293,40.880295,1649.960205
Cedar Creek,-104.025887,40.893593,1645.202637
Cedar Creek,-104.07859,40.833591,1681.709839
Cedar Creek,-104.096893,40.837193,1677.542114
Cedar Creek,-104.098587,40.860592,1668.245239
Cedar Creek,-103.974487,40.920395,1632.444458
Cedar Creek,-103.97699,40.909294,1639.161987
Cedar Creek,-103.938393,40.905693,1617.535156
Cedar Creek,-104.081589,40.866589,1664.649292
Cedar Creek,-104.073189,40.954494,1671.915771
Cedar Creek,-103.979485,40.905613,1654.696899
Cedar Creek,-103.911079,40.907223,1614.314453
Cedar Creek,-103.901489,40.879192,1613.179932
Cedar Creek,-104.030388,40.884392,1648.667603
Cedar Creek,-104.07859,40.917892,1683.099854
Cedar Creek,-104.051193,40.833992,1675.476685
Cedar Creek,-104.053749,40.897858,1659.199463
Cedar Creek,-104.066193,40.833492,1677.680542
Cedar Creek,-104.055893,40.846394,1667.652832
Cedar Creek,-104.059387,40.827393,1677.986572
Cedar Creek,-104.05909,40.843594,1671.417969
Cedar Creek,-103.927689,40.898193,1614.4552
Cedar Creek,-104.076393,40.952991,1675.689575
Cedar Creek,-104.023689,40.878693,1651.473633
Cedar Creek,-104.102287,40.898392,1683.292358
Cedar Creek,-104.031693,40.853893,1660.121826
Cedar Creek,-104.090088,40.892593,1678.856812
Cedar Creek,-104.073486,40.824593,1678.431152
Cedar Creek,-104.101593,40.901093,1685.206665
Cedar Creek,-104.069954,40.875122,1656.813232
Cedar Creek,-103.904808,40.879318,1611.741943
Cedar Creek II,-103.815689,40.944592,1594.128418
Cedar Creek II,-103.853989,40.887394,1618.113403
Cedar Creek II,-103.757591,40.943192,1574.547729
Cedar Creek II,-103.692787,40.966492,1549.144897
Cedar Creek II,-103.830292,40.938091,1599.135986
Cedar Creek II,-103.843193,40.931694,1602.228027
Cedar Creek II,-103.801689,40.904793,1575.534546
Cedar Creek II,-103.776993,40.910892,1580.823853
Cedar Creek II,-103.708588,40.943493,1556.382446
Cedar Creek II,-103.834587,40.943691,1598.123779
Cedar Creek II,-103.843788,40.873993,1616.132935
Cedar Creek II,-103.767288,40.929295,1571.257446
Cedar Creek II,-103.849991,40.895592,1617.035034
Cedar Creek II,-103.770691,40.960491,1576.253174
Cedar Creek II,-103.740791,40.944393,1567.053833
Cedar Creek II,-103.792122,40.931568,1584.297607
Cedar Creek II,-103.864693,40.872791,1605.072632
Cedar Creek II,-103.796188,40.926693,1587.362549
Cedar Creek II,-103.743889,40.957592,1568.109985
Cedar Creek II,-103.845291,40.920692,1611.217896
Cedar Creek II,-103.716087,40.935493,1552.78418
Cedar Creek II,-103.740791,40.969395,1565.670044
Cedar Creek II,-103.776688,40.959793,1571.039429
Cedar Creek II,-103.836487,40.941193,1599.727783
Cedar Creek II,-103.720688,40.935291,1551.306519
Cedar Creek II,-103.779694,40.937794,1581.993774
Cedar Creek II,-103.762894,40.946392,1577.529541
Cedar Creek II,-103.769188,40.952194,1577.336304
Cedar Creek II,-103.765991,40.955494,1575.928711
Cedar Creek II,-103.818588,40.891495,1607.8479
Cedar Creek II,-103.789688,40.942192,1585.727295
Cedar Creek II,-103.813293,40.926094,1595.882935
Cedar Creek II,-103.812088,40.928692,1595.032227
Cedar Creek II,-103.697189,40.963993,1552.564575
Cedar Creek II,-103.834793,40.871494,1598.936646
Cedar Creek II,-103.745087,40.911095,1527.495972
Cedar Creek II,-103.84549,40.881893,1618.899902
Cedar Creek II,-103.779388,40.909092,1580.30835
Cedar Creek II,-103.850388,40.888294,1618.35144
Cedar Creek II,-103.689087,40.968994,1550.255737
Cedar Creek II,-103.777092,40.920292,1583.82959
Cedar Creek II,-103.738289,40.971191,1563.909912
Cedar Creek II,-103.695389,40.973991,1550.450806
Cedar Creek II,-103.75589,40.944992,1575.457886
Cedar Creek II,-103.858391,40.921192,1613.03125
Cedar Creek II,-103.819794,40.923393,1598.893311
Cedar Creek II,-103.823189,40.933994,1597.144653
Cedar Creek II,-103.713692,40.938793,1552.770752
Cedar Creek II,-103.770088,40.949192,1579.682007
Cedar Creek II,-103.837486,40.939095,1600.744141
Cedar Creek II,-103.857292,40.927494,1604.78125
Cedar Creek II,-103.824287,40.931694,1597.762573
Cedar Creek II,-103.83139,40.944492,1595.208618
Cedar Creek II,-103.819389,40.912792,1600.505371
Cedar Creek II,-103.816994,40.905994,1601.987061
Cedar Creek II,-103.820992,40.885792,1605.384399
Cedar Creek II,-103.864487,40.919712,1614.900024
Cedar Creek II,-103.805389,40.902893,1579.981567
Cedar Creek II,-103.793892,40.928795,1586.252197
Cedar Creek II,-103.848267,40.920021,1610.922485
Cedar Creek II,-103.701492,40.949692,1549.439209
Cedar Creek II,-103.782593,40.936295,1576.26062
Cedar Creek II,-103.80809,40.920193,1596.023804
Cedar Creek II,-103.800591,40.941093,1588.276123
Cedar Creek II,-103.797989,40.906094,1572.702759
Cedar Creek II,-103.83149,40.934193,1602.467651
Cedar Creek II,-103.858292,40.887691,1619.646362
Cedar Creek II,-103.695686,40.949795,1554.043701
Cedar Creek II,-103.847588,40.873592,1605.35376
Cedar Creek II,-103.843086,40.922092,1608.699463
Cedar Creek II,-103.711891,40.940994,1553.385254
Cedar Creek II,-103.691391,40.950191,1555.750854
Cedar Creek II,-103.753693,40.946693,1573.702148
Cedar Creek II,-103.786987,40.944794,1582.945679
Cedar Creek II,-103.736893,40.961494,1565.394287
Cedar Creek II,-103.779587,40.956993,1574.697876
Cedar Creek II,-103.863586,40.922493,1607.172363
Cedar Creek II,-103.753487,40.906792,1548.425903
Cedar Creek II,-103.809387,40.914394,1599.022217
Cedar Creek II,-103.84819,40.890694,1617.404419
Cedar Creek II,-103.831192,40.872494,1594.291504
Cedar Creek II,-103.74379,40.950294,1568.843628
Cedar Creek II,-103.750587,40.908092,1549.105103
Cedar Creek II,-103.743088,40.967793,1566.185547
Cedar Creek II,-103.820091,40.881294,1586.202759
Cedar Creek II,-103.81189,40.896893,1604.728638
Cedar Creek II,-103.74099,40.903992,1528.179688
Cedar Creek II,-103.704788,40.969894,1553.673096
Cedar Creek II,-103.742088,40.900192,1523.554321
Cedar Creek II,-103.738991,40.960194,1566.540039
Cedar Creek II,-103.777191,40.939693,1580.473389
Cedar Creek II,-103.814491,40.913593,1600.424316
Cedar Creek II,-103.743393,40.953693,1569.150757
Cedar Creek II,-103.811989,40.890392,1604.920288
Cedar Creek II,-103.851288,40.872894,1606.276123
Cedar Creek II,-103.77359,40.921494,1580.029541
Cedar Creek II,-103.74659,40.946995,1572.417847
Cedar Creek II,-103.813187,40.946194,1588.072266
Cedar Creek II,-103.787491,40.936394,1585.699219
Cedar Creek II,-103.849289,40.901592,1615.473267
Cedar Creek II,-103.749786,40.946293,1569.010498
Cedar Creek II,-103.798393,40.941895,1586.568848
Cedar Creek II,-103.743187,40.897293,1519.844727
Cedar Creek II,-103.704689,40.965092,1554.142334
Cedar Creek II,-103.846786,40.931194,1605.972534
Cedar Creek II,-103.78849,40.912193,1576.17749
Cedar Creek II,-103.699188,40.973492,1549.005371
Cedar Creek II,-103.813988,40.920094,1599.062744
Cedar Creek II,-103.761093,40.942093,1577.32312
Cedar Creek II,-103.85009,40.930695,1601.850098
Cedar Creek II,-103.736389,40.905693,1525.020142
Cedar Creek II,-103.859291,40.871792,1607.619385
Cedar Creek II,-103.851791,40.919994,1611.017456
Cedar Creek II,-103.857391,40.923992,1611.381714
Cedar Creek II,-103.788689,40.934292,1586.904419
Cedar Creek II,-103.814789,40.876293,1582.276733
Cedar Creek II,-103.741592,40.959091,1568.85498
Cedar Creek II,-103.81089,40.876694,1572.081909
Cedar Creek II,-103.723289,40.933193,1552.769531
Cedar Creek II,-103.853394,40.870193,1622.715088
Cedar Creek II,-103.769089,40.927094,1577.547852
Cedar Creek II,-103.842987,40.926094,1608.542236
Cedar Creek Wind,-112.00811,43.318787,1784.06543
Cedar Creek Wind,-112.025887,43.323105,1705.065063
Cedar Creek Wind,-111.99826,43.329639,1826.463745
Cedar Creek Wind,-112.050339,43.314083,1552.001099
Cedar Creek Wind,-111.983788,43.32893,1853.174683
Cedar Creek Wind,-112.003044,43.322998,1789.128662
Cedar Creek Wind,-111.982437,43.342102,1788.958496
Cedar Creek Wind,-111.987267,43.329922,1843.071289
Cedar Creek Wind,-111.992218,43.324257,1831.100464
Cedar Creek Wind,-111.983109,43.337711,1805.472046
Cedar Creek Wind,-112.004768,43.310757,1768.846558
Cedar Creek Wind,-111.980515,43.327347,1860.291748
Cedar Creek Wind,-111.990768,43.331181,1824.714233
Cedar Creek Wind,-111.981438,43.314846,1920.777588
Cedar Creek Wind,-112.01194,43.318714,1756.802124
Cedar Creek Wind,-112.032227,43.310833,1658.814209
Cedar Creek Wind,-111.978218,43.323891,1883.946899
Cedar Creek Wind,-112.049728,43.318249,1564.937134
Cedar Creek Wind,-112.033905,43.319103,1641.65271
Cedar Creek Wind,-112.020218,43.32523,1713.394775
Cedar Creek Wind,-111.990829,43.337948,1796.09668
Cedar Creek Wind,-112.015678,43.326843,1738.964844
Cedar Creek Wind,-112.010605,43.307079,1768.785156
Cedar Creek Wind,-112.002769,43.33054,1791.536865
Cedar Creek Wind,-111.988647,43.314243,1872.266724
Cedar Creek Wind,-112.00248,43.338165,1788.997437
Cedar Creek Wind,-112.029037,43.333958,1670.878418
Cedar Creek Wind,-111.988007,43.320446,1866.22998
Cedar Creek Wind,-112.019455,43.337887,1701.681152
Cedar Creek Wind,-111.976631,43.311897,1903.947876
Cedar Creek Wind,-111.973457,43.322617,1882.318359
Cedar Creek Wind,-112.01593,43.308338,1735.261353
Cedar Creek Wind,-112.023537,43.337334,1700.946655
Cedar Creek Wind,-112.013039,43.33783,1728.812866
Cedar Creek Wind,-111.99572,43.326836,1840.156006
Cedar Creek Wind,-112.008865,43.335064,1747.181396
Cedar Creek Wind,-112.015129,43.332836,1740.368652
Cedar Creek Wind,-112.045921,43.324852,1561.549316
Cedar Creek Wind,-112.020416,43.31662,1713.175049
Cedar Creek Wind,-111.973068,43.313572,1922.498779
Cedar Creek Wind,-112.040039,43.337921,1580.521484
Cedar Creek Wind,-111.991631,43.344963,1748.072998
Cedar Creek Wind,-111.994957,43.313999,1842.473267
Cedar Creek Wind,-112.015907,43.316738,1743.429077
Cedar Creek Wind,-112.026505,43.312504,1679.843018
Cedar Creek Wind,-111.980949,43.311043,1906.307739
Cedar Creek Wind,-112.000145,43.344536,1760.647217
Cedar Point,-103.711487,39.371094,1770.636963
Cedar Point,-103.644493,39.483093,1712.08667
Cedar Point,-103.729393,39.364494,1776.477783
Cedar Point,-103.598389,39.537594,1676.659058
Cedar Point,-103.710793,39.407894,1758.874634
Cedar Point,-103.759392,39.393494,1793.173462
Cedar Point,-103.651192,39.463196,1712.237549
Cedar Point,-103.702789,39.414993,1754.296631
Cedar Point,-103.75119,39.397995,1787.003052
Cedar Point,-103.626289,39.487892,1701.076782
Cedar Point,-103.734894,39.362495,1783.703125
Cedar Point,-103.691093,39.422695,1748.677979
Cedar Point,-103.743187,39.402294,1782.317139
Cedar Point,-103.601486,39.537594,1677.170898
Cedar Point,-103.599487,39.494293,1688.643921
Cedar Point,-103.670143,39.424183,1737.837646
Cedar Point,-103.605492,39.517494,1684.371582
Cedar Point,-103.596687,39.495396,1688.046021
Cedar Point,-103.60849,39.516792,1686.22229
Cedar Point,-103.684692,39.372593,1760.060547
Cedar Point,-103.654488,39.427395,1729.927734
Cedar Point,-103.591187,39.497692,1681.807373
Cedar Point,-103.684486,39.435493,1743.430176
Cedar Point,-103.700188,39.371494,1766.523682
Cedar Point,-103.668694,39.472393,1719.599243
Cedar Point,-103.601486,39.517994,1684.163086
Cedar Point,-103.635193,39.485596,1705.673218
Cedar Point,-103.613693,39.489693,1692.788208
Cedar Point,-103.754593,39.396793,1789.753418
Cedar Point,-103.575394,39.508392,1667.923218
Cedar Point,-103.604988,39.491993,1688.861816
Cedar Point,-103.673492,39.468693,1720.769287
Cedar Point,-103.770088,39.389996,1799.22583
Cedar Point,-103.642288,39.429794,1721.903442
Cedar Point,-103.773293,39.389996,1801.539795
Cedar Point,-103.722794,39.405396,1766.012207
Cedar Point,-103.724892,39.385193,1768.279785
Cedar Point,-103.69429,39.422695,1751.648804
Cedar Point,-103.602287,39.493095,1688.105957
Cedar Point,-103.718887,39.386395,1765.77771
Cedar Point,-103.69989,39.415894,1753.007202
Cedar Point,-103.648087,39.463196,1710.993042
Cedar Point,-103.685188,39.446095,1736.022827
Cedar Point,-103.641693,39.484196,1711.171631
Cedar Point,-103.593987,39.496494,1682.935059
Cedar Point,-103.694092,39.372692,1760.289795
Cedar Point,-103.657089,39.477795,1716.974243
Cedar Point,-103.673187,39.423595,1739.481567
Cedar Point,-103.657494,39.426792,1731.214355
Cedar Point,-103.611488,39.516094,1687.420654
Cedar Point,-103.57029,39.511295,1666.075439
Cedar Point,-103.661087,39.425995,1733.254395
Cedar Point,-103.651436,39.427986,1729.054077
Cedar Point,-103.740692,39.361195,1782.628052
Cedar Point,-103.589088,39.502895,1678.773926
Cedar Point,-103.618591,39.531796,1683.238647
Cedar Point,-103.779587,39.389893,1792.537842
Cedar Point,-103.704689,39.409294,1754.583618
Cedar Point,-103.635391,39.507195,1700.717407
Cedar Point,-103.731689,39.362793,1783.314575
Cedar Point,-103.647293,39.481895,1712.600464
Cedar Point,-103.663788,39.463295,1720.15686
Cedar Point,-103.632187,39.486393,1704.973022
Cedar Point,-103.614487,39.515392,1687.584595
Cedar Point,-103.71669,39.406494,1762.999756
Cedar Point,-103.665993,39.473595,1719.668823
Cedar Point,-103.681793,39.446693,1733.309937
Cedar Point,-103.654289,39.463295,1713.751587
Cedar Point,-103.662788,39.473495,1717.543457
Cedar Point,-103.690987,39.372692,1759.560791
Cedar Point,-103.58609,39.503693,1676.895264
Cedar Point,-103.608788,39.537193,1679.721436
Cedar Point,-103.598289,39.517994,1679.488525
Cedar Point,-103.644791,39.501995,1697.819824
Cedar Point,-103.60569,39.536694,1677.869873
Cedar Point,-103.721893,39.385693,1767.140869
Cedar Point,-103.747993,39.361694,1785.165039
Cedar Point,-103.623291,39.488693,1699.454102
Cedar Point,-103.696793,39.416294,1752.224365
Cedar Point,-103.78759,39.389793,1804.266113
Cedar Point,-103.73999,39.402294,1779.505127
Cedar Point,-103.776489,39.389893,1792.269409
Cedar Point,-103.713791,39.407394,1762.047363
Cedar Point,-103.577888,39.506992,1669.560059
Cedar Point,-103.61129,39.491993,1691.97937
Cedar Point,-103.629387,39.508595,1698.171143
Cedar Point,-103.681587,39.372494,1758.969604
Cedar Point,-103.737488,39.361294,1780.752686
Cedar Point,-103.629189,39.487095,1702.888306
Cedar Point,-103.614594,39.535496,1679.998413
Cedar Point,-103.719688,39.405693,1764.656494
Cedar Point,-103.756989,39.395096,1787.846191
Cedar Point,-103.572891,39.509895,1671.531006
Cedar Point,-103.616386,39.533493,1680.397461
Cedar Point,-103.583092,39.504295,1670.860107
Cedar Point,-103.766991,39.389996,1794.259888
Cedar Point,-103.632393,39.507893,1700.011108
Cedar Point,-103.645393,39.429195,1724.473877
Cedar Point,-103.653389,39.479393,1713.043213
Cedar Point,-103.649986,39.480793,1713.719604
Cedar Point,-103.660591,39.463295,1717.97168
Cedar Point,-103.68779,39.372593,1758.513306
Cedar Point,-103.648399,39.428596,1727.494995
Cedar Point,-103.619789,39.488792,1696.575317
Cedar Point,-103.784187,39.389893,1791.765991
Cedar Point,-103.61689,39.489693,1694.203491
Cedar Point,-103.666588,39.460995,1721.674194
Cedar Point,-103.707787,39.408695,1757.100342
Cedar Point,-103.611893,39.536694,1680.259888
Cedar Point,-103.705193,39.370792,1768.719116
Cedar Point,-103.761391,39.391594,1794.466675
Cedar Point,-103.608192,39.491993,1690.043945
Cedar Point,-103.638489,39.506493,1701.855225
Cedar Point,-103.68129,39.435593,1741.940063
Cedar Point,-103.64769,39.500996,1690.312256
Cedar Point,-103.749191,39.400993,1787.449585
Cedar Point,-103.688293,39.423695,1747.19458
Cedar Point,-103.725891,39.404694,1768.213135
Cedar Point,-103.72789,39.384495,1771.692871
Cedar Point,-103.67659,39.468193,1725.714478
Cedar Point,-103.638191,39.484795,1707.892456
Cedar Point,-103.580788,39.505993,1675.594116
Cedar Point,-103.685089,39.423695,1744.450928
Cedar Point,-103.64489,39.463196,1708.907959
Cedar Point,-103.763893,39.389996,1795.068115
Cedar Point,-103.641991,39.503094,1702.458618
Cedar Point,-103.696991,39.371494,1762.506592
Cedar Point,-103.676292,39.453094,1727.480713
Cedar Point,-103.676193,39.422993,1739.312378
Cedar Point,-103.664093,39.425392,1734.853638
Cedar Point,-103.657494,39.463295,1716.780762
Cedar Point,-103.746292,39.401993,1783.715454
Cedar Point,-103.667091,39.424793,1736.215698
Cedar Point,-103.681992,39.423595,1742.272217
Cedar Point,-103.671387,39.457092,1724.216431
Cedar Point,-103.673889,39.455093,1725.927734
Cedar Point,-103.668991,39.459095,1722.433594
Cedar Point,-103.744888,39.361595,1781.689819
Cedar Point,-103.730988,39.384094,1774.001465
Cedar Springs I,-105.438492,42.993698,1643.633057
Cedar Springs I,-105.438759,43.007557,1621.743774
Cedar Springs I,-105.48439,43.106461,1646.278076
Cedar Springs I,-105.520409,43.04295,1599.958496
Cedar Springs I,-105.440933,43.12582,1597.990601
Cedar Springs I,-105.367119,43.119637,1570.824341
Cedar Springs I,-105.494125,43.02985,1595.376343
Cedar Springs I,-105.455994,43.001392,1619.555176
Cedar Springs I,-105.446487,43.010334,1599.342407
Cedar Springs I,-105.432747,42.998417,1634.32959
Cedar Springs I,-105.451378,42.988415,1651.717041
Cedar Springs I,-105.530205,43.040195,1621.381958
Cedar Springs I,-105.457672,42.9814,1663.401489
Cedar Springs I,-105.430801,42.990749,1642.537476
Cedar Springs I,-105.490425,43.09296,1657.11853
Cedar Springs I,-105.453789,43.122753,1613.955566
Cedar Springs I,-105.426765,43.120605,1598.654297
Cedar Springs I,-105.485352,43.096359,1656.845581
Cedar Springs I,-105.411972,43.121292,1588.926025
Cedar Springs I,-105.468834,43.103607,1638.220093
Cedar Springs I,-105.495102,43.113155,1636.096558
Cedar Springs I,-105.42498,43.124168,1579.529053
Cedar Springs I,-105.382942,43.025375,1579.914063
Cedar Springs I,-105.434998,43.122856,1593.286255
Cedar Springs I,-105.381149,43.138412,1554.101563
Cedar Springs I,-105.370026,43.123283,1566.335571
Cedar Springs I,-105.473701,43.015625,1599.610107
Cedar Springs I,-105.402039,43.021095,1580.520874
Cedar Springs I,-105.465591,43.131805,1612.169189
Cedar Springs I,-105.379135,43.143852,1561.787476
Cedar Springs I,-105.465385,43.139816,1597.666626
Cedar Springs I,-105.41227,43.017792,1584.064819
Cedar Springs I,-105.492287,43.089386,1645.166992
Cedar Springs I,-105.459297,42.984837,1656.665405
Cedar Springs I,-105.461868,43.109913,1634.161377
Cedar Springs I,-105.444519,42.996338,1633.384277
Cedar Springs I,-105.522636,43.036808,1642.835327
Cedar Springs I,-105.531609,43.035336,1639.89209
Cedar Springs I,-105.422043,43.128498,1585.819092
Cedar Springs I,-105.471458,43.112812,1635.981323
Cedar Springs I,-105.37397,43.155693,1540.080566
Cedar Springs I,-105.462662,43.117229,1636.654785
Cedar Springs I,-105.464111,43.143139,1596.695313
Cedar Springs I,-105.466454,43.09906,1637.738892
Cedar Springs I,-105.450081,43.128235,1614.220459
Cedar Springs I,-105.472206,43.007786,1606.631592
Cedar Springs I,-105.479538,43.020016,1598.898682
Cedar Springs I,-105.496735,43.109409,1641.084961
Cedar Springs I,-105.514183,43.04586,1603.541992
Cedar Springs I,-105.460167,43.113422,1641.364258
Cedar Springs I,-105.488708,43.018269,1614.781128
Cedar Springs I,-105.462067,43.124626,1602.595947
Cedar Springs I,-105.406013,43.117302,1560.651489
Cedar Springs I,-105.466339,43.136074,1606.799805
Cedar Springs I,-105.48719,43.110443,1635.417114
Cedar Springs I,-105.491928,43.022133,1616.134399
Cedar Springs I,-105.376503,43.130375,1569.042725
Cedar Springs I,-105.46875,43.107189,1635.591919
Cedar Springs I,-105.449974,43.119396,1621.050537
Cedar Springs I,-105.368462,43.13303,1569.576782
Cedar Springs I,-105.489075,43.014545,1620.407959
Cedar Springs I,-105.37529,43.148506,1550.80249
Cedar Springs I,-105.504959,43.107304,1643.448975
Cedar Springs I,-105.484306,43.100025,1654.633301
Cedar Springs I,-105.431839,42.987049,1655.608398
Cedar Springs I,-105.374695,43.152077,1545.912109
Cedar Springs I,-105.505135,43.034363,1608.157837
Cedar Springs I,-105.448685,43.111221,1633.305298
Cedar Springs I,-105.462921,43.120834,1625.870239
Cedar Springs I,-105.409836,43.009163,1594.094116
Cedar Springs I,-105.462036,43.128311,1600.305176
Cedar Springs I,-105.369591,43.128113,1563.348877
Cedar Springs II,-105.394501,42.994843,1579.03125
Cedar Springs II,-105.400284,43.006275,1576.279663
Cedar Springs II,-105.327362,42.907059,1667.334717
Cedar Springs II,-105.294418,42.926041,1623.694702
Cedar Springs II,-105.271843,42.932438,1577.624756
Cedar Springs II,-105.319511,42.898396,1659.563477
Cedar Springs II,-105.30349,42.920048,1628.84375
Cedar Springs II,-105.351013,42.921188,1660.34375
Cedar Springs II,-105.468788,42.963165,1651.596802
Cedar Springs II,-105.273468,42.951786,1568.050415
Cedar Springs II,-105.318993,42.937832,1623.402466
Cedar Springs II,-105.273369,42.945469,1574.618286
Cedar Springs II,-105.298058,42.956444,1563.753906
Cedar Springs II,-105.405655,42.997952,1588.292725
Cedar Springs II,-105.269592,42.964718,1553.891602
Cedar Springs II,-105.371147,42.938679,1663.854126
Cedar Springs II,-105.291313,42.929794,1618.509033
Cedar Springs II,-105.376633,42.964169,1611.361694
Cedar Springs II,-105.422173,42.977123,1638.580566
Cedar Springs II,-105.313255,42.933445,1619.488037
Cedar Springs II,-105.460892,42.971405,1670.508789
Cedar Springs II,-105.349426,42.947823,1611.839966
Cedar Springs II,-105.354187,42.926495,1656.610352
Cedar Springs II,-105.320343,42.903961,1667.074707
Cedar Springs II,-105.313263,42.901287,1669.098633
Cedar Springs II,-105.372925,42.943123,1648.168091
Cedar Springs II,-105.363251,42.942726,1640.463867
Cedar Springs II,-105.289085,42.950058,1588.133789
Cedar Springs II,-105.338142,42.914795,1677.924561
Cedar Springs II,-105.379753,42.960575,1599.840088
Cedar Springs II,-105.398872,42.991634,1595.854126
Cedar Springs II,-105.375511,42.957191,1612.903076
Cedar Springs II,-105.349655,42.943756,1608.091553
Cedar Springs II,-105.326012,42.93195,1630.499512
Cedar Springs II,-105.424232,42.973671,1634.987793
Cedar Springs II,-105.283173,42.91293,1593.217651
Cedar Springs II,-105.328957,42.944721,1600.05957
Cedar Springs II,-105.417091,43.000946,1594.38208
Cedar Springs II,-105.27227,42.961124,1563.741699
Cedar Springs II,-105.297386,42.933685,1604.663574
Cedar Springs II,-105.382294,42.944832,1636.532227
Cedar Springs II,-105.407967,42.993866,1601.831543
Cedar Springs II,-105.288086,42.956215,1586.511963
Cedar Springs II,-105.282402,42.939121,1594.547852
Cedar Springs II,-105.283539,42.946087,1574.099243
Cedar Springs II,-105.386848,42.957794,1604.501953
Cedar Springs II,-105.443169,42.980354,1663.909912
Cedar Springs II,-105.443375,42.97607,1670.509644
Cedar Springs II,-105.419792,42.984779,1631.419067
Cedar Springs II,-105.300934,42.923267,1618.013184
Cedar Springs II,-105.464569,42.967724,1673.735718
Cedar Springs II,-105.455238,42.974472,1670.71106
Cedar Springs II,-105.446083,42.971558,1677.044312
Cedar Springs II,-105.27388,42.957607,1562.796021
Cedar Springs II,-105.32093,42.928371,1648.101196
Cedar Springs II,-105.28112,42.924454,1585.118286
Cedar Springs II,-105.365463,42.929062,1651.235229
Cedar Springs II,-105.336746,42.911331,1666.848145
Cedar Springs II,-105.371696,42.950489,1636.615601
Cedar Springs II,-105.415932,42.996536,1594.383667
Cedar Springs II,-105.43277,42.982319,1657.436279
Cedar Springs II,-105.369698,42.932217,1650.963501
Cedar Springs II,-105.372002,42.946602,1631.741943
Cedar Springs II,-105.405609,43.003433,1583.375977
Cedar Springs II,-105.329468,42.948494,1604.550293
Cedar Springs II,-105.283371,42.916958,1589.341187
Cedar Springs II,-105.418556,42.991661,1607.01062
Cedar Springs II,-105.272575,42.941444,1590.802246
Cedar Springs II,-105.361267,42.946877,1619.480225
Cedar Springs II,-105.364304,42.936104,1658.667236
Cedar Springs II,-105.343269,42.923763,1654.375732
Cedar Springs II,-105.419533,42.988178,1616.094604
Cedar Springs III,-105.588402,43.053043,1678.939209
Cedar Springs III,-105.657227,43.074219,1696.134155
Cedar Springs III,-105.619926,43.051472,1698.075684
Cedar Springs III,-105.65873,43.050198,1729.586548
Cedar Springs III,-105.563255,43.067471,1675.766357
Cedar Springs III,-105.586403,43.094757,1666.177734
Cedar Springs III,-105.542259,43.095863,1656.799561
Cedar Springs III,-105.587067,43.060368,1682.521973
Cedar Springs III,-105.581482,43.075439,1683.50415
Cedar Springs III,-105.383598,43.127716,1573.239502
Cedar Springs III,-105.513123,43.122974,1635.270386
Cedar Springs III,-105.611557,43.046104,1690.423584
Cedar Springs III,-105.605667,43.054325,1694.283936
Cedar Springs III,-105.651611,43.071808,1691.411133
Cedar Springs III,-105.560745,43.085011,1676.807373
Cedar Springs III,-105.555061,43.062084,1639.859497
Cedar Springs III,-105.665459,43.083755,1690.731201
Cedar Springs III,-105.649155,43.059044,1709.818604
Cedar Springs III,-105.557999,43.105579,1649.787109
Cedar Springs III,-105.544487,43.111408,1648.742676
Cedar Springs III,-105.57016,43.069256,1677.843506
Cedar Springs III,-105.587486,43.079945,1678.38501
Cedar Springs III,-105.51622,43.112236,1638.291626
Cedar Springs III,-105.541847,43.108311,1653.993164
Cedar Springs III,-105.538734,43.105354,1655.557983
Cedar Springs III,-105.668617,43.059238,1718.45105
Cedar Springs III,-105.558456,43.064861,1661.746704
Cedar Springs III,-105.650589,43.068653,1698.161011
Cedar Springs III,-105.552025,43.083805,1663.146484
Cedar Springs III,-105.662514,43.053207,1719.870483
Cedar Springs III,-105.605721,43.043961,1691.610352
Cedar Springs III,-105.553429,43.102547,1651.678345
Cedar Springs III,-105.666161,43.075703,1702.355957
Cedar Springs III,-105.603134,43.086983,1660.030029
Cedar Springs III,-105.572212,43.079765,1673.41333
Cedar Springs III,-105.59436,43.054977,1688.433472
Cedar Springs III,-105.666405,43.055954,1720.577148
Cedar Springs III,-105.6502,43.06303,1707.39563
Cedar Springs III,-105.518898,43.12746,1637.315918
Cedar Springs III,-105.580467,43.086353,1667.178833
Cedar Springs III,-105.669724,43.065132,1708.872925
Cedar Springs III,-105.565559,43.087585,1672.897949
Cedar Springs III,-105.52803,43.123135,1638.541626
Cedar Springs III,-105.659447,43.080456,1688.71582
Cedar Springs III,-105.561424,43.091793,1660.647461
Cedar Springs III,-105.384422,43.132854,1559.394165
Cedar Springs III,-105.535637,43.102379,1658.132935
Cedar Springs III,-105.57,43.093723,1664.937988
Cemex Black Mountain Quarry,-117.112556,34.623199,1199.473755
Cemex Black Mountain Quarry,-117.11113,34.621078,1183.531616
Cemex Madison,-121.935188,38.687595,41.41629028
Cemex River Plant,-117.30719,34.561996,816.9265137
Cemex River Plant,-117.305885,34.560097,818.7084961
Chevelon Butte Wind Phase I,-110.762207,34.669056,1861.864136
Chevelon Butte Wind Phase I,-110.938393,34.733665,1861.928345
Chevelon Butte Wind Phase I,-110.873451,34.71336,1862.034546
Chevelon Butte Wind Phase I,-110.88958,34.687359,1919.860474
Chevelon Butte Wind Phase I,-110.916397,34.732708,1886.409302
Chevelon Butte Wind Phase I,-110.745392,34.66151,1888.604736
Chevelon Butte Wind Phase I,-110.833206,34.715122,1831.119629
Chevelon Butte Wind Phase I,-110.868439,34.711281,1860.957642
Chevelon Butte Wind Phase I,-110.820747,34.671646,1878.389771
Chevelon Butte Wind Phase I,-110.813957,34.660583,1897.791138
Chevelon Butte Wind Phase I,-110.893143,34.720928,1898.266968
Chevelon Butte Wind Phase I,-110.819397,34.649372,1914.377563
Chevelon Butte Wind Phase I,-110.813309,34.647594,1915.235962
Chevelon Butte Wind Phase I,-110.927162,34.727524,1872.386963
Chevelon Butte Wind Phase I,-110.818268,34.662224,1898.989014
Chevelon Butte Wind Phase I,-110.934494,34.731255,1875.029419
Chevelon Butte Wind Phase I,-110.888435,34.718918,1884.167847
Chevelon Butte Wind Phase I,-110.802849,34.640541,1920.681763
Chevelon Butte Wind Phase I,-110.884911,34.683876,1912.024536
Chevelon Butte Wind Phase I,-110.902321,34.725342,1898.96582
Chevelon Butte Wind Phase I,-110.867256,34.73225,1854.949219
Chevelon Butte Wind Phase I,-110.852463,34.725224,1832.167847
Chevelon Butte Wind Phase I,-110.739548,34.65799,1900.557373
Chevelon Butte Wind Phase I,-110.824127,34.641365,1925.828247
Chevelon Butte Wind Phase I,-110.78759,34.644176,1915.21228
Chevelon Butte Wind Phase I,-110.880539,34.739868,1851.177856
Chevelon Butte Wind Phase I,-110.894798,34.700535,1890.57605
Chevelon Butte Wind Phase I,-110.942673,34.73595,1847.791138
Chevelon Butte Wind Phase I,-110.908287,34.728622,1891.71936
Chevelon Butte Wind Phase I,-110.756439,34.666939,1875.864868
Chevelon Butte Wind Phase I,-110.782478,34.641911,1913.506714
Chevelon Butte Wind Phase I,-110.848122,34.723251,1830.286255
Chevelon Butte Wind Phase I,-110.890671,34.697353,1895.306152
Chevelon Butte Wind Phase I,-110.836266,34.648502,1927.61731
Chevelon Butte Wind Phase I,-110.90728,34.707367,1903.358276
Chevelon Butte Wind Phase I,-110.840988,34.720581,1828.127808
Chevelon Butte Wind Phase I,-110.856796,34.727032,1841.490601
Chevelon Butte Wind Phase I,-110.86338,34.708183,1862.888306
Chevelon Butte Wind Phase I,-110.872108,34.733948,1859.43689
Chevelon Butte Wind Phase I,-110.808334,34.644211,1923.94812
Chevelon Butte Wind Phase I,-110.883255,34.716751,1864.390747
Chevelon Butte Wind Phase I,-110.899529,34.749474,1848.390015
Chevelon Butte Wind Phase I,-110.900032,34.703392,1889.927856
Chevelon Butte Wind Phase I,-110.733055,34.648964,1906.651611
Chevelon Butte Wind Phase I,-110.828461,34.713463,1825.520996
Chevelon Butte Wind Phase I,-110.750969,34.664394,1877.552856
Chevelon Butte Wind Phase I,-110.906967,34.715885,1917.508423
Chevelon Butte Wind Phase I,-110.831306,34.644661,1928.256836
Chevelon Butte Wind Phase I,-110.825562,34.673603,1877.588501
Chevelon Butte Wind Phase I,-110.795753,34.63982,1919.912476
Chevelon Butte Wind Phase I,-110.837173,34.717655,1827.976563
Chevelon Butte Wind Phase I,-110.887703,34.742805,1857.785034
Chevelon Butte Wind Phase I,-110.897362,34.723274,1899.907715
Chevelon Butte Wind Phase I,-110.7379,34.652489,1905.191406
Chevelon Butte Wind Phase I,-110.912575,34.730377,1892.856079
Chevelon Butte Wind Phase I,-110.86377,34.729362,1842.262085
Chevelon Butte Wind Phase I,-110.894241,34.744804,1856.860352
Chevelon Butte Wind Phase II,-110.846779,34.75568,1813.47644
Chevelon Butte Wind Phase II,-110.763062,34.644608,1903.424805
Chevelon Butte Wind Phase II,-110.822029,34.745037,1805.802734
Chevelon Butte Wind Phase II,-110.807831,34.701523,1835.248535
Chevelon Butte Wind Phase II,-110.766701,34.672035,1863.170776
Chevelon Butte Wind Phase II,-110.827202,34.723503,1806.091064
Chevelon Butte Wind Phase II,-110.776649,34.676826,1864.291504
Chevelon Butte Wind Phase II,-110.795708,34.692535,1845.883545
Chevelon Butte Wind Phase II,-110.770805,34.674686,1858.678101
Chevelon Butte Wind Phase II,-110.827888,34.747917,1809.522461
Chevelon Butte Wind Phase II,-110.8722,34.746876,1837.706055
Chevelon Butte Wind Phase II,-110.781998,34.653172,1896.875
Chevelon Butte Wind Phase II,-110.801147,34.676765,1866.652222
Chevelon Butte Wind Phase II,-110.808823,34.657978,1898.156616
Chevelon Butte Wind Phase II,-110.815811,34.718838,1821.645996
Chevelon Butte Wind Phase II,-110.841827,34.753845,1810.636353
Chevelon Butte Wind Phase II,-110.783089,34.678207,1863.550049
Chevelon Butte Wind Phase II,-110.791733,34.646576,1914.224609
Chevelon Butte Wind Phase II,-110.839188,34.728729,1817.716187
Chevelon Butte Wind Phase II,-110.867821,34.744972,1833.335205
Chevelon Butte Wind Phase II,-110.790359,34.670158,1876.997925
Chevelon Butte Wind Phase II,-110.790726,34.691353,1848.789307
Chevelon Butte Wind Phase II,-110.806358,34.680141,1862.212158
Chevelon Butte Wind Phase II,-110.803711,34.654514,1901.71875
Chevelon Butte Wind Phase II,-110.83297,34.74984,1810.321289
Chevelon Butte Wind Phase II,-110.878937,34.750778,1834.145142
Chevelon Butte Wind Phase II,-110.815529,34.669617,1888.894775
Chevelon Butte Wind Phase II,-110.779449,34.664295,1875.797852
Chevelon Butte Wind Phase II,-110.800407,34.694626,1846.363403
Chevelon Butte Wind Phase II,-110.815186,34.683743,1854.913452
Chevelon Butte Wind Phase II,-110.837372,34.751911,1808.026978
Chevelon Butte Wind Phase II,-110.80986,34.667831,1891.234131
Chevelon Butte Wind Phase II,-110.804207,34.697861,1842.432495
Chevelon Butte Wind Phase II,-110.848618,34.745064,1828.650269
Chevelon Butte Wind Phase II,-110.811096,34.681458,1858.669922
Chevelon Butte Wind Phase II,-110.795349,34.672989,1874.734375
Chevelon Butte Wind Phase II,-110.768402,34.639793,1915.874268
Chevelon Butte Wind Phase II,-110.81221,34.715767,1826.100464
Chevelon Butte Wind Phase II,-110.853149,34.748264,1825.882813
Chevelon Butte Wind Phase II,-110.832008,34.7267,1815.435059
Chevelon Butte Wind Phase II,-110.7752,34.651226,1893.380615
Chevelon Butte Wind Phase II,-110.784218,34.667953,1873.854126
Chevelon Butte Wind Phase II,-110.819221,34.721992,1808.553833
Chevelon Butte Wind Phase II,-110.767349,34.647083,1903.199219
Chevelon Butte Wind Phase II,-110.758598,34.642109,1909.620117
Chevelon Butte Wind Phase II,-110.800117,34.650883,1905.634155
Chevelon Butte Wind Phase II,-110.795769,34.648983,1911.073486
Chevelon Butte Wind Phase II,-110.882858,34.752136,1833.082397
Cheyenne Ridge,-102.21994,39.071793,1263.755493
Cheyenne Ridge,-102.211609,39.022327,1270.81311
Cheyenne Ridge,-102.322891,39.030472,1313.908081
Cheyenne Ridge,-102.429893,38.955444,1349.016113
Cheyenne Ridge,-102.244728,39.099941,1263.607422
Cheyenne Ridge,-102.386391,38.983345,1342.00769
Cheyenne Ridge,-102.121155,39.028885,1250.223267
Cheyenne Ridge,-102.055481,39.086185,1224.335083
Cheyenne Ridge,-102.356888,39.023842,1323.81897
Cheyenne Ridge,-102.244888,39.048733,1285.488892
Cheyenne Ridge,-102.243591,39.027752,1294.898926
Cheyenne Ridge,-102.25013,39.071758,1276.314697
Cheyenne Ridge,-102.126373,39.071316,1244.549927
Cheyenne Ridge,-102.117508,39.056068,1251.686523
Cheyenne Ridge,-102.228989,39.033825,1292.725586
Cheyenne Ridge,-102.214821,38.975861,1260.538574
Cheyenne Ridge,-102.379791,38.998383,1340.043701
Cheyenne Ridge,-102.249535,39.027699,1303.718628
Cheyenne Ridge,-102.198715,39.048107,1269.63269
Cheyenne Ridge,-102.339188,39.048145,1303.220459
Cheyenne Ridge,-102.126694,39.026997,1252.438843
Cheyenne Ridge,-102.24955,38.946095,1279.430054
Cheyenne Ridge,-102.303047,38.951138,1301.885498
Cheyenne Ridge,-102.218811,38.917034,1264.015137
Cheyenne Ridge,-102.10128,39.054462,1240.340698
Cheyenne Ridge,-102.050034,39.096222,1228.843384
Cheyenne Ridge,-102.293098,38.962189,1304.848755
Cheyenne Ridge,-102.428291,38.981823,1355.474365
Cheyenne Ridge,-102.234787,39.033165,1295.286133
Cheyenne Ridge,-102.105484,39.051224,1247.450806
Cheyenne Ridge,-102.271759,38.948189,1293.15332
Cheyenne Ridge,-102.226089,39.048885,1276.51709
Cheyenne Ridge,-102.350494,39.022465,1327.965332
Cheyenne Ridge,-102.262451,38.934959,1270.331421
Cheyenne Ridge,-102.087891,39.09499,1225.168457
Cheyenne Ridge,-102.38559,38.998024,1338.785278
Cheyenne Ridge,-102.140846,39.054665,1259.743652
Cheyenne Ridge,-102.198975,39.00531,1264.672607
Cheyenne Ridge,-102.095604,39.067974,1245.526855
Cheyenne Ridge,-102.39328,38.966015,1332.805908
Cheyenne Ridge,-102.305389,39.031715,1302.020142
Cheyenne Ridge,-102.229332,38.91407,1258.050293
Cheyenne Ridge,-102.23584,39.085857,1264.034668
Cheyenne Ridge,-102.254387,39.026142,1297.374878
Cheyenne Ridge,-102.449989,39.005665,1354.765259
Cheyenne Ridge,-102.184052,39.051529,1268.231567
Cheyenne Ridge,-102.223206,38.914349,1259.535034
Cheyenne Ridge,-102.228416,39.004837,1271.956665
Cheyenne Ridge,-102.238487,39.029663,1296.132568
Cheyenne Ridge,-102.132637,39.021648,1252.863159
Cheyenne Ridge,-102.45549,39.029793,1354.714233
Cheyenne Ridge,-102.400993,38.982044,1348.039429
Cheyenne Ridge,-102.287857,38.940956,1295.541504
Cheyenne Ridge,-102.231392,39.090775,1266.534302
Cheyenne Ridge,-102.462212,39.005493,1358.052612
Cheyenne Ridge,-102.37973,38.968021,1326.712891
Cheyenne Ridge,-102.322639,38.979313,1303.006836
Cheyenne Ridge,-102.45649,39.006493,1361.169067
Cheyenne Ridge,-102.436188,38.954815,1352.608521
Cheyenne Ridge,-102.206047,39.022343,1274.825684
Cheyenne Ridge,-102.272896,38.93153,1274.772827
Cheyenne Ridge,-102.374313,38.967999,1322.972412
Cheyenne Ridge,-102.213989,39.037605,1280.638306
Cheyenne Ridge,-102.314117,38.979118,1299.966553
Cheyenne Ridge,-102.415993,38.997303,1347.885742
Cheyenne Ridge,-102.265877,38.94836,1283.269897
Cheyenne Ridge,-102.254936,39.054962,1280.012817
Cheyenne Ridge,-102.122688,39.051025,1253.218262
Cheyenne Ridge,-102.269974,39.05286,1293.40686
Cheyenne Ridge,-102.264259,39.053383,1286.450317
Cheyenne Ridge,-102.096649,39.037285,1239.255005
Cheyenne Ridge,-102.102951,39.035866,1239.533569
Cheyenne Ridge,-102.257347,39.069611,1277.580933
Cheyenne Ridge,-102.289192,39.018852,1287.642456
Cheyenne Ridge,-102.451088,39.033333,1351.329102
Cheyenne Ridge,-102.126938,39.047863,1255.717163
Cheyenne Ridge,-102.337852,38.990936,1309.695679
Cheyenne Ridge,-102.344994,39.022614,1322.043701
Cheyenne Ridge,-102.244278,39.066925,1276.752075
Cheyenne Ridge,-102.254021,39.004612,1278.621094
Cheyenne Ridge,-102.428993,38.996674,1352.527588
Cheyenne Ridge,-102.173912,39.057781,1263.655029
Cheyenne Ridge,-102.334587,39.031662,1315.765625
Cheyenne Ridge,-102.281425,38.964649,1302.46521
Cheyenne Ridge,-102.237595,38.937973,1281.611328
Cheyenne Ridge,-102.369293,39.008053,1333.964722
Cheyenne Ridge,-102.370094,38.994873,1338.224976
Cheyenne Ridge,-102.374992,38.983822,1338.824219
Cheyenne Ridge,-102.250595,39.099361,1260.19043
Cheyenne Ridge,-102.145729,39.05233,1259.709717
Cheyenne Ridge,-102.1689,38.919846,1239.431274
Cheyenne Ridge,-102.244736,38.96772,1274.81665
Cheyenne Ridge,-102.412277,38.982613,1351.79126
Cheyenne Ridge,-102.231262,38.934113,1280.987427
Cheyenne Ridge,-102.207466,39.004799,1256.529053
Cheyenne Ridge,-102.203445,39.048126,1277.854004
Cheyenne Ridge,-102.114937,39.073967,1240.690063
Cheyenne Ridge,-102.235619,38.913952,1251.016479
Cheyenne Ridge,-102.122299,39.074127,1243.094849
Cheyenne Ridge,-102.294487,39.020462,1293.540039
Cheyenne Ridge,-102.220421,38.974796,1256.150757
Cheyenne Ridge,-102.309525,38.981583,1301.53186
Cheyenne Ridge,-102.439491,38.982372,1361.856689
Cheyenne Ridge,-102.22049,39.037964,1285.451172
Cheyenne Ridge,-102.260002,39.039547,1300.079102
Cheyenne Ridge,-102.22039,39.022175,1277.590576
Cheyenne Ridge,-102.288391,39.032852,1298.62085
Cheyenne Ridge,-102.263878,39.099983,1265.522339
Cheyenne Ridge,-102.373894,38.998394,1338.914185
Cheyenne Ridge,-102.254601,38.932743,1269.36084
Cheyenne Ridge,-102.208916,38.920399,1259.083496
Cheyenne Ridge,-102.104439,39.08633,1233.789551
Cheyenne Ridge,-102.234291,39.049522,1283.832397
Cheyenne Ridge,-102.327888,39.018734,1309.687256
Cheyenne Ridge,-102.099121,39.094166,1227.934814
Cheyenne Ridge,-102.307487,39.049873,1298.094238
Cheyenne Ridge,-102.239594,39.049053,1287.461304
Cheyenne Ridge,-102.20916,39.059402,1265.986938
Cheyenne Ridge,-102.300087,39.030243,1300.480103
Cheyenne Ridge,-102.418999,38.967461,1339.403442
Cheyenne Ridge,-102.217392,39.004772,1270.757813
Cheyenne Ridge,-102.244476,39.084972,1265.108643
Cheyenne Ridge,-102.422943,38.997227,1348.833252
Cheyenne Ridge,-102.433891,38.982735,1358.855225
Cheyenne Ridge,-102.265526,39.037804,1292.171631
Cheyenne Ridge,-102.293411,38.940914,1298.474609
Cheyenne Ridge,-102.369789,39.025414,1329.141968
Cheyenne Ridge,-102.442589,38.954323,1355.68396
Cheyenne Ridge,-102.051537,39.089108,1223.196655
Cheyenne Ridge,-102.275993,39.034542,1296.973755
Cheyenne Ridge,-102.266975,38.931515,1267.648071
Cheyenne Ridge,-102.331161,38.976894,1313.0802
Cheyenne Ridge,-102.257393,39.022102,1297.162598
Cheyenne Ridge,-102.242012,39.004402,1276.211304
Cheyenne Ridge,-102.28199,39.030045,1298.559814
Cheyenne Ridge,-102.059204,39.082447,1224.496948
Cheyenne Ridge,-102.380791,38.983555,1340.745239
Cheyenne Ridge,-102.206512,39.065586,1259.708618
Cheyenne Ridge,-102.356789,38.995003,1327.435425
Cheyenne Ridge,-102.406593,38.982574,1349.499146
Cheyenne Ridge,-102.232315,38.97142,1262.378296
Cheyenne Ridge,-102.287262,38.963966,1304.243774
Cheyenne Ridge,-102.423088,38.979733,1354.230591
Cheyenne Ridge,-102.350388,39.004955,1326.875732
Cheyenne Ridge,-102.10743,39.078598,1235.97168
Cheyenne Ridge,-102.214409,38.920868,1265.230103
Cheyenne Ridge,-102.213188,39.049873,1274.946045
Cheyenne Ridge,-102.114914,39.030949,1247.724609
Cheyenne Ridge,-102.151939,39.048885,1258.615234
Cheyenne Ridge,-102.333893,39.048244,1301.139526
Cheyenne Ridge,-102.108383,39.035053,1240.216187
Cheyenne Ridge,-102.318207,38.976746,1302.577881
Cheyenne Ridge,-102.400749,38.965832,1334.694946
Cheyenne Ridge,-102.076401,39.078552,1232.315552
Cheyenne Ridge,-102.079926,39.093719,1226.118408
Cheyenne Ridge,-102.069427,39.079666,1230.43396
Cheyenne Ridge,-102.173431,38.91758,1242.61438
Cheyenne Ridge,-102.063751,39.079582,1229.841553
Cheyenne Ridge,-102.225815,38.932461,1277.544189
Cheyenne Ridge,-102.248589,39.042362,1294.81543
Cheyenne Ridge,-102.241821,38.971603,1271.614746
Cheyenne Ridge,-102.226723,39.068439,1266.614258
Cheyenne Ridge,-102.187355,38.917469,1245.150879
Cheyenne Ridge,-102.220352,38.932648,1273.861816
Cheyenne Ridge,-102.278847,38.931561,1278.893921
Cheyenne Ridge,-102.132645,39.06226,1256.160767
Cheyenne Ridge,-102.137444,39.059196,1258.156494
Cheyenne Ridge,-102.220016,39.048672,1275.733521
Cheyenne Ridge,-102.189278,39.049938,1269.479614
Cheyenne Ridge,-102.287994,39.043755,1294.541016
Cheyenne Ridge,-102.322289,39.018822,1303.969971
Cheyenne Ridge,-102.193497,39.047783,1271.42749
Cheyenne Ridge,-102.22654,38.974731,1260.621948
Cheyenne Ridge,-102.33979,39.028362,1322.531006
Cheyenne Ridge,-102.282188,39.043793,1291.858398
Cheyenne Ridge,-102.254478,39.040775,1287.80481
Cheyenne Ridge,-102.317291,39.031773,1310.832886
Cheyenne Ridge,-102.311394,39.031773,1306.758667
Cheyenne Ridge,-102.112015,39.052883,1248.040161
Cheyenne Ridge,-102.275665,39.053444,1287.705811
Cheyenne Ridge,-102.443291,38.979443,1359.481567
Cheyenne Ridge,-102.239807,39.063976,1276.512939
Cheyenne Ridge,-102.417488,38.981213,1352.18811
Cheyenne Ridge,-102.327766,38.98048,1305.270264
Cheyenne Ridge,-102.304184,38.980907,1295.804688
Cheyenne Ridge,-102.201126,39.066273,1258.344849
Cheyenne Ridge,-102.43779,38.996704,1349.501587
Cheyenne Ridge,-102.275742,39.072765,1276.40979
Cheyenne Ridge,-102.349991,39.048065,1301.326538
Cheyenne Ridge,-102.449692,38.981903,1363.063721
Cheyenne Ridge,-102.313393,39.049755,1298.748047
Cheyenne Ridge,-102.395393,38.981995,1347.029419
Cheyenne Ridge,-102.293793,39.030582,1296.178223
Cheyenne Ridge,-102.462593,39.027824,1353.326904
Cheyenne Ridge,-102.363693,39.010052,1335.008057
Cheyenne Ridge,-102.101067,39.069309,1247.791626
Cheyenne Ridge,-102.28199,38.94915,1293.538696
Cheyenne Ridge,-102.257019,39.099186,1261.231079
Cheyenne Ridge,-102.085335,39.070217,1237.943848
Cheyenne Ridge,-102.232704,38.953239,1267.699951
Cheyenne Ridge,-102.270546,39.071331,1276.318726
Cheyenne Ridge,-102.274689,39.020493,1287.219727
Cheyenne Ridge,-102.244041,38.946201,1280.148682
Cheyenne Ridge,-102.413132,38.967262,1342.213013
Cheyenne Ridge,-102.233444,39.066689,1268.140259
Cheyenne Ridge,-102.197945,38.912731,1248.73938
Cheyenne Ridge,-102.328392,39.029064,1315.806152
Cheyenne Ridge,-102.298653,38.954105,1303.765991
Cheyenne Ridge,-102.301392,39.050613,1293.328125
Cheyenne Ridge,-102.178642,39.054646,1266.942749
Cheyenne Ridge,-102.363991,38.993774,1337.442505
Cheyenne Ridge,-102.271591,39.037125,1292.992798
Cheyenne Ridge,-102.093239,39.093945,1229.330933
Cheyenne Ridge,-102.191925,38.912777,1249.773193
Cheyenne Ridge,-102.209282,38.975887,1254.28418
Cheyenne Ridge,-102.214638,39.069649,1260.005615
Cheyenne Ridge,-102.34288,38.993305,1318.223511
Cheyenne Ridge,-102.226341,39.092541,1264.438232
Cheyenne Ridge,-102.407799,38.964478,1337.09668
Cheyenne Ridge,-102.361794,39.026005,1330.815308
Cheyenne Ridge,-102.344688,39.048122,1303.224976
Cheyenne Ridge,-102.357994,39.009163,1329.244141
Cheyenne Ridge,-102.090233,39.067104,1239.919067
Cheyenne Ridge,-102.238495,38.952965,1278.006226
Cheyenne Ridge,-102.178894,38.91753,1243.610107
Cheyenne Ridge,-102.207588,39.038433,1282.627197
Cheyenne Ridge,-102.34848,38.990498,1317.105469
Cheyenne Ridge,-102.216049,38.935272,1266.693848
Chopin,-118.468964,45.888245,545.8063965
Chopin,-118.474266,45.894127,540.4386597
Chopin,-118.473419,45.891644,542.2756348
Chopin,-118.465309,45.887829,537.3959351
Chopin,-118.473137,45.897919,529.522644
Chopin,-118.47168,45.889595,542.6021118
Chopin (Phase II),-118.501122,45.90638,584.9827881
Chopin (Phase II),-118.497368,45.904591,579.4936523
Chopin (Phase II),-118.498604,45.910664,534.602356
Chopin (Phase II),-118.493767,45.902271,577.8112793
Chopin (Phase II),-118.491165,45.906174,548.984375
City of Soledad Water Reclamation Facility,-121.340164,36.42094,49.04749298
Clearwater,-106.416504,46.843861,942.2313232
Clearwater Energy Project 1A,-106.425743,46.893604,914.7581177
Clearwater Energy Project 1A,-106.433632,46.751469,956.546875
Clearwater Energy Project 1A,-106.37088,46.850586,914.0169678
Clearwater Energy Project 1A,-106.36969,46.753613,925.3924561
Clearwater Energy Project 1A,-106.416512,46.843868,942.2750854
Clearwater Energy Project 1A,-106.440491,46.74976,950.0599365
Clearwater Energy Project 1A,-106.371002,46.832966,936.2785645
Clearwater Energy Project 1A,-106.329788,46.82737,928.6043091
Clearwater Energy Project 1A,-106.404167,46.81036,933.4802246
Clearwater Energy Project 1A,-106.357986,46.908394,898.78302
Clearwater Energy Project 1A,-106.412262,46.81966,941.4638672
Clearwater Energy Project 1A,-106.445068,46.76339,954.2302246
Clearwater Energy Project 1A,-106.410187,46.857174,936.8449707
Clearwater Energy Project 1A,-106.463989,46.912045,873.7404785
Clearwater Energy Project 1A,-106.326797,46.83041,930.0969238
Clearwater Energy Project 1A,-106.411514,46.823883,930.9865112
Clearwater Energy Project 1A,-106.349289,46.814175,927.229187
Clearwater Energy Project 1A,-106.411598,46.775291,931.8056641
Clearwater Energy Project 1A,-106.463692,46.901104,887.4851685
Clearwater Energy Project 1A,-106.352768,46.844448,903.9633179
Clearwater Energy Project 1A,-106.441139,46.884426,900.3200684
Clearwater Energy Project 1A,-106.450989,46.899323,884.8741455
Clearwater Energy Project 1A,-106.471016,46.775253,963.3095093
Clearwater Energy Project 1A,-106.376488,46.792023,911.6436768
Clearwater Energy Project 1A,-106.385155,46.791672,928.6811523
Clearwater Energy Project 1A,-106.398949,46.832256,939.704895
Clearwater Energy Project 1A,-106.469536,46.755138,930.6038208
Clearwater Energy Project 1A,-106.442337,46.908772,896.2929688
Clearwater Energy Project 1A,-106.452133,46.775452,953.4120483
Clearwater Energy Project 1A,-106.427475,46.818092,962.9335327
Clearwater Energy Project 1A,-106.425865,46.836899,954.0882568
Clearwater Energy Project 1A,-106.373146,46.846992,915.1958618
Clearwater Energy Project 1A,-106.381096,46.745987,937.2600708
Clearwater Energy Project 1A,-106.321991,46.923344,866.3066406
Clearwater Energy Project 1A,-106.433571,46.791061,941.0384521
Clearwater Energy Project 1A,-106.470932,46.784039,963.6561279
Clearwater Energy Project 1A,-106.332787,46.913933,902.4883423
Clearwater Energy Project 1A,-106.39624,46.812656,936.8025513
Clearwater Energy Project 1A,-106.398117,46.751682,941.8219604
Clearwater Energy Project 1A,-106.415558,46.915344,881.2589722
Clearwater Energy Project 1A,-106.410713,46.862144,925.9911499
Clearwater Energy Project 1A,-106.424835,46.757118,944.4558716
Clearwater Energy Project 1A,-106.357887,46.894951,894.9894409
Clearwater Energy Project 1A,-106.42688,46.866302,906.4434814
Clearwater Energy Project 1A,-106.431114,46.890453,902.704834
Clearwater Energy Project 1A,-106.380501,46.892082,864.5374146
Clearwater Energy Project 1A,-106.428131,46.753868,944.2887573
Clearwater Energy Project 1A,-106.332886,46.909492,914.2435913
Clearwater Energy Project 1A,-106.34549,46.895012,917.0192871
Clearwater Energy Project 1A,-106.419998,46.905273,898.4450684
Clearwater Energy Project 1A,-106.449112,46.743469,928.272522
Clearwater Energy Project 1A,-106.423126,46.902107,900.5396729
Clearwater Energy Project 1A,-106.389015,46.838863,935.6583252
Clearwater Energy Project 1A,-106.427551,46.81329,965.5657959
Clearwater Energy Project 1A,-106.43309,46.926163,878.7664795
Clearwater Energy Project 1A,-106.429283,46.732727,937.0233765
Clearwater Energy Project 1A,-106.400787,46.881802,885.9276123
Clearwater Energy Project 1A,-106.329712,46.821617,934.0852661
Clearwater Energy Project 1A,-106.386391,46.785942,926.1725464
Clearwater Energy Project 1A,-106.450859,46.893482,906.8674316
Clearwater Energy Project 1A,-106.375488,46.748001,934.8739014
Clearwater Energy Project 1A,-106.418892,46.795273,942.0888672
Clearwater Energy Project 1A,-106.445114,46.805019,951.5777588
Clearwater Energy Project 1A,-106.420166,46.739788,950.1243896
Clearwater Energy Project 1A,-106.365471,46.836277,938.9502563
Clearwater Energy Project 1A,-106.452675,46.791664,969.0773315
Clearwater Energy Project 1A,-106.455086,46.796989,961.479126
Clearwater Energy Project 1A,-106.394409,46.836697,939.34198
Clearwater Energy Project 1A,-106.42749,46.770851,938.9371948
Clearwater Energy Project 1A,-106.412544,46.742138,941.1802979
Clearwater Energy Project 1A,-106.402603,46.795555,941.9447632
Clearwater Energy Project 1A,-106.338478,46.898006,915.2938843
Clearwater Energy Project 1A,-106.402588,46.828545,929.1522217
Clearwater Energy Project 1A,-106.42852,46.78056,946.8533936
Clearwater Energy Project 1A,-106.400337,46.747963,945.6706543
Clearwater Energy Project 1A,-106.443184,46.782066,972.6297607
Clearwater Energy Project 1A,-106.407387,46.746162,936.121582
Clearwater Energy Project 1A,-106.43013,46.8727,907.6771851
Clearwater Energy Project 1A,-106.353584,46.825546,941.4770508
Clearwater Energy Project 1A,-106.452446,46.761951,962.0704346
Clearwater Energy Project 1A,-106.368942,46.867775,894.7157593
Clearwater Energy Project 1A,-106.470871,46.788624,959.5910034
Clearwater Energy Project 1A,-106.35759,46.890373,884.7466431
Clearwater Energy Project 1A,-106.436188,46.919952,889.9282227
Clearwater Energy Project 1A,-106.357048,46.856239,905.967041
Clearwater Energy Project 1A,-106.350685,46.914143,889.4411621
Clearwater Energy Project 1A,-106.460228,46.789074,969.428894
Clearwater Energy Project 1A,-106.411438,46.847672,939.4547119
Clearwater Energy Project 1A,-106.430893,46.828171,944.1696777
Clearwater Energy Project 1A,-106.371704,46.864407,898.6984253
Clearwater Energy Project 1A,-106.388702,46.889851,877.579834
Clearwater Energy Project 1A,-106.429367,46.900127,908.4558716
Clearwater Energy Project 1A,-106.329391,46.917084,893.5620117
Clearwater Energy Project 1A,-106.364372,46.870438,890.9224854
Clearwater Energy Project 1A,-106.364487,46.901772,873.0203247
Clearwater Energy Project 1A,-106.423332,46.801228,955.1418457
Clearwater Energy Project 1A,-106.407646,46.866798,921.765564
Clearwater Energy Project 1A,-106.323288,46.919262,890.5274048
Clearwater Energy Project 1A,-106.42569,46.876595,908.4251709
Clearwater Energy Project 1A,-106.447891,46.905571,871.3873901
Clearwater Energy Project 1A,-106.445297,46.746956,936.4985352
Clearwater Energy Project 1A,-106.358986,46.839893,918.1884766
Clearwater Energy Project 1A,-106.45076,46.738277,923.0623779
Clearwater Energy Project 1A,-106.407364,46.878082,902.3910522
Clearwater Energy Project 1A,-106.366989,46.85363,911.3272095
Clearwater Energy Project 1A,-106.387985,46.760921,914.4370728
Clearwater Energy Project 1A,-106.429741,46.832809,952.2692871
Clearwater Energy Project 1A,-106.448906,46.801311,954.2488403
Clearwater Energy Project 1A,-106.377228,46.829418,934.7192383
Clearwater Energy Project 1A,-106.422783,46.805336,955.8210449
Clearwater Energy Project 1A,-106.470291,46.779346,973.0680542
Clearwater Energy Project 1A,-106.428665,46.823189,959.8999634
Clearwater Energy Project 1A,-106.393883,46.885799,887.0372925
Clearwater Energy Project 1A,-106.349289,46.830273,925.9301147
Clearwater Energy Project 1A,-106.384384,46.841579,930.0124512
Clearwater Energy Project 1A,-106.435211,46.910942,907.9306641
Clearwater Energy Project 1A,-106.460785,46.914982,882.5877686
Clearwater Energy Project 1A,-106.41169,46.852642,937.4505615
Clearwater Energy Project 1A,-106.458908,46.760029,941.9633179
Clearwater Energy Project 1A,-106.430046,46.797009,937.3589478
Clearwater Energy Project 1A,-106.320282,46.833469,926.1328735
Clearwater Energy Project 1A,-106.464226,46.757721,937.2349243
Clearwater Energy Project 1A,-106.434143,46.886238,904.326355
Clearwater Energy Project 1A,-106.396591,46.755062,930.6889648
Clearwater Energy Project 1A,-106.35334,46.820454,937.9815674
Clearwater Energy Project 1A,-106.427719,46.737049,935.7792358
Clearwater Energy Project 1A,-106.448082,46.779274,957.704895
Clearwater Energy Project 1A,-106.409416,46.80566,953.411499
Clearwater Energy Project 1A,-106.406044,46.871403,913.2299805
Clearwater Energy Project 1A,-106.42247,46.840775,942.5938721
Clearwater Energy Project 1A,-106.350685,46.85881,885.6055908
Clearwater Wind East,-106.052399,46.837608,874.0385132
Clearwater Wind East,-105.992569,46.828392,906.0697632
Clearwater Wind East,-106.03994,46.776608,955.6130981
Clearwater Wind East,-106.074318,46.776138,953.9089355
Clearwater Wind East,-105.914642,46.840557,939.005188
Clearwater Wind East,-105.936859,46.816002,973.0654907
Clearwater Wind East,-106.028458,46.794964,978.2330322
Clearwater Wind East,-106.010239,46.786957,940.7583618
Clearwater Wind East,-105.901588,46.847969,937.0048828
Clearwater Wind East,-105.991562,46.809814,900.5692749
Clearwater Wind East,-106.037598,46.780376,962.6767578
Clearwater Wind East,-105.993378,46.838856,893.2793579
Clearwater Wind East,-106.044121,46.833149,885.8892212
Clearwater Wind East,-106.036118,46.765118,939.7058716
Clearwater Wind East,-106.03968,46.827,893.8388062
Clearwater Wind East,-106.050652,46.800476,963.0617676
Clearwater Wind East,-106.015335,46.78511,948.5409546
Clearwater Wind East,-105.972198,46.842243,924.7871094
Clearwater Wind East,-105.913277,46.824989,948.1449585
Clearwater Wind East,-106.001518,46.808105,902.5142822
Clearwater Wind East,-106.054459,46.822926,902.8236084
Clearwater Wind East,-106.042747,46.823299,899.211853
Clearwater Wind East,-106.036118,46.769997,946.0405273
Clearwater Wind East,-105.962288,46.82391,932.701355
Clearwater Wind East,-105.99984,46.785828,942.2698975
Clearwater Wind East,-106.063675,46.826248,907.1118164
Clearwater Wind East,-106.052055,46.791313,950.3779297
Clearwater Wind East,-106.045181,46.838017,884.2371826
Clearwater Wind East,-106.033859,46.783539,968.2165527
Clearwater Wind East,-105.893867,46.838146,909.029541
Clearwater Wind East,-105.947311,46.81358,945.9117432
Clearwater Wind East,-106.033859,46.800571,967.649353
Clearwater Wind East,-105.914391,46.834011,934.3510742
Clearwater Wind East,-106.007217,46.80093,931.2103882
Clearwater Wind East,-105.951408,46.830898,931.5385132
Clearwater Wind East,-106.052376,46.796333,957.2348633
Clearwater Wind East,-105.984215,46.851044,924.8070068
Clearwater Wind East,-105.964798,46.835152,933.043335
Clearwater Wind East,-106.055389,46.834705,889.0408325
Clearwater Wind East,-106.104805,46.755241,932.517395
Clearwater Wind East,-105.983887,46.827492,904.2997437
Clearwater Wind East,-105.964699,46.811234,926.7364502
Clearwater Wind East,-106.054321,46.827305,898.0512085
Clearwater Wind East,-105.910728,46.843952,935.8163452
Clearwater Wind East,-105.894119,46.843231,912.2225342
Clearwater Wind East,-105.894417,46.833771,902.0633545
Clearwater Wind East,-106.068329,46.778221,946.3720093
Clearwater Wind East,-106.041008,46.801159,956.977417
Clearwater Wind East,-106.006088,46.796223,955.2926636
Clearwater Wind East,-106.004829,46.804321,933.6522217
Clearwater Wind East,-106.050179,46.808983,973.1737671
Clearwater Wind East,-106.0578,46.852264,889.6177368
Clearwater Wind East,-105.999847,46.780727,932.241272
Clearwater Wind East,-105.898239,46.829258,908.4736938
Clearwater Wind East,-106.01635,46.795677,955.404541
Clearwater Wind East,-105.974365,46.820763,939.4395142
Clearwater Wind East,-106.053658,46.81588,927.3682861
Clearwater Wind East,-106.04483,46.820248,900.9037476
Clearwater Wind East,-106.105492,46.764278,935.3009644
Clearwater Wind East,-105.99321,46.858261,924.0464478
Clearwater Wind East,-106.05275,46.853825,886.6885986
Clearwater Wind East,-106.006935,46.85347,892.7437744
Clearwater Wind East,-105.991318,46.832882,907.4810181
Clearwater Wind East,-106.061729,46.782829,942.4840698
Clearwater Wind East,-106.067245,46.858402,891.0015259
Clearwater Wind East,-105.95578,46.812569,948.4436035
Clearwater Wind East,-106.108887,46.747353,925.7306519
Clearwater Wind East,-105.99894,46.851181,901.1240234
Clearwater Wind East,-106.031082,46.786804,973.1097412
Clearwater Wind East,-106.029449,46.790741,973.8812866
Clearwater Wind East,-106.058121,46.786652,944.4616089
Clearwater Wind East,-105.908501,46.84903,942.1175537
Clearwater Wind East,-105.917992,46.830063,941.6289063
Clearwater Wind East,-106.050941,46.804974,970.4452515
Clearwater Wind II,-106.181519,46.814175,910.0784912
Clearwater Wind II,-106.170647,46.77533,924.4580688
Clearwater Wind II,-106.213852,46.778954,906.6220093
Clearwater Wind II,-106.216499,46.82946,899.7528687
Clearwater Wind II,-106.234695,46.811554,927.3939209
Clearwater Wind II,-106.170677,46.786003,925.1260376
Clearwater Wind II,-106.227478,46.804268,926.2960205
Clearwater Wind II,-106.172958,46.770508,915.9919434
Clearwater Wind II,-106.220207,46.821964,927.4452515
Clearwater Wind II,-106.166969,46.753532,906.6860962
Clearwater Wind II,-106.1959,46.826118,920.8781128
Clearwater Wind II,-106.224236,46.798931,928.2355347
Clearwater Wind II,-106.2164,46.764038,901.0418701
Clearwater Wind II,-106.22361,46.770679,889.8045044
Clearwater Wind II,-106.15976,46.812916,922.5639648
Clearwater Wind II,-106.215118,46.792347,914.4616699
Clearwater Wind II,-106.196136,46.820995,937.3015747
Clearwater Wind II,-106.179169,46.818539,922.038208
Clearwater Wind II,-106.219307,46.826366,931.1347656
Clearwater Wind II,-106.204498,46.833611,896.4247437
Clearwater Wind II,-106.195068,46.81488,927.3432617
Clearwater Wind II,-106.206696,46.853813,879.8657227
Clearwater Wind II,-106.195549,46.810013,912.0999146
Clearwater Wind II,-106.200409,46.836277,909.6862793
Clearwater Wind II,-106.165932,46.801655,924.8391113
Clearwater Wind II,-106.167236,46.796494,926.255249
Clearwater Wind II,-106.202576,46.78524,894.7108154
Clearwater Wind II,-106.218971,46.757385,886.2374878
Clearwater Wind II,-106.16861,46.779472,926.0133057
Clearwater Wind II,-106.230026,46.815037,922.4750366
Clearwater Wind II,-106.204956,46.842491,897.00354
Clearwater Wind II,-106.225098,46.819241,931.354126
Clearwater Wind II,-106.202271,46.847691,887.2304688
Clearwater Wind II,-106.170578,46.750782,908.612793
Clearwater Wind II,-106.171822,46.76405,911.9718018
Clearwater Wind II,-106.161118,46.809135,934.437439
Clearwater Wind III,-106.252579,46.840816,916.1582031
Clearwater Wind III,-106.283028,46.776985,923.7591553
Clearwater Wind III,-106.265007,46.821194,908.7614136
Clearwater Wind III,-106.31739,46.806015,932.3195801
Clearwater Wind III,-106.258438,46.793663,887.3510742
Clearwater Wind III,-106.299255,46.834354,933.7615967
Clearwater Wind III,-106.264702,46.82576,918.5125122
Clearwater Wind III,-106.307892,46.812939,907.8835449
Clearwater Wind III,-106.257957,46.83667,921.9552612
Clearwater Wind III,-106.237091,46.833233,927.3946533
Clearwater Wind III,-106.243912,46.809223,906.9358521
Clearwater Wind III,-106.301338,46.8442,934.5092773
Clearwater Wind III,-106.330368,46.850979,904.8573608
Clearwater Wind III,-106.308075,46.806526,913.9735107
Clearwater Wind III,-106.31089,46.843849,932.0378418
Clearwater Wind III,-106.329521,46.809734,932.7264404
Clearwater Wind III,-106.31781,46.837273,924.9237671
Clearwater Wind III,-106.252571,46.800613,893.9768066
Clearwater Wind III,-106.264191,46.835304,922.0297241
Clearwater Wind III,-106.261429,46.830467,913.5439453
Clearwater Wind III,-106.240112,46.828819,919.2348022
Clearwater Wind III,-106.317429,46.841282,925.838501
Clearwater Wind III,-106.295357,46.837124,933.288208
Clearwater Wind III,-106.237129,46.837578,907.5762329
Clearwater Wind III,-106.278519,46.780098,900.1608887
Clearwater Wind III,-106.281006,46.841751,918.8497314
Clearwater Wind III,-106.315269,46.850964,925.4865723
Clearwater Wind III,-106.290451,46.822941,931.9740601
Clearwater Wind III,-106.287598,46.826981,924.6616821
Clearwater Wind III,-106.256798,46.79821,900.1552124
Clearwater Wind III,-106.292366,46.819302,912.2224731
Clearwater Wind III,-106.353081,46.876789,868.9317627
Clearwater Wind III,-106.283989,46.837261,920.9130249
Clearwater Wind III,-106.348167,46.878235,878.1856689
Clearwater Wind III,-106.243835,46.804688,898.7476807
Clearwater Wind III,-106.329391,46.81501,947.6786499
Coachella Hills,-116.576729,33.893173,243.0549469
Coachella Hills,-116.563179,33.895363,222.2455444
Coachella Hills,-116.569565,33.891884,231.9624634
Coachella Hills,-116.569199,33.898407,233.9898834
Coachella Hills,-116.577431,33.890396,243.2548676
Coachella Hills,-116.563034,33.896824,223.6955414
Coachella Hills,-116.569016,33.894695,232.0271301
Coachella Hills,-116.568672,33.899841,233.5983124
Coachella Hills,-116.564034,33.890987,223.280899
Coachella Hills,-116.563042,33.898544,224.6678619
Coachella Hills,-116.574745,33.8988,241.936142
Coachella Hills,-116.563377,33.89389,222.392746
Coachella Hills,-116.563667,33.892403,222.7608643
Coachella Hills,-116.569084,33.896309,232.5079346
Coachella Hills,-116.569221,33.89325,232.0465698
Coachella Hills,-116.577049,33.891804,243.4132996
Coastal Energy,-124.066582,46.793896,122.1055832
Coastal Energy,-124.068687,46.794094,115.4812241
Coastal Energy,-124.062088,46.791294,122.2893906
Coastal Energy,-124.064682,46.792496,119.8115005
Cold Springs,-115.438286,43.061893,988.6328735
Cold Springs,-115.414085,43.043594,975.0307617
Cold Springs,-115.498184,43.026295,959.1231079
Cold Springs,-115.444183,43.002594,951.8019409
Cold Springs,-115.389488,43.027695,964.0820923
Cold Springs,-115.404587,43.052296,986.3585815
Cold Springs,-115.408188,43.023293,949.7868652
Cold Springs,-115.458786,43.015095,956.1472778
Cold Springs,-115.459084,43.050293,975.2803345
Cold Springs,-115.414787,43.041492,972.7182007
Cold Springs,-115.416985,43.037792,969.3455811
Cold Springs,-115.442886,43.030792,962.6464233
Cold Springs,-115.46019,43.010895,956.0762329
Cold Springs,-115.443291,43.004696,951.3893433
Cold Springs,-115.415886,43.039593,970.4671631
Cold Springs,-115.498688,43.023792,959.6253052
Cold Springs,-115.442085,43.032795,964.7644653
Cold Springs,-115.412888,43.048294,980.9423218
Cold Springs,-115.48259,43.033794,959.8926392
Cold Springs,-115.405586,43.046993,978.5481567
Cold Springs,-115.405289,43.050194,983.4899902
Cold Springs,-115.481285,43.038593,963.9383545
Cold Springs,-115.438484,43.039192,964.0070801
Cold Springs,-115.44339,43.006992,951.7811279
Cold Springs,-115.451988,43.056595,982.8036499
Cold Springs,-115.483986,43.026196,955.3921509
Cold Springs,-115.39119,43.025894,962.5233765
Cold Springs,-115.483185,43.031494,958.3769531
Cold Springs,-115.437988,43.064095,989.9590454
Cold Springs,-115.440788,43.034492,966.168335
Cold Springs,-115.49749,43.028793,958.0934448
Cold Springs,-115.484184,43.029293,956.7808838
Cold Springs,-115.419785,43.017296,946.6004639
Cold Springs,-115.459389,43.012894,955.7615967
Cold Springs,-115.442688,43.009193,951.737915
Cold Springs,-115.447289,43.059395,984.5673828
Cold Springs,-115.463287,43.006096,954.2972412
Cold Springs,-115.437485,43.041393,969.6834717
Cold Springs,-115.444489,43.028294,961.8528442
Cold Springs,-115.456787,43.054993,981.5772095
Cold Springs,-115.436485,43.044094,973.0797119
Cold Springs,-115.402786,43.026394,954.6559448
Cold Springs,-115.481888,43.036293,962.4914551
Cold Springs,-115.40049,43.028095,957.5595703
Cold Springs,-115.410088,43.021694,947.1680298
Cold Springs,-115.412987,43.046093,977.7614136
Cold Springs,-115.458183,43.052494,978.5836182
Cold Springs,-115.443588,43.025894,960.177002
Cold Springs,-115.496986,43.031193,960.0163574
Cold Springs,-115.436485,43.046093,974.5213623
Cold Springs,-115.38829,43.030792,966.1682129
Cold Springs,-115.437286,43.066692,992.2122803
Cold Springs,-115.41909,43.019295,945.3242188
Cold Springs,-115.461189,43.045895,971.2836304
Cold Springs,-115.41629,43.021393,950.7572021
Cold Springs,-115.464386,43.004192,953.7731323
Cold Springs,-115.459488,43.048096,973.475769
Cold Springs,-115.43969,43.037193,964.453186
Cold Springs,-115.46209,43.008095,955.684021
Cold Springs,-115.403885,43.054493,989.5001831
Colorado Green Wind Project (Lamar),-102.699287,37.674393,1377.300903
Colorado Green Wind Project (Lamar),-102.645882,37.671032,1357.452881
Colorado Green Wind Project (Lamar),-102.558212,37.723755,1310.397949
Colorado Green Wind Project (Lamar),-102.588966,37.714588,1334.045654
Colorado Green Wind Project (Lamar),-102.611938,37.715614,1342.746094
Colorado Green Wind Project (Lamar),-102.640602,37.671032,1355.543335
Colorado Green Wind Project (Lamar),-102.670128,37.685921,1354.861084
Colorado Green Wind Project (Lamar),-102.688103,37.674419,1370.029297
Colorado Green Wind Project (Lamar),-102.598183,37.714474,1337.4729
Colorado Green Wind Project (Lamar),-102.623024,37.715614,1343.210938
Colorado Green Wind Project (Lamar),-102.653801,37.671032,1360.046021
Colorado Green Wind Project (Lamar),-102.6306,37.719585,1337.971191
Colorado Green Wind Project (Lamar),-102.560959,37.723755,1310.631226
Colorado Green Wind Project (Lamar),-102.571686,37.723225,1317.810059
Colorado Green Wind Project (Lamar),-102.614716,37.715614,1343.832153
Colorado Green Wind Project (Lamar),-102.707634,37.686352,1373.780151
Colorado Green Wind Project (Lamar),-102.645325,37.700565,1347.541748
Colorado Green Wind Project (Lamar),-102.569046,37.723225,1316.492676
Colorado Green Wind Project (Lamar),-102.643242,37.671032,1356.760986
Colorado Green Wind Project (Lamar),-102.689445,37.685539,1361.429688
Colorado Green Wind Project (Lamar),-102.579163,37.708336,1325.086792
Colorado Green Wind Project (Lamar),-102.651604,37.69931,1351.473877
Colorado Green Wind Project (Lamar),-102.704803,37.674458,1378.88562
Colorado Green Wind Project (Lamar),-102.600792,37.737595,1325.352905
Colorado Green Wind Project (Lamar),-102.552742,37.723755,1306.328857
Colorado Green Wind Project (Lamar),-102.585938,37.725422,1328.779419
Colorado Green Wind Project (Lamar),-102.555489,37.723755,1309.008911
Colorado Green Wind Project (Lamar),-102.636436,37.674171,1351.214111
Colorado Green Wind Project (Lamar),-102.655411,37.693115,1355.070557
Colorado Green Wind Project (Lamar),-102.563683,37.723755,1312.43042
Colorado Green Wind Project (Lamar),-102.566406,37.723225,1315.25769
Colorado Green Wind Project (Lamar),-102.713402,37.686356,1380.337158
Colorado Green Wind Project (Lamar),-102.594574,37.725422,1336.553467
Colorado Green Wind Project (Lamar),-102.72258,37.687588,1388.190308
Colorado Green Wind Project (Lamar),-102.696487,37.674393,1375.776123
Colorado Green Wind Project (Lamar),-102.589767,37.737587,1322.80896
Colorado Green Wind Project (Lamar),-102.695053,37.684891,1369.160767
Colorado Green Wind Project (Lamar),-102.609184,37.715614,1342.144287
Colorado Green Wind Project (Lamar),-102.617493,37.715614,1344.069824
Colorado Green Wind Project (Lamar),-102.675888,37.671093,1368.993164
Colorado Green Wind Project (Lamar),-102.693687,37.674393,1374.623535
Colorado Green Wind Project (Lamar),-102.656433,37.671032,1358.867188
Colorado Green Wind Project (Lamar),-102.597687,37.737587,1323.347534
Colorado Green Wind Project (Lamar),-102.68129,37.671093,1366.950439
Colorado Green Wind Project (Lamar),-102.59243,37.737591,1320.34021
Colorado Green Wind Project (Lamar),-102.710335,37.686367,1378.282104
Colorado Green Wind Project (Lamar),-102.630684,37.702808,1347.050415
Colorado Green Wind Project (Lamar),-102.725891,37.687595,1388.921875
Colorado Green Wind Project (Lamar),-102.5951,37.714474,1335.260986
Colorado Green Wind Project (Lamar),-102.631493,37.713192,1338.920288
Colorado Green Wind Project (Lamar),-102.625244,37.702808,1343.012817
Colorado Green Wind Project (Lamar),-102.678589,37.671093,1370.077026
Colorado Green Wind Project (Lamar),-102.692276,37.685474,1364.164307
Colorado Green Wind Project (Lamar),-102.604576,37.70092,1326.863037
Colorado Green Wind Project (Lamar),-102.62249,37.702808,1339.389648
Colorado Green Wind Project (Lamar),-102.707611,37.674458,1378.67981
Colorado Green Wind Project (Lamar),-102.59169,37.725422,1333.680664
Colorado Green Wind Project (Lamar),-102.582245,37.723225,1326.542969
Colorado Green Wind Project (Lamar),-102.716476,37.686356,1384.871582
Colorado Green Wind Project (Lamar),-102.600693,37.725395,1338.060425
Colorado Green Wind Project (Lamar),-102.585884,37.714474,1331.697388
Colorado Green Wind Project (Lamar),-102.595047,37.737587,1321.582886
Colorado Green Wind Project (Lamar),-102.597435,37.725422,1337.507935
Colorado Green Wind Project (Lamar),-102.659767,37.685921,1352.901733
Colorado Green Wind Project (Lamar),-102.652328,37.693115,1351.846436
Colorado Green Wind Project (Lamar),-102.657051,37.685921,1351.142822
Colorado Green Wind Project (Lamar),-102.648521,37.671032,1358.813477
Colorado Green Wind Project (Lamar),-102.574326,37.723225,1319.458618
Colorado Green Wind Project (Lamar),-102.624489,37.671795,1349.068237
Colorado Green Wind Project (Lamar),-102.702087,37.674393,1376.639771
Colorado Green Wind Project (Lamar),-102.583206,37.708336,1326.523804
Colorado Green Wind Project (Lamar),-102.633438,37.702808,1346.487183
Colorado Green Wind Project (Lamar),-102.639488,37.700596,1348.991455
Colorado Green Wind Project (Lamar),-102.69091,37.674419,1370.13501
Colorado Green Wind Project (Lamar),-102.729195,37.687595,1389.362427
Colorado Green Wind Project (Lamar),-102.627968,37.702808,1345.438354
Colorado Green Wind Project (Lamar),-102.627159,37.671753,1350.36084
Colorado Green Wind Project (Lamar),-102.626572,37.718224,1345.107056
Colorado Green Wind Project (Lamar),-102.651161,37.671032,1358.079834
Colorado Green Wind Project (Lamar),-102.648659,37.69931,1351.304565
Colorado Green Wind Project (Lamar),-102.672829,37.685921,1350.994263
Colorado Green Wind Project (Lamar),-102.584496,37.737587,1317.006714
Colorado Green Wind Project (Lamar),-102.620239,37.715614,1345.080566
Colorado Green Wind Project (Lamar),-102.634628,37.714504,1338.675293
Colorado Green Wind Project (Lamar),-102.576965,37.723225,1322.150024
Colorado Green Wind Project (Lamar),-102.628685,37.709919,1345.813599
Colorado Green Wind Project (Lamar),-102.642387,37.700596,1348.346802
Colorado Green Wind Project (Lamar),-102.579605,37.723225,1323.609863
Colorado Green Wind Project (Lamar),-102.710388,37.674458,1377.977539
Colorado Green Wind Project (Lamar),-102.704994,37.686382,1376.388428
Colorado Green Wind Project (Lamar),-102.633713,37.674171,1352.444092
Colorado Green Wind Project (Lamar),-102.587128,37.737587,1320.678833
Colorado Green Wind Project (Lamar),-102.685326,37.674419,1369.542725
Colorado Green Wind Project (Lamar),-102.601273,37.714474,1339.986572
Colorado Green Wind Project (Lamar),-102.606407,37.715614,1342.631104
Colorado Green Wind Project (Lamar),-102.588829,37.725422,1331.224976
Colorado Green Wind Project (Lamar),-102.719604,37.686359,1387.221924
Colorado Green Wind Project (Lamar),-102.714806,37.675201,1380.167603
Colorado Green Wind Project (Lamar),-102.630989,37.674171,1348.314697
Colorado Green Wind Project (Lamar),-102.6073,37.700916,1331.092896
Colorado Green Wind Project (Lamar),-102.575859,37.70686,1330.997192
Colorado Highlands,-102.73719,40.720394,1260.937012
Colorado Highlands,-102.78009,40.742794,1273.983032
Colorado Highlands,-102.764793,40.726894,1267.69458
Colorado Highlands,-102.741386,40.761494,1265.242432
Colorado Highlands,-102.74649,40.740093,1266.76416
Colorado Highlands,-102.758392,40.720291,1268.233887
Colorado Highlands,-102.750687,40.720291,1264.407593
Colorado Highlands,-102.759789,40.743492,1271.26355
Colorado Highlands,-102.730492,40.742294,1254.066528
Colorado Highlands,-102.790291,40.738495,1267.552124
Colorado Highlands,-102.734291,40.730595,1264.075928
Colorado Highlands,-102.730087,40.723892,1263.779297
Colorado Highlands,-102.786087,40.742393,1265.256104
Colorado Highlands,-102.778793,40.720394,1275.128296
Colorado Highlands,-102.781891,40.754494,1269.692139
Colorado Highlands,-102.804291,40.751194,1265.42041
Colorado Highlands,-102.732689,40.754993,1257.67749
Colorado Highlands,-102.762192,40.730892,1268.963013
Colorado Highlands,-102.777786,40.746994,1282.398804
Colorado Highlands,-102.736588,40.751492,1262.616699
Colorado Highlands,-102.737389,40.771793,1263.34375
Colorado Highlands,-102.76609,40.738792,1268.999512
Colorado Highlands,-102.732193,40.760693,1259.526733
Colorado Highlands,-102.760689,40.750694,1270.374878
Colorado Highlands,-102.801987,40.724995,1284.491699
Colorado Highlands,-102.740387,40.741295,1266.0802
Colorado Highlands,-102.785187,40.724693,1276.195068
Colorado Highlands,-102.743294,40.757294,1274.373657
Colorado Highlands,-102.770592,40.745293,1270.999634
Colorado Highlands,-102.789291,40.721893,1275.084106
Colorado Highlands,-102.765892,40.748295,1276.535522
Colorado Highlands,-102.746094,40.746792,1269.318726
Colorado Highlands,-102.773293,40.725891,1277.961914
Colorado Highlands,-102.771187,40.753994,1277.940552
Colorado Highlands,-102.738289,40.726292,1262.318115
Colorado Highlands,-102.782593,40.735992,1280.533569
Colorado Highlands,-102.74559,40.721394,1271.725098
Colorado Highlands,-102.740387,40.767895,1261.201294
Colorado Highlands,-102.796494,40.736492,1270.40686
Colorado Highlands,-102.762192,40.756592,1268.787598
Colorado Highlands,-102.800087,40.745293,1275.40332
Colorado Highlands,-102.73999,40.746693,1261.029541
Colorado Highlands,-102.775192,40.751194,1283.092529
Colorado Highlands,-102.804893,40.743793,1268.726563
Colorado Highlands,-102.764793,40.720192,1270.186646
Colorado Highlands,-102.796188,40.725193,1280.294189
Colorado Highlands,-102.731194,40.736893,1263.157959
Colorado Highlands,-102.752289,40.745693,1261.882202
Colorado Highlands,-102.729988,40.765594,1262.864502
Colorado Highlands,-102.754593,40.728294,1268.952026
Colorado Highlands,-102.750793,40.737892,1271.297974
Colorado Highlands,-102.779793,40.726791,1275.700073
Colorado Highlands,-102.786087,40.751793,1277.643799
Colorado Highlands,-102.805092,40.721294,1284.297852
Colorado Highlands,-102.758392,40.737595,1270.772217
Colorado Highlands,-102.726593,40.768993,1269.536133
Combine Hills I,-118.58139,45.928215,498.9959106
Combine Hills I,-118.631783,45.963493,340.6979675
Combine Hills I,-118.515984,45.923714,430.7418213
Combine Hills I,-118.566078,45.94434,417.3858948
Combine Hills I,-118.513763,45.918713,474.411499
Combine Hills I,-118.627884,45.957993,350.3941345
Combine Hills I,-118.588058,45.931183,465.8323364
Combine Hills I,-118.619034,45.946861,414.0612793
Combine Hills I,-118.511185,45.917126,494.9120789
Combine Hills I,-118.629784,45.960793,338.7572021
Combine Hills I,-118.509964,45.916256,493.5768738
Combine Hills I,-118.569145,45.947514,398.2730103
Combine Hills I,-118.581795,45.939674,432.6071167
Combine Hills I,-118.587936,45.941036,396.4381714
Combine Hills I,-118.586746,45.940266,401.8441467
Combine Hills I,-118.628983,45.959496,345.0967712
Combine Hills I,-118.626686,45.956444,363.4371338
Combine Hills I,-118.567108,45.945148,417.252594
Combine Hills I,-118.62014,45.948128,413.2227783
Combine Hills I,-118.584793,45.929184,485.7967834
Combine Hills I,-118.632919,45.964951,352.1195679
Combine Hills I,-118.590385,45.942394,399.3938599
Combine Hills I,-118.586906,45.930542,479.0045166
Combine Hills I,-118.58017,45.927643,520.8730469
Combine Hills I,-118.589119,45.931828,454.3047485
Combine Hills I,-118.591827,45.94276,402.324585
Combine Hills I,-118.514999,45.919605,453.3792114
Combine Hills I,-118.512489,45.917889,486.803009
Combine Hills I,-118.625084,45.952496,393.0076294
Combine Hills I,-118.578865,45.927189,546.0541382
Combine Hills I,-118.622108,45.950665,402.8263245
Combine Hills I,-118.585548,45.939568,406.6231384
Combine Hills I,-118.623779,45.951412,390.6940308
Combine Hills I,-118.568123,45.946274,409.6343079
Combine Hills I,-118.589188,45.941692,400.1655579
Combine Hills I,-118.634186,45.965694,345.6227112
Combine Hills I,-118.583801,45.928516,495.4574585
Combine Hills I,-118.580238,45.938915,435.6376038
Combine Hills I,-118.515556,45.921494,432.4537048
Combine Hills I,-118.585754,45.929951,482.6885681
Combine Hills I,-118.621078,45.949409,410.6095276
Combine Hills II,-118.576782,45.937893,425.5984192
Combine Hills II,-118.558685,45.949394,370.3171692
Combine Hills II,-118.644386,45.949795,396.6930847
Combine Hills II,-118.551384,45.941296,446.4963074
Combine Hills II,-118.653687,45.958195,365.1237183
Combine Hills II,-118.594086,45.944996,407.980835
Combine Hills II,-118.592484,45.944595,406.3531799
Combine Hills II,-118.653084,45.956196,361.0947571
Combine Hills II,-118.575485,45.937096,432.0159607
Combine Hills II,-118.582184,45.947594,396.9446106
Combine Hills II,-118.553284,45.943195,435.8947449
Combine Hills II,-118.525383,45.920395,408.1190186
Combine Hills II,-118.647682,45.946594,414.8555298
Combine Hills II,-118.557686,45.948193,374.0657654
Combine Hills II,-118.572586,45.935894,434.4592285
Combine Hills II,-118.654488,45.959694,356.7719727
Combine Hills II,-118.574089,45.936493,433.7411804
Combine Hills II,-118.59549,45.949493,395.3597107
Combine Hills II,-118.597282,45.952293,392.1846008
Combine Hills II,-118.554184,45.944195,418.8215027
Combine Hills II,-118.592987,45.947796,392.5658569
Combine Hills II,-118.660286,45.963894,317.0005188
Combine Hills II,-118.651787,45.954895,363.065155
Combine Hills II,-118.597687,45.954395,384.903717
Combine Hills II,-118.559608,45.950508,366.9561462
Combine Hills II,-118.649384,45.952595,381.2568665
Combine Hills II,-118.655083,45.961693,361.2254639
Combine Hills II,-118.646988,45.950394,411.0117188
Combine Hills II,-118.637283,45.969093,309.2801514
Combine Hills II,-118.541283,45.931892,451.020874
Combine Hills II,-118.560883,45.953194,369.8269653
Combine Hills II,-118.52755,45.922977,394.2642517
Combine Hills II,-118.552483,45.942196,442.6875305
Combine Hills II,-118.656288,45.962593,346.9672546
Combine Hills II,-118.635384,45.966595,339.3038635
Combine Hills II,-118.583084,45.949493,370.9200745
Combine Hills II,-118.648087,45.951393,400.5488586
Combine Hills II,-118.548889,45.936493,452.3681641
Combine Hills II,-118.593987,45.948994,390.5553894
Combine Hills II,-118.636482,45.967995,326.2492371
Combine Hills II,-118.638283,45.970493,299.5262146
Combine Hills II,-118.547783,45.935696,454.5140686
Combine Hills II,-118.65049,45.953793,363.2278748
Combine Hills II,-118.580788,45.946495,401.6047363
Combine Hills II,-118.528488,45.924294,382.6022644
Combine Hills II,-118.526489,45.921795,392.9313965
Combine Hills II,-118.544083,45.933292,436.7024231
Combine Hills II,-118.550285,45.940094,449.61026
Combine Hills II,-118.546585,45.934895,452.7905273
Combine Hills II,-118.66169,45.964294,312.743103
Combine Hills II,-118.597183,45.950195,394.4197083
Combine Hills II,-118.560219,45.951897,366.2643433
Combine Hills II,-118.542587,45.932594,448.6036682
Combine Hills II,-118.524185,45.919094,421.2720337
Combine Hills II,-118.658989,45.963593,323.6304626
Combine Hills II,-118.555389,45.945095,400.8238525
Combine Hills II,-118.563286,45.955193,350.4379883
Combine Hills II,-118.556183,45.945995,391.0043335
Combine Hills II,-118.549683,45.938194,458.6249695
Combine Hills II,-118.570984,45.935593,428.270813
Combine Hills II,-118.657486,45.963093,336.0702209
Combine Hills II,-118.56189,45.954395,359.5846558
Combine Hills II,-118.545387,45.934093,443.0526428
"Condon Wind Project, phase I",-120.273384,45.249992,970.479248
"Condon Wind Project, phase I",-120.244476,45.231968,930.3433228
"Condon Wind Project, phase I",-120.272888,45.269794,940.4049683
"Condon Wind Project, phase I",-120.281982,45.248695,992.8317261
"Condon Wind Project, phase I",-120.282486,45.282696,908.6699219
"Condon Wind Project, phase I",-120.255531,45.227207,932.5419922
"Condon Wind Project, phase I",-120.292488,45.243893,988.6672974
"Condon Wind Project, phase I",-120.256218,45.233505,921.3964844
"Condon Wind Project, phase I",-120.242958,45.229683,918.1477051
"Condon Wind Project, phase I",-120.244438,45.234512,924.1255493
"Condon Wind Project, phase I",-120.281487,45.247494,995.8470459
"Condon Wind Project, phase I",-120.278885,45.272694,928.4857788
"Condon Wind Project, phase I",-120.273384,45.251194,958.9949951
"Condon Wind Project, phase I",-120.272888,45.268593,941.0647583
"Condon Wind Project, phase I",-120.254684,45.226089,929.2201538
"Condon Wind Project, phase I",-120.272987,45.272392,935.4920044
"Condon Wind Project, phase I",-120.282486,45.249992,984.7478638
"Condon Wind Project, phase I",-120.279388,45.274094,922.7041016
"Condon Wind Project, phase I",-120.256187,45.230923,916.0758057
"Condon Wind Project, phase I",-120.272888,45.265995,943.1499634
"Condon Wind Project, phase I",-120.282883,45.283894,896.4451294
"Condon Wind Project, phase I",-120.279785,45.275295,918.1590576
"Condon Wind Project, phase I",-120.293182,45.245094,988.4714966
"Condon Wind Project, phase I",-120.280685,45.277695,914.2875366
"Condon Wind Project, phase I",-120.28109,45.278996,912.3641968
"Condon Wind Project, phase I",-120.254082,45.224899,922.3996582
"Condon Wind Project, phase I",-120.281982,45.281395,913.0180664
"Condon Wind Project, phase I",-120.273384,45.252495,955.1757813
"Condon Wind Project, phase I",-120.280884,45.245792,1000.337708
"Condon Wind Project, phase I",-120.256187,45.22966,924.350708
"Condon Wind Project, phase I",-120.272888,45.267296,943.031189
"Condon Wind Project, phase I",-120.272987,45.271095,939.8080444
"Condon Wind Project, phase I",-120.243866,45.23077,925.9158325
"Condon Wind Project, phase I",-120.293983,45.246193,986.0125122
"Condon Wind Project, phase I",-120.280289,45.276493,916.3233032
"Condon Wind Project, phase I",-120.256226,45.234756,930.6275635
"Condon Wind Project, phase I",-120.281586,45.280193,911.1464233
"Condon Wind Project, phase I",-120.244453,45.233276,927.2593384
"Condon Wind Project, phase I",-120.256157,45.228382,931.446228
"Condon Wind Project, phase I",-120.273384,45.248695,972.2663574
"Condon Wind Project, phase I",-120.294785,45.247395,980.5269165
"Condon Wind Project, phase II",-120.272484,45.285095,902.3925171
"Condon Wind Project, phase II",-120.255486,45.308395,869.4483032
"Condon Wind Project, phase II",-120.289055,45.296936,834.9510498
"Condon Wind Project, phase II",-120.270767,45.277611,913.7312012
"Condon Wind Project, phase II",-120.264587,45.304195,864.6868286
"Condon Wind Project, phase II",-120.289032,45.29821,824.9008789
"Condon Wind Project, phase II",-120.273987,45.297195,859.1331787
"Condon Wind Project, phase II",-120.264282,45.302895,866.2254639
"Condon Wind Project, phase II",-120.255882,45.304592,871.1012573
"Condon Wind Project, phase II",-120.274689,45.299694,845.1431274
"Condon Wind Project, phase II",-120.28653,45.286106,873.1292114
"Condon Wind Project, phase II",-120.264885,45.305492,857.9175415
"Condon Wind Project, phase II",-120.289063,45.293125,860.3895264
"Condon Wind Project, phase II",-120.28904,45.294399,856.7546997
"Condon Wind Project, phase II",-120.256485,45.298294,880.3525391
"Condon Wind Project, phase II",-120.27021,45.275112,923.4182129
"Condon Wind Project, phase II",-120.267387,45.287994,894.0606689
"Condon Wind Project, phase II",-120.265182,45.306694,844.4501343
"Condon Wind Project, phase II",-120.272186,45.283894,904.0383911
"Condon Wind Project, phase II",-120.271088,45.278893,911.3375854
"Condon Wind Project, phase II",-120.265488,45.307995,833.0792847
"Condon Wind Project, phase II",-120.288818,45.29187,862.7877197
"Condon Wind Project, phase II",-120.287979,45.289776,866.6340942
"Condon Wind Project, phase II",-120.271683,45.281395,905.9660645
"Condon Wind Project, phase II",-120.272888,45.293392,884.1080933
"Condon Wind Project, phase II",-120.274384,45.298393,853.0576782
"Condon Wind Project, phase II",-120.267784,45.289295,887.1120605
"Condon Wind Project, phase II",-120.268188,45.290493,883.0562134
"Condon Wind Project, phase II",-120.256088,45.302094,881.8280029
"Condon Wind Project, phase II",-120.255585,45.307095,869.2335205
"Condon Wind Project, phase II",-120.255684,45.305893,869.2240601
"Condon Wind Project, phase II",-120.273285,45.294693,879.4578857
"Condon Wind Project, phase II",-120.287483,45.288532,868.21875
"Condon Wind Project, phase II",-120.273582,45.295895,867.800415
"Condon Wind Project, phase II",-120.256386,45.299496,883.9298096
"Condon Wind Project, phase II",-120.255989,45.303295,875.6115112
"Condon Wind Project, phase II",-120.2705,45.276356,918.458252
"Condon Wind Project, phase II",-120.271385,45.280094,907.9130859
"Condon Wind Project, phase II",-120.271889,45.282593,904.6717529
"Condon Wind Project, phase II",-120.28701,45.287334,870.7703857
"Condon Wind Project, phase II",-120.289024,45.29567,847.6820679
"Condon Wind Project, phase II",-120.256187,45.300793,883.1715088
Coram (Tehachapi 3),-118.322021,35.057533,1226.322998
Coram Energy LLC,-118.344086,35.061497,1300.509277
Coram Energy LLC,-118.324791,35.065594,1311.387451
Coram Energy LLC,-118.348091,35.061596,1318.815674
Coram Energy LLC,-118.340416,35.064247,1317.643799
Coram Energy LLC,-118.342789,35.063293,1307.938477
Coram Energy LLC,-118.351791,35.060993,1300.32605
Coram Energy LLC,-118.349915,35.061588,1322.978882
Coram Energy LLC,-118.326485,35.061096,1268.128052
Correctional Training Facility,-121.381569,36.466167,62.16765594
Corriedale Wind Energy Project,-105.037292,41.107056,2074.230225
Corriedale Wind Energy Project,-104.985046,41.119568,2020.407104
Corriedale Wind Energy Project,-104.956314,41.097359,1975.354614
Corriedale Wind Energy Project,-104.961159,41.103035,1991.173462
Corriedale Wind Energy Project,-105.031662,41.11235,2067.251709
Corriedale Wind Energy Project,-104.975693,41.099236,2028.507446
Corriedale Wind Energy Project,-105.01017,41.12352,2025.715332
Corriedale Wind Energy Project,-105.016045,41.105778,2050.231689
Corriedale Wind Energy Project,-105.012619,41.110493,2046.360962
Corriedale Wind Energy Project,-105.006645,41.128662,2021.120117
Corriedale Wind Energy Project,-104.977776,41.103588,2034.024414
Corriedale Wind Energy Project,-104.951401,41.094601,1964.880737
Corriedale Wind Energy Project,-104.984009,41.1133,2006.975586
Corriedale Wind Energy Project,-105.01339,41.119167,2043.778809
Corriedale Wind Energy Project,-105.006096,41.113152,2043.022339
Corriedale Wind Energy Project,-104.958595,41.106915,1973.739502
Corriedale Wind Energy Project,-105.002258,41.11644,2036.810425
Corriedale Wind Energy Project,-104.993881,41.123455,2027.585205
Corriedale Wind Energy Project,-104.989845,41.127125,2013.346802
Corriedale Wind Energy Project,-104.998047,41.119415,2034.255493
Corriedale Wind Energy Project,-104.992378,41.11097,2010.060425
Crossing Trails,-102.844139,39.041317,1486.509888
Crossing Trails,-102.811867,39.035564,1467.208984
Crossing Trails,-102.853363,39.092396,1460.814087
Crossing Trails,-102.79554,39.035515,1460.571533
Crossing Trails,-102.806618,39.035664,1466.125854
Crossing Trails,-102.849678,39.041279,1486.852417
Crossing Trails,-102.83049,39.07766,1469.747437
Crossing Trails,-102.86512,39.041256,1486.281738
Crossing Trails,-102.801369,39.035866,1463.594849
Crossing Trails,-102.821159,39.044792,1476.240356
Crossing Trails,-102.83857,39.075974,1468.165283
Crossing Trails,-102.819107,39.095413,1461.525269
Crossing Trails,-102.863792,39.089474,1464.977539
Crossing Trails,-102.860008,39.041271,1485.915894
Crossing Trails,-102.820007,39.077721,1465.44812
Crossing Trails,-102.810387,39.09584,1455.468018
Crossing Trails,-102.805077,39.095863,1451.398804
Crossing Trails,-102.858681,39.090935,1460.995972
Crossing Trails,-102.825233,39.077724,1469.247559
Crossing Trails,-102.854729,39.041267,1485.330811
Crossing Trails,-102.791695,39.033966,1461.953613
Crossing Trails,-102.824112,39.094246,1463.582031
Crossing Trails,-102.83773,39.042343,1480.590942
Crossing Trails,-102.826408,39.044434,1479.115845
Crossing Trails,-102.831696,39.043598,1483.838989
Diablo Winds,-121.619186,37.754494,199.4207153
Diablo Winds,-121.617989,37.753994,175.2333984
Diablo Winds,-121.614883,37.763393,127.2233658
Diablo Winds,-121.633789,37.770096,222.7149963
Diablo Winds,-121.658188,37.774593,270.3615417
Diablo Winds,-121.651001,37.773636,240.6253052
Diablo Winds,-121.635284,37.778896,188.0765991
Diablo Winds,-121.625084,37.745895,197.1108704
Diablo Winds,-121.649788,37.772095,234.3391571
Diablo Winds,-121.620384,37.750195,210.2571716
Diablo Winds,-121.648788,37.771694,224.0948334
Diablo Winds,-121.650391,37.772797,233.073822
Diablo Winds,-121.619591,37.744495,211.6614838
Diablo Winds,-121.63369,37.768394,226.853714
Diablo Winds,-121.653488,37.774796,244.9686432
Diablo Winds,-121.619789,37.749496,213.5530396
Diablo Winds,-121.64769,37.771397,205.0433044
Diablo Winds,-121.625488,37.746796,204.8549805
Diablo Winds,-121.620087,37.765293,151.0273132
Diablo Winds,-121.625587,37.747597,189.2343903
Diablo Winds,-121.620483,37.745193,210.5386047
Diablo Winds,-121.618988,37.764996,135.0228271
Diablo Winds,-121.633484,37.776394,201.1199799
Diablo Winds,-121.658287,37.776596,253.9407196
Diablo Winds,-121.634232,37.778114,199.0366821
Diablo Winds,-121.621185,37.765396,152.6828156
Diablo Winds,-121.622589,37.758694,208.3470306
Diablo Winds,-121.633484,37.777496,198.8999329
Diablo Winds,-121.620285,37.754894,207.9977264
Diablo Winds,-121.634087,37.769196,227.1551819
Diablo Winds,-121.61869,37.748795,203.1778107
Difwind 6,-118.263191,35.055393,1062.630249
Difwind 6,-118.261826,35.064899,1101.051147
Difwind 6,-118.269585,35.062496,1117.328125
Difwind 6,-118.263969,35.054562,1062.371338
Difwind 6,-118.269287,35.054794,1086.066895
Difwind 6,-118.262558,35.066166,1108.697876
Difwind 6,-118.263489,35.061096,1082.193848
Difwind 6,-118.271019,35.058903,1098.278198
Difwind 6,-118.268257,35.065937,1127.049072
Difwind 6,-118.268707,35.061459,1109.294067
Difwind 6,-118.264114,35.062466,1098.946777
Difwind 6,-118.269188,35.060894,1103.262573
Difwind 6,-118.268188,35.061996,1108.098633
Difwind 6,-118.272491,35.059296,1102.140381
Difwind 6,-118.26432,35.064213,1106.511353
Difwind 6,-118.272591,35.061295,1113.152466
Difwind 6,-118.270027,35.066048,1134.244019
Difwind 6,-118.262268,35.060528,1075.665039
Difwind 6,-118.266113,35.060268,1092.226074
Difwind 6,-118.26709,35.061195,1101.682617
Difwind 6,-118.271286,35.058594,1099.126587
Difwind 6,-118.267487,35.054695,1078.484741
Difwind 6,-118.264595,35.063927,1105.373657
Difwind 6,-118.262352,35.064373,1099.7323
Difwind 6,-118.269135,35.063023,1113.083984
Difwind 6,-118.264488,35.055996,1069.347778
Difwind 6,-118.267982,35.054195,1083.955078
Difwind 6,-118.267693,35.064548,1119.877563
Difwind 6,-118.26535,35.061081,1095.432861
Difwind 6,-118.268768,35.055328,1085.590454
Difwind 6,-118.263863,35.062729,1099.075684
Difwind 6,-118.265678,35.06472,1113.466431
Difwind 6,-118.262589,35.053993,1056.398926
Difwind 6,-118.268875,35.063263,1112.611938
Difwind 6,-118.26709,35.059093,1096.685791
Difwind 6,-118.27079,35.059196,1098.380615
Difwind 6,-118.265282,35.057224,1076.598511
Difwind 6,-118.272285,35.061531,1111.608643
Difwind 6,-118.266289,35.058094,1084.948242
Difwind 6,-118.267029,35.057281,1079.653809
Difwind 6,-118.271088,35.054295,1096.827515
Difwind 6,-118.267273,35.056984,1080.627808
Difwind 6,-118.265999,35.058357,1086.202637
Difwind 6,-118.272789,35.060993,1111.126099
Difwind 6,-118.265335,35.063118,1108.396973
Difwind 6,-118.265503,35.06284,1108.045288
Difwind 6,-118.268501,35.065655,1126.875122
Difwind 6,-118.262688,35.057896,1073.934448
Difwind 6,-118.26902,35.055054,1087.690552
Difwind 6,-118.266762,35.055557,1075.174683
Difwind 6,-118.264069,35.064487,1107.446533
Difwind 6,-118.268272,35.055885,1078.710693
Difwind 6,-118.261719,35.05706,1064.427612
Difwind 6,-118.263222,35.0574,1075.526978
Difwind 6,-118.264488,35.059994,1083.592407
Difwind 6,-118.268288,35.053894,1080.472534
Difwind 6,-118.269585,35.058495,1092.231934
Difwind 6,-118.263489,35.059093,1079.249146
Difwind 6,-118.266785,35.065594,1120.516357
Difwind 6,-118.270523,35.063484,1123.934448
Difwind 6,-118.269325,35.058762,1092.322144
Difwind 6,-118.266289,35.066093,1120.735718
Difwind 6,-118.269531,35.064571,1125.749756
Difwind 6,-118.26651,35.065838,1120.411987
Difwind 6,-118.273689,35.062096,1121.848511
Difwind 6,-118.268448,35.057701,1086.560791
Difwind 6,-118.265732,35.054634,1068.890991
Difwind 6,-118.268196,35.064018,1119.731812
Difwind 6,-118.266487,35.055794,1075.424805
Difwind 6,-118.26722,35.065086,1120.180054
Difwind 6,-118.268135,35.058071,1087.629517
Difwind 6,-118.265106,35.061352,1090.806885
Difwind 6,-118.264687,35.065834,1114.232666
Difwind 6,-118.263557,35.065033,1106.710938
Difwind 6,-118.266289,35.054096,1070.625366
Difwind 6,-118.267944,35.062279,1105.397095
Difwind 6,-118.270546,35.059433,1099.130981
Difwind 6,-118.262268,35.066399,1111.077515
Difwind 6,-118.268433,35.061756,1108.920166
Difwind 6,-118.266327,35.062035,1097.455444
Difwind 6,-118.26519,35.065296,1114.324341
Difwind 6,-118.265411,35.065014,1113.873169
Difwind 6,-118.267525,35.056702,1081.207397
Difwind 6,-118.26619,35.064194,1114.278931
Difwind 6,-118.26548,35.054951,1069.019165
Difwind 6,-118.270531,35.061462,1107.711548
Difwind 6,-118.268585,35.059593,1093.604492
Difwind 6,-118.263008,35.061668,1082.841675
Difwind 6,-118.27079,35.061195,1106.750122
Difwind 6,-118.269791,35.064297,1123.748779
Difwind 6,-118.263817,35.064774,1107.499512
Difwind 6,-118.271484,35.060394,1105.661499
Difwind 6,-118.27269,35.063194,1120.169556
Difwind 6,-118.269043,35.065136,1124.676025
Difwind 6,-118.269943,35.06398,1120.84082
Difwind 6,-118.268349,35.05983,1096.562012
Difwind 6,-118.261688,35.058994,1067.230103
Difwind 6,-118.268028,35.056152,1079.545044
Difwind 6,-118.267586,35.058594,1087.003784
Difwind 6,-118.264938,35.065575,1114.295532
Difwind 6,-118.269829,35.062244,1114.447388
Difwind 6,-118.267464,35.064812,1120.664307
Difwind 6,-118.268661,35.063534,1115.625732
Difwind 6,-118.266983,35.065296,1120.047241
Difwind 6,-118.269089,35.058994,1091.858887
Difwind 6,-118.272888,35.062897,1118.935791
Difwind 6,-118.262222,35.058487,1076.344482
Difwind 6,-118.267769,35.056427,1080.167114
Difwind 6,-118.264854,35.061623,1088.58252
Difwind 6,-118.271751,35.06012,1104.947144
Difwind 6,-118.26194,35.054756,1058.444336
Difwind 6,-118.265488,35.056896,1072.047485
Difwind 6,-118.269188,35.056896,1084.098022
Difwind 6,-118.269791,35.066296,1135.384155
Difwind 6,-118.267982,35.066196,1127.255127
Difwind 6,-118.267883,35.060452,1103.774902
Difwind 6,-118.264824,35.063675,1106.348877
Difwind 6,-118.267792,35.054497,1081.958252
Difwind 6,-118.262512,35.058216,1080.101929
Difwind 6,-118.268425,35.063778,1117.670288
Difwind 6,-118.272285,35.059593,1103.366943
Difwind 6,-118.268539,35.055614,1081.226196
Difwind 6,-118.265907,35.064465,1113.449707
Difwind 6,-118.261978,35.05875,1070.898438
Difwind 6,-118.261986,35.060764,1072.804443
Difwind 6,-118.266251,35.056099,1075.455811
Difwind 6,-118.267189,35.063095,1112.269287
Difwind 6,-118.268791,35.065395,1126.99292
Difwind 6,-118.266068,35.066345,1122.38562
Difwind 6,-118.271889,35.063995,1131.432983
Difwind 6,-118.264755,35.059727,1086.582031
Difwind 6,-118.266388,35.059994,1093.472656
Difwind 6,-118.265755,35.056667,1071.004883
Difwind 6,-118.26944,35.060661,1101.645752
Difwind 6,-118.26461,35.061916,1090.093994
Difwind 6,-118.264191,35.066395,1116.372681
Difwind 6,-118.265999,35.054363,1068.246704
Difwind 6,-118.2687,35.05743,1085.916016
Difwind 6,-118.265076,35.063393,1107.742676
Difwind 6,-118.266685,35.063694,1111.559448
Difwind 6,-118.271286,35.053993,1097.883301
Difwind 6,-118.267982,35.064297,1117.644897
Difwind 6,-118.265488,35.058895,1093.676758
Difwind 6,-118.267586,35.060696,1106.452148
Difwind 6,-118.27079,35.054596,1093.731812
Difwind 6,-118.265739,35.058624,1090.217651
Difwind 6,-118.265854,35.062595,1101.047119
Difwind 6,-118.270256,35.062096,1112.845947
Difwind 6,-118.263985,35.058598,1084.731689
Difwind 6,-118.272758,35.059032,1101.510742
Difwind 6,-118.271042,35.062904,1122.331055
Difwind 6,-118.266937,35.063377,1110.99585
Difwind 6,-118.268959,35.057156,1085.404541
Difwind 6,-118.265007,35.059452,1092.491577
Difwind 6,-118.271996,35.059845,1104.218506
Difwind 6,-118.262985,35.059696,1076.460449
Difwind 6,-118.267342,35.060932,1104.899902
Difwind 6,-118.269943,35.060089,1100.44165
Difwind 6,-118.264191,35.054295,1063.703369
Difwind 6,-118.26474,35.055725,1066.205444
Difwind 6,-118.264244,35.056293,1069.522339
Difwind 6,-118.267685,35.062557,1104.352173
Difwind 6,-118.271004,35.060963,1106.123535
Difwind 6,-118.268791,35.059296,1092.26416
Difwind 6,-118.26442,35.066105,1114.355835
Difwind 6,-118.272743,35.058468,1101.302979
Difwind 6,-118.264488,35.057995,1088.930054
Difwind 6,-118.272003,35.06184,1112.254028
Difwind 6,-118.269348,35.062744,1115.988525
Difwind 6,-118.270287,35.059696,1098.776489
Difwind 6,-118.26239,35.054295,1055.919312
Difwind 6,-118.269485,35.056595,1084.108765
Difwind 6,-118.262009,35.062763,1089.630371
Difwind 6,-118.27179,35.062096,1114.466431
Difwind 6,-118.264793,35.057724,1083.698486
Difwind 6,-118.27079,35.063194,1123.823364
Difwind 6,-118.273888,35.061794,1117.17749
Difwind 6,-118.273392,35.062294,1119.560791
Difwind 6,-118.262474,35.056217,1062.278076
Difwind 6,-118.271294,35.062634,1120.688965
Difwind 6,-118.273186,35.062595,1117.783325
Difwind 6,-118.269585,35.060295,1099.592529
Difwind 6,-118.270294,35.063747,1122.972046
Difwind 6,-118.266434,35.063953,1115.054688
Difwind 6,-118.26899,35.061195,1106.147095
Difwind 6,-118.267456,35.06284,1106.680664
Difwind 6,-118.262802,35.065853,1108.179932
Difwind 6,-118.269676,35.056366,1086.098511
Difwind 6,-118.264992,35.05547,1067.220825
Difwind 6,-118.265518,35.060768,1096.816772
Dillon,-116.548088,33.941795,314.940033
Dillon,-116.547386,33.940895,311.5641785
Dillon,-116.592194,33.938278,364.6516724
Dillon,-116.554192,33.942795,326.1738281
Dillon,-116.556389,33.936195,309.1513367
Dillon,-116.590729,33.944351,390.3605957
Dillon,-116.583672,33.937847,349.8570862
Dillon,-116.547089,33.937897,303.4063416
Dillon,-116.558586,33.937794,324.4322815
Dillon,-116.568687,33.916595,247.6570129
Dillon,-116.591454,33.941319,378.7913513
Dillon,-116.559288,33.945595,341.5015564
Dillon,-116.561287,33.940296,340.299408
Dillon,-116.559891,33.938694,331.572113
Dillon,-116.569191,33.917397,250.8486481
Dillon,-116.556587,33.935295,306.6352539
Dillon,-116.567787,33.914894,242.6061096
Dillon,-116.547089,33.936893,300.7200317
Dillon,-116.584908,33.94455,378.768219
Dillon,-116.554192,33.941795,323.6346436
Dillon,-116.591888,33.939285,369.8120422
Dillon,-116.547089,33.935993,298.1914063
Dillon,-116.583298,33.935284,338.268158
Dillon,-116.568291,33.915695,244.8974762
Dillon,-116.548386,33.942795,318.799408
Dillon,-116.583427,33.936138,341.7514038
Dillon,-116.591209,33.942307,383.1114197
Dillon,-116.548386,33.943893,321.1810913
Dillon,-116.567314,33.914017,238.8103027
Dillon,-116.547188,33.939995,309.3998718
Dillon,-116.583641,33.936958,345.2139893
Dillon,-116.578194,33.945183,371.7025757
Dillon,-116.548386,33.944794,323.5410156
Dillon,-116.583435,33.938641,352.6529846
Dillon,-116.547089,33.934994,295.418457
Dillon,-116.578384,33.943981,367.6427612
Dillon,-116.590996,33.943283,385.6075134
Dillon,-116.559387,33.944695,341.082489
Dillon,-116.554192,33.940895,320.6314697
Dillon,-116.547089,33.938896,306.4018555
Dillon,-116.590492,33.945278,393.2150574
Dillon,-116.583504,33.939545,356.4749146
Dillon,-116.592384,33.937283,360.8908081
Dillon,-116.591698,33.940258,373.8777161
Dillon,-116.583252,33.940407,360.3986511
Dinosaur Point,-121.192688,37.033295,423.7189331
Dinosaur Point,-121.168877,37.041039,411.5500793
Dinosaur Point,-121.177208,37.033627,448.4859924
Dinosaur Point,-121.187149,37.040825,450.9953308
Dinosaur Point,-121.19722,37.040672,464.123291
Dinosaur Point,-121.168633,37.040382,412.6917725
Dinosaur Point,-121.172478,37.047997,431.1135254
Dinosaur Point,-121.197411,37.040989,457.1151733
Dinosaur Point,-121.174042,37.045006,428.4276123
Dinosaur Point,-121.166672,37.03511,437.8884583
Dinosaur Point,-121.197456,37.036755,417.1206665
Dinosaur Point,-121.168755,37.0397,410.3049622
Dinosaur Point,-121.189995,37.034618,431.9585876
Dinosaur Point,-121.187386,37.038994,448.8728027
Dinosaur Point,-121.197487,37.035995,406.5814209
Dinosaur Point,-121.187279,37.041161,447.1254883
Dinosaur Point,-121.179314,37.051353,406.6389771
Dinosaur Point,-121.179688,37.051395,406.2367859
Dinosaur Point,-121.192947,37.033562,425.2460327
Dinosaur Point,-121.187546,37.042194,455.2709961
Dinosaur Point,-121.175529,37.043434,410.3128357
Dinosaur Point,-121.175621,37.049644,417.6624451
Dinosaur Point,-121.163689,37.047195,438.9891052
Dinosaur Point,-121.176689,37.032597,447.3136902
Dinosaur Point,-121.175537,37.046204,430.9669495
Dinosaur Point,-121.190186,37.033096,404.2907715
Dinosaur Point,-121.176537,37.045464,430.6759033
Dinosaur Point,-121.176277,37.044083,424.3163147
Dinosaur Point,-121.187012,37.036255,435.0614014
Dinosaur Point,-121.166985,37.042896,411.0171204
Dinosaur Point,-121.19339,37.045395,422.5367737
Dinosaur Point,-121.18679,37.035595,425.5672607
Dinosaur Point,-121.189301,37.042542,440.1537781
Dinosaur Point,-121.176445,37.046013,433.8009338
Dinosaur Point,-121.197617,37.037491,433.3903809
Dinosaur Point,-121.197487,37.039295,453.0704041
Dinosaur Point,-121.188087,37.037594,456.1525269
Dinosaur Point,-121.175941,37.049812,419.0083923
Dinosaur Point,-121.19381,37.033455,411.7463684
Dinosaur Point,-121.191185,37.036495,430.9277344
Dinosaur Point,-121.178589,37.051193,405.2417297
Dinosaur Point,-121.190971,37.035637,441.6714783
Dinosaur Point,-121.180084,37.051395,403.2988586
Dinosaur Point,-121.189842,37.042736,439.8840637
Dinosaur Point,-121.173721,37.044846,424.5845642
Dinosaur Point,-121.187523,37.033859,413.3774719
Dinosaur Point,-121.187599,37.042545,458.5794678
Dinosaur Point,-121.197685,37.038895,453.4168091
Dinosaur Point,-121.176086,37.043831,421.3046875
Dinosaur Point,-121.165955,37.034771,433.2166748
Dinosaur Point,-121.178139,37.050671,411.6637573
Dinosaur Point,-121.181885,37.052895,399.3731384
Dinosaur Point,-121.191536,37.036762,427.4967957
Dinosaur Point,-121.189133,37.042927,443.022644
Dinosaur Point,-121.177887,37.050495,412.0887451
Dinosaur Point,-121.177727,37.034653,460.3087463
Dinosaur Point,-121.176453,37.031921,443.8721924
Dinosaur Point,-121.164085,37.047394,437.995697
Dinosaur Point,-121.169052,37.041348,414.8261414
Dinosaur Point,-121.193077,37.045135,421.1231079
Dinosaur Point,-121.168816,37.039383,409.3712769
Dinosaur Point,-121.197266,37.040337,464.6213379
Dinosaur Point,-121.167503,37.035873,439.2505798
Dinosaur Point,-121.197876,37.038147,450.7124634
Dinosaur Point,-121.187057,37.033646,408.7645264
Dinosaur Point,-121.170486,37.035496,464.4199524
Dinosaur Point,-121.171143,37.035999,457.1399536
Dinosaur Point,-121.190086,37.033894,414.5731812
Dinosaur Point,-121.176407,37.045738,433.0783997
Dinosaur Point,-121.19751,37.036377,409.7367859
Dinosaur Point,-121.187515,37.03862,445.2880249
Dinosaur Point,-121.187515,37.038212,446.0371399
Dinosaur Point,-121.180687,37.051796,404.5302734
Dinosaur Point,-121.163383,37.046871,438.4592896
Dinosaur Point,-121.187378,37.03463,416.5620422
Dinosaur Point,-121.182274,37.052944,397.9039612
Dinosaur Point,-121.163315,37.045776,421.7534485
Dinosaur Point,-121.190201,37.033512,409.5791626
Dinosaur Point,-121.190613,37.035526,449.3682861
Dinosaur Point,-121.175087,37.049274,421.623291
Dinosaur Point,-121.177124,37.050392,416.3573303
Dinosaur Point,-121.176613,37.045204,432.0858154
Dinosaur Point,-121.178284,37.050995,406.8127441
Dinosaur Point,-121.192062,37.036003,429.6972961
Dinosaur Point,-121.197609,37.04129,451.8632507
Dinosaur Point,-121.163284,37.046494,432.6851501
Dinosaur Point,-121.168671,37.040058,411.899231
Dinosaur Point,-121.187927,37.03727,453.7658081
Dinosaur Point,-121.186966,37.03989,467.4527283
Dinosaur Point,-121.166977,37.035328,437.1436462
Dinosaur Point,-121.190285,37.042793,433.6081848
Dinosaur Point,-121.181587,37.052696,401.6592712
Dinosaur Point,-121.193687,37.045696,425.2643127
Dinosaur Point,-121.187515,37.040405,457.3635254
Dinosaur Point,-121.19323,37.034592,414.4164124
Dinosaur Point,-121.186951,37.040306,467.1989746
Dinosaur Point,-121.171875,37.036366,464.2915649
Dinosaur Point,-121.192261,37.034451,427.1066284
Dinosaur Point,-121.177589,37.034294,456.388916
Dinosaur Point,-121.170876,37.035725,460.7712708
Dinosaur Point,-121.175354,37.049473,419.3074341
Dinosaur Point,-121.173187,37.044495,419.7015381
Dinosaur Point,-121.166885,37.042397,409.3430481
Dinosaur Point,-121.165421,37.047802,422.015686
Dinosaur Point,-121.166489,37.041496,410.1094971
Dinosaur Point,-121.188484,37.042793,452.438446
Dinosaur Point,-121.187531,37.041813,451.4456787
Dinosaur Point,-121.180786,37.052094,404.2183228
Dinosaur Point,-121.19429,37.046196,426.410614
Dinosaur Point,-121.177429,37.03397,453.2136841
Dinosaur Point,-121.180984,37.052296,402.8977356
Dinosaur Point,-121.190941,37.036194,436.6366577
Dinosaur Point,-121.188065,37.042755,457.4924927
Dinosaur Point,-121.176643,37.04491,434.1057739
Dinosaur Point,-121.18129,37.052494,402.6202393
Dinosaur Point,-121.163284,37.046097,424.7617188
Dinosaur Point,-121.164978,37.047646,426.1448059
Dinosaur Point,-121.163383,37.045395,418.5257568
Dinosaur Point,-121.168907,37.039059,408.7181702
Dinosaur Point,-121.198463,37.042213,452.9121094
Dinosaur Point,-121.193985,37.045994,428.8555298
Dinosaur Point,-121.197365,37.039635,456.0532837
Dinosaur Point,-121.176224,37.031593,440.7495117
Dinosaur Point,-121.174538,37.045387,427.953125
Dinosaur Point,-121.187584,37.041496,447.2514954
Dinosaur Point,-121.177086,37.033295,447.2721863
Dinosaur Point,-121.197876,37.04166,450.0041504
Dinosaur Point,-121.198166,37.041939,453.3133545
Dinosaur Point,-121.178925,37.051296,405.5857849
Dinosaur Point,-121.197716,37.037819,441.289917
Dinosaur Point,-121.197899,37.038521,453.6134033
Dinosaur Point,-121.164558,37.04752,432.6040344
Dinosaur Point,-121.166306,37.034927,438.2453308
Dinosaur Point,-121.189888,37.034294,423.2712708
Dinosaur Point,-121.167252,37.035576,439.6297913
Dinosaur Point,-121.191338,37.035889,438.3147583
Dinosaur Point,-121.176941,37.032932,448.0880127
Dinosaur Point,-121.173409,37.044682,421.7154541
Dinosaur Point,-121.187546,37.036346,439.4887695
Dinosaur Point,-121.176521,37.044617,430.2091064
Dinosaur Point,-121.174332,37.045197,428.8528442
Dinosaur Point,-121.197586,37.037094,426.3842773
Dinosaur Point,-121.176506,37.050152,413.7642822
Dinosaur Point,-121.197159,37.035656,402.4399109
Dinosaur Point,-121.194542,37.04644,424.230835
Dinosaur Point,-121.175331,37.045979,432.7387085
Dinosaur Point,-121.196388,37.035095,400.9182434
Dinosaur Point,-121.197289,37.039993,460.8137207
Dinosaur Point,-121.196838,37.035236,400.9819336
Dinosaur Point,-121.18689,37.035896,431.3649292
Dinosaur Point,-121.193253,37.033272,418.2072144
Dinosaur Point,-121.187172,37.039558,462.6960144
Dinosaur Point,-121.180389,37.051495,403.6384583
Dinosaur Point,-121.175125,37.045761,431.0795593
Dinosaur Point,-121.177513,37.050526,413.589386
Dinosaur Point,-121.176239,37.049969,416.8570862
Dinosaur Point,-121.170082,37.035255,469.7815857
Dinosaur Point,-121.187401,37.034229,412.3855591
Dinosaur Point,-121.174156,37.049015,434.622345
Dinosaur Point,-121.176422,37.044327,425.9397278
Dinosaur Point,-121.176781,37.050343,414.2218323
Dinosaur Point,-121.171486,37.036194,460.0682068
Doerfler Farms,-122.80687,44.867569,175.9891052
Dole Fresh Vegetables,-121.351341,36.455986,63.97406006
Dole Fresh Vegetables,-121.350082,36.459293,66.37338257
Dry Lake,-110.298492,34.638195,1825.046631
Dry Lake,-110.310593,34.638096,1843.248779
Dry Lake,-110.285393,34.673897,1800.778931
Dry Lake,-110.258392,34.670593,1775.489136
Dry Lake,-110.262291,34.670895,1780.322876
Dry Lake,-110.275986,34.650894,1807.628052
Dry Lake,-110.297989,34.658497,1818.023926
Dry Lake,-110.294289,34.657394,1817.960571
Dry Lake,-110.273987,34.672394,1797.054932
Dry Lake,-110.277786,34.673294,1800.9552
Dry Lake,-110.266388,34.670994,1786.740234
Dry Lake,-110.279793,34.634396,1813.960571
Dry Lake,-110.281586,34.673195,1801.091919
Dry Lake,-110.294685,34.637596,1829.96875
Dry Lake,-110.24939,34.671993,1769.684326
Dry Lake,-110.272186,34.650097,1803.761963
Dry Lake,-110.283989,34.652496,1812.319092
Dry Lake,-110.290489,34.656197,1816.881104
Dry Lake,-110.302788,34.638294,1830.827637
Dry Lake,-110.270287,34.671795,1789.727051
Dry Lake,-110.287186,34.654896,1816.46228
Dry Lake,-110.315392,34.638496,1848.950317
Dry Lake,-110.283691,34.634396,1819.241821
Dry Lake,-110.253387,34.672695,1769.624878
Dry Lake,-110.287491,34.635197,1822.558105
Dry Lake,-110.306686,34.638294,1834.231445
Dry Lake,-110.279686,34.651794,1810.682495
Dry Lake,-110.305092,34.662594,1821.762695
Dry Lake,-110.301392,34.660595,1821.471924
Dry Lake,-110.290489,34.636894,1826.981567
Dry Lake II,-110.21479,34.595295,1805.215332
Dry Lake II,-110.15609,34.597294,1755.899902
Dry Lake II,-110.15979,34.598396,1758.622925
Dry Lake II,-110.180389,34.588196,1775.123291
Dry Lake II,-110.121689,34.613895,1734.682617
Dry Lake II,-110.144287,34.605495,1740.54834
Dry Lake II,-110.164085,34.598194,1765.835693
Dry Lake II,-110.183289,34.651596,1757.679932
Dry Lake II,-110.176086,34.588493,1772.532837
Dry Lake II,-110.218491,34.596596,1818.221558
Dry Lake II,-110.166389,34.602493,1773.444946
Dry Lake II,-110.130791,34.613995,1734.126465
Dry Lake II,-110.178787,34.652096,1756.487671
Dry Lake II,-110.169189,34.653896,1753.13855
Dry Lake II,-110.172089,34.655396,1756.860596
Dry Lake II,-110.192589,34.609894,1802.883545
Dry Lake II,-110.148087,34.606693,1741.061768
Dry Lake II,-110.141991,34.602295,1744.692993
Dry Lake II,-110.173592,34.605797,1781.687744
Dry Lake II,-110.200386,34.596996,1789.448486
Dry Lake II,-110.152489,34.596096,1755.774658
Dry Lake II,-110.196686,34.642296,1770.290039
Dry Lake II,-110.118088,34.612293,1735.741699
Dry Lake II,-110.13549,34.613796,1732.041992
Dry Lake II,-110.187889,34.608597,1794.6427
Dry Lake II,-110.20079,34.642593,1776.731445
Dry Lake II,-110.126686,34.612694,1736.490601
Dry Lake II,-110.196793,34.595795,1786.363159
Dry Lake II,-110.169487,34.604996,1771.108643
Dry Lake II,-110.204086,34.598194,1792.155518
Dry Lake II,-110.152092,34.617996,1737.193481
Dunlap,-106.18219,42.006695,2079.175781
Dunlap,-106.192688,42.014194,2083.186768
Dunlap,-106.153786,42.034393,2076.168457
Dunlap,-106.152992,42.002892,2071.786621
Dunlap,-106.211189,42.037994,2080.02832
Dunlap,-106.136986,42.046291,2043.762573
Dunlap,-106.207489,42.014591,2065.870117
Dunlap,-106.152992,42.011894,2074.46167
Dunlap,-106.180687,42.004894,2082.191162
Dunlap,-106.208092,42.022095,2054.427002
Dunlap,-106.152885,42.027695,2076.231445
Dunlap,-106.207787,42.003593,2075.640869
Dunlap,-106.152885,42.023193,2078.696777
Dunlap,-106.207787,42.012295,2075.469482
Dunlap,-106.192986,42.020794,2082.247314
Dunlap,-106.191086,42.002995,2082.261475
Dunlap,-106.153389,42.032192,2079.643799
Dunlap,-106.169388,42.049294,2060.318359
Dunlap,-106.142387,42.058193,2056.605469
Dunlap,-106.152885,42.020992,2080.203125
Dunlap,-106.153687,42.048092,2070.364746
Dunlap,-106.211891,42.042591,2084.112793
Dunlap,-106.141289,42.056492,2054.181641
Dunlap,-106.156387,42.042992,2071.554443
Dunlap,-106.137093,42.050594,2044.198364
Dunlap,-106.169289,42.058292,2064.229492
Dunlap,-106.152992,42.016495,2078.766113
Dunlap,-106.191589,42.007393,2082.09082
Dunlap,-106.152992,42.014194,2075.929199
Dunlap,-106.154991,42.054592,2054.562988
Dunlap,-106.167786,42.027092,2071.043945
Dunlap,-106.207787,42.007793,2066.544678
Dunlap,-106.208687,42.024292,2061.910889
Dunlap,-106.21199,42.033394,2078.006592
Dunlap,-106.155289,42.040794,2072.957764
Dunlap,-106.152992,42.009693,2073.705811
Dunlap,-106.192688,42.018692,2082.029297
Dunlap,-106.212387,42.040092,2081.210449
Dunlap,-106.212288,42.031693,2080.586182
Dunlap,-106.136589,42.054794,2043.425049
Dunlap,-106.166885,42.007294,2071.079346
Dunlap,-106.191292,42.005192,2081.871582
Dunlap,-106.136986,42.048492,2043.674683
Dunlap,-106.209488,42.027294,2058.501221
Dunlap,-106.152885,42.018692,2080.051514
Dunlap,-106.191788,42.009693,2082.3396
Dunlap,-106.192787,42.016495,2081.447021
Dunlap,-106.207787,42.005692,2064.241211
Dunlap,-106.154388,42.036594,2074.55957
Dunlap,-106.207787,42.009995,2070.072998
Dunlap,-106.16819,42.005093,2073.072998
Dunlap,-106.137688,42.052792,2043.300903
Dunlap,-106.167786,42.024994,2071.947021
Dunlap,-106.210587,42.029095,2072.114014
Dunlap,-106.152992,42.007393,2072.384521
Dunlap,-106.168091,42.002892,2081.697998
Dunlap,-106.193489,42.025494,2079.762451
Dunlap,-106.179489,42.002892,2081.95166
Dunlap,-106.154793,42.038792,2070.390381
Dunlap,-106.152885,42.025494,2076.664307
Dunlap,-106.21209,42.035591,2075.984619
Dunlap,-106.153587,42.052395,2068.3396
Dunlap,-106.153687,42.050392,2069.465576
Dunlap,-106.169388,42.053795,2062.928223
Dunlap,-106.207787,42.016792,2055.713379
Dunlap,-106.152885,42.029991,2078.919189
Dunlap,-106.154892,42.045494,2069.849609
Dunlap,-106.193291,42.023193,2083.394775
Dunlap,-106.152992,42.005192,2072.223389
Dunlap,-106.169388,42.051594,2061.236084
Dunlap,-106.169388,42.055992,2063.932861
Dunlap,-106.192291,42.011894,2082.917236
Dunlap,-106.207993,42.019394,2051.941162
Dunlap,-106.169487,42.046993,2059.240234
Durbin Creek,-117.314774,44.353836,989.0542603
Durbin Creek,-117.330193,44.351841,1077.192871
Durbin Creek,-117.317482,44.353138,1023.502319
Durbin Creek,-117.323082,44.352245,1059.937866
Durbin Creek,-117.320282,44.352703,1057.961792
East Broadview Wind Project,-108.806915,46.102932,1161.102905
East Winds,-116.547943,33.891033,200.6950989
East Winds,-116.54789,33.889793,199.7553406
East Winds,-116.54789,33.892895,201.8460846
East Winds,-116.547943,33.892311,201.674118
East Winds,-116.547897,33.891666,200.504425
East Winds,-116.547913,33.890427,200.5889587
East Winds,-116.54789,33.889194,199.7900543
Echo 1-7,-119.403183,45.709892,290.7049561
Echo 1-7,-119.405388,45.714195,286.3093872
Echo 1-7,-119.486984,45.654095,320.7604065
Echo 1-7,-119.422287,45.701694,302.2663574
Echo 1-7,-119.476685,45.644794,332.4871826
Echo 1-7,-119.464684,45.654793,329.5579529
Echo 1-7,-119.412086,45.698093,305.7632751
Echo 1-7,-119.472588,45.640995,337.5524902
Echo 1-7,-119.414589,45.699493,304.4674683
Echo 1-7,-119.480888,45.648495,328.3069763
Echo 1-7,-119.474586,45.642796,334.2176819
Echo 1-7,-119.468689,45.658295,324.8287048
Echo 1-7,-119.409683,45.696594,304.283783
Echo 1-7,-119.423088,45.703995,300.7077942
Echo 1-7,-119.460686,45.651196,332.1437988
Echo 1-7,-119.47049,45.639095,338.788269
Echo 1-7,-119.400284,45.703293,297.2992859
Echo 1-7,-119.462685,45.653095,330.246521
Echo 1-7,-119.424988,45.705994,298.358429
Echo 1-7,-119.402588,45.704796,298.1105347
Echo 1-7,-119.466682,45.656593,327.5216675
Echo 1-7,-119.405083,45.706295,294.3001099
Echo 1-7,-119.484985,45.652195,323.3740845
Echo 1-7,-119.404587,45.712093,289.4928894
Echo 1-7,-119.407089,45.695293,304.0556335
Echo 1-7,-119.478783,45.646595,330.1199036
Echo 1-7,-119.482887,45.650295,326.6051025
Echo 8-9,-119.41819,45.728645,280.2247925
Echo 8-9,-119.419487,45.731396,279.2719421
Echo 8-9,-119.45089,45.642593,344.3713684
Echo 8-9,-119.416389,45.726192,283.5276489
Echo 8-9,-119.407684,45.718094,286.5119629
Echo 8-9,-119.458473,45.64933,333.3946533
Echo 8-9,-119.411583,45.720196,286.2954407
Echo 8-9,-119.456284,45.647392,335.3173828
Echo 8-9,-119.448486,45.640392,342.2185974
Echo 8-9,-119.453285,45.644695,338.035553
Edom Hills (repower),-116.461189,33.880096,251.8612671
Edom Hills (repower),-116.459686,33.883293,263.5617981
Edom Hills (repower),-116.471085,33.882694,213.2874146
Edom Hills (repower),-116.459885,33.885094,244.5091858
Edom Hills (repower),-116.461586,33.878494,234.8458252
Edom Hills (repower),-116.460991,33.881794,275.6707153
Edom Hills (repower),-116.46769,33.884495,191.4054413
Edom Hills (repower),-116.467987,33.886295,199.0003662
Ekola Flats,-106.324196,41.992916,1992.398804
Ekola Flats,-106.336685,42.009327,1999.589478
Ekola Flats,-106.310852,41.991116,1989.208374
Ekola Flats,-106.352119,41.916557,2058.62915
Ekola Flats,-106.328697,41.927002,2054.648438
Ekola Flats,-106.304253,41.916077,2036.106934
Ekola Flats,-106.31292,41.931744,2012.325684
Ekola Flats,-106.336372,42.006119,1994.459595
Ekola Flats,-106.302711,41.926308,2012.791382
Ekola Flats,-106.289551,41.92749,2009.02478
Ekola Flats,-106.337013,42.012623,2007.285278
Ekola Flats,-106.353577,42.011326,2022.233643
Ekola Flats,-106.323486,41.932121,2043.937134
Ekola Flats,-106.343117,42.014252,2009.841553
Ekola Flats,-106.353409,42.01416,2036.593628
Ekola Flats,-106.352356,41.968086,2042.417847
Ekola Flats,-106.365356,42.014057,2023.034668
Ekola Flats,-106.351303,41.940166,2060.593262
Ekola Flats,-106.26593,41.929401,1997.827759
Ekola Flats,-106.353897,41.930752,2058.553955
Ekola Flats,-106.322304,41.939583,2048.864746
Ekola Flats,-106.355087,41.954197,2063.27832
Ekola Flats,-106.366043,42.010292,2014.887939
Ekola Flats,-106.355812,41.996044,1983.143921
Ekola Flats,-106.355499,41.923717,2055.606201
Ekola Flats,-106.312195,41.936211,2014.608154
Ekola Flats,-106.289429,41.924126,2012.193237
Ekola Flats,-106.347466,41.970741,2061.056641
Ekola Flats,-106.257286,41.921474,2002.644775
Ekola Flats,-106.356049,41.992916,1996.220581
Ekola Flats,-106.323624,41.989082,2000.751953
Ekola Flats,-106.348694,41.94363,2058.337402
Ekola Flats,-106.339256,41.916653,2053.393555
Ekola Flats,-106.265083,41.926418,1998.731567
Ekola Flats,-106.303978,41.919529,2037.718262
Ekola Flats,-106.29007,41.917351,2020.077393
Ekola Flats,-106.353714,41.920128,2061.464355
Ekola Flats,-106.354271,41.93681,2061.387695
Ekola Flats,-106.317017,41.9235,2030.829102
Ekola Flats,-106.278732,41.93454,2013.535889
Ekola Flats,-106.303696,41.922916,2016.64624
Ekola Flats,-106.336342,42.002865,1989.002197
Ekola Flats,-106.358307,41.95821,2065.951416
Ekola Flats,-106.289757,41.920689,2014.285522
Ekola Flats,-106.261742,41.92382,2000.031006
Ekola Flats,-106.321312,41.936199,2047.096313
Ekola Flats,-106.278526,41.938148,2011.661255
Ekola Flats,-106.275063,41.931644,1999.235352
Ekola Flats,-106.289978,41.910633,2027.282227
Ekola Flats,-106.355385,41.92733,2057.483398
Ekola Flats,-106.358009,42.006989,2010.389038
El Cabo,-105.610794,34.803959,2062.136719
El Cabo,-105.682793,34.702198,1987.65686
El Cabo,-105.628494,34.791019,2052.486572
El Cabo,-105.653595,34.809925,2066.500488
El Cabo,-105.628609,34.71912,1985.322754
El Cabo,-105.628586,34.712715,1982.372192
El Cabo,-105.644478,34.69894,1986.675293
El Cabo,-105.683685,34.649017,1987.321411
El Cabo,-105.641479,34.780609,2031.490112
El Cabo,-105.628883,34.766525,2015.790527
El Cabo,-105.653603,34.797009,2059.623047
El Cabo,-105.612984,34.716507,1976.567017
El Cabo,-105.69043,34.672626,1990.551025
El Cabo,-105.588257,34.679295,1949.204468
El Cabo,-105.638107,34.813038,2076.966797
El Cabo,-105.703667,34.668777,1982.743774
El Cabo,-105.654594,34.790684,2048.010498
El Cabo,-105.64476,34.705307,1994.587402
El Cabo,-105.703903,34.671947,1981.805542
El Cabo,-105.614754,34.69532,1972.798462
El Cabo,-105.65361,34.813023,2070.29126
El Cabo,-105.631393,34.757061,2002.44751
El Cabo,-105.628586,34.727486,1998.57605
El Cabo,-105.610329,34.807079,2061.334473
El Cabo,-105.598145,34.704044,1959.777832
El Cabo,-105.663666,34.690647,1973.814575
El Cabo,-105.695007,34.676193,1992.54248
El Cabo,-105.625534,34.800819,2073.021729
El Cabo,-105.639091,34.806759,2060.194336
El Cabo,-105.61554,34.705807,1982.305908
El Cabo,-105.640709,34.787014,2042.355957
El Cabo,-105.629417,34.664898,1955.641113
El Cabo,-105.708237,34.658802,1991.058228
El Cabo,-105.629303,34.730797,2008.758789
El Cabo,-105.669403,34.787403,2072.635986
El Cabo,-105.613289,34.713291,1975.439697
El Cabo,-105.653824,34.803444,2067.592041
El Cabo,-105.686485,34.708889,1989.335205
El Cabo,-105.692139,34.663059,2001.730347
El Cabo,-105.599335,34.707336,1960.13147
El Cabo,-105.613861,34.685452,1972.744385
El Cabo,-105.650261,34.645603,1957.208862
El Cabo,-105.604362,34.790409,2045.095947
El Cabo,-105.637878,34.688816,1977.624146
El Cabo,-105.642822,34.708462,1995.552368
El Cabo,-105.687553,34.716148,1996.908691
El Cabo,-105.668449,34.793789,2079.801025
El Cabo,-105.612633,34.719646,1969.896729
El Cabo,-105.644043,34.825153,2117.987061
El Cabo,-105.657692,34.693447,1971.870239
El Cabo,-105.653099,34.800159,2066.677246
El Cabo,-105.605713,34.735291,1974.255493
El Cabo,-105.700485,34.648167,1988.793579
El Cabo,-105.588577,34.685703,1947.021606
El Cabo,-105.687599,34.713131,1992.312744
El Cabo,-105.632751,34.661926,1952.408081
El Cabo,-105.618401,34.699146,1983.419189
El Cabo,-105.588402,34.682457,1947.293335
El Cabo,-105.642143,34.712261,1987.837891
El Cabo,-105.599609,34.717236,1957.456177
El Cabo,-105.692474,34.666267,1999.606445
El Cabo,-105.698334,34.645214,1986.326172
El Cabo,-105.683769,34.705578,1983.374634
El Cabo,-105.69519,34.656204,1994.86084
El Cabo,-105.658585,34.655827,1961.867188
El Cabo,-105.680534,34.690754,1992.750732
El Cabo,-105.62851,34.797646,2066.407715
El Cabo,-105.612328,34.722816,1971.617798
El Cabo,-105.587692,34.676186,1945.128906
El Cabo,-105.668022,34.796886,2081.18042
El Cabo,-105.681725,34.64217,1993.755249
El Cabo,-105.617508,34.702866,1981.280884
El Cabo,-105.607887,34.6744,1946.763062
El Cabo,-105.606537,34.725662,1971.102295
El Cabo,-105.694878,34.659363,2001.620605
El Cabo,-105.696083,34.64183,1981.980469
El Cabo,-105.606026,34.732082,1972.573242
El Cabo,-105.680214,34.687656,2004.727295
El Cabo,-105.60392,34.793503,2047.196533
El Cabo,-105.680618,34.684559,1997.070068
El Cabo,-105.663689,34.687374,1971.657593
El Cabo,-105.598679,34.713783,1956.034302
El Cabo,-105.614647,34.688751,1978.873413
El Cabo,-105.637497,34.67791,1977.220093
El Cabo,-105.63076,34.763443,2011.199097
El Cabo,-105.60717,34.677376,1951.966675
El Cabo,-105.707771,34.655556,1987.396118
El Cabo,-105.628738,34.715843,1982.093384
El Cabo,-105.604843,34.787212,2038.619995
El Cabo,-105.635017,34.680969,1982.364868
El Cabo,-105.687752,34.725361,1995.300537
El Cabo,-105.611267,34.800838,2060.566162
El Cabo,-105.637794,34.656097,1959.144287
El Cabo,-105.655052,34.787506,2050.077881
El Cabo,-105.629158,34.772987,2023.164551
El Cabo,-105.707939,34.662048,1987.777344
El Cabo,-105.646858,34.650066,1961.202637
El Cabo,-105.687622,34.719204,1992.415771
El Cabo,-105.587395,34.738529,1966.398804
El Cabo,-105.682251,34.693886,1994.1604
El Cabo,-105.58783,34.673008,1938.978882
El Cabo,-105.646004,34.695858,1975.674805
El Cabo,-105.624603,34.806973,2068.934082
El Cabo,-105.605385,34.738483,1976.226074
El Cabo,-105.615044,34.692032,1976.823608
El Cabo,-105.643494,34.702099,1993.142334
El Cabo,-105.59803,34.720196,1957.585693
El Cabo,-105.624817,34.667793,1947.481445
El Cabo,-105.599007,34.710564,1955.059692
El Cabo,-105.588829,34.72588,1957.557129
El Cabo,-105.628593,34.724468,1998.320313
El Cabo,-105.64119,34.783806,2036.296265
El Cabo,-105.683853,34.659664,1998.515137
El Cabo,-105.628876,34.76976,2019.27478
El Cabo,-105.684006,34.645756,1991.546631
El Cabo,-105.641495,34.77739,2029.298584
El Cabo,-105.587845,34.735481,1966.35022
El Cabo,-105.68763,34.728428,1991.619873
El Cabo,-105.66893,34.790558,2069.539063
El Cabo,-105.606064,34.797207,2049.680176
El Cabo,-105.628746,34.794456,2059.696289
El Cabo,-105.687172,34.722214,1989.846802
El Cabo,-105.631073,34.760292,2007.443115
El Cabo,-105.638618,34.809902,2067.087646
El Cabo,-105.654114,34.793861,2051.678711
El Cabo,-105.681564,34.699188,1985.96936
El Cabo,-105.636688,34.691982,1978.828613
El Cabo,-105.607651,34.680649,1956.631226
El Cabo,-105.658142,34.658867,1959.918823
El Cabo,-105.58815,34.732281,1961.365356
El Cabo,-105.625076,34.803822,2071.117188
El Cabo,-105.64946,34.655807,1965.194458
El Cabo,-105.640373,34.659298,1957.03479
El Cabo,-105.690849,34.669403,1996.593262
El Cabo,-105.667587,34.80006,2078.731201
El Cabo,-105.62867,34.709526,1978.488647
El Cabo,-105.606361,34.728863,1972.572266
El Cabo,-105.588722,34.688972,1950.440186
El Cabo,-105.613617,34.708668,1980.758667
El Cabo,-105.588493,34.729103,1961.006104
El Cabo,-105.683403,34.65221,1989.035889
El Cabo,-105.64476,34.821945,2121.311523
Elkhorn Valley (08),-117.789085,45.109394,1376.660522
Elkhorn Valley (08),-117.790985,45.108994,1362.821411
Elkhorn Valley (La Grande),-117.822487,45.092094,1093.588989
Elkhorn Valley (La Grande),-117.829887,45.089695,1094.487305
Elkhorn Valley (La Grande),-117.827888,45.090096,1106.304321
Elkhorn Valley (La Grande),-117.827583,45.045296,1129.900146
Elkhorn Valley (La Grande),-117.785484,45.052094,1161.433838
Elkhorn Valley (La Grande),-117.817085,45.112995,1189.11084
Elkhorn Valley (La Grande),-117.806389,45.049995,1224.471802
Elkhorn Valley (La Grande),-117.785789,45.101994,1334.79126
Elkhorn Valley (La Grande),-117.820488,45.111694,1199.044556
Elkhorn Valley (La Grande),-117.820984,45.048294,1124.223633
Elkhorn Valley (La Grande),-117.802589,45.117695,1334.094482
Elkhorn Valley (La Grande),-117.826088,45.090694,1107.712036
Elkhorn Valley (La Grande),-117.813988,45.114693,1211.803589
Elkhorn Valley (La Grande),-117.802689,45.101994,1223.481201
Elkhorn Valley (La Grande),-117.804886,45.117092,1300.81189
Elkhorn Valley (La Grande),-117.810486,45.115993,1244.263794
Elkhorn Valley (La Grande),-117.792885,45.117092,1404.853271
Elkhorn Valley (La Grande),-117.798988,45.051895,1247.457031
Elkhorn Valley (La Grande),-117.806488,45.054493,1223.790039
Elkhorn Valley (La Grande),-117.791283,45.051193,1190.518677
Elkhorn Valley (La Grande),-117.818687,45.112194,1188.737549
Elkhorn Valley (La Grande),-117.787384,45.051693,1163.808228
Elkhorn Valley (La Grande),-117.831886,45.089493,1086.960205
Elkhorn Valley (La Grande),-117.795189,45.052593,1260.196411
Elkhorn Valley (La Grande),-117.825783,45.045895,1123.995972
Elkhorn Valley (La Grande),-117.815788,45.050896,1174.374512
Elkhorn Valley (La Grande),-117.822388,45.047295,1120.05188
Elkhorn Valley (La Grande),-117.796089,45.119095,1354.374146
Elkhorn Valley (La Grande),-117.827087,45.108692,1168.626953
Elkhorn Valley (La Grande),-117.824287,45.091393,1100.0448
Elkhorn Valley (La Grande),-117.796486,45.107395,1308.930176
Elkhorn Valley (La Grande),-117.797089,45.052395,1255.86731
Elkhorn Valley (La Grande),-117.822487,45.111393,1188.622925
Elkhorn Valley (La Grande),-117.798889,45.102695,1246.385254
Elkhorn Valley (La Grande),-117.818985,45.049294,1149.977539
Elkhorn Valley (La Grande),-117.800385,45.117992,1351.006226
Elkhorn Valley (La Grande),-117.802788,45.051094,1224.985474
Elkhorn Valley (La Grande),-117.812286,45.054195,1217.197388
Elkhorn Valley (La Grande),-117.787788,45.101795,1339.058228
Elkhorn Valley (La Grande),-117.794685,45.107994,1331.222534
Elkhorn Valley (La Grande),-117.813988,45.051594,1203.038818
Elkhorn Valley (La Grande),-117.808289,45.049496,1222.044189
Elkhorn Valley (La Grande),-117.82589,45.109894,1176.246582
Elkhorn Valley (La Grande),-117.783783,45.052795,1151.657227
Elkhorn Valley (La Grande),-117.824387,45.110893,1177.240723
Elkhorn Valley (La Grande),-117.812088,45.115192,1234.467896
Elkhorn Valley (La Grande),-117.808784,45.116695,1255.963867
Elkhorn Valley (La Grande),-117.789688,45.101494,1334.206543
Elkhorn Valley (La Grande),-117.800789,45.102394,1237.395508
Elkhorn Valley (La Grande),-117.824089,45.046593,1121.087891
Elkhorn Valley (La Grande),-117.792885,45.108593,1349.056396
Elkhorn Valley (La Grande),-117.817383,45.050095,1167.203735
Elkhorn Valley (La Grande),-117.789383,45.051395,1175.911011
Elkhorn Valley (La Grande),-117.804588,45.050495,1222.238159
Elkhorn Valley (La Grande),-117.815788,45.114094,1196.45166
Elkhorn Valley (La Grande),-117.806786,45.116894,1272.172607
Elkhorn Valley (La Grande),-117.809685,45.054195,1221.651123
Elkhorn Valley (La Grande),-117.797287,45.103596,1261.804565
Elkhorn Valley (La Grande),-117.800888,45.051693,1232.550293
Enron Earth Smart/Green Power,-116.550789,33.912697,239.5313416
Enron Earth Smart/Green Power,-116.559486,33.915195,241.3591919
Enron Earth Smart/Green Power,-116.559486,33.916695,244.5534363
Enron Earth Smart/Green Power,-116.595985,33.916695,313.8372192
Enron Earth Smart/Green Power,-116.595985,33.914696,300.864502
Enron Earth Smart/Green Power,-116.559486,33.914394,239.0508423
Enron Earth Smart/Green Power,-116.550827,33.911961,237.1361237
Enron Earth Smart/Green Power,-116.550789,33.915997,245.9147644
Enron Earth Smart/Green Power,-116.595985,33.917294,314.5149841
Enron Earth Smart/Green Power,-116.595985,33.918694,312.7732239
Enron Earth Smart/Green Power,-116.550789,33.916695,248.0123596
Enron Earth Smart/Green Power,-116.550789,33.913994,241.4619446
Enron Earth Smart/Green Power,-116.595985,33.915997,313.5869141
Enron Earth Smart/Green Power,-116.595985,33.919994,310.1440125
Enron Earth Smart/Green Power,-116.595985,33.917995,314.178009
Enron Earth Smart/Green Power,-116.595985,33.919395,311.7746277
Enron Earth Smart/Green Power,-116.550789,33.915295,245.1283569
Enron Earth Smart/Green Power,-116.559486,33.915997,243.3766785
Enron Earth Smart/Green Power,-116.595985,33.915295,309.3609009
Evanston (Wyoming Wind Energy Center),-110.818825,41.341293,2376.285645
Evanston (Wyoming Wind Energy Center),-110.796829,41.322582,2300.59375
Evanston (Wyoming Wind Energy Center),-110.798195,41.323833,2309.264404
Evanston (Wyoming Wind Energy Center),-110.730751,41.364822,2142.927002
Evanston (Wyoming Wind Energy Center),-110.779541,41.323666,2246.577881
Evanston (Wyoming Wind Energy Center),-110.731018,41.363235,2163.523438
Evanston (Wyoming Wind Energy Center),-110.808075,41.347134,2347.485107
Evanston (Wyoming Wind Energy Center),-110.82682,41.349865,2346.75293
Evanston (Wyoming Wind Energy Center),-110.77269,41.382195,2333.500977
Evanston (Wyoming Wind Energy Center),-110.826859,41.368145,2389.888672
Evanston (Wyoming Wind Energy Center),-110.731361,41.361443,2165.788086
Evanston (Wyoming Wind Energy Center),-110.791977,41.393425,2313.156006
Evanston (Wyoming Wind Energy Center),-110.794052,41.399143,2256.416992
Evanston (Wyoming Wind Energy Center),-110.824425,41.366703,2371.180908
Evanston (Wyoming Wind Energy Center),-110.813217,41.362793,2348.768555
Evanston (Wyoming Wind Energy Center),-110.726585,41.382095,2289.092529
Evanston (Wyoming Wind Energy Center),-110.822289,41.342934,2366.864746
Evanston (Wyoming Wind Energy Center),-110.794067,41.320084,2274.714355
Evanston (Wyoming Wind Energy Center),-110.814667,41.338943,2365.119385
Evanston (Wyoming Wind Energy Center),-110.800972,41.326332,2325.966553
Evanston (Wyoming Wind Energy Center),-110.759476,41.383854,2291.475342
Evanston (Wyoming Wind Energy Center),-110.725677,41.380432,2325.477783
Evanston (Wyoming Wind Energy Center),-110.793884,41.305191,2326.437012
Evanston (Wyoming Wind Energy Center),-110.8386,41.370323,2397.420898
Evanston (Wyoming Wind Energy Center),-110.757591,41.381325,2293.753662
Evanston (Wyoming Wind Energy Center),-110.801247,41.339302,2324.877441
Evanston (Wyoming Wind Energy Center),-110.727127,41.383713,2256.793945
Evanston (Wyoming Wind Energy Center),-110.780548,41.328094,2277.4375
Evanston (Wyoming Wind Energy Center),-110.780205,41.326614,2268.541504
Evanston (Wyoming Wind Energy Center),-110.791466,41.391983,2319.676514
Evanston (Wyoming Wind Energy Center),-110.807961,41.345116,2366.247803
Evanston (Wyoming Wind Energy Center),-110.82235,41.365273,2365.102295
Evanston (Wyoming Wind Energy Center),-110.795578,41.321335,2284.789795
Evanston (Wyoming Wind Energy Center),-110.82534,41.345863,2353.351563
Evanston (Wyoming Wind Energy Center),-110.776329,41.387585,2347.542725
Evanston (Wyoming Wind Energy Center),-110.766937,41.349243,2305.765869
Evanston (Wyoming Wind Energy Center),-110.77668,41.389004,2338.305908
Evanston (Wyoming Wind Energy Center),-110.775116,41.386433,2344.977051
Evanston (Wyoming Wind Energy Center),-110.823975,41.344273,2356.20459
Evanston (Wyoming Wind Energy Center),-110.765106,41.348053,2304.244141
Evanston (Wyoming Wind Energy Center),-110.792686,41.302265,2339.218506
Evanston (Wyoming Wind Energy Center),-110.731567,41.366135,2117.044922
Evanston (Wyoming Wind Energy Center),-110.760422,41.385124,2292.96582
Evanston (Wyoming Wind Energy Center),-110.777,41.390423,2323.987793
Evanston (Wyoming Wind Energy Center),-110.793518,41.397713,2267.592041
Evanston (Wyoming Wind Energy Center),-110.770592,41.351624,2305.465332
Evanston (Wyoming Wind Energy Center),-110.802338,41.327583,2323.29126
Evanston (Wyoming Wind Energy Center),-110.772408,41.352802,2291.871094
Evanston (Wyoming Wind Energy Center),-110.799576,41.325085,2314.355469
Evanston (Wyoming Wind Energy Center),-110.779877,41.325134,2253.447021
Evanston (Wyoming Wind Energy Center),-110.802101,41.329544,2308.300537
Evanston (Wyoming Wind Energy Center),-110.727448,41.385143,2235.869141
Evanston (Wyoming Wind Energy Center),-110.827095,41.347973,2351.141357
Evanston (Wyoming Wind Energy Center),-110.807869,41.343044,2382.037598
Evanston (Wyoming Wind Energy Center),-110.838188,41.368855,2413.957275
Evanston (Wyoming Wind Energy Center),-110.789925,41.387684,2334.017578
Evanston (Wyoming Wind Energy Center),-110.781219,41.331055,2302.724121
Evanston (Wyoming Wind Energy Center),-110.773575,41.383522,2339.628906
Evanston (Wyoming Wind Energy Center),-110.793022,41.396275,2282.980225
Evanston (Wyoming Wind Energy Center),-110.758537,41.382584,2295.708008
Evanston (Wyoming Wind Energy Center),-110.792297,41.300644,2339.213135
Evanston (Wyoming Wind Energy Center),-110.792496,41.394855,2297.568604
Evanston (Wyoming Wind Energy Center),-110.790451,41.389122,2329.355713
Evanston (Wyoming Wind Energy Center),-110.768761,41.350422,2305.140625
Evanston (Wyoming Wind Energy Center),-110.819046,41.363754,2365.200195
Evanston (Wyoming Wind Energy Center),-110.79834,41.338493,2314.661621
Evanston (Wyoming Wind Energy Center),-110.813515,41.374195,2376.459229
Evanston (Wyoming Wind Energy Center),-110.837791,41.367393,2412.039063
Evanston (Wyoming Wind Energy Center),-110.794556,41.400574,2249.522461
Evanston (Wyoming Wind Energy Center),-110.780876,41.329575,2294.178955
Evanston (Wyoming Wind Energy Center),-110.793091,41.303852,2337.750488
Evanston (Wyoming Wind Energy Center),-110.774338,41.385124,2342.588867
Evanston (Wyoming Wind Energy Center),-110.826538,41.351753,2343.980225
Evanston (Wyoming Wind Energy Center),-110.794342,41.306595,2316.21875
Evanston (Wyoming Wind Energy Center),-110.736031,41.376675,2323.494141
Evanston (Wyoming Wind Energy Center),-110.80275,41.340683,2332.843018
Evanston (Wyoming Wind Energy Center),-110.728722,41.386654,2219.019043
Evanston (Wyoming Wind Energy Center),-110.790955,41.390553,2321.513184
Evanston (Wyoming Wind Energy Center),-110.816261,41.340282,2380.170898
Evanston (Wyoming Wind Energy Center),-110.734299,41.379135,2323.071777
F.E. Warren Air Force Base,-104.882988,41.175995,1905.606323
F.E. Warren Air Force Base,-104.879089,41.174492,1902.598022
Fairfield Wind Farm,-111.950951,47.709682,1197.810547
Fairfield Wind Farm,-111.952438,47.712212,1197.21167
Fairfield Wind Farm,-111.94973,47.704651,1188.357666
Fairfield Wind Farm,-111.965691,47.720558,1199.717651
Fairfield Wind Farm,-111.965317,47.723274,1198.257813
Fairfield Wind Farm,-111.949043,47.707344,1193.855713
"Foote Creek II, III, IV Repowering",-106.188576,41.65781,2358.095947
"Foote Creek II, III, IV Repowering",-106.180473,41.679878,2338.757813
"Foote Creek II, III, IV Repowering",-106.180847,41.683224,2352.705078
"Foote Creek II, III, IV Repowering",-106.187958,41.660233,2354.971924
"Foote Creek II, III, IV Repowering",-106.181442,41.674393,2336.491455
"Foote Creek II, III, IV Repowering",-106.186913,41.662601,2351.956787
"Foote Creek II, III, IV Repowering",-106.182449,41.672054,2339.203369
"Foote Creek II, III, IV Repowering",-106.18576,41.664974,2348.561035
"Foote Creek II, III, IV Repowering",-106.180222,41.676956,2335.519287
"Foote Creek II, III, IV Repowering",-106.184937,41.667408,2345.095947
"Foote Creek II, III, IV Repowering",-106.183777,41.669777,2342.342041
Fossil Gulch,-114.949585,42.863693,1035.955688
Fossil Gulch,-114.949585,42.862293,1029.704468
Fossil Gulch,-114.949585,42.865093,1040.912598
Fossil Gulch,-114.949585,42.852196,1036.105713
Fossil Gulch,-114.949585,42.858295,1030.927002
Fossil Gulch,-114.949585,42.854393,1039.612915
Fossil Gulch,-114.949585,42.856895,1038.157837
Garnet Wind Project,-116.582489,33.906593,261.3773499
Garnet Wind Project,-116.582489,33.902695,257.4889221
Garnet Wind Project,-116.582489,33.907097,261.3832703
Garnet Wind Project,-116.582489,33.903194,258.6842957
Garnet Wind Project,-116.582489,33.907494,260.8098755
Garnet Wind Project,-116.582489,33.906094,261.2302246
Garnet Wind Project,-116.582489,33.903694,259.0454102
Garnet Wind Project,-116.582489,33.905094,259.5545959
Garnet Wind Project,-116.582489,33.904194,259.3437805
Garnet Wind Project,-116.582489,33.904694,259.5894165
Garnet Wind Project,-116.582489,33.905594,259.7496338
Garnet Wind Project,-116.582489,33.902294,257.3123779
Garnet Wind Project,-116.582489,33.907993,260.7281494
Glacier I,-112.119591,48.504593,1170.570679
Glacier I,-112.154083,48.517494,1146.126099
Glacier I,-112.136391,48.509193,1160.280396
Glacier I,-112.106087,48.514893,1170.551514
Glacier I,-112.088783,48.507992,1174
Glacier I,-112.110588,48.519993,1157.566284
Glacier I,-112.096291,48.511894,1182.149292
Glacier I,-112.088684,48.500092,1162.43396
Glacier I,-112.144791,48.516693,1151.68396
Glacier I,-112.129089,48.523994,1159.421631
Glacier I,-112.179489,48.544693,1140.052368
Glacier I,-112.135384,48.521694,1158.350708
Glacier I,-112.123184,48.498493,1163.969482
Glacier I,-112.097084,48.503593,1171.006226
Glacier I,-112.080688,48.501194,1156.910522
Glacier I,-112.141472,48.545292,1130.685913
Glacier I,-112.136086,48.505795,1158.380493
Glacier I,-112.103889,48.518394,1157.924072
Glacier I,-112.14389,48.507893,1157.055786
Glacier I,-112.081886,48.509094,1171.863647
Glacier I,-112.080887,48.492794,1172.263794
Glacier I,-112.095589,48.516891,1158.125854
Glacier I,-112.145287,48.522892,1150.955688
Glacier I,-112.107285,48.511894,1194.971069
Glacier I,-112.132484,48.542492,1137.317139
Glacier I,-112.094383,48.494694,1166.519287
Glacier I,-112.114685,48.499794,1166.651978
Glacier I,-112.08609,48.511791,1177.701172
Glacier I,-112.12719,48.520794,1161.838989
Glacier I,-112.143288,48.528091,1158.483398
Glacier I,-112.084686,48.514194,1164.220337
Glacier I,-112.088684,48.502594,1159.385132
Glacier I,-112.085388,48.494694,1169.880249
Glacier I,-112.122185,48.495495,1150.662964
Glacier I,-112.103485,48.521992,1137.165405
Glacier I,-112.112083,48.506092,1186.796997
Glacier I,-112.154083,48.523792,1146.546875
Glacier I,-112.143387,48.537792,1145.168213
Glacier I,-112.152489,48.501892,1148.116211
Glacier I,-112.09359,48.519295,1138.241699
Glacier I,-112.154083,48.520794,1146.359741
Glacier I,-112.143585,48.533493,1165.272827
Glacier I,-112.096184,48.506092,1178.45874
Glacier I,-112.122284,48.502193,1173.232666
Glacier I,-112.145889,48.513794,1153.354126
Glacier I,-112.111885,48.522594,1147.361572
Glacier I,-112.096588,48.514591,1170.185425
Glacier I,-112.082184,48.503693,1155.901733
Glacier I,-112.122688,48.515392,1170.227173
Glacier I,-112.151283,48.509495,1142.010498
Glacier I,-112.136688,48.518593,1158.293457
Glacier I,-112.088684,48.497292,1172.131104
Glacier I,-112.140686,48.503593,1146.936279
Glacier I,-112.148788,48.505192,1148.792847
Glacier I,-112.080688,48.498093,1155.941528
Glacier I,-112.110588,48.509094,1200.168091
Glacier I,-112.130989,48.539993,1139.914429
Glacier I,-112.128387,48.517391,1188.113892
Glacier I,-112.143387,48.530792,1161.570068
Glacier I,-112.145386,48.519794,1149.723145
Glacier I,-112.113091,48.517193,1167.935547
Glacier I,-112.177887,48.547192,1140.99646
Glacier I,-112.080688,48.506493,1167.921509
Glacier I,-112.136688,48.512192,1160.509155
Glacier I,-112.083588,48.516792,1146.933105
Glacier I,-112.154083,48.514893,1143.870972
Glacier I,-112.088684,48.505295,1167.890381
Glacier I,-112.112175,48.502937,1171.550781
Glacier I,-112.097084,48.500793,1166.065063
Glacier I,-112.114189,48.513794,1190.351685
Glacier I,-112.136391,48.515392,1160.234009
Glacier Wind II,-112.173584,48.531292,1152.977783
Glacier Wind II,-112.194664,48.534721,1152.207886
Glacier Wind II,-112.172791,48.549694,1132.504883
Glacier Wind II,-112.163383,48.537495,1140.520874
Glacier Wind II,-112.170387,48.558994,1139.015869
Glacier Wind II,-112.227287,48.541893,1175.407837
Glacier Wind II,-112.171288,48.523693,1138.145508
Glacier Wind II,-112.169884,48.553593,1135.835693
Glacier Wind II,-112.163185,48.528793,1154.72644
Glacier Wind II,-112.19339,48.531895,1149.673706
Glacier Wind II,-112.232285,48.535294,1170.764282
Glacier Wind II,-112.168373,48.512661,1137.927002
Glacier Wind II,-112.225487,48.562492,1206.420654
Glacier Wind II,-112.180786,48.541992,1136.230469
Glacier Wind II,-112.190178,48.560184,1143.83374
Glacier Wind II,-112.227188,48.547394,1165.256226
Glacier Wind II,-112.216385,48.524693,1135.656494
Glacier Wind II,-112.186584,48.554691,1139.092407
Glacier Wind II,-112.176384,48.536991,1149.238525
Glacier Wind II,-112.211784,48.573292,1171.880249
Glacier Wind II,-112.218384,48.566093,1208.921021
Glacier Wind II,-112.209984,48.522793,1135.408447
Glacier Wind II,-112.172684,48.528793,1146.572144
Glacier Wind II,-112.167084,48.509392,1134.000244
Glacier Wind II,-112.170685,48.561295,1137.094238
Glacier Wind II,-112.171486,48.526295,1143.124268
Glacier Wind II,-112.22699,48.551094,1167.038208
Glacier Wind II,-112.211685,48.569794,1172.416748
Glacier Wind II,-112.225288,48.553692,1165.253906
Glacier Wind II,-112.189789,48.562992,1144.99585
Glacier Wind II,-112.217087,48.563194,1203.759644
Glacier Wind II,-112.202087,48.527294,1148.602661
Glacier Wind II,-112.189186,48.565792,1152.299927
Glacier Wind II,-112.226486,48.564594,1209.940308
Glacier Wind II,-112.21759,48.546494,1166.764893
Glacier Wind II,-112.188385,48.557392,1146.232422
Glacier Wind II,-112.218086,48.527191,1147.635986
Glacier Wind II,-112.198387,48.521694,1131.860718
Glacier Wind II,-112.163185,48.531292,1159.210693
Glacier Wind II,-112.152763,48.531883,1163.853638
Glacier Wind II,-112.223686,48.537193,1171.162476
Glacier Wind II,-112.19709,48.518894,1127.766357
Glacier Wind II,-112.173386,48.534393,1151.344971
Glacier Wind II,-112.171288,48.556194,1133.497803
Glacier Wind II,-112.152985,48.535591,1150.717041
Glacier Wind II,-112.223389,48.556793,1178.039551
Glacier Wind II,-112.214485,48.530094,1163.935547
Glacier Wind II,-112.226685,48.559395,1178.474854
Glacier Wind II,-112.162689,48.534191,1155.567993
Glacier Wind II,-112.200386,48.524391,1140.031494
Glacier Wind II,-112.170685,48.515392,1137.568115
Glacier Wind II,-112.234085,48.538193,1182.197266
Glacier Wind II,-112.153488,48.537891,1145.327881
Glacier Wind II,-112.218788,48.540092,1175.371704
Glacier Wind II,-112.227188,48.544495,1170.391724
Glacier Wind II,-112.215485,48.535294,1158.684937
Glacier Wind II,-112.214188,48.532593,1156.943848
Glacier Wind II,-112.179787,48.552395,1137.192383
Glacier Wind II,-112.22139,48.571095,1210.026978
Glacier Wind II,-112.152786,48.529392,1158.571533
Glacier Wind II,-112.150986,48.526394,1150.399414
Glacier Wind II,-112.217987,48.543694,1169.440063
Glacier Wind II,-112.17009,48.518394,1136.746216
Glacier Wind II,-112.173904,48.540161,1141.090942
Glacier Wind II,-112.22139,48.568493,1213.991577
Glacier Wind II,-112.231186,48.532093,1178.73291
Glacier Wind II,-112.094788,48.509594,1199.980957
Glacier Wind II,-112.170288,48.521091,1134.579224
Glacier Wind II,-112.218185,48.561092,1196.564087
Glenrock,-105.833488,43.071594,1815.996826
Glenrock,-105.828789,43.100391,1796.949463
Glenrock,-105.796288,43.024391,1797.621094
Glenrock,-105.824593,43.050491,1794.355957
Glenrock,-105.83139,43.083591,1819.577148
Glenrock,-105.83519,43.072594,1820.668579
Glenrock,-105.82029,43.045094,1808.082397
Glenrock,-105.796288,43.017391,1777.275757
Glenrock,-105.830292,43.053993,1802.241821
Glenrock,-105.828392,43.052792,1805.09729
Glenrock,-105.835793,43.074394,1825.8302
Glenrock,-105.821289,43.039993,1804.213501
Glenrock,-105.82119,43.038391,1808.411499
Glenrock,-105.832787,43.070091,1813.678955
Glenrock,-105.810089,43.101395,1788.743286
Glenrock,-105.832588,43.079494,1842.727905
Glenrock,-105.824188,43.110191,1781.416382
Glenrock,-105.82679,43.090393,1818.561401
Glenrock,-105.793991,43.009293,1757.228394
Glenrock,-105.826889,43.104294,1785.398804
Glenrock,-105.83239,43.066395,1816.043091
Glenrock,-105.821091,43.041695,1807.020752
Glenrock,-105.826286,43.096092,1787.733154
Glenrock,-105.811691,43.127392,1736.105225
Glenrock,-105.827888,43.098892,1792.543335
Glenrock,-105.83149,43.064793,1819.390991
Glenrock,-105.808792,43.100193,1789.903809
Glenrock,-105.796692,43.020893,1783.468384
Glenrock,-105.811989,43.104591,1773.487549
Glenrock,-105.83519,43.075893,1827.695068
Glenrock,-105.831291,43.059593,1817.715576
Glenrock,-105.791588,43.006695,1766.935425
Glenrock,-105.833488,43.055492,1813.017334
Glenrock,-105.826691,43.092094,1806.506714
Glenrock,-105.821388,43.043194,1799.677856
Glenrock,-105.795387,43.011192,1776.139526
Glenrock,-105.832993,43.057392,1812.280884
Glenrock,-105.796188,43.015892,1770.108643
Glenrock,-105.826286,43.105991,1791.310791
Glenrock,-105.819786,43.048592,1804.531982
Glenrock,-105.826691,43.097591,1784.661255
Glenrock,-105.796288,43.014194,1760.790283
Glenrock,-105.83329,43.067993,1813.399658
Glenrock,-105.82299,43.111992,1793.162109
Glenrock,-105.825386,43.051891,1794.848877
Glenrock,-105.795792,43.012691,1773.613037
Glenrock,-105.813393,43.123093,1737.507202
Glenrock,-105.826286,43.088894,1819.280884
Glenrock,-105.822289,43.049492,1799.33728
Glenrock,-105.806992,43.098991,1779.13916
Glenrock,-105.828491,43.102493,1786.425781
Glenrock,-105.819687,43.046692,1809.106323
Glenrock,-105.81459,43.121193,1738.249146
Glenrock,-105.795891,43.019093,1778.71582
Glenrock,-105.831291,43.061394,1816.485229
Glenrock,-105.826385,43.094395,1799.422729
Glenrock,-105.825287,43.108093,1777.280884
Glenrock,-105.833885,43.077991,1835.952515
Glenrock,-105.828392,43.086292,1814.586792
Glenrock,-105.79689,43.025894,1793.022705
Glenrock,-105.830688,43.063194,1821.88208
Glenrock,-105.791588,43.008293,1764.708618
Glenrock,-105.831291,43.081795,1842.186523
Glenrock,-105.79689,43.022594,1787.393921
Glenrock,-105.812592,43.125195,1732.18689
Glenrock,-105.80999,43.103092,1780.956665
Glenrock III,-105.832687,43.027092,1749.198486
Glenrock III,-105.803787,42.988392,1726.943604
Glenrock III,-105.815887,43.095795,1788.192017
Glenrock III,-105.81179,43.016891,1729.51355
Glenrock III,-105.821388,43.022594,1727.547729
Glenrock III,-105.835091,43.034393,1749.71875
Glenrock III,-105.819588,43.021492,1724.647827
Glenrock III,-105.803787,42.986694,1720.609131
Glenrock III,-105.813393,42.986614,1727.632568
Glenrock III,-105.830086,43.023792,1738.553833
Glenrock III,-105.834892,43.029991,1743.384766
Glenrock III,-105.806488,42.981552,1735.650024
Glenrock III,-105.845291,43.077694,1823.06189
Glenrock III,-105.809486,43.015793,1730.775635
Glenrock III,-105.806992,43.013294,1725.792114
Glenrock III,-105.817291,43.018692,1723.430664
Glenrock III,-105.845589,43.075993,1814.238403
Glenrock III,-105.808189,43.014591,1727.838013
Glenrock III,-105.834236,43.032974,1743.696655
Glenrock III,-105.831985,43.024593,1741.039185
Glenrock III,-105.836693,43.035694,1755.004883
Glenrock III,-105.81839,43.020191,1723.805298
Glenrock III,-105.834091,43.028393,1748.77771
Glenrock III,-105.816086,43.097492,1791.910645
Glenrock III,-105.828186,43.023094,1734.921265
Glenrock III,-105.804588,42.983994,1715.130493
Gold Hills Wind,-120.642944,45.517933,523.086853
Golden Acorn Casino,-116.351318,32.701496,1264.998779
Golden Hills,-121.614594,37.728054,231.279892
Golden Hills,-121.640694,37.711155,408.4434509
Golden Hills,-121.636185,37.710297,375.6168823
Golden Hills,-121.657906,37.705585,416.7139282
Golden Hills,-121.648514,37.718655,402.7457581
Golden Hills,-121.674286,37.715416,395.1870422
Golden Hills,-121.626045,37.714924,345.3086243
Golden Hills,-121.658958,37.710087,466.4186401
Golden Hills,-121.650024,37.708775,399.5359192
Golden Hills,-121.614479,37.718826,242.5656281
Golden Hills,-121.60482,37.726204,184.7019653
Golden Hills,-121.625618,37.703976,375.4916077
Golden Hills,-121.624817,37.719265,339.7580872
Golden Hills,-121.620255,37.710064,309.7891235
Golden Hills,-121.61113,37.724876,221.5640717
Golden Hills,-121.610245,37.722145,228.0623169
Golden Hills,-121.621696,37.723194,264.2605591
Golden Hills,-121.629936,37.708416,381.7071533
Golden Hills,-121.6436,37.703377,434.7272949
Golden Hills,-121.672279,37.713547,412.6083984
Golden Hills,-121.629517,37.704575,391.4797363
Golden Hills,-121.639435,37.707325,409.6059265
Golden Hills,-121.627785,37.723846,334.4596252
Golden Hills,-121.616074,37.725285,244.6549225
Golden Hills,-121.610367,37.712124,211.5750122
Golden Hills,-121.63147,37.710915,375.576416
Golden Hills,-121.606773,37.721146,201.2319641
Golden Hills,-121.626106,37.727306,283.6914368
Golden Hills,-121.638535,37.719967,391.0707092
Golden Hills,-121.660225,37.712166,475.4820862
Golden Hills,-121.619415,37.727455,229.4177246
Golden Hills,-121.64328,37.718567,378.9099426
Golden Hills,-121.648376,37.714005,379.315979
Golden Hills,-121.615356,37.722115,257.1160278
Golden Hills,-121.631149,37.713627,361.8825378
Golden Hills,-121.643509,37.713177,400.9567261
Golden Hills,-121.601944,37.723057,190.3379211
Golden Hills,-121.661697,37.714153,434.5324707
Golden Hills,-121.654533,37.710636,428.1381226
Golden Hills,-121.636925,37.713715,388.9829102
Golden Hills,-121.64077,37.716583,374.2489319
Golden Hills,-121.624336,37.710613,360.1818237
Golden Hills,-121.628525,37.716526,382.2949524
Golden Hills,-121.66983,37.712326,408.1242981
Golden Hills,-121.62706,37.721287,338.9841309
Golden Hills,-121.612526,37.716984,233.3066559
Golden Hills,-121.622475,37.714684,296.754364
Golden Hills,-121.610107,37.709427,245.8789368
Golden Hills (Oregon),-120.645134,45.524757,502.2753296
Golden Hills (Oregon),-120.725426,45.512939,600.4035034
Golden Hills (Oregon),-120.678963,45.537952,535.6816406
Golden Hills (Oregon),-120.64341,45.529854,499.6773071
Golden Hills (Oregon),-120.712212,45.529026,601.2354126
Golden Hills (Oregon),-120.74334,45.523918,662.9932861
Golden Hills (Oregon),-120.710213,45.537632,561.8354492
Golden Hills (Oregon),-120.679909,45.523903,548.6920166
Golden Hills (Oregon),-120.736664,45.570969,463.8554993
Golden Hills (Oregon),-120.74482,45.535316,576.2478638
Golden Hills (Oregon),-120.705521,45.557369,503.0059204
Golden Hills (Oregon),-120.733803,45.56427,476.2318726
Golden Hills (Oregon),-120.706047,45.554344,513.9301147
Golden Hills (Oregon),-120.731987,45.558674,493.8556824
Golden Hills (Oregon),-120.663689,45.495678,554.9154053
Golden Hills (Oregon),-120.706657,45.544575,549.991333
Golden Hills (Oregon),-120.705772,45.55106,531.2731323
Golden Hills (Oregon),-120.732269,45.551933,515.4154663
Golden Hills (Oregon),-120.745461,45.532494,593.5552979
Golden Hills (Oregon),-120.679153,45.527573,542.4290161
Golden Hills (Oregon),-120.711823,45.53199,590.1765747
Golden Hills (Oregon),-120.733818,45.525501,663.1380005
Golden Hills (Oregon),-120.665916,45.501698,542.9943237
Golden Hills (Oregon),-120.70079,45.510296,553.5404053
Golden Hills (Oregon),-120.725594,45.516247,603.6491089
Golden Hills (Oregon),-120.643448,45.4963,559.0058594
Golden Hills (Oregon),-120.64093,45.492386,573.5776367
Golden Hills (Oregon),-120.682777,45.549484,518.0377197
Golden Hills (Oregon),-120.684006,45.530682,551.4451904
Golden Hills (Oregon),-120.692604,45.514023,538.7826538
Golden Hills (Oregon),-120.661301,45.492558,562.4326172
Golden Hills (Oregon),-120.663811,45.498657,550.2471924
Golden Hills (Oregon),-120.706329,45.541622,556.0252075
Golden Hills (Oregon),-120.732285,45.539936,558.8839111
Golden Hills (Oregon),-120.705605,45.559868,499.7234802
Golden Hills (Oregon),-120.644135,45.521744,511.3086548
Golden Hills (Oregon),-120.733673,45.561523,491.5194702
Golden Hills (Oregon),-120.645088,45.499771,558.6541138
Golden Hills (Oregon),-120.679085,45.542568,551.6414185
Golden Hills (Oregon),-120.71595,45.525177,613.2851563
Golden Hills (Oregon),-120.725693,45.521549,617.3064575
Golden Hills (Oregon),-120.680931,45.558693,507.7987671
Golden Hills (Oregon),-120.707207,45.505894,561.93396
Golden Hills (Oregon),-120.646622,45.508636,541.2230835
Golden Hills (Oregon),-120.683029,45.561668,492.5016785
Golden Hills (Oregon),-120.716377,45.50264,581.7536011
Golden Hills (Oregon),-120.710899,45.535122,576.0492554
Golden Hills (Oregon),-120.642204,45.514118,528.7739258
Golden Hills (Oregon),-120.682831,45.545364,534.1796875
Golden Hills (Oregon),-120.732239,45.543926,544.8851929
Golden Hills North,-121.662148,37.78611,229.5825806
Golden Hills North,-121.615791,37.760563,134.1625977
Golden Hills North,-121.62114,37.756844,203.7938385
Golden Hills North,-121.620789,37.760513,183.1166687
Golden Hills North,-121.661514,37.78204,251.7780151
Golden Hills North,-121.665642,37.787468,267.9632874
Golden Hills North,-121.666306,37.782238,267.5670776
Golden Hills North,-121.655754,37.767723,294.9672852
Golden Hills North,-121.652328,37.784454,194.6930084
Golden Hills North,-121.629532,37.770199,193.4798584
Golden Hills North,-121.655983,37.784878,226.658371
Golden Hills North,-121.625237,37.768562,164.3793335
Golden Hills North,-121.657181,37.769787,293.0769348
Golden Hills North,-121.616692,37.751003,172.7164307
Golden Hills North,-121.65612,37.779156,217.6025391
Golden Hills North,-121.615974,37.746361,187.9637909
Golden Hills North,-121.615814,37.757481,149.6248932
Golden Hills North,-121.633011,37.771812,194.7391357
Golden Hills North,-121.628899,37.749657,195.4091797
Golden Hills North,-121.65332,37.77676,244.3396912
Golden Valley,-113.906891,42.436695,1320.394653
Golden Valley,-113.906891,42.432995,1318.986328
Golden Valley,-113.925591,42.436592,1323.991943
Golden Valley,-113.923988,42.440292,1327.626587
Golden Valley,-113.922386,42.443893,1329.06665
Golden Valley,-113.906891,42.444096,1321.033081
Golden Valley,-113.906891,42.440395,1321.456421
Golden Valley,-113.927185,42.432896,1325.324219
Golden West Wind Farm,-104.267052,38.996044,2086.140625
Golden West Wind Farm,-104.234802,39.031193,2031.692139
Golden West Wind Farm,-104.236237,39.020424,2046.614258
Golden West Wind Farm,-104.21785,39.015812,2023.42688
Golden West Wind Farm,-104.25486,38.937714,2037.958862
Golden West Wind Farm,-104.278374,38.960865,2071.714844
Golden West Wind Farm,-104.17585,39.035412,2012.684448
Golden West Wind Farm,-104.186028,39.044563,2013.911133
Golden West Wind Farm,-104.149353,39.054554,2006.963501
Golden West Wind Farm,-104.205887,39.031952,2035.068481
Golden West Wind Farm,-104.191612,39.046585,2034.222168
Golden West Wind Farm,-104.285309,38.948353,2073
Golden West Wind Farm,-104.223198,38.950432,2023.742432
Golden West Wind Farm,-104.21579,39.049603,2055.105225
Golden West Wind Farm,-104.24781,39.029522,2052.931396
Golden West Wind Farm,-104.241508,38.995304,2053.115967
Golden West Wind Farm,-104.242828,38.956825,2053.669922
Golden West Wind Farm,-104.212669,39.014885,2012.790405
Golden West Wind Farm,-104.306061,38.962475,2100.206299
Golden West Wind Farm,-104.241241,39.037945,2049.031494
Golden West Wind Farm,-104.288673,38.988823,2095.333008
Golden West Wind Farm,-104.224579,39.039085,2048.649414
Golden West Wind Farm,-104.156403,39.032333,1981.587524
Golden West Wind Farm,-104.23658,39.037842,2055.341553
Golden West Wind Farm,-104.196213,39.046803,2039.077393
Golden West Wind Farm,-104.209999,39.047375,2044.579834
Golden West Wind Farm,-104.218117,38.988434,2024.162109
Golden West Wind Farm,-104.302551,38.973064,2092.786621
Golden West Wind Farm,-104.223259,39.016674,2031.207886
Golden West Wind Farm,-104.250092,38.966503,2071.103271
Golden West Wind Farm,-104.227249,38.942944,2027.644653
Golden West Wind Farm,-104.170822,39.033463,2005.568848
Golden West Wind Farm,-104.269073,38.993324,2088.198975
Golden West Wind Farm,-104.228889,39.038635,2051.542236
Golden West Wind Farm,-104.227631,38.993572,2037.330078
Golden West Wind Farm,-104.264473,38.942482,2048.493408
Golden West Wind Farm,-104.28862,38.957684,2072.80835
Golden West Wind Farm,-104.248932,39.024303,2063.655273
Golden West Wind Farm,-104.19812,39.038513,2029.944824
Golden West Wind Farm,-104.153122,39.016655,1981.053589
Golden West Wind Farm,-104.236389,39.002872,2048.95752
Golden West Wind Farm,-104.166733,39.034302,2004.055908
Golden West Wind Farm,-104.263252,38.936234,2043.501831
Golden West Wind Farm,-104.241974,39.022285,2054.999756
Golden West Wind Farm,-104.241669,39.000854,2055.850342
Golden West Wind Farm,-104.239029,38.927814,2023.543335
Golden West Wind Farm,-104.19043,39.024975,2013.522827
Golden West Wind Farm,-104.149628,39.047222,2001.143311
Golden West Wind Farm,-104.152718,39.065475,2013.073975
Golden West Wind Farm,-104.236549,39.045395,2061.287598
Golden West Wind Farm,-104.222931,39.045002,2062.601318
Golden West Wind Farm,-104.243156,39.007343,2049.470947
Golden West Wind Farm,-104.240227,38.949722,2046.791992
Golden West Wind Farm,-104.156013,39.058353,2014.096924
Golden West Wind Farm,-104.30188,38.963192,2091.246582
Golden West Wind Farm,-104.25853,38.959763,2068.970215
Golden West Wind Farm,-104.26577,38.961365,2068.516357
Golden West Wind Farm,-104.161903,39.019135,1995.997314
Golden West Wind Farm,-104.29734,38.963753,2081.502197
Golden West Wind Farm,-104.148972,39.015423,1981.688721
Golden West Wind Farm,-104.291428,38.951595,2080.393799
Golden West Wind Farm,-104.248947,38.929012,2031.360107
Golden West Wind Farm,-104.24633,38.951164,2055.08667
Golden West Wind Farm,-104.236412,38.994972,2048.187012
Golden West Wind Farm,-104.218513,39.046482,2056.329834
Golden West Wind Farm,-104.297501,38.981415,2115.182129
Golden West Wind Farm,-104.174133,39.045532,1996.249878
Golden West Wind Farm,-104.165314,39.05706,2027.237793
Golden West Wind Farm,-104.234467,38.952553,2043.30603
Golden West Wind Farm,-104.241447,38.967304,2059.076172
Golden West Wind Farm,-104.280098,38.947556,2063.266602
Golden West Wind Farm,-104.291328,38.986183,2107.504395
Golden West Wind Farm,-104.192101,39.035095,2023.501343
Golden West Wind Farm,-104.192467,39.001915,1999.904297
Golden West Wind Farm,-104.161308,39.059013,2017.909912
Golden West Wind Farm,-104.186218,39.023373,2011.427734
Golden West Wind Farm,-104.269943,38.940922,2054.576904
Golden West Wind Farm,-104.247971,38.957775,2062.942139
Golden West Wind Farm,-104.171883,39.021034,2005.247925
Golden West Wind Farm,-104.228882,38.951714,2033.878296
Golden West Wind Farm,-104.246132,39.035843,2041.237061
Golden West Wind Farm,-104.307114,38.972595,2092.846436
Golden West Wind Farm,-104.217751,39.035732,2042.366455
Golden West Wind Farm,-104.273232,38.948402,2056.099854
Golden West Wind Farm,-104.207779,39.014954,2004.58606
Golden West Wind Farm,-104.161041,39.032242,1995.64563
Golden West Wind Farm,-104.205521,39.047485,2037.564087
Golden West Wind Farm,-104.148079,39.066002,2006.933716
Golden West Wind Farm,-104.213379,38.988255,2017.107056
Golden West Wind Farm,-104.208023,38.988304,2009.059937
Golden West Wind Farm,-104.267517,38.974045,2088.094482
Golden West Wind Farm,-104.152168,39.032955,1981.289429
Golden West Wind Farm,-104.251328,38.951744,2049.779785
Golden West Wind Farm,-104.272263,38.961422,2068.332275
Golden West Wind Farm,-104.179573,39.044983,2013.915527
Golden West Wind Farm,-104.253983,38.929382,2036.199951
Golden West Wind Farm,-104.224251,38.924362,2010.578735
Golden West Wind Farm,-104.229233,39.029224,2027.20105
Golden West Wind Farm,-104.308662,38.980854,2110.03125
Golden West Wind Farm,-104.304199,38.979603,2107.765625
Golden West Wind Farm,-104.18042,39.052803,2006.341187
Golden West Wind Farm,-104.272087,38.973682,2093.03418
Golden West Wind Farm,-104.264671,38.966923,2081.101318
Golden West Wind Farm,-104.262901,38.974983,2087.186035
Golden West Wind Farm,-104.268219,38.948002,2048.244873
Golden West Wind Farm,-104.233131,38.945534,2035.98938
Golden West Wind Farm,-104.272118,38.966843,2081.271973
Golden West Wind Farm,-104.201118,39.047375,2038.232056
Golden West Wind Farm,-104.180107,39.035362,2016.921265
Golden West Wind Farm,-104.279121,38.966805,2082.234375
Golden West Wind Farm,-104.283493,38.957085,2064.502197
Golden West Wind Farm,-104.186882,39.002316,1996.914673
Golden West Wind Farm,-104.231483,38.922203,2021.136597
Golden West Wind Farm,-104.171822,39.053684,2014.485718
Golden West Wind Farm,-104.240051,38.943783,2037.292725
Golden West Wind Farm,-104.25515,38.967304,2077.774414
Golden West Wind Farm,-104.260498,38.967983,2084.377197
Golden West Wind Farm,-104.233231,38.939354,2030.30542
Golden West Wind Farm,-104.24366,38.928715,2027.732422
Golden West Wind Farm,-104.31015,38.969975,2100.374756
Golden West Wind Farm,-104.245758,39.000404,2061.085449
Golden West Wind Farm,-104.22802,39.046394,2069.768555
Golden West Wind Farm,-104.230553,39.018883,2039.606934
Golden West Wind Farm,-104.236542,38.922573,2023.925659
Golden West Wind Farm,-104.237831,39.027275,2039.460571
Golden West Wind Farm,-104.285332,38.966824,2083.106934
Golden West Wind Farm,-104.212044,39.035534,2042.375
Golden West Wind Farm,-104.231956,38.994263,2042.635254
Golden West Wind Farm,-104.24588,38.967113,2067.907227
Golden West Wind Farm,-104.176537,39.053944,2012.158325
Golden West Wind Farm,-104.199402,39.003284,2010.069946
Golden West Wind Farm,-104.225182,39.007084,2029.109497
Golden West Wind Farm,-104.254066,38.961014,2075.467285
Golden West Wind Farm,-104.297081,38.972115,2093.673584
Golden West Wind Farm,-104.178032,39.022655,2011.331299
Golden West Wind Farm,-104.234657,39.006962,2042.101563
Golden West Wind Farm,-104.166748,39.019943,2001.641357
Golden West Wind Farm,-104.157768,39.017452,1989.70459
Golden West Wind Farm,-104.168732,39.055824,2010.779907
Golden West Wind Farm,-104.245804,38.995644,2059.996582
Golden West Wind Farm,-104.225464,38.914852,2010.78186
Golden West Wind Farm,-104.170479,39.047363,2001.117065
Golden West Wind Farm,-104.300644,38.980206,2112.974609
Golden West Wind Farm,-104.232597,39.046482,2065.435059
Golden West Wind Farm,-104.229362,39.005993,2040.088257
Goodnoe Hills,-120.555389,45.788094,784.6044922
Goodnoe Hills,-120.513687,45.778595,762.3475952
Goodnoe Hills,-120.536583,45.790195,737.3312378
Goodnoe Hills,-120.511482,45.786896,697.4744873
Goodnoe Hills,-120.572289,45.779594,755.8127441
Goodnoe Hills,-120.563484,45.788593,768.019165
Goodnoe Hills,-120.571182,45.775696,737.8899536
Goodnoe Hills,-120.517487,45.781796,739.2452393
Goodnoe Hills,-120.511482,45.785496,707.6517334
Goodnoe Hills,-120.547783,45.790394,762.6470337
Goodnoe Hills,-120.500389,45.779793,720.1205444
Goodnoe Hills,-120.47049,45.773396,698.9696655
Goodnoe Hills,-120.570686,45.786995,744.4796143
Goodnoe Hills,-120.507889,45.774994,742.274292
Goodnoe Hills,-120.569786,45.789192,734.5145874
Goodnoe Hills,-120.475082,45.784492,608.6386108
Goodnoe Hills,-120.496689,45.773293,711.8609009
Goodnoe Hills,-120.571884,45.777794,756.2839966
Goodnoe Hills,-120.489288,45.776695,731.2728271
Goodnoe Hills,-120.511589,45.781193,732.2095337
Goodnoe Hills,-120.511787,45.783493,722.4391479
Goodnoe Hills,-120.478485,45.777195,728.5588379
Goodnoe Hills,-120.547188,45.785694,801.5100708
Goodnoe Hills,-120.564186,45.786095,774.8095093
Goodnoe Hills,-120.571686,45.783394,756.9223633
Goodnoe Hills,-120.536987,45.785694,794.3151245
Goodnoe Hills,-120.545784,45.783592,806.1266479
Goodnoe Hills,-120.521187,45.778393,785.7019043
Goodnoe Hills,-120.51339,45.776592,777.6170044
Goodnoe Hills,-120.489082,45.783195,658.1212769
Goodnoe Hills,-120.564087,45.781193,777.2905884
Goodnoe Hills,-120.469788,45.777195,722.6132202
Goodnoe Hills,-120.472885,45.775394,725.6032104
Goodnoe Hills,-120.478783,45.774296,717.6069336
Goodnoe Hills,-120.489983,45.779293,713.859436
Goodnoe Hills,-120.488083,45.774994,735.2259521
Goodnoe Hills,-120.53669,45.788094,769.2642822
Goodnoe Hills,-120.524086,45.782093,760.4146729
Goodnoe Hills,-120.500389,45.777794,727.3450317
Goodnoe Hills,-120.488487,45.781395,674.1954346
Goodnoe Hills,-120.555389,45.791492,741.4034424
Goodnoe Hills,-120.554985,45.789993,768.6859131
Goodnoe Hills,-120.489189,45.772694,720.4475098
Goodnoe Hills,-120.475983,45.782593,624.956665
Goodnoe Hills,-120.537582,45.783195,819.8314819
Goodnoe Hills,-120.546684,45.787792,792.0263062
Goodnoe Hills,-120.476883,45.779896,671.1066895
Gordon Butte,-110.332687,46.413792,1847.195068
Gordon Butte,-110.331688,46.417492,1793.283447
Gordon Butte,-110.338692,46.406292,1837.23938
Gordon Butte,-110.335388,46.408592,1841.88269
Gordon Butte,-110.33419,46.410694,1847.670044
Gordon Butte,-110.331589,46.415691,1828.723022
Goshen North,-111.828186,43.455093,1807.33252
Goshen North,-111.841187,43.507595,1673.561646
Goshen North,-111.836388,43.504795,1735.847534
Goshen North,-111.826591,43.476795,1734.387207
Goshen North,-111.832489,43.499992,1739.038452
Goshen North,-111.858887,43.469296,1778.532959
Goshen North,-111.83709,43.492695,1730.075806
Goshen North,-111.809387,43.495396,1711.09375
Goshen North,-111.841888,43.441895,1815.72583
Goshen North,-111.854889,43.455296,1854.900757
Goshen North,-111.820786,43.468994,1767.97998
Goshen North,-111.843285,43.509293,1661.708252
Goshen North,-111.807785,43.456196,1780.595947
Goshen North,-111.806786,43.469692,1749.647583
Goshen North,-111.851685,43.480995,1719.095215
Goshen North,-111.85849,43.444996,1830.302734
Goshen North,-111.845688,43.429893,1860.022705
Goshen North,-111.830589,43.458996,1819.010864
Goshen North,-111.846085,43.427094,1867.241089
Goshen North,-111.858292,43.473892,1748.099609
Goshen North,-111.854286,43.458393,1835.00354
Goshen North,-111.806885,43.478195,1743.303345
Goshen North,-111.84359,43.494793,1695.685425
Goshen North,-111.829788,43.451096,1803.195435
Goshen North,-111.855492,43.482094,1738.901978
Goshen North,-111.857391,43.465294,1796.542847
Goshen North,-111.854187,43.463696,1805.534912
Goshen North,-111.862289,43.452496,1806.654053
Goshen North,-111.847389,43.462593,1821.967773
Goshen North,-111.862389,43.446194,1811.923584
Goshen North,-111.84449,43.472393,1752.554077
Goshen North,-111.832787,43.496796,1739.099121
Goshen North,-111.837486,43.472595,1785.112305
Goshen North,-111.836388,43.467094,1786.3479
Goshen North,-111.863091,43.420994,1877.219482
Goshen North,-111.830788,43.461693,1809.596558
Goshen North,-111.842285,43.504593,1681.779907
Goshen North,-111.854286,43.490395,1686.084961
Goshen North,-111.861588,43.435993,1833.603638
Goshen North,-111.842491,43.500893,1714.742676
Goshen North,-111.846191,43.466694,1794.860474
Goshen North,-111.812485,43.478195,1748.416504
Goshen North,-111.835892,43.481693,1730.996094
Goshen North,-111.810089,43.471493,1747.535645
Goshen North,-111.866188,43.437992,1807.940674
Goshen North,-111.819687,43.472393,1757.563477
Goshen North,-111.849991,43.475994,1734.596436
Goshen North,-111.858086,43.451492,1845.53772
Goshen North,-111.825089,43.498993,1708.730469
Goshen North,-111.846786,43.479996,1724.605103
Goshen North,-111.840691,43.493492,1719.353271
Goshen North,-111.857185,43.483994,1725.193481
Goshen North,-111.857391,43.420494,1896.7323
Goshen North,-111.817291,43.482594,1722.299072
Goshen North,-111.85099,43.429794,1862.835815
Goshen North,-111.871086,43.413094,1898.60022
Goshen North,-111.834991,43.470993,1772.214111
Goshen North,-111.841888,43.449093,1825.709961
Goshen North,-111.815887,43.456295,1792.142822
Goshen North,-111.870987,43.422092,1848.926392
Goshen North,-111.846886,43.486294,1695.541138
Goshen North,-111.856888,43.486492,1706.445557
Goshen North,-111.84259,43.454796,1836.863281
Goshen North,-111.825691,43.493996,1727.3125
Goshen North,-111.85849,43.476593,1746.205322
Goshen North,-111.862885,43.416595,1903.241089
Goshen North,-111.826889,43.471893,1754.743652
Goshen North,-111.834686,43.477196,1751.950073
Goshen North,-111.864487,43.465195,1765.652466
Goshen North,-111.837791,43.454193,1812.451172
Goshen North,-111.833191,43.488094,1720.336792
Goshen North,-111.862587,43.457195,1783.538086
Goshen North,-111.856491,43.493694,1671.703125
Goshen North,-111.813591,43.472893,1758.138428
Goshen North,-111.806587,43.481792,1739.260498
Goshen North,-111.84819,43.458893,1838.943604
Goshen North,-111.81459,43.495396,1709.237427
Goshen North,-111.836189,43.501896,1723.906738
Goshen North,-111.837685,43.478493,1736.24707
Goshen North,-111.847786,43.455795,1853.488159
Goshen North,-111.82029,43.498093,1724.169067
Goshen North,-111.865189,43.468994,1742.005615
Goshen North,-111.862289,43.431293,1850.800049
Greenfield Wind Farm,-111.911743,47.708488,1207.817017
Greenfield Wind Farm,-111.908485,47.723942,1210.483276
Greenfield Wind Farm,-111.91571,47.710136,1209.412109
Greenfield Wind Farm,-111.919922,47.711758,1210.811523
Greenfield Wind Farm,-111.903236,47.718231,1212.510742
Greenfield Wind Farm,-111.911148,47.72628,1212.037598
Greenfield Wind Farm,-111.93618,47.725807,1217.009033
Greenfield Wind Farm,-111.928802,47.717407,1212.776855
Greenfield Wind Farm,-111.931503,47.720322,1213.790771
Greenfield Wind Farm,-111.905121,47.721283,1213.371094
Greenfield Wind Farm,-111.933739,47.723122,1216.154907
Greenfield Wind Farm,-111.907204,47.707287,1206.430176
Greenfield Wind Farm,-111.927704,47.714424,1211.059448
H & S - Tehachapi,-118.365364,35.076321,1538.14917
H & S - Tehachapi,-118.364845,35.076862,1546.049561
H & S - Tehachapi,-118.365295,35.076469,1539.322754
H & S - Tehachapi,-118.364204,35.07748,1556.672241
H & S - Tehachapi,-118.365578,35.076122,1536.181152
H & S - Tehachapi,-118.383057,35.07531,1500.938354
H & S - Tehachapi,-118.364906,35.076736,1544.065918
H & S - Tehachapi,-118.365074,35.076645,1541.837524
H & S - Tehachapi,-118.364464,35.077156,1552.153198
H & S - Tehachapi,-118.383278,35.075275,1491.893677
H & S - Tehachapi,-118.364639,35.07708,1550.344482
H & S - Tehachapi,-118.364693,35.076935,1548.074341
H & S - Tehachapi,-118.38282,35.075348,1505.863647
H & S - Tehachapi,-118.36779,35.072994,1503.776489
H & S - Tehachapi,-118.364029,35.077564,1558.181763
H & S - Tehachapi,-118.364418,35.077278,1553.684937
H & S - Tehachapi,-118.365524,35.076248,1537.072266
H & S - Tehachapi,-118.365288,35.074394,1515.000977
H & S - Tehachapi,-118.363998,35.077705,1559.53418
H & S - Tehachapi,-118.382607,35.075333,1505.861816
H & S - Tehachapi,-118.364273,35.077347,1555.133057
Happy Jack,-104.997887,41.139793,2004.230469
Happy Jack,-105.00869,41.139091,2006.040039
Happy Jack,-104.983788,41.140892,1982.008057
Happy Jack,-104.982887,41.133392,1993.217896
Happy Jack,-105.008087,41.144993,1996.845459
Happy Jack,-105.008888,41.141293,2005.138672
Happy Jack,-104.984787,41.135494,1982.296997
Happy Jack,-104.995987,41.142994,1993.953125
Happy Jack,-104.982491,41.145794,1981.281372
Happy Jack,-104.994293,41.132492,1999.794189
Happy Jack,-104.994492,41.135391,1995.550171
Happy Jack,-104.996094,41.137894,1989.858398
Happy Jack,-104.98439,41.143291,1978.173706
Happy Jack,-104.995293,41.145695,1983.852417
Harvest Wind Farm,-120.253082,45.793995,615.5078125
Harvest Wind Farm,-120.417984,45.783195,709.4407349
Harvest Wind Farm,-120.228889,45.790794,536.2088013
Harvest Wind Farm,-120.259285,45.783394,583.3679199
Harvest Wind Farm,-120.436089,45.793293,682.9997559
Harvest Wind Farm,-120.431587,45.811893,741.5318604
Harvest Wind Farm,-120.411987,45.785393,717.7750854
Harvest Wind Farm,-120.259888,45.788193,602.8352661
Harvest Wind Farm,-120.259888,45.790295,614.0531616
Harvest Wind Farm,-120.411186,45.789494,694.010437
Harvest Wind Farm,-120.238586,45.767796,517.4398193
Harvest Wind Farm,-120.241882,45.782593,552.1710205
Harvest Wind Farm,-120.24379,45.797295,594.3515015
Harvest Wind Farm,-120.230583,45.782192,514.2284546
Harvest Wind Farm,-120.435585,45.797894,695.8060913
Harvest Wind Farm,-120.435089,45.806892,731.6569824
Harvest Wind Farm,-120.24379,45.800594,604.7119751
Harvest Wind Farm,-120.259888,45.786095,590.7363281
Harvest Wind Farm,-120.241188,45.792595,580.8682861
Harvest Wind Farm,-120.435287,45.804695,723.8712158
Harvest Wind Farm,-120.435287,45.802494,713.8203125
Harvest Wind Farm,-120.25779,45.781296,593.5998535
Harvest Wind Farm,-120.227386,45.784393,519.5307617
Harvest Wind Farm,-120.257988,45.779095,569.7324829
Harvest Wind Farm,-120.424583,45.815796,738.772583
Harvest Wind Farm,-120.240189,45.776196,493.8025208
Harvest Wind Farm,-120.245483,45.804695,606.3074951
Harvest Wind Farm,-120.436089,45.795593,692.1873169
Harvest Wind Farm,-120.245483,45.806793,602.6588745
Harvest Wind Farm,-120.240784,45.778393,509.181427
Harvest Wind Farm,-120.411583,45.787395,709.0994873
Harvest Wind Farm,-120.242088,45.795193,595.5195313
Harvest Wind Farm,-120.435089,45.800194,704.6777344
Harvest Wind Farm,-120.223785,45.786194,521.3087158
Harvest Wind Farm,-120.239586,45.774094,485.7616882
Harvest Wind Farm,-120.24379,45.802692,600.4388428
Harvest Wind Farm,-120.241386,45.780495,538.2853394
Harvest Wind Farm,-120.241188,45.790493,582.4562988
Harvest Wind Farm,-120.226288,45.788795,526.428833
Harvest Wind Farm,-120.43409,45.809795,739.8686523
Harvest Wind Farm,-120.238289,45.769894,498.4216919
Harvest Wind Farm,-120.429184,45.813995,737.2636108
Harvest Wind Farm,-120.238983,45.771996,489.4351501
Hatchett Ridge,-121.799187,40.897095,1589.51355
Hatchett Ridge,-121.762787,40.872696,1519.097534
Hatchett Ridge,-121.759087,40.869595,1483.951538
Hatchett Ridge,-121.804985,40.901596,1642.018921
Hatchett Ridge,-121.794884,40.891895,1541.029297
Hatchett Ridge,-121.809685,40.906696,1664.673584
Hatchett Ridge,-121.781883,40.881294,1539.548828
Hatchett Ridge,-121.816589,40.909496,1670.715942
Hatchett Ridge,-121.757988,40.867695,1474.31958
Hatchett Ridge,-121.787888,40.885696,1537.67041
Hatchett Ridge,-121.838882,40.905396,1627.665161
Hatchett Ridge,-121.79229,40.888195,1532.63855
Hatchett Ridge,-121.760986,40.871094,1495.781372
Hatchett Ridge,-121.754585,40.864296,1462.004883
Hatchett Ridge,-121.823586,40.912697,1671.670044
Hatchett Ridge,-121.790184,40.886795,1535.031006
Hatchett Ridge,-121.821388,40.900097,1637.543091
Hatchett Ridge,-121.785789,40.884296,1541.031128
Hatchett Ridge,-121.801186,40.898697,1613.798584
Hatchett Ridge,-121.776588,40.876396,1596.986572
Hatchett Ridge,-121.768089,40.874096,1580.077026
Hatchett Ridge,-121.79789,40.895294,1575.016846
Hatchett Ridge,-121.821983,40.910793,1672.074097
Hatchett Ridge,-121.783783,40.882896,1540.454346
Hatchett Ridge,-121.826187,40.902294,1668.161987
Hatchett Ridge,-121.765388,40.873394,1551.460449
Hatchett Ridge,-121.774086,40.875496,1598.209351
Hatchett Ridge,-121.810989,40.908596,1673.34729
Hatchett Ridge,-121.793884,40.889896,1537.562256
Hatchett Ridge,-121.806984,40.903095,1648.07251
Hatchett Ridge,-121.813789,40.908997,1677.052246
Hatchett Ridge,-121.779884,40.879894,1561.92627
Hatchett Ridge,-121.823685,40.901096,1652.977905
Hatchett Ridge,-121.824585,40.914696,1659.435303
Hatchett Ridge,-121.796783,40.893394,1558.531494
Hatchett Ridge,-121.803284,40.899994,1632.161499
Hatchett Ridge,-121.751686,40.860794,1425.134766
Hatchett Ridge,-121.826584,40.904396,1681.329834
Hatchett Ridge,-121.807983,40.905094,1658.033325
Hatchett Ridge,-121.756287,40.865993,1466.88208
Hatchett Ridge,-121.753189,40.862495,1450.887573
Hatchett Ridge,-121.819183,40.909996,1665.70166
Hatchett Ridge,-121.833687,40.905296,1665.514526
Hatchett Ridge,-121.778183,40.878197,1595.336914
Hay Canyon,-120.582886,45.488194,564.5394287
Hay Canyon,-120.580887,45.495396,556.8183594
Hay Canyon,-120.587189,45.528996,467.5293579
Hay Canyon,-120.598686,45.505394,527.2449341
Hay Canyon,-120.582489,45.517094,512.4957275
Hay Canyon,-120.561783,45.488094,559.6426392
Hay Canyon,-120.600784,45.524494,450.7566833
Hay Canyon,-120.593483,45.501896,538.4590454
Hay Canyon,-120.58429,45.499893,553.5276489
Hay Canyon,-120.600983,45.519093,490.6378784
Hay Canyon,-120.586784,45.507793,532.7546997
Hay Canyon,-120.601585,45.516396,506.4037781
Hay Canyon,-120.559685,45.495495,539.2590942
Hay Canyon,-120.575294,45.52462,477.9768982
Hay Canyon,-120.582985,45.485992,569.78479
Hay Canyon,-120.574783,45.521996,498.6124268
Hay Canyon,-120.561882,45.483685,566.0717163
Hay Canyon,-120.584885,45.523396,497.3267212
Hay Canyon,-120.601784,45.514393,511.0964661
Hay Canyon,-120.588684,45.511894,507.8218689
Hay Canyon,-120.582886,45.519196,516.5291138
Hay Canyon,-120.601189,45.522793,467.6229248
Hay Canyon,-120.58429,45.503296,545.196167
Hay Canyon,-120.580887,45.491196,558.0413818
Hay Canyon,-120.580788,45.493294,552.1550903
Hay Canyon,-120.560188,45.491196,551.8538818
Hay Canyon,-120.561783,45.485992,567.0369873
Hay Canyon,-120.601685,45.512196,518.7810669
Hay Canyon,-120.574486,45.531796,444.6738892
Hay Canyon,-120.573784,45.529293,469.5290833
Hay Canyon,-120.582283,45.497494,555.0194702
Hay Canyon,-120.601089,45.510296,521.2806396
Hay Canyon,-120.584183,45.521496,510.9539185
Hay Canyon,-120.585884,45.505894,539.4674072
Hay Canyon,-120.585686,45.525192,487.6094055
Hay Canyon,-120.599586,45.506893,527.8814697
Hay Canyon,-120.601089,45.520893,477.9429016
Hay Canyon,-120.586388,45.527096,482.5438232
Hay Canyon,-120.573189,45.527096,479.1599731
Hay Canyon,-120.581383,45.479095,573.6622925
Hay Canyon,-120.587585,45.509792,521.7345581
Hay Canyon,-120.600586,45.508392,521.5167847
Hay Canyon,-120.582184,45.483692,575.7282104
Hay Canyon,-120.581787,45.481396,570.6361084
Hay Canyon,-120.560188,45.493393,546.2142334
Hay Canyon,-120.584389,45.501595,552.0618896
Hay Canyon,-120.574486,45.520096,510.8799438
Hay Canyon,-120.581085,45.476894,583.9147949
High Lonesome,-105.953194,34.455795,2086.852783
High Lonesome,-105.96859,34.488995,2099.449219
High Lonesome,-105.974892,34.488396,2102.007568
High Lonesome,-105.96769,34.487293,2101.459229
High Lonesome,-105.966492,34.480595,2091.893311
High Lonesome,-105.966789,34.485493,2104.189453
High Lonesome,-105.962608,34.466599,2109.132324
High Lonesome,-105.97049,34.493694,2097.715576
High Lonesome,-105.963387,34.470093,2110.175293
High Lonesome,-105.957489,34.458996,2094.349609
High Lonesome,-105.958893,34.462593,2099.793945
High Lonesome,-105.946991,34.433895,2066.878662
High Lonesome,-105.972992,34.497295,2089.555176
High Lonesome,-105.953293,34.448395,2086.504883
High Lonesome,-105.94519,34.436993,2068.761719
High Lonesome,-105.974586,34.498695,2071.552246
High Lonesome,-105.95079,34.439293,2083.581299
High Lonesome,-105.953194,34.453995,2083.713867
High Lonesome,-105.96199,34.464893,2110.418457
High Lonesome,-105.978188,34.494995,2085.596436
High Lonesome,-105.963692,34.474693,2088.271729
High Lonesome,-105.963287,34.468395,2109.641846
High Lonesome,-105.955292,34.456093,2096.481934
High Lonesome,-105.96489,34.476795,2104.008301
High Lonesome,-105.946793,34.440292,2070.927002
High Lonesome,-105.958191,34.460896,2095.649414
High Lonesome,-105.953194,34.451996,2096.839844
High Lonesome,-105.977188,34.492695,2092.643066
High Lonesome,-105.969093,34.490894,2093.297607
High Lonesome,-105.967293,34.482494,2084.45459
High Lonesome,-105.953087,34.450294,2094.425049
High Lonesome,-105.960892,34.463196,2104.198975
High Lonesome,-105.953293,34.446396,2082.677979
High Lonesome,-105.948288,34.441593,2073.096191
High Lonesome,-105.973686,34.486195,2102.190186
High Lonesome,-105.965286,34.478893,2109.395752
High Lonesome,-105.94529,34.438793,2067.071777
High Lonesome,-105.963387,34.472492,2085.839355
High Lonesome,-105.971786,34.495396,2098.47998
High Lonesome,-105.950989,34.441093,2079.973633
High Mesa,-115.03569,42.889095,983.4545898
High Mesa,-115.045685,42.884792,992.7935181
High Mesa,-115.03009,42.897594,1006.594788
High Mesa,-115.03009,42.895794,1007.434387
High Mesa,-115.045784,42.886593,991.329895
High Mesa,-115.03569,42.881893,1000.592346
High Mesa,-115.038185,42.899395,986.0174561
High Mesa,-115.04599,42.882996,989.1627808
High Mesa,-115.03569,42.887295,988.4069214
High Mesa,-115.046783,42.890194,983.1764526
High Mesa,-115.046783,42.888493,987.7556152
High Mesa,-115.046783,42.901592,993.3696289
High Mesa,-115.04689,42.892094,977.250061
High Mesa,-115.03569,42.885494,992.8577881
High Mesa,-115.03009,42.899296,1006.902466
High Mesa,-115.04689,42.903393,982.9624023
High Mesa,-115.038185,42.901196,1003.819275
High Mesa,-115.04689,42.895893,964.1568604
High Mesa,-115.03569,42.883694,997.7012939
High Plains,-105.982491,41.675392,2160.131836
High Plains,-105.969589,41.682594,2139.795898
High Plains,-105.968086,41.679691,2138.461182
High Plains,-105.980888,41.680794,2153.231201
High Plains,-105.997688,41.677494,2162.82373
High Plains,-106.026489,41.680695,2160.346191
High Plains,-106.039787,41.676495,2184.685791
High Plains,-106.039986,41.673092,2200.290039
High Plains,-105.981888,41.683693,2151.134521
High Plains,-106.007088,41.665394,2170.952637
High Plains,-106.018288,41.662994,2174.558105
High Plains,-105.982986,41.673695,2162.062256
High Plains,-106.015587,41.683392,2156.202148
High Plains,-105.997688,41.675892,2163.508545
High Plains,-106.026291,41.683994,2167.977539
High Plains,-106.007889,41.668392,2172.873535
High Plains,-105.997086,41.682892,2142.275879
High Plains,-106.029091,41.672092,2195.283936
High Plains,-106.007492,41.666893,2170.140137
High Plains,-105.971191,41.683792,2133.908936
High Plains,-106.04409,41.669994,2202.13501
High Plains,-106.04039,41.681393,2175.227295
High Plains,-105.993187,41.690792,2138.659912
High Plains,-105.992386,41.686092,2143.172607
High Plains,-105.968086,41.678093,2138.685303
High Plains,-106.039886,41.674793,2193.715088
High Plains,-106.029991,41.675793,2172.318848
High Plains,-105.997589,41.672592,2167.802246
High Plains,-106.019188,41.664291,2175.748291
High Plains,-106.057388,41.666191,2207.53125
High Plains,-106.039688,41.678093,2180.973145
High Plains,-106.016487,41.684792,2157.242432
High Plains,-106.007286,41.663692,2168.862305
High Plains,-106.05719,41.660793,2208.783691
High Plains,-106.020691,41.671093,2182.321777
High Plains,-106.043991,41.666794,2201.18457
High Plains,-105.981392,41.682194,2151.68042
High Plains,-105.997688,41.679092,2158.935547
High Plains,-105.970093,41.685692,2134.536377
High Plains,-105.991692,41.687992,2143.505371
High Plains,-105.966286,41.674892,2160.58252
High Plains,-106.039986,41.679794,2175.752197
High Plains,-105.983086,41.671993,2165.438232
High Plains,-106.029289,41.674091,2177.729004
High Plains,-106.057487,41.667992,2206.480225
High Plains,-106.056992,41.657192,2208.772217
High Plains,-106.026489,41.682293,2163.310791
High Plains,-105.992592,41.689392,2139.960693
High Plains,-106.057289,41.664394,2207.277344
High Plains,-105.967888,41.676495,2144.681152
High Plains,-106.010185,41.670994,2174.328125
High Plains,-106.04409,41.668392,2202.773438
High Plains,-105.980789,41.679192,2156.638672
High Plains,-105.983086,41.684994,2151.031006
High Plains,-106.008492,41.669792,2172.647949
High Plains,-105.997688,41.680794,2154.865723
High Plains,-106.05719,41.662594,2208.057373
High Plains,-105.981689,41.677292,2157.89624
High Plains,-105.997688,41.674294,2165.572266
High Plains,-106.030891,41.669994,2197.044678
High Plains,-105.967987,41.681393,2148.027344
High Plains,-106.020187,41.668892,2177.957275
High Plains,-106.026291,41.685593,2170.518066
High Plains,-106.057091,41.659092,2208.987793
High Plains,-106.019989,41.667393,2177.175781
High Plains,-106.019592,41.665794,2175.716064
High Winds,-121.800598,38.105984,73.5456543
High Winds,-121.80529,38.138096,82.01180267
High Winds,-121.807587,38.138596,83.73593903
High Winds,-121.812988,38.113895,75.85169983
High Winds,-121.785164,38.145977,72.85848236
High Winds,-121.83329,38.151497,77.96427155
High Winds,-121.790787,38.132595,69.49842072
High Winds,-121.786285,38.100395,65.84575653
High Winds,-121.78949,38.138893,75.71125793
High Winds,-121.819847,38.150177,73.10732269
High Winds,-121.802994,38.110355,81.27331543
High Winds,-121.793785,38.118793,77.80815125
High Winds,-121.80529,38.134995,81.04491425
High Winds,-121.81794,38.100777,77.14022064
High Winds,-121.7826,38.139996,67.12001801
High Winds,-121.818291,38.156094,75.59561157
High Winds,-121.783295,38.131195,63.50681305
High Winds,-121.83149,38.146294,77.43460083
High Winds,-121.812584,38.112095,81.45162201
High Winds,-121.793419,38.101658,74.72975922
High Winds,-121.803688,38.131794,78.38367462
High Winds,-121.81179,38.141094,86.95301819
High Winds,-121.802589,38.128796,75.59410858
High Winds,-121.802917,38.099075,69.62117004
High Winds,-121.81839,38.157494,72.35353851
High Winds,-121.783051,38.11758,56.75790024
High Winds,-121.821007,38.15395,77.69619751
High Winds,-121.832687,38.148994,78.3728714
High Winds,-121.78463,38.14492,74.8715744
High Winds,-121.789589,38.136993,72.96424103
High Winds,-121.791428,38.103893,56.47169495
High Winds,-121.792946,38.100338,74.24928284
High Winds,-121.815323,38.155361,77.74425507
High Winds,-121.803383,38.143597,79.8680191
High Winds,-121.785324,38.143784,77.95894623
High Winds,-121.820267,38.103939,71.83448029
High Winds,-121.783997,38.116257,69.15585327
High Winds,-121.784126,38.142296,73.17759705
High Winds,-121.804985,38.136696,84.69287872
High Winds,-121.795319,38.14896,78.395401
High Winds,-121.832985,38.150295,79.85329437
High Winds,-121.807388,38.148594,76.70428467
High Winds,-121.823227,38.109604,80.37661743
High Winds,-121.819588,38.101433,65.43717957
High Winds,-121.83139,38.145294,77.30033875
High Winds,-121.794418,38.147507,79.96360016
High Winds,-121.792587,38.143696,79.40044403
High Winds,-121.783913,38.137535,70.32232666
High Winds,-121.784363,38.147095,70.55323029
High Winds,-121.791786,38.112495,72.43743134
High Winds,-121.803261,38.107079,76.13924408
High Winds,-121.800385,38.103695,77.36578369
High Winds,-121.789398,38.140675,73.55471039
High Winds,-121.792587,38.142494,78.44602966
High Winds,-121.820488,38.151394,73.85162354
High Winds,-121.783768,38.140968,68.43896484
High Winds,-121.805489,38.146095,79.28623199
High Winds,-121.823029,38.105862,79.67234039
High Winds,-121.81089,38.140095,87.32472229
High Winds,-121.803688,38.130394,78.82600403
High Winds,-121.801735,38.100502,72.89318848
High Winds,-121.832291,38.147495,80.16444397
High Winds,-121.784279,38.098576,50.84493637
High Winds,-121.803787,38.108696,77.93031311
High Winds,-121.792809,38.146057,78.09323883
High Winds,-121.783783,38.148281,68.92508698
High Winds,-121.820702,38.152542,75.88599396
High Winds,-121.782974,38.114746,69.48175049
High Winds,-121.820541,38.102337,63.70803452
High Winds,-121.79039,38.131096,65.78301239
High Winds,-121.784592,38.149357,65.70067596
High Winds,-121.812988,38.142395,81.90805817
High Winds,-121.830589,38.143894,78.48244476
High Winds,-121.810783,38.107594,77.40731049
High Winds,-121.793884,38.116596,77.93978119
High Winds,-121.814392,38.153801,75.5100174
High Winds,-121.806381,38.147598,79.978508
High Winds,-121.789688,38.142094,76.10001373
High Winds,-121.815384,38.143494,82.02191162
High Winds,-121.803513,38.144878,76.59791565
High Winds,-121.782928,38.127995,68.20241547
High Winds,-121.783188,38.134319,67.33712769
High Winds,-121.80249,38.1422,73.69995117
High Winds,-121.789909,38.1357,75.21318054
High Winds,-121.790688,38.133896,70.0421524
High Winds,-121.804291,38.133293,72.26613617
High Winds,-121.823776,38.107227,76.70366669
High Winds,-121.800713,38.104729,76.90455627
High Winds,-121.80909,38.139595,83.1937027
High Winds,-121.800484,38.102596,75.45396423
Historic Victory Garden (Wind Stream),-118.386986,35.066395,1515.389038
Historic Victory Garden (Wind Stream),-118.385689,35.067596,1533.815552
Historic Victory Garden (Wind Stream),-118.376587,35.071594,1520.70105
Historic Victory Garden (Wind Stream),-118.37429,35.071796,1510.409302
Historic Victory Garden (Wind Stream),-118.37484,35.068237,1456.089355
Historic Victory Garden (Wind Stream),-118.373886,35.073395,1505.739624
Historic Victory Garden (Wind Stream),-118.37439,35.069695,1483.161743
Historic Victory Garden (Wind Stream),-118.382843,35.076668,1455.651001
Historic Victory Garden (Wind Stream),-118.382004,35.066414,1516.246948
Historic Victory Garden (Wind Stream),-118.38929,35.069096,1476.115845
Historic Victory Garden (Wind Stream),-118.386589,35.062538,1489.794922
Historic Victory Garden (Wind Stream),-118.374588,35.071594,1509.930176
Historic Victory Garden (Wind Stream),-118.375687,35.070496,1499.513428
Historic Victory Garden (Wind Stream),-118.375587,35.069096,1474.892822
Historic Victory Garden (Wind Stream),-118.385918,35.067234,1531.603394
Historic Victory Garden (Wind Stream),-118.389587,35.070194,1460.507813
Historic Victory Garden (Wind Stream),-118.372787,35.068893,1471.66333
Historic Victory Garden (Wind Stream),-118.387985,35.068497,1499.37439
Historic Victory Garden (Wind Stream),-118.38839,35.069595,1479.979858
Historic Victory Garden (Wind Stream),-118.38649,35.061195,1475.79834
Historic Victory Garden (Wind Stream),-118.373085,35.070496,1487.191772
Historic Victory Garden (Wind Stream),-118.389786,35.070095,1463.196533
Historic Victory Garden (Wind Stream),-118.387321,35.068848,1500.16394
Historic Victory Garden (Wind Stream),-118.389687,35.067493,1495.829712
Historic Victory Garden (Wind Stream),-118.388191,35.068394,1498.739258
Historic Victory Garden (Wind Stream),-118.37429,35.074493,1518.369629
Historic Victory Garden (Wind Stream),-118.376686,35.073196,1494.812378
Historic Victory Garden (Wind Stream),-118.382874,35.075546,1504.493164
Historic Victory Garden (Wind Stream),-118.375587,35.070595,1498.43103
Historic Victory Garden (Wind Stream),-118.382622,35.075569,1504.710571
Historic Victory Garden (Wind Stream),-118.390289,35.068394,1483.691162
Historic Victory Garden (Wind Stream),-118.386589,35.06805,1521.395996
Historic Victory Garden (Wind Stream),-118.375885,35.070396,1500.305908
Historic Victory Garden (Wind Stream),-118.373085,35.072296,1491.740234
Historic Victory Garden (Wind Stream),-118.373787,35.072193,1507.765625
Historic Victory Garden (Wind Stream),-118.378487,35.070595,1512.661621
Historic Victory Garden (Wind Stream),-118.375832,35.072224,1508.200806
Historic Victory Garden (Wind Stream),-118.375786,35.070396,1500.427246
Historic Victory Garden (Wind Stream),-118.3843,35.064037,1513.530884
Historic Victory Garden (Wind Stream),-118.384392,35.061195,1464.174194
Historic Victory Garden (Wind Stream),-118.37439,35.073196,1502.683594
Historic Victory Garden (Wind Stream),-118.383888,35.064297,1517.591431
Historic Victory Garden (Wind Stream),-118.374886,35.071396,1504.812622
Historic Victory Garden (Wind Stream),-118.381287,35.076496,1446.630493
Historic Victory Garden (Wind Stream),-118.384491,35.062496,1484.085693
Historic Victory Garden (Wind Stream),-118.386787,35.066494,1518.276001
Historic Victory Garden (Wind Stream),-118.386292,35.066895,1527.484375
Historic Victory Garden (Wind Stream),-118.383705,35.063126,1498.170166
Historic Victory Garden (Wind Stream),-118.38604,35.064266,1507.323608
Historic Victory Garden (Wind Stream),-118.392654,35.067734,1472.603394
Historic Victory Garden (Wind Stream),-118.386787,35.069096,1489.739136
Historic Victory Garden (Wind Stream),-118.385475,35.060432,1471.635986
Historic Victory Garden (Wind Stream),-118.374886,35.071194,1503.290649
Historic Victory Garden (Wind Stream),-118.375488,35.072594,1504.746704
Historic Victory Garden (Wind Stream),-118.389282,35.064941,1483.380981
Historic Victory Garden (Wind Stream),-118.375252,35.072716,1507.211548
Historic Victory Garden (Wind Stream),-118.376389,35.070095,1501.015381
Historic Victory Garden (Wind Stream),-118.384941,35.064915,1521.33313
Historic Victory Garden (Wind Stream),-118.389313,35.067734,1502.395874
Historic Victory Garden (Wind Stream),-118.388885,35.067993,1501.793823
Historic Victory Garden (Wind Stream),-118.388306,35.064251,1487.769531
Historic Victory Garden (Wind Stream),-118.386986,35.068996,1493.713501
Historic Victory Garden (Wind Stream),-118.387489,35.070095,1471.762451
Historic Victory Garden (Wind Stream),-118.376686,35.071594,1520.652222
Historic Victory Garden (Wind Stream),-118.386887,35.063751,1498.451538
Historic Victory Garden (Wind Stream),-118.383072,35.066036,1513.278687
Historic Victory Garden (Wind Stream),-118.373688,35.071995,1506.64978
Historic Victory Garden (Wind Stream),-118.384033,35.060287,1449.25769
Historic Victory Garden (Wind Stream),-118.37635,35.073555,1489.806519
Historic Victory Garden (Wind Stream),-118.387718,35.069946,1470.080444
Historic Victory Garden (Wind Stream),-118.37307,35.073463,1502.27356
Historic Victory Garden (Wind Stream),-118.373291,35.073395,1501.316162
Historic Victory Garden (Wind Stream),-118.390533,35.068222,1494.322876
Historic Victory Garden (Wind Stream),-118.388458,35.068287,1501.159302
Historic Victory Garden (Wind Stream),-118.385391,35.065994,1520.126221
Historic Victory Garden (Wind Stream),-118.386688,35.063896,1499.870728
Historic Victory Garden (Wind Stream),-118.388519,35.064129,1486.212036
Historic Victory Garden (Wind Stream),-118.386391,35.068195,1515.078979
Historic Victory Garden (Wind Stream),-118.375587,35.072495,1505.532104
Historic Victory Garden (Wind Stream),-118.386787,35.062393,1487.665771
Historic Victory Garden (Wind Stream),-118.379486,35.071495,1514.2677
Historic Victory Garden (Wind Stream),-118.390091,35.068497,1476.952271
Historic Victory Garden (Wind Stream),-118.386787,35.070694,1484.107544
Historic Victory Garden (Wind Stream),-118.384888,35.062195,1480.459473
Historic Victory Garden (Wind Stream),-118.37619,35.071995,1513.558594
Historic Victory Garden (Wind Stream),-118.385117,35.062046,1481.454834
Historic Victory Garden (Wind Stream),-118.388191,35.069695,1476.641968
Historic Victory Garden (Wind Stream),-118.385651,35.060284,1474.931274
Historic Victory Garden (Wind Stream),-118.375984,35.071995,1510.244629
Historic Victory Garden (Wind Stream),-118.381004,35.076618,1437.158325
Historic Victory Garden (Wind Stream),-118.386162,35.062832,1492.62439
Historic Victory Garden (Wind Stream),-118.381989,35.077496,1424.515259
Historic Victory Garden (Wind Stream),-118.375801,35.074234,1493.112915
Historic Victory Garden (Wind Stream),-118.386391,35.069294,1493.399414
Historic Victory Garden (Wind Stream),-118.382187,35.075996,1482.104126
Historic Victory Garden (Wind Stream),-118.383789,35.066494,1526.527222
Historic Victory Garden (Wind Stream),-118.383888,35.061497,1469.10498
Historic Victory Garden (Wind Stream),-118.375954,35.072361,1507.589233
Historic Victory Garden (Wind Stream),-118.376488,35.071693,1519.743408
Historic Victory Garden (Wind Stream),-118.37339,35.070351,1488.855835
Historic Victory Garden (Wind Stream),-118.373909,35.070045,1490.68457
Historic Victory Garden (Wind Stream),-118.3871,35.063625,1496.906372
Historic Victory Garden (Wind Stream),-118.38739,35.066093,1507.451904
Historic Victory Garden (Wind Stream),-118.375092,35.073055,1505.915039
Historic Victory Garden (Wind Stream),-118.384872,35.060932,1461.204224
Historic Victory Garden (Wind Stream),-118.382591,35.076897,1445.921631
Historic Victory Garden (Wind Stream),-118.384491,35.065193,1524.873535
Historic Victory Garden (Wind Stream),-118.38559,35.071297,1474.328125
Historic Victory Garden (Wind Stream),-118.374588,35.071495,1509.767944
Historic Victory Garden (Wind Stream),-118.37529,35.067993,1455.813232
Historic Victory Garden (Wind Stream),-118.386986,35.067795,1519.568848
Historic Victory Garden (Wind Stream),-118.386391,35.062695,1491.392212
Historic Victory Garden (Wind Stream),-118.386269,35.06134,1474.471313
Historic Victory Garden (Wind Stream),-118.372688,35.072395,1488.921753
Historic Victory Garden (Wind Stream),-118.384651,35.062336,1480.910645
Historic Victory Garden (Wind Stream),-118.389008,35.063927,1480.755493
Historic Victory Garden (Wind Stream),-118.37529,35.070793,1492.769897
Historic Victory Garden (Wind Stream),-118.385666,35.070419,1485.463257
Historic Victory Garden (Wind Stream),-118.375389,35.074596,1503.93335
Historic Victory Garden (Wind Stream),-118.382675,35.075779,1500.465454
Historic Victory Garden (Wind Stream),-118.385284,35.060596,1466.830322
Historic Victory Garden (Wind Stream),-118.388641,35.068138,1503.381836
Historic Victory Garden (Wind Stream),-118.379684,35.074097,1480.223877
Historic Victory Garden (Wind Stream),-118.385788,35.067413,1532.520874
Historic Victory Garden (Wind Stream),-118.382446,35.075848,1493.174805
Historic Victory Garden (Wind Stream),-118.385811,35.064381,1511.435913
Historic Victory Garden (Wind Stream),-118.373085,35.068794,1472.52771
Historic Victory Garden (Wind Stream),-118.386887,35.070496,1485.065186
Historic Victory Garden (Wind Stream),-118.385803,35.061634,1477.321533
Historic Victory Garden (Wind Stream),-118.373985,35.071896,1509.245239
Historic Victory Garden (Wind Stream),-118.389915,35.068684,1474.594849
Historic Victory Garden (Wind Stream),-118.386093,35.067028,1529.265747
Historic Victory Garden (Wind Stream),-118.374687,35.072994,1504.248291
Historic Victory Garden (Wind Stream),-118.385117,35.063499,1502.189087
Historic Victory Garden (Wind Stream),-118.388885,35.065193,1487.261841
Historic Victory Garden (Wind Stream),-118.374588,35.073196,1501.924561
Historic Victory Garden (Wind Stream),-118.38649,35.066795,1524.938599
Historic Victory Garden (Wind Stream),-118.389153,35.070469,1459.750122
Historic Victory Garden (Wind Stream),-118.37619,35.070194,1500.742554
Historic Victory Garden (Wind Stream),-118.37619,35.073696,1489.484863
Historic Victory Garden (Wind Stream),-118.376091,35.070293,1500.56311
Historic Victory Garden (Wind Stream),-118.38829,35.066994,1513.903198
Historic Victory Garden (Wind Stream),-118.384186,35.068096,1529.878784
Historic Victory Garden (Wind Stream),-118.37339,35.072193,1498.619019
Historic Victory Garden (Wind Stream),-118.37719,35.072697,1513.702271
Historic Victory Garden (Wind Stream),-118.374237,35.074249,1514.883545
Historic Victory Garden (Wind Stream),-118.374084,35.071995,1510.089844
Historic Victory Garden (Wind Stream),-118.385628,35.070953,1475.977417
Historic Victory Garden (Wind Stream),-118.385941,35.062969,1493.580078
Historic Victory Garden (Wind Stream),-118.384071,35.062813,1492.260376
Historic Victory Garden (Wind Stream),-118.374489,35.073093,1502.898438
Historic Victory Garden (Wind Stream),-118.38929,35.063896,1477.23877
Historic Victory Garden (Wind Stream),-118.376289,35.070194,1500.920532
Historic Victory Garden (Wind Stream),-118.374985,35.072895,1507.148193
Historic Victory Garden (Wind Stream),-118.383087,35.067295,1524.280396
Historic Victory Garden (Wind Stream),-118.385727,35.06311,1494.662598
Historic Victory Garden (Wind Stream),-118.388687,35.070694,1458.859741
Historic Victory Garden (Wind Stream),-118.37365,35.07021,1490.274048
Historic Victory Garden (Wind Stream),-118.385315,35.063374,1499.145142
Historic Victory Garden (Wind Stream),-118.383713,35.061634,1470.948853
Historic Victory Garden (Wind Stream),-118.389091,35.069248,1477.180664
Historic Victory Garden (Wind Stream),-118.38559,35.061794,1478.882324
Historic Victory Garden (Wind Stream),-118.385185,35.068794,1514.901123
Historic Victory Garden (Wind Stream),-118.377029,35.072876,1506.110229
Historic Victory Garden (Wind Stream),-118.384644,35.061081,1463.664551
Historic Victory Garden (Wind Stream),-118.375786,35.068996,1474.887085
Historic Victory Garden (Wind Stream),-118.376785,35.069897,1501.440308
Historic Victory Garden (Wind Stream),-118.385391,35.068695,1514.643433
Historic Victory Garden (Wind Stream),-118.384102,35.064167,1515.582275
Historic Victory Garden (Wind Stream),-118.375786,35.074097,1491.604004
Historic Victory Garden (Wind Stream),-118.389488,35.067596,1499.683594
Historic Victory Garden (Wind Stream),-118.37439,35.074295,1514.557129
Historic Victory Garden (Wind Stream),-118.384911,35.063644,1505.049927
Historic Victory Garden (Wind Stream),-118.384659,35.066235,1528.080566
Historic Victory Garden (Wind Stream),-118.387985,35.069794,1472.310547
Historic Victory Garden (Wind Stream),-118.385185,35.064796,1519.547607
Historic Victory Garden (Wind Stream),-118.375664,35.072422,1505.685791
Historic Victory Garden (Wind Stream),-118.385086,35.060795,1461.400391
Historic Victory Garden (Wind Stream),-118.381889,35.076096,1469.18396
Historic Victory Garden (Wind Stream),-118.376587,35.071796,1519.807373
Historic Victory Garden (Wind Stream),-118.384491,35.063896,1511.19751
Historic Victory Garden (Wind Stream),-118.37413,35.069851,1487.387451
Historic Victory Garden (Wind Stream),-118.376488,35.073395,1490.827759
Historic Victory Garden (Wind Stream),-118.385513,35.063232,1496.473877
Historic Victory Garden (Wind Stream),-118.377289,35.072796,1513.617065
Historic Victory Garden (Wind Stream),-118.374786,35.071194,1504.237671
Historic Victory Garden (Wind Stream),-118.374191,35.071693,1509.828491
Historic Victory Garden (Wind Stream),-118.375389,35.069195,1473.667236
Historic Victory Garden (Wind Stream),-118.382278,35.06636,1509.680298
Historic Victory Garden (Wind Stream),-118.375587,35.074097,1493.588135
Historic Victory Garden (Wind Stream),-118.379288,35.071693,1515.309692
Historic Victory Garden (Wind Stream),-118.374687,35.073093,1503.197876
Historic Victory Garden (Wind Stream),-118.382988,35.076496,1463.220337
Historic Victory Garden (Wind Stream),-118.392487,35.067894,1470.000977
Historic Victory Garden (Wind Stream),-118.388885,35.069393,1480.984741
Historic Victory Garden (Wind Stream),-118.374146,35.074608,1520.411865
Historic Victory Garden (Wind Stream),-118.379959,35.073933,1478.954224
Historic Victory Garden (Wind Stream),-118.375092,35.068096,1455.985107
Historic Victory Garden (Wind Stream),-118.376587,35.071495,1520.696533
Historic Victory Garden (Wind Stream),-118.373589,35.072094,1505.245972
Historic Victory Garden (Wind Stream),-118.375092,35.069294,1471.654053
Historic Victory Garden (Wind Stream),-118.384987,35.066219,1526.039185
Historic Victory Garden (Wind Stream),-118.38176,35.066742,1510.696777
Historic Victory Garden (Wind Stream),-118.37619,35.068893,1473.632324
Historic Victory Garden (Wind Stream),-118.372826,35.073521,1503.445313
Historic Victory Garden (Wind Stream),-118.375793,35.072338,1507.513916
Historic Victory Garden (Wind Stream),-118.376877,35.073032,1500.025513
Historic Victory Garden (Wind Stream),-118.381889,35.066593,1516
Historic Victory Garden (Wind Stream),-118.37561,35.07428,1496.62207
Historic Victory Garden (Wind Stream),-118.375717,35.074444,1496.685303
Historic Victory Garden (Wind Stream),-118.387085,35.070396,1480.711914
Historic Victory Garden (Wind Stream),-118.375488,35.074295,1498.347046
Historic Victory Garden (Wind Stream),-118.388763,35.064007,1483.569946
Historic Victory Garden (Wind Stream),-118.387184,35.066242,1511.482544
Historic Victory Garden (Wind Stream),-118.386047,35.061489,1475.817261
Hopkins Ridge II,-117.804283,46.432194,686.7071533
Hopkins Ridge II,-117.806885,46.432693,683.2645264
Hopkins Ridge II,-117.808487,46.433693,678.4024658
Hopkins Ridge II,-117.802185,46.431793,690.6027832
Hopkins Ridge Wind Project,-117.832283,46.432495,671.3448486
Hopkins Ridge Wind Project,-117.841988,46.447094,607.196167
Hopkins Ridge Wind Project,-117.873985,46.443195,579.9185791
Hopkins Ridge Wind Project,-117.835587,46.447094,610.3364258
Hopkins Ridge Wind Project,-117.799988,46.430794,701.6751709
Hopkins Ridge Wind Project,-117.830589,46.431694,672.4386597
Hopkins Ridge Wind Project,-117.772385,46.407593,740.9273682
Hopkins Ridge Wind Project,-117.818184,46.431694,678.8557739
Hopkins Ridge Wind Project,-117.879784,46.458096,512.6880493
Hopkins Ridge Wind Project,-117.874985,46.444492,581.9219971
Hopkins Ridge Wind Project,-117.840088,46.436794,655.8209229
Hopkins Ridge Wind Project,-117.797188,46.403793,768.3980713
Hopkins Ridge Wind Project,-117.845589,46.430195,658.8884888
Hopkins Ridge Wind Project,-117.811989,46.407192,763.776123
Hopkins Ridge Wind Project,-117.803284,46.446594,642.1879883
Hopkins Ridge Wind Project,-117.864883,46.446396,587.5005493
Hopkins Ridge Wind Project,-117.870285,46.456894,530.3763428
Hopkins Ridge Wind Project,-117.813667,46.40794,763.9329224
Hopkins Ridge Wind Project,-117.850883,46.432293,644.3665161
Hopkins Ridge Wind Project,-117.791985,46.439293,686.9487915
Hopkins Ridge Wind Project,-117.861687,46.444794,586.9459839
Hopkins Ridge Wind Project,-117.827187,46.430195,681.609436
Hopkins Ridge Wind Project,-117.789986,46.431194,695.4042358
Hopkins Ridge Wind Project,-117.785072,46.42329,713.1124878
Hopkins Ridge Wind Project,-117.793884,46.439793,683.4058838
Hopkins Ridge Wind Project,-117.816978,46.40947,749.3009644
Hopkins Ridge Wind Project,-117.882683,46.447796,535.9067383
Hopkins Ridge Wind Project,-117.779984,46.409294,755.211853
Hopkins Ridge Wind Project,-117.795387,46.440796,672.6671753
Hopkins Ridge Wind Project,-117.836784,46.435192,662.4400635
Hopkins Ridge Wind Project,-117.860985,46.455395,549.7349854
Hopkins Ridge Wind Project,-117.794487,46.403393,772.2889404
Hopkins Ridge Wind Project,-117.776184,46.408493,749.6589355
Hopkins Ridge Wind Project,-117.839088,46.427692,661.9591064
Hopkins Ridge Wind Project,-117.818886,46.438194,639.0973511
Hopkins Ridge Wind Project,-117.835289,46.434296,667.5026245
Hopkins Ridge Wind Project,-117.797989,46.430294,708.6296997
Hopkins Ridge Wind Project,-117.781586,46.410194,752.2390137
Hopkins Ridge Wind Project,-117.786987,46.423893,710.0548096
Hopkins Ridge Wind Project,-117.828888,46.430893,678.3270264
Hopkins Ridge Wind Project,-117.833961,46.433243,676.7202148
Hopkins Ridge Wind Project,-117.84919,46.431595,650.1760254
Hopkins Ridge Wind Project,-117.778107,46.408741,757.4406128
Hopkins Ridge Wind Project,-117.850983,46.448296,598.6999512
Hopkins Ridge Wind Project,-117.80098,46.445549,670.6420288
Hopkins Ridge Wind Project,-117.877388,46.457794,519.7753296
Hopkins Ridge Wind Project,-117.805885,46.447495,623.6564941
Hopkins Ridge Wind Project,-117.825584,46.429394,682.3696899
Hopkins Ridge Wind Project,-117.876984,46.446896,563.3580322
Hopkins Ridge Wind Project,-117.816185,46.429295,682.3908081
Hopkins Ridge Wind Project,-117.874588,46.457893,525.6557617
Hopkins Ridge Wind Project,-117.865234,46.456341,539.5299072
Hopkins Ridge Wind Project,-117.799088,46.440395,672.4647827
Hopkins Ridge Wind Project,-117.815384,46.408695,759.2844849
Hopkins Ridge Wind Project,-117.774284,46.408092,745.6514282
Hopkins Ridge Wind Project,-117.817085,46.430492,683.6942749
Hopkins Ridge Wind Project,-117.855988,46.451794,563.159668
Hopkins Ridge Wind Project,-117.852684,46.432995,641.9587402
Hopkins Ridge Wind Project,-117.789192,46.429848,699.1957397
Hopkins Ridge Wind Project,-117.843887,46.447495,605.5333862
Hopkins Ridge Wind Project,-117.819183,46.432896,674.6620483
Hopkins Ridge Wind Project,-117.791969,46.402893,781.2404785
Hopkins Ridge Wind Project,-117.852882,46.449295,585.1807861
Hopkins Ridge Wind Project,-117.885284,46.450695,526.668457
Hopkins Ridge Wind Project,-117.840584,46.428696,659.6496582
Hopkins Ridge Wind Project,-117.886284,46.451794,524.5804443
Hopkins Ridge Wind Project,-117.863167,46.456017,543.3309326
Hopkins Ridge Wind Project,-117.875984,46.445694,570.1932373
Hopkins Ridge Wind Project,-117.859383,46.453995,554.345459
Hopkins Ridge Wind Project,-117.863289,46.445595,590.881958
Hopkins Ridge Wind Project,-117.854385,46.450195,575.022522
Hopkins Ridge Wind Project,-117.845688,46.448193,604.4171753
Hopkins Ridge Wind Project,-117.837082,46.427231,659.0001221
Hopkins Ridge Wind Project,-117.847389,46.430893,654.2277832
Hopkins Ridge Wind Project,-117.868187,46.456593,532.3604126
Hopkins Ridge Wind Project,-117.833885,46.446396,607.6895752
Hopkins Ridge Wind Project,-117.820984,46.438793,645.9380493
Hopkins Ridge Wind Project,-117.847488,46.448795,603.78479
Hopkins Ridge Wind Project,-117.800789,46.440994,679.7512207
Hopkins Ridge Wind Project,-117.857483,46.453293,557.201355
Hopkins Ridge Wind Project,-117.872482,46.457493,528.9741821
Hopkins Ridge Wind Project,-117.838287,46.436092,662.2716675
Hopkins Ridge Wind Project,-117.810318,46.406425,758.8864746
Horse Butte,-111.729591,43.386192,1902.656616
Horse Butte,-111.760391,43.428593,1803.324341
Horse Butte,-111.704285,43.390896,1969.174438
Horse Butte,-111.759285,43.406593,1814.448364
Horse Butte,-111.737488,43.402596,1871.406738
Horse Butte,-111.764091,43.428795,1802.473022
Horse Butte,-111.739784,43.385994,1863.934448
Horse Butte,-111.767487,43.429493,1781.708862
Horse Butte,-111.741089,43.402596,1890.597534
Horse Butte,-111.754486,43.422493,1783.300293
Horse Butte,-111.77449,43.430992,1763.53186
Horse Butte,-111.75029,43.407192,1847.165527
Horse Butte,-111.770988,43.430294,1772.146362
Horse Butte,-111.733185,43.386192,1894.424805
Horse Butte,-111.731689,43.399796,1862.371216
Horse Butte,-111.743385,43.386295,1847.414307
Horse Butte,-111.74649,43.407295,1856.952148
Horse Butte,-111.719292,43.382195,1919.982056
Horse Butte,-111.747292,43.420296,1798.094849
Horse Butte,-111.743591,43.419292,1796.718506
Horse Butte,-111.734184,43.401695,1865.059814
Horse Butte,-111.75399,43.407295,1834.562866
Horse Butte,-111.743889,43.404995,1869.075562
Horse Butte,-111.728287,43.397293,1867.459106
Horse Butte,-111.722488,43.383392,1920.373779
Horse Butte,-111.778786,43.431793,1752.837524
Horse Butte,-111.709885,43.390793,1984.408081
Horse Butte,-111.750885,43.422295,1792.709595
Horse Butte,-111.736786,43.386192,1879.856812
Horse Butte,-111.699692,43.391396,1926.765381
Horse Butte,-111.68969,43.391495,1896.640991
Horse Butte,-111.69529,43.391994,1908.348267
Horseshoe Bend,-120.037689,45.607193,275.4793701
Horseshoe Bend,-120.027184,45.587795,291.1639709
Horseshoe Bend,-120.007683,45.582195,296.6863403
Horseshoe Bend,-120.067383,45.582794,306.7261658
Horseshoe Bend,-120.026985,45.577194,349.4599304
Horseshoe Bend,-120.043083,45.586395,327.2645569
Horseshoe Bend,-120.054085,45.562393,329.9795227
Horseshoe Bend,-119.962784,45.597393,329.7175598
Horseshoe Bend,-120.065987,45.573795,316.2593384
Horseshoe Bend,-120.049088,45.594795,286.8392944
Horseshoe Bend,-120.011986,45.590096,287.0956726
Horseshoe Bend,-120.047783,45.598095,285.4963074
Horseshoe Bend,-119.987488,45.603794,324.4384766
Horseshoe Bend,-120.074684,45.602394,305.4217834
Horseshoe Bend,-120.008789,45.584095,295.0759277
Horseshoe Bend,-120.004486,45.575993,303.707489
Horseshoe Bend,-119.973587,45.598293,327.2035217
Horseshoe Bend,-119.970787,45.589993,334.8383789
Horseshoe Bend,-120.001785,45.569492,306.6563416
Horseshoe Bend,-120.006485,45.579895,302.3526611
Horseshoe Bend,-119.971786,45.594494,330.8583069
Horseshoe Bend,-120.036285,45.605293,279.3374939
Horseshoe Bend,-119.977585,45.603695,322.499939
Horseshoe Bend,-119.978683,45.559593,329.9055176
Horseshoe Bend,-120.058083,45.579094,318.3408508
Horseshoe Bend,-120.026085,45.593693,284.8051758
Horseshoe Bend,-120.058083,45.580994,316.0008545
Horseshoe Bend,-119.972786,45.596394,329.1072388
Horseshoe Bend,-119.968788,45.568295,345.2280579
Horseshoe Bend,-119.964584,45.585495,336.6145325
Horseshoe Bend,-119.96769,45.538395,363.9164124
Horseshoe Bend,-119.976883,45.557293,331.1808472
Horseshoe Bend,-120.041985,45.584393,321.9239807
Horseshoe Bend,-119.983986,45.580593,331.8557129
Horseshoe Bend,-119.980988,45.595196,330.4886169
Horseshoe Bend,-120.002388,45.571995,306.5822144
Horseshoe Bend,-119.943985,45.547794,344.1664734
Horseshoe Bend,-120.069389,45.600193,294.9396667
Horseshoe Bend,-120.02459,45.573296,327.4588623
Horseshoe Bend,-119.958885,45.558395,348.6815491
Horseshoe Bend,-120.025688,45.595493,285.8390503
Horseshoe Bend,-120.066788,45.575596,323.1733093
Horseshoe Bend,-120.023888,45.571495,319.9207153
Horseshoe Bend,-119.966789,45.586594,336.469635
Horseshoe Bend,-119.973289,45.573093,341.7179565
Horseshoe Bend,-120.025284,45.575394,339.241394
Horseshoe Bend,-120.077286,45.609695,304.9931641
Horseshoe Bend,-119.953186,45.569595,347.2749023
Horseshoe Bend,-120.069588,45.597595,296.5252991
Horseshoe Bend,-120.072685,45.604492,307.1846924
Horseshoe Bend,-120.040985,45.582493,325.3196106
Horseshoe Bend,-119.991386,45.588894,299.6133118
Horseshoe Bend,-119.954185,45.571594,346.3544922
Horseshoe Bend,-119.975082,45.579594,338.9597473
Horseshoe Bend,-120.046387,45.588696,315.1285095
Horseshoe Bend,-120.056984,45.577095,320.065979
Horseshoe Bend,-120.048782,45.600094,285.1437683
Horseshoe Bend,-120.003387,45.573994,305.2459412
Horseshoe Bend,-119.995888,45.598595,324.9868774
Horseshoe Bend,-120.062889,45.568493,318.9918823
Horseshoe Bend,-119.972488,45.570793,342.9200134
Horseshoe Bend,-119.959885,45.545795,343.307373
Horseshoe Bend,-119.984787,45.582596,334.2255859
Horseshoe Bend,-120.037384,45.611393,272.7879639
Horseshoe Bend,-120.049889,45.602093,283.3451233
Horseshoe Bend,-120.076088,45.608295,303.587616
Horseshoe Bend,-119.942986,45.558292,354.1104431
Horseshoe Bend,-119.951088,45.565693,350.1528015
Horseshoe Bend,-120.03109,45.603893,287.4490051
Horseshoe Bend,-120.028084,45.600292,310.3956604
Horseshoe Bend,-119.980186,45.545692,385.1373596
Horseshoe Bend,-120.026688,45.589794,289.3555298
Horseshoe Bend,-119.965286,45.575893,342.8391724
Horseshoe Bend,-119.943985,45.560295,354.05896
Horseshoe Bend,-120.026382,45.591793,286.4502563
Horseshoe Bend,-119.948288,45.551594,357.9213867
Horseshoe Bend,-119.935989,45.553795,356.5754395
Horseshoe Bend,-120.068382,45.588894,307.9566956
Horseshoe Bend,-120.005783,45.577892,302.3114624
Horseshoe Bend,-119.968689,45.587894,336.3186035
Horseshoe Bend,-120.071388,45.594692,309.6261292
Horseshoe Bend,-120.028885,45.579395,328.2661743
Horseshoe Bend,-120.068489,45.584995,306.9432983
Horseshoe Bend,-120.056183,45.564396,325.5491638
Horseshoe Bend,-119.972885,45.591995,332.8027649
Horseshoe Bend,-120.070686,45.591194,313.2558594
Horseshoe Bend,-119.978584,45.562294,327.7174377
Horseshoe Bend,-119.941086,45.555294,356.3085938
Horseshoe Bend,-119.961189,45.548096,342.221405
Horseshoe Bend,-119.958984,45.543293,344.2662964
Horseshoe Bend,-120.009987,45.586193,291.4509888
Horseshoe Bend,-120.023384,45.569492,314.5188904
Horseshoe Bend,-119.945084,45.562294,352.2226257
Horseshoe Bend,-119.958984,45.561993,351.2268982
Horseshoe Bend,-119.955185,45.573395,343.3502197
Horseshoe Bend,-120.027184,45.598095,293.3654175
Horseshoe Bend,-120.073883,45.606194,304.3501587
Horseshoe Bend,-120.058189,45.566494,319.1105957
Horseshoe Bend,-119.984688,45.587296,329.0722656
Horseshoe Bend,-120.068588,45.586796,308.6096497
Horseshoe Bend,-119.976585,45.601692,324.697937
Horseshoe Bend,-119.961685,45.564293,347.808197
Horseshoe Bend,-120.048782,45.590595,307.719574
Horseshoe Bend,-119.952187,45.567696,349.2279663
Horseshoe Bend,-119.963684,45.594593,331.2945557
Horseshoe Bend,-119.985786,45.584496,331.102478
Horseshoe Bend,-119.990883,45.597294,324.3356934
Horseshoe Bend,-120.063087,45.570793,315.8628235
Horseshoe Bend,-119.964584,45.566795,347.1702271
Horseshoe Bend,-120.010986,45.588196,289.2679749
Horseshoe Bend,-119.98539,45.599895,327.0003357
Horseshoe Bend,-119.941887,45.550495,358.0339966
Horseshoe Bend,-119.975983,45.554493,330.6069946
Horseshoe Bend,-120.028885,45.602196,310.4328613
Horseshoe Bend,-119.986488,45.601894,326.3094788
Horseshoe Bend,-119.974686,45.577595,340.4638062
Horseshoe Bend/ranch pit,-111.43869,47.503994,1104.888062
Horseshoe Bend/ranch pit,-111.437088,47.497292,1102.572021
Horseshoe Bend/ranch pit,-111.437988,47.501194,1103.834839
Horseshoe Bend/ranch pit,-111.439186,47.506092,1104.80957
Horseshoe Bend/ranch pit,-111.437584,47.499191,1103.006958
Horseshoe Bend/ranch pit,-111.436684,47.495293,1102.05896
Huerfano River,-104.832191,37.772194,1854.547729
Huerfano River,-104.831833,37.774323,1855.070557
Huerfano River,-104.82679,37.777992,1825.795654
Huerfano River,-104.83149,37.776093,1837.557373
Inland Empire Utility Agency,-117.52639,34.084896,330.29953
Jett Creek,-117.262253,44.426102,1290.770752
Jett Creek,-117.271515,44.425854,1261.057983
Jett Creek,-117.268356,44.425102,1256.569214
Jett Creek,-117.274284,44.425358,1292.076782
Jett Creek,-117.264969,44.425354,1262.577148
Judith Gap,-109.775391,46.587692,1445.529297
Judith Gap,-109.759888,46.560493,1409.442261
Judith Gap,-109.709885,46.571693,1379.073486
Judith Gap,-109.731987,46.547092,1382.971924
Judith Gap,-109.745987,46.540092,1385.67395
Judith Gap,-109.753891,46.603092,1419.84436
Judith Gap,-109.730591,46.572094,1390.654663
Judith Gap,-109.781891,46.568493,1423.003662
Judith Gap,-109.78199,46.560093,1411.360474
Judith Gap,-109.771286,46.582893,1438.172485
Judith Gap,-109.776985,46.589191,1447.555786
Judith Gap,-109.76329,46.600891,1424.261963
Judith Gap,-109.759491,46.595291,1418.994263
Judith Gap,-109.732689,46.573692,1391.365479
Judith Gap,-109.713089,46.557293,1372.491211
Judith Gap,-109.749985,46.600693,1415.382446
Judith Gap,-109.758987,46.555195,1404.677246
Judith Gap,-109.751884,46.542892,1390.432983
Judith Gap,-109.728287,46.570595,1388.103882
Judith Gap,-109.762886,46.593391,1420.532593
Judith Gap,-109.778786,46.590591,1448.310791
Judith Gap,-109.767792,46.581192,1436.063232
Judith Gap,-109.736687,46.547894,1387.645264
Judith Gap,-109.721085,46.566895,1381.486328
Judith Gap,-109.76329,46.562092,1413.316284
Judith Gap,-109.744888,46.598293,1411.354248
Judith Gap,-109.717285,46.564892,1378.329346
Judith Gap,-109.762085,46.566593,1417.928589
Judith Gap,-109.733292,46.545193,1383.895752
Judith Gap,-109.783691,46.564491,1417.339233
Judith Gap,-109.783287,46.562195,1415.224609
Judith Gap,-109.763885,46.569092,1420.69751
Judith Gap,-109.761887,46.557793,1406.475098
Judith Gap,-109.742287,46.538895,1381.856079
Judith Gap,-109.778885,46.563595,1416.403076
Judith Gap,-109.70829,46.574291,1379.196167
Judith Gap,-109.779884,46.558891,1409.059082
Judith Gap,-109.724487,46.568592,1384.719727
Judith Gap,-109.755486,46.598091,1417.921387
Judith Gap,-109.761086,46.563595,1414.662964
Judith Gap,-109.735085,46.575191,1394.271851
Judith Gap,-109.709091,46.555092,1369.374512
Judith Gap,-109.738388,46.578693,1398.293823
Judith Gap,-109.740891,46.541592,1384.56897
Judith Gap,-109.773392,46.554592,1403.178101
Judith Gap,-109.741585,46.594593,1407.651855
Judith Gap,-109.743484,46.587193,1405.050293
Judith Gap,-109.746986,46.548195,1393.3125
Judith Gap,-109.737389,46.601791,1406.992188
Judith Gap,-109.741585,46.580593,1400.478638
Judith Gap,-109.749191,46.584793,1407.790771
Judith Gap,-109.728287,46.576591,1391.521362
Judith Gap,-109.768791,46.578491,1432.359131
Judith Gap,-109.757484,46.549294,1400.73938
Judith Gap,-109.755386,46.544891,1395.075317
Judith Gap,-109.735291,46.542694,1382.003174
Judith Gap,-109.78569,46.580994,1433.62207
Judith Gap,-109.78289,46.566395,1420.843506
Judith Gap,-109.726685,46.579193,1391.87439
Judith Gap,-109.754791,46.553593,1400.4823
Judith Gap,-109.711487,46.569195,1377.460083
Judith Gap,-109.729187,46.542992,1379.042236
Judith Gap,-109.756386,46.556595,1404.685791
Judith Gap,-109.744789,46.605892,1414.320435
Judith Gap,-109.776291,46.558292,1409.167969
Judith Gap,-109.75679,46.551594,1401.145996
Judith Gap,-109.733788,46.599892,1405.089966
Judith Gap,-109.730492,46.597393,1401.346924
Judith Gap,-109.770592,46.584991,1439.26123
Judith Gap,-109.752686,46.589993,1411.21582
Judith Gap,-109.772385,46.579193,1433.665771
Judith Gap,-109.744087,46.544193,1387.986572
Judith Gap,-109.77739,46.561192,1413.547363
Judith Gap,-109.759285,46.604794,1424.996826
Judith Gap,-109.741188,46.603992,1411.075195
Judith Gap,-109.74839,46.541492,1387.9104
Judith Gap,-109.77449,46.581291,1438.37085
Judith Gap,-109.785988,46.583591,1432.842773
Judith Gap,-109.72509,46.581692,1390.741211
Judith Gap,-109.744591,46.550194,1393.096313
Judith Gap,-109.77459,46.556393,1407.519531
Judith Gap,-109.744591,46.583294,1403.653198
Judith Gap,-109.739891,46.546192,1388.966675
Judith Gap,-109.750984,46.545994,1393.937012
Judith Gap,-109.715591,46.560593,1375.869385
Judith Gap,-109.772789,46.586391,1442.015503
Judith Gap,-109.758385,46.546291,1397.76355
Judith Gap,-109.784386,46.578594,1430.712769
Judith Gap,-109.757988,46.559093,1407.533203
Judith Gap,-109.706688,46.576794,1379.265503
Juniper Canyon,-120.214485,45.887592,671.1365967
Juniper Canyon,-120.231384,45.907795,750.5908203
Juniper Canyon,-120.246689,45.956295,841.3685303
Juniper Canyon,-120.281784,45.968594,873.6483765
Juniper Canyon,-120.276184,45.958794,861.4668579
Juniper Canyon,-120.280388,45.962593,870.4815063
Juniper Canyon,-120.278885,45.966095,874.0128174
Juniper Canyon,-120.228088,45.902992,731.8082275
Juniper Canyon,-120.185188,45.920193,697.4126587
Juniper Canyon,-120.233688,45.946693,814.2781982
Juniper Canyon,-120.249588,45.958294,845.2070923
Juniper Canyon,-120.240479,45.922958,786.8636475
Juniper Canyon,-120.238884,45.948692,822.9334717
Juniper Canyon,-120.234505,45.91634,769.5857544
Juniper Canyon,-120.187988,45.888794,623.6451416
Juniper Canyon,-120.234787,45.919094,775.1832886
Juniper Canyon,-120.201889,45.896996,672.3181152
Juniper Canyon,-120.201485,45.901894,678.817688
Juniper Canyon,-120.197685,45.913895,709.4382935
Juniper Canyon,-120.224785,45.901196,722.4587402
Juniper Canyon,-120.265785,45.951195,849.2753296
Juniper Canyon,-120.182884,45.917995,689.0177002
Juniper Canyon,-120.161583,45.883896,551.6603394
Juniper Canyon,-120.233688,45.910294,756.7248535
Juniper Canyon,-120.187363,45.90823,681.0040894
Juniper Canyon,-120.221687,45.899494,710.4611206
Juniper Canyon,-120.247688,45.930393,802.7678833
Juniper Canyon,-120.210686,45.882996,652.9922485
Juniper Canyon,-120.194687,45.919792,719.3964233
Juniper Canyon,-120.198486,45.895992,662.4215088
Juniper Canyon,-120.171486,45.904095,629.4393921
Juniper Canyon,-120.181587,45.900593,647.3245239
Juniper Canyon,-120.265182,45.948395,844.9205322
Juniper Canyon,-120.271683,45.954292,853.8231812
Juniper Canyon,-120.229088,45.944492,804.6817627
Juniper Canyon,-120.191841,45.890923,637.5619507
Juniper Canyon,-120.193787,45.912289,699.3704834
Juniper Canyon,-120.196587,45.892693,649.7115479
Juniper Canyon,-120.179489,45.898293,634.718811
Juniper Canyon,-120.197289,45.921993,726.4498291
Juniper Canyon,-120.230385,45.905193,740.2911377
Juniper Canyon,-120.243584,45.950794,830.4776001
Juniper Canyon,-120.244682,45.953995,836.6948242
Juniper Canyon,-120.214485,45.893795,687.9806519
Juniper Canyon,-120.210777,45.907738,717.7845459
Juniper Canyon,-120.236588,45.921593,783.119812
Juniper Canyon,-120.163483,45.886093,563.8578491
Juniper Canyon,-120.204887,45.903393,692.7845459
Juniper Canyon,-120.190689,45.909695,690.6591797
Juniper Canyon,-120.166687,45.887993,576.5012817
Juniper Canyon,-120.213989,45.890594,680.8258057
Juniper Canyon,-120.249588,45.933094,810.5142212
Juniper Canyon,-120.177589,45.895992,619.8670654
Juniper Canyon,-120.182838,45.903507,659.1829224
Juniper Canyon,-120.245384,45.928295,798.6582031
Juniper Canyon,-120.18483,45.905766,669.7364502
Juniper Canyon,-120.171783,45.906994,641.8084106
Juniper Canyon,-120.243286,45.925995,795.4136963
Juniper Canyon,-120.168983,45.889793,582.8535767
Juniper Canyon,-120.213188,45.885094,663.6409912
Juniper Canyon,-120.207382,45.905495,706.2836914
Juniper Canyon,-120.233688,45.913296,763.5261841
Juniper Canyon,-120.273987,45.956696,857.0296631
Karen Avenue Windfarm,-116.557785,33.922295,258.3970947
Karen Avenue Windfarm,-116.560623,33.921135,253.1889801
Karen Avenue Windfarm,-116.555275,33.920433,255.2221832
Karen Avenue Windfarm,-116.560638,33.921921,255.3688965
Karen Avenue Windfarm,-116.55529,33.921993,260.2068176
Karen Avenue Windfarm,-116.560623,33.92152,254.4635315
Karen Avenue Windfarm,-116.560616,33.920742,252.4214325
Karen Avenue Windfarm,-116.560616,33.920147,251.1084137
Karen Avenue Windfarm,-116.560661,33.922314,256.3154907
Karen Avenue Windfarm,-116.555237,33.921207,257.161438
Karen Avenue Windfarm,-116.560616,33.919376,249.9085388
Karen Avenue Windfarm,-116.560593,33.918602,248.4256744
Kingman,-114.064888,35.143597,1045.762085
Kingman,-114.06749,35.146095,1060.326416
Kingman,-114.071091,35.147797,1081.347168
Kingman,-114.06649,35.144695,1037.592041
Kingman,-114.069389,35.146496,1071.771729
Kit Carson Project,-102.298988,39.381393,1249.432617
Kit Carson Project,-102.302689,39.358894,1270.470825
Kit Carson Project,-102.345894,39.362095,1271.352905
Kit Carson Project,-102.326591,39.362392,1268.949097
Kit Carson Project,-102.340294,39.371693,1267.230347
Kit Carson Project,-102.304489,39.364792,1271.786743
Kit Carson Project,-102.312988,39.347393,1268.616333
Kit Carson Project,-102.376793,39.385792,1267.849976
Kit Carson Project,-102.362389,39.369694,1271.791138
Kit Carson Project,-102.307388,39.379993,1259.246582
Kit Carson Project,-102.379189,39.373692,1272.368042
Kit Carson Project,-102.382393,39.362392,1274.555786
Kit Carson Project,-102.293594,39.370892,1254.871826
Kit Carson Project,-102.341087,39.362892,1273.7052
Kit Carson Project,-102.289688,39.364792,1255.75708
Kit Carson Project,-102.331795,39.362694,1269.207275
Kit Carson Project,-102.31279,39.376694,1257.629395
Kit Carson Project,-102.289787,39.372093,1250.376953
Kit Carson Project,-102.305191,39.353992,1271.87793
Kit Carson Project,-102.383293,39.383293,1268.939209
Kit Carson Project,-102.38839,39.386494,1265.920044
Kit Carson Project,-102.33049,39.370392,1263.159424
Kit Carson Project,-102.308891,39.386093,1259.031616
Kit Carson Project,-102.307991,39.348694,1273.731201
Kit Carson Project,-102.36129,39.363594,1272.907471
Kit Carson Project,-102.304993,39.375591,1259.25061
Kit Carson Project,-102.293289,39.363094,1254.895874
Kit Carson Project,-102.323288,39.371994,1262.978271
Kit Carson Project,-102.321289,39.365593,1267.608887
Kit Carson Project,-102.299889,39.364292,1262.130127
Kit Carson Project,-102.365395,39.366795,1274.052124
Kit Carson Project,-102.312691,39.362595,1259.576416
Kit Carson Project,-102.374687,39.363094,1276.2229
Kit Carson Project,-102.300888,39.353294,1269.632935
Klondike I,-120.551735,45.57048,459.2398682
Klondike I,-120.545242,45.552494,467.0687866
Klondike I,-120.547447,45.555557,466.1538696
Klondike I,-120.551743,45.573322,452.342865
Klondike I,-120.55172,45.565659,459.7441101
Klondike I,-120.551682,45.564251,457.5964966
Klondike I,-120.551727,45.56765,456.1467896
Klondike I,-120.550682,45.559158,462.0545959
Klondike I,-120.550652,45.560585,457.9690857
Klondike I,-120.55069,45.557716,462.637085
Klondike I,-120.551697,45.562809,458.8362122
Klondike I,-120.55175,45.57618,446.6070862
Klondike I,-120.551689,45.571938,458.4571838
Klondike I,-120.545448,45.553879,469.492218
Klondike I,-120.551712,45.569065,460.6285095
Klondike I,-120.551758,45.574734,448.5367737
Klondike II,-120.588989,45.595196,449.3929749
Klondike II,-120.573288,45.556293,476.7597351
Klondike II,-120.557487,45.585693,431.1638489
Klondike II,-120.588783,45.586292,458.1789856
Klondike II,-120.572487,45.563393,467.6843872
Klondike II,-120.600388,45.581295,457.630188
Klondike II,-120.592857,45.565514,472.0626221
Klondike II,-120.558685,45.588894,433.8196106
Klondike II,-120.593987,45.563496,471.4086609
Klondike II,-120.576286,45.574795,451.7503662
Klondike II,-120.589088,45.600494,454.5144043
Klondike II,-120.588387,45.608894,450.9709167
Klondike II,-120.588486,45.610493,450.4967346
Klondike II,-120.576485,45.581196,444.6535034
Klondike II,-120.576286,45.576195,449.2327881
Klondike II,-120.600388,45.579594,460.8902283
Klondike II,-120.588783,45.591595,454.4372253
Klondike II,-120.562889,45.597794,427.8961487
Klondike II,-120.588486,45.612194,435.2676086
Klondike II,-120.562889,45.596294,433.5402832
Klondike II,-120.57309,45.561592,467.22052
Klondike II,-120.594986,45.573795,467.9533386
Klondike II,-120.600388,45.583096,459.7848206
Klondike II,-120.576385,45.579292,446.4373779
Klondike II,-120.576385,45.577694,448.6531982
Klondike II,-120.558586,45.586994,436.0925598
Klondike II,-120.588783,45.593395,451.4364929
Klondike II,-120.592087,45.567696,470.1750793
Klondike II,-120.558685,45.590393,437.4388733
Klondike II,-120.57309,45.559494,471.7472839
Klondike II,-120.574234,45.571609,448.619751
Klondike II,-120.589088,45.602196,451.1959229
Klondike II,-120.576286,45.573296,447.9515076
Klondike II,-120.572487,45.565094,463.286377
Klondike II,-120.572487,45.566494,461.1991577
Klondike II,-120.573982,45.568394,453.6598816
Klondike II,-120.573189,45.557995,473.2940979
Klondike II,-120.562683,45.594692,433.2477417
Klondike II,-120.593887,45.571693,466.7810669
Klondike II,-120.588783,45.589794,459.9154358
Klondike II,-120.562584,45.592693,436.9051819
Klondike II,-120.588989,45.603992,440.0189209
Klondike II,-120.589088,45.598995,448.9093628
Klondike II,-120.574188,45.569996,450.0013733
Klondike II,-120.588188,45.607094,444.3975525
Klondike II,-120.600388,45.577793,460.0403137
Klondike II,-120.592789,45.569794,468.0141296
Klondike II,-120.576485,45.582794,442.8981018
Klondike II,-120.588989,45.596893,451.0344238
Klondike II,-120.600388,45.575893,463.2380981
Klondike III,-120.485184,45.604893,371.3939209
Klondike III,-120.518585,45.617294,381.7072754
Klondike III,-120.485283,45.603092,372.3208008
Klondike III,-120.551788,45.577694,441.0942688
Klondike III,-120.486786,45.584793,390.0350037
Klondike III,-120.485985,45.599495,380.59552
Klondike III,-120.486389,45.594692,394.2468567
Klondike III,-120.508087,45.584892,427.4234924
Klondike III,-120.511589,45.599194,399.7671204
Klondike III,-120.530487,45.562992,447.4035645
Klondike III,-120.658089,45.540794,526.3986206
Klondike III,-120.531982,45.599094,423.6999512
Klondike III,-120.529289,45.578995,435.2991028
Klondike III,-120.531982,45.595394,430.5238342
Klondike III,-120.486488,45.588993,399.882019
Klondike III,-120.588585,45.616695,442.4450378
Klondike III,-120.531982,45.600796,427.1338501
Klondike III,-120.505585,45.575092,416.2609863
Klondike III,-120.480286,45.580093,383.342041
Klondike III,-120.621284,45.556793,498.256958
Klondike III,-120.481285,45.582195,387.8198853
Klondike III,-120.621284,45.561092,487.0394592
Klondike III,-120.588585,45.615093,439.7042847
Klondike III,-120.662186,45.558395,505.6443176
Klondike III,-120.662186,45.556793,508.9124451
Klondike III,-120.566689,45.540993,458.3092651
Klondike III,-120.518486,45.606094,406.3061523
Klondike III,-120.637886,45.550095,503.6892395
Klondike III,-120.511688,45.596695,398.4529419
Klondike III,-120.511589,45.602695,389.6998901
Klondike III,-120.637886,45.547195,510.9932251
Klondike III,-120.531982,45.597393,424.9546509
Klondike III,-120.551788,45.579292,432.4547119
Klondike III,-120.553185,45.606594,427.9616699
Klondike III,-120.658089,45.536392,508.3991394
Klondike III,-120.658089,45.542194,525.8132935
Klondike III,-120.531982,45.593693,426.9444885
Klondike III,-120.566689,45.546894,470.040741
Klondike III,-120.518486,45.608894,412.1444092
Klondike III,-120.566689,45.548294,477.6752014
Klondike III,-120.553185,45.616394,413.1894836
Klondike III,-120.553185,45.613594,416.4075317
Klondike III,-120.615189,45.552494,496.89151
Klondike III,-120.558884,45.603992,420.3411865
Klondike III,-120.518486,45.618694,380.3700562
Klondike III,-120.551788,45.582695,422.2969055
Klondike III,-120.570084,45.553394,479.8418274
Klondike III,-120.551788,45.580994,426.2988586
Klondike III,-120.553185,45.622093,396.1983337
Klondike III,-120.658089,45.537895,517.034729
Klondike III,-120.511589,45.600895,402.3005066
Klondike III,-120.636482,45.542793,501.6154175
Klondike III,-120.612885,45.546593,496.9478149
Klondike III,-120.613686,45.550896,497.0910034
Klondike III,-120.662987,45.546494,541.3696289
Klondike III,-120.621284,45.559593,491.1095276
Klondike III,-120.507088,45.580692,432.5717163
Klondike III,-120.486389,45.592896,391.4506836
Klondike III,-120.518486,45.610294,406.7541199
Klondike III,-120.637886,45.548695,506.3874817
Klondike III,-120.636986,45.541393,493.4986267
Klondike III,-120.658089,45.543594,530.039978
Klondike III,-120.662987,45.551094,530.449585
Klondike III,-120.637184,45.545795,509.3969727
Klondike III,-120.48539,45.601192,376.9041138
Klondike III,-120.553185,45.617794,408.6965332
Klondike III,-120.531982,45.591194,427.3564453
Klondike III,-120.529289,45.581696,417.7252808
Klondike III,-120.613686,45.549496,495.4826355
Klondike III,-120.662987,45.552494,529.3006592
Klondike III,-120.529488,45.569393,427.078125
Klondike III,-120.621284,45.558193,495.4662781
Klondike III,-120.553185,45.610794,417.1322327
Klondike III,-120.486588,45.591095,396.5088806
Klondike III,-120.553185,45.619293,409.7586975
Klondike III,-120.511688,45.592896,412.9092407
Klondike III,-120.531982,45.602493,426.4118042
Klondike III,-120.508087,45.588493,419.2489014
Klondike III,-120.65799,45.544994,530.7894287
Klondike III,-120.506889,45.582394,430.7242432
Klondike III,-120.588585,45.618893,442.8164673
Klondike III,-120.570084,45.551895,482.3904419
Klondike III,-120.531982,45.604195,419.2529907
Klondike III,-120.612885,45.547993,495.8670959
Klondike III,-120.604988,45.542694,480.9024353
Klondike III,-120.518486,45.607494,414.1832581
Klondike III,-120.635887,45.544395,506.6370239
Klondike III,-120.486588,45.586895,397.142395
Klondike III,-120.558884,45.602592,426.6934509
Klondike III,-120.566887,45.545494,464.4824829
Klondike III,-120.529182,45.577293,437.9942932
Klondike III,-120.658089,45.539295,522.7894287
Klondike III,-120.508087,45.586594,428.1251221
Klondike III,-120.511688,45.594994,405.883728
Klondike III,-120.604965,45.541157,485.1191711
Klondike III,-120.566689,45.550095,478.5559387
Klondike III,-120.553185,45.612194,414.490448
Klondike III,-120.553185,45.609394,422.0307007
Klondike III,-120.511589,45.591194,418.7333679
Klondike III,-120.662987,45.553993,522.015564
Klondike III,-120.518486,45.611694,408.6473999
Klondike III,-120.613884,45.545193,494.4753418
Klondike III,-120.558884,45.601192,435.4305725
Klondike III,-120.486282,45.596493,389.5043945
Klondike III,-120.637886,45.551594,503.3110657
Klondike III,-120.662987,45.548096,534.5325317
Klondike III,-120.558884,45.599792,431.3164673
Klondike III,-120.614685,45.543793,487.1269531
Klondike III,-120.662987,45.549595,534.428833
Klondike III,-120.553185,45.607994,424.9376221
Klondike III,-120.588585,45.613693,439.3905334
Klondike III,-120.530388,45.564793,448.6071777
Klondike III,-120.553185,45.614994,417.2199402
Klondike III,-120.518486,45.614395,393.5194092
Klondike III,-120.530388,45.566494,439.1437073
Klondike III,-120.553185,45.620693,405.8103027
Klondike III,-120.529289,45.575596,438.6767578
Klondike III,-120.621284,45.555294,496.9312744
Klondike III,-120.518486,45.615894,388.6521912
Klondike III,-120.505882,45.577293,430.1377869
Klondike III,-120.505882,45.578995,429.6234436
Klondike III,-120.518486,45.613094,400.5258179
Klondike III,-120.566689,45.542393,458.4474182
Klondike III,-120.566689,45.543896,461.1778564
Klondike IIIA,-120.463783,45.581993,369.8078308
Klondike IIIA,-120.539284,45.542595,473.6350098
Klondike IIIA,-120.587288,45.550694,486.133667
Klondike IIIA,-120.589989,45.557495,483.8113403
Klondike IIIA,-120.506889,45.565395,414.6156006
Klondike IIIA,-120.463684,45.579193,381.9092102
Klondike IIIA,-120.542786,45.545795,467.7054443
Klondike IIIA,-120.525986,45.555096,453.3042297
Klondike IIIA,-120.463783,45.580593,374.1831665
Klondike IIIA,-120.539383,45.541195,462.1699524
Klondike IIIA,-120.639084,45.562294,485.2216797
Klondike IIIA,-120.637589,45.565594,488.1069641
Klondike IIIA,-120.590088,45.555893,486.4840088
Klondike IIIA,-120.63839,45.571396,477.9522705
Klondike IIIA,-120.526085,45.556496,454.4234009
Klondike IIIA,-120.58799,45.547295,479.8028259
Klondike IIIA,-120.639687,45.560593,492.4482422
Klondike IIIA,-120.546883,45.537792,428.1720581
Klondike IIIA,-120.638283,45.572895,481.3692322
Klondike IIIA,-120.587685,45.548992,483.1569214
Klondike IIIA,-120.507286,45.562492,421.9463806
Klondike IIIA,-120.463188,45.573795,377.0994568
Klondike IIIA,-120.542786,45.547195,472.0158691
Klondike IIIA,-120.525887,45.552296,446.7432556
Klondike IIIA,-120.507484,45.560993,422.4302368
Klondike IIIA,-120.590088,45.542892,480.1902161
Klondike IIIA,-120.546188,45.539093,435.2782288
Klondike IIIA,-120.463585,45.577892,382.9309082
Klondike IIIA,-120.507484,45.566895,410.2110901
Klondike IIIA,-120.639282,45.558994,497.421875
Klondike IIIA,-120.595085,45.560795,481.0718689
Klondike IIIA,-120.507088,45.563892,418.4415283
Klondike IIIA,-120.542786,45.548695,467.9176025
Klondike IIIA,-120.638184,45.564293,492.8699341
Klondike IIIA,-120.589684,45.544395,483.1870117
Klondike IIIA,-120.590988,45.539894,463.6531372
Klondike IIIA,-120.590485,45.541393,475.3198242
Klondike IIIA,-120.638084,45.575794,474.5378723
Klondike IIIA,-120.463486,45.576393,382.644165
Klondike IIIA,-120.525887,45.553696,453.4375
Klondike IIIA,-120.639282,45.557095,497.6743469
Klondike IIIA,-120.463387,45.575092,378.6412659
Klondike IIIA,-120.506783,45.559593,409.8780823
Klondike IIIA,-120.638184,45.574394,481.3738098
Klondike IIIA,-120.590385,45.554195,479.9425964
Klondike IIIA,-120.542686,45.550095,465.2192688
Klondike IIIA,-120.586884,45.536392,445.3819885
Klondike IIIA,-120.637489,45.569893,479.0830994
Klondike IIIA,-120.526184,45.557896,452.5198975
Klondike IIIA,-120.637589,45.566994,481.7901611
Klondike IIIA,-120.637489,45.568394,486.5218201
Klondike IIIA,-120.526184,45.559296,450.8775635
Kumeyaay Phase I,-116.346115,32.72879,1397.812378
Kumeyaay Phase I,-116.346786,32.727097,1404.627075
Kumeyaay Phase I,-116.329491,32.705894,1305.43103
Kumeyaay Phase I,-116.327385,32.703495,1275.310303
Kumeyaay Phase I,-116.335289,32.711697,1321.623535
Kumeyaay Phase I,-116.336586,32.712795,1330.369629
Kumeyaay Phase I,-116.326187,32.702396,1270.745117
Kumeyaay Phase I,-116.339691,32.716595,1341.148804
Kumeyaay Phase I,-116.328384,32.704697,1291.142212
Kumeyaay Phase I,-116.331787,32.708195,1325.761353
Kumeyaay Phase I,-116.337685,32.713997,1329.637695
Kumeyaay Phase I,-116.344788,32.722897,1378.258789
Kumeyaay Phase I,-116.346985,32.725296,1400.673706
Kumeyaay Phase I,-116.34079,32.717796,1347.093384
Kumeyaay Phase I,-116.34539,32.732296,1397.837646
Kumeyaay Phase I,-116.343689,32.721695,1371.002075
Kumeyaay Phase I,-116.33419,32.710495,1318.295044
Kumeyaay Phase I,-116.345985,32.723995,1389.130615
Kumeyaay Phase I,-116.330589,32.707096,1324.554443
Kumeyaay Phase I,-116.333092,32.709293,1326.43335
Kumeyaay Phase I,-116.341789,32.719093,1358.288818
Kumeyaay Phase I,-116.344841,32.733913,1390.69043
Kumeyaay Phase I,-116.342712,32.720367,1365.781616
Kumeyaay Phase I,-116.338692,32.715294,1336.995483
Kumeyaay Phase I,-116.345688,32.730595,1388.054321
La Joya,-105.763901,34.599682,1973.577515
La Joya,-105.749916,34.593037,1968.549683
La Joya,-105.710129,34.592857,1933.957031
La Joya,-105.623215,34.621735,1955.08374
La Joya,-105.668983,34.5811,1947.474365
La Joya,-105.623734,34.618546,1956.011841
La Joya,-105.75135,34.627289,1986.28479
La Joya,-105.659187,34.597256,1963.714111
La Joya,-105.751106,34.62447,1991.506348
La Joya,-105.708206,34.617596,1946.207397
La Joya,-105.626465,34.609966,1955.059814
La Joya,-105.744835,34.608768,1971.193481
La Joya,-105.608795,34.640171,1937.693604
La Joya,-105.638023,34.564686,1935.389404
La Joya,-105.586983,34.623493,1943.918091
La Joya,-105.610504,34.636837,1943.005859
La Joya,-105.709137,34.603729,1935.158691
La Joya,-105.597092,34.649509,1929.393555
La Joya,-105.583588,34.630074,1933.913208
La Joya,-105.745644,34.617172,1987.152222
La Joya,-105.596054,34.627354,1944.510986
La Joya,-105.760384,34.61121,1984.310547
La Joya,-105.690659,34.579018,1936.966431
La Joya,-105.637085,34.57103,1944.470825
La Joya,-105.75222,34.634804,1973.025146
La Joya,-105.753136,34.641949,1969.601074
La Joya,-105.628242,34.606258,1957.865845
La Joya,-105.637199,34.589443,1952.761353
La Joya,-105.637604,34.56781,1939.719604
La Joya,-105.606415,34.629398,1945.763916
La Joya,-105.749931,34.620522,1990.244507
La Joya,-105.628212,34.602646,1958.595703
La Joya,-105.603889,34.623985,1959.174805
La Joya,-105.638687,34.578655,1950.788086
La Joya,-105.708092,34.620941,1944.670288
La Joya,-105.619942,34.558937,1924.915283
La Joya,-105.580925,34.633537,1935.666626
La Joya,-105.677025,34.57468,1951.938599
La Joya,-105.623901,34.635624,1950.35791
La Joya,-105.661812,34.591022,1961.715088
La Joya,-105.602577,34.643002,1938.733154
La Joya,-105.658958,34.594162,1965.3396
La Joya,-105.718544,34.623856,1947.359741
La Joya,-105.753822,34.64867,1967.580444
La Joya,-105.637222,34.585518,1952.871704
La Joya,-105.581612,34.626713,1934.891846
La Joya,-105.620026,34.627316,1954.343994
La Joya,-105.751419,34.630741,1981.927002
La Joya,-105.623512,34.639133,1942.94043
La Joya,-105.616966,34.562065,1922.035522
La Joya,-105.751038,34.601391,1979.55481
La Joya,-105.75029,34.605293,1976.390869
La Joya,-105.708908,34.600594,1930.176147
La Joya,-105.7239,34.594173,1941.261719
La Joya,-105.762642,34.603325,1972.609497
La Joya,-105.638313,34.582008,1956.041992
La Joya,-105.638092,34.574772,1944.637451
La Joya,-105.57869,34.615608,1959.0802
La Joya,-105.577255,34.61974,1944.355713
La Joya,-105.628571,34.599384,1955.253906
La Joya,-105.717934,34.632652,1952.144653
La Joya,-105.590714,34.610554,1940.613647
La Joya,-105.63076,34.561642,1935.664185
La Joya,-105.616508,34.564999,1920.871826
La Joya,-105.633476,34.592453,1955.976685
La Joya,-105.601418,34.646523,1935.610352
La Joya,-105.578384,34.637836,1929.383179
La Joya,-105.708466,34.589134,1935.418579
La Joya,-105.590927,34.606979,1933.252441
La Joya,-105.63298,34.595573,1957.205811
La Joya,-105.618835,34.630482,1952.966797
La Joya,-105.615433,34.567993,1917.835693
La Joya,-105.760994,34.608082,1978.542847
La Joya,-105.629974,34.612835,1958.926514
La Joya,-105.753777,34.645077,1971.577393
La Joya,-105.720047,34.635292,1952.112061
La Joya II,-105.683464,34.586182,1942.591187
La Joya II,-105.699272,34.583035,1931.093384
La Joya II,-105.721306,34.590839,1939.352661
La Joya II,-105.646469,34.603207,1963.392212
La Joya II,-105.590187,34.613644,1954.411255
La Joya II,-105.644936,34.614643,1950.639893
La Joya II,-105.745041,34.61171,1978.370117
La Joya II,-105.661102,34.576458,1950.542358
La Joya II,-105.757309,34.614677,1988.131958
La Joya II,-105.709679,34.596439,1931.033936
La Joya II,-105.644989,34.618568,1948.07959
La Joya II,-105.653267,34.585514,1955.381226
La Joya II,-105.750984,34.596241,1977.823364
La Joya II,-105.653358,34.582058,1955.239624
La Joya II,-105.760895,34.617973,1978.556519
La Joya II,-105.706978,34.585861,1935.118774
La Joya II,-105.753525,34.63858,1968.505371
La Joya II,-105.638283,34.621685,1957.604004
La Joya II,-105.736252,34.595871,1949.984375
La Joya II,-105.708557,34.613602,1945.630859
La Joya II,-105.723358,34.597797,1939.062622
La Joya II,-105.718483,34.627396,1950.357056
La Joya II,-105.662415,34.572876,1950.962646
La Joya II,-105.653542,34.621304,1941.25293
La Joya II,-105.663803,34.587818,1957.472046
La Joya II,-105.646446,34.598984,1961.501709
La Joya II,-105.766037,34.596233,1974.804321
La Joya II,-105.641464,34.61076,1954.238525
La Joya II,-105.676834,34.577869,1949.396851
La Joya II,-105.735397,34.59193,1953.548828
La Joya II,-105.64579,34.606483,1957.2948
La Joya II,-105.70845,34.607132,1938.50293
La Joya II,-105.667473,34.584454,1952.715576
La Joya II,-105.720825,34.587421,1942.303589
La Joya II,-105.653313,34.567936,1946.7948
Lake Palmdale,-118.118286,34.555897,858.4414673
Lamar III,-102.650894,37.362293,1382.429199
Lamar Municipal,-102.537888,38.033295,1163.393066
Lamar Municipal,-102.532188,38.032494,1173.050659
Lamar Municipal,-102.535042,38.032902,1169.779541
Lamar Municipal,-102.528992,38.032093,1170.357056
Latigo,-109.384842,37.893898,2308.4375
Latigo,-109.391586,37.907108,2272.849854
Latigo,-109.374374,37.899319,2257.236084
Latigo,-109.358208,37.891262,2203.362793
Latigo,-109.374786,37.883816,2256.122314
Latigo,-109.388153,37.893257,2321.831787
Latigo,-109.381065,37.894745,2292.991943
Latigo,-109.364281,37.888691,2222.57251
Latigo,-109.378021,37.883408,2273.868652
Latigo,-109.391518,37.892509,2335.960205
Latigo,-109.38829,37.907688,2254.546875
Latigo,-109.406242,37.898376,2363.454834
Latigo,-109.381294,37.883072,2287.09375
Latigo,-109.378189,37.907848,2230.030762
Latigo,-109.405212,37.888069,2411.726563
Latigo,-109.409317,37.896225,2370.336426
Latigo,-109.360992,37.889084,2212.049072
Latigo,-109.367485,37.887291,2232.259033
Latigo,-109.371323,37.900463,2244.318604
Latigo,-109.403526,37.901257,2374.932129
Latigo,-109.397987,37.891609,2363.158691
Latigo,-109.370422,37.884102,2238.208008
Latigo,-109.38501,37.909222,2233.514404
Latigo,-109.376991,37.896477,2269.342285
Latigo,-109.394981,37.893246,2350.455078
Latigo,-109.409409,37.887753,2437.891357
Latigo,-109.401604,37.890083,2389.529785
Leaning Juniper,-120.217987,45.664593,359.4871216
Leaning Juniper,-120.19902,45.649033,308.9094238
Leaning Juniper,-120.194084,45.666393,306.1720276
Leaning Juniper,-120.181015,45.63575,276.3885803
Leaning Juniper,-120.198586,45.671295,284.6177979
Leaning Juniper,-120.197586,45.670094,292.3066711
Leaning Juniper,-120.262535,45.668655,379.3146362
Leaning Juniper,-120.182686,45.645794,304.0884094
Leaning Juniper,-120.259285,45.663296,404.4024048
Leaning Juniper,-120.260887,45.665993,405.8055115
Leaning Juniper,-120.192383,45.621693,317.1131897
Leaning Juniper,-120.193085,45.622993,317.2932739
Leaning Juniper,-120.254684,45.654594,333.4159546
Leaning Juniper,-120.215889,45.662193,363.6424561
Leaning Juniper,-120.190575,45.660789,315.8150635
Leaning Juniper,-120.197983,45.646294,312.553833
Leaning Juniper,-120.199287,45.641895,312.9524231
Leaning Juniper,-120.202133,45.661537,343.1001892
Leaning Juniper,-120.199585,45.672394,277.6360168
Leaning Juniper,-120.178627,45.642883,274.8123779
Leaning Juniper,-120.189011,45.657703,312.631958
Leaning Juniper,-120.191589,45.620396,317.4583435
Leaning Juniper,-120.191307,45.662067,312.1387024
Leaning Juniper,-120.178375,45.641872,274.2000427
Leaning Juniper,-120.192017,45.663357,307.1599731
Leaning Juniper,-120.192886,45.665295,308.535553
Leaning Juniper,-120.261711,45.667358,394.4192505
Leaning Juniper,-120.195587,45.632294,314.6246033
Leaning Juniper,-120.220589,45.666893,339.6150513
Leaning Juniper,-120.196342,45.638874,316.3826599
Leaning Juniper,-120.180984,45.634094,279.4255066
Leaning Juniper,-120.19558,45.637413,310.6442261
Leaning Juniper,-120.194885,45.624695,316.155365
Leaning Juniper,-120.195686,45.627396,315.548584
Leaning Juniper,-120.219246,45.665787,351.2728882
Leaning Juniper,-120.195084,45.633575,311.5783997
Leaning Juniper,-120.198586,45.647694,311.4899292
Leaning Juniper,-120.256386,45.657394,341.091156
Leaning Juniper,-120.179825,45.650578,291.6770935
Leaning Juniper,-120.241783,45.664093,334.3045349
Leaning Juniper,-120.240585,45.661793,317.9319458
Leaning Juniper,-120.182388,45.644493,302.7156677
Leaning Juniper,-120.229134,45.647598,324.962677
Leaning Juniper,-120.255486,45.655994,335.0458679
Leaning Juniper,-120.258621,45.661827,393.5030212
Leaning Juniper,-120.202934,45.662788,341.9085083
Leaning Juniper,-120.180321,45.651585,294.6367188
Leaning Juniper,-120.190186,45.658978,317.8660278
Leaning Juniper,-120.19529,45.667496,304.833313
Leaning Juniper,-120.201332,45.660244,338.1873779
Leaning Juniper,-120.195084,45.626095,316.7130737
Leaning Juniper,-120.260086,45.664696,408.4155884
Leaning Juniper,-120.195488,45.630894,314.6651001
Leaning Juniper,-120.258682,45.660194,357.0737
Leaning Juniper,-120.197098,45.640289,313.6738892
Leaning Juniper,-120.230682,45.651993,313.2466125
Leaning Juniper,-120.216988,45.663494,367.9165955
Leaning Juniper,-120.180656,45.65255,295.8186035
Leaning Juniper,-120.200584,45.673595,264.2543945
Leaning Juniper,-120.199684,45.643394,312.8203125
Leaning Juniper,-120.196686,45.668896,299.7725525
Leaning Juniper,-120.22979,45.648792,324.273468
Leaning Juniper,-120.257286,45.658867,347.6432495
Leaning Juniper,-120.22979,45.650894,314.6989746
Leaning Juniper,-120.199654,45.650368,306.2225952
Leaning Juniper,-120.183189,45.647095,304.7964783
Leaning Juniper,-120.241287,45.662895,325.2518616
Leaning Juniper II,-120.142189,45.584595,329.2807007
Leaning Juniper II,-120.174171,45.610775,303.0742188
Leaning Juniper II,-120.245285,45.639694,305.4962463
Leaning Juniper II,-120.195183,45.575092,342.9576721
Leaning Juniper II,-120.156487,45.605392,302.4811707
Leaning Juniper II,-120.259285,45.651196,335.569458
Leaning Juniper II,-120.178589,45.580193,343.0042114
Leaning Juniper II,-120.203087,45.688694,263.2619019
Leaning Juniper II,-120.169609,45.593693,324.7429199
Leaning Juniper II,-120.127686,45.593094,307.1598511
Leaning Juniper II,-120.125183,45.600994,296.5149231
Leaning Juniper II,-120.170685,45.597996,315.006897
Leaning Juniper II,-120.140274,45.616375,298.6992493
Leaning Juniper II,-120.273888,45.650394,336.1578674
Leaning Juniper II,-120.283989,45.658592,354.0874023
Leaning Juniper II,-120.180588,45.586292,336.9959412
Leaning Juniper II,-120.139587,45.578495,334.203125
Leaning Juniper II,-120.294685,45.636192,353.2142334
Leaning Juniper II,-120.140686,45.582695,322.8885498
Leaning Juniper II,-120.196182,45.577293,340.2165527
Leaning Juniper II,-120.156586,45.612194,303.892334
Leaning Juniper II,-120.141853,45.629211,300.4200439
Leaning Juniper II,-120.125488,45.598392,298.4441223
Leaning Juniper II,-120.139885,45.633194,303.5869141
Leaning Juniper II,-120.182587,45.592293,331.1000061
Leaning Juniper II,-120.140182,45.599396,310.1031189
Leaning Juniper II,-120.182846,45.590225,331.96698
Leaning Juniper II,-120.284088,45.655792,347.9282837
Leaning Juniper II,-120.170586,45.600193,315.6253052
Leaning Juniper II,-120.136002,45.610641,291.6049805
Leaning Juniper II,-120.228889,45.644295,323.2827454
Leaning Juniper II,-120.298988,45.645893,347.2878113
Leaning Juniper II,-120.168983,45.587395,333.5421448
Leaning Juniper II,-120.142784,45.587093,320.2207336
Leaning Juniper II,-120.186386,45.680492,239.3061829
Leaning Juniper II,-120.15519,45.610092,303.536377
Leaning Juniper II,-120.127586,45.607494,293.6798096
Leaning Juniper II,-120.140289,45.580593,325.3081055
Leaning Juniper II,-120.274086,45.647293,331.0527344
Leaning Juniper II,-120.295883,45.639595,346.2471924
Leaning Juniper II,-120.183487,45.596493,327.1366577
Leaning Juniper II,-120.182983,45.598595,325.1452942
Leaning Juniper II,-120.175385,45.608795,309.2246094
Leaning Juniper II,-120.178284,45.573895,348.3616943
Leaning Juniper II,-120.127777,45.605392,295.4965515
Leaning Juniper II,-120.177887,45.575993,346.6554565
Leaning Juniper II,-120.202988,45.677593,254.1640167
Leaning Juniper II,-120.298889,45.648293,351.0951538
Leaning Juniper II,-120.195587,45.579395,340.4472961
Leaning Juniper II,-120.176582,45.606792,309.2613525
Leaning Juniper II,-120.194649,45.69437,253.8799896
Leaning Juniper II,-120.15519,45.617596,290.1549072
Leaning Juniper II,-120.139572,45.59536,312.6384888
Leaning Juniper II,-120.141586,45.624992,293.3642273
Leaning Juniper II,-120.234085,45.656593,305.455658
Leaning Juniper II,-120.194084,45.572994,344.3668213
Leaning Juniper II,-120.127083,45.609493,292.3771667
Leaning Juniper II,-120.168884,45.591595,326.5727234
Leaning Juniper II,-120.170189,45.595795,317.8720093
Leaning Juniper II,-120.273689,45.644695,327.9680786
Leaning Juniper II,-120.137886,45.574394,334.4274902
Leaning Juniper II,-120.284088,45.662094,354.3521423
Leaning Juniper II,-120.154785,45.614895,295.8366394
Leaning Juniper II,-120.141205,45.63131,302.1916809
Leaning Juniper II,-120.128189,45.603294,298.3070984
Leaning Juniper II,-120.275085,45.652695,338.2037048
Leaning Juniper II,-120.138489,45.576492,333.8532715
Leaning Juniper II,-120.179283,45.604694,307.5775146
Leaning Juniper II,-120.168983,45.589493,330.9868774
Leaning Juniper II,-120.136284,45.570293,336.1867981
Leaning Juniper II,-120.180885,45.602795,318.3523865
Leaning Juniper II,-120.176483,45.688694,235.9778137
Leaning Juniper II,-120.201683,45.691795,264.0625916
Leaning Juniper II,-120.139786,45.603695,302.7323914
Leaning Juniper II,-120.141998,45.627075,299.1965332
Leaning Juniper II,-120.123085,45.613293,290.7574158
Leaning Juniper II,-120.232986,45.654392,308.8256836
Leaning Juniper II,-120.229286,45.640896,323.671814
Leaning Juniper II,-120.182686,45.588093,334.3183594
Leaning Juniper II,-120.136482,45.572395,333.9703674
Leaning Juniper II,-120.172386,45.612495,290.6683655
Leaning Juniper II,-120.179283,45.584293,337.979187
Leaning Juniper II,-120.139984,45.619194,296.1264648
Leaning Juniper II,-120.203583,45.682392,255.6538696
Leaning Juniper II,-120.190483,45.691738,249.1896057
Leaning Juniper II,-120.123283,45.595894,300.8218079
Leaning Juniper II,-120.142082,45.589993,318.8197327
Leaning Juniper II,-120.283989,45.664696,354.0361328
Leaning Juniper II,-120.197487,45.581295,338.5619507
Leaning Juniper II,-120.140488,45.601494,306.3986511
Leaning Juniper II,-120.168488,45.678894,227.1256866
Leaning Juniper II,-120.173782,45.686794,237.8267975
Leaning Juniper II,-120.187485,45.689896,246.6931763
Leaning Juniper II,-120.138489,45.635593,301.0419617
Leaning Juniper II,-120.171783,45.682194,235.2432404
Leaning Juniper II,-120.179283,45.582195,340.8779907
Leaning Juniper II,-120.125587,45.611492,290.6783142
Leaning Juniper II,-120.171684,45.614594,284.7785645
Leaning Juniper II,-120.245689,45.635895,303.0120544
Leaning Juniper II,-120.140228,45.623001,291.8131104
Leaning Juniper II,-120.294685,45.632496,329.0504456
Leaning Juniper II,-120.181587,45.600594,322.8559265
Leaning Juniper II,-120.298988,45.650795,351.3684998
Leaning Juniper II,-120.181786,45.670593,266.5079346
Leaning Juniper II,-120.177643,45.57811,345.7241211
Leaning Juniper II,-120.140846,45.59256,314.3655701
Leaning Juniper II,-120.232483,45.635193,320.8017578
Leaning Juniper II,-120.203484,45.685593,256.7508545
Leaning Juniper II,-120.293983,45.642593,341.4942627
Leaning Juniper II,-120.169083,45.585293,335.8884583
Leaning Juniper II,-120.186188,45.683792,246.2731476
Leaning Juniper II,-120.182182,45.672993,260.7263184
Leaning Juniper II,-120.171684,45.684692,231.8411713
Leaning Juniper II,-120.244186,45.643795,309.3053284
Leaning Juniper II,-120.273186,45.641994,324.5080872
Leaning Juniper II,-120.182289,45.676395,241.7381744
Leaning Juniper II,-120.157684,45.603092,305.839386
Lime Wind,-117.273933,44.395657,1200.101685
Lime Wind,-117.274719,44.395401,1201.394653
Lime Wind,-117.271706,44.397999,1220.224976
Lime Wind,-117.272232,44.397373,1205.336792
Lime Wind,-117.273102,44.396481,1194.873901
Lime Wind,-117.270699,44.398544,1239.905273
Limon I,-103.637589,39.403194,1716.745605
Limon I,-103.64959,39.372993,1736.952026
Limon I,-103.58149,39.409393,1685.823975
Limon I,-103.613991,39.416794,1704.931885
Limon I,-103.632187,39.432095,1718.239746
Limon I,-103.59259,39.434795,1691.432861
Limon I,-103.68779,39.379395,1756.714478
Limon I,-103.64299,39.362392,1728.954956
Limon I,-103.613091,39.440796,1697.652466
Limon I,-103.619392,39.364693,1730.175903
Limon I,-103.787987,39.380196,1810.647095
Limon I,-103.77169,39.384594,1798.396851
Limon I,-103.565491,39.379395,1695.55249
Limon I,-103.740089,39.375996,1777.259399
Limon I,-103.587189,39.382095,1708.096924
Limon I,-103.643089,39.416794,1721.157104
Limon I,-103.612091,39.394295,1708.341675
Limon I,-103.57489,39.372692,1703.851074
Limon I,-103.562187,39.437393,1672.624146
Limon I,-103.58799,39.390392,1702.013794
Limon I,-103.636093,39.432095,1718.399048
Limon I,-103.674789,39.391895,1747.151123
Limon I,-103.607094,39.428093,1701.383911
Limon I,-103.665291,39.362392,1747.390869
Limon I,-103.637993,39.372894,1725.233276
Limon I,-103.674393,39.376194,1753.144409
Limon I,-103.54969,39.373695,1685.446899
Limon I,-103.635193,39.423893,1715.879761
Limon I,-103.607788,39.440796,1697.956055
Limon I,-103.600487,39.401394,1700.404175
Limon I,-103.736794,39.383595,1777.182495
Limon I,-103.770088,39.369595,1803.265137
Limon I,-103.558693,39.439194,1669.802002
Limon I,-103.59079,39.378296,1708.176514
Limon I,-103.627586,39.414394,1711.451172
Limon I,-103.779587,39.371796,1808.742432
Limon I,-103.775391,39.372192,1808.83667
Limon I,-103.582588,39.434593,1687.869507
Limon I,-103.633591,39.443993,1710.62793
Limon I,-103.577393,39.409794,1685.194214
Limon I,-103.751289,39.369293,1786.322998
Limon I,-103.755287,39.368595,1790.57373
Limon I,-103.633591,39.372894,1721.541504
Limon I,-103.554489,39.439896,1661.235352
Limon I,-103.656693,39.362392,1739.301025
Limon I,-103.578789,39.441692,1680.231812
Limon I,-103.655289,39.372993,1739.456543
Limon I,-103.571693,39.375294,1700.845215
Limon I,-103.679688,39.387394,1748.089966
Limon I,-103.743591,39.370995,1779.615356
Limon I,-103.660988,39.375996,1743.637329
Limon I,-103.647987,39.362495,1732.002319
Limon I,-103.625793,39.423893,1711.860596
Limon I,-103.648888,39.416794,1724.849854
Limon I,-103.656593,39.386696,1734.306519
Limon I,-103.737488,39.378994,1777.61499
Limon I,-103.630692,39.423893,1714.265991
Limon I,-103.629189,39.386696,1718.960327
Limon I,-103.662491,39.393696,1742.487915
Limon I,-103.643791,39.372993,1731.634644
Limon I,-103.580788,39.393494,1696.988159
Limon I,-103.625488,39.361893,1731.230591
Limon I,-103.754791,39.361195,1792.071045
Limon I,-103.586189,39.411095,1692.219238
Limon I,-103.605591,39.416294,1702.62146
Limon I,-103.605591,39.442093,1693.998657
Limon I,-103.58049,39.373093,1706.021851
Limon I,-103.614594,39.390896,1712.708252
Limon I,-103.564491,39.408394,1691.696167
Limon I,-103.765091,39.364895,1799.661011
Limon I,-103.579987,39.438194,1684.761108
Limon I,-103.600792,39.416595,1700.549561
Limon I,-103.671791,39.393295,1743.887207
Limon I,-103.64399,39.404293,1719.998047
Limon I,-103.62439,39.386696,1715.540161
Limon I,-103.597389,39.403194,1698.76416
Limon I,-103.582893,39.370594,1709.932007
Limon I,-103.59079,39.414494,1694.02832
Limon I,-103.651993,39.386593,1732.44165
Limon I,-103.554588,39.369194,1695.04895
Limon I,-103.637993,39.416294,1718.202759
Limon I,-103.74659,39.368195,1782.496948
Limon I,-103.634888,39.440292,1711.094971
Limon I,-103.553993,39.373695,1693.156616
Limon I,-103.763786,39.368694,1797.244385
Limon I,-103.64299,39.386696,1728.823608
Limon I,-103.660789,39.362392,1743.527222
Limon I,-103.629593,39.443993,1707.827637
Limon I,-103.632393,39.404293,1710.976929
Limon I,-103.777092,39.384193,1802.960815
Limon I,-103.669388,39.376095,1749.344727
Limon I,-103.779694,39.381294,1804.22522
Limon I,-103.562286,39.411392,1688.386597
Limon I,-103.784088,39.381096,1807.131836
Limon I,-103.568489,39.399994,1687.568848
Limon I,-103.647186,39.386696,1731.463379
Limon I,-103.649788,39.405693,1726.271606
Limon I,-103.575691,39.393894,1697.091797
Limon I,-103.686691,39.383896,1752.091309
Limon I,-103.560692,39.416393,1686.838623
Limon I,-103.612694,39.421993,1705.146606
Limon I,-103.619392,39.391594,1714.820557
Limon I,-103.628891,39.435295,1715.25
Limon I,-103.618591,39.416595,1706.194336
Limon I,-103.665092,39.376095,1746.328125
Limon I,-103.586792,39.445194,1680.287964
Limon I,-103.610191,39.426094,1703.694458
Limon I,-103.631088,39.362495,1731.292358
Limon I,-103.58799,39.435192,1689.262573
Limon I,-103.669487,39.362392,1750.404419
Limon I,-103.683289,39.385593,1751.177124
Limon I,-103.608994,39.397293,1706.504883
Limon I,-103.572388,39.396694,1693.509888
Limon I,-103.759293,39.368195,1794.417114
Limon I,-103.637894,39.386696,1724.711914
Limon I,-103.605087,39.399494,1703.214478
Limon I,-103.591591,39.444695,1683.786011
Limon I,-103.559692,39.383595,1692.026978
Limon I,-103.633392,39.416294,1715.712769
Limon I,-103.789291,39.376293,1814.956909
Limon I,-103.635292,39.361694,1729.223267
Limon I,-103.784088,39.372494,1809.288696
Limon I,-103.65229,39.362392,1735.620605
Limon I,-103.61689,39.440796,1699.891724
Limon I,-103.59539,39.442196,1684.984741
Limon II,-103.562492,39.296696,1721.979248
Limon II,-103.545288,39.303894,1715.245605
Limon II,-103.570389,39.303593,1729.025635
Limon II,-103.507988,39.386295,1675.110596
Limon II,-103.531792,39.364796,1699.227783
Limon II,-103.529488,39.367596,1692.788086
Limon II,-103.579391,39.294193,1731.453247
Limon II,-103.545288,39.289192,1713.936035
Limon II,-103.582092,39.305195,1736.794556
Limon II,-103.561188,39.274693,1721.667847
Limon II,-103.499489,39.375694,1672.809448
Limon II,-103.572792,39.311092,1726.668823
Limon II,-103.58709,39.328594,1723.693726
Limon II,-103.612289,39.328194,1734.579834
Limon II,-103.530792,39.297493,1706.995361
Limon II,-103.576187,39.304394,1732.535156
Limon II,-103.537292,39.310493,1709.603271
Limon II,-103.560287,39.299496,1722.468994
Limon II,-103.643089,39.352196,1737.862061
Limon II,-103.57679,39.310894,1730.777832
Limon II,-103.519386,39.383995,1678.628052
Limon II,-103.608994,39.370193,1724.387817
Limon II,-103.551392,39.355694,1707.766479
Limon II,-103.55439,39.276894,1723.794312
Limon II,-103.592293,39.375095,1714.236694
Limon II,-103.542389,39.346893,1697.588013
Limon II,-103.520187,39.374893,1686.023438
Limon II,-103.627792,39.350994,1732.755859
Limon II,-103.593193,39.303993,1745.885498
Limon II,-103.623894,39.352093,1730.011841
Limon II,-103.635094,39.339195,1741.97168
Limon II,-103.53569,39.363594,1696.595947
Limon II,-103.525887,39.370396,1690.791382
Limon II,-103.60569,39.311295,1743.010254
Limon II,-103.542686,39.306194,1715.353149
Limon II,-103.632889,39.352295,1734.038452
Limon II,-103.494987,39.348095,1670.19812
Limon II,-103.540489,39.289894,1713.397949
Limon II,-103.504288,39.375095,1674.382568
Limon II,-103.53009,39.354694,1693.645142
Limon II,-103.49379,39.366093,1671.563843
Limon II,-103.600891,39.310394,1741.442261
Limon II,-103.611992,39.336594,1737.759399
Limon II,-103.606888,39.335293,1734.165161
Limon II,-103.488693,39.383293,1667.29126
Limon II,-103.612892,39.350395,1724.471069
Limon II,-103.571289,39.346294,1720.354004
Limon II,-103.597992,39.320393,1732.600586
Limon II,-103.571487,39.333893,1720.159302
Limon II,-103.613792,39.363693,1725.93103
Limon II,-103.575989,39.342793,1723.247314
Limon II,-103.592087,39.329594,1723.830078
Limon II,-103.560493,39.349594,1712.365234
Limon II,-103.600792,39.371693,1719.912842
Limon II,-103.616592,39.337193,1741.032715
Limon II,-103.555092,39.304493,1720.626953
Limon II,-103.544487,39.327595,1702.182983
Limon II,-103.619392,39.334793,1741.103516
Limon II,-103.610893,39.366592,1724.158936
Limon II,-103.568192,39.310894,1722.888062
Limon II,-103.512291,39.386993,1679.374634
Limon II,-103.600487,39.340294,1733.544922
Limon II,-103.554291,39.352993,1710.464233
Limon II,-103.554688,39.298893,1721.301636
Limon II,-103.50309,39.367195,1677.716919
Limon II,-103.613792,39.323093,1734.197021
Limon II,-103.558388,39.276493,1725.278564
Limon II,-103.535294,39.334995,1694.560791
Limon II,-103.537086,39.291695,1711.043091
Limon II,-103.538193,39.332993,1697.282349
Limon II,-103.559486,39.284195,1719.338867
Limon II,-103.50769,39.366894,1680.876587
Limon II,-103.540787,39.350594,1698.681152
Limon II,-103.605392,39.318993,1735.011963
Limon II,-103.567192,39.334496,1717.505249
Limon II,-103.550392,39.304893,1718.01355
Limon II,-103.62809,39.335793,1746.899048
Limon II,-103.551987,39.333294,1707.144897
Limon II,-103.56369,39.283592,1721.238281
Limon II,-103.599289,39.303295,1746.52832
Limon II,-103.588493,39.304394,1741.201416
Limon II,-103.539688,39.307995,1714.021484
Limon II,-103.544594,39.361794,1698.741455
Limon II,-103.597893,39.373795,1717.719482
Limon II,-103.574593,39.292095,1727.766113
Limon II,-103.604393,39.305195,1747.815674
Limon II,-103.533592,39.293995,1708.192749
Limon II,-103.57029,39.291492,1724.780151
Limon II,-103.580093,39.341892,1725.092773
Limon II,-103.638191,39.353092,1737.066406
Limon II,-103.588692,39.319996,1722.432373
Limon II,-103.593193,39.319794,1727.626953
Limon II,-103.50029,39.349495,1674.937744
Limon II,-103.604187,39.352093,1718.370483
Limon II,-103.533188,39.352993,1696.485107
Limon II,-103.581589,39.338696,1726.936523
Limon II,-103.550987,39.278095,1721.832886
Limon II,-103.587593,39.340393,1729.003418
Limon II,-103.597092,39.328995,1726.685791
Limon II,-103.496193,39.378296,1670.57605
Limon II,-103.555992,39.331795,1712.006348
Limon II,-103.593086,39.342396,1730.981689
Limon II,-103.54509,39.344193,1698.703003
Limon II,-103.506088,39.352394,1673.445923
Limon II,-103.609589,39.319096,1732.504395
Limon II,-103.537888,39.352894,1698.91748
Limon II,-103.550194,39.282394,1716.067383
Limon II,-103.497589,39.384895,1665.682007
Limon II,-103.522392,39.371693,1687.539795
Limon II,-103.61779,39.350895,1726.435913
Limon II,-103.517891,39.377792,1682.093628
Limon II,-103.561493,39.332993,1714.986328
Limon II,-103.562988,39.292194,1721.293335
Limon II,-103.624687,39.336494,1745.540894
Limon II,-103.648788,39.351994,1736.906738
Limon II,-103.605293,39.371796,1722.401367
Limon II,-103.540993,39.330395,1699.866699
Limon II,-103.521492,39.358295,1686.091797
Limon II,-103.526993,39.357594,1691.174316
Limon II,-103.568489,39.348495,1718.69751
Limon II,-103.566391,39.280895,1722.499878
Limon II,-103.51619,39.385693,1679.800659
Limon II,-103.498688,39.367493,1674.28125
Limon II,-103.600693,39.318092,1735.395142
Limon II,-103.503593,39.385895,1670.426514
Limon III,-103.406319,39.319725,1646.497925
Limon III,-103.326759,39.348705,1604.443848
Limon III,-103.331429,39.297134,1627.083496
Limon III,-103.410149,39.371593,1636.109985
Limon III,-103.348442,39.295502,1631.254395
Limon III,-103.410416,39.35051,1640.062134
Limon III,-103.444603,39.338634,1658.76123
Limon III,-103.414322,39.284824,1657.296875
Limon III,-103.400421,39.320972,1643.618652
Limon III,-103.487137,39.421093,1646.124634
Limon III,-103.316391,39.300632,1617.994751
Limon III,-103.406624,39.395123,1622.471436
Limon III,-103.437004,39.377563,1641.231323
Limon III,-103.429031,39.343674,1650.01062
Limon III,-103.471024,39.393623,1658.295288
Limon III,-103.418831,39.368504,1642.583862
Limon III,-103.35215,39.341545,1614.044067
Limon III,-103.400581,39.285004,1648.153931
Limon III,-103.39994,39.393883,1621.796387
Limon III,-103.438522,39.431145,1624.750244
Limon III,-103.451248,39.319153,1665.094238
Limon III,-103.431152,39.362675,1654.219482
Limon III,-103.394417,39.286003,1643.699951
Limon III,-103.395668,39.439415,1601.358398
Limon III,-103.403221,39.422115,1614.707031
Limon III,-103.295494,39.309032,1604.635498
Limon III,-103.359161,39.320465,1623.137817
Limon III,-103.480904,39.422882,1646.503174
Limon III,-103.362991,39.385414,1606.484253
Limon III,-103.456863,39.398285,1647.85437
Limon III,-103.45208,39.334824,1664.928833
Limon III,-103.440659,39.358002,1659.089966
Limon III,-103.402832,39.373302,1631.944458
Limon III,-103.425613,39.411324,1630.278809
Limon III,-103.38665,39.289093,1639.599731
Limon III,-103.365852,39.337242,1620.429932
Limon III,-103.398193,39.353714,1631.889771
Limon III,-103.382248,39.442394,1600.978149
Limon III,-103.349281,39.365223,1604.528076
Limon III,-103.408401,39.304504,1651.985107
Limon III,-103.277214,39.320152,1592.390625
Limon III,-103.352287,39.320484,1618.879639
Limon III,-103.337807,39.296772,1626.79126
Limon III,-103.365051,39.290844,1638.777466
Limon III,-103.418587,39.414635,1621.734619
Limon III,-103.368347,39.425362,1595.608643
Limon III,-103.429741,39.294483,1669.518433
Limon III,-103.475037,39.427132,1645.512939
Limon III,-103.385429,39.352222,1625.328369
Limon III,-103.333298,39.351303,1606.300659
Limon III,-103.381104,39.289303,1635.589355
Limon III,-103.387268,39.327522,1637.158691
Limon III,-103.412224,39.318962,1648.845459
Limon III,-103.345909,39.342724,1610.683228
Limon III,-103.443848,39.376225,1645.702881
Limon III,-103.459198,39.431644,1643.622559
Limon III,-103.269722,39.319065,1588.118286
Limon III,-103.465172,39.427643,1640.843262
Limon III,-103.42437,39.363365,1641.696411
Limon III,-103.354584,39.363075,1604.580444
Limon III,-103.374573,39.424015,1597.107544
Limon III,-103.376099,39.358753,1617.126831
Limon III,-103.436378,39.362183,1656.259766
Limon III,-103.407791,39.285595,1653.293701
Limon III,-103.394882,39.309433,1642.798462
Limon III,-103.444763,39.318314,1660.901733
Limon III,-103.45153,39.293663,1677.513062
Limon III,-103.452187,39.430073,1633.061279
Limon III,-103.470573,39.380424,1659.014648
Limon III,-103.283089,39.318855,1594.595459
Limon III,-103.290802,39.316402,1601.04895
Limon III,-103.388382,39.311424,1640.024902
Limon III,-103.392693,39.353035,1628.262573
Limon III,-103.43779,39.318523,1657.213989
Limon III,-103.370529,39.446373,1591.111572
Limon III,-103.381729,39.313694,1635.554932
Limon III,-103.374222,39.313435,1631.330444
Limon III,-103.420158,39.342262,1645.427002
Limon III,-103.368271,39.313435,1626.402954
Limon III,-103.376282,39.383965,1615.743408
Limon III,-103.340088,39.349415,1609.71814
Limon III,-103.415657,39.300793,1655.168701
Limon III,-103.41346,39.393753,1626.883057
Limon III,-103.356323,39.294262,1635.620728
Limon III,-103.393051,39.392204,1615.559814
Limon III,-103.387932,39.372772,1624.970215
Limon III,-103.430679,39.315533,1649.696899
Limon III,-103.371834,39.330994,1626.669922
Limon III,-103.309601,39.304035,1612.797729
Limon III,-103.388504,39.424324,1603.143921
Limon III,-103.369019,39.358562,1613.086914
Limon III,-103.401627,39.308113,1645.2854
Limon III,-103.45047,39.379673,1646.85437
Limon III,-103.457283,39.377224,1649.306396
Limon III,-103.38105,39.378235,1622.776001
Limon III,-103.46405,39.393734,1653.955078
Limon III,-103.381241,39.330185,1631.345093
Limon III,-103.436401,39.292294,1672.45752
Limon III,-103.423363,39.298473,1659.068604
Limon III,-103.410881,39.420872,1617.940186
Limon III,-103.448273,39.401783,1645.378784
Limon III,-103.345627,39.320492,1616.695801
Limon III,-103.432861,39.407585,1634.875488
Limon III,-103.389038,39.439873,1599.428345
Limon III,-103.362427,39.362202,1610.629028
Limon III,-103.395714,39.372784,1628.942261
Limon III,-103.445259,39.428715,1630.407715
Limon III,-103.359558,39.339775,1617.619263
Limon III,-103.301918,39.305885,1608.631104
Limon III,-103.442207,39.402683,1641.890747
Limon III,-103.437408,39.342175,1655.275146
Limon III,-103.375023,39.290142,1632.609741
Limon III,-103.463661,39.379135,1653.924561
Limon III,-103.322289,39.299484,1622.13623
Limon III,-103.442902,39.293804,1673.099243
Limon III,-103.37632,39.443642,1595.96582
Limon III,-103.396233,39.424812,1609.891235
Limon III,-103.369308,39.386295,1614.857178
Linden,-120.785988,45.743893,779.2485962
Linden,-120.793983,45.747494,747.1165161
Linden,-120.788185,45.740795,811.3117065
Linden,-120.761887,45.748795,820.975708
Linden,-120.798988,45.736393,691.4906006
Linden,-120.762184,45.744392,846.6810303
Linden,-120.773087,45.750996,805.3809204
Linden,-120.770584,45.741295,877.6558838
Linden,-120.777283,45.742493,859.3939209
Linden,-120.799988,45.752094,703.8278198
Linden,-120.798988,45.749493,722.5530396
Linden,-120.801987,45.745094,708.5234985
Linden,-120.761986,45.746494,837.7722778
Linden,-120.770584,45.743492,857.5712891
Linden,-120.772987,45.748795,824.4123535
Linden,-120.790085,45.738594,806.8533325
Linden,-120.761787,45.750893,803.571106
Linden,-120.783989,45.747093,784.8438721
Linden,-120.801888,45.742695,725.0129395
Linden,-120.772583,45.746693,838.0426636
Linden,-120.794189,45.742794,758.9633789
Linden,-120.770683,45.739094,882.3893433
Linden,-120.793884,45.744995,753.9801025
Linden,-120.799988,45.738693,724.5164185
Linden,-120.798988,45.733795,665.3753052
Lower Snake River Phase I,-117.81469,46.540394,525.1292725
Lower Snake River Phase I,-117.797989,46.496292,607.1727295
Lower Snake River Phase I,-117.805984,46.586803,433.9787598
Lower Snake River Phase I,-117.820183,46.573895,450.3069153
Lower Snake River Phase I,-117.819389,46.499092,594.0335083
Lower Snake River Phase I,-117.810684,46.512295,523.3788452
Lower Snake River Phase I,-117.797089,46.558193,476.9579163
Lower Snake River Phase I,-117.840889,46.483295,590.0281372
Lower Snake River Phase I,-117.839188,46.504192,578.1541138
Lower Snake River Phase I,-117.861786,46.521194,523.1641235
Lower Snake River Phase I,-117.803787,46.561695,475.9715576
Lower Snake River Phase I,-117.808487,46.563892,476.3508301
Lower Snake River Phase I,-117.841583,46.552795,502.7896729
Lower Snake River Phase I,-117.791786,46.480995,630.6594849
Lower Snake River Phase I,-117.854485,46.509792,579.4394531
Lower Snake River Phase I,-117.852486,46.553593,514.0765991
Lower Snake River Phase I,-117.849487,46.507996,578.9191895
Lower Snake River Phase I,-117.810486,46.530396,544.939209
Lower Snake River Phase I,-117.808487,46.528793,542.0726929
Lower Snake River Phase I,-117.790985,46.553993,471.501709
Lower Snake River Phase I,-117.772285,46.481293,640.0738525
Lower Snake River Phase I,-117.797089,46.494495,608.6843872
Lower Snake River Phase I,-117.798889,46.498196,600.3921509
Lower Snake River Phase I,-117.845589,46.485294,574.960144
Lower Snake River Phase I,-117.799683,46.585495,424.0198669
Lower Snake River Phase I,-117.806587,46.511093,551.742981
Lower Snake River Phase I,-117.837288,46.502693,587.3417969
Lower Snake River Phase I,-117.784088,46.540592,504.4130554
Lower Snake River Phase I,-117.78109,46.537395,498.6660156
Lower Snake River Phase I,-117.816284,46.542095,526.1140137
Lower Snake River Phase I,-117.818588,46.572193,456.2667847
Lower Snake River Phase I,-117.803185,46.505493,570.5422363
Lower Snake River Phase I,-117.817184,46.570393,461.3211975
Lower Snake River Phase I,-117.852882,46.502594,595.3948364
Lower Snake River Phase I,-117.817787,46.563892,499.5223083
Lower Snake River Phase I,-117.803589,46.507893,562.5246582
Lower Snake River Phase I,-117.835983,46.481293,601.4902344
Lower Snake River Phase I,-117.831589,46.546993,510.9855957
Lower Snake River Phase I,-117.80349,46.480194,629.9612427
Lower Snake River Phase I,-117.843483,46.570095,468.6371765
Lower Snake River Phase I,-117.835289,46.473995,618.2963257
Lower Snake River Phase I,-117.806808,46.588531,430.4575806
Lower Snake River Phase I,-117.816284,46.562195,481.8903198
Lower Snake River Phase I,-117.778587,46.578995,388.2164001
Lower Snake River Phase I,-117.818687,46.473793,603.2034912
Lower Snake River Phase I,-117.849983,46.552593,512.0917969
Lower Snake River Phase I,-117.852188,46.508595,576.1523438
Lower Snake River Phase I,-117.843086,46.509396,577.9683838
Lower Snake River Phase I,-117.828484,46.578396,460.4455872
Lower Snake River Phase I,-117.835388,46.501293,589.7746582
Lower Snake River Phase I,-117.838783,46.549294,488.4850159
Lower Snake River Phase I,-117.835587,46.584194,476.450531
Lower Snake River Phase I,-117.839989,46.551094,492.8591614
Lower Snake River Phase I,-117.842087,46.521393,503.1379089
Lower Snake River Phase I,-117.850082,46.502193,596.2264404
Lower Snake River Phase I,-117.791885,46.580994,373.6913452
Lower Snake River Phase I,-117.803986,46.585293,431.6102295
Lower Snake River Phase I,-117.859085,46.520393,521.1219482
Lower Snake River Phase I,-117.856888,46.510796,571.1656494
Lower Snake River Phase I,-117.817688,46.471794,601.3270264
Lower Snake River Phase I,-117.851883,46.473095,596.2677002
Lower Snake River Phase I,-117.847687,46.472996,602.3233643
Lower Snake River Phase I,-117.770683,46.476894,663.1035767
Lower Snake River Phase I,-117.832588,46.473392,618.2868652
Lower Snake River Phase I,-117.83429,46.547592,499.9103394
Lower Snake River Phase I,-117.779884,46.535393,497.4567566
Lower Snake River Phase I,-117.793983,46.488995,617.30896
Lower Snake River Phase I,-117.799889,46.500095,595.9492188
Lower Snake River Phase I,-117.798683,46.484493,633.1647339
Lower Snake River Phase I,-117.847885,46.525696,484.3718567
Lower Snake River Phase I,-117.812088,46.495895,606.0250854
Lower Snake River Phase I,-117.833084,46.580692,464.0822144
Lower Snake River Phase I,-117.826385,46.577095,455.9672241
Lower Snake River Phase I,-117.791885,46.555893,474.5827026
Lower Snake River Phase I,-117.785583,46.544594,495.0886536
Lower Snake River Phase I,-117.806389,46.480892,627.6994629
Lower Snake River Phase I,-117.820587,46.476192,595.8917847
Lower Snake River Phase I,-117.847687,46.551495,493.5068665
Lower Snake River Phase I,-117.800888,46.501896,592.9135742
Lower Snake River Phase I,-117.806984,46.494194,612.3082275
Lower Snake River Phase I,-117.838287,46.482494,593.3779907
Lower Snake River Phase I,-117.783188,46.538692,499.8985901
Lower Snake River Phase I,-117.849388,46.527493,483.9802246
Lower Snake River Phase I,-117.794189,46.582195,396.0216675
Lower Snake River Phase I,-117.819786,46.565292,490.9919739
Lower Snake River Phase I,-117.843987,46.522793,500.2534485
Lower Snake River Phase I,-117.825783,46.500793,576.9147339
Lower Snake River Phase I,-117.789589,46.479694,633.8754272
Lower Snake River Phase I,-117.840485,46.505894,576.6938477
Lower Snake River Phase I,-117.829185,46.473095,619.0894165
Lower Snake River Phase I,-117.838882,46.517994,522.8746338
Lower Snake River Phase I,-117.857185,46.474594,586.9467163
Lower Snake River Phase I,-117.790283,46.551792,479.2698059
Lower Snake River Phase I,-117.834984,46.569595,473.0785828
Lower Snake River Phase I,-117.796387,46.483295,627.2631226
Lower Snake River Phase I,-117.768684,46.475395,662.2383423
Lower Snake River Phase I,-117.786385,46.546494,485.4266357
Lower Snake River Phase I,-117.859787,46.475395,580.416626
Lower Snake River Phase I,-117.804283,46.509895,549.090271
Lower Snake River Phase I,-117.859085,46.554195,490.4204407
Lower Snake River Phase I,-117.824387,46.575596,451.1455688
Lower Snake River Phase I,-117.837486,46.475193,611.4289551
Lower Snake River Phase I,-117.809288,46.495396,606.3369141
Lower Snake River Phase I,-117.788284,46.477894,639.6521606
Lower Snake River Phase I,-117.855186,46.554195,510.4772339
Lower Snake River Phase I,-117.816986,46.497993,600.5215454
Lower Snake River Phase I,-117.806183,46.562695,481.4922791
Lower Snake River Phase I,-117.812988,46.531193,542.994812
Lower Snake River Phase I,-117.796089,46.492596,611.7560425
Lower Snake River Phase I,-117.834488,46.582394,466.640625
Lower Snake River Phase I,-117.842285,46.507496,587.2200928
Lower Snake River Phase I,-117.765388,46.472492,664.9678345
Lower Snake River Phase I,-117.819984,46.545094,520.2897949
Lower Snake River Phase I,-117.811287,46.537292,524.6624146
Lower Snake River Phase I,-117.843384,46.484295,582.6765137
Lower Snake River Phase I,-117.856384,46.519196,530.1236572
Lower Snake River Phase I,-117.798782,46.559795,481.5279236
Lower Snake River Phase I,-117.84079,46.569393,468.5448914
Lower Snake River Phase I,-117.802185,46.503693,584.6415405
Lower Snake River Phase I,-117.823784,46.499393,586.3694458
Lower Snake River Phase I,-117.840485,46.519695,506.683075
Lower Snake River Phase I,-117.814484,46.532894,534.5443115
Lower Snake River Phase I,-117.78109,46.580093,383.1444702
Lower Snake River Phase I,-117.814484,46.496994,599.6420288
Lower Snake River Phase I,-117.794785,46.490795,617.0040283
Lower Snake River Phase I,-117.832886,46.500195,580.7889404
Lower Snake River Phase I,-117.784988,46.542496,502.0951538
Lower Snake River Phase I,-117.794083,46.482094,628.4672241
Lower Snake River Phase I,-117.840889,46.475094,606.7834473
Lower Snake River Phase I,-117.859589,46.512794,568.0472412
Lower Snake River Phase I,-117.804283,46.493595,612.3078613
Lower Snake River Phase I,-117.821182,46.478294,598.6107788
Lower Snake River Phase I,-117.845886,46.524296,490.2227783
Lower Snake River Phase I,-117.787186,46.548393,480.4146423
Lower Snake River Phase I,-117.818085,46.543594,524.0776978
Lower Snake River Phase I,-117.788383,46.550194,484.0553284
Lower Snake River Phase I,-117.828987,46.546192,512.802063
Lower Snake River Phase I,-117.808189,46.482494,621.0189209
Lower Snake River Phase I,-117.826187,46.545593,515.6967163
Lower Snake River Phase I,-117.796783,46.583694,379.5888367
Lower Snake River Phase I,-117.767982,46.473293,660.0359497
Lower Snake River Phase I,-117.77179,46.478893,651.1582031
Lower Snake River Phase I,-117.821884,46.566692,477.2383118
Lower Snake River Phase I,-117.847282,46.486996,575.173645
Lower Snake River Phase I,-117.826385,46.472492,612.4620972
Lower Snake River Phase I,-117.830383,46.579895,466.5121765
Lower Snake River Phase I,-117.854584,46.473694,591.1538696
Lower Snake River Phase I,-117.801086,46.560993,469.8180237
Lower Snake River Phase I,-117.812988,46.538795,527.4088135
Macho Springs Wind Farm I,-107.503487,32.529194,1419.445435
Macho Springs Wind Farm I,-107.505592,32.532696,1423.697754
Macho Springs Wind Farm I,-107.521492,32.570896,1464.439087
Macho Springs Wind Farm I,-107.511292,32.568794,1456.079956
Macho Springs Wind Farm I,-107.521393,32.565697,1460.34021
Macho Springs Wind Farm I,-107.521393,32.575497,1466.668091
Macho Springs Wind Farm I,-107.499092,32.550594,1436.359863
Macho Springs Wind Farm I,-107.49379,32.536495,1423.387085
Macho Springs Wind Farm I,-107.521187,32.560196,1455.897705
Macho Springs Wind Farm I,-107.509491,32.540096,1431.797119
Macho Springs Wind Farm I,-107.508591,32.562096,1449.738647
Macho Springs Wind Farm I,-107.500893,32.553795,1439.151978
Macho Springs Wind Farm I,-107.517593,32.554695,1448.256348
Macho Springs Wind Farm I,-107.505493,32.555595,1443.946289
Macho Springs Wind Farm I,-107.510292,32.565796,1453.49585
Macho Springs Wind Farm I,-107.501488,32.564594,1445.687622
Macho Springs Wind Farm I,-107.503189,32.568394,1447.887451
Macho Springs Wind Farm I,-107.495689,32.539097,1425.496338
Macho Springs Wind Farm I,-107.50779,32.536694,1428.38501
Macho Springs Wind Farm I,-107.519493,32.557495,1451.876831
Macho Springs Wind Farm I,-107.512787,32.551697,1444.496338
Macho Springs Wind Farm I,-107.512894,32.546196,1438.203491
Macho Springs Wind Farm I,-107.507088,32.558895,1446.756836
Macho Springs Wind Farm I,-107.511192,32.542995,1435.666016
Macho Springs Wind Farm I,-107.514191,32.575596,1462.586304
Macho Springs Wind Farm I,-107.512688,32.572193,1458.490112
Macho Springs Wind Farm I,-107.505692,32.575596,1455.582886
Macho Springs Wind Farm I,-107.497093,32.547596,1432.508301
Mann Packing,-121.453575,36.503963,38.15116119
Manzana Winds,-118.458786,34.908997,990.2636719
Manzana Winds,-118.47599,34.944595,1208.170166
Manzana Winds,-118.47039,34.949993,1239.740234
Manzana Winds,-118.473587,34.914394,1029.347778
Manzana Winds,-118.46489,34.945194,1205.595337
Manzana Winds,-118.463287,34.908195,991.9050903
Manzana Winds,-118.483688,34.945694,1196.05249
Manzana Winds,-118.440987,34.909496,978.8916016
Manzana Winds,-118.474586,34.952496,1265.296753
Manzana Winds,-118.47419,34.920696,1050.975708
Manzana Winds,-118.474686,34.940296,1194.378052
Manzana Winds,-118.474586,34.958195,1292.358521
Manzana Winds,-118.455185,34.911396,996.3550415
Manzana Winds,-118.462685,34.928196,1086.672729
Manzana Winds,-118.458984,34.921196,1043.756104
Manzana Winds,-118.44838,34.9296,1073.588013
Manzana Winds,-118.470688,34.917397,1037.505005
Manzana Winds,-118.470985,34.947296,1224.304443
Manzana Winds,-118.451088,34.941296,1157.647461
Manzana Winds,-118.478989,34.948895,1227.364136
Manzana Winds,-118.473991,34.947895,1229.993042
Manzana Winds,-118.437088,34.911095,982.3140869
Manzana Winds,-118.457085,34.949596,1234.152954
Manzana Winds,-118.45459,34.936695,1122.829956
Manzana Winds,-118.449486,34.942596,1168.428467
Manzana Winds,-118.443687,34.916393,1008.84436
Manzana Winds,-118.464386,34.947094,1223.416016
Manzana Winds,-118.469185,34.918797,1043.697632
Manzana Winds,-118.447189,34.922497,1035.880249
Manzana Winds,-118.45649,34.951294,1242.44873
Manzana Winds,-118.451591,34.946297,1196.886841
Manzana Winds,-118.439751,34.918034,1015.656372
Manzana Winds,-118.441292,34.927795,1061.768921
Manzana Winds,-118.464188,34.920094,1045.817017
Manzana Winds,-118.453384,34.912395,998.4780273
Manzana Winds,-118.459091,34.943996,1185.670776
Manzana Winds,-118.477188,34.943096,1203.63208
Manzana Winds,-118.443085,34.909096,978.3938599
Manzana Winds,-118.441689,34.917595,1013.427673
Manzana Winds,-118.46479,34.927094,1073.098022
Manzana Winds,-118.478287,34.919697,1052.680176
Manzana Winds,-118.457291,34.923195,1052.533447
Manzana Winds,-118.445686,34.915894,1005.939941
Manzana Winds,-118.466286,34.940895,1168.154907
Manzana Winds,-118.472092,34.921295,1056.58252
Manzana Winds,-118.46299,34.932095,1117.751831
Manzana Winds,-118.477188,34.955196,1266.18103
Manzana Winds,-118.435387,34.912296,987.0689697
Manzana Winds,-118.444885,34.925797,1049.954346
Manzana Winds,-118.487289,34.950596,1201.750122
Manzana Winds,-118.466286,34.919495,1043.159424
Manzana Winds,-118.47039,34.955395,1291.00647
Manzana Winds,-118.443787,34.940193,1134.58667
Manzana Winds,-118.47879,34.954094,1253.551758
Manzana Winds,-118.477188,34.949795,1238.633545
Manzana Winds,-118.464088,34.949295,1248.062378
Manzana Winds,-118.462486,34.929893,1099.652344
Manzana Winds,-118.467491,34.937294,1137.059326
Manzana Winds,-118.471085,34.940796,1178.916016
Manzana Winds,-118.44899,34.921196,1032.067993
Manzana Winds,-118.439888,34.929096,1069.3927
Manzana Winds,-118.458191,34.947994,1223.33252
Manzana Winds,-118.469086,34.911896,1013.764709
Manzana Winds,-118.447685,34.915394,1006.37146
Manzana Winds,-118.466492,34.925694,1076.731201
Manzana Winds,-118.438789,34.910095,980.0843506
Manzana Winds,-118.472191,34.935993,1161.197632
Manzana Winds,-118.470688,34.953594,1275.957031
Manzana Winds,-118.46389,34.951496,1261.990845
Manzana Winds,-118.476189,34.920094,1054.077881
Manzana Winds,-118.461685,34.934696,1115.929565
Manzana Winds,-118.480385,34.947796,1216.138428
Manzana Winds,-118.447891,34.943794,1172.837158
Manzana Winds,-118.480888,34.941895,1185.43042
Manzana Winds,-118.437889,34.929695,1072.128174
Manzana Winds,-118.44989,34.907993,979.6540527
Manzana Winds,-118.475685,34.956894,1283.589844
Manzana Winds,-118.46859,34.907394,997.5469971
Manzana Winds,-118.47599,34.931995,1119.281616
Manzana Winds,-118.459785,34.936096,1124.330078
Manzana Winds,-118.444984,34.946495,1176.247681
Manzana Winds,-118.46769,34.933994,1126.314575
Manzana Winds,-118.473991,34.960194,1317.238281
Manzana Winds,-118.454491,34.926594,1066.023438
Manzana Winds,-118.446289,34.944996,1173.512817
Manzana Winds,-118.437386,34.917995,1015.453552
Manzana Winds,-118.455589,34.924793,1057.895996
Manzana Winds,-118.465988,34.907795,994.0280762
Manzana Winds,-118.482391,34.951595,1210.276978
Manzana Winds,-118.46109,34.908497,991.4537964
Manzana Winds,-118.458984,34.946194,1209.564941
Manzana Winds,-118.456085,34.953594,1256.030029
Manzana Winds,-118.451691,34.913395,1002.308533
Manzana Winds,-118.463585,34.953495,1277.244507
Manzana Winds,-118.457291,34.936695,1128.247559
Manzana Winds,-118.475784,34.912697,1025.663574
Manzana Winds,-118.466087,34.938896,1152.505493
Manzana Winds,-118.441986,34.941196,1136.118408
Manzana Winds,-118.474785,34.946095,1216.491699
Manzana Winds,-118.461891,34.920696,1042.882324
Manzana Winds,-118.482086,34.946693,1207.109131
Manzana Winds,-118.480591,34.918797,1051.493286
Manzana Winds,-118.43409,34.913494,991.9224854
Manzana Winds,-118.466385,34.958496,1321.008423
Manzana Winds,-118.444885,34.908894,979.47052
Manzana Winds,-118.456085,34.932194,1094.900024
Manzana Winds,-118.451889,34.907696,981.3283081
Manzana Winds,-118.476486,34.936195,1158.842285
Manzana Winds,-118.478691,34.941895,1194.2771
Manzana Winds,-118.443588,34.927197,1056.463135
Manzana Winds,-118.475685,34.950996,1252.463623
Manzana Winds,-118.453568,34.932838,1096.323364
Manzana Winds,-118.47599,34.937996,1186.66748
Manzana Winds,-118.450691,34.915394,1008.61554
Manzana Winds,-118.468185,34.952095,1265.099976
Manzana Winds,-118.44529,34.938995,1129.873901
Manzana Winds,-118.44709,34.908497,977.9100952
Manzana Winds,-118.485291,34.951595,1198.910156
Manzana Winds,-118.433563,34.915836,1003.197815
Manzana Winds,-118.453384,34.945396,1193.369995
Manzana Winds,-118.465988,34.943195,1187.46814
Manzana Winds,-118.467491,34.931896,1103.094727
Manzana Winds,-118.456688,34.910294,988.6254272
Manzana Winds,-118.47049,34.957096,1307.186401
Manzana Winds,-118.471886,34.915997,1032.191895
Manzana Winds,-118.450485,34.947895,1204.206055
Marengo I,-117.784782,46.374596,866.8590088
Marengo I,-117.744987,46.432095,667.4765625
Marengo I,-117.760185,46.383896,862.6771851
Marengo I,-117.756187,46.362595,916.3019409
Marengo I,-117.751732,46.386627,859.9489746
Marengo I,-117.740486,46.428493,684.039978
Marengo I,-117.742088,46.429695,673.7032471
Marengo I,-117.799088,46.377396,880.1570435
Marengo I,-117.742188,46.421795,735.1984253
Marengo I,-117.772186,46.397392,762.2402344
Marengo I,-117.752625,46.377632,872.7232056
Marengo I,-117.811989,46.387493,827.319458
Marengo I,-117.745628,46.367138,908.218689
Marengo I,-117.753685,46.398994,754.2254028
Marengo I,-117.808388,46.385593,845.3215332
Marengo I,-117.723785,46.387196,859.3851318
Marengo I,-117.797585,46.376095,876.7964478
Marengo I,-117.831085,46.390194,789.696167
Marengo I,-117.815987,46.388794,828.6070557
Marengo I,-117.788689,46.377693,857.6723022
Marengo I,-117.782089,46.387276,838.6834106
Marengo I,-117.743385,46.366592,914.4620972
Marengo I,-117.824585,46.389793,798.8621216
Marengo I,-117.758484,46.415195,728.0913086
Marengo I,-117.7724,46.37344,874.1383057
Marengo I,-117.832787,46.390995,780.9916992
Marengo I,-117.71769,46.373993,899.6417236
Marengo I,-117.764084,46.385395,852.8486938
Marengo I,-117.763283,46.368095,891.0838013
Marengo I,-117.768585,46.388794,814.0515747
Marengo I,-117.749771,46.386082,857.9771118
Marengo I,-117.767387,46.387394,832.6137085
Marengo I,-117.734283,46.377495,887.3917236
Marengo I,-117.813789,46.388393,822.7821655
Marengo I,-117.762085,46.384693,857.8577881
Marengo I,-117.746788,46.393295,805.1156006
Marengo I,-117.806786,46.379696,865.5125732
Marengo I,-117.810188,46.386593,835.3775635
Marengo I,-117.750183,46.369293,883.0296631
Marengo I,-117.747787,46.367695,896.3709106
Marengo I,-117.720085,46.374092,907.0566406
Marengo I,-117.755783,46.399895,740.3944092
Marengo I,-117.773888,46.398396,757.8378296
Marengo I,-117.736282,46.378193,880.6130981
Marengo I,-117.725685,46.387894,843.7716675
Marengo I,-117.818184,46.389194,823.9906006
Marengo I,-117.782684,46.374195,866.9408569
Marengo I,-117.826286,46.390793,791.5303345
Marengo I,-117.722282,46.374596,906.1842041
Marengo I,-117.717583,46.384895,855.7781372
Marengo I,-117.784119,46.387962,835.6784058
Marengo I,-117.743988,46.422695,730.6026611
Marengo I,-117.82869,46.390495,790.0007324
Marengo I,-117.760887,46.367393,892.4359131
Marengo I,-117.726387,46.374393,904.2268677
Marengo I,-117.803589,46.377594,868.4471436
Marengo I,-117.820389,46.389595,815.229187
Marengo I,-117.758087,46.383095,868.7180786
Marengo I,-117.730286,46.375893,878.7349854
Marengo I,-117.780487,46.373695,860.8741455
Marengo I,-117.721085,46.386696,875.5926514
Marengo I,-117.767784,46.370895,897.1878662
Marengo I,-117.769684,46.371593,892.0668945
Marengo I,-117.757187,46.413994,734.3395996
Marengo I,-117.765984,46.386192,843.4403687
Marengo I,-117.719688,46.385494,863.0239868
Marengo I,-117.754486,46.378395,878.383667
Marengo I,-117.743484,46.430893,666.9837646
Marengo I,-117.809784,46.379395,861.8482056
Marengo I,-117.792183,46.376793,857.0992432
Marengo I,-117.728287,46.375195,895.1288452
Marengo I,-117.749985,46.397194,773.6533203
Marengo I,-117.786987,46.376896,862.0233765
Marengo I,-117.766083,46.369892,892.9120483
Marengo I,-117.751686,46.398293,762.6230469
Marengo I,-117.801285,46.377495,872.5392456
Marengo I,-117.804886,46.378895,865.6582031
Marengo I,-117.732285,46.376694,878.0626831
Marengo II,-117.861084,46.366295,782.680481
Marengo II,-117.826385,46.357594,889.7631226
Marengo II,-117.866486,46.368595,748.5821533
Marengo II,-117.881889,46.375492,737.1470947
Marengo II,-117.865189,46.354294,810.1082153
Marengo II,-117.879288,46.368294,754.0167847
Marengo II,-117.861084,46.348194,818.9011841
Marengo II,-117.846085,46.366894,861.0246582
Marengo II,-117.836288,46.364895,869.9412842
Marengo II,-117.861885,46.352295,829.4037476
Marengo II,-117.880585,46.369293,748.6625977
Marengo II,-117.820183,46.352894,873.8713989
Marengo II,-117.824883,46.356396,879.7605591
Marengo II,-117.828186,46.360794,898.7175293
Marengo II,-117.857689,46.363693,819.5424805
Marengo II,-117.854683,46.361694,836.1307983
Marengo II,-117.841789,46.349895,871.5883789
Marengo II,-117.822289,46.352894,871.0076904
Marengo II,-117.868187,46.369793,748.9052124
Marengo II,-117.829285,46.362095,889.3772583
Marengo II,-117.824387,46.352894,865.2421265
Marengo II,-117.838188,46.365395,874.8687134
Marengo II,-117.840889,46.355392,877.8361816
Marengo II,-117.864883,46.367393,764.9319458
Marengo II,-117.858887,46.364895,808.2489014
Marengo II,-117.881683,46.370594,738.1669312
Marengo II,-117.832489,46.364594,868.677002
Marengo II,-117.840088,46.348995,867.2210083
Marengo II,-117.842888,46.355995,868.973999
Marengo II,-117.838387,46.347996,863.7844238
Marengo II,-117.862984,46.366795,773.4697876
Marengo II,-117.848488,46.355095,858.4606934
Marengo II,-117.859787,46.351692,826.2171631
Marengo II,-117.859489,46.347294,815.6130981
Marengo II,-117.844185,46.366394,866.2837524
Marengo II,-117.885185,46.375793,732.8546143
Marengo II,-117.830688,46.363895,873.0343628
Marengo II,-117.863586,46.353294,821.24823
Marengo II,-117.866486,46.355495,810.1365356
Martinsdale Colony South,-110.271797,46.495686,1469.408203
Martinsdale Colony South,-110.271797,46.495277,1468.688599
Martinsdale Colony South,-110.271797,46.494877,1468.626465
Martinsdale Colony South,-110.27179,46.496113,1469.598877
Martinsdale Colony South,-110.271782,46.497334,1472.799194
Martinsdale Colony South,-110.271797,46.497734,1473.752686
Martinsdale Colony South,-110.271782,46.496918,1470.860596
Martinsdale Colony South,-110.271805,46.496506,1469.953003
Martinsdale Wind Farm,-110.271812,46.499531,1474.787231
Martinsdale Wind Farm,-110.27182,46.500401,1474.476318
Martinsdale Wind Farm,-110.271812,46.499252,1474.828735
Martinsdale Wind Farm,-110.271805,46.50106,1474.198608
Martinsdale Wind Farm,-110.271805,46.500637,1474.383301
Martinsdale Wind Farm,-110.271812,46.500114,1474.534546
Martinsdale Wind Farm,-110.271782,46.498703,1474.573975
Martinsdale Wind Farm,-110.271797,46.49844,1474.266479
Martinsdale Wind Farm,-110.271797,46.498161,1474.694336
Martinsdale Wind Farm,-110.271835,46.499836,1474.594727
Martinsdale Wind Farm,-110.271797,46.498966,1474.792725
McEvoy Ranch,-122.679672,38.15757,196.4952087
McFadden Ridge,-106.043892,41.659794,2182.183838
McFadden Ridge,-106.028389,41.657494,2172.840088
McFadden Ridge,-106.043991,41.664791,2195.557861
McFadden Ridge,-106.037788,41.652794,2179.943604
McFadden Ridge,-106.027489,41.655994,2173.975586
McFadden Ridge,-106.059792,41.649994,2193.365967
McFadden Ridge,-106.056992,41.655392,2205.136719
McFadden Ridge,-106.02919,41.650993,2179.913818
McFadden Ridge,-106.010086,41.672592,2175.619629
McFadden Ridge,-106.033989,41.643192,2189.550293
McFadden Ridge,-106.037788,41.654892,2178.502441
McFadden Ridge,-106.032188,41.645493,2186.517578
McFadden Ridge,-106.009888,41.674194,2168.469238
McFadden Ridge,-106.043892,41.657593,2182.63916
McFadden Ridge,-106.056992,41.653492,2199.073486
McFadden Ridge,-106.030289,41.648792,2180.444336
McFadden Ridge,-106.058891,41.648392,2193.317627
McFadden Ridge,-106.043991,41.662891,2184.680908
McFadden Ridge,-106.027588,41.653992,2176.855957
Meadow Creek,-111.802185,43.565895,1611.610962
Meadow Creek,-111.81369,43.572796,1603.015259
Meadow Creek,-111.832985,43.572693,1588.543335
Meadow Creek,-111.824287,43.526993,1703.477661
Meadow Creek,-111.816788,43.531895,1693.144165
Meadow Creek,-111.82489,43.560093,1634.028809
Meadow Creek,-111.821785,43.534294,1683.448242
Meadow Creek,-111.820389,43.524994,1727.951904
Meadow Creek,-111.825287,43.553295,1647.56665
Meadow Creek,-111.807785,43.520695,1686.460449
Meadow Creek,-111.794388,43.518593,1710.413574
Meadow Creek,-111.830688,43.553795,1655.909546
Meadow Creek,-111.827385,43.528694,1693.54187
Meadow Creek,-111.825989,43.518494,1695.104614
Meadow Creek,-111.824089,43.570496,1609.579834
Meadow Creek,-111.83519,43.575092,1582.74585
Meadow Creek,-111.825485,43.578793,1572.609985
Meadow Creek,-111.822289,43.577496,1580.756836
Meadow Creek,-111.816986,43.514095,1689.016235
Meadow Creek,-111.812889,43.558495,1646.745605
Meadow Creek,-111.809486,43.565796,1621.539185
Meadow Creek,-111.790291,43.562992,1650.62561
Meadow Creek,-111.835991,43.557095,1642.059814
Meadow Creek,-111.792389,43.550194,1730.115356
Meadow Creek,-111.781288,43.528996,1763.760254
Meadow Creek,-111.784187,43.524494,1755.809692
Meadow Creek,-111.837189,43.564693,1616.381348
Meadow Creek,-111.80159,43.521095,1693.940796
Meadow Creek,-111.817688,43.574093,1598.317627
Meadow Creek,-111.797691,43.527695,1713.173828
Meadow Creek,-111.796089,43.550793,1701.939941
Meadow Creek,-111.842186,43.577095,1560.340332
Meadow Creek,-111.819786,43.561394,1652.200073
Meadow Creek,-111.816887,43.559593,1663.936279
Meadow Creek,-111.82869,43.579994,1564.637573
Meadow Creek,-111.832886,43.548294,1669.831909
Meadow Creek,-111.806686,43.531895,1711.335327
Meadow Creek,-111.789391,43.526695,1729.999756
Meadow Creek,-111.788391,43.547894,1749.546265
Meadow Creek,-111.825485,43.564095,1632.027222
Meadow Creek,-111.838188,43.576694,1574.285156
Meadow Creek,-111.779991,43.552795,1709.891479
Meadow Creek,-111.778191,43.558594,1698.435791
Meadow Creek,-111.810486,43.537395,1701.175659
Meadow Creek,-111.80249,43.552296,1682.997681
Meadow Creek,-111.841888,43.564896,1608.438599
Meadow Creek,-111.829788,43.570892,1599.263306
Meadow Creek,-111.81749,43.523396,1736.318359
Meadow Creek,-111.78299,43.560192,1683.198486
Meadow Creek,-111.842384,43.570595,1580.454712
Meadow Creek,-111.83149,43.564495,1624.284424
Meadow Creek,-111.834991,43.553894,1653.314209
Meadow Creek,-111.809387,43.556694,1657.651733
Meadow Creek,-111.81459,43.521095,1699.00708
Meadow Creek,-111.78669,43.561493,1670.790161
Meadow Creek,-111.806686,43.536392,1717.191284
Meadow Creek,-111.813889,43.567696,1616.593628
Medicine Bow,-106.241226,41.831905,2065.007568
Medicine Bow,-106.246689,41.839893,2060.573486
Medicine Bow,-106.241867,41.833138,2064.88623
Medicine Bow,-106.24057,41.830673,2066.791016
Medicine Bow,-106.243172,41.835594,2060.374268
Medicine Bow,-106.243797,41.836849,2060.743652
Medicine Bow,-106.239914,41.829453,2064.877441
Medicine Bow,-106.247787,41.840591,2060.838867
Medicine Bow,-106.242531,41.834377,2064.438721
Mesa Wind Repowering,-116.659119,33.959003,813.3216553
Mesa Wind Repowering,-116.659981,33.951321,768.9668579
Mesa Wind Repowering,-116.659065,33.948864,781.8258057
Mesa Wind Repowering,-116.674782,33.94482,771.5114136
Mesa Wind Repowering,-116.656639,33.957169,796.3297119
Mesa Wind Repowering,-116.654839,33.952183,763.6606445
Mesa Wind Repowering,-116.66069,33.961292,847.8129883
Milford Phase I,-112.964989,38.554092,1497.803955
Milford Phase I,-112.920189,38.567394,1524.885986
Milford Phase I,-112.905685,38.563793,1538.017944
Milford Phase I,-112.937088,38.522896,1531.13147
Milford Phase I,-112.910088,38.541096,1553.480103
Milford Phase I,-112.937592,38.535694,1533.544189
Milford Phase I,-112.896591,38.561592,1561.637939
Milford Phase I,-112.904785,38.551495,1550.913818
Milford Phase I,-112.90889,38.516193,1589.814819
Milford Phase I,-112.962685,38.565193,1495.751831
Milford Phase I,-112.950287,38.562096,1499.416626
Milford Phase I,-112.891891,38.536392,1612.329102
Milford Phase I,-112.96479,38.529896,1509.183228
Milford Phase I,-112.917488,38.566895,1524.751831
Milford Phase I,-112.956184,38.527893,1512.033203
Milford Phase I,-112.959587,38.504494,1521.246704
Milford Phase I,-112.946991,38.537792,1512.120972
Milford Phase I,-112.934288,38.498295,1552.328125
Milford Phase I,-112.925491,38.520794,1557.780396
Milford Phase I,-112.937988,38.499195,1545.707153
Milford Phase I,-112.914986,38.553993,1529.90332
Milford Phase I,-112.940987,38.500095,1541.651123
Milford Phase I,-112.940689,38.512093,1540.049438
Milford Phase I,-112.946991,38.501495,1533.663086
Milford Phase I,-112.906189,38.515495,1598.988525
Milford Phase I,-112.903091,38.514793,1610.540405
Milford Phase I,-112.894989,38.537292,1601.230713
Milford Phase I,-112.97039,38.555294,1496.090332
Milford Phase I,-112.962181,38.553577,1500.817627
Milford Phase I,-112.914421,38.565937,1525.084839
Milford Phase I,-112.900688,38.538494,1583.258789
Milford Phase I,-112.909485,38.552795,1542.000366
Milford Phase I,-112.922585,38.531494,1547.018311
Milford Phase I,-112.937286,38.559296,1516.2323
Milford Phase I,-112.943985,38.561195,1513.766235
Milford Phase I,-112.921791,38.495693,1582.464478
Milford Phase I,-112.907188,38.552094,1546.653442
Milford Phase I,-112.956589,38.503796,1523.668701
Milford Phase I,-112.926086,38.568695,1525.112549
Milford Phase I,-112.900085,38.562492,1553.027954
Milford Phase I,-112.908386,38.564396,1533.073975
Milford Phase I,-112.941589,38.560493,1515.613892
Milford Phase I,-112.939186,38.559795,1516.097778
Milford Phase I,-112.928986,38.569492,1521.888184
Milford Phase I,-112.959785,38.552692,1500.474854
Milford Phase I,-112.934288,38.522194,1553.736206
Milford Phase I,-112.931992,38.570194,1517.862183
Milford Phase I,-112.968086,38.530792,1507.173706
Milford Phase I,-112.943489,38.512993,1537.633179
Milford Phase I,-112.920792,38.519394,1567.394775
Milford Phase I,-112.931488,38.521793,1552.286865
Milford Phase I,-112.897789,38.537895,1592.054565
Milford Phase I,-112.937889,38.511395,1543.776855
Milford Phase I,-112.95929,38.528496,1510.413086
Milford Phase I,-112.971886,38.507393,1510.673096
Milford Phase I,-112.967606,38.554779,1499.407227
Milford Phase I,-112.912186,38.553593,1535.081787
Milford Phase I,-112.971191,38.531494,1504.701416
Milford Phase I,-112.928589,38.521496,1556.745972
Milford Phase I,-112.954391,38.551292,1503.775024
Milford Phase I,-112.918091,38.494495,1593.834961
Milford Phase I,-112.956184,38.563793,1499.463745
Milford Phase I,-112.907089,38.540394,1561.308105
Milford Phase I,-112.97509,38.508095,1507.965332
Milford Phase I,-112.951591,38.550392,1505.963745
Milford Phase I,-112.911491,38.516895,1588.859375
Milford Phase I,-112.96209,38.529495,1508.980225
Milford Phase I,-112.946388,38.513695,1526.8396
Milford Phase I,-112.959991,38.564594,1499.299927
Milford Phase I,-112.915787,38.542294,1539.848633
Milford Phase I,-112.940392,38.535995,1518.353638
Milford Phase I,-112.893822,38.561001,1570.416016
Milford Phase I,-112.934685,38.534992,1534.693726
Milford Phase I,-112.904091,38.539593,1569.557861
Milford Phase I,-112.911491,38.565292,1527.300537
Milford Phase I,-112.96579,38.505993,1514.278564
Milford Phase I,-112.923187,38.567993,1527.522949
Milford Phase I,-112.953491,38.503094,1526.636719
Milford Phase I,-112.953186,38.562992,1499.463745
Milford Phase I,-112.915085,38.517593,1580.841187
Milford Phase I,-112.902885,38.563194,1545.240234
Milford Phase I,-112.943985,38.500793,1537.500122
Milford Phase I,-112.950584,38.514294,1522.849121
Milford Phase I,-112.973091,38.555893,1497.011597
Milford Phase I,-112.928787,38.532993,1535.525635
Milford Phase I,-112.917786,38.518494,1572.227051
Milford Phase I,-112.962685,38.505196,1518.493042
Milford Phase I,-112.947289,38.561695,1500.86792
Milford Phase I,-112.927788,38.496796,1568.036255
Milford Phase I,-112.968887,38.506695,1513.069946
Milford Phase I,-112.93129,38.497494,1557.503296
Milford Phase I,-112.913086,38.541294,1546.745972
Milford Phase I,-112.92569,38.532295,1541.622559
Milford Phase I,-112.953285,38.514893,1520.310059
Milford Phase I,-112.924988,38.496094,1574.343506
Milford Phase I,-112.975685,38.556595,1497.164063
Milford Phase I,-112.966988,38.566296,1496.621826
Milford Phase II,-112.973389,38.592094,1492.370605
Milford Phase II,-112.904991,38.575493,1531.450806
Milford Phase II,-112.917686,38.590794,1519.219116
Milford Phase II,-112.902687,38.587193,1525.131226
Milford Phase II,-112.930191,38.593693,1502.121338
Milford Phase II,-112.922585,38.592293,1514.58252
Milford Phase II,-112.917992,38.578793,1519.353394
Milford Phase II,-112.922989,38.579994,1516.213745
Milford Phase II,-112.912086,38.601494,1514.262085
Milford Phase II,-112.972389,38.579693,1493.113892
Milford Phase II,-112.927986,38.581196,1519.755737
Milford Phase II,-112.958092,38.588394,1496.142944
Milford Phase II,-112.932686,38.594296,1502.247314
Milford Phase II,-112.896385,38.573692,1547.361694
Milford Phase II,-112.920189,38.591393,1516.612793
Milford Phase II,-112.940491,38.584194,1501.866211
Milford Phase II,-112.90799,38.576393,1527.248047
Milford Phase II,-112.899887,38.574394,1541.644409
Milford Phase II,-112.975388,38.592594,1491.692749
Milford Phase II,-112.932884,38.582695,1507.647461
Milford Phase II,-112.935486,38.582993,1504.798096
Milford Phase II,-112.912987,38.577595,1521.99707
Milford Phase II,-112.893585,38.572895,1555.626221
Milford Phase II,-112.925186,38.592594,1507.201904
Milford Phase II,-112.899284,38.598194,1526.948975
Milford Phase II,-112.910484,38.576996,1523.581177
Milford Phase II,-112.957489,38.575993,1494.884644
Milford Phase II,-112.942986,38.584793,1499.62854
Milford Phase II,-112.96299,38.589493,1495.026978
Milford Phase II,-112.892792,38.596794,1530.171143
Milford Phase II,-112.900185,38.586494,1527.172607
Milford Phase II,-112.910187,38.588993,1519.413696
Milford Phase II,-112.915489,38.578194,1520.852783
Milford Phase II,-112.893791,38.585094,1538.763306
Milford Phase II,-112.927689,38.593094,1503.921997
Milford Phase II,-112.947189,38.574093,1499.971436
Milford Phase II,-112.970886,38.591496,1492.87854
Milford Phase II,-112.969887,38.579094,1493.684814
Milford Phase II,-112.954887,38.575394,1495.416138
Milford Phase II,-112.95549,38.587692,1497.04187
Milford Phase II,-112.914589,38.602093,1513.109863
Milford Phase II,-112.90239,38.574993,1535.959351
Milford Phase II,-112.909592,38.600895,1516.286499
Milford Phase II,-112.912689,38.589596,1518.663574
Milford Phase II,-112.947685,38.585594,1498.003296
Milford Phase II,-112.968185,38.590794,1492.986572
Milford Phase II,-112.904686,38.599693,1522.989624
Milford Phase II,-112.915192,38.590195,1517.992798
Milford Phase II,-112.907684,38.588394,1520.578003
Milford Phase II,-112.949791,38.574394,1497.168701
Milford Phase II,-112.895485,38.597492,1528.459839
Milford Phase II,-112.974686,38.580395,1491.825073
Milford Phase II,-112.965485,38.590096,1494.283936
Milford Phase II,-112.952385,38.574894,1496.244263
Milford Phase II,-112.907089,38.600292,1519.014282
Milford Phase II,-112.937988,38.583595,1502.81189
Milford Phase II,-112.962387,38.577194,1495.740112
Milford Phase II,-112.96489,38.577892,1494.415161
Milford Phase II,-112.945488,38.585396,1500.196167
Milford Phase II,-112.944687,38.572994,1501.756226
Milford Phase II,-112.967384,38.578495,1494.466553
Milford Phase II,-112.959885,38.576595,1495.955444
Milford Phase II,-112.920486,38.579395,1516.053101
Milford Phase II,-112.90519,38.587795,1522.290527
Milford Phase II,-112.896385,38.585693,1534.323608
Milford Phase II,-112.960487,38.588993,1495.505005
Milford Phase II,-112.925491,38.580593,1518.812012
Milford Phase II,-112.930489,38.581795,1509.438232
Milner Dam,-114.017288,42.460396,1393.940918
Milner Dam,-114.017288,42.464695,1362.379639
Milner Dam,-114.017288,42.473194,1319.256958
Milner Dam,-114.019089,42.456196,1402.736084
Milner Dam,-114.017288,42.466793,1345.906616
Milner Dam,-114.020187,42.454094,1377.309692
Milner Dam,-114.018089,42.458294,1405.337158
Milner Dam,-114.017288,42.462494,1380.451782
Milner Dam,-114.023491,42.447796,1332.966187
Milner Dam,-114.017288,42.470993,1325.392456
Milner Dam,-114.017288,42.468895,1335.529785
Milner Dam,-114.021286,42.451996,1352.206299
Milner Dam,-114.022385,42.449894,1342.031372
"Mojave 16, 17 & 18 (Desertwind III PPC Trust)",-118.29039,35.044697,1112.068237
"Mojave 16, 17 & 18 (Desertwind III PPC Trust)",-118.264191,35.043297,1024.763672
"Mojave 16, 17 & 18 (Desertwind III PPC Trust)",-118.288391,35.040096,1085.354248
"Mojave 16, 17 & 18 (Desertwind III PPC Trust)",-118.266487,35.049496,1056.822876
"Mojave 16, 17 & 18 (Desertwind III PPC Trust)",-118.27919,35.042995,1069.952637
"Mojave 16, 17 & 18 (Desertwind III PPC Trust)",-118.268188,35.047295,1050.767334
"Mojave 16, 17 & 18 (Desertwind III PPC Trust)",-118.27459,35.044094,1064.880737
"Mojave 16, 17 & 18 (Desertwind III PPC Trust)",-118.277885,35.040024,1053.041382
"Mojave 16, 17 & 18 (Desertwind III PPC Trust)",-118.277626,35.040333,1052.931152
"Mojave 16, 17 & 18 (Desertwind III PPC Trust)",-118.288887,35.046494,1122.0448
"Mojave 16, 17 & 18 (Desertwind III PPC Trust)",-118.265686,35.050495,1060.577148
"Mojave 16, 17 & 18 (Desertwind III PPC Trust)",-118.284889,35.044094,1092.91333
"Mojave 16, 17 & 18 (Desertwind III PPC Trust)",-118.262688,35.049496,1042.328979
"Mojave 16, 17 & 18 (Desertwind III PPC Trust)",-118.26619,35.049793,1058.605713
"Mojave 16, 17 & 18 (Desertwind III PPC Trust)",-118.271286,35.043594,1051.483154
"Mojave 16, 17 & 18 (Desertwind III PPC Trust)",-118.268188,35.042793,1040.244751
"Mojave 16, 17 & 18 (Desertwind III PPC Trust)",-118.26619,35.040695,1024.648438
"Mojave 16, 17 & 18 (Desertwind III PPC Trust)",-118.282387,35.039097,1059.374023
"Mojave 16, 17 & 18 (Desertwind III PPC Trust)",-118.270287,35.040295,1036.695068
"Mojave 16, 17 & 18 (Desertwind III PPC Trust)",-118.28949,35.045696,1114.707031
"Mojave 16, 17 & 18 (Desertwind III PPC Trust)",-118.271286,35.039097,1032.14978
"Mojave 16, 17 & 18 (Desertwind III PPC Trust)",-118.27179,35.042995,1052.033813
"Mojave 16, 17 & 18 (Desertwind III PPC Trust)",-118.258385,35.041195,997.345459
"Mojave 16, 17 & 18 (Desertwind III PPC Trust)",-118.265991,35.050095,1060.133911
"Mojave 16, 17 & 18 (Desertwind III PPC Trust)",-118.265289,35.046394,1038.127686
"Mojave 16, 17 & 18 (Desertwind III PPC Trust)",-118.290085,35.041595,1098.138916
"Mojave 16, 17 & 18 (Desertwind III PPC Trust)",-118.27269,35.050995,1089.138428
"Mojave 16, 17 & 18 (Desertwind III PPC Trust)",-118.283287,35.045895,1095.298584
"Mojave 16, 17 & 18 (Desertwind III PPC Trust)",-118.279991,35.045994,1086.442993
"Mojave 16, 17 & 18 (Desertwind III PPC Trust)",-118.28019,35.045795,1087.471436
"Mojave 16, 17 & 18 (Desertwind III PPC Trust)",-118.262985,35.049294,1043.436646
"Mojave 16, 17 & 18 (Desertwind III PPC Trust)",-118.289085,35.046295,1120.925293
"Mojave 16, 17 & 18 (Desertwind III PPC Trust)",-118.273186,35.041195,1047.227295
"Mojave 16, 17 & 18 (Desertwind III PPC Trust)",-118.25959,35.044296,1010.467957
"Mojave 16, 17 & 18 (Desertwind III PPC Trust)",-118.271484,35.043297,1051.657593
"Mojave 16, 17 & 18 (Desertwind III PPC Trust)",-118.269989,35.040695,1038.056152
"Mojave 16, 17 & 18 (Desertwind III PPC Trust)",-118.277885,35.044594,1076.605591
"Mojave 16, 17 & 18 (Desertwind III PPC Trust)",-118.273987,35.049397,1082.507324
"Mojave 16, 17 & 18 (Desertwind III PPC Trust)",-118.262085,35.050396,1044.872803
"Mojave 16, 17 & 18 (Desertwind III PPC Trust)",-118.272987,35.045994,1065.231323
"Mojave 16, 17 & 18 (Desertwind III PPC Trust)",-118.26429,35.047596,1044.011597
"Mojave 16, 17 & 18 (Desertwind III PPC Trust)",-118.285088,35.047497,1108.799316
"Mojave 16, 17 & 18 (Desertwind III PPC Trust)",-118.268684,35.051296,1072.404663
"Mojave 16, 17 & 18 (Desertwind III PPC Trust)",-118.266991,35.044296,1039.02356
"Mojave 16, 17 & 18 (Desertwind III PPC Trust)",-118.280487,35.045494,1086.828003
"Mojave 16, 17 & 18 (Desertwind III PPC Trust)",-118.260391,35.043396,1011.276611
"Mojave 16, 17 & 18 (Desertwind III PPC Trust)",-118.26339,35.048695,1043.56897
"Mojave 16, 17 & 18 (Desertwind III PPC Trust)",-118.259392,35.044594,1010.311462
"Mojave 16, 17 & 18 (Desertwind III PPC Trust)",-118.273689,35.040596,1045.430054
"Mojave 16, 17 & 18 (Desertwind III PPC Trust)",-118.285286,35.043594,1091.483765
"Mojave 16, 17 & 18 (Desertwind III PPC Trust)",-118.269958,35.049736,1069.408936
"Mojave 16, 17 & 18 (Desertwind III PPC Trust)",-118.262291,35.050095,1043.518921
"Mojave 16, 17 & 18 (Desertwind III PPC Trust)",-118.272888,35.050694,1085.802124
"Mojave 16, 17 & 18 (Desertwind III PPC Trust)",-118.286987,35.041595,1084.607544
"Mojave 16, 17 & 18 (Desertwind III PPC Trust)",-118.287987,35.044094,1100.663696
"Mojave 16, 17 & 18 (Desertwind III PPC Trust)",-118.273491,35.040894,1046.050171
"Mojave 16, 17 & 18 (Desertwind III PPC Trust)",-118.277374,35.040649,1053.488892
"Mojave 16, 17 & 18 (Desertwind III PPC Trust)",-118.278992,35.043194,1070.697021
"Mojave 16, 17 & 18 (Desertwind III PPC Trust)",-118.270287,35.044895,1052.512329
"Mojave 16, 17 & 18 (Desertwind III PPC Trust)",-118.283089,35.046196,1097.501343
"Mojave 16, 17 & 18 (Desertwind III PPC Trust)",-118.278488,35.043797,1072.145508
"Mojave 16, 17 & 18 (Desertwind III PPC Trust)",-118.261887,35.046097,1026.525146
"Mojave 16, 17 & 18 (Desertwind III PPC Trust)",-118.27079,35.044193,1052.314209
"Mojave 16, 17 & 18 (Desertwind III PPC Trust)",-118.265785,35.045795,1036.598633
"Mojave 16, 17 & 18 (Desertwind III PPC Trust)",-118.290886,35.044193,1111.798706
"Mojave 16, 17 & 18 (Desertwind III PPC Trust)",-118.27179,35.047596,1065.670044
"Mojave 16, 17 & 18 (Desertwind III PPC Trust)",-118.280602,35.041245,1064.49939
"Mojave 16, 17 & 18 (Desertwind III PPC Trust)",-118.267891,35.052296,1079.030396
"Mojave 16, 17 & 18 (Desertwind III PPC Trust)",-118.288185,35.040295,1085.997314
"Mojave 16, 17 & 18 (Desertwind III PPC Trust)",-118.287689,35.040894,1085.982056
"Mojave 16, 17 & 18 (Desertwind III PPC Trust)",-118.270691,35.048794,1067.416016
"Mojave 16, 17 & 18 (Desertwind III PPC Trust)",-118.279388,35.042694,1067.967041
"Mojave 16, 17 & 18 (Desertwind III PPC Trust)",-118.275085,35.043495,1062.774902
"Mojave 16, 17 & 18 (Desertwind III PPC Trust)",-118.264885,35.042294,1025.342041
"Mojave 16, 17 & 18 (Desertwind III PPC Trust)",-118.262787,35.040394,1010.911316
"Mojave 16, 17 & 18 (Desertwind III PPC Trust)",-118.287888,35.040596,1086.313721
"Mojave 16, 17 & 18 (Desertwind III PPC Trust)",-118.289185,35.042595,1097.775146
"Mojave 16, 17 & 18 (Desertwind III PPC Trust)",-118.274284,35.044395,1065.186768
"Mojave 16, 17 & 18 (Desertwind III PPC Trust)",-118.261292,35.042194,1009.487305
"Mojave 16, 17 & 18 (Desertwind III PPC Trust)",-118.267487,35.048294,1056.448242
"Mojave 16, 17 & 18 (Desertwind III PPC Trust)",-118.289291,35.045994,1117.289795
"Mojave 16, 17 & 18 (Desertwind III PPC Trust)",-118.290688,35.047794,1134.323242
"Mojave 16, 17 & 18 (Desertwind III PPC Trust)",-118.283791,35.045395,1094.097168
"Mojave 16, 17 & 18 (Desertwind III PPC Trust)",-118.285484,35.043396,1090.755371
"Mojave 16, 17 & 18 (Desertwind III PPC Trust)",-118.274185,35.039993,1044.307129
"Mojave 16, 17 & 18 (Desertwind III PPC Trust)",-118.263885,35.043594,1024.481445
"Mojave 16, 17 & 18 (Desertwind III PPC Trust)",-118.271286,35.048195,1062.060303
"Mojave 16, 17 & 18 (Desertwind III PPC Trust)",-118.28109,35.040596,1062.751465
"Mojave 16, 17 & 18 (Desertwind III PPC Trust)",-118.27549,35.042896,1060.920166
"Mojave 16, 17 & 18 (Desertwind III PPC Trust)",-118.273788,35.044994,1064.728027
"Mojave 16, 17 & 18 (Desertwind III PPC Trust)",-118.259186,35.040295,997.2009277
"Mojave 16, 17 & 18 (Desertwind III PPC Trust)",-118.263084,35.044495,1023.842407
"Mojave 16, 17 & 18 (Desertwind III PPC Trust)",-118.286789,35.041897,1084.310181
"Mojave 16, 17 & 18 (Desertwind III PPC Trust)",-118.287086,35.045094,1105.583008
"Mojave 16, 17 & 18 (Desertwind III PPC Trust)",-118.272285,35.042397,1052.198608
"Mojave 16, 17 & 18 (Desertwind III PPC Trust)",-118.263084,35.040096,1012.25415
"Mojave 16, 17 & 18 (Desertwind III PPC Trust)",-118.290192,35.044994,1116.17334
"Mojave 16, 17 & 18 (Desertwind III PPC Trust)",-118.29129,35.043694,1110.265747
"Mojave 16, 17 & 18 (Desertwind III PPC Trust)",-118.270988,35.039394,1033.180542
"Mojave 16, 17 & 18 (Desertwind III PPC Trust)",-118.272789,35.046295,1064.85498
"Mojave 16, 17 & 18 (Desertwind III PPC Trust)",-118.266991,35.048897,1053.727661
"Mojave 16, 17 & 18 (Desertwind III PPC Trust)",-118.26239,35.045494,1023.403381
"Mojave 16, 17 & 18 (Desertwind III PPC Trust)",-118.273392,35.049995,1076.594849
"Mojave 16, 17 & 18 (Desertwind III PPC Trust)",-118.288589,35.043297,1100.806763
"Mojave 16, 17 & 18 (Desertwind III PPC Trust)",-118.27169,35.052197,1085.729492
"Mojave 16, 17 & 18 (Desertwind III PPC Trust)",-118.28199,35.044094,1082.546753
"Mojave 16, 17 & 18 (Desertwind III PPC Trust)",-118.282188,35.043797,1080.231567
"Mojave 16, 17 & 18 (Desertwind III PPC Trust)",-118.29039,35.047997,1135.330444
"Mojave 16, 17 & 18 (Desertwind III PPC Trust)",-118.276688,35.041294,1056.746094
"Mojave 16, 17 & 18 (Desertwind III PPC Trust)",-118.271484,35.047894,1063.625977
"Mojave 16, 17 & 18 (Desertwind III PPC Trust)",-118.271889,35.051895,1087.171143
"Mojave 16, 17 & 18 (Desertwind III PPC Trust)",-118.278786,35.043495,1072.192383
"Mojave 16, 17 & 18 (Desertwind III PPC Trust)",-118.263885,35.052593,1057.207397
"Mojave 16, 17 & 18 (Desertwind III PPC Trust)",-118.286186,35.046196,1106.70105
"Mojave 16, 17 & 18 (Desertwind III PPC Trust)",-118.270485,35.039993,1035.370239
"Mojave 16, 17 & 18 (Desertwind III PPC Trust)",-118.289787,35.045494,1116.744385
"Mojave 16, 17 & 18 (Desertwind III PPC Trust)",-118.274788,35.043797,1063.786743
"Mojave 16, 17 & 18 (Desertwind III PPC Trust)",-118.278587,35.039097,1050.110229
"Mojave 16, 17 & 18 (Desertwind III PPC Trust)",-118.262886,35.044796,1024.93457
"Mojave 16, 17 & 18 (Desertwind III PPC Trust)",-118.270988,35.048496,1065.442505
"Mojave 16, 17 & 18 (Desertwind III PPC Trust)",-118.264786,35.046993,1036.858032
"Mojave 16, 17 & 18 (Desertwind III PPC Trust)",-118.28479,35.040596,1072.223877
"Mojave 16, 17 & 18 (Desertwind III PPC Trust)",-118.266487,35.044895,1039.055176
"Mojave 16, 17 & 18 (Desertwind III PPC Trust)",-118.263588,35.048393,1043.154175
"Mojave 16, 17 & 18 (Desertwind III PPC Trust)",-118.278107,35.044239,1071.250122
"Mojave 16, 17 & 18 (Desertwind III PPC Trust)",-118.264191,35.052296,1058.325928
"Mojave 16, 17 & 18 (Desertwind III PPC Trust)",-118.271187,35.052795,1097.272705
"Mojave 16, 17 & 18 (Desertwind III PPC Trust)",-118.265488,35.046097,1036.862915
"Mojave 16, 17 & 18 (Desertwind III PPC Trust)",-118.286591,35.045593,1103.483154
"Mojave 16, 17 & 18 (Desertwind III PPC Trust)",-118.291084,35.047295,1130.165527
"Mojave 16, 17 & 18 (Desertwind III PPC Trust)",-118.288589,35.039795,1083.785645
"Mojave 16, 17 & 18 (Desertwind III PPC Trust)",-118.272285,35.046894,1064.59668
"Mojave 16, 17 & 18 (Desertwind III PPC Trust)",-118.257385,35.042496,999.392334
"Mojave 16, 17 & 18 (Desertwind III PPC Trust)",-118.263191,35.048996,1043.413086
"Mojave 16, 17 & 18 (Desertwind III PPC Trust)",-118.284691,35.044395,1093.158081
"Mojave 16, 17 & 18 (Desertwind III PPC Trust)",-118.28009,35.041897,1066.271729
"Mojave 16, 17 & 18 (Desertwind III PPC Trust)",-118.290985,35.040596,1092.905762
"Mojave 16, 17 & 18 (Desertwind III PPC Trust)",-118.274887,35.039097,1042.665039
"Mojave 16, 17 & 18 (Desertwind III PPC Trust)",-118.26799,35.047596,1052.941284
"Mojave 16, 17 & 18 (Desertwind III PPC Trust)",-118.272491,35.042095,1051.032837
"Mojave 16, 17 & 18 (Desertwind III PPC Trust)",-118.286591,35.042095,1085.701782
"Mojave 16, 17 & 18 (Desertwind III PPC Trust)",-118.26899,35.046394,1051.746826
"Mojave 16, 17 & 18 (Desertwind III PPC Trust)",-118.287689,35.044395,1105.217285
"Mojave 16, 17 & 18 (Desertwind III PPC Trust)",-118.289886,35.041794,1098.503052
"Mojave 16, 17 & 18 (Desertwind III PPC Trust)",-118.275291,35.043194,1062.000732
"Mojave 16, 17 & 18 (Desertwind III PPC Trust)",-118.274086,35.044697,1065.208252
"Mojave 16, 17 & 18 (Desertwind III PPC Trust)",-118.291084,35.043896,1111.702881
"Mojave 16, 17 & 18 (Desertwind III PPC Trust)",-118.285088,35.043896,1092.41626
"Mojave 16, 17 & 18 (Desertwind III PPC Trust)",-118.287491,35.044594,1105.860474
"Mojave 16, 17 & 18 (Desertwind III PPC Trust)",-118.266289,35.045197,1039.313599
"Mojave 16, 17 & 18 (Desertwind III PPC Trust)",-118.273552,35.045322,1065.020874
"Mojave 16, 17 & 18 (Desertwind III PPC Trust)",-118.262085,35.041294,1010.249084
"Mojave 16, 17 & 18 (Desertwind III PPC Trust)",-118.271988,35.042694,1051.618042
"Mojave 16, 17 & 18 (Desertwind III PPC Trust)",-118.26899,35.041897,1039.103882
"Mojave 16, 17 & 18 (Desertwind III PPC Trust)",-118.264687,35.042595,1025.045532
"Mojave 16, 17 & 18 (Desertwind III PPC Trust)",-118.266685,35.049194,1051.958008
"Mojave 16, 17 & 18 (Desertwind III PPC Trust)",-118.26059,35.043095,1011.265381
"Mojave 16, 17 & 18 (Desertwind III PPC Trust)",-118.271988,35.047195,1065.132813
"Mojave 16, 17 & 18 (Desertwind III PPC Trust)",-118.290291,35.041294,1096.008179
"Mojave 16, 17 & 18 (Desertwind III PPC Trust)",-118.265289,35.051395,1063.200439
"Mojave 16, 17 & 18 (Desertwind III PPC Trust)",-118.269485,35.045795,1052.052368
"Mojave 16, 17 & 18 (Desertwind III PPC Trust)",-118.278389,35.039394,1051.144165
"Mojave 16, 17 & 18 (Desertwind III PPC Trust)",-118.269386,35.050396,1070.294678
"Mojave 16, 17 & 18 (Desertwind III PPC Trust)",-118.258888,35.045197,1011.842041
"Mojave 16, 17 & 18 (Desertwind III PPC Trust)",-118.289688,35.042095,1097.881348
"Mojave 16, 17 & 18 (Desertwind III PPC Trust)",-118.290787,35.040794,1094.546997
"Mojave 16, 17 & 18 (Desertwind III PPC Trust)",-118.261589,35.041897,1009.897888
"Mojave 16, 17 & 18 (Desertwind III PPC Trust)",-118.273285,35.045696,1064.928589
"Mojave 16, 17 & 18 (Desertwind III PPC Trust)",-118.280785,35.045296,1085.598145
"Mojave 16, 17 & 18 (Desertwind III PPC Trust)",-118.28289,35.046494,1098.873535
"Mojave 16, 17 & 18 (Desertwind III PPC Trust)",-118.282486,35.043495,1080.328491
"Mojave 16, 17 & 18 (Desertwind III PPC Trust)",-118.287285,35.041393,1086.951782
"Mojave 16, 17 & 18 (Desertwind III PPC Trust)",-118.281685,35.044395,1083.183838
"Mojave 16, 17 & 18 (Desertwind III PPC Trust)",-118.281891,35.039696,1060.945313
"Mojave 16, 17 & 18 (Desertwind III PPC Trust)",-118.259087,35.044895,1010.346375
"Mojave 16, 17 & 18 (Desertwind III PPC Trust)",-118.286789,35.045395,1106.033325
"Mojave 16, 17 & 18 (Desertwind III PPC Trust)",-118.285789,35.039394,1072.367676
"Mojave 16, 17 & 18 (Desertwind III PPC Trust)",-118.265091,35.046696,1037.71582
"Mojave 16, 17 & 18 (Desertwind III PPC Trust)",-118.262085,35.045795,1025.448364
"Mojave 16, 17 & 18 (Desertwind III PPC Trust)",-118.282684,35.043194,1080.713623
"Mojave 16, 17 & 18 (Desertwind III PPC Trust)",-118.268188,35.051994,1079.194458
"Mojave 16, 17 & 18 (Desertwind III PPC Trust)",-118.269691,35.050095,1072.075928
"Mojave 16, 17 & 18 (Desertwind III PPC Trust)",-118.270485,35.044495,1052.730469
"Mojave 16, 17 & 18 (Desertwind III PPC Trust)",-118.275787,35.042694,1060.268921
"Mojave 16, 17 & 18 (Desertwind III PPC Trust)",-118.285286,35.047195,1108.100708
"Mojave 16, 17 & 18 (Desertwind III PPC Trust)",-118.283989,35.045197,1094.297485
"Mojave 16, 17 & 18 (Desertwind III PPC Trust)",-118.287491,35.041096,1086.010376
"Mojave 16, 17 & 18 (Desertwind III PPC Trust)",-118.263687,35.052895,1058.546753
"Mojave 16, 17 & 18 (Desertwind III PPC Trust)",-118.276489,35.041595,1058.259155
"Mojave 16, 17 & 18 (Desertwind III PPC Trust)",-118.260887,35.042793,1010.21991
"Mojave 16, 17 & 18 (Desertwind III PPC Trust)",-118.284286,35.041195,1075.197876
"Mojave 16, 17 & 18 (Desertwind III PPC Trust)",-118.269691,35.040997,1038.210083
"Mojave 16, 17 & 18 (Desertwind III PPC Trust)",-118.273888,35.040295,1045.408569
"Mojave 16, 17 & 18 (Desertwind III PPC Trust)",-118.275986,35.042397,1059.861572
"Mojave 16, 17 & 18 (Desertwind III PPC Trust)",-118.25769,35.042194,998.552124
"Mojave 16, 17 & 18 (Desertwind III PPC Trust)",-118.276985,35.04105,1053.98645
"Mojave 16, 17 & 18 (Desertwind III PPC Trust)",-118.281189,35.044994,1085.081299
"Mojave 16, 17 & 18 (Desertwind III PPC Trust)",-118.283585,35.042095,1079.248047
"Mojave 16, 17 & 18 (Desertwind III PPC Trust)",-118.26339,35.044193,1023.519409
"Mojave 16, 17 & 18 (Desertwind III PPC Trust)",-118.288689,35.046795,1120.116577
"Mojave 16, 17 & 18 (Desertwind III PPC Trust)",-118.260086,35.043694,1010.404236
"Mojave 16, 17 & 18 (Desertwind III PPC Trust)",-118.281387,35.040295,1062.685547
"Mojave 16, 17 & 18 (Desertwind III PPC Trust)",-118.267387,35.052895,1077.827148
"Mojave 16, 17 & 18 (Desertwind III PPC Trust)",-118.269791,35.045494,1051.631226
"Mojave 16, 17 & 18 (Desertwind III PPC Trust)",-118.272186,35.051594,1091.749756
"Mojave 16, 17 & 18 (Desertwind III PPC Trust)",-118.282684,35.046696,1099.126709
"Mojave 16, 17 & 18 (Desertwind III PPC Trust)",-118.26519,35.041996,1026.387817
"Mojave 16, 17 & 18 (Desertwind III PPC Trust)",-118.265388,35.050797,1060.546265
"Mojave 16, 17 & 18 (Desertwind III PPC Trust)",-118.29129,35.046993,1130.233276
"Mojave 16, 17 & 18 (Desertwind III PPC Trust)",-118.278107,35.039719,1052.221191
"Mojave 16, 17 & 18 (Desertwind III PPC Trust)",-118.284592,35.040894,1074.375977
"Mojave 16, 17 & 18 (Desertwind III PPC Trust)",-118.261086,35.042496,1009.648926
"Mojave 16, 17 & 18 (Desertwind III PPC Trust)",-118.272491,35.046597,1064.499146
"Mojave 16, 17 & 18 (Desertwind III PPC Trust)",-118.280846,35.040951,1063.462158
"Mojave 16, 17 & 18 (Desertwind III PPC Trust)",-118.290886,35.047497,1130.475342
"Mojave 16, 17 & 18 (Desertwind III PPC Trust)",-118.257889,35.041794,997.4703979
"Mojave 16, 17 & 18 (Desertwind III PPC Trust)",-118.277649,35.04483,1077.244629
"Mojave 16, 17 & 18 (Desertwind III PPC Trust)",-118.26609,35.045494,1038.579712
"Mojave 16, 17 & 18 (Desertwind III PPC Trust)",-118.28035,35.041542,1065.584106
"Mojave 16, 17 & 18 (Desertwind III PPC Trust)",-118.26799,35.043095,1041.166504
"Mojave 16, 17 & 18 (Desertwind III PPC Trust)",-118.286087,35.039097,1072.45459
"Mojave 16, 17 & 18 (Desertwind III PPC Trust)",-118.273689,35.049694,1079.383789
"Mojave 16, 17 & 18 (Desertwind III PPC Trust)",-118.270485,35.049095,1067.761719
"Mojave 16, 17 & 18 (Desertwind III PPC Trust)",-118.28569,35.046696,1108.303833
"Mojave 16, 17 & 18 (Desertwind III PPC Trust)",-118.263588,35.043896,1023.404175
"Mojave 16, 17 & 18 (Desertwind III PPC Trust)",-118.271385,35.052494,1089.219604
"Mojave 16, 17 & 18 (Desertwind III PPC Trust)",-118.290688,35.044495,1111.634888
"Mojave 16, 17 & 18 (Desertwind III PPC Trust)",-118.267792,35.043396,1041.517578
"Mojave 16, 17 & 18 (Desertwind III PPC Trust)",-118.286385,35.042397,1088.089722
"Mojave 16, 17 & 18 (Desertwind III PPC Trust)",-118.282188,35.047195,1098.924438
"Mojave 16, 17 & 18 (Desertwind III PPC Trust)",-118.269188,35.046097,1051.979858
"Mojave 16, 17 & 18 (Desertwind III PPC Trust)",-118.267487,35.043694,1040.066284
"Mojave 16, 17 & 18 (Desertwind III PPC Trust)",-118.285591,35.039696,1072.912842
"Mojave 16, 17 & 18 (Desertwind III PPC Trust)",-118.262589,35.045094,1022.198181
"Mojave 16, 17 & 18 (Desertwind III PPC Trust)",-118.274185,35.049095,1079.774292
"Mojave 16, 17 & 18 (Desertwind III PPC Trust)",-118.267685,35.047997,1054.835571
"Mojave 16, 17 & 18 (Desertwind III PPC Trust)",-118.259888,35.043995,1010.471802
"Mojave 16, 17 & 18 (Desertwind III PPC Trust)",-118.285789,35.043095,1087.671021
"Mojave 16, 17 & 18 (Desertwind III PPC Trust)",-118.264389,35.042896,1024.456299
"Mojave 16, 17 & 18 (Desertwind III PPC Trust)",-118.285484,35.046894,1107.513062
"Mojave 16, 17 & 18 (Desertwind III PPC Trust)",-118.265388,35.041695,1026.111572
"Mojave 16, 17 & 18 (Desertwind III PPC Trust)",-118.282387,35.046993,1097.669922
"Mojave 16, 17 & 18 (Desertwind III PPC Trust)",-118.272385,35.051296,1090.529175
"Mojave 16, 17 & 18 (Desertwind III PPC Trust)",-118.285088,35.040295,1071.615845
"Mojave 16, 17 & 18 (Desertwind III PPC Trust)",-118.283485,35.045696,1095.16626
"Mojave 16, 17 & 18 (Desertwind III PPC Trust)",-118.291389,35.039993,1088.394531
"Mojave 16, 17 & 18 (Desertwind III PPC Trust)",-118.27079,35.039696,1034.186401
"Mojave 16, 17 & 18 (Desertwind III PPC Trust)",-118.268684,35.046696,1048.675781
"Mojave 16, 17 & 18 (Desertwind III PPC Trust)",-118.281487,35.044697,1084.202759
"Mojave 16, 17 & 18 (Desertwind III PPC Trust)",-118.289391,35.042397,1097.723145
"Mojave 16, 17 & 18 (Desertwind III PPC Trust)",-118.285988,35.046394,1107.603271
"Mojave 16, 17 & 18 (Desertwind III PPC Trust)",-118.288185,35.043797,1100.154053
"Mojave 16, 17 & 18 (Desertwind III PPC Trust)",-118.264389,35.051994,1060.035767
"Mojave 16, 17 & 18 (Desertwind III PPC Trust)",-118.288391,35.043594,1101.593628
"Mojave 16, 17 & 18 (Desertwind III PPC Trust)",-118.267189,35.048595,1055.840942
"Mojave 16, 17 & 18 (Desertwind III PPC Trust)",-118.26889,35.050995,1069.970581
"Mojave 16, 17 & 18 (Desertwind III PPC Trust)",-118.285286,35.039993,1072.126953
"Mojave 16, 17 & 18 (Desertwind III PPC Trust)",-118.262489,35.049793,1042.816528
"Mojave 16, 17 & 18 (Desertwind III PPC Trust)",-118.258186,35.041496,996.8156128
"Mojave 16, 17 & 18 (Desertwind III PPC Trust)",-118.273186,35.050297,1079.641968
"Mojave 16, 17 & 18 (Desertwind III PPC Trust)",-118.263786,35.048195,1042.987915
"Mojave 16, 17 & 18 (Desertwind III PPC Trust)",-118.269188,35.050694,1068.128662
"Mojave 16, 17 & 18 (Desertwind III PPC Trust)",-118.274689,35.039394,1043.677124
"Mojave 16, 17 & 18 (Desertwind III PPC Trust)",-118.274391,35.039696,1043.479736
"Mojave 16, 17 & 18 (Desertwind III PPC Trust)",-118.267685,35.052593,1080.857422
"Mojave 16, 17 & 18 (Desertwind III PPC Trust)",-118.268486,35.042496,1040.019897
"Mojave 16, 17 & 18 (Desertwind III PPC Trust)",-118.281586,35.039993,1061.397949
"Mojave 16, 17 & 18 (Desertwind III PPC Trust)",-118.28299,35.042896,1080.910767
"Mojave 16, 17 & 18 (Desertwind III PPC Trust)",-118.264091,35.047894,1044.058716
"Mojave 16, 17 & 18 (Desertwind III PPC Trust)",-118.284187,35.044895,1091.484985
"Mojave 16, 17 & 18 (Desertwind III PPC Trust)",-118.268684,35.042194,1039.026367
"Mojave 16, 17 & 18 (Desertwind III PPC Trust)",-118.291191,35.040295,1089.546021
"Mojave 16, 17 & 18 (Desertwind III PPC Trust)",-118.261787,35.041595,1009.577942
"Mojave 16, 17 & 18 (Desertwind III PPC Trust)",-118.266785,35.044594,1038.881592
"Mojave 16, 17 & 18 (Desertwind III PPC Trust)",-118.266487,35.040394,1024.489258
"Mojave 16, 17 & 18 (Desertwind III PPC Trust)",-118.269989,35.045197,1052.227417
"Mojave 16, 17 & 18 (Desertwind III PPC Trust)",-118.284386,35.044697,1090.640259
"Mojave 16, 17 & 18 (Desertwind III PPC Trust)",-118.282089,35.039394,1059.935547
"Mojave 16, 17 & 18 (Desertwind III PPC Trust)",-118.264587,35.047295,1040.351929
"Mojave 16, 17 & 18 (Desertwind III PPC Trust)",-118.264885,35.051895,1063.470215
"Mojave 16, 17 & 18 (Desertwind III PPC Trust)",-118.270988,35.043896,1051.618408
"Mojave 16, 17 & 18 (Desertwind III PPC Trust)",-118.270187,35.049397,1067.893799
"Mojave 16, 17 & 18 (Desertwind III PPC Trust)",-118.27739,35.045197,1077.699707
"Mojave 16, 17 & 18 (Desertwind III PPC Trust)",-118.268387,35.051594,1076.282471
"Mojave 16, 17 & 18 (Desertwind III PPC Trust)",-118.267288,35.043995,1039.628296
"Mojave 16, 17 & 18 (Desertwind III PPC Trust)",-118.266685,35.040096,1024.146484
"Mojave 16, 17 & 18 (Desertwind III PPC Trust)",-118.287285,35.044895,1104.110229
"Mojave 16, 17 & 18 (Desertwind III PPC Trust)",-118.268486,35.046993,1048.509521
Montague,-120.103584,45.588955,302.1686401
Montague,-120.145752,45.538685,364.7518005
Montague,-120.095047,45.503963,414.4720154
Montague,-120.097481,45.501114,418.1986694
Montague,-120.10434,45.56023,324.4766846
Montague,-120.09996,45.495518,428.4115906
Montague,-120.104973,45.548222,328.5456848
Montague,-120.126572,45.503296,428.1471863
Montague,-120.126633,45.549038,337.5836487
Montague,-120.127907,45.543468,345.3894653
Montague,-120.148125,45.541523,362.7987976
Montague,-120.103676,45.556046,325.0568237
Montague,-120.126724,45.546036,340.2215271
Montague,-120.105789,45.583603,321.9321899
Montague,-120.105614,45.550968,327.1466675
Montague,-120.120415,45.580952,312.52948
Montague,-120.145195,45.551937,354.5665894
Montague,-120.087799,45.512871,402.8287659
Montague,-120.138519,45.555092,347.2947998
Montague,-120.101166,45.56879,316.0578613
Montague,-120.143883,45.559593,341.0094604
Montague,-120.129684,45.560104,339.3725891
Montague,-120.126259,45.512856,410.5747681
Montague,-120.102226,45.492104,437.8020325
Montague,-120.116417,45.565891,320.2472839
Montague,-120.147095,45.544338,360.0826111
Montague,-120.11364,45.572552,314.0984497
Montague,-120.123428,45.562508,334.9569092
Montague,-120.126244,45.509949,416.5971985
Montague,-120.126656,45.500118,437.2967529
Montague,-120.092896,45.506783,412.1638184
Montague,-120.098564,45.498192,420.8476868
Montague,-120.144539,45.533096,368.8119812
Montague,-120.074936,45.53294,383.2033386
Montague,-120.143936,45.563007,338.4403076
Montague,-120.119583,45.586414,306.4937439
Montague,-120.129288,45.540474,350.3208313
Montague,-120.090752,45.509907,407.2453308
Montague,-120.102226,45.563366,334.4553528
Montague,-120.143845,45.565983,336.512085
Montague,-120.146118,45.547565,356.9892883
Montague,-120.128067,45.538158,365.9832458
Montague,-120.099724,45.571323,316.1408081
Montague,-120.10051,45.566044,333.4199829
Montague,-120.075752,45.535778,373.0350952
Montague,-120.120148,45.58342,310.4973755
Montague,-120.126427,45.497177,444.1578369
Montague,-120.07563,45.530296,389.7711792
Montague,-120.126915,45.551998,336.7805786
Montague,-120.126671,45.506462,421.355835
Montague,-120.113007,45.575535,311.4532776
Montague,-120.079636,45.538918,364.648407
Montague,-120.082253,45.51535,394.4984436
Montague,-120.144241,45.535976,366.3325806
Montague,-120.097549,45.573399,308.0861511
Montague,-120.120689,45.577217,313.7747803
Montezuma,-121.792686,38.167095,67.683815
Montezuma,-121.797287,38.165497,69.19457245
Montezuma,-121.792786,38.159595,74.24076843
Montezuma,-121.800591,38.166294,62.32846069
Montezuma,-121.799187,38.172394,51.40304565
Montezuma,-121.801285,38.162697,63.98705292
Montezuma,-121.801689,38.150894,76.14614105
Montezuma,-121.801888,38.153694,72.70877075
Montezuma,-121.799583,38.157894,63.39812088
Montezuma,-121.797287,38.156094,75.30493927
Montezuma,-121.792885,38.152195,76.46789551
Montezuma,-121.797287,38.161896,67.50684357
Montezuma,-121.792786,38.162594,67.3245697
Montezuma,-121.798691,38.169697,57.59413147
Montezuma,-121.793083,38.156395,73.35662842
Montezuma,-121.792786,38.172295,59.63261032
Montezuma Winds II,-121.799583,38.115295,81.94076538
Montezuma Winds II,-121.85009,38.103794,71.61624146
Montezuma Winds II,-121.805183,38.119495,79.91324615
Montezuma Winds II,-121.798889,38.112797,71.76438141
Montezuma Winds II,-121.809586,38.116894,81.55535126
Montezuma Winds II,-121.83989,38.100395,77.4455719
Montezuma Winds II,-121.823586,38.129093,82.33504486
Montezuma Winds II,-121.815491,38.129494,80.65481567
Montezuma Winds II,-121.818687,38.126797,82.75035858
Montezuma Winds II,-121.820686,38.127895,83.20363617
Montezuma Winds II,-121.84639,38.106396,77.15895844
Montezuma Winds II,-121.818184,38.119095,80.95269012
Montezuma Winds II,-121.83609,38.104294,74.93436432
Montezuma Winds II,-121.841286,38.102596,70.74920654
Montezuma Winds II,-121.820389,38.138096,84.84680939
Montezuma Winds II,-121.805687,38.113895,74.69561768
Montezuma Winds II,-121.84919,38.100494,66.5962677
Montezuma Winds II,-121.845688,38.100094,66.20813751
Montezuma Winds II,-121.825287,38.130295,85.96109009
Montezuma Winds II,-121.803986,38.117695,84.14280701
Montezuma Winds II,-121.818489,38.136597,82.40342712
Montezuma Winds II,-121.810387,38.119095,79.60219574
Montezuma Winds II,-121.817963,38.11639,78.0116272
Montezuma Winds II,-121.817886,38.131794,80.47592163
Montezuma Winds II,-121.81279,38.125397,70.15113068
Montezuma Winds II,-121.805084,38.111397,78.36222839
Montezuma Winds II,-121.816689,38.135197,85.18933868
Montezuma Winds II,-121.827286,38.135094,81.65583801
Montezuma Winds II,-121.813187,38.119797,76.25296021
Montezuma Winds II,-121.822189,38.124096,84.69541931
Montezuma Winds II,-121.836784,38.106495,78.86968994
Montezuma Winds II,-121.801186,38.116894,77.64131165
Montezuma Winds II,-121.825386,38.133595,82.06783295
Montezuma Winds II,-121.841888,38.106194,76.08037567
Mountain Breeze,-104.059624,40.997238,1647.903564
Mountain Breeze,-103.998192,40.949108,1642.334839
Mountain Breeze,-103.979004,40.990154,1630.83313
Mountain Breeze,-104.006935,40.993046,1631.022339
Mountain Breeze,-104.003372,40.972607,1642.300903
Mountain Breeze,-103.983704,40.985535,1631.676392
Mountain Breeze,-104.045456,40.981182,1664.825562
Mountain Breeze,-104.036514,40.996933,1643.685303
Mountain Breeze,-103.995674,40.924793,1627.922852
Mountain Breeze,-104.031219,40.986027,1643.800293
Mountain Breeze,-103.981079,40.941196,1637.737671
Mountain Breeze,-103.993057,40.997066,1622.437744
Mountain Breeze,-104.00766,40.946663,1648.184204
Mountain Breeze,-104.015854,40.980507,1637.983643
Mountain Breeze,-104.015419,40.942776,1659.09021
Mountain Breeze,-104.062767,40.975647,1657.822266
Mountain Breeze,-103.974007,40.942646,1633.209473
Mountain Breeze,-104.055565,40.978447,1657.310425
Mountain Breeze,-104.065018,40.986179,1664.807007
Mountain Breeze,-104.035347,40.928131,1648.887573
Mountain Breeze,-103.988243,40.951466,1640.643799
Mountain Breeze,-103.997978,40.933224,1628.354004
Mountain Breeze,-103.998268,40.978214,1638.271973
Mountain Breeze,-103.997719,40.995766,1627.658936
Mountain Breeze,-104.025116,40.961628,1651.007568
Mountain Breeze,-104.004082,40.918037,1632.564453
Mountain Breeze,-104.050102,40.979607,1655.253784
Mountain Breeze,-104.01915,40.965717,1650.294922
Mountain Breeze,-104.074234,40.999866,1656.605713
Mountain Breeze,-104.008209,40.969543,1641.036377
Mountain Breeze,-104.083694,40.996674,1670.011353
Mountain Breeze,-103.987129,40.940102,1641.067261
Mountain Breeze,-104.022331,40.978897,1641.565674
Mountain Breeze,-104.026085,40.975452,1646.559692
Mountain Breeze,-104.040604,40.982731,1651.183472
Mountain Breeze,-104.027214,40.931484,1648.135742
Mountain Breeze,-103.983154,40.999386,1621.455444
Mountain Breeze,-103.983147,40.952602,1633.220703
Mountain Breeze,-104.035919,40.984268,1648.40564
Mountain Breeze,-103.993156,40.980621,1637.547119
Mountain Breeze,-104.0028,40.947941,1649.626587
Mountain Breeze,-104.026909,40.989868,1638.574707
Mountain Breeze,-104.021683,40.939266,1649.310425
Mountain Breeze,-104.040787,40.926521,1653.473511
Mountain Breeze,-104.021362,40.991493,1632.384155
Mountain Breeze,-103.988441,40.982635,1635.170898
Mountain Breeze,-104.01223,40.984142,1639.127441
Mountain Breeze,-104.046394,40.925106,1654.55835
Mountain Breeze,-104.031059,40.997459,1645.484131
Mountain Breeze,-103.988144,40.998196,1620.604126
Mountain Breeze,-104.012566,40.966637,1644.940918
Mountain Breeze,-104.078339,40.998409,1659.699585
Mountain Breeze,-103.993217,40.950844,1639.222412
Mountain Breeze,-104.024452,40.935444,1647.167725
Mountain Breeze,-104.063133,40.989799,1658.097534
Mountain Breeze,-103.992973,40.938877,1639.072754
Mountain Breeze,-104.002281,40.994637,1625.848267
Mountain Breeze,-104.070068,40.985706,1666.227905
Mountain Breeze,-104.061539,40.993542,1654.118286
Mountain Breeze,-103.973534,40.991543,1633.446899
Mountain Breeze,-104.025284,40.998398,1640.545044
Mountain Breeze,-103.999466,40.921532,1631.375244
Mountain Home,-115.480385,43.058193,975.6412964
Mountain Home,-115.465691,43.027294,960.2652588
Mountain Home,-115.482986,43.047695,966.8076782
Mountain Home,-115.463684,43.036793,965.2169189
Mountain Home,-115.481789,43.050594,969.3306274
Mountain Home,-115.483589,43.046295,965.5539551
Mountain Home,-115.484283,43.044895,964.1213379
Mountain Home,-115.463783,43.035294,963.3771362
Mountain Home,-115.46479,43.029495,960.8814697
Mountain Home,-115.466789,43.025894,959.9584351
Mountain Home,-115.480484,43.053593,972.4028931
Mountain Home,-115.464485,43.030895,961.7002563
Mountain Home,-115.482285,43.049095,968.1658325
Mountain Home,-115.480789,43.052193,970.7429199
Mountain Home,-115.464088,43.033894,962.4925537
Mountain Home,-115.480286,43.056595,974.6739502
Mountain Home,-115.468788,43.023094,957.8956909
Mountain Home,-115.480385,43.055096,973.3376465
Mountain Home,-115.467789,43.024494,959.8844604
Mountain Home,-115.464287,43.032394,962.1932983
Mountain View IV,-116.574692,33.885494,236.6268768
Mountain View IV,-116.563286,33.880394,217.1654205
Mountain View IV,-116.56369,33.879295,216.7002258
Mountain View IV,-116.555786,33.886494,209.3927155
Mountain View IV,-116.564491,33.877296,216.4963531
Mountain View IV,-116.564087,33.878296,216.9239655
Mountain View IV,-116.568985,33.882595,226.7731934
Mountain View IV,-116.556786,33.879093,206.5766602
Mountain View IV,-116.561188,33.887596,217.6490936
Mountain View IV,-116.550087,33.883995,200.1222382
Mountain View IV,-116.569885,33.880596,226.5398407
Mountain View IV,-116.561989,33.884495,217.4279785
Mountain View IV,-116.566689,33.887596,225.6708527
Mountain View IV,-116.573685,33.887695,236.4645538
Mountain View IV,-116.562592,33.882397,217.1566315
Mountain View IV,-116.550087,33.881393,199.0063629
Mountain View IV,-116.575188,33.884396,236.8348846
Mountain View IV,-116.562286,33.883396,217.3110046
Mountain View IV,-116.550087,33.880493,198.4815063
Mountain View IV,-116.556686,33.880096,206.9754944
Mountain View IV,-116.556488,33.881195,207.4828644
Mountain View IV,-116.564888,33.876293,216.9915924
Mountain View IV,-116.569489,33.881596,227.1157074
Mountain View IV,-116.568085,33.884594,226.7063599
Mountain View IV,-116.568489,33.883595,226.301712
Mountain View IV,-116.550087,33.884796,201.2432251
Mountain View IV,-116.556931,33.878021,206.4767151
Mountain View IV,-116.550087,33.883095,200.4335938
Mountain View IV,-116.555885,33.885395,208.83815
Mountain View IV,-116.550087,33.877895,197.4248505
Mountain View IV,-116.550087,33.887394,202.5423889
Mountain View IV,-116.550087,33.882195,199.4377289
Mountain View IV,-116.55619,33.883293,208.1953278
Mountain View IV,-116.550087,33.878796,197.8038635
Mountain View IV,-116.550087,33.885696,201.6064301
Mountain View IV,-116.565285,33.875294,216.5724335
Mountain View IV,-116.556091,33.884396,208.4873047
Mountain View IV,-116.567184,33.886597,226.0023041
Mountain View IV,-116.574188,33.886597,236.1490631
Mountain View IV,-116.570389,33.879597,226.9459534
Mountain View IV,-116.550087,33.886597,201.8172302
Mountain View IV,-116.56179,33.885494,217.5261078
Mountain View IV,-116.555687,33.887493,210.0557404
Mountain View IV,-116.575691,33.883293,237.6159058
Mountain View IV,-116.561485,33.886494,217.4388885
Mountain View IV,-116.550102,33.879639,198.5259552
Mountain View IV,-116.567589,33.885593,226.2953491
Mountain View IV,-116.562988,33.881393,217.0891418
Mountain View IV,-116.556389,33.882195,208.355957
Mountain View Power Partners I & II,-116.584938,33.893116,258.7644653
Mountain View Power Partners I & II,-116.600571,33.902328,288.710083
Mountain View Power Partners I & II,-116.585388,33.891396,259.3047791
Mountain View Power Partners I & II,-116.608932,33.902992,304.9175415
Mountain View Power Partners I & II,-116.608932,33.904209,308.9971008
Mountain View Power Partners I & II,-116.580833,33.891487,252.4107513
Mountain View Power Partners I & II,-116.585075,33.892536,258.9299316
Mountain View Power Partners I & II,-116.580986,33.890797,251.8433075
Mountain View Power Partners I & II,-116.608925,33.906044,312.0294495
Mountain View Power Partners I & II,-116.608932,33.904831,309.8155212
Mountain View Power Partners I & II,-116.580643,33.892208,252.4313202
Mountain View Power Partners I & II,-116.60894,33.906647,312.9274292
Mountain View Power Partners I & II,-116.628914,33.913517,368.3534546
Mountain View Power Partners I & II,-116.581184,33.890095,251.6069183
Mountain View Power Partners I & II,-116.608932,33.903614,307.8485413
Mountain View Power Partners I & II,-116.600571,33.901691,288.152832
Mountain View Power Partners I & II,-116.585289,33.891994,259.2828064
Mountain View Power Partners I & II,-116.608917,33.905437,310.8265991
Mountain View Power Partners I & II,-116.58139,33.889397,251.8800201
Mountain View Power Partners III,-116.595787,33.907696,285.362915
Mountain View Power Partners III,-116.591591,33.914097,302.4370117
Mountain View Power Partners III,-116.591591,33.921295,299.9744873
Mountain View Power Partners III,-116.591591,33.916664,300.1514587
Mountain View Power Partners III,-116.58709,33.916996,284.3294067
Mountain View Power Partners III,-116.58709,33.920197,284.9078369
Mountain View Power Partners III,-116.591568,33.916042,302.9656677
Mountain View Power Partners III,-116.591591,33.917896,297.1828918
Mountain View Power Partners III,-116.58709,33.913795,291.6664429
Mountain View Power Partners III,-116.58709,33.915096,290.5240784
Mountain View Power Partners III,-116.587044,33.913212,291.7107544
Mountain View Power Partners III,-116.591591,33.914696,306.1478271
Mountain View Power Partners III,-116.591591,33.918594,294.8414917
Mountain View Power Partners III,-116.595787,33.909794,286.9244995
Mountain View Power Partners III,-116.58709,33.914494,291.480011
Mountain View Power Partners III,-116.591591,33.919193,294.9840088
Mountain View Power Partners III,-116.595787,33.907097,285.462677
Mountain View Power Partners III,-116.58709,33.918297,281.3383179
Mountain View Power Partners III,-116.591583,33.9198,295.8550415
Mountain View Power Partners III,-116.595787,33.904495,282.1709595
Mountain View Power Partners III,-116.595818,33.908546,286.3050842
Mountain View Power Partners III,-116.595787,33.903896,282.5478821
Mountain View Power Partners III,-116.591591,33.920395,297.790802
Mountain View Power Partners III,-116.58709,33.916393,286.3752136
Mountain View Power Partners III,-116.595802,33.906456,284.9500122
Mountain View Power Partners III,-116.587029,33.915722,287.9819031
Mountain View Power Partners III,-116.595787,33.905796,283.9467163
Mountain View Power Partners III,-116.58709,33.919594,283.289093
Mountain View Power Partners III,-116.595787,33.909195,286.3574219
Mountain View Power Partners III,-116.58709,33.920795,286.1973572
Mountain View Power Partners III,-116.591591,33.915394,305.201355
Mountain View Power Partners III,-116.587059,33.9189,282.2407532
Mountain View Power Partners III,-116.591591,33.917294,298.7622986
Mountain View Power Partners III,-116.595787,33.905193,283.9711609
Mountain View Power Partners Repower,-116.623497,33.91518,364.6568298
Mountain View Power Partners Repower,-116.621796,33.909027,344.2185974
Mountain View Power Partners Repower,-116.6045,33.902576,297.9943848
Mountain View Power Partners Repower,-116.603806,33.9109,303.7950134
Mountain View Power Partners Repower,-116.628448,33.916359,377.2944946
Mountain View Power Partners Repower,-116.617104,33.913837,345.6700745
Mountain View Power Partners Repower,-116.603798,33.90662,300.5563965
Mountain View Power Partners Repower,-116.628189,33.914097,369.2067871
Mountain View Power Partners Repower,-116.628777,33.911476,361.9466553
Mountain View Power Partners Repower,-116.603806,33.90453,299.0608521
Mountain View Power Partners Repower,-116.623558,33.91058,351.6199646
Mountain View Power Partners Repower,-116.61702,33.911537,339.6209106
Mountain View Power Partners Repower,-116.622803,33.913021,356.6908264
Mountain View Power Partners Repower,-116.617027,33.907681,332.3692932
Mountain View Power Partners Repower,-116.62748,33.908997,351.2378235
Mountain View Power Partners Repower,-116.603775,33.90876,302.2957458
Mountain Wind I,-110.508888,41.277493,2264.172363
Mountain Wind I,-110.504189,41.285995,2252.626953
Mountain Wind I,-110.516785,41.283394,2262.385254
Mountain Wind I,-110.518585,41.284695,2262.094482
Mountain Wind I,-110.483986,41.290993,2276.706787
Mountain Wind I,-110.484985,41.292393,2274.883301
Mountain Wind I,-110.514488,41.292694,2246.907227
Mountain Wind I,-110.509285,41.289394,2252.27832
Mountain Wind I,-110.474388,41.287395,2281.036133
Mountain Wind I,-110.520691,41.306694,2235.595703
Mountain Wind I,-110.520287,41.285995,2260.287354
Mountain Wind I,-110.46759,41.292194,2279.093994
Mountain Wind I,-110.519501,41.305161,2235.444092
Mountain Wind I,-110.518188,41.303696,2234.978027
Mountain Wind I,-110.51059,41.278694,2263.248779
Mountain Wind I,-110.485085,41.282894,2284.875
Mountain Wind I,-110.469391,41.293694,2277.7771
Mountain Wind I,-110.505989,41.287292,2251.568359
Mountain Wind I,-110.482986,41.289696,2277.863037
Mountain Wind I,-110.518486,41.295094,2246.247803
Mountain Wind I,-110.481987,41.288296,2279.790771
Mountain Wind I,-110.523788,41.290695,2253.488281
Mountain Wind I,-110.485985,41.293694,2272.399414
Mountain Wind I,-110.520386,41.296494,2245.458252
Mountain Wind I,-110.507286,41.276093,2263.047363
Mountain Wind I,-110.522789,41.288994,2255.061279
Mountain Wind I,-110.512688,41.280293,2260.087891
Mountain Wind I,-110.512085,41.291195,2248.351807
Mountain Wind I,-110.485886,41.284695,2282.894775
Mountain Wind II,-110.54039,41.247894,2325.301758
Mountain Wind II,-110.536491,41.273693,2280.287598
Mountain Wind II,-110.544289,41.263992,2296.921631
Mountain Wind II,-110.532684,41.270493,2283.249268
Mountain Wind II,-110.537186,41.257496,2307.639648
Mountain Wind II,-110.531891,41.252792,2310.695801
Mountain Wind II,-110.557388,41.267395,2286.305908
Mountain Wind II,-110.535889,41.256294,2305.230713
Mountain Wind II,-110.557289,41.288296,2262.417725
Mountain Wind II,-110.536385,41.244194,2331.330566
Mountain Wind II,-110.542885,41.262794,2297.176758
Mountain Wind II,-110.547791,41.283894,2262.841797
Mountain Wind II,-110.552887,41.285095,2260.713379
Mountain Wind II,-110.534485,41.255093,2306.44458
Mountain Wind II,-110.55899,41.289795,2261.145752
Mountain Wind II,-110.560791,41.282593,2267.730469
Mountain Wind II,-110.56089,41.278595,2270.7854
Mountain Wind II,-110.54464,41.281052,2271.371826
Mountain Wind II,-110.554192,41.286293,2261.833496
Mountain Wind II,-110.560387,41.274895,2279.275146
Mountain Wind II,-110.556686,41.265495,2289.706299
Mountain Wind II,-110.537689,41.245396,2329.65332
Mountain Wind II,-110.558586,41.273693,2282.315186
Mountain Wind II,-110.529587,41.267593,2289.454834
Mountain Wind II,-110.56179,41.276093,2274.06958
Mountain Wind II,-110.539886,41.259995,2304.863525
Mountain Wind II,-110.53849,41.258694,2308.318604
Mountain Wind II,-110.54644,41.2827,2268.165283
Mountain Wind II,-110.530586,41.251495,2312.51001
Mountain Wind II,-110.529289,41.250294,2314.060303
Mountain Wind II,-110.539185,41.276196,2276.85376
Mountain Wind II,-110.56089,41.280594,2269.884033
Mountain Wind II,-110.537888,41.274895,2279.137695
Mountain Wind II,-110.539085,41.246593,2327.672363
Mountain Wind II,-110.541939,41.278618,2272.981934
Mountain Wind II,-110.531387,41.269295,2286.371582
Mountain Wind II,-110.528389,41.266293,2292.008789
Mountain Wind II,-110.543289,41.279793,2272.544434
Musselshell I,-109.470184,46.288895,1286.446777
Musselshell I,-109.471786,46.286991,1287.46167
Musselshell I,-109.474586,46.283295,1294.515259
Musselshell I,-109.46579,46.276993,1320.664917
Musselshell I,-109.475388,46.280994,1301.222412
Musselshell I,-109.467087,46.280594,1305.525024
Musselshell I,-109.474388,46.285492,1291.838257
Musselshell II,-109.494888,46.266193,1340.563477
Musselshell II,-109.501289,46.265892,1343.995483
Musselshell II,-109.490288,46.267094,1339.400635
Musselshell II,-109.48999,46.269394,1336.650269
Musselshell II,-109.506088,46.265293,1343.633179
Musselshell II,-109.520691,46.261395,1320.188354
Musselshell II,-109.514786,46.262295,1349.167358
Mustang Hills,-118.241287,35.027897,933.6679688
Mustang Hills,-118.241188,35.030296,933.305481
Mustang Hills,-118.241188,35.026695,933.5551147
Mustang Hills,-118.241089,35.032795,931.1676636
Mustang Hills,-118.241188,35.029095,933.644165
Mustang Hills,-118.241089,35.031494,933.5893555
NREL - NWTC,-105.227036,39.905067,1851.449463
NREL - NWTC,-105.222687,39.908993,1837.459106
NREL - NWTC,-105.222839,39.906052,1841.445557
NREL - NWTC,-105.223289,39.907795,1839.779785
NREL - NWTC,-105.220001,39.912083,1831.838989
NREL - NWTC,-105.231789,39.911594,1849.811768
Nestle Waters,-116.748489,33.916393,479.5431213
Nestle Waters,-116.751289,33.917595,486.4760132
Nestle Waters II,-116.753098,33.911694,478.7600708
New Mexico Wind Energy Center,-104.06488,34.583218,1484.332275
New Mexico Wind Energy Center,-104.083916,34.549004,1444.908203
New Mexico Wind Energy Center,-104.036102,34.601189,1484.561279
New Mexico Wind Energy Center,-104.087189,34.527992,1410.000732
New Mexico Wind Energy Center,-104.046738,34.587708,1482.250854
New Mexico Wind Energy Center,-104.088409,34.534569,1420.190552
New Mexico Wind Energy Center,-104.064529,34.5812,1481.403076
New Mexico Wind Energy Center,-104.060532,34.587727,1484.460693
New Mexico Wind Energy Center,-104.088287,34.529194,1414.816284
New Mexico Wind Energy Center,-104.0401,34.591404,1480.479126
New Mexico Wind Energy Center,-104.053391,34.586193,1483.146362
New Mexico Wind Energy Center,-104.086449,34.551277,1445.033447
New Mexico Wind Energy Center,-104.088455,34.537415,1426.744019
New Mexico Wind Energy Center,-104.043236,34.589073,1482.248169
New Mexico Wind Energy Center,-104.082123,34.53878,1426.514282
New Mexico Wind Energy Center,-104.082039,34.559521,1451.508179
New Mexico Wind Energy Center,-104.036438,34.598927,1483.890991
New Mexico Wind Energy Center,-104.077621,34.570103,1464.613403
New Mexico Wind Energy Center,-104.08654,34.539982,1428.001831
New Mexico Wind Energy Center,-104.036873,34.596985,1482.173462
New Mexico Wind Energy Center,-104.065514,34.578472,1478.694946
New Mexico Wind Energy Center,-104.08419,34.562595,1455.767578
New Mexico Wind Energy Center,-104.057304,34.586655,1483.895508
New Mexico Wind Energy Center,-104.080894,34.558193,1449.999878
New Mexico Wind Energy Center,-104.086433,34.557774,1451.764404
New Mexico Wind Energy Center,-104.083649,34.560425,1452.799561
New Mexico Wind Energy Center,-104.035637,34.595768,1480.775391
New Mexico Wind Energy Center,-104.071106,34.573845,1468.985718
New Mexico Wind Energy Center,-104.084732,34.550526,1444.748657
New Mexico Wind Energy Center,-104.074425,34.570305,1464.977051
New Mexico Wind Energy Center,-104.087906,34.5522,1442.79126
New Mexico Wind Energy Center,-104.083626,34.541634,1432.116089
New Mexico Wind Energy Center,-104.036293,34.592995,1479.703369
New Mexico Wind Energy Center,-104.085625,34.554367,1448.558594
New Mexico Wind Energy Center,-104.068085,34.57597,1472.290283
New Mexico Wind Energy Center,-104.081238,34.546932,1442.512207
New Mexico Wind Energy Center,-104.065964,34.584618,1487.468384
New Mexico Wind Energy Center,-104.036964,34.602604,1483.845703
New Mexico Wind Energy Center,-104.079292,34.571095,1466.322266
New Mexico Wind Energy Center,-104.088364,34.531948,1417.106567
New Mexico Wind Energy Center,-104.071609,34.571232,1466.868408
New Mexico Wind Energy Center,-104.086548,34.555763,1448.936768
New Mexico Wind Energy Center,-104.081596,34.568932,1462.358398
New Mexico Wind Energy Center,-104.080917,34.537376,1424.371826
New Mexico Wind Energy Center,-104.067299,34.586025,1488.821655
New Mexico Wind Energy Center,-104.083191,34.547493,1443.609741
New Mexico Wind Energy Center,-104.081192,34.543995,1440.226929
New Mexico Wind Energy Center,-104.049934,34.585804,1481.001709
New Mexico Wind Energy Center,-104.082916,34.566242,1459.251221
New Mexico Wind Energy Center,-104.037094,34.604496,1485.448486
Nine Canyon,-119.108948,46.081257,592.7716064
Nine Canyon,-119.078987,46.091892,496.0661011
Nine Canyon,-119.090385,46.095394,541.9171143
Nine Canyon,-119.110527,46.082073,592.0115967
Nine Canyon,-119.108986,46.101093,589.5169678
Nine Canyon,-119.086037,46.108459,382.7058411
Nine Canyon,-119.103432,46.076977,555.3659058
Nine Canyon,-119.078384,46.106735,383.0761414
Nine Canyon,-119.107323,46.080433,583.1550903
Nine Canyon,-119.086288,46.094193,521.4133301
Nine Canyon,-119.096985,46.098392,569.5829468
Nine Canyon,-119.100784,46.099094,578.9119873
Nine Canyon,-119.073349,46.105625,379.822113
Nine Canyon,-119.114799,46.101917,585.8389893
Nine Canyon,-119.088585,46.094795,536.8015747
Nine Canyon,-119.068962,46.104637,380.000824
Nine Canyon,-119.080353,46.107182,383.8734436
Nine Canyon,-119.112106,46.082874,589.8157959
Nine Canyon,-119.106445,46.078758,568.7001343
Nine Canyon,-119.105118,46.10046,583.2330322
Nine Canyon,-119.080788,46.092495,508.4060669
Nine Canyon,-119.093483,46.097294,556.3009033
Nine Canyon,-119.112885,46.101593,592.6478271
Nine Canyon,-119.095085,46.097996,563.4104004
Nine Canyon,-119.082245,46.107597,385.3289185
Nine Canyon,-119.088425,46.108582,383.3440857
Nine Canyon,-119.104881,46.07793,560.0413208
Nine Canyon,-119.09211,46.096073,549.4379883
Nine Canyon,-119.110985,46.101295,592.5588379
Nine Canyon,-119.070824,46.105042,379.1502991
Nine Canyon,-119.084129,46.108013,383.6488953
Nine Canyon,-119.098885,46.098694,572.8569946
Nine Canyon,-119.102882,46.099293,580.1921387
Nine Canyon,-119.075218,46.106041,381.3359375
Nine Canyon,-119.082588,46.092995,512.6239014
Nine Canyon,-119.107086,46.100796,585.814209
Nine Canyon,-119.084488,46.093594,514.439209
Nine Canyon II,-119.147285,46.105793,531.984375
Nine Canyon II,-119.143684,46.104996,559.9771729
Nine Canyon II,-119.154388,46.109592,499.1162415
Nine Canyon II,-119.155884,46.110195,502.3822021
Nine Canyon II,-119.15049,46.107193,509.4732361
Nine Canyon II,-119.152985,46.109093,501.9724121
Nine Canyon II,-119.151588,46.108093,504.0716248
Nine Canyon II,-119.149185,46.106094,518.8362427
Nine Canyon II,-119.145386,46.105595,545.7342529
Nine Canyon II,-119.142288,46.104492,571.0425415
Nine Canyon II,-119.140884,46.103992,588.868042
Nine Canyon II,-119.158089,46.110394,495.4535522
Nine Canyon III,-119.129135,46.118526,367.4454956
Nine Canyon III,-119.075989,46.091293,475.4932556
Nine Canyon III,-119.159988,46.112793,463.4035645
Nine Canyon III,-119.132683,46.119194,362.9337158
Nine Canyon III,-119.136086,46.119995,363.1342468
Nine Canyon III,-119.068687,46.087894,475.3023376
Nine Canyon III,-119.13089,46.093193,618.6755371
Nine Canyon III,-119.136185,46.095394,605.6392822
Nine Canyon III,-119.138687,46.100693,602.4070435
Nine Canyon III,-119.071785,46.089294,478.0863647
Nine Canyon III,-119.162987,46.114494,429.6401978
Nine Canyon III,-119.123184,46.094093,627.2675171
Nine Canyon III,-119.144287,46.120995,361.8263855
Nine Canyon III,-119.140205,46.120499,360.5463257
Niyol Wind,-103.034294,40.552757,1364.879028
Niyol Wind,-103.039963,40.549576,1368.546997
Niyol Wind,-102.950119,40.595165,1345.413208
Niyol Wind,-102.974579,40.649471,1344.701294
Niyol Wind,-103.027283,40.605221,1365.056763
Niyol Wind,-102.897659,40.639404,1320.245117
Niyol Wind,-102.956215,40.633221,1344.9375
Niyol Wind,-103.012802,40.603931,1364.712891
Niyol Wind,-102.919952,40.596428,1332.755981
Niyol Wind,-102.950386,40.663448,1330.55896
Niyol Wind,-102.895088,40.705162,1316.78772
Niyol Wind,-103.037636,40.570686,1367.634277
Niyol Wind,-102.958778,40.660133,1334.146729
Niyol Wind,-103.080612,40.519279,1396.007446
Niyol Wind,-102.922874,40.686829,1325.710938
Niyol Wind,-102.996422,40.593838,1360.154419
Niyol Wind,-102.926498,40.633026,1336.690552
Niyol Wind,-102.936554,40.606453,1337.189941
Niyol Wind,-103.022308,40.575054,1359.540405
Niyol Wind,-102.90062,40.713463,1292.621704
Niyol Wind,-103.040955,40.563034,1361.858154
Niyol Wind,-103.032166,40.601711,1370.549438
Niyol Wind,-102.929604,40.685322,1321.49353
Niyol Wind,-102.911125,40.689724,1322.479004
Niyol Wind,-102.986839,40.639732,1347.402344
Niyol Wind,-102.945053,40.667892,1324.33667
Niyol Wind,-102.926247,40.596092,1339.282227
Niyol Wind,-103.068771,40.523464,1385.106689
Niyol Wind,-103.043465,40.523312,1392.417603
Niyol Wind,-102.999237,40.608227,1355.596558
Niyol Wind,-102.969597,40.654884,1337.881958
Niyol Wind,-103.018692,40.60231,1367.504517
Niyol Wind,-102.917648,40.688999,1325.810303
Niyol Wind,-102.978188,40.640682,1344.882446
Niyol Wind,-102.986549,40.625408,1345.872192
Niyol Wind,-102.939423,40.67379,1322.184814
Niyol Wind,-103.034737,40.592999,1372.501587
Niyol Wind,-103.058792,40.531921,1386.396973
Niyol Wind,-102.89753,40.689899,1317.155884
Niyol Wind,-103.06356,40.527599,1389.352661
Niyol Wind,-102.970291,40.623592,1350.82019
Niyol Wind,-102.974586,40.589096,1355.225098
Niyol Wind,-102.978897,40.625301,1346.780151
Niyol Wind,-102.871727,40.700485,1310.568115
Niyol Wind,-102.875496,40.707973,1298.389038
Niyol Wind,-102.914803,40.699253,1309.680176
Niyol Wind,-103.036995,40.523418,1390.028809
Niyol Wind,-102.993675,40.614361,1350.352173
Niyol Wind,-103.02121,40.53632,1370.064453
Niyol Wind,-103.024895,40.529427,1374.80603
Niyol Wind,-103.025558,40.582073,1366.665649
Niyol Wind,-102.906517,40.71405,1296.116943
Niyol Wind,-102.931267,40.593479,1338.230713
Niyol Wind,-102.959023,40.593971,1349.557617
Niyol Wind,-102.96524,40.659985,1333.39624
Niyol Wind,-102.863998,40.701691,1308.370972
Niyol Wind,-102.966263,40.61552,1346.360962
Niyol Wind,-102.923134,40.608196,1333.611938
Niyol Wind,-102.958847,40.615192,1346.220215
Niyol Wind,-103.003151,40.58617,1367.456055
Niyol Wind,-102.93676,40.68124,1320.396729
Niyol Wind,-103.074104,40.519554,1393.164551
Niyol Wind,-102.85807,40.706089,1305.248535
Niyol Wind,-103.006088,40.607197,1361.677124
Niyol Wind,-103.030319,40.523529,1382.279175
Niyol Wind,-102.909073,40.637035,1328.280518
Niyol Wind,-102.940773,40.600849,1339.869873
Niyol Wind,-102.996956,40.623947,1348.112915
Niyol Wind,-102.984192,40.588406,1358.436157
Niyol Wind,-103.004486,40.622879,1353.075928
Niyol Wind,-102.90432,40.689507,1322.342896
Niyol Wind,-102.903473,40.638935,1324.42334
Niyol Wind,-102.974632,40.617496,1352.292236
Niyol Wind,-103.012436,40.586353,1364.002686
North Hurlburt,-120.083984,45.748894,206.8262482
North Hurlburt,-120.064789,45.730194,211.8083038
North Hurlburt,-120.065285,45.727993,217.495575
North Hurlburt,-120.063484,45.723995,218.1337891
North Hurlburt,-120.043587,45.737392,190.3903503
North Hurlburt,-120.074486,45.739292,204.9781647
North Hurlburt,-120.042587,45.735394,189.0310059
North Hurlburt,-120.062988,45.732094,207.5125885
North Hurlburt,-120.058784,45.774395,166.549942
North Hurlburt,-120.068184,45.737293,202.8510895
North Hurlburt,-120.089188,45.754795,202.3171539
North Hurlburt,-120.057487,45.769695,173.3577118
North Hurlburt,-120.086487,45.750893,207.611557
North Hurlburt,-120.062782,45.722195,219.9547119
North Hurlburt,-120.057693,45.772125,169.6079102
North Hurlburt,-120.079887,45.744793,204.2961884
North Hurlburt,-120.077789,45.742794,205.5218964
North Hurlburt,-120.063286,45.733994,203.8395844
North Hurlburt,-120.082184,45.746895,206.0050812
North Hurlburt,-120.09079,45.756596,202.6299286
North Hurlburt,-120.064285,45.725994,218.277359
North Hurlburt,-120.075684,45.740795,205.3533936
North Hurlburt,-120.046989,45.775993,164.5427094
North Hurlburt,-120.088188,45.752792,205.6630859
North Sky River,-118.179489,35.294296,1203.279907
North Sky River,-118.15699,35.369495,1447.755859
North Sky River,-118.223785,35.298794,1349.468628
North Sky River,-118.221985,35.301296,1342.234131
North Sky River,-118.178085,35.366295,1439.371948
North Sky River,-118.204285,35.354794,1259.307617
North Sky River,-118.169289,35.347195,1307.224243
North Sky River,-118.170189,35.299095,1198.833374
North Sky River,-118.184586,35.330196,1175.208862
North Sky River,-118.222488,35.325195,1243.828491
North Sky River,-118.205986,35.299595,1325.713989
North Sky River,-118.211891,35.291294,1426.022949
North Sky River,-118.209686,35.340096,1226.112549
North Sky River,-118.227486,35.318497,1283.648804
North Sky River,-118.164787,35.346096,1345.756348
North Sky River,-118.19239,35.309593,1290.903809
North Sky River,-118.183891,35.317894,1174.949951
North Sky River,-118.202789,35.302696,1374.929688
North Sky River,-118.20079,35.326393,1147.495239
North Sky River,-118.159187,35.359596,1408.779907
North Sky River,-118.178085,35.323994,1123.215454
North Sky River,-118.177284,35.353294,1334.859253
North Sky River,-118.212288,35.321095,1229.999634
North Sky River,-118.195786,35.334694,1234.010132
North Sky River,-118.179588,35.361897,1384.50415
North Sky River,-118.170387,35.376095,1428.479614
North Sky River,-118.173386,35.359295,1405.830811
North Sky River,-118.207191,35.294094,1411.961426
North Sky River,-118.186539,35.347855,1319.12793
North Sky River,-118.21479,35.292896,1366.942505
North Sky River,-118.199692,35.349693,1295.667603
North Sky River,-118.210388,35.338097,1232.364868
North Sky River,-118.161591,35.343697,1417.72876
North Sky River,-118.181145,35.350655,1331.759033
North Sky River,-118.186989,35.356895,1423.772583
North Sky River,-118.20919,35.342194,1221.567017
North Sky River,-118.165688,35.350697,1369.453979
North Sky River,-118.196388,35.336494,1261.63623
North Sky River,-118.176086,35.355194,1343.292358
North Sky River,-118.206589,35.296993,1385.961914
North Sky River,-118.188942,35.345657,1300.163574
North Sky River,-118.17849,35.363693,1404.447754
North Sky River,-118.170586,35.294296,1141.032471
North Sky River,-118.184189,35.360695,1396.087524
North Sky River,-118.175987,35.369194,1442.963623
North Sky River,-118.210091,35.295494,1350.076172
North Sky River,-118.211685,35.324394,1228.029297
North Sky River,-118.174889,35.337597,1248.901611
North Sky River,-118.186691,35.314194,1146.970215
North Sky River,-118.224991,35.303795,1317.255615
North Sky River,-118.193085,35.344196,1396.598999
North Sky River,-118.199287,35.300995,1384.271973
North Sky River,-118.171684,35.364494,1423.870972
North Sky River,-118.167885,35.328693,1217.950928
North Sky River,-118.164986,35.348797,1384.342407
North Sky River,-118.167091,35.322895,1207.133423
North Sky River,-118.211784,35.361496,1282.145996
North Sky River,-118.231186,35.316093,1291.765381
North Sky River,-118.157639,35.342457,1350.508423
North Sky River,-118.164688,35.300797,1182.750732
North Sky River,-118.179787,35.371296,1436.053101
North Sky River,-118.19899,35.329094,1184.786621
North Sky River,-118.193192,35.306496,1334.034546
North Sky River,-118.226288,35.306396,1273.429565
North Sky River,-118.176491,35.297497,1216.780151
North Sky River,-118.167786,35.343697,1311.338501
North Sky River,-118.172386,35.320995,1152.538208
North Sky River,-118.188286,35.353695,1417.16272
North Sky River,-118.179192,35.301895,1254.932373
North Sky River,-118.167686,35.324795,1225.958496
North Sky River,-118.15934,35.347458,1428.185181
North Sky River,-118.160889,35.362095,1403.31958
North Sky River,-118.206085,35.291595,1407.060303
North Sky River,-118.179688,35.343594,1273.155151
North Sky River,-118.180984,35.368095,1424.698242
North Sky River,-118.165085,35.352695,1373.899902
North Sky River,-118.181992,35.345997,1317.27771
North Sky River,-118.186989,35.367294,1429.822388
North Sky River,-118.16729,35.355194,1430.989746
North Sky River,-118.186691,35.328495,1164.023926
North Sky River,-118.19239,35.347095,1385.111694
North Sky River,-118.181686,35.358696,1365.73291
North Sky River,-118.179787,35.338997,1245.438477
North Sky River,-118.169685,35.357594,1457.717896
North Sky River,-118.166687,35.326694,1238.540283
North Sky River,-118.20649,35.351093,1269.566284
North Sky River,-118.172188,35.374393,1453.380127
North Sky River,-118.203285,35.359596,1268.816162
North Sky River,-118.181885,35.372993,1442.417969
North Sky River,-118.190788,35.333897,1214.882568
North Sky River,-118.166985,35.366295,1515.148926
North Sky River,-118.184586,35.369896,1413.576538
North Sky River,-118.177887,35.335094,1229.804932
North Sky River,-118.155289,35.366295,1403.896362
North Sky River,-118.174088,35.371796,1465.87793
North Sky River,-118.173286,35.326996,1201.167236
North Sky River,-118.169891,35.292496,1128.42749
North Sky River,-118.22979,35.300995,1326.731445
North Sky River,-118.175987,35.299294,1215.033813
North Sky River,-118.161888,35.365093,1402.93103
Northeast Colorado Wind,-102.926292,40.987194,1309.002319
Northeast Colorado Wind,-102.917587,40.998592,1303.414551
Northeast Colorado Wind,-102.910492,40.991692,1302.263428
Northeast Colorado Wind,-102.801292,40.991592,1285.150513
Northeast Colorado Wind,-102.849487,40.973694,1292.411499
Northeast Colorado Wind,-102.911293,40.960194,1306.810669
Northeast Colorado Wind,-102.927589,40.995293,1311.451904
Northeast Colorado Wind,-102.841988,40.973492,1295.662842
Northeast Colorado Wind,-102.781593,40.999794,1281.149048
Northeast Colorado Wind,-102.917587,40.990494,1303.251099
Northeast Colorado Wind,-102.921989,40.987293,1305.466187
Northeast Colorado Wind,-102.82959,40.988995,1290.472046
Northeast Colorado Wind,-102.820091,40.989895,1286.1604
Northeast Colorado Wind,-102.899292,40.970394,1305.121704
Northeast Colorado Wind,-102.897087,40.988094,1296.962036
Northeast Colorado Wind,-102.925491,40.946095,1310.776611
Northeast Colorado Wind,-102.907387,40.958092,1304.513916
Northeast Colorado Wind,-102.891586,40.987694,1295.315308
Northeast Colorado Wind,-102.84359,40.985794,1286.985107
Northeast Colorado Wind,-102.812592,40.989292,1287.529053
Northeast Colorado Wind,-102.862587,40.975494,1293.131836
Northeast Colorado Wind,-102.823593,40.989391,1287.227051
Northeast Colorado Wind,-102.928192,40.966293,1310.230347
Northeast Colorado Wind,-102.912392,40.971592,1305.784424
Northeast Colorado Wind,-102.862289,40.987892,1288.22998
Northeast Colorado Wind,-102.839592,40.976494,1293.030151
Northeast Colorado Wind,-102.931488,40.963795,1310.863892
Northeast Colorado Wind,-102.935791,40.963993,1309.782471
Northeast Colorado Wind,-102.804787,40.992092,1286.290527
Northeast Colorado Wind,-102.899292,40.959991,1309.402588
Northeast Colorado Wind,-102.873993,40.976791,1296.440186
Northeast Colorado Wind,-102.794693,40.982094,1279.765625
Northeast Colorado Wind,-102.919594,40.970291,1312.464844
Northeast Colorado Wind,-102.819893,40.976093,1286.435059
Northeast Colorado Wind,-102.78569,40.999794,1279.277222
Northeast Colorado Wind,-102.839088,40.986195,1289.903442
Northeast Colorado Wind,-102.878189,40.988293,1291.92688
Northeast Colorado Wind,-102.895988,40.961292,1307.155273
Northeast Colorado Wind,-102.89119,40.961494,1306.162354
Northeast Colorado Wind,-102.816193,40.989292,1289.025513
Northeast Colorado Wind,-102.845589,40.973194,1296.348022
Northeast Colorado Wind,-102.833687,40.987095,1290.408813
Northeast Colorado Wind,-102.778191,41.000793,1276.535034
Northeast Colorado Wind,-102.796494,40.997395,1284.831909
Northeast Colorado Wind,-102.922188,40.968391,1309.752563
Northeast Colorado Wind,-102.857391,40.972492,1288.99353
Northeast Colorado Wind,-102.885292,40.973694,1300.272461
Northeast Colorado Wind,-102.907494,40.971191,1302.774048
Northeast Colorado Wind,-102.836487,40.978893,1292.689941
Northeast Colorado Wind,-102.930389,40.989792,1317.606201
Northeast Colorado Wind,-102.80439,40.980793,1280.895752
Northeast Colorado Wind,-102.906487,40.991592,1302.794434
Northeast Colorado Wind,-102.853592,40.974491,1288.883179
Northeast Colorado Wind,-102.868088,40.988194,1289.076904
Northeast Colorado Wind,-102.789589,40.999393,1281.229248
Northeast Colorado Wind,-102.895889,40.971092,1298.197266
Northeast Colorado Wind,-102.915993,40.970993,1310.093018
Northeast Colorado Wind,-102.91729,40.981194,1304.598389
Northeast Colorado Wind,-102.872887,40.987793,1290.508789
Northeast Colorado Wind,-102.930489,40.976791,1308.305542
Northeast Colorado Wind,-102.800888,40.980293,1279.362061
Northeast Colorado Wind,-102.929588,40.983292,1314.694214
Northeast Colorado Wind,-102.809486,40.990494,1285.824829
Northeast Colorado Wind,-102.880089,40.975792,1297.777344
Northeast Colorado Wind,-102.920792,40.962994,1307.475098
Northeast Colorado Wind,-102.922592,40.999893,1312.042358
Northeast Colorado Wind,-102.797188,40.979492,1279.566284
Northeast Colorado Wind,-102.830292,40.973793,1291.110596
Northeast Colorado Wind,-102.882889,40.958492,1289.893311
Northeast Colorado Wind,-102.868393,40.976093,1294.976807
Northeast Colorado Wind,-102.825188,40.976894,1290.005249
Northeast Colorado Wind,-102.886391,40.959293,1294.610474
Northeast Colorado Wind,-102.902191,40.957592,1305.98938
Northeast Colorado Wind,-102.79319,40.998493,1283.137329
Northeast Colorado Wind,-102.933289,40.974491,1314.213135
Northeast Colorado Wind,-102.883492,40.987194,1293.188965
Northeast Colorado Wind,-102.913788,40.981194,1303.391479
Northeast Colorado Wind,-102.921288,40.946194,1314.215332
Northeast Colorado Wind,-102.915993,40.961094,1310.790894
Northeast Colorado Wind,-102.925087,40.997795,1313.885742
Northeast Colorado Wind,-102.891792,40.974594,1295.89917
Oak Creek Energy Systems,-118.354416,35.035809,1286.754761
Oak Creek Energy Systems,-118.353775,35.03339,1273.32251
Oak Creek Energy Systems,-118.36689,35.042095,1402.600708
Oak Creek Energy Systems,-118.378136,35.037628,1504.268311
Oak Creek Energy Systems,-118.366486,35.042625,1390.305054
Oak Creek Energy Systems,-118.377586,35.037933,1501.907104
Oak Creek Energy Systems,-118.353386,35.034424,1274.057861
Oak Creek Energy Systems,-118.352989,35.036034,1276.805054
Oak Creek Energy Systems,-118.377876,35.037804,1503.596313
Oak Creek Energy Systems,-118.347679,35.03426,1279.907715
Oak Creek Energy Systems,-118.349876,35.028629,1295.876587
Oak Creek Wind Power Phase 2,-118.353485,35.038296,1276.136475
Oak Creek Wind Power Phase 2,-118.371391,35.039597,1416.539795
Oak Creek Wind Power Phase 2,-118.371773,35.039196,1413.009644
Oak Creek Wind Power Phase 2,-118.35704,35.027447,1277.733521
Oak Creek Wind Power Phase 2,-118.370552,35.040379,1427.014282
Oak Creek Wind Power Phase 2,-118.370987,35.039993,1427.986816
Oak Creek Wind Power Phase 2,-118.347588,35.029594,1297.525757
Oak Creek Wind Power Phase 2,-118.346886,35.034496,1279.763184
Oak Creek Wind Power Phase 2,-118.34639,35.034794,1280.030151
Oak Creek Wind Power Phase 2,-118.378563,35.036404,1507.426758
Oak Creek Wind Power Phase 2,-118.353889,35.037895,1275.241089
Oak Creek Wind Power Phase 2,-118.378029,35.037373,1503.889404
Oak Creek Wind Power Phase 2,-118.347404,35.034237,1281.576172
Oak Creek Wind Power Phase 2,-118.376457,35.038113,1490.537354
Oak Creek Wind Power Phase 2,-118.378296,35.036873,1509.780762
Oak Creek Wind Power Phase 2,-118.354187,35.035793,1283.716553
Oak Creek Wind Power Phase 2,-118.379082,35.035324,1512.003052
Oak Creek Wind Power Phase 2,-118.353584,35.026497,1259.87146
Oak Creek Wind Power Phase 2,-118.355209,35.026936,1262.560059
Oak Creek Wind Power Phase 2,-118.379738,35.03442,1521.625732
Oak Creek Wind Power Phase 2,-118.378777,35.035812,1504.6875
Oak Creek Wind Power Phase 2,-118.350189,35.028694,1298.835327
Oak Creek Wind Power Phase 2,-118.354385,35.037495,1283.343872
Oak Creek Wind Power Phase 2,-118.369675,35.041218,1409.908325
Oak Creek Wind Power Phase 2,-118.347092,35.029896,1302.767578
Oak Creek Wind Power Phase 2,-118.347984,35.033997,1275.831299
Oak Creek Wind Power Phase 2,-118.379448,35.034897,1522.527344
Oak Creek Wind Power Phase 2,-118.349686,35.028996,1286.41748
Oak Creek Wind Power Phase 2,-118.350784,35.028496,1289.838501
Oak Creek Wind Power Phase 2,-118.370087,35.040817,1415.499512
Oak Creek Wind Power Phase 2,-118.372086,35.038696,1418.314697
Oak Creek Wind Power Phase 2,-118.349098,35.029205,1281.656494
Oak Creek Wind Power Phase 2,-118.34819,35.029396,1288.584351
Oasis Repowering,-118.293945,35.069565,1260.467285
Oasis Repowering,-118.288094,35.065277,1265.598633
Oasis Repowering,-118.291527,35.063602,1211.192749
Oasis Repowering,-118.29306,35.061859,1207.518066
Oasis Repowering,-118.28405,35.06543,1198.873657
Oasis Repowering,-118.282295,35.062256,1177.410889
Oasis Repowering,-118.297401,35.062019,1256.222778
Oasis Repowering,-118.280792,35.064796,1178.890137
Oasis Repowering,-118.282135,35.057053,1153.796753
Oasis Repowering,-118.304794,35.063168,1261.432495
Oasis Repowering,-118.297028,35.058979,1229.397827
Oasis Repowering,-118.279144,35.066471,1173.143555
Oasis Repowering,-118.301926,35.067024,1289.293701
Oasis Repowering,-118.297623,35.057117,1214.49707
Oasis Repowering,-118.299515,35.06794,1300.973877
Oasis Repowering,-118.303734,35.066334,1286.809692
Ocotillo Wind I,-116.009087,32.758797,122.5431824
Ocotillo Wind I,-116.039185,32.731895,233.1512756
Ocotillo Wind I,-116.041389,32.765194,167.74646
Ocotillo Wind I,-115.979691,32.757896,96.48888397
Ocotillo Wind I,-116.06929,32.725994,324.4559326
Ocotillo Wind I,-116.020187,32.763195,136.516983
Ocotillo Wind I,-116.056786,32.753593,230.9832764
Ocotillo Wind I,-116.065689,32.729794,306.0614624
Ocotillo Wind I,-116.014885,32.763996,128.8784027
Ocotillo Wind I,-116.008492,32.767094,124.9939117
Ocotillo Wind I,-116.069489,32.740894,286.0274353
Ocotillo Wind I,-116.070686,32.758194,255.5788879
Ocotillo Wind I,-115.990387,32.720196,145.1957703
Ocotillo Wind I,-116.004692,32.719654,188.7434082
Ocotillo Wind I,-116.069489,32.756496,262.2181702
Ocotillo Wind I,-116.006989,32.765396,120.7498245
Ocotillo Wind I,-116.076485,32.754196,283.7335205
Ocotillo Wind I,-115.976791,32.762596,96.83179474
Ocotillo Wind I,-116.040886,32.733196,231.8318939
Ocotillo Wind I,-116.085587,32.754795,307.6493225
Ocotillo Wind I,-116.08197,32.751339,309.5766907
Ocotillo Wind I,-116.055084,32.736496,262.3658142
Ocotillo Wind I,-116.006592,32.720795,194.388382
Ocotillo Wind I,-116.045486,32.745995,206.6125946
Ocotillo Wind I,-116.06369,32.751095,255.6938324
Ocotillo Wind I,-116.053589,32.764896,200.0583496
Ocotillo Wind I,-116.041985,32.767395,168.5499573
Ocotillo Wind I,-115.98819,32.764095,104.9897537
Ocotillo Wind I,-115.992287,32.767094,112.9530792
Ocotillo Wind I,-115.97039,32.756695,91.06361389
Ocotillo Wind I,-116.060585,32.745193,246.531723
Ocotillo Wind I,-116.033081,32.738369,202.7567902
Ocotillo Wind I,-116.050491,32.760593,197.1718292
Ocotillo Wind I,-116.044487,32.727493,256.9564514
Ocotillo Wind I,-116.05529,32.751095,227.3540497
Ocotillo Wind I,-116.090691,32.737797,356.8069763
Ocotillo Wind I,-115.987991,32.713795,161.1074371
Ocotillo Wind I,-116.099991,32.735596,397.3633423
Ocotillo Wind I,-115.978889,32.763996,99.85562897
Ocotillo Wind I,-116.073586,32.761696,254.6631165
Ocotillo Wind I,-116.066689,32.765194,227.713913
Ocotillo Wind I,-116.089691,32.734295,361.4306335
Ocotillo Wind I,-116.053688,32.734596,260.8794556
Ocotillo Wind I,-116.046486,32.739494,229.1263885
Ocotillo Wind I,-116.028885,32.766796,150.5653381
Ocotillo Wind I,-115.97229,32.758797,94.46253204
Ocotillo Wind I,-115.986786,32.711796,157.6974945
Ocotillo Wind I,-116.078491,32.755295,284.3725891
Ocotillo Wind I,-116.022186,32.758995,140.8757629
Ocotillo Wind I,-116.051895,32.746815,225.5192261
Ocotillo Wind I,-116.046288,32.751396,202.1698761
Ocotillo Wind I,-116.033287,32.759193,161.8785095
Ocotillo Wind I,-116.024185,32.738297,184.2325134
Ocotillo Wind I,-116.071991,32.760094,254.2052612
Ocotillo Wind I,-116.058891,32.739994,257.2512512
Ocotillo Wind I,-115.999191,32.763294,112.4295197
Ocotillo Wind I,-115.996704,32.707851,202.4018402
Ocotillo Wind I,-115.993088,32.711555,181.753479
Ocotillo Wind I,-116.03569,32.760395,163.9306641
Ocotillo Wind I,-116.088989,32.751793,325.4468689
Ocotillo Wind I,-116.068291,32.737694,284.8019714
Ocotillo Wind I,-116.048187,32.740993,228.0154419
Ocotillo Wind I,-115.985657,32.707035,170.1959839
Ocotillo Wind I,-116.04879,32.758896,193.2030487
Ocotillo Wind I,-116.049286,32.742794,225.5018005
Ocotillo Wind I,-116.046387,32.754894,197.3155365
Ocotillo Wind I,-116.06739,32.734196,293.8043213
Ocotillo Wind I,-116.07489,32.731094,316.3913879
Ocotillo Wind I,-116.056389,32.766495,209.4371185
Ocotillo Wind I,-116.071686,32.747795,285.8117981
Ocotillo Wind I,-116.056389,32.738495,257.7023621
Ocotillo Wind I,-116.065186,32.752495,260.3967285
Ocotillo Wind I,-116.083389,32.731297,342.6044312
Ocotillo Wind I,-116.051788,32.762794,197.1794739
Ocotillo Wind I,-116.021385,32.765095,138.9405518
Ocotillo Wind I,-116.029488,32.734997,203.9795074
Ocotillo Wind I,-116.002792,32.71833,181.6678467
Ocotillo Wind I,-115.978889,32.766693,105.0574875
Ocotillo Wind I,-116.069389,32.746696,281.5117188
Ocotillo Wind I,-115.981789,32.760296,99.82740784
Ocotillo Wind I,-116.077896,32.735096,325.6869202
Ocotillo Wind I,-116.023689,32.735596,187.8136749
Ocotillo Wind I,-115.971886,32.761295,99.81632996
Ocotillo Wind I,-116.061188,32.742596,258.6624756
Ocotillo Wind I,-116.07019,32.742695,288.5577087
Ocotillo Wind I,-116.079414,32.757053,282.5564575
Ocotillo Wind I,-116.061989,32.749596,249.8681946
Ocotillo Wind I,-116.047089,32.756996,192.9315643
Ocotillo Wind I,-116.038086,32.761696,167.2542114
Ocotillo Wind I,-116.060684,32.748295,247.5742035
Ocotillo Wind I,-116.071487,32.727997,322.3434143
Ocotillo Wind I,-116.05629,32.758396,220.7074432
Ocotillo Wind I,-116.038986,32.763893,164.1347351
Ocotillo Wind I,-116.065186,32.763794,229.9287872
Ocotillo Wind I,-116.000587,32.765095,114.3785934
Ocotillo Wind I,-116.084785,32.741493,335.169281
Ocotillo Wind I,-116.063889,32.762196,233.9225311
Ocotillo Wind I,-116.079887,32.736095,335.2757874
Ocotillo Wind I,-116.083488,32.739197,336.3356323
Ocotillo Wind I,-116.051285,32.744293,227.7406616
Ocotillo Wind I,-115.970688,32.765293,94.73446655
Ocotillo Wind I,-116.100784,32.737797,398.7868652
Ocotillo Wind I,-115.986389,32.709595,164.0314484
Ocotillo Wind I,-116.067085,32.731396,302.4814758
Ocotillo Wind I,-116.024185,32.760494,142.4383698
Ocotillo Wind I,-116.076889,32.732895,322.592804
Ocotillo Wind I,-115.98999,32.765594,108.2529831
Ocotillo Wind I,-116.031792,32.736496,205.9544678
Ocotillo Wind I,-115.996086,32.761993,109.4078445
Ocotillo Wind I,-116.011688,32.760296,124.0569916
Ocotillo Wind I,-116.073189,32.729595,317.1004944
Ocotillo Wind I,-116.053391,32.749096,221.35495
Orchard Wind,-119.467987,45.691944,301.2594299
Orchard Wind,-119.562103,45.64843,296.0210876
Orchard Wind,-119.458366,45.683025,310.0643311
Orchard Wind,-119.559341,45.646511,296.406311
Orchard Wind,-119.564926,45.650394,297.1287842
Orchard Wind,-119.546295,45.637371,305.6995239
Orchard Wind,-119.470375,45.694157,311.9420471
Orchard Wind,-119.465584,45.68972,303.8505859
Orchard Wind,-119.448723,45.67408,315.9758606
Orchard Wind,-119.46315,45.687458,306.5686646
Orchard Wind,-119.453529,45.678535,312.3468018
Orchard Wind,-119.543846,45.635738,305.58078
Orchard Wind,-119.451103,45.676296,314.4894714
Orchard Wind,-119.541389,45.63398,310.5985413
Orchard Wind,-119.548569,45.639046,309.2463684
Orchard Wind,-119.556831,45.644753,297.5915833
Oregon Trail,-114.990288,42.844593,1035.198486
Oregon Trail,-114.990288,42.833595,1034.114746
Oregon Trail,-114.990288,42.846992,1032.800171
Oregon Trail,-114.990288,42.830692,1035.757568
Oregon Trail,-114.990288,42.839294,1033.592285
Oregon Trail,-114.990288,42.842194,1031.473022
Oregon Trail,-114.990288,42.849396,1033.005249
Oregon Trail,-114.990387,42.836395,1033.872192
Oregon Trail,-114.990288,42.827793,1038.119995
Oso Grande,-103.769318,33.046406,1330.469116
Oso Grande,-103.790367,33.078358,1340.067139
Oso Grande,-103.796173,33.012836,1337.798584
Oso Grande,-103.829948,33.076599,1352.16394
Oso Grande,-103.768837,33.026413,1329.41748
Oso Grande,-103.774162,33.029354,1333.802124
Oso Grande,-103.78656,33.072613,1337.870361
Oso Grande,-103.780838,33.050171,1337.024658
Oso Grande,-103.780403,33.0116,1331.897705
Oso Grande,-103.810944,33.085686,1346.741333
Oso Grande,-103.821434,32.968224,1341.400635
Oso Grande,-103.788696,33.012108,1334.215454
Oso Grande,-103.773804,33.010967,1330.313477
Oso Grande,-103.785553,33.115265,1340.507935
Oso Grande,-103.776009,33.098755,1338.430786
Oso Grande,-103.788338,33.10062,1341.097412
Oso Grande,-103.776558,33.036659,1335.835815
Oso Grande,-103.82473,33.074505,1351.231812
Oso Grande,-103.795486,33.083706,1342.515259
Oso Grande,-103.775208,33.048252,1333.912231
Oso Grande,-103.821198,32.986938,1341.665649
Oso Grande,-103.769211,33.098675,1335.245361
Oso Grande,-103.833038,32.990608,1346.247925
Oso Grande,-103.793266,33.115746,1342.734009
Oso Grande,-103.827209,32.988892,1341.669922
Oso Grande,-103.816193,33.087906,1349.138306
Oso Grande,-103.833115,32.972149,1344.520264
Oso Grande,-103.805939,33.083225,1342.598267
Oso Grande,-103.77771,33.114841,1339.11438
Oso Grande,-103.781624,33.09985,1339.628784
Oso Grande,-103.82756,32.969509,1343.283691
PaTu Wind Farm,-120.617287,45.608295,479.8596497
PaTu Wind Farm,-120.617287,45.606396,475.7900085
PaTu Wind Farm,-120.617287,45.612095,482.7037964
PaTu Wind Farm,-120.617287,45.610195,476.4183655
PaTu Wind Farm,-120.617287,45.602592,481.9979858
PaTu Wind Farm,-120.617287,45.604492,477.910614
Pacific Wind,-118.457489,34.892796,969.2977905
Pacific Wind,-118.41169,34.879093,855.3079834
Pacific Wind,-118.414787,34.901497,921.4299927
Pacific Wind,-118.412285,34.907993,948.0007935
Pacific Wind,-118.454987,34.902897,967.3317871
Pacific Wind,-118.417992,34.895794,905.3417969
Pacific Wind,-118.441986,34.904495,958.1479492
Pacific Wind,-118.422485,34.901295,929.7608032
Pacific Wind,-118.438484,34.890594,911.1333618
Pacific Wind,-118.45089,34.904495,968.7703247
Pacific Wind,-118.453888,34.894894,960.5444336
Pacific Wind,-118.417389,34.924496,1032.268921
Pacific Wind,-118.415085,34.878296,855.798645
Pacific Wind,-118.412285,34.912796,968.822937
Pacific Wind,-118.43399,34.881195,882.8554077
Pacific Wind,-118.406685,34.898396,904.7566528
Pacific Wind,-118.420586,34.872597,853.291748
Pacific Wind,-118.414787,34.904594,932.9003906
Pacific Wind,-118.419189,34.902794,931.024231
Pacific Wind,-118.423988,34.886696,882.3883057
Pacific Wind,-118.445786,34.904297,960.8564453
Pacific Wind,-118.429985,34.911797,979.6461792
Pacific Wind,-118.407288,34.914894,972.43573
Pacific Wind,-118.445488,34.901096,954.3644409
Pacific Wind,-118.424187,34.892696,900.4113159
Pacific Wind,-118.419586,34.882397,869.5505981
Pacific Wind,-118.424988,34.926193,1046.066895
Pacific Wind,-118.418991,34.920296,1009.024353
Pacific Wind,-118.453285,34.889194,970.156311
Pacific Wind,-118.417885,34.887894,880.5354614
Pacific Wind,-118.442787,34.886093,930.1751709
Pacific Wind,-118.423988,34.878696,866.8918457
Pacific Wind,-118.405891,34.890594,878.7771606
Pacific Wind,-118.418587,34.878296,859.1532593
Pacific Wind,-118.446289,34.897297,933.7348022
Pacific Wind,-118.450287,34.889793,958.3932495
Pacific Wind,-118.424088,34.882996,874.5848389
Pacific Wind,-118.463188,34.902695,963.0733643
Pacific Wind,-118.446091,34.892593,942.0151978
Pacific Wind,-118.424484,34.923096,1026.65686
Pacific Wind,-118.411186,34.895695,898.055542
Pacific Wind,-118.466187,34.901997,970.4588623
Pacific Wind,-118.429489,34.915596,995.8450317
Pacific Wind,-118.427788,34.901295,936.1443481
Pacific Wind,-118.426987,34.916096,994.5813599
Pacific Wind,-118.460487,34.903793,975.8650513
Pacific Wind,-118.44149,34.888195,927.1096191
Pacific Wind,-118.415192,34.871696,845.7738647
Pacific Wind,-118.419487,34.875496,856.0661011
Pacific Wind,-118.409988,34.887493,873.119812
Pacific Wind,-118.417686,34.884895,873.022644
Pacific Wind,-118.410286,34.890995,883.1766968
Pacific Wind,-118.44239,34.896595,930.1873169
Pacific Wind,-118.406189,34.883194,859.6444092
Pacific Wind,-118.42189,34.915596,983.572937
Pacific Wind,-118.408485,34.881596,858.2537842
Pacific Wind,-118.424789,34.911594,970.2802734
Pacific Wind,-118.411888,34.882294,863.3432007
Pacific Wind,-118.417587,34.915394,985.8792725
Pacific Wind,-118.412788,34.915497,981.5483398
Pacific Wind,-118.430084,34.877594,872.6161499
Pacific Wind,-118.430489,34.924694,1036.947632
Pacific Wind,-118.427788,34.878696,871.4993286
Pacific Wind,-118.414688,34.887997,878.7611084
Pacific Wind,-118.426689,34.920696,1013.227966
Pacific Wind,-118.456886,34.899593,955.4419556
Pacific Wind,-118.421791,34.895893,909.9085083
Pacific Wind,-118.406487,34.875896,845.4476318
Pacific Wind,-118.457489,34.895596,966.4735107
Pacific Wind,-118.417488,34.892994,896.4038086
Painted Hills Repower,-116.630493,33.939869,520.1650391
Painted Hills Repower,-116.630516,33.941528,543.8147583
Painted Hills Repower,-116.622704,33.934879,456.353241
Painted Hills Repower,-116.630524,33.938297,505.4035339
Painted Hills Repower,-116.62278,33.936314,466.197876
Painted Hills Repower,-116.621834,33.937717,473.2174683
Painted Hills Repower,-116.623299,33.940548,496.9733887
Painted Hills Repower,-116.630524,33.935062,498.0602112
Painted Hills Repower,-116.623459,33.942074,510.8113403
Palm Springs (repower),-116.574387,33.912296,245.8277893
Palm Springs (repower),-116.573288,33.922295,274.0398865
Palm Springs (repower),-116.577492,33.927395,301.0852356
Palm Springs (repower),-116.582291,33.923496,287.1279602
Palm Springs (repower),-116.564888,33.908394,231.6661072
Palm Springs (repower),-116.574287,33.915794,252.2637787
Palm Springs (repower),-116.568291,33.923496,270.1157532
Palm Springs (repower),-116.573135,33.927048,292.466217
Palm Springs (repower),-116.564888,33.909794,232.4085999
Palm Springs (repower),-116.636139,33.915558,381.0647583
Palm Springs (repower),-116.57309,33.929794,307.3822632
Palm Springs (repower),-116.574387,33.910896,246.3916016
Palm Springs (repower),-116.578087,33.920696,273.0892639
Palm Springs (repower),-116.576691,33.926094,293.7757874
Palm Springs (repower),-116.573288,33.920895,268.3321533
Palm Springs (repower),-116.56929,33.911995,238.8702087
Palm Springs (repower),-116.56929,33.910595,237.4646759
Palm Springs (repower),-116.578087,33.919193,266.9578857
Palm Springs (repower),-116.575989,33.923496,282.5852661
Palm Springs (repower),-116.56929,33.909096,237.4443512
Palm Springs (repower),-116.636139,33.914158,375.6860962
Palm Springs (repower),-116.568291,33.922096,264.7449646
Palm Springs (repower),-116.57309,33.928394,299.4135437
Palm Springs (repower),-116.574287,33.917294,256.1168518
Palm Springs (repower),-116.636238,33.912758,370.4533691
Palm Springs (repower),-116.57769,33.922096,278.5561523
Palm Springs (repower),-116.636139,33.916958,386.4158325
Palm Springs (repower),-116.574287,33.913795,249.6701202
Palm Springs (repower),-116.64164,33.914455,374.4208679
Palm Springs (repower),-116.641243,33.915756,379.1842041
Palm Springs (repower),-116.573288,33.919495,263.2110291
Palm Springs (repower),-116.582344,33.922157,282.0982361
Palm Springs (repower),-116.64164,33.913055,369.8640747
Palouse,-117.317787,47.143795,803.6907959
Palouse,-117.296684,47.137695,882.9330444
Palouse,-117.317184,47.104595,878.1538696
Palouse,-117.285385,47.101894,796.5581055
Palouse,-117.285484,47.136894,806.4631348
Palouse,-117.351288,47.117596,773.6174927
Palouse,-117.333984,47.155792,909.15448
Palouse,-117.330986,47.149193,854.3328247
Palouse,-117.309387,47.133995,840.4002686
Palouse,-117.303284,47.136894,866.3449097
Palouse,-117.297386,47.099995,802.4610596
Palouse,-117.313583,47.105793,888.8843994
Palouse,-117.284584,47.105694,793.984375
Palouse,-117.347687,47.161194,895.87146
Palouse,-117.329582,47.104393,803.2770386
Palouse,-117.362785,47.171295,803.5042114
Palouse,-117.339386,47.158295,872.2113647
Palouse,-117.313789,47.139996,805.8393555
Palouse,-117.330482,47.146496,866.5338745
Palouse,-117.332184,47.153893,894.1489868
Palouse,-117.321587,47.134293,821.2223511
Palouse,-117.352989,47.162895,866.9862671
Palouse,-117.320984,47.103394,866.137146
Palouse,-117.351486,47.114594,768.7126465
Palouse,-117.28949,47.136093,819.3098755
Palouse,-117.327988,47.102493,813.2335815
Palouse,-117.327385,47.138695,807.7266846
Palouse,-117.312088,47.133896,840.6868896
Palouse,-117.302589,47.105293,846.3041382
Palouse,-117.342285,47.159195,876.1390991
Palouse,-117.341583,47.110695,772.4708862
Palouse,-117.328186,47.141994,839.6843262
Palouse,-117.358788,47.170494,836.9313354
Palouse,-117.298988,47.105694,857.9064941
Palouse,-117.324684,47.102196,846.9778442
Palouse,-117.351089,47.161392,885.3942261
Palouse,-117.288788,47.097595,795.2606812
Palouse,-117.330482,47.144592,866.9703979
Palouse,-117.345886,47.110893,755.3288574
Palouse,-117.294189,47.099293,788.8353882
Palouse,-117.354889,47.164192,864.9678955
Palouse,-117.374985,47.164795,766.4716187
Palouse,-117.369789,47.162495,780.0170288
Palouse,-117.357086,47.165695,836.0496826
Palouse,-117.318085,47.131893,826.496582
Palouse,-117.344887,47.160294,889.4560547
Palouse,-117.373489,47.162292,769.8392334
Palouse,-117.282288,47.136894,797.6774292
Palouse,-117.300186,47.137993,867.4776611
Palouse,-117.351486,47.119694,780.7286987
Palouse,-117.328789,47.162193,867.0420532
Palouse,-117.357986,47.168194,815.4494629
Palouse,-117.33149,47.151695,865.623291
Palouse,-117.295586,47.105293,866.6491089
Palouse,-117.340286,47.107693,764.329895
Palouse,-117.330589,47.107292,790.7003174
Palouse,-117.336784,47.156895,884.5977783
Palouse,-117.327385,47.159492,887.3540039
Panorama Wind,-103.945808,40.94894,1627.99231
Panorama Wind,-103.947693,40.968422,1627.07312
Panorama Wind,-103.941193,40.950386,1617.261841
Panorama Wind,-103.91983,40.933823,1609.107666
Panorama Wind,-103.810974,40.97303,1560.966553
Panorama Wind,-103.861572,40.957932,1571.624146
Panorama Wind,-103.941643,40.976513,1626.263184
Panorama Wind,-103.8853,40.98896,1595.154419
Panorama Wind,-103.931625,40.954372,1619.115601
Panorama Wind,-103.956955,40.958805,1633.073364
Panorama Wind,-103.930984,40.965614,1618.039551
Panorama Wind,-103.882881,40.95055,1581.25354
Panorama Wind,-103.95546,40.976257,1616.442383
Panorama Wind,-103.813042,40.985668,1587.2323
Panorama Wind,-103.873886,40.994976,1601.589111
Panorama Wind,-103.856224,40.959866,1574.6875
Panorama Wind,-103.880409,40.992367,1596.171509
Panorama Wind,-103.963623,40.985432,1624.52417
Panorama Wind,-103.894371,40.974445,1596.437256
Panorama Wind,-103.909164,40.93515,1620.273193
Panorama Wind,-103.958794,40.987366,1617.229126
Panorama Wind,-103.912384,40.998207,1601.891113
Panorama Wind,-103.870705,41.000111,1600.212769
Panorama Wind,-103.951111,40.94775,1634.413208
Panorama Wind,-103.936333,40.951954,1605.082764
Panorama Wind,-103.818031,40.983051,1588.255493
Panorama Wind,-103.888718,40.985237,1601.648193
Panorama Wind,-103.925255,40.995632,1611.390381
Panorama Wind,-103.93174,40.933407,1607.896973
Panorama Wind,-103.955856,40.944286,1633.12915
Panorama Wind,-103.905357,40.999123,1611.401855
Panorama Wind,-103.899872,40.959492,1588.900635
Panorama Wind,-103.870163,40.94096,1580.340698
Panorama Wind,-103.888672,40.949608,1582.815308
Panorama Wind,-103.808372,40.988594,1575.166748
Panorama Wind,-103.9198,40.996922,1605.687256
Panorama Wind,-103.914009,40.934029,1609.263306
Panorama Wind,-103.917267,40.963062,1612.113159
Panorama Wind,-103.962326,40.95874,1633.791382
Panorama Wind,-103.937576,40.979679,1615.576294
Panorama Wind,-103.926216,40.973099,1610.367554
Panorama Wind,-103.920883,40.959587,1610.684448
Panorama Wind,-103.950783,40.962406,1632.879028
Panorama Wind,-103.940353,40.969891,1617.789551
Panorama Wind,-103.930717,40.994087,1613.917847
Panorama Wind,-103.871513,40.952438,1575.117676
Panorama Wind,-103.82756,40.978184,1593.35376
Panorama Wind,-103.894417,40.94862,1590.144897
Panorama Wind,-103.817101,40.971466,1560.540161
Panorama Wind,-103.866852,40.955914,1571.032104
Panorama Wind,-103.925728,40.933586,1602.540039
Panorama Wind,-103.898834,40.943611,1600.136353
Panorama Wind,-103.968803,40.984207,1624.450195
Panorama Wind,-103.876968,40.951496,1576.045166
Panorama Wind,-103.865631,40.944061,1578.694458
Panorama Wind,-103.853615,40.964157,1573.257935
Panorama Wind,-103.948547,40.976513,1622.32251
Panorama Wind,-103.925369,40.957523,1614.004883
Panorama Wind,-103.930946,40.972301,1625.22168
Panorama Wind,-103.892258,40.981472,1590.828857
Panorama Wind,-103.895348,40.99971,1596.198608
Panorama Wind,-103.90448,40.95826,1593.697876
Panorama Wind,-103.902565,40.941132,1605.397217
Panorama Wind,-103.805428,40.974827,1565.22229
Panorama Wind,-103.970474,40.954464,1625.454346
Panorama Wind,-103.823662,40.981586,1590.111938
Patterson Pass,-121.621185,37.700161,310.2372742
Patterson Pass,-121.621559,37.69783,305.7997437
Patterson Pass,-121.607788,37.692295,451.8623657
Patterson Pass,-121.610611,37.707798,277.2237854
Patterson Pass,-121.609016,37.688637,417.9879761
Patterson Pass,-121.621933,37.698357,306.8904419
Patterson Pass,-121.622261,37.705719,308.0458679
Patterson Pass,-121.611237,37.704418,283.9841309
Patterson Pass,-121.613556,37.689518,411.9339905
Patterson Pass,-121.611488,37.704975,284.2967529
Patterson Pass,-121.620384,37.698395,326.2702026
Patterson Pass,-121.612938,37.693207,389.7229309
Patterson Pass,-121.612389,37.690296,419.8930054
Patterson Pass,-121.621849,37.694897,344.5014038
Patterson Pass,-121.620255,37.698093,325.741394
Patterson Pass,-121.610428,37.707191,283.2509155
Patterson Pass,-121.611649,37.705231,288.8161316
Patterson Pass,-121.609322,37.707127,285.0171509
Patterson Pass,-121.609062,37.706211,263.8403931
Patterson Pass,-121.609688,37.691795,451.0514221
Patterson Pass,-121.612389,37.689693,428.9700012
Patterson Pass,-121.611107,37.691639,422.581604
Patterson Pass,-121.613556,37.688126,385.5999451
Patterson Pass,-121.612427,37.693649,416.3010254
Patterson Pass,-121.621719,37.69466,352.6075134
Patterson Pass,-121.613556,37.690105,396.5778809
Patterson Pass,-121.618927,37.69886,335.8031311
Patterson Pass,-121.62233,37.698853,304.7987976
Patterson Pass,-121.610977,37.688847,437.5265198
Patterson Pass,-121.609642,37.690048,448.1389771
Patterson Pass,-121.620956,37.705891,294.1503601
Patterson Pass,-121.619225,37.699398,318.7298889
Patterson Pass,-121.611099,37.704147,283.8197021
Patterson Pass,-121.610985,37.689133,447.5438843
Patterson Pass,-121.608444,37.690075,459.0036621
Patterson Pass,-121.621979,37.705128,292.716095
Patterson Pass,-121.618378,37.700535,333.9890747
Patterson Pass,-121.609657,37.689785,455.115509
Patterson Pass,-121.606689,37.689896,433.5168152
Patterson Pass,-121.617409,37.701313,354.3876038
Patterson Pass,-121.608971,37.705929,257.9183655
Patterson Pass,-121.621758,37.69809,304.5595398
Patterson Pass,-121.609688,37.691196,433.7709656
Patterson Pass,-121.622147,37.698627,306.9867859
Patterson Pass,-121.609024,37.68832,411.0100708
Patterson Pass,-121.622391,37.705994,302.6921997
Patterson Pass,-121.613548,37.689831,402.6418457
Patterson Pass,-121.612473,37.690868,400.1608582
Patterson Pass,-121.619987,37.700996,321.3707886
Patterson Pass,-121.619072,37.699131,324.800415
Patterson Pass,-121.608467,37.691231,443.8679504
Patterson Pass,-121.611038,37.691952,427.1403503
Patterson Pass,-121.612381,37.691143,392.1952515
Patterson Pass,-121.60881,37.705589,249.3783722
Patterson Pass,-121.612411,37.692947,388.7311401
Patterson Pass,-121.607788,37.691994,449.8082275
Patterson Pass,-121.613571,37.690704,390.946167
Patterson Pass,-121.620537,37.698654,322.0914307
Patterson Pass,-121.612427,37.690556,410.5731812
Patterson Pass,-121.619835,37.706108,277.9250183
Patterson Pass,-121.609489,37.707695,284.6878052
Patterson Pass,-121.612411,37.692314,390.5437012
Patterson Pass,-121.61969,37.697296,319.4859314
Patterson Pass,-121.621689,37.704296,278.3836975
Patterson Pass,-121.609657,37.689484,449.1643982
Patterson Pass,-121.610161,37.706299,265.6650085
Patterson Pass,-121.609222,37.706814,277.3361816
Patterson Pass,-121.61879,37.701416,339.3475342
Patterson Pass,-121.611908,37.705795,293.6624756
Patterson Pass,-121.610237,37.706585,271.8041382
Patterson Pass,-121.622101,37.705421,302.2761536
Patterson Pass,-121.611389,37.704697,283.8317871
Patterson Pass,-121.612083,37.706097,296.1083374
Patterson Pass,-121.618179,37.694633,334.9979248
Patterson Pass,-121.606689,37.690193,437.7418213
Patterson Pass,-121.610329,37.706871,278.306488
Patterson Pass,-121.606697,37.688828,412.8408203
Patterson Pass,-121.612389,37.691696,390.6759644
Patterson Pass,-121.612389,37.691433,389.1592102
Patterson Pass,-121.613571,37.692234,394.0137939
Patterson Pass,-121.612442,37.693913,420.5632935
Patterson Pass,-121.613556,37.689201,403.1871948
Patterson Pass,-121.62011,37.697819,323.5524597
Patterson Pass,-121.612411,37.69265,387.538208
Patterson Pass,-121.612389,37.689396,427.3322449
Patterson Pass,-121.619667,37.700378,318.153717
Patterson Pass,-121.610977,37.688255,422.9172058
Patterson Pass,-121.618507,37.700855,341.5922546
Patterson Pass,-121.608467,37.690929,447.0441895
Patterson Pass,-121.621086,37.706196,291.7046509
Patterson Pass,-121.609146,37.706516,269.7792664
Patterson Pass,-121.608444,37.690376,465.4433594
Patterson Pass,-121.607788,37.706993,259.0319519
Patterson Pass,-121.609688,37.691494,442.6820679
Patterson Pass,-121.621346,37.700459,316.2262878
Patterson Pass,-121.609398,37.707409,287.5549927
Patterson Pass,-121.611,37.700359,285.7950134
Patterson Pass,-121.611008,37.689449,457.4570618
Patterson Pass,-121.619972,37.697529,319.9046326
Patterson Pass,-121.606689,37.690495,432.5397339
Patterson Pass,-121.618324,37.694912,332.9899902
Patterson Pass,-121.613609,37.688629,395.1159668
Patterson Pass,-121.612389,37.688793,427.4127808
Patterson Pass,-121.613556,37.690411,393.5028992
Patterson Pass,-121.619385,37.699696,316.2301025
Patterson Pass,-121.608467,37.691528,446.5410156
Patterson Pass,-121.612366,37.688431,420.721405
Patterson Pass,-121.621574,37.704044,274.2658691
Patterson Pass,-121.611084,37.691296,415.6986694
Patterson Pass,-121.610985,37.689693,448.7658081
Patterson Pass,-121.611778,37.705524,291.0986938
Patterson Pass,-121.62101,37.705429,286.3392944
Patterson Pass,-121.607788,37.692894,450.8100891
Patterson Pass,-121.617828,37.702129,335.8868713
Patterson Pass,-121.617569,37.701595,350.7183533
Patterson Pass,-121.612389,37.689095,428.0041199
Patterson Pass,-121.618629,37.70113,344.1967163
Patterson Pass,-121.612396,37.692047,393.2767334
Patterson Pass,-121.621376,37.697533,306.722229
Patterson Pass,-121.61805,37.694347,337.3866882
Patterson Pass,-121.609634,37.689133,434.8231506
Patterson Pass,-121.607918,37.690697,458.4204712
Patterson Pass,-121.619537,37.697029,320.5095825
Patterson Pass,-121.610977,37.688557,429.7062073
Patterson Pass,-121.619804,37.700668,325.4701843
Patterson Pass,-121.613556,37.688911,397.2723694
Patterson Pass,-121.608444,37.689777,449.1445618
Patterson Pass,-121.62149,37.700737,310.4893799
Patterson Pass,-121.613586,37.690994,386.4821167
Patterson Pass,-121.607788,37.692596,453.8674316
Patterson Pass,-121.619987,37.706394,273.0664978
Patterson Pass,-121.606674,37.689423,418.155365
Patterson Wind,-121.613937,37.702499,313.3908386
Patterson Wind,-121.615707,37.696938,369.9159241
Patterson Wind,-121.617271,37.701046,357.4096069
Patterson Wind,-121.60968,37.693039,444.3098145
Patterson Wind,-121.615486,37.695194,381.8716125
Patterson Wind,-121.611107,37.696869,341.1569824
Patterson Wind,-121.609688,37.694229,446.3462219
Patterson Wind,-121.608734,37.694328,452.1712952
Patterson Wind,-121.612213,37.703335,289.0370178
Patterson Wind,-121.617119,37.695477,338.8051758
Patterson Wind,-121.616707,37.699936,344.2252197
Patterson Wind,-121.610985,37.696594,352.9539185
Patterson Wind,-121.609825,37.692448,430.2004089
Patterson Wind,-121.617958,37.699802,335.1607361
Patterson Wind,-121.617126,37.700764,354.8339539
Patterson Wind,-121.616859,37.694935,346.0907288
Patterson Wind,-121.615479,37.70055,342.6603394
Patterson Wind,-121.608658,37.693287,454.5549622
Patterson Wind,-121.615852,37.697208,366.452301
Patterson Wind,-121.613884,37.706696,282.1951294
Patterson Wind,-121.612488,37.703896,294.5941772
Patterson Wind,-121.612617,37.707783,278.5754395
Patterson Wind,-121.61319,37.705296,283.8801575
Patterson Wind,-121.614449,37.696079,362.4070129
Patterson Wind,-121.609711,37.694534,436.1419983
Patterson Wind,-121.61232,37.707287,292.9989624
Patterson Wind,-121.613052,37.704994,291.5146484
Patterson Wind,-121.613815,37.702244,317.6645813
Patterson Wind,-121.615585,37.696663,365.9963989
Patterson Wind,-121.60865,37.693005,449.355957
Patterson Wind,-121.616287,37.703995,275.3508301
Patterson Wind,-121.616989,37.700497,348.178772
Patterson Wind,-121.614151,37.696465,369.4579468
Patterson Wind,-121.616432,37.699383,328.020813
Patterson Wind,-121.612366,37.703609,293.6629944
Patterson Wind,-121.611153,37.697174,332.0495911
Patterson Wind,-121.613663,37.701939,311.5803528
Patterson Wind,-121.61235,37.707588,287.0345764
Patterson Wind,-121.611038,37.693058,428.0849609
Patterson Wind,-121.616722,37.694656,351.3632202
Patterson Wind,-121.616135,37.703747,277.0662842
Patterson Wind,-121.615715,37.695496,367.6242371
Patterson Wind,-121.612907,37.704735,296.3786926
Patterson Wind,-121.611038,37.693935,433.0908203
Patterson Wind,-121.609688,37.692795,437.6864624
Patterson Wind,-121.611053,37.694515,432.2814636
Patterson Wind,-121.61776,37.697594,355.2045288
Patterson Wind,-121.616989,37.695194,341.4602051
Patterson Wind,-121.611046,37.693356,430.491333
Patterson Wind,-121.609695,37.693348,451.4146423
Patterson Wind,-121.616562,37.699654,338.2502441
Patterson Wind,-121.616859,37.700207,345.4057922
Patterson Wind,-121.610847,37.696331,363.5014038
Patterson Wind,-121.616409,37.704327,273.7044678
Patterson Wind,-121.612633,37.704166,295.3687134
Patterson Wind,-121.617889,37.697853,353.1819458
Patterson Wind,-121.618103,37.700085,332.049408
Patterson Wind,-121.611069,37.693649,428.7347717
Patterson Wind,-121.615623,37.700851,349.5628052
Patterson Wind,-121.613739,37.706421,282.4632568
Patterson Wind,-121.618034,37.698151,351.9329529
Patterson Wind,-121.618187,37.698395,349.35495
Patterson Wind,-121.614441,37.697021,373.2418823
Patterson Wind,-121.616585,37.694393,356.2385254
Patterson Wind,-121.617805,37.699528,331.7837524
Patterson Wind,-121.611061,37.694229,438.5710144
Patterson Wind,-121.614296,37.696747,374.2167664
Patterson Wind,-121.615417,37.70005,332.7749329
Patterson Wind,-121.615364,37.694942,383.9245911
Patterson Wind,-121.615746,37.701118,349.1228943
Patterson Wind,-121.612755,37.704433,296.1332397
Patterson Wind,-121.615135,37.694374,369.4194641
Patterson Wind,-121.615242,37.694653,377.6968994
Payne's Ferry,-115.010986,42.823296,1053.084106
Payne's Ferry,-115.006386,42.816795,1056.573608
Payne's Ferry,-115.010986,42.833195,1047.021606
Payne's Ferry,-115.010986,42.824993,1048.352173
Payne's Ferry,-115.011086,42.821594,1056.838989
Payne's Ferry,-115.010986,42.829796,1048.913086
Payne's Ferry,-115.010986,42.834892,1043.334229
Payne's Ferry,-115.006287,42.814995,1058.325073
Payne's Ferry,-115.006584,42.818493,1059.321411
Payne's Ferry,-115.010986,42.836594,1039.38916
Payne's Ferry,-115.010986,42.831394,1047.488037
Payne's Ferry,-115.010986,42.819893,1058.0625
Payne's Ferry,-115.010986,42.827995,1046.385254
Payne's Ferry,-115.006287,42.813095,1060.873779
Peak View Wind,-104.500084,37.705257,1940.202393
Peak View Wind,-104.511414,37.648018,1962.233032
Peak View Wind,-104.513489,37.683319,1923.139893
Peak View Wind,-104.513771,37.673462,1983.043945
Peak View Wind,-104.508408,37.68832,1912.845459
Peak View Wind,-104.493919,37.662247,1970.529419
Peak View Wind,-104.50457,37.69791,1926.273315
Peak View Wind,-104.507813,37.659512,1971.204956
Peak View Wind,-104.527222,37.661465,1969.058838
Peak View Wind,-104.501373,37.707794,1941.533936
Peak View Wind,-104.496628,37.660412,1969.31665
Peak View Wind,-104.520889,37.656197,1969.870483
Peak View Wind,-104.50547,37.693138,1916.666382
Peak View Wind,-104.498657,37.672245,1980.724854
Peak View Wind,-104.493935,37.66687,1972.31958
Peak View Wind,-104.506775,37.650852,1961.257568
Peak View Wind,-104.521652,37.658802,1970.540649
Peak View Wind,-104.49424,37.646538,1968.601196
Peak View Wind,-104.494644,37.648884,1967.427979
Peak View Wind,-104.499947,37.702988,1934.84729
Peak View Wind,-104.496071,37.669655,1977.815918
Peak View Wind,-104.507179,37.690849,1912.353027
Peak View Wind,-104.492203,37.664375,1970.768555
Peak View Wind,-104.505104,37.695553,1924.717773
Peak View Wind,-104.503578,37.700081,1931.258911
Peak View Wind,-104.506294,37.674583,1984.902466
Peak View Wind,-104.503357,37.645218,1961.807861
Peak View Wind,-104.507729,37.643368,1960.959106
Peak View Wind,-104.516815,37.670959,1984.449219
Peak View Wind,-104.522888,37.665855,1980.415527
Peak View Wind,-104.511131,37.685863,1918.256714
Peak View Wind,-104.505463,37.710453,1948.513428
Peak View Wind,-104.526489,37.663757,1976.807739
Peak View Wind,-104.517136,37.668266,1984.327148
Pebble Springs,-120.125511,45.747284,231.4204102
Pebble Springs,-120.094086,45.677593,262.165741
Pebble Springs,-120.125427,45.735535,239.4229431
Pebble Springs,-120.125488,45.733494,238.8217621
Pebble Springs,-120.128784,45.643894,330.7808838
Pebble Springs,-120.118584,45.667294,236.6717682
Pebble Springs,-120.155083,45.663193,307.3087463
Pebble Springs,-120.125389,45.731693,239.4555054
Pebble Springs,-120.097084,45.688694,199.412262
Pebble Springs,-120.093384,45.668896,242.8527069
Pebble Springs,-120.126984,45.720695,277.0400391
Pebble Springs,-120.132088,45.646194,344.2582092
Pebble Springs,-120.094482,45.685093,213.3411102
Pebble Springs,-120.156288,45.669994,227.451767
Pebble Springs,-120.139587,45.652393,353.3857117
Pebble Springs,-120.155983,45.664894,278.8537903
Pebble Springs,-120.115089,45.661793,246.4506989
Pebble Springs,-120.124985,45.706196,266.7364807
Pebble Springs,-120.125984,45.702892,266.1519165
Pebble Springs,-120.125786,45.723293,259.2120972
Pebble Springs,-120.125488,45.704594,269.7591248
Pebble Springs,-120.125465,45.745434,233.0748444
Pebble Springs,-120.125084,45.725796,265.3870239
Pebble Springs,-120.116287,45.663593,243.9409027
Pebble Springs,-120.094589,45.679493,251.5750275
Pebble Springs,-120.115089,45.659695,249.7484894
Pebble Springs,-120.136688,45.650494,360.5827332
Pebble Springs,-120.093483,45.671394,277.0873413
Pebble Springs,-120.125389,45.729794,240.1947021
Pebble Springs,-120.157387,45.667194,238.1056061
Pebble Springs,-120.125389,45.737495,237.7006531
Pebble Springs,-120.117386,45.665295,241.1722565
Pebble Springs,-120.125084,45.712093,275.2353516
Pebble Springs,-120.094185,45.675694,272.7376099
Pebble Springs,-120.093887,45.673595,275.4866333
Pebble Springs,-120.126785,45.641594,297.9577942
Pebble Springs,-120.125084,45.700695,230.3759918
Pebble Springs,-120.126183,45.740993,238.3593903
Pebble Springs,-120.125084,45.707993,273.4618225
Pebble Springs,-120.125443,45.743378,236.7482605
Pebble Springs,-120.094887,45.681293,254.447998
Pebble Springs,-120.12545,45.73925,238.7685547
Pebble Springs,-120.094688,45.683193,235.6487885
Pebble Springs,-120.142387,45.654194,358.0454407
Pebble Springs,-120.133789,45.648693,355.6887512
Pebble Springs,-120.095985,45.686893,212.6183777
Pebble Springs,-120.126083,45.727795,243.1627045
Peetz Table,-103.315193,40.982895,1424.080322
Peetz Table,-103.308189,40.997993,1426.765381
Peetz Table,-103.312691,40.967793,1424.705078
Peetz Table,-103.314888,40.979195,1423.817261
Peetz Table,-103.378891,40.998493,1437.4646
Peetz Table,-103.25219,40.986591,1386.430786
Peetz Table,-103.367188,40.998993,1432.209839
Peetz Table,-103.207291,40.967491,1383.928711
Peetz Table,-103.430588,40.975792,1450.542236
Peetz Table,-103.398392,40.987194,1440.964966
Peetz Table,-103.226692,40.911991,1390.786255
Peetz Table,-103.168892,40.981693,1364.611206
Peetz Table,-103.32209,40.949993,1443.107544
Peetz Table,-103.307892,40.972794,1418.544678
Peetz Table,-103.251488,40.972794,1384.354492
Peetz Table,-103.249687,40.928394,1398.467896
Peetz Table,-103.235893,40.929394,1394.908203
Peetz Table,-103.297394,40.997292,1415.883301
Peetz Table,-103.174789,40.982193,1366.926758
Peetz Table,-103.351692,40.951794,1454.056152
Peetz Table,-103.31469,40.996994,1420.509766
Peetz Table,-103.491493,40.986694,1469.145386
Peetz Table,-103.494888,40.990494,1462.0271
Peetz Table,-103.428886,40.979195,1446.952637
Peetz Table,-103.433792,40.975094,1450.392578
Peetz Table,-103.481087,40.983593,1467.38916
Peetz Table,-103.470192,40.984795,1463.376465
Peetz Table,-103.28009,40.925293,1408.249146
Peetz Table,-103.345291,40.953293,1453.55896
Peetz Table,-103.263786,40.942192,1399.746948
Peetz Table,-103.40419,40.979393,1442.450195
Peetz Table,-103.200592,40.985794,1375.86499
Peetz Table,-103.465088,40.989693,1460.862305
Peetz Table,-103.457687,40.974094,1453.315674
Peetz Table,-103.301888,40.952892,1406.956299
Peetz Table,-103.27729,40.958195,1401.060669
Peetz Table,-103.226089,40.930092,1396.296143
Peetz Table,-103.485191,40.984093,1467.102905
Peetz Table,-103.358192,40.951092,1447.624146
Peetz Table,-103.517693,40.992294,1473.258545
Peetz Table,-103.36879,40.955994,1445.523193
Peetz Table,-103.219994,40.945194,1389.205688
Peetz Table,-103.225792,40.943993,1391.175659
Peetz Table,-103.341492,40.951992,1449.240967
Peetz Table,-103.363693,40.952793,1457.452148
Peetz Table,-103.307693,40.975594,1418.568481
Peetz Table,-103.240189,40.908295,1397.210449
Peetz Table,-103.277893,40.941494,1402.747681
Peetz Table,-103.227188,40.954494,1389.620728
Peetz Table,-103.276291,40.914394,1410.42041
Peetz Table,-103.335693,40.957092,1451.640381
Peetz Table,-103.297394,40.940094,1416.663086
Peetz Table,-103.225792,40.971992,1381.900024
Peetz Table,-103.288689,40.958092,1413.218994
Peetz Table,-103.354591,40.966694,1422.868164
Peetz Table,-103.205994,40.984692,1377.24646
Peetz Table,-103.254692,40.907593,1402.105957
Peetz Table,-103.378487,40.957394,1434.38916
Peetz Table,-103.495087,40.995792,1469.691284
Peetz Table,-103.320892,40.982693,1431.357666
Peetz Table,-103.495193,40.987694,1466.559204
Peetz Table,-103.42849,40.983494,1446.62207
Peetz Table,-103.34549,40.966991,1430.434082
Peetz Table,-103.262489,40.907291,1408.691406
Peetz Table,-103.238388,40.957592,1393.528564
Peetz Table,-103.480392,40.986393,1464.256836
Peetz Table,-103.33139,40.971992,1437.440674
Peetz Table,-103.259491,40.942692,1397.745483
Peetz Table,-103.31929,40.950493,1438.67334
Peetz Table,-103.160789,40.980293,1364.890625
Peetz Table,-103.353188,40.946995,1447.692383
Peetz Table,-103.523689,40.993393,1465.585327
Peetz Table,-103.245293,40.907593,1398.202637
Peetz Table,-103.308189,40.979794,1420.350952
Peetz Table,-103.207687,40.898994,1391.409302
Peetz Table,-103.343788,40.956394,1450.660889
Peetz Table,-103.243492,40.898594,1403.892822
Peetz Table,-103.22509,40.985794,1377.892822
Peetz Table,-103.330994,40.953094,1445.829712
Peetz Table,-103.408287,40.985191,1438.356934
Peetz Table,-103.454887,40.972694,1451.95874
Peetz Table,-103.458092,40.998394,1453.23999
Peetz Table,-103.401489,40.995193,1446.067993
Peetz Table,-103.271294,40.958492,1399.822388
Peetz Table,-103.231888,40.972992,1384.450439
Peetz Table,-103.373688,40.966492,1429.692261
Peetz Table,-103.254189,40.928993,1400.709106
Peetz Table,-103.469391,40.987991,1461.130615
Peetz Table,-103.424393,40.984192,1445.511475
Peetz Table,-103.30909,40.969994,1419.665405
Peetz Table,-103.418091,40.983192,1446.253906
Peetz Table,-103.393692,40.996494,1442.223022
Peetz Table,-103.39769,40.996193,1444.53186
Peetz Table,-103.256691,40.971992,1389.818604
Peetz Table,-103.335892,40.961594,1450.749146
Peetz Table,-103.392693,40.972893,1438.436523
Peetz Table,-103.205788,40.913692,1387.625854
Peetz Table,-103.44519,40.979294,1447.015503
Peetz Table,-103.231293,40.944492,1392.66333
Peetz Table,-103.243889,40.971992,1381.649536
Peetz Table,-103.199089,40.971493,1385.684937
Peetz Table,-103.279388,40.911892,1409.252075
Peetz Table,-103.413193,40.984192,1445.608521
Peetz Table,-103.194794,40.984993,1379.786255
Peetz Table,-103.220192,40.903492,1393.852295
Peetz Table,-103.36879,40.967194,1436.747925
Peetz Table,-103.33239,40.969395,1440.657593
Peetz Table,-103.289589,40.970795,1404.925293
Peetz Table,-103.23999,40.929295,1399.606567
Peetz Table,-103.36409,40.967693,1432.761597
Peetz Table,-103.46669,40.983395,1461.01123
Peetz Table,-103.273491,40.986294,1394.643799
Peetz Table,-103.393494,40.988194,1440.082764
Peetz Table,-103.442291,40.981094,1448.717163
Peetz Table,-103.420288,40.980091,1448.162109
Peetz Table,-103.231293,40.931194,1395.35791
Peetz Table,-103.244591,40.928894,1399.505981
Peetz Table,-103.37439,40.955292,1441.885742
Peetz Table,-103.239388,40.986195,1384.275757
Peetz Table,-103.212387,40.957294,1387.635742
Peetz Table,-103.462593,40.974293,1455.110596
Peetz Table,-103.451591,40.973194,1453.713257
Peetz Table,-103.388489,40.966091,1442.417236
Peetz Table,-103.218391,40.931992,1388.765137
Peetz Table,-103.454887,40.976791,1452.519165
Peetz Table,-103.323891,40.994293,1423.81897
Peetz Table,-103.374992,40.998795,1434.570801
Peetz Table,-103.221992,40.954094,1388.534668
Peetz Table,-103.424492,40.979591,1447.708984
Peetz Table,-103.481293,40.996693,1457.386719
Peetz Table,-103.349586,40.966793,1440.435791
Peetz Table,-103.371391,40.954994,1448.093262
Peetz Table,-103.463593,40.998093,1456.678467
Peetz Table,-103.366493,40.954193,1458.445313
Peetz Table,-103.490288,40.995995,1463.093262
Peetz Table,-103.499191,40.987694,1459.978027
Peetz Table,-103.272392,40.915691,1407.996948
Peetz Table,-103.220589,40.970493,1378.952271
Peetz Table,-103.213791,40.984692,1376.934692
Peetz Table,-103.27359,40.941792,1401.062012
Peetz Table,-103.26339,40.986195,1388.384766
Peetz Table,-103.194092,40.974293,1379.883179
Peetz Table,-103.48629,40.996094,1461.640015
Peetz Table,-103.203293,40.970192,1383.216919
Peetz Table,-103.238586,40.896992,1398.282837
Peetz Table,-103.245293,40.942291,1393.809814
Peetz Table,-103.392593,40.970093,1442.956177
Peetz Table,-103.354889,40.950993,1453.866089
Peetz Table,-103.465088,40.976791,1457.853882
Peetz Table,-103.319191,40.977592,1425.755371
Peetz Table,-103.487488,40.986694,1463.854248
Peetz Table,-103.375389,40.971893,1436.805176
Peetz Table,-103.314194,40.954994,1423.51355
Peetz Table,-103.316887,40.946194,1435.067383
Peetz Table,-103.258591,40.928795,1400.512939
Peetz Table,-103.218689,40.985794,1374.940796
Peetz Table,-103.378387,40.969193,1442.220093
Peetz Table,-103.332092,40.950191,1444.147095
Peetz Table,-103.262894,40.928291,1402.258545
Peetz Table,-103.337692,40.989292,1421.731201
Peetz Table,-103.390091,40.997692,1440.828369
Peetz Table,-103.240891,40.942894,1392.724243
Peetz Table,-103.234291,40.901192,1394.986572
Peetz Table,-103.244591,40.986492,1386.328735
Peetz Table,-103.361488,40.953793,1456.450195
Peetz Table,-103.445091,40.973694,1455.013184
Peetz Table,-103.230988,40.900093,1394.893799
Peetz Table,-103.213593,40.968292,1381.651733
Peetz Table,-103.361488,40.951195,1451.774292
Peetz Table,-103.38279,40.998295,1435.507935
Peetz Table,-103.52919,40.993393,1460.603271
Peetz Table,-103.238892,40.900093,1401.531006
Peetz Table,-103.250893,40.907993,1401.005005
Peetz Table,-103.282089,40.958092,1405.592773
Peetz Table,-103.519089,40.989094,1468.740845
Peetz Table,-103.371193,40.998894,1435.189209
Peetz Table,-103.268791,40.916794,1405.261963
Peetz Table,-103.278893,40.986195,1397.73877
Peetz Table,-103.164688,40.981194,1365.241211
Peetz Table,-103.268387,40.907093,1408.587769
Peetz Table,-103.333687,40.991493,1419.078857
Peetz Table,-103.236687,40.943192,1393.861328
Peetz Table,-103.264793,40.958393,1397.076172
Peetz Table,-103.473587,40.986591,1465.383789
Peetz Table,-103.387489,40.972092,1437.826416
Peetz Table,-103.41169,40.979694,1444.939697
Peetz Table,-103.437088,40.981693,1447.078613
Peetz Table,-103.337791,40.967995,1441.265747
Peetz Table,-103.240189,40.917492,1397.078735
Peetz Table,-103.156288,40.979992,1364.078247
Peetz Table,-103.520988,40.990494,1468.080811
Peetz Table,-103.203789,40.900692,1390.9198
Peetz Table,-103.269592,40.942192,1398.741211
Peetz Table,-103.242889,40.958092,1394.918091
Peetz Table,-103.386688,40.998093,1439.522339
Peetz Table,-103.390892,40.961693,1446.561768
Peetz Table,-103.358887,40.966793,1425.637451
Peetz Table,-103.273193,40.906792,1408.946167
Peetz Table,-103.18779,40.984795,1378.89917
Peetz Table,-103.341187,40.967094,1442.828003
Peetz Table,-103.447693,40.972794,1454.49292
Peetz Table,-103.233391,40.955894,1389.022095
Peetz Table,-103.224586,40.897293,1397.461548
Peetz Table,-103.262192,40.971592,1397.560791
Peetz Table,-103.276489,40.970291,1396.815796
Peetz Table,-103.180191,40.983692,1369.078125
Peetz Table,-103.466187,40.979794,1458.610474
Peetz Table,-103.324692,40.952991,1444.834106
Peetz Table,-103.250992,40.942692,1398.206665
Peetz Table,-103.31089,40.955894,1418.460938
Peetz Table,-103.331688,40.956493,1448.649902
Peetz Table,-103.268593,40.986294,1390.733887
Peetz Table,-103.232887,40.985294,1380.762329
Peetz Table,-103.29319,40.940891,1413.431763
Peetz Table,-103.392593,40.967293,1449.804688
Peetz Table,-103.45079,40.977795,1448.357422
Peetz Table,-103.14209,40.981892,1356.964478
Peetz Table,-103.206093,40.909492,1385.609253
Peetz Table,-103.284988,40.917892,1412.631226
Peetz Table,-103.137192,40.982693,1354.591553
Peetz Table,-103.40329,40.986195,1436.5802
Peetz Table,-103.442787,40.975693,1455.133911
Peetz Table,-103.283386,40.983292,1400.341187
Peetz Table,-103.477188,40.987892,1464.374634
Peetz Table,-103.407593,40.979294,1441.450928
Peetz Table,-103.25769,40.986794,1385.04541
Peetz Table,-103.235588,40.917694,1395.846436
Peetz Table,-103.258293,40.958591,1393.827759
Peetz Table,-103.235291,40.909492,1399.262207
Peetz Table,-103.309593,40.983791,1420.325195
Peetz Table,-103.216988,40.955395,1386.17395
Peetz Table,-103.332687,40.966393,1442.887085
Peetz Table,-103.147392,40.981495,1360.062744
Peetz Table,-103.477119,40.997936,1457.519531
Peetz Table,-103.221291,40.929993,1389.975464
Peetz Table,-103.326988,40.972893,1438.192505
Peetz Table,-103.207191,40.958694,1385.275879
Peetz Table,-103.275589,40.926891,1405.867554
Peetz Table,-103.222389,40.914093,1390.078247
Peetz Table,-103.50309,40.991493,1462.043213
Peetz Table,-103.250092,40.917694,1400.245605
Peetz Table,-103.301987,40.939693,1419.291748
Peetz Table,-103.255692,40.942692,1398.295654
Peetz Table,-103.348686,40.953194,1454.251343
Peetz Table,-103.231194,40.918095,1397.082642
Peetz Table,-103.323288,40.975693,1436.716797
Peetz Table,-103.339394,40.957092,1449.562744
Peetz Table,-103.289192,40.941792,1411.72876
Peetz Table,-103.203392,40.905094,1386.327148
Peetz Table,-103.269691,40.971493,1391.865601
Peetz Table,-103.237991,40.972294,1383.421631
Peetz Table,-103.460091,40.989994,1461.623657
Peetz Table,-103.297592,40.953995,1409.086304
Peetz Table,-103.399788,40.978493,1441.579346
Peetz Table,-103.244888,40.917694,1400.973145
Peetz Table,-103.432991,40.982792,1447.879761
Peetz Table,-103.270691,40.927395,1403.776978
Peetz Table,-103.437393,40.975693,1450.879028
Peetz Table,-103.254692,40.915894,1403.700439
Peetz Table,-103.230888,40.910393,1393.144775
Peetz Table,-103.293091,40.955692,1413.746338
Peetz Table,-103.282387,40.941193,1405.270264
Peetz Table,-103.25869,40.907494,1407.238892
Peetz Table,-103.283989,40.970894,1401.247681
Peetz Table,-103.389389,40.963692,1447.920776
Peetz Table,-103.387489,40.968994,1446.543823
Peetz Table,-103.34359,40.988194,1426.061646
Peetz Table Wind Farm,-103.181091,40.947891,1378.41333
Peetz Table Wind Farm,-103.15889,40.937992,1368.22583
Peetz Table Wind Farm,-103.171089,40.951492,1372.324341
Peetz Table Wind Farm,-103.135704,40.955807,1356.914429
Peetz Table Wind Farm,-103.149048,40.952309,1364.86792
Peetz Table Wind Farm,-103.135719,40.941452,1361.826904
Peetz Table Wind Farm,-103.159561,40.948017,1371.474243
Peetz Table Wind Farm,-103.139061,40.954948,1358.918823
Peetz Table Wind Farm,-103.144554,40.942719,1366.741333
Peetz Table Wind Farm,-103.14579,40.95319,1360.639526
Peetz Table Wind Farm,-103.185669,40.935272,1380.870117
Peetz Table Wind Farm,-103.14949,40.939793,1365.057739
Peetz Table Wind Farm,-103.175491,40.936893,1379.495361
Peetz Table Wind Farm,-103.142387,40.954094,1358.487549
Peetz Table Wind Farm,-103.157028,40.950169,1370.199829
Peetz Table Wind Farm,-103.160126,40.936729,1370.147217
Peetz Table Wind Farm,-103.186249,40.945618,1380.463501
Peetz Table Wind Farm,-103.161934,40.935089,1372.993164
Peetz Table Wind Farm,-103.14006,40.938663,1360.708618
Peetz Table Wind Farm,-103.173836,40.944271,1373.214722
Peetz Table Wind Farm,-103.151093,40.938892,1366.967651
Peetz Table Wind Farm,-103.178169,40.93539,1378.856934
Peetz Table Wind Farm,-103.189789,40.935295,1382.147217
Peetz Table Wind Farm,-103.166969,40.953636,1371.31604
Peetz Table Wind Farm,-103.16803,40.943634,1373.314697
Peetz Table Wind Farm,-103.147293,40.942493,1362.363403
Peetz Table Wind Farm,-103.161987,40.945892,1375.299316
Peetz Table Wind Farm,-103.164993,40.944794,1373.456543
Peetz Table Wind Farm,-103.138344,40.939625,1360.700806
Peetz Table Wind Farm,-103.182198,40.935635,1377.036133
Peetz Table Wind Farm,-103.189857,40.944073,1380.349243
Peetz Table Wind Farm,-103.164566,40.955437,1367.63269
Peetz Table Wind Farm,-103.155075,40.938873,1362.789673
Perrin Ranch,-112.294395,35.415508,1889.92334
Perrin Ranch,-112.305405,35.367451,1971.713379
Perrin Ranch,-112.282661,35.411625,1904.963989
Perrin Ranch,-112.2696,35.400837,1910.332886
Perrin Ranch,-112.222221,35.43903,1901.544189
Perrin Ranch,-112.321465,35.471352,1888.177734
Perrin Ranch,-112.317734,35.365677,2011.824585
Perrin Ranch,-112.319672,35.469322,1896.974731
Perrin Ranch,-112.269478,35.396984,1914.86438
Perrin Ranch,-112.27227,35.418468,1908.152344
Perrin Ranch,-112.294853,35.477257,1852.9823
Perrin Ranch,-112.325928,35.463554,1887.892822
Perrin Ranch,-112.224609,35.469337,1867.088379
Perrin Ranch,-112.276321,35.422642,1901.853149
Perrin Ranch,-112.223259,35.461933,1876.677246
Perrin Ranch,-112.303192,35.36594,1975.142944
Perrin Ranch,-112.313187,35.475548,1895.456055
Perrin Ranch,-112.268333,35.393963,1919.93396
Perrin Ranch,-112.309174,35.477917,1885.617798
Perrin Ranch,-112.274879,35.409809,1908.670776
Perrin Ranch,-112.329018,35.370533,1998.17041
Perrin Ranch,-112.286034,35.475914,1849.41748
Perrin Ranch,-112.331169,35.372223,1991.621704
Perrin Ranch,-112.326752,35.475342,1878.802856
Perrin Ranch,-112.271233,35.415535,1904.261963
Perrin Ranch,-112.225662,35.473526,1851.241089
Perrin Ranch,-112.300659,35.364166,1967.872681
Perrin Ranch,-112.332191,35.435879,1899.654053
Perrin Ranch,-112.331398,35.432354,1897.515747
Perrin Ranch,-112.333794,35.468353,1883.651367
Perrin Ranch,-112.332291,35.453205,1884.089722
Perrin Ranch,-112.319435,35.477657,1884.408081
Perrin Ranch,-112.220299,35.453465,1882.616821
Perrin Ranch,-112.333954,35.455635,1885.195313
Perrin Ranch,-112.219688,35.437813,1901.880371
Perrin Ranch,-112.21981,35.432098,1907.636597
Perrin Ranch,-112.303757,35.480732,1877.383911
Perrin Ranch,-112.221893,35.455635,1888.187622
Perrin Ranch,-112.330933,35.466209,1883.863281
Perrin Ranch,-112.280174,35.482903,1839.845947
Perrin Ranch,-112.289352,35.475513,1854.472046
Perrin Ranch,-112.223038,35.458282,1886.796143
Perrin Ranch,-112.316742,35.475113,1893.936035
Perrin Ranch,-112.308517,35.367371,1967.231323
Perrin Ranch,-112.331047,35.450741,1890.196533
Perrin Ranch,-112.334068,35.372978,1991.51416
Perrin Ranch,-112.2854,35.417671,1897.316772
Perrin Ranch,-112.333588,35.4389,1897.299194
Perrin Ranch,-112.264908,35.388779,1927.025391
Perrin Ranch,-112.262466,35.382286,1920.251099
Perrin Ranch,-112.311867,35.36179,1982.586548
Perrin Ranch,-112.296204,35.41761,1885.852539
Perrin Ranch,-112.283722,35.415367,1898.323242
Perrin Ranch,-112.274162,35.420704,1906.617676
Perrin Ranch,-112.332825,35.427204,1896.137573
Perrin Ranch,-112.312096,35.366337,2000.106079
Perrin Ranch,-112.292519,35.413643,1888.598633
Perrin Ranch,-112.274109,35.407253,1903.603638
Perrin Ranch,-112.292381,35.476025,1858.088135
Perrin Ranch,-112.263763,35.385117,1924.091675
Perrin Ranch,-112.277191,35.48278,1842.96228
Perrin Ranch,-112.266396,35.39209,1925.005615
Pilgrim Stage Station,-114.998886,42.792892,1052.043457
Pilgrim Stage Station,-115.000885,42.788193,1056.216309
Pilgrim Stage Station,-115.000885,42.784595,1061.363525
Pilgrim Stage Station,-115.000885,42.786392,1062.599976
Pilgrim Stage Station,-114.998886,42.798794,1039.432861
Pilgrim Stage Station,-115.000885,42.790092,1049.834595
Pilgrim Stage Station,-114.998886,42.795895,1047.947754
Pine Tree Wind Farm,-118.200584,35.262394,1196.167114
Pine Tree Wind Farm,-118.213989,35.269196,1247.424316
Pine Tree Wind Farm,-118.176788,35.270794,1185.922241
Pine Tree Wind Farm,-118.18129,35.244694,1390.303711
Pine Tree Wind Farm,-118.182884,35.257397,1278.921753
Pine Tree Wind Farm,-118.19799,35.234997,1422.973022
Pine Tree Wind Farm,-118.187286,35.287495,1200.286499
Pine Tree Wind Farm,-118.213585,35.264896,1198.610718
Pine Tree Wind Farm,-118.208092,35.266193,1192.217285
Pine Tree Wind Farm,-118.18119,35.241493,1388.56604
Pine Tree Wind Farm,-118.199989,35.263393,1207.322266
Pine Tree Wind Farm,-118.182289,35.254597,1356.217896
Pine Tree Wind Farm,-118.185287,35.276695,1146.832275
Pine Tree Wind Farm,-118.182991,35.255997,1339.036621
Pine Tree Wind Farm,-118.181091,35.239296,1390.302246
Pine Tree Wind Farm,-118.180588,35.264793,1225.720703
Pine Tree Wind Farm,-118.179985,35.267895,1238.515869
Pine Tree Wind Farm,-118.193886,35.245193,1323.192139
Pine Tree Wind Farm,-118.206787,35.277195,1310.423218
Pine Tree Wind Farm,-118.172989,35.258995,1235.149292
Pine Tree Wind Farm,-118.197289,35.269695,1173.004883
Pine Tree Wind Farm,-118.21109,35.271694,1287.413696
Pine Tree Wind Farm,-118.199287,35.271194,1184.860107
Pine Tree Wind Farm,-118.173592,35.257694,1239.023193
Pine Tree Wind Farm,-118.184586,35.283394,1176.641602
Pine Tree Wind Farm,-118.180084,35.266895,1234.281494
Pine Tree Wind Farm,-118.212685,35.262997,1173.834473
Pine Tree Wind Farm,-118.194489,35.242996,1324.465942
Pine Tree Wind Farm,-118.182884,35.258495,1255.573853
Pine Tree Wind Farm,-118.180588,35.269894,1220.400391
Pine Tree Wind Farm,-118.180885,35.237293,1430.467651
Pine Tree Wind Farm,-118.184685,35.275494,1181.417725
Pine Tree Wind Farm,-118.180084,35.242496,1413.163086
Pine Tree Wind Farm,-118.20639,35.276196,1297.44104
Pine Tree Wind Farm,-118.210587,35.267494,1198.320679
Pine Tree Wind Farm,-118.179985,35.262394,1298.808228
Pine Tree Wind Farm,-118.182388,35.260197,1252.024658
Pine Tree Wind Farm,-118.178391,35.252495,1357.305786
Pine Tree Wind Farm,-118.180084,35.265896,1218.543701
Pine Tree Wind Farm,-118.185089,35.284595,1184.204102
Pine Tree Wind Farm,-118.196686,35.240597,1348.491577
Pine Tree Wind Farm,-118.197586,35.237694,1388.928223
Pine Tree Wind Farm,-118.193687,35.288197,1236.025146
Pine Tree Wind Farm,-118.196892,35.239395,1370.07312
Pine Tree Wind Farm,-118.179985,35.248096,1308.746826
Pine Tree Wind Farm,-118.216385,35.265896,1228.445801
Pine Tree Wind Farm,-118.196892,35.236496,1423.407959
Pine Tree Wind Farm,-118.176491,35.272896,1166.888184
Pine Tree Wind Farm,-118.193886,35.244095,1313.734131
Pine Tree Wind Farm,-118.183388,35.281994,1133.082397
Pine Tree Wind Farm,-118.205986,35.274994,1294.713501
Pine Tree Wind Farm,-118.186485,35.286594,1201.204468
Pine Tree Wind Farm,-118.213791,35.273296,1277.439819
Pine Tree Wind Farm,-118.175789,35.275894,1157.188599
Pine Tree Wind Farm,-118.214989,35.274094,1293.161377
Pine Tree Wind Farm,-118.177086,35.250793,1343.103149
Pine Tree Wind Farm,-118.180489,35.268894,1232.366333
Pine Tree Wind Farm,-118.180687,35.243496,1420.520142
Pine Tree Wind Farm,-118.171585,35.256294,1256.843872
Pine Tree Wind Farm,-118.182884,35.234196,1444.431396
Pine Tree Wind Farm,-118.180588,35.253395,1388.572632
Pine Tree Wind Farm,-118.181686,35.240196,1383.94043
Pine Tree Wind Farm,-118.185287,35.285496,1215.007324
Pine Tree Wind Farm,-118.18219,35.235096,1461.473877
Pine Tree Wind Farm,-118.17659,35.273895,1156.329956
Pine Tree Wind Farm,-118.17659,35.271896,1181.230591
Pine Tree Wind Farm,-118.180786,35.238194,1408.077881
Pine Tree Wind Farm,-118.207291,35.280796,1305.292358
Pine Tree Wind Farm,-118.180687,35.245895,1357.317871
Pine Tree Wind Farm,-118.176086,35.274796,1158.528931
Pine Tree Wind Farm,-118.205391,35.264694,1133.854004
Pine Tree Wind Farm,-118.200485,35.272694,1226.641479
Pine Tree Wind Farm,-118.179985,35.246994,1347.751221
Pine Tree Wind Farm,-118.183388,35.274296,1189.915161
Pine Tree Wind Farm,-118.207291,35.278397,1314.752319
Pine Tree Wind Farm,-118.179985,35.263794,1240.646606
Pine Tree Wind Farm,-118.18119,35.236294,1470.180054
Pine Tree Wind Farm,-118.207787,35.279594,1332.768188
Pine Tree Wind Farm,-118.17189,35.259895,1222.356689
Pine Tree Wind Farm,-118.19519,35.241894,1327.692017
Pine Tree extension,-118.199692,35.231396,1446.629272
Pine Tree extension,-118.200691,35.228497,1481.331543
Pine Tree extension,-118.201385,35.281197,1257.628174
Pine Tree extension,-118.198792,35.233395,1417.503052
Pine Tree extension,-118.199486,35.278896,1200.342041
Pine Tree extension,-118.198189,35.276794,1185.871582
Pine Tree extension,-118.198189,35.283497,1206.037109
Pine Tree extension,-118.196587,35.274593,1215.644897
Pine Tree extension,-118.171288,35.236897,1462.597534
Pine Tree extension,-118.175285,35.234493,1487.935303
Pinyon Pines I,-118.223686,35.061893,951.374939
Pinyon Pines I,-118.224785,35.060894,950.3050537
Pinyon Pines I,-118.229485,35.054596,946.9685059
Pinyon Pines I,-118.223442,35.051163,922.3306885
Pinyon Pines I,-118.22422,35.042358,907.6799927
Pinyon Pines I,-118.219086,35.065796,951.315918
Pinyon Pines I,-118.21209,35.071594,950.9314575
Pinyon Pines I,-118.227669,35.056847,948.5308838
Pinyon Pines I,-118.223885,35.049995,921.1994019
Pinyon Pines I,-118.21389,35.052994,902.9602661
Pinyon Pines I,-118.220291,35.064896,950.2509155
Pinyon Pines I,-118.230591,35.051895,944.824707
Pinyon Pines I,-118.213089,35.070694,950.3847656
Pinyon Pines I,-118.232986,35.048695,944.7592163
Pinyon Pines I,-118.230286,35.040596,922.0575562
Pinyon Pines I,-118.215988,35.050095,901.6538086
Pinyon Pines I,-118.21479,35.068794,952.109375
Pinyon Pines I,-118.22139,35.054394,924.7120361
Pinyon Pines I,-118.221489,35.063995,953.274231
Pinyon Pines I,-118.231186,35.050694,944.2444458
Pinyon Pines I,-118.217674,35.066769,951.427063
Pinyon Pines I,-118.215691,35.040096,884.40271
Pinyon Pines I,-118.232086,35.049595,943.4465942
Pinyon Pines I,-118.227188,35.041496,915.2049561
Pinyon Pines I,-118.21936,35.038872,892.1655273
Pinyon Pines I,-118.225487,35.059895,949.1318359
Pinyon Pines I,-118.214386,35.044697,887.9632568
Pinyon Pines I,-118.228584,35.055595,946.4391479
Pinyon Pines I,-118.215889,35.060493,930.5309448
Pinyon Pines I,-118.226547,35.045788,920.861084
Pinyon Pines I,-118.233986,35.047695,946.2973022
Pinyon Pines I,-118.226387,35.058994,949.678894
Pinyon Pines I,-118.218742,35.057461,924.3302002
Pinyon Pines I,-118.21479,35.052094,902.2912598
Pinyon Pines I,-118.224289,35.048897,919.4519043
Pinyon Pines I,-118.218185,35.039597,889.2143555
Pinyon Pines I,-118.21489,35.061394,927.9889526
Pinyon Pines I,-118.213692,35.041897,881.2941895
Pinyon Pines I,-118.235886,35.045795,948.1320801
Pinyon Pines I,-118.215385,35.051094,901.4567261
Pinyon Pines I,-118.216187,35.067596,951.914917
Pinyon Pines I,-118.222786,35.052197,923.5540771
Pinyon Pines I,-118.222588,35.062996,954.5449829
Pinyon Pines I,-118.214386,35.040794,882.1915283
Pinyon Pines I,-118.23719,35.043797,946.9456787
Pinyon Pines I,-118.234886,35.046696,948.4782715
Pinyon Pines I,-118.219887,35.056496,922.5128174
Pinyon Pines I,-118.216591,35.059395,928.9318848
Pinyon Pines I,-118.232735,35.039703,928.1843262
Pinyon Pines I,-118.22979,35.052895,942.7313232
Pinyon Pines I,-118.227287,35.057995,948.8861694
Pinyon Pines I,-118.217491,35.058296,925.2437134
Pinyon Pines I,-118.21389,35.069695,949.7588501
Pinyon Pines I,-118.217155,35.049225,902.428894
Pinyon Pines I,-118.225784,35.046795,921.6148071
Pinyon Pines I,-118.224991,35.047794,919.3483276
Pinyon Pines I,-118.21389,35.062393,928.5292358
Pinyon Pines I,-118.236588,35.044697,946.460083
Pinyon Pines I,-118.212585,35.045696,886.0872192
Pinyon Pines II,-118.215698,35.017281,887.2177734
Pinyon Pines II,-118.207474,35.017929,873.4691772
Pinyon Pines II,-118.191986,35.015594,850.4052734
Pinyon Pines II,-118.20179,35.010796,864.510437
Pinyon Pines II,-118.216187,35.015594,887.6543579
Pinyon Pines II,-118.199791,35.015594,861.7202148
Pinyon Pines II,-118.205292,35.021996,870.5308228
Pinyon Pines II,-118.20649,35.019096,873.0198364
Pinyon Pines II,-118.243187,34.989494,916.145874
Pinyon Pines II,-118.217087,35.012196,889.5809937
Pinyon Pines II,-118.215088,35.018993,885.9260864
Pinyon Pines II,-118.240768,34.991337,914.7999268
Pinyon Pines II,-118.211388,35.010696,879.555542
Pinyon Pines II,-118.208344,35.016682,875.0430298
Pinyon Pines II,-118.205887,35.020596,871.6270142
Pinyon Pines II,-118.187485,35.018295,843.3274536
Pinyon Pines II,-118.21759,35.010593,890.088623
Pinyon Pines II,-118.244492,34.988594,918.1191406
Pinyon Pines II,-118.214386,35.020596,884.4225464
Pinyon Pines II,-118.196785,35.019394,858.1976929
Pinyon Pines II,-118.195091,35.012196,855.5707397
Pinyon Pines II,-118.193985,35.013393,852.6570435
Pinyon Pines II,-118.190887,35.016796,848.5396729
Pinyon Pines II,-118.198853,35.017048,859.9711914
Pinyon Pines II,-118.24189,34.990295,914.7128906
Pinyon Pines II,-118.201385,35.012394,863.6661987
Pinyon Pines II,-118.196487,35.020893,857.4039917
Pinyon Pines II,-118.216385,35.013794,888.3429565
Pinyon Pines II,-118.209991,35.013893,877.7721558
Pinyon Pines II,-118.197586,35.017994,859.0157471
Pinyon Pines II,-118.195786,35.010994,856.1900024
Pinyon Pines II,-118.20929,35.015396,876.2827148
Pinyon Pines II,-118.210785,35.012295,878.5870361
Pinyon Pines II,-118.188988,35.017494,845.7666016
Pinyon Pines II,-118.205246,35.010616,869.1138306
Pinyon Pines II,-118.213486,35.022095,882.9623413
Pinyon Pines II,-118.20079,35.013996,862.9917603
Pioneer Wind Park,-105.907356,42.663734,2113.057373
Pioneer Wind Park,-105.91127,42.66943,2115.294678
Pioneer Wind Park,-105.880234,42.673756,2135.152832
Pioneer Wind Park,-105.90609,42.658394,2115.577393
Pioneer Wind Park,-105.86187,42.723793,2043.682983
Pioneer Wind Park,-105.890244,42.672005,2133.934082
Pioneer Wind Park,-105.9133,42.671543,2104.838867
Pioneer Wind Park,-105.888199,42.685745,2072.189697
Pioneer Wind Park,-105.863853,42.725773,2042.391113
Pioneer Wind Park,-105.856339,42.71666,2064.988281
Pioneer Wind Park,-105.890434,42.667889,2127.742188
Pioneer Wind Park,-105.855865,42.722252,2043.315796
Pioneer Wind Park,-105.877571,42.706886,2037.296143
Pioneer Wind Park,-105.856232,42.714344,2070.196533
Pioneer Wind Park,-105.887657,42.683571,2077.203857
Pioneer Wind Park,-105.880798,42.677792,2109.467529
Pioneer Wind Park,-105.911049,42.667503,2120.037598
Pioneer Wind Park,-105.857353,42.705471,2026.419922
Pioneer Wind Park,-105.881073,42.718277,2061.858154
Pioneer Wind Park,-105.856407,42.71851,2061.04541
Pioneer Wind Park,-105.857689,42.709896,2058.538574
Pioneer Wind Park,-105.906479,42.66013,2121.546143
Pioneer Wind Park,-105.914268,42.673573,2100.404053
Pioneer Wind Park,-105.880241,42.713978,2051.036133
Pioneer Wind Park,-105.857483,42.707699,2036.698364
Pioneer Wind Park,-105.885811,42.723213,2053.579834
Pioneer Wind Park,-105.856171,42.712574,2071.570068
Pioneer Wind Park,-105.881607,42.709202,2043.147827
Pioneer Wind Park,-105.885475,42.702255,2037.196533
Pioneer Wind Park,-105.856728,42.720219,2056.43042
Pioneer Wind Park,-105.879791,42.712048,2046.935547
Pioneer Wind Park,-105.880669,42.676018,2127.913086
Pioneer Wind Park,-105.906731,42.662045,2121.474365
Pioneer Wind Park,-105.886848,42.725246,2044.001709
Pioneer Wind Park,-105.878281,42.68375,2092.383057
Pioneer Wind Park,-105.88665,42.700104,2032.243774
Pioneer Wind Park,-105.915184,42.675934,2101.271729
Pioneer Wind Park,-105.890388,42.669636,2152.344238
Pioneer Wind Park,-105.884109,42.688267,2080.026611
Pioneer Wind Park,-105.884109,42.720974,2060.189697
Pioneer Wind Park,-105.880035,42.715816,2048.151123
Pioneer Wind Park,-105.879189,42.681858,2113.457764
Pioneer Wind Park,-105.890274,42.666023,2131.469727
Pioneer Wind Park,-105.866753,42.728191,2039.548706
Pioneer Wind Park,-105.886139,42.698029,2025.697998
Pioneer Wind Park,-105.878624,42.680164,2108.79248
Point Wind Plant,-118.331314,35.092632,1381.446655
Point Wind Plant,-118.348099,35.087406,1467.501465
Point Wind Plant,-118.342857,35.091953,1479.397705
Point Wind Plant,-118.368622,35.076389,1528.246338
Point Wind Plant,-118.334503,35.090649,1464.421509
Point Wind Plant,-118.349266,35.086128,1518.925659
Point Wind Plant,-118.343323,35.089619,1487.02356
Point Wind Plant,-118.341743,35.093086,1473.238892
Point Wind Plant,-118.361221,35.080818,1577.252075
Point Wind Plant,-118.359375,35.082817,1574.787476
Point Wind Plant,-118.358452,35.084267,1569.910156
Point Wind Plant,-118.340782,35.094334,1456.77832
Point Wind Plant,-118.366196,35.077084,1530.935425
Point Wind Plant,-118.364929,35.078568,1564.864868
Point Wind Plant,-118.357246,35.087147,1563.147461
Point Wind Plant,-118.354004,35.083481,1580.670654
Power County,-112.747787,42.736294,1785.6875
Power County,-112.752991,42.743893,1689.133545
Power County,-112.761185,42.725994,1776.290283
Power County,-112.748886,42.738995,1748.64563
Power County,-112.75119,42.741394,1728.273315
Power County,-112.749786,42.703693,1856.300537
Power County,-112.755089,42.746895,1663.076172
Power County,-112.743591,42.704895,1849.452026
Power County,-112.764687,42.701996,1829.615234
Power County,-112.753288,42.699894,1848.455933
Power County,-112.766685,42.709496,1785.679565
Power County,-112.756187,42.752693,1602.544067
Power County,-112.75779,42.703396,1839.713623
Power County,-112.772285,42.701195,1804.057251
Power County,-112.760986,42.708294,1793.634644
Power County,-112.755989,42.749695,1642.685669
Power County,-112.769188,42.711494,1785.166504
Power County,-112.753685,42.730595,1773.487549
Prospector,-117.255295,44.4184,1274.979248
Prospector,-117.262291,44.414986,1231.960571
Prospector,-117.25737,44.416992,1263.110718
Prospector,-117.259293,44.415142,1232.390015
Prospector,-117.252716,44.419304,1281.933472
Pryor Mountain,-108.696815,45.109226,1373.272949
Pryor Mountain,-108.71685,45.21896,1446.105103
Pryor Mountain,-108.663727,45.101028,1396.270264
Pryor Mountain,-108.721298,45.159996,1418.459351
Pryor Mountain,-108.652763,45.107574,1426.571411
Pryor Mountain,-108.73172,45.165218,1430.191284
Pryor Mountain,-108.707191,45.218918,1453.89917
Pryor Mountain,-108.661484,45.10733,1410.596069
Pryor Mountain,-108.694519,45.158176,1424.51355
Pryor Mountain,-108.683083,45.131519,1414.08728
Pryor Mountain,-108.701233,45.212227,1450.826416
Pryor Mountain,-108.716751,45.153389,1410.742065
Pryor Mountain,-108.6856,45.152496,1434.010986
Pryor Mountain,-108.704575,45.192673,1426.578247
Pryor Mountain,-108.69268,45.138382,1412.593628
Pryor Mountain,-108.697067,45.147373,1411.762329
Pryor Mountain,-108.698746,45.187393,1427.381836
Pryor Mountain,-108.694054,45.148418,1417.789795
Pryor Mountain,-108.708214,45.200062,1432.379639
Pryor Mountain,-108.692329,45.116768,1384.369873
Pryor Mountain,-108.717903,45.160709,1407.534302
Pryor Mountain,-108.649803,45.108612,1432.368408
Pryor Mountain,-108.678818,45.154427,1453.94519
Pryor Mountain,-108.69323,45.167591,1432.182861
Pryor Mountain,-108.690491,45.110592,1385.108643
Pryor Mountain,-108.705879,45.212215,1446.058838
Pryor Mountain,-108.653572,45.115894,1433.102783
Pryor Mountain,-108.709503,45.176693,1423.100098
Pryor Mountain,-108.710922,45.198364,1429.299927
Pryor Mountain,-108.710274,45.189957,1421.624146
Pryor Mountain,-108.693718,45.109928,1375.399292
Pryor Mountain,-108.679718,45.123829,1409.989014
Pryor Mountain,-108.734795,45.164463,1435.806274
Pryor Mountain,-108.69593,45.188866,1438.216553
Pryor Mountain,-108.728737,45.166382,1428.462891
Pryor Mountain,-108.725067,45.151413,1418.691284
Pryor Mountain,-108.670082,45.128281,1425.70166
Pryor Mountain,-108.688866,45.130379,1407.743164
Pryor Mountain,-108.66169,45.119148,1426.737061
Pryor Mountain,-108.696098,45.137962,1410.442505
Pryor Mountain,-108.711334,45.211956,1442.064575
Pryor Mountain,-108.671013,45.100163,1390.083252
Pryor Mountain,-108.69973,45.137688,1417.266479
Pryor Mountain,-108.679688,45.113758,1395.880859
Pryor Mountain,-108.688362,45.18008,1446.93457
Pryor Mountain,-108.701347,45.194271,1429.254517
Pryor Mountain,-108.700783,45.177788,1420.591675
Pryor Mountain,-108.697884,45.178402,1426.394897
Pryor Mountain,-108.689499,45.139179,1416.735107
Pryor Mountain,-108.71096,45.218929,1450.184814
Pryor Mountain,-108.650993,45.123253,1451.403564
Pryor Mountain,-108.680527,45.13242,1417.236328
Pryor Mountain,-108.690308,45.119473,1390.404541
Pryor Mountain,-108.690773,45.150234,1422.570679
Pryor Mountain,-108.69619,45.166496,1425.734741
Pryor Mountain,-108.680573,45.160812,1455.814087
Pryor Mountain,-108.713028,45.146343,1395.005737
Pryor Mountain,-108.699432,45.164848,1418.340942
Pryor Mountain,-108.682236,45.153454,1442.637207
Pryor Mountain,-108.684067,45.167343,1458.083618
Pryor Mountain,-108.705864,45.177994,1415.710205
Pryor Mountain,-108.701149,45.185493,1423.091064
Pryor Mountain,-108.719589,45.152924,1414.904053
Pryor Mountain,-108.711884,45.204861,1435.00354
Pryor Mountain,-108.703865,45.145115,1399.081055
Pryor Mountain,-108.704903,45.184917,1419.953491
Pryor Mountain,-108.716606,45.198395,1425.925293
Pryor Mountain,-108.729462,45.217995,1437.987183
Pryor Mountain,-108.725906,45.167042,1442.029663
Pryor Mountain,-108.721931,45.167191,1420.63916
Pryor Mountain,-108.722191,45.151928,1420.627441
Pryor Mountain,-108.676498,45.114582,1399.47522
Pryor Mountain,-108.673286,45.115459,1404.619629
Pryor Mountain,-108.725365,45.218002,1439.030396
Pryor Mountain,-108.725296,45.15966,1425.114136
Pryor Mountain,-108.667114,45.116596,1413.853882
Pryor Mountain,-108.720253,45.174492,1431.391846
Pryor Mountain,-108.676743,45.125679,1414.497925
Pryor Mountain,-108.716728,45.204746,1431.315796
Pryor Mountain,-108.661041,45.128353,1445.229248
Pryor Mountain,-108.687737,45.167351,1446.347046
Pryor Mountain,-108.684906,45.140099,1422.5896
Pryor Mountain,-108.665108,45.107601,1406.458008
Pryor Mountain,-108.666756,45.100449,1393.853271
Pryor Mountain,-108.686829,45.121063,1398.162598
Pryor Mountain,-108.654831,45.122948,1444.917236
Pryor Mountain,-108.71682,45.146229,1398.341431
Pryor Mountain,-108.712257,45.175884,1427.728394
Pryor Mountain,-108.694572,45.179359,1433.53418
Pryor Mountain,-108.697617,45.15657,1417.734741
Pryor Mountain,-108.733887,45.217842,1437.486328
Pryor Mountain,-108.673508,45.127117,1419.405151
Pryor Mountain,-108.717682,45.167751,1419.406738
Pryor Mountain,-108.681633,45.140961,1428.506958
Pryor Mountain,-108.715797,45.174404,1424.447998
Pryor Mountain,-108.696152,45.116364,1387.960205
Pryor Mountain,-108.649902,45.116364,1442.293945
Pryor Mountain,-108.721359,45.217957,1440.901001
Pryor Mountain,-108.655525,45.105675,1418.192261
Pryor Mountain,-108.716766,45.211918,1438.539917
Pryor Mountain,-108.708214,45.20533,1438.765503
Pryor Mountain,-108.707504,45.191586,1423.811768
Pryor Mountain,-108.66494,45.118477,1420.885376
Pryor Mountain,-108.700569,45.154221,1412.251953
Pryor Mountain,-108.687233,45.160149,1438.834839
Pryor Mountain,-108.691437,45.159504,1429.02356
Pryor Mountain,-108.670189,45.11607,1409.305786
Pryor Mountain,-108.687378,45.112202,1384.70874
Pryor Mountain,-108.700264,45.145943,1406.307983
Pryor Mountain,-108.683884,45.160313,1447.604004
Pryor Mountain,-108.682686,45.122124,1406.81958
Pryor Mountain,-108.737137,45.217804,1439.480469
Pryor Mountain,-108.666153,45.12854,1434.724121
Pryor Mountain,-108.668541,45.106758,1397.537842
Pueblo Towers,-104.621391,38.163395,1496.602417
Rattlesnake Flat,-118.436752,46.884724,523.8381348
Rattlesnake Flat,-118.37397,46.874493,528.5136108
Rattlesnake Flat,-118.416023,46.872852,520.2525024
Rattlesnake Flat,-118.410591,46.891178,532.019104
Rattlesnake Flat,-118.4571,46.932865,530.3201904
Rattlesnake Flat,-118.422989,46.898785,526.3536987
Rattlesnake Flat,-118.349861,46.888771,518.6417847
Rattlesnake Flat,-118.366516,46.897858,525.1682129
Rattlesnake Flat,-118.375648,46.879204,526.8144531
Rattlesnake Flat,-118.497345,46.910305,542.1328735
Rattlesnake Flat,-118.499947,46.915558,542.739624
Rattlesnake Flat,-118.376633,46.884258,525.8703003
Rattlesnake Flat,-118.429756,46.903774,525.4762573
Rattlesnake Flat,-118.480049,46.899746,539.4022827
Rattlesnake Flat,-118.443451,46.887222,520.9710693
Rattlesnake Flat,-118.459839,46.935871,518.7618408
Rattlesnake Flat,-118.374908,46.90139,529.194458
Rattlesnake Flat,-118.404739,46.858582,522.0462646
Rattlesnake Flat,-118.48909,46.905384,551.0725098
Rattlesnake Flat,-118.410614,46.86586,523.8818359
Rattlesnake Flat,-118.442207,46.914703,540.8840332
Rattlesnake Flat,-118.440056,46.911289,536.6451416
Rattlesnake Flat,-118.371902,46.870224,526.3146973
Rattlesnake Flat,-118.44902,46.918919,544.5333252
Rattlesnake Flat,-118.506538,46.917557,527.2058105
Rattlesnake Flat,-118.452095,46.921986,547.0980225
Rattlesnake Flat,-118.435783,46.908615,533.2872314
Rattlesnake Flat,-118.453949,46.890896,522.5174561
Rattlesnake Flat,-118.385345,46.909943,525.1376953
Rattlesnake Flat,-118.405769,46.889744,528.0914917
Rattlesnake Flat,-118.44635,46.916016,539.1802368
Rattlesnake Flat,-118.421013,46.876751,520.4949951
Rattlesnake Flat,-118.341026,46.884449,515.8687744
Rattlesnake Flat,-118.381905,46.884914,526.6454468
Rattlesnake Flat,-118.510979,46.920849,518.8664551
Rattlesnake Flat,-118.462334,46.894421,523.8141479
Rattlesnake Flat,-118.468086,46.896465,531.7821655
Rattlesnake Flat,-118.379417,46.90313,534.6358643
Rattlesnake Flat,-118.429131,46.880329,520.1032104
Rattlesnake Flat,-118.392548,46.888199,527.3567505
Rattlesnake Flat,-118.492805,46.907852,547.2353516
Rattlesnake Flat,-118.407547,46.862103,524.3112183
Rattlesnake Flat,-118.448975,46.888824,522.9193726
Rattlesnake Flat,-118.345711,46.886162,518.6729126
Rattlesnake Flat,-118.387833,46.886467,523.5578613
Rattlesnake Flat,-118.485664,46.902336,540.789917
Rattlesnake Flat,-118.412796,46.869183,520.371582
Rattlesnake Flat,-118.361435,46.89465,523.1182861
Rattlesnake Flat,-118.424538,46.878357,519.4881592
Rattlesnake Flat,-118.42569,46.901642,528.9840088
Rattlesnake Flat,-118.382057,46.906403,526.9778442
Rattlesnake Flat,-118.455284,46.925369,539.2210693
Rattlesnake Flat,-118.414871,46.891991,529.0166016
Rattlesnake Flat,-118.353134,46.891148,519.385376
Rattlesnake Flat,-118.432175,46.883476,522.3624878
Rattlesnake Flat,-118.455795,46.92934,541.9780884
Rattlesnake Flat,-118.37043,46.899216,526.4466553
Rattlesnake Road,-120.218086,45.704895,269.3115234
Rattlesnake Road,-120.222588,45.676594,270.536377
Rattlesnake Road,-120.24939,45.698593,272.0623169
Rattlesnake Road,-120.231087,45.712395,209.8983612
Rattlesnake Road,-120.245384,45.692894,268.0506897
Rattlesnake Road,-120.245789,45.694294,268.8282776
Rattlesnake Road,-120.220787,45.671993,283.1777039
Rattlesnake Road,-120.285789,45.676693,300.1180725
Rattlesnake Road,-120.229286,45.711292,216.4272156
Rattlesnake Road,-120.225685,45.683193,232.2134857
Rattlesnake Road,-120.247383,45.666393,376.4768982
Rattlesnake Road,-120.223083,45.678093,263.0165405
Rattlesnake Road,-120.252487,45.700493,269.5768127
Rattlesnake Road,-120.22139,45.707195,285.4207458
Rattlesnake Road,-120.227684,45.710094,253.8593903
Rattlesnake Road,-120.223686,45.680393,254.0183105
Rattlesnake Road,-120.285583,45.674793,328.956665
Rattlesnake Road,-120.211189,45.695694,279.5001221
Rattlesnake Road,-120.268089,45.680794,307.6082764
Rattlesnake Road,-120.247177,45.66806,381.2073059
Rattlesnake Road,-120.246887,45.669594,369.7152405
Rattlesnake Road,-120.24559,45.672665,357.0740051
Rattlesnake Road,-120.247482,45.696793,270.4821167
Rattlesnake Road,-120.224586,45.681793,242.584549
Rattlesnake Road,-120.253586,45.701893,269.7755127
Rattlesnake Road,-120.211784,45.697193,285.0020447
Rattlesnake Road,-120.239288,45.682293,279.0765076
Rattlesnake Road,-120.245888,45.677494,286.3681946
Rattlesnake Road,-120.244484,45.689793,269.2937622
Rattlesnake Road,-120.226089,45.708794,279.1643066
Rattlesnake Road,-120.243286,45.686993,276.7967224
Rattlesnake Road,-120.212585,45.698593,287.2918396
Rattlesnake Road,-120.237984,45.680595,281.0376587
Rattlesnake Road,-120.214783,45.701195,289.9923096
Rattlesnake Road,-120.240784,45.685295,279.3340149
Rattlesnake Road,-120.221283,45.673492,273.2225952
Rattlesnake Road,-120.219543,45.702061,277.1769714
Rattlesnake Road,-120.239883,45.683895,278.1281128
Rattlesnake Road,-120.221886,45.674995,273.6989136
Rattlesnake Road,-120.246284,45.671192,362.7498779
Rattlesnake Road,-120.226883,45.684593,225.8859253
Rattlesnake Road,-120.245789,45.675896,306.1998291
Rattlesnake Road,-120.268883,45.682392,303.099884
Rattlesnake Road,-120.23259,45.713593,196.3262939
Rattlesnake Road,-120.288788,45.670895,366.2029419
Rattlesnake Road,-120.288284,45.672493,348.8399353
Rattlesnake Road,-120.213882,45.699795,288.4873047
Rattlesnake Road,-120.246689,45.695595,269.9437866
Rattlesnake Road,-120.268883,45.684395,287.0823364
Red Horse 2,-110.087898,32.300514,1618.494263
Red Horse 2,-110.086411,32.276573,1601.331543
Red Horse 2,-110.0886,32.279556,1557.558594
Red Horse 2,-110.087349,32.304184,1631.637329
Red Horse 2,-110.088547,32.297825,1624.857788
Red Horse 2,-110.086487,32.309593,1654.806396
Red Horse 2,-110.08799,32.294384,1623.253052
Red Horse 2,-110.088547,32.291435,1579.681885
Red Horse 2,-110.088287,32.282455,1597.412109
Red Horse 2,-110.088387,32.288746,1596.0979
Red Horse 2,-110.088989,32.285213,1599.382568
Red Horse 2,-110.090347,32.270775,1612.998779
Red Horse 2,-110.08963,32.267506,1564.999878
Red Horse 2,-110.086136,32.306835,1643.516602
Red Horse 2,-110.092377,32.273167,1579.271973
Red Mesa,-107.389191,35.269993,2466.258789
Red Mesa,-107.385986,35.250694,2425.827148
Red Mesa,-107.370392,35.244392,2410.139893
Red Mesa,-107.381691,35.260193,2445.635986
Red Mesa,-107.36969,35.258194,2429.689941
Red Mesa,-107.412086,35.269695,2488.839844
Red Mesa,-107.36129,35.267494,2418.601074
Red Mesa,-107.37619,35.247993,2446.259521
Red Mesa,-107.38839,35.272293,2469.073242
Red Mesa,-107.403687,35.270393,2494.20752
Red Mesa,-107.383987,35.237595,2416.819336
Red Mesa,-107.387192,35.248295,2431.227783
Red Mesa,-107.380592,35.237595,2413.695068
Red Mesa,-107.40889,35.261795,2464.398438
Red Mesa,-107.372787,35.237694,2409.239746
Red Mesa,-107.389992,35.259396,2453.734619
Red Mesa,-107.369392,35.239994,2411.239014
Red Mesa,-107.387489,35.245693,2439.767334
Red Mesa,-107.372993,35.272194,2449.111816
Red Mesa,-107.38269,35.257893,2443.46875
Red Mesa,-107.391891,35.257393,2451.403076
Red Mesa,-107.380287,35.271595,2465.345215
Red Mesa,-107.411293,35.272095,2491.943115
Red Mesa,-107.376289,35.260296,2439.361816
Red Mesa,-107.375893,35.250694,2442.386719
Red Mesa,-107.354988,35.269993,2415.296875
Red Mesa,-107.37249,35.255592,2412.150635
Red Mesa,-107.390991,35.239895,2411.366699
Red Mesa,-107.410889,35.264496,2475.058838
Red Mesa,-107.38369,35.255592,2439.221191
Red Mesa,-107.372292,35.267593,2447.5979
Red Mesa,-107.358688,35.268696,2418.552002
Red Mesa,-107.37149,35.252792,2423.406006
Red Mesa,-107.374191,35.269993,2459.170166
Red Mesa,-107.384087,35.240894,2434.422852
Red Mesa,-107.392593,35.244892,2417.685303
Red Mesa,-107.366386,35.241196,2404.96167
Red Mesa,-107.405388,35.267693,2489.564941
Red Mesa,-107.364792,35.257195,2418.57959
Red Mesa,-107.376991,35.245193,2424.330078
Red Mesa,-107.357391,35.266094,2428.984863
Red Mesa,-107.412888,35.267296,2482.967773
Red Mesa,-107.371094,35.249893,2459.440186
Red Mesa,-107.359993,35.264694,2422.293213
Red Mesa,-107.380089,35.239994,2427.798584
Red Mesa,-107.398491,35.272293,2474.202881
Red Mesa,-107.370087,35.246895,2400.374512
Red Mesa,-107.388588,35.237694,2406.570801
Red Mesa,-107.392189,35.242195,2414.485596
Red Mesa,-107.389191,35.267395,2461.693848
Red Mesa,-107.393494,35.247692,2419.741943
Red Mesa,-107.377991,35.242493,2418.947266
Red Mesa,-107.355186,35.262592,2397.906494
Red Mesa,-107.361389,35.272194,2424.369873
Red Mesa,-107.40049,35.251595,2437.833252
Red Mesa,-107.389687,35.262093,2455.929932
Red Mesa,-107.368294,35.237694,2407.546387
Red Mesa,-107.372192,35.264595,2438.028076
Red Mesa,-107.380592,35.268696,2458.540771
Red Mesa,-107.380791,35.265194,2455.824951
Red Mesa,-107.403191,35.253895,2439.898438
Red Mesa,-107.381287,35.262695,2449.766113
Red Mesa,-107.395592,35.255993,2446.15625
Red Mesa,-107.366089,35.272392,2437.223633
Ridgetop,-118.300789,35.079994,1444.493164
Ridgetop,-118.307129,35.07159,1371.460693
Ridgetop,-118.331291,35.074894,1409.307861
Ridgetop,-118.308662,35.077335,1455.581421
Ridgetop,-118.298126,35.078476,1438.739136
Ridgetop,-118.329086,35.076996,1394.128418
Ridgetop,-118.32579,35.072495,1388.239258
Ridgetop,-118.298698,35.07917,1448.581543
Ridgetop,-118.307487,35.075695,1430.201782
Ridgetop,-118.330589,35.074696,1412.584229
Ridgetop,-118.302429,35.080948,1467.346436
Ridgetop,-118.32959,35.074696,1409.638916
Ridgetop,-118.30526,35.07674,1440.783569
Ridgetop,-118.299522,35.079777,1444.056396
Ridgetop,-118.29689,35.081894,1461.098267
Ridgetop,-118.329689,35.075394,1402.542358
Ridgetop,-118.323189,35.074493,1406.729248
Ridgetop,-118.298485,35.078094,1429.774048
Ridgetop,-118.296326,35.080978,1438.503296
Ridgetop,-118.325089,35.073093,1385.860718
Ridgetop,-118.311584,35.075195,1431.937012
Ridgetop,-118.312523,35.076046,1444.993652
Ridgetop,-118.297852,35.081154,1468.102783
Ridgetop,-118.328285,35.076794,1399.868896
Ridgetop,-118.306725,35.077579,1475.462036
Ridgetop,-118.305885,35.073696,1409.351074
Ridgetop,-118.324989,35.073296,1387.590698
Ridgetop,-118.304291,35.074993,1412.611694
Ridgetop,-118.325287,35.072895,1385.915527
Ridgetop,-118.300003,35.079548,1434.864258
Ridgetop,-118.323647,35.074142,1399.284058
Ridgetop,-118.297585,35.080093,1453.765259
Ridgetop,-118.324692,35.073494,1389.463501
Ridgetop,-118.300888,35.078644,1442.367188
Ridgetop,-118.30603,35.073536,1403.811646
Ridgetop,-118.299324,35.07996,1452.957642
Ridgetop,-118.306305,35.075733,1437.607666
Ridgetop,-118.303391,35.076996,1436.243042
Ridgetop,-118.300133,35.080544,1452.193726
Ridgetop,-118.30529,35.075195,1430.143311
Ridgetop,-118.30452,35.077091,1447.303589
Ridgetop,-118.308464,35.077538,1463.276123
Ridgetop,-118.29789,35.078716,1440.211182
Ridgetop,-118.328285,35.076496,1396.57666
Ridgetop,-118.308311,35.076225,1433.930054
Ridgetop,-118.331085,35.075096,1401.446777
Ridgetop,-118.307335,35.071499,1375.447632
Ridgetop,-118.312744,35.075855,1438.906982
Ridgetop,-118.325584,35.074196,1398.107544
Ridgetop,-118.295273,35.077961,1417.226807
Ridgetop,-118.323387,35.074295,1402.760742
Ridgetop,-118.301086,35.081795,1463.18042
Ridgetop,-118.30481,35.074535,1417.79126
Ridgetop,-118.302788,35.081795,1476.165527
Ridgetop,-118.329391,35.074795,1409.778809
Ridgetop,-118.312279,35.076237,1452.815186
Ridgetop,-118.322517,35.075146,1419.26062
Ridgetop,-118.329285,35.074894,1409.355469
Ridgetop,-118.300529,35.077873,1431.327637
Ridgetop,-118.307884,35.076595,1447.186279
Ridgetop,-118.302986,35.080593,1477.833618
Ridgetop,-118.30719,35.075096,1419.650024
Ridgetop,-118.33049,35.075497,1392.706055
Ridgetop,-118.326286,35.070595,1398.396606
Ridgetop,-118.301689,35.080395,1455.193115
Ridgetop,-118.31102,35.075855,1443.708252
Ridgetop,-118.30278,35.078526,1450.772949
Ridgetop,-118.303589,35.076794,1439.273438
Ridgetop,-118.303139,35.079273,1457.34436
Ridgetop,-118.326691,35.073296,1396.040649
Ridgetop,-118.312981,35.075661,1435.500977
Ridgetop,-118.296028,35.080204,1436.817017
Ridgetop,-118.305588,35.073895,1411.518311
Ridgetop,-118.31395,35.074875,1422.353638
Ridgetop,-118.300186,35.079296,1428.528931
Ridgetop,-118.300987,35.080994,1461.071289
Ridgetop,-118.303085,35.081696,1480.700439
Ridgetop,-118.329185,35.075695,1402.29248
Ridgetop,-118.322227,35.075302,1422.726563
Ridgetop,-118.329788,35.075294,1401.004883
Ridgetop,-118.32579,35.070496,1391.285889
Ridgetop,-118.330292,35.074894,1406.483521
Ridgetop,-118.330086,35.075794,1396.284302
Ridgetop,-118.330788,35.075294,1395.380493
Ridgetop,-118.306786,35.074097,1410.513184
Ridgetop,-118.30632,35.076672,1454.140381
Ridgetop,-118.31179,35.076595,1461.261719
Ridgetop,-118.304344,35.07724,1451.409668
Ridgetop,-118.311386,35.075394,1436.009033
Ridgetop,-118.305687,35.076195,1443.404053
Ridgetop,-118.307487,35.074696,1406.822876
Ridgetop,-118.305466,35.076347,1442.770386
Ridgetop,-118.298988,35.081493,1465.8125
Ridgetop,-118.306435,35.073242,1388.851196
Ridgetop,-118.325287,35.074394,1400.710083
Ridgetop,-118.298164,35.080952,1469.183105
Ridgetop,-118.326485,35.073494,1395.047485
Ridgetop,-118.302185,35.080093,1462.279907
Ridgetop,-118.29879,35.080395,1463.607178
Ridgetop,-118.295837,35.080433,1435.206177
Ridgetop,-118.303932,35.076477,1435.623413
Ridgetop,-118.322685,35.074894,1415.175537
Ridgetop,-118.303902,35.079834,1467.466309
Ridgetop,-118.329285,35.076996,1392.612183
Ridgetop,-118.304688,35.081551,1486.596924
Ridgetop,-118.295296,35.077751,1416.721924
Ridgetop,-118.303986,35.081795,1482.474731
Ridgetop,-118.328384,35.075497,1406.590698
Ridgetop,-118.325989,35.073895,1394.634033
Ridgetop,-118.298187,35.079796,1467.172363
Ridgetop,-118.297089,35.080494,1457.038452
Ridgetop,-118.328888,35.076996,1395.961426
Ridgetop,-118.297287,35.080296,1454.547729
Ridgetop,-118.302391,35.077694,1429.770996
Ridgetop,-118.307487,35.076897,1458.24939
Ridgetop,-118.324188,35.073795,1393.287109
Ridgetop,-118.307487,35.077995,1465.971313
Ridgetop,-118.330292,35.075695,1393.331177
Ridgetop,-118.297485,35.077896,1429.359985
Ridgetop,-118.303291,35.081493,1482.090454
Ridgetop,-118.306885,35.071693,1363.614624
Ridgetop,-118.327187,35.072895,1399.701782
Ridgetop,-118.295341,35.077553,1413.495117
Ridgetop,-118.307388,35.077793,1472.579956
Ridgetop,-118.330391,35.074795,1409.953979
Ridgetop,-118.308189,35.075294,1415.218018
Ridgetop,-118.329086,35.075794,1400.891968
Ridgetop,-118.328285,35.076694,1399.044312
Ridgetop,-118.304085,35.075195,1408.275024
Ridgetop,-118.31369,35.075096,1427.79834
Ridgetop,-118.301987,35.081394,1468.203247
Ridgetop,-118.329491,35.075497,1404.506226
Ridgetop,-118.302666,35.080746,1471.884155
Ridgetop,-118.297089,35.079395,1441.375977
Ridgetop,-118.308479,35.075157,1413.754272
Ridgetop,-118.306091,35.077995,1468.307617
Ridgetop,-118.304153,35.077404,1453.2948
Ridgetop,-118.305405,35.074028,1411.759888
Ridgetop,-118.30719,35.073795,1392.663574
Ridgetop,-118.329086,35.074993,1410.023804
Ridgetop,-118.306526,35.077789,1473.282593
Ridgetop,-118.302986,35.078297,1446.599487
Ridgetop,-118.302185,35.075695,1421.053467
Ridgetop,-118.304787,35.075794,1428.065552
Ridgetop,-118.330086,35.074993,1404.157227
Ridgetop,-118.307137,35.076054,1441.02771
Ridgetop,-118.294708,35.078365,1416.586182
Ridgetop,-118.302948,35.075119,1400.338623
Ridgetop,-118.303993,35.074146,1402.881714
Ridgetop,-118.328491,35.076195,1395.026001
Ridgetop,-118.329391,35.075596,1403.467529
Ridgetop,-118.303207,35.078175,1439.518555
Ridgetop,-118.294937,35.078259,1418.219604
Ridgetop,-118.305176,35.079933,1474.43042
Ridgetop,-118.31189,35.074993,1426.499878
Ridgetop,-118.302658,35.076439,1425.849731
Ridgetop,-118.304916,35.081345,1487.790649
Ridgetop,-118.328285,35.076294,1395.685669
Ridgetop,-118.309792,35.075195,1429.64209
Ridgetop,-118.30439,35.076195,1424.459717
Ridgetop,-118.331589,35.074696,1413.557373
Ridgetop,-118.307991,35.075394,1418.587158
Ridgetop,-118.328186,35.075596,1405.388184
Ridgetop,-118.312088,35.074795,1422.048706
Ridgetop,-118.301788,35.081596,1469.783813
Ridgetop,-118.330887,35.075195,1397.169434
Ridgetop,-118.312042,35.076424,1458.783203
Ridgetop,-118.329987,35.075195,1400.81604
Ridgetop,-118.303879,35.078739,1452.719971
Ridgetop,-118.306084,35.076855,1457.120605
Ridgetop,-118.32679,35.070896,1396.452271
Ridgetop,-118.296921,35.079552,1449.839966
Ridgetop,-118.306969,35.076221,1446.055298
Ridgetop,-118.295288,35.081696,1441.318481
Ridgetop,-118.307816,35.073288,1390.254395
Ridgetop,-118.33149,35.074795,1412.480347
Ridgetop,-118.305168,35.081161,1488.45105
Ridgetop,-118.30703,35.078033,1467.401978
Ridgetop,-118.307396,35.073654,1383.607178
Ridgetop,-118.32579,35.074097,1396.902954
Ridgetop,-118.302185,35.081196,1466.090698
Ridgetop,-118.329788,35.075996,1394.107666
Ridgetop,-118.300285,35.077995,1429.430054
Ridgetop,-118.296486,35.079796,1449.100708
Ridgetop,-118.330589,35.075394,1394.583252
Ridgetop,-118.326988,35.073093,1398.294556
Ridgetop,-118.307388,35.074894,1413.487793
Ridgetop,-118.294632,35.078644,1419.950195
Ridgetop,-118.329987,35.075893,1396.079224
Ridgetop,-118.313217,35.075462,1433.963745
Ridgetop,-118.311188,35.075596,1438.639771
Ridgetop,-118.295044,35.081837,1452.35144
Ridgetop,-118.325584,35.072697,1386.572876
Ridgetop,-118.306389,35.077995,1469.207642
Ridgetop,-118.296829,35.080654,1453.567993
Ridgetop,-118.305191,35.074196,1411.317383
Ridgetop,-118.308716,35.075016,1417.640015
Ridgetop,-118.298935,35.078964,1440.57666
Ridgetop,-118.323891,35.073994,1396.654907
Ridgetop,-118.304375,35.079433,1464.567749
Ridgetop,-118.301285,35.080795,1458.809082
Ridgetop,-118.308189,35.077694,1465.120605
Ridgetop,-118.307587,35.073395,1381.030884
Ridgetop,-118.302658,35.079681,1464.282959
Ridgetop,-118.305084,35.075394,1432.677368
Ridgetop,-118.307236,35.077042,1462.058594
Ridgetop,-118.301575,35.078125,1433.581177
Ridgetop,-118.326286,35.073696,1394.635498
Ridgetop,-118.302589,35.077496,1421.382446
Ridgetop,-118.303688,35.077694,1440.652588
Ridgetop,-118.322891,35.074696,1411.664551
Ridgetop,-118.297691,35.081394,1466.037842
Ridgetop,-118.303856,35.076649,1439.144897
Ridgetop,-118.324471,35.073662,1391.288574
Ridgetop,-118.303513,35.081303,1485.147339
Rim Rock,-112.113991,48.803795,1253.870605
Rim Rock,-112.053886,48.855392,1263.436768
Rim Rock,-112.114487,48.801094,1256.125244
Rim Rock,-112.14399,48.822693,1285.257324
Rim Rock,-112.032387,48.845394,1265.371338
Rim Rock,-112.035988,48.834492,1290.175415
Rim Rock,-112.051788,48.850193,1278.723022
Rim Rock,-112.058784,48.819294,1293.314209
Rim Rock,-112.073685,48.819893,1269.875977
Rim Rock,-112.074684,48.816593,1262.879395
Rim Rock,-112.235291,48.782192,1285.010986
Rim Rock,-112.191986,48.781994,1257.892944
Rim Rock,-112.14109,48.814491,1268.882935
Rim Rock,-112.044189,48.848091,1279.193604
Rim Rock,-112.077583,48.824795,1272.393311
Rim Rock,-112.186684,48.789993,1255.497681
Rim Rock,-112.038788,48.838692,1279.692139
Rim Rock,-112.260185,48.783295,1256.752319
Rim Rock,-112.043686,48.853592,1263.458374
Rim Rock,-112.18219,48.832993,1269.676147
Rim Rock,-112.041588,48.864895,1252.219482
Rim Rock,-112.041489,48.840694,1284.027954
Rim Rock,-112.057884,48.889492,1213.258179
Rim Rock,-112.160789,48.814995,1286.240845
Rim Rock,-112.174789,48.786491,1254.957031
Rim Rock,-112.194489,48.821194,1253.844116
Rim Rock,-112.233589,48.777493,1281.459839
Rim Rock,-112.141991,48.820393,1282.349976
Rim Rock,-112.033585,48.847992,1255.907227
Rim Rock,-112.063385,48.887093,1231.713745
Rim Rock,-112.031586,48.831192,1298.057007
Rim Rock,-112.035385,48.822891,1301.92627
Rim Rock,-112.180885,48.799793,1275.675293
Rim Rock,-112.142387,48.811295,1277.569824
Rim Rock,-112.15229,48.807693,1266.282471
Rim Rock,-112.048286,48.861992,1254.303711
Rim Rock,-112.063583,48.879894,1227.637817
Rim Rock,-112.150787,48.811394,1283.999268
Rim Rock,-112.13279,48.816994,1287.889771
Rim Rock,-112.074287,48.879395,1239.137695
Rim Rock,-112.113091,48.806595,1255.697754
Rim Rock,-112.11129,48.822693,1270.184937
Rim Rock,-112.069885,48.890392,1227.408325
Rim Rock,-112.114388,48.796093,1262.275391
Rim Rock,-112.046684,48.880493,1213.386475
Rim Rock,-112.038284,48.858593,1248.778198
Rim Rock,-112.110489,48.809792,1273.852905
Rim Rock,-112.05159,48.828194,1282.258911
Rim Rock,-112.029083,48.825394,1305.942993
Rim Rock,-112.029785,48.828491,1298.700562
Rim Rock,-112.051086,48.831894,1279.424072
Rim Rock,-112.052589,48.835594,1282.882935
Rim Rock,-112.233788,48.780094,1282.996948
Rim Rock,-112.047188,48.821293,1300.681763
Rim Rock,-112.22229,48.777092,1256.494019
Rim Rock,-112.048386,48.825294,1283.881226
Rim Rock,-112.03299,48.850594,1259.364502
Rim Rock,-112.153587,48.804592,1261.200073
Rim Rock,-112.059685,48.816395,1281.930298
Rim Rock,-112.179787,48.802994,1277.367798
Rim Rock,-112.185486,48.829891,1255.996948
Rim Rock,-112.189888,48.779694,1261.506226
Rim Rock,-112.05899,48.878391,1224.781128
Rim Rock,-112.14679,48.825092,1275.949097
Rim Rock,-112.034584,48.854694,1248.293091
Rim Rock,-112.041389,48.876793,1226.247437
Rim Rock,-112.187691,48.795895,1267.465698
Rim Rock,-112.185585,48.786991,1257.687012
Rim Rock,-112.114784,48.798592,1255.900269
Rim Rock,-112.024185,48.835491,1280.495972
Rim Rock,-112.066185,48.836693,1281.85376
Rim Rock,-112.205383,48.798893,1269.060181
Rim Rock,-112.026985,48.843792,1262.233643
Rim Rock,-112.253387,48.778393,1275.632324
Rim Rock,-112.051987,48.874893,1219.263184
Rim Rock,-112.187286,48.820892,1260.284546
Rim Rock,-112.05249,48.846794,1285.119141
Rim Rock,-112.048988,48.872292,1236.501831
Rim Rock,-112.166588,48.816792,1282.834106
Rim Rock,-112.06089,48.834492,1281.063721
Rim Rock,-112.191589,48.805794,1265.788208
Rim Rock,-112.150185,48.802895,1259.348267
Rim Rock,-112.043388,48.850792,1272.151489
Rim Rock,-112.112587,48.811794,1275.939941
Rim Rock,-112.185387,48.784294,1263.175293
Rim Rock,-112.04879,48.838894,1286.576904
Rim Rock,-112.057983,48.885494,1214.869873
Rim Rock,-112.117088,48.825493,1272.194946
Rim Rock,-112.04229,48.879093,1225.687744
Rim Rock,-112.180984,48.819294,1267.434326
Rim Rock,-112.117584,48.817593,1272.424316
Rim Rock,-112.069084,48.882591,1229.803955
Rim Rock,-112.191788,48.810593,1262.338135
Rim Rock,-112.07679,48.883392,1233.353638
Rim Rock,-112.024284,48.838493,1268.567505
Rim Rock,-112.056686,48.882591,1214.740234
Rim Rock,-112.078789,48.885494,1234.814941
Rim Rock,-112.156387,48.812992,1288.98999
Rim Rock,-112.041084,48.872292,1231.013306
Rim Rock,-112.036385,48.825993,1291.91394
Rim Rock,-112.138885,48.817993,1284.893799
Rim Rock,-112.170189,48.818794,1276.689697
Rim Rock,-112.187485,48.792992,1254.132935
Rim Rock,-112.07769,48.821892,1281.605469
Rim Rock,-112.05719,48.837791,1290.477783
Rim Rock,-112.048187,48.859592,1255.992065
Rim Rock,-112.193291,48.784393,1254.963379
Rim Rock,-112.062889,48.829494,1288.347656
Rim Rock,-112.212387,48.782093,1255.368286
Rim Rock,-112.053787,48.852993,1279.019653
Rim Rock,-112.25679,48.781391,1266.909912
Rim Rock,-112.040787,48.874695,1224.485107
Rim Rock,-112.044189,48.867893,1240.544922
Rim Rock,-112.038086,48.820091,1298.922607
Rim Rock,-112.183388,48.805893,1275.737061
Rim Rock,-112.14209,48.802193,1253.28418
Rim Rock,-112.028488,48.840393,1279.281982
Rim Rock,-112.082588,48.887394,1226.632202
Rim Rock,-112.114288,48.815193,1270.943359
Rim Rock,-112.071091,48.887691,1229.916382
Rim Rock,-112.21209,48.777393,1250.378296
Rim Rock,-112.248085,48.781094,1275.543335
Rim Rock,-112.056686,48.813595,1273.038696
Rim Rock,-112.054688,48.822193,1288.987549
Rim Rock,-112.046288,48.844894,1288.728027
Rim Rock,-112.208885,48.795895,1254.856079
Rising Tree North,-118.211655,35.07988,975.333313
Rising Tree North,-118.230743,35.08717,1071.551147
Rising Tree North,-118.21508,35.091572,1041.633667
Rising Tree North,-118.229225,35.06736,987.6784058
Rising Tree North,-118.220383,35.094021,1064.03186
Rising Tree North,-118.220642,35.09185,1043.415039
Rising Tree North,-118.206512,35.092762,998.4013062
Rising Tree North,-118.23172,35.084881,1061.354004
Rising Tree North,-118.206589,35.088753,982.2953491
Rising Tree North,-118.231056,35.089241,1086.009033
Rising Tree North,-118.230385,35.072552,1006.444336
Rising Tree North,-118.231384,35.093422,1115.165894
Rising Tree North,-118.220352,35.074963,989.7888794
Rising Tree North,-118.207481,35.094582,1014.922424
Rising Tree North,-118.216103,35.094273,1040.09314
Rising Tree North,-118.220329,35.079613,1010.449402
Rising Tree North,-118.22036,35.08168,1026.29541
Rising Tree North,-118.220253,35.085941,1036.597046
Rising Tree North,-118.220543,35.087681,1048.871826
Rising Tree North,-118.206505,35.090771,990.7245483
Rising Tree North,-118.220619,35.089653,1045.367432
Rising Tree North,-118.206413,35.0868,980.5270386
Rising Tree North,-118.23185,35.091949,1107.111206
Rising Tree North,-118.206604,35.084129,976.3153687
Rising Tree North,-118.220436,35.083652,1021.716187
Rising Tree North,-118.229233,35.06926,991.3964844
Rising Tree North,-118.211693,35.081913,983.9030151
Rising Tree North,-118.218903,35.072189,977.37323
Rising Tree North,-118.211845,35.08395,992.0749512
Rising Tree North,-118.220444,35.077431,1000.643982
Rising Tree South,-118.24324,35.066422,1036.765625
Rising Tree South,-118.259109,35.059143,1065.844482
Rising Tree South,-118.259163,35.04776,1024.154175
Rising Tree South,-118.23777,35.057392,983.2970581
Rising Tree South,-118.248611,35.058773,1026.587036
Rising Tree South,-118.24865,35.061501,1035.843384
Rising Tree South,-118.2593,35.063129,1084.665283
Rising Tree South,-118.239525,35.076031,1067.515991
Rising Tree South,-118.229202,35.065521,981.2040405
Rising Tree South,-118.25927,35.05418,1042.467773
Rising Tree South,-118.239571,35.078121,1076.379272
Rising Tree South,-118.235229,35.067402,1009.787048
Rising Tree South,-118.237755,35.05933,988.289856
Rising Tree South,-118.259369,35.056171,1050.428711
Rising Tree South,-118.248512,35.06377,1045.970093
Rising Tree South,-118.237823,35.061333,993.2727051
Rising Tree South,-118.254631,35.04221,990.9801025
Rising Tree South,-118.237831,35.063442,1000.826538
Rising Tree South,-118.236305,35.06535,1007.269104
Rising Tree South,-118.259361,35.06517,1092.077637
Rising Tree South,-118.259415,35.061192,1074.202271
Rising Tree South,-118.249466,35.047222,994.0531006
Rising Tree South,-118.249504,35.049252,1000.037659
Rising Tree South,-118.259239,35.051941,1040.932007
Rising Tree South,-118.248421,35.066353,1053.189697
Rising Tree South,-118.249466,35.051331,1004.051147
Rising Tree South,-118.249489,35.054401,1010.528748
Rising Tree South,-118.259315,35.049721,1033.358032
Rising Tree South,-118.238091,35.054642,974.6105347
Rising Tree South,-118.254593,35.044292,995.206604
Robertsons Ready Mix,-116.811386,33.914597,568.1375732
Robertsons Ready Mix,-116.815086,33.917194,579.9815063
Rock River I Repowering,-106.114342,41.715515,2257.437012
Rock River I Repowering,-106.135826,41.71682,2300.987549
Rock River I Repowering,-106.086296,41.719784,2223.290771
Rock River I Repowering,-106.106255,41.716434,2247.313721
Rock River I Repowering,-106.120018,41.709351,2259.556152
Rock River I Repowering,-106.101707,41.713165,2239.154541
Rock River I Repowering,-106.126167,41.712971,2271.641602
Rock River I Repowering,-106.129402,41.71624,2286.969482
Rock River I Repowering,-106.087883,41.723511,2234.418213
Rock River I Repowering,-106.097,41.725842,2254.438721
Rock River I Repowering,-106.114479,41.71183,2254.021729
Rock River I Repowering,-106.103477,41.719917,2248.545654
Rock River I Repowering,-106.132042,41.719379,2296.329102
Rock River I Repowering,-106.089645,41.726967,2244.874756
Rock River I Repowering,-106.111649,41.720573,2262.284912
Rock River I Repowering,-106.096832,41.722271,2241.394043
Rock River I Repowering,-106.095772,41.718559,2236.883057
Rock River I Repowering,-106.118141,41.718571,2267.860596
Rock River I Repowering,-106.122009,41.716095,2269.985107
Rockland,-112.900787,42.706493,1398.168945
Rockland,-112.949989,42.681095,1388.007935
Rockland,-112.886086,42.679493,1462.003174
Rockland,-112.891685,42.696995,1465.079956
Rockland,-112.856384,42.684593,1518.392944
Rockland,-112.91819,42.703293,1371.169434
Rockland,-112.911087,42.692593,1399.253296
Rockland,-112.89769,42.693195,1432.741577
Rockland,-112.873886,42.702393,1462.2677
Rockland,-112.933891,42.678696,1442.245605
Rockland,-112.962486,42.665394,1440.653931
Rockland,-112.957489,42.668793,1432.370728
Rockland,-112.892189,42.710896,1419.00708
Rockland,-112.900391,42.700394,1415.856323
Rockland,-112.950188,42.673492,1421.206299
Rockland,-112.937088,42.686195,1422.954224
Rockland,-112.881287,42.691193,1492.833618
Rockland,-112.958786,42.678993,1402.923096
Rockland,-112.906387,42.709496,1383.568115
Rockland,-112.941086,42.670593,1429.977051
Rockland,-112.952492,42.691395,1357.086792
Rockland,-112.93409,42.671394,1436.461914
Rockland,-112.934387,42.699196,1362.761475
Rockland,-112.871284,42.693394,1476.240845
Rockland,-112.912086,42.701595,1378.881958
Rockland,-112.926491,42.686493,1406.783447
Rockland,-112.886086,42.697094,1488.088745
Rockland,-112.979187,42.667496,1433.506714
Rockland,-112.929787,42.703995,1351.129395
Rockland,-112.942787,42.687595,1392.34314
Rockland,-112.90609,42.701195,1405.828857
Rockland,-112.880989,42.695694,1500.996582
Rockland,-112.921486,42.671295,1432.619263
Rockland,-112.905891,42.679493,1452.537842
Rockland,-112.91069,42.680893,1433.977905
Rockland,-112.931786,42.688694,1406.801147
Rockland,-112.907288,42.667892,1457.518555
Rockland,-112.887589,42.702393,1465.655151
Rockland,-112.886589,42.691593,1477.275269
Rockland,-112.952492,42.668896,1436.354126
Rockland,-112.945488,42.697895,1354.42627
Rockland,-112.86689,42.682896,1495.855225
Rockland,-112.926788,42.679295,1435.344971
Rockland,-112.938789,42.678593,1418.081665
Rolling Hills,-105.857391,43.073093,1782.649292
Rolling Hills,-105.843185,43.043694,1745.920288
Rolling Hills,-105.854591,43.079292,1769.624146
Rolling Hills,-105.830391,43.121895,1697.341675
Rolling Hills,-105.840385,43.086693,1797.663086
Rolling Hills,-105.819191,43.134495,1718.285645
Rolling Hills,-105.827492,43.120594,1723.49292
Rolling Hills,-105.840988,43.117592,1711.704712
Rolling Hills,-105.839088,43.100891,1750.997681
Rolling Hills,-105.84729,43.047592,1751.94751
Rolling Hills,-105.856186,43.066593,1765.006104
Rolling Hills,-105.854088,43.080994,1761.938965
Rolling Hills,-105.818993,43.132793,1716.309204
Rolling Hills,-105.815887,43.009995,1693.564697
Rolling Hills,-105.850487,43.049992,1759.395996
Rolling Hills,-105.842888,43.105392,1712.157715
Rolling Hills,-105.841988,43.083195,1790.388062
Rolling Hills,-105.818787,43.012592,1703.557373
Rolling Hills,-105.814285,42.996593,1715.195923
Rolling Hills,-105.843086,43.111591,1713.618286
Rolling Hills,-105.845886,43.044693,1742.256592
Rolling Hills,-105.843788,43.108994,1723.786621
Rolling Hills,-105.843689,43.023994,1732.569092
Rolling Hills,-105.814087,43.006893,1705.591309
Rolling Hills,-105.832886,43.130692,1664.795288
Rolling Hills,-105.853592,43.055695,1758.329956
Rolling Hills,-105.814392,43.002495,1707.422363
Rolling Hills,-105.852386,43.052692,1760.359253
Rolling Hills,-105.853188,43.054092,1760.222778
Rolling Hills,-105.855392,43.064194,1762.464478
Rolling Hills,-105.814186,42.998295,1715.725708
Rolling Hills,-105.856491,43.076294,1776.605713
Rolling Hills,-105.84639,43.046192,1748.77478
Rolling Hills,-105.840088,43.098892,1746.793457
Rolling Hills,-105.833191,43.127392,1673.565308
Rolling Hills,-105.854286,43.058891,1760.634521
Rolling Hills,-105.856689,43.074593,1780.193237
Rolling Hills,-105.855286,43.062695,1763.520752
Rolling Hills,-105.841286,43.038994,1740.015259
Rolling Hills,-105.814285,42.994991,1708.894531
Rolling Hills,-105.857185,43.068192,1774.697266
Rolling Hills,-105.839691,43.085491,1793.600586
Rolling Hills,-105.842293,43.114193,1718.410156
Rolling Hills,-105.818993,43.131092,1700.36084
Rolling Hills,-105.841087,43.081894,1796.06665
Rolling Hills,-105.833191,43.125092,1697.355469
Rolling Hills,-105.841492,43.040894,1746.861572
Rolling Hills,-105.813492,42.993591,1699.814453
Rolling Hills,-105.849091,43.048695,1756.13855
Rolling Hills,-105.854187,43.057095,1759.767212
Rolling Hills,-105.840691,43.037594,1742.847656
Rolling Hills,-105.809692,42.990494,1725.373657
Rolling Hills,-105.833191,43.129093,1667.35791
Rolling Hills,-105.851692,43.051193,1765.589233
Rolling Hills,-105.806892,42.989693,1726.226807
Rolling Hills,-105.85759,43.071392,1781.81189
Rolling Hills,-105.822685,43.014591,1705.258179
Rolling Hills,-105.843391,43.025692,1737.092041
Rolling Hills,-105.842789,43.042194,1744.44043
Rolling Hills,-105.854385,43.060894,1753.860596
Rolling Hills,-105.854492,43.082493,1755.159302
Rolling Hills,-105.843086,43.103794,1713.605835
Rolling Hills,-105.843185,43.027393,1739.737061
Rolling Hills,-105.814186,42.999893,1715.762085
Rolling Hills,-105.843689,43.107391,1723.957642
Rolling Hills,-105.832489,43.123093,1695.523071
Roundhouse,-105.095299,41.075127,2145.074219
Roundhouse,-105.183281,41.05463,2267.559814
Roundhouse,-105.046196,41.065975,2078.357178
Roundhouse,-105.163017,41.023911,2220.03833
Roundhouse,-105.032578,41.075611,2062.649658
Roundhouse,-105.139786,41.044369,2189.001953
Roundhouse,-105.176826,41.040588,2240.223877
Roundhouse,-105.15963,41.028748,2208.974854
Roundhouse,-105.042709,41.045891,2072.705322
Roundhouse,-105.146988,41.051472,2205.714844
Roundhouse,-105.165352,41.036858,2200.975586
Roundhouse,-105.110115,41.079895,2165.391113
Roundhouse,-105.186897,41.039165,2266.650391
Roundhouse,-105.103653,41.065895,2155.003906
Roundhouse,-105.081345,41.063828,2125.610352
Roundhouse,-105.04705,41.076984,2082.102783
Roundhouse,-105.137192,41.06805,2203.729736
Roundhouse,-105.128708,41.04438,2183.032715
Roundhouse,-105.133736,41.049057,2187.153076
Roundhouse,-105.018684,41.077019,2052.931641
Roundhouse,-105.069435,41.063381,2108.550293
Roundhouse,-105.176224,41.048096,2259.32251
Roundhouse,-105.091026,41.068752,2141.503906
Roundhouse,-105.041847,41.07093,2085.810547
Roundhouse,-105.113632,41.051418,2167.414063
Roundhouse,-105.046478,41.052292,2083.934082
Roundhouse,-105.135612,41.080574,2206.768555
Roundhouse,-105.156616,41.057854,2210.053223
Roundhouse,-105.122833,41.06628,2180.580566
Roundhouse,-105.148369,41.047646,2209.921387
Roundhouse,-105.169624,41.04369,2215.310547
Roundhouse,-105.186554,41.034744,2258.398193
Roundhouse,-105.098114,41.080296,2147.273682
Roundhouse,-105.056404,41.072781,2102.888184
Roundhouse,-105.184662,41.044498,2249.684326
Roundhouse,-105.056046,41.056091,2093.795166
Roundhouse,-105.068604,41.067833,2110.771484
Roundhouse,-105.119949,41.061691,2182.198975
Roundhouse,-105.06601,41.083775,2090.991699
Roundhouse,-105.10659,41.075527,2157.081055
Roundhouse,-105.106239,41.083881,2155.086182
Roundhouse,-105.090729,41.060966,2130.674316
Roundhouse,-105.085228,41.07143,2136.587402
Roundhouse,-105.117012,41.075153,2180.192383
Roundhouse,-105.128601,41.076588,2188.459961
Roundhouse,-105.109978,41.056721,2158.479248
Roundhouse,-105.017189,41.06694,2061.438477
Roundhouse,-105.021484,41.081558,2051.323242
Roundhouse,-105.093315,41.088127,2123.146484
Roundhouse,-105.14019,41.089222,2200.286377
Roundhouse,-105.069473,41.078129,2111.141113
Roundhouse,-105.126137,41.094578,2180.718262
Roundhouse,-105.031464,41.048328,2069.732422
Roundhouse,-105.05294,41.086132,2086.878906
Roundhouse,-105.185997,41.02853,2254.666748
Roundhouse,-105.097076,41.058281,2150.491455
Roundhouse,-105.12912,41.084206,2192.953125
Roundhouse,-105.145576,41.062634,2217.119141
Roundhouse,-105.118767,41.071507,2168.924072
Roundhouse,-105.113571,41.093735,2163.764404
Roundhouse,-105.122604,41.04958,2176.657715
Roundhouse,-105.137062,41.05888,2199.90625
Roundhouse,-105.134575,41.091423,2175.976318
Roundhouse,-105.140289,41.054653,2173.34668
Roundhouse,-105.028511,41.06953,2070.48584
Roundhouse,-105.035271,41.055107,2068.623535
Roundhouse,-105.16967,41.020844,2217.535156
Roundhouse,-105.065994,41.054668,2115.269043
Roundhouse,-105.055649,41.068935,2096.272217
Roundhouse,-105.085312,41.079464,2126.847656
Roundhouse,-105.108665,41.062263,2159.706299
Roundhouse,-105.174355,41.027802,2231.732422
Roundhouse,-105.084923,41.056038,2135.676025
Roundhouse,-105.150543,41.066769,2224.750488
Roundhouse,-105.045235,41.089378,2085.662842
Roundhouse,-105.121918,41.07972,2184.045654
Roundhouse,-105.075638,41.058056,2122.716553
Roundhouse,-105.174538,41.03373,2225.414307
Roundhouse,-105.056984,41.062222,2094.791992
Roundhouse,-105.115135,41.08691,2150.330322
Roundhouse,-105.132278,41.073299,2196.635254
Roundhouse,-105.034149,41.089947,2075.969727
Roundhouse Wind II,-105.043289,41.027409,2063.970459
Roundhouse Wind II,-105.018311,41.049046,2040.522461
Roundhouse Wind II,-105.001968,41.030144,2027.403809
Roundhouse Wind II,-105.0327,41.06329,2063.580078
Roundhouse Wind II,-105.004875,41.067856,2055.966309
Roundhouse Wind II,-104.976402,41.054195,2004.445801
Roundhouse Wind II,-104.987816,41.072887,2014.029419
Roundhouse Wind II,-105.004913,41.075027,2030.887817
Roundhouse Wind II,-105.028252,41.022171,2050.245361
Roundhouse Wind II,-104.994919,41.060852,2021.550293
Roundhouse Wind II,-105.036423,41.033573,2048.906982
Roundhouse Wind II,-105.026283,41.03727,2051.399902
Roundhouse Wind II,-105.001869,41.043915,2026.709106
Roundhouse Wind II,-104.976921,41.069065,2005.854492
Roundhouse Wind II,-104.968338,41.062538,1998.330811
Roundhouse Wind II,-104.988205,41.067616,2024.427979
Roundhouse Wind II,-105.003098,41.053608,2031.333618
Roundhouse Wind II,-105.01548,41.032921,2048.325195
Roundhouse Wind II,-104.988029,41.054039,2016.452271
Roundhouse Wind II,-105.006859,41.047802,2033.091553
Roundhouse Wind II,-105.00808,41.062698,2057.308594
Roundhouse Wind II,-104.975479,41.058189,2002.248291
Roundhouse Wind II,-105.00367,41.040394,2033.748413
Roundhouse Wind II,-104.963333,41.040264,1993.467407
Roundhouse Wind II,-105.017548,41.026299,2042.281372
Roundhouse Wind II,-105.010368,41.07859,2046.019287
Roundhouse Wind II,-104.961349,41.056732,1978.881714
Roundhouse Wind II,-105.02327,41.064804,2060.855469
Roundhouse Wind II,-105.012131,41.057308,2038.747925
Roundhouse Wind II,-105.053131,41.030605,2085.639648
Roundhouse Wind II,-105.022629,41.058239,2045.146118
Roundhouse Wind II,-104.980522,41.063515,2012.166016
Roundhouse Wind II,-105.015968,41.041435,2047.764893
Roundhouse Wind II,-104.992744,41.028183,2015.530396
Roundhouse Wind II,-105.023117,41.054691,2052.280273
Roundhouse Wind II,-105.017502,41.072453,2040.12085
Roundhouse Wind II,-104.965981,41.053398,1980.882935
Roundhouse Wind II,-104.999672,41.056595,2025.730469
Rush Creek I,-103.838486,39.221287,1777.665283
Rush Creek I,-103.880417,39.141449,1814.21167
Rush Creek I,-103.934631,39.128017,1860.345703
Rush Creek I,-104.030731,39.056416,1920.19043
Rush Creek I,-103.852928,39.225677,1781.081665
Rush Creek I,-103.846222,39.137058,1791.994141
Rush Creek I,-104.0326,39.044125,1914.994019
Rush Creek I,-103.909378,39.138947,1842.552124
Rush Creek I,-103.938576,39.121872,1865.009033
Rush Creek I,-103.849747,39.16254,1797.234009
Rush Creek I,-104.043709,39.055119,1930.216919
Rush Creek I,-103.793938,39.211788,1755.525146
Rush Creek I,-103.858337,39.180172,1799.50415
Rush Creek I,-103.824242,39.151817,1775.693604
Rush Creek I,-103.89698,39.154861,1833.472534
Rush Creek I,-103.764839,39.162819,1732.960083
Rush Creek I,-103.768105,39.220661,1731.730957
Rush Creek I,-103.849396,39.13435,1791.629517
Rush Creek I,-103.84333,39.183784,1789.91272
Rush Creek I,-103.839874,39.16201,1790.90332
Rush Creek I,-103.984428,39.122974,1890.678833
Rush Creek I,-103.902802,39.151474,1841.22229
Rush Creek I,-103.803726,39.137325,1758.913208
Rush Creek I,-103.740723,39.16235,1719.810181
Rush Creek I,-103.756058,39.139629,1722.454102
Rush Creek I,-103.881424,39.182377,1806.538696
Rush Creek I,-104.017113,39.115372,1913.450317
Rush Creek I,-103.235748,39.113831,1627.974731
Rush Creek I,-103.999832,39.064308,1894.727173
Rush Creek I,-103.861664,39.14687,1802.42041
Rush Creek I,-103.777313,39.219822,1738.724854
Rush Creek I,-103.754379,39.118553,1721.585205
Rush Creek I,-103.760063,39.162876,1729.454468
Rush Creek I,-103.877228,39.183914,1806.171997
Rush Creek I,-103.914314,39.139992,1847.578979
Rush Creek I,-103.8545,39.201702,1806.555542
Rush Creek I,-103.226875,39.103577,1621.804199
Rush Creek I,-104.022377,39.080044,1912.137939
Rush Creek I,-103.814163,39.209488,1768.649414
Rush Creek I,-103.865273,39.145744,1807.868164
Rush Creek I,-103.781281,39.120396,1748.354736
Rush Creek I,-103.788872,39.124279,1747.997437
Rush Creek I,-103.837883,39.151955,1783.973511
Rush Creek I,-103.998322,39.109821,1895.121948
Rush Creek I,-103.87999,39.175201,1818.80542
Rush Creek I,-103.847565,39.181362,1790.297119
Rush Creek I,-103.812157,39.165184,1768.264648
Rush Creek I,-103.952133,39.122021,1869.262695
Rush Creek I,-103.851646,39.212055,1797.09375
Rush Creek I,-104.010658,39.083378,1903.196533
Rush Creek I,-103.834755,39.140335,1788.968506
Rush Creek I,-103.853432,39.181393,1795.273438
Rush Creek I,-104.002724,39.061543,1897.975464
Rush Creek I,-103.804359,39.168079,1760.222534
Rush Creek I,-104.031799,39.075745,1921.400391
Rush Creek I,-103.848373,39.21843,1796.946655
Rush Creek I,-103.231216,39.100819,1623.298462
Rush Creek I,-104.037071,39.060108,1926.034424
Rush Creek I,-103.770584,39.136692,1733.725586
Rush Creek I,-103.924332,39.124634,1854.637695
Rush Creek I,-104.006805,39.122639,1906.804565
Rush Creek I,-103.819641,39.138973,1772.251953
Rush Creek I,-103.835991,39.164162,1786.899292
Rush Creek I,-104.040367,39.097767,1916.266602
Rush Creek I,-103.879768,39.168747,1817.029419
Rush Creek I,-104.017654,39.082592,1902.907959
Rush Creek I,-104.02272,39.104019,1917.989502
Rush Creek I,-103.232559,39.115528,1625.743408
Rush Creek I,-103.865013,39.192566,1806.174561
Rush Creek I,-103.805336,39.179783,1759.689819
Rush Creek I,-103.840195,39.186985,1785.091187
Rush Creek I,-104.005013,39.126244,1905.666626
Rush Creek I,-103.74778,39.118637,1716.222778
Rush Creek I,-103.195389,39.078403,1620.357788
Rush Creek I,-103.874199,39.185478,1813.833862
Rush Creek I,-103.83181,39.192341,1778.865112
Rush Creek I,-103.749634,39.161102,1723.369629
Rush Creek I,-103.887093,39.179836,1801.912109
Rush Creek I,-103.793167,39.185219,1748.701294
Rush Creek I,-103.802605,39.209507,1757.164307
Rush Creek I,-103.87001,39.169258,1814.837769
Rush Creek I,-103.824654,39.137585,1778.181641
Rush Creek I,-104.044731,39.091236,1927.357788
Rush Creek I,-104.003128,39.084641,1893.894287
Rush Creek I,-103.836502,39.188816,1782.256104
Rush Creek I,-103.77877,39.187428,1739.801636
Rush Creek I,-103.965836,39.120899,1876.472412
Rush Creek I,-103.987869,39.077393,1884.300659
Rush Creek I,-103.720528,39.155544,1706.375
Rush Creek I,-103.956558,39.121376,1874.927002
Rush Creek I,-103.79425,39.168488,1755.394043
Rush Creek I,-103.766434,39.138062,1731.823364
Rush Creek I,-103.786339,39.168854,1748.706177
Rush Creek I,-103.779457,39.123657,1738.363281
Rush Creek I,-104.021042,39.058132,1909.737305
Rush Creek I,-103.887718,39.156712,1832.550049
Rush Creek I,-103.993568,39.124683,1896.091187
Rush Creek I,-103.824738,39.164295,1778.283081
Rush Creek I,-103.923981,39.131641,1845.072998
Rush Creek I,-103.23455,39.097816,1625.574951
Rush Creek I,-104.027725,39.102833,1916.317993
Rush Creek I,-104.028015,39.076912,1918.13562
Rush Creek I,-103.155754,39.059757,1611.215454
Rush Creek I,-103.931419,39.130329,1853.052002
Rush Creek I,-103.240868,39.112473,1630.478394
Rush Creek I,-103.860153,39.176041,1802.899902
Rush Creek I,-103.233231,39.072327,1635.046509
Rush Creek I,-103.929672,39.141399,1849.980957
Rush Creek I,-103.85379,39.160202,1802.884033
Rush Creek I,-103.784698,39.180733,1743.598145
Rush Creek I,-103.773972,39.123936,1736.697876
Rush Creek I,-103.906334,39.141399,1843.469727
Rush Creek I,-103.838715,39.138878,1787.147949
Rush Creek I,-103.831558,39.150269,1781.267822
Rush Creek I,-103.786812,39.137802,1744.868042
Rush Creek I,-103.924469,39.116211,1848.294312
Rush Creek I,-103.970192,39.105888,1875.037964
Rush Creek I,-103.969894,39.120041,1877.591797
Rush Creek I,-103.990807,39.113873,1888.846069
Rush Creek I,-103.903366,39.147064,1840.311646
Rush Creek I,-103.188118,39.10508,1601.501587
Rush Creek I,-103.8088,39.13224,1764.649658
Rush Creek I,-104.043777,39.049622,1926.140381
Rush Creek I,-103.802437,39.182838,1758.282837
Rush Creek I,-103.877045,39.16061,1817.009521
Rush Creek I,-103.948509,39.122932,1873.184082
Rush Creek I,-103.986748,39.060089,1888.592407
Rush Creek I,-103.937614,39.126396,1866.894165
Rush Creek I,-103.862419,39.154572,1804.514526
Rush Creek I,-103.985008,39.079292,1883.773438
Rush Creek I,-103.775154,39.16547,1740.837158
Rush Creek I,-104.010643,39.123016,1909.085327
Rush Creek I,-103.792847,39.123058,1750.567749
Rush Creek I,-103.853226,39.132813,1788.20874
Rush Creek I,-103.823982,39.206573,1769.906616
Rush Creek I,-103.988983,39.123112,1893.923462
Rush Creek I,-103.896652,39.149658,1837.140625
Rush Creek I,-103.798622,39.168491,1757.732788
Rush Creek I,-104.041992,39.093655,1925.376221
Rush Creek I,-104.041534,39.060127,1930.12854
Rush Creek I,-103.807846,39.136719,1759.210449
Rush Creek I,-103.847771,39.226624,1788.181519
Rush Creek I,-104.019287,39.112541,1918.964966
Rush Creek I,-103.972763,39.117752,1880.518677
Rush Creek I,-103.93026,39.135761,1855.106812
Rush Creek I,-103.797073,39.137852,1750.315308
Rush Creek I,-103.857399,39.198467,1804.018677
Rush Creek I,-103.998016,39.103355,1891.795898
Rush Creek I,-103.731621,39.155144,1714.475098
Rush Creek I,-104.016411,39.119995,1914.892456
Rush Creek I,-103.981071,39.060417,1881.921509
Rush Creek I,-103.873093,39.141781,1809.179199
Rush Creek I,-103.848747,39.204441,1798.723389
Rush Creek I,-103.995529,39.074474,1885.942627
Rush Creek I,-103.761673,39.139069,1726.637451
Rush Creek I,-104.026299,39.057858,1911.969238
Rush Creek I,-104.029808,39.046539,1914.147461
Rush Creek I,-104.040367,39.082355,1926.543335
Rush Creek I,-103.7267,39.155331,1710.099854
Rush Creek I,-104.006813,39.102425,1897.210693
Rush Creek I,-103.890724,39.153965,1831.812622
Rush Creek I,-103.778404,39.139812,1739.390747
Rush Creek I,-103.732315,39.121704,1704.480835
Rush Creek I,-103.798279,39.184063,1757.300293
Rush Creek I,-104.029442,39.088825,1914.768066
Rush Creek I,-104.010498,39.058823,1906.050049
Rush Creek I,-103.973793,39.104324,1875.008789
Rush Creek I,-103.793343,39.140003,1747.164307
Rush Creek I,-103.85817,39.158375,1801.633667
Rush Creek I,-103.78614,39.217545,1744.668091
Rush Creek I,-103.773483,39.220943,1737.442261
Rush Creek I,-103.999367,39.086075,1889.628296
Rush Creek I,-103.998283,39.126266,1899.886963
Rush Creek I,-103.761131,39.121582,1724.834961
Rush Creek I,-103.962425,39.122429,1876.173218
Rush Creek I,-103.860413,39.193256,1804.515991
Rush Creek I,-103.885002,39.158974,1826.836548
Rush Creek I,-103.755356,39.163204,1728.234131
Rush Creek I,-103.980537,39.123337,1888.470093
Rush Creek I,-103.991409,39.075607,1883.020386
Rush Creek I,-104.035347,39.066574,1922.997314
Rush Creek I,-103.821014,39.166172,1775.333374
Rush Creek I,-104.006966,39.083977,1898.499512
Rush Creek I,-103.780495,39.167202,1744.800415
Rush Creek I,-104.002785,39.103436,1895.895874
Rush Creek I,-103.842651,39.221169,1782.161621
Rush Creek I,-103.830757,39.164371,1784.442993
Rush Creek I,-104.031975,39.068565,1921.089966
Rush Creek I,-104.031647,39.102173,1919.713013
Rush Creek I,-103.819435,39.20858,1769.242065
Rush Creek I,-103.843956,39.13969,1790.21167
Rush Creek I,-104.006462,39.060604,1900.999146
Rush Creek I,-103.782112,39.185165,1744.537598
Rush Creek I,-103.922943,39.138058,1850.025513
Rush Creek I,-103.782578,39.138824,1742.231445
Rush Creek I,-104.019875,39.10622,1912.092041
Rush Creek I,-103.775002,39.189072,1735.116577
Rush Creek I,-103.798393,39.212574,1759.415161
Rush Creek I,-103.944534,39.12286,1868.148804
Rush Creek I,-103.990402,39.058769,1886.231689
Rush Creek II,-103.169586,39.0509,1616.092529
Rush Creek II,-103.166382,39.097881,1599.54895
Rush Creek II,-103.156349,39.046543,1600.832031
Rush Creek II,-103.172989,39.145199,1576.457886
Rush Creek II,-103.147919,39.011658,1562.786377
Rush Creek II,-103.226685,39.07338,1637.549194
Rush Creek II,-103.169426,39.095207,1602.209473
Rush Creek II,-103.176445,39.047096,1618.959229
Rush Creek II,-103.209518,39.124302,1609.963501
Rush Creek II,-103.14772,39.153202,1564.993774
Rush Creek II,-103.136955,39.08654,1584.958618
Rush Creek II,-103.21505,39.114864,1615.615112
Rush Creek II,-103.131363,39.07616,1591.461304
Rush Creek II,-103.185699,39.080452,1611.434204
Rush Creek II,-103.148773,39.023155,1577.444946
Rush Creek II,-103.1502,38.99799,1546.453613
Rush Creek II,-103.15625,39.095505,1593.356445
Rush Creek II,-103.211914,39.117134,1612.743774
Rush Creek II,-103.160889,39.059174,1612.299805
Rush Creek II,-103.196945,39.058319,1621.689697
Rush Creek II,-103.13665,39.071659,1597.436157
Rush Creek II,-103.130234,39.097076,1579.825317
Rush Creek II,-103.209938,39.0737,1634.2948
Rush Creek II,-103.148796,39.000957,1548.458496
Rush Creek II,-103.147652,39.103188,1583.427002
Rush Creek II,-103.136024,39.089794,1583.450439
Rush Creek II,-103.220657,39.077999,1635.390381
Rush Creek II,-103.204628,39.075413,1629.044922
Rush Creek II,-103.143356,39.154709,1560.332153
Rush Creek II,-103.205063,39.13467,1605.129883
Rush Creek II,-103.196167,39.098923,1611.879761
Rush Creek II,-103.161339,39.042534,1603.240234
Rush Creek II,-103.147911,39.007847,1556.718384
Rush Creek II,-103.146667,39.081135,1594.251221
Rush Creek II,-103.171852,39.119678,1586.81958
Rush Creek II,-103.184052,39.089561,1612.665161
Rush Creek II,-103.173035,39.048969,1616.687744
Rush Creek II,-103.172806,39.065861,1617.207031
Rush Creek II,-103.207741,39.069721,1629.116333
Rush Creek II,-103.179344,39.059845,1621.565674
Rush Creek II,-103.157547,39.150421,1567.741943
Rush Creek II,-103.162338,39.05447,1610.962891
Rush Creek II,-103.164413,39.039078,1604.136841
Rush Creek II,-103.152306,39.152317,1567.196655
Rush Creek II,-103.176514,39.14312,1579.652832
Rush Creek II,-103.176598,39.113567,1592.395142
Rush Creek II,-103.147873,39.063736,1604.378662
Rush Creek II,-103.211197,39.121086,1609.92041
Rush Creek II,-103.19973,39.076633,1624.072876
Rush Creek II,-103.173256,39.093403,1606.429932
Rush Creek II,-103.179352,39.092163,1610.280273
Rush Creek II,-103.177177,39.134716,1588.240112
Rush Creek II,-103.210907,39.085827,1628.225708
Rush Creek II,-103.142807,39.066902,1599.07959
Rush Creek II,-103.179611,39.110985,1594.565796
Rush Creek II,-103.171669,39.039761,1610.175293
Rush Creek II,-103.132965,39.093452,1579.96167
Rush Creek II,-103.180191,39.132057,1590.511841
Rush Creek II,-103.174759,39.117081,1590.205933
Rush Creek II,-103.148827,39.004601,1554.052612
Rush Creek II,-103.138695,39.069088,1595.485229
Rush Creek II,-103.128181,39.078316,1591.151245
Rush Creek II,-103.153458,39.041428,1595.210815
Rush Creek II,-103.181595,39.141083,1583.58252
Rush Creek II,-103.152229,39.097549,1590.29126
Rush Creek II,-103.189186,39.056664,1624.645752
Rush Creek II,-103.186989,39.087105,1614.405396
Rush Creek II,-103.190674,39.079376,1616.476807
Rush Creek II,-103.166656,39.145992,1573.380493
Rush Creek II,-103.203247,39.091492,1622.537842
Rush Creek II,-103.214371,39.083111,1630.07019
Rush Creek II,-103.204536,39.064724,1624.113159
Rush Creek II,-103.166664,39.05315,1614.349121
Rush Creek II,-103.146431,39.015034,1566.868896
Rush Creek II,-103.205086,39.13121,1605.85022
Rush Creek II,-103.184792,39.052849,1623.327148
Rush Creek II,-103.194824,39.137142,1597.762573
Rush Creek II,-103.220428,39.113155,1618.302002
Rush Creek II,-103.151764,38.995052,1541.846558
Rush Creek II,-103.151985,38.991459,1537.411377
Rush Creek II,-103.150108,39.027588,1585.547485
Rush Creek II,-103.161964,39.148506,1571.019043
Rush Creek II,-103.133934,39.073669,1594.086548
Rush Creek II,-103.148285,39.019234,1573.193726
Rush Creek II,-103.201233,39.136692,1601.726685
Rush Creek II,-103.153214,39.076645,1601.463379
Rush Creek II,-103.199585,39.095085,1617.62439
Rush Creek II,-103.131531,39.104103,1581.663696
Rush Creek II,-103.182816,39.108536,1596.653809
Rush Creek II,-103.207817,39.088947,1626.046509
Rush Creek II,-103.216843,39.079952,1632.784546
Rush Creek II,-103.222885,39.106407,1618.820923
Rush Creek II,-103.192139,39.102341,1605.755981
Rush Creek II,-103.183601,39.058201,1623.21106
Rush Creek II,-103.223122,39.075291,1637.043091
Rush Creek II,-103.154068,39.073524,1601.241943
Rush Creek II,-103.15107,39.07946,1598.621826
Rush Creek II,-103.153488,39.062477,1610.47522
Rush Creek II,-103.147934,39.099133,1587.034302
Rush Creek II,-103.13031,39.10685,1578.140015
Safeway Tracy,-121.521889,37.714294,74.22340393
Safeway Tracy,-121.520927,37.71344,73.69412231
Sagebrush (Kittitas Valley),-120.685188,47.153095,798.6654053
Sagebrush (Kittitas Valley),-120.674782,47.151394,794.0743408
Sagebrush (Kittitas Valley),-120.713486,47.144093,793.4783936
Sagebrush (Kittitas Valley),-120.707184,47.121193,722.5160522
Sagebrush (Kittitas Valley),-120.685486,47.150894,788.2615356
Sagebrush (Kittitas Valley),-120.685188,47.143394,754.3720703
Sagebrush (Kittitas Valley),-120.669289,47.159595,844.043335
Sagebrush (Kittitas Valley),-120.676086,47.147495,775.4072266
Sagebrush (Kittitas Valley),-120.701683,47.162792,857.9033203
Sagebrush (Kittitas Valley),-120.684883,47.145596,764.664917
Sagebrush (Kittitas Valley),-120.667984,47.160995,852.102356
Sagebrush (Kittitas Valley),-120.681587,47.160694,820.5012207
Sagebrush (Kittitas Valley),-120.701286,47.160194,838.3447876
Sagebrush (Kittitas Valley),-120.680283,47.162193,822.7655029
Sagebrush (Kittitas Valley),-120.699188,47.109493,693.8086548
Sagebrush (Kittitas Valley),-120.698784,47.114193,702.2242432
Sagebrush (Kittitas Valley),-120.699783,47.166096,873.3841553
Sagebrush (Kittitas Valley),-120.727684,47.136093,754.0507813
Sagebrush (Kittitas Valley),-120.685188,47.148193,775.847168
Sagebrush (Kittitas Valley),-120.673683,47.153194,808.7976074
Sagebrush (Kittitas Valley),-120.670586,47.158195,838.3484497
Sagebrush (Kittitas Valley),-120.680786,47.134792,740.6385498
Sagebrush (Kittitas Valley),-120.690086,47.123295,717.8572998
Sagebrush (Kittitas Valley),-120.696487,47.117195,707.2914429
Sagebrush (Kittitas Valley),-120.676186,47.145195,768.0219727
Sagebrush (Kittitas Valley),-120.712685,47.132195,745.0275269
Sagebrush (Kittitas Valley),-120.695587,47.118793,707.8171387
Sagebrush (Kittitas Valley),-120.715088,47.142494,774.201416
Sagebrush (Kittitas Valley),-120.685684,47.155895,813.1595459
Sagebrush (Kittitas Valley),-120.712585,47.125996,727.4366455
Sagebrush (Kittitas Valley),-120.712982,47.135593,740.7723999
Sagebrush (Kittitas Valley),-120.703186,47.127594,740.6759033
Sagebrush (Kittitas Valley),-120.701584,47.108692,703.6601563
Sagebrush (Kittitas Valley),-120.682686,47.159195,820.2479248
Sagebrush (Kittitas Valley),-120.697182,47.115593,703.0841064
Sagebrush (Kittitas Valley),-120.706985,47.115993,708.6970215
Sagebrush (Kittitas Valley),-120.681953,47.133373,747.1400146
Sagebrush (Kittitas Valley),-120.672783,47.154793,820.7516479
Sagebrush (Kittitas Valley),-120.701782,47.132793,756.3743896
Sagebrush (Kittitas Valley),-120.689781,47.125095,725.0305786
Sagebrush (Kittitas Valley),-120.675385,47.149395,787.031311
Sagebrush (Kittitas Valley),-120.704086,47.125893,735.8831787
Sagebrush (Kittitas Valley),-120.671684,47.156494,831.6663818
Sagebrush (Kittitas Valley),-120.706284,47.117695,710.9012451
Sagebrush (Kittitas Valley),-120.685486,47.141193,740.8195801
Sagebrush (Kittitas Valley),-120.725784,47.138195,766.8812256
Sagebrush (Kittitas Valley),-120.684486,47.157394,819.694397
Sagebrush (Kittitas Valley),-120.701782,47.165295,872.8706055
Salinas Valley State Prison,-121.37075,36.474236,79.92562103
Salmon Falls,-115.005684,42.686394,1112.901245
Salmon Falls,-114.989883,42.694893,1090.743164
Salmon Falls,-114.989883,42.688095,1091.974121
Salmon Falls,-115.005684,42.697693,1072.885498
Salmon Falls,-115.005684,42.699593,1071.222656
Salmon Falls,-115.005684,42.684692,1118.321411
Salmon Falls,-115.005684,42.682995,1125.369385
Salmon Falls,-114.989883,42.684795,1098.303589
Salmon Falls,-115.005684,42.688095,1105.013306
Salmon Falls,-115.005684,42.694794,1081.387939
Salmon Falls,-114.989883,42.683094,1107.680664
Salmon Falls,-115.005684,42.689793,1098.948853
Salmon Falls,-114.989883,42.693195,1097.273071
Salmon Falls,-114.989883,42.691494,1093.147217
San Clemente Island,-118.551636,32.985569,225.8779755
San Clemente Island,-118.552109,32.986084,225.3157043
San Clemente Island,-118.55278,32.987331,223.5551147
San Gorgonio Farms Wind Farm,-116.611725,33.925968,477.3352661
San Gorgonio Farms Wind Farm,-116.624985,33.927994,452.3036804
San Gorgonio Farms Wind Farm,-116.61319,33.927494,455.9868164
San Gorgonio Farms Wind Farm,-116.614746,33.931492,410.3058777
San Gorgonio Farms Wind Farm,-116.614738,33.930126,409.2640076
San Gorgonio Farms Wind Farm,-116.629616,33.922337,443.0757141
San Gorgonio Farms Wind Farm,-116.611786,33.927895,436.4442444
San Gorgonio Farms Wind Farm,-116.616486,33.920994,474.5537109
San Gorgonio Farms Wind Farm,-116.614738,33.930504,408.4410095
San Gorgonio Farms Wind Farm,-116.629608,33.922543,446.1399841
San Gorgonio Farms Wind Farm,-116.630547,33.924843,470.407959
San Gorgonio Farms Wind Farm,-116.630524,33.922626,446.8378296
San Gorgonio Farms Wind Farm,-116.611732,33.928661,421.0802917
San Gorgonio Farms Wind Farm,-116.630341,33.928932,486.3444214
San Gorgonio Farms Wind Farm,-116.611717,33.926529,465.5109558
San Gorgonio Farms Wind Farm,-116.61924,33.919598,450.2685852
San Gorgonio Farms Wind Farm,-116.616508,33.922253,503.036377
San Gorgonio Farms Wind Farm,-116.613228,33.930901,401.5707397
San Gorgonio Farms Wind Farm,-116.615891,33.926296,499.267334
San Gorgonio Farms Wind Farm,-116.611732,33.928288,428.4022522
San Gorgonio Farms Wind Farm,-116.613281,33.927872,447.4681396
San Gorgonio Farms Wind Farm,-116.611717,33.928085,432.2275085
San Gorgonio Farms Wind Farm,-116.624985,33.927593,452.0035095
San Gorgonio Farms Wind Farm,-116.611748,33.927509,444.512207
San Gorgonio Farms Wind Farm,-116.614738,33.931084,408.9636841
San Gorgonio Farms Wind Farm,-116.614731,33.930717,408.6835327
San Gorgonio Farms Wind Farm,-116.630363,33.927227,479.1525269
San Gorgonio Farms Wind Farm,-116.616493,33.921181,478.921936
San Gorgonio Farms Wind Farm,-116.624947,33.930759,456.3699646
San Gorgonio Farms Wind Farm,-116.61319,33.926697,477.0778503
San Gorgonio Farms Wind Farm,-116.613251,33.931149,402.832489
San Gorgonio Farms Wind Farm,-116.614723,33.927212,474.9293518
San Gorgonio Farms Wind Farm,-116.611725,33.928452,424.9618835
San Gorgonio Farms Wind Farm,-116.620255,33.92012,462.1427917
San Gorgonio Farms Wind Farm,-116.611732,33.926147,473.7940979
San Gorgonio Farms Wind Farm,-116.624985,33.928696,452.8092651
San Gorgonio Farms Wind Farm,-116.625015,33.928349,452.7037354
San Gorgonio Farms Wind Farm,-116.613205,33.926476,481.9797668
San Gorgonio Farms Wind Farm,-116.621803,33.931252,437.6826172
San Gorgonio Farms Wind Farm,-116.626038,33.923435,462.4385681
San Gorgonio Farms Wind Farm,-116.617676,33.925053,516.5831909
San Gorgonio Farms Wind Farm,-116.619286,33.919994,460.2363892
San Gorgonio Farms Wind Farm,-116.613197,33.928257,437.3902283
San Gorgonio Farms Wind Farm,-116.616081,33.923676,524.8189087
San Gorgonio Farms Wind Farm,-116.617691,33.924896,518.0758057
San Gorgonio Farms Wind Farm,-116.614761,33.930325,408.7046814
San Gorgonio Farms Wind Farm,-116.61969,33.924194,507.0187073
San Gorgonio Farms Wind Farm,-116.613243,33.931488,404.2791443
San Gorgonio Farms Wind Farm,-116.610489,33.924397,472.1154785
San Gorgonio Farms Wind Farm,-116.611725,33.926357,469.3465881
San Gorgonio Farms Wind Farm,-116.613342,33.927673,452.8190613
San Gorgonio Farms Wind Farm,-116.620285,33.920296,465.0766602
San Gorgonio Farms Wind Farm,-116.620247,33.919746,451.4536438
San Gorgonio Farms Wind Farm,-116.620285,33.920486,468.650238
San Gorgonio Farms Wind Farm,-116.613243,33.931309,403.4582214
San Gorgonio Farms Wind Farm,-116.622108,33.920238,444.0500793
San Gorgonio Farms Wind Farm,-116.616585,33.919994,445.77005
San Gorgonio Farms Wind Farm,-116.624985,33.929096,452.8646851
San Gorgonio Farms Wind Farm,-116.625,33.927242,451.6381226
San Gorgonio Farms Wind Farm,-116.625008,33.929443,453.4883728
San Gorgonio Farms Wind Farm,-116.622345,33.919842,432.0342407
San Gorgonio Farms Wind Farm,-116.630341,33.928497,484.9625244
San Gorgonio Farms Wind Farm,-116.614731,33.926823,484.0455627
San Gorgonio Farms Wind Farm,-116.630142,33.92334,455.8866577
San Gorgonio Farms Wind Farm,-116.61599,33.922096,494.2008667
San Gorgonio Farms Wind Farm,-116.611725,33.925781,479.959198
San Gorgonio Farms Wind Farm,-116.630287,33.924095,464.3009033
San Gorgonio Farms Wind Farm,-116.619186,33.920795,474.0432434
San Gorgonio Farms Wind Farm,-116.613243,33.930721,401.4039917
San Gorgonio Farms Wind Farm,-116.617645,33.925835,502.5357361
San Gorgonio Farms Wind Farm,-116.614731,33.927399,470.0657043
San Gorgonio Farms Wind Farm,-116.611763,33.931522,400.0352783
San Gorgonio Farms Wind Farm,-116.614738,33.930874,408.7002258
San Gorgonio Farms Wind Farm,-116.624931,33.931122,456.7912598
San Gorgonio Farms Wind Farm,-116.630341,33.928074,483.1760254
San Gorgonio Farms Wind Farm,-116.610489,33.925396,469.517395
San Gorgonio Farms Wind Farm,-116.62027,33.921001,480.1109619
San Gorgonio Farms Wind Farm,-116.626022,33.924042,458.1698608
San Gorgonio Farms Wind Farm,-116.61319,33.926895,472.5904541
San Gorgonio Farms Wind Farm,-116.614754,33.931675,411.0214233
San Gorgonio Farms Wind Farm,-116.61319,33.925896,492.2215881
San Gorgonio Farms Wind Farm,-116.630318,33.92767,480.4229431
San Gorgonio Farms Wind Farm,-116.617668,33.925411,511.040802
San Gorgonio Farms Wind Farm,-116.611748,33.929047,414.3993835
San Gorgonio Farms Wind Farm,-116.615685,33.923393,520.3455811
San Gorgonio Farms Wind Farm,-116.613205,33.926277,485.9824829
San Gorgonio Farms Wind Farm,-116.614746,33.93129,409.4840393
San Gorgonio Farms Wind Farm,-116.611763,33.931324,398.4469604
San Gorgonio Farms Wind Farm,-116.620277,33.920639,472.7809448
San Gorgonio Farms Wind Farm,-116.62027,33.92083,477.0426025
San Gorgonio Farms Wind Farm,-116.611732,33.927116,453.6404114
San Gorgonio Farms Wind Farm,-116.621849,33.931599,438.3728027
San Gorgonio Farms Wind Farm,-116.620247,33.919926,457.0148315
San Gorgonio Farms Wind Farm,-116.61319,33.927094,466.9086914
San Gorgonio Farms Wind Farm,-116.61319,33.925694,495.0830994
San Gorgonio Farms Wind Farm,-116.611748,33.928837,418.1549377
San Gorgonio Farms Wind Farm,-116.619209,33.920414,471.9787598
San Gorgonio Farms Wind Farm,-116.615646,33.923843,523.0695801
San Gorgonio Farms Wind Farm,-116.611748,33.927303,449.1222534
San Gorgonio Farms Wind Farm,-116.613182,33.928032,443.0802307
San Gorgonio Farms Wind Farm,-116.617699,33.924221,523.8501587
San Gorgonio Farms Wind Farm,-116.611725,33.926743,460.5431213
San Gorgonio Farms Wind Farm,-116.614723,33.92701,479.9971313
San Gorgonio Farms Wind Farm,-116.617683,33.925228,513.9942627
San Gorgonio Farms Wind Farm,-116.611687,33.926895,457.723114
San Gorgonio Farms Wind Farm,-116.613243,33.930534,401.1648254
San Gorgonio Farms Wind Farm,-116.620285,33.921196,482.1795044
San Gorgonio Farms Wind Farm,-116.624939,33.930397,455.5892334
San Gorgonio Farms Wind Farm,-116.614731,33.929913,411.8523254
San Gorgonio Farms Wind Farm,-116.616081,33.923859,525.2584229
San Gorgonio Farms Wind Farm,-116.61319,33.926094,489.0836792
San Gorgonio Farms Wind Farm,-116.614716,33.929733,414.5118408
San Gorgonio Farms Wind Farm,-116.624931,33.930027,454.4412537
San Gorgonio Farms Wind Farm,-116.61319,33.927296,461.6929016
San Gorgonio Westwinds II LLC,-116.589813,33.891918,266.6493835
San Gorgonio Westwinds II LLC,-116.55619,33.895596,213.7905731
San Gorgonio Westwinds II LLC,-116.560081,33.899418,220.4875488
San Gorgonio Westwinds II LLC,-116.589386,33.893597,266.8045349
San Gorgonio Westwinds II LLC,-116.565392,33.904095,230.5802765
San Gorgonio Westwinds II LLC,-116.575752,33.894157,243.4141998
San Gorgonio Westwinds II LLC,-116.573502,33.905857,244.3017426
San Gorgonio Westwinds II LLC,-116.588486,33.896896,266.7876587
San Gorgonio Westwinds II LLC,-116.589203,33.894096,266.8500366
San Gorgonio Westwinds II LLC,-116.569496,33.905632,237.2443237
San Gorgonio Westwinds II LLC,-116.583984,33.896694,259.57724
San Gorgonio Westwinds II LLC,-116.55619,33.897694,214.819519
San Gorgonio Westwinds II LLC,-116.55619,33.895096,213.4360657
San Gorgonio Westwinds II LLC,-116.584091,33.896095,258.6870422
San Gorgonio Westwinds II LLC,-116.589691,33.892494,267.1159973
San Gorgonio Westwinds II LLC,-116.57534,33.895683,242.9741821
San Gorgonio Westwinds II LLC,-116.579948,33.894707,252.2585754
San Gorgonio Westwinds II LLC,-116.565285,33.903294,229.6062469
San Gorgonio Westwinds II LLC,-116.579407,33.89661,252.2034149
San Gorgonio Westwinds II LLC,-116.55619,33.898193,214.8249817
San Gorgonio Westwinds II LLC,-116.575584,33.894695,243.2759399
San Gorgonio Westwinds II LLC,-116.573486,33.903095,241.9202881
San Gorgonio Westwinds II LLC,-116.58429,33.895496,259.0048828
San Gorgonio Westwinds II LLC,-116.575897,33.893635,242.437561
San Gorgonio Westwinds II LLC,-116.575485,33.895195,242.9779053
San Gorgonio Westwinds II LLC,-116.575188,33.896194,242.5548706
San Gorgonio Westwinds II LLC,-116.556175,33.897156,214.6008606
San Gorgonio Westwinds II LLC,-116.588791,33.895794,267.2458801
San Gorgonio Westwinds II LLC,-116.579689,33.895695,252.4194946
San Gorgonio Westwinds II LLC,-116.556221,33.896114,214.2183533
San Gorgonio Westwinds II LLC,-116.574913,33.897209,243.063446
San Gorgonio Westwinds II LLC,-116.57505,33.896713,242.8011169
San Gorgonio Westwinds II LLC,-116.589088,33.894695,266.9815674
San Gorgonio Westwinds II LLC,-116.55619,33.894596,212.9970245
San Gorgonio Westwinds II LLC,-116.583786,33.897297,259.4783325
San Gorgonio Westwinds II LLC,-116.55629,33.899395,215.7688904
San Gorgonio Westwinds II LLC,-116.569427,33.904209,236.6538391
San Gorgonio Westwinds II LLC,-116.584488,33.894894,259.5473328
San Gorgonio Westwinds II LLC,-116.584587,33.894295,259.0654907
San Gorgonio Westwinds II LLC,-116.589516,33.893044,267.2902832
San Gorgonio Westwinds II LLC,-116.579826,33.895237,252.6609955
San Gorgonio Westwinds II LLC,-116.55619,33.900394,215.2372589
San Gorgonio Westwinds II LLC,-116.573486,33.905193,243.6352081
San Gorgonio Westwinds II LLC,-116.569389,33.903095,235.9960785
San Gorgonio Westwinds II LLC,-116.579285,33.897095,251.6595764
San Gorgonio Westwinds II LLC,-116.573486,33.90646,244.5324249
San Gorgonio Westwinds II LLC,-116.560089,33.900394,220.4315796
San Gorgonio Westwinds II LLC,-116.573433,33.903809,242.8108826
San Gorgonio Westwinds II LLC,-116.57959,33.896194,252.4681396
San Gorgonio Westwinds II LLC,-116.55619,33.893993,212.7838287
San Gorgonio Westwinds II LLC,-116.569489,33.904995,236.655777
San Gorgonio Westwinds II LLC,-116.573486,33.904495,243.2709656
San Gorgonio Westwinds II LLC,-116.569389,33.903694,236.5656738
San Gorgonio Westwinds II LLC,-116.560089,33.900993,220.5334167
San Gorgonio Westwinds II LLC,-116.560081,33.899933,220.4382324
San Gorgonio Westwinds II LLC,-116.55619,33.898796,214.87117
San Gorgonio Westwinds II LLC,-116.588638,33.896305,267.331665
San Gorgonio Westwinds II LLC,-116.55629,33.899895,215.912384
San Gorgonio Westwinds II LLC,-116.55619,33.893494,212.8508759
San Gorgonio Westwinds II LLC,-116.565392,33.904797,230.8617249
San Gorgonio Westwinds II LLC,-116.556206,33.896626,214.2060547
San Gorgonio Westwinds II LLC,-116.58889,33.895195,266.6384888
San Gorgonio Wind Associates 7,-116.58709,33.921494,288.1763306
San Gorgonio Wind Associates 7,-116.58709,33.922096,289.8412781
San Juan Mesa,-103.863472,33.953793,1435.307861
San Juan Mesa,-103.868195,33.954994,1437.086548
San Juan Mesa,-103.859894,33.971596,1434.160034
San Juan Mesa,-103.847893,33.959694,1426.855591
San Juan Mesa,-103.84539,33.971493,1431.689087
San Juan Mesa,-103.863991,33.941895,1430.89209
San Juan Mesa,-103.876892,33.964195,1441.844727
San Juan Mesa,-103.873291,33.972694,1443.188354
San Juan Mesa,-103.874588,33.974194,1441.011963
San Juan Mesa,-103.856491,33.957191,1428.394287
San Juan Mesa,-103.865692,33.954395,1435.909546
San Juan Mesa,-103.861092,33.965893,1434.37207
San Juan Mesa,-103.844589,33.964294,1428.248413
San Juan Mesa,-103.852592,33.971394,1434.182495
San Juan Mesa,-103.843788,33.957893,1426.246094
San Juan Mesa,-103.861694,33.972195,1436.29248
San Juan Mesa,-103.847694,33.971695,1432.370728
San Juan Mesa,-103.863693,33.966694,1435.935547
San Juan Mesa,-103.863731,33.973331,1438.034302
San Juan Mesa,-103.858589,33.958504,1431.723022
San Juan Mesa,-103.842094,33.963493,1426.929199
San Juan Mesa,-103.866089,33.973892,1439.426514
San Juan Mesa,-103.875893,33.962296,1440.882813
San Juan Mesa,-103.866592,33.942093,1431.838257
San Juan Mesa,-103.857033,33.963314,1431.614136
San Juan Mesa,-103.865791,33.967793,1436.733521
San Juan Mesa,-103.845795,33.958794,1427.335205
San Juan Mesa,-103.86779,33.968895,1438.523071
San Juan Mesa,-103.85849,33.965794,1431.609741
San Juan Mesa,-103.869888,33.969994,1439.553833
San Juan Mesa,-103.847092,33.964794,1428.878418
San Juan Mesa,-103.849792,33.972195,1433.463867
San Juan Mesa,-103.849693,33.965096,1430.811279
San Juan Mesa,-103.86869,33.943394,1429.997559
San Juan Mesa,-103.871788,33.971294,1440.980347
San Juan Mesa,-103.861092,33.953094,1432.726929
San Juan Mesa,-103.852493,33.965195,1429.837769
San Juan Mesa,-103.841988,33.956795,1424.999634
Santa Fe Public Works,-106.069237,35.641449,1939.267944
Sawtooth,-115.39579,42.992195,945.9223633
Sawtooth,-115.397087,42.990093,947.0854492
Sawtooth,-115.384384,42.972195,925.449585
Sawtooth,-115.399788,42.985596,943.430542
Sawtooth,-115.391586,42.966595,921.7044067
Sawtooth,-115.401787,42.982292,938.2193604
Sawtooth,-115.394791,42.993793,946.3729248
Sawtooth,-115.398788,42.987194,947.9204712
Sawtooth,-115.387985,42.969494,922.1594238
Sawtooth,-115.397888,42.988693,947.612915
Sawtooth,-115.386086,42.970795,923.9324341
Sawtooth,-115.393784,42.995495,944.5453491
Sawtooth,-115.389786,42.967995,917.4472046
Sawtooth,-115.400887,42.983994,937.1152954
Scheid Vineyards,-121.191589,36.274509,106.0308304
Seven Mile Hill I & II,-106.434891,41.971191,2086.402344
Seven Mile Hill I & II,-106.365585,41.952194,2066.143311
Seven Mile Hill I & II,-106.382187,41.927792,2083.181152
Seven Mile Hill I & II,-106.435486,41.964794,2075.76123
Seven Mile Hill I & II,-106.411285,41.949795,2118.08374
Seven Mile Hill I & II,-106.425591,41.959091,2102.661865
Seven Mile Hill I & II,-106.381493,41.924992,2077.444092
Seven Mile Hill I & II,-106.372787,41.940292,2096.619873
Seven Mile Hill I & II,-106.372688,41.933292,2083.247314
Seven Mile Hill I & II,-106.366592,41.920593,2076.193604
Seven Mile Hill I & II,-106.372787,41.941692,2099.889893
Seven Mile Hill I & II,-106.365585,41.950794,2071.54248
Seven Mile Hill I & II,-106.366188,41.924892,2064.952148
Seven Mile Hill I & II,-106.425591,41.962013,2084.136963
Seven Mile Hill I & II,-106.411987,41.951393,2113.029541
Seven Mile Hill I & II,-106.36599,41.928093,2062.226318
Seven Mile Hill I & II,-106.377586,41.917091,2073.272705
Seven Mile Hill I & II,-106.366692,41.917694,2076.245605
Seven Mile Hill I & II,-106.366287,41.956993,2069.052979
Seven Mile Hill I & II,-106.411888,41.952991,2112.52124
Seven Mile Hill I & II,-106.372787,41.936092,2082.95166
Seven Mile Hill I & II,-106.383369,41.949146,2128.155762
Seven Mile Hill I & II,-106.411591,41.948292,2126.320313
Seven Mile Hill I & II,-106.416,41.962364,2081.755615
Seven Mile Hill I & II,-106.411987,41.957592,2106.887451
Seven Mile Hill I & II,-106.381889,41.926392,2080.413574
Seven Mile Hill I & II,-106.372688,41.931892,2081.242188
Seven Mile Hill I & II,-106.419853,41.968437,2083.254639
Seven Mile Hill I & II,-106.420792,41.971294,2098.43042
Seven Mile Hill I & II,-106.366592,41.921993,2075.846436
Seven Mile Hill I & II,-106.37899,41.919693,2078.975586
Seven Mile Hill I & II,-106.425285,41.960594,2098.361572
Seven Mile Hill I & II,-106.372688,41.930492,2075.153564
Seven Mile Hill I & II,-106.38279,41.957691,2087.510254
Seven Mile Hill I & II,-106.365585,41.945694,2079.172119
Seven Mile Hill I & II,-106.422791,41.975594,2116.060791
Seven Mile Hill I & II,-106.365585,41.949394,2071.175049
Seven Mile Hill I & II,-106.366089,41.926693,2063.773193
Seven Mile Hill I & II,-106.377792,41.918491,2075.48584
Seven Mile Hill I & II,-106.420387,41.969791,2094.503174
Seven Mile Hill I & II,-106.380486,41.922295,2081.061279
Seven Mile Hill I & II,-106.366287,41.958294,2069.708008
Seven Mile Hill I & II,-106.419289,41.967094,2080.697021
Seven Mile Hill I & II,-106.372688,41.934692,2083.411377
Seven Mile Hill I & II,-106.43399,41.969692,2086.166748
Seven Mile Hill I & II,-106.372688,41.929092,2072.02832
Seven Mile Hill I & II,-106.365692,41.947193,2073.384277
Seven Mile Hill I & II,-106.372787,41.937492,2085.254395
Seven Mile Hill I & II,-106.380989,41.923695,2076.003418
Seven Mile Hill I & II,-106.412888,41.956093,2109.549072
Seven Mile Hill I & II,-106.41259,41.943092,2141.089355
Seven Mile Hill I & II,-106.412491,41.959293,2093.378418
Seven Mile Hill I & II,-106.435486,41.966293,2089.662354
Seven Mile Hill I & II,-106.366089,41.923393,2075.252686
Seven Mile Hill I & II,-106.380089,41.920994,2083.367676
Seven Mile Hill I & II,-106.426491,41.957592,2104.948242
Seven Mile Hill I & II,-106.438393,41.957493,2101.579102
Seven Mile Hill I & II,-106.366287,41.954594,2066.325195
Seven Mile Hill I & II,-106.37291,41.943047,2095.620361
Seven Mile Hill I & II,-106.435486,41.962193,2081.090088
Seven Mile Hill I & II,-106.436592,41.958893,2095.088623
Seven Mile Hill I & II,-106.412392,41.954494,2112.757324
Seven Mile Hill I & II,-106.38369,41.944893,2123.306396
Seven Mile Hill I & II,-106.421692,41.974293,2115.608154
Seven Mile Hill I & II,-106.383186,41.954792,2104.37915
Seven Mile Hill I & II,-106.366692,41.916294,2075.760254
Seven Mile Hill I & II,-106.411491,41.946693,2132.785889
Seven Mile Hill I & II,-106.372787,41.938892,2090.888428
Seven Mile Hill I & II,-106.383186,41.956192,2094.785645
Seven Mile Hill I & II,-106.421288,41.972794,2105.736084
Seven Mile Hill I & II,-106.383286,41.951992,2115.121582
Seven Mile Hill I & II,-106.366287,41.959793,2070.970703
Seven Mile Hill I & II,-106.383286,41.950592,2115.32666
Seven Mile Hill I & II,-106.43589,41.960594,2096.723145
Seven Mile Hill I & II,-106.43399,41.968094,2080.124023
Seven Mile Hill I & II,-106.383392,41.943493,2117.604736
Seven Mile Hill I & II,-106.383186,41.953392,2111.068604
Seven Mile Hill I & II,-106.411789,41.945091,2136.568604
Seven Mile Hill I & II,-106.383392,41.947693,2136.846436
Shakopee Mdewakanton Sioux,-112.377289,40.500694,1477.574707
Shepherds Flat,-120.109184,45.759895,204.3262939
Shepherds Flat,-120.105156,45.752033,213.4488983
Shepherds Flat,-120.101784,45.743996,222.0696259
Shepherds Flat,-120.119789,45.753693,220.3188324
Shepherds Flat,-120.106186,45.753994,211.4160461
Shepherds Flat,-120.093384,45.699993,218.5665283
Shepherds Flat,-120.051987,45.757095,185.0973206
Shepherds Flat,-120.09919,45.737694,222.945282
Shepherds Flat,-120.096588,45.732193,251.9878998
Shepherds Flat,-120.103088,45.748093,216.4638062
Shepherds Flat,-120.085983,45.726192,241.0591888
Shepherds Flat,-120.048782,45.718193,217.9979401
Shepherds Flat,-120.055183,45.741493,194.5444794
Shepherds Flat,-120.053085,45.737495,194.6103363
Shepherds Flat,-120.056084,45.764996,181.1633453
Shepherds Flat,-120.113884,45.744793,229.744278
Shepherds Flat,-120.100288,45.739693,225.5881195
Shepherds Flat,-120.034782,45.754593,181.0600586
Shepherds Flat,-120.098183,45.735695,220.6749725
Shepherds Flat,-120.044884,45.772095,168.2814178
Shepherds Flat,-120.058884,45.744392,195.9402924
Shepherds Flat,-120.110985,45.761993,203.5199432
Shepherds Flat,-120.042183,45.740093,188.2341003
Shepherds Flat,-120.068489,45.756393,191.5427094
Shepherds Flat,-120.112984,45.742596,231.8464355
Shepherds Flat,-120.053009,45.75906,185.1465912
Shepherds Flat,-120.053886,45.761192,188.658371
Shepherds Flat,-120.090088,45.729996,259.2023621
Shepherds Flat,-120.052589,45.735596,194.9947968
Shepherds Flat,-120.066383,45.752495,195.1940918
Shepherds Flat,-120.042686,45.741993,187.8139801
Shepherds Flat,-120.114983,45.746593,227.1788177
Shepherds Flat,-120.047684,45.716293,212.5789642
Shepherds Flat,-120.110886,45.738693,231.8000946
Shepherds Flat,-120.034485,45.759594,182.8823853
Shepherds Flat,-120.116287,45.725494,257.1795654
Shepherds Flat,-120.111984,45.740692,231.9510345
Shepherds Flat,-120.043686,45.743996,187.3672638
Shepherds Flat,-120.064186,45.748394,195.9374695
Shepherds Flat,-120.042488,45.713993,201.6121979
Shepherds Flat,-120.112289,45.722794,255.064621
Shepherds Flat,-120.045883,45.773994,166.3010712
Shepherds Flat,-120.042984,45.766396,174.6851044
Shepherds Flat,-120.102089,45.746193,218.6341705
Shepherds Flat,-120.117416,45.75251,218.8822632
Shepherds Flat,-120.065384,45.750492,195.3811035
Shepherds Flat,-120.042885,45.768093,171.8041534
Shepherds Flat,-120.104088,45.750095,215.6458435
Shepherds Flat,-120.077187,45.724995,236.7900543
Shepherds Flat,-120.045288,45.748894,187.5471649
Shepherds Flat,-120.049889,45.754593,185.6363068
Shepherds Flat,-120.107185,45.755993,209.8138275
Shepherds Flat,-120.046684,45.750393,187.1991577
Shepherds Flat,-120.08799,45.728893,258.4458313
Shepherds Flat,-120.111153,45.734074,236.427536
Shepherds Flat,-120.033386,45.757595,182.1107788
Shepherds Flat,-120.070587,45.761593,185.3121796
Shepherds Flat,-120.069588,45.759193,189.0769348
Shepherds Flat,-120.043083,45.764393,179.0884247
Shepherds Flat,-120.108589,45.757793,206.5360565
Shepherds Flat,-120.042389,45.762093,183.841217
Shepherds Flat,-120.110085,45.732094,232.3569183
Shepherds Flat,-120.054184,45.739494,193.9630585
Shepherds Flat,-120.034088,45.752995,179.9314575
Shepherds Flat,-120.108086,45.728195,234.386734
Shepherds Flat,-120.093285,45.762592,196.3227386
Shepherds Flat,-120.115883,45.751095,220.0413361
Shepherds Flat,-120.057388,45.767193,177.4549408
Shepherds Flat,-120.062386,45.746693,194.9846039
Shepherds Flat,-120.115189,45.748295,225.4169922
Shepherds Flat,-120.093422,45.764858,193.6941223
Shepherds Flat,-120.109085,45.730194,231.7019196
Shepherds Flat,-120.06749,45.754494,193.7103119
Shepherds Flat,-120.048485,45.752594,187.3918915
Shepherds Flat,-120.092087,45.760593,199.1210938
Shepherds Flat,-120.043884,45.770096,169.3333435
Shepherds Flat,-120.025383,45.750893,173.9948883
Shepherds Flat,-120.055084,45.762993,185.2564087
Shepherds Flat,-120.075783,45.723095,240.960022
Shepherds Flat,-120.101288,45.741592,224.7333679
Shepherds Flat,-120.091583,45.758595,200.6863251
Shepherds Flat,-120.110184,45.736794,231.1652985
Shiloh II,-121.774284,38.141796,60.46405029
Shiloh II,-121.774689,38.170094,46.32617188
Shiloh II,-121.758286,38.145195,57.01064682
Shiloh II,-121.764191,38.137997,55.83965302
Shiloh II,-121.78289,38.172195,49.12531281
Shiloh II,-121.80249,38.179794,40.45252228
Shiloh II,-121.83979,38.179497,55.98573303
Shiloh II,-121.773483,38.175194,49.74636078
Shiloh II,-121.750786,38.141895,48.31080246
Shiloh II,-121.768089,38.153397,65.54491425
Shiloh II,-121.786789,38.179497,53.69190979
Shiloh II,-121.812584,38.179893,38.8523674
Shiloh II,-121.866684,38.191093,37.41449738
Shiloh II,-121.782684,38.163994,60.33481216
Shiloh II,-121.76619,38.150097,59.78227234
Shiloh II,-121.831688,38.179195,53.20000458
Shiloh II,-121.826385,38.179615,51.72925186
Shiloh II,-121.76619,38.156296,61.7225647
Shiloh II,-121.834686,38.176395,52.05882645
Shiloh II,-121.766289,38.167095,55.76537323
Shiloh II,-121.755791,38.155495,55.12981033
Shiloh II,-121.838188,38.170795,52.10332489
Shiloh II,-121.769791,38.156796,59.60002899
Shiloh II,-121.768288,38.161694,53.08602142
Shiloh II,-121.872086,38.196896,33.23564911
Shiloh II,-121.874985,38.189896,32.40356445
Shiloh II,-121.751587,38.137695,40.16413498
Shiloh II,-121.773689,38.137493,64.34162903
Shiloh II,-121.771088,38.173195,58.39365387
Shiloh II,-121.757988,38.153194,50.2837677
Shiloh II,-121.771286,38.144096,48.95682144
Shiloh II,-121.769989,38.167995,61.90579987
Shiloh II,-121.760284,38.163795,49.73397064
Shiloh II,-121.840691,38.173996,54.51288605
Shiloh II,-121.774086,38.165997,60.17868805
Shiloh II,-121.759888,38.133995,52.38097382
Shiloh II,-121.758591,38.148094,59.43342209
Shiloh II,-121.746384,38.141296,47.96038437
Shiloh II,-121.773285,38.151196,65.82518768
Shiloh II,-121.783058,38.169727,56.91420364
Shiloh II,-121.75959,38.156197,53.669384
Shiloh II,-121.773689,38.161797,61.42272949
Shiloh II,-121.764984,38.129795,55.39545822
Shiloh II,-121.860588,38.187195,46.07432938
Shiloh II,-121.772285,38.148895,68.3081665
Shiloh II,-121.762787,38.158295,57.21861649
Shiloh II,-121.792885,38.179695,54.62793732
Shiloh II,-121.817787,38.179893,43.10557175
Shiloh II,-121.836388,38.174095,49.57688904
Shiloh II,-121.772484,38.146496,61.04858017
Shiloh II,-121.764389,38.165195,57.772686
Shiloh II,-121.764587,38.147694,47.83778763
Shiloh II,-121.757584,38.150696,53.44705582
Shiloh II,-121.783485,38.178795,52.80882645
Shiloh II,-121.762085,38.145393,57.69202805
Shiloh II,-121.769989,38.163994,61.33029556
Shiloh II,-121.858086,38.185696,45.21366501
Shiloh II,-121.822388,38.179893,48.62514114
Shiloh II,-121.770485,38.170593,60.96078491
Shiloh II,-121.763985,38.132793,56.74951172
Shiloh II,-121.783287,38.160194,58.35894394
Shiloh II,-121.840057,38.176815,55.96297455
Shiloh II,-121.767288,38.143795,58.17058563
Shiloh II,-121.869484,38.192894,44.378685
Shiloh II,-121.874413,38.187416,37.98846054
Shiloh II,-121.87159,38.194695,36.71857071
Shiloh II,-121.783089,38.174694,47.79987335
Shiloh II,-121.783363,38.167213,52.88278961
Shiloh II,-121.760284,38.136696,50.93629837
Shiloh II,-121.862984,38.188793,38.65978241
Shiloh II,-121.829887,38.175896,45.83239746
Shiloh II,-121.797691,38.179733,46.9058342
Shiloh II,-121.770386,38.134296,64.09469604
Shiloh II,-121.758385,38.141396,53.00518417
Shiloh II,-121.767487,38.140095,50.36561966
Shiloh III,-121.727386,38.146793,46.35851288
Shiloh III,-121.75489,38.171696,43.75327682
Shiloh III,-121.851685,38.178196,53.76779556
Shiloh III,-121.725784,38.162697,32.16149521
Shiloh III,-121.758385,38.171597,39.22047043
Shiloh III,-121.753586,38.179394,33.60151672
Shiloh III,-121.809387,38.175694,37.37034988
Shiloh III,-121.81459,38.175396,33.71532059
Shiloh III,-121.729088,38.152794,39.75409317
Shiloh III,-121.812386,38.170895,44.41045761
Shiloh III,-121.757889,38.167496,42.41418457
Shiloh III,-121.731689,38.155296,35.87824249
Shiloh III,-121.761887,38.171597,43.46982574
Shiloh III,-121.764786,38.179394,39.90638733
Shiloh III,-121.727089,38.155495,42.28627014
Shiloh III,-121.741287,38.157295,44.64562607
Shiloh III,-121.856888,38.181995,50.05555725
Shiloh III,-121.728683,38.137997,43.45413208
Shiloh III,-121.750389,38.179596,38.56333542
Shiloh III,-121.730286,38.147694,50.3290329
Shiloh III,-121.810783,38.173294,47.46049118
Shiloh III,-121.860786,38.181995,45.20468903
Shiloh III,-121.738991,38.154297,50.42536926
Shiloh III,-121.752884,38.168095,35.25162888
Shiloh III,-121.768585,38.179295,41.4158287
Shiloh III,-121.815384,38.173195,38.5919075
Shiloh III,-121.756889,38.175297,43.40149307
Shiloh III,-121.753784,38.162895,35.59133911
Shiloh III,-121.725189,38.153397,38.76773834
Shiloh III,-121.821785,38.175896,38.42825699
Shiloh III,-121.735588,38.154797,38.16601181
Shiloh III,-121.723686,38.134796,36.00391769
Shiloh III,-121.751984,38.170593,36.37179184
Shiloh III,-121.76059,38.179695,38.20728302
Shiloh III,-121.737389,38.152195,50.3935051
Shiloh III,-121.751686,38.175594,35.28390503
Shiloh III,-121.76339,38.174397,49.5386467
Shiloh III,-121.76149,38.177395,39.67736053
Shiloh III,-121.735085,38.165394,37.35373688
Shiloh III,-121.774284,38.179695,37.48363876
Shiloh III,-121.737984,38.157295,38.09937286
Shiloh III,-121.745689,38.167194,32.28328323
Shiloh III,-121.850487,38.174595,51.938797
Shiloh III,-121.727287,38.135696,36.76283264
Shiloh III,-121.739883,38.159595,37.94748306
Shiloh III,-121.757988,38.158596,56.11956406
Shiloh III,-121.738785,38.164993,46.67675018
Shiloh III,-121.744286,38.164894,44.60043335
Shiloh III,-121.726784,38.140495,51.2652092
Shiloh III,-121.730988,38.150196,42.4320488
Shiloh IV,-121.84539,38.154095,52.45090103
Shiloh IV,-121.857384,38.136196,63.79080963
Shiloh IV,-121.838287,38.124496,76.33877563
Shiloh IV,-121.855583,38.128395,69.98275757
Shiloh IV,-121.845985,38.135895,74.70785522
Shiloh IV,-121.832291,38.115597,86.17658234
Shiloh IV,-121.843987,38.156494,56.39040756
Shiloh IV,-121.871185,38.143295,46.79718018
Shiloh IV,-121.854889,38.123695,76.14578247
Shiloh IV,-121.841789,38.134796,75.19139862
Shiloh IV,-121.844185,38.138393,76.9954071
Shiloh IV,-121.858086,38.143295,67.42127991
Shiloh IV,-121.854988,38.179794,53.63578415
Shiloh IV,-121.847488,38.148396,71.47080994
Shiloh IV,-121.86409,38.137394,58.73950577
Shiloh IV,-121.839485,38.114994,78.27340698
Shiloh IV,-121.850487,38.143494,71.69973755
Shiloh IV,-121.865089,38.141193,58.81617737
Shiloh IV,-121.837189,38.111794,73.75293732
Shiloh IV,-121.864883,38.123795,54.17889404
Shiloh IV,-121.841888,38.118793,79.03131104
Shiloh IV,-121.856689,38.120895,67.36869049
Shiloh IV,-121.850784,38.127193,74.90070343
Shiloh IV,-121.848083,38.138996,75.56976318
Shiloh IV,-121.848885,38.150993,66.8375473
Shiloh IV,-121.846886,38.142197,74.26596832
Shiloh IV,-121.855888,38.138496,70.05310059
Shiloh IV,-121.86409,38.143795,56.57131958
Shiloh IV,-121.83519,38.119293,82.2206192
Shiloh IV,-121.839088,38.126694,80.03140259
Shiloh IV,-121.837585,38.130394,73.97763062
Shiloh IV,-121.854988,38.140995,68.57203674
Shiloh IV,-121.866684,38.128197,49.75082397
Shiloh IV,-121.845085,38.108696,73.88162994
Shiloh IV,-121.841187,38.112396,80.67583466
Shiloh IV,-121.861687,38.121593,63.35053635
Shiloh IV,-121.835983,38.109596,69.83168793
Shiloh IV,-121.841583,38.128094,71.88567352
Shiloh IV,-121.853386,38.175995,52.72011948
Shiloh IV,-121.863686,38.126293,56.16728592
Shiloh IV,-121.872688,38.145294,46.74906158
Shiloh IV,-121.862785,38.139793,60.04547501
Shiloh IV,-121.833084,38.117794,81.33476257
Shiloh IV,-121.841286,38.148697,75.33651733
Shiloh IV,-121.860184,38.129795,64.63536835
Shiloh IV,-121.845589,38.146294,75.15631104
Shiloh IV,-121.848396,38.159054,53.44907379
Shiloh IV,-121.851784,38.145893,71.27315521
Shiloh IV,-121.858284,38.124695,68.89147186
Shiloh IV,-121.842384,38.152096,69.29045868
Shiloh Wind Project,-121.848289,38.096497,64.36313629
Shiloh Wind Project,-121.849289,38.168194,58.77320099
Shiloh Wind Project,-121.86039,38.148193,59.76585007
Shiloh Wind Project,-121.828186,38.168694,63.49918747
Shiloh Wind Project,-121.825287,38.157494,72.86301422
Shiloh Wind Project,-121.838585,38.091797,70.0071106
Shiloh Wind Project,-121.836784,38.088295,59.81045914
Shiloh Wind Project,-121.862083,38.164097,51.47677231
Shiloh Wind Project,-121.860085,38.147095,61.79940033
Shiloh Wind Project,-121.868088,38.158295,55.89491653
Shiloh Wind Project,-121.847839,38.163826,55.13280869
Shiloh Wind Project,-121.878586,38.155296,47.16220856
Shiloh Wind Project,-121.83699,38.161797,65.70056152
Shiloh Wind Project,-121.812988,38.160995,68.45021057
Shiloh Wind Project,-121.853485,38.153397,64.55110168
Shiloh Wind Project,-121.870789,38.152096,54.72834396
Shiloh Wind Project,-121.829788,38.154896,74.15978241
Shiloh Wind Project,-121.875488,38.170395,44.87656021
Shiloh Wind Project,-121.847389,38.093197,58.66699219
Shiloh Wind Project,-121.875984,38.159294,47.19235611
Shiloh Wind Project,-121.878586,38.180393,31.35208321
Shiloh Wind Project,-121.860687,38.116894,64.52877045
Shiloh Wind Project,-121.837585,38.089497,62.33613586
Shiloh Wind Project,-121.860985,38.153294,49.06564331
Shiloh Wind Project,-121.847588,38.115696,68.70422363
Shiloh Wind Project,-121.839088,38.094696,64.50961304
Shiloh Wind Project,-121.866287,38.176094,49.35967636
Shiloh Wind Project,-121.837669,38.139912,79.35816956
Shiloh Wind Project,-121.84729,38.095097,64.63153076
Shiloh Wind Project,-121.856384,38.116196,68.44274902
Shiloh Wind Project,-121.837685,38.164795,65.6398468
Shiloh Wind Project,-121.857285,38.156895,59.64393234
Shiloh Wind Project,-121.849586,38.166794,55.57384491
Shiloh Wind Project,-121.82579,38.159195,69.92133331
Shiloh Wind Project,-121.872688,38.157894,51.85486603
Shiloh Wind Project,-121.874687,38.165195,47.47937012
Shiloh Wind Project,-121.854286,38.115395,72.62466431
Shiloh Wind Project,-121.879189,38.157295,45.62311935
Shiloh Wind Project,-121.873688,38.163395,45.66583633
Shiloh Wind Project,-121.85379,38.106693,70.06523895
Shiloh Wind Project,-121.87439,38.136696,46.85843277
Shiloh Wind Project,-121.878586,38.142895,42.48783493
Shiloh Wind Project,-121.838264,38.137993,75.60734558
Shiloh Wind Project,-121.87149,38.154396,52.00403976
Shiloh Wind Project,-121.866684,38.168896,49.56129837
Shiloh Wind Project,-121.869591,38.178894,45.65158081
Shiloh Wind Project,-121.848686,38.111996,76.80889893
Shiloh Wind Project,-121.838966,38.168739,53.75632095
Shiloh Wind Project,-121.845085,38.122494,77.61247253
Shiloh Wind Project,-121.882988,38.144096,40.23460007
Shiloh Wind Project,-121.851486,38.113594,75.9167099
Shiloh Wind Project,-121.850784,38.112396,73.85734558
Shiloh Wind Project,-121.857788,38.171295,52.89618301
Shiloh Wind Project,-121.815285,38.163197,71.15636444
Shiloh Wind Project,-121.840935,38.142971,75.97592163
Shiloh Wind Project,-121.850189,38.169796,53.12561798
Shiloh Wind Project,-121.837585,38.163296,62.12669373
Shiloh Wind Project,-121.85379,38.107994,69.22396088
Shiloh Wind Project,-121.877884,38.151196,43.54084015
Shiloh Wind Project,-121.876289,38.139793,42.69267273
Shiloh Wind Project,-121.827583,38.162395,71.70398712
Shiloh Wind Project,-121.87709,38.178795,38.81492233
Shiloh Wind Project,-121.817284,38.165894,63.47799301
Shiloh Wind Project,-121.848785,38.123295,76.6065979
Shiloh Wind Project,-121.876083,38.137894,40.08411407
Shiloh Wind Project,-121.827583,38.164295,71.18456268
Shiloh Wind Project,-121.861885,38.173294,50.02500153
Shiloh Wind Project,-121.877991,38.153194,52.02024078
Shiloh Wind Project,-121.857185,38.108196,65.94334412
Shiloh Wind Project,-121.859787,38.171993,51.20432663
Shiloh Wind Project,-121.818489,38.166897,49.95567322
Shiloh Wind Project,-121.85849,38.158096,60.8901062
Shiloh Wind Project,-121.826584,38.161095,70.9927063
Shiloh Wind Project,-121.873993,38.168198,46.82922363
Shiloh Wind Project,-121.839188,38.096294,68.17023468
Shiloh Wind Project,-121.83709,38.166393,62.15685272
Shiloh Wind Project,-121.852684,38.114697,71.40065765
Shiloh Wind Project,-121.863091,38.165794,51.70189667
Shiloh Wind Project,-121.859589,38.159195,58.66744614
Shiloh Wind Project,-121.834885,38.158497,72.61898804
Shiloh Wind Project,-121.83519,38.160194,71.60405731
Shiloh Wind Project,-121.867584,38.177494,47.55474854
Shiloh Wind Project,-121.826088,38.154995,74.25826263
Shiloh Wind Project,-121.822685,38.166996,47.55882263
Shiloh Wind Project,-121.877785,38.141594,43.01639557
Shiloh Wind Project,-121.832687,38.155396,66.37100983
Shiloh Wind Project,-121.840706,38.145382,77.06789398
Shiloh Wind Project,-121.865891,38.167397,52.60097885
Shiloh Wind Project,-121.83799,38.167595,61.70065308
Shiloh Wind Project,-121.863091,38.174694,49.5446434
Shiloh Wind Project,-121.852989,38.151997,64.86811066
Shiloh Wind Project,-121.816284,38.164696,66.77204132
Shiloh Wind Project,-121.856285,38.147396,66.8188324
Shiloh Wind Project,-121.864288,38.153595,57.36322021
Shiloh Wind Project,-121.846985,38.091694,58.92123032
Shiloh Wind Project,-121.855286,38.169994,56.54197693
Shiloh Wind Project,-121.827385,38.167194,66.70799255
Shiloh Wind Project,-121.83889,38.093094,69.97081757
Shiloh Wind Project,-121.837669,38.136944,77.44171906
Shiloh Wind Project,-121.814285,38.162193,67.82555389
Shiloh Wind Project,-121.876785,38.172695,37.15395355
Shiloh Wind Project,-121.872284,38.156296,52.21652985
Shiloh Wind Project,-121.847984,38.117596,73.47637177
Shiloh Wind Project,-121.878189,38.174397,37.96775436
Shiloh Wind Project,-121.86599,38.155396,51.96535492
Shiloh Wind Project,-121.840996,38.141312,76.44830322
Silver Sage,-105.026093,41.119991,2059.161377
Silver Sage,-105.035988,41.129791,2045.57312
Silver Sage,-105.026489,41.127594,2040.346924
Silver Sage,-105.031792,41.135094,2036.843506
Silver Sage,-105.022987,41.131992,2031.010498
Silver Sage,-105.03569,41.119991,2062.325439
Silver Sage,-105.015587,41.133991,2028.102173
Silver Sage,-105.036186,41.137192,2040.295532
Silver Sage,-105.035889,41.133194,2047.501587
Silver Sage,-105.025688,41.125294,2045.141235
Silver Sage,-105.030891,41.121391,2059.499512
Silver Sage,-105.023888,41.129692,2040.658325
Silver Sage,-105.034889,41.123093,2049.774658
Silver Sage,-105.024986,41.138992,2026.96875
Silver Sage,-105.029091,41.136993,2035.050659
Silver Sage,-105.01519,41.135895,2018.817871
Silver Sage,-105.036186,41.139492,2033.594482
Silver Sage,-105.022392,41.121895,2054.951904
Silver Sage,-105.028687,41.123493,2053.8125
Silver Sage,-105.020187,41.141293,2018.643799
Skookumchuck,-122.602585,46.718765,837.137085
Skookumchuck,-122.582382,46.704296,826.3244629
Skookumchuck,-122.614883,46.725334,804.1021118
Skookumchuck,-122.635384,46.737484,788.1848755
Skookumchuck,-122.599983,46.713573,849.2349243
Skookumchuck,-122.521782,46.696064,870.9728394
Skookumchuck,-122.559288,46.704243,849.2578735
Skookumchuck,-122.589287,46.712406,840.9475098
Skookumchuck,-122.535683,46.695404,859.8223267
Skookumchuck,-122.573883,46.702576,826.1495361
Skookumchuck,-122.606384,46.722004,790.6793213
Skookumchuck,-122.622887,46.728153,770.3308716
Skookumchuck,-122.667145,46.751923,562.6322632
Skookumchuck,-122.628983,46.732895,790.6154175
Skookumchuck,-122.626282,46.730225,760.3867798
Skookumchuck,-122.593384,46.713074,829.2590332
Skookumchuck,-122.543884,46.697723,863.6557007
Skookumchuck,-122.547882,46.698166,843.2894897
Skookumchuck,-122.503983,46.685745,1012.637451
Skookumchuck,-122.551788,46.701305,844.5639038
Skookumchuck,-122.513489,46.689865,1041.754028
Skookumchuck,-122.499489,46.685093,1050.778687
Skookumchuck,-122.631584,46.734974,778.9469604
Skookumchuck,-122.570389,46.704403,834.6311035
Skookumchuck,-122.661018,46.751606,578.164856
Skookumchuck,-122.611687,46.723286,786.1402588
Skookumchuck,-122.669838,46.754021,540.8690796
Skookumchuck,-122.530388,46.695393,831.4375
Skookumchuck,-122.562485,46.706623,850.9974976
Skookumchuck,-122.540085,46.696766,862.222168
Skookumchuck,-122.637383,46.740673,785.4749146
Skookumchuck,-122.652885,46.747486,587.3828735
Skookumchuck,-122.579384,46.702156,835.008728
Skookumchuck,-122.507385,46.687485,1032.402588
Skookumchuck,-122.657883,46.748943,597.0470581
Skookumchuck,-122.517487,46.691433,964.0269775
Skookumchuck,-122.620186,46.725075,802.2337036
Skookumchuck,-122.584785,46.710785,793.2711182
Sky River,-118.25499,35.076496,1135.202026
Sky River Repower,-118.238869,35.240356,1685.119629
Sky River Repower,-118.239426,35.236694,1633.136841
Sky River Repower,-118.243225,35.272289,1629.155029
Sky River Repower,-118.23597,35.204334,1872.590942
Sky River Repower,-118.239067,35.228378,1698.943359
Sky River Repower,-118.245689,35.249355,1612.005493
Sky River Repower,-118.247658,35.2663,1533.627197
Sky River Repower,-118.245049,35.275047,1614.561035
Sky River Repower,-118.240074,35.210903,1909.461182
Sky River Repower,-118.24572,35.257915,1558.861084
Sky River Repower,-118.242279,35.268944,1607.800537
Sky River Repower,-118.244469,35.255081,1533.47998
Sky River Repower,-118.241165,35.243969,1754.45105
Sky River Repower,-118.240356,35.266151,1556.28479
Sky River Repower,-118.24292,35.262985,1509.967041
Sky River Repower,-118.245827,35.252193,1613.529541
Sky River Repower,-118.246559,35.260799,1523.954712
Sky River Repower,-118.240067,35.231537,1651.516357
Sky River Repower,-118.236893,35.198349,1848.072998
Sky River Repower,-118.235832,35.271797,1602.444946
Sky River Repower,-118.235512,35.201004,1862.130859
Solano IV Repower,-121.775146,38.131641,62.49345779
Solano IV Repower,-121.774513,38.126522,55.62265778
Solano IV Repower,-121.808594,38.072895,43.29269028
Solano IV Repower,-121.828819,38.078789,34.38896942
Solano IV Repower,-121.817726,38.074799,53.23523331
Solano IV Repower,-121.812828,38.077274,62.69743347
Solano IV Repower,-121.753899,38.114773,33.07236099
Solano IV Repower,-121.814209,38.080029,62.78267288
Solano IV Repower,-121.775505,38.12384,54.94170761
Solano IV Repower,-121.831253,38.092644,72.49620819
Solano IV Repower,-121.8256,38.084045,61.6031456
Solano IV Repower,-121.828224,38.081337,31.04043961
Solano IV Repower,-121.834305,38.085648,50.32262802
Solano IV Repower,-121.751251,38.112141,15.8074007
Solano IV Repower,-121.772751,38.12936,56.03221893
Solano IV Repower,-121.762054,38.119026,44.33626938
Solano IV Repower,-121.762894,38.121799,47.54360199
Solano IV Repower,-121.774521,38.120838,36.82024002
Solano IV Repower,-121.82901,38.090183,63.10731506
Solano Phase 3,-121.788383,38.076096,58.87003326
Solano Phase 3,-121.80909,38.093197,55.19204712
Solano Phase 3,-121.755386,38.105095,43.15314102
Solano Phase 3,-121.789787,38.082996,57.6730423
Solano Phase 3,-121.752785,38.102997,47.84890747
Solano Phase 3,-121.820389,38.089195,63.11815262
Solano Phase 3,-121.788986,38.081493,57.31658554
Solano Phase 3,-121.816383,38.084293,48.27817917
Solano Phase 3,-121.754784,38.109196,45.82401657
Solano Phase 3,-121.768387,38.081696,21.99040794
Solano Phase 3,-121.790688,38.092194,57.35493851
Solano Phase 3,-121.777489,38.080196,38.03746796
Solano Phase 3,-121.777184,38.085396,42.75029755
Solano Phase 3,-121.800987,38.082794,51.33179855
Solano Phase 3,-121.753288,38.088493,37.17286682
Solano Phase 3,-121.794685,38.073395,58.1397171
Solano Phase 3,-121.814888,38.082195,65.19545746
Solano Phase 3,-121.76609,38.083393,42.15950775
Solano Phase 3,-121.796486,38.078495,54.53038025
Solano Phase 3,-121.795387,38.076897,53.27268982
Solano Phase 3,-121.784187,38.074696,43.50706863
Solano Phase 3,-121.766685,38.086094,43.30841064
Solano Phase 3,-121.787888,38.080093,58.2230072
Solano Phase 3,-121.777084,38.081894,47.00942993
Solano Phase 3,-121.785789,38.087196,52.85281754
Solano Phase 3,-121.793983,38.086594,58.12903595
Solano Phase 3,-121.790688,38.089695,56.32265091
Solano Phase 3,-121.78389,38.089195,58.59075928
Solano Phase 3,-121.797188,38.091293,65.3092804
Solano Phase 3,-121.743988,38.095394,34.49896622
Solano Phase 3,-121.75399,38.099693,45.26994324
Solano Phase 3,-121.820084,38.087597,65.99710846
Solano Phase 3,-121.79599,38.093594,59.58279419
Solano Phase 3,-121.816284,38.085896,64.10340118
Solano Phase 3,-121.777786,38.078594,44.84299469
Solano Phase 3,-121.742989,38.093895,34.81861115
Solano Phase 3,-121.797089,38.088097,56.77848434
Solano Phase 3,-121.806984,38.091797,49.8998642
Solano Phase 3,-121.738686,38.099396,21.93099022
Solano Phase 3,-121.803986,38.086594,64.09794617
Solano Phase 3,-121.744987,38.096893,33.86253738
Solano Phase 3,-121.791985,38.071693,54.58579254
Solano Phase 3,-121.754486,38.107494,43.56813812
Solano Phase 3,-121.776985,38.087093,51.98735809
Solano Phase 3,-121.820885,38.090897,68.89927673
Solano Phase 3,-121.786484,38.078896,59.70779419
Solano Phase 3,-121.747787,38.105495,28.19426537
Solano Phase 3,-121.749084,38.101696,39.27178574
Solano Phase 3,-121.800888,38.084496,59.59582138
Solano Phase 3,-121.777184,38.083496,45.72591782
Solano Phase 3,-121.801491,38.081196,45.07867432
Solano Phase 3,-121.796989,38.089695,58.84477615
Solano Phase 3,-121.789986,38.084595,58.143116
Solano Phase 3,-121.821091,38.092495,64.76889801
Solano Phase 3,-121.797287,38.074696,60.2854538
Solano Phase IIA,-121.774788,38.102196,58.8465004
Solano Phase IIA,-121.775284,38.095695,52.02875519
Solano Phase IIA,-121.774284,38.105595,61.24701309
Solano Phase IIA,-121.774284,38.107197,59.69680023
Solano Phase IIA,-121.775085,38.097294,51.88394928
Solano Phase IIA,-121.775085,38.100594,54.94433212
Solano Phase IIA,-121.774284,38.103893,60.51496506
Solano Phase IIA,-121.774887,38.098896,54.57956696
Solano Wind Project,-121.755188,38.095295,43.34119415
Solano Wind Project,-121.77079,38.090694,39.91791153
Solano Wind Project,-121.754189,38.089996,41.23845673
Solano Wind Project,-121.785088,38.107494,62.40656662
Solano Wind Project,-121.761688,38.098896,47.00592041
Solano Wind Project,-121.755585,38.091896,45.44937515
Solano Wind Project,-121.762489,38.097095,49.11759567
Solano Wind Project,-121.763588,38.095295,45.76911545
Solano Wind Project,-121.76049,38.108395,52.77772141
Solano Wind Project,-121.760689,38.106594,48.52703476
Solano Wind Project,-121.771988,38.112095,56.32329941
Solano Wind Project,-121.770988,38.092396,51.43140793
Solano Wind Project,-121.784889,38.105896,65.81358337
Solano Wind Project,-121.762085,38.103596,48.53701782
Solano Wind Project,-121.771988,38.110195,60.65417862
Solano Wind Project,-121.760788,38.110294,45.29357147
Solano Wind Project,-121.754486,38.093697,45.35283661
Solano Wind Project,-121.761986,38.100895,45.11312485
Solano Wind Project,-121.772987,38.114197,56.08817673
Solano Wind Project,-121.771889,38.093796,52.16988373
Solano Wind Project,-121.784988,38.109097,63.66242599
South Hurlburt,-120.050087,45.642494,292.8617249
South Hurlburt,-119.981689,45.631992,312.9457397
South Hurlburt,-119.991585,45.611694,318.8282166
South Hurlburt,-120.073486,45.706093,219.4322357
South Hurlburt,-120.112869,45.708027,271.1786194
South Hurlburt,-120.058189,45.714794,219.3136292
South Hurlburt,-120.069885,45.689693,203.2592316
South Hurlburt,-120.090889,45.715694,253.3641815
South Hurlburt,-119.977486,45.544594,394.7502441
South Hurlburt,-120.103088,45.700493,228.1376953
South Hurlburt,-120.080185,45.703094,218.1223145
South Hurlburt,-119.981285,45.615093,314.667572
South Hurlburt,-119.963783,45.583294,336.2004395
South Hurlburt,-120.084785,45.705296,218.690094
South Hurlburt,-120.064186,45.665092,233.49263
South Hurlburt,-120.072083,45.693295,211.9090881
South Hurlburt,-119.989487,45.607693,321.3045349
South Hurlburt,-120.114288,45.713196,274.4928589
South Hurlburt,-120.101189,45.696293,218.2520905
South Hurlburt,-120.092384,45.697994,217.6694183
South Hurlburt,-120.085884,45.692093,212.7257996
South Hurlburt,-119.982185,45.616894,313.1781616
South Hurlburt,-120.043686,45.656693,241.8748779
South Hurlburt,-120.079185,45.701195,219.3209381
South Hurlburt,-120.077682,45.687893,221.8190918
South Hurlburt,-120.052223,45.651905,249.2141266
South Hurlburt,-119.974388,45.541195,377.8088684
South Hurlburt,-120.105186,45.719193,259.3908691
South Hurlburt,-120.040588,45.637295,299.3975525
South Hurlburt,-120.093384,45.704693,226.4911957
South Hurlburt,-120.111885,45.703693,268.4750671
South Hurlburt,-120.102882,45.702293,238.3513184
South Hurlburt,-119.981789,45.636395,313.6418152
South Hurlburt,-120.078583,45.674595,227.2569122
South Hurlburt,-119.965584,45.536995,371.7824402
South Hurlburt,-119.980682,45.627594,313.6281738
South Hurlburt,-120.053185,45.645893,275.1383362
South Hurlburt,-120.072586,45.719894,238.5156097
South Hurlburt,-120.078087,45.690693,215.199295
South Hurlburt,-120.104683,45.717293,263.3001099
South Hurlburt,-119.984085,45.622494,313.8419495
South Hurlburt,-120.068489,45.713196,221.4898224
South Hurlburt,-120.000687,45.604595,320.2219849
South Hurlburt,-119.999687,45.602795,320.9765015
South Hurlburt,-120.075386,45.707794,222.6546631
South Hurlburt,-120.063789,45.698895,210.6192169
South Hurlburt,-120.091484,45.695496,209.4524689
South Hurlburt,-119.976288,45.542793,387.9400635
South Hurlburt,-119.981583,45.634193,312.5749207
South Hurlburt,-120.000282,45.607994,317.7517395
South Hurlburt,-120.102486,45.713196,270.5481567
South Hurlburt,-120.064484,45.703094,213.1440125
South Hurlburt,-120.075584,45.683895,222.434845
South Hurlburt,-120.063889,45.700993,213.2212219
South Hurlburt,-120.065376,45.70731,211.9394226
South Hurlburt,-120.080284,45.715195,238.7052002
South Hurlburt,-120.102585,45.698093,220.2620087
South Hurlburt,-119.958786,45.555992,347.6220398
South Hurlburt,-120.067085,45.687393,203.4174957
South Hurlburt,-120.106689,45.721092,252.9513092
South Hurlburt,-120.05909,45.716793,218.2115631
South Hurlburt,-119.996689,45.600395,322.85495
South Hurlburt,-120.103683,45.715294,264.5601807
South Hurlburt,-119.970886,45.614594,310.6411438
South Hurlburt,-120.114784,45.716793,261.4301147
South Hurlburt,-120.064285,45.668793,230.7874298
South Hurlburt,-120.084885,45.697395,207.1615906
South Hurlburt,-120.078461,45.67001,212.4850616
South Hurlburt,-120.056351,45.656017,248.9384308
South Hurlburt,-120.098587,45.708393,258.5787048
South Hurlburt,-120.071884,45.717594,231.9113159
South Hurlburt,-120.042786,45.638893,297.3644409
South Hurlburt,-119.990486,45.609695,319.5849609
South Hurlburt,-120.006287,45.614693,316.73349
South Hurlburt,-120.067245,45.735634,202.4601135
South Hurlburt,-119.985184,45.624393,312.4470825
South Hurlburt,-120.044785,45.640392,294.7459412
South Hurlburt,-120.093086,45.717094,259.4315186
South Hurlburt,-120.064484,45.705193,213.6990662
South Hurlburt,-120.098083,45.722694,240.7183075
South Hurlburt,-120.062683,45.692894,189.0188446
South Hurlburt,-120.054268,45.653961,251.6579742
South Hurlburt,-119.972389,45.629295,313.4992981
South Hurlburt,-120.084488,45.708794,229.5790405
South Hurlburt,-119.988487,45.605793,322.6434021
South Hurlburt,-120.002487,45.612194,318.4806213
South Hurlburt,-119.980186,45.607094,318.8936768
South Hurlburt,-120.078384,45.611492,295.1313477
South Hurlburt,-120.077087,45.685894,223.4353638
South Hurlburt,-120.001686,45.609894,317.9916382
South Hurlburt,-120.097488,45.705795,230.5769653
South Hurlburt,-120.078583,45.713493,234.8216248
South Hurlburt,-120.088387,45.713593,242.7963867
South Hurlburt,-120.094482,45.702293,221.530426
South Hurlburt,-120.06469,45.709095,211.078598
South Hurlburt,-120.063889,45.663193,233.1516876
South Hurlburt,-120.004387,45.613396,317.3164063
South Hurlburt,-120.111885,45.706093,270.1376953
South Hurlburt,-120.094986,45.719795,258.9998169
South Hurlburt,-119.980186,45.613194,316.1970215
South Hurlburt,-119.982086,45.619694,312.9674377
South Hurlburt,-120.070183,45.715694,228.7429657
South Hurlburt,-119.971085,45.612495,313.2655945
South Hurlburt,-120.0569,45.71273,214.9940338
South Hurlburt,-119.992584,45.613693,317.8569336
South Hurlburt,-120.063789,45.667095,231.3892975
South Hurlburt,-119.981888,45.597294,328.9274292
South Hurlburt,-120.051689,45.643494,293.5911865
South Hurlburt,-119.963188,45.535793,377.9004211
South Hurlburt,-119.979286,45.610596,317.7604065
South Hurlburt,-120.099686,45.692593,212.9629517
South Hurlburt,-120.114082,45.698795,225.2091064
South Hurlburt,-119.981689,45.629593,312.8237305
South Hurlburt,-120.113983,45.701195,227.3356934
South Hurlburt,-119.981789,45.638493,300.9368591
South Hurlburt,-120.116486,45.718594,258.8436584
South Peak,-110.688385,47.300793,1426.582153
South Peak,-110.690903,47.305,1429.64502
South Peak,-110.635696,47.3078,1448.21521
South Peak,-110.635597,47.3032,1444.031616
South Peak,-110.623184,47.31039,1445.064453
South Peak,-110.624496,47.313,1448.042236
South Peak,-110.624481,47.297791,1444.212158
South Peak,-110.639099,47.313702,1455.041504
South Peak,-110.683685,47.319843,1447.952515
South Peak,-110.589485,47.309391,1407.462769
South Peak,-110.578888,47.305893,1413.494019
South Peak,-110.563087,47.297894,1422.821533
South Peak,-110.689148,47.311581,1451.558716
South Peak,-110.579483,47.297691,1440.932861
South Peak,-110.6353,47.305401,1442.380615
South Peak,-110.587082,47.312992,1399.154419
South Peak,-110.638199,47.311901,1449.367432
South Peak,-110.590782,47.306992,1419.306885
South Peak,-110.689903,47.3074,1450.585205
South Peak,-110.581886,47.299294,1437.437256
South Peak,-110.691185,47.302692,1429.678467
South Peak,-110.630203,47.299801,1445.763062
South Peak,-110.688927,47.309551,1449.211304
South Peak,-110.635696,47.309898,1445.525513
South Peak,-110.585182,47.301392,1431.818359
South Peak,-110.577286,47.295292,1445.775146
South Peak,-110.633102,47.3013,1450.067017
South Peak,-110.696198,47.298698,1373.555298
South Peak,-110.688675,47.313667,1456.811157
Spanish Fork,-111.58429,40.076595,1451.18042
Spanish Fork,-111.583488,40.070892,1455.915161
Spanish Fork,-111.58239,40.071495,1455.83728
Spanish Fork,-111.581184,40.072193,1457.122437
Spanish Fork,-111.586288,40.074795,1450.386353
Spanish Fork,-111.585289,40.075695,1450.263916
Spanish Fork,-111.587288,40.073895,1461.995605
Spanish Fork,-111.580086,40.072895,1458.597778
Spanish Fork,-111.584389,40.070095,1473.758667
Spion Kop,-110.65419,47.324593,1467.70813
Spion Kop,-110.644585,47.346992,1536.191528
Spion Kop,-110.621086,47.348694,1502.658569
Spion Kop,-110.619385,47.342594,1470.487915
Spion Kop,-110.63649,47.328892,1431.506836
Spion Kop,-110.625786,47.356594,1589.583008
Spion Kop,-110.642387,47.342293,1508.897339
Spion Kop,-110.651886,47.327293,1456.882813
Spion Kop,-110.643089,47.344593,1517.174194
Spion Kop,-110.651085,47.334393,1471.992676
Spion Kop,-110.640686,47.340694,1518.010742
Spion Kop,-110.635284,47.335793,1466.635376
Spion Kop,-110.644089,47.349194,1556.755615
Spion Kop,-110.615486,47.339893,1438.437622
Spion Kop,-110.622185,47.350693,1521.891846
Spion Kop,-110.636887,47.331692,1445.093018
Spion Kop,-110.650986,47.330494,1454.327271
Spion Kop,-110.624588,47.354794,1568.245605
Spion Kop,-110.623283,47.352592,1541.181274
Spion Kop,-110.633484,47.324394,1450.85022
Spion Kop,-110.636284,47.337593,1461.530762
Spion Kop,-110.638184,47.339092,1474.933838
Spion Kop,-110.634087,47.326492,1445.289063
Spion Kop,-110.621384,47.344593,1474.093506
Spion Kop,-110.651688,47.336994,1486.518311
Spring Canyon,-103.025291,40.973492,1338.080078
Spring Canyon,-103.032494,40.970493,1333.679688
Spring Canyon,-103.055893,40.987492,1343.386353
Spring Canyon,-103.048492,40.990791,1343.855347
Spring Canyon,-103.046989,40.992092,1344.421997
Spring Canyon,-103.052094,40.929394,1350.425659
Spring Canyon,-102.976089,40.981293,1328.811157
Spring Canyon,-103.021492,40.975594,1336.254272
Spring Canyon,-103.050789,40.989094,1343.784912
Spring Canyon,-103.028091,40.942993,1340.02832
Spring Canyon,-102.979187,40.980595,1330.388794
Spring Canyon,-102.96019,40.983894,1323.46521
Spring Canyon,-103.047691,40.954094,1341.26416
Spring Canyon,-103.052788,40.988094,1344.499146
Spring Canyon,-103.055389,40.928894,1349.157837
Spring Canyon,-103.044388,40.932392,1347.599854
Spring Canyon,-103.059387,40.984993,1344.824097
Spring Canyon,-103.065788,40.983692,1344.510864
Spring Canyon,-103.03569,40.926891,1343.969727
Spring Canyon,-102.964493,40.982994,1325.526489
Spring Canyon,-103.048592,40.930695,1351.216064
Spring Canyon,-103.032791,40.938793,1345.202026
Spring Canyon,-102.987793,40.979393,1333.927734
Spring Canyon,-102.98349,40.978893,1331.926636
Spring Canyon,-102.945992,40.986794,1321.657837
Spring Canyon,-103.029694,40.939491,1344.794922
Spring Canyon,-102.968887,40.982292,1325.883545
Spring Canyon,-102.972893,40.981194,1328.758423
Spring Canyon,-103.035393,40.937492,1348.274536
Spring Canyon,-103.030693,40.926792,1341.457642
Spring Canyon,-103.026588,40.926094,1344.5979
Spring Canyon,-103.04969,40.951492,1343.826538
Spring Canyon,-103.030289,40.972294,1335.839233
Spring Canyon,-102.992188,40.979294,1335.42627
Spring Canyon,-103.042389,40.955593,1333.092773
Spring Canyon,-103.021988,40.926094,1341.670898
Spring Canyon,-103.04039,40.933792,1345.293701
Spring Canyon,-102.955093,40.983593,1323.637451
Spring Canyon,-102.949493,40.984894,1321.567627
Spring Canyon,-103.051392,40.947994,1340.848999
Spring Canyon Expansion,-102.963127,40.995125,1322.870605
Spring Canyon Expansion,-102.967934,40.996132,1322.647217
Spring Canyon Expansion,-103.082947,40.988674,1340.571045
Spring Canyon Expansion,-103.048851,40.976513,1340.906616
Spring Canyon Expansion,-103.031799,40.991814,1341.330566
Spring Canyon Expansion,-102.944969,41.000172,1311.456299
Spring Canyon Expansion,-102.991753,40.997204,1330.846558
Spring Canyon Expansion,-103.02639,40.954693,1334.809937
Spring Canyon Expansion,-103.084312,40.984703,1341.611816
Spring Canyon Expansion,-103.045311,40.999252,1330.495728
Spring Canyon Expansion,-102.959068,40.997253,1320.048828
Spring Canyon Expansion,-103.015137,40.997433,1335.405518
Spring Canyon Expansion,-103.017197,40.987843,1333.105835
Spring Canyon Expansion,-102.988434,41.000233,1328.852051
Spring Canyon Expansion,-103.02256,40.957382,1331.384521
Spring Canyon Expansion,-103.036209,40.991913,1342.689575
Spring Canyon Expansion,-103.07476,40.998634,1338.985352
Spring Canyon Expansion,-103.003311,40.980492,1336.502563
Spring Canyon Expansion,-103.007431,40.992012,1332.293945
Spring Canyon Expansion,-103.024139,40.984722,1335.209473
Spring Canyon Expansion,-102.972954,40.994923,1325.116089
Spring Canyon Expansion,-103.034134,41.000053,1342.070313
Spring Canyon Expansion,-103.029572,40.952034,1336.015137
Spring Canyon Expansion,-102.948494,40.996792,1316.388184
Spring Canyon Expansion,-103.003021,40.998104,1338.130493
Spring Canyon Expansion,-103.007683,40.980427,1338.315918
Spring Canyon Expansion,-102.977287,40.991955,1325.356567
Spring Canyon Expansion,-103.078682,40.988972,1340.680176
Spring Canyon Expansion,-102.998299,40.997364,1334.970581
Spring Canyon Expansion,-102.954552,40.999863,1317.742676
Spring Canyon Expansion,-103.053627,40.975479,1340.547241
Spring Canyon Expansion,-103.00853,40.998573,1338.014893
Spring Canyon Expansion,-103.069038,40.998859,1338.201172
Spring Canyon Expansion,-103.025337,41.001385,1339.396362
Spring Canyon Expansion,-103.015549,40.954262,1337.679688
Spring Valley,-114.506485,39.085194,1783.774414
Spring Valley,-114.510284,39.107094,1801.278198
Spring Valley,-114.499084,39.085194,1775.644653
Spring Valley,-114.475388,39.075092,1751.10437
Spring Valley,-114.487587,39.085194,1763.304321
Spring Valley,-114.464584,39.085194,1743.847168
Spring Valley,-114.493088,39.117992,1767.364258
Spring Valley,-114.497086,39.075092,1765.596558
Spring Valley,-114.511787,39.085194,1789.603638
Spring Valley,-114.488487,39.117992,1759.139648
Spring Valley,-114.514091,39.094994,1807.994141
Spring Valley,-114.493187,39.075092,1763.508301
Spring Valley,-114.515587,39.085194,1799.703247
Spring Valley,-114.476089,39.085194,1752.109375
Spring Valley,-114.479988,39.106995,1750.193237
Spring Valley,-114.470985,39.094994,1746.931152
Spring Valley,-114.475685,39.107094,1745.474487
Spring Valley,-114.497185,39.094994,1778.188599
Spring Valley,-114.469185,39.075092,1745.169678
Spring Valley,-114.500984,39.094994,1784.079468
Spring Valley,-114.485191,39.075092,1756.387085
Spring Valley,-114.48159,39.117992,1747.728027
Spring Valley,-114.504684,39.117992,1788.247314
Spring Valley,-114.493385,39.094994,1771.369751
Spring Valley,-114.491486,39.085194,1768.032104
Spring Valley,-114.508492,39.117992,1795.577759
Spring Valley,-114.51239,39.117992,1803.745972
Spring Valley,-114.477791,39.117992,1740.807617
Spring Valley,-114.468285,39.107094,1739.30542
Spring Valley,-114.506485,39.107094,1793.265259
Spring Valley,-114.495087,39.085194,1771.610596
Spring Valley,-114.472488,39.075092,1746.688843
Spring Valley,-114.47419,39.094994,1749.778442
Spring Valley,-114.466492,39.094994,1743.406982
Spring Valley,-114.478584,39.074696,1751.264404
Spring Valley,-114.489487,39.094994,1767.094971
Spring Valley,-114.51799,39.107094,1820.464966
Spring Valley,-114.47229,39.085194,1749.258423
Spring Valley,-114.491089,39.107094,1766.810425
Spring Valley,-114.487587,39.107094,1760.711426
Spring Valley,-114.473885,39.117992,1736.024292
Spring Valley,-114.500343,39.07505,1769.673462
Spring Valley,-114.470085,39.117992,1734.617432
Spring Valley,-114.483788,39.085194,1759.759766
Spring Valley,-114.514191,39.107094,1810.519287
Spring Valley,-114.471886,39.107094,1742.699341
Spring Valley,-114.485687,39.094994,1762.383057
Spring Valley,-114.489288,39.075092,1759.650513
Spring Valley,-114.500786,39.117992,1779.967773
Spring Valley,-114.464691,39.107094,1737.632813
Spring Valley,-114.481789,39.074993,1753.409912
Spring Valley,-114.477989,39.094994,1753.987671
Spring Valley,-114.50869,39.094994,1798.175903
Spring Valley,-114.502991,39.085194,1779.539307
Spring Valley,-114.485489,39.117992,1753.507568
Spring Valley,-114.481789,39.094994,1758.708984
Spring Valley,-114.503586,39.074993,1770.588989
Spring Valley,-114.502686,39.107094,1785.663574
Spring Valley,-114.468391,39.085194,1745.973389
Spring Valley,-114.463188,39.094994,1740.853882
Spring Valley,-114.496986,39.117992,1773.554443
Spring Valley,-114.483292,39.107094,1753.791992
Spring Valley,-114.479889,39.085194,1756.598267
Spring Valley,-114.50489,39.094994,1791.287109
Spring Valley,-114.494987,39.107094,1772.131714
Spring Valley,-114.499084,39.107094,1779.408691
Star Point,-120.431183,45.538296,380.5806274
Star Point,-120.521683,45.527893,506.4459229
Star Point,-120.540283,45.469593,596.4608765
Star Point,-120.522285,45.520393,536.0865479
Star Point,-120.524689,45.475494,577.4071655
Star Point,-120.457687,45.515896,482.7096252
Star Point,-120.522186,45.522793,526.7410889
Star Point,-120.525986,45.477894,573.0773315
Star Point,-120.473686,45.512794,510.4273071
Star Point,-120.423088,45.549496,364.9913635
Star Point,-120.529984,45.462692,607.9294434
Star Point,-120.530785,45.490692,507.8546753
Star Point,-120.488785,45.516495,506.5837708
Star Point,-120.530586,45.485695,544.7658081
Star Point,-120.539787,45.479794,550.6014404
Star Point,-120.483589,45.509693,515.3362427
Star Point,-120.450485,45.522995,440.2260437
Star Point,-120.526489,45.467094,601.1039429
Star Point,-120.429085,45.525696,404.5825195
Star Point,-120.423386,45.541492,378.6143494
Star Point,-120.475288,45.516895,510.0423584
Star Point,-120.422783,45.552494,362.6687622
Star Point,-120.530388,45.483093,554.5634155
Star Point,-120.539284,45.474396,585.2003784
Star Point,-120.52179,45.525192,514.9624023
Star Point,-120.526382,45.464596,607.489563
Star Point,-120.431686,45.535694,384.6442566
Star Point,-120.528183,45.480293,562.7176514
Star Point,-120.539284,45.477394,565.6483154
Star Point,-120.470085,45.506695,491.0655212
Star Point,-120.443588,45.512695,461.884613
Star Point,-120.530785,45.488194,528.4827271
Star Point,-120.521683,45.530895,493.9934387
Star Point,-120.423286,45.546795,368.982605
Star Point,-120.486687,45.513596,510.6029663
Star Point,-120.528885,45.492794,494.4407349
Star Point,-120.471786,45.509594,499.6101379
Star Point,-120.481888,45.507195,509.0327454
Star Point,-120.526588,45.469994,590.1035767
Star Point,-120.428085,45.523193,415.9473267
Star Point,-120.457886,45.512894,494.4477539
Star Point,-120.443489,45.515392,448.7347717
Star Point,-120.540184,45.471992,592.3289185
Star Point,-120.524086,45.472393,580.1172485
Star Point,-120.428085,45.520596,421.4781494
Star Point,-120.423386,45.544193,379.0666504
Star Point,-120.452286,45.519894,456.4141541
Stateline Wind Project,-118.808983,45.989895,506.3312988
Stateline Wind Project,-118.788086,45.973339,548.8051758
Stateline Wind Project,-118.830688,45.990692,538.6940308
Stateline Wind Project,-118.855789,46.003895,533.609375
Stateline Wind Project,-118.762123,45.987324,453.3926086
Stateline Wind Project,-118.748283,46.009895,328.6012878
Stateline Wind Project,-118.867188,46.030396,506.5082092
Stateline Wind Project,-118.806786,45.994392,477.5825806
Stateline Wind Project,-118.684883,45.982693,385.2147522
Stateline Wind Project,-118.838287,46.021496,427.5250549
Stateline Wind Project,-118.853088,46.016094,520.1364746
Stateline Wind Project,-118.805489,45.993492,484.8464355
Stateline Wind Project,-118.835083,46.006393,460.7688904
Stateline Wind Project,-118.775963,45.96497,531.6890259
Stateline Wind Project,-118.839088,46.002895,498.9790039
Stateline Wind Project,-118.781166,45.975117,510.6227722
Stateline Wind Project,-118.810883,45.998394,469.5283813
Stateline Wind Project,-118.825584,45.986996,538.3781128
Stateline Wind Project,-118.771683,46.007694,344.7711487
Stateline Wind Project,-118.809387,45.996292,477.5655518
Stateline Wind Project,-118.830086,45.990295,539.4015503
Stateline Wind Project,-118.694481,45.979988,357.8906555
Stateline Wind Project,-118.695381,45.981178,333.8765564
Stateline Wind Project,-118.794586,46.015194,386.8311462
Stateline Wind Project,-118.856087,46.022995,520.9790039
Stateline Wind Project,-118.809883,45.985294,535.1317749
Stateline Wind Project,-118.781387,45.961666,529.4941406
Stateline Wind Project,-118.775085,45.964371,538.4349365
Stateline Wind Project,-118.837189,45.994495,526.4210205
Stateline Wind Project,-118.811783,46.031494,316.8904419
Stateline Wind Project,-118.863586,46.027992,532.7050781
Stateline Wind Project,-118.835785,45.993595,530.4537354
Stateline Wind Project,-118.793388,46.014194,391.7218323
Stateline Wind Project,-118.803787,46.023396,324.3199463
Stateline Wind Project,-118.852989,46.031693,491.3903809
Stateline Wind Project,-118.833183,46.004993,475.9067688
Stateline Wind Project,-118.762688,46.001194,351.1985168
Stateline Wind Project,-118.83989,45.996292,528.4106445
Stateline Wind Project,-118.791946,45.968483,555.7885742
Stateline Wind Project,-118.858788,46.006393,546.7120972
Stateline Wind Project,-118.833786,46.005493,472.7503052
Stateline Wind Project,-118.856483,46.034794,500.7726746
Stateline Wind Project,-118.809883,45.996796,472.0568542
Stateline Wind Project,-118.685188,45.983395,377.3181458
Stateline Wind Project,-118.806587,46.026592,323.7124939
Stateline Wind Project,-118.780518,45.961067,538.6542969
Stateline Wind Project,-118.835686,46.009895,417.3590088
Stateline Wind Project,-118.777771,46.000885,396.3880005
Stateline Wind Project,-118.805786,45.987495,516.2727051
Stateline Wind Project,-118.839783,46.003395,489.5570374
Stateline Wind Project,-118.770485,46.006794,347.4893494
Stateline Wind Project,-118.835785,46.006893,453.5393677
Stateline Wind Project,-118.812782,46.032593,334.3015137
Stateline Wind Project,-118.693588,45.97879,372.3771362
Stateline Wind Project,-118.782387,46.004894,406.7088928
Stateline Wind Project,-118.855484,46.022594,519.6815796
Stateline Wind Project,-118.853584,46.032192,491.9406128
Stateline Wind Project,-118.827888,46.008896,426.7305298
Stateline Wind Project,-118.834488,46.005894,468.2719727
Stateline Wind Project,-118.850082,46.024193,496.1757813
Stateline Wind Project,-118.849487,46.009895,497.9067383
Stateline Wind Project,-118.797493,45.973282,546.6827393
Stateline Wind Project,-118.871284,46.033092,486.1655273
Stateline Wind Project,-118.76619,46.019493,276.4527283
Stateline Wind Project,-118.80909,46.028496,304.2638245
Stateline Wind Project,-118.742683,46.005592,335.1052246
Stateline Wind Project,-118.850189,46.010296,504.6974487
Stateline Wind Project,-118.855286,46.003296,537.0941772
Stateline Wind Project,-118.852882,46.020695,516.5768433
Stateline Wind Project,-118.833588,45.992195,524.5616455
Stateline Wind Project,-118.794548,45.970303,552.7020874
Stateline Wind Project,-118.743385,46.005993,334.3320923
Stateline Wind Project,-118.729088,45.994995,350.0945435
Stateline Wind Project,-118.787186,46.008095,413.1333313
Stateline Wind Project,-118.819389,46.035892,317.230957
Stateline Wind Project,-118.848785,46.023193,491.1841431
Stateline Wind Project,-118.834183,46.020992,410.9900513
Stateline Wind Project,-118.853783,46.016495,529.640625
Stateline Wind Project,-118.745285,46.007496,335.0868225
Stateline Wind Project,-118.800186,45.981712,545.3790283
Stateline Wind Project,-118.772499,45.962582,552.8135986
Stateline Wind Project,-118.767883,46.004894,351.8620605
Stateline Wind Project,-118.836487,46.001095,514.852417
Stateline Wind Project,-118.840485,46.022694,442.3904724
Stateline Wind Project,-118.815987,46.010593,384.5906067
Stateline Wind Project,-118.82869,45.989395,533.7374268
Stateline Wind Project,-118.769188,46.005795,349.8085327
Stateline Wind Project,-118.762589,46.017395,298.4324951
Stateline Wind Project,-118.745888,46.007996,334.0773315
Stateline Wind Project,-118.806183,45.993893,481.9258423
Stateline Wind Project,-118.855087,46.017395,537.2706909
Stateline Wind Project,-118.847588,46.005795,493.4657288
Stateline Wind Project,-118.841087,46.023193,442.9774475
Stateline Wind Project,-118.837189,46.001495,516.012207
Stateline Wind Project,-118.834984,46.009495,423.2098694
Stateline Wind Project,-118.844383,46.025494,457.2011719
Stateline Wind Project,-118.736984,46.001293,349.1029053
Stateline Wind Project,-118.876686,46.036594,449.9816589
Stateline Wind Project,-118.79583,46.016167,377.3269653
Stateline Wind Project,-118.686089,45.985481,345.5611267
Stateline Wind Project,-118.870583,46.032593,489.4457703
Stateline Wind Project,-118.806084,46.026093,323.2114258
Stateline Wind Project,-118.802383,46.022594,333.7643738
Stateline Wind Project,-118.758286,46.014893,303.6014099
Stateline Wind Project,-118.85479,46.002792,538.5286255
Stateline Wind Project,-118.861588,46.026592,523.4564819
Stateline Wind Project,-118.799355,45.981121,546.946106
Stateline Wind Project,-118.811287,46.030895,313.1985474
Stateline Wind Project,-118.733772,45.999043,358.0545959
Stateline Wind Project,-118.813286,45.992695,483.6967773
Stateline Wind Project,-118.730247,45.996017,350.3460693
Stateline Wind Project,-118.798683,45.994392,464.3760681
Stateline Wind Project,-118.788948,45.973927,544.409729
Stateline Wind Project,-118.850983,46.030293,485.7498474
Stateline Wind Project,-118.780083,46.002792,420.7080688
Stateline Wind Project,-118.841789,46.023693,446.004364
Stateline Wind Project,-118.828087,46.038395,300.0144348
Stateline Wind Project,-118.834488,45.992695,526.291687
Stateline Wind Project,-118.810585,45.985695,534.4317627
Stateline Wind Project,-118.869286,46.031693,496.2997437
Stateline Wind Project,-118.827286,46.008392,428.0776367
Stateline Wind Project,-118.738785,46.002895,343.9249573
Stateline Wind Project,-118.793297,45.983517,521.8467407
Stateline Wind Project,-118.838486,45.995396,525.4564819
Stateline Wind Project,-118.695786,45.981815,329.1555786
Stateline Wind Project,-118.857483,46.005493,548.4876709
Stateline Wind Project,-118.783775,45.976906,515.7339478
Stateline Wind Project,-118.772484,45.969193,500.6725159
Stateline Wind Project,-118.830185,46.040195,287.7037354
Stateline Wind Project,-118.854385,46.032993,494.216095
Stateline Wind Project,-118.776817,45.965572,523.8259277
Stateline Wind Project,-118.790588,46.011593,390.6953125
Stateline Wind Project,-118.787216,45.972744,549.0905151
Stateline Wind Project,-118.858086,46.005894,549.6737061
Stateline Wind Project,-118.842583,45.998093,531.3035889
Stateline Wind Project,-118.823586,46.036694,325.5243835
Stateline Wind Project,-118.796989,46.017193,371.9161072
Stateline Wind Project,-118.877586,46.038395,440.4993896
Stateline Wind Project,-118.765717,45.9907,442.7669373
Stateline Wind Project,-118.782036,45.975719,513.2197876
Stateline Wind Project,-118.807686,45.988895,515.1951904
Stateline Wind Project,-118.7285,45.994461,346.9760742
Stateline Wind Project,-118.808289,46.027294,310.2089844
Stateline Wind Project,-118.829185,46.009792,420.7142029
Stateline Wind Project,-118.797989,45.993996,466.249115
Stateline Wind Project,-118.850189,46.029995,483.4891357
Stateline Wind Project,-118.791092,45.967884,558.0267944
Stateline Wind Project,-118.750786,46.011894,319.907959
Stateline Wind Project,-118.768158,45.959579,565.1361084
Stateline Wind Project,-118.756683,46.014194,306.8717041
Stateline Wind Project,-118.845886,45.999393,525.1508789
Stateline Wind Project,-118.795418,45.970879,550.7503662
Stateline Wind Project,-118.839188,45.995792,526.4014282
Stateline Wind Project,-118.808083,45.995293,477.345459
Stateline Wind Project,-118.822487,46.036495,325.7792053
Stateline Wind Project,-118.747086,46.008896,333.6738892
Stateline Wind Project,-118.816383,45.988995,496.9211426
Stateline Wind Project,-118.821388,45.983494,536.9200439
Stateline Wind Project,-118.770683,45.967995,509.0083313
Stateline Wind Project,-118.83989,46.022293,439.7930603
Stateline Wind Project,-118.824387,45.985992,546.3803101
Stateline Wind Project,-118.785988,46.007095,407.6651306
Stateline Wind Project,-118.865883,46.029495,515.4481201
Stateline Wind Project,-118.796387,46.016693,373.4965515
Stateline Wind Project,-118.769882,45.967396,512.2368164
Stateline Wind Project,-118.814186,45.987694,519.8773193
Stateline Wind Project,-118.801788,46.022095,341.2357178
Stateline Wind Project,-118.807083,45.988495,518.3592529
Stateline Wind Project,-118.694931,45.980595,342.6509094
Stateline Wind Project,-118.765289,46.003094,349.7913208
Stateline Wind Project,-118.755783,46.013893,305.5419006
Stateline Wind Project,-118.794136,45.984093,523.9033203
Stateline Wind Project,-118.851387,46.025093,498.6535645
Stateline Wind Project,-118.802689,45.976894,552.0955811
Stateline Wind Project,-118.763985,46.018295,298.5846558
Stateline Wind Project,-118.788086,46.009293,400.5332336
Stateline Wind Project,-118.791183,46.012093,392.2689209
Stateline Wind Project,-118.813286,46.033195,343.0484314
Stateline Wind Project,-118.684578,45.982014,384.1586914
Stateline Wind Project,-118.827988,45.988895,531.4058228
Stateline Wind Project,-118.861984,46.009396,540.6450806
Stateline Wind Project,-118.811287,45.986095,529.3964233
Stateline Wind Project,-118.854385,46.002094,537.3626099
Stateline Wind Project,-118.858887,46.024796,523.2723389
Stateline Wind Project,-118.795189,46.015694,382.2679443
Stateline Wind Project,-118.852386,46.031193,488.8416748
Stateline Wind Project,-118.809685,46.029095,300.4364929
Stateline Wind Project,-118.782906,45.976303,516.2229004
Stateline Wind Project,-118.799889,46.019794,363.6059265
Stateline Wind Project,-118.855484,46.012295,535.366333
Stateline Wind Project,-118.854187,46.011395,536.1189575
Stateline Wind Project,-118.820488,46.036095,320.5184937
Stateline Wind Project,-118.813889,46.033695,340.1591492
Stateline Wind Project,-118.808685,46.027893,308.1141663
Stateline Wind Project,-118.843086,46.024593,455.6882629
Stateline Wind Project,-118.861282,46.008995,541.3100586
Stateline Wind Project,-118.832184,45.991493,531.940979
Stateline Wind Project,-118.765182,45.990177,443.1816101
Stateline Wind Project,-118.731956,45.997562,352.3215637
Stateline Wind Project,-118.780083,45.959595,563.7710571
Stateline Wind Project,-118.84919,46.001694,523.6480713
Stateline Wind Project,-118.803589,45.992092,504.577301
Stateline Wind Project,-118.848083,46.000694,530.1477661
Stateline Wind Project,-118.733086,45.998592,359.20047
Stateline Wind Project,-118.826782,45.987995,535.8396606
Stateline Wind Project,-118.854385,46.016994,534.8613281
Stateline Wind Project,-118.773987,45.998165,372.7595215
Stateline Wind Project,-118.817085,45.989395,490.2416687
Stateline Wind Project,-118.800285,46.020294,360.2099609
Stateline Wind Project,-118.694038,45.979393,366.9510498
Stateline Wind Project,-118.77076,45.961395,561.8399658
Stateline Wind Project,-118.803108,45.982132,532.4979858
Stateline Wind Project,-118.847488,46.000195,531.2737427
Stateline Wind Project,-118.812683,45.986893,529.3808594
Stateline Wind Project,-118.766235,45.991226,427.6683655
Stateline Wind Project,-118.852386,46.015594,509.4061584
Stateline Wind Project,-118.847786,46.006695,490.9837341
Stateline Wind Project,-118.815582,45.988594,502.8683472
Stateline Wind Project,-118.848083,46.022793,487.3983459
Stateline Wind Project,-118.869888,46.032192,493.0309753
Stateline Wind Project,-118.804817,45.983353,515.7069092
Stateline Wind Project,-118.763313,45.988319,428.6657715
Stateline Wind Project,-118.847488,46.022293,483.4629517
Stateline Wind Project,-118.822586,45.984493,533.3887939
Stateline Wind Project,-118.753189,46.012894,319.8725891
Stateline Wind Project,-118.771584,45.968594,504.9349976
Stateline Wind Project,-118.772163,45.996712,404.7888184
Stateline Wind Project,-118.743988,46.006493,334.6421204
Stateline Wind Project,-118.685783,45.984795,352.4136963
Stateline Wind Project,-118.773422,45.997646,384.3485413
Stateline Wind Project,-118.748787,46.010494,326.1459961
Stateline Wind Project,-118.784622,45.97094,531.3334961
Stateline Wind Project,-118.850784,46.010796,509.9781799
Stateline Wind Project,-118.879387,46.039593,430.4689636
Stateline Wind Project,-118.836288,46.010395,410.5320129
Stateline Wind Project,-118.826988,46.037094,327.6641235
Stateline Wind Project,-118.800583,45.995792,454.2877502
Stateline Wind Project,-118.804382,45.978092,561.3777466
Stateline Wind Project,-118.779182,45.958996,565.1186523
Stateline Wind Project,-118.785492,45.971535,539.9030151
Stateline Wind Project,-118.874687,46.035294,462.3075256
Stateline Wind Project,-118.856888,46.004993,541.0861816
Stateline Wind Project,-118.735756,46.000389,350.6464539
Stateline Wind Project,-118.835785,46.021095,418.5601807
Stateline Wind Project,-118.765388,46.019196,291.7242126
Stateline Wind Project,-118.846687,45.999794,528.8563843
Stateline Wind Project,-118.79763,45.986485,512.0625
Stateline Wind Project,-118.771523,45.996254,401.5854797
Stateline Wind Project,-118.770386,45.995193,400.0810547
Stateline Wind Project,-118.838486,46.002495,508.1044312
Stateline Wind Project,-118.802284,45.991093,500.7290955
Stateline Wind Project,-118.829887,46.010296,414.5033875
Stateline Wind Project,-118.873985,46.034893,466.6785278
Stateline Wind Project,-118.797585,46.017693,372.073761
Stateline Wind Project,-118.855682,46.017895,537.385498
Stateline Wind Project,-118.876785,46.037792,445.4870911
Stateline Wind Project,-118.832886,46.018192,401.3033752
Stateline Wind Project,-118.857986,46.024193,523.5269165
Stateline Wind Project,-118.696182,45.982445,326.3168945
Stateline Wind Project,-118.846886,46.021793,479.7052612
Stateline Wind Project,-118.853584,46.010895,532.3934937
Stateline Wind Project,-118.796761,45.985893,519.7185669
Stateline Wind Project,-118.685486,45.984093,364.5916138
Stateline Wind Project,-118.824989,45.986492,544.4165039
Stateline Wind Project,-118.826187,45.987495,536.8933716
Stateline Wind Project,-118.813484,45.987293,525.7312622
Stateline Wind Project,-118.686386,45.986195,338.8787842
Stateline Wind Project,-118.73082,45.996529,350.5302734
Stateline Wind Project,-118.813889,45.993195,480.2145386
Stateline Wind Project,-118.790215,45.967304,557.729248
Stateline Wind Project,-118.783752,45.970341,523.4885864
Stateline Wind Project,-118.754883,46.013596,311.0288391
Stateline Wind Project,-118.769867,45.99194,412.5314026
Stateline Wind Project,-118.740089,46.003796,342.583374
Stateline Wind Project,-118.774231,45.963772,544.1505737
Stateline Wind Project,-118.799889,45.995396,455.4353333
Stateline Wind Project,-118.78669,46.007496,413.5805359
Stateline Wind Project,-118.827682,46.037594,320.4967651
Stateline Wind Project,-118.837883,45.994892,525.2250977
Stateline Wind Project,-118.848083,46.007595,486.4444275
Stateline Wind Project,-118.812286,46.001896,457.7024536
Stateline Wind Project,-118.814484,46.005196,418.0721436
Stateline Wind Project,-118.763985,46.002094,350.8239746
Stateline Wind Project,-118.770515,45.992397,409.0389709
Stateline Wind Project,-118.798782,46.018696,369.3759155
Stateline Wind Project,-118.693192,45.978165,370.930603
Stateline Wind Project,-118.769035,45.96019,567.1976318
Stateline Wind Project,-118.777588,45.966194,514.7872925
Stateline Wind Project,-118.804184,45.992493,499.700592
Stateline Wind Project,-118.841187,45.997192,532.5073242
Stateline Wind Project,-118.73819,46.002396,345.3153687
Stateline Wind Project,-118.850685,46.024593,497.4996033
Stateline Wind Project,-118.815086,46.034695,330.6517639
Stateline Wind Project,-118.769241,45.991455,418.499054
Stateline Wind Project,-118.80349,45.977493,559.3543701
Stateline Wind Project,-118.804489,46.023895,323.089386
Stateline Wind Project,-118.815788,46.008293,404.6382141
Stateline Wind Project,-118.731377,45.997063,351.3851624
Stateline Wind Project,-118.806389,45.987995,519.6125488
Stateline Wind Project,-118.814888,45.988094,511.9924622
Stateline Wind Project,-118.779488,46.002293,414.5167236
Stateline Wind Project,-118.753983,46.013294,316.8708191
Stateline Wind Project,-118.842384,46.024094,451.4892273
Stateline Wind Project,-118.771622,45.961979,557.7207031
Stateline Wind Project,-118.79837,45.973869,544.727417
Stateline Wind Project,-118.810783,46.030293,308.0246582
Stateline Wind Project,-118.798187,46.018192,370.9996643
Stateline Wind Project,-118.808685,45.995792,480.4599609
Stateline Wind Project,-118.839088,46.021893,433.1391296
Stateline Wind Project,-118.843384,45.998394,528.3756714
Stateline Wind Project,-118.860687,46.008495,536.8919067
Stateline Wind Project,-118.873283,46.034393,473.345459
Stateline Wind Project,-118.862885,46.027493,532.4471436
Stateline Wind Project,-118.865288,46.028996,521.5228882
Stateline Wind Project,-118.729645,45.995518,351.0359192
Stateline Wind Project,-118.875984,46.036194,453.7857971
Stateline Wind Project,-118.827385,45.988495,533.7932739
Stateline Wind Project,-118.815887,46.034992,326.8964233
Stateline Wind Project,-118.76989,45.960785,565.1201172
Stateline Wind Project,-118.835083,45.993195,527.9466553
Stateline Wind Project,-118.857086,46.035294,500.6192932
Stateline Wind Project,-118.849884,46.002094,520.8981323
Stateline Wind Project,-118.770882,45.99575,398.1066895
Stateline Wind Project,-118.792816,45.96909,552.9663086
Stateline Wind Project,-118.859787,46.025394,522.317627
Stateline Wind Project,-118.880188,46.040195,423.3397217
Stateline Wind Project,-118.766487,46.003994,351.8258362
Stateline Wind Project,-118.815887,46.009495,400.4498291
Stateline Wind Project,-118.851486,46.011295,517.0136108
Stateline Wind Project,-118.866585,46.029896,510.5119324
Stateline Wind Project,-118.82589,46.036995,324.7931824
Stateline Wind Project,-118.792786,46.013695,392.9065552
Stateline Wind Project,-118.804886,46.024494,317.7627563
Stateline Wind Project,-118.833084,46.020493,404.815155
Stateline Wind Project,-118.815018,46.006004,412.4451904
Stateline Wind Project,-118.801666,45.981937,539.8687744
Stateline Wind Project,-118.740685,46.004192,342.4888916
Stateline Wind Project,-118.847282,46.004894,496.1045837
Stateline Wind Project,-118.788483,46.009895,386.6949158
Stateline Wind Project,-118.810287,45.997494,468.2012939
Stateline Wind Project,-118.750183,46.011295,321.2802429
Stateline Wind Project,-118.772827,45.997177,402.5529175
Stateline Wind Project,-118.778885,46.001793,401.9741821
Stateline Wind Project,-118.773361,45.963177,549.5507202
Stateline Wind Project,-118.82869,46.039394,298.6049194
Stateline Wind Project,-118.780586,46.003395,418.8024597
Stateline Wind Project,-118.762764,45.987804,440.1408386
Stateline Wind Project,-118.871986,46.033493,482.6552124
Stateline Wind Project,-118.780304,45.974522,507.563385
Stateline Wind Project,-118.793983,46.014694,389.273407
Stateline Wind Project,-118.862289,46.027096,529.9147339
Stateline Wind Project,-118.812782,46.002693,451.5649719
Stateline Wind Project,-118.795021,45.984711,524.9283447
Stateline Wind Project,-118.85759,46.035793,499.8464355
Stateline Wind Project,-118.811188,45.998993,469.2741089
Stateline Wind Project,-118.763283,46.017895,297.2753601
Stateline Wind Project,-118.811584,45.999596,468.2339172
Stateline Wind Project,-118.837288,46.021294,423.5195007
Stateline Wind Project,-118.799385,46.019196,366.9044495
Stateline Wind Project,-118.759789,46.015694,302.0783386
Stateline Wind Project,-118.872589,46.033993,477.6777039
Stateline Wind Project,-118.828484,46.009396,424.5452881
Stateline Wind Project,-118.845688,46.026493,451.2634888
Stateline Wind Project,-118.855682,46.033993,499.9780273
Stateline Wind Project,-118.858887,46.036793,495.0538635
Stateline Wind Project,-118.737587,46.001896,347.78125
Stateline Wind Project,-118.799286,45.994892,459.9591675
Stateline Wind Project,-118.849388,46.023693,493.6112366
Stateline Wind Project,-118.840485,45.996693,530.1907349
Stateline Wind Project,-118.764481,45.989689,435.8053589
Stateline Wind Project,-118.832489,46.004494,474.9288025
Stateline Wind Project,-118.854889,46.011894,537.3479004
Stateline Wind Project,-118.736343,46.00087,350.1100464
Stateline Wind Project,-118.867889,46.030792,502.5555115
Stateline Wind Project,-118.764488,46.018894,295.8898315
Stateline Wind Project,-118.837784,46.001995,514.2255859
Stateline Wind Project,-118.786339,45.972137,545.8556519
Stateline Wind Project,-118.739388,46.003296,342.9382019
Stateline Wind Project,-118.784645,45.977512,508.8240967
Stateline Wind Project,-118.864586,46.028595,527.796875
Stateline Wind Project,-118.7686,45.990997,426.3317871
Stateline Wind Project,-118.801285,46.021496,344.8701172
Stateline Wind Project,-118.792419,45.982914,517.0145874
Stateline Wind Project,-118.752289,46.012592,320.5993347
Stateline Wind Project,-118.741386,46.004696,339.1574707
Stateline Wind Project,-118.761284,46.016594,302.4759216
Stateline Wind Project,-118.851784,46.030693,486.9846497
Stateline Wind Project,-118.832886,46.019493,399.7559204
Stateline Wind Project,-118.85479,46.022095,518.7422485
Stateline Wind Project,-118.844986,46.025993,454.263031
Stateline Wind Project,-118.77829,46.001293,394.7843628
Stateline Wind Project,-118.761887,46.016994,299.6574707
Stateline Wind Project,-118.769287,45.994122,399.1708069
Stateline Wind Project,-118.853584,46.021194,519.0389404
Stateline Wind Project,-118.830482,46.010796,411.7799988
Stateline Wind Project,-118.79229,46.013096,392.2680664
Stateline Wind Project,-118.821487,46.036293,323.1128845
Stateline Wind Project,-118.813385,46.003494,446.8390503
Stateline Wind Project,-118.823784,45.985493,544.5683594
Stateline Wind Project,-118.841789,45.997692,533.2122803
Stateline Wind Project,-118.785187,46.006794,396.3102417
Stateline Wind Project,-118.744682,46.006992,335.0506592
Stateline Wind Project,-118.813988,46.004395,432.2438354
Stateline Wind Project,-118.757484,46.014595,306.1420288
Stateline Wind Project,-118.848587,46.001194,526.7318726
Stateline Wind Project,-118.791786,46.012592,392.8309937
Stateline Wind Project,-118.751389,46.012295,319.7173157
Stateline Wind Project,-118.844284,45.998695,525.9623413
Stateline Wind Project,-118.805588,46.025494,315.6893311
Stateline Wind Project,-118.747787,46.009396,331.9037476
Stateline Wind Project,-118.807487,46.026894,317.3818665
Stateline Wind Project,-118.746483,46.008392,333.3670349
Stateline Wind Project,-118.789886,46.011093,379.7022705
Stateline Wind Project,-118.814484,46.034195,335.7423401
Stateline Wind Project,-118.803085,46.022995,329.585083
Stateline Wind Project,-118.78299,46.005394,403.1879578
Stateline Wind Project,-118.816185,46.012794,369.8120728
Stateline Wind Project,-118.824684,46.036896,321.7507935
Stateline Wind Project,-118.759087,46.015293,301.1801758
Stateline Wind Project,-118.875389,46.035694,457.4345703
Stateline Wind Project,-118.783783,46.005795,392.7618103
Stateline Wind Project,-118.854988,46.033493,498.4075623
Stateline Wind Project,-118.760483,46.016094,303.9372253
Stateline Wind Project,-118.854187,46.021595,519.2201538
Stateline Wind Project,-118.787582,46.008694,408.9751892
Stateline Wind Project,-118.78109,46.003994,411.1491394
Stateline Wind Project,-118.781685,46.004494,407.6878052
Stateline Wind Project,-118.801788,45.976295,545.8143311
Stateline Wind Project,-118.809685,45.990295,502.447998
Stateline Wind Project,-118.829384,45.989796,537.269165
Stateline Wind Project,-118.802986,45.991592,505.5149231
Stateline Wind Project,-118.811989,46.000294,467.0174866
Stateline Wind Project,-118.735115,45.999969,352.0239258
Stateline Wind Project,-118.769836,45.994656,399.638092
Stateline Wind Project,-118.80397,45.982738,522.9088745
Stateline Wind Project,-118.818489,46.035595,315.2516785
Stateline Wind Project,-118.868584,46.031296,498.3401489
Stateline Wind Project,-118.815582,46.006794,408.7233582
Stateline Wind Project,-118.797615,45.979912,541.3596802
Stateline Wind Project,-118.858284,46.036194,498.7081299
Stateline Wind Project,-118.798492,45.980515,545.008667
Stateline Wind Project,-118.83149,45.991093,535.7802734
Stateline Wind Project,-118.836388,45.994095,529.3192139
Stateline Wind Project,-118.812286,46.031994,323.8527527
Stateline Wind Project,-118.878487,46.038994,436.0181274
Stateline Wind Project,-118.734436,45.999489,354.9050598
Stateline Wind Project,-118.804886,45.992992,491.4629822
Stateline Wind Project,-118.816078,46.011684,380.1897888
Stateline Wind Project,-118.805305,45.978661,556.0965576
Stateline Wind Project,-118.829384,46.039795,296.1422119
Stateline Wind Project,-118.850586,46.002594,518.5956421
Stateline Wind Project,-118.843689,46.025093,456.8815002
Stateline Wind Project,-118.82309,45.984993,538.0088501
Stateline Wind Project,-118.800789,46.020893,352.7785034
Stillwater Big Sky,-109.51223,45.845127,1531.616455
Stillwater Big Sky,-109.487038,45.886307,1561.610962
Stillwater Big Sky,-109.503242,45.895695,1574.740845
Stillwater Big Sky,-109.507286,45.863102,1546.474121
Stillwater Big Sky,-109.498856,45.869049,1550.668823
Stillwater Big Sky,-109.517754,45.838993,1522.648438
Stillwater Big Sky,-109.484039,45.877182,1549.616455
Stillwater Big Sky,-109.503204,45.889313,1561.942017
Stillwater Big Sky,-109.503342,45.885277,1554.873413
Stillwater Big Sky,-109.473579,45.900391,1507.088379
Stillwater Big Sky,-109.492294,45.874409,1553.493652
Stillwater Big Sky,-109.486938,45.889301,1560.785034
Stillwater Big Sky,-109.50351,45.879353,1535.634155
Stillwater Big Sky,-109.480011,45.88393,1565.005127
Stillwater Big Sky,-109.527351,45.829777,1495.079346
Stillwater Big Sky,-109.501076,45.85075,1527.844727
Stillwater Big Sky,-109.508339,45.847988,1528.126709
Stillwater Big Sky,-109.520638,45.832836,1505.937866
Stillwater Big Sky,-109.482681,45.909813,1566.178101
Stillwater Big Sky,-109.503288,45.898849,1584.729004
Stillwater Big Sky,-109.497742,45.871742,1548.053345
Stillwater Big Sky,-109.519943,45.835892,1515.148438
Stillwater Big Sky,-109.480812,45.880421,1557.375
Stillwater Big Sky,-109.477989,45.906742,1559.91748
Stillwater Big Sky,-109.488121,45.892269,1557.916382
Stillwater Big Sky,-109.506943,45.859585,1543.486206
Stillwater Big Sky,-109.503326,45.892525,1565.765503
Stillwater Big Sky,-109.503311,45.882088,1549.179321
Stillwater Big Sky,-109.477394,45.903515,1536.175903
Stillwater Big Sky,-109.50338,45.866127,1543.952637
Stillwater Big Sky,-109.513878,45.842014,1525.489868
Strauss Wind,-120.518402,34.597713,368.8210754
Strauss Wind,-120.539421,34.574375,473.9664917
Strauss Wind,-120.539131,34.578751,438.0273132
Strauss Wind,-120.508705,34.576618,475.4672241
Strauss Wind,-120.512901,34.573875,442.7904663
Strauss Wind,-120.518089,34.592682,355.2569885
Strauss Wind,-120.545403,34.57869,428.1378784
Strauss Wind,-120.514114,34.580975,427.9544678
Strauss Wind,-120.518402,34.575886,422.7834167
Strauss Wind,-120.509804,34.573936,489.6043091
Strauss Wind,-120.548485,34.580349,450.9878235
Strauss Wind,-120.529068,34.573021,495.9500427
Strauss Wind,-120.533302,34.575844,491.5294189
Strauss Wind,-120.512482,34.582737,431.2790527
Strauss Wind,-120.522621,34.598866,355.6176758
Strauss Wind,-120.536629,34.574482,518.8908081
Strauss Wind,-120.502663,34.570057,514.463562
Strauss Wind,-120.523102,34.572727,448.6011658
Strauss Wind,-120.527626,34.576336,427.0255737
Strauss Wind,-120.498253,34.569862,530.9138794
Strauss Wind,-120.505226,34.572227,517.4646606
Strauss Wind,-120.515488,34.586132,368.5517273
Strauss Wind,-120.516365,34.578251,421.3392639
Strauss Wind,-120.542099,34.577084,446.1375427
Strauss Wind,-120.510635,34.593121,447.1358032
Strauss Wind,-120.533264,34.571957,564.977417
Strauss Wind,-120.53215,34.582989,421.3186646
Summit Wind Repowering,-121.677017,37.771149,294.1636963
Summit Wind Repowering,-121.685989,37.781666,322.1460876
Summit Wind Repowering,-121.675331,37.77932,278.8294373
Summit Wind Repowering,-121.684586,37.778385,310.5125732
Summit Wind Repowering,-121.682602,37.732399,370.8561707
Summit Wind Repowering,-121.663727,37.774414,297.6285095
Summit Wind Repowering,-121.676437,37.768242,254.6066437
Summit Wind Repowering,-121.693321,37.780087,385.7138977
Summit Wind Repowering,-121.678345,37.780895,281.4117432
Summit Wind Repowering,-121.676514,37.774548,278.5019531
Summit Wind Repowering,-121.667435,37.774376,268.4353333
Summit Wind Repowering,-121.691681,37.759098,357.2005005
Summit Wind Repowering,-121.682251,37.729233,365.5698853
Summit Wind Repowering,-121.662926,37.770367,327.6463318
Summit Wind Repowering,-121.678009,37.784153,250.7858276
Summit Wind Repowering,-121.683456,37.77581,286.6307983
Summit Wind Repowering,-121.685707,37.73695,393.8040161
Summit Wind Repowering,-121.694191,37.754547,379.1109924
Summit Wind Repowering,-121.691711,37.744164,361.5814514
Summit Wind Repowering,-121.69339,37.750896,396.3067627
Summit Wind Repowering,-121.691803,37.747688,366.4784546
Summit Wind Repowering,-121.668121,37.769199,316.0243225
Summit Wind Repowering,-121.692932,37.740356,370.1780396
Superior Farms,-121.81749,38.420094,16.10389519
Swauk Valley,-120.754082,47.139194,727.3602905
Swauk Valley,-120.755486,47.144093,742.5338745
Swauk Valley,-120.754684,47.142895,735.2955322
Swauk Valley,-120.753784,47.140293,736.494751
Swauk Valley,-120.754288,47.141693,730.0201416
TB Flats I & II,-106.159599,42.237331,2140.565186
TB Flats I & II,-106.099731,42.099319,2065.052979
TB Flats I & II,-106.146294,42.149368,2102.337402
TB Flats I & II,-106.141769,42.017982,2072.822998
TB Flats I & II,-106.101662,42.02177,2076.007324
TB Flats I & II,-106.112854,42.186127,2110.821777
TB Flats I & II,-106.106934,42.153706,2101.112793
TB Flats I & II,-106.10434,42.147015,2097.083008
TB Flats I & II,-106.163475,42.177315,2105.329834
TB Flats I & II,-106.120117,42.160683,2104.72583
TB Flats I & II,-106.155258,42.17231,2108.696777
TB Flats I & II,-106.120232,42.13895,2097.553467
TB Flats I & II,-106.092613,42.046494,2072.059082
TB Flats I & II,-106.099174,42.095505,2068.532227
TB Flats I & II,-106.100723,42.16853,2102.46167
TB Flats I & II,-106.144119,42.249863,2127.28418
TB Flats I & II,-106.148094,42.065636,2069.735107
TB Flats I & II,-106.141495,42.014713,2073.952393
TB Flats I & II,-106.145905,42.069016,2066.136719
TB Flats I & II,-106.115334,42.189621,2112.993652
TB Flats I & II,-106.099197,42.036057,2074.550293
TB Flats I & II,-106.145851,42.155006,2102.74585
TB Flats I & II,-106.13562,41.998196,2070.040771
TB Flats I & II,-106.12027,42.16433,2105.199219
TB Flats I & II,-106.100616,42.065193,2077.223389
TB Flats I & II,-106.146042,42.152233,2102.792969
TB Flats I & II,-106.110458,42.038094,2079.539307
TB Flats I & II,-106.139984,42.211948,2120.090088
TB Flats I & II,-106.10479,42.15033,2098.154541
TB Flats I & II,-106.146561,42.185905,2105.667236
TB Flats I & II,-106.132347,42.154461,2102.909424
TB Flats I & II,-106.136925,42.001465,2071.753174
TB Flats I & II,-106.124687,42.083553,2084.967285
TB Flats I & II,-106.126076,42.208084,2113.857178
TB Flats I & II,-106.153694,42.163555,2106.879883
TB Flats I & II,-106.098198,42.055363,2075.38623
TB Flats I & II,-106.135345,42.165058,2106.067871
TB Flats I & II,-106.133446,42.161533,2106.031006
TB Flats I & II,-106.100067,42.068504,2075.091064
TB Flats I & II,-106.120407,42.135452,2096.297363
TB Flats I & II,-106.117912,42.193203,2113.310059
TB Flats I & II,-106.119003,42.04916,2080.671387
TB Flats I & II,-106.09597,42.052235,2076.185303
TB Flats I & II,-106.120758,42.196781,2113.338135
TB Flats I & II,-106.100754,42.025394,2076.455078
TB Flats I & II,-106.140022,42.203972,2118.46875
TB Flats I & II,-106.178154,42.178066,2113.753174
TB Flats I & II,-106.098938,42.091991,2072.4646
TB Flats I & II,-106.136932,42.168583,2105.148682
TB Flats I & II,-106.143066,42.23428,2125.52124
TB Flats I & II,-106.140038,42.208084,2120.46875
TB Flats I & II,-106.099281,42.058605,2075.614746
TB Flats I & II,-106.112236,42.046951,2080.679688
TB Flats I & II,-106.143921,42.182541,2107.556396
TB Flats I & II,-106.106339,42.179527,2105.469971
TB Flats I & II,-106.142693,42.024521,2075.029297
TB Flats I & II,-106.103516,42.176102,2103.726807
TB Flats I & II,-106.139915,42.191433,2113.985352
TB Flats I & II,-106.144371,42.2379,2127.127441
TB Flats I & II,-106.098343,42.02898,2076.201904
TB Flats I & II,-106.12252,42.17506,2108.535645
TB Flats I & II,-106.099815,42.061901,2073.710205
TB Flats I & II,-106.14019,42.223701,2123.485107
TB Flats I & II,-106.159569,42.24498,2144.478516
TB Flats I & II,-106.101151,42.018684,2075.841797
TB Flats I & II,-106.089005,42.146957,2090.962646
TB Flats I & II,-106.11055,42.034836,2079.598389
TB Flats I & II,-106.098618,42.088589,2076.01709
TB Flats I & II,-106.143303,42.245922,2124.914307
TB Flats I & II,-106.140137,42.215866,2119.963867
TB Flats I & II,-106.138824,42.231487,2123.183838
TB Flats I & II,-106.110092,42.031368,2077.648193
TB Flats I & II,-106.158882,42.241306,2142.053711
TB Flats I & II,-106.095871,42.041779,2074.037354
TB Flats I & II,-106.140205,42.21978,2121.977051
TB Flats I & II,-106.114342,42.076702,2084.948242
TB Flats I & II,-106.090988,42.150494,2098.102783
TB Flats I & II,-106.162201,42.174465,2112.743896
TB Flats I & II,-106.092903,42.153969,2099.108887
TB Flats I & II,-106.121429,42.171551,2107.393555
TB Flats I & II,-106.096062,42.161602,2102.452881
TB Flats I & II,-106.120171,42.142403,2098.613525
TB Flats I & II,-106.127197,42.212055,2115.55957
TB Flats I & II,-106.113388,42.080677,2085.170166
TB Flats I & II,-106.141281,42.179241,2110.039063
TB Flats I & II,-106.158127,42.233791,2138.983398
TB Flats I & II,-106.0933,42.043758,2071.571777
TB Flats I & II,-106.132721,42.158489,2104.972412
TB Flats I & II,-106.11351,42.019455,2075.805908
TB Flats I & II,-106.112717,42.022743,2076.359131
TB Flats I & II,-106.098236,42.078827,2079.864502
TB Flats I & II,-106.139862,42.199924,2117.93042
TB Flats I & II,-106.120529,42.131954,2095.712402
TB Flats I & II,-106.13974,42.227688,2123.813477
TB Flats I & II,-106.113075,42.084473,2085.943359
TB Flats I & II,-106.138191,42.004791,2072.016602
TB Flats I & II,-106.180527,42.175194,2114.141357
TB Flats I & II,-106.110954,42.026943,2076.938477
TB Flats I & II,-106.138397,42.172115,2108.275879
TB Flats I & II,-106.142532,42.242058,2125.30127
TB Flats I & II,-106.12439,42.178497,2110.006104
TB Flats I & II,-106.165482,42.180233,2107.962158
TB Flats I & II,-106.120842,42.167908,2106.35791
TB Flats I & II,-106.098351,42.085255,2082.326904
TB Flats I & II,-106.154358,42.166504,2107.638428
TB Flats I & II,-106.125748,42.088863,2085.616699
TB Flats I & II,-106.124641,42.079205,2085.411133
TB Flats I & II,-106.14286,42.027752,2070.706055
TB Flats I & II,-106.098686,42.075626,2080.509766
TB Flats I & II,-106.139481,42.008144,2072.457275
TB Flats I & II,-106.109161,42.182838,2107.043213
TB Flats I & II,-106.094566,42.157055,2099.860352
TB Flats I & II,-106.125198,42.20422,2113.699463
TB Flats I & II,-106.099083,42.072376,2076.647705
TB Flats I & II,-106.129242,42.18539,2111.377197
TB Flats I & II,-106.102097,42.172256,2102.662842
TB Flats I & II,-106.097481,42.082047,2080.036377
TB Flats I & II,-106.0923,42.049274,2074.31958
TB Flats I & II,-106.126862,42.181931,2110.241455
TB Flats I & II,-106.132523,42.150913,2101.377197
TB Flats I & II,-106.09816,42.039207,2075.895264
TB Flats I & II,-106.142097,42.021294,2073.756836
TB Flats I & II,-106.142113,42.072319,2057.835938
TB Flats I & II,-106.154594,42.169411,2108.850586
TB Flats I & II,-106.140732,42.011406,2073.232178
TB Flats I & II,-106.123604,42.200294,2114.134033
TB Flats I & II,-106.132523,42.188702,2113.288574
TB Flats I & II,-106.146614,42.146427,2101.220947
TB Flats I & II,-106.140076,42.195351,2117.847168
TB Flats I & II,-106.139809,42.17569,2109.548096
TB Flats I & II,-106.182953,42.172375,2113.162598
TB Flats I & II,-106.099571,42.032375,2076.851563
Taylor Farms,-121.451797,36.50515,38.5915947
Tehachapi Hills,-118.340057,35.099499,1363.172974
Tehachapi Hills,-118.340736,35.098003,1375.465454
Tehachapi Hills,-118.340797,35.097599,1377.843384
Tehachapi Hills,-118.34005,35.099842,1362.837646
Tehachapi Hills,-118.342865,35.098034,1354.595337
Tehachapi Hills,-118.341949,35.095432,1405.784058
Tehachapi Hills,-118.340569,35.098186,1373.617676
Tehachapi Hills,-118.342789,35.098259,1347.765137
Tehachapi Hills (85A),-118.337509,35.101704,1361.160522
Tehachapi Hills (85A),-118.337402,35.101643,1361.321289
Tehachapi Hills (85B),-118.335022,35.10202,1335.81604
Tehachapi Hills (85B),-118.332817,35.105869,1338.516235
Tehachapi Hills (85B),-118.334442,35.103176,1343.408325
Tehachapi Hills (85B),-118.340157,35.095654,1458.046753
Tehachapi Hills (85B),-118.331161,35.105122,1401.44458
Tehachapi Hills (85B),-118.334099,35.10363,1346.932251
Tehachapi Hills (85B),-118.333839,35.103779,1346.345337
Tehachapi Hills (85B),-118.332825,35.105667,1338.473877
Tehachapi Hills (85B),-118.334709,35.102749,1338.775024
Tehachapi Hills (85B),-118.334686,35.102394,1338.105225
Tehachapi Hills (85B),-118.334595,35.102955,1340.904053
Tehachapi Hills (85B),-118.334305,35.103401,1345.577026
Tehachapi Hills (85B),-118.332855,35.106522,1337.286987
Tehachapi Hills (85B),-118.334641,35.102566,1338.73877
Tehachapi Hills (85B),-118.332802,35.106094,1338.04834
Tehachapi Hills (85B),-118.334976,35.102303,1334.844238
Tehachapi Windplant I,-118.383125,35.058228,1431.465454
Tehachapi Windplant I,-118.391747,35.059441,1503.235107
Tehachapi Windplant I,-118.392189,35.059093,1517.260376
Tehachapi Windplant I,-118.396187,35.062294,1492.70166
Tehachapi Windplant I,-118.39669,35.061893,1487.408813
Tehachapi Windplant I,-118.38385,35.054199,1450.372559
Tehachapi Windplant I,-118.383934,35.059139,1449.651123
Tehachapi Windplant I,-118.391991,35.057693,1542.700317
Tehachapi Windplant I,-118.383987,35.052994,1445.299561
Tehachapi Windplant I,-118.381752,35.06131,1453.839966
Tehachapi Windplant I,-118.387909,35.059486,1477.415894
Tehachapi Windplant I,-118.38163,35.057854,1423.851318
Tehachapi Windplant I,-118.38266,35.060528,1448.040161
Tehachapi Windplant I,-118.383698,35.059341,1445.706299
Tehachapi Windplant I,-118.385788,35.056595,1445.436401
Tehachapi Windplant I,-118.382896,35.05843,1434.641357
Tehachapi Windplant I,-118.382668,35.053932,1447.152466
Tehachapi Windplant I,-118.395218,35.062618,1477.846069
Tehachapi Windplant I,-118.395485,35.061394,1515.999878
Tehachapi Windplant I,-118.386185,35.057796,1452.980713
Tehachapi Windplant I,-118.384514,35.053707,1462.926636
Tehachapi Windplant I,-118.381538,35.05476,1415.726929
Tehachapi Windplant I,-118.381844,35.052998,1415.139648
Tehachapi Windplant I,-118.390633,35.058781,1513.360229
Tehachapi Windplant I,-118.383263,35.053371,1451.959351
Tehachapi Windplant I,-118.383423,35.054577,1443.079956
Tehachapi Windplant I,-118.383636,35.054379,1445.850952
Tehachapi Windplant I,-118.381638,35.053188,1413.659668
Tehachapi Windplant I,-118.382202,35.060909,1450.011597
Tehachapi Windplant I,-118.38839,35.061497,1474.818604
Tehachapi Windplant I,-118.383438,35.053173,1445.818726
Tehachapi Windplant I,-118.382454,35.054089,1440.032715
Tehachapi Windplant I,-118.383263,35.054794,1434.890991
Tehachapi Windplant I,-118.382187,35.062496,1478.014526
Tehachapi Windplant I,-118.382988,35.055195,1423.859741
Tehachapi Windplant I,-118.387833,35.057991,1482.658569
Tehachapi Windplant I,-118.389587,35.056595,1508.079834
Tehachapi Windplant I,-118.38929,35.056793,1502.795654
Tehachapi Windplant I,-118.394791,35.060493,1526.14624
Tehachapi Windplant I,-118.387573,35.056633,1488.14563
Tehachapi Windplant I,-118.395035,35.060253,1533.814087
Tehachapi Windplant I,-118.388985,35.062496,1479.61792
Tehachapi Windplant I,-118.382431,35.062302,1475.985352
Tehachapi Windplant I,-118.383705,35.053043,1443.915039
Tehachapi Windplant I,-118.384583,35.054913,1447.268066
Tehachapi Windplant I,-118.384087,35.055294,1435.251099
Tehachapi Windplant I,-118.38179,35.059494,1426.464966
Tehachapi Windplant I,-118.396385,35.062096,1492.906616
Tehachapi Windplant I,-118.382652,35.058655,1432.657104
Tehachapi Windplant I,-118.382637,35.060192,1444.222412
Tehachapi Windplant I,-118.391983,35.059254,1510.154419
Tehachapi Windplant I,-118.382889,35.053764,1454.171997
Tehachapi Windplant I,-118.382423,35.058868,1428.057495
Tehachapi Windplant I,-118.390144,35.059177,1506.151489
Tehachapi Windplant I,-118.384789,35.057495,1436.239624
Tehachapi Windplant I,-118.391327,35.05822,1518.441162
Tehachapi Windplant I,-118.384247,35.053833,1460.73645
Tehachapi Windplant I,-118.385284,35.056995,1434.643433
Tehachapi Windplant I,-118.38829,35.063095,1484.595459
Tehachapi Windplant I,-118.3899,35.059364,1499.982056
Tehachapi Windplant I,-118.381485,35.063057,1478.200806
Tehachapi Windplant I,-118.391289,35.062496,1467.440308
Tehachapi Windplant I,-118.381523,35.061508,1456.517212
Tehachapi Windplant I,-118.385208,35.059219,1459.531982
Tehachapi Windplant I,-118.383095,35.053589,1456.155884
Tehachapi Windplant I,-118.388283,35.057632,1485.822021
Tehachapi Windplant I,-118.39109,35.058395,1517.396484
Tehachapi Windplant I,-118.383133,35.055,1428.218018
Tehachapi Windplant I,-118.390884,35.058594,1516.509644
Tehachapi Windplant I,-118.391357,35.05661,1518.000244
Tehachapi Windplant I,-118.392426,35.058853,1523.937988
Tehachapi Windplant I,-118.387024,35.056835,1468.960205
Tehachapi Windplant I,-118.390732,35.061409,1471.321899
Tehachapi Windplant I,-118.390388,35.058994,1508.842773
Tehachapi Windplant I,-118.388634,35.058891,1489.401367
Tehachapi Windplant I,-118.381508,35.05978,1427.910767
Tehachapi Windplant I,-118.391548,35.058037,1525.740601
Tehachapi Windplant I,-118.390488,35.061596,1469.77124
Tehachapi Windplant I,-118.389046,35.056965,1499.231567
Tehachapi Windplant I,-118.381989,35.062695,1479.763184
Tehachapi Windplant I,-118.389221,35.062302,1476.77417
Tehachapi Windplant I,-118.384819,35.054733,1455.850342
Tehachapi Windplant I,-118.381386,35.060295,1433.585815
Tehachapi Windplant I,-118.383873,35.05545,1431.179565
Tehachapi Windplant I,-118.388512,35.057442,1484.814331
Tehachapi Windplant I,-118.382217,35.054245,1434.019409
Tehachapi Windplant I,-118.382851,35.055424,1420.140625
Tehachapi Windplant I,-118.388191,35.059296,1481.109985
Tehachapi Windplant I,-118.384773,35.053619,1465.089966
Tehachapi Windplant I,-118.395935,35.060997,1523.017822
Tehachapi Windplant I,-118.386887,35.058697,1465.012695
Tehachapi Windplant I,-118.39151,35.059639,1497.448975
Tehachapi Windplant I,-118.381386,35.053394,1409.092529
Tehachapi Windplant I,-118.388489,35.062897,1481.315674
Tehachapi Windplant I,-118.384033,35.054024,1457.424927
Tehachapi Windplant I,-118.381989,35.054394,1426.82959
Tehachapi Windplant I,-118.390175,35.057617,1508.047241
Tehachapi Windplant I,-118.394989,35.062794,1471.170654
Tehachapi Windplant I,-118.391518,35.062294,1470.697754
Tehachapi Windplant I,-118.388733,35.062706,1478.653687
Tehachapi Windplant I,-118.391281,35.059837,1493.550049
Tehachapi Windplant I,-118.391121,35.056812,1524.445801
Tehachapi Windplant I,-118.389938,35.057796,1504.442017
Tehachapi Windplant I,-118.387375,35.058311,1472.825806
Tehachapi Windplant I,-118.387314,35.056732,1481.681152
Tehachapi Windplant I,-118.381744,35.062859,1479.709717
Tehachapi Windplant I,-118.381454,35.058083,1417.759033
Tehachapi Windplant I,-118.387146,35.05851,1468.552002
Tehachapi Windplant I,-118.390656,35.057217,1525.584351
Tehachapi Windplant I,-118.389153,35.06004,1482.690918
Tehachapi Windplant I,-118.38179,35.054596,1420.817627
Tehachapi Windplant I,-118.394791,35.062996,1466.007202
Tehachapi Windplant I,-118.388901,35.060223,1480.727539
Tehachapi Windplant I,-118.386688,35.056995,1462.603882
Tehachapi Windplant I,-118.385986,35.057995,1451.654175
Tehachapi Windplant I,-118.390991,35.061195,1477.549438
Tehachapi Windplant I,-118.390404,35.0574,1515.669434
Tehachapi Windplant I,-118.382195,35.059059,1427.846069
Tehachapi Windplant I,-118.395691,35.061195,1526.725586
Tehachapi Windplant I,-118.388786,35.057194,1490.232788
Tehachapi Windplant I,-118.384987,35.059395,1461.212158
Tehachapi Windplant I,-118.381989,35.061123,1451.317261
Tehachapi Windplant I,-118.396187,35.060795,1512.99707
Tehachapi Windplant I,-118.384178,35.058964,1451.464111
Tehachapi Windplant I,-118.382675,35.062107,1473.049072
Tehachapi Windplant I,-118.382423,35.060734,1449.498413
Tehachapi Windplant I,-118.384338,35.055088,1440.259521
Tehachapi Windplant I,-118.384384,35.058762,1454.306152
Tehachapi Windplant I,-118.388084,35.057796,1486.147705
Tehachapi Windplant I,-118.385544,35.056816,1442.224976
Tehachapi Windplant I,-118.38839,35.059093,1484.215088
Tehachapi Windplant I,-118.381981,35.059254,1429.088013
Tehachapi Windplant I,-118.387581,35.058167,1477.247192
Tehachapi Windplant I,-118.390892,35.057011,1528.449341
Tehachapi Windplant II,-118.293739,35.108494,1455.086182
Tehachapi Windplant II,-118.302803,35.117748,1562.35498
Tehachapi Windplant II,-118.293518,35.108665,1461.861084
Tehachapi Windplant II,-118.290474,35.125156,1657.253174
Tehachapi Windplant II,-118.292816,35.11013,1524.623047
Tehachapi Windplant II,-118.296089,35.113995,1601.152344
Tehachapi Windplant II,-118.294685,35.120895,1753.037598
Tehachapi Windplant II,-118.291809,35.10907,1493.337158
Tehachapi Windplant II,-118.306732,35.113392,1456.597778
Tehachapi Windplant II,-118.293266,35.109787,1504.681396
Tehachapi Windplant II,-118.300529,35.117538,1618.010864
Tehachapi Windplant II,-118.294777,35.123898,1679.286865
Tehachapi Windplant II,-118.294189,35.124393,1677.384033
Tehachapi Windplant II,-118.298584,35.111496,1530.017456
Tehachapi Windplant II,-118.303719,35.116749,1550.663696
Tehachapi Windplant II,-118.295876,35.114597,1608.259155
Tehachapi Windplant II,-118.289825,35.123333,1657.26062
Tehachapi Windplant II,-118.306297,35.102718,1291.611816
Tehachapi Windplant II,-118.295067,35.123653,1676.322266
Tehachapi Windplant II,-118.303818,35.11652,1546.04541
Tehachapi Windplant II,-118.294746,35.125053,1668.167725
Tehachapi Windplant II,-118.293419,35.106285,1414.265381
Tehachapi Windplant II,-118.306488,35.102524,1288.933105
Tehachapi Windplant II,-118.29599,35.114395,1607.293457
Tehachapi Windplant II,-118.29306,35.109962,1513.445557
Tehachapi Windplant II,-118.306664,35.112049,1420.509644
Tehachapi Windplant II,-118.292061,35.111847,1573.748047
Tehachapi Windplant II,-118.293884,35.118694,1701.086914
Tehachapi Windplant II,-118.306969,35.11264,1428.593384
Tehachapi Windplant II,-118.292786,35.107994,1455.2146
Tehachapi Windplant II,-118.29966,35.118645,1628.867554
Tehachapi Windplant II,-118.305962,35.103142,1296.974609
Tehachapi Windplant II,-118.303024,35.117558,1560.527466
Tehachapi Windplant II,-118.305069,35.114834,1500.589111
Tehachapi Windplant II,-118.294502,35.124142,1678.417847
Tehachapi Windplant II,-118.293785,35.105896,1408.09729
Tehachapi Windplant II,-118.288574,35.123146,1677.033081
Tehachapi Windplant II,-118.304863,35.115021,1505.068481
Tehachapi Windplant II,-118.304291,35.115894,1515.911865
Tehachapi Windplant II,-118.306229,35.1124,1436.88855
Tehachapi Windplant II,-118.293205,35.125523,1665.841431
Tehachapi Windplant II,-118.291595,35.109352,1499.252441
Tehachapi Windplant II,-118.306961,35.104515,1320.494995
Tehachapi Windplant II,-118.301041,35.117302,1604.907104
Tehachapi Windplant II,-118.30323,35.117386,1558.341187
Tehachapi Windplant II,-118.292816,35.106834,1429.299072
Tehachapi Windplant II,-118.299988,35.117794,1621.525269
Tehachapi Windplant II,-118.291451,35.125809,1652.834595
Tehachapi Windplant II,-118.304443,35.115665,1509.407715
Tehachapi Windplant II,-118.29409,35.127193,1655.166016
Tehachapi Windplant II,-118.292625,35.110321,1532.216553
Tehachapi Windplant II,-118.29213,35.127552,1644.913086
Tehachapi Windplant II,-118.292694,35.124416,1681.188232
Tehachapi Windplant II,-118.300285,35.117695,1619.468262
Tehachapi Windplant II,-118.304573,35.115448,1505.058228
Tehachapi Windplant II,-118.305817,35.11274,1448.862427
Tehachapi Windplant II,-118.294029,35.125996,1662.669678
Tehachapi Windplant II,-118.304008,35.116329,1536.178223
Tehachapi Windplant II,-118.294807,35.126457,1662.912109
Tehachapi Windplant II,-118.304733,35.115246,1504.858398
Tehachapi Windplant II,-118.297989,35.112095,1553.620605
Tehachapi Windplant II,-118.295319,35.115643,1614.442017
Tehachapi Windplant II,-118.294388,35.117393,1665.291504
Tehachapi Windplant II,-118.292236,35.110683,1552.635132
Tehachapi Windplant II,-118.291588,35.124496,1681.023926
Tehachapi Windplant II,-118.294189,35.117893,1694.49707
Tehachapi Windplant II,-118.305717,35.103546,1309.948975
Tehachapi Windplant II,-118.293503,35.125278,1671.211548
Tehachapi Windplant II,-118.294273,35.10527,1394.611572
Tehachapi Windplant II,-118.293106,35.10564,1404.946045
Tehachapi Windplant II,-118.29438,35.126953,1657.422974
Tehachapi Windplant II,-118.292038,35.11087,1562.434326
Tehachapi Windplant II,-118.29303,35.128078,1648.591919
Tehachapi Windplant II,-118.289551,35.123241,1659.045654
Tehachapi Windplant II,-118.293289,35.123936,1679.587769
Tehachapi Windplant II,-118.294785,35.125896,1664.159668
Tehachapi Windplant II,-118.291725,35.125561,1659.203003
Tehachapi Windplant II,-118.294411,35.115635,1615.020996
Tehachapi Windplant II,-118.291962,35.111584,1574.970581
Tehachapi Windplant II,-118.292992,35.124195,1681.59436
Tehachapi Windplant II,-118.296989,35.112896,1575.634644
Tehachapi Windplant II,-118.299385,35.118793,1630.170532
Tehachapi Windplant II,-118.289085,35.122894,1664.76062
Tehachapi Windplant II,-118.294594,35.117054,1651.989258
Tehachapi Windplant II,-118.295586,35.114895,1606.347168
Tehachapi Windplant II,-118.291855,35.129368,1657.907471
Tehachapi Windplant II,-118.292809,35.128242,1643.366455
Tehachapi Windplant II,-118.290787,35.123894,1669.135132
Tehachapi Windplant II,-118.306114,35.105053,1335.441772
Tehachapi Windplant II,-118.30719,35.103794,1295.30957
Tehachapi Windplant II,-118.30645,35.112221,1429.102051
Tehachapi Windplant II,-118.298889,35.110794,1505.623901
Tehachapi Windplant II,-118.290192,35.125237,1652.989258
Tehachapi Windplant II,-118.293007,35.106659,1423.689941
Tehachapi Windplant II,-118.299759,35.117931,1625.54895
Tehachapi Windplant II,-118.306107,35.102928,1293.876099
Tehachapi Windplant II,-118.293587,35.123695,1676.782349
Tehachapi Windplant II,-118.306808,35.112858,1440.335205
Tehachapi Windplant II,-118.303474,35.117226,1558.192505
Tehachapi Windplant II,-118.294258,35.107151,1421.200928
Tehachapi Windplant II,-118.307129,35.104031,1304.398315
Tehachapi Windplant II,-118.294685,35.126694,1661.680054
Tehachapi Windplant II,-118.297386,35.112595,1564.649902
Tehachapi Windplant II,-118.292915,35.125767,1661.452881
Tehachapi Windplant II,-118.2929,35.12936,1652.864014
Tehachapi Windplant II,-118.306007,35.112583,1443.930664
Tehachapi Windplant II,-118.299286,35.119293,1626.820557
Tehachapi Windplant II,-118.291313,35.124718,1677.047241
Tehachapi Windplant II,-118.293182,35.107624,1443.227905
Tehachapi Windplant II,-118.291023,35.124973,1666.657959
Tehachapi Windplant II,-118.307091,35.111694,1403.314331
Tehachapi Windplant II,-118.295532,35.12117,1737.555176
Tehachapi Windplant II,-118.294151,35.125549,1665.293091
Tehachapi Windplant II,-118.294487,35.122993,1685.281372
Tehachapi Windplant II,-118.298515,35.118954,1638.051147
Tehachapi Windplant II,-118.293457,35.107506,1439.312134
Tehachapi Windplant II,-118.292587,35.125996,1655.903687
Tehachapi Windplant II,-118.307091,35.104294,1315.867676
Tehachapi Windplant II,-118.291885,35.111095,1571.993164
Tehachapi Windplant II,-118.293678,35.127548,1656.919067
Tehachapi Windplant II,-118.305901,35.11412,1483.351685
Tehachapi Windplant II,-118.298988,35.118294,1637.988403
Tehachapi Windplant II,-118.305832,35.103359,1304.088379
Tehachapi Windplant II,-118.294426,35.105064,1386.412842
Tehachapi Windplant II,-118.293289,35.128796,1645.246826
Tehachapi Windplant II,-118.300789,35.117393,1611.799194
Tehachapi Windplant II,-118.289925,35.125343,1651.930664
Tehachapi Windplant II,-118.293091,35.108994,1480.734741
Tehachapi Windplant II,-118.298332,35.119526,1648.810791
Tehachapi Windplant II,-118.299484,35.118061,1630.670288
Tehachapi Windplant II,-118.298584,35.118656,1636.058228
Tehachapi Windplant II,-118.294685,35.122795,1690.691284
Tehachapi Windplant II,-118.306686,35.104996,1325.957886
Tehachapi Windplant II,-118.293282,35.108822,1469.651611
Tehachapi Windplant II,-118.306526,35.113598,1463.562744
Tehachapi Windplant II,-118.290344,35.124245,1664.082153
Tehachapi Windplant II,-118.293884,35.127396,1655.167358
Tehachapi Windplant II,-118.294136,35.115837,1620.435181
Tehachapi Windplant II,-118.292053,35.10878,1485.831665
Tehachapi Windplant II,-118.291931,35.127743,1640.579468
Tehachapi Windplant II,-118.293892,35.123447,1675.576904
Tehachapi Windplant II,-118.306885,35.111897,1411.916138
Tehachapi Windplant II,-118.295036,35.114594,1607.702026
Tehachapi Windplant II,-118.29232,35.126247,1647.556519
Tehachapi Windplant II,-118.293213,35.106472,1418.151489
Tehachapi Windplant II,-118.293961,35.105698,1405.897217
Tehachapi Windplant II,-118.291946,35.12915,1653.49292
Tehachapi Windplant II,-118.299286,35.110195,1484.748779
Tehachapi Windplant II,-118.293091,35.126194,1652.276978
Tehachapi Windplant II,-118.292686,35.123596,1672.870117
Tehachapi Windplant II,-118.292885,35.10582,1408.876465
Tehachapi Windplant II,-118.294113,35.105476,1400.888672
Tehachapi Windplant II,-118.291885,35.124294,1678.174438
Tehachapi Windplant II,-118.292221,35.112293,1567.968506
Tehachapi Windplant II,-118.301315,35.117218,1597.39624
Tehachapi Windplant II,-118.299248,35.118183,1634.865723
Tehachapi Windplant II,-118.292618,35.107029,1436.738403
Tehachapi Windplant II,-118.295288,35.123344,1675.258423
Tehachapi Windplant II,-118.292992,35.107796,1449.167725
Tehachapi Windplant II,-118.292488,35.123795,1674.547485
Tehachapi Windplant II,-118.291725,35.111298,1575.175781
Tehachapi Windplant II,-118.29245,35.10722,1437.750854
Tehachapi Windplant II,-118.305489,35.114494,1494.381714
Tehachapi Windplant II,-118.288849,35.123108,1674.082886
Tehachapi Windplant II,-118.293625,35.10611,1411.03894
Tehachapi Windplant II,-118.292702,35.129662,1659.549805
Tehachapi Windplant II,-118.304153,35.116096,1525.126953
Tehachapi Windplant II,-118.301628,35.117207,1591.85791
Tehachapi Windplant II,-118.29319,35.129093,1648.256836
Tehachapi Windplant II,-118.306641,35.102348,1283.976563
Tehachapi Windplant II,-118.291687,35.127895,1633.77063
Tehachapi Windplant II,-118.295532,35.115288,1608.953491
Tehachapi Windplant II,-118.293221,35.109432,1495.262939
Tehachapi Windplant II,-118.298721,35.118439,1639.188721
Tehachapi Windplant II,-118.293991,35.107296,1426.714966
Tehachapi Windplant II,-118.296585,35.113396,1587.376221
Tehachapi Windplant II,-118.306816,35.104755,1323.590576
Tehachapi Windplant II,-118.305984,35.113297,1465.054199
Tehachapi Windplant II,-118.303589,35.116997,1556.551758
Tehachapi Windplant II,-118.305275,35.114658,1497.294434
Tehachapi Windplant II,-118.290787,35.125095,1661.46875
Tehachapi Windplant II,-118.307091,35.112419,1415.30127
Tehachapi Windplant II,-118.298424,35.119244,1642.279785
Tehachapi Windplant II,-118.295746,35.12096,1736.07959
Tehachapi Windplant II,-118.288284,35.123196,1677.984009
Tehachapi Windplant II,-118.294426,35.125309,1665.158569
Tehachapi Windplant II,-118.287918,35.123253,1672.53833
Tehachapi Windplant II,-118.305687,35.114296,1488.957397
Tehachapi Windplant II,-118.292618,35.124832,1679.313843
Tehachapi Windplant II,-118.294189,35.123196,1680.197998
Tehachapi Windplant II,-118.293221,35.127892,1654.915771
Tehachapi Windplant II,-118.2939,35.124634,1680.244751
Tehachapi Windplant II,-118.292839,35.10915,1488.763306
Tehachapi Windplant II,-118.293472,35.124775,1683.038086
Tehachapi Windplant II,-118.292328,35.125088,1675.013184
Tehachapi Windplant II,-118.295387,35.120094,1727.821655
Tehachapi Windplant II,-118.29245,35.110508,1542.829834
Tehachapi Windplant II,-118.290565,35.124088,1669.393433
Tehachapi Windplant II,-118.293449,35.127728,1657.348877
Tehachapi Windplant II,-118.293587,35.126095,1656.489624
Tehachapi Windplant II,-118.294891,35.116394,1629.185425
Tehachapi Windplant II,-118.293724,35.107395,1434.042114
Teichert Aggregates,-121.35656,37.616653,89.27894592
Thousand Springs,-114.966805,42.871613,1030.864014
Thousand Springs,-114.966805,42.893803,1017.152405
Thousand Springs,-114.966805,42.882088,1025.126709
Thousand Springs,-114.966805,42.879288,1031.119263
Thousand Springs,-114.966805,42.87347,1038.586792
Thousand Springs,-114.966805,42.876469,1028.051025
Thousand Springs,-114.966805,42.889912,1016.998657
Thousand Springs,-114.966805,42.88728,1017.236328
Threemile Canyon,-119.938889,45.677494,232.5296021
Threemile Canyon,-119.937683,45.675896,235.1911163
Threemile Canyon,-119.939789,45.678993,230.6607208
Threemile Canyon,-119.942184,45.682194,221.8908691
Threemile Canyon,-119.940582,45.680393,223.8117218
Threemile Canyon,-119.933983,45.674793,235.816803
Tooele Army Depot II,-112.369781,40.501865,1475.851563
Top of the World,-105.759789,42.962791,1709.543335
Top of the World,-105.794991,42.944992,1689.834717
Top of the World,-105.773689,42.944092,1680.590942
Top of the World,-105.76059,42.965294,1709.832764
Top of the World,-105.741089,42.960995,1690.57251
Top of the World,-105.771782,42.934151,1674.366333
Top of the World,-105.787888,42.977093,1760.57666
Top of the World,-105.781487,42.965393,1739.546265
Top of the World,-105.771492,42.940193,1675.191284
Top of the World,-105.739891,42.963192,1669.661377
Top of the World,-105.761986,42.947594,1647.579956
Top of the World,-105.760086,42.985191,1743.184326
Top of the World,-105.75679,42.940392,1621.488159
Top of the World,-105.738487,42.965992,1664.814331
Top of the World,-105.772491,42.936192,1676.859985
Top of the World,-105.804321,42.978271,1721.150757
Top of the World,-105.772285,42.930294,1688.795532
Top of the World,-105.753387,42.905594,1630.59668
Top of the World,-105.786491,42.950794,1715.293945
Top of the World,-105.760887,42.958794,1691.789917
Top of the World,-105.794189,42.925995,1626.8302
Top of the World,-105.787086,42.916294,1622.447266
Top of the World,-105.760185,42.950993,1657.701416
Top of the World,-105.769592,42.921494,1681.978516
Top of the World,-105.793488,42.931694,1653.473999
Top of the World,-105.732292,42.939693,1624.518555
Top of the World,-105.758591,42.986794,1752.367432
Top of the World,-105.800987,42.951893,1697.494995
Top of the World,-105.805885,42.973492,1705.426147
Top of the World,-105.758789,42.991093,1726.052002
Top of the World,-105.787086,42.953094,1709.605469
Top of the World,-105.760986,42.915295,1647.494629
Top of the World,-105.772285,42.966194,1718.155273
Top of the World,-105.778587,42.969193,1737.958862
Top of the World,-105.793091,42.929493,1644.852051
Top of the World,-105.737488,42.951092,1646.969482
Top of the World,-105.783386,42.991993,1772.905762
Top of the World,-105.769287,42.910892,1623.080566
Top of the World,-105.785591,42.995293,1754.495239
Top of the World,-105.757088,42.988594,1750.496948
Top of the World,-105.767586,42.905392,1612.982178
Top of the World,-105.732086,42.949093,1640.145752
Top of the World,-105.804291,42.956795,1672.235596
Top of the World,-105.762688,42.956795,1690.856079
Top of the World,-105.766388,42.919994,1674.27478
Top of the World,-105.779091,42.977692,1762.411865
Top of the World,-105.77739,42.973492,1745.759521
Top of the World,-105.788391,42.939095,1692.340088
Top of the World,-105.785591,42.962894,1728.350708
Top of the World,-105.773087,42.942093,1676.100098
Top of the World,-105.784691,42.993893,1766.239868
Top of the World,-105.756287,42.911392,1645.018921
Top of the World,-105.811188,42.967892,1692.361694
Top of the World,-105.767586,42.908192,1616.783325
Top of the World,-105.734489,42.958393,1667.34314
Top of the World,-105.782486,42.981293,1791.730469
Top of the World,-105.79319,42.922993,1624.431152
Top of the World,-105.78289,42.946491,1700.270996
Top of the World,-105.784988,42.986393,1785.145752
Top of the World,-105.77169,42.938091,1671.228027
Top of the World,-105.787392,42.913895,1611.739258
Top of the World,-105.752586,42.903091,1635.099365
Top of the World,-105.793289,42.943592,1696.196045
Top of the World,-105.794891,42.948895,1687.615234
Top of the World,-105.793388,42.941292,1701.128174
Top of the World,-105.761086,42.949093,1648.506104
Top of the World,-105.804688,42.975594,1704.083984
Top of the World,-105.785088,42.957993,1714.116455
Top of the World,-105.764687,42.954891,1680.586304
Top of the World,-105.75959,42.953094,1664.267456
Top of the World,-105.732887,42.947193,1641.327881
Top of the World,-105.81179,42.965294,1684.65918
Top of the World,-105.753693,42.946793,1635.293701
Top of the World,-105.758492,42.961094,1709.055298
Top of the World,-105.783989,42.990093,1780.900146
Top of the World,-105.784988,42.960892,1715.843628
Top of the World,-105.750687,42.961094,1697.405029
Top of the World,-105.785591,42.948692,1720.823364
Top of the World,-105.777489,42.971294,1740.500244
Top of the World,-105.733589,42.945293,1633.311279
Top of the World,-105.806587,42.970592,1708.722534
Top of the World,-105.73259,42.942192,1621.270386
Top of the World,-105.771187,42.928795,1690.131348
Top of the World,-105.777687,42.975792,1753.197388
Top of the World,-105.772186,42.932392,1678.645264
Top of the World,-105.788589,42.911194,1600.938354
Top of the World,-105.786591,42.955593,1706.010986
Top of the World,-105.801689,42.953995,1691.907227
Top of the World,-105.784088,42.982693,1792.87561
Top of the World,-105.754692,42.908592,1629.494019
Top of the World,-105.793686,42.934593,1676.233521
Top of the World,-105.810791,42.963291,1681.575562
Top of the World,-105.769989,42.899494,1601.952148
Top of the World,-105.758888,42.992992,1708.172363
Top of the World,-105.759987,42.967693,1703.980103
Top of the World,-105.757988,42.913895,1643.687134
Top of the World,-105.737289,42.953293,1658.432251
Top of the World,-105.761887,42.983692,1757.603027
Top of the World,-105.770287,42.902294,1604.953247
Top of the World,-105.734688,42.955292,1660.801025
Top of the World,-105.784988,42.988392,1780.505127
Top of the World,-105.782692,42.944393,1701.632568
Top of the World,-105.784889,42.984592,1792.004761
Top of the World,-105.76329,42.917294,1647.714478
Top of the World,-105.757988,42.942593,1630.872559
Top of the World,-105.753792,42.944992,1635.016724
Top of the World,-105.784889,42.996994,1761.736206
Top of the World,-105.786186,42.918995,1617.512939
Top of the World,-105.770386,42.983994,1765.073242
Top of the World,-105.786789,42.979092,1774.043701
Tuana Gulch,-114.969284,42.836895,1035.228027
Tuana Gulch,-114.969284,42.833794,1037.041382
Tuana Gulch,-114.969284,42.830795,1038.288574
Tuana Gulch,-114.969284,42.846092,1035.62439
Tuana Gulch,-114.969284,42.827793,1036.204956
Tuana Gulch,-114.969284,42.843094,1034.732788
Tuana Gulch,-114.969284,42.839893,1033.318604
Tuana Springs,-115.017189,42.890995,1002.665405
Tuana Springs,-115.01709,42.898594,1024.701416
Tuana Springs,-115.017189,42.888195,988.5595703
Tuana Springs,-115.01709,42.895393,1022.450867
Tuana Springs,-115.017189,42.893795,1018.178345
Tuana Springs,-115.017189,42.892395,1010.814148
Tuana Springs,-115.01709,42.896996,1024.023804
Tuana Springs,-115.017189,42.889595,996.1190796
Tucannon River,-118.054085,46.472645,416.0251465
Tucannon River,-118.083206,46.426414,577.0663452
Tucannon River,-118.050957,46.471436,447.8245239
Tucannon River,-118.036186,46.462315,480.2392883
Tucannon River,-118.000877,46.401142,634.3709106
Tucannon River,-118.034492,46.426083,531.9038696
Tucannon River,-117.952156,46.405823,605.6063232
Tucannon River,-118.028915,46.414055,578.3677979
Tucannon River,-118.076073,46.460545,466.2440491
Tucannon River,-118.085876,46.474373,468.6810913
Tucannon River,-118.045059,46.439133,523.2895508
Tucannon River,-118.033844,46.451763,520.8781128
Tucannon River,-118.079178,46.466442,464.3255615
Tucannon River,-118.036964,46.404335,622.7058716
Tucannon River,-118.022697,46.394356,649.3022461
Tucannon River,-118.05925,46.436832,505.1206055
Tucannon River,-118.007545,46.411194,587.9929199
Tucannon River,-117.987144,46.403053,613.2075195
Tucannon River,-118.065254,46.399094,607.77771
Tucannon River,-117.973763,46.428284,548.4196777
Tucannon River,-118.044289,46.463882,471.9784851
Tucannon River,-118.029793,46.460083,501.9263611
Tucannon River,-117.986824,46.406162,599.194397
Tucannon River,-118.102318,46.449295,479.5810852
Tucannon River,-118.054688,46.461926,471.5231934
Tucannon River,-118.028259,46.423676,532.3623047
Tucannon River,-118.077698,46.463383,472.5214233
Tucannon River,-118.077744,46.423275,528.618103
Tucannon River,-118.056938,46.464504,461.3555603
Tucannon River,-118.037193,46.453255,522.4349365
Tucannon River,-118.063705,46.418316,547.8621216
Tucannon River,-118.101143,46.446953,485.3702087
Tucannon River,-118.049675,46.453835,488.8160095
Tucannon River,-118.094528,46.438183,505.4248962
Tucannon River,-118.069008,46.448574,484.0948181
Tucannon River,-118.057198,46.415295,556.7091675
Tucannon River,-118.019302,46.390472,655.5685425
Tucannon River,-117.971436,46.426094,552.2784424
Tucannon River,-118.102249,46.455303,470.7492371
Tucannon River,-118.030457,46.437523,559.0366211
Tucannon River,-118.009079,46.414253,565.4876099
Tucannon River,-117.984596,46.401043,628.5672607
Tucannon River,-118.026169,46.445946,534.0771484
Tucannon River,-118.093193,46.435894,500.055542
Tucannon River,-118.085999,46.399723,601.6456299
Tucannon River,-118.100769,46.453045,465.8178711
Tucannon River,-118.038757,46.409935,580.9022827
Tucannon River,-118.027443,46.436195,538.3283081
Tucannon River,-117.988693,46.408276,586.3894653
Tucannon River,-118.061783,46.398483,625.7727661
Tucannon River,-118.003708,46.405804,605.9351807
Tucannon River,-118.057358,46.397984,620.5684814
Tucannon River,-118.078537,46.393795,607.5485229
Tucannon River,-118.091087,46.433884,513.9886475
Tucannon River,-118.057594,46.391273,642.2993774
Tucannon River,-118.037254,46.427666,524.7532349
Tucannon River,-118.070168,46.402733,595.6431274
Tucannon River,-118.005493,46.408524,608.9247437
Tucannon River,-118.063118,46.445763,493.3918152
Tucannon River,-118.065826,46.420795,521.7598877
Tucannon River,-118.09623,46.440365,507.0302124
Tucannon River,-117.978119,46.432224,559.4758911
Tucannon River,-118.080734,46.424625,550.4033813
Tucannon River,-118.031296,46.424984,530.1143188
Tucannon River,-118.085587,46.428444,563.6334839
Tucannon River,-118.099609,46.444725,496.3039551
Tucannon River,-118.075829,46.454926,481.3088684
Tucannon River,-118.091949,46.481583,449.2332764
Tucannon River,-118.07412,46.452194,486.8590698
Tucannon River,-118.025108,46.411854,585.0854492
Tucannon River,-118.031296,46.450035,530.3237915
Tucannon River,-118.055145,46.432453,514.2437744
Tucannon River,-117.965576,46.422504,555.4915771
Tucannon River,-117.968193,46.424213,551.9429321
Tucannon River,-118.072006,46.449932,485.3013
Tucannon River,-118.047714,46.464615,470.5865784
Tucannon River,-118.099304,46.475803,444.1366882
Tucannon River,-118.087524,46.477215,468.0820313
Tucannon River,-118.02446,46.434834,511.3278198
Tucannon River,-118.097916,46.442543,502.6347046
Tucannon River,-118.059776,46.441425,500.3345947
Tucannon River,-118.031403,46.415825,568.9693604
Tucannon River,-118.039993,46.429264,525.2355957
Tucannon River,-118.041046,46.437195,546.8271484
Tucannon River,-118.088539,46.401455,607.6479492
Tucannon River,-118.026474,46.459164,490.8672485
Tucannon River,-118.081795,46.468903,467.259491
Tucannon River,-117.976303,46.430122,553.5410767
Tucannon River,-118.052345,46.430935,520.3476563
Tucannon River,-118.061096,46.443726,505.9376831
Tucannon River,-118.107536,46.426464,566.2107544
Tucannon River,-118.025719,46.397774,644.5175171
Tucannon River,-118.002098,46.403473,601.8061523
Tucannon River,-117.961136,46.417984,539.0546265
Tucannon River,-117.963959,46.420155,546.1129761
Tucannon River,-118.029427,46.446976,522.7354736
Tucannon River,-117.957016,46.412575,559.923645
Tucannon River,-118.060806,46.416492,544.6139526
Tucannon River,-118.089455,46.479504,459.6794434
Tucannon River,-118.066017,46.447224,489.3337097
Tucannon River,-118.057724,46.434093,528.2081299
Tucannon River,-118.079277,46.396626,599.3512573
Tucannon River,-117.953377,46.407974,588.4805298
Tucannon River,-118.083809,46.471703,464.3353271
Tucannon River,-118.104507,46.457226,471.5400391
Tucannon River,-118.081375,46.398766,591.2250366
Tucannon River,-118.104942,46.424183,593.6787109
Tucannon River,-117.955399,46.410355,575.9812622
Tucannon River,-118.109268,46.428883,546.4596558
Tucannon River,-118.039635,46.455063,508.2108459
Tucannon River,-118.033302,46.439026,546.4177856
Tucannon River,-118.032974,46.461235,488.7639771
Tucannon River,-118.040138,46.463333,471.5153198
Tucannon River,-118.101555,46.463753,454.3254395
Tucannon River,-118.056824,46.474236,419.5218811
Tucannon River,-118.037903,46.406982,599.0768433
Tule,-116.294441,32.771603,1225.727783
Tule,-116.273338,32.718918,1209.782837
Tule,-116.275726,32.763577,1181.411499
Tule,-116.278801,32.727028,1217.023926
Tule,-116.337692,32.808048,1349.809326
Tule,-116.339249,32.784554,1372.309204
Tule,-116.290787,32.771351,1219.741821
Tule,-116.338966,32.810207,1362.433105
Tule,-116.28109,32.745228,1250.793823
Tule,-116.288452,32.770554,1223.63916
Tule,-116.329414,32.78981,1339.496948
Tule,-116.264275,32.735565,1231.669434
Tule,-116.324547,32.793793,1314.225342
Tule,-116.279617,32.765369,1206.14209
Tule,-116.297516,32.777542,1237.549072
Tule,-116.296799,32.772171,1234.415161
Tule,-116.281921,32.739479,1262.462891
Tule,-116.254211,32.726929,1232.961182
Tule,-116.317375,32.785416,1295.572388
Tule,-116.284233,32.749065,1263.094849
Tule,-116.281975,32.73394,1248.202759
Tule,-116.319183,32.787563,1316.77417
Tule,-116.294472,32.776768,1231.023682
Tule,-116.276443,32.722862,1213.324829
Tule,-116.300552,32.778614,1232.423584
Tule,-116.277275,32.725357,1216.91272
Tule,-116.281334,32.731361,1236.613647
Tule,-116.282692,32.736179,1256.976074
Tule,-116.255173,32.729149,1235.184692
Tule,-116.313568,32.783554,1282.321045
Tule,-116.286171,32.750587,1262.526123
Tule,-116.333061,32.780209,1371.00647
Tule,-116.30619,32.778351,1258.809692
Tule,-116.28511,32.767395,1229.174927
Tule,-116.306526,32.774254,1267.075195
Tule,-116.263664,32.738239,1217.433716
Tule,-116.303329,32.772964,1260.570313
Tule,-116.275017,32.720901,1203.827759
Tule,-116.334854,32.782314,1379.823608
Tule,-116.280518,32.767384,1210.671997
Tule,-116.280434,32.742283,1250.217285
Tule,-116.282875,32.747116,1264.978516
Tule,-116.285515,32.769958,1219.376953
Tule,-116.336044,32.80608,1338.979736
Tule,-116.29908,32.760899,1252
Tule,-116.298752,32.763645,1251.384644
Tule,-116.317253,32.773628,1296.078247
Tule,-116.333107,32.777653,1359.367798
Tule,-116.322693,32.791683,1319.14978
Tule,-116.280281,32.729,1224.614258
Tule,-116.328232,32.787628,1350.897949
Tule,-116.298508,32.758354,1249.789795
Tule,-116.320778,32.789234,1314.863525
Tule,-116.251144,32.72707,1217.569946
Tule,-116.327248,32.785423,1358.161133
Tule,-116.300179,32.772335,1242.457275
Tule,-116.332047,32.775333,1353.530884
Twin Buttes,-102.887192,37.652294,1448.232422
Twin Buttes,-102.857887,37.683895,1439.981201
Twin Buttes,-102.876389,37.671696,1439.052612
Twin Buttes,-102.860077,37.681808,1443.541992
Twin Buttes,-102.83519,37.695095,1436.503906
Twin Buttes,-102.821289,37.698093,1429.898926
Twin Buttes,-102.883591,37.652294,1448.24939
Twin Buttes,-102.876389,37.652393,1439.49585
Twin Buttes,-102.904594,37.653294,1456.46814
Twin Buttes,-102.836494,37.674194,1411.822632
Twin Buttes,-102.80629,37.673794,1408.745361
Twin Buttes,-102.886589,37.671696,1440.753662
Twin Buttes,-102.87999,37.652393,1443.223389
Twin Buttes,-102.857292,37.666992,1439.866943
Twin Buttes,-102.847794,37.668293,1429.20813
Twin Buttes,-102.914597,37.656254,1457.182739
Twin Buttes,-102.863594,37.682594,1444.942383
Twin Buttes,-102.84269,37.691296,1431.16394
Twin Buttes,-102.821289,37.674095,1407.04248
Twin Buttes,-102.845589,37.689793,1432.49292
Twin Buttes,-102.827385,37.674526,1410.304321
Twin Buttes,-102.868492,37.681293,1443.821899
Twin Buttes,-102.810287,37.673992,1405.747437
Twin Buttes,-102.827103,37.695347,1435.185181
Twin Buttes,-102.832893,37.674393,1409.697021
Twin Buttes,-102.907791,37.654392,1455.252075
Twin Buttes,-102.893593,37.671593,1446.235596
Twin Buttes,-102.823921,37.696499,1431.868774
Twin Buttes,-102.817993,37.674095,1400.117798
Twin Buttes,-102.851593,37.687595,1437.770996
Twin Buttes,-102.830917,37.695694,1433.045532
Twin Buttes,-102.872391,37.681793,1448.911499
Twin Buttes,-102.896393,37.651993,1442.294922
Twin Buttes,-102.86129,37.666992,1434.898682
Twin Buttes,-102.89949,37.671696,1449.912476
Twin Buttes,-102.848892,37.689396,1434.02002
Twin Buttes,-102.890778,37.652294,1448.058838
Twin Buttes,-102.911293,37.655293,1454.317383
Twin Buttes,-102.889992,37.671696,1442.135742
Twin Buttes,-102.841194,37.668095,1425.331909
Twin Buttes,-102.901192,37.652992,1447.808838
Twin Buttes,-102.883392,37.671696,1440.897827
Twin Buttes,-102.802994,37.673992,1414.288208
Twin Buttes,-102.89669,37.671593,1451.239624
Twin Buttes,-102.851494,37.668194,1436.035767
Twin Buttes,-102.864494,37.666992,1436.736938
Twin Buttes,-102.813393,37.674393,1408.30127
Twin Buttes,-102.844688,37.668194,1428.450684
Twin Buttes,-102.839394,37.693394,1430.596558
Twin Buttes,-102.879593,37.671696,1432.958374
Twin Buttes II,-102.456093,37.776768,1267.419556
Twin Buttes II,-102.563324,37.772953,1316.291992
Twin Buttes II,-102.559204,37.774075,1311.327759
Twin Buttes II,-102.530235,37.772575,1308.047729
Twin Buttes II,-102.540001,37.782654,1297.738525
Twin Buttes II,-102.56424,37.78474,1297.505493
Twin Buttes II,-102.568634,37.784718,1300.894775
Twin Buttes II,-102.544899,37.783203,1298.815918
Twin Buttes II,-102.452034,37.777882,1266.966675
Twin Buttes II,-102.569305,37.759964,1311.337646
Twin Buttes II,-102.55098,37.775703,1313.858521
Twin Buttes II,-102.573303,37.787094,1294.36377
Twin Buttes II,-102.486,37.772457,1287.251709
Twin Buttes II,-102.55513,37.774937,1311.091187
Twin Buttes II,-102.477142,37.769722,1283.243408
Twin Buttes II,-102.543915,37.772671,1309.802856
Twin Buttes II,-102.500999,37.772591,1295.544067
Twin Buttes II,-102.49527,37.772511,1290.160522
Twin Buttes II,-102.46048,37.776707,1267.814819
Twin Buttes II,-102.537994,37.77084,1309.0271
Twin Buttes II,-102.579735,37.78722,1298.362793
Twin Buttes II,-102.522644,37.772633,1304.065796
Twin Buttes II,-102.570381,37.770271,1315.512573
Twin Buttes II,-102.472267,37.77261,1278.302124
Twin Buttes II,-102.534142,37.771725,1308.192383
Twin Buttes II,-102.489998,37.77253,1289.265869
Twin Buttes II,-102.567368,37.772194,1314.683594
Twin Buttes II,-102.515518,37.781517,1300.67688
Twin Buttes II,-102.50869,37.772663,1297.410645
Twin Buttes II,-102.464867,37.77663,1266.147705
Twin Buttes II,-102.467873,37.772633,1273.97644
Twin Buttes II,-102.565086,37.759995,1309.260254
Twin Buttes II,-102.526505,37.772614,1305.60376
Twin Buttes II,-102.504997,37.772644,1296.4729
Twin Buttes II,-102.518654,37.772602,1302.944214
Twin Buttes II,-102.512001,37.782959,1299.173462
Two Dot,-110.084885,46.445492,1387.938843
Two Dot,-110.090691,46.455093,1400.015259
Two Dot,-110.087189,46.449394,1393.561768
Two Dot,-110.088486,46.451393,1395.879272
Two Dot,-110.089584,46.453293,1397.942383
Two Dot,-110.086288,46.447392,1391.14502
Two Dot Wind Farm,-110.093231,46.444695,1387.92688
Two Dot Wind Farm,-110.093216,46.444416,1388.046265
Two Dot Wind Farm,-110.092834,46.443378,1385.931396
Two Dot Wind Farm,-110.092857,46.443661,1386.289063
Two Dot Wind Farm,-110.092819,46.44389,1386.880981
Two Dot Wind Farm,-110.093201,46.444992,1388.121216
Two Dot Wind Farm,-110.092804,46.444172,1387.625122
Vansycle I,-118.655388,45.932793,618.6699829
Vansycle I,-118.676796,45.947948,565.4503174
Vansycle I,-118.677788,45.948395,563.8217773
Vansycle I,-118.662819,45.938229,576.3983154
Vansycle I,-118.673813,45.945156,561.7509766
Vansycle I,-118.607674,45.923531,565.1225586
Vansycle I,-118.670486,45.943893,559.8657227
Vansycle I,-118.658257,45.933567,605.3590698
Vansycle I,-118.661835,45.937714,576.1113892
Vansycle I,-118.659584,45.933994,601.6064453
Vansycle I,-118.667206,45.941864,566.2648926
Vansycle I,-118.652046,45.930115,605.6599731
Vansycle I,-118.65686,45.933182,612.1118774
Vansycle I,-118.601318,45.918514,609.6174927
Vansycle I,-118.679787,45.949394,559.4354248
Vansycle I,-118.604095,45.920166,600.7248535
Vansycle I,-118.669479,45.943542,561.4346924
Vansycle I,-118.602753,45.919327,607.5302124
Vansycle I,-118.674789,45.946293,564.571228
Vansycle I,-118.607964,45.924561,548.5299683
Vansycle I,-118.663956,45.938499,576.3279419
Vansycle I,-118.608246,45.925579,540.7710571
Vansycle I,-118.666023,45.940807,569.1432495
Vansycle I,-118.668388,45.942932,563.6353149
Vansycle I,-118.665085,45.938793,575.2254028
Vansycle I,-118.605881,45.921852,582.8653564
Vansycle I,-118.675789,45.947495,564.3878784
Vansycle I,-118.678787,45.948895,561.8449707
Vansycle I,-118.600182,45.918133,611.1865234
Vansycle I,-118.650993,45.928135,602.2947998
Vansycle I,-118.606865,45.922653,573.7566528
Vansycle I,-118.6726,45.944584,559.1100464
Vansycle I,-118.605019,45.92099,588.9006958
Vansycle I,-118.653984,45.932392,616.9974365
Vansycle I,-118.66095,45.936947,581.7564087
Vansycle I,-118.671486,45.944294,559.2147217
Vansycle I,-118.653046,45.931255,613.9976196
Vansycle I,-118.660065,45.936172,586.1253052
Vansycle II,-118.63839,45.913528,629.9752197
Vansycle II,-118.625328,45.916451,630.18927
Vansycle II,-118.548294,45.891785,630.9614258
Vansycle II,-118.592354,45.912323,621.7839355
Vansycle II,-118.588417,45.891449,635.4854736
Vansycle II,-118.635078,45.912018,639.789917
Vansycle II,-118.564018,45.915211,626.9202271
Vansycle II,-118.556831,45.911755,618.4123535
Vansycle II,-118.574951,45.914734,614.7736816
Vansycle II,-118.566948,45.920753,633.15979
Vansycle II,-118.626373,45.919453,616.3810425
Vansycle II,-118.583878,45.920383,584.0009766
Vansycle II,-118.563965,45.893974,651.9304199
Vansycle II,-118.586235,45.907467,637.0843506
Vansycle II,-118.685043,45.951965,554.9116821
Vansycle II,-118.68927,45.952198,561.4136963
Vansycle II,-118.584831,45.905003,633.1497803
Vansycle II,-118.559608,45.913544,617.3926392
Vansycle II,-118.595154,45.915054,617.6363525
Vansycle II,-118.570755,45.922131,627.15802
Vansycle II,-118.591621,45.899406,655.178772
Vansycle II,-118.550217,45.894127,624.8737183
Vansycle II,-118.531975,45.89439,635.8428955
Vansycle II,-118.632683,45.909935,650.4715576
Vansycle II,-118.572968,45.910053,631.0081787
Vansycle II,-118.59153,45.893234,651.7647095
Vansycle II,-118.530922,45.891567,636.9067993
Vansycle II,-118.575958,45.903118,659.9381104
Vansycle II,-118.684517,45.94894,564.9957275
Vansycle II,-118.536682,45.895454,630.8103027
Vansycle II,-118.560135,45.892406,641.6029053
Vansycle II,-118.578278,45.916786,613.3807373
Vansycle II,-118.62339,45.914021,644.1853638
Vansycle II,-118.563507,45.919273,628.9329834
Vansycle II,-118.568481,45.898338,659.0929565
Vansycle II,-118.566147,45.896229,657.1677856
Vansycle II,-118.684723,45.945545,564.0183716
Vansycle II,-118.549744,45.907265,621.7667236
Vansycle II,-118.597023,45.917179,612.0762329
Vansycle II,-118.552193,45.910538,616.2711792
Vansycle II,-118.596878,45.895496,654.5229492
Vansycle II,-118.588501,45.909531,633.4470215
Vansycle II,-118.581497,45.918335,599.9227295
Vantage Point,-120.183983,46.957394,769.9395752
Vantage Point,-120.144485,46.950195,684.5388184
Vantage Point,-120.159584,46.950993,752.4830933
Vantage Point,-120.106689,46.955494,597.87854
Vantage Point,-120.133888,46.945694,662.1290283
Vantage Point,-120.169388,46.960995,746.1002197
Vantage Point,-120.153984,46.953793,715.677002
Vantage Point,-120.143089,46.951694,670.866394
Vantage Point,-120.175186,46.947594,773.2873535
Vantage Point,-120.129585,46.952892,637.5240479
Vantage Point,-120.203384,46.953293,782.9282227
Vantage Point,-120.098183,46.949593,557.1672974
Vantage Point,-120.151588,46.946793,676.2058716
Vantage Point,-120.096085,46.951096,574.760498
Vantage Point,-120.142387,46.945892,647.9693604
Vantage Point,-120.204185,46.951492,785.3222656
Vantage Point,-120.140884,46.953194,651.28302
Vantage Point,-120.189987,46.952892,773.0385132
Vantage Point,-120.132187,46.949593,649.3579712
Vantage Point,-120.188789,46.950993,773.5926514
Vantage Point,-120.188187,46.960396,787.8275146
Vantage Point,-120.107384,46.950794,577.5477905
Vantage Point,-120.110184,46.949795,574.7810059
Vantage Point,-120.19529,46.960396,801.6380005
Vantage Point,-120.132584,46.943695,640.8290405
Vantage Point,-120.170982,46.953594,749.3544312
Vantage Point,-120.178589,46.946495,760.2919312
Vantage Point,-120.169884,46.959095,741.8237915
Vantage Point,-120.180786,46.961594,789.015625
Vantage Point,-120.206383,46.969494,792.9447021
Vantage Point,-120.152588,46.955692,692.151123
Vantage Point,-120.178787,46.959595,785.9402466
Vantage Point,-120.213783,46.953495,773.6436157
Vantage Point,-120.200623,46.956703,794.9779663
Vantage Point,-120.118484,46.957394,633.2209473
Vantage Point,-120.155983,46.952194,733.1392212
Vantage Point,-120.212685,46.951195,771.3970947
Vantage Point,-120.187782,46.947895,773.4119263
Vantage Point,-120.204285,46.967194,789.3051758
Vantage Point,-120.150688,46.957394,682.6334839
Vantage Point,-120.163887,46.954193,764.1152344
Vantage Point,-120.215088,46.948795,759.1629028
Vantage Point,-120.116783,46.954395,639.7142334
Vantage Point,-120.181984,46.954796,776.3052368
Vantage Point,-120.199089,46.958294,799.3796997
Vantage Point,-120.127983,46.954494,633.7241821
Vantage Point,-120.114784,46.959496,629.6264648
Vantage Point,-120.191589,46.954895,786.6083374
Vantage Point,-120.199089,46.948692,771.1047363
Vantage Point,-120.105087,46.952595,592.340332
Vantage Point,-120.130783,46.951195,641.7827148
Vantage Point,-120.203285,46.965096,796.8849487
Vantage Point,-120.120087,46.950794,600.2333374
Vantage Point,-120.215584,46.955395,764.2427368
Vantage Point,-120.138985,46.954796,634.2629395
Vantage Point,-120.179489,46.952496,757.4486084
Vantage Point,-120.116684,46.952595,615.9855957
Vantage Point,-120.151985,46.959496,690.3147583
Vantage Point,-120.202087,46.955093,789.0706787
Vantage Point,-120.170982,46.951694,748.1652832
Vasco (repower),-121.690186,37.784695,400.9404297
Vasco (repower),-121.724388,37.788593,353.586731
Vasco (repower),-121.701584,37.789993,333.2704163
Vasco (repower),-121.709885,37.794193,356.8752136
Vasco (repower),-121.716484,37.780697,352.5653381
Vasco (repower),-121.725685,37.784996,329.9779968
Vasco (repower),-121.698891,37.796097,337.1955872
Vasco (repower),-121.703285,37.802696,346.7740479
Vasco (repower),-121.71949,37.788895,357.5056152
Vasco (repower),-121.657784,37.791996,237.2326965
Vasco (repower),-121.715485,37.784595,383.2282715
Vasco (repower),-121.714989,37.790394,364.2393188
Vasco (repower),-121.705086,37.794094,361.7742615
Vasco (repower),-121.705688,37.804695,338.8779602
Vasco (repower),-121.725288,37.794697,342.2922974
Vasco (repower),-121.724091,37.798695,282.8844299
Vasco (repower),-121.710487,37.788895,383.2269897
Vasco (repower),-121.686386,37.788593,336.9329224
Vasco (repower),-121.711784,37.781796,353.9118042
Vasco (repower),-121.667191,37.793495,219.3513031
Vasco (repower),-121.676086,37.790894,191.5078888
Vasco (repower),-121.724686,37.802593,260.8838806
Vasco (repower),-121.679787,37.787796,238.5721588
Vasco (repower),-121.692085,37.787697,323.4767151
Vasco (repower),-121.705986,37.797997,338.7884827
Vasco (repower),-121.72229,37.780396,338.2442017
Vasco (repower),-121.700989,37.798496,329.5588379
Vasco (repower),-121.720184,37.795895,312.8912964
Vasco (repower),-121.705688,37.808697,302.8578796
Vasco (repower),-121.66259,37.792896,207.3402405
Vasco (repower),-121.704285,37.784794,327.1122131
Vasco (repower),-121.720787,37.784393,378.8095703
Vasco (repower),-121.726784,37.804794,240.7525482
Vasco (repower),-121.705688,37.787994,314.750061
Victorville Wind Project,-117.358292,34.557693,886.4893799
Voyager II,-118.262527,35.070625,1127.287842
Voyager II,-118.263161,35.064137,1102.800293
Voyager II,-118.250343,35.069401,1077.100342
Voyager II,-118.277809,35.076977,1251.278564
Voyager II,-118.276794,35.078403,1259.56189
Voyager II,-118.258255,35.074844,1130.439697
Voyager II,-118.263481,35.062206,1093.303711
Voyager II,-118.269325,35.065887,1131.278809
Voyager II,-118.273949,35.072598,1196.287354
Voyager II,-118.263924,35.05703,1074.615845
Voyager II,-118.258995,35.078175,1161.090698
Voyager II,-118.26857,35.068207,1141.227417
Voyager II,-118.248566,35.079235,1116.147339
Voyager II,-118.247826,35.06942,1069.365723
Voyager II,-118.259949,35.073917,1147.59021
Voyager II,-118.2686,35.073376,1176.755371
Voyager II,-118.275093,35.071232,1187.249023
Voyager II,-118.290222,35.072018,1265.387573
Voyager II,-118.272018,35.063046,1119.855713
Voyager II,-118.285309,35.070164,1263.660645
Voyager II,-118.252922,35.069393,1088.940308
Voyager II,-118.280754,35.07645,1259.979736
Voyager II,-118.262352,35.073627,1149.91687
Voyager II,-118.253738,35.073509,1112.438843
Voyager II,-118.272408,35.060745,1109.294189
Voyager II,-118.24305,35.073677,1064.21228
Voyager II,-118.28521,35.07325,1249.059692
Voyager II,-118.263268,35.068596,1124.862915
Voyager II,-118.244591,35.072742,1068.093262
Voyager II,-118.27169,35.097233,1426.379517
Voyager II,-118.290276,35.069286,1252.845703
Voyager II,-118.245293,35.069412,1061.123169
Voyager II,-118.269096,35.075928,1184.799316
Voyager II,-118.249687,35.077869,1111.422852
Voyager II,-118.268288,35.098774,1412.919434
Voyager II,-118.243111,35.080517,1103.662109
Voyager II,-118.25811,35.069355,1106.213135
Voyager II,-118.255844,35.080231,1147.893188
Voyager II,-118.26355,35.079205,1209.188965
Voyager II,-118.279495,35.069077,1179.609253
Voyager II,-118.264717,35.060764,1093.265503
Voyager II,-118.268219,35.077255,1195.945679
Voyager II,-118.247849,35.080997,1119.835083
Voyager II,-118.270721,35.064903,1131.417725
Voyager II,-118.289963,35.074547,1292.202393
Voyager II,-118.264244,35.055023,1063.599854
Voyager II,-118.255562,35.069397,1089.591064
Voyager II,-118.282471,35.073826,1233.990723
Voyager II,-118.272316,35.057961,1099.525391
Voyager II,-118.272652,35.054928,1105.316528
Voyager II,-118.276939,35.070408,1185.876465
Voyager II,-118.270172,35.09816,1419.607788
Voyager II,-118.272041,35.073524,1192.249023
Voyager II,-118.26693,35.068867,1140.218872
Voyager Wind,-118.290215,35.04673,1125.111206
Voyager Wind,-118.27845,35.047016,1087.841064
Voyager Wind,-118.32222,35.07164,1382.104004
Voyager Wind,-118.298874,35.04092,1108.536499
Voyager Wind,-118.266251,35.043995,1034.786011
Voyager Wind,-118.293793,35.084209,1463.592896
Voyager Wind,-118.272247,35.04081,1043.176025
Voyager Wind,-118.275459,35.041035,1051.94165
Voyager Wind,-118.303238,35.076073,1427.987305
Voyager Wind,-118.288483,35.05051,1141.949707
Voyager Wind,-118.298386,35.042828,1119.182739
Voyager Wind,-118.264389,35.049576,1050.429199
Voyager Wind,-118.284508,35.042007,1079.700684
Voyager Wind,-118.273804,35.04707,1070.991577
Voyager Wind,-118.28112,35.051468,1116.554565
Voyager Wind,-118.264397,35.044979,1030.88855
Voyager Wind,-118.305725,35.043484,1134.59314
Voyager Wind,-118.270241,35.051239,1075.377686
Voyager Wind,-118.268745,35.040672,1033.380981
Voyager Wind,-118.29792,35.083889,1464.451416
Voyager Wind,-118.266991,35.042107,1033.476563
Voyager Wind,-118.305779,35.074562,1420.401855
Voyager Wind,-118.283821,35.043869,1088.18042
Voyager Wind,-118.260284,35.041424,1003.586731
Voyager Wind,-118.299004,35.051125,1169.056885
Voyager Wind,-118.258492,35.043556,1005.330933
Voyager Wind,-118.312744,35.074276,1414.810547
Voyager Wind,-118.304832,35.047657,1136.776978
Voyager Wind,-118.272392,35.048683,1068.211426
Voyager Wind,-118.263176,35.051029,1051.339233
Voyager Wind,-118.282372,35.045738,1092.075806
Voyager Wind,-118.286026,35.040604,1077.774536
Voyager Wind,-118.298912,35.047867,1146.96521
Voyager Wind,-118.305489,35.051025,1169.596191
Voyager Wind,-118.263489,35.046806,1036.244873
Voyager Wind,-118.27121,35.050022,1075.333618
Voyager Wind,-118.286575,35.051418,1136.567505
Voyager Wind,-118.28965,35.049046,1137.913696
Wagner,-116.555588,33.908894,228.533432
Wagner,-116.555588,33.907295,225.4586792
Walmart Red Bluff,-122.193886,40.111195,84.86431885
Western Spirit,-105.470467,34.389984,1968.260986
Western Spirit,-105.324867,34.454796,1877.045288
Western Spirit,-105.292923,34.688721,1863.812012
Western Spirit,-105.401497,34.377796,1908.312012
Western Spirit,-105.362457,34.297897,1864.138062
Western Spirit,-105.406548,34.249344,1860.888916
Western Spirit,-105.40387,34.446934,1914.187378
Western Spirit,-105.306206,34.773182,1858.682739
Western Spirit,-105.398483,34.363918,1901.749878
Western Spirit,-105.512047,34.410267,1930.531616
Western Spirit,-105.351936,34.446125,1873.660278
Western Spirit,-105.417168,34.276573,1889.783081
Western Spirit,-105.419449,34.272358,1898.058105
Western Spirit,-105.313652,34.727383,1872.751953
Western Spirit,-105.306831,34.764721,1851.767212
Western Spirit,-105.486435,34.420025,1932.000122
Western Spirit,-105.306732,34.770317,1854.338867
Western Spirit,-105.362572,34.32999,1870.177002
Western Spirit,-105.312103,34.795975,1877.187866
Western Spirit,-105.37117,34.402256,1878.954712
Western Spirit,-105.310806,34.793385,1872.914795
Western Spirit,-105.305817,34.689453,1872.446167
Western Spirit,-105.359634,34.274059,1871.820068
Western Spirit,-105.35379,34.47015,1877.043091
Western Spirit,-105.372559,34.340908,1876.766968
Western Spirit,-105.361023,34.32618,1865.154419
Western Spirit,-105.350471,34.414833,1870.513672
Western Spirit,-105.441612,34.346218,1914.207153
Western Spirit,-105.375587,34.393963,1880.474365
Western Spirit,-105.399689,34.372166,1898.99292
Western Spirit,-105.370659,34.378258,1876.417969
Western Spirit,-105.419037,34.370823,1923.782959
Western Spirit,-105.394997,34.356422,1887.056885
Western Spirit,-105.31842,34.709351,1911.676025
Western Spirit,-105.315956,34.715572,1906.644897
Western Spirit,-105.392998,34.423981,1892.697388
Western Spirit,-105.485657,34.436192,1942.737915
Western Spirit,-105.363457,34.309551,1868.054443
Western Spirit,-105.273041,34.734997,1876.477661
Western Spirit,-105.352486,34.474197,1881.907227
Western Spirit,-105.312981,34.804249,1859.300659
Western Spirit,-105.348061,34.683659,1955.143066
Western Spirit,-105.28463,34.289349,1821.671143
Western Spirit,-105.478104,34.399372,1944.465698
Western Spirit,-105.249565,34.718903,1818.486328
Western Spirit,-105.371201,34.382065,1875.109253
Western Spirit,-105.271103,34.729671,1866.152344
Western Spirit,-105.390007,34.440464,1911.041382
Western Spirit,-105.366188,34.321667,1871.025146
Western Spirit,-105.351822,34.699867,1935.658325
Western Spirit,-105.268517,34.318893,1841.666992
Western Spirit,-105.529358,34.383881,1951.901001
Western Spirit,-105.419022,34.367222,1921.541138
Western Spirit,-105.249031,34.716114,1822.748047
Western Spirit,-105.379097,34.314529,1880.969238
Western Spirit,-105.294807,34.336979,1848.147095
Western Spirit,-105.363472,34.70179,1941.961792
Western Spirit,-105.289093,34.313618,1835.644897
Western Spirit,-105.289108,34.317471,1836.173584
Western Spirit,-105.429909,34.253448,1910.004517
Western Spirit,-105.323212,34.273815,1845.649658
Western Spirit,-105.300751,34.719505,1886.165649
Western Spirit,-105.289063,34.305592,1831.402344
Western Spirit,-105.376534,34.274242,1886.08252
Western Spirit,-105.434288,34.277332,1909.760498
Western Spirit,-105.530678,34.388111,1945.594971
Western Spirit,-105.330643,34.728046,1901.342896
Western Spirit,-105.379837,34.294495,1872.858398
Western Spirit,-105.357246,34.267082,1866.179688
Western Spirit,-105.429092,34.25753,1902.143555
Western Spirit,-105.310883,34.68066,1897.412964
Western Spirit,-105.357796,34.430576,1882.782837
Western Spirit,-105.342056,34.710304,1925.910645
Western Spirit,-105.299164,34.722652,1884.948608
Western Spirit,-105.26059,34.729153,1859.28894
Western Spirit,-105.339577,34.716095,1895.247192
Western Spirit,-105.294502,34.685585,1870.472412
Western Spirit,-105.396721,34.261154,1873.915161
Western Spirit,-105.403915,34.443424,1919.244019
Western Spirit,-105.439941,34.342358,1915.182739
Western Spirit,-105.337395,34.439186,1873.909912
Western Spirit,-105.42643,34.331512,1896.759521
Western Spirit,-105.363907,34.707619,1935.85437
Western Spirit,-105.329262,34.718788,1894.793579
Western Spirit,-105.421204,34.309441,1896.526489
Western Spirit,-105.327606,34.712379,1900.868896
Western Spirit,-105.285454,34.748177,1890.237549
Western Spirit,-105.311523,34.739552,1861.666748
Western Spirit,-105.377869,34.692062,1945.380127
Western Spirit,-105.338959,34.264221,1845.026123
Western Spirit,-105.284721,34.731472,1889.094971
Western Spirit,-105.314804,34.718552,1893.069092
Western Spirit,-105.443161,34.350819,1920.365234
Western Spirit,-105.293144,34.329033,1842.786865
Western Spirit,-105.35183,34.381195,1856.33374
Western Spirit,-105.278206,34.33503,1832.999878
Western Spirit,-105.258575,34.733727,1858.924561
Western Spirit,-105.486397,34.424149,1930.417969
Western Spirit,-105.330292,34.252991,1830.51001
Western Spirit,-105.420425,34.301712,1891.373169
Western Spirit,-105.338188,34.293072,1855.802734
Western Spirit,-105.364052,34.704758,1940.997559
Western Spirit,-105.382317,34.301224,1876.447388
Western Spirit,-105.334923,34.289398,1847.792114
Western Spirit,-105.33519,34.687775,1909.193115
Western Spirit,-105.331612,34.256958,1841.231934
Western Spirit,-105.37793,34.697872,1949.506104
Western Spirit,-105.407425,34.315521,1887.317627
Western Spirit,-105.421165,34.305416,1896.399658
Western Spirit,-105.377411,34.682831,1941.522339
Western Spirit,-105.362488,34.361938,1868.554565
Western Spirit,-105.486267,34.412109,1944.020874
Western Spirit,-105.380661,34.322365,1880.739868
Western Spirit,-105.354355,34.691055,1945.670898
Western Spirit,-105.35096,34.436886,1881.065674
Western Spirit,-105.421608,34.313278,1894.939575
Western Spirit,-105.469322,34.381821,1989.437378
Western Spirit,-105.372437,34.263691,1864.520874
Western Spirit,-105.300621,34.703121,1878.648193
Western Spirit,-105.36692,34.444004,1894.256592
Western Spirit,-105.30674,34.76194,1850.845337
Western Spirit,-105.397949,34.328568,1888.529541
Western Spirit,-105.278412,34.339043,1830.549316
Western Spirit,-105.349007,34.450756,1874.892578
Western Spirit,-105.268288,34.722351,1862.455811
Western Spirit,-105.317253,34.314339,1847.59314
Western Spirit,-105.421913,34.348476,1904.319946
Western Spirit,-105.338043,34.476021,1864.887573
Western Spirit,-105.503716,34.397366,1953.289063
Western Spirit,-105.395691,34.269131,1891.910889
Western Spirit,-105.301483,34.713528,1887.890015
Western Spirit,-105.381355,34.443989,1901.890869
Western Spirit,-105.361038,34.410561,1886.312012
Western Spirit,-105.493546,34.366646,2000.373901
Western Spirit,-105.316528,34.303764,1844.017456
Western Spirit,-105.329506,34.297134,1846.139648
Western Spirit,-105.320114,34.698696,1887.114868
Western Spirit,-105.511253,34.371189,1964.416992
Western Spirit,-105.486282,34.415955,1933.831299
Western Spirit,-105.396507,34.324657,1882.786865
Western Spirit,-105.373154,34.681046,1944.044556
Western Spirit,-105.379829,34.421192,1886.950195
Western Spirit,-105.372147,34.390003,1879.493652
Western Spirit,-105.420357,34.287498,1887.628418
Western Spirit,-105.500641,34.247192,1959.404297
Western Spirit,-105.38131,34.297684,1875.756104
Western Spirit,-105.497932,34.382843,1955.004028
Western Spirit,-105.389465,34.418156,1902.029907
Western Spirit,-105.522934,34.37796,1950.25415
Western Spirit,-105.377563,34.695019,1948.750854
Western Spirit,-105.335411,34.46804,1868.336304
Western Spirit,-105.320374,34.270405,1843.950928
Western Spirit,-105.324028,34.731876,1886.522461
Western Spirit,-105.420372,34.290989,1886.278198
Western Spirit,-105.364548,34.317787,1868.151855
Western Spirit,-105.417252,34.280464,1891.276245
Western Spirit,-105.31089,34.74242,1863.324829
Western Spirit,-105.517654,34.359261,1953.510498
Western Spirit,-105.365761,34.371292,1871.296997
Western Spirit,-105.423058,34.340286,1906.87793
Western Spirit,-105.340157,34.277977,1850.246704
Western Spirit,-105.31263,34.801525,1867.403931
Western Spirit,-105.350716,34.440804,1880.407471
Western Spirit,-105.368034,34.417782,1884.139893
Western Spirit,-105.372498,34.336941,1880.44397
Western Spirit,-105.405724,34.309807,1880.193848
Western Spirit,-105.517586,34.363201,1958.578613
Western Spirit,-105.423943,34.336285,1902.836182
Western Spirit,-105.367218,34.436035,1887.017334
Western Spirit,-105.338928,34.697392,1905.126953
Western Spirit,-105.407135,34.435863,1905.611328
Western Spirit,-105.403572,34.381638,1938.708252
Western Spirit,-105.324142,34.459225,1869.209229
Western Spirit,-105.279526,34.343185,1829.971558
Western Spirit,-105.415634,34.37611,1921.723511
Western Spirit,-105.286713,34.733982,1880.335205
Western Spirit,-105.420685,34.294506,1895.222168
Western Spirit,-105.31089,34.73674,1861.731812
Western Spirit,-105.25811,34.72678,1858.400269
Western Spirit,-105.396187,34.265087,1889.192749
Western Spirit,-105.294701,34.332905,1844.026123
Western Spirit,-105.305847,34.454044,1859.674072
Western Spirit,-105.289459,34.74493,1891.616577
Western Spirit,-105.376244,34.27079,1877.20105
Western Spirit,-105.335449,34.460518,1869.654175
Western Spirit,-105.377441,34.286682,1871.650635
Western Spirit,-105.393715,34.352631,1888.796387
Western Spirit,-105.487686,34.376911,1982.192383
Western Spirit,-105.284813,34.293308,1831.905518
Western Spirit,-105.316727,34.295998,1849.975464
Western Spirit,-105.269279,34.326965,1842.441284
Western Spirit,-105.434296,34.280804,1902.88623
Western Spirit,-105.379883,34.318268,1883.552612
Western Spirit,-105.478523,34.395065,1951.306396
Western Spirit,-105.363914,34.413887,1890.522705
Western Spirit,-105.419479,34.268883,1895.14978
Western Spirit,-105.366516,34.423462,1883.773438
Western Spirit,-105.297661,34.725704,1871.787354
Western Spirit,-105.324966,34.735016,1879.802612
Western Spirit,-105.371674,34.386204,1876.319092
Western Spirit,-105.306465,34.775909,1864.959717
Western Spirit,-105.367126,34.440002,1896.897095
Western Spirit,-105.473076,34.268963,1948.735474
Western Spirit,-105.328255,34.703915,1901.82605
Western Spirit,-105.418945,34.363365,1916.627441
Western Spirit,-105.35112,34.385586,1859.401367
Western Spirit,-105.299973,34.710686,1885.616089
Western Spirit,-105.365471,34.281513,1882.953247
Western Spirit,-105.423561,34.426327,1918.103271
Western Spirit,-105.430969,34.378067,1950.074951
Western Spirit,-105.500702,34.254166,1932.481445
Western Spirit,-105.292366,34.321121,1837.447998
Western Spirit,-105.413719,34.257755,1876.981934
Western Spirit,-105.316864,34.712612,1917.447754
Western Spirit,-105.300003,34.294292,1837.446289
Western Spirit,-105.511436,34.401936,1946.99231
Western Spirit,-105.30191,34.705723,1881.24292
Western Spirit,-105.530701,34.392166,1945.830566
Western Spirit,-105.423058,34.430164,1912.223511
Western Spirit,-105.299149,34.290638,1832.456055
Western Spirit,-105.352127,34.466217,1877.510376
Western Spirit,-105.426544,34.327557,1906.274292
Western Spirit,-105.39077,34.427525,1899.623901
Western Spirit,-105.533173,34.399982,1934.806396
Western Spirit,-105.49791,34.379353,1957.67395
Western Spirit,-105.485222,34.428215,1933.15625
Western Spirit,-105.363869,34.453789,1897.819092
Western Spirit,-105.316498,34.706654,1909.833862
Western Spirit,-105.313316,34.798603,1877.719482
Western Spirit,-105.325165,34.695534,1897.099609
Western Spirit,-105.342728,34.727711,1912.008667
Western Spirit,-105.358078,34.354729,1867.449341
Western Spirit,-105.36338,34.449806,1894.717163
Western Spirit,-105.270348,34.725079,1872.741943
Western Spirit,-105.473145,34.272404,1944.072021
Western Spirit,-105.348549,34.686401,1953.379517
Western Spirit,-105.284409,34.285385,1818.936279
Western Spirit,-105.500656,34.257721,1929.135864
Western Spirit,-105.311501,34.747993,1864.321899
Western Spirit,-105.338379,34.713474,1912.791382
Western Spirit,-105.310661,34.790577,1869.588867
Western Spirit,-105.363441,34.293858,1865.502075
Western Spirit,-105.341255,34.706402,1923.21936
Western Spirit,-105.325142,34.683018,1896.154785
Western Spirit,-105.362381,34.305607,1867.406372
Western Spirit,-105.377472,34.31094,1878.169312
Western Spirit,-105.31472,34.806755,1854.691284
Western Spirit,-105.359756,34.345299,1874.248413
Western Spirit,-105.294205,34.761871,1882.847046
Western Spirit,-105.377045,34.689072,1951.907227
Western Spirit,-105.356781,34.477871,1878.938354
Western Spirit,-105.394791,34.320744,1879.73877
Western Spirit,-105.358757,34.481628,1887.72876
Western Spirit,-105.352715,34.376884,1856.962158
Western Spirit,-105.306625,34.75914,1851.164917
Western Spirit,-105.373932,34.344715,1874.483765
Western Spirit,-105.471672,34.377487,1984.675659
Western Spirit,-105.498108,34.386353,1951.018799
Western Spirit,-105.292397,34.325085,1836.260132
Western Spirit,-105.264656,34.720409,1859.078003
Western Spirit,-105.350006,34.458633,1876.496338
Western Spirit,-105.391541,34.332684,1895.852173
Western Spirit,-105.270439,34.740929,1871.753784
Western Spirit,-105.376678,34.289692,1867.853516
Western Spirit,-105.359222,34.406895,1878.784546
Western Spirit,-105.269821,34.330936,1841.869507
Western Spirit,-105.372444,34.26088,1856.402832
Western Spirit,-105.374374,34.409336,1890.958984
Western Spirit,-105.326012,34.692307,1898.36438
Western Spirit,-105.377258,34.307384,1876.251099
Western Spirit,-105.338448,34.447872,1879.559937
Western Spirit,-105.372452,34.332973,1880.158691
Western Spirit,-105.511391,34.414223,1915.015381
Western Spirit,-105.393242,34.273178,1883.452759
Western Spirit,-105.316521,34.307037,1845.262573
Western Spirit,-105.383614,34.329811,1888.74292
Western Spirit,-105.349487,34.454712,1876.000854
Western Spirit,-105.389984,34.28149,1876.296021
Western Spirit,-105.313156,34.721619,1884.907471
Western Spirit,-105.311478,34.724606,1878.943848
Western Spirit,-105.306534,34.767536,1853.028687
Western Spirit,-105.512405,34.367241,1960.485962
Western Spirit,-105.306091,34.450005,1853.470215
Western Spirit,-105.362312,34.30162,1865.454102
Western Spirit,-105.377686,34.701817,1956.044434
Western Spirit,-105.352455,34.422489,1877.62146
Western Spirit,-105.374763,34.686096,1939.213257
Western Spirit,-105.469246,34.385632,1980.937378
Western Spirit,-105.522827,34.373894,1956.678223
Western Spirit,-105.393089,34.257172,1860.923218
Western Spirit,-105.381294,34.432446,1887.921265
Western Spirit,-105.309288,34.68354,1895.202637
Western Spirit,-105.293274,34.764725,1879.49585
Western Spirit,-105.337852,34.444145,1880.925171
Western Spirit,-105.31636,34.692051,1892.512695
Western Spirit,-105.319702,34.325951,1857.219238
Western Spirit,-105.262115,34.715061,1832.904663
Western Spirit,-105.317398,34.688046,1891.209473
Western Spirit,-105.485245,34.432137,1942.657715
Western Spirit,-105.337029,34.260757,1846.214844
Western Spirit,-105.263031,34.717766,1852.932617
Western Spirit,-105.272125,34.732285,1876.49231
Western Spirit,-105.301025,34.696228,1874.062378
Western Spirit,-105.42041,34.298141,1890.447754
Western Spirit,-105.301651,34.716442,1891.879272
Western Spirit,-105.34845,34.680897,1952.792603
Western Spirit,-105.531998,34.396088,1941.455078
Western Spirit,-105.27182,34.746712,1860.8396
Western Spirit,-105.335396,34.464882,1868.653198
Western Spirit,-105.44265,34.354809,1915.993896
Western Spirit,-105.337769,34.690182,1909.733643
Western Spirit,-105.324142,34.68034,1900.816162
Western Spirit,-105.420731,34.359657,1911.037231
Western Spirit,-105.293335,34.691574,1865.008789
Western Spirit,-105.324501,34.737686,1875.35376
Western Spirit,-105.478073,34.402882,1942.258789
Western Spirit,-105.327309,34.286774,1846.502441
Western Spirit,-105.31514,34.266903,1843.374756
Western Spirit,-105.245758,34.71386,1810.81958
Western Spirit,-105.473091,34.26553,1940.289917
Western Spirit,-105.331116,34.725285,1894.685181
Western Spirit,-105.420837,34.355732,1899.929443
Western Spirit,-105.340141,34.274761,1848.192627
Western Spirit,-105.339066,34.267673,1846.666138
Western Spirit,-105.289444,34.742085,1896.964722
Western Spirit,-105.31282,34.69553,1893.731812
Western Spirit,-105.324348,34.446781,1860.085327
Western Spirit,-105.312286,34.750713,1862.083252
Western Spirit,-105.428238,34.316429,1900.548706
Western Spirit,-105.329041,34.70937,1904.768311
Western Spirit,-105.373917,34.266491,1868.103638
Western Spirit,-105.306046,34.778728,1864.182007
Western Spirit,-105.311737,34.745224,1863.728882
Western Spirit,-105.378578,34.425152,1888.079224
Western Spirit,-105.285805,34.750996,1885.355225
Western Spirit,-105.420341,34.283928,1895.859253
Western Spirit,-105.350624,34.688854,1953.221924
Western Spirit,-105.421898,34.344433,1909.066772
Western Spirit,-105.327293,34.282871,1846.299438
Western Spirit,-105.315094,34.263306,1829.260742
Western Spirit,-105.427505,34.323387,1901.627563
Western Spirit,-105.411346,34.254551,1871.464233
Western Spirit,-105.340034,34.271374,1845.806763
Western Spirit,-105.352028,34.418686,1873.675171
Western Spirit,-105.306679,34.44595,1845.694092
Western Spirit,-105.503532,34.393364,1958.899658
Western Spirit,-105.41069,34.425438,1913.873291
Western Spirit,-105.316833,34.292038,1842.067139
Western Spirit,-105.404823,34.305813,1882.568115
Western Spirit,-105.358559,34.34227,1878.97937
Western Spirit,-105.4086,34.439724,1911.502563
Western Spirit,-105.389961,34.277485,1882.252808
Western Spirit,-105.355927,34.263607,1856.111572
Western Spirit,-105.317162,34.33358,1861.290649
Western Spirit,-105.328758,34.706573,1906.127197
Western Spirit,-105.242592,34.711227,1806.775757
Western Spirit,-105.363998,34.313591,1870.137329
Western Spirit,-105.342537,34.719879,1892.615479
Western Spirit,-105.499886,34.38987,1952.017456
Western Spirit,-105.430717,34.374023,1951.716431
Western Spirit,-105.329002,34.301426,1845.067871
Western Spirit,-105.342636,34.722649,1900.807007
Western Spirit,-105.372231,34.405544,1883.115601
Western Spirit,-105.289375,34.736435,1886.918457
Western Spirit,-105.336838,34.472061,1864.598145
Western Spirit,-105.319092,34.322018,1849.77771
Western Spirit,-105.500687,34.250652,1947.166992
Western Spirit,-105.324387,34.450775,1878.757446
Western Spirit,-105.403137,34.429783,1910.114136
Western Spirit,-105.390572,34.436386,1903.754395
Western Spirit,-105.307259,34.756237,1850.810425
Western Spirit,-105.490707,34.371044,1976.125
Western Spirit,-105.334137,34.435349,1859.065063
Western Spirit,-105.511955,34.406284,1938.841309
Western Spirit,-105.367416,34.374783,1867.248291
Western Spirit,-105.359619,34.270546,1873.932495
Western Spirit,-105.363327,34.290382,1867.215454
Wheatfield,-120.324387,45.669395,412.9072266
Wheatfield,-120.324989,45.672493,406.9792175
Wheatfield,-120.318382,45.678993,397.4170227
Wheatfield,-120.318283,45.675793,404.5053711
Wheatfield,-120.330849,45.676712,408.463562
Wheatfield,-120.305885,45.695393,284.8823242
Wheatfield,-120.313484,45.664494,370.2448425
Wheatfield,-120.306389,45.693695,282.8635254
Wheatfield,-120.337685,45.688095,346.8982544
Wheatfield,-120.306686,45.692196,286.4361572
Wheatfield,-120.29509,45.666096,396.696991
Wheatfield,-120.317085,45.685295,342.7753906
Wheatfield,-120.318283,45.677395,407.5107117
Wheatfield,-120.317184,45.653393,342.4536743
Wheatfield,-120.318283,45.682293,366.4801331
Wheatfield,-120.296684,45.667393,387.1710815
Wheatfield,-120.314583,45.645195,338.0433655
Wheatfield,-120.331345,45.678276,402.5126038
Wheatfield,-120.303085,45.672092,391.1965027
Wheatfield,-120.33709,45.686592,352.1571655
Wheatfield,-120.316284,45.649895,335.1495056
Wheatfield,-120.313683,45.666096,369.6838074
Wheatfield,-120.301582,45.658993,354.6144409
Wheatfield,-120.315689,45.648396,338.7666321
Wheatfield,-120.338287,45.689693,344.5839233
Wheatfield,-120.302788,45.670296,405.1966858
Wheatfield,-120.318687,45.680695,381.5210266
Wheatfield,-120.301788,45.668594,404.9998474
Wheatfield,-120.317085,45.651794,339.4141541
Wheatfield,-120.336586,45.685093,362.5021973
Wheatfield,-120.317085,45.686893,329.6563721
Wheatfield,-120.317589,45.654995,346.5186768
Wheatfield,-120.335686,45.683594,371.3522339
Wheatfield,-120.323883,45.667793,413.2991333
Wheatfield,-120.330383,45.675144,403.1022034
Wheatfield,-120.299683,45.655693,347.5157166
Wheatfield,-120.332085,45.679794,394.9673767
Wheatfield,-120.313683,45.643593,336.0236816
Wheatfield,-120.318787,45.658195,340.1868286
Wheatfield,-120.318184,45.656593,348.8187866
Wheatfield,-120.315186,45.646793,333.7574158
Wheatfield,-120.324684,45.670895,414.8815918
Wheatfield,-120.317688,45.683792,354.4207153
Wheatfield,-120.300484,45.657394,350.1689758
Wheatfield,-120.303986,45.674595,400.7940063
Wheatfield,-120.302589,45.660694,346.7682495
Wheatridge Wind,-119.540237,45.459915,710.2398071
Wheatridge Wind,-119.566795,45.488258,671.9115601
Wheatridge Wind,-119.650627,45.602093,315.4501343
Wheatridge Wind,-119.679993,45.622627,280.2406616
Wheatridge Wind,-119.570511,45.495995,606.5887451
Wheatridge Wind,-119.572998,45.561588,389.4467773
Wheatridge Wind,-119.662392,45.55835,372.9952393
Wheatridge Wind,-119.628746,45.610256,316.433136
Wheatridge Wind,-119.546143,45.430775,747.2592773
Wheatridge Wind,-119.530243,45.486675,677.2927856
Wheatridge Wind,-119.541016,45.475136,821.3372192
Wheatridge Wind,-119.549881,45.498219,640.5821533
Wheatridge Wind,-119.609116,45.548183,392.1269836
Wheatridge Wind,-119.595131,45.465225,703.8971558
Wheatridge Wind,-119.568962,45.493458,634.050293
Wheatridge Wind,-119.630196,45.566685,347.6298828
Wheatridge Wind,-119.679993,45.625656,275.1112061
Wheatridge Wind,-119.677544,45.60825,306.5631104
Wheatridge Wind,-119.577484,45.554394,390.0144348
Wheatridge Wind,-119.578545,45.511295,516.5835571
Wheatridge Wind,-119.677231,45.605286,307.4785156
Wheatridge Wind,-119.616402,45.555794,370.362854
Wheatridge Wind,-119.553093,45.437572,721.4308472
Wheatridge Wind,-119.55957,45.466164,777.0531616
Wheatridge Wind,-119.531235,45.493374,622.3201294
Wheatridge Wind,-119.54908,45.43259,739.154541
Wheatridge Wind,-119.603729,45.540791,412.4147644
Wheatridge Wind,-119.553879,45.555508,410.2289429
Wheatridge Wind,-119.593834,45.505783,520.7225952
Wheatridge Wind,-119.543846,45.47768,787.1098022
Wheatridge Wind,-119.604248,45.545433,399.8978577
Wheatridge Wind,-119.516975,45.427994,806.9254761
Wheatridge Wind,-119.545563,45.448277,719.8231201
Wheatridge Wind,-119.576508,45.563229,384.6508484
Wheatridge Wind,-119.560539,45.463207,757.2560425
Wheatridge Wind,-119.596657,45.50882,504.647583
Wheatridge Wind,-119.520874,45.419884,832.8306274
Wheatridge Wind,-119.621567,45.56213,359.0672302
Wheatridge Wind,-119.57827,45.550144,398.1568604
Wheatridge Wind,-119.574493,45.539925,423.301239
Wheatridge Wind,-119.580048,45.481518,641.5925903
Wheatridge Wind,-119.622192,45.503204,498.0299377
Wheatridge Wind,-119.677231,45.614395,295.9329224
Wheatridge Wind,-119.677689,45.611336,292.3431091
Wheatridge Wind,-119.519676,45.431004,796.2794189
Wheatridge Wind,-119.680229,45.619404,283.9641418
Wheatridge Wind,-119.582932,45.462227,778.9889526
Wheatridge Wind,-119.539894,45.44413,726.9456787
Wheatridge Wind,-119.518135,45.417355,852.9381714
Wheatridge Wind,-119.637001,45.620075,300.0169067
Wheatridge Wind,-119.572449,45.49831,587.5083618
Wheatridge Wind,-119.548965,45.484306,737.5328979
Wheatridge Wind,-119.625961,45.564648,352.4802551
Wheatridge Wind,-119.598969,45.471691,665.6127319
Wheatridge Wind,-119.595207,45.57193,364.6556396
Wheatridge Wind,-119.652977,45.604351,304.9562988
Wheatridge Wind,-119.595337,45.469215,684.5447388
Wheatridge Wind,-119.571503,45.465469,775.9812622
Wheatridge Wind,-119.600716,45.511284,495.7496338
Wheatridge Wind,-119.521423,45.434395,793.1976929
Wheatridge Wind,-119.636406,45.575893,338.0196533
Wheatridge Wind,-119.635719,45.6161,302.2546692
Wheatridge Wind,-119.633064,45.573147,341.7871094
Wheatridge Wind,-119.544205,45.470348,820.8510742
Wheatridge Wind,-119.592377,45.502075,544.5145874
Wheatridge Wind,-119.547089,45.451447,707.9046021
Wheatridge Wind,-119.549728,45.486332,725.3140259
Wheatridge Wind,-119.524734,45.422279,811.9924316
Wheatridge Wind,-119.56366,45.47279,753.5993652
Wheatridge Wind,-119.624832,45.506039,480.1505737
Wheatridge Wind,-119.619637,45.558281,367.1452026
Wheatridge Wind,-119.547134,45.501888,620.9306641
Wheatridge Wind,-119.5578,45.438847,711.618042
Wheatridge Wind,-119.636559,45.628063,281.1267395
Wheatridge Wind,-119.546913,45.490227,691.312561
Wheatridge Wind,-119.546539,45.466888,825.0397339
Wheatridge Wind,-119.537201,45.431038,750.7998047
Wheatridge Wind,-119.680122,45.629379,272.6625366
Wheatridge Wind,-119.562485,45.471222,762.5436401
Wheatridge Wind,-119.677315,45.617191,288.9888916
Wheatridge Wind,-119.527756,45.424541,797.9086304
Wheatridge Wind,-119.575935,45.543358,415.2417297
Wheatridge Wind,-119.577995,45.50602,542.6438599
Wheatridge Wind,-119.536835,45.457233,718.2744751
Wheatridge Wind,-119.531296,45.482964,714.3909302
Wheatridge Wind,-119.58329,45.525494,459.2148438
Wheatridge Wind,-119.659088,45.614532,285.322052
Wheatridge Wind,-119.654694,45.609779,293.0984497
Wheatridge Wind,-119.555832,45.558292,405.5389709
Wheatridge Wind,-119.664009,45.554405,385.497467
Wheatridge Wind,-119.577003,45.546768,405.9804688
Wheatridge Wind,-119.582146,45.565182,377.2839661
Wheatridge Wind,-119.567627,45.491127,651.800354
Wheatridge Wind,-119.665077,45.562222,363.5912476
Wheatridge Wind,-119.642815,45.59996,308.1799316
Wheatridge Wind,-119.636841,45.62392,298.9291077
Wheatridge Wind,-119.654694,45.606812,295.1742859
Wheatridge Wind,-119.52356,45.437534,784.776123
Wheatridge Wind,-119.547333,45.479084,760.7253418
Wheatridge Wind,-119.631348,45.614338,307.8754883
Wheatridge Wind,-119.531258,45.426483,780.1859131
Wheatridge Wind,-119.582542,45.516632,492.9208374
Wheatridge Wind,-119.575241,45.478374,668.9338989
Wheatridge Wind,-119.559097,45.469246,781.2915039
Wheatridge Wind,-119.590263,45.569092,370.3742981
Wheatridge Wind,-119.59584,45.529461,440.8597717
Wheatridge Wind,-119.542274,45.446297,722.2653809
Wheatridge Wind,-119.551132,45.434875,732.9560547
Wheatridge Wind,-119.598152,45.532665,432.1173706
Wheatridge Wind,-119.577881,45.480324,659.1040039
Wheatridge Wind,-119.530533,45.490467,649.3245239
Wheatridge Wind,-119.657242,45.611576,289.4510498
Wheatridge Wind,-119.627205,45.509491,459.3788452
Wheatridge Wind,-119.585625,45.529015,445.8873901
Wheatridge Wind,-119.545944,45.493221,677.3529663
Wheatridge Wind,-119.582497,45.520168,479.9749451
Wheatridge Wind,-119.557091,45.561363,401.4969788
Wheatridge Wind,-119.667419,45.565521,356.4359131
Wheatridge Wind,-119.550781,45.480679,760.0419312
Wheatridge Wind,-119.631447,45.570068,346.1559753
White Creek,-120.324287,45.801792,725.2348633
White Creek,-120.360489,45.830395,736.0577393
White Creek,-120.408684,45.816494,767.3829346
White Creek,-120.342484,45.833694,709.069519
White Creek,-120.296585,45.816692,717.9216919
White Creek,-120.341286,45.823593,739.3925781
White Creek,-120.356186,45.799393,733.21875
White Creek,-120.408684,45.814194,759.8538208
White Creek,-120.296684,45.818794,713.982666
White Creek,-120.298683,45.796192,645.5126343
White Creek,-120.304184,45.798294,672.6820679
White Creek,-120.360588,45.827995,741.7700806
White Creek,-120.298187,45.794094,633.9899902
White Creek,-120.341286,45.825893,736.8255615
White Creek,-120.408684,45.811893,748.3047485
White Creek,-120.360588,45.841496,695.3201294
White Creek,-120.298286,45.825195,699.8962402
White Creek,-120.387085,45.821495,792.9648438
White Creek,-120.374985,45.824894,769.4962769
White Creek,-120.420784,45.809296,737.6331787
White Creek,-120.355888,45.821194,749.036438
White Creek,-120.365883,45.799294,703.8482666
White Creek,-120.339584,45.805096,752.6456299
White Creek,-120.293587,45.812492,712.2949219
White Creek,-120.355988,45.811295,736.0883179
White Creek,-120.326889,45.822693,746.5149536
White Creek,-120.295189,45.814693,714.6427002
White Creek,-120.420883,45.807293,730.2789307
White Creek,-120.361984,45.803696,755.6460571
White Creek,-120.387085,45.826096,782.1554565
White Creek,-120.307487,45.812893,740.6483765
White Creek,-120.308884,45.814995,741.1593628
White Creek,-120.356186,45.797295,716.6325684
White Creek,-120.37159,45.811993,763.6640625
White Creek,-120.374886,45.827496,768.3099976
White Creek,-120.358688,45.801495,756.414978
White Creek,-120.387085,45.823994,786.7841797
White Creek,-120.34079,45.811092,736.4794312
White Creek,-120.311684,45.819195,740.4915771
White Creek,-120.372284,45.795895,712.1071167
White Creek,-120.360489,45.823994,749.0581665
White Creek,-120.369087,45.832596,742.9949341
White Creek,-120.313087,45.821396,738.3986206
White Creek,-120.373589,45.793793,720.2261963
White Creek,-120.323883,45.799793,729.6400146
White Creek,-120.341988,45.820694,743.828186
White Creek,-120.326889,45.834293,704.374939
White Creek,-120.355888,45.818993,747.4910889
White Creek,-120.326782,45.817394,750.6468506
White Creek,-120.340485,45.807194,740.9276733
White Creek,-120.333488,45.800694,743.4315186
White Creek,-120.371887,45.814293,773.3464355
White Creek,-120.341583,45.818295,746.1853027
White Creek,-120.296585,45.820892,710.5174561
White Creek,-120.374886,45.830093,763.1082764
White Creek,-120.371986,45.816692,777.6574707
White Creek,-120.323486,45.797592,727.7908936
White Creek,-120.360985,45.808895,740.3463745
White Creek,-120.355888,45.816296,745.3794556
White Creek,-120.355988,45.813793,743.3833618
White Creek,-120.305389,45.802593,705.7487183
White Creek,-120.371384,45.809593,762.4040527
White Creek,-120.341988,45.815495,744.3121338
White Creek,-120.342484,45.831093,723.3093872
White Creek,-120.359787,45.843594,681.7456055
White Creek,-120.362289,45.805794,738.2281494
White Creek,-120.371887,45.821495,773.8775635
White Creek,-120.326782,45.829895,722.4727783
White Creek,-120.298988,45.827293,688.8150024
White Creek,-120.341682,45.828693,732.3716431
White Creek,-120.371887,45.819096,776.8861084
White Creek,-120.297188,45.823093,706.1934204
White Creek,-120.304688,45.808693,740.7039185
White Creek,-120.326782,45.836395,682.6935425
White Creek,-120.340683,45.813293,741.8955688
White Creek,-120.326889,45.824795,740.5042114
White Creek,-120.326782,45.832092,720.4592285
White Creek,-120.364365,45.834995,723.526001
White Creek,-120.326782,45.819996,750.465271
White Creek,-120.361389,45.839394,706.9117432
White Creek,-120.293587,45.810394,710.3101196
White Creek,-120.338486,45.802994,758.3450317
White Creek,-120.305984,45.810795,739.0220947
White Creek,-120.386185,45.819492,795.5574951
White Creek,-120.304489,45.806595,744.581543
White Creek,-120.310287,45.817093,741.3995972
White Creek,-120.326889,45.826996,734.817627
White Creek,-120.304787,45.800392,690.843689
White Creek,-120.343689,45.836292,697.5361938
White Hills,-114.432747,35.812992,828.5442505
White Hills,-114.458488,35.836384,745.4590454
White Hills,-114.408981,35.778046,873.9179688
White Hills,-114.367577,35.866287,969.3456421
White Hills,-114.444099,35.777119,770.760437
White Hills,-114.454208,35.83503,758.8753662
White Hills,-114.464981,35.792713,727.5601807
White Hills,-114.397408,35.895077,821.5083008
White Hills,-114.38678,35.817799,975.7172241
White Hills,-114.445831,35.817486,788.1367798
White Hills,-114.420151,35.836815,855.3736572
White Hills,-114.439934,35.777081,780.5949707
White Hills,-114.380165,35.842152,977.6868896
White Hills,-114.363403,35.835506,1051.279053
White Hills,-114.363358,35.865566,984.800354
White Hills,-114.456657,35.777393,742.130249
White Hills,-114.39315,35.857426,922.1326904
White Hills,-114.346054,35.856998,1094.745972
White Hills,-114.435852,35.843792,802.0426025
White Hills,-114.43515,35.830872,815.3442993
White Hills,-114.379158,35.86792,936.3678589
White Hills,-114.430588,35.829746,829.8150635
White Hills,-114.472992,35.839905,701.4065552
White Hills,-114.39798,35.820587,936.47052
White Hills,-114.403419,35.83353,905.946106
White Hills,-114.404152,35.778053,891.5858765
White Hills,-114.425987,35.77766,817.6495972
White Hills,-114.449936,35.802948,771.059082
White Hills,-114.381989,35.89172,851.3901367
White Hills,-114.364296,35.88271,910.159729
White Hills,-114.456001,35.766708,741.7607422
White Hills,-114.384811,35.831085,974.3148193
White Hills,-114.393036,35.819439,954.760498
White Hills,-114.424759,35.766693,826.0368042
White Hills,-114.419807,35.809837,868.567688
White Hills,-114.389099,35.83102,959.3311157
White Hills,-114.408012,35.834415,891.9589233
White Hills,-114.448914,35.845615,761.390686
White Hills,-114.436668,35.814945,816.4755859
White Hills,-114.392975,35.8946,830.9266357
White Hills,-114.388718,35.893501,849.8164673
White Hills,-114.464882,35.766853,722.2854614
White Hills,-114.420288,35.76709,841.0027466
White Hills,-114.428459,35.812016,842.4454956
White Hills,-114.42115,35.777576,831.9603882
White Hills,-114.479126,35.810562,697.3728638
White Hills,-114.44252,35.766693,776.0080566
White Hills,-114.41259,35.83519,878.0142822
White Hills,-114.464912,35.777706,724.3926392
White Hills,-114.440773,35.800495,793.9042969
White Hills,-114.441391,35.816063,802.085022
White Hills,-114.413322,35.778034,858.3812256
White Hills,-114.460648,35.821663,745.6854858
White Hills,-114.350601,35.85873,1048.209229
White Hills,-114.377922,35.853184,987.2744751
White Hills,-114.479599,35.827374,693.3164063
White Hills,-114.433632,35.766701,800.8258057
White Hills,-114.460464,35.766659,731.6693115
White Hills,-114.467361,35.838375,718.3978882
White Hills,-114.464714,35.807358,733.319519
White Hills,-114.453629,35.846863,746.7205811
White Hills,-114.377159,35.887737,881.5379639
White Hills,-114.415497,35.766808,856.1254883
White Hills,-114.367332,35.838299,1033.619873
White Hills,-114.359032,35.863655,995.1455688
White Hills,-114.375786,35.841335,997.8215332
White Hills,-114.448181,35.777122,760.5404663
White Hills,-114.373001,35.867744,960.2821045
White Hills,-114.435463,35.777195,792.4494019
White Hills,-114.445358,35.802044,783.4414063
White Hills,-114.380135,35.831768,992.25
White Hills,-114.460678,35.791721,736.9917603
White Hills,-114.430145,35.839638,823.300354
White Hills,-114.354141,35.885265,927.3867798
White Hills,-114.483803,35.828182,682.3382568
White Hills,-114.400688,35.863579,893.7788696
White Hills,-114.372696,35.85371,994.9004517
White Hills,-114.38549,35.870327,921.5408936
White Hills,-114.460495,35.806412,743.2733154
White Hills,-114.410904,35.766819,871.2485352
White Hills,-114.450089,35.818398,775.6567383
White Hills,-114.476875,35.841629,690.0263062
White Hills,-114.385635,35.842743,963.1380005
White Hills,-114.458748,35.84808,731.3850708
White Hills,-114.374779,35.832115,1011.080566
White Hills,-114.444679,35.845043,774.104248
White Hills,-114.396828,35.859867,908.124939
White Hills,-114.469528,35.823906,720.3364868
White Hills,-114.373451,35.884628,889.2136841
White Hills,-114.35997,35.883434,922.3148193
White Hills,-114.389763,35.844574,944.3840332
White Hills,-114.451454,35.766811,752.4881592
White Hills,-114.469368,35.808689,722.0311279
White Hills,-114.475548,35.825798,703.9412842
White Hills,-114.407242,35.822529,907.8990479
White Hills,-114.441002,35.832165,797.1582642
White Hills,-114.46077,35.777699,733.5039063
White Hills,-114.425934,35.827808,844.2126465
White Hills,-114.393959,35.845963,928.5544434
White Hills,-114.355591,35.860363,1022.782593
White Hills,-114.402779,35.822224,921.1505737
White Hills,-114.463264,35.837051,731.4333496
White Hills,-114.424103,35.810932,856.3796387
White Hills,-114.425026,35.837185,840.75177
White Hills,-114.36908,35.883373,906.8216553
White Hills,-114.416313,35.825432,875.6391602
White Hills,-114.406036,35.767029,887.5475464
White Hills,-114.445412,35.832455,785.4319458
White Hills,-114.474075,35.809738,710.8095703
White Hills,-114.388123,35.856796,944.0714722
White Hills,-114.447029,35.766716,763.9492188
White Hills,-114.411789,35.823872,892.4738159
White Hills,-114.401581,35.895393,813.887085
White Hills,-114.454437,35.804115,758.2670898
White Hills,-114.371666,35.839272,1016.301147
White Hills,-114.48484,35.811638,684.2030029
White Hills,-114.481987,35.842812,675.322998
White Hills,-114.452271,35.777302,751.8880615
White Hills,-114.429146,35.766785,813.8569946
White Hills,-114.456284,35.790833,746.0621948
White Hills,-114.449486,35.83382,773.4315186
White Hills,-114.464836,35.823174,734.2008667
White Hills,-114.438095,35.766731,788.3348389
White Hills,-114.421196,35.826618,859.2922363
White Hills,-114.430443,35.777592,805.8452148
White Hills,-114.44017,35.844624,788.3773193
Whitewater Hill,-116.630989,33.924496,467.8710327
Whitewater Hill,-116.626938,33.92625,457.2776794
Whitewater Hill,-116.620255,33.927437,447.8517151
Whitewater Hill,-116.630768,33.923721,461.1191101
Whitewater Hill,-116.623299,33.920803,443.5592041
Whitewater Hill,-116.616608,33.919518,437.8963928
Whitewater Hill,-116.627945,33.928745,469.9743958
Whitewater Hill,-116.616539,33.920677,466.7890625
Whitewater Hill,-116.62027,33.928158,438.8969116
Whitewater Hill,-116.60743,33.929153,381.0682678
Whitewater Hill,-116.628418,33.929398,474.7208557
Whitewater Hill,-116.62748,33.927326,463.240387
Whitewater Hill,-116.616135,33.930622,414.3279114
Whitewater Hill,-116.625999,33.924667,456.220459
Whitewater Hill,-116.62307,33.922203,475.1906738
Whitewater Hill,-116.621864,33.929913,438.6075134
Whitewater Hill,-116.63179,33.926567,484.8282166
Whitewater Hill,-116.632195,33.928013,496.4325867
Whitewater Hill,-116.607498,33.926064,420.0592346
Whitewater Hill,-116.615631,33.9244,523.1450806
Whitewater Hill,-116.62748,33.928097,464.7831116
Whitewater Hill,-116.623085,33.921482,463.5243225
Whitewater Hill,-116.612648,33.927792,444.2206421
Whitewater Hill,-116.615761,33.925858,509.1359558
Whitewater Hill,-116.62188,33.930683,438.3024597
Whitewater Hill,-116.631592,33.925846,478.9212952
Whitewater Hill,-116.63121,33.92522,472.8477478
Whitewater Hill,-116.632149,33.927292,491.8848877
Whitewater Hill,-116.616135,33.929989,415.2194824
Whitewater Hill,-116.607445,33.928379,388.9740295
Whitewater Hill,-116.616249,33.921539,487.9505005
Whitewater Hill,-116.61837,33.922226,493.9706116
Whitewater Hill,-116.630661,33.923,451.0254822
Whitewater Hill,-116.625999,33.925354,454.7480774
Whitewater Hill,-116.607475,33.926834,409.4119263
Whitewater Hill,-116.615639,33.925159,517.6741943
Whitewater Hill,-116.607468,33.927608,397.5844727
Whitewater Hill,-116.61615,33.931347,415.6861267
Whitewater Hill,-116.612648,33.927021,462.7962952
Whitewater Hill,-116.62027,33.928879,433.811676
Whitewater Hill,-116.61837,33.923134,508.9441223
Wild Horse I,-120.194588,47.009594,1075.613525
Wild Horse I,-120.222282,47.049892,1065.71106
Wild Horse I,-120.206589,47.003895,976.2747192
Wild Horse I,-120.177483,47.044094,936.9520264
Wild Horse I,-120.188286,46.999794,1009.406067
Wild Horse I,-120.222786,47.051094,1050.900269
Wild Horse I,-120.198189,47.040195,1035.640137
Wild Horse I,-120.214783,47.027393,1055.601685
Wild Horse I,-120.222488,47.011993,1057.443115
Wild Horse I,-120.186089,47.042496,981.1292725
Wild Horse I,-120.200188,47.042793,1047.829102
Wild Horse I,-120.216583,47.030792,1047.795044
Wild Horse I,-120.193283,47.007095,1065.503052
Wild Horse I,-120.182289,47.021496,994.413147
Wild Horse I,-120.175087,46.992294,932.8947144
Wild Horse I,-120.184982,46.997993,964.5775757
Wild Horse I,-120.192688,47.005795,1061.448242
Wild Horse I,-120.177483,47.014194,936.7133789
Wild Horse I,-120.178139,46.995083,942.1416626
Wild Horse I,-120.223984,47.008694,1012.54303
Wild Horse I,-120.218887,47.037693,1064.865479
Wild Horse I,-120.211784,47.042793,1068.755981
Wild Horse I,-120.223984,47.015293,1093.710205
Wild Horse I,-120.176384,47.012592,918.5856323
Wild Horse I,-120.204887,47.036594,1051.742432
Wild Horse I,-120.179085,47.016594,929.2649536
Wild Horse I,-120.184586,46.996796,948.7088623
Wild Horse I,-120.212784,47.052094,1047.185669
Wild Horse I,-120.187988,47.045895,1001.154724
Wild Horse I,-120.186783,47.043594,998.5928955
Wild Horse I,-120.18969,47.033092,1032.692749
Wild Horse I,-120.190483,47.034096,1034.679443
Wild Horse I,-120.187286,47.044693,1001.499695
Wild Horse I,-120.205086,47.001095,953.071167
Wild Horse I,-120.213585,47.046295,1025.920044
Wild Horse I,-120.193489,47.037594,1023.224609
Wild Horse I,-120.213585,47.053192,1043.561523
Wild Horse I,-120.177788,46.993793,935.2372437
Wild Horse I,-120.187088,47.048096,995.30896
Wild Horse I,-120.219284,47.038895,1065.495728
Wild Horse I,-120.211189,47.041595,1069.249146
Wild Horse I,-120.193886,47.008293,1073.056519
Wild Horse I,-120.183289,47.022694,1009.130005
Wild Horse I,-120.197685,47.046394,1019.154297
Wild Horse I,-120.222885,47.013096,1074.333008
Wild Horse I,-120.161186,47.001095,869.2318726
Wild Horse I,-120.203186,47.035294,1040.926025
Wild Horse I,-120.198196,47.047504,1022.041443
Wild Horse I,-120.21299,47.025093,1052.454224
Wild Horse I,-120.199387,47.041695,1045.211304
Wild Horse I,-120.191986,47.004593,1061.300171
Wild Horse I,-120.194786,47.021194,963.1928711
Wild Horse I,-120.211685,47.012794,1078.24292
Wild Horse I,-120.189285,47.002193,1061.684692
Wild Horse I,-120.178284,47.015495,929.4677124
Wild Horse I,-120.179688,47.017693,939.6259766
Wild Horse I,-120.212486,47.050995,1043.03064
Wild Horse I,-120.166389,47.003693,924.9741821
Wild Horse I,-120.222389,47.010796,1043.319824
Wild Horse I,-120.214088,47.054394,1039.303711
Wild Horse I,-120.202888,47.028694,1023.646912
Wild Horse I,-120.183586,47.023994,1013.957764
Wild Horse I,-120.207184,47.005493,993.241394
Wild Horse I,-120.167786,46.989292,929.1975098
Wild Horse I,-120.174484,47.008995,929.9077148
Wild Horse I,-120.178185,47.032192,979.5195313
Wild Horse I,-120.196983,47.023495,1008.280579
Wild Horse I,-120.187187,47.026993,1013.037842
Wild Horse I,-120.181885,47.020294,976.0700684
Wild Horse I,-120.212387,47.043995,1061.300049
Wild Horse I,-120.210388,47.040493,1067.735962
Wild Horse I,-120.199188,47.012493,1065.710205
Wild Horse I,-120.179787,47.034393,1002.40094
Wild Horse I,-120.213188,47.045193,1038.763794
Wild Horse I,-120.171387,47.006393,931.1390381
Wild Horse I,-120.207687,47.038094,1059.516602
Wild Horse I,-120.198883,47.049995,1005.066711
Wild Horse I,-120.174683,46.991093,924.2955933
Wild Horse I,-120.180183,47.018795,955.0211182
Wild Horse I,-120.198982,47.051292,994.3004761
Wild Horse I,-120.188683,47.000893,1028.039673
Wild Horse I,-120.221588,47.047394,1046.397583
Wild Horse I,-120.223785,47.007496,992.307312
Wild Horse I,-120.199783,47.013695,1060.604126
Wild Horse I,-120.220184,47.041195,1067.683838
Wild Horse I,-120.185989,47.025593,1008.330505
Wild Horse I,-120.206886,47.007496,1010.543579
Wild Horse I,-120.218285,47.036495,1063.521118
Wild Horse I,-120.198708,47.048653,1013.932068
Wild Horse I,-120.176888,47.048195,946.3287354
Wild Horse I,-120.176987,47.046696,936.2857056
Wild Horse I,-120.177383,47.049793,929.5406494
Wild Horse I,-120.219788,47.039993,1069.552979
Wild Horse I,-120.195587,47.022293,985.9508667
Wild Horse I,-120.211983,47.014793,1110.123413
Wild Horse I,-120.165886,47.002594,922.7398071
Wild Horse I,-120.175583,47.011494,911.5177612
Wild Horse I,-120.198387,47.024796,1007.514465
Wild Horse I,-120.202484,47.027393,1026.347168
Wild Horse I,-120.156883,46.996395,825.2159424
Wild Horse I,-120.209488,47.039394,1068.296387
Wild Horse I,-120.192383,47.036495,1025.649414
Wild Horse I,-120.198685,47.011192,1067.078979
Wild Horse I,-120.187485,47.031395,1016.088928
Wild Horse I,-120.180489,47.035393,987.4202881
Wild Horse I,-120.187386,47.028496,1014.051208
Wild Horse I,-120.220688,47.042393,1058.189575
Wild Horse I,-120.195488,47.038895,1028.221313
Wild Horse I,-120.176888,47.042595,929.0432129
Wild Horse I,-120.215988,47.029594,1062.275391
Wild Horse I,-120.215385,47.028496,1062.89856
Wild Horse I,-120.213783,47.026196,1053.111206
Wild Horse I,-120.159386,46.998894,849.6801758
Wild Horse I,-120.223289,47.014294,1085.050659
Wild Horse I,-120.158684,46.997692,845.7990112
Wild Horse I,-120.221886,47.048695,1062.144897
Wild Horse I,-120.187386,47.029896,1010.114136
Wild Horse I,-120.175186,47.010193,918.1149902
Wild Horse I,-120.190987,47.035194,1032.884155
Wild Horse I,-120.167084,47.004795,926.9927979
Wild Horse I,-120.172089,47.007595,935.9683228
Wild Horse I,-120.187286,47.049496,982.3235474
Wild Horse I,-120.224388,47.016396,1107.383911
Wild Horse I,-120.160286,46.999893,856.9255371
Wild Horse I,-120.179085,47.033195,998.7474976
Wild Horse I,-120.187782,47.051094,968.7688599
Wild Horse I,-120.206085,47.002396,964.3143311
Wild Horse II,-120.226585,47.071293,1113.283203
Wild Horse II,-120.233284,47.056194,1101.617065
Wild Horse II,-120.221687,47.057693,1060.979492
Wild Horse II,-120.228485,47.069893,1108.820557
Wild Horse II,-120.236282,47.063694,1101.887939
Wild Horse II,-120.233589,47.047894,1072.186157
Wild Horse II,-120.235588,47.058994,1099.262573
Wild Horse II,-120.236687,47.066593,1075.016602
Wild Horse II,-120.228783,47.068394,1106.655273
Wild Horse II,-120.221786,47.056194,1053.584595
Wild Horse II,-120.222488,47.059193,1051.861328
Wild Horse II,-120.236084,47.062195,1098.576294
Wild Horse II,-120.218689,47.064594,1051.561646
Wild Horse II,-120.225388,47.072796,1116.151611
Wild Horse II,-120.218689,47.062893,1055.829102
Wild Horse II,-120.233086,47.054493,1091.257813
Wild Horse II,-120.233589,47.049294,1076.682251
Wild Horse II,-120.234787,47.051094,1076.427734
Wild Horse II,-120.232483,47.053093,1078.955444
Wild Horse II,-120.236488,47.060394,1092.192505
Wild Horse II,-120.236687,47.065094,1093.914551
Wild Horse II,-120.234489,47.057495,1104.416748
Willow Creek,-119.986389,45.646496,255.4149017
Willow Creek,-120.017784,45.655994,236.8237762
Willow Creek,-119.969688,45.653095,232.2500153
Willow Creek,-119.979485,45.654896,241.9138336
Willow Creek,-119.991287,45.665695,226.1847839
Willow Creek,-119.99939,45.649094,257.990509
Willow Creek,-119.981483,45.640919,275.5675049
Willow Creek,-120.010284,45.651295,252.5017548
Willow Creek,-120.017784,45.661095,234.5966034
Willow Creek,-119.977486,45.646595,260.6964722
Willow Creek,-119.989288,45.653095,253.1267242
Willow Creek,-120.017784,45.657795,232.6131134
Willow Creek,-119.999489,45.646793,260.0712585
Willow Creek,-119.988388,45.651592,253.6866913
Willow Creek,-119.975685,45.645294,263.6737366
Willow Creek,-119.99939,45.650696,256.1756897
Willow Creek,-119.991989,45.660294,234.8297577
Willow Creek,-120.001389,45.640896,303.2913818
Willow Creek,-120.003487,45.657795,244.4335785
Willow Creek,-119.988487,45.649895,255.1804199
Willow Creek,-119.979485,45.653294,245.8616028
Willow Creek,-119.989685,45.654694,252.4063721
Willow Creek,-119.985283,45.644993,257.6349487
Willow Creek,-119.989983,45.656395,249.3573914
Willow Creek,-119.982689,45.642094,268.1850586
Willow Creek,-120.017685,45.654495,247.5787354
Willow Creek,-119.998985,45.652596,253.110321
Willow Creek,-119.979286,45.649994,253.4912109
Willow Creek,-119.991684,45.662094,229.8473511
Willow Creek,-119.983887,45.643593,262.1856079
Willow Creek,-119.988785,45.669193,216.7719116
Willow Creek,-119.969284,45.646095,251.4444427
Willow Creek,-120.001183,45.642693,302.663147
Willow Creek,-119.97139,45.647594,247.2684631
Willow Creek,-119.991386,45.663692,226.454361
Willow Creek,-120.010384,45.648895,263.5518188
Willow Creek,-120.003288,45.659393,243.7679291
Willow Creek,-120.003586,45.655994,250.6741791
Willow Creek,-120.017883,45.652893,250.7580414
Willow Creek,-119.987289,45.648193,253.4375
Willow Creek,-119.979286,45.648193,258.8000488
Willow Creek,-119.990387,45.667194,226.2741852
Willow Creek,-119.979385,45.651592,249.8190918
Willow Creek,-119.978584,45.656693,236.3224945
Willow Creek,-119.969986,45.651295,240.0112
Willow Creek,-120.017883,45.651394,251.4879456
Willow Creek,-119.990585,45.658092,245.7049866
Willow Creek,-120.017784,45.659294,234.4641113
Willow Spring,-117.272476,44.381859,1117.196167
Willow Spring,-117.277245,44.380787,1070.437256
Willow Spring,-117.274872,44.381596,1097.997314
Willow Spring,-117.267517,44.38171,1162.552368
Willow Spring,-117.270172,44.382561,1150.947632
Wind Wall,-118.331543,35.104248,1392.404297
Wind Wall,-118.32296,35.096355,1350.702637
Wind Wall,-118.338585,35.099575,1399.936768
Wind Wall,-118.325768,35.094162,1372.999023
Wind Wall,-118.330894,35.105808,1402.704224
Wind Wall,-118.321281,35.097588,1354.673096
Wind Wall,-118.324753,35.095551,1376.964966
Wind Wall,-118.338936,35.097858,1414.950195
Wind Wall,-118.332573,35.102711,1392.612793
Wind Wall,-118.329941,35.107231,1364.949585
Wind Wall,-118.337448,35.100849,1380.869751
Wind Wall,-118.339653,35.096352,1438.629517
Wind Wall,-118.334045,35.101563,1376.223022
Windland,-118.334381,35.091591,1463.689209
Windstar,-118.37928,35.06366,1463.334961
Windstar,-118.35939,35.068596,1407.074585
Windstar,-118.376091,35.058296,1390.840454
Windstar,-118.372688,35.065659,1429.071411
Windstar,-118.36129,35.056995,1323.390747
Windstar,-118.270645,35.030964,1004.490967
Windstar,-118.27932,35.026024,1019.466248
Windstar,-118.373886,35.057995,1360.49585
Windstar,-118.28109,35.025795,1023.530029
Windstar,-118.285927,35.02512,1033.659912
Windstar,-118.379272,35.06229,1448.639404
Windstar,-118.270691,35.027496,1000.802185
Windstar,-118.293686,34.996796,974.1990967
Windstar,-118.270691,35.029194,1001.557739
Windstar,-118.376587,35.063396,1430.288208
Windstar,-118.36129,35.058495,1337.494995
Windstar,-118.304085,34.996094,992.0875244
Windstar,-118.357391,35.055096,1279.604126
Windstar,-118.377388,35.065697,1471.880127
Windstar,-118.376488,35.060295,1404.413452
Windstar,-118.281189,35.005894,980.487793
Windstar,-118.284088,35.025394,1030.284424
Windstar,-118.288284,34.999794,976.0619507
Windstar,-118.374191,35.063396,1423.325317
Windstar,-118.281387,35.004093,977.0048218
Windstar,-118.306686,34.995895,999.2944336
Windstar,-118.290588,34.997696,972.8805542
Windstar,-118.374084,35.059395,1385.00293
Windstar,-118.358688,35.058296,1310.796265
Windstar,-118.270714,35.025703,998.359375
Windstar,-118.281586,35.002193,974.5944214
Windstar,-118.356087,35.056595,1283.125854
Windstar,-118.270592,35.036194,1019.785706
Windstar,-118.379288,35.065697,1469.18042
Windstar,-118.378891,35.059494,1407.933472
Windstar,-118.277687,35.003296,973.5949097
Windstar,-118.360786,35.054497,1292.81189
Windstar,-118.366074,35.065342,1404.124023
Windstar,-118.270592,35.034496,1015.221741
Windstar,-118.270592,35.032696,1011.086304
Windstar,-118.281029,35.007767,986.0387573
Windstar,-118.358849,35.054207,1280.848389
Windstar,-118.301491,34.996296,986.2678833
Windstar,-118.298889,34.996494,979.4744263
Windstar,-118.379189,35.058193,1400.357544
Windstar,-118.360687,35.064396,1335.790894
Windstar,-118.360687,35.062897,1330.154053
Windstar,-118.272987,35.025295,1003.706787
Windstar,-118.374687,35.065796,1432.268066
Windstar,-118.356224,35.057995,1293.98999
Windstar,-118.286186,34.999893,974.4586182
Windstar,-118.276123,35.004063,973.999939
Windstar,-118.281792,35.000294,971.0827026
Windstar,-118.361389,35.061596,1335.720215
Windstar,-118.358086,35.069496,1404.33313
Windstar,-118.379288,35.060993,1428.309692
Windstar,-118.296089,34.996593,975.1854858
Windstar,-118.290489,34.999596,977.3710327
Windstar,-118.283989,35.000195,973.4280396
Windstar,-118.36055,35.059937,1324.376099
Windy Point I (Tuolomne Wind Project),-120.628906,45.76823,681.4727783
Windy Point I (Tuolomne Wind Project),-120.70089,45.745995,807.9664917
Windy Point I (Tuolomne Wind Project),-120.655884,45.763195,772.4928589
Windy Point I (Tuolomne Wind Project),-120.683983,45.759396,804.9819336
Windy Point I (Tuolomne Wind Project),-120.688683,45.757793,769.9938354
Windy Point I (Tuolomne Wind Project),-120.697983,45.747494,784.0309448
Windy Point I (Tuolomne Wind Project),-120.690384,45.753193,750.796936
Windy Point I (Tuolomne Wind Project),-120.610786,45.775394,644.5557861
Windy Point I (Tuolomne Wind Project),-120.674469,45.765545,785.6998291
Windy Point I (Tuolomne Wind Project),-120.672783,45.769592,752.4957886
Windy Point I (Tuolomne Wind Project),-120.752487,45.739395,871.7433472
Windy Point I (Tuolomne Wind Project),-120.615883,45.770596,662.1230469
Windy Point I (Tuolomne Wind Project),-120.582283,45.777992,734.2329712
Windy Point I (Tuolomne Wind Project),-120.71579,45.747192,850.1651611
Windy Point I (Tuolomne Wind Project),-120.716583,45.742794,898.168396
Windy Point I (Tuolomne Wind Project),-120.665283,45.764694,776.7950439
Windy Point I (Tuolomne Wind Project),-120.72979,45.743595,907.1558838
Windy Point I (Tuolomne Wind Project),-120.637489,45.769695,662.5484009
Windy Point I (Tuolomne Wind Project),-120.689087,45.755493,752.1196899
Windy Point I (Tuolomne Wind Project),-120.724586,45.751194,826.59375
Windy Point I (Tuolomne Wind Project),-120.743187,45.741993,895.7043457
Windy Point I (Tuolomne Wind Project),-120.618484,45.769493,661.6784668
Windy Point I (Tuolomne Wind Project),-120.653687,45.764694,749.8049927
Windy Point I (Tuolomne Wind Project),-120.696388,45.749195,769.8649292
Windy Point I (Tuolomne Wind Project),-120.685989,45.765293,780.8798828
Windy Point I (Tuolomne Wind Project),-120.665085,45.762592,787.022522
Windy Point I (Tuolomne Wind Project),-120.715683,45.749294,823.9188843
Windy Point I (Tuolomne Wind Project),-120.760185,45.740395,873.447937
Windy Point I (Tuolomne Wind Project),-120.613487,45.771694,652.6290894
Windy Point I (Tuolomne Wind Project),-120.694687,45.750893,753.6206055
Windy Point I (Tuolomne Wind Project),-120.726089,45.749393,843.3136597
Windy Point I (Tuolomne Wind Project),-120.651787,45.766293,726.5560303
Windy Point I (Tuolomne Wind Project),-120.69249,45.752193,754.7904053
Windy Point I (Tuolomne Wind Project),-120.750282,45.740795,875.7333984
Windy Point I (Tuolomne Wind Project),-120.728287,45.745495,876.9105835
Windy Point I (Tuolomne Wind Project),-120.598083,45.774693,692.7371216
Windy Point I (Tuolomne Wind Project),-120.651382,45.768295,702.59552
Windy Point I (Tuolomne Wind Project),-120.637383,45.771694,639.0447388
Windy Point I (Tuolomne Wind Project),-120.726585,45.747295,857.7250366
Windy Point I (Tuolomne Wind Project),-120.611588,45.773396,652.104248
Windy Point I (Tuolomne Wind Project),-120.740585,45.743294,889.7113647
Windy Point I (Tuolomne Wind Project),-120.662186,45.770294,709.9592285
Windy Point I (Tuolomne Wind Project),-120.760086,45.742195,865.5720215
Windy Point I (Tuolomne Wind Project),-120.676689,45.764095,790.2637329
Windy Point I (Tuolomne Wind Project),-120.623886,45.768894,668.8526001
Windy Point I (Tuolomne Wind Project),-120.716331,45.74514,868.6065674
Windy Point I (Tuolomne Wind Project),-120.597786,45.779095,672.4020386
Windy Point I (Tuolomne Wind Project),-120.730385,45.741295,947.3717041
Windy Point I (Tuolomne Wind Project),-120.705788,45.744095,853.5425415
Windy Point I (Tuolomne Wind Project),-120.603188,45.772095,716.9169312
Windy Point I (Tuolomne Wind Project),-120.638283,45.766792,711.6584473
Windy Point I (Tuolomne Wind Project),-120.662186,45.768192,744.024292
Windy Point I (Tuolomne Wind Project),-120.722984,45.741394,935.3914795
Windy Point I (Tuolomne Wind Project),-120.686485,45.762993,781.5749512
Windy Point I (Tuolomne Wind Project),-120.708588,45.743195,866.072876
Windy Point I (Tuolomne Wind Project),-120.673088,45.767395,775.3530884
Windy Point I (Tuolomne Wind Project),-120.669388,45.761295,782.3641357
Windy Point I (Tuolomne Wind Project),-120.679985,45.760895,812.9207764
Windy Point I (Tuolomne Wind Project),-120.676788,45.761993,800.1957397
Windy Point I (Tuolomne Wind Project),-120.662888,45.772594,676.3745728
Windy Point I (Tuolomne Wind Project),-120.663589,45.766293,763.9046021
Windy Point I (Tuolomne Wind Project),-120.600082,45.773094,715.5680542
Windy Point II,-120.592583,45.783894,723.1000366
Windy Point II,-120.838287,45.721294,587.4569092
Windy Point II,-120.901688,45.692196,691.618103
Windy Point II,-120.789185,45.718094,357.2922058
Windy Point II,-120.817589,45.714993,523.7213135
Windy Point II,-120.820984,45.723194,519.6871948
Windy Point II,-120.781487,45.724495,420.4233093
Windy Point II,-120.853088,45.726395,574.3282471
Windy Point II,-120.837585,45.731396,573.8236084
Windy Point II,-120.865288,45.704994,635.1727295
Windy Point II,-120.770988,45.727592,457.6587219
Windy Point II,-120.758682,45.720695,393.2878723
Windy Point II,-120.590286,45.781895,716.6132813
Windy Point II,-120.771187,45.723694,427.0557556
Windy Point II,-120.884583,45.689594,777.9968262
Windy Point II,-120.599884,45.789494,709.5124512
Windy Point II,-120.839584,45.728294,576.894043
Windy Point II,-120.824089,45.720394,534.6629028
Windy Point II,-120.761185,45.727093,446.7983704
Windy Point II,-120.901688,45.690594,717.0667114
Windy Point II,-120.770683,45.719093,369.723114
Windy Point II,-120.594284,45.785393,717.24646
Windy Point II,-120.817986,45.727093,489.62854
Windy Point II,-120.866089,45.703194,643.5531616
Windy Point II,-120.865089,45.707394,604.5110474
Windy Point II,-120.744286,45.727394,438.3668823
Windy Point II,-120.770683,45.721695,438.3054199
Windy Point II,-120.604385,45.793995,681.4985352
Windy Point II,-120.878983,45.694794,718.8770142
Windy Point II,-120.831985,45.712093,581.1635742
Windy Point II,-120.882584,45.690693,759.0613403
Windy Point II,-120.807686,45.713696,459.553833
Windy Point II,-120.901688,45.688595,737.9284058
Windy Point II,-120.882187,45.692295,758.6005859
Windy Point II,-120.770889,45.729595,470.3388062
Windy Point II,-120.843185,45.706493,618.8999634
Windy Point II,-120.761383,45.724995,438.4781189
Windy Point II,-120.78669,45.719494,391.4723816
Windy Point II,-120.815186,45.715893,515.227417
Windy Point II,-120.597885,45.788296,710.7329102
Windy Point II,-120.832886,45.710594,595.8648071
Windy Point II,-120.827187,45.727993,576.9846802
Windy Point II,-120.783989,45.720894,437.3519592
Windy Point II,-120.771286,45.725594,445.1160278
Windy Point II,-120.770386,45.715794,322.1452026
Windy Point II,-120.596085,45.786793,714.4025269
Windy Point II,-120.836388,45.722393,584.8441162
Windy Point II,-120.757286,45.716595,353.5886841
Windy Point II,-120.901787,45.693893,667.2821045
Windy Point II,-120.829689,45.713196,563.0769043
Windy Point II,-120.827187,45.714195,548.6817017
Windy Point II,-120.880089,45.693195,750.2979736
Windy Point II,-120.746185,45.723095,421.0691223
Windy Point II,-120.831787,45.725994,576.5621948
Windy Point II,-120.588585,45.780293,717.8324585
Windy Point II,-120.826187,45.731396,573.6928711
Windy Point II,-120.601585,45.790993,699.0258179
Windy Point II,-120.761086,45.722694,404.6318054
Windy Point II,-120.825989,45.718994,541.569458
Windy Point II,-120.553787,45.783195,807.1381836
Windy Point II,-120.901886,45.695793,642.7982788
Windy Point II,-120.853584,45.724495,586.1635742
Windy Point II,-120.867683,45.701694,644.4815063
Windy Point II,-120.826286,45.729694,573.552002
Windy Point II,-120.842186,45.719395,598.9869995
Windy Point II,-120.836487,45.732994,559.6282959
Windy Point II,-120.781387,45.722294,438.2203979
Windy Point II,-120.83989,45.720093,596.7850342
Windy Point II,-120.745789,45.725494,431.8566589
Windy Point II,-120.825386,45.734795,566.1824951
Windy Point II,-120.602989,45.792595,685.5131226
Windy Point II,-120.823784,45.736294,536.4528198
Windy Point II,-120.852486,45.728294,558.199646
Windy Point II,-120.743187,45.729095,453.5063477
Windy Point II,-120.840286,45.707493,602.232666
Windy Point II,-120.825684,45.733093,576.1322021
Windy Point II,-120.828789,45.726795,572.1578979
Windy Point II,-120.756989,45.718395,362.1465454
Windy Point II,-120.838585,45.729893,579.9311523
Windy Point II,-120.835487,45.734493,535.6794434
Windy Point II,-120.818985,45.724895,500.9779358
Windy Point II,-120.555984,45.782295,800.3272705
Windy Point II,-120.833389,45.722794,581.7770386
Windy Point II,-120.555885,45.780495,795.6312866
Windy Point II,-120.791687,45.716496,333.0534058
Windy Point II,-120.853287,45.703995,626.7753906
Windy Point II (Windy Flats),-120.811729,45.717255,483.2224731
Windy Point II (Windy Flats),-120.779839,45.727936,454.3858643
Windy Point II (Windy Flats),-120.819672,45.714008,524.0713501
Windy Point IIa (Windy Flats Extension),-120.871788,45.698593,665.4212646
Windy Point IIa (Windy Flats Extension),-120.850082,45.704994,620.4622803
Windy Point IIa (Windy Flats Extension),-120.876488,45.697693,679.963562
Windy Point IIa (Windy Flats Extension),-120.846588,45.705692,626.4389038
Windy Point IIa (Windy Flats Extension),-120.858788,45.702393,632.7184448
Windy Point IIa (Windy Flats Extension),-120.850388,45.720993,605.3685913
Windy Point IIa (Windy Flats Extension),-120.848785,45.710293,590.9384766
Windy Point IIa (Windy Flats Extension),-120.879189,45.702496,626.9266357
Windy Point IIa (Windy Flats Extension),-120.856186,45.703094,631.7391357
Windy Point IIa (Windy Flats Extension),-120.862885,45.708294,600.7479248
Windy Point IIa (Windy Flats Extension),-120.836983,45.708195,601.1522217
Windy Point IIa (Windy Flats Extension),-120.882088,45.701195,642.368103
Windy Point IIa (Windy Flats Extension),-120.838585,45.714794,592.899231
Windy Point IIa (Windy Flats Extension),-120.841385,45.713696,580.8219604
Windy Point IIa (Windy Flats Extension),-120.861984,45.712193,585.4678345
Windy Point IIa (Windy Flats Extension),-120.877686,45.696194,703.3599243
Windy Point IIa (Windy Flats Extension),-120.865585,45.720695,565.5567627
Windy Point IIa (Windy Flats Extension),-120.869789,45.700092,647.1881104
Windy Point IIa (Windy Flats Extension),-120.860489,45.709293,600.0948486
Windy Point IIa (Windy Flats Extension),-120.868584,45.715893,571.0461426
Windy Point IIa (Windy Flats Extension),-120.834785,45.708893,608.1348267
Windy Point IIa (Windy Flats Extension),-120.867188,45.717293,568.4260254
Windy Point IIa (Windy Flats Extension),-120.866287,45.718895,578.2131348
Windy Point IIa (Windy Flats Extension),-120.885971,45.698986,652.730835
Windy Point IIa (Windy Flats Extension),-120.875488,45.703995,608.366333
Wintec Palm,-116.559288,33.912121,234.8504028
Wintec Palm,-116.559288,33.910995,232.2828217
Wintec Palm,-116.560585,33.912495,234.5873718
Wintec Palm,-116.559288,33.913197,236.9189911
Wintec Palm,-116.559265,33.913742,238.2717133
Wintec Palm,-116.56192,33.911232,231.5003967
Wintec Palm,-116.559273,33.912373,235.2172089
Wintec Palm,-116.560585,33.912193,233.7795868
Wintec Palm,-116.55928,33.910736,231.3625031
Wintec Palm,-116.559273,33.911526,232.9059906
Wintec Palm,-116.55928,33.911808,233.6243439
Wintec Palm,-116.559258,33.912903,236.7142181
Wintec Palm,-116.559311,33.911274,232.4064484
Wintec Palm,-116.559311,33.912647,236.0540466
Wintec Palm,-116.560577,33.913021,235.5971069
Wintec Palm,-116.560585,33.912796,235.1901398
Wintec Palm,-116.560585,33.913322,236.2070923
Wintec Palm,-116.56189,33.910725,230.4435272
Wintec Palm,-116.56189,33.910995,231.164978
Wintec Palm,-116.560585,33.913609,236.852951
Wintec Palm,-116.560585,33.911896,233.2845917
Wintec Palm,-116.559288,33.913494,237.5755615
Wolverine Creek,-111.835892,43.384995,1911.633423
Wolverine Creek,-111.867989,43.389095,1887.046509
Wolverine Creek,-111.860786,43.350895,2069.331055
Wolverine Creek,-111.843987,43.363495,1978.157227
Wolverine Creek,-111.842987,43.350292,2028.729614
Wolverine Creek,-111.807991,43.439693,1767.425049
Wolverine Creek,-111.851791,43.357994,2037.406372
Wolverine Creek,-111.865089,43.336693,2125.869629
Wolverine Creek,-111.861984,43.387394,1902.826172
Wolverine Creek,-111.837891,43.401794,1848.546753
Wolverine Creek,-111.856888,43.349792,2071.08667
Wolverine Creek,-111.833885,43.379593,1914.399536
Wolverine Creek,-111.825089,43.403595,1807.813232
Wolverine Creek,-111.852989,43.364796,2009.610107
Wolverine Creek,-111.839188,43.347595,2010.970825
Wolverine Creek,-111.84639,43.374294,1948.807739
Wolverine Creek,-111.854889,43.391792,1888.777588
Wolverine Creek,-111.853691,43.379993,1932.850342
Wolverine Creek,-111.83709,43.396595,1845.770264
Wolverine Creek,-111.824387,43.444393,1787.599854
Wolverine Creek,-111.834091,43.422195,1787.638062
Wolverine Creek,-111.829689,43.377792,1879.32605
Wolverine Creek,-111.817184,43.404095,1783.998779
Wolverine Creek,-111.844391,43.371094,1955.13916
Wolverine Creek,-111.815285,43.440193,1776.502808
Wolverine Creek,-111.847786,43.364494,1991.638184
Wolverine Creek,-111.85759,43.369793,2013.753662
Wolverine Creek,-111.85479,43.348793,2069.851807
Wolverine Creek,-111.819389,43.441093,1787.008667
Wolverine Creek,-111.868286,43.338196,2130.821777
Wolverine Creek,-111.838486,43.390095,1891.052002
Wolverine Creek,-111.859787,43.361492,2018.019165
Wolverine Creek,-111.836487,43.388096,1894.170044
Wolverine Creek,-111.862686,43.334694,2140.31958
Wolverine Creek,-111.86129,43.353695,2058.574219
Wolverine Creek,-111.857491,43.360394,2028.101807
Wolverine Creek,-111.840187,43.369793,1944.653442
Wolverine Creek,-111.827591,43.419792,1769.59436
Wolverine Creek,-111.841087,43.403893,1840.487915
Wolverine Creek,-111.857491,43.385994,1905.614258
Wolverine Creek,-111.81089,43.439896,1767.106323
Wolverine Creek,-111.83889,43.422493,1820.013794
Wolverine Creek,-111.838585,43.414993,1793.561279
Wray School District,-102.223289,40.050995,1165.12085
Yahoo Creek,-115.006485,42.758293,1073.821777
Yahoo Creek,-114.986389,42.761795,1080.053833
Yahoo Creek,-115.006584,42.759995,1073.893677
Yahoo Creek,-115.006584,42.754795,1060.697998
Yahoo Creek,-115.006584,42.766895,1057.079224
Yahoo Creek,-114.986389,42.764996,1073.615601
Yahoo Creek,-114.991486,42.769695,1073.493042
Yahoo Creek,-114.986389,42.766594,1071.277344
Yahoo Creek,-115.006584,42.765194,1061.105591
Yahoo Creek,-115.006485,42.756596,1073.87561
Yahoo Creek,-115.006584,42.761696,1068.868042
Yahoo Creek,-114.986389,42.763393,1076.585571
Yahoo Creek,-114.990189,42.771496,1069.908813
Yahoo Creek,-115.006584,42.763493,1064.062866
unknown Albany County,-106.063927,41.5877,2247.389893
unknown Albany County,-106.016464,41.555691,2254.603027
unknown Albany County,-106.068596,41.546452,2338.938965
unknown Albany County,-106.036667,41.58614,2234.6521
unknown Albany County,-106.062401,41.550301,2322.307129
unknown Albany County,-106.034157,41.575558,2253.433594
unknown Albany County,-106.067131,41.554123,2305.405518
unknown Albany County,-106.031082,41.59885,2219.993652
unknown Albany County,-106.04937,41.59803,2237.812988
unknown Albany County,-106.009834,41.562946,2227.398438
unknown Albany County,-106.038757,41.566586,2283.822266
unknown Albany County,-106.0373,41.606739,2218.994385
unknown Albany County,-106.05706,41.575645,2274.494385
unknown Albany County,-106.019524,41.551094,2265.865723
unknown Albany County,-106.05497,41.593071,2259.058594
unknown Albany County,-106.055038,41.57188,2270.647217
unknown Albany County,-106.067169,41.536846,2354.655029
unknown Albany County,-106.031311,41.61071,2216.736572
unknown Albany County,-106.035049,41.557713,2255.099365
unknown Albany County,-106.064079,41.541557,2347.717041
unknown Albany County,-106.037811,41.579777,2243.332031
unknown Albany County,-106.020996,41.545673,2309.773926
unknown Albany County,-106.0308,41.594608,2224.230713
unknown Albany County,-106.01973,41.559952,2238.4375
unknown Albany County,-106.035027,41.571083,2276.424561
unknown Albany County,-106.032578,41.553852,2260.035889
unknown Carbon County,-106.328735,41.915947,2056.41626
unknown Carbon County,-106.291626,41.913994,2019.366943
unknown Carbon County,-106.328712,41.923618,2053.030762
unknown Carbon County,-106.341705,41.923336,2045.049683
unknown Carbon County,-106.250381,41.917053,1998.591064
unknown Carbon County,-106.209488,41.611423,2428.732666
unknown Carbon County,-106.090012,41.593525,2276.541992
unknown Carbon County,-106.355293,41.963017,2039.264771
unknown Carbon County,-106.205193,41.618633,2415.227295
unknown Carbon County,-106.089043,41.58865,2269.28125
unknown Carbon County,-106.10154,41.605522,2255.021484
unknown Carbon County,-106.253632,41.919395,1998.08606
unknown Carbon County,-106.341125,41.919991,2046.308472
unknown Carbon County,-106.201988,41.632412,2394.72876
unknown Carbon County,-106.092789,41.584869,2275.712891
unknown Carbon County,-106.074249,41.557758,2305.031738
unknown Carbon County,-106.201286,41.636032,2389.844727
unknown Carbon County,-106.328705,41.919952,2055.299072
unknown Carbon County,-106.084427,41.59782,2275.176025
unknown Carbon County,-106.074219,41.591839,2254.104004
unknown Carbon County,-106.207588,41.615055,2421.927002
unknown Carbon County,-106.196388,41.645935,2374.205078
unknown Carbon County,-106.278893,41.941605,2008.706665
unknown Carbon County,-106.342445,41.926941,2044.72168
unknown Carbon County,-106.202187,41.628925,2399.621582
unknown Carbon County,-106.241333,41.916374,1999.10083
unknown Carbon County,-106.188988,41.655334,2360.044678
unknown Carbon County,-106.200188,41.639462,2384.371582
unknown Carbon County,-106.194893,41.649635,2369.712158
unknown Carbon County,-106.202492,41.625603,2404.248535
unknown Carbon County,-106.20269,41.622154,2409.22876
unknown Carbon County,-106.19799,41.642895,2379.358398
unknown Chaves County,-103.803337,33.11697,1345.652344
unknown Clark County,-114.836189,35.955196,693.7754517
unknown Coconino County,-110.827492,34.701584,1843.125977
unknown Coconino County,-110.831558,34.703583,1845.833618
unknown Coconino County,-110.822662,34.700054,1841.661621
unknown Coconino County,-110.773827,34.662384,1875.471802
unknown Coconino County,-110.818558,34.697819,1840.824341
unknown Converse County,-105.580284,43.132942,1598.257935
unknown Converse County,-105.690453,43.083527,1713.295288
unknown Converse County,-105.715477,43.12326,1705.293823
unknown Converse County,-105.736298,43.108147,1712.215454
unknown Converse County,-105.58239,43.107529,1647.037109
unknown Converse County,-105.564407,43.147068,1583.108154
unknown Converse County,-105.509277,43.109592,1624.059326
unknown Converse County,-105.445381,43.137505,1596.434937
unknown Converse County,-105.511673,43.10244,1626.817627
unknown Converse County,-105.759315,43.088455,1769.290039
unknown Converse County,-105.51123,43.105961,1625.980957
unknown Converse County,-105.704201,43.12421,1696.486938
unknown Converse County,-105.659561,43.126575,1681.636597
unknown Converse County,-105.591125,43.09045,1666.33313
unknown Converse County,-105.68264,43.09005,1703.293091
unknown Converse County,-105.755447,43.105713,1719.019287
unknown Converse County,-105.736122,43.077602,1774.749878
unknown Converse County,-105.580185,43.139107,1597.080566
unknown Converse County,-105.646606,43.105724,1662.281982
unknown Converse County,-105.456322,43.132771,1606.706665
unknown Converse County,-105.700508,43.109516,1709.924438
unknown Converse County,-105.369408,43.136841,1559.941895
unknown Converse County,-105.693832,43.135872,1685.833984
unknown Converse County,-105.444313,43.142551,1562.998657
unknown Converse County,-105.510468,43.098701,1632.117065
unknown Converse County,-105.517906,43.116623,1642.853027
unknown Converse County,-105.510124,43.095131,1642.063232
unknown Converse County,-105.633041,43.124878,1653.116821
unknown Converse County,-105.649536,43.113491,1659.285889
unknown Converse County,-105.685989,43.079887,1708.881592
unknown Converse County,-105.736458,43.096397,1718.147583
unknown Converse County,-105.729492,43.093327,1741.795044
unknown Converse County,-105.598198,43.135738,1603.665771
unknown Converse County,-105.527321,43.096638,1661.868042
unknown Converse County,-105.638779,43.115276,1646.186646
unknown Converse County,-105.501793,43.113274,1631.167236
unknown Converse County,-105.765518,43.09948,1731.989258
unknown Converse County,-105.721413,43.125656,1697.577148
unknown Converse County,-105.709808,43.112438,1718.358398
unknown Converse County,-105.434013,43.112785,1595.063721
unknown Converse County,-105.749939,43.065739,1748.055298
unknown Converse County,-105.763168,43.082806,1786.955566
unknown Converse County,-105.57457,43.161823,1597.305664
unknown Converse County,-105.500053,43.092953,1641.165161
unknown Converse County,-105.576508,43.072666,1678.48291
unknown Converse County,-105.730789,43.105209,1733.082153
unknown Converse County,-105.742218,43.082115,1775.666016
unknown Converse County,-105.368202,43.107868,1534.01062
unknown Converse County,-105.625206,43.090767,1666.689697
unknown Converse County,-105.446648,43.132202,1580.379028
unknown Converse County,-105.588829,43.152683,1595.321655
unknown Converse County,-105.779182,43.086617,1782.660156
unknown Converse County,-105.682381,43.075237,1714.817505
unknown Converse County,-105.684143,43.135902,1665.879517
unknown Converse County,-105.571297,43.138012,1609.887451
unknown Converse County,-105.695457,43.131489,1680.080566
unknown Converse County,-105.736519,43.123234,1667.013184
unknown Converse County,-105.693512,43.107685,1700.781616
unknown Converse County,-105.768089,43.071518,1775.663208
unknown Converse County,-105.728462,43.11499,1711.33374
unknown Converse County,-105.364784,43.1045,1525.548584
unknown Converse County,-105.632828,43.107269,1634.687378
unknown Converse County,-105.478386,43.102985,1641.800171
unknown Converse County,-105.735748,43.060143,1720.082397
unknown Converse County,-105.766327,43.094376,1781.896729
unknown Converse County,-105.657089,43.089169,1672.097412
unknown Converse County,-105.769516,43.089214,1788.878418
unknown Converse County,-105.667656,43.070049,1708.478638
unknown Converse County,-105.687164,43.09436,1699.803223
unknown Converse County,-105.578537,43.143726,1592.358643
unknown Converse County,-105.571465,43.112129,1650.218384
unknown Converse County,-105.420006,43.111641,1574.936523
unknown Converse County,-105.789009,43.092583,1778.399902
unknown Converse County,-105.742691,43.064552,1748.397949
unknown Converse County,-105.42128,43.117462,1634.319946
unknown Converse County,-105.727547,43.082825,1762.324829
unknown Converse County,-105.718216,43.117363,1725.744995
unknown Converse County,-105.679298,43.085575,1702.946655
unknown Converse County,-105.729149,43.086727,1752.432495
unknown Converse County,-105.587418,43.125519,1603.920288
unknown Converse County,-105.655663,43.121799,1681.591431
unknown Converse County,-105.440819,43.099808,1593.559448
unknown Converse County,-105.741081,43.069248,1762.991089
unknown Converse County,-105.598984,43.139198,1621.341553
unknown Converse County,-105.432175,43.10593,1576.970459
unknown Converse County,-105.628662,43.086533,1673.633057
unknown Converse County,-105.755409,43.100143,1724.799194
unknown Converse County,-105.778847,43.096294,1747.913452
unknown Converse County,-105.577751,43.116383,1646.262573
unknown Converse County,-105.626335,43.094273,1683.963501
unknown Converse County,-105.600815,43.156311,1604.40271
unknown Converse County,-105.387497,43.120163,1561.14978
unknown Converse County,-105.65007,43.126637,1681.922607
unknown Converse County,-105.566383,43.15527,1568.039551
unknown Converse County,-105.73085,43.121738,1693.744263
unknown Converse County,-105.669899,43.087543,1699.951782
unknown Converse County,-105.424957,43.103722,1569.114014
unknown Converse County,-105.380104,43.020889,1574.056519
unknown Converse County,-105.644699,43.109943,1655.321289
unknown Converse County,-105.502159,43.089241,1634.133789
unknown Converse County,-105.620323,43.098415,1684.979614
unknown Converse County,-105.37368,43.113686,1547.670288
unknown Converse County,-105.641212,43.103138,1659.278809
unknown Converse County,-105.613319,43.154877,1605.906372
unknown Converse County,-105.635635,43.111446,1634.865601
unknown Converse County,-105.582932,43.122566,1623.329346
unknown Converse County,-105.522926,43.119099,1640.593872
unknown Converse County,-105.409668,43.113308,1561.539917
unknown Converse County,-105.580025,43.119484,1634.017944
unknown Converse County,-105.757919,43.074821,1764.539917
unknown Converse County,-105.738266,43.086777,1767.952148
unknown Converse County,-105.613693,43.149632,1637.717285
unknown Converse County,-105.74585,43.059795,1749.952271
unknown Converse County,-105.776802,43.083622,1792.322876
unknown Converse County,-105.686348,43.105759,1695.072388
unknown Converse County,-105.433128,43.128017,1573.108765
unknown Converse County,-105.5774,43.157074,1570.922119
unknown Converse County,-105.582611,43.099495,1659.006348
unknown Converse County,-105.631981,43.103039,1646.977783
unknown Converse County,-105.64653,43.119347,1672.738892
unknown Converse County,-105.564087,43.15131,1576.835327
unknown Converse County,-105.444008,43.103203,1597.954224
unknown Converse County,-105.755409,43.079994,1789.199219
unknown Converse County,-105.563004,43.13052,1629.70813
unknown Converse County,-105.68277,43.147255,1678.71875
unknown Converse County,-105.581749,43.104008,1654.263672
unknown Converse County,-105.688881,43.141663,1696.366333
unknown Converse County,-105.575325,43.130402,1622.529053
unknown Converse County,-105.600296,43.152687,1610.7948
unknown Converse County,-105.566414,43.135216,1605.637573
unknown Converse County,-105.768379,43.077976,1810.671875
unknown Custer County,-105.936852,46.815998,973.0612183
unknown Custer County,-106.104973,46.751209,941.1356812
unknown El Paso County,-106.40567,31.788097,1194.397827
unknown El Paso County,-106.405434,31.788124,1194.206543
unknown Gilliam County,-120.245819,45.668049,375.072052
unknown Hidalgo County,-108.745224,32.349045,1311.149292
unknown Kern County,-118.317642,35.064556,1273.68689
unknown Kern County,-118.296982,35.043163,1117.374023
unknown Kern County,-118.345139,35.063183,1328.193848
unknown Kern County,-118.317657,35.064934,1275.024292
unknown Kern County,-118.297592,35.042427,1114.057007
unknown Kern County,-118.291786,35.056793,1216.737305
unknown Kern County,-118.289238,35.063995,1280.153564
unknown Kern County,-118.357056,35.089237,1508.080322
unknown Kern County,-118.410088,35.704796,840.3718872
unknown Kern County,-118.317558,35.064186,1270.605469
unknown Kern County,-118.315186,35.066345,1296.14978
unknown Kern County,-118.281769,35.059193,1158.945068
unknown Kern County,-118.297867,35.04203,1112.994751
unknown Kern County,-118.34082,35.094418,1456.785767
unknown Kern County,-118.303879,35.060001,1243.604492
unknown Kern County,-118.275948,35.061039,1181.695313
unknown Kern County,-118.356422,35.090736,1476.244507
unknown Kern County,-118.356224,35.093552,1402.961426
unknown Kern County,-118.316917,35.063213,1259.118774
unknown Kern County,-118.31749,35.063766,1268.019531
unknown Kern County,-118.297272,35.042778,1115.366211
unknown Kit Carson County,-102.883987,39.173088,1461.77002
unknown Kit Carson County,-102.891403,39.143932,1474.448242
unknown Kit Carson County,-102.895752,39.15847,1469.578003
unknown Kit Carson County,-102.885269,39.146561,1474.302856
unknown Kit Carson County,-102.263847,39.07095,1278.759766
unknown Kit Carson County,-102.88797,39.160492,1461.644287
unknown Lander County,-117.268288,39.431965,1764.879395
unknown Lincoln County,-105.411293,34.075577,1855.662476
unknown Lincoln County,-105.458862,33.86401,1867.781494
unknown Lincoln County,-105.43795,34.2402,1890.729248
unknown Lincoln County,-105.58667,34.223984,2132.649902
unknown Lincoln County,-105.644539,34.162033,2018.87439
unknown Lincoln County,-105.481224,33.987827,1891.334595
unknown Lincoln County,-105.459099,33.870758,1866.717773
unknown Lincoln County,-105.451759,33.83099,1886.825928
unknown Lincoln County,-105.414627,33.839516,1850.710815
unknown Lincoln County,-105.408897,34.044449,1824.509888
unknown Lincoln County,-105.439774,34.248665,1904.78125
unknown Lincoln County,-105.444283,33.967323,1875.901611
unknown Lincoln County,-105.433128,34.002445,1912.26062
unknown Lincoln County,-105.41629,34.032787,1819.220581
unknown Lincoln County,-105.528458,33.888161,1929.678711
unknown Lincoln County,-105.515099,34.182003,1959.227539
unknown Lincoln County,-105.418587,33.960312,1844.048828
unknown Lincoln County,-105.571899,34.053333,1973.851318
unknown Lincoln County,-105.37944,33.885773,1812.979126
unknown Lincoln County,-105.548492,34.213535,1995.369873
unknown Lincoln County,-105.445038,33.961086,1857.545532
unknown Lincoln County,-105.459717,33.85799,1873.834351
unknown Lincoln County,-105.436317,33.84515,1865.808838
unknown Lincoln County,-105.399338,33.859264,1813.968872
unknown Lincoln County,-105.520462,33.878746,1921.643433
unknown Lincoln County,-105.553719,33.952385,1903.275513
unknown Lincoln County,-105.392998,34.061272,1830.645996
unknown Lincoln County,-105.529831,33.937229,1897.009888
unknown Lincoln County,-105.422813,34.082863,1868.747314
unknown Lincoln County,-105.412949,33.970081,1851.774414
unknown Lincoln County,-105.598999,34.202114,2132.059082
unknown Lincoln County,-105.463013,33.846706,1891.731445
unknown Lincoln County,-105.450478,34.068314,1876.040161
unknown Lincoln County,-105.496582,33.912926,1889.355957
unknown Lincoln County,-105.632523,34.114052,2038.331299
unknown Lincoln County,-105.398514,33.846863,1820.272705
unknown Lincoln County,-105.55574,33.919357,1937.350342
unknown Lincoln County,-105.442612,33.869862,1867.305908
unknown Lincoln County,-105.412529,34.080372,1857.882568
unknown Lincoln County,-105.552727,33.923119,1927.078735
unknown Lincoln County,-105.600143,34.196087,2120.348877
unknown Lincoln County,-105.530067,34.000477,1904.390015
unknown Lincoln County,-105.39856,33.959625,1846.853027
unknown Lincoln County,-105.514297,34.000187,1898.238647
unknown Lincoln County,-105.630417,34.107098,2027.285889
unknown Lincoln County,-105.466522,34.180027,2003.545532
unknown Lincoln County,-105.448761,34.00407,1908.883179
unknown Lincoln County,-105.529259,34.043873,1925.771973
unknown Lincoln County,-105.54982,34.193733,2089.957764
unknown Lincoln County,-105.566368,34.192673,2121.027344
unknown Lincoln County,-105.453964,34.218967,2000.813477
unknown Lincoln County,-105.397568,34.100464,1857.189819
unknown Lincoln County,-105.6763,34.0163,2022.134644
unknown Lincoln County,-105.551758,33.938328,1912.417603
unknown Lincoln County,-105.451279,34.045811,1829.887573
unknown Lincoln County,-105.51078,34.016724,1918.762451
unknown Lincoln County,-105.521927,33.976601,1885.624634
unknown Lincoln County,-105.494392,34.044388,1863.657959
unknown Lincoln County,-105.559151,34.238369,2119.269531
unknown Lincoln County,-105.561081,34.207428,2101.20874
unknown Lincoln County,-105.598518,34.207256,2138.652344
unknown Lincoln County,-105.404388,34.01104,1829.934814
unknown Lincoln County,-105.62455,34.190769,2019.874878
unknown Lincoln County,-105.484802,34.236473,2052.541016
unknown Lincoln County,-105.502319,33.975918,1885.85144
unknown Lincoln County,-105.551117,33.945839,1914.91626
unknown Lincoln County,-105.448479,33.900818,1856.260498
unknown Lincoln County,-105.540298,33.988453,1915.423218
unknown Lincoln County,-105.434059,33.95594,1859.089966
unknown Lincoln County,-105.532814,34.216721,2091.715332
unknown Lincoln County,-105.635223,34.130314,2050.484375
unknown Lincoln County,-105.596603,34.212086,2131.702148
unknown Lincoln County,-105.428909,33.87376,1844.353882
unknown Lincoln County,-105.663307,34.039055,2025.850464
unknown Lincoln County,-105.536194,33.979111,1900.859985
unknown Lincoln County,-105.526024,33.988842,1910.10437
unknown Lincoln County,-105.390213,33.990517,1838.272217
unknown Lincoln County,-105.47197,33.86433,1887.093506
unknown Lincoln County,-105.55999,34.202744,2110.764648
unknown Lincoln County,-105.598358,34.161072,2095.476318
unknown Lincoln County,-105.429688,34.061569,1864.154053
unknown Lincoln County,-105.481842,33.851963,1901.245117
unknown Lincoln County,-105.441238,34.005417,1921.925293
unknown Lincoln County,-105.43959,34.036297,1825.353149
unknown Lincoln County,-105.374229,34.000469,1821.831787
unknown Lincoln County,-105.601563,34.029133,1981.846069
unknown Lincoln County,-105.549637,33.893429,1935.365845
unknown Lincoln County,-105.3927,34.000145,1866.180054
unknown Lincoln County,-105.467224,34.068562,1869.064209
unknown Lincoln County,-105.467979,33.980984,1881.422607
unknown Lincoln County,-105.567917,33.947098,1920.51709
unknown Lincoln County,-105.494377,33.887394,1897.511841
unknown Lincoln County,-105.519508,33.98032,1895.595825
unknown Lincoln County,-105.566277,34.005264,1932.356323
unknown Lincoln County,-105.487953,33.880848,1895.501099
unknown Lincoln County,-105.392349,33.840401,1814.842896
unknown Lincoln County,-105.505989,33.871105,1882.611328
unknown Lincoln County,-105.52282,33.868336,1926.141968
unknown Lincoln County,-105.426483,33.978905,1887.873657
unknown Lincoln County,-105.477562,33.978722,1880.655273
unknown Lincoln County,-105.413177,33.985874,1862.177612
unknown Lincoln County,-105.433388,33.886089,1868.886597
unknown Lincoln County,-105.388878,33.953995,1843.483765
unknown Lincoln County,-105.452797,34.179489,1982.408691
unknown Lincoln County,-105.502098,33.880894,1905.878174
unknown Lincoln County,-105.519188,34.004597,1903.63147
unknown Lincoln County,-105.5429,34.218437,2108.288574
unknown Lincoln County,-105.593788,34.218189,2130.306152
unknown Lincoln County,-105.497627,33.898888,1893.457153
unknown Lincoln County,-105.470848,34.00346,1895.113037
unknown Lincoln County,-105.442268,33.985237,1869.42395
unknown Lincoln County,-105.620132,34.126335,2058.283203
unknown Lincoln County,-105.597588,34.166672,2113.866211
unknown Lincoln County,-105.527199,33.923939,1899.57605
unknown Lincoln County,-105.395714,34.117443,1852.060547
unknown Lincoln County,-105.521378,34.009453,1905.671021
unknown Lincoln County,-105.399704,33.866768,1822.512573
unknown Lincoln County,-105.391403,33.985619,1839.900635
unknown Lincoln County,-105.526558,34.228077,2116.858643
unknown Lincoln County,-105.529518,33.917091,1902.988525
unknown Lincoln County,-105.403412,34.065697,1839.022339
unknown Lincoln County,-105.390198,34.082043,1835.925659
unknown Lincoln County,-105.522652,33.993797,1895.546753
unknown Lincoln County,-105.629723,34.033405,2015.850342
unknown Lincoln County,-105.398651,33.83057,1840.005615
unknown Lincoln County,-105.499451,34.002014,1898.683838
unknown Lincoln County,-105.500313,33.992245,1891.319092
unknown Lincoln County,-105.38353,33.833008,1831.778809
unknown Lincoln County,-105.4067,34.062237,1836.693359
unknown Lincoln County,-105.511978,33.891853,1910.313477
unknown Lincoln County,-105.53299,34.00436,1915.928345
unknown Lincoln County,-105.515373,34.197769,2044.257568
unknown Lincoln County,-105.474129,34.051708,1849.802002
unknown Lincoln County,-105.394112,34.066662,1822.962891
unknown Lincoln County,-105.616463,34.134785,2050.672119
unknown Lincoln County,-105.4991,33.862484,1884.02063
unknown Lincoln County,-105.477882,33.967674,1858.299194
unknown Lincoln County,-105.513687,34.224674,2096.016602
unknown Lincoln County,-105.552361,33.973942,1887.777832
unknown Lincoln County,-105.495468,33.846905,1919.610107
unknown Lincoln County,-105.428078,34.032982,1843.133423
unknown Lincoln County,-105.511139,33.996365,1896.845581
unknown Lincoln County,-105.536911,33.885864,1940.706787
unknown Lincoln County,-105.416054,34.065807,1853.281128
unknown Lincoln County,-105.446419,33.879612,1866.092773
unknown Lincoln County,-105.446793,34.075161,1887.049927
unknown Lincoln County,-105.5214,34.218876,2089.038818
unknown Lincoln County,-105.504578,33.988617,1900.707397
unknown Lincoln County,-105.431267,34.244934,1904.173584
unknown Lincoln County,-105.491859,33.979603,1894.40686
unknown Lincoln County,-105.547791,34.222885,2110.094727
unknown Lincoln County,-105.443649,34.009785,1899.920532
unknown Lincoln County,-105.483368,34.222397,2040.351196
unknown Lincoln County,-105.39296,34.007626,1827.391357
unknown Lincoln County,-105.446449,33.875572,1854.315674
unknown Lincoln County,-105.40834,34.038036,1824.894531
unknown Lincoln County,-105.456543,34.233593,1914.537598
unknown Lincoln County,-105.637238,34.084534,2035.156006
unknown Lincoln County,-105.566917,34.197716,2123.337402
unknown Lincoln County,-105.444717,33.973686,1866.135986
unknown Lincoln County,-105.601448,34.072926,2015.429688
unknown Lincoln County,-105.456909,34.080502,1898.037231
unknown Lincoln County,-105.48037,33.841061,1906.959106
unknown Lincoln County,-105.398048,33.993744,1854.621948
unknown Lincoln County,-105.402489,34.017643,1807.509155
unknown Lincoln County,-105.592232,34.175949,2123.866943
unknown Lincoln County,-105.402092,33.951595,1845.298828
unknown Lincoln County,-105.442329,34.062176,1864.833374
unknown Lincoln County,-105.50518,34.232559,2085.41748
unknown Lincoln County,-105.439529,34.04369,1835.923218
unknown Lincoln County,-105.484459,33.972111,1877.223389
unknown Lincoln County,-105.622978,34.162518,2022.210571
unknown Lincoln County,-105.407478,33.835575,1844.843262
unknown Lincoln County,-105.43998,34.024788,1863.380005
unknown Lincoln County,-105.382721,33.876499,1817.898071
unknown Lincoln County,-105.566299,33.915863,1954.766968
unknown Lincoln County,-105.60685,34.127701,2070.116699
unknown Lincoln County,-105.490189,33.877495,1896.325806
unknown Lincoln County,-105.464127,33.840336,1888.522217
unknown Lincoln County,-105.564362,33.965122,1894.761963
unknown Lincoln County,-105.434013,34.255444,1908.389038
unknown Lincoln County,-105.511848,34.021412,1912.076416
unknown Lincoln County,-105.496101,33.866505,1880.891846
unknown Lincoln County,-105.494812,33.965935,1862.524536
unknown Lincoln County,-105.490173,34.203724,2031.487671
unknown Lincoln County,-105.432213,34.074047,1869.697998
unknown Lincoln County,-105.540199,33.983765,1906.104492
unknown Lincoln County,-105.599777,34.145401,2093.377441
unknown Lincoln County,-105.485832,33.884712,1889.557739
unknown Lincoln County,-105.463539,34.053963,1843.830933
unknown Lincoln County,-105.567108,34.183956,2116.328857
unknown Lincoln County,-105.583519,34.19157,2130.706299
unknown Lincoln County,-105.613823,34.059643,2023.859009
unknown Lincoln County,-105.41021,34.084969,1852.80188
unknown Lincoln County,-105.39843,34.108856,1880.92981
unknown Lincoln County,-105.4282,33.970085,1871.591675
unknown Lincoln County,-105.519524,33.885929,1923.539795
unknown Lincoln County,-105.547958,33.91552,1924.250244
unknown Lincoln County,-105.424049,33.989998,1881.560791
unknown Lincoln County,-105.423851,34.006302,1869.740479
unknown Lincoln County,-105.519943,33.952393,1877.976807
unknown Lincoln County,-105.392349,34.12093,1848.400513
unknown Lincoln County,-105.583878,34.199436,2128.32251
unknown Lincoln County,-105.516098,33.88221,1913.525879
unknown Lincoln County,-105.550117,34.006237,1930.385864
unknown Lincoln County,-105.582588,34.115391,2024.944458
unknown Lincoln County,-105.60952,34.116043,2049.578369
unknown Lincoln County,-105.437271,33.996906,1897.920532
unknown Lincoln County,-105.506081,34.175739,1934.609497
unknown Lincoln County,-105.488792,33.961353,1851.826904
unknown Lincoln County,-105.523369,33.931133,1883.520142
unknown Lincoln County,-105.396957,34.225636,1857.269775
unknown Lincoln County,-105.611877,34.108555,2030.537354
unknown Lincoln County,-105.590981,34.204411,2133.782227
unknown Lincoln County,-105.422768,34.076992,1867.315796
unknown Lincoln County,-105.471764,33.84388,1906.688477
unknown Lincoln County,-105.592567,34.189175,2113.505127
unknown Lincoln County,-105.480614,34.055824,1863.064087
unknown Lincoln County,-105.423714,34.013943,1866.459839
unknown Lincoln County,-105.503487,33.982372,1896.697754
unknown Lincoln County,-105.549393,34.103161,1967.238281
unknown Lincoln County,-105.447449,33.884602,1864.690063
unknown Lincoln County,-105.479713,33.858471,1896.449707
unknown Lincoln County,-105.519348,33.865059,1905.493408
unknown Lincoln County,-105.441818,33.827038,1878.656372
unknown Lincoln County,-105.421188,34.088505,1859.324097
unknown Lincoln County,-105.48819,33.9758,1884.117188
unknown Lincoln County,-105.459137,33.973431,1885.863892
unknown Lincoln County,-105.627274,34.062733,2015
unknown Lincoln County,-105.44751,33.860706,1856.459595
unknown Lincoln County,-105.586189,34.18037,2120.039063
unknown Lincoln County,-105.555351,33.909023,1937.287109
unknown Lincoln County,-105.547821,33.992149,1915.329346
unknown Lincoln County,-105.462852,33.97728,1886.950195
unknown Lincoln County,-105.400047,34.216576,1870.258179
unknown Lincoln County,-105.416641,33.892147,1856.988037
unknown Lincoln County,-105.397034,34.003437,1856.476807
unknown Lincoln County,-105.388901,33.995972,1853.6521
unknown Lincoln County,-105.475273,34.006214,1897.687866
unknown Lincoln County,-105.54287,33.957478,1889.204956
unknown Lincoln County,-105.51178,33.876644,1914.782227
unknown Lincoln County,-105.497879,33.972069,1870.914917
unknown Lincoln County,-105.473114,34.044369,1847.629883
unknown Lincoln County,-105.430618,34.009537,1884.235229
unknown Lincoln County,-105.408577,33.989311,1858.148926
unknown Lincoln County,-105.431122,33.962498,1861.001099
unknown Lincoln County,-105.415619,34.099583,1863.317871
unknown Lincoln County,-105.464279,33.85186,1892.946411
unknown Lincoln County,-105.494598,33.986275,1888.697876
unknown Lincoln County,-105.563324,33.958763,1905.262085
unknown Lincoln County,-105.446449,33.889332,1847.57312
unknown Lincoln County,-105.431679,33.879059,1849.484375
unknown Lincoln County,-105.501717,33.841358,1925.385254
unknown Lincoln County,-105.486168,33.894081,1883.753296
unknown Lincoln County,-105.528954,34.067825,1915.055054
unknown Lincoln County,-105.553947,33.978939,1905.554565
unknown Lincoln County,-105.375732,34.009827,1804.886353
unknown Lincoln County,-105.374451,33.828419,1830.505859
unknown Lincoln County,-105.601089,34.155888,2105.521729
unknown Lincoln County,-105.552979,34.198948,2102.368408
unknown Lincoln County,-105.426735,34.23391,1880.097656
unknown Lincoln County,-105.582787,34.219696,2121.378174
unknown Lincoln County,-105.441719,33.835255,1873.695679
unknown Lincoln County,-105.612328,34.054665,2028.559692
unknown Lincoln County,-105.557411,33.900303,1939.399658
unknown Lincoln County,-105.401733,33.975365,1851.29834
unknown Lincoln County,-105.580643,34.194908,2124.034912
unknown Lincoln County,-105.522972,34.245667,1979.17981
unknown Lincoln County,-105.588638,34.080883,1966.689575
unknown Lincoln County,-105.532867,33.995262,1905.643188
unknown Meagher County,-110.343636,46.432053,1796.432739
unknown Meagher County,-110.366028,46.429207,1817.490845
unknown Meagher County,-110.361359,46.41386,1758.408203
unknown Morrow County,-119.417976,45.473164,764.6146851
unknown Morrow County,-119.413124,45.461075,785.3267822
unknown Morrow County,-119.401398,45.459347,808.8699341
unknown Morrow County,-119.395142,45.452366,831.0831909
unknown Morrow County,-119.288704,45.44978,913.3635864
unknown Morrow County,-119.250458,45.461033,915.8040771
unknown Morrow County,-119.468803,45.503284,720.7904663
unknown Morrow County,-119.38044,45.43782,890.8026733
unknown Morrow County,-119.25795,45.465893,907.5015869
unknown Morrow County,-119.373726,45.43108,917.6572266
unknown Morrow County,-119.288696,45.45372,912.8649902
unknown Morrow County,-119.429459,45.485592,945.3044434
unknown Morrow County,-119.414223,45.464596,792.0441284
unknown Morrow County,-119.446693,45.485584,871.8502808
unknown Morrow County,-119.421059,45.481701,857.8393555
unknown Morrow County,-119.472336,45.455193,746.2651978
unknown Morrow County,-119.469322,45.450298,792.9157715
unknown Morrow County,-119.465599,45.499638,753.6495972
unknown Morrow County,-119.395988,45.456345,824.7680664
unknown Morrow County,-119.378586,45.434509,886.703125
unknown Morrow County,-119.39241,45.445518,849.6638794
unknown Morrow County,-119.465668,45.447178,804.2301025
unknown Morrow County,-119.446838,45.449497,792.9451294
unknown Morrow County,-119.254898,45.464821,913.4602661
unknown Morrow County,-119.483284,45.502041,718.5020142
unknown Morrow County,-119.29097,45.445232,927.835083
unknown Morrow County,-119.439682,45.442951,822.4874268
unknown Morrow County,-119.27002,45.448334,950.4481812
unknown Morrow County,-119.305885,45.435898,928.8106689
unknown Morrow County,-119.394272,45.448738,846.2200317
unknown Morrow County,-119.266838,45.445591,950.1364746
unknown Morrow County,-119.41655,45.477703,778.1803589
unknown Morrow County,-119.443184,45.446449,811.8208618
unknown Morrow County,-119.464432,45.489491,789.947876
unknown Morrow County,-119.394409,45.473198,757.9993896
unknown Morrow County,-119.288513,45.459682,886.90802
unknown Morrow County,-119.449333,45.489021,846.3582153
unknown Morrow County,-119.464592,45.442795,820.3414917
unknown Morrow County,-119.468719,45.492123,770.8552856
unknown Morrow County,-119.256927,45.475346,831.8484497
unknown Morrow County,-119.260147,45.470329,869.7249146
unknown Morrow County,-119.461235,45.497494,772.1090088
unknown Morrow County,-119.486748,45.504559,700.1208496
unknown Morrow County,-119.453316,45.493195,815.1627808
unknown Morrow County,-119.476707,45.492741,779.2897949
unknown Morrow County,-119.462799,45.439072,813.5640869
unknown Morrow County,-119.255188,45.455704,927.3242188
unknown Morrow County,-119.380173,45.445488,881.7654419
unknown Morrow County,-119.392029,45.469982,755.2711792
unknown Morrow County,-119.315796,45.447945,897.0646362
unknown Morrow County,-119.258881,45.480957,842.7484741
unknown Morrow County,-119.493729,45.506908,662.0292358
unknown Morrow County,-119.415764,45.469296,778.9558105
unknown Morrow County,-119.312569,45.445148,897.6272583
unknown Morrow County,-119.422295,45.485252,940.0863037
unknown Morrow County,-119.305229,45.442871,914.932312
unknown Morrow County,-119.4813,45.497177,736.0384521
unknown Morrow County,-119.460281,45.486538,812.6218872
unknown Natrona County,-106.340309,43.127396,1732.290527
unknown Natrona County,-106.229729,43.224312,1712.629272
unknown Natrona County,-106.339943,43.133713,1697.157593
unknown Natrona County,-106.341049,43.120735,1717.067993
unknown Natrona County,-106.233139,43.230419,1708.328125
unknown Natrona County,-106.287437,43.154274,1698.661743
unknown Natrona County,-106.226738,43.212917,1702.447021
unknown Natrona County,-106.234619,43.237602,1701.498779
unknown Natrona County,-106.342407,43.106216,1731.346436
unknown Natrona County,-106.336868,43.152618,1670.545654
unknown Natrona County,-106.343948,43.090721,1703.136841
unknown Natrona County,-106.26931,43.207287,1650.384521
unknown Natrona County,-106.22805,43.218857,1711.875244
unknown Natrona County,-106.26725,43.191547,1703.148071
unknown Natrona County,-106.343521,43.096199,1711.758911
unknown Natrona County,-106.342049,43.114124,1709.505249
unknown Natrona County,-106.337708,43.146488,1686.583862
unknown Natrona County,-106.343307,43.10136,1715.586182
unknown Natrona County,-106.339279,43.140461,1689.881104
unknown Navajo County,-110.446297,34.718746,1798.460693
unknown Navajo County,-110.407967,34.772186,1726.110352
unknown Navajo County,-110.385506,34.692696,1820.170166
unknown Navajo County,-110.372002,34.708027,1790.03125
unknown Navajo County,-110.418022,34.692505,1826.4729
unknown Navajo County,-110.400269,34.734238,1759.631226
unknown Navajo County,-110.39196,34.756393,1727.186768
unknown Navajo County,-110.368599,34.796856,1681.843262
unknown Navajo County,-110.457214,34.760216,1762.963013
unknown Navajo County,-110.470062,34.768993,1755.962891
unknown Navajo County,-110.350777,34.749054,1743.404663
unknown Navajo County,-110.383148,34.718159,1777.815063
unknown Navajo County,-110.458717,34.788761,1733.005493
unknown Navajo County,-110.443672,34.683578,1844.946533
unknown Navajo County,-110.433609,34.767132,1742.562012
unknown Navajo County,-110.434418,34.73547,1764.720459
unknown Navajo County,-110.454643,34.756401,1762.165771
unknown Navajo County,-110.404861,34.740135,1749.775879
unknown Navajo County,-110.473396,34.7416,1788.533325
unknown Navajo County,-110.430588,34.794506,1730.925781
unknown Navajo County,-110.437599,34.738487,1759.698242
unknown Navajo County,-110.416428,34.783009,1708.260864
unknown Navajo County,-110.378426,34.71381,1783.655029
unknown Navajo County,-110.364731,34.704273,1796.216309
unknown Navajo County,-110.426979,34.759701,1748.083984
unknown Navajo County,-110.379982,34.748688,1747.713501
unknown Navajo County,-110.463951,34.765545,1750.263428
unknown Navajo County,-110.351334,34.722538,1784.921387
unknown Navajo County,-110.374527,34.743938,1755.049316
unknown Navajo County,-110.392853,34.728336,1758.988647
unknown Navajo County,-110.367493,34.737629,1760.649658
unknown Navajo County,-110.420998,34.78434,1703.22644
unknown Navajo County,-110.423981,34.787342,1701.039185
unknown Navajo County,-110.409836,34.776329,1718.94458
unknown Navajo County,-110.427544,34.790466,1718.500244
unknown Navajo County,-110.473518,34.77219,1757.112915
unknown Navajo County,-110.461021,34.762424,1760.662109
unknown Navajo County,-110.401001,34.764046,1725.677124
unknown Navajo County,-110.444946,34.747028,1767.027954
unknown Navajo County,-110.368477,34.768761,1714.89624
unknown Navajo County,-110.388702,34.753571,1732.273438
unknown Navajo County,-110.360794,34.79068,1687.010132
unknown Navajo County,-110.44175,34.74279,1762.510132
unknown Navajo County,-110.398605,34.760338,1728.647339
unknown Navajo County,-110.469513,34.738167,1789.00293
unknown Navajo County,-110.414101,34.749985,1749.945801
unknown Navajo County,-110.453308,34.722576,1784.279663
unknown Navajo County,-110.373611,34.770218,1711.759644
unknown Navajo County,-110.451057,34.782936,1725.664673
unknown Navajo County,-110.434402,34.79752,1732.802612
unknown Navajo County,-110.364899,34.793255,1688.515137
unknown Navajo County,-110.411606,34.746426,1754.975464
unknown Navajo County,-110.458588,34.727631,1784.136353
unknown Navajo County,-110.449875,34.750378,1759.139648
unknown Navajo County,-110.437126,34.770199,1734.906616
unknown Riverside County,-116.657837,33.937244,756.942688
unknown Riverside County,-116.609268,33.950459,549.0230103
unknown Riverside County,-116.552635,33.891678,206.9767456
unknown Riverside County,-116.658539,33.93914,777.8428955
unknown Riverside County,-116.609329,33.947441,542.1477661
unknown Riverside County,-116.65992,33.941273,802.3848877
unknown Riverside County,-116.609657,33.948952,551.0497437
unknown Riverside County,-116.676392,33.946888,765.9748535
unknown Riverside County,-116.609413,33.951931,549.3803711
unknown Riverside County,-116.552597,33.890198,206.0602875
unknown Riverside County,-116.666954,33.94099,833.0785522
unknown Riverside County,-116.666588,33.943592,850.6393433
unknown Riverside County,-116.661949,33.946163,829.3746948
unknown Riverside County,-116.660248,33.943649,806.4016724
unknown Riverside County,-116.557755,33.891106,214.0223083
unknown Rosebud County,-106.184242,46.83176,892.8400269
unknown San Miguel County 1,-105.097191,35.695995,2056.840088
unknown Snohomish County,-122.258682,47.927795,172.3871613
unknown Solano County,-121.781288,38.488888,15.54569244
unknown Solano County,-121.780487,38.488876,15.61799812
unknown Stillwater County,-109.447723,45.870483,1433.313599
unknown Stillwater County,-109.40873,45.92783,1462.30957
unknown Stillwater County,-109.451027,45.881443,1456.528198
unknown Stillwater County,-109.42215,45.898876,1449.833496
unknown Stillwater County,-109.496048,45.954643,1576.151978
unknown Stillwater County,-109.42038,45.878658,1431.34436
unknown Stillwater County,-109.479439,45.946476,1542.789185
unknown Stillwater County,-109.469398,45.91814,1525.834351
unknown Stillwater County,-109.466599,45.921902,1528.41626
unknown Stillwater County,-109.483162,45.919682,1578.358887
unknown Stillwater County,-109.449203,45.899357,1469.056885
unknown Stillwater County,-109.403328,45.875286,1418.969849
unknown Stillwater County,-109.483536,45.927414,1598.750732
unknown Stillwater County,-109.448792,45.878002,1449.227539
unknown Stillwater County,-109.4207,45.920376,1478.494995
unknown Stillwater County,-109.445274,45.909363,1478.129272
unknown Stillwater County,-109.493668,45.947819,1578.074951
unknown Stillwater County,-109.478844,45.916016,1549.718262
unknown Stillwater County,-109.405663,45.878521,1421.908813
unknown Stillwater County,-109.406219,45.900585,1448.792358
unknown Stillwater County,-109.447823,45.874557,1442.11792
unknown Stillwater County,-109.498299,45.901634,1586.437134
unknown Stillwater County,-109.467987,45.950741,1534.748657
unknown Stillwater County,-109.407936,45.920361,1469.593384
unknown Stillwater County,-109.493866,45.940884,1607.243286
unknown Stillwater County,-109.44619,45.902905,1472.514771
unknown Stillwater County,-109.447182,45.895435,1458.060425
unknown Stillwater County,-109.460915,45.916199,1505.331909
unknown Stillwater County,-109.479057,45.941479,1550.761719
unknown Stillwater County,-109.418724,45.895741,1446.437134
unknown Stillwater County,-109.42083,45.923824,1483.036743
unknown Stillwater County,-109.42086,45.885548,1434.955566
unknown Stillwater County,-109.408951,45.907333,1462.633667
unknown Stillwater County,-109.405396,45.904015,1457.525146
unknown Stillwater County,-109.482246,45.953011,1545.158081
unknown Stillwater County,-109.493851,45.93079,1614.313965
unknown Stillwater County,-109.445152,45.920624,1496.085938
unknown Stillwater County,-109.413948,45.892582,1436.987671
unknown Stillwater County,-109.498497,45.957973,1579.875244
unknown Stillwater County,-109.48616,45.911419,1573.829346
unknown Stillwater County,-109.417686,45.882351,1432.387939
unknown Stillwater County,-109.466469,45.942513,1525.934937
unknown Stillwater County,-109.448151,45.926788,1501.366577
unknown Stillwater County,-109.458847,45.91275,1496.02356
unknown Stillwater County,-109.43692,45.899982,1459.375488
unknown Stillwater County,-109.408142,45.92458,1460.639404
unknown Stillwater County,-109.430687,45.904671,1465.205078
unknown Stillwater County,-109.462212,45.880714,1484.547607
unknown Stillwater County,-109.477364,45.937771,1547.149292
unknown Stillwater County,-109.440247,45.917061,1486.281006
unknown Stillwater County,-109.416748,45.875561,1422.653198
unknown Stillwater County,-109.49379,45.933933,1609.733154
unknown Stillwater County,-109.501648,45.907814,1598.324829
unknown Stillwater County,-109.409576,45.889587,1416.36438
unknown Stillwater County,-109.469429,45.954521,1532.75293
unknown Stillwater County,-109.463943,45.88422,1496.546143
unknown Stillwater County,-109.415733,45.929985,1475.787598
unknown Stillwater County,-109.403976,45.895912,1443.693359
unknown Stillwater County,-109.421204,45.927319,1487.859985
unknown Stillwater County,-109.470909,45.957321,1537.841431
unknown Stillwater County,-109.447517,45.930115,1507.293457
unknown Stillwater County,-109.466934,45.929298,1526.742798
unknown Stillwater County,-109.46682,45.925816,1532.989746
unknown Stillwater County,-109.433739,45.914246,1476.584106
unknown Stillwater County,-109.475952,45.95055,1541.935059
unknown Stillwater County,-109.425713,45.90213,1459.304077
unknown Stillwater County,-109.493446,45.944374,1589.161377
unknown Stillwater County,-109.467087,45.947247,1532.973022
unknown Stillwater County,-109.505486,45.914165,1614.196533
unknown Stillwater County,-109.43045,45.887398,1441.415771
unknown Stillwater County,-109.403954,45.914391,1461.433472
unknown Stillwater County,-109.403595,45.910839,1462.676636
unknown Stillwater County,-109.43573,45.907211,1469.166748
unknown Stillwater County,-109.415245,45.913773,1469.697144
unknown Stillwater County,-109.495186,45.951191,1584.556152
unknown Stillwater County,-109.414307,45.910301,1465.231079
unknown Stillwater County,-109.484146,45.956242,1539.701782
unknown Stillwater County,-109.452736,45.884911,1466.983643
unknown Stillwater County,-109.430069,45.911037,1468.537964
unknown Stillwater County,-109.418289,45.91721,1475.113647
unknown Stillwater County,-109.447609,45.92345,1498.509888
unknown Stillwater County,-109.4823,45.923687,1594.215088
unknown Stillwater County,-109.466774,45.936962,1525.669312
unknown Stillwater County,-109.452126,45.910763,1485.429932
unknown Stillwater County,-109.493286,45.937393,1609.785645
unknown Stillwater County,-109.499931,45.904682,1601.647827
unknown Stillwater County,-109.482018,45.930843,1582.82251
unknown Stillwater County,-109.50351,45.910904,1604.858765
unknown Tehachapi Wind Resource Area 1,-118.247391,35.078594,1107.047729
unknown Tehachapi Wind Resource Area 1,-118.312691,35.062695,1274.102051
unknown Tehachapi Wind Resource Area 1,-118.248886,35.076195,1102.978149
unknown Tehachapi Wind Resource Area 1,-118.364189,35.057495,1347.232788
unknown Tehachapi Wind Resource Area 1,-118.263489,35.077293,1180.451904
unknown Tehachapi Wind Resource Area 1,-118.267387,35.099194,1403.244629
unknown Tehachapi Wind Resource Area 1,-118.259491,35.077194,1154.522217
unknown Tehachapi Wind Resource Area 1,-118.30349,35.048294,1148.093872
unknown Tehachapi Wind Resource Area 1,-118.381866,35.069836,1522.897461
unknown Tehachapi Wind Resource Area 1,-118.36969,35.079796,1532.412354
unknown Tehachapi Wind Resource Area 1,-118.273888,35.096893,1434.846924
unknown Tehachapi Wind Resource Area 1,-118.256386,35.074394,1128.501831
unknown Tehachapi Wind Resource Area 1,-118.266685,35.072895,1161.414917
unknown Tehachapi Wind Resource Area 1,-118.38089,35.071194,1524.883301
unknown Tehachapi Wind Resource Area 1,-118.294289,35.086494,1458.836426
unknown Tehachapi Wind Resource Area 1,-118.378685,35.081196,1423.658569
unknown Tehachapi Wind Resource Area 1,-118.238991,35.105495,1276.059692
unknown Tehachapi Wind Resource Area 1,-118.31279,35.064693,1277.845825
unknown Tehachapi Wind Resource Area 1,-118.302086,35.079494,1461.848511
unknown Tehachapi Wind Resource Area 1,-118.27137,35.076744,1208.564697
unknown Tehachapi Wind Resource Area 1,-118.277786,35.078094,1262.307861
unknown Tehachapi Wind Resource Area 1,-118.375687,35.073395,1500.943481
unknown Tehachapi Wind Resource Area 1,-118.25679,35.073895,1126.809692
unknown Tehachapi Wind Resource Area 1,-118.312889,35.063896,1278.172852
unknown Tehachapi Wind Resource Area 1,-118.327187,35.071297,1402.461914
unknown Tehachapi Wind Resource Area 1,-118.344589,35.062851,1319.931763
unknown Tehachapi Wind Resource Area 1,-118.302689,35.078995,1452.55127
unknown Tehachapi Wind Resource Area 1,-118.314087,35.066696,1300.000977
unknown Tehachapi Wind Resource Area 1,-118.239487,35.104996,1272.8396
unknown Tehachapi Wind Resource Area 1,-118.279388,35.089695,1443.067993
unknown Tehachapi Wind Resource Area 1,-118.308487,35.076694,1442.605713
unknown Tehachapi Wind Resource Area 1,-118.273788,35.071396,1186.425293
unknown Tehachapi Wind Resource Area 1,-118.318085,35.059696,1255.65564
unknown Tehachapi Wind Resource Area 1,-118.344627,35.062149,1310.747559
unknown Tehachapi Wind Resource Area 1,-118.295891,35.084194,1469.724121
unknown Tehachapi Wind Resource Area 1,-118.296791,35.083096,1466.32666
unknown Tehachapi Wind Resource Area 1,-118.339844,35.063404,1311.592407
unknown Tehachapi Wind Resource Area 1,-118.272064,35.076061,1201.858154
unknown Tehachapi Wind Resource Area 1,-118.338188,35.069794,1407.13501
unknown Tehachapi Wind Resource Area 1,-118.338692,35.064796,1329.441772
unknown Tehachapi Wind Resource Area 1,-118.256187,35.074696,1129.17334
unknown Tehachapi Wind Resource Area 1,-118.264992,35.069294,1137.355347
unknown Tehachapi Wind Resource Area 1,-118.30249,35.044895,1127.081909
unknown Tehachapi Wind Resource Area 1,-118.298592,35.079895,1467.073608
unknown Tehachapi Wind Resource Area 1,-118.247574,35.078011,1101.203613
unknown Tehachapi Wind Resource Area 1,-118.272591,35.074894,1203.595581
unknown Tehachapi Wind Resource Area 1,-118.31279,35.065296,1278.20813
unknown Tehachapi Wind Resource Area 1,-118.339584,35.065994,1349.978149
unknown Tehachapi Wind Resource Area 1,-118.265991,35.097897,1411.790527
unknown Tehachapi Wind Resource Area 1,-118.30619,35.045197,1139.910034
unknown Tehachapi Wind Resource Area 1,-118.309685,35.044796,1143.053833
unknown Tehachapi Wind Resource Area 1,-118.247688,35.074295,1096.276733
unknown Tehachapi Wind Resource Area 1,-118.262589,35.078796,1191.878662
unknown Tehachapi Wind Resource Area 1,-118.363991,35.057995,1346.711426
unknown Tehachapi Wind Resource Area 1,-118.270386,35.073494,1183.773926
unknown Tehachapi Wind Resource Area 1,-118.27639,35.075096,1228.242188
unknown Tehachapi Wind Resource Area 1,-118.334587,35.069294,1387.063965
unknown Tehachapi Wind Resource Area 1,-118.322685,35.075596,1425.808472
unknown Tehachapi Wind Resource Area 1,-118.241386,35.103195,1267.452515
unknown Tehachapi Wind Resource Area 1,-118.309586,35.049294,1170.444336
unknown Tehachapi Wind Resource Area 1,-118.303886,35.050797,1164.289063
unknown Tehachapi Wind Resource Area 1,-118.264992,35.075096,1156.920776
unknown Tehachapi Wind Resource Area 1,-118.253792,35.072395,1106.014648
unknown Tehachapi Wind Resource Area 1,-118.288086,35.087597,1470.111084
unknown Tehachapi Wind Resource Area 1,-118.269287,35.069195,1151.77832
unknown Tehachapi Wind Resource Area 1,-118.318062,35.074757,1416.919067
unknown Tehachapi Wind Resource Area 1,-118.382591,35.068695,1510.260254
unknown Tehachapi Wind Resource Area 1,-118.288788,35.039597,1083.232178
unknown Tehachapi Wind Resource Area 1,-118.300232,35.083763,1466.380493
unknown Tehachapi Wind Resource Area 1,-118.369141,35.073013,1501.026978
unknown Tehachapi Wind Resource Area 1,-118.338989,35.066296,1352.083862
unknown Tehachapi Wind Resource Area 1,-118.33419,35.072296,1423.495972
unknown Tehachapi Wind Resource Area 1,-118.31839,35.070396,1366.064331
unknown Tehachapi Wind Resource Area 1,-118.340485,35.066994,1378.818726
unknown Tehachapi Wind Resource Area 1,-118.37339,35.078995,1480.489014
unknown Tehachapi Wind Resource Area 1,-118.263786,35.077095,1177.942993
unknown Tehachapi Wind Resource Area 1,-118.284088,35.092796,1442.909668
unknown Tehachapi Wind Resource Area 1,-118.300491,35.043396,1126.170166
unknown Tehachapi Wind Resource Area 1,-118.24929,35.075695,1106.18396
unknown Tehachapi Wind Resource Area 1,-118.274391,35.069897,1176.244141
unknown Tehachapi Wind Resource Area 1,-118.317986,35.058594,1251.118774
unknown Tehachapi Wind Resource Area 1,-118.258591,35.071297,1113.154663
unknown Tehachapi Wind Resource Area 1,-118.38179,35.072895,1506.003418
unknown Tehachapi Wind Resource Area 1,-118.367989,35.040997,1394.952393
unknown Tehachapi Wind Resource Area 1,-118.315285,35.065994,1292.115601
unknown Tehachapi Wind Resource Area 1,-118.339615,35.066208,1354.610107
unknown Tehachapi Wind Resource Area 1,-118.26049,35.075596,1150.565674
unknown Tehachapi Wind Resource Area 1,-118.282486,35.069496,1184.848999
unknown Tehachapi Wind Resource Area 1,-118.286491,35.089695,1452.87085
unknown Tehachapi Wind Resource Area 1,-118.279785,35.089195,1446.821777
unknown Tehachapi Wind Resource Area 1,-118.315788,35.064495,1278.125732
unknown Tehachapi Wind Resource Area 1,-118.25769,35.072594,1127.308838
unknown Tehachapi Wind Resource Area 1,-118.268486,35.096096,1432.825684
unknown Tehachapi Wind Resource Area 1,-118.370132,35.073589,1517.4823
unknown Tehachapi Wind Resource Area 1,-118.28849,35.087093,1465.058105
unknown Tehachapi Wind Resource Area 1,-118.328186,35.072796,1411.545898
unknown Tehachapi Wind Resource Area 1,-118.237488,35.106895,1264.009521
unknown Tehachapi Wind Resource Area 1,-118.297791,35.046597,1138.567749
unknown Tehachapi Wind Resource Area 1,-118.33979,35.066994,1374.447754
unknown Tehachapi Wind Resource Area 1,-118.29599,35.039993,1096.560303
unknown Tehachapi Wind Resource Area 1,-118.25589,35.075195,1130.964844
unknown Tehachapi Wind Resource Area 1,-118.268486,35.093594,1415.089233
unknown Tehachapi Wind Resource Area 1,-118.247185,35.074795,1087.157471
unknown Tehachapi Wind Resource Area 1,-118.26799,35.070995,1159.733643
unknown Tehachapi Wind Resource Area 1,-118.305885,35.045696,1137.69104
unknown Tehachapi Wind Resource Area 1,-118.296349,35.083656,1471.834351
unknown Tehachapi Wind Resource Area 1,-118.380089,35.078495,1468.385132
unknown Tehachapi Wind Resource Area 1,-118.340988,35.065395,1328.249634
unknown Tehachapi Wind Resource Area 1,-118.273888,35.073494,1203.255859
unknown Tehachapi Wind Resource Area 1,-118.259689,35.076996,1152.913208
unknown Tehachapi Wind Resource Area 1,-118.391617,35.067528,1506.18689
unknown Tehachapi Wind Resource Area 1,-118.278587,35.070896,1192.389282
unknown Tehachapi Wind Resource Area 1,-118.24749,35.074596,1091.009644
unknown Tehachapi Wind Resource Area 1,-118.313087,35.061996,1275.758301
unknown Tehachapi Wind Resource Area 1,-118.242485,35.102295,1264.154053
unknown Tehachapi Wind Resource Area 1,-118.24939,35.080696,1127.272827
unknown Tehachapi Wind Resource Area 1,-118.339043,35.066849,1363.748535
unknown Tehachapi Wind Resource Area 1,-118.341087,35.066395,1362.077026
unknown Tehachapi Wind Resource Area 1,-118.241974,35.080235,1094.412598
unknown Tehachapi Wind Resource Area 1,-118.339012,35.06665,1359.177124
unknown Tehachapi Wind Resource Area 1,-118.276588,35.074493,1222.544312
unknown Tehachapi Wind Resource Area 1,-118.289688,35.068295,1240.319336
unknown Tehachapi Wind Resource Area 1,-118.267487,35.071796,1163.771729
unknown Tehachapi Wind Resource Area 1,-118.276787,35.073795,1213.752563
unknown Tehachapi Wind Resource Area 1,-118.272888,35.074394,1203.273193
unknown Tehachapi Wind Resource Area 1,-118.263885,35.095997,1426.233765
unknown Tehachapi Wind Resource Area 1,-118.370247,35.072033,1500.224365
unknown Tehachapi Wind Resource Area 1,-118.275887,35.076294,1233.688965
unknown Tehachapi Wind Resource Area 1,-118.338493,35.063953,1318.944092
unknown Tehachapi Wind Resource Area 1,-118.339966,35.06308,1315.397095
unknown Tehachapi Wind Resource Area 1,-118.338715,35.06496,1333.508667
unknown Tehachapi Wind Resource Area 1,-118.368332,35.072063,1496.712402
unknown Tehachapi Wind Resource Area 1,-118.371391,35.057396,1343.768555
unknown Tehachapi Wind Resource Area 1,-118.345436,35.06459,1343.952881
unknown Tehachapi Wind Resource Area 1,-118.241791,35.080494,1094.416992
unknown Tehachapi Wind Resource Area 1,-118.25029,35.079395,1121.618774
unknown Tehachapi Wind Resource Area 1,-118.301186,35.049995,1161.964111
unknown Tehachapi Wind Resource Area 1,-118.339485,35.068996,1404.49646
unknown Tehachapi Wind Resource Area 1,-118.288689,35.074394,1282.557373
unknown Tehachapi Wind Resource Area 1,-118.271858,35.076328,1201.190674
unknown Tehachapi Wind Resource Area 1,-118.314087,35.060795,1249.685913
unknown Tehachapi Wind Resource Area 1,-118.270889,35.077896,1233.861206
unknown Tehachapi Wind Resource Area 1,-118.316788,35.075195,1430.343872
unknown Tehachapi Wind Resource Area 1,-118.242584,35.079395,1096.078247
unknown Tehachapi Wind Resource Area 1,-118.259789,35.095894,1380.310059
unknown Tehachapi Wind Resource Area 1,-118.288887,35.074196,1281.750488
unknown Tehachapi Wind Resource Area 1,-118.250389,35.079094,1119.291748
unknown Tehachapi Wind Resource Area 1,-118.340988,35.065895,1344.56189
unknown Tehachapi Wind Resource Area 1,-118.284485,35.092297,1441.490234
unknown Tehachapi Wind Resource Area 1,-118.285286,35.091293,1445.622192
unknown Tehachapi Wind Resource Area 1,-118.319885,35.060596,1271.318726
unknown Tehachapi Wind Resource Area 1,-118.258789,35.070995,1112.832275
unknown Tehachapi Wind Resource Area 1,-118.253189,35.080696,1143.49585
unknown Tehachapi Wind Resource Area 1,-118.246086,35.075794,1083.672607
unknown Tehachapi Wind Resource Area 1,-118.256989,35.073593,1120.699829
unknown Tehachapi Wind Resource Area 1,-118.24369,35.101696,1256.907593
unknown Tehachapi Wind Resource Area 1,-118.340591,35.068195,1391.435791
unknown Tehachapi Wind Resource Area 1,-118.26519,35.074894,1155.664429
unknown Tehachapi Wind Resource Area 1,-118.391891,35.067295,1504.420532
unknown Tehachapi Wind Resource Area 1,-118.272087,35.093395,1439.775024
unknown Tehachapi Wind Resource Area 1,-118.33889,35.069496,1411.058716
unknown Tehachapi Wind Resource Area 1,-118.247986,35.074097,1102.142456
unknown Tehachapi Wind Resource Area 1,-118.301186,35.050896,1173.137329
unknown Tehachapi Wind Resource Area 1,-118.268188,35.093895,1430.226563
unknown Tehachapi Wind Resource Area 1,-118.304085,35.051697,1164.846558
unknown Tehachapi Wind Resource Area 1,-118.259285,35.070194,1114.281494
unknown Tehachapi Wind Resource Area 1,-118.266388,35.073395,1159.864624
unknown Tehachapi Wind Resource Area 1,-118.298187,35.081894,1469.236572
unknown Tehachapi Wind Resource Area 1,-118.297287,35.048195,1146.986694
unknown Tehachapi Wind Resource Area 1,-118.275787,35.076694,1235.510986
unknown Tehachapi Wind Resource Area 1,-118.31369,35.061596,1271.765015
unknown Tehachapi Wind Resource Area 1,-118.335587,35.071693,1415.079956
unknown Tehachapi Wind Resource Area 1,-118.314789,35.068996,1345.175415
unknown Tehachapi Wind Resource Area 1,-118.321991,35.075794,1421.969116
unknown Tehachapi Wind Resource Area 1,-118.246391,35.075596,1087.85022
unknown Tehachapi Wind Resource Area 1,-118.252686,35.073895,1110.914917
unknown Tehachapi Wind Resource Area 1,-118.339691,35.066593,1362.466919
unknown Tehachapi Wind Resource Area 1,-118.343735,35.060982,1293.449585
unknown Tehachapi Wind Resource Area 1,-118.297485,35.046894,1134.441895
unknown Tehachapi Wind Resource Area 1,-118.338585,35.062901,1313.82959
unknown Tehachapi Wind Resource Area 1,-118.252785,35.081196,1144.668335
unknown Tehachapi Wind Resource Area 1,-118.297188,35.047295,1133.128662
unknown Tehachapi Wind Resource Area 1,-118.278885,35.076794,1232.003174
unknown Tehachapi Wind Resource Area 1,-118.337486,35.070896,1410.97937
unknown Tehachapi Wind Resource Area 1,-118.338242,35.066669,1359.661011
unknown Tehachapi Wind Resource Area 1,-118.32402,35.075352,1418.048584
unknown Tehachapi Wind Resource Area 1,-118.248787,35.081493,1128.40271
unknown Tehachapi Wind Resource Area 1,-118.270889,35.077595,1232.02417
unknown Tehachapi Wind Resource Area 1,-118.259491,35.096394,1382.193604
unknown Tehachapi Wind Resource Area 1,-118.341034,35.066277,1357.880493
unknown Tehachapi Wind Resource Area 1,-118.273491,35.073895,1202.932617
unknown Tehachapi Wind Resource Area 1,-118.332191,35.073093,1421.533691
unknown Tehachapi Wind Resource Area 1,-118.27919,35.076195,1231.765625
unknown Tehachapi Wind Resource Area 1,-118.250977,35.078354,1125.189575
unknown Tehachapi Wind Resource Area 1,-118.340385,35.066593,1365.860474
unknown Tehachapi Wind Resource Area 1,-118.338539,35.064121,1319.706055
unknown Tehachapi Wind Resource Area 1,-118.287689,35.088097,1470.403687
unknown Tehachapi Wind Resource Area 1,-118.338387,35.063396,1315.159058
unknown Tehachapi Wind Resource Area 1,-118.382057,35.069572,1517.674927
unknown Tehachapi Wind Resource Area 1,-118.268288,35.070694,1150.683472
unknown Tehachapi Wind Resource Area 1,-118.278389,35.071095,1187.789917
unknown Tehachapi Wind Resource Area 1,-118.33989,35.063293,1311.806396
unknown Tehachapi Wind Resource Area 1,-118.341087,35.065193,1323.117554
unknown Tehachapi Wind Resource Area 1,-118.254684,35.071095,1099.203369
unknown Tehachapi Wind Resource Area 1,-118.262787,35.078495,1192.0354
unknown Tehachapi Wind Resource Area 1,-118.295486,35.040596,1099.63208
unknown Tehachapi Wind Resource Area 1,-118.367287,35.041794,1406.378906
unknown Tehachapi Wind Resource Area 1,-118.374588,35.074795,1517.030518
unknown Tehachapi Wind Resource Area 1,-118.288986,35.069393,1252.047485
unknown Tehachapi Wind Resource Area 1,-118.260391,35.075893,1150.188477
unknown Tehachapi Wind Resource Area 1,-118.257088,35.073395,1119.174805
unknown Tehachapi Wind Resource Area 1,-118.382286,35.069294,1508.736206
unknown Tehachapi Wind Resource Area 1,-118.345291,35.062695,1324.685791
unknown Tehachapi Wind Resource Area 1,-118.26239,35.079094,1188.602539
unknown Tehachapi Wind Resource Area 1,-118.247292,35.078896,1108.248535
unknown Tehachapi Wind Resource Area 1,-118.264091,35.070595,1139.001709
unknown Tehachapi Wind Resource Area 1,-118.342056,35.06522,1316.731201
unknown Tehachapi Wind Resource Area 1,-118.281586,35.070194,1206.838745
unknown Tehachapi Wind Resource Area 1,-118.277985,35.077793,1259.770996
unknown Tehachapi Wind Resource Area 1,-118.34539,35.061596,1306.175781
unknown Tehachapi Wind Resource Area 1,-118.340431,35.066845,1373.771362
unknown Tehachapi Wind Resource Area 1,-118.34539,35.064896,1348.527344
unknown Tehachapi Wind Resource Area 1,-118.340034,35.062958,1315.788574
unknown Tehachapi Wind Resource Area 1,-118.265785,35.074196,1153.436646
unknown Tehachapi Wind Resource Area 1,-118.377686,35.071297,1521.939697
unknown Tehachapi Wind Resource Area 1,-118.380791,35.070595,1532.737671
unknown Tehachapi Wind Resource Area 1,-118.34539,35.060993,1296.825317
unknown Tehachapi Wind Resource Area 1,-118.269539,35.054523,1083.858765
unknown Tehachapi Wind Resource Area 1,-118.332489,35.070995,1398.300415
unknown Tehachapi Wind Resource Area 1,-118.271301,35.095032,1434.040649
unknown Tehachapi Wind Resource Area 1,-118.306786,35.048195,1150.964355
unknown Tehachapi Wind Resource Area 1,-118.270386,35.095795,1428.648804
unknown Tehachapi Wind Resource Area 1,-118.34539,35.065094,1350.908569
unknown Tehachapi Wind Resource Area 1,-118.280891,35.087597,1453.103149
unknown Tehachapi Wind Resource Area 1,-118.263687,35.071095,1138.399048
unknown Tehachapi Wind Resource Area 1,-118.277885,35.071693,1193.127441
unknown Tehachapi Wind Resource Area 1,-118.257088,35.080696,1157.040771
unknown Tehachapi Wind Resource Area 1,-118.250786,35.078594,1122.109497
unknown Tehachapi Wind Resource Area 1,-118.34449,35.062294,1311.914307
unknown Tehachapi Wind Resource Area 1,-118.267487,35.096794,1419.86145
unknown Tehachapi Wind Resource Area 1,-118.31739,35.074993,1428.776367
unknown Tehachapi Wind Resource Area 1,-118.304588,35.077694,1466.469604
unknown Tehachapi Wind Resource Area 1,-118.245689,35.080795,1113.20813
unknown Tehachapi Wind Resource Area 1,-118.264587,35.069794,1136.71814
unknown Tehachapi Wind Resource Area 1,-118.279785,35.094093,1442.989136
unknown Tehachapi Wind Resource Area 1,-118.276985,35.079296,1274.241943
unknown Tehachapi Wind Resource Area 1,-118.328888,35.072594,1415.403931
unknown Tehachapi Wind Resource Area 1,-118.381485,35.070396,1535.674561
unknown Tehachapi Wind Resource Area 1,-118.370277,35.073463,1517.386108
unknown Tehachapi Wind Resource Area 1,-118.276489,35.074795,1225.783813
unknown Tehachapi Wind Resource Area 1,-118.277985,35.091797,1445.993774
unknown Tehachapi Wind Resource Area 1,-118.280785,35.092495,1453.661011
unknown Tehachapi Wind Resource Area 1,-118.236786,35.107197,1258.069214
unknown Tehachapi Wind Resource Area 1,-118.306091,35.048794,1145.131714
unknown Tehachapi Wind Resource Area 1,-118.324837,35.075176,1412.61145
unknown Tehachapi Wind Resource Area 1,-118.271088,35.077293,1225.901245
unknown Tehachapi Wind Resource Area 1,-118.338486,35.063793,1317.910034
unknown Tehachapi Wind Resource Area 1,-118.26799,35.096394,1426.26123
unknown Tehachapi Wind Resource Area 1,-118.272186,35.075794,1204.835693
unknown Tehachapi Wind Resource Area 1,-118.247185,35.079193,1108.083008
unknown Tehachapi Wind Resource Area 1,-118.254089,35.079395,1140.546631
unknown Tehachapi Wind Resource Area 1,-118.288986,35.086594,1459.638794
unknown Tehachapi Wind Resource Area 1,-118.369186,35.057194,1350.503418
unknown Tehachapi Wind Resource Area 1,-118.246643,35.079716,1108.456299
unknown Tehachapi Wind Resource Area 1,-118.251587,35.099194,1287.023315
unknown Tehachapi Wind Resource Area 1,-118.297287,35.050896,1164.976929
unknown Tehachapi Wind Resource Area 1,-118.303688,35.047596,1141.016968
unknown Tehachapi Wind Resource Area 1,-118.274788,35.095894,1431.202515
unknown Tehachapi Wind Resource Area 1,-118.341492,35.064693,1312.212158
unknown Tehachapi Wind Resource Area 1,-118.287285,35.088696,1467.887329
unknown Tehachapi Wind Resource Area 1,-118.313988,35.065895,1281.504639
unknown Tehachapi Wind Resource Area 1,-118.28009,35.093594,1444.770386
unknown Tehachapi Wind Resource Area 1,-118.279388,35.075893,1235.360474
unknown Tehachapi Wind Resource Area 1,-118.304688,35.046494,1133.23877
unknown Tehachapi Wind Resource Area 1,-118.305489,35.042095,1122.988647
unknown Tehachapi Wind Resource Area 1,-118.301285,35.052197,1185.954346
unknown Tehachapi Wind Resource Area 1,-118.294685,35.085896,1464.641235
unknown Tehachapi Wind Resource Area 1,-118.316689,35.056496,1238.662598
unknown Tehachapi Wind Resource Area 1,-118.319786,35.061195,1274.095215
unknown Tehachapi Wind Resource Area 1,-118.259491,35.069996,1113.349243
unknown Tehachapi Wind Resource Area 1,-118.286888,35.089195,1462.768555
unknown Tehachapi Wind Resource Area 1,-118.317886,35.058193,1246.591797
unknown Tehachapi Wind Resource Area 1,-118.299484,35.081795,1464.0802
unknown Tehachapi Wind Resource Area 1,-118.370422,35.073299,1517.431274
unknown Tehachapi Wind Resource Area 1,-118.34137,35.064854,1315.825073
unknown Tehachapi Wind Resource Area 1,-118.301285,35.081295,1464.096802
unknown Tehachapi Wind Resource Area 1,-118.258385,35.071594,1115.077515
unknown Tehachapi Wind Resource Area 1,-118.341225,35.065041,1319.341187
unknown Tehachapi Wind Resource Area 1,-118.249886,35.079895,1124.580078
unknown Tehachapi Wind Resource Area 1,-118.257484,35.072895,1123.229614
unknown Tehachapi Wind Resource Area 1,-118.333488,35.070095,1400.205566
unknown Tehachapi Wind Resource Area 1,-118.256889,35.080894,1156.126099
unknown Tehachapi Wind Resource Area 1,-118.318787,35.070194,1362.64856
unknown Tehachapi Wind Resource Area 1,-118.300591,35.042995,1122.186035
unknown Tehachapi Wind Resource Area 1,-118.286087,35.090195,1453.381226
unknown Tehachapi Wind Resource Area 1,-118.301186,35.051296,1176.907715
unknown Tehachapi Wind Resource Area 1,-118.341888,35.066994,1363.901855
unknown Tehachapi Wind Resource Area 1,-118.248589,35.073593,1100.19873
unknown Tehachapi Wind Resource Area 1,-118.305885,35.049095,1146.485229
unknown Tehachapi Wind Resource Area 1,-118.34185,35.066582,1361.364868
unknown Tehachapi Wind Resource Area 1,-118.273087,35.093395,1435.665649
unknown Tehachapi Wind Resource Area 1,-118.341812,35.066395,1357.908813
unknown Tehachapi Wind Resource Area 1,-118.366791,35.056995,1355.181274
unknown Tehachapi Wind Resource Area 1,-118.341888,35.066795,1363.613647
unknown Tehachapi Wind Resource Area 1,-118.26619,35.073696,1155.810547
unknown Tehachapi Wind Resource Area 1,-118.336288,35.071495,1411.291016
unknown Tehachapi Wind Resource Area 1,-118.370659,35.071915,1500.104004
unknown Tehachapi Wind Resource Area 1,-118.273888,35.071095,1184.666504
unknown Tehachapi Wind Resource Area 1,-118.262291,35.097397,1397.18335
unknown Tehachapi Wind Resource Area 1,-118.316589,35.056194,1236.720337
unknown Tehachapi Wind Resource Area 1,-118.295517,35.084789,1469.254761
unknown Tehachapi Wind Resource Area 1,-118.297287,35.052094,1175.119995
unknown Tehachapi Wind Resource Area 1,-118.241585,35.080795,1094.237671
unknown Tehachapi Wind Resource Area 1,-118.247986,35.077496,1100.28772
unknown Tehachapi Wind Resource Area 1,-118.328186,35.070293,1402.958374
unknown Tehachapi Wind Resource Area 1,-118.368637,35.073437,1507.797729
unknown Tehachapi Wind Resource Area 1,-118.264488,35.070095,1137.883057
unknown Tehachapi Wind Resource Area 1,-118.276787,35.095695,1426.778198
unknown Tehachapi Wind Resource Area 1,-118.254387,35.071594,1103.13562
unknown Tehachapi Wind Resource Area 1,-118.289291,35.073593,1278.135376
unknown Tehachapi Wind Resource Area 1,-118.255089,35.070595,1095.710327
unknown Tehachapi Wind Resource Area 1,-118.31369,35.069393,1351.568604
unknown Tehachapi Wind Resource Area 1,-118.314888,35.065994,1290.137085
unknown Tehachapi Wind Resource Area 1,-118.261787,35.079994,1182.144043
unknown Tehachapi Wind Resource Area 1,-118.248756,35.076481,1104.09436
unknown Tehachapi Wind Resource Area 1,-118.31559,35.064194,1273.311279
unknown Tehachapi Wind Resource Area 1,-118.268089,35.094696,1444.08313
unknown Tehachapi Wind Resource Area 1,-118.370689,35.059395,1361.125977
unknown Tehachapi Wind Resource Area 1,-118.378792,35.070896,1514.65332
unknown Tehachapi Wind Resource Area 1,-118.331985,35.071396,1398.1875
unknown Tehachapi Wind Resource Area 1,-118.249489,35.100494,1267.785645
unknown Tehachapi Wind Resource Area 1,-118.276688,35.074097,1218.485229
unknown Tehachapi Wind Resource Area 1,-118.282288,35.086094,1439.896851
unknown Tehachapi Wind Resource Area 1,-118.263885,35.070896,1138.789551
unknown Tehachapi Wind Resource Area 1,-118.246185,35.080296,1110.794189
unknown Tehachapi Wind Resource Area 1,-118.261589,35.097595,1390.42395
unknown Tehachapi Wind Resource Area 1,-118.26149,35.074295,1146.638672
unknown Tehachapi Wind Resource Area 1,-118.242386,35.079697,1097.050659
unknown Tehachapi Wind Resource Area 1,-118.37899,35.068596,1513.59375
unknown Tehachapi Wind Resource Area 1,-118.371048,35.073017,1512.950195
unknown Tehachapi Wind Resource Area 1,-118.372688,35.079395,1494.942139
unknown Tehachapi Wind Resource Area 1,-118.375092,35.073994,1498.875122
unknown Tehachapi Wind Resource Area 1,-118.303688,35.048897,1154.068604
unknown Tehachapi Wind Resource Area 1,-118.318192,35.057995,1244.114136
unknown Tehachapi Wind Resource Area 1,-118.280487,35.088097,1454.648071
unknown Tehachapi Wind Resource Area 1,-118.370468,35.07196,1500.435913
unknown Tehachapi Wind Resource Area 1,-118.266586,35.073196,1162.471191
unknown Tehachapi Wind Resource Area 1,-118.344788,35.061996,1308.279663
unknown Tehachapi Wind Resource Area 1,-118.254486,35.078896,1134.443481
unknown Tehachapi Wind Resource Area 1,-118.25209,35.074696,1114.675293
unknown Tehachapi Wind Resource Area 1,-118.255287,35.075996,1133.822144
unknown Tehachapi Wind Resource Area 1,-118.298286,35.045994,1137.40686
unknown Tehachapi Wind Resource Area 1,-118.312988,35.062595,1271.896484
unknown Tehachapi Wind Resource Area 1,-118.281891,35.086796,1442.616333
unknown Tehachapi Wind Resource Area 1,-118.31279,35.064995,1275.163086
unknown Tehachapi Wind Resource Area 1,-118.299591,35.044495,1124.03418
unknown Tehachapi Wind Resource Area 1,-118.31649,35.055496,1222.707886
unknown Tehachapi Wind Resource Area 1,-118.313889,35.070694,1366.855469
unknown Tehachapi Wind Resource Area 1,-118.250587,35.078896,1121.523804
unknown Tehachapi Wind Resource Area 1,-118.259087,35.070496,1115.086426
unknown Tehachapi Wind Resource Area 1,-118.257286,35.073093,1120.894531
unknown Tehachapi Wind Resource Area 1,-118.317986,35.058895,1253.264648
unknown Tehachapi Wind Resource Area 1,-118.296288,35.039597,1095.57605
unknown Tehachapi Wind Resource Area 1,-118.27169,35.071693,1181.023193
unknown Tehachapi Wind Resource Area 1,-118.251884,35.074993,1114.171875
unknown Tehachapi Wind Resource Area 1,-118.368362,35.073753,1505.959717
unknown Tehachapi Wind Resource Area 1,-118.338623,35.064472,1322.960571
unknown Tehachapi Wind Resource Area 1,-118.332985,35.070496,1397.516846
unknown Tehachapi Wind Resource Area 1,-118.33419,35.067795,1364.712769
unknown Tehachapi Wind Resource Area 1,-118.266891,35.072594,1161.022339
unknown Tehachapi Wind Resource Area 1,-118.343689,35.063995,1325.279785
unknown Tehachapi Wind Resource Area 1,-118.272491,35.075195,1203.437256
unknown Tehachapi Wind Resource Area 1,-118.341187,35.066895,1376.35376
unknown Tehachapi Wind Resource Area 1,-118.250092,35.100094,1273.502075
unknown Tehachapi Wind Resource Area 1,-118.369286,35.072857,1499.831909
unknown Tehachapi Wind Resource Area 1,-118.332886,35.068497,1371.680054
unknown Tehachapi Wind Resource Area 1,-118.240486,35.104095,1272.505249
unknown Tehachapi Wind Resource Area 1,-118.28019,35.088596,1449.798462
unknown Tehachapi Wind Resource Area 1,-118.307884,35.051594,1169.372314
unknown Tehachapi Wind Resource Area 1,-118.282684,35.069294,1184.276978
unknown Tehachapi Wind Resource Area 1,-118.278687,35.095795,1429.121582
unknown Tehachapi Wind Resource Area 1,-118.248589,35.076694,1105.583496
unknown Tehachapi Wind Resource Area 1,-118.345406,35.064766,1346.476563
unknown Tehachapi Wind Resource Area 1,-118.321487,35.076195,1408.989624
unknown Tehachapi Wind Resource Area 1,-118.271599,35.076511,1204.230835
unknown Tehachapi Wind Resource Area 1,-118.260887,35.074493,1154.522949
unknown Tehachapi Wind Resource Area 1,-118.317085,35.066696,1301.837524
unknown Tehachapi Wind Resource Area 1,-118.289291,35.086094,1461.403076
unknown Tehachapi Wind Resource Area 1,-118.338669,35.064644,1326.051636
unknown Tehachapi Wind Resource Area 1,-118.294991,35.041195,1102.83667
unknown Tehachapi Wind Resource Area 1,-118.26339,35.077694,1184.317627
unknown Tehachapi Wind Resource Area 1,-118.315491,35.075596,1430.683472
unknown Tehachapi Wind Resource Area 1,-118.382088,35.068295,1514.575317
unknown Tehachapi Wind Resource Area 1,-118.264389,35.095493,1410.000244
unknown Tehachapi Wind Resource Area 1,-118.246391,35.079994,1107.34082
unknown Tehachapi Wind Resource Area 1,-118.338989,35.066494,1355.606812
unknown Tehachapi Wind Resource Area 1,-118.256592,35.074196,1128.541626
unknown Tehachapi Wind Resource Area 1,-118.276085,35.075695,1230.764771
unknown Tehachapi Wind Resource Area 1,-118.314186,35.069195,1348.344238
unknown Tehachapi Wind Resource Area 1,-118.374084,35.075294,1526.071167
unknown Tehachapi Wind Resource Area 1,-118.255157,35.076233,1134.340576
unknown Tehachapi Wind Resource Area 1,-118.307091,35.047894,1154.315796
unknown Tehachapi Wind Resource Area 1,-118.279488,35.075596,1240.698853
unknown Tehachapi Wind Resource Area 1,-118.241989,35.102795,1270.635254
unknown Tehachapi Wind Resource Area 1,-118.339088,35.066994,1368.381714
unknown Tehachapi Wind Resource Area 1,-118.275986,35.075996,1232.106934
unknown Tehachapi Wind Resource Area 1,-118.249588,35.080494,1128.710815
unknown Tehachapi Wind Resource Area 1,-118.26059,35.074795,1156.564209
unknown Tehachapi Wind Resource Area 1,-118.344254,35.064297,1329.962036
unknown Tehachapi Wind Resource Area 1,-118.250076,35.07967,1124.636719
unknown Tehachapi Wind Resource Area 1,-118.242157,35.079945,1096.569336
unknown Tehachapi Wind Resource Area 1,-118.274887,35.093395,1445.646484
unknown Tehachapi Wind Resource Area 1,-118.269089,35.069496,1153.179077
unknown Tehachapi Wind Resource Area 1,-118.303986,35.051193,1161.35791
unknown Tehachapi Wind Resource Area 1,-118.253586,35.072594,1106.364624
unknown Tehachapi Wind Resource Area 1,-118.248291,35.073795,1099.672119
unknown Tehachapi Wind Resource Area 1,-118.339684,35.063931,1315.194458
unknown Tehachapi Wind Resource Area 1,-118.377647,35.037724,1503.028687
unknown Tehachapi Wind Resource Area 1,-118.289085,35.073895,1279.72229
unknown Tehachapi Wind Resource Area 1,-118.260185,35.076195,1148.491333
unknown Tehachapi Wind Resource Area 1,-118.297287,35.050396,1163.973877
unknown Tehachapi Wind Resource Area 1,-118.305458,35.045841,1137.316528
unknown Tehachapi Wind Resource Area 1,-118.301491,35.079895,1452.479126
unknown Tehachapi Wind Resource Area 1,-118.379288,35.079796,1474.723389
unknown Tehachapi Wind Resource Area 1,-118.266617,35.059704,1095.555054
unknown Tehachapi Wind Resource Area 1,-118.38279,35.068497,1514.868408
unknown Tehachapi Wind Resource Area 1,-118.265488,35.074696,1155.132202
unknown Tehachapi Wind Resource Area 1,-118.264786,35.069595,1137.33374
unknown Tehachapi Wind Resource Area 1,-118.278885,35.070194,1179.205933
unknown Tehachapi Wind Resource Area 1,-118.252388,35.081795,1146.693481
unknown Tehachapi Wind Resource Area 1,-118.339691,35.066795,1367.848999
unknown Tehachapi Wind Resource Area 1,-118.341888,35.065395,1321.396973
unknown Tehachapi Wind Resource Area 1,-118.28949,35.068596,1245.973999
unknown Tehachapi Wind Resource Area 1,-118.280388,35.092995,1451.512695
unknown Tehachapi Wind Resource Area 1,-118.338287,35.066994,1364.374512
unknown Tehachapi Wind Resource Area 1,-118.301186,35.048695,1150.966187
unknown Tehachapi Wind Resource Area 1,-118.265488,35.098194,1411.607666
unknown Tehachapi Wind Resource Area 1,-118.385986,35.067696,1530.950684
unknown Tehachapi Wind Resource Area 1,-118.338219,35.066502,1356.229004
unknown Tehachapi Wind Resource Area 1,-118.340187,35.065796,1345.100098
unknown Tehachapi Wind Resource Area 1,-118.257889,35.072296,1124.934692
unknown Tehachapi Wind Resource Area 1,-118.265686,35.074493,1153.600708
unknown Tehachapi Wind Resource Area 1,-118.26519,35.068996,1135.408325
unknown Tehachapi Wind Resource Area 1,-118.339722,35.063744,1313.641602
unknown Tehachapi Wind Resource Area 1,-118.341187,35.066994,1377.020508
unknown Tehachapi Wind Resource Area 1,-118.274391,35.096394,1429.420288
unknown Tehachapi Wind Resource Area 1,-118.333092,35.067795,1364.092529
unknown Tehachapi Wind Resource Area 1,-118.264091,35.076096,1158.492676
unknown Tehachapi Wind Resource Area 1,-118.289391,35.073395,1277.476685
unknown Tehachapi Wind Resource Area 1,-118.262589,35.072697,1140.830566
unknown Tehachapi Wind Resource Area 1,-118.297287,35.051296,1167.245605
unknown Tehachapi Wind Resource Area 1,-118.333092,35.068096,1367.601074
unknown Tehachapi Wind Resource Area 1,-118.252487,35.074196,1112.046875
unknown Tehachapi Wind Resource Area 1,-118.257248,35.080421,1160.967773
unknown Tehachapi Wind Resource Area 1,-118.368179,35.072224,1500.013794
unknown Tehachapi Wind Resource Area 1,-118.279991,35.075096,1239.395386
unknown Tehachapi Wind Resource Area 1,-118.251389,35.077793,1119.998413
unknown Tehachapi Wind Resource Area 1,-118.245491,35.080994,1113.281128
unknown Tehachapi Wind Resource Area 1,-118.24099,35.103695,1270.022339
unknown Tehachapi Wind Resource Area 1,-118.369591,35.080093,1529.64978
unknown Tehachapi Wind Resource Area 1,-118.301186,35.048195,1151.12854
unknown Tehachapi Wind Resource Area 1,-118.263191,35.077995,1185.181152
unknown Tehachapi Wind Resource Area 1,-118.306587,35.044895,1142.467651
unknown Tehachapi Wind Resource Area 1,-118.341644,35.064522,1307.117065
unknown Tehachapi Wind Resource Area 1,-118.255089,35.078094,1140.25354
unknown Tehachapi Wind Resource Area 1,-118.246887,35.074993,1085.098633
unknown Tehachapi Wind Resource Area 1,-118.259285,35.077496,1156.734253
unknown Tehachapi Wind Resource Area 1,-118.278587,35.090794,1448.463623
unknown Tehachapi Wind Resource Area 1,-118.340927,35.065716,1338.789429
unknown Tehachapi Wind Resource Area 1,-118.305489,35.049397,1147.307495
unknown Tehachapi Wind Resource Area 1,-118.303886,35.049793,1158.224243
unknown Tehachapi Wind Resource Area 1,-118.376389,35.072594,1505.753174
unknown Tehachapi Wind Resource Area 1,-118.340286,35.066196,1355.014038
unknown Tehachapi Wind Resource Area 1,-118.245987,35.080494,1117.71582
unknown Tehachapi Wind Resource Area 1,-118.340233,35.066002,1350.580444
unknown Tehachapi Wind Resource Area 1,-118.266487,35.097496,1414.557617
unknown Tehachapi Wind Resource Area 1,-118.275787,35.076996,1238.026733
unknown Tehachapi Wind Resource Area 1,-118.267685,35.071594,1164.051636
unknown Tehachapi Wind Resource Area 1,-118.252289,35.074493,1113.172852
unknown Tehachapi Wind Resource Area 1,-118.383385,35.067696,1527.70874
unknown Tehachapi Wind Resource Area 1,-118.266991,35.097195,1417.514404
unknown Tehachapi Wind Resource Area 1,-118.338394,35.063046,1314.910522
unknown Tehachapi Wind Resource Area 1,-118.282188,35.069695,1187.600464
unknown Tehachapi Wind Resource Area 1,-118.339989,35.062729,1313.095825
unknown Tehachapi Wind Resource Area 1,-118.33149,35.073395,1423.533569
unknown Tehachapi Wind Resource Area 1,-118.371391,35.058895,1356.705444
unknown Tehachapi Wind Resource Area 1,-118.380791,35.071594,1514.486816
unknown Tehachapi Wind Resource Area 1,-118.344086,35.064396,1327.859497
unknown Tehachapi Wind Resource Area 1,-118.346588,35.030193,1305.813721
unknown Tehachapi Wind Resource Area 1,-118.246887,35.079494,1109.722534
unknown Tehachapi Wind Resource Area 1,-118.268486,35.070396,1153.462036
unknown Tehachapi Wind Resource Area 1,-118.262589,35.096893,1411.466064
unknown Tehachapi Wind Resource Area 1,-118.26329,35.096497,1426.564209
unknown Tehachapi Wind Resource Area 1,-118.323288,35.075394,1423.894043
unknown Tehachapi Wind Resource Area 1,-118.386589,35.067097,1524.741211
unknown Tehachapi Wind Resource Area 1,-118.315285,35.065697,1290.344482
unknown Tehachapi Wind Resource Area 1,-118.270889,35.095394,1429.993164
unknown Tehachapi Wind Resource Area 1,-118.312889,35.065895,1282.080444
unknown Tehachapi Wind Resource Area 1,-118.338341,35.063232,1314.471924
unknown Tehachapi Wind Resource Area 1,-118.262787,35.072495,1133.895142
unknown Tehachapi Wind Resource Area 1,-118.318192,35.059395,1253.366455
unknown Tehachapi Wind Resource Area 1,-118.299385,35.044796,1126.754395
unknown Tehachapi Wind Resource Area 1,-118.268684,35.070095,1155.484131
unknown Tehachapi Wind Resource Area 1,-118.252785,35.073696,1110.229858
unknown Tehachapi Wind Resource Area 1,-118.369789,35.079494,1531.934448
unknown Tehachapi Wind Resource Area 1,-118.304886,35.042694,1123.271484
unknown Tehachapi Wind Resource Area 1,-118.24749,35.078297,1104.458862
unknown Tehachapi Wind Resource Area 1,-118.369591,35.074196,1520.434937
unknown Tehachapi Wind Resource Area 1,-118.315491,35.065495,1287.657593
unknown Tehachapi Wind Resource Area 1,-118.295792,35.040295,1097.910278
unknown Tehachapi Wind Resource Area 1,-118.298088,35.046295,1139.650269
unknown Tehachapi Wind Resource Area 1,-118.305191,35.042397,1122.396606
unknown Tehachapi Wind Resource Area 1,-118.312889,35.064297,1279.614136
unknown Tehachapi Wind Resource Area 1,-118.303291,35.078594,1448.969482
unknown Tehachapi Wind Resource Area 1,-118.338585,35.064297,1320.554565
unknown Tehachapi Wind Resource Area 1,-118.368591,35.071693,1489.483276
unknown Tehachapi Wind Resource Area 1,-118.333984,35.069695,1390.510498
unknown Tehachapi Wind Resource Area 1,-118.28569,35.090694,1454.214233
unknown Tehachapi Wind Resource Area 1,-118.269485,35.068996,1151.67627
unknown Tehachapi Wind Resource Area 1,-118.333092,35.068394,1371.65686
unknown Tehachapi Wind Resource Area 1,-118.344101,35.061749,1303.415283
unknown Tehachapi Wind Resource Area 1,-118.370842,35.073112,1515.004883
unknown Tehachapi Wind Resource Area 1,-118.249687,35.080196,1125.895752
unknown Tehachapi Wind Resource Area 1,-118.293785,35.081097,1438.338501
unknown Tehachapi Wind Resource Area 1,-118.253891,35.079697,1139.230225
unknown Tehachapi Wind Resource Area 1,-118.297989,35.080494,1460.709473
unknown Tehachapi Wind Resource Area 1,-118.345085,35.062996,1328.469116
unknown Tehachapi Wind Resource Area 1,-118.332848,35.072861,1420.046753
unknown Tehachapi Wind Resource Area 1,-118.327591,35.070793,1407.021118
unknown Tehachapi Wind Resource Area 1,-118.338287,35.066895,1363.431885
unknown Tehachapi Wind Resource Area 1,-118.289185,35.069096,1250.365723
unknown Tehachapi Wind Resource Area 1,-118.279785,35.075394,1241.737061
unknown Tehachapi Wind Resource Area 1,-118.284889,35.091797,1444.257324
unknown Tehachapi Wind Resource Area 1,-118.339661,35.066395,1358.571899
unknown Tehachapi Wind Resource Area 1,-118.261986,35.079697,1184.586548
unknown Tehachapi Wind Resource Area 1,-118.255692,35.075497,1132.365723
unknown Tehachapi Wind Resource Area 1,-118.313889,35.061096,1258.479492
unknown Tehachapi Wind Resource Area 1,-118.279388,35.094597,1440.820923
unknown Tehachapi Wind Resource Area 1,-118.254684,35.078594,1137.255737
unknown Tehachapi Wind Resource Area 1,-118.28849,35.074596,1283.095337
unknown Tehachapi Wind Resource Area 1,-118.262192,35.079395,1184.720459
unknown Tehachapi Wind Resource Area 1,-118.268387,35.076393,1182.301636
unknown Tehachapi Wind Resource Area 1,-118.302887,35.044594,1125.667725
unknown Tehachapi Wind Resource Area 1,-118.326256,35.074745,1403.650269
unknown Tehachapi Wind Resource Area 1,-118.267288,35.072094,1162.732788
unknown Tehachapi Wind Resource Area 1,-118.316086,35.075394,1431.578125
unknown Tehachapi Wind Resource Area 1,-118.336891,35.071194,1411.277466
unknown Tehachapi Wind Resource Area 1,-118.273186,35.074196,1203.681396
unknown Tehachapi Wind Resource Area 1,-118.241486,35.081097,1090.103638
unknown Tehachapi Wind Resource Area 1,-118.270592,35.073296,1182.860352
unknown Tehachapi Wind Resource Area 1,-118.299088,35.045094,1133.10376
unknown Tehachapi Wind Resource Area 1,-118.259888,35.076694,1157.411987
unknown Tehachapi Wind Resource Area 1,-118.30706,35.044827,1137.68689
unknown Tehachapi Wind Resource Area 1,-118.37059,35.073196,1516.643066
unknown Tehachapi Wind Resource Area 1,-118.270889,35.072697,1182.209106
unknown Tehachapi Wind Resource Area 1,-118.29509,35.085297,1471.512939
unknown Tehachapi Wind Resource Area 1,-118.274086,35.070496,1180.61377
unknown Tehachapi Wind Resource Area 1,-118.271233,35.077011,1214.961304
unknown Tehachapi Wind Resource Area 1,-118.381287,35.070595,1535.919434
unknown Tehachapi Wind Resource Area 1,-118.25489,35.078396,1140.080444
unknown Tehachapi Wind Resource Area 1,-118.27816,35.071388,1188.132202
unknown Tehachapi Wind Resource Area 1,-118.238487,35.105896,1268.680176
unknown Tehachapi Wind Resource Area 1,-118.26709,35.072395,1161.789063
unknown Tehachapi Wind Resource Area 1,-118.367691,35.041393,1401.777588
unknown Tehachapi Wind Resource Area 1,-118.271286,35.072193,1181.101807
unknown Tehachapi Wind Resource Area 1,-118.312988,35.062294,1279.433472
unknown Tehachapi Wind Resource Area 1,-118.305588,35.051697,1179.257446
unknown Tehachapi Wind Resource Area 1,-118.245888,35.076096,1084.093018
unknown Tehachapi Wind Resource Area 1,-118.341133,35.066631,1370.541504
unknown Tehachapi Wind Resource Area 1,-118.297287,35.048595,1155.01123
unknown Tehachapi Wind Resource Area 1,-118.307587,35.051994,1173.278442
unknown Tehachapi Wind Resource Area 1,-118.39209,35.067097,1498.804688
unknown Tehachapi Wind Resource Area 1,-118.27269,35.074596,1203.00293
unknown Tehachapi Wind Resource Area 1,-118.23999,35.104595,1274.15271
unknown Tehachapi Wind Resource Area 1,-118.312691,35.063194,1275.891235
unknown Tehachapi Wind Resource Area 1,-118.383133,35.067936,1527.039063
unknown Tehachapi Wind Resource Area 1,-118.271484,35.071896,1181.18457
unknown Tehachapi Wind Resource Area 1,-118.279091,35.076496,1232.04187
unknown Tehachapi Wind Resource Area 1,-118.289886,35.068096,1238.915894
unknown Tehachapi Wind Resource Area 1,-118.293289,35.081295,1446.879883
unknown Tehachapi Wind Resource Area 1,-118.334991,35.071995,1419.178589
unknown Tehachapi Wind Resource Area 1,-118.254189,35.071896,1104.665405
unknown Tehachapi Wind Resource Area 1,-118.295189,35.040894,1101.469116
unknown Tehachapi Wind Resource Area 1,-118.298889,35.045395,1134.992188
unknown Tehachapi Wind Resource Area 1,-118.381691,35.070095,1529.452026
unknown Tehachapi Wind Resource Area 1,-118.319489,35.074394,1409.691528
unknown Tehachapi Wind Resource Area 1,-118.313286,35.061794,1273.442749
unknown Tehachapi Wind Resource Area 1,-118.248688,35.081795,1129.313354
unknown Tehachapi Wind Resource Area 1,-118.27829,35.091293,1448.7854
unknown Tehachapi Wind Resource Area 1,-118.300537,35.08316,1466.136841
unknown Tehachapi Wind Resource Area 1,-118.256088,35.074894,1129.880493
unknown Tehachapi Wind Resource Area 1,-118.267891,35.071297,1163.198242
unknown Tehachapi Wind Resource Area 1,-118.252586,35.081493,1146.110718
unknown Tehachapi Wind Resource Area 1,-118.30349,35.047894,1148.604736
unknown Tehachapi Wind Resource Area 1,-118.237885,35.106297,1266.855225
unknown Tehachapi Wind Resource Area 1,-118.244385,35.101295,1259.023682
unknown Tehachapi Wind Resource Area 1,-118.279091,35.095196,1434.074707
unknown Tehachapi Wind Resource Area 1,-118.339615,35.064102,1317.670044
unknown Tehachapi Wind Resource Area 1,-118.319885,35.060196,1264.952637
unknown Tehachapi Wind Resource Area 1,-118.318291,35.057796,1240.439575
unknown Tehachapi Wind Resource Area 1,-118.255486,35.075695,1132.919067
unknown Tehachapi Wind Resource Area 1,-118.306488,35.048496,1143.913452
unknown Tehachapi Wind Resource Area 1,-118.319786,35.060894,1275.365723
unknown Tehachapi Wind Resource Area 1,-118.333984,35.067993,1365.595215
unknown Tehachapi Wind Resource Area 1,-118.325554,35.074944,1407.411743
unknown Tehachapi Wind Resource Area 1,-118.318687,35.074596,1408.18689
unknown Tehachapi Wind Resource Area 1,-118.269989,35.068394,1149.967651
unknown Tehachapi Wind Resource Area 1,-118.24659,35.075294,1084.726685
unknown Tehachapi Wind Resource Area 1,-118.248985,35.081196,1127.009644
unknown Tehachapi Wind Resource Area 1,-118.338692,35.065296,1339.508789
unknown Tehachapi Wind Resource Area 1,-118.333588,35.072594,1420.89209
unknown Tehachapi Wind Resource Area 1,-118.31559,35.065193,1285.486816
unknown Tehachapi Wind Resource Area 1,-118.313789,35.061394,1269.700073
unknown Tehachapi Wind Resource Area 1,-118.37709,35.037895,1498.630737
unknown Tehachapi Wind Resource Area 1,-118.25399,35.072094,1105.292236
unknown Tehachapi Wind Resource Area 1,-118.341789,35.066196,1350.937012
unknown Tehachapi Wind Resource Area 1,-118.318985,35.060993,1263.739502
unknown Tehachapi Wind Resource Area 1,-118.33979,35.063595,1312.785767
unknown Tehachapi Wind Resource Area 1,-118.370003,35.073765,1519.982788
unknown Tehachapi Wind Resource Area 1,-118.340324,35.066414,1360.772339
unknown Tehachapi Wind Resource Area 1,-118.309792,35.048897,1165.239624
unknown Tehachapi Wind Resource Area 1,-118.281387,35.087196,1446.288208
unknown Tehachapi Wind Resource Area 1,-118.343819,35.061348,1297.987427
unknown Tehachapi Wind Resource Area 1,-118.344589,35.060894,1294.165771
unknown Tehachapi Wind Resource Area 1,-118.249191,35.080994,1126.93396
unknown Tehachapi Wind Resource Area 1,-118.248169,35.077236,1101.841309
unknown Tehachapi Wind Resource Area 1,-118.28009,35.074795,1236.616577
unknown Tehachapi Wind Resource Area 1,-118.345116,35.062855,1327.973877
unknown Tehachapi Wind Resource Area 1,-118.379486,35.079094,1474.530762
unknown Tehachapi Wind Resource Area 1,-118.26049,35.075294,1152.022461
unknown Tehachapi Wind Resource Area 1,-118.253571,35.080193,1145.164429
unknown Tehachapi Wind Resource Area 1,-118.272385,35.075497,1206.009155
unknown Tehachapi Wind Resource Area 1,-118.273689,35.073696,1203.018677
unknown Tehachapi Wind Resource Area 1,-118.257385,35.080196,1162.95874
unknown Tehachapi Wind Resource Area 1,-118.281891,35.069996,1198.129028
unknown Tehachapi Wind Resource Area 1,-118.28299,35.068996,1186.735474
unknown Tehachapi Wind Resource Area 1,-118.305885,35.052197,1184.947998
unknown Tehachapi Wind Resource Area 1,-118.382385,35.068996,1505.34375
unknown Tehachapi Wind Resource Area 1,-118.383636,35.072617,1471.785034
unknown Tehachapi Wind Resource Area 1,-118.383987,35.071194,1502.01001
unknown Tehachapi Wind Resource Area 1,-118.297287,35.049095,1157.627808
unknown Tehachapi Wind Resource Area 1,-118.34539,35.065193,1351.903564
unknown Tehachapi Wind Resource Area 1,-118.273987,35.070793,1182.670288
unknown Tehachapi Wind Resource Area 1,-118.26429,35.070396,1138.454346
unknown Tehachapi Wind Resource Area 1,-118.257591,35.079895,1162.012939
unknown Tehachapi Wind Resource Area 1,-118.252991,35.080994,1144.55249
unknown Tehachapi Wind Resource Area 1,-118.274284,35.070194,1177.861084
unknown Tehachapi Wind Resource Area 1,-118.269791,35.074596,1185.229858
unknown Tehachapi Wind Resource Area 1,-118.270187,35.068096,1148.593262
unknown Tehachapi Wind Resource Area 1,-118.262886,35.093796,1381.140625
unknown Tehachapi Wind Resource Area 1,-118.254486,35.071297,1100.881714
unknown Tehachapi Wind Resource Area 1,-118.344589,35.060696,1293.378296
unknown Tehachapi Wind Resource Area 1,-118.303787,35.049294,1156.703369
unknown Tehachapi Wind Resource Area 1,-118.297188,35.047695,1137.468628
unknown Tehachapi Wind Resource Area 1,-118.269585,35.074795,1189.663574
unknown Tehachapi Wind Resource Area 1,-118.27919,35.069897,1171.427612
unknown Tehachapi Wind Resource Area 1,-118.257988,35.072094,1121.158447
unknown Tehachapi Wind Resource Area 1,-118.254288,35.079193,1137.157959
unknown Tehachapi Wind Resource Area 1,-118.250687,35.099594,1282.976929
unknown Tehachapi Wind Resource Area 1,-118.261391,35.080196,1180.506958
unknown Tehachapi Wind Resource Area 1,-118.249123,35.075954,1105.867554
unknown Tehachapi Wind Resource Area 1,-118.345413,35.064396,1340.458618
unknown Tehachapi Wind Resource Area 1,-118.259987,35.076393,1149.590576
unknown Tehachapi Wind Resource Area 1,-118.24778,35.077728,1099.522095
unknown Tehachapi Wind Resource Area 1,-118.253685,35.079994,1142.05249
unknown Tehachapi Wind Resource Area 1,-118.344589,35.060493,1292.121582
unknown Tehachapi Wind Resource Area 1,-118.259491,35.096996,1360.624268
unknown Tehachapi Wind Resource Area 1,-118.368484,35.071896,1492.875854
unknown Tehachapi Wind Resource Area 1,-118.276192,35.075394,1229.702271
unknown Tehachapi Wind Resource Area 1,-118.262985,35.078297,1190.047729
unknown Tehachapi Wind Resource Area 1,-118.293884,35.087093,1454.842163
unknown Tehachapi Wind Resource Area 1,-118.25489,35.070793,1096.823608
unknown Tehachapi Wind Resource Area 1,-118.315392,35.063694,1267.629517
unknown Tehachapi Wind Resource Area 1,-118.319885,35.073994,1411.051636
unknown Tehachapi Wind Resource Area 1,-118.26609,35.073895,1154.678955
unknown Tehachapi Wind Resource Area 1,-118.263489,35.071396,1136.603882
unknown Tehachapi Wind Resource Area 1,-118.346291,35.030697,1307.512207
unknown Tehachapi Wind Resource Area 1,-118.309486,35.076595,1439.654175
unknown Tehachapi Wind Resource Area 1,-118.26889,35.069794,1154.717163
unknown Tehachapi Wind Resource Area 1,-118.258987,35.070793,1113.930298
unknown Tehachapi Wind Resource Area 1,-118.337791,35.070396,1406.855347
unknown Tehachapi Wind Resource Area 1,-118.262886,35.072193,1129.676147
unknown Tehachapi Wind Resource Area 1,-118.258186,35.071796,1116.445557
unknown Tehachapi Wind Resource Area 1,-118.263786,35.076595,1175.580566
unknown Tehachapi Wind Resource Area 1,-118.278992,35.090294,1445.879395
unknown Tehachapi Wind Resource Area 1,-118.345375,35.060665,1290.300659
unknown Tehachapi Wind Resource Area 1,-118.364388,35.056995,1340.360107
unknown Tehachapi Wind Resource Area 1,-118.340088,35.068497,1399.318115
unknown Tehachapi Wind Resource Area 1,-118.303986,35.052197,1167.848022
unknown Tehachapi Wind Resource Area 1,-118.253387,35.080494,1146.019165
unknown Tehachapi Wind Resource Area 1,-118.386292,35.067394,1526.619995
unknown Tehachapi Wind Resource Area 1,-118.38089,35.071896,1510.812744
unknown Tehachapi Wind Resource Area 1,-118.25119,35.078094,1123.840454
unknown Tehachapi Wind Resource Area 1,-118.269386,35.075096,1189.976685
unknown Tehachapi Wind Resource Area 1,-118.289391,35.068893,1248.902344
unknown Tehachapi Wind Resource Area 1,-118.251587,35.077496,1117.254517
unknown Tehachapi Wind Resource Area 1,-118.253685,35.097595,1305.866577
unknown Tehachapi Wind Resource Area 1,-118.317787,35.066196,1289.326416
unknown Tehachapi Wind Resource Area 1,-118.243088,35.101994,1257.78479
unknown Tehachapi Wind Resource Area 1,-118.26799,35.094296,1439.665527
unknown Tehachapi Wind Resource Area 1,-118.261688,35.073994,1144.726563
unknown Tehachapi Wind Resource Area 1,-118.34539,35.061195,1300.646484
unknown Tehachapi Wind Resource Area 1,-118.278687,35.070595,1190.768799
unknown Tehachapi Wind Resource Area 1,-118.301186,35.049095,1154.574707
unknown Tehachapi Wind Resource Area 1,-118.269791,35.068695,1150.977539
unknown Tehachapi Wind Resource Area 1,-118.271088,35.072495,1181.720093
unknown Tehachapi Wind Resource Area 1,-118.315689,35.064896,1281.615356
unknown Tehachapi Wind Resource Area 1,-118.303886,35.050297,1163.409912
unknown Tehachapi Wind Resource Area 1,-118.24839,35.076996,1106.257813
unknown Tehachapi Wind Resource Area 1,-118.340988,35.066093,1351.368286
unknown Tehachapi Wind Resource Area 1,-118.36895,35.073147,1501.991577
unknown Tehachapi Wind Resource Area 1,-118.27079,35.072994,1183.924561
unknown Tehachapi Wind Resource Area 1,-118.277786,35.071995,1194.451416
unknown Tehachapi Wind Resource Area 3,-118.28669,35.048996,1123.623047
unknown Tehachapi Wind Resource Area 3,-118.279686,35.050396,1107.075562
unknown Tehachapi Wind Resource Area 3,-118.28199,35.047794,1102.190674
unknown Tehachapi Wind Resource Area 3,-118.287186,35.048496,1122.380737
unknown Tehachapi Wind Resource Area 3,-118.292992,35.048595,1145.499634
unknown Tehachapi Wind Resource Area 3,-118.275688,35.047894,1081.299561
unknown Tehachapi Wind Resource Area 3,-118.294685,35.043995,1119.047729
unknown Tehachapi Wind Resource Area 3,-118.309685,35.045795,1146.648682
unknown Tehachapi Wind Resource Area 3,-118.301987,35.046394,1145.52002
unknown Tehachapi Wind Resource Area 3,-118.294289,35.046894,1136.849976
unknown Tehachapi Wind Resource Area 3,-118.290085,35.051395,1158.108765
unknown Tehachapi Wind Resource Area 3,-118.27739,35.045795,1080.201782
unknown Tehachapi Wind Resource Area 3,-118.289589,35.051895,1152.443237
unknown Tehachapi Wind Resource Area 3,-118.276085,35.050995,1107.567627
unknown Tehachapi Wind Resource Area 3,-118.298386,35.049496,1151.768066
unknown Tehachapi Wind Resource Area 3,-118.275589,35.051495,1098.192261
unknown Tehachapi Wind Resource Area 3,-118.297791,35.050194,1165.42395
unknown Tehachapi Wind Resource Area 3,-118.28009,35.049995,1107.597534
unknown Tehachapi Wind Resource Area 3,-118.278389,35.051895,1112.045898
unknown Tehachapi Wind Resource Area 3,-118.297287,35.051796,1174.006958
unknown Tehachapi Wind Resource Area 3,-118.293587,35.047596,1145.198242
unknown Tehachapi Wind Resource Area 3,-118.275185,35.051994,1093.537231
unknown Tehachapi Wind Resource Area 3,-118.294487,35.044895,1126.983398
unknown Tehachapi Wind Resource Area 3,-118.307991,35.047997,1159.167603
unknown Tehachapi Wind Resource Area 3,-118.288185,35.047394,1117.37561
unknown Tehachapi Wind Resource Area 3,-118.302284,35.045593,1144.894287
unknown Tehachapi Wind Resource Area 3,-118.28389,35.051994,1126.968018
unknown Tehachapi Wind Resource Area 3,-118.257591,35.097195,1328.108398
unknown Tehachapi Wind Resource Area 3,-118.285789,35.049995,1124.123413
unknown Tehachapi Wind Resource Area 3,-118.275291,35.048393,1081.467041
unknown Tehachapi Wind Resource Area 3,-118.309288,35.050297,1172.766113
unknown Tehachapi Wind Resource Area 3,-118.276588,35.046795,1080.707764
unknown Tehachapi Wind Resource Area 3,-118.273392,35.051994,1106.032471
unknown Tehachapi Wind Resource Area 3,-118.308891,35.046795,1148.695679
unknown Tehachapi Wind Resource Area 3,-118.286186,35.049595,1124.910156
unknown Tehachapi Wind Resource Area 3,-118.272789,35.052395,1102.36377
unknown Tehachapi Wind Resource Area 3,-118.287689,35.047894,1121.946045
unknown Tehachapi Wind Resource Area 3,-118.302086,35.049896,1160.173462
unknown Tehachapi Wind Resource Area 3,-118.276192,35.047295,1080.875366
unknown Tehachapi Wind Resource Area 3,-118.255585,35.097595,1301.57959
unknown Tehachapi Wind Resource Area 3,-118.285286,35.050495,1124.613647
unknown Tehachapi Wind Resource Area 3,-118.309685,35.049793,1177.916992
unknown Tehachapi Wind Resource Area 3,-118.301392,35.051697,1179.459595
unknown Tehachapi Wind Resource Area 3,-118.301086,35.047497,1150.576172
unknown Tehachapi Wind Resource Area 3,-118.301491,35.046993,1145.276123
unknown Tehachapi Wind Resource Area 3,-118.294388,35.045895,1133.366699
unknown Tehachapi Wind Resource Area 3,-118.284889,35.050896,1127.2052
unknown Tehachapi Wind Resource Area 3,-118.257591,35.096695,1338.485596
unknown Tehachapi Wind Resource Area 3,-118.309288,35.046394,1143.171997
unknown Tehachapi Wind Resource Area 3,-118.308891,35.050797,1168.765381
unknown Tehachapi Wind Resource Area 3,-118.290489,35.050896,1162.230103
unknown Tehachapi Wind Resource Area 3,-118.279289,35.050896,1106.91748
unknown Tehachapi Wind Resource Area 3,-118.308388,35.051495,1176.279419
unknown Tehachapi Wind Resource Area 3,-118.278885,35.051395,1107.373047
unknown Tehachapi Wind Resource Area 3,-118.308487,35.047394,1162.792114
unknown Tehachapi Wind Resource Area 3,-118.284485,35.051395,1126.852417
unknown Tehachapi Wind Resource Area 3,-118.291084,35.050297,1151.694214
unknown Tehachapi Wind Resource Area 3,-118.257088,35.097496,1312.989746
unknown Tehachapi Wind Resource Area 3,-118.276985,35.046295,1080.475342
unknown Torrance County,-105.6306,34.320011,1970.264282
unknown Torrance County,-105.548531,34.363827,1969.648071
unknown Torrance County,-105.619759,34.357231,1942.0625
unknown Torrance County,-105.597397,34.388546,1933.299438
unknown Torrance County,-105.608795,34.396389,1926.688354
unknown Torrance County,-105.571533,34.349945,1966.942993
unknown Torrance County,-105.573883,34.313259,1968.253906
unknown Torrance County,-105.684662,34.994778,2161.511963
unknown Torrance County,-105.614182,34.378658,1935.824585
unknown Torrance County,-105.492569,34.295017,1973.728638
unknown Torrance County,-105.468857,34.310406,1943.31604
unknown Torrance County,-105.53933,34.325706,1953.912354
unknown Torrance County,-105.668076,34.351234,1963.380493
unknown Torrance County,-105.67202,34.329514,1975.065918
unknown Torrance County,-105.561928,34.394745,1915.16394
unknown Torrance County,-105.762932,34.945866,2076.308594
unknown Torrance County,-105.64856,34.366982,1954.394653
unknown Torrance County,-105.547928,34.381588,1946.124512
unknown Torrance County,-105.661369,34.35751,1958.548462
unknown Torrance County,-105.498062,34.312363,1949.075562
unknown Torrance County,-105.724716,34.895599,2092.341797
unknown Torrance County,-105.555458,34.378216,1949.150635
unknown Torrance County,-105.49205,34.266548,1953.820801
unknown Torrance County,-105.598717,34.36631,1944.876831
unknown Torrance County,-105.581917,34.375687,1923.624146
unknown Torrance County,-105.668007,34.399582,1942.771606
unknown Torrance County,-105.54837,34.387012,1949.778442
unknown Torrance County,-105.7416,34.902901,2104.66626
unknown Torrance County,-105.625977,34.316414,1978.125854
unknown Torrance County,-105.654114,34.997269,2148.448242
unknown Torrance County,-105.574348,34.309715,1973.348511
unknown Torrance County,-105.681763,34.858109,2132.937988
unknown Torrance County,-105.59211,34.345303,1951.5802
unknown Torrance County,-105.630524,34.32357,1965.896118
unknown Torrance County,-105.647263,35.025925,2136.740234
unknown Torrance County,-105.37516,34.943138,1905.436768
unknown Torrance County,-105.604927,34.381229,1936.711792
unknown Torrance County,-105.571297,34.299175,1986.963867
unknown Torrance County,-105.578705,34.396191,1930.335205
unknown Torrance County,-105.630493,34.330692,1959.683838
unknown Torrance County,-105.591576,34.320663,1983.204712
unknown Torrance County,-105.622528,34.858849,2104.791992
unknown Torrance County,-105.589264,34.31596,1984.381836
unknown Torrance County,-105.724609,34.884869,2097.838623
unknown Torrance County,-105.741982,34.907894,2109.681396
unknown Torrance County,-105.624519,34.350784,1947.030396
unknown Torrance County,-105.624359,34.375721,1934.625488
unknown Torrance County,-105.568443,34.342552,1984.062744
unknown Torrance County,-105.62603,34.312828,1979.756714
unknown Torrance County,-105.464798,34.315384,1932.351318
unknown Torrance County,-105.496956,34.308884,1954.229248
unknown Torrance County,-105.375603,34.952061,1895.224365
unknown Torrance County,-105.495667,34.279083,1975.069214
unknown Torrance County,-105.694832,34.343872,1962.831909
unknown Torrance County,-105.492058,34.263054,1941.949219
unknown Torrance County,-105.565987,34.369202,1938.795044
unknown Torrance County,-105.630531,34.32719,1963.181641
unknown Torrance County,-105.459511,34.289696,1959.830444
unknown Torrance County,-105.587914,34.398464,1929.989746
unknown Torrance County,-105.669128,34.31448,1983.952759
unknown Torrance County,-105.49292,34.301991,1973.104248
unknown Torrance County,-105.667282,34.384888,1954.05835
unknown Torrance County,-105.636208,34.99168,2131.634766
unknown Torrance County,-105.654762,34.389168,1952.564209
unknown Torrance County,-105.548721,34.391479,1935.515625
unknown Torrance County,-105.574387,34.353619,1954.718628
unknown Torrance County,-105.473663,34.279671,1940.019897
unknown Torrance County,-105.571289,34.295681,1993.347412
unknown Torrance County,-105.553329,34.351662,1979.611328
unknown Torrance County,-105.493652,34.305489,1967.018433
unknown Torrance County,-105.49205,34.270088,1962.980591
unknown Torrance County,-105.592079,34.333996,1968.588623
unknown Torrance County,-105.591599,34.300606,2158.783691
unknown Torrance County,-105.493858,34.287769,1958.898804
unknown Torrance County,-105.72123,35.01535,2122.009766
unknown Torrance County,-105.495621,34.275532,2002.848633
unknown Torrance County,-105.608635,34.320431,1994.729248
unknown Torrance County,-105.55896,34.30621,1965.156982
unknown Torrance County,-105.581306,34.385735,1920.027466
unknown Torrance County,-105.666023,34.867477,2112.672119
unknown Torrance County,-105.630547,34.334232,1955.275757
unknown Torrance County,-105.592178,34.330257,1973.518188
unknown Torrance County,-105.473648,34.276131,1941.964722
unknown Torrance County,-105.625992,34.309208,1982.014526
unknown Torrance County,-105.630577,34.337723,1952.598267
unknown Torrance County,-105.630508,34.362648,1941.080566
unknown Torrance County,-105.657417,34.374542,1959.235352
unknown Torrance County,-105.577744,34.357273,1953.129517
unknown Torrance County,-105.673584,34.343155,1968.256226
unknown Torrance County,-105.569038,34.288624,1999.022583
unknown Torrance County,-105.492599,34.298519,1976.417603
unknown Torrance County,-105.475967,34.303421,1959.175049
unknown Torrance County,-105.546509,34.355515,1960.033569
unknown Torrance County,-105.734528,34.916733,2113.215088
unknown Torrance County,-105.58223,34.364693,1941.230957
unknown Torrance County,-105.66851,34.394131,1950.465332
unknown Torrance County,-105.573624,34.316368,1965.360962
unknown Torrance County,-105.69088,34.332371,1973.514648
unknown Torrance County,-105.623772,34.864227,2100.807373
unknown Torrance County,-105.650879,34.381306,1948.511963
unknown Torrance County,-105.597336,34.370571,1943.087646
unknown Torrance County,-105.648499,34.867882,2111.328613
unknown Torrance County,-105.306953,34.686638,1887.338257
unknown Torrance County,-105.573601,34.320309,1964.062744
unknown Torrance County,-105.630646,34.344711,1947.970093
unknown Torrance County,-105.498611,34.315876,1944.519043
unknown Torrance County,-105.661339,34.306389,1987.275757
unknown Torrance County,-105.606636,34.385918,1936.423462
unknown Torrance County,-105.653168,35.032581,2148.273682
unknown Torrance County,-105.59201,34.341564,1957.336304
unknown Torrance County,-105.363792,34.367573,1871.683716
unknown Torrance County,-105.625023,34.370075,1936.602661
unknown Torrance County,-105.608734,34.391563,1928.396606
unknown Torrance County,-105.572525,34.33746,1977.862061
unknown Torrance County,-105.555222,34.399059,1922.911621
unknown Torrance County,-105.552887,34.407734,1900.365845
unknown Torrance County,-105.56691,34.380833,1924.280396
unknown Torrance County,-105.650146,34.403679,1941.662476
unknown Torrance County,-105.38871,34.938419,1906.19458
unknown Torrance County,-105.624268,34.388752,1926.773804
unknown Torrance County,-105.609169,34.327713,1969.158691
unknown Torrance County,-105.473663,34.283245,1944.307007
unknown Torrance County,-105.648605,34.361061,1957.315796
unknown Torrance County,-105.592026,34.337753,1962.099854
unknown Torrance County,-105.600433,34.393982,1929.82959
unknown Torrance County,-105.56353,34.389553,1918.242065
unknown Torrance County,-105.677391,34.320297,1985.447144
unknown Torrance County,-105.547493,34.319386,1952.890991
unknown Torrance County,-105.623947,34.381516,1933.406738
unknown Torrance County,-105.605522,34.376736,1927.528198
unknown Torrance County,-105.557114,34.383808,1931.070435
unknown Torrance County,-105.710739,35.019005,2128.755859
unknown Torrance County,-105.534821,34.331585,1956.415649
unknown Torrance County,-105.573631,34.323845,1962.197876
unknown Torrance County,-105.605652,34.357571,1943.943848
unknown Torrance County,-105.657387,34.320343,1976.910034
unknown Torrance County,-105.579758,34.361,1949.244507
unknown Torrance County,-105.549049,34.341038,1970.533691
unknown Torrance County,-105.688263,34.325771,1979.713501
unknown Torrance County,-105.58342,34.392075,1929.385498
unknown Torrance County,-105.601692,34.362324,1945.083252
unknown Torrance County,-105.493874,34.28413,1963.465576
unknown Torrance County,-105.571335,34.302696,1978.672729
unknown Torrance County,-105.606636,34.351875,1948.177856
unknown Torrance County,-105.630608,34.341225,1950.182617
unknown Torrance County,-105.468048,34.292763,1965.127319
unknown Torrance County,-105.565544,34.362812,1952.162598
unknown Torrance County,-105.552124,34.373581,1962.352051
unknown Torrance County,-105.574318,34.30616,1980.004639
unknown Torrance County,-105.651588,34.398087,1951.145142
unknown Torrance County,-105.477509,34.29863,2003.561401
unknown Torrance County,-105.390587,34.931274,1908.010742
unknown Torrance County,-105.613098,34.342918,1948.76062
unknown Torrance County,-105.493637,34.291466,1967.165771
unknown Torrance County,-105.569069,34.292168,1992.031616
unknown Torrance County,-105.574745,34.372131,1921.520874
unknown Tulare County,-119.329895,36.16758,78.78057861
unknown Union County,-103.149094,36.453495,1515.070557
unknown Union County,-103.132591,36.464596,1509.826538
unknown Utah County,-111.5905,40.084446,1468.221436
unknown Utah County,-111.589981,40.083641,1470.606812
unknown Utah County,-111.590919,40.084087,1468.708984
unknown Ventura County,-119.472687,33.231766,219.9752808
unknown Ventura County,-119.474289,33.232086,217.228241
unknown Ventura County,-119.476494,33.230885,231.058609
unknown Ventura County,-119.469971,33.231026,221.6365051
unknown Ventura County,-119.468391,33.23035,216.9489136
unknown Ventura County,-119.471519,33.231506,225.1989136
unknown Ventura County,-119.475571,33.23122,227.4508514
unknown Walla Walla County,-118.273262,46.078655,357.5296631
unknown Walla Walla County,-118.272552,46.07864,358.3025818
unknown Washington County,-103.1744,40.149403,1394.684204
unknown Washington County,-103.172028,40.14883,1393.101318
unknown Yuma County,-102.717171,40.035072,1267.276733
unknown Yuma County,-102.716949,40.037548,1264.893921
